cell,intensity_from,intensity_to,branch,time_s,vm_mv
Mi1,0.1,0.5,positive,-0.925,1.3513513513513513
Mi1,0.1,0.5,positive,-0.9,2.162162162162162
Mi1,0.1,0.5,positive,-0.875,2.972972972972973
Mi1,0.1,0.5,positive,-0.85,2.162162162162162
Mi1,0.1,0.5,positive,-0.825,0.8108108108108107
Mi1,0.1,0.5,positive,-0.8,0.8108108108108107
Mi1,0.1,0.5,positive,-0.775,0.27027027027027023
Mi1,0.1,0.5,positive,-0.75,0.27027027027027023
Mi1,0.1,0.5,positive,-0.725,0.27027027027027023
Mi1,0.1,0.5,negative,-0.725,-0.27027027027027023
Mi1,0.1,0.5,positive,-0.7,0.27027027027027023
Mi1,0.1,0.5,negative,-0.7,-0.27027027027027023
Mi1,0.1,0.5,negative,-0.675,-1.081081081081081
Mi1,0.1,0.5,positive,-0.65,0.27027027027027023
Mi1,0.1,0.5,negative,-0.65,-1.8918918918918919
Mi1,0.1,0.5,negative,-0.625,-1.6216216216216215
Mi1,0.1,0.5,negative,-0.6,-0.27027027027027023
Mi1,0.1,0.5,negative,-0.575,-0.5405405405405405
Mi1,0.1,0.5,negative,-0.55,-0.5405405405405405
Mi1,0.1,0.5,positive,-0.525,0.27027027027027023
Mi1,0.1,0.5,negative,-0.525,-0.27027027027027023
Mi1,0.1,0.5,negative,-0.5,-0.27027027027027023
Mi1,0.1,0.5,negative,-0.475,-0.5405405405405405
Mi1,0.1,0.5,negative,-0.45,-0.27027027027027023
Mi1,0.1,0.5,positive,-0.425,0.27027027027027023
Mi1,0.1,0.5,negative,-0.425,-0.5405405405405405
Mi1,0.1,0.5,positive,-0.4,0.27027027027027023
Mi1,0.1,0.5,negative,-0.4,-0.27027027027027023
Mi1,0.1,0.5,positive,-0.375,0.27027027027027023
Mi1,0.1,0.5,negative,-0.375,-0.27027027027027023
Mi1,0.1,0.5,positive,-0.35,0.27027027027027023
Mi1,0.1,0.5,negative,-0.35,-0.5405405405405405
Mi1,0.1,0.5,positive,-0.325,0.27027027027027023
Mi1,0.1,0.5,negative,-0.325,-0.5405405405405405
Mi1,0.1,0.5,positive,-0.3,2.162162162162162
Mi1,0.1,0.5,positive,-0.275,1.081081081081081
Mi1,0.1,0.5,negative,-0.275,-0.27027027027027023
Mi1,0.1,0.5,positive,-0.25,1.081081081081081
Mi1,0.1,0.5,negative,-0.25,-0.27027027027027023
Mi1,0.1,0.5,negative,-0.225,-1.081081081081081
Mi1,0.1,0.5,positive,-0.2,1.081081081081081
Mi1,0.1,0.5,negative,-0.2,-0.5405405405405405
Mi1,0.1,0.5,positive,-0.175,1.081081081081081
Mi1,0.1,0.5,negative,-0.175,-0.27027027027027023
Mi1,0.1,0.5,positive,-0.15,0.27027027027027023
Mi1,0.1,0.5,positive,-0.125,0.27027027027027023
Mi1,0.1,0.5,negative,-0.125,-0.8108108108108107
Mi1,0.1,0.5,positive,-0.1,0.27027027027027023
Mi1,0.1,0.5,negative,-0.1,-0.5405405405405405
Mi1,0.1,0.5,negative,-0.075,-1.6216216216216215
Mi1,0.1,0.5,positive,-0.05,0.27027027027027023
Mi1,0.1,0.5,negative,-0.05,-1.6216216216216215
Mi1,0.1,0.5,positive,-0.025,0.5405405405405405
Mi1,0.1,0.5,negative,-0.025,-1.8918918918918919
Mi1,0.1,0.5,negative,0.0,-1.081081081081081
Mi1,0.1,0.5,negative,0.025,-1.3513513513513513
Mi1,0.1,0.5,positive,0.05,0.27027027027027023
Mi1,0.1,0.5,negative,0.05,-2.162162162162162
Mi1,0.1,0.5,positive,0.075,0.27027027027027023
Mi1,0.1,0.5,negative,0.075,-0.27027027027027023
Mi1,0.1,0.5,positive,0.1,0.27027027027027023
Mi1,0.1,0.5,negative,0.1,-2.162162162162162
Mi1,0.1,0.5,positive,0.125,14.324324324324323
Mi1,0.1,0.5,negative,0.125,-2.972972972972973
Mi1,0.1,0.5,positive,0.15,18.64864864864865
Mi1,0.1,0.5,negative,0.15,-3.243243243243243
Mi1,0.1,0.5,positive,0.175,20.81081081081081
Mi1,0.1,0.5,negative,0.175,-3.243243243243243
Mi1,0.1,0.5,positive,0.2,21.35135135135135
Mi1,0.1,0.5,negative,0.2,-3.513513513513513
Mi1,0.1,0.5,positive,0.225,21.89189189189189
Mi1,0.1,0.5,negative,0.225,-3.513513513513513
Mi1,0.1,0.5,positive,0.25,23.243243243243242
Mi1,0.1,0.5,negative,0.25,-4.594594594594595
Mi1,0.1,0.5,positive,0.275,23.243243243243242
Mi1,0.1,0.5,negative,0.275,-4.594594594594595
Mi1,0.1,0.5,positive,0.3,23.243243243243242
Mi1,0.1,0.5,negative,0.3,-5.405405405405405
Mi1,0.1,0.5,positive,0.325,22.16216216216216
Mi1,0.1,0.5,negative,0.325,-5.675675675675675
Mi1,0.1,0.5,positive,0.35,22.16216216216216
Mi1,0.1,0.5,negative,0.35,-5.945945945945946
Mi1,0.1,0.5,positive,0.375,21.89189189189189
Mi1,0.1,0.5,negative,0.375,-6.216216216216216
Mi1,0.1,0.5,positive,0.4,21.62162162162162
Mi1,0.1,0.5,negative,0.4,-6.216216216216216
Mi1,0.1,0.5,positive,0.425,21.62162162162162
Mi1,0.1,0.5,negative,0.425,-6.216216216216216
Mi1,0.1,0.5,positive,0.45,21.08108108108108
Mi1,0.1,0.5,negative,0.45,-6.756756756756756
Mi1,0.1,0.5,positive,0.475,20.81081081081081
Mi1,0.1,0.5,negative,0.475,-6.486486486486486
Mi1,0.1,0.5,positive,0.5,20.81081081081081
Mi1,0.1,0.5,negative,0.5,-6.486486486486486
Mi1,0.1,0.5,positive,0.525,20.81081081081081
Mi1,0.1,0.5,negative,0.525,-6.486486486486486
Mi1,0.1,0.5,positive,0.55,21.62162162162162
Mi1,0.1,0.5,negative,0.55,-6.486486486486486
Mi1,0.1,0.5,positive,0.575,21.62162162162162
Mi1,0.1,0.5,negative,0.575,-6.216216216216216
Mi1,0.1,0.5,positive,0.6,21.62162162162162
Mi1,0.1,0.5,negative,0.6,-6.216216216216216
Mi1,0.1,0.5,positive,0.625,21.89189189189189
Mi1,0.1,0.5,negative,0.625,-6.486486486486486
Mi1,0.1,0.5,positive,0.65,21.35135135135135
Mi1,0.1,0.5,negative,0.65,-6.486486486486486
Mi1,0.1,0.5,positive,0.675,20.0
Mi1,0.1,0.5,negative,0.675,-6.756756756756756
Mi1,0.1,0.5,positive,0.7,19.72972972972973
Mi1,0.1,0.5,negative,0.7,-6.756756756756756
Mi1,0.1,0.5,positive,0.725,19.72972972972973
Mi1,0.1,0.5,negative,0.725,-6.756756756756756
Mi1,0.1,0.5,positive,0.75,19.72972972972973
Mi1,0.1,0.5,negative,0.75,-6.756756756756756
Mi1,0.1,0.5,positive,0.775,17.83783783783784
Mi1,0.1,0.5,negative,0.775,-6.756756756756756
Mi1,0.1,0.5,positive,0.8,16.756756756756754
Mi1,0.1,0.5,negative,0.8,-6.486486486486486
Mi1,0.1,0.5,positive,0.825,15.405405405405405
Mi1,0.1,0.5,negative,0.825,-6.486486486486486
Mi1,0.1,0.5,positive,0.85,14.324324324324323
Mi1,0.1,0.5,negative,0.85,-6.216216216216216
Mi1,0.1,0.5,positive,0.875,13.513513513513512
Mi1,0.1,0.5,negative,0.875,-6.216216216216216
Mi1,0.1,0.5,positive,0.9,12.702702702702702
Mi1,0.1,0.5,negative,0.9,-6.216216216216216
Mi1,0.1,0.5,positive,0.925,12.702702702702702
Mi1,0.1,0.5,negative,0.925,-6.216216216216216
Mi1,0.1,0.5,positive,0.95,12.702702702702702
Mi1,0.1,0.5,negative,0.95,-6.216216216216216
Mi1,0.1,0.5,positive,0.975,12.702702702702702
Mi1,0.1,0.5,negative,0.975,-6.216216216216216
Mi1,0.1,0.5,positive,1.0,12.972972972972972
Mi1,0.1,0.5,negative,1.0,-6.216216216216216
Mi1,0.1,0.5,positive,1.025,13.783783783783782
Mi1,0.1,0.5,negative,1.025,-6.216216216216216
Mi1,0.1,0.5,positive,1.05,14.054054054054053
Mi1,0.1,0.5,negative,1.05,-6.756756756756756
Mi1,0.1,0.5,positive,1.075,13.513513513513512
Mi1,0.1,0.5,negative,1.075,-6.486486486486486
Mi1,0.1,0.5,positive,1.1,13.513513513513512
Mi1,0.1,0.5,negative,1.1,-6.486486486486486
Mi1,0.1,0.5,positive,1.125,15.135135135135135
Mi1,0.1,0.5,negative,1.125,-6.756756756756756
Mi1,0.1,0.5,positive,1.15,15.675675675675675
Mi1,0.1,0.5,negative,1.15,-7.297297297297297
Mi1,0.1,0.5,positive,1.175,16.486486486486484
Mi1,0.1,0.5,negative,1.175,-7.297297297297297
Mi1,0.1,0.5,positive,1.2,15.675675675675675
Mi1,0.1,0.5,negative,1.2,-7.027027027027026
Mi1,0.1,0.5,positive,1.225,15.135135135135135
Mi1,0.1,0.5,negative,1.225,-7.027027027027026
Mi1,0.1,0.5,positive,1.25,14.864864864864865
Mi1,0.1,0.5,negative,1.25,-7.027027027027026
Mi1,0.1,0.5,positive,1.275,13.783783783783782
Mi1,0.1,0.5,negative,1.275,-7.027027027027026
Mi1,0.1,0.5,positive,1.3,13.513513513513512
Mi1,0.1,0.5,negative,1.3,-7.027027027027026
Mi1,0.1,0.5,positive,1.325,12.702702702702702
Mi1,0.1,0.5,negative,1.325,-6.756756756756756
Mi1,0.1,0.5,positive,1.35,11.891891891891891
Mi1,0.1,0.5,negative,1.35,-7.027027027027026
Mi1,0.1,0.5,positive,1.375,10.54054054054054
Mi1,0.1,0.5,negative,1.375,-7.027027027027026
Mi1,0.1,0.5,positive,1.4,10.0
Mi1,0.1,0.5,negative,1.4,-7.297297297297297
Mi1,0.1,0.5,positive,1.425,10.0
Mi1,0.1,0.5,negative,1.425,-7.297297297297297
Mi1,0.1,0.5,positive,1.45,10.27027027027027
Mi1,0.1,0.5,negative,1.45,-7.027027027027026
Mi1,0.1,0.5,positive,1.475,10.0
Mi1,0.1,0.5,negative,1.475,-7.027027027027026
Mi1,0.1,0.5,positive,1.5,8.108108108108107
Mi1,0.1,0.5,negative,1.5,-7.027027027027026
Mi1,0.1,0.5,positive,1.525,8.108108108108107
Mi1,0.1,0.5,negative,1.525,-7.297297297297297
Mi1,0.1,0.5,positive,1.55,8.108108108108107
Mi1,0.1,0.5,negative,1.55,-7.297297297297297
Mi1,0.1,0.5,positive,1.575,7.837837837837838
Mi1,0.1,0.5,negative,1.575,-7.027027027027026
Mi1,0.1,0.5,positive,1.6,6.486486486486486
Mi1,0.1,0.5,negative,1.6,-6.756756756756756
Mi1,0.1,0.5,positive,1.625,6.486486486486486
Mi1,0.1,0.5,negative,1.625,-6.756756756756756
Mi1,0.1,0.5,positive,1.65,6.216216216216216
Mi1,0.1,0.5,negative,1.65,-7.027027027027026
Mi1,0.1,0.5,positive,1.675,6.486486486486486
Mi1,0.1,0.5,negative,1.675,-6.756756756756756
Mi1,0.1,0.5,positive,1.7,7.297297297297297
Mi1,0.1,0.5,negative,1.7,-6.756756756756756
Mi1,0.1,0.5,positive,1.725,7.297297297297297
Mi1,0.1,0.5,negative,1.725,-6.486486486486486
Mi1,0.1,0.5,positive,1.75,7.5675675675675675
Mi1,0.1,0.5,negative,1.75,-6.756756756756756
Mi1,0.1,0.5,positive,1.775,7.5675675675675675
Mi1,0.1,0.5,negative,1.775,-6.756756756756756
Mi1,0.1,0.5,positive,1.8,7.297297297297297
Mi1,0.1,0.5,negative,1.8,-6.756756756756756
Mi1,0.1,0.5,positive,1.825,6.486486486486486
Mi1,0.1,0.5,negative,1.825,-6.756756756756756
Mi1,0.1,0.5,positive,1.85,6.216216216216216
Mi1,0.1,0.5,negative,1.85,-6.756756756756756
Mi1,0.1,0.5,positive,1.875,7.027027027027026
Mi1,0.1,0.5,negative,1.875,-6.486486486486486
Mi1,0.1,0.5,positive,1.9,8.91891891891892
Mi1,0.1,0.5,negative,1.9,-6.486486486486486
Mi1,0.1,0.5,positive,1.925,8.648648648648647
Mi1,0.1,0.5,negative,1.925,-6.486486486486486
Mi1,0.1,0.5,positive,1.95,7.5675675675675675
Mi1,0.1,0.5,negative,1.95,-6.486486486486486
Mi1,0.1,0.5,positive,1.975,7.5675675675675675
Mi1,0.1,0.5,negative,1.975,-6.756756756756756
Mi1,0.1,0.5,positive,2.0,8.648648648648647
Mi1,0.1,0.5,negative,2.0,-6.756756756756756
Mi1,0.1,0.5,positive,2.025,8.648648648648647
Mi1,0.1,0.5,negative,2.025,-7.027027027027026
Mi1,0.1,0.5,positive,2.05,8.648648648648647
Mi1,0.1,0.5,negative,2.05,-6.756756756756756
Mi1,0.1,0.5,positive,2.075,7.837837837837838
Mi1,0.1,0.5,negative,2.075,-6.486486486486486
Mi1,0.1,0.5,positive,2.1,6.756756756756756
Mi1,0.1,0.5,negative,2.1,-5.945945945945946
Mi1,0.1,0.5,positive,2.125,5.945945945945946
Mi1,0.1,0.5,negative,2.125,-5.945945945945946
Mi1,0.1,0.5,positive,2.15,5.405405405405405
Mi1,0.1,0.5,negative,2.15,-6.486486486486486
Mi1,0.1,0.5,positive,2.175,6.486486486486486
Mi1,0.1,0.5,negative,2.175,-6.486486486486486
Mi1,0.1,0.5,positive,2.2,6.216216216216216
Mi1,0.1,0.5,negative,2.2,-6.216216216216216
Mi1,0.1,0.5,positive,2.225,5.945945945945946
Mi1,0.1,0.5,negative,2.225,-6.486486486486486
Mi1,0.1,0.5,positive,2.25,6.216216216216216
Mi1,0.1,0.5,negative,2.25,-6.486486486486486
Mi1,0.1,0.5,positive,2.275,6.486486486486486
Mi1,0.1,0.5,negative,2.275,-6.216216216216216
Mi1,0.1,0.5,positive,2.3,6.756756756756756
Mi1,0.1,0.5,negative,2.3,-5.675675675675675
Mi1,0.1,0.5,positive,2.325,8.648648648648647
Mi1,0.1,0.5,negative,2.325,-5.945945945945946
Mi1,0.1,0.5,positive,2.35,9.72972972972973
Mi1,0.1,0.5,negative,2.35,-5.945945945945946
Mi1,0.1,0.5,positive,2.375,9.72972972972973
Mi1,0.1,0.5,negative,2.375,-5.945945945945946
Mi1,0.1,0.5,positive,2.4,10.0
Mi1,0.1,0.5,negative,2.4,-5.675675675675675
Mi1,0.1,0.5,positive,2.425,9.72972972972973
Mi1,0.1,0.5,negative,2.425,-5.675675675675675
Mi1,0.1,0.5,positive,2.45,7.5675675675675675
Mi1,0.1,0.5,negative,2.45,-5.675675675675675
Mi1,0.1,0.5,positive,2.475,6.756756756756756
Mi1,0.1,0.5,negative,2.475,-5.675675675675675
Mi1,0.1,0.5,positive,2.5,5.945945945945946
Mi1,0.1,0.5,negative,2.5,-5.945945945945946
Mi1,0.1,0.5,positive,2.525,5.675675675675675
Mi1,0.1,0.5,negative,2.525,-5.945945945945946
Mi1,0.1,0.5,positive,2.55,5.945945945945946
Mi1,0.1,0.5,negative,2.55,-5.945945945945946
Mi1,0.1,0.5,positive,2.575,7.027027027027026
Mi1,0.1,0.5,negative,2.575,-5.945945945945946
Mi1,0.1,0.5,positive,2.6,7.837837837837838
Mi1,0.1,0.5,negative,2.6,-5.945945945945946
Mi1,0.1,0.5,positive,2.625,8.91891891891892
Mi1,0.1,0.5,negative,2.625,-5.945945945945946
Mi1,0.1,0.5,positive,2.65,8.91891891891892
Mi1,0.1,0.5,negative,2.65,-5.945945945945946
Mi1,0.1,0.5,positive,2.675,7.297297297297297
Mi1,0.1,0.5,negative,2.675,-5.945945945945946
Mi1,0.1,0.5,positive,2.7,6.486486486486486
Mi1,0.1,0.5,negative,2.7,-5.945945945945946
Mi1,0.1,0.5,positive,2.725,5.675675675675675
Mi1,0.1,0.5,negative,2.725,-5.945945945945946
Mi1,0.1,0.5,positive,2.75,5.945945945945946
Mi1,0.1,0.5,negative,2.75,-6.216216216216216
Mi1,0.1,0.5,positive,2.775,6.486486486486486
Mi1,0.1,0.5,negative,2.775,-6.216216216216216
Mi1,0.1,0.5,positive,2.8,6.486486486486486
Mi1,0.1,0.5,negative,2.8,-6.216216216216216
Mi1,0.1,0.5,positive,2.825,6.216216216216216
Mi1,0.1,0.5,negative,2.825,-6.216216216216216
Mi1,0.1,0.5,positive,2.85,5.405405405405405
Mi1,0.1,0.5,negative,2.85,-6.216216216216216
Mi1,0.1,0.5,positive,2.875,5.675675675675675
Mi1,0.1,0.5,negative,2.875,-6.216216216216216
Mi1,0.1,0.5,positive,2.9,6.756756756756756
Mi1,0.1,0.5,negative,2.9,-5.675675675675675
Mi1,0.1,0.5,positive,2.925,7.297297297297297
Mi1,0.1,0.5,negative,2.925,-5.675675675675675
Mi1,0.1,0.5,positive,2.95,8.108108108108107
Mi1,0.1,0.5,negative,2.95,-5.675675675675675
Mi1,0.1,0.5,positive,2.975,8.108108108108107
Mi1,0.1,0.5,negative,2.975,-5.945945945945946
Mi1,0.1,0.5,positive,3.0,8.108108108108107
Mi1,0.1,0.5,negative,3.0,-5.945945945945946
Mi1,0.1,0.5,positive,3.025,6.756756756756756
Mi1,0.1,0.5,negative,3.025,-5.945945945945946
Mi1,0.1,0.5,positive,3.05,5.675675675675675
Mi1,0.1,0.5,negative,3.05,-5.945945945945946
Mi1,0.1,0.5,positive,3.075,5.675675675675675
Mi1,0.1,0.5,negative,3.075,-5.675675675675675
Mi1,0.1,0.5,positive,3.1,6.216216216216216
Mi1,0.1,0.5,negative,3.1,-5.675675675675675
Mi1,0.1,0.5,positive,3.125,6.216216216216216
Mi1,0.1,0.5,negative,3.125,-5.675675675675675
Mi1,0.1,0.5,positive,3.15,7.297297297297297
Mi1,0.1,0.5,negative,3.15,-5.945945945945946
Mi1,0.1,0.5,positive,3.175,8.91891891891892
Mi1,0.1,0.5,negative,3.175,-5.945945945945946
Mi1,0.1,0.5,positive,3.2,8.648648648648647
Mi1,0.1,0.5,negative,3.2,-5.945945945945946
Mi1,0.1,0.5,positive,3.225,7.837837837837838
Mi1,0.1,0.5,negative,3.225,-6.216216216216216
Mi1,0.1,0.5,positive,3.25,7.297297297297297
Mi1,0.1,0.5,negative,3.25,-6.216216216216216
Mi1,0.1,0.5,positive,3.275,6.486486486486486
Mi1,0.1,0.5,negative,3.275,-5.945945945945946
Mi1,0.1,0.5,positive,3.3,6.486486486486486
Mi1,0.1,0.5,negative,3.3,-5.945945945945946
Mi1,0.1,0.5,positive,3.325,6.486486486486486
Mi1,0.1,0.5,negative,3.325,-5.405405405405405
Mi1,0.1,0.5,positive,3.35,7.027027027027026
Mi1,0.1,0.5,negative,3.35,-5.405405405405405
Mi1,0.1,0.5,positive,3.375,7.297297297297297
Mi1,0.1,0.5,negative,3.375,-5.405405405405405
Mi1,0.1,0.5,positive,3.4,7.027027027027026
Mi1,0.1,0.5,negative,3.4,-5.405405405405405
Mi1,0.1,0.5,positive,3.425,7.027027027027026
Mi1,0.1,0.5,negative,3.425,-5.135135135135135
Mi1,0.1,0.5,positive,3.45,7.027027027027026
Mi1,0.1,0.5,negative,3.45,-5.135135135135135
Mi1,0.1,0.5,positive,3.475,7.027027027027026
Mi1,0.1,0.5,negative,3.475,-5.405405405405405
Mi1,0.1,0.5,positive,3.5,6.486486486486486
Mi1,0.1,0.5,negative,3.5,-5.135135135135135
Mi1,0.1,0.5,positive,3.525,6.486486486486486
Mi1,0.1,0.5,negative,3.525,-5.135135135135135
Mi1,0.1,0.5,positive,3.55,6.486486486486486
Mi1,0.1,0.5,negative,3.55,-5.135135135135135
Mi1,0.1,0.5,positive,3.575,5.945945945945946
Mi1,0.1,0.5,negative,3.575,-5.135135135135135
Mi1,0.1,0.5,positive,3.6,5.945945945945946
Mi1,0.1,0.5,negative,3.6,-4.864864864864865
Mi1,0.1,0.5,positive,3.625,6.216216216216216
Mi1,0.1,0.5,negative,3.625,-4.864864864864865
Mi1,0.1,0.5,positive,3.65,6.756756756756756
Mi1,0.1,0.5,negative,3.65,-4.594594594594595
Mi1,0.1,0.5,positive,3.675,7.297297297297297
Mi1,0.1,0.5,negative,3.675,-4.864864864864865
Mi1,0.1,0.5,positive,3.7,8.108108108108107
Mi1,0.1,0.5,negative,3.7,-4.864864864864865
Mi1,0.1,0.5,positive,3.725,8.108108108108107
Mi1,0.1,0.5,negative,3.725,-4.864864864864865
Mi1,0.1,0.5,positive,3.75,7.5675675675675675
Mi1,0.1,0.5,negative,3.75,-4.864864864864865
Mi1,0.1,0.5,positive,3.775,7.5675675675675675
Mi1,0.1,0.5,negative,3.775,-5.135135135135135
Mi1,0.1,0.5,positive,3.8,7.5675675675675675
Mi1,0.1,0.5,negative,3.8,-5.135135135135135
Mi1,0.1,0.5,positive,3.825,7.837837837837838
Mi1,0.1,0.5,negative,3.825,-5.135135135135135
Mi1,0.1,0.5,positive,3.85,7.5675675675675675
Mi1,0.1,0.5,negative,3.85,-5.135135135135135
Mi1,0.1,0.5,positive,3.875,7.5675675675675675
Mi1,0.1,0.5,negative,3.875,-4.864864864864865
Mi1,0.1,0.5,positive,3.9,7.837837837837838
Mi1,0.1,0.5,negative,3.9,-4.864864864864865
Mi1,0.1,0.5,positive,3.925,8.108108108108107
Mi1,0.1,0.5,negative,3.925,-4.864864864864865
Mi1,0.1,0.5,positive,3.95,7.5675675675675675
Mi1,0.1,0.5,negative,3.95,-4.864864864864865
Mi1,0.1,0.5,positive,3.975,7.297297297297297
Mi1,0.1,0.5,negative,3.975,-5.405405405405405
Mi1,0.1,0.5,positive,4.0,6.756756756756756
Mi1,0.1,0.5,negative,4.0,-5.405405405405405
Mi1,0.1,0.5,positive,4.025,6.756756756756756
Mi1,0.1,0.5,negative,4.025,-5.675675675675675
Mi1,0.1,0.5,positive,4.05,6.756756756756756
Mi1,0.1,0.5,negative,4.05,-5.675675675675675
Mi1,0.1,0.5,positive,4.075,6.486486486486486
Mi1,0.1,0.5,negative,4.075,-5.405405405405405
Mi1,0.1,0.5,positive,4.1,6.216216216216216
Mi1,0.1,0.5,negative,4.1,-5.405405405405405
Mi1,0.1,0.5,positive,4.125,5.945945945945946
Mi1,0.1,0.5,negative,4.125,-5.405405405405405
Mi1,0.1,0.5,positive,4.15,5.945945945945946
Mi1,0.1,0.5,negative,4.15,-5.405405405405405
Mi1,0.1,0.5,positive,4.175,5.945945945945946
Mi1,0.1,0.5,negative,4.175,-5.945945945945946
Mi1,0.1,0.5,positive,4.2,5.945945945945946
Mi1,0.1,0.5,negative,4.2,-5.945945945945946
Mi1,0.1,0.5,positive,4.225,6.216216216216216
Mi1,0.1,0.5,negative,4.225,-5.945945945945946
Mi1,0.1,0.5,positive,4.25,6.756756756756756
Mi1,0.1,0.5,negative,4.25,-5.945945945945946
Mi1,0.1,0.5,positive,4.275,6.756756756756756
Mi1,0.1,0.5,negative,4.275,-5.945945945945946
Mi1,0.1,0.5,positive,4.3,6.486486486486486
Mi1,0.1,0.5,negative,4.3,-5.675675675675675
Mi1,0.1,0.5,positive,4.325,6.486486486486486
Mi1,0.1,0.5,negative,4.325,-5.675675675675675
Mi1,0.1,0.5,positive,4.35,7.5675675675675675
Mi1,0.1,0.5,negative,4.35,-5.675675675675675
Mi1,0.1,0.5,positive,4.375,8.108108108108107
Mi1,0.1,0.5,negative,4.375,-5.675675675675675
Mi1,0.1,0.5,positive,4.4,8.108108108108107
Mi1,0.1,0.5,negative,4.4,-5.405405405405405
Mi1,0.1,0.5,positive,4.425,7.837837837837838
Mi1,0.1,0.5,negative,4.425,-5.405405405405405
Mi1,0.1,0.5,positive,4.45,6.756756756756756
Mi1,0.1,0.5,negative,4.45,-5.405405405405405
Mi1,0.1,0.5,positive,4.475,6.216216216216216
Mi1,0.1,0.5,negative,4.475,-5.405405405405405
Mi1,0.1,0.5,positive,4.5,6.216216216216216
Mi1,0.1,0.5,negative,4.5,-5.135135135135135
Mi1,0.5,0.9,positive,-0.925,1.081081081081081
Mi1,0.5,0.9,positive,-0.9,1.081081081081081
Mi1,0.5,0.9,positive,-0.875,0.5405405405405405
Mi1,0.5,0.9,negative,-0.875,-0.27027027027027023
Mi1,0.5,0.9,positive,-0.85,0.27027027027027023
Mi1,0.5,0.9,negative,-0.85,-0.27027027027027023
Mi1,0.5,0.9,positive,-0.825,1.6216216216216215
Mi1,0.5,0.9,positive,-0.8,1.081081081081081
Mi1,0.5,0.9,negative,-0.8,-1.081081081081081
Mi1,0.5,0.9,positive,-0.775,0.5405405405405405
Mi1,0.5,0.9,negative,-0.775,-1.081081081081081
Mi1,0.5,0.9,positive,-0.75,0.5405405405405405
Mi1,0.5,0.9,negative,-0.75,-0.27027027027027023
Mi1,0.5,0.9,positive,-0.725,0.5405405405405405
Mi1,0.5,0.9,negative,-0.725,-0.27027027027027023
Mi1,0.5,0.9,positive,-0.7,0.27027027027027023
Mi1,0.5,0.9,negative,-0.7,-0.27027027027027023
Mi1,0.5,0.9,positive,-0.675,0.27027027027027023
Mi1,0.5,0.9,negative,-0.675,-0.27027027027027023
Mi1,0.5,0.9,positive,-0.65,0.27027027027027023
Mi1,0.5,0.9,negative,-0.65,-0.27027027027027023
Mi1,0.5,0.9,negative,-0.625,-0.27027027027027023
Mi1,0.5,0.9,positive,-0.6,1.081081081081081
Mi1,0.5,0.9,negative,-0.6,-0.27027027027027023
Mi1,0.5,0.9,positive,-0.575,1.3513513513513513
Mi1,0.5,0.9,negative,-0.575,-0.8108108108108107
Mi1,0.5,0.9,positive,-0.55,1.3513513513513513
Mi1,0.5,0.9,negative,-0.55,-0.8108108108108107
Mi1,0.5,0.9,positive,-0.525,0.27027027027027023
Mi1,0.5,0.9,negative,-0.525,-0.27027027027027023
Mi1,0.5,0.9,positive,-0.5,0.27027027027027023
Mi1,0.5,0.9,negative,-0.5,-0.27027027027027023
Mi1,0.5,0.9,positive,-0.475,0.5405405405405405
Mi1,0.5,0.9,negative,-0.475,-0.27027027027027023
Mi1,0.5,0.9,positive,-0.45,0.27027027027027023
Mi1,0.5,0.9,negative,-0.45,-0.27027027027027023
Mi1,0.5,0.9,positive,-0.425,0.27027027027027023
Mi1,0.5,0.9,negative,-0.425,-0.27027027027027023
Mi1,0.5,0.9,positive,-0.4,0.27027027027027023
Mi1,0.5,0.9,negative,-0.4,-1.8918918918918919
Mi1,0.5,0.9,positive,-0.375,0.27027027027027023
Mi1,0.5,0.9,negative,-0.375,-1.6216216216216215
Mi1,0.5,0.9,positive,-0.35,1.6216216216216215
Mi1,0.5,0.9,negative,-0.35,-1.081081081081081
Mi1,0.5,0.9,positive,-0.325,0.27027027027027023
Mi1,0.5,0.9,negative,-0.325,-1.3513513513513513
Mi1,0.5,0.9,positive,-0.3,0.27027027027027023
Mi1,0.5,0.9,negative,-0.3,-0.27027027027027023
Mi1,0.5,0.9,positive,-0.275,0.27027027027027023
Mi1,0.5,0.9,negative,-0.275,-0.27027027027027023
Mi1,0.5,0.9,positive,-0.25,0.27027027027027023
Mi1,0.5,0.9,negative,-0.25,-0.27027027027027023
Mi1,0.5,0.9,positive,-0.225,0.5405405405405405
Mi1,0.5,0.9,negative,-0.225,-0.27027027027027023
Mi1,0.5,0.9,positive,-0.2,0.5405405405405405
Mi1,0.5,0.9,negative,-0.2,-0.27027027027027023
Mi1,0.5,0.9,positive,-0.175,0.27027027027027023
Mi1,0.5,0.9,negative,-0.175,-0.27027027027027023
Mi1,0.5,0.9,positive,-0.15,0.27027027027027023
Mi1,0.5,0.9,negative,-0.15,-0.27027027027027023
Mi1,0.5,0.9,positive,-0.125,0.27027027027027023
Mi1,0.5,0.9,negative,-0.125,-0.27027027027027023
Mi1,0.5,0.9,positive,-0.1,0.5405405405405405
Mi1,0.5,0.9,negative,-0.1,-0.27027027027027023
Mi1,0.5,0.9,positive,-0.075,0.5405405405405405
Mi1,0.5,0.9,negative,-0.075,-0.27027027027027023
Mi1,0.5,0.9,positive,-0.05,1.3513513513513513
Mi1,0.5,0.9,negative,-0.05,-0.27027027027027023
Mi1,0.5,0.9,positive,-0.025,0.27027027027027023
Mi1,0.5,0.9,negative,-0.025,-0.8108108108108107
Mi1,0.5,0.9,positive,0.0,0.27027027027027023
Mi1,0.5,0.9,negative,0.0,-0.27027027027027023
Mi1,0.5,0.9,positive,0.025,0.27027027027027023
Mi1,0.5,0.9,negative,0.025,-0.27027027027027023
Mi1,0.5,0.9,positive,0.05,1.081081081081081
Mi1,0.5,0.9,positive,0.075,2.4324324324324325
Mi1,0.5,0.9,positive,0.1,7.837837837837838
Mi1,0.5,0.9,negative,0.1,-1.3513513513513513
Mi1,0.5,0.9,positive,0.125,13.783783783783782
Mi1,0.5,0.9,negative,0.125,-1.081081081081081
Mi1,0.5,0.9,positive,0.15,16.486486486486484
Mi1,0.5,0.9,negative,0.15,-2.972972972972973
Mi1,0.5,0.9,positive,0.175,18.91891891891892
Mi1,0.5,0.9,negative,0.175,-5.675675675675675
Mi1,0.5,0.9,positive,0.2,20.0
Mi1,0.5,0.9,negative,0.2,-8.108108108108107
Mi1,0.5,0.9,positive,0.225,20.27027027027027
Mi1,0.5,0.9,negative,0.225,-8.648648648648647
Mi1,0.5,0.9,positive,0.25,20.54054054054054
Mi1,0.5,0.9,negative,0.25,-8.91891891891892
Mi1,0.5,0.9,positive,0.275,19.18918918918919
Mi1,0.5,0.9,negative,0.275,-9.18918918918919
Mi1,0.5,0.9,positive,0.3,18.37837837837838
Mi1,0.5,0.9,negative,0.3,-9.45945945945946
Mi1,0.5,0.9,positive,0.325,18.37837837837838
Mi1,0.5,0.9,negative,0.325,-9.72972972972973
Mi1,0.5,0.9,positive,0.35,18.10810810810811
Mi1,0.5,0.9,negative,0.35,-10.0
Mi1,0.5,0.9,positive,0.375,18.37837837837838
Mi1,0.5,0.9,negative,0.375,-10.0
Mi1,0.5,0.9,positive,0.4,18.64864864864865
Mi1,0.5,0.9,negative,0.4,-10.27027027027027
Mi1,0.5,0.9,positive,0.425,17.56756756756757
Mi1,0.5,0.9,negative,0.425,-10.81081081081081
Mi1,0.5,0.9,positive,0.45,17.56756756756757
Mi1,0.5,0.9,negative,0.45,-10.81081081081081
Mi1,0.5,0.9,positive,0.475,17.56756756756757
Mi1,0.5,0.9,negative,0.475,-11.08108108108108
Mi1,0.5,0.9,positive,0.5,17.83783783783784
Mi1,0.5,0.9,negative,0.5,-11.08108108108108
Mi1,0.5,0.9,positive,0.525,17.83783783783784
Mi1,0.5,0.9,negative,0.525,-11.35135135135135
Mi1,0.5,0.9,positive,0.55,18.10810810810811
Mi1,0.5,0.9,negative,0.55,-11.35135135135135
Mi1,0.5,0.9,positive,0.575,18.10810810810811
Mi1,0.5,0.9,negative,0.575,-11.35135135135135
Mi1,0.5,0.9,positive,0.6,17.83783783783784
Mi1,0.5,0.9,negative,0.6,-11.35135135135135
Mi1,0.5,0.9,positive,0.625,17.83783783783784
Mi1,0.5,0.9,negative,0.625,-10.54054054054054
Mi1,0.5,0.9,positive,0.65,18.10810810810811
Mi1,0.5,0.9,negative,0.65,-10.81081081081081
Mi1,0.5,0.9,positive,0.675,17.83783783783784
Mi1,0.5,0.9,negative,0.675,-11.35135135135135
Mi1,0.5,0.9,positive,0.7,17.83783783783784
Mi1,0.5,0.9,negative,0.7,-11.35135135135135
Mi1,0.5,0.9,positive,0.725,18.91891891891892
Mi1,0.5,0.9,negative,0.725,-11.621621621621621
Mi1,0.5,0.9,positive,0.75,18.91891891891892
Mi1,0.5,0.9,negative,0.75,-11.621621621621621
Mi1,0.5,0.9,positive,0.775,17.56756756756757
Mi1,0.5,0.9,negative,0.775,-11.621621621621621
Mi1,0.5,0.9,positive,0.8,16.486486486486484
Mi1,0.5,0.9,negative,0.8,-11.35135135135135
Mi1,0.5,0.9,positive,0.825,15.405405405405405
Mi1,0.5,0.9,negative,0.825,-11.08108108108108
Mi1,0.5,0.9,positive,0.85,14.864864864864865
Mi1,0.5,0.9,negative,0.85,-11.08108108108108
Mi1,0.5,0.9,positive,0.875,14.864864864864865
Mi1,0.5,0.9,negative,0.875,-11.08108108108108
Mi1,0.5,0.9,positive,0.9,14.594594594594595
Mi1,0.5,0.9,negative,0.9,-11.08108108108108
Mi1,0.5,0.9,positive,0.925,13.243243243243242
Mi1,0.5,0.9,negative,0.925,-11.08108108108108
Mi1,0.5,0.9,positive,0.95,12.702702702702702
Mi1,0.5,0.9,negative,0.95,-11.35135135135135
Mi1,0.5,0.9,positive,0.975,12.702702702702702
Mi1,0.5,0.9,negative,0.975,-12.162162162162161
Mi1,0.5,0.9,positive,1.0,12.972972972972972
Mi1,0.5,0.9,negative,1.0,-11.891891891891891
Mi1,0.5,0.9,positive,1.025,12.432432432432432
Mi1,0.5,0.9,negative,1.025,-11.891891891891891
Mi1,0.5,0.9,positive,1.05,11.621621621621621
Mi1,0.5,0.9,negative,1.05,-11.891891891891891
Mi1,0.5,0.9,positive,1.075,8.648648648648647
Mi1,0.5,0.9,negative,1.075,-11.35135135135135
Mi1,0.5,0.9,positive,1.1,8.378378378378377
Mi1,0.5,0.9,negative,1.1,-11.35135135135135
Mi1,0.5,0.9,positive,1.125,8.108108108108107
Mi1,0.5,0.9,negative,1.125,-11.35135135135135
Mi1,0.5,0.9,positive,1.15,8.91891891891892
Mi1,0.5,0.9,negative,1.15,-10.81081081081081
Mi1,0.5,0.9,positive,1.175,9.72972972972973
Mi1,0.5,0.9,negative,1.175,-10.81081081081081
Mi1,0.5,0.9,positive,1.2,9.72972972972973
Mi1,0.5,0.9,negative,1.2,-10.81081081081081
Mi1,0.5,0.9,positive,1.225,8.108108108108107
Mi1,0.5,0.9,negative,1.225,-10.81081081081081
Mi1,0.5,0.9,positive,1.25,7.837837837837838
Mi1,0.5,0.9,negative,1.25,-10.0
Mi1,0.5,0.9,positive,1.275,8.378378378378377
Mi1,0.5,0.9,negative,1.275,-9.45945945945946
Mi1,0.5,0.9,positive,1.3,8.91891891891892
Mi1,0.5,0.9,negative,1.3,-8.91891891891892
Mi1,0.5,0.9,positive,1.325,9.45945945945946
Mi1,0.5,0.9,negative,1.325,-8.91891891891892
Mi1,0.5,0.9,positive,1.35,10.27027027027027
Mi1,0.5,0.9,negative,1.35,-9.45945945945946
Mi1,0.5,0.9,positive,1.375,10.0
Mi1,0.5,0.9,negative,1.375,-9.45945945945946
Mi1,0.5,0.9,positive,1.4,9.18918918918919
Mi1,0.5,0.9,negative,1.4,-9.45945945945946
Mi1,0.5,0.9,positive,1.425,8.108108108108107
Mi1,0.5,0.9,negative,1.425,-9.45945945945946
Mi1,0.5,0.9,positive,1.45,6.756756756756756
Mi1,0.5,0.9,negative,1.45,-9.45945945945946
Mi1,0.5,0.9,positive,1.475,6.216216216216216
Mi1,0.5,0.9,negative,1.475,-9.72972972972973
Mi1,0.5,0.9,positive,1.5,5.945945945945946
Mi1,0.5,0.9,negative,1.5,-9.72972972972973
Mi1,0.5,0.9,positive,1.525,5.945945945945946
Mi1,0.5,0.9,negative,1.525,-10.0
Mi1,0.5,0.9,positive,1.55,5.945945945945946
Mi1,0.5,0.9,negative,1.55,-9.18918918918919
Mi1,0.5,0.9,positive,1.575,5.945945945945946
Mi1,0.5,0.9,negative,1.575,-9.18918918918919
Mi1,0.5,0.9,positive,1.6,8.91891891891892
Mi1,0.5,0.9,negative,1.6,-8.91891891891892
Mi1,0.5,0.9,positive,1.625,8.91891891891892
Mi1,0.5,0.9,negative,1.625,-8.91891891891892
Mi1,0.5,0.9,positive,1.65,9.18918918918919
Mi1,0.5,0.9,negative,1.65,-8.648648648648647
Mi1,0.5,0.9,positive,1.675,9.45945945945946
Mi1,0.5,0.9,negative,1.675,-8.378378378378377
Mi1,0.5,0.9,positive,1.7,9.45945945945946
Mi1,0.5,0.9,negative,1.7,-8.378378378378377
Mi1,0.5,0.9,positive,1.725,9.45945945945946
Mi1,0.5,0.9,negative,1.725,-7.837837837837838
Mi1,0.5,0.9,positive,1.75,9.45945945945946
Mi1,0.5,0.9,negative,1.75,-7.837837837837838
Mi1,0.5,0.9,positive,1.775,9.45945945945946
Mi1,0.5,0.9,negative,1.775,-7.5675675675675675
Mi1,0.5,0.9,positive,1.8,9.45945945945946
Mi1,0.5,0.9,negative,1.8,-7.837837837837838
Mi1,0.5,0.9,positive,1.825,8.378378378378377
Mi1,0.5,0.9,negative,1.825,-7.837837837837838
Mi1,0.5,0.9,positive,1.85,6.216216216216216
Mi1,0.5,0.9,negative,1.85,-7.297297297297297
Mi1,0.5,0.9,positive,1.875,5.405405405405405
Mi1,0.5,0.9,negative,1.875,-7.297297297297297
Mi1,0.5,0.9,positive,1.9,5.675675675675675
Mi1,0.5,0.9,negative,1.9,-7.297297297297297
Mi1,0.5,0.9,positive,1.925,7.027027027027026
Mi1,0.5,0.9,negative,1.925,-7.5675675675675675
Mi1,0.5,0.9,positive,1.95,7.027027027027026
Mi1,0.5,0.9,negative,1.95,-7.5675675675675675
Mi1,0.5,0.9,positive,1.975,7.027027027027026
Mi1,0.5,0.9,negative,1.975,-7.5675675675675675
Mi1,0.5,0.9,positive,2.0,6.756756756756756
Mi1,0.5,0.9,negative,2.0,-7.5675675675675675
Mi1,0.5,0.9,positive,2.025,5.405405405405405
Mi1,0.5,0.9,negative,2.025,-7.837837837837838
Mi1,0.5,0.9,positive,2.05,5.405405405405405
Mi1,0.5,0.9,negative,2.05,-7.837837837837838
Mi1,0.5,0.9,positive,2.075,6.216216216216216
Mi1,0.5,0.9,negative,2.075,-7.5675675675675675
Mi1,0.5,0.9,positive,2.1,6.486486486486486
Mi1,0.5,0.9,negative,2.1,-7.297297297297297
Mi1,0.5,0.9,positive,2.125,6.486486486486486
Mi1,0.5,0.9,negative,2.125,-7.297297297297297
Mi1,0.5,0.9,positive,2.15,6.216216216216216
Mi1,0.5,0.9,negative,2.15,-7.297297297297297
Mi1,0.5,0.9,positive,2.175,6.486486486486486
Mi1,0.5,0.9,negative,2.175,-6.486486486486486
Mi1,0.5,0.9,positive,2.2,7.837837837837838
Mi1,0.5,0.9,negative,2.2,-5.945945945945946
Mi1,0.5,0.9,positive,2.225,7.5675675675675675
Mi1,0.5,0.9,negative,2.225,-6.486486486486486
Mi1,0.5,0.9,positive,2.25,6.216216216216216
Mi1,0.5,0.9,negative,2.25,-6.216216216216216
Mi1,0.5,0.9,positive,2.275,5.675675675675675
Mi1,0.5,0.9,negative,2.275,-6.486486486486486
Mi1,0.5,0.9,positive,2.3,5.675675675675675
Mi1,0.5,0.9,negative,2.3,-6.756756756756756
Mi1,0.5,0.9,positive,2.325,5.675675675675675
Mi1,0.5,0.9,negative,2.325,-6.756756756756756
Mi1,0.5,0.9,positive,2.35,5.945945945945946
Mi1,0.5,0.9,negative,2.35,-7.5675675675675675
Mi1,0.5,0.9,positive,2.375,7.297297297297297
Mi1,0.5,0.9,negative,2.375,-7.5675675675675675
Mi1,0.5,0.9,positive,2.4,7.297297297297297
Mi1,0.5,0.9,negative,2.4,-7.5675675675675675
Mi1,0.5,0.9,positive,2.425,6.486486486486486
Mi1,0.5,0.9,negative,2.425,-6.756756756756756
Mi1,0.5,0.9,positive,2.45,5.945945945945946
Mi1,0.5,0.9,negative,2.45,-6.756756756756756
Mi1,0.5,0.9,positive,2.475,5.945945945945946
Mi1,0.5,0.9,negative,2.475,-6.486486486486486
Mi1,0.5,0.9,positive,2.5,4.324324324324324
Mi1,0.5,0.9,negative,2.5,-5.405405405405405
Mi1,0.5,0.9,positive,2.525,4.0540540540540535
Mi1,0.5,0.9,negative,2.525,-5.135135135135135
Mi1,0.5,0.9,positive,2.55,3.7837837837837838
Mi1,0.5,0.9,negative,2.55,-4.864864864864865
Mi1,0.5,0.9,positive,2.575,3.7837837837837838
Mi1,0.5,0.9,negative,2.575,-4.594594594594595
Mi1,0.5,0.9,positive,2.6,3.513513513513513
Mi1,0.5,0.9,negative,2.6,-4.324324324324324
Mi1,0.5,0.9,positive,2.625,2.162162162162162
Mi1,0.5,0.9,negative,2.625,-5.675675675675675
Mi1,0.5,0.9,positive,2.65,1.8918918918918919
Mi1,0.5,0.9,negative,2.65,-5.945945945945946
Mi1,0.5,0.9,positive,2.675,0.5405405405405405
Mi1,0.5,0.9,negative,2.675,-6.216216216216216
Mi1,0.5,0.9,positive,2.7,0.5405405405405405
Mi1,0.5,0.9,negative,2.7,-5.405405405405405
Mi1,0.5,0.9,positive,2.725,1.3513513513513513
Mi1,0.5,0.9,negative,2.725,-5.135135135135135
Mi1,0.5,0.9,positive,2.75,1.6216216216216215
Mi1,0.5,0.9,negative,2.75,-5.135135135135135
Mi1,0.5,0.9,positive,2.775,1.8918918918918919
Mi1,0.5,0.9,negative,2.775,-5.675675675675675
Mi1,0.5,0.9,positive,2.8,4.324324324324324
Mi1,0.5,0.9,negative,2.8,-5.675675675675675
Mi1,0.5,0.9,positive,2.825,4.324324324324324
Mi1,0.5,0.9,negative,2.825,-5.945945945945946
Mi1,0.5,0.9,positive,2.85,3.7837837837837838
Mi1,0.5,0.9,negative,2.85,-6.216216216216216
Mi1,0.5,0.9,positive,2.875,3.7837837837837838
Mi1,0.5,0.9,negative,2.875,-6.216216216216216
Mi1,0.5,0.9,positive,2.9,2.972972972972973
Mi1,0.5,0.9,negative,2.9,-6.486486486486486
Mi1,0.5,0.9,positive,2.925,2.4324324324324325
Mi1,0.5,0.9,negative,2.925,-6.216216216216216
Mi1,0.5,0.9,positive,2.95,2.7027027027027026
Mi1,0.5,0.9,negative,2.95,-6.216216216216216
Mi1,0.5,0.9,positive,2.975,4.0540540540540535
Mi1,0.5,0.9,negative,2.975,-4.594594594594595
Mi1,0.5,0.9,positive,3.0,5.405405405405405
Mi1,0.5,0.9,negative,3.0,-4.594594594594595
Mi1,0.5,0.9,positive,3.025,6.216216216216216
Mi1,0.5,0.9,negative,3.025,-4.864864864864865
Mi1,0.5,0.9,positive,3.05,7.027027027027026
Mi1,0.5,0.9,negative,3.05,-4.864864864864865
Mi1,0.5,0.9,positive,3.075,7.027027027027026
Mi1,0.5,0.9,negative,3.075,-5.405405405405405
Mi1,0.5,0.9,positive,3.1,5.945945945945946
Mi1,0.5,0.9,negative,3.1,-6.486486486486486
Mi1,0.5,0.9,positive,3.125,5.675675675675675
Mi1,0.5,0.9,negative,3.125,-6.486486486486486
Mi1,0.5,0.9,positive,3.15,5.675675675675675
Mi1,0.5,0.9,negative,3.15,-6.756756756756756
Mi1,0.5,0.9,positive,3.175,5.945945945945946
Mi1,0.5,0.9,negative,3.175,-5.405405405405405
Mi1,0.5,0.9,positive,3.2,6.216216216216216
Mi1,0.5,0.9,negative,3.2,-4.864864864864865
Mi1,0.5,0.9,positive,3.225,6.756756756756756
Mi1,0.5,0.9,negative,3.225,-4.864864864864865
Mi1,0.5,0.9,positive,3.25,6.486486486486486
Mi1,0.5,0.9,negative,3.25,-5.405405405405405
Mi1,0.5,0.9,positive,3.275,4.864864864864865
Mi1,0.5,0.9,negative,3.275,-5.405405405405405
Mi1,0.5,0.9,positive,3.3,4.864864864864865
Mi1,0.5,0.9,negative,3.3,-5.675675675675675
Mi1,0.5,0.9,positive,3.325,5.675675675675675
Mi1,0.5,0.9,negative,3.325,-5.675675675675675
Mi1,0.5,0.9,positive,3.35,5.675675675675675
Mi1,0.5,0.9,negative,3.35,-4.594594594594595
Mi1,0.5,0.9,positive,3.375,5.675675675675675
Mi1,0.5,0.9,negative,3.375,-4.594594594594595
Mi1,0.5,0.9,positive,3.4,5.405405405405405
Mi1,0.5,0.9,negative,3.4,-4.864864864864865
Mi1,0.5,0.9,positive,3.425,4.864864864864865
Mi1,0.5,0.9,negative,3.425,-5.675675675675675
Mi1,0.5,0.9,positive,3.45,4.324324324324324
Mi1,0.5,0.9,negative,3.45,-5.135135135135135
Mi1,0.5,0.9,positive,3.475,4.0540540540540535
Mi1,0.5,0.9,negative,3.475,-5.135135135135135
Mi1,0.5,0.9,positive,3.5,3.513513513513513
Mi1,0.5,0.9,negative,3.5,-4.864864864864865
Mi1,0.5,0.9,positive,3.525,2.972972972972973
Mi1,0.5,0.9,negative,3.525,-4.594594594594595
Mi1,0.5,0.9,positive,3.55,2.972972972972973
Mi1,0.5,0.9,negative,3.55,-4.594594594594595
Mi1,0.5,0.9,positive,3.575,3.243243243243243
Mi1,0.5,0.9,negative,3.575,-3.7837837837837838
Mi1,0.5,0.9,positive,3.6,3.243243243243243
Mi1,0.5,0.9,negative,3.6,-3.7837837837837838
Mi1,0.5,0.9,positive,3.625,2.7027027027027026
Mi1,0.5,0.9,negative,3.625,-3.7837837837837838
Mi1,0.5,0.9,positive,3.65,2.7027027027027026
Mi1,0.5,0.9,negative,3.65,-4.594594594594595
Mi1,0.5,0.9,positive,3.675,2.972972972972973
Mi1,0.5,0.9,negative,3.675,-4.864864864864865
Mi1,0.5,0.9,positive,3.7,3.243243243243243
Mi1,0.5,0.9,negative,3.7,-4.594594594594595
Mi1,0.5,0.9,positive,3.725,2.972972972972973
Mi1,0.5,0.9,negative,3.725,-4.0540540540540535
Mi1,0.5,0.9,positive,3.75,2.7027027027027026
Mi1,0.5,0.9,negative,3.75,-2.7027027027027026
Mi1,0.5,0.9,positive,3.775,2.4324324324324325
Mi1,0.5,0.9,negative,3.775,-2.7027027027027026
Mi1,0.5,0.9,positive,3.8,2.7027027027027026
Mi1,0.5,0.9,negative,3.8,-2.4324324324324325
Mi1,0.5,0.9,positive,3.825,1.6216216216216215
Mi1,0.5,0.9,negative,3.825,-2.4324324324324325
Mi1,0.5,0.9,positive,3.85,0.5405405405405405
Mi1,0.5,0.9,negative,3.85,-0.5405405405405405
Mi1,0.5,0.9,positive,3.875,0.5405405405405405
Mi1,0.5,0.9,negative,3.875,-0.27027027027027023
Mi1,0.5,0.9,positive,3.9,0.27027027027027023
Mi1,0.5,0.9,negative,3.9,-0.27027027027027023
Mi1,0.5,0.9,positive,3.925,0.5405405405405405
Mi1,0.5,0.9,negative,3.925,-0.27027027027027023
Mi1,0.5,0.9,positive,3.95,0.27027027027027023
Mi1,0.5,0.9,negative,3.95,-0.27027027027027023
Mi1,0.5,0.9,positive,3.975,0.27027027027027023
Mi1,0.5,0.9,negative,3.975,-0.27027027027027023
Mi1,0.5,0.9,positive,4.0,0.5405405405405405
Mi1,0.5,0.9,negative,4.0,-0.27027027027027023
Mi1,0.5,0.9,positive,4.025,0.27027027027027023
Mi1,0.5,0.9,negative,4.025,-0.27027027027027023
Mi1,0.5,0.9,positive,4.05,1.8918918918918919
Mi1,0.5,0.9,negative,4.05,-4.0540540540540535
Mi1,0.5,0.9,positive,4.075,1.6216216216216215
Mi1,0.5,0.9,negative,4.075,-4.324324324324324
Mi1,0.5,0.9,positive,4.1,0.27027027027027023
Mi1,0.5,0.9,negative,4.1,-0.27027027027027023
Mi1,0.5,0.9,positive,4.125,0.5405405405405405
Mi1,0.5,0.9,negative,4.125,-0.27027027027027023
Mi1,0.5,0.9,positive,4.15,0.5405405405405405
Mi1,0.5,0.9,negative,4.15,-0.27027027027027023
Mi1,0.5,0.9,positive,4.175,1.8918918918918919
Mi1,0.5,0.9,negative,4.175,-3.7837837837837838
Mi1,0.5,0.9,positive,4.2,1.6216216216216215
Mi1,0.5,0.9,negative,4.2,-3.7837837837837838
Mi1,0.5,0.9,positive,4.225,1.6216216216216215
Mi1,0.5,0.9,negative,4.225,-3.513513513513513
Mi1,0.5,0.9,positive,4.25,2.162162162162162
Mi1,0.5,0.9,negative,4.25,-3.513513513513513
Mi1,0.5,0.9,positive,4.275,2.972972972972973
Mi1,0.5,0.9,negative,4.275,-3.243243243243243
Mi1,0.5,0.9,positive,4.3,0.27027027027027023
Mi1,0.5,0.9,negative,4.3,-0.27027027027027023
Mi1,0.5,0.9,positive,4.325,0.5405405405405405
Mi1,0.5,0.9,negative,4.325,-0.27027027027027023
Mi1,0.5,0.9,positive,4.35,0.27027027027027023
Mi1,0.5,0.9,negative,4.35,-0.27027027027027023
Mi1,0.5,0.9,negative,4.375,-0.27027027027027023
Mi1,0.5,0.9,negative,4.4,-0.27027027027027023
Mi1,0.5,0.9,negative,4.425,-0.27027027027027023
Mi1,0.5,0.9,negative,4.45,-0.8108108108108107
Mi1,0.5,0.9,positive,4.475,0.27027027027027023
Mi1,0.5,0.9,negative,4.475,-0.27027027027027023
Mi1,0.5,0.9,positive,4.5,0.27027027027027023
Mi1,0.5,0.9,negative,4.5,-0.27027027027027023
Mi1,0.5,0.9,positive,4.525,1.6216216216216215
Mi1,0.5,0.9,negative,4.525,-3.243243243243243
Mi1,0.5,0.9,positive,4.55,0.27027027027027023
Mi1,0.5,0.9,negative,4.55,-3.243243243243243
Tm3,0.1,0.5,negative,-0.925,-0.5405405405405405
Tm3,0.1,0.5,negative,-0.9,-0.27027027027027023
Tm3,0.1,0.5,positive,-0.875,0.5405405405405405
Tm3,0.1,0.5,negative,-0.875,-0.5405405405405405
Tm3,0.1,0.5,positive,-0.85,0.5405405405405405
Tm3,0.1,0.5,negative,-0.85,-0.8108108108108107
Tm3,0.1,0.5,positive,-0.825,1.081081081081081
Tm3,0.1,0.5,negative,-0.825,-0.8108108108108107
Tm3,0.1,0.5,positive,-0.8,1.081081081081081
Tm3,0.1,0.5,negative,-0.8,-0.8108108108108107
Tm3,0.1,0.5,positive,-0.775,1.3513513513513513
Tm3,0.1,0.5,negative,-0.775,-0.8108108108108107
Tm3,0.1,0.5,negative,-0.75,-0.8108108108108107
Tm3,0.1,0.5,positive,-0.725,0.5405405405405405
Tm3,0.1,0.5,negative,-0.725,-0.27027027027027023
Tm3,0.1,0.5,positive,-0.7,0.5405405405405405
Tm3,0.1,0.5,positive,-0.675,0.5405405405405405
Tm3,0.1,0.5,positive,-0.65,0.27027027027027023
Tm3,0.1,0.5,positive,-0.625,0.5405405405405405
Tm3,0.1,0.5,positive,-0.6,0.5405405405405405
Tm3,0.1,0.5,positive,-0.575,0.5405405405405405
Tm3,0.1,0.5,positive,-0.55,0.5405405405405405
Tm3,0.1,0.5,positive,-0.525,0.27027027027027023
Tm3,0.1,0.5,positive,-0.5,0.5405405405405405
Tm3,0.1,0.5,positive,-0.475,0.5405405405405405
Tm3,0.1,0.5,negative,-0.475,-0.8108108108108107
Tm3,0.1,0.5,positive,-0.45,0.5405405405405405
Tm3,0.1,0.5,negative,-0.45,-1.081081081081081
Tm3,0.1,0.5,positive,-0.425,0.8108108108108107
Tm3,0.1,0.5,negative,-0.425,-0.8108108108108107
Tm3,0.1,0.5,positive,-0.4,0.8108108108108107
Tm3,0.1,0.5,negative,-0.4,-0.8108108108108107
Tm3,0.1,0.5,positive,-0.375,0.8108108108108107
Tm3,0.1,0.5,negative,-0.375,-0.8108108108108107
Tm3,0.1,0.5,positive,-0.35,0.5405405405405405
Tm3,0.1,0.5,negative,-0.35,-1.081081081081081
Tm3,0.1,0.5,positive,-0.325,0.27027027027027023
Tm3,0.1,0.5,negative,-0.325,-1.081081081081081
Tm3,0.1,0.5,positive,-0.3,0.27027027027027023
Tm3,0.1,0.5,positive,-0.275,0.27027027027027023
Tm3,0.1,0.5,negative,-0.275,-0.27027027027027023
Tm3,0.1,0.5,negative,-0.25,-0.27027027027027023
Tm3,0.1,0.5,positive,-0.2,0.5405405405405405
Tm3,0.1,0.5,negative,-0.2,-0.8108108108108107
Tm3,0.1,0.5,positive,-0.175,0.8108108108108107
Tm3,0.1,0.5,negative,-0.175,-0.8108108108108107
Tm3,0.1,0.5,positive,-0.15,0.8108108108108107
Tm3,0.1,0.5,negative,-0.15,-0.8108108108108107
Tm3,0.1,0.5,positive,-0.125,0.8108108108108107
Tm3,0.1,0.5,positive,-0.1,0.5405405405405405
Tm3,0.1,0.5,negative,-0.1,-0.27027027027027023
Tm3,0.1,0.5,negative,-0.075,-0.27027027027027023
Tm3,0.1,0.5,negative,-0.05,-0.5405405405405405
Tm3,0.1,0.5,positive,-0.025,0.5405405405405405
Tm3,0.1,0.5,negative,-0.025,-0.5405405405405405
Tm3,0.1,0.5,positive,0.0,0.5405405405405405
Tm3,0.1,0.5,negative,0.0,-0.8108108108108107
Tm3,0.1,0.5,positive,0.025,0.5405405405405405
Tm3,0.1,0.5,negative,0.025,-0.8108108108108107
Tm3,0.1,0.5,positive,0.05,1.6216216216216215
Tm3,0.1,0.5,negative,0.05,-0.8108108108108107
Tm3,0.1,0.5,positive,0.075,4.594594594594595
Tm3,0.1,0.5,negative,0.075,-1.081081081081081
Tm3,0.1,0.5,positive,0.1,5.945945945945946
Tm3,0.1,0.5,negative,0.1,-3.513513513513513
Tm3,0.1,0.5,positive,0.125,15.945945945945946
Tm3,0.1,0.5,negative,0.125,-5.945945945945946
Tm3,0.1,0.5,positive,0.15,15.945945945945946
Tm3,0.1,0.5,negative,0.15,-7.297297297297297
Tm3,0.1,0.5,positive,0.175,18.37837837837838
Tm3,0.1,0.5,negative,0.175,-7.297297297297297
Tm3,0.1,0.5,positive,0.2,18.91891891891892
Tm3,0.1,0.5,negative,0.2,-7.837837837837838
Tm3,0.1,0.5,positive,0.225,19.72972972972973
Tm3,0.1,0.5,negative,0.225,-8.378378378378377
Tm3,0.1,0.5,positive,0.25,20.0
Tm3,0.1,0.5,negative,0.25,-8.378378378378377
Tm3,0.1,0.5,positive,0.275,20.27027027027027
Tm3,0.1,0.5,negative,0.275,-8.91891891891892
Tm3,0.1,0.5,positive,0.3,20.27027027027027
Tm3,0.1,0.5,negative,0.3,-8.91891891891892
Tm3,0.1,0.5,positive,0.325,20.27027027027027
Tm3,0.1,0.5,negative,0.325,-8.91891891891892
Tm3,0.1,0.5,positive,0.35,20.54054054054054
Tm3,0.1,0.5,negative,0.35,-9.18918918918919
Tm3,0.1,0.5,positive,0.375,20.54054054054054
Tm3,0.1,0.5,negative,0.375,-9.18918918918919
Tm3,0.1,0.5,positive,0.4,20.0
Tm3,0.1,0.5,negative,0.4,-9.18918918918919
Tm3,0.1,0.5,positive,0.425,19.72972972972973
Tm3,0.1,0.5,negative,0.425,-9.18918918918919
Tm3,0.1,0.5,positive,0.45,19.45945945945946
Tm3,0.1,0.5,negative,0.45,-9.18918918918919
Tm3,0.1,0.5,positive,0.475,19.45945945945946
Tm3,0.1,0.5,negative,0.475,-8.91891891891892
Tm3,0.1,0.5,positive,0.5,19.18918918918919
Tm3,0.1,0.5,negative,0.5,-8.91891891891892
Tm3,0.1,0.5,positive,0.525,18.91891891891892
Tm3,0.1,0.5,negative,0.525,-8.648648648648647
Tm3,0.1,0.5,positive,0.55,18.91891891891892
Tm3,0.1,0.5,negative,0.55,-8.378378378378377
Tm3,0.1,0.5,positive,0.575,18.91891891891892
Tm3,0.1,0.5,negative,0.575,-8.378378378378377
Tm3,0.1,0.5,positive,0.6,18.37837837837838
Tm3,0.1,0.5,negative,0.6,-8.108108108108107
Tm3,0.1,0.5,positive,0.625,17.56756756756757
Tm3,0.1,0.5,negative,0.625,-7.837837837837838
Tm3,0.1,0.5,positive,0.65,16.756756756756754
Tm3,0.1,0.5,negative,0.65,-7.837837837837838
Tm3,0.1,0.5,positive,0.675,15.405405405405405
Tm3,0.1,0.5,negative,0.675,-7.5675675675675675
Tm3,0.1,0.5,positive,0.7,15.405405405405405
Tm3,0.1,0.5,negative,0.7,-7.027027027027026
Tm3,0.1,0.5,positive,0.725,14.594594594594595
Tm3,0.1,0.5,negative,0.725,-7.027027027027026
Tm3,0.1,0.5,positive,0.75,14.054054054054053
Tm3,0.1,0.5,negative,0.75,-7.027027027027026
Tm3,0.1,0.5,positive,0.775,13.243243243243242
Tm3,0.1,0.5,negative,0.775,-7.027027027027026
Tm3,0.1,0.5,positive,0.8,12.972972972972972
Tm3,0.1,0.5,negative,0.8,-7.027027027027026
Tm3,0.1,0.5,positive,0.825,11.621621621621621
Tm3,0.1,0.5,negative,0.825,-7.027027027027026
Tm3,0.1,0.5,positive,0.85,10.81081081081081
Tm3,0.1,0.5,negative,0.85,-7.297297297297297
Tm3,0.1,0.5,positive,0.875,10.27027027027027
Tm3,0.1,0.5,negative,0.875,-7.027027027027026
Tm3,0.1,0.5,positive,0.9,9.18918918918919
Tm3,0.1,0.5,negative,0.9,-7.027027027027026
Tm3,0.1,0.5,positive,0.925,8.91891891891892
Tm3,0.1,0.5,negative,0.925,-6.756756756756756
Tm3,0.1,0.5,positive,0.95,8.648648648648647
Tm3,0.1,0.5,negative,0.95,-6.756756756756756
Tm3,0.1,0.5,positive,0.975,8.648648648648647
Tm3,0.1,0.5,negative,0.975,-6.756756756756756
Tm3,0.1,0.5,positive,1.0,8.108108108108107
Tm3,0.1,0.5,negative,1.0,-6.756756756756756
Tm3,0.1,0.5,positive,1.025,7.5675675675675675
Tm3,0.1,0.5,negative,1.025,-6.486486486486486
Tm3,0.1,0.5,positive,1.05,7.297297297297297
Tm3,0.1,0.5,negative,1.05,-6.216216216216216
Tm3,0.1,0.5,positive,1.075,6.216216216216216
Tm3,0.1,0.5,negative,1.075,-5.945945945945946
Tm3,0.1,0.5,positive,1.1,5.675675675675675
Tm3,0.1,0.5,negative,1.1,-5.405405405405405
Tm3,0.1,0.5,positive,1.125,4.594594594594595
Tm3,0.1,0.5,negative,1.125,-5.405405405405405
Tm3,0.1,0.5,positive,1.15,4.0540540540540535
Tm3,0.1,0.5,negative,1.15,-5.405405405405405
Tm3,0.1,0.5,positive,1.175,3.513513513513513
Tm3,0.1,0.5,negative,1.175,-5.135135135135135
Tm3,0.1,0.5,positive,1.2,3.243243243243243
Tm3,0.1,0.5,negative,1.2,-5.135135135135135
Tm3,0.1,0.5,positive,1.225,3.243243243243243
Tm3,0.1,0.5,negative,1.225,-5.135135135135135
Tm3,0.1,0.5,positive,1.25,2.7027027027027026
Tm3,0.1,0.5,negative,1.25,-5.405405405405405
Tm3,0.1,0.5,positive,1.275,2.4324324324324325
Tm3,0.1,0.5,negative,1.275,-5.405405405405405
Tm3,0.1,0.5,positive,1.3,2.4324324324324325
Tm3,0.1,0.5,negative,1.3,-5.405405405405405
Tm3,0.1,0.5,positive,1.325,2.4324324324324325
Tm3,0.1,0.5,negative,1.325,-5.675675675675675
Tm3,0.1,0.5,positive,1.35,2.162162162162162
Tm3,0.1,0.5,negative,1.35,-5.675675675675675
Tm3,0.1,0.5,positive,1.375,1.8918918918918919
Tm3,0.1,0.5,negative,1.375,-5.675675675675675
Tm3,0.1,0.5,positive,1.4,1.6216216216216215
Tm3,0.1,0.5,negative,1.4,-5.675675675675675
Tm3,0.1,0.5,positive,1.425,1.6216216216216215
Tm3,0.1,0.5,negative,1.425,-5.675675675675675
Tm3,0.1,0.5,positive,1.45,1.3513513513513513
Tm3,0.1,0.5,negative,1.45,-5.675675675675675
Tm3,0.1,0.5,positive,1.475,0.5405405405405405
Tm3,0.1,0.5,negative,1.475,-5.675675675675675
Tm3,0.1,0.5,positive,1.5,0.5405405405405405
Tm3,0.1,0.5,negative,1.5,-5.675675675675675
Tm3,0.1,0.5,positive,1.525,0.27027027027027023
Tm3,0.1,0.5,negative,1.525,-5.675675675675675
Tm3,0.1,0.5,positive,1.55,0.27027027027027023
Tm3,0.1,0.5,negative,1.55,-5.675675675675675
Tm3,0.1,0.5,positive,1.575,0.27027027027027023
Tm3,0.1,0.5,negative,1.575,-5.675675675675675
Tm3,0.1,0.5,negative,1.6,-0.27027027027027023
Tm3,0.1,0.5,negative,1.625,-5.675675675675675
Tm3,0.1,0.5,positive,1.65,0.27027027027027023
Tm3,0.1,0.5,negative,1.65,-5.405405405405405
Tm3,0.1,0.5,positive,1.675,0.5405405405405405
Tm3,0.1,0.5,negative,1.675,-5.405405405405405
Tm3,0.1,0.5,positive,1.7,1.6216216216216215
Tm3,0.1,0.5,negative,1.7,-5.135135135135135
Tm3,0.1,0.5,positive,1.725,1.6216216216216215
Tm3,0.1,0.5,negative,1.725,-4.864864864864865
Tm3,0.1,0.5,positive,1.75,1.3513513513513513
Tm3,0.1,0.5,negative,1.75,-4.864864864864865
Tm3,0.1,0.5,positive,1.775,0.5405405405405405
Tm3,0.1,0.5,negative,1.775,-4.864864864864865
Tm3,0.1,0.5,positive,1.8,0.8108108108108107
Tm3,0.1,0.5,negative,1.8,-4.864864864864865
Tm3,0.1,0.5,positive,1.825,0.8108108108108107
Tm3,0.1,0.5,negative,1.825,-4.864864864864865
Tm3,0.1,0.5,positive,1.85,0.8108108108108107
Tm3,0.1,0.5,negative,1.85,-4.864864864864865
Tm3,0.1,0.5,positive,1.875,0.5405405405405405
Tm3,0.1,0.5,negative,1.875,-4.864864864864865
Tm3,0.1,0.5,positive,1.9,1.081081081081081
Tm3,0.1,0.5,negative,1.9,-4.864864864864865
Tm3,0.1,0.5,positive,1.925,0.8108108108108107
Tm3,0.1,0.5,negative,1.925,-4.864864864864865
Tm3,0.1,0.5,positive,1.95,0.8108108108108107
Tm3,0.1,0.5,negative,1.95,-4.864864864864865
Tm3,0.1,0.5,positive,1.975,0.27027027027027023
Tm3,0.1,0.5,negative,1.975,-4.864864864864865
Tm3,0.1,0.5,positive,2.0,0.27027027027027023
Tm3,0.1,0.5,negative,2.0,-4.864864864864865
Tm3,0.1,0.5,positive,2.025,0.5405405405405405
Tm3,0.1,0.5,negative,2.025,-4.864864864864865
Tm3,0.1,0.5,positive,2.05,0.8108108108108107
Tm3,0.1,0.5,negative,2.05,-4.594594594594595
Tm3,0.1,0.5,positive,2.075,1.081081081081081
Tm3,0.1,0.5,negative,2.075,-4.594594594594595
Tm3,0.1,0.5,positive,2.1,1.081081081081081
Tm3,0.1,0.5,negative,2.1,-4.594594594594595
Tm3,0.1,0.5,positive,2.125,1.081081081081081
Tm3,0.1,0.5,negative,2.125,-4.324324324324324
Tm3,0.1,0.5,positive,2.15,1.081081081081081
Tm3,0.1,0.5,negative,2.15,-4.594594594594595
Tm3,0.1,0.5,positive,2.175,1.081081081081081
Tm3,0.1,0.5,negative,2.175,-4.594594594594595
Tm3,0.1,0.5,positive,2.2,0.8108108108108107
Tm3,0.1,0.5,negative,2.2,-4.864864864864865
Tm3,0.1,0.5,positive,2.225,0.8108108108108107
Tm3,0.1,0.5,negative,2.225,-4.864864864864865
Tm3,0.1,0.5,positive,2.25,0.8108108108108107
Tm3,0.1,0.5,negative,2.25,-4.594594594594595
Tm3,0.1,0.5,positive,2.275,1.081081081081081
Tm3,0.1,0.5,negative,2.275,-4.324324324324324
Tm3,0.1,0.5,positive,2.3,1.081081081081081
Tm3,0.1,0.5,negative,2.3,-4.324324324324324
Tm3,0.1,0.5,positive,2.325,1.081081081081081
Tm3,0.1,0.5,negative,2.325,-4.324324324324324
Tm3,0.1,0.5,positive,2.35,1.081081081081081
Tm3,0.1,0.5,negative,2.35,-4.324324324324324
Tm3,0.1,0.5,positive,2.375,1.081081081081081
Tm3,0.1,0.5,negative,2.375,-4.324324324324324
Tm3,0.1,0.5,positive,2.4,1.081081081081081
Tm3,0.1,0.5,negative,2.4,-4.324324324324324
Tm3,0.1,0.5,positive,2.425,0.5405405405405405
Tm3,0.1,0.5,negative,2.425,-4.324324324324324
Tm3,0.1,0.5,positive,2.45,0.27027027027027023
Tm3,0.1,0.5,negative,2.45,-4.324324324324324
Tm3,0.1,0.5,positive,2.475,0.27027027027027023
Tm3,0.1,0.5,negative,2.475,-4.324324324324324
Tm3,0.1,0.5,positive,2.5,0.27027027027027023
Tm3,0.1,0.5,negative,2.5,-4.324324324324324
Tm3,0.1,0.5,positive,2.525,0.27027027027027023
Tm3,0.1,0.5,negative,2.525,-4.0540540540540535
Tm3,0.1,0.5,positive,2.55,1.081081081081081
Tm3,0.1,0.5,negative,2.55,-4.324324324324324
Tm3,0.1,0.5,positive,2.575,1.081081081081081
Tm3,0.1,0.5,negative,2.575,-4.594594594594595
Tm3,0.1,0.5,positive,2.6,0.8108108108108107
Tm3,0.1,0.5,negative,2.6,-4.594594594594595
Tm3,0.1,0.5,positive,2.625,0.8108108108108107
Tm3,0.1,0.5,negative,2.625,-4.864864864864865
Tm3,0.1,0.5,positive,2.65,0.5405405405405405
Tm3,0.1,0.5,negative,2.65,-5.135135135135135
Tm3,0.1,0.5,positive,2.675,0.5405405405405405
Tm3,0.1,0.5,negative,2.675,-5.135135135135135
Tm3,0.1,0.5,positive,2.7,0.27027027027027023
Tm3,0.1,0.5,negative,2.7,-4.864864864864865
Tm3,0.1,0.5,positive,2.725,0.27027027027027023
Tm3,0.1,0.5,negative,2.725,-4.594594594594595
Tm3,0.1,0.5,positive,2.75,0.27027027027027023
Tm3,0.1,0.5,negative,2.75,-4.324324324324324
Tm3,0.1,0.5,positive,2.775,0.27027027027027023
Tm3,0.1,0.5,negative,2.775,-4.324324324324324
Tm3,0.1,0.5,positive,2.8,0.5405405405405405
Tm3,0.1,0.5,negative,2.8,-4.324324324324324
Tm3,0.1,0.5,positive,2.825,0.5405405405405405
Tm3,0.1,0.5,negative,2.825,-4.324324324324324
Tm3,0.1,0.5,positive,2.85,0.5405405405405405
Tm3,0.1,0.5,negative,2.85,-4.0540540540540535
Tm3,0.1,0.5,positive,2.875,0.5405405405405405
Tm3,0.1,0.5,negative,2.875,-4.0540540540540535
Tm3,0.1,0.5,positive,2.9,0.5405405405405405
Tm3,0.1,0.5,negative,2.9,-3.7837837837837838
Tm3,0.1,0.5,positive,2.925,0.5405405405405405
Tm3,0.1,0.5,negative,2.925,-3.7837837837837838
Tm3,0.1,0.5,positive,2.95,0.8108108108108107
Tm3,0.1,0.5,negative,2.95,-3.7837837837837838
Tm3,0.1,0.5,positive,2.975,1.081081081081081
Tm3,0.1,0.5,negative,2.975,-3.7837837837837838
Tm3,0.1,0.5,positive,3.0,1.081081081081081
Tm3,0.1,0.5,negative,3.0,-4.0540540540540535
Tm3,0.1,0.5,positive,3.025,1.081081081081081
Tm3,0.1,0.5,negative,3.025,-3.7837837837837838
Tm3,0.1,0.5,positive,3.05,1.081081081081081
Tm3,0.1,0.5,negative,3.05,-3.7837837837837838
Tm3,0.1,0.5,positive,3.075,1.3513513513513513
Tm3,0.1,0.5,negative,3.075,-3.7837837837837838
Tm3,0.1,0.5,positive,3.1,1.3513513513513513
Tm3,0.1,0.5,negative,3.1,-3.7837837837837838
Tm3,0.1,0.5,positive,3.125,1.081081081081081
Tm3,0.1,0.5,negative,3.125,-3.513513513513513
Tm3,0.1,0.5,positive,3.15,0.8108108108108107
Tm3,0.1,0.5,negative,3.15,-3.513513513513513
Tm3,0.1,0.5,positive,3.175,1.081081081081081
Tm3,0.1,0.5,negative,3.175,-3.7837837837837838
Tm3,0.1,0.5,positive,3.2,1.081081081081081
Tm3,0.1,0.5,negative,3.2,-3.7837837837837838
Tm3,0.1,0.5,positive,3.225,1.081081081081081
Tm3,0.1,0.5,negative,3.225,-3.7837837837837838
Tm3,0.1,0.5,positive,3.25,1.8918918918918919
Tm3,0.1,0.5,negative,3.25,-3.7837837837837838
Tm3,0.1,0.5,positive,3.275,2.162162162162162
Tm3,0.1,0.5,negative,3.275,-3.243243243243243
Tm3,0.1,0.5,positive,3.3,1.6216216216216215
Tm3,0.1,0.5,negative,3.3,-2.972972972972973
Tm3,0.1,0.5,positive,3.325,0.8108108108108107
Tm3,0.1,0.5,negative,3.325,-2.972972972972973
Tm3,0.1,0.5,positive,3.35,0.5405405405405405
Tm3,0.1,0.5,negative,3.35,-3.243243243243243
Tm3,0.1,0.5,positive,3.375,0.8108108108108107
Tm3,0.1,0.5,negative,3.375,-3.513513513513513
Tm3,0.1,0.5,positive,3.4,0.8108108108108107
Tm3,0.1,0.5,negative,3.4,-3.513513513513513
Tm3,0.1,0.5,positive,3.425,0.5405405405405405
Tm3,0.1,0.5,negative,3.425,-3.7837837837837838
Tm3,0.1,0.5,positive,3.45,0.5405405405405405
Tm3,0.1,0.5,negative,3.45,-3.7837837837837838
Tm3,0.1,0.5,positive,3.475,0.5405405405405405
Tm3,0.1,0.5,negative,3.475,-3.7837837837837838
Tm3,0.1,0.5,positive,3.5,0.27027027027027023
Tm3,0.1,0.5,negative,3.5,-3.7837837837837838
Tm3,0.1,0.5,positive,3.525,0.27027027027027023
Tm3,0.1,0.5,negative,3.525,-3.7837837837837838
Tm3,0.1,0.5,positive,3.55,0.27027027027027023
Tm3,0.1,0.5,negative,3.55,-3.7837837837837838
Tm3,0.1,0.5,negative,3.575,-4.324324324324324
Tm3,0.1,0.5,positive,3.6,0.5405405405405405
Tm3,0.1,0.5,negative,3.6,-4.324324324324324
Tm3,0.1,0.5,positive,3.625,0.27027027027027023
Tm3,0.1,0.5,negative,3.625,-4.324324324324324
Tm3,0.1,0.5,positive,3.65,0.5405405405405405
Tm3,0.1,0.5,negative,3.65,-4.324324324324324
Tm3,0.1,0.5,positive,3.675,0.5405405405405405
Tm3,0.1,0.5,negative,3.675,-4.324324324324324
Tm3,0.1,0.5,positive,3.7,0.5405405405405405
Tm3,0.1,0.5,negative,3.7,-4.0540540540540535
Tm3,0.1,0.5,positive,3.725,1.6216216216216215
Tm3,0.1,0.5,negative,3.725,-3.7837837837837838
Tm3,0.1,0.5,positive,3.75,2.162162162162162
Tm3,0.1,0.5,negative,3.75,-2.972972972972973
Tm3,0.1,0.5,positive,3.775,2.162162162162162
Tm3,0.1,0.5,negative,3.775,-2.972972972972973
Tm3,0.1,0.5,positive,3.8,1.6216216216216215
Tm3,0.1,0.5,negative,3.8,-2.7027027027027026
Tm3,0.1,0.5,positive,3.825,1.3513513513513513
Tm3,0.1,0.5,negative,3.825,-2.7027027027027026
Tm3,0.1,0.5,positive,3.85,0.8108108108108107
Tm3,0.1,0.5,negative,3.85,-2.7027027027027026
Tm3,0.1,0.5,positive,3.875,0.5405405405405405
Tm3,0.1,0.5,negative,3.875,-2.972972972972973
Tm3,0.1,0.5,positive,3.9,0.27027027027027023
Tm3,0.1,0.5,negative,3.9,-2.972972972972973
Tm3,0.1,0.5,positive,3.925,0.27027027027027023
Tm3,0.1,0.5,negative,3.925,-2.972972972972973
Tm3,0.1,0.5,positive,3.95,0.27027027027027023
Tm3,0.1,0.5,negative,3.95,-2.972972972972973
Tm3,0.1,0.5,positive,3.975,0.27027027027027023
Tm3,0.1,0.5,negative,3.975,-2.972972972972973
Tm3,0.1,0.5,positive,4.0,0.5405405405405405
Tm3,0.1,0.5,negative,4.0,-2.972972972972973
Tm3,0.1,0.5,positive,4.025,0.5405405405405405
Tm3,0.1,0.5,negative,4.025,-2.972972972972973
Tm3,0.1,0.5,positive,4.05,1.081081081081081
Tm3,0.1,0.5,negative,4.05,-2.972972972972973
Tm3,0.1,0.5,positive,4.075,1.081081081081081
Tm3,0.1,0.5,negative,4.075,-2.972972972972973
Tm3,0.1,0.5,positive,4.1,0.8108108108108107
Tm3,0.1,0.5,negative,4.1,-2.972972972972973
Tm3,0.1,0.5,positive,4.125,0.5405405405405405
Tm3,0.1,0.5,negative,4.125,-2.7027027027027026
Tm3,0.1,0.5,positive,4.15,0.5405405405405405
Tm3,0.1,0.5,negative,4.15,-2.4324324324324325
Tm3,0.1,0.5,positive,4.175,0.8108108108108107
Tm3,0.1,0.5,negative,4.175,-2.4324324324324325
Tm3,0.1,0.5,positive,4.2,1.3513513513513513
Tm3,0.1,0.5,negative,4.2,-2.4324324324324325
Tm3,0.1,0.5,positive,4.225,1.6216216216216215
Tm3,0.1,0.5,negative,4.225,-2.4324324324324325
Tm3,0.1,0.5,positive,4.25,1.8918918918918919
Tm3,0.1,0.5,negative,4.25,-2.7027027027027026
Tm3,0.1,0.5,positive,4.275,2.4324324324324325
Tm3,0.1,0.5,negative,4.275,-2.7027027027027026
Tm3,0.1,0.5,positive,4.3,2.7027027027027026
Tm3,0.1,0.5,negative,4.3,-2.7027027027027026
Tm3,0.1,0.5,positive,4.325,2.7027027027027026
Tm3,0.1,0.5,negative,4.325,-2.4324324324324325
Tm3,0.1,0.5,positive,4.35,2.4324324324324325
Tm3,0.1,0.5,negative,4.35,-2.4324324324324325
Tm3,0.1,0.5,positive,4.375,1.8918918918918919
Tm3,0.1,0.5,negative,4.375,-2.4324324324324325
Tm3,0.1,0.5,positive,4.4,1.3513513513513513
Tm3,0.1,0.5,negative,4.4,-2.7027027027027026
Tm3,0.1,0.5,positive,4.425,1.081081081081081
Tm3,0.1,0.5,negative,4.425,-2.972972972972973
Tm3,0.1,0.5,positive,4.45,0.8108108108108107
Tm3,0.1,0.5,negative,4.45,-2.972972972972973
Tm3,0.1,0.5,positive,4.475,1.081081081081081
Tm3,0.1,0.5,negative,4.475,-3.243243243243243
Tm3,0.1,0.5,positive,4.5,1.081081081081081
Tm3,0.1,0.5,negative,4.5,-3.243243243243243
Tm3,0.1,0.5,positive,4.525,1.081081081081081
Tm3,0.1,0.5,negative,4.525,-3.243243243243243
Tm3,0.1,0.5,positive,4.55,1.081081081081081
Tm3,0.1,0.5,negative,4.55,-2.7027027027027026
Tm3,0.5,0.9,negative,-0.925,-0.5405405405405405
Tm3,0.5,0.9,negative,-0.9,-0.5405405405405405
Tm3,0.5,0.9,negative,-0.875,-0.5405405405405405
Tm3,0.5,0.9,negative,-0.85,-0.5405405405405405
Tm3,0.5,0.9,positive,-0.825,0.27027027027027023
Tm3,0.5,0.9,negative,-0.825,-1.081081081081081
Tm3,0.5,0.9,positive,-0.8,0.27027027027027023
Tm3,0.5,0.9,negative,-0.8,-1.081081081081081
Tm3,0.5,0.9,positive,-0.775,0.27027027027027023
Tm3,0.5,0.9,negative,-0.775,-1.081081081081081
Tm3,0.5,0.9,positive,-0.75,0.27027027027027023
Tm3,0.5,0.9,negative,-0.75,-1.081081081081081
Tm3,0.5,0.9,positive,-0.725,0.27027027027027023
Tm3,0.5,0.9,negative,-0.725,-0.5405405405405405
Tm3,0.5,0.9,positive,-0.7,0.27027027027027023
Tm3,0.5,0.9,negative,-0.7,-0.27027027027027023
Tm3,0.5,0.9,positive,-0.675,0.27027027027027023
Tm3,0.5,0.9,negative,-0.675,-0.27027027027027023
Tm3,0.5,0.9,positive,-0.65,0.27027027027027023
Tm3,0.5,0.9,negative,-0.65,-0.27027027027027023
Tm3,0.5,0.9,positive,-0.625,1.3513513513513513
Tm3,0.5,0.9,negative,-0.625,-0.5405405405405405
Tm3,0.5,0.9,positive,-0.6,1.3513513513513513
Tm3,0.5,0.9,negative,-0.6,-0.5405405405405405
Tm3,0.5,0.9,positive,-0.575,1.6216216216216215
Tm3,0.5,0.9,negative,-0.575,-0.27027027027027023
Tm3,0.5,0.9,positive,-0.55,0.27027027027027023
Tm3,0.5,0.9,negative,-0.55,-0.27027027027027023
Tm3,0.5,0.9,positive,-0.525,0.27027027027027023
Tm3,0.5,0.9,negative,-0.525,-0.27027027027027023
Tm3,0.5,0.9,positive,-0.5,0.27027027027027023
Tm3,0.5,0.9,positive,-0.475,0.27027027027027023
Tm3,0.5,0.9,positive,-0.45,1.3513513513513513
Tm3,0.5,0.9,negative,-0.45,-0.27027027027027023
Tm3,0.5,0.9,positive,-0.425,1.3513513513513513
Tm3,0.5,0.9,negative,-0.425,-0.27027027027027023
Tm3,0.5,0.9,positive,-0.4,1.081081081081081
Tm3,0.5,0.9,negative,-0.4,-0.27027027027027023
Tm3,0.5,0.9,positive,-0.375,0.5405405405405405
Tm3,0.5,0.9,negative,-0.375,-0.27027027027027023
Tm3,0.5,0.9,positive,-0.35,0.27027027027027023
Tm3,0.5,0.9,negative,-0.35,-0.8108108108108107
Tm3,0.5,0.9,positive,-0.325,0.27027027027027023
Tm3,0.5,0.9,negative,-0.325,-0.27027027027027023
Tm3,0.5,0.9,negative,-0.3,-0.27027027027027023
Tm3,0.5,0.9,negative,-0.275,-0.27027027027027023
Tm3,0.5,0.9,negative,-0.25,-0.27027027027027023
Tm3,0.5,0.9,negative,-0.225,-0.5405405405405405
Tm3,0.5,0.9,negative,-0.2,-0.5405405405405405
Tm3,0.5,0.9,positive,-0.175,0.27027027027027023
Tm3,0.5,0.9,negative,-0.175,-1.6216216216216215
Tm3,0.5,0.9,positive,-0.15,0.27027027027027023
Tm3,0.5,0.9,negative,-0.15,-1.6216216216216215
Tm3,0.5,0.9,positive,-0.125,0.27027027027027023
Tm3,0.5,0.9,negative,-0.125,-1.8918918918918919
Tm3,0.5,0.9,positive,-0.1,0.27027027027027023
Tm3,0.5,0.9,negative,-0.1,-1.6216216216216215
Tm3,0.5,0.9,negative,-0.075,-1.3513513513513513
Tm3,0.5,0.9,positive,-0.05,0.27027027027027023
Tm3,0.5,0.9,negative,-0.05,-0.27027027027027023
Tm3,0.5,0.9,positive,-0.025,0.27027027027027023
Tm3,0.5,0.9,negative,-0.025,-0.27027027027027023
Tm3,0.5,0.9,positive,0.0,0.27027027027027023
Tm3,0.5,0.9,negative,0.0,-0.27027027027027023
Tm3,0.5,0.9,positive,0.025,0.27027027027027023
Tm3,0.5,0.9,positive,0.05,0.27027027027027023
Tm3,0.5,0.9,negative,0.05,-1.3513513513513513
Tm3,0.5,0.9,positive,0.075,0.27027027027027023
Tm3,0.5,0.9,negative,0.075,-1.3513513513513513
Tm3,0.5,0.9,positive,0.1,4.594594594594595
Tm3,0.5,0.9,negative,0.1,-4.0540540540540535
Tm3,0.5,0.9,positive,0.125,12.162162162162161
Tm3,0.5,0.9,negative,0.125,-7.027027027027026
Tm3,0.5,0.9,positive,0.15,12.162162162162161
Tm3,0.5,0.9,negative,0.15,-7.297297297297297
Tm3,0.5,0.9,positive,0.175,13.243243243243242
Tm3,0.5,0.9,negative,0.175,-8.91891891891892
Tm3,0.5,0.9,positive,0.2,13.783783783783782
Tm3,0.5,0.9,negative,0.2,-9.45945945945946
Tm3,0.5,0.9,positive,0.225,13.783783783783782
Tm3,0.5,0.9,negative,0.225,-10.27027027027027
Tm3,0.5,0.9,positive,0.25,13.783783783783782
Tm3,0.5,0.9,negative,0.25,-10.27027027027027
Tm3,0.5,0.9,positive,0.275,13.513513513513512
Tm3,0.5,0.9,negative,0.275,-10.27027027027027
Tm3,0.5,0.9,positive,0.3,13.243243243243242
Tm3,0.5,0.9,negative,0.3,-10.27027027027027
Tm3,0.5,0.9,positive,0.325,12.972972972972972
Tm3,0.5,0.9,positive,0.35,12.432432432432432
Tm3,0.5,0.9,negative,0.35,-9.72972972972973
Tm3,0.5,0.9,positive,0.375,12.162162162162161
Tm3,0.5,0.9,negative,0.375,-9.72972972972973
Tm3,0.5,0.9,positive,0.4,11.891891891891891
Tm3,0.5,0.9,negative,0.4,-9.45945945945946
Tm3,0.5,0.9,positive,0.425,11.621621621621621
Tm3,0.5,0.9,negative,0.425,-9.45945945945946
Tm3,0.5,0.9,positive,0.45,11.621621621621621
Tm3,0.5,0.9,negative,0.45,-8.378378378378377
Tm3,0.5,0.9,positive,0.475,11.35135135135135
Tm3,0.5,0.9,negative,0.475,-8.378378378378377
Tm3,0.5,0.9,positive,0.5,11.35135135135135
Tm3,0.5,0.9,negative,0.5,-8.108108108108107
Tm3,0.5,0.9,positive,0.525,10.54054054054054
Tm3,0.5,0.9,negative,0.525,-8.108108108108107
Tm3,0.5,0.9,positive,0.55,10.27027027027027
Tm3,0.5,0.9,negative,0.55,-7.837837837837838
Tm3,0.5,0.9,positive,0.575,10.0
Tm3,0.5,0.9,negative,0.575,-7.5675675675675675
Tm3,0.5,0.9,positive,0.6,9.72972972972973
Tm3,0.5,0.9,negative,0.6,-7.297297297297297
Tm3,0.5,0.9,positive,0.625,9.45945945945946
Tm3,0.5,0.9,positive,0.65,9.45945945945946
Tm3,0.5,0.9,negative,0.65,-7.027027027027026
Tm3,0.5,0.9,positive,0.675,9.45945945945946
Tm3,0.5,0.9,negative,0.675,-7.027027027027026
Tm3,0.5,0.9,positive,0.7,9.18918918918919
Tm3,0.5,0.9,negative,0.7,-6.756756756756756
Tm3,0.5,0.9,positive,0.725,8.378378378378377
Tm3,0.5,0.9,negative,0.725,-6.756756756756756
Tm3,0.5,0.9,positive,0.75,7.5675675675675675
Tm3,0.5,0.9,positive,0.775,7.027027027027026
Tm3,0.5,0.9,negative,0.775,-5.675675675675675
Tm3,0.5,0.9,positive,0.8,7.027027027027026
Tm3,0.5,0.9,negative,0.8,-5.405405405405405
Tm3,0.5,0.9,positive,0.825,7.027027027027026
Tm3,0.5,0.9,negative,0.825,-5.405405405405405
Tm3,0.5,0.9,positive,0.85,7.027027027027026
Tm3,0.5,0.9,positive,0.875,6.756756756756756
Tm3,0.5,0.9,negative,0.875,-5.675675675675675
Tm3,0.5,0.9,positive,0.9,5.945945945945946
Tm3,0.5,0.9,negative,0.9,-5.675675675675675
Tm3,0.5,0.9,positive,0.925,5.405405405405405
Tm3,0.5,0.9,negative,0.925,-5.405405405405405
Tm3,0.5,0.9,positive,0.95,5.405405405405405
Tm3,0.5,0.9,negative,0.95,-4.594594594594595
Tm3,0.5,0.9,positive,0.975,4.594594594594595
Tm3,0.5,0.9,negative,0.975,-4.324324324324324
Tm3,0.5,0.9,positive,1.0,4.0540540540540535
Tm3,0.5,0.9,negative,1.0,-4.0540540540540535
Tm3,0.5,0.9,positive,1.025,3.7837837837837838
Tm3,0.5,0.9,negative,1.025,-4.0540540540540535
Tm3,0.5,0.9,positive,1.05,3.7837837837837838
Tm3,0.5,0.9,negative,1.05,-3.513513513513513
Tm3,0.5,0.9,positive,1.075,4.0540540540540535
Tm3,0.5,0.9,negative,1.075,-3.513513513513513
Tm3,0.5,0.9,positive,1.1,3.7837837837837838
Tm3,0.5,0.9,negative,1.1,-3.243243243243243
Tm3,0.5,0.9,positive,1.125,3.513513513513513
Tm3,0.5,0.9,negative,1.125,-3.243243243243243
Tm3,0.5,0.9,positive,1.15,3.243243243243243
Tm3,0.5,0.9,positive,1.175,3.243243243243243
Tm3,0.5,0.9,negative,1.175,-2.4324324324324325
Tm3,0.5,0.9,positive,1.2,3.243243243243243
Tm3,0.5,0.9,negative,1.2,-2.7027027027027026
Tm3,0.5,0.9,positive,1.225,3.243243243243243
Tm3,0.5,0.9,negative,1.225,-2.7027027027027026
Tm3,0.5,0.9,positive,1.25,2.972972972972973
Tm3,0.5,0.9,negative,1.25,-2.972972972972973
Tm3,0.5,0.9,positive,1.275,2.972972972972973
Tm3,0.5,0.9,negative,1.275,-3.243243243243243
Tm3,0.5,0.9,positive,1.3,2.972972972972973
Tm3,0.5,0.9,negative,1.3,-3.243243243243243
Tm3,0.5,0.9,positive,1.325,2.972972972972973
Tm3,0.5,0.9,negative,1.325,-3.513513513513513
Tm3,0.5,0.9,positive,1.35,2.7027027027027026
Tm3,0.5,0.9,negative,1.35,-3.513513513513513
Tm3,0.5,0.9,positive,1.375,2.162162162162162
Tm3,0.5,0.9,negative,1.375,-3.513513513513513
Tm3,0.5,0.9,positive,1.4,1.8918918918918919
Tm3,0.5,0.9,negative,1.4,-3.513513513513513
Tm3,0.5,0.9,positive,1.425,1.6216216216216215
Tm3,0.5,0.9,negative,1.425,-3.243243243243243
Tm3,0.5,0.9,positive,1.45,1.3513513513513513
Tm3,0.5,0.9,negative,1.45,-2.972972972972973
Tm3,0.5,0.9,positive,1.475,1.081081081081081
Tm3,0.5,0.9,positive,1.5,0.8108108108108107
Tm3,0.5,0.9,negative,1.5,-2.4324324324324325
Tm3,0.5,0.9,positive,1.525,0.27027027027027023
Tm3,0.5,0.9,negative,1.525,-2.4324324324324325
Tm3,0.5,0.9,positive,1.55,0.5405405405405405
Tm3,0.5,0.9,negative,1.55,-2.4324324324324325
Tm3,0.5,0.9,positive,1.575,1.081081081081081
Tm3,0.5,0.9,negative,1.575,-2.7027027027027026
Tm3,0.5,0.9,positive,1.6,1.3513513513513513
Tm3,0.5,0.9,negative,1.6,-1.6216216216216215
Tm3,0.5,0.9,positive,1.625,1.081081081081081
Tm3,0.5,0.9,negative,1.625,-1.6216216216216215
Tm3,0.5,0.9,positive,1.65,0.27027027027027023
Tm3,0.5,0.9,negative,1.65,-1.3513513513513513
Tm3,0.5,0.9,positive,1.675,0.27027027027027023
Tm3,0.5,0.9,negative,1.675,-1.3513513513513513
Tm3,0.5,0.9,positive,1.7,0.27027027027027023
Tm3,0.5,0.9,negative,1.7,-0.27027027027027023
Tm3,0.5,0.9,negative,1.725,-0.27027027027027023
Tm3,0.5,0.9,negative,1.75,-0.5405405405405405
Tm3,0.5,0.9,negative,1.775,-0.5405405405405405
Tm3,0.5,0.9,negative,1.8,-0.8108108108108107
Tm3,0.5,0.9,negative,1.825,-1.081081081081081
Tm3,0.5,0.9,negative,1.85,-0.5405405405405405
Tm3,0.5,0.9,positive,1.875,0.27027027027027023
Tm3,0.5,0.9,negative,1.875,-0.5405405405405405
Tm3,0.5,0.9,positive,1.9,0.27027027027027023
Tm3,0.5,0.9,negative,1.9,-1.8918918918918919
Tm3,0.5,0.9,positive,1.925,0.27027027027027023
Tm3,0.5,0.9,negative,1.925,-1.6216216216216215
Tm3,0.5,0.9,positive,1.95,0.5405405405405405
Tm3,0.5,0.9,negative,1.95,-1.6216216216216215
Tm3,0.5,0.9,positive,1.975,0.8108108108108107
Tm3,0.5,0.9,negative,1.975,-1.081081081081081
Tm3,0.5,0.9,positive,2.0,0.8108108108108107
Tm3,0.5,0.9,negative,2.0,-1.081081081081081
Tm3,0.5,0.9,positive,2.025,1.081081081081081
Tm3,0.5,0.9,negative,2.025,-0.8108108108108107
Tm3,0.5,0.9,positive,2.05,1.081081081081081
Tm3,0.5,0.9,negative,2.05,-0.8108108108108107
Tm3,0.5,0.9,positive,2.075,1.081081081081081
Tm3,0.5,0.9,negative,2.075,-0.8108108108108107
Tm3,0.5,0.9,positive,2.1,1.081081081081081
Tm3,0.5,0.9,negative,2.1,-1.6216216216216215
Tm3,0.5,0.9,positive,2.125,1.081081081081081
Tm3,0.5,0.9,negative,2.125,-1.6216216216216215
Tm3,0.5,0.9,positive,2.15,1.3513513513513513
Tm3,0.5,0.9,negative,2.15,-1.6216216216216215
Tm3,0.5,0.9,positive,2.175,1.6216216216216215
Tm3,0.5,0.9,negative,2.175,-1.8918918918918919
Tm3,0.5,0.9,positive,2.2,2.7027027027027026
Tm3,0.5,0.9,negative,2.2,-1.6216216216216215
Tm3,0.5,0.9,positive,2.225,2.972972972972973
Tm3,0.5,0.9,negative,2.225,-1.3513513513513513
Tm3,0.5,0.9,positive,2.25,2.972972972972973
Tm3,0.5,0.9,negative,2.25,-1.3513513513513513
Tm3,0.5,0.9,positive,2.275,2.972972972972973
Tm3,0.5,0.9,negative,2.275,-1.3513513513513513
Tm3,0.5,0.9,positive,2.3,2.4324324324324325
Tm3,0.5,0.9,negative,2.3,-1.3513513513513513
Tm3,0.5,0.9,positive,2.325,2.162162162162162
Tm3,0.5,0.9,positive,2.35,1.8918918918918919
Tm3,0.5,0.9,negative,2.35,-1.8918918918918919
Tm3,0.5,0.9,positive,2.375,1.8918918918918919
Tm3,0.5,0.9,negative,2.375,-1.8918918918918919
Tm3,0.5,0.9,positive,2.4,1.8918918918918919
Tm3,0.5,0.9,negative,2.4,-2.162162162162162
Tm3,0.5,0.9,positive,2.425,1.8918918918918919
Tm3,0.5,0.9,negative,2.425,-2.162162162162162
Tm3,0.5,0.9,positive,2.45,1.6216216216216215
Tm3,0.5,0.9,negative,2.45,-2.7027027027027026
Tm3,0.5,0.9,positive,2.475,1.3513513513513513
Tm3,0.5,0.9,negative,2.475,-2.7027027027027026
Tm3,0.5,0.9,positive,2.5,1.3513513513513513
Tm3,0.5,0.9,negative,2.5,-2.4324324324324325
Tm3,0.5,0.9,positive,2.525,1.081081081081081
Tm3,0.5,0.9,negative,2.525,-2.4324324324324325
Tm3,0.5,0.9,positive,2.55,1.081081081081081
Tm3,0.5,0.9,negative,2.55,-2.162162162162162
Tm3,0.5,0.9,positive,2.575,1.081081081081081
Tm3,0.5,0.9,negative,2.575,-2.162162162162162
Tm3,0.5,0.9,positive,2.6,1.081081081081081
Tm3,0.5,0.9,negative,2.6,-1.8918918918918919
Tm3,0.5,0.9,positive,2.625,1.3513513513513513
Tm3,0.5,0.9,negative,2.625,-1.8918918918918919
Tm3,0.5,0.9,positive,2.65,1.3513513513513513
Tm3,0.5,0.9,negative,2.65,-1.8918918918918919
Tm3,0.5,0.9,positive,2.675,1.081081081081081
Tm3,0.5,0.9,negative,2.675,-1.8918918918918919
Tm3,0.5,0.9,positive,2.7,1.081081081081081
Tm3,0.5,0.9,negative,2.7,-1.8918918918918919
Tm3,0.5,0.9,positive,2.725,0.8108108108108107
Tm3,0.5,0.9,negative,2.725,-1.6216216216216215
Tm3,0.5,0.9,positive,2.75,1.081081081081081
Tm3,0.5,0.9,negative,2.75,-0.8108108108108107
Tm3,0.5,0.9,positive,2.775,1.081081081081081
Tm3,0.5,0.9,negative,2.775,-0.5405405405405405
Tm3,0.5,0.9,positive,2.8,1.3513513513513513
Tm3,0.5,0.9,negative,2.8,-1.081081081081081
Tm3,0.5,0.9,positive,2.825,1.6216216216216215
Tm3,0.5,0.9,negative,2.825,-1.081081081081081
Tm3,0.5,0.9,positive,2.85,1.6216216216216215
Tm3,0.5,0.9,negative,2.85,-0.5405405405405405
Tm3,0.5,0.9,positive,2.875,1.8918918918918919
Tm3,0.5,0.9,negative,2.875,-0.5405405405405405
Tm3,0.5,0.9,positive,2.9,1.8918918918918919
Tm3,0.5,0.9,negative,2.9,-0.5405405405405405
Tm3,0.5,0.9,positive,2.925,1.6216216216216215
Tm3,0.5,0.9,negative,2.925,-0.5405405405405405
Tm3,0.5,0.9,positive,2.95,1.6216216216216215
Tm3,0.5,0.9,negative,2.95,-1.3513513513513513
Tm3,0.5,0.9,positive,2.975,2.162162162162162
Tm3,0.5,0.9,negative,2.975,-1.6216216216216215
Tm3,0.5,0.9,positive,3.0,2.162162162162162
Tm3,0.5,0.9,negative,3.0,-1.3513513513513513
Tm3,0.5,0.9,positive,3.025,2.4324324324324325
Tm3,0.5,0.9,negative,3.025,-1.3513513513513513
Tm3,0.5,0.9,positive,3.05,2.162162162162162
Tm3,0.5,0.9,positive,3.075,2.162162162162162
Tm3,0.5,0.9,negative,3.075,-1.081081081081081
Tm3,0.5,0.9,positive,3.1,2.162162162162162
Tm3,0.5,0.9,negative,3.1,-0.8108108108108107
Tm3,0.5,0.9,positive,3.125,2.162162162162162
Tm3,0.5,0.9,negative,3.125,-0.8108108108108107
Tm3,0.5,0.9,positive,3.15,2.162162162162162
Tm3,0.5,0.9,positive,3.175,1.8918918918918919
Tm3,0.5,0.9,negative,3.175,-0.5405405405405405
Tm3,0.5,0.9,positive,3.2,1.3513513513513513
Tm3,0.5,0.9,negative,3.2,-0.5405405405405405
Tm3,0.5,0.9,positive,3.225,1.3513513513513513
Tm3,0.5,0.9,negative,3.225,-0.5405405405405405
Tm3,0.5,0.9,positive,3.25,1.3513513513513513
Tm3,0.5,0.9,negative,3.25,-0.5405405405405405
Tm3,0.5,0.9,positive,3.275,1.3513513513513513
Tm3,0.5,0.9,negative,3.275,-0.5405405405405405
Tm3,0.5,0.9,positive,3.3,1.3513513513513513
Tm3,0.5,0.9,negative,3.3,-1.081081081081081
Tm3,0.5,0.9,positive,3.325,1.3513513513513513
Tm3,0.5,0.9,negative,3.325,-1.3513513513513513
Tm3,0.5,0.9,positive,3.35,1.6216216216216215
Tm3,0.5,0.9,negative,3.35,-1.3513513513513513
Tm3,0.5,0.9,positive,3.375,1.6216216216216215
Tm3,0.5,0.9,negative,3.375,-1.081081081081081
Tm3,0.5,0.9,positive,3.4,1.6216216216216215
Tm3,0.5,0.9,negative,3.4,-0.8108108108108107
Tm3,0.5,0.9,positive,3.425,1.6216216216216215
Tm3,0.5,0.9,negative,3.425,-0.5405405405405405
Tm3,0.5,0.9,positive,3.45,1.3513513513513513
Tm3,0.5,0.9,negative,3.45,-0.5405405405405405
Tm3,0.5,0.9,positive,3.475,1.081081081081081
Tm3,0.5,0.9,negative,3.475,-0.5405405405405405
Tm3,0.5,0.9,positive,3.5,1.081081081081081
Tm3,0.5,0.9,negative,3.5,-0.8108108108108107
Tm3,0.5,0.9,positive,3.525,1.081081081081081
Tm3,0.5,0.9,negative,3.525,-0.8108108108108107
Tm3,0.5,0.9,positive,3.55,1.081081081081081
Tm3,0.5,0.9,negative,3.55,-1.081081081081081
Tm3,0.5,0.9,positive,3.575,0.27027027027027023
Tm3,0.5,0.9,negative,3.575,-1.3513513513513513
Tm3,0.5,0.9,positive,3.6,0.27027027027027023
Tm3,0.5,0.9,negative,3.6,-1.6216216216216215
Tm3,0.5,0.9,positive,3.625,0.27027027027027023
Tm3,0.5,0.9,negative,3.625,-1.6216216216216215
Tm3,0.5,0.9,positive,3.65,0.27027027027027023
Tm3,0.5,0.9,negative,3.65,-1.8918918918918919
Tm3,0.5,0.9,positive,3.675,0.27027027027027023
Tm3,0.5,0.9,negative,3.675,-1.8918918918918919
Tm3,0.5,0.9,positive,3.7,0.5405405405405405
Tm3,0.5,0.9,negative,3.7,-1.8918918918918919
Tm3,0.5,0.9,positive,3.725,0.27027027027027023
Tm3,0.5,0.9,negative,3.725,-1.8918918918918919
Tm3,0.5,0.9,positive,3.75,0.27027027027027023
Tm3,0.5,0.9,negative,3.75,-1.6216216216216215
Tm3,0.5,0.9,positive,3.775,0.27027027027027023
Tm3,0.5,0.9,negative,3.775,-1.8918918918918919
Tm3,0.5,0.9,positive,3.8,0.27027027027027023
Tm3,0.5,0.9,negative,3.8,-1.8918918918918919
Tm3,0.5,0.9,positive,3.825,0.27027027027027023
Tm3,0.5,0.9,negative,3.825,-1.8918918918918919
Tm3,0.5,0.9,positive,3.85,0.27027027027027023
Tm3,0.5,0.9,negative,3.85,-2.162162162162162
Tm3,0.5,0.9,positive,3.875,0.8108108108108107
Tm3,0.5,0.9,negative,3.875,-2.162162162162162
Tm3,0.5,0.9,positive,3.9,1.081081081081081
Tm3,0.5,0.9,positive,3.925,1.6216216216216215
Tm3,0.5,0.9,negative,3.925,-2.4324324324324325
Tm3,0.5,0.9,positive,3.95,1.3513513513513513
Tm3,0.5,0.9,negative,3.95,-2.4324324324324325
Tm3,0.5,0.9,positive,3.975,1.6216216216216215
Tm3,0.5,0.9,negative,3.975,-2.4324324324324325
Tm3,0.5,0.9,positive,4.0,1.6216216216216215
Tm3,0.5,0.9,negative,4.0,-1.081081081081081
Tm3,0.5,0.9,positive,4.025,1.6216216216216215
Tm3,0.5,0.9,negative,4.025,-1.081081081081081
Tm3,0.5,0.9,positive,4.05,1.6216216216216215
Tm3,0.5,0.9,negative,4.05,-1.081081081081081
Tm3,0.5,0.9,positive,4.075,1.8918918918918919
Tm3,0.5,0.9,negative,4.075,-1.081081081081081
Tm3,0.5,0.9,positive,4.1,2.4324324324324325
Tm3,0.5,0.9,positive,4.125,2.7027027027027026
Tm3,0.5,0.9,negative,4.125,-1.3513513513513513
Tm3,0.5,0.9,positive,4.15,2.972972972972973
Tm3,0.5,0.9,negative,4.15,-1.081081081081081
Tm3,0.5,0.9,positive,4.175,2.972972972972973
Tm3,0.5,0.9,negative,4.175,-1.081081081081081
Tm3,0.5,0.9,positive,4.2,2.7027027027027026
Tm3,0.5,0.9,negative,4.2,-1.3513513513513513
Tm3,0.5,0.9,positive,4.225,2.972972972972973
Tm3,0.5,0.9,negative,4.225,-1.3513513513513513
Tm3,0.5,0.9,positive,4.25,2.972972972972973
Tm3,0.5,0.9,negative,4.25,-1.081081081081081
Tm3,0.5,0.9,positive,4.275,2.4324324324324325
Tm3,0.5,0.9,negative,4.275,-1.081081081081081
Tm3,0.5,0.9,positive,4.3,1.8918918918918919
Tm3,0.5,0.9,negative,4.3,-1.081081081081081
Tm3,0.5,0.9,positive,4.325,1.6216216216216215
Tm3,0.5,0.9,negative,4.325,-0.8108108108108107
Tm3,0.5,0.9,positive,4.35,1.081081081081081
Tm3,0.5,0.9,negative,4.35,-0.5405405405405405
Tm3,0.5,0.9,positive,4.375,0.8108108108108107
Tm3,0.5,0.9,negative,4.375,-0.8108108108108107
Tm3,0.5,0.9,positive,4.4,0.27027027027027023
Tm3,0.5,0.9,negative,4.4,-0.8108108108108107
Tm3,0.5,0.9,positive,4.425,0.8108108108108107
Tm3,0.5,0.9,negative,4.425,-1.3513513513513513
Tm3,0.5,0.9,positive,4.45,0.8108108108108107
Tm3,0.5,0.9,negative,4.45,-1.6216216216216215
Tm3,0.5,0.9,positive,4.475,1.081081081081081
Tm3,0.5,0.9,negative,4.475,-1.6216216216216215
Tm3,0.5,0.9,positive,4.5,1.3513513513513513
Tm3,0.5,0.9,negative,4.5,-1.6216216216216215
Tm3,0.5,0.9,positive,4.525,1.081081081081081
Tm3,0.5,0.9,negative,4.525,-1.081081081081081
Tm3,0.5,0.9,positive,4.55,0.27027027027027023
Tm3,0.5,0.9,negative,4.55,-1.081081081081081
Tm1,0.0,0.5,positive,-0.925,0.5405405405405405
Tm1,0.0,0.5,positive,-0.9,0.5405405405405405
Tm1,0.0,0.5,positive,-0.875,0.5405405405405405
Tm1,0.0,0.5,positive,-0.85,0.5405405405405405
Tm1,0.0,0.5,positive,-0.825,0.5405405405405405
Tm1,0.0,0.5,positive,-0.8,0.5405405405405405
Tm1,0.0,0.5,positive,-0.775,0.8108108108108107
Tm1,0.0,0.5,positive,-0.75,0.8108108108108107
Tm1,0.0,0.5,positive,-0.725,0.8108108108108107
Tm1,0.0,0.5,positive,-0.7,0.8108108108108107
Tm1,0.0,0.5,positive,-0.675,0.8108108108108107
Tm1,0.0,0.5,positive,-0.65,0.8108108108108107
Tm1,0.0,0.5,positive,-0.625,0.8108108108108107
Tm1,0.0,0.5,positive,-0.6,0.5405405405405405
Tm1,0.0,0.5,positive,-0.575,0.5405405405405405
Tm1,0.0,0.5,positive,-0.55,0.5405405405405405
Tm1,0.0,0.5,positive,-0.525,0.5405405405405405
Tm1,0.0,0.5,positive,-0.5,0.5405405405405405
Tm1,0.0,0.5,positive,-0.475,0.5405405405405405
Tm1,0.0,0.5,positive,-0.45,0.5405405405405405
Tm1,0.0,0.5,positive,-0.425,0.5405405405405405
Tm1,0.0,0.5,positive,-0.4,0.5405405405405405
Tm1,0.0,0.5,positive,-0.375,0.8108108108108107
Tm1,0.0,0.5,positive,-0.35,0.8108108108108107
Tm1,0.0,0.5,positive,-0.325,0.8108108108108107
Tm1,0.0,0.5,positive,-0.3,0.8108108108108107
Tm1,0.0,0.5,positive,-0.275,0.8108108108108107
Tm1,0.0,0.5,positive,-0.25,0.8108108108108107
Tm1,0.0,0.5,positive,-0.225,1.081081081081081
Tm1,0.0,0.5,positive,-0.2,1.3513513513513513
Tm1,0.0,0.5,positive,-0.175,1.3513513513513513
Tm1,0.0,0.5,positive,-0.15,1.3513513513513513
Tm1,0.0,0.5,positive,-0.125,1.3513513513513513
Tm1,0.0,0.5,positive,-0.1,1.3513513513513513
Tm1,0.0,0.5,positive,-0.075,1.081081081081081
Tm1,0.0,0.5,positive,-0.05,0.8108108108108107
Tm1,0.0,0.5,positive,-0.025,0.8108108108108107
Tm1,0.0,0.5,positive,0.0,0.8108108108108107
Tm1,0.0,0.5,positive,0.025,0.8108108108108107
Tm1,0.0,0.5,positive,0.05,0.8108108108108107
Tm1,0.0,0.5,positive,0.075,0.8108108108108107
Tm1,0.0,0.5,positive,0.1,4.864864864864865
Tm1,0.0,0.5,positive,0.125,8.648648648648647
Tm1,0.0,0.5,positive,0.15,11.35135135135135
Tm1,0.0,0.5,positive,0.175,15.405405405405405
Tm1,0.0,0.5,positive,0.2,18.10810810810811
Tm1,0.0,0.5,positive,0.225,19.18918918918919
Tm1,0.0,0.5,positive,0.25,19.18918918918919
Tm1,0.0,0.5,positive,0.275,20.27027027027027
Tm1,0.0,0.5,positive,0.3,21.35135135135135
Tm1,0.0,0.5,positive,0.325,21.35135135135135
Tm1,0.0,0.5,positive,0.35,21.89189189189189
Tm1,0.0,0.5,positive,0.375,21.89189189189189
Tm1,0.0,0.5,positive,0.4,21.89189189189189
Tm1,0.0,0.5,positive,0.425,21.89189189189189
Tm1,0.0,0.5,positive,0.45,21.62162162162162
Tm1,0.0,0.5,positive,0.475,21.35135135135135
Tm1,0.0,0.5,positive,0.5,21.35135135135135
Tm1,0.0,0.5,positive,0.525,21.35135135135135
Tm1,0.0,0.5,positive,0.55,21.35135135135135
Tm1,0.0,0.5,positive,0.575,21.08108108108108
Tm1,0.0,0.5,positive,0.6,21.08108108108108
Tm1,0.0,0.5,positive,0.625,20.81081081081081
Tm1,0.0,0.5,positive,0.65,20.54054054054054
Tm1,0.0,0.5,positive,0.675,20.54054054054054
Tm1,0.0,0.5,positive,0.7,20.54054054054054
Tm1,0.0,0.5,positive,0.725,20.54054054054054
Tm1,0.0,0.5,positive,0.75,20.27027027027027
Tm1,0.0,0.5,positive,0.775,20.0
Tm1,0.0,0.5,positive,0.8,19.45945945945946
Tm1,0.0,0.5,positive,0.825,19.45945945945946
Tm1,0.0,0.5,positive,0.85,19.45945945945946
Tm1,0.0,0.5,positive,0.875,19.45945945945946
Tm1,0.0,0.5,positive,0.9,19.45945945945946
Tm1,0.0,0.5,positive,0.925,19.45945945945946
Tm1,0.0,0.5,positive,0.95,18.91891891891892
Tm1,0.0,0.5,positive,0.975,18.64864864864865
Tm1,0.0,0.5,positive,1.0,18.37837837837838
Tm1,0.0,0.5,positive,1.025,18.10810810810811
Tm1,0.0,0.5,positive,1.05,17.56756756756757
Tm1,0.0,0.5,positive,1.075,16.756756756756754
Tm1,0.0,0.5,positive,1.1,16.756756756756754
Tm1,0.0,0.5,positive,1.125,16.756756756756754
Tm1,0.0,0.5,positive,1.15,16.486486486486484
Tm1,0.0,0.5,positive,1.175,15.675675675675675
Tm1,0.0,0.5,positive,1.2,15.675675675675675
Tm1,0.0,0.5,positive,1.225,15.405405405405405
Tm1,0.0,0.5,positive,1.25,15.135135135135135
Tm1,0.0,0.5,positive,1.275,14.054054054054053
Tm1,0.0,0.5,positive,1.3,14.054054054054053
Tm1,0.0,0.5,positive,1.325,14.054054054054053
Tm1,0.0,0.5,positive,1.35,14.054054054054053
Tm1,0.0,0.5,positive,1.375,13.513513513513512
Tm1,0.0,0.5,positive,1.4,13.513513513513512
Tm1,0.0,0.5,positive,1.425,13.513513513513512
Tm1,0.0,0.5,positive,1.45,13.243243243243242
Tm1,0.0,0.5,positive,1.475,12.972972972972972
Tm1,0.0,0.5,positive,1.5,12.972972972972972
Tm1,0.0,0.5,positive,1.525,12.972972972972972
Tm1,0.0,0.5,positive,1.55,12.972972972972972
Tm1,0.0,0.5,positive,1.575,12.432432432432432
Tm1,0.0,0.5,positive,1.6,12.432432432432432
Tm1,0.0,0.5,positive,1.625,12.432432432432432
Tm1,0.0,0.5,positive,1.65,12.432432432432432
Tm1,0.0,0.5,positive,1.675,12.432432432432432
Tm1,0.0,0.5,positive,1.7,12.432432432432432
Tm1,0.0,0.5,positive,1.725,12.432432432432432
Tm1,0.0,0.5,positive,1.75,11.891891891891891
Tm1,0.0,0.5,positive,1.775,11.08108108108108
Tm1,0.0,0.5,positive,1.8,10.54054054054054
Tm1,0.0,0.5,positive,1.825,10.54054054054054
Tm1,0.0,0.5,positive,1.85,10.0
Tm1,0.0,0.5,positive,1.875,9.72972972972973
Tm1,0.0,0.5,positive,1.9,9.72972972972973
Tm1,0.0,0.5,positive,1.925,9.72972972972973
Tm1,0.0,0.5,positive,1.95,9.45945945945946
Tm1,0.0,0.5,positive,1.975,9.45945945945946
Tm1,0.0,0.5,positive,2.0,9.18918918918919
Tm1,0.0,0.5,positive,2.025,9.18918918918919
Tm1,0.0,0.5,positive,2.05,8.91891891891892
Tm1,0.0,0.5,positive,2.075,9.18918918918919
Tm1,0.0,0.5,positive,2.1,9.18918918918919
Tm1,0.0,0.5,positive,2.125,9.18918918918919
Tm1,0.0,0.5,positive,2.15,9.18918918918919
Tm1,0.0,0.5,positive,2.175,9.18918918918919
Tm1,0.0,0.5,positive,2.2,9.18918918918919
Tm1,0.0,0.5,positive,2.225,9.18918918918919
Tm1,0.0,0.5,positive,2.25,8.91891891891892
Tm1,0.0,0.5,positive,2.275,8.91891891891892
Tm1,0.0,0.5,positive,2.3,8.91891891891892
Tm1,0.0,0.5,positive,2.325,8.648648648648647
Tm1,0.0,0.5,positive,2.35,8.648648648648647
Tm1,0.0,0.5,positive,2.375,8.648648648648647
Tm1,0.0,0.5,positive,2.4,8.648648648648647
Tm1,0.0,0.5,positive,2.425,8.648648648648647
Tm1,0.0,0.5,positive,2.45,8.648648648648647
Tm1,0.0,0.5,positive,2.475,8.378378378378377
Tm1,0.0,0.5,positive,2.5,7.837837837837838
Tm1,0.0,0.5,positive,2.525,7.837837837837838
Tm1,0.0,0.5,positive,2.55,7.837837837837838
Tm1,0.0,0.5,positive,2.575,7.837837837837838
Tm1,0.0,0.5,positive,2.6,7.837837837837838
Tm1,0.0,0.5,positive,2.625,7.5675675675675675
Tm1,0.0,0.5,positive,2.65,7.5675675675675675
Tm1,0.0,0.5,positive,2.675,7.297297297297297
Tm1,0.0,0.5,positive,2.7,7.297297297297297
Tm1,0.0,0.5,positive,2.725,7.297297297297297
Tm1,0.0,0.5,positive,2.75,6.756756756756756
Tm1,0.0,0.5,positive,2.775,6.756756756756756
Tm1,0.0,0.5,positive,2.8,6.216216216216216
Tm1,0.0,0.5,positive,2.825,6.216216216216216
Tm1,0.0,0.5,positive,2.85,5.945945945945946
Tm1,0.0,0.5,positive,2.875,5.945945945945946
Tm1,0.0,0.5,positive,2.9,5.945945945945946
Tm1,0.0,0.5,positive,2.925,5.675675675675675
Tm1,0.0,0.5,positive,2.95,5.675675675675675
Tm1,0.0,0.5,positive,2.975,5.405405405405405
Tm1,0.0,0.5,positive,3.0,5.405405405405405
Tm1,0.0,0.5,positive,3.025,5.405405405405405
Tm1,0.0,0.5,positive,3.05,5.405405405405405
Tm1,0.0,0.5,positive,3.075,5.405405405405405
Tm1,0.0,0.5,positive,3.1,5.405405405405405
Tm1,0.0,0.5,positive,3.125,5.675675675675675
Tm1,0.0,0.5,positive,3.15,4.864864864864865
Tm1,0.0,0.5,positive,3.175,4.864864864864865
Tm1,0.0,0.5,positive,3.2,4.864864864864865
Tm1,0.0,0.5,positive,3.225,5.405405405405405
Tm1,0.0,0.5,positive,3.25,5.405405405405405
Tm1,0.0,0.5,positive,3.275,5.405405405405405
Tm1,0.0,0.5,positive,3.3,5.675675675675675
Tm1,0.0,0.5,positive,3.325,5.945945945945946
Tm1,0.0,0.5,positive,3.35,5.945945945945946
Tm1,0.0,0.5,positive,3.375,5.945945945945946
Tm1,0.0,0.5,positive,3.4,5.675675675675675
Tm1,0.0,0.5,positive,3.425,5.135135135135135
Tm1,0.0,0.5,positive,3.45,5.135135135135135
Tm1,0.0,0.5,positive,3.475,5.135135135135135
Tm1,0.0,0.5,positive,3.5,4.864864864864865
Tm1,0.0,0.5,positive,3.525,4.864864864864865
Tm1,0.0,0.5,positive,3.55,4.864864864864865
Tm1,0.0,0.5,positive,3.575,4.864864864864865
Tm1,0.0,0.5,positive,3.6,4.864864864864865
Tm1,0.0,0.5,positive,3.625,4.864864864864865
Tm1,0.0,0.5,positive,3.65,4.594594594594595
Tm1,0.0,0.5,positive,3.675,4.594594594594595
Tm1,0.0,0.5,positive,3.7,4.324324324324324
Tm1,0.0,0.5,positive,3.725,4.324324324324324
Tm1,0.0,0.5,positive,3.75,4.324324324324324
Tm1,0.0,0.5,positive,3.775,4.324324324324324
Tm1,0.0,0.5,positive,3.8,4.324324324324324
Tm1,0.0,0.5,positive,3.825,4.594594594594595
Tm1,0.0,0.5,positive,3.85,4.594594594594595
Tm1,0.0,0.5,positive,3.875,4.594594594594595
Tm1,0.0,0.5,positive,3.9,4.594594594594595
Tm1,0.0,0.5,positive,3.925,4.0540540540540535
Tm1,0.0,0.5,positive,3.95,4.0540540540540535
Tm1,0.0,0.5,positive,3.975,4.0540540540540535
Tm1,0.0,0.5,positive,4.0,4.0540540540540535
Tm1,0.0,0.5,positive,4.025,4.0540540540540535
Tm1,0.0,0.5,positive,4.05,4.0540540540540535
Tm1,0.0,0.5,positive,4.075,4.0540540540540535
Tm1,0.0,0.5,positive,4.1,4.0540540540540535
Tm1,0.0,0.5,positive,4.125,4.0540540540540535
Tm1,0.0,0.5,positive,4.15,4.0540540540540535
Tm1,0.0,0.5,positive,4.175,3.513513513513513
Tm1,0.0,0.5,positive,4.2,3.513513513513513
Tm1,0.0,0.5,positive,4.225,3.513513513513513
Tm1,0.0,0.5,positive,4.25,3.513513513513513
Tm1,0.0,0.5,positive,4.275,3.513513513513513
Tm1,0.0,0.5,positive,4.3,3.513513513513513
Tm1,0.0,0.5,positive,4.325,3.7837837837837838
Tm1,0.0,0.5,positive,4.35,3.7837837837837838
Tm1,0.0,0.5,positive,4.375,4.0540540540540535
Tm1,0.0,0.5,positive,4.4,4.0540540540540535
Tm1,0.0,0.5,positive,4.425,4.0540540540540535
Tm1,0.0,0.5,positive,4.45,4.0540540540540535
Tm1,0.0,0.5,positive,4.475,3.7837837837837838
Tm1,0.0,0.5,positive,4.5,3.7837837837837838
Tm1,0.0,0.5,positive,4.525,3.7837837837837838
Tm1,0.0,0.5,negative,-0.925,0.5405405405405405
Tm1,0.0,0.5,negative,-0.9,0.5405405405405405
Tm1,0.0,0.5,negative,-0.875,0.5405405405405405
Tm1,0.0,0.5,negative,-0.85,0.5405405405405405
Tm1,0.0,0.5,negative,-0.825,0.5405405405405405
Tm1,0.0,0.5,negative,-0.8,0.5405405405405405
Tm1,0.0,0.5,negative,-0.775,0.8108108108108107
Tm1,0.0,0.5,negative,-0.75,0.8108108108108107
Tm1,0.0,0.5,negative,-0.725,0.8108108108108107
Tm1,0.0,0.5,negative,-0.7,0.8108108108108107
Tm1,0.0,0.5,negative,-0.675,0.8108108108108107
Tm1,0.0,0.5,negative,-0.65,0.8108108108108107
Tm1,0.0,0.5,negative,-0.625,0.8108108108108107
Tm1,0.0,0.5,negative,-0.6,0.5405405405405405
Tm1,0.0,0.5,negative,-0.575,0.5405405405405405
Tm1,0.0,0.5,negative,-0.55,0.5405405405405405
Tm1,0.0,0.5,negative,-0.525,0.5405405405405405
Tm1,0.0,0.5,negative,-0.5,0.5405405405405405
Tm1,0.0,0.5,negative,-0.475,0.5405405405405405
Tm1,0.0,0.5,negative,-0.45,0.5405405405405405
Tm1,0.0,0.5,negative,-0.425,0.5405405405405405
Tm1,0.0,0.5,negative,-0.4,0.5405405405405405
Tm1,0.0,0.5,negative,-0.375,0.8108108108108107
Tm1,0.0,0.5,negative,-0.35,0.8108108108108107
Tm1,0.0,0.5,negative,-0.325,0.8108108108108107
Tm1,0.0,0.5,negative,-0.3,0.8108108108108107
Tm1,0.0,0.5,negative,-0.275,0.8108108108108107
Tm1,0.0,0.5,negative,-0.25,0.8108108108108107
Tm1,0.0,0.5,negative,-0.225,1.081081081081081
Tm1,0.0,0.5,negative,-0.2,1.3513513513513513
Tm1,0.0,0.5,negative,-0.175,1.3513513513513513
Tm1,0.0,0.5,negative,-0.15,1.3513513513513513
Tm1,0.0,0.5,negative,-0.125,1.3513513513513513
Tm1,0.0,0.5,negative,-0.1,1.3513513513513513
Tm1,0.0,0.5,negative,-0.075,1.081081081081081
Tm1,0.0,0.5,negative,-0.05,0.8108108108108107
Tm1,0.0,0.5,negative,-0.025,0.5405405405405405
Tm1,0.0,0.5,negative,0.0,0.5405405405405405
Tm1,0.0,0.5,negative,0.025,0.5405405405405405
Tm1,0.0,0.5,negative,0.05,0.5405405405405405
Tm1,0.0,0.5,negative,0.075,0.0
Tm1,0.0,0.5,negative,0.1,-0.8108108108108107
Tm1,0.0,0.5,negative,0.125,-1.6216216216216215
Tm1,0.0,0.5,negative,0.15,-2.972972972972973
Tm1,0.0,0.5,negative,0.175,-4.324324324324324
Tm1,0.0,0.5,negative,0.2,-4.864864864864865
Tm1,0.0,0.5,negative,0.225,-5.405405405405405
Tm1,0.0,0.5,negative,0.25,-5.405405405405405
Tm1,0.0,0.5,negative,0.275,-5.675675675675675
Tm1,0.0,0.5,negative,0.3,-5.675675675675675
Tm1,0.0,0.5,negative,0.325,-5.675675675675675
Tm1,0.0,0.5,negative,0.35,-5.675675675675675
Tm1,0.0,0.5,negative,0.375,-5.675675675675675
Tm1,0.0,0.5,negative,0.4,-5.675675675675675
Tm1,0.0,0.5,negative,0.425,-5.675675675675675
Tm1,0.0,0.5,negative,0.45,-5.405405405405405
Tm1,0.0,0.5,negative,0.475,-5.405405405405405
Tm1,0.0,0.5,negative,0.5,-5.405405405405405
Tm1,0.0,0.5,negative,0.525,-5.135135135135135
Tm1,0.0,0.5,negative,0.55,-4.864864864864865
Tm1,0.0,0.5,negative,0.575,-4.864864864864865
Tm1,0.0,0.5,negative,0.6,-4.864864864864865
Tm1,0.0,0.5,negative,0.625,-4.594594594594595
Tm1,0.0,0.5,negative,0.65,-4.324324324324324
Tm1,0.0,0.5,negative,0.675,-4.324324324324324
Tm1,0.0,0.5,negative,0.7,-4.0540540540540535
Tm1,0.0,0.5,negative,0.725,-3.7837837837837838
Tm1,0.0,0.5,negative,0.75,-3.7837837837837838
Tm1,0.0,0.5,negative,0.775,-3.513513513513513
Tm1,0.0,0.5,negative,0.8,-3.513513513513513
Tm1,0.0,0.5,negative,0.825,-3.243243243243243
Tm1,0.0,0.5,negative,0.85,-3.243243243243243
Tm1,0.0,0.5,negative,0.875,-2.972972972972973
Tm1,0.0,0.5,negative,0.9,-2.7027027027027026
Tm1,0.0,0.5,negative,0.925,-2.4324324324324325
Tm1,0.0,0.5,negative,0.95,-1.8918918918918919
Tm1,0.0,0.5,negative,0.975,-1.8918918918918919
Tm1,0.0,0.5,negative,1.0,-1.6216216216216215
Tm1,0.0,0.5,negative,1.025,-1.3513513513513513
Tm1,0.0,0.5,negative,1.05,-1.081081081081081
Tm1,0.0,0.5,negative,1.075,-0.8108108108108107
Tm1,0.0,0.5,negative,1.1,0.5405405405405405
Tm1,0.0,0.5,negative,1.125,0.5405405405405405
Tm1,0.0,0.5,negative,1.15,0.5405405405405405
Tm1,0.0,0.5,negative,1.175,0.8108108108108107
Tm1,0.0,0.5,negative,1.2,1.3513513513513513
Tm1,0.0,0.5,negative,1.225,1.6216216216216215
Tm1,0.0,0.5,negative,1.25,1.6216216216216215
Tm1,0.0,0.5,negative,1.275,1.6216216216216215
Tm1,0.0,0.5,negative,1.3,1.081081081081081
Tm1,0.0,0.5,negative,1.325,0.8108108108108107
Tm1,0.0,0.5,negative,1.35,0.5405405405405405
Tm1,0.0,0.5,negative,1.375,0.5405405405405405
Tm1,0.0,0.5,negative,1.4,0.5405405405405405
Tm1,0.0,0.5,negative,1.425,0.5405405405405405
Tm1,0.0,0.5,negative,1.45,0.5405405405405405
Tm1,0.0,0.5,negative,1.475,0.5405405405405405
Tm1,0.0,0.5,negative,1.5,0.5405405405405405
Tm1,0.0,0.5,negative,1.525,0.5405405405405405
Tm1,0.0,0.5,negative,1.55,0.8108108108108107
Tm1,0.0,0.5,negative,1.575,0.8108108108108107
Tm1,0.0,0.5,negative,1.6,1.081081081081081
Tm1,0.0,0.5,negative,1.625,1.081081081081081
Tm1,0.0,0.5,negative,1.65,1.081081081081081
Tm1,0.0,0.5,negative,1.675,1.081081081081081
Tm1,0.0,0.5,negative,1.7,1.081081081081081
Tm1,0.0,0.5,negative,1.725,1.081081081081081
Tm1,0.0,0.5,negative,1.75,1.081081081081081
Tm1,0.0,0.5,negative,1.775,1.081081081081081
Tm1,0.0,0.5,negative,1.8,1.081081081081081
Tm1,0.0,0.5,negative,1.825,1.081081081081081
Tm1,0.0,0.5,negative,1.85,1.081081081081081
Tm1,0.0,0.5,negative,1.875,1.081081081081081
Tm1,0.0,0.5,negative,1.9,1.081081081081081
Tm1,0.0,0.5,negative,1.925,1.081081081081081
Tm1,0.0,0.5,negative,1.95,1.081081081081081
Tm1,0.0,0.5,negative,1.975,1.081081081081081
Tm1,0.0,0.5,negative,2.0,1.081081081081081
Tm1,0.0,0.5,negative,2.025,0.8108108108108107
Tm1,0.0,0.5,negative,2.05,0.8108108108108107
Tm1,0.0,0.5,negative,2.075,0.8108108108108107
Tm1,0.0,0.5,negative,2.1,0.8108108108108107
Tm1,0.0,0.5,negative,2.125,0.8108108108108107
Tm1,0.0,0.5,negative,2.15,1.081081081081081
Tm1,0.0,0.5,negative,2.175,1.081081081081081
Tm1,0.0,0.5,negative,2.2,1.081081081081081
Tm1,0.0,0.5,negative,2.225,1.081081081081081
Tm1,0.0,0.5,negative,2.25,1.3513513513513513
Tm1,0.0,0.5,negative,2.275,1.3513513513513513
Tm1,0.0,0.5,negative,2.3,1.3513513513513513
Tm1,0.0,0.5,negative,2.325,1.6216216216216215
Tm1,0.0,0.5,negative,2.35,1.6216216216216215
Tm1,0.0,0.5,negative,2.375,1.6216216216216215
Tm1,0.0,0.5,negative,2.4,1.3513513513513513
Tm1,0.0,0.5,negative,2.425,1.081081081081081
Tm1,0.0,0.5,negative,2.45,0.8108108108108107
Tm1,0.0,0.5,negative,2.475,0.8108108108108107
Tm1,0.0,0.5,negative,2.5,0.8108108108108107
Tm1,0.0,0.5,negative,2.525,0.8108108108108107
Tm1,0.0,0.5,negative,2.55,0.8108108108108107
Tm1,0.0,0.5,negative,2.575,0.8108108108108107
Tm1,0.0,0.5,negative,2.6,0.8108108108108107
Tm1,0.0,0.5,negative,2.625,1.081081081081081
Tm1,0.0,0.5,negative,2.65,1.3513513513513513
Tm1,0.0,0.5,negative,2.675,1.3513513513513513
Tm1,0.0,0.5,negative,2.7,1.3513513513513513
Tm1,0.0,0.5,negative,2.725,1.3513513513513513
Tm1,0.0,0.5,negative,2.75,1.3513513513513513
Tm1,0.0,0.5,negative,2.775,1.6216216216216215
Tm1,0.0,0.5,negative,2.8,1.8918918918918919
Tm1,0.0,0.5,negative,2.825,1.8918918918918919
Tm1,0.0,0.5,negative,2.85,1.8918918918918919
Tm1,0.0,0.5,negative,2.875,1.8918918918918919
Tm1,0.0,0.5,negative,2.9,1.8918918918918919
Tm1,0.0,0.5,negative,2.925,1.6216216216216215
Tm1,0.0,0.5,negative,2.95,1.3513513513513513
Tm1,0.0,0.5,negative,2.975,1.081081081081081
Tm1,0.0,0.5,negative,3.0,1.081081081081081
Tm1,0.0,0.5,negative,3.025,1.081081081081081
Tm1,0.0,0.5,negative,3.05,1.081081081081081
Tm1,0.0,0.5,negative,3.075,0.8108108108108107
Tm1,0.0,0.5,negative,3.1,0.5405405405405405
Tm1,0.0,0.5,negative,3.125,0.5405405405405405
Tm1,0.0,0.5,negative,3.15,0.5405405405405405
Tm1,0.0,0.5,negative,3.175,0.5405405405405405
Tm1,0.0,0.5,negative,3.2,0.5405405405405405
Tm1,0.0,0.5,negative,3.225,0.5405405405405405
Tm1,0.0,0.5,negative,3.25,0.5405405405405405
Tm1,0.0,0.5,negative,3.275,0.5405405405405405
Tm1,0.0,0.5,negative,3.3,0.5405405405405405
Tm1,0.0,0.5,negative,3.325,0.5405405405405405
Tm1,0.0,0.5,negative,3.35,0.5405405405405405
Tm1,0.0,0.5,negative,3.375,0.5405405405405405
Tm1,0.0,0.5,negative,3.4,0.5405405405405405
Tm1,0.0,0.5,negative,3.425,0.5405405405405405
Tm1,0.0,0.5,negative,3.45,0.8108108108108107
Tm1,0.0,0.5,negative,3.475,0.8108108108108107
Tm1,0.0,0.5,negative,3.5,1.081081081081081
Tm1,0.0,0.5,negative,3.525,1.081081081081081
Tm1,0.0,0.5,negative,3.55,1.081081081081081
Tm1,0.0,0.5,negative,3.575,1.081081081081081
Tm1,0.0,0.5,negative,3.6,1.081081081081081
Tm1,0.0,0.5,negative,3.625,1.081081081081081
Tm1,0.0,0.5,negative,3.65,1.3513513513513513
Tm1,0.0,0.5,negative,3.675,1.3513513513513513
Tm1,0.0,0.5,negative,3.7,1.3513513513513513
Tm1,0.0,0.5,negative,3.725,1.3513513513513513
Tm1,0.0,0.5,negative,3.75,0.8108108108108107
Tm1,0.0,0.5,negative,3.775,0.5405405405405405
Tm1,0.0,0.5,negative,3.8,0.27027027027027023
Tm1,0.0,0.5,negative,3.825,0.27027027027027023
Tm1,0.0,0.5,negative,3.85,0.5405405405405405
Tm1,0.0,0.5,negative,3.875,0.5405405405405405
Tm1,0.0,0.5,negative,3.9,0.5405405405405405
Tm1,0.0,0.5,negative,3.925,0.5405405405405405
Tm1,0.0,0.5,negative,3.95,0.27027027027027023
Tm1,0.0,0.5,negative,3.975,0.27027027027027023
Tm1,0.0,0.5,negative,4.0,4.0540540540540535
Tm1,0.0,0.5,negative,4.025,4.0540540540540535
Tm1,0.0,0.5,negative,4.05,4.0540540540540535
Tm1,0.0,0.5,negative,4.075,4.0540540540540535
Tm1,0.0,0.5,negative,4.1,4.0540540540540535
Tm1,0.0,0.5,negative,4.125,4.0540540540540535
Tm1,0.0,0.5,negative,4.15,4.0540540540540535
Tm1,0.0,0.5,negative,4.175,3.513513513513513
Tm1,0.0,0.5,negative,4.2,3.513513513513513
Tm1,0.0,0.5,negative,4.225,3.513513513513513
Tm1,0.0,0.5,negative,4.25,3.513513513513513
Tm1,0.0,0.5,negative,4.275,3.513513513513513
Tm1,0.0,0.5,negative,4.3,3.513513513513513
Tm1,0.0,0.5,negative,4.325,3.7837837837837838
Tm1,0.0,0.5,negative,4.35,3.7837837837837838
Tm1,0.0,0.5,negative,4.375,4.0540540540540535
Tm1,0.0,0.5,negative,4.4,4.0540540540540535
Tm1,0.0,0.5,negative,4.425,4.0540540540540535
Tm1,0.0,0.5,negative,4.45,4.0540540540540535
Tm1,0.0,0.5,negative,4.475,3.7837837837837838
Tm1,0.0,0.5,negative,4.5,3.7837837837837838
Tm1,0.0,0.5,negative,4.525,3.7837837837837838
Tm1,0.5,1.0,positive,-0.9,0.8108108108108107
Tm1,0.5,1.0,negative,-0.9,-0.27027027027027023
Tm1,0.5,1.0,positive,-0.875,0.8108108108108107
Tm1,0.5,1.0,negative,-0.875,-0.27027027027027023
Tm1,0.5,1.0,positive,-0.85,0.8108108108108107
Tm1,0.5,1.0,negative,-0.85,-0.27027027027027023
Tm1,0.5,1.0,positive,-0.825,0.27027027027027023
Tm1,0.5,1.0,negative,-0.825,-0.27027027027027023
Tm1,0.5,1.0,positive,-0.8,0.27027027027027023
Tm1,0.5,1.0,negative,-0.8,-0.27027027027027023
Tm1,0.5,1.0,positive,-0.775,0.27027027027027023
Tm1,0.5,1.0,negative,-0.775,-0.27027027027027023
Tm1,0.5,1.0,positive,-0.75,0.5405405405405405
Tm1,0.5,1.0,negative,-0.75,-0.27027027027027023
Tm1,0.5,1.0,negative,-0.725,-0.27027027027027023
Tm1,0.5,1.0,positive,-0.7,0.27027027027027023
Tm1,0.5,1.0,negative,-0.7,-0.27027027027027023
Tm1,0.5,1.0,positive,-0.675,0.27027027027027023
Tm1,0.5,1.0,negative,-0.675,-0.27027027027027023
Tm1,0.5,1.0,positive,-0.65,0.27027027027027023
Tm1,0.5,1.0,negative,-0.65,-0.27027027027027023
Tm1,0.5,1.0,negative,-0.625,-0.27027027027027023
Tm1,0.5,1.0,negative,-0.6,-0.27027027027027023
Tm1,0.5,1.0,positive,-0.575,0.27027027027027023
Tm1,0.5,1.0,negative,-0.575,-0.27027027027027023
Tm1,0.5,1.0,positive,-0.55,0.27027027027027023
Tm1,0.5,1.0,negative,-0.55,-0.27027027027027023
Tm1,0.5,1.0,positive,-0.525,0.5405405405405405
Tm1,0.5,1.0,positive,-0.5,0.27027027027027023
Tm1,0.5,1.0,negative,-0.5,-0.27027027027027023
Tm1,0.5,1.0,negative,-0.475,-0.27027027027027023
Tm1,0.5,1.0,negative,-0.45,-0.27027027027027023
Tm1,0.5,1.0,positive,-0.425,0.27027027027027023
Tm1,0.5,1.0,negative,-0.425,-0.27027027027027023
Tm1,0.5,1.0,positive,-0.4,0.27027027027027023
Tm1,0.5,1.0,negative,-0.4,-0.27027027027027023
Tm1,0.5,1.0,positive,-0.375,0.5405405405405405
Tm1,0.5,1.0,negative,-0.375,-0.27027027027027023
Tm1,0.5,1.0,positive,-0.35,0.8108108108108107
Tm1,0.5,1.0,negative,-0.35,-0.27027027027027023
Tm1,0.5,1.0,positive,-0.325,0.5405405405405405
Tm1,0.5,1.0,negative,-0.325,-0.27027027027027023
Tm1,0.5,1.0,positive,-0.3,0.27027027027027023
Tm1,0.5,1.0,negative,-0.3,-0.27027027027027023
Tm1,0.5,1.0,positive,-0.275,0.27027027027027023
Tm1,0.5,1.0,negative,-0.275,-0.27027027027027023
Tm1,0.5,1.0,positive,-0.25,0.27027027027027023
Tm1,0.5,1.0,negative,-0.25,-0.27027027027027023
Tm1,0.5,1.0,negative,-0.225,-0.27027027027027023
Tm1,0.5,1.0,positive,-0.2,0.5405405405405405
Tm1,0.5,1.0,negative,-0.2,-0.27027027027027023
Tm1,0.5,1.0,positive,-0.175,0.5405405405405405
Tm1,0.5,1.0,negative,-0.175,-0.27027027027027023
Tm1,0.5,1.0,positive,-0.15,0.8108108108108107
Tm1,0.5,1.0,negative,-0.15,-0.27027027027027023
Tm1,0.5,1.0,positive,-0.125,0.8108108108108107
Tm1,0.5,1.0,negative,-0.125,-0.27027027027027023
Tm1,0.5,1.0,positive,-0.1,0.8108108108108107
Tm1,0.5,1.0,negative,-0.1,-0.27027027027027023
Tm1,0.5,1.0,positive,-0.075,1.081081081081081
Tm1,0.5,1.0,negative,-0.075,-0.27027027027027023
Tm1,0.5,1.0,positive,-0.05,1.081081081081081
Tm1,0.5,1.0,positive,-0.025,0.8108108108108107
Tm1,0.5,1.0,positive,0.0,0.5405405405405405
Tm1,0.5,1.0,positive,0.025,0.8108108108108107
Tm1,0.5,1.0,positive,0.05,0.5405405405405405
Tm1,0.5,1.0,negative,0.05,-0.27027027027027023
Tm1,0.5,1.0,positive,0.075,1.3513513513513513
Tm1,0.5,1.0,negative,0.075,-0.27027027027027023
Tm1,0.5,1.0,positive,0.1,4.0540540540540535
Tm1,0.5,1.0,negative,0.1,-0.5405405405405405
Tm1,0.5,1.0,positive,0.125,6.486486486486486
Tm1,0.5,1.0,negative,0.125,-0.8108108108108107
Tm1,0.5,1.0,positive,0.15,10.0
Tm1,0.5,1.0,negative,0.15,-1.3513513513513513
Tm1,0.5,1.0,positive,0.175,14.864864864864865
Tm1,0.5,1.0,negative,0.175,-1.8918918918918919
Tm1,0.5,1.0,positive,0.2,18.10810810810811
Tm1,0.5,1.0,negative,0.2,-2.7027027027027026
Tm1,0.5,1.0,positive,0.225,17.83783783783784
Tm1,0.5,1.0,negative,0.225,-3.243243243243243
Tm1,0.5,1.0,positive,0.25,19.72972972972973
Tm1,0.5,1.0,negative,0.25,-3.513513513513513
Tm1,0.5,1.0,positive,0.275,20.0
Tm1,0.5,1.0,negative,0.275,-3.7837837837837838
Tm1,0.5,1.0,positive,0.3,20.0
Tm1,0.5,1.0,negative,0.3,-3.7837837837837838
Tm1,0.5,1.0,positive,0.325,20.0
Tm1,0.5,1.0,negative,0.325,-3.7837837837837838
Tm1,0.5,1.0,positive,0.35,20.0
Tm1,0.5,1.0,negative,0.35,-3.513513513513513
Tm1,0.5,1.0,positive,0.375,19.45945945945946
Tm1,0.5,1.0,negative,0.375,-3.513513513513513
Tm1,0.5,1.0,positive,0.4,19.45945945945946
Tm1,0.5,1.0,negative,0.4,-3.243243243243243
Tm1,0.5,1.0,positive,0.425,18.37837837837838
Tm1,0.5,1.0,negative,0.425,-2.972972972972973
Tm1,0.5,1.0,positive,0.45,18.37837837837838
Tm1,0.5,1.0,negative,0.45,-2.972972972972973
Tm1,0.5,1.0,positive,0.475,17.83783783783784
Tm1,0.5,1.0,negative,0.475,-2.7027027027027026
Tm1,0.5,1.0,positive,0.5,16.756756756756754
Tm1,0.5,1.0,negative,0.5,-2.7027027027027026
Tm1,0.5,1.0,positive,0.525,16.486486486486484
Tm1,0.5,1.0,negative,0.525,-2.4324324324324325
Tm1,0.5,1.0,positive,0.55,16.486486486486484
Tm1,0.5,1.0,negative,0.55,-2.4324324324324325
Tm1,0.5,1.0,positive,0.575,15.405405405405405
Tm1,0.5,1.0,negative,0.575,-2.162162162162162
Tm1,0.5,1.0,positive,0.6,14.864864864864865
Tm1,0.5,1.0,negative,0.6,-2.162162162162162
Tm1,0.5,1.0,positive,0.625,13.783783783783782
Tm1,0.5,1.0,negative,0.625,-2.162162162162162
Tm1,0.5,1.0,positive,0.65,13.783783783783782
Tm1,0.5,1.0,negative,0.65,-1.8918918918918919
Tm1,0.5,1.0,positive,0.675,13.243243243243242
Tm1,0.5,1.0,negative,0.675,-1.8918918918918919
Tm1,0.5,1.0,positive,0.7,11.891891891891891
Tm1,0.5,1.0,negative,0.7,-1.6216216216216215
Tm1,0.5,1.0,positive,0.725,11.621621621621621
Tm1,0.5,1.0,negative,0.725,-1.3513513513513513
Tm1,0.5,1.0,positive,0.75,9.72972972972973
Tm1,0.5,1.0,negative,0.75,-1.3513513513513513
Tm1,0.5,1.0,positive,0.775,9.72972972972973
Tm1,0.5,1.0,negative,0.775,-1.081081081081081
Tm1,0.5,1.0,positive,0.8,7.5675675675675675
Tm1,0.5,1.0,negative,0.8,-0.8108108108108107
Tm1,0.5,1.0,positive,0.825,7.297297297297297
Tm1,0.5,1.0,negative,0.825,-0.8108108108108107
Tm1,0.5,1.0,positive,0.85,7.027027027027026
Tm1,0.5,1.0,negative,0.85,-0.8108108108108107
Tm1,0.5,1.0,positive,0.875,5.675675675675675
Tm1,0.5,1.0,negative,0.875,-0.5405405405405405
Tm1,0.5,1.0,positive,0.9,5.675675675675675
Tm1,0.5,1.0,negative,0.9,-0.5405405405405405
Tm1,0.5,1.0,positive,0.925,5.405405405405405
Tm1,0.5,1.0,negative,0.925,-0.27027027027027023
Tm1,0.5,1.0,positive,0.95,4.324324324324324
Tm1,0.5,1.0,negative,0.95,-0.27027027027027023
Tm1,0.5,1.0,positive,0.975,4.324324324324324
Tm1,0.5,1.0,negative,0.975,-0.27027027027027023
Tm1,0.5,1.0,positive,1.0,4.0540540540540535
Tm1,0.5,1.0,negative,1.0,-0.27027027027027023
Tm1,0.5,1.0,positive,1.025,3.7837837837837838
Tm1,0.5,1.0,negative,1.025,-0.27027027027027023
Tm1,0.5,1.0,positive,1.05,2.4324324324324325
Tm1,0.5,1.0,negative,1.05,-0.27027027027027023
Tm1,0.5,1.0,positive,1.075,2.7027027027027026
Tm1,0.5,1.0,negative,1.075,-0.27027027027027023
Tm1,0.5,1.0,positive,1.1,2.4324324324324325
Tm1,0.5,1.0,negative,1.1,-0.27027027027027023
Tm1,0.5,1.0,positive,1.125,0.27027027027027023
Tm1,0.5,1.0,negative,1.125,-0.27027027027027023
Tm1,0.5,1.0,positive,1.15,0.27027027027027023
Tm1,0.5,1.0,negative,1.15,-0.27027027027027023
Tm1,0.5,1.0,positive,1.175,0.5405405405405405
Tm1,0.5,1.0,negative,1.2,2.162162162162162
Tm1,0.5,1.0,negative,1.225,2.162162162162162
Tm1,0.5,1.0,negative,1.25,2.162162162162162
Tm1,0.5,1.0,negative,1.275,2.162162162162162
Tm1,0.5,1.0,negative,1.3,2.162162162162162
Tm1,0.5,1.0,negative,1.325,1.8918918918918919
Tm1,0.5,1.0,negative,1.35,1.6216216216216215
Tm1,0.5,1.0,negative,1.375,1.3513513513513513
Tm1,0.5,1.0,negative,1.4,1.3513513513513513
Tm1,0.5,1.0,negative,1.425,1.081081081081081
Tm1,0.5,1.0,negative,1.45,0.8108108108108107
Tm1,0.5,1.0,negative,1.475,0.8108108108108107
Tm1,0.5,1.0,negative,1.5,1.3513513513513513
Tm1,0.5,1.0,negative,1.525,1.6216216216216215
Tm1,0.5,1.0,negative,1.55,1.6216216216216215
Tm1,0.5,1.0,negative,1.575,1.3513513513513513
Tm1,0.5,1.0,negative,1.6,1.3513513513513513
Tm1,0.5,1.0,positive,1.6,-0.27027027027027023
Tm1,0.5,1.0,negative,1.625,1.081081081081081
Tm1,0.5,1.0,positive,1.625,-0.27027027027027023
Tm1,0.5,1.0,negative,1.65,1.3513513513513513
Tm1,0.5,1.0,positive,1.65,-0.27027027027027023
Tm1,0.5,1.0,negative,1.675,1.3513513513513513
Tm1,0.5,1.0,positive,1.675,-0.5405405405405405
Tm1,0.5,1.0,negative,1.7,1.3513513513513513
Tm1,0.5,1.0,positive,1.7,-0.27027027027027023
Tm1,0.5,1.0,negative,1.725,1.3513513513513513
Tm1,0.5,1.0,positive,1.725,-0.27027027027027023
Tm1,0.5,1.0,negative,1.75,1.081081081081081
Tm1,0.5,1.0,positive,1.75,-0.27027027027027023
Tm1,0.5,1.0,negative,1.775,1.081081081081081
Tm1,0.5,1.0,positive,1.775,-0.27027027027027023
Tm1,0.5,1.0,negative,1.8,1.081081081081081
Tm1,0.5,1.0,positive,1.8,-0.27027027027027023
Tm1,0.5,1.0,negative,1.825,1.3513513513513513
Tm1,0.5,1.0,positive,1.825,-0.27027027027027023
Tm1,0.5,1.0,negative,1.85,1.3513513513513513
Tm1,0.5,1.0,positive,1.85,-0.27027027027027023
Tm1,0.5,1.0,negative,1.875,1.3513513513513513
Tm1,0.5,1.0,positive,1.875,-0.5405405405405405
Tm1,0.5,1.0,negative,1.9,1.6216216216216215
Tm1,0.5,1.0,positive,1.9,-0.5405405405405405
Tm1,0.5,1.0,negative,1.925,1.6216216216216215
Tm1,0.5,1.0,positive,1.925,-0.5405405405405405
Tm1,0.5,1.0,negative,1.95,1.3513513513513513
Tm1,0.5,1.0,positive,1.95,-0.8108108108108107
Tm1,0.5,1.0,negative,1.975,1.3513513513513513
Tm1,0.5,1.0,positive,1.975,-0.8108108108108107
Tm1,0.5,1.0,negative,2.0,1.3513513513513513
Tm1,0.5,1.0,positive,2.0,-0.5405405405405405
Tm1,0.5,1.0,negative,2.025,1.6216216216216215
Tm1,0.5,1.0,positive,2.025,-0.27027027027027023
Tm1,0.5,1.0,negative,2.05,1.6216216216216215
Tm1,0.5,1.0,positive,2.05,-0.27027027027027023
Tm1,0.5,1.0,negative,2.075,1.6216216216216215
Tm1,0.5,1.0,negative,2.1,1.6216216216216215
Tm1,0.5,1.0,positive,2.1,-0.5405405405405405
Tm1,0.5,1.0,negative,2.125,1.6216216216216215
Tm1,0.5,1.0,positive,2.125,-0.5405405405405405
Tm1,0.5,1.0,negative,2.15,1.6216216216216215
Tm1,0.5,1.0,positive,2.15,-0.5405405405405405
Tm1,0.5,1.0,negative,2.175,1.8918918918918919
Tm1,0.5,1.0,positive,2.175,-0.8108108108108107
Tm1,0.5,1.0,negative,2.2,1.6216216216216215
Tm1,0.5,1.0,negative,2.225,1.6216216216216215
Tm1,0.5,1.0,positive,2.225,-1.3513513513513513
Tm1,0.5,1.0,negative,2.25,1.8918918918918919
Tm1,0.5,1.0,positive,2.25,-1.3513513513513513
Tm1,0.5,1.0,negative,2.275,1.6216216216216215
Tm1,0.5,1.0,positive,2.275,-1.3513513513513513
Tm1,0.5,1.0,negative,2.3,1.3513513513513513
Tm1,0.5,1.0,positive,2.3,-1.3513513513513513
Tm1,0.5,1.0,negative,2.325,1.3513513513513513
Tm1,0.5,1.0,negative,2.35,1.6216216216216215
Tm1,0.5,1.0,positive,2.35,-1.081081081081081
Tm1,0.5,1.0,negative,2.375,1.6216216216216215
Tm1,0.5,1.0,positive,2.375,-1.081081081081081
Tm1,0.5,1.0,negative,2.4,1.6216216216216215
Tm1,0.5,1.0,positive,2.4,-0.8108108108108107
Tm1,0.5,1.0,negative,2.425,1.8918918918918919
Tm1,0.5,1.0,positive,2.425,-0.8108108108108107
Tm1,0.5,1.0,negative,2.45,1.6216216216216215
Tm1,0.5,1.0,positive,2.45,-1.081081081081081
Tm1,0.5,1.0,negative,2.475,1.3513513513513513
Tm1,0.5,1.0,positive,2.475,-1.081081081081081
Tm1,0.5,1.0,negative,2.5,1.3513513513513513
Tm1,0.5,1.0,positive,2.5,-1.081081081081081
Tm1,0.5,1.0,negative,2.525,1.3513513513513513
Tm1,0.5,1.0,positive,2.525,-1.081081081081081
Tm1,0.5,1.0,negative,2.55,1.3513513513513513
Tm1,0.5,1.0,positive,2.55,-1.081081081081081
Tm1,0.5,1.0,negative,2.575,1.3513513513513513
Tm1,0.5,1.0,positive,2.575,-1.081081081081081
Tm1,0.5,1.0,negative,2.6,1.3513513513513513
Tm1,0.5,1.0,positive,2.6,-1.081081081081081
Tm1,0.5,1.0,negative,2.625,1.3513513513513513
Tm1,0.5,1.0,negative,2.65,1.081081081081081
Tm1,0.5,1.0,positive,2.65,-1.081081081081081
Tm1,0.5,1.0,negative,2.675,1.081081081081081
Tm1,0.5,1.0,positive,2.675,-1.081081081081081
Tm1,0.5,1.0,negative,2.7,1.081081081081081
Tm1,0.5,1.0,positive,2.7,-1.081081081081081
Tm1,0.5,1.0,negative,2.725,1.081081081081081
Tm1,0.5,1.0,positive,2.725,-1.081081081081081
Tm1,0.5,1.0,negative,2.75,1.081081081081081
Tm1,0.5,1.0,negative,2.775,1.3513513513513513
Tm1,0.5,1.0,positive,2.775,-1.6216216216216215
Tm1,0.5,1.0,negative,2.8,1.3513513513513513
Tm1,0.5,1.0,positive,2.8,-1.6216216216216215
Tm1,0.5,1.0,negative,2.825,1.3513513513513513
Tm1,0.5,1.0,positive,2.825,-1.6216216216216215
Tm1,0.5,1.0,negative,2.85,1.6216216216216215
Tm1,0.5,1.0,positive,2.85,-1.6216216216216215
Tm1,0.5,1.0,negative,2.875,1.8918918918918919
Tm1,0.5,1.0,positive,2.875,-1.3513513513513513
Tm1,0.5,1.0,negative,2.9,2.162162162162162
Tm1,0.5,1.0,positive,2.9,-1.3513513513513513
Tm1,0.5,1.0,negative,2.925,2.7027027027027026
Tm1,0.5,1.0,positive,2.925,-1.081081081081081
Tm1,0.5,1.0,negative,2.95,2.972972972972973
Tm1,0.5,1.0,positive,2.95,-1.081081081081081
Tm1,0.5,1.0,negative,2.975,2.7027027027027026
Tm1,0.5,1.0,positive,2.975,-1.081081081081081
Tm1,0.5,1.0,negative,3.0,2.4324324324324325
Tm1,0.5,1.0,positive,3.0,-1.3513513513513513
Tm1,0.5,1.0,negative,3.025,2.162162162162162
Tm1,0.5,1.0,negative,3.05,1.8918918918918919
Tm1,0.5,1.0,positive,3.05,-1.6216216216216215
Tm1,0.5,1.0,negative,3.075,1.8918918918918919
Tm1,0.5,1.0,positive,3.075,-1.6216216216216215
Tm1,0.5,1.0,negative,3.1,1.6216216216216215
Tm1,0.5,1.0,positive,3.1,-1.6216216216216215
Tm1,0.5,1.0,negative,3.125,1.6216216216216215
Tm1,0.5,1.0,positive,3.125,-1.6216216216216215
Tm1,0.5,1.0,negative,3.15,1.6216216216216215
Tm1,0.5,1.0,negative,3.175,1.3513513513513513
Tm1,0.5,1.0,positive,3.175,-2.162162162162162
Tm1,0.5,1.0,negative,3.2,1.081081081081081
Tm1,0.5,1.0,positive,3.2,-2.162162162162162
Tm1,0.5,1.0,negative,3.225,1.081081081081081
Tm1,0.5,1.0,positive,3.225,-1.8918918918918919
Tm1,0.5,1.0,negative,3.25,1.3513513513513513
Tm1,0.5,1.0,positive,3.25,-2.162162162162162
Tm1,0.5,1.0,negative,3.275,1.6216216216216215
Tm1,0.5,1.0,positive,3.275,-1.8918918918918919
Tm1,0.5,1.0,negative,3.3,1.6216216216216215
Tm1,0.5,1.0,positive,3.3,-1.6216216216216215
Tm1,0.5,1.0,negative,3.325,1.6216216216216215
Tm1,0.5,1.0,positive,3.325,-1.6216216216216215
Tm1,0.5,1.0,negative,3.35,1.6216216216216215
Tm1,0.5,1.0,positive,3.35,-1.6216216216216215
Tm1,0.5,1.0,negative,3.375,1.6216216216216215
Tm1,0.5,1.0,positive,3.375,-1.6216216216216215
Tm1,0.5,1.0,negative,3.4,1.6216216216216215
Tm1,0.5,1.0,positive,3.4,-1.6216216216216215
Tm1,0.5,1.0,negative,3.425,1.6216216216216215
Tm1,0.5,1.0,positive,3.425,-1.3513513513513513
Tm1,0.5,1.0,negative,3.45,1.8918918918918919
Tm1,0.5,1.0,positive,3.45,-1.3513513513513513
Tm1,0.5,1.0,negative,3.475,1.6216216216216215
Tm1,0.5,1.0,positive,3.475,-1.3513513513513513
Tm1,0.5,1.0,negative,3.5,1.8918918918918919
Tm1,0.5,1.0,positive,3.5,-1.6216216216216215
Tm1,0.5,1.0,negative,3.525,1.8918918918918919
Tm1,0.5,1.0,positive,3.525,-1.6216216216216215
Tm1,0.5,1.0,negative,3.55,1.8918918918918919
Tm1,0.5,1.0,positive,3.55,-1.3513513513513513
Tm1,0.5,1.0,negative,3.575,1.6216216216216215
Tm1,0.5,1.0,positive,3.575,-1.3513513513513513
Tm1,0.5,1.0,negative,3.6,1.6216216216216215
Tm1,0.5,1.0,positive,3.6,-1.3513513513513513
Tm1,0.5,1.0,negative,3.625,1.6216216216216215
Tm1,0.5,1.0,positive,3.625,-1.3513513513513513
Tm1,0.5,1.0,negative,3.65,1.8918918918918919
Tm1,0.5,1.0,positive,3.65,-1.3513513513513513
Tm1,0.5,1.0,negative,3.675,1.8918918918918919
Tm1,0.5,1.0,positive,3.675,-1.081081081081081
Tm1,0.5,1.0,negative,3.7,1.8918918918918919
Tm1,0.5,1.0,positive,3.7,-1.081081081081081
Tm1,0.5,1.0,negative,3.725,1.8918918918918919
Tm1,0.5,1.0,positive,3.725,-1.081081081081081
Tm1,0.5,1.0,negative,3.75,1.8918918918918919
Tm1,0.5,1.0,positive,3.75,-1.3513513513513513
Tm1,0.5,1.0,negative,3.775,1.8918918918918919
Tm1,0.5,1.0,positive,3.775,-1.3513513513513513
Tm1,0.5,1.0,negative,3.8,2.162162162162162
Tm1,0.5,1.0,positive,3.8,-1.6216216216216215
Tm1,0.5,1.0,negative,3.825,1.8918918918918919
Tm1,0.5,1.0,positive,3.825,-1.6216216216216215
Tm1,0.5,1.0,negative,3.85,1.8918918918918919
Tm1,0.5,1.0,positive,3.85,-1.6216216216216215
Tm1,0.5,1.0,negative,3.875,1.8918918918918919
Tm1,0.5,1.0,positive,3.875,-1.6216216216216215
Tm1,0.5,1.0,negative,3.9,1.8918918918918919
Tm1,0.5,1.0,positive,3.9,-1.6216216216216215
Tm1,0.5,1.0,negative,3.925,2.162162162162162
Tm1,0.5,1.0,positive,3.925,-1.3513513513513513
Tm1,0.5,1.0,negative,3.95,1.8918918918918919
Tm1,0.5,1.0,positive,3.95,-1.3513513513513513
Tm1,0.5,1.0,negative,3.975,1.6216216216216215
Tm1,0.5,1.0,positive,3.975,-1.081081081081081
Tm1,0.5,1.0,negative,4.0,1.3513513513513513
Tm1,0.5,1.0,positive,4.0,-0.8108108108108107
Tm1,0.5,1.0,negative,4.025,1.081081081081081
Tm1,0.5,1.0,positive,4.025,-0.5405405405405405
Tm1,0.5,1.0,negative,4.05,1.081081081081081
Tm1,0.5,1.0,positive,4.05,-0.5405405405405405
Tm1,0.5,1.0,negative,4.075,0.8108108108108107
Tm1,0.5,1.0,positive,4.075,-0.5405405405405405
Tm1,0.5,1.0,negative,4.1,0.8108108108108107
Tm1,0.5,1.0,negative,4.125,1.081081081081081
Tm1,0.5,1.0,positive,4.125,-0.8108108108108107
Tm1,0.5,1.0,negative,4.15,1.081081081081081
Tm1,0.5,1.0,positive,4.15,-0.8108108108108107
Tm1,0.5,1.0,negative,4.175,1.3513513513513513
Tm1,0.5,1.0,positive,4.175,-0.8108108108108107
Tm1,0.5,1.0,negative,4.2,1.6216216216216215
Tm1,0.5,1.0,positive,4.2,-1.081081081081081
Tm1,0.5,1.0,negative,4.225,1.6216216216216215
Tm1,0.5,1.0,positive,4.225,-1.081081081081081
Tm1,0.5,1.0,negative,4.25,1.6216216216216215
Tm1,0.5,1.0,positive,4.25,-1.3513513513513513
Tm1,0.5,1.0,negative,4.275,1.3513513513513513
Tm1,0.5,1.0,positive,4.275,-1.3513513513513513
Tm1,0.5,1.0,negative,4.3,1.3513513513513513
Tm1,0.5,1.0,positive,4.3,-1.6216216216216215
Tm1,0.5,1.0,negative,4.325,1.3513513513513513
Tm1,0.5,1.0,positive,4.325,-1.6216216216216215
Tm1,0.5,1.0,negative,4.35,1.3513513513513513
Tm1,0.5,1.0,negative,4.375,1.6216216216216215
Tm1,0.5,1.0,positive,4.375,-1.8918918918918919
Tm1,0.5,1.0,negative,4.4,1.8918918918918919
Tm1,0.5,1.0,positive,4.4,-1.8918918918918919
Tm1,0.5,1.0,negative,4.425,1.6216216216216215
Tm1,0.5,1.0,positive,4.425,-1.8918918918918919
Tm1,0.5,1.0,negative,4.45,1.3513513513513513
Tm1,0.5,1.0,positive,4.45,-1.8918918918918919
Tm1,0.5,1.0,negative,4.475,1.3513513513513513
Tm1,0.5,1.0,positive,4.475,-1.6216216216216215
Tm1,0.5,1.0,negative,4.5,1.081081081081081
Tm1,0.5,1.0,positive,4.5,-1.6216216216216215
Tm1,0.5,1.0,negative,4.525,1.081081081081081
Tm1,0.5,1.0,positive,4.525,-1.6216216216216215
Tm2,0.0,0.5,positive,-0.925,0.27027027027027023
Tm2,0.0,0.5,positive,-0.9,0.5405405405405405
Tm2,0.0,0.5,negative,-0.9,-0.27027027027027023
Tm2,0.0,0.5,positive,-0.875,0.5405405405405405
Tm2,0.0,0.5,negative,-0.875,-0.27027027027027023
Tm2,0.0,0.5,positive,-0.85,0.27027027027027023
Tm2,0.0,0.5,positive,-0.825,0.27027027027027023
Tm2,0.0,0.5,negative,-0.825,-0.27027027027027023
Tm2,0.0,0.5,positive,-0.8,0.27027027027027023
Tm2,0.0,0.5,negative,-0.8,-0.27027027027027023
Tm2,0.0,0.5,positive,-0.775,0.27027027027027023
Tm2,0.0,0.5,negative,-0.775,-0.27027027027027023
Tm2,0.0,0.5,positive,-0.75,0.5405405405405405
Tm2,0.0,0.5,positive,-0.725,0.27027027027027023
Tm2,0.0,0.5,negative,-0.725,-0.5405405405405405
Tm2,0.0,0.5,positive,-0.7,0.27027027027027023
Tm2,0.0,0.5,negative,-0.7,-0.27027027027027023
Tm2,0.0,0.5,positive,-0.675,0.27027027027027023
Tm2,0.0,0.5,negative,-0.675,-0.27027027027027023
Tm2,0.0,0.5,positive,-0.65,0.27027027027027023
Tm2,0.0,0.5,negative,-0.65,-0.27027027027027023
Tm2,0.0,0.5,positive,-0.625,0.5405405405405405
Tm2,0.0,0.5,negative,-0.625,-0.5405405405405405
Tm2,0.0,0.5,positive,-0.6,0.5405405405405405
Tm2,0.0,0.5,negative,-0.6,-0.27027027027027023
Tm2,0.0,0.5,positive,-0.575,0.27027027027027023
Tm2,0.0,0.5,negative,-0.575,-0.5405405405405405
Tm2,0.0,0.5,positive,-0.55,0.27027027027027023
Tm2,0.0,0.5,negative,-0.55,-0.27027027027027023
Tm2,0.0,0.5,positive,-0.525,0.27027027027027023
Tm2,0.0,0.5,negative,-0.525,-0.27027027027027023
Tm2,0.0,0.5,positive,-0.5,0.27027027027027023
Tm2,0.0,0.5,negative,-0.5,-0.27027027027027023
Tm2,0.0,0.5,positive,-0.475,0.5405405405405405
Tm2,0.0,0.5,negative,-0.475,-0.27027027027027023
Tm2,0.0,0.5,positive,-0.45,0.5405405405405405
Tm2,0.0,0.5,negative,-0.45,-0.27027027027027023
Tm2,0.0,0.5,positive,-0.425,0.27027027027027023
Tm2,0.0,0.5,negative,-0.425,-0.27027027027027023
Tm2,0.0,0.5,negative,-0.4,-0.27027027027027023
Tm2,0.0,0.5,negative,-0.375,-0.27027027027027023
Tm2,0.0,0.5,negative,-0.35,-0.27027027027027023
Tm2,0.0,0.5,negative,-0.325,-0.27027027027027023
Tm2,0.0,0.5,positive,-0.3,0.27027027027027023
Tm2,0.0,0.5,negative,-0.3,-0.27027027027027023
Tm2,0.0,0.5,positive,-0.275,0.27027027027027023
Tm2,0.0,0.5,negative,-0.275,-0.27027027027027023
Tm2,0.0,0.5,positive,-0.25,0.27027027027027023
Tm2,0.0,0.5,negative,-0.25,-0.27027027027027023
Tm2,0.0,0.5,positive,-0.225,0.5405405405405405
Tm2,0.0,0.5,positive,-0.2,0.5405405405405405
Tm2,0.0,0.5,positive,-0.175,0.27027027027027023
Tm2,0.0,0.5,positive,-0.15,0.27027027027027023
Tm2,0.0,0.5,positive,-0.125,0.27027027027027023
Tm2,0.0,0.5,positive,-0.05,0.27027027027027023
Tm2,0.0,0.5,negative,-0.05,-0.27027027027027023
Tm2,0.0,0.5,positive,-0.025,0.27027027027027023
Tm2,0.0,0.5,negative,-0.025,-0.27027027027027023
Tm2,0.0,0.5,positive,0.0,0.27027027027027023
Tm2,0.0,0.5,negative,0.0,-0.27027027027027023
Tm2,0.0,0.5,positive,0.025,0.5405405405405405
Tm2,0.0,0.5,positive,0.075,1.3513513513513513
Tm2,0.0,0.5,negative,0.075,-0.27027027027027023
Tm2,0.0,0.5,positive,0.1,8.378378378378377
Tm2,0.0,0.5,negative,0.1,-0.5405405405405405
Tm2,0.0,0.5,positive,0.125,11.08108108108108
Tm2,0.0,0.5,negative,0.125,-1.3513513513513513
Tm2,0.0,0.5,positive,0.15,12.432432432432432
Tm2,0.0,0.5,negative,0.15,-2.162162162162162
Tm2,0.0,0.5,positive,0.175,14.864864864864865
Tm2,0.0,0.5,negative,0.175,-2.7027027027027026
Tm2,0.0,0.5,positive,0.2,15.135135135135135
Tm2,0.0,0.5,negative,0.2,-2.7027027027027026
Tm2,0.0,0.5,positive,0.225,16.486486486486484
Tm2,0.0,0.5,negative,0.225,-2.972972972972973
Tm2,0.0,0.5,positive,0.25,17.297297297297295
Tm2,0.0,0.5,negative,0.25,-2.972972972972973
Tm2,0.0,0.5,positive,0.275,17.027027027027025
Tm2,0.0,0.5,negative,0.275,-2.972972972972973
Tm2,0.0,0.5,positive,0.3,15.945945945945946
Tm2,0.0,0.5,negative,0.3,-2.972972972972973
Tm2,0.0,0.5,positive,0.325,15.945945945945946
Tm2,0.0,0.5,negative,0.325,-2.7027027027027026
Tm2,0.0,0.5,positive,0.35,13.783783783783782
Tm2,0.0,0.5,negative,0.35,-2.7027027027027026
Tm2,0.0,0.5,positive,0.375,13.783783783783782
Tm2,0.0,0.5,negative,0.375,-2.7027027027027026
Tm2,0.0,0.5,positive,0.4,12.972972972972972
Tm2,0.0,0.5,negative,0.4,-2.7027027027027026
Tm2,0.0,0.5,positive,0.425,12.972972972972972
Tm2,0.0,0.5,negative,0.425,-2.7027027027027026
Tm2,0.0,0.5,positive,0.45,12.972972972972972
Tm2,0.0,0.5,negative,0.45,-2.4324324324324325
Tm2,0.0,0.5,positive,0.475,12.702702702702702
Tm2,0.0,0.5,negative,0.475,-2.162162162162162
Tm2,0.0,0.5,positive,0.5,12.162162162162161
Tm2,0.0,0.5,negative,0.5,-2.162162162162162
Tm2,0.0,0.5,positive,0.525,11.891891891891891
Tm2,0.0,0.5,negative,0.525,-2.162162162162162
Tm2,0.0,0.5,positive,0.55,11.35135135135135
Tm2,0.0,0.5,negative,0.55,-1.8918918918918919
Tm2,0.0,0.5,positive,0.575,11.08108108108108
Tm2,0.0,0.5,negative,0.575,-1.8918918918918919
Tm2,0.0,0.5,positive,0.6,10.27027027027027
Tm2,0.0,0.5,negative,0.6,-1.6216216216216215
Tm2,0.0,0.5,positive,0.625,9.18918918918919
Tm2,0.0,0.5,negative,0.625,-1.6216216216216215
Tm2,0.0,0.5,positive,0.65,8.108108108108107
Tm2,0.0,0.5,negative,0.65,-1.6216216216216215
Tm2,0.0,0.5,positive,0.675,8.108108108108107
Tm2,0.0,0.5,negative,0.675,-1.6216216216216215
Tm2,0.0,0.5,positive,0.7,7.027027027027026
Tm2,0.0,0.5,negative,0.7,-1.3513513513513513
Tm2,0.0,0.5,positive,0.725,6.216216216216216
Tm2,0.0,0.5,negative,0.725,-1.3513513513513513
Tm2,0.0,0.5,positive,0.75,5.945945945945946
Tm2,0.0,0.5,negative,0.75,-1.3513513513513513
Tm2,0.0,0.5,positive,0.775,5.675675675675675
Tm2,0.0,0.5,negative,0.775,-1.3513513513513513
Tm2,0.0,0.5,positive,0.8,5.405405405405405
Tm2,0.0,0.5,negative,0.8,-1.081081081081081
Tm2,0.0,0.5,positive,0.825,5.135135135135135
Tm2,0.0,0.5,negative,0.825,-1.081081081081081
Tm2,0.0,0.5,positive,0.85,4.864864864864865
Tm2,0.0,0.5,negative,0.85,-0.8108108108108107
Tm2,0.0,0.5,positive,0.875,4.594594594594595
Tm2,0.0,0.5,negative,0.875,-0.8108108108108107
Tm2,0.0,0.5,positive,0.9,4.324324324324324
Tm2,0.0,0.5,negative,0.9,-0.8108108108108107
Tm2,0.0,0.5,positive,0.925,4.324324324324324
Tm2,0.0,0.5,negative,0.925,-0.8108108108108107
Tm2,0.0,0.5,positive,0.95,4.0540540540540535
Tm2,0.0,0.5,negative,0.95,-0.5405405405405405
Tm2,0.0,0.5,positive,0.975,3.7837837837837838
Tm2,0.0,0.5,negative,0.975,-0.5405405405405405
Tm2,0.0,0.5,positive,1.0,3.7837837837837838
Tm2,0.0,0.5,negative,1.0,-0.27027027027027023
Tm2,0.0,0.5,positive,1.025,3.7837837837837838
Tm2,0.0,0.5,negative,1.025,-0.27027027027027023
Tm2,0.0,0.5,positive,1.05,3.513513513513513
Tm2,0.0,0.5,negative,1.05,-0.27027027027027023
Tm2,0.0,0.5,positive,1.075,2.972972972972973
Tm2,0.0,0.5,negative,1.075,-0.27027027027027023
Tm2,0.0,0.5,positive,1.1,2.972972972972973
Tm2,0.0,0.5,negative,1.1,-0.27027027027027023
Tm2,0.0,0.5,positive,1.125,2.162162162162162
Tm2,0.0,0.5,negative,1.125,-0.27027027027027023
Tm2,0.0,0.5,positive,1.15,2.162162162162162
Tm2,0.0,0.5,negative,1.15,-0.27027027027027023
Tm2,0.0,0.5,positive,1.175,1.8918918918918919
Tm2,0.0,0.5,negative,1.175,-0.27027027027027023
Tm2,0.0,0.5,positive,1.2,1.8918918918918919
Tm2,0.0,0.5,negative,1.2,-0.27027027027027023
Tm2,0.0,0.5,positive,1.225,1.8918918918918919
Tm2,0.0,0.5,negative,1.225,-0.27027027027027023
Tm2,0.0,0.5,positive,1.25,1.8918918918918919
Tm2,0.0,0.5,negative,1.25,-0.27027027027027023
Tm2,0.0,0.5,positive,1.275,1.8918918918918919
Tm2,0.0,0.5,negative,1.275,-0.27027027027027023
Tm2,0.0,0.5,positive,1.3,0.27027027027027023
Tm2,0.0,0.5,negative,1.3,-0.27027027027027023
Tm2,0.0,0.5,negative,1.325,0.27027027027027023
Tm2,0.0,0.5,negative,1.35,0.5405405405405405
Tm2,0.0,0.5,negative,1.375,1.3513513513513513
Tm2,0.0,0.5,negative,1.4,1.6216216216216215
Tm2,0.0,0.5,negative,1.425,1.6216216216216215
Tm2,0.0,0.5,negative,1.45,1.6216216216216215
Tm2,0.0,0.5,negative,1.475,1.6216216216216215
Tm2,0.0,0.5,negative,1.5,1.6216216216216215
Tm2,0.0,0.5,negative,1.525,1.3513513513513513
Tm2,0.0,0.5,negative,1.55,1.3513513513513513
Tm2,0.0,0.5,negative,1.575,1.3513513513513513
Tm2,0.0,0.5,negative,1.6,1.3513513513513513
Tm2,0.0,0.5,negative,1.625,1.6216216216216215
Tm2,0.0,0.5,negative,1.65,2.162162162162162
Tm2,0.0,0.5,negative,1.675,2.162162162162162
Tm2,0.0,0.5,negative,1.7,2.162162162162162
Tm2,0.0,0.5,negative,1.725,1.8918918918918919
Tm2,0.0,0.5,negative,1.75,2.162162162162162
Tm2,0.0,0.5,negative,1.775,2.4324324324324325
Tm2,0.0,0.5,negative,1.8,2.162162162162162
Tm2,0.0,0.5,negative,1.825,1.8918918918918919
Tm2,0.0,0.5,negative,1.85,1.8918918918918919
Tm2,0.0,0.5,negative,1.875,1.6216216216216215
Tm2,0.0,0.5,negative,1.9,1.6216216216216215
Tm2,0.0,0.5,negative,1.925,1.8918918918918919
Tm2,0.0,0.5,negative,1.95,2.162162162162162
Tm2,0.0,0.5,negative,1.975,2.4324324324324325
Tm2,0.0,0.5,negative,2.0,2.7027027027027026
Tm2,0.0,0.5,negative,2.025,2.7027027027027026
Tm2,0.0,0.5,negative,2.05,2.7027027027027026
Tm2,0.0,0.5,negative,2.075,2.7027027027027026
Tm2,0.0,0.5,positive,2.075,-0.27027027027027023
Tm2,0.0,0.5,negative,2.1,2.7027027027027026
Tm2,0.0,0.5,negative,2.125,0.27027027027027023
Tm2,0.0,0.5,negative,2.15,2.7027027027027026
Tm2,0.0,0.5,negative,2.175,2.4324324324324325
Tm2,0.0,0.5,negative,2.2,2.162162162162162
Tm2,0.0,0.5,negative,2.225,2.162162162162162
Tm2,0.0,0.5,negative,2.25,1.8918918918918919
Tm2,0.0,0.5,negative,2.275,1.6216216216216215
Tm2,0.0,0.5,negative,2.3,1.6216216216216215
Tm2,0.0,0.5,negative,2.325,1.3513513513513513
Tm2,0.0,0.5,negative,2.35,1.6216216216216215
Tm2,0.0,0.5,negative,2.375,1.6216216216216215
Tm2,0.0,0.5,negative,2.4,1.8918918918918919
Tm2,0.0,0.5,negative,2.425,1.6216216216216215
Tm2,0.0,0.5,negative,2.45,1.6216216216216215
Tm2,0.0,0.5,negative,2.475,1.6216216216216215
Tm2,0.0,0.5,negative,2.5,1.6216216216216215
Tm2,0.0,0.5,negative,2.525,1.6216216216216215
Tm2,0.0,0.5,negative,2.55,1.6216216216216215
Tm2,0.0,0.5,negative,2.575,1.6216216216216215
Tm2,0.0,0.5,positive,2.575,-0.27027027027027023
Tm2,0.0,0.5,negative,2.6,1.3513513513513513
Tm2,0.0,0.5,positive,2.6,-0.27027027027027023
Tm2,0.0,0.5,negative,2.625,1.3513513513513513
Tm2,0.0,0.5,positive,2.625,-0.27027027027027023
Tm2,0.0,0.5,negative,2.65,1.3513513513513513
Tm2,0.0,0.5,positive,2.65,-0.27027027027027023
Tm2,0.0,0.5,negative,2.675,1.6216216216216215
Tm2,0.0,0.5,negative,2.7,1.8918918918918919
Tm2,0.0,0.5,negative,2.725,1.8918918918918919
Tm2,0.0,0.5,negative,2.75,1.8918918918918919
Tm2,0.0,0.5,negative,2.775,1.8918918918918919
Tm2,0.0,0.5,negative,2.8,1.6216216216216215
Tm2,0.0,0.5,negative,2.825,1.6216216216216215
Tm2,0.0,0.5,negative,2.85,1.6216216216216215
Tm2,0.0,0.5,negative,2.875,1.6216216216216215
Tm2,0.0,0.5,negative,2.9,1.6216216216216215
Tm2,0.0,0.5,negative,2.925,1.8918918918918919
Tm2,0.0,0.5,positive,2.925,-0.27027027027027023
Tm2,0.0,0.5,negative,2.95,2.162162162162162
Tm2,0.0,0.5,positive,2.95,-0.27027027027027023
Tm2,0.0,0.5,negative,2.975,2.162162162162162
Tm2,0.0,0.5,positive,2.975,-0.27027027027027023
Tm2,0.0,0.5,negative,3.0,1.8918918918918919
Tm2,0.0,0.5,positive,3.0,-0.27027027027027023
Tm2,0.0,0.5,negative,3.025,1.8918918918918919
Tm2,0.0,0.5,positive,3.025,-0.27027027027027023
Tm2,0.0,0.5,negative,3.05,1.6216216216216215
Tm2,0.0,0.5,positive,3.05,-0.27027027027027023
Tm2,0.0,0.5,negative,3.075,1.6216216216216215
Tm2,0.0,0.5,positive,3.075,-0.27027027027027023
Tm2,0.0,0.5,negative,3.1,1.6216216216216215
Tm2,0.0,0.5,positive,3.1,-0.5405405405405405
Tm2,0.0,0.5,negative,3.125,1.3513513513513513
Tm2,0.0,0.5,positive,3.125,-0.5405405405405405
Tm2,0.0,0.5,negative,3.15,1.3513513513513513
Tm2,0.0,0.5,positive,3.15,-0.5405405405405405
Tm2,0.0,0.5,negative,3.175,1.3513513513513513
Tm2,0.0,0.5,positive,3.175,-0.5405405405405405
Tm2,0.0,0.5,negative,3.2,1.3513513513513513
Tm2,0.0,0.5,positive,3.2,-0.27027027027027023
Tm2,0.0,0.5,negative,3.225,1.3513513513513513
Tm2,0.0,0.5,positive,3.225,-0.27027027027027023
Tm2,0.0,0.5,negative,3.25,1.8918918918918919
Tm2,0.0,0.5,positive,3.25,-0.5405405405405405
Tm2,0.0,0.5,negative,3.275,1.6216216216216215
Tm2,0.0,0.5,positive,3.275,-0.27027027027027023
Tm2,0.0,0.5,negative,3.3,1.6216216216216215
Tm2,0.0,0.5,positive,3.3,-0.27027027027027023
Tm2,0.0,0.5,negative,3.325,1.6216216216216215
Tm2,0.0,0.5,positive,3.325,-0.27027027027027023
Tm2,0.0,0.5,negative,3.35,1.8918918918918919
Tm2,0.0,0.5,positive,3.35,-0.27027027027027023
Tm2,0.0,0.5,negative,3.375,1.8918918918918919
Tm2,0.0,0.5,positive,3.375,-0.5405405405405405
Tm2,0.0,0.5,negative,3.4,1.8918918918918919
Tm2,0.0,0.5,positive,3.4,-0.5405405405405405
Tm2,0.0,0.5,negative,3.425,1.8918918918918919
Tm2,0.0,0.5,positive,3.425,-0.5405405405405405
Tm2,0.0,0.5,negative,3.45,1.6216216216216215
Tm2,0.0,0.5,positive,3.45,-0.5405405405405405
Tm2,0.0,0.5,negative,3.475,1.6216216216216215
Tm2,0.0,0.5,positive,3.475,-0.27027027027027023
Tm2,0.0,0.5,negative,3.5,1.6216216216216215
Tm2,0.0,0.5,positive,3.5,-0.8108108108108107
Tm2,0.0,0.5,negative,3.525,1.6216216216216215
Tm2,0.0,0.5,positive,3.525,-0.8108108108108107
Tm2,0.0,0.5,negative,3.55,1.8918918918918919
Tm2,0.0,0.5,positive,3.55,-0.5405405405405405
Tm2,0.0,0.5,negative,3.575,2.4324324324324325
Tm2,0.0,0.5,positive,3.575,-0.5405405405405405
Tm2,0.0,0.5,negative,3.6,2.7027027027027026
Tm2,0.0,0.5,positive,3.6,-0.5405405405405405
Tm2,0.0,0.5,negative,3.625,2.972972972972973
Tm2,0.0,0.5,positive,3.625,-0.5405405405405405
Tm2,0.0,0.5,negative,3.65,2.972972972972973
Tm2,0.0,0.5,positive,3.65,-0.27027027027027023
Tm2,0.0,0.5,negative,3.675,2.4324324324324325
Tm2,0.0,0.5,positive,3.675,-0.5405405405405405
Tm2,0.0,0.5,negative,3.7,2.162162162162162
Tm2,0.0,0.5,positive,3.7,-0.27027027027027023
Tm2,0.0,0.5,negative,3.725,2.162162162162162
Tm2,0.0,0.5,positive,3.725,-0.27027027027027023
Tm2,0.0,0.5,negative,3.75,2.4324324324324325
Tm2,0.0,0.5,positive,3.75,-0.27027027027027023
Tm2,0.0,0.5,negative,3.775,2.4324324324324325
Tm2,0.0,0.5,positive,3.775,-0.27027027027027023
Tm2,0.0,0.5,negative,3.8,2.7027027027027026
Tm2,0.0,0.5,positive,3.8,-0.27027027027027023
Tm2,0.0,0.5,negative,3.825,2.7027027027027026
Tm2,0.0,0.5,positive,3.825,-0.27027027027027023
Tm2,0.0,0.5,negative,3.85,2.7027027027027026
Tm2,0.0,0.5,negative,3.875,2.7027027027027026
Tm2,0.0,0.5,negative,3.9,2.972972972972973
Tm2,0.0,0.5,negative,3.925,2.972972972972973
Tm2,0.0,0.5,negative,3.95,2.7027027027027026
Tm2,0.0,0.5,negative,3.975,2.4324324324324325
Tm2,0.0,0.5,negative,4.0,2.162162162162162
Tm2,0.0,0.5,negative,4.025,0.27027027027027023
Tm2,0.0,0.5,negative,4.05,2.162162162162162
Tm2,0.0,0.5,negative,4.075,2.162162162162162
Tm2,0.0,0.5,negative,4.1,2.162162162162162
Tm2,0.0,0.5,negative,4.125,1.8918918918918919
Tm2,0.0,0.5,negative,4.15,1.8918918918918919
Tm2,0.0,0.5,negative,4.175,1.8918918918918919
Tm2,0.0,0.5,positive,4.175,-0.27027027027027023
Tm2,0.0,0.5,negative,4.2,2.162162162162162
Tm2,0.0,0.5,positive,4.2,-0.27027027027027023
Tm2,0.0,0.5,negative,4.225,2.162162162162162
Tm2,0.0,0.5,positive,4.225,-0.27027027027027023
Tm2,0.0,0.5,negative,4.25,2.4324324324324325
Tm2,0.0,0.5,positive,4.25,-0.27027027027027023
Tm2,0.0,0.5,negative,4.275,2.7027027027027026
Tm2,0.0,0.5,negative,4.3,0.27027027027027023
Tm2,0.0,0.5,negative,4.325,2.162162162162162
Tm2,0.0,0.5,positive,4.325,-0.27027027027027023
Tm2,0.0,0.5,negative,4.35,2.162162162162162
Tm2,0.0,0.5,positive,4.35,-0.27027027027027023
Tm2,0.0,0.5,negative,4.375,2.4324324324324325
Tm2,0.0,0.5,positive,4.375,-0.27027027027027023
Tm2,0.0,0.5,negative,4.4,2.4324324324324325
Tm2,0.0,0.5,positive,4.4,-0.27027027027027023
Tm2,0.0,0.5,negative,4.425,2.162162162162162
Tm2,0.0,0.5,negative,4.45,1.8918918918918919
Tm2,0.0,0.5,positive,4.45,-0.27027027027027023
Tm2,0.0,0.5,negative,4.475,1.6216216216216215
Tm2,0.0,0.5,positive,4.475,-0.27027027027027023
Tm2,0.0,0.5,negative,4.5,1.3513513513513513
Tm2,0.0,0.5,negative,4.525,1.3513513513513513
Tm2,0.5,1.0,positive,-0.9,0.27027027027027023
Tm2,0.5,1.0,negative,-0.9,-0.27027027027027023
Tm2,0.5,1.0,positive,-0.875,0.27027027027027023
Tm2,0.5,1.0,positive,-0.85,0.27027027027027023
Tm2,0.5,1.0,positive,-0.825,0.27027027027027023
Tm2,0.5,1.0,negative,-0.825,-0.27027027027027023
Tm2,0.5,1.0,positive,-0.8,0.27027027027027023
Tm2,0.5,1.0,negative,-0.8,-0.27027027027027023
Tm2,0.5,1.0,positive,-0.775,0.27027027027027023
Tm2,0.5,1.0,negative,-0.775,-0.27027027027027023
Tm2,0.5,1.0,positive,-0.75,0.27027027027027023
Tm2,0.5,1.0,negative,-0.75,-0.5405405405405405
Tm2,0.5,1.0,negative,-0.725,-0.27027027027027023
Tm2,0.5,1.0,positive,-0.7,0.27027027027027023
Tm2,0.5,1.0,negative,-0.7,-0.27027027027027023
Tm2,0.5,1.0,positive,-0.675,0.27027027027027023
Tm2,0.5,1.0,negative,-0.675,-0.27027027027027023
Tm2,0.5,1.0,positive,-0.65,0.27027027027027023
Tm2,0.5,1.0,negative,-0.65,-0.27027027027027023
Tm2,0.5,1.0,positive,-0.625,0.27027027027027023
Tm2,0.5,1.0,positive,-0.6,0.27027027027027023
Tm2,0.5,1.0,positive,-0.575,0.27027027027027023
Tm2,0.5,1.0,negative,-0.575,-0.27027027027027023
Tm2,0.5,1.0,positive,-0.55,0.27027027027027023
Tm2,0.5,1.0,negative,-0.55,-0.27027027027027023
Tm2,0.5,1.0,positive,-0.525,0.27027027027027023
Tm2,0.5,1.0,negative,-0.525,-0.27027027027027023
Tm2,0.5,1.0,positive,-0.5,0.27027027027027023
Tm2,0.5,1.0,negative,-0.5,-0.27027027027027023
Tm2,0.5,1.0,positive,-0.475,0.27027027027027023
Tm2,0.5,1.0,negative,-0.475,-0.5405405405405405
Tm2,0.5,1.0,positive,-0.45,0.27027027027027023
Tm2,0.5,1.0,negative,-0.45,-0.5405405405405405
Tm2,0.5,1.0,positive,-0.425,0.27027027027027023
Tm2,0.5,1.0,negative,-0.425,-0.27027027027027023
Tm2,0.5,1.0,positive,-0.4,0.27027027027027023
Tm2,0.5,1.0,negative,-0.4,-0.27027027027027023
Tm2,0.5,1.0,negative,-0.375,-0.27027027027027023
Tm2,0.5,1.0,negative,-0.35,-0.5405405405405405
Tm2,0.5,1.0,negative,-0.325,-0.5405405405405405
Tm2,0.5,1.0,negative,-0.3,-0.27027027027027023
Tm2,0.5,1.0,negative,-0.275,-0.27027027027027023
Tm2,0.5,1.0,negative,-0.25,-0.27027027027027023
Tm2,0.5,1.0,negative,-0.225,-0.5405405405405405
Tm2,0.5,1.0,negative,-0.2,-0.5405405405405405
Tm2,0.5,1.0,negative,-0.175,-0.27027027027027023
Tm2,0.5,1.0,negative,-0.15,-0.27027027027027023
Tm2,0.5,1.0,negative,-0.125,-0.27027027027027023
Tm2,0.5,1.0,positive,-0.1,0.27027027027027023
Tm2,0.5,1.0,negative,-0.1,-0.5405405405405405
Tm2,0.5,1.0,positive,-0.075,0.27027027027027023
Tm2,0.5,1.0,negative,-0.075,-0.5405405405405405
Tm2,0.5,1.0,positive,-0.05,0.27027027027027023
Tm2,0.5,1.0,negative,-0.05,-0.27027027027027023
Tm2,0.5,1.0,positive,-0.025,0.27027027027027023
Tm2,0.5,1.0,negative,-0.025,-0.27027027027027023
Tm2,0.5,1.0,positive,0.0,0.27027027027027023
Tm2,0.5,1.0,negative,0.0,-0.27027027027027023
Tm2,0.5,1.0,positive,0.025,0.27027027027027023
Tm2,0.5,1.0,positive,0.075,1.3513513513513513
Tm2,0.5,1.0,negative,0.075,-0.27027027027027023
Tm2,0.5,1.0,positive,0.1,7.297297297297297
Tm2,0.5,1.0,negative,0.1,-0.5405405405405405
Tm2,0.5,1.0,positive,0.125,9.45945945945946
Tm2,0.5,1.0,negative,0.125,-1.6216216216216215
Tm2,0.5,1.0,positive,0.15,10.0
Tm2,0.5,1.0,negative,0.15,-2.4324324324324325
Tm2,0.5,1.0,positive,0.175,12.432432432432432
Tm2,0.5,1.0,negative,0.175,-2.7027027027027026
Tm2,0.5,1.0,positive,0.2,15.135135135135135
Tm2,0.5,1.0,negative,0.2,-2.7027027027027026
Tm2,0.5,1.0,positive,0.225,16.216216216216214
Tm2,0.5,1.0,negative,0.225,-2.972972972972973
Tm2,0.5,1.0,positive,0.25,16.486486486486484
Tm2,0.5,1.0,negative,0.25,-2.972972972972973
Tm2,0.5,1.0,positive,0.275,16.486486486486484
Tm2,0.5,1.0,negative,0.275,-2.972972972972973
Tm2,0.5,1.0,positive,0.3,14.864864864864865
Tm2,0.5,1.0,negative,0.3,-2.7027027027027026
Tm2,0.5,1.0,positive,0.325,14.054054054054053
Tm2,0.5,1.0,negative,0.325,-2.7027027027027026
Tm2,0.5,1.0,positive,0.35,12.702702702702702
Tm2,0.5,1.0,negative,0.35,-2.4324324324324325
Tm2,0.5,1.0,positive,0.375,12.702702702702702
Tm2,0.5,1.0,negative,0.375,-2.4324324324324325
Tm2,0.5,1.0,positive,0.4,11.08108108108108
Tm2,0.5,1.0,negative,0.4,-2.162162162162162
Tm2,0.5,1.0,positive,0.425,11.08108108108108
Tm2,0.5,1.0,negative,0.425,-2.162162162162162
Tm2,0.5,1.0,positive,0.45,8.91891891891892
Tm2,0.5,1.0,negative,0.45,-2.162162162162162
Tm2,0.5,1.0,positive,0.475,8.378378378378377
Tm2,0.5,1.0,negative,0.475,-2.162162162162162
Tm2,0.5,1.0,positive,0.5,7.027027027027026
Tm2,0.5,1.0,negative,0.5,-1.8918918918918919
Tm2,0.5,1.0,positive,0.525,6.756756756756756
Tm2,0.5,1.0,negative,0.525,-1.8918918918918919
Tm2,0.5,1.0,positive,0.55,6.486486486486486
Tm2,0.5,1.0,negative,0.55,-1.6216216216216215
Tm2,0.5,1.0,positive,0.575,5.405405405405405
Tm2,0.5,1.0,negative,0.575,-1.6216216216216215
Tm2,0.5,1.0,positive,0.6,5.405405405405405
Tm2,0.5,1.0,negative,0.6,-1.3513513513513513
Tm2,0.5,1.0,positive,0.625,5.405405405405405
Tm2,0.5,1.0,negative,0.625,-1.081081081081081
Tm2,0.5,1.0,positive,0.65,4.324324324324324
Tm2,0.5,1.0,negative,0.65,-1.081081081081081
Tm2,0.5,1.0,positive,0.675,4.324324324324324
Tm2,0.5,1.0,negative,0.675,-1.081081081081081
Tm2,0.5,1.0,positive,0.7,3.7837837837837838
Tm2,0.5,1.0,negative,0.7,-1.081081081081081
Tm2,0.5,1.0,positive,0.725,3.7837837837837838
Tm2,0.5,1.0,negative,0.725,-1.081081081081081
Tm2,0.5,1.0,positive,0.75,2.4324324324324325
Tm2,0.5,1.0,negative,0.75,-1.081081081081081
Tm2,0.5,1.0,positive,0.775,2.162162162162162
Tm2,0.5,1.0,negative,0.775,-1.081081081081081
Tm2,0.5,1.0,positive,0.8,1.8918918918918919
Tm2,0.5,1.0,negative,0.8,-1.081081081081081
Tm2,0.5,1.0,positive,0.825,1.081081081081081
Tm2,0.5,1.0,negative,0.825,-1.081081081081081
Tm2,0.5,1.0,positive,0.85,1.081081081081081
Tm2,0.5,1.0,negative,0.85,-1.081081081081081
Tm2,0.5,1.0,positive,0.875,0.8108108108108107
Tm2,0.5,1.0,negative,0.875,-1.081081081081081
Tm2,0.5,1.0,positive,0.9,0.8108108108108107
Tm2,0.5,1.0,negative,0.9,-0.8108108108108107
Tm2,0.5,1.0,negative,0.925,0.27027027027027023
Tm2,0.5,1.0,positive,0.925,-0.5405405405405405
Tm2,0.5,1.0,negative,0.95,0.27027027027027023
Tm2,0.5,1.0,positive,0.95,-0.5405405405405405
Tm2,0.5,1.0,positive,0.975,-0.5405405405405405
Tm2,0.5,1.0,positive,1.0,-0.27027027027027023
Tm2,0.5,1.0,positive,1.025,-0.27027027027027023
Tm2,0.5,1.0,positive,1.05,-0.27027027027027023
Tm2,0.5,1.0,positive,1.075,-0.27027027027027023
Tm2,0.5,1.0,positive,1.1,-0.5405405405405405
Tm2,0.5,1.0,positive,1.125,-0.27027027027027023
Tm2,0.5,1.0,negative,1.15,0.27027027027027023
Tm2,0.5,1.0,positive,1.15,-0.8108108108108107
Tm2,0.5,1.0,negative,1.175,0.27027027027027023
Tm2,0.5,1.0,positive,1.175,-0.8108108108108107
Tm2,0.5,1.0,negative,1.2,0.27027027027027023
Tm2,0.5,1.0,positive,1.2,-1.081081081081081
Tm2,0.5,1.0,negative,1.225,0.27027027027027023
Tm2,0.5,1.0,positive,1.225,-1.081081081081081
Tm2,0.5,1.0,negative,1.25,0.27027027027027023
Tm2,0.5,1.0,positive,1.25,-1.3513513513513513
Tm2,0.5,1.0,negative,1.275,0.5405405405405405
Tm2,0.5,1.0,positive,1.275,-1.3513513513513513
Tm2,0.5,1.0,negative,1.3,0.5405405405405405
Tm2,0.5,1.0,positive,1.3,-1.3513513513513513
Tm2,0.5,1.0,negative,1.325,0.5405405405405405
Tm2,0.5,1.0,positive,1.325,-1.3513513513513513
Tm2,0.5,1.0,negative,1.35,0.27027027027027023
Tm2,0.5,1.0,positive,1.35,-1.3513513513513513
Tm2,0.5,1.0,negative,1.375,0.27027027027027023
Tm2,0.5,1.0,positive,1.375,-1.6216216216216215
Tm2,0.5,1.0,negative,1.4,0.5405405405405405
Tm2,0.5,1.0,positive,1.4,-1.6216216216216215
Tm2,0.5,1.0,negative,1.425,0.8108108108108107
Tm2,0.5,1.0,positive,1.425,-1.8918918918918919
Tm2,0.5,1.0,negative,1.45,1.081081081081081
Tm2,0.5,1.0,positive,1.45,-1.8918918918918919
Tm2,0.5,1.0,negative,1.475,1.3513513513513513
Tm2,0.5,1.0,negative,1.5,1.081081081081081
Tm2,0.5,1.0,positive,1.5,-2.4324324324324325
Tm2,0.5,1.0,negative,1.525,1.081081081081081
Tm2,0.5,1.0,positive,1.525,-2.4324324324324325
Tm2,0.5,1.0,negative,1.55,0.8108108108108107
Tm2,0.5,1.0,positive,1.55,-2.4324324324324325
Tm2,0.5,1.0,negative,1.575,0.8108108108108107
Tm2,0.5,1.0,positive,1.575,-2.4324324324324325
Tm2,0.5,1.0,negative,1.6,1.081081081081081
Tm2,0.5,1.0,positive,1.6,-2.162162162162162
Tm2,0.5,1.0,negative,1.625,1.081081081081081
Tm2,0.5,1.0,positive,1.625,-2.162162162162162
Tm2,0.5,1.0,negative,1.65,1.081081081081081
Tm2,0.5,1.0,positive,1.65,-2.162162162162162
Tm2,0.5,1.0,negative,1.675,1.081081081081081
Tm2,0.5,1.0,positive,1.675,-2.162162162162162
Tm2,0.5,1.0,negative,1.7,1.3513513513513513
Tm2,0.5,1.0,positive,1.7,-2.4324324324324325
Tm2,0.5,1.0,negative,1.725,1.081081081081081
Tm2,0.5,1.0,positive,1.725,-2.4324324324324325
Tm2,0.5,1.0,negative,1.75,1.3513513513513513
Tm2,0.5,1.0,positive,1.75,-2.4324324324324325
Tm2,0.5,1.0,negative,1.775,1.3513513513513513
Tm2,0.5,1.0,positive,1.775,-2.4324324324324325
Tm2,0.5,1.0,negative,1.8,1.081081081081081
Tm2,0.5,1.0,positive,1.8,-2.4324324324324325
Tm2,0.5,1.0,negative,1.825,1.081081081081081
Tm2,0.5,1.0,positive,1.825,-2.162162162162162
Tm2,0.5,1.0,negative,1.85,0.8108108108108107
Tm2,0.5,1.0,positive,1.85,-2.162162162162162
Tm2,0.5,1.0,negative,1.875,0.8108108108108107
Tm2,0.5,1.0,positive,1.875,-2.162162162162162
Tm2,0.5,1.0,negative,1.9,1.081081081081081
Tm2,0.5,1.0,positive,1.9,-2.162162162162162
Tm2,0.5,1.0,negative,1.925,1.6216216216216215
Tm2,0.5,1.0,positive,1.925,-2.162162162162162
Tm2,0.5,1.0,negative,1.95,1.3513513513513513
Tm2,0.5,1.0,positive,1.95,-2.4324324324324325
Tm2,0.5,1.0,negative,1.975,1.3513513513513513
Tm2,0.5,1.0,positive,1.975,-2.4324324324324325
Tm2,0.5,1.0,negative,2.0,1.3513513513513513
Tm2,0.5,1.0,positive,2.0,-2.4324324324324325
Tm2,0.5,1.0,negative,2.025,1.081081081081081
Tm2,0.5,1.0,positive,2.025,-2.162162162162162
Tm2,0.5,1.0,negative,2.05,0.8108108108108107
Tm2,0.5,1.0,negative,2.075,0.8108108108108107
Tm2,0.5,1.0,positive,2.075,-2.4324324324324325
Tm2,0.5,1.0,negative,2.1,0.5405405405405405
Tm2,0.5,1.0,positive,2.1,-2.4324324324324325
Tm2,0.5,1.0,negative,2.125,0.8108108108108107
Tm2,0.5,1.0,positive,2.125,-2.162162162162162
Tm2,0.5,1.0,negative,2.15,1.081081081081081
Tm2,0.5,1.0,positive,2.15,-2.162162162162162
Tm2,0.5,1.0,negative,2.175,1.081081081081081
Tm2,0.5,1.0,negative,2.2,0.8108108108108107
Tm2,0.5,1.0,positive,2.2,-1.8918918918918919
Tm2,0.5,1.0,negative,2.225,0.8108108108108107
Tm2,0.5,1.0,positive,2.225,-2.162162162162162
Tm2,0.5,1.0,negative,2.25,0.5405405405405405
Tm2,0.5,1.0,positive,2.25,-2.162162162162162
Tm2,0.5,1.0,negative,2.275,0.5405405405405405
Tm2,0.5,1.0,positive,2.275,-2.162162162162162
Tm2,0.5,1.0,negative,2.3,0.8108108108108107
Tm2,0.5,1.0,negative,2.325,0.8108108108108107
Tm2,0.5,1.0,positive,2.325,-2.162162162162162
Tm2,0.5,1.0,negative,2.35,1.081081081081081
Tm2,0.5,1.0,positive,2.35,-2.162162162162162
Tm2,0.5,1.0,negative,2.375,1.081081081081081
Tm2,0.5,1.0,positive,2.375,-2.162162162162162
Tm2,0.5,1.0,negative,2.4,1.081081081081081
Tm2,0.5,1.0,positive,2.4,-2.162162162162162
Tm2,0.5,1.0,negative,2.425,1.081081081081081
Tm2,0.5,1.0,positive,2.425,-2.162162162162162
Tm2,0.5,1.0,negative,2.45,1.081081081081081
Tm2,0.5,1.0,positive,2.45,-2.162162162162162
Tm2,0.5,1.0,negative,2.475,1.081081081081081
Tm2,0.5,1.0,positive,2.475,-2.162162162162162
Tm2,0.5,1.0,negative,2.5,1.3513513513513513
Tm2,0.5,1.0,positive,2.5,-2.162162162162162
Tm2,0.5,1.0,negative,2.525,1.3513513513513513
Tm2,0.5,1.0,positive,2.525,-2.162162162162162
Tm2,0.5,1.0,negative,2.55,1.3513513513513513
Tm2,0.5,1.0,positive,2.55,-2.162162162162162
Tm2,0.5,1.0,negative,2.575,1.3513513513513513
Tm2,0.5,1.0,negative,2.6,1.3513513513513513
Tm2,0.5,1.0,negative,2.625,1.081081081081081
Tm2,0.5,1.0,positive,2.625,-2.162162162162162
Tm2,0.5,1.0,negative,2.65,0.8108108108108107
Tm2,0.5,1.0,positive,2.65,-2.162162162162162
Tm2,0.5,1.0,negative,2.675,0.8108108108108107
Tm2,0.5,1.0,positive,2.675,-2.4324324324324325
Tm2,0.5,1.0,negative,2.7,0.8108108108108107
Tm2,0.5,1.0,positive,2.7,-2.4324324324324325
Tm2,0.5,1.0,negative,2.725,0.8108108108108107
Tm2,0.5,1.0,positive,2.725,-2.4324324324324325
Tm2,0.5,1.0,negative,2.75,0.5405405405405405
Tm2,0.5,1.0,positive,2.75,-2.4324324324324325
Tm2,0.5,1.0,negative,2.775,0.5405405405405405
Tm2,0.5,1.0,positive,2.775,-2.4324324324324325
Tm2,0.5,1.0,negative,2.8,0.5405405405405405
Tm2,0.5,1.0,positive,2.8,-2.162162162162162
Tm2,0.5,1.0,negative,2.825,0.8108108108108107
Tm2,0.5,1.0,positive,2.825,-2.4324324324324325
Tm2,0.5,1.0,negative,2.85,1.081081081081081
Tm2,0.5,1.0,positive,2.85,-2.4324324324324325
Tm2,0.5,1.0,negative,2.875,1.081081081081081
Tm2,0.5,1.0,positive,2.875,-2.4324324324324325
Tm2,0.5,1.0,negative,2.9,1.081081081081081
Tm2,0.5,1.0,positive,2.9,-2.4324324324324325
Tm2,0.5,1.0,negative,2.925,1.3513513513513513
Tm2,0.5,1.0,positive,2.925,-2.4324324324324325
Tm2,0.5,1.0,negative,2.95,1.3513513513513513
Tm2,0.5,1.0,positive,2.95,-2.4324324324324325
Tm2,0.5,1.0,negative,2.975,1.3513513513513513
Tm2,0.5,1.0,positive,2.975,-2.4324324324324325
Tm2,0.5,1.0,negative,3.0,1.081081081081081
Tm2,0.5,1.0,positive,3.0,-2.4324324324324325
Tm2,0.5,1.0,negative,3.025,0.8108108108108107
Tm2,0.5,1.0,positive,3.025,-2.162162162162162
Tm2,0.5,1.0,negative,3.05,0.8108108108108107
Tm2,0.5,1.0,positive,3.05,-2.162162162162162
Tm2,0.5,1.0,negative,3.075,0.8108108108108107
Tm2,0.5,1.0,positive,3.075,-1.8918918918918919
Tm2,0.5,1.0,negative,3.1,0.8108108108108107
Tm2,0.5,1.0,positive,3.1,-1.8918918918918919
Tm2,0.5,1.0,negative,3.125,0.8108108108108107
Tm2,0.5,1.0,positive,3.125,-1.8918918918918919
Tm2,0.5,1.0,negative,3.15,0.8108108108108107
Tm2,0.5,1.0,positive,3.15,-1.8918918918918919
Tm2,0.5,1.0,negative,3.175,0.5405405405405405
Tm2,0.5,1.0,positive,3.175,-1.8918918918918919
Tm2,0.5,1.0,negative,3.2,0.27027027027027023
Tm2,0.5,1.0,positive,3.2,-1.8918918918918919
Tm2,0.5,1.0,negative,3.225,0.27027027027027023
Tm2,0.5,1.0,positive,3.225,-1.8918918918918919
Tm2,0.5,1.0,negative,3.25,0.5405405405405405
Tm2,0.5,1.0,positive,3.25,-1.8918918918918919
Tm2,0.5,1.0,negative,3.275,0.5405405405405405
Tm2,0.5,1.0,positive,3.275,-1.8918918918918919
Tm2,0.5,1.0,negative,3.3,0.8108108108108107
Tm2,0.5,1.0,positive,3.3,-1.8918918918918919
Tm2,0.5,1.0,negative,3.325,0.8108108108108107
Tm2,0.5,1.0,positive,3.325,-1.8918918918918919
Tm2,0.5,1.0,negative,3.35,0.8108108108108107
Tm2,0.5,1.0,positive,3.35,-1.8918918918918919
Tm2,0.5,1.0,negative,3.375,0.8108108108108107
Tm2,0.5,1.0,positive,3.375,-1.6216216216216215
Tm2,0.5,1.0,negative,3.4,0.8108108108108107
Tm2,0.5,1.0,positive,3.4,-1.6216216216216215
Tm2,0.5,1.0,negative,3.425,0.5405405405405405
Tm2,0.5,1.0,positive,3.425,-1.6216216216216215
Tm2,0.5,1.0,negative,3.45,0.5405405405405405
Tm2,0.5,1.0,negative,3.475,0.27027027027027023
Tm2,0.5,1.0,positive,3.475,-1.6216216216216215
Tm2,0.5,1.0,negative,3.5,0.5405405405405405
Tm2,0.5,1.0,positive,3.5,-1.6216216216216215
Tm2,0.5,1.0,negative,3.525,0.8108108108108107
Tm2,0.5,1.0,positive,3.525,-1.8918918918918919
Tm2,0.5,1.0,negative,3.55,0.8108108108108107
Tm2,0.5,1.0,positive,3.55,-1.8918918918918919
Tm2,0.5,1.0,negative,3.575,0.8108108108108107
Tm2,0.5,1.0,positive,3.575,-1.8918918918918919
Tm2,0.5,1.0,negative,3.6,0.8108108108108107
Tm2,0.5,1.0,positive,3.6,-1.6216216216216215
Tm2,0.5,1.0,negative,3.625,0.8108108108108107
Tm2,0.5,1.0,positive,3.625,-1.6216216216216215
Tm2,0.5,1.0,negative,3.65,0.8108108108108107
Tm2,0.5,1.0,positive,3.65,-1.6216216216216215
Tm2,0.5,1.0,negative,3.675,0.8108108108108107
Tm2,0.5,1.0,positive,3.675,-1.6216216216216215
Tm2,0.5,1.0,negative,3.7,1.081081081081081
Tm2,0.5,1.0,positive,3.7,-1.3513513513513513
Tm2,0.5,1.0,negative,3.725,1.081081081081081
Tm2,0.5,1.0,positive,3.725,-1.3513513513513513
Tm2,0.5,1.0,negative,3.75,1.3513513513513513
Tm2,0.5,1.0,positive,3.75,-1.3513513513513513
Tm2,0.5,1.0,negative,3.775,1.081081081081081
Tm2,0.5,1.0,positive,3.775,-1.3513513513513513
Tm2,0.5,1.0,negative,3.8,0.8108108108108107
Tm2,0.5,1.0,positive,3.8,-1.6216216216216215
Tm2,0.5,1.0,negative,3.825,0.8108108108108107
Tm2,0.5,1.0,positive,3.825,-1.6216216216216215
Tm2,0.5,1.0,negative,3.85,0.8108108108108107
Tm2,0.5,1.0,positive,3.85,-1.6216216216216215
Tm2,0.5,1.0,negative,3.875,0.8108108108108107
Tm2,0.5,1.0,positive,3.875,-1.6216216216216215
Tm2,0.5,1.0,negative,3.9,0.8108108108108107
Tm2,0.5,1.0,negative,3.925,0.8108108108108107
Tm2,0.5,1.0,positive,3.925,-1.6216216216216215
Tm2,0.5,1.0,negative,3.95,0.8108108108108107
Tm2,0.5,1.0,positive,3.95,-1.6216216216216215
Tm2,0.5,1.0,negative,3.975,0.5405405405405405
Tm2,0.5,1.0,positive,3.975,-1.6216216216216215
Tm2,0.5,1.0,negative,4.0,0.27027027027027023
Tm2,0.5,1.0,positive,4.0,-1.6216216216216215
Tm2,0.5,1.0,negative,4.025,0.8108108108108107
Tm2,0.5,1.0,positive,4.025,-1.6216216216216215
Tm2,0.5,1.0,negative,4.05,0.8108108108108107
Tm2,0.5,1.0,positive,4.05,-1.6216216216216215
Tm2,0.5,1.0,negative,4.075,0.8108108108108107
Tm2,0.5,1.0,positive,4.075,-1.6216216216216215
Tm2,0.5,1.0,negative,4.1,1.081081081081081
Tm2,0.5,1.0,positive,4.1,-1.3513513513513513
Tm2,0.5,1.0,negative,4.125,0.8108108108108107
Tm2,0.5,1.0,positive,4.125,-1.3513513513513513
Tm2,0.5,1.0,negative,4.15,0.8108108108108107
Tm2,0.5,1.0,positive,4.15,-1.6216216216216215
Tm2,0.5,1.0,negative,4.175,1.081081081081081
Tm2,0.5,1.0,positive,4.175,-1.3513513513513513
Tm2,0.5,1.0,negative,4.2,1.081081081081081
Tm2,0.5,1.0,positive,4.2,-1.081081081081081
Tm2,0.5,1.0,negative,4.225,1.081081081081081
Tm2,0.5,1.0,positive,4.225,-1.081081081081081
Tm2,0.5,1.0,negative,4.25,1.3513513513513513
Tm2,0.5,1.0,positive,4.25,-1.081081081081081
Tm2,0.5,1.0,negative,4.275,1.081081081081081
Tm2,0.5,1.0,positive,4.275,-1.3513513513513513
Tm2,0.5,1.0,negative,4.3,1.081081081081081
Tm2,0.5,1.0,positive,4.3,-1.6216216216216215
Tm2,0.5,1.0,negative,4.325,1.081081081081081
Tm2,0.5,1.0,positive,4.325,-1.6216216216216215
Tm2,0.5,1.0,negative,4.35,1.081081081081081
Tm2,0.5,1.0,positive,4.35,-1.6216216216216215
Tm2,0.5,1.0,negative,4.375,0.8108108108108107
Tm2,0.5,1.0,positive,4.375,-1.6216216216216215
Tm2,0.5,1.0,negative,4.4,0.8108108108108107
Tm2,0.5,1.0,positive,4.4,-1.6216216216216215
Tm2,0.5,1.0,negative,4.425,0.8108108108108107
Tm2,0.5,1.0,positive,4.425,-1.6216216216216215
Tm2,0.5,1.0,negative,4.45,0.5405405405405405
Tm2,0.5,1.0,positive,4.45,-1.3513513513513513
Tm2,0.5,1.0,negative,4.475,0.5405405405405405
Tm2,0.5,1.0,positive,4.475,-1.3513513513513513
Tm2,0.5,1.0,negative,4.5,0.8108108108108107
Tm2,0.5,1.0,negative,4.525,0.5405405405405405
Tm2,0.5,1.0,positive,4.525,-1.3513513513513513
