panel,cell,time_s,amplitude
4B,Mi1,0.0,0.005806740076765103
4B,Mi1,0.001,0.004864112604303591
4B,Mi1,0.002,0.003921485131842078
4B,Mi1,0.003,0.0029788576593805655
4B,Mi1,0.004,0.0029033700383825516
4B,Mi1,0.005,0.0029033700383825516
4B,Mi1,0.006,0.0029033700383825516
4B,Mi1,0.007,0.0029033700383825516
4B,Mi1,0.008,0.0029033700383825516
4B,Mi1,0.009000000000000001,0.0029033700383825516
4B,Mi1,0.01,0.0029033700383825516
4B,Mi1,0.011,0.0029033700383825516
4B,Mi1,0.012,0.0029033700383825516
4B,Mi1,0.013000000000000001,0.0029033700383825516
4B,Mi1,0.014,0.0029033700383825516
4B,Mi1,0.015,0.0029033700383825516
4B,Mi1,0.016,0.0029033700383825516
4B,Mi1,0.017,0.0029033700383825516
4B,Mi1,0.018000000000000002,0.0029033700383825516
4B,Mi1,0.019,0.0029033700383825516
4B,Mi1,0.02,0.0029033700383825516
4B,Mi1,0.021,0.0029033700383825516
4B,Mi1,0.022,0.0031104771011204683
4B,Mi1,0.023,0.0035817908373512253
4B,Mi1,0.024,0.004053104573581982
4B,Mi1,0.025,0.004355055057573828
4B,Mi1,0.026000000000000002,0.004355055057573828
4B,Mi1,0.027,0.004355055057573828
4B,Mi1,0.028,0.004355055057573828
4B,Mi1,0.029,0.004355055057573828
4B,Mi1,0.03,0.004355055057573828
4B,Mi1,0.031,0.004636681951296832
4B,Mi1,0.032,0.006050623159989102
4B,Mi1,0.033,0.007464564368681372
4B,Mi1,0.034,0.008710110115147655
4B,Mi1,0.035,0.008710110115147655
4B,Mi1,0.036000000000000004,0.008710110115147655
4B,Mi1,0.037,0.008710110115147655
4B,Mi1,0.038,0.008710110115147655
4B,Mi1,0.039,0.008710110115147655
4B,Mi1,0.04,0.008710110115147655
4B,Mi1,0.041,0.00961402598709734
4B,Mi1,0.042,0.010556653459558854
4B,Mi1,0.043000000000000003,0.011499280932020368
4B,Mi1,0.044,0.011613480153530207
4B,Mi1,0.045,0.011613480153530207
4B,Mi1,0.046,0.011613480153530207
4B,Mi1,0.047,0.011613480153530207
4B,Mi1,0.048,0.011613480153530207
4B,Mi1,0.049,0.011613480153530207
4B,Mi1,0.05,0.011952206658008134
4B,Mi1,0.051000000000000004,0.01242352039423889
4B,Mi1,0.052000000000000005,0.012894834130469648
4B,Mi1,0.053,0.013366147866700423
4B,Mi1,0.054,0.013837461602931212
4B,Mi1,0.055,0.014308775339162005
4B,Mi1,0.056,0.014780089075392777
4B,Mi1,0.057,0.015251402811623531
4B,Mi1,0.058,0.015722716547854287
4B,Mi1,0.059000000000000004,0.016194030284085045
4B,Mi1,0.06,0.0166653440203158
4B,Mi1,0.061,0.017136657756546554
4B,Mi1,0.062,0.017607971492777326
4B,Mi1,0.063,0.018079285229008115
4B,Mi1,0.064,0.018550598965238908
4B,Mi1,0.065,0.01902191270146969
4B,Mi1,0.066,0.019493226437700444
4B,Mi1,0.067,0.019964540173931202
4B,Mi1,0.068,0.02009906298570967
4B,Mi1,0.069,0.019156435513248155
4B,Mi1,0.07,0.018213808040786643
4B,Mi1,0.07100000000000001,0.017569259892265505
4B,Mi1,0.07200000000000001,0.018511887364727083
4B,Mi1,0.073,0.01945451483718865
4B,Mi1,0.074,0.02039714230965023
4B,Mi1,0.075,0.02133976978211174
4B,Mi1,0.076,0.022282397254573254
4B,Mi1,0.077,0.02322502472703477
4B,Mi1,0.078,0.02369730625327835
4B,Mi1,0.079,0.024168619989509105
4B,Mi1,0.08,0.024639933725739863
4B,Mi1,0.081,0.02554384959768961
4B,Mi1,0.082,0.026486477070151192
4B,Mi1,0.083,0.027429104542612773
4B,Mi1,0.084,0.028371732015074296
4B,Mi1,0.085,0.029314359487535812
4B,Mi1,0.08600000000000001,0.030256986959997324
4B,Mi1,0.08700000000000001,0.03155672894717986
4B,Mi1,0.088,0.032970670155872114
4B,Mi1,0.089,0.03438461136456438
4B,Mi1,0.09,0.03547918186903469
4B,Mi1,0.091,0.03642180934149627
4B,Mi1,0.092,0.037364436813957846
4B,Mi1,0.093,0.03830706428641939
4B,Mi1,0.094,0.0392496917588809
4B,Mi1,0.095,0.04019231923134242
4B,Mi1,0.096,0.04162271287025213
4B,Mi1,0.097,0.043507967815175165
4B,Mi1,0.098,0.04539322276009819
4B,Mi1,0.099,0.04789689552319661
4B,Mi1,0.1,0.05119609167681215
4B,Mi1,0.101,0.05449528783042769
4B,Mi1,0.10200000000000001,0.05712090213513835
4B,Mi1,0.10300000000000001,0.05853484334383062
4B,Mi1,0.10400000000000001,0.059948784552522894
4B,Mi1,0.105,0.06136272576121514
4B,Mi1,0.106,0.06277666696990741
4B,Mi1,0.107,0.06419060817859969
4B,Mi1,0.108,0.06579036506974835
4B,Mi1,0.109,0.06814693375090229
4B,Mi1,0.11,0.07050350243205625
4B,Mi1,0.111,0.07286007111321018
4B,Mi1,0.112,0.07521663979436397
4B,Mi1,0.113,0.07757320847551775
4B,Mi1,0.114,0.07994719737690181
4B,Mi1,0.115,0.08277507979428636
4B,Mi1,0.116,0.0856029622116709
4B,Mi1,0.117,0.08843084462905543
4B,Mi1,0.11800000000000001,0.09080773690047811
4B,Mi1,0.11900000000000001,0.09316430558163206
4B,Mi1,0.12,0.09552087426278599
4B,Mi1,0.121,0.0982906892794029
4B,Mi1,0.122,0.10111857169678745
4B,Mi1,0.123,0.10394645411417198
4B,Mi1,0.124,0.10714983905652063
4B,Mi1,0.125,0.11044903521013592
4B,Mi1,0.126,0.11374823136375123
4B,Mi1,0.127,0.11704742751736669
4B,Mi1,0.128,0.12034662367098224
4B,Mi1,0.129,0.12364581982459778
4B,Mi1,0.13,0.12754504578614556
4B,Mi1,0.131,0.1317868694122224
4B,Mi1,0.132,0.13602869303829918
4B,Mi1,0.133,0.1400082455709088
4B,Mi1,0.134,0.14377875546075483
4B,Mi1,0.135,0.1475492653506009
4B,Mi1,0.136,0.1515443025234153
4B,Mi1,0.137,0.1557861261494924
4B,Mi1,0.138,0.16002794977556953
4B,Mi1,0.139,0.16408298992917722
4B,Mi1,0.14,0.16785349981902328
4B,Mi1,0.14100000000000001,0.17162400970886935
4B,Mi1,0.14200000000000002,0.17569259892265596
4B,Mi1,0.14300000000000002,0.18040573628496354
4B,Mi1,0.14400000000000002,0.18511887364727111
4B,Mi1,0.145,0.19005460271252117
4B,Mi1,0.146,0.19571036754729065
4B,Mi1,0.147,0.20136613238206016
4B,Mi1,0.148,0.20702189721682956
4B,Mi1,0.149,0.21267766205159863
4B,Mi1,0.15,0.21833342688636773
4B,Mi1,0.151,0.22395338349066343
4B,Mi1,0.152,0.22913783458920176
4B,Mi1,0.153,0.23432228568774008
4B,Mi1,0.154,0.23950673678627843
4B,Mi1,0.155,0.24516056604102227
4B,Mi1,0.156,0.25081633087579175
4B,Mi1,0.157,0.2564720957105613
4B,Mi1,0.158,0.2625594948910365
4B,Mi1,0.159,0.2686865734620364
4B,Mi1,0.16,0.27481365203303626
4B,Mi1,0.161,0.28172851167445045
4B,Mi1,0.162,0.28879821771791186
4B,Mi1,0.163,0.29586792376137316
4B,Mi1,0.164,0.3025814830801267
4B,Mi1,0.165,0.30917987538735775
4B,Mi1,0.166,0.3157782676945889
4B,Mi1,0.167,0.3233318687444475
4B,Mi1,0.168,0.33134420226037037
4B,Mi1,0.169,0.33935653577629327
4B,Mi1,0.17,0.3473688692922161
4B,Mi1,0.171,0.35538120280813895
4B,Mi1,0.17200000000000001,0.3633935363240618
4B,Mi1,0.17300000000000001,0.37116295454677367
4B,Mi1,0.17400000000000002,0.3787039743264663
4B,Mi1,0.17500000000000002,0.386244994106159
4B,Mi1,0.176,0.39378601388585116
4B,Mi1,0.177,0.4013270336655433
4B,Mi1,0.178,0.4088680534452354
4B,Mi1,0.179,0.4165765008971409
4B,Mi1,0.18,0.4245888344130638
4B,Mi1,0.181,0.4326011679289866
4B,Mi1,0.182,0.44074318530662404
4B,Mi1,0.183,0.4492268325587782
4B,Mi1,0.184,0.4577104798109325
4B,Mi1,0.185,0.4661941270630866
4B,Mi1,0.186,0.4746777743152402
4B,Mi1,0.187,0.48316142156739383
4B,Mi1,0.188,0.491590872578831
4B,Mi1,0.189,0.49960320609475384
4B,Mi1,0.19,0.5076155396106767
4B,Mi1,0.191,0.515644325556817
4B,Mi1,0.192,0.5241279728089713
4B,Mi1,0.193,0.5326116200611255
4B,Mi1,0.194,0.5410952673132797
4B,Mi1,0.195,0.5495789145654334
4B,Mi1,0.196,0.558062561817587
4B,Mi1,0.197,0.5665462090697405
4B,Mi1,0.198,0.5750298563218943
4B,Mi1,0.199,0.5835135035740479
4B,Mi1,0.2,0.5919971508262015
4B,Mi1,0.201,0.5997317286084529
4B,Mi1,0.202,0.6072727483881457
4B,Mi1,0.203,0.6148137681678383
4B,Mi1,0.20400000000000001,0.6226915788719829
4B,Mi1,0.20500000000000002,0.6307039123879058
4B,Mi1,0.20600000000000002,0.6387162459038286
4B,Mi1,0.20700000000000002,0.6464295323057981
4B,Mi1,0.20800000000000002,0.6539705520854902
4B,Mi1,0.209,0.6615115718651822
4B,Mi1,0.21,0.6690525916448745
4B,Mi1,0.211,0.6765936114245672
4B,Mi1,0.212,0.6841346312042599
4B,Mi1,0.213,0.6914520914909967
4B,Mi1,0.214,0.6985217975344581
4B,Mi1,0.215,0.7055915035779196
4B,Mi1,0.216,0.7124753939389245
4B,Mi1,0.217,0.7190737862461549
4B,Mi1,0.218,0.7256721785533855
4B,Mi1,0.219,0.7322705708606163
4B,Mi1,0.22,0.7388689631678474
4B,Mi1,0.221,0.7454673554750786
4B,Mi1,0.222,0.752176075843768
4B,Mi1,0.223,0.7592457818872294
4B,Mi1,0.224,0.7663154879306906
4B,Mi1,0.225,0.7733126097231925
4B,Mi1,0.226,0.7799110020304231
4B,Mi1,0.227,0.7865093943376537
4B,Mi1,0.228,0.7930729462044238
4B,Mi1,0.229,0.7992000247754241
4B,Mi1,0.23,0.8053271033464244
4B,Mi1,0.231,0.8114541819174246
4B,Mi1,0.232,0.8180496708546169
4B,Mi1,0.233,0.8246480631618475
4B,Mi1,0.234,0.831246455469078
4B,Mi1,0.23500000000000001,0.8369835146649219
4B,Mi1,0.23600000000000002,0.8426392794996909
4B,Mi1,0.23700000000000002,0.84829504433446
4B,Mi1,0.23800000000000002,0.8543437319144238
4B,Mi1,0.23900000000000002,0.8604708104854242
4B,Mi1,0.24,0.8665978890564242
4B,Mi1,0.241,0.8727249676274242
4B,Mi1,0.242,0.878852046198424
4B,Mi1,0.243,0.8849791247694239
4B,Mi1,0.244,0.8904713330920306
4B,Mi1,0.245,0.895655784190569
4B,Mi1,0.246,0.9008402352891074
4B,Mi1,0.247,0.9051856124465535
4B,Mi1,0.248,0.9089561223363998
4B,Mi1,0.249,0.9127266322262461
4B,Mi1,0.25,0.916739089619291
4B,Mi1,0.251,0.9209809132453677
4B,Mi1,0.252,0.9252227368714444
4B,Mi1,0.253,0.9292603568048218
4B,Mi1,0.254,0.9330308666946678
4B,Mi1,0.255,0.9368013765845138
4B,Mi1,0.256,0.940904806238761
4B,Mi1,0.257,0.945617943601069
4B,Mi1,0.258,0.950331080963377
4B,Mi1,0.259,0.9545293540388782
4B,Mi1,0.26,0.9573572364562627
4B,Mi1,0.261,0.9601851188736472
4B,Mi1,0.262,0.962922029029829
4B,Mi1,0.263,0.9652785977109829
4B,Mi1,0.264,0.9676351663921368
4B,Mi1,0.265,0.9700449635239942
4B,Mi1,0.266,0.9728728459413788
4B,Mi1,0.267,0.9757007283587636
4B,Mi1,0.268,0.9784976414957389
4B,Mi1,0.269,0.9803828964406619
4B,Mi1,0.27,0.982268151385585
4B,Mi1,0.271,0.984153406330508
4B,Mi1,0.272,0.9855896067094946
4B,Mi1,0.273,0.9870035479181868
4B,Mi1,0.274,0.9884174891268791
4B,Mi1,0.275,0.9898314303355714
4B,Mi1,0.276,0.9912453715442637
4B,Mi1,0.277,0.992659312752956
4B,Mi1,0.278,0.9936996870167099
4B,Mi1,0.279,0.9946423144891714
4B,Mi1,0.28,0.9955849419616329
4B,Mi1,0.281,0.9965275694340945
4B,Mi1,0.28200000000000003,0.9974701969065559
4B,Mi1,0.28300000000000003,0.9984128243790175
4B,Mi1,0.28400000000000003,0.9990573725275383
4B,Mi1,0.28500000000000003,0.9995286862637692
4B,Mi1,0.28600000000000003,1.0
4B,Mi1,0.28700000000000003,0.9999506427093474
4B,Mi1,0.28800000000000003,0.9994793289731166
4B,Mi1,0.289,0.9990080152368859
4B,Mi1,0.29,0.9983141097977126
4B,Mi1,0.291,0.9973714823252511
4B,Mi1,0.292,0.9964288548527895
4B,Mi1,0.293,0.9954862273803279
4B,Mi1,0.294,0.9945435999078663
4B,Mi1,0.295,0.9936009724354048
4B,Mi1,0.296,0.9925112408809985
4B,Mi1,0.297,0.9910972996723062
4B,Mi1,0.298,0.9896833584636139
4B,Mi1,0.299,0.988160056983476
4B,Mi1,0.3,0.986274802038553
4B,Mi1,0.301,0.9843895470936299
4B,Mi1,0.302,0.9825759086096536
4B,Mi1,0.303,0.9811619674009612
4B,Mi1,0.304,0.9797480261922688
4B,Mi1,0.305,0.9783002123331286
4B,Mi1,0.306,0.9764149573882056
4B,Mi1,0.307,0.9745297024432825
4B,Mi1,0.308,0.9726444474983595
4B,Mi1,0.309,0.970291749977257
4B,Mi1,0.31,0.9679351812961032
4B,Mi1,0.311,0.9655786126149495
4B,Mi1,0.312,0.9632220439337955
4B,Mi1,0.313,0.9608654752526414
4B,Mi1,0.314,0.9585089065714875
4B,Mi1,0.315,0.9557603829351521
4B,Mi1,0.316,0.9529325005177675
4B,Mi1,0.317,0.950104618100383
4B,Mi1,0.318,0.9469225245383158
4B,Mi1,0.319,0.9436233283847005
4B,Mi1,0.32,0.9403241322310852
4B,Mi1,0.321,0.9373414034116534
4B,Mi1,0.322,0.9345135209942688
4B,Mi1,0.323,0.9316856385768839
4B,Mi1,0.324,0.9288577561594994
4B,Mi1,0.325,0.9260298737421148
4B,Mi1,0.326,0.9232019913247302
4B,Mi1,0.327,0.9201331291941599
4B,Mi1,0.328,0.9168339330405446
4B,Mi1,0.329,0.9135347368869293
4B,Mi1,0.33,0.9100323048306271
4B,Mi1,0.331,0.9062617949407809
4B,Mi1,0.332,0.9024912850509346
4B,Mi1,0.333,0.8987207751610884
4B,Mi1,0.334,0.8949502652712422
4B,Mi1,0.335,0.8911797553813962
4B,Mi1,0.336,0.8874092454915502
4B,Mi1,0.337,0.883638735601704
4B,Mi1,0.338,0.8798682257118581
4B,Mi1,0.339,0.876097715822012
4B,Mi1,0.34,0.8723272059321656
4B,Mi1,0.341,0.8685566960423192
4B,Mi1,0.342,0.864733925491782
4B,Mi1,0.343,0.8604921018657052
4B,Mi1,0.34400000000000003,0.8562502782396284
4B,Mi1,0.34500000000000003,0.8520229714637435
4B,Mi1,0.34600000000000003,0.8482524615738976
4B,Mi1,0.34700000000000003,0.8444819516840514
4B,Mi1,0.34800000000000003,0.8407114417942054
4B,Mi1,0.34900000000000003,0.8364928451284354
4B,Mi1,0.35000000000000003,0.8322510215023583
4B,Mi1,0.35100000000000003,0.8280091978762811
4B,Mi1,0.352,0.8237673742502045
4B,Mi1,0.353,0.8195255506241277
4B,Mi1,0.354,0.8152837269980509
4B,Mi1,0.355,0.811041903371974
4B,Mi1,0.356,0.8068000797458972
4B,Mi1,0.357,0.8025582561198205
4B,Mi1,0.358,0.7986512878381702
4B,Mi1,0.359,0.7948807779483239
4B,Mi1,0.36,0.7911102680584776
4B,Mi1,0.361,0.7867455351007757
4B,Mi1,0.362,0.7820323977384682
4B,Mi1,0.363,0.7773192603761605
4B,Mi1,0.364,0.7728654907372818
4B,Mi1,0.365,0.768623667111205
4B,Mi1,0.366,0.7643818434851282
4B,Mi1,0.367,0.7601400198590513
4B,Mi1,0.368,0.7558981962329742
4B,Mi1,0.369,0.751656372606897
4B,Mi1,0.37,0.74741454898082
4B,Mi1,0.371,0.7431727253547432
4B,Mi1,0.372,0.7389309017286664
4B,Mi1,0.373,0.7345429418106576
4B,Mi1,0.374,0.7298298044483501
4B,Mi1,0.375,0.7251166670860425
4B,Mi1,0.376,0.7205119222051678
4B,Mi1,0.377,0.7162700985790911
4B,Mi1,0.378,0.7120282749530144
4B,Mi1,0.379,0.7077864513269374
4B,Mi1,0.38,0.7035446277008602
4B,Mi1,0.381,0.6993028040747833
4B,Mi1,0.382,0.6950609804487061
4B,Mi1,0.383,0.6908191568226293
4B,Mi1,0.384,0.6865773331965526
4B,Mi1,0.385,0.6823355095704756
4B,Mi1,0.386,0.6780936859443988
4B,Mi1,0.387,0.6738518623183221
4B,Mi1,0.388,0.6696100386922452
4B,Mi1,0.389,0.6653682150661681
4B,Mi1,0.39,0.661126391440091
4B,Mi1,0.391,0.6568845678140139
4B,Mi1,0.392,0.6522517570227682
4B,Mi1,0.393,0.6475386196604606
4B,Mi1,0.394,0.6428254822981531
4B,Mi1,0.395,0.6388188316451852
4B,Mi1,0.396,0.6350483217553392
4B,Mi1,0.397,0.631277811865493
4B,Mi1,0.398,0.6268763028873051
4B,Mi1,0.399,0.6221631655249972
4B,Mi1,0.4,0.6174500281626893
4B,Mi1,0.401,0.6132924022677254
4B,Mi1,0.402,0.6095218923778795
4B,Mi1,0.403,0.6057513824880334
4B,Mi1,0.404,0.6015008487518415
4B,Mi1,0.405,0.5967877113895339
4B,Mi1,0.406,0.5920745740272263
4B,Mi1,0.40700000000000003,0.5877659728902664
4B,Mi1,0.40800000000000003,0.5839954630004202
4B,Mi1,0.40900000000000003,0.5802249531105739
4B,Mi1,0.41000000000000003,0.5761253946163776
4B,Mi1,0.41100000000000003,0.5714122572540701
4B,Mi1,0.41200000000000003,0.5666991198917625
4B,Mi1,0.41300000000000003,0.5622395435128069
4B,Mi1,0.41400000000000003,0.5584690336229609
4B,Mi1,0.41500000000000004,0.5546985237331148
4B,Mi1,0.41600000000000004,0.5508389771620916
4B,Mi1,0.417,0.5465971535360147
4B,Mi1,0.418,0.5423553299099376
4B,Mi1,0.419,0.5381135062838606
4B,Mi1,0.42,0.5338716826577837
4B,Mi1,0.421,0.5296298590317069
4B,Mi1,0.422,0.5254015844658092
4B,Mi1,0.423,0.5216310745759631
4B,Mi1,0.424,0.5178605646861171
4B,Mi1,0.425,0.514090054796271
4B,Mi1,0.426,0.5098724259205138
4B,Mi1,0.427,0.5056306022944367
4B,Mi1,0.428,0.5013887786683596
4B,Mi1,0.429,0.49755633021769474
4B,Mi1,0.43,0.4937858203278486
4B,Mi1,0.431,0.4900153104380026
4B,Mi1,0.432,0.4855015378183307
4B,Mi1,0.433,0.48078840045602317
4B,Mi1,0.434,0.47607526309371556
4B,Mi1,0.435,0.47202990084023566
4B,Mi1,0.436,0.4682593909503893
4B,Mi1,0.437,0.464488881060543
4B,Mi1,0.438,0.4607183711706968
4B,Mi1,0.439,0.4569478612808508
4B,Mi1,0.44,0.45317735139100473
4B,Mi1,0.441,0.44940684150115867
4B,Mi1,0.442,0.4456363316113126
4B,Mi1,0.443,0.44186582172146655
4B,Mi1,0.444,0.4378746557087034
4B,Mi1,0.445,0.43363283208262626
4B,Mi1,0.446,0.42939100845654915
4B,Mi1,0.447,0.4253320971428903
4B,Mi1,0.448,0.4215615872530442
4B,Mi1,0.449,0.41779107736319815
4B,Mi1,0.45,0.4140205674733521
4B,Mi1,0.451,0.4102500575835061
4B,Mi1,0.452,0.40647954769366
4B,Mi1,0.453,0.40281646249523395
4B,Mi1,0.454,0.39951726634161844
4B,Mi1,0.455,0.3962180701880029
4B,Mi1,0.456,0.39284919315346617
4B,Mi1,0.457,0.3890786832636201
4B,Mi1,0.458,0.3853081733737741
4B,Mi1,0.459,0.38153766348392804
4B,Mi1,0.46,0.3777671535940819
4B,Mi1,0.461,0.3739966437042359
4B,Mi1,0.462,0.37022613381438985
4B,Mi1,0.463,0.36645562392454356
4B,Mi1,0.464,0.3626851140346972
4B,Mi1,0.465,0.3589146041448509
4B,Mi1,0.466,0.35557185744065983
4B,Mi1,0.467,0.35227266128704454
4B,Mi1,0.468,0.3489734651334293
4B,Mi1,0.46900000000000003,0.3452842496046579
4B,Mi1,0.47000000000000003,0.3415137397148119
4B,Mi1,0.47100000000000003,0.33774322982496585
4B,Mi1,0.47200000000000003,0.3346772710644337
4B,Mi1,0.47300000000000003,0.33184938864704894
4B,Mi1,0.47400000000000003,0.3290215062296642
4B,Mi1,0.47500000000000003,0.32587909205812143
4B,Mi1,0.47600000000000003,0.32257989590450614
4B,Mi1,0.47700000000000004,0.31928069975089085
4B,Mi1,0.47800000000000004,0.31570471565361646
4B,Mi1,0.47900000000000004,0.31193420576377034
4B,Mi1,0.48,0.30816369587392456
4B,Mi1,0.481,0.30487127425039856
4B,Mi1,0.482,0.3020433918330138
4B,Mi1,0.483,0.299215509415629
4B,Mi1,0.484,0.2961863266755832
4B,Mi1,0.485,0.29288713052196796
4B,Mi1,0.486,0.2895879343683526
4B,Mi1,0.487,0.2862887382147373
4B,Mi1,0.488,0.28298954206112203
4B,Mi1,0.489,0.27969034590750674
4B,Mi1,0.49,0.2763911497538914
4B,Mi1,0.491,0.2730919536002759
4B,Mi1,0.492,0.2697927574466603
4B,Mi1,0.493,0.2665816301842091
4B,Mi1,0.494,0.2637537477668246
4B,Mi1,0.495,0.26092586534944007
4B,Mi1,0.496,0.2580979829320555
4B,Mi1,0.497,0.255270100514671
4B,Mi1,0.498,0.2524422180972864
4B,Mi1,0.499,0.24961433567990185
4B,Mi1,0.5,0.2467864532625171
4B,Mi1,0.501,0.24395857084513234
4B,Mi1,0.502,0.2411306884277476
4B,Mi1,0.503,0.23785665481446497
4B,Mi1,0.504,0.23455745866084965
4B,Mi1,0.505,0.23125826250723439
4B,Mi1,0.506,0.2283674737390182
4B,Mi1,0.507,0.22553959132163362
4B,Mi1,0.508,0.22271170890424907
4B,Mi1,0.509,0.2198838264868644
4B,Mi1,0.51,0.21705594406947964
4B,Mi1,0.511,0.2142280616520949
4B,Mi1,0.512,0.21140017923471033
4B,Mi1,0.513,0.20857229681732578
4B,Mi1,0.514,0.20574441439994123
4B,Mi1,0.515,0.20291653198255669
4B,Mi1,0.516,0.20008864956517214
4B,Mi1,0.517,0.1972607671477876
4B,Mi1,0.518,0.19469031687380617
4B,Mi1,0.519,0.1923337481926522
4B,Mi1,0.52,0.18997717951149826
4B,Mi1,0.521,0.18740092249744011
4B,Mi1,0.522,0.18457304008005557
4B,Mi1,0.523,0.18174515766267102
4B,Mi1,0.524,0.17891727524528647
4B,Mi1,0.525,0.17608939282790192
4B,Mi1,0.526,0.17326151041051738
4B,Mi1,0.527,0.17057782870503907
4B,Mi1,0.528,0.16822126002388513
4B,Mi1,0.529,0.16586469134273116
4B,Mi1,0.53,0.16350812266157724
4B,Mi1,0.531,0.16115155398042344
4B,Mi1,0.532,0.15879498529926966
4B,Mi1,0.533,0.1564384166181159
4B,Mi1,0.534,0.1540818479369621
4B,Mi1,0.535,0.1517252792558083
4B,Mi1,0.536,0.14933774129424515
4B,Mi1,0.537,0.14650985887686044
4B,Mi1,0.538,0.1436819764594757
4B,Mi1,0.539,0.14085409404209095
4B,Mi1,0.54,0.1384907508308476
4B,Mi1,0.541,0.13613418214969383
4B,Mi1,0.542,0.13377761346854006
4B,Mi1,0.543,0.13184784018302848
4B,Mi1,0.544,0.12996258523810544
4B,Mi1,0.545,0.1280773302931824
4B,Mi1,0.546,0.1254139721779728
4B,Mi1,0.547,0.12258608976058806
4B,Mi1,0.548,0.11975820734320332
4B,Mi1,0.549,0.11763294047510736
4B,Mi1,0.55,0.11574768553018433
4B,Mi1,0.551,0.11386243058526131
4B,Mi1,0.552,0.11197717564033828
4B,Mi1,0.553,0.11009192069541525
4B,Mi1,0.554,0.10820666575049222
4B,Mi1,0.555,0.10604559065192277
4B,Mi1,0.556,0.10368902197076883
4B,Mi1,0.557,0.10133245328961486
4B,Mi1,0.558,0.09921396095160841
4B,Mi1,0.559,0.09732870600668539
4B,Mi1,0.56,0.09544345106176237
4B,Mi1,0.561,0.09355819611683934
4B,Mi1,0.562,0.09167294117191632
4B,Mi1,0.5630000000000001,0.08978768622699328
4B,Mi1,0.5640000000000001,0.0879024312820702
4B,Mi1,0.5650000000000001,0.08601717633714705
4B,Mi1,0.5660000000000001,0.08413192139222389
4B,Mi1,0.5670000000000001,0.08237151135895125
4B,Mi1,0.5680000000000001,0.08095757015025898
4B,Mi1,0.5690000000000001,0.0795436289415667
4B,Mi1,0.5700000000000001,0.07804258663172295
4B,Mi1,0.5710000000000001,0.07615733168679992
4B,Mi1,0.5720000000000001,0.0742720767418769
4B,Mi1,0.5730000000000001,0.07238682179695385
4B,Mi1,0.5740000000000001,0.0705015668520307
4B,Mi1,0.5750000000000001,0.06861631190710751
4B,Mi1,0.5760000000000001,0.06673105696218436
4B,Mi1,0.577,0.06484580201726155
4B,Mi1,0.578,0.06296054707233853
4B,Mi1,0.579,0.0610752921274155
4B,Mi1,0.58,0.05919003718249247
4B,Mi1,0.581,0.05730478223756945
4B,Mi1,0.582,0.05541952729264642
4B,Mi1,0.583,0.05394171194310958
4B,Mi1,0.584,0.0525277707344172
4B,Mi1,0.585,0.05111382952572483
4B,Mi1,0.586,0.04933019253214516
4B,Mi1,0.587,0.04744493758722214
4B,Mi1,0.588,0.04555968264229911
4B,Mi1,0.589,0.04367442769737608
4B,Mi1,0.59,0.04178917275245305
4B,Mi1,0.591,0.039903917807530026
4B,Mi1,0.592,0.03860707919038568
4B,Mi1,0.593,0.037664451717924104
4B,Mi1,0.594,0.03672182424546252
4B,Mi1,0.595,0.035266268066220054
4B,Mi1,0.596,0.03338101312129703
4B,Mi1,0.597,0.031495758176374
4B,Mi1,0.598,0.029610503231450976
4B,Mi1,0.599,0.027725248286527948
4B,Mi1,0.6,0.025839993341604917
4B,Mi1,0.601,0.023411808199504454
4B,Mi1,0.602,0.020112612045888916
4B,Mi1,0.603,0.016813415892273382
4B,Mi1,0.604,0.014087151426232115
4B,Mi1,0.605,0.012673210217539843
4B,Mi1,0.606,0.011259269008847573
4B,Mi1,0.607,0.009950816911549846
4B,Mi1,0.608,0.009008189439088333
4B,Mi1,0.609,0.008065561966626819
4B,Mi1,0.61,0.0071229344941652955
4B,Mi1,0.611,0.006180307021703714
4B,Mi1,0.612,0.005237679549242132
4B,Mi1,0.613,0.004295052076780556
4B,Mi1,0.614,0.003352424604319042
4B,Mi1,0.615,0.0024097971318575283
4B,Mi1,0.616,0.0014671696593960147
4B,Mi1,0.617,6.097077080611425e-05
4B,Mi1,0.618,-0.001352970437886156
4B,Mi1,0.619,-0.0027669116465784257
4B,Mi1,0.62,-0.004180852855270789
4B,Mi1,0.621,-0.0055947940639631604
4B,Mi1,0.622,-0.007008735272655533
4B,Mi1,0.623,-0.008422676481347821
4B,Mi1,0.624,-0.009836617690040092
4B,Mi1,0.625,-0.011250558898732362
4B,Mi1,0.626,-0.012314160122793157
4B,Mi1,0.627,-0.01325678759525467
4B,Mi1,0.628,-0.014199415067716183
4B,Mi1,0.629,-0.01482944636604525
4B,Mi1,0.63,-0.015300760102276042
4B,Mi1,0.631,-0.015772073838506834
4B,Mi1,0.632,-0.017617649392905443
4B,Mi1,0.633,-0.020445531810289984
4B,Mi1,0.634,-0.023273414227674524
4B,Mi1,0.635,-0.025389970985655378
4B,Mi1,0.636,-0.02680391219434765
4B,Mi1,0.637,-0.028217853403039922
4B,Mi1,0.638,-0.02943242986909666
4B,Mi1,0.639,-0.030375057341558244
4B,Mi1,0.64,-0.03131768481401982
4B,Mi1,0.641,-0.03242193321861804
4B,Mi1,0.642,-0.0338358744273103
4B,Mi1,0.643,-0.035249815636002574
4B,Mi1,0.644,-0.036539879723057195
4B,Mi1,0.645,-0.03748250719551871
4B,Mi1,0.646,-0.03842513466798022
4B,Mi1,0.647,-0.03936776214044175
4B,Mi1,0.648,-0.040310389612903334
4B,Mi1,0.649,-0.04125301708536491
4B,Mi1,0.65,-0.04229242355910597
4B,Mi1,0.651,-0.044177678504029004
4B,Mi1,0.652,-0.04606293344895203
4B,Mi1,0.653,-0.04792689701359358
4B,Mi1,0.654,-0.048869524486055096
4B,Mi1,0.655,-0.049812151958516605
4B,Mi1,0.656,-0.05075477943097812
4B,Mi1,0.657,-0.0516974069034397
4B,Mi1,0.658,-0.052640034375901285
4B,Mi1,0.659,-0.05358266184836286
4B,Mi1,0.66,-0.054525289320824386
4B,Mi1,0.661,-0.055467916793285894
4B,Mi1,0.662,-0.05641054426574742
4B,Mi1,0.663,-0.057353171738208926
4B,Mi1,0.664,-0.05829579921067044
4B,Mi1,0.665,-0.05923842668313195
4B,Mi1,0.666,-0.05918810160246671
4B,Mi1,0.667,-0.05871678786623592
4B,Mi1,0.668,-0.05824547413000513
4B,Mi1,0.669,-0.05865388151540439
4B,Mi1,0.67,-0.0595965089878659
4B,Mi1,0.671,-0.060539136460327415
4B,Mi1,0.672,-0.0617372604961666
4B,Mi1,0.673,-0.06315120170485887
4B,Mi1,0.674,-0.06456514291355114
4B,Mi1,0.675,-0.06641458962800081
4B,Mi1,0.676,-0.06877115830915477
4B,Mi1,0.677,-0.07112772699030871
4B,Mi1,0.678,-0.07276425990194356
4B,Mi1,0.679,-0.07323557363817432
4B,Mi1,0.68,-0.07370688737440506
4B,Mi1,0.681,-0.07417820111063583
4B,Mi1,0.682,-0.07464951484686659
4B,Mi1,0.683,-0.07512082858309733
4B,Mi1,0.684,-0.07569666364070986
4B,Mi1,0.685,-0.07663929111317144
4B,Mi1,0.686,-0.07758191858563303
4B,Mi1,0.687,-0.0785245460580946
4B,Mi1,0.6880000000000001,-0.07946717353055611
4B,Mi1,0.6890000000000001,-0.08040980100301763
4B,Mi1,0.6900000000000001,-0.08135242847547915
4B,Mi1,0.6910000000000001,-0.08229505594794065
4B,Mi1,0.6920000000000001,-0.08323768342040216
4B,Mi1,0.6930000000000001,-0.08418031089286368
4B,Mi1,0.6940000000000001,-0.08466033473920963
4B,Mi1,0.6950000000000001,-0.08513164847544043
4B,Mi1,0.6960000000000001,-0.08560296221167121
4B,Mi1,0.6970000000000001,-0.08649913576351868
4B,Mi1,0.6980000000000001,-0.08744176323598019
4B,Mi1,0.6990000000000001,-0.0883843907084417
4B,Mi1,0.7000000000000001,-0.08932701818090322
4B,Mi1,0.7010000000000001,-0.09026964565336473
4B,Mi1,0.7020000000000001,-0.09121227312582625
4B,Mi1,0.7030000000000001,-0.09180552840366908
4B,Mi1,0.704,-0.0922768421398998
4B,Mi1,0.705,-0.09274815587613057
4B,Mi1,0.706,-0.09321946961236136
4B,Mi1,0.707,-0.09369078334859213
4B,Mi1,0.708,-0.0941620970848229
4B,Mi1,0.709,-0.0949072953946744
4B,Mi1,0.71,-0.09584992286713595
4B,Mi1,0.711,-0.0967925503395975
4B,Mi1,0.712,-0.09773517781205902
4B,Mi1,0.713,-0.09867780528452054
4B,Mi1,0.714,-0.09962043275698206
4B,Mi1,0.715,-0.10016626632419803
4B,Mi1,0.716,-0.10016626632419803
4B,Mi1,0.717,-0.10016626632419803
4B,Mi1,0.718,-0.10048757260844567
4B,Mi1,0.719,-0.10143020008090721
4B,Mi1,0.72,-0.10237282755336877
4B,Mi1,0.721,-0.10306963636258058
4B,Mi1,0.722,-0.10306963636258058
4B,Mi1,0.723,-0.10306963636258058
4B,Mi1,0.724,-0.1032399674048323
4B,Mi1,0.725,-0.10418259487729385
4B,Mi1,0.726,-0.10512522234975538
4B,Mi1,0.727,-0.10602042811159004
4B,Mi1,0.728,-0.10649174184782081
4B,Mi1,0.729,-0.1069630555840516
4B,Mi1,0.73,-0.10743436932028237
4B,Mi1,0.731,-0.10790568305651312
4B,Mi1,0.732,-0.10837699679274387
4B,Mi1,0.733,-0.10884831052897463
4B,Mi1,0.734,-0.1093196242652054
4B,Mi1,0.735,-0.10979093800143618
4B,Mi1,0.736,-0.11026225173766696
4B,Mi1,0.737,-0.11073356547389773
4B,Mi1,0.738,-0.11120487921012849
4B,Mi1,0.739,-0.11167619294635928
4B,Mi1,0.74,-0.11177974647772823
4B,Mi1,0.741,-0.11177974647772823
4B,Mi1,0.742,-0.11177974647772823
4B,Mi1,0.743,-0.11243977926645383
4B,Mi1,0.744,-0.11338240673891538
4B,Mi1,0.745,-0.11432503421137694
4B,Mi1,0.746,-0.1146831165161108
4B,Mi1,0.747,-0.1146831165161108
4B,Mi1,0.748,-0.1146831165161108
4B,Mi1,0.749,-0.11493764528947567
4B,Mi1,0.75,-0.11540895902570644
4B,Mi1,0.751,-0.11588027276193719
4B,Mi1,0.752,-0.11635158649816794
4B,Mi1,0.753,-0.11682290023439873
4B,Mi1,0.754,-0.1172942139706295
4B,Mi1,0.755,-0.11776552770686027
4B,Mi1,0.756,-0.11823684144309105
4B,Mi1,0.757,-0.11870815517932183
4B,Mi1,0.758,-0.11917946891555259
4B,Mi1,0.759,-0.11965078265178335
4B,Mi1,0.76,-0.1201220963880141
4B,Mi1,0.761,-0.12059341012424486
4B,Mi1,0.762,-0.12106472386047563
4B,Mi1,0.763,-0.12153603759670642
4B,Mi1,0.764,-0.12200735133293719
4B,Mi1,0.765,-0.12247866506916796
4B,Mi1,0.766,-0.12294997880539872
4B,Mi1,0.767,-0.12342129254162951
4B,Mi1,0.768,-0.12389260627786026
4B,Mi1,0.769,-0.12436392001409102
4B,Mi1,0.77,-0.12483523375032178
4B,Mi1,0.771,-0.12530654748655254
4B,Mi1,0.772,-0.1257778612227833
4B,Mi1,0.773,-0.1262491749590141
4B,Mi1,0.774,-0.12672048869524485
4B,Mi1,0.775,-0.1271918024314756
4B,Mi1,0.776,-0.12766311616770637
4B,Mi1,0.777,-0.1281344299039371
4B,Mi1,0.778,-0.1286057436401679
4B,Mi1,0.779,-0.1290770573763987
4B,Mi1,0.78,-0.12919996670802356
4B,Mi1,0.781,-0.12919996670802356
4B,Mi1,0.782,-0.12919996670802356
4B,Mi1,0.783,-0.12982128789623745
4B,Mi1,0.784,-0.13076391536869894
4B,Mi1,0.785,-0.13170654284116048
4B,Mi1,0.786,-0.1321033367464061
4B,Mi1,0.787,-0.1321033367464061
4B,Mi1,0.788,-0.1321033367464061
4B,Mi1,0.789,-0.13233850971951508
4B,Mi1,0.79,-0.13280982345574588
4B,Mi1,0.791,-0.13328113719197662
4B,Mi1,0.792,-0.1337524509282074
4B,Mi1,0.793,-0.13422376466443817
4B,Mi1,0.794,-0.1346950784006689
4B,Mi1,0.795,-0.1351663921368997
4B,Mi1,0.796,-0.13563770587313048
4B,Mi1,0.797,-0.13610901960936123
4B,Mi1,0.798,-0.13658033334559203
4B,Mi1,0.799,-0.1370516470818228
4B,Mi1,0.8,-0.13752296081805354
4B,Mi1,0.801,-0.13799427455428434
4B,Mi1,0.802,-0.13846558829051506
4B,Mi1,0.803,-0.13893690202674583
4B,Mi1,0.804,-0.1394082157629766
4B,Mi1,0.805,-0.13987952949920737
4B,Mi1,0.806,-0.14035084323543814
4B,Mi1,0.807,-0.14082215697166894
4B,Mi1,0.808,-0.1412934707078997
4B,Mi1,0.809,-0.1417647844441305
4B,Mi1,0.81,-0.14223609818036126
4B,Mi1,0.811,-0.14226513188074505
4B,Mi1,0.812,-0.14226513188074505
4B,Mi1,0.8130000000000001,-0.14226513188074505
4B,Mi1,0.8140000000000001,-0.142669668106093
4B,Mi1,0.8150000000000001,-0.1431409818423238
4B,Mi1,0.8160000000000001,-0.14361229557855454
4B,Mi1,0.8170000000000001,-0.1440836093147853
4B,Mi1,0.8180000000000001,-0.1445549230510161
4B,Mi1,0.8190000000000001,-0.14502623678724685
4B,Mi1,0.8200000000000001,-0.14516850191912758
4B,Mi1,0.8210000000000001,-0.14516850191912758
4B,Mi1,0.8220000000000001,-0.14516850191912758
4B,Mi1,0.8230000000000001,-0.14545980671297865
4B,Mi1,0.8240000000000001,-0.14593112044920942
4B,Mi1,0.8250000000000001,-0.14640243418544016
4B,Mi1,0.8260000000000001,-0.14687374792167096
4B,Mi1,0.8270000000000001,-0.14734506165790173
4B,Mi1,0.8280000000000001,-0.1478163753941325
4B,Mi1,0.8290000000000001,-0.14807187195751015
4B,Mi1,0.8300000000000001,-0.14807187195751015
4B,Mi1,0.8310000000000001,-0.14807187195751015
4B,Mi1,0.8320000000000001,-0.1482499453198643
4B,Mi1,0.833,-0.14872125905609498
4B,Mi1,0.834,-0.14919257279232578
4B,Mi1,0.835,-0.14966388652855656
4B,Mi1,0.836,-0.1501352002647873
4B,Mi1,0.837,-0.1506065140010181
4B,Mi1,0.838,-0.15097524199589268
4B,Mi1,0.839,-0.15097524199589268
4B,Mi1,0.84,-0.15097524199589268
4B,Mi1,0.841,-0.15097524199589268
4B,Mi1,0.842,-0.15097524199589268
4B,Mi1,0.843,-0.15097524199589268
4B,Mi1,0.844,-0.15097524199589268
4B,Mi1,0.845,-0.15097524199589268
4B,Mi1,0.846,-0.15097524199589268
4B,Mi1,0.847,-0.15097524199589268
4B,Mi1,0.848,-0.15189657808807272
4B,Mi1,0.849,-0.15283920556053424
4B,Mi1,0.85,-0.15378183303299578
4B,Mi1,0.851,-0.15387861203427525
4B,Mi1,0.852,-0.15387861203427525
4B,Mi1,0.853,-0.15387861203427525
4B,Mi1,0.854,-0.15387861203427525
4B,Mi1,0.855,-0.15387861203427525
4B,Mi1,0.856,-0.15387861203427525
4B,Mi1,0.857,-0.15387861203427525
4B,Mi1,0.858,-0.15387861203427525
4B,Mi1,0.859,-0.15387861203427525
4B,Mi1,0.86,-0.15387861203427525
4B,Mi1,0.861,-0.15387861203427525
4B,Mi1,0.862,-0.15387861203427525
4B,Mi1,0.863,-0.15415056102787042
4B,Mi1,0.864,-0.15462187476410116
4B,Mi1,0.865,-0.15509318850033196
4B,Mi1,0.866,-0.1555645022365627
4B,Mi1,0.867,-0.15603581597279345
4B,Mi1,0.868,-0.15650712970902422
4B,Mi1,0.869,-0.15678198207265778
4B,Mi1,0.87,-0.15678198207265778
4B,Mi1,0.871,-0.15678198207265778
4B,Mi1,0.872,-0.15678198207265778
4B,Mi1,0.873,-0.15678198207265778
4B,Mi1,0.874,-0.15678198207265778
4B,Mi1,0.875,-0.15678198207265778
4B,Mi1,0.876,-0.15678198207265778
4B,Mi1,0.877,-0.15678198207265778
4B,Mi1,0.878,-0.15686521201375805
4B,Mi1,0.879,-0.15733652574998885
4B,Mi1,0.88,-0.1578078394862196
4B,Mi1,0.881,-0.15827915322245037
4B,Mi1,0.882,-0.15875046695868117
4B,Mi1,0.883,-0.15922178069491194
4B,Mi1,0.884,-0.15968535211104035
4B,Mi1,0.885,-0.15968535211104035
4B,Mi1,0.886,-0.15968535211104035
4B,Mi1,0.887,-0.15968535211104035
4B,Mi1,0.888,-0.15968535211104035
4B,Mi1,0.889,-0.15968535211104035
4B,Mi1,0.89,-0.15968535211104035
4B,Mi1,0.891,-0.15968535211104035
4B,Mi1,0.892,-0.15968535211104035
4B,Mi1,0.893,-0.15968535211104035
4B,Mi1,0.894,-0.15968535211104035
4B,Mi1,0.895,-0.15968535211104035
4B,Mi1,0.896,-0.15968535211104035
4B,Mi1,0.897,-0.16001343292537756
4B,Mi1,0.898,-0.16048474666160834
4B,Mi1,0.899,-0.16095606039783913
4B,Mi1,0.9,-0.16142737413406988
4B,Mi1,0.901,-0.16189868787030068
4B,Mi1,0.902,-0.16237000160653142
4B,Mi1,0.903,-0.16258872214942288
4B,Mi1,0.904,-0.16258872214942288
4B,Mi1,0.905,-0.16258872214942288
4B,Mi1,0.906,-0.16258872214942288
4B,Mi1,0.907,-0.16258872214942288
4B,Mi1,0.908,-0.16258872214942288
4B,Mi1,0.909,-0.16258872214942288
4B,Mi1,0.91,-0.16258872214942288
4B,Mi1,0.911,-0.16258872214942288
4B,Mi1,0.912,-0.16258872214942288
4B,Mi1,0.913,-0.16258872214942288
4B,Mi1,0.914,-0.16258872214942288
4B,Mi1,0.915,-0.16258872214942288
4B,Mi1,0.916,-0.16258872214942288
4B,Mi1,0.917,-0.16258872214942288
4B,Mi1,0.918,-0.16265259629026735
4B,Mi1,0.919,-0.1631239100264981
4B,Mi1,0.92,-0.16359522376272886
4B,Mi1,0.921,-0.16406653749895966
4B,Mi1,0.922,-0.1645378512351904
4B,Mi1,0.923,-0.16500916497142118
4B,Mi1,0.924,-0.16548047870765192
4B,Mi1,0.925,-0.16549209218780547
4B,Mi1,0.926,-0.16549209218780547
4B,Mi1,0.927,-0.16549209218780547
4B,Mi1,0.928,-0.16549209218780547
4B,Mi1,0.929,-0.16549209218780547
4B,Mi1,0.93,-0.16549209218780547
4B,Mi1,0.931,-0.16549209218780547
4B,Mi1,0.932,-0.16549209218780547
4B,Mi1,0.933,-0.16549209218780547
4B,Mi1,0.934,-0.16549209218780547
4B,Mi1,0.935,-0.16549209218780547
4B,Mi1,0.936,-0.16549209218780547
4B,Mi1,0.937,-0.16549209218780547
4B,Mi1,0.9380000000000001,-0.16549209218780547
4B,Mi1,0.9390000000000001,-0.16549209218780547
4B,Mi1,0.9400000000000001,-0.16549209218780547
4B,Mi1,0.9410000000000001,-0.16549209218780547
4B,Mi1,0.9420000000000001,-0.16549209218780547
4B,Mi1,0.9430000000000001,-0.16549209218780547
4B,Mi1,0.9440000000000001,-0.16549209218780547
4B,Mi1,0.9450000000000001,-0.16549209218780547
4B,Mi1,0.9460000000000001,-0.16549209218780547
4B,Mi1,0.9470000000000001,-0.16549209218780547
4B,Mi1,0.9480000000000001,-0.16549209218780547
4B,Mi1,0.9490000000000001,-0.16549209218780547
4B,Mi1,0.9500000000000001,-0.16549209218780547
4B,Mi1,0.9510000000000001,-0.16549209218780547
4B,Mi1,0.9520000000000001,-0.16549209218780547
4B,Mi1,0.9530000000000001,-0.16549209218780547
4B,Mi1,0.9540000000000001,-0.16549209218780547
4B,Mi1,0.9550000000000001,-0.16549209218780547
4B,Mi1,0.9560000000000001,-0.16549209218780547
4B,Mi1,0.9570000000000001,-0.16549209218780547
4B,Mi1,0.9580000000000001,-0.16549209218780547
4B,Mi1,0.9590000000000001,-0.16549209218780547
4B,Mi1,0.96,-0.16549209218780547
4B,Mi1,0.961,-0.16549209218780547
4B,Mi1,0.962,-0.16549209218780547
4B,Mi1,0.963,-0.16549209218780547
4B,Mi1,0.964,-0.16549209218780547
4B,Mi1,0.965,-0.16549209218780547
4B,Mi1,0.966,-0.16549209218780547
4B,Mi1,0.967,-0.16549209218780547
4B,Mi1,0.968,-0.16549209218780547
4B,Mi1,0.969,-0.16549209218780547
4B,Mi1,0.97,-0.16549209218780547
4B,Mi1,0.971,-0.16585694902262885
4B,Mi1,0.972,-0.16632826275885962
4B,Mi1,0.973,-0.16679957649509036
4B,Mi1,0.974,-0.16727089023132116
4B,Mi1,0.975,-0.16774220396755193
4B,Mi1,0.976,-0.16821351770378268
4B,Mi1,0.977,-0.168395462226188
4B,Mi1,0.978,-0.168395462226188
4B,Mi1,0.979,-0.168395462226188
4B,Mi1,0.98,-0.168395462226188
4B,Mi1,0.981,-0.168395462226188
4B,Mi1,0.982,-0.168395462226188
4B,Mi1,0.983,-0.168395462226188
4B,Mi1,0.984,-0.168395462226188
4B,Mi1,0.985,-0.168395462226188
4B,Mi1,0.986,-0.168395462226188
4B,Mi1,0.987,-0.168395462226188
4B,Mi1,0.988,-0.168395462226188
4B,Mi1,0.989,-0.168395462226188
4B,Mi1,0.99,-0.168395462226188
4B,Mi1,0.991,-0.168395462226188
4B,Mi1,0.992,-0.168395462226188
4B,Mi1,0.993,-0.168395462226188
4B,Mi1,0.994,-0.168395462226188
4B,Mi1,0.995,-0.168395462226188
4B,Mi1,0.996,-0.168395462226188
4B,Mi1,0.997,-0.168395462226188
4B,Mi1,0.998,-0.168395462226188
4B,Mi1,0.999,-0.168395462226188
4B,Mi1,1.0,-0.168395462226188
4B,Mi1,1.0010000000000001,-0.168395462226188
4B,Mi1,1.002,-0.168395462226188
4B,Mi1,1.0030000000000001,-0.168395462226188
4B,Mi1,1.004,-0.168395462226188
4B,Mi1,1.0050000000000001,-0.168395462226188
4B,Mi1,1.006,-0.168395462226188
4B,Mi1,1.0070000000000001,-0.168395462226188
4B,Mi1,1.008,-0.168395462226188
4B,Mi1,1.0090000000000001,-0.168395462226188
4B,Mi1,1.01,-0.168395462226188
4B,Mi1,1.0110000000000001,-0.168395462226188
4B,Mi1,1.012,-0.168395462226188
4B,Mi1,1.0130000000000001,-0.168395462226188
4B,Mi1,1.014,-0.168395462226188
4B,Mi1,1.0150000000000001,-0.168395462226188
4B,Mi1,1.016,-0.168395462226188
4B,Mi1,1.0170000000000001,-0.168395462226188
4B,Mi1,1.018,-0.168395462226188
4B,Mi1,1.0190000000000001,-0.168395462226188
4B,Mi1,1.02,-0.168395462226188
4B,Mi1,1.0210000000000001,-0.168395462226188
4B,Mi1,1.022,-0.168395462226188
4B,Mi1,1.0230000000000001,-0.168395462226188
4B,Mi1,1.024,-0.168395462226188
4B,Mi1,1.025,-0.168395462226188
4B,Mi1,1.026,-0.168395462226188
4B,Mi1,1.027,-0.168395462226188
4B,Mi1,1.028,-0.168395462226188
4B,Mi1,1.029,-0.168395462226188
4B,Mi1,1.03,-0.168395462226188
4B,Mi1,1.031,-0.168395462226188
4B,Mi1,1.032,-0.168395462226188
4B,Mi1,1.033,-0.168395462226188
4B,Mi1,1.034,-0.168395462226188
4B,Mi1,1.035,-0.168395462226188
4B,Mi1,1.036,-0.168395462226188
4B,Mi1,1.037,-0.168395462226188
4B,Mi1,1.038,-0.168395462226188
4B,Mi1,1.039,-0.168395462226188
4B,Mi1,1.04,-0.168395462226188
4B,Mi1,1.041,-0.168395462226188
4B,Mi1,1.042,-0.16795608556037941
4B,Mi1,1.043,-0.1674847718241487
4B,Mi1,1.044,-0.1670134580879179
4B,Mi1,1.045,-0.16694377720699674
4B,Mi1,1.046,-0.16694377720699674
4B,Mi1,1.047,-0.16694377720699674
4B,Mi1,1.048,-0.1665798881621861
4B,Mi1,1.049,-0.1661085744259554
4B,Mi1,1.05,-0.16563726068972454
4B,Mi1,1.051,-0.16549209218780547
4B,Mi1,1.052,-0.16549209218780547
4B,Mi1,1.053,-0.16549209218780547
4B,Mi1,1.054,-0.16549209218780547
4B,Mi1,1.055,-0.16549209218780547
4B,Mi1,1.056,-0.16549209218780547
4B,Mi1,1.057,-0.16549209218780547
4B,Mi1,1.058,-0.16549209218780547
4B,Mi1,1.059,-0.16549209218780547
4B,Mi1,1.06,-0.16549209218780547
4B,Mi1,1.061,-0.16549209218780547
4B,Mi1,1.062,-0.16549209218780547
4B,Mi1,1.063,-0.16549209218780547
4B,Mi1,1.064,-0.16549209218780547
4B,Mi1,1.065,-0.16549209218780547
4B,Mi1,1.066,-0.16549209218780547
4B,Mi1,1.067,-0.16549209218780547
4B,Mi1,1.068,-0.16549209218780547
4B,Mi1,1.069,-0.16549209218780547
4B,Mi1,1.07,-0.16549209218780547
4B,Mi1,1.071,-0.16549209218780547
4B,Mi1,1.072,-0.16549209218780547
4B,Mi1,1.073,-0.16549209218780547
4B,Mi1,1.074,-0.16549209218780547
4B,Mi1,1.075,-0.16549209218780547
4B,Mi1,1.076,-0.16549209218780547
4B,Mi1,1.077,-0.16549209218780547
4B,Mi1,1.078,-0.16549209218780547
4B,Mi1,1.079,-0.16549209218780547
4B,Mi1,1.08,-0.16549209218780547
4B,Mi1,1.081,-0.16549209218780547
4B,Mi1,1.082,-0.16549209218780547
4B,Mi1,1.083,-0.16549209218780547
4B,Mi1,1.084,-0.16549209218780547
4B,Mi1,1.085,-0.16549209218780547
4B,Mi1,1.086,-0.16549209218780547
4B,Mi1,1.087,-0.16549209218780547
4B,Mi1,1.088,-0.16549209218780547
4B,Mi1,1.089,-0.16549209218780547
4B,Mi1,1.09,-0.16549209218780547
4B,Mi1,1.091,-0.16549209218780547
4B,Mi1,1.092,-0.16549209218780547
4B,Mi1,1.093,-0.16549209218780547
4B,Mi1,1.094,-0.16522304656424866
4B,Mi1,1.095,-0.1647517328280179
4B,Mi1,1.096,-0.16428041909178706
4B,Mi1,1.097,-0.16380910535555634
4B,Mi1,1.098,-0.16333779161932552
4B,Mi1,1.099,-0.16286647788309483
4B,Mi1,1.1,-0.16258872214942288
4B,Mi1,1.101,-0.16258872214942288
4B,Mi1,1.102,-0.16258872214942288
4B,Mi1,1.103,-0.16258872214942288
4B,Mi1,1.104,-0.16258872214942288
4B,Mi1,1.105,-0.16258872214942288
4B,Mi1,1.106,-0.16258872214942288
4B,Mi1,1.107,-0.16258872214942288
4B,Mi1,1.108,-0.16258872214942288
4B,Mi1,1.109,-0.16258872214942288
4B,Mi1,1.11,-0.16258872214942288
4B,Mi1,1.111,-0.16258872214942288
4B,Mi1,1.112,-0.16258872214942288
4B,Mi1,1.113,-0.16258872214942288
4B,Mi1,1.114,-0.16258872214942288
4B,Mi1,1.115,-0.1625790442492949
4B,Mi1,1.116,-0.1616364167768333
4B,Mi1,1.117,-0.16069378930437186
4B,Mi1,1.118,-0.15975116183191027
4B,Mi1,1.119,-0.15968535211104035
4B,Mi1,1.12,-0.15968535211104035
4B,Mi1,1.121,-0.15968535211104035
4B,Mi1,1.122,-0.15968535211104035
4B,Mi1,1.123,-0.15968535211104035
4B,Mi1,1.124,-0.15968535211104035
4B,Mi1,1.125,-0.15968535211104035
4B,Mi1,1.1260000000000001,-0.15968535211104035
4B,Mi1,1.127,-0.15968535211104035
4B,Mi1,1.1280000000000001,-0.15968535211104035
4B,Mi1,1.129,-0.15968535211104035
4B,Mi1,1.1300000000000001,-0.15968535211104035
4B,Mi1,1.131,-0.15968535211104035
4B,Mi1,1.1320000000000001,-0.15968535211104035
4B,Mi1,1.133,-0.15968535211104035
4B,Mi1,1.1340000000000001,-0.15968535211104035
4B,Mi1,1.135,-0.15968535211104035
4B,Mi1,1.1360000000000001,-0.15968535211104035
4B,Mi1,1.137,-0.15968535211104035
4B,Mi1,1.1380000000000001,-0.15968535211104035
4B,Mi1,1.139,-0.15968535211104035
4B,Mi1,1.1400000000000001,-0.15968535211104035
4B,Mi1,1.141,-0.15968535211104035
4B,Mi1,1.1420000000000001,-0.15968535211104035
4B,Mi1,1.143,-0.15968535211104035
4B,Mi1,1.1440000000000001,-0.15968535211104035
4B,Mi1,1.145,-0.15968535211104035
4B,Mi1,1.1460000000000001,-0.15968535211104035
4B,Mi1,1.147,-0.15968535211104035
4B,Mi1,1.1480000000000001,-0.15968535211104035
4B,Mi1,1.149,-0.15968535211104035
4B,Mi1,1.1500000000000001,-0.15968535211104035
4B,Mi1,1.151,-0.15968535211104035
4B,Mi1,1.1520000000000001,-0.15968535211104035
4B,Mi1,1.153,-0.15968535211104035
4B,Mi1,1.154,-0.15968535211104035
4B,Mi1,1.155,-0.15968535211104035
4B,Mi1,1.156,-0.15968535211104035
4B,Mi1,1.157,-0.15968535211104035
4B,Mi1,1.158,-0.15968535211104035
4B,Mi1,1.159,-0.15968535211104035
4B,Mi1,1.16,-0.15968535211104035
4B,Mi1,1.161,-0.15968535211104035
4B,Mi1,1.162,-0.15968535211104035
4B,Mi1,1.163,-0.15968535211104035
4B,Mi1,1.164,-0.15968535211104035
4B,Mi1,1.165,-0.15968535211104035
4B,Mi1,1.166,-0.15968535211104035
4B,Mi1,1.167,-0.15968535211104035
4B,Mi1,1.168,-0.15968535211104035
4B,Mi1,1.169,-0.15968535211104035
4B,Mi1,1.17,-0.15968535211104035
4B,Mi1,1.171,-0.15968535211104035
4B,Mi1,1.172,-0.15968535211104035
4B,Mi1,1.173,-0.15968535211104035
4B,Mi1,1.174,-0.15968535211104035
4B,Mi1,1.175,-0.15968535211104035
4B,Mi1,1.176,-0.15968535211104035
4B,Mi1,1.177,-0.15968535211104035
4B,Mi1,1.178,-0.15968535211104035
4B,Mi1,1.179,-0.15968535211104035
4B,Mi1,1.18,-0.15968535211104035
4B,Mi1,1.181,-0.15968535211104035
4B,Mi1,1.182,-0.15968535211104035
4B,Mi1,1.183,-0.15968535211104035
4B,Mi1,1.184,-0.15968535211104035
4B,Mi1,1.185,-0.15968535211104035
4B,Mi1,1.186,-0.15968535211104035
4B,Mi1,1.187,-0.15968535211104035
4B,Mi1,1.188,-0.15968535211104035
4B,Mi1,1.189,-0.15968535211104035
4B,Mi1,1.19,-0.15968535211104035
4B,Mi1,1.191,-0.15968535211104035
4B,Mi1,1.192,-0.15968535211104035
4B,Mi1,1.193,-0.15968535211104035
4B,Mi1,1.194,-0.15968535211104035
4B,Mi1,1.195,-0.15968535211104035
4B,Mi1,1.196,-0.15968535211104035
4B,Mi1,1.197,-0.15968535211104035
4B,Mi1,1.198,-0.15968535211104035
4B,Mi1,1.199,-0.15968535211104035
4B,Mi1,1.2,-0.15968535211104035
4B,Mi1,1.201,-0.15968535211104035
4B,Mi1,1.202,-0.15968535211104035
4B,Mi1,1.203,-0.15968535211104035
4B,Mi1,1.204,-0.15968535211104035
4B,Mi1,1.205,-0.15968535211104035
4B,Mi1,1.206,-0.15968535211104035
4B,Mi1,1.207,-0.15968535211104035
4B,Mi1,1.208,-0.15968535211104035
4B,Mi1,1.209,-0.15968535211104035
4B,Mi1,1.21,-0.15968535211104035
4B,Mi1,1.211,-0.15968535211104035
4B,Mi1,1.212,-0.15968535211104035
4B,Mi1,1.213,-0.15968535211104035
4B,Mi1,1.214,-0.15968535211104035
4B,Mi1,1.215,-0.15968535211104035
4B,Mi1,1.216,-0.15968535211104035
4B,Mi1,1.217,-0.15968535211104035
4B,Mi1,1.218,-0.15968535211104035
4B,Mi1,1.219,-0.15968535211104035
4B,Mi1,1.22,-0.15968535211104035
4B,Mi1,1.221,-0.15968535211104035
4B,Mi1,1.222,-0.15968535211104035
4B,Mi1,1.223,-0.15968535211104035
4B,Mi1,1.224,-0.15968535211104035
4B,Mi1,1.225,-0.15968535211104035
4B,Mi1,1.226,-0.15968535211104035
4B,Mi1,1.227,-0.15968535211104035
4B,Mi1,1.228,-0.15968535211104035
4B,Mi1,1.229,-0.15968535211104035
4B,Mi1,1.23,-0.15968535211104035
4B,Mi1,1.231,-0.15968535211104035
4B,Mi1,1.232,-0.15968535211104035
4B,Mi1,1.233,-0.15968535211104035
4B,Mi1,1.234,-0.15968535211104035
4B,Mi1,1.235,-0.15968535211104035
4B,Mi1,1.236,-0.15968535211104035
4B,Mi1,1.237,-0.15968535211104035
4B,Mi1,1.238,-0.15968535211104035
4B,Mi1,1.239,-0.15968535211104035
4B,Mi1,1.24,-0.15968535211104035
4B,Mi1,1.241,-0.15968535211104035
4B,Mi1,1.242,-0.15968535211104035
4B,Mi1,1.243,-0.15968535211104035
4B,Mi1,1.244,-0.15968535211104035
4B,Mi1,1.245,-0.15968535211104035
4B,Mi1,1.246,-0.15968535211104035
4B,Mi1,1.247,-0.15968535211104035
4B,Mi1,1.248,-0.15968535211104035
4B,Mi1,1.249,-0.15968535211104035
4B,Mi1,1.25,-0.15968535211104035
4B,Mi1,1.2510000000000001,-0.15968535211104035
4B,Mi1,1.252,-0.15968535211104035
4B,Mi1,1.2530000000000001,-0.15968535211104035
4B,Mi1,1.254,-0.15968535211104035
4B,Mi1,1.2550000000000001,-0.15968535211104035
4B,Mi1,1.256,-0.15968535211104035
4B,Mi1,1.2570000000000001,-0.15968535211104035
4B,Mi1,1.258,-0.15968535211104035
4B,Mi1,1.2590000000000001,-0.15968535211104035
4B,Mi1,1.26,-0.15968535211104035
4B,Mi1,1.2610000000000001,-0.15968535211104035
4B,Mi1,1.262,-0.15968535211104035
4B,Mi1,1.2630000000000001,-0.15968535211104035
4B,Mi1,1.264,-0.15968535211104035
4B,Mi1,1.2650000000000001,-0.15968535211104035
4B,Mi1,1.266,-0.15968535211104035
4B,Mi1,1.2670000000000001,-0.15968535211104035
4B,Mi1,1.268,-0.15968535211104035
4B,Mi1,1.2690000000000001,-0.15967954537096352
4B,Mi1,1.27,-0.15873691789850203
4B,Mi1,1.2710000000000001,-0.15779429042604035
4B,Mi1,1.272,-0.15685166295357886
4B,Mi1,1.2730000000000001,-0.15678198207265778
4B,Mi1,1.274,-0.15678198207265778
4B,Mi1,1.2750000000000001,-0.15678198207265778
4B,Mi1,1.276,-0.15678198207265778
4B,Mi1,1.2770000000000001,-0.15678198207265778
4B,Mi1,1.278,-0.15678198207265778
4B,Mi1,1.2790000000000001,-0.15678198207265778
4B,Mi1,1.28,-0.15678198207265778
4B,Mi1,1.281,-0.15678198207265778
4B,Mi1,1.282,-0.15678198207265778
4B,Mi1,1.283,-0.15678198207265778
4B,Mi1,1.284,-0.15678198207265778
4B,Mi1,1.285,-0.15678198207265778
4B,Mi1,1.286,-0.15678198207265778
4B,Mi1,1.287,-0.15678198207265778
4B,Mi1,1.288,-0.15678198207265778
4B,Mi1,1.289,-0.15678198207265778
4B,Mi1,1.29,-0.15678198207265778
4B,Mi1,1.291,-0.15678198207265778
4B,Mi1,1.292,-0.15678198207265778
4B,Mi1,1.293,-0.15678198207265778
4B,Mi1,1.294,-0.15678198207265778
4B,Mi1,1.295,-0.15678198207265778
4B,Mi1,1.296,-0.15678198207265778
4B,Mi1,1.297,-0.15678198207265778
4B,Mi1,1.298,-0.15678198207265778
4B,Mi1,1.299,-0.15678198207265778
4B,Mi1,1.3,-0.15678198207265778
4B,Mi1,1.301,-0.15678198207265778
4B,Mi1,1.302,-0.15678198207265778
4B,Mi1,1.303,-0.15678198207265778
4B,Mi1,1.304,-0.15678198207265778
4B,Mi1,1.305,-0.15678198207265778
4B,Mi1,1.306,-0.15678198207265778
4B,Mi1,1.307,-0.15678198207265778
4B,Mi1,1.308,-0.15678198207265778
4B,Mi1,1.309,-0.15678198207265778
4B,Mi1,1.31,-0.15678198207265778
4B,Mi1,1.311,-0.15678198207265778
4B,Mi1,1.312,-0.15678198207265778
4B,Mi1,1.313,-0.15678198207265778
4B,Mi1,1.314,-0.15678198207265778
4B,Mi1,1.315,-0.15678198207265778
4B,Mi1,1.316,-0.15678198207265778
4B,Mi1,1.317,-0.15678198207265778
4B,Mi1,1.318,-0.15678198207265778
4B,Mi1,1.319,-0.15678198207265778
4B,Mi1,1.32,-0.15678198207265778
4B,Mi1,1.321,-0.15678198207265778
4B,Mi1,1.322,-0.15678198207265778
4B,Mi1,1.323,-0.15678198207265778
4B,Mi1,1.324,-0.15678198207265778
4B,Mi1,1.325,-0.15678198207265778
4B,Mi1,1.326,-0.15678198207265778
4B,Mi1,1.327,-0.15678198207265778
4B,Mi1,1.328,-0.15678198207265778
4B,Mi1,1.329,-0.15678198207265778
4B,Mi1,1.33,-0.15678198207265778
4B,Mi1,1.331,-0.15678198207265778
4B,Mi1,1.332,-0.15678198207265778
4B,Mi1,1.333,-0.15678198207265778
4B,Mi1,1.334,-0.15678198207265778
4B,Mi1,1.335,-0.15678198207265778
4B,Mi1,1.336,-0.15678198207265778
4B,Mi1,1.337,-0.15666681506113525
4B,Mi1,1.338,-0.15619550132490445
4B,Mi1,1.339,-0.15572418758867373
4B,Mi1,1.34,-0.15525287385244294
4B,Mi1,1.341,-0.15478156011621225
4B,Mi1,1.342,-0.15431024637998142
4B,Mi1,1.343,-0.15387861203427525
4B,Mi1,1.344,-0.15387861203427525
4B,Mi1,1.345,-0.15387861203427525
4B,Mi1,1.346,-0.15387861203427525
4B,Mi1,1.347,-0.15387861203427525
4B,Mi1,1.348,-0.15387861203427525
4B,Mi1,1.349,-0.15387861203427525
4B,Mi1,1.35,-0.15387861203427525
4B,Mi1,1.351,-0.15387861203427525
4B,Mi1,1.352,-0.15387861203427525
4B,Mi1,1.353,-0.15387861203427525
4B,Mi1,1.354,-0.15387861203427525
4B,Mi1,1.355,-0.15387861203427525
4B,Mi1,1.356,-0.15387861203427525
4B,Mi1,1.357,-0.15387861203427525
4B,Mi1,1.358,-0.15387861203427525
4B,Mi1,1.359,-0.15387861203427525
4B,Mi1,1.36,-0.15387861203427525
4B,Mi1,1.361,-0.15387861203427525
4B,Mi1,1.362,-0.15387861203427525
4B,Mi1,1.363,-0.15387861203427525
4B,Mi1,1.364,-0.15387861203427525
4B,Mi1,1.365,-0.15387861203427525
4B,Mi1,1.366,-0.15387861203427525
4B,Mi1,1.367,-0.15387861203427525
4B,Mi1,1.368,-0.15387861203427525
4B,Mi1,1.369,-0.15387861203427525
4B,Mi1,1.37,-0.15387861203427525
4B,Mi1,1.371,-0.15387861203427525
4B,Mi1,1.372,-0.15387861203427525
4B,Mi1,1.373,-0.15387861203427525
4B,Mi1,1.374,-0.15387861203427525
4B,Mi1,1.375,-0.15387861203427525
4B,Mi1,1.3760000000000001,-0.15387861203427525
4B,Mi1,1.377,-0.15387861203427525
4B,Mi1,1.3780000000000001,-0.15387861203427525
4B,Mi1,1.379,-0.15387861203427525
4B,Mi1,1.3800000000000001,-0.15387861203427525
4B,Mi1,1.381,-0.15387861203427525
4B,Mi1,1.3820000000000001,-0.15387861203427525
4B,Mi1,1.383,-0.15387861203427525
4B,Mi1,1.3840000000000001,-0.15387861203427525
4B,Mi1,1.385,-0.15387861203427525
4B,Mi1,1.3860000000000001,-0.15387861203427525
4B,Mi1,1.387,-0.15387861203427525
4B,Mi1,1.3880000000000001,-0.15387861203427525
4B,Mi1,1.389,-0.15387861203427525
4B,Mi1,1.3900000000000001,-0.15387861203427525
4B,Mi1,1.391,-0.15387861203427525
4B,Mi1,1.3920000000000001,-0.15387861203427525
4B,Mi1,1.393,-0.15387861203427525
4B,Mi1,1.3940000000000001,-0.15387861203427525
4B,Mi1,1.395,-0.15387861203427525
4B,Mi1,1.3960000000000001,-0.15421927411877887
4B,Mi1,1.397,-0.15469058785500958
4B,Mi1,1.3980000000000001,-0.1551619015912404
4B,Mi1,1.399,-0.1556332153274711
4B,Mi1,1.4000000000000001,-0.15610452906370195
4B,Mi1,1.401,-0.1565758427999327
4B,Mi1,1.4020000000000001,-0.15678198207265778
4B,Mi1,1.403,-0.15678198207265778
4B,Mi1,1.4040000000000001,-0.15678198207265778
4B,Mi1,1.405,-0.15678198207265778
4B,Mi1,1.4060000000000001,-0.15678198207265778
4B,Mi1,1.407,-0.15678198207265778
4B,Mi1,1.408,-0.15678198207265778
4B,Mi1,1.409,-0.15678198207265778
4B,Mi1,1.41,-0.15678198207265778
4B,Mi1,1.411,-0.15678198207265778
4B,Mi1,1.412,-0.15678198207265778
4B,Mi1,1.413,-0.15678198207265778
4B,Mi1,1.414,-0.15678198207265778
4B,Mi1,1.415,-0.15678198207265778
4B,Mi1,1.416,-0.15678198207265778
4B,Mi1,1.417,-0.15678198207265778
4B,Mi1,1.418,-0.15678198207265778
4B,Mi1,1.419,-0.15678198207265778
4B,Mi1,1.42,-0.15678198207265778
4B,Mi1,1.421,-0.15678198207265778
4B,Mi1,1.422,-0.15678198207265778
4B,Mi1,1.423,-0.15678198207265778
4B,Mi1,1.424,-0.15678198207265778
4B,Mi1,1.425,-0.15678198207265778
4B,Mi1,1.426,-0.15678198207265778
4B,Mi1,1.427,-0.15678198207265778
4B,Mi1,1.428,-0.15678198207265778
4B,Mi1,1.429,-0.15678198207265778
4B,Mi1,1.43,-0.15678198207265778
4B,Mi1,1.431,-0.15678198207265778
4B,Mi1,1.432,-0.15678198207265778
4B,Mi1,1.433,-0.15678198207265778
4B,Mi1,1.434,-0.15678198207265778
4B,Mi1,1.435,-0.15678198207265778
4B,Mi1,1.436,-0.15678198207265778
4B,Mi1,1.437,-0.15678198207265778
4B,Mi1,1.438,-0.15678198207265778
4B,Mi1,1.439,-0.15678198207265778
4B,Mi1,1.44,-0.15678198207265778
4B,Mi1,1.441,-0.15678198207265778
4B,Mi1,1.442,-0.15629034474615836
4B,Mi1,1.443,-0.15534771727369673
4B,Mi1,1.444,-0.15440508980123532
4B,Mi1,1.445,-0.15387861203427525
4B,Mi1,1.446,-0.15387861203427525
4B,Mi1,1.447,-0.15387861203427525
4B,Mi1,1.448,-0.15387861203427525
4B,Mi1,1.449,-0.15387861203427525
4B,Mi1,1.45,-0.15387861203427525
4B,Mi1,1.451,-0.15387861203427525
4B,Mi1,1.452,-0.15387861203427525
4B,Mi1,1.453,-0.15387861203427525
4B,Mi1,1.454,-0.15387861203427525
4B,Mi1,1.455,-0.15387861203427525
4B,Mi1,1.456,-0.15387861203427525
4B,Mi1,1.457,-0.15387861203427525
4B,Mi1,1.458,-0.15387861203427525
4B,Mi1,1.459,-0.15387861203427525
4B,Mi1,1.46,-0.15383990043376347
4B,Mi1,1.461,-0.15289727296130182
4B,Mi1,1.462,-0.1519546454888404
4B,Mi1,1.463,-0.1510120180163788
4B,Mi1,1.464,-0.15097524199589268
4B,Mi1,1.465,-0.15097524199589268
4B,Mi1,1.466,-0.15097524199589268
4B,Mi1,1.467,-0.15097524199589268
4B,Mi1,1.468,-0.15097524199589268
4B,Mi1,1.469,-0.15097524199589268
4B,Mi1,1.47,-0.15097524199589268
4B,Mi1,1.471,-0.15097524199589268
4B,Mi1,1.472,-0.15097524199589268
4B,Mi1,1.473,-0.15097524199589268
4B,Mi1,1.474,-0.15097524199589268
4B,Mi1,1.475,-0.15097524199589268
4B,Mi1,1.476,-0.15097524199589268
4B,Mi1,1.477,-0.15097524199589268
4B,Mi1,1.478,-0.15097524199589268
4B,Mi1,1.479,-0.1507110353223998
4B,Mi1,1.48,-0.1502397215861691
4B,Mi1,1.481,-0.1497684078499383
4B,Mi1,1.482,-0.14929709411370756
4B,Mi1,1.483,-0.14882578037747674
4B,Mi1,1.484,-0.148354466641246
4B,Mi1,1.485,-0.14807187195751015
4B,Mi1,1.486,-0.14807187195751015
4B,Mi1,1.487,-0.14807187195751015
4B,Mi1,1.488,-0.14807187195751015
4B,Mi1,1.489,-0.14807187195751015
4B,Mi1,1.49,-0.14807187195751015
4B,Mi1,1.491,-0.14807187195751015
4B,Mi1,1.492,-0.14807187195751015
4B,Mi1,1.493,-0.14807187195751015
4B,Mi1,1.494,-0.14807187195751015
4B,Mi1,1.495,-0.14807187195751015
4B,Mi1,1.496,-0.14807187195751015
4B,Mi1,1.497,-0.14803412814701108
4B,Mi1,1.498,-0.14756281441078037
4B,Mi1,1.499,-0.14709150067454957
4B,Mi1,1.5,-0.14662018693831885
4B,Mi1,1.5010000000000001,-0.146148873202088
4B,Mi1,1.502,-0.14567755946585728
4B,Mi1,1.5030000000000001,-0.14520624572962643
4B,Mi1,1.504,-0.14516850191912758
4B,Mi1,1.5050000000000001,-0.14516850191912758
4B,Mi1,1.506,-0.14516850191912758
4B,Mi1,1.5070000000000001,-0.14516850191912758
4B,Mi1,1.508,-0.14516850191912758
4B,Mi1,1.5090000000000001,-0.14516850191912758
4B,Mi1,1.51,-0.14516850191912758
4B,Mi1,1.5110000000000001,-0.14516850191912758
4B,Mi1,1.512,-0.14516850191912758
4B,Mi1,1.5130000000000001,-0.1448481634248926
4B,Mi1,1.514,-0.14437684968866188
4B,Mi1,1.5150000000000001,-0.14390553595243108
4B,Mi1,1.516,-0.1434342222162004
4B,Mi1,1.5170000000000001,-0.14296290847996956
4B,Mi1,1.518,-0.14249159474373885
4B,Mi1,1.5190000000000001,-0.14226513188074505
4B,Mi1,1.52,-0.14226513188074505
4B,Mi1,1.5210000000000001,-0.14226513188074505
4B,Mi1,1.522,-0.14226513188074505
4B,Mi1,1.5230000000000001,-0.14226513188074505
4B,Mi1,1.524,-0.14226513188074505
4B,Mi1,1.5250000000000001,-0.14209576862850595
4B,Mi1,1.526,-0.14162445489227526
4B,Mi1,1.5270000000000001,-0.14115314115604446
4B,Mi1,1.528,-0.14068182741981375
4B,Mi1,1.5290000000000001,-0.1402105136835829
4B,Mi1,1.53,-0.13973919994735215
4B,Mi1,1.5310000000000001,-0.13936176184236249
4B,Mi1,1.532,-0.13936176184236249
4B,Mi1,1.5330000000000001,-0.13936176184236249
4B,Mi1,1.534,-0.13936176184236249
4B,Mi1,1.5350000000000001,-0.13936176184236249
4B,Mi1,1.536,-0.13936176184236249
4B,Mi1,1.537,-0.13934337383211942
4B,Mi1,1.538,-0.13887206009588862
4B,Mi1,1.539,-0.1384007463596579
4B,Mi1,1.54,-0.1379294326234271
4B,Mi1,1.541,-0.1374581188871964
4B,Mi1,1.542,-0.13698680515096553
4B,Mi1,1.543,-0.1365154914147348
4B,Mi1,1.544,-0.13645839180397995
4B,Mi1,1.545,-0.13645839180397995
4B,Mi1,1.546,-0.13645839180397995
4B,Mi1,1.547,-0.13645839180397995
4B,Mi1,1.548,-0.13645839180397995
4B,Mi1,1.549,-0.13645839180397995
4B,Mi1,1.55,-0.13645839180397995
4B,Mi1,1.551,-0.13645839180397995
4B,Mi1,1.552,-0.13645839180397995
4B,Mi1,1.553,-0.13615740911000093
4B,Mi1,1.554,-0.13568609537377013
4B,Mi1,1.555,-0.13521478163753944
4B,Mi1,1.556,-0.13474346790130862
4B,Mi1,1.557,-0.1342721541650779
4B,Mi1,1.558,-0.1338008404288471
4B,Mi1,1.559,-0.13355502176559736
4B,Mi1,1.56,-0.13355502176559736
4B,Mi1,1.561,-0.13355502176559736
4B,Mi1,1.562,-0.13355502176559736
4B,Mi1,1.563,-0.13355502176559736
4B,Mi1,1.564,-0.13355502176559736
4B,Mi1,1.565,-0.13355502176559736
4B,Mi1,1.566,-0.13355502176559736
4B,Mi1,1.567,-0.13355502176559736
4B,Mi1,1.568,-0.13355502176559736
4B,Mi1,1.569,-0.13355502176559736
4B,Mi1,1.57,-0.13355502176559736
4B,Mi1,1.571,-0.13348050193461222
4B,Mi1,1.572,-0.1330091881983814
4B,Mi1,1.573,-0.13253787446215068
4B,Mi1,1.574,-0.1320665607259199
4B,Mi1,1.575,-0.1315952469896892
4B,Mi1,1.576,-0.13112393325345836
4B,Mi1,1.577,-0.13065261951722767
4B,Mi1,1.578,-0.13065165172721482
4B,Mi1,1.579,-0.13065165172721482
4B,Mi1,1.58,-0.13065165172721482
4B,Mi1,1.581,-0.13065165172721482
4B,Mi1,1.582,-0.13065165172721482
4B,Mi1,1.583,-0.13065165172721482
4B,Mi1,1.584,-0.13065165172721482
4B,Mi1,1.585,-0.13065165172721482
4B,Mi1,1.586,-0.13065165172721482
4B,Mi1,1.587,-0.13065165172721482
4B,Mi1,1.588,-0.13065165172721482
4B,Mi1,1.589,-0.13065165172721482
4B,Mi1,1.59,-0.13033228102299266
4B,Mi1,1.591,-0.129860967286762
4B,Mi1,1.592,-0.12938965355053117
4B,Mi1,1.593,-0.12891833981430048
4B,Mi1,1.594,-0.12844702607806965
4B,Mi1,1.595,-0.12797571234183894
4B,Mi1,1.596,-0.12774828168883226
4B,Mi1,1.597,-0.12774828168883226
4B,Mi1,1.598,-0.12774828168883226
4B,Mi1,1.599,-0.12774828168883226
4B,Mi1,1.6,-0.12774828168883226
4B,Mi1,1.601,-0.12774828168883226
4B,Mi1,1.602,-0.12774828168883226
4B,Mi1,1.603,-0.12774828168883226
4B,Mi1,1.604,-0.12774828168883226
4B,Mi1,1.605,-0.1274869783853779
4B,Mi1,1.606,-0.12654435091291621
4B,Mi1,1.607,-0.12560172344045475
4B,Mi1,1.608,-0.12484491165044972
4B,Mi1,1.609,-0.12484491165044972
4B,Mi1,1.61,-0.12484491165044972
4B,Mi1,1.611,-0.12484491165044972
4B,Mi1,1.612,-0.12484491165044972
4B,Mi1,1.613,-0.12484491165044972
4B,Mi1,1.614,-0.12484491165044972
4B,Mi1,1.615,-0.12484491165044972
4B,Mi1,1.616,-0.12484491165044972
4B,Mi1,1.617,-0.12484491165044972
4B,Mi1,1.618,-0.12439392150448755
4B,Mi1,1.619,-0.12392260776825685
4B,Mi1,1.62,-0.12345129403202604
4B,Mi1,1.621,-0.12297998029579534
4B,Mi1,1.622,-0.12250866655956452
4B,Mi1,1.623,-0.12203735282333383
4B,Mi1,1.624,-0.12194154161206718
4B,Mi1,1.625,-0.12194154161206718
4B,Mi1,1.6260000000000001,-0.12194154161206718
4B,Mi1,1.627,-0.12194154161206718
4B,Mi1,1.6280000000000001,-0.12194154161206718
4B,Mi1,1.629,-0.12194154161206718
4B,Mi1,1.6300000000000001,-0.12164152670810092
4B,Mi1,1.631,-0.12117021297187021
4B,Mi1,1.6320000000000001,-0.1206988992356394
4B,Mi1,1.633,-0.12022758549940868
4B,Mi1,1.6340000000000001,-0.11975627176317784
4B,Mi1,1.635,-0.1192849580269471
4B,Mi1,1.6360000000000001,-0.11903817157368463
4B,Mi1,1.637,-0.11903817157368463
4B,Mi1,1.6380000000000001,-0.11903817157368463
4B,Mi1,1.639,-0.11903817157368463
4B,Mi1,1.6400000000000001,-0.11903817157368463
4B,Mi1,1.641,-0.11903817157368463
4B,Mi1,1.6420000000000001,-0.11903817157368463
4B,Mi1,1.643,-0.11903817157368463
4B,Mi1,1.6440000000000001,-0.11903817157368463
4B,Mi1,1.645,-0.11903817157368463
4B,Mi1,1.6460000000000001,-0.11903817157368463
4B,Mi1,1.647,-0.11903817157368463
4B,Mi1,1.6480000000000001,-0.11889106749173976
4B,Mi1,1.649,-0.11794844001927834
4B,Mi1,1.6500000000000001,-0.11700581254681675
4B,Mi1,1.651,-0.11613480153530208
4B,Mi1,1.6520000000000001,-0.11613480153530208
4B,Mi1,1.653,-0.11613480153530208
4B,Mi1,1.6540000000000001,-0.11613480153530208
4B,Mi1,1.655,-0.11613480153530208
4B,Mi1,1.6560000000000001,-0.11613480153530208
4B,Mi1,1.657,-0.11613480153530208
4B,Mi1,1.6580000000000001,-0.11613480153530208
4B,Mi1,1.659,-0.11613480153530208
4B,Mi1,1.6600000000000001,-0.11613480153530208
4B,Mi1,1.661,-0.11613480153530208
4B,Mi1,1.6620000000000001,-0.11613480153530208
4B,Mi1,1.663,-0.11613480153530208
4B,Mi1,1.6640000000000001,-0.1157786548105937
4B,Mi1,1.665,-0.115307341074363
4B,Mi1,1.666,-0.1148360273381323
4B,Mi1,1.667,-0.11436471360190148
4B,Mi1,1.668,-0.11389339986567078
4B,Mi1,1.669,-0.11342208612943996
4B,Mi1,1.67,-0.11323143149691953
4B,Mi1,1.671,-0.11323143149691953
4B,Mi1,1.672,-0.11323143149691953
4B,Mi1,1.673,-0.11323143149691953
4B,Mi1,1.674,-0.11323143149691953
4B,Mi1,1.675,-0.11323143149691953
4B,Mi1,1.676,-0.11323143149691953
4B,Mi1,1.677,-0.11323143149691953
4B,Mi1,1.678,-0.11323143149691953
4B,Mi1,1.679,-0.1130640038247061
4B,Mi1,1.68,-0.11259269008847538
4B,Mi1,1.681,-0.11212137635224453
4B,Mi1,1.682,-0.11165006261601379
4B,Mi1,1.683,-0.11117874887978299
4B,Mi1,1.684,-0.11070743514355229
4B,Mi1,1.685,-0.11032806145853696
4B,Mi1,1.686,-0.11032806145853696
4B,Mi1,1.687,-0.11032806145853696
4B,Mi1,1.688,-0.11032806145853696
4B,Mi1,1.689,-0.11032806145853696
4B,Mi1,1.69,-0.11032806145853696
4B,Mi1,1.691,-0.11032806145853696
4B,Mi1,1.692,-0.11032806145853696
4B,Mi1,1.693,-0.11032806145853696
4B,Mi1,1.694,-0.11032806145853696
4B,Mi1,1.695,-0.10987803910258763
4B,Mi1,1.696,-0.10940672536635693
4B,Mi1,1.697,-0.10893541163012611
4B,Mi1,1.698,-0.10846409789389538
4B,Mi1,1.699,-0.10799278415766454
4B,Mi1,1.7,-0.1075214704214338
4B,Tm3,0.0,0.0014535207664511903
4B,Tm3,0.001,0.0014535207664511903
4B,Tm3,0.002,0.0014535207664511903
4B,Tm3,0.003,0.0014535207664511903
4B,Tm3,0.004,0.0014535207664511903
4B,Tm3,0.005,0.0014535207664511903
4B,Tm3,0.006,0.0014535207664511903
4B,Tm3,0.007,0.0014535207664511903
4B,Tm3,0.008,0.0014535207664511903
4B,Tm3,0.009000000000000001,0.0014535207664511903
4B,Tm3,0.01,0.0014535207664511903
4B,Tm3,0.011,0.0014535207664511903
4B,Tm3,0.012,0.0014535207664511903
4B,Tm3,0.013000000000000001,0.0014535207664511903
4B,Tm3,0.014,0.0014535207664511903
4B,Tm3,0.015,0.0014535207664511903
4B,Tm3,0.016,0.0014535207664511903
4B,Tm3,0.017,0.0014535207664511903
4B,Tm3,0.018000000000000002,0.0014535207664511903
4B,Tm3,0.019,0.0014535207664511903
4B,Tm3,0.02,0.0014535207664511903
4B,Tm3,0.021,0.0014535207664511903
4B,Tm3,0.022,0.0014535207664511903
4B,Tm3,0.023,0.0014535207664511903
4B,Tm3,0.024,0.0014535207664511903
4B,Tm3,0.025,0.0014535207664511903
4B,Tm3,0.026000000000000002,0.0014535207664511903
4B,Tm3,0.027,0.0014535207664511903
4B,Tm3,0.028,0.0014535207664511903
4B,Tm3,0.029,0.0014535207664511903
4B,Tm3,0.03,0.0014535207664511903
4B,Tm3,0.031,0.0015475151093483396
4B,Tm3,0.032,0.0020194248515228493
4B,Tm3,0.033,0.002491334593697359
4B,Tm3,0.034,0.0029070415329023806
4B,Tm3,0.035,0.0029070415329023806
4B,Tm3,0.036000000000000004,0.0029070415329023806
4B,Tm3,0.037,0.0029070415329023806
4B,Tm3,0.038,0.0029070415329023806
4B,Tm3,0.039,0.0029070415329023806
4B,Tm3,0.04,0.0029070415329023806
4B,Tm3,0.041,0.0033595709981908426
4B,Tm3,0.042,0.0038314807403653523
4B,Tm3,0.043000000000000003,0.004303390482539862
4B,Tm3,0.044,0.004775300224714339
4B,Tm3,0.045,0.005247209966888814
4B,Tm3,0.046,0.00571911970906329
4B,Tm3,0.047,0.005814083065804761
4B,Tm3,0.048,0.005814083065804761
4B,Tm3,0.049,0.005814083065804761
4B,Tm3,0.05,0.005814083065804761
4B,Tm3,0.051000000000000004,0.005814083065804761
4B,Tm3,0.052000000000000005,0.005814083065804761
4B,Tm3,0.053,0.005814083065804761
4B,Tm3,0.054,0.005814083065804761
4B,Tm3,0.055,0.005814083065804761
4B,Tm3,0.056,0.005814083065804761
4B,Tm3,0.057,0.005814083065804761
4B,Tm3,0.058,0.005814083065804761
4B,Tm3,0.059000000000000004,0.00603986329152683
4B,Tm3,0.06,0.006511773033701335
4B,Tm3,0.061,0.006983682775875845
4B,Tm3,0.062,0.007455592518050341
4B,Tm3,0.063,0.007927502260224817
4B,Tm3,0.064,0.008399412002399293
4B,Tm3,0.065,0.008270533161107263
4B,Tm3,0.066,0.006854803934583836
4B,Tm3,0.067,0.005439074708060408
4B,Tm3,0.068,0.004472967905292442
4B,Tm3,0.069,0.004944877647466952
4B,Tm3,0.07,0.005416787389641462
4B,Tm3,0.07100000000000001,0.005888697131815965
4B,Tm3,0.07200000000000001,0.006360606873990441
4B,Tm3,0.073,0.00683251661616491
4B,Tm3,0.074,0.007267603832255952
4B,Tm3,0.075,0.007267603832255952
4B,Tm3,0.076,0.007267603832255952
4B,Tm3,0.077,0.007267603832255952
4B,Tm3,0.078,0.007738544560586132
4B,Tm3,0.079,0.008210454302760642
4B,Tm3,0.08,0.00868236404493515
4B,Tm3,0.081,0.00915427378710963
4B,Tm3,0.082,0.009626183529284106
4B,Tm3,0.083,0.010098093271458584
4B,Tm3,0.084,0.010570003013633056
4B,Tm3,0.085,0.011041912755807532
4B,Tm3,0.08600000000000001,0.011513822497982008
4B,Tm3,0.08700000000000001,0.012343298348703496
4B,Tm3,0.088,0.013287117833052503
4B,Tm3,0.089,0.014230937317401523
4B,Tm3,0.09,0.0148549822331312
4B,Tm3,0.091,0.015326891975305675
4B,Tm3,0.092,0.01579880171748015
4B,Tm3,0.093,0.01655269448834616
4B,Tm3,0.094,0.01749651397269511
4B,Tm3,0.095,0.018440333457044062
4B,Tm3,0.096,0.020360918896448192
4B,Tm3,0.097,0.023192377349495252
4B,Tm3,0.098,0.026023835802542312
4B,Tm3,0.099,0.028029694460244836
4B,Tm3,0.1,0.028973513944593788
4B,Tm3,0.101,0.02991733342894274
4B,Tm3,0.10200000000000001,0.03086115291329169
4B,Tm3,0.10300000000000001,0.031804972397640636
4B,Tm3,0.10400000000000001,0.03274879188198959
4B,Tm3,0.105,0.03395424510429972
4B,Tm3,0.106,0.03584188407299776
4B,Tm3,0.107,0.0377295230416958
4B,Tm3,0.108,0.039524136681340895
4B,Tm3,0.109,0.040939865907864324
4B,Tm3,0.11,0.04235559513438775
4B,Tm3,0.111,0.04388179193916149
4B,Tm3,0.112,0.04624134065003386
4B,Tm3,0.113,0.048600889360906244
4B,Tm3,0.114,0.05097788032097602
4B,Tm3,0.115,0.05380933877402308
4B,Tm3,0.116,0.05664079722707013
4B,Tm3,0.117,0.05947225568011719
4B,Tm3,0.11800000000000001,0.06185215368171985
4B,Tm3,0.11900000000000001,0.06421170239259222
4B,Tm3,0.12,0.06657125110346455
4B,Tm3,0.121,0.06893079981433695
4B,Tm3,0.122,0.07129034852520934
4B,Tm3,0.123,0.07364989723608172
4B,Tm3,0.124,0.07638542331854292
4B,Tm3,0.125,0.07921688177158998
4B,Tm3,0.126,0.08204834022463703
4B,Tm3,0.127,0.08589435617266698
4B,Tm3,0.128,0.09014154385223727
4B,Tm3,0.129,0.09438873153180756
4B,Tm3,0.13,0.09863591921137783
4B,Tm3,0.131,0.10288310689094812
4B,Tm3,0.132,0.1071302945705184
4B,Tm3,0.133,0.11137748225008885
4B,Tm3,0.134,0.11562466992965943
4B,Tm3,0.135,0.11987185760923001
4B,Tm3,0.136,0.12411904528880045
4B,Tm3,0.137,0.12836623296837074
4B,Tm3,0.138,0.13261342064794102
4B,Tm3,0.139,0.13667358865556126
4B,Tm3,0.14,0.14044886659295702
4B,Tm3,0.14100000000000001,0.14422414453035284
4B,Tm3,0.14200000000000002,0.14874556312786033
4B,Tm3,0.14300000000000002,0.15488038977612895
4B,Tm3,0.14400000000000002,0.16101521642439756
4B,Tm3,0.145,0.1671500430726659
4B,Tm3,0.146,0.1732848697209341
4B,Tm3,0.147,0.17941969636920227
4B,Tm3,0.148,0.18562816806963733
4B,Tm3,0.149,0.19223490446007999
4B,Tm3,0.15,0.19884164085052267
4B,Tm3,0.151,0.20548423075320446
4B,Tm3,0.152,0.21256287688582212
4B,Tm3,0.153,0.21964152301843973
4B,Tm3,0.154,0.2267201691510574
4B,Tm3,0.155,0.23426878699816045
4B,Tm3,0.156,0.24181934287295204
4B,Tm3,0.157,0.24936989874774365
4B,Tm3,0.158,0.2577848149716516
4B,Tm3,0.159,0.26627919033079217
4B,Tm3,0.16,0.2747735656899327
4B,Tm3,0.161,0.2836623296837042
4B,Tm3,0.162,0.2926286147850199
4B,Tm3,0.163,0.30159489988633553
4B,Tm3,0.164,0.3105611849876508
4B,Tm3,0.165,0.3195274700889658
4B,Tm3,0.166,0.32849375519028085
4B,Tm3,0.167,0.3374600402915959
4B,Tm3,0.168,0.3464263253929109
4B,Tm3,0.169,0.355392610494226
4B,Tm3,0.17,0.3643588955955414
4B,Tm3,0.171,0.3733251806968571
4B,Tm3,0.17200000000000001,0.38229146579817275
4B,Tm3,0.17300000000000001,0.3912577508994881
4B,Tm3,0.17400000000000002,0.4002240360008032
4B,Tm3,0.17500000000000002,0.40919032110211817
4B,Tm3,0.176,0.41836203713842474
4B,Tm3,0.177,0.42780023198191425
4B,Tm3,0.178,0.43723842682540376
4B,Tm3,0.179,0.4466766216688935
4B,Tm3,0.18,0.4561148165123837
4B,Tm3,0.181,0.46555301135587396
4B,Tm3,0.182,0.4749912061993639
4B,Tm3,0.183,0.4844294010428534
4B,Tm3,0.184,0.49386759588634294
4B,Tm3,0.185,0.5033057907298325
4B,Tm3,0.186,0.512743985573322
4B,Tm3,0.187,0.5221821804168115
4B,Tm3,0.188,0.531674640035582
4B,Tm3,0.189,0.5415847446212467
4B,Tm3,0.19,0.5514948492069114
4B,Tm3,0.191,0.5613720073218696
4B,Tm3,0.192,0.5703382924231847
4B,Tm3,0.193,0.5793045775244997
4B,Tm3,0.194,0.5882708626258147
4B,Tm3,0.195,0.5972371477271298
4B,Tm3,0.196,0.6062034328284449
4B,Tm3,0.197,0.6151697179297599
4B,Tm3,0.198,0.6241360030310754
4B,Tm3,0.199,0.6331022881323911
4B,Tm3,0.2,0.6420685732337069
4B,Tm3,0.201,0.6506598499772777
4B,Tm3,0.202,0.6591542253364182
4B,Tm3,0.203,0.6676486006955588
4B,Tm3,0.20400000000000001,0.6761429760546993
4B,Tm3,0.20500000000000002,0.6846373514138399
4B,Tm3,0.20600000000000002,0.6931317267729804
4B,Tm3,0.20700000000000002,0.7013266768542323
4B,Tm3,0.20800000000000002,0.709349142471199
4B,Tm3,0.209,0.7173716080881655
4B,Tm3,0.21,0.7251324399671705
4B,Tm3,0.211,0.7326829958419621
4B,Tm3,0.212,0.7402335517167538
4B,Tm3,0.213,0.747560265393512
4B,Tm3,0.214,0.754638911526129
4B,Tm3,0.215,0.7617175576587462
4B,Tm3,0.216,0.7687962037913636
4B,Tm3,0.217,0.7758748499239811
4B,Tm3,0.218,0.7829534960565988
4B,Tm3,0.219,0.7900321421892162
4B,Tm3,0.22,0.7971107883218334
4B,Tm3,0.221,0.8041894344544506
4B,Tm3,0.222,0.8111576130088173
4B,Tm3,0.223,0.81776434939926
4B,Tm3,0.224,0.8243710857897028
4B,Tm3,0.225,0.8309051461418229
4B,Tm3,0.226,0.8370399727900915
4B,Tm3,0.227,0.84317479943836
4B,Tm3,0.228,0.8493096260866286
4B,Tm3,0.229,0.8554444527348968
4B,Tm3,0.23,0.8615792793831651
4B,Tm3,0.231,0.8677141060314333
4B,Tm3,0.232,0.8738489326797014
4B,Tm3,0.233,0.8799837593279697
4B,Tm3,0.234,0.8861185859762378
4B,Tm3,0.23500000000000001,0.8918222014637927
4B,Tm3,0.23600000000000002,0.8974851183698866
4B,Tm3,0.23700000000000002,0.9031480352759808
4B,Tm3,0.23800000000000002,0.9088109521820746
4B,Tm3,0.23900000000000002,0.9144738690881683
4B,Tm3,0.24,0.9201367859942617
4B,Tm3,0.241,0.9254440748194971
4B,Tm3,0.242,0.9306350819834163
4B,Tm3,0.243,0.9358260891473356
4B,Tm3,0.244,0.9400635866884631
4B,Tm3,0.245,0.9438388646258592
4B,Tm3,0.246,0.9476141425632552
4B,Tm3,0.247,0.9511093754996482
4B,Tm3,0.248,0.9544127436948695
4B,Tm3,0.249,0.9577161118900908
4B,Tm3,0.25,0.9607772266242369
4B,Tm3,0.251,0.9636086850772838
4B,Tm3,0.252,0.9664401435303307
4B,Tm3,0.253,0.969476063904525
4B,Tm3,0.254,0.9727794320997466
4B,Tm3,0.255,0.9760828002949681
4B,Tm3,0.256,0.9792194981089698
4B,Tm3,0.257,0.9820509565620167
4B,Tm3,0.258,0.9848824150150635
4B,Tm3,0.259,0.9874561157855264
4B,Tm3,0.26,0.9893437547542243
4B,Tm3,0.261,0.9912313937229221
4B,Tm3,0.262,0.9930279453902557
4B,Tm3,0.263,0.9944436746167794
4B,Tm3,0.264,0.9958594038433028
4B,Tm3,0.265,0.9971685415469531
4B,Tm3,0.266,0.9976404512891276
4B,Tm3,0.267,0.9981123610313022
4B,Tm3,0.268,0.9985842707734767
4B,Tm3,0.269,0.999056180515651
4B,Tm3,0.27,0.9995280902578255
4B,Tm3,0.271,1.0
4B,Tm3,0.272,0.9991230424709078
4B,Tm3,0.273,0.9981792229865587
4B,Tm3,0.274,0.9972354035022097
4B,Tm3,0.275,0.9967034149016887
4B,Tm3,0.276,0.9962315051595142
4B,Tm3,0.277,0.9957595954173397
4B,Tm3,0.278,0.9949136463312651
4B,Tm3,0.279,0.9939698268469161
4B,Tm3,0.28,0.9930260073625672
4B,Tm3,0.281,0.9914096922702734
4B,Tm3,0.28200000000000003,0.9895220533015754
4B,Tm3,0.28300000000000003,0.9876344143328774
4B,Tm3,0.28400000000000003,0.9857467753641794
4B,Tm3,0.28500000000000003,0.9838591363954815
4B,Tm3,0.28600000000000003,0.9819714974267835
4B,Tm3,0.28700000000000003,0.9800838584580857
4B,Tm3,0.28800000000000003,0.9781962194893877
4B,Tm3,0.289,0.9763085805206899
4B,Tm3,0.29,0.9741980683678028
4B,Tm3,0.291,0.9718385196569302
4B,Tm3,0.292,0.9694789709460577
4B,Tm3,0.293,0.9671194222351852
4B,Tm3,0.294,0.964759873524313
4B,Tm3,0.295,0.9624003248134406
4B,Tm3,0.296,0.9597461958939008
4B,Tm3,0.297,0.9564428276986794
4B,Tm3,0.298,0.953139459503458
4B,Tm3,0.299,0.9498360913082367
4B,Tm3,0.3,0.9465327231130151
4B,Tm3,0.301,0.9432293549177935
4B,Tm3,0.302,0.9398542796980937
4B,Tm3,0.303,0.9360790017606978
4B,Tm3,0.304,0.932303723823302
4B,Tm3,0.305,0.9285623613704568
4B,Tm3,0.306,0.9252589931752354
4B,Tm3,0.307,0.921955624980014
4B,Tm3,0.308,0.9186522567847927
4B,Tm3,0.309,0.9153488885895712
4B,Tm3,0.31,0.9120455203943496
4B,Tm3,0.311,0.908742152199128
4B,Tm3,0.312,0.9041480575632979
4B,Tm3,0.313,0.8994289601415532
4B,Tm3,0.314,0.8947098627198085
4B,Tm3,0.315,0.8903832159050055
4B,Tm3,0.316,0.8861360282254352
4B,Tm3,0.317,0.8818888405458649
4B,Tm3,0.318,0.8779963119333085
4B,Tm3,0.319,0.8742210339959124
4B,Tm3,0.32,0.8704457560585164
4B,Tm3,0.321,0.866353610594034
4B,Tm3,0.322,0.8621064229144637
4B,Tm3,0.323,0.8578592352348935
4B,Tm3,0.324,0.8536120475553232
4B,Tm3,0.325,0.8493648598757529
4B,Tm3,0.326,0.8451176721961827
4B,Tm3,0.327,0.8406292000693814
4B,Tm3,0.328,0.8359101026476362
4B,Tm3,0.329,0.8311910052258912
4B,Tm3,0.33,0.8262684148968429
4B,Tm3,0.331,0.8210774077329237
4B,Tm3,0.332,0.8158864005690044
4B,Tm3,0.333,0.8108610947724607
4B,Tm3,0.334,0.8061419973507159
4B,Tm3,0.335,0.8014228999289711
4B,Tm3,0.336,0.7967038025072263
4B,Tm3,0.337,0.7919847050854812
4B,Tm3,0.338,0.7872656076637361
4B,Tm3,0.339,0.782456391954471
4B,Tm3,0.34,0.7772653847905517
4B,Tm3,0.341,0.7720743776266327
4B,Tm3,0.342,0.7669356972103056
4B,Tm3,0.343,0.7622165997885609
4B,Tm3,0.34400000000000003,0.7574975023668161
4B,Tm3,0.34500000000000003,0.7527784049450714
4B,Tm3,0.34600000000000003,0.7480593075233263
4B,Tm3,0.34700000000000003,0.7433402101015811
4B,Tm3,0.34800000000000003,0.738621112679836
4B,Tm3,0.34900000000000003,0.73345336184818
4B,Tm3,0.35000000000000003,0.7282623546842607
4B,Tm3,0.35100000000000003,0.7230713475203415
4B,Tm3,0.352,0.7178803403564226
4B,Tm3,0.353,0.7126893331925034
4B,Tm3,0.354,0.7074983260285841
4B,Tm3,0.355,0.7023073188646646
4B,Tm3,0.356,0.697116311700745
4B,Tm3,0.357,0.6919253045368253
4B,Tm3,0.358,0.6870695761630341
4B,Tm3,0.359,0.6823504787412894
4B,Tm3,0.36,0.6776313813195446
4B,Tm3,0.361,0.6726147966475995
4B,Tm3,0.362,0.6674237894836802
4B,Tm3,0.363,0.662232782319761
4B,Tm3,0.364,0.6570417751558415
4B,Tm3,0.365,0.651850767991922
4B,Tm3,0.366,0.6466597608280024
4B,Tm3,0.367,0.6414687536640831
4B,Tm3,0.368,0.6362777465001638
4B,Tm3,0.369,0.6310867393362445
4B,Tm3,0.37,0.6260798448027425
4B,Tm3,0.371,0.6213607473809977
4B,Tm3,0.372,0.6166416499592529
4B,Tm3,0.373,0.611922552537508
4B,Tm3,0.374,0.6072034551157635
4B,Tm3,0.375,0.6024843576940186
4B,Tm3,0.376,0.5975482011711505
4B,Tm3,0.377,0.5918852842650564
4B,Tm3,0.378,0.5862223673589623
4B,Tm3,0.379,0.5807716644847702
4B,Tm3,0.38,0.5765244768051999
4B,Tm3,0.381,0.5722772891256297
4B,Tm3,0.382,0.5679971549753532
4B,Tm3,0.383,0.5632780575536084
4B,Tm3,0.384,0.5585589601318636
4B,Tm3,0.385,0.5538398627101188
4B,Tm3,0.386,0.5491207652883738
4B,Tm3,0.387,0.5444016678666287
4B,Tm3,0.388,0.5396825704448835
4B,Tm3,0.389,0.5345341998901135
4B,Tm3,0.39,0.5293431927261942
4B,Tm3,0.391,0.524152185562275
4B,Tm3,0.392,0.5197441415845508
4B,Tm3,0.393,0.5154969539049806
4B,Tm3,0.394,0.5112497662254103
4B,Tm3,0.395,0.5066488884926701
4B,Tm3,0.396,0.501929791070925
4B,Tm3,0.397,0.4972106936491798
4B,Tm3,0.398,0.49312339325391913
4B,Tm3,0.399,0.48934811531652334
4B,Tm3,0.4,0.48557283737912754
4B,Tm3,0.401,0.48124134549510306
4B,Tm3,0.402,0.4765222480733583
4B,Tm3,0.403,0.47180315065161355
4B,Tm3,0.404,0.4673243686632552
4B,Tm3,0.405,0.4630771809836846
4B,Tm3,0.406,0.458829993304114
4B,Tm3,0.40700000000000003,0.45458280562454356
4B,Tm3,0.40800000000000003,0.4503356179449733
4B,Tm3,0.40900000000000003,0.446088430265403
4B,Tm3,0.41000000000000003,0.44200597493936383
4B,Tm3,0.41100000000000003,0.43823069700196804
4B,Tm3,0.41200000000000003,0.4344554190645723
4B,Tm3,0.41300000000000003,0.43068014112717634
4B,Tm3,0.41400000000000003,0.4269048631897803
4B,Tm3,0.41500000000000004,0.4231295852523842
4B,Tm3,0.41600000000000004,0.41926515804131254
4B,Tm3,0.417,0.4150179703617425
4B,Tm3,0.418,0.41077078268217215
4B,Tm3,0.419,0.4065749527363498
4B,Tm3,0.42,0.40279967479895395
4B,Tm3,0.421,0.39902439686155816
4B,Tm3,0.422,0.39524911892416237
4B,Tm3,0.423,0.3914738409867663
4B,Tm3,0.424,0.3876985630493702
4B,Tm3,0.425,0.38392328511197416
4B,Tm3,0.426,0.37970032277851135
4B,Tm3,0.427,0.37545313509894107
4B,Tm3,0.428,0.3712059474193708
4B,Tm3,0.429,0.3681884383082182
4B,Tm3,0.43,0.36535697985517135
4B,Tm3,0.431,0.3625255214021244
4B,Tm3,0.432,0.3589498603166545
4B,Tm3,0.433,0.35517458237925836
4B,Tm3,0.434,0.35139930444186235
4B,Tm3,0.435,0.34795833628075024
4B,Tm3,0.436,0.3446549680855289
4B,Tm3,0.437,0.34135159989030756
4B,Tm3,0.438,0.3380482316950862
4B,Tm3,0.439,0.33474486349986493
4B,Tm3,0.44,0.33144149530464356
4B,Tm3,0.441,0.32787940041299385
4B,Tm3,0.442,0.3241041224755977
4B,Tm3,0.443,0.3203288445382017
4B,Tm3,0.444,0.316995436913807
4B,Tm3,0.445,0.3141639784607601
4B,Tm3,0.446,0.3113325200077132
4B,Tm3,0.447,0.3083179179380935
4B,Tm3,0.448,0.30501454974287223
4B,Tm3,0.449,0.30171118154765086
4B,Tm3,0.45,0.2985531654290746
4B,Tm3,0.451,0.2957217069760275
4B,Tm3,0.452,0.2928902485229805
4B,Tm3,0.453,0.28995122953321606
4B,Tm3,0.454,0.28664786133799475
4B,Tm3,0.455,0.2833444931427734
4B,Tm3,0.456,0.2801108939443417
4B,Tm3,0.457,0.27727943549129486
4B,Tm3,0.458,0.27444797703824797
4B,Tm3,0.459,0.27161651858520114
4B,Tm3,0.46,0.2687850601321541
4B,Tm3,0.461,0.26595360167910703
4B,Tm3,0.462,0.26312214322606
4B,Tm3,0.463,0.26029068477301315
4B,Tm3,0.464,0.25745922631996626
4B,Tm3,0.465,0.2546277678669194
4B,Tm3,0.466,0.25222461353305353
4B,Tm3,0.467,0.24986506482218113
4B,Tm3,0.468,0.24750551611130875
4B,Tm3,0.46900000000000003,0.244755454821183
4B,Tm3,0.47000000000000003,0.24192399636813594
4B,Tm3,0.47100000000000003,0.2390925379150889
4B,Tm3,0.47200000000000003,0.23626107946204197
4B,Tm3,0.47300000000000003,0.23342962100899514
4B,Tm3,0.47400000000000003,0.23059816255594826
4B,Tm3,0.47500000000000003,0.2280816336022992
4B,Tm3,0.47600000000000003,0.22572208489142684
4B,Tm3,0.47700000000000004,0.22336253618055443
4B,Tm3,0.47800000000000004,0.22072584951021193
4B,Tm3,0.47900000000000004,0.21789439105716488
4B,Tm3,0.48,0.21506293260411796
4B,Tm3,0.481,0.21271016699015566
4B,Tm3,0.482,0.2108225280214578
4B,Tm3,0.483,0.20893488905275986
4B,Tm3,0.484,0.20664414032483283
4B,Tm3,0.485,0.203812681871786
4B,Tm3,0.486,0.2009812234187391
4B,Tm3,0.487,0.198313528305379
4B,Tm3,0.488,0.19595397959450647
4B,Tm3,0.489,0.19359443088363393
4B,Tm3,0.49,0.19136085397252056
4B,Tm3,0.491,0.18947321500382266
4B,Tm3,0.492,0.18758557603512474
4B,Tm3,0.493,0.18552157654676407
4B,Tm3,0.494,0.18269011809371724
4B,Tm3,0.495,0.17985865964067038
4B,Tm3,0.496,0.17712797862743077
4B,Tm3,0.497,0.1752403396587327
4B,Tm3,0.498,0.1733527006900347
4B,Tm3,0.499,0.17145246454136068
4B,Tm3,0.5,0.1690929158304883
4B,Tm3,0.501,0.16673336711961592
4B,Tm3,0.502,0.16437381840874352
4B,Tm3,0.503,0.16201426969787117
4B,Tm3,0.504,0.1596547209869988
4B,Tm3,0.505,0.1572951722761264
4B,Tm3,0.506,0.1553445474075488
4B,Tm3,0.507,0.1534569084388508
4B,Tm3,0.508,0.15156926947015273
4B,Tm3,0.509,0.14931049819908757
4B,Tm3,0.51,0.1469509494882152
4B,Tm3,0.511,0.1445914007773428
4B,Tm3,0.512,0.14256519282890992
4B,Tm3,0.513,0.140677553860212
4B,Tm3,0.514,0.1387899148915141
4B,Tm3,0.515,0.13690227592281612
4B,Tm3,0.516,0.13501463695411808
4B,Tm3,0.517,0.13312699798542005
4B,Tm3,0.518,0.1312393590167221
4B,Tm3,0.519,0.1293517200480242
4B,Tm3,0.52,0.12746408107932627
4B,Tm3,0.521,0.12535647596797206
4B,Tm3,0.522,0.12299692725709971
4B,Tm3,0.523,0.12063737854622733
4B,Tm3,0.524,0.11846000443808342
4B,Tm3,0.525,0.11657236546938539
4B,Tm3,0.526,0.11468472650068734
4B,Tm3,0.527,0.11279708753198933
4B,Tm3,0.528,0.11090944856329144
4B,Tm3,0.529,0.10902180959459354
4B,Tm3,0.53,0.10713417062589563
4B,Tm3,0.531,0.10524653165719774
4B,Tm3,0.532,0.10335889268849983
4B,Tm3,0.533,0.10147125371980191
4B,Tm3,0.534,0.09958361475110387
4B,Tm3,0.535,0.09769597578240584
4B,Tm3,0.536,0.0958083368137078
4B,Tm3,0.537,0.09392069784500989
4B,Tm3,0.538,0.092033058876312
4B,Tm3,0.539,0.09014541990761409
4B,Tm3,0.54,0.08825778093891619
4B,Tm3,0.541,0.08637014197021829
4B,Tm3,0.542,0.0844825030015204
4B,Tm3,0.543,0.08216752892748569
4B,Tm3,0.544,0.07980798021661314
4B,Tm3,0.545,0.0774484315057406
4B,Tm3,0.546,0.0746993392294592
4B,Tm3,0.547,0.07186788077641236
4B,Tm3,0.548,0.0690364223233655
4B,Tm3,0.549,0.06690846792128108
4B,Tm3,0.55,0.06502082895258318
4B,Tm3,0.551,0.06313318998388527
4B,Tm3,0.552,0.06187347198629423
4B,Tm3,0.553,0.060929652501945215
4B,Tm3,0.554,0.0599858330175962
4B,Tm3,0.555,0.05848967564199563
4B,Tm3,0.556,0.056602036673297725
4B,Tm3,0.557,0.05471439770459982
4B,Tm3,0.558,0.05306513614159995
4B,Tm3,0.559,0.051649406915076516
4B,Tm3,0.56,0.050233677688553094
4B,Tm3,0.561,0.048617362596259345
4B,Tm3,0.562,0.0467297236275613
4B,Tm3,0.5630000000000001,0.04484208465886327
4B,Tm3,0.5640000000000001,0.04393121164522093
4B,Tm3,0.5650000000000001,0.04487503112956988
4B,Tm3,0.5660000000000001,0.045818850613918834
4B,Tm3,0.5670000000000001,0.046012653382778705
4B,Tm3,0.5680000000000001,0.0441250144140808
4B,Tm3,0.5690000000000001,0.04223737544538291
4B,Tm3,0.5700000000000001,0.04052415896865915
4B,Tm3,0.5710000000000001,0.03958033948431013
4B,Tm3,0.5720000000000001,0.038636519999961115
4B,Tm3,0.5730000000000001,0.037593861103493255
4B,Tm3,0.5740000000000001,0.03570622213479536
4B,Tm3,0.5750000000000001,0.033818583166097455
4B,Tm3,0.5760000000000001,0.031954200529662864
4B,Tm3,0.577,0.031010381045314023
4B,Tm3,0.578,0.03006656156096507
4B,Tm3,0.579,0.029122742076616116
4B,Tm3,0.58,0.02773317622388875
4B,Tm3,0.581,0.026317446997365223
4B,Tm3,0.582,0.024901717770841693
4B,Tm3,0.583,0.023485988544318253
4B,Tm3,0.584,0.022070259317794827
4B,Tm3,0.585,0.0206545300912714
4B,Tm3,0.586,0.019608964153270868
4B,Tm3,0.587,0.01866514466892192
4B,Tm3,0.588,0.017721325184572968
4B,Tm3,0.589,0.01644513395162881
4B,Tm3,0.59,0.015029404725105281
4B,Tm3,0.591,0.013613675498581753
4B,Tm3,0.592,0.012492526480725762
4B,Tm3,0.593,0.011548706996376812
4B,Tm3,0.594,0.01060488751202786
4B,Tm3,0.595,0.009404279358939198
4B,Tm3,0.596,0.00798855013241577
4B,Tm3,0.597,0.006572820905892342
4B,Tm3,0.598,0.0051570916793688675
4B,Tm3,0.599,0.003741362452845339
4B,Tm3,0.6,0.0023256332263218104
4B,Tm3,0.601,0.0010911095886826105
4B,Tm3,0.602,0.0001472901043336592
4B,Tm3,0.603,-0.000796529380015292
4B,Tm3,0.604,-0.0017403488643642432
4B,Tm3,0.605,-0.0026841683487131944
4B,Tm3,0.606,-0.0036279878330621462
4B,Tm3,0.607,-0.004571807317411112
4B,Tm3,0.608,-0.005515626801760131
4B,Tm3,0.609,-0.006459446286109151
4B,Tm3,0.61,-0.007403265770458161
4B,Tm3,0.611,-0.008347085254807112
4B,Tm3,0.612,-0.009290904739156064
4B,Tm3,0.613,-0.010204684794331674
4B,Tm3,0.614,-0.01067659453650615
4B,Tm3,0.615,-0.011148504278680626
4B,Tm3,0.616,-0.011620414020855101
4B,Tm3,0.617,-0.012092323763029609
4B,Tm3,0.618,-0.01256423350520412
4B,Tm3,0.619,-0.01303614324737863
4B,Tm3,0.62,-0.01350805298955311
4B,Tm3,0.621,-0.013979962731727583
4B,Tm3,0.622,-0.014451872473902058
4B,Tm3,0.623,-0.015312356767641165
4B,Tm3,0.624,-0.016256176251990117
4B,Tm3,0.625,-0.01719999573633907
4B,Tm3,0.626,-0.01814381522068807
4B,Tm3,0.627,-0.01908763470503709
4B,Tm3,0.628,-0.02003145418938611
4B,Tm3,0.629,-0.020975273673735084
4B,Tm3,0.63,-0.021919093158084036
4B,Tm3,0.631,-0.022862912642432984
4B,Tm3,0.632,-0.024632331922126275
4B,Tm3,0.633,-0.02699188063299865
4B,Tm3,0.634,-0.02935142934387103
4B,Tm3,0.635,-0.030761344487328694
4B,Tm3,0.636,-0.031233254229503207
4B,Tm3,0.637,-0.03170516397167772
4B,Tm3,0.638,-0.032376690565778236
4B,Tm3,0.639,-0.033320510050127185
4B,Tm3,0.64,-0.03426432953447614
4B,Tm3,0.641,-0.03504632370682683
4B,Tm3,0.642,-0.035518233449001305
4B,Tm3,0.643,-0.03599014319117578
4B,Tm3,0.644,-0.036586086705420774
4B,Tm3,0.645,-0.037529906189769785
4B,Tm3,0.646,-0.03847372567411881
4B,Tm3,0.647,-0.039417545158467814
4B,Tm3,0.648,-0.04036136464281677
4B,Tm3,0.649,-0.04130518412716572
4B,Tm3,0.65,-0.04220055291929959
4B,Tm3,0.651,-0.04267246266147407
4B,Tm3,0.652,-0.043144372403648545
4B,Tm3,0.653,-0.04361628214582303
4B,Tm3,0.654,-0.04408819188799753
4B,Tm3,0.655,-0.04456010163017204
4B,Tm3,0.656,-0.045032011372346546
4B,Tm3,0.657,-0.04594869846905515
4B,Tm3,0.658,-0.04689251795340411
4B,Tm3,0.659,-0.04783633743775306
4B,Tm3,0.66,-0.048373171107495644
4B,Tm3,0.661,-0.04884508084967012
4B,Tm3,0.662,-0.04931699059184459
4B,Tm3,0.663,-0.0497889003340191
4B,Tm3,0.664,-0.05026081007619361
4B,Tm3,0.665,-0.05073271981836812
4B,Tm3,0.666,-0.05021042135628978
4B,Tm3,0.667,-0.049266601871940825
4B,Tm3,0.668,-0.04832278238759188
4B,Tm3,0.669,-0.04825979648771246
4B,Tm3,0.67,-0.048731706229886936
4B,Tm3,0.671,-0.04920361597206141
4B,Tm3,0.672,-0.049675525714235905
4B,Tm3,0.673,-0.050147435456410414
4B,Tm3,0.674,-0.05061934519858492
4B,Tm3,0.675,-0.05130928305572718
4B,Tm3,0.676,-0.052253102540076125
4B,Tm3,0.677,-0.053196922024425074
4B,Tm3,0.678,-0.05378026835869404
4B,Tm3,0.679,-0.05378026835869404
4B,Tm3,0.68,-0.05378026835869404
4B,Tm3,0.681,-0.05406515842891852
4B,Tm3,0.682,-0.05500897791326754
4B,Tm3,0.683,-0.05595279739761656
4B,Tm3,0.684,-0.05700127037715013
4B,Tm3,0.685,-0.05841699960367357
4B,Tm3,0.686,-0.05983272883019699
4B,Tm3,0.687,-0.061047872190949995
4B,Tm3,0.6880000000000001,-0.061047872190949995
4B,Tm3,0.6890000000000001,-0.061047872190949995
4B,Tm3,0.6900000000000001,-0.061106013021608084
4B,Tm3,0.6910000000000001,-0.0620498325059571
4B,Tm3,0.6920000000000001,-0.06299365199030613
4B,Tm3,0.6930000000000001,-0.06393747147465516
4B,Tm3,0.6940000000000001,-0.06441810234142824
4B,Tm3,0.6950000000000001,-0.06489001208360272
4B,Tm3,0.6960000000000001,-0.06536192182577719
4B,Tm3,0.6970000000000001,-0.06711002280089597
4B,Tm3,0.6980000000000001,-0.06899766176959386
4B,Tm3,0.6990000000000001,-0.07088530073829177
4B,Tm3,0.7000000000000001,-0.07199772863154903
4B,Tm3,0.7010000000000001,-0.07294154811589801
4B,Tm3,0.7020000000000001,-0.073885367600247
4B,Tm3,0.7030000000000001,-0.07412955908901071
4B,Tm3,0.704,-0.07412955908901071
4B,Tm3,0.705,-0.07412955908901071
4B,Tm3,0.706,-0.07444158154687558
4B,Tm3,0.707,-0.07491349128905006
4B,Tm3,0.708,-0.07538540103122457
4B,Tm3,0.709,-0.07585731077339905
4B,Tm3,0.71,-0.07632922051557352
4B,Tm3,0.711,-0.07680113025774798
4B,Tm3,0.712,-0.0772730399999225
4B,Tm3,0.713,-0.07774494974209697
4B,Tm3,0.714,-0.07821685948427147
4B,Tm3,0.715,-0.07868876922644596
4B,Tm3,0.716,-0.07916067896862045
4B,Tm3,0.717,-0.07963258871079495
4B,Tm3,0.718,-0.08010449845296944
4B,Tm3,0.719,-0.08057640819514392
4B,Tm3,0.72,-0.08104831793731838
4B,Tm3,0.721,-0.08152022767949288
4B,Tm3,0.722,-0.08199213742166736
4B,Tm3,0.723,-0.08246404716384184
4B,Tm3,0.724,-0.08293595690601634
4B,Tm3,0.725,-0.08340786664819082
4B,Tm3,0.726,-0.08387977639036533
4B,Tm3,0.727,-0.08430420445416904
4B,Tm3,0.728,-0.08430420445416904
4B,Tm3,0.729,-0.08430420445416904
4B,Tm3,0.73,-0.08430420445416904
4B,Tm3,0.731,-0.08430420445416904
4B,Tm3,0.732,-0.08430420445416904
4B,Tm3,0.733,-0.08430420445416904
4B,Tm3,0.734,-0.08474801279485884
4B,Tm3,0.735,-0.08521992253703332
4B,Tm3,0.736,-0.08569183227920782
4B,Tm3,0.737,-0.0861637420213823
4B,Tm3,0.738,-0.08663565176355677
4B,Tm3,0.739,-0.08710756150573126
4B,Tm3,0.74,-0.08721124598707142
4B,Tm3,0.741,-0.08721124598707142
4B,Tm3,0.742,-0.08721124598707142
4B,Tm3,0.743,-0.08721124598707142
4B,Tm3,0.744,-0.08721124598707142
4B,Tm3,0.745,-0.08721124598707142
4B,Tm3,0.746,-0.08779653034902918
4B,Tm3,0.747,-0.08874034983337814
4B,Tm3,0.748,-0.08968416931772707
4B,Tm3,0.749,-0.09011828751997379
4B,Tm3,0.75,-0.09011828751997379
4B,Tm3,0.751,-0.09011828751997379
4B,Tm3,0.752,-0.09011828751997379
4B,Tm3,0.753,-0.09011828751997379
4B,Tm3,0.754,-0.09011828751997379
4B,Tm3,0.755,-0.09011828751997379
4B,Tm3,0.756,-0.09011828751997379
4B,Tm3,0.757,-0.09011828751997379
4B,Tm3,0.758,-0.09040123956250967
4B,Tm3,0.759,-0.09134505904685866
4B,Tm3,0.76,-0.09228887853120765
4B,Tm3,0.761,-0.09302532905287618
4B,Tm3,0.762,-0.09302532905287618
4B,Tm3,0.763,-0.09302532905287618
4B,Tm3,0.764,-0.09302532905287618
4B,Tm3,0.765,-0.09302532905287618
4B,Tm3,0.766,-0.09302532905287618
4B,Tm3,0.767,-0.09305343045436093
4B,Tm3,0.768,-0.09352534019653541
4B,Tm3,0.769,-0.09399724993870992
4B,Tm3,0.77,-0.09446915968088442
4B,Tm3,0.771,-0.09494106942305888
4B,Tm3,0.772,-0.09541297916523336
4B,Tm3,0.773,-0.09588488890740784
4B,Tm3,0.774,-0.09593237058577857
4B,Tm3,0.775,-0.09593237058577857
4B,Tm3,0.776,-0.09593237058577857
4B,Tm3,0.777,-0.09631900710965463
4B,Tm3,0.778,-0.09679091685182911
4B,Tm3,0.779,-0.0972628265940036
4B,Tm3,0.78,-0.09773473633617809
4B,Tm3,0.781,-0.09820664607835256
4B,Tm3,0.782,-0.09867855582052704
4B,Tm3,0.783,-0.09883941211868094
4B,Tm3,0.784,-0.09883941211868094
4B,Tm3,0.785,-0.09883941211868094
4B,Tm3,0.786,-0.09911267402277381
4B,Tm3,0.787,-0.0995845837649483
4B,Tm3,0.788,-0.10005649350712278
4B,Tm3,0.789,-0.10052840324929727
4B,Tm3,0.79,-0.10100031299147176
4B,Tm3,0.791,-0.10147222273364623
4B,Tm3,0.792,-0.10194413247582071
4B,Tm3,0.793,-0.1024160422179952
4B,Tm3,0.794,-0.10288795196016969
4B,Tm3,0.795,-0.10319997441803452
4B,Tm3,0.796,-0.10319997441803452
4B,Tm3,0.797,-0.10319997441803452
4B,Tm3,0.798,-0.10332207016241647
4B,Tm3,0.799,-0.10379397990459095
4B,Tm3,0.8,-0.10426588964676543
4B,Tm3,0.801,-0.1047377993889399
4B,Tm3,0.802,-0.1052097091311144
4B,Tm3,0.803,-0.10568161887328888
4B,Tm3,0.804,-0.10615352861546337
4B,Tm3,0.805,-0.10662543835763787
4B,Tm3,0.806,-0.10709734809981236
4B,Tm3,0.807,-0.10756053671738808
4B,Tm3,0.808,-0.10756053671738808
4B,Tm3,0.809,-0.10756053671738808
4B,Tm3,0.81,-0.10756053671738808
4B,Tm3,0.811,-0.10756053671738808
4B,Tm3,0.812,-0.10756053671738808
4B,Tm3,0.8130000000000001,-0.10756053671738808
4B,Tm3,0.8140000000000001,-0.10756053671738808
4B,Tm3,0.8150000000000001,-0.10756053671738808
4B,Tm3,0.8160000000000001,-0.10756053671738808
4B,Tm3,0.8170000000000001,-0.10792779296437814
4B,Tm3,0.8180000000000001,-0.10839970270655262
4B,Tm3,0.8190000000000001,-0.10887161244872709
4B,Tm3,0.8200000000000001,-0.10934352219090158
4B,Tm3,0.8210000000000001,-0.10981543193307608
4B,Tm3,0.8220000000000001,-0.11028734167525057
4B,Tm3,0.8230000000000001,-0.11046757825029047
4B,Tm3,0.8240000000000001,-0.11046757825029047
4B,Tm3,0.8250000000000001,-0.11046757825029047
4B,Tm3,0.8260000000000001,-0.11046757825029047
4B,Tm3,0.8270000000000001,-0.11046757825029047
4B,Tm3,0.8280000000000001,-0.11046757825029047
4B,Tm3,0.8290000000000001,-0.11046757825029047
4B,Tm3,0.8300000000000001,-0.11046757825029047
4B,Tm3,0.8310000000000001,-0.11046757825029047
4B,Tm3,0.8320000000000001,-0.11046757825029047
4B,Tm3,0.833,-0.11046757825029047
4B,Tm3,0.834,-0.11046757825029047
4B,Tm3,0.835,-0.11046757825029047
4B,Tm3,0.836,-0.11046757825029047
4B,Tm3,0.837,-0.11046757825029047
4B,Tm3,0.838,-0.11046757825029047
4B,Tm3,0.839,-0.11046757825029047
4B,Tm3,0.84,-0.11046757825029047
4B,Tm3,0.841,-0.11046757825029047
4B,Tm3,0.842,-0.11046757825029047
4B,Tm3,0.843,-0.11046757825029047
4B,Tm3,0.844,-0.11046757825029047
4B,Tm3,0.845,-0.11046757825029047
4B,Tm3,0.846,-0.11046757825029047
4B,Tm3,0.847,-0.11046757825029047
4B,Tm3,0.848,-0.11046757825029047
4B,Tm3,0.849,-0.11046757825029047
4B,Tm3,0.85,-0.11046757825029047
4B,Tm3,0.851,-0.11046757825029047
4B,Tm3,0.852,-0.11046757825029047
4B,Tm3,0.853,-0.11046757825029047
4B,Tm3,0.854,-0.11046757825029047
4B,Tm3,0.855,-0.11046757825029047
4B,Tm3,0.856,-0.11046757825029047
4B,Tm3,0.857,-0.11046757825029047
4B,Tm3,0.858,-0.11046757825029047
4B,Tm3,0.859,-0.11046757825029047
4B,Tm3,0.86,-0.11046757825029047
4B,Tm3,0.861,-0.11046757825029047
4B,Tm3,0.862,-0.11046757825029047
4B,Tm3,0.863,-0.11046757825029047
4B,Tm3,0.864,-0.11046757825029047
4B,Tm3,0.865,-0.11046757825029047
4B,Tm3,0.866,-0.11046757825029047
4B,Tm3,0.867,-0.11046757825029047
4B,Tm3,0.868,-0.11046757825029047
4B,Tm3,0.869,-0.11046757825029047
4B,Tm3,0.87,-0.11046757825029047
4B,Tm3,0.871,-0.11046757825029047
4B,Tm3,0.872,-0.11046757825029047
4B,Tm3,0.873,-0.11046757825029047
4B,Tm3,0.874,-0.11046757825029047
4B,Tm3,0.875,-0.11046757825029047
4B,Tm3,0.876,-0.11046757825029047
4B,Tm3,0.877,-0.11046757825029047
4B,Tm3,0.878,-0.11046757825029047
4B,Tm3,0.879,-0.11046757825029047
4B,Tm3,0.88,-0.11046757825029047
4B,Tm3,0.881,-0.11046757825029047
4B,Tm3,0.882,-0.11046757825029047
4B,Tm3,0.883,-0.11046757825029047
4B,Tm3,0.884,-0.11046757825029047
4B,Tm3,0.885,-0.11046757825029047
4B,Tm3,0.886,-0.11046757825029047
4B,Tm3,0.887,-0.11046757825029047
4B,Tm3,0.888,-0.11046757825029047
4B,Tm3,0.889,-0.11046757825029047
4B,Tm3,0.89,-0.11046757825029047
4B,Tm3,0.891,-0.11046757825029047
4B,Tm3,0.892,-0.11046757825029047
4B,Tm3,0.893,-0.11046757825029047
4B,Tm3,0.894,-0.11046757825029047
4B,Tm3,0.895,-0.11046757825029047
4B,Tm3,0.896,-0.11046757825029047
4B,Tm3,0.897,-0.11046757825029047
4B,Tm3,0.898,-0.11046757825029047
4B,Tm3,0.899,-0.11046757825029047
4B,Tm3,0.9,-0.11046757825029047
4B,Tm3,0.901,-0.11046757825029047
4B,Tm3,0.902,-0.11046757825029047
4B,Tm3,0.903,-0.11046757825029047
4B,Tm3,0.904,-0.11046757825029047
4B,Tm3,0.905,-0.11046757825029047
4B,Tm3,0.906,-0.11046757825029047
4B,Tm3,0.907,-0.11046757825029047
4B,Tm3,0.908,-0.11046757825029047
4B,Tm3,0.909,-0.11064490778379757
4B,Tm3,0.91,-0.11111681752597205
4B,Tm3,0.911,-0.11158872726814653
4B,Tm3,0.912,-0.11192109901674166
4B,Tm3,0.913,-0.11192109901674166
4B,Tm3,0.914,-0.11192109901674166
4B,Tm3,0.915,-0.11192109901674166
4B,Tm3,0.916,-0.11192109901674166
4B,Tm3,0.917,-0.11192109901674166
4B,Tm3,0.918,-0.11198505393046558
4B,Tm3,0.919,-0.11245696367264006
4B,Tm3,0.92,-0.11292887341481453
4B,Tm3,0.921,-0.11337461978319284
4B,Tm3,0.922,-0.11337461978319284
4B,Tm3,0.923,-0.11337461978319284
4B,Tm3,0.924,-0.11337461978319284
4B,Tm3,0.925,-0.11337461978319284
4B,Tm3,0.926,-0.11337461978319284
4B,Tm3,0.927,-0.11337461978319284
4B,Tm3,0.928,-0.11337461978319284
4B,Tm3,0.929,-0.11337461978319284
4B,Tm3,0.93,-0.11337461978319284
4B,Tm3,0.931,-0.11337461978319284
4B,Tm3,0.932,-0.11337461978319284
4B,Tm3,0.933,-0.11337461978319284
4B,Tm3,0.934,-0.11337461978319284
4B,Tm3,0.935,-0.11337461978319284
4B,Tm3,0.936,-0.11337461978319284
4B,Tm3,0.937,-0.11306550436686082
4B,Tm3,0.9380000000000001,-0.11259359462468635
4B,Tm3,0.9390000000000001,-0.11212168488251187
4B,Tm3,0.9400000000000001,-0.11219242289314593
4B,Tm3,0.9410000000000001,-0.11266433263532041
4B,Tm3,0.9420000000000001,-0.11313624237749491
4B,Tm3,0.9430000000000001,-0.11337461978319284
4B,Tm3,0.9440000000000001,-0.11337461978319284
4B,Tm3,0.9450000000000001,-0.11337461978319284
4B,Tm3,0.9460000000000001,-0.11337461978319284
4B,Tm3,0.9470000000000001,-0.11337461978319284
4B,Tm3,0.9480000000000001,-0.11337461978319284
4B,Tm3,0.9490000000000001,-0.11337461978319284
4B,Tm3,0.9500000000000001,-0.11337461978319284
4B,Tm3,0.9510000000000001,-0.11337461978319284
4B,Tm3,0.9520000000000001,-0.11337461978319284
4B,Tm3,0.9530000000000001,-0.11337461978319284
4B,Tm3,0.9540000000000001,-0.11337461978319284
4B,Tm3,0.9550000000000001,-0.11337461978319284
4B,Tm3,0.9560000000000001,-0.11337461978319284
4B,Tm3,0.9570000000000001,-0.11337461978319284
4B,Tm3,0.9580000000000001,-0.11337461978319284
4B,Tm3,0.9590000000000001,-0.11337461978319284
4B,Tm3,0.96,-0.11337461978319284
4B,Tm3,0.961,-0.11336783668628271
4B,Tm3,0.962,-0.11289592694410823
4B,Tm3,0.963,-0.11242401720193375
4B,Tm3,0.964,-0.11195210745975924
4B,Tm3,0.965,-0.11192109901674166
4B,Tm3,0.966,-0.11192109901674166
4B,Tm3,0.967,-0.11192109901674166
4B,Tm3,0.968,-0.11151798925751251
4B,Tm3,0.969,-0.11104607951533803
4B,Tm3,0.97,-0.11057416977316353
4B,Tm3,0.971,-0.11046757825029047
4B,Tm3,0.972,-0.11046757825029047
4B,Tm3,0.973,-0.11046757825029047
4B,Tm3,0.974,-0.11046757825029047
4B,Tm3,0.975,-0.11046757825029047
4B,Tm3,0.976,-0.11046757825029047
4B,Tm3,0.977,-0.11046757825029047
4B,Tm3,0.978,-0.11046757825029047
4B,Tm3,0.979,-0.11046757825029047
4B,Tm3,0.98,-0.11046757825029047
4B,Tm3,0.981,-0.11046757825029047
4B,Tm3,0.982,-0.11046757825029047
4B,Tm3,0.983,-0.11046757825029047
4B,Tm3,0.984,-0.11046757825029047
4B,Tm3,0.985,-0.11046757825029047
4B,Tm3,0.986,-0.11046757825029047
4B,Tm3,0.987,-0.11046757825029047
4B,Tm3,0.988,-0.11046757825029047
4B,Tm3,0.989,-0.11046757825029047
4B,Tm3,0.99,-0.11046757825029047
4B,Tm3,0.991,-0.11046757825029047
4B,Tm3,0.992,-0.11046757825029047
4B,Tm3,0.993,-0.11046757825029047
4B,Tm3,0.994,-0.11046757825029047
4B,Tm3,0.995,-0.11046757825029047
4B,Tm3,0.996,-0.11046757825029047
4B,Tm3,0.997,-0.11046757825029047
4B,Tm3,0.998,-0.11046757825029047
4B,Tm3,0.999,-0.11046757825029047
4B,Tm3,1.0,-0.11046757825029047
4B,Tm3,1.0010000000000001,-0.11046757825029047
4B,Tm3,1.002,-0.11046757825029047
4B,Tm3,1.0030000000000001,-0.11046757825029047
4B,Tm3,1.004,-0.11046757825029047
4B,Tm3,1.0050000000000001,-0.11046757825029047
4B,Tm3,1.006,-0.11046757825029047
4B,Tm3,1.0070000000000001,-0.11046757825029047
4B,Tm3,1.008,-0.11046757825029047
4B,Tm3,1.0090000000000001,-0.11046757825029047
4B,Tm3,1.01,-0.11046757825029047
4B,Tm3,1.0110000000000001,-0.11081351619270596
4B,Tm3,1.012,-0.11128542593488039
4B,Tm3,1.0130000000000001,-0.11175733567705491
4B,Tm3,1.014,-0.11222924541922935
4B,Tm3,1.0150000000000001,-0.11270115516140392
4B,Tm3,1.016,-0.11317306490357837
4B,Tm3,1.0170000000000001,-0.11337461978319284
4B,Tm3,1.018,-0.11337461978319284
4B,Tm3,1.0190000000000001,-0.11337461978319284
4B,Tm3,1.02,-0.11337461978319284
4B,Tm3,1.0210000000000001,-0.11337461978319284
4B,Tm3,1.022,-0.11337461978319284
4B,Tm3,1.0230000000000001,-0.11337461978319284
4B,Tm3,1.024,-0.11337461978319284
4B,Tm3,1.025,-0.11337461978319284
4B,Tm3,1.026,-0.11337461978319284
4B,Tm3,1.027,-0.11337461978319284
4B,Tm3,1.028,-0.11337461978319284
4B,Tm3,1.029,-0.11337461978319284
4B,Tm3,1.03,-0.11337461978319284
4B,Tm3,1.031,-0.11337461978319284
4B,Tm3,1.032,-0.11337461978319284
4B,Tm3,1.033,-0.11337461978319284
4B,Tm3,1.034,-0.11337461978319284
4B,Tm3,1.035,-0.11337461978319284
4B,Tm3,1.036,-0.11337461978319284
4B,Tm3,1.037,-0.11337461978319284
4B,Tm3,1.038,-0.11337461978319284
4B,Tm3,1.039,-0.11337461978319284
4B,Tm3,1.04,-0.11337461978319284
4B,Tm3,1.041,-0.11337461978319284
4B,Tm3,1.042,-0.11337461978319284
4B,Tm3,1.043,-0.11337461978319284
4B,Tm3,1.044,-0.11337461978319284
4B,Tm3,1.045,-0.11337461978319284
4B,Tm3,1.046,-0.11337461978319284
4B,Tm3,1.047,-0.11337461978319284
4B,Tm3,1.048,-0.11337461978319284
4B,Tm3,1.049,-0.11337461978319284
4B,Tm3,1.05,-0.11337461978319284
4B,Tm3,1.051,-0.11337461978319284
4B,Tm3,1.052,-0.11337461978319284
4B,Tm3,1.053,-0.11337461978319284
4B,Tm3,1.054,-0.11337461978319284
4B,Tm3,1.055,-0.11337461978319284
4B,Tm3,1.056,-0.11337461978319284
4B,Tm3,1.057,-0.11337461978319284
4B,Tm3,1.058,-0.11337461978319284
4B,Tm3,1.059,-0.11337461978319284
4B,Tm3,1.06,-0.11337461978319284
4B,Tm3,1.061,-0.11337461978319284
4B,Tm3,1.062,-0.11337461978319284
4B,Tm3,1.063,-0.11337461978319284
4B,Tm3,1.064,-0.11337461978319284
4B,Tm3,1.065,-0.11337461978319284
4B,Tm3,1.066,-0.11337461978319284
4B,Tm3,1.067,-0.11337461978319284
4B,Tm3,1.068,-0.11337461978319284
4B,Tm3,1.069,-0.11337461978319284
4B,Tm3,1.07,-0.11337461978319284
4B,Tm3,1.071,-0.11337461978319284
4B,Tm3,1.072,-0.11337461978319284
4B,Tm3,1.073,-0.11337461978319284
4B,Tm3,1.074,-0.11337461978319284
4B,Tm3,1.075,-0.11337461978319284
4B,Tm3,1.076,-0.11337461978319284
4B,Tm3,1.077,-0.11337461978319284
4B,Tm3,1.078,-0.11337461978319284
4B,Tm3,1.079,-0.11337461978319284
4B,Tm3,1.08,-0.11337461978319284
4B,Tm3,1.081,-0.11337461978319284
4B,Tm3,1.082,-0.11337461978319284
4B,Tm3,1.083,-0.11337461978319284
4B,Tm3,1.084,-0.11337461978319284
4B,Tm3,1.085,-0.11337461978319284
4B,Tm3,1.086,-0.11337461978319284
4B,Tm3,1.087,-0.11337461978319284
4B,Tm3,1.088,-0.11337461978319284
4B,Tm3,1.089,-0.11337461978319284
4B,Tm3,1.09,-0.11337461978319284
4B,Tm3,1.091,-0.11337461978319284
4B,Tm3,1.092,-0.11337461978319284
4B,Tm3,1.093,-0.11337461978319284
4B,Tm3,1.094,-0.11337461978319284
4B,Tm3,1.095,-0.11337461978319284
4B,Tm3,1.096,-0.11337461978319284
4B,Tm3,1.097,-0.11337461978319284
4B,Tm3,1.098,-0.11337461978319284
4B,Tm3,1.099,-0.11337461978319284
4B,Tm3,1.1,-0.11337461978319284
4B,Tm3,1.101,-0.11337461978319284
4B,Tm3,1.102,-0.11337461978319284
4B,Tm3,1.103,-0.11337461978319284
4B,Tm3,1.104,-0.11337461978319284
4B,Tm3,1.105,-0.11337461978319284
4B,Tm3,1.106,-0.11337461978319284
4B,Tm3,1.107,-0.11337461978319284
4B,Tm3,1.108,-0.11337461978319284
4B,Tm3,1.109,-0.11337461978319284
4B,Tm3,1.11,-0.11337461978319284
4B,Tm3,1.111,-0.11337461978319284
4B,Tm3,1.112,-0.11337461978319284
4B,Tm3,1.113,-0.11337461978319284
4B,Tm3,1.114,-0.11337461978319284
4B,Tm3,1.115,-0.11337461978319284
4B,Tm3,1.116,-0.11337461978319284
4B,Tm3,1.117,-0.11337461978319284
4B,Tm3,1.118,-0.11337461978319284
4B,Tm3,1.119,-0.11337461978319284
4B,Tm3,1.12,-0.11337461978319284
4B,Tm3,1.121,-0.11337461978319284
4B,Tm3,1.122,-0.11337461978319284
4B,Tm3,1.123,-0.11337461978319284
4B,Tm3,1.124,-0.11337461978319284
4B,Tm3,1.125,-0.11337461978319284
4B,Tm3,1.1260000000000001,-0.11337461978319284
4B,Tm3,1.127,-0.11337461978319284
4B,Tm3,1.1280000000000001,-0.11337461978319284
4B,Tm3,1.129,-0.11337461978319284
4B,Tm3,1.1300000000000001,-0.11337461978319284
4B,Tm3,1.131,-0.11337461978319284
4B,Tm3,1.1320000000000001,-0.11337461978319284
4B,Tm3,1.133,-0.11337461978319284
4B,Tm3,1.1340000000000001,-0.11337461978319284
4B,Tm3,1.135,-0.11337461978319284
4B,Tm3,1.1360000000000001,-0.11337461978319284
4B,Tm3,1.137,-0.11337461978319284
4B,Tm3,1.1380000000000001,-0.11337461978319284
4B,Tm3,1.139,-0.11337461978319284
4B,Tm3,1.1400000000000001,-0.11337461978319284
4B,Tm3,1.141,-0.11337461978319284
4B,Tm3,1.1420000000000001,-0.11337461978319284
4B,Tm3,1.143,-0.11337461978319284
4B,Tm3,1.1440000000000001,-0.11337461978319284
4B,Tm3,1.145,-0.11337461978319284
4B,Tm3,1.1460000000000001,-0.11337461978319284
4B,Tm3,1.147,-0.11337461978319284
4B,Tm3,1.1480000000000001,-0.11337461978319284
4B,Tm3,1.149,-0.11337461978319284
4B,Tm3,1.1500000000000001,-0.11337461978319284
4B,Tm3,1.151,-0.11337461978319284
4B,Tm3,1.1520000000000001,-0.11337461978319284
4B,Tm3,1.153,-0.11337461978319284
4B,Tm3,1.154,-0.11337461978319284
4B,Tm3,1.155,-0.11337461978319284
4B,Tm3,1.156,-0.11337461978319284
4B,Tm3,1.157,-0.11337461978319284
4B,Tm3,1.158,-0.11337461978319284
4B,Tm3,1.159,-0.11337461978319284
4B,Tm3,1.16,-0.11337461978319284
4B,Tm3,1.161,-0.11337461978319284
4B,Tm3,1.162,-0.11337461978319284
4B,Tm3,1.163,-0.11337461978319284
4B,Tm3,1.164,-0.11337461978319284
4B,Tm3,1.165,-0.11371861969791972
4B,Tm3,1.166,-0.11419052944009411
4B,Tm3,1.167,-0.11466243918226861
4B,Tm3,1.168,-0.11513434892444303
4B,Tm3,1.169,-0.1156062586666176
4B,Tm3,1.17,-0.11607816840879205
4B,Tm3,1.171,-0.11628166131609523
4B,Tm3,1.172,-0.11628166131609523
4B,Tm3,1.173,-0.11628166131609523
4B,Tm3,1.174,-0.11628166131609523
4B,Tm3,1.175,-0.11628166131609523
4B,Tm3,1.176,-0.11628166131609523
4B,Tm3,1.177,-0.11628166131609523
4B,Tm3,1.178,-0.11628166131609523
4B,Tm3,1.179,-0.11628166131609523
4B,Tm3,1.18,-0.11628166131609523
4B,Tm3,1.181,-0.11628166131609523
4B,Tm3,1.182,-0.11628166131609523
4B,Tm3,1.183,-0.11639891199125575
4B,Tm3,1.184,-0.11687082173343014
4B,Tm3,1.185,-0.11734273147560463
4B,Tm3,1.186,-0.11781464121777903
4B,Tm3,1.187,-0.1182865509599536
4B,Tm3,1.188,-0.11875846070212806
4B,Tm3,1.189,-0.11918870284899762
4B,Tm3,1.19,-0.11918870284899762
4B,Tm3,1.191,-0.11918870284899762
4B,Tm3,1.192,-0.11918870284899762
4B,Tm3,1.193,-0.11918870284899762
4B,Tm3,1.194,-0.11918870284899762
4B,Tm3,1.195,-0.11918870284899762
4B,Tm3,1.196,-0.11918870284899762
4B,Tm3,1.197,-0.11918870284899762
4B,Tm3,1.198,-0.11918870284899762
4B,Tm3,1.199,-0.11918870284899762
4B,Tm3,1.2,-0.11918870284899762
4B,Tm3,1.201,-0.11918870284899762
4B,Tm3,1.202,-0.11918870284899762
4B,Tm3,1.203,-0.11918870284899762
4B,Tm3,1.204,-0.11918870284899762
4B,Tm3,1.205,-0.11918870284899762
4B,Tm3,1.206,-0.11918870284899762
4B,Tm3,1.207,-0.11918870284899762
4B,Tm3,1.208,-0.11976235904482373
4B,Tm3,1.209,-0.12070617852917277
4B,Tm3,1.21,-0.12164999801352162
4B,Tm3,1.211,-0.12209574438189999
4B,Tm3,1.212,-0.12209574438189999
4B,Tm3,1.213,-0.12209574438189999
4B,Tm3,1.214,-0.12209574438189999
4B,Tm3,1.215,-0.12209574438189999
4B,Tm3,1.216,-0.12209574438189999
4B,Tm3,1.217,-0.12209574438189999
4B,Tm3,1.218,-0.12209574438189999
4B,Tm3,1.219,-0.12209574438189999
4B,Tm3,1.22,-0.12209574438189999
4B,Tm3,1.221,-0.12209574438189999
4B,Tm3,1.222,-0.12209574438189999
4B,Tm3,1.223,-0.12209574438189999
4B,Tm3,1.224,-0.12209574438189999
4B,Tm3,1.225,-0.12209574438189999
4B,Tm3,1.226,-0.1220356655235533
4B,Tm3,1.227,-0.12156375578137878
4B,Tm3,1.228,-0.12109184603920436
4B,Tm3,1.229,-0.12061993629702983
4B,Tm3,1.23,-0.12014802655485537
4B,Tm3,1.231,-0.11967611681268081
4B,Tm3,1.232,-0.11920420707050636
4B,Tm3,1.233,-0.11918870284899762
4B,Tm3,1.234,-0.11918870284899762
4B,Tm3,1.235,-0.11918870284899762
4B,Tm3,1.236,-0.11918870284899762
4B,Tm3,1.237,-0.11918870284899762
4B,Tm3,1.238,-0.11918870284899762
4B,Tm3,1.239,-0.11918870284899762
4B,Tm3,1.24,-0.11918870284899762
4B,Tm3,1.241,-0.11918870284899762
4B,Tm3,1.242,-0.11918870284899762
4B,Tm3,1.243,-0.11918870284899762
4B,Tm3,1.244,-0.11918870284899762
4B,Tm3,1.245,-0.11918870284899762
4B,Tm3,1.246,-0.11918870284899762
4B,Tm3,1.247,-0.11918870284899762
4B,Tm3,1.248,-0.11918870284899762
4B,Tm3,1.249,-0.11918870284899762
4B,Tm3,1.25,-0.11918870284899762
4B,Tm3,1.2510000000000001,-0.11918870284899762
4B,Tm3,1.252,-0.11918870284899762
4B,Tm3,1.2530000000000001,-0.11918870284899762
4B,Tm3,1.254,-0.11918870284899762
4B,Tm3,1.2550000000000001,-0.11918870284899762
4B,Tm3,1.256,-0.11918870284899762
4B,Tm3,1.2570000000000001,-0.11918870284899762
4B,Tm3,1.258,-0.11918870284899762
4B,Tm3,1.2590000000000001,-0.11918870284899762
4B,Tm3,1.26,-0.11918870284899762
4B,Tm3,1.2610000000000001,-0.11918870284899762
4B,Tm3,1.262,-0.11918870284899762
4B,Tm3,1.2630000000000001,-0.11918870284899762
4B,Tm3,1.264,-0.11918870284899762
4B,Tm3,1.2650000000000001,-0.11918870284899762
4B,Tm3,1.266,-0.11914800426753695
4B,Tm3,1.2670000000000001,-0.11867609452536239
4B,Tm3,1.268,-0.11820418478318793
4B,Tm3,1.2690000000000001,-0.11773227504101337
4B,Tm3,1.27,-0.11726036529883896
4B,Tm3,1.2710000000000001,-0.11678845555666442
4B,Tm3,1.272,-0.11631654581449
4B,Tm3,1.2730000000000001,-0.11628166131609523
4B,Tm3,1.274,-0.11628166131609523
4B,Tm3,1.2750000000000001,-0.11628166131609523
4B,Tm3,1.276,-0.11628166131609523
4B,Tm3,1.2770000000000001,-0.11628166131609523
4B,Tm3,1.278,-0.11628166131609523
4B,Tm3,1.2790000000000001,-0.11628166131609523
4B,Tm3,1.28,-0.11628166131609523
4B,Tm3,1.281,-0.11628166131609523
4B,Tm3,1.282,-0.11628166131609523
4B,Tm3,1.283,-0.11628166131609523
4B,Tm3,1.284,-0.11628166131609523
4B,Tm3,1.285,-0.11628166131609523
4B,Tm3,1.286,-0.11628166131609523
4B,Tm3,1.287,-0.11628166131609523
4B,Tm3,1.288,-0.11628166131609523
4B,Tm3,1.289,-0.11628166131609523
4B,Tm3,1.29,-0.11628166131609523
4B,Tm3,1.291,-0.11628166131609523
4B,Tm3,1.292,-0.11628166131609523
4B,Tm3,1.293,-0.11628166131609523
4B,Tm3,1.294,-0.11628166131609523
4B,Tm3,1.295,-0.11628166131609523
4B,Tm3,1.296,-0.11628166131609523
4B,Tm3,1.297,-0.11628166131609523
4B,Tm3,1.298,-0.11628166131609523
4B,Tm3,1.299,-0.11628166131609523
4B,Tm3,1.3,-0.11628166131609523
4B,Tm3,1.301,-0.11628166131609523
4B,Tm3,1.302,-0.11628166131609523
4B,Tm3,1.303,-0.11628166131609523
4B,Tm3,1.304,-0.11628166131609523
4B,Tm3,1.305,-0.11628166131609523
4B,Tm3,1.306,-0.11628166131609523
4B,Tm3,1.307,-0.11628166131609523
4B,Tm3,1.308,-0.11628166131609523
4B,Tm3,1.309,-0.11628166131609523
4B,Tm3,1.31,-0.11628166131609523
4B,Tm3,1.311,-0.11628166131609523
4B,Tm3,1.312,-0.11628166131609523
4B,Tm3,1.313,-0.11628166131609523
4B,Tm3,1.314,-0.11628166131609523
4B,Tm3,1.315,-0.11628166131609523
4B,Tm3,1.316,-0.11628166131609523
4B,Tm3,1.317,-0.11628166131609523
4B,Tm3,1.318,-0.11628166131609523
4B,Tm3,1.319,-0.11628166131609523
4B,Tm3,1.32,-0.11628166131609523
4B,Tm3,1.321,-0.11628166131609523
4B,Tm3,1.322,-0.11628166131609523
4B,Tm3,1.323,-0.11628166131609523
4B,Tm3,1.324,-0.11628166131609523
4B,Tm3,1.325,-0.11628166131609523
4B,Tm3,1.326,-0.11628166131609523
4B,Tm3,1.327,-0.11628166131609523
4B,Tm3,1.328,-0.11628166131609523
4B,Tm3,1.329,-0.11628166131609523
4B,Tm3,1.33,-0.11628166131609523
4B,Tm3,1.331,-0.11628166131609523
4B,Tm3,1.332,-0.11628166131609523
4B,Tm3,1.333,-0.11628166131609523
4B,Tm3,1.334,-0.11628166131609523
4B,Tm3,1.335,-0.11628166131609523
4B,Tm3,1.336,-0.11628166131609523
4B,Tm3,1.337,-0.1161663486686234
4B,Tm3,1.338,-0.11569443892644887
4B,Tm3,1.339,-0.11522252918427445
4B,Tm3,1.34,-0.1147506194420999
4B,Tm3,1.341,-0.11427870969992544
4B,Tm3,1.342,-0.11380679995775089
4B,Tm3,1.343,-0.11337461978319284
4B,Tm3,1.344,-0.11337461978319284
4B,Tm3,1.345,-0.11337461978319284
4B,Tm3,1.346,-0.11337461978319284
4B,Tm3,1.347,-0.11337461978319284
4B,Tm3,1.348,-0.11337461978319284
4B,Tm3,1.349,-0.11337461978319284
4B,Tm3,1.35,-0.11337461978319284
4B,Tm3,1.351,-0.11337461978319284
4B,Tm3,1.352,-0.11337461978319284
4B,Tm3,1.353,-0.11337461978319284
4B,Tm3,1.354,-0.11337461978319284
4B,Tm3,1.355,-0.11337461978319284
4B,Tm3,1.356,-0.11337461978319284
4B,Tm3,1.357,-0.11337461978319284
4B,Tm3,1.358,-0.11337461978319284
4B,Tm3,1.359,-0.11337461978319284
4B,Tm3,1.36,-0.11337461978319284
4B,Tm3,1.361,-0.11337461978319284
4B,Tm3,1.362,-0.11337461978319284
4B,Tm3,1.363,-0.11337461978319284
4B,Tm3,1.364,-0.11337461978319284
4B,Tm3,1.365,-0.11337461978319284
4B,Tm3,1.366,-0.11337461978319284
4B,Tm3,1.367,-0.11337461978319284
4B,Tm3,1.368,-0.11337461978319284
4B,Tm3,1.369,-0.11337461978319284
4B,Tm3,1.37,-0.11337461978319284
4B,Tm3,1.371,-0.11337461978319284
4B,Tm3,1.372,-0.11337461978319284
4B,Tm3,1.373,-0.11337461978319284
4B,Tm3,1.374,-0.11337461978319284
4B,Tm3,1.375,-0.11337461978319284
4B,Tm3,1.3760000000000001,-0.11337461978319284
4B,Tm3,1.377,-0.11337461978319284
4B,Tm3,1.3780000000000001,-0.11337461978319284
4B,Tm3,1.379,-0.11337461978319284
4B,Tm3,1.3800000000000001,-0.11337461978319284
4B,Tm3,1.381,-0.11337461978319284
4B,Tm3,1.3820000000000001,-0.11337461978319284
4B,Tm3,1.383,-0.11337461978319284
4B,Tm3,1.3840000000000001,-0.11337461978319284
4B,Tm3,1.385,-0.11337461978319284
4B,Tm3,1.3860000000000001,-0.11337461978319284
4B,Tm3,1.387,-0.1124656847972386
4B,Tm3,1.3880000000000001,-0.11152186531288948
4B,Tm3,1.389,-0.11057804582854057
4B,Tm3,1.3900000000000001,-0.11046757825029047
4B,Tm3,1.391,-0.11046757825029047
4B,Tm3,1.3920000000000001,-0.11046757825029047
4B,Tm3,1.393,-0.11046757825029047
4B,Tm3,1.3940000000000001,-0.11046757825029047
4B,Tm3,1.395,-0.11046757825029047
4B,Tm3,1.3960000000000001,-0.11046757825029047
4B,Tm3,1.397,-0.11046757825029047
4B,Tm3,1.3980000000000001,-0.11046757825029047
4B,Tm3,1.399,-0.11046757825029047
4B,Tm3,1.4000000000000001,-0.11046757825029047
4B,Tm3,1.401,-0.11046757825029047
4B,Tm3,1.4020000000000001,-0.11046757825029047
4B,Tm3,1.403,-0.11046757825029047
4B,Tm3,1.4040000000000001,-0.11046757825029047
4B,Tm3,1.405,-0.11046757825029047
4B,Tm3,1.4060000000000001,-0.11046757825029047
4B,Tm3,1.407,-0.11046757825029047
4B,Tm3,1.408,-0.11046757825029047
4B,Tm3,1.409,-0.11046757825029047
4B,Tm3,1.41,-0.11046757825029047
4B,Tm3,1.411,-0.11046757825029047
4B,Tm3,1.412,-0.11046757825029047
4B,Tm3,1.413,-0.11046757825029047
4B,Tm3,1.414,-0.11035323461666298
4B,Tm3,1.415,-0.10988132487448841
4B,Tm3,1.416,-0.10940941513231396
4B,Tm3,1.417,-0.1089375053901394
4B,Tm3,1.418,-0.10846559564796497
4B,Tm3,1.419,-0.10799368590579045
4B,Tm3,1.42,-0.10756053671738808
4B,Tm3,1.421,-0.10756053671738808
4B,Tm3,1.422,-0.10756053671738808
4B,Tm3,1.423,-0.10756053671738808
4B,Tm3,1.424,-0.10756053671738808
4B,Tm3,1.425,-0.10756053671738808
4B,Tm3,1.426,-0.10756053671738808
4B,Tm3,1.427,-0.10756053671738808
4B,Tm3,1.428,-0.10756053671738808
4B,Tm3,1.429,-0.10756053671738808
4B,Tm3,1.43,-0.10756053671738808
4B,Tm3,1.431,-0.10756053671738808
4B,Tm3,1.432,-0.10756053671738808
4B,Tm3,1.433,-0.10756053671738808
4B,Tm3,1.434,-0.10756053671738808
4B,Tm3,1.435,-0.10756053671738808
4B,Tm3,1.436,-0.10756053671738808
4B,Tm3,1.437,-0.10756053671738808
4B,Tm3,1.438,-0.10756053671738808
4B,Tm3,1.439,-0.10756053671738808
4B,Tm3,1.44,-0.10756053671738808
4B,Tm3,1.441,-0.10756053671738808
4B,Tm3,1.442,-0.10756053671738808
4B,Tm3,1.443,-0.10756053671738808
4B,Tm3,1.444,-0.10756053671738808
4B,Tm3,1.445,-0.10756053671738808
4B,Tm3,1.446,-0.10756053671738808
4B,Tm3,1.447,-0.10756053671738808
4B,Tm3,1.448,-0.10756053671738808
4B,Tm3,1.449,-0.10756053671738808
4B,Tm3,1.45,-0.10756053671738808
4B,Tm3,1.451,-0.10756053671738808
4B,Tm3,1.452,-0.10756053671738808
4B,Tm3,1.453,-0.10756053671738808
4B,Tm3,1.454,-0.10756053671738808
4B,Tm3,1.455,-0.10756053671738808
4B,Tm3,1.456,-0.10756053671738808
4B,Tm3,1.457,-0.10756053671738808
4B,Tm3,1.458,-0.10756053671738808
4B,Tm3,1.459,-0.10756053671738808
4B,Tm3,1.46,-0.10756053671738808
4B,Tm3,1.461,-0.10756053671738808
4B,Tm3,1.462,-0.10756053671738808
4B,Tm3,1.463,-0.10756053671738808
4B,Tm3,1.464,-0.10756053671738808
4B,Tm3,1.465,-0.10756053671738808
4B,Tm3,1.466,-0.10756053671738808
4B,Tm3,1.467,-0.10756053671738808
4B,Tm3,1.468,-0.10756053671738808
4B,Tm3,1.469,-0.10756053671738808
4B,Tm3,1.47,-0.10756053671738808
4B,Tm3,1.471,-0.10756053671738808
4B,Tm3,1.472,-0.10756053671738808
4B,Tm3,1.473,-0.10756053671738808
4B,Tm3,1.474,-0.10756053671738808
4B,Tm3,1.475,-0.10756053671738808
4B,Tm3,1.476,-0.10756053671738808
4B,Tm3,1.477,-0.10756053671738808
4B,Tm3,1.478,-0.10756053671738808
4B,Tm3,1.479,-0.10756053671738808
4B,Tm3,1.48,-0.10756053671738808
4B,Tm3,1.481,-0.10756053671738808
4B,Tm3,1.482,-0.10756053671738808
4B,Tm3,1.483,-0.10756053671738808
4B,Tm3,1.484,-0.10756053671738808
4B,Tm3,1.485,-0.10756053671738808
4B,Tm3,1.486,-0.10756053671738808
4B,Tm3,1.487,-0.10756053671738808
4B,Tm3,1.488,-0.10756053671738808
4B,Tm3,1.489,-0.10756053671738808
4B,Tm3,1.49,-0.10756053671738808
4B,Tm3,1.491,-0.10756053671738808
4B,Tm3,1.492,-0.10756053671738808
4B,Tm3,1.493,-0.10756053671738808
4B,Tm3,1.494,-0.10756053671738808
4B,Tm3,1.495,-0.10756053671738808
4B,Tm3,1.496,-0.10756053671738808
4B,Tm3,1.497,-0.10756053671738808
4B,Tm3,1.498,-0.10756053671738808
4B,Tm3,1.499,-0.10756053671738808
4B,Tm3,1.5,-0.10756053671738808
4B,Tm3,1.5010000000000001,-0.10756053671738808
4B,Tm3,1.502,-0.10756053671738808
4B,Tm3,1.5030000000000001,-0.10756053671738808
4B,Tm3,1.504,-0.10756053671738808
4B,Tm3,1.5050000000000001,-0.10756053671738808
4B,Tm3,1.506,-0.10756053671738808
4B,Tm3,1.5070000000000001,-0.10716421005506896
4B,Tm3,1.508,-0.10669230031289448
4B,Tm3,1.5090000000000001,-0.10622039057071993
4B,Tm3,1.51,-0.1057484808285455
4B,Tm3,1.5110000000000001,-0.10527657108637098
4B,Tm3,1.512,-0.10480466134419655
4B,Tm3,1.5130000000000001,-0.1046534951844857
4B,Tm3,1.514,-0.1046534951844857
4B,Tm3,1.5150000000000001,-0.1046534951844857
4B,Tm3,1.516,-0.1046534951844857
4B,Tm3,1.5170000000000001,-0.1046534951844857
4B,Tm3,1.518,-0.1046534951844857
4B,Tm3,1.5190000000000001,-0.1046534951844857
4B,Tm3,1.52,-0.1046534951844857
4B,Tm3,1.5210000000000001,-0.1046534951844857
4B,Tm3,1.522,-0.1046534951844857
4B,Tm3,1.5230000000000001,-0.1046534951844857
4B,Tm3,1.524,-0.1046534951844857
4B,Tm3,1.5250000000000001,-0.10448391776173296
4B,Tm3,1.526,-0.1040120080195585
4B,Tm3,1.5270000000000001,-0.10354009827738395
4B,Tm3,1.528,-0.10306818853520949
4B,Tm3,1.5290000000000001,-0.10259627879303496
4B,Tm3,1.53,-0.10212436905086053
4B,Tm3,1.5310000000000001,-0.10174645365158333
4B,Tm3,1.532,-0.10174645365158333
4B,Tm3,1.5330000000000001,-0.10174645365158333
4B,Tm3,1.534,-0.10174645365158333
4B,Tm3,1.5350000000000001,-0.10174645365158333
4B,Tm3,1.536,-0.10174645365158333
4B,Tm3,1.537,-0.10172804238854163
4B,Tm3,1.538,-0.10125613264636707
4B,Tm3,1.539,-0.10078422290419262
4B,Tm3,1.54,-0.10031231316201807
4B,Tm3,1.541,-0.09984040341984364
4B,Tm3,1.542,-0.0993684936776691
4B,Tm3,1.543,-0.09889658393549468
4B,Tm3,1.544,-0.09883941211868094
4B,Tm3,1.545,-0.09883941211868094
4B,Tm3,1.546,-0.09883941211868094
4B,Tm3,1.547,-0.09846246573324793
4B,Tm3,1.548,-0.09799055599107338
4B,Tm3,1.549,-0.09751864624889893
4B,Tm3,1.55,-0.09704673650672441
4B,Tm3,1.551,-0.09657482676454997
4B,Tm3,1.552,-0.09610291702237544
4B,Tm3,1.553,-0.09593237058577857
4B,Tm3,1.554,-0.09593237058577857
4B,Tm3,1.555,-0.09593237058577857
4B,Tm3,1.556,-0.09593237058577857
4B,Tm3,1.557,-0.09593237058577857
4B,Tm3,1.558,-0.09593237058577857
4B,Tm3,1.559,-0.0954808101343343
4B,Tm3,1.56,-0.09453699064998525
4B,Tm3,1.561,-0.09359317116563641
4B,Tm3,1.562,-0.09302532905287618
4B,Tm3,1.563,-0.09302532905287618
4B,Tm3,1.564,-0.09302532905287618
4B,Tm3,1.565,-0.09287513190700956
4B,Tm3,1.566,-0.09240322216483501
4B,Tm3,1.567,-0.09193131242266055
4B,Tm3,1.568,-0.09145940268048598
4B,Tm3,1.569,-0.09098749293831157
4B,Tm3,1.57,-0.09051558319613705
4B,Tm3,1.571,-0.09011828751997379
4B,Tm3,1.572,-0.09011828751997379
4B,Tm3,1.573,-0.09011828751997379
4B,Tm3,1.574,-0.09008146499389033
4B,Tm3,1.575,-0.08960955525171588
4B,Tm3,1.576,-0.08913764550954131
4B,Tm3,1.577,-0.08866573576736686
4B,Tm3,1.578,-0.08819382602519232
4B,Tm3,1.579,-0.08772191628301791
4B,Tm3,1.58,-0.08725000654084339
4B,Tm3,1.581,-0.08721124598707142
4B,Tm3,1.582,-0.08721124598707142
4B,Tm3,1.583,-0.08721124598707142
4B,Tm3,1.584,-0.08681588833859664
4B,Tm3,1.585,-0.08634397859642218
4B,Tm3,1.586,-0.08587206885424761
4B,Tm3,1.587,-0.08540015911207319
4B,Tm3,1.588,-0.08492824936989865
4B,Tm3,1.589,-0.08445633962772424
4B,Tm3,1.59,-0.08430420445416904
4B,Tm3,1.591,-0.08430420445416904
4B,Tm3,1.592,-0.08430420445416904
4B,Tm3,1.593,-0.08402222142547751
4B,Tm3,1.594,-0.08355031168330293
4B,Tm3,1.595,-0.08307840194112848
4B,Tm3,1.596,-0.08260649219895394
4B,Tm3,1.597,-0.08213458245677951
4B,Tm3,1.598,-0.08166267271460499
4B,Tm3,1.599,-0.08139716292126667
4B,Tm3,1.6,-0.08139716292126667
4B,Tm3,1.601,-0.08139716292126667
4B,Tm3,1.602,-0.08122855451235828
4B,Tm3,1.603,-0.08075664477018381
4B,Tm3,1.604,-0.08028473502800924
4B,Tm3,1.605,-0.0798128252858348
4B,Tm3,1.606,-0.07934091554366027
4B,Tm3,1.607,-0.07886900580148584
4B,Tm3,1.608,-0.07849012138836428
4B,Tm3,1.609,-0.07849012138836428
4B,Tm3,1.61,-0.07849012138836428
4B,Tm3,1.611,-0.07843488759923913
4B,Tm3,1.612,-0.07796297785706456
4B,Tm3,1.613,-0.07749106811489011
4B,Tm3,1.614,-0.07701915837271554
4B,Tm3,1.615,-0.07654724863054113
4B,Tm3,1.616,-0.07607533888836658
4B,Tm3,1.617,-0.07560342914619217
4B,Tm3,1.618,-0.0755830798554619
4B,Tm3,1.619,-0.0755830798554619
4B,Tm3,1.62,-0.0755830798554619
4B,Tm3,1.621,-0.0755830798554619
4B,Tm3,1.622,-0.0755830798554619
4B,Tm3,1.623,-0.0755830798554619
4B,Tm3,1.624,-0.0755830798554619
4B,Tm3,1.625,-0.0755830798554619
4B,Tm3,1.6260000000000001,-0.0755830798554619
4B,Tm3,1.627,-0.0755830798554619
4B,Tm3,1.6280000000000001,-0.0755830798554619
4B,Tm3,1.629,-0.0755830798554619
4B,Tm3,1.6300000000000001,-0.07528268556372857
4B,Tm3,1.631,-0.07481077582155411
4B,Tm3,1.6320000000000001,-0.07433886607937956
4B,Tm3,1.633,-0.07412955908901071
4B,Tm3,1.6340000000000001,-0.07412955908901071
4B,Tm3,1.635,-0.07412955908901071
4B,Tm3,1.6360000000000001,-0.07390474787713283
4B,Tm3,1.637,-0.0734328381349584
4B,Tm3,1.6380000000000001,-0.07296092839278387
4B,Tm3,1.639,-0.07267603832255952
4B,Tm3,1.6400000000000001,-0.07267603832255952
4B,Tm3,1.641,-0.07267603832255952
4B,Tm3,1.6420000000000001,-0.07267603832255952
4B,Tm3,1.643,-0.07267603832255952
4B,Tm3,1.6440000000000001,-0.07267603832255952
4B,Tm3,1.645,-0.07267603832255952
4B,Tm3,1.6460000000000001,-0.07267603832255952
4B,Tm3,1.647,-0.07267603832255952
4B,Tm3,1.6480000000000001,-0.07267603832255952
4B,Tm3,1.649,-0.07267603832255952
4B,Tm3,1.6500000000000001,-0.07267603832255952
4B,Tm3,1.651,-0.07267603832255952
4B,Tm3,1.6520000000000001,-0.07267603832255952
4B,Tm3,1.653,-0.07267603832255952
4B,Tm3,1.6540000000000001,-0.07267603832255952
4B,Tm3,1.655,-0.07314601003704545
4B,Tm3,1.6560000000000001,-0.07361791977922
4B,Tm3,1.657,-0.07408982952139441
4B,Tm3,1.6580000000000001,-0.07456173926356896
4B,Tm3,1.659,-0.07503364900574341
4B,Tm3,1.6600000000000001,-0.07550555874791798
4B,Tm3,1.661,-0.0755830798554619
4B,Tm3,1.6620000000000001,-0.0755830798554619
4B,Tm3,1.663,-0.0755830798554619
4B,Tm3,1.6640000000000001,-0.0755830798554619
4B,Tm3,1.665,-0.0755830798554619
4B,Tm3,1.666,-0.0755830798554619
4B,Tm3,1.667,-0.07526427430068688
4B,Tm3,1.668,-0.07479236455851244
4B,Tm3,1.669,-0.07432045481633787
4B,Tm3,1.67,-0.07384854507416344
4B,Tm3,1.671,-0.0733766353319889
4B,Tm3,1.672,-0.07290472558981449
4B,Tm3,1.673,-0.07267603832255952
4B,Tm3,1.674,-0.07267603832255952
4B,Tm3,1.675,-0.07267603832255952
4B,Tm3,1.676,-0.07267603832255952
4B,Tm3,1.677,-0.07267603832255952
4B,Tm3,1.678,-0.07267603832255952
4B,Tm3,1.679,-0.07267603832255952
4B,Tm3,1.68,-0.07267603832255952
4B,Tm3,1.681,-0.07267603832255952
4B,Tm3,1.682,-0.07267603832255952
4B,Tm3,1.683,-0.07267603832255952
4B,Tm3,1.684,-0.07267603832255952
4B,Tm3,1.685,-0.07267603832255952
4B,Tm3,1.686,-0.07267603832255952
4B,Tm3,1.687,-0.07267603832255952
4B,Tm3,1.688,-0.07267603832255952
4B,Tm3,1.689,-0.07267603832255952
4B,Tm3,1.69,-0.07267603832255952
4B,Tm3,1.691,-0.07265956508720632
4B,Tm3,1.692,-0.07218765534503191
4B,Tm3,1.693,-0.07171574560285739
4B,Tm3,1.694,-0.07124383586068295
4B,Tm3,1.695,-0.07077192611850838
4B,Tm3,1.696,-0.07030001637633393
4B,Tm3,1.697,-0.06982810663415938
4B,Tm3,1.698,-0.06976899678965713
4B,Tm3,1.699,-0.06976899678965713
4B,Tm3,1.7,-0.06976899678965713
4B,Mi4,0.0,0.008645823826929822
4B,Mi4,0.001,0.008645823826929822
4B,Mi4,0.002,0.008645823826929822
4B,Mi4,0.003,0.008645823826929822
4B,Mi4,0.004,0.008645823826929822
4B,Mi4,0.005,0.008645823826929822
4B,Mi4,0.006,0.008645823826929822
4B,Mi4,0.007,0.008645823826929822
4B,Mi4,0.008,0.008645823826929822
4B,Mi4,0.009000000000000001,0.008645823826929822
4B,Mi4,0.01,0.008645823826929822
4B,Mi4,0.011,0.008645823826929822
4B,Mi4,0.012,0.008645823826929822
4B,Mi4,0.013000000000000001,0.008645823826929822
4B,Mi4,0.014,0.008645823826929822
4B,Mi4,0.015,0.008645823826929822
4B,Mi4,0.016,0.008645823826929822
4B,Mi4,0.017,0.008645823826929822
4B,Mi4,0.018000000000000002,0.008645823826929822
4B,Mi4,0.019,0.008645823826929822
4B,Mi4,0.02,0.008645823826929822
4B,Mi4,0.021,0.008645823826929822
4B,Mi4,0.022,0.008645823826929822
4B,Mi4,0.023,0.008645823826929822
4B,Mi4,0.024,0.008645823826929822
4B,Mi4,0.025,0.008645823826929822
4B,Mi4,0.026000000000000002,0.008645823826929822
4B,Mi4,0.027,0.008645823826929822
4B,Mi4,0.028,0.008645823826929822
4B,Mi4,0.029,0.008645823826929822
4B,Mi4,0.03,0.008645823826929822
4B,Mi4,0.031,0.008645823826929822
4B,Mi4,0.032,0.008645823826929822
4B,Mi4,0.033,0.008645823826929822
4B,Mi4,0.034,0.008645823826929822
4B,Mi4,0.035,0.008645823826929822
4B,Mi4,0.036000000000000004,0.008645823826929822
4B,Mi4,0.037,0.008645823826929822
4B,Mi4,0.038,0.008645823826929822
4B,Mi4,0.039,0.008645823826929822
4B,Mi4,0.04,0.008645823826929822
4B,Mi4,0.041,0.008645823826929822
4B,Mi4,0.042,0.008645823826929822
4B,Mi4,0.043000000000000003,0.008645823826929822
4B,Mi4,0.044,0.008645823826929822
4B,Mi4,0.045,0.008645823826929822
4B,Mi4,0.046,0.008645823826929822
4B,Mi4,0.047,0.00901951554567156
4B,Mi4,0.048,0.00948735067941764
4B,Mi4,0.049,0.009955185813163722
4B,Mi4,0.05,0.010423020946909802
4B,Mi4,0.051000000000000004,0.010890856080655882
4B,Mi4,0.052000000000000005,0.011358691214401962
4B,Mi4,0.053,0.011527765102573093
4B,Mi4,0.054,0.011527765102573093
4B,Mi4,0.055,0.011527765102573093
4B,Mi4,0.056,0.011527765102573093
4B,Mi4,0.057,0.011527765102573093
4B,Mi4,0.058,0.011527765102573093
4B,Mi4,0.059000000000000004,0.011527765102573093
4B,Mi4,0.06,0.011527765102573093
4B,Mi4,0.061,0.011527765102573093
4B,Mi4,0.062,0.011527765102573093
4B,Mi4,0.063,0.011527765102573093
4B,Mi4,0.064,0.011527765102573093
4B,Mi4,0.065,0.011676665401814666
4B,Mi4,0.066,0.012144500535560746
4B,Mi4,0.067,0.012612335669306828
4B,Mi4,0.068,0.013080170803052907
4B,Mi4,0.069,0.01354800593679899
4B,Mi4,0.07,0.01401584107054507
4B,Mi4,0.07100000000000001,0.014483676204291156
4B,Mi4,0.07200000000000001,0.014951511338037269
4B,Mi4,0.073,0.015419346471783378
4B,Mi4,0.074,0.01588718160552949
4B,Mi4,0.075,0.01635501673927557
4B,Mi4,0.076,0.01682285187302165
4B,Mi4,0.077,0.017290687006767735
4B,Mi4,0.078,0.017291647653859644
4B,Mi4,0.079,0.017291647653859644
4B,Mi4,0.08,0.017291647653859644
4B,Mi4,0.081,0.018150466154001257
4B,Mi4,0.082,0.019086136421493486
4B,Mi4,0.083,0.020021806688985712
4B,Mi4,0.084,0.020173588929502915
4B,Mi4,0.085,0.020173588929502915
4B,Mi4,0.08600000000000001,0.020173588929502915
4B,Mi4,0.08700000000000001,0.020528067706407003
4B,Mi4,0.088,0.02099590284015308
4B,Mi4,0.089,0.021463737973899163
4B,Mi4,0.09,0.022248586647965977
4B,Mi4,0.091,0.023184256915458206
4B,Mi4,0.092,0.024119927182950435
4B,Mi4,0.093,0.025055597450442623
4B,Mi4,0.094,0.025991267717934783
4B,Mi4,0.095,0.026926937985426946
4B,Mi4,0.096,0.028346774387227117
4B,Mi4,0.097,0.03021811492221144
4B,Mi4,0.098,0.03208945545719576
4B,Mi4,0.099,0.034370031653321385
4B,Mi4,0.1,0.03717704245579807
4B,Mi4,0.101,0.03998405325827476
4B,Mi4,0.10200000000000001,0.042289606278789416
4B,Mi4,0.10300000000000001,0.043693111680027666
4B,Mi4,0.10400000000000001,0.0450966170812659
4B,Mi4,0.105,0.046500122482504125
4B,Mi4,0.106,0.04790362788374237
4B,Mi4,0.107,0.04930713328498061
4B,Mi4,0.108,0.050895082927859936
4B,Mi4,0.109,0.053234258596590506
4B,Mi4,0.11,0.055573434265321076
4B,Mi4,0.111,0.057912609934051625
4B,Mi4,0.112,0.06025178560278203
4B,Mi4,0.113,0.06259096127151244
4B,Mi4,0.114,0.06494742858789668
4B,Mi4,0.115,0.06775443939037316
4B,Mi4,0.116,0.07056145019284964
4B,Mi4,0.117,0.07336846099532612
4B,Mi4,0.11800000000000001,0.07572781025298625
4B,Mi4,0.11900000000000001,0.07806698592171682
4B,Mi4,0.12,0.08040616159044736
4B,Mi4,0.121,0.08315553356741101
4B,Mi4,0.122,0.08596254436988748
4B,Mi4,0.123,0.08876955517236398
4B,Mi4,0.124,0.09157656597484047
4B,Mi4,0.125,0.09438357677731694
4B,Mi4,0.126,0.09719058757979343
4B,Mi4,0.127,0.10066813005240298
4B,Mi4,0.128,0.1044108111223719
4B,Mi4,0.129,0.10815349219234081
4B,Mi4,0.13,0.1121939738607927
4B,Mi4,0.131,0.11640449006450743
4B,Mi4,0.132,0.12061500626822215
4B,Mi4,0.133,0.12456518711003713
4B,Mi4,0.134,0.12830786818000575
4B,Mi4,0.135,0.13205054924997442
4B,Mi4,0.136,0.13601610044525955
4B,Mi4,0.137,0.1402266166489746
4B,Mi4,0.138,0.1444371328526896
4B,Mi4,0.139,0.14846224416767145
4B,Mi4,0.14,0.1522049252376401
4B,Mi4,0.14100000000000001,0.15594760630760876
4B,Mi4,0.14200000000000002,0.15998616668187673
4B,Mi4,0.14300000000000002,0.16466451801933754
4B,Mi4,0.14400000000000002,0.16934286935679835
4B,Mi4,0.145,0.17424216952539165
4B,Mi4,0.146,0.17985619113034504
4B,Mi4,0.147,0.1854702127352984
4B,Mi4,0.148,0.1910842343402517
4B,Mi4,0.149,0.19669825594520465
4B,Mi4,0.15,0.20231227755015765
4B,Mi4,0.151,0.20792629915511063
4B,Mi4,0.152,0.21354032076006357
4B,Mi4,0.153,0.21915434236501655
4B,Mi4,0.154,0.22476836396996952
4B,Mi4,0.155,0.23038238557492288
4B,Mi4,0.156,0.23599640717987624
4B,Mi4,0.157,0.24161042878482963
4B,Mi4,0.158,0.2476528989927616
4B,Mi4,0.159,0.25373475573146065
4B,Mi4,0.16,0.25981661247015975
4B,Mi4,0.161,0.2662894525752543
4B,Mi4,0.162,0.27283914444769947
4B,Mi4,0.163,0.27938883632014455
4B,Mi4,0.164,0.2859385281925901
4B,Mi4,0.165,0.29248822006503566
4B,Mi4,0.166,0.2990379119374813
4B,Mi4,0.167,0.30621970959638434
4B,Mi4,0.168,0.3137050717363216
4B,Mi4,0.169,0.32119043387625895
4B,Mi4,0.17,0.3286757960161962
4B,Mi4,0.171,0.3361611581561335
4B,Mi4,0.17200000000000001,0.3436465202960708
4B,Mi4,0.17300000000000001,0.35113188243600835
4B,Mi4,0.17400000000000002,0.3586172445759462
4B,Mi4,0.17500000000000002,0.366102606715884
4B,Mi4,0.176,0.37379162603930016
4B,Mi4,0.177,0.3817448233129836
4B,Mi4,0.178,0.3896980205866669
4B,Mi4,0.179,0.3978174098072457
4B,Mi4,0.18,0.4062384422146752
4B,Mi4,0.181,0.4146594746221046
4B,Mi4,0.182,0.42308050702953426
4B,Mi4,0.183,0.4315015394369643
4B,Mi4,0.184,0.43992257184439437
4B,Mi4,0.185,0.4483436042518243
4B,Mi4,0.186,0.45676463665925376
4B,Mi4,0.187,0.4651856690666832
4B,Mi4,0.188,0.47355290523696736
4B,Mi4,0.189,0.4815061025106507
4B,Mi4,0.19,0.4894592997843341
4B,Mi4,0.191,0.4974124970580175
4B,Mi4,0.192,0.5053656943317014
4B,Mi4,0.193,0.5133188916053854
4B,Mi4,0.194,0.5212720888790694
4B,Mi4,0.195,0.5292252861527528
4B,Mi4,0.196,0.537178483426436
4B,Mi4,0.197,0.5451316807001195
4B,Mi4,0.198,0.5526756423126615
4B,Mi4,0.199,0.5601610044525989
4B,Mi4,0.2,0.567646366592536
4B,Mi4,0.201,0.5751317287324738
4B,Mi4,0.202,0.5826170908724115
4B,Mi4,0.203,0.5901024530123494
4B,Mi4,0.20400000000000001,0.5975878151522869
4B,Mi4,0.20500000000000002,0.6050731772922242
4B,Mi4,0.20600000000000002,0.6125585394321615
4B,Mi4,0.20700000000000002,0.6203407415234901
4B,Mi4,0.20800000000000002,0.6282939387971733
4B,Mi4,0.209,0.6362471360708565
4B,Mi4,0.21,0.6436815839149245
4B,Mi4,0.211,0.6506991109211162
4B,Mi4,0.212,0.657716637927308
4B,Mi4,0.213,0.6645122554552749
4B,Mi4,0.214,0.67106194732772
4B,Mi4,0.215,0.6776116392001651
4B,Mi4,0.216,0.6841613310726102
4B,Mi4,0.217,0.6907110229450554
4B,Mi4,0.218,0.6972607148175005
4B,Mi4,0.219,0.7038104066899458
4B,Mi4,0.22,0.7103600985623915
4B,Mi4,0.221,0.716909790434837
4B,Mi4,0.222,0.723568996075757
4B,Mi4,0.223,0.7305865230819482
4B,Mi4,0.224,0.7376040500881395
4B,Mi4,0.225,0.7446215770943306
4B,Mi4,0.226,0.7516391041005218
4B,Mi4,0.227,0.758656631106713
4B,Mi4,0.228,0.7656049915222889
4B,Mi4,0.229,0.7716868482609883
4B,Mi4,0.23,0.7777687049996879
4B,Mi4,0.231,0.7838505617383873
4B,Mi4,0.232,0.789467465284616
4B,Mi4,0.233,0.7950814868895688
4B,Mi4,0.234,0.8006955084945219
4B,Mi4,0.23500000000000001,0.8063095300994748
4B,Mi4,0.23600000000000002,0.8119235517044278
4B,Mi4,0.23700000000000002,0.8175375733093808
4B,Mi4,0.23800000000000002,0.8231515949143341
4B,Mi4,0.23900000000000002,0.8287656165192875
4B,Mi4,0.24,0.8343796381242408
4B,Mi4,0.241,0.8399936597291937
4B,Mi4,0.242,0.8456076813341467
4B,Mi4,0.243,0.8512217029390997
4B,Mi4,0.244,0.8565206322979156
4B,Mi4,0.245,0.8616668187691225
4B,Mi4,0.246,0.8668130052403294
4B,Mi4,0.247,0.8711263106828757
4B,Mi4,0.248,0.8748689917528447
4B,Mi4,0.249,0.8786116728228136
4B,Mi4,0.25,0.8825945156657528
4B,Mi4,0.251,0.8868050318694675
4B,Mi4,0.252,0.8910155480731821
4B,Mi4,0.253,0.8952260642768968
4B,Mi4,0.254,0.8994365804806116
4B,Mi4,0.255,0.9036470966843263
4B,Mi4,0.256,0.9078576128880411
4B,Mi4,0.257,0.9120681290917562
4B,Mi4,0.258,0.9162786452954711
4B,Mi4,0.259,0.9202336293727458
4B,Mi4,0.26,0.9235084753089682
4B,Mi4,0.261,0.9267833212451908
4B,Mi4,0.262,0.9300581671814134
4B,Mi4,0.263,0.933333013117636
4B,Mi4,0.264,0.9366078590538586
4B,Mi4,0.265,0.9397770338099743
4B,Mi4,0.266,0.9421162094787049
4B,Mi4,0.267,0.9444553851474354
4B,Mi4,0.268,0.9468099311696361
4B,Mi4,0.269,0.9496169419721127
4B,Mi4,0.27,0.952423952774589
4B,Mi4,0.271,0.9552309635770655
4B,Mi4,0.272,0.9580379743795421
4B,Mi4,0.273,0.9608449851820186
4B,Mi4,0.274,0.963651995984495
4B,Mi4,0.275,0.9660507317729223
4B,Mi4,0.276,0.9683899074416529
4B,Mi4,0.277,0.9707290831103834
4B,Mi4,0.278,0.9726974490016478
4B,Mi4,0.279,0.9745687895366321
4B,Mi4,0.28,0.9764401300716163
4B,Mi4,0.281,0.977978126065718
4B,Mi4,0.28200000000000003,0.9793816314669561
4B,Mi4,0.28300000000000003,0.9807851368681945
4B,Mi4,0.28400000000000003,0.9821886422694327
4B,Mi4,0.28500000000000003,0.9835921476706709
4B,Mi4,0.28600000000000003,0.9849956530719094
4B,Mi4,0.28700000000000003,0.9861407444054316
4B,Mi4,0.28800000000000003,0.9870764146729237
4B,Mi4,0.289,0.9880120849404159
4B,Mi4,0.29,0.9891687040390407
4B,Mi4,0.291,0.9905722094402789
4B,Mi4,0.292,0.9919757148415171
4B,Mi4,0.293,0.9931957366482062
4B,Mi4,0.294,0.9941314069156985
4B,Mi4,0.295,0.9950670771831907
4B,Mi4,0.296,0.9960027474506828
4B,Mi4,0.297,0.996938417718175
4B,Mi4,0.298,0.9978740879856671
4B,Mi4,0.299,0.9985926520103943
4B,Mi4,0.3,0.9985926520103943
4B,Mi4,0.301,0.9985926520103943
4B,Mi4,0.302,0.9986637398951934
4B,Mi4,0.303,0.9991315750289395
4B,Mi4,0.304,0.9995994101626856
4B,Mi4,0.305,1.0
4B,Mi4,0.306,0.999532164866254
4B,Mi4,0.307,0.9990643297325078
4B,Mi4,0.308,0.9985964945987618
4B,Mi4,0.309,0.9976646669196372
4B,Mi4,0.31,0.996728996652145
4B,Mi4,0.311,0.9957933263846529
4B,Mi4,0.312,0.9952841834259558
4B,Mi4,0.313,0.9948163482922098
4B,Mi4,0.314,0.9943485131584636
4B,Mi4,0.315,0.9938806780247175
4B,Mi4,0.316,0.9934128428909713
4B,Mi4,0.317,0.9929450077572253
4B,Mi4,0.318,0.9917739789522223
4B,Mi4,0.319,0.9903704735509841
4B,Mi4,0.32,0.9889669681497458
4B,Mi4,0.321,0.9881917259465977
4B,Mi4,0.322,0.9877238908128516
4B,Mi4,0.323,0.9872560556791055
4B,Mi4,0.324,0.9862348878204358
4B,Mi4,0.325,0.9848313824191975
4B,Mi4,0.326,0.9834278770179594
4B,Mi4,0.327,0.9822635727425995
4B,Mi4,0.328,0.9813279024751073
4B,Mi4,0.329,0.9803922322076152
4B,Mi4,0.33,0.979053090161533
4B,Mi4,0.331,0.9771817496265485
4B,Mi4,0.332,0.975310409091564
4B,Mi4,0.333,0.9734390685565796
4B,Mi4,0.334,0.9715677280215953
4B,Mi4,0.335,0.969696387486611
4B,Mi4,0.336,0.967951852367755
4B,Mi4,0.337,0.9665483469665167
4B,Mi4,0.338,0.9651448415652786
4B,Mi4,0.339,0.9635626558049504
4B,Mi4,0.34,0.9612234801362198
4B,Mi4,0.341,0.9588843044674893
4B,Mi4,0.342,0.956648878684682
4B,Mi4,0.343,0.9552453732834437
4B,Mi4,0.34400000000000003,0.9538418678822055
4B,Mi4,0.34500000000000003,0.952423952774589
4B,Mi4,0.34600000000000003,0.9505526122396046
4B,Mi4,0.34700000000000003,0.9486812717046204
4B,Mi4,0.34800000000000003,0.946809931169636
4B,Mi4,0.34900000000000003,0.9449385906346515
4B,Mi4,0.35000000000000003,0.943067250099667
4B,Mi4,0.35100000000000003,0.9411959095646826
4B,Mi4,0.352,0.9393245690296984
4B,Mi4,0.353,0.9374532284947141
4B,Mi4,0.354,0.9355818879597296
4B,Mi4,0.355,0.9337105474247454
4B,Mi4,0.356,0.9318392068897611
4B,Mi4,0.357,0.9299678663547768
4B,Mi4,0.358,0.9280965258197924
4B,Mi4,0.359,0.9262251852848079
4B,Mi4,0.36,0.9243538447498234
4B,Mi4,0.361,0.9224825042148391
4B,Mi4,0.362,0.9206111636798547
4B,Mi4,0.363,0.9187398231448703
4B,Mi4,0.364,0.9168684826098861
4B,Mi4,0.365,0.9149971420749018
4B,Mi4,0.366,0.9131258015399175
4B,Mi4,0.367,0.9110344728208923
4B,Mi4,0.368,0.9086952971521618
4B,Mi4,0.369,0.9063561214834313
4B,Mi4,0.37,0.9041994687621581
4B,Mi4,0.371,0.9023281282271738
4B,Mi4,0.372,0.9004567876921895
4B,Mi4,0.373,0.8984403894463312
4B,Mi4,0.374,0.8961012137776008
4B,Mi4,0.375,0.8937620381088703
4B,Mi4,0.376,0.8915304549144306
4B,Mi4,0.377,0.8896591143794462
4B,Mi4,0.378,0.8877877738444618
4B,Mi4,0.379,0.8859164333094776
4B,Mi4,0.38,0.8840450927744932
4B,Mi4,0.381,0.8821737522395087
4B,Mi4,0.382,0.8802697497034002
4B,Mi4,0.383,0.8779305740346698
4B,Mi4,0.384,0.8755913983659395
4B,Mi4,0.385,0.873252222697209
4B,Mi4,0.386,0.8713760789267653
4B,Mi4,0.387,0.869504738391781
4B,Mi4,0.388,0.8676333978567966
4B,Mi4,0.389,0.8653364906601089
4B,Mi4,0.39,0.8629973149913783
4B,Mi4,0.391,0.8606581393226478
4B,Mi4,0.392,0.8583189636539174
4B,Mi4,0.393,0.8559797879851869
4B,Mi4,0.394,0.8536406123164565
4B,Mi4,0.395,0.8516520728362627
4B,Mi4,0.396,0.8497807323012784
4B,Mi4,0.397,0.8479093917662941
4B,Mi4,0.398,0.8454117093274032
4B,Mi4,0.399,0.8426046985249265
4B,Mi4,0.4,0.8397976877224499
4B,Mi4,0.401,0.8372663826353431
4B,Mi4,0.402,0.8349272069666128
4B,Mi4,0.403,0.8325880312978824
4B,Mi4,0.404,0.8304870961079385
4B,Mi4,0.405,0.8286157555729542
4B,Mi4,0.406,0.8267444150379699
4B,Mi4,0.40700000000000003,0.8244715240185793
4B,Mi4,0.40800000000000003,0.8216645132161026
4B,Mi4,0.40900000000000003,0.8188575024136259
4B,Mi4,0.41000000000000003,0.816213801616769
4B,Mi4,0.41100000000000003,0.8138746259480387
4B,Mi4,0.41200000000000003,0.8115354502793083
4B,Mi4,0.41300000000000003,0.8091962746105779
4B,Mi4,0.41400000000000003,0.8068570989418474
4B,Mi4,0.41500000000000004,0.8045179232731169
4B,Mi4,0.41600000000000004,0.8020903680719336
4B,Mi4,0.417,0.799283357269457
4B,Mi4,0.418,0.7964763464669803
4B,Mi4,0.419,0.7937711642562431
4B,Mi4,0.42,0.7918998237212588
4B,Mi4,0.421,0.7900284831862744
4B,Mi4,0.422,0.7881302445327174
4B,Mi4,0.423,0.7853232337302409
4B,Mi4,0.424,0.7825162229277645
4B,Mi4,0.425,0.779709212125288
4B,Mi4,0.426,0.7773460202792604
4B,Mi4,0.427,0.7750068446105298
4B,Mi4,0.428,0.7726676689417992
4B,Mi4,0.429,0.7703284932730687
4B,Mi4,0.43,0.7679893176043384
4B,Mi4,0.431,0.765650141935608
4B,Mi4,0.432,0.7633109662668776
4B,Mi4,0.433,0.7609717905981471
4B,Mi4,0.434,0.7586326149294168
4B,Mi4,0.435,0.7562934392606863
4B,Mi4,0.436,0.7539542635919556
4B,Mi4,0.437,0.7516150879232251
4B,Mi4,0.438,0.7492759122544946
4B,Mi4,0.439,0.7469367365857643
4B,Mi4,0.44,0.7445975609170339
4B,Mi4,0.441,0.7425148780218357
4B,Mi4,0.442,0.7406435374868514
4B,Mi4,0.443,0.738772196951867
4B,Mi4,0.444,0.7366818288799338
4B,Mi4,0.445,0.7343426532112033
4B,Mi4,0.446,0.7320034775424727
4B,Mi4,0.447,0.7298458641741077
4B,Mi4,0.448,0.7279745236391234
4B,Mi4,0.449,0.726103183104139
4B,Mi4,0.45,0.7240877455053726
4B,Mi4,0.451,0.7217485698366422
4B,Mi4,0.452,0.7194093941679118
4B,Mi4,0.453,0.7170702184991814
4B,Mi4,0.454,0.7147310428304509
4B,Mi4,0.455,0.7123918671617203
4B,Mi4,0.456,0.7101218580836051
4B,Mi4,0.457,0.7082505175486208
4B,Mi4,0.458,0.7063791770136365
4B,Mi4,0.459,0.7045078364786522
4B,Mi4,0.46,0.7026364959436678
4B,Mi4,0.461,0.7007651554086836
4B,Mi4,0.462,0.6988938148736992
4B,Mi4,0.463,0.6970224743387148
4B,Mi4,0.464,0.6951511338037302
4B,Mi4,0.465,0.6932797932687457
4B,Mi4,0.466,0.6914084527337614
4B,Mi4,0.467,0.6895371121987771
4B,Mi4,0.468,0.6876657716637928
4B,Mi4,0.46900000000000003,0.6857944311288084
4B,Mi4,0.47000000000000003,0.6839230905938241
4B,Mi4,0.47100000000000003,0.6820517500588398
4B,Mi4,0.47200000000000003,0.6801804095238554
4B,Mi4,0.47300000000000003,0.678309068988871
4B,Mi4,0.47400000000000003,0.6764377284538864
4B,Mi4,0.47500000000000003,0.6745663879189021
4B,Mi4,0.47600000000000003,0.6726950473839178
4B,Mi4,0.47700000000000004,0.6708237068489336
4B,Mi4,0.47800000000000004,0.668952366313949
4B,Mi4,0.47900000000000004,0.6670810257789648
4B,Mi4,0.48,0.6652096852439806
4B,Mi4,0.481,0.6633383447089962
4B,Mi4,0.482,0.6614670041740118
4B,Mi4,0.483,0.6595956636390273
4B,Mi4,0.484,0.6577243231040429
4B,Mi4,0.485,0.6558529825690587
4B,Mi4,0.486,0.6539816420340743
4B,Mi4,0.487,0.6521103014990899
4B,Mi4,0.488,0.6502389609641056
4B,Mi4,0.489,0.6483676204291213
4B,Mi4,0.49,0.6464962798941369
4B,Mi4,0.491,0.6446249393591525
4B,Mi4,0.492,0.642753598824168
4B,Mi4,0.493,0.6407948394038224
4B,Mi4,0.494,0.638455663735092
4B,Mi4,0.495,0.6361164880663617
4B,Mi4,0.496,0.633827266046409
4B,Mi4,0.497,0.6319559255114247
4B,Mi4,0.498,0.6300845849764404
4B,Mi4,0.499,0.6282132444414561
4B,Mi4,0.5,0.6263419039064716
4B,Mi4,0.501,0.6244705633714872
4B,Mi4,0.502,0.6225992228365027
4B,Mi4,0.503,0.6207278823015183
4B,Mi4,0.504,0.618856541766534
4B,Mi4,0.505,0.6169852012315498
4B,Mi4,0.506,0.6151138606965654
4B,Mi4,0.507,0.613242520161581
4B,Mi4,0.508,0.6113711796265967
4B,Mi4,0.509,0.6098677669278026
4B,Mi4,0.51,0.6084642615265643
4B,Mi4,0.511,0.607060756125326
4B,Mi4,0.512,0.6053267881244806
4B,Mi4,0.513,0.6034554475894963
4B,Mi4,0.514,0.601584107054512
4B,Mi4,0.515,0.6000057638825514
4B,Mi4,0.516,0.5986022584813131
4B,Mi4,0.517,0.5971987530800749
4B,Mi4,0.518,0.5955397155523964
4B,Mi4,0.519,0.5936683750174119
4B,Mi4,0.52,0.5917970344824274
4B,Mi4,0.521,0.5901437608372999
4B,Mi4,0.522,0.5887402554360618
4B,Mi4,0.523,0.5873367500348236
4B,Mi4,0.524,0.5857526429803116
4B,Mi4,0.525,0.5838813024453272
4B,Mi4,0.526,0.5820099619103429
4B,Mi4,0.527,0.5802817577920488
4B,Mi4,0.528,0.5788782523908106
4B,Mi4,0.529,0.5774747469895721
4B,Mi4,0.53,0.5760712415883339
4B,Mi4,0.531,0.5746677361870955
4B,Mi4,0.532,0.5732642307858574
4B,Mi4,0.533,0.5718607253846192
4B,Mi4,0.534,0.5704572199833808
4B,Mi4,0.535,0.5690537145821427
4B,Mi4,0.536,0.5676809498878445
4B,Mi4,0.537,0.5667452796203524
4B,Mi4,0.538,0.5658096093528601
4B,Mi4,0.539,0.5648739390853679
4B,Mi4,0.54,0.56301604760967
4B,Mi4,0.541,0.5611447070746854
4B,Mi4,0.542,0.5592733665397012
4B,Mi4,0.543,0.5578256713722364
4B,Mi4,0.544,0.5564221659709981
4B,Mi4,0.545,0.5550186605697599
4B,Mi4,0.546,0.5540013352994577
4B,Mi4,0.547,0.5530656650319655
4B,Mi4,0.548,0.5521299947644733
4B,Mi4,0.549,0.5508456096026283
4B,Mi4,0.55,0.5494421042013901
4B,Mi4,0.551,0.5480385988001517
4B,Mi4,0.552,0.5466350933989136
4B,Mi4,0.553,0.5452315879976752
4B,Mi4,0.554,0.543828082596437
4B,Mi4,0.555,0.5426983616163849
4B,Mi4,0.556,0.5417626913488925
4B,Mi4,0.557,0.5408270210814005
4B,Mi4,0.558,0.5396550316293054
4B,Mi4,0.559,0.5382515262280672
4B,Mi4,0.56,0.5368480208268289
4B,Mi4,0.561,0.5354445154255907
4B,Mi4,0.562,0.5340410100243524
4B,Mi4,0.5630000000000001,0.5326375046231142
4B,Mi4,0.5640000000000001,0.531233999221876
4B,Mi4,0.5650000000000001,0.5298304938206376
4B,Mi4,0.5660000000000001,0.5284269884193993
4B,Mi4,0.5670000000000001,0.5271474064930137
4B,Mi4,0.5680000000000001,0.5262117362255214
4B,Mi4,0.5690000000000001,0.5252760659580293
4B,Mi4,0.5700000000000001,0.5242539374522678
4B,Mi4,0.5710000000000001,0.5228504320510297
4B,Mi4,0.5720000000000001,0.5214469266497913
4B,Mi4,0.5730000000000001,0.5200434212485532
4B,Mi4,0.5740000000000001,0.5186399158473147
4B,Mi4,0.5750000000000001,0.5172364104460764
4B,Mi4,0.5760000000000001,0.5158444328099407
4B,Mi4,0.577,0.5149087625424487
4B,Mi4,0.578,0.5139730922749565
4B,Mi4,0.579,0.5130374220074644
4B,Mi4,0.58,0.5112179564154417
4B,Mi4,0.581,0.5093466158804574
4B,Mi4,0.582,0.507475275345473
4B,Mi4,0.583,0.5064127996618523
4B,Mi4,0.584,0.5054771293943601
4B,Mi4,0.585,0.5045414591268679
4B,Mi4,0.586,0.5028718544811785
4B,Mi4,0.587,0.5010005139461942
4B,Mi4,0.588,0.49912917341120994
4B,Mi4,0.589,0.4979168367812559
4B,Mi4,0.59,0.4969811665137638
4B,Mi4,0.591,0.49604549624627164
4B,Mi4,0.592,0.4948177892628476
4B,Mi4,0.593,0.4934142838616093
4B,Mi4,0.594,0.49201077846037095
4B,Mi4,0.595,0.4906072730591327
4B,Mi4,0.596,0.4892037676578944
4B,Mi4,0.597,0.4878002622566562
4B,Mi4,0.598,0.486613863098183
4B,Mi4,0.599,0.48567819283069086
4B,Mi4,0.6,0.4847425225631987
4B,Mi4,0.601,0.4836272112895248
4B,Mi4,0.602,0.48222370588828645
4B,Mi4,0.603,0.4808202004870481
4B,Mi4,0.604,0.4794166950858098
4B,Mi4,0.605,0.4780131896845715
4B,Mi4,0.606,0.4766096842833333
4B,Mi4,0.607,0.4752061788820951
4B,Mi4,0.608,0.47380267348085686
4B,Mi4,0.609,0.47239916807961857
4B,Mi4,0.61,0.47106290797481193
4B,Mi4,0.611,0.47012723770731973
4B,Mi4,0.612,0.4691915674398275
4B,Mi4,0.613,0.4682558971723353
4B,Mi4,0.614,0.4673202269048431
4B,Mi4,0.615,0.46638455663735096
4B,Mi4,0.616,0.4654488863698588
4B,Mi4,0.617,0.4645132161023667
4B,Mi4,0.618,0.4635775458348744
4B,Mi4,0.619,0.4626418755673823
4B,Mi4,0.62,0.4612835205794624
4B,Mi4,0.621,0.45988001517822413
4B,Mi4,0.622,0.45847650977698573
4B,Mi4,0.623,0.45745822385959184
4B,Mi4,0.624,0.45652255359209964
4B,Mi4,0.625,0.4555868833246075
4B,Mi4,0.626,0.4546512130571153
4B,Mi4,0.627,0.45371554278962317
4B,Mi4,0.628,0.452779872522131
4B,Mi4,0.629,0.4518442022546388
4B,Mi4,0.63,0.4509085319871466
4B,Mi4,0.631,0.44997286171965434
4B,Mi4,0.632,0.4490371914521622
4B,Mi4,0.633,0.44810152118467
4B,Mi4,0.634,0.4471658509171778
4B,Mi4,0.635,0.44623018064968567
4B,Mi4,0.636,0.44529451038219353
4B,Mi4,0.637,0.4443588401147014
4B,Mi4,0.638,0.44342316984720914
4B,Mi4,0.639,0.44248749957971695
4B,Mi4,0.64,0.44155182931222475
4B,Mi4,0.641,0.44061615904473256
4B,Mi4,0.642,0.4396804887772403
4B,Mi4,0.643,0.43874481850974817
4B,Mi4,0.644,0.43780914824225603
4B,Mi4,0.645,0.4368734779747639
4B,Mi4,0.646,0.4359378077072717
4B,Mi4,0.647,0.43500213743977945
4B,Mi4,0.648,0.43406646717228725
4B,Mi4,0.649,0.43313079690479506
4B,Mi4,0.65,0.4322431589918969
4B,Mi4,0.651,0.4317753238581509
4B,Mi4,0.652,0.4313074887244048
4B,Mi4,0.653,0.430829086472648
4B,Mi4,0.654,0.42989341620515586
4B,Mi4,0.655,0.42895774593766367
4B,Mi4,0.656,0.42802207567017153
4B,Mi4,0.657,0.4270864054026793
4B,Mi4,0.658,0.4261507351351871
4B,Mi4,0.659,0.42521506486769484
4B,Mi4,0.66,0.42427939460020264
4B,Mi4,0.661,0.4233437243327105
4B,Mi4,0.662,0.42240805406521836
4B,Mi4,0.663,0.42147238379772617
4B,Mi4,0.664,0.42053671353023403
4B,Mi4,0.665,0.4196010432627418
4B,Mi4,0.666,0.4186653729952496
4B,Mi4,0.667,0.4177297027277574
4B,Mi4,0.668,0.4167940324602652
4B,Mi4,0.669,0.416149438261613
4B,Mi4,0.67,0.41568160312786695
4B,Mi4,0.671,0.41521376799412085
4B,Mi4,0.672,0.4144923220281182
4B,Mi4,0.673,0.41355665176062595
4B,Mi4,0.674,0.4126209814931338
4B,Mi4,0.675,0.41168531122564167
4B,Mi4,0.676,0.4107496409581494
4B,Mi4,0.677,0.4098139706906572
4B,Mi4,0.678,0.408878300423165
4B,Mi4,0.679,0.40794263015567284
4B,Mi4,0.68,0.4070069598881807
4B,Mi4,0.681,0.4060712896206885
4B,Mi4,0.682,0.40513561935319636
4B,Mi4,0.683,0.40419994908570417
4B,Mi4,0.684,0.40326427881821203
4B,Mi4,0.685,0.4023286085507198
4B,Mi4,0.686,0.40139293828322753
4B,Mi4,0.687,0.4004572680157353
4B,Mi4,0.6880000000000001,0.39952159774824314
4B,Mi4,0.6890000000000001,0.39858592748075095
4B,Mi4,0.6900000000000001,0.3976502572132588
4B,Mi4,0.6910000000000001,0.39671458694576667
4B,Mi4,0.6920000000000001,0.3957789166782745
4B,Mi4,0.6930000000000001,0.39484324641078233
4B,Mi4,0.6940000000000001,0.3939075761432901
4B,Mi4,0.6950000000000001,0.3929719058757979
4B,Mi4,0.6960000000000001,0.39203623560830564
4B,Mi4,0.6970000000000001,0.39110056534081344
4B,Mi4,0.6980000000000001,0.3901648950733213
4B,Mi4,0.6990000000000001,0.38922922480582917
4B,Mi4,0.7000000000000001,0.388293554538337
4B,Mi4,0.7010000000000001,0.38735788427084483
4B,Mi4,0.7020000000000001,0.3864222140033527
4B,Mi4,0.7030000000000001,0.38583333733602954
4B,Mi4,0.704,0.38536550220228355
4B,Mi4,0.705,0.3848976670685374
4B,Mi4,0.706,0.38412050357120564
4B,Mi4,0.707,0.38318483330371345
4B,Mi4,0.708,0.38224916303622125
4B,Mi4,0.709,0.3815853558957314
4B,Mi4,0.71,0.3811175207619853
4B,Mi4,0.711,0.3806496856282392
4B,Mi4,0.712,0.37994745260407414
4B,Mi4,0.713,0.379011782336582
4B,Mi4,0.714,0.3780761120690898
4B,Mi4,0.715,0.37714044180159767
4B,Mi4,0.716,0.3762047715341055
4B,Mi4,0.717,0.3752691012666133
4B,Mi4,0.718,0.3744928984163733
4B,Mi4,0.719,0.37402506328262725
4B,Mi4,0.72,0.3735572281488811
4B,Mi4,0.721,0.3729673908344661
4B,Mi4,0.722,0.3720317205669739
4B,Mi4,0.723,0.3710960502994818
4B,Mi4,0.724,0.37024491697607514
4B,Mi4,0.725,0.369777081842329
4B,Mi4,0.726,0.36930924670858295
4B,Mi4,0.727,0.3687943398673346
4B,Mi4,0.728,0.3678586695998425
4B,Mi4,0.729,0.3669229993323503
4B,Mi4,0.73,0.3659873290648581
4B,Mi4,0.731,0.3650516587973659
4B,Mi4,0.732,0.36411598852987376
4B,Mi4,0.733,0.3631803182623816
4B,Mi4,0.734,0.3622446479948894
4B,Mi4,0.735,0.3613089777273972
4B,Mi4,0.736,0.360373307459905
4B,Mi4,0.737,0.35943763719241284
4B,Mi4,0.738,0.35850196692492065
4B,Mi4,0.739,0.35756629665742845
4B,Mi4,0.74,0.35663062638993626
4B,Mi4,0.741,0.3556949561224441
4B,Mi4,0.742,0.3547592858549519
4B,Mi4,0.743,0.35415119624579117
4B,Mi4,0.744,0.3536833611120451
4B,Mi4,0.745,0.35321552597829897
4B,Mi4,0.746,0.3527476908445529
4B,Mi4,0.747,0.35227985571080683
4B,Mi4,0.748,0.3518120205770607
4B,Mi4,0.749,0.3510915352581499
4B,Mi4,0.75,0.35015586499065776
4B,Mi4,0.751,0.34922019472316557
4B,Mi4,0.752,0.3482845244556734
4B,Mi4,0.753,0.3473488541881812
4B,Mi4,0.754,0.346413183920689
4B,Mi4,0.755,0.34547751365319684
4B,Mi4,0.756,0.34454184338570465
4B,Mi4,0.757,0.3436061731182124
4B,Mi4,0.758,0.34267050285072026
4B,Mi4,0.759,0.34173483258322807
4B,Mi4,0.76,0.3407991623157359
4B,Mi4,0.761,0.3398634920482438
4B,Mi4,0.762,0.33892782178075154
4B,Mi4,0.763,0.33799215151325934
4B,Mi4,0.764,0.33705648124576715
4B,Mi4,0.765,0.33612081097827495
4B,Mi4,0.766,0.33518514071078276
4B,Mi4,0.767,0.3342773292089551
4B,Mi4,0.768,0.33380949407520905
4B,Mi4,0.769,0.33334165894146295
4B,Mi4,0.77,0.3328738238077169
4B,Mi4,0.771,0.3319477600111435
4B,Mi4,0.772,0.3310120897436513
4B,Mi4,0.773,0.3300764194761592
4B,Mi4,0.774,0.3295615126349109
4B,Mi4,0.775,0.3290936775011648
4B,Mi4,0.776,0.3286258423674187
4B,Mi4,0.777,0.32777470904401207
4B,Mi4,0.778,0.32683903877651993
4B,Mi4,0.779,0.3259033685090277
4B,Mi4,0.78,0.3253135311946127
4B,Mi4,0.781,0.3248456960608666
4B,Mi4,0.782,0.32437786092712056
4B,Mi4,0.783,0.32360165807688057
4B,Mi4,0.784,0.32266598780938843
4B,Mi4,0.785,0.32173031754189624
4B,Mi4,0.786,0.3210655497543145
4B,Mi4,0.787,0.32059771462056846
4B,Mi4,0.788,0.3201298794868223
4B,Mi4,0.789,0.31966204435307627
4B,Mi4,0.79,0.3191942092193301
4B,Mi4,0.791,0.318726374085584
4B,Mi4,0.792,0.31806256694509416
4B,Mi4,0.793,0.317126896677602
4B,Mi4,0.794,0.3161912264101099
4B,Mi4,0.795,0.31557256968293845
4B,Mi4,0.796,0.31557256968293845
4B,Mi4,0.797,0.31557256968293845
4B,Mi4,0.798,0.3153304866157844
4B,Mi4,0.799,0.31439481634829214
4B,Mi4,0.8,0.3134591460808
4B,Mi4,0.801,0.3126070521103015
4B,Mi4,0.802,0.31213921697655544
4B,Mi4,0.803,0.31167138184280935
4B,Mi4,0.804,0.3112035467090633
4B,Mi4,0.805,0.31073571157531715
4B,Mi4,0.806,0.31026787644157106
4B,Mi4,0.807,0.309791395483998
4B,Mi4,0.808,0.3088557252165058
4B,Mi4,0.809,0.30792005494901364
4B,Mi4,0.81,0.30698438468152145
4B,Mi4,0.811,0.3069267458560086
4B,Mi4,0.812,0.3069267458560086
4B,Mi4,0.8130000000000001,0.3069267458560086
4B,Mi4,0.8140000000000001,0.30612364488719607
4B,Mi4,0.8150000000000001,0.3051879746197038
4B,Mi4,0.8160000000000001,0.3042523043522116
4B,Mi4,0.8170000000000001,0.3036807193325424
4B,Mi4,0.8180000000000001,0.3032128841987963
4B,Mi4,0.8190000000000001,0.30274504906505023
4B,Mi4,0.8200000000000001,0.3022772139313041
4B,Mi4,0.8210000000000001,0.301809378797558
4B,Mi4,0.8220000000000001,0.301341543663812
4B,Mi4,0.8230000000000001,0.30058455375540966
4B,Mi4,0.8240000000000001,0.29964888348791746
4B,Mi4,0.8250000000000001,0.29871321322042527
4B,Mi4,0.8260000000000001,0.2982809220290788
4B,Mi4,0.8270000000000001,0.2982809220290788
4B,Mi4,0.8280000000000001,0.2982809220290788
4B,Mi4,0.8290000000000001,0.2978524734260998
4B,Mi4,0.8300000000000001,0.2969168031586076
4B,Mi4,0.8310000000000001,0.29598113289111544
4B,Mi4,0.8320000000000001,0.2950454626236233
4B,Mi4,0.833,0.2941097923561312
4B,Mi4,0.834,0.293174122088639
4B,Mi4,0.835,0.2925170394777923
4B,Mi4,0.836,0.2925170394777923
4B,Mi4,0.837,0.2925170394777923
4B,Mi4,0.838,0.2923133822943135
4B,Mi4,0.839,0.29137771202682133
4B,Mi4,0.84,0.29044204175932914
4B,Mi4,0.841,0.28963509820214894
4B,Mi4,0.842,0.28963509820214894
4B,Mi4,0.843,0.28963509820214894
4B,Mi4,0.844,0.28958130196500365
4B,Mi4,0.845,0.2886456316975115
4B,Mi4,0.846,0.28770996143001926
4B,Mi4,0.847,0.28677429116252706
4B,Mi4,0.848,0.2858386208950349
4B,Mi4,0.849,0.2849029506275428
4B,Mi4,0.85,0.28396728036005064
4B,Mi4,0.851,0.28387121565086243
4B,Mi4,0.852,0.28387121565086243
4B,Mi4,0.853,0.28387121565086243
4B,Mi4,0.854,0.2831065405657251
4B,Mi4,0.855,0.2821708702982329
4B,Mi4,0.856,0.2812352000307407
4B,Mi4,0.857,0.28098927437521914
4B,Mi4,0.858,0.28098927437521914
4B,Mi4,0.859,0.28098927437521914
4B,Mi4,0.86,0.2803744602364153
4B,Mi4,0.861,0.27943878996892313
4B,Mi4,0.862,0.2785031197014309
4B,Mi4,0.863,0.27783739126675727
4B,Mi4,0.864,0.27736955613301123
4B,Mi4,0.865,0.27690172099926513
4B,Mi4,0.866,0.27643388586551904
4B,Mi4,0.867,0.27596605073177294
4B,Mi4,0.868,0.27549821559802684
4B,Mi4,0.869,0.2750303804642808
4B,Mi4,0.87,0.27456254533053465
4B,Mi4,0.871,0.27409471019678855
4B,Mi4,0.872,0.27362687506304245
4B,Mi4,0.873,0.27315903992929635
4B,Mi4,0.874,0.2726912047955503
4B,Mi4,0.875,0.2722233696618042
4B,Mi4,0.876,0.27175553452805806
4B,Mi4,0.877,0.271287699394312
4B,Mi4,0.878,0.2709024799104677
4B,Mi4,0.879,0.2709024799104677
4B,Mi4,0.88,0.2709024799104677
4B,Mi4,0.881,0.27085732949714925
4B,Mi4,0.882,0.2703894943634032
4B,Mi4,0.883,0.2699216592296571
4B,Mi4,0.884,0.269453824095911
4B,Mi4,0.885,0.2689859889621649
4B,Mi4,0.886,0.2685181538284188
4B,Mi4,0.887,0.2680503186946728
4B,Mi4,0.888,0.2675824835609267
4B,Mi4,0.889,0.2671146484271805
4B,Mi4,0.89,0.2666468132934345
4B,Mi4,0.891,0.2661789781596884
4B,Mi4,0.892,0.2657111430259423
4B,Mi4,0.893,0.2652433078921962
4B,Mi4,0.894,0.2647754727584501
4B,Mi4,0.895,0.26430763762470405
4B,Mi4,0.896,0.26383980249095795
4B,Mi4,0.897,0.26369762672135955
4B,Mi4,0.898,0.26369762672135955
4B,Mi4,0.899,0.26369762672135955
4B,Mi4,0.9,0.26312123846623087
4B,Mi4,0.901,0.26218556819873867
4B,Mi4,0.902,0.2612498979312465
4B,Mi4,0.903,0.26081568544571626
4B,Mi4,0.904,0.26081568544571626
4B,Mi4,0.905,0.26081568544571626
4B,Mi4,0.906,0.2603891581369211
4B,Mi4,0.907,0.25945348786942884
4B,Mi4,0.908,0.25851781760193665
4B,Mi4,0.909,0.2579337441700729
4B,Mi4,0.91,0.2579337441700729
4B,Mi4,0.911,0.2579337441700729
4B,Mi4,0.912,0.25765707780761116
4B,Mi4,0.913,0.256721407540119
4B,Mi4,0.914,0.2557857372726268
4B,Mi4,0.915,0.2550518028944297
4B,Mi4,0.916,0.2550518028944297
4B,Mi4,0.917,0.2550518028944297
4B,Mi4,0.918,0.25492499747830133
4B,Mi4,0.919,0.25398932721080913
4B,Mi4,0.92,0.25305365694331694
4B,Mi4,0.921,0.2521179866758248
4B,Mi4,0.922,0.25118231640833255
4B,Mi4,0.923,0.2502466461408404
4B,Mi4,0.924,0.24931097587334827
4B,Mi4,0.925,0.24928792034314315
4B,Mi4,0.926,0.24928792034314315
4B,Mi4,0.927,0.24928792034314315
4B,Mi4,0.928,0.24845023607902278
4B,Mi4,0.929,0.24751456581153058
4B,Mi4,0.93,0.2465788955440384
4B,Mi4,0.931,0.24640597906749986
4B,Mi4,0.932,0.24640597906749986
4B,Mi4,0.933,0.24640597906749986
4B,Mi4,0.934,0.245718155749713
4B,Mi4,0.935,0.24478248548222079
4B,Mi4,0.936,0.24384681521472862
4B,Mi4,0.937,0.2435240377918566
4B,Mi4,0.9380000000000001,0.2435240377918566
4B,Mi4,0.9390000000000001,0.2435240377918566
4B,Mi4,0.9400000000000001,0.2429860754204031
4B,Mi4,0.9410000000000001,0.24205040515291096
4B,Mi4,0.9420000000000001,0.24111473488541882
4B,Mi4,0.9430000000000001,0.24064209651621332
4B,Mi4,0.9440000000000001,0.24064209651621332
4B,Mi4,0.9450000000000001,0.24064209651621332
4B,Mi4,0.9460000000000001,0.2404480458036533
4B,Mi4,0.9470000000000001,0.2399802106699072
4B,Mi4,0.9480000000000001,0.23951237553616114
4B,Mi4,0.9490000000000001,0.23904454040241505
4B,Mi4,0.9500000000000001,0.23857670526866895
4B,Mi4,0.9510000000000001,0.23810887013492288
4B,Mi4,0.9520000000000001,0.23764103500117678
4B,Mi4,0.9530000000000001,0.2371731998674307
4B,Mi4,0.9540000000000001,0.23670536473368461
4B,Mi4,0.9550000000000001,0.23631918460274842
4B,Mi4,0.9560000000000001,0.23631918460274842
4B,Mi4,0.9570000000000001,0.23631918460274842
4B,Mi4,0.9580000000000001,0.23631918460274842
4B,Mi4,0.9590000000000001,0.23631918460274842
4B,Mi4,0.96,0.23631918460274842
4B,Mi4,0.961,0.2363124600731053
4B,Mi4,0.962,0.2358446249393592
4B,Mi4,0.963,0.2353767898056131
4B,Mi4,0.964,0.234908954671867
4B,Mi4,0.965,0.2344411195381209
4B,Mi4,0.966,0.2339732844043748
4B,Mi4,0.967,0.2335054492706287
4B,Mi4,0.968,0.23343724332710514
4B,Mi4,0.969,0.23343724332710514
4B,Mi4,0.97,0.23343724332710514
4B,Mi4,0.971,0.23343724332710514
4B,Mi4,0.972,0.23343724332710514
4B,Mi4,0.973,0.23343724332710514
4B,Mi4,0.974,0.23343724332710514
4B,Mi4,0.975,0.23343724332710514
4B,Mi4,0.976,0.23343724332710514
4B,Mi4,0.977,0.23315000984663267
4B,Mi4,0.978,0.2326821747128866
4B,Mi4,0.979,0.23221433957914053
4B,Mi4,0.98,0.23174650444539446
4B,Mi4,0.981,0.23127866931164834
4B,Mi4,0.982,0.23081083417790224
4B,Mi4,0.983,0.23055530205146188
4B,Mi4,0.984,0.23055530205146188
4B,Mi4,0.985,0.23055530205146188
4B,Mi4,0.986,0.2303804642807395
4B,Mi4,0.987,0.22991262914699342
4B,Mi4,0.988,0.22944479401324736
4B,Mi4,0.989,0.22897695887950126
4B,Mi4,0.99,0.22850912374575516
4B,Mi4,0.991,0.22804128861200906
4B,Mi4,0.992,0.22757345347826297
4B,Mi4,0.993,0.22710561834451684
4B,Mi4,0.994,0.22663778321077077
4B,Mi4,0.995,0.22623239013799695
4B,Mi4,0.996,0.22623239013799695
4B,Mi4,0.997,0.22623239013799695
4B,Mi4,0.998,0.22618243648921918
4B,Mi4,0.999,0.225246766221727
4B,Mi4,1.0,0.22431109595423487
4B,Mi4,1.0010000000000001,0.22337542568674257
4B,Mi4,1.002,0.2233504488623537
4B,Mi4,1.0030000000000001,0.2233504488623537
4B,Mi4,1.004,0.2233504488623537
4B,Mi4,1.0050000000000001,0.22251468589241702
4B,Mi4,1.006,0.22157901562492496
4B,Mi4,1.0070000000000001,0.22064334535743269
4B,Mi4,1.008,0.22046850758671044
4B,Mi4,1.0090000000000001,0.22046850758671044
4B,Mi4,1.01,0.22046850758671044
4B,Mi4,1.0110000000000001,0.21978260556310728
4B,Mi4,1.012,0.21884693529561514
4B,Mi4,1.0130000000000001,0.2179112650281228
4B,Mi4,1.014,0.21758656631106713
4B,Mi4,1.0150000000000001,0.21758656631106713
4B,Mi4,1.016,0.21758656631106713
4B,Mi4,1.0170000000000001,0.21705052523379742
4B,Mi4,1.018,0.21611485496630534
4B,Mi4,1.0190000000000001,0.2151791846988131
4B,Mi4,1.02,0.21470462503542387
4B,Mi4,1.0210000000000001,0.21470462503542387
4B,Mi4,1.022,0.21470462503542387
4B,Mi4,1.0230000000000001,0.2143184449044875
4B,Mi4,1.024,0.21338277463699545
4B,Mi4,1.025,0.2124471043695034
4B,Mi4,1.026,0.21182268375978058
4B,Mi4,1.027,0.21182268375978058
4B,Mi4,1.028,0.21182268375978058
4B,Mi4,1.029,0.21170452416747929
4B,Mi4,1.03,0.21123668903373313
4B,Mi4,1.031,0.21076885389998706
4B,Mi4,1.032,0.21038171312195897
4B,Mi4,1.033,0.21038171312195897
4B,Mi4,1.034,0.21038171312195897
4B,Mi4,1.035,0.21033848400282437
4B,Mi4,1.036,0.20987064886907825
4B,Mi4,1.037,0.20940281373533218
4B,Mi4,1.038,0.20893497860158605
4B,Mi4,1.039,0.20846714346784
4B,Mi4,1.04,0.20799930833409386
4B,Mi4,1.041,0.20753147320034776
4B,Mi4,1.042,0.20749977184631568
4B,Mi4,1.043,0.20749977184631568
4B,Mi4,1.044,0.20749977184631568
4B,Mi4,1.045,0.20749977184631568
4B,Mi4,1.046,0.20749977184631568
4B,Mi4,1.047,0.20749977184631568
4B,Mi4,1.048,0.20749977184631568
4B,Mi4,1.049,0.20749977184631568
4B,Mi4,1.05,0.20749977184631568
4B,Mi4,1.051,0.20685229570638786
4B,Mi4,1.052,0.20591662543889558
4B,Mi4,1.053,0.20498095517140355
4B,Mi4,1.054,0.20461783057067243
4B,Mi4,1.055,0.20461783057067243
4B,Mi4,1.056,0.20461783057067243
4B,Mi4,1.057,0.20461783057067243
4B,Mi4,1.058,0.20461783057067243
4B,Mi4,1.059,0.20461783057067243
4B,Mi4,1.06,0.20461783057067243
4B,Mi4,1.061,0.20461783057067243
4B,Mi4,1.062,0.20461783057067243
4B,Mi4,1.063,0.20461783057067243
4B,Mi4,1.064,0.20461783057067243
4B,Mi4,1.065,0.20461783057067243
4B,Mi4,1.066,0.2044814186836253
4B,Mi4,1.067,0.20401358354987925
4B,Mi4,1.068,0.2035457484161331
4B,Mi4,1.069,0.20307791328238703
4B,Mi4,1.07,0.20261007814864088
4B,Mi4,1.071,0.20214224301489486
4B,Mi4,1.072,0.20173588929502914
4B,Mi4,1.073,0.20173588929502914
4B,Mi4,1.074,0.20173588929502914
4B,Mi4,1.075,0.20173588929502914
4B,Mi4,1.076,0.20173588929502914
4B,Mi4,1.077,0.20173588929502914
4B,Mi4,1.078,0.20173588929502914
4B,Mi4,1.079,0.2012815032205694
4B,Mi4,1.08,0.20081366808682327
4B,Mi4,1.081,0.2003458329530772
4B,Mi4,1.082,0.19987799781933108
4B,Mi4,1.083,0.19941016268558506
4B,Mi4,1.084,0.19894232755183894
4B,Mi4,1.085,0.19847449241809287
4B,Mi4,1.086,0.1980066572843467
4B,Mi4,1.087,0.19753882215060065
4B,Mi4,1.088,0.1970709870168545
4B,Mi4,1.089,0.19660315188310848
4B,Mi4,1.09,0.19613531674936235
4B,Mi4,1.091,0.1959720067437426
4B,Mi4,1.092,0.1959720067437426
4B,Mi4,1.093,0.1959720067437426
4B,Mi4,1.094,0.19570494685219963
4B,Mi4,1.095,0.19523711171845357
4B,Mi4,1.096,0.1947692765847074
4B,Mi4,1.097,0.19430144145096137
4B,Mi4,1.098,0.19383360631721525
4B,Mi4,1.099,0.1933657711834692
4B,Mi4,1.1,0.19289793604972308
4B,Mi4,1.101,0.19243010091597704
4B,Mi4,1.102,0.1919622657822309
4B,Mi4,1.103,0.19149443064848487
4B,Mi4,1.104,0.1910265955147387
4B,Mi4,1.105,0.19055876038099265
4B,Mi4,1.106,0.19020812419245606
4B,Mi4,1.107,0.19020812419245606
4B,Mi4,1.108,0.19020812419245606
4B,Mi4,1.109,0.19012839048382993
4B,Mi4,1.11,0.1896605553500838
4B,Mi4,1.111,0.18919272021633776
4B,Mi4,1.112,0.18872488508259164
4B,Mi4,1.113,0.18825704994884557
4B,Mi4,1.114,0.18778921481509941
4B,Mi4,1.115,0.18732618291681277
4B,Mi4,1.116,0.18732618291681277
4B,Mi4,1.117,0.18732618291681277
4B,Mi4,1.118,0.18732618291681277
4B,Mi4,1.119,0.18732618291681277
4B,Mi4,1.12,0.18732618291681277
4B,Mi4,1.121,0.18732618291681277
4B,Mi4,1.122,0.18692847502077398
4B,Mi4,1.123,0.1864606398870279
4B,Mi4,1.124,0.18599280475328175
4B,Mi4,1.125,0.1855249696195357
4B,Mi4,1.1260000000000001,0.1850571344857896
4B,Mi4,1.127,0.18458929935204352
4B,Mi4,1.1280000000000001,0.1844442416411695
4B,Mi4,1.129,0.1844442416411695
4B,Mi4,1.1300000000000001,0.1844442416411695
4B,Mi4,1.131,0.1844442416411695
4B,Mi4,1.1320000000000001,0.1844442416411695
4B,Mi4,1.133,0.1844442416411695
4B,Mi4,1.1340000000000001,0.1844442416411695
4B,Mi4,1.135,0.1844442416411695
4B,Mi4,1.1360000000000001,0.1844442416411695
4B,Mi4,1.137,0.1844442416411695
4B,Mi4,1.1380000000000001,0.1844442416411695
4B,Mi4,1.139,0.1844442416411695
4B,Mi4,1.1400000000000001,0.1844442416411695
4B,Mi4,1.141,0.1844442416411695
4B,Mi4,1.1420000000000001,0.1844442416411695
4B,Mi4,1.143,0.1844442416411695
4B,Mi4,1.1440000000000001,0.1844442416411695
4B,Mi4,1.145,0.1844442416411695
4B,Mi4,1.1460000000000001,0.1844442416411695
4B,Mi4,1.147,0.1844442416411695
4B,Mi4,1.1480000000000001,0.1844442416411695
4B,Mi4,1.149,0.1844442416411695
4B,Mi4,1.1500000000000001,0.1844442416411695
4B,Mi4,1.151,0.1844442416411695
4B,Mi4,1.1520000000000001,0.1844442416411695
4B,Mi4,1.153,0.1844442416411695
4B,Mi4,1.154,0.1844442416411695
4B,Mi4,1.155,0.1844442416411695
4B,Mi4,1.156,0.1844442416411695
4B,Mi4,1.157,0.1844442416411695
4B,Mi4,1.158,0.1844442416411695
4B,Mi4,1.159,0.1844442416411695
4B,Mi4,1.16,0.1844442416411695
4B,Mi4,1.161,0.1844442416411695
4B,Mi4,1.162,0.1844442416411695
4B,Mi4,1.163,0.1844442416411695
4B,Mi4,1.164,0.1844442416411695
4B,Mi4,1.165,0.1844442416411695
4B,Mi4,1.166,0.1844442416411695
4B,Mi4,1.167,0.1844442416411695
4B,Mi4,1.168,0.18383711267910072
4B,Mi4,1.169,0.1829014424116084
4B,Mi4,1.17,0.18196577214411627
4B,Mi4,1.171,0.18156230036552623
4B,Mi4,1.172,0.18156230036552623
4B,Mi4,1.173,0.18156230036552623
4B,Mi4,1.174,0.18156230036552623
4B,Mi4,1.175,0.18156230036552623
4B,Mi4,1.176,0.18156230036552623
4B,Mi4,1.177,0.18137113159424187
4B,Mi4,1.178,0.18090329646049583
4B,Mi4,1.179,0.18043546132674965
4B,Mi4,1.18,0.1799676261930036
4B,Mi4,1.181,0.17949979105925748
4B,Mi4,1.182,0.17903195592551144
4B,Mi4,1.183,0.17868035908988295
4B,Mi4,1.184,0.17868035908988295
4B,Mi4,1.185,0.17868035908988295
4B,Mi4,1.186,0.17860158602834875
4B,Mi4,1.187,0.1781337508946026
4B,Mi4,1.188,0.17766591576085652
4B,Mi4,1.189,0.17719808062711037
4B,Mi4,1.19,0.17673024549336433
4B,Mi4,1.191,0.1762624103596182
4B,Mi4,1.192,0.1757984178142397
4B,Mi4,1.193,0.1757984178142397
4B,Mi4,1.194,0.1757984178142397
4B,Mi4,1.195,0.1757984178142397
4B,Mi4,1.196,0.17536420532870947
4B,Mi4,1.197,0.17489637019496332
4B,Mi4,1.198,0.17442853506121722
4B,Mi4,1.199,0.1739606999274711
4B,Mi4,1.2,0.17349286479372508
4B,Mi4,1.201,0.17302502965997896
4B,Mi4,1.202,0.1729164765385964
4B,Mi4,1.203,0.1729164765385964
4B,Mi4,1.204,0.1729164765385964
4B,Mi4,1.205,0.17259465976281624
4B,Mi4,1.206,0.17212682462907017
4B,Mi4,1.207,0.171658989495324
4B,Mi4,1.208,0.17119115436157797
4B,Mi4,1.209,0.17072331922783185
4B,Mi4,1.21,0.17025548409408578
4B,Mi4,1.211,0.17003453526295315
4B,Mi4,1.212,0.17003453526295315
4B,Mi4,1.213,0.17003453526295315
4B,Mi4,1.214,0.17003453526295315
4B,Mi4,1.215,0.17003453526295315
4B,Mi4,1.216,0.17003453526295315
4B,Mi4,1.217,0.16986257943350633
4B,Mi4,1.218,0.1693947442997603
4B,Mi4,1.219,0.1689269091660142
4B,Mi4,1.22,0.16845907403226815
4B,Mi4,1.221,0.167991238898522
4B,Mi4,1.222,0.16752340376477598
4B,Mi4,1.223,0.16715259398730986
4B,Mi4,1.224,0.16715259398730986
4B,Mi4,1.225,0.16715259398730986
4B,Mi4,1.226,0.16715259398730986
4B,Mi4,1.227,0.16715259398730986
4B,Mi4,1.228,0.16715259398730986
4B,Mi4,1.229,0.16713049910419653
4B,Mi4,1.23,0.16666266397045051
4B,Mi4,1.231,0.1661948288367044
4B,Mi4,1.232,0.16572699370295835
4B,Mi4,1.233,0.16525915856921217
4B,Mi4,1.234,0.16479132343546612
4B,Mi4,1.235,0.16432348830171994
4B,Mi4,1.236,0.16427065271166658
4B,Mi4,1.237,0.16427065271166658
4B,Mi4,1.238,0.16427065271166658
4B,Mi4,1.239,0.16389311840455728
4B,Mi4,1.24,0.1634252832708112
4B,Mi4,1.241,0.1629574481370651
4B,Mi4,1.242,0.16248961300331904
4B,Mi4,1.243,0.1620217778695729
4B,Mi4,1.244,0.16155394273582682
4B,Mi4,1.245,0.16138871143602332
4B,Mi4,1.246,0.16138871143602332
4B,Mi4,1.247,0.16138871143602332
4B,Mi4,1.248,0.1611235728386641
4B,Mi4,1.249,0.16065573770491798
4B,Mi4,1.25,0.16018790257117196
4B,Mi4,1.2510000000000001,0.15972006743742584
4B,Mi4,1.252,0.15925223230367977
4B,Mi4,1.2530000000000001,0.1587843971699336
4B,Mi4,1.254,0.15831656203618755
4B,Mi4,1.2550000000000001,0.15784872690244142
4B,Mi4,1.256,0.15738089176869538
4B,Mi4,1.2570000000000001,0.1567603137473401
4B,Mi4,1.258,0.15582464347984804
4B,Mi4,1.2590000000000001,0.15488897321235578
4B,Mi4,1.26,0.15418385824691513
4B,Mi4,1.2610000000000001,0.15418385824691513
4B,Mi4,1.262,0.15418385824691513
4B,Mi4,1.2630000000000001,0.15402823341803018
4B,Mi4,1.264,0.15309256315053815
4B,Mi4,1.2650000000000001,0.15215689288304585
4B,Mi4,1.266,0.15130191697127185
4B,Mi4,1.2670000000000001,0.15130191697127185
4B,Mi4,1.268,0.15130191697127185
4B,Mi4,1.2690000000000001,0.1512961530887205
4B,Mi4,1.27,0.15036048282122838
4B,Mi4,1.2710000000000001,0.14942481255373602
4B,Mi4,1.272,0.1484891422862439
4B,Mi4,1.2730000000000001,0.14841997569562856
4B,Mi4,1.274,0.14841997569562856
4B,Mi4,1.2750000000000001,0.14841997569562856
4B,Mi4,1.276,0.14762840249191853
4B,Mi4,1.2770000000000001,0.14669273222442628
4B,Mi4,1.278,0.14575706195693422
4B,Mi4,1.2790000000000001,0.1451797130547136
4B,Mi4,1.28,0.14471187792096754
4B,Mi4,1.281,0.1442440427872215
4B,Mi4,1.282,0.14377620765347532
4B,Mi4,1.283,0.1433083725197293
4B,Mi4,1.284,0.14284053738598318
4B,Mi4,1.285,0.14237270225223717
4B,Mi4,1.286,0.14190486711849104
4B,Mi4,1.287,0.14143703198474497
4B,Mi4,1.288,0.1412151225065204
4B,Mi4,1.289,0.1412151225065204
4B,Mi4,1.29,0.1412151225065204
4B,Mi4,1.291,0.1410066620875822
4B,Mi4,1.292,0.14053882695383607
4B,Mi4,1.293,0.14007099182009006
4B,Mi4,1.294,0.13960315668634393
4B,Mi4,1.295,0.13913532155259786
4B,Mi4,1.296,0.13866748641885174
4B,Mi4,1.297,0.13833318123087715
4B,Mi4,1.298,0.13833318123087715
4B,Mi4,1.299,0.13833318123087715
4B,Mi4,1.3,0.13833318123087715
4B,Mi4,1.301,0.13833318123087715
4B,Mi4,1.302,0.13833318123087715
4B,Mi4,1.303,0.1382745817582724
4B,Mi4,1.304,0.13780674662452627
4B,Mi4,1.305,0.13733891149078023
4B,Mi4,1.306,0.13687107635703408
4B,Mi4,1.307,0.136403241223288
4B,Mi4,1.308,0.13593540608954185
4B,Mi4,1.309,0.1354675709557958
4B,Mi4,1.31,0.13545123995523384
4B,Mi4,1.311,0.13545123995523384
4B,Mi4,1.312,0.13545123995523384
4B,Mi4,1.313,0.13545123995523384
4B,Mi4,1.314,0.13545123995523384
4B,Mi4,1.315,0.13545123995523384
4B,Mi4,1.316,0.13545123995523384
4B,Mi4,1.317,0.13545123995523384
4B,Mi4,1.318,0.13545123995523384
4B,Mi4,1.319,0.13545123995523384
4B,Mi4,1.32,0.13545123995523384
4B,Mi4,1.321,0.13545123995523384
4B,Mi4,1.322,0.13545123995523384
4B,Mi4,1.323,0.13545123995523384
4B,Mi4,1.324,0.13545123995523384
4B,Mi4,1.325,0.13545123995523384
4B,Mi4,1.326,0.13545123995523384
4B,Mi4,1.327,0.13545123995523384
4B,Mi4,1.328,0.13545123995523384
4B,Mi4,1.329,0.13545123995523384
4B,Mi4,1.33,0.13545123995523384
4B,Mi4,1.331,0.13545123995523384
4B,Mi4,1.332,0.13545123995523384
4B,Mi4,1.333,0.13545123995523384
4B,Mi4,1.334,0.13545123995523384
4B,Mi4,1.335,0.13545123995523384
4B,Mi4,1.336,0.13545123995523384
4B,Mi4,1.337,0.13522260594736607
4B,Mi4,1.338,0.1342869356798738
4B,Mi4,1.339,0.13335126541238176
4B,Mi4,1.34,0.13256929867959058
4B,Mi4,1.341,0.13256929867959058
4B,Mi4,1.342,0.13256929867959058
4B,Mi4,1.343,0.13256929867959058
4B,Mi4,1.344,0.13256929867959058
4B,Mi4,1.345,0.13256929867959058
4B,Mi4,1.346,0.13256929867959058
4B,Mi4,1.347,0.13256929867959058
4B,Mi4,1.348,0.13256929867959058
4B,Mi4,1.349,0.13256929867959058
4B,Mi4,1.35,0.13256929867959058
4B,Mi4,1.351,0.13256929867959058
4B,Mi4,1.352,0.13256929867959058
4B,Mi4,1.353,0.13177964677006435
4B,Mi4,1.354,0.13084397650257198
4B,Mi4,1.355,0.12990830623507987
4B,Mi4,1.356,0.1296873574039473
4B,Mi4,1.357,0.1296873574039473
4B,Mi4,1.358,0.1296873574039473
4B,Mi4,1.359,0.1296873574039473
4B,Mi4,1.36,0.1296873574039473
4B,Mi4,1.361,0.1296873574039473
4B,Mi4,1.362,0.1296873574039473
4B,Mi4,1.363,0.1296873574039473
4B,Mi4,1.364,0.1296873574039473
4B,Mi4,1.365,0.12944239239551755
4B,Mi4,1.366,0.12897455726177143
4B,Mi4,1.367,0.1285067221280254
4B,Mi4,1.368,0.1280388869942793
4B,Mi4,1.369,0.12757105186053327
4B,Mi4,1.37,0.12710321672678712
4B,Mi4,1.371,0.12680541612830404
4B,Mi4,1.372,0.12680541612830404
4B,Mi4,1.373,0.12680541612830404
4B,Mi4,1.374,0.12680541612830404
4B,Mi4,1.375,0.12680541612830404
4B,Mi4,1.3760000000000001,0.12680541612830404
4B,Mi4,1.377,0.12661520800411155
4B,Mi4,1.3780000000000001,0.12567953773661927
4B,Mi4,1.379,0.12474386746912722
4B,Mi4,1.3800000000000001,0.12392347485266075
4B,Mi4,1.381,0.12392347485266075
4B,Mi4,1.3820000000000001,0.12392347485266075
4B,Mi4,1.383,0.12392347485266075
4B,Mi4,1.3840000000000001,0.12392347485266075
4B,Mi4,1.385,0.12392347485266075
4B,Mi4,1.3860000000000001,0.12392347485266075
4B,Mi4,1.387,0.12392347485266075
4B,Mi4,1.3880000000000001,0.12392347485266075
4B,Mi4,1.389,0.12392347485266075
4B,Mi4,1.3900000000000001,0.12392347485266075
4B,Mi4,1.391,0.12392347485266075
4B,Mi4,1.3920000000000001,0.12392347485266075
4B,Mi4,1.393,0.12317224882680963
4B,Mi4,1.3940000000000001,0.12223657855931737
4B,Mi4,1.395,0.1213009082918253
4B,Mi4,1.3960000000000001,0.12104153357701748
4B,Mi4,1.397,0.12104153357701748
4B,Mi4,1.3980000000000001,0.12104153357701748
4B,Mi4,1.399,0.12104153357701748
4B,Mi4,1.4000000000000001,0.12104153357701748
4B,Mi4,1.401,0.12104153357701748
4B,Mi4,1.4020000000000001,0.12104153357701748
4B,Mi4,1.403,0.12104153357701748
4B,Mi4,1.4040000000000001,0.12104153357701748
4B,Mi4,1.405,0.12104153357701748
4B,Mi4,1.4060000000000001,0.12104153357701748
4B,Mi4,1.407,0.12104153357701748
4B,Mi4,1.408,0.12085324674700883
4B,Mi4,1.409,0.12038541161326266
4B,Mi4,1.41,0.1199175764795166
4B,Mi4,1.411,0.11944974134577044
4B,Mi4,1.412,0.11898190621202442
4B,Mi4,1.413,0.11851407107827829
4B,Mi4,1.414,0.11815959230137421
4B,Mi4,1.415,0.11815959230137421
4B,Mi4,1.416,0.11815959230137421
4B,Mi4,1.417,0.1180837011811156
4B,Mi4,1.418,0.11761586604736954
4B,Mi4,1.419,0.11714803091362336
4B,Mi4,1.42,0.11671862166355257
4B,Mi4,1.421,0.11671862166355257
4B,Mi4,1.422,0.11671862166355257
4B,Mi4,1.423,0.11671766101646064
4B,Mi4,1.424,0.11624982588271461
4B,Mi4,1.425,0.11578199074896847
4B,Mi4,1.426,0.11531415561522246
4B,Mi4,1.427,0.11484632048147629
4B,Mi4,1.428,0.11437848534773024
4B,Mi4,1.429,0.11391065021398405
4B,Mi4,1.43,0.11344281508023803
4B,Mi4,1.431,0.1129749799464919
4B,Mi4,1.432,0.11250714481274587
4B,Mi4,1.433,0.11203930967899974
4B,Mi4,1.434,0.11157147454525371
4B,Mi4,1.435,0.11110363941150758
4B,Mi4,1.436,0.11095473911226603
4B,Mi4,1.437,0.11095473911226603
4B,Mi4,1.438,0.11095473911226603
4B,Mi4,1.439,0.11039179991642355
4B,Mi4,1.44,0.10945612964893149
4B,Mi4,1.441,0.10852045938143921
4B,Mi4,1.442,0.10807279783662276
4B,Mi4,1.443,0.10807279783662276
4B,Mi4,1.444,0.10807279783662276
4B,Mi4,1.445,0.1076597195871138
4B,Mi4,1.446,0.10672404931962168
4B,Mi4,1.447,0.10578837905212936
4B,Mi4,1.448,0.10519085656097948
4B,Mi4,1.449,0.10519085656097948
4B,Mi4,1.45,0.10519085656097948
4B,Mi4,1.451,0.10505924790939171
4B,Mi4,1.452,0.10459141277564568
4B,Mi4,1.453,0.10412357764189954
4B,Mi4,1.454,0.10365574250815351
4B,Mi4,1.455,0.10318790737440736
4B,Mi4,1.456,0.10272007224066129
4B,Mi4,1.457,0.10225223710691514
4B,Mi4,1.458,0.1017844019731691
4B,Mi4,1.459,0.10131656683942297
4B,Mi4,1.46,0.10084873170567693
4B,Mi4,1.461,0.1003808965719308
4B,Mi4,1.462,0.09991306143818478
4B,Mi4,1.463,0.09944522630443864
4B,Mi4,1.464,0.09897739117069258
4B,Mi4,1.465,0.0985095560369464
4B,Mi4,1.466,0.09804172090320035
4B,Mi4,1.467,0.0979860033718713
4B,Mi4,1.468,0.0979860033718713
4B,Mi4,1.469,0.0979860033718713
4B,Mi4,1.47,0.0979860033718713
4B,Mi4,1.471,0.0979860033718713
4B,Mi4,1.472,0.0979860033718713
4B,Mi4,1.473,0.09764881624262098
4B,Mi4,1.474,0.09718098110887491
4B,Mi4,1.475,0.09671314597512876
4B,Mi4,1.476,0.0962453108413827
4B,Mi4,1.477,0.09577747570763658
4B,Mi4,1.478,0.09530964057389055
4B,Mi4,1.479,0.09510406209622803
4B,Mi4,1.48,0.09510406209622803
4B,Mi4,1.481,0.09510406209622803
4B,Mi4,1.482,0.09510406209622803
4B,Mi4,1.483,0.09510406209622803
4B,Mi4,1.484,0.09510406209622803
4B,Mi4,1.485,0.09510406209622803
4B,Mi4,1.486,0.09510406209622803
4B,Mi4,1.487,0.09510406209622803
4B,Mi4,1.488,0.09510406209622803
4B,Mi4,1.489,0.09510406209622803
4B,Mi4,1.49,0.09510406209622803
4B,Mi4,1.491,0.09510406209622803
4B,Mi4,1.492,0.09510406209622803
4B,Mi4,1.493,0.09510406209622803
4B,Mi4,1.494,0.09510406209622803
4B,Mi4,1.495,0.09510406209622803
4B,Mi4,1.496,0.09510406209622803
4B,Mi4,1.497,0.09506659685964458
4B,Mi4,1.498,0.09459876172589855
4B,Mi4,1.499,0.09413092659215243
4B,Mi4,1.5,0.09366309145840639
4B,Mi4,1.5010000000000001,0.09319525632466022
4B,Mi4,1.502,0.09272742119091416
4B,Mi4,1.5030000000000001,0.09225958605716798
4B,Mi4,1.504,0.09222212082058474
4B,Mi4,1.5050000000000001,0.09222212082058474
4B,Mi4,1.506,0.09222212082058474
4B,Mi4,1.5070000000000001,0.09222212082058474
4B,Mi4,1.508,0.09222212082058474
4B,Mi4,1.5090000000000001,0.09222212082058474
4B,Mi4,1.51,0.09222212082058474
4B,Mi4,1.5110000000000001,0.09222212082058474
4B,Mi4,1.512,0.09222212082058474
4B,Mi4,1.5130000000000001,0.09222212082058474
4B,Mi4,1.514,0.09222212082058474
4B,Mi4,1.5150000000000001,0.09222212082058474
4B,Mi4,1.516,0.09194161186975543
4B,Mi4,1.5170000000000001,0.0914737767360093
4B,Mi4,1.518,0.09100594160226326
4B,Mi4,1.5190000000000001,0.09053810646851712
4B,Mi4,1.52,0.09007027133477105
4B,Mi4,1.5210000000000001,0.0896024362010249
4B,Mi4,1.522,0.08934017954494147
4B,Mi4,1.5230000000000001,0.08934017954494147
4B,Mi4,1.524,0.08934017954494147
4B,Mi4,1.5250000000000001,0.0891720663038622
4B,Mi4,1.526,0.08870423117011615
4B,Mi4,1.5270000000000001,0.08823639603637003
4B,Mi4,1.528,0.08776856090262398
4B,Mi4,1.5290000000000001,0.08730072576887783
4B,Mi4,1.53,0.08683289063513178
4B,Mi4,1.5310000000000001,0.0864582382692982
4B,Mi4,1.532,0.0864582382692982
4B,Mi4,1.5330000000000001,0.0864582382692982
4B,Mi4,1.534,0.0864582382692982
4B,Mi4,1.5350000000000001,0.0864582382692982
4B,Mi4,1.536,0.0864582382692982
4B,Mi4,1.537,0.08643998597455249
4B,Mi4,1.538,0.08597215084080637
4B,Mi4,1.539,0.08550431570706034
4B,Mi4,1.54,0.08503648057331421
4B,Mi4,1.541,0.08456864543956814
4B,Mi4,1.542,0.08410081030582198
4B,Mi4,1.543,0.08363297517207591
4B,Mi4,1.544,0.08357629699365493
4B,Mi4,1.545,0.08357629699365493
4B,Mi4,1.546,0.08357629699365493
4B,Mi4,1.547,0.08357629699365493
4B,Mi4,1.548,0.08357629699365493
4B,Mi4,1.549,0.08357629699365493
4B,Mi4,1.55,0.08357629699365493
4B,Mi4,1.551,0.08357629699365493
4B,Mi4,1.552,0.08357629699365493
4B,Mi4,1.553,0.08357629699365493
4B,Mi4,1.554,0.08357629699365493
4B,Mi4,1.555,0.08357629699365493
4B,Mi4,1.556,0.08357629699365493
4B,Mi4,1.557,0.08357629699365493
4B,Mi4,1.558,0.08357629699365493
4B,Mi4,1.559,0.08357629699365493
4B,Mi4,1.56,0.08357629699365493
4B,Mi4,1.561,0.08357629699365493
4B,Mi4,1.562,0.08338993145782993
4B,Mi4,1.563,0.08292209632408391
4B,Mi4,1.564,0.08245426119033777
4B,Mi4,1.565,0.08213532635583329
4B,Mi4,1.566,0.08213532635583329
4B,Mi4,1.567,0.08213532635583329
4B,Mi4,1.568,0.0822467614184915
4B,Mi4,1.569,0.08271459655223756
4B,Mi4,1.57,0.08318243168598373
4B,Mi4,1.571,0.08357629699365493
4B,Mi4,1.572,0.08357629699365493
4B,Mi4,1.573,0.08357629699365493
4B,Mi4,1.574,0.08357629699365493
4B,Mi4,1.575,0.08357629699365493
4B,Mi4,1.576,0.08357629699365493
4B,Mi4,1.577,0.08357629699365493
4B,Mi4,1.578,0.08357629699365493
4B,Mi4,1.579,0.08357629699365493
4B,Mi4,1.58,0.08357629699365493
4B,Mi4,1.581,0.08357629699365493
4B,Mi4,1.582,0.08357629699365493
4B,Mi4,1.583,0.08357629699365493
4B,Mi4,1.584,0.08357629699365493
4B,Mi4,1.585,0.08357629699365493
4B,Mi4,1.586,0.08357629699365493
4B,Mi4,1.587,0.08357629699365493
4B,Mi4,1.588,0.08357629699365493
4B,Mi4,1.589,0.08357629699365493
4B,Mi4,1.59,0.08357629699365493
4B,Mi4,1.591,0.08357629699365493
4B,Mi4,1.592,0.08357629699365493
4B,Mi4,1.593,0.08357629699365493
4B,Mi4,1.594,0.08357629699365493
4B,Mi4,1.595,0.08357629699365493
4B,Mi4,1.596,0.08333421392650087
4B,Mi4,1.597,0.0828663787927548
4B,Mi4,1.598,0.08239854365900864
4B,Mi4,1.599,0.08193070852526259
4B,Mi4,1.6,0.08146287339151646
4B,Mi4,1.601,0.08099503825777044
4B,Mi4,1.602,0.08069435571801166
4B,Mi4,1.603,0.08069435571801166
4B,Mi4,1.604,0.08069435571801166
4B,Mi4,1.605,0.08069435571801166
4B,Mi4,1.606,0.08069435571801166
4B,Mi4,1.607,0.08069435571801166
4B,Mi4,1.608,0.08069435571801166
4B,Mi4,1.609,0.08069435571801166
4B,Mi4,1.61,0.08069435571801166
4B,Mi4,1.611,0.08063959883377443
4B,Mi4,1.612,0.08017176370002829
4B,Mi4,1.613,0.07970392856628228
4B,Mi4,1.614,0.07923609343253614
4B,Mi4,1.615,0.07876825829879008
4B,Mi4,1.616,0.0783004231650439
4B,Mi4,1.617,0.07783258803129785
4B,Mi4,1.618,0.07781241444236839
4B,Mi4,1.619,0.07781241444236839
4B,Mi4,1.62,0.07781241444236839
4B,Mi4,1.621,0.07781241444236839
4B,Mi4,1.622,0.07781241444236839
4B,Mi4,1.623,0.07781241444236839
4B,Mi4,1.624,0.07743968337071848
4B,Mi4,1.625,0.07697184823697241
4B,Mi4,1.6260000000000001,0.07650401310322624
4B,Mi4,1.627,0.0760361779694802
4B,Mi4,1.6280000000000001,0.07556834283573406
4B,Mi4,1.629,0.07510050770198805
4B,Mi4,1.6300000000000001,0.0749304731667251
4B,Mi4,1.631,0.0749304731667251
4B,Mi4,1.6320000000000001,0.0749304731667251
4B,Mi4,1.633,0.0749304731667251
4B,Mi4,1.6340000000000001,0.0749304731667251
4B,Mi4,1.635,0.0749304731667251
4B,Mi4,1.6360000000000001,0.0749304731667251
4B,Mi4,1.637,0.0749304731667251
4B,Mi4,1.6380000000000001,0.0749304731667251
4B,Mi4,1.639,0.0749304731667251
4B,Mi4,1.6400000000000001,0.0749304731667251
4B,Mi4,1.641,0.0749304731667251
4B,Mi4,1.6420000000000001,0.07478253351457538
4B,Mi4,1.643,0.07431469838082931
4B,Mi4,1.6440000000000001,0.07384686324708314
4B,Mi4,1.645,0.07337902811333709
4B,Mi4,1.6460000000000001,0.07291119297959096
4B,Mi4,1.647,0.07244335784584492
4B,Mi4,1.6480000000000001,0.07204853189108183
4B,Mi4,1.649,0.07204853189108183
4B,Mi4,1.6500000000000001,0.07204853189108183
4B,Mi4,1.651,0.07204853189108183
4B,Mi4,1.6520000000000001,0.07204853189108183
4B,Mi4,1.653,0.07204853189108183
4B,Mi4,1.6540000000000001,0.07204853189108183
4B,Mi4,1.655,0.07204853189108183
4B,Mi4,1.6560000000000001,0.07204853189108183
4B,Mi4,1.657,0.07204853189108183
4B,Mi4,1.6580000000000001,0.07204853189108183
4B,Mi4,1.659,0.07204853189108183
4B,Mi4,1.6600000000000001,0.07204853189108183
4B,Mi4,1.661,0.07204853189108183
4B,Mi4,1.6620000000000001,0.07204853189108183
4B,Mi4,1.663,0.07204853189108183
4B,Mi4,1.6640000000000001,0.07204853189108183
4B,Mi4,1.665,0.07204853189108183
4B,Mi4,1.666,0.07204853189108183
4B,Mi4,1.667,0.07173247899785293
4B,Mi4,1.668,0.07126464386410691
4B,Mi4,1.669,0.07079680873036077
4B,Mi4,1.67,0.0706075612532602
4B,Mi4,1.671,0.0706075612532602
4B,Mi4,1.672,0.0706075612532602
4B,Mi4,1.673,0.07036643883319799
4B,Mi4,1.674,0.06989860369945196
4B,Mi4,1.675,0.06943076856570582
4B,Mi4,1.676,0.06916659061543858
4B,Mi4,1.677,0.06916659061543858
4B,Mi4,1.678,0.06916659061543858
4B,Mi4,1.679,0.06916659061543858
4B,Mi4,1.68,0.06916659061543858
4B,Mi4,1.681,0.06916659061543858
4B,Mi4,1.682,0.06890913719481438
4B,Mi4,1.683,0.06797346692732213
4B,Mi4,1.684,0.06703779665983008
4B,Mi4,1.685,0.06619338786606654
4B,Mi4,1.686,0.06572555273232052
4B,Mi4,1.687,0.06525771759857438
4B,Mi4,1.688,0.06484367870197365
4B,Mi4,1.689,0.06484367870197365
4B,Mi4,1.69,0.06484367870197365
4B,Mi4,1.691,0.06482734770141159
4B,Mi4,1.692,0.06435951256766557
4B,Mi4,1.693,0.06389167743391944
4B,Mi4,1.694,0.06342384230017341
4B,Mi4,1.695,0.06295600716642727
4B,Mi4,1.696,0.06248817203268124
4B,Mi4,1.697,0.06202033689893511
4B,Mi4,1.698,0.06318944440975437
4B,Mi4,1.699,0.06459294981099285
4B,Mi4,1.7,0.06599645521223103
4B,Mi9,0.0,0.04178674351585014
4B,Mi9,0.001,0.04178674351585014
4B,Mi9,0.002,0.04178674351585014
4B,Mi9,0.003,0.04178674351585014
4B,Mi9,0.004,0.04178674351585014
4B,Mi9,0.005,0.04178674351585014
4B,Mi9,0.006,0.04178674351585014
4B,Mi9,0.007,0.04178674351585014
4B,Mi9,0.008,0.04178674351585014
4B,Mi9,0.009000000000000001,0.04178674351585014
4B,Mi9,0.01,0.04178674351585014
4B,Mi9,0.011,0.04178674351585014
4B,Mi9,0.012,0.04178674351585014
4B,Mi9,0.013000000000000001,0.04178674351585014
4B,Mi9,0.014,0.04178674351585014
4B,Mi9,0.015,0.04178674351585014
4B,Mi9,0.016,0.04178674351585014
4B,Mi9,0.017,0.04178674351585014
4B,Mi9,0.018000000000000002,0.04178674351585014
4B,Mi9,0.019,0.04178674351585014
4B,Mi9,0.02,0.04178674351585014
4B,Mi9,0.021,0.04178674351585014
4B,Mi9,0.022,0.041581171950048054
4B,Mi9,0.023,0.0411133525456292
4B,Mi9,0.024,0.040645533141210353
4B,Mi9,0.025,0.040177713736791514
4B,Mi9,0.026000000000000002,0.039709894332372694
4B,Mi9,0.027,0.03924207492795388
4B,Mi9,0.028,0.03890489913544669
4B,Mi9,0.029,0.03890489913544669
4B,Mi9,0.03,0.03890489913544669
4B,Mi9,0.031,0.039091258405379394
4B,Mi9,0.032,0.040026897214217094
4B,Mi9,0.033,0.04096253602305479
4B,Mi9,0.034,0.04173102785782897
4B,Mi9,0.035,0.04126320845341015
4B,Mi9,0.036000000000000004,0.04079538904899134
4B,Mi9,0.037,0.040345821325648415
4B,Mi9,0.038,0.040345821325648415
4B,Mi9,0.039,0.040345821325648415
4B,Mi9,0.04,0.040345821325648415
4B,Mi9,0.041,0.03989721421709895
4B,Mi9,0.042,0.0394293948126801
4B,Mi9,0.043000000000000003,0.03896157540826125
4B,Mi9,0.044,0.03849375600384243
4B,Mi9,0.045,0.03802593659942361
4B,Mi9,0.046,0.03755811719500479
4B,Mi9,0.047,0.03709029779058598
4B,Mi9,0.048,0.03662247838616716
4B,Mi9,0.049,0.03615465898174835
4B,Mi9,0.05,0.0356868395773295
4B,Mi9,0.051000000000000004,0.035219020172910655
4B,Mi9,0.052000000000000005,0.0347512007684918
4B,Mi9,0.053,0.0345821325648415
4B,Mi9,0.054,0.0345821325648415
4B,Mi9,0.055,0.0345821325648415
4B,Mi9,0.056,0.0345821325648415
4B,Mi9,0.057,0.0345821325648415
4B,Mi9,0.058,0.0345821325648415
4B,Mi9,0.059000000000000004,0.03435830931796351
4B,Mi9,0.06,0.033890489913544666
4B,Mi9,0.061,0.03342267050912581
4B,Mi9,0.062,0.03295485110470697
4B,Mi9,0.063,0.03248703170028816
4B,Mi9,0.064,0.03201921229586934
4B,Mi9,0.065,0.03140249759846301
4B,Mi9,0.066,0.030466858789625375
4B,Mi9,0.067,0.02953121998078774
4B,Mi9,0.068,0.028707012487992335
4B,Mi9,0.069,0.028239193083573484
4B,Mi9,0.07,0.027771373679154634
4B,Mi9,0.07100000000000001,0.02730355427473579
4B,Mi9,0.07200000000000001,0.02683573487031697
4B,Mi9,0.073,0.02636791546589816
4B,Mi9,0.074,0.025973102785782905
4B,Mi9,0.075,0.026440922190201725
4B,Mi9,0.076,0.02690874159462054
4B,Mi9,0.077,0.02737656099903936
4B,Mi9,0.078,0.027377521613832854
4B,Mi9,0.079,0.027377521613832854
4B,Mi9,0.08,0.027377521613832854
4B,Mi9,0.081,0.027377521613832854
4B,Mi9,0.082,0.027377521613832854
4B,Mi9,0.083,0.027377521613832854
4B,Mi9,0.084,0.026593659942363113
4B,Mi9,0.085,0.025658021133525475
4B,Mi9,0.08600000000000001,0.02472238232468784
4B,Mi9,0.08700000000000001,0.024495677233429394
4B,Mi9,0.088,0.024495677233429394
4B,Mi9,0.089,0.024495677233429394
4B,Mi9,0.09,0.023861671469740567
4B,Mi9,0.091,0.022926032660902932
4B,Mi9,0.092,0.021990393852065297
4B,Mi9,0.093,0.021054755043227662
4B,Mi9,0.094,0.020119116234390028
4B,Mi9,0.095,0.019183477425552393
4B,Mi9,0.096,0.018247838616714723
4B,Mi9,0.097,0.017312199807877023
4B,Mi9,0.098,0.01637656099903932
4B,Mi9,0.099,0.015440922190201647
4B,Mi9,0.1,0.014505283381364012
4B,Mi9,0.101,0.01356964457252638
4B,Mi9,0.10200000000000001,0.012466858789625335
4B,Mi9,0.10300000000000001,0.011063400576368882
4B,Mi9,0.10400000000000001,0.00965994236311243
4B,Mi9,0.105,0.008386167146974105
4B,Mi9,0.106,0.007450528338136402
4B,Mi9,0.107,0.0065148895292987
4B,Mi9,0.108,0.005487031700288058
4B,Mi9,0.109,0.004083573487031607
4B,Mi9,0.11,0.002680115273775155
4B,Mi9,0.111,0.0011671469740633525
4B,Mi9,0.112,-0.0011719500480307343
4B,Mi9,0.113,-0.0035110470701248207
4B,Mi9,0.114,-0.005815561959654114
4B,Mi9,0.115,-0.007219020172910668
4B,Mi9,0.116,-0.00862247838616722
4B,Mi9,0.117,-0.010025936599423774
4B,Mi9,0.11800000000000001,-0.012324687800192316
4B,Mi9,0.11900000000000001,-0.014663784822286401
4B,Mi9,0.12,-0.01700288184438046
4B,Mi9,0.121,-0.019341978866474544
4B,Mi9,0.122,-0.02168107588856863
4B,Mi9,0.123,-0.024020172910662715
4B,Mi9,0.124,-0.026359269932756935
4B,Mi9,0.125,-0.02869836695485119
4B,Mi9,0.126,-0.03103746397694545
4B,Mi9,0.127,-0.034047070124880195
4B,Mi9,0.128,-0.037321805955811915
4B,Mi9,0.129,-0.040596541786743635
4B,Mi9,0.13,-0.043871277617675355
4B,Mi9,0.131,-0.04714601344860708
4B,Mi9,0.132,-0.0504207492795388
4B,Mi9,0.133,-0.05395581171950043
4B,Mi9,0.134,-0.05769836695485124
4B,Mi9,0.135,-0.061440922190202044
4B,Mi9,0.136,-0.06496061479346815
4B,Mi9,0.137,-0.06823535062439987
4B,Mi9,0.138,-0.07151008645533158
4B,Mi9,0.139,-0.0747848222862633
4B,Mi9,0.14,-0.07805955811719503
4B,Mi9,0.14100000000000001,-0.08133429394812675
4B,Mi9,0.14200000000000002,-0.08490489913544662
4B,Mi9,0.14300000000000002,-0.08911527377521627
4B,Mi9,0.14400000000000002,-0.09332564841498595
4B,Mi9,0.145,-0.09764649375600425
4B,Mi9,0.146,-0.10232468780019242
4B,Mi9,0.147,-0.1070028818443806
4B,Mi9,0.148,-0.11175408261287234
4B,Mi9,0.149,-0.11690009606147933
4B,Mi9,0.15,-0.12204610951008632
4B,Mi9,0.151,-0.12715658021133505
4B,Mi9,0.152,-0.13183477425552356
4B,Mi9,0.153,-0.13651296829971207
4B,Mi9,0.154,-0.14119116234390058
4B,Mi9,0.155,-0.14586935638808876
4B,Mi9,0.156,-0.15054755043227694
4B,Mi9,0.157,-0.15522574447646512
4B,Mi9,0.158,-0.16076080691642658
4B,Mi9,0.159,-0.16637463976945238
4B,Mi9,0.16,-0.17198847262247818
4B,Mi9,0.161,-0.17799327569644574
4B,Mi9,0.162,-0.1840749279538908
4B,Mi9,0.163,-0.19015658021133586
4B,Mi9,0.164,-0.1962382324687806
4B,Mi9,0.165,-0.20231988472622522
4B,Mi9,0.166,-0.20840153698366984
4B,Mi9,0.167,-0.21416714697406355
4B,Mi9,0.168,-0.21978097982708936
4B,Mi9,0.169,-0.22539481268011516
4B,Mi9,0.17,-0.23156580211335254
4B,Mi9,0.171,-0.23811527377521646
4B,Mi9,0.17200000000000001,-0.24466474543708036
4B,Mi9,0.17300000000000001,-0.2514553314121045
4B,Mi9,0.17400000000000002,-0.25847262247838676
4B,Mi9,0.17500000000000002,-0.26548991354466905
4B,Mi9,0.176,-0.2727108549471663
4B,Mi9,0.177,-0.2801959654178674
4B,Mi9,0.178,-0.28768107588856845
4B,Mi9,0.179,-0.2951661863592697
4B,Mi9,0.18,-0.30265129682997133
4B,Mi9,0.181,-0.31013640730067293
4B,Mi9,0.182,-0.3177502401536991
4B,Mi9,0.183,-0.32570317002881904
4B,Mi9,0.184,-0.33365609990393896
4B,Mi9,0.185,-0.3416090297790589
4B,Mi9,0.186,-0.34956195965417874
4B,Mi9,0.187,-0.35751488952929866
4B,Mi9,0.188,-0.3654140249759844
4B,Mi9,0.189,-0.372899135446686
4B,Mi9,0.19,-0.3803842459173877
4B,Mi9,0.191,-0.38788568683957825
4B,Mi9,0.192,-0.39583861671469817
4B,Mi9,0.193,-0.40379154658981803
4B,Mi9,0.194,-0.41174447646493795
4B,Mi9,0.195,-0.4196974063400578
4B,Mi9,0.196,-0.42765033621517773
4B,Mi9,0.197,-0.4356032660902976
4B,Mi9,0.198,-0.443556195965418
4B,Mi9,0.199,-0.4515091258405385
4B,Mi9,0.2,-0.4594620557156589
4B,Mi9,0.201,-0.46741498559077893
4B,Mi9,0.202,-0.47536791546589885
4B,Mi9,0.203,-0.48332084534101877
4B,Mi9,0.20400000000000001,-0.49093948126801185
4B,Mi9,0.20500000000000002,-0.4984245917387129
4B,Mi9,0.20600000000000002,-0.505909702209414
4B,Mi9,0.20700000000000002,-0.5133948126801154
4B,Mi9,0.20800000000000002,-0.520879923150817
4B,Mi9,0.209,-0.5283650336215184
4B,Mi9,0.21,-0.5361095100864561
4B,Mi9,0.211,-0.544062439961576
4B,Mi9,0.212,-0.5520153698366959
4B,Mi9,0.213,-0.5595244956772336
4B,Mi9,0.214,-0.5665417867435159
4B,Mi9,0.215,-0.5735590778097982
4B,Mi9,0.216,-0.5805763688760807
4B,Mi9,0.217,-0.5875936599423633
4B,Mi9,0.218,-0.5946109510086461
4B,Mi9,0.219,-0.6017752161383293
4B,Mi9,0.22,-0.6092603266090304
4B,Mi9,0.221,-0.6167454370797315
4B,Mi9,0.222,-0.6241210374639773
4B,Mi9,0.223,-0.6311383285302595
4B,Mi9,0.224,-0.6381556195965418
4B,Mi9,0.225,-0.645100864553314
4B,Mi9,0.226,-0.6516503362151779
4B,Mi9,0.227,-0.6581998078770418
4B,Mi9,0.228,-0.6647146974063408
4B,Mi9,0.229,-0.6707963496637854
4B,Mi9,0.23,-0.67687800192123
4B,Mi9,0.231,-0.6829596541786747
4B,Mi9,0.232,-0.6895062439961578
4B,Mi9,0.233,-0.6960557156580212
4B,Mi9,0.234,-0.7026051873198846
4B,Mi9,0.23500000000000001,-0.7095821325648417
4B,Mi9,0.23600000000000002,-0.7165994236311245
4B,Mi9,0.23700000000000002,-0.7236167146974072
4B,Mi9,0.23800000000000002,-0.7302439961575415
4B,Mi9,0.23900000000000002,-0.736793467819405
4B,Mi9,0.24,-0.7433429394812683
4B,Mi9,0.241,-0.7498924111431318
4B,Mi9,0.242,-0.7564418828049951
4B,Mi9,0.243,-0.7629913544668586
4B,Mi9,0.244,-0.7689106628242075
4B,Mi9,0.245,-0.7745244956772337
4B,Mi9,0.246,-0.7801383285302599
4B,Mi9,0.247,-0.7851969260326613
4B,Mi9,0.248,-0.7898751200768496
4B,Mi9,0.249,-0.7945533141210377
4B,Mi9,0.25,-0.7994716618635929
4B,Mi9,0.251,-0.8046176753121999
4B,Mi9,0.252,-0.809763688760807
4B,Mi9,0.253,-0.8151123919308357
4B,Mi9,0.254,-0.8207262247838619
4B,Mi9,0.255,-0.8263400576368882
4B,Mi9,0.256,-0.8317886647454377
4B,Mi9,0.257,-0.8369346781940447
4B,Mi9,0.258,-0.8420806916426516
4B,Mi9,0.259,-0.8469711815561961
4B,Mi9,0.26,-0.8511815561959655
4B,Mi9,0.261,-0.8553919308357348
4B,Mi9,0.262,-0.8595120076849183
4B,Mi9,0.263,-0.8632545629202691
4B,Mi9,0.264,-0.8669971181556199
4B,Mi9,0.265,-0.8707396733909707
4B,Mi9,0.266,-0.8744822286263213
4B,Mi9,0.267,-0.8782247838616718
4B,Mi9,0.268,-0.8819673390970224
4B,Mi9,0.269,-0.8857098943323729
4B,Mi9,0.27,-0.8894524495677234
4B,Mi9,0.271,-0.893195004803074
4B,Mi9,0.272,-0.8969375600384247
4B,Mi9,0.273,-0.9006801152737756
4B,Mi9,0.274,-0.9044226705091264
4B,Mi9,0.275,-0.9081652257444769
4B,Mi9,0.276,-0.9119077809798275
4B,Mi9,0.277,-0.915650336215178
4B,Mi9,0.278,-0.9182804995196927
4B,Mi9,0.279,-0.9206195965417868
4B,Mi9,0.28,-0.9229586935638809
4B,Mi9,0.281,-0.9252977905859752
4B,Mi9,0.28200000000000003,-0.9276368876080694
4B,Mi9,0.28300000000000003,-0.9299759846301636
4B,Mi9,0.28400000000000003,-0.932610951008646
4B,Mi9,0.28500000000000003,-0.9354178674351589
4B,Mi9,0.28600000000000003,-0.9382247838616717
4B,Mi9,0.28700000000000003,-0.9410317002881847
4B,Mi9,0.28800000000000003,-0.9438386167146976
4B,Mi9,0.289,-0.9466455331412102
4B,Mi9,0.29,-0.9492315081652257
4B,Mi9,0.291,-0.95157060518732
4B,Mi9,0.292,-0.9539097022094142
4B,Mi9,0.293,-0.956065321805956
4B,Mi9,0.294,-0.9579365994236313
4B,Mi9,0.295,-0.9598078770413065
4B,Mi9,0.296,-0.9615331412103747
4B,Mi9,0.297,-0.9629365994236311
4B,Mi9,0.298,-0.9643400576368876
4B,Mi9,0.299,-0.9657435158501441
4B,Mi9,0.3,-0.9671469740634006
4B,Mi9,0.301,-0.9685504322766572
4B,Mi9,0.302,-0.9700249759846304
4B,Mi9,0.303,-0.9718962536023057
4B,Mi9,0.304,-0.9737675312199809
4B,Mi9,0.305,-0.9756051873198848
4B,Mi9,0.306,-0.9770086455331413
4B,Mi9,0.307,-0.9784121037463976
4B,Mi9,0.308,-0.9798155619596541
4B,Mi9,0.309,-0.9812190201729107
4B,Mi9,0.31,-0.9826224783861673
4B,Mi9,0.311,-0.9840259365994238
4B,Mi9,0.312,-0.9850028818443806
4B,Mi9,0.313,-0.9859385206532182
4B,Mi9,0.314,-0.9868741594620558
4B,Mi9,0.315,-0.9878097982708934
4B,Mi9,0.316,-0.9887454370797311
4B,Mi9,0.317,-0.9896810758885687
4B,Mi9,0.318,-0.9906167146974064
4B,Mi9,0.319,-0.991552353506244
4B,Mi9,0.32,-0.9924879923150818
4B,Mi9,0.321,-0.9931095100864554
4B,Mi9,0.322,-0.9935773294908742
4B,Mi9,0.323,-0.994045148895293
4B,Mi9,0.324,-0.9947896253602306
4B,Mi9,0.325,-0.9957252641690683
4B,Mi9,0.326,-0.9966609029779059
4B,Mi9,0.327,-0.9973573487031699
4B,Mi9,0.328,-0.9978251681075888
4B,Mi9,0.329,-0.9982929875120077
4B,Mi9,0.33,-0.9987608069164265
4B,Mi9,0.331,-0.9992286263208454
4B,Mi9,0.332,-0.9996964457252642
4B,Mi9,0.333,-1.0
4B,Mi9,0.334,-1.0
4B,Mi9,0.335,-1.0
4B,Mi9,0.336,-1.0
4B,Mi9,0.337,-1.0
4B,Mi9,0.338,-1.0
4B,Mi9,0.339,-1.0
4B,Mi9,0.34,-1.0
4B,Mi9,0.341,-1.0
4B,Mi9,0.342,-1.0
4B,Mi9,0.343,-1.0
4B,Mi9,0.34400000000000003,-1.0
4B,Mi9,0.34500000000000003,-1.0
4B,Mi9,0.34600000000000003,-1.0
4B,Mi9,0.34700000000000003,-1.0
4B,Mi9,0.34800000000000003,-1.0
4B,Mi9,0.34900000000000003,-1.0
4B,Mi9,0.35000000000000003,-1.0
4B,Mi9,0.35100000000000003,-1.0
4B,Mi9,0.352,-0.9995926993275697
4B,Mi9,0.353,-0.9991248799231508
4B,Mi9,0.354,-0.9986570605187319
4B,Mi9,0.355,-0.9981892411143132
4B,Mi9,0.356,-0.9977214217098943
4B,Mi9,0.357,-0.9972536023054754
4B,Mi9,0.358,-0.9967857829010566
4B,Mi9,0.359,-0.9963179634966378
4B,Mi9,0.36,-0.9958501440922191
4B,Mi9,0.361,-0.9953823246878002
4B,Mi9,0.362,-0.9949145052833813
4B,Mi9,0.363,-0.9944466858789626
4B,Mi9,0.364,-0.9939788664745437
4B,Mi9,0.365,-0.9935110470701248
4B,Mi9,0.366,-0.993043227665706
4B,Mi9,0.367,-0.9927953890489913
4B,Mi9,0.368,-0.9927953890489913
4B,Mi9,0.369,-0.9927953890489913
4B,Mi9,0.37,-0.9924303554274735
4B,Mi9,0.371,-0.9914947166186359
4B,Mi9,0.372,-0.9905590778097982
4B,Mi9,0.373,-0.9897684918347743
4B,Mi9,0.374,-0.9893006724303555
4B,Mi9,0.375,-0.9888328530259366
4B,Mi9,0.376,-0.9883650336215178
4B,Mi9,0.377,-0.987897214217099
4B,Mi9,0.378,-0.9874293948126801
4B,Mi9,0.379,-0.986891450528338
4B,Mi9,0.38,-0.9859558117195004
4B,Mi9,0.381,-0.9850201729106628
4B,Mi9,0.382,-0.9841171950048031
4B,Mi9,0.383,-0.9836493756003843
4B,Mi9,0.384,-0.9831815561959655
4B,Mi9,0.385,-0.9827137367915466
4B,Mi9,0.386,-0.9817829010566763
4B,Mi9,0.387,-0.9808472622478386
4B,Mi9,0.388,-0.9799116234390008
4B,Mi9,0.389,-0.9789759846301632
4B,Mi9,0.39,-0.9780403458213256
4B,Mi9,0.391,-0.977104707012488
4B,Mi9,0.392,-0.9761690682036503
4B,Mi9,0.393,-0.9752334293948127
4B,Mi9,0.394,-0.9742977905859751
4B,Mi9,0.395,-0.9733621517771374
4B,Mi9,0.396,-0.9724265129682997
4B,Mi9,0.397,-0.971490874159462
4B,Mi9,0.398,-0.9702420749279538
4B,Mi9,0.399,-0.9688386167146973
4B,Mi9,0.4,-0.9674351585014409
4B,Mi9,0.401,-0.9663073967339096
4B,Mi9,0.402,-0.965371757925072
4B,Mi9,0.403,-0.9644361191162344
4B,Mi9,0.404,-0.9635004803073968
4B,Mi9,0.405,-0.962564841498559
4B,Mi9,0.406,-0.9616292026897213
4B,Mi9,0.40700000000000003,-0.9604927953890489
4B,Mi9,0.40800000000000003,-0.9590893371757924
4B,Mi9,0.40900000000000003,-0.957685878962536
4B,Mi9,0.41000000000000003,-0.956445725264169
4B,Mi9,0.41100000000000003,-0.9555100864553314
4B,Mi9,0.41200000000000003,-0.9545744476464938
4B,Mi9,0.41300000000000003,-0.9533871277617675
4B,Mi9,0.41400000000000003,-0.9515158501440921
4B,Mi9,0.41500000000000004,-0.9496445725264168
4B,Mi9,0.41600000000000004,-0.9479500480307396
4B,Mi9,0.417,-0.9470144092219019
4B,Mi9,0.418,-0.9460787704130643
4B,Mi9,0.419,-0.9450413064361192
4B,Mi9,0.42,-0.9431700288184439
4B,Mi9,0.421,-0.9412987512007687
4B,Mi9,0.422,-0.9394409221902019
4B,Mi9,0.423,-0.9380374639769453
4B,Mi9,0.424,-0.9366340057636887
4B,Mi9,0.425,-0.9352305475504321
4B,Mi9,0.426,-0.9338270893371757
4B,Mi9,0.427,-0.9324236311239192
4B,Mi9,0.428,-0.9310201729106629
4B,Mi9,0.429,-0.9296167146974064
4B,Mi9,0.43,-0.92821325648415
4B,Mi9,0.431,-0.9268097982708935
4B,Mi9,0.432,-0.925406340057637
4B,Mi9,0.433,-0.9240028818443804
4B,Mi9,0.434,-0.9225994236311238
4B,Mi9,0.435,-0.9211959654178673
4B,Mi9,0.436,-0.9197925072046109
4B,Mi9,0.437,-0.9183890489913544
4B,Mi9,0.438,-0.916985590778098
4B,Mi9,0.439,-0.9155821325648416
4B,Mi9,0.44,-0.9141786743515851
4B,Mi9,0.441,-0.9125187319884728
4B,Mi9,0.442,-0.9106474543707973
4B,Mi9,0.443,-0.908776176753122
4B,Mi9,0.444,-0.907342939481268
4B,Mi9,0.445,-0.9064073006724304
4B,Mi9,0.446,-0.9054716618635926
4B,Mi9,0.447,-0.9041729106628242
4B,Mi9,0.448,-0.9023016330451489
4B,Mi9,0.449,-0.9004303554274736
4B,Mi9,0.45,-0.8988472622478386
4B,Mi9,0.451,-0.8979116234390009
4B,Mi9,0.452,-0.8969759846301633
4B,Mi9,0.453,-0.8959337175792506
4B,Mi9,0.454,-0.8945302593659941
4B,Mi9,0.455,-0.8931268011527377
4B,Mi9,0.456,-0.8917925072046109
4B,Mi9,0.457,-0.8908568683957733
4B,Mi9,0.458,-0.8899212295869356
4B,Mi9,0.459,-0.8889538904899137
4B,Mi9,0.46,-0.8875504322766571
4B,Mi9,0.461,-0.8861469740634005
4B,Mi9,0.462,-0.8847435158501439
4B,Mi9,0.463,-0.8833400576368875
4B,Mi9,0.464,-0.881936599423631
4B,Mi9,0.465,-0.8805331412103746
4B,Mi9,0.466,-0.8795542747358309
4B,Mi9,0.467,-0.8786186359269933
4B,Mi9,0.468,-0.8776829971181556
4B,Mi9,0.46900000000000003,-0.8767473583093179
4B,Mi9,0.47000000000000003,-0.8758117195004802
4B,Mi9,0.47100000000000003,-0.8748760806916426
4B,Mi9,0.47200000000000003,-0.8735907780979826
4B,Mi9,0.47300000000000003,-0.8721873198847261
4B,Mi9,0.47400000000000003,-0.8707838616714696
4B,Mi9,0.47500000000000003,-0.8693804034582131
4B,Mi9,0.47600000000000003,-0.8679769452449567
4B,Mi9,0.47700000000000004,-0.8665734870317002
4B,Mi9,0.47800000000000004,-0.8654447646493756
4B,Mi9,0.47900000000000004,-0.8645091258405379
4B,Mi9,0.48,-0.8635734870317002
4B,Mi9,0.481,-0.862400576368876
4B,Mi9,0.482,-0.8609971181556195
4B,Mi9,0.483,-0.859593659942363
4B,Mi9,0.484,-0.8583900096061479
4B,Mi9,0.485,-0.8574543707973104
4B,Mi9,0.486,-0.8565187319884727
4B,Mi9,0.487,-0.855420749279539
4B,Mi9,0.488,-0.8540172910662824
4B,Mi9,0.489,-0.8526138328530258
4B,Mi9,0.49,-0.8512103746397693
4B,Mi9,0.491,-0.8498069164265128
4B,Mi9,0.492,-0.8484034582132564
4B,Mi9,0.493,-0.8470874159462055
4B,Mi9,0.494,-0.8461517771373679
4B,Mi9,0.495,-0.8452161383285303
4B,Mi9,0.496,-0.8441805955811721
4B,Mi9,0.497,-0.8423093179634966
4B,Mi9,0.498,-0.8404380403458213
4B,Mi9,0.499,-0.838591738712776
4B,Mi9,0.5,-0.8376560999039384
4B,Mi9,0.501,-0.8367204610951008
4B,Mi9,0.502,-0.8357848222862632
4B,Mi9,0.503,-0.8339634966378482
4B,Mi9,0.504,-0.8320922190201729
4B,Mi9,0.505,-0.8302209414024977
4B,Mi9,0.506,-0.8287550432276657
4B,Mi9,0.507,-0.8273515850144092
4B,Mi9,0.508,-0.8259481268011526
4B,Mi9,0.509,-0.8245446685878962
4B,Mi9,0.51,-0.8231412103746397
4B,Mi9,0.511,-0.8217377521613832
4B,Mi9,0.512,-0.8203342939481267
4B,Mi9,0.513,-0.8189308357348704
4B,Mi9,0.514,-0.8175273775216139
4B,Mi9,0.515,-0.8161239193083574
4B,Mi9,0.516,-0.8147204610951009
4B,Mi9,0.517,-0.8133170028818443
4B,Mi9,0.518,-0.8119135446685878
4B,Mi9,0.519,-0.8105100864553313
4B,Mi9,0.52,-0.8091066282420748
4B,Mi9,0.521,-0.8077031700288184
4B,Mi9,0.522,-0.8062997118155619
4B,Mi9,0.523,-0.8048962536023054
4B,Mi9,0.524,-0.803312199807877
4B,Mi9,0.525,-0.8014409221902017
4B,Mi9,0.526,-0.7995696445725262
4B,Mi9,0.527,-0.7979846301633045
4B,Mi9,0.528,-0.7970489913544667
4B,Mi9,0.529,-0.7961133525456291
4B,Mi9,0.53,-0.79507204610951
4B,Mi9,0.531,-0.7936685878962535
4B,Mi9,0.532,-0.7922651296829971
4B,Mi9,0.533,-0.7908616714697406
4B,Mi9,0.534,-0.7894582132564841
4B,Mi9,0.535,-0.7880547550432275
4B,Mi9,0.536,-0.7866820365033621
4B,Mi9,0.537,-0.7857463976945244
4B,Mi9,0.538,-0.7848107588856867
4B,Mi9,0.539,-0.7838751200768491
4B,Mi9,0.54,-0.7824783861671469
4B,Mi9,0.541,-0.7810749279538904
4B,Mi9,0.542,-0.7796714697406341
4B,Mi9,0.543,-0.7786916426512968
4B,Mi9,0.544,-0.7777560038424591
4B,Mi9,0.545,-0.7768203650336214
4B,Mi9,0.546,-0.7758847262247838
4B,Mi9,0.547,-0.7749490874159461
4B,Mi9,0.548,-0.7740134486071085
4B,Mi9,0.549,-0.7723804034582131
4B,Mi9,0.55,-0.7705091258405379
4B,Mi9,0.551,-0.7686378482228626
4B,Mi9,0.552,-0.7673890489913544
4B,Mi9,0.553,-0.7664534101825168
4B,Mi9,0.554,-0.765517771373679
4B,Mi9,0.555,-0.7645821325648413
4B,Mi9,0.556,-0.7636464937560038
4B,Mi9,0.557,-0.7627108549471662
4B,Mi9,0.558,-0.7615389048991353
4B,Mi9,0.559,-0.7601354466858788
4B,Mi9,0.56,-0.7587319884726225
4B,Mi9,0.561,-0.7575273775216138
4B,Mi9,0.562,-0.7565917387127761
4B,Mi9,0.5630000000000001,-0.7556560999039384
4B,Mi9,0.5640000000000001,-0.754559077809798
4B,Mi9,0.5650000000000001,-0.7531556195965416
4B,Mi9,0.5660000000000001,-0.7517521613832852
4B,Mi9,0.5670000000000001,-0.7503487031700287
4B,Mi9,0.5680000000000001,-0.7489452449567722
4B,Mi9,0.5690000000000001,-0.7475417867435158
4B,Mi9,0.5700000000000001,-0.7461383285302593
4B,Mi9,0.5710000000000001,-0.7447348703170028
4B,Mi9,0.5720000000000001,-0.7433314121037462
4B,Mi9,0.5730000000000001,-0.7419279538904897
4B,Mi9,0.5740000000000001,-0.7405244956772332
4B,Mi9,0.5750000000000001,-0.7391210374639767
4B,Mi9,0.5760000000000001,-0.7377175792507202
4B,Mi9,0.577,-0.736314121037464
4B,Mi9,0.578,-0.7349106628242076
4B,Mi9,0.579,-0.7335072046109511
4B,Mi9,0.58,-0.7321037463976946
4B,Mi9,0.581,-0.730700288184438
4B,Mi9,0.582,-0.7292968299711815
4B,Mi9,0.583,-0.727893371757925
4B,Mi9,0.584,-0.7264899135446685
4B,Mi9,0.585,-0.725086455331412
4B,Mi9,0.586,-0.7233160422670509
4B,Mi9,0.587,-0.7214447646493756
4B,Mi9,0.588,-0.7195734870317003
4B,Mi9,0.589,-0.717702209414025
4B,Mi9,0.59,-0.7158309317963496
4B,Mi9,0.591,-0.7139596541786742
4B,Mi9,0.592,-0.7123804034582131
4B,Mi9,0.593,-0.7109769452449567
4B,Mi9,0.594,-0.7095734870317002
4B,Mi9,0.595,-0.7079154658981748
4B,Mi9,0.596,-0.7060441882804995
4B,Mi9,0.597,-0.7041729106628243
4B,Mi9,0.598,-0.7023016330451489
4B,Mi9,0.599,-0.7004303554274736
4B,Mi9,0.6,-0.6985590778097982
4B,Mi9,0.601,-0.6966878001921228
4B,Mi9,0.602,-0.6948165225744476
4B,Mi9,0.603,-0.6929452449567722
4B,Mi9,0.604,-0.691073967339097
4B,Mi9,0.605,-0.6892026897214217
4B,Mi9,0.606,-0.6873314121037465
4B,Mi9,0.607,-0.6854601344860712
4B,Mi9,0.608,-0.6835888568683958
4B,Mi9,0.609,-0.6817175792507204
4B,Mi9,0.61,-0.679846301633045
4B,Mi9,0.611,-0.6779750240153697
4B,Mi9,0.612,-0.6761037463976944
4B,Mi9,0.613,-0.6742324687800191
4B,Mi9,0.614,-0.6723611911623438
4B,Mi9,0.615,-0.6704899135446686
4B,Mi9,0.616,-0.6686186359269933
4B,Mi9,0.617,-0.6667473583093179
4B,Mi9,0.618,-0.6648760806916425
4B,Mi9,0.619,-0.6630048030739671
4B,Mi9,0.62,-0.6611335254562918
4B,Mi9,0.621,-0.6592622478386165
4B,Mi9,0.622,-0.6573909702209413
4B,Mi9,0.623,-0.655519692603266
4B,Mi9,0.624,-0.6536484149855908
4B,Mi9,0.625,-0.6517771373679155
4B,Mi9,0.626,-0.6499058597502402
4B,Mi9,0.627,-0.6480345821325647
4B,Mi9,0.628,-0.6461633045148893
4B,Mi9,0.629,-0.644292026897214
4B,Mi9,0.63,-0.6424207492795387
4B,Mi9,0.631,-0.6405494716618635
4B,Mi9,0.632,-0.6389510086455331
4B,Mi9,0.633,-0.6375475504322766
4B,Mi9,0.634,-0.6361440922190202
4B,Mi9,0.635,-0.6347406340057637
4B,Mi9,0.636,-0.6333371757925071
4B,Mi9,0.637,-0.6319337175792505
4B,Mi9,0.638,-0.6303323727185396
4B,Mi9,0.639,-0.6284610951008643
4B,Mi9,0.64,-0.6265898174831891
4B,Mi9,0.641,-0.6247185398655138
4B,Mi9,0.642,-0.6228472622478385
4B,Mi9,0.643,-0.6209759846301632
4B,Mi9,0.644,-0.619104707012488
4B,Mi9,0.645,-0.6172334293948125
4B,Mi9,0.646,-0.6153621517771372
4B,Mi9,0.647,-0.6135763688760805
4B,Mi9,0.648,-0.6121729106628241
4B,Mi9,0.649,-0.6107694524495676
4B,Mi9,0.65,-0.6093179634966377
4B,Mi9,0.651,-0.6074466858789624
4B,Mi9,0.652,-0.6055754082612872
4B,Mi9,0.653,-0.603704130643612
4B,Mi9,0.654,-0.6018328530259366
4B,Mi9,0.655,-0.5999615754082611
4B,Mi9,0.656,-0.5980902977905858
4B,Mi9,0.657,-0.597100864553314
4B,Mi9,0.658,-0.5961652257444764
4B,Mi9,0.659,-0.5952295869356388
4B,Mi9,0.66,-0.593487031700288
4B,Mi9,0.661,-0.5916157540826128
4B,Mi9,0.662,-0.5897444764649376
4B,Mi9,0.663,-0.5882391930835734
4B,Mi9,0.664,-0.5868357348703169
4B,Mi9,0.665,-0.5854322766570603
4B,Mi9,0.666,-0.5840288184438038
4B,Mi9,0.667,-0.5826253602305473
4B,Mi9,0.668,-0.5812219020172908
4B,Mi9,0.669,-0.5798184438040345
4B,Mi9,0.67,-0.578414985590778
4B,Mi9,0.671,-0.5770115273775216
4B,Mi9,0.672,-0.5756080691642651
4B,Mi9,0.673,-0.5742046109510085
4B,Mi9,0.674,-0.572801152737752
4B,Mi9,0.675,-0.5716138328530258
4B,Mi9,0.676,-0.5706781940441882
4B,Mi9,0.677,-0.5697425552353506
4B,Mi9,0.678,-0.5688069164265129
4B,Mi9,0.679,-0.5678712776176753
4B,Mi9,0.68,-0.5669356388088377
4B,Mi9,0.681,-0.5658587896253602
4B,Mi9,0.682,-0.5644553314121036
4B,Mi9,0.683,-0.5630518731988471
4B,Mi9,0.684,-0.5617521613832851
4B,Mi9,0.685,-0.5608165225744475
4B,Mi9,0.686,-0.5598808837656098
4B,Mi9,0.687,-0.5589452449567722
4B,Mi9,0.6880000000000001,-0.5580096061479346
4B,Mi9,0.6890000000000001,-0.557073967339097
4B,Mi9,0.6900000000000001,-0.5561383285302594
4B,Mi9,0.6910000000000001,-0.5552026897214216
4B,Mi9,0.6920000000000001,-0.554267050912584
4B,Mi9,0.6930000000000001,-0.5533314121037463
4B,Mi9,0.6940000000000001,-0.5523957732949086
4B,Mi9,0.6950000000000001,-0.551460134486071
4B,Mi9,0.6960000000000001,-0.5505244956772333
4B,Mi9,0.6970000000000001,-0.5500105667627281
4B,Mi9,0.6980000000000001,-0.5495427473583092
4B,Mi9,0.6990000000000001,-0.5490749279538905
4B,Mi9,0.7000000000000001,-0.5482228626320844
4B,Mi9,0.7010000000000001,-0.5472872238232468
4B,Mi9,0.7020000000000001,-0.5463515850144092
4B,Mi9,0.7030000000000001,-0.5457627281460135
4B,Mi9,0.704,-0.5452949087415946
4B,Mi9,0.705,-0.5448270893371758
4B,Mi9,0.706,-0.5440499519692603
4B,Mi9,0.707,-0.5431143131604226
4B,Mi9,0.708,-0.542178674351585
4B,Mi9,0.709,-0.5412430355427473
4B,Mi9,0.71,-0.5403073967339097
4B,Mi9,0.711,-0.5393717579250721
4B,Mi9,0.712,-0.5386705091258406
4B,Mi9,0.713,-0.5382026897214217
4B,Mi9,0.714,-0.5377348703170028
4B,Mi9,0.715,-0.5370701248799231
4B,Mi9,0.716,-0.5361344860710855
4B,Mi9,0.717,-0.5351988472622479
4B,Mi9,0.718,-0.5342632084534101
4B,Mi9,0.719,-0.5333275696445725
4B,Mi9,0.72,-0.5323919308357349
4B,Mi9,0.721,-0.5314562920268971
4B,Mi9,0.722,-0.5305206532180595
4B,Mi9,0.723,-0.5295850144092218
4B,Mi9,0.724,-0.5286493756003842
4B,Mi9,0.725,-0.5277137367915465
4B,Mi9,0.726,-0.5267780979827088
4B,Mi9,0.727,-0.5258424591738712
4B,Mi9,0.728,-0.5249068203650336
4B,Mi9,0.729,-0.5239711815561959
4B,Mi9,0.73,-0.5230355427473583
4B,Mi9,0.731,-0.5220999039385206
4B,Mi9,0.732,-0.521164265129683
4B,Mi9,0.733,-0.5202286263208453
4B,Mi9,0.734,-0.5192929875120076
4B,Mi9,0.735,-0.51835734870317
4B,Mi9,0.736,-0.5174217098943322
4B,Mi9,0.737,-0.5160835734870316
4B,Mi9,0.738,-0.5146801152737751
4B,Mi9,0.739,-0.5132766570605187
4B,Mi9,0.74,-0.5118731988472622
4B,Mi9,0.741,-0.5104697406340057
4B,Mi9,0.742,-0.5090662824207492
4B,Mi9,0.743,-0.5079903938520652
4B,Mi9,0.744,-0.5070547550432276
4B,Mi9,0.745,-0.5061191162343899
4B,Mi9,0.746,-0.5048933717579249
4B,Mi9,0.747,-0.5034899135446685
4B,Mi9,0.748,-0.502086455331412
4B,Mi9,0.749,-0.5009356388088376
4B,Mi9,0.75,-0.49999999999999994
4B,Mi9,0.751,-0.49906436119116226
4B,Mi9,0.752,-0.4979135446685878
4B,Mi9,0.753,-0.4965100864553313
4B,Mi9,0.754,-0.4951066282420748
4B,Mi9,0.755,-0.4937031700288183
4B,Mi9,0.756,-0.49229971181556187
4B,Mi9,0.757,-0.4908962536023054
4B,Mi9,0.758,-0.48949279538904894
4B,Mi9,0.759,-0.48808933717579245
4B,Mi9,0.76,-0.48668587896253596
4B,Mi9,0.761,-0.48538520653218054
4B,Mi9,0.762,-0.48444956772334286
4B,Mi9,0.763,-0.4835139289145052
4B,Mi9,0.764,-0.48251296829971163
4B,Mi9,0.765,-0.4811095100864552
4B,Mi9,0.766,-0.47970605187319876
4B,Mi9,0.767,-0.47830259365994227
4B,Mi9,0.768,-0.4768991354466858
4B,Mi9,0.769,-0.4754956772334293
4B,Mi9,0.77,-0.4740922190201728
4B,Mi9,0.771,-0.4731469740634005
4B,Mi9,0.772,-0.4722113352545629
4B,Mi9,0.773,-0.47127569644572526
4B,Mi9,0.774,-0.4703400576368876
4B,Mi9,0.775,-0.4694044188280499
4B,Mi9,0.776,-0.4684687800192122
4B,Mi9,0.777,-0.4675331412103746
4B,Mi9,0.778,-0.4665975024015369
4B,Mi9,0.779,-0.46566186359269923
4B,Mi9,0.78,-0.46438040345821313
4B,Mi9,0.781,-0.4629769452449567
4B,Mi9,0.782,-0.4615734870317002
4B,Mi9,0.783,-0.4604783861671469
4B,Mi9,0.784,-0.45954274735830924
4B,Mi9,0.785,-0.45860710854947156
4B,Mi9,0.786,-0.45767146974063394
4B,Mi9,0.787,-0.45673583093179626
4B,Mi9,0.788,-0.4558001921229586
4B,Mi9,0.789,-0.45486455331412096
4B,Mi9,0.79,-0.4539289145052833
4B,Mi9,0.791,-0.45299327569644565
4B,Mi9,0.792,-0.452057636887608
4B,Mi9,0.793,-0.45112199807877035
4B,Mi9,0.794,-0.45018635926993267
4B,Mi9,0.795,-0.44925072046109504
4B,Mi9,0.796,-0.44831508165225736
4B,Mi9,0.797,-0.4473794428434197
4B,Mi9,0.798,-0.446443804034582
4B,Mi9,0.799,-0.4455081652257444
4B,Mi9,0.8,-0.44457252641690675
4B,Mi9,0.801,-0.44363688760806913
4B,Mi9,0.802,-0.44270124879923145
4B,Mi9,0.803,-0.44176560999039377
4B,Mi9,0.804,-0.44082997118155615
4B,Mi9,0.805,-0.43989433237271847
4B,Mi9,0.806,-0.4389586935638808
4B,Mi9,0.807,-0.4380317002881844
4B,Mi9,0.808,-0.4375638808837656
4B,Mi9,0.809,-0.43709606147934676
4B,Mi9,0.81,-0.4366282420749279
4B,Mi9,0.811,-0.43572142170989425
4B,Mi9,0.812,-0.43478578290105657
4B,Mi9,0.8130000000000001,-0.43385014409221895
4B,Mi9,0.8140000000000001,-0.43251296829971164
4B,Mi9,0.8150000000000001,-0.43110951008645515
4B,Mi9,0.8160000000000001,-0.42970605187319866
4B,Mi9,0.8170000000000001,-0.42866666666666653
4B,Mi9,0.8180000000000001,-0.4277310278578289
4B,Mi9,0.8190000000000001,-0.4267953890489913
4B,Mi9,0.8200000000000001,-0.4255331412103745
4B,Mi9,0.8210000000000001,-0.424129682997118
4B,Mi9,0.8220000000000001,-0.4227262247838615
4B,Mi9,0.8230000000000001,-0.4216119116234389
4B,Mi9,0.8240000000000001,-0.42067627281460124
4B,Mi9,0.8250000000000001,-0.4197406340057635
4B,Mi9,0.8260000000000001,-0.4188049951969259
4B,Mi9,0.8270000000000001,-0.41786935638808825
4B,Mi9,0.8280000000000001,-0.41693371757925063
4B,Mi9,0.8290000000000001,-0.41599807877041295
4B,Mi9,0.8300000000000001,-0.41506243996157527
4B,Mi9,0.8310000000000001,-0.41412680115273764
4B,Mi9,0.8320000000000001,-0.4130144092219018
4B,Mi9,0.833,-0.4116109510086455
4B,Mi9,0.834,-0.410207492795389
4B,Mi9,0.835,-0.4088040345821325
4B,Mi9,0.836,-0.40740057636887606
4B,Mi9,0.837,-0.4059971181556196
4B,Mi9,0.838,-0.4046954851104707
4B,Mi9,0.839,-0.40375984630163303
4B,Mi9,0.84,-0.40282420749279535
4B,Mi9,0.841,-0.40195292987512005
4B,Mi9,0.842,-0.40148511047070123
4B,Mi9,0.843,-0.40101729106628237
4B,Mi9,0.844,-0.4005225744476464
4B,Mi9,0.845,-0.39958693563880876
4B,Mi9,0.846,-0.39865129682997114
4B,Mi9,0.847,-0.3977156580211335
4B,Mi9,0.848,-0.39678001921229583
4B,Mi9,0.849,-0.39584438040345815
4B,Mi9,0.85,-0.3949087415946205
4B,Mi9,0.851,-0.39397310278578285
4B,Mi9,0.852,-0.39303746397694517
4B,Mi9,0.853,-0.3921018251681075
4B,Mi9,0.854,-0.39116618635926986
4B,Mi9,0.855,-0.39023054755043224
4B,Mi9,0.856,-0.3892949087415946
4B,Mi9,0.857,-0.3887041306436119
4B,Mi9,0.858,-0.3882363112391931
4B,Mi9,0.859,-0.38776849183477424
4B,Mi9,0.86,-0.3869932756964457
4B,Mi9,0.861,-0.386057636887608
4B,Mi9,0.862,-0.38512199807877034
4B,Mi9,0.863,-0.3844562920268972
4B,Mi9,0.864,-0.38398847262247837
4B,Mi9,0.865,-0.38352065321805956
4B,Mi9,0.866,-0.38305283381364075
4B,Mi9,0.867,-0.3825850144092219
4B,Mi9,0.868,-0.382117195004803
4B,Mi9,0.869,-0.3816493756003842
4B,Mi9,0.87,-0.3811815561959654
4B,Mi9,0.871,-0.3807137367915466
4B,Mi9,0.872,-0.3802459173871277
4B,Mi9,0.873,-0.3797780979827089
4B,Mi9,0.874,-0.3793102785782901
4B,Mi9,0.875,-0.37884245917387127
4B,Mi9,0.876,-0.3783746397694524
4B,Mi9,0.877,-0.3779068203650336
4B,Mi9,0.878,-0.37752161383285304
4B,Mi9,0.879,-0.37752161383285304
4B,Mi9,0.88,-0.37752161383285304
4B,Mi9,0.881,-0.37747646493756
4B,Mi9,0.882,-0.3770086455331412
4B,Mi9,0.883,-0.37654082612872236
4B,Mi9,0.884,-0.37607300672430355
4B,Mi9,0.885,-0.3756051873198847
4B,Mi9,0.886,-0.37513736791546587
4B,Mi9,0.887,-0.37466954851104706
4B,Mi9,0.888,-0.3742017291066282
4B,Mi9,0.889,-0.3737339097022094
4B,Mi9,0.89,-0.3732660902977905
4B,Mi9,0.891,-0.37319884726224783
4B,Mi9,0.892,-0.37319884726224783
4B,Mi9,0.893,-0.37319884726224783
4B,Mi9,0.894,-0.37247262247838614
4B,Mi9,0.895,-0.37153698366954846
4B,Mi9,0.896,-0.3706013448607108
4B,Mi9,0.897,-0.36999135446685877
4B,Mi9,0.898,-0.3695235350624399
4B,Mi9,0.899,-0.36905571565802103
4B,Mi9,0.9,-0.3685878962536022
4B,Mi9,0.901,-0.3681200768491834
4B,Mi9,0.902,-0.3676522574447646
4B,Mi9,0.903,-0.36668299711815555
4B,Mi9,0.904,-0.365279538904899
4B,Mi9,0.905,-0.3638760806916425
4B,Mi9,0.906,-0.3626858789625359
4B,Mi9,0.907,-0.3617502401536982
4B,Mi9,0.908,-0.3608146013448606
4B,Mi9,0.909,-0.3600547550432276
4B,Mi9,0.91,-0.3595869356388088
4B,Mi9,0.911,-0.35911911623438997
4B,Mi9,0.912,-0.3585129682997118
4B,Mi9,0.913,-0.3575773294908741
4B,Mi9,0.914,-0.35664169068203644
4B,Mi9,0.915,-0.35570605187319876
4B,Mi9,0.916,-0.3547704130643611
4B,Mi9,0.917,-0.3538347742555234
4B,Mi9,0.918,-0.3528357348703168
4B,Mi9,0.919,-0.35143227665706034
4B,Mi9,0.92,-0.3500288184438039
4B,Mi9,0.921,-0.34862536023054747
4B,Mi9,0.922,-0.347221902017291
4B,Mi9,0.923,-0.3458184438040344
4B,Mi9,0.924,-0.34441498559077793
4B,Mi9,0.925,-0.3434678194044187
4B,Mi9,0.926,-0.34253218059558105
4B,Mi9,0.927,-0.34159654178674337
4B,Mi9,0.928,-0.34066090297790574
4B,Mi9,0.929,-0.3397252641690681
4B,Mi9,0.93,-0.33878962536023044
4B,Mi9,0.931,-0.3378539865513928
4B,Mi9,0.932,-0.33691834774255514
4B,Mi9,0.933,-0.33598270893371746
4B,Mi9,0.934,-0.33504707012487983
4B,Mi9,0.935,-0.33411143131604215
4B,Mi9,0.936,-0.33317579250720447
4B,Mi9,0.937,-0.3319337175792505
4B,Mi9,0.9380000000000001,-0.33053025936599406
4B,Mi9,0.9390000000000001,-0.3291268011527376
4B,Mi9,0.9400000000000001,-0.32799231508165216
4B,Mi9,0.9410000000000001,-0.3270566762728145
4B,Mi9,0.9420000000000001,-0.3261210374639768
4B,Mi9,0.9430000000000001,-0.3251853986551392
4B,Mi9,0.9440000000000001,-0.3242497598463015
4B,Mi9,0.9450000000000001,-0.3233141210374638
4B,Mi9,0.9460000000000001,-0.32237848222862614
4B,Mi9,0.9470000000000001,-0.3214428434197885
4B,Mi9,0.9480000000000001,-0.3205072046109509
4B,Mi9,0.9490000000000001,-0.31972814601344857
4B,Mi9,0.9500000000000001,-0.3192603266090297
4B,Mi9,0.9510000000000001,-0.3187925072046109
4B,Mi9,0.9520000000000001,-0.318205571565802
4B,Mi9,0.9530000000000001,-0.3172699327569643
4B,Mi9,0.9540000000000001,-0.3163342939481266
4B,Mi9,0.9550000000000001,-0.31548030739673383
4B,Mi9,0.9560000000000001,-0.315012487992315
4B,Mi9,0.9570000000000001,-0.3145446685878962
4B,Mi9,0.9580000000000001,-0.3140768491834774
4B,Mi9,0.9590000000000001,-0.3136090297790585
4B,Mi9,0.96,-0.31314121037463977
4B,Mi9,0.961,-0.3126733909702209
4B,Mi9,0.962,-0.3122055715658021
4B,Mi9,0.963,-0.3117377521613833
4B,Mi9,0.964,-0.31126993275696446
4B,Mi9,0.965,-0.3108021133525456
4B,Mi9,0.966,-0.3103342939481268
4B,Mi9,0.967,-0.30986647454370797
4B,Mi9,0.968,-0.30939865513928916
4B,Mi9,0.969,-0.3089308357348703
4B,Mi9,0.97,-0.3084630163304515
4B,Mi9,0.971,-0.30799519692603267
4B,Mi9,0.972,-0.3075273775216138
4B,Mi9,0.973,-0.307059558117195
4B,Mi9,0.974,-0.3065917387127761
4B,Mi9,0.975,-0.3061239193083573
4B,Mi9,0.976,-0.3056560999039385
4B,Mi9,0.977,-0.3051882804995197
4B,Mi9,0.978,-0.3047204610951008
4B,Mi9,0.979,-0.304252641690682
4B,Mi9,0.98,-0.3037848222862632
4B,Mi9,0.981,-0.3033170028818443
4B,Mi9,0.982,-0.3028491834774255
4B,Mi9,0.983,-0.30238136407300664
4B,Mi9,0.984,-0.30191354466858783
4B,Mi9,0.985,-0.3014457252641691
4B,Mi9,0.986,-0.3008030739673391
4B,Mi9,0.987,-0.2998674351585014
4B,Mi9,0.988,-0.2989317963496637
4B,Mi9,0.989,-0.298133525456292
4B,Mi9,0.99,-0.29766570605187315
4B,Mi9,0.991,-0.29719788664745433
4B,Mi9,0.992,-0.29673006724303547
4B,Mi9,0.993,-0.29626224783861665
4B,Mi9,0.994,-0.29579442843419784
4B,Mi9,0.995,-0.29532660902977903
4B,Mi9,0.996,-0.2948587896253602
4B,Mi9,0.997,-0.29439097022094135
4B,Mi9,0.998,-0.29389817483189234
4B,Mi9,0.999,-0.29296253602305466
4B,Mi9,1.0,-0.292026897214217
4B,Mi9,1.0010000000000001,-0.2910912584053792
4B,Mi9,1.002,-0.2901556195965417
4B,Mi9,1.0030000000000001,-0.28921998078770395
4B,Mi9,1.004,-0.28828434197886643
4B,Mi9,1.0050000000000001,-0.28734870317002864
4B,Mi9,1.006,-0.286413064361191
4B,Mi9,1.0070000000000001,-0.2854774255523532
4B,Mi9,1.008,-0.2845417867435157
4B,Mi9,1.0090000000000001,-0.2836061479346779
4B,Mi9,1.01,-0.2826705091258404
4B,Mi9,1.0110000000000001,-0.2817348703170027
4B,Mi9,1.012,-0.28079923150816516
4B,Mi9,1.0130000000000001,-0.2798635926993274
4B,Mi9,1.014,-0.27892795389048985
4B,Mi9,1.0150000000000001,-0.27799231508165206
4B,Mi9,1.016,-0.27705667627281444
4B,Mi9,1.0170000000000001,-0.27612103746397665
4B,Mi9,1.018,-0.27518539865513914
4B,Mi9,1.0190000000000001,-0.27424975984630134
4B,Mi9,1.02,-0.27354466858789617
4B,Mi9,1.0210000000000001,-0.2730768491834773
4B,Mi9,1.022,-0.27260902977905854
4B,Mi9,1.0230000000000001,-0.27194812680115255
4B,Mi9,1.024,-0.271012487992315
4B,Mi9,1.025,-0.27007684918347735
4B,Mi9,1.026,-0.26914121037463956
4B,Mi9,1.027,-0.26820557156580205
4B,Mi9,1.028,-0.2672699327569643
4B,Mi9,1.029,-0.2665706051873199
4B,Mi9,1.03,-0.2665706051873199
4B,Mi9,1.031,-0.2665706051873199
4B,Mi9,1.032,-0.2664092219020172
4B,Mi9,1.033,-0.26547358309317964
4B,Mi9,1.034,-0.2645379442843418
4B,Mi9,1.035,-0.26368876080691644
4B,Mi9,1.036,-0.26368876080691644
4B,Mi9,1.037,-0.26368876080691644
4B,Mi9,1.038,-0.26367723342939486
4B,Mi9,1.039,-0.2627415946205573
4B,Mi9,1.04,-0.2618059558117195
4B,Mi9,1.041,-0.2608703170028819
4B,Mi9,1.042,-0.2603707973102785
4B,Mi9,1.043,-0.2599029779058597
4B,Mi9,1.044,-0.25943515850144083
4B,Mi9,1.045,-0.25936599423631124
4B,Mi9,1.046,-0.25936599423631124
4B,Mi9,1.047,-0.25936599423631124
4B,Mi9,1.048,-0.25936599423631124
4B,Mi9,1.049,-0.25936599423631124
4B,Mi9,1.05,-0.25936599423631124
4B,Mi9,1.051,-0.2587185398655139
4B,Mi9,1.052,-0.2577829010566761
4B,Mi9,1.053,-0.2568472622478385
4B,Mi9,1.054,-0.2564841498559078
4B,Mi9,1.055,-0.2564841498559078
4B,Mi9,1.056,-0.2564841498559078
4B,Mi9,1.057,-0.2564841498559078
4B,Mi9,1.058,-0.2564841498559078
4B,Mi9,1.059,-0.2564841498559078
4B,Mi9,1.06,-0.2562728146013448
4B,Mi9,1.061,-0.255804995196926
4B,Mi9,1.062,-0.2553371757925071
4B,Mi9,1.063,-0.2548693563880883
4B,Mi9,1.064,-0.25440153698366946
4B,Mi9,1.065,-0.25393371757925076
4B,Mi9,1.066,-0.25360230547550433
4B,Mi9,1.067,-0.25360230547550433
4B,Mi9,1.068,-0.25360230547550433
4B,Mi9,1.069,-0.25350336215177716
4B,Mi9,1.07,-0.25303554274735823
4B,Mi9,1.071,-0.2525677233429394
4B,Mi9,1.072,-0.2520999039385205
4B,Mi9,1.073,-0.2516320845341018
4B,Mi9,1.074,-0.251164265129683
4B,Mi9,1.075,-0.2506964457252642
4B,Mi9,1.076,-0.2502286263208453
4B,Mi9,1.077,-0.24976080691642652
4B,Mi9,1.078,-0.24929298751200762
4B,Mi9,1.079,-0.2488251681075888
4B,Mi9,1.08,-0.24835734870316992
4B,Mi9,1.081,-0.2478895292987511
4B,Mi9,1.082,-0.24742170989433226
4B,Mi9,1.083,-0.24695389048991354
4B,Mi9,1.084,-0.2464860710854947
4B,Mi9,1.085,-0.24563880883765618
4B,Mi9,1.086,-0.24470317002881836
4B,Mi9,1.087,-0.24376753121998077
4B,Mi9,1.088,-0.24317387127761758
4B,Mi9,1.089,-0.2427060518731988
4B,Mi9,1.09,-0.2422382324687799
4B,Mi9,1.091,-0.24146589817483177
4B,Mi9,1.092,-0.24053025936599412
4B,Mi9,1.093,-0.23959462055715663
4B,Mi9,1.094,-0.23892603266090298
4B,Mi9,1.095,-0.23845821325648417
4B,Mi9,1.096,-0.23799039385206527
4B,Mi9,1.097,-0.23729298751200764
4B,Mi9,1.098,-0.23635734870316982
4B,Mi9,1.099,-0.23542170989433223
4B,Mi9,1.1,-0.23467819404418816
4B,Mi9,1.101,-0.23421037463976943
4B,Mi9,1.102,-0.2337425552353506
4B,Mi9,1.103,-0.23312007684918354
4B,Mi9,1.104,-0.23218443804034575
4B,Mi9,1.105,-0.23124879923150815
4B,Mi9,1.106,-0.2304303554274735
4B,Mi9,1.107,-0.2299625360230547
4B,Mi9,1.108,-0.2294947166186358
4B,Mi9,1.109,-0.22894716618635907
4B,Mi9,1.11,-0.22801152737752142
4B,Mi9,1.111,-0.22707588856868396
4B,Mi9,1.112,-0.22622478386167147
4B,Mi9,1.113,-0.22622478386167147
4B,Mi9,1.114,-0.22622478386167147
4B,Mi9,1.115,-0.22621517771373673
4B,Mi9,1.116,-0.22527953890489893
4B,Mi9,1.117,-0.22434390009606134
4B,Mi9,1.118,-0.22340826128722352
4B,Mi9,1.119,-0.22247262247838606
4B,Mi9,1.12,-0.22153698366954838
4B,Mi9,1.121,-0.22060134486071092
4B,Mi9,1.122,-0.22046109510086456
4B,Mi9,1.123,-0.22046109510086456
4B,Mi9,1.124,-0.22046109510086456
4B,Mi9,1.125,-0.22010086455331407
4B,Mi9,1.1260000000000001,-0.21963304514889517
4B,Mi9,1.127,-0.2191652257444764
4B,Mi9,1.1280000000000001,-0.21869740634005752
4B,Mi9,1.129,-0.21822958693563876
4B,Mi9,1.1300000000000001,-0.21776176753121992
4B,Mi9,1.131,-0.21729394812680117
4B,Mi9,1.1320000000000001,-0.21682612872238224
4B,Mi9,1.133,-0.21635830931796346
4B,Mi9,1.1340000000000001,-0.21613832853025935
4B,Mi9,1.135,-0.21613832853025935
4B,Mi9,1.1360000000000001,-0.21613832853025935
4B,Mi9,1.137,-0.21592795389048983
4B,Mi9,1.1380000000000001,-0.215460134486071
4B,Mi9,1.139,-0.21499231508165226
4B,Mi9,1.1400000000000001,-0.2145244956772334
4B,Mi9,1.141,-0.21405667627281458
4B,Mi9,1.1420000000000001,-0.21358885686839568
4B,Mi9,1.143,-0.2132564841498559
4B,Mi9,1.1440000000000001,-0.2132564841498559
4B,Mi9,1.145,-0.2132564841498559
4B,Mi9,1.1460000000000001,-0.21315850144092202
4B,Mi9,1.147,-0.2126906820365033
4B,Mi9,1.1480000000000001,-0.21222286263208445
4B,Mi9,1.149,-0.21175504322766572
4B,Mi9,1.1500000000000001,-0.21128722382324683
4B,Mi9,1.151,-0.21081940441882802
4B,Mi9,1.1520000000000001,-0.21035158501440912
4B,Mi9,1.153,-0.2098837656099903
4B,Mi9,1.154,-0.20941594620557152
4B,Mi9,1.155,-0.20894812680115263
4B,Mi9,1.156,-0.20893371757925072
4B,Mi9,1.157,-0.20893371757925072
4B,Mi9,1.158,-0.20893371757925072
4B,Mi9,1.159,-0.20810182516810757
4B,Mi9,1.16,-0.20716618635926998
4B,Mi9,1.161,-0.20623054755043219
4B,Mi9,1.162,-0.20605187319884727
4B,Mi9,1.163,-0.20605187319884727
4B,Mi9,1.164,-0.20605187319884727
4B,Mi9,1.165,-0.20536983669548495
4B,Mi9,1.166,-0.20443419788664746
4B,Mi9,1.167,-0.2034985590778098
4B,Mi9,1.168,-0.20256292026897224
4B,Mi9,1.169,-0.20162728146013442
4B,Mi9,1.17,-0.20069164265129683
4B,Mi9,1.171,-0.20002209414024968
4B,Mi9,1.172,-0.19955427473583087
4B,Mi9,1.173,-0.19908645533141198
4B,Mi9,1.174,-0.19861863592699322
4B,Mi9,1.175,-0.19815081652257438
4B,Mi9,1.176,-0.19768299711815565
4B,Mi9,1.177,-0.19702401536983669
4B,Mi9,1.178,-0.1960883765609991
4B,Mi9,1.179,-0.1951527377521613
4B,Mi9,1.18,-0.19437079731027856
4B,Mi9,1.181,-0.19390297790585967
4B,Mi9,1.182,-0.19343515850144086
4B,Mi9,1.183,-0.19285110470701225
4B,Mi9,1.184,-0.1919154658981748
4B,Mi9,1.185,-0.1909798270893371
4B,Mi9,1.186,-0.19012295869356394
4B,Mi9,1.187,-0.18965513928914504
4B,Mi9,1.188,-0.18918731988472623
4B,Mi9,1.189,-0.18867819404418815
4B,Mi9,1.19,-0.18774255523535055
4B,Mi9,1.191,-0.18680691642651276
4B,Mi9,1.192,-0.18587512007684912
4B,Mi9,1.193,-0.18540730067243028
4B,Mi9,1.194,-0.18493948126801152
4B,Mi9,1.195,-0.18447166186359268
4B,Mi9,1.196,-0.1840038424591739
4B,Mi9,1.197,-0.183536023054755
4B,Mi9,1.198,-0.1830682036503362
4B,Mi9,1.199,-0.18260038424591732
4B,Mi9,1.2,-0.18213256484149856
4B,Mi9,1.201,-0.1816647454370797
4B,Mi9,1.202,-0.18119692603266088
4B,Mi9,1.203,-0.180729106628242
4B,Mi9,1.204,-0.1802612872238232
4B,Mi9,1.205,-0.1797934678194043
4B,Mi9,1.206,-0.17932564841498555
4B,Mi9,1.207,-0.17885782901056668
4B,Mi9,1.208,-0.17839000960614793
4B,Mi9,1.209,-0.17792219020172906
4B,Mi9,1.21,-0.17745437079731027
4B,Mi9,1.211,-0.1769865513928914
4B,Mi9,1.212,-0.1765187319884726
4B,Mi9,1.213,-0.1760509125840537
4B,Mi9,1.214,-0.17579250720461095
4B,Mi9,1.215,-0.17579250720461095
4B,Mi9,1.216,-0.17579250720461095
4B,Mi9,1.217,-0.17579250720461095
4B,Mi9,1.218,-0.17579250720461095
4B,Mi9,1.219,-0.17579250720461095
4B,Mi9,1.22,-0.17579250720461095
4B,Mi9,1.221,-0.17579250720461095
4B,Mi9,1.222,-0.17579250720461095
4B,Mi9,1.223,-0.17579250720461095
4B,Mi9,1.224,-0.17579250720461095
4B,Mi9,1.225,-0.17579250720461095
4B,Mi9,1.226,-0.1756733909702209
4B,Mi9,1.227,-0.17473775216138315
4B,Mi9,1.228,-0.1738021133525456
4B,Mi9,1.229,-0.1729106628242075
4B,Mi9,1.23,-0.1729106628242075
4B,Mi9,1.231,-0.1729106628242075
4B,Mi9,1.232,-0.1729106628242075
4B,Mi9,1.233,-0.1729106628242075
4B,Mi9,1.234,-0.1729106628242075
4B,Mi9,1.235,-0.1729106628242075
4B,Mi9,1.236,-0.1729106628242075
4B,Mi9,1.237,-0.1729106628242075
4B,Mi9,1.238,-0.1729106628242075
4B,Mi9,1.239,-0.1729106628242075
4B,Mi9,1.24,-0.1729106628242075
4B,Mi9,1.241,-0.1729106628242075
4B,Mi9,1.242,-0.17257060518731981
4B,Mi9,1.243,-0.17210278578290095
4B,Mi9,1.244,-0.1716349663784822
4B,Mi9,1.245,-0.17146974063400577
4B,Mi9,1.246,-0.17146974063400577
4B,Mi9,1.247,-0.17146974063400577
4B,Mi9,1.248,-0.17120461095100864
4B,Mi9,1.249,-0.17073679154658974
4B,Mi9,1.25,-0.17026897214217093
4B,Mi9,1.2510000000000001,-0.16980115273775204
4B,Mi9,1.252,-0.16933333333333328
4B,Mi9,1.2530000000000001,-0.16886551392891438
4B,Mi9,1.254,-0.16839769452449563
4B,Mi9,1.2550000000000001,-0.16792987512007676
4B,Mi9,1.256,-0.16746205571565798
4B,Mi9,1.2570000000000001,-0.16714697406340057
4B,Mi9,1.258,-0.16714697406340057
4B,Mi9,1.2590000000000001,-0.16714697406340057
4B,Mi9,1.26,-0.16703170028818434
4B,Mi9,1.2610000000000001,-0.16656388088376547
4B,Mi9,1.262,-0.16609606147934672
4B,Mi9,1.2630000000000001,-0.16562824207492785
4B,Mi9,1.264,-0.16516042267050907
4B,Mi9,1.2650000000000001,-0.1646926032660902
4B,Mi9,1.266,-0.16422478386167144
4B,Mi9,1.2670000000000001,-0.16375696445725255
4B,Mi9,1.268,-0.16328914505283373
4B,Mi9,1.2690000000000001,-0.16282132564841484
4B,Mi9,1.27,-0.16235350624399608
4B,Mi9,1.2710000000000001,-0.16188568683957721
4B,Mi9,1.272,-0.16141786743515843
4B,Mi9,1.2730000000000001,-0.16095004803073956
4B,Mi9,1.274,-0.1604822286263208
4B,Mi9,1.2750000000000001,-0.16001440922190194
4B,Mi9,1.276,-0.15954658981748315
4B,Mi9,1.2770000000000001,-0.15907877041306426
4B,Mi9,1.278,-0.15861095100864545
4B,Mi9,1.2790000000000001,-0.1585014409221902
4B,Mi9,1.28,-0.1585014409221902
4B,Mi9,1.281,-0.1585014409221902
4B,Mi9,1.282,-0.1581805955811719
4B,Mi9,1.283,-0.15771277617675314
4B,Mi9,1.284,-0.15724495677233427
4B,Mi9,1.285,-0.1567771373679155
4B,Mi9,1.286,-0.1563093179634966
4B,Mi9,1.287,-0.15584149855907778
4B,Mi9,1.288,-0.15561959654178675
4B,Mi9,1.289,-0.15561959654178675
4B,Mi9,1.29,-0.15561959654178675
4B,Mi9,1.291,-0.15561959654178675
4B,Mi9,1.292,-0.15561959654178675
4B,Mi9,1.293,-0.15561959654178675
4B,Mi9,1.294,-0.15561959654178675
4B,Mi9,1.295,-0.15561959654178675
4B,Mi9,1.296,-0.15561959654178675
4B,Mi9,1.297,-0.15548607108549467
4B,Mi9,1.298,-0.1550182516810758
4B,Mi9,1.299,-0.15455043227665705
4B,Mi9,1.3,-0.15408261287223818
4B,Mi9,1.301,-0.1536147934678194
4B,Mi9,1.302,-0.15314697406340053
4B,Mi9,1.303,-0.15273775216138327
4B,Mi9,1.304,-0.15273775216138327
4B,Mi9,1.305,-0.15273775216138327
4B,Mi9,1.306,-0.15273775216138327
4B,Mi9,1.307,-0.15273775216138327
4B,Mi9,1.308,-0.15273775216138327
4B,Mi9,1.309,-0.15273775216138327
4B,Mi9,1.31,-0.15273775216138327
4B,Mi9,1.311,-0.15273775216138327
4B,Mi9,1.312,-0.15273775216138327
4B,Mi9,1.313,-0.15273775216138327
4B,Mi9,1.314,-0.15273775216138327
4B,Mi9,1.315,-0.15273775216138327
4B,Mi9,1.316,-0.15273775216138327
4B,Mi9,1.317,-0.15273775216138327
4B,Mi9,1.318,-0.15273775216138327
4B,Mi9,1.319,-0.15273775216138327
4B,Mi9,1.32,-0.15273775216138327
4B,Mi9,1.321,-0.15273775216138327
4B,Mi9,1.322,-0.15273775216138327
4B,Mi9,1.323,-0.15273775216138327
4B,Mi9,1.324,-0.15273775216138327
4B,Mi9,1.325,-0.15273775216138327
4B,Mi9,1.326,-0.15273775216138327
4B,Mi9,1.327,-0.15273775216138327
4B,Mi9,1.328,-0.15273775216138327
4B,Mi9,1.329,-0.15273775216138327
4B,Mi9,1.33,-0.15273775216138327
4B,Mi9,1.331,-0.15273775216138327
4B,Mi9,1.332,-0.15273775216138327
4B,Mi9,1.333,-0.15273775216138327
4B,Mi9,1.334,-0.15258597502401525
4B,Mi9,1.335,-0.15211815561959646
4B,Mi9,1.336,-0.1516503362151776
4B,Mi9,1.337,-0.15118251681075884
4B,Mi9,1.338,-0.15071469740633997
4B,Mi9,1.339,-0.1502468780019212
4B,Mi9,1.34,-0.14985590778097982
4B,Mi9,1.341,-0.14985590778097982
4B,Mi9,1.342,-0.14985590778097982
4B,Mi9,1.343,-0.14985590778097982
4B,Mi9,1.344,-0.14985590778097982
4B,Mi9,1.345,-0.14985590778097982
4B,Mi9,1.346,-0.1498539865513928
4B,Mi9,1.347,-0.14938616714697403
4B,Mi9,1.348,-0.14891834774255516
4B,Mi9,1.349,-0.14845052833813638
4B,Mi9,1.35,-0.14798270893371748
4B,Mi9,1.351,-0.1475148895292987
4B,Mi9,1.352,-0.1470470701248798
4B,Mi9,1.353,-0.14657925072046102
4B,Mi9,1.354,-0.14611143131604215
4B,Mi9,1.355,-0.1456436119116234
4B,Mi9,1.356,-0.14517579250720453
4B,Mi9,1.357,-0.14470797310278574
4B,Mi9,1.358,-0.14424015369836687
4B,Mi9,1.359,-0.1437723342939481
4B,Mi9,1.36,-0.1433045148895292
4B,Mi9,1.361,-0.1428366954851104
4B,Mi9,1.362,-0.14236887608069151
4B,Mi9,1.363,-0.14190105667627276
4B,Mi9,1.364,-0.1414332372718539
4B,Mi9,1.365,-0.1409654178674351
4B,Mi9,1.366,-0.14049759846301624
4B,Mi9,1.367,-0.14002977905859748
4B,Mi9,1.368,-0.1395619596541786
4B,Mi9,1.369,-0.1390941402497598
4B,Mi9,1.37,-0.1386263208453409
4B,Mi9,1.371,-0.13815850144092212
4B,Mi9,1.372,-0.13769068203650323
4B,Mi9,1.373,-0.13722286263208447
4B,Mi9,1.374,-0.13675504322766557
4B,Mi9,1.375,-0.13628722382324682
4B,Mi9,1.3760000000000001,-0.13581940441882795
4B,Mi9,1.377,-0.13544668587896252
4B,Mi9,1.3780000000000001,-0.13544668587896252
4B,Mi9,1.379,-0.13544668587896252
4B,Mi9,1.3800000000000001,-0.1353314121037461
4B,Mi9,1.381,-0.13439577329490857
4B,Mi9,1.3820000000000001,-0.13346013448607083
4B,Mi9,1.383,-0.13256484149855907
4B,Mi9,1.3840000000000001,-0.13256484149855907
4B,Mi9,1.385,-0.13256484149855907
4B,Mi9,1.3860000000000001,-0.13256484149855907
4B,Mi9,1.387,-0.13256484149855907
4B,Mi9,1.3880000000000001,-0.13256484149855907
4B,Mi9,1.389,-0.13256484149855907
4B,Mi9,1.3900000000000001,-0.13256484149855907
4B,Mi9,1.391,-0.13256484149855907
4B,Mi9,1.3920000000000001,-0.13256484149855907
4B,Mi9,1.393,-0.13181364073006713
4B,Mi9,1.3940000000000001,-0.1308780019212294
4B,Mi9,1.395,-0.12994236311239185
4B,Mi9,1.3960000000000001,-0.12968299711815562
4B,Mi9,1.397,-0.12968299711815562
4B,Mi9,1.3980000000000001,-0.12968299711815562
4B,Mi9,1.399,-0.12968299711815562
4B,Mi9,1.4000000000000001,-0.12968299711815562
4B,Mi9,1.401,-0.12968299711815562
4B,Mi9,1.4020000000000001,-0.12968299711815562
4B,Mi9,1.403,-0.12968299711815562
4B,Mi9,1.4040000000000001,-0.12968299711815562
4B,Mi9,1.405,-0.12968299711815562
4B,Mi9,1.4060000000000001,-0.12968299711815562
4B,Mi9,1.407,-0.12968299711815562
4B,Mi9,1.408,-0.12968299711815562
4B,Mi9,1.409,-0.12968299711815562
4B,Mi9,1.41,-0.12968299711815562
4B,Mi9,1.411,-0.12968299711815562
4B,Mi9,1.412,-0.12968299711815562
4B,Mi9,1.413,-0.12968299711815562
4B,Mi9,1.414,-0.12968299711815562
4B,Mi9,1.415,-0.12968299711815562
4B,Mi9,1.416,-0.12968299711815562
4B,Mi9,1.417,-0.12968299711815562
4B,Mi9,1.418,-0.12968299711815562
4B,Mi9,1.419,-0.12968299711815562
4B,Mi9,1.42,-0.12968299711815562
4B,Mi9,1.421,-0.12968299711815562
4B,Mi9,1.422,-0.12968299711815562
4B,Mi9,1.423,-0.12968299711815562
4B,Mi9,1.424,-0.12968299711815562
4B,Mi9,1.425,-0.12968299711815562
4B,Mi9,1.426,-0.12968299711815562
4B,Mi9,1.427,-0.12968299711815562
4B,Mi9,1.428,-0.12968299711815562
4B,Mi9,1.429,-0.12968299711815562
4B,Mi9,1.43,-0.1292891450528338
4B,Mi9,1.431,-0.12882132564841492
4B,Mi9,1.432,-0.12835350624399616
4B,Mi9,1.433,-0.12788568683957727
4B,Mi9,1.434,-0.12741786743515846
4B,Mi9,1.435,-0.12695004803073956
4B,Mi9,1.436,-0.12680115273775217
4B,Mi9,1.437,-0.12680115273775217
4B,Mi9,1.438,-0.12680115273775217
4B,Mi9,1.439,-0.126519692603266
4B,Mi9,1.44,-0.12605187319884725
4B,Mi9,1.441,-0.12558405379442839
4B,Mi9,1.442,-0.1251162343900096
4B,Mi9,1.443,-0.12464841498559069
4B,Mi9,1.444,-0.12418059558117188
4B,Mi9,1.445,-0.123712776176753
4B,Mi9,1.446,-0.12324495677233423
4B,Mi9,1.447,-0.12277713736791536
4B,Mi9,1.448,-0.12247838616714697
4B,Mi9,1.449,-0.12247838616714697
4B,Mi9,1.45,-0.12247838616714697
4B,Mi9,1.451,-0.12221517771373665
4B,Mi9,1.452,-0.12127953890489905
4B,Mi9,1.453,-0.12034390009606125
4B,Mi9,1.454,-0.11950240153698359
4B,Mi9,1.455,-0.11903458213256472
4B,Mi9,1.456,-0.11856676272814597
4B,Mi9,1.457,-0.1180989433237271
4B,Mi9,1.458,-0.11763112391930833
4B,Mi9,1.459,-0.11716330451488945
4B,Mi9,1.46,-0.11667627281460131
4B,Mi9,1.461,-0.11574063400576351
4B,Mi9,1.462,-0.11480499519692591
4B,Mi9,1.463,-0.11386935638808811
4B,Mi9,1.464,-0.1138328530259366
4B,Mi9,1.465,-0.1138328530259366
4B,Mi9,1.466,-0.1138328530259366
4B,Mi9,1.467,-0.11300864553314102
4B,Mi9,1.468,-0.1120730067243035
4B,Mi9,1.469,-0.11113736791546576
4B,Mi9,1.47,-0.11095100864553314
4B,Mi9,1.471,-0.11095100864553314
4B,Mi9,1.472,-0.11095100864553314
4B,Mi9,1.473,-0.11027665706051847
4B,Mi9,1.474,-0.10934101825168094
4B,Mi9,1.475,-0.10840537944284319
4B,Mi9,1.476,-0.10776945244956766
4B,Mi9,1.477,-0.1073016330451488
4B,Mi9,1.478,-0.10683381364073004
4B,Mi9,1.479,-0.10636599423631114
4B,Mi9,1.48,-0.10589817483189234
4B,Mi9,1.481,-0.10543035542747345
4B,Mi9,1.482,-0.10496253602305466
4B,Mi9,1.483,-0.1044947166186358
4B,Mi9,1.484,-0.10402689721421703
4B,Mi9,1.485,-0.1037463976945245
4B,Mi9,1.486,-0.1037463976945245
4B,Mi9,1.487,-0.1037463976945245
4B,Mi9,1.488,-0.1037463976945245
4B,Mi9,1.489,-0.1037463976945245
4B,Mi9,1.49,-0.1037463976945245
4B,Mi9,1.491,-0.10363400576368861
4B,Mi9,1.492,-0.10316618635926984
4B,Mi9,1.493,-0.10269836695485098
4B,Mi9,1.494,-0.10223054755043222
4B,Mi9,1.495,-0.10176272814601335
4B,Mi9,1.496,-0.10129490874159458
4B,Mi9,1.497,-0.10086455331412104
4B,Mi9,1.498,-0.10086455331412104
4B,Mi9,1.499,-0.10086455331412104
4B,Mi9,1.5,-0.10086455331412104
4B,Mi9,1.5010000000000001,-0.10086455331412104
4B,Mi9,1.502,-0.10086455331412104
4B,Mi9,1.5030000000000001,-0.10086455331412104
4B,Mi9,1.504,-0.10086455331412104
4B,Mi9,1.5050000000000001,-0.10086455331412104
4B,Mi9,1.506,-0.10086455331412104
4B,Mi9,1.5070000000000001,-0.10086455331412104
4B,Mi9,1.508,-0.10086455331412104
4B,Mi9,1.5090000000000001,-0.10086455331412104
4B,Mi9,1.51,-0.10050912584053785
4B,Mi9,1.5110000000000001,-0.10004130643611897
4B,Mi9,1.512,-0.0995734870317002
4B,Mi9,1.5130000000000001,-0.09910566762728133
4B,Mi9,1.514,-0.09863784822286258
4B,Mi9,1.5150000000000001,-0.09817002881844371
4B,Mi9,1.516,-0.09798270893371758
4B,Mi9,1.5170000000000001,-0.09798270893371758
4B,Mi9,1.518,-0.09798270893371758
4B,Mi9,1.5190000000000001,-0.09798270893371758
4B,Mi9,1.52,-0.09798270893371758
4B,Mi9,1.5210000000000001,-0.09798270893371758
4B,Mi9,1.522,-0.09798270893371758
4B,Mi9,1.5230000000000001,-0.09798270893371758
4B,Mi9,1.524,-0.09798270893371758
4B,Mi9,1.5250000000000001,-0.09798270893371758
4B,Mi9,1.526,-0.09798270893371758
4B,Mi9,1.5270000000000001,-0.09798270893371758
4B,Mi9,1.528,-0.0977214217098941
4B,Mi9,1.5290000000000001,-0.09678578290105637
4B,Mi9,1.53,-0.09585014409221884
4B,Mi9,1.5310000000000001,-0.09510086455331412
4B,Mi9,1.532,-0.09510086455331412
4B,Mi9,1.5330000000000001,-0.09510086455331412
4B,Mi9,1.534,-0.09510086455331412
4B,Mi9,1.5350000000000001,-0.09510086455331412
4B,Mi9,1.536,-0.09510086455331412
4B,Mi9,1.537,-0.09510086455331412
4B,Mi9,1.538,-0.09510086455331412
4B,Mi9,1.539,-0.09510086455331412
4B,Mi9,1.54,-0.09510086455331412
4B,Mi9,1.541,-0.09465225744476463
4B,Mi9,1.542,-0.09418443804034576
4B,Mi9,1.543,-0.093716618635927
4B,Mi9,1.544,-0.09324879923150813
4B,Mi9,1.545,-0.09278097982708935
4B,Mi9,1.546,-0.09231316042267047
4B,Mi9,1.547,-0.09221902017291066
4B,Mi9,1.548,-0.09221902017291066
4B,Mi9,1.549,-0.09221902017291066
4B,Mi9,1.55,-0.09221902017291066
4B,Mi9,1.551,-0.09221902017291066
4B,Mi9,1.552,-0.09221902017291066
4B,Mi9,1.553,-0.09221902017291066
4B,Mi9,1.554,-0.09221902017291066
4B,Mi9,1.555,-0.09221902017291066
4B,Mi9,1.556,-0.09221902017291066
4B,Mi9,1.557,-0.09221902017291066
4B,Mi9,1.558,-0.09221902017291066
4B,Mi9,1.559,-0.09221902017291066
4B,Mi9,1.56,-0.09221902017291066
4B,Mi9,1.561,-0.09221902017291066
4B,Mi9,1.562,-0.09221902017291066
4B,Mi9,1.563,-0.09221902017291066
4B,Mi9,1.564,-0.09221902017291066
4B,Mi9,1.565,-0.09221902017291066
4B,Mi9,1.566,-0.09221902017291066
4B,Mi9,1.567,-0.09221902017291066
4B,Mi9,1.568,-0.09221902017291066
4B,Mi9,1.569,-0.09221902017291066
4B,Mi9,1.57,-0.09221902017291066
4B,Mi9,1.571,-0.0922929875120077
4B,Mi9,1.572,-0.09276080691642657
4B,Mi9,1.573,-0.09322862632084533
4B,Mi9,1.574,-0.09369644572526421
4B,Mi9,1.575,-0.09416426512968301
4B,Mi9,1.576,-0.09463208453410192
4B,Mi9,1.577,-0.09509990393852072
4B,Mi9,1.578,-0.09510086455331412
4B,Mi9,1.579,-0.09510086455331412
4B,Mi9,1.58,-0.09510086455331412
4B,Mi9,1.581,-0.09553025936599426
4B,Mi9,1.582,-0.09599807877041312
4B,Mi9,1.583,-0.09646589817483188
4B,Mi9,1.584,-0.09693371757925077
4B,Mi9,1.585,-0.09740153698366957
4B,Mi9,1.586,-0.09786935638808848
4B,Mi9,1.587,-0.09833717579250725
4B,Mi9,1.588,-0.09880499519692612
4B,Mi9,1.589,-0.09927281460134489
4B,Mi9,1.59,-0.09974063400576376
4B,Mi9,1.591,-0.10020845341018253
4B,Mi9,1.592,-0.1006762728146014
4B,Mi9,1.593,-0.10114409221902018
4B,Mi9,1.594,-0.10161191162343909
4B,Mi9,1.595,-0.10207973102785789
4B,Mi9,1.596,-0.10254755043227677
4B,Mi9,1.597,-0.10301536983669554
4B,Mi9,1.598,-0.10348318924111441
4B,Mi9,1.599,-0.1037463976945245
4B,Mi9,1.6,-0.1037463976945245
4B,Mi9,1.601,-0.1037463976945245
4B,Mi9,1.602,-0.1037463976945245
4B,Mi9,1.603,-0.1037463976945245
4B,Mi9,1.604,-0.1037463976945245
4B,Mi9,1.605,-0.10387608069164272
4B,Mi9,1.606,-0.10434390009606159
4B,Mi9,1.607,-0.10481171950048035
4B,Mi9,1.608,-0.10527953890489922
4B,Mi9,1.609,-0.10574735830931799
4B,Mi9,1.61,-0.10621517771373686
4B,Mi9,1.611,-0.10662824207492795
4B,Mi9,1.612,-0.10662824207492795
4B,Mi9,1.613,-0.10662824207492795
4B,Mi9,1.614,-0.10662824207492795
4B,Mi9,1.615,-0.10662824207492795
4B,Mi9,1.616,-0.10662824207492795
4B,Mi9,1.617,-0.10662824207492795
4B,Mi9,1.618,-0.10662824207492795
4B,Mi9,1.619,-0.10662824207492795
4B,Mi9,1.62,-0.10662824207492795
4B,Mi9,1.621,-0.10662824207492795
4B,Mi9,1.622,-0.10662824207492795
4B,Mi9,1.623,-0.10662824207492795
4B,Mi9,1.624,-0.10662824207492795
4B,Mi9,1.625,-0.10662824207492795
4B,Mi9,1.6260000000000001,-0.10662824207492795
4B,Mi9,1.627,-0.10662824207492795
4B,Mi9,1.6280000000000001,-0.10662824207492795
4B,Mi9,1.629,-0.10662824207492795
4B,Mi9,1.6300000000000001,-0.10662824207492795
4B,Mi9,1.631,-0.10662824207492795
4B,Mi9,1.6320000000000001,-0.10662824207492795
4B,Mi9,1.633,-0.10662824207492795
4B,Mi9,1.6340000000000001,-0.10662824207492795
4B,Mi9,1.635,-0.10662824207492795
4B,Mi9,1.6360000000000001,-0.10662824207492795
4B,Mi9,1.637,-0.10662824207492795
4B,Mi9,1.6380000000000001,-0.10662824207492795
4B,Mi9,1.639,-0.10625744476464932
4B,Mi9,1.6400000000000001,-0.10532180595581152
4B,Mi9,1.641,-0.10438616714697392
4B,Mi9,1.6420000000000001,-0.1037463976945245
4B,Mi9,1.643,-0.1037463976945245
4B,Mi9,1.6440000000000001,-0.1037463976945245
4B,Mi9,1.645,-0.1037463976945245
4B,Mi9,1.6460000000000001,-0.1037463976945245
4B,Mi9,1.647,-0.1037463976945245
4B,Mi9,1.6480000000000001,-0.1037463976945245
4B,Mi9,1.649,-0.1037463976945245
4B,Mi9,1.6500000000000001,-0.1037463976945245
4B,Mi9,1.651,-0.1037463976945245
4B,Mi9,1.6520000000000001,-0.1037463976945245
4B,Mi9,1.653,-0.1037463976945245
4B,Mi9,1.6540000000000001,-0.1037463976945245
4B,Mi9,1.655,-0.1037463976945245
4B,Mi9,1.6560000000000001,-0.1037463976945245
4B,Mi9,1.657,-0.1037463976945245
4B,Mi9,1.6580000000000001,-0.1037463976945245
4B,Mi9,1.659,-0.1037463976945245
4B,Mi9,1.6600000000000001,-0.1037463976945245
4B,Mi9,1.661,-0.1037463976945245
4B,Mi9,1.6620000000000001,-0.1037463976945245
4B,Mi9,1.663,-0.1037463976945245
4B,Mi9,1.6640000000000001,-0.1037463976945245
4B,Mi9,1.665,-0.1037463976945245
4B,Mi9,1.666,-0.1037463976945245
4B,Mi9,1.667,-0.10406243996157545
4B,Mi9,1.668,-0.10453025936599425
4B,Mi9,1.669,-0.10499807877041316
4B,Mi9,1.67,-0.10546589817483194
4B,Mi9,1.671,-0.10593371757925081
4B,Mi9,1.672,-0.10640153698366957
4B,Mi9,1.673,-0.10662824207492795
4B,Mi9,1.674,-0.10662824207492795
4B,Mi9,1.675,-0.10662824207492795
4B,Mi9,1.676,-0.10662824207492795
4B,Mi9,1.677,-0.10662824207492795
4B,Mi9,1.678,-0.10662824207492795
4B,Mi9,1.679,-0.10662824207492795
4B,Mi9,1.68,-0.10662824207492795
4B,Mi9,1.681,-0.10662824207492795
4B,Mi9,1.682,-0.10662824207492795
4B,Mi9,1.683,-0.10662824207492795
4B,Mi9,1.684,-0.10662824207492795
4B,Mi9,1.685,-0.10662824207492795
4B,Mi9,1.686,-0.10662824207492795
4B,Mi9,1.687,-0.10662824207492795
4B,Mi9,1.688,-0.10662824207492795
4B,Mi9,1.689,-0.10662824207492795
4B,Mi9,1.69,-0.10662824207492795
4B,Mi9,1.691,-0.10662824207492795
4B,Mi9,1.692,-0.10662824207492795
4B,Mi9,1.693,-0.10662824207492795
4B,Mi9,1.694,-0.10662824207492795
4B,Mi9,1.695,-0.10662824207492795
4B,Mi9,1.696,-0.10662824207492795
4B,Mi9,1.697,-0.10662824207492795
4B,Mi9,1.698,-0.10662824207492795
4B,Mi9,1.699,-0.10662824207492795
4B,Mi9,1.7,-0.10662824207492795
4E,Tm1,0.0,-0.00544069640914037
4E,Tm1,0.001,-0.00544069640914037
4E,Tm1,0.002,-0.00544069640914037
4E,Tm1,0.003,-0.00544069640914037
4E,Tm1,0.004,-0.00544069640914037
4E,Tm1,0.005,-0.00544069640914037
4E,Tm1,0.006,-0.00544069640914037
4E,Tm1,0.007,-0.00544069640914037
4E,Tm1,0.008,-0.00544069640914037
4E,Tm1,0.009000000000000001,-0.00544069640914037
4E,Tm1,0.01,-0.00544069640914037
4E,Tm1,0.011,-0.00544069640914037
4E,Tm1,0.012,-0.00544069640914037
4E,Tm1,0.013000000000000001,-0.00544069640914037
4E,Tm1,0.014,-0.00544069640914037
4E,Tm1,0.015,-0.005484221980413485
4E,Tm1,0.016,-0.005922379397896269
4E,Tm1,0.017,-0.006360536815379053
4E,Tm1,0.018000000000000002,-0.006798694232861837
4E,Tm1,0.019,-0.007236851650344619
4E,Tm1,0.02,-0.007616974972796518
4E,Tm1,0.021,-0.007616974972796518
4E,Tm1,0.022,-0.007616974972796518
4E,Tm1,0.023,-0.007616974972796518
4E,Tm1,0.024,-0.007616974972796518
4E,Tm1,0.025,-0.007616974972796518
4E,Tm1,0.026000000000000002,-0.007616974972796518
4E,Tm1,0.027,-0.007616974972796518
4E,Tm1,0.028,-0.007915850562205352
4E,Tm1,0.029,-0.008354007979688136
4E,Tm1,0.03,-0.008705114254624592
4E,Tm1,0.031,-0.008705114254624592
4E,Tm1,0.032,-0.008705114254624592
4E,Tm1,0.033,-0.0090184983677911
4E,Tm1,0.034,-0.009456655785273884
4E,Tm1,0.035,-0.009793253536452665
4E,Tm1,0.036000000000000004,-0.009793253536452665
4E,Tm1,0.037,-0.009793253536452665
4E,Tm1,0.038,-0.009793253536452665
4E,Tm1,0.039,-0.009793253536452665
4E,Tm1,0.04,-0.009793253536452665
4E,Tm1,0.041,-0.009793253536452665
4E,Tm1,0.042,-0.009793253536452665
4E,Tm1,0.043000000000000003,-0.010135654697134617
4E,Tm1,0.044,-0.010573812114617397
4E,Tm1,0.045,-0.011011969532100171
4E,Tm1,0.046,-0.011450126949582915
4E,Tm1,0.047,-0.01188828436706566
4E,Tm1,0.048,-0.011969532100108813
4E,Tm1,0.049,-0.011969532100108813
4E,Tm1,0.05,-0.011969532100108813
4E,Tm1,0.051000000000000004,-0.011969532100108813
4E,Tm1,0.052000000000000005,-0.011969532100108813
4E,Tm1,0.053,-0.011969532100108813
4E,Tm1,0.054,-0.011969532100108813
4E,Tm1,0.055,-0.012129125861443601
4E,Tm1,0.056,-0.012567283278926386
4E,Tm1,0.057,-0.01300544069640917
4E,Tm1,0.058,-0.013443598113891954
4E,Tm1,0.059000000000000004,-0.013881755531374738
4E,Tm1,0.06,-0.014145810663764961
4E,Tm1,0.061,-0.014145810663764961
4E,Tm1,0.062,-0.014145810663764961
4E,Tm1,0.063,-0.014145810663764961
4E,Tm1,0.064,-0.014145810663764961
4E,Tm1,0.065,-0.014145810663764961
4E,Tm1,0.066,-0.014145810663764961
4E,Tm1,0.067,-0.014145810663764961
4E,Tm1,0.068,-0.012900979325353433
4E,Tm1,0.069,-0.01158650707290508
4E,Tm1,0.07,-0.011084512150888725
4E,Tm1,0.07100000000000001,-0.01152266956837147
4E,Tm1,0.07200000000000001,-0.011960826985854215
4E,Tm1,0.073,-0.012398984403336992
4E,Tm1,0.074,-0.012837141820819777
4E,Tm1,0.075,-0.013057671381936888
4E,Tm1,0.076,-0.013057671381936888
4E,Tm1,0.077,-0.013063474791440054
4E,Tm1,0.078,-0.013501632208922799
4E,Tm1,0.079,-0.013939789626405543
4E,Tm1,0.08,-0.014377947043888308
4E,Tm1,0.081,-0.014816104461371092
4E,Tm1,0.082,-0.015274573812114717
4E,Tm1,0.083,-0.016150888647080284
4E,Tm1,0.084,-0.017027203482045852
4E,Tm1,0.085,-0.01765687341313028
4E,Tm1,0.08600000000000001,-0.018095030830613024
4E,Tm1,0.08700000000000001,-0.018533188248095772
4E,Tm1,0.088,-0.01897134566557855
4E,Tm1,0.089,-0.019409503083061334
4E,Tm1,0.09,-0.020108813928182905
4E,Tm1,0.091,-0.020985128763148474
4E,Tm1,0.092,-0.021861443598114032
4E,Tm1,0.093,-0.02273775843307952
4E,Tm1,0.094,-0.02361407326804501
4E,Tm1,0.095,-0.02449038810301055
4E,Tm1,0.096,-0.02536670293797612
4E,Tm1,0.097,-0.026306855277475644
4E,Tm1,0.098,-0.027621327529923995
4E,Tm1,0.099,-0.028935799782372346
4E,Tm1,0.1,-0.03141095393543745
4E,Tm1,0.101,-0.034478055857816665
4E,Tm1,0.10200000000000001,-0.03723177366702941
4E,Tm1,0.10300000000000001,-0.03854624591947776
4E,Tm1,0.10400000000000001,-0.03986071817192611
4E,Tm1,0.105,-0.041175190424374446
4E,Tm1,0.106,-0.0424896626768228
4E,Tm1,0.107,-0.04389698948132051
4E,Tm1,0.108,-0.045649619151251486
4E,Tm1,0.109,-0.04740224882118246
4E,Tm1,0.11,-0.04915487849111356
4E,Tm1,0.111,-0.050907508161044696
4E,Tm1,0.112,-0.05276750090678291
4E,Tm1,0.113,-0.054958287994196824
4E,Tm1,0.114,-0.057149075081610747
4E,Tm1,0.115,-0.05933986216902452
4E,Tm1,0.116,-0.06153064925643824
4E,Tm1,0.117,-0.06372143634385202
4E,Tm1,0.11800000000000001,-0.06591222343126593
4E,Tm1,0.11900000000000001,-0.06810301051867985
4E,Tm1,0.12,-0.07064200217627876
4E,Tm1,0.121,-0.07327094668117547
4E,Tm1,0.122,-0.07576351106274966
4E,Tm1,0.123,-0.07795429815016358
4E,Tm1,0.124,-0.0801450852375775
4E,Tm1,0.125,-0.08269858541893402
4E,Tm1,0.126,-0.08532752992383048
4E,Tm1,0.127,-0.0882582517228874
4E,Tm1,0.128,-0.09176351106274967
4E,Tm1,0.129,-0.09526877040261195
4E,Tm1,0.13,-0.09877402974247422
4E,Tm1,0.131,-0.1022792890823365
4E,Tm1,0.132,-0.10611534276387453
4E,Tm1,0.133,-0.11049691693870198
4E,Tm1,0.134,-0.11487849111352942
4E,Tm1,0.135,-0.11847660500544094
4E,Tm1,0.136,-0.12198186434530321
4E,Tm1,0.137,-0.12548712368516549
4E,Tm1,0.138,-0.12899238302502775
4E,Tm1,0.139,-0.13249764236489003
4E,Tm1,0.14,-0.13640914036996787
4E,Tm1,0.14100000000000001,-0.1403525571273126
4E,Tm1,0.14200000000000002,-0.14449038810301076
4E,Tm1,0.14300000000000002,-0.1488719622778386
4E,Tm1,0.14400000000000002,-0.15325353645266646
4E,Tm1,0.145,-0.15889735219441486
4E,Tm1,0.146,-0.16459339862169106
4E,Tm1,0.147,-0.170289445048967
4E,Tm1,0.148,-0.17598549147624268
4E,Tm1,0.149,-0.18168153790351838
4E,Tm1,0.15,-0.18824809575625706
4E,Tm1,0.151,-0.19482045701849882
4E,Tm1,0.152,-0.20139281828074057
4E,Tm1,0.153,-0.20796517954298233
4E,Tm1,0.154,-0.21453754080522408
4E,Tm1,0.155,-0.22110990206746525
4E,Tm1,0.156,-0.22768226332970642
4E,Tm1,0.157,-0.23449256438157431
4E,Tm1,0.158,-0.24150308306129886
4E,Tm1,0.159,-0.2485397170837873
4E,Tm1,0.16,-0.25598839318099464
4E,Tm1,0.161,-0.263437069278202
4E,Tm1,0.162,-0.2711381936887931
4E,Tm1,0.163,-0.2790250272034825
4E,Tm1,0.164,-0.286911860718172
4E,Tm1,0.165,-0.2947986942328621
4E,Tm1,0.166,-0.3026855277475522
4E,Tm1,0.167,-0.3105723612622423
4E,Tm1,0.168,-0.3184591947769324
4E,Tm1,0.169,-0.3263460282916224
4E,Tm1,0.17,-0.33423286180631184
4E,Tm1,0.171,-0.3421196953210012
4E,Tm1,0.17200000000000001,-0.3500065288356911
4E,Tm1,0.17300000000000001,-0.3578933623503812
4E,Tm1,0.17400000000000002,-0.3658498367791084
4E,Tm1,0.17500000000000002,-0.37417482771128124
4E,Tm1,0.176,-0.3824998186434539
4E,Tm1,0.177,-0.3911207834602841
4E,Tm1,0.178,-0.39988393180993975
4E,Tm1,0.179,-0.4086470801595953
4E,Tm1,0.18,-0.4174102285092502
4E,Tm1,0.181,-0.4261733768589051
4E,Tm1,0.182,-0.4349365252085605
4E,Tm1,0.183,-0.4436996735582162
4E,Tm1,0.184,-0.4524628219078719
4E,Tm1,0.185,-0.4612259702575276
4E,Tm1,0.186,-0.46998911860718323
4E,Tm1,0.187,-0.47875226695683837
4E,Tm1,0.188,-0.4875154153064933
4E,Tm1,0.189,-0.4962785636561484
4E,Tm1,0.19,-0.505041712005804
4E,Tm1,0.191,-0.5138048603554597
4E,Tm1,0.192,-0.5225680087051154
4E,Tm1,0.193,-0.5313311570547711
4E,Tm1,0.194,-0.5400943054044266
4E,Tm1,0.195,-0.5488574537540815
4E,Tm1,0.196,-0.5576206021037363
4E,Tm1,0.197,-0.5663837504533918
4E,Tm1,0.198,-0.5751468988030476
4E,Tm1,0.199,-0.5837678636198776
4E,Tm1,0.2,-0.5920928545520505
4E,Tm1,0.201,-0.6004178454842234
4E,Tm1,0.202,-0.6087428364163957
4E,Tm1,0.203,-0.6170678273485678
4E,Tm1,0.20400000000000001,-0.6255495103373235
4E,Tm1,0.20500000000000002,-0.6343126586869792
4E,Tm1,0.20600000000000002,-0.6430758070366349
4E,Tm1,0.20700000000000002,-0.651455930359087
4E,Tm1,0.20800000000000002,-0.6597809212912599
4E,Tm1,0.209,-0.6679347116430913
4E,Tm1,0.21,-0.6758215451577807
4E,Tm1,0.211,-0.68370837867247
4E,Tm1,0.212,-0.691197678636199
4E,Tm1,0.213,-0.6986463547334062
4E,Tm1,0.214,-0.7060950308306135
4E,Tm1,0.215,-0.7135437069278209
4E,Tm1,0.216,-0.7209923830250282
4E,Tm1,0.217,-0.728029017047516
4E,Tm1,0.218,-0.73503953572724
4E,Tm1,0.219,-0.7420500544069641
4E,Tm1,0.22,-0.7490605730866887
4E,Tm1,0.221,-0.7560710917664132
4E,Tm1,0.222,-0.7635081610446144
4E,Tm1,0.223,-0.7709568371418217
4E,Tm1,0.224,-0.7779760609358007
4E,Tm1,0.225,-0.7845484221980425
4E,Tm1,0.226,-0.7911178817555328
4E,Tm1,0.227,-0.7972520856002911
4E,Tm1,0.228,-0.8033862894450495
4E,Tm1,0.229,-0.8090620239390647
4E,Tm1,0.23,-0.814319912948858
4E,Tm1,0.231,-0.8195778019586514
4E,Tm1,0.232,-0.8248356909684448
4E,Tm1,0.233,-0.8300935799782382
4E,Tm1,0.234,-0.8353514689880314
4E,Tm1,0.23500000000000001,-0.8406093579978243
4E,Tm1,0.23600000000000002,-0.8458672470076173
4E,Tm1,0.23700000000000002,-0.8511251360174107
4E,Tm1,0.23800000000000002,-0.8563830250272042
4E,Tm1,0.23900000000000002,-0.8616409140369975
4E,Tm1,0.24,-0.8668988030467908
4E,Tm1,0.241,-0.8721566920565841
4E,Tm1,0.242,-0.877414581066377
4E,Tm1,0.243,-0.88267247007617
4E,Tm1,0.244,-0.8879303590859633
4E,Tm1,0.245,-0.8931882480957567
4E,Tm1,0.246,-0.8982633297062028
4E,Tm1,0.247,-0.9022067464635479
4E,Tm1,0.248,-0.9061501632208929
4E,Tm1,0.249,-0.9100935799782378
4E,Tm1,0.25,-0.9140369967355825
4E,Tm1,0.251,-0.9181313021400074
4E,Tm1,0.252,-0.922951033732318
4E,Tm1,0.253,-0.9277707653246287
4E,Tm1,0.254,-0.9322887196227789
4E,Tm1,0.255,-0.9366702937976068
4E,Tm1,0.256,-0.9409619151251367
4E,Tm1,0.257,-0.9449053318824814
4E,Tm1,0.258,-0.948848748639826
4E,Tm1,0.259,-0.952792165397171
4E,Tm1,0.26,-0.9567355821545162
4E,Tm1,0.261,-0.960261153427639
4E,Tm1,0.262,-0.9624519405150529
4E,Tm1,0.263,-0.9646427276024668
4E,Tm1,0.264,-0.9671643090315564
4E,Tm1,0.265,-0.9697932535364528
4E,Tm1,0.266,-0.9721842582517229
4E,Tm1,0.267,-0.973936887921654
4E,Tm1,0.268,-0.9756895175915852
4E,Tm1,0.269,-0.9777874501269498
4E,Tm1,0.27,-0.9799782372143637
4E,Tm1,0.271,-0.9820355458832066
4E,Tm1,0.272,-0.9837881755531376
4E,Tm1,0.273,-0.9855408052230686
4E,Tm1,0.274,-0.9876532462821909
4E,Tm1,0.275,-0.9898440333696048
4E,Tm1,0.276,-0.9917388465723613
4E,Tm1,0.277,-0.9930533188248097
4E,Tm1,0.278,-0.9943677910772581
4E,Tm1,0.279,-0.9953079434167575
4E,Tm1,0.28,-0.9961842582517231
4E,Tm1,0.281,-0.9970605730866886
4E,Tm1,0.28200000000000003,-0.9979368879216541
4E,Tm1,0.28300000000000003,-0.9988132027566197
4E,Tm1,0.28400000000000003,-0.9993006891548786
4E,Tm1,0.28500000000000003,-0.9997388465723613
4E,Tm1,0.28600000000000003,-1.0
4E,Tm1,0.28700000000000003,-1.0
4E,Tm1,0.28800000000000003,-1.0
4E,Tm1,0.289,-0.9995966630395356
4E,Tm1,0.29,-0.999158505622053
4E,Tm1,0.291,-0.9985288356909684
4E,Tm1,0.292,-0.9976525208560029
4E,Tm1,0.293,-0.9967762060210372
4E,Tm1,0.294,-0.9954820457018496
4E,Tm1,0.295,-0.9941675734494013
4E,Tm1,0.296,-0.992853101196953
4E,Tm1,0.297,-0.9915386289445048
4E,Tm1,0.298,-0.9902241566920565
4E,Tm1,0.299,-0.9889096844396082
4E,Tm1,0.3,-0.9875952121871598
4E,Tm1,0.301,-0.9860602103735943
4E,Tm1,0.302,-0.9843075807036631
4E,Tm1,0.303,-0.982554951033732
4E,Tm1,0.304,-0.980802321363801
4E,Tm1,0.305,-0.97904969169387
4E,Tm1,0.306,-0.977062023939064
4E,Tm1,0.307,-0.9748712368516501
4E,Tm1,0.308,-0.9727036634022487
4E,Tm1,0.309,-0.9709510337323175
4E,Tm1,0.31,-0.9691984040623863
4E,Tm1,0.311,-0.96694668117519
4E,Tm1,0.312,-0.9643177366702936
4E,Tm1,0.313,-0.9616887921653972
4E,Tm1,0.314,-0.9590598476605005
4E,Tm1,0.315,-0.9564309031556038
4E,Tm1,0.316,-0.953801958650707
4E,Tm1,0.317,-0.9511730141458103
4E,Tm1,0.318,-0.9484918389553858
4E,Tm1,0.319,-0.9454247370330066
4E,Tm1,0.32,-0.9423576351106274
4E,Tm1,0.321,-0.9392905331882481
4E,Tm1,0.322,-0.9362234312658685
4E,Tm1,0.323,-0.933156329343489
4E,Tm1,0.324,-0.9300892274211096
4E,Tm1,0.325,-0.9270221254987301
4E,Tm1,0.326,-0.9239550235763508
4E,Tm1,0.327,-0.9208879216539716
4E,Tm1,0.328,-0.9178208197315922
4E,Tm1,0.329,-0.9147537178092128
4E,Tm1,0.33,-0.9116866158868333
4E,Tm1,0.331,-0.9080043525571269
4E,Tm1,0.332,-0.9040609357997819
4E,Tm1,0.333,-0.9001175190424368
4E,Tm1,0.334,-0.8961741022850918
4E,Tm1,0.335,-0.8922306855277466
4E,Tm1,0.336,-0.888609357997823
4E,Tm1,0.337,-0.8851040986579611
4E,Tm1,0.338,-0.8814885745375405
4E,Tm1,0.339,-0.8775451577801955
4E,Tm1,0.34,-0.8736017410228504
4E,Tm1,0.341,-0.8696583242655054
4E,Tm1,0.342,-0.8657149075081603
4E,Tm1,0.343,-0.8618962640551316
4E,Tm1,0.34400000000000003,-0.8583910047152697
4E,Tm1,0.34500000000000003,-0.8548857453754078
4E,Tm1,0.34600000000000003,-0.8506782734856725
4E,Tm1,0.34700000000000003,-0.8462966993108446
4E,Tm1,0.34800000000000003,-0.8419151251360167
4E,Tm1,0.34900000000000003,-0.8375335509611889
4E,Tm1,0.35000000000000003,-0.833151976786361
4E,Tm1,0.35100000000000003,-0.8291360174102278
4E,Tm1,0.352,-0.8251926006528834
4E,Tm1,0.353,-0.8210953935437069
4E,Tm1,0.354,-0.816713819368879
4E,Tm1,0.355,-0.8123322451940511
4E,Tm1,0.356,-0.8083307943416753
4E,Tm1,0.357,-0.8043873775843303
4E,Tm1,0.358,-0.8004439608269853
4E,Tm1,0.359,-0.7965005440696407
4E,Tm1,0.36,-0.792557127312296
4E,Tm1,0.361,-0.7882190787087413
4E,Tm1,0.362,-0.7838375045339134
4E,Tm1,0.363,-0.7794559303590856
4E,Tm1,0.364,-0.7750743561842577
4E,Tm1,0.365,-0.7706927820094298
4E,Tm1,0.366,-0.7663112078346024
4E,Tm1,0.367,-0.761929633659775
4E,Tm1,0.368,-0.7577453754080522
4E,Tm1,0.369,-0.7538019586507071
4E,Tm1,0.37,-0.7498585418933621
4E,Tm1,0.371,-0.745491476242292
4E,Tm1,0.372,-0.7411099020674641
4E,Tm1,0.373,-0.7367283278926364
4E,Tm1,0.374,-0.7323467537178089
4E,Tm1,0.375,-0.7279651795429815
4E,Tm1,0.376,-0.7235836053681536
4E,Tm1,0.377,-0.7192020311933258
4E,Tm1,0.378,-0.714820457018498
4E,Tm1,0.379,-0.7104388828436702
4E,Tm1,0.38,-0.7060573086688423
4E,Tm1,0.381,-0.7016757344940144
4E,Tm1,0.382,-0.6972941603191867
4E,Tm1,0.383,-0.692912586144359
4E,Tm1,0.384,-0.6885310119695316
4E,Tm1,0.385,-0.684149437794704
4E,Tm1,0.386,-0.6797678636198762
4E,Tm1,0.387,-0.6753862894450484
4E,Tm1,0.388,-0.6710047152702205
4E,Tm1,0.389,-0.6666231410953928
4E,Tm1,0.39,-0.6622415669205649
4E,Tm1,0.391,-0.6578599927457375
4E,Tm1,0.392,-0.65347841857091
4E,Tm1,0.393,-0.6490968443960824
4E,Tm1,0.394,-0.6447152702212545
4E,Tm1,0.395,-0.6403336960464266
4E,Tm1,0.396,-0.6359521218715988
4E,Tm1,0.397,-0.631570547696771
4E,Tm1,0.398,-0.6271889735219434
4E,Tm1,0.399,-0.6228073993471159
4E,Tm1,0.4,-0.618498367791077
4E,Tm1,0.401,-0.6145549510337319
4E,Tm1,0.402,-0.6106115342763869
4E,Tm1,0.403,-0.606369241929633
4E,Tm1,0.404,-0.6019876677548052
4E,Tm1,0.405,-0.5976060935799773
4E,Tm1,0.406,-0.5932245194051499
4E,Tm1,0.40700000000000003,-0.5888429452303224
4E,Tm1,0.40800000000000003,-0.5847747551686613
4E,Tm1,0.40900000000000003,-0.5808313384113162
4E,Tm1,0.41000000000000003,-0.5767863619876671
4E,Tm1,0.41100000000000003,-0.5724047878128393
4E,Tm1,0.41200000000000003,-0.5680232136380114
4E,Tm1,0.41300000000000003,-0.5639695321001083
4E,Tm1,0.41400000000000003,-0.5600261153427635
4E,Tm1,0.41500000000000004,-0.555966630395357
4E,Tm1,0.41600000000000004,-0.5515850562205292
4E,Tm1,0.417,-0.5472034820457016
4E,Tm1,0.418,-0.5428219078708737
4E,Tm1,0.419,-0.5384403336960458
4E,Tm1,0.42,-0.5341893362350375
4E,Tm1,0.421,-0.5302459194776928
4E,Tm1,0.422,-0.5263025027203482
4E,Tm1,0.423,-0.5220021762785636
4E,Tm1,0.424,-0.5176206021037357
4E,Tm1,0.425,-0.5135291984040621
4E,Tm1,0.426,-0.5100239390641998
4E,Tm1,0.427,-0.5065186797243375
4E,Tm1,0.428,-0.5022705839680809
4E,Tm1,0.429,-0.4978890097932534
4E,Tm1,0.43,-0.4936670293797606
4E,Tm1,0.431,-0.48972361262241554
4E,Tm1,0.432,-0.4857801958650705
4E,Tm1,0.433,-0.48183677910772543
4E,Tm1,0.434,-0.4778933623503804
4E,Tm1,0.435,-0.4739499455930353
4E,Tm1,0.436,-0.4700065288356903
4E,Tm1,0.437,-0.4660631120783452
4E,Tm1,0.438,-0.4621196953210005
4E,Tm1,0.439,-0.4581762785636558
4E,Tm1,0.44,-0.4544214726151612
4E,Tm1,0.441,-0.4509162132752989
4E,Tm1,0.442,-0.4474109539354366
4E,Tm1,0.443,-0.44307580703663335
4E,Tm1,0.444,-0.4386942328618055
4E,Tm1,0.445,-0.4347188973521938
4E,Tm1,0.446,-0.43121363801233187
4E,Tm1,0.447,-0.42770837867246986
4E,Tm1,0.448,-0.4242031193326076
4E,Tm1,0.449,-0.42069785999274534
4E,Tm1,0.45,-0.41697497279651735
4E,Tm1,0.451,-0.4130315560391723
4E,Tm1,0.452,-0.4090939426913304
4E,Tm1,0.453,-0.40558868335146847
4E,Tm1,0.454,-0.40208342401160657
4E,Tm1,0.455,-0.39857816467174445
4E,Tm1,0.456,-0.39507290533188216
4E,Tm1,0.457,-0.391547334058759
4E,Tm1,0.458,-0.38760391730141397
4E,Tm1,0.459,-0.3836605005440689
4E,Tm1,0.46,-0.37996372869060513
4E,Tm1,0.461,-0.3764584693507432
4E,Tm1,0.462,-0.3729532100108812
4E,Tm1,0.463,-0.36944795067101893
4E,Tm1,0.464,-0.3659426913311567
4E,Tm1,0.465,-0.3626985854189332
4E,Tm1,0.466,-0.3596314834965537
4E,Tm1,0.467,-0.35651505259339794
4E,Tm1,0.468,-0.353009793253536
4E,Tm1,0.46900000000000003,-0.34950453391367403
4E,Tm1,0.47000000000000003,-0.3459992745738119
4E,Tm1,0.47100000000000003,-0.3424940152339496
4E,Tm1,0.47200000000000003,-0.3390525933986213
4E,Tm1,0.47300000000000003,-0.3359854914762418
4E,Tm1,0.47400000000000003,-0.3329183895538623
4E,Tm1,0.47500000000000003,-0.3295611171563288
4E,Tm1,0.47600000000000003,-0.32605585781646684
4E,Tm1,0.47700000000000004,-0.32262894450489643
4E,Tm1,0.47800000000000004,-0.31956184258251696
4E,Tm1,0.47900000000000004,-0.3164947406601375
4E,Tm1,0.48,-0.3134276387377582
4E,Tm1,0.481,-0.3103605368153787
4E,Tm1,0.482,-0.3072005803409498
4E,Tm1,0.483,-0.30369532100108754
4E,Tm1,0.484,-0.30019006166122525
4E,Tm1,0.485,-0.29700398984403287
4E,Tm1,0.486,-0.2939368879216536
4E,Tm1,0.487,-0.2908697859992744
4E,Tm1,0.488,-0.28780268407689485
4E,Tm1,0.489,-0.2847355821545154
4E,Tm1,0.49,-0.2816684802321359
4E,Tm1,0.491,-0.27860137830975645
4E,Tm1,0.492,-0.27553427638737704
4E,Tm1,0.493,-0.2724671744649978
4E,Tm1,0.494,-0.2694000725426186
4E,Tm1,0.495,-0.2663329706202392
4E,Tm1,0.496,-0.2632658686978597
4E,Tm1,0.497,-0.2601987667754802
4E,Tm1,0.498,-0.2571316648531007
4E,Tm1,0.499,-0.25406456293072116
4E,Tm1,0.5,-0.2513601741022847
4E,Tm1,0.501,-0.24873122959738825
4E,Tm1,0.502,-0.24610228509249168
4E,Tm1,0.503,-0.24347334058759498
4E,Tm1,0.504,-0.24084439608269828
4E,Tm1,0.505,-0.23746100834240064
4E,Tm1,0.506,-0.23395574900253838
4E,Tm1,0.507,-0.2307812840043521
4E,Tm1,0.508,-0.22815233949945563
4E,Tm1,0.509,-0.22552339499455915
4E,Tm1,0.51,-0.22250272034820434
4E,Tm1,0.511,-0.21943561842582487
4E,Tm1,0.512,-0.21654842219804102
4E,Tm1,0.513,-0.21391947769314432
4E,Tm1,0.514,-0.21129053318824761
4E,Tm1,0.515,-0.2086615886833511
4E,Tm1,0.516,-0.20603264417845465
4E,Tm1,0.517,-0.20340369967355806
4E,Tm1,0.518,-0.20077475516866136
4E,Tm1,0.519,-0.19814581066376466
4E,Tm1,0.52,-0.19509611896989437
4E,Tm1,0.521,-0.19202901704751488
4E,Tm1,0.522,-0.1891708378672466
4E,Tm1,0.523,-0.1865418933623501
4E,Tm1,0.524,-0.18391294885745366
4E,Tm1,0.525,-0.18128400435255695
4E,Tm1,0.526,-0.17865505984766025
4E,Tm1,0.527,-0.17624954660863232
4E,Tm1,0.528,-0.17405875952121838
4E,Tm1,0.529,-0.17185636561479822
4E,Tm1,0.53,-0.16922742110990174
4E,Tm1,0.531,-0.1665984766050053
4E,Tm1,0.532,-0.1639695321001087
4E,Tm1,0.533,-0.16134058759521197
4E,Tm1,0.534,-0.1587377584330792
4E,Tm1,0.535,-0.15654697134566528
4E,Tm1,0.536,-0.15435618425825137
4E,Tm1,0.537,-0.15191294885745324
4E,Tm1,0.538,-0.14928400435255654
4E,Tm1,0.539,-0.14669568371418154
4E,Tm1,0.54,-0.14450489662676783
4E,Tm1,0.541,-0.1423141095393541
4E,Tm1,0.542,-0.14012332245194026
4E,Tm1,0.543,-0.13793253536452632
4E,Tm1,0.544,-0.1357417482771124
4E,Tm1,0.545,-0.1335509611896985
4E,Tm1,0.546,-0.13136017410228457
4E,Tm1,0.547,-0.12888792165397117
4E,Tm1,0.548,-0.1262589771490747
4E,Tm1,0.549,-0.12376931447225226
4E,Tm1,0.55,-0.12201668480232113
4E,Tm1,0.551,-0.12026405513239
4E,Tm1,0.552,-0.11821545157780154
4E,Tm1,0.553,-0.11602466449038762
4E,Tm1,0.554,-0.11391802684076854
4E,Tm1,0.555,-0.11216539717083757
4E,Tm1,0.556,-0.11041276750090659
4E,Tm1,0.557,-0.1083496554225605
4E,Tm1,0.558,-0.10615886833514658
4E,Tm1,0.559,-0.10406673920928515
4E,Tm1,0.56,-0.10231410953935402
4E,Tm1,0.561,-0.10056147986942288
4E,Tm1,0.562,-0.09880885019949186
4E,Tm1,0.5630000000000001,-0.09705622052956088
4E,Tm1,0.5640000000000001,-0.09507725788900953
4E,Tm1,0.5650000000000001,-0.09244831338411283
4E,Tm1,0.5660000000000001,-0.08981936887921611
4E,Tm1,0.5670000000000001,-0.08820892274211074
4E,Tm1,0.5680000000000001,-0.08689445048966239
4E,Tm1,0.5690000000000001,-0.08545230322814615
4E,Tm1,0.5700000000000001,-0.08369967355821517
4E,Tm1,0.5710000000000001,-0.0819470438882842
4E,Tm1,0.5720000000000001,-0.08019441421835309
4E,Tm1,0.5730000000000001,-0.07844178454842196
4E,Tm1,0.5740000000000001,-0.07668915487849082
4E,Tm1,0.5750000000000001,-0.07493652520855967
4E,Tm1,0.5760000000000001,-0.07318389553862854
4E,Tm1,0.577,-0.07143126586869773
4E,Tm1,0.578,-0.06967863619876676
4E,Tm1,0.579,-0.06792600652883572
4E,Tm1,0.58,-0.06617337685890458
4E,Tm1,0.581,-0.06442074718897345
4E,Tm1,0.582,-0.06266811751904232
4E,Tm1,0.583,-0.060915487849111175
4E,Tm1,0.584,-0.0591628581791801
4E,Tm1,0.585,-0.05741022850924912
4E,Tm1,0.586,-0.055657598839318145
4E,Tm1,0.587,-0.05390496916938702
4E,Tm1,0.588,-0.052152339499455885
4E,Tm1,0.589,-0.05058541893362343
4E,Tm1,0.59,-0.04927094668117508
4E,Tm1,0.591,-0.04795647442872673
4E,Tm1,0.592,-0.046229960101559414
4E,Tm1,0.593,-0.04447733043162828
4E,Tm1,0.594,-0.04272470076169722
4E,Tm1,0.595,-0.04097207109176623
4E,Tm1,0.596,-0.039219441421835255
4E,Tm1,0.597,-0.037466811751904125
4E,Tm1,0.598,-0.03571418208197299
4E,Tm1,0.599,-0.0335321001088136
4E,Tm1,0.6,-0.03090315560391689
4E,Tm1,0.601,-0.028280014508523434
4E,Tm1,0.602,-0.026527384838592453
4E,Tm1,0.603,-0.024774755168661476
4E,Tm1,0.604,-0.023251360174102217
4E,Tm1,0.605,-0.021936887921653866
4E,Tm1,0.606,-0.020605005440696218
4E,Tm1,0.607,-0.01885237577076508
4E,Tm1,0.608,-0.017099746100833948
4E,Tm1,0.609,-0.015834602829162006
4E,Tm1,0.61,-0.014958287994196514
4E,Tm1,0.611,-0.014081973159231018
4E,Tm1,0.612,-0.01320565832426545
4E,Tm1,0.613,-0.012329343489299881
4E,Tm1,0.614,-0.011453028654334315
4E,Tm1,0.615,-0.010576713819368746
4E,Tm1,0.616,-0.009700398984403186
4E,Tm1,0.617,-0.008824084149437698
4E,Tm1,0.618,-0.007947769314472209
4E,Tm1,0.619,-0.006798694232861746
4E,Tm1,0.62,-0.005484221980413394
4E,Tm1,0.621,-0.00423068552774746
4E,Tm1,0.622,-0.003354370692781892
4E,Tm1,0.623,-0.002478055857816324
4E,Tm1,0.624,-0.0010272034820454669
4E,Tm1,0.625,0.0007254261878855122
4E,Tm1,0.626,0.0023271672107363335
4E,Tm1,0.627,0.003203482045701901
4E,Tm1,0.628,0.00407979688066747
4E,Tm1,0.629,0.004956111715633037
4E,Tm1,0.63,0.005832426550598605
4E,Tm1,0.631,0.0068886470801598695
4E,Tm1,0.632,0.008641276750090849
4E,Tm1,0.633,0.010393906420021828
4E,Tm1,0.634,0.01151396445411683
4E,Tm1,0.635,0.012390279289082397
4E,Tm1,0.636,0.013371055495103505
4E,Tm1,0.637,0.014685527747551858
4E,Tm1,0.638,0.01600000000000021
4E,Tm1,0.639,0.016983677910772745
4E,Tm1,0.64,0.017859992745738313
4E,Tm1,0.641,0.018736307580703857
4E,Tm1,0.642,0.01961262241566935
4E,Tm1,0.643,0.020488937250634838
4E,Tm1,0.644,0.02171055495103388
4E,Tm1,0.645,0.02302502720348223
4E,Tm1,0.646,0.0242060210373596
4E,Tm1,0.647,0.025082335872325168
4E,Tm1,0.648,0.025958650707290736
4E,Tm1,0.649,0.02683496554225624
4E,Tm1,0.65,0.027711280377221727
4E,Tm1,0.651,0.028587595212187244
4E,Tm1,0.652,0.029463910047152812
4E,Tm1,0.653,0.03034022488211838
4E,Tm1,0.654,0.03121653971708395
4E,Tm1,0.655,0.03209285455204952
4E,Tm1,0.656,0.03296916938701506
4E,Tm1,0.657,0.03384548422198055
4E,Tm1,0.658,0.034721799056946036
4E,Tm1,0.659,0.035598113891911594
4E,Tm1,0.66,0.03647442872687716
4E,Tm1,0.661,0.03735074356184273
4E,Tm1,0.662,0.038227058396808296
4E,Tm1,0.663,0.03910337323177386
4E,Tm1,0.664,0.03997968806673936
4E,Tm1,0.665,0.04085600290170485
4E,Tm1,0.666,0.040966267682263253
4E,Tm1,0.667,0.04008995284729768
4E,Tm1,0.668,0.03921363801233211
4E,Tm1,0.669,0.04000870511425478
4E,Tm1,0.67,0.04088501994922035
4E,Tm1,0.671,0.04176133478418588
4E,Tm1,0.672,0.04263764961915137
4E,Tm1,0.673,0.04351396445411686
4E,Tm1,0.674,0.04439027928908243
4E,Tm1,0.675,0.045266594124047994
4E,Tm1,0.676,0.04658396808124802
4E,Tm1,0.677,0.048336597751179156
4E,Tm1,0.678,0.05008922742111029
4E,Tm1,0.679,0.05184185709104127
4E,Tm1,0.68,0.05359448676097225
4E,Tm1,0.681,0.054877040261153504
4E,Tm1,0.682,0.05575335509611907
4E,Tm1,0.683,0.05662966993108464
4E,Tm1,0.684,0.057505984766050205
4E,Tm1,0.685,0.05838229960101578
4E,Tm1,0.686,0.0592586144359813
4E,Tm1,0.687,0.06013492927094679
4E,Tm1,0.6880000000000001,0.06097352194414222
4E,Tm1,0.6890000000000001,0.061411679361625
4E,Tm1,0.6900000000000001,0.061849836779107784
4E,Tm1,0.6910000000000001,0.06255204932898091
4E,Tm1,0.6920000000000001,0.06342836416394648
4E,Tm1,0.6930000000000001,0.06430467899891205
4E,Tm1,0.6940000000000001,0.06518099383387761
4E,Tm1,0.6950000000000001,0.06605730866884318
4E,Tm1,0.6960000000000001,0.0669336235038087
4E,Tm1,0.6970000000000001,0.06780993833877419
4E,Tm1,0.6980000000000001,0.06868625317373969
4E,Tm1,0.6990000000000001,0.06956256800870526
4E,Tm1,0.7000000000000001,0.07043888284367084
4E,Tm1,0.7010000000000001,0.07072905331882481
4E,Tm1,0.7020000000000001,0.07072905331882481
4E,Tm1,0.7030000000000001,0.07089154878491129
4E,Tm1,0.704,0.07176786361987676
4E,Tm1,0.705,0.07264417845484232
4E,Tm1,0.706,0.07352049328980786
4E,Tm1,0.707,0.0743968081247734
4E,Tm1,0.708,0.07517736670293802
4E,Tm1,0.709,0.07561552412042079
4E,Tm1,0.71,0.07605368153790355
4E,Tm1,0.711,0.07649183895538633
4E,Tm1,0.712,0.07692999637286911
4E,Tm1,0.713,0.07747841857091052
4E,Tm1,0.714,0.07835473340587605
4E,Tm1,0.715,0.07923104824084158
4E,Tm1,0.716,0.07977076532462825
4E,Tm1,0.717,0.08020892274211101
4E,Tm1,0.718,0.08064708015959379
4E,Tm1,0.719,0.08108523757707657
4E,Tm1,0.72,0.08152339499455936
4E,Tm1,0.721,0.08231265868697869
4E,Tm1,0.722,0.08318897352194422
4E,Tm1,0.723,0.08392600652883572
4E,Tm1,0.724,0.08436416394631849
4E,Tm1,0.725,0.08480232136380125
4E,Tm1,0.726,0.08524047878128403
4E,Tm1,0.727,0.08567863619876682
4E,Tm1,0.728,0.0861167936162496
4E,Tm1,0.729,0.08655495103373237
4E,Tm1,0.73,0.08699310845121513
4E,Tm1,0.731,0.08781138919114989
4E,Tm1,0.732,0.08868770402611546
4E,Tm1,0.733,0.08922742110990206
4E,Tm1,0.734,0.08922742110990206
4E,Tm1,0.735,0.08922742110990206
4E,Tm1,0.736,0.09001668480232144
4E,Tm1,0.737,0.09089299963728698
4E,Tm1,0.738,0.09140369967355821
4E,Tm1,0.739,0.09140369967355821
4E,Tm1,0.74,0.09140369967355821
4E,Tm1,0.741,0.09222198041349305
4E,Tm1,0.742,0.09309829524845858
4E,Tm1,0.743,0.09357997823721437
4E,Tm1,0.744,0.09357997823721437
4E,Tm1,0.745,0.09357997823721437
4E,Tm1,0.746,0.09442727602466458
4E,Tm1,0.747,0.09530359085963015
4E,Tm1,0.748,0.0957562568008705
4E,Tm1,0.749,0.0957562568008705
4E,Tm1,0.75,0.0957562568008706
4E,Tm1,0.751,0.09663257163583613
4E,Tm1,0.752,0.09750888647080166
4E,Tm1,0.753,0.09793253536452666
4E,Tm1,0.754,0.09793253536452666
4E,Tm1,0.755,0.0979615524120422
4E,Tm1,0.756,0.09883786724700773
4E,Tm1,0.757,0.09971418208197326
4E,Tm1,0.758,0.10010881392818281
4E,Tm1,0.759,0.10010881392818281
4E,Tm1,0.76,0.1001668480232138
4E,Tm1,0.761,0.10104316285817933
4E,Tm1,0.762,0.10191947769314486
4E,Tm1,0.763,0.10228509249183895
4E,Tm1,0.764,0.10228509249183895
4E,Tm1,0.765,0.10228509249183895
4E,Tm1,0.766,0.10228509249183895
4E,Tm1,0.767,0.10228509249183895
4E,Tm1,0.768,0.10282480957562583
4E,Tm1,0.769,0.10370112441059136
4E,Tm1,0.77,0.1044613710554951
4E,Tm1,0.771,0.1044613710554951
4E,Tm1,0.772,0.1044613710554951
4E,Tm1,0.773,0.10503010518679735
4E,Tm1,0.774,0.10590642002176291
4E,Tm1,0.775,0.10663764961915125
4E,Tm1,0.776,0.10663764961915125
4E,Tm1,0.777,0.10663764961915125
4E,Tm1,0.778,0.10693652520856008
4E,Tm1,0.779,0.10737468262604284
4E,Tm1,0.78,0.1078128400435256
4E,Tm1,0.781,0.1082509974610084
4E,Tm1,0.782,0.10868915487849118
4E,Tm1,0.783,0.1088139281828074
4E,Tm1,0.784,0.1088139281828074
4E,Tm1,0.785,0.10901704751541542
4E,Tm1,0.786,0.109893362350381
4E,Tm1,0.787,0.11076967718534657
4E,Tm1,0.788,0.11099020674646355
4E,Tm1,0.789,0.11099020674646355
4E,Tm1,0.79,0.11110627493652528
4E,Tm1,0.791,0.11154443235400804
4E,Tm1,0.792,0.1119825897714908
4E,Tm1,0.793,0.11207834602829161
4E,Tm1,0.794,0.11207834602829161
4E,Tm1,0.795,0.11220892274211107
4E,Tm1,0.796,0.11264708015959383
4E,Tm1,0.797,0.1130852375770766
4E,Tm1,0.798,0.11316648531011969
4E,Tm1,0.799,0.11316648531011969
4E,Tm1,0.8,0.11331157054769683
4E,Tm1,0.801,0.11374972796517961
4E,Tm1,0.802,0.11418788538266239
4E,Tm1,0.803,0.11425462459194777
4E,Tm1,0.804,0.11425462459194777
4E,Tm1,0.805,0.11441421835328262
4E,Tm1,0.806,0.11485237577076539
4E,Tm1,0.807,0.11529053318824815
4E,Tm1,0.808,0.11534276387377584
4E,Tm1,0.809,0.11534276387377584
4E,Tm1,0.81,0.11534276387377584
4E,Tm1,0.811,0.11534276387377584
4E,Tm1,0.812,0.11534276387377584
4E,Tm1,0.8130000000000001,0.11574319912948866
4E,Tm1,0.8140000000000001,0.11618135654697144
4E,Tm1,0.8150000000000001,0.11643090315560392
4E,Tm1,0.8160000000000001,0.11643090315560392
4E,Tm1,0.8170000000000001,0.11643090315560392
4E,Tm1,0.8180000000000001,0.11643090315560392
4E,Tm1,0.8190000000000001,0.11643090315560392
4E,Tm1,0.8200000000000001,0.1166340224882119
4E,Tm1,0.8210000000000001,0.11707217990569468
4E,Tm1,0.8220000000000001,0.11751033732317748
4E,Tm1,0.8230000000000001,0.117519042437432
4E,Tm1,0.8240000000000001,0.117519042437432
4E,Tm1,0.8250000000000001,0.117519042437432
4E,Tm1,0.8260000000000001,0.117519042437432
4E,Tm1,0.8270000000000001,0.11752484584693515
4E,Tm1,0.8280000000000001,0.11796300326441793
4E,Tm1,0.8290000000000001,0.11840116068190071
4E,Tm1,0.8300000000000001,0.11860718171926006
4E,Tm1,0.8310000000000001,0.11860718171926006
4E,Tm1,0.8320000000000001,0.11862749365252093
4E,Tm1,0.833,0.11906565107000366
4E,Tm1,0.834,0.11950380848748646
4E,Tm1,0.835,0.11969532100108814
4E,Tm1,0.836,0.11969532100108814
4E,Tm1,0.837,0.11969532100108814
4E,Tm1,0.838,0.11969532100108814
4E,Tm1,0.839,0.11969532100108814
4E,Tm1,0.84,0.11995647442872691
4E,Tm1,0.841,0.1203946318462097
4E,Tm1,0.842,0.12078346028291621
4E,Tm1,0.843,0.12078346028291621
4E,Tm1,0.844,0.12078346028291621
4E,Tm1,0.845,0.1210591222343127
4E,Tm1,0.846,0.12149727965179546
4E,Tm1,0.847,0.12187159956474429
4E,Tm1,0.848,0.12187159956474429
4E,Tm1,0.849,0.12187159956474429
4E,Tm1,0.85,0.1221617700398985
4E,Tm1,0.851,0.12259992745738127
4E,Tm1,0.852,0.12295973884657237
4E,Tm1,0.853,0.12295973884657237
4E,Tm1,0.854,0.12295973884657237
4E,Tm1,0.855,0.12326441784548425
4E,Tm1,0.856,0.12370257526296703
4E,Tm1,0.857,0.12404787812840043
4E,Tm1,0.858,0.12404787812840043
4E,Tm1,0.859,0.12404787812840043
4E,Tm1,0.86,0.12436706565107004
4E,Tm1,0.861,0.12480522306855284
4E,Tm1,0.862,0.12524338048603562
4E,Tm1,0.863,0.12568153790351838
4E,Tm1,0.864,0.12611969532100115
4E,Tm1,0.865,0.12622415669205658
4E,Tm1,0.866,0.12622415669205658
4E,Tm1,0.867,0.12634602829162137
4E,Tm1,0.868,0.12678418570910416
4E,Tm1,0.869,0.12722234312658695
4E,Tm1,0.87,0.12731229597388466
4E,Tm1,0.871,0.12731229597388466
4E,Tm1,0.872,0.12744867609720717
4E,Tm1,0.873,0.12788683351468993
4E,Tm1,0.874,0.1283249909321727
4E,Tm1,0.875,0.12840043525571274
4E,Tm1,0.876,0.12840043525571274
4E,Tm1,0.877,0.12855132390279297
4E,Tm1,0.878,0.12898948132027574
4E,Tm1,0.879,0.1294276387377585
4E,Tm1,0.88,0.1294885745375408
4E,Tm1,0.881,0.1294885745375408
4E,Tm1,0.882,0.1294885745375408
4E,Tm1,0.883,0.1294885745375408
4E,Tm1,0.884,0.1294885745375408
4E,Tm1,0.885,0.12988030467899897
4E,Tm1,0.886,0.13031846209648174
4E,Tm1,0.887,0.1305767138193689
4E,Tm1,0.888,0.1305767138193689
4E,Tm1,0.889,0.1305767138193689
4E,Tm1,0.89,0.13098295248458477
4E,Tm1,0.891,0.13142110990206754
4E,Tm1,0.892,0.13166485310119697
4E,Tm1,0.893,0.13166485310119697
4E,Tm1,0.894,0.13166485310119697
4E,Tm1,0.895,0.13166485310119697
4E,Tm1,0.896,0.13166485310119697
4E,Tm1,0.897,0.13166485310119697
4E,Tm1,0.898,0.13166485310119697
4E,Tm1,0.899,0.13166485310119697
4E,Tm1,0.9,0.13166485310119697
4E,Tm1,0.901,0.13166485310119697
4E,Tm1,0.902,0.1318882843670657
4E,Tm1,0.903,0.1323264417845485
4E,Tm1,0.904,0.13275299238302501
4E,Tm1,0.905,0.13275299238302501
4E,Tm1,0.906,0.13275299238302501
4E,Tm1,0.907,0.13299093217265148
4E,Tm1,0.908,0.13342908959013425
4E,Tm1,0.909,0.1338411316648531
4E,Tm1,0.91,0.1338411316648531
4E,Tm1,0.911,0.1338411316648531
4E,Tm1,0.912,0.1338411316648531
4E,Tm1,0.913,0.1338411316648531
4E,Tm1,0.914,0.1338411316648531
4E,Tm1,0.915,0.1338411316648531
4E,Tm1,0.916,0.1338411316648531
4E,Tm1,0.917,0.1338411316648531
4E,Tm1,0.918,0.1338411316648531
4E,Tm1,0.919,0.13389626405513247
4E,Tm1,0.92,0.13433442147261523
4E,Tm1,0.921,0.134772578890098
4E,Tm1,0.922,0.13492927094668117
4E,Tm1,0.923,0.13492927094668117
4E,Tm1,0.924,0.13492927094668117
4E,Tm1,0.925,0.13492927094668117
4E,Tm1,0.926,0.13492927094668117
4E,Tm1,0.927,0.13522524483133846
4E,Tm1,0.928,0.13566340224882123
4E,Tm1,0.929,0.13601741022850924
4E,Tm1,0.93,0.13601741022850924
4E,Tm1,0.931,0.13601741022850924
4E,Tm1,0.932,0.13601741022850924
4E,Tm1,0.933,0.13601741022850924
4E,Tm1,0.934,0.13611606819006172
4E,Tm1,0.935,0.1365542256075445
4E,Tm1,0.936,0.13699238302502725
4E,Tm1,0.937,0.13710554951033732
4E,Tm1,0.9380000000000001,0.13710554951033732
4E,Tm1,0.9390000000000001,0.13710554951033732
4E,Tm1,0.9400000000000001,0.13710554951033732
4E,Tm1,0.9410000000000001,0.13710554951033732
4E,Tm1,0.9420000000000001,0.13744504896626777
4E,Tm1,0.9430000000000001,0.13788320638375054
4E,Tm1,0.9440000000000001,0.1381936887921654
4E,Tm1,0.9450000000000001,0.1381936887921654
4E,Tm1,0.9460000000000001,0.1381936887921654
4E,Tm1,0.9470000000000001,0.1381936887921654
4E,Tm1,0.9480000000000001,0.1381936887921654
4E,Tm1,0.9490000000000001,0.1381936887921654
4E,Tm1,0.9500000000000001,0.1381936887921654
4E,Tm1,0.9510000000000001,0.1381936887921654
4E,Tm1,0.9520000000000001,0.1381936887921654
4E,Tm1,0.9530000000000001,0.1381936887921654
4E,Tm1,0.9540000000000001,0.1381936887921654
4E,Tm1,0.9550000000000001,0.1381936887921654
4E,Tm1,0.9560000000000001,0.1381936887921654
4E,Tm1,0.9570000000000001,0.13857671381936895
4E,Tm1,0.9580000000000001,0.13901487123685174
4E,Tm1,0.9590000000000001,0.13928182807399347
4E,Tm1,0.96,0.13928182807399347
4E,Tm1,0.961,0.13928182807399347
4E,Tm1,0.962,0.13928182807399347
4E,Tm1,0.963,0.13928182807399347
4E,Tm1,0.964,0.13909611896989474
4E,Tm1,0.965,0.13865796155241197
4E,Tm1,0.966,0.1382198041349292
4E,Tm1,0.967,0.1381936887921654
4E,Tm1,0.968,0.1381936887921654
4E,Tm1,0.969,0.1381936887921654
4E,Tm1,0.97,0.1381936887921654
4E,Tm1,0.971,0.1381936887921654
4E,Tm1,0.972,0.1381936887921654
4E,Tm1,0.973,0.1381936887921654
4E,Tm1,0.974,0.1381936887921654
4E,Tm1,0.975,0.1381936887921654
4E,Tm1,0.976,0.1381936887921654
4E,Tm1,0.977,0.1381936887921654
4E,Tm1,0.978,0.1381936887921654
4E,Tm1,0.979,0.1381936887921654
4E,Tm1,0.98,0.1381936887921654
4E,Tm1,0.981,0.1381936887921654
4E,Tm1,0.982,0.1381936887921654
4E,Tm1,0.983,0.1381936887921654
4E,Tm1,0.984,0.1381936887921654
4E,Tm1,0.985,0.1381936887921654
4E,Tm1,0.986,0.13816177003989838
4E,Tm1,0.987,0.13772361262241561
4E,Tm1,0.988,0.13728545520493285
4E,Tm1,0.989,0.13710554951033732
4E,Tm1,0.99,0.13710554951033732
4E,Tm1,0.991,0.13710554951033732
4E,Tm1,0.992,0.13710554951033732
4E,Tm1,0.993,0.13710554951033732
4E,Tm1,0.994,0.13683278926369236
4E,Tm1,0.995,0.1363946318462096
4E,Tm1,0.996,0.13601741022850924
4E,Tm1,0.997,0.13601741022850924
4E,Tm1,0.998,0.13601741022850924
4E,Tm1,0.999,0.13601741022850924
4E,Tm1,1.0,0.13601741022850924
4E,Tm1,1.0010000000000001,0.13601741022850924
4E,Tm1,1.002,0.13601741022850924
4E,Tm1,1.0030000000000001,0.13601741022850924
4E,Tm1,1.004,0.13601741022850924
4E,Tm1,1.0050000000000001,0.13601741022850924
4E,Tm1,1.006,0.13592745738121137
4E,Tm1,1.0070000000000001,0.13548929996372855
4E,Tm1,1.008,0.1350511425462458
4E,Tm1,1.0090000000000001,0.13492927094668117
4E,Tm1,1.01,0.13492927094668117
4E,Tm1,1.0110000000000001,0.13492927094668117
4E,Tm1,1.012,0.13492927094668117
4E,Tm1,1.0130000000000001,0.13492927094668117
4E,Tm1,1.014,0.13492927094668117
4E,Tm1,1.0150000000000001,0.13492927094668117
4E,Tm1,1.016,0.13492927094668117
4E,Tm1,1.0170000000000001,0.13492927094668117
4E,Tm1,1.018,0.13492927094668117
4E,Tm1,1.0190000000000001,0.13458396808124762
4E,Tm1,1.02,0.13414581066376488
4E,Tm1,1.0210000000000001,0.1338411316648531
4E,Tm1,1.022,0.1338411316648531
4E,Tm1,1.0230000000000001,0.1338411316648531
4E,Tm1,1.024,0.1338411316648531
4E,Tm1,1.025,0.1338411316648531
4E,Tm1,1.026,0.1338411316648531
4E,Tm1,1.027,0.1338411316648531
4E,Tm1,1.028,0.1338411316648531
4E,Tm1,1.029,0.1338411316648531
4E,Tm1,1.03,0.1338411316648531
4E,Tm1,1.031,0.1338411316648531
4E,Tm1,1.032,0.1338411316648531
4E,Tm1,1.033,0.1338411316648531
4E,Tm1,1.034,0.1338411316648531
4E,Tm1,1.035,0.1338411316648531
4E,Tm1,1.036,0.1338411316648531
4E,Tm1,1.037,0.1338411316648531
4E,Tm1,1.038,0.1338411316648531
4E,Tm1,1.039,0.1338411316648531
4E,Tm1,1.04,0.1338411316648531
4E,Tm1,1.041,0.1338411316648531
4E,Tm1,1.042,0.1338411316648531
4E,Tm1,1.043,0.1338411316648531
4E,Tm1,1.044,0.1338411316648531
4E,Tm1,1.045,0.1338411316648531
4E,Tm1,1.046,0.1338411316648531
4E,Tm1,1.047,0.1338411316648531
4E,Tm1,1.048,0.1338411316648531
4E,Tm1,1.049,0.1338411316648531
4E,Tm1,1.05,0.1338411316648531
4E,Tm1,1.051,0.1336206021037359
4E,Tm1,1.052,0.13318244468625307
4E,Tm1,1.053,0.13275299238302501
4E,Tm1,1.054,0.13275299238302501
4E,Tm1,1.055,0.13275299238302501
4E,Tm1,1.056,0.13275299238302501
4E,Tm1,1.057,0.13275299238302501
4E,Tm1,1.058,0.13275299238302501
4E,Tm1,1.059,0.13275299238302501
4E,Tm1,1.06,0.13275299238302501
4E,Tm1,1.061,0.1325034457743924
4E,Tm1,1.062,0.13206528835690964
4E,Tm1,1.063,0.13166485310119697
4E,Tm1,1.064,0.13166485310119697
4E,Tm1,1.065,0.13166485310119697
4E,Tm1,1.066,0.13166485310119697
4E,Tm1,1.067,0.13166485310119697
4E,Tm1,1.068,0.13166485310119697
4E,Tm1,1.069,0.13166485310119697
4E,Tm1,1.07,0.13166485310119697
4E,Tm1,1.071,0.13166485310119697
4E,Tm1,1.072,0.13166485310119697
4E,Tm1,1.073,0.13166485310119697
4E,Tm1,1.074,0.13166485310119697
4E,Tm1,1.075,0.13166485310119697
4E,Tm1,1.076,0.13166485310119697
4E,Tm1,1.077,0.13166485310119697
4E,Tm1,1.078,0.13158360536815378
4E,Tm1,1.079,0.13114544795067104
4E,Tm1,1.08,0.1307072905331882
4E,Tm1,1.081,0.1305767138193689
4E,Tm1,1.082,0.1305767138193689
4E,Tm1,1.083,0.1305767138193689
4E,Tm1,1.084,0.1305767138193689
4E,Tm1,1.085,0.1305767138193689
4E,Tm1,1.086,0.1305767138193689
4E,Tm1,1.087,0.1305767138193689
4E,Tm1,1.088,0.13046644903881016
4E,Tm1,1.089,0.13002829162132748
4E,Tm1,1.09,0.12959013420384466
4E,Tm1,1.091,0.1294885745375408
4E,Tm1,1.092,0.1294885745375408
4E,Tm1,1.093,0.1294885745375408
4E,Tm1,1.094,0.1294885745375408
4E,Tm1,1.095,0.1294885745375408
4E,Tm1,1.096,0.1294885745375408
4E,Tm1,1.097,0.1294885745375408
4E,Tm1,1.098,0.1294885745375408
4E,Tm1,1.099,0.1294885745375408
4E,Tm1,1.1,0.1294885745375408
4E,Tm1,1.101,0.1294885745375408
4E,Tm1,1.102,0.1294885745375408
4E,Tm1,1.103,0.1294885745375408
4E,Tm1,1.104,0.1294885745375408
4E,Tm1,1.105,0.1294885745375408
4E,Tm1,1.106,0.1294885745375408
4E,Tm1,1.107,0.1294885745375408
4E,Tm1,1.108,0.1294885745375408
4E,Tm1,1.109,0.1294885745375408
4E,Tm1,1.11,0.1294885745375408
4E,Tm1,1.111,0.12909394269133115
4E,Tm1,1.112,0.12865578527384833
4E,Tm1,1.113,0.12840043525571274
4E,Tm1,1.114,0.12840043525571274
4E,Tm1,1.115,0.12840043525571274
4E,Tm1,1.116,0.12840043525571274
4E,Tm1,1.117,0.12840043525571274
4E,Tm1,1.118,0.12820311933260775
4E,Tm1,1.119,0.127764961915125
4E,Tm1,1.12,0.1273268044976422
4E,Tm1,1.121,0.12731229597388466
4E,Tm1,1.122,0.12731229597388466
4E,Tm1,1.123,0.12731229597388466
4E,Tm1,1.124,0.12731229597388466
4E,Tm1,1.125,0.12731229597388466
4E,Tm1,1.1260000000000001,0.12731229597388466
4E,Tm1,1.127,0.12731229597388466
4E,Tm1,1.1280000000000001,0.12731229597388466
4E,Tm1,1.129,0.12731229597388466
4E,Tm1,1.1300000000000001,0.12729778745012685
4E,Tm1,1.131,0.1268596300326441
4E,Tm1,1.1320000000000001,0.12642147261516126
4E,Tm1,1.133,0.12622415669205658
4E,Tm1,1.1340000000000001,0.12622415669205658
4E,Tm1,1.135,0.12619513964454104
4E,Tm1,1.1360000000000001,0.12575698222705825
4E,Tm1,1.137,0.12531882480957554
4E,Tm1,1.1380000000000001,0.1251360174102285
4E,Tm1,1.139,0.1251360174102285
4E,Tm1,1.1400000000000001,0.1251360174102285
4E,Tm1,1.141,0.1251360174102285
4E,Tm1,1.1420000000000001,0.1251360174102285
4E,Tm1,1.143,0.1248661588683351
4E,Tm1,1.1440000000000001,0.12442800145085227
4E,Tm1,1.145,0.12404787812840043
4E,Tm1,1.1460000000000001,0.12404787812840043
4E,Tm1,1.147,0.12404787812840043
4E,Tm1,1.1480000000000001,0.12376351106274922
4E,Tm1,1.149,0.12332535364526648
4E,Tm1,1.1500000000000001,0.12295973884657237
4E,Tm1,1.151,0.12295973884657237
4E,Tm1,1.1520000000000001,0.12295973884657237
4E,Tm1,1.153,0.12266086325716352
4E,Tm1,1.154,0.12222270583968078
4E,Tm1,1.155,0.12187159956474429
4E,Tm1,1.156,0.12187159956474429
4E,Tm1,1.157,0.12187159956474429
4E,Tm1,1.158,0.12155821545157781
4E,Tm1,1.159,0.12112005803409498
4E,Tm1,1.16,0.12078346028291621
4E,Tm1,1.161,0.12078346028291621
4E,Tm1,1.162,0.12078346028291621
4E,Tm1,1.163,0.12045556764599193
4E,Tm1,1.164,0.12001741022850919
4E,Tm1,1.165,0.11969532100108814
4E,Tm1,1.166,0.11969532100108814
4E,Tm1,1.167,0.11969532100108814
4E,Tm1,1.168,0.11969532100108814
4E,Tm1,1.169,0.11969532100108814
4E,Tm1,1.17,0.11956474428726874
4E,Tm1,1.171,0.11912658686978594
4E,Tm1,1.172,0.11868842945230325
4E,Tm1,1.173,0.11860718171926006
4E,Tm1,1.174,0.11860718171926006
4E,Tm1,1.175,0.11846209648168293
4E,Tm1,1.176,0.1180239390642002
4E,Tm1,1.177,0.11758578164671737
4E,Tm1,1.178,0.117519042437432
4E,Tm1,1.179,0.117519042437432
4E,Tm1,1.18,0.117519042437432
4E,Tm1,1.181,0.117519042437432
4E,Tm1,1.182,0.117519042437432
4E,Tm1,1.183,0.11713311570547684
4E,Tm1,1.184,0.11669495828799414
4E,Tm1,1.185,0.11643090315560392
4E,Tm1,1.186,0.11643090315560392
4E,Tm1,1.187,0.11643090315560392
4E,Tm1,1.188,0.11643090315560392
4E,Tm1,1.189,0.11643090315560392
4E,Tm1,1.19,0.11643090315560392
4E,Tm1,1.191,0.11643090315560392
4E,Tm1,1.192,0.11643090315560392
4E,Tm1,1.193,0.11601595937613339
4E,Tm1,1.194,0.11557780195865065
4E,Tm1,1.195,0.11534276387377584
4E,Tm1,1.196,0.11534276387377584
4E,Tm1,1.197,0.11534276387377584
4E,Tm1,1.198,0.11534276387377584
4E,Tm1,1.199,0.11534276387377584
4E,Tm1,1.2,0.11512513601741019
4E,Tm1,1.201,0.11468697859992735
4E,Tm1,1.202,0.11425462459194777
4E,Tm1,1.203,0.11425462459194777
4E,Tm1,1.204,0.11425462459194777
4E,Tm1,1.205,0.11425462459194777
4E,Tm1,1.206,0.11425462459194777
4E,Tm1,1.207,0.11425462459194777
4E,Tm1,1.208,0.11425462459194777
4E,Tm1,1.209,0.11425462459194777
4E,Tm1,1.21,0.11425462459194777
4E,Tm1,1.211,0.11425462459194777
4E,Tm1,1.212,0.11421980413492927
4E,Tm1,1.213,0.11378164671744644
4E,Tm1,1.214,0.1133434892999637
4E,Tm1,1.215,0.11316648531011969
4E,Tm1,1.216,0.11316648531011969
4E,Tm1,1.217,0.11316648531011969
4E,Tm1,1.218,0.11316648531011969
4E,Tm1,1.219,0.11316648531011969
4E,Tm1,1.22,0.11289082335872316
4E,Tm1,1.221,0.11245266594124037
4E,Tm1,1.222,0.11207834602829161
4E,Tm1,1.223,0.11207834602829161
4E,Tm1,1.224,0.11207834602829161
4E,Tm1,1.225,0.11207834602829161
4E,Tm1,1.226,0.11207834602829161
4E,Tm1,1.227,0.11207834602829161
4E,Tm1,1.228,0.11207834602829161
4E,Tm1,1.229,0.11207834602829161
4E,Tm1,1.23,0.11177366702937973
4E,Tm1,1.231,0.1113355096118969
4E,Tm1,1.232,0.11099020674646355
4E,Tm1,1.233,0.11099020674646355
4E,Tm1,1.234,0.11099020674646355
4E,Tm1,1.235,0.11099020674646355
4E,Tm1,1.236,0.11099020674646355
4E,Tm1,1.237,0.11088284367065644
4E,Tm1,1.238,0.1104446862531737
4E,Tm1,1.239,0.11000652883569087
4E,Tm1,1.24,0.10990206746463548
4E,Tm1,1.241,0.10990206746463548
4E,Tm1,1.242,0.10990206746463548
4E,Tm1,1.243,0.10990206746463548
4E,Tm1,1.244,0.10990206746463548
4E,Tm1,1.245,0.10990206746463548
4E,Tm1,1.246,0.10990206746463548
4E,Tm1,1.247,0.10976568734131291
4E,Tm1,1.248,0.10932752992383019
4E,Tm1,1.249,0.10888937250634735
4E,Tm1,1.25,0.1088139281828074
4E,Tm1,1.2510000000000001,0.1088139281828074
4E,Tm1,1.252,0.1088139281828074
4E,Tm1,1.2530000000000001,0.1088139281828074
4E,Tm1,1.254,0.1088139281828074
4E,Tm1,1.2550000000000001,0.10843670656510689
4E,Tm1,1.256,0.10799854914762415
4E,Tm1,1.2570000000000001,0.10772578890097932
4E,Tm1,1.258,0.10772578890097932
4E,Tm1,1.2590000000000001,0.10772578890097932
4E,Tm1,1.26,0.10772578890097932
4E,Tm1,1.2610000000000001,0.10772578890097932
4E,Tm1,1.262,0.10772578890097932
4E,Tm1,1.2630000000000001,0.10772578890097932
4E,Tm1,1.264,0.10772578890097932
4E,Tm1,1.2650000000000001,0.10772578890097932
4E,Tm1,1.266,0.10772578890097932
4E,Tm1,1.2670000000000001,0.10772578890097932
4E,Tm1,1.268,0.10772578890097932
4E,Tm1,1.2690000000000001,0.10772578890097932
4E,Tm1,1.27,0.10772578890097932
4E,Tm1,1.2710000000000001,0.10772578890097932
4E,Tm1,1.272,0.10772578890097932
4E,Tm1,1.2730000000000001,0.10772578890097932
4E,Tm1,1.274,0.10772578890097932
4E,Tm1,1.2750000000000001,0.10772578890097932
4E,Tm1,1.276,0.10772578890097932
4E,Tm1,1.2770000000000001,0.10772578890097932
4E,Tm1,1.278,0.10772578890097932
4E,Tm1,1.2790000000000001,0.10772578890097932
4E,Tm1,1.28,0.10772578890097932
4E,Tm1,1.281,0.10772578890097932
4E,Tm1,1.282,0.10772578890097932
4E,Tm1,1.283,0.10772578890097932
4E,Tm1,1.284,0.10772578890097932
4E,Tm1,1.285,0.10772578890097932
4E,Tm1,1.286,0.10772578890097932
4E,Tm1,1.287,0.10772578890097932
4E,Tm1,1.288,0.10772578890097932
4E,Tm1,1.289,0.10772578890097932
4E,Tm1,1.29,0.10772578890097932
4E,Tm1,1.291,0.10772578890097932
4E,Tm1,1.292,0.10772578890097932
4E,Tm1,1.293,0.10772578890097932
4E,Tm1,1.294,0.10772578890097932
4E,Tm1,1.295,0.10772578890097932
4E,Tm1,1.296,0.10772578890097932
4E,Tm1,1.297,0.10772578890097932
4E,Tm1,1.298,0.10772578890097932
4E,Tm1,1.299,0.10772578890097932
4E,Tm1,1.3,0.10772578890097932
4E,Tm1,1.301,0.10772578890097932
4E,Tm1,1.302,0.10772578890097932
4E,Tm1,1.303,0.10772578890097932
4E,Tm1,1.304,0.10772578890097932
4E,Tm1,1.305,0.10772578890097932
4E,Tm1,1.306,0.10772578890097932
4E,Tm1,1.307,0.10772578890097932
4E,Tm1,1.308,0.10772578890097932
4E,Tm1,1.309,0.10772578890097932
4E,Tm1,1.31,0.10772578890097932
4E,Tm1,1.311,0.10772578890097932
4E,Tm1,1.312,0.10772578890097932
4E,Tm1,1.313,0.10772578890097932
4E,Tm1,1.314,0.10772578890097932
4E,Tm1,1.315,0.10772578890097932
4E,Tm1,1.316,0.10772578890097932
4E,Tm1,1.317,0.10772578890097932
4E,Tm1,1.318,0.10772578890097932
4E,Tm1,1.319,0.10772578890097932
4E,Tm1,1.32,0.10772578890097932
4E,Tm1,1.321,0.10772578890097932
4E,Tm1,1.322,0.10772578890097932
4E,Tm1,1.323,0.10772578890097932
4E,Tm1,1.324,0.10772578890097932
4E,Tm1,1.325,0.10772578890097932
4E,Tm1,1.326,0.10772578890097932
4E,Tm1,1.327,0.10772578890097932
4E,Tm1,1.328,0.10772578890097932
4E,Tm1,1.329,0.10772578890097932
4E,Tm1,1.33,0.10772578890097932
4E,Tm1,1.331,0.10772578890097932
4E,Tm1,1.332,0.10772578890097932
4E,Tm1,1.333,0.10772578890097932
4E,Tm1,1.334,0.10772578890097932
4E,Tm1,1.335,0.10772578890097932
4E,Tm1,1.336,0.10772578890097932
4E,Tm1,1.337,0.10772578890097932
4E,Tm1,1.338,0.10772578890097932
4E,Tm1,1.339,0.10772578890097932
4E,Tm1,1.34,0.10772578890097932
4E,Tm1,1.341,0.10772578890097932
4E,Tm1,1.342,0.10772578890097932
4E,Tm1,1.343,0.10772578890097932
4E,Tm1,1.344,0.10772578890097932
4E,Tm1,1.345,0.10772578890097932
4E,Tm1,1.346,0.10772578890097932
4E,Tm1,1.347,0.10772578890097932
4E,Tm1,1.348,0.10772578890097932
4E,Tm1,1.349,0.10772578890097932
4E,Tm1,1.35,0.10772578890097932
4E,Tm1,1.351,0.10772578890097932
4E,Tm1,1.352,0.10772578890097932
4E,Tm1,1.353,0.10772578890097932
4E,Tm1,1.354,0.10772578890097932
4E,Tm1,1.355,0.10772578890097932
4E,Tm1,1.356,0.10774319912948867
4E,Tm1,1.357,0.1081813565469714
4E,Tm1,1.358,0.10861951396445424
4E,Tm1,1.359,0.1088139281828074
4E,Tm1,1.36,0.1088139281828074
4E,Tm1,1.361,0.10884584693507446
4E,Tm1,1.362,0.10928400435255727
4E,Tm1,1.363,0.10972216177003996
4E,Tm1,1.364,0.10990206746463548
4E,Tm1,1.365,0.10990206746463548
4E,Tm1,1.366,0.10990206746463548
4E,Tm1,1.367,0.10990206746463548
4E,Tm1,1.368,0.10990206746463548
4E,Tm1,1.369,0.10990206746463548
4E,Tm1,1.37,0.10990206746463548
4E,Tm1,1.371,0.10990206746463548
4E,Tm1,1.372,0.10990206746463548
4E,Tm1,1.373,0.10990206746463548
4E,Tm1,1.374,0.11018933623503822
4E,Tm1,1.375,0.11062749365252096
4E,Tm1,1.3760000000000001,0.11099020674646355
4E,Tm1,1.377,0.11099020674646355
4E,Tm1,1.3780000000000001,0.11099020674646355
4E,Tm1,1.379,0.11129198404062392
4E,Tm1,1.3800000000000001,0.11173014145810675
4E,Tm1,1.381,0.11207834602829161
4E,Tm1,1.3820000000000001,0.11207834602829161
4E,Tm1,1.383,0.11207834602829161
4E,Tm1,1.3840000000000001,0.11207834602829161
4E,Tm1,1.385,0.11207834602829161
4E,Tm1,1.3860000000000001,0.11207834602829161
4E,Tm1,1.387,0.11207834602829161
4E,Tm1,1.3880000000000001,0.11207834602829161
4E,Tm1,1.389,0.11207834602829161
4E,Tm1,1.3900000000000001,0.11207834602829161
4E,Tm1,1.391,0.11207834602829161
4E,Tm1,1.3920000000000001,0.11207834602829161
4E,Tm1,1.393,0.11207834602829161
4E,Tm1,1.3940000000000001,0.11242364889372515
4E,Tm1,1.395,0.11286180631120789
4E,Tm1,1.3960000000000001,0.11316648531011969
4E,Tm1,1.397,0.11316648531011969
4E,Tm1,1.3980000000000001,0.11316648531011969
4E,Tm1,1.399,0.11316648531011969
4E,Tm1,1.4000000000000001,0.11316648531011969
4E,Tm1,1.401,0.11316648531011969
4E,Tm1,1.4020000000000001,0.11316648531011969
4E,Tm1,1.403,0.11316648531011969
4E,Tm1,1.4040000000000001,0.11354080522306868
4E,Tm1,1.405,0.11397896264055142
4E,Tm1,1.4060000000000001,0.11425462459194777
4E,Tm1,1.407,0.11425462459194777
4E,Tm1,1.408,0.11425462459194777
4E,Tm1,1.409,0.11425462459194777
4E,Tm1,1.41,0.11425462459194777
4E,Tm1,1.411,0.11425462459194777
4E,Tm1,1.412,0.11425462459194777
4E,Tm1,1.413,0.11425462459194777
4E,Tm1,1.414,0.11425462459194777
4E,Tm1,1.415,0.11425462459194777
4E,Tm1,1.416,0.11425462459194777
4E,Tm1,1.417,0.11425462459194777
4E,Tm1,1.418,0.11425462459194777
4E,Tm1,1.419,0.11425462459194777
4E,Tm1,1.42,0.11425462459194777
4E,Tm1,1.421,0.11425462459194777
4E,Tm1,1.422,0.11425462459194777
4E,Tm1,1.423,0.11425462459194777
4E,Tm1,1.424,0.11425462459194777
4E,Tm1,1.425,0.11425462459194777
4E,Tm1,1.426,0.11425462459194777
4E,Tm1,1.427,0.11425462459194777
4E,Tm1,1.428,0.1142459194776931
4E,Tm1,1.429,0.1138077620602103
4E,Tm1,1.43,0.1133696046427276
4E,Tm1,1.431,0.11316648531011969
4E,Tm1,1.432,0.11316648531011969
4E,Tm1,1.433,0.11316648531011969
4E,Tm1,1.434,0.11316648531011969
4E,Tm1,1.435,0.11316648531011969
4E,Tm1,1.436,0.11316648531011969
4E,Tm1,1.437,0.11316648531011969
4E,Tm1,1.438,0.11316648531011969
4E,Tm1,1.439,0.11316648531011969
4E,Tm1,1.44,0.11316648531011969
4E,Tm1,1.441,0.11316648531011969
4E,Tm1,1.442,0.11316648531011969
4E,Tm1,1.443,0.11316648531011969
4E,Tm1,1.444,0.11316648531011969
4E,Tm1,1.445,0.11316648531011969
4E,Tm1,1.446,0.11316648531011969
4E,Tm1,1.447,0.11316648531011969
4E,Tm1,1.448,0.11316648531011969
4E,Tm1,1.449,0.11316648531011969
4E,Tm1,1.45,0.11316648531011969
4E,Tm1,1.451,0.1128734131302139
4E,Tm1,1.452,0.11243525571273116
4E,Tm1,1.453,0.11207834602829161
4E,Tm1,1.454,0.11207834602829161
4E,Tm1,1.455,0.11207834602829161
4E,Tm1,1.456,0.11207834602829161
4E,Tm1,1.457,0.11207834602829161
4E,Tm1,1.458,0.11207834602829161
4E,Tm1,1.459,0.11207834602829161
4E,Tm1,1.46,0.11207834602829161
4E,Tm1,1.461,0.11207834602829161
4E,Tm1,1.462,0.11207834602829161
4E,Tm1,1.463,0.11207834602829161
4E,Tm1,1.464,0.11207834602829161
4E,Tm1,1.465,0.11207834602829161
4E,Tm1,1.466,0.11207834602829161
4E,Tm1,1.467,0.11207834602829161
4E,Tm1,1.468,0.11207834602829161
4E,Tm1,1.469,0.11207834602829161
4E,Tm1,1.47,0.11207834602829161
4E,Tm1,1.471,0.11207834602829161
4E,Tm1,1.472,0.11207834602829161
4E,Tm1,1.473,0.11207834602829161
4E,Tm1,1.474,0.11207834602829161
4E,Tm1,1.475,0.11207834602829161
4E,Tm1,1.476,0.11207834602829161
4E,Tm1,1.477,0.11207834602829161
4E,Tm1,1.478,0.11207834602829161
4E,Tm1,1.479,0.11207834602829161
4E,Tm1,1.48,0.11207834602829161
4E,Tm1,1.481,0.11169822270583958
4E,Tm1,1.482,0.11126006528835686
4E,Tm1,1.483,0.11099020674646355
4E,Tm1,1.484,0.11099020674646355
4E,Tm1,1.485,0.11099020674646355
4E,Tm1,1.486,0.11099020674646355
4E,Tm1,1.487,0.11099020674646355
4E,Tm1,1.488,0.11099020674646355
4E,Tm1,1.489,0.11099020674646355
4E,Tm1,1.49,0.11099020674646355
4E,Tm1,1.491,0.11099020674646355
4E,Tm1,1.492,0.11099020674646355
4E,Tm1,1.493,0.1107928908233586
4E,Tm1,1.494,0.1103547334058759
4E,Tm1,1.495,0.1099165759883931
4E,Tm1,1.496,0.10990206746463548
4E,Tm1,1.497,0.10990206746463548
4E,Tm1,1.498,0.10990206746463548
4E,Tm1,1.499,0.10990206746463548
4E,Tm1,1.5,0.10990206746463548
4E,Tm1,1.5010000000000001,0.10990206746463548
4E,Tm1,1.502,0.10990206746463548
4E,Tm1,1.5030000000000001,0.10990206746463548
4E,Tm1,1.504,0.10990206746463548
4E,Tm1,1.5050000000000001,0.10990206746463548
4E,Tm1,1.506,0.10990206746463548
4E,Tm1,1.5070000000000001,0.10990206746463548
4E,Tm1,1.508,0.10990206746463548
4E,Tm1,1.5090000000000001,0.10990206746463548
4E,Tm1,1.51,0.10990206746463548
4E,Tm1,1.5110000000000001,0.10990206746463548
4E,Tm1,1.512,0.10990206746463548
4E,Tm1,1.5130000000000001,0.10990206746463548
4E,Tm1,1.514,0.10990206746463548
4E,Tm1,1.5150000000000001,0.10990206746463548
4E,Tm1,1.516,0.10990206746463548
4E,Tm1,1.5170000000000001,0.10990206746463548
4E,Tm1,1.518,0.109632208922742
4E,Tm1,1.5190000000000001,0.10919405150525921
4E,Tm1,1.52,0.1088139281828074
4E,Tm1,1.5210000000000001,0.1088139281828074
4E,Tm1,1.522,0.1088139281828074
4E,Tm1,1.5230000000000001,0.1088139281828074
4E,Tm1,1.524,0.1088139281828074
4E,Tm1,1.5250000000000001,0.1088139281828074
4E,Tm1,1.526,0.1088139281828074
4E,Tm1,1.5270000000000001,0.1088139281828074
4E,Tm1,1.528,0.10851505259339855
4E,Tm1,1.5290000000000001,0.10807689517591572
4E,Tm1,1.53,0.10772578890097932
4E,Tm1,1.5310000000000001,0.10772578890097932
4E,Tm1,1.532,0.10772578890097932
4E,Tm1,1.5330000000000001,0.10772578890097932
4E,Tm1,1.534,0.10772578890097932
4E,Tm1,1.5350000000000001,0.10772578890097932
4E,Tm1,1.536,0.10772578890097932
4E,Tm1,1.537,0.10772578890097932
4E,Tm1,1.538,0.10772578890097932
4E,Tm1,1.539,0.10772578890097932
4E,Tm1,1.54,0.10760972071091755
4E,Tm1,1.541,0.10717156329343484
4E,Tm1,1.542,0.10673340587595205
4E,Tm1,1.543,0.10663764961915125
4E,Tm1,1.544,0.10663764961915125
4E,Tm1,1.545,0.10650707290533183
4E,Tm1,1.546,0.10606891548784901
4E,Tm1,1.547,0.10563075807036627
4E,Tm1,1.548,0.10554951033732318
4E,Tm1,1.549,0.10554951033732318
4E,Tm1,1.55,0.10554951033732318
4E,Tm1,1.551,0.10554951033732318
4E,Tm1,1.552,0.10554951033732318
4E,Tm1,1.553,0.10517809212912582
4E,Tm1,1.554,0.10473993471164299
4E,Tm1,1.555,0.1044613710554951
4E,Tm1,1.556,0.1044613710554951
4E,Tm1,1.557,0.1044613710554951
4E,Tm1,1.558,0.10407544432354002
4E,Tm1,1.559,0.10363728690605728
4E,Tm1,1.56,0.10337323177366703
4E,Tm1,1.561,0.10337323177366703
4E,Tm1,1.562,0.10337323177366703
4E,Tm1,1.563,0.10337323177366703
4E,Tm1,1.564,0.10337323177366703
4E,Tm1,1.565,0.10318462096481675
4E,Tm1,1.566,0.10274646354733395
4E,Tm1,1.567,0.10230830612985126
4E,Tm1,1.568,0.10228509249183895
4E,Tm1,1.569,0.10228509249183895
4E,Tm1,1.57,0.10208197315923094
4E,Tm1,1.571,0.10164381574174824
4E,Tm1,1.572,0.10120565832426545
4E,Tm1,1.573,0.10076750090678271
4E,Tm1,1.574,0.1003293434892999
4E,Tm1,1.575,0.10010881392818281
4E,Tm1,1.576,0.10010881392818281
4E,Tm1,1.577,0.10010881392818281
4E,Tm1,1.578,0.10010881392818281
4E,Tm1,1.579,0.10010881392818281
4E,Tm1,1.58,0.09987667754805936
4E,Tm1,1.581,0.09943852013057666
4E,Tm1,1.582,0.09902067464635474
4E,Tm1,1.583,0.09902067464635474
4E,Tm1,1.584,0.09902067464635474
4E,Tm1,1.585,0.09877402974247364
4E,Tm1,1.586,0.0983358723249908
4E,Tm1,1.587,0.09793253536452666
4E,Tm1,1.588,0.09793253536452666
4E,Tm1,1.589,0.09793253536452666
4E,Tm1,1.59,0.09767138193688783
4E,Tm1,1.591,0.0972332245194051
4E,Tm1,1.592,0.09684439608269858
4E,Tm1,1.593,0.09684439608269858
4E,Tm1,1.594,0.09684439608269858
4E,Tm1,1.595,0.09656873413130206
4E,Tm1,1.596,0.09613057671381926
4E,Tm1,1.597,0.0957562568008705
4E,Tm1,1.598,0.0957562568008705
4E,Tm1,1.599,0.0957562568008705
4E,Tm1,1.6,0.09546608632571624
4E,Tm1,1.601,0.09502792890823351
4E,Tm1,1.602,0.09466811751904244
4E,Tm1,1.603,0.09466811751904244
4E,Tm1,1.604,0.09466811751904244
4E,Tm1,1.605,0.09436343852013054
4E,Tm1,1.606,0.09392528110264771
4E,Tm1,1.607,0.09357997823721437
4E,Tm1,1.608,0.09357997823721437
4E,Tm1,1.609,0.09357997823721437
4E,Tm1,1.61,0.09326079071454468
4E,Tm1,1.611,0.09282263329706199
4E,Tm1,1.612,0.09249183895538629
4E,Tm1,1.613,0.09249183895538629
4E,Tm1,1.614,0.09249183895538629
4E,Tm1,1.615,0.09249183895538629
4E,Tm1,1.616,0.09249183895538629
4E,Tm1,1.617,0.09236996735582147
4E,Tm1,1.618,0.09193180993833867
4E,Tm1,1.619,0.09149365252085598
4E,Tm1,1.62,0.09140369967355821
4E,Tm1,1.621,0.09140369967355821
4E,Tm1,1.622,0.09126731955023565
4E,Tm1,1.623,0.09082916213275292
4E,Tm1,1.624,0.09039100471527009
4E,Tm1,1.625,0.09031556039173014
4E,Tm1,1.6260000000000001,0.09031556039173014
4E,Tm1,1.627,0.09016467174464987
4E,Tm1,1.6280000000000001,0.08972651432716708
4E,Tm1,1.629,0.08928835690968438
4E,Tm1,1.6300000000000001,0.08922742110990206
4E,Tm1,1.631,0.08922742110990206
4E,Tm1,1.6320000000000001,0.08906202393906405
4E,Tm1,1.633,0.08862386652158133
4E,Tm1,1.6340000000000001,0.0881857091040985
4E,Tm1,1.635,0.088139281828074
4E,Tm1,1.6360000000000001,0.088139281828074
4E,Tm1,1.637,0.088139281828074
4E,Tm1,1.6380000000000001,0.088139281828074
4E,Tm1,1.639,0.088139281828074
4E,Tm1,1.6400000000000001,0.08773304316285804
4E,Tm1,1.641,0.0872948857453753
4E,Tm1,1.6420000000000001,0.08705114254624592
4E,Tm1,1.643,0.08705114254624592
4E,Tm1,1.6440000000000001,0.08705114254624592
4E,Tm1,1.645,0.08663039535727234
4E,Tm1,1.6460000000000001,0.0861922379397895
4E,Tm1,1.647,0.08596300326441784
4E,Tm1,1.6480000000000001,0.08596300326441784
4E,Tm1,1.649,0.08596300326441784
4E,Tm1,1.6500000000000001,0.08552774755168648
4E,Tm1,1.651,0.08508959013420378
4E,Tm1,1.6520000000000001,0.08487486398258977
4E,Tm1,1.653,0.08487486398258977
4E,Tm1,1.6540000000000001,0.08486325716358348
4E,Tm1,1.655,0.08442509974610074
4E,Tm1,1.6560000000000001,0.0839869423286179
4E,Tm1,1.657,0.08378672470076169
4E,Tm1,1.6580000000000001,0.08378672470076169
4E,Tm1,1.659,0.08378672470076169
4E,Tm1,1.6600000000000001,0.08378672470076169
4E,Tm1,1.661,0.08378672470076169
4E,Tm1,1.6620000000000001,0.08353427638737744
4E,Tm1,1.663,0.08309611896989472
4E,Tm1,1.6640000000000001,0.08269858541893363
4E,Tm1,1.665,0.08269858541893363
4E,Tm1,1.666,0.08269858541893363
4E,Tm1,1.667,0.08243162858179176
4E,Tm1,1.668,0.08199347116430902
4E,Tm1,1.669,0.08161044613710555
4E,Tm1,1.67,0.08161044613710555
4E,Tm1,1.671,0.08161044613710555
4E,Tm1,1.672,0.08161044613710555
4E,Tm1,1.673,0.08161044613710555
4E,Tm1,1.674,0.08154080522306856
4E,Tm1,1.675,0.08110264780558572
4E,Tm1,1.676,0.08066449038810299
4E,Tm1,1.677,0.08052230685527748
4E,Tm1,1.678,0.08052230685527748
4E,Tm1,1.679,0.08043815741748266
4E,Tm1,1.68,0.07999999999999992
4E,Tm1,1.681,0.0795618425825171
4E,Tm1,1.682,0.0794341675734494
4E,Tm1,1.683,0.0794341675734494
4E,Tm1,1.684,0.0794341675734494
4E,Tm1,1.685,0.0794341675734494
4E,Tm1,1.686,0.0794341675734494
4E,Tm1,1.687,0.07910917664127663
4E,Tm1,1.688,0.0786710192237939
4E,Tm1,1.689,0.07834602829162132
4E,Tm1,1.69,0.07834602829162132
4E,Tm1,1.691,0.07834602829162132
4E,Tm1,1.692,0.07834602829162132
4E,Tm1,1.693,0.07834602829162132
4E,Tm1,1.694,0.07821835328255344
4E,Tm1,1.695,0.07778019586507061
4E,Tm1,1.696,0.07734203844758789
4E,Tm1,1.697,0.07725788900979326
4E,Tm1,1.698,0.07725788900979326
4E,Tm2,0.0,-0.005453466659686229
4E,Tm2,0.001,-0.005453466659686229
4E,Tm2,0.002,-0.005453466659686229
4E,Tm2,0.003,-0.005453466659686229
4E,Tm2,0.004,-0.005453466659686229
4E,Tm2,0.005,-0.005453466659686229
4E,Tm2,0.006,-0.005453466659686229
4E,Tm2,0.007,-0.005453466659686229
4E,Tm2,0.008,-0.005453466659686229
4E,Tm2,0.009000000000000001,-0.005453466659686229
4E,Tm2,0.01,-0.005453466659686229
4E,Tm2,0.011,-0.005453466659686229
4E,Tm2,0.012,-0.005453466659686229
4E,Tm2,0.013000000000000001,-0.005453466659686229
4E,Tm2,0.014,-0.005453466659686229
4E,Tm2,0.015,-0.005453466659686229
4E,Tm2,0.016,-0.005453466659686229
4E,Tm2,0.017,-0.005453466659686229
4E,Tm2,0.018000000000000002,-0.005453466659686229
4E,Tm2,0.019,-0.005453466659686229
4E,Tm2,0.02,-0.005453466659686229
4E,Tm2,0.021,-0.005453466659686229
4E,Tm2,0.022,-0.005453466659686229
4E,Tm2,0.023,-0.005453466659686229
4E,Tm2,0.024,-0.005453466659686229
4E,Tm2,0.025,-0.005453466659686229
4E,Tm2,0.026000000000000002,-0.005453466659686229
4E,Tm2,0.027,-0.005453466659686229
4E,Tm2,0.028,-0.005453466659686229
4E,Tm2,0.029,-0.005453466659686229
4E,Tm2,0.03,-0.005453466659686229
4E,Tm2,0.031,-0.005453466659686229
4E,Tm2,0.032,-0.005453466659686229
4E,Tm2,0.033,-0.005453466659686229
4E,Tm2,0.034,-0.005453466659686229
4E,Tm2,0.035,-0.005453466659686229
4E,Tm2,0.036000000000000004,-0.005453466659686229
4E,Tm2,0.037,-0.005453466659686229
4E,Tm2,0.038,-0.005453466659686229
4E,Tm2,0.039,-0.005453466659686229
4E,Tm2,0.04,-0.005453466659686229
4E,Tm2,0.041,-0.005453466659686229
4E,Tm2,0.042,-0.005453466659686229
4E,Tm2,0.043000000000000003,-0.005796671494802533
4E,Tm2,0.044,-0.006235857343129274
4E,Tm2,0.045,-0.006675043191456006
4E,Tm2,0.046,-0.007114229039782711
4E,Tm2,0.047,-0.007553414888109415
4E,Tm2,0.048,-0.00763485332356072
4E,Tm2,0.049,-0.00763485332356072
4E,Tm2,0.05,-0.00763485332356072
4E,Tm2,0.051000000000000004,-0.00763485332356072
4E,Tm2,0.052000000000000005,-0.00763485332356072
4E,Tm2,0.053,-0.008007143314195343
4E,Tm2,0.054,-0.008446329162522049
4E,Tm2,0.055,-0.008885515010848768
4E,Tm2,0.056,-0.009324700859175512
4E,Tm2,0.057,-0.009763886707502254
4E,Tm2,0.058,-0.010203072555828998
4E,Tm2,0.059000000000000004,-0.010642258404155742
4E,Tm2,0.06,-0.010906933319372458
4E,Tm2,0.061,-0.010906933319372458
4E,Tm2,0.062,-0.010906933319372458
4E,Tm2,0.063,-0.011308308465525371
4E,Tm2,0.064,-0.011747494313852115
4E,Tm2,0.065,-0.012186680162178859
4E,Tm2,0.066,-0.012625866010505603
4E,Tm2,0.067,-0.013065051858832347
4E,Tm2,0.068,-0.01184056681151053
4E,Tm2,0.069,-0.010523009266530298
4E,Tm2,0.07,-0.010223432164691942
4E,Tm2,0.07100000000000001,-0.011101803861345351
4E,Tm2,0.07200000000000001,-0.01198017555799876
4E,Tm2,0.073,-0.012858547254652233
4E,Tm2,0.074,-0.01373691895130572
4E,Tm2,0.075,-0.014615290647959208
4E,Tm2,0.076,-0.015493662344612698
4E,Tm2,0.077,-0.016366217010162436
4E,Tm2,0.078,-0.01680540285848914
4E,Tm2,0.079,-0.017244588706815847
4E,Tm2,0.08,-0.018149137043435844
4E,Tm2,0.081,-0.019466694588416076
4E,Tm2,0.082,-0.020784252133396307
4E,Tm2,0.083,-0.02210180967837654
4E,Tm2,0.084,-0.02341936722335677
4E,Tm2,0.085,-0.024736924768336933
4E,Tm2,0.08600000000000001,-0.026054482313317046
4E,Tm2,0.08700000000000001,-0.02737203985829717
4E,Tm2,0.088,-0.028689597403277384
4E,Tm2,0.089,-0.030007154948257616
4E,Tm2,0.09,-0.031586478892902836
4E,Tm2,0.091,-0.03334322228620981
4E,Tm2,0.092,-0.03519885520827922
4E,Tm2,0.093,-0.03783397029823945
4E,Tm2,0.094,-0.040469085388199676
4E,Tm2,0.095,-0.04365681843300829
4E,Tm2,0.096,-0.04717030521962224
4E,Tm2,0.097,-0.050491829979815106
4E,Tm2,0.098,-0.052687759221448825
4E,Tm2,0.099,-0.054883688463082544
4E,Tm2,0.1,-0.05707961770471614
4E,Tm2,0.101,-0.05927554694634966
4E,Tm2,0.10200000000000001,-0.06155000610788271
4E,Tm2,0.10300000000000001,-0.06418512119784317
4E,Tm2,0.10400000000000001,-0.06682023628780363
4E,Tm2,0.105,-0.06945535137776407
4E,Tm2,0.106,-0.07209046646772453
4E,Tm2,0.107,-0.07472558155768494
4E,Tm2,0.108,-0.07736069664764517
4E,Tm2,0.109,-0.0799958117376054
4E,Tm2,0.11,-0.08359073695967059
4E,Tm2,0.111,-0.08754340959461128
4E,Tm2,0.112,-0.09149608222955198
4E,Tm2,0.113,-0.09544875486449267
4E,Tm2,0.114,-0.09940142749943337
4E,Tm2,0.115,-0.10368857942283459
4E,Tm2,0.116,-0.10808043790610164
4E,Tm2,0.117,-0.11259445404254576
4E,Tm2,0.11800000000000001,-0.11742549837413994
4E,Tm2,0.11900000000000001,-0.12225654270573412
4E,Tm2,0.12,-0.12638954330488836
4E,Tm2,0.121,-0.13034221593982906
4E,Tm2,0.122,-0.13456828903664214
4E,Tm2,0.123,-0.13939933336823632
4E,Tm2,0.124,-0.14423037769983046
4E,Tm2,0.125,-0.1505156798073409
4E,Tm2,0.126,-0.15710346753224147
4E,Tm2,0.127,-0.1639937408745329
4E,Tm2,0.128,-0.17145990029608751
4E,Tm2,0.129,-0.17892605971764217
4E,Tm2,0.13,-0.1867703261609351
4E,Tm2,0.131,-0.19467567143081652
4E,Tm2,0.132,-0.20258101670069764
4E,Tm2,0.133,-0.21048636197057835
4E,Tm2,0.134,-0.218391707240459
4E,Tm2,0.135,-0.22629705251034032
4E,Tm2,0.136,-0.2342023977802217
4E,Tm2,0.137,-0.2421077430501031
4E,Tm2,0.138,-0.2500130883199845
4E,Tm2,0.139,-0.25791843358986594
4E,Tm2,0.14,-0.2662309710370033
4E,Tm2,0.14100000000000001,-0.27457550215521065
4E,Tm2,0.14200000000000002,-0.2831149038153912
4E,Tm2,0.14300000000000002,-0.2918986207819261
4E,Tm2,0.14400000000000002,-0.3006823377484609
4E,Tm2,0.145,-0.3103095242250271
4E,Tm2,0.146,-0.31997161288821546
4E,Tm2,0.147,-0.32942428843167143
4E,Tm2,0.148,-0.3386471912465322
4E,Tm2,0.149,-0.347870094061393
4E,Tm2,0.15,-0.3575292742090296
4E,Tm2,0.151,-0.36719136287221793
4E,Tm2,0.152,-0.3768534515354063
4E,Tm2,0.153,-0.38651554019859463
4E,Tm2,0.154,-0.396177628861783
4E,Tm2,0.155,-0.4058397175249705
4E,Tm2,0.156,-0.415501806188158
4E,Tm2,0.157,-0.4251638948513459
4E,Tm2,0.158,-0.43482598351453433
4E,Tm2,0.159,-0.4445142488176892
4E,Tm2,0.16,-0.4546155233292043
4E,Tm2,0.161,-0.46471679784071945
4E,Tm2,0.162,-0.47481807235223406
4E,Tm2,0.163,-0.48491934686374827
4E,Tm2,0.164,-0.49502062137526254
4E,Tm2,0.165,-0.5051218958867776
4E,Tm2,0.166,-0.5152231703982928
4E,Tm2,0.167,-0.5255920283405764
4E,Tm2,0.168,-0.5361324887004183
4E,Tm2,0.169,-0.54667294906026
4E,Tm2,0.17,-0.557213409420101
4E,Tm2,0.171,-0.5677538697799418
4E,Tm2,0.17200000000000001,-0.5780122041312555
4E,Tm2,0.17300000000000001,-0.5881134786427707
4E,Tm2,0.17400000000000002,-0.5981449487810419
4E,Tm2,0.17500000000000002,-0.6078070374442301
4E,Tm2,0.176,-0.6174691261074182
4E,Tm2,0.177,-0.6271312147706067
4E,Tm2,0.178,-0.636793303433795
4E,Tm2,0.179,-0.6463710451459801
4E,Tm2,0.18,-0.6555939479608408
4E,Tm2,0.181,-0.6648168507757015
4E,Tm2,0.182,-0.6743509647546091
4E,Tm2,0.183,-0.6840130534177974
4E,Tm2,0.184,-0.6936751420809858
4E,Tm2,0.185,-0.7033372307441742
4E,Tm2,0.186,-0.7129993194073625
4E,Tm2,0.187,-0.7223356543287449
4E,Tm2,0.188,-0.7315585571436057
4E,Tm2,0.189,-0.7406680278519453
4E,Tm2,0.19,-0.7494517448184801
4E,Tm2,0.191,-0.758235461785015
4E,Tm2,0.192,-0.7663385861124209
4E,Tm2,0.193,-0.7742439313823023
4E,Tm2,0.194,-0.7820213019679028
4E,Tm2,0.195,-0.7894874613894568
4E,Tm2,0.196,-0.7969536208110108
4E,Tm2,0.197,-0.8040649413352418
4E,Tm2,0.198,-0.8110919149084697
4E,Tm2,0.199,-0.8181188884816976
4E,Tm2,0.2,-0.8251458620549255
4E,Tm2,0.201,-0.8321728356281534
4E,Tm2,0.202,-0.8391998092013807
4E,Tm2,0.203,-0.8462267827746079
4E,Tm2,0.20400000000000001,-0.8530966965080364
4E,Tm2,0.20500000000000002,-0.8596844842329376
4E,Tm2,0.20600000000000002,-0.8662722719578387
4E,Tm2,0.20700000000000002,-0.8724761356298979
4E,Tm2,0.20800000000000002,-0.8786247375064723
4E,Tm2,0.209,-0.8844301345479301
4E,Tm2,0.21,-0.8897003647278504
4E,Tm2,0.211,-0.894970594907771
4E,Tm2,0.212,-0.8990454251958886
4E,Tm2,0.213,-0.9029980978308292
4E,Tm2,0.214,-0.90695077046577
4E,Tm2,0.215,-0.9109034431007107
4E,Tm2,0.216,-0.9148561157356513
4E,Tm2,0.217,-0.919221797578952
4E,Tm2,0.218,-0.923613656062219
4E,Tm2,0.219,-0.9284068896916391
4E,Tm2,0.22,-0.9336771198715601
4E,Tm2,0.221,-0.9389473500514811
4E,Tm2,0.222,-0.9442175802314019
4E,Tm2,0.223,-0.9494878104113228
4E,Tm2,0.224,-0.9549732707420795
4E,Tm2,0.225,-0.9606826867703271
4E,Tm2,0.226,-0.9663775602208152
4E,Tm2,0.227,-0.9698910470074288
4E,Tm2,0.228,-0.9734045337940425
4E,Tm2,0.229,-0.9764584751234666
4E,Tm2,0.23,-0.9790935902134271
4E,Tm2,0.231,-0.9816763520234545
4E,Tm2,0.232,-0.9829939095684347
4E,Tm2,0.233,-0.9843114671134149
4E,Tm2,0.234,-0.9861176552711031
4E,Tm2,0.23500000000000001,-0.9883135845127365
4E,Tm2,0.23600000000000002,-0.9904775200832999
4E,Tm2,0.23700000000000002,-0.9922342634766069
4E,Tm2,0.23800000000000002,-0.9939910068699138
4E,Tm2,0.23900000000000002,-0.9957477502632208
4E,Tm2,0.24,-0.9975044936565278
4E,Tm2,0.241,-0.9991216283033466
4E,Tm2,0.242,-0.9995608141516733
4E,Tm2,0.243,-1.0
4E,Tm2,0.244,-0.9998923849245821
4E,Tm2,0.245,-0.9994531990762554
4E,Tm2,0.246,-0.9988918555747516
4E,Tm2,0.247,-0.9975742980297714
4E,Tm2,0.248,-0.996256740484791
4E,Tm2,0.249,-0.9949391829398109
4E,Tm2,0.25,-0.9936216253948308
4E,Tm2,0.251,-0.992228446445503
4E,Tm2,0.252,-0.990471703052196
4E,Tm2,0.253,-0.9887149596588891
4E,Tm2,0.254,-0.9869582162655822
4E,Tm2,0.255,-0.9852014728722751
4E,Tm2,0.256,-0.9833545654968614
4E,Tm2,0.257,-0.9811586362552277
4E,Tm2,0.258,-0.9789627070135942
4E,Tm2,0.259,-0.9764497495768109
4E,Tm2,0.26,-0.9738146344868504
4E,Tm2,0.261,-0.9708653997172919
4E,Tm2,0.262,-0.9669127270823511
4E,Tm2,0.263,-0.9629600544474105
4E,Tm2,0.264,-0.95900738181247
4E,Tm2,0.265,-0.9550547091775297
4E,Tm2,0.266,-0.9509827874049641
4E,Tm2,0.267,-0.9465909289216966
4E,Tm2,0.268,-0.9421990704384292
4E,Tm2,0.269,-0.9381533253058298
4E,Tm2,0.27,-0.9342006526708893
4E,Tm2,0.271,-0.9301141883205643
4E,Tm2,0.272,-0.9257223298372972
4E,Tm2,0.273,-0.9213304713540301
4E,Tm2,0.274,-0.9169386128707628
4E,Tm2,0.275,-0.9125467543874954
4E,Tm2,0.276,-0.9077098930247974
4E,Tm2,0.277,-0.9020004769965497
4E,Tm2,0.278,-0.896291060968302
4E,Tm2,0.279,-0.8902064464338679
4E,Tm2,0.28,-0.8840578445572934
4E,Tm2,0.281,-0.8779092426807192
4E,Tm2,0.28200000000000003,-0.8717606408041454
4E,Tm2,0.28300000000000003,-0.8656120389275715
4E,Tm2,0.28400000000000003,-0.8594634370509973
4E,Tm2,0.28500000000000003,-0.8533148351744229
4E,Tm2,0.28600000000000003,-0.8469888138491866
4E,Tm2,0.28700000000000003,-0.8404010261242855
4E,Tm2,0.28800000000000003,-0.8338132383993843
4E,Tm2,0.289,-0.827225450674484
4E,Tm2,0.29,-0.8206376629495834
4E,Tm2,0.291,-0.8142418372511036
4E,Tm2,0.292,-0.8080932353745292
4E,Tm2,0.293,-0.8019446334979548
4E,Tm2,0.294,-0.7953772053819164
4E,Tm2,0.295,-0.7887894176570152
4E,Tm2,0.296,-0.7822016299321143
4E,Tm2,0.297,-0.7756138422072136
4E,Tm2,0.298,-0.7690260544823131
4E,Tm2,0.299,-0.7624382667574119
4E,Tm2,0.3,-0.7558504790325108
4E,Tm2,0.301,-0.7492626913076096
4E,Tm2,0.302,-0.7426749035827084
4E,Tm2,0.303,-0.7360871158578074
4E,Tm2,0.304,-0.7294993281329069
4E,Tm2,0.305,-0.7229115404080062
4E,Tm2,0.306,-0.7163237526831053
4E,Tm2,0.307,-0.7097359649582042
4E,Tm2,0.308,-0.7031714453577178
4E,Tm2,0.309,-0.6970228434811434
4E,Tm2,0.31,-0.6908742416045689
4E,Tm2,0.311,-0.6847256397279948
4E,Tm2,0.312,-0.6785770378514209
4E,Tm2,0.313,-0.672428435974847
4E,Tm2,0.314,-0.6662798340982725
4E,Tm2,0.315,-0.6601312322216982
4E,Tm2,0.316,-0.653717955429907
4E,Tm2,0.317,-0.6471301677050058
4E,Tm2,0.318,-0.6405947332600378
4E,Tm2,0.319,-0.634446131383464
4E,Tm2,0.32,-0.6282975295068901
4E,Tm2,0.321,-0.6221489276303158
4E,Tm2,0.322,-0.6160003257537414
4E,Tm2,0.323,-0.6098517238771671
4E,Tm2,0.324,-0.6037031220005926
4E,Tm2,0.325,-0.5975545201240182
4E,Tm2,0.326,-0.5914059182474442
4E,Tm2,0.327,-0.5852573163708702
4E,Tm2,0.328,-0.5791087144942962
4E,Tm2,0.329,-0.5729601126177218
4E,Tm2,0.33,-0.5668115107411474
4E,Tm2,0.331,-0.5609712115130674
4E,Tm2,0.332,-0.5552617954848197
4E,Tm2,0.333,-0.549552379456572
4E,Tm2,0.334,-0.5438429634283243
4E,Tm2,0.335,-0.5381335474000767
4E,Tm2,0.336,-0.5324241313718294
4E,Tm2,0.337,-0.5267147153435823
4E,Tm2,0.338,-0.5211158229063046
4E,Tm2,0.339,-0.5158455927263838
4E,Tm2,0.34,-0.5105753625464627
4E,Tm2,0.341,-0.5049677445625292
4E,Tm2,0.342,-0.49925832853428154
4E,Tm2,0.343,-0.49367397867476287
4E,Tm2,0.34400000000000003,-0.48840374849484247
4E,Tm2,0.34500000000000003,-0.48313351831492196
4E,Tm2,0.34600000000000003,-0.4778632881350012
4E,Tm2,0.34700000000000003,-0.4725930579550802
4E,Tm2,0.34800000000000003,-0.4673228277751593
4E,Tm2,0.34900000000000003,-0.46205259759523837
4E,Tm2,0.35000000000000003,-0.45678236741531747
4E,Tm2,0.35100000000000003,-0.4515121372353969
4E,Tm2,0.352,-0.4462419070554768
4E,Tm2,0.353,-0.4409716768755561
4E,Tm2,0.354,-0.4357014466956352
4E,Tm2,0.355,-0.43043121651571425
4E,Tm2,0.356,-0.42554200187308344
4E,Tm2,0.357,-0.4207109575414893
4E,Tm2,0.358,-0.4155425254058826
4E,Tm2,0.359,-0.4098331093776354
4E,Tm2,0.36,-0.40412369334938825
4E,Tm2,0.361,-0.3988098354361899
4E,Tm2,0.362,-0.393539605256269
4E,Tm2,0.363,-0.38845261155611355
4E,Tm2,0.364,-0.38362156722451934
4E,Tm2,0.365,-0.3787905228929252
4E,Tm2,0.366,-0.37436957925413983
4E,Tm2,0.367,-0.36997772077087276
4E,Tm2,0.368,-0.36538808323008093
4E,Tm2,0.369,-0.3605570388984867
4E,Tm2,0.37,-0.3557259945668925
4E,Tm2,0.371,-0.3508949502352984
4E,Tm2,0.372,-0.34606390590370417
4E,Tm2,0.373,-0.34123286157211025
4E,Tm2,0.374,-0.3364018172405165
4E,Tm2,0.375,-0.33157077290892273
4E,Tm2,0.376,-0.3271789144256553
4E,Tm2,0.377,-0.3227870559423879
4E,Tm2,0.378,-0.3181683332460774
4E,Tm2,0.379,-0.31333728891448326
4E,Tm2,0.38,-0.30852078716064835
4E,Tm2,0.381,-0.3041289286773809
4E,Tm2,0.382,-0.2997370701941134
4E,Tm2,0.383,-0.29558661850164836
4E,Tm2,0.384,-0.29163394586670804
4E,Tm2,0.385,-0.2876812732317677
4E,Tm2,0.386,-0.28372860059682703
4E,Tm2,0.387,-0.2797759279618863
4E,Tm2,0.388,-0.2755673059583843
4E,Tm2,0.389,-0.27117544747511685
4E,Tm2,0.39,-0.266827216725127
4E,Tm2,0.391,-0.2628745440901867
4E,Tm2,0.392,-0.2589218714552463
4E,Tm2,0.393,-0.25469870687398527
4E,Tm2,0.394,-0.2503068483907178
4E,Tm2,0.395,-0.24603133052952383
4E,Tm2,0.396,-0.24251784374290988
4E,Tm2,0.397,-0.23900435695629593
4E,Tm2,0.398,-0.2352058356456025
4E,Tm2,0.399,-0.23125316301066218
4E,Tm2,0.4,-0.22744591615331347
4E,Tm2,0.401,-0.22437161521502624
4E,Tm2,0.402,-0.22129731427673902
4E,Tm2,0.403,-0.21762385913477417
4E,Tm2,0.404,-0.2136711864998335
4E,Tm2,0.405,-0.20980576933144793
4E,Tm2,0.406,-0.2062922825448343
4E,Tm2,0.40700000000000003,-0.20277879575822066
4E,Tm2,0.40800000000000003,-0.1992653089716068
4E,Tm2,0.40900000000000003,-0.19575182218499285
4E,Tm2,0.41000000000000003,-0.1921365373540647
4E,Tm2,0.41100000000000003,-0.188183864719124
4E,Tm2,0.41200000000000003,-0.1842311920841833
4E,Tm2,0.41300000000000003,-0.18126450622131432
4E,Tm2,0.41400000000000003,-0.17862939113135412
4E,Tm2,0.41500000000000004,-0.17587793541932048
4E,Tm2,0.41600000000000004,-0.17280363448103328
4E,Tm2,0.417,-0.16972933354274625
4E,Tm2,0.418,-0.16631182776934275
4E,Tm2,0.419,-0.1627983409827288
4E,Tm2,0.42,-0.15941573739594747
4E,Tm2,0.421,-0.15634143645766052
4E,Tm2,0.422,-0.1532671355193736
4E,Tm2,0.423,-0.15019283458108643
4E,Tm2,0.424,-0.14711853364279923
4E,Tm2,0.425,-0.14404423270451203
4E,Tm2,0.426,-0.14096993176622483
4E,Tm2,0.427,-0.1378956308279376
4E,Tm2,0.428,-0.13519361988028528
4E,Tm2,0.429,-0.13255850479032502
4E,Tm2,0.43,-0.12992338970036474
4E,Tm2,0.431,-0.12728827461040426
4E,Tm2,0.432,-0.12465315952044378
4E,Tm2,0.433,-0.12201804443048332
4E,Tm2,0.434,-0.11938292934052286
4E,Tm2,0.435,-0.11657330331745237
4E,Tm2,0.436,-0.11349900237916516
4E,Tm2,0.437,-0.11042470144087796
4E,Tm2,0.438,-0.10815315079489696
4E,Tm2,0.439,-0.10595722155326344
4E,Tm2,0.44,-0.10357223880076066
4E,Tm2,0.441,-0.1009371237108002
4E,Tm2,0.442,-0.09830200862083974
4E,Tm2,0.443,-0.09566689353087927
4E,Tm2,0.444,-0.09303177844091881
4E,Tm2,0.445,-0.09060025943958683
4E,Tm2,0.446,-0.08840433019795331
4E,Tm2,0.447,-0.08620840095631978
4E,Tm2,0.448,-0.08401247171468607
4E,Tm2,0.449,-0.08181654247305234
4E,Tm2,0.45,-0.07962061323141863
4E,Tm2,0.451,-0.0774246839897849
4E,Tm2,0.452,-0.07522875474815119
4E,Tm2,0.453,-0.07303282550651767
4E,Tm2,0.454,-0.07083689626488415
4E,Tm2,0.455,-0.06864096702325051
4E,Tm2,0.456,-0.0664450377816168
4E,Tm2,0.457,-0.06426946814884597
4E,Tm2,0.458,-0.062512724755539
4E,Tm2,0.459,-0.06075598136223201
4E,Tm2,0.46,-0.05850479032511342
4E,Tm2,0.461,-0.055869675235153196
4E,Tm2,0.462,-0.05330436451843698
4E,Tm2,0.463,-0.05154762112513001
4E,Tm2,0.464,-0.04979087773182304
4E,Tm2,0.465,-0.04724883513952106
4E,Tm2,0.466,-0.04417453420123385
4E,Tm2,0.467,-0.041199122791709154
4E,Tm2,0.468,-0.03900319355007563
4E,Tm2,0.46900000000000003,-0.03680726430844211
4E,Tm2,0.47000000000000003,-0.03488764404423259
4E,Tm2,0.47100000000000003,-0.03313090065092562
4E,Tm2,0.47200000000000003,-0.03137415725761864
4E,Tm2,0.47300000000000003,-0.029617413864311666
4E,Tm2,0.47400000000000003,-0.02786067047100469
4E,Tm2,0.47500000000000003,-0.02610392707769782
4E,Tm2,0.47600000000000003,-0.024347183684390997
4E,Tm2,0.47700000000000004,-0.02259044029108415
4E,Tm2,0.47800000000000004,-0.020833696897777174
4E,Tm2,0.47900000000000004,-0.0190769535044702
4E,Tm2,0.48,-0.01732021011116332
4E,Tm2,0.481,-0.015563466717856347
4E,Tm2,0.482,-0.013899795822208079
4E,Tm2,0.483,-0.012582238277227847
4E,Tm2,0.484,-0.011264680732247616
4E,Tm2,0.485,-0.010267059897969132
4E,Tm2,0.486,-0.009388688201315722
4E,Tm2,0.487,-0.008510316504662295
4E,Tm2,0.488,-0.007631944808008807
4E,Tm2,0.489,-0.006753573111355319
4E,Tm2,0.49,-0.00554072212624101
4E,Tm2,0.491,-0.004223164581260779
4E,Tm2,0.492,-0.0027834493831035267
4E,Tm2,0.493,-0.001026705989796708
4E,Tm2,0.494,0.0007300374035101099
4E,Tm2,0.495,0.0017887370643771493
4E,Tm2,0.496,0.002667108761030637
4E,Tm2,0.497,0.003818880919556512
4E,Tm2,0.498,0.005575624312863487
4E,Tm2,0.499,0.007332367706170463
4E,Tm2,0.5,0.008725546655498162
4E,Tm2,0.501,0.010043104200478275
4E,Tm2,0.502,0.01136066174545843
4E,Tm2,0.503,0.01267821929043866
4E,Tm2,0.504,0.013995776835418892
4E,Tm2,0.505,0.015313334380399125
4E,Tm2,0.506,0.016630891925379355
4E,Tm2,0.507,0.017782664083905008
4E,Tm2,0.508,0.018661035780558416
4E,Tm2,0.509,0.019539407477211824
4E,Tm2,0.51,0.021203078372860184
4E,Tm2,0.511,0.02295982176616716
4E,Tm2,0.512,0.02435590923104677
4E,Tm2,0.513,0.025234280927700258
4E,Tm2,0.514,0.026112652624353746
4E,Tm2,0.515,0.02739821649826379
4E,Tm2,0.516,0.028715774043243904
4E,Tm2,0.517,0.02983846104625126
4E,Tm2,0.518,0.030716832742904748
4E,Tm2,0.519,0.03159520443955824
4E,Tm2,0.52,0.032473576136211726
4E,Tm2,0.521,0.033351947832865214
4E,Tm2,0.522,0.03443973264925068
4E,Tm2,0.523,0.035757290194230795
4E,Tm2,0.524,0.03707484773921091
4E,Tm2,0.525,0.03795612795141621
4E,Tm2,0.526,0.0388344996480697
4E,Tm2,0.527,0.03993682704221436
4E,Tm2,0.528,0.04125438458719459
4E,Tm2,0.529,0.042560308069967405
4E,Tm2,0.53,0.043438679766620816
4E,Tm2,0.531,0.04431705146327422
4E,Tm2,0.532,0.04424143005892648
4E,Tm2,0.533,0.04336305836227299
4E,Tm2,0.534,0.04256321658551913
4E,Tm2,0.535,0.04300240243384587
4E,Tm2,0.536,0.043441588282172615
4E,Tm2,0.537,0.044133814983508886
4E,Tm2,0.538,0.045012186680162374
4E,Tm2,0.539,0.04609415446544468
4E,Tm2,0.54,0.04916845540373162
4E,Tm2,0.541,0.05224275634201855
4E,Tm2,0.542,0.053979140126462356
4E,Tm2,0.543,0.054857511823115844
4E,Tm2,0.544,0.05573588351976933
4E,Tm2,0.545,0.05661425521642282
4E,Tm2,0.546,0.05749262691307631
4E,Tm2,0.547,0.05808887260120189
4E,Tm2,0.548,0.058528058449528596
4E,Tm2,0.549,0.059106853044343356
4E,Tm2,0.55,0.06042441058932359
4E,Tm2,0.551,0.06174196813430382
4E,Tm2,0.552,0.06276285709299703
4E,Tm2,0.553,0.06364122878965053
4E,Tm2,0.554,0.06451960048630401
4E,Tm2,0.555,0.06539797218295741
4E,Tm2,0.556,0.06627634387961082
4E,Tm2,0.557,0.06684350441221815
4E,Tm2,0.558,0.06728269026054488
4E,Tm2,0.559,0.06782076563763402
4E,Tm2,0.56,0.06869913733428751
4E,Tm2,0.561,0.069577509030941
4E,Tm2,0.562,0.07013012698578908
4E,Tm2,0.5630000000000001,0.07056931283411579
4E,Tm2,0.5640000000000001,0.071121930788964
4E,Tm2,0.5650000000000001,0.07200030248561749
4E,Tm2,0.5660000000000001,0.07287867418227098
4E,Tm2,0.5670000000000001,0.07375704587892447
4E,Tm2,0.5680000000000001,0.07463541757557796
4E,Tm2,0.5690000000000001,0.07551378927223143
4E,Tm2,0.5700000000000001,0.07639216096888483
4E,Tm2,0.5710000000000001,0.07727053266553824
4E,Tm2,0.5720000000000001,0.0777940654648681
4E,Tm2,0.5730000000000001,0.07823325131319483
4E,Tm2,0.5740000000000001,0.07867243716152159
4E,Tm2,0.5750000000000001,0.07911162300984832
4E,Tm2,0.5760000000000001,0.07955080885817507
4E,Tm2,0.577,0.08035937618158451
4E,Tm2,0.578,0.08123774787823791
4E,Tm2,0.579,0.08211611957489134
4E,Tm2,0.58,0.08299449127154483
4E,Tm2,0.581,0.08387286296819832
4E,Tm2,0.582,0.08475123466485181
4E,Tm2,0.583,0.0856296063615053
4E,Tm2,0.584,0.08616477322304242
4E,Tm2,0.585,0.08616477322304242
4E,Tm2,0.586,0.08616477322304242
4E,Tm2,0.587,0.08696170648424456
4E,Tm2,0.588,0.08784007818089805
4E,Tm2,0.589,0.08871844987755154
4E,Tm2,0.59,0.08959682157420502
4E,Tm2,0.591,0.09047519327085851
4E,Tm2,0.592,0.0909405557591517
4E,Tm2,0.593,0.09137974160747844
4E,Tm2,0.594,0.09181892745580518
4E,Tm2,0.595,0.09225811330413188
4E,Tm2,0.596,0.09269729915245858
4E,Tm2,0.597,0.09313648500078532
4E,Tm2,0.598,0.09357567084911207
4E,Tm2,0.599,0.09401485669743881
4E,Tm2,0.6,0.09445404254576556
4E,Tm2,0.601,0.0948932283940923
4E,Tm2,0.602,0.095332414242419
4E,Tm2,0.603,0.0957716000907457
4E,Tm2,0.604,0.09644055866766724
4E,Tm2,0.605,0.09731893036432072
4E,Tm2,0.606,0.09816239987435212
4E,Tm2,0.607,0.09816239987435212
4E,Tm2,0.608,0.09816239987435212
4E,Tm2,0.609,0.09865103048706014
4E,Tm2,0.61,0.09952940218371355
4E,Tm2,0.611,0.1003437865382266
4E,Tm2,0.612,0.1003437865382266
4E,Tm2,0.613,0.1003437865382266
4E,Tm2,0.614,0.10086150230645294
4E,Tm2,0.615,0.10173987400310643
4E,Tm2,0.616,0.10252517320210111
4E,Tm2,0.617,0.10252517320210111
4E,Tm2,0.618,0.10252517320210111
4E,Tm2,0.619,0.10252517320210111
4E,Tm2,0.62,0.10252517320210111
4E,Tm2,0.621,0.10264733085527816
4E,Tm2,0.622,0.10352570255193165
4E,Tm2,0.623,0.10440407424858514
4E,Tm2,0.624,0.1047065598659756
4E,Tm2,0.625,0.1047065598659756
4E,Tm2,0.626,0.10478218127032327
4E,Tm2,0.627,0.10522136711865
4E,Tm2,0.628,0.10566055296697675
4E,Tm2,0.629,0.10579725319791285
4E,Tm2,0.63,0.10579725319791285
4E,Tm2,0.631,0.10588741718001972
4E,Tm2,0.632,0.10632660302834643
4E,Tm2,0.633,0.10676578887667312
4E,Tm2,0.634,0.10688794652985009
4E,Tm2,0.635,0.10688794652985009
4E,Tm2,0.636,0.10699265308971612
4E,Tm2,0.637,0.10743183893804285
4E,Tm2,0.638,0.1078710247863696
4E,Tm2,0.639,0.10797863986178734
4E,Tm2,0.64,0.10797863986178734
4E,Tm2,0.641,0.10809788899941257
4E,Tm2,0.642,0.10853707484773928
4E,Tm2,0.643,0.10897626069606597
4E,Tm2,0.644,0.10906933319372458
4E,Tm2,0.645,0.10906933319372458
4E,Tm2,0.646,0.10920312490910895
4E,Tm2,0.647,0.10964231075743569
4E,Tm2,0.648,0.11008149660576244
4E,Tm2,0.649,0.11016002652566183
4E,Tm2,0.65,0.11016002652566183
4E,Tm2,0.651,0.11016002652566183
4E,Tm2,0.652,0.11016002652566183
4E,Tm2,0.653,0.11016002652566183
4E,Tm2,0.654,0.11053522503184832
4E,Tm2,0.655,0.11097441088017505
4E,Tm2,0.656,0.11125071985759907
4E,Tm2,0.657,0.11125071985759907
4E,Tm2,0.658,0.11125071985759907
4E,Tm2,0.659,0.11125071985759907
4E,Tm2,0.66,0.11125071985759907
4E,Tm2,0.661,0.11142813930626093
4E,Tm2,0.662,0.11186732515458768
4E,Tm2,0.663,0.11230651100291442
4E,Tm2,0.664,0.11234141318953632
4E,Tm2,0.665,0.11234141318953632
4E,Tm2,0.666,0.11234141318953632
4E,Tm2,0.667,0.11234141318953632
4E,Tm2,0.668,0.11234141318953632
4E,Tm2,0.669,0.11276023942900029
4E,Tm2,0.67,0.11319942527732704
4E,Tm2,0.671,0.11343210652147356
4E,Tm2,0.672,0.11343210652147356
4E,Tm2,0.673,0.11343210652147356
4E,Tm2,0.674,0.11386547533869668
4E,Tm2,0.675,0.11430466118702341
4E,Tm2,0.676,0.11452279985341081
4E,Tm2,0.677,0.11452279985341081
4E,Tm2,0.678,0.11452279985341081
4E,Tm2,0.679,0.11452279985341081
4E,Tm2,0.68,0.11452279985341081
4E,Tm2,0.681,0.11452279985341081
4E,Tm2,0.682,0.11452279985341081
4E,Tm2,0.683,0.11452279985341081
4E,Tm2,0.684,0.11452279985341081
4E,Tm2,0.685,0.11452279985341081
4E,Tm2,0.686,0.1147729321908685
4E,Tm2,0.687,0.1152121180391952
4E,Tm2,0.6880000000000001,0.11561349318534805
4E,Tm2,0.6890000000000001,0.11561349318534805
4E,Tm2,0.6900000000000001,0.11561349318534805
4E,Tm2,0.6910000000000001,0.11561349318534805
4E,Tm2,0.6920000000000001,0.11561349318534805
4E,Tm2,0.6930000000000001,0.11561349318534805
4E,Tm2,0.6940000000000001,0.11561349318534805
4E,Tm2,0.6950000000000001,0.11561349318534805
4E,Tm2,0.6960000000000001,0.11561349318534805
4E,Tm2,0.6970000000000001,0.11561349318534805
4E,Tm2,0.6980000000000001,0.11561349318534805
4E,Tm2,0.6990000000000001,0.11561349318534805
4E,Tm2,0.7000000000000001,0.11561349318534805
4E,Tm2,0.7010000000000001,0.11561349318534805
4E,Tm2,0.7020000000000001,0.11561349318534805
4E,Tm2,0.7030000000000001,0.11569493162079944
4E,Tm2,0.704,0.11613411746912614
4E,Tm2,0.705,0.11657330331745289
4E,Tm2,0.706,0.1167041865172853
4E,Tm2,0.707,0.1167041865172853
4E,Tm2,0.708,0.11660820550407477
4E,Tm2,0.709,0.11616901965574805
4E,Tm2,0.71,0.11572983380742133
4E,Tm2,0.711,0.11561349318534805
4E,Tm2,0.712,0.11561349318534805
4E,Tm2,0.713,0.11561349318534805
4E,Tm2,0.714,0.11561349318534805
4E,Tm2,0.715,0.11561349318534805
4E,Tm2,0.716,0.11561349318534805
4E,Tm2,0.717,0.11561349318534805
4E,Tm2,0.718,0.11561349318534805
4E,Tm2,0.719,0.11561349318534805
4E,Tm2,0.72,0.11561349318534805
4E,Tm2,0.721,0.11561349318534805
4E,Tm2,0.722,0.11561349318534805
4E,Tm2,0.723,0.11561349318534805
4E,Tm2,0.724,0.11561349318534805
4E,Tm2,0.725,0.11561349318534805
4E,Tm2,0.726,0.11561349318534805
4E,Tm2,0.727,0.11561349318534805
4E,Tm2,0.728,0.11545934186110088
4E,Tm2,0.729,0.11502015601277414
4E,Tm2,0.73,0.11458097016444743
4E,Tm2,0.731,0.11452279985341081
4E,Tm2,0.732,0.11452279985341081
4E,Tm2,0.733,0.11452279985341081
4E,Tm2,0.734,0.11452279985341081
4E,Tm2,0.735,0.11452279985341081
4E,Tm2,0.736,0.11452279985341081
4E,Tm2,0.737,0.11452279985341081
4E,Tm2,0.738,0.11452279985341081
4E,Tm2,0.739,0.11452279985341081
4E,Tm2,0.74,0.11452279985341081
4E,Tm2,0.741,0.11452279985341081
4E,Tm2,0.742,0.11452279985341081
4E,Tm2,0.743,0.11452279985341081
4E,Tm2,0.744,0.11452279985341081
4E,Tm2,0.745,0.11452279985341081
4E,Tm2,0.746,0.11452279985341081
4E,Tm2,0.747,0.11452279985341081
4E,Tm2,0.748,0.11452279985341081
4E,Tm2,0.749,0.11452279985341081
4E,Tm2,0.75,0.11452279985341081
4E,Tm2,0.751,0.11452279985341081
4E,Tm2,0.752,0.11452279985341081
4E,Tm2,0.753,0.11452279985341081
4E,Tm2,0.754,0.11452279985341081
4E,Tm2,0.755,0.11452279985341081
4E,Tm2,0.756,0.11452279985341081
4E,Tm2,0.757,0.11452279985341081
4E,Tm2,0.758,0.11452279985341081
4E,Tm2,0.759,0.11452279985341081
4E,Tm2,0.76,0.11452279985341081
4E,Tm2,0.761,0.11452279985341081
4E,Tm2,0.762,0.11452279985341081
4E,Tm2,0.763,0.11452279985341081
4E,Tm2,0.764,0.11452279985341081
4E,Tm2,0.765,0.11452279985341081
4E,Tm2,0.766,0.11452279985341081
4E,Tm2,0.767,0.11452279985341081
4E,Tm2,0.768,0.11452279985341081
4E,Tm2,0.769,0.11452279985341081
4E,Tm2,0.77,0.11452279985341081
4E,Tm2,0.771,0.11452279985341081
4E,Tm2,0.772,0.11452279985341081
4E,Tm2,0.773,0.11452279985341081
4E,Tm2,0.774,0.11452279985341081
4E,Tm2,0.775,0.11452279985341081
4E,Tm2,0.776,0.11452279985341081
4E,Tm2,0.777,0.11452279985341081
4E,Tm2,0.778,0.11452279985341081
4E,Tm2,0.779,0.11452279985341081
4E,Tm2,0.78,0.11452279985341081
4E,Tm2,0.781,0.11452279985341081
4E,Tm2,0.782,0.11452279985341081
4E,Tm2,0.783,0.11452279985341081
4E,Tm2,0.784,0.11452279985341081
4E,Tm2,0.785,0.11452279985341081
4E,Tm2,0.786,0.11452279985341081
4E,Tm2,0.787,0.11452279985341081
4E,Tm2,0.788,0.11452279985341081
4E,Tm2,0.789,0.11452279985341081
4E,Tm2,0.79,0.11452279985341081
4E,Tm2,0.791,0.11452279985341081
4E,Tm2,0.792,0.11452279985341081
4E,Tm2,0.793,0.11452279985341081
4E,Tm2,0.794,0.11452279985341081
4E,Tm2,0.795,0.11452279985341081
4E,Tm2,0.796,0.11452279985341081
4E,Tm2,0.797,0.11452279985341081
4E,Tm2,0.798,0.11452279985341081
4E,Tm2,0.799,0.11452279985341081
4E,Tm2,0.8,0.11452279985341081
4E,Tm2,0.801,0.11452279985341081
4E,Tm2,0.802,0.11452279985341081
4E,Tm2,0.803,0.11452279985341081
4E,Tm2,0.804,0.11452279985341081
4E,Tm2,0.805,0.11452279985341081
4E,Tm2,0.806,0.11452279985341081
4E,Tm2,0.807,0.11452279985341081
4E,Tm2,0.808,0.114135967285017
4E,Tm2,0.809,0.11369678143669026
4E,Tm2,0.81,0.11343210652147356
4E,Tm2,0.811,0.11343210652147356
4E,Tm2,0.812,0.11343210652147356
4E,Tm2,0.8130000000000001,0.11343210652147356
4E,Tm2,0.8140000000000001,0.11343210652147356
4E,Tm2,0.8150000000000001,0.11343210652147356
4E,Tm2,0.8160000000000001,0.11343210652147356
4E,Tm2,0.8170000000000001,0.11343210652147356
4E,Tm2,0.8180000000000001,0.11343210652147356
4E,Tm2,0.8190000000000001,0.11343210652147356
4E,Tm2,0.8200000000000001,0.11343210652147356
4E,Tm2,0.8210000000000001,0.11343210652147356
4E,Tm2,0.8220000000000001,0.11343210652147356
4E,Tm2,0.8230000000000001,0.11300164621980224
4E,Tm2,0.8240000000000001,0.1125624603714755
4E,Tm2,0.8250000000000001,0.11234141318953632
4E,Tm2,0.8260000000000001,0.11234141318953632
4E,Tm2,0.8270000000000001,0.11234141318953632
4E,Tm2,0.8280000000000001,0.11234141318953632
4E,Tm2,0.8290000000000001,0.11234141318953632
4E,Tm2,0.8300000000000001,0.11234141318953632
4E,Tm2,0.8310000000000001,0.11234141318953632
4E,Tm2,0.8320000000000001,0.11234141318953632
4E,Tm2,0.833,0.11234141318953632
4E,Tm2,0.834,0.11234141318953632
4E,Tm2,0.835,0.11234141318953632
4E,Tm2,0.836,0.11234141318953632
4E,Tm2,0.837,0.11234141318953632
4E,Tm2,0.838,0.11234141318953632
4E,Tm2,0.839,0.11234141318953632
4E,Tm2,0.84,0.11234141318953632
4E,Tm2,0.841,0.11234141318953632
4E,Tm2,0.842,0.11234141318953632
4E,Tm2,0.843,0.11234141318953632
4E,Tm2,0.844,0.11234141318953632
4E,Tm2,0.845,0.11234141318953632
4E,Tm2,0.846,0.11234141318953632
4E,Tm2,0.847,0.11234141318953632
4E,Tm2,0.848,0.11234141318953632
4E,Tm2,0.849,0.11234141318953632
4E,Tm2,0.85,0.11234141318953632
4E,Tm2,0.851,0.11234141318953632
4E,Tm2,0.852,0.11234141318953632
4E,Tm2,0.853,0.11234141318953632
4E,Tm2,0.854,0.11234141318953632
4E,Tm2,0.855,0.11234141318953632
4E,Tm2,0.856,0.11234141318953632
4E,Tm2,0.857,0.11234141318953632
4E,Tm2,0.858,0.11234141318953632
4E,Tm2,0.859,0.11234141318953632
4E,Tm2,0.86,0.11234141318953632
4E,Tm2,0.861,0.11234141318953632
4E,Tm2,0.862,0.11234141318953632
4E,Tm2,0.863,0.11234141318953632
4E,Tm2,0.864,0.11234141318953632
4E,Tm2,0.865,0.11234141318953632
4E,Tm2,0.866,0.11234141318953632
4E,Tm2,0.867,0.11234141318953632
4E,Tm2,0.868,0.11234141318953632
4E,Tm2,0.869,0.11234141318953632
4E,Tm2,0.87,0.11234141318953632
4E,Tm2,0.871,0.11234141318953632
4E,Tm2,0.872,0.11234141318953632
4E,Tm2,0.873,0.11234141318953632
4E,Tm2,0.874,0.11234141318953632
4E,Tm2,0.875,0.11197784874555718
4E,Tm2,0.876,0.11153866289723044
4E,Tm2,0.877,0.11125071985759907
4E,Tm2,0.878,0.11125071985759907
4E,Tm2,0.879,0.11125071985759907
4E,Tm2,0.88,0.11125071985759907
4E,Tm2,0.881,0.11125071985759907
4E,Tm2,0.882,0.11125071985759907
4E,Tm2,0.883,0.11125071985759907
4E,Tm2,0.884,0.11125071985759907
4E,Tm2,0.885,0.11125071985759907
4E,Tm2,0.886,0.11125071985759907
4E,Tm2,0.887,0.1110703918933854
4E,Tm2,0.888,0.11063120604505865
4E,Tm2,0.889,0.11019202019673191
4E,Tm2,0.89,0.11016002652566183
4E,Tm2,0.891,0.11016002652566183
4E,Tm2,0.892,0.11016002652566183
4E,Tm2,0.893,0.11016002652566183
4E,Tm2,0.894,0.11016002652566183
4E,Tm2,0.895,0.11016002652566183
4E,Tm2,0.896,0.11016002652566183
4E,Tm2,0.897,0.11016002652566183
4E,Tm2,0.898,0.11016002652566183
4E,Tm2,0.899,0.11016002652566183
4E,Tm2,0.9,0.11016002652566183
4E,Tm2,0.901,0.11016002652566183
4E,Tm2,0.902,0.11016002652566183
4E,Tm2,0.903,0.11016002652566183
4E,Tm2,0.904,0.11014839246345441
4E,Tm2,0.905,0.10970920661512769
4E,Tm2,0.906,0.10927002076680097
4E,Tm2,0.907,0.10906933319372458
4E,Tm2,0.908,0.10906933319372458
4E,Tm2,0.909,0.10906933319372458
4E,Tm2,0.91,0.10906933319372458
4E,Tm2,0.911,0.10906933319372458
4E,Tm2,0.912,0.10906933319372458
4E,Tm2,0.913,0.10906933319372458
4E,Tm2,0.914,0.10902861397599886
4E,Tm2,0.915,0.10858942812767212
4E,Tm2,0.916,0.10815024227934537
4E,Tm2,0.917,0.10797863986178734
4E,Tm2,0.918,0.10797863986178734
4E,Tm2,0.919,0.10797863986178734
4E,Tm2,0.92,0.10797863986178734
4E,Tm2,0.921,0.10797863986178734
4E,Tm2,0.922,0.10797863986178734
4E,Tm2,0.923,0.10797863986178734
4E,Tm2,0.924,0.10797863986178734
4E,Tm2,0.925,0.10797863986178734
4E,Tm2,0.926,0.10797863986178734
4E,Tm2,0.927,0.10797863986178734
4E,Tm2,0.928,0.10797863986178734
4E,Tm2,0.929,0.10797863986178734
4E,Tm2,0.93,0.10797863986178734
4E,Tm2,0.931,0.10797863986178734
4E,Tm2,0.932,0.10797863986178734
4E,Tm2,0.933,0.10797863986178734
4E,Tm2,0.934,0.10797863986178734
4E,Tm2,0.935,0.10797863986178734
4E,Tm2,0.936,0.10797863986178734
4E,Tm2,0.937,0.10765288611998201
4E,Tm2,0.9380000000000001,0.10721370027165526
4E,Tm2,0.9390000000000001,0.10688794652985009
4E,Tm2,0.9400000000000001,0.10688794652985009
4E,Tm2,0.9410000000000001,0.10688794652985009
4E,Tm2,0.9420000000000001,0.10688794652985009
4E,Tm2,0.9430000000000001,0.10688794652985009
4E,Tm2,0.9440000000000001,0.10688794652985009
4E,Tm2,0.9450000000000001,0.10688794652985009
4E,Tm2,0.9460000000000001,0.10688794652985009
4E,Tm2,0.9470000000000001,0.10688794652985009
4E,Tm2,0.9480000000000001,0.10688794652985009
4E,Tm2,0.9490000000000001,0.10688794652985009
4E,Tm2,0.9500000000000001,0.10688794652985009
4E,Tm2,0.9510000000000001,0.10688794652985009
4E,Tm2,0.9520000000000001,0.10688794652985009
4E,Tm2,0.9530000000000001,0.10688794652985009
4E,Tm2,0.9540000000000001,0.10688794652985009
4E,Tm2,0.9550000000000001,0.10688794652985009
4E,Tm2,0.9560000000000001,0.10688794652985009
4E,Tm2,0.9570000000000001,0.10688794652985009
4E,Tm2,0.9580000000000001,0.10688794652985009
4E,Tm2,0.9590000000000001,0.10688794652985009
4E,Tm2,0.96,0.10688794652985009
4E,Tm2,0.961,0.10688794652985009
4E,Tm2,0.962,0.10688794652985009
4E,Tm2,0.963,0.10688794652985009
4E,Tm2,0.964,0.10688794652985009
4E,Tm2,0.965,0.10688794652985009
4E,Tm2,0.966,0.10688794652985009
4E,Tm2,0.967,0.10688794652985009
4E,Tm2,0.968,0.10688794652985009
4E,Tm2,0.969,0.1066872589567736
4E,Tm2,0.97,0.10624807310844686
4E,Tm2,0.971,0.10580888726012011
4E,Tm2,0.972,0.10579725319791285
4E,Tm2,0.973,0.10579725319791285
4E,Tm2,0.974,0.10579725319791285
4E,Tm2,0.975,0.10579725319791285
4E,Tm2,0.976,0.10579725319791285
4E,Tm2,0.977,0.10579725319791285
4E,Tm2,0.978,0.10579725319791285
4E,Tm2,0.979,0.10579725319791285
4E,Tm2,0.98,0.10579725319791285
4E,Tm2,0.981,0.10579725319791285
4E,Tm2,0.982,0.10579725319791285
4E,Tm2,0.983,0.10579725319791285
4E,Tm2,0.984,0.10579725319791285
4E,Tm2,0.985,0.10579725319791285
4E,Tm2,0.986,0.10576525952684263
4E,Tm2,0.987,0.10532607367851589
4E,Tm2,0.988,0.10488688783018918
4E,Tm2,0.989,0.1047065598659756
4E,Tm2,0.99,0.1047065598659756
4E,Tm2,0.991,0.1047065598659756
4E,Tm2,0.992,0.1047065598659756
4E,Tm2,0.993,0.1047065598659756
4E,Tm2,0.994,0.10443315940410328
4E,Tm2,0.995,0.10399397355577654
4E,Tm2,0.996,0.10361586653403836
4E,Tm2,0.997,0.10361586653403836
4E,Tm2,0.998,0.10361586653403836
4E,Tm2,0.999,0.10361586653403836
4E,Tm2,1.0,0.10361586653403836
4E,Tm2,1.0010000000000001,0.10354024512969064
4E,Tm2,1.002,0.10310105928136394
4E,Tm2,1.0030000000000001,0.10266187343303715
4E,Tm2,1.004,0.10252517320210111
4E,Tm2,1.0050000000000001,0.10252517320210111
4E,Tm2,1.006,0.10243500921999421
4E,Tm2,1.0070000000000001,0.10199582337166742
4E,Tm2,1.008,0.10155663752334072
4E,Tm2,1.0090000000000001,0.10143447987016387
4E,Tm2,1.01,0.10143447987016387
4E,Tm2,1.0110000000000001,0.10143447987016387
4E,Tm2,1.012,0.10143447987016387
4E,Tm2,1.0130000000000001,0.10143447987016387
4E,Tm2,1.014,0.10110290909725489
4E,Tm2,1.0150000000000001,0.10066372324892812
4E,Tm2,1.016,0.1003437865382266
4E,Tm2,1.0170000000000001,0.1003437865382266
4E,Tm2,1.018,0.1003437865382266
4E,Tm2,1.0190000000000001,0.09999767318755842
4E,Tm2,1.02,0.09955848733923174
4E,Tm2,1.0210000000000001,0.09925309320628936
4E,Tm2,1.022,0.09925309320628936
4E,Tm2,1.0230000000000001,0.09925309320628936
4E,Tm2,1.024,0.09925309320628936
4E,Tm2,1.025,0.09925309320628936
4E,Tm2,1.026,0.09910475891314577
4E,Tm2,1.027,0.09866557306481913
4E,Tm2,1.028,0.09822638721649236
4E,Tm2,1.029,0.09816239987435212
4E,Tm2,1.03,0.09816239987435212
4E,Tm2,1.031,0.09816239987435212
4E,Tm2,1.032,0.09816239987435212
4E,Tm2,1.033,0.09816239987435212
4E,Tm2,1.034,0.0977726587904065
4E,Tm2,1.035,0.09733347294207981
4E,Tm2,1.036,0.09707170654241487
4E,Tm2,1.037,0.09707170654241487
4E,Tm2,1.038,0.09707170654241487
4E,Tm2,1.039,0.09707170654241487
4E,Tm2,1.04,0.09707170654241487
4E,Tm2,1.041,0.09687974451599385
4E,Tm2,1.042,0.0964405586676671
4E,Tm2,1.043,0.09600137281934044
4E,Tm2,1.044,0.09598101321047763
4E,Tm2,1.045,0.09598101321047763
4E,Tm2,1.046,0.09598101321047763
4E,Tm2,1.047,0.09598101321047763
4E,Tm2,1.048,0.09598101321047763
4E,Tm2,1.049,0.09554764439325457
4E,Tm2,1.05,0.09510845854492778
4E,Tm2,1.051,0.09489031987854038
4E,Tm2,1.052,0.09489031987854038
4E,Tm2,1.053,0.09489031987854038
4E,Tm2,1.054,0.09489031987854038
4E,Tm2,1.055,0.09489031987854038
4E,Tm2,1.056,0.09489031987854038
4E,Tm2,1.057,0.09489031987854038
4E,Tm2,1.058,0.09486705175412566
4E,Tm2,1.059,0.09442786590579896
4E,Tm2,1.06,0.09398868005747217
4E,Tm2,1.061,0.09379962654660313
4E,Tm2,1.062,0.09379962654660313
4E,Tm2,1.063,0.09379962654660313
4E,Tm2,1.064,0.09379962654660313
4E,Tm2,1.065,0.09379962654660313
4E,Tm2,1.066,0.0935349516313863
4E,Tm2,1.067,0.0930957657830596
4E,Tm2,1.068,0.09270893321466589
4E,Tm2,1.069,0.09270893321466589
4E,Tm2,1.07,0.09270893321466589
4E,Tm2,1.071,0.09270893321466589
4E,Tm2,1.072,0.09270893321466589
4E,Tm2,1.073,0.09270893321466589
4E,Tm2,1.074,0.09270893321466589
4E,Tm2,1.075,0.09270893321466589
4E,Tm2,1.076,0.09241517314393072
4E,Tm2,1.077,0.09197598729560406
4E,Tm2,1.078,0.09161823988272864
4E,Tm2,1.079,0.09161823988272864
4E,Tm2,1.08,0.09161823988272864
4E,Tm2,1.081,0.09161823988272864
4E,Tm2,1.082,0.09161823988272864
4E,Tm2,1.083,0.09152225886951813
4E,Tm2,1.084,0.09108307302119133
4E,Tm2,1.085,0.09064388717286465
4E,Tm2,1.086,0.0905275465507914
4E,Tm2,1.087,0.0905275465507914
4E,Tm2,1.088,0.0905275465507914
4E,Tm2,1.089,0.0905275465507914
4E,Tm2,1.09,0.0905275465507914
4E,Tm2,1.091,0.0905275465507914
4E,Tm2,1.092,0.0905275465507914
4E,Tm2,1.093,0.09040248038206253
4E,Tm2,1.094,0.08996329453373578
4E,Tm2,1.095,0.08952410868540912
4E,Tm2,1.096,0.08943685321885415
4E,Tm2,1.097,0.08943685321885415
4E,Tm2,1.098,0.08943685321885415
4E,Tm2,1.099,0.08943685321885415
4E,Tm2,1.1,0.08943685321885415
4E,Tm2,1.101,0.08907038025932316
4E,Tm2,1.102,0.08863119441099636
4E,Tm2,1.103,0.08834615988691691
4E,Tm2,1.104,0.08834615988691691
4E,Tm2,1.105,0.08834615988691691
4E,Tm2,1.106,0.08834615988691691
4E,Tm2,1.107,0.08834615988691691
4E,Tm2,1.108,0.08817746598491051
4E,Tm2,1.109,0.08773828013658386
4E,Tm2,1.11,0.0872990942882571
4E,Tm2,1.111,0.08725546655497966
4E,Tm2,1.112,0.08725546655497966
4E,Tm2,1.113,0.08725546655497966
4E,Tm2,1.114,0.08725546655497966
4E,Tm2,1.115,0.08725546655497966
4E,Tm2,1.116,0.08684536586217113
4E,Tm2,1.117,0.08640618001384444
4E,Tm2,1.118,0.08616477322304242
4E,Tm2,1.119,0.08616477322304242
4E,Tm2,1.12,0.08616477322304242
4E,Tm2,1.121,0.08616477322304242
4E,Tm2,1.122,0.08616477322304242
4E,Tm2,1.123,0.08595245158775858
4E,Tm2,1.124,0.08551326573943184
4E,Tm2,1.125,0.08507407989110517
4E,Tm2,1.1260000000000001,0.08507407989110517
4E,Tm2,1.127,0.08507407989110517
4E,Tm2,1.1280000000000001,0.08484721567806215
4E,Tm2,1.129,0.08440802982973544
4E,Tm2,1.1300000000000001,0.08398338655916793
4E,Tm2,1.131,0.08398338655916793
4E,Tm2,1.1320000000000001,0.08398338655916793
4E,Tm2,1.133,0.08398338655916793
4E,Tm2,1.1340000000000001,0.08398338655916793
4E,Tm2,1.135,0.08395430140364947
4E,Tm2,1.1360000000000001,0.08351511555532273
4E,Tm2,1.137,0.08307592970699607
4E,Tm2,1.1380000000000001,0.08289269322723068
4E,Tm2,1.139,0.08289269322723068
4E,Tm2,1.1400000000000001,0.08284906549395316
4E,Tm2,1.141,0.08240987964562645
4E,Tm2,1.1420000000000001,0.08197069379729967
4E,Tm2,1.143,0.08180199989529344
4E,Tm2,1.1440000000000001,0.08180199989529344
4E,Tm2,1.145,0.08180199989529344
4E,Tm2,1.1460000000000001,0.08180199989529344
4E,Tm2,1.147,0.08180199989529344
4E,Tm2,1.1480000000000001,0.0815169653712137
4E,Tm2,1.149,0.08107777952288699
4E,Tm2,1.1500000000000001,0.08071130656335619
4E,Tm2,1.151,0.08071130656335619
4E,Tm2,1.1520000000000001,0.08071130656335619
4E,Tm2,1.153,0.08041172946151735
4E,Tm2,1.154,0.07997254361319067
4E,Tm2,1.155,0.07962061323141895
4E,Tm2,1.156,0.07962061323141895
4E,Tm2,1.157,0.07962061323141895
4E,Tm2,1.158,0.07930649355182104
4E,Tm2,1.159,0.07886730770349423
4E,Tm2,1.16,0.0785299198994817
4E,Tm2,1.161,0.0785299198994817
4E,Tm2,1.162,0.0785299198994817
4E,Tm2,1.163,0.0785299198994817
4E,Tm2,1.164,0.0785299198994817
4E,Tm2,1.165,0.07841357927740827
4E,Tm2,1.166,0.07797439342908162
4E,Tm2,1.167,0.07753520758075487
4E,Tm2,1.168,0.07743922656754446
4E,Tm2,1.169,0.07743922656754446
4E,Tm2,1.17,0.07743922656754446
4E,Tm2,1.171,0.07743922656754446
4E,Tm2,1.172,0.07743922656754446
4E,Tm2,1.173,0.07743922656754446
4E,Tm2,1.174,0.07743922656754446
4E,Tm2,1.175,0.07729380078995275
4E,Tm2,1.176,0.07685461494162607
4E,Tm2,1.177,0.07641542909329926
4E,Tm2,1.178,0.07634853323560721
4E,Tm2,1.179,0.07634853323560721
4E,Tm2,1.18,0.07634853323560721
4E,Tm2,1.181,0.07634853323560721
4E,Tm2,1.182,0.07634853323560721
4E,Tm2,1.183,0.07596170066721333
4E,Tm2,1.184,0.07552251481888668
4E,Tm2,1.185,0.07525783990366997
4E,Tm2,1.186,0.07525783990366997
4E,Tm2,1.187,0.07525783990366997
4E,Tm2,1.188,0.07525783990366997
4E,Tm2,1.189,0.07525783990366997
4E,Tm2,1.19,0.07525783990366997
4E,Tm2,1.191,0.07525783990366997
4E,Tm2,1.192,0.07525783990366997
4E,Tm2,1.193,0.07525783990366997
4E,Tm2,1.194,0.07525783990366997
4E,Tm2,1.195,0.07525783990366997
4E,Tm2,1.196,0.07525783990366997
4E,Tm2,1.197,0.07525783990366997
4E,Tm2,1.198,0.07525783990366997
4E,Tm2,1.199,0.07525783990366997
4E,Tm2,1.2,0.07525783990366997
4E,Tm2,1.201,0.07525783990366997
4E,Tm2,1.202,0.07525783990366997
4E,Tm2,1.203,0.07525783990366997
4E,Tm2,1.204,0.07525783990366997
4E,Tm2,1.205,0.07502515865952322
4E,Tm2,1.206,0.07458597281119657
4E,Tm2,1.207,0.07416714657173272
4E,Tm2,1.208,0.07416714657173272
4E,Tm2,1.209,0.07416714657173272
4E,Tm2,1.21,0.07416714657173272
4E,Tm2,1.211,0.07416714657173272
4E,Tm2,1.212,0.07416714657173272
4E,Tm2,1.213,0.07416714657173272
4E,Tm2,1.214,0.07416714657173272
4E,Tm2,1.215,0.07416714657173272
4E,Tm2,1.216,0.07416714657173272
4E,Tm2,1.217,0.07416714657173272
4E,Tm2,1.218,0.07416714657173272
4E,Tm2,1.219,0.07416714657173272
4E,Tm2,1.22,0.07416714657173272
4E,Tm2,1.221,0.07416714657173272
4E,Tm2,1.222,0.07416714657173272
4E,Tm2,1.223,0.07416714657173272
4E,Tm2,1.224,0.07416714657173272
4E,Tm2,1.225,0.07387629501654937
4E,Tm2,1.226,0.0734371091682227
4E,Tm2,1.227,0.07307645323979547
4E,Tm2,1.228,0.07307645323979547
4E,Tm2,1.229,0.07307645323979547
4E,Tm2,1.23,0.07338184737273794
4E,Tm2,1.231,0.07382103322106473
4E,Tm2,1.232,0.07416714657173272
4E,Tm2,1.233,0.07416714657173272
4E,Tm2,1.234,0.07416714657173272
4E,Tm2,1.235,0.07416714657173272
4E,Tm2,1.236,0.07416714657173272
4E,Tm2,1.237,0.07416714657173272
4E,Tm2,1.238,0.07416714657173272
4E,Tm2,1.239,0.07416714657173272
4E,Tm2,1.24,0.07416714657173272
4E,Tm2,1.241,0.07416714657173272
4E,Tm2,1.242,0.07416714657173272
4E,Tm2,1.243,0.07416714657173272
4E,Tm2,1.244,0.07416714657173272
4E,Tm2,1.245,0.07416714657173272
4E,Tm2,1.246,0.07416714657173272
4E,Tm2,1.247,0.07416714657173272
4E,Tm2,1.248,0.07416714657173272
4E,Tm2,1.249,0.07416714657173272
4E,Tm2,1.25,0.07453071101571189
4E,Tm2,1.2510000000000001,0.0749698968640387
4E,Tm2,1.252,0.07525783990366997
4E,Tm2,1.2530000000000001,0.07525783990366997
4E,Tm2,1.254,0.07525783990366997
4E,Tm2,1.2550000000000001,0.07525783990366997
4E,Tm2,1.256,0.07525783990366997
4E,Tm2,1.2570000000000001,0.07525783990366997
4E,Tm2,1.258,0.07525783990366997
4E,Tm2,1.2590000000000001,0.07525783990366997
4E,Tm2,1.26,0.07525783990366997
4E,Tm2,1.2610000000000001,0.07525783990366997
4E,Tm2,1.262,0.07543816786788364
4E,Tm2,1.2630000000000001,0.07587735371621045
4E,Tm2,1.264,0.07631653956453713
4E,Tm2,1.2650000000000001,0.07634853323560721
4E,Tm2,1.266,0.07634853323560721
4E,Tm2,1.2670000000000001,0.07654340377758015
4E,Tm2,1.268,0.0769825896259068
4E,Tm2,1.2690000000000001,0.07742177547423357
4E,Tm2,1.27,0.07743922656754446
4E,Tm2,1.2710000000000001,0.07743922656754446
4E,Tm2,1.272,0.07743922656754446
4E,Tm2,1.2730000000000001,0.07743922656754446
4E,Tm2,1.274,0.07743922656754446
4E,Tm2,1.2750000000000001,0.07787550390031944
4E,Tm2,1.276,0.07831468974864612
4E,Tm2,1.2770000000000001,0.0785299198994817
4E,Tm2,1.278,0.0785299198994817
4E,Tm2,1.2790000000000001,0.0785299198994817
4E,Tm2,1.28,0.0785299198994817
4E,Tm2,1.281,0.0785299198994817
4E,Tm2,1.282,0.07876841817473208
4E,Tm2,1.283,0.07920760402305872
4E,Tm2,1.284,0.07962061323141895
4E,Tm2,1.285,0.07962061323141895
4E,Tm2,1.286,0.07962061323141895
4E,Tm2,1.287,0.07987365408442841
4E,Tm2,1.288,0.08031283993275522
4E,Tm2,1.289,0.08071130656335619
4E,Tm2,1.29,0.08071130656335619
4E,Tm2,1.291,0.08071130656335619
4E,Tm2,1.292,0.08071130656335619
4E,Tm2,1.293,0.08071130656335619
4E,Tm2,1.294,0.08076656835884109
4E,Tm2,1.295,0.08120575420716777
4E,Tm2,1.296,0.08164494005549458
4E,Tm2,1.297,0.08180199989529344
4E,Tm2,1.298,0.08180199989529344
4E,Tm2,1.299,0.08180199989529344
4E,Tm2,1.3,0.08180199989529344
4E,Tm2,1.301,0.08180199989529344
4E,Tm2,1.302,0.08209866848158046
4E,Tm2,1.303,0.08253785432990714
4E,Tm2,1.304,0.08289269322723068
4E,Tm2,1.305,0.08289269322723068
4E,Tm2,1.306,0.08289269322723068
4E,Tm2,1.307,0.08289269322723068
4E,Tm2,1.308,0.08289269322723068
4E,Tm2,1.309,0.08299158275599301
4E,Tm2,1.31,0.08343076860431982
4E,Tm2,1.311,0.0838699544526465
4E,Tm2,1.312,0.08398338655916793
4E,Tm2,1.313,0.08398338655916793
4E,Tm2,1.314,0.08398338655916793
4E,Tm2,1.315,0.08398338655916793
4E,Tm2,1.316,0.08398338655916793
4E,Tm2,1.317,0.08398338655916793
4E,Tm2,1.318,0.08398338655916793
4E,Tm2,1.319,0.08398338655916793
4E,Tm2,1.32,0.08398338655916793
4E,Tm2,1.321,0.08398338655916793
4E,Tm2,1.322,0.08433822545649157
4E,Tm2,1.323,0.08477741130481825
4E,Tm2,1.324,0.08507407989110517
4E,Tm2,1.325,0.08507407989110517
4E,Tm2,1.326,0.08507407989110517
4E,Tm2,1.327,0.08507407989110517
4E,Tm2,1.328,0.08507407989110517
4E,Tm2,1.329,0.08507407989110517
4E,Tm2,1.33,0.08507407989110517
4E,Tm2,1.331,0.08507407989110517
4E,Tm2,1.332,0.08545800394394718
4E,Tm2,1.333,0.08589718979227386
4E,Tm2,1.334,0.08616477322304242
4E,Tm2,1.335,0.08616477322304242
4E,Tm2,1.336,0.08616477322304242
4E,Tm2,1.337,0.08616477322304242
4E,Tm2,1.338,0.08616477322304242
4E,Tm2,1.339,0.08616477322304242
4E,Tm2,1.34,0.08616477322304242
4E,Tm2,1.341,0.08616477322304242
4E,Tm2,1.342,0.08616477322304242
4E,Tm2,1.343,0.08616477322304242
4E,Tm2,1.344,0.08616477322304242
4E,Tm2,1.345,0.08616477322304242
4E,Tm2,1.346,0.08616477322304242
4E,Tm2,1.347,0.0865923250091619
4E,Tm2,1.348,0.08703151085748867
4E,Tm2,1.349,0.08725546655497966
4E,Tm2,1.35,0.08725546655497966
4E,Tm2,1.351,0.08725546655497966
4E,Tm2,1.352,0.08725546655497966
4E,Tm2,1.353,0.08725546655497966
4E,Tm2,1.354,0.08725546655497966
4E,Tm2,1.355,0.08725546655497966
4E,Tm2,1.356,0.08727291764829076
4E,Tm2,1.357,0.08771210349661746
4E,Tm2,1.358,0.08815128934494425
4E,Tm2,1.359,0.08834615988691691
4E,Tm2,1.36,0.08834615988691691
4E,Tm2,1.361,0.08834615988691691
4E,Tm2,1.362,0.08834615988691691
4E,Tm2,1.363,0.08834615988691691
4E,Tm2,1.364,0.08834615988691691
4E,Tm2,1.365,0.08834615988691691
4E,Tm2,1.366,0.08834615988691691
4E,Tm2,1.367,0.08834615988691691
4E,Tm2,1.368,0.08834615988691691
4E,Tm2,1.369,0.08834615988691691
4E,Tm2,1.37,0.08834615988691691
4E,Tm2,1.371,0.08834615988691691
4E,Tm2,1.372,0.08834615988691691
4E,Tm2,1.373,0.08834615988691691
4E,Tm2,1.374,0.08834615988691691
4E,Tm2,1.375,0.08834615988691691
4E,Tm2,1.3760000000000001,0.08834615988691691
4E,Tm2,1.377,0.08834615988691691
4E,Tm2,1.3780000000000001,0.08834615988691691
4E,Tm2,1.379,0.08834615988691691
4E,Tm2,1.3800000000000001,0.08834615988691691
4E,Tm2,1.381,0.08834615988691691
4E,Tm2,1.3820000000000001,0.08834615988691691
4E,Tm2,1.383,0.08834615988691691
4E,Tm2,1.3840000000000001,0.08834615988691691
4E,Tm2,1.385,0.08834615988691691
4E,Tm2,1.3860000000000001,0.08834615988691691
4E,Tm2,1.387,0.08834615988691691
4E,Tm2,1.3880000000000001,0.08834615988691691
4E,Tm2,1.389,0.08834615988691691
4E,Tm2,1.3900000000000001,0.08834615988691691
4E,Tm2,1.391,0.08834615988691691
4E,Tm2,1.3920000000000001,0.08834615988691691
4E,Tm2,1.393,0.08834615988691691
4E,Tm2,1.3940000000000001,0.08834615988691691
4E,Tm2,1.395,0.08834615988691691
4E,Tm2,1.3960000000000001,0.08834615988691691
4E,Tm2,1.397,0.08834615988691691
4E,Tm2,1.3980000000000001,0.08834615988691691
4E,Tm2,1.399,0.08834615988691691
4E,Tm2,1.4000000000000001,0.08834615988691691
4E,Tm2,1.401,0.08834615988691691
4E,Tm2,1.4020000000000001,0.08834615988691691
4E,Tm2,1.403,0.08834615988691691
4E,Tm2,1.4040000000000001,0.08834615988691691
4E,Tm2,1.405,0.08834615988691691
4E,Tm2,1.4060000000000001,0.08834615988691691
4E,Tm2,1.407,0.08834615988691691
4E,Tm2,1.408,0.08834615988691691
4E,Tm2,1.409,0.08795641880297123
4E,Tm2,1.41,0.08751723295464456
4E,Tm2,1.411,0.08725546655497966
4E,Tm2,1.412,0.08725546655497966
4E,Tm2,1.413,0.08725546655497966
4E,Tm2,1.414,0.08725546655497966
4E,Tm2,1.415,0.08725546655497966
4E,Tm2,1.416,0.08725546655497966
4E,Tm2,1.417,0.08725546655497966
4E,Tm2,1.418,0.08725546655497966
4E,Tm2,1.419,0.08683664031551569
4E,Tm2,1.42,0.08639745446718898
4E,Tm2,1.421,0.08616477322304242
4E,Tm2,1.422,0.08616477322304242
4E,Tm2,1.423,0.08616477322304242
4E,Tm2,1.424,0.08616477322304242
4E,Tm2,1.425,0.08616477322304242
4E,Tm2,1.426,0.08616477322304242
4E,Tm2,1.427,0.08616477322304242
4E,Tm2,1.428,0.08616477322304242
4E,Tm2,1.429,0.08616477322304242
4E,Tm2,1.43,0.08616477322304242
4E,Tm2,1.431,0.08592918346334394
4E,Tm2,1.432,0.08548999761501723
4E,Tm2,1.433,0.08507407989110517
4E,Tm2,1.434,0.08507407989110517
4E,Tm2,1.435,0.08507407989110517
4E,Tm2,1.436,0.08507407989110517
4E,Tm2,1.437,0.08507407989110517
4E,Tm2,1.438,0.08507407989110517
4E,Tm2,1.439,0.08507407989110517
4E,Tm2,1.44,0.08507407989110517
4E,Tm2,1.441,0.08480940497588833
4E,Tm2,1.442,0.08437021912756164
4E,Tm2,1.443,0.08398338655916793
4E,Tm2,1.444,0.08398338655916793
4E,Tm2,1.445,0.08398338655916793
4E,Tm2,1.446,0.08398338655916793
4E,Tm2,1.447,0.08398338655916793
4E,Tm2,1.448,0.08398338655916793
4E,Tm2,1.449,0.08398338655916793
4E,Tm2,1.45,0.08398338655916793
4E,Tm2,1.451,0.08398338655916793
4E,Tm2,1.452,0.08398338655916793
4E,Tm2,1.453,0.0839019481237165
4E,Tm2,1.454,0.08346276227538985
4E,Tm2,1.455,0.08302357642706308
4E,Tm2,1.456,0.08289269322723068
4E,Tm2,1.457,0.08289269322723068
4E,Tm2,1.458,0.08289269322723068
4E,Tm2,1.459,0.08289269322723068
4E,Tm2,1.46,0.08289269322723068
4E,Tm2,1.461,0.08289269322723068
4E,Tm2,1.462,0.08289269322723068
4E,Tm2,1.463,0.08278216963626098
4E,Tm2,1.464,0.0823429837879343
4E,Tm2,1.465,0.08190379793960749
4E,Tm2,1.466,0.08180199989529344
4E,Tm2,1.467,0.08180199989529344
4E,Tm2,1.468,0.08180199989529344
4E,Tm2,1.469,0.08180199989529344
4E,Tm2,1.47,0.08180199989529344
4E,Tm2,1.471,0.08180199989529344
4E,Tm2,1.472,0.08180199989529344
4E,Tm2,1.473,0.08180199989529344
4E,Tm2,1.474,0.08180199989529344
4E,Tm2,1.475,0.08180199989529344
4E,Tm2,1.476,0.08143552693576248
4E,Tm2,1.477,0.08099634108743571
4E,Tm2,1.478,0.08071130656335619
4E,Tm2,1.479,0.08071130656335619
4E,Tm2,1.48,0.08071130656335619
4E,Tm2,1.481,0.08071130656335619
4E,Tm2,1.482,0.08071130656335619
4E,Tm2,1.483,0.08054261266134977
4E,Tm2,1.484,0.08010342681302308
4E,Tm2,1.485,0.07966424096469628
4E,Tm2,1.486,0.07962061323141895
4E,Tm2,1.487,0.07962061323141895
4E,Tm2,1.488,0.07962061323141895
4E,Tm2,1.489,0.07962061323141895
4E,Tm2,1.49,0.07962061323141895
4E,Tm2,1.491,0.07962061323141895
4E,Tm2,1.492,0.07962061323141895
4E,Tm2,1.493,0.07942283417389419
4E,Tm2,1.494,0.07898364832556753
4E,Tm2,1.495,0.07854446247724077
4E,Tm2,1.496,0.0785299198994817
4E,Tm2,1.497,0.0785299198994817
4E,Tm2,1.498,0.07831759826419785
4E,Tm2,1.499,0.07787841241587104
4E,Tm2,1.5,0.07743922656754446
4E,Tm2,1.5010000000000001,0.07743922656754446
4E,Tm2,1.502,0.07743922656754446
4E,Tm2,1.5030000000000001,0.07721236235450142
4E,Tm2,1.504,0.07677317650617473
4E,Tm2,1.5050000000000001,0.07634853323560721
4E,Tm2,1.506,0.07634853323560721
4E,Tm2,1.5070000000000001,0.07634853323560721
4E,Tm2,1.508,0.07634853323560721
4E,Tm2,1.5090000000000001,0.07634853323560721
4E,Tm2,1.51,0.07631944808008885
4E,Tm2,1.5110000000000001,0.07588026223176206
4E,Tm2,1.512,0.07544107638343536
4E,Tm2,1.5130000000000001,0.07525783990366997
4E,Tm2,1.514,0.07525783990366997
4E,Tm2,1.5150000000000001,0.07521421217039234
4E,Tm2,1.516,0.07477502632206563
4E,Tm2,1.5170000000000001,0.07433584047373884
4E,Tm2,1.518,0.07416714657173272
4E,Tm2,1.5190000000000001,0.07416714657173272
4E,Tm2,1.52,0.074108976260696
4E,Tm2,1.5210000000000001,0.07366979041236922
4E,Tm2,1.522,0.07323060456404251
4E,Tm2,1.5230000000000001,0.07279141871571576
4E,Tm2,1.524,0.0723522328673891
4E,Tm2,1.5250000000000001,0.07198575990785823
4E,Tm2,1.526,0.07198575990785823
4E,Tm2,1.5270000000000001,0.07198575990785823
4E,Tm2,1.528,0.07198575990785823
4E,Tm2,1.5290000000000001,0.07198575990785823
4E,Tm2,1.53,0.07189850444130315
4E,Tm2,1.5310000000000001,0.07145931859297637
4E,Tm2,1.532,0.07102013274464966
4E,Tm2,1.5330000000000001,0.07058094689632291
4E,Tm2,1.534,0.07014176104799624
4E,Tm2,1.5350000000000001,0.06980437324398374
4E,Tm2,1.536,0.06980437324398374
4E,Tm2,1.537,0.06980437324398374
4E,Tm2,1.538,0.06947571098662654
4E,Tm2,1.539,0.06903652513829986
4E,Tm2,1.54,0.06859733928997307
4E,Tm2,1.541,0.06815815344164641
4E,Tm2,1.542,0.06771896759331966
4E,Tm2,1.543,0.06762298658010925
4E,Tm2,1.544,0.06762298658010925
4E,Tm2,1.545,0.06762298658010925
4E,Tm2,1.546,0.06762298658010925
4E,Tm2,1.547,0.06762298658010925
4E,Tm2,1.548,0.06726523916723373
4E,Tm2,1.549,0.06682605331890708
4E,Tm2,1.55,0.0663868674705803
4E,Tm2,1.551,0.06594768162225362
4E,Tm2,1.552,0.06550849577392681
4E,Tm2,1.553,0.06544159991623476
4E,Tm2,1.554,0.06544159991623476
4E,Tm2,1.555,0.0652816315608839
4E,Tm2,1.556,0.06484244571255714
4E,Tm2,1.557,0.0644032598642305
4E,Tm2,1.558,0.0639640740159037
4E,Tm2,1.559,0.06352488816757701
4E,Tm2,1.56,0.06326021325236027
4E,Tm2,1.561,0.06326021325236027
4E,Tm2,1.562,0.06326021325236027
4E,Tm2,1.563,0.06285883810620728
4E,Tm2,1.564,0.06241965225788047
4E,Tm2,1.565,0.0619804664095538
4E,Tm2,1.566,0.06154128056122704
4E,Tm2,1.567,0.06110209471290039
4E,Tm2,1.568,0.06107882658848576
4E,Tm2,1.569,0.06107882658848576
4E,Tm2,1.57,0.06087523049985737
4E,Tm2,1.571,0.06043604465153072
4E,Tm2,1.572,0.05999685880320396
4E,Tm2,1.573,0.05998813325654852
4E,Tm2,1.574,0.05998813325654852
4E,Tm2,1.575,0.059769994590161024
4E,Tm2,1.576,0.05933080874183423
4E,Tm2,1.577,0.05889743992461127
4E,Tm2,1.578,0.05889743992461127
4E,Tm2,1.579,0.05889743992461127
4E,Tm2,1.58,0.05866475868046452
4E,Tm2,1.581,0.05822557283213787
4E,Tm2,1.582,0.05778638698381111
4E,Tm2,1.583,0.05734720113548442
4E,Tm2,1.584,0.05690801528715763
4E,Tm2,1.585,0.05671605326073678
4E,Tm2,1.586,0.05671605326073678
4E,Tm2,1.587,0.05668115107411469
4E,Tm2,1.588,0.05624196522578794
4E,Tm2,1.589,0.05580277937746128
4E,Tm2,1.59,0.055625359928799537
4E,Tm2,1.591,0.055625359928799537
4E,Tm2,1.592,0.05557591516441827
4E,Tm2,1.593,0.05513672931609157
4E,Tm2,1.594,0.05469754346776478
4E,Tm2,1.595,0.05453466659686229
4E,Tm2,1.596,0.05453466659686229
4E,Tm2,1.597,0.054470679254721946
4E,Tm2,1.598,0.054031493406395154
4E,Tm2,1.599,0.05359230755806846
4E,Tm2,1.6,0.05315312170974166
4E,Tm2,1.601,0.052713935861414964
4E,Tm2,1.602,0.0523532799329878
4E,Tm2,1.603,0.0523532799329878
4E,Tm2,1.604,0.0523532799329878
4E,Tm2,1.605,0.05204788580004534
4E,Tm2,1.606,0.051608699951718545
4E,Tm2,1.607,0.051262586601050555
4E,Tm2,1.608,0.051262586601050555
4E,Tm2,1.609,0.051262586601050555
4E,Tm2,1.61,0.05094264989034884
4E,Tm2,1.611,0.05050346404202219
4E,Tm2,1.612,0.0501718932691133
4E,Tm2,1.613,0.0501718932691133
4E,Tm2,1.614,0.0501718932691133
4E,Tm2,1.615,0.0501718932691133
4E,Tm2,1.616,0.0501718932691133
4E,Tm2,1.617,0.0501718932691133
4E,Tm2,1.618,0.0501718932691133
4E,Tm2,1.619,0.0501718932691133
4E,Tm2,1.62,0.04982287140289331
4E,Tm2,1.621,0.04938368555456661
4E,Tm2,1.622,0.04908119993717606
4E,Tm2,1.623,0.04908119993717606
4E,Tm2,1.624,0.04908119993717606
4E,Tm2,1.625,0.04908119993717606
4E,Tm2,1.6260000000000001,0.04908119993717606
4E,Tm2,1.627,0.04892995712848065
4E,Tm2,1.6280000000000001,0.0484907712801539
4E,Tm2,1.629,0.04805158543182725
4E,Tm2,1.6300000000000001,0.04799050660523881
4E,Tm2,1.631,0.04799050660523881
4E,Tm2,1.6320000000000001,0.04815629199169342
4E,Tm2,1.633,0.048595477840020114
4E,Tm2,1.6340000000000001,0.049034663688346906
4E,Tm2,1.635,0.04908119993717606
4E,Tm2,1.6360000000000001,0.04908119993717606
4E,Tm2,1.637,0.04890087197296238
4E,Tm2,1.6380000000000001,0.04846168612463559
4E,Tm2,1.639,0.048022500276308895
4E,Tm2,1.6400000000000001,0.04799050660523881
4E,Tm2,1.641,0.04799050660523881
4E,Tm2,1.6420000000000001,0.04799050660523881
4E,Tm2,1.643,0.04799050660523881
4E,Tm2,1.6440000000000001,0.04799050660523881
4E,Tm2,1.645,0.04799050660523881
4E,Tm2,1.6460000000000001,0.04799050660523881
4E,Tm2,1.647,0.04778109348550678
4E,Tm2,1.6480000000000001,0.047341907637179985
4E,Tm2,1.649,0.04690272178885329
4E,Tm2,1.6500000000000001,0.04689981327330157
4E,Tm2,1.651,0.04689981327330157
4E,Tm2,1.6520000000000001,0.04689981327330157
4E,Tm2,1.653,0.04689981327330157
4E,Tm2,1.6540000000000001,0.04689981327330157
4E,Tm2,1.655,0.04689981327330157
4E,Tm2,1.6560000000000001,0.04689981327330157
4E,Tm2,1.657,0.04666131499805119
4E,Tm2,1.6580000000000001,0.04622212914972444
4E,Tm2,1.659,0.04580911994136432
4E,Tm2,1.6600000000000001,0.04580911994136432
4E,Tm2,1.661,0.04580911994136432
4E,Tm2,1.6620000000000001,0.04580911994136432
4E,Tm2,1.663,0.04580911994136432
4E,Tm2,1.6640000000000001,0.04576840072363851
4E,Tm2,1.665,0.04532921487531185
4E,Tm2,1.666,0.0448900290269852
4E,Tm2,1.667,0.04471842660942708
4E,Tm2,1.668,0.04471842660942708
4E,Tm2,1.669,0.04471842660942708
4E,Tm2,1.67,0.04471842660942708
4E,Tm2,1.671,0.04471842660942708
4E,Tm2,1.672,0.04471842660942708
4E,Tm2,1.673,0.04471842660942708
4E,Tm2,1.674,0.04464862223618309
4E,Tm2,1.675,0.0442094363878563
4E,Tm2,1.676,0.043770250539529605
4E,Tm2,1.677,0.04362773327748983
4E,Tm2,1.678,0.04362773327748983
4E,Tm2,1.679,0.04362773327748983
4E,Tm2,1.68,0.04362773327748983
4E,Tm2,1.681,0.04362773327748983
4E,Tm2,1.682,0.04331652211344367
4E,Tm2,1.683,0.04287733626511692
4E,Tm2,1.684,0.042537039945552586
4E,Tm2,1.685,0.042537039945552586
4E,Tm2,1.686,0.042537039945552586
4E,Tm2,1.687,0.042537039945552586
4E,Tm2,1.688,0.042537039945552586
4E,Tm2,1.689,0.042537039945552586
4E,Tm2,1.69,0.042537039945552586
4E,Tm2,1.691,0.042537039945552586
4E,Tm2,1.692,0.04219674362598814
4E,Tm2,1.693,0.041757557777661346
4E,Tm2,1.694,0.04144634661361534
4E,Tm2,1.695,0.04144634661361534
4E,Tm2,1.696,0.04144634661361534
4E,Tm2,1.697,0.04144634661361534
4E,Tm2,1.698,0.04144634661361534
4E,Tm4,0.0,0.0
4E,Tm4,0.001,0.0
4E,Tm4,0.002,0.0
4E,Tm4,0.003,-0.00022584147665584623
4E,Tm4,0.004,-0.0006630474122331297
4E,Tm4,0.005,-0.0010857763300760044
4E,Tm4,0.006,-0.0010857763300760044
4E,Tm4,0.007,-0.0010857763300760044
4E,Tm4,0.008,-0.0010857763300760044
4E,Tm4,0.009000000000000001,-0.0010857763300760044
4E,Tm4,0.01,-0.0010857763300760044
4E,Tm4,0.011,-0.0010857763300760044
4E,Tm4,0.012,-0.0010857763300760044
4E,Tm4,0.013000000000000001,-0.0010857763300760044
4E,Tm4,0.014,-0.0010857763300760044
4E,Tm4,0.015,-0.0010857763300760044
4E,Tm4,0.016,-0.0010857763300760044
4E,Tm4,0.017,-0.0010857763300760044
4E,Tm4,0.018000000000000002,-0.0010857763300760044
4E,Tm4,0.019,-0.0010857763300760044
4E,Tm4,0.02,-0.0010857763300760044
4E,Tm4,0.021,-0.0010857763300760044
4E,Tm4,0.022,-0.0010857763300760044
4E,Tm4,0.023,-0.0010857763300760044
4E,Tm4,0.024,-0.0010857763300760044
4E,Tm4,0.025,-0.0010857763300760044
4E,Tm4,0.026000000000000002,-0.0010857763300760044
4E,Tm4,0.027,-0.0010857763300760044
4E,Tm4,0.028,-0.0010857763300760044
4E,Tm4,0.029,-0.0010857763300760044
4E,Tm4,0.03,-0.0010857763300760044
4E,Tm4,0.031,-0.0010857763300760044
4E,Tm4,0.032,-0.0010857763300760044
4E,Tm4,0.033,-0.0010857763300760044
4E,Tm4,0.034,-0.0010857763300760044
4E,Tm4,0.035,-0.0010857763300760044
4E,Tm4,0.036000000000000004,-0.0010857763300760044
4E,Tm4,0.037,-0.0010857763300760044
4E,Tm4,0.038,-0.0010857763300760044
4E,Tm4,0.039,-0.0010857763300760044
4E,Tm4,0.04,-0.0010857763300760044
4E,Tm4,0.041,-0.0010857763300760044
4E,Tm4,0.042,-0.0010857763300760044
4E,Tm4,0.043000000000000003,-0.0014274339486066376
4E,Tm4,0.044,-0.0018646398841839183
4E,Tm4,0.045,-0.002171552660152009
4E,Tm4,0.046,-0.002171552660152009
4E,Tm4,0.047,-0.002171552660152009
4E,Tm4,0.048,-0.0025276872964169524
4E,Tm4,0.049,-0.0029648932319942365
4E,Tm4,0.05,-0.003257328990228013
4E,Tm4,0.051000000000000004,-0.003257328990228013
4E,Tm4,0.052000000000000005,-0.003257328990228013
4E,Tm4,0.053,-0.003257328990228013
4E,Tm4,0.054,-0.003257328990228013
4E,Tm4,0.055,-0.003416576185305831
4E,Tm4,0.056,-0.003853782120883115
4E,Tm4,0.057,-0.004290988056460399
4E,Tm4,0.058,-0.004728193992037683
4E,Tm4,0.059000000000000004,-0.005165399927614967
4E,Tm4,0.06,-0.0054288816503800215
4E,Tm4,0.061,-0.0054288816503800215
4E,Tm4,0.062,-0.0054288816503800215
4E,Tm4,0.063,-0.0058284473398479975
4E,Tm4,0.064,-0.006265653275425282
4E,Tm4,0.065,-0.006514657980456026
4E,Tm4,0.066,-0.006514657980456026
4E,Tm4,0.067,-0.006514657980456026
4E,Tm4,0.068,-0.006928700687658413
4E,Tm4,0.069,-0.007365906623235697
4E,Tm4,0.07,-0.007803112558812962
4E,Tm4,0.07100000000000001,-0.008240318494390208
4E,Tm4,0.07200000000000001,-0.008677524429967453
4E,Tm4,0.073,-0.008686210640608035
4E,Tm4,0.074,-0.008686210640608035
4E,Tm4,0.075,-0.008903365906623292
4E,Tm4,0.076,-0.009340571842200576
4E,Tm4,0.077,-0.009777777777777859
4E,Tm4,0.078,-0.010214983713355105
4E,Tm4,0.079,-0.010652189648932348
4E,Tm4,0.08,-0.011089395584509614
4E,Tm4,0.081,-0.011526601520086898
4E,Tm4,0.082,-0.011984075280492317
4E,Tm4,0.083,-0.012858487151646886
4E,Tm4,0.084,-0.013732899022801453
4E,Tm4,0.085,-0.014607310893955977
4E,Tm4,0.08600000000000001,-0.015481722765110466
4E,Tm4,0.08700000000000001,-0.016356134636264962
4E,Tm4,0.088,-0.01723054650741952
4E,Tm4,0.089,-0.018104958378574086
4E,Tm4,0.09,-0.019239956568946944
4E,Tm4,0.091,-0.020551574375678797
4E,Tm4,0.092,-0.021863192182410632
4E,Tm4,0.093,-0.02317480998914237
4E,Tm4,0.094,-0.024486427795874104
4E,Tm4,0.095,-0.026073108939558515
4E,Tm4,0.096,-0.02782193268186765
4E,Tm4,0.097,-0.029825551936301455
4E,Tm4,0.098,-0.03332319942091973
4E,Tm4,0.099,-0.036820846905538
4E,Tm4,0.1,-0.039160332971408106
4E,Tm4,0.101,-0.04090915671371709
4E,Tm4,0.10200000000000001,-0.04265798045602609
4E,Tm4,0.10300000000000001,-0.04440680419833523
4E,Tm4,0.10400000000000001,-0.046155627940644366
4E,Tm4,0.105,-0.04790445168295348
4E,Tm4,0.106,-0.049653275425262614
4E,Tm4,0.107,-0.05149475208107159
4E,Tm4,0.108,-0.05368078175895782
4E,Tm4,0.109,-0.055866811436844035
4E,Tm4,0.11,-0.05868982989504168
4E,Tm4,0.111,-0.06175027144408266
4E,Tm4,0.112,-0.06470358306188945
4E,Tm4,0.113,-0.06732681867535316
4E,Tm4,0.114,-0.06995005428881686
4E,Tm4,0.115,-0.07323923271806042
4E,Tm4,0.116,-0.07673688020267837
4E,Tm4,0.117,-0.0801129207383279
4E,Tm4,0.11800000000000001,-0.0831733622873689
4E,Tm4,0.11900000000000001,-0.08623380383640988
4E,Tm4,0.12,-0.08929424538545083
4E,Tm4,0.121,-0.09235468693449181
4E,Tm4,0.122,-0.09555121245023572
4E,Tm4,0.123,-0.09904885993485399
4E,Tm4,0.124,-0.10254650741947227
4E,Tm4,0.125,-0.10604415490409028
4E,Tm4,0.126,-0.10954180238870823
4E,Tm4,0.127,-0.11349113282663799
4E,Tm4,0.128,-0.11830039811798812
4E,Tm4,0.129,-0.12310966340933824
4E,Tm4,0.13,-0.12829533116178143
4E,Tm4,0.131,-0.13354180238870886
4E,Tm4,0.132,-0.13862323561346446
4E,Tm4,0.133,-0.14343250090481416
4E,Tm4,0.134,-0.14824176619616386
4E,Tm4,0.135,-0.1534419109663413
4E,Tm4,0.136,-0.1586883821932687
4E,Tm4,0.137,-0.164473398479914
4E,Tm4,0.138,-0.17103148751357325
4E,Tm4,0.139,-0.1775895765472325
4E,Tm4,0.14,-0.1841476655808912
4E,Tm4,0.14100000000000001,-0.1907057546145499
4E,Tm4,0.14200000000000002,-0.1974578356858491
4E,Tm4,0.14300000000000002,-0.20445313065508564
4E,Tm4,0.14400000000000002,-0.2114484256243222
4E,Tm4,0.145,-0.21970322113644686
4E,Tm4,0.146,-0.22801013391241523
4E,Tm4,0.147,-0.23631704668838327
4E,Tm4,0.148,-0.24462395946435092
4E,Tm4,0.149,-0.25293087224031857
4E,Tm4,0.15,-0.26080347448425656
4E,Tm4,0.151,-0.2686731813246477
4E,Tm4,0.152,-0.2765428881650388
4E,Tm4,0.153,-0.28441259500542987
4E,Tm4,0.154,-0.292282301845821
4E,Tm4,0.155,-0.3001520086862114
4E,Tm4,0.156,-0.3080217155266018
4E,Tm4,0.157,-0.31612884545783587
4E,Tm4,0.158,-0.3244357582338043
4E,Tm4,0.159,-0.3327687296416945
4E,Tm4,0.16,-0.3415128483532402
4E,Tm4,0.161,-0.3502569670647859
4E,Tm4,0.162,-0.35950488599348646
4E,Tm4,0.163,-0.36912341657618586
4E,Tm4,0.164,-0.3787419471588853
4E,Tm4,0.165,-0.38836047774158555
4E,Tm4,0.166,-0.39797900832428584
4E,Tm4,0.167,-0.4073311617806741
4E,Tm4,0.168,-0.41651248642779704
4E,Tm4,0.169,-0.42574882374231043
4E,Tm4,0.17,-0.43536735432500984
4E,Tm4,0.171,-0.4449858849077092
4E,Tm4,0.17200000000000001,-0.45460441549040914
4E,Tm4,0.17300000000000001,-0.4642229460731094
4E,Tm4,0.17400000000000002,-0.4738414766558096
4E,Tm4,0.17500000000000002,-0.48346000723850985
4E,Tm4,0.176,-0.49307853782120986
4E,Tm4,0.177,-0.5026970684039102
4E,Tm4,0.178,-0.5123155989866104
4E,Tm4,0.179,-0.5220180962721698
4E,Tm4,0.18,-0.5320738327904464
4E,Tm4,0.181,-0.542129569308723
4E,Tm4,0.182,-0.5518754976474852
4E,Tm4,0.183,-0.5614940282301855
4E,Tm4,0.184,-0.5710141150922922
4E,Tm4,0.185,-0.5801954397394151
4E,Tm4,0.186,-0.5893767643865381
4E,Tm4,0.187,-0.5985580890336604
4E,Tm4,0.188,-0.6077394136807825
4E,Tm4,0.189,-0.616920738327905
4E,Tm4,0.19,-0.6261020629750278
4E,Tm4,0.191,-0.6352833876221508
4E,Tm4,0.192,-0.64412595005429
4E,Tm4,0.193,-0.6528700687658356
4E,Tm4,0.194,-0.6614867897213187
4E,Tm4,0.195,-0.6697937024972864
4E,Tm4,0.196,-0.678100615273254
4E,Tm4,0.197,-0.6867607672819404
4E,Tm4,0.198,-0.695504885993486
4E,Tm4,0.199,-0.7041071299312351
4E,Tm4,0.2,-0.7124140427072035
4E,Tm4,0.201,-0.7207209554831719
4E,Tm4,0.202,-0.7290278682591397
4E,Tm4,0.203,-0.7373347810351073
4E,Tm4,0.20400000000000001,-0.7456416938110753
4E,Tm4,0.20500000000000002,-0.7539486065870437
4E,Tm4,0.20600000000000002,-0.7622555193630121
4E,Tm4,0.20700000000000002,-0.7701802388707937
4E,Tm4,0.20800000000000002,-0.7780499457111847
4E,Tm4,0.209,-0.7855779949330447
4E,Tm4,0.21,-0.7925732899022806
4E,Tm4,0.211,-0.7995685848715165
4E,Tm4,0.212,-0.8057705392689107
4E,Tm4,0.213,-0.8118914223669927
4E,Tm4,0.214,-0.8180123054650748
4E,Tm4,0.215,-0.8241331885631568
4E,Tm4,0.216,-0.8302540716612387
4E,Tm4,0.217,-0.8363749547593201
4E,Tm4,0.218,-0.8424958378574016
4E,Tm4,0.219,-0.8486167209554832
4E,Tm4,0.22,-0.8547376040535652
4E,Tm4,0.221,-0.8608584871516473
4E,Tm4,0.222,-0.8669793702497292
4E,Tm4,0.223,-0.873100253347811
4E,Tm4,0.224,-0.8787926167209562
4E,Tm4,0.225,-0.8840390879478837
4E,Tm4,0.226,-0.8892797683677172
4E,Tm4,0.227,-0.8936518277234896
4E,Tm4,0.228,-0.8980238870792621
4E,Tm4,0.229,-0.9019384726746292
4E,Tm4,0.23,-0.9054361201592476
4E,Tm4,0.231,-0.9089858849077096
4E,Tm4,0.232,-0.9137951501990598
4E,Tm4,0.233,-0.9186044154904098
4E,Tm4,0.234,-0.9234136807817598
4E,Tm4,0.23500000000000001,-0.9282229460731095
4E,Tm4,0.23600000000000002,-0.9330322113644592
4E,Tm4,0.23700000000000002,-0.9378414766558093
4E,Tm4,0.23800000000000002,-0.9426507419471595
4E,Tm4,0.23900000000000002,-0.9474600072385095
4E,Tm4,0.24,-0.9522692725298596
4E,Tm4,0.241,-0.9570322113644596
4E,Tm4,0.242,-0.961404270720232
4E,Tm4,0.243,-0.9657763300760045
4E,Tm4,0.244,-0.96933188563156
4E,Tm4,0.245,-0.972392327180601
4E,Tm4,0.246,-0.9753311617806734
4E,Tm4,0.247,-0.9775171914585599
4E,Tm4,0.248,-0.9797032211364463
4E,Tm4,0.249,-0.9816026058631924
4E,Tm4,0.25,-0.9833514296055014
4E,Tm4,0.251,-0.9851002533478104
4E,Tm4,0.252,-0.9868490770901195
4E,Tm4,0.253,-0.9885979008324287
4E,Tm4,0.254,-0.9900456026058634
4E,Tm4,0.255,-0.9913572204125952
4E,Tm4,0.256,-0.992848353239233
4E,Tm4,0.257,-0.9950343829171193
4E,Tm4,0.258,-0.9972204125950055
4E,Tm4,0.259,-0.9981440463264568
4E,Tm4,0.26,-0.9985812522620341
4E,Tm4,0.261,-0.9990184581976114
4E,Tm4,0.262,-0.9994556641331886
4E,Tm4,0.263,-0.9998928700687659
4E,Tm4,0.264,-1.0
4E,Tm4,0.265,-1.0
4E,Tm4,0.266,-0.9997625769091567
4E,Tm4,0.267,-0.9988881650380022
4E,Tm4,0.268,-0.9980137531668476
4E,Tm4,0.269,-0.997139341295693
4E,Tm4,0.27,-0.9962649294245384
4E,Tm4,0.271,-0.9952573289902278
4E,Tm4,0.272,-0.9939457111834961
4E,Tm4,0.273,-0.9926340933767643
4E,Tm4,0.274,-0.9909634455302208
4E,Tm4,0.275,-0.9892146217879115
4E,Tm4,0.276,-0.9874657980456024
4E,Tm4,0.277,-0.9857169743032933
4E,Tm4,0.278,-0.9839681505609842
4E,Tm4,0.279,-0.9814723127035826
4E,Tm4,0.28,-0.9788490770901188
4E,Tm4,0.281,-0.9762258414766553
4E,Tm4,0.28200000000000003,-0.9736026058631918
4E,Tm4,0.28300000000000003,-0.9709793702497284
4E,Tm4,0.28400000000000003,-0.9683561346362646
4E,Tm4,0.28500000000000003,-0.9657328990228009
4E,Tm4,0.28600000000000003,-0.9631096634093372
4E,Tm4,0.28700000000000003,-0.9604864277958736
4E,Tm4,0.28800000000000003,-0.9578631921824098
4E,Tm4,0.289,-0.9548374954759316
4E,Tm4,0.29,-0.9517770539268908
4E,Tm4,0.291,-0.9489077090119434
4E,Tm4,0.292,-0.9462844733984798
4E,Tm4,0.293,-0.943661237785016
4E,Tm4,0.294,-0.9402041259500539
4E,Tm4,0.295,-0.9367064784654355
4E,Tm4,0.296,-0.9330032573289897
4E,Tm4,0.297,-0.9290684039087944
4E,Tm4,0.298,-0.9251335504885992
4E,Tm4,0.299,-0.9211986970684037
4E,Tm4,0.3,-0.9172638436482081
4E,Tm4,0.301,-0.9133289902280126
4E,Tm4,0.302,-0.909394136807817
4E,Tm4,0.303,-0.9054592833876215
4E,Tm4,0.304,-0.9015244299674262
4E,Tm4,0.305,-0.897589576547231
4E,Tm4,0.306,-0.8936547231270356
4E,Tm4,0.307,-0.8897198697068401
4E,Tm4,0.308,-0.8857850162866445
4E,Tm4,0.309,-0.881850162866449
4E,Tm4,0.31,-0.8779153094462534
4E,Tm4,0.311,-0.8737314513210273
4E,Tm4,0.312,-0.8693593919652549
4E,Tm4,0.313,-0.8649496923633732
4E,Tm4,0.314,-0.860140427072023
4E,Tm4,0.315,-0.8553311617806729
4E,Tm4,0.316,-0.8505218964893227
4E,Tm4,0.317,-0.8457126311979726
4E,Tm4,0.318,-0.8409554831704663
4E,Tm4,0.319,-0.8365834238146939
4E,Tm4,0.32,-0.8322113644589214
4E,Tm4,0.321,-0.8275613463626492
4E,Tm4,0.322,-0.822752081071299
4E,Tm4,0.323,-0.8180094100615269
4E,Tm4,0.324,-0.8136373507057542
4E,Tm4,0.325,-0.8092652913499813
4E,Tm4,0.326,-0.8046007962359749
4E,Tm4,0.327,-0.7997915309446252
4E,Tm4,0.328,-0.794901194353963
4E,Tm4,0.329,-0.7896547231270357
4E,Tm4,0.33,-0.7844082519001082
4E,Tm4,0.331,-0.7797756062251172
4E,Tm4,0.332,-0.7754035468693443
4E,Tm4,0.333,-0.770840390879478
4E,Tm4,0.334,-0.7655939196525506
4E,Tm4,0.335,-0.7603474484256232
4E,Tm4,0.336,-0.7551009771986962
4E,Tm4,0.337,-0.7498545059717692
4E,Tm4,0.338,-0.7447180600796232
4E,Tm4,0.339,-0.7399087947882731
4E,Tm4,0.34,-0.7350995294969229
4E,Tm4,0.341,-0.7302902642055729
4E,Tm4,0.342,-0.7254809989142227
4E,Tm4,0.343,-0.7206717336228727
4E,Tm4,0.34400000000000003,-0.715862468331523
4E,Tm4,0.34500000000000003,-0.7110532030401733
4E,Tm4,0.34600000000000003,-0.705893593919652
4E,Tm4,0.34700000000000003,-0.7006471226927247
4E,Tm4,0.34800000000000003,-0.695539630836047
4E,Tm4,0.34900000000000003,-0.6907303655446969
4E,Tm4,0.35000000000000003,-0.6859211002533467
4E,Tm4,0.35100000000000003,-0.6807470141150914
4E,Tm4,0.352,-0.6755005428881647
4E,Tm4,0.353,-0.6704075280492218
4E,Tm4,0.354,-0.6655982627578716
4E,Tm4,0.355,-0.6607889974665214
4E,Tm4,0.356,-0.6559797321751714
4E,Tm4,0.357,-0.6511704668838212
4E,Tm4,0.358,-0.6461932681867528
4E,Tm4,0.359,-0.6409467969598258
4E,Tm4,0.36,-0.6357003257328989
4E,Tm4,0.361,-0.6312414042707201
4E,Tm4,0.362,-0.6268693449149473
4E,Tm4,0.363,-0.6223148751357217
4E,Tm4,0.364,-0.6175056098443715
4E,Tm4,0.365,-0.6126963445530214
4E,Tm4,0.366,-0.6074788273615631
4E,Tm4,0.367,-0.6022323561346361
4E,Tm4,0.368,-0.5973796597900832
4E,Tm4,0.369,-0.5930076004343103
4E,Tm4,0.37,-0.5886355410785375
4E,Tm4,0.371,-0.5838407528049218
4E,Tm4,0.372,-0.5790314875135716
4E,Tm4,0.373,-0.5744335866811432
4E,Tm4,0.374,-0.5700615273253707
4E,Tm4,0.375,-0.5656894679695983
4E,Tm4,0.376,-0.5608802026782481
4E,Tm4,0.377,-0.5560709373868981
4E,Tm4,0.378,-0.5514875135722037
4E,Tm4,0.379,-0.5471154542164309
4E,Tm4,0.38,-0.542743394860658
4E,Tm4,0.381,-0.5383713355048853
4E,Tm4,0.382,-0.5339992761491124
4E,Tm4,0.383,-0.5296272167933398
4E,Tm4,0.384,-0.5252551574375673
4E,Tm4,0.385,-0.5208541440463261
4E,Tm4,0.386,-0.516044878754976
4E,Tm4,0.387,-0.5112356134636259
4E,Tm4,0.388,-0.5066811436844003
4E,Tm4,0.389,-0.5023090843286275
4E,Tm4,0.39,-0.4979804560260578
4E,Tm4,0.391,-0.4940456026058626
4E,Tm4,0.392,-0.4901107491856674
4E,Tm4,0.393,-0.48590662323561307
4E,Tm4,0.394,-0.4815345638798402
4E,Tm4,0.395,-0.4771625045240674
4E,Tm4,0.396,-0.47279044516829455
4E,Tm4,0.397,-0.4684183858125217
4E,Tm4,0.398,-0.4643300760043424
4E,Tm4,0.399,-0.4603952225841472
4E,Tm4,0.4,-0.4563879840752802
4E,Tm4,0.401,-0.45201592471950736
4E,Tm4,0.402,-0.4476438653637345
4E,Tm4,0.403,-0.4438682591386169
4E,Tm4,0.404,-0.4403706116539986
4E,Tm4,0.405,-0.43669923995656806
4E,Tm4,0.406,-0.43232718060079567
4E,Tm4,0.40700000000000003,-0.4279551212450232
4E,Tm4,0.40800000000000003,-0.4238957654723124
4E,Tm4,0.40900000000000003,-0.41996091205211683
4E,Tm4,0.41000000000000003,-0.4160260586319213
4E,Tm4,0.41100000000000003,-0.41209120521172576
4E,Tm4,0.41200000000000003,-0.4081563517915302
4E,Tm4,0.41300000000000003,-0.4042214983713349
4E,Tm4,0.41400000000000003,-0.4002866449511397
4E,Tm4,0.41500000000000004,-0.3964676076728192
4E,Tm4,0.41600000000000004,-0.3929699601882009
4E,Tm4,0.417,-0.38947231270358285
4E,Tm4,0.418,-0.38563300760043395
4E,Tm4,0.419,-0.3816981541802384
4E,Tm4,0.42,-0.3778935939196521
4E,Tm4,0.421,-0.37439594643503415
4E,Tm4,0.422,-0.3708982989504162
4E,Tm4,0.423,-0.36704451682953304
4E,Tm4,0.424,-0.3631096634093375
4E,Tm4,0.425,-0.3591748099891419
4E,Tm4,0.426,-0.35523995656894636
4E,Tm4,0.427,-0.3513051031487508
4E,Tm4,0.428,-0.34737024972855557
4E,Tm4,0.429,-0.34343539630836034
4E,Tm4,0.43,-0.3396597900832428
4E,Tm4,0.431,-0.33616214259862454
4E,Tm4,0.432,-0.3326644951140063
4E,Tm4,0.433,-0.3295519363011217
4E,Tm4,0.434,-0.32649149475208067
4E,Tm4,0.435,-0.32325732899022747
4E,Tm4,0.436,-0.3197596815056092
4E,Tm4,0.437,-0.3162620340209909
4E,Tm4,0.438,-0.31276438653637295
4E,Tm4,0.439,-0.309266739051755
4E,Tm4,0.44,-0.30576909156713694
4E,Tm4,0.441,-0.30227144408251866
4E,Tm4,0.442,-0.2987737965979004
4E,Tm4,0.443,-0.29486210640607974
4E,Tm4,0.444,-0.2909272529858842
4E,Tm4,0.445,-0.28739775606225065
4E,Tm4,0.446,-0.2843373145132099
4E,Tm4,0.447,-0.2812768729641692
4E,Tm4,0.448,-0.27821643141512825
4E,Tm4,0.449,-0.27515598986608725
4E,Tm4,0.45,-0.27209554831704624
4E,Tm4,0.451,-0.2690351067680053
4E,Tm4,0.452,-0.26596887441187045
4E,Tm4,0.453,-0.2624712269272525
4E,Tm4,0.454,-0.25897357944263455
4E,Tm4,0.455,-0.255707564241766
4E,Tm4,0.456,-0.252647122692725
4E,Tm4,0.457,-0.24956641331885587
4E,Tm4,0.458,-0.2460687658342376
4E,Tm4,0.459,-0.24257111834961934
4E,Tm4,0.46,-0.2393195801664852
4E,Tm4,0.461,-0.2362591386174445
4E,Tm4,0.462,-0.2332334419109662
4E,Tm4,0.463,-0.23061020629750248
4E,Tm4,0.464,-0.22798697068403878
4E,Tm4,0.465,-0.22536373507057508
4E,Tm4,0.466,-0.22274049945711138
4E,Tm4,0.467,-0.22006804198335084
4E,Tm4,0.468,-0.21700760043431014
4E,Tm4,0.46900000000000003,-0.21394715888526944
4E,Tm4,0.47000000000000003,-0.21116178067318117
4E,Tm4,0.47100000000000003,-0.20853854505971747
4E,Tm4,0.47200000000000003,-0.20585161056822257
4E,Tm4,0.47300000000000003,-0.2027911690191816
4E,Tm4,0.47400000000000003,-0.1997307274701406
4E,Tm4,0.47500000000000003,-0.1969598262757868
4E,Tm4,0.47600000000000003,-0.1943365906623233
4E,Tm4,0.47700000000000004,-0.1917133550488598
4E,Tm4,0.47800000000000004,-0.1890901194353961
4E,Tm4,0.47900000000000004,-0.1864668838219324
4E,Tm4,0.48,-0.18384364820846885
4E,Tm4,0.481,-0.18122041259500515
4E,Tm4,0.482,-0.17859717698154143
4E,Tm4,0.483,-0.17597394136807773
4E,Tm4,0.484,-0.17335070575461403
4E,Tm4,0.485,-0.1710459645313062
4E,Tm4,0.486,-0.16885993485341996
4E,Tm4,0.487,-0.1665667752442995
4E,Tm4,0.488,-0.1639435396308358
4E,Tm4,0.489,-0.1613203040173721
4E,Tm4,0.49,-0.1586970684039084
4E,Tm4,0.491,-0.1560738327904447
4E,Tm4,0.492,-0.15357220412594966
4E,Tm4,0.493,-0.15138617444806343
4E,Tm4,0.494,-0.1492001447701772
4E,Tm4,0.495,-0.14666666666666647
4E,Tm4,0.496,-0.14404343105320278
4E,Tm4,0.497,-0.141556279406442
4E,Tm4,0.498,-0.13937024972855558
4E,Tm4,0.499,-0.13718422005066916
4E,Tm4,0.5,-0.13499819037278288
4E,Tm4,0.501,-0.13281216069489665
4E,Tm4,0.502,-0.13062613101701037
4E,Tm4,0.503,-0.12844010133912395
4E,Tm4,0.504,-0.12625407166123753
4E,Tm4,0.505,-0.12406804198335111
4E,Tm4,0.506,-0.1218820123054647
4E,Tm4,0.507,-0.11969598262757834
4E,Tm4,0.508,-0.11750995294969212
4E,Tm4,0.509,-0.11532392327180589
4E,Tm4,0.51,-0.11313789359391949
4E,Tm4,0.511,-0.11095186391603307
4E,Tm4,0.512,-0.10876583423814665
4E,Tm4,0.513,-0.10657980456026024
4E,Tm4,0.514,-0.10439377488237382
4E,Tm4,0.515,-0.10220774520448758
4E,Tm4,0.516,-0.10002171552660136
4E,Tm4,0.517,-0.09802967788635532
4E,Tm4,0.518,-0.09628085414404618
4E,Tm4,0.519,-0.09453203040173705
4E,Tm4,0.52,-0.09278320665942791
4E,Tm4,0.521,-0.09103438291711877
4E,Tm4,0.522,-0.08886862106406039
4E,Tm4,0.523,-0.08624538545059691
4E,Tm4,0.524,-0.08362214983713345
4E,Tm4,0.525,-0.08186753528773061
4E,Tm4,0.526,-0.08011871154542147
4E,Tm4,0.527,-0.07836988780311234
4E,Tm4,0.528,-0.0766210640608032
4E,Tm4,0.529,-0.07486065870430653
4E,Tm4,0.53,-0.0726746290264203
4E,Tm4,0.531,-0.07048859934853408
4E,Tm4,0.532,-0.06853999276149104
4E,Tm4,0.533,-0.06679116901918192
4E,Tm4,0.534,-0.06493811074918529
4E,Tm4,0.535,-0.061440463264567015
4E,Tm4,0.536,-0.057942815779948746
4E,Tm4,0.537,-0.05545276872964135
4E,Tm4,0.538,-0.05370394498733221
4E,Tm4,0.539,-0.05191458559536682
4E,Tm4,0.54,-0.04972855591748059
4E,Tm4,0.541,-0.04754252623959437
4E,Tm4,0.542,-0.04562287368802006
4E,Tm4,0.543,-0.04387404994571092
4E,Tm4,0.544,-0.04212522620340178
4E,Tm4,0.545,-0.04037640246109265
4E,Tm4,0.546,-0.038627578718783515
4E,Tm4,0.547,-0.036878754976474484
4E,Tm4,0.548,-0.0351299312341655
4E,Tm4,0.549,-0.0333811074918565
4E,Tm4,0.55,-0.03163228374954736
4E,Tm4,0.551,-0.029883460007238224
4E,Tm4,0.552,-0.028429967426709845
4E,Tm4,0.553,-0.027118349619977996
4E,Tm4,0.554,-0.025722765110386854
4E,Tm4,0.555,-0.023973941368077872
4E,Tm4,0.556,-0.022225117625768894
4E,Tm4,0.557,-0.020476293883459805
4E,Tm4,0.558,-0.018727470141150667
4E,Tm4,0.559,-0.017175533840028803
4E,Tm4,0.56,-0.016301121968874233
4E,Tm4,0.561,-0.015426710097719665
4E,Tm4,0.562,-0.014552298226565155
4E,Tm4,0.5630000000000001,-0.013677886355410666
4E,Tm4,0.5640000000000001,-0.012803474484256156
4E,Tm4,0.5650000000000001,-0.011929062613101588
4E,Tm4,0.5660000000000001,-0.01105465074194702
4E,Tm4,0.5670000000000001,-0.009841476655808657
4E,Tm4,0.5680000000000001,-0.008529858849076807
4E,Tm4,0.5690000000000001,-0.007218241042344988
4E,Tm4,0.5700000000000001,-0.005906623235613254
4E,Tm4,0.5710000000000001,-0.00459500542888152
4E,Tm4,0.5720000000000001,-0.0032833876221496907
4E,Tm4,0.5730000000000001,-0.0019717698154178387
4E,Tm4,0.5740000000000001,-0.0006601520086859869
4E,Tm4,0.5750000000000001,0.0006514657980458648
4E,Tm4,0.5760000000000001,0.0019630836047777166
4E,Tm4,0.577,0.0032747014115093237
4E,Tm4,0.578,0.004586319218241058
4E,Tm4,0.579,0.005897937024972834
4E,Tm4,0.58,0.007209554831704686
4E,Tm4,0.581,0.008521172638436538
4E,Tm4,0.582,0.009450597176981605
4E,Tm4,0.583,0.010325009048136172
4E,Tm4,0.584,0.011370249728556043
4E,Tm4,0.585,0.012681867535287777
4E,Tm4,0.586,0.013993485342019512
4E,Tm4,0.587,0.014908432862830254
4E,Tm4,0.588,0.01578284473398482
4E,Tm4,0.589,0.01665725660513939
4E,Tm4,0.59,0.01753166847629396
4E,Tm4,0.591,0.018406080347448527
4E,Tm4,0.592,0.0196916395222586
4E,Tm4,0.593,0.021003257328990454
4E,Tm4,0.594,0.02231487513572225
4E,Tm4,0.595,0.023626492942453985
4E,Tm4,0.596,0.02493811074918572
4E,Tm4,0.597,0.025398479913137924
4E,Tm4,0.598,0.025835685848715206
4E,Tm4,0.599,0.025630112196887333
4E,Tm4,0.6,0.024755700325732762
4E,Tm4,0.601,0.023892870068765996
4E,Tm4,0.602,0.024767281939920484
4E,Tm4,0.603,0.025641693811074975
4E,Tm4,0.604,0.026516105682229507
4E,Tm4,0.605,0.02739051755338407
4E,Tm4,0.606,0.028264929424538638
4E,Tm4,0.607,0.02913934129569321
4E,Tm4,0.608,0.030013753166847776
4E,Tm4,0.609,0.03113137893593939
4E,Tm4,0.61,0.03244299674267113
4E,Tm4,0.611,0.033754614549402866
4E,Tm4,0.612,0.03506623235613472
4E,Tm4,0.613,0.03637785016286657
4E,Tm4,0.614,0.037431777053927
4E,Tm4,0.615,0.038306188925081565
4E,Tm4,0.616,0.03913427433948614
4E,Tm4,0.617,0.03957148027506338
4E,Tm4,0.618,0.040008686210640625
4E,Tm4,0.619,0.04099022801302937
4E,Tm4,0.62,0.04230184581976123
4E,Tm4,0.621,0.043552660152008774
4E,Tm4,0.622,0.044427072023163344
4E,Tm4,0.623,0.045301483894317915
4E,Tm4,0.624,0.04674918566775268
4E,Tm4,0.625,0.04849800941006166
4E,Tm4,0.626,0.050171552660152045
4E,Tm4,0.627,0.0514831704668839
4E,Tm4,0.628,0.05279478827361575
4E,Tm4,0.629,0.05380528411147314
4E,Tm4,0.63,0.05467969598262771
4E,Tm4,0.631,0.05555410785378226
4E,Tm4,0.632,0.056428519724936746
4E,Tm4,0.633,0.05730293159609123
4E,Tm4,0.634,0.057861744480637
4E,Tm4,0.635,0.05829895041621429
4E,Tm4,0.636,0.05884039087947891
4E,Tm4,0.637,0.05971480275063348
4E,Tm4,0.638,0.06058921462178805
4E,Tm4,0.639,0.06146362649294262
4E,Tm4,0.64,0.06233803836409719
4E,Tm4,0.641,0.06309373868983
4E,Tm4,0.642,0.06353094462540723
4E,Tm4,0.643,0.06396815056098448
4E,Tm4,0.644,0.06474990951863926
4E,Tm4,0.645,0.06562432138979382
4E,Tm4,0.646,0.06649873326094839
4E,Tm4,0.647,0.06737314513210296
4E,Tm4,0.648,0.06824755700325753
4E,Tm4,0.649,0.06912196887441203
4E,Tm4,0.65,0.06999638074556652
4E,Tm4,0.651,0.07072312703583067
4E,Tm4,0.652,0.07116033297140795
4E,Tm4,0.653,0.07159753890698524
4E,Tm4,0.654,0.07203474484256252
4E,Tm4,0.655,0.0724719507781398
4E,Tm4,0.656,0.07307129931234184
4E,Tm4,0.657,0.07394571118349634
4E,Tm4,0.658,0.07482012305465083
4E,Tm4,0.659,0.07530655085052484
4E,Tm4,0.66,0.07574375678610212
4E,Tm4,0.661,0.07618096272167942
4E,Tm4,0.662,0.0766181686572567
4E,Tm4,0.663,0.07705537459283399
4E,Tm4,0.664,0.07789504162142614
4E,Tm4,0.665,0.07876945349258062
4E,Tm4,0.666,0.07945276872964173
4E,Tm4,0.667,0.07988997466521901
4E,Tm4,0.668,0.0803271806007963
4E,Tm4,0.669,0.08076438653637358
4E,Tm4,0.67,0.08120159247195087
4E,Tm4,0.671,0.08184437205935594
4E,Tm4,0.672,0.08271878393051042
4E,Tm4,0.673,0.08359319580166492
4E,Tm4,0.674,0.0840361925443359
4E,Tm4,0.675,0.0844733984799132
4E,Tm4,0.676,0.08491060441549048
4E,Tm4,0.677,0.08534781035106775
4E,Tm4,0.678,0.08578501628664505
4E,Tm4,0.679,0.08622222222222228
4E,Tm4,0.68,0.08665942815779953
4E,Tm4,0.681,0.0870966340933768
4E,Tm4,0.682,0.08753384002895408
4E,Tm4,0.683,0.08797104596453137
4E,Tm4,0.684,0.08840825190010865
4E,Tm4,0.685,0.08884545783568594
4E,Tm4,0.686,0.08953166847629404
4E,Tm4,0.687,0.09040608034744853
4E,Tm4,0.6880000000000001,0.09120521172638436
4E,Tm4,0.6890000000000001,0.09120521172638436
4E,Tm4,0.6900000000000001,0.09120521172638436
4E,Tm4,0.6910000000000001,0.09173217517191472
4E,Tm4,0.6920000000000001,0.09260658704306929
4E,Tm4,0.6930000000000001,0.09337676438653637
4E,Tm4,0.6940000000000001,0.09337676438653637
4E,Tm4,0.6950000000000001,0.09337676438653637
4E,Tm4,0.6960000000000001,0.0939326818675355
4E,Tm4,0.6970000000000001,0.09480709373869
4E,Tm4,0.6980000000000001,0.09554831704668838
4E,Tm4,0.6990000000000001,0.09554831704668838
4E,Tm4,0.7000000000000001,0.09554831704668838
4E,Tm4,0.7010000000000001,0.09613318856315617
4E,Tm4,0.7020000000000001,0.0970076004343107
4E,Tm4,0.7030000000000001,0.09771986970684039
4E,Tm4,0.704,0.09771986970684039
4E,Tm4,0.705,0.09771986970684039
4E,Tm4,0.706,0.0983336952587768
4E,Tm4,0.707,0.09920810712993133
4E,Tm4,0.708,0.0998914223669924
4E,Tm4,0.709,0.0998914223669924
4E,Tm4,0.71,0.0998914223669924
4E,Tm4,0.711,0.10053420195439747
4E,Tm4,0.712,0.10140861382555204
4E,Tm4,0.713,0.10206297502714441
4E,Tm4,0.714,0.10206297502714441
4E,Tm4,0.715,0.10206297502714441
4E,Tm4,0.716,0.10273470865001817
4E,Tm4,0.717,0.1036091205211727
4E,Tm4,0.718,0.10423452768729642
4E,Tm4,0.719,0.10423452768729642
4E,Tm4,0.72,0.10423452768729642
4E,Tm4,0.721,0.10458487151646766
4E,Tm4,0.722,0.10502207745204492
4E,Tm4,0.723,0.10545928338762219
4E,Tm4,0.724,0.10589648932319945
4E,Tm4,0.725,0.10633369525877671
4E,Tm4,0.726,0.10640608034744843
4E,Tm4,0.727,0.10640608034744843
4E,Tm4,0.728,0.10671299312341669
4E,Tm4,0.729,0.10758740499457121
4E,Tm4,0.73,0.10846181686572574
4E,Tm4,0.731,0.10857763300760044
4E,Tm4,0.732,0.10857763300760044
4E,Tm4,0.733,0.10874556641331892
4E,Tm4,0.734,0.10918277234889619
4E,Tm4,0.735,0.10961997828447345
4E,Tm4,0.736,0.1100571842200507
4E,Tm4,0.737,0.11049439015562797
4E,Tm4,0.738,0.11074918566775244
4E,Tm4,0.739,0.11074918566775244
4E,Tm4,0.74,0.11074918566775244
4E,Tm4,0.741,0.11115743756786108
4E,Tm4,0.742,0.11159464350343834
4E,Tm4,0.743,0.11183496199782844
4E,Tm4,0.744,0.11183496199782844
4E,Tm4,0.745,0.11183496199782844
4E,Tm4,0.746,0.11183496199782844
4E,Tm4,0.747,0.11183496199782844
4E,Tm4,0.748,0.11204632645674996
4E,Tm4,0.749,0.11248353239232722
4E,Tm4,0.75,0.11292073832790445
4E,Tm4,0.751,0.11292073832790445
4E,Tm4,0.752,0.11292073832790445
4E,Tm4,0.753,0.11314657980456029
4E,Tm4,0.754,0.11358378574013758
4E,Tm4,0.755,0.11400651465798045
4E,Tm4,0.756,0.11400651465798045
4E,Tm4,0.757,0.11400651465798045
4E,Tm4,0.758,0.11400651465798045
4E,Tm4,0.759,0.11400651465798045
4E,Tm4,0.76,0.11403546869344923
4E,Tm4,0.761,0.1144726746290265
4E,Tm4,0.762,0.11490988056460376
4E,Tm4,0.763,0.11509229098805646
4E,Tm4,0.764,0.11509229098805646
4E,Tm4,0.765,0.11513572204125955
4E,Tm4,0.766,0.11557292797683683
4E,Tm4,0.767,0.1160101339124141
4E,Tm4,0.768,0.11617806731813246
4E,Tm4,0.769,0.11617806731813246
4E,Tm4,0.77,0.11617806731813246
4E,Tm4,0.771,0.11617806731813246
4E,Tm4,0.772,0.11617806731813246
4E,Tm4,0.773,0.11646181686572571
4E,Tm4,0.774,0.11689902280130299
4E,Tm4,0.775,0.11726384364820847
4E,Tm4,0.776,0.11726384364820847
4E,Tm4,0.777,0.11726384364820847
4E,Tm4,0.778,0.11726384364820847
4E,Tm4,0.779,0.11726384364820847
4E,Tm4,0.78,0.11735070575461459
4E,Tm4,0.781,0.11778791169019187
4E,Tm4,0.782,0.11822511762576916
4E,Tm4,0.783,0.11834961997828447
4E,Tm4,0.784,0.11834961997828447
4E,Tm4,0.785,0.11834961997828447
4E,Tm4,0.786,0.11834961997828447
4E,Tm4,0.787,0.11834961997828447
4E,Tm4,0.788,0.1186768005790808
4E,Tm4,0.789,0.11911400651465806
4E,Tm4,0.79,0.11943539630836048
4E,Tm4,0.791,0.11943539630836048
4E,Tm4,0.792,0.11943539630836048
4E,Tm4,0.793,0.11977705392689113
4E,Tm4,0.794,0.1202142598624684
4E,Tm4,0.795,0.12052117263843648
4E,Tm4,0.796,0.12052117263843648
4E,Tm4,0.797,0.12052117263843648
4E,Tm4,0.798,0.12052117263843648
4E,Tm4,0.799,0.12052117263843648
4E,Tm4,0.8,0.12066594281578001
4E,Tm4,0.801,0.12110314875135729
4E,Tm4,0.802,0.12154035468693457
4E,Tm4,0.803,0.12160694896851248
4E,Tm4,0.804,0.12160694896851248
4E,Tm4,0.805,0.12160694896851248
4E,Tm4,0.806,0.12160694896851248
4E,Tm4,0.807,0.12160694896851248
4E,Tm4,0.808,0.12199203764024617
4E,Tm4,0.809,0.12242924357582345
4E,Tm4,0.81,0.12269272529858849
4E,Tm4,0.811,0.12269272529858849
4E,Tm4,0.812,0.12269272529858849
4E,Tm4,0.8130000000000001,0.12269272529858849
4E,Tm4,0.8140000000000001,0.12269272529858849
4E,Tm4,0.8150000000000001,0.12269272529858849
4E,Tm4,0.8160000000000001,0.12269272529858849
4E,Tm4,0.8170000000000001,0.12269272529858849
4E,Tm4,0.8180000000000001,0.12310676800579089
4E,Tm4,0.8190000000000001,0.12354397394136815
4E,Tm4,0.8200000000000001,0.1237785016286645
4E,Tm4,0.8210000000000001,0.1237785016286645
4E,Tm4,0.8220000000000001,0.1237785016286645
4E,Tm4,0.8230000000000001,0.1237785016286645
4E,Tm4,0.8240000000000001,0.1237785016286645
4E,Tm4,0.8250000000000001,0.1237785016286645
4E,Tm4,0.8260000000000001,0.1237785016286645
4E,Tm4,0.8270000000000001,0.1237785016286645
4E,Tm4,0.8280000000000001,0.1237785016286645
4E,Tm4,0.8290000000000001,0.1237785016286645
4E,Tm4,0.8300000000000001,0.12401013391241414
4E,Tm4,0.8310000000000001,0.1244473398479914
4E,Tm4,0.8320000000000001,0.1248642779587405
4E,Tm4,0.833,0.1248642779587405
4E,Tm4,0.834,0.1248642779587405
4E,Tm4,0.835,0.1248642779587405
4E,Tm4,0.836,0.1248642779587405
4E,Tm4,0.837,0.1248642779587405
4E,Tm4,0.838,0.1248642779587405
4E,Tm4,0.839,0.1248642779587405
4E,Tm4,0.84,0.1248642779587405
4E,Tm4,0.841,0.1248642779587405
4E,Tm4,0.842,0.1248642779587405
4E,Tm4,0.843,0.1248642779587405
4E,Tm4,0.844,0.1248642779587405
4E,Tm4,0.845,0.1248642779587405
4E,Tm4,0.846,0.1248642779587405
4E,Tm4,0.847,0.1248642779587405
4E,Tm4,0.848,0.1248642779587405
4E,Tm4,0.849,0.1248642779587405
4E,Tm4,0.85,0.1248642779587405
4E,Tm4,0.851,0.1248642779587405
4E,Tm4,0.852,0.1248642779587405
4E,Tm4,0.853,0.1248642779587405
4E,Tm4,0.854,0.1248642779587405
4E,Tm4,0.855,0.1248642779587405
4E,Tm4,0.856,0.1248642779587405
4E,Tm4,0.857,0.1248642779587405
4E,Tm4,0.858,0.1248642779587405
4E,Tm4,0.859,0.1248642779587405
4E,Tm4,0.86,0.1248642779587405
4E,Tm4,0.861,0.1248642779587405
4E,Tm4,0.862,0.1248642779587405
4E,Tm4,0.863,0.1248642779587405
4E,Tm4,0.864,0.1248642779587405
4E,Tm4,0.865,0.1248642779587405
4E,Tm4,0.866,0.1248642779587405
4E,Tm4,0.867,0.1248642779587405
4E,Tm4,0.868,0.1248642779587405
4E,Tm4,0.869,0.1248642779587405
4E,Tm4,0.87,0.1248642779587405
4E,Tm4,0.871,0.1248642779587405
4E,Tm4,0.872,0.1248642779587405
4E,Tm4,0.873,0.1248642779587405
4E,Tm4,0.874,0.1248642779587405
4E,Tm4,0.875,0.1248642779587405
4E,Tm4,0.876,0.1248642779587405
4E,Tm4,0.877,0.1248642779587405
4E,Tm4,0.878,0.1248642779587405
4E,Tm4,0.879,0.1248642779587405
4E,Tm4,0.88,0.1248642779587405
4E,Tm4,0.881,0.1248642779587405
4E,Tm4,0.882,0.1248642779587405
4E,Tm4,0.883,0.1248642779587405
4E,Tm4,0.884,0.1248642779587405
4E,Tm4,0.885,0.1248642779587405
4E,Tm4,0.886,0.1248642779587405
4E,Tm4,0.887,0.1248642779587405
4E,Tm4,0.888,0.1248642779587405
4E,Tm4,0.889,0.1248642779587405
4E,Tm4,0.89,0.1248642779587405
4E,Tm4,0.891,0.1248642779587405
4E,Tm4,0.892,0.1248642779587405
4E,Tm4,0.893,0.1248642779587405
4E,Tm4,0.894,0.1248642779587405
4E,Tm4,0.895,0.1248642779587405
4E,Tm4,0.896,0.1248642779587405
4E,Tm4,0.897,0.1248642779587405
4E,Tm4,0.898,0.1248642779587405
4E,Tm4,0.899,0.1248642779587405
4E,Tm4,0.9,0.12442996742671004
4E,Tm4,0.901,0.12399276149113278
4E,Tm4,0.902,0.1237785016286645
4E,Tm4,0.903,0.1237785016286645
4E,Tm4,0.904,0.1237785016286645
4E,Tm4,0.905,0.1237785016286645
4E,Tm4,0.906,0.1237785016286645
4E,Tm4,0.907,0.1237785016286645
4E,Tm4,0.908,0.1237785016286645
4E,Tm4,0.909,0.12375244299674262
4E,Tm4,0.91,0.12331523706116534
4E,Tm4,0.911,0.12287803112558805
4E,Tm4,0.912,0.12269272529858849
4E,Tm4,0.913,0.12269272529858849
4E,Tm4,0.914,0.12269272529858849
4E,Tm4,0.915,0.12269272529858849
4E,Tm4,0.916,0.12269272529858849
4E,Tm4,0.917,0.12269272529858849
4E,Tm4,0.918,0.12269272529858849
4E,Tm4,0.919,0.1226377126311979
4E,Tm4,0.92,0.12220050669562063
4E,Tm4,0.921,0.12176330076004337
4E,Tm4,0.922,0.12160694896851248
4E,Tm4,0.923,0.12160694896851248
4E,Tm4,0.924,0.12160694896851248
4E,Tm4,0.925,0.12160694896851248
4E,Tm4,0.926,0.12160694896851248
4E,Tm4,0.927,0.12131161780673175
4E,Tm4,0.928,0.12087441187115448
4E,Tm4,0.929,0.12052117263843648
4E,Tm4,0.93,0.12052117263843648
4E,Tm4,0.931,0.12052117263843648
4E,Tm4,0.932,0.12052117263843648
4E,Tm4,0.933,0.12052117263843648
4E,Tm4,0.934,0.12052117263843648
4E,Tm4,0.935,0.12052117263843648
4E,Tm4,0.936,0.12052117263843648
4E,Tm4,0.937,0.12052117263843648
4E,Tm4,0.9380000000000001,0.12052117263843648
4E,Tm4,0.9390000000000001,0.12052117263843648
4E,Tm4,0.9400000000000001,0.12052117263843648
4E,Tm4,0.9410000000000001,0.12052117263843648
4E,Tm4,0.9420000000000001,0.12018241042345268
4E,Tm4,0.9430000000000001,0.1197452044878754
4E,Tm4,0.9440000000000001,0.11943539630836048
4E,Tm4,0.9450000000000001,0.11943539630836048
4E,Tm4,0.9460000000000001,0.11943539630836048
4E,Tm4,0.9470000000000001,0.11943539630836048
4E,Tm4,0.9480000000000001,0.11943539630836048
4E,Tm4,0.9490000000000001,0.11943539630836048
4E,Tm4,0.9500000000000001,0.11943539630836048
4E,Tm4,0.9510000000000001,0.11943539630836048
4E,Tm4,0.9520000000000001,0.11943539630836048
4E,Tm4,0.9530000000000001,0.11943539630836048
4E,Tm4,0.9540000000000001,0.11943539630836048
4E,Tm4,0.9550000000000001,0.11943539630836048
4E,Tm4,0.9560000000000001,0.11943539630836048
4E,Tm4,0.9570000000000001,0.11943539630836048
4E,Tm4,0.9580000000000001,0.11943539630836048
4E,Tm4,0.9590000000000001,0.11943539630836048
4E,Tm4,0.96,0.11943539630836048
4E,Tm4,0.961,0.11943539630836048
4E,Tm4,0.962,0.11943539630836048
4E,Tm4,0.963,0.11943539630836048
4E,Tm4,0.964,0.11943539630836048
4E,Tm4,0.965,0.11943539630836048
4E,Tm4,0.966,0.11943539630836048
4E,Tm4,0.967,0.11943539630836048
4E,Tm4,0.968,0.11943539630836048
4E,Tm4,0.969,0.11943539630836048
4E,Tm4,0.97,0.11943539630836048
4E,Tm4,0.971,0.11943539630836048
4E,Tm4,0.972,0.11986102062975033
4E,Tm4,0.973,0.1202982265653276
4E,Tm4,0.974,0.12052117263843648
4E,Tm4,0.975,0.12052117263843648
4E,Tm4,0.976,0.12051827723488957
4E,Tm4,0.977,0.1200810712993123
4E,Tm4,0.978,0.11964386536373502
4E,Tm4,0.979,0.11943539630836048
4E,Tm4,0.98,0.11943539630836048
4E,Tm4,0.981,0.11943539630836048
4E,Tm4,0.982,0.11943539630836048
4E,Tm4,0.983,0.11943539630836048
4E,Tm4,0.984,0.11943539630836048
4E,Tm4,0.985,0.11943539630836048
4E,Tm4,0.986,0.11943539630836048
4E,Tm4,0.987,0.11943539630836048
4E,Tm4,0.988,0.11943539630836048
4E,Tm4,0.989,0.11943539630836048
4E,Tm4,0.99,0.11943539630836048
4E,Tm4,0.991,0.11943539630836048
4E,Tm4,0.992,0.11943539630836048
4E,Tm4,0.993,0.11943539630836048
4E,Tm4,0.994,0.1191632283749547
4E,Tm4,0.995,0.11872602243937744
4E,Tm4,0.996,0.11834961997828447
4E,Tm4,0.997,0.11834961997828447
4E,Tm4,0.998,0.11834961997828447
4E,Tm4,0.999,0.11834961997828447
4E,Tm4,1.0,0.11834961997828447
4E,Tm4,1.0010000000000001,0.11834961997828447
4E,Tm4,1.002,0.11834961997828447
4E,Tm4,1.0030000000000001,0.11834961997828447
4E,Tm4,1.004,0.11804849800941
4E,Tm4,1.0050000000000001,0.11761129207383267
4E,Tm4,1.006,0.11726384364820847
4E,Tm4,1.0070000000000001,0.11726384364820847
4E,Tm4,1.008,0.11726384364820847
4E,Tm4,1.0090000000000001,0.11726384364820847
4E,Tm4,1.01,0.11726384364820847
4E,Tm4,1.0110000000000001,0.11715960912052108
4E,Tm4,1.012,0.11672240318494384
4E,Tm4,1.0130000000000001,0.1162851972493665
4E,Tm4,1.014,0.11617806731813246
4E,Tm4,1.0150000000000001,0.11617806731813246
4E,Tm4,1.016,0.1160593557727108
4E,Tm4,1.0170000000000001,0.11562214983713348
4E,Tm4,1.018,0.11518494390155624
4E,Tm4,1.0190000000000001,0.11509229098805646
4E,Tm4,1.02,0.11509229098805646
4E,Tm4,1.0210000000000001,0.11495910242490034
4E,Tm4,1.022,0.11452189648932311
4E,Tm4,1.0230000000000001,0.11408469055374577
4E,Tm4,1.024,0.11400651465798045
4E,Tm4,1.025,0.11400651465798045
4E,Tm4,1.026,0.11385884907708999
4E,Tm4,1.027,0.11342164314151279
4E,Tm4,1.028,0.1129844372059355
4E,Tm4,1.029,0.11292073832790445
4E,Tm4,1.03,0.11292073832790445
4E,Tm4,1.031,0.11292073832790445
4E,Tm4,1.032,0.11292073832790445
4E,Tm4,1.033,0.11292073832790445
4E,Tm4,1.034,0.1125327542526239
4E,Tm4,1.035,0.11209554831704667
4E,Tm4,1.036,0.11183496199782844
4E,Tm4,1.037,0.11183496199782844
4E,Tm4,1.038,0.11183496199782844
4E,Tm4,1.039,0.11143250090481353
4E,Tm4,1.04,0.11099529496923621
4E,Tm4,1.041,0.11074918566775244
4E,Tm4,1.042,0.11074918566775244
4E,Tm4,1.043,0.11074918566775244
4E,Tm4,1.044,0.11074918566775244
4E,Tm4,1.045,0.11074918566775244
4E,Tm4,1.046,0.11054361201592462
4E,Tm4,1.047,0.11010640608034743
4E,Tm4,1.048,0.10966920014477013
4E,Tm4,1.049,0.10966340933767643
4E,Tm4,1.05,0.10966340933767643
4E,Tm4,1.051,0.10966340933767643
4E,Tm4,1.052,0.10966340933767643
4E,Tm4,1.053,0.10966340933767643
4E,Tm4,1.054,0.10966340933767643
4E,Tm4,1.055,0.10966340933767643
4E,Tm4,1.056,0.10942888165037991
4E,Tm4,1.057,0.10899167571480271
4E,Tm4,1.058,0.10857763300760044
4E,Tm4,1.059,0.10857763300760044
4E,Tm4,1.06,0.10857763300760044
4E,Tm4,1.061,0.10832862830256965
4E,Tm4,1.062,0.10789142236699235
4E,Tm4,1.063,0.10749185667752444
4E,Tm4,1.064,0.10749185667752444
4E,Tm4,1.065,0.10749185667752444
4E,Tm4,1.066,0.10749185667752444
4E,Tm4,1.067,0.10749185667752444
4E,Tm4,1.068,0.10749185667752444
4E,Tm4,1.069,0.10749185667752444
4E,Tm4,1.07,0.10749185667752444
4E,Tm4,1.071,0.10721389793702489
4E,Tm4,1.072,0.10677669200144756
4E,Tm4,1.073,0.10640608034744843
4E,Tm4,1.074,0.10640608034744843
4E,Tm4,1.075,0.10640608034744843
4E,Tm4,1.076,0.10640608034744843
4E,Tm4,1.077,0.10640608034744843
4E,Tm4,1.078,0.10632500904813606
4E,Tm4,1.079,0.10588780311255883
4E,Tm4,1.08,0.10545059717698149
4E,Tm4,1.081,0.10532030401737243
4E,Tm4,1.082,0.10532030401737243
4E,Tm4,1.083,0.10532030401737243
4E,Tm4,1.084,0.10532030401737243
4E,Tm4,1.085,0.10532030401737243
4E,Tm4,1.086,0.1049989142236698
4E,Tm4,1.087,0.10456170828809257
4E,Tm4,1.088,0.10423452768729642
4E,Tm4,1.089,0.10423452768729642
4E,Tm4,1.09,0.10423452768729642
4E,Tm4,1.091,0.10423452768729642
4E,Tm4,1.092,0.10423452768729642
4E,Tm4,1.093,0.10411002533478098
4E,Tm4,1.094,0.10367281939920368
4E,Tm4,1.095,0.10323561346362649
4E,Tm4,1.096,0.10314875135722042
4E,Tm4,1.097,0.10314875135722042
4E,Tm4,1.098,0.1030097719869706
4E,Tm4,1.099,0.10257256605139337
4E,Tm4,1.1,0.10213536011581603
4E,Tm4,1.101,0.10206297502714441
4E,Tm4,1.102,0.10206297502714441
4E,Tm4,1.103,0.10206297502714441
4E,Tm4,1.104,0.10206297502714441
4E,Tm4,1.105,0.10206297502714441
4E,Tm4,1.106,0.10168367716250443
4E,Tm4,1.107,0.10124647122692719
4E,Tm4,1.108,0.10097719869706841
4E,Tm4,1.109,0.10097719869706841
4E,Tm4,1.11,0.10097719869706841
4E,Tm4,1.111,0.10097719869706841
4E,Tm4,1.112,0.10097719869706841
4E,Tm4,1.113,0.1007947882736156
4E,Tm4,1.114,0.10035758233803826
4E,Tm4,1.115,0.09992037640246103
4E,Tm4,1.116,0.0998914223669924
4E,Tm4,1.117,0.0998914223669924
4E,Tm4,1.118,0.09969453492580513
4E,Tm4,1.119,0.09925732899022789
4E,Tm4,1.12,0.09882012305465057
4E,Tm4,1.121,0.0988056460369164
4E,Tm4,1.122,0.0988056460369164
4E,Tm4,1.123,0.0988056460369164
4E,Tm4,1.124,0.0988056460369164
4E,Tm4,1.125,0.0988056460369164
4E,Tm4,1.1260000000000001,0.09836844010133906
4E,Tm4,1.127,0.09793123416576183
4E,Tm4,1.1280000000000001,0.09771986970684039
4E,Tm4,1.129,0.09771986970684039
4E,Tm4,1.1300000000000001,0.09771986970684039
4E,Tm4,1.131,0.09771986970684039
4E,Tm4,1.1320000000000001,0.09771986970684039
4E,Tm4,1.133,0.09747955121245014
4E,Tm4,1.1340000000000001,0.0970423452768728
4E,Tm4,1.135,0.09663409337676439
4E,Tm4,1.1360000000000001,0.09663409337676439
4E,Tm4,1.137,0.09663409337676439
4E,Tm4,1.1380000000000001,0.09663409337676439
4E,Tm4,1.139,0.09663409337676439
4E,Tm4,1.1400000000000001,0.0965906623235613
4E,Tm4,1.141,0.09615345638798406
4E,Tm4,1.1420000000000001,0.09571625045240673
4E,Tm4,1.143,0.09554831704668838
4E,Tm4,1.1440000000000001,0.09554831704668838
4E,Tm4,1.145,0.09554831704668838
4E,Tm4,1.1460000000000001,0.09554831704668838
4E,Tm4,1.147,0.09554831704668838
4E,Tm4,1.1480000000000001,0.09526456749909504
4E,Tm4,1.149,0.0948273615635178
4E,Tm4,1.1500000000000001,0.09446254071661238
4E,Tm4,1.151,0.09446254071661238
4E,Tm4,1.1520000000000001,0.09446254071661238
4E,Tm4,1.153,0.09416431415128476
4E,Tm4,1.154,0.09372710821570754
4E,Tm4,1.155,0.09337676438653637
4E,Tm4,1.156,0.09337676438653637
4E,Tm4,1.157,0.09337676438653637
4E,Tm4,1.158,0.0930640608034745
4E,Tm4,1.159,0.09262685486789717
4E,Tm4,1.16,0.09229098805646037
4E,Tm4,1.161,0.09229098805646037
4E,Tm4,1.162,0.09229098805646037
4E,Tm4,1.163,0.09196380745566403
4E,Tm4,1.164,0.09152660152008679
4E,Tm4,1.165,0.09120521172638436
4E,Tm4,1.166,0.09120521172638436
4E,Tm4,1.167,0.09120521172638436
4E,Tm4,1.168,0.09086355410785377
4E,Tm4,1.169,0.09042634817227643
4E,Tm4,1.17,0.09011943539630836
4E,Tm4,1.171,0.09011943539630836
4E,Tm4,1.172,0.09011943539630836
4E,Tm4,1.173,0.0897633007600434
4E,Tm4,1.174,0.08932609482446616
4E,Tm4,1.175,0.08903365906623235
4E,Tm4,1.176,0.08903365906623235
4E,Tm4,1.177,0.08903365906623235
4E,Tm4,1.178,0.08903365906623235
4E,Tm4,1.179,0.08903365906623235
4E,Tm4,1.18,0.08887441187115447
4E,Tm4,1.181,0.08843720593557713
4E,Tm4,1.182,0.0879999999999999
4E,Tm4,1.183,0.08794788273615635
4E,Tm4,1.184,0.08794788273615635
4E,Tm4,1.185,0.08777415852334411
4E,Tm4,1.186,0.08733695258776691
4E,Tm4,1.187,0.08689974665218962
4E,Tm4,1.188,0.08686210640608034
4E,Tm4,1.189,0.08686210640608034
4E,Tm4,1.19,0.08667390517553383
4E,Tm4,1.191,0.0862366992399565
4E,Tm4,1.192,0.08579949330437926
4E,Tm4,1.193,0.08577633007600434
4E,Tm4,1.194,0.08577633007600434
4E,Tm4,1.195,0.08557365182772336
4E,Tm4,1.196,0.08513644589214613
4E,Tm4,1.197,0.08469923995656879
4E,Tm4,1.198,0.08469055374592833
4E,Tm4,1.199,0.08469055374592833
4E,Tm4,1.2,0.08469055374592833
4E,Tm4,1.201,0.08469055374592833
4E,Tm4,1.202,0.08468476293883453
4E,Tm4,1.203,0.0842475570032572
4E,Tm4,1.204,0.08381035106767996
4E,Tm4,1.205,0.08360477741585233
4E,Tm4,1.206,0.08360477741585233
4E,Tm4,1.207,0.08360477741585233
4E,Tm4,1.208,0.08360477741585233
4E,Tm4,1.209,0.08360477741585233
4E,Tm4,1.21,0.08335866811436839
4E,Tm4,1.211,0.0829214621787911
4E,Tm4,1.212,0.08251900108577633
4E,Tm4,1.213,0.08251900108577633
4E,Tm4,1.214,0.08251900108577633
4E,Tm4,1.215,0.08251900108577633
4E,Tm4,1.216,0.08251900108577633
4E,Tm4,1.217,0.08246977922547943
4E,Tm4,1.218,0.0820325732899022
4E,Tm4,1.219,0.08159536735432486
4E,Tm4,1.22,0.08143322475570032
4E,Tm4,1.221,0.08143322475570032
4E,Tm4,1.222,0.08143322475570032
4E,Tm4,1.223,0.08143322475570032
4E,Tm4,1.224,0.08143322475570032
4E,Tm4,1.225,0.08143322475570032
4E,Tm4,1.226,0.08143322475570032
4E,Tm4,1.227,0.08143322475570032
4E,Tm4,1.228,0.08143322475570032
4E,Tm4,1.229,0.08143322475570032
4E,Tm4,1.23,0.08143322475570032
4E,Tm4,1.231,0.08143322475570032
4E,Tm4,1.232,0.08143322475570032
4E,Tm4,1.233,0.08143322475570032
4E,Tm4,1.234,0.08143322475570032
4E,Tm4,1.235,0.08143322475570032
4E,Tm4,1.236,0.08143322475570032
4E,Tm4,1.237,0.08143322475570032
4E,Tm4,1.238,0.08143322475570032
4E,Tm4,1.239,0.08143322475570032
4E,Tm4,1.24,0.08143322475570032
4E,Tm4,1.241,0.08143322475570032
4E,Tm4,1.242,0.08143322475570032
4E,Tm4,1.243,0.08143322475570032
4E,Tm4,1.244,0.08143322475570032
4E,Tm4,1.245,0.08143322475570032
4E,Tm4,1.246,0.08143322475570032
4E,Tm4,1.247,0.08143322475570032
4E,Tm4,1.248,0.08143322475570032
4E,Tm4,1.249,0.08143322475570032
4E,Tm4,1.25,0.08143322475570032
4E,Tm4,1.2510000000000001,0.08143322475570032
4E,Tm4,1.252,0.08143322475570032
4E,Tm4,1.2530000000000001,0.08143322475570032
4E,Tm4,1.254,0.08143322475570032
4E,Tm4,1.2550000000000001,0.08143322475570032
4E,Tm4,1.256,0.08143322475570032
4E,Tm4,1.2570000000000001,0.08143322475570032
4E,Tm4,1.258,0.08143322475570032
4E,Tm4,1.2590000000000001,0.08143322475570032
4E,Tm4,1.26,0.08143322475570032
4E,Tm4,1.2610000000000001,0.08143322475570032
4E,Tm4,1.262,0.08143322475570032
4E,Tm4,1.2630000000000001,0.08143322475570032
4E,Tm4,1.264,0.08143322475570032
4E,Tm4,1.2650000000000001,0.08183858125226218
4E,Tm4,1.266,0.08227578718783941
4E,Tm4,1.2670000000000001,0.08251900108577633
4E,Tm4,1.268,0.08251900108577633
4E,Tm4,1.2690000000000001,0.08251900108577633
4E,Tm4,1.27,0.08251900108577633
4E,Tm4,1.2710000000000001,0.08251900108577633
4E,Tm4,1.272,0.08272747014115099
4E,Tm4,1.2730000000000001,0.08316467607672828
4E,Tm4,1.274,0.08360188201230548
4E,Tm4,1.2750000000000001,0.08360477741585233
4E,Tm4,1.276,0.08360477741585233
4E,Tm4,1.2770000000000001,0.08360477741585233
4E,Tm4,1.278,0.08360477741585233
4E,Tm4,1.2790000000000001,0.08360477741585233
4E,Tm4,1.28,0.08360477741585233
4E,Tm4,1.281,0.08360477741585233
4E,Tm4,1.282,0.08360477741585233
4E,Tm4,1.283,0.08360477741585233
4E,Tm4,1.284,0.0836308360477742
4E,Tm4,1.285,0.08406804198335144
4E,Tm4,1.286,0.08450524791892877
4E,Tm4,1.287,0.08469055374592833
4E,Tm4,1.288,0.08469055374592833
4E,Tm4,1.289,0.08469055374592833
4E,Tm4,1.29,0.08469055374592833
4E,Tm4,1.291,0.08469055374592833
4E,Tm4,1.292,0.08495693087224036
4E,Tm4,1.293,0.0853941368078176
4E,Tm4,1.294,0.08577633007600434
4E,Tm4,1.295,0.08577633007600434
4E,Tm4,1.296,0.08577633007600434
4E,Tm4,1.297,0.08577633007600434
4E,Tm4,1.298,0.08577633007600434
4E,Tm4,1.299,0.08577633007600434
4E,Tm4,1.3,0.08577633007600434
4E,Tm4,1.301,0.08577633007600434
4E,Tm4,1.302,0.08577633007600434
4E,Tm4,1.303,0.08577633007600434
4E,Tm4,1.304,0.08586029677886366
4E,Tm4,1.305,0.08629750271444085
4E,Tm4,1.306,0.08673470865001814
4E,Tm4,1.307,0.08686210640608034
4E,Tm4,1.308,0.08686210640608034
4E,Tm4,1.309,0.08686210640608034
4E,Tm4,1.31,0.08686210640608034
4E,Tm4,1.311,0.08686210640608034
4E,Tm4,1.312,0.08718639160332983
4E,Tm4,1.313,0.08762359753890706
4E,Tm4,1.314,0.08794788273615635
4E,Tm4,1.315,0.08794788273615635
4E,Tm4,1.316,0.08794788273615635
4E,Tm4,1.317,0.08794788273615635
4E,Tm4,1.318,0.08794788273615635
4E,Tm4,1.319,0.08794788273615635
4E,Tm4,1.32,0.08794788273615635
4E,Tm4,1.321,0.08794788273615635
4E,Tm4,1.322,0.08830112196887446
4E,Tm4,1.323,0.0887383279044517
4E,Tm4,1.324,0.08903365906623235
4E,Tm4,1.325,0.08903365906623235
4E,Tm4,1.326,0.08903365906623235
4E,Tm4,1.327,0.08903365906623235
4E,Tm4,1.328,0.08903365906623235
4E,Tm4,1.329,0.08919001085776337
4E,Tm4,1.33,0.08962721679334067
4E,Tm4,1.331,0.09006442272891786
4E,Tm4,1.332,0.09011943539630836
4E,Tm4,1.333,0.09011943539630836
4E,Tm4,1.334,0.09011943539630836
4E,Tm4,1.335,0.09011943539630836
4E,Tm4,1.336,0.09011943539630836
4E,Tm4,1.337,0.09011943539630836
4E,Tm4,1.338,0.09011943539630836
4E,Tm4,1.339,0.09030474122330802
4E,Tm4,1.34,0.09074194715888535
4E,Tm4,1.341,0.09117915309446259
4E,Tm4,1.342,0.09120521172638436
4E,Tm4,1.343,0.09120521172638436
4E,Tm4,1.344,0.09120521172638436
4E,Tm4,1.345,0.09120521172638436
4E,Tm4,1.346,0.09120521172638436
4E,Tm4,1.347,0.09120521172638436
4E,Tm4,1.348,0.09120521172638436
4E,Tm4,1.349,0.09141947158885275
4E,Tm4,1.35,0.09185667752443008
4E,Tm4,1.351,0.09229098805646037
4E,Tm4,1.352,0.09229098805646037
4E,Tm4,1.353,0.09229098805646037
4E,Tm4,1.354,0.09229098805646037
4E,Tm4,1.355,0.09229098805646037
4E,Tm4,1.356,0.09229098805646037
4E,Tm4,1.357,0.09229098805646037
4E,Tm4,1.358,0.09229098805646037
4E,Tm4,1.359,0.09229098805646037
4E,Tm4,1.36,0.09229098805646037
4E,Tm4,1.361,0.09229098805646037
4E,Tm4,1.362,0.09229098805646037
4E,Tm4,1.363,0.09229098805646037
4E,Tm4,1.364,0.09229098805646037
4E,Tm4,1.365,0.09229098805646037
4E,Tm4,1.366,0.09229098805646037
4E,Tm4,1.367,0.09229098805646037
4E,Tm4,1.368,0.09229098805646037
4E,Tm4,1.369,0.09229098805646037
4E,Tm4,1.37,0.09229098805646037
4E,Tm4,1.371,0.09235179153094467
4E,Tm4,1.372,0.092788997466522
4E,Tm4,1.373,0.09322620340209924
4E,Tm4,1.374,0.09337676438653637
4E,Tm4,1.375,0.09337676438653637
4E,Tm4,1.3760000000000001,0.09337676438653637
4E,Tm4,1.377,0.09337676438653637
4E,Tm4,1.3780000000000001,0.09337676438653637
4E,Tm4,1.379,0.09337676438653637
4E,Tm4,1.3800000000000001,0.09337676438653637
4E,Tm4,1.381,0.09337676438653637
4E,Tm4,1.3820000000000001,0.09337676438653637
4E,Tm4,1.383,0.09337676438653637
4E,Tm4,1.3840000000000001,0.0936923633731452
4E,Tm4,1.385,0.09412956930872243
4E,Tm4,1.3860000000000001,0.09446254071661238
4E,Tm4,1.387,0.09446254071661238
4E,Tm4,1.3880000000000001,0.09446254071661238
4E,Tm4,1.389,0.09446254071661238
4E,Tm4,1.3900000000000001,0.09446254071661238
4E,Tm4,1.391,0.09446254071661238
4E,Tm4,1.3920000000000001,0.09446254071661238
4E,Tm4,1.393,0.09446254071661238
4E,Tm4,1.3940000000000001,0.09446254071661238
4E,Tm4,1.395,0.09446254071661238
4E,Tm4,1.3960000000000001,0.09446254071661238
4E,Tm4,1.397,0.09446254071661238
4E,Tm4,1.3980000000000001,0.09446254071661238
4E,Tm4,1.399,0.09446254071661238
4E,Tm4,1.4000000000000001,0.09446254071661238
4E,Tm4,1.401,0.09446254071661238
4E,Tm4,1.4020000000000001,0.09446254071661238
4E,Tm4,1.403,0.09446254071661238
4E,Tm4,1.4040000000000001,0.09483604777415865
4E,Tm4,1.405,0.09527325370973588
4E,Tm4,1.4060000000000001,0.09554831704668838
4E,Tm4,1.407,0.09554831704668838
4E,Tm4,1.408,0.09554831704668838
4E,Tm4,1.409,0.09554831704668838
4E,Tm4,1.41,0.09554831704668838
4E,Tm4,1.411,0.09572493666304749
4E,Tm4,1.412,0.09616214259862473
4E,Tm4,1.413,0.09659934853420206
4E,Tm4,1.414,0.09663409337676439
4E,Tm4,1.415,0.09663409337676439
4E,Tm4,1.416,0.09663409337676439
4E,Tm4,1.417,0.09663409337676439
4E,Tm4,1.418,0.09663409337676439
4E,Tm4,1.419,0.09663409337676439
4E,Tm4,1.42,0.09663409337676439
4E,Tm4,1.421,0.09663409337676439
4E,Tm4,1.422,0.09663409337676439
4E,Tm4,1.423,0.09663409337676439
4E,Tm4,1.424,0.09663409337676439
4E,Tm4,1.425,0.09663409337676439
4E,Tm4,1.426,0.09663409337676439
4E,Tm4,1.427,0.09663409337676439
4E,Tm4,1.428,0.09663409337676439
4E,Tm4,1.429,0.09663409337676439
4E,Tm4,1.43,0.09663409337676439
4E,Tm4,1.431,0.09663409337676439
4E,Tm4,1.432,0.09663409337676439
4E,Tm4,1.433,0.09663409337676439
4E,Tm4,1.434,0.09663409337676439
4E,Tm4,1.435,0.09663409337676439
4E,Tm4,1.436,0.09663409337676439
4E,Tm4,1.437,0.09663409337676439
4E,Tm4,1.438,0.09663409337676439
4E,Tm4,1.439,0.09663409337676439
4E,Tm4,1.44,0.09663409337676439
4E,Tm4,1.441,0.09663409337676439
4E,Tm4,1.442,0.09663409337676439
4E,Tm4,1.443,0.09663409337676439
4E,Tm4,1.444,0.09663409337676439
4E,Tm4,1.445,0.09663409337676439
4E,Tm4,1.446,0.09663409337676439
4E,Tm4,1.447,0.09663409337676439
4E,Tm4,1.448,0.09663409337676439
4E,Tm4,1.449,0.09663409337676439
4E,Tm4,1.45,0.09663409337676439
4E,Tm4,1.451,0.09663409337676439
4E,Tm4,1.452,0.09663409337676439
4E,Tm4,1.453,0.09663409337676439
4E,Tm4,1.454,0.09663409337676439
4E,Tm4,1.455,0.09663409337676439
4E,Tm4,1.456,0.09663409337676439
4E,Tm4,1.457,0.09663409337676439
4E,Tm4,1.458,0.09663409337676439
4E,Tm4,1.459,0.09663409337676439
4E,Tm4,1.46,0.09663409337676439
4E,Tm4,1.461,0.09631270358306179
4E,Tm4,1.462,0.0958754976474846
4E,Tm4,1.463,0.09554831704668838
4E,Tm4,1.464,0.09554831704668838
4E,Tm4,1.465,0.09554831704668838
4E,Tm4,1.466,0.09554831704668838
4E,Tm4,1.467,0.09554831704668838
4E,Tm4,1.468,0.09554831704668838
4E,Tm4,1.469,0.09554831704668838
4E,Tm4,1.47,0.09554831704668838
4E,Tm4,1.471,0.09519797321751707
4E,Tm4,1.472,0.09476076728193987
4E,Tm4,1.473,0.09446254071661238
4E,Tm4,1.474,0.09446254071661238
4E,Tm4,1.475,0.09446254071661238
4E,Tm4,1.476,0.09446254071661238
4E,Tm4,1.477,0.09446254071661238
4E,Tm4,1.478,0.09446254071661238
4E,Tm4,1.479,0.09446254071661238
4E,Tm4,1.48,0.09446254071661238
4E,Tm4,1.481,0.09446254071661238
4E,Tm4,1.482,0.09446254071661238
4E,Tm4,1.483,0.09446254071661238
4E,Tm4,1.484,0.09446254071661238
4E,Tm4,1.485,0.09446254071661238
4E,Tm4,1.486,0.09406876583423807
4E,Tm4,1.487,0.09363155989866077
4E,Tm4,1.488,0.09337676438653637
4E,Tm4,1.489,0.09337676438653637
4E,Tm4,1.49,0.09337676438653637
4E,Tm4,1.491,0.09337676438653637
4E,Tm4,1.492,0.09337676438653637
4E,Tm4,1.493,0.09337676438653637
4E,Tm4,1.494,0.09337676438653637
4E,Tm4,1.495,0.09337676438653637
4E,Tm4,1.496,0.09337676438653637
4E,Tm4,1.497,0.09337676438653637
4E,Tm4,1.498,0.09316539992761484
4E,Tm4,1.499,0.09272819399203751
4E,Tm4,1.5,0.09229098805646037
4E,Tm4,1.5010000000000001,0.09229098805646037
4E,Tm4,1.502,0.09229098805646037
4E,Tm4,1.5030000000000001,0.09229098805646037
4E,Tm4,1.504,0.09229098805646037
4E,Tm4,1.5050000000000001,0.09229098805646037
4E,Tm4,1.506,0.09229098805646037
4E,Tm4,1.5070000000000001,0.09229098805646037
4E,Tm4,1.508,0.09229098805646037
4E,Tm4,1.5090000000000001,0.09229098805646037
4E,Tm4,1.51,0.09229098805646037
4E,Tm4,1.5110000000000001,0.09229098805646037
4E,Tm4,1.512,0.09229098805646037
4E,Tm4,1.5130000000000001,0.09229098805646037
4E,Tm4,1.514,0.09229098805646037
4E,Tm4,1.5150000000000001,0.09229098805646037
4E,Tm4,1.516,0.09229098805646037
4E,Tm4,1.5170000000000001,0.09229098805646037
4E,Tm4,1.518,0.0920217155266014
4E,Tm4,1.5190000000000001,0.09158450959102411
4E,Tm4,1.52,0.09120521172638436
4E,Tm4,1.5210000000000001,0.09120521172638436
4E,Tm4,1.522,0.09120521172638436
4E,Tm4,1.5230000000000001,0.09120521172638436
4E,Tm4,1.524,0.09120521172638436
4E,Tm4,1.5250000000000001,0.09113282663771255
4E,Tm4,1.526,0.09069562070213531
4E,Tm4,1.5270000000000001,0.09025841476655798
4E,Tm4,1.528,0.09011943539630836
4E,Tm4,1.5290000000000001,0.09011943539630836
4E,Tm4,1.53,0.09011943539630836
4E,Tm4,1.5310000000000001,0.09011943539630836
4E,Tm4,1.532,0.09011943539630836
4E,Tm4,1.5330000000000001,0.09011943539630836
4E,Tm4,1.534,0.09011943539630836
4E,Tm4,1.5350000000000001,0.09001809627216782
4E,Tm4,1.536,0.08958089033659059
4E,Tm4,1.537,0.08914368440101335
4E,Tm4,1.538,0.08903365906623235
4E,Tm4,1.539,0.08903365906623235
4E,Tm4,1.54,0.08891784292435746
4E,Tm4,1.541,0.08848063698878027
4E,Tm4,1.542,0.08804343105320298
4E,Tm4,1.543,0.08794788273615635
4E,Tm4,1.544,0.08794788273615635
4E,Tm4,1.545,0.08781758957654719
4E,Tm4,1.546,0.08738038364096985
4E,Tm4,1.547,0.08694317770539262
4E,Tm4,1.548,0.08686210640608034
4E,Tm4,1.549,0.08686210640608034
4E,Tm4,1.55,0.08671733622873681
4E,Tm4,1.551,0.08628013029315958
4E,Tm4,1.552,0.08584292435758226
4E,Tm4,1.553,0.08577633007600434
4E,Tm4,1.554,0.08577633007600434
4E,Tm4,1.555,0.08561708288092647
4E,Tm4,1.556,0.08517987694534918
4E,Tm4,1.557,0.08474267100977198
4E,Tm4,1.558,0.08469055374592833
4E,Tm4,1.559,0.08469055374592833
4E,Tm4,1.56,0.08451682953311608
4E,Tm4,1.561,0.08407962359753884
4E,Tm4,1.562,0.08364241766196151
4E,Tm4,1.563,0.08320521172638429
4E,Tm4,1.564,0.08276800579080695
4E,Tm4,1.565,0.08251900108577633
4E,Tm4,1.566,0.08251900108577633
4E,Tm4,1.567,0.08251900108577633
4E,Tm4,1.568,0.08210495837857391
4E,Tm4,1.569,0.08166775244299668
4E,Tm4,1.57,0.08123054650741936
4E,Tm4,1.571,0.08079334057184216
4E,Tm4,1.572,0.08035613463626487
4E,Tm4,1.573,0.08034744842562432
4E,Tm4,1.574,0.08034744842562432
4E,Tm4,1.575,0.08013029315960908
4E,Tm4,1.576,0.07969308722403175
4E,Tm4,1.577,0.07925588128845451
4E,Tm4,1.578,0.07881867535287718
4E,Tm4,1.579,0.07838146941729994
4E,Tm4,1.58,0.0781758957654723
4E,Tm4,1.581,0.0781758957654723
4E,Tm4,1.582,0.07815562794064414
4E,Tm4,1.583,0.07771842200506691
4E,Tm4,1.584,0.07728121606948958
4E,Tm4,1.585,0.07684401013391234
4E,Tm4,1.586,0.07640680419833502
4E,Tm4,1.587,0.07600434310532031
4E,Tm4,1.588,0.07600434310532031
4E,Tm4,1.589,0.07600434310532031
4E,Tm4,1.59,0.07574375678610198
4E,Tm4,1.591,0.07530655085052475
4E,Tm4,1.592,0.07486934491494741
4E,Tm4,1.593,0.07443213897937018
4E,Tm4,1.594,0.07399493304379284
4E,Tm4,1.595,0.0738327904451683
4E,Tm4,1.596,0.0738327904451683
4E,Tm4,1.597,0.07376909156713715
4E,Tm4,1.598,0.07333188563155982
4E,Tm4,1.599,0.07289467969598258
4E,Tm4,1.6,0.07245747376040525
4E,Tm4,1.601,0.07202026782482801
4E,Tm4,1.602,0.07166123778501629
4E,Tm4,1.603,0.07166123778501629
4E,Tm4,1.604,0.07166123778501629
4E,Tm4,1.605,0.07135722041259497
4E,Tm4,1.606,0.07092001447701764
4E,Tm4,1.607,0.0704828085414404
4E,Tm4,1.608,0.07004560260586308
4E,Tm4,1.609,0.06960839667028584
4E,Tm4,1.61,0.06948968512486428
4E,Tm4,1.611,0.06948968512486428
4E,Tm4,1.612,0.06938255519363004
4E,Tm4,1.613,0.0689453492580528
4E,Tm4,1.614,0.06850814332247547
4E,Tm4,1.615,0.06807093738689823
4E,Tm4,1.616,0.0676337314513209
4E,Tm4,1.617,0.06731813246471227
4E,Tm4,1.618,0.06731813246471227
4E,Tm4,1.619,0.06731813246471227
4E,Tm4,1.62,0.06662323561346346
4E,Tm4,1.621,0.06574882374230899
4E,Tm4,1.622,0.06514657980456026
4E,Tm4,1.623,0.06514657980456026
4E,Tm4,1.624,0.06514657980456026
4E,Tm4,1.625,0.06514657980456026
4E,Tm4,1.6260000000000001,0.06514657980456026
4E,Tm4,1.627,0.06484545783568563
4E,Tm4,1.6280000000000001,0.06397104596453104
4E,Tm4,1.629,0.06309663409337665
4E,Tm4,1.6300000000000001,0.06297502714440825
4E,Tm4,1.631,0.06297502714440825
4E,Tm4,1.6320000000000001,0.06280998914223657
4E,Tm4,1.633,0.06237278320665932
4E,Tm4,1.6340000000000001,0.061935577271081996
4E,Tm4,1.635,0.061498371335504794
4E,Tm4,1.6360000000000001,0.0610611653999275
4E,Tm4,1.637,0.06080347448425624
4E,Tm4,1.6380000000000001,0.06080347448425624
4E,Tm4,1.639,0.06080347448425624
4E,Tm4,1.6400000000000001,0.06039811798769439
4E,Tm4,1.641,0.059960912052117156
4E,Tm4,1.6420000000000001,0.05952370611653984
4E,Tm4,1.643,0.05908650018096264
4E,Tm4,1.6440000000000001,0.05864929424538535
4E,Tm4,1.645,0.05863192182410423
4E,Tm4,1.6460000000000001,0.05863192182410423
4E,Tm4,1.647,0.05842345276872955
4E,Tm4,1.6480000000000001,0.05798624683315222
4E,Tm4,1.649,0.05754904089757498
4E,Tm4,1.6500000000000001,0.05711183496199769
4E,Tm4,1.651,0.056674629026420495
4E,Tm4,1.6520000000000001,0.05646036916395222
4E,Tm4,1.653,0.05646036916395222
4E,Tm4,1.6540000000000001,0.056448787549764616
4E,Tm4,1.655,0.05601158161418738
4E,Tm4,1.6560000000000001,0.055574375678610045
4E,Tm4,1.657,0.05537459283387622
4E,Tm4,1.6580000000000001,0.05537459283387622
4E,Tm4,1.659,0.05534853420195435
4E,Tm4,1.6600000000000001,0.05491132826637702
4E,Tm4,1.661,0.05447412233079978
4E,Tm4,1.6620000000000001,0.05428881650380022
4E,Tm4,1.663,0.05428881650380022
4E,Tm4,1.6640000000000001,0.054126673905174914
4E,Tm4,1.665,0.05237785016286613
4E,Tm4,1.666,0.05062902642055734
4E,Tm4,1.667,0.04941295693087214
4E,Tm4,1.668,0.048538545059717664
4E,Tm4,1.669,0.04777415852334419
4E,Tm4,1.67,0.04777415852334419
4E,Tm4,1.671,0.04777415852334419
4E,Tm4,1.672,0.04777415852334419
4E,Tm4,1.673,0.04777415852334419
4E,Tm4,1.674,0.04770466883821933
4E,Tm4,1.675,0.047267462902642
4E,Tm4,1.676,0.04683025696706476
4E,Tm4,1.677,0.04668838219326819
4E,Tm4,1.678,0.04668838219326819
4E,Tm4,1.679,0.04668838219326819
4E,Tm4,1.68,0.04668838219326819
4E,Tm4,1.681,0.04668838219326819
4E,Tm4,1.682,0.04668838219326819
4E,Tm4,1.683,0.04668838219326819
4E,Tm4,1.684,0.0465899384726746
4E,Tm4,1.685,0.04615273253709727
4E,Tm4,1.686,0.045715526601520035
4E,Tm4,1.687,0.04592689106044166
4E,Tm4,1.688,0.0463640969960189
4E,Tm4,1.689,0.04668838219326819
4E,Tm4,1.69,0.04668838219326819
4E,Tm4,1.691,0.04668838219326819
4E,Tm4,1.692,0.04634961997828444
4E,Tm4,1.693,0.04591241404270711
4E,Tm4,1.694,0.04560260586319218
4E,Tm4,1.695,0.04560260586319218
4E,Tm4,1.696,0.04560260586319218
4E,Tm4,1.697,0.046309084328628534
4E,Tm4,1.698,0.047183496199782925
4E,Tm9,0.0,-0.003253956087501048
4E,Tm9,0.001,-0.003253956087501048
4E,Tm9,0.002,-0.003253956087501048
4E,Tm9,0.003,-0.003253956087501048
4E,Tm9,0.004,-0.003253956087501048
4E,Tm9,0.005,-0.003253956087501048
4E,Tm9,0.006,-0.003253956087501048
4E,Tm9,0.007,-0.003253956087501048
4E,Tm9,0.008,-0.003253956087501048
4E,Tm9,0.009000000000000001,-0.003253956087501048
4E,Tm9,0.01,-0.003282880141612196
4E,Tm9,0.011,-0.0037196333586901266
4E,Tm9,0.012,-0.004156386575768058
4E,Tm9,0.013000000000000001,-0.004338608116668065
4E,Tm9,0.014,-0.004338608116668065
4E,Tm9,0.015,-0.004381994197834737
4E,Tm9,0.016,-0.004818747414912668
4E,Tm9,0.017,-0.005255500631990599
4E,Tm9,0.018000000000000002,-0.00542326014583508
4E,Tm9,0.019,-0.00542326014583508
4E,Tm9,0.02,-0.005365412037612785
4E,Tm9,0.021,-0.004928658820534854
4E,Tm9,0.022,-0.004491905603456924
4E,Tm9,0.023,-0.004338608116668065
4E,Tm9,0.024,-0.004338608116668065
4E,Tm9,0.025,-0.004338608116668065
4E,Tm9,0.026000000000000002,-0.004338608116668065
4E,Tm9,0.027,-0.004338608116668065
4E,Tm9,0.028,-0.004338608116668065
4E,Tm9,0.029,-0.004338608116668065
4E,Tm9,0.03,-0.004338608116668065
4E,Tm9,0.031,-0.004338608116668065
4E,Tm9,0.032,-0.004338608116668065
4E,Tm9,0.033,-0.004026228332267941
4E,Tm9,0.034,-0.00358947511519001
4E,Tm9,0.035,-0.003253956087501048
4E,Tm9,0.036000000000000004,-0.003253956087501048
4E,Tm9,0.037,-0.003253956087501048
4E,Tm9,0.038,-0.003253956087501048
4E,Tm9,0.039,-0.003253956087501048
4E,Tm9,0.04,-0.003253956087501048
4E,Tm9,0.041,-0.003253956087501048
4E,Tm9,0.042,-0.003253956087501048
4E,Tm9,0.043000000000000003,-0.003253956087501048
4E,Tm9,0.044,-0.003253956087501048
4E,Tm9,0.045,-0.003253956087501048
4E,Tm9,0.046,-0.003253956087501048
4E,Tm9,0.047,-0.003253956087501048
4E,Tm9,0.048,-0.003253956087501048
4E,Tm9,0.049,-0.003253956087501048
4E,Tm9,0.05,-0.003253956087501048
4E,Tm9,0.051000000000000004,-0.003253956087501048
4E,Tm9,0.052000000000000005,-0.003253956087501048
4E,Tm9,0.053,-0.003253956087501048
4E,Tm9,0.054,-0.003253956087501048
4E,Tm9,0.055,-0.003253956087501048
4E,Tm9,0.056,-0.003253956087501048
4E,Tm9,0.057,-0.003253956087501048
4E,Tm9,0.058,-0.003253956087501048
4E,Tm9,0.059000000000000004,-0.003253956087501048
4E,Tm9,0.06,-0.003253956087501048
4E,Tm9,0.061,-0.003253956087501048
4E,Tm9,0.062,-0.003253956087501048
4E,Tm9,0.063,-0.0036531080342345167
4E,Tm9,0.064,-0.0040898612513124485
4E,Tm9,0.065,-0.004338608116668065
4E,Tm9,0.066,-0.004338608116668065
4E,Tm9,0.067,-0.004338608116668065
4E,Tm9,0.068,-0.004338608116668065
4E,Tm9,0.069,-0.004338608116668065
4E,Tm9,0.07,-0.0047435448742239065
4E,Tm9,0.07100000000000001,-0.00561705130837969
4E,Tm9,0.07200000000000001,-0.006490557742535475
4E,Tm9,0.073,-0.006507912175002096
4E,Tm9,0.074,-0.006507912175002096
4E,Tm9,0.075,-0.006724842580835557
4E,Tm9,0.076,-0.007161595797913488
4E,Tm9,0.077,-0.007592564204169113
4E,Tm9,0.078,-0.007592564204169113
4E,Tm9,0.079,-0.007592564204169113
4E,Tm9,0.08,-0.008055349069947086
4E,Tm9,0.081,-0.00892885550410295
4E,Tm9,0.082,-0.009782115100380979
4E,Tm9,0.083,-0.01021886831745891
4E,Tm9,0.084,-0.01065562153453684
4E,Tm9,0.085,-0.01109237475161475
4E,Tm9,0.08600000000000001,-0.011529127968692642
4E,Tm9,0.08700000000000001,-0.011965881185770537
4E,Tm9,0.088,-0.012402634402848464
4E,Tm9,0.089,-0.012839387619926394
4E,Tm9,0.09,-0.013536457324004459
4E,Tm9,0.091,-0.01440996375816032
4E,Tm9,0.092,-0.01533264108430515
4E,Tm9,0.093,-0.016642900735538826
4E,Tm9,0.094,-0.017953160386772502
4E,Tm9,0.095,-0.019263420038006254
4E,Tm9,0.096,-0.020573679689240048
4E,Tm9,0.097,-0.022202103935696375
4E,Tm9,0.098,-0.025696129672319823
4E,Tm9,0.099,-0.02919015540894327
4E,Tm9,0.1,-0.031237978440010226
4E,Tm9,0.101,-0.0325482380912439
4E,Tm9,0.10200000000000001,-0.033936592688577634
4E,Tm9,0.10300000000000001,-0.035683605556889354
4E,Tm9,0.10400000000000001,-0.03743061842520108
4E,Tm9,0.105,-0.03917763129351278
4E,Tm9,0.106,-0.04092464416182451
4E,Tm9,0.107,-0.0426716570301362
4E,Tm9,0.108,-0.04441866989844777
4E,Tm9,0.109,-0.046165682766759336
4E,Tm9,0.11,-0.04886718942073802
4E,Tm9,0.111,-0.05192446194028354
4E,Tm9,0.112,-0.05487471545961788
4E,Tm9,0.113,-0.05749523476208546
4E,Tm9,0.114,-0.06011575406455305
4E,Tm9,0.115,-0.06273627336702046
4E,Tm9,0.116,-0.06535679266948782
4E,Tm9,0.117,-0.06809879299922195
4E,Tm9,0.11800000000000001,-0.07115606551876746
4E,Tm9,0.11900000000000001,-0.07421333803831298
4E,Tm9,0.12,-0.07692352190852499
4E,Tm9,0.121,-0.07954404121099257
4E,Tm9,0.122,-0.08216456051346016
4E,Tm9,0.123,-0.08478507981592774
4E,Tm9,0.124,-0.08740559911839534
4E,Tm9,0.125,-0.09111077045002992
4E,Tm9,0.126,-0.09504154940373097
4E,Tm9,0.127,-0.09927313852018782
4E,Tm9,0.128,-0.10407742390804506
4E,Tm9,0.129,-0.10888170929590231
4E,Tm9,0.13,-0.11330998198031493
4E,Tm9,0.131,-0.11767751415109423
4E,Tm9,0.132,-0.12204504632187341
4E,Tm9,0.133,-0.1264125784926523
4E,Tm9,0.134,-0.13078011066343126
4E,Tm9,0.135,-0.13514764283421052
4E,Tm9,0.136,-0.13951517500498983
4E,Tm9,0.137,-0.14406203631125813
4E,Tm9,0.138,-0.1488663216991154
4E,Tm9,0.139,-0.15367060708697264
4E,Tm9,0.14,-0.15968970274749672
4E,Tm9,0.14100000000000001,-0.16580424778658723
4E,Tm9,0.14200000000000002,-0.17211258398822246
4E,Tm9,0.14300000000000002,-0.17866388224439142
4E,Tm9,0.14400000000000002,-0.18521518050056043
4E,Tm9,0.145,-0.1921858775413405
4E,Tm9,0.146,-0.19917392901458741
4E,Tm9,0.147,-0.20637023367743412
4E,Tm9,0.148,-0.21379503836775832
4E,Tm9,0.149,-0.22121984305808245
4E,Tm9,0.15,-0.2286446477484073
4E,Tm9,0.151,-0.23606945243873212
4E,Tm9,0.152,-0.24327154191240127
4E,Tm9,0.153,-0.2502595933856482
4E,Tm9,0.154,-0.25725921448053957
4E,Tm9,0.155,-0.26468401917086376
4E,Tm9,0.156,-0.2721088238611879
4E,Tm9,0.157,-0.2797708057952236
4E,Tm9,0.158,-0.28763236370262635
4E,Tm9,0.159,-0.29549392161002913
4E,Tm9,0.16,-0.30335547951743197
4E,Tm9,0.161,-0.3112170374248347
4E,Tm9,0.162,-0.3195818738737707
4E,Tm9,0.163,-0.3283169382153285
4E,Tm9,0.164,-0.33705200255688644
4E,Tm9,0.165,-0.3457870668984451
4E,Tm9,0.166,-0.3545221312400037
4E,Tm9,0.167,-0.36299109428373993
4E,Tm9,0.168,-0.37128940540822064
4E,Tm9,0.169,-0.37958771653270124
4E,Tm9,0.17,-0.38788602765718116
4E,Tm9,0.171,-0.39618433878166115
4E,Tm9,0.17200000000000001,-0.40476321323101944
4E,Tm9,0.17300000000000001,-0.41349827757257807
4E,Tm9,0.17400000000000002,-0.42223334191413675
4E,Tm9,0.17500000000000002,-0.4309684062556954
4E,Tm9,0.176,-0.43970347059725373
4E,Tm9,0.177,-0.44843853493881236
4E,Tm9,0.178,-0.457173599280371
4E,Tm9,0.179,-0.46590866362192945
4E,Tm9,0.18,-0.4746437279634873
4E,Tm9,0.181,-0.4833787923050451
4E,Tm9,0.182,-0.49211385664660345
4E,Tm9,0.183,-0.5008489209881621
4E,Tm9,0.184,-0.5095839853297207
4E,Tm9,0.185,-0.5183190496712795
4E,Tm9,0.186,-0.5270541140128381
4E,Tm9,0.187,-0.5357891783543961
4E,Tm9,0.188,-0.5445242426959539
4E,Tm9,0.189,-0.5532593070375119
4E,Tm9,0.19,-0.5619943713790706
4E,Tm9,0.191,-0.5707294357206293
4E,Tm9,0.192,-0.5791260886290878
4E,Tm9,0.193,-0.5874243997535684
4E,Tm9,0.194,-0.5955954450399598
4E,Tm9,0.195,-0.6034570029473619
4E,Tm9,0.196,-0.611318560854764
4E,Tm9,0.197,-0.6191801187621666
4E,Tm9,0.198,-0.6270416766695693
4E,Tm9,0.199,-0.6349032345769721
4E,Tm9,0.2,-0.6427647924843748
4E,Tm9,0.201,-0.6506263503917775
4E,Tm9,0.202,-0.658855243786391
4E,Tm9,0.203,-0.6671535549108711
4E,Tm9,0.20400000000000001,-0.6752956761431513
4E,Tm9,0.20500000000000002,-0.6831572340505541
4E,Tm9,0.20600000000000002,-0.6910187919579568
4E,Tm9,0.20700000000000002,-0.6984985523510927
4E,Tm9,0.20800000000000002,-0.7059233570414175
4E,Tm9,0.209,-0.713348161731742
4E,Tm9,0.21,-0.720772966422066
4E,Tm9,0.211,-0.7281977711123901
4E,Tm9,0.212,-0.7352263162613926
4E,Tm9,0.213,-0.7422143677346394
4E,Tm9,0.214,-0.7492024192078863
4E,Tm9,0.215,-0.7561904706811332
4E,Tm9,0.216,-0.7631785221543802
4E,Tm9,0.217,-0.7693451304908706
4E,Tm9,0.218,-0.7754596755299612
4E,Tm9,0.219,-0.7815742205690519
4E,Tm9,0.22,-0.7876887656081429
4E,Tm9,0.221,-0.793803310647234
4E,Tm9,0.222,-0.7999178556863249
4E,Tm9,0.223,-0.8060324007254159
4E,Tm9,0.224,-0.8121469457645071
4E,Tm9,0.225,-0.818261490803598
4E,Tm9,0.226,-0.8243673586264555
4E,Tm9,0.227,-0.8291716440143124
4E,Tm9,0.228,-0.8339759294021691
4E,Tm9,0.229,-0.8387802147900262
4E,Tm9,0.23,-0.8435845001778834
4E,Tm9,0.231,-0.8483887855657406
4E,Tm9,0.232,-0.853193070953598
4E,Tm9,0.233,-0.8579973563414551
4E,Tm9,0.234,-0.8628016417293122
4E,Tm9,0.23500000000000001,-0.867605927117169
4E,Tm9,0.23600000000000002,-0.8724420289645481
4E,Tm9,0.23700000000000002,-0.8776830675694833
4E,Tm9,0.23800000000000002,-0.8829241061744185
4E,Tm9,0.23900000000000002,-0.8884225688609427
4E,Tm9,0.24,-0.8941003606829556
4E,Tm9,0.241,-0.8997318740183908
4E,Tm9,0.242,-0.9049729126233255
4E,Tm9,0.243,-0.9102139512282602
4E,Tm9,0.244,-0.914367445398617
4E,Tm9,0.245,-0.9178614711352404
4E,Tm9,0.246,-0.9214162373854972
4E,Tm9,0.247,-0.9253470163391987
4E,Tm9,0.248,-0.9292777952929001
4E,Tm9,0.249,-0.932922226110901
4E,Tm9,0.25,-0.9364162518475241
4E,Tm9,0.251,-0.9399102775841474
4E,Tm9,0.252,-0.9434043033207709
4E,Tm9,0.253,-0.9468983290573942
4E,Tm9,0.254,-0.9503923547940177
4E,Tm9,0.255,-0.9538863805306412
4E,Tm9,0.256,-0.9573804062672646
4E,Tm9,0.257,-0.9608744320038877
4E,Tm9,0.258,-0.9643684577405107
4E,Tm9,0.259,-0.9672319390975116
4E,Tm9,0.26,-0.9698524583999792
4E,Tm9,0.261,-0.9723688511076468
4E,Tm9,0.262,-0.9745526171930364
4E,Tm9,0.263,-0.9767363832784262
4E,Tm9,0.264,-0.978260680930082
4E,Tm9,0.265,-0.9795709405813157
4E,Tm9,0.266,-0.980999788854405
4E,Tm9,0.267,-0.9827468017227168
4E,Tm9,0.268,-0.9844938145910285
4E,Tm9,0.269,-0.9862408274593402
4E,Tm9,0.27,-0.987987840327652
4E,Tm9,0.271,-0.9897348531959635
4E,Tm9,0.272,-0.9914818660642751
4E,Tm9,0.273,-0.9932288789325867
4E,Tm9,0.274,-0.9942585752589426
4E,Tm9,0.275,-0.9951320816930984
4E,Tm9,0.276,-0.9958580754512876
4E,Tm9,0.277,-0.9962948286683654
4E,Tm9,0.278,-0.9967315818854434
4E,Tm9,0.279,-0.9975414554005548
4E,Tm9,0.28,-0.9984149618347108
4E,Tm9,0.281,-0.9991264935658442
4E,Tm9,0.28200000000000003,-0.9995632467829222
4E,Tm9,0.28300000000000003,-1.0
4E,Tm9,0.28400000000000003,-0.9996615885668998
4E,Tm9,0.28500000000000003,-0.9992248353498219
4E,Tm9,0.28600000000000003,-0.998788082132744
4E,Tm9,0.28700000000000003,-0.998351328915666
4E,Tm9,0.28800000000000003,-0.9979145756985881
4E,Tm9,0.289,-0.9974778224815103
4E,Tm9,0.29,-0.9970410692644323
4E,Tm9,0.291,-0.9964134172902209
4E,Tm9,0.292,-0.9955399108560652
4E,Tm9,0.293,-0.9946664044219092
4E,Tm9,0.294,-0.9937928979877534
4E,Tm9,0.295,-0.9929193915535975
4E,Tm9,0.296,-0.9918405243352527
4E,Tm9,0.297,-0.990530264684019
4E,Tm9,0.298,-0.9892200050327853
4E,Tm9,0.299,-0.9879097453815515
4E,Tm9,0.3,-0.9865994857303179
4E,Tm9,0.301,-0.985289226079084
4E,Tm9,0.302,-0.9839789664278501
4E,Tm9,0.303,-0.9826773839928498
4E,Tm9,0.304,-0.981803877558694
4E,Tm9,0.305,-0.9809303711245382
4E,Tm9,0.306,-0.9795882950137823
4E,Tm9,0.307,-0.9778412821454705
4E,Tm9,0.308,-0.9761174085204477
4E,Tm9,0.309,-0.9748071488692139
4E,Tm9,0.31,-0.97349688921798
4E,Tm9,0.311,-0.9719378827013907
4E,Tm9,0.312,-0.9701908698330791
4E,Tm9,0.313,-0.9684062556944231
4E,Tm9,0.314,-0.9662224896090335
4E,Tm9,0.315,-0.9640387235236438
4E,Tm9,0.316,-0.9621181663306653
4E,Tm9,0.317,-0.9603711534623536
4E,Tm9,0.318,-0.9585720772966418
4E,Tm9,0.319,-0.9563883112112523
4E,Tm9,0.32,-0.954204545125863
4E,Tm9,0.321,-0.9522984499599402
4E,Tm9,0.322,-0.9505514370916284
4E,Tm9,0.323,-0.9487378988988611
4E,Tm9,0.324,-0.9465541328134713
4E,Tm9,0.325,-0.9443703667280817
4E,Tm9,0.326,-0.9421866006426922
4E,Tm9,0.327,-0.9400028345573027
4E,Tm9,0.328,-0.9378190684719132
4E,Tm9,0.329,-0.9356353023865236
4E,Tm9,0.33,-0.9334515363011339
4E,Tm9,0.331,-0.9312677702157443
4E,Tm9,0.332,-0.9290840041303546
4E,Tm9,0.333,-0.9268047886663981
4E,Tm9,0.334,-0.9241842693639306
4E,Tm9,0.335,-0.921563750061463
4E,Tm9,0.336,-0.919264287759629
4E,Tm9,0.337,-0.9170805216742396
4E,Tm9,0.338,-0.9147868441832278
4E,Tm9,0.339,-0.9121663248807602
4E,Tm9,0.34,-0.9095458055782926
4E,Tm9,0.341,-0.9072608053035142
4E,Tm9,0.342,-0.9050770392181245
4E,Tm9,0.343,-0.9028932731327349
4E,Tm9,0.34400000000000003,-0.9007095070473455
4E,Tm9,0.34500000000000003,-0.898525740961956
4E,Tm9,0.34600000000000003,-0.8959919938218217
4E,Tm9,0.34700000000000003,-0.8933714745193542
4E,Tm9,0.34800000000000003,-0.8907509552168865
4E,Tm9,0.34900000000000003,-0.888130435914419
4E,Tm9,0.35000000000000003,-0.8855099166119514
4E,Tm9,0.35100000000000003,-0.882889397309484
4E,Tm9,0.352,-0.8802688780070169
4E,Tm9,0.353,-0.8776483587045494
4E,Tm9,0.354,-0.8750278394020818
4E,Tm9,0.355,-0.8724073200996142
4E,Tm9,0.356,-0.8697868007971467
4E,Tm9,0.357,-0.867166281494679
4E,Tm9,0.358,-0.8645457621922115
4E,Tm9,0.359,-0.8619252428897441
4E,Tm9,0.36,-0.8593047235872767
4E,Tm9,0.361,-0.8566842042848092
4E,Tm9,0.362,-0.8540636849823415
4E,Tm9,0.363,-0.851443165679874
4E,Tm9,0.364,-0.8488226463774063
4E,Tm9,0.365,-0.8462021270749388
4E,Tm9,0.366,-0.8435816077724715
4E,Tm9,0.367,-0.8409610884700042
4E,Tm9,0.368,-0.8383405691675367
4E,Tm9,0.369,-0.8357200498650691
4E,Tm9,0.37,-0.8330995305626016
4E,Tm9,0.371,-0.8300567200701116
4E,Tm9,0.372,-0.8269994475505661
4E,Tm9,0.373,-0.8241533206260319
4E,Tm9,0.374,-0.8215328013235645
4E,Tm9,0.375,-0.8189122820210971
4E,Tm9,0.376,-0.8162917627186296
4E,Tm9,0.377,-0.813671243416162
4E,Tm9,0.378,-0.8110507241136944
4E,Tm9,0.379,-0.8084302048112268
4E,Tm9,0.38,-0.8058096855087592
4E,Tm9,0.381,-0.8031891662062917
4E,Tm9,0.382,-0.800568646903824
4E,Tm9,0.383,-0.798188197250479
4E,Tm9,0.384,-0.7960044311650895
4E,Tm9,0.385,-0.7937917410255888
4E,Tm9,0.386,-0.7911712217231213
4E,Tm9,0.387,-0.7885507024206537
4E,Tm9,0.388,-0.7859301831181861
4E,Tm9,0.389,-0.7833096638157185
4E,Tm9,0.39,-0.780689144513251
4E,Tm9,0.391,-0.7780686252107837
4E,Tm9,0.392,-0.7754481059083163
4E,Tm9,0.393,-0.7728275866058488
4E,Tm9,0.394,-0.7702070673033812
4E,Tm9,0.395,-0.7677022442173582
4E,Tm9,0.396,-0.7659552313490464
4E,Tm9,0.397,-0.7642082184807348
4E,Tm9,0.398,-0.761894294151845
4E,Tm9,0.399,-0.7592737748493776
4E,Tm9,0.4,-0.7567255656821881
4E,Tm9,0.401,-0.7545417995967985
4E,Tm9,0.402,-0.7523580335114088
4E,Tm9,0.403,-0.7498763496686744
4E,Tm9,0.404,-0.7472558303662069
4E,Tm9,0.405,-0.7446353110637394
4E,Tm9,0.406,-0.742014791761272
4E,Tm9,0.40700000000000003,-0.7393942724588047
4E,Tm9,0.40800000000000003,-0.7370861329407373
4E,Tm9,0.40900000000000003,-0.7349023668553476
4E,Tm9,0.41000000000000003,-0.732718600769958
4E,Tm9,0.41100000000000003,-0.7305348346845683
4E,Tm9,0.41200000000000003,-0.7283510685991786
4E,Tm9,0.41300000000000003,-0.7261673025137891
4E,Tm9,0.41400000000000003,-0.7239835364283997
4E,Tm9,0.41500000000000004,-0.7219154665594548
4E,Tm9,0.41600000000000004,-0.720168453691143
4E,Tm9,0.417,-0.7184214408228313
4E,Tm9,0.418,-0.7159918202774971
4E,Tm9,0.419,-0.7133713009750295
4E,Tm9,0.42,-0.7110110981595622
4E,Tm9,0.421,-0.7092640852912506
4E,Tm9,0.422,-0.707517072422939
4E,Tm9,0.423,-0.7054142936890605
4E,Tm9,0.424,-0.7032305276036709
4E,Tm9,0.425,-0.7009021412477255
4E,Tm9,0.426,-0.698281621945258
4E,Tm9,0.427,-0.6956611026427904
4E,Tm9,0.428,-0.6937810391255678
4E,Tm9,0.429,-0.6920340262572562
4E,Tm9,0.43,-0.6902870133889447
4E,Tm9,0.431,-0.6885400005206329
4E,Tm9,0.432,-0.6867929876523212
4E,Tm9,0.433,-0.6846612848643315
4E,Tm9,0.434,-0.6824775187789419
4E,Tm9,0.435,-0.6802937526935522
4E,Tm9,0.436,-0.6781099866081626
4E,Tm9,0.437,-0.6759262205227728
4E,Tm9,0.438,-0.6741416063841169
4E,Tm9,0.439,-0.6723945935158053
4E,Tm9,0.44,-0.6704595742957714
4E,Tm9,0.441,-0.6682758082103818
4E,Tm9,0.442,-0.6660920421249922
4E,Tm9,0.443,-0.6643218900133916
4E,Tm9,0.444,-0.6625748771450798
4E,Tm9,0.445,-0.6608278642767682
4E,Tm9,0.446,-0.6590808514084565
4E,Tm9,0.447,-0.6573338385401449
4E,Tm9,0.448,-0.6555868256718332
4E,Tm9,0.449,-0.6538398128035215
4E,Tm9,0.45,-0.6520927999352099
4E,Tm9,0.451,-0.6503457870668982
4E,Tm9,0.452,-0.6485929893877641
4E,Tm9,0.453,-0.6464092233023747
4E,Tm9,0.454,-0.6442254572169852
4E,Tm9,0.455,-0.6420416911315956
4E,Tm9,0.456,-0.639857925046206
4E,Tm9,0.457,-0.6376944057986942
4E,Tm9,0.458,-0.6359473929303824
4E,Tm9,0.459,-0.6342003800620706
4E,Tm9,0.46,-0.632453367193759
4E,Tm9,0.461,-0.6307063543254474
4E,Tm9,0.462,-0.628959341457136
4E,Tm9,0.463,-0.6272123285888241
4E,Tm9,0.464,-0.6254653157205124
4E,Tm9,0.465,-0.6239786193392008
4E,Tm9,0.466,-0.6226683596879671
4E,Tm9,0.467,-0.6213089291447442
4E,Tm9,0.468,-0.6195619162764326
4E,Tm9,0.46900000000000003,-0.6178149034081211
4E,Tm9,0.47000000000000003,-0.6160678905398095
4E,Tm9,0.47100000000000003,-0.6143208776714978
4E,Tm9,0.47200000000000003,-0.6125738648031861
4E,Tm9,0.47300000000000003,-0.6108268519348743
4E,Tm9,0.47400000000000003,-0.6090798390665625
4E,Tm9,0.47500000000000003,-0.607332826198251
4E,Tm9,0.47600000000000003,-0.6055858133299394
4E,Tm9,0.47700000000000004,-0.6038388004616277
4E,Tm9,0.47800000000000004,-0.602091787593316
4E,Tm9,0.47900000000000004,-0.6003447747250044
4E,Tm9,0.48,-0.5985977618566928
4E,Tm9,0.481,-0.596850748988381
4E,Tm9,0.482,-0.5951962930932249
4E,Tm9,0.483,-0.5938860334419912
4E,Tm9,0.484,-0.5925757737907573
4E,Tm9,0.485,-0.5909473495443013
4E,Tm9,0.486,-0.5892003366759896
4E,Tm9,0.487,-0.5874533238076781
4E,Tm9,0.488,-0.5857063109393663
4E,Tm9,0.489,-0.5839592980710545
4E,Tm9,0.49,-0.5825449118250209
4E,Tm9,0.491,-0.581234652173787
4E,Tm9,0.492,-0.5799243925225532
4E,Tm9,0.493,-0.5786141328713196
4E,Tm9,0.494,-0.5773038732200859
4E,Tm9,0.495,-0.5756465249195186
4E,Tm9,0.496,-0.573899512051207
4E,Tm9,0.497,-0.5722884422372176
4E,Tm9,0.498,-0.5709781825859837
4E,Tm9,0.499,-0.5696679229347499
4E,Tm9,0.5,-0.5679961126071271
4E,Tm9,0.501,-0.5662490997388157
4E,Tm9,0.502,-0.5648028970332597
4E,Tm9,0.503,-0.5639293905991039
4E,Tm9,0.504,-0.563055884164948
4E,Tm9,0.505,-0.5614303523239028
4E,Tm9,0.506,-0.5596833394555911
4E,Tm9,0.507,-0.5579363265872794
4E,Tm9,0.508,-0.5561893137189678
4E,Tm9,0.509,-0.5544423008506563
4E,Tm9,0.51,-0.553476237443345
4E,Tm9,0.511,-0.552602731009189
4E,Tm9,0.512,-0.5513705663040551
4E,Tm9,0.513,-0.5496235534357434
4E,Tm9,0.514,-0.5478765405674318
4E,Tm9,0.515,-0.5469394012142316
4E,Tm9,0.516,-0.5460658947800759
4E,Tm9,0.517,-0.5448048060208309
4E,Tm9,0.518,-0.5430577931525193
4E,Tm9,0.519,-0.5413107802842075
4E,Tm9,0.52,-0.5399831662005071
4E,Tm9,0.521,-0.5386729065492734
4E,Tm9,0.522,-0.5373626468980396
4E,Tm9,0.523,-0.536052387246806
4E,Tm9,0.524,-0.5347421275955723
4E,Tm9,0.525,-0.5334318679443385
4E,Tm9,0.526,-0.5321216082931046
4E,Tm9,0.527,-0.5308113486418709
4E,Tm9,0.528,-0.5295010889906371
4E,Tm9,0.529,-0.5281908293394033
4E,Tm9,0.53,-0.5268805696881697
4E,Tm9,0.531,-0.525570310036936
4E,Tm9,0.532,-0.5242600503857022
4E,Tm9,0.533,-0.5229497907344683
4E,Tm9,0.534,-0.5216395310832345
4E,Tm9,0.535,-0.5203292714320008
4E,Tm9,0.536,-0.519019011780767
4E,Tm9,0.537,-0.5177087521295332
4E,Tm9,0.538,-0.5163984924782994
4E,Tm9,0.539,-0.5150882328270656
4E,Tm9,0.54,-0.513777973175832
4E,Tm9,0.541,-0.5124677135245983
4E,Tm9,0.542,-0.5111574538733645
4E,Tm9,0.543,-0.5098471942221307
4E,Tm9,0.544,-0.5085369345708969
4E,Tm9,0.545,-0.5072266749196631
4E,Tm9,0.546,-0.5059164152684295
4E,Tm9,0.547,-0.5046061556171956
4E,Tm9,0.548,-0.5032958959659619
4E,Tm9,0.549,-0.5019856363147283
4E,Tm9,0.55,-0.5006753766634945
4E,Tm9,0.551,-0.49936511701226066
4E,Tm9,0.552,-0.4980548573610269
4E,Tm9,0.553,-0.4967445977097931
4E,Tm9,0.554,-0.49543433805855935
4E,Tm9,0.555,-0.49412407840732564
4E,Tm9,0.556,-0.492813818756092
4E,Tm9,0.557,-0.4915035591048582
4E,Tm9,0.558,-0.49019329945362444
4E,Tm9,0.559,-0.4888830398023906
4E,Tm9,0.56,-0.4875727801511568
4E,Tm9,0.561,-0.486262520499923
4E,Tm9,0.562,-0.48527621025473394
4E,Tm9,0.5630000000000001,-0.48440270382057815
4E,Tm9,0.5640000000000001,-0.48330358976435556
4E,Tm9,0.5650000000000001,-0.4815565768960438
4E,Tm9,0.5660000000000001,-0.47980956402773206
4E,Tm9,0.5670000000000001,-0.4787393740256207
4E,Tm9,0.5680000000000001,-0.4778658675914649
4E,Tm9,0.5690000000000001,-0.47686509531922006
4E,Tm9,0.5700000000000001,-0.47555483566798634
4E,Tm9,0.5710000000000001,-0.4742445760167527
4E,Tm9,0.5720000000000001,-0.4729343163655189
4E,Tm9,0.5730000000000001,-0.47162405671428514
4E,Tm9,0.5740000000000001,-0.47045552492819587
4E,Tm9,0.5750000000000001,-0.46958201849404
4E,Tm9,0.5760000000000001,-0.4687085120598841
4E,Tm9,0.577,-0.4674676701385172
4E,Tm9,0.578,-0.4661574104872835
4E,Tm9,0.579,-0.46484715083604977
4E,Tm9,0.58,-0.46353689118481595
4E,Tm9,0.581,-0.4622266315335822
4E,Tm9,0.582,-0.4612981693966152
4E,Tm9,0.583,-0.4604246629624594
4E,Tm9,0.584,-0.45938050460904784
4E,Tm9,0.585,-0.4580702449578142
4E,Tm9,0.586,-0.4567599853065805
4E,Tm9,0.587,-0.4558459851966691
4E,Tm9,0.588,-0.45497247876251323
4E,Tm9,0.589,-0.45409897232835733
4E,Tm9,0.59,-0.45322546589420154
4E,Tm9,0.591,-0.45235195946004564
4E,Tm9,0.592,-0.4506570098891338
4E,Tm9,0.593,-0.44890999702082207
4E,Tm9,0.594,-0.44756213609924406
4E,Tm9,0.595,-0.44668862966508827
4E,Tm9,0.596,-0.44581512323093253
4E,Tm9,0.597,-0.44494161679677663
4E,Tm9,0.598,-0.4440681103626208
4E,Tm9,0.599,-0.4431946039284649
4E,Tm9,0.6,-0.44232109749430903
4E,Tm9,0.601,-0.4414475910601532
4E,Tm9,0.602,-0.4405740846259974
4E,Tm9,0.603,-0.4397005781918416
4E,Tm9,0.604,-0.4385985717302079
4E,Tm9,0.605,-0.4372883120789741
4E,Tm9,0.606,-0.43599540686020705
4E,Tm9,0.607,-0.43512190042605114
4E,Tm9,0.608,-0.43424839399189535
4E,Tm9,0.609,-0.4333748875577395
4E,Tm9,0.61,-0.4325013811235837
4E,Tm9,0.611,-0.4316278746894279
4E,Tm9,0.612,-0.430754368255272
4E,Tm9,0.613,-0.4298808618211162
4E,Tm9,0.614,-0.42900735538696033
4E,Tm9,0.615,-0.42813384895280443
4E,Tm9,0.616,-0.42726034251864864
4E,Tm9,0.617,-0.42638683608449285
4E,Tm9,0.618,-0.42551332965033706
4E,Tm9,0.619,-0.4246398232161812
4E,Tm9,0.62,-0.4237663167820253
4E,Tm9,0.621,-0.42289281034786946
4E,Tm9,0.622,-0.4220193039137136
4E,Tm9,0.623,-0.42114579747955777
4E,Tm9,0.624,-0.420272291045402
4E,Tm9,0.625,-0.41939878461124613
4E,Tm9,0.626,-0.4185252781770904
4E,Tm9,0.627,-0.4176517717429345
4E,Tm9,0.628,-0.4167782653087786
4E,Tm9,0.629,-0.4159047588746228
4E,Tm9,0.63,-0.4150312524404669
4E,Tm9,0.631,-0.41415774600631106
4E,Tm9,0.632,-0.4132842395721553
4E,Tm9,0.633,-0.4124107331379995
4E,Tm9,0.634,-0.4115372267038437
4E,Tm9,0.635,-0.4106637202696878
4E,Tm9,0.636,-0.4097902138355319
4E,Tm9,0.637,-0.4089167074013761
4E,Tm9,0.638,-0.4080432009672202
4E,Tm9,0.639,-0.40716969453306434
4E,Tm9,0.64,-0.4062961880989085
4E,Tm9,0.641,-0.40542268166475265
4E,Tm9,0.642,-0.40454917523059686
4E,Tm9,0.643,-0.40367566879644107
4E,Tm9,0.644,-0.4028021623622852
4E,Tm9,0.645,-0.4019286559281294
4E,Tm9,0.646,-0.4010551494939735
4E,Tm9,0.647,-0.4001816430598177
4E,Tm9,0.648,-0.3993081366256618
4E,Tm9,0.649,-0.39879328846248396
4E,Tm9,0.65,-0.39835653524540604
4E,Tm9,0.651,-0.39777226935236143
4E,Tm9,0.652,-0.3968987629182055
4E,Tm9,0.653,-0.3960252564840497
4E,Tm9,0.654,-0.39515175004989384
4E,Tm9,0.655,-0.39427824361573793
4E,Tm9,0.656,-0.39356671188460446
4E,Tm9,0.657,-0.39312995866752665
4E,Tm9,0.658,-0.3926932054504487
4E,Tm9,0.659,-0.39186886990828174
4E,Tm9,0.66,-0.3909953634741259
4E,Tm9,0.661,-0.39029829377004793
4E,Tm9,0.662,-0.38986154055296995
4E,Tm9,0.663,-0.38942478733589203
4E,Tm9,0.664,-0.3885859897666695
4E,Tm9,0.665,-0.38771248333251374
4E,Tm9,0.666,-0.3868389768983579
4E,Tm9,0.667,-0.38596547046420204
4E,Tm9,0.668,-0.38509196403004614
4E,Tm9,0.669,-0.38421845759589035
4E,Tm9,0.67,-0.38334495116173445
4E,Tm9,0.671,-0.3826768055117677
4E,Tm9,0.672,-0.38224005229468977
4E,Tm9,0.673,-0.38180329907761185
4E,Tm9,0.674,-0.381366545860534
4E,Tm9,0.675,-0.380929792643456
4E,Tm9,0.676,-0.38027321661513347
4E,Tm9,0.677,-0.3793997101809776
4E,Tm9,0.678,-0.3785262037468218
4E,Tm9,0.679,-0.37765269731266593
4E,Tm9,0.68,-0.3767791908785102
4E,Tm9,0.681,-0.37590568444435435
4E,Tm9,0.682,-0.3750321780101985
4E,Tm9,0.683,-0.37420495006262056
4E,Tm9,0.684,-0.37420495006262056
4E,Tm9,0.685,-0.37420495006262056
4E,Tm9,0.686,-0.3737074563319091
4E,Tm9,0.687,-0.37283394989775337
4E,Tm9,0.6880000000000001,-0.3719604434635976
4E,Tm9,0.6890000000000001,-0.3710869370294417
4E,Tm9,0.6900000000000001,-0.37021343059528583
4E,Tm9,0.6910000000000001,-0.36960313305354126
4E,Tm9,0.6920000000000001,-0.36916637983646333
4E,Tm9,0.6930000000000001,-0.36872962661938535
4E,Tm9,0.6940000000000001,-0.36829287340230743
4E,Tm9,0.6950000000000001,-0.3678561201852295
4E,Tm9,0.6960000000000001,-0.36714169604868474
4E,Tm9,0.6970000000000001,-0.36626818961452895
4E,Tm9,0.6980000000000001,-0.36539468318037316
4E,Tm9,0.6990000000000001,-0.36452117674621726
4E,Tm9,0.7000000000000001,-0.36364767031206147
4E,Tm9,0.7010000000000001,-0.3633584297709504
4E,Tm9,0.7020000000000001,-0.3633584297709504
4E,Tm9,0.7030000000000001,-0.36319645506792797
4E,Tm9,0.704,-0.3623229486337722
4E,Tm9,0.705,-0.3614494421996164
4E,Tm9,0.706,-0.36057593576546054
4E,Tm9,0.707,-0.3597024293313047
4E,Tm9,0.708,-0.3589243722757156
4E,Tm9,0.709,-0.3584876190586377
4E,Tm9,0.71,-0.35805086584155976
4E,Tm9,0.711,-0.3576141126244819
4E,Tm9,0.712,-0.3571773594074039
4E,Tm9,0.713,-0.35663069478470366
4E,Tm9,0.714,-0.3557571883505478
4E,Tm9,0.715,-0.35488368191639197
4E,Tm9,0.716,-0.3540101754822362
4E,Tm9,0.717,-0.3531366690480804
4E,Tm9,0.718,-0.35251190947928024
4E,Tm9,0.719,-0.35251190947928024
4E,Tm9,0.72,-0.35251190947928024
4E,Tm9,0.721,-0.35181194736979104
4E,Tm9,0.722,-0.3509384409356352
4E,Tm9,0.723,-0.3502037699612128
4E,Tm9,0.724,-0.3497670167441349
4E,Tm9,0.725,-0.349330263527057
4E,Tm9,0.726,-0.348893510309979
4E,Tm9,0.727,-0.34845675709290114
4E,Tm9,0.728,-0.3478667063890342
4E,Tm9,0.729,-0.3469931999548784
4E,Tm9,0.73,-0.3461196935207225
4E,Tm9,0.731,-0.3456250921954224
4E,Tm9,0.732,-0.3451883389783445
4E,Tm9,0.733,-0.3447515857612665
4E,Tm9,0.734,-0.3443148325441886
4E,Tm9,0.735,-0.3438780793271108
4E,Tm9,0.736,-0.34304795897412155
4E,Tm9,0.737,-0.3421744525399657
4E,Tm9,0.738,-0.34148316764671
4E,Tm9,0.739,-0.34104641442963207
4E,Tm9,0.74,-0.3406096612125541
4E,Tm9,0.741,-0.3401729079954762
4E,Tm9,0.742,-0.3397361547783983
4E,Tm9,0.743,-0.3391027179933648
4E,Tm9,0.744,-0.33822921155920893
4E,Tm9,0.745,-0.33735570512505303
4E,Tm9,0.746,-0.33690448988091964
4E,Tm9,0.747,-0.3364677366638417
4E,Tm9,0.748,-0.3360309834467638
4E,Tm9,0.749,-0.3355942302296858
4E,Tm9,0.75,-0.3351574770126079
4E,Tm9,0.751,-0.33472072379553
4E,Tm9,0.752,-0.3342839705784521
4E,Tm9,0.753,-0.3338472173613742
4E,Tm9,0.754,-0.33341046414429626
4E,Tm9,0.755,-0.3329592489001627
4E,Tm9,0.756,-0.3320857424660069
4E,Tm9,0.757,-0.33121223603185107
4E,Tm9,0.758,-0.33057879924681755
4E,Tm9,0.759,-0.3301420460297396
4E,Tm9,0.76,-0.32970529281266175
4E,Tm9,0.761,-0.32926853959558383
4E,Tm9,0.762,-0.32883178637850585
4E,Tm9,0.763,-0.32839503316142793
4E,Tm9,0.764,-0.32795827994435006
4E,Tm9,0.765,-0.3275215267272722
4E,Tm9,0.766,-0.3270847735101942
4E,Tm9,0.767,-0.32664802029311624
4E,Tm9,0.768,-0.3262112670760383
4E,Tm9,0.769,-0.3257745138589604
4E,Tm9,0.77,-0.32527991253366023
4E,Tm9,0.771,-0.3244064060995044
4E,Tm9,0.772,-0.32353289966534854
4E,Tm9,0.773,-0.32322630469177077
4E,Tm9,0.774,-0.32322630469177077
4E,Tm9,0.775,-0.32308168442121504
4E,Tm9,0.776,-0.3222081779870592
4E,Tm9,0.777,-0.3213346715529034
4E,Tm9,0.778,-0.3210570006334368
4E,Tm9,0.779,-0.3210570006334368
4E,Tm9,0.78,-0.32088345630876997
4E,Tm9,0.781,-0.3200099498746141
4E,Tm9,0.782,-0.3191364434404582
4E,Tm9,0.783,-0.31857531679070256
4E,Tm9,0.784,-0.3181385635736247
4E,Tm9,0.785,-0.31770181035654677
4E,Tm9,0.786,-0.3172650571394688
4E,Tm9,0.787,-0.31682830392239086
4E,Tm9,0.788,-0.31639155070531294
4E,Tm9,0.789,-0.3159547974882351
4E,Tm9,0.79,-0.31551804427115715
4E,Tm9,0.791,-0.3150812910540792
4E,Tm9,0.792,-0.3146445378370013
4E,Tm9,0.793,-0.3145490884584347
4E,Tm9,0.794,-0.3145490884584347
4E,Tm9,0.795,-0.31428877197143446
4E,Tm9,0.796,-0.3134152655372786
4E,Tm9,0.797,-0.31254175910312276
4E,Tm9,0.798,-0.31237978440010067
4E,Tm9,0.799,-0.31237978440010067
4E,Tm9,0.8,-0.3120905438589893
4E,Tm9,0.801,-0.3112170374248334
4E,Tm9,0.802,-0.3103435309906776
4E,Tm9,0.803,-0.31021048034176657
4E,Tm9,0.804,-0.31021048034176657
4E,Tm9,0.805,-0.30989231574654413
4E,Tm9,0.806,-0.30901880931238834
4E,Tm9,0.807,-0.3081453028782325
4E,Tm9,0.808,-0.3080411762834326
4E,Tm9,0.809,-0.3080411762834326
4E,Tm9,0.81,-0.307694087634099
4E,Tm9,0.811,-0.30682058119994315
4E,Tm9,0.812,-0.30594707476578736
4E,Tm9,0.8130000000000001,-0.30587187222509854
4E,Tm9,0.8140000000000001,-0.30587187222509854
4E,Tm9,0.8150000000000001,-0.3054958595216538
4E,Tm9,0.8160000000000001,-0.30462235308749797
4E,Tm9,0.8170000000000001,-0.3037488466533422
4E,Tm9,0.8180000000000001,-0.3037025681667645
4E,Tm9,0.8190000000000001,-0.3037025681667645
4E,Tm9,0.8200000000000001,-0.3032976314092087
4E,Tm9,0.8210000000000001,-0.3024241249750528
4E,Tm9,0.8220000000000001,-0.30155061854089693
4E,Tm9,0.8230000000000001,-0.30153326410843045
4E,Tm9,0.8240000000000001,-0.30153326410843045
4E,Tm9,0.8250000000000001,-0.3010994032967635
4E,Tm9,0.8260000000000001,-0.3002258968626077
4E,Tm9,0.8270000000000001,-0.29936396005009647
4E,Tm9,0.8280000000000001,-0.29936396005009647
4E,Tm9,0.8290000000000001,-0.29936396005009647
4E,Tm9,0.8300000000000001,-0.29890117518431836
4E,Tm9,0.8310000000000001,-0.2980276687501625
4E,Tm9,0.8320000000000001,-0.2971946559917624
4E,Tm9,0.833,-0.2971946559917624
4E,Tm9,0.834,-0.2971946559917624
4E,Tm9,0.835,-0.2967029470718733
4E,Tm9,0.836,-0.2958294406377174
4E,Tm9,0.837,-0.294990643068495
4E,Tm9,0.838,-0.29455388985141706
4E,Tm9,0.839,-0.2941171366343392
4E,Tm9,0.84,-0.2936803834172612
4E,Tm9,0.841,-0.2932436302001833
4E,Tm9,0.842,-0.2928068769831054
4E,Tm9,0.843,-0.2923701237660275
4E,Tm9,0.844,-0.2919333705489496
4E,Tm9,0.845,-0.29149661733187165
4E,Tm9,0.846,-0.29105986411479373
4E,Tm9,0.847,-0.2906231108977158
4E,Tm9,0.848,-0.29018635768063794
4E,Tm9,0.849,-0.28974960446355996
4E,Tm9,0.85,-0.28931285124648204
4E,Tm9,0.851,-0.2888760980294041
4E,Tm9,0.852,-0.2883612498662262
4E,Tm9,0.853,-0.28748774343207034
4E,Tm9,0.854,-0.2866142369979145
4E,Tm9,0.855,-0.28604443313192546
4E,Tm9,0.856,-0.28560767991484753
4E,Tm9,0.857,-0.2851709266977696
4E,Tm9,0.858,-0.2847341734806917
4E,Tm9,0.859,-0.28429742026361376
4E,Tm9,0.86,-0.28386066704653584
4E,Tm9,0.861,-0.283423913829458
4E,Tm9,0.862,-0.28298716061238005
4E,Tm9,0.863,-0.2825504073953021
4E,Tm9,0.864,-0.28211365417822415
4E,Tm9,0.865,-0.2813442743388683
4E,Tm9,0.866,-0.2804707679047125
4E,Tm9,0.867,-0.2797187424978234
4E,Tm9,0.868,-0.2792819892807455
4E,Tm9,0.869,-0.27884523606366757
4E,Tm9,0.87,-0.27840848284658964
4E,Tm9,0.871,-0.2779717296295117
4E,Tm9,0.872,-0.2775349764124338
4E,Tm9,0.873,-0.2770982231953559
4E,Tm9,0.874,-0.276661469978278
4E,Tm9,0.875,-0.2762247167612001
4E,Tm9,0.876,-0.27578796354412216
4E,Tm9,0.877,-0.2755016154084221
4E,Tm9,0.878,-0.2755016154084221
4E,Tm9,0.879,-0.2755016154084221
4E,Tm9,0.88,-0.2747495900015329
4E,Tm9,0.881,-0.273876083567377
4E,Tm9,0.882,-0.273332311350088
4E,Tm9,0.883,-0.273332311350088
4E,Tm9,0.884,-0.273332311350088
4E,Tm9,0.885,-0.2725513618890877
4E,Tm9,0.886,-0.27167785545493184
4E,Tm9,0.887,-0.271163007291754
4E,Tm9,0.888,-0.271163007291754
4E,Tm9,0.889,-0.271163007291754
4E,Tm9,0.89,-0.27035313377664255
4E,Tm9,0.891,-0.26947962734248665
4E,Tm9,0.892,-0.26899370323342
4E,Tm9,0.893,-0.26899370323342
4E,Tm9,0.894,-0.26899370323342
4E,Tm9,0.895,-0.26815490566419736
4E,Tm9,0.896,-0.2672813992300415
4E,Tm9,0.897,-0.26682439917508594
4E,Tm9,0.898,-0.26682439917508594
4E,Tm9,0.899,-0.26682439917508594
4E,Tm9,0.9,-0.26682439917508594
4E,Tm9,0.901,-0.26682439917508594
4E,Tm9,0.902,-0.26637896874177464
4E,Tm9,0.903,-0.26550546230761873
4E,Tm9,0.904,-0.26465509511675195
4E,Tm9,0.905,-0.26465509511675195
4E,Tm9,0.906,-0.26465509511675195
4E,Tm9,0.907,-0.2644179178730407
4E,Tm9,0.908,-0.2639811646559628
4E,Tm9,0.909,-0.26354441143888485
4E,Tm9,0.91,-0.2631076582218069
4E,Tm9,0.911,-0.262670905004729
4E,Tm9,0.912,-0.2624857910584179
4E,Tm9,0.913,-0.2624857910584179
4E,Tm9,0.914,-0.2624048037069066
4E,Tm9,0.915,-0.26153129727275076
4E,Tm9,0.916,-0.26065779083859486
4E,Tm9,0.917,-0.26031648700008386
4E,Tm9,0.918,-0.26031648700008386
4E,Tm9,0.919,-0.26026153129727264
4E,Tm9,0.92,-0.2598247780801948
4E,Tm9,0.921,-0.25938802486311685
4E,Tm9,0.922,-0.2589512716460389
4E,Tm9,0.923,-0.258514518428961
4E,Tm9,0.924,-0.2581471829417499
4E,Tm9,0.925,-0.2581471829417499
4E,Tm9,0.926,-0.2581471829417499
4E,Tm9,0.927,-0.25755713223788285
4E,Tm9,0.928,-0.256683625803727
4E,Tm9,0.929,-0.25597787888341583
4E,Tm9,0.93,-0.25597787888341583
4E,Tm9,0.931,-0.25597787888341583
4E,Tm9,0.932,-0.25535890412543766
4E,Tm9,0.933,-0.2544853976912818
4E,Tm9,0.934,-0.25380857482508173
4E,Tm9,0.935,-0.25380857482508173
4E,Tm9,0.936,-0.25380857482508173
4E,Tm9,0.937,-0.2531606760129926
4E,Tm9,0.9380000000000001,-0.2522871695788367
4E,Tm9,0.9390000000000001,-0.25163927076674775
4E,Tm9,0.9400000000000001,-0.25163927076674775
4E,Tm9,0.9410000000000001,-0.25163927076674775
4E,Tm9,0.9420000000000001,-0.2513008593336476
4E,Tm9,0.9430000000000001,-0.2508641061165696
4E,Tm9,0.9440000000000001,-0.2504273528994917
4E,Tm9,0.9450000000000001,-0.24999059968241377
4E,Tm9,0.9460000000000001,-0.24955384646533588
4E,Tm9,0.9470000000000001,-0.2487642197881022
4E,Tm9,0.9480000000000001,-0.24789071335394638
4E,Tm9,0.9490000000000001,-0.24730066265007966
4E,Tm9,0.9500000000000001,-0.24730066265007966
4E,Tm9,0.9510000000000001,-0.24730066265007966
4E,Tm9,0.9520000000000001,-0.24656599167565701
4E,Tm9,0.9530000000000001,-0.2456924852415012
4E,Tm9,0.9540000000000001,-0.2449751686995455
4E,Tm9,0.9550000000000001,-0.2445384154824676
4E,Tm9,0.9560000000000001,-0.24410166226538968
4E,Tm9,0.9570000000000001,-0.24366490904831176
4E,Tm9,0.9580000000000001,-0.2432281558312338
4E,Tm9,0.9590000000000001,-0.24279140261415588
4E,Tm9,0.96,-0.24235464939707804
4E,Tm9,0.961,-0.24191789618000012
4E,Tm9,0.962,-0.2414811429629222
4E,Tm9,0.963,-0.24104438974584427
4E,Tm9,0.964,-0.24060763652876632
4E,Tm9,0.965,-0.24017088331168843
4E,Tm9,0.966,-0.2397341300946105
4E,Tm9,0.967,-0.23929737687753258
4E,Tm9,0.968,-0.2388606236604547
4E,Tm9,0.969,-0.23822429447001
4E,Tm9,0.97,-0.23735078803585416
4E,Tm9,0.971,-0.23647728160169826
4E,Tm9,0.972,-0.2364541423584095
4E,Tm9,0.973,-0.2364541423584095
4E,Tm9,0.974,-0.23602606635756485
4E,Tm9,0.975,-0.23515255992340903
4E,Tm9,0.976,-0.2342848383000755
4E,Tm9,0.977,-0.2342848383000755
4E,Tm9,0.978,-0.2342848383000755
4E,Tm9,0.979,-0.23382783824511966
4E,Tm9,0.98,-0.23295433181096384
4E,Tm9,0.981,-0.23211553424174147
4E,Tm9,0.982,-0.23211553424174147
4E,Tm9,0.983,-0.23211553424174147
4E,Tm9,0.984,-0.23162961013267455
4E,Tm9,0.985,-0.2307561036985187
4E,Tm9,0.986,-0.2299462301834074
4E,Tm9,0.987,-0.2299462301834074
4E,Tm9,0.988,-0.2299462301834074
4E,Tm9,0.989,-0.22943138202022936
4E,Tm9,0.99,-0.22855787558607352
4E,Tm9,0.991,-0.2277769261250734
4E,Tm9,0.992,-0.2277769261250734
4E,Tm9,0.993,-0.2277769261250734
4E,Tm9,0.994,-0.22750504001642882
4E,Tm9,0.995,-0.2270682867993509
4E,Tm9,0.996,-0.22663153358227295
4E,Tm9,0.997,-0.22619478036519505
4E,Tm9,0.998,-0.2257580271481171
4E,Tm9,0.999,-0.22560762206673934
4E,Tm9,1.0,-0.22560762206673934
4E,Tm9,1.0010000000000001,-0.2254572169853614
4E,Tm9,1.002,-0.22458371055120563
4E,Tm9,1.0030000000000001,-0.22371020411704967
4E,Tm9,1.004,-0.22343831800840533
4E,Tm9,1.0050000000000001,-0.22343831800840533
4E,Tm9,1.006,-0.22334865344066077
4E,Tm9,1.0070000000000001,-0.2229119002235828
4E,Tm9,1.008,-0.2224751470065049
4E,Tm9,1.0090000000000001,-0.22203839378942694
4E,Tm9,1.01,-0.22160164057234913
4E,Tm9,1.0110000000000001,-0.22126901395007129
4E,Tm9,1.012,-0.22126901395007129
4E,Tm9,1.0130000000000001,-0.22126901395007129
4E,Tm9,1.014,-0.22093927973320446
4E,Tm9,1.0150000000000001,-0.22050252651612653
4E,Tm9,1.016,-0.22006577329904867
4E,Tm9,1.0170000000000001,-0.21962902008197066
4E,Tm9,1.018,-0.2191922668648928
4E,Tm9,1.0190000000000001,-0.21909970989173724
4E,Tm9,1.02,-0.21909970989173724
4E,Tm9,1.0210000000000001,-0.21896665924282596
4E,Tm9,1.022,-0.2185299060257481
4E,Tm9,1.0230000000000001,-0.21809315280867014
4E,Tm9,1.024,-0.21765639959159225
4E,Tm9,1.025,-0.21721964637451438
4E,Tm9,1.026,-0.21693040583340323
4E,Tm9,1.027,-0.21693040583340323
4E,Tm9,1.028,-0.21693040583340323
4E,Tm9,1.029,-0.21655728553536976
4E,Tm9,1.03,-0.21612053231829184
4E,Tm9,1.031,-0.21568377910121397
4E,Tm9,1.032,-0.21524702588413597
4E,Tm9,1.033,-0.2148102726670581
4E,Tm9,1.034,-0.21476110177506919
4E,Tm9,1.035,-0.21476110177506919
4E,Tm9,1.036,-0.21458466504499127
4E,Tm9,1.037,-0.2141479118279134
4E,Tm9,1.038,-0.21371115861083542
4E,Tm9,1.039,-0.21327440539375753
4E,Tm9,1.04,-0.21283765217667958
4E,Tm9,1.041,-0.21259179771673517
4E,Tm9,1.042,-0.21259179771673517
4E,Tm9,1.043,-0.21259179771673517
4E,Tm9,1.044,-0.21217529133753493
4E,Tm9,1.045,-0.21173853812045706
4E,Tm9,1.046,-0.2113017849033791
4E,Tm9,1.047,-0.21086503168630125
4E,Tm9,1.048,-0.21042827846922332
4E,Tm9,1.049,-0.21042249365840113
4E,Tm9,1.05,-0.21042249365840113
4E,Tm9,1.051,-0.2102026708471566
4E,Tm9,1.052,-0.2097659176300786
4E,Tm9,1.053,-0.2093378416292341
4E,Tm9,1.054,-0.2093378416292341
4E,Tm9,1.055,-0.2093378416292341
4E,Tm9,1.056,-0.20910355679093393
4E,Tm9,1.057,-0.20866680357385606
4E,Tm9,1.058,-0.20825318960006708
4E,Tm9,1.059,-0.20825318960006708
4E,Tm9,1.06,-0.20825318960006708
4E,Tm9,1.061,-0.20800444273471141
4E,Tm9,1.062,-0.2075676895176335
4E,Tm9,1.063,-0.2071685375709001
4E,Tm9,1.064,-0.2071685375709001
4E,Tm9,1.065,-0.2071685375709001
4E,Tm9,1.066,-0.20690532867848882
4E,Tm9,1.067,-0.20646857546141092
4E,Tm9,1.068,-0.20608388554173307
4E,Tm9,1.069,-0.20608388554173307
4E,Tm9,1.07,-0.20608388554173307
4E,Tm9,1.071,-0.20580621462226623
4E,Tm9,1.072,-0.20536946140518822
4E,Tm9,1.073,-0.20499923351256605
4E,Tm9,1.074,-0.20499923351256605
4E,Tm9,1.075,-0.20499923351256605
4E,Tm9,1.076,-0.20470710056604366
4E,Tm9,1.077,-0.2042703473489658
4E,Tm9,1.078,-0.20391458148339903
4E,Tm9,1.079,-0.20391458148339903
4E,Tm9,1.08,-0.20391458148339903
4E,Tm9,1.081,-0.20360798650982112
4E,Tm9,1.082,-0.20317123329274314
4E,Tm9,1.083,-0.202829929454232
4E,Tm9,1.084,-0.202829929454232
4E,Tm9,1.085,-0.202829929454232
4E,Tm9,1.086,-0.202829929454232
4E,Tm9,1.087,-0.202829929454232
4E,Tm9,1.088,-0.20272001804860962
4E,Tm9,1.089,-0.20228326483153175
4E,Tm9,1.09,-0.20184651161445383
4E,Tm9,1.091,-0.20174527742506498
4E,Tm9,1.092,-0.20174527742506498
4E,Tm9,1.093,-0.2016209039923871
4E,Tm9,1.094,-0.20118415077530916
4E,Tm9,1.095,-0.20074739755823134
4E,Tm9,1.096,-0.20066062539589796
4E,Tm9,1.097,-0.20066062539589796
4E,Tm9,1.098,-0.2005217899361645
4E,Tm9,1.099,-0.20008503671908662
4E,Tm9,1.1,-0.19964828350200867
4E,Tm9,1.101,-0.19957597336673097
4E,Tm9,1.102,-0.19957597336673097
4E,Tm9,1.103,-0.19957597336673097
4E,Tm9,1.104,-0.19957597336673097
4E,Tm9,1.105,-0.19957597336673097
4E,Tm9,1.106,-0.1991970682578752
4E,Tm9,1.107,-0.1987603150407973
4E,Tm9,1.108,-0.19849132133756395
4E,Tm9,1.109,-0.19849132133756395
4E,Tm9,1.11,-0.19849132133756395
4E,Tm9,1.111,-0.1980979542016527
4E,Tm9,1.112,-0.1976612009845747
4E,Tm9,1.113,-0.19740666930839693
4E,Tm9,1.114,-0.19740666930839693
4E,Tm9,1.115,-0.19740666930839693
4E,Tm9,1.116,-0.19740666930839693
4E,Tm9,1.117,-0.19740666930839693
4E,Tm9,1.118,-0.19720998574044116
4E,Tm9,1.119,-0.19677323252336326
4E,Tm9,1.12,-0.1963364793062853
4E,Tm9,1.121,-0.19632201727922993
4E,Tm9,1.122,-0.19632201727922993
4E,Tm9,1.123,-0.1961108716842187
4E,Tm9,1.124,-0.19567411846714075
4E,Tm9,1.125,-0.1952373652500629
4E,Tm9,1.1260000000000001,-0.1952373652500629
4E,Tm9,1.127,-0.1952373652500629
4E,Tm9,1.1280000000000001,-0.1952373652500629
4E,Tm9,1.129,-0.1952373652500629
4E,Tm9,1.1300000000000001,-0.19522290322300723
4E,Tm9,1.131,-0.19478615000592933
4E,Tm9,1.1320000000000001,-0.19434939678885138
4E,Tm9,1.133,-0.1941527132208959
4E,Tm9,1.1340000000000001,-0.1941527132208959
4E,Tm9,1.135,-0.1941527132208959
4E,Tm9,1.1360000000000001,-0.1941527132208959
4E,Tm9,1.137,-0.1941527132208959
4E,Tm9,1.1380000000000001,-0.1941527132208959
4E,Tm9,1.139,-0.1941527132208959
4E,Tm9,1.1400000000000001,-0.19410932713972914
4E,Tm9,1.141,-0.19367257392265128
4E,Tm9,1.1420000000000001,-0.19323582070557332
4E,Tm9,1.143,-0.19306806119172887
4E,Tm9,1.1440000000000001,-0.19306806119172887
4E,Tm9,1.145,-0.19306806119172887
4E,Tm9,1.1460000000000001,-0.19306806119172887
4E,Tm9,1.147,-0.19306806119172887
4E,Tm9,1.1480000000000001,-0.19306806119172887
4E,Tm9,1.149,-0.19306806119172887
4E,Tm9,1.1500000000000001,-0.19306806119172887
4E,Tm9,1.151,-0.19306806119172887
4E,Tm9,1.1520000000000001,-0.19306806119172887
4E,Tm9,1.153,-0.19277014343438426
4E,Tm9,1.154,-0.1923333902173064
4E,Tm9,1.155,-0.19198340916256185
4E,Tm9,1.156,-0.19198340916256185
4E,Tm9,1.157,-0.19198340916256185
4E,Tm9,1.158,-0.19198340916256185
4E,Tm9,1.159,-0.19198340916256185
4E,Tm9,1.16,-0.19198340916256185
4E,Tm9,1.161,-0.19198340916256185
4E,Tm9,1.162,-0.19198340916256185
4E,Tm9,1.163,-0.19198340916256185
4E,Tm9,1.164,-0.19198340916256185
4E,Tm9,1.165,-0.19198340916256185
4E,Tm9,1.166,-0.19198340916256185
4E,Tm9,1.167,-0.19198340916256185
4E,Tm9,1.168,-0.19198340916256185
4E,Tm9,1.169,-0.19198340916256185
4E,Tm9,1.17,-0.19198340916256185
4E,Tm9,1.171,-0.19198340916256185
4E,Tm9,1.172,-0.19198340916256185
4E,Tm9,1.173,-0.19198340916256185
4E,Tm9,1.174,-0.19198340916256185
4E,Tm9,1.175,-0.19198340916256185
4E,Tm9,1.176,-0.19198340916256185
4E,Tm9,1.177,-0.19198340916256185
4E,Tm9,1.178,-0.19161318126993948
4E,Tm9,1.179,-0.19117642805286147
4E,Tm9,1.18,-0.19089875713339483
4E,Tm9,1.181,-0.19089875713339483
4E,Tm9,1.182,-0.19089875713339483
4E,Tm9,1.183,-0.19089875713339483
4E,Tm9,1.184,-0.19089875713339483
4E,Tm9,1.185,-0.19072521280872803
4E,Tm9,1.186,-0.1902884595916502
4E,Tm9,1.187,-0.18985170637457224
4E,Tm9,1.188,-0.1898141051042278
4E,Tm9,1.189,-0.1898141051042278
4E,Tm9,1.19,-0.1898141051042278
4E,Tm9,1.191,-0.1898141051042278
4E,Tm9,1.192,-0.1898141051042278
4E,Tm9,1.193,-0.1898141051042278
4E,Tm9,1.194,-0.1898141051042278
4E,Tm9,1.195,-0.1898141051042278
4E,Tm9,1.196,-0.1898141051042278
4E,Tm9,1.197,-0.1898141051042278
4E,Tm9,1.198,-0.18938602910338315
4E,Tm9,1.199,-0.18894927588630522
4E,Tm9,1.2,-0.1887294530750608
4E,Tm9,1.201,-0.1887294530750608
4E,Tm9,1.202,-0.18872366826423853
4E,Tm9,1.203,-0.18828691504716052
4E,Tm9,1.204,-0.18785016183008263
4E,Tm9,1.205,-0.1876448010458938
4E,Tm9,1.206,-0.1876448010458938
4E,Tm9,1.207,-0.1876448010458938
4E,Tm9,1.208,-0.1876448010458938
4E,Tm9,1.209,-0.1876448010458938
4E,Tm9,1.21,-0.18739894658594922
4E,Tm9,1.211,-0.18696219336887127
4E,Tm9,1.212,-0.18656014901672677
4E,Tm9,1.213,-0.18656014901672677
4E,Tm9,1.214,-0.18656014901672677
4E,Tm9,1.215,-0.1862998325297266
4E,Tm9,1.216,-0.18586307931264873
4E,Tm9,1.217,-0.18547549698755977
4E,Tm9,1.218,-0.18547549698755977
4E,Tm9,1.219,-0.18547549698755977
4E,Tm9,1.22,-0.18547549698755977
4E,Tm9,1.221,-0.18547549698755977
4E,Tm9,1.222,-0.1854118640685153
4E,Tm9,1.223,-0.18497511085143728
4E,Tm9,1.224,-0.1845383576343594
4E,Tm9,1.225,-0.18439084495839275
4E,Tm9,1.226,-0.18439084495839275
4E,Tm9,1.227,-0.18431275001229266
4E,Tm9,1.228,-0.18387599679521477
4E,Tm9,1.229,-0.18343924357813682
4E,Tm9,1.23,-0.18300249036105892
4E,Tm9,1.231,-0.18256573714398094
4E,Tm9,1.232,-0.1822215409000587
4E,Tm9,1.233,-0.1822215409000587
4E,Tm9,1.234,-0.1822215409000587
4E,Tm9,1.235,-0.1822215409000587
4E,Tm9,1.236,-0.1822215409000587
4E,Tm9,1.237,-0.1821145218998475
4E,Tm9,1.238,-0.1816777686827696
4E,Tm9,1.239,-0.18124101546569163
4E,Tm9,1.24,-0.18080426224861373
4E,Tm9,1.241,-0.18036750903153576
4E,Tm9,1.242,-0.18005223684172467
4E,Tm9,1.243,-0.18005223684172467
4E,Tm9,1.244,-0.18005223684172467
4E,Tm9,1.245,-0.17970514819239114
4E,Tm9,1.246,-0.17926839497531327
4E,Tm9,1.247,-0.1788316417582353
4E,Tm9,1.248,-0.1783948885411574
4E,Tm9,1.249,-0.17795813532407942
4E,Tm9,1.25,-0.17788293278339065
4E,Tm9,1.2510000000000001,-0.17788293278339065
4E,Tm9,1.252,-0.17773252770201273
4E,Tm9,1.2530000000000001,-0.17729577448493478
4E,Tm9,1.254,-0.1768590212678569
4E,Tm9,1.2550000000000001,-0.17642226805077896
4E,Tm9,1.256,-0.17598551483370106
4E,Tm9,1.2570000000000001,-0.1757136287250566
4E,Tm9,1.258,-0.1757136287250566
4E,Tm9,1.2590000000000001,-0.1757136287250566
4E,Tm9,1.26,-0.17532315399455645
4E,Tm9,1.2610000000000001,-0.17488640077747847
4E,Tm9,1.262,-0.1744496475604006
4E,Tm9,1.2630000000000001,-0.17401289434332262
4E,Tm9,1.264,-0.17357614112624473
4E,Tm9,1.2650000000000001,-0.17354432466672257
4E,Tm9,1.266,-0.17354432466672257
4E,Tm9,1.2670000000000001,-0.17315674234163328
4E,Tm9,1.268,-0.1722832359074776
4E,Tm9,1.2690000000000001,-0.1714097294733217
4E,Tm9,1.27,-0.17137502060838855
4E,Tm9,1.2710000000000001,-0.17137502060838855
4E,Tm9,1.272,-0.17137502060838855
4E,Tm9,1.2730000000000001,-0.17137502060838855
4E,Tm9,1.274,-0.17137502060838855
4E,Tm9,1.2750000000000001,-0.17050729898505476
4E,Tm9,1.276,-0.169633792550899
4E,Tm9,1.2770000000000001,-0.1692057165500545
4E,Tm9,1.278,-0.1692057165500545
4E,Tm9,1.2790000000000001,-0.16918257730676536
4E,Tm9,1.28,-0.16830907087260957
4E,Tm9,1.281,-0.16743556443845384
4E,Tm9,1.282,-0.1670364124917205
4E,Tm9,1.283,-0.1670364124917205
4E,Tm9,1.284,-0.16701038084302042
4E,Tm9,1.285,-0.16657362762594252
4E,Tm9,1.286,-0.16613687440886457
4E,Tm9,1.287,-0.16570012119178668
4E,Tm9,1.288,-0.16526336797470872
4E,Tm9,1.289,-0.16486710843338645
4E,Tm9,1.29,-0.16486710843338645
4E,Tm9,1.291,-0.16486710843338645
4E,Tm9,1.292,-0.16433490583774174
4E,Tm9,1.293,-0.16346139940358598
4E,Tm9,1.294,-0.1626978043750524
4E,Tm9,1.295,-0.1626978043750524
4E,Tm9,1.296,-0.1626978043750524
4E,Tm9,1.297,-0.16213667772529655
4E,Tm9,1.298,-0.1612631712911406
4E,Tm9,1.299,-0.1605285003167184
4E,Tm9,1.3,-0.1605285003167184
4E,Tm9,1.301,-0.1605285003167184
4E,Tm9,1.302,-0.1605285003167184
4E,Tm9,1.303,-0.1605285003167184
4E,Tm9,1.304,-0.16036074080287369
4E,Tm9,1.305,-0.159487234368718
4E,Tm9,1.306,-0.1586137279345621
4E,Tm9,1.307,-0.15835919625838435
4E,Tm9,1.308,-0.15835919625838435
4E,Tm9,1.309,-0.15816251269042866
4E,Tm9,1.31,-0.15728900625627273
4E,Tm9,1.311,-0.15641549982211694
4E,Tm9,1.312,-0.15618989220005033
4E,Tm9,1.313,-0.15618989220005033
4E,Tm9,1.314,-0.15607708838901682
4E,Tm9,1.315,-0.15564033517193898
4E,Tm9,1.316,-0.15520358195486103
4E,Tm9,1.317,-0.15476682873778316
4E,Tm9,1.318,-0.15433007552070518
4E,Tm9,1.319,-0.1540205881417163
4E,Tm9,1.32,-0.1540205881417163
4E,Tm9,1.321,-0.1540205881417163
4E,Tm9,1.322,-0.15331484122140485
4E,Tm9,1.323,-0.15244133478724908
4E,Tm9,1.324,-0.15185128408338225
4E,Tm9,1.325,-0.15185128408338225
4E,Tm9,1.326,-0.15185128408338225
4E,Tm9,1.327,-0.15111661310895966
4E,Tm9,1.328,-0.1502431066748037
4E,Tm9,1.329,-0.14968198002504823
4E,Tm9,1.33,-0.14968198002504823
4E,Tm9,1.331,-0.14968198002504823
4E,Tm9,1.332,-0.14968198002504823
4E,Tm9,1.333,-0.14968198002504823
4E,Tm9,1.334,-0.1493406761865368
4E,Tm9,1.335,-0.14846716975238103
4E,Tm9,1.336,-0.14759366331822507
4E,Tm9,1.337,-0.1475126759667142
4E,Tm9,1.338,-0.1475126759667142
4E,Tm9,1.339,-0.1471424480740918
4E,Tm9,1.34,-0.14626894163993584
4E,Tm9,1.341,-0.14539543520578008
4E,Tm9,1.342,-0.14534337190838015
4E,Tm9,1.343,-0.14534337190838015
4E,Tm9,1.344,-0.14494421996164641
4E,Tm9,1.345,-0.14407071352749068
4E,Tm9,1.346,-0.14319720709333472
4E,Tm9,1.347,-0.14317406785004613
4E,Tm9,1.348,-0.14317406785004613
4E,Tm9,1.349,-0.14317406785004613
4E,Tm9,1.35,-0.14317406785004613
4E,Tm9,1.351,-0.14316828303922377
4E,Tm9,1.352,-0.14229477660506787
4E,Tm9,1.353,-0.14142127017091216
4E,Tm9,1.354,-0.1410047637917121
4E,Tm9,1.355,-0.1410047637917121
4E,Tm9,1.356,-0.14097005492677855
4E,Tm9,1.357,-0.1400965484926228
4E,Tm9,1.358,-0.13922304205846683
4E,Tm9,1.359,-0.13883545973337807
4E,Tm9,1.36,-0.13883545973337807
4E,Tm9,1.361,-0.13880364327385572
4E,Tm9,1.362,-0.13836689005677777
4E,Tm9,1.363,-0.13793013683969996
4E,Tm9,1.364,-0.13749338362262198
4E,Tm9,1.365,-0.13705663040554408
4E,Tm9,1.366,-0.136666155675044
4E,Tm9,1.367,-0.136666155675044
4E,Tm9,1.368,-0.136666155675044
4E,Tm9,1.369,-0.1361223834577549
4E,Tm9,1.37,-0.13524887702359895
4E,Tm9,1.371,-0.13449685161671
4E,Tm9,1.372,-0.13449685161671
4E,Tm9,1.373,-0.13449685161671
4E,Tm9,1.374,-0.13392415534530955
4E,Tm9,1.375,-0.13305064891115378
4E,Tm9,1.3760000000000001,-0.13232754755837597
4E,Tm9,1.377,-0.13232754755837597
4E,Tm9,1.3780000000000001,-0.13232754755837597
4E,Tm9,1.379,-0.13232754755837597
4E,Tm9,1.3800000000000001,-0.13232754755837597
4E,Tm9,1.381,-0.13214821842288688
4E,Tm9,1.3820000000000001,-0.131274711988731
4E,Tm9,1.383,-0.13040120555457532
4E,Tm9,1.3840000000000001,-0.13015824350004193
4E,Tm9,1.385,-0.13015824350004193
4E,Tm9,1.3860000000000001,-0.1300541169052418
4E,Tm9,1.387,-0.12961736368816393
4E,Tm9,1.3880000000000001,-0.12918061047108595
4E,Tm9,1.389,-0.12874385725400808
4E,Tm9,1.3900000000000001,-0.12830710403693008
4E,Tm9,1.391,-0.12798893944170792
4E,Tm9,1.3920000000000001,-0.12798893944170792
4E,Tm9,1.393,-0.12798893944170792
4E,Tm9,1.3940000000000001,-0.1276447431977855
4E,Tm9,1.395,-0.1272079899807076
4E,Tm9,1.3960000000000001,-0.12677123676362959
4E,Tm9,1.397,-0.12633448354655175
4E,Tm9,1.3980000000000001,-0.12589773032947377
4E,Tm9,1.399,-0.12581963538337387
4E,Tm9,1.4000000000000001,-0.12581963538337387
4E,Tm9,1.401,-0.1256721227074071
4E,Tm9,1.4020000000000001,-0.12523536949032915
4E,Tm9,1.403,-0.12479861627325126
4E,Tm9,1.4040000000000001,-0.12436186305617328
4E,Tm9,1.405,-0.1239251098390954
4E,Tm9,1.4060000000000001,-0.12365033132503983
4E,Tm9,1.407,-0.12365033132503983
4E,Tm9,1.408,-0.12365033132503983
4E,Tm9,1.409,-0.12326274899995071
4E,Tm9,1.41,-0.12282599578287287
4E,Tm9,1.411,-0.12256567929587282
4E,Tm9,1.412,-0.12256567929587282
4E,Tm9,1.413,-0.12256567929587282
4E,Tm9,1.414,-0.12216363494372821
4E,Tm9,1.415,-0.12172688172665028
4E,Tm9,1.416,-0.1214810272667058
4E,Tm9,1.417,-0.1214810272667058
4E,Tm9,1.418,-0.1214810272667058
4E,Tm9,1.419,-0.12106452088750559
4E,Tm9,1.42,-0.12062776767042771
4E,Tm9,1.421,-0.1203963752375388
4E,Tm9,1.422,-0.1203963752375388
4E,Tm9,1.423,-0.1203963752375388
4E,Tm9,1.424,-0.11996540683128304
4E,Tm9,1.425,-0.1195286536142051
4E,Tm9,1.426,-0.11931172320837177
4E,Tm9,1.427,-0.11931172320837177
4E,Tm9,1.428,-0.1193030459921384
4E,Tm9,1.429,-0.11886629277506044
4E,Tm9,1.43,-0.1184295395579826
4E,Tm9,1.431,-0.11822707117920475
4E,Tm9,1.432,-0.11822707117920475
4E,Tm9,1.433,-0.11822707117920475
4E,Tm9,1.434,-0.11822707117920475
4E,Tm9,1.435,-0.11822707117920475
4E,Tm9,1.436,-0.11797832431384907
4E,Tm9,1.437,-0.11754157109677107
4E,Tm9,1.438,-0.11714241915003774
4E,Tm9,1.439,-0.11714241915003774
4E,Tm9,1.44,-0.11714241915003774
4E,Tm9,1.441,-0.11687921025762649
4E,Tm9,1.442,-0.11644245704054859
4E,Tm9,1.443,-0.11605776712087074
4E,Tm9,1.444,-0.11605776712087074
4E,Tm9,1.445,-0.11605776712087074
4E,Tm9,1.446,-0.11605776712087074
4E,Tm9,1.447,-0.11605776712087074
4E,Tm9,1.448,-0.11605776712087074
4E,Tm9,1.449,-0.11605776712087074
4E,Tm9,1.45,-0.11605776712087074
4E,Tm9,1.451,-0.1157656341743483
4E,Tm9,1.452,-0.11532888095727042
4E,Tm9,1.453,-0.1149731150917037
4E,Tm9,1.454,-0.1149731150917037
4E,Tm9,1.455,-0.1149731150917037
4E,Tm9,1.456,-0.1149731150917037
4E,Tm9,1.457,-0.1149731150917037
4E,Tm9,1.458,-0.11487766571313697
4E,Tm9,1.459,-0.11444091249605898
4E,Tm9,1.46,-0.11400415927898111
4E,Tm9,1.461,-0.1138884630625367
4E,Tm9,1.462,-0.1138884630625367
4E,Tm9,1.463,-0.1138884630625367
4E,Tm9,1.464,-0.1138884630625367
4E,Tm9,1.465,-0.1138884630625367
4E,Tm9,1.466,-0.1138884630625367
4E,Tm9,1.467,-0.1138884630625367
4E,Tm9,1.468,-0.1138884630625367
4E,Tm9,1.469,-0.1138884630625367
4E,Tm9,1.47,-0.1138884630625367
4E,Tm9,1.471,-0.1138884630625367
4E,Tm9,1.472,-0.1138884630625367
4E,Tm9,1.473,-0.1138884630625367
4E,Tm9,1.474,-0.1138884630625367
4E,Tm9,1.475,-0.1138884630625367
4E,Tm9,1.476,-0.1138884630625367
4E,Tm9,1.477,-0.1138884630625367
4E,Tm9,1.478,-0.11373516557574774
4E,Tm9,1.479,-0.11329841235866976
4E,Tm9,1.48,-0.11286165914159188
4E,Tm9,1.481,-0.11280381103336967
4E,Tm9,1.482,-0.11280381103336967
4E,Tm9,1.483,-0.11280381103336967
4E,Tm9,1.484,-0.11280381103336967
4E,Tm9,1.485,-0.11280381103336967
4E,Tm9,1.486,-0.11280381103336967
4E,Tm9,1.487,-0.11280381103336967
4E,Tm9,1.488,-0.11280381103336967
4E,Tm9,1.489,-0.11280381103336967
4E,Tm9,1.49,-0.11280381103336967
4E,Tm9,1.491,-0.11280381103336967
4E,Tm9,1.492,-0.11280381103336967
4E,Tm9,1.493,-0.11280381103336967
4E,Tm9,1.494,-0.11280381103336967
4E,Tm9,1.495,-0.11280381103336967
4E,Tm9,1.496,-0.11280381103336967
4E,Tm9,1.497,-0.11280381103336967
4E,Tm9,1.498,-0.11280381103336967
4E,Tm9,1.499,-0.11280381103336967
4E,Tm9,1.5,-0.11280381103336967
4E,Tm9,1.5010000000000001,-0.11280381103336967
4E,Tm9,1.502,-0.11280381103336967
4E,Tm9,1.5030000000000001,-0.11280381103336967
4E,Tm9,1.504,-0.11280381103336967
4E,Tm9,1.5050000000000001,-0.11280381103336967
4E,Tm9,1.506,-0.11280381103336967
4E,Tm9,1.5070000000000001,-0.11280381103336967
4E,Tm9,1.508,-0.11280381103336967
4E,Tm9,1.5090000000000001,-0.11280381103336967
4E,Tm9,1.51,-0.11280381103336967
4E,Tm9,1.5110000000000001,-0.11280381103336967
4E,Tm9,1.512,-0.11280381103336967
4E,Tm9,1.5130000000000001,-0.11280381103336967
4E,Tm9,1.514,-0.11280381103336967
4E,Tm9,1.5150000000000001,-0.11276042495220286
4E,Tm9,1.516,-0.11232367173512496
4E,Tm9,1.5170000000000001,-0.11188691851804698
4E,Tm9,1.518,-0.11171915900420266
4E,Tm9,1.5190000000000001,-0.11171915900420266
4E,Tm9,1.52,-0.11171915900420266
4E,Tm9,1.5210000000000001,-0.11171915900420266
4E,Tm9,1.522,-0.11171915900420266
4E,Tm9,1.5230000000000001,-0.11171915900420266
4E,Tm9,1.524,-0.11171915900420266
4E,Tm9,1.5250000000000001,-0.11171915900420266
4E,Tm9,1.526,-0.11171915900420266
4E,Tm9,1.5270000000000001,-0.11171915900420266
4E,Tm9,1.528,-0.11171915900420266
4E,Tm9,1.5290000000000001,-0.11171915900420266
4E,Tm9,1.53,-0.1116323868418692
4E,Tm9,1.5310000000000001,-0.11119563362479123
4E,Tm9,1.532,-0.11075888040771335
4E,Tm9,1.5330000000000001,-0.11063450697503564
4E,Tm9,1.534,-0.11063450697503564
4E,Tm9,1.5350000000000001,-0.11063450697503564
4E,Tm9,1.536,-0.11063450697503564
4E,Tm9,1.537,-0.11063450697503564
4E,Tm9,1.538,-0.11063450697503564
4E,Tm9,1.539,-0.11063450697503564
4E,Tm9,1.54,-0.11051881075859105
4E,Tm9,1.541,-0.1100820575415132
4E,Tm9,1.542,-0.10964530432443527
4E,Tm9,1.543,-0.10954985494586862
4E,Tm9,1.544,-0.10954985494586862
4E,Tm9,1.545,-0.10954985494586862
4E,Tm9,1.546,-0.10954985494586862
4E,Tm9,1.547,-0.10954985494586862
4E,Tm9,1.548,-0.10954985494586862
4E,Tm9,1.549,-0.10954985494586862
4E,Tm9,1.55,-0.10954985494586862
4E,Tm9,1.551,-0.10954985494586862
4E,Tm9,1.552,-0.10954985494586862
4E,Tm9,1.553,-0.10954985494586862
4E,Tm9,1.554,-0.10954985494586862
4E,Tm9,1.555,-0.10954985494586862
4E,Tm9,1.556,-0.10954985494586862
4E,Tm9,1.557,-0.10954985494586862
4E,Tm9,1.558,-0.10916516502619066
4E,Tm9,1.559,-0.10872841180911277
4E,Tm9,1.56,-0.10846520291670161
4E,Tm9,1.561,-0.10846520291670161
4E,Tm9,1.562,-0.10846520291670161
4E,Tm9,1.563,-0.10846520291670161
4E,Tm9,1.564,-0.10846520291670161
4E,Tm9,1.565,-0.10846520291670161
4E,Tm9,1.566,-0.10846520291670161
4E,Tm9,1.567,-0.10846520291670161
4E,Tm9,1.568,-0.10846520291670161
4E,Tm9,1.569,-0.10846520291670161
4E,Tm9,1.57,-0.10846520291670161
4E,Tm9,1.571,-0.10846520291670161
4E,Tm9,1.572,-0.10846520291670161
4E,Tm9,1.573,-0.10846520291670161
4E,Tm9,1.574,-0.10846520291670161
4E,Tm9,1.575,-0.10846520291670161
4E,Tm9,1.576,-0.10846520291670161
4E,Tm9,1.577,-0.10846520291670161
4E,Tm9,1.578,-0.10846520291670161
4E,Tm9,1.579,-0.10846520291670161
4E,Tm9,1.58,-0.10846520291670161
4E,Tm9,1.581,-0.10846520291670161
4E,Tm9,1.582,-0.10848544975457947
4E,Tm9,1.583,-0.10892220297165736
4E,Tm9,1.584,-0.10935895618873534
4E,Tm9,1.585,-0.10954985494586862
4E,Tm9,1.586,-0.10954985494586862
4E,Tm9,1.587,-0.10954985494586862
4E,Tm9,1.588,-0.10954985494586862
4E,Tm9,1.589,-0.10954985494586862
4E,Tm9,1.59,-0.10954985494586862
4E,Tm9,1.591,-0.10954985494586862
4E,Tm9,1.592,-0.10954985494586862
4E,Tm9,1.593,-0.10954985494586862
4E,Tm9,1.594,-0.10954985494586862
4E,Tm9,1.595,-0.10954985494586862
4E,Tm9,1.596,-0.10954985494586862
4E,Tm9,1.597,-0.10954985494586862
4E,Tm9,1.598,-0.10954985494586862
4E,Tm9,1.599,-0.10954985494586862
4E,Tm9,1.6,-0.10954985494586862
4E,Tm9,1.601,-0.10954985494586862
4E,Tm9,1.602,-0.10954985494586862
4E,Tm9,1.603,-0.10954985494586862
4E,Tm9,1.604,-0.10954985494586862
4E,Tm9,1.605,-0.10954985494586862
4E,Tm9,1.606,-0.10954985494586862
4E,Tm9,1.607,-0.10954985494586862
4E,Tm9,1.608,-0.10954985494586862
4E,Tm9,1.609,-0.10954985494586862
4E,Tm9,1.61,-0.10954985494586862
4E,Tm9,1.611,-0.10954985494586862
4E,Tm9,1.612,-0.10954985494586862
4E,Tm9,1.613,-0.10954985494586862
4E,Tm9,1.614,-0.10954985494586862
4E,Tm9,1.615,-0.10954985494586862
4E,Tm9,1.616,-0.10954985494586862
4E,Tm9,1.617,-0.10942837391860183
4E,Tm9,1.618,-0.10899162070152389
4E,Tm9,1.619,-0.10855486748444607
4E,Tm9,1.62,-0.10846520291670161
4E,Tm9,1.621,-0.10846520291670161
4E,Tm9,1.622,-0.10846520291670161
4E,Tm9,1.623,-0.10846520291670161
4E,Tm9,1.624,-0.10846520291670161
4E,Tm9,1.625,-0.10846520291670161
4E,Tm9,1.6260000000000001,-0.10846520291670161
4E,Tm9,1.627,-0.10831479783532368
4E,Tm9,1.6280000000000001,-0.10787804461824572
4E,Tm9,1.629,-0.10744129140116788
4E,Tm9,1.6300000000000001,-0.10738055088753459
4E,Tm9,1.631,-0.10738055088753459
4E,Tm9,1.6320000000000001,-0.10738055088753459
4E,Tm9,1.633,-0.10738055088753459
4E,Tm9,1.6340000000000001,-0.10738055088753459
4E,Tm9,1.635,-0.10738055088753459
4E,Tm9,1.6360000000000001,-0.10738055088753459
4E,Tm9,1.637,-0.10738055088753459
4E,Tm9,1.6380000000000001,-0.10738055088753459
4E,Tm9,1.639,-0.10738055088753459
4E,Tm9,1.6400000000000001,-0.10738055088753459
4E,Tm9,1.641,-0.10738055088753459
4E,Tm9,1.6420000000000001,-0.10738055088753459
4E,Tm9,1.643,-0.10738055088753459
4E,Tm9,1.6440000000000001,-0.10738055088753459
4E,Tm9,1.645,-0.10738055088753459
4E,Tm9,1.6460000000000001,-0.10738055088753459
4E,Tm9,1.647,-0.10717229769793443
4E,Tm9,1.6480000000000001,-0.10673554448085645
4E,Tm9,1.649,-0.10629879126377857
4E,Tm9,1.6500000000000001,-0.10629589885836759
4E,Tm9,1.651,-0.10629589885836759
4E,Tm9,1.6520000000000001,-0.10629589885836759
4E,Tm9,1.653,-0.10629589885836759
4E,Tm9,1.6540000000000001,-0.10629589885836759
4E,Tm9,1.655,-0.10629589885836759
4E,Tm9,1.6560000000000001,-0.10629589885836759
4E,Tm9,1.657,-0.10629589885836759
4E,Tm9,1.6580000000000001,-0.10629589885836759
4E,Tm9,1.659,-0.10629589885836759
4E,Tm9,1.6600000000000001,-0.10629589885836759
4E,Tm9,1.661,-0.10629589885836759
4E,Tm9,1.6620000000000001,-0.10629589885836759
4E,Tm9,1.663,-0.10629589885836759
4E,Tm9,1.6640000000000001,-0.10629589885836759
4E,Tm9,1.665,-0.10629589885836759
4E,Tm9,1.666,-0.10629589885836759
4E,Tm9,1.667,-0.10629589885836759
4E,Tm9,1.668,-0.10629589885836759
4E,Tm9,1.669,-0.10629589885836759
4E,Tm9,1.67,-0.10629589885836759
4E,Tm9,1.671,-0.10629589885836759
4E,Tm9,1.672,-0.10629589885836759
4E,Tm9,1.673,-0.10629589885836759
4E,Tm9,1.674,-0.10629589885836759
4E,Tm9,1.675,-0.10629589885836759
4E,Tm9,1.676,-0.10629589885836759
4E,Tm9,1.677,-0.10629589885836759
4E,Tm9,1.678,-0.10629589885836759
4E,Tm9,1.679,-0.10629589885836759
4E,Tm9,1.68,-0.10629589885836759
4E,Tm9,1.681,-0.10629589885836759
4E,Tm9,1.682,-0.10598641147937853
4E,Tm9,1.683,-0.10554965826230059
4E,Tm9,1.684,-0.10521124682920056
4E,Tm9,1.685,-0.10521124682920056
4E,Tm9,1.686,-0.10521124682920056
4E,Tm9,1.687,-0.10521124682920056
4E,Tm9,1.688,-0.10521124682920056
4E,Tm9,1.689,-0.10521124682920056
4E,Tm9,1.69,-0.10521124682920056
4E,Tm9,1.691,-0.10521124682920056
4E,Tm9,1.692,-0.10521124682920056
4E,Tm9,1.693,-0.10521124682920056
4E,Tm9,1.694,-0.10508398099111158
4E,Tm9,1.695,-0.1046472277740336
4E,Tm9,1.696,-0.1042104745569557
4E,Tm9,1.697,-0.10412659480003354
4E,Tm9,1.698,-0.10412659480003354
