trace_id,cell_type,panel,contrast,width_led,direction,color,time_ms,vm_mv
T4_PC_w1_PD,T4,Ci,PC,1,PD,red,5.625,0.0
T4_PC_w1_PD,T4,Ci,PC,1,PD,red,7.5,0.0
T4_PC_w1_PD,T4,Ci,PC,1,PD,red,9.375,0.0
T4_PC_w1_PD,T4,Ci,PC,1,PD,red,11.25,0.0
T4_PC_w1_PD,T4,Ci,PC,1,PD,red,13.125,0.0
T4_PC_w1_PD,T4,Ci,PC,1,PD,red,15.0,0.0
T4_PC_w1_PD,T4,Ci,PC,1,PD,red,16.875,0.05
T4_PC_w1_PD,T4,Ci,PC,1,PD,red,18.75,0.05
T4_PC_w1_PD,T4,Ci,PC,1,PD,red,20.625,0.15
T4_PC_w1_PD,T4,Ci,PC,1,PD,red,22.5,0.2
T4_PC_w1_PD,T4,Ci,PC,1,PD,red,24.375,0.3
T4_PC_w1_PD,T4,Ci,PC,1,PD,red,26.25,0.45
T4_PC_w1_PD,T4,Ci,PC,1,PD,red,28.125,0.55
T4_PC_w1_PD,T4,Ci,PC,1,PD,red,30.0,0.55
T4_PC_w1_PD,T4,Ci,PC,1,PD,red,31.875,0.55
T4_PC_w1_PD,T4,Ci,PC,1,PD,red,33.75,0.55
T4_PC_w1_PD,T4,Ci,PC,1,PD,red,35.625,0.5
T4_PC_w1_PD,T4,Ci,PC,1,PD,red,37.5,0.45
T4_PC_w1_PD,T4,Ci,PC,1,PD,red,39.375,0.45
T4_PC_w1_PD,T4,Ci,PC,1,PD,red,41.25,0.45
T4_PC_w1_PD,T4,Ci,PC,1,PD,red,43.125,0.4
T4_PC_w1_PD,T4,Ci,PC,1,PD,red,45.0,0.35
T4_PC_w1_PD,T4,Ci,PC,1,PD,red,46.875,0.3
T4_PC_w1_PD,T4,Ci,PC,1,PD,red,48.75,0.25
T4_PC_w1_PD,T4,Ci,PC,1,PD,red,50.625,0.2
T4_PC_w1_PD,T4,Ci,PC,1,PD,red,52.5,0.15
T4_PC_w1_PD,T4,Ci,PC,1,PD,red,54.375,0.15
T4_PC_w1_PD,T4,Ci,PC,1,PD,red,56.25,0.1
T4_PC_w1_PD,T4,Ci,PC,1,PD,red,58.12500000000001,0.1
T4_PC_w1_PD,T4,Ci,PC,1,PD,red,60.0,0.225
T4_PC_w1_PD,T4,Ci,PC,1,PD,red,61.87500000000001,0.35
T4_PC_w1_PD,T4,Ci,PC,1,PD,red,63.75,0.475
T4_PC_w1_PD,T4,Ci,PC,1,PD,red,65.625,0.6
T4_PC_w1_PD,T4,Ci,PC,1,PD,red,67.5,0.6
T4_PC_w1_PD,T4,Ci,PC,1,PD,red,69.375,0.55
T4_PC_w1_PD,T4,Ci,PC,1,PD,red,71.25,0.55
T4_PC_w1_PD,T4,Ci,PC,1,PD,red,73.125,0.55
T4_PC_w1_PD,T4,Ci,PC,1,PD,red,75.0,0.45
T4_PC_w1_PD,T4,Ci,PC,1,PD,red,76.875,0.45
T4_PC_w1_PD,T4,Ci,PC,1,PD,red,78.75,0.5
T4_PC_w1_PD,T4,Ci,PC,1,PD,red,80.625,0.5
T4_PC_w1_PD,T4,Ci,PC,1,PD,red,82.5,0.55
T4_PC_w1_PD,T4,Ci,PC,1,PD,red,84.375,0.55
T4_PC_w1_PD,T4,Ci,PC,1,PD,red,86.25,0.55
T4_PC_w1_PD,T4,Ci,PC,1,PD,red,88.125,0.6
T4_PC_w1_PD,T4,Ci,PC,1,PD,red,90.0,0.65
T4_PC_w1_PD,T4,Ci,PC,1,PD,red,91.875,0.65
T4_PC_w1_PD,T4,Ci,PC,1,PD,red,93.75,0.7
T4_PC_w1_PD,T4,Ci,PC,1,PD,red,95.625,0.75
T4_PC_w1_PD,T4,Ci,PC,1,PD,red,97.5,0.75
T4_PC_w1_PD,T4,Ci,PC,1,PD,red,99.375,0.7
T4_PC_w1_PD,T4,Ci,PC,1,PD,red,101.25,0.7
T4_PC_w1_PD,T4,Ci,PC,1,PD,red,103.125,0.7
T4_PC_w1_PD,T4,Ci,PC,1,PD,red,105.0,0.75
T4_PC_w1_PD,T4,Ci,PC,1,PD,red,106.875,0.75
T4_PC_w1_PD,T4,Ci,PC,1,PD,red,108.75,0.75
T4_PC_w1_PD,T4,Ci,PC,1,PD,red,110.625,0.8
T4_PC_w1_PD,T4,Ci,PC,1,PD,red,112.5,0.8
T4_PC_w1_PD,T4,Ci,PC,1,PD,red,114.375,0.8
T4_PC_w1_PD,T4,Ci,PC,1,PD,red,116.25000000000001,0.85
T4_PC_w1_PD,T4,Ci,PC,1,PD,red,118.125,0.9
T4_PC_w1_PD,T4,Ci,PC,1,PD,red,120.0,0.9
T4_PC_w1_PD,T4,Ci,PC,1,PD,red,121.87499999999999,0.9
T4_PC_w1_PD,T4,Ci,PC,1,PD,red,123.75000000000001,0.95
T4_PC_w1_PD,T4,Ci,PC,1,PD,red,125.625,1.0
T4_PC_w1_PD,T4,Ci,PC,1,PD,red,127.5,1.0
T4_PC_w1_PD,T4,Ci,PC,1,PD,red,129.375,0.95
T4_PC_w1_PD,T4,Ci,PC,1,PD,red,131.25,0.95
T4_PC_w1_PD,T4,Ci,PC,1,PD,red,133.125,0.95
T4_PC_w1_PD,T4,Ci,PC,1,PD,red,135.0,0.95
T4_PC_w1_PD,T4,Ci,PC,1,PD,red,136.875,1.0
T4_PC_w1_PD,T4,Ci,PC,1,PD,red,138.75,1.0
T4_PC_w1_PD,T4,Ci,PC,1,PD,red,140.625,1.0
T4_PC_w1_PD,T4,Ci,PC,1,PD,red,142.5,1.0
T4_PC_w1_PD,T4,Ci,PC,1,PD,red,144.375,0.95
T4_PC_w1_PD,T4,Ci,PC,1,PD,red,146.25,0.9
T4_PC_w1_PD,T4,Ci,PC,1,PD,red,148.125,0.8375
T4_PC_w1_PD,T4,Ci,PC,1,PD,red,150.0,0.775
T4_PC_w1_PD,T4,Ci,PC,1,PD,red,151.875,0.7125
T4_PC_w1_PD,T4,Ci,PC,1,PD,red,153.75,0.65
T4_PC_w1_PD,T4,Ci,PC,1,PD,red,155.625,0.5875
T4_PC_w1_PD,T4,Ci,PC,1,PD,red,157.5,0.525
T4_PC_w1_PD,T4,Ci,PC,1,PD,red,159.375,0.4625
T4_PC_w1_PD,T4,Ci,PC,1,PD,red,161.25,0.4
T4_PC_w1_PD,T4,Ci,PC,1,PD,red,163.125,0.4
T4_PC_w1_PD,T4,Ci,PC,1,PD,red,165.0,0.46999999999999886
T4_PC_w1_PD,T4,Ci,PC,1,PD,red,166.875,0.5399999999999977
T4_PC_w1_PD,T4,Ci,PC,1,PD,red,168.75,0.6100000000000023
T4_PC_w1_PD,T4,Ci,PC,1,PD,red,170.625,0.6800000000000012
T4_PC_w1_PD,T4,Ci,PC,1,PD,red,172.5,0.75
T4_PC_w1_PD,T4,Ci,PC,1,PD,red,174.375,0.8199999999999988
T4_PC_w1_PD,T4,Ci,PC,1,PD,red,176.25,0.8899999999999977
T4_PC_w1_PD,T4,Ci,PC,1,PD,red,178.125,0.9600000000000023
T4_PC_w1_PD,T4,Ci,PC,1,PD,red,180.0,1.0300000000000011
T4_PC_w1_PD,T4,Ci,PC,1,PD,red,181.875,1.1
T4_PC_w1_PD,T4,Ci,PC,1,PD,red,183.75,1.15
T4_PC_w1_PD,T4,Ci,PC,1,PD,red,185.625,1.15
T4_PC_w1_PD,T4,Ci,PC,1,PD,red,187.5,1.2
T4_PC_w1_PD,T4,Ci,PC,1,PD,red,189.375,1.2
T4_PC_w1_PD,T4,Ci,PC,1,PD,red,191.25,1.2
T4_PC_w1_PD,T4,Ci,PC,1,PD,red,193.125,1.3
T4_PC_w1_PD,T4,Ci,PC,1,PD,red,195.0,1.35
T4_PC_w1_PD,T4,Ci,PC,1,PD,red,196.875,1.4
T4_PC_w1_PD,T4,Ci,PC,1,PD,red,198.75,1.45
T4_PC_w1_PD,T4,Ci,PC,1,PD,red,200.625,1.6
T4_PC_w1_PD,T4,Ci,PC,1,PD,red,202.5,1.65
T4_PC_w1_PD,T4,Ci,PC,1,PD,red,204.375,1.8
T4_PC_w1_PD,T4,Ci,PC,1,PD,red,206.25,1.85
T4_PC_w1_PD,T4,Ci,PC,1,PD,red,208.125,2.0
T4_PC_w1_PD,T4,Ci,PC,1,PD,red,210.0,2.1166666666666627
T4_PC_w1_PD,T4,Ci,PC,1,PD,red,211.875,2.233333333333337
T4_PC_w1_PD,T4,Ci,PC,1,PD,red,213.75,2.35
T4_PC_w1_PD,T4,Ci,PC,1,PD,red,215.625,2.466666666666663
T4_PC_w1_PD,T4,Ci,PC,1,PD,red,217.5,2.583333333333337
T4_PC_w1_PD,T4,Ci,PC,1,PD,red,219.375,2.65
T4_PC_w1_PD,T4,Ci,PC,1,PD,red,221.25,2.65
T4_PC_w1_PD,T4,Ci,PC,1,PD,red,223.125,2.65
T4_PC_w1_PD,T4,Ci,PC,1,PD,red,225.0,2.65
T4_PC_w1_PD,T4,Ci,PC,1,PD,red,226.875,2.7
T4_PC_w1_PD,T4,Ci,PC,1,PD,red,228.75,2.8
T4_PC_w1_PD,T4,Ci,PC,1,PD,red,230.62499999999997,2.95
T4_PC_w1_PD,T4,Ci,PC,1,PD,red,232.50000000000003,3.1
T4_PC_w1_PD,T4,Ci,PC,1,PD,red,234.37500000000003,3.2
T4_PC_w1_PD,T4,Ci,PC,1,PD,red,236.25,3.25
T4_PC_w1_PD,T4,Ci,PC,1,PD,red,238.125,3.4
T4_PC_w1_PD,T4,Ci,PC,1,PD,red,240.0,3.6
T4_PC_w1_PD,T4,Ci,PC,1,PD,red,241.875,3.75
T4_PC_w1_PD,T4,Ci,PC,1,PD,red,243.74999999999997,3.85
T4_PC_w1_PD,T4,Ci,PC,1,PD,red,245.62499999999997,4.0
T4_PC_w1_PD,T4,Ci,PC,1,PD,red,247.50000000000003,4.1
T4_PC_w1_PD,T4,Ci,PC,1,PD,red,249.375,4.2
T4_PC_w1_PD,T4,Ci,PC,1,PD,red,251.25,4.25
T4_PC_w1_PD,T4,Ci,PC,1,PD,red,253.125,4.3
T4_PC_w1_PD,T4,Ci,PC,1,PD,red,255.0,4.35
T4_PC_w1_PD,T4,Ci,PC,1,PD,red,256.875,4.4
T4_PC_w1_PD,T4,Ci,PC,1,PD,red,258.75,4.5
T4_PC_w1_PD,T4,Ci,PC,1,PD,red,260.625,4.55
T4_PC_w1_PD,T4,Ci,PC,1,PD,red,262.5,4.6
T4_PC_w1_PD,T4,Ci,PC,1,PD,red,264.375,4.75
T4_PC_w1_PD,T4,Ci,PC,1,PD,red,266.25,4.85
T4_PC_w1_PD,T4,Ci,PC,1,PD,red,268.125,5.05
T4_PC_w1_PD,T4,Ci,PC,1,PD,red,270.0,5.2
T4_PC_w1_PD,T4,Ci,PC,1,PD,red,271.875,5.45
T4_PC_w1_PD,T4,Ci,PC,1,PD,red,273.75,5.7
T4_PC_w1_PD,T4,Ci,PC,1,PD,red,275.625,5.9
T4_PC_w1_PD,T4,Ci,PC,1,PD,red,277.5,6.15
T4_PC_w1_PD,T4,Ci,PC,1,PD,red,279.375,6.35
T4_PC_w1_PD,T4,Ci,PC,1,PD,red,281.25,6.5
T4_PC_w1_PD,T4,Ci,PC,1,PD,red,283.125,6.7
T4_PC_w1_PD,T4,Ci,PC,1,PD,red,285.0,6.9
T4_PC_w1_PD,T4,Ci,PC,1,PD,red,286.875,7.0
T4_PC_w1_PD,T4,Ci,PC,1,PD,red,288.75,7.1
T4_PC_w1_PD,T4,Ci,PC,1,PD,red,290.625,7.2
T4_PC_w1_PD,T4,Ci,PC,1,PD,red,292.5,7.35
T4_PC_w1_PD,T4,Ci,PC,1,PD,red,294.375,7.4
T4_PC_w1_PD,T4,Ci,PC,1,PD,red,296.25,7.5
T4_PC_w1_PD,T4,Ci,PC,1,PD,red,298.125,7.6
T4_PC_w1_PD,T4,Ci,PC,1,PD,red,300.0,7.85
T4_PC_w1_PD,T4,Ci,PC,1,PD,red,301.875,8.15
T4_PC_w1_PD,T4,Ci,PC,1,PD,red,303.75,8.45
T4_PC_w1_PD,T4,Ci,PC,1,PD,red,305.625,8.7
T4_PC_w1_PD,T4,Ci,PC,1,PD,red,307.5,9.1
T4_PC_w1_PD,T4,Ci,PC,1,PD,red,309.375,9.45
T4_PC_w1_PD,T4,Ci,PC,1,PD,red,311.25,9.8
T4_PC_w1_PD,T4,Ci,PC,1,PD,red,313.125,10.2
T4_PC_w1_PD,T4,Ci,PC,1,PD,red,315.0,10.5
T4_PC_w1_PD,T4,Ci,PC,1,PD,red,316.875,10.75
T4_PC_w1_PD,T4,Ci,PC,1,PD,red,318.75,10.95
T4_PC_w1_PD,T4,Ci,PC,1,PD,red,320.625,11.15
T4_PC_w1_PD,T4,Ci,PC,1,PD,red,322.5,11.45
T4_PC_w1_PD,T4,Ci,PC,1,PD,red,324.375,11.7
T4_PC_w1_PD,T4,Ci,PC,1,PD,red,326.25,11.85
T4_PC_w1_PD,T4,Ci,PC,1,PD,red,328.125,12.05
T4_PC_w1_PD,T4,Ci,PC,1,PD,red,330.0,12.35
T4_PC_w1_PD,T4,Ci,PC,1,PD,red,331.875,12.65
T4_PC_w1_PD,T4,Ci,PC,1,PD,red,333.75,12.95
T4_PC_w1_PD,T4,Ci,PC,1,PD,red,335.625,13.3
T4_PC_w1_PD,T4,Ci,PC,1,PD,red,337.5,13.6
T4_PC_w1_PD,T4,Ci,PC,1,PD,red,339.375,13.9
T4_PC_w1_PD,T4,Ci,PC,1,PD,red,341.25,14.15
T4_PC_w1_PD,T4,Ci,PC,1,PD,red,343.125,14.4
T4_PC_w1_PD,T4,Ci,PC,1,PD,red,345.0,14.65
T4_PC_w1_PD,T4,Ci,PC,1,PD,red,346.875,14.8
T4_PC_w1_PD,T4,Ci,PC,1,PD,red,348.75,14.9
T4_PC_w1_PD,T4,Ci,PC,1,PD,red,350.625,15.0
T4_PC_w1_PD,T4,Ci,PC,1,PD,red,352.5,15.1
T4_PC_w1_PD,T4,Ci,PC,1,PD,red,354.375,15.25
T4_PC_w1_PD,T4,Ci,PC,1,PD,red,356.25,15.6
T4_PC_w1_PD,T4,Ci,PC,1,PD,red,358.125,15.8
T4_PC_w1_PD,T4,Ci,PC,1,PD,red,360.0,16.05
T4_PC_w1_PD,T4,Ci,PC,1,PD,red,361.875,16.35
T4_PC_w1_PD,T4,Ci,PC,1,PD,red,363.75,16.75
T4_PC_w1_PD,T4,Ci,PC,1,PD,red,365.625,16.95
T4_PC_w1_PD,T4,Ci,PC,1,PD,red,367.5,17.1
T4_PC_w1_PD,T4,Ci,PC,1,PD,red,369.375,17.35
T4_PC_w1_PD,T4,Ci,PC,1,PD,red,371.25,17.5
T4_PC_w1_PD,T4,Ci,PC,1,PD,red,373.125,17.6
T4_PC_w1_PD,T4,Ci,PC,1,PD,red,375.0,17.75
T4_PC_w1_PD,T4,Ci,PC,1,PD,red,376.875,17.9
T4_PC_w1_PD,T4,Ci,PC,1,PD,red,378.75,17.95
T4_PC_w1_PD,T4,Ci,PC,1,PD,red,380.625,18.0
T4_PC_w1_PD,T4,Ci,PC,1,PD,red,382.5,18.05
T4_PC_w1_PD,T4,Ci,PC,1,PD,red,384.375,18.15
T4_PC_w1_PD,T4,Ci,PC,1,PD,red,386.25,18.2
T4_PC_w1_PD,T4,Ci,PC,1,PD,red,388.125,18.25
T4_PC_w1_PD,T4,Ci,PC,1,PD,red,390.0,18.25
T4_PC_w1_PD,T4,Ci,PC,1,PD,red,391.875,18.25
T4_PC_w1_PD,T4,Ci,PC,1,PD,red,393.75,18.25
T4_PC_w1_PD,T4,Ci,PC,1,PD,red,395.625,18.15
T4_PC_w1_PD,T4,Ci,PC,1,PD,red,397.5,18.1
T4_PC_w1_PD,T4,Ci,PC,1,PD,red,399.375,18.0
T4_PC_w1_PD,T4,Ci,PC,1,PD,red,401.25,18.0
T4_PC_w1_PD,T4,Ci,PC,1,PD,red,403.125,17.95
T4_PC_w1_PD,T4,Ci,PC,1,PD,red,405.0,17.9
T4_PC_w1_PD,T4,Ci,PC,1,PD,red,406.875,17.9
T4_PC_w1_PD,T4,Ci,PC,1,PD,red,408.75,17.9
T4_PC_w1_PD,T4,Ci,PC,1,PD,red,410.625,18.0
T4_PC_w1_PD,T4,Ci,PC,1,PD,red,412.5,18.1
T4_PC_w1_PD,T4,Ci,PC,1,PD,red,414.375,18.15
T4_PC_w1_PD,T4,Ci,PC,1,PD,red,416.25,18.25
T4_PC_w1_PD,T4,Ci,PC,1,PD,red,418.125,18.35
T4_PC_w1_PD,T4,Ci,PC,1,PD,red,420.0,18.35
T4_PC_w1_PD,T4,Ci,PC,1,PD,red,421.875,18.35
T4_PC_w1_PD,T4,Ci,PC,1,PD,red,423.75,18.3
T4_PC_w1_PD,T4,Ci,PC,1,PD,red,425.625,18.2
T4_PC_w1_PD,T4,Ci,PC,1,PD,red,427.5,18.1
T4_PC_w1_PD,T4,Ci,PC,1,PD,red,429.375,18.05
T4_PC_w1_PD,T4,Ci,PC,1,PD,red,431.25,17.95
T4_PC_w1_PD,T4,Ci,PC,1,PD,red,433.125,17.75
T4_PC_w1_PD,T4,Ci,PC,1,PD,red,435.0,17.65
T4_PC_w1_PD,T4,Ci,PC,1,PD,red,436.875,17.55
T4_PC_w1_PD,T4,Ci,PC,1,PD,red,438.75,17.45
T4_PC_w1_PD,T4,Ci,PC,1,PD,red,440.625,17.3
T4_PC_w1_PD,T4,Ci,PC,1,PD,red,442.5,17.2
T4_PC_w1_PD,T4,Ci,PC,1,PD,red,444.375,17.05
T4_PC_w1_PD,T4,Ci,PC,1,PD,red,446.25,16.85
T4_PC_w1_PD,T4,Ci,PC,1,PD,red,448.125,16.65
T4_PC_w1_PD,T4,Ci,PC,1,PD,red,450.0,16.4
T4_PC_w1_PD,T4,Ci,PC,1,PD,red,451.875,16.15
T4_PC_w1_PD,T4,Ci,PC,1,PD,red,453.75,15.85
T4_PC_w1_PD,T4,Ci,PC,1,PD,red,455.625,15.6
T4_PC_w1_PD,T4,Ci,PC,1,PD,red,457.5,15.35
T4_PC_w1_PD,T4,Ci,PC,1,PD,red,459.37499999999994,15.15
T4_PC_w1_PD,T4,Ci,PC,1,PD,red,461.24999999999994,14.9
T4_PC_w1_PD,T4,Ci,PC,1,PD,red,463.12499999999994,14.65
T4_PC_w1_PD,T4,Ci,PC,1,PD,red,465.00000000000006,14.4
T4_PC_w1_PD,T4,Ci,PC,1,PD,red,466.87500000000006,14.15
T4_PC_w1_PD,T4,Ci,PC,1,PD,red,468.75000000000006,13.75
T4_PC_w1_PD,T4,Ci,PC,1,PD,red,470.625,13.4
T4_PC_w1_PD,T4,Ci,PC,1,PD,red,472.5,13.0
T4_PC_w1_PD,T4,Ci,PC,1,PD,red,474.375,12.6
T4_PC_w1_PD,T4,Ci,PC,1,PD,red,476.25,12.1
T4_PC_w1_PD,T4,Ci,PC,1,PD,red,478.125,11.65
T4_PC_w1_PD,T4,Ci,PC,1,PD,red,480.0,11.3
T4_PC_w1_PD,T4,Ci,PC,1,PD,red,481.875,10.95
T4_PC_w1_PD,T4,Ci,PC,1,PD,red,483.75,10.55
T4_PC_w1_PD,T4,Ci,PC,1,PD,red,485.625,10.15
T4_PC_w1_PD,T4,Ci,PC,1,PD,red,487.49999999999994,9.8
T4_PC_w1_PD,T4,Ci,PC,1,PD,red,489.37499999999994,9.4
T4_PC_w1_PD,T4,Ci,PC,1,PD,red,491.24999999999994,9.05
T4_PC_w1_PD,T4,Ci,PC,1,PD,red,493.12500000000006,8.6
T4_PC_w1_PD,T4,Ci,PC,1,PD,red,495.00000000000006,8.2
T4_PC_w1_PD,T4,Ci,PC,1,PD,red,496.87500000000006,7.9
T4_PC_w1_PD,T4,Ci,PC,1,PD,red,498.75,7.55
T4_PC_w1_PD,T4,Ci,PC,1,PD,red,500.625,7.25
T4_PC_w1_PD,T4,Ci,PC,1,PD,red,502.5,6.9
T4_PC_w1_PD,T4,Ci,PC,1,PD,red,504.375,6.55
T4_PC_w1_PD,T4,Ci,PC,1,PD,red,506.25,6.3
T4_PC_w1_PD,T4,Ci,PC,1,PD,red,508.125,6.0
T4_PC_w1_PD,T4,Ci,PC,1,PD,red,510.0,5.7
T4_PC_w1_PD,T4,Ci,PC,1,PD,red,511.875,5.45
T4_PC_w1_PD,T4,Ci,PC,1,PD,red,513.75,5.2
T4_PC_w1_PD,T4,Ci,PC,1,PD,red,515.625,4.95
T4_PC_w1_PD,T4,Ci,PC,1,PD,red,517.5,4.7
T4_PC_w1_PD,T4,Ci,PC,1,PD,red,519.375,4.6
T4_PC_w1_PD,T4,Ci,PC,1,PD,red,521.25,4.4
T4_PC_w1_PD,T4,Ci,PC,1,PD,red,523.125,4.2
T4_PC_w1_PD,T4,Ci,PC,1,PD,red,525.0,4.05
T4_PC_w1_PD,T4,Ci,PC,1,PD,red,526.875,3.9
T4_PC_w1_PD,T4,Ci,PC,1,PD,red,528.75,3.85
T4_PC_w1_PD,T4,Ci,PC,1,PD,red,530.625,3.7
T4_PC_w1_PD,T4,Ci,PC,1,PD,red,532.5,2.95
T4_PC_w1_PD,T4,Ci,PC,1,PD,red,534.375,2.75
T4_PC_w1_PD,T4,Ci,PC,1,PD,red,536.25,2.6
T4_PC_w1_PD,T4,Ci,PC,1,PD,red,538.125,2.5
T4_PC_w1_PD,T4,Ci,PC,1,PD,red,540.0,2.3
T4_PC_w1_PD,T4,Ci,PC,1,PD,red,541.875,2.1
T4_PC_w1_PD,T4,Ci,PC,1,PD,red,543.75,1.95
T4_PC_w1_PD,T4,Ci,PC,1,PD,red,545.625,1.8
T4_PC_w1_PD,T4,Ci,PC,1,PD,red,547.5,1.65
T4_PC_w1_PD,T4,Ci,PC,1,PD,red,549.375,1.45
T4_PC_w1_PD,T4,Ci,PC,1,PD,red,551.25,1.2
T4_PC_w1_PD,T4,Ci,PC,1,PD,red,553.125,1.1
T4_PC_w1_PD,T4,Ci,PC,1,PD,red,555.0,1.0
T4_PC_w1_PD,T4,Ci,PC,1,PD,red,556.875,0.85
T4_PC_w1_PD,T4,Ci,PC,1,PD,red,558.75,0.65
T4_PC_w1_PD,T4,Ci,PC,1,PD,red,560.625,0.6
T4_PC_w1_PD,T4,Ci,PC,1,PD,red,562.5,0.4
T4_PC_w1_PD,T4,Ci,PC,1,PD,red,564.375,0.25
T4_PC_w1_PD,T4,Ci,PC,1,PD,red,566.25,0.15
T4_PC_w1_PD,T4,Ci,PC,1,PD,red,568.125,0.05
T4_PC_w1_PD,T4,Ci,PC,1,PD,red,570.0,-0.1
T4_PC_w1_PD,T4,Ci,PC,1,PD,red,571.875,-0.2
T4_PC_w1_PD,T4,Ci,PC,1,PD,red,573.75,-0.25
T4_PC_w1_PD,T4,Ci,PC,1,PD,red,575.625,-0.4
T4_PC_w1_PD,T4,Ci,PC,1,PD,red,577.5,-0.5
T4_PC_w1_PD,T4,Ci,PC,1,PD,red,579.375,-0.55
T4_PC_w1_PD,T4,Ci,PC,1,PD,red,581.25,-0.65
T4_PC_w1_PD,T4,Ci,PC,1,PD,red,583.125,-0.8
T4_PC_w1_PD,T4,Ci,PC,1,PD,red,585.0,-0.9
T4_PC_w1_PD,T4,Ci,PC,1,PD,red,586.875,-1.0
T4_PC_w1_PD,T4,Ci,PC,1,PD,red,588.75,-1.1
T4_PC_w1_PD,T4,Ci,PC,1,PD,red,590.625,-1.2
T4_PC_w1_PD,T4,Ci,PC,1,PD,red,592.5,-1.3
T4_PC_w1_PD,T4,Ci,PC,1,PD,red,594.375,-1.35
T4_PC_w1_PD,T4,Ci,PC,1,PD,red,596.25,-1.45
T4_PC_w1_PD,T4,Ci,PC,1,PD,red,598.125,-1.45
T4_PC_w1_PD,T4,Ci,PC,1,PD,red,600.0,-1.5
T4_PC_w1_PD,T4,Ci,PC,1,PD,red,601.875,-1.55
T4_PC_w1_PD,T4,Ci,PC,1,PD,red,603.75,-1.6
T4_PC_w1_PD,T4,Ci,PC,1,PD,red,605.625,-1.65
T4_PC_w1_PD,T4,Ci,PC,1,PD,red,607.5,-1.65
T4_PC_w1_PD,T4,Ci,PC,1,PD,red,609.375,-1.75
T4_PC_w1_PD,T4,Ci,PC,1,PD,red,611.25,-1.75
T4_PC_w1_PD,T4,Ci,PC,1,PD,red,613.125,-1.75
T4_PC_w1_PD,T4,Ci,PC,1,PD,red,615.0,-1.8
T4_PC_w1_PD,T4,Ci,PC,1,PD,red,616.875,-1.9
T4_PC_w1_PD,T4,Ci,PC,1,PD,red,618.75,-1.95
T4_PC_w1_PD,T4,Ci,PC,1,PD,red,620.625,-2.0
T4_PC_w1_PD,T4,Ci,PC,1,PD,red,622.5,-2.05
T4_PC_w1_PD,T4,Ci,PC,1,PD,red,624.375,-2.05
T4_PC_w1_PD,T4,Ci,PC,1,PD,red,626.25,-2.05
T4_PC_w1_PD,T4,Ci,PC,1,PD,red,628.125,-2.05
T4_PC_w1_PD,T4,Ci,PC,1,PD,red,630.0,-2.05
T4_PC_w1_PD,T4,Ci,PC,1,PD,red,631.875,-2.05
T4_PC_w1_PD,T4,Ci,PC,1,PD,red,633.75,-2.05
T4_PC_w1_PD,T4,Ci,PC,1,PD,red,635.625,-2.05
T4_PC_w1_PD,T4,Ci,PC,1,PD,red,637.5,-2.05
T4_PC_w1_PD,T4,Ci,PC,1,PD,red,639.375,-2.05
T4_PC_w1_PD,T4,Ci,PC,1,PD,red,641.25,-2.05
T4_PC_w1_PD,T4,Ci,PC,1,PD,red,643.125,-2.05
T4_PC_w1_PD,T4,Ci,PC,1,PD,red,645.0,-2.05
T4_PC_w1_PD,T4,Ci,PC,1,PD,red,646.875,-2.05
T4_PC_w1_PD,T4,Ci,PC,1,PD,red,648.75,-2.05
T4_PC_w1_PD,T4,Ci,PC,1,PD,red,650.625,-2.05
T4_PC_w1_PD,T4,Ci,PC,1,PD,red,652.5,-2.05
T4_PC_w1_PD,T4,Ci,PC,1,PD,red,654.375,-2.1
T4_PC_w1_PD,T4,Ci,PC,1,PD,red,656.25,-2.15
T4_PC_w1_PD,T4,Ci,PC,1,PD,red,658.125,-2.15
T4_PC_w1_PD,T4,Ci,PC,1,PD,red,660.0,-2.2
T4_PC_w1_PD,T4,Ci,PC,1,PD,red,661.875,-2.25
T4_PC_w1_PD,T4,Ci,PC,1,PD,red,663.75,-2.25
T4_PC_w1_PD,T4,Ci,PC,1,PD,red,665.625,-2.3
T4_PC_w1_PD,T4,Ci,PC,1,PD,red,667.5,-2.4
T4_PC_w1_PD,T4,Ci,PC,1,PD,red,669.375,-2.45
T4_PC_w1_PD,T4,Ci,PC,1,PD,red,671.25,-2.5
T4_PC_w1_PD,T4,Ci,PC,1,PD,red,673.125,-2.55
T4_PC_w1_PD,T4,Ci,PC,1,PD,red,675.0,-2.6
T4_PC_w1_PD,T4,Ci,PC,1,PD,red,676.875,-2.65
T4_PC_w1_PD,T4,Ci,PC,1,PD,red,678.75,-2.65
T4_PC_w1_PD,T4,Ci,PC,1,PD,red,680.625,-2.65
T4_PC_w1_PD,T4,Ci,PC,1,PD,red,682.5,-2.65
T4_PC_w1_PD,T4,Ci,PC,1,PD,red,684.375,-2.7
T4_PC_w1_PD,T4,Ci,PC,1,PD,red,686.25,-2.7
T4_PC_w1_PD,T4,Ci,PC,1,PD,red,688.125,-2.8
T4_PC_w1_PD,T4,Ci,PC,1,PD,red,690.0,-2.85
T4_PC_w1_PD,T4,Ci,PC,1,PD,red,691.875,-2.85
T4_PC_w1_PD,T4,Ci,PC,1,PD,red,693.75,-2.85
T4_PC_w1_PD,T4,Ci,PC,1,PD,red,695.625,-2.9
T4_PC_w1_PD,T4,Ci,PC,1,PD,red,697.5,-2.95
T4_PC_w1_PD,T4,Ci,PC,1,PD,red,699.375,-2.95
T4_PC_w1_PD,T4,Ci,PC,1,PD,red,701.25,-3.05
T4_PC_w1_PD,T4,Ci,PC,1,PD,red,703.125,-3.05
T4_PC_w1_PD,T4,Ci,PC,1,PD,red,705.0,-3.05
T4_PC_w1_PD,T4,Ci,PC,1,PD,red,706.875,-3.05
T4_PC_w1_PD,T4,Ci,PC,1,PD,red,708.75,-3.05
T4_PC_w1_PD,T4,Ci,PC,1,PD,red,710.625,-3.05
T4_PC_w1_PD,T4,Ci,PC,1,PD,red,712.5,-3.05
T4_PC_w1_PD,T4,Ci,PC,1,PD,red,714.375,-3.05
T4_PC_w1_PD,T4,Ci,PC,1,PD,red,716.25,-3.05
T4_PC_w1_PD,T4,Ci,PC,1,PD,red,718.125,-3.05
T4_PC_w1_PD,T4,Ci,PC,1,PD,red,720.0,-3.05
T4_PC_w1_PD,T4,Ci,PC,1,PD,red,721.875,-3.1
T4_PC_w1_PD,T4,Ci,PC,1,PD,red,723.75,-3.15
T4_PC_w1_PD,T4,Ci,PC,1,PD,red,725.625,-3.15
T4_PC_w1_PD,T4,Ci,PC,1,PD,red,727.5,-3.15
T4_PC_w1_PD,T4,Ci,PC,1,PD,red,729.375,-3.2
T4_PC_w1_PD,T4,Ci,PC,1,PD,red,731.25,-3.25
T4_PC_w1_PD,T4,Ci,PC,1,PD,red,733.125,-3.25
T4_PC_w1_PD,T4,Ci,PC,1,PD,red,735.0,-3.3
T4_PC_w1_PD,T4,Ci,PC,1,PD,red,736.875,-3.35
T4_PC_w1_PD,T4,Ci,PC,1,PD,red,738.75,-3.35
T4_PC_w1_PD,T4,Ci,PC,1,PD,red,740.625,-3.35
T4_PC_w1_PD,T4,Ci,PC,1,PD,red,742.5,-3.4
T4_PC_w1_PD,T4,Ci,PC,1,PD,red,744.375,-3.4
T4_PC_w1_PD,T4,Ci,PC,1,PD,red,746.25,-3.35
T4_PC_w1_PD,T4,Ci,PC,1,PD,red,748.125,-3.25
T4_PC_w1_PD,T4,Ci,PC,1,PD,red,750.0,-3.15
T4_PC_w1_PD,T4,Ci,PC,1,PD,red,751.875,-3.1
T4_PC_w1_PD,T4,Ci,PC,1,PD,red,753.75,-3.0
T4_PC_w1_PD,T4,Ci,PC,1,PD,red,755.625,-2.95
T4_PC_w1_PD,T4,Ci,PC,1,PD,red,757.5,-2.95
T4_PC_w1_PD,T4,Ci,PC,1,PD,red,759.375,-2.95
T4_PC_w1_PD,T4,Ci,PC,1,PD,red,761.25,-2.9
T4_PC_w1_PD,T4,Ci,PC,1,PD,red,763.125,-2.9
T4_PC_w1_PD,T4,Ci,PC,1,PD,red,765.0,-2.95
T4_PC_w1_PD,T4,Ci,PC,1,PD,red,766.875,-2.95
T4_PC_w1_PD,T4,Ci,PC,1,PD,red,768.75,-2.95
T4_PC_w1_PD,T4,Ci,PC,1,PD,red,770.625,-2.95
T4_PC_w1_PD,T4,Ci,PC,1,PD,red,772.5,-2.95
T4_PC_w1_PD,T4,Ci,PC,1,PD,red,774.375,-2.95
T4_PC_w1_PD,T4,Ci,PC,1,PD,red,776.25,-2.95
T4_PC_w1_PD,T4,Ci,PC,1,PD,red,778.125,-2.95
T4_PC_w1_PD,T4,Ci,PC,1,PD,red,780.0,-3.05
T4_PC_w1_PD,T4,Ci,PC,1,PD,red,781.875,-3.05
T4_PC_w1_PD,T4,Ci,PC,1,PD,red,783.75,-3.05
T4_PC_w1_PD,T4,Ci,PC,1,PD,red,785.625,-3.05
T4_PC_w1_PD,T4,Ci,PC,1,PD,red,787.5,-3.05
T4_PC_w1_PD,T4,Ci,PC,1,PD,red,789.375,-3.05
T4_PC_w1_PD,T4,Ci,PC,1,PD,red,791.25,-3.15
T4_PC_w1_PD,T4,Ci,PC,1,PD,red,793.125,-3.15
T4_PC_w1_PD,T4,Ci,PC,1,PD,red,795.0,-3.15
T4_PC_w1_PD,T4,Ci,PC,1,PD,red,796.875,-3.1
T4_PC_w1_PD,T4,Ci,PC,1,PD,red,798.75,-3.0
T4_PC_w1_PD,T4,Ci,PC,1,PD,red,800.625,-2.95
T4_PC_w1_PD,T4,Ci,PC,1,PD,red,802.5,-2.85
T4_PC_w1_PD,T4,Ci,PC,1,PD,red,804.375,-2.85
T4_PC_w1_PD,T4,Ci,PC,1,PD,red,806.25,-2.8
T4_PC_w1_PD,T4,Ci,PC,1,PD,red,808.125,-2.7
T4_PC_w1_PD,T4,Ci,PC,1,PD,red,810.0,-2.65
T4_PC_w1_PD,T4,Ci,PC,1,PD,red,811.875,-2.55
T4_PC_w1_PD,T4,Ci,PC,1,PD,red,813.75,-2.5
T4_PC_w1_PD,T4,Ci,PC,1,PD,red,815.625,-2.45
T4_PC_w1_PD,T4,Ci,PC,1,PD,red,817.5,-2.45
T4_PC_w1_PD,T4,Ci,PC,1,PD,red,819.375,-2.45
T4_PC_w1_PD,T4,Ci,PC,1,PD,red,821.25,-2.45
T4_PC_w1_PD,T4,Ci,PC,1,PD,red,823.125,-2.45
T4_PC_w1_PD,T4,Ci,PC,1,PD,red,825.0,-2.45
T4_PC_w1_PD,T4,Ci,PC,1,PD,red,826.875,-2.45
T4_PC_w1_PD,T4,Ci,PC,1,PD,red,828.75,-2.45
T4_PC_w1_PD,T4,Ci,PC,1,PD,red,830.625,-2.45
T4_PC_w1_PD,T4,Ci,PC,1,PD,red,832.5,-2.45
T4_PC_w1_PD,T4,Ci,PC,1,PD,red,834.375,-2.4
T4_PC_w1_PD,T4,Ci,PC,1,PD,red,836.25,-2.35
T4_PC_w1_PD,T4,Ci,PC,1,PD,red,838.125,-2.3
T4_PC_w1_PD,T4,Ci,PC,1,PD,red,840.0,-2.25
T4_PC_w1_PD,T4,Ci,PC,1,PD,red,841.875,-2.15
T4_PC_w1_PD,T4,Ci,PC,1,PD,red,843.75,-2.15
T4_PC_w1_PD,T4,Ci,PC,1,PD,red,845.625,-2.15
T4_PC_w1_PD,T4,Ci,PC,1,PD,red,847.5,-2.1
T4_PC_w1_PD,T4,Ci,PC,1,PD,red,849.375,-2.0
T4_PC_w1_PD,T4,Ci,PC,1,PD,red,851.25,-1.9
T4_PC_w1_PD,T4,Ci,PC,1,PD,red,853.125,-1.85
T4_PC_w1_PD,T4,Ci,PC,1,PD,red,855.0,-1.85
T4_PC_w1_PD,T4,Ci,PC,1,PD,red,856.875,-1.85
T4_PC_w1_PD,T4,Ci,PC,1,PD,red,858.75,-1.85
T4_PC_w1_PD,T4,Ci,PC,1,PD,red,860.625,-1.85
T4_PC_w1_PD,T4,Ci,PC,1,PD,red,862.5,-1.95
T4_PC_w1_PD,T4,Ci,PC,1,PD,red,864.375,-1.95
T4_PC_w1_PD,T4,Ci,PC,1,PD,red,866.25,-1.95
T4_PC_w1_PD,T4,Ci,PC,1,PD,red,868.125,-1.95
T4_PC_w1_PD,T4,Ci,PC,1,PD,red,870.0,-1.95
T4_PC_w1_PD,T4,Ci,PC,1,PD,red,871.875,-1.95
T4_PC_w1_PD,T4,Ci,PC,1,PD,red,873.75,-1.95
T4_PC_w1_PD,T4,Ci,PC,1,PD,red,875.625,-2.0
T4_PC_w1_PD,T4,Ci,PC,1,PD,red,877.5,-2.05
T4_PC_w1_PD,T4,Ci,PC,1,PD,red,879.375,-2.05
T4_PC_w1_PD,T4,Ci,PC,1,PD,red,881.25,-2.15
T4_PC_w1_PD,T4,Ci,PC,1,PD,red,883.125,-2.15
T4_PC_w1_PD,T4,Ci,PC,1,PD,red,885.0,-2.2
T4_PC_w1_PD,T4,Ci,PC,1,PD,red,886.875,-2.2
T4_PC_w1_PD,T4,Ci,PC,1,PD,red,888.75,-2.2
T4_PC_w1_PD,T4,Ci,PC,1,PD,red,890.625,-2.15
T4_PC_w1_PD,T4,Ci,PC,1,PD,red,892.5,-2.15
T4_PC_w1_PD,T4,Ci,PC,1,PD,red,894.375,-2.15
T4_PC_w1_PD,T4,Ci,PC,1,PD,red,896.25,-2.15
T4_PC_w1_PD,T4,Ci,PC,1,PD,red,898.125,-2.15
T4_PC_w1_PD,T4,Ci,PC,1,PD,red,900.0,-2.15
T4_PC_w1_ND,T4,Ci,PC,1,ND,blue,0.0,0.0
T4_PC_w1_ND,T4,Ci,PC,1,ND,blue,1.875,0.0
T4_PC_w1_ND,T4,Ci,PC,1,ND,blue,3.75,0.0
T4_PC_w1_ND,T4,Ci,PC,1,ND,blue,5.625,-0.05
T4_PC_w1_ND,T4,Ci,PC,1,ND,blue,7.5,-0.05
T4_PC_w1_ND,T4,Ci,PC,1,ND,blue,9.375,0.0
T4_PC_w1_ND,T4,Ci,PC,1,ND,blue,11.25,0.0
T4_PC_w1_ND,T4,Ci,PC,1,ND,blue,13.125,0.0
T4_PC_w1_ND,T4,Ci,PC,1,ND,blue,15.0,0.05
T4_PC_w1_ND,T4,Ci,PC,1,ND,blue,16.875,0.15
T4_PC_w1_ND,T4,Ci,PC,1,ND,blue,18.75,0.25
T4_PC_w1_ND,T4,Ci,PC,1,ND,blue,20.625,0.35
T4_PC_w1_ND,T4,Ci,PC,1,ND,blue,22.5,0.45
T4_PC_w1_ND,T4,Ci,PC,1,ND,blue,24.375,0.55
T4_PC_w1_ND,T4,Ci,PC,1,ND,blue,26.25,0.65
T4_PC_w1_ND,T4,Ci,PC,1,ND,blue,28.125,0.7
T4_PC_w1_ND,T4,Ci,PC,1,ND,blue,30.0,0.7
T4_PC_w1_ND,T4,Ci,PC,1,ND,blue,31.875,0.65
T4_PC_w1_ND,T4,Ci,PC,1,ND,blue,33.75,0.6
T4_PC_w1_ND,T4,Ci,PC,1,ND,blue,35.625,0.55
T4_PC_w1_ND,T4,Ci,PC,1,ND,blue,37.5,0.5
T4_PC_w1_ND,T4,Ci,PC,1,ND,blue,39.375,0.5
T4_PC_w1_ND,T4,Ci,PC,1,ND,blue,41.25,0.5
T4_PC_w1_ND,T4,Ci,PC,1,ND,blue,43.125,0.45
T4_PC_w1_ND,T4,Ci,PC,1,ND,blue,45.0,0.35
T4_PC_w1_ND,T4,Ci,PC,1,ND,blue,46.875,0.35
T4_PC_w1_ND,T4,Ci,PC,1,ND,blue,48.75,0.25
T4_PC_w1_ND,T4,Ci,PC,1,ND,blue,50.625,0.2
T4_PC_w1_ND,T4,Ci,PC,1,ND,blue,52.5,0.2
T4_PC_w1_ND,T4,Ci,PC,1,ND,blue,54.375,0.2
T4_PC_w1_ND,T4,Ci,PC,1,ND,blue,56.25,0.15
T4_PC_w1_ND,T4,Ci,PC,1,ND,blue,58.12500000000001,0.15
T4_PC_w1_ND,T4,Ci,PC,1,ND,blue,60.0,0.05
T4_PC_w1_ND,T4,Ci,PC,1,ND,blue,61.87500000000001,0.0
T4_PC_w1_ND,T4,Ci,PC,1,ND,blue,63.75,-0.05
T4_PC_w1_ND,T4,Ci,PC,1,ND,blue,65.625,-0.15
T4_PC_w1_ND,T4,Ci,PC,1,ND,blue,67.5,-0.15
T4_PC_w1_ND,T4,Ci,PC,1,ND,blue,69.375,-0.2
T4_PC_w1_ND,T4,Ci,PC,1,ND,blue,71.25,-0.2
T4_PC_w1_ND,T4,Ci,PC,1,ND,blue,73.125,-0.25
T4_PC_w1_ND,T4,Ci,PC,1,ND,blue,75.0,-0.3
T4_PC_w1_ND,T4,Ci,PC,1,ND,blue,76.875,-0.3
T4_PC_w1_ND,T4,Ci,PC,1,ND,blue,78.75,-0.3
T4_PC_w1_ND,T4,Ci,PC,1,ND,blue,80.625,-0.3
T4_PC_w1_ND,T4,Ci,PC,1,ND,blue,82.5,-0.25
T4_PC_w1_ND,T4,Ci,PC,1,ND,blue,84.375,-0.2
T4_PC_w1_ND,T4,Ci,PC,1,ND,blue,86.25,-0.15
T4_PC_w1_ND,T4,Ci,PC,1,ND,blue,88.125,-0.1
T4_PC_w1_ND,T4,Ci,PC,1,ND,blue,90.0,-0.1
T4_PC_w1_ND,T4,Ci,PC,1,ND,blue,91.875,-0.1
T4_PC_w1_ND,T4,Ci,PC,1,ND,blue,93.75,-0.1
T4_PC_w1_ND,T4,Ci,PC,1,ND,blue,95.625,-0.05
T4_PC_w1_ND,T4,Ci,PC,1,ND,blue,97.5,0.0
T4_PC_w1_ND,T4,Ci,PC,1,ND,blue,99.375,0.0
T4_PC_w1_ND,T4,Ci,PC,1,ND,blue,101.25,0.0
T4_PC_w1_ND,T4,Ci,PC,1,ND,blue,103.125,0.0
T4_PC_w1_ND,T4,Ci,PC,1,ND,blue,105.0,0.0
T4_PC_w1_ND,T4,Ci,PC,1,ND,blue,106.875,0.0
T4_PC_w1_ND,T4,Ci,PC,1,ND,blue,108.75,0.05
T4_PC_w1_ND,T4,Ci,PC,1,ND,blue,110.625,0.1
T4_PC_w1_ND,T4,Ci,PC,1,ND,blue,112.5,0.1
T4_PC_w1_ND,T4,Ci,PC,1,ND,blue,114.375,0.1
T4_PC_w1_ND,T4,Ci,PC,1,ND,blue,116.25000000000001,0.15
T4_PC_w1_ND,T4,Ci,PC,1,ND,blue,118.125,0.2
T4_PC_w1_ND,T4,Ci,PC,1,ND,blue,120.0,0.2
T4_PC_w1_ND,T4,Ci,PC,1,ND,blue,121.87499999999999,0.25
T4_PC_w1_ND,T4,Ci,PC,1,ND,blue,123.75000000000001,0.25
T4_PC_w1_ND,T4,Ci,PC,1,ND,blue,125.625,0.25
T4_PC_w1_ND,T4,Ci,PC,1,ND,blue,127.5,0.2
T4_PC_w1_ND,T4,Ci,PC,1,ND,blue,129.375,0.15
T4_PC_w1_ND,T4,Ci,PC,1,ND,blue,131.25,0.1
T4_PC_w1_ND,T4,Ci,PC,1,ND,blue,133.125,0.1
T4_PC_w1_ND,T4,Ci,PC,1,ND,blue,135.0,0.15
T4_PC_w1_ND,T4,Ci,PC,1,ND,blue,136.875,0.2
T4_PC_w1_ND,T4,Ci,PC,1,ND,blue,138.75,0.25
T4_PC_w1_ND,T4,Ci,PC,1,ND,blue,140.625,0.3
T4_PC_w1_ND,T4,Ci,PC,1,ND,blue,142.5,0.3
T4_PC_w1_ND,T4,Ci,PC,1,ND,blue,144.375,0.3
T4_PC_w1_ND,T4,Ci,PC,1,ND,blue,146.25,0.3
T4_PC_w1_ND,T4,Ci,PC,1,ND,blue,148.125,0.3
T4_PC_w1_ND,T4,Ci,PC,1,ND,blue,150.0,0.3
T4_PC_w1_ND,T4,Ci,PC,1,ND,blue,151.875,0.3
T4_PC_w1_ND,T4,Ci,PC,1,ND,blue,153.75,0.3
T4_PC_w1_ND,T4,Ci,PC,1,ND,blue,155.625,0.3
T4_PC_w1_ND,T4,Ci,PC,1,ND,blue,157.5,0.3
T4_PC_w1_ND,T4,Ci,PC,1,ND,blue,159.375,0.35
T4_PC_w1_ND,T4,Ci,PC,1,ND,blue,161.25,0.35
T4_PC_w1_ND,T4,Ci,PC,1,ND,blue,163.125,0.4
T4_PC_w1_ND,T4,Ci,PC,1,ND,blue,165.0,0.4
T4_PC_w1_ND,T4,Ci,PC,1,ND,blue,166.875,0.45
T4_PC_w1_ND,T4,Ci,PC,1,ND,blue,168.75,0.6
T4_PC_w1_ND,T4,Ci,PC,1,ND,blue,170.625,0.7
T4_PC_w1_ND,T4,Ci,PC,1,ND,blue,172.5,0.75
T4_PC_w1_ND,T4,Ci,PC,1,ND,blue,174.375,0.85
T4_PC_w1_ND,T4,Ci,PC,1,ND,blue,176.25,0.95
T4_PC_w1_ND,T4,Ci,PC,1,ND,blue,178.125,0.95
T4_PC_w1_ND,T4,Ci,PC,1,ND,blue,180.0,1.05
T4_PC_w1_ND,T4,Ci,PC,1,ND,blue,181.875,1.15
T4_PC_w1_ND,T4,Ci,PC,1,ND,blue,183.75,1.15
T4_PC_w1_ND,T4,Ci,PC,1,ND,blue,185.625,1.2
T4_PC_w1_ND,T4,Ci,PC,1,ND,blue,187.5,1.2
T4_PC_w1_ND,T4,Ci,PC,1,ND,blue,189.375,1.2
T4_PC_w1_ND,T4,Ci,PC,1,ND,blue,191.25,1.3
T4_PC_w1_ND,T4,Ci,PC,1,ND,blue,193.125,1.4
T4_PC_w1_ND,T4,Ci,PC,1,ND,blue,195.0,1.55
T4_PC_w1_ND,T4,Ci,PC,1,ND,blue,196.875,1.6
T4_PC_w1_ND,T4,Ci,PC,1,ND,blue,198.75,1.75
T4_PC_w1_ND,T4,Ci,PC,1,ND,blue,200.625,1.8
T4_PC_w1_ND,T4,Ci,PC,1,ND,blue,202.5,1.85
T4_PC_w1_ND,T4,Ci,PC,1,ND,blue,204.375,1.9
T4_PC_w1_ND,T4,Ci,PC,1,ND,blue,206.25,2.0
T4_PC_w1_ND,T4,Ci,PC,1,ND,blue,208.125,2.0
T4_PC_w1_ND,T4,Ci,PC,1,ND,blue,210.0,2.0
T4_PC_w1_ND,T4,Ci,PC,1,ND,blue,211.875,2.05
T4_PC_w1_ND,T4,Ci,PC,1,ND,blue,213.75,2.05
T4_PC_w1_ND,T4,Ci,PC,1,ND,blue,215.625,2.05
T4_PC_w1_ND,T4,Ci,PC,1,ND,blue,217.5,2.05
T4_PC_w1_ND,T4,Ci,PC,1,ND,blue,219.375,2.0
T4_PC_w1_ND,T4,Ci,PC,1,ND,blue,221.25,1.95
T4_PC_w1_ND,T4,Ci,PC,1,ND,blue,223.125,1.9
T4_PC_w1_ND,T4,Ci,PC,1,ND,blue,225.0,1.9
T4_PC_w1_ND,T4,Ci,PC,1,ND,blue,226.875,1.95
T4_PC_w1_ND,T4,Ci,PC,1,ND,blue,228.75,2.0
T4_PC_w1_ND,T4,Ci,PC,1,ND,blue,230.62499999999997,2.05
T4_PC_w1_ND,T4,Ci,PC,1,ND,blue,232.50000000000003,2.1
T4_PC_w1_ND,T4,Ci,PC,1,ND,blue,234.37500000000003,2.2
T4_PC_w1_ND,T4,Ci,PC,1,ND,blue,236.25,2.25
T4_PC_w1_ND,T4,Ci,PC,1,ND,blue,238.125,2.25
T4_PC_w1_ND,T4,Ci,PC,1,ND,blue,240.0,2.25
T4_PC_w1_ND,T4,Ci,PC,1,ND,blue,241.875,2.15
T4_PC_w1_ND,T4,Ci,PC,1,ND,blue,243.74999999999997,2.05
T4_PC_w1_ND,T4,Ci,PC,1,ND,blue,245.62499999999997,1.95
T4_PC_w1_ND,T4,Ci,PC,1,ND,blue,247.50000000000003,1.85
T4_PC_w1_ND,T4,Ci,PC,1,ND,blue,249.375,1.85
T4_PC_w1_ND,T4,Ci,PC,1,ND,blue,251.25,1.95
T4_PC_w1_ND,T4,Ci,PC,1,ND,blue,253.125,2.05
T4_PC_w1_ND,T4,Ci,PC,1,ND,blue,255.0,2.2
T4_PC_w1_ND,T4,Ci,PC,1,ND,blue,256.875,2.4
T4_PC_w1_ND,T4,Ci,PC,1,ND,blue,258.75,2.5
T4_PC_w1_ND,T4,Ci,PC,1,ND,blue,260.625,2.55
T4_PC_w1_ND,T4,Ci,PC,1,ND,blue,262.5,2.7
T4_PC_w1_ND,T4,Ci,PC,1,ND,blue,264.375,2.7
T4_PC_w1_ND,T4,Ci,PC,1,ND,blue,266.25,2.75
T4_PC_w1_ND,T4,Ci,PC,1,ND,blue,268.125,2.8
T4_PC_w1_ND,T4,Ci,PC,1,ND,blue,270.0,2.85
T4_PC_w1_ND,T4,Ci,PC,1,ND,blue,271.875,2.95
T4_PC_w1_ND,T4,Ci,PC,1,ND,blue,273.75,2.95
T4_PC_w1_ND,T4,Ci,PC,1,ND,blue,275.625,3.0
T4_PC_w1_ND,T4,Ci,PC,1,ND,blue,277.5,3.05
T4_PC_w1_ND,T4,Ci,PC,1,ND,blue,279.375,3.05
T4_PC_w1_ND,T4,Ci,PC,1,ND,blue,281.25,2.95
T4_PC_w1_ND,T4,Ci,PC,1,ND,blue,283.125,2.95
T4_PC_w1_ND,T4,Ci,PC,1,ND,blue,285.0,2.9
T4_PC_w1_ND,T4,Ci,PC,1,ND,blue,286.875,2.9
T4_PC_w1_ND,T4,Ci,PC,1,ND,blue,288.75,2.95
T4_PC_w1_ND,T4,Ci,PC,1,ND,blue,290.625,3.05
T4_PC_w1_ND,T4,Ci,PC,1,ND,blue,292.5,3.1
T4_PC_w1_ND,T4,Ci,PC,1,ND,blue,294.375,3.2
T4_PC_w1_ND,T4,Ci,PC,1,ND,blue,296.25,3.25
T4_PC_w1_ND,T4,Ci,PC,1,ND,blue,298.125,3.3
T4_PC_w1_ND,T4,Ci,PC,1,ND,blue,300.0,3.35
T4_PC_w1_ND,T4,Ci,PC,1,ND,blue,301.875,3.45
T4_PC_w1_ND,T4,Ci,PC,1,ND,blue,303.75,3.5
T4_PC_w1_ND,T4,Ci,PC,1,ND,blue,305.625,3.55
T4_PC_w1_ND,T4,Ci,PC,1,ND,blue,307.5,3.55
T4_PC_w1_ND,T4,Ci,PC,1,ND,blue,309.375,3.6
T4_PC_w1_ND,T4,Ci,PC,1,ND,blue,311.25,3.65
T4_PC_w1_ND,T4,Ci,PC,1,ND,blue,313.125,3.65
T4_PC_w1_ND,T4,Ci,PC,1,ND,blue,315.0,3.7
T4_PC_w1_ND,T4,Ci,PC,1,ND,blue,316.875,3.8
T4_PC_w1_ND,T4,Ci,PC,1,ND,blue,318.75,3.95
T4_PC_w1_ND,T4,Ci,PC,1,ND,blue,320.625,4.05
T4_PC_w1_ND,T4,Ci,PC,1,ND,blue,322.5,4.25
T4_PC_w1_ND,T4,Ci,PC,1,ND,blue,324.375,4.35
T4_PC_w1_ND,T4,Ci,PC,1,ND,blue,326.25,4.55
T4_PC_w1_ND,T4,Ci,PC,1,ND,blue,328.125,4.7
T4_PC_w1_ND,T4,Ci,PC,1,ND,blue,330.0,4.85
T4_PC_w1_ND,T4,Ci,PC,1,ND,blue,331.875,4.95
T4_PC_w1_ND,T4,Ci,PC,1,ND,blue,333.75,5.05
T4_PC_w1_ND,T4,Ci,PC,1,ND,blue,335.625,5.15
T4_PC_w1_ND,T4,Ci,PC,1,ND,blue,337.5,5.25
T4_PC_w1_ND,T4,Ci,PC,1,ND,blue,339.375,5.35
T4_PC_w1_ND,T4,Ci,PC,1,ND,blue,341.25,5.45
T4_PC_w1_ND,T4,Ci,PC,1,ND,blue,343.125,5.55
T4_PC_w1_ND,T4,Ci,PC,1,ND,blue,345.0,5.75
T4_PC_w1_ND,T4,Ci,PC,1,ND,blue,346.875,5.85
T4_PC_w1_ND,T4,Ci,PC,1,ND,blue,348.75,6.1
T4_PC_w1_ND,T4,Ci,PC,1,ND,blue,350.625,6.35
T4_PC_w1_ND,T4,Ci,PC,1,ND,blue,352.5,6.45
T4_PC_w1_ND,T4,Ci,PC,1,ND,blue,354.375,6.6
T4_PC_w1_ND,T4,Ci,PC,1,ND,blue,356.25,6.75
T4_PC_w1_ND,T4,Ci,PC,1,ND,blue,358.125,6.85
T4_PC_w1_ND,T4,Ci,PC,1,ND,blue,360.0,6.95
T4_PC_w1_ND,T4,Ci,PC,1,ND,blue,361.875,7.1
T4_PC_w1_ND,T4,Ci,PC,1,ND,blue,363.75,7.15
T4_PC_w1_ND,T4,Ci,PC,1,ND,blue,365.625,7.25
T4_PC_w1_ND,T4,Ci,PC,1,ND,blue,367.5,7.35
T4_PC_w1_ND,T4,Ci,PC,1,ND,blue,369.375,7.5
T4_PC_w1_ND,T4,Ci,PC,1,ND,blue,371.25,7.6
T4_PC_w1_ND,T4,Ci,PC,1,ND,blue,373.125,7.7
T4_PC_w1_ND,T4,Ci,PC,1,ND,blue,375.0,7.85
T4_PC_w1_ND,T4,Ci,PC,1,ND,blue,376.875,7.9
T4_PC_w1_ND,T4,Ci,PC,1,ND,blue,378.75,8.0
T4_PC_w1_ND,T4,Ci,PC,1,ND,blue,380.625,8.0
T4_PC_w1_ND,T4,Ci,PC,1,ND,blue,382.5,8.0
T4_PC_w1_ND,T4,Ci,PC,1,ND,blue,384.375,7.95
T4_PC_w1_ND,T4,Ci,PC,1,ND,blue,386.25,7.85
T4_PC_w1_ND,T4,Ci,PC,1,ND,blue,388.125,7.75
T4_PC_w1_ND,T4,Ci,PC,1,ND,blue,390.0,7.7
T4_PC_w1_ND,T4,Ci,PC,1,ND,blue,391.875,7.55
T4_PC_w1_ND,T4,Ci,PC,1,ND,blue,393.75,7.5
T4_PC_w1_ND,T4,Ci,PC,1,ND,blue,395.625,7.5
T4_PC_w1_ND,T4,Ci,PC,1,ND,blue,397.5,7.5
T4_PC_w1_ND,T4,Ci,PC,1,ND,blue,399.375,7.5
T4_PC_w1_ND,T4,Ci,PC,1,ND,blue,401.25,7.5
T4_PC_w1_ND,T4,Ci,PC,1,ND,blue,403.125,7.55
T4_PC_w1_ND,T4,Ci,PC,1,ND,blue,405.0,7.6
T4_PC_w1_ND,T4,Ci,PC,1,ND,blue,406.875,7.65
T4_PC_w1_ND,T4,Ci,PC,1,ND,blue,408.75,7.65
T4_PC_w1_ND,T4,Ci,PC,1,ND,blue,410.625,7.7
T4_PC_w1_ND,T4,Ci,PC,1,ND,blue,412.5,7.7
T4_PC_w1_ND,T4,Ci,PC,1,ND,blue,414.375,7.65
T4_PC_w1_ND,T4,Ci,PC,1,ND,blue,416.25,7.55
T4_PC_w1_ND,T4,Ci,PC,1,ND,blue,418.125,7.5
T4_PC_w1_ND,T4,Ci,PC,1,ND,blue,420.0,7.4
T4_PC_w1_ND,T4,Ci,PC,1,ND,blue,421.875,7.3
T4_PC_w1_ND,T4,Ci,PC,1,ND,blue,423.75,7.25
T4_PC_w1_ND,T4,Ci,PC,1,ND,blue,425.625,7.2
T4_PC_w1_ND,T4,Ci,PC,1,ND,blue,427.5,7.2
T4_PC_w1_ND,T4,Ci,PC,1,ND,blue,429.375,7.15
T4_PC_w1_ND,T4,Ci,PC,1,ND,blue,431.25,7.05
T4_PC_w1_ND,T4,Ci,PC,1,ND,blue,433.125,6.95
T4_PC_w1_ND,T4,Ci,PC,1,ND,blue,435.0,6.9
T4_PC_w1_ND,T4,Ci,PC,1,ND,blue,436.875,6.8
T4_PC_w1_ND,T4,Ci,PC,1,ND,blue,438.75,6.75
T4_PC_w1_ND,T4,Ci,PC,1,ND,blue,440.625,6.65
T4_PC_w1_ND,T4,Ci,PC,1,ND,blue,442.5,6.55
T4_PC_w1_ND,T4,Ci,PC,1,ND,blue,444.375,6.5
T4_PC_w1_ND,T4,Ci,PC,1,ND,blue,446.25,6.4
T4_PC_w1_ND,T4,Ci,PC,1,ND,blue,448.125,6.3
T4_PC_w1_ND,T4,Ci,PC,1,ND,blue,450.0,6.25
T4_PC_w1_ND,T4,Ci,PC,1,ND,blue,451.875,6.2
T4_PC_w1_ND,T4,Ci,PC,1,ND,blue,453.75,6.15
T4_PC_w1_ND,T4,Ci,PC,1,ND,blue,455.625,6.1
T4_PC_w1_ND,T4,Ci,PC,1,ND,blue,457.5,6.0
T4_PC_w1_ND,T4,Ci,PC,1,ND,blue,459.37499999999994,5.95
T4_PC_w1_ND,T4,Ci,PC,1,ND,blue,461.24999999999994,5.85
T4_PC_w1_ND,T4,Ci,PC,1,ND,blue,463.12499999999994,5.75
T4_PC_w1_ND,T4,Ci,PC,1,ND,blue,465.00000000000006,5.75
T4_PC_w1_ND,T4,Ci,PC,1,ND,blue,466.87500000000006,5.65
T4_PC_w1_ND,T4,Ci,PC,1,ND,blue,468.75000000000006,5.6
T4_PC_w1_ND,T4,Ci,PC,1,ND,blue,470.625,5.5
T4_PC_w1_ND,T4,Ci,PC,1,ND,blue,472.5,5.4
T4_PC_w1_ND,T4,Ci,PC,1,ND,blue,474.375,5.35
T4_PC_w1_ND,T4,Ci,PC,1,ND,blue,476.25,5.25
T4_PC_w1_ND,T4,Ci,PC,1,ND,blue,478.125,5.25
T4_PC_w1_ND,T4,Ci,PC,1,ND,blue,480.0,5.15
T4_PC_w1_ND,T4,Ci,PC,1,ND,blue,481.875,5.05
T4_PC_w1_ND,T4,Ci,PC,1,ND,blue,483.75,5.05
T4_PC_w1_ND,T4,Ci,PC,1,ND,blue,485.625,5.0
T4_PC_w1_ND,T4,Ci,PC,1,ND,blue,487.49999999999994,4.95
T4_PC_w1_ND,T4,Ci,PC,1,ND,blue,489.37499999999994,4.85
T4_PC_w1_ND,T4,Ci,PC,1,ND,blue,491.24999999999994,4.8
T4_PC_w1_ND,T4,Ci,PC,1,ND,blue,493.12500000000006,4.75
T4_PC_w1_ND,T4,Ci,PC,1,ND,blue,495.00000000000006,4.65
T4_PC_w1_ND,T4,Ci,PC,1,ND,blue,496.87500000000006,4.55
T4_PC_w1_ND,T4,Ci,PC,1,ND,blue,498.75,4.55
T4_PC_w1_ND,T4,Ci,PC,1,ND,blue,500.625,4.45
T4_PC_w1_ND,T4,Ci,PC,1,ND,blue,502.5,4.35
T4_PC_w1_ND,T4,Ci,PC,1,ND,blue,504.375,4.3
T4_PC_w1_ND,T4,Ci,PC,1,ND,blue,506.25,4.2
T4_PC_w1_ND,T4,Ci,PC,1,ND,blue,508.125,4.05
T4_PC_w1_ND,T4,Ci,PC,1,ND,blue,510.0,3.95
T4_PC_w1_ND,T4,Ci,PC,1,ND,blue,511.875,3.85
T4_PC_w1_ND,T4,Ci,PC,1,ND,blue,513.75,3.7
T4_PC_w1_ND,T4,Ci,PC,1,ND,blue,515.625,3.6
T4_PC_w1_ND,T4,Ci,PC,1,ND,blue,517.5,3.5
T4_PC_w1_ND,T4,Ci,PC,1,ND,blue,519.375,3.4
T4_PC_w1_ND,T4,Ci,PC,1,ND,blue,521.25,3.3
T4_PC_w1_ND,T4,Ci,PC,1,ND,blue,523.125,3.25
T4_PC_w1_ND,T4,Ci,PC,1,ND,blue,525.0,3.15
T4_PC_w1_ND,T4,Ci,PC,1,ND,blue,526.875,3.1
T4_PC_w1_ND,T4,Ci,PC,1,ND,blue,528.75,3.05
T4_PC_w1_ND,T4,Ci,PC,1,ND,blue,530.625,3.0
T4_PC_w1_ND,T4,Ci,PC,1,ND,blue,532.5,3.0
T4_PC_w1_ND,T4,Ci,PC,1,ND,blue,534.375,2.95
T4_PC_w1_ND,T4,Ci,PC,1,ND,blue,536.25,2.85
T4_PC_w1_ND,T4,Ci,PC,1,ND,blue,538.125,2.85
T4_PC_w1_ND,T4,Ci,PC,1,ND,blue,540.0,2.7
T4_PC_w1_ND,T4,Ci,PC,1,ND,blue,541.875,2.6
T4_PC_w1_ND,T4,Ci,PC,1,ND,blue,543.75,2.45
T4_PC_w1_ND,T4,Ci,PC,1,ND,blue,545.625,2.35
T4_PC_w1_ND,T4,Ci,PC,1,ND,blue,547.5,2.25
T4_PC_w1_ND,T4,Ci,PC,1,ND,blue,549.375,2.1
T4_PC_w1_ND,T4,Ci,PC,1,ND,blue,551.25,1.95
T4_PC_w1_ND,T4,Ci,PC,1,ND,blue,553.125,1.85
T4_PC_w1_ND,T4,Ci,PC,1,ND,blue,555.0,1.75
T4_PC_w1_ND,T4,Ci,PC,1,ND,blue,556.875,1.6
T4_PC_w1_ND,T4,Ci,PC,1,ND,blue,558.75,1.5
T4_PC_w1_ND,T4,Ci,PC,1,ND,blue,560.625,1.35
T4_PC_w1_ND,T4,Ci,PC,1,ND,blue,562.5,1.3
T4_PC_w1_ND,T4,Ci,PC,1,ND,blue,564.375,1.25
T4_PC_w1_ND,T4,Ci,PC,1,ND,blue,566.25,1.15
T4_PC_w1_ND,T4,Ci,PC,1,ND,blue,568.125,1.15
T4_PC_w1_ND,T4,Ci,PC,1,ND,blue,570.0,1.1
T4_PC_w1_ND,T4,Ci,PC,1,ND,blue,571.875,1.1
T4_PC_w1_ND,T4,Ci,PC,1,ND,blue,573.75,1.1
T4_PC_w1_ND,T4,Ci,PC,1,ND,blue,575.625,1.1
T4_PC_w1_ND,T4,Ci,PC,1,ND,blue,577.5,1.05
T4_PC_w1_ND,T4,Ci,PC,1,ND,blue,579.375,1.05
T4_PC_w1_ND,T4,Ci,PC,1,ND,blue,581.25,1.05
T4_PC_w1_ND,T4,Ci,PC,1,ND,blue,583.125,1.05
T4_PC_w1_ND,T4,Ci,PC,1,ND,blue,585.0,0.95
T4_PC_w1_ND,T4,Ci,PC,1,ND,blue,586.875,0.95
T4_PC_w1_ND,T4,Ci,PC,1,ND,blue,588.75,0.9
T4_PC_w1_ND,T4,Ci,PC,1,ND,blue,590.625,0.9
T4_PC_w1_ND,T4,Ci,PC,1,ND,blue,592.5,0.85
T4_PC_w1_ND,T4,Ci,PC,1,ND,blue,594.375,0.75
T4_PC_w1_ND,T4,Ci,PC,1,ND,blue,596.25,0.75
T4_PC_w1_ND,T4,Ci,PC,1,ND,blue,598.125,0.7
T4_PC_w1_ND,T4,Ci,PC,1,ND,blue,600.0,0.65
T4_PC_w1_ND,T4,Ci,PC,1,ND,blue,601.875,0.6
T4_PC_w1_ND,T4,Ci,PC,1,ND,blue,603.75,0.6
T4_PC_w1_ND,T4,Ci,PC,1,ND,blue,605.625,0.6
T4_PC_w1_ND,T4,Ci,PC,1,ND,blue,607.5,0.6
T4_PC_w1_ND,T4,Ci,PC,1,ND,blue,609.375,0.55
T4_PC_w1_ND,T4,Ci,PC,1,ND,blue,611.25,0.5
T4_PC_w1_ND,T4,Ci,PC,1,ND,blue,613.125,0.45
T4_PC_w1_ND,T4,Ci,PC,1,ND,blue,615.0,0.4
T4_PC_w1_ND,T4,Ci,PC,1,ND,blue,616.875,0.4
T4_PC_w1_ND,T4,Ci,PC,1,ND,blue,618.75,0.4
T4_PC_w1_ND,T4,Ci,PC,1,ND,blue,620.625,0.4
T4_PC_w1_ND,T4,Ci,PC,1,ND,blue,622.5,0.4
T4_PC_w1_ND,T4,Ci,PC,1,ND,blue,624.375,0.4
T4_PC_w1_ND,T4,Ci,PC,1,ND,blue,626.25,0.4
T4_PC_w1_ND,T4,Ci,PC,1,ND,blue,628.125,0.35
T4_PC_w1_ND,T4,Ci,PC,1,ND,blue,630.0,0.3
T4_PC_w1_ND,T4,Ci,PC,1,ND,blue,631.875,0.3
T4_PC_w1_ND,T4,Ci,PC,1,ND,blue,633.75,0.25
T4_PC_w1_ND,T4,Ci,PC,1,ND,blue,635.625,0.2
T4_PC_w1_ND,T4,Ci,PC,1,ND,blue,637.5,0.2
T4_PC_w1_ND,T4,Ci,PC,1,ND,blue,639.375,0.2
T4_PC_w1_ND,T4,Ci,PC,1,ND,blue,641.25,0.2
T4_PC_w1_ND,T4,Ci,PC,1,ND,blue,643.125,0.15
T4_PC_w1_ND,T4,Ci,PC,1,ND,blue,645.0,0.05
T4_PC_w1_ND,T4,Ci,PC,1,ND,blue,646.875,0.05
T4_PC_w1_ND,T4,Ci,PC,1,ND,blue,648.75,-0.05
T4_PC_w1_ND,T4,Ci,PC,1,ND,blue,650.625,-0.05
T4_PC_w1_ND,T4,Ci,PC,1,ND,blue,652.5,-0.1
T4_PC_w1_ND,T4,Ci,PC,1,ND,blue,654.375,-0.15
T4_PC_w1_ND,T4,Ci,PC,1,ND,blue,656.25,-0.15
T4_PC_w1_ND,T4,Ci,PC,1,ND,blue,658.125,-0.1
T4_PC_w1_ND,T4,Ci,PC,1,ND,blue,660.0,-0.1
T4_PC_w1_ND,T4,Ci,PC,1,ND,blue,661.875,-0.1
T4_PC_w1_ND,T4,Ci,PC,1,ND,blue,663.75,-0.1
T4_PC_w1_ND,T4,Ci,PC,1,ND,blue,665.625,-0.1
T4_PC_w1_ND,T4,Ci,PC,1,ND,blue,667.5,-0.1
T4_PC_w1_ND,T4,Ci,PC,1,ND,blue,669.375,-0.15
T4_PC_w1_ND,T4,Ci,PC,1,ND,blue,671.25,-0.25
T4_PC_w1_ND,T4,Ci,PC,1,ND,blue,673.125,-0.25
T4_PC_w1_ND,T4,Ci,PC,1,ND,blue,675.0,-0.35
T4_PC_w1_ND,T4,Ci,PC,1,ND,blue,676.875,-0.4
T4_PC_w1_ND,T4,Ci,PC,1,ND,blue,678.75,-0.4
T4_PC_w1_ND,T4,Ci,PC,1,ND,blue,680.625,-0.4
T4_PC_w1_ND,T4,Ci,PC,1,ND,blue,682.5,-0.35
T4_PC_w1_ND,T4,Ci,PC,1,ND,blue,684.375,-0.3
T4_PC_w1_ND,T4,Ci,PC,1,ND,blue,686.25,-0.2
T4_PC_w1_ND,T4,Ci,PC,1,ND,blue,688.125,-0.1
T4_PC_w1_ND,T4,Ci,PC,1,ND,blue,690.0,-0.05
T4_PC_w1_ND,T4,Ci,PC,1,ND,blue,691.875,0.0
T4_PC_w1_ND,T4,Ci,PC,1,ND,blue,693.75,0.05
T4_PC_w1_ND,T4,Ci,PC,1,ND,blue,695.625,0.1
T4_PC_w1_ND,T4,Ci,PC,1,ND,blue,697.5,0.15
T4_PC_w1_ND,T4,Ci,PC,1,ND,blue,699.375,0.15
T4_PC_w1_ND,T4,Ci,PC,1,ND,blue,701.25,0.2
T4_PC_w1_ND,T4,Ci,PC,1,ND,blue,703.125,0.25
T4_PC_w1_ND,T4,Ci,PC,1,ND,blue,705.0,0.3
T4_PC_w1_ND,T4,Ci,PC,1,ND,blue,706.875,0.3
T4_PC_w1_ND,T4,Ci,PC,1,ND,blue,708.75,0.3
T4_PC_w1_ND,T4,Ci,PC,1,ND,blue,710.625,0.3
T4_PC_w1_ND,T4,Ci,PC,1,ND,blue,712.5,0.35
T4_PC_w1_ND,T4,Ci,PC,1,ND,blue,714.375,0.4
T4_PC_w1_ND,T4,Ci,PC,1,ND,blue,716.25,0.45
T4_PC_w1_ND,T4,Ci,PC,1,ND,blue,718.125,0.5
T4_PC_w1_ND,T4,Ci,PC,1,ND,blue,720.0,0.5
T4_PC_w1_ND,T4,Ci,PC,1,ND,blue,721.875,0.5
T4_PC_w1_ND,T4,Ci,PC,1,ND,blue,723.75,0.45
T4_PC_w1_ND,T4,Ci,PC,1,ND,blue,725.625,0.45
T4_PC_w1_ND,T4,Ci,PC,1,ND,blue,727.5,0.4
T4_PC_w1_ND,T4,Ci,PC,1,ND,blue,729.375,0.35
T4_PC_w1_ND,T4,Ci,PC,1,ND,blue,731.25,0.3
T4_PC_w1_ND,T4,Ci,PC,1,ND,blue,733.125,0.25
T4_PC_w1_ND,T4,Ci,PC,1,ND,blue,735.0,0.2
T4_PC_w1_ND,T4,Ci,PC,1,ND,blue,736.875,0.2
T4_PC_w1_ND,T4,Ci,PC,1,ND,blue,738.75,0.15
T4_PC_w1_ND,T4,Ci,PC,1,ND,blue,740.625,0.1
T4_PC_w1_ND,T4,Ci,PC,1,ND,blue,742.5,0.1
T4_PC_w1_ND,T4,Ci,PC,1,ND,blue,744.375,0.1
T4_PC_w1_ND,T4,Ci,PC,1,ND,blue,746.25,0.15
T4_PC_w1_ND,T4,Ci,PC,1,ND,blue,748.125,0.15
T4_PC_w1_ND,T4,Ci,PC,1,ND,blue,750.0,0.25
T4_PC_w1_ND,T4,Ci,PC,1,ND,blue,751.875,0.3
T4_PC_w1_ND,T4,Ci,PC,1,ND,blue,753.75,0.3
T4_PC_w1_ND,T4,Ci,PC,1,ND,blue,755.625,0.35
T4_PC_w1_ND,T4,Ci,PC,1,ND,blue,757.5,0.4
T4_PC_w1_ND,T4,Ci,PC,1,ND,blue,759.375,0.4
T4_PC_w1_ND,T4,Ci,PC,1,ND,blue,761.25,0.4
T4_PC_w1_ND,T4,Ci,PC,1,ND,blue,763.125,0.45
T4_PC_w1_ND,T4,Ci,PC,1,ND,blue,765.0,0.55
T4_PC_w1_ND,T4,Ci,PC,1,ND,blue,766.875,0.55
T4_PC_w1_ND,T4,Ci,PC,1,ND,blue,768.75,0.6
T4_PC_w1_ND,T4,Ci,PC,1,ND,blue,770.625,0.6
T4_PC_w1_ND,T4,Ci,PC,1,ND,blue,772.5,0.6
T4_PC_w1_ND,T4,Ci,PC,1,ND,blue,774.375,0.6
T4_PC_w1_ND,T4,Ci,PC,1,ND,blue,776.25,0.6
T4_PC_w1_ND,T4,Ci,PC,1,ND,blue,778.125,0.65
T4_PC_w1_ND,T4,Ci,PC,1,ND,blue,780.0,0.65
T4_PC_w1_ND,T4,Ci,PC,1,ND,blue,781.875,0.6
T4_PC_w1_ND,T4,Ci,PC,1,ND,blue,783.75,0.6
T4_PC_w1_ND,T4,Ci,PC,1,ND,blue,785.625,0.6
T4_PC_w1_ND,T4,Ci,PC,1,ND,blue,787.5,0.6
T4_PC_w1_ND,T4,Ci,PC,1,ND,blue,789.375,0.6
T4_PC_w1_ND,T4,Ci,PC,1,ND,blue,791.25,0.6
T4_PC_w1_ND,T4,Ci,PC,1,ND,blue,793.125,0.6
T4_PC_w1_ND,T4,Ci,PC,1,ND,blue,795.0,0.65
T4_PC_w1_ND,T4,Ci,PC,1,ND,blue,796.875,0.7
T4_PC_w1_ND,T4,Ci,PC,1,ND,blue,798.75,0.75
T4_PC_w1_ND,T4,Ci,PC,1,ND,blue,800.625,0.85
T4_PC_w1_ND,T4,Ci,PC,1,ND,blue,802.5,0.85
T4_PC_w1_ND,T4,Ci,PC,1,ND,blue,804.375,0.85
T4_PC_w1_ND,T4,Ci,PC,1,ND,blue,806.25,0.85
T4_PC_w1_ND,T4,Ci,PC,1,ND,blue,808.125,0.8
T4_PC_w1_ND,T4,Ci,PC,1,ND,blue,810.0,0.8
T4_PC_w1_ND,T4,Ci,PC,1,ND,blue,811.875,0.8
T4_PC_w1_ND,T4,Ci,PC,1,ND,blue,813.75,0.85
T4_PC_w1_ND,T4,Ci,PC,1,ND,blue,815.625,0.9
T4_PC_w1_ND,T4,Ci,PC,1,ND,blue,817.5,0.9
T4_PC_w1_ND,T4,Ci,PC,1,ND,blue,819.375,0.9
T4_PC_w1_ND,T4,Ci,PC,1,ND,blue,821.25,0.9
T4_PC_w1_ND,T4,Ci,PC,1,ND,blue,823.125,0.9
T4_PC_w1_ND,T4,Ci,PC,1,ND,blue,825.0,0.9
T4_PC_w1_ND,T4,Ci,PC,1,ND,blue,826.875,0.85
T4_PC_w1_ND,T4,Ci,PC,1,ND,blue,828.75,0.8
T4_PC_w1_ND,T4,Ci,PC,1,ND,blue,830.625,0.75
T4_PC_w1_ND,T4,Ci,PC,1,ND,blue,832.5,0.7
T4_PC_w1_ND,T4,Ci,PC,1,ND,blue,834.375,0.65
T4_PC_w1_ND,T4,Ci,PC,1,ND,blue,836.25,0.6
T4_PC_w1_ND,T4,Ci,PC,1,ND,blue,838.125,0.6
T4_PC_w1_ND,T4,Ci,PC,1,ND,blue,840.0,0.6
T4_PC_w1_ND,T4,Ci,PC,1,ND,blue,841.875,0.6
T4_PC_w1_ND,T4,Ci,PC,1,ND,blue,843.75,0.55
T4_PC_w1_ND,T4,Ci,PC,1,ND,blue,845.625,0.55
T4_PC_w1_ND,T4,Ci,PC,1,ND,blue,847.5,0.5
T4_PC_w1_ND,T4,Ci,PC,1,ND,blue,849.375,0.5
T4_PC_w1_ND,T4,Ci,PC,1,ND,blue,851.25,0.5
T4_PC_w1_ND,T4,Ci,PC,1,ND,blue,853.125,0.5
T4_PC_w1_ND,T4,Ci,PC,1,ND,blue,855.0,0.55
T4_PC_w1_ND,T4,Ci,PC,1,ND,blue,856.875,0.55
T4_PC_w1_ND,T4,Ci,PC,1,ND,blue,858.75,0.55
T4_PC_w1_ND,T4,Ci,PC,1,ND,blue,860.625,0.5
T4_PC_w1_ND,T4,Ci,PC,1,ND,blue,862.5,0.5
T4_PC_w1_ND,T4,Ci,PC,1,ND,blue,864.375,0.55
T4_PC_w1_ND,T4,Ci,PC,1,ND,blue,866.25,0.55
T4_PC_w1_ND,T4,Ci,PC,1,ND,blue,868.125,0.5
T4_PC_w1_ND,T4,Ci,PC,1,ND,blue,870.0,0.5
T4_PC_w1_ND,T4,Ci,PC,1,ND,blue,871.875,0.5
T4_PC_w1_ND,T4,Ci,PC,1,ND,blue,873.75,0.5
T4_PC_w1_ND,T4,Ci,PC,1,ND,blue,875.625,0.5
T4_PC_w1_ND,T4,Ci,PC,1,ND,blue,877.5,0.5
T4_PC_w1_ND,T4,Ci,PC,1,ND,blue,879.375,0.55
T4_PC_w1_ND,T4,Ci,PC,1,ND,blue,881.25,0.6
T4_PC_w1_ND,T4,Ci,PC,1,ND,blue,883.125,0.6
T4_PC_w1_ND,T4,Ci,PC,1,ND,blue,885.0,0.6
T4_PC_w1_ND,T4,Ci,PC,1,ND,blue,886.875,0.6
T4_PC_w1_ND,T4,Ci,PC,1,ND,blue,888.75,0.6
T4_PC_w1_ND,T4,Ci,PC,1,ND,blue,890.625,0.6
T4_PC_w1_ND,T4,Ci,PC,1,ND,blue,892.5,0.6
T4_PC_w1_ND,T4,Ci,PC,1,ND,blue,894.375,0.6
T4_PC_w1_ND,T4,Ci,PC,1,ND,blue,896.25,0.6
T4_PC_w1_ND,T4,Ci,PC,1,ND,blue,898.125,0.6
T4_PC_w1_ND,T4,Ci,PC,1,ND,blue,900.0,0.6
T4_PC_w4_PD,T4,Ci,PC,4,PD,red,0.0,0.0
T4_PC_w4_PD,T4,Ci,PC,4,PD,red,1.8480492813141685,0.0
T4_PC_w4_PD,T4,Ci,PC,4,PD,red,3.696098562628337,0.0
T4_PC_w4_PD,T4,Ci,PC,4,PD,red,5.544147843942505,0.0
T4_PC_w4_PD,T4,Ci,PC,4,PD,red,7.392197125256674,0.0
T4_PC_w4_PD,T4,Ci,PC,4,PD,red,9.240246406570842,0.05
T4_PC_w4_PD,T4,Ci,PC,4,PD,red,11.08829568788501,0.1
T4_PC_w4_PD,T4,Ci,PC,4,PD,red,12.936344969199178,0.15
T4_PC_w4_PD,T4,Ci,PC,4,PD,red,14.784394250513348,0.2
T4_PC_w4_PD,T4,Ci,PC,4,PD,red,16.632443531827516,0.2
T4_PC_w4_PD,T4,Ci,PC,4,PD,red,18.480492813141684,0.2
T4_PC_w4_PD,T4,Ci,PC,4,PD,red,20.328542094455855,0.2
T4_PC_w4_PD,T4,Ci,PC,4,PD,red,22.17659137577002,0.2
T4_PC_w4_PD,T4,Ci,PC,4,PD,red,24.024640657084188,0.2
T4_PC_w4_PD,T4,Ci,PC,4,PD,red,25.872689938398356,0.2
T4_PC_w4_PD,T4,Ci,PC,4,PD,red,27.720739219712524,0.15
T4_PC_w4_PD,T4,Ci,PC,4,PD,red,29.568788501026695,0.15
T4_PC_w4_PD,T4,Ci,PC,4,PD,red,31.41683778234086,0.1
T4_PC_w4_PD,T4,Ci,PC,4,PD,red,33.26488706365503,0.05
T4_PC_w4_PD,T4,Ci,PC,4,PD,red,35.1129363449692,-0.05
T4_PC_w4_PD,T4,Ci,PC,4,PD,red,36.96098562628337,-0.05
T4_PC_w4_PD,T4,Ci,PC,4,PD,red,38.809034907597535,-0.05
T4_PC_w4_PD,T4,Ci,PC,4,PD,red,40.65708418891171,-0.05
T4_PC_w4_PD,T4,Ci,PC,4,PD,red,42.50513347022587,0.0
T4_PC_w4_PD,T4,Ci,PC,4,PD,red,44.35318275154004,0.0
T4_PC_w4_PD,T4,Ci,PC,4,PD,red,46.20123203285421,0.05
T4_PC_w4_PD,T4,Ci,PC,4,PD,red,48.049281314168375,0.05
T4_PC_w4_PD,T4,Ci,PC,4,PD,red,49.89733059548255,0.16000000000000228
T4_PC_w4_PD,T4,Ci,PC,4,PD,red,51.74537987679671,0.26999999999999885
T4_PC_w4_PD,T4,Ci,PC,4,PD,red,53.59342915811089,0.3800000000000011
T4_PC_w4_PD,T4,Ci,PC,4,PD,red,55.44147843942505,0.4899999999999977
T4_PC_w4_PD,T4,Ci,PC,4,PD,red,57.28952772073922,0.6
T4_PC_w4_PD,T4,Ci,PC,4,PD,red,59.13757700205339,0.65
T4_PC_w4_PD,T4,Ci,PC,4,PD,red,60.98562628336756,0.7
T4_PC_w4_PD,T4,Ci,PC,4,PD,red,62.83367556468172,0.75
T4_PC_w4_PD,T4,Ci,PC,4,PD,red,64.68172484599589,0.85
T4_PC_w4_PD,T4,Ci,PC,4,PD,red,66.52977412731006,0.85
T4_PC_w4_PD,T4,Ci,PC,4,PD,red,68.37782340862424,0.85
T4_PC_w4_PD,T4,Ci,PC,4,PD,red,70.2258726899384,0.75
T4_PC_w4_PD,T4,Ci,PC,4,PD,red,72.07392197125256,0.75
T4_PC_w4_PD,T4,Ci,PC,4,PD,red,73.92197125256673,0.75
T4_PC_w4_PD,T4,Ci,PC,4,PD,red,75.7700205338809,0.75
T4_PC_w4_PD,T4,Ci,PC,4,PD,red,77.61806981519507,0.85
T4_PC_w4_PD,T4,Ci,PC,4,PD,red,79.46611909650925,0.85
T4_PC_w4_PD,T4,Ci,PC,4,PD,red,81.31416837782342,0.9
T4_PC_w4_PD,T4,Ci,PC,4,PD,red,83.16221765913757,0.95
T4_PC_w4_PD,T4,Ci,PC,4,PD,red,85.01026694045174,1.05
T4_PC_w4_PD,T4,Ci,PC,4,PD,red,86.85831622176592,1.05
T4_PC_w4_PD,T4,Ci,PC,4,PD,red,88.70636550308008,0.95
T4_PC_w4_PD,T4,Ci,PC,4,PD,red,90.55441478439425,0.95
T4_PC_w4_PD,T4,Ci,PC,4,PD,red,92.40246406570841,1.0
T4_PC_w4_PD,T4,Ci,PC,4,PD,red,94.25051334702259,1.05
T4_PC_w4_PD,T4,Ci,PC,4,PD,red,96.09856262833675,1.05
T4_PC_w4_PD,T4,Ci,PC,4,PD,red,97.94661190965093,1.05
T4_PC_w4_PD,T4,Ci,PC,4,PD,red,99.7946611909651,1.05
T4_PC_w4_PD,T4,Ci,PC,4,PD,red,101.64271047227926,1.05
T4_PC_w4_PD,T4,Ci,PC,4,PD,red,103.49075975359342,1.0
T4_PC_w4_PD,T4,Ci,PC,4,PD,red,105.3388090349076,1.0
T4_PC_w4_PD,T4,Ci,PC,4,PD,red,107.18685831622177,1.0
T4_PC_w4_PD,T4,Ci,PC,4,PD,red,109.03490759753593,1.05
T4_PC_w4_PD,T4,Ci,PC,4,PD,red,110.8829568788501,1.05
T4_PC_w4_PD,T4,Ci,PC,4,PD,red,112.73100616016427,1.1
T4_PC_w4_PD,T4,Ci,PC,4,PD,red,114.57905544147845,1.2
T4_PC_w4_PD,T4,Ci,PC,4,PD,red,116.4271047227926,1.25
T4_PC_w4_PD,T4,Ci,PC,4,PD,red,118.27515400410678,1.25
T4_PC_w4_PD,T4,Ci,PC,4,PD,red,120.12320328542096,1.25
T4_PC_w4_PD,T4,Ci,PC,4,PD,red,121.97125256673512,1.25
T4_PC_w4_PD,T4,Ci,PC,4,PD,red,123.81930184804929,1.25
T4_PC_w4_PD,T4,Ci,PC,4,PD,red,125.66735112936344,1.25
T4_PC_w4_PD,T4,Ci,PC,4,PD,red,127.51540041067761,1.2
T4_PC_w4_PD,T4,Ci,PC,4,PD,red,129.36344969199178,1.05
T4_PC_w4_PD,T4,Ci,PC,4,PD,red,131.21149897330596,1.0
T4_PC_w4_PD,T4,Ci,PC,4,PD,red,133.05954825462013,0.9
T4_PC_w4_PD,T4,Ci,PC,4,PD,red,134.9075975359343,0.8
T4_PC_w4_PD,T4,Ci,PC,4,PD,red,136.75564681724848,0.75
T4_PC_w4_PD,T4,Ci,PC,4,PD,red,138.60369609856264,0.75
T4_PC_w4_PD,T4,Ci,PC,4,PD,red,140.4517453798768,0.7
T4_PC_w4_PD,T4,Ci,PC,4,PD,red,142.299794661191,0.65
T4_PC_w4_PD,T4,Ci,PC,4,PD,red,144.14784394250512,0.6
T4_PC_w4_PD,T4,Ci,PC,4,PD,red,145.99589322381928,0.6
T4_PC_w4_PD,T4,Ci,PC,4,PD,red,147.84394250513347,0.65
T4_PC_w4_PD,T4,Ci,PC,4,PD,red,149.69199178644763,0.65
T4_PC_w4_PD,T4,Ci,PC,4,PD,red,151.5400410677618,0.7
T4_PC_w4_PD,T4,Ci,PC,4,PD,red,153.38809034907598,0.75
T4_PC_w4_PD,T4,Ci,PC,4,PD,red,155.23613963039014,0.8
T4_PC_w4_PD,T4,Ci,PC,4,PD,red,157.08418891170433,0.85
T4_PC_w4_PD,T4,Ci,PC,4,PD,red,158.9322381930185,0.85
T4_PC_w4_PD,T4,Ci,PC,4,PD,red,160.78028747433265,0.8
T4_PC_w4_PD,T4,Ci,PC,4,PD,red,162.62833675564684,0.75
T4_PC_w4_PD,T4,Ci,PC,4,PD,red,164.47638603696097,0.7
T4_PC_w4_PD,T4,Ci,PC,4,PD,red,166.32443531827514,0.7
T4_PC_w4_PD,T4,Ci,PC,4,PD,red,168.17248459958932,0.65
T4_PC_w4_PD,T4,Ci,PC,4,PD,red,170.02053388090349,0.65
T4_PC_w4_PD,T4,Ci,PC,4,PD,red,171.86858316221765,0.65
T4_PC_w4_PD,T4,Ci,PC,4,PD,red,173.71663244353184,0.575
T4_PC_w4_PD,T4,Ci,PC,4,PD,red,175.564681724846,0.45
T4_PC_w4_PD,T4,Ci,PC,4,PD,red,177.41273100616016,0.325
T4_PC_w4_PD,T4,Ci,PC,4,PD,red,179.26078028747435,0.25
T4_PC_w4_PD,T4,Ci,PC,4,PD,red,181.1088295687885,0.25
T4_PC_w4_PD,T4,Ci,PC,4,PD,red,182.95687885010267,0.3
T4_PC_w4_PD,T4,Ci,PC,4,PD,red,184.80492813141683,0.35
T4_PC_w4_PD,T4,Ci,PC,4,PD,red,186.652977412731,0.35
T4_PC_w4_PD,T4,Ci,PC,4,PD,red,188.50102669404518,0.35
T4_PC_w4_PD,T4,Ci,PC,4,PD,red,190.34907597535934,0.4
T4_PC_w4_PD,T4,Ci,PC,4,PD,red,192.1971252566735,0.5
T4_PC_w4_PD,T4,Ci,PC,4,PD,red,194.0451745379877,0.55
T4_PC_w4_PD,T4,Ci,PC,4,PD,red,195.89322381930185,0.6
T4_PC_w4_PD,T4,Ci,PC,4,PD,red,197.741273100616,0.6
T4_PC_w4_PD,T4,Ci,PC,4,PD,red,199.5893223819302,0.6
T4_PC_w4_PD,T4,Ci,PC,4,PD,red,201.43737166324433,0.55
T4_PC_w4_PD,T4,Ci,PC,4,PD,red,203.28542094455852,0.55
T4_PC_w4_PD,T4,Ci,PC,4,PD,red,205.13347022587268,0.55
T4_PC_w4_PD,T4,Ci,PC,4,PD,red,206.98151950718685,0.55
T4_PC_w4_PD,T4,Ci,PC,4,PD,red,208.82956878850104,0.55
T4_PC_w4_PD,T4,Ci,PC,4,PD,red,210.6776180698152,0.55
T4_PC_w4_PD,T4,Ci,PC,4,PD,red,212.52566735112936,0.55
T4_PC_w4_PD,T4,Ci,PC,4,PD,red,214.37371663244355,0.55
T4_PC_w4_PD,T4,Ci,PC,4,PD,red,216.2217659137577,0.55
T4_PC_w4_PD,T4,Ci,PC,4,PD,red,218.06981519507187,0.55
T4_PC_w4_PD,T4,Ci,PC,4,PD,red,219.91786447638606,0.55
T4_PC_w4_PD,T4,Ci,PC,4,PD,red,221.7659137577002,0.55
T4_PC_w4_PD,T4,Ci,PC,4,PD,red,223.61396303901438,0.6
T4_PC_w4_PD,T4,Ci,PC,4,PD,red,225.46201232032854,0.75
T4_PC_w4_PD,T4,Ci,PC,4,PD,red,227.31006160164273,0.75
T4_PC_w4_PD,T4,Ci,PC,4,PD,red,229.1581108829569,0.9
T4_PC_w4_PD,T4,Ci,PC,4,PD,red,231.00616016427102,0.95
T4_PC_w4_PD,T4,Ci,PC,4,PD,red,232.8542094455852,1.05
T4_PC_w4_PD,T4,Ci,PC,4,PD,red,234.70225872689937,1.05
T4_PC_w4_PD,T4,Ci,PC,4,PD,red,236.55030800821356,1.05
T4_PC_w4_PD,T4,Ci,PC,4,PD,red,238.3983572895277,1.05
T4_PC_w4_PD,T4,Ci,PC,4,PD,red,240.2464065708419,1.1
T4_PC_w4_PD,T4,Ci,PC,4,PD,red,242.09445585215605,1.25
T4_PC_w4_PD,T4,Ci,PC,4,PD,red,243.94250513347023,1.3
T4_PC_w4_PD,T4,Ci,PC,4,PD,red,245.7905544147844,1.45
T4_PC_w4_PD,T4,Ci,PC,4,PD,red,247.63860369609858,1.55
T4_PC_w4_PD,T4,Ci,PC,4,PD,red,249.48665297741275,1.65
T4_PC_w4_PD,T4,Ci,PC,4,PD,red,251.33470225872688,1.75
T4_PC_w4_PD,T4,Ci,PC,4,PD,red,253.18275154004107,1.75
T4_PC_w4_PD,T4,Ci,PC,4,PD,red,255.03080082135523,1.8
T4_PC_w4_PD,T4,Ci,PC,4,PD,red,256.8788501026694,1.9
T4_PC_w4_PD,T4,Ci,PC,4,PD,red,258.72689938398355,2.0
T4_PC_w4_PD,T4,Ci,PC,4,PD,red,260.57494866529777,2.0
T4_PC_w4_PD,T4,Ci,PC,4,PD,red,262.42299794661193,2.0
T4_PC_w4_PD,T4,Ci,PC,4,PD,red,264.2710472279261,2.95
T4_PC_w4_PD,T4,Ci,PC,4,PD,red,266.11909650924025,2.95
T4_PC_w4_PD,T4,Ci,PC,4,PD,red,267.9671457905544,3.0
T4_PC_w4_PD,T4,Ci,PC,4,PD,red,269.8151950718686,3.15
T4_PC_w4_PD,T4,Ci,PC,4,PD,red,271.66324435318273,3.3
T4_PC_w4_PD,T4,Ci,PC,4,PD,red,273.51129363449695,3.5
T4_PC_w4_PD,T4,Ci,PC,4,PD,red,275.35934291581106,3.65
T4_PC_w4_PD,T4,Ci,PC,4,PD,red,277.2073921971253,3.85
T4_PC_w4_PD,T4,Ci,PC,4,PD,red,279.05544147843943,4.05
T4_PC_w4_PD,T4,Ci,PC,4,PD,red,280.9034907597536,4.25
T4_PC_w4_PD,T4,Ci,PC,4,PD,red,282.75154004106776,4.5
T4_PC_w4_PD,T4,Ci,PC,4,PD,red,284.599589322382,4.8
T4_PC_w4_PD,T4,Ci,PC,4,PD,red,286.4476386036961,5.0
T4_PC_w4_PD,T4,Ci,PC,4,PD,red,288.29568788501024,5.3
T4_PC_w4_PD,T4,Ci,PC,4,PD,red,290.14373716632446,5.55
T4_PC_w4_PD,T4,Ci,PC,4,PD,red,291.99178644763856,5.75
T4_PC_w4_PD,T4,Ci,PC,4,PD,red,293.8398357289528,6.05
T4_PC_w4_PD,T4,Ci,PC,4,PD,red,295.68788501026694,6.4
T4_PC_w4_PD,T4,Ci,PC,4,PD,red,297.5359342915811,6.65
T4_PC_w4_PD,T4,Ci,PC,4,PD,red,299.38398357289526,6.9
T4_PC_w4_PD,T4,Ci,PC,4,PD,red,301.2320328542095,7.15
T4_PC_w4_PD,T4,Ci,PC,4,PD,red,303.0800821355236,7.5
T4_PC_w4_PD,T4,Ci,PC,4,PD,red,304.9281314168378,7.75
T4_PC_w4_PD,T4,Ci,PC,4,PD,red,306.77618069815196,8.0
T4_PC_w4_PD,T4,Ci,PC,4,PD,red,308.6242299794661,8.25
T4_PC_w4_PD,T4,Ci,PC,4,PD,red,310.4722792607803,8.65
T4_PC_w4_PD,T4,Ci,PC,4,PD,red,312.32032854209444,9.0
T4_PC_w4_PD,T4,Ci,PC,4,PD,red,314.16837782340866,9.3
T4_PC_w4_PD,T4,Ci,PC,4,PD,red,316.01642710472277,9.55
T4_PC_w4_PD,T4,Ci,PC,4,PD,red,317.864476386037,9.95
T4_PC_w4_PD,T4,Ci,PC,4,PD,red,319.71252566735114,10.2
T4_PC_w4_PD,T4,Ci,PC,4,PD,red,321.5605749486653,10.4
T4_PC_w4_PD,T4,Ci,PC,4,PD,red,323.40862422997947,10.6
T4_PC_w4_PD,T4,Ci,PC,4,PD,red,325.2566735112937,10.8
T4_PC_w4_PD,T4,Ci,PC,4,PD,red,327.1047227926078,10.95
T4_PC_w4_PD,T4,Ci,PC,4,PD,red,328.95277207392195,11.25
T4_PC_w4_PD,T4,Ci,PC,4,PD,red,330.80082135523617,11.5
T4_PC_w4_PD,T4,Ci,PC,4,PD,red,332.64887063655027,11.85
T4_PC_w4_PD,T4,Ci,PC,4,PD,red,334.4969199178645,12.15
T4_PC_w4_PD,T4,Ci,PC,4,PD,red,336.34496919917865,12.55
T4_PC_w4_PD,T4,Ci,PC,4,PD,red,338.1930184804928,12.95
T4_PC_w4_PD,T4,Ci,PC,4,PD,red,340.04106776180697,13.25
T4_PC_w4_PD,T4,Ci,PC,4,PD,red,341.8891170431212,13.55
T4_PC_w4_PD,T4,Ci,PC,4,PD,red,343.7371663244353,13.9
T4_PC_w4_PD,T4,Ci,PC,4,PD,red,345.58521560574945,14.1
T4_PC_w4_PD,T4,Ci,PC,4,PD,red,347.4332648870637,14.25
T4_PC_w4_PD,T4,Ci,PC,4,PD,red,349.28131416837783,14.5
T4_PC_w4_PD,T4,Ci,PC,4,PD,red,351.129363449692,14.75
T4_PC_w4_PD,T4,Ci,PC,4,PD,red,352.97741273100615,15.05
T4_PC_w4_PD,T4,Ci,PC,4,PD,red,354.8254620123203,15.35
T4_PC_w4_PD,T4,Ci,PC,4,PD,red,356.6735112936345,15.55
T4_PC_w4_PD,T4,Ci,PC,4,PD,red,358.5215605749487,16.0
T4_PC_w4_PD,T4,Ci,PC,4,PD,red,360.36960985626285,16.4
T4_PC_w4_PD,T4,Ci,PC,4,PD,red,362.217659137577,16.7
T4_PC_w4_PD,T4,Ci,PC,4,PD,red,364.0657084188912,17.0
T4_PC_w4_PD,T4,Ci,PC,4,PD,red,365.91375770020534,17.35
T4_PC_w4_PD,T4,Ci,PC,4,PD,red,367.7618069815195,17.65
T4_PC_w4_PD,T4,Ci,PC,4,PD,red,369.60985626283366,17.9
T4_PC_w4_PD,T4,Ci,PC,4,PD,red,371.4579055441479,18.2
T4_PC_w4_PD,T4,Ci,PC,4,PD,red,373.305954825462,18.45
T4_PC_w4_PD,T4,Ci,PC,4,PD,red,375.1540041067762,18.6
T4_PC_w4_PD,T4,Ci,PC,4,PD,red,377.00205338809036,18.8
T4_PC_w4_PD,T4,Ci,PC,4,PD,red,378.8501026694045,19.3
T4_PC_w4_PD,T4,Ci,PC,4,PD,red,380.6981519507187,19.5
T4_PC_w4_PD,T4,Ci,PC,4,PD,red,382.5462012320329,19.75
T4_PC_w4_PD,T4,Ci,PC,4,PD,red,384.394250513347,20.05
T4_PC_w4_PD,T4,Ci,PC,4,PD,red,386.24229979466116,20.45
T4_PC_w4_PD,T4,Ci,PC,4,PD,red,388.0903490759754,20.65
T4_PC_w4_PD,T4,Ci,PC,4,PD,red,389.9383983572895,20.85
T4_PC_w4_PD,T4,Ci,PC,4,PD,red,391.7864476386037,21.05
T4_PC_w4_PD,T4,Ci,PC,4,PD,red,393.63449691991786,21.1
T4_PC_w4_PD,T4,Ci,PC,4,PD,red,395.482546201232,21.2
T4_PC_w4_PD,T4,Ci,PC,4,PD,red,397.3305954825462,21.25
T4_PC_w4_PD,T4,Ci,PC,4,PD,red,399.1786447638604,21.25
T4_PC_w4_PD,T4,Ci,PC,4,PD,red,401.0266940451745,21.4
T4_PC_w4_PD,T4,Ci,PC,4,PD,red,402.87474332648867,21.55
T4_PC_w4_PD,T4,Ci,PC,4,PD,red,404.7227926078029,21.7
T4_PC_w4_PD,T4,Ci,PC,4,PD,red,406.57084188911705,21.95
T4_PC_w4_PD,T4,Ci,PC,4,PD,red,408.4188911704312,22.25
T4_PC_w4_PD,T4,Ci,PC,4,PD,red,410.26694045174537,22.65
T4_PC_w4_PD,T4,Ci,PC,4,PD,red,412.1149897330596,22.95
T4_PC_w4_PD,T4,Ci,PC,4,PD,red,413.9630390143737,23.1
T4_PC_w4_PD,T4,Ci,PC,4,PD,red,415.8110882956879,23.3
T4_PC_w4_PD,T4,Ci,PC,4,PD,red,417.65913757700207,23.55
T4_PC_w4_PD,T4,Ci,PC,4,PD,red,419.50718685831623,23.7
T4_PC_w4_PD,T4,Ci,PC,4,PD,red,421.3552361396304,23.7
T4_PC_w4_PD,T4,Ci,PC,4,PD,red,423.20328542094455,23.7
T4_PC_w4_PD,T4,Ci,PC,4,PD,red,425.0513347022587,23.7
T4_PC_w4_PD,T4,Ci,PC,4,PD,red,426.8993839835729,23.7
T4_PC_w4_PD,T4,Ci,PC,4,PD,red,428.7474332648871,23.7
T4_PC_w4_PD,T4,Ci,PC,4,PD,red,430.5954825462012,23.7
T4_PC_w4_PD,T4,Ci,PC,4,PD,red,432.4435318275154,23.75
T4_PC_w4_PD,T4,Ci,PC,4,PD,red,434.2915811088296,23.75
T4_PC_w4_PD,T4,Ci,PC,4,PD,red,436.13963039014374,23.85
T4_PC_w4_PD,T4,Ci,PC,4,PD,red,437.9876796714579,23.85
T4_PC_w4_PD,T4,Ci,PC,4,PD,red,439.8357289527721,23.55
T4_PC_w4_PD,T4,Ci,PC,4,PD,red,441.6837782340862,23.4
T4_PC_w4_PD,T4,Ci,PC,4,PD,red,443.5318275154004,23.3
T4_PC_w4_PD,T4,Ci,PC,4,PD,red,445.3798767967146,23.0
T4_PC_w4_PD,T4,Ci,PC,4,PD,red,447.22792607802876,22.65
T4_PC_w4_PD,T4,Ci,PC,4,PD,red,449.0759753593429,22.55
T4_PC_w4_PD,T4,Ci,PC,4,PD,red,450.9240246406571,22.45
T4_PC_w4_PD,T4,Ci,PC,4,PD,red,452.77207392197124,22.3
T4_PC_w4_PD,T4,Ci,PC,4,PD,red,454.62012320328546,22.25
T4_PC_w4_PD,T4,Ci,PC,4,PD,red,456.4681724845996,22.2
T4_PC_w4_PD,T4,Ci,PC,4,PD,red,458.3162217659138,22.0
T4_PC_w4_PD,T4,Ci,PC,4,PD,red,460.1642710472279,21.85
T4_PC_w4_PD,T4,Ci,PC,4,PD,red,462.01232032854205,21.6
T4_PC_w4_PD,T4,Ci,PC,4,PD,red,463.8603696098563,21.45
T4_PC_w4_PD,T4,Ci,PC,4,PD,red,465.7084188911704,21.2
T4_PC_w4_PD,T4,Ci,PC,4,PD,red,467.5564681724846,20.9
T4_PC_w4_PD,T4,Ci,PC,4,PD,red,469.40451745379875,20.65
T4_PC_w4_PD,T4,Ci,PC,4,PD,red,471.25256673511296,20.5
T4_PC_w4_PD,T4,Ci,PC,4,PD,red,473.1006160164271,20.3
T4_PC_w4_PD,T4,Ci,PC,4,PD,red,474.9486652977413,20.05
T4_PC_w4_PD,T4,Ci,PC,4,PD,red,476.7967145790554,19.8
T4_PC_w4_PD,T4,Ci,PC,4,PD,red,478.64476386036966,19.55
T4_PC_w4_PD,T4,Ci,PC,4,PD,red,480.4928131416838,19.35
T4_PC_w4_PD,T4,Ci,PC,4,PD,red,482.34086242299793,19.1
T4_PC_w4_PD,T4,Ci,PC,4,PD,red,484.1889117043121,18.7
T4_PC_w4_PD,T4,Ci,PC,4,PD,red,486.03696098562625,18.3
T4_PC_w4_PD,T4,Ci,PC,4,PD,red,487.88501026694047,18.0
T4_PC_w4_PD,T4,Ci,PC,4,PD,red,489.73305954825463,17.65
T4_PC_w4_PD,T4,Ci,PC,4,PD,red,491.5811088295688,17.3
T4_PC_w4_PD,T4,Ci,PC,4,PD,red,493.42915811088295,16.8
T4_PC_w4_PD,T4,Ci,PC,4,PD,red,495.27720739219717,16.35
T4_PC_w4_PD,T4,Ci,PC,4,PD,red,497.12525667351133,16.05
T4_PC_w4_PD,T4,Ci,PC,4,PD,red,498.9733059548255,15.8
T4_PC_w4_PD,T4,Ci,PC,4,PD,red,500.8213552361396,15.4
T4_PC_w4_PD,T4,Ci,PC,4,PD,red,502.66940451745376,15.0
T4_PC_w4_PD,T4,Ci,PC,4,PD,red,504.517453798768,14.7
T4_PC_w4_PD,T4,Ci,PC,4,PD,red,506.36550308008214,14.3
T4_PC_w4_PD,T4,Ci,PC,4,PD,red,508.2135523613963,14.0
T4_PC_w4_PD,T4,Ci,PC,4,PD,red,510.06160164271046,13.65
T4_PC_w4_PD,T4,Ci,PC,4,PD,red,511.9096509240247,13.25
T4_PC_w4_PD,T4,Ci,PC,4,PD,red,513.7577002053388,12.7
T4_PC_w4_PD,T4,Ci,PC,4,PD,red,515.6057494866529,12.3
T4_PC_w4_PD,T4,Ci,PC,4,PD,red,517.4537987679671,12.05
T4_PC_w4_PD,T4,Ci,PC,4,PD,red,519.3018480492813,11.6
T4_PC_w4_PD,T4,Ci,PC,4,PD,red,521.1498973305955,11.15
T4_PC_w4_PD,T4,Ci,PC,4,PD,red,522.9979466119097,10.75
T4_PC_w4_PD,T4,Ci,PC,4,PD,red,524.8459958932239,10.45
T4_PC_w4_PD,T4,Ci,PC,4,PD,red,526.6940451745379,10.1
T4_PC_w4_PD,T4,Ci,PC,4,PD,red,528.5420944558522,9.75
T4_PC_w4_PD,T4,Ci,PC,4,PD,red,530.3901437371663,9.45
T4_PC_w4_PD,T4,Ci,PC,4,PD,red,532.2381930184805,9.15
T4_PC_w4_PD,T4,Ci,PC,4,PD,red,534.0862422997947,8.85
T4_PC_w4_PD,T4,Ci,PC,4,PD,red,535.9342915811088,8.7
T4_PC_w4_PD,T4,Ci,PC,4,PD,red,537.782340862423,8.55
T4_PC_w4_PD,T4,Ci,PC,4,PD,red,539.6303901437371,8.45
T4_PC_w4_PD,T4,Ci,PC,4,PD,red,541.4784394250513,8.3
T4_PC_w4_PD,T4,Ci,PC,4,PD,red,543.3264887063655,6.95
T4_PC_w4_PD,T4,Ci,PC,4,PD,red,545.1745379876797,6.75
T4_PC_w4_PD,T4,Ci,PC,4,PD,red,547.0225872689939,6.55
T4_PC_w4_PD,T4,Ci,PC,4,PD,red,548.870636550308,6.4
T4_PC_w4_PD,T4,Ci,PC,4,PD,red,550.7186858316221,6.05
T4_PC_w4_PD,T4,Ci,PC,4,PD,red,552.5667351129364,5.7
T4_PC_w4_PD,T4,Ci,PC,4,PD,red,554.4147843942505,5.45
T4_PC_w4_PD,T4,Ci,PC,4,PD,red,556.2628336755647,5.2
T4_PC_w4_PD,T4,Ci,PC,4,PD,red,558.1108829568789,4.85
T4_PC_w4_PD,T4,Ci,PC,4,PD,red,559.958932238193,4.5
T4_PC_w4_PD,T4,Ci,PC,4,PD,red,561.8069815195072,4.25
T4_PC_w4_PD,T4,Ci,PC,4,PD,red,563.6550308008214,4.0
T4_PC_w4_PD,T4,Ci,PC,4,PD,red,565.5030800821355,3.7
T4_PC_w4_PD,T4,Ci,PC,4,PD,red,567.3511293634497,3.4
T4_PC_w4_PD,T4,Ci,PC,4,PD,red,569.199178644764,3.05
T4_PC_w4_PD,T4,Ci,PC,4,PD,red,571.047227926078,2.8
T4_PC_w4_PD,T4,Ci,PC,4,PD,red,572.8952772073922,2.6
T4_PC_w4_PD,T4,Ci,PC,4,PD,red,574.7433264887063,2.35
T4_PC_w4_PD,T4,Ci,PC,4,PD,red,576.5913757700205,2.15
T4_PC_w4_PD,T4,Ci,PC,4,PD,red,578.4394250513348,1.95
T4_PC_w4_PD,T4,Ci,PC,4,PD,red,580.2874743326489,1.7
T4_PC_w4_PD,T4,Ci,PC,4,PD,red,582.1355236139631,1.5
T4_PC_w4_PD,T4,Ci,PC,4,PD,red,583.9835728952771,1.3
T4_PC_w4_PD,T4,Ci,PC,4,PD,red,585.8316221765914,1.15
T4_PC_w4_PD,T4,Ci,PC,4,PD,red,587.6796714579056,1.0
T4_PC_w4_PD,T4,Ci,PC,4,PD,red,589.5277207392197,0.85
T4_PC_w4_PD,T4,Ci,PC,4,PD,red,591.3757700205339,0.7
T4_PC_w4_PD,T4,Ci,PC,4,PD,red,593.2238193018482,0.55
T4_PC_w4_PD,T4,Ci,PC,4,PD,red,595.0718685831622,0.45
T4_PC_w4_PD,T4,Ci,PC,4,PD,red,596.9199178644764,0.3
T4_PC_w4_PD,T4,Ci,PC,4,PD,red,598.7679671457905,0.2
T4_PC_w4_PD,T4,Ci,PC,4,PD,red,600.6160164271047,0.0
T4_PC_w4_PD,T4,Ci,PC,4,PD,red,602.464065708419,-0.1
T4_PC_w4_PD,T4,Ci,PC,4,PD,red,604.3121149897331,-0.25
T4_PC_w4_PD,T4,Ci,PC,4,PD,red,606.1601642710472,-0.35
T4_PC_w4_PD,T4,Ci,PC,4,PD,red,608.0082135523613,-0.55
T4_PC_w4_PD,T4,Ci,PC,4,PD,red,609.8562628336756,-0.65
T4_PC_w4_PD,T4,Ci,PC,4,PD,red,611.7043121149898,-0.75
T4_PC_w4_PD,T4,Ci,PC,4,PD,red,613.5523613963039,-0.85
T4_PC_w4_PD,T4,Ci,PC,4,PD,red,615.4004106776181,-1.05
T4_PC_w4_PD,T4,Ci,PC,4,PD,red,617.2484599589322,-1.1
T4_PC_w4_PD,T4,Ci,PC,4,PD,red,619.0965092402464,-1.2
T4_PC_w4_PD,T4,Ci,PC,4,PD,red,620.9445585215606,-1.3
T4_PC_w4_PD,T4,Ci,PC,4,PD,red,622.7926078028747,-1.35
T4_PC_w4_PD,T4,Ci,PC,4,PD,red,624.6406570841889,-1.45
T4_PC_w4_PD,T4,Ci,PC,4,PD,red,626.4887063655032,-1.5
T4_PC_w4_PD,T4,Ci,PC,4,PD,red,628.3367556468173,-1.55
T4_PC_w4_PD,T4,Ci,PC,4,PD,red,630.1848049281314,-1.6
T4_PC_w4_PD,T4,Ci,PC,4,PD,red,632.0328542094455,-1.7
T4_PC_w4_PD,T4,Ci,PC,4,PD,red,633.8809034907597,-1.75
T4_PC_w4_PD,T4,Ci,PC,4,PD,red,635.728952772074,-1.75
T4_PC_w4_PD,T4,Ci,PC,4,PD,red,637.5770020533881,-1.85
T4_PC_w4_PD,T4,Ci,PC,4,PD,red,639.4250513347023,-1.85
T4_PC_w4_PD,T4,Ci,PC,4,PD,red,641.2731006160163,-1.9
T4_PC_w4_PD,T4,Ci,PC,4,PD,red,643.1211498973306,-2.0
T4_PC_w4_PD,T4,Ci,PC,4,PD,red,644.9691991786448,-2.1
T4_PC_w4_PD,T4,Ci,PC,4,PD,red,646.8172484599589,-2.25
T4_PC_w4_PD,T4,Ci,PC,4,PD,red,648.6652977412731,-2.3
T4_PC_w4_PD,T4,Ci,PC,4,PD,red,650.5133470225874,-2.4
T4_PC_w4_PD,T4,Ci,PC,4,PD,red,652.3613963039014,-2.5
T4_PC_w4_PD,T4,Ci,PC,4,PD,red,654.2094455852156,-2.6
T4_PC_w4_PD,T4,Ci,PC,4,PD,red,656.0574948665297,-2.7
T4_PC_w4_PD,T4,Ci,PC,4,PD,red,657.9055441478439,-2.75
T4_PC_w4_PD,T4,Ci,PC,4,PD,red,659.7535934291582,-2.85
T4_PC_w4_PD,T4,Ci,PC,4,PD,red,661.6016427104723,-2.85
T4_PC_w4_PD,T4,Ci,PC,4,PD,red,663.4496919917865,-2.85
T4_PC_w4_PD,T4,Ci,PC,4,PD,red,665.2977412731005,-2.85
T4_PC_w4_PD,T4,Ci,PC,4,PD,red,667.1457905544148,-2.85
T4_PC_w4_PD,T4,Ci,PC,4,PD,red,668.993839835729,-2.95
T4_PC_w4_PD,T4,Ci,PC,4,PD,red,670.8418891170431,-3.0
T4_PC_w4_PD,T4,Ci,PC,4,PD,red,672.6899383983573,-3.0
T4_PC_w4_PD,T4,Ci,PC,4,PD,red,674.5379876796715,-3.05
T4_PC_w4_PD,T4,Ci,PC,4,PD,red,676.3860369609856,-3.05
T4_PC_w4_PD,T4,Ci,PC,4,PD,red,678.2340862422998,-3.1
T4_PC_w4_PD,T4,Ci,PC,4,PD,red,680.0821355236139,-3.2
T4_PC_w4_PD,T4,Ci,PC,4,PD,red,681.9301848049281,-3.25
T4_PC_w4_PD,T4,Ci,PC,4,PD,red,683.7782340862424,-3.3
T4_PC_w4_PD,T4,Ci,PC,4,PD,red,685.6262833675565,-3.35
T4_PC_w4_PD,T4,Ci,PC,4,PD,red,687.4743326488706,-3.35
T4_PC_w4_PD,T4,Ci,PC,4,PD,red,689.3223819301847,-3.35
T4_PC_w4_PD,T4,Ci,PC,4,PD,red,691.1704312114989,-3.4
T4_PC_w4_PD,T4,Ci,PC,4,PD,red,693.0184804928132,-3.4
T4_PC_w4_PD,T4,Ci,PC,4,PD,red,694.8665297741273,-3.35
T4_PC_w4_PD,T4,Ci,PC,4,PD,red,696.7145790554415,-3.35
T4_PC_w4_PD,T4,Ci,PC,4,PD,red,698.5626283367557,-3.4
T4_PC_w4_PD,T4,Ci,PC,4,PD,red,700.4106776180698,-3.4
T4_PC_w4_PD,T4,Ci,PC,4,PD,red,702.258726899384,-3.45
T4_PC_w4_PD,T4,Ci,PC,4,PD,red,704.1067761806981,-3.55
T4_PC_w4_PD,T4,Ci,PC,4,PD,red,705.9548254620123,-3.55
T4_PC_w4_PD,T4,Ci,PC,4,PD,red,707.8028747433266,-3.55
T4_PC_w4_PD,T4,Ci,PC,4,PD,red,709.6509240246406,-3.55
T4_PC_w4_PD,T4,Ci,PC,4,PD,red,711.4989733059548,-3.6
T4_PC_w4_PD,T4,Ci,PC,4,PD,red,713.347022587269,-3.65
T4_PC_w4_PD,T4,Ci,PC,4,PD,red,715.1950718685831,-3.65
T4_PC_w4_PD,T4,Ci,PC,4,PD,red,717.0431211498974,-3.65
T4_PC_w4_PD,T4,Ci,PC,4,PD,red,718.8911704312115,-3.65
T4_PC_w4_PD,T4,Ci,PC,4,PD,red,720.7392197125257,-3.75
T4_PC_w4_PD,T4,Ci,PC,4,PD,red,722.5872689938398,-3.75
T4_PC_w4_PD,T4,Ci,PC,4,PD,red,724.435318275154,-3.75
T4_PC_w4_PD,T4,Ci,PC,4,PD,red,726.2833675564682,-3.8
T4_PC_w4_PD,T4,Ci,PC,4,PD,red,728.1314168377824,-3.85
T4_PC_w4_PD,T4,Ci,PC,4,PD,red,729.9794661190965,-3.9
T4_PC_w4_PD,T4,Ci,PC,4,PD,red,731.8275154004107,-4.0
T4_PC_w4_PD,T4,Ci,PC,4,PD,red,733.6755646817248,-4.1
T4_PC_w4_PD,T4,Ci,PC,4,PD,red,735.523613963039,-4.2
T4_PC_w4_PD,T4,Ci,PC,4,PD,red,737.3716632443532,-4.25
T4_PC_w4_PD,T4,Ci,PC,4,PD,red,739.2197125256673,-4.25
T4_PC_w4_PD,T4,Ci,PC,4,PD,red,741.0677618069816,-4.3
T4_PC_w4_PD,T4,Ci,PC,4,PD,red,742.9158110882958,-4.35
T4_PC_w4_PD,T4,Ci,PC,4,PD,red,744.7638603696098,-4.4
T4_PC_w4_PD,T4,Ci,PC,4,PD,red,746.611909650924,-4.45
T4_PC_w4_PD,T4,Ci,PC,4,PD,red,748.4599589322381,-4.45
T4_PC_w4_PD,T4,Ci,PC,4,PD,red,750.3080082135524,-4.5
T4_PC_w4_PD,T4,Ci,PC,4,PD,red,752.1560574948666,-4.6
T4_PC_w4_PD,T4,Ci,PC,4,PD,red,754.0041067761807,-4.65
T4_PC_w4_PD,T4,Ci,PC,4,PD,red,755.8521560574949,-4.65
T4_PC_w4_PD,T4,Ci,PC,4,PD,red,757.700205338809,-4.75
T4_PC_w4_PD,T4,Ci,PC,4,PD,red,759.5482546201232,-4.75
T4_PC_w4_PD,T4,Ci,PC,4,PD,red,761.3963039014374,-4.75
T4_PC_w4_PD,T4,Ci,PC,4,PD,red,763.2443531827515,-4.75
T4_PC_w4_PD,T4,Ci,PC,4,PD,red,765.0924024640658,-4.8
T4_PC_w4_PD,T4,Ci,PC,4,PD,red,766.94045174538,-4.85
T4_PC_w4_PD,T4,Ci,PC,4,PD,red,768.788501026694,-4.85
T4_PC_w4_PD,T4,Ci,PC,4,PD,red,770.6365503080082,-4.85
T4_PC_w4_PD,T4,Ci,PC,4,PD,red,772.4845995893223,-4.8
T4_PC_w4_PD,T4,Ci,PC,4,PD,red,774.3326488706366,-4.75
T4_PC_w4_PD,T4,Ci,PC,4,PD,red,776.1806981519508,-4.75
T4_PC_w4_PD,T4,Ci,PC,4,PD,red,778.0287474332649,-4.75
T4_PC_w4_PD,T4,Ci,PC,4,PD,red,779.876796714579,-4.75
T4_PC_w4_PD,T4,Ci,PC,4,PD,red,781.7248459958932,-4.7
T4_PC_w4_PD,T4,Ci,PC,4,PD,red,783.5728952772074,-4.7
T4_PC_w4_PD,T4,Ci,PC,4,PD,red,785.4209445585216,-4.7
T4_PC_w4_PD,T4,Ci,PC,4,PD,red,787.2689938398357,-4.75
T4_PC_w4_PD,T4,Ci,PC,4,PD,red,789.1170431211499,-4.75
T4_PC_w4_PD,T4,Ci,PC,4,PD,red,790.965092402464,-4.75
T4_PC_w4_PD,T4,Ci,PC,4,PD,red,792.8131416837782,-4.75
T4_PC_w4_PD,T4,Ci,PC,4,PD,red,794.6611909650924,-4.75
T4_PC_w4_PD,T4,Ci,PC,4,PD,red,796.5092402464065,-4.65
T4_PC_w4_PD,T4,Ci,PC,4,PD,red,798.3572895277208,-4.65
T4_PC_w4_PD,T4,Ci,PC,4,PD,red,800.205338809035,-4.65
T4_PC_w4_PD,T4,Ci,PC,4,PD,red,802.053388090349,-4.6
T4_PC_w4_PD,T4,Ci,PC,4,PD,red,803.9014373716632,-4.55
T4_PC_w4_PD,T4,Ci,PC,4,PD,red,805.7494866529773,-4.55
T4_PC_w4_PD,T4,Ci,PC,4,PD,red,807.5975359342916,-4.65
T4_PC_w4_PD,T4,Ci,PC,4,PD,red,809.4455852156058,-4.65
T4_PC_w4_PD,T4,Ci,PC,4,PD,red,811.2936344969199,-4.65
T4_PC_w4_PD,T4,Ci,PC,4,PD,red,813.1416837782341,-4.65
T4_PC_w4_PD,T4,Ci,PC,4,PD,red,814.9897330595483,-4.65
T4_PC_w4_PD,T4,Ci,PC,4,PD,red,816.8377823408624,-4.7
T4_PC_w4_PD,T4,Ci,PC,4,PD,red,818.6858316221766,-4.75
T4_PC_w4_PD,T4,Ci,PC,4,PD,red,820.5338809034907,-4.75
T4_PC_w4_PD,T4,Ci,PC,4,PD,red,822.381930184805,-4.75
T4_PC_w4_PD,T4,Ci,PC,4,PD,red,824.2299794661192,-4.75
T4_PC_w4_PD,T4,Ci,PC,4,PD,red,826.0780287474332,-4.8
T4_PC_w4_PD,T4,Ci,PC,4,PD,red,827.9260780287474,-4.85
T4_PC_w4_PD,T4,Ci,PC,4,PD,red,829.7741273100615,-4.9
T4_PC_w4_PD,T4,Ci,PC,4,PD,red,831.6221765913758,-5.0
T4_PC_w4_PD,T4,Ci,PC,4,PD,red,833.47022587269,-5.0
T4_PC_w4_PD,T4,Ci,PC,4,PD,red,835.3182751540041,-5.05
T4_PC_w4_PD,T4,Ci,PC,4,PD,red,837.1663244353182,-5.05
T4_PC_w4_PD,T4,Ci,PC,4,PD,red,839.0143737166325,-5.05
T4_PC_w4_PD,T4,Ci,PC,4,PD,red,840.8624229979466,-5.05
T4_PC_w4_PD,T4,Ci,PC,4,PD,red,842.7104722792608,-5.0
T4_PC_w4_PD,T4,Ci,PC,4,PD,red,844.558521560575,-4.95
T4_PC_w4_PD,T4,Ci,PC,4,PD,red,846.4065708418891,-4.95
T4_PC_w4_PD,T4,Ci,PC,4,PD,red,848.2546201232033,-4.95
T4_PC_w4_PD,T4,Ci,PC,4,PD,red,850.1026694045174,-4.95
T4_PC_w4_PD,T4,Ci,PC,4,PD,red,851.9507186858316,-4.95
T4_PC_w4_PD,T4,Ci,PC,4,PD,red,853.7987679671457,-4.95
T4_PC_w4_PD,T4,Ci,PC,4,PD,red,855.64681724846,-4.9
T4_PC_w4_PD,T4,Ci,PC,4,PD,red,857.4948665297742,-4.85
T4_PC_w4_PD,T4,Ci,PC,4,PD,red,859.3429158110883,-4.8
T4_PC_w4_PD,T4,Ci,PC,4,PD,red,861.1909650924024,-4.7
T4_PC_w4_PD,T4,Ci,PC,4,PD,red,863.0390143737166,-4.7
T4_PC_w4_PD,T4,Ci,PC,4,PD,red,864.8870636550308,-4.65
T4_PC_w4_PD,T4,Ci,PC,4,PD,red,866.735112936345,-4.6
T4_PC_w4_PD,T4,Ci,PC,4,PD,red,868.5831622176592,-4.55
T4_PC_w4_PD,T4,Ci,PC,4,PD,red,870.4312114989733,-4.5
T4_PC_w4_PD,T4,Ci,PC,4,PD,red,872.2792607802875,-4.45
T4_PC_w4_PD,T4,Ci,PC,4,PD,red,874.1273100616016,-4.45
T4_PC_w4_PD,T4,Ci,PC,4,PD,red,875.9753593429158,-4.45
T4_PC_w4_PD,T4,Ci,PC,4,PD,red,877.82340862423,-4.45
T4_PC_w4_PD,T4,Ci,PC,4,PD,red,879.6714579055442,-4.45
T4_PC_w4_PD,T4,Ci,PC,4,PD,red,881.5195071868584,-4.45
T4_PC_w4_PD,T4,Ci,PC,4,PD,red,883.3675564681724,-4.45
T4_PC_w4_PD,T4,Ci,PC,4,PD,red,885.2156057494866,-4.45
T4_PC_w4_PD,T4,Ci,PC,4,PD,red,887.0636550308008,-4.45
T4_PC_w4_PD,T4,Ci,PC,4,PD,red,888.911704312115,-4.45
T4_PC_w4_PD,T4,Ci,PC,4,PD,red,890.7597535934292,-4.45
T4_PC_w4_PD,T4,Ci,PC,4,PD,red,892.6078028747434,-4.5
T4_PC_w4_PD,T4,Ci,PC,4,PD,red,894.4558521560575,-4.55
T4_PC_w4_PD,T4,Ci,PC,4,PD,red,896.3039014373717,-4.55
T4_PC_w4_PD,T4,Ci,PC,4,PD,red,898.1519507186858,-4.55
T4_PC_w4_PD,T4,Ci,PC,4,PD,red,900.0,-4.5
T4_PC_w4_ND,T4,Ci,PC,4,ND,blue,0.0,0.0
T4_PC_w4_ND,T4,Ci,PC,4,ND,blue,1.8480492813141685,0.05
T4_PC_w4_ND,T4,Ci,PC,4,ND,blue,3.696098562628337,0.05
T4_PC_w4_ND,T4,Ci,PC,4,ND,blue,5.544147843942505,0.05
T4_PC_w4_ND,T4,Ci,PC,4,ND,blue,7.392197125256674,-0.05
T4_PC_w4_ND,T4,Ci,PC,4,ND,blue,9.240246406570842,-0.1
T4_PC_w4_ND,T4,Ci,PC,4,ND,blue,11.08829568788501,-0.1
T4_PC_w4_ND,T4,Ci,PC,4,ND,blue,12.936344969199178,-0.1
T4_PC_w4_ND,T4,Ci,PC,4,ND,blue,14.784394250513348,-0.1
T4_PC_w4_ND,T4,Ci,PC,4,ND,blue,16.632443531827516,-0.1
T4_PC_w4_ND,T4,Ci,PC,4,ND,blue,18.480492813141684,-0.1
T4_PC_w4_ND,T4,Ci,PC,4,ND,blue,20.328542094455855,-0.1
T4_PC_w4_ND,T4,Ci,PC,4,ND,blue,22.17659137577002,-0.1
T4_PC_w4_ND,T4,Ci,PC,4,ND,blue,24.024640657084188,-0.05
T4_PC_w4_ND,T4,Ci,PC,4,ND,blue,25.872689938398356,-0.05
T4_PC_w4_ND,T4,Ci,PC,4,ND,blue,27.720739219712524,-0.1
T4_PC_w4_ND,T4,Ci,PC,4,ND,blue,29.568788501026695,-0.1
T4_PC_w4_ND,T4,Ci,PC,4,ND,blue,31.41683778234086,-0.1
T4_PC_w4_ND,T4,Ci,PC,4,ND,blue,33.26488706365503,-0.15
T4_PC_w4_ND,T4,Ci,PC,4,ND,blue,35.1129363449692,-0.2
T4_PC_w4_ND,T4,Ci,PC,4,ND,blue,36.96098562628337,-0.2
T4_PC_w4_ND,T4,Ci,PC,4,ND,blue,38.809034907597535,-0.25
T4_PC_w4_ND,T4,Ci,PC,4,ND,blue,40.65708418891171,-0.25
T4_PC_w4_ND,T4,Ci,PC,4,ND,blue,42.50513347022587,-0.25
T4_PC_w4_ND,T4,Ci,PC,4,ND,blue,44.35318275154004,-0.2
T4_PC_w4_ND,T4,Ci,PC,4,ND,blue,46.20123203285421,-0.2
T4_PC_w4_ND,T4,Ci,PC,4,ND,blue,48.049281314168375,-0.2
T4_PC_w4_ND,T4,Ci,PC,4,ND,blue,49.89733059548255,-0.25
T4_PC_w4_ND,T4,Ci,PC,4,ND,blue,51.74537987679671,-0.3
T4_PC_w4_ND,T4,Ci,PC,4,ND,blue,53.59342915811089,-0.35
T4_PC_w4_ND,T4,Ci,PC,4,ND,blue,55.44147843942505,-0.4
T4_PC_w4_ND,T4,Ci,PC,4,ND,blue,57.28952772073922,-0.5
T4_PC_w4_ND,T4,Ci,PC,4,ND,blue,59.13757700205339,-0.5
T4_PC_w4_ND,T4,Ci,PC,4,ND,blue,60.98562628336756,-0.5
T4_PC_w4_ND,T4,Ci,PC,4,ND,blue,62.83367556468172,-0.5
T4_PC_w4_ND,T4,Ci,PC,4,ND,blue,64.68172484599589,-0.55
T4_PC_w4_ND,T4,Ci,PC,4,ND,blue,66.52977412731006,-0.55
T4_PC_w4_ND,T4,Ci,PC,4,ND,blue,68.37782340862424,-0.55
T4_PC_w4_ND,T4,Ci,PC,4,ND,blue,70.2258726899384,-0.55
T4_PC_w4_ND,T4,Ci,PC,4,ND,blue,72.07392197125256,-0.55
T4_PC_w4_ND,T4,Ci,PC,4,ND,blue,73.92197125256673,-0.6
T4_PC_w4_ND,T4,Ci,PC,4,ND,blue,75.7700205338809,-0.6
T4_PC_w4_ND,T4,Ci,PC,4,ND,blue,77.61806981519507,-0.6
T4_PC_w4_ND,T4,Ci,PC,4,ND,blue,79.46611909650925,-0.65
T4_PC_w4_ND,T4,Ci,PC,4,ND,blue,81.31416837782342,-0.7
T4_PC_w4_ND,T4,Ci,PC,4,ND,blue,83.16221765913757,-0.7
T4_PC_w4_ND,T4,Ci,PC,4,ND,blue,85.01026694045174,-0.65
T4_PC_w4_ND,T4,Ci,PC,4,ND,blue,86.85831622176592,-0.55
T4_PC_w4_ND,T4,Ci,PC,4,ND,blue,88.70636550308008,-0.45
T4_PC_w4_ND,T4,Ci,PC,4,ND,blue,90.55441478439425,-0.4
T4_PC_w4_ND,T4,Ci,PC,4,ND,blue,92.40246406570841,-0.35
T4_PC_w4_ND,T4,Ci,PC,4,ND,blue,94.25051334702259,-0.3
T4_PC_w4_ND,T4,Ci,PC,4,ND,blue,96.09856262833675,-0.25
T4_PC_w4_ND,T4,Ci,PC,4,ND,blue,97.94661190965093,-0.2
T4_PC_w4_ND,T4,Ci,PC,4,ND,blue,99.7946611909651,-0.15
T4_PC_w4_ND,T4,Ci,PC,4,ND,blue,101.64271047227926,-0.15
T4_PC_w4_ND,T4,Ci,PC,4,ND,blue,103.49075975359342,-0.1
T4_PC_w4_ND,T4,Ci,PC,4,ND,blue,105.3388090349076,0.0
T4_PC_w4_ND,T4,Ci,PC,4,ND,blue,107.18685831622177,0.0
T4_PC_w4_ND,T4,Ci,PC,4,ND,blue,109.03490759753593,-0.1
T4_PC_w4_ND,T4,Ci,PC,4,ND,blue,110.8829568788501,-0.1
T4_PC_w4_ND,T4,Ci,PC,4,ND,blue,112.73100616016427,-0.15
T4_PC_w4_ND,T4,Ci,PC,4,ND,blue,114.57905544147845,-0.15
T4_PC_w4_ND,T4,Ci,PC,4,ND,blue,116.4271047227926,-0.2
T4_PC_w4_ND,T4,Ci,PC,4,ND,blue,118.27515400410678,-0.2
T4_PC_w4_ND,T4,Ci,PC,4,ND,blue,120.12320328542096,-0.25
T4_PC_w4_ND,T4,Ci,PC,4,ND,blue,121.97125256673512,-0.3
T4_PC_w4_ND,T4,Ci,PC,4,ND,blue,123.81930184804929,-0.3
T4_PC_w4_ND,T4,Ci,PC,4,ND,blue,125.66735112936344,-0.35
T4_PC_w4_ND,T4,Ci,PC,4,ND,blue,127.51540041067761,-0.45
T4_PC_w4_ND,T4,Ci,PC,4,ND,blue,129.36344969199178,-0.45
T4_PC_w4_ND,T4,Ci,PC,4,ND,blue,131.21149897330596,-0.5
T4_PC_w4_ND,T4,Ci,PC,4,ND,blue,133.05954825462013,-0.5
T4_PC_w4_ND,T4,Ci,PC,4,ND,blue,134.9075975359343,-0.5
T4_PC_w4_ND,T4,Ci,PC,4,ND,blue,136.75564681724848,-0.5
T4_PC_w4_ND,T4,Ci,PC,4,ND,blue,138.60369609856264,-0.55
T4_PC_w4_ND,T4,Ci,PC,4,ND,blue,140.4517453798768,-0.55
T4_PC_w4_ND,T4,Ci,PC,4,ND,blue,142.299794661191,-0.6
T4_PC_w4_ND,T4,Ci,PC,4,ND,blue,144.14784394250512,-0.6
T4_PC_w4_ND,T4,Ci,PC,4,ND,blue,145.99589322381928,-0.6
T4_PC_w4_ND,T4,Ci,PC,4,ND,blue,147.84394250513347,-0.65
T4_PC_w4_ND,T4,Ci,PC,4,ND,blue,149.69199178644763,-0.7
T4_PC_w4_ND,T4,Ci,PC,4,ND,blue,151.5400410677618,-0.7
T4_PC_w4_ND,T4,Ci,PC,4,ND,blue,153.38809034907598,-0.65
T4_PC_w4_ND,T4,Ci,PC,4,ND,blue,155.23613963039014,-0.55
T4_PC_w4_ND,T4,Ci,PC,4,ND,blue,157.08418891170433,-0.55
T4_PC_w4_ND,T4,Ci,PC,4,ND,blue,158.9322381930185,-0.45
T4_PC_w4_ND,T4,Ci,PC,4,ND,blue,160.78028747433265,-0.4
T4_PC_w4_ND,T4,Ci,PC,4,ND,blue,162.62833675564684,-0.4
T4_PC_w4_ND,T4,Ci,PC,4,ND,blue,164.47638603696097,-0.4
T4_PC_w4_ND,T4,Ci,PC,4,ND,blue,166.32443531827514,-0.4
T4_PC_w4_ND,T4,Ci,PC,4,ND,blue,168.17248459958932,-0.4
T4_PC_w4_ND,T4,Ci,PC,4,ND,blue,170.02053388090349,-0.35
T4_PC_w4_ND,T4,Ci,PC,4,ND,blue,171.86858316221765,-0.3
T4_PC_w4_ND,T4,Ci,PC,4,ND,blue,173.71663244353184,-0.25
T4_PC_w4_ND,T4,Ci,PC,4,ND,blue,175.564681724846,-0.15
T4_PC_w4_ND,T4,Ci,PC,4,ND,blue,177.41273100616016,-0.05
T4_PC_w4_ND,T4,Ci,PC,4,ND,blue,179.26078028747435,0.05
T4_PC_w4_ND,T4,Ci,PC,4,ND,blue,181.1088295687885,0.2
T4_PC_w4_ND,T4,Ci,PC,4,ND,blue,182.95687885010267,0.25
T4_PC_w4_ND,T4,Ci,PC,4,ND,blue,184.80492813141683,0.4
T4_PC_w4_ND,T4,Ci,PC,4,ND,blue,186.652977412731,0.55
T4_PC_w4_ND,T4,Ci,PC,4,ND,blue,188.50102669404518,0.65
T4_PC_w4_ND,T4,Ci,PC,4,ND,blue,190.34907597535934,0.7
T4_PC_w4_ND,T4,Ci,PC,4,ND,blue,192.1971252566735,0.85
T4_PC_w4_ND,T4,Ci,PC,4,ND,blue,194.0451745379877,0.9
T4_PC_w4_ND,T4,Ci,PC,4,ND,blue,195.89322381930185,0.95
T4_PC_w4_ND,T4,Ci,PC,4,ND,blue,197.741273100616,1.05
T4_PC_w4_ND,T4,Ci,PC,4,ND,blue,199.5893223819302,1.05
T4_PC_w4_ND,T4,Ci,PC,4,ND,blue,201.43737166324433,1.05
T4_PC_w4_ND,T4,Ci,PC,4,ND,blue,203.28542094455852,1.0
T4_PC_w4_ND,T4,Ci,PC,4,ND,blue,205.13347022587268,0.95
T4_PC_w4_ND,T4,Ci,PC,4,ND,blue,206.98151950718685,0.9
T4_PC_w4_ND,T4,Ci,PC,4,ND,blue,208.82956878850104,0.85
T4_PC_w4_ND,T4,Ci,PC,4,ND,blue,210.6776180698152,0.8
T4_PC_w4_ND,T4,Ci,PC,4,ND,blue,212.52566735112936,0.8
T4_PC_w4_ND,T4,Ci,PC,4,ND,blue,214.37371663244355,0.85
T4_PC_w4_ND,T4,Ci,PC,4,ND,blue,216.2217659137577,0.9
T4_PC_w4_ND,T4,Ci,PC,4,ND,blue,218.06981519507187,0.95
T4_PC_w4_ND,T4,Ci,PC,4,ND,blue,219.91786447638606,1.0
T4_PC_w4_ND,T4,Ci,PC,4,ND,blue,221.7659137577002,1.15
T4_PC_w4_ND,T4,Ci,PC,4,ND,blue,223.61396303901438,1.25
T4_PC_w4_ND,T4,Ci,PC,4,ND,blue,225.46201232032854,1.35
T4_PC_w4_ND,T4,Ci,PC,4,ND,blue,227.31006160164273,1.5
T4_PC_w4_ND,T4,Ci,PC,4,ND,blue,229.1581108829569,1.65
T4_PC_w4_ND,T4,Ci,PC,4,ND,blue,231.00616016427102,1.75
T4_PC_w4_ND,T4,Ci,PC,4,ND,blue,232.8542094455852,1.8
T4_PC_w4_ND,T4,Ci,PC,4,ND,blue,234.70225872689937,1.95
T4_PC_w4_ND,T4,Ci,PC,4,ND,blue,236.55030800821356,1.95
T4_PC_w4_ND,T4,Ci,PC,4,ND,blue,238.3983572895277,1.85
T4_PC_w4_ND,T4,Ci,PC,4,ND,blue,240.2464065708419,1.85
T4_PC_w4_ND,T4,Ci,PC,4,ND,blue,242.09445585215605,1.9
T4_PC_w4_ND,T4,Ci,PC,4,ND,blue,243.94250513347023,1.9
T4_PC_w4_ND,T4,Ci,PC,4,ND,blue,245.7905544147844,1.9
T4_PC_w4_ND,T4,Ci,PC,4,ND,blue,247.63860369609858,1.9
T4_PC_w4_ND,T4,Ci,PC,4,ND,blue,249.48665297741275,1.9
T4_PC_w4_ND,T4,Ci,PC,4,ND,blue,251.33470225872688,1.9
T4_PC_w4_ND,T4,Ci,PC,4,ND,blue,253.18275154004107,1.9
T4_PC_w4_ND,T4,Ci,PC,4,ND,blue,255.03080082135523,1.95
T4_PC_w4_ND,T4,Ci,PC,4,ND,blue,256.8788501026694,1.95
T4_PC_w4_ND,T4,Ci,PC,4,ND,blue,258.72689938398355,1.95
T4_PC_w4_ND,T4,Ci,PC,4,ND,blue,260.57494866529777,1.95
T4_PC_w4_ND,T4,Ci,PC,4,ND,blue,262.42299794661193,1.8
T4_PC_w4_ND,T4,Ci,PC,4,ND,blue,264.2710472279261,1.65
T4_PC_w4_ND,T4,Ci,PC,4,ND,blue,266.11909650924025,1.5
T4_PC_w4_ND,T4,Ci,PC,4,ND,blue,267.9671457905544,1.4
T4_PC_w4_ND,T4,Ci,PC,4,ND,blue,269.8151950718686,1.3
T4_PC_w4_ND,T4,Ci,PC,4,ND,blue,271.66324435318273,1.2
T4_PC_w4_ND,T4,Ci,PC,4,ND,blue,273.51129363449695,1.2
T4_PC_w4_ND,T4,Ci,PC,4,ND,blue,275.35934291581106,1.15
T4_PC_w4_ND,T4,Ci,PC,4,ND,blue,277.2073921971253,1.1
T4_PC_w4_ND,T4,Ci,PC,4,ND,blue,279.05544147843943,1.05
T4_PC_w4_ND,T4,Ci,PC,4,ND,blue,280.9034907597536,1.0
T4_PC_w4_ND,T4,Ci,PC,4,ND,blue,282.75154004106776,1.0
T4_PC_w4_ND,T4,Ci,PC,4,ND,blue,284.599589322382,1.1
T4_PC_w4_ND,T4,Ci,PC,4,ND,blue,286.4476386036961,1.15
T4_PC_w4_ND,T4,Ci,PC,4,ND,blue,288.29568788501024,1.2
T4_PC_w4_ND,T4,Ci,PC,4,ND,blue,290.14373716632446,1.25
T4_PC_w4_ND,T4,Ci,PC,4,ND,blue,291.99178644763856,1.3
T4_PC_w4_ND,T4,Ci,PC,4,ND,blue,293.8398357289528,1.35
T4_PC_w4_ND,T4,Ci,PC,4,ND,blue,295.68788501026694,1.35
T4_PC_w4_ND,T4,Ci,PC,4,ND,blue,297.5359342915811,1.3
T4_PC_w4_ND,T4,Ci,PC,4,ND,blue,299.38398357289526,1.2
T4_PC_w4_ND,T4,Ci,PC,4,ND,blue,301.2320328542095,1.15
T4_PC_w4_ND,T4,Ci,PC,4,ND,blue,303.0800821355236,1.1
T4_PC_w4_ND,T4,Ci,PC,4,ND,blue,304.9281314168378,1.05
T4_PC_w4_ND,T4,Ci,PC,4,ND,blue,306.77618069815196,1.05
T4_PC_w4_ND,T4,Ci,PC,4,ND,blue,308.6242299794661,1.1
T4_PC_w4_ND,T4,Ci,PC,4,ND,blue,310.4722792607803,1.2
T4_PC_w4_ND,T4,Ci,PC,4,ND,blue,312.32032854209444,1.25
T4_PC_w4_ND,T4,Ci,PC,4,ND,blue,314.16837782340866,1.4
T4_PC_w4_ND,T4,Ci,PC,4,ND,blue,316.01642710472277,1.5
T4_PC_w4_ND,T4,Ci,PC,4,ND,blue,317.864476386037,1.6
T4_PC_w4_ND,T4,Ci,PC,4,ND,blue,319.71252566735114,1.7
T4_PC_w4_ND,T4,Ci,PC,4,ND,blue,321.5605749486653,1.85
T4_PC_w4_ND,T4,Ci,PC,4,ND,blue,323.40862422997947,1.95
T4_PC_w4_ND,T4,Ci,PC,4,ND,blue,325.2566735112937,2.05
T4_PC_w4_ND,T4,Ci,PC,4,ND,blue,327.1047227926078,2.15
T4_PC_w4_ND,T4,Ci,PC,4,ND,blue,328.95277207392195,2.15
T4_PC_w4_ND,T4,Ci,PC,4,ND,blue,330.80082135523617,2.15
T4_PC_w4_ND,T4,Ci,PC,4,ND,blue,332.64887063655027,2.1
T4_PC_w4_ND,T4,Ci,PC,4,ND,blue,334.4969199178645,2.1
T4_PC_w4_ND,T4,Ci,PC,4,ND,blue,336.34496919917865,2.1
T4_PC_w4_ND,T4,Ci,PC,4,ND,blue,338.1930184804928,2.05
T4_PC_w4_ND,T4,Ci,PC,4,ND,blue,340.04106776180697,2.05
T4_PC_w4_ND,T4,Ci,PC,4,ND,blue,341.8891170431212,2.0
T4_PC_w4_ND,T4,Ci,PC,4,ND,blue,343.7371663244353,2.0
T4_PC_w4_ND,T4,Ci,PC,4,ND,blue,345.58521560574945,2.0
T4_PC_w4_ND,T4,Ci,PC,4,ND,blue,347.4332648870637,2.0
T4_PC_w4_ND,T4,Ci,PC,4,ND,blue,349.28131416837783,2.05
T4_PC_w4_ND,T4,Ci,PC,4,ND,blue,351.129363449692,2.1
T4_PC_w4_ND,T4,Ci,PC,4,ND,blue,352.97741273100615,2.1
T4_PC_w4_ND,T4,Ci,PC,4,ND,blue,354.8254620123203,2.15
T4_PC_w4_ND,T4,Ci,PC,4,ND,blue,356.6735112936345,2.25
T4_PC_w4_ND,T4,Ci,PC,4,ND,blue,358.5215605749487,2.25
T4_PC_w4_ND,T4,Ci,PC,4,ND,blue,360.36960985626285,2.4
T4_PC_w4_ND,T4,Ci,PC,4,ND,blue,362.217659137577,2.4
T4_PC_w4_ND,T4,Ci,PC,4,ND,blue,364.0657084188912,2.5
T4_PC_w4_ND,T4,Ci,PC,4,ND,blue,365.91375770020534,2.7
T4_PC_w4_ND,T4,Ci,PC,4,ND,blue,367.7618069815195,2.75
T4_PC_w4_ND,T4,Ci,PC,4,ND,blue,369.60985626283366,2.8
T4_PC_w4_ND,T4,Ci,PC,4,ND,blue,371.4579055441479,2.9
T4_PC_w4_ND,T4,Ci,PC,4,ND,blue,373.305954825462,3.0
T4_PC_w4_ND,T4,Ci,PC,4,ND,blue,375.1540041067762,3.0
T4_PC_w4_ND,T4,Ci,PC,4,ND,blue,377.00205338809036,3.1
T4_PC_w4_ND,T4,Ci,PC,4,ND,blue,378.8501026694045,3.15
T4_PC_w4_ND,T4,Ci,PC,4,ND,blue,380.6981519507187,3.3
T4_PC_w4_ND,T4,Ci,PC,4,ND,blue,382.5462012320329,3.4
T4_PC_w4_ND,T4,Ci,PC,4,ND,blue,384.394250513347,3.5
T4_PC_w4_ND,T4,Ci,PC,4,ND,blue,386.24229979466116,3.6
T4_PC_w4_ND,T4,Ci,PC,4,ND,blue,388.0903490759754,3.7
T4_PC_w4_ND,T4,Ci,PC,4,ND,blue,389.9383983572895,3.8
T4_PC_w4_ND,T4,Ci,PC,4,ND,blue,391.7864476386037,3.85
T4_PC_w4_ND,T4,Ci,PC,4,ND,blue,393.63449691991786,3.95
T4_PC_w4_ND,T4,Ci,PC,4,ND,blue,395.482546201232,4.05
T4_PC_w4_ND,T4,Ci,PC,4,ND,blue,397.3305954825462,4.2
T4_PC_w4_ND,T4,Ci,PC,4,ND,blue,399.1786447638604,4.35
T4_PC_w4_ND,T4,Ci,PC,4,ND,blue,401.0266940451745,4.45
T4_PC_w4_ND,T4,Ci,PC,4,ND,blue,402.87474332648867,4.6
T4_PC_w4_ND,T4,Ci,PC,4,ND,blue,404.7227926078029,4.75
T4_PC_w4_ND,T4,Ci,PC,4,ND,blue,406.57084188911705,4.9
T4_PC_w4_ND,T4,Ci,PC,4,ND,blue,408.4188911704312,4.95
T4_PC_w4_ND,T4,Ci,PC,4,ND,blue,410.26694045174537,5.05
T4_PC_w4_ND,T4,Ci,PC,4,ND,blue,412.1149897330596,5.1
T4_PC_w4_ND,T4,Ci,PC,4,ND,blue,413.9630390143737,5.1
T4_PC_w4_ND,T4,Ci,PC,4,ND,blue,415.8110882956879,5.15
T4_PC_w4_ND,T4,Ci,PC,4,ND,blue,417.65913757700207,5.25
T4_PC_w4_ND,T4,Ci,PC,4,ND,blue,419.50718685831623,5.45
T4_PC_w4_ND,T4,Ci,PC,4,ND,blue,421.3552361396304,5.65
T4_PC_w4_ND,T4,Ci,PC,4,ND,blue,423.20328542094455,5.85
T4_PC_w4_ND,T4,Ci,PC,4,ND,blue,425.0513347022587,6.05
T4_PC_w4_ND,T4,Ci,PC,4,ND,blue,426.8993839835729,6.25
T4_PC_w4_ND,T4,Ci,PC,4,ND,blue,428.7474332648871,6.45
T4_PC_w4_ND,T4,Ci,PC,4,ND,blue,430.5954825462012,6.6
T4_PC_w4_ND,T4,Ci,PC,4,ND,blue,432.4435318275154,6.65
T4_PC_w4_ND,T4,Ci,PC,4,ND,blue,434.2915811088296,6.75
T4_PC_w4_ND,T4,Ci,PC,4,ND,blue,436.13963039014374,6.8
T4_PC_w4_ND,T4,Ci,PC,4,ND,blue,437.9876796714579,6.85
T4_PC_w4_ND,T4,Ci,PC,4,ND,blue,439.8357289527721,6.95
T4_PC_w4_ND,T4,Ci,PC,4,ND,blue,441.6837782340862,7.05
T4_PC_w4_ND,T4,Ci,PC,4,ND,blue,443.5318275154004,7.15
T4_PC_w4_ND,T4,Ci,PC,4,ND,blue,445.3798767967146,7.25
T4_PC_w4_ND,T4,Ci,PC,4,ND,blue,447.22792607802876,7.4
T4_PC_w4_ND,T4,Ci,PC,4,ND,blue,449.0759753593429,7.5
T4_PC_w4_ND,T4,Ci,PC,4,ND,blue,450.9240246406571,7.6
T4_PC_w4_ND,T4,Ci,PC,4,ND,blue,452.77207392197124,7.7
T4_PC_w4_ND,T4,Ci,PC,4,ND,blue,454.62012320328546,7.75
T4_PC_w4_ND,T4,Ci,PC,4,ND,blue,456.4681724845996,7.85
T4_PC_w4_ND,T4,Ci,PC,4,ND,blue,458.3162217659138,7.85
T4_PC_w4_ND,T4,Ci,PC,4,ND,blue,460.1642710472279,7.8
T4_PC_w4_ND,T4,Ci,PC,4,ND,blue,462.01232032854205,7.8
T4_PC_w4_ND,T4,Ci,PC,4,ND,blue,463.8603696098563,7.8
T4_PC_w4_ND,T4,Ci,PC,4,ND,blue,465.7084188911704,7.8
T4_PC_w4_ND,T4,Ci,PC,4,ND,blue,467.5564681724846,7.85
T4_PC_w4_ND,T4,Ci,PC,4,ND,blue,469.40451745379875,7.85
T4_PC_w4_ND,T4,Ci,PC,4,ND,blue,471.25256673511296,7.9
T4_PC_w4_ND,T4,Ci,PC,4,ND,blue,473.1006160164271,7.9
T4_PC_w4_ND,T4,Ci,PC,4,ND,blue,474.9486652977413,7.85
T4_PC_w4_ND,T4,Ci,PC,4,ND,blue,476.7967145790554,7.8
T4_PC_w4_ND,T4,Ci,PC,4,ND,blue,478.64476386036966,7.8
T4_PC_w4_ND,T4,Ci,PC,4,ND,blue,480.4928131416838,7.8
T4_PC_w4_ND,T4,Ci,PC,4,ND,blue,482.34086242299793,7.8
T4_PC_w4_ND,T4,Ci,PC,4,ND,blue,484.1889117043121,7.8
T4_PC_w4_ND,T4,Ci,PC,4,ND,blue,486.03696098562625,7.8
T4_PC_w4_ND,T4,Ci,PC,4,ND,blue,487.88501026694047,7.75
T4_PC_w4_ND,T4,Ci,PC,4,ND,blue,489.73305954825463,7.75
T4_PC_w4_ND,T4,Ci,PC,4,ND,blue,491.5811088295688,7.8
T4_PC_w4_ND,T4,Ci,PC,4,ND,blue,493.42915811088295,7.85
T4_PC_w4_ND,T4,Ci,PC,4,ND,blue,495.27720739219717,7.85
T4_PC_w4_ND,T4,Ci,PC,4,ND,blue,497.12525667351133,7.8
T4_PC_w4_ND,T4,Ci,PC,4,ND,blue,498.9733059548255,7.75
T4_PC_w4_ND,T4,Ci,PC,4,ND,blue,500.8213552361396,7.7
T4_PC_w4_ND,T4,Ci,PC,4,ND,blue,502.66940451745376,7.65
T4_PC_w4_ND,T4,Ci,PC,4,ND,blue,504.517453798768,7.6
T4_PC_w4_ND,T4,Ci,PC,4,ND,blue,506.36550308008214,7.6
T4_PC_w4_ND,T4,Ci,PC,4,ND,blue,508.2135523613963,7.55
T4_PC_w4_ND,T4,Ci,PC,4,ND,blue,510.06160164271046,7.5
T4_PC_w4_ND,T4,Ci,PC,4,ND,blue,511.9096509240247,7.45
T4_PC_w4_ND,T4,Ci,PC,4,ND,blue,513.7577002053388,7.4
T4_PC_w4_ND,T4,Ci,PC,4,ND,blue,515.6057494866529,7.4
T4_PC_w4_ND,T4,Ci,PC,4,ND,blue,517.4537987679671,7.4
T4_PC_w4_ND,T4,Ci,PC,4,ND,blue,519.3018480492813,7.4
T4_PC_w4_ND,T4,Ci,PC,4,ND,blue,521.1498973305955,7.4
T4_PC_w4_ND,T4,Ci,PC,4,ND,blue,522.9979466119097,7.4
T4_PC_w4_ND,T4,Ci,PC,4,ND,blue,524.8459958932239,7.4
T4_PC_w4_ND,T4,Ci,PC,4,ND,blue,526.6940451745379,7.4
T4_PC_w4_ND,T4,Ci,PC,4,ND,blue,528.5420944558522,7.4
T4_PC_w4_ND,T4,Ci,PC,4,ND,blue,530.3901437371663,7.4
T4_PC_w4_ND,T4,Ci,PC,4,ND,blue,532.2381930184805,7.4
T4_PC_w4_ND,T4,Ci,PC,4,ND,blue,534.0862422997947,7.4
T4_PC_w4_ND,T4,Ci,PC,4,ND,blue,535.9342915811088,7.35
T4_PC_w4_ND,T4,Ci,PC,4,ND,blue,537.782340862423,7.3
T4_PC_w4_ND,T4,Ci,PC,4,ND,blue,539.6303901437371,7.25
T4_PC_w4_ND,T4,Ci,PC,4,ND,blue,541.4784394250513,7.1
T4_PC_w4_ND,T4,Ci,PC,4,ND,blue,543.3264887063655,7.0
T4_PC_w4_ND,T4,Ci,PC,4,ND,blue,545.1745379876797,6.9
T4_PC_w4_ND,T4,Ci,PC,4,ND,blue,547.0225872689939,6.8
T4_PC_w4_ND,T4,Ci,PC,4,ND,blue,548.870636550308,6.75
T4_PC_w4_ND,T4,Ci,PC,4,ND,blue,550.7186858316221,6.65
T4_PC_w4_ND,T4,Ci,PC,4,ND,blue,552.5667351129364,6.55
T4_PC_w4_ND,T4,Ci,PC,4,ND,blue,554.4147843942505,6.55
T4_PC_w4_ND,T4,Ci,PC,4,ND,blue,556.2628336755647,6.45
T4_PC_w4_ND,T4,Ci,PC,4,ND,blue,558.1108829568789,6.4
T4_PC_w4_ND,T4,Ci,PC,4,ND,blue,559.958932238193,6.3
T4_PC_w4_ND,T4,Ci,PC,4,ND,blue,561.8069815195072,6.2
T4_PC_w4_ND,T4,Ci,PC,4,ND,blue,563.6550308008214,6.05
T4_PC_w4_ND,T4,Ci,PC,4,ND,blue,565.5030800821355,5.95
T4_PC_w4_ND,T4,Ci,PC,4,ND,blue,567.3511293634497,5.8
T4_PC_w4_ND,T4,Ci,PC,4,ND,blue,569.199178644764,5.7
T4_PC_w4_ND,T4,Ci,PC,4,ND,blue,571.047227926078,5.5
T4_PC_w4_ND,T4,Ci,PC,4,ND,blue,572.8952772073922,5.35
T4_PC_w4_ND,T4,Ci,PC,4,ND,blue,574.7433264887063,5.3
T4_PC_w4_ND,T4,Ci,PC,4,ND,blue,576.5913757700205,5.1
T4_PC_w4_ND,T4,Ci,PC,4,ND,blue,578.4394250513348,5.0
T4_PC_w4_ND,T4,Ci,PC,4,ND,blue,580.2874743326489,4.85
T4_PC_w4_ND,T4,Ci,PC,4,ND,blue,582.1355236139631,4.7
T4_PC_w4_ND,T4,Ci,PC,4,ND,blue,583.9835728952771,4.65
T4_PC_w4_ND,T4,Ci,PC,4,ND,blue,585.8316221765914,4.55
T4_PC_w4_ND,T4,Ci,PC,4,ND,blue,587.6796714579056,4.5
T4_PC_w4_ND,T4,Ci,PC,4,ND,blue,589.5277207392197,4.4
T4_PC_w4_ND,T4,Ci,PC,4,ND,blue,591.3757700205339,4.3
T4_PC_w4_ND,T4,Ci,PC,4,ND,blue,593.2238193018482,4.25
T4_PC_w4_ND,T4,Ci,PC,4,ND,blue,595.0718685831622,4.15
T4_PC_w4_ND,T4,Ci,PC,4,ND,blue,596.9199178644764,4.05
T4_PC_w4_ND,T4,Ci,PC,4,ND,blue,598.7679671457905,4.0
T4_PC_w4_ND,T4,Ci,PC,4,ND,blue,600.6160164271047,3.85
T4_PC_w4_ND,T4,Ci,PC,4,ND,blue,602.464065708419,3.75
T4_PC_w4_ND,T4,Ci,PC,4,ND,blue,604.3121149897331,3.7
T4_PC_w4_ND,T4,Ci,PC,4,ND,blue,606.1601642710472,3.6
T4_PC_w4_ND,T4,Ci,PC,4,ND,blue,608.0082135523613,3.55
T4_PC_w4_ND,T4,Ci,PC,4,ND,blue,609.8562628336756,3.45
T4_PC_w4_ND,T4,Ci,PC,4,ND,blue,611.7043121149898,3.45
T4_PC_w4_ND,T4,Ci,PC,4,ND,blue,613.5523613963039,3.35
T4_PC_w4_ND,T4,Ci,PC,4,ND,blue,615.4004106776181,3.3
T4_PC_w4_ND,T4,Ci,PC,4,ND,blue,617.2484599589322,3.2
T4_PC_w4_ND,T4,Ci,PC,4,ND,blue,619.0965092402464,3.1
T4_PC_w4_ND,T4,Ci,PC,4,ND,blue,620.9445585215606,3.0
T4_PC_w4_ND,T4,Ci,PC,4,ND,blue,622.7926078028747,2.9
T4_PC_w4_ND,T4,Ci,PC,4,ND,blue,624.6406570841889,2.8
T4_PC_w4_ND,T4,Ci,PC,4,ND,blue,626.4887063655032,2.7
T4_PC_w4_ND,T4,Ci,PC,4,ND,blue,628.3367556468173,2.6
T4_PC_w4_ND,T4,Ci,PC,4,ND,blue,630.1848049281314,2.5
T4_PC_w4_ND,T4,Ci,PC,4,ND,blue,632.0328542094455,2.4
T4_PC_w4_ND,T4,Ci,PC,4,ND,blue,633.8809034907597,2.3
T4_PC_w4_ND,T4,Ci,PC,4,ND,blue,635.728952772074,2.2
T4_PC_w4_ND,T4,Ci,PC,4,ND,blue,637.5770020533881,2.15
T4_PC_w4_ND,T4,Ci,PC,4,ND,blue,639.4250513347023,2.1
T4_PC_w4_ND,T4,Ci,PC,4,ND,blue,641.2731006160163,2.05
T4_PC_w4_ND,T4,Ci,PC,4,ND,blue,643.1211498973306,1.95
T4_PC_w4_ND,T4,Ci,PC,4,ND,blue,644.9691991786448,1.95
T4_PC_w4_ND,T4,Ci,PC,4,ND,blue,646.8172484599589,1.85
T4_PC_w4_ND,T4,Ci,PC,4,ND,blue,648.6652977412731,1.75
T4_PC_w4_ND,T4,Ci,PC,4,ND,blue,650.5133470225874,1.7
T4_PC_w4_ND,T4,Ci,PC,4,ND,blue,652.3613963039014,1.6
T4_PC_w4_ND,T4,Ci,PC,4,ND,blue,654.2094455852156,1.5
T4_PC_w4_ND,T4,Ci,PC,4,ND,blue,656.0574948665297,1.45
T4_PC_w4_ND,T4,Ci,PC,4,ND,blue,657.9055441478439,1.35
T4_PC_w4_ND,T4,Ci,PC,4,ND,blue,659.7535934291582,1.25
T4_PC_w4_ND,T4,Ci,PC,4,ND,blue,661.6016427104723,1.2
T4_PC_w4_ND,T4,Ci,PC,4,ND,blue,663.4496919917865,1.15
T4_PC_w4_ND,T4,Ci,PC,4,ND,blue,665.2977412731005,1.1
T4_PC_w4_ND,T4,Ci,PC,4,ND,blue,667.1457905544148,1.05
T4_PC_w4_ND,T4,Ci,PC,4,ND,blue,668.993839835729,1.0
T4_PC_w4_ND,T4,Ci,PC,4,ND,blue,670.8418891170431,1.0
T4_PC_w4_ND,T4,Ci,PC,4,ND,blue,672.6899383983573,1.0
T4_PC_w4_ND,T4,Ci,PC,4,ND,blue,674.5379876796715,0.95
T4_PC_w4_ND,T4,Ci,PC,4,ND,blue,676.3860369609856,0.9
T4_PC_w4_ND,T4,Ci,PC,4,ND,blue,678.2340862422998,0.9
T4_PC_w4_ND,T4,Ci,PC,4,ND,blue,680.0821355236139,0.85
T4_PC_w4_ND,T4,Ci,PC,4,ND,blue,681.9301848049281,0.75
T4_PC_w4_ND,T4,Ci,PC,4,ND,blue,683.7782340862424,0.7
T4_PC_w4_ND,T4,Ci,PC,4,ND,blue,685.6262833675565,0.65
T4_PC_w4_ND,T4,Ci,PC,4,ND,blue,687.4743326488706,0.55
T4_PC_w4_ND,T4,Ci,PC,4,ND,blue,689.3223819301847,0.55
T4_PC_w4_ND,T4,Ci,PC,4,ND,blue,691.1704312114989,0.45
T4_PC_w4_ND,T4,Ci,PC,4,ND,blue,693.0184804928132,0.4
T4_PC_w4_ND,T4,Ci,PC,4,ND,blue,694.8665297741273,0.35
T4_PC_w4_ND,T4,Ci,PC,4,ND,blue,696.7145790554415,0.3
T4_PC_w4_ND,T4,Ci,PC,4,ND,blue,698.5626283367557,0.25
T4_PC_w4_ND,T4,Ci,PC,4,ND,blue,700.4106776180698,0.2
T4_PC_w4_ND,T4,Ci,PC,4,ND,blue,702.258726899384,0.15
T4_PC_w4_ND,T4,Ci,PC,4,ND,blue,704.1067761806981,0.15
T4_PC_w4_ND,T4,Ci,PC,4,ND,blue,705.9548254620123,0.1
T4_PC_w4_ND,T4,Ci,PC,4,ND,blue,707.8028747433266,0.0
T4_PC_w4_ND,T4,Ci,PC,4,ND,blue,709.6509240246406,-0.05
T4_PC_w4_ND,T4,Ci,PC,4,ND,blue,711.4989733059548,-0.05
T4_PC_w4_ND,T4,Ci,PC,4,ND,blue,713.347022587269,-0.1
T4_PC_w4_ND,T4,Ci,PC,4,ND,blue,715.1950718685831,-0.1
T4_PC_w4_ND,T4,Ci,PC,4,ND,blue,717.0431211498974,-0.1
T4_PC_w4_ND,T4,Ci,PC,4,ND,blue,718.8911704312115,-0.2
T4_PC_w4_ND,T4,Ci,PC,4,ND,blue,720.7392197125257,-0.2
T4_PC_w4_ND,T4,Ci,PC,4,ND,blue,722.5872689938398,-0.2
T4_PC_w4_ND,T4,Ci,PC,4,ND,blue,724.435318275154,-0.25
T4_PC_w4_ND,T4,Ci,PC,4,ND,blue,726.2833675564682,-0.3
T4_PC_w4_ND,T4,Ci,PC,4,ND,blue,728.1314168377824,-0.35
T4_PC_w4_ND,T4,Ci,PC,4,ND,blue,729.9794661190965,-0.45
T4_PC_w4_ND,T4,Ci,PC,4,ND,blue,731.8275154004107,-0.5
T4_PC_w4_ND,T4,Ci,PC,4,ND,blue,733.6755646817248,-0.55
T4_PC_w4_ND,T4,Ci,PC,4,ND,blue,735.523613963039,-0.65
T4_PC_w4_ND,T4,Ci,PC,4,ND,blue,737.3716632443532,-0.65
T4_PC_w4_ND,T4,Ci,PC,4,ND,blue,739.2197125256673,-0.75
T4_PC_w4_ND,T4,Ci,PC,4,ND,blue,741.0677618069816,-0.8
T4_PC_w4_ND,T4,Ci,PC,4,ND,blue,742.9158110882958,-0.8
T4_PC_w4_ND,T4,Ci,PC,4,ND,blue,744.7638603696098,-0.8
T4_PC_w4_ND,T4,Ci,PC,4,ND,blue,746.611909650924,-0.85
T4_PC_w4_ND,T4,Ci,PC,4,ND,blue,748.4599589322381,-0.9
T4_PC_w4_ND,T4,Ci,PC,4,ND,blue,750.3080082135524,-0.9
T4_PC_w4_ND,T4,Ci,PC,4,ND,blue,752.1560574948666,-0.9
T4_PC_w4_ND,T4,Ci,PC,4,ND,blue,754.0041067761807,-0.9
T4_PC_w4_ND,T4,Ci,PC,4,ND,blue,755.8521560574949,-0.9
T4_PC_w4_ND,T4,Ci,PC,4,ND,blue,757.700205338809,-0.95
T4_PC_w4_ND,T4,Ci,PC,4,ND,blue,759.5482546201232,-1.0
T4_PC_w4_ND,T4,Ci,PC,4,ND,blue,761.3963039014374,-1.0
T4_PC_w4_ND,T4,Ci,PC,4,ND,blue,763.2443531827515,-1.0
T4_PC_w4_ND,T4,Ci,PC,4,ND,blue,765.0924024640658,-1.0
T4_PC_w4_ND,T4,Ci,PC,4,ND,blue,766.94045174538,-0.95
T4_PC_w4_ND,T4,Ci,PC,4,ND,blue,768.788501026694,-0.95
T4_PC_w4_ND,T4,Ci,PC,4,ND,blue,770.6365503080082,-1.0
T4_PC_w4_ND,T4,Ci,PC,4,ND,blue,772.4845995893223,-1.0
T4_PC_w4_ND,T4,Ci,PC,4,ND,blue,774.3326488706366,-1.0
T4_PC_w4_ND,T4,Ci,PC,4,ND,blue,776.1806981519508,-1.0
T4_PC_w4_ND,T4,Ci,PC,4,ND,blue,778.0287474332649,-1.0
T4_PC_w4_ND,T4,Ci,PC,4,ND,blue,779.876796714579,-1.0
T4_PC_w4_ND,T4,Ci,PC,4,ND,blue,781.7248459958932,-1.0
T4_PC_w4_ND,T4,Ci,PC,4,ND,blue,783.5728952772074,-1.0
T4_PC_w4_ND,T4,Ci,PC,4,ND,blue,785.4209445585216,-1.0
T4_PC_w4_ND,T4,Ci,PC,4,ND,blue,787.2689938398357,-1.0
T4_PC_w4_ND,T4,Ci,PC,4,ND,blue,789.1170431211499,-1.0
T4_PC_w4_ND,T4,Ci,PC,4,ND,blue,790.965092402464,-1.05
T4_PC_w4_ND,T4,Ci,PC,4,ND,blue,792.8131416837782,-1.1
T4_PC_w4_ND,T4,Ci,PC,4,ND,blue,794.6611909650924,-1.15
T4_PC_w4_ND,T4,Ci,PC,4,ND,blue,796.5092402464065,-1.25
T4_PC_w4_ND,T4,Ci,PC,4,ND,blue,798.3572895277208,-1.25
T4_PC_w4_ND,T4,Ci,PC,4,ND,blue,800.205338809035,-1.35
T4_PC_w4_ND,T4,Ci,PC,4,ND,blue,802.053388090349,-1.45
T4_PC_w4_ND,T4,Ci,PC,4,ND,blue,803.9014373716632,-1.45
T4_PC_w4_ND,T4,Ci,PC,4,ND,blue,805.7494866529773,-1.45
T4_PC_w4_ND,T4,Ci,PC,4,ND,blue,807.5975359342916,-1.45
T4_PC_w4_ND,T4,Ci,PC,4,ND,blue,809.4455852156058,-1.4
T4_PC_w4_ND,T4,Ci,PC,4,ND,blue,811.2936344969199,-1.4
T4_PC_w4_ND,T4,Ci,PC,4,ND,blue,813.1416837782341,-1.45
T4_PC_w4_ND,T4,Ci,PC,4,ND,blue,814.9897330595483,-1.45
T4_PC_w4_ND,T4,Ci,PC,4,ND,blue,816.8377823408624,-1.35
T4_PC_w4_ND,T4,Ci,PC,4,ND,blue,818.6858316221766,-1.35
T4_PC_w4_ND,T4,Ci,PC,4,ND,blue,820.5338809034907,-1.25
T4_PC_w4_ND,T4,Ci,PC,4,ND,blue,822.381930184805,-1.25
T4_PC_w4_ND,T4,Ci,PC,4,ND,blue,824.2299794661192,-1.25
T4_PC_w4_ND,T4,Ci,PC,4,ND,blue,826.0780287474332,-1.35
T4_PC_w4_ND,T4,Ci,PC,4,ND,blue,827.9260780287474,-1.4
T4_PC_w4_ND,T4,Ci,PC,4,ND,blue,829.7741273100615,-1.45
T4_PC_w4_ND,T4,Ci,PC,4,ND,blue,831.6221765913758,-1.5
T4_PC_w4_ND,T4,Ci,PC,4,ND,blue,833.47022587269,-1.55
T4_PC_w4_ND,T4,Ci,PC,4,ND,blue,835.3182751540041,-1.6
T4_PC_w4_ND,T4,Ci,PC,4,ND,blue,837.1663244353182,-1.6
T4_PC_w4_ND,T4,Ci,PC,4,ND,blue,839.0143737166325,-1.65
T4_PC_w4_ND,T4,Ci,PC,4,ND,blue,840.8624229979466,-1.65
T4_PC_w4_ND,T4,Ci,PC,4,ND,blue,842.7104722792608,-1.6
T4_PC_w4_ND,T4,Ci,PC,4,ND,blue,844.558521560575,-1.6
T4_PC_w4_ND,T4,Ci,PC,4,ND,blue,846.4065708418891,-1.65
T4_PC_w4_ND,T4,Ci,PC,4,ND,blue,848.2546201232033,-1.7
T4_PC_w4_ND,T4,Ci,PC,4,ND,blue,850.1026694045174,-1.7
T4_PC_w4_ND,T4,Ci,PC,4,ND,blue,851.9507186858316,-1.7
T4_PC_w4_ND,T4,Ci,PC,4,ND,blue,853.7987679671457,-1.65
T4_PC_w4_ND,T4,Ci,PC,4,ND,blue,855.64681724846,-1.65
T4_PC_w4_ND,T4,Ci,PC,4,ND,blue,857.4948665297742,-1.65
T4_PC_w4_ND,T4,Ci,PC,4,ND,blue,859.3429158110883,-1.65
T4_PC_w4_ND,T4,Ci,PC,4,ND,blue,861.1909650924024,-1.65
T4_PC_w4_ND,T4,Ci,PC,4,ND,blue,863.0390143737166,-1.6
T4_PC_w4_ND,T4,Ci,PC,4,ND,blue,864.8870636550308,-1.6
T4_PC_w4_ND,T4,Ci,PC,4,ND,blue,866.735112936345,-1.6
T4_PC_w4_ND,T4,Ci,PC,4,ND,blue,868.5831622176592,-1.6
T4_PC_w4_ND,T4,Ci,PC,4,ND,blue,870.4312114989733,-1.55
T4_PC_w4_ND,T4,Ci,PC,4,ND,blue,872.2792607802875,-1.5
T4_PC_w4_ND,T4,Ci,PC,4,ND,blue,874.1273100616016,-1.5
T4_PC_w4_ND,T4,Ci,PC,4,ND,blue,875.9753593429158,-1.45
T4_PC_w4_ND,T4,Ci,PC,4,ND,blue,877.82340862423,-1.4
T4_PC_w4_ND,T4,Ci,PC,4,ND,blue,879.6714579055442,-1.35
T4_PC_w4_ND,T4,Ci,PC,4,ND,blue,881.5195071868584,-1.3
T4_PC_w4_ND,T4,Ci,PC,4,ND,blue,883.3675564681724,-1.3
T4_PC_w4_ND,T4,Ci,PC,4,ND,blue,885.2156057494866,-1.3
T4_PC_w4_ND,T4,Ci,PC,4,ND,blue,887.0636550308008,-1.3
T4_PC_w4_ND,T4,Ci,PC,4,ND,blue,888.911704312115,-1.3
T4_PC_w4_ND,T4,Ci,PC,4,ND,blue,890.7597535934292,-1.35
T4_PC_w4_ND,T4,Ci,PC,4,ND,blue,892.6078028747434,-1.4
T4_PC_w4_ND,T4,Ci,PC,4,ND,blue,894.4558521560575,-1.4
T4_PC_w4_ND,T4,Ci,PC,4,ND,blue,896.3039014373717,-1.35
T4_PC_w4_ND,T4,Ci,PC,4,ND,blue,898.1519507186858,-1.35
T4_PC_w4_ND,T4,Ci,PC,4,ND,blue,900.0,-1.4
T4_NC_w1_PD,T4,Ci,NC,1,PD,red,0.0,0.0
T4_NC_w1_PD,T4,Ci,NC,1,PD,red,1.875,0.05
T4_NC_w1_PD,T4,Ci,NC,1,PD,red,3.75,0.1
T4_NC_w1_PD,T4,Ci,NC,1,PD,red,5.625,0.1
T4_NC_w1_PD,T4,Ci,NC,1,PD,red,7.5,0.15
T4_NC_w1_PD,T4,Ci,NC,1,PD,red,9.375,0.2
T4_NC_w1_PD,T4,Ci,NC,1,PD,red,11.25,0.2
T4_NC_w1_PD,T4,Ci,NC,1,PD,red,13.125,0.25
T4_NC_w1_PD,T4,Ci,NC,1,PD,red,15.0,0.325
T4_NC_w1_PD,T4,Ci,NC,1,PD,red,16.875,0.4
T4_NC_w1_PD,T4,Ci,NC,1,PD,red,18.75,0.45
T4_NC_w1_PD,T4,Ci,NC,1,PD,red,20.625,0.5
T4_NC_w1_PD,T4,Ci,NC,1,PD,red,22.5,0.55
T4_NC_w1_PD,T4,Ci,NC,1,PD,red,24.375,0.55
T4_NC_w1_PD,T4,Ci,NC,1,PD,red,26.25,0.55
T4_NC_w1_PD,T4,Ci,NC,1,PD,red,28.125,0.55
T4_NC_w1_PD,T4,Ci,NC,1,PD,red,30.0,0.55
T4_NC_w1_PD,T4,Ci,NC,1,PD,red,31.875,0.5800000000000012
T4_NC_w1_PD,T4,Ci,NC,1,PD,red,33.75,0.6600000000000023
T4_NC_w1_PD,T4,Ci,NC,1,PD,red,35.625,0.7399999999999978
T4_NC_w1_PD,T4,Ci,NC,1,PD,red,37.5,0.8199999999999988
T4_NC_w1_PD,T4,Ci,NC,1,PD,red,39.375,0.9
T4_NC_w1_PD,T4,Ci,NC,1,PD,red,41.25,0.9
T4_NC_w1_PD,T4,Ci,NC,1,PD,red,43.125,0.9
T4_NC_w1_PD,T4,Ci,NC,1,PD,red,45.0,0.85
T4_NC_w1_PD,T4,Ci,NC,1,PD,red,46.875,0.8
T4_NC_w1_PD,T4,Ci,NC,1,PD,red,48.75,0.75
T4_NC_w1_PD,T4,Ci,NC,1,PD,red,50.625,0.7
T4_NC_w1_PD,T4,Ci,NC,1,PD,red,52.5,0.7
T4_NC_w1_PD,T4,Ci,NC,1,PD,red,54.375,0.75
T4_NC_w1_PD,T4,Ci,NC,1,PD,red,56.25,0.75
T4_NC_w1_PD,T4,Ci,NC,1,PD,red,58.12500000000001,0.75
T4_NC_w1_PD,T4,Ci,NC,1,PD,red,60.0,0.8
T4_NC_w1_PD,T4,Ci,NC,1,PD,red,61.87500000000001,0.85
T4_NC_w1_PD,T4,Ci,NC,1,PD,red,63.75,0.85
T4_NC_w1_PD,T4,Ci,NC,1,PD,red,65.625,0.9
T4_NC_w1_PD,T4,Ci,NC,1,PD,red,67.5,0.95
T4_NC_w1_PD,T4,Ci,NC,1,PD,red,69.375,0.95
T4_NC_w1_PD,T4,Ci,NC,1,PD,red,71.25,0.9
T4_NC_w1_PD,T4,Ci,NC,1,PD,red,73.125,0.85
T4_NC_w1_PD,T4,Ci,NC,1,PD,red,75.0,0.8
T4_NC_w1_PD,T4,Ci,NC,1,PD,red,76.875,0.75
T4_NC_w1_PD,T4,Ci,NC,1,PD,red,78.75,0.75
T4_NC_w1_PD,T4,Ci,NC,1,PD,red,80.625,0.75
T4_NC_w1_PD,T4,Ci,NC,1,PD,red,82.5,0.75
T4_NC_w1_PD,T4,Ci,NC,1,PD,red,84.375,0.75
T4_NC_w1_PD,T4,Ci,NC,1,PD,red,86.25,0.75
T4_NC_w1_PD,T4,Ci,NC,1,PD,red,88.125,0.85
T4_NC_w1_PD,T4,Ci,NC,1,PD,red,90.0,0.95
T4_NC_w1_PD,T4,Ci,NC,1,PD,red,91.875,1.0
T4_NC_w1_PD,T4,Ci,NC,1,PD,red,93.75,1.1
T4_NC_w1_PD,T4,Ci,NC,1,PD,red,95.625,1.15
T4_NC_w1_PD,T4,Ci,NC,1,PD,red,97.5,1.2
T4_NC_w1_PD,T4,Ci,NC,1,PD,red,99.375,1.3
T4_NC_w1_PD,T4,Ci,NC,1,PD,red,101.25,1.3
T4_NC_w1_PD,T4,Ci,NC,1,PD,red,103.125,1.35
T4_NC_w1_PD,T4,Ci,NC,1,PD,red,105.0,1.35
T4_NC_w1_PD,T4,Ci,NC,1,PD,red,106.875,1.35
T4_NC_w1_PD,T4,Ci,NC,1,PD,red,108.75,1.35
T4_NC_w1_PD,T4,Ci,NC,1,PD,red,110.625,1.35
T4_NC_w1_PD,T4,Ci,NC,1,PD,red,112.5,1.3
T4_NC_w1_PD,T4,Ci,NC,1,PD,red,114.375,1.2
T4_NC_w1_PD,T4,Ci,NC,1,PD,red,116.25000000000001,1.15
T4_NC_w1_PD,T4,Ci,NC,1,PD,red,118.125,1.05
T4_NC_w1_PD,T4,Ci,NC,1,PD,red,120.0,0.9
T4_NC_w1_PD,T4,Ci,NC,1,PD,red,121.87499999999999,0.85
T4_NC_w1_PD,T4,Ci,NC,1,PD,red,123.75000000000001,0.85
T4_NC_w1_PD,T4,Ci,NC,1,PD,red,125.625,0.85
T4_NC_w1_PD,T4,Ci,NC,1,PD,red,127.5,0.9
T4_NC_w1_PD,T4,Ci,NC,1,PD,red,129.375,0.9
T4_NC_w1_PD,T4,Ci,NC,1,PD,red,131.25,0.9
T4_NC_w1_PD,T4,Ci,NC,1,PD,red,133.125,0.9
T4_NC_w1_PD,T4,Ci,NC,1,PD,red,135.0,0.85
T4_NC_w1_PD,T4,Ci,NC,1,PD,red,136.875,0.8
T4_NC_w1_PD,T4,Ci,NC,1,PD,red,138.75,0.8
T4_NC_w1_PD,T4,Ci,NC,1,PD,red,140.625,0.8
T4_NC_w1_PD,T4,Ci,NC,1,PD,red,142.5,0.8
T4_NC_w1_PD,T4,Ci,NC,1,PD,red,144.375,0.8333333333333315
T4_NC_w1_PD,T4,Ci,NC,1,PD,red,146.25,0.8666666666666686
T4_NC_w1_PD,T4,Ci,NC,1,PD,red,148.125,0.9
T4_NC_w1_PD,T4,Ci,NC,1,PD,red,150.0,0.9
T4_NC_w1_PD,T4,Ci,NC,1,PD,red,151.875,0.9
T4_NC_w1_PD,T4,Ci,NC,1,PD,red,153.75,1.0
T4_NC_w1_PD,T4,Ci,NC,1,PD,red,155.625,1.0
T4_NC_w1_PD,T4,Ci,NC,1,PD,red,157.5,1.05
T4_NC_w1_PD,T4,Ci,NC,1,PD,red,159.375,1.05
T4_NC_w1_PD,T4,Ci,NC,1,PD,red,161.25,1.05
T4_NC_w1_PD,T4,Ci,NC,1,PD,red,163.125,1.05
T4_NC_w1_PD,T4,Ci,NC,1,PD,red,165.0,1.05
T4_NC_w1_PD,T4,Ci,NC,1,PD,red,166.875,1.05
T4_NC_w1_PD,T4,Ci,NC,1,PD,red,168.75,1.05
T4_NC_w1_PD,T4,Ci,NC,1,PD,red,170.625,1.05
T4_NC_w1_PD,T4,Ci,NC,1,PD,red,172.5,1.05
T4_NC_w1_PD,T4,Ci,NC,1,PD,red,174.375,1.05
T4_NC_w1_PD,T4,Ci,NC,1,PD,red,176.25,1.05
T4_NC_w1_PD,T4,Ci,NC,1,PD,red,178.125,1.05
T4_NC_w1_PD,T4,Ci,NC,1,PD,red,180.0,1.05
T4_NC_w1_PD,T4,Ci,NC,1,PD,red,181.875,1.0
T4_NC_w1_PD,T4,Ci,NC,1,PD,red,183.75,0.9
T4_NC_w1_PD,T4,Ci,NC,1,PD,red,185.625,0.85
T4_NC_w1_PD,T4,Ci,NC,1,PD,red,187.5,0.85
T4_NC_w1_PD,T4,Ci,NC,1,PD,red,189.375,0.85
T4_NC_w1_PD,T4,Ci,NC,1,PD,red,191.25,0.75
T4_NC_w1_PD,T4,Ci,NC,1,PD,red,193.125,0.75
T4_NC_w1_PD,T4,Ci,NC,1,PD,red,195.0,0.75
T4_NC_w1_PD,T4,Ci,NC,1,PD,red,196.875,0.75
T4_NC_w1_PD,T4,Ci,NC,1,PD,red,198.75,0.75
T4_NC_w1_PD,T4,Ci,NC,1,PD,red,200.625,0.75
T4_NC_w1_PD,T4,Ci,NC,1,PD,red,202.5,0.75
T4_NC_w1_PD,T4,Ci,NC,1,PD,red,204.375,0.8
T4_NC_w1_PD,T4,Ci,NC,1,PD,red,206.25,0.85
T4_NC_w1_PD,T4,Ci,NC,1,PD,red,208.125,0.9
T4_NC_w1_PD,T4,Ci,NC,1,PD,red,210.0,0.95
T4_NC_w1_PD,T4,Ci,NC,1,PD,red,211.875,0.95
T4_NC_w1_PD,T4,Ci,NC,1,PD,red,213.75,0.95
T4_NC_w1_PD,T4,Ci,NC,1,PD,red,215.625,1.0
T4_NC_w1_PD,T4,Ci,NC,1,PD,red,217.5,1.05
T4_NC_w1_PD,T4,Ci,NC,1,PD,red,219.375,1.05
T4_NC_w1_PD,T4,Ci,NC,1,PD,red,221.25,1.05
T4_NC_w1_PD,T4,Ci,NC,1,PD,red,223.125,1.05
T4_NC_w1_PD,T4,Ci,NC,1,PD,red,225.0,1.05
T4_NC_w1_PD,T4,Ci,NC,1,PD,red,226.875,1.05
T4_NC_w1_PD,T4,Ci,NC,1,PD,red,228.75,1.05
T4_NC_w1_PD,T4,Ci,NC,1,PD,red,230.62499999999997,1.05
T4_NC_w1_PD,T4,Ci,NC,1,PD,red,232.50000000000003,1.05
T4_NC_w1_PD,T4,Ci,NC,1,PD,red,234.37500000000003,1.05
T4_NC_w1_PD,T4,Ci,NC,1,PD,red,236.25,1.1
T4_NC_w1_PD,T4,Ci,NC,1,PD,red,238.125,1.1
T4_NC_w1_PD,T4,Ci,NC,1,PD,red,240.0,1.019999999999999
T4_NC_w1_PD,T4,Ci,NC,1,PD,red,241.875,0.9399999999999977
T4_NC_w1_PD,T4,Ci,NC,1,PD,red,243.74999999999997,0.8600000000000023
T4_NC_w1_PD,T4,Ci,NC,1,PD,red,245.62499999999997,0.7800000000000011
T4_NC_w1_PD,T4,Ci,NC,1,PD,red,247.50000000000003,0.7
T4_NC_w1_PD,T4,Ci,NC,1,PD,red,249.375,0.6199999999999989
T4_NC_w1_PD,T4,Ci,NC,1,PD,red,251.25,0.5399999999999977
T4_NC_w1_PD,T4,Ci,NC,1,PD,red,253.125,0.4600000000000023
T4_NC_w1_PD,T4,Ci,NC,1,PD,red,255.0,0.3800000000000011
T4_NC_w1_PD,T4,Ci,NC,1,PD,red,256.875,0.3
T4_NC_w1_PD,T4,Ci,NC,1,PD,red,258.75,0.3
T4_NC_w1_PD,T4,Ci,NC,1,PD,red,260.625,0.3
T4_NC_w1_PD,T4,Ci,NC,1,PD,red,262.5,0.3
T4_NC_w1_PD,T4,Ci,NC,1,PD,red,264.375,0.25
T4_NC_w1_PD,T4,Ci,NC,1,PD,red,266.25,0.25
T4_NC_w1_PD,T4,Ci,NC,1,PD,red,268.125,0.2
T4_NC_w1_PD,T4,Ci,NC,1,PD,red,270.0,0.2
T4_NC_w1_PD,T4,Ci,NC,1,PD,red,271.875,0.15
T4_NC_w1_PD,T4,Ci,NC,1,PD,red,273.75,0.15
T4_NC_w1_PD,T4,Ci,NC,1,PD,red,275.625,0.15
T4_NC_w1_PD,T4,Ci,NC,1,PD,red,277.5,0.15
T4_NC_w1_PD,T4,Ci,NC,1,PD,red,279.375,0.15
T4_NC_w1_PD,T4,Ci,NC,1,PD,red,281.25,0.2
T4_NC_w1_PD,T4,Ci,NC,1,PD,red,283.125,0.2
T4_NC_w1_PD,T4,Ci,NC,1,PD,red,285.0,0.25
T4_NC_w1_PD,T4,Ci,NC,1,PD,red,286.875,0.35
T4_NC_w1_PD,T4,Ci,NC,1,PD,red,288.75,0.35
T4_NC_w1_PD,T4,Ci,NC,1,PD,red,290.625,0.35
T4_NC_w1_PD,T4,Ci,NC,1,PD,red,292.5,0.45
T4_NC_w1_PD,T4,Ci,NC,1,PD,red,294.375,0.45
T4_NC_w1_PD,T4,Ci,NC,1,PD,red,296.25,0.5
T4_NC_w1_PD,T4,Ci,NC,1,PD,red,298.125,0.5
T4_NC_w1_PD,T4,Ci,NC,1,PD,red,300.0,0.45
T4_NC_w1_PD,T4,Ci,NC,1,PD,red,301.875,0.45
T4_NC_w1_PD,T4,Ci,NC,1,PD,red,303.75,0.5
T4_NC_w1_PD,T4,Ci,NC,1,PD,red,305.625,0.5
T4_NC_w1_PD,T4,Ci,NC,1,PD,red,307.5,0.45
T4_NC_w1_PD,T4,Ci,NC,1,PD,red,309.375,0.45
T4_NC_w1_PD,T4,Ci,NC,1,PD,red,311.25,0.4
T4_NC_w1_PD,T4,Ci,NC,1,PD,red,313.125,0.3
T4_NC_w1_PD,T4,Ci,NC,1,PD,red,315.0,0.25
T4_NC_w1_PD,T4,Ci,NC,1,PD,red,316.875,0.25
T4_NC_w1_PD,T4,Ci,NC,1,PD,red,318.75,0.2
T4_NC_w1_PD,T4,Ci,NC,1,PD,red,320.625,0.1
T4_NC_w1_PD,T4,Ci,NC,1,PD,red,322.5,0.05
T4_NC_w1_PD,T4,Ci,NC,1,PD,red,324.375,0.05
T4_NC_w1_PD,T4,Ci,NC,1,PD,red,326.25,0.05
T4_NC_w1_PD,T4,Ci,NC,1,PD,red,328.125,0.05
T4_NC_w1_PD,T4,Ci,NC,1,PD,red,330.0,0.0
T4_NC_w1_PD,T4,Ci,NC,1,PD,red,331.875,-0.1
T4_NC_w1_PD,T4,Ci,NC,1,PD,red,333.75,-0.2
T4_NC_w1_PD,T4,Ci,NC,1,PD,red,335.625,-0.3
T4_NC_w1_PD,T4,Ci,NC,1,PD,red,337.5,-0.35
T4_NC_w1_PD,T4,Ci,NC,1,PD,red,339.375,-0.45
T4_NC_w1_PD,T4,Ci,NC,1,PD,red,341.25,-0.45
T4_NC_w1_PD,T4,Ci,NC,1,PD,red,343.125,-0.5
T4_NC_w1_PD,T4,Ci,NC,1,PD,red,345.0,-0.6
T4_NC_w1_PD,T4,Ci,NC,1,PD,red,346.875,-0.6
T4_NC_w1_PD,T4,Ci,NC,1,PD,red,348.75,-0.65
T4_NC_w1_PD,T4,Ci,NC,1,PD,red,350.625,-0.65
T4_NC_w1_PD,T4,Ci,NC,1,PD,red,352.5,-0.65
T4_NC_w1_PD,T4,Ci,NC,1,PD,red,354.375,-0.65
T4_NC_w1_PD,T4,Ci,NC,1,PD,red,356.25,-0.65
T4_NC_w1_PD,T4,Ci,NC,1,PD,red,358.125,-0.65
T4_NC_w1_PD,T4,Ci,NC,1,PD,red,360.0,-0.65
T4_NC_w1_PD,T4,Ci,NC,1,PD,red,361.875,-0.65
T4_NC_w1_PD,T4,Ci,NC,1,PD,red,363.75,-0.75
T4_NC_w1_PD,T4,Ci,NC,1,PD,red,365.625,-0.8
T4_NC_w1_PD,T4,Ci,NC,1,PD,red,367.5,-0.85
T4_NC_w1_PD,T4,Ci,NC,1,PD,red,369.375,-0.9
T4_NC_w1_PD,T4,Ci,NC,1,PD,red,371.25,-0.9
T4_NC_w1_PD,T4,Ci,NC,1,PD,red,373.125,-0.9
T4_NC_w1_PD,T4,Ci,NC,1,PD,red,375.0,-0.9
T4_NC_w1_PD,T4,Ci,NC,1,PD,red,376.875,-0.95
T4_NC_w1_PD,T4,Ci,NC,1,PD,red,378.75,-0.95
T4_NC_w1_PD,T4,Ci,NC,1,PD,red,380.625,-0.95
T4_NC_w1_PD,T4,Ci,NC,1,PD,red,382.5,-0.85
T4_NC_w1_PD,T4,Ci,NC,1,PD,red,384.375,-0.85
T4_NC_w1_PD,T4,Ci,NC,1,PD,red,386.25,-0.85
T4_NC_w1_PD,T4,Ci,NC,1,PD,red,388.125,-0.85
T4_NC_w1_PD,T4,Ci,NC,1,PD,red,390.0,-0.95
T4_NC_w1_PD,T4,Ci,NC,1,PD,red,391.875,-0.95
T4_NC_w1_PD,T4,Ci,NC,1,PD,red,393.75,-0.95
T4_NC_w1_PD,T4,Ci,NC,1,PD,red,395.625,-0.95
T4_NC_w1_PD,T4,Ci,NC,1,PD,red,397.5,-0.95
T4_NC_w1_PD,T4,Ci,NC,1,PD,red,399.375,-0.95
T4_NC_w1_PD,T4,Ci,NC,1,PD,red,401.25,-0.95
T4_NC_w1_PD,T4,Ci,NC,1,PD,red,403.125,-0.9
T4_NC_w1_PD,T4,Ci,NC,1,PD,red,405.0,-0.85
T4_NC_w1_PD,T4,Ci,NC,1,PD,red,406.875,-0.85
T4_NC_w1_PD,T4,Ci,NC,1,PD,red,408.75,-0.85
T4_NC_w1_PD,T4,Ci,NC,1,PD,red,410.625,-0.85
T4_NC_w1_PD,T4,Ci,NC,1,PD,red,412.5,-0.85
T4_NC_w1_PD,T4,Ci,NC,1,PD,red,414.375,-0.85
T4_NC_w1_PD,T4,Ci,NC,1,PD,red,416.25,-0.75
T4_NC_w1_PD,T4,Ci,NC,1,PD,red,418.125,-0.75
T4_NC_w1_PD,T4,Ci,NC,1,PD,red,420.0,-0.7
T4_NC_w1_PD,T4,Ci,NC,1,PD,red,421.875,-0.65
T4_NC_w1_PD,T4,Ci,NC,1,PD,red,423.75,-0.6
T4_NC_w1_PD,T4,Ci,NC,1,PD,red,425.625,-0.55
T4_NC_w1_PD,T4,Ci,NC,1,PD,red,427.5,-0.55
T4_NC_w1_PD,T4,Ci,NC,1,PD,red,429.375,-0.55
T4_NC_w1_PD,T4,Ci,NC,1,PD,red,431.25,-0.5
T4_NC_w1_PD,T4,Ci,NC,1,PD,red,433.125,-0.45
T4_NC_w1_PD,T4,Ci,NC,1,PD,red,435.0,-0.45
T4_NC_w1_PD,T4,Ci,NC,1,PD,red,436.875,-0.4
T4_NC_w1_PD,T4,Ci,NC,1,PD,red,438.75,-0.4
T4_NC_w1_PD,T4,Ci,NC,1,PD,red,440.625,-0.35
T4_NC_w1_PD,T4,Ci,NC,1,PD,red,442.5,-0.35
T4_NC_w1_PD,T4,Ci,NC,1,PD,red,444.375,-0.3
T4_NC_w1_PD,T4,Ci,NC,1,PD,red,446.25,-0.25
T4_NC_w1_PD,T4,Ci,NC,1,PD,red,448.125,-0.25
T4_NC_w1_PD,T4,Ci,NC,1,PD,red,450.0,-0.25
T4_NC_w1_PD,T4,Ci,NC,1,PD,red,451.875,-0.25
T4_NC_w1_PD,T4,Ci,NC,1,PD,red,453.75,-0.25
T4_NC_w1_PD,T4,Ci,NC,1,PD,red,455.625,-0.2
T4_NC_w1_PD,T4,Ci,NC,1,PD,red,457.5,0.15
T4_NC_w1_PD,T4,Ci,NC,1,PD,red,459.37499999999994,0.5
T4_NC_w1_PD,T4,Ci,NC,1,PD,red,461.24999999999994,0.6
T4_NC_w1_PD,T4,Ci,NC,1,PD,red,463.12499999999994,0.75
T4_NC_w1_PD,T4,Ci,NC,1,PD,red,465.00000000000006,0.8
T4_NC_w1_PD,T4,Ci,NC,1,PD,red,466.87500000000006,0.85
T4_NC_w1_PD,T4,Ci,NC,1,PD,red,468.75000000000006,0.85
T4_NC_w1_PD,T4,Ci,NC,1,PD,red,470.625,0.85
T4_NC_w1_PD,T4,Ci,NC,1,PD,red,472.5,0.85
T4_NC_w1_PD,T4,Ci,NC,1,PD,red,474.375,0.85
T4_NC_w1_PD,T4,Ci,NC,1,PD,red,476.25,0.85
T4_NC_w1_PD,T4,Ci,NC,1,PD,red,478.125,0.9
T4_NC_w1_PD,T4,Ci,NC,1,PD,red,480.0,0.95
T4_NC_w1_PD,T4,Ci,NC,1,PD,red,481.875,0.95
T4_NC_w1_PD,T4,Ci,NC,1,PD,red,483.75,1.0
T4_NC_w1_PD,T4,Ci,NC,1,PD,red,485.625,1.0
T4_NC_w1_PD,T4,Ci,NC,1,PD,red,487.49999999999994,1.05
T4_NC_w1_PD,T4,Ci,NC,1,PD,red,489.37499999999994,1.05
T4_NC_w1_PD,T4,Ci,NC,1,PD,red,491.24999999999994,1.05
T4_NC_w1_PD,T4,Ci,NC,1,PD,red,493.12500000000006,1.1
T4_NC_w1_PD,T4,Ci,NC,1,PD,red,495.00000000000006,1.2
T4_NC_w1_PD,T4,Ci,NC,1,PD,red,496.87500000000006,1.25
T4_NC_w1_PD,T4,Ci,NC,1,PD,red,498.75,1.3
T4_NC_w1_PD,T4,Ci,NC,1,PD,red,500.625,1.35
T4_NC_w1_PD,T4,Ci,NC,1,PD,red,502.5,1.45
T4_NC_w1_PD,T4,Ci,NC,1,PD,red,504.375,1.45
T4_NC_w1_PD,T4,Ci,NC,1,PD,red,506.25,1.5
T4_NC_w1_PD,T4,Ci,NC,1,PD,red,508.125,1.6
T4_NC_w1_PD,T4,Ci,NC,1,PD,red,510.0,1.7
T4_NC_w1_PD,T4,Ci,NC,1,PD,red,511.875,1.75
T4_NC_w1_PD,T4,Ci,NC,1,PD,red,513.75,1.75
T4_NC_w1_PD,T4,Ci,NC,1,PD,red,515.625,1.8
T4_NC_w1_PD,T4,Ci,NC,1,PD,red,517.5,1.8
T4_NC_w1_PD,T4,Ci,NC,1,PD,red,519.375,1.85
T4_NC_w1_PD,T4,Ci,NC,1,PD,red,521.25,1.9857142857142833
T4_NC_w1_PD,T4,Ci,NC,1,PD,red,523.125,1.9857142857142833
T4_NC_w1_PD,T4,Ci,NC,1,PD,red,525.0,1.9714285714285722
T4_NC_w1_PD,T4,Ci,NC,1,PD,red,526.875,1.9571428571428555
T4_NC_w1_PD,T4,Ci,NC,1,PD,red,528.75,1.9428571428571444
T4_NC_w1_PD,T4,Ci,NC,1,PD,red,530.625,1.9285714285714277
T4_NC_w1_PD,T4,Ci,NC,1,PD,red,532.5,1.9142857142857168
T4_NC_w1_PD,T4,Ci,NC,1,PD,red,534.375,1.9142857142857168
T4_NC_w1_PD,T4,Ci,NC,1,PD,red,536.25,2.0
T4_NC_w1_PD,T4,Ci,NC,1,PD,red,538.125,2.05
T4_NC_w1_PD,T4,Ci,NC,1,PD,red,540.0,2.05
T4_NC_w1_PD,T4,Ci,NC,1,PD,red,541.875,1.95
T4_NC_w1_PD,T4,Ci,NC,1,PD,red,543.75,1.95
T4_NC_w1_PD,T4,Ci,NC,1,PD,red,545.625,1.95
T4_NC_w1_PD,T4,Ci,NC,1,PD,red,547.5,1.95
T4_NC_w1_PD,T4,Ci,NC,1,PD,red,549.375,1.95
T4_NC_w1_PD,T4,Ci,NC,1,PD,red,551.25,1.95
T4_NC_w1_PD,T4,Ci,NC,1,PD,red,553.125,1.95
T4_NC_w1_PD,T4,Ci,NC,1,PD,red,555.0,2.0
T4_NC_w1_PD,T4,Ci,NC,1,PD,red,556.875,2.1
T4_NC_w1_PD,T4,Ci,NC,1,PD,red,558.75,2.15
T4_NC_w1_PD,T4,Ci,NC,1,PD,red,560.625,2.15
T4_NC_w1_PD,T4,Ci,NC,1,PD,red,562.5,2.15
T4_NC_w1_PD,T4,Ci,NC,1,PD,red,564.375,2.15
T4_NC_w1_PD,T4,Ci,NC,1,PD,red,566.25,2.1
T4_NC_w1_PD,T4,Ci,NC,1,PD,red,568.125,2.05
T4_NC_w1_PD,T4,Ci,NC,1,PD,red,570.0,2.05
T4_NC_w1_PD,T4,Ci,NC,1,PD,red,571.875,2.05
T4_NC_w1_PD,T4,Ci,NC,1,PD,red,573.75,2.1
T4_NC_w1_PD,T4,Ci,NC,1,PD,red,575.625,2.15
T4_NC_w1_PD,T4,Ci,NC,1,PD,red,577.5,2.15
T4_NC_w1_PD,T4,Ci,NC,1,PD,red,579.375,2.2
T4_NC_w1_PD,T4,Ci,NC,1,PD,red,581.25,2.25
T4_NC_w1_PD,T4,Ci,NC,1,PD,red,583.125,2.3
T4_NC_w1_PD,T4,Ci,NC,1,PD,red,585.0,2.3
T4_NC_w1_PD,T4,Ci,NC,1,PD,red,586.875,2.3
T4_NC_w1_PD,T4,Ci,NC,1,PD,red,588.75,2.3
T4_NC_w1_PD,T4,Ci,NC,1,PD,red,590.625,2.3
T4_NC_w1_PD,T4,Ci,NC,1,PD,red,592.5,2.3
T4_NC_w1_PD,T4,Ci,NC,1,PD,red,594.375,2.3
T4_NC_w1_PD,T4,Ci,NC,1,PD,red,596.25,2.3
T4_NC_w1_PD,T4,Ci,NC,1,PD,red,598.125,2.35
T4_NC_w1_PD,T4,Ci,NC,1,PD,red,600.0,2.4
T4_NC_w1_PD,T4,Ci,NC,1,PD,red,601.875,2.5
T4_NC_w1_PD,T4,Ci,NC,1,PD,red,603.75,2.55
T4_NC_w1_PD,T4,Ci,NC,1,PD,red,605.625,2.65
T4_NC_w1_PD,T4,Ci,NC,1,PD,red,607.5,2.75
T4_NC_w1_PD,T4,Ci,NC,1,PD,red,609.375,2.85
T4_NC_w1_PD,T4,Ci,NC,1,PD,red,611.25,2.95
T4_NC_w1_PD,T4,Ci,NC,1,PD,red,613.125,2.95
T4_NC_w1_PD,T4,Ci,NC,1,PD,red,615.0,2.95
T4_NC_w1_PD,T4,Ci,NC,1,PD,red,616.875,3.0
T4_NC_w1_PD,T4,Ci,NC,1,PD,red,618.75,3.05
T4_NC_w1_PD,T4,Ci,NC,1,PD,red,620.625,3.1
T4_NC_w1_PD,T4,Ci,NC,1,PD,red,622.5,3.1
T4_NC_w1_PD,T4,Ci,NC,1,PD,red,624.375,3.1
T4_NC_w1_PD,T4,Ci,NC,1,PD,red,626.25,3.0
T4_NC_w1_PD,T4,Ci,NC,1,PD,red,628.125,2.95
T4_NC_w1_PD,T4,Ci,NC,1,PD,red,630.0,2.926315789473682
T4_NC_w1_PD,T4,Ci,NC,1,PD,red,631.875,2.926315789473682
T4_NC_w1_PD,T4,Ci,NC,1,PD,red,633.75,2.95263157894737
T4_NC_w1_PD,T4,Ci,NC,1,PD,red,635.625,2.978947368421052
T4_NC_w1_PD,T4,Ci,NC,1,PD,red,637.5,3.005263157894734
T4_NC_w1_PD,T4,Ci,NC,1,PD,red,639.375,3.031578947368422
T4_NC_w1_PD,T4,Ci,NC,1,PD,red,641.25,3.057894736842104
T4_NC_w1_PD,T4,Ci,NC,1,PD,red,643.125,3.084210526315792
T4_NC_w1_PD,T4,Ci,NC,1,PD,red,645.0,3.110526315789474
T4_NC_w1_PD,T4,Ci,NC,1,PD,red,646.875,3.136842105263156
T4_NC_w1_PD,T4,Ci,NC,1,PD,red,648.75,3.1631578947368437
T4_NC_w1_PD,T4,Ci,NC,1,PD,red,650.625,3.189473684210526
T4_NC_w1_PD,T4,Ci,NC,1,PD,red,652.5,3.2157894736842083
T4_NC_w1_PD,T4,Ci,NC,1,PD,red,654.375,3.242105263157896
T4_NC_w1_PD,T4,Ci,NC,1,PD,red,656.25,3.2684210526315782
T4_NC_w1_PD,T4,Ci,NC,1,PD,red,658.125,3.294736842105266
T4_NC_w1_PD,T4,Ci,NC,1,PD,red,660.0,3.321052631578948
T4_NC_w1_PD,T4,Ci,NC,1,PD,red,661.875,3.34736842105263
T4_NC_w1_PD,T4,Ci,NC,1,PD,red,663.75,3.373684210526318
T4_NC_w1_PD,T4,Ci,NC,1,PD,red,665.625,3.373684210526318
T4_NC_w1_PD,T4,Ci,NC,1,PD,red,667.5,3.35
T4_NC_w1_PD,T4,Ci,NC,1,PD,red,669.375,3.35
T4_NC_w1_PD,T4,Ci,NC,1,PD,red,671.25,3.35
T4_NC_w1_PD,T4,Ci,NC,1,PD,red,673.125,3.35
T4_NC_w1_PD,T4,Ci,NC,1,PD,red,675.0,3.35
T4_NC_w1_PD,T4,Ci,NC,1,PD,red,676.875,3.35
T4_NC_w1_PD,T4,Ci,NC,1,PD,red,678.75,3.35
T4_NC_w1_PD,T4,Ci,NC,1,PD,red,680.625,3.3
T4_NC_w1_PD,T4,Ci,NC,1,PD,red,682.5,3.25
T4_NC_w1_PD,T4,Ci,NC,1,PD,red,684.375,3.2
T4_NC_w1_PD,T4,Ci,NC,1,PD,red,686.25,3.1
T4_NC_w1_PD,T4,Ci,NC,1,PD,red,688.125,3.05
T4_NC_w1_PD,T4,Ci,NC,1,PD,red,690.0,3.0
T4_NC_w1_PD,T4,Ci,NC,1,PD,red,691.875,3.0
T4_NC_w1_PD,T4,Ci,NC,1,PD,red,693.75,3.15
T4_NC_w1_PD,T4,Ci,NC,1,PD,red,695.625,3.2
T4_NC_w1_PD,T4,Ci,NC,1,PD,red,697.5,3.25
T4_NC_w1_PD,T4,Ci,NC,1,PD,red,699.375,3.3
T4_NC_w1_PD,T4,Ci,NC,1,PD,red,701.25,3.3
T4_NC_w1_PD,T4,Ci,NC,1,PD,red,703.125,3.3
T4_NC_w1_PD,T4,Ci,NC,1,PD,red,705.0,3.25
T4_NC_w1_PD,T4,Ci,NC,1,PD,red,706.875,3.25
T4_NC_w1_PD,T4,Ci,NC,1,PD,red,708.75,3.15
T4_NC_w1_PD,T4,Ci,NC,1,PD,red,710.625,3.15
T4_NC_w1_PD,T4,Ci,NC,1,PD,red,712.5,3.15
T4_NC_w1_PD,T4,Ci,NC,1,PD,red,714.375,3.25
T4_NC_w1_PD,T4,Ci,NC,1,PD,red,716.25,3.25
T4_NC_w1_PD,T4,Ci,NC,1,PD,red,718.125,3.2
T4_NC_w1_PD,T4,Ci,NC,1,PD,red,720.0,3.1
T4_NC_w1_PD,T4,Ci,NC,1,PD,red,721.875,3.0
T4_NC_w1_PD,T4,Ci,NC,1,PD,red,723.75,2.95
T4_NC_w1_PD,T4,Ci,NC,1,PD,red,725.625,2.9
T4_NC_w1_PD,T4,Ci,NC,1,PD,red,727.5,2.8
T4_NC_w1_PD,T4,Ci,NC,1,PD,red,729.375,2.8
T4_NC_w1_PD,T4,Ci,NC,1,PD,red,731.25,2.7
T4_NC_w1_PD,T4,Ci,NC,1,PD,red,733.125,2.65
T4_NC_w1_PD,T4,Ci,NC,1,PD,red,735.0,2.65
T4_NC_w1_PD,T4,Ci,NC,1,PD,red,736.875,2.65
T4_NC_w1_PD,T4,Ci,NC,1,PD,red,738.75,2.65
T4_NC_w1_PD,T4,Ci,NC,1,PD,red,740.625,2.75
T4_NC_w1_PD,T4,Ci,NC,1,PD,red,742.5,2.75
T4_NC_w1_PD,T4,Ci,NC,1,PD,red,744.375,2.8
T4_NC_w1_PD,T4,Ci,NC,1,PD,red,746.25,2.85
T4_NC_w1_PD,T4,Ci,NC,1,PD,red,748.125,2.95
T4_NC_w1_PD,T4,Ci,NC,1,PD,red,750.0,3.0
T4_NC_w1_PD,T4,Ci,NC,1,PD,red,751.875,3.05
T4_NC_w1_PD,T4,Ci,NC,1,PD,red,753.75,3.05
T4_NC_w1_PD,T4,Ci,NC,1,PD,red,755.625,3.05
T4_NC_w1_PD,T4,Ci,NC,1,PD,red,757.5,3.05
T4_NC_w1_PD,T4,Ci,NC,1,PD,red,759.375,3.05
T4_NC_w1_PD,T4,Ci,NC,1,PD,red,761.25,3.05
T4_NC_w1_PD,T4,Ci,NC,1,PD,red,763.125,3.0
T4_NC_w1_PD,T4,Ci,NC,1,PD,red,765.0,2.95
T4_NC_w1_PD,T4,Ci,NC,1,PD,red,766.875,2.95
T4_NC_w1_PD,T4,Ci,NC,1,PD,red,768.75,3.0
T4_NC_w1_PD,T4,Ci,NC,1,PD,red,770.625,3.05
T4_NC_w1_PD,T4,Ci,NC,1,PD,red,772.5,3.05
T4_NC_w1_PD,T4,Ci,NC,1,PD,red,774.375,3.05
T4_NC_w1_PD,T4,Ci,NC,1,PD,red,776.25,3.0
T4_NC_w1_PD,T4,Ci,NC,1,PD,red,778.125,3.0
T4_NC_w1_PD,T4,Ci,NC,1,PD,red,780.0,3.0
T4_NC_w1_PD,T4,Ci,NC,1,PD,red,781.875,3.0
T4_NC_w1_PD,T4,Ci,NC,1,PD,red,783.75,3.0
T4_NC_w1_PD,T4,Ci,NC,1,PD,red,785.625,2.95
T4_NC_w1_PD,T4,Ci,NC,1,PD,red,787.5,2.85
T4_NC_w1_PD,T4,Ci,NC,1,PD,red,789.375,2.75
T4_NC_w1_PD,T4,Ci,NC,1,PD,red,791.25,2.6
T4_NC_w1_PD,T4,Ci,NC,1,PD,red,793.125,2.55
T4_NC_w1_PD,T4,Ci,NC,1,PD,red,795.0,2.45
T4_NC_w1_PD,T4,Ci,NC,1,PD,red,796.875,2.45
T4_NC_w1_PD,T4,Ci,NC,1,PD,red,798.75,2.45
T4_NC_w1_PD,T4,Ci,NC,1,PD,red,800.625,2.45
T4_NC_w1_PD,T4,Ci,NC,1,PD,red,802.5,2.5
T4_NC_w1_PD,T4,Ci,NC,1,PD,red,804.375,2.6
T4_NC_w1_PD,T4,Ci,NC,1,PD,red,806.25,2.65
T4_NC_w1_PD,T4,Ci,NC,1,PD,red,808.125,2.8
T4_NC_w1_PD,T4,Ci,NC,1,PD,red,810.0,2.85
T4_NC_w1_PD,T4,Ci,NC,1,PD,red,811.875,2.85
T4_NC_w1_PD,T4,Ci,NC,1,PD,red,813.75,2.95
T4_NC_w1_PD,T4,Ci,NC,1,PD,red,815.625,2.95
T4_NC_w1_PD,T4,Ci,NC,1,PD,red,817.5,2.95
T4_NC_w1_PD,T4,Ci,NC,1,PD,red,819.375,2.95
T4_NC_w1_PD,T4,Ci,NC,1,PD,red,821.25,3.0
T4_NC_w1_PD,T4,Ci,NC,1,PD,red,823.125,3.05
T4_NC_w1_PD,T4,Ci,NC,1,PD,red,825.0,3.05
T4_NC_w1_PD,T4,Ci,NC,1,PD,red,826.875,3.05
T4_NC_w1_PD,T4,Ci,NC,1,PD,red,828.75,3.05
T4_NC_w1_PD,T4,Ci,NC,1,PD,red,830.625,2.95
T4_NC_w1_PD,T4,Ci,NC,1,PD,red,832.5,2.95
T4_NC_w1_PD,T4,Ci,NC,1,PD,red,834.375,2.85
T4_NC_w1_PD,T4,Ci,NC,1,PD,red,836.25,2.85
T4_NC_w1_PD,T4,Ci,NC,1,PD,red,838.125,2.85
T4_NC_w1_PD,T4,Ci,NC,1,PD,red,840.0,2.85
T4_NC_w1_PD,T4,Ci,NC,1,PD,red,841.875,2.75
T4_NC_w1_PD,T4,Ci,NC,1,PD,red,843.75,2.7
T4_NC_w1_PD,T4,Ci,NC,1,PD,red,845.625,2.65
T4_NC_w1_PD,T4,Ci,NC,1,PD,red,847.5,2.6
T4_NC_w1_PD,T4,Ci,NC,1,PD,red,849.375,2.5
T4_NC_w1_PD,T4,Ci,NC,1,PD,red,851.25,2.45
T4_NC_w1_PD,T4,Ci,NC,1,PD,red,853.125,2.45
T4_NC_w1_PD,T4,Ci,NC,1,PD,red,855.0,2.45
T4_NC_w1_PD,T4,Ci,NC,1,PD,red,856.875,2.45
T4_NC_w1_PD,T4,Ci,NC,1,PD,red,858.75,2.45
T4_NC_w1_PD,T4,Ci,NC,1,PD,red,860.625,2.45
T4_NC_w1_PD,T4,Ci,NC,1,PD,red,862.5,2.45
T4_NC_w1_PD,T4,Ci,NC,1,PD,red,864.375,2.45
T4_NC_w1_PD,T4,Ci,NC,1,PD,red,866.25,2.45
T4_NC_w1_PD,T4,Ci,NC,1,PD,red,868.125,2.35
T4_NC_w1_PD,T4,Ci,NC,1,PD,red,870.0,2.35
T4_NC_w1_PD,T4,Ci,NC,1,PD,red,871.875,2.3
T4_NC_w1_PD,T4,Ci,NC,1,PD,red,873.75,2.25
T4_NC_w1_PD,T4,Ci,NC,1,PD,red,875.625,2.2
T4_NC_w1_PD,T4,Ci,NC,1,PD,red,877.5,2.15
T4_NC_w1_PD,T4,Ci,NC,1,PD,red,879.375,2.1
T4_NC_w1_PD,T4,Ci,NC,1,PD,red,881.25,2.05
T4_NC_w1_PD,T4,Ci,NC,1,PD,red,883.125,2.0
T4_NC_w1_PD,T4,Ci,NC,1,PD,red,885.0,1.95
T4_NC_w1_PD,T4,Ci,NC,1,PD,red,886.875,1.9
T4_NC_w1_PD,T4,Ci,NC,1,PD,red,888.75,1.85
T4_NC_w1_PD,T4,Ci,NC,1,PD,red,890.625,1.8
T4_NC_w1_PD,T4,Ci,NC,1,PD,red,892.5,1.75
T4_NC_w1_PD,T4,Ci,NC,1,PD,red,894.375,1.75
T4_NC_w1_PD,T4,Ci,NC,1,PD,red,896.25,1.7
T4_NC_w1_PD,T4,Ci,NC,1,PD,red,898.125,1.7
T4_NC_w1_PD,T4,Ci,NC,1,PD,red,900.0,1.7
T4_NC_w1_ND,T4,Ci,NC,1,ND,blue,0.0,0.0
T4_NC_w1_ND,T4,Ci,NC,1,ND,blue,1.875,0.05
T4_NC_w1_ND,T4,Ci,NC,1,ND,blue,3.75,0.05
T4_NC_w1_ND,T4,Ci,NC,1,ND,blue,5.625,0.1
T4_NC_w1_ND,T4,Ci,NC,1,ND,blue,7.5,0.15
T4_NC_w1_ND,T4,Ci,NC,1,ND,blue,9.375,0.15
T4_NC_w1_ND,T4,Ci,NC,1,ND,blue,11.25,0.2
T4_NC_w1_ND,T4,Ci,NC,1,ND,blue,13.125,0.3
T4_NC_w1_ND,T4,Ci,NC,1,ND,blue,15.0,0.4
T4_NC_w1_ND,T4,Ci,NC,1,ND,blue,16.875,0.5
T4_NC_w1_ND,T4,Ci,NC,1,ND,blue,18.75,0.55
T4_NC_w1_ND,T4,Ci,NC,1,ND,blue,20.625,0.7
T4_NC_w1_ND,T4,Ci,NC,1,ND,blue,22.5,0.7
T4_NC_w1_ND,T4,Ci,NC,1,ND,blue,24.375,0.7
T4_NC_w1_ND,T4,Ci,NC,1,ND,blue,26.25,0.65
T4_NC_w1_ND,T4,Ci,NC,1,ND,blue,28.125,0.55
T4_NC_w1_ND,T4,Ci,NC,1,ND,blue,30.0,0.5
T4_NC_w1_ND,T4,Ci,NC,1,ND,blue,31.875,0.45
T4_NC_w1_ND,T4,Ci,NC,1,ND,blue,33.75,0.4
T4_NC_w1_ND,T4,Ci,NC,1,ND,blue,35.625,0.3
T4_NC_w1_ND,T4,Ci,NC,1,ND,blue,37.5,0.25
T4_NC_w1_ND,T4,Ci,NC,1,ND,blue,39.375,0.2
T4_NC_w1_ND,T4,Ci,NC,1,ND,blue,41.25,0.15
T4_NC_w1_ND,T4,Ci,NC,1,ND,blue,43.125,0.1
T4_NC_w1_ND,T4,Ci,NC,1,ND,blue,45.0,0.0
T4_NC_w1_ND,T4,Ci,NC,1,ND,blue,46.875,-0.05
T4_NC_w1_ND,T4,Ci,NC,1,ND,blue,48.75,-0.05
T4_NC_w1_ND,T4,Ci,NC,1,ND,blue,50.625,-0.05
T4_NC_w1_ND,T4,Ci,NC,1,ND,blue,52.5,-0.05
T4_NC_w1_ND,T4,Ci,NC,1,ND,blue,54.375,-0.05
T4_NC_w1_ND,T4,Ci,NC,1,ND,blue,56.25,-0.05
T4_NC_w1_ND,T4,Ci,NC,1,ND,blue,58.12500000000001,-0.1
T4_NC_w1_ND,T4,Ci,NC,1,ND,blue,60.0,-0.2
T4_NC_w1_ND,T4,Ci,NC,1,ND,blue,61.87500000000001,-0.25
T4_NC_w1_ND,T4,Ci,NC,1,ND,blue,63.75,-0.25
T4_NC_w1_ND,T4,Ci,NC,1,ND,blue,65.625,-0.25
T4_NC_w1_ND,T4,Ci,NC,1,ND,blue,67.5,-0.35
T4_NC_w1_ND,T4,Ci,NC,1,ND,blue,69.375,-0.35
T4_NC_w1_ND,T4,Ci,NC,1,ND,blue,71.25,-0.35
T4_NC_w1_ND,T4,Ci,NC,1,ND,blue,73.125,-0.35
T4_NC_w1_ND,T4,Ci,NC,1,ND,blue,75.0,-0.35
T4_NC_w1_ND,T4,Ci,NC,1,ND,blue,76.875,-0.35
T4_NC_w1_ND,T4,Ci,NC,1,ND,blue,78.75,-0.35
T4_NC_w1_ND,T4,Ci,NC,1,ND,blue,80.625,-0.3
T4_NC_w1_ND,T4,Ci,NC,1,ND,blue,82.5,-0.25
T4_NC_w1_ND,T4,Ci,NC,1,ND,blue,84.375,-0.25
T4_NC_w1_ND,T4,Ci,NC,1,ND,blue,86.25,-0.25
T4_NC_w1_ND,T4,Ci,NC,1,ND,blue,88.125,-0.25
T4_NC_w1_ND,T4,Ci,NC,1,ND,blue,90.0,-0.3
T4_NC_w1_ND,T4,Ci,NC,1,ND,blue,91.875,-0.35
T4_NC_w1_ND,T4,Ci,NC,1,ND,blue,93.75,-0.35
T4_NC_w1_ND,T4,Ci,NC,1,ND,blue,95.625,-0.35
T4_NC_w1_ND,T4,Ci,NC,1,ND,blue,97.5,-0.35
T4_NC_w1_ND,T4,Ci,NC,1,ND,blue,99.375,-0.35
T4_NC_w1_ND,T4,Ci,NC,1,ND,blue,101.25,-0.4
T4_NC_w1_ND,T4,Ci,NC,1,ND,blue,103.125,-0.4
T4_NC_w1_ND,T4,Ci,NC,1,ND,blue,105.0,-0.45
T4_NC_w1_ND,T4,Ci,NC,1,ND,blue,106.875,-0.45
T4_NC_w1_ND,T4,Ci,NC,1,ND,blue,108.75,-0.45
T4_NC_w1_ND,T4,Ci,NC,1,ND,blue,110.625,-0.45
T4_NC_w1_ND,T4,Ci,NC,1,ND,blue,112.5,-0.4
T4_NC_w1_ND,T4,Ci,NC,1,ND,blue,114.375,-0.3
T4_NC_w1_ND,T4,Ci,NC,1,ND,blue,116.25000000000001,-0.25
T4_NC_w1_ND,T4,Ci,NC,1,ND,blue,118.125,-0.2
T4_NC_w1_ND,T4,Ci,NC,1,ND,blue,120.0,-0.2
T4_NC_w1_ND,T4,Ci,NC,1,ND,blue,121.87499999999999,-0.1
T4_NC_w1_ND,T4,Ci,NC,1,ND,blue,123.75000000000001,-0.05
T4_NC_w1_ND,T4,Ci,NC,1,ND,blue,125.625,0.05
T4_NC_w1_ND,T4,Ci,NC,1,ND,blue,127.5,0.1
T4_NC_w1_ND,T4,Ci,NC,1,ND,blue,129.375,0.15
T4_NC_w1_ND,T4,Ci,NC,1,ND,blue,131.25,0.15
T4_NC_w1_ND,T4,Ci,NC,1,ND,blue,133.125,0.15
T4_NC_w1_ND,T4,Ci,NC,1,ND,blue,135.0,0.15
T4_NC_w1_ND,T4,Ci,NC,1,ND,blue,136.875,0.15
T4_NC_w1_ND,T4,Ci,NC,1,ND,blue,138.75,0.15
T4_NC_w1_ND,T4,Ci,NC,1,ND,blue,140.625,0.15
T4_NC_w1_ND,T4,Ci,NC,1,ND,blue,142.5,0.15
T4_NC_w1_ND,T4,Ci,NC,1,ND,blue,144.375,0.15
T4_NC_w1_ND,T4,Ci,NC,1,ND,blue,146.25,0.15
T4_NC_w1_ND,T4,Ci,NC,1,ND,blue,148.125,0.1
T4_NC_w1_ND,T4,Ci,NC,1,ND,blue,150.0,0.0
T4_NC_w1_ND,T4,Ci,NC,1,ND,blue,151.875,-0.05
T4_NC_w1_ND,T4,Ci,NC,1,ND,blue,153.75,-0.05
T4_NC_w1_ND,T4,Ci,NC,1,ND,blue,155.625,-0.05
T4_NC_w1_ND,T4,Ci,NC,1,ND,blue,157.5,0.0
T4_NC_w1_ND,T4,Ci,NC,1,ND,blue,159.375,0.1
T4_NC_w1_ND,T4,Ci,NC,1,ND,blue,161.25,0.1
T4_NC_w1_ND,T4,Ci,NC,1,ND,blue,163.125,0.2
T4_NC_w1_ND,T4,Ci,NC,1,ND,blue,165.0,0.2
T4_NC_w1_ND,T4,Ci,NC,1,ND,blue,166.875,0.2
T4_NC_w1_ND,T4,Ci,NC,1,ND,blue,168.75,0.1
T4_NC_w1_ND,T4,Ci,NC,1,ND,blue,170.625,0.05
T4_NC_w1_ND,T4,Ci,NC,1,ND,blue,172.5,-0.05
T4_NC_w1_ND,T4,Ci,NC,1,ND,blue,174.375,-0.1
T4_NC_w1_ND,T4,Ci,NC,1,ND,blue,176.25,-0.2
T4_NC_w1_ND,T4,Ci,NC,1,ND,blue,178.125,-0.25
T4_NC_w1_ND,T4,Ci,NC,1,ND,blue,180.0,-0.25
T4_NC_w1_ND,T4,Ci,NC,1,ND,blue,181.875,-0.25
T4_NC_w1_ND,T4,Ci,NC,1,ND,blue,183.75,-0.3
T4_NC_w1_ND,T4,Ci,NC,1,ND,blue,185.625,-0.35
T4_NC_w1_ND,T4,Ci,NC,1,ND,blue,187.5,-0.35
T4_NC_w1_ND,T4,Ci,NC,1,ND,blue,189.375,-0.35
T4_NC_w1_ND,T4,Ci,NC,1,ND,blue,191.25,-0.4
T4_NC_w1_ND,T4,Ci,NC,1,ND,blue,193.125,-0.45
T4_NC_w1_ND,T4,Ci,NC,1,ND,blue,195.0,-0.45
T4_NC_w1_ND,T4,Ci,NC,1,ND,blue,196.875,-0.45
T4_NC_w1_ND,T4,Ci,NC,1,ND,blue,198.75,-0.45
T4_NC_w1_ND,T4,Ci,NC,1,ND,blue,200.625,-0.4
T4_NC_w1_ND,T4,Ci,NC,1,ND,blue,202.5,-0.35
T4_NC_w1_ND,T4,Ci,NC,1,ND,blue,204.375,-0.3
T4_NC_w1_ND,T4,Ci,NC,1,ND,blue,206.25,-0.25
T4_NC_w1_ND,T4,Ci,NC,1,ND,blue,208.125,-0.25
T4_NC_w1_ND,T4,Ci,NC,1,ND,blue,210.0,-0.25
T4_NC_w1_ND,T4,Ci,NC,1,ND,blue,211.875,-0.2
T4_NC_w1_ND,T4,Ci,NC,1,ND,blue,213.75,-0.15
T4_NC_w1_ND,T4,Ci,NC,1,ND,blue,215.625,-0.15
T4_NC_w1_ND,T4,Ci,NC,1,ND,blue,217.5,-0.15
T4_NC_w1_ND,T4,Ci,NC,1,ND,blue,219.375,-0.1
T4_NC_w1_ND,T4,Ci,NC,1,ND,blue,221.25,0.0
T4_NC_w1_ND,T4,Ci,NC,1,ND,blue,223.125,0.05
T4_NC_w1_ND,T4,Ci,NC,1,ND,blue,225.0,0.1
T4_NC_w1_ND,T4,Ci,NC,1,ND,blue,226.875,0.15
T4_NC_w1_ND,T4,Ci,NC,1,ND,blue,228.75,0.15
T4_NC_w1_ND,T4,Ci,NC,1,ND,blue,230.62499999999997,0.15
T4_NC_w1_ND,T4,Ci,NC,1,ND,blue,232.50000000000003,0.15
T4_NC_w1_ND,T4,Ci,NC,1,ND,blue,234.37500000000003,0.15
T4_NC_w1_ND,T4,Ci,NC,1,ND,blue,236.25,0.25
T4_NC_w1_ND,T4,Ci,NC,1,ND,blue,238.125,0.3
T4_NC_w1_ND,T4,Ci,NC,1,ND,blue,240.0,0.4
T4_NC_w1_ND,T4,Ci,NC,1,ND,blue,241.875,0.4
T4_NC_w1_ND,T4,Ci,NC,1,ND,blue,243.74999999999997,0.45
T4_NC_w1_ND,T4,Ci,NC,1,ND,blue,245.62499999999997,0.45
T4_NC_w1_ND,T4,Ci,NC,1,ND,blue,247.50000000000003,0.45
T4_NC_w1_ND,T4,Ci,NC,1,ND,blue,249.375,0.4
T4_NC_w1_ND,T4,Ci,NC,1,ND,blue,251.25,0.35
T4_NC_w1_ND,T4,Ci,NC,1,ND,blue,253.125,0.3
T4_NC_w1_ND,T4,Ci,NC,1,ND,blue,255.0,0.25
T4_NC_w1_ND,T4,Ci,NC,1,ND,blue,256.875,0.25
T4_NC_w1_ND,T4,Ci,NC,1,ND,blue,258.75,0.25
T4_NC_w1_ND,T4,Ci,NC,1,ND,blue,260.625,0.25
T4_NC_w1_ND,T4,Ci,NC,1,ND,blue,262.5,0.25
T4_NC_w1_ND,T4,Ci,NC,1,ND,blue,264.375,0.25
T4_NC_w1_ND,T4,Ci,NC,1,ND,blue,266.25,0.25
T4_NC_w1_ND,T4,Ci,NC,1,ND,blue,268.125,0.25
T4_NC_w1_ND,T4,Ci,NC,1,ND,blue,270.0,0.25
T4_NC_w1_ND,T4,Ci,NC,1,ND,blue,271.875,0.25
T4_NC_w1_ND,T4,Ci,NC,1,ND,blue,273.75,0.25
T4_NC_w1_ND,T4,Ci,NC,1,ND,blue,275.625,0.25
T4_NC_w1_ND,T4,Ci,NC,1,ND,blue,277.5,0.25
T4_NC_w1_ND,T4,Ci,NC,1,ND,blue,279.375,0.25
T4_NC_w1_ND,T4,Ci,NC,1,ND,blue,281.25,0.25
T4_NC_w1_ND,T4,Ci,NC,1,ND,blue,283.125,0.25
T4_NC_w1_ND,T4,Ci,NC,1,ND,blue,285.0,0.25
T4_NC_w1_ND,T4,Ci,NC,1,ND,blue,286.875,0.25
T4_NC_w1_ND,T4,Ci,NC,1,ND,blue,288.75,0.35
T4_NC_w1_ND,T4,Ci,NC,1,ND,blue,290.625,0.35
T4_NC_w1_ND,T4,Ci,NC,1,ND,blue,292.5,0.4
T4_NC_w1_ND,T4,Ci,NC,1,ND,blue,294.375,0.4
T4_NC_w1_ND,T4,Ci,NC,1,ND,blue,296.25,0.4
T4_NC_w1_ND,T4,Ci,NC,1,ND,blue,298.125,0.4
T4_NC_w1_ND,T4,Ci,NC,1,ND,blue,300.0,0.45
T4_NC_w1_ND,T4,Ci,NC,1,ND,blue,301.875,0.5
T4_NC_w1_ND,T4,Ci,NC,1,ND,blue,303.75,0.55
T4_NC_w1_ND,T4,Ci,NC,1,ND,blue,305.625,0.55
T4_NC_w1_ND,T4,Ci,NC,1,ND,blue,307.5,0.55
T4_NC_w1_ND,T4,Ci,NC,1,ND,blue,309.375,0.55
T4_NC_w1_ND,T4,Ci,NC,1,ND,blue,311.25,0.55
T4_NC_w1_ND,T4,Ci,NC,1,ND,blue,313.125,0.55
T4_NC_w1_ND,T4,Ci,NC,1,ND,blue,315.0,0.55
T4_NC_w1_ND,T4,Ci,NC,1,ND,blue,316.875,0.5
T4_NC_w1_ND,T4,Ci,NC,1,ND,blue,318.75,0.4
T4_NC_w1_ND,T4,Ci,NC,1,ND,blue,320.625,0.4
T4_NC_w1_ND,T4,Ci,NC,1,ND,blue,322.5,0.4
T4_NC_w1_ND,T4,Ci,NC,1,ND,blue,324.375,0.45
T4_NC_w1_ND,T4,Ci,NC,1,ND,blue,326.25,0.45
T4_NC_w1_ND,T4,Ci,NC,1,ND,blue,328.125,0.45
T4_NC_w1_ND,T4,Ci,NC,1,ND,blue,330.0,0.45
T4_NC_w1_ND,T4,Ci,NC,1,ND,blue,331.875,0.45
T4_NC_w1_ND,T4,Ci,NC,1,ND,blue,333.75,0.5
T4_NC_w1_ND,T4,Ci,NC,1,ND,blue,335.625,0.5
T4_NC_w1_ND,T4,Ci,NC,1,ND,blue,337.5,0.5
T4_NC_w1_ND,T4,Ci,NC,1,ND,blue,339.375,0.45
T4_NC_w1_ND,T4,Ci,NC,1,ND,blue,341.25,0.35
T4_NC_w1_ND,T4,Ci,NC,1,ND,blue,343.125,0.25
T4_NC_w1_ND,T4,Ci,NC,1,ND,blue,345.0,0.15
T4_NC_w1_ND,T4,Ci,NC,1,ND,blue,346.875,0.1
T4_NC_w1_ND,T4,Ci,NC,1,ND,blue,348.75,0.05
T4_NC_w1_ND,T4,Ci,NC,1,ND,blue,350.625,0.05
T4_NC_w1_ND,T4,Ci,NC,1,ND,blue,352.5,0.05
T4_NC_w1_ND,T4,Ci,NC,1,ND,blue,354.375,0.05
T4_NC_w1_ND,T4,Ci,NC,1,ND,blue,356.25,0.05
T4_NC_w1_ND,T4,Ci,NC,1,ND,blue,358.125,0.05
T4_NC_w1_ND,T4,Ci,NC,1,ND,blue,360.0,0.05
T4_NC_w1_ND,T4,Ci,NC,1,ND,blue,361.875,0.05
T4_NC_w1_ND,T4,Ci,NC,1,ND,blue,363.75,0.05
T4_NC_w1_ND,T4,Ci,NC,1,ND,blue,365.625,0.05
T4_NC_w1_ND,T4,Ci,NC,1,ND,blue,367.5,0.1
T4_NC_w1_ND,T4,Ci,NC,1,ND,blue,369.375,0.15
T4_NC_w1_ND,T4,Ci,NC,1,ND,blue,371.25,0.15
T4_NC_w1_ND,T4,Ci,NC,1,ND,blue,373.125,0.15
T4_NC_w1_ND,T4,Ci,NC,1,ND,blue,375.0,0.2
T4_NC_w1_ND,T4,Ci,NC,1,ND,blue,376.875,0.25
T4_NC_w1_ND,T4,Ci,NC,1,ND,blue,378.75,0.25
T4_NC_w1_ND,T4,Ci,NC,1,ND,blue,380.625,0.25
T4_NC_w1_ND,T4,Ci,NC,1,ND,blue,382.5,0.25
T4_NC_w1_ND,T4,Ci,NC,1,ND,blue,384.375,0.2
T4_NC_w1_ND,T4,Ci,NC,1,ND,blue,386.25,0.2
T4_NC_w1_ND,T4,Ci,NC,1,ND,blue,388.125,0.2
T4_NC_w1_ND,T4,Ci,NC,1,ND,blue,390.0,0.2
T4_NC_w1_ND,T4,Ci,NC,1,ND,blue,391.875,0.15
T4_NC_w1_ND,T4,Ci,NC,1,ND,blue,393.75,0.05
T4_NC_w1_ND,T4,Ci,NC,1,ND,blue,395.625,0.0
T4_NC_w1_ND,T4,Ci,NC,1,ND,blue,397.5,-0.05
T4_NC_w1_ND,T4,Ci,NC,1,ND,blue,399.375,-0.05
T4_NC_w1_ND,T4,Ci,NC,1,ND,blue,401.25,-0.05
T4_NC_w1_ND,T4,Ci,NC,1,ND,blue,403.125,0.0
T4_NC_w1_ND,T4,Ci,NC,1,ND,blue,405.0,0.0
T4_NC_w1_ND,T4,Ci,NC,1,ND,blue,406.875,0.05
T4_NC_w1_ND,T4,Ci,NC,1,ND,blue,408.75,0.05
T4_NC_w1_ND,T4,Ci,NC,1,ND,blue,410.625,0.05
T4_NC_w1_ND,T4,Ci,NC,1,ND,blue,412.5,0.0
T4_NC_w1_ND,T4,Ci,NC,1,ND,blue,414.375,-0.05
T4_NC_w1_ND,T4,Ci,NC,1,ND,blue,416.25,-0.1
T4_NC_w1_ND,T4,Ci,NC,1,ND,blue,418.125,-0.15
T4_NC_w1_ND,T4,Ci,NC,1,ND,blue,420.0,-0.2
T4_NC_w1_ND,T4,Ci,NC,1,ND,blue,421.875,-0.2
T4_NC_w1_ND,T4,Ci,NC,1,ND,blue,423.75,-0.3
T4_NC_w1_ND,T4,Ci,NC,1,ND,blue,425.625,-0.35
T4_NC_w1_ND,T4,Ci,NC,1,ND,blue,427.5,-0.35
T4_NC_w1_ND,T4,Ci,NC,1,ND,blue,429.375,-0.35
T4_NC_w1_ND,T4,Ci,NC,1,ND,blue,431.25,-0.35
T4_NC_w1_ND,T4,Ci,NC,1,ND,blue,433.125,-0.35
T4_NC_w1_ND,T4,Ci,NC,1,ND,blue,435.0,-0.35
T4_NC_w1_ND,T4,Ci,NC,1,ND,blue,436.875,-0.35
T4_NC_w1_ND,T4,Ci,NC,1,ND,blue,438.75,-0.35
T4_NC_w1_ND,T4,Ci,NC,1,ND,blue,440.625,-0.3
T4_NC_w1_ND,T4,Ci,NC,1,ND,blue,442.5,-0.2
T4_NC_w1_ND,T4,Ci,NC,1,ND,blue,444.375,-0.2
T4_NC_w1_ND,T4,Ci,NC,1,ND,blue,446.25,-0.15
T4_NC_w1_ND,T4,Ci,NC,1,ND,blue,448.125,-0.15
T4_NC_w1_ND,T4,Ci,NC,1,ND,blue,450.0,-0.15
T4_NC_w1_ND,T4,Ci,NC,1,ND,blue,451.875,-0.2
T4_NC_w1_ND,T4,Ci,NC,1,ND,blue,453.75,-0.25
T4_NC_w1_ND,T4,Ci,NC,1,ND,blue,455.625,-0.25
T4_NC_w1_ND,T4,Ci,NC,1,ND,blue,457.5,-0.25
T4_NC_w1_ND,T4,Ci,NC,1,ND,blue,459.37499999999994,-0.25
T4_NC_w1_ND,T4,Ci,NC,1,ND,blue,461.24999999999994,-0.2
T4_NC_w1_ND,T4,Ci,NC,1,ND,blue,463.12499999999994,-0.1
T4_NC_w1_ND,T4,Ci,NC,1,ND,blue,465.00000000000006,-0.05
T4_NC_w1_ND,T4,Ci,NC,1,ND,blue,466.87500000000006,-0.05
T4_NC_w1_ND,T4,Ci,NC,1,ND,blue,468.75000000000006,-0.05
T4_NC_w1_ND,T4,Ci,NC,1,ND,blue,470.625,0.0
T4_NC_w1_ND,T4,Ci,NC,1,ND,blue,472.5,0.0
T4_NC_w1_ND,T4,Ci,NC,1,ND,blue,474.375,0.0
T4_NC_w1_ND,T4,Ci,NC,1,ND,blue,476.25,-0.05
T4_NC_w1_ND,T4,Ci,NC,1,ND,blue,478.125,-0.05
T4_NC_w1_ND,T4,Ci,NC,1,ND,blue,480.0,-0.05
T4_NC_w1_ND,T4,Ci,NC,1,ND,blue,481.875,0.0
T4_NC_w1_ND,T4,Ci,NC,1,ND,blue,483.75,0.1
T4_NC_w1_ND,T4,Ci,NC,1,ND,blue,485.625,0.2
T4_NC_w1_ND,T4,Ci,NC,1,ND,blue,487.49999999999994,0.25
T4_NC_w1_ND,T4,Ci,NC,1,ND,blue,489.37499999999994,0.25
T4_NC_w1_ND,T4,Ci,NC,1,ND,blue,491.24999999999994,0.25
T4_NC_w1_ND,T4,Ci,NC,1,ND,blue,493.12500000000006,0.25
T4_NC_w1_ND,T4,Ci,NC,1,ND,blue,495.00000000000006,0.3
T4_NC_w1_ND,T4,Ci,NC,1,ND,blue,496.87500000000006,0.3
T4_NC_w1_ND,T4,Ci,NC,1,ND,blue,498.75,0.4
T4_NC_w1_ND,T4,Ci,NC,1,ND,blue,500.625,0.45
T4_NC_w1_ND,T4,Ci,NC,1,ND,blue,502.5,0.5
T4_NC_w1_ND,T4,Ci,NC,1,ND,blue,504.375,0.5
T4_NC_w1_ND,T4,Ci,NC,1,ND,blue,506.25,0.6
T4_NC_w1_ND,T4,Ci,NC,1,ND,blue,508.125,0.6
T4_NC_w1_ND,T4,Ci,NC,1,ND,blue,510.0,0.7
T4_NC_w1_ND,T4,Ci,NC,1,ND,blue,511.875,0.75
T4_NC_w1_ND,T4,Ci,NC,1,ND,blue,513.75,0.8
T4_NC_w1_ND,T4,Ci,NC,1,ND,blue,515.625,0.9
T4_NC_w1_ND,T4,Ci,NC,1,ND,blue,517.5,0.95
T4_NC_w1_ND,T4,Ci,NC,1,ND,blue,519.375,1.0
T4_NC_w1_ND,T4,Ci,NC,1,ND,blue,521.25,1.1
T4_NC_w1_ND,T4,Ci,NC,1,ND,blue,523.125,1.2
T4_NC_w1_ND,T4,Ci,NC,1,ND,blue,525.0,1.3
T4_NC_w1_ND,T4,Ci,NC,1,ND,blue,526.875,1.45
T4_NC_w1_ND,T4,Ci,NC,1,ND,blue,528.75,1.6
T4_NC_w1_ND,T4,Ci,NC,1,ND,blue,530.625,1.75
T4_NC_w1_ND,T4,Ci,NC,1,ND,blue,532.5,1.95
T4_NC_w1_ND,T4,Ci,NC,1,ND,blue,534.375,2.1
T4_NC_w1_ND,T4,Ci,NC,1,ND,blue,536.25,2.2
T4_NC_w1_ND,T4,Ci,NC,1,ND,blue,538.125,2.35
T4_NC_w1_ND,T4,Ci,NC,1,ND,blue,540.0,2.45
T4_NC_w1_ND,T4,Ci,NC,1,ND,blue,541.875,2.6
T4_NC_w1_ND,T4,Ci,NC,1,ND,blue,543.75,2.65
T4_NC_w1_ND,T4,Ci,NC,1,ND,blue,545.625,2.65
T4_NC_w1_ND,T4,Ci,NC,1,ND,blue,547.5,2.65
T4_NC_w1_ND,T4,Ci,NC,1,ND,blue,549.375,2.6
T4_NC_w1_ND,T4,Ci,NC,1,ND,blue,551.25,2.55
T4_NC_w1_ND,T4,Ci,NC,1,ND,blue,553.125,2.55
T4_NC_w1_ND,T4,Ci,NC,1,ND,blue,555.0,2.55
T4_NC_w1_ND,T4,Ci,NC,1,ND,blue,556.875,2.55
T4_NC_w1_ND,T4,Ci,NC,1,ND,blue,558.75,2.55
T4_NC_w1_ND,T4,Ci,NC,1,ND,blue,560.625,2.55
T4_NC_w1_ND,T4,Ci,NC,1,ND,blue,562.5,2.5
T4_NC_w1_ND,T4,Ci,NC,1,ND,blue,564.375,2.5
T4_NC_w1_ND,T4,Ci,NC,1,ND,blue,566.25,2.4
T4_NC_w1_ND,T4,Ci,NC,1,ND,blue,568.125,2.4
T4_NC_w1_ND,T4,Ci,NC,1,ND,blue,570.0,2.3
T4_NC_w1_ND,T4,Ci,NC,1,ND,blue,571.875,2.25
T4_NC_w1_ND,T4,Ci,NC,1,ND,blue,573.75,2.25
T4_NC_w1_ND,T4,Ci,NC,1,ND,blue,575.625,2.25
T4_NC_w1_ND,T4,Ci,NC,1,ND,blue,577.5,2.35
T4_NC_w1_ND,T4,Ci,NC,1,ND,blue,579.375,2.4
T4_NC_w1_ND,T4,Ci,NC,1,ND,blue,581.25,2.4
T4_NC_w1_ND,T4,Ci,NC,1,ND,blue,583.125,2.45
T4_NC_w1_ND,T4,Ci,NC,1,ND,blue,585.0,2.45
T4_NC_w1_ND,T4,Ci,NC,1,ND,blue,586.875,2.35
T4_NC_w1_ND,T4,Ci,NC,1,ND,blue,588.75,2.3
T4_NC_w1_ND,T4,Ci,NC,1,ND,blue,590.625,2.3
T4_NC_w1_ND,T4,Ci,NC,1,ND,blue,592.5,2.3
T4_NC_w1_ND,T4,Ci,NC,1,ND,blue,594.375,2.35
T4_NC_w1_ND,T4,Ci,NC,1,ND,blue,596.25,2.4
T4_NC_w1_ND,T4,Ci,NC,1,ND,blue,598.125,2.45
T4_NC_w1_ND,T4,Ci,NC,1,ND,blue,600.0,2.55
T4_NC_w1_ND,T4,Ci,NC,1,ND,blue,601.875,2.7
T4_NC_w1_ND,T4,Ci,NC,1,ND,blue,603.75,2.85
T4_NC_w1_ND,T4,Ci,NC,1,ND,blue,605.625,2.95
T4_NC_w1_ND,T4,Ci,NC,1,ND,blue,607.5,3.05
T4_NC_w1_ND,T4,Ci,NC,1,ND,blue,609.375,3.15
T4_NC_w1_ND,T4,Ci,NC,1,ND,blue,611.25,3.15
T4_NC_w1_ND,T4,Ci,NC,1,ND,blue,613.125,3.15
T4_NC_w1_ND,T4,Ci,NC,1,ND,blue,615.0,3.1
T4_NC_w1_ND,T4,Ci,NC,1,ND,blue,616.875,3.1
T4_NC_w1_ND,T4,Ci,NC,1,ND,blue,618.75,3.1
T4_NC_w1_ND,T4,Ci,NC,1,ND,blue,620.625,3.1
T4_NC_w1_ND,T4,Ci,NC,1,ND,blue,622.5,3.1
T4_NC_w1_ND,T4,Ci,NC,1,ND,blue,624.375,3.1
T4_NC_w1_ND,T4,Ci,NC,1,ND,blue,626.25,3.1
T4_NC_w1_ND,T4,Ci,NC,1,ND,blue,628.125,3.05
T4_NC_w1_ND,T4,Ci,NC,1,ND,blue,630.0,2.95
T4_NC_w1_ND,T4,Ci,NC,1,ND,blue,631.875,2.9
T4_NC_w1_ND,T4,Ci,NC,1,ND,blue,633.75,2.8
T4_NC_w1_ND,T4,Ci,NC,1,ND,blue,635.625,2.75
T4_NC_w1_ND,T4,Ci,NC,1,ND,blue,637.5,2.75
T4_NC_w1_ND,T4,Ci,NC,1,ND,blue,639.375,2.75
T4_NC_w1_ND,T4,Ci,NC,1,ND,blue,641.25,2.7
T4_NC_w1_ND,T4,Ci,NC,1,ND,blue,643.125,2.65
T4_NC_w1_ND,T4,Ci,NC,1,ND,blue,645.0,2.65
T4_NC_w1_ND,T4,Ci,NC,1,ND,blue,646.875,2.6
T4_NC_w1_ND,T4,Ci,NC,1,ND,blue,648.75,2.55
T4_NC_w1_ND,T4,Ci,NC,1,ND,blue,650.625,2.55
T4_NC_w1_ND,T4,Ci,NC,1,ND,blue,652.5,2.6
T4_NC_w1_ND,T4,Ci,NC,1,ND,blue,654.375,2.65
T4_NC_w1_ND,T4,Ci,NC,1,ND,blue,656.25,2.65
T4_NC_w1_ND,T4,Ci,NC,1,ND,blue,658.125,2.7
T4_NC_w1_ND,T4,Ci,NC,1,ND,blue,660.0,2.7
T4_NC_w1_ND,T4,Ci,NC,1,ND,blue,661.875,2.7
T4_NC_w1_ND,T4,Ci,NC,1,ND,blue,663.75,2.65
T4_NC_w1_ND,T4,Ci,NC,1,ND,blue,665.625,2.6
T4_NC_w1_ND,T4,Ci,NC,1,ND,blue,667.5,2.5
T4_NC_w1_ND,T4,Ci,NC,1,ND,blue,669.375,2.4
T4_NC_w1_ND,T4,Ci,NC,1,ND,blue,671.25,2.4
T4_NC_w1_ND,T4,Ci,NC,1,ND,blue,673.125,2.3
T4_NC_w1_ND,T4,Ci,NC,1,ND,blue,675.0,2.2
T4_NC_w1_ND,T4,Ci,NC,1,ND,blue,676.875,2.2
T4_NC_w1_ND,T4,Ci,NC,1,ND,blue,678.75,2.1
T4_NC_w1_ND,T4,Ci,NC,1,ND,blue,680.625,2.05
T4_NC_w1_ND,T4,Ci,NC,1,ND,blue,682.5,2.05
T4_NC_w1_ND,T4,Ci,NC,1,ND,blue,684.375,2.05
T4_NC_w1_ND,T4,Ci,NC,1,ND,blue,686.25,2.0
T4_NC_w1_ND,T4,Ci,NC,1,ND,blue,688.125,1.9
T4_NC_w1_ND,T4,Ci,NC,1,ND,blue,690.0,1.85
T4_NC_w1_ND,T4,Ci,NC,1,ND,blue,691.875,1.75
T4_NC_w1_ND,T4,Ci,NC,1,ND,blue,693.75,1.7
T4_NC_w1_ND,T4,Ci,NC,1,ND,blue,695.625,1.7
T4_NC_w1_ND,T4,Ci,NC,1,ND,blue,697.5,1.75
T4_NC_w1_ND,T4,Ci,NC,1,ND,blue,699.375,1.8
T4_NC_w1_ND,T4,Ci,NC,1,ND,blue,701.25,1.9
T4_NC_w1_ND,T4,Ci,NC,1,ND,blue,703.125,1.95
T4_NC_w1_ND,T4,Ci,NC,1,ND,blue,705.0,1.95
T4_NC_w1_ND,T4,Ci,NC,1,ND,blue,706.875,1.95
T4_NC_w1_ND,T4,Ci,NC,1,ND,blue,708.75,1.95
T4_NC_w1_ND,T4,Ci,NC,1,ND,blue,710.625,1.9
T4_NC_w1_ND,T4,Ci,NC,1,ND,blue,712.5,1.85
T4_NC_w1_ND,T4,Ci,NC,1,ND,blue,714.375,1.75
T4_NC_w1_ND,T4,Ci,NC,1,ND,blue,716.25,1.7
T4_NC_w1_ND,T4,Ci,NC,1,ND,blue,718.125,1.65
T4_NC_w1_ND,T4,Ci,NC,1,ND,blue,720.0,1.65
T4_NC_w1_ND,T4,Ci,NC,1,ND,blue,721.875,1.65
T4_NC_w1_ND,T4,Ci,NC,1,ND,blue,723.75,1.6
T4_NC_w1_ND,T4,Ci,NC,1,ND,blue,725.625,1.55
T4_NC_w1_ND,T4,Ci,NC,1,ND,blue,727.5,1.55
T4_NC_w1_ND,T4,Ci,NC,1,ND,blue,729.375,1.5
T4_NC_w1_ND,T4,Ci,NC,1,ND,blue,731.25,1.5
T4_NC_w1_ND,T4,Ci,NC,1,ND,blue,733.125,1.4
T4_NC_w1_ND,T4,Ci,NC,1,ND,blue,735.0,1.3
T4_NC_w1_ND,T4,Ci,NC,1,ND,blue,736.875,1.25
T4_NC_w1_ND,T4,Ci,NC,1,ND,blue,738.75,1.1
T4_NC_w1_ND,T4,Ci,NC,1,ND,blue,740.625,1.1
T4_NC_w1_ND,T4,Ci,NC,1,ND,blue,742.5,1.0
T4_NC_w1_ND,T4,Ci,NC,1,ND,blue,744.375,0.95
T4_NC_w1_ND,T4,Ci,NC,1,ND,blue,746.25,0.85
T4_NC_w1_ND,T4,Ci,NC,1,ND,blue,748.125,0.8
T4_NC_w1_ND,T4,Ci,NC,1,ND,blue,750.0,0.7
T4_NC_w1_ND,T4,Ci,NC,1,ND,blue,751.875,0.6
T4_NC_w1_ND,T4,Ci,NC,1,ND,blue,753.75,0.55
T4_NC_w1_ND,T4,Ci,NC,1,ND,blue,755.625,0.55
T4_NC_w1_ND,T4,Ci,NC,1,ND,blue,757.5,0.6
T4_NC_w1_ND,T4,Ci,NC,1,ND,blue,759.375,0.7
T4_NC_w1_ND,T4,Ci,NC,1,ND,blue,761.25,0.7
T4_NC_w1_ND,T4,Ci,NC,1,ND,blue,763.125,0.8
T4_NC_w1_ND,T4,Ci,NC,1,ND,blue,765.0,0.9
T4_NC_w1_ND,T4,Ci,NC,1,ND,blue,766.875,0.95
T4_NC_w1_ND,T4,Ci,NC,1,ND,blue,768.75,1.05
T4_NC_w1_ND,T4,Ci,NC,1,ND,blue,770.625,1.1
T4_NC_w1_ND,T4,Ci,NC,1,ND,blue,772.5,1.2
T4_NC_w1_ND,T4,Ci,NC,1,ND,blue,774.375,1.25
T4_NC_w1_ND,T4,Ci,NC,1,ND,blue,776.25,1.25
T4_NC_w1_ND,T4,Ci,NC,1,ND,blue,778.125,1.2
T4_NC_w1_ND,T4,Ci,NC,1,ND,blue,780.0,1.15
T4_NC_w1_ND,T4,Ci,NC,1,ND,blue,781.875,1.1
T4_NC_w1_ND,T4,Ci,NC,1,ND,blue,783.75,1.05
T4_NC_w1_ND,T4,Ci,NC,1,ND,blue,785.625,1.05
T4_NC_w1_ND,T4,Ci,NC,1,ND,blue,787.5,1.0
T4_NC_w1_ND,T4,Ci,NC,1,ND,blue,789.375,0.9
T4_NC_w1_ND,T4,Ci,NC,1,ND,blue,791.25,0.9
T4_NC_w1_ND,T4,Ci,NC,1,ND,blue,793.125,0.9
T4_NC_w1_ND,T4,Ci,NC,1,ND,blue,795.0,0.95
T4_NC_w1_ND,T4,Ci,NC,1,ND,blue,796.875,1.0
T4_NC_w1_ND,T4,Ci,NC,1,ND,blue,798.75,1.05
T4_NC_w1_ND,T4,Ci,NC,1,ND,blue,800.625,1.05
T4_NC_w1_ND,T4,Ci,NC,1,ND,blue,802.5,1.05
T4_NC_w1_ND,T4,Ci,NC,1,ND,blue,804.375,1.05
T4_NC_w1_ND,T4,Ci,NC,1,ND,blue,806.25,1.1
T4_NC_w1_ND,T4,Ci,NC,1,ND,blue,808.125,1.15
T4_NC_w1_ND,T4,Ci,NC,1,ND,blue,810.0,1.15
T4_NC_w1_ND,T4,Ci,NC,1,ND,blue,811.875,1.2
T4_NC_w1_ND,T4,Ci,NC,1,ND,blue,813.75,1.25
T4_NC_w1_ND,T4,Ci,NC,1,ND,blue,815.625,1.25
T4_NC_w1_ND,T4,Ci,NC,1,ND,blue,817.5,1.25
T4_NC_w1_ND,T4,Ci,NC,1,ND,blue,819.375,1.25
T4_NC_w1_ND,T4,Ci,NC,1,ND,blue,821.25,1.25
T4_NC_w1_ND,T4,Ci,NC,1,ND,blue,823.125,1.2
T4_NC_w1_ND,T4,Ci,NC,1,ND,blue,825.0,1.2
T4_NC_w1_ND,T4,Ci,NC,1,ND,blue,826.875,1.2
T4_NC_w1_ND,T4,Ci,NC,1,ND,blue,828.75,1.25
T4_NC_w1_ND,T4,Ci,NC,1,ND,blue,830.625,1.3
T4_NC_w1_ND,T4,Ci,NC,1,ND,blue,832.5,1.35
T4_NC_w1_ND,T4,Ci,NC,1,ND,blue,834.375,1.35
T4_NC_w1_ND,T4,Ci,NC,1,ND,blue,836.25,1.35
T4_NC_w1_ND,T4,Ci,NC,1,ND,blue,838.125,1.35
T4_NC_w1_ND,T4,Ci,NC,1,ND,blue,840.0,1.4
T4_NC_w1_ND,T4,Ci,NC,1,ND,blue,841.875,1.4
T4_NC_w1_ND,T4,Ci,NC,1,ND,blue,843.75,1.35
T4_NC_w1_ND,T4,Ci,NC,1,ND,blue,845.625,1.3
T4_NC_w1_ND,T4,Ci,NC,1,ND,blue,847.5,1.25
T4_NC_w1_ND,T4,Ci,NC,1,ND,blue,849.375,1.15
T4_NC_w1_ND,T4,Ci,NC,1,ND,blue,851.25,1.15
T4_NC_w1_ND,T4,Ci,NC,1,ND,blue,853.125,1.2
T4_NC_w1_ND,T4,Ci,NC,1,ND,blue,855.0,1.3
T4_NC_w1_ND,T4,Ci,NC,1,ND,blue,856.875,1.3
T4_NC_w1_ND,T4,Ci,NC,1,ND,blue,858.75,1.4
T4_NC_w1_ND,T4,Ci,NC,1,ND,blue,860.625,1.45
T4_NC_w1_ND,T4,Ci,NC,1,ND,blue,862.5,1.5
T4_NC_w1_ND,T4,Ci,NC,1,ND,blue,864.375,1.6
T4_NC_w1_ND,T4,Ci,NC,1,ND,blue,866.25,1.6
T4_NC_w1_ND,T4,Ci,NC,1,ND,blue,868.125,1.6
T4_NC_w1_ND,T4,Ci,NC,1,ND,blue,870.0,1.55
T4_NC_w1_ND,T4,Ci,NC,1,ND,blue,871.875,1.55
T4_NC_w1_ND,T4,Ci,NC,1,ND,blue,873.75,1.6
T4_NC_w1_ND,T4,Ci,NC,1,ND,blue,875.625,1.6
T4_NC_w1_ND,T4,Ci,NC,1,ND,blue,877.5,1.55
T4_NC_w1_ND,T4,Ci,NC,1,ND,blue,879.375,1.55
T4_NC_w1_ND,T4,Ci,NC,1,ND,blue,881.25,1.65
T4_NC_w1_ND,T4,Ci,NC,1,ND,blue,883.125,1.7
T4_NC_w1_ND,T4,Ci,NC,1,ND,blue,885.0,1.75
T4_NC_w1_ND,T4,Ci,NC,1,ND,blue,886.875,1.8
T4_NC_w1_ND,T4,Ci,NC,1,ND,blue,888.75,1.8
T4_NC_w1_ND,T4,Ci,NC,1,ND,blue,890.625,1.8
T4_NC_w1_ND,T4,Ci,NC,1,ND,blue,892.5,1.75
T4_NC_w1_ND,T4,Ci,NC,1,ND,blue,894.375,1.75
T4_NC_w1_ND,T4,Ci,NC,1,ND,blue,896.25,1.7
T4_NC_w1_ND,T4,Ci,NC,1,ND,blue,898.125,1.7
T4_NC_w1_ND,T4,Ci,NC,1,ND,blue,900.0,1.7
T4_NC_w4_PD,T4,Ci,NC,4,PD,red,7.392197125256674,0.0
T4_NC_w4_PD,T4,Ci,NC,4,PD,red,9.240246406570842,0.0
T4_NC_w4_PD,T4,Ci,NC,4,PD,red,11.08829568788501,0.05
T4_NC_w4_PD,T4,Ci,NC,4,PD,red,12.936344969199178,0.05
T4_NC_w4_PD,T4,Ci,NC,4,PD,red,14.784394250513348,0.1
T4_NC_w4_PD,T4,Ci,NC,4,PD,red,16.632443531827516,0.15
T4_NC_w4_PD,T4,Ci,NC,4,PD,red,18.480492813141684,0.2
T4_NC_w4_PD,T4,Ci,NC,4,PD,red,20.328542094455855,0.2
T4_NC_w4_PD,T4,Ci,NC,4,PD,red,22.17659137577002,0.25
T4_NC_w4_PD,T4,Ci,NC,4,PD,red,24.024640657084188,0.36000000000000226
T4_NC_w4_PD,T4,Ci,NC,4,PD,red,25.872689938398356,0.46999999999999886
T4_NC_w4_PD,T4,Ci,NC,4,PD,red,27.720739219712524,0.5800000000000012
T4_NC_w4_PD,T4,Ci,NC,4,PD,red,29.568788501026695,0.6899999999999977
T4_NC_w4_PD,T4,Ci,NC,4,PD,red,31.41683778234086,0.8
T4_NC_w4_PD,T4,Ci,NC,4,PD,red,33.26488706365503,0.8
T4_NC_w4_PD,T4,Ci,NC,4,PD,red,35.1129363449692,0.8
T4_NC_w4_PD,T4,Ci,NC,4,PD,red,36.96098562628337,0.75
T4_NC_w4_PD,T4,Ci,NC,4,PD,red,38.809034907597535,0.7
T4_NC_w4_PD,T4,Ci,NC,4,PD,red,40.65708418891171,0.65
T4_NC_w4_PD,T4,Ci,NC,4,PD,red,42.50513347022587,0.6
T4_NC_w4_PD,T4,Ci,NC,4,PD,red,44.35318275154004,0.425
T4_NC_w4_PD,T4,Ci,NC,4,PD,red,46.20123203285421,0.25
T4_NC_w4_PD,T4,Ci,NC,4,PD,red,48.049281314168375,0.075
T4_NC_w4_PD,T4,Ci,NC,4,PD,red,49.89733059548255,-0.1
T4_NC_w4_PD,T4,Ci,NC,4,PD,red,51.74537987679671,-0.11666666666666288
T4_NC_w4_PD,T4,Ci,NC,4,PD,red,53.59342915811089,-0.13333333333333713
T4_NC_w4_PD,T4,Ci,NC,4,PD,red,55.44147843942505,-0.15
T4_NC_w4_PD,T4,Ci,NC,4,PD,red,57.28952772073922,-0.16666666666666288
T4_NC_w4_PD,T4,Ci,NC,4,PD,red,59.13757700205339,-0.18333333333333712
T4_NC_w4_PD,T4,Ci,NC,4,PD,red,60.98562628336756,-0.18333333333333712
T4_NC_w4_PD,T4,Ci,NC,4,PD,red,62.83367556468172,-0.15
T4_NC_w4_PD,T4,Ci,NC,4,PD,red,64.68172484599589,-0.15
T4_NC_w4_PD,T4,Ci,NC,4,PD,red,66.52977412731006,-0.15
T4_NC_w4_PD,T4,Ci,NC,4,PD,red,68.37782340862424,-0.1
T4_NC_w4_PD,T4,Ci,NC,4,PD,red,70.2258726899384,0.1
T4_NC_w4_PD,T4,Ci,NC,4,PD,red,72.07392197125256,0.3
T4_NC_w4_PD,T4,Ci,NC,4,PD,red,73.92197125256673,0.5
T4_NC_w4_PD,T4,Ci,NC,4,PD,red,75.7700205338809,0.5166666666666628
T4_NC_w4_PD,T4,Ci,NC,4,PD,red,77.61806981519507,0.5333333333333371
T4_NC_w4_PD,T4,Ci,NC,4,PD,red,79.46611909650925,0.55
T4_NC_w4_PD,T4,Ci,NC,4,PD,red,81.31416837782342,0.55
T4_NC_w4_PD,T4,Ci,NC,4,PD,red,83.16221765913757,0.55
T4_NC_w4_PD,T4,Ci,NC,4,PD,red,85.01026694045174,0.6
T4_NC_w4_PD,T4,Ci,NC,4,PD,red,86.85831622176592,0.65
T4_NC_w4_PD,T4,Ci,NC,4,PD,red,88.70636550308008,0.65
T4_NC_w4_PD,T4,Ci,NC,4,PD,red,90.55441478439425,0.7
T4_NC_w4_PD,T4,Ci,NC,4,PD,red,92.40246406570841,0.8
T4_NC_w4_PD,T4,Ci,NC,4,PD,red,94.25051334702259,0.9
T4_NC_w4_PD,T4,Ci,NC,4,PD,red,96.09856262833675,0.9
T4_NC_w4_PD,T4,Ci,NC,4,PD,red,97.94661190965093,0.95
T4_NC_w4_PD,T4,Ci,NC,4,PD,red,99.7946611909651,0.95
T4_NC_w4_PD,T4,Ci,NC,4,PD,red,101.64271047227926,0.95
T4_NC_w4_PD,T4,Ci,NC,4,PD,red,103.49075975359342,0.95
T4_NC_w4_PD,T4,Ci,NC,4,PD,red,105.3388090349076,0.95
T4_NC_w4_PD,T4,Ci,NC,4,PD,red,107.18685831622177,0.95
T4_NC_w4_PD,T4,Ci,NC,4,PD,red,109.03490759753593,0.95
T4_NC_w4_PD,T4,Ci,NC,4,PD,red,110.8829568788501,0.95
T4_NC_w4_PD,T4,Ci,NC,4,PD,red,112.73100616016427,0.95
T4_NC_w4_PD,T4,Ci,NC,4,PD,red,114.57905544147845,0.9
T4_NC_w4_PD,T4,Ci,NC,4,PD,red,116.4271047227926,0.8
T4_NC_w4_PD,T4,Ci,NC,4,PD,red,118.27515400410678,0.75
T4_NC_w4_PD,T4,Ci,NC,4,PD,red,120.12320328542096,0.7
T4_NC_w4_PD,T4,Ci,NC,4,PD,red,121.97125256673512,0.65
T4_NC_w4_PD,T4,Ci,NC,4,PD,red,123.81930184804929,0.65
T4_NC_w4_PD,T4,Ci,NC,4,PD,red,125.66735112936344,0.7
T4_NC_w4_PD,T4,Ci,NC,4,PD,red,127.51540041067761,0.75
T4_NC_w4_PD,T4,Ci,NC,4,PD,red,129.36344969199178,0.9
T4_NC_w4_PD,T4,Ci,NC,4,PD,red,131.21149897330596,0.95
T4_NC_w4_PD,T4,Ci,NC,4,PD,red,133.05954825462013,1.1
T4_NC_w4_PD,T4,Ci,NC,4,PD,red,134.9075975359343,1.2
T4_NC_w4_PD,T4,Ci,NC,4,PD,red,136.75564681724848,1.25
T4_NC_w4_PD,T4,Ci,NC,4,PD,red,138.60369609856264,1.25
T4_NC_w4_PD,T4,Ci,NC,4,PD,red,140.4517453798768,1.25
T4_NC_w4_PD,T4,Ci,NC,4,PD,red,142.299794661191,1.2
T4_NC_w4_PD,T4,Ci,NC,4,PD,red,144.14784394250512,1.2
T4_NC_w4_PD,T4,Ci,NC,4,PD,red,145.99589322381928,1.2
T4_NC_w4_PD,T4,Ci,NC,4,PD,red,147.84394250513347,1.25
T4_NC_w4_PD,T4,Ci,NC,4,PD,red,149.69199178644763,1.25
T4_NC_w4_PD,T4,Ci,NC,4,PD,red,151.5400410677618,1.25
T4_NC_w4_PD,T4,Ci,NC,4,PD,red,153.38809034907598,1.2
T4_NC_w4_PD,T4,Ci,NC,4,PD,red,155.23613963039014,1.1
T4_NC_w4_PD,T4,Ci,NC,4,PD,red,157.08418891170433,1.1
T4_NC_w4_PD,T4,Ci,NC,4,PD,red,158.9322381930185,1.05
T4_NC_w4_PD,T4,Ci,NC,4,PD,red,160.78028747433265,1.05
T4_NC_w4_PD,T4,Ci,NC,4,PD,red,162.62833675564684,1.0
T4_NC_w4_PD,T4,Ci,NC,4,PD,red,164.47638603696097,1.0
T4_NC_w4_PD,T4,Ci,NC,4,PD,red,166.32443531827514,1.05
T4_NC_w4_PD,T4,Ci,NC,4,PD,red,168.17248459958932,1.05
T4_NC_w4_PD,T4,Ci,NC,4,PD,red,170.02053388090349,1.05
T4_NC_w4_PD,T4,Ci,NC,4,PD,red,171.86858316221765,1.05
T4_NC_w4_PD,T4,Ci,NC,4,PD,red,173.71663244353184,1.05
T4_NC_w4_PD,T4,Ci,NC,4,PD,red,175.564681724846,1.1
T4_NC_w4_PD,T4,Ci,NC,4,PD,red,177.41273100616016,1.1
T4_NC_w4_PD,T4,Ci,NC,4,PD,red,179.26078028747435,1.05
T4_NC_w4_PD,T4,Ci,NC,4,PD,red,181.1088295687885,1.05
T4_NC_w4_PD,T4,Ci,NC,4,PD,red,182.95687885010267,1.05
T4_NC_w4_PD,T4,Ci,NC,4,PD,red,184.80492813141683,1.05
T4_NC_w4_PD,T4,Ci,NC,4,PD,red,186.652977412731,1.15
T4_NC_w4_PD,T4,Ci,NC,4,PD,red,188.50102669404518,1.15
T4_NC_w4_PD,T4,Ci,NC,4,PD,red,190.34907597535934,1.05
T4_NC_w4_PD,T4,Ci,NC,4,PD,red,192.1971252566735,1.05
T4_NC_w4_PD,T4,Ci,NC,4,PD,red,194.0451745379877,1.05
T4_NC_w4_PD,T4,Ci,NC,4,PD,red,195.89322381930185,1.05
T4_NC_w4_PD,T4,Ci,NC,4,PD,red,197.741273100616,1.05
T4_NC_w4_PD,T4,Ci,NC,4,PD,red,199.5893223819302,1.15
T4_NC_w4_PD,T4,Ci,NC,4,PD,red,201.43737166324433,1.15
T4_NC_w4_PD,T4,Ci,NC,4,PD,red,203.28542094455852,1.15
T4_NC_w4_PD,T4,Ci,NC,4,PD,red,205.13347022587268,1.2
T4_NC_w4_PD,T4,Ci,NC,4,PD,red,206.98151950718685,1.25
T4_NC_w4_PD,T4,Ci,NC,4,PD,red,208.82956878850104,1.3
T4_NC_w4_PD,T4,Ci,NC,4,PD,red,210.6776180698152,1.35
T4_NC_w4_PD,T4,Ci,NC,4,PD,red,212.52566735112936,1.4
T4_NC_w4_PD,T4,Ci,NC,4,PD,red,214.37371663244355,1.5
T4_NC_w4_PD,T4,Ci,NC,4,PD,red,216.2217659137577,1.6
T4_NC_w4_PD,T4,Ci,NC,4,PD,red,218.06981519507187,1.75
T4_NC_w4_PD,T4,Ci,NC,4,PD,red,219.91786447638606,1.9
T4_NC_w4_PD,T4,Ci,NC,4,PD,red,221.7659137577002,1.95
T4_NC_w4_PD,T4,Ci,NC,4,PD,red,223.61396303901438,2.05
T4_NC_w4_PD,T4,Ci,NC,4,PD,red,225.46201232032854,2.05
T4_NC_w4_PD,T4,Ci,NC,4,PD,red,227.31006160164273,2.05
T4_NC_w4_PD,T4,Ci,NC,4,PD,red,229.1581108829569,2.05
T4_NC_w4_PD,T4,Ci,NC,4,PD,red,231.00616016427102,2.1
T4_NC_w4_PD,T4,Ci,NC,4,PD,red,232.8542094455852,2.15
T4_NC_w4_PD,T4,Ci,NC,4,PD,red,234.70225872689937,2.25
T4_NC_w4_PD,T4,Ci,NC,4,PD,red,236.55030800821356,2.4
T4_NC_w4_PD,T4,Ci,NC,4,PD,red,238.3983572895277,2.5
T4_NC_w4_PD,T4,Ci,NC,4,PD,red,240.2464065708419,2.6
T4_NC_w4_PD,T4,Ci,NC,4,PD,red,242.09445585215605,2.7
T4_NC_w4_PD,T4,Ci,NC,4,PD,red,243.94250513347023,2.75
T4_NC_w4_PD,T4,Ci,NC,4,PD,red,245.7905544147844,2.8
T4_NC_w4_PD,T4,Ci,NC,4,PD,red,247.63860369609858,2.85
T4_NC_w4_PD,T4,Ci,NC,4,PD,red,249.48665297741275,2.85
T4_NC_w4_PD,T4,Ci,NC,4,PD,red,251.33470225872688,2.85
T4_NC_w4_PD,T4,Ci,NC,4,PD,red,253.18275154004107,2.85
T4_NC_w4_PD,T4,Ci,NC,4,PD,red,255.03080082135523,2.85
T4_NC_w4_PD,T4,Ci,NC,4,PD,red,256.8788501026694,2.9
T4_NC_w4_PD,T4,Ci,NC,4,PD,red,258.72689938398355,2.95
T4_NC_w4_PD,T4,Ci,NC,4,PD,red,260.57494866529777,2.95
T4_NC_w4_PD,T4,Ci,NC,4,PD,red,262.42299794661193,2.9
T4_NC_w4_PD,T4,Ci,NC,4,PD,red,264.2710472279261,2.85
T4_NC_w4_PD,T4,Ci,NC,4,PD,red,266.11909650924025,2.8
T4_NC_w4_PD,T4,Ci,NC,4,PD,red,267.9671457905544,2.7
T4_NC_w4_PD,T4,Ci,NC,4,PD,red,269.8151950718686,2.6
T4_NC_w4_PD,T4,Ci,NC,4,PD,red,271.66324435318273,2.5
T4_NC_w4_PD,T4,Ci,NC,4,PD,red,273.51129363449695,2.4
T4_NC_w4_PD,T4,Ci,NC,4,PD,red,275.35934291581106,2.35
T4_NC_w4_PD,T4,Ci,NC,4,PD,red,277.2073921971253,2.3
T4_NC_w4_PD,T4,Ci,NC,4,PD,red,279.05544147843943,2.3
T4_NC_w4_PD,T4,Ci,NC,4,PD,red,280.9034907597536,2.3
T4_NC_w4_PD,T4,Ci,NC,4,PD,red,282.75154004106776,2.35
T4_NC_w4_PD,T4,Ci,NC,4,PD,red,284.599589322382,2.35
T4_NC_w4_PD,T4,Ci,NC,4,PD,red,286.4476386036961,2.275
T4_NC_w4_PD,T4,Ci,NC,4,PD,red,288.29568788501024,2.15
T4_NC_w4_PD,T4,Ci,NC,4,PD,red,290.14373716632446,2.025
T4_NC_w4_PD,T4,Ci,NC,4,PD,red,291.99178644763856,2.0
T4_NC_w4_PD,T4,Ci,NC,4,PD,red,293.8398357289528,2.0
T4_NC_w4_PD,T4,Ci,NC,4,PD,red,295.68788501026694,2.05
T4_NC_w4_PD,T4,Ci,NC,4,PD,red,297.5359342915811,2.1
T4_NC_w4_PD,T4,Ci,NC,4,PD,red,299.38398357289526,2.1
T4_NC_w4_PD,T4,Ci,NC,4,PD,red,301.2320328542095,2.0
T4_NC_w4_PD,T4,Ci,NC,4,PD,red,303.0800821355236,1.95
T4_NC_w4_PD,T4,Ci,NC,4,PD,red,304.9281314168378,1.9
T4_NC_w4_PD,T4,Ci,NC,4,PD,red,306.77618069815196,1.8
T4_NC_w4_PD,T4,Ci,NC,4,PD,red,308.6242299794661,1.65
T4_NC_w4_PD,T4,Ci,NC,4,PD,red,310.4722792607803,1.6
T4_NC_w4_PD,T4,Ci,NC,4,PD,red,312.32032854209444,1.5
T4_NC_w4_PD,T4,Ci,NC,4,PD,red,314.16837782340866,1.45
T4_NC_w4_PD,T4,Ci,NC,4,PD,red,316.01642710472277,1.35
T4_NC_w4_PD,T4,Ci,NC,4,PD,red,317.864476386037,1.3
T4_NC_w4_PD,T4,Ci,NC,4,PD,red,319.71252566735114,1.25
T4_NC_w4_PD,T4,Ci,NC,4,PD,red,321.5605749486653,1.25
T4_NC_w4_PD,T4,Ci,NC,4,PD,red,323.40862422997947,1.15
T4_NC_w4_PD,T4,Ci,NC,4,PD,red,325.2566735112937,1.15
T4_NC_w4_PD,T4,Ci,NC,4,PD,red,327.1047227926078,1.1
T4_NC_w4_PD,T4,Ci,NC,4,PD,red,328.95277207392195,1.05
T4_NC_w4_PD,T4,Ci,NC,4,PD,red,330.80082135523617,1.0
T4_NC_w4_PD,T4,Ci,NC,4,PD,red,332.64887063655027,0.9
T4_NC_w4_PD,T4,Ci,NC,4,PD,red,334.4969199178645,0.75
T4_NC_w4_PD,T4,Ci,NC,4,PD,red,336.34496919917865,0.65
T4_NC_w4_PD,T4,Ci,NC,4,PD,red,338.1930184804928,0.55
T4_NC_w4_PD,T4,Ci,NC,4,PD,red,340.04106776180697,0.4
T4_NC_w4_PD,T4,Ci,NC,4,PD,red,341.8891170431212,0.3
T4_NC_w4_PD,T4,Ci,NC,4,PD,red,343.7371663244353,0.2
T4_NC_w4_PD,T4,Ci,NC,4,PD,red,345.58521560574945,0.15
T4_NC_w4_PD,T4,Ci,NC,4,PD,red,347.4332648870637,0.1
T4_NC_w4_PD,T4,Ci,NC,4,PD,red,349.28131416837783,0.0
T4_NC_w4_PD,T4,Ci,NC,4,PD,red,351.129363449692,-0.05
T4_NC_w4_PD,T4,Ci,NC,4,PD,red,352.97741273100615,-0.05
T4_NC_w4_PD,T4,Ci,NC,4,PD,red,354.8254620123203,-0.05
T4_NC_w4_PD,T4,Ci,NC,4,PD,red,356.6735112936345,-0.05
T4_NC_w4_PD,T4,Ci,NC,4,PD,red,358.5215605749487,-0.15
T4_NC_w4_PD,T4,Ci,NC,4,PD,red,360.36960985626285,-0.2
T4_NC_w4_PD,T4,Ci,NC,4,PD,red,362.217659137577,-0.25
T4_NC_w4_PD,T4,Ci,NC,4,PD,red,364.0657084188912,-0.3
T4_NC_w4_PD,T4,Ci,NC,4,PD,red,365.91375770020534,-0.4
T4_NC_w4_PD,T4,Ci,NC,4,PD,red,367.7618069815195,-0.5
T4_NC_w4_PD,T4,Ci,NC,4,PD,red,369.60985626283366,-0.6
T4_NC_w4_PD,T4,Ci,NC,4,PD,red,371.4579055441479,-0.65
T4_NC_w4_PD,T4,Ci,NC,4,PD,red,373.305954825462,-0.8
T4_NC_w4_PD,T4,Ci,NC,4,PD,red,375.1540041067762,-0.95
T4_NC_w4_PD,T4,Ci,NC,4,PD,red,377.00205338809036,-1.05
T4_NC_w4_PD,T4,Ci,NC,4,PD,red,378.8501026694045,-1.1
T4_NC_w4_PD,T4,Ci,NC,4,PD,red,380.6981519507187,-1.15
T4_NC_w4_PD,T4,Ci,NC,4,PD,red,382.5462012320329,-1.15
T4_NC_w4_PD,T4,Ci,NC,4,PD,red,384.394250513347,-1.15
T4_NC_w4_PD,T4,Ci,NC,4,PD,red,386.24229979466116,-1.15
T4_NC_w4_PD,T4,Ci,NC,4,PD,red,388.0903490759754,-1.15
T4_NC_w4_PD,T4,Ci,NC,4,PD,red,389.9383983572895,-1.25
T4_NC_w4_PD,T4,Ci,NC,4,PD,red,391.7864476386037,-1.3
T4_NC_w4_PD,T4,Ci,NC,4,PD,red,393.63449691991786,-1.35
T4_NC_w4_PD,T4,Ci,NC,4,PD,red,395.482546201232,-1.4
T4_NC_w4_PD,T4,Ci,NC,4,PD,red,397.3305954825462,-1.5
T4_NC_w4_PD,T4,Ci,NC,4,PD,red,399.1786447638604,-1.55
T4_NC_w4_PD,T4,Ci,NC,4,PD,red,401.0266940451745,-1.55
T4_NC_w4_PD,T4,Ci,NC,4,PD,red,402.87474332648867,-1.6
T4_NC_w4_PD,T4,Ci,NC,4,PD,red,404.7227926078029,-1.7
T4_NC_w4_PD,T4,Ci,NC,4,PD,red,406.57084188911705,-1.75
T4_NC_w4_PD,T4,Ci,NC,4,PD,red,408.4188911704312,-1.75
T4_NC_w4_PD,T4,Ci,NC,4,PD,red,410.26694045174537,-1.85
T4_NC_w4_PD,T4,Ci,NC,4,PD,red,412.1149897330596,-1.85
T4_NC_w4_PD,T4,Ci,NC,4,PD,red,413.9630390143737,-1.8
T4_NC_w4_PD,T4,Ci,NC,4,PD,red,415.8110882956879,-1.75
T4_NC_w4_PD,T4,Ci,NC,4,PD,red,417.65913757700207,-1.7
T4_NC_w4_PD,T4,Ci,NC,4,PD,red,419.50718685831623,-1.6
T4_NC_w4_PD,T4,Ci,NC,4,PD,red,421.3552361396304,-1.55
T4_NC_w4_PD,T4,Ci,NC,4,PD,red,423.20328542094455,-1.45
T4_NC_w4_PD,T4,Ci,NC,4,PD,red,425.0513347022587,-1.4
T4_NC_w4_PD,T4,Ci,NC,4,PD,red,426.8993839835729,-1.3
T4_NC_w4_PD,T4,Ci,NC,4,PD,red,428.7474332648871,-1.25
T4_NC_w4_PD,T4,Ci,NC,4,PD,red,430.5954825462012,-1.25
T4_NC_w4_PD,T4,Ci,NC,4,PD,red,432.4435318275154,-1.15
T4_NC_w4_PD,T4,Ci,NC,4,PD,red,434.2915811088296,-1.15
T4_NC_w4_PD,T4,Ci,NC,4,PD,red,436.13963039014374,-1.15
T4_NC_w4_PD,T4,Ci,NC,4,PD,red,437.9876796714579,-1.1
T4_NC_w4_PD,T4,Ci,NC,4,PD,red,439.8357289527721,-1.0
T4_NC_w4_PD,T4,Ci,NC,4,PD,red,441.6837782340862,-0.9
T4_NC_w4_PD,T4,Ci,NC,4,PD,red,443.5318275154004,-0.85
T4_NC_w4_PD,T4,Ci,NC,4,PD,red,445.3798767967146,-0.8
T4_NC_w4_PD,T4,Ci,NC,4,PD,red,447.22792607802876,-0.75
T4_NC_w4_PD,T4,Ci,NC,4,PD,red,449.0759753593429,-0.7
T4_NC_w4_PD,T4,Ci,NC,4,PD,red,450.9240246406571,-0.65
T4_NC_w4_PD,T4,Ci,NC,4,PD,red,452.77207392197124,-0.55
T4_NC_w4_PD,T4,Ci,NC,4,PD,red,454.62012320328546,-0.45
T4_NC_w4_PD,T4,Ci,NC,4,PD,red,456.4681724845996,-0.35
T4_NC_w4_PD,T4,Ci,NC,4,PD,red,458.3162217659138,-0.25
T4_NC_w4_PD,T4,Ci,NC,4,PD,red,460.1642710472279,-0.1
T4_NC_w4_PD,T4,Ci,NC,4,PD,red,462.01232032854205,0.0
T4_NC_w4_PD,T4,Ci,NC,4,PD,red,463.8603696098563,0.1
T4_NC_w4_PD,T4,Ci,NC,4,PD,red,465.7084188911704,0.15
T4_NC_w4_PD,T4,Ci,NC,4,PD,red,467.5564681724846,0.25
T4_NC_w4_PD,T4,Ci,NC,4,PD,red,469.40451745379875,0.4
T4_NC_w4_PD,T4,Ci,NC,4,PD,red,471.25256673511296,0.55
T4_NC_w4_PD,T4,Ci,NC,4,PD,red,473.1006160164271,0.7
T4_NC_w4_PD,T4,Ci,NC,4,PD,red,474.9486652977413,0.85
T4_NC_w4_PD,T4,Ci,NC,4,PD,red,476.7967145790554,1.1
T4_NC_w4_PD,T4,Ci,NC,4,PD,red,478.64476386036966,1.25
T4_NC_w4_PD,T4,Ci,NC,4,PD,red,480.4928131416838,1.4
T4_NC_w4_PD,T4,Ci,NC,4,PD,red,482.34086242299793,1.5
T4_NC_w4_PD,T4,Ci,NC,4,PD,red,484.1889117043121,1.7
T4_NC_w4_PD,T4,Ci,NC,4,PD,red,486.03696098562625,1.9
T4_NC_w4_PD,T4,Ci,NC,4,PD,red,487.88501026694047,2.05
T4_NC_w4_PD,T4,Ci,NC,4,PD,red,489.73305954825463,2.15
T4_NC_w4_PD,T4,Ci,NC,4,PD,red,491.5811088295688,2.35
T4_NC_w4_PD,T4,Ci,NC,4,PD,red,493.42915811088295,2.5
T4_NC_w4_PD,T4,Ci,NC,4,PD,red,495.27720739219717,2.6
T4_NC_w4_PD,T4,Ci,NC,4,PD,red,497.12525667351133,2.75
T4_NC_w4_PD,T4,Ci,NC,4,PD,red,498.9733059548255,2.85
T4_NC_w4_PD,T4,Ci,NC,4,PD,red,500.8213552361396,3.55
T4_NC_w4_PD,T4,Ci,NC,4,PD,red,502.66940451745376,4.25
T4_NC_w4_PD,T4,Ci,NC,4,PD,red,504.517453798768,4.35
T4_NC_w4_PD,T4,Ci,NC,4,PD,red,506.36550308008214,4.55
T4_NC_w4_PD,T4,Ci,NC,4,PD,red,508.2135523613963,4.85
T4_NC_w4_PD,T4,Ci,NC,4,PD,red,510.06160164271046,5.05
T4_NC_w4_PD,T4,Ci,NC,4,PD,red,511.9096509240247,5.25
T4_NC_w4_PD,T4,Ci,NC,4,PD,red,513.7577002053388,5.4
T4_NC_w4_PD,T4,Ci,NC,4,PD,red,515.6057494866529,5.65
T4_NC_w4_PD,T4,Ci,NC,4,PD,red,517.4537987679671,5.9
T4_NC_w4_PD,T4,Ci,NC,4,PD,red,519.3018480492813,6.15
T4_NC_w4_PD,T4,Ci,NC,4,PD,red,521.1498973305955,6.45
T4_NC_w4_PD,T4,Ci,NC,4,PD,red,522.9979466119097,6.7
T4_NC_w4_PD,T4,Ci,NC,4,PD,red,524.8459958932239,7.0
T4_NC_w4_PD,T4,Ci,NC,4,PD,red,526.6940451745379,7.3
T4_NC_w4_PD,T4,Ci,NC,4,PD,red,528.5420944558522,7.65
T4_NC_w4_PD,T4,Ci,NC,4,PD,red,530.3901437371663,7.95
T4_NC_w4_PD,T4,Ci,NC,4,PD,red,532.2381930184805,8.25
T4_NC_w4_PD,T4,Ci,NC,4,PD,red,534.0862422997947,8.55
T4_NC_w4_PD,T4,Ci,NC,4,PD,red,535.9342915811088,8.75
T4_NC_w4_PD,T4,Ci,NC,4,PD,red,537.782340862423,9.05
T4_NC_w4_PD,T4,Ci,NC,4,PD,red,539.6303901437371,9.4
T4_NC_w4_PD,T4,Ci,NC,4,PD,red,541.4784394250513,9.65
T4_NC_w4_PD,T4,Ci,NC,4,PD,red,543.3264887063655,9.95
T4_NC_w4_PD,T4,Ci,NC,4,PD,red,545.1745379876797,10.25
T4_NC_w4_PD,T4,Ci,NC,4,PD,red,547.0225872689939,10.55
T4_NC_w4_PD,T4,Ci,NC,4,PD,red,548.870636550308,10.95
T4_NC_w4_PD,T4,Ci,NC,4,PD,red,550.7186858316221,11.3
T4_NC_w4_PD,T4,Ci,NC,4,PD,red,552.5667351129364,11.45
T4_NC_w4_PD,T4,Ci,NC,4,PD,red,554.4147843942505,11.65
T4_NC_w4_PD,T4,Ci,NC,4,PD,red,556.2628336755647,12.0
T4_NC_w4_PD,T4,Ci,NC,4,PD,red,558.1108829568789,12.1
T4_NC_w4_PD,T4,Ci,NC,4,PD,red,559.958932238193,12.25
T4_NC_w4_PD,T4,Ci,NC,4,PD,red,561.8069815195072,12.5
T4_NC_w4_PD,T4,Ci,NC,4,PD,red,563.6550308008214,12.7
T4_NC_w4_PD,T4,Ci,NC,4,PD,red,565.5030800821355,12.95
T4_NC_w4_PD,T4,Ci,NC,4,PD,red,567.3511293634497,13.15
T4_NC_w4_PD,T4,Ci,NC,4,PD,red,569.199178644764,13.35
T4_NC_w4_PD,T4,Ci,NC,4,PD,red,571.047227926078,13.55
T4_NC_w4_PD,T4,Ci,NC,4,PD,red,572.8952772073922,13.75
T4_NC_w4_PD,T4,Ci,NC,4,PD,red,574.7433264887063,13.95
T4_NC_w4_PD,T4,Ci,NC,4,PD,red,576.5913757700205,14.15
T4_NC_w4_PD,T4,Ci,NC,4,PD,red,578.4394250513348,14.25
T4_NC_w4_PD,T4,Ci,NC,4,PD,red,580.2874743326489,14.3
T4_NC_w4_PD,T4,Ci,NC,4,PD,red,582.1355236139631,14.3
T4_NC_w4_PD,T4,Ci,NC,4,PD,red,583.9835728952771,14.25
T4_NC_w4_PD,T4,Ci,NC,4,PD,red,585.8316221765914,14.25
T4_NC_w4_PD,T4,Ci,NC,4,PD,red,587.6796714579056,14.5
T4_NC_w4_PD,T4,Ci,NC,4,PD,red,589.5277207392197,14.65
T4_NC_w4_PD,T4,Ci,NC,4,PD,red,591.3757700205339,14.75
T4_NC_w4_PD,T4,Ci,NC,4,PD,red,593.2238193018482,15.0
T4_NC_w4_PD,T4,Ci,NC,4,PD,red,595.0718685831622,15.2
T4_NC_w4_PD,T4,Ci,NC,4,PD,red,596.9199178644764,15.25
T4_NC_w4_PD,T4,Ci,NC,4,PD,red,598.7679671457905,15.25
T4_NC_w4_PD,T4,Ci,NC,4,PD,red,600.6160164271047,15.5
T4_NC_w4_PD,T4,Ci,NC,4,PD,red,602.464065708419,15.65
T4_NC_w4_PD,T4,Ci,NC,4,PD,red,604.3121149897331,15.7
T4_NC_w4_PD,T4,Ci,NC,4,PD,red,606.1601642710472,15.9
T4_NC_w4_PD,T4,Ci,NC,4,PD,red,608.0082135523613,16.15
T4_NC_w4_PD,T4,Ci,NC,4,PD,red,609.8562628336756,16.25
T4_NC_w4_PD,T4,Ci,NC,4,PD,red,611.7043121149898,16.35
T4_NC_w4_PD,T4,Ci,NC,4,PD,red,613.5523613963039,16.45
T4_NC_w4_PD,T4,Ci,NC,4,PD,red,615.4004106776181,16.55
T4_NC_w4_PD,T4,Ci,NC,4,PD,red,617.2484599589322,16.6
T4_NC_w4_PD,T4,Ci,NC,4,PD,red,619.0965092402464,16.6
T4_NC_w4_PD,T4,Ci,NC,4,PD,red,620.9445585215606,16.45
T4_NC_w4_PD,T4,Ci,NC,4,PD,red,622.7926078028747,16.3
T4_NC_w4_PD,T4,Ci,NC,4,PD,red,624.6406570841889,16.2
T4_NC_w4_PD,T4,Ci,NC,4,PD,red,626.4887063655032,16.05
T4_NC_w4_PD,T4,Ci,NC,4,PD,red,628.3367556468173,16.0
T4_NC_w4_PD,T4,Ci,NC,4,PD,red,630.1848049281314,16.0
T4_NC_w4_PD,T4,Ci,NC,4,PD,red,632.0328542094455,15.95
T4_NC_w4_PD,T4,Ci,NC,4,PD,red,633.8809034907597,15.9
T4_NC_w4_PD,T4,Ci,NC,4,PD,red,635.728952772074,15.85
T4_NC_w4_PD,T4,Ci,NC,4,PD,red,637.5770020533881,15.8
T4_NC_w4_PD,T4,Ci,NC,4,PD,red,639.4250513347023,15.8
T4_NC_w4_PD,T4,Ci,NC,4,PD,red,641.2731006160163,15.8
T4_NC_w4_PD,T4,Ci,NC,4,PD,red,643.1211498973306,15.85
T4_NC_w4_PD,T4,Ci,NC,4,PD,red,644.9691991786448,15.85
T4_NC_w4_PD,T4,Ci,NC,4,PD,red,646.8172484599589,15.8
T4_NC_w4_PD,T4,Ci,NC,4,PD,red,648.6652977412731,15.65
T4_NC_w4_PD,T4,Ci,NC,4,PD,red,650.5133470225874,15.5
T4_NC_w4_PD,T4,Ci,NC,4,PD,red,652.3613963039014,15.35
T4_NC_w4_PD,T4,Ci,NC,4,PD,red,654.2094455852156,15.15
T4_NC_w4_PD,T4,Ci,NC,4,PD,red,656.0574948665297,14.95
T4_NC_w4_PD,T4,Ci,NC,4,PD,red,657.9055441478439,14.75
T4_NC_w4_PD,T4,Ci,NC,4,PD,red,659.7535934291582,14.65
T4_NC_w4_PD,T4,Ci,NC,4,PD,red,661.6016427104723,14.5
T4_NC_w4_PD,T4,Ci,NC,4,PD,red,663.4496919917865,14.4
T4_NC_w4_PD,T4,Ci,NC,4,PD,red,665.2977412731005,14.4
T4_NC_w4_PD,T4,Ci,NC,4,PD,red,667.1457905544148,14.35
T4_NC_w4_PD,T4,Ci,NC,4,PD,red,668.993839835729,14.3
T4_NC_w4_PD,T4,Ci,NC,4,PD,red,670.8418891170431,14.25
T4_NC_w4_PD,T4,Ci,NC,4,PD,red,672.6899383983573,14.15
T4_NC_w4_PD,T4,Ci,NC,4,PD,red,674.5379876796715,13.9
T4_NC_w4_PD,T4,Ci,NC,4,PD,red,676.3860369609856,13.8
T4_NC_w4_PD,T4,Ci,NC,4,PD,red,678.2340862422998,13.7
T4_NC_w4_PD,T4,Ci,NC,4,PD,red,680.0821355236139,13.7
T4_NC_w4_PD,T4,Ci,NC,4,PD,red,681.9301848049281,13.7
T4_NC_w4_PD,T4,Ci,NC,4,PD,red,683.7782340862424,13.7
T4_NC_w4_PD,T4,Ci,NC,4,PD,red,685.6262833675565,13.65
T4_NC_w4_PD,T4,Ci,NC,4,PD,red,687.4743326488706,13.6
T4_NC_w4_PD,T4,Ci,NC,4,PD,red,689.3223819301847,13.45
T4_NC_w4_PD,T4,Ci,NC,4,PD,red,691.1704312114989,13.35
T4_NC_w4_PD,T4,Ci,NC,4,PD,red,693.0184804928132,13.15
T4_NC_w4_PD,T4,Ci,NC,4,PD,red,694.8665297741273,13.0
T4_NC_w4_PD,T4,Ci,NC,4,PD,red,696.7145790554415,12.85
T4_NC_w4_PD,T4,Ci,NC,4,PD,red,698.5626283367557,12.75
T4_NC_w4_PD,T4,Ci,NC,4,PD,red,700.4106776180698,12.65
T4_NC_w4_PD,T4,Ci,NC,4,PD,red,702.258726899384,12.55
T4_NC_w4_PD,T4,Ci,NC,4,PD,red,704.1067761806981,12.55
T4_NC_w4_PD,T4,Ci,NC,4,PD,red,705.9548254620123,12.55
T4_NC_w4_PD,T4,Ci,NC,4,PD,red,707.8028747433266,12.5
T4_NC_w4_PD,T4,Ci,NC,4,PD,red,709.6509240246406,12.35
T4_NC_w4_PD,T4,Ci,NC,4,PD,red,711.4989733059548,12.15
T4_NC_w4_PD,T4,Ci,NC,4,PD,red,713.347022587269,12.0
T4_NC_w4_PD,T4,Ci,NC,4,PD,red,715.1950718685831,11.8
T4_NC_w4_PD,T4,Ci,NC,4,PD,red,717.0431211498974,11.6
T4_NC_w4_PD,T4,Ci,NC,4,PD,red,718.8911704312115,11.45
T4_NC_w4_PD,T4,Ci,NC,4,PD,red,720.7392197125257,11.35
T4_NC_w4_PD,T4,Ci,NC,4,PD,red,722.5872689938398,11.25
T4_NC_w4_PD,T4,Ci,NC,4,PD,red,724.435318275154,11.15
T4_NC_w4_PD,T4,Ci,NC,4,PD,red,726.2833675564682,11.15
T4_NC_w4_PD,T4,Ci,NC,4,PD,red,728.1314168377824,11.1
T4_NC_w4_PD,T4,Ci,NC,4,PD,red,729.9794661190965,11.1
T4_NC_w4_PD,T4,Ci,NC,4,PD,red,731.8275154004107,11.0
T4_NC_w4_PD,T4,Ci,NC,4,PD,red,733.6755646817248,11.0
T4_NC_w4_PD,T4,Ci,NC,4,PD,red,735.523613963039,11.0
T4_NC_w4_PD,T4,Ci,NC,4,PD,red,737.3716632443532,11.05
T4_NC_w4_PD,T4,Ci,NC,4,PD,red,739.2197125256673,11.05
T4_NC_w4_PD,T4,Ci,NC,4,PD,red,741.0677618069816,11.0
T4_NC_w4_PD,T4,Ci,NC,4,PD,red,742.9158110882958,10.9
T4_NC_w4_PD,T4,Ci,NC,4,PD,red,744.7638603696098,10.7
T4_NC_w4_PD,T4,Ci,NC,4,PD,red,746.611909650924,10.6
T4_NC_w4_PD,T4,Ci,NC,4,PD,red,748.4599589322381,10.5
T4_NC_w4_PD,T4,Ci,NC,4,PD,red,750.3080082135524,10.4
T4_NC_w4_PD,T4,Ci,NC,4,PD,red,752.1560574948666,10.35
T4_NC_w4_PD,T4,Ci,NC,4,PD,red,754.0041067761807,10.35
T4_NC_w4_PD,T4,Ci,NC,4,PD,red,755.8521560574949,10.35
T4_NC_w4_PD,T4,Ci,NC,4,PD,red,757.700205338809,10.35
T4_NC_w4_PD,T4,Ci,NC,4,PD,red,759.5482546201232,10.35
T4_NC_w4_PD,T4,Ci,NC,4,PD,red,761.3963039014374,10.25
T4_NC_w4_PD,T4,Ci,NC,4,PD,red,763.2443531827515,10.25
T4_NC_w4_PD,T4,Ci,NC,4,PD,red,765.0924024640658,10.25
T4_NC_w4_PD,T4,Ci,NC,4,PD,red,766.94045174538,10.25
T4_NC_w4_PD,T4,Ci,NC,4,PD,red,768.788501026694,10.2
T4_NC_w4_PD,T4,Ci,NC,4,PD,red,770.6365503080082,10.2
T4_NC_w4_PD,T4,Ci,NC,4,PD,red,772.4845995893223,10.1
T4_NC_w4_PD,T4,Ci,NC,4,PD,red,774.3326488706366,9.95
T4_NC_w4_PD,T4,Ci,NC,4,PD,red,776.1806981519508,9.8
T4_NC_w4_PD,T4,Ci,NC,4,PD,red,778.0287474332649,9.6
T4_NC_w4_PD,T4,Ci,NC,4,PD,red,779.876796714579,9.45
T4_NC_w4_PD,T4,Ci,NC,4,PD,red,781.7248459958932,9.25
T4_NC_w4_PD,T4,Ci,NC,4,PD,red,783.5728952772074,9.05
T4_NC_w4_PD,T4,Ci,NC,4,PD,red,785.4209445585216,8.95
T4_NC_w4_PD,T4,Ci,NC,4,PD,red,787.2689938398357,8.85
T4_NC_w4_PD,T4,Ci,NC,4,PD,red,789.1170431211499,8.85
T4_NC_w4_PD,T4,Ci,NC,4,PD,red,790.965092402464,8.8
T4_NC_w4_PD,T4,Ci,NC,4,PD,red,792.8131416837782,8.75
T4_NC_w4_PD,T4,Ci,NC,4,PD,red,794.6611909650924,8.7
T4_NC_w4_PD,T4,Ci,NC,4,PD,red,796.5092402464065,8.55
T4_NC_w4_PD,T4,Ci,NC,4,PD,red,798.3572895277208,8.45
T4_NC_w4_PD,T4,Ci,NC,4,PD,red,800.205338809035,8.4
T4_NC_w4_PD,T4,Ci,NC,4,PD,red,802.053388090349,8.25
T4_NC_w4_PD,T4,Ci,NC,4,PD,red,803.9014373716632,8.1
T4_NC_w4_PD,T4,Ci,NC,4,PD,red,805.7494866529773,8.05
T4_NC_w4_PD,T4,Ci,NC,4,PD,red,807.5975359342916,7.95
T4_NC_w4_PD,T4,Ci,NC,4,PD,red,809.4455852156058,7.8
T4_NC_w4_PD,T4,Ci,NC,4,PD,red,811.2936344969199,7.75
T4_NC_w4_PD,T4,Ci,NC,4,PD,red,813.1416837782341,7.7
T4_NC_w4_PD,T4,Ci,NC,4,PD,red,814.9897330595483,7.6
T4_NC_w4_PD,T4,Ci,NC,4,PD,red,816.8377823408624,7.6
T4_NC_w4_PD,T4,Ci,NC,4,PD,red,818.6858316221766,7.65
T4_NC_w4_PD,T4,Ci,NC,4,PD,red,820.5338809034907,7.65
T4_NC_w4_PD,T4,Ci,NC,4,PD,red,822.381930184805,7.65
T4_NC_w4_PD,T4,Ci,NC,4,PD,red,824.2299794661192,7.6
T4_NC_w4_PD,T4,Ci,NC,4,PD,red,826.0780287474332,7.5
T4_NC_w4_PD,T4,Ci,NC,4,PD,red,827.9260780287474,7.5
T4_NC_w4_PD,T4,Ci,NC,4,PD,red,829.7741273100615,7.6
T4_NC_w4_PD,T4,Ci,NC,4,PD,red,831.6221765913758,7.6
T4_NC_w4_PD,T4,Ci,NC,4,PD,red,833.47022587269,7.45
T4_NC_w4_PD,T4,Ci,NC,4,PD,red,835.3182751540041,7.4
T4_NC_w4_PD,T4,Ci,NC,4,PD,red,837.1663244353182,7.3
T4_NC_w4_PD,T4,Ci,NC,4,PD,red,839.0143737166325,7.1
T4_NC_w4_PD,T4,Ci,NC,4,PD,red,840.8624229979466,6.95
T4_NC_w4_PD,T4,Ci,NC,4,PD,red,842.7104722792608,6.8
T4_NC_w4_PD,T4,Ci,NC,4,PD,red,844.558521560575,6.7
T4_NC_w4_PD,T4,Ci,NC,4,PD,red,846.4065708418891,6.65
T4_NC_w4_PD,T4,Ci,NC,4,PD,red,848.2546201232033,6.5
T4_NC_w4_PD,T4,Ci,NC,4,PD,red,850.1026694045174,6.4
T4_NC_w4_PD,T4,Ci,NC,4,PD,red,851.9507186858316,6.35
T4_NC_w4_PD,T4,Ci,NC,4,PD,red,853.7987679671457,6.2
T4_NC_w4_PD,T4,Ci,NC,4,PD,red,855.64681724846,6.05
T4_NC_w4_PD,T4,Ci,NC,4,PD,red,857.4948665297742,5.9
T4_NC_w4_PD,T4,Ci,NC,4,PD,red,859.3429158110883,5.8
T4_NC_w4_PD,T4,Ci,NC,4,PD,red,861.1909650924024,5.75
T4_NC_w4_PD,T4,Ci,NC,4,PD,red,863.0390143737166,5.75
T4_NC_w4_PD,T4,Ci,NC,4,PD,red,864.8870636550308,5.75
T4_NC_w4_PD,T4,Ci,NC,4,PD,red,866.735112936345,5.8
T4_NC_w4_PD,T4,Ci,NC,4,PD,red,868.5831622176592,5.8
T4_NC_w4_PD,T4,Ci,NC,4,PD,red,870.4312114989733,5.8
T4_NC_w4_PD,T4,Ci,NC,4,PD,red,872.2792607802875,5.7
T4_NC_w4_PD,T4,Ci,NC,4,PD,red,874.1273100616016,5.7
T4_NC_w4_PD,T4,Ci,NC,4,PD,red,875.9753593429158,5.6
T4_NC_w4_PD,T4,Ci,NC,4,PD,red,877.82340862423,5.5
T4_NC_w4_PD,T4,Ci,NC,4,PD,red,879.6714579055442,5.4
T4_NC_w4_PD,T4,Ci,NC,4,PD,red,881.5195071868584,5.35
T4_NC_w4_PD,T4,Ci,NC,4,PD,red,883.3675564681724,5.2
T4_NC_w4_PD,T4,Ci,NC,4,PD,red,885.2156057494866,5.1
T4_NC_w4_PD,T4,Ci,NC,4,PD,red,887.0636550308008,5.1
T4_NC_w4_PD,T4,Ci,NC,4,PD,red,888.911704312115,5.05
T4_NC_w4_PD,T4,Ci,NC,4,PD,red,890.7597535934292,4.95
T4_NC_w4_PD,T4,Ci,NC,4,PD,red,892.6078028747434,4.95
T4_NC_w4_PD,T4,Ci,NC,4,PD,red,894.4558521560575,4.95
T4_NC_w4_PD,T4,Ci,NC,4,PD,red,896.3039014373717,4.9
T4_NC_w4_PD,T4,Ci,NC,4,PD,red,898.1519507186858,4.8
T4_NC_w4_PD,T4,Ci,NC,4,PD,red,900.0,4.8
T4_NC_w4_ND,T4,Ci,NC,4,ND,blue,0.0,0.0
T4_NC_w4_ND,T4,Ci,NC,4,ND,blue,1.8480492813141685,-0.1
T4_NC_w4_ND,T4,Ci,NC,4,ND,blue,3.696098562628337,-0.1
T4_NC_w4_ND,T4,Ci,NC,4,ND,blue,5.544147843942505,-0.1
T4_NC_w4_ND,T4,Ci,NC,4,ND,blue,7.392197125256674,-0.1
T4_NC_w4_ND,T4,Ci,NC,4,ND,blue,9.240246406570842,-0.05
T4_NC_w4_ND,T4,Ci,NC,4,ND,blue,11.08829568788501,0.0
T4_NC_w4_ND,T4,Ci,NC,4,ND,blue,12.936344969199178,0.05
T4_NC_w4_ND,T4,Ci,NC,4,ND,blue,14.784394250513348,0.1
T4_NC_w4_ND,T4,Ci,NC,4,ND,blue,16.632443531827516,0.1
T4_NC_w4_ND,T4,Ci,NC,4,ND,blue,18.480492813141684,0.15
T4_NC_w4_ND,T4,Ci,NC,4,ND,blue,20.328542094455855,0.2
T4_NC_w4_ND,T4,Ci,NC,4,ND,blue,22.17659137577002,0.2
T4_NC_w4_ND,T4,Ci,NC,4,ND,blue,24.024640657084188,0.15
T4_NC_w4_ND,T4,Ci,NC,4,ND,blue,25.872689938398356,0.1
T4_NC_w4_ND,T4,Ci,NC,4,ND,blue,27.720739219712524,0.1
T4_NC_w4_ND,T4,Ci,NC,4,ND,blue,29.568788501026695,0.1
T4_NC_w4_ND,T4,Ci,NC,4,ND,blue,31.41683778234086,0.0
T4_NC_w4_ND,T4,Ci,NC,4,ND,blue,33.26488706365503,0.0
T4_NC_w4_ND,T4,Ci,NC,4,ND,blue,35.1129363449692,0.0
T4_NC_w4_ND,T4,Ci,NC,4,ND,blue,36.96098562628337,0.0
T4_NC_w4_ND,T4,Ci,NC,4,ND,blue,38.809034907597535,-0.1
T4_NC_w4_ND,T4,Ci,NC,4,ND,blue,40.65708418891171,-0.1
T4_NC_w4_ND,T4,Ci,NC,4,ND,blue,42.50513347022587,-0.15
T4_NC_w4_ND,T4,Ci,NC,4,ND,blue,44.35318275154004,-0.2
T4_NC_w4_ND,T4,Ci,NC,4,ND,blue,46.20123203285421,-0.2
T4_NC_w4_ND,T4,Ci,NC,4,ND,blue,48.049281314168375,-0.2
T4_NC_w4_ND,T4,Ci,NC,4,ND,blue,49.89733059548255,-0.2
T4_NC_w4_ND,T4,Ci,NC,4,ND,blue,51.74537987679671,-0.25
T4_NC_w4_ND,T4,Ci,NC,4,ND,blue,53.59342915811089,-0.3
T4_NC_w4_ND,T4,Ci,NC,4,ND,blue,55.44147843942505,-0.35
T4_NC_w4_ND,T4,Ci,NC,4,ND,blue,57.28952772073922,-0.35
T4_NC_w4_ND,T4,Ci,NC,4,ND,blue,59.13757700205339,-0.3
T4_NC_w4_ND,T4,Ci,NC,4,ND,blue,60.98562628336756,-0.25
T4_NC_w4_ND,T4,Ci,NC,4,ND,blue,62.83367556468172,-0.2
T4_NC_w4_ND,T4,Ci,NC,4,ND,blue,64.68172484599589,-0.2
T4_NC_w4_ND,T4,Ci,NC,4,ND,blue,66.52977412731006,-0.3
T4_NC_w4_ND,T4,Ci,NC,4,ND,blue,68.37782340862424,-0.3
T4_NC_w4_ND,T4,Ci,NC,4,ND,blue,70.2258726899384,-0.2
T4_NC_w4_ND,T4,Ci,NC,4,ND,blue,72.07392197125256,-0.2
T4_NC_w4_ND,T4,Ci,NC,4,ND,blue,73.92197125256673,-0.2
T4_NC_w4_ND,T4,Ci,NC,4,ND,blue,75.7700205338809,-0.2
T4_NC_w4_ND,T4,Ci,NC,4,ND,blue,77.61806981519507,-0.2
T4_NC_w4_ND,T4,Ci,NC,4,ND,blue,79.46611909650925,-0.2
T4_NC_w4_ND,T4,Ci,NC,4,ND,blue,81.31416837782342,-0.3
T4_NC_w4_ND,T4,Ci,NC,4,ND,blue,83.16221765913757,-0.3
T4_NC_w4_ND,T4,Ci,NC,4,ND,blue,85.01026694045174,-0.3
T4_NC_w4_ND,T4,Ci,NC,4,ND,blue,86.85831622176592,-0.3
T4_NC_w4_ND,T4,Ci,NC,4,ND,blue,88.70636550308008,-0.3
T4_NC_w4_ND,T4,Ci,NC,4,ND,blue,90.55441478439425,-0.35
T4_NC_w4_ND,T4,Ci,NC,4,ND,blue,92.40246406570841,-0.4
T4_NC_w4_ND,T4,Ci,NC,4,ND,blue,94.25051334702259,-0.4
T4_NC_w4_ND,T4,Ci,NC,4,ND,blue,96.09856262833675,-0.4
T4_NC_w4_ND,T4,Ci,NC,4,ND,blue,97.94661190965093,-0.45
T4_NC_w4_ND,T4,Ci,NC,4,ND,blue,99.7946611909651,-0.55
T4_NC_w4_ND,T4,Ci,NC,4,ND,blue,101.64271047227926,-0.6
T4_NC_w4_ND,T4,Ci,NC,4,ND,blue,103.49075975359342,-0.65
T4_NC_w4_ND,T4,Ci,NC,4,ND,blue,105.3388090349076,-0.7
T4_NC_w4_ND,T4,Ci,NC,4,ND,blue,107.18685831622177,-0.75
T4_NC_w4_ND,T4,Ci,NC,4,ND,blue,109.03490759753593,-0.75
T4_NC_w4_ND,T4,Ci,NC,4,ND,blue,110.8829568788501,-0.75
T4_NC_w4_ND,T4,Ci,NC,4,ND,blue,112.73100616016427,-0.7
T4_NC_w4_ND,T4,Ci,NC,4,ND,blue,114.57905544147845,-0.7
T4_NC_w4_ND,T4,Ci,NC,4,ND,blue,116.4271047227926,-0.7
T4_NC_w4_ND,T4,Ci,NC,4,ND,blue,118.27515400410678,-0.7
T4_NC_w4_ND,T4,Ci,NC,4,ND,blue,120.12320328542096,-0.7
T4_NC_w4_ND,T4,Ci,NC,4,ND,blue,121.97125256673512,-0.7
T4_NC_w4_ND,T4,Ci,NC,4,ND,blue,123.81930184804929,-0.65
T4_NC_w4_ND,T4,Ci,NC,4,ND,blue,125.66735112936344,-0.55
T4_NC_w4_ND,T4,Ci,NC,4,ND,blue,127.51540041067761,-0.5
T4_NC_w4_ND,T4,Ci,NC,4,ND,blue,129.36344969199178,-0.4
T4_NC_w4_ND,T4,Ci,NC,4,ND,blue,131.21149897330596,-0.4
T4_NC_w4_ND,T4,Ci,NC,4,ND,blue,133.05954825462013,-0.35
T4_NC_w4_ND,T4,Ci,NC,4,ND,blue,134.9075975359343,-0.3
T4_NC_w4_ND,T4,Ci,NC,4,ND,blue,136.75564681724848,-0.3
T4_NC_w4_ND,T4,Ci,NC,4,ND,blue,138.60369609856264,-0.3
T4_NC_w4_ND,T4,Ci,NC,4,ND,blue,140.4517453798768,-0.3
T4_NC_w4_ND,T4,Ci,NC,4,ND,blue,142.299794661191,-0.3
T4_NC_w4_ND,T4,Ci,NC,4,ND,blue,144.14784394250512,-0.3
T4_NC_w4_ND,T4,Ci,NC,4,ND,blue,145.99589322381928,-0.3
T4_NC_w4_ND,T4,Ci,NC,4,ND,blue,147.84394250513347,-0.3
T4_NC_w4_ND,T4,Ci,NC,4,ND,blue,149.69199178644763,-0.3
T4_NC_w4_ND,T4,Ci,NC,4,ND,blue,151.5400410677618,-0.3
T4_NC_w4_ND,T4,Ci,NC,4,ND,blue,153.38809034907598,-0.3
T4_NC_w4_ND,T4,Ci,NC,4,ND,blue,155.23613963039014,-0.25
T4_NC_w4_ND,T4,Ci,NC,4,ND,blue,157.08418891170433,-0.15
T4_NC_w4_ND,T4,Ci,NC,4,ND,blue,158.9322381930185,-0.15
T4_NC_w4_ND,T4,Ci,NC,4,ND,blue,160.78028747433265,-0.05
T4_NC_w4_ND,T4,Ci,NC,4,ND,blue,162.62833675564684,0.0
T4_NC_w4_ND,T4,Ci,NC,4,ND,blue,164.47638603696097,0.0
T4_NC_w4_ND,T4,Ci,NC,4,ND,blue,166.32443531827514,0.0
T4_NC_w4_ND,T4,Ci,NC,4,ND,blue,168.17248459958932,0.05
T4_NC_w4_ND,T4,Ci,NC,4,ND,blue,170.02053388090349,0.1
T4_NC_w4_ND,T4,Ci,NC,4,ND,blue,171.86858316221765,0.1
T4_NC_w4_ND,T4,Ci,NC,4,ND,blue,173.71663244353184,0.05
T4_NC_w4_ND,T4,Ci,NC,4,ND,blue,175.564681724846,0.0
T4_NC_w4_ND,T4,Ci,NC,4,ND,blue,177.41273100616016,0.0
T4_NC_w4_ND,T4,Ci,NC,4,ND,blue,179.26078028747435,0.1
T4_NC_w4_ND,T4,Ci,NC,4,ND,blue,181.1088295687885,0.1
T4_NC_w4_ND,T4,Ci,NC,4,ND,blue,182.95687885010267,0.05
T4_NC_w4_ND,T4,Ci,NC,4,ND,blue,184.80492813141683,0.0
T4_NC_w4_ND,T4,Ci,NC,4,ND,blue,186.652977412731,0.0
T4_NC_w4_ND,T4,Ci,NC,4,ND,blue,188.50102669404518,0.0
T4_NC_w4_ND,T4,Ci,NC,4,ND,blue,190.34907597535934,0.0
T4_NC_w4_ND,T4,Ci,NC,4,ND,blue,192.1971252566735,0.0
T4_NC_w4_ND,T4,Ci,NC,4,ND,blue,194.0451745379877,0.0
T4_NC_w4_ND,T4,Ci,NC,4,ND,blue,195.89322381930185,-0.1
T4_NC_w4_ND,T4,Ci,NC,4,ND,blue,197.741273100616,-0.1
T4_NC_w4_ND,T4,Ci,NC,4,ND,blue,199.5893223819302,-0.05
T4_NC_w4_ND,T4,Ci,NC,4,ND,blue,201.43737166324433,0.0
T4_NC_w4_ND,T4,Ci,NC,4,ND,blue,203.28542094455852,0.1
T4_NC_w4_ND,T4,Ci,NC,4,ND,blue,205.13347022587268,0.15
T4_NC_w4_ND,T4,Ci,NC,4,ND,blue,206.98151950718685,0.25
T4_NC_w4_ND,T4,Ci,NC,4,ND,blue,208.82956878850104,0.3
T4_NC_w4_ND,T4,Ci,NC,4,ND,blue,210.6776180698152,0.3
T4_NC_w4_ND,T4,Ci,NC,4,ND,blue,212.52566735112936,0.35
T4_NC_w4_ND,T4,Ci,NC,4,ND,blue,214.37371663244355,0.4
T4_NC_w4_ND,T4,Ci,NC,4,ND,blue,216.2217659137577,0.4
T4_NC_w4_ND,T4,Ci,NC,4,ND,blue,218.06981519507187,0.35
T4_NC_w4_ND,T4,Ci,NC,4,ND,blue,219.91786447638606,0.35
T4_NC_w4_ND,T4,Ci,NC,4,ND,blue,221.7659137577002,0.35
T4_NC_w4_ND,T4,Ci,NC,4,ND,blue,223.61396303901438,0.35
T4_NC_w4_ND,T4,Ci,NC,4,ND,blue,225.46201232032854,0.3
T4_NC_w4_ND,T4,Ci,NC,4,ND,blue,227.31006160164273,0.3
T4_NC_w4_ND,T4,Ci,NC,4,ND,blue,229.1581108829569,0.3
T4_NC_w4_ND,T4,Ci,NC,4,ND,blue,231.00616016427102,0.3
T4_NC_w4_ND,T4,Ci,NC,4,ND,blue,232.8542094455852,0.3
T4_NC_w4_ND,T4,Ci,NC,4,ND,blue,234.70225872689937,0.3
T4_NC_w4_ND,T4,Ci,NC,4,ND,blue,236.55030800821356,0.35
T4_NC_w4_ND,T4,Ci,NC,4,ND,blue,238.3983572895277,0.35
T4_NC_w4_ND,T4,Ci,NC,4,ND,blue,240.2464065708419,0.4
T4_NC_w4_ND,T4,Ci,NC,4,ND,blue,242.09445585215605,0.4
T4_NC_w4_ND,T4,Ci,NC,4,ND,blue,243.94250513347023,0.45
T4_NC_w4_ND,T4,Ci,NC,4,ND,blue,245.7905544147844,0.5
T4_NC_w4_ND,T4,Ci,NC,4,ND,blue,247.63860369609858,0.5
T4_NC_w4_ND,T4,Ci,NC,4,ND,blue,249.48665297741275,0.5
T4_NC_w4_ND,T4,Ci,NC,4,ND,blue,251.33470225872688,0.55
T4_NC_w4_ND,T4,Ci,NC,4,ND,blue,253.18275154004107,0.6
T4_NC_w4_ND,T4,Ci,NC,4,ND,blue,255.03080082135523,0.65
T4_NC_w4_ND,T4,Ci,NC,4,ND,blue,256.8788501026694,0.75
T4_NC_w4_ND,T4,Ci,NC,4,ND,blue,258.72689938398355,0.8
T4_NC_w4_ND,T4,Ci,NC,4,ND,blue,260.57494866529777,0.85
T4_NC_w4_ND,T4,Ci,NC,4,ND,blue,262.42299794661193,0.9
T4_NC_w4_ND,T4,Ci,NC,4,ND,blue,264.2710472279261,0.9
T4_NC_w4_ND,T4,Ci,NC,4,ND,blue,266.11909650924025,0.9
T4_NC_w4_ND,T4,Ci,NC,4,ND,blue,267.9671457905544,0.9
T4_NC_w4_ND,T4,Ci,NC,4,ND,blue,269.8151950718686,0.95
T4_NC_w4_ND,T4,Ci,NC,4,ND,blue,271.66324435318273,1.0
T4_NC_w4_ND,T4,Ci,NC,4,ND,blue,273.51129363449695,1.05
T4_NC_w4_ND,T4,Ci,NC,4,ND,blue,275.35934291581106,1.1
T4_NC_w4_ND,T4,Ci,NC,4,ND,blue,277.2073921971253,1.15
T4_NC_w4_ND,T4,Ci,NC,4,ND,blue,279.05544147843943,1.25
T4_NC_w4_ND,T4,Ci,NC,4,ND,blue,280.9034907597536,1.35
T4_NC_w4_ND,T4,Ci,NC,4,ND,blue,282.75154004106776,1.35
T4_NC_w4_ND,T4,Ci,NC,4,ND,blue,284.599589322382,1.5
T4_NC_w4_ND,T4,Ci,NC,4,ND,blue,286.4476386036961,1.6
T4_NC_w4_ND,T4,Ci,NC,4,ND,blue,288.29568788501024,1.7
T4_NC_w4_ND,T4,Ci,NC,4,ND,blue,290.14373716632446,1.8
T4_NC_w4_ND,T4,Ci,NC,4,ND,blue,291.99178644763856,1.95
T4_NC_w4_ND,T4,Ci,NC,4,ND,blue,293.8398357289528,1.95
T4_NC_w4_ND,T4,Ci,NC,4,ND,blue,295.68788501026694,2.05
T4_NC_w4_ND,T4,Ci,NC,4,ND,blue,297.5359342915811,2.1
T4_NC_w4_ND,T4,Ci,NC,4,ND,blue,299.38398357289526,2.15
T4_NC_w4_ND,T4,Ci,NC,4,ND,blue,301.2320328542095,2.2
T4_NC_w4_ND,T4,Ci,NC,4,ND,blue,303.0800821355236,2.25
T4_NC_w4_ND,T4,Ci,NC,4,ND,blue,304.9281314168378,2.4
T4_NC_w4_ND,T4,Ci,NC,4,ND,blue,306.77618069815196,2.45
T4_NC_w4_ND,T4,Ci,NC,4,ND,blue,308.6242299794661,2.55
T4_NC_w4_ND,T4,Ci,NC,4,ND,blue,310.4722792607803,2.7
T4_NC_w4_ND,T4,Ci,NC,4,ND,blue,312.32032854209444,2.8
T4_NC_w4_ND,T4,Ci,NC,4,ND,blue,314.16837782340866,2.9
T4_NC_w4_ND,T4,Ci,NC,4,ND,blue,316.01642710472277,3.0
T4_NC_w4_ND,T4,Ci,NC,4,ND,blue,317.864476386037,3.1
T4_NC_w4_ND,T4,Ci,NC,4,ND,blue,319.71252566735114,3.25
T4_NC_w4_ND,T4,Ci,NC,4,ND,blue,321.5605749486653,3.35
T4_NC_w4_ND,T4,Ci,NC,4,ND,blue,323.40862422997947,3.45
T4_NC_w4_ND,T4,Ci,NC,4,ND,blue,325.2566735112937,3.6
T4_NC_w4_ND,T4,Ci,NC,4,ND,blue,327.1047227926078,3.7
T4_NC_w4_ND,T4,Ci,NC,4,ND,blue,328.95277207392195,3.8
T4_NC_w4_ND,T4,Ci,NC,4,ND,blue,330.80082135523617,3.9
T4_NC_w4_ND,T4,Ci,NC,4,ND,blue,332.64887063655027,4.0
T4_NC_w4_ND,T4,Ci,NC,4,ND,blue,334.4969199178645,4.05
T4_NC_w4_ND,T4,Ci,NC,4,ND,blue,336.34496919917865,4.05
T4_NC_w4_ND,T4,Ci,NC,4,ND,blue,338.1930184804928,4.15
T4_NC_w4_ND,T4,Ci,NC,4,ND,blue,340.04106776180697,4.2
T4_NC_w4_ND,T4,Ci,NC,4,ND,blue,341.8891170431212,4.25
T4_NC_w4_ND,T4,Ci,NC,4,ND,blue,343.7371663244353,4.35
T4_NC_w4_ND,T4,Ci,NC,4,ND,blue,345.58521560574945,4.4
T4_NC_w4_ND,T4,Ci,NC,4,ND,blue,347.4332648870637,4.5
T4_NC_w4_ND,T4,Ci,NC,4,ND,blue,349.28131416837783,4.6
T4_NC_w4_ND,T4,Ci,NC,4,ND,blue,351.129363449692,4.7
T4_NC_w4_ND,T4,Ci,NC,4,ND,blue,352.97741273100615,4.8
T4_NC_w4_ND,T4,Ci,NC,4,ND,blue,354.8254620123203,4.85
T4_NC_w4_ND,T4,Ci,NC,4,ND,blue,356.6735112936345,4.85
T4_NC_w4_ND,T4,Ci,NC,4,ND,blue,358.5215605749487,4.9
T4_NC_w4_ND,T4,Ci,NC,4,ND,blue,360.36960985626285,4.95
T4_NC_w4_ND,T4,Ci,NC,4,ND,blue,362.217659137577,4.95
T4_NC_w4_ND,T4,Ci,NC,4,ND,blue,364.0657084188912,5.0
T4_NC_w4_ND,T4,Ci,NC,4,ND,blue,365.91375770020534,5.0
T4_NC_w4_ND,T4,Ci,NC,4,ND,blue,367.7618069815195,4.95
T4_NC_w4_ND,T4,Ci,NC,4,ND,blue,369.60985626283366,4.9
T4_NC_w4_ND,T4,Ci,NC,4,ND,blue,371.4579055441479,4.9
T4_NC_w4_ND,T4,Ci,NC,4,ND,blue,373.305954825462,4.9
T4_NC_w4_ND,T4,Ci,NC,4,ND,blue,375.1540041067762,4.9
T4_NC_w4_ND,T4,Ci,NC,4,ND,blue,377.00205338809036,4.9
T4_NC_w4_ND,T4,Ci,NC,4,ND,blue,378.8501026694045,4.9
T4_NC_w4_ND,T4,Ci,NC,4,ND,blue,380.6981519507187,4.9
T4_NC_w4_ND,T4,Ci,NC,4,ND,blue,382.5462012320329,4.9
T4_NC_w4_ND,T4,Ci,NC,4,ND,blue,384.394250513347,4.9
T4_NC_w4_ND,T4,Ci,NC,4,ND,blue,386.24229979466116,4.9
T4_NC_w4_ND,T4,Ci,NC,4,ND,blue,388.0903490759754,4.8
T4_NC_w4_ND,T4,Ci,NC,4,ND,blue,389.9383983572895,4.7
T4_NC_w4_ND,T4,Ci,NC,4,ND,blue,391.7864476386037,4.6
T4_NC_w4_ND,T4,Ci,NC,4,ND,blue,393.63449691991786,4.5
T4_NC_w4_ND,T4,Ci,NC,4,ND,blue,395.482546201232,4.4
T4_NC_w4_ND,T4,Ci,NC,4,ND,blue,397.3305954825462,4.3
T4_NC_w4_ND,T4,Ci,NC,4,ND,blue,399.1786447638604,4.2
T4_NC_w4_ND,T4,Ci,NC,4,ND,blue,401.0266940451745,4.1
T4_NC_w4_ND,T4,Ci,NC,4,ND,blue,402.87474332648867,4.0
T4_NC_w4_ND,T4,Ci,NC,4,ND,blue,404.7227926078029,3.95
T4_NC_w4_ND,T4,Ci,NC,4,ND,blue,406.57084188911705,3.85
T4_NC_w4_ND,T4,Ci,NC,4,ND,blue,408.4188911704312,3.7
T4_NC_w4_ND,T4,Ci,NC,4,ND,blue,410.26694045174537,3.65
T4_NC_w4_ND,T4,Ci,NC,4,ND,blue,412.1149897330596,3.6
T4_NC_w4_ND,T4,Ci,NC,4,ND,blue,413.9630390143737,3.45
T4_NC_w4_ND,T4,Ci,NC,4,ND,blue,415.8110882956879,3.4
T4_NC_w4_ND,T4,Ci,NC,4,ND,blue,417.65913757700207,3.4
T4_NC_w4_ND,T4,Ci,NC,4,ND,blue,419.50718685831623,3.4
T4_NC_w4_ND,T4,Ci,NC,4,ND,blue,421.3552361396304,3.35
T4_NC_w4_ND,T4,Ci,NC,4,ND,blue,423.20328542094455,3.3
T4_NC_w4_ND,T4,Ci,NC,4,ND,blue,425.0513347022587,3.25
T4_NC_w4_ND,T4,Ci,NC,4,ND,blue,426.8993839835729,3.15
T4_NC_w4_ND,T4,Ci,NC,4,ND,blue,428.7474332648871,3.1
T4_NC_w4_ND,T4,Ci,NC,4,ND,blue,430.5954825462012,3.0
T4_NC_w4_ND,T4,Ci,NC,4,ND,blue,432.4435318275154,2.95
T4_NC_w4_ND,T4,Ci,NC,4,ND,blue,434.2915811088296,2.85
T4_NC_w4_ND,T4,Ci,NC,4,ND,blue,436.13963039014374,2.8
T4_NC_w4_ND,T4,Ci,NC,4,ND,blue,437.9876796714579,2.75
T4_NC_w4_ND,T4,Ci,NC,4,ND,blue,439.8357289527721,2.65
T4_NC_w4_ND,T4,Ci,NC,4,ND,blue,441.6837782340862,2.6
T4_NC_w4_ND,T4,Ci,NC,4,ND,blue,443.5318275154004,2.45
T4_NC_w4_ND,T4,Ci,NC,4,ND,blue,445.3798767967146,2.45
T4_NC_w4_ND,T4,Ci,NC,4,ND,blue,447.22792607802876,2.35
T4_NC_w4_ND,T4,Ci,NC,4,ND,blue,449.0759753593429,2.25
T4_NC_w4_ND,T4,Ci,NC,4,ND,blue,450.9240246406571,2.25
T4_NC_w4_ND,T4,Ci,NC,4,ND,blue,452.77207392197124,2.15
T4_NC_w4_ND,T4,Ci,NC,4,ND,blue,454.62012320328546,2.15
T4_NC_w4_ND,T4,Ci,NC,4,ND,blue,456.4681724845996,2.2
T4_NC_w4_ND,T4,Ci,NC,4,ND,blue,458.3162217659138,2.2
T4_NC_w4_ND,T4,Ci,NC,4,ND,blue,460.1642710472279,2.15
T4_NC_w4_ND,T4,Ci,NC,4,ND,blue,462.01232032854205,2.15
T4_NC_w4_ND,T4,Ci,NC,4,ND,blue,463.8603696098563,2.2
T4_NC_w4_ND,T4,Ci,NC,4,ND,blue,465.7084188911704,2.25
T4_NC_w4_ND,T4,Ci,NC,4,ND,blue,467.5564681724846,2.35
T4_NC_w4_ND,T4,Ci,NC,4,ND,blue,469.40451745379875,2.4
T4_NC_w4_ND,T4,Ci,NC,4,ND,blue,471.25256673511296,2.4
T4_NC_w4_ND,T4,Ci,NC,4,ND,blue,473.1006160164271,2.4
T4_NC_w4_ND,T4,Ci,NC,4,ND,blue,474.9486652977413,2.3
T4_NC_w4_ND,T4,Ci,NC,4,ND,blue,476.7967145790554,2.2
T4_NC_w4_ND,T4,Ci,NC,4,ND,blue,478.64476386036966,2.2
T4_NC_w4_ND,T4,Ci,NC,4,ND,blue,480.4928131416838,2.2
T4_NC_w4_ND,T4,Ci,NC,4,ND,blue,482.34086242299793,2.25
T4_NC_w4_ND,T4,Ci,NC,4,ND,blue,484.1889117043121,2.25
T4_NC_w4_ND,T4,Ci,NC,4,ND,blue,486.03696098562625,2.4
T4_NC_w4_ND,T4,Ci,NC,4,ND,blue,487.88501026694047,2.45
T4_NC_w4_ND,T4,Ci,NC,4,ND,blue,489.73305954825463,2.55
T4_NC_w4_ND,T4,Ci,NC,4,ND,blue,491.5811088295688,2.65
T4_NC_w4_ND,T4,Ci,NC,4,ND,blue,493.42915811088295,2.7
T4_NC_w4_ND,T4,Ci,NC,4,ND,blue,495.27720739219717,2.8
T4_NC_w4_ND,T4,Ci,NC,4,ND,blue,497.12525667351133,2.95
T4_NC_w4_ND,T4,Ci,NC,4,ND,blue,498.9733059548255,3.05
T4_NC_w4_ND,T4,Ci,NC,4,ND,blue,500.8213552361396,3.2
T4_NC_w4_ND,T4,Ci,NC,4,ND,blue,502.66940451745376,3.3
T4_NC_w4_ND,T4,Ci,NC,4,ND,blue,504.517453798768,3.4
T4_NC_w4_ND,T4,Ci,NC,4,ND,blue,506.36550308008214,3.45
T4_NC_w4_ND,T4,Ci,NC,4,ND,blue,508.2135523613963,3.5
T4_NC_w4_ND,T4,Ci,NC,4,ND,blue,510.06160164271046,3.65
T4_NC_w4_ND,T4,Ci,NC,4,ND,blue,511.9096509240247,3.8
T4_NC_w4_ND,T4,Ci,NC,4,ND,blue,513.7577002053388,3.95
T4_NC_w4_ND,T4,Ci,NC,4,ND,blue,515.6057494866529,4.05
T4_NC_w4_ND,T4,Ci,NC,4,ND,blue,517.4537987679671,4.15
T4_NC_w4_ND,T4,Ci,NC,4,ND,blue,519.3018480492813,4.2
T4_NC_w4_ND,T4,Ci,NC,4,ND,blue,521.1498973305955,4.2
T4_NC_w4_ND,T4,Ci,NC,4,ND,blue,522.9979466119097,4.2
T4_NC_w4_ND,T4,Ci,NC,4,ND,blue,524.8459958932239,4.2
T4_NC_w4_ND,T4,Ci,NC,4,ND,blue,526.6940451745379,4.2
T4_NC_w4_ND,T4,Ci,NC,4,ND,blue,528.5420944558522,4.2
T4_NC_w4_ND,T4,Ci,NC,4,ND,blue,530.3901437371663,4.2
T4_NC_w4_ND,T4,Ci,NC,4,ND,blue,532.2381930184805,4.2
T4_NC_w4_ND,T4,Ci,NC,4,ND,blue,534.0862422997947,4.25
T4_NC_w4_ND,T4,Ci,NC,4,ND,blue,535.9342915811088,4.3
T4_NC_w4_ND,T4,Ci,NC,4,ND,blue,537.782340862423,4.4
T4_NC_w4_ND,T4,Ci,NC,4,ND,blue,539.6303901437371,4.5
T4_NC_w4_ND,T4,Ci,NC,4,ND,blue,541.4784394250513,4.65
T4_NC_w4_ND,T4,Ci,NC,4,ND,blue,543.3264887063655,4.7
T4_NC_w4_ND,T4,Ci,NC,4,ND,blue,545.1745379876797,4.8
T4_NC_w4_ND,T4,Ci,NC,4,ND,blue,547.0225872689939,5.0
T4_NC_w4_ND,T4,Ci,NC,4,ND,blue,548.870636550308,5.05
T4_NC_w4_ND,T4,Ci,NC,4,ND,blue,550.7186858316221,5.2
T4_NC_w4_ND,T4,Ci,NC,4,ND,blue,552.5667351129364,5.35
T4_NC_w4_ND,T4,Ci,NC,4,ND,blue,554.4147843942505,5.45
T4_NC_w4_ND,T4,Ci,NC,4,ND,blue,556.2628336755647,5.55
T4_NC_w4_ND,T4,Ci,NC,4,ND,blue,558.1108829568789,5.7
T4_NC_w4_ND,T4,Ci,NC,4,ND,blue,559.958932238193,5.75
T4_NC_w4_ND,T4,Ci,NC,4,ND,blue,561.8069815195072,5.85
T4_NC_w4_ND,T4,Ci,NC,4,ND,blue,563.6550308008214,5.95
T4_NC_w4_ND,T4,Ci,NC,4,ND,blue,565.5030800821355,6.05
T4_NC_w4_ND,T4,Ci,NC,4,ND,blue,567.3511293634497,6.15
T4_NC_w4_ND,T4,Ci,NC,4,ND,blue,569.199178644764,6.25
T4_NC_w4_ND,T4,Ci,NC,4,ND,blue,571.047227926078,6.35
T4_NC_w4_ND,T4,Ci,NC,4,ND,blue,572.8952772073922,6.4
T4_NC_w4_ND,T4,Ci,NC,4,ND,blue,574.7433264887063,6.45
T4_NC_w4_ND,T4,Ci,NC,4,ND,blue,576.5913757700205,6.55
T4_NC_w4_ND,T4,Ci,NC,4,ND,blue,578.4394250513348,6.65
T4_NC_w4_ND,T4,Ci,NC,4,ND,blue,580.2874743326489,6.75
T4_NC_w4_ND,T4,Ci,NC,4,ND,blue,582.1355236139631,6.85
T4_NC_w4_ND,T4,Ci,NC,4,ND,blue,583.9835728952771,6.95
T4_NC_w4_ND,T4,Ci,NC,4,ND,blue,585.8316221765914,7.0
T4_NC_w4_ND,T4,Ci,NC,4,ND,blue,587.6796714579056,7.0
T4_NC_w4_ND,T4,Ci,NC,4,ND,blue,589.5277207392197,7.0
T4_NC_w4_ND,T4,Ci,NC,4,ND,blue,591.3757700205339,7.0
T4_NC_w4_ND,T4,Ci,NC,4,ND,blue,593.2238193018482,7.0
T4_NC_w4_ND,T4,Ci,NC,4,ND,blue,595.0718685831622,7.05
T4_NC_w4_ND,T4,Ci,NC,4,ND,blue,596.9199178644764,7.15
T4_NC_w4_ND,T4,Ci,NC,4,ND,blue,598.7679671457905,7.15
T4_NC_w4_ND,T4,Ci,NC,4,ND,blue,600.6160164271047,7.2
T4_NC_w4_ND,T4,Ci,NC,4,ND,blue,602.464065708419,7.2
T4_NC_w4_ND,T4,Ci,NC,4,ND,blue,604.3121149897331,7.15
T4_NC_w4_ND,T4,Ci,NC,4,ND,blue,606.1601642710472,7.05
T4_NC_w4_ND,T4,Ci,NC,4,ND,blue,608.0082135523613,6.95
T4_NC_w4_ND,T4,Ci,NC,4,ND,blue,609.8562628336756,6.9
T4_NC_w4_ND,T4,Ci,NC,4,ND,blue,611.7043121149898,6.8
T4_NC_w4_ND,T4,Ci,NC,4,ND,blue,613.5523613963039,6.75
T4_NC_w4_ND,T4,Ci,NC,4,ND,blue,615.4004106776181,6.75
T4_NC_w4_ND,T4,Ci,NC,4,ND,blue,617.2484599589322,6.75
T4_NC_w4_ND,T4,Ci,NC,4,ND,blue,619.0965092402464,6.75
T4_NC_w4_ND,T4,Ci,NC,4,ND,blue,620.9445585215606,6.7
T4_NC_w4_ND,T4,Ci,NC,4,ND,blue,622.7926078028747,6.7
T4_NC_w4_ND,T4,Ci,NC,4,ND,blue,624.6406570841889,6.7
T4_NC_w4_ND,T4,Ci,NC,4,ND,blue,626.4887063655032,6.7
T4_NC_w4_ND,T4,Ci,NC,4,ND,blue,628.3367556468173,6.7
T4_NC_w4_ND,T4,Ci,NC,4,ND,blue,630.1848049281314,6.7
T4_NC_w4_ND,T4,Ci,NC,4,ND,blue,632.0328542094455,6.7
T4_NC_w4_ND,T4,Ci,NC,4,ND,blue,633.8809034907597,6.75
T4_NC_w4_ND,T4,Ci,NC,4,ND,blue,635.728952772074,6.8
T4_NC_w4_ND,T4,Ci,NC,4,ND,blue,637.5770020533881,6.8
T4_NC_w4_ND,T4,Ci,NC,4,ND,blue,639.4250513347023,6.7
T4_NC_w4_ND,T4,Ci,NC,4,ND,blue,641.2731006160163,6.55
T4_NC_w4_ND,T4,Ci,NC,4,ND,blue,643.1211498973306,6.45
T4_NC_w4_ND,T4,Ci,NC,4,ND,blue,644.9691991786448,6.35
T4_NC_w4_ND,T4,Ci,NC,4,ND,blue,646.8172484599589,6.3
T4_NC_w4_ND,T4,Ci,NC,4,ND,blue,648.6652977412731,6.3
T4_NC_w4_ND,T4,Ci,NC,4,ND,blue,650.5133470225874,6.35
T4_NC_w4_ND,T4,Ci,NC,4,ND,blue,652.3613963039014,6.45
T4_NC_w4_ND,T4,Ci,NC,4,ND,blue,654.2094455852156,6.5
T4_NC_w4_ND,T4,Ci,NC,4,ND,blue,656.0574948665297,6.65
T4_NC_w4_ND,T4,Ci,NC,4,ND,blue,657.9055441478439,6.65
T4_NC_w4_ND,T4,Ci,NC,4,ND,blue,659.7535934291582,6.7
T4_NC_w4_ND,T4,Ci,NC,4,ND,blue,661.6016427104723,6.7
T4_NC_w4_ND,T4,Ci,NC,4,ND,blue,663.4496919917865,6.65
T4_NC_w4_ND,T4,Ci,NC,4,ND,blue,665.2977412731005,6.55
T4_NC_w4_ND,T4,Ci,NC,4,ND,blue,667.1457905544148,6.55
T4_NC_w4_ND,T4,Ci,NC,4,ND,blue,668.993839835729,6.55
T4_NC_w4_ND,T4,Ci,NC,4,ND,blue,670.8418891170431,6.55
T4_NC_w4_ND,T4,Ci,NC,4,ND,blue,672.6899383983573,6.6
T4_NC_w4_ND,T4,Ci,NC,4,ND,blue,674.5379876796715,6.6
T4_NC_w4_ND,T4,Ci,NC,4,ND,blue,676.3860369609856,6.5
T4_NC_w4_ND,T4,Ci,NC,4,ND,blue,678.2340862422998,6.5
T4_NC_w4_ND,T4,Ci,NC,4,ND,blue,680.0821355236139,6.5
T4_NC_w4_ND,T4,Ci,NC,4,ND,blue,681.9301848049281,6.5
T4_NC_w4_ND,T4,Ci,NC,4,ND,blue,683.7782340862424,6.6
T4_NC_w4_ND,T4,Ci,NC,4,ND,blue,685.6262833675565,6.6
T4_NC_w4_ND,T4,Ci,NC,4,ND,blue,687.4743326488706,6.6
T4_NC_w4_ND,T4,Ci,NC,4,ND,blue,689.3223819301847,6.5
T4_NC_w4_ND,T4,Ci,NC,4,ND,blue,691.1704312114989,6.4
T4_NC_w4_ND,T4,Ci,NC,4,ND,blue,693.0184804928132,6.3
T4_NC_w4_ND,T4,Ci,NC,4,ND,blue,694.8665297741273,6.2
T4_NC_w4_ND,T4,Ci,NC,4,ND,blue,696.7145790554415,6.0
T4_NC_w4_ND,T4,Ci,NC,4,ND,blue,698.5626283367557,5.85
T4_NC_w4_ND,T4,Ci,NC,4,ND,blue,700.4106776180698,5.7
T4_NC_w4_ND,T4,Ci,NC,4,ND,blue,702.258726899384,5.5
T4_NC_w4_ND,T4,Ci,NC,4,ND,blue,704.1067761806981,5.3
T4_NC_w4_ND,T4,Ci,NC,4,ND,blue,705.9548254620123,5.2
T4_NC_w4_ND,T4,Ci,NC,4,ND,blue,707.8028747433266,5.15
T4_NC_w4_ND,T4,Ci,NC,4,ND,blue,709.6509240246406,4.95
T4_NC_w4_ND,T4,Ci,NC,4,ND,blue,711.4989733059548,4.85
T4_NC_w4_ND,T4,Ci,NC,4,ND,blue,713.347022587269,4.85
T4_NC_w4_ND,T4,Ci,NC,4,ND,blue,715.1950718685831,4.75
T4_NC_w4_ND,T4,Ci,NC,4,ND,blue,717.0431211498974,4.75
T4_NC_w4_ND,T4,Ci,NC,4,ND,blue,718.8911704312115,4.75
T4_NC_w4_ND,T4,Ci,NC,4,ND,blue,720.7392197125257,4.65
T4_NC_w4_ND,T4,Ci,NC,4,ND,blue,722.5872689938398,4.65
T4_NC_w4_ND,T4,Ci,NC,4,ND,blue,724.435318275154,4.55
T4_NC_w4_ND,T4,Ci,NC,4,ND,blue,726.2833675564682,4.5
T4_NC_w4_ND,T4,Ci,NC,4,ND,blue,728.1314168377824,4.5
T4_NC_w4_ND,T4,Ci,NC,4,ND,blue,729.9794661190965,4.5
T4_NC_w4_ND,T4,Ci,NC,4,ND,blue,731.8275154004107,4.5
T4_NC_w4_ND,T4,Ci,NC,4,ND,blue,733.6755646817248,4.5
T4_NC_w4_ND,T4,Ci,NC,4,ND,blue,735.523613963039,4.55
T4_NC_w4_ND,T4,Ci,NC,4,ND,blue,737.3716632443532,4.6
T4_NC_w4_ND,T4,Ci,NC,4,ND,blue,739.2197125256673,4.65
T4_NC_w4_ND,T4,Ci,NC,4,ND,blue,741.0677618069816,4.8
T4_NC_w4_ND,T4,Ci,NC,4,ND,blue,742.9158110882958,4.85
T4_NC_w4_ND,T4,Ci,NC,4,ND,blue,744.7638603696098,4.95
T4_NC_w4_ND,T4,Ci,NC,4,ND,blue,746.611909650924,5.05
T4_NC_w4_ND,T4,Ci,NC,4,ND,blue,748.4599589322381,5.1
T4_NC_w4_ND,T4,Ci,NC,4,ND,blue,750.3080082135524,5.1
T4_NC_w4_ND,T4,Ci,NC,4,ND,blue,752.1560574948666,5.1
T4_NC_w4_ND,T4,Ci,NC,4,ND,blue,754.0041067761807,5.05
T4_NC_w4_ND,T4,Ci,NC,4,ND,blue,755.8521560574949,5.0
T4_NC_w4_ND,T4,Ci,NC,4,ND,blue,757.700205338809,4.95
T4_NC_w4_ND,T4,Ci,NC,4,ND,blue,759.5482546201232,4.9
T4_NC_w4_ND,T4,Ci,NC,4,ND,blue,761.3963039014374,4.85
T4_NC_w4_ND,T4,Ci,NC,4,ND,blue,763.2443531827515,4.7
T4_NC_w4_ND,T4,Ci,NC,4,ND,blue,765.0924024640658,4.7
T4_NC_w4_ND,T4,Ci,NC,4,ND,blue,766.94045174538,4.55
T4_NC_w4_ND,T4,Ci,NC,4,ND,blue,768.788501026694,4.55
T4_NC_w4_ND,T4,Ci,NC,4,ND,blue,770.6365503080082,4.45
T4_NC_w4_ND,T4,Ci,NC,4,ND,blue,772.4845995893223,4.4
T4_NC_w4_ND,T4,Ci,NC,4,ND,blue,774.3326488706366,4.4
T4_NC_w4_ND,T4,Ci,NC,4,ND,blue,776.1806981519508,4.45
T4_NC_w4_ND,T4,Ci,NC,4,ND,blue,778.0287474332649,4.45
T4_NC_w4_ND,T4,Ci,NC,4,ND,blue,779.876796714579,4.5
T4_NC_w4_ND,T4,Ci,NC,4,ND,blue,781.7248459958932,4.5
T4_NC_w4_ND,T4,Ci,NC,4,ND,blue,783.5728952772074,4.5
T4_NC_w4_ND,T4,Ci,NC,4,ND,blue,785.4209445585216,4.55
T4_NC_w4_ND,T4,Ci,NC,4,ND,blue,787.2689938398357,4.55
T4_NC_w4_ND,T4,Ci,NC,4,ND,blue,789.1170431211499,4.5
T4_NC_w4_ND,T4,Ci,NC,4,ND,blue,790.965092402464,4.4
T4_NC_w4_ND,T4,Ci,NC,4,ND,blue,792.8131416837782,4.3
T4_NC_w4_ND,T4,Ci,NC,4,ND,blue,794.6611909650924,4.1
T4_NC_w4_ND,T4,Ci,NC,4,ND,blue,796.5092402464065,3.95
T4_NC_w4_ND,T4,Ci,NC,4,ND,blue,798.3572895277208,3.85
T4_NC_w4_ND,T4,Ci,NC,4,ND,blue,800.205338809035,3.7
T4_NC_w4_ND,T4,Ci,NC,4,ND,blue,802.053388090349,3.7
T4_NC_w4_ND,T4,Ci,NC,4,ND,blue,803.9014373716632,3.75
T4_NC_w4_ND,T4,Ci,NC,4,ND,blue,805.7494866529773,3.8
T4_NC_w4_ND,T4,Ci,NC,4,ND,blue,807.5975359342916,3.9
T4_NC_w4_ND,T4,Ci,NC,4,ND,blue,809.4455852156058,3.95
T4_NC_w4_ND,T4,Ci,NC,4,ND,blue,811.2936344969199,4.05
T4_NC_w4_ND,T4,Ci,NC,4,ND,blue,813.1416837782341,4.15
T4_NC_w4_ND,T4,Ci,NC,4,ND,blue,814.9897330595483,4.15
T4_NC_w4_ND,T4,Ci,NC,4,ND,blue,816.8377823408624,4.15
T4_NC_w4_ND,T4,Ci,NC,4,ND,blue,818.6858316221766,4.15
T4_NC_w4_ND,T4,Ci,NC,4,ND,blue,820.5338809034907,4.1
T4_NC_w4_ND,T4,Ci,NC,4,ND,blue,822.381930184805,4.0
T4_NC_w4_ND,T4,Ci,NC,4,ND,blue,824.2299794661192,3.85
T4_NC_w4_ND,T4,Ci,NC,4,ND,blue,826.0780287474332,3.8
T4_NC_w4_ND,T4,Ci,NC,4,ND,blue,827.9260780287474,3.65
T4_NC_w4_ND,T4,Ci,NC,4,ND,blue,829.7741273100615,3.5
T4_NC_w4_ND,T4,Ci,NC,4,ND,blue,831.6221765913758,3.4
T4_NC_w4_ND,T4,Ci,NC,4,ND,blue,833.47022587269,3.35
T4_NC_w4_ND,T4,Ci,NC,4,ND,blue,835.3182751540041,3.25
T4_NC_w4_ND,T4,Ci,NC,4,ND,blue,837.1663244353182,3.2
T4_NC_w4_ND,T4,Ci,NC,4,ND,blue,839.0143737166325,3.1
T4_NC_w4_ND,T4,Ci,NC,4,ND,blue,840.8624229979466,3.0
T4_NC_w4_ND,T4,Ci,NC,4,ND,blue,842.7104722792608,2.9
T4_NC_w4_ND,T4,Ci,NC,4,ND,blue,844.558521560575,2.8
T4_NC_w4_ND,T4,Ci,NC,4,ND,blue,846.4065708418891,2.75
T4_NC_w4_ND,T4,Ci,NC,4,ND,blue,848.2546201232033,2.65
T4_NC_w4_ND,T4,Ci,NC,4,ND,blue,850.1026694045174,2.6
T4_NC_w4_ND,T4,Ci,NC,4,ND,blue,851.9507186858316,2.6
T4_NC_w4_ND,T4,Ci,NC,4,ND,blue,853.7987679671457,2.55
T4_NC_w4_ND,T4,Ci,NC,4,ND,blue,855.64681724846,2.5
T4_NC_w4_ND,T4,Ci,NC,4,ND,blue,857.4948665297742,2.5
T4_NC_w4_ND,T4,Ci,NC,4,ND,blue,859.3429158110883,2.45
T4_NC_w4_ND,T4,Ci,NC,4,ND,blue,861.1909650924024,2.45
T4_NC_w4_ND,T4,Ci,NC,4,ND,blue,863.0390143737166,2.4
T4_NC_w4_ND,T4,Ci,NC,4,ND,blue,864.8870636550308,2.35
T4_NC_w4_ND,T4,Ci,NC,4,ND,blue,866.735112936345,2.25
T4_NC_w4_ND,T4,Ci,NC,4,ND,blue,868.5831622176592,2.25
T4_NC_w4_ND,T4,Ci,NC,4,ND,blue,870.4312114989733,2.2
T4_NC_w4_ND,T4,Ci,NC,4,ND,blue,872.2792607802875,2.15
T4_NC_w4_ND,T4,Ci,NC,4,ND,blue,874.1273100616016,2.15
T4_NC_w4_ND,T4,Ci,NC,4,ND,blue,875.9753593429158,2.1
T4_NC_w4_ND,T4,Ci,NC,4,ND,blue,877.82340862423,2.1
T4_NC_w4_ND,T4,Ci,NC,4,ND,blue,879.6714579055442,2.05
T4_NC_w4_ND,T4,Ci,NC,4,ND,blue,881.5195071868584,2.05
T4_NC_w4_ND,T4,Ci,NC,4,ND,blue,883.3675564681724,2.05
T4_NC_w4_ND,T4,Ci,NC,4,ND,blue,885.2156057494866,2.15
T4_NC_w4_ND,T4,Ci,NC,4,ND,blue,887.0636550308008,2.2
T4_NC_w4_ND,T4,Ci,NC,4,ND,blue,888.911704312115,2.3
T4_NC_w4_ND,T4,Ci,NC,4,ND,blue,890.7597535934292,2.35
T4_NC_w4_ND,T4,Ci,NC,4,ND,blue,892.6078028747434,2.4
T4_NC_w4_ND,T4,Ci,NC,4,ND,blue,894.4558521560575,2.4
T4_NC_w4_ND,T4,Ci,NC,4,ND,blue,896.3039014373717,2.35
T4_NC_w4_ND,T4,Ci,NC,4,ND,blue,898.1519507186858,2.35
T4_NC_w4_ND,T4,Ci,NC,4,ND,blue,900.0,2.35
T5_PC_w1_PD,T5,Cii,PC,1,PD,red,0.0,0.0
T5_PC_w1_PD,T5,Cii,PC,1,PD,red,1.851851851851852,-0.15
T5_PC_w1_PD,T5,Cii,PC,1,PD,red,3.703703703703704,-0.15
T5_PC_w1_PD,T5,Cii,PC,1,PD,red,5.555555555555555,-0.15
T5_PC_w1_PD,T5,Cii,PC,1,PD,red,7.407407407407408,-0.05
T5_PC_w1_PD,T5,Cii,PC,1,PD,red,9.25925925925926,0.0
T5_PC_w1_PD,T5,Cii,PC,1,PD,red,11.11111111111111,0.05
T5_PC_w1_PD,T5,Cii,PC,1,PD,red,12.962962962962964,0.1
T5_PC_w1_PD,T5,Cii,PC,1,PD,red,14.814814814814817,0.15
T5_PC_w1_PD,T5,Cii,PC,1,PD,red,16.666666666666664,0.15
T5_PC_w1_PD,T5,Cii,PC,1,PD,red,18.51851851851852,0.15
T5_PC_w1_PD,T5,Cii,PC,1,PD,red,20.37037037037037,0.15
T5_PC_w1_PD,T5,Cii,PC,1,PD,red,22.22222222222222,0.1
T5_PC_w1_PD,T5,Cii,PC,1,PD,red,24.074074074074073,0.05
T5_PC_w1_PD,T5,Cii,PC,1,PD,red,25.925925925925927,0.05
T5_PC_w1_PD,T5,Cii,PC,1,PD,red,27.777777777777775,-0.05
T5_PC_w1_PD,T5,Cii,PC,1,PD,red,29.629629629629633,-0.05
T5_PC_w1_PD,T5,Cii,PC,1,PD,red,31.48148148148148,-0.05
T5_PC_w1_PD,T5,Cii,PC,1,PD,red,33.33333333333333,-0.05
T5_PC_w1_PD,T5,Cii,PC,1,PD,red,35.18518518518519,-0.05
T5_PC_w1_PD,T5,Cii,PC,1,PD,red,37.03703703703704,0.0
T5_PC_w1_PD,T5,Cii,PC,1,PD,red,38.888888888888886,0.0
T5_PC_w1_PD,T5,Cii,PC,1,PD,red,40.74074074074074,0.05
T5_PC_w1_PD,T5,Cii,PC,1,PD,red,42.592592592592595,0.05
T5_PC_w1_PD,T5,Cii,PC,1,PD,red,44.44444444444444,0.1
T5_PC_w1_PD,T5,Cii,PC,1,PD,red,46.2962962962963,0.1
T5_PC_w1_PD,T5,Cii,PC,1,PD,red,48.148148148148145,0.1
T5_PC_w1_PD,T5,Cii,PC,1,PD,red,50.0,0.05
T5_PC_w1_PD,T5,Cii,PC,1,PD,red,51.851851851851855,0.0
T5_PC_w1_PD,T5,Cii,PC,1,PD,red,53.7037037037037,-0.1
T5_PC_w1_PD,T5,Cii,PC,1,PD,red,55.55555555555555,-0.15
T5_PC_w1_PD,T5,Cii,PC,1,PD,red,57.40740740740741,-0.15
T5_PC_w1_PD,T5,Cii,PC,1,PD,red,59.25925925925927,-0.15
T5_PC_w1_PD,T5,Cii,PC,1,PD,red,61.11111111111111,-0.15
T5_PC_w1_PD,T5,Cii,PC,1,PD,red,62.96296296296296,-0.1
T5_PC_w1_PD,T5,Cii,PC,1,PD,red,64.81481481481482,-0.05
T5_PC_w1_PD,T5,Cii,PC,1,PD,red,66.66666666666666,0.05
T5_PC_w1_PD,T5,Cii,PC,1,PD,red,68.51851851851852,0.1
T5_PC_w1_PD,T5,Cii,PC,1,PD,red,70.37037037037038,0.2
T5_PC_w1_PD,T5,Cii,PC,1,PD,red,72.22222222222221,0.25
T5_PC_w1_PD,T5,Cii,PC,1,PD,red,74.07407407407408,0.25
T5_PC_w1_PD,T5,Cii,PC,1,PD,red,75.92592592592592,0.25
T5_PC_w1_PD,T5,Cii,PC,1,PD,red,77.77777777777777,0.25
T5_PC_w1_PD,T5,Cii,PC,1,PD,red,79.62962962962963,0.25
T5_PC_w1_PD,T5,Cii,PC,1,PD,red,81.48148148148148,0.15
T5_PC_w1_PD,T5,Cii,PC,1,PD,red,83.33333333333333,0.15
T5_PC_w1_PD,T5,Cii,PC,1,PD,red,85.18518518518519,0.15
T5_PC_w1_PD,T5,Cii,PC,1,PD,red,87.03703703703704,0.15
T5_PC_w1_PD,T5,Cii,PC,1,PD,red,88.88888888888889,0.2
T5_PC_w1_PD,T5,Cii,PC,1,PD,red,90.74074074074073,0.25
T5_PC_w1_PD,T5,Cii,PC,1,PD,red,92.5925925925926,0.25
T5_PC_w1_PD,T5,Cii,PC,1,PD,red,94.44444444444444,0.25
T5_PC_w1_PD,T5,Cii,PC,1,PD,red,96.29629629629629,0.25
T5_PC_w1_PD,T5,Cii,PC,1,PD,red,98.14814814814815,0.25
T5_PC_w1_PD,T5,Cii,PC,1,PD,red,100.0,0.25
T5_PC_w1_PD,T5,Cii,PC,1,PD,red,101.85185185185185,0.25
T5_PC_w1_PD,T5,Cii,PC,1,PD,red,103.70370370370371,0.2
T5_PC_w1_PD,T5,Cii,PC,1,PD,red,105.55555555555554,0.15
T5_PC_w1_PD,T5,Cii,PC,1,PD,red,107.4074074074074,0.1
T5_PC_w1_PD,T5,Cii,PC,1,PD,red,109.25925925925927,0.0
T5_PC_w1_PD,T5,Cii,PC,1,PD,red,111.1111111111111,-0.05
T5_PC_w1_PD,T5,Cii,PC,1,PD,red,112.96296296296298,-0.05
T5_PC_w1_PD,T5,Cii,PC,1,PD,red,114.81481481481482,-0.05
T5_PC_w1_PD,T5,Cii,PC,1,PD,red,116.66666666666666,-0.05
T5_PC_w1_PD,T5,Cii,PC,1,PD,red,118.51851851851853,-0.05
T5_PC_w1_PD,T5,Cii,PC,1,PD,red,120.37037037037037,-0.05
T5_PC_w1_PD,T5,Cii,PC,1,PD,red,122.22222222222221,-0.05
T5_PC_w1_PD,T5,Cii,PC,1,PD,red,124.07407407407409,-0.15
T5_PC_w1_PD,T5,Cii,PC,1,PD,red,125.92592592592592,-0.15
T5_PC_w1_PD,T5,Cii,PC,1,PD,red,127.77777777777777,-0.15
T5_PC_w1_PD,T5,Cii,PC,1,PD,red,129.62962962962965,-0.15
T5_PC_w1_PD,T5,Cii,PC,1,PD,red,131.4814814814815,-0.15
T5_PC_w1_PD,T5,Cii,PC,1,PD,red,133.33333333333331,-0.15
T5_PC_w1_PD,T5,Cii,PC,1,PD,red,135.1851851851852,-0.15
T5_PC_w1_PD,T5,Cii,PC,1,PD,red,137.03703703703704,-0.15
T5_PC_w1_PD,T5,Cii,PC,1,PD,red,138.88888888888889,-0.15
T5_PC_w1_PD,T5,Cii,PC,1,PD,red,140.74074074074076,-0.15
T5_PC_w1_PD,T5,Cii,PC,1,PD,red,142.59259259259258,-0.15
T5_PC_w1_PD,T5,Cii,PC,1,PD,red,144.44444444444443,-0.15
T5_PC_w1_PD,T5,Cii,PC,1,PD,red,146.2962962962963,-0.15
T5_PC_w1_PD,T5,Cii,PC,1,PD,red,148.14814814814815,-0.1
T5_PC_w1_PD,T5,Cii,PC,1,PD,red,150.0,-0.05
T5_PC_w1_PD,T5,Cii,PC,1,PD,red,151.85185185185185,-0.05
T5_PC_w1_PD,T5,Cii,PC,1,PD,red,153.7037037037037,-0.05
T5_PC_w1_PD,T5,Cii,PC,1,PD,red,155.55555555555554,0.0
T5_PC_w1_PD,T5,Cii,PC,1,PD,red,157.40740740740742,0.05
T5_PC_w1_PD,T5,Cii,PC,1,PD,red,159.25925925925927,0.05
T5_PC_w1_PD,T5,Cii,PC,1,PD,red,161.11111111111111,0.05
T5_PC_w1_PD,T5,Cii,PC,1,PD,red,162.96296296296296,0.1
T5_PC_w1_PD,T5,Cii,PC,1,PD,red,164.8148148148148,0.15
T5_PC_w1_PD,T5,Cii,PC,1,PD,red,166.66666666666666,0.15
T5_PC_w1_PD,T5,Cii,PC,1,PD,red,168.51851851851853,0.2
T5_PC_w1_PD,T5,Cii,PC,1,PD,red,170.37037037037038,0.25
T5_PC_w1_PD,T5,Cii,PC,1,PD,red,172.2222222222222,0.25
T5_PC_w1_PD,T5,Cii,PC,1,PD,red,174.07407407407408,0.25
T5_PC_w1_PD,T5,Cii,PC,1,PD,red,175.92592592592592,0.15
T5_PC_w1_PD,T5,Cii,PC,1,PD,red,177.77777777777777,0.15
T5_PC_w1_PD,T5,Cii,PC,1,PD,red,179.62962962962965,0.15
T5_PC_w1_PD,T5,Cii,PC,1,PD,red,181.48148148148147,0.2
T5_PC_w1_PD,T5,Cii,PC,1,PD,red,183.33333333333331,0.3
T5_PC_w1_PD,T5,Cii,PC,1,PD,red,185.1851851851852,0.5
T5_PC_w1_PD,T5,Cii,PC,1,PD,red,187.03703703703704,0.6
T5_PC_w1_PD,T5,Cii,PC,1,PD,red,188.88888888888889,0.75
T5_PC_w1_PD,T5,Cii,PC,1,PD,red,190.74074074074073,0.9
T5_PC_w1_PD,T5,Cii,PC,1,PD,red,192.59259259259258,1.05
T5_PC_w1_PD,T5,Cii,PC,1,PD,red,194.44444444444443,1.15
T5_PC_w1_PD,T5,Cii,PC,1,PD,red,196.2962962962963,1.25
T5_PC_w1_PD,T5,Cii,PC,1,PD,red,198.14814814814815,1.35
T5_PC_w1_PD,T5,Cii,PC,1,PD,red,200.0,1.5
T5_PC_w1_PD,T5,Cii,PC,1,PD,red,201.85185185185185,1.6
T5_PC_w1_PD,T5,Cii,PC,1,PD,red,203.7037037037037,1.7
T5_PC_w1_PD,T5,Cii,PC,1,PD,red,205.55555555555554,1.85
T5_PC_w1_PD,T5,Cii,PC,1,PD,red,207.40740740740742,2.0
T5_PC_w1_PD,T5,Cii,PC,1,PD,red,209.25925925925927,2.1
T5_PC_w1_PD,T5,Cii,PC,1,PD,red,211.1111111111111,2.15
T5_PC_w1_PD,T5,Cii,PC,1,PD,red,212.96296296296296,2.25
T5_PC_w1_PD,T5,Cii,PC,1,PD,red,214.8148148148148,2.25
T5_PC_w1_PD,T5,Cii,PC,1,PD,red,216.66666666666666,2.25
T5_PC_w1_PD,T5,Cii,PC,1,PD,red,218.51851851851853,2.25
T5_PC_w1_PD,T5,Cii,PC,1,PD,red,220.37037037037035,2.3
T5_PC_w1_PD,T5,Cii,PC,1,PD,red,222.2222222222222,2.35
T5_PC_w1_PD,T5,Cii,PC,1,PD,red,224.07407407407408,2.35
T5_PC_w1_PD,T5,Cii,PC,1,PD,red,225.92592592592595,2.4
T5_PC_w1_PD,T5,Cii,PC,1,PD,red,227.7777777777778,2.5
T5_PC_w1_PD,T5,Cii,PC,1,PD,red,229.62962962962965,2.6
T5_PC_w1_PD,T5,Cii,PC,1,PD,red,231.48148148148147,2.7
T5_PC_w1_PD,T5,Cii,PC,1,PD,red,233.33333333333331,2.85
T5_PC_w1_PD,T5,Cii,PC,1,PD,red,235.18518518518516,2.95
T5_PC_w1_PD,T5,Cii,PC,1,PD,red,237.03703703703707,3.05
T5_PC_w1_PD,T5,Cii,PC,1,PD,red,238.8888888888889,3.1
T5_PC_w1_PD,T5,Cii,PC,1,PD,red,240.74074074074073,3.15
T5_PC_w1_PD,T5,Cii,PC,1,PD,red,242.59259259259258,3.15
T5_PC_w1_PD,T5,Cii,PC,1,PD,red,244.44444444444443,3.2
T5_PC_w1_PD,T5,Cii,PC,1,PD,red,246.29629629629628,3.25
T5_PC_w1_PD,T5,Cii,PC,1,PD,red,248.14814814814818,3.3
T5_PC_w1_PD,T5,Cii,PC,1,PD,red,250.0,3.4
T5_PC_w1_PD,T5,Cii,PC,1,PD,red,251.85185185185185,3.5
T5_PC_w1_PD,T5,Cii,PC,1,PD,red,253.7037037037037,3.55
T5_PC_w1_PD,T5,Cii,PC,1,PD,red,255.55555555555554,3.6
T5_PC_w1_PD,T5,Cii,PC,1,PD,red,257.4074074074074,3.65
T5_PC_w1_PD,T5,Cii,PC,1,PD,red,259.2592592592593,3.7
T5_PC_w1_PD,T5,Cii,PC,1,PD,red,261.11111111111114,3.85
T5_PC_w1_PD,T5,Cii,PC,1,PD,red,262.962962962963,4.0
T5_PC_w1_PD,T5,Cii,PC,1,PD,red,264.8148148148148,4.1
T5_PC_w1_PD,T5,Cii,PC,1,PD,red,266.66666666666663,4.3
T5_PC_w1_PD,T5,Cii,PC,1,PD,red,268.5185185185185,4.4
T5_PC_w1_PD,T5,Cii,PC,1,PD,red,270.3703703703704,4.55
T5_PC_w1_PD,T5,Cii,PC,1,PD,red,272.22222222222223,4.7
T5_PC_w1_PD,T5,Cii,PC,1,PD,red,274.0740740740741,4.8
T5_PC_w1_PD,T5,Cii,PC,1,PD,red,275.9259259259259,4.85
T5_PC_w1_PD,T5,Cii,PC,1,PD,red,277.77777777777777,4.85
T5_PC_w1_PD,T5,Cii,PC,1,PD,red,279.6296296296296,4.85
T5_PC_w1_PD,T5,Cii,PC,1,PD,red,281.4814814814815,4.9
T5_PC_w1_PD,T5,Cii,PC,1,PD,red,283.3333333333333,5.15
T5_PC_w1_PD,T5,Cii,PC,1,PD,red,285.18518518518516,5.3
T5_PC_w1_PD,T5,Cii,PC,1,PD,red,287.037037037037,5.4
T5_PC_w1_PD,T5,Cii,PC,1,PD,red,288.88888888888886,5.6
T5_PC_w1_PD,T5,Cii,PC,1,PD,red,290.7407407407407,5.9
T5_PC_w1_PD,T5,Cii,PC,1,PD,red,292.5925925925926,6.05
T5_PC_w1_PD,T5,Cii,PC,1,PD,red,294.44444444444446,6.25
T5_PC_w1_PD,T5,Cii,PC,1,PD,red,296.2962962962963,6.4
T5_PC_w1_PD,T5,Cii,PC,1,PD,red,298.14814814814815,6.6
T5_PC_w1_PD,T5,Cii,PC,1,PD,red,300.0,6.8
T5_PC_w1_PD,T5,Cii,PC,1,PD,red,301.8518518518519,6.9
T5_PC_w1_PD,T5,Cii,PC,1,PD,red,303.7037037037037,7.0
T5_PC_w1_PD,T5,Cii,PC,1,PD,red,305.55555555555554,7.1
T5_PC_w1_PD,T5,Cii,PC,1,PD,red,307.4074074074074,7.15
T5_PC_w1_PD,T5,Cii,PC,1,PD,red,309.25925925925924,7.2
T5_PC_w1_PD,T5,Cii,PC,1,PD,red,311.1111111111111,7.3
T5_PC_w1_PD,T5,Cii,PC,1,PD,red,312.962962962963,7.5
T5_PC_w1_PD,T5,Cii,PC,1,PD,red,314.81481481481484,7.75
T5_PC_w1_PD,T5,Cii,PC,1,PD,red,316.6666666666667,7.85
T5_PC_w1_PD,T5,Cii,PC,1,PD,red,318.51851851851853,8.15
T5_PC_w1_PD,T5,Cii,PC,1,PD,red,320.3703703703704,8.45
T5_PC_w1_PD,T5,Cii,PC,1,PD,red,322.22222222222223,8.7
T5_PC_w1_PD,T5,Cii,PC,1,PD,red,324.0740740740741,8.9
T5_PC_w1_PD,T5,Cii,PC,1,PD,red,325.9259259259259,9.15
T5_PC_w1_PD,T5,Cii,PC,1,PD,red,327.77777777777777,9.4
T5_PC_w1_PD,T5,Cii,PC,1,PD,red,329.6296296296296,9.5
T5_PC_w1_PD,T5,Cii,PC,1,PD,red,331.48148148148147,9.6
T5_PC_w1_PD,T5,Cii,PC,1,PD,red,333.3333333333333,9.7
T5_PC_w1_PD,T5,Cii,PC,1,PD,red,335.1851851851852,9.75
T5_PC_w1_PD,T5,Cii,PC,1,PD,red,337.03703703703707,9.75
T5_PC_w1_PD,T5,Cii,PC,1,PD,red,338.8888888888889,9.8
T5_PC_w1_PD,T5,Cii,PC,1,PD,red,340.74074074074076,9.95
T5_PC_w1_PD,T5,Cii,PC,1,PD,red,342.5925925925926,10.05
T5_PC_w1_PD,T5,Cii,PC,1,PD,red,344.4444444444444,10.15
T5_PC_w1_PD,T5,Cii,PC,1,PD,red,346.2962962962963,10.3
T5_PC_w1_PD,T5,Cii,PC,1,PD,red,348.14814814814815,10.4
T5_PC_w1_PD,T5,Cii,PC,1,PD,red,350.0,10.55
T5_PC_w1_PD,T5,Cii,PC,1,PD,red,351.85185185185185,10.6
T5_PC_w1_PD,T5,Cii,PC,1,PD,red,353.7037037037037,10.7
T5_PC_w1_PD,T5,Cii,PC,1,PD,red,355.55555555555554,10.7
T5_PC_w1_PD,T5,Cii,PC,1,PD,red,357.40740740740745,10.7
T5_PC_w1_PD,T5,Cii,PC,1,PD,red,359.2592592592593,10.75
T5_PC_w1_PD,T5,Cii,PC,1,PD,red,361.11111111111114,10.9
T5_PC_w1_PD,T5,Cii,PC,1,PD,red,362.96296296296293,11.0
T5_PC_w1_PD,T5,Cii,PC,1,PD,red,364.8148148148148,11.15
T5_PC_w1_PD,T5,Cii,PC,1,PD,red,366.66666666666663,11.3
T5_PC_w1_PD,T5,Cii,PC,1,PD,red,368.51851851851853,11.4
T5_PC_w1_PD,T5,Cii,PC,1,PD,red,370.3703703703704,11.45
T5_PC_w1_PD,T5,Cii,PC,1,PD,red,372.22222222222223,11.45
T5_PC_w1_PD,T5,Cii,PC,1,PD,red,374.0740740740741,11.35
T5_PC_w1_PD,T5,Cii,PC,1,PD,red,375.9259259259259,11.25
T5_PC_w1_PD,T5,Cii,PC,1,PD,red,377.77777777777777,11.15
T5_PC_w1_PD,T5,Cii,PC,1,PD,red,379.6296296296297,11.05
T5_PC_w1_PD,T5,Cii,PC,1,PD,red,381.48148148148147,11.0
T5_PC_w1_PD,T5,Cii,PC,1,PD,red,383.3333333333333,10.85
T5_PC_w1_PD,T5,Cii,PC,1,PD,red,385.18518518518516,10.85
T5_PC_w1_PD,T5,Cii,PC,1,PD,red,387.037037037037,10.85
T5_PC_w1_PD,T5,Cii,PC,1,PD,red,388.88888888888886,10.85
T5_PC_w1_PD,T5,Cii,PC,1,PD,red,390.74074074074076,10.9
T5_PC_w1_PD,T5,Cii,PC,1,PD,red,392.5925925925926,10.95
T5_PC_w1_PD,T5,Cii,PC,1,PD,red,394.44444444444446,11.0
T5_PC_w1_PD,T5,Cii,PC,1,PD,red,396.2962962962963,11.05
T5_PC_w1_PD,T5,Cii,PC,1,PD,red,398.14814814814815,11.05
T5_PC_w1_PD,T5,Cii,PC,1,PD,red,400.0,10.95
T5_PC_w1_PD,T5,Cii,PC,1,PD,red,401.85185185185185,10.8
T5_PC_w1_PD,T5,Cii,PC,1,PD,red,403.7037037037037,10.65
T5_PC_w1_PD,T5,Cii,PC,1,PD,red,405.55555555555554,10.5
T5_PC_w1_PD,T5,Cii,PC,1,PD,red,407.4074074074074,10.3
T5_PC_w1_PD,T5,Cii,PC,1,PD,red,409.25925925925924,10.15
T5_PC_w1_PD,T5,Cii,PC,1,PD,red,411.1111111111111,10.0
T5_PC_w1_PD,T5,Cii,PC,1,PD,red,412.962962962963,9.8
T5_PC_w1_PD,T5,Cii,PC,1,PD,red,414.81481481481484,9.6
T5_PC_w1_PD,T5,Cii,PC,1,PD,red,416.6666666666667,9.45
T5_PC_w1_PD,T5,Cii,PC,1,PD,red,418.51851851851853,9.3
T5_PC_w1_PD,T5,Cii,PC,1,PD,red,420.3703703703704,9.1
T5_PC_w1_PD,T5,Cii,PC,1,PD,red,422.2222222222222,8.95
T5_PC_w1_PD,T5,Cii,PC,1,PD,red,424.0740740740741,8.8
T5_PC_w1_PD,T5,Cii,PC,1,PD,red,425.9259259259259,8.65
T5_PC_w1_PD,T5,Cii,PC,1,PD,red,427.77777777777777,8.45
T5_PC_w1_PD,T5,Cii,PC,1,PD,red,429.6296296296296,8.3
T5_PC_w1_PD,T5,Cii,PC,1,PD,red,431.48148148148147,8.1
T5_PC_w1_PD,T5,Cii,PC,1,PD,red,433.3333333333333,7.85
T5_PC_w1_PD,T5,Cii,PC,1,PD,red,435.1851851851852,7.7
T5_PC_w1_PD,T5,Cii,PC,1,PD,red,437.03703703703707,7.5
T5_PC_w1_PD,T5,Cii,PC,1,PD,red,438.8888888888889,7.35
T5_PC_w1_PD,T5,Cii,PC,1,PD,red,440.7407407407407,7.1
T5_PC_w1_PD,T5,Cii,PC,1,PD,red,442.59259259259255,6.9
T5_PC_w1_PD,T5,Cii,PC,1,PD,red,444.4444444444444,6.65
T5_PC_w1_PD,T5,Cii,PC,1,PD,red,446.2962962962963,6.45
T5_PC_w1_PD,T5,Cii,PC,1,PD,red,448.14814814814815,6.25
T5_PC_w1_PD,T5,Cii,PC,1,PD,red,450.0,6.0
T5_PC_w1_PD,T5,Cii,PC,1,PD,red,451.8518518518519,5.85
T5_PC_w1_PD,T5,Cii,PC,1,PD,red,453.7037037037037,5.7
T5_PC_w1_PD,T5,Cii,PC,1,PD,red,455.5555555555556,5.55
T5_PC_w1_PD,T5,Cii,PC,1,PD,red,457.4074074074074,5.35
T5_PC_w1_PD,T5,Cii,PC,1,PD,red,459.2592592592593,5.25
T5_PC_w1_PD,T5,Cii,PC,1,PD,red,461.11111111111114,5.2
T5_PC_w1_PD,T5,Cii,PC,1,PD,red,462.96296296296293,5.05
T5_PC_w1_PD,T5,Cii,PC,1,PD,red,464.81481481481484,4.85
T5_PC_w1_PD,T5,Cii,PC,1,PD,red,466.66666666666663,4.75
T5_PC_w1_PD,T5,Cii,PC,1,PD,red,468.51851851851853,4.6
T5_PC_w1_PD,T5,Cii,PC,1,PD,red,470.3703703703703,4.4
T5_PC_w1_PD,T5,Cii,PC,1,PD,red,472.22222222222223,4.3
T5_PC_w1_PD,T5,Cii,PC,1,PD,red,474.07407407407413,4.15
T5_PC_w1_PD,T5,Cii,PC,1,PD,red,475.9259259259259,4.0
T5_PC_w1_PD,T5,Cii,PC,1,PD,red,477.7777777777778,3.8
T5_PC_w1_PD,T5,Cii,PC,1,PD,red,479.6296296296296,3.65
T5_PC_w1_PD,T5,Cii,PC,1,PD,red,481.48148148148147,3.5
T5_PC_w1_PD,T5,Cii,PC,1,PD,red,483.33333333333337,3.3
T5_PC_w1_PD,T5,Cii,PC,1,PD,red,485.18518518518516,3.1
T5_PC_w1_PD,T5,Cii,PC,1,PD,red,487.03703703703707,2.9
T5_PC_w1_PD,T5,Cii,PC,1,PD,red,488.88888888888886,2.7
T5_PC_w1_PD,T5,Cii,PC,1,PD,red,490.74074074074076,2.5
T5_PC_w1_PD,T5,Cii,PC,1,PD,red,492.59259259259255,2.35
T5_PC_w1_PD,T5,Cii,PC,1,PD,red,494.44444444444446,2.15
T5_PC_w1_PD,T5,Cii,PC,1,PD,red,496.29629629629636,2.05
T5_PC_w1_PD,T5,Cii,PC,1,PD,red,498.14814814814815,1.95
T5_PC_w1_PD,T5,Cii,PC,1,PD,red,500.0,1.85
T5_PC_w1_PD,T5,Cii,PC,1,PD,red,501.8518518518518,1.75
T5_PC_w1_PD,T5,Cii,PC,1,PD,red,503.7037037037037,1.65
T5_PC_w1_PD,T5,Cii,PC,1,PD,red,505.5555555555556,1.55
T5_PC_w1_PD,T5,Cii,PC,1,PD,red,507.4074074074074,1.45
T5_PC_w1_PD,T5,Cii,PC,1,PD,red,509.2592592592593,1.35
T5_PC_w1_PD,T5,Cii,PC,1,PD,red,511.1111111111111,1.3
T5_PC_w1_PD,T5,Cii,PC,1,PD,red,512.9629629629629,1.2
T5_PC_w1_PD,T5,Cii,PC,1,PD,red,514.8148148148148,1.15
T5_PC_w1_PD,T5,Cii,PC,1,PD,red,516.6666666666666,1.1
T5_PC_w1_PD,T5,Cii,PC,1,PD,red,518.5185185185186,1.0
T5_PC_w1_PD,T5,Cii,PC,1,PD,red,520.3703703703703,0.9
T5_PC_w1_PD,T5,Cii,PC,1,PD,red,522.2222222222223,0.8
T5_PC_w1_PD,T5,Cii,PC,1,PD,red,524.074074074074,0.7
T5_PC_w1_PD,T5,Cii,PC,1,PD,red,525.925925925926,0.6
T5_PC_w1_PD,T5,Cii,PC,1,PD,red,527.7777777777778,0.5
T5_PC_w1_PD,T5,Cii,PC,1,PD,red,529.6296296296296,0.45
T5_PC_w1_PD,T5,Cii,PC,1,PD,red,531.4814814814815,0.35
T5_PC_w1_PD,T5,Cii,PC,1,PD,red,533.3333333333333,0.3
T5_PC_w1_PD,T5,Cii,PC,1,PD,red,535.1851851851852,0.2
T5_PC_w1_PD,T5,Cii,PC,1,PD,red,537.037037037037,0.05
T5_PC_w1_PD,T5,Cii,PC,1,PD,red,538.8888888888889,0.0
T5_PC_w1_PD,T5,Cii,PC,1,PD,red,540.7407407407408,-0.05
T5_PC_w1_PD,T5,Cii,PC,1,PD,red,542.5925925925926,-0.1
T5_PC_w1_PD,T5,Cii,PC,1,PD,red,544.4444444444445,-0.2
T5_PC_w1_PD,T5,Cii,PC,1,PD,red,546.2962962962963,-0.25
T5_PC_w1_PD,T5,Cii,PC,1,PD,red,548.1481481481482,-0.3
T5_PC_w1_PD,T5,Cii,PC,1,PD,red,550.0,-0.35
T5_PC_w1_PD,T5,Cii,PC,1,PD,red,551.8518518518518,-0.4
T5_PC_w1_PD,T5,Cii,PC,1,PD,red,553.7037037037037,-0.5
T5_PC_w1_PD,T5,Cii,PC,1,PD,red,555.5555555555555,-0.6
T5_PC_w1_PD,T5,Cii,PC,1,PD,red,557.4074074074074,-0.65
T5_PC_w1_PD,T5,Cii,PC,1,PD,red,559.2592592592592,-0.7
T5_PC_w1_PD,T5,Cii,PC,1,PD,red,561.1111111111111,-0.8
T5_PC_w1_PD,T5,Cii,PC,1,PD,red,562.962962962963,-0.9
T5_PC_w1_PD,T5,Cii,PC,1,PD,red,564.8148148148148,-0.95
T5_PC_w1_PD,T5,Cii,PC,1,PD,red,566.6666666666666,-1.05
T5_PC_w1_PD,T5,Cii,PC,1,PD,red,568.5185185185185,-1.1
T5_PC_w1_PD,T5,Cii,PC,1,PD,red,570.3703703703703,-1.2
T5_PC_w1_PD,T5,Cii,PC,1,PD,red,572.2222222222223,-1.2
T5_PC_w1_PD,T5,Cii,PC,1,PD,red,574.074074074074,-1.2
T5_PC_w1_PD,T5,Cii,PC,1,PD,red,575.925925925926,-1.2
T5_PC_w1_PD,T5,Cii,PC,1,PD,red,577.7777777777777,-1.25
T5_PC_w1_PD,T5,Cii,PC,1,PD,red,579.6296296296297,-1.25
T5_PC_w1_PD,T5,Cii,PC,1,PD,red,581.4814814814814,-1.25
T5_PC_w1_PD,T5,Cii,PC,1,PD,red,583.3333333333334,-1.3
T5_PC_w1_PD,T5,Cii,PC,1,PD,red,585.1851851851852,-1.3
T5_PC_w1_PD,T5,Cii,PC,1,PD,red,587.0370370370371,-1.35
T5_PC_w1_PD,T5,Cii,PC,1,PD,red,588.8888888888889,-1.35
T5_PC_w1_PD,T5,Cii,PC,1,PD,red,590.7407407407406,-1.35
T5_PC_w1_PD,T5,Cii,PC,1,PD,red,592.5925925925926,-1.35
T5_PC_w1_PD,T5,Cii,PC,1,PD,red,594.4444444444445,-1.35
T5_PC_w1_PD,T5,Cii,PC,1,PD,red,596.2962962962963,-1.35
T5_PC_w1_PD,T5,Cii,PC,1,PD,red,598.1481481481482,-1.35
T5_PC_w1_PD,T5,Cii,PC,1,PD,red,600.0,-1.35
T5_PC_w1_PD,T5,Cii,PC,1,PD,red,601.8518518518518,-1.35
T5_PC_w1_PD,T5,Cii,PC,1,PD,red,603.7037037037038,-1.35
T5_PC_w1_PD,T5,Cii,PC,1,PD,red,605.5555555555555,-1.35
T5_PC_w1_PD,T5,Cii,PC,1,PD,red,607.4074074074074,-1.35
T5_PC_w1_PD,T5,Cii,PC,1,PD,red,609.2592592592592,-1.25
T5_PC_w1_PD,T5,Cii,PC,1,PD,red,611.1111111111111,-1.25
T5_PC_w1_PD,T5,Cii,PC,1,PD,red,612.9629629629629,-1.25
T5_PC_w1_PD,T5,Cii,PC,1,PD,red,614.8148148148148,-1.25
T5_PC_w1_PD,T5,Cii,PC,1,PD,red,616.6666666666667,-1.25
T5_PC_w1_PD,T5,Cii,PC,1,PD,red,618.5185185185185,-1.25
T5_PC_w1_PD,T5,Cii,PC,1,PD,red,620.3703703703704,-1.25
T5_PC_w1_PD,T5,Cii,PC,1,PD,red,622.2222222222222,-1.3
T5_PC_w1_PD,T5,Cii,PC,1,PD,red,624.0740740740741,-1.35
T5_PC_w1_PD,T5,Cii,PC,1,PD,red,625.925925925926,-1.4
T5_PC_w1_PD,T5,Cii,PC,1,PD,red,627.7777777777777,-1.4
T5_PC_w1_PD,T5,Cii,PC,1,PD,red,629.6296296296297,-1.4
T5_PC_w1_PD,T5,Cii,PC,1,PD,red,631.4814814814814,-1.4
T5_PC_w1_PD,T5,Cii,PC,1,PD,red,633.3333333333334,-1.4
T5_PC_w1_PD,T5,Cii,PC,1,PD,red,635.1851851851851,-1.45
T5_PC_w1_PD,T5,Cii,PC,1,PD,red,637.0370370370371,-1.45
T5_PC_w1_PD,T5,Cii,PC,1,PD,red,638.8888888888889,-1.45
T5_PC_w1_PD,T5,Cii,PC,1,PD,red,640.7407407407408,-1.45
T5_PC_w1_PD,T5,Cii,PC,1,PD,red,642.5925925925926,-1.45
T5_PC_w1_PD,T5,Cii,PC,1,PD,red,644.4444444444445,-1.5
T5_PC_w1_PD,T5,Cii,PC,1,PD,red,646.2962962962963,-1.5
T5_PC_w1_PD,T5,Cii,PC,1,PD,red,648.1481481481482,-1.55
T5_PC_w1_PD,T5,Cii,PC,1,PD,red,650.0,-1.55
T5_PC_w1_PD,T5,Cii,PC,1,PD,red,651.8518518518518,-1.55
T5_PC_w1_PD,T5,Cii,PC,1,PD,red,653.7037037037037,-1.55
T5_PC_w1_PD,T5,Cii,PC,1,PD,red,655.5555555555555,-1.6
T5_PC_w1_PD,T5,Cii,PC,1,PD,red,657.4074074074074,-1.6
T5_PC_w1_PD,T5,Cii,PC,1,PD,red,659.2592592592592,-1.55
T5_PC_w1_PD,T5,Cii,PC,1,PD,red,661.1111111111112,-1.55
T5_PC_w1_PD,T5,Cii,PC,1,PD,red,662.9629629629629,-1.55
T5_PC_w1_PD,T5,Cii,PC,1,PD,red,664.8148148148148,-1.55
T5_PC_w1_PD,T5,Cii,PC,1,PD,red,666.6666666666666,-1.55
T5_PC_w1_PD,T5,Cii,PC,1,PD,red,668.5185185185185,-1.5
T5_PC_w1_PD,T5,Cii,PC,1,PD,red,670.3703703703704,-1.45
T5_PC_w1_PD,T5,Cii,PC,1,PD,red,672.2222222222222,-1.4
T5_PC_w1_PD,T5,Cii,PC,1,PD,red,674.0740740740741,-1.3
T5_PC_w1_PD,T5,Cii,PC,1,PD,red,675.9259259259259,-1.25
T5_PC_w1_PD,T5,Cii,PC,1,PD,red,677.7777777777778,-1.25
T5_PC_w1_PD,T5,Cii,PC,1,PD,red,679.6296296296296,-1.25
T5_PC_w1_PD,T5,Cii,PC,1,PD,red,681.4814814814815,-1.25
T5_PC_w1_PD,T5,Cii,PC,1,PD,red,683.3333333333334,-1.25
T5_PC_w1_PD,T5,Cii,PC,1,PD,red,685.1851851851852,-1.25
T5_PC_w1_PD,T5,Cii,PC,1,PD,red,687.0370370370371,-1.3
T5_PC_w1_PD,T5,Cii,PC,1,PD,red,688.8888888888888,-1.35
T5_PC_w1_PD,T5,Cii,PC,1,PD,red,690.7407407407408,-1.4
T5_PC_w1_PD,T5,Cii,PC,1,PD,red,692.5925925925926,-1.45
T5_PC_w1_PD,T5,Cii,PC,1,PD,red,694.4444444444445,-1.5
T5_PC_w1_PD,T5,Cii,PC,1,PD,red,696.2962962962963,-1.55
T5_PC_w1_PD,T5,Cii,PC,1,PD,red,698.1481481481482,-1.55
T5_PC_w1_PD,T5,Cii,PC,1,PD,red,700.0,-1.55
T5_PC_w1_PD,T5,Cii,PC,1,PD,red,701.8518518518518,-1.55
T5_PC_w1_PD,T5,Cii,PC,1,PD,red,703.7037037037037,-1.55
T5_PC_w1_PD,T5,Cii,PC,1,PD,red,705.5555555555555,-1.55
T5_PC_w1_PD,T5,Cii,PC,1,PD,red,707.4074074074074,-1.55
T5_PC_w1_PD,T5,Cii,PC,1,PD,red,709.2592592592592,-1.6
T5_PC_w1_PD,T5,Cii,PC,1,PD,red,711.1111111111111,-1.65
T5_PC_w1_PD,T5,Cii,PC,1,PD,red,712.9629629629629,-1.65
T5_PC_w1_PD,T5,Cii,PC,1,PD,red,714.8148148148149,-1.65
T5_PC_w1_PD,T5,Cii,PC,1,PD,red,716.6666666666666,-1.65
T5_PC_w1_PD,T5,Cii,PC,1,PD,red,718.5185185185186,-1.65
T5_PC_w1_PD,T5,Cii,PC,1,PD,red,720.3703703703703,-1.65
T5_PC_w1_PD,T5,Cii,PC,1,PD,red,722.2222222222223,-1.65
T5_PC_w1_PD,T5,Cii,PC,1,PD,red,724.074074074074,-1.65
T5_PC_w1_PD,T5,Cii,PC,1,PD,red,725.9259259259259,-1.65
T5_PC_w1_PD,T5,Cii,PC,1,PD,red,727.7777777777778,-1.65
T5_PC_w1_PD,T5,Cii,PC,1,PD,red,729.6296296296296,-1.65
T5_PC_w1_PD,T5,Cii,PC,1,PD,red,731.4814814814815,-1.55
T5_PC_w1_PD,T5,Cii,PC,1,PD,red,733.3333333333333,-1.55
T5_PC_w1_PD,T5,Cii,PC,1,PD,red,735.1851851851852,-1.55
T5_PC_w1_PD,T5,Cii,PC,1,PD,red,737.0370370370371,-1.55
T5_PC_w1_PD,T5,Cii,PC,1,PD,red,738.8888888888889,-1.55
T5_PC_w1_PD,T5,Cii,PC,1,PD,red,740.7407407407408,-1.5
T5_PC_w1_PD,T5,Cii,PC,1,PD,red,742.5925925925926,-1.5
T5_PC_w1_PD,T5,Cii,PC,1,PD,red,744.4444444444445,-1.55
T5_PC_w1_PD,T5,Cii,PC,1,PD,red,746.2962962962962,-1.55
T5_PC_w1_PD,T5,Cii,PC,1,PD,red,748.1481481481482,-1.5
T5_PC_w1_PD,T5,Cii,PC,1,PD,red,750.0,-1.45
T5_PC_w1_PD,T5,Cii,PC,1,PD,red,751.8518518518518,-1.4
T5_PC_w1_PD,T5,Cii,PC,1,PD,red,753.7037037037037,-1.35
T5_PC_w1_PD,T5,Cii,PC,1,PD,red,755.5555555555555,-1.25
T5_PC_w1_PD,T5,Cii,PC,1,PD,red,757.4074074074074,-1.15
T5_PC_w1_PD,T5,Cii,PC,1,PD,red,759.2592592592594,-1.15
T5_PC_w1_PD,T5,Cii,PC,1,PD,red,761.1111111111111,-1.15
T5_PC_w1_PD,T5,Cii,PC,1,PD,red,762.9629629629629,-1.15
T5_PC_w1_PD,T5,Cii,PC,1,PD,red,764.8148148148148,-1.1
T5_PC_w1_PD,T5,Cii,PC,1,PD,red,766.6666666666666,-1.05
T5_PC_w1_PD,T5,Cii,PC,1,PD,red,768.5185185185186,-1.0
T5_PC_w1_PD,T5,Cii,PC,1,PD,red,770.3703703703703,-0.9
T5_PC_w1_PD,T5,Cii,PC,1,PD,red,772.2222222222223,-0.8
T5_PC_w1_PD,T5,Cii,PC,1,PD,red,774.074074074074,-0.7
T5_PC_w1_PD,T5,Cii,PC,1,PD,red,775.925925925926,-0.65
T5_PC_w1_PD,T5,Cii,PC,1,PD,red,777.7777777777777,-0.65
T5_PC_w1_PD,T5,Cii,PC,1,PD,red,779.6296296296297,-0.65
T5_PC_w1_PD,T5,Cii,PC,1,PD,red,781.4814814814815,-0.7
T5_PC_w1_PD,T5,Cii,PC,1,PD,red,783.3333333333334,-0.8
T5_PC_w1_PD,T5,Cii,PC,1,PD,red,785.1851851851852,-0.85
T5_PC_w1_PD,T5,Cii,PC,1,PD,red,787.037037037037,-0.85
T5_PC_w1_PD,T5,Cii,PC,1,PD,red,788.8888888888889,-0.95
T5_PC_w1_PD,T5,Cii,PC,1,PD,red,790.7407407407408,-0.95
T5_PC_w1_PD,T5,Cii,PC,1,PD,red,792.5925925925926,-0.95
T5_PC_w1_PD,T5,Cii,PC,1,PD,red,794.4444444444445,-0.9
T5_PC_w1_PD,T5,Cii,PC,1,PD,red,796.2962962962963,-0.85
T5_PC_w1_PD,T5,Cii,PC,1,PD,red,798.1481481481482,-0.85
T5_PC_w1_PD,T5,Cii,PC,1,PD,red,800.0,-0.85
T5_PC_w1_PD,T5,Cii,PC,1,PD,red,801.8518518518518,-0.9
T5_PC_w1_PD,T5,Cii,PC,1,PD,red,803.7037037037037,-0.9
T5_PC_w1_PD,T5,Cii,PC,1,PD,red,805.5555555555555,-0.85
T5_PC_w1_PD,T5,Cii,PC,1,PD,red,807.4074074074074,-0.85
T5_PC_w1_PD,T5,Cii,PC,1,PD,red,809.2592592592592,-0.85
T5_PC_w1_PD,T5,Cii,PC,1,PD,red,811.1111111111111,-0.85
T5_PC_w1_PD,T5,Cii,PC,1,PD,red,812.962962962963,-0.85
T5_PC_w1_PD,T5,Cii,PC,1,PD,red,814.8148148148148,-0.75
T5_PC_w1_PD,T5,Cii,PC,1,PD,red,816.6666666666667,-0.7
T5_PC_w1_PD,T5,Cii,PC,1,PD,red,818.5185185185185,-0.65
T5_PC_w1_PD,T5,Cii,PC,1,PD,red,820.3703703703704,-0.6
T5_PC_w1_PD,T5,Cii,PC,1,PD,red,822.2222222222222,-0.55
T5_PC_w1_PD,T5,Cii,PC,1,PD,red,824.074074074074,-0.55
T5_PC_w1_PD,T5,Cii,PC,1,PD,red,825.925925925926,-0.55
T5_PC_w1_PD,T5,Cii,PC,1,PD,red,827.7777777777777,-0.55
T5_PC_w1_PD,T5,Cii,PC,1,PD,red,829.6296296296297,-0.55
T5_PC_w1_PD,T5,Cii,PC,1,PD,red,831.4814814814814,-0.55
T5_PC_w1_PD,T5,Cii,PC,1,PD,red,833.3333333333334,-0.65
T5_PC_w1_PD,T5,Cii,PC,1,PD,red,835.1851851851852,-0.65
T5_PC_w1_PD,T5,Cii,PC,1,PD,red,837.0370370370371,-0.65
T5_PC_w1_PD,T5,Cii,PC,1,PD,red,838.8888888888889,-0.65
T5_PC_w1_PD,T5,Cii,PC,1,PD,red,840.7407407407408,-0.6
T5_PC_w1_PD,T5,Cii,PC,1,PD,red,842.5925925925926,-0.55
T5_PC_w1_PD,T5,Cii,PC,1,PD,red,844.4444444444443,-0.55
T5_PC_w1_PD,T5,Cii,PC,1,PD,red,846.2962962962963,-0.6
T5_PC_w1_PD,T5,Cii,PC,1,PD,red,848.1481481481482,-0.7
T5_PC_w1_PD,T5,Cii,PC,1,PD,red,850.0,-0.75
T5_PC_w1_PD,T5,Cii,PC,1,PD,red,851.8518518518518,-0.75
T5_PC_w1_PD,T5,Cii,PC,1,PD,red,853.7037037037037,-0.8
T5_PC_w1_PD,T5,Cii,PC,1,PD,red,855.5555555555555,-0.85
T5_PC_w1_PD,T5,Cii,PC,1,PD,red,857.4074074074075,-0.85
T5_PC_w1_PD,T5,Cii,PC,1,PD,red,859.2592592592592,-0.85
T5_PC_w1_PD,T5,Cii,PC,1,PD,red,861.1111111111111,-0.85
T5_PC_w1_PD,T5,Cii,PC,1,PD,red,862.9629629629629,-0.85
T5_PC_w1_PD,T5,Cii,PC,1,PD,red,864.8148148148148,-0.8
T5_PC_w1_PD,T5,Cii,PC,1,PD,red,866.6666666666666,-0.75
T5_PC_w1_PD,T5,Cii,PC,1,PD,red,868.5185185185185,-0.7
T5_PC_w1_PD,T5,Cii,PC,1,PD,red,870.3703703703704,-0.65
T5_PC_w1_PD,T5,Cii,PC,1,PD,red,872.2222222222222,-0.55
T5_PC_w1_PD,T5,Cii,PC,1,PD,red,874.0740740740741,-0.55
T5_PC_w1_PD,T5,Cii,PC,1,PD,red,875.9259259259259,-0.45
T5_PC_w1_PD,T5,Cii,PC,1,PD,red,877.7777777777778,-0.45
T5_PC_w1_PD,T5,Cii,PC,1,PD,red,879.6296296296297,-0.45
T5_PC_w1_PD,T5,Cii,PC,1,PD,red,881.4814814814814,-0.5
T5_PC_w1_PD,T5,Cii,PC,1,PD,red,883.3333333333334,-0.5
T5_PC_w1_PD,T5,Cii,PC,1,PD,red,885.1851851851851,-0.45
T5_PC_w1_PD,T5,Cii,PC,1,PD,red,887.0370370370371,-0.45
T5_PC_w1_PD,T5,Cii,PC,1,PD,red,888.8888888888888,-0.4
T5_PC_w1_PD,T5,Cii,PC,1,PD,red,890.7407407407408,-0.35
T5_PC_w1_PD,T5,Cii,PC,1,PD,red,892.5925925925926,-0.3
T5_PC_w1_PD,T5,Cii,PC,1,PD,red,894.4444444444445,-0.15
T5_PC_w1_PD,T5,Cii,PC,1,PD,red,896.2962962962963,-0.05
T5_PC_w1_PD,T5,Cii,PC,1,PD,red,898.1481481481482,0.1
T5_PC_w1_PD,T5,Cii,PC,1,PD,red,900.0,0.15
T5_PC_w1_ND,T5,Cii,PC,1,ND,blue,1.851851851851852,0.0
T5_PC_w1_ND,T5,Cii,PC,1,ND,blue,3.703703703703704,0.05
T5_PC_w1_ND,T5,Cii,PC,1,ND,blue,5.555555555555555,0.05
T5_PC_w1_ND,T5,Cii,PC,1,ND,blue,7.407407407407408,0.05
T5_PC_w1_ND,T5,Cii,PC,1,ND,blue,9.25925925925926,0.05
T5_PC_w1_ND,T5,Cii,PC,1,ND,blue,11.11111111111111,0.1
T5_PC_w1_ND,T5,Cii,PC,1,ND,blue,12.962962962962964,0.1
T5_PC_w1_ND,T5,Cii,PC,1,ND,blue,14.814814814814817,0.15
T5_PC_w1_ND,T5,Cii,PC,1,ND,blue,16.666666666666664,0.15
T5_PC_w1_ND,T5,Cii,PC,1,ND,blue,18.51851851851852,0.15
T5_PC_w1_ND,T5,Cii,PC,1,ND,blue,20.37037037037037,0.15
T5_PC_w1_ND,T5,Cii,PC,1,ND,blue,22.22222222222222,0.15
T5_PC_w1_ND,T5,Cii,PC,1,ND,blue,24.074074074074073,0.18529411764706083
T5_PC_w1_ND,T5,Cii,PC,1,ND,blue,25.925925925925927,0.22058823529412167
T5_PC_w1_ND,T5,Cii,PC,1,ND,blue,27.777777777777775,0.2558823529411768
T5_PC_w1_ND,T5,Cii,PC,1,ND,blue,29.629629629629633,0.29117647058823193
T5_PC_w1_ND,T5,Cii,PC,1,ND,blue,31.48148148148148,0.3264705882352928
T5_PC_w1_ND,T5,Cii,PC,1,ND,blue,33.33333333333333,0.3617647058823536
T5_PC_w1_ND,T5,Cii,PC,1,ND,blue,35.18518518518519,0.39705882352941446
T5_PC_w1_ND,T5,Cii,PC,1,ND,blue,37.03703703703704,0.4323529411764696
T5_PC_w1_ND,T5,Cii,PC,1,ND,blue,38.888888888888886,0.4676470588235304
T5_PC_w1_ND,T5,Cii,PC,1,ND,blue,40.74074074074074,0.5029411764705856
T5_PC_w1_ND,T5,Cii,PC,1,ND,blue,42.592592592592595,0.5382352941176464
T5_PC_w1_ND,T5,Cii,PC,1,ND,blue,44.44444444444444,0.5735294117647072
T5_PC_w1_ND,T5,Cii,PC,1,ND,blue,46.2962962962963,0.6088235294117681
T5_PC_w1_ND,T5,Cii,PC,1,ND,blue,48.148148148148145,0.6441176470588232
T5_PC_w1_ND,T5,Cii,PC,1,ND,blue,50.0,0.6794117647058784
T5_PC_w1_ND,T5,Cii,PC,1,ND,blue,51.851851851851855,0.7147058823529392
T5_PC_w1_ND,T5,Cii,PC,1,ND,blue,53.7037037037037,0.7147058823529392
T5_PC_w1_ND,T5,Cii,PC,1,ND,blue,55.55555555555555,0.7
T5_PC_w1_ND,T5,Cii,PC,1,ND,blue,57.40740740740741,0.65
T5_PC_w1_ND,T5,Cii,PC,1,ND,blue,59.25925925925927,0.65
T5_PC_w1_ND,T5,Cii,PC,1,ND,blue,61.11111111111111,0.6
T5_PC_w1_ND,T5,Cii,PC,1,ND,blue,62.96296296296296,0.5699999999999988
T5_PC_w1_ND,T5,Cii,PC,1,ND,blue,64.81481481481482,0.4899999999999977
T5_PC_w1_ND,T5,Cii,PC,1,ND,blue,66.66666666666666,0.41000000000000225
T5_PC_w1_ND,T5,Cii,PC,1,ND,blue,68.51851851851852,0.3300000000000011
T5_PC_w1_ND,T5,Cii,PC,1,ND,blue,70.37037037037038,0.3
T5_PC_w1_ND,T5,Cii,PC,1,ND,blue,72.22222222222221,0.3
T5_PC_w1_ND,T5,Cii,PC,1,ND,blue,74.07407407407408,0.35
T5_PC_w1_ND,T5,Cii,PC,1,ND,blue,75.92592592592592,0.43000000000000116
T5_PC_w1_ND,T5,Cii,PC,1,ND,blue,77.77777777777777,0.5100000000000022
T5_PC_w1_ND,T5,Cii,PC,1,ND,blue,79.62962962962963,0.5899999999999977
T5_PC_w1_ND,T5,Cii,PC,1,ND,blue,81.48148148148148,0.6699999999999988
T5_PC_w1_ND,T5,Cii,PC,1,ND,blue,83.33333333333333,0.75
T5_PC_w1_ND,T5,Cii,PC,1,ND,blue,85.18518518518519,0.8300000000000012
T5_PC_w1_ND,T5,Cii,PC,1,ND,blue,87.03703703703704,0.9100000000000023
T5_PC_w1_ND,T5,Cii,PC,1,ND,blue,88.88888888888889,0.9899999999999978
T5_PC_w1_ND,T5,Cii,PC,1,ND,blue,90.74074074074073,1.069999999999999
T5_PC_w1_ND,T5,Cii,PC,1,ND,blue,92.5925925925926,1.15
T5_PC_w1_ND,T5,Cii,PC,1,ND,blue,94.44444444444444,1.2
T5_PC_w1_ND,T5,Cii,PC,1,ND,blue,96.29629629629629,1.25
T5_PC_w1_ND,T5,Cii,PC,1,ND,blue,98.14814814814815,1.3
T5_PC_w1_ND,T5,Cii,PC,1,ND,blue,100.0,1.3
T5_PC_w1_ND,T5,Cii,PC,1,ND,blue,101.85185185185185,1.3
T5_PC_w1_ND,T5,Cii,PC,1,ND,blue,103.70370370370371,1.2
T5_PC_w1_ND,T5,Cii,PC,1,ND,blue,105.55555555555554,1.15
T5_PC_w1_ND,T5,Cii,PC,1,ND,blue,107.4074074074074,1.1
T5_PC_w1_ND,T5,Cii,PC,1,ND,blue,109.25925925925927,1.05
T5_PC_w1_ND,T5,Cii,PC,1,ND,blue,111.1111111111111,1.0
T5_PC_w1_ND,T5,Cii,PC,1,ND,blue,112.96296296296298,0.95
T5_PC_w1_ND,T5,Cii,PC,1,ND,blue,114.81481481481482,0.95
T5_PC_w1_ND,T5,Cii,PC,1,ND,blue,116.66666666666666,0.95
T5_PC_w1_ND,T5,Cii,PC,1,ND,blue,118.51851851851853,1.0
T5_PC_w1_ND,T5,Cii,PC,1,ND,blue,120.37037037037037,1.0
T5_PC_w1_ND,T5,Cii,PC,1,ND,blue,122.22222222222221,1.0
T5_PC_w1_ND,T5,Cii,PC,1,ND,blue,124.07407407407409,1.0
T5_PC_w1_ND,T5,Cii,PC,1,ND,blue,125.92592592592592,0.95
T5_PC_w1_ND,T5,Cii,PC,1,ND,blue,127.77777777777777,0.9
T5_PC_w1_ND,T5,Cii,PC,1,ND,blue,129.62962962962965,0.85
T5_PC_w1_ND,T5,Cii,PC,1,ND,blue,131.4814814814815,0.85
T5_PC_w1_ND,T5,Cii,PC,1,ND,blue,133.33333333333331,0.8
T5_PC_w1_ND,T5,Cii,PC,1,ND,blue,135.1851851851852,0.8
T5_PC_w1_ND,T5,Cii,PC,1,ND,blue,137.03703703703704,0.7846153846153812
T5_PC_w1_ND,T5,Cii,PC,1,ND,blue,138.88888888888889,0.7846153846153812
T5_PC_w1_ND,T5,Cii,PC,1,ND,blue,140.74074074074076,0.8192307692307679
T5_PC_w1_ND,T5,Cii,PC,1,ND,blue,142.59259259259258,0.8538461538461547
T5_PC_w1_ND,T5,Cii,PC,1,ND,blue,144.44444444444443,0.8884615384615359
T5_PC_w1_ND,T5,Cii,PC,1,ND,blue,146.2962962962963,0.9230769230769227
T5_PC_w1_ND,T5,Cii,PC,1,ND,blue,148.14814814814815,0.9576923076923094
T5_PC_w1_ND,T5,Cii,PC,1,ND,blue,150.0,0.9923076923076906
T5_PC_w1_ND,T5,Cii,PC,1,ND,blue,151.85185185185185,1.0269230769230773
T5_PC_w1_ND,T5,Cii,PC,1,ND,blue,153.7037037037037,1.0615384615384642
T5_PC_w1_ND,T5,Cii,PC,1,ND,blue,155.55555555555554,1.0961538461538454
T5_PC_w1_ND,T5,Cii,PC,1,ND,blue,157.40740740740742,1.130769230769232
T5_PC_w1_ND,T5,Cii,PC,1,ND,blue,159.25925925925927,1.1653846153846188
T5_PC_w1_ND,T5,Cii,PC,1,ND,blue,161.11111111111111,1.2
T5_PC_w1_ND,T5,Cii,PC,1,ND,blue,162.96296296296296,1.25
T5_PC_w1_ND,T5,Cii,PC,1,ND,blue,164.8148148148148,1.35
T5_PC_w1_ND,T5,Cii,PC,1,ND,blue,166.66666666666666,1.45
T5_PC_w1_ND,T5,Cii,PC,1,ND,blue,168.51851851851853,1.55
T5_PC_w1_ND,T5,Cii,PC,1,ND,blue,170.37037037037038,1.6
T5_PC_w1_ND,T5,Cii,PC,1,ND,blue,172.2222222222222,1.65
T5_PC_w1_ND,T5,Cii,PC,1,ND,blue,174.07407407407408,1.8
T5_PC_w1_ND,T5,Cii,PC,1,ND,blue,175.92592592592592,1.8
T5_PC_w1_ND,T5,Cii,PC,1,ND,blue,177.77777777777777,1.9
T5_PC_w1_ND,T5,Cii,PC,1,ND,blue,179.62962962962965,1.9
T5_PC_w1_ND,T5,Cii,PC,1,ND,blue,181.48148148148147,1.95
T5_PC_w1_ND,T5,Cii,PC,1,ND,blue,183.33333333333331,2.0
T5_PC_w1_ND,T5,Cii,PC,1,ND,blue,185.1851851851852,2.1
T5_PC_w1_ND,T5,Cii,PC,1,ND,blue,187.03703703703704,2.2
T5_PC_w1_ND,T5,Cii,PC,1,ND,blue,188.88888888888889,2.35
T5_PC_w1_ND,T5,Cii,PC,1,ND,blue,190.74074074074073,2.45
T5_PC_w1_ND,T5,Cii,PC,1,ND,blue,192.59259259259258,2.6
T5_PC_w1_ND,T5,Cii,PC,1,ND,blue,194.44444444444443,2.7
T5_PC_w1_ND,T5,Cii,PC,1,ND,blue,196.2962962962963,2.75
T5_PC_w1_ND,T5,Cii,PC,1,ND,blue,198.14814814814815,2.85
T5_PC_w1_ND,T5,Cii,PC,1,ND,blue,200.0,2.9
T5_PC_w1_ND,T5,Cii,PC,1,ND,blue,201.85185185185185,3.0
T5_PC_w1_ND,T5,Cii,PC,1,ND,blue,203.7037037037037,3.2
T5_PC_w1_ND,T5,Cii,PC,1,ND,blue,205.55555555555554,3.35
T5_PC_w1_ND,T5,Cii,PC,1,ND,blue,207.40740740740742,3.45
T5_PC_w1_ND,T5,Cii,PC,1,ND,blue,209.25925925925927,3.55
T5_PC_w1_ND,T5,Cii,PC,1,ND,blue,211.1111111111111,3.6
T5_PC_w1_ND,T5,Cii,PC,1,ND,blue,212.96296296296296,3.65
T5_PC_w1_ND,T5,Cii,PC,1,ND,blue,214.8148148148148,3.7
T5_PC_w1_ND,T5,Cii,PC,1,ND,blue,216.66666666666666,3.75
T5_PC_w1_ND,T5,Cii,PC,1,ND,blue,218.51851851851853,3.8
T5_PC_w1_ND,T5,Cii,PC,1,ND,blue,220.37037037037035,3.9
T5_PC_w1_ND,T5,Cii,PC,1,ND,blue,222.2222222222222,3.95
T5_PC_w1_ND,T5,Cii,PC,1,ND,blue,224.07407407407408,3.95
T5_PC_w1_ND,T5,Cii,PC,1,ND,blue,225.92592592592595,4.0
T5_PC_w1_ND,T5,Cii,PC,1,ND,blue,227.7777777777778,4.0
T5_PC_w1_ND,T5,Cii,PC,1,ND,blue,229.62962962962965,4.05
T5_PC_w1_ND,T5,Cii,PC,1,ND,blue,231.48148148148147,4.076666666666665
T5_PC_w1_ND,T5,Cii,PC,1,ND,blue,233.33333333333331,4.10333333333333
T5_PC_w1_ND,T5,Cii,PC,1,ND,blue,235.18518518518516,4.130000000000001
T5_PC_w1_ND,T5,Cii,PC,1,ND,blue,237.03703703703707,4.156666666666666
T5_PC_w1_ND,T5,Cii,PC,1,ND,blue,238.8888888888889,4.183333333333332
T5_PC_w1_ND,T5,Cii,PC,1,ND,blue,240.74074074074073,4.210000000000003
T5_PC_w1_ND,T5,Cii,PC,1,ND,blue,242.59259259259258,4.236666666666667
T5_PC_w1_ND,T5,Cii,PC,1,ND,blue,244.44444444444443,4.263333333333333
T5_PC_w1_ND,T5,Cii,PC,1,ND,blue,246.29629629629628,4.289999999999997
T5_PC_w1_ND,T5,Cii,PC,1,ND,blue,248.14814814814818,4.316666666666668
T5_PC_w1_ND,T5,Cii,PC,1,ND,blue,250.0,4.343333333333334
T5_PC_w1_ND,T5,Cii,PC,1,ND,blue,251.85185185185185,4.369999999999999
T5_PC_w1_ND,T5,Cii,PC,1,ND,blue,253.7037037037037,4.39666666666667
T5_PC_w1_ND,T5,Cii,PC,1,ND,blue,255.55555555555554,4.423333333333335
T5_PC_w1_ND,T5,Cii,PC,1,ND,blue,257.4074074074074,4.45
T5_PC_w1_ND,T5,Cii,PC,1,ND,blue,259.2592592592593,4.476666666666665
T5_PC_w1_ND,T5,Cii,PC,1,ND,blue,261.11111111111114,4.50333333333333
T5_PC_w1_ND,T5,Cii,PC,1,ND,blue,262.962962962963,4.530000000000001
T5_PC_w1_ND,T5,Cii,PC,1,ND,blue,264.8148148148148,4.556666666666667
T5_PC_w1_ND,T5,Cii,PC,1,ND,blue,266.66666666666663,4.583333333333331
T5_PC_w1_ND,T5,Cii,PC,1,ND,blue,268.5185185185185,4.610000000000002
T5_PC_w1_ND,T5,Cii,PC,1,ND,blue,270.3703703703704,4.636666666666668
T5_PC_w1_ND,T5,Cii,PC,1,ND,blue,272.22222222222223,4.663333333333332
T5_PC_w1_ND,T5,Cii,PC,1,ND,blue,274.0740740740741,4.689999999999998
T5_PC_w1_ND,T5,Cii,PC,1,ND,blue,275.9259259259259,4.716666666666669
T5_PC_w1_ND,T5,Cii,PC,1,ND,blue,277.77777777777777,4.743333333333334
T5_PC_w1_ND,T5,Cii,PC,1,ND,blue,279.6296296296296,4.769999999999999
T5_PC_w1_ND,T5,Cii,PC,1,ND,blue,281.4814814814815,4.7966666666666695
T5_PC_w1_ND,T5,Cii,PC,1,ND,blue,283.3333333333333,4.823333333333335
T5_PC_w1_ND,T5,Cii,PC,1,ND,blue,285.18518518518516,4.85
T5_PC_w1_ND,T5,Cii,PC,1,ND,blue,287.037037037037,4.85
T5_PC_w1_ND,T5,Cii,PC,1,ND,blue,288.88888888888886,4.75
T5_PC_w1_ND,T5,Cii,PC,1,ND,blue,290.7407407407407,4.7
T5_PC_w1_ND,T5,Cii,PC,1,ND,blue,292.5925925925926,4.7
T5_PC_w1_ND,T5,Cii,PC,1,ND,blue,294.44444444444446,4.85
T5_PC_w1_ND,T5,Cii,PC,1,ND,blue,296.2962962962963,4.95
T5_PC_w1_ND,T5,Cii,PC,1,ND,blue,298.14814814814815,5.1
T5_PC_w1_ND,T5,Cii,PC,1,ND,blue,300.0,5.35
T5_PC_w1_ND,T5,Cii,PC,1,ND,blue,301.8518518518519,5.5
T5_PC_w1_ND,T5,Cii,PC,1,ND,blue,303.7037037037037,5.7
T5_PC_w1_ND,T5,Cii,PC,1,ND,blue,305.55555555555554,5.75
T5_PC_w1_ND,T5,Cii,PC,1,ND,blue,307.4074074074074,5.8
T5_PC_w1_ND,T5,Cii,PC,1,ND,blue,309.25925925925924,5.8
T5_PC_w1_ND,T5,Cii,PC,1,ND,blue,311.1111111111111,5.75
T5_PC_w1_ND,T5,Cii,PC,1,ND,blue,312.962962962963,5.65
T5_PC_w1_ND,T5,Cii,PC,1,ND,blue,314.81481481481484,5.65
T5_PC_w1_ND,T5,Cii,PC,1,ND,blue,316.6666666666667,5.65
T5_PC_w1_ND,T5,Cii,PC,1,ND,blue,318.51851851851853,5.7
T5_PC_w1_ND,T5,Cii,PC,1,ND,blue,320.3703703703704,5.7
T5_PC_w1_ND,T5,Cii,PC,1,ND,blue,322.22222222222223,5.7
T5_PC_w1_ND,T5,Cii,PC,1,ND,blue,324.0740740740741,5.7
T5_PC_w1_ND,T5,Cii,PC,1,ND,blue,325.9259259259259,5.7
T5_PC_w1_ND,T5,Cii,PC,1,ND,blue,327.77777777777777,5.7
T5_PC_w1_ND,T5,Cii,PC,1,ND,blue,329.6296296296296,5.7
T5_PC_w1_ND,T5,Cii,PC,1,ND,blue,331.48148148148147,5.65
T5_PC_w1_ND,T5,Cii,PC,1,ND,blue,333.3333333333333,5.6
T5_PC_w1_ND,T5,Cii,PC,1,ND,blue,335.1851851851852,5.55
T5_PC_w1_ND,T5,Cii,PC,1,ND,blue,337.03703703703707,5.45
T5_PC_w1_ND,T5,Cii,PC,1,ND,blue,338.8888888888889,5.45
T5_PC_w1_ND,T5,Cii,PC,1,ND,blue,340.74074074074076,5.5
T5_PC_w1_ND,T5,Cii,PC,1,ND,blue,342.5925925925926,5.5
T5_PC_w1_ND,T5,Cii,PC,1,ND,blue,344.4444444444444,5.4
T5_PC_w1_ND,T5,Cii,PC,1,ND,blue,346.2962962962963,5.3
T5_PC_w1_ND,T5,Cii,PC,1,ND,blue,348.14814814814815,5.2
T5_PC_w1_ND,T5,Cii,PC,1,ND,blue,350.0,5.1
T5_PC_w1_ND,T5,Cii,PC,1,ND,blue,351.85185185185185,4.95
T5_PC_w1_ND,T5,Cii,PC,1,ND,blue,353.7037037037037,4.9
T5_PC_w1_ND,T5,Cii,PC,1,ND,blue,355.55555555555554,4.9
T5_PC_w1_ND,T5,Cii,PC,1,ND,blue,357.40740740740745,4.9
T5_PC_w1_ND,T5,Cii,PC,1,ND,blue,359.2592592592593,4.85
T5_PC_w1_ND,T5,Cii,PC,1,ND,blue,361.11111111111114,4.75
T5_PC_w1_ND,T5,Cii,PC,1,ND,blue,362.96296296296293,4.7
T5_PC_w1_ND,T5,Cii,PC,1,ND,blue,364.8148148148148,4.7
T5_PC_w1_ND,T5,Cii,PC,1,ND,blue,366.66666666666663,4.75
T5_PC_w1_ND,T5,Cii,PC,1,ND,blue,368.51851851851853,4.8
T5_PC_w1_ND,T5,Cii,PC,1,ND,blue,370.3703703703704,4.8
T5_PC_w1_ND,T5,Cii,PC,1,ND,blue,372.22222222222223,4.8
T5_PC_w1_ND,T5,Cii,PC,1,ND,blue,374.0740740740741,4.8
T5_PC_w1_ND,T5,Cii,PC,1,ND,blue,375.9259259259259,4.8
T5_PC_w1_ND,T5,Cii,PC,1,ND,blue,377.77777777777777,4.8
T5_PC_w1_ND,T5,Cii,PC,1,ND,blue,379.6296296296297,4.7
T5_PC_w1_ND,T5,Cii,PC,1,ND,blue,381.48148148148147,4.7
T5_PC_w1_ND,T5,Cii,PC,1,ND,blue,383.3333333333333,4.7
T5_PC_w1_ND,T5,Cii,PC,1,ND,blue,385.18518518518516,4.75
T5_PC_w1_ND,T5,Cii,PC,1,ND,blue,387.037037037037,4.85
T5_PC_w1_ND,T5,Cii,PC,1,ND,blue,388.88888888888886,4.95
T5_PC_w1_ND,T5,Cii,PC,1,ND,blue,390.74074074074076,4.95
T5_PC_w1_ND,T5,Cii,PC,1,ND,blue,392.5925925925926,5.0
T5_PC_w1_ND,T5,Cii,PC,1,ND,blue,394.44444444444446,5.0
T5_PC_w1_ND,T5,Cii,PC,1,ND,blue,396.2962962962963,5.0
T5_PC_w1_ND,T5,Cii,PC,1,ND,blue,398.14814814814815,4.95
T5_PC_w1_ND,T5,Cii,PC,1,ND,blue,400.0,4.95
T5_PC_w1_ND,T5,Cii,PC,1,ND,blue,401.85185185185185,4.9
T5_PC_w1_ND,T5,Cii,PC,1,ND,blue,403.7037037037037,4.9
T5_PC_w1_ND,T5,Cii,PC,1,ND,blue,405.55555555555554,4.9
T5_PC_w1_ND,T5,Cii,PC,1,ND,blue,407.4074074074074,4.85
T5_PC_w1_ND,T5,Cii,PC,1,ND,blue,409.25925925925924,4.75
T5_PC_w1_ND,T5,Cii,PC,1,ND,blue,411.1111111111111,4.75
T5_PC_w1_ND,T5,Cii,PC,1,ND,blue,412.962962962963,4.65
T5_PC_w1_ND,T5,Cii,PC,1,ND,blue,414.81481481481484,4.55
T5_PC_w1_ND,T5,Cii,PC,1,ND,blue,416.6666666666667,4.45
T5_PC_w1_ND,T5,Cii,PC,1,ND,blue,418.51851851851853,4.4
T5_PC_w1_ND,T5,Cii,PC,1,ND,blue,420.3703703703704,4.4
T5_PC_w1_ND,T5,Cii,PC,1,ND,blue,422.2222222222222,4.4
T5_PC_w1_ND,T5,Cii,PC,1,ND,blue,424.0740740740741,4.4
T5_PC_w1_ND,T5,Cii,PC,1,ND,blue,425.9259259259259,4.4
T5_PC_w1_ND,T5,Cii,PC,1,ND,blue,427.77777777777777,4.4
T5_PC_w1_ND,T5,Cii,PC,1,ND,blue,429.6296296296296,4.5
T5_PC_w1_ND,T5,Cii,PC,1,ND,blue,431.48148148148147,4.5
T5_PC_w1_ND,T5,Cii,PC,1,ND,blue,433.3333333333333,4.55
T5_PC_w1_ND,T5,Cii,PC,1,ND,blue,435.1851851851852,4.6
T5_PC_w1_ND,T5,Cii,PC,1,ND,blue,437.03703703703707,4.6
T5_PC_w1_ND,T5,Cii,PC,1,ND,blue,438.8888888888889,4.65
T5_PC_w1_ND,T5,Cii,PC,1,ND,blue,440.7407407407407,4.7
T5_PC_w1_ND,T5,Cii,PC,1,ND,blue,442.59259259259255,4.7
T5_PC_w1_ND,T5,Cii,PC,1,ND,blue,444.4444444444444,4.65
T5_PC_w1_ND,T5,Cii,PC,1,ND,blue,446.2962962962963,4.6
T5_PC_w1_ND,T5,Cii,PC,1,ND,blue,448.14814814814815,4.55
T5_PC_w1_ND,T5,Cii,PC,1,ND,blue,450.0,4.5
T5_PC_w1_ND,T5,Cii,PC,1,ND,blue,451.8518518518519,4.45
T5_PC_w1_ND,T5,Cii,PC,1,ND,blue,453.7037037037037,4.35
T5_PC_w1_ND,T5,Cii,PC,1,ND,blue,455.5555555555556,4.3
T5_PC_w1_ND,T5,Cii,PC,1,ND,blue,457.4074074074074,4.15
T5_PC_w1_ND,T5,Cii,PC,1,ND,blue,459.2592592592593,4.05
T5_PC_w1_ND,T5,Cii,PC,1,ND,blue,461.11111111111114,3.85
T5_PC_w1_ND,T5,Cii,PC,1,ND,blue,462.96296296296293,3.75
T5_PC_w1_ND,T5,Cii,PC,1,ND,blue,464.81481481481484,3.6
T5_PC_w1_ND,T5,Cii,PC,1,ND,blue,466.66666666666663,3.45
T5_PC_w1_ND,T5,Cii,PC,1,ND,blue,468.51851851851853,3.3
T5_PC_w1_ND,T5,Cii,PC,1,ND,blue,470.3703703703703,3.2
T5_PC_w1_ND,T5,Cii,PC,1,ND,blue,472.22222222222223,3.15
T5_PC_w1_ND,T5,Cii,PC,1,ND,blue,474.07407407407413,3.05
T5_PC_w1_ND,T5,Cii,PC,1,ND,blue,475.9259259259259,3.0
T5_PC_w1_ND,T5,Cii,PC,1,ND,blue,477.7777777777778,2.85
T5_PC_w1_ND,T5,Cii,PC,1,ND,blue,479.6296296296296,2.8
T5_PC_w1_ND,T5,Cii,PC,1,ND,blue,481.48148148148147,2.65
T5_PC_w1_ND,T5,Cii,PC,1,ND,blue,483.33333333333337,2.592500000000001
T5_PC_w1_ND,T5,Cii,PC,1,ND,blue,485.18518518518516,2.5350000000000024
T5_PC_w1_ND,T5,Cii,PC,1,ND,blue,487.03703703703707,2.477499999999998
T5_PC_w1_ND,T5,Cii,PC,1,ND,blue,488.88888888888886,2.419999999999999
T5_PC_w1_ND,T5,Cii,PC,1,ND,blue,490.74074074074076,2.3625
T5_PC_w1_ND,T5,Cii,PC,1,ND,blue,492.59259259259255,2.305000000000001
T5_PC_w1_ND,T5,Cii,PC,1,ND,blue,494.44444444444446,2.2475000000000023
T5_PC_w1_ND,T5,Cii,PC,1,ND,blue,496.29629629629636,2.1899999999999977
T5_PC_w1_ND,T5,Cii,PC,1,ND,blue,498.14814814814815,2.132499999999999
T5_PC_w1_ND,T5,Cii,PC,1,ND,blue,500.0,2.075
T5_PC_w1_ND,T5,Cii,PC,1,ND,blue,501.8518518518518,2.017500000000001
T5_PC_w1_ND,T5,Cii,PC,1,ND,blue,503.7037037037037,1.9600000000000022
T5_PC_w1_ND,T5,Cii,PC,1,ND,blue,505.5555555555556,1.9024999999999976
T5_PC_w1_ND,T5,Cii,PC,1,ND,blue,507.4074074074074,1.8449999999999989
T5_PC_w1_ND,T5,Cii,PC,1,ND,blue,509.2592592592593,1.7875
T5_PC_w1_ND,T5,Cii,PC,1,ND,blue,511.1111111111111,1.730000000000001
T5_PC_w1_ND,T5,Cii,PC,1,ND,blue,512.9629629629629,1.6725000000000023
T5_PC_w1_ND,T5,Cii,PC,1,ND,blue,514.8148148148148,1.6149999999999978
T5_PC_w1_ND,T5,Cii,PC,1,ND,blue,516.6666666666666,1.5574999999999988
T5_PC_w1_ND,T5,Cii,PC,1,ND,blue,518.5185185185186,1.5
T5_PC_w1_ND,T5,Cii,PC,1,ND,blue,520.3703703703703,1.4425000000000012
T5_PC_w1_ND,T5,Cii,PC,1,ND,blue,522.2222222222223,1.3850000000000022
T5_PC_w1_ND,T5,Cii,PC,1,ND,blue,524.074074074074,1.3274999999999977
T5_PC_w1_ND,T5,Cii,PC,1,ND,blue,525.925925925926,1.269999999999999
T5_PC_w1_ND,T5,Cii,PC,1,ND,blue,527.7777777777778,1.2125
T5_PC_w1_ND,T5,Cii,PC,1,ND,blue,529.6296296296296,1.1550000000000011
T5_PC_w1_ND,T5,Cii,PC,1,ND,blue,531.4814814814815,1.0975000000000024
T5_PC_w1_ND,T5,Cii,PC,1,ND,blue,533.3333333333333,1.0399999999999978
T5_PC_w1_ND,T5,Cii,PC,1,ND,blue,535.1851851851852,0.9824999999999988
T5_PC_w1_ND,T5,Cii,PC,1,ND,blue,537.037037037037,0.925
T5_PC_w1_ND,T5,Cii,PC,1,ND,blue,538.8888888888889,0.8675000000000012
T5_PC_w1_ND,T5,Cii,PC,1,ND,blue,540.7407407407408,0.8100000000000023
T5_PC_w1_ND,T5,Cii,PC,1,ND,blue,542.5925925925926,0.7524999999999977
T5_PC_w1_ND,T5,Cii,PC,1,ND,blue,544.4444444444445,0.6949999999999988
T5_PC_w1_ND,T5,Cii,PC,1,ND,blue,546.2962962962963,0.6375
T5_PC_w1_ND,T5,Cii,PC,1,ND,blue,548.1481481481482,0.5800000000000012
T5_PC_w1_ND,T5,Cii,PC,1,ND,blue,550.0,0.5225000000000023
T5_PC_w1_ND,T5,Cii,PC,1,ND,blue,551.8518518518518,0.46499999999999775
T5_PC_w1_ND,T5,Cii,PC,1,ND,blue,553.7037037037037,0.40749999999999886
T5_PC_w1_ND,T5,Cii,PC,1,ND,blue,555.5555555555555,0.35
T5_PC_w1_ND,T5,Cii,PC,1,ND,blue,557.4074074074074,0.25
T5_PC_w1_ND,T5,Cii,PC,1,ND,blue,559.2592592592592,0.2
T5_PC_w1_ND,T5,Cii,PC,1,ND,blue,561.1111111111111,0.2
T5_PC_w1_ND,T5,Cii,PC,1,ND,blue,562.962962962963,0.2
T5_PC_w1_ND,T5,Cii,PC,1,ND,blue,564.8148148148148,0.2
T5_PC_w1_ND,T5,Cii,PC,1,ND,blue,566.6666666666666,0.2
T5_PC_w1_ND,T5,Cii,PC,1,ND,blue,568.5185185185185,0.2
T5_PC_w1_ND,T5,Cii,PC,1,ND,blue,570.3703703703703,0.2
T5_PC_w1_ND,T5,Cii,PC,1,ND,blue,572.2222222222223,0.2
T5_PC_w1_ND,T5,Cii,PC,1,ND,blue,574.074074074074,0.2
T5_PC_w1_ND,T5,Cii,PC,1,ND,blue,575.925925925926,0.2
T5_PC_w1_ND,T5,Cii,PC,1,ND,blue,577.7777777777777,0.2
T5_PC_w1_ND,T5,Cii,PC,1,ND,blue,579.6296296296297,0.2
T5_PC_w1_ND,T5,Cii,PC,1,ND,blue,581.4814814814814,0.1
T5_PC_w1_ND,T5,Cii,PC,1,ND,blue,583.3333333333334,0.1
T5_PC_w1_ND,T5,Cii,PC,1,ND,blue,585.1851851851852,0.0
T5_PC_w1_ND,T5,Cii,PC,1,ND,blue,587.0370370370371,0.0
T5_PC_w1_ND,T5,Cii,PC,1,ND,blue,588.8888888888889,0.0
T5_PC_w1_ND,T5,Cii,PC,1,ND,blue,590.7407407407406,0.0
T5_PC_w1_ND,T5,Cii,PC,1,ND,blue,592.5925925925926,0.0
T5_PC_w1_ND,T5,Cii,PC,1,ND,blue,594.4444444444445,0.0
T5_PC_w1_ND,T5,Cii,PC,1,ND,blue,596.2962962962963,0.0
T5_PC_w1_ND,T5,Cii,PC,1,ND,blue,598.1481481481482,0.0
T5_PC_w1_ND,T5,Cii,PC,1,ND,blue,600.0,0.0
T5_PC_w1_ND,T5,Cii,PC,1,ND,blue,601.8518518518518,0.0
T5_PC_w1_ND,T5,Cii,PC,1,ND,blue,603.7037037037038,0.0
T5_PC_w1_ND,T5,Cii,PC,1,ND,blue,605.5555555555555,0.0
T5_PC_w1_ND,T5,Cii,PC,1,ND,blue,607.4074074074074,0.0
T5_PC_w1_ND,T5,Cii,PC,1,ND,blue,609.2592592592592,0.0
T5_PC_w1_ND,T5,Cii,PC,1,ND,blue,611.1111111111111,0.0
T5_PC_w1_ND,T5,Cii,PC,1,ND,blue,612.9629629629629,0.0
T5_PC_w1_ND,T5,Cii,PC,1,ND,blue,614.8148148148148,0.0
T5_PC_w1_ND,T5,Cii,PC,1,ND,blue,616.6666666666667,-0.05
T5_PC_w1_ND,T5,Cii,PC,1,ND,blue,618.5185185185185,-0.05
T5_PC_w1_ND,T5,Cii,PC,1,ND,blue,620.3703703703704,-0.05
T5_PC_w1_ND,T5,Cii,PC,1,ND,blue,622.2222222222222,0.0
T5_PC_w1_ND,T5,Cii,PC,1,ND,blue,624.0740740740741,0.05
T5_PC_w1_ND,T5,Cii,PC,1,ND,blue,625.925925925926,0.1
T5_PC_w1_ND,T5,Cii,PC,1,ND,blue,627.7777777777777,0.2
T5_PC_w1_ND,T5,Cii,PC,1,ND,blue,629.6296296296297,0.2
T5_PC_w1_ND,T5,Cii,PC,1,ND,blue,631.4814814814814,0.25
T5_PC_w1_ND,T5,Cii,PC,1,ND,blue,633.3333333333334,0.3
T5_PC_w1_ND,T5,Cii,PC,1,ND,blue,635.1851851851851,0.3
T5_PC_w1_ND,T5,Cii,PC,1,ND,blue,637.0370370370371,0.3
T5_PC_w1_ND,T5,Cii,PC,1,ND,blue,638.8888888888889,0.35
T5_PC_w1_ND,T5,Cii,PC,1,ND,blue,640.7407407407408,0.35
T5_PC_w1_ND,T5,Cii,PC,1,ND,blue,642.5925925925926,0.45
T5_PC_w1_ND,T5,Cii,PC,1,ND,blue,644.4444444444445,0.5
T5_PC_w1_ND,T5,Cii,PC,1,ND,blue,646.2962962962963,0.5
T5_PC_w1_ND,T5,Cii,PC,1,ND,blue,648.1481481481482,0.5
T5_PC_w1_ND,T5,Cii,PC,1,ND,blue,650.0,0.5
T5_PC_w1_ND,T5,Cii,PC,1,ND,blue,651.8518518518518,0.5
T5_PC_w1_ND,T5,Cii,PC,1,ND,blue,653.7037037037037,0.4
T5_PC_w1_ND,T5,Cii,PC,1,ND,blue,655.5555555555555,0.4
T5_PC_w1_ND,T5,Cii,PC,1,ND,blue,657.4074074074074,0.5
T5_PC_w1_ND,T5,Cii,PC,1,ND,blue,659.2592592592592,0.5
T5_PC_w1_ND,T5,Cii,PC,1,ND,blue,661.1111111111112,0.45
T5_PC_w1_ND,T5,Cii,PC,1,ND,blue,662.9629629629629,0.45
T5_PC_w1_ND,T5,Cii,PC,1,ND,blue,664.8148148148148,0.45
T5_PC_w1_ND,T5,Cii,PC,1,ND,blue,666.6666666666666,0.45
T5_PC_w1_ND,T5,Cii,PC,1,ND,blue,668.5185185185185,0.45
T5_PC_w1_ND,T5,Cii,PC,1,ND,blue,670.3703703703704,0.45
T5_PC_w1_ND,T5,Cii,PC,1,ND,blue,672.2222222222222,0.45
T5_PC_w1_ND,T5,Cii,PC,1,ND,blue,674.0740740740741,0.45
T5_PC_w1_ND,T5,Cii,PC,1,ND,blue,675.9259259259259,0.4
T5_PC_w1_ND,T5,Cii,PC,1,ND,blue,677.7777777777778,0.35
T5_PC_w1_ND,T5,Cii,PC,1,ND,blue,679.6296296296296,0.3
T5_PC_w1_ND,T5,Cii,PC,1,ND,blue,681.4814814814815,0.3
T5_PC_w1_ND,T5,Cii,PC,1,ND,blue,683.3333333333334,0.3
T5_PC_w1_ND,T5,Cii,PC,1,ND,blue,685.1851851851852,0.2
T5_PC_w1_ND,T5,Cii,PC,1,ND,blue,687.0370370370371,0.2
T5_PC_w1_ND,T5,Cii,PC,1,ND,blue,688.8888888888888,0.2
T5_PC_w1_ND,T5,Cii,PC,1,ND,blue,690.7407407407408,0.2
T5_PC_w1_ND,T5,Cii,PC,1,ND,blue,692.5925925925926,0.25
T5_PC_w1_ND,T5,Cii,PC,1,ND,blue,694.4444444444445,0.35
T5_PC_w1_ND,T5,Cii,PC,1,ND,blue,696.2962962962963,0.4
T5_PC_w1_ND,T5,Cii,PC,1,ND,blue,698.1481481481482,0.4
T5_PC_w1_ND,T5,Cii,PC,1,ND,blue,700.0,0.4
T5_PC_w1_ND,T5,Cii,PC,1,ND,blue,701.8518518518518,0.4
T5_PC_w1_ND,T5,Cii,PC,1,ND,blue,703.7037037037037,0.4
T5_PC_w1_ND,T5,Cii,PC,1,ND,blue,705.5555555555555,0.4
T5_PC_w1_ND,T5,Cii,PC,1,ND,blue,707.4074074074074,0.4
T5_PC_w1_ND,T5,Cii,PC,1,ND,blue,709.2592592592592,0.4
T5_PC_w1_ND,T5,Cii,PC,1,ND,blue,711.1111111111111,0.45
T5_PC_w1_ND,T5,Cii,PC,1,ND,blue,712.9629629629629,0.5
T5_PC_w1_ND,T5,Cii,PC,1,ND,blue,714.8148148148149,0.6
T5_PC_w1_ND,T5,Cii,PC,1,ND,blue,716.6666666666666,0.65
T5_PC_w1_ND,T5,Cii,PC,1,ND,blue,718.5185185185186,0.8
T5_PC_w1_ND,T5,Cii,PC,1,ND,blue,720.3703703703703,0.8
T5_PC_w1_ND,T5,Cii,PC,1,ND,blue,722.2222222222223,0.8
T5_PC_w1_ND,T5,Cii,PC,1,ND,blue,724.074074074074,0.8
T5_PC_w1_ND,T5,Cii,PC,1,ND,blue,725.9259259259259,0.7
T5_PC_w1_ND,T5,Cii,PC,1,ND,blue,727.7777777777778,0.7
T5_PC_w1_ND,T5,Cii,PC,1,ND,blue,729.6296296296296,0.65
T5_PC_w1_ND,T5,Cii,PC,1,ND,blue,731.4814814814815,0.6
T5_PC_w1_ND,T5,Cii,PC,1,ND,blue,733.3333333333333,0.6
T5_PC_w1_ND,T5,Cii,PC,1,ND,blue,735.1851851851852,0.6
T5_PC_w1_ND,T5,Cii,PC,1,ND,blue,737.0370370370371,0.6
T5_PC_w1_ND,T5,Cii,PC,1,ND,blue,738.8888888888889,0.5
T5_PC_w1_ND,T5,Cii,PC,1,ND,blue,740.7407407407408,0.45
T5_PC_w1_ND,T5,Cii,PC,1,ND,blue,742.5925925925926,0.35
T5_PC_w1_ND,T5,Cii,PC,1,ND,blue,744.4444444444445,0.25
T5_PC_w1_ND,T5,Cii,PC,1,ND,blue,746.2962962962962,0.25
T5_PC_w1_ND,T5,Cii,PC,1,ND,blue,748.1481481481482,0.15
T5_PC_w1_ND,T5,Cii,PC,1,ND,blue,750.0,0.05
T5_PC_w1_ND,T5,Cii,PC,1,ND,blue,751.8518518518518,-0.05
T5_PC_w1_ND,T5,Cii,PC,1,ND,blue,753.7037037037037,-0.05
T5_PC_w1_ND,T5,Cii,PC,1,ND,blue,755.5555555555555,-0.05
T5_PC_w1_ND,T5,Cii,PC,1,ND,blue,757.4074074074074,-0.05
T5_PC_w1_ND,T5,Cii,PC,1,ND,blue,759.2592592592594,0.0
T5_PC_w1_ND,T5,Cii,PC,1,ND,blue,761.1111111111111,0.0
T5_PC_w1_ND,T5,Cii,PC,1,ND,blue,762.9629629629629,0.0
T5_PC_w1_ND,T5,Cii,PC,1,ND,blue,764.8148148148148,0.05
T5_PC_w1_ND,T5,Cii,PC,1,ND,blue,766.6666666666666,0.1
T5_PC_w1_ND,T5,Cii,PC,1,ND,blue,768.5185185185186,0.15
T5_PC_w1_ND,T5,Cii,PC,1,ND,blue,770.3703703703703,0.15
T5_PC_w1_ND,T5,Cii,PC,1,ND,blue,772.2222222222223,0.15
T5_PC_w1_ND,T5,Cii,PC,1,ND,blue,774.074074074074,0.15
T5_PC_w1_ND,T5,Cii,PC,1,ND,blue,775.925925925926,0.15
T5_PC_w1_ND,T5,Cii,PC,1,ND,blue,777.7777777777777,0.15
T5_PC_w1_ND,T5,Cii,PC,1,ND,blue,779.6296296296297,0.15
T5_PC_w1_ND,T5,Cii,PC,1,ND,blue,781.4814814814815,0.15
T5_PC_w1_ND,T5,Cii,PC,1,ND,blue,783.3333333333334,0.15
T5_PC_w1_ND,T5,Cii,PC,1,ND,blue,785.1851851851852,0.15
T5_PC_w1_ND,T5,Cii,PC,1,ND,blue,787.037037037037,0.15
T5_PC_w1_ND,T5,Cii,PC,1,ND,blue,788.8888888888889,0.15
T5_PC_w1_ND,T5,Cii,PC,1,ND,blue,790.7407407407408,0.15
T5_PC_w1_ND,T5,Cii,PC,1,ND,blue,792.5925925925926,0.15
T5_PC_w1_ND,T5,Cii,PC,1,ND,blue,794.4444444444445,0.15
T5_PC_w1_ND,T5,Cii,PC,1,ND,blue,796.2962962962963,0.15
T5_PC_w1_ND,T5,Cii,PC,1,ND,blue,798.1481481481482,0.15
T5_PC_w1_ND,T5,Cii,PC,1,ND,blue,800.0,0.15
T5_PC_w1_ND,T5,Cii,PC,1,ND,blue,801.8518518518518,0.15
T5_PC_w1_ND,T5,Cii,PC,1,ND,blue,803.7037037037037,0.15
T5_PC_w1_ND,T5,Cii,PC,1,ND,blue,805.5555555555555,0.15
T5_PC_w1_ND,T5,Cii,PC,1,ND,blue,807.4074074074074,0.15
T5_PC_w1_ND,T5,Cii,PC,1,ND,blue,809.2592592592592,0.15
T5_PC_w1_ND,T5,Cii,PC,1,ND,blue,811.1111111111111,0.15
T5_PC_w1_ND,T5,Cii,PC,1,ND,blue,812.962962962963,0.2
T5_PC_w1_ND,T5,Cii,PC,1,ND,blue,814.8148148148148,0.25
T5_PC_w1_ND,T5,Cii,PC,1,ND,blue,816.6666666666667,0.35
T5_PC_w1_ND,T5,Cii,PC,1,ND,blue,818.5185185185185,0.35
T5_PC_w1_ND,T5,Cii,PC,1,ND,blue,820.3703703703704,0.4
T5_PC_w1_ND,T5,Cii,PC,1,ND,blue,822.2222222222222,0.45
T5_PC_w1_ND,T5,Cii,PC,1,ND,blue,824.074074074074,0.45
T5_PC_w1_ND,T5,Cii,PC,1,ND,blue,825.925925925926,0.43000000000000116
T5_PC_w1_ND,T5,Cii,PC,1,ND,blue,827.7777777777777,0.41000000000000225
T5_PC_w1_ND,T5,Cii,PC,1,ND,blue,829.6296296296297,0.38999999999999774
T5_PC_w1_ND,T5,Cii,PC,1,ND,blue,831.4814814814814,0.3699999999999989
T5_PC_w1_ND,T5,Cii,PC,1,ND,blue,833.3333333333334,0.35
T5_PC_w1_ND,T5,Cii,PC,1,ND,blue,835.1851851851852,0.35
T5_PC_w1_ND,T5,Cii,PC,1,ND,blue,837.0370370370371,0.35
T5_PC_w1_ND,T5,Cii,PC,1,ND,blue,838.8888888888889,0.35
T5_PC_w1_ND,T5,Cii,PC,1,ND,blue,840.7407407407408,0.3625
T5_PC_w1_ND,T5,Cii,PC,1,ND,blue,842.5925925925926,0.375
T5_PC_w1_ND,T5,Cii,PC,1,ND,blue,844.4444444444443,0.3875
T5_PC_w1_ND,T5,Cii,PC,1,ND,blue,846.2962962962963,0.4
T5_PC_w1_ND,T5,Cii,PC,1,ND,blue,848.1481481481482,0.45
T5_PC_w1_ND,T5,Cii,PC,1,ND,blue,850.0,0.45
T5_PC_w1_ND,T5,Cii,PC,1,ND,blue,851.8518518518518,0.55
T5_PC_w1_ND,T5,Cii,PC,1,ND,blue,853.7037037037037,0.75
T5_PC_w1_ND,T5,Cii,PC,1,ND,blue,855.5555555555555,0.9
T5_PC_w1_ND,T5,Cii,PC,1,ND,blue,857.4074074074075,1.05
T5_PC_w1_ND,T5,Cii,PC,1,ND,blue,859.2592592592592,1.3
T5_PC_w1_ND,T5,Cii,PC,1,ND,blue,861.1111111111111,1.4
T5_PC_w1_ND,T5,Cii,PC,1,ND,blue,862.9629629629629,1.55
T5_PC_w1_ND,T5,Cii,PC,1,ND,blue,864.8148148148148,1.6
T5_PC_w1_ND,T5,Cii,PC,1,ND,blue,866.6666666666666,1.6
T5_PC_w1_ND,T5,Cii,PC,1,ND,blue,868.5185185185185,1.6
T5_PC_w1_ND,T5,Cii,PC,1,ND,blue,870.3703703703704,1.6
T5_PC_w1_ND,T5,Cii,PC,1,ND,blue,872.2222222222222,1.6
T5_PC_w1_ND,T5,Cii,PC,1,ND,blue,874.0740740740741,1.6
T5_PC_w1_ND,T5,Cii,PC,1,ND,blue,875.9259259259259,1.55
T5_PC_w1_ND,T5,Cii,PC,1,ND,blue,877.7777777777778,1.45
T5_PC_w1_ND,T5,Cii,PC,1,ND,blue,879.6296296296297,1.4
T5_PC_w1_ND,T5,Cii,PC,1,ND,blue,881.4814814814814,1.3
T5_PC_w1_ND,T5,Cii,PC,1,ND,blue,883.3333333333334,1.2
T5_PC_w1_ND,T5,Cii,PC,1,ND,blue,885.1851851851851,1.2
T5_PC_w1_ND,T5,Cii,PC,1,ND,blue,887.0370370370371,1.2
T5_PC_w1_ND,T5,Cii,PC,1,ND,blue,888.8888888888888,1.15
T5_PC_w1_ND,T5,Cii,PC,1,ND,blue,890.7407407407408,1.1
T5_PC_w1_ND,T5,Cii,PC,1,ND,blue,892.5925925925926,1.0
T5_PC_w1_ND,T5,Cii,PC,1,ND,blue,894.4444444444445,1.0
T5_PC_w1_ND,T5,Cii,PC,1,ND,blue,896.2962962962963,1.0
T5_PC_w4_PD,T5,Cii,PC,4,PD,red,0.0,0.0
T5_PC_w4_PD,T5,Cii,PC,4,PD,red,1.863354037267081,0.05
T5_PC_w4_PD,T5,Cii,PC,4,PD,red,3.726708074534162,0.05
T5_PC_w4_PD,T5,Cii,PC,4,PD,red,5.590062111801242,0.0
T5_PC_w4_PD,T5,Cii,PC,4,PD,red,7.453416149068324,0.0
T5_PC_w4_PD,T5,Cii,PC,4,PD,red,9.316770186335404,0.0
T5_PC_w4_PD,T5,Cii,PC,4,PD,red,11.180124223602483,0.1
T5_PC_w4_PD,T5,Cii,PC,4,PD,red,13.043478260869565,0.1
T5_PC_w4_PD,T5,Cii,PC,4,PD,red,14.906832298136647,0.1
T5_PC_w4_PD,T5,Cii,PC,4,PD,red,16.77018633540373,0.15
T5_PC_w4_PD,T5,Cii,PC,4,PD,red,18.633540372670808,0.25
T5_PC_w4_PD,T5,Cii,PC,4,PD,red,20.496894409937887,0.3
T5_PC_w4_PD,T5,Cii,PC,4,PD,red,22.360248447204967,0.35
T5_PC_w4_PD,T5,Cii,PC,4,PD,red,24.22360248447205,0.4
T5_PC_w4_PD,T5,Cii,PC,4,PD,red,26.08695652173913,0.4
T5_PC_w4_PD,T5,Cii,PC,4,PD,red,27.950310559006212,0.4
T5_PC_w4_PD,T5,Cii,PC,4,PD,red,29.813664596273295,0.4
T5_PC_w4_PD,T5,Cii,PC,4,PD,red,31.677018633540374,0.4
T5_PC_w4_PD,T5,Cii,PC,4,PD,red,33.54037267080746,0.4
T5_PC_w4_PD,T5,Cii,PC,4,PD,red,35.40372670807454,0.45
T5_PC_w4_PD,T5,Cii,PC,4,PD,red,37.267080745341616,0.45
T5_PC_w4_PD,T5,Cii,PC,4,PD,red,39.130434782608695,0.5
T5_PC_w4_PD,T5,Cii,PC,4,PD,red,40.993788819875775,0.5
T5_PC_w4_PD,T5,Cii,PC,4,PD,red,42.857142857142854,0.5
T5_PC_w4_PD,T5,Cii,PC,4,PD,red,44.72049689440993,0.5
T5_PC_w4_PD,T5,Cii,PC,4,PD,red,46.58385093167702,0.5
T5_PC_w4_PD,T5,Cii,PC,4,PD,red,48.4472049689441,0.5
T5_PC_w4_PD,T5,Cii,PC,4,PD,red,50.31055900621118,0.55
T5_PC_w4_PD,T5,Cii,PC,4,PD,red,52.17391304347826,0.65
T5_PC_w4_PD,T5,Cii,PC,4,PD,red,54.037267080745345,0.65
T5_PC_w4_PD,T5,Cii,PC,4,PD,red,55.900621118012424,0.8
T5_PC_w4_PD,T5,Cii,PC,4,PD,red,57.76397515527951,0.8
T5_PC_w4_PD,T5,Cii,PC,4,PD,red,59.62732919254659,0.8
T5_PC_w4_PD,T5,Cii,PC,4,PD,red,61.49068322981367,0.8
T5_PC_w4_PD,T5,Cii,PC,4,PD,red,63.35403726708075,0.75
T5_PC_w4_PD,T5,Cii,PC,4,PD,red,65.21739130434783,0.7
T5_PC_w4_PD,T5,Cii,PC,4,PD,red,67.08074534161491,0.65
T5_PC_w4_PD,T5,Cii,PC,4,PD,red,68.94409937888199,0.55
T5_PC_w4_PD,T5,Cii,PC,4,PD,red,70.80745341614907,0.5
T5_PC_w4_PD,T5,Cii,PC,4,PD,red,72.67080745341615,0.5
T5_PC_w4_PD,T5,Cii,PC,4,PD,red,74.53416149068323,0.5
T5_PC_w4_PD,T5,Cii,PC,4,PD,red,76.3975155279503,0.45
T5_PC_w4_PD,T5,Cii,PC,4,PD,red,78.26086956521739,0.45
T5_PC_w4_PD,T5,Cii,PC,4,PD,red,80.12422360248446,0.4
T5_PC_w4_PD,T5,Cii,PC,4,PD,red,81.98757763975155,0.4
T5_PC_w4_PD,T5,Cii,PC,4,PD,red,83.85093167701864,0.4
T5_PC_w4_PD,T5,Cii,PC,4,PD,red,85.71428571428571,0.4
T5_PC_w4_PD,T5,Cii,PC,4,PD,red,87.5776397515528,0.4
T5_PC_w4_PD,T5,Cii,PC,4,PD,red,89.44099378881987,0.35
T5_PC_w4_PD,T5,Cii,PC,4,PD,red,91.30434782608697,0.3
T5_PC_w4_PD,T5,Cii,PC,4,PD,red,93.16770186335404,0.25
T5_PC_w4_PD,T5,Cii,PC,4,PD,red,95.03105590062113,0.2
T5_PC_w4_PD,T5,Cii,PC,4,PD,red,96.8944099378882,0.2
T5_PC_w4_PD,T5,Cii,PC,4,PD,red,98.75776397515529,0.2
T5_PC_w4_PD,T5,Cii,PC,4,PD,red,100.62111801242236,0.2
T5_PC_w4_PD,T5,Cii,PC,4,PD,red,102.48447204968944,0.15
T5_PC_w4_PD,T5,Cii,PC,4,PD,red,104.34782608695652,0.1
T5_PC_w4_PD,T5,Cii,PC,4,PD,red,106.2111801242236,0.1
T5_PC_w4_PD,T5,Cii,PC,4,PD,red,108.07453416149069,0.1
T5_PC_w4_PD,T5,Cii,PC,4,PD,red,109.93788819875776,0.05
T5_PC_w4_PD,T5,Cii,PC,4,PD,red,111.80124223602485,0.0
T5_PC_w4_PD,T5,Cii,PC,4,PD,red,113.66459627329192,-0.05
T5_PC_w4_PD,T5,Cii,PC,4,PD,red,115.52795031055902,-0.1
T5_PC_w4_PD,T5,Cii,PC,4,PD,red,117.39130434782608,-0.2
T5_PC_w4_PD,T5,Cii,PC,4,PD,red,119.25465838509318,-0.2
T5_PC_w4_PD,T5,Cii,PC,4,PD,red,121.11801242236024,-0.2
T5_PC_w4_PD,T5,Cii,PC,4,PD,red,122.98136645962734,-0.25
T5_PC_w4_PD,T5,Cii,PC,4,PD,red,124.84472049689441,-0.3
T5_PC_w4_PD,T5,Cii,PC,4,PD,red,126.7080745341615,-0.3
T5_PC_w4_PD,T5,Cii,PC,4,PD,red,128.57142857142856,-0.3
T5_PC_w4_PD,T5,Cii,PC,4,PD,red,130.43478260869566,-0.3
T5_PC_w4_PD,T5,Cii,PC,4,PD,red,132.29813664596273,-0.3
T5_PC_w4_PD,T5,Cii,PC,4,PD,red,134.16149068322983,-0.3
T5_PC_w4_PD,T5,Cii,PC,4,PD,red,136.02484472049687,-0.35
T5_PC_w4_PD,T5,Cii,PC,4,PD,red,137.88819875776397,-0.4
T5_PC_w4_PD,T5,Cii,PC,4,PD,red,139.75155279503105,-0.4
T5_PC_w4_PD,T5,Cii,PC,4,PD,red,141.61490683229815,-0.4
T5_PC_w4_PD,T5,Cii,PC,4,PD,red,143.47826086956522,-0.4
T5_PC_w4_PD,T5,Cii,PC,4,PD,red,145.3416149068323,-0.4
T5_PC_w4_PD,T5,Cii,PC,4,PD,red,147.2049689440994,-0.4
T5_PC_w4_PD,T5,Cii,PC,4,PD,red,149.06832298136646,-0.45
T5_PC_w4_PD,T5,Cii,PC,4,PD,red,150.93167701863356,-0.5
T5_PC_w4_PD,T5,Cii,PC,4,PD,red,152.7950310559006,-0.5
T5_PC_w4_PD,T5,Cii,PC,4,PD,red,154.6583850931677,-0.55
T5_PC_w4_PD,T5,Cii,PC,4,PD,red,156.52173913043478,-0.6
T5_PC_w4_PD,T5,Cii,PC,4,PD,red,158.38509316770188,-0.6
T5_PC_w4_PD,T5,Cii,PC,4,PD,red,160.24844720496893,-0.6
T5_PC_w4_PD,T5,Cii,PC,4,PD,red,162.11180124223603,-0.6
T5_PC_w4_PD,T5,Cii,PC,4,PD,red,163.9751552795031,-0.5
T5_PC_w4_PD,T5,Cii,PC,4,PD,red,165.8385093167702,-0.5
T5_PC_w4_PD,T5,Cii,PC,4,PD,red,167.70186335403727,-0.5
T5_PC_w4_PD,T5,Cii,PC,4,PD,red,169.56521739130434,-0.45
T5_PC_w4_PD,T5,Cii,PC,4,PD,red,171.42857142857142,-0.4
T5_PC_w4_PD,T5,Cii,PC,4,PD,red,173.29192546583852,-0.3
T5_PC_w4_PD,T5,Cii,PC,4,PD,red,175.1552795031056,-0.15
T5_PC_w4_PD,T5,Cii,PC,4,PD,red,177.01863354037266,0.0
T5_PC_w4_PD,T5,Cii,PC,4,PD,red,178.88198757763973,0.2
T5_PC_w4_PD,T5,Cii,PC,4,PD,red,180.74534161490683,0.35
T5_PC_w4_PD,T5,Cii,PC,4,PD,red,182.60869565217394,0.5
T5_PC_w4_PD,T5,Cii,PC,4,PD,red,184.47204968944098,0.7
T5_PC_w4_PD,T5,Cii,PC,4,PD,red,186.33540372670808,0.9
T5_PC_w4_PD,T5,Cii,PC,4,PD,red,188.19875776397515,0.95
T5_PC_w4_PD,T5,Cii,PC,4,PD,red,190.06211180124225,1.05
T5_PC_w4_PD,T5,Cii,PC,4,PD,red,191.92546583850933,1.25
T5_PC_w4_PD,T5,Cii,PC,4,PD,red,193.7888198757764,1.4
T5_PC_w4_PD,T5,Cii,PC,4,PD,red,195.65217391304347,1.55
T5_PC_w4_PD,T5,Cii,PC,4,PD,red,197.51552795031057,1.75
T5_PC_w4_PD,T5,Cii,PC,4,PD,red,199.37888198757764,1.95
T5_PC_w4_PD,T5,Cii,PC,4,PD,red,201.24223602484471,2.1
T5_PC_w4_PD,T5,Cii,PC,4,PD,red,203.1055900621118,2.3
T5_PC_w4_PD,T5,Cii,PC,4,PD,red,204.9689440993789,2.5
T5_PC_w4_PD,T5,Cii,PC,4,PD,red,206.83229813664596,2.7
T5_PC_w4_PD,T5,Cii,PC,4,PD,red,208.69565217391303,2.85
T5_PC_w4_PD,T5,Cii,PC,4,PD,red,210.5590062111801,3.05
T5_PC_w4_PD,T5,Cii,PC,4,PD,red,212.4223602484472,3.35
T5_PC_w4_PD,T5,Cii,PC,4,PD,red,214.28571428571428,3.6
T5_PC_w4_PD,T5,Cii,PC,4,PD,red,216.14906832298138,3.9
T5_PC_w4_PD,T5,Cii,PC,4,PD,red,218.01242236024845,4.25
T5_PC_w4_PD,T5,Cii,PC,4,PD,red,219.87577639751552,4.6
T5_PC_w4_PD,T5,Cii,PC,4,PD,red,221.73913043478262,5.0
T5_PC_w4_PD,T5,Cii,PC,4,PD,red,223.6024844720497,5.4
T5_PC_w4_PD,T5,Cii,PC,4,PD,red,225.46583850931677,5.85
T5_PC_w4_PD,T5,Cii,PC,4,PD,red,227.32919254658384,6.25
T5_PC_w4_PD,T5,Cii,PC,4,PD,red,229.1925465838509,6.65
T5_PC_w4_PD,T5,Cii,PC,4,PD,red,231.05590062111804,7.05
T5_PC_w4_PD,T5,Cii,PC,4,PD,red,232.9192546583851,7.5
T5_PC_w4_PD,T5,Cii,PC,4,PD,red,234.78260869565216,7.95
T5_PC_w4_PD,T5,Cii,PC,4,PD,red,236.64596273291923,8.35
T5_PC_w4_PD,T5,Cii,PC,4,PD,red,238.50931677018636,8.75
T5_PC_w4_PD,T5,Cii,PC,4,PD,red,240.37267080745343,9.05
T5_PC_w4_PD,T5,Cii,PC,4,PD,red,242.23602484472048,9.6
T5_PC_w4_PD,T5,Cii,PC,4,PD,red,244.09937888198755,10.05
T5_PC_w4_PD,T5,Cii,PC,4,PD,red,245.96273291925468,10.35
T5_PC_w4_PD,T5,Cii,PC,4,PD,red,247.82608695652175,10.7
T5_PC_w4_PD,T5,Cii,PC,4,PD,red,249.68944099378882,10.95
T5_PC_w4_PD,T5,Cii,PC,4,PD,red,251.55279503105587,11.2
T5_PC_w4_PD,T5,Cii,PC,4,PD,red,253.416149068323,11.4
T5_PC_w4_PD,T5,Cii,PC,4,PD,red,255.27950310559007,11.5
T5_PC_w4_PD,T5,Cii,PC,4,PD,red,257.1428571428571,11.65
T5_PC_w4_PD,T5,Cii,PC,4,PD,red,259.00621118012424,11.8
T5_PC_w4_PD,T5,Cii,PC,4,PD,red,260.8695652173913,11.95
T5_PC_w4_PD,T5,Cii,PC,4,PD,red,262.7329192546584,12.35
T5_PC_w4_PD,T5,Cii,PC,4,PD,red,264.59627329192546,12.55
T5_PC_w4_PD,T5,Cii,PC,4,PD,red,266.4596273291926,12.75
T5_PC_w4_PD,T5,Cii,PC,4,PD,red,268.32298136645966,13.0
T5_PC_w4_PD,T5,Cii,PC,4,PD,red,270.18633540372673,13.25
T5_PC_w4_PD,T5,Cii,PC,4,PD,red,272.04968944099375,13.5
T5_PC_w4_PD,T5,Cii,PC,4,PD,red,273.9130434782609,13.65
T5_PC_w4_PD,T5,Cii,PC,4,PD,red,275.77639751552795,13.75
T5_PC_w4_PD,T5,Cii,PC,4,PD,red,277.639751552795,13.9
T5_PC_w4_PD,T5,Cii,PC,4,PD,red,279.5031055900621,14.15
T5_PC_w4_PD,T5,Cii,PC,4,PD,red,281.3664596273292,14.35
T5_PC_w4_PD,T5,Cii,PC,4,PD,red,283.2298136645963,14.45
T5_PC_w4_PD,T5,Cii,PC,4,PD,red,285.09316770186336,14.65
T5_PC_w4_PD,T5,Cii,PC,4,PD,red,286.95652173913044,14.95
T5_PC_w4_PD,T5,Cii,PC,4,PD,red,288.8198757763975,15.15
T5_PC_w4_PD,T5,Cii,PC,4,PD,red,290.6832298136646,15.4
T5_PC_w4_PD,T5,Cii,PC,4,PD,red,292.54658385093165,15.85
T5_PC_w4_PD,T5,Cii,PC,4,PD,red,294.4099378881988,16.3
T5_PC_w4_PD,T5,Cii,PC,4,PD,red,296.27329192546586,16.7
T5_PC_w4_PD,T5,Cii,PC,4,PD,red,298.1366459627329,17.05
T5_PC_w4_PD,T5,Cii,PC,4,PD,red,300.0,17.45
T5_PC_w4_PD,T5,Cii,PC,4,PD,red,301.86335403726713,17.8
T5_PC_w4_PD,T5,Cii,PC,4,PD,red,303.72670807453414,18.0
T5_PC_w4_PD,T5,Cii,PC,4,PD,red,305.5900621118012,18.35
T5_PC_w4_PD,T5,Cii,PC,4,PD,red,307.4534161490683,18.65
T5_PC_w4_PD,T5,Cii,PC,4,PD,red,309.3167701863354,19.0
T5_PC_w4_PD,T5,Cii,PC,4,PD,red,311.1801242236025,19.4
T5_PC_w4_PD,T5,Cii,PC,4,PD,red,313.04347826086956,19.85
T5_PC_w4_PD,T5,Cii,PC,4,PD,red,314.90683229813664,20.2
T5_PC_w4_PD,T5,Cii,PC,4,PD,red,316.77018633540376,20.6
T5_PC_w4_PD,T5,Cii,PC,4,PD,red,318.63354037267084,21.0
T5_PC_w4_PD,T5,Cii,PC,4,PD,red,320.49689440993785,21.3
T5_PC_w4_PD,T5,Cii,PC,4,PD,red,322.3602484472049,21.45
T5_PC_w4_PD,T5,Cii,PC,4,PD,red,324.22360248447205,21.6
T5_PC_w4_PD,T5,Cii,PC,4,PD,red,326.0869565217391,21.8
T5_PC_w4_PD,T5,Cii,PC,4,PD,red,327.9503105590062,22.0
T5_PC_w4_PD,T5,Cii,PC,4,PD,red,329.8136645962733,22.2
T5_PC_w4_PD,T5,Cii,PC,4,PD,red,331.6770186335404,22.35
T5_PC_w4_PD,T5,Cii,PC,4,PD,red,333.54037267080747,22.55
T5_PC_w4_PD,T5,Cii,PC,4,PD,red,335.40372670807454,22.85
T5_PC_w4_PD,T5,Cii,PC,4,PD,red,337.2670807453416,23.15
T5_PC_w4_PD,T5,Cii,PC,4,PD,red,339.1304347826087,23.3
T5_PC_w4_PD,T5,Cii,PC,4,PD,red,340.99378881987576,23.45
T5_PC_w4_PD,T5,Cii,PC,4,PD,red,342.85714285714283,23.85
T5_PC_w4_PD,T5,Cii,PC,4,PD,red,344.72049689440996,24.1
T5_PC_w4_PD,T5,Cii,PC,4,PD,red,346.58385093167703,24.2
T5_PC_w4_PD,T5,Cii,PC,4,PD,red,348.4472049689441,24.35
T5_PC_w4_PD,T5,Cii,PC,4,PD,red,350.3105590062112,24.5
T5_PC_w4_PD,T5,Cii,PC,4,PD,red,352.17391304347825,24.55
T5_PC_w4_PD,T5,Cii,PC,4,PD,red,354.0372670807453,24.65
T5_PC_w4_PD,T5,Cii,PC,4,PD,red,355.9006211180124,24.65
T5_PC_w4_PD,T5,Cii,PC,4,PD,red,357.76397515527947,24.6
T5_PC_w4_PD,T5,Cii,PC,4,PD,red,359.6273291925466,24.6
T5_PC_w4_PD,T5,Cii,PC,4,PD,red,361.49068322981367,24.65
T5_PC_w4_PD,T5,Cii,PC,4,PD,red,363.35403726708074,24.75
T5_PC_w4_PD,T5,Cii,PC,4,PD,red,365.21739130434787,24.9
T5_PC_w4_PD,T5,Cii,PC,4,PD,red,367.08074534161494,25.2
T5_PC_w4_PD,T5,Cii,PC,4,PD,red,368.94409937888196,25.3
T5_PC_w4_PD,T5,Cii,PC,4,PD,red,370.80745341614903,25.45
T5_PC_w4_PD,T5,Cii,PC,4,PD,red,372.67080745341616,25.6
T5_PC_w4_PD,T5,Cii,PC,4,PD,red,374.53416149068323,25.8
T5_PC_w4_PD,T5,Cii,PC,4,PD,red,376.3975155279503,25.8
T5_PC_w4_PD,T5,Cii,PC,4,PD,red,378.2608695652174,25.8
T5_PC_w4_PD,T5,Cii,PC,4,PD,red,380.1242236024845,25.6
T5_PC_w4_PD,T5,Cii,PC,4,PD,red,381.9875776397516,25.4
T5_PC_w4_PD,T5,Cii,PC,4,PD,red,383.85093167701865,25.25
T5_PC_w4_PD,T5,Cii,PC,4,PD,red,385.71428571428567,25.05
T5_PC_w4_PD,T5,Cii,PC,4,PD,red,387.5776397515528,24.9
T5_PC_w4_PD,T5,Cii,PC,4,PD,red,389.44099378881987,24.85
T5_PC_w4_PD,T5,Cii,PC,4,PD,red,391.30434782608694,24.85
T5_PC_w4_PD,T5,Cii,PC,4,PD,red,393.167701863354,24.85
T5_PC_w4_PD,T5,Cii,PC,4,PD,red,395.03105590062114,24.85
T5_PC_w4_PD,T5,Cii,PC,4,PD,red,396.8944099378882,24.85
T5_PC_w4_PD,T5,Cii,PC,4,PD,red,398.7577639751553,24.65
T5_PC_w4_PD,T5,Cii,PC,4,PD,red,400.62111801242236,24.45
T5_PC_w4_PD,T5,Cii,PC,4,PD,red,402.48447204968943,24.35
T5_PC_w4_PD,T5,Cii,PC,4,PD,red,404.3478260869565,24.2
T5_PC_w4_PD,T5,Cii,PC,4,PD,red,406.2111801242236,23.9
T5_PC_w4_PD,T5,Cii,PC,4,PD,red,408.0745341614907,23.65
T5_PC_w4_PD,T5,Cii,PC,4,PD,red,409.9378881987578,23.55
T5_PC_w4_PD,T5,Cii,PC,4,PD,red,411.80124223602485,23.35
T5_PC_w4_PD,T5,Cii,PC,4,PD,red,413.6645962732919,23.1
T5_PC_w4_PD,T5,Cii,PC,4,PD,red,415.52795031055905,22.75
T5_PC_w4_PD,T5,Cii,PC,4,PD,red,417.39130434782606,22.4
T5_PC_w4_PD,T5,Cii,PC,4,PD,red,419.25465838509314,22.2
T5_PC_w4_PD,T5,Cii,PC,4,PD,red,421.1180124223602,21.9
T5_PC_w4_PD,T5,Cii,PC,4,PD,red,422.98136645962734,21.55
T5_PC_w4_PD,T5,Cii,PC,4,PD,red,424.8447204968944,21.15
T5_PC_w4_PD,T5,Cii,PC,4,PD,red,426.7080745341615,20.75
T5_PC_w4_PD,T5,Cii,PC,4,PD,red,428.57142857142856,20.45
T5_PC_w4_PD,T5,Cii,PC,4,PD,red,430.4347826086957,20.2
T5_PC_w4_PD,T5,Cii,PC,4,PD,red,432.29813664596276,19.8
T5_PC_w4_PD,T5,Cii,PC,4,PD,red,434.1614906832298,19.3
T5_PC_w4_PD,T5,Cii,PC,4,PD,red,436.0248447204969,19.05
T5_PC_w4_PD,T5,Cii,PC,4,PD,red,437.888198757764,18.75
T5_PC_w4_PD,T5,Cii,PC,4,PD,red,439.75155279503105,18.35
T5_PC_w4_PD,T5,Cii,PC,4,PD,red,441.6149068322981,17.95
T5_PC_w4_PD,T5,Cii,PC,4,PD,red,443.47826086956525,17.6
T5_PC_w4_PD,T5,Cii,PC,4,PD,red,445.3416149068323,17.2
T5_PC_w4_PD,T5,Cii,PC,4,PD,red,447.2049689440994,16.85
T5_PC_w4_PD,T5,Cii,PC,4,PD,red,449.06832298136646,16.4
T5_PC_w4_PD,T5,Cii,PC,4,PD,red,450.93167701863354,15.95
T5_PC_w4_PD,T5,Cii,PC,4,PD,red,452.79503105590055,15.55
T5_PC_w4_PD,T5,Cii,PC,4,PD,red,454.6583850931677,15.15
T5_PC_w4_PD,T5,Cii,PC,4,PD,red,456.5217391304348,14.75
T5_PC_w4_PD,T5,Cii,PC,4,PD,red,458.3850931677018,14.35
T5_PC_w4_PD,T5,Cii,PC,4,PD,red,460.24844720496895,14.1
T5_PC_w4_PD,T5,Cii,PC,4,PD,red,462.1118012422361,13.7
T5_PC_w4_PD,T5,Cii,PC,4,PD,red,463.9751552795031,13.35
T5_PC_w4_PD,T5,Cii,PC,4,PD,red,465.8385093167702,13.05
T5_PC_w4_PD,T5,Cii,PC,4,PD,red,467.70186335403724,12.75
T5_PC_w4_PD,T5,Cii,PC,4,PD,red,469.5652173913043,12.35
T5_PC_w4_PD,T5,Cii,PC,4,PD,red,471.42857142857144,12.05
T5_PC_w4_PD,T5,Cii,PC,4,PD,red,473.29192546583846,11.65
T5_PC_w4_PD,T5,Cii,PC,4,PD,red,475.1552795031056,11.3
T5_PC_w4_PD,T5,Cii,PC,4,PD,red,477.0186335403727,11.0
T5_PC_w4_PD,T5,Cii,PC,4,PD,red,478.88198757763973,10.55
T5_PC_w4_PD,T5,Cii,PC,4,PD,red,480.74534161490686,10.15
T5_PC_w4_PD,T5,Cii,PC,4,PD,red,482.60869565217394,9.75
T5_PC_w4_PD,T5,Cii,PC,4,PD,red,484.47204968944095,9.35
T5_PC_w4_PD,T5,Cii,PC,4,PD,red,486.3354037267081,8.9
T5_PC_w4_PD,T5,Cii,PC,4,PD,red,488.1987577639751,8.45
T5_PC_w4_PD,T5,Cii,PC,4,PD,red,490.0621118012422,8.0
T5_PC_w4_PD,T5,Cii,PC,4,PD,red,491.92546583850935,7.6
T5_PC_w4_PD,T5,Cii,PC,4,PD,red,493.78881987577637,7.2
T5_PC_w4_PD,T5,Cii,PC,4,PD,red,495.6521739130435,6.8
T5_PC_w4_PD,T5,Cii,PC,4,PD,red,497.51552795031057,6.45
T5_PC_w4_PD,T5,Cii,PC,4,PD,red,499.37888198757764,6.1
T5_PC_w4_PD,T5,Cii,PC,4,PD,red,501.2422360248447,5.7
T5_PC_w4_PD,T5,Cii,PC,4,PD,red,503.10559006211173,5.4
T5_PC_w4_PD,T5,Cii,PC,4,PD,red,504.96894409937886,5.1
T5_PC_w4_PD,T5,Cii,PC,4,PD,red,506.832298136646,4.75
T5_PC_w4_PD,T5,Cii,PC,4,PD,red,508.695652173913,4.45
T5_PC_w4_PD,T5,Cii,PC,4,PD,red,510.55900621118013,4.15
T5_PC_w4_PD,T5,Cii,PC,4,PD,red,512.4223602484473,3.85
T5_PC_w4_PD,T5,Cii,PC,4,PD,red,514.2857142857142,3.5
T5_PC_w4_PD,T5,Cii,PC,4,PD,red,516.1490683229814,3.3
T5_PC_w4_PD,T5,Cii,PC,4,PD,red,518.0124223602485,3.0
T5_PC_w4_PD,T5,Cii,PC,4,PD,red,519.8757763975156,2.75
T5_PC_w4_PD,T5,Cii,PC,4,PD,red,521.7391304347826,2.5
T5_PC_w4_PD,T5,Cii,PC,4,PD,red,523.6024844720497,2.25
T5_PC_w4_PD,T5,Cii,PC,4,PD,red,525.4658385093168,2.1
T5_PC_w4_PD,T5,Cii,PC,4,PD,red,527.3291925465838,1.85
T5_PC_w4_PD,T5,Cii,PC,4,PD,red,529.1925465838509,1.75
T5_PC_w4_PD,T5,Cii,PC,4,PD,red,531.055900621118,1.6
T5_PC_w4_PD,T5,Cii,PC,4,PD,red,532.9192546583852,1.45
T5_PC_w4_PD,T5,Cii,PC,4,PD,red,534.7826086956521,1.3
T5_PC_w4_PD,T5,Cii,PC,4,PD,red,536.6459627329193,1.2
T5_PC_w4_PD,T5,Cii,PC,4,PD,red,538.5093167701863,1.05
T5_PC_w4_PD,T5,Cii,PC,4,PD,red,540.3726708074535,0.95
T5_PC_w4_PD,T5,Cii,PC,4,PD,red,542.2360248447205,0.75
T5_PC_w4_PD,T5,Cii,PC,4,PD,red,544.0993788819875,0.6
T5_PC_w4_PD,T5,Cii,PC,4,PD,red,545.9627329192547,0.45
T5_PC_w4_PD,T5,Cii,PC,4,PD,red,547.8260869565217,0.3
T5_PC_w4_PD,T5,Cii,PC,4,PD,red,549.6894409937888,0.15
T5_PC_w4_PD,T5,Cii,PC,4,PD,red,551.5527950310559,0.05
T5_PC_w4_PD,T5,Cii,PC,4,PD,red,553.4161490683231,-0.05
T5_PC_w4_PD,T5,Cii,PC,4,PD,red,555.27950310559,-0.1
T5_PC_w4_PD,T5,Cii,PC,4,PD,red,557.1428571428571,-0.15
T5_PC_w4_PD,T5,Cii,PC,4,PD,red,559.0062111801242,-0.25
T5_PC_w4_PD,T5,Cii,PC,4,PD,red,560.8695652173913,-0.3
T5_PC_w4_PD,T5,Cii,PC,4,PD,red,562.7329192546584,-0.3
T5_PC_w4_PD,T5,Cii,PC,4,PD,red,564.5962732919254,-0.3
T5_PC_w4_PD,T5,Cii,PC,4,PD,red,566.4596273291926,-0.3
T5_PC_w4_PD,T5,Cii,PC,4,PD,red,568.3229813664597,-0.3
T5_PC_w4_PD,T5,Cii,PC,4,PD,red,570.1863354037267,-0.3
T5_PC_w4_PD,T5,Cii,PC,4,PD,red,572.0496894409938,-0.3
T5_PC_w4_PD,T5,Cii,PC,4,PD,red,573.9130434782609,-0.3
T5_PC_w4_PD,T5,Cii,PC,4,PD,red,575.776397515528,-0.3
T5_PC_w4_PD,T5,Cii,PC,4,PD,red,577.639751552795,-0.3
T5_PC_w4_PD,T5,Cii,PC,4,PD,red,579.5031055900621,-0.4
T5_PC_w4_PD,T5,Cii,PC,4,PD,red,581.3664596273292,-0.4
T5_PC_w4_PD,T5,Cii,PC,4,PD,red,583.2298136645963,-0.45
T5_PC_w4_PD,T5,Cii,PC,4,PD,red,585.0931677018633,-0.5
T5_PC_w4_PD,T5,Cii,PC,4,PD,red,586.9565217391305,-0.55
T5_PC_w4_PD,T5,Cii,PC,4,PD,red,588.8198757763976,-0.7
T5_PC_w4_PD,T5,Cii,PC,4,PD,red,590.6832298136645,-0.8
T5_PC_w4_PD,T5,Cii,PC,4,PD,red,592.5465838509317,-0.85
T5_PC_w4_PD,T5,Cii,PC,4,PD,red,594.4099378881987,-0.95
T5_PC_w4_PD,T5,Cii,PC,4,PD,red,596.2732919254659,-1.05
T5_PC_w4_PD,T5,Cii,PC,4,PD,red,598.1366459627329,-1.1
T5_PC_w4_PD,T5,Cii,PC,4,PD,red,600.0,-1.1
T5_PC_w4_PD,T5,Cii,PC,4,PD,red,601.8633540372671,-1.1
T5_PC_w4_PD,T5,Cii,PC,4,PD,red,603.7267080745343,-1.15
T5_PC_w4_PD,T5,Cii,PC,4,PD,red,605.5900621118012,-1.2
T5_PC_w4_PD,T5,Cii,PC,4,PD,red,607.4534161490683,-1.25
T5_PC_w4_PD,T5,Cii,PC,4,PD,red,609.3167701863354,-1.3
T5_PC_w4_PD,T5,Cii,PC,4,PD,red,611.1801242236024,-1.35
T5_PC_w4_PD,T5,Cii,PC,4,PD,red,613.0434782608696,-1.45
T5_PC_w4_PD,T5,Cii,PC,4,PD,red,614.9068322981366,-1.55
T5_PC_w4_PD,T5,Cii,PC,4,PD,red,616.7701863354038,-1.65
T5_PC_w4_PD,T5,Cii,PC,4,PD,red,618.6335403726708,-1.7
T5_PC_w4_PD,T5,Cii,PC,4,PD,red,620.4968944099379,-1.75
T5_PC_w4_PD,T5,Cii,PC,4,PD,red,622.360248447205,-1.8
T5_PC_w4_PD,T5,Cii,PC,4,PD,red,624.223602484472,-1.8
T5_PC_w4_PD,T5,Cii,PC,4,PD,red,626.0869565217391,-1.9
T5_PC_w4_PD,T5,Cii,PC,4,PD,red,627.9503105590062,-1.9
T5_PC_w4_PD,T5,Cii,PC,4,PD,red,629.8136645962733,-1.9
T5_PC_w4_PD,T5,Cii,PC,4,PD,red,631.6770186335403,-1.9
T5_PC_w4_PD,T5,Cii,PC,4,PD,red,633.5403726708075,-1.85
T5_PC_w4_PD,T5,Cii,PC,4,PD,red,635.4037267080745,-1.8
T5_PC_w4_PD,T5,Cii,PC,4,PD,red,637.2670807453417,-1.8
T5_PC_w4_PD,T5,Cii,PC,4,PD,red,639.1304347826087,-1.75
T5_PC_w4_PD,T5,Cii,PC,4,PD,red,640.9937888198757,-1.7
T5_PC_w4_PD,T5,Cii,PC,4,PD,red,642.8571428571429,-1.7
T5_PC_w4_PD,T5,Cii,PC,4,PD,red,644.7204968944098,-1.75
T5_PC_w4_PD,T5,Cii,PC,4,PD,red,646.583850931677,-1.8
T5_PC_w4_PD,T5,Cii,PC,4,PD,red,648.4472049689441,-1.85
T5_PC_w4_PD,T5,Cii,PC,4,PD,red,650.3105590062112,-1.95
T5_PC_w4_PD,T5,Cii,PC,4,PD,red,652.1739130434783,-2.0
T5_PC_w4_PD,T5,Cii,PC,4,PD,red,654.0372670807453,-2.0
T5_PC_w4_PD,T5,Cii,PC,4,PD,red,655.9006211180124,-2.0
T5_PC_w4_PD,T5,Cii,PC,4,PD,red,657.7639751552795,-2.0
T5_PC_w4_PD,T5,Cii,PC,4,PD,red,659.6273291925467,-1.9
T5_PC_w4_PD,T5,Cii,PC,4,PD,red,661.4906832298136,-1.85
T5_PC_w4_PD,T5,Cii,PC,4,PD,red,663.3540372670808,-1.75
T5_PC_w4_PD,T5,Cii,PC,4,PD,red,665.2173913043478,-1.65
T5_PC_w4_PD,T5,Cii,PC,4,PD,red,667.0807453416149,-1.6
T5_PC_w4_PD,T5,Cii,PC,4,PD,red,668.944099378882,-1.6
T5_PC_w4_PD,T5,Cii,PC,4,PD,red,670.8074534161491,-1.6
T5_PC_w4_PD,T5,Cii,PC,4,PD,red,672.6708074534162,-1.6
T5_PC_w4_PD,T5,Cii,PC,4,PD,red,674.5341614906832,-1.65
T5_PC_w4_PD,T5,Cii,PC,4,PD,red,676.3975155279503,-1.65
T5_PC_w4_PD,T5,Cii,PC,4,PD,red,678.2608695652174,-1.65
T5_PC_w4_PD,T5,Cii,PC,4,PD,red,680.1242236024844,-1.6
T5_PC_w4_PD,T5,Cii,PC,4,PD,red,681.9875776397515,-1.55
T5_PC_w4_PD,T5,Cii,PC,4,PD,red,683.8509316770187,-1.5
T5_PC_w4_PD,T5,Cii,PC,4,PD,red,685.7142857142857,-1.5
T5_PC_w4_PD,T5,Cii,PC,4,PD,red,687.5776397515527,-1.5
T5_PC_w4_PD,T5,Cii,PC,4,PD,red,689.4409937888199,-1.5
T5_PC_w4_PD,T5,Cii,PC,4,PD,red,691.3043478260869,-1.6
T5_PC_w4_PD,T5,Cii,PC,4,PD,red,693.1677018633541,-1.6
T5_PC_w4_PD,T5,Cii,PC,4,PD,red,695.0310559006211,-1.65
T5_PC_w4_PD,T5,Cii,PC,4,PD,red,696.8944099378882,-1.7
T5_PC_w4_PD,T5,Cii,PC,4,PD,red,698.7577639751553,-1.7
T5_PC_w4_PD,T5,Cii,PC,4,PD,red,700.6211180124224,-1.7
T5_PC_w4_PD,T5,Cii,PC,4,PD,red,702.4844720496894,-1.75
T5_PC_w4_PD,T5,Cii,PC,4,PD,red,704.3478260869565,-1.85
T5_PC_w4_PD,T5,Cii,PC,4,PD,red,706.2111801242236,-1.9
T5_PC_w4_PD,T5,Cii,PC,4,PD,red,708.0745341614906,-1.9
T5_PC_w4_PD,T5,Cii,PC,4,PD,red,709.9378881987578,-1.9
T5_PC_w4_PD,T5,Cii,PC,4,PD,red,711.8012422360248,-1.95
T5_PC_w4_PD,T5,Cii,PC,4,PD,red,713.664596273292,-2.0
T5_PC_w4_PD,T5,Cii,PC,4,PD,red,715.5279503105589,-2.0
T5_PC_w4_PD,T5,Cii,PC,4,PD,red,717.3913043478261,-2.05
T5_PC_w4_PD,T5,Cii,PC,4,PD,red,719.2546583850932,-2.05
T5_PC_w4_PD,T5,Cii,PC,4,PD,red,721.1180124223603,-2.05
T5_PC_w4_PD,T5,Cii,PC,4,PD,red,722.9813664596273,-2.0
T5_PC_w4_PD,T5,Cii,PC,4,PD,red,724.8447204968944,-2.0
T5_PC_w4_PD,T5,Cii,PC,4,PD,red,726.7080745341615,-2.05
T5_PC_w4_PD,T5,Cii,PC,4,PD,red,728.5714285714286,-2.05
T5_PC_w4_PD,T5,Cii,PC,4,PD,red,730.4347826086957,-2.05
T5_PC_w4_PD,T5,Cii,PC,4,PD,red,732.2981366459627,-2.05
T5_PC_w4_PD,T5,Cii,PC,4,PD,red,734.1614906832299,-2.1
T5_PC_w4_PD,T5,Cii,PC,4,PD,red,736.0248447204968,-2.1
T5_PC_w4_PD,T5,Cii,PC,4,PD,red,737.8881987577639,-2.1
T5_PC_w4_PD,T5,Cii,PC,4,PD,red,739.7515527950311,-2.15
T5_PC_w4_PD,T5,Cii,PC,4,PD,red,741.6149068322981,-2.15
T5_PC_w4_PD,T5,Cii,PC,4,PD,red,743.4782608695652,-2.1
T5_PC_w4_PD,T5,Cii,PC,4,PD,red,745.3416149068323,-1.95
T5_PC_w4_PD,T5,Cii,PC,4,PD,red,747.2049689440994,-1.9
T5_PC_w4_PD,T5,Cii,PC,4,PD,red,749.0683229813665,-1.9
T5_PC_w4_PD,T5,Cii,PC,4,PD,red,750.9316770186335,-1.85
T5_PC_w4_PD,T5,Cii,PC,4,PD,red,752.7950310559006,-1.85
T5_PC_w4_PD,T5,Cii,PC,4,PD,red,754.6583850931677,-1.9
T5_PC_w4_PD,T5,Cii,PC,4,PD,red,756.5217391304348,-1.9
T5_PC_w4_PD,T5,Cii,PC,4,PD,red,758.3850931677018,-1.9
T5_PC_w4_PD,T5,Cii,PC,4,PD,red,760.248447204969,-2.0
T5_PC_w4_PD,T5,Cii,PC,4,PD,red,762.111801242236,-2.0
T5_PC_w4_PD,T5,Cii,PC,4,PD,red,763.9751552795032,-1.9
T5_PC_w4_PD,T5,Cii,PC,4,PD,red,765.8385093167702,-1.9
T5_PC_w4_PD,T5,Cii,PC,4,PD,red,767.7018633540373,-2.0
T5_PC_w4_PD,T5,Cii,PC,4,PD,red,769.5652173913044,-2.0
T5_PC_w4_PD,T5,Cii,PC,4,PD,red,771.4285714285713,-2.0
T5_PC_w4_PD,T5,Cii,PC,4,PD,red,773.2919254658385,-2.0
T5_PC_w4_PD,T5,Cii,PC,4,PD,red,775.1552795031056,-2.0
T5_PC_w4_PD,T5,Cii,PC,4,PD,red,777.0186335403727,-2.0
T5_PC_w4_PD,T5,Cii,PC,4,PD,red,778.8819875776397,-2.0
T5_PC_w4_PD,T5,Cii,PC,4,PD,red,780.7453416149069,-2.0
T5_PC_w4_PD,T5,Cii,PC,4,PD,red,782.6086956521739,-2.05
T5_PC_w4_PD,T5,Cii,PC,4,PD,red,784.4720496894411,-2.1
T5_PC_w4_PD,T5,Cii,PC,4,PD,red,786.335403726708,-2.15
T5_PC_w4_PD,T5,Cii,PC,4,PD,red,788.1987577639751,-2.2
T5_PC_w4_PD,T5,Cii,PC,4,PD,red,790.0621118012423,-2.25
T5_PC_w4_PD,T5,Cii,PC,4,PD,red,791.9254658385092,-2.3
T5_PC_w4_PD,T5,Cii,PC,4,PD,red,793.7888198757764,-2.35
T5_PC_w4_PD,T5,Cii,PC,4,PD,red,795.6521739130435,-2.4
T5_PC_w4_PD,T5,Cii,PC,4,PD,red,797.5155279503106,-2.45
T5_PC_w4_PD,T5,Cii,PC,4,PD,red,799.3788819875776,-2.5
T5_PC_w4_PD,T5,Cii,PC,4,PD,red,801.2422360248447,-2.5
T5_PC_w4_PD,T5,Cii,PC,4,PD,red,803.1055900621118,-2.55
T5_PC_w4_PD,T5,Cii,PC,4,PD,red,804.9689440993789,-2.6
T5_PC_w4_PD,T5,Cii,PC,4,PD,red,806.8322981366459,-2.6
T5_PC_w4_PD,T5,Cii,PC,4,PD,red,808.695652173913,-2.6
T5_PC_w4_PD,T5,Cii,PC,4,PD,red,810.5590062111802,-2.7
T5_PC_w4_PD,T5,Cii,PC,4,PD,red,812.4223602484471,-2.7
T5_PC_w4_PD,T5,Cii,PC,4,PD,red,814.2857142857143,-2.7
T5_PC_w4_PD,T5,Cii,PC,4,PD,red,816.1490683229814,-2.7
T5_PC_w4_PD,T5,Cii,PC,4,PD,red,818.0124223602485,-2.7
T5_PC_w4_PD,T5,Cii,PC,4,PD,red,819.8757763975156,-2.65
T5_PC_w4_PD,T5,Cii,PC,4,PD,red,821.7391304347825,-2.6
T5_PC_w4_PD,T5,Cii,PC,4,PD,red,823.6024844720497,-2.6
T5_PC_w4_PD,T5,Cii,PC,4,PD,red,825.4658385093168,-2.55
T5_PC_w4_PD,T5,Cii,PC,4,PD,red,827.3291925465838,-2.5
T5_PC_w4_PD,T5,Cii,PC,4,PD,red,829.1925465838509,-2.5
T5_PC_w4_PD,T5,Cii,PC,4,PD,red,831.0559006211181,-2.5
T5_PC_w4_PD,T5,Cii,PC,4,PD,red,832.9192546583851,-2.45
T5_PC_w4_PD,T5,Cii,PC,4,PD,red,834.7826086956521,-2.45
T5_PC_w4_PD,T5,Cii,PC,4,PD,red,836.6459627329193,-2.45
T5_PC_w4_PD,T5,Cii,PC,4,PD,red,838.5093167701863,-2.5
T5_PC_w4_PD,T5,Cii,PC,4,PD,red,840.3726708074535,-2.5
T5_PC_w4_PD,T5,Cii,PC,4,PD,red,842.2360248447204,-2.45
T5_PC_w4_PD,T5,Cii,PC,4,PD,red,844.0993788819876,-2.4
T5_PC_w4_PD,T5,Cii,PC,4,PD,red,845.9627329192547,-2.3
T5_PC_w4_PD,T5,Cii,PC,4,PD,red,847.8260869565217,-2.25
T5_PC_w4_PD,T5,Cii,PC,4,PD,red,849.6894409937888,-2.25
T5_PC_w4_PD,T5,Cii,PC,4,PD,red,851.5527950310559,-2.35
T5_PC_w4_PD,T5,Cii,PC,4,PD,red,853.416149068323,-2.45
T5_PC_w4_PD,T5,Cii,PC,4,PD,red,855.27950310559,-2.5
T5_PC_w4_PD,T5,Cii,PC,4,PD,red,857.1428571428571,-2.55
T5_PC_w4_PD,T5,Cii,PC,4,PD,red,859.0062111801242,-2.6
T5_PC_w4_PD,T5,Cii,PC,4,PD,red,860.8695652173914,-2.6
T5_PC_w4_PD,T5,Cii,PC,4,PD,red,862.7329192546583,-2.6
T5_PC_w4_PD,T5,Cii,PC,4,PD,red,864.5962732919255,-2.6
T5_PC_w4_PD,T5,Cii,PC,4,PD,red,866.4596273291926,-2.55
T5_PC_w4_PD,T5,Cii,PC,4,PD,red,868.3229813664595,-2.5
T5_PC_w4_PD,T5,Cii,PC,4,PD,red,870.1863354037267,-2.5
T5_PC_w4_PD,T5,Cii,PC,4,PD,red,872.0496894409938,-2.5
T5_PC_w4_PD,T5,Cii,PC,4,PD,red,873.9130434782609,-2.45
T5_PC_w4_PD,T5,Cii,PC,4,PD,red,875.776397515528,-2.35
T5_PC_w4_PD,T5,Cii,PC,4,PD,red,877.639751552795,-2.25
T5_PC_w4_PD,T5,Cii,PC,4,PD,red,879.5031055900621,-2.2
T5_PC_w4_PD,T5,Cii,PC,4,PD,red,881.3664596273293,-2.2
T5_PC_w4_PD,T5,Cii,PC,4,PD,red,883.2298136645962,-2.2
T5_PC_w4_PD,T5,Cii,PC,4,PD,red,885.0931677018633,-2.2
T5_PC_w4_PD,T5,Cii,PC,4,PD,red,886.9565217391305,-2.3
T5_PC_w4_PD,T5,Cii,PC,4,PD,red,888.8198757763975,-2.3
T5_PC_w4_PD,T5,Cii,PC,4,PD,red,890.6832298136646,-2.25
T5_PC_w4_PD,T5,Cii,PC,4,PD,red,892.5465838509316,-2.2
T5_PC_w4_PD,T5,Cii,PC,4,PD,red,894.4099378881988,-2.2
T5_PC_w4_PD,T5,Cii,PC,4,PD,red,896.2732919254659,-2.2
T5_PC_w4_PD,T5,Cii,PC,4,PD,red,898.1366459627329,-2.15
T5_PC_w4_PD,T5,Cii,PC,4,PD,red,900.0,-2.15
T5_PC_w4_ND,T5,Cii,PC,4,ND,blue,1.863354037267081,0.0
T5_PC_w4_ND,T5,Cii,PC,4,ND,blue,3.726708074534162,-0.05
T5_PC_w4_ND,T5,Cii,PC,4,ND,blue,5.590062111801242,-0.05
T5_PC_w4_ND,T5,Cii,PC,4,ND,blue,7.453416149068324,-0.05
T5_PC_w4_ND,T5,Cii,PC,4,ND,blue,9.316770186335404,-0.05
T5_PC_w4_ND,T5,Cii,PC,4,ND,blue,11.180124223602483,-0.05
T5_PC_w4_ND,T5,Cii,PC,4,ND,blue,13.043478260869565,0.0
T5_PC_w4_ND,T5,Cii,PC,4,ND,blue,14.906832298136647,0.0
T5_PC_w4_ND,T5,Cii,PC,4,ND,blue,16.77018633540373,-0.025
T5_PC_w4_ND,T5,Cii,PC,4,ND,blue,18.633540372670808,-0.05
T5_PC_w4_ND,T5,Cii,PC,4,ND,blue,20.496894409937887,-0.075
T5_PC_w4_ND,T5,Cii,PC,4,ND,blue,22.360248447204967,-0.1
T5_PC_w4_ND,T5,Cii,PC,4,ND,blue,24.22360248447205,-0.125
T5_PC_w4_ND,T5,Cii,PC,4,ND,blue,26.08695652173913,-0.15
T5_PC_w4_ND,T5,Cii,PC,4,ND,blue,27.950310559006212,-0.175
T5_PC_w4_ND,T5,Cii,PC,4,ND,blue,29.813664596273295,-0.2
T5_PC_w4_ND,T5,Cii,PC,4,ND,blue,31.677018633540374,-0.225
T5_PC_w4_ND,T5,Cii,PC,4,ND,blue,33.54037267080746,-0.25
T5_PC_w4_ND,T5,Cii,PC,4,ND,blue,35.40372670807454,-0.275
T5_PC_w4_ND,T5,Cii,PC,4,ND,blue,37.267080745341616,-0.3
T5_PC_w4_ND,T5,Cii,PC,4,ND,blue,39.130434782608695,-0.31666666666666854
T5_PC_w4_ND,T5,Cii,PC,4,ND,blue,40.993788819875775,-0.3333333333333314
T5_PC_w4_ND,T5,Cii,PC,4,ND,blue,42.857142857142854,-0.35
T5_PC_w4_ND,T5,Cii,PC,4,ND,blue,44.72049689440993,-0.3666666666666686
T5_PC_w4_ND,T5,Cii,PC,4,ND,blue,46.58385093167702,-0.3833333333333314
T5_PC_w4_ND,T5,Cii,PC,4,ND,blue,48.4472049689441,-0.3833333333333314
T5_PC_w4_ND,T5,Cii,PC,4,ND,blue,50.31055900621118,-0.35
T5_PC_w4_ND,T5,Cii,PC,4,ND,blue,52.17391304347826,-0.25
T5_PC_w4_ND,T5,Cii,PC,4,ND,blue,54.037267080745345,-0.25
T5_PC_w4_ND,T5,Cii,PC,4,ND,blue,55.900621118012424,-0.2
T5_PC_w4_ND,T5,Cii,PC,4,ND,blue,57.76397515527951,-0.2
T5_PC_w4_ND,T5,Cii,PC,4,ND,blue,59.62732919254659,-0.2
T5_PC_w4_ND,T5,Cii,PC,4,ND,blue,61.49068322981367,-0.2
T5_PC_w4_ND,T5,Cii,PC,4,ND,blue,63.35403726708075,-0.16666666666666857
T5_PC_w4_ND,T5,Cii,PC,4,ND,blue,65.21739130434783,-0.13333333333333144
T5_PC_w4_ND,T5,Cii,PC,4,ND,blue,67.08074534161491,-0.1
T5_PC_w4_ND,T5,Cii,PC,4,ND,blue,68.94409937888199,-0.06666666666666857
T5_PC_w4_ND,T5,Cii,PC,4,ND,blue,70.80745341614907,-0.03333333333333144
T5_PC_w4_ND,T5,Cii,PC,4,ND,blue,72.67080745341615,0.0
T5_PC_w4_ND,T5,Cii,PC,4,ND,blue,74.53416149068323,0.03333333333333144
T5_PC_w4_ND,T5,Cii,PC,4,ND,blue,76.3975155279503,0.06666666666666857
T5_PC_w4_ND,T5,Cii,PC,4,ND,blue,78.26086956521739,0.1
T5_PC_w4_ND,T5,Cii,PC,4,ND,blue,80.12422360248446,0.13333333333333144
T5_PC_w4_ND,T5,Cii,PC,4,ND,blue,81.98757763975155,0.16666666666666857
T5_PC_w4_ND,T5,Cii,PC,4,ND,blue,83.85093167701864,0.2
T5_PC_w4_ND,T5,Cii,PC,4,ND,blue,85.71428571428571,0.23333333333333145
T5_PC_w4_ND,T5,Cii,PC,4,ND,blue,87.5776397515528,0.26666666666666855
T5_PC_w4_ND,T5,Cii,PC,4,ND,blue,89.44099378881987,0.3
T5_PC_w4_ND,T5,Cii,PC,4,ND,blue,91.30434782608697,0.35
T5_PC_w4_ND,T5,Cii,PC,4,ND,blue,93.16770186335404,0.35
T5_PC_w4_ND,T5,Cii,PC,4,ND,blue,95.03105590062113,0.3
T5_PC_w4_ND,T5,Cii,PC,4,ND,blue,96.8944099378882,0.3
T5_PC_w4_ND,T5,Cii,PC,4,ND,blue,98.75776397515529,0.25
T5_PC_w4_ND,T5,Cii,PC,4,ND,blue,100.62111801242236,0.25
T5_PC_w4_ND,T5,Cii,PC,4,ND,blue,102.48447204968944,0.2
T5_PC_w4_ND,T5,Cii,PC,4,ND,blue,104.34782608695652,0.15
T5_PC_w4_ND,T5,Cii,PC,4,ND,blue,106.2111801242236,0.1
T5_PC_w4_ND,T5,Cii,PC,4,ND,blue,108.07453416149069,0.1
T5_PC_w4_ND,T5,Cii,PC,4,ND,blue,109.93788819875776,0.05
T5_PC_w4_ND,T5,Cii,PC,4,ND,blue,111.80124223602485,0.0
T5_PC_w4_ND,T5,Cii,PC,4,ND,blue,113.66459627329192,0.0
T5_PC_w4_ND,T5,Cii,PC,4,ND,blue,115.52795031055902,-0.05
T5_PC_w4_ND,T5,Cii,PC,4,ND,blue,117.39130434782608,-0.05
T5_PC_w4_ND,T5,Cii,PC,4,ND,blue,119.25465838509318,-0.05
T5_PC_w4_ND,T5,Cii,PC,4,ND,blue,121.11801242236024,-0.05
T5_PC_w4_ND,T5,Cii,PC,4,ND,blue,122.98136645962734,-0.05
T5_PC_w4_ND,T5,Cii,PC,4,ND,blue,124.84472049689441,-0.05
T5_PC_w4_ND,T5,Cii,PC,4,ND,blue,126.7080745341615,-0.05
T5_PC_w4_ND,T5,Cii,PC,4,ND,blue,128.57142857142856,-0.1
T5_PC_w4_ND,T5,Cii,PC,4,ND,blue,130.43478260869566,-0.15
T5_PC_w4_ND,T5,Cii,PC,4,ND,blue,132.29813664596273,-0.15
T5_PC_w4_ND,T5,Cii,PC,4,ND,blue,134.16149068322983,-0.15
T5_PC_w4_ND,T5,Cii,PC,4,ND,blue,136.02484472049687,-0.2
T5_PC_w4_ND,T5,Cii,PC,4,ND,blue,137.88819875776397,-0.2
T5_PC_w4_ND,T5,Cii,PC,4,ND,blue,139.75155279503105,-0.2
T5_PC_w4_ND,T5,Cii,PC,4,ND,blue,141.61490683229815,-0.2
T5_PC_w4_ND,T5,Cii,PC,4,ND,blue,143.47826086956522,-0.15
T5_PC_w4_ND,T5,Cii,PC,4,ND,blue,145.3416149068323,-0.15
T5_PC_w4_ND,T5,Cii,PC,4,ND,blue,147.2049689440994,-0.15
T5_PC_w4_ND,T5,Cii,PC,4,ND,blue,149.06832298136646,-0.2
T5_PC_w4_ND,T5,Cii,PC,4,ND,blue,150.93167701863356,-0.25
T5_PC_w4_ND,T5,Cii,PC,4,ND,blue,152.7950310559006,-0.3
T5_PC_w4_ND,T5,Cii,PC,4,ND,blue,154.6583850931677,-0.3
T5_PC_w4_ND,T5,Cii,PC,4,ND,blue,156.52173913043478,-0.35
T5_PC_w4_ND,T5,Cii,PC,4,ND,blue,158.38509316770188,-0.35
T5_PC_w4_ND,T5,Cii,PC,4,ND,blue,160.24844720496893,-0.35
T5_PC_w4_ND,T5,Cii,PC,4,ND,blue,162.11180124223603,-0.35
T5_PC_w4_ND,T5,Cii,PC,4,ND,blue,163.9751552795031,-0.35
T5_PC_w4_ND,T5,Cii,PC,4,ND,blue,165.8385093167702,-0.35
T5_PC_w4_ND,T5,Cii,PC,4,ND,blue,167.70186335403727,-0.35
T5_PC_w4_ND,T5,Cii,PC,4,ND,blue,169.56521739130434,-0.35
T5_PC_w4_ND,T5,Cii,PC,4,ND,blue,171.42857142857142,-0.25
T5_PC_w4_ND,T5,Cii,PC,4,ND,blue,173.29192546583852,-0.1
T5_PC_w4_ND,T5,Cii,PC,4,ND,blue,175.1552795031056,0.1
T5_PC_w4_ND,T5,Cii,PC,4,ND,blue,177.01863354037266,0.25
T5_PC_w4_ND,T5,Cii,PC,4,ND,blue,178.88198757763973,0.4
T5_PC_w4_ND,T5,Cii,PC,4,ND,blue,180.74534161490683,0.5
T5_PC_w4_ND,T5,Cii,PC,4,ND,blue,182.60869565217394,0.6833333333333315
T5_PC_w4_ND,T5,Cii,PC,4,ND,blue,184.47204968944098,0.8666666666666686
T5_PC_w4_ND,T5,Cii,PC,4,ND,blue,186.33540372670808,1.05
T5_PC_w4_ND,T5,Cii,PC,4,ND,blue,188.19875776397515,1.3
T5_PC_w4_ND,T5,Cii,PC,4,ND,blue,190.06211180124225,1.55
T5_PC_w4_ND,T5,Cii,PC,4,ND,blue,191.92546583850933,1.75
T5_PC_w4_ND,T5,Cii,PC,4,ND,blue,193.7888198757764,1.95
T5_PC_w4_ND,T5,Cii,PC,4,ND,blue,195.65217391304347,2.2
T5_PC_w4_ND,T5,Cii,PC,4,ND,blue,197.51552795031057,2.4
T5_PC_w4_ND,T5,Cii,PC,4,ND,blue,199.37888198757764,2.6
T5_PC_w4_ND,T5,Cii,PC,4,ND,blue,201.24223602484471,2.75
T5_PC_w4_ND,T5,Cii,PC,4,ND,blue,203.1055900621118,2.9
T5_PC_w4_ND,T5,Cii,PC,4,ND,blue,204.9689440993789,3.0
T5_PC_w4_ND,T5,Cii,PC,4,ND,blue,206.83229813664596,3.15
T5_PC_w4_ND,T5,Cii,PC,4,ND,blue,208.69565217391303,3.4
T5_PC_w4_ND,T5,Cii,PC,4,ND,blue,210.5590062111801,3.55
T5_PC_w4_ND,T5,Cii,PC,4,ND,blue,212.4223602484472,3.6916666666666687
T5_PC_w4_ND,T5,Cii,PC,4,ND,blue,214.28571428571428,3.6916666666666687
T5_PC_w4_ND,T5,Cii,PC,4,ND,blue,216.14906832298138,3.6833333333333313
T5_PC_w4_ND,T5,Cii,PC,4,ND,blue,218.01242236024845,3.675
T5_PC_w4_ND,T5,Cii,PC,4,ND,blue,219.87577639751552,3.6666666666666687
T5_PC_w4_ND,T5,Cii,PC,4,ND,blue,221.73913043478262,3.6583333333333314
T5_PC_w4_ND,T5,Cii,PC,4,ND,blue,223.6024844720497,3.6583333333333314
T5_PC_w4_ND,T5,Cii,PC,4,ND,blue,225.46583850931677,3.9
T5_PC_w4_ND,T5,Cii,PC,4,ND,blue,227.32919254658384,4.15
T5_PC_w4_ND,T5,Cii,PC,4,ND,blue,229.1925465838509,4.35
T5_PC_w4_ND,T5,Cii,PC,4,ND,blue,231.05590062111804,4.55
T5_PC_w4_ND,T5,Cii,PC,4,ND,blue,232.9192546583851,4.75
T5_PC_w4_ND,T5,Cii,PC,4,ND,blue,234.78260869565216,4.9
T5_PC_w4_ND,T5,Cii,PC,4,ND,blue,236.64596273291923,5.0
T5_PC_w4_ND,T5,Cii,PC,4,ND,blue,238.50931677018636,5.15
T5_PC_w4_ND,T5,Cii,PC,4,ND,blue,240.37267080745343,5.35
T5_PC_w4_ND,T5,Cii,PC,4,ND,blue,242.23602484472048,5.45
T5_PC_w4_ND,T5,Cii,PC,4,ND,blue,244.09937888198755,5.5
T5_PC_w4_ND,T5,Cii,PC,4,ND,blue,245.96273291925468,5.55
T5_PC_w4_ND,T5,Cii,PC,4,ND,blue,247.82608695652175,5.55
T5_PC_w4_ND,T5,Cii,PC,4,ND,blue,249.68944099378882,5.45
T5_PC_w4_ND,T5,Cii,PC,4,ND,blue,251.55279503105587,5.4
T5_PC_w4_ND,T5,Cii,PC,4,ND,blue,253.416149068323,5.25
T5_PC_w4_ND,T5,Cii,PC,4,ND,blue,255.27950310559007,5.15
T5_PC_w4_ND,T5,Cii,PC,4,ND,blue,257.1428571428571,5.05
T5_PC_w4_ND,T5,Cii,PC,4,ND,blue,259.00621118012424,4.9
T5_PC_w4_ND,T5,Cii,PC,4,ND,blue,260.8695652173913,4.85
T5_PC_w4_ND,T5,Cii,PC,4,ND,blue,262.7329192546584,4.75
T5_PC_w4_ND,T5,Cii,PC,4,ND,blue,264.59627329192546,4.75
T5_PC_w4_ND,T5,Cii,PC,4,ND,blue,266.4596273291926,4.75
T5_PC_w4_ND,T5,Cii,PC,4,ND,blue,268.32298136645966,4.75
T5_PC_w4_ND,T5,Cii,PC,4,ND,blue,270.18633540372673,4.8
T5_PC_w4_ND,T5,Cii,PC,4,ND,blue,272.04968944099375,4.9
T5_PC_w4_ND,T5,Cii,PC,4,ND,blue,273.9130434782609,4.95
T5_PC_w4_ND,T5,Cii,PC,4,ND,blue,275.77639751552795,5.05
T5_PC_w4_ND,T5,Cii,PC,4,ND,blue,277.639751552795,5.05
T5_PC_w4_ND,T5,Cii,PC,4,ND,blue,279.5031055900621,5.0
T5_PC_w4_ND,T5,Cii,PC,4,ND,blue,281.3664596273292,4.9
T5_PC_w4_ND,T5,Cii,PC,4,ND,blue,283.2298136645963,4.85
T5_PC_w4_ND,T5,Cii,PC,4,ND,blue,285.09316770186336,4.8
T5_PC_w4_ND,T5,Cii,PC,4,ND,blue,286.95652173913044,4.8
T5_PC_w4_ND,T5,Cii,PC,4,ND,blue,288.8198757763975,4.8
T5_PC_w4_ND,T5,Cii,PC,4,ND,blue,290.6832298136646,4.9
T5_PC_w4_ND,T5,Cii,PC,4,ND,blue,292.54658385093165,5.0
T5_PC_w4_ND,T5,Cii,PC,4,ND,blue,294.4099378881988,5.1
T5_PC_w4_ND,T5,Cii,PC,4,ND,blue,296.27329192546586,5.2
T5_PC_w4_ND,T5,Cii,PC,4,ND,blue,298.1366459627329,5.35
T5_PC_w4_ND,T5,Cii,PC,4,ND,blue,300.0,5.4
T5_PC_w4_ND,T5,Cii,PC,4,ND,blue,301.86335403726713,5.4
T5_PC_w4_ND,T5,Cii,PC,4,ND,blue,303.72670807453414,5.35
T5_PC_w4_ND,T5,Cii,PC,4,ND,blue,305.5900621118012,5.35
T5_PC_w4_ND,T5,Cii,PC,4,ND,blue,307.4534161490683,5.45
T5_PC_w4_ND,T5,Cii,PC,4,ND,blue,309.3167701863354,5.5
T5_PC_w4_ND,T5,Cii,PC,4,ND,blue,311.1801242236025,5.6
T5_PC_w4_ND,T5,Cii,PC,4,ND,blue,313.04347826086956,5.7
T5_PC_w4_ND,T5,Cii,PC,4,ND,blue,314.90683229813664,5.8
T5_PC_w4_ND,T5,Cii,PC,4,ND,blue,316.77018633540376,5.95
T5_PC_w4_ND,T5,Cii,PC,4,ND,blue,318.63354037267084,6.05
T5_PC_w4_ND,T5,Cii,PC,4,ND,blue,320.49689440993785,6.05
T5_PC_w4_ND,T5,Cii,PC,4,ND,blue,322.3602484472049,6.05
T5_PC_w4_ND,T5,Cii,PC,4,ND,blue,324.22360248447205,6.05
T5_PC_w4_ND,T5,Cii,PC,4,ND,blue,326.0869565217391,6.0
T5_PC_w4_ND,T5,Cii,PC,4,ND,blue,327.9503105590062,5.9
T5_PC_w4_ND,T5,Cii,PC,4,ND,blue,329.8136645962733,5.85
T5_PC_w4_ND,T5,Cii,PC,4,ND,blue,331.6770186335404,5.85
T5_PC_w4_ND,T5,Cii,PC,4,ND,blue,333.54037267080747,5.85
T5_PC_w4_ND,T5,Cii,PC,4,ND,blue,335.40372670807454,5.9
T5_PC_w4_ND,T5,Cii,PC,4,ND,blue,337.2670807453416,5.95
T5_PC_w4_ND,T5,Cii,PC,4,ND,blue,339.1304347826087,6.05
T5_PC_w4_ND,T5,Cii,PC,4,ND,blue,340.99378881987576,6.15
T5_PC_w4_ND,T5,Cii,PC,4,ND,blue,342.85714285714283,6.25
T5_PC_w4_ND,T5,Cii,PC,4,ND,blue,344.72049689440996,6.3
T5_PC_w4_ND,T5,Cii,PC,4,ND,blue,346.58385093167703,6.35
T5_PC_w4_ND,T5,Cii,PC,4,ND,blue,348.4472049689441,6.35
T5_PC_w4_ND,T5,Cii,PC,4,ND,blue,350.3105590062112,6.35
T5_PC_w4_ND,T5,Cii,PC,4,ND,blue,352.17391304347825,6.3
T5_PC_w4_ND,T5,Cii,PC,4,ND,blue,354.0372670807453,6.25
T5_PC_w4_ND,T5,Cii,PC,4,ND,blue,355.9006211180124,6.25
T5_PC_w4_ND,T5,Cii,PC,4,ND,blue,357.76397515527947,6.35
T5_PC_w4_ND,T5,Cii,PC,4,ND,blue,359.6273291925466,6.4
T5_PC_w4_ND,T5,Cii,PC,4,ND,blue,361.49068322981367,6.5
T5_PC_w4_ND,T5,Cii,PC,4,ND,blue,363.35403726708074,6.55
T5_PC_w4_ND,T5,Cii,PC,4,ND,blue,365.21739130434787,6.7
T5_PC_w4_ND,T5,Cii,PC,4,ND,blue,367.08074534161494,6.75
T5_PC_w4_ND,T5,Cii,PC,4,ND,blue,368.94409937888196,6.75
T5_PC_w4_ND,T5,Cii,PC,4,ND,blue,370.80745341614903,6.8
T5_PC_w4_ND,T5,Cii,PC,4,ND,blue,372.67080745341616,6.85
T5_PC_w4_ND,T5,Cii,PC,4,ND,blue,374.53416149068323,6.85
T5_PC_w4_ND,T5,Cii,PC,4,ND,blue,376.3975155279503,6.9
T5_PC_w4_ND,T5,Cii,PC,4,ND,blue,378.2608695652174,7.05
T5_PC_w4_ND,T5,Cii,PC,4,ND,blue,380.1242236024845,7.15
T5_PC_w4_ND,T5,Cii,PC,4,ND,blue,381.9875776397516,7.3
T5_PC_w4_ND,T5,Cii,PC,4,ND,blue,383.85093167701865,7.45
T5_PC_w4_ND,T5,Cii,PC,4,ND,blue,385.71428571428567,7.6
T5_PC_w4_ND,T5,Cii,PC,4,ND,blue,387.5776397515528,7.7
T5_PC_w4_ND,T5,Cii,PC,4,ND,blue,389.44099378881987,7.85
T5_PC_w4_ND,T5,Cii,PC,4,ND,blue,391.30434782608694,7.85
T5_PC_w4_ND,T5,Cii,PC,4,ND,blue,393.167701863354,7.9
T5_PC_w4_ND,T5,Cii,PC,4,ND,blue,395.03105590062114,8.05
T5_PC_w4_ND,T5,Cii,PC,4,ND,blue,396.8944099378882,8.15
T5_PC_w4_ND,T5,Cii,PC,4,ND,blue,398.7577639751553,8.25
T5_PC_w4_ND,T5,Cii,PC,4,ND,blue,400.62111801242236,8.35
T5_PC_w4_ND,T5,Cii,PC,4,ND,blue,402.48447204968943,8.5
T5_PC_w4_ND,T5,Cii,PC,4,ND,blue,404.3478260869565,8.6
T5_PC_w4_ND,T5,Cii,PC,4,ND,blue,406.2111801242236,8.7
T5_PC_w4_ND,T5,Cii,PC,4,ND,blue,408.0745341614907,8.8
T5_PC_w4_ND,T5,Cii,PC,4,ND,blue,409.9378881987578,8.85
T5_PC_w4_ND,T5,Cii,PC,4,ND,blue,411.80124223602485,8.85
T5_PC_w4_ND,T5,Cii,PC,4,ND,blue,413.6645962732919,8.9
T5_PC_w4_ND,T5,Cii,PC,4,ND,blue,415.52795031055905,8.95
T5_PC_w4_ND,T5,Cii,PC,4,ND,blue,417.39130434782606,8.95
T5_PC_w4_ND,T5,Cii,PC,4,ND,blue,419.25465838509314,9.0
T5_PC_w4_ND,T5,Cii,PC,4,ND,blue,421.1180124223602,9.05
T5_PC_w4_ND,T5,Cii,PC,4,ND,blue,422.98136645962734,9.05
T5_PC_w4_ND,T5,Cii,PC,4,ND,blue,424.8447204968944,9.05
T5_PC_w4_ND,T5,Cii,PC,4,ND,blue,426.7080745341615,9.05
T5_PC_w4_ND,T5,Cii,PC,4,ND,blue,428.57142857142856,9.1
T5_PC_w4_ND,T5,Cii,PC,4,ND,blue,430.4347826086957,9.15
T5_PC_w4_ND,T5,Cii,PC,4,ND,blue,432.29813664596276,9.15
T5_PC_w4_ND,T5,Cii,PC,4,ND,blue,434.1614906832298,9.1
T5_PC_w4_ND,T5,Cii,PC,4,ND,blue,436.0248447204969,9.0
T5_PC_w4_ND,T5,Cii,PC,4,ND,blue,437.888198757764,8.95
T5_PC_w4_ND,T5,Cii,PC,4,ND,blue,439.75155279503105,8.95
T5_PC_w4_ND,T5,Cii,PC,4,ND,blue,441.6149068322981,8.85
T5_PC_w4_ND,T5,Cii,PC,4,ND,blue,443.47826086956525,8.85
T5_PC_w4_ND,T5,Cii,PC,4,ND,blue,445.3416149068323,8.85
T5_PC_w4_ND,T5,Cii,PC,4,ND,blue,447.2049689440994,8.9
T5_PC_w4_ND,T5,Cii,PC,4,ND,blue,449.06832298136646,8.95
T5_PC_w4_ND,T5,Cii,PC,4,ND,blue,450.93167701863354,9.0
T5_PC_w4_ND,T5,Cii,PC,4,ND,blue,452.79503105590055,9.1
T5_PC_w4_ND,T5,Cii,PC,4,ND,blue,454.6583850931677,9.2
T5_PC_w4_ND,T5,Cii,PC,4,ND,blue,456.5217391304348,9.2
T5_PC_w4_ND,T5,Cii,PC,4,ND,blue,458.3850931677018,9.2
T5_PC_w4_ND,T5,Cii,PC,4,ND,blue,460.24844720496895,9.15
T5_PC_w4_ND,T5,Cii,PC,4,ND,blue,462.1118012422361,9.05
T5_PC_w4_ND,T5,Cii,PC,4,ND,blue,463.9751552795031,9.0
T5_PC_w4_ND,T5,Cii,PC,4,ND,blue,465.8385093167702,8.85
T5_PC_w4_ND,T5,Cii,PC,4,ND,blue,467.70186335403724,8.85
T5_PC_w4_ND,T5,Cii,PC,4,ND,blue,469.5652173913043,8.7
T5_PC_w4_ND,T5,Cii,PC,4,ND,blue,471.42857142857144,8.61764705882353
T5_PC_w4_ND,T5,Cii,PC,4,ND,blue,473.29192546583846,8.535294117647059
T5_PC_w4_ND,T5,Cii,PC,4,ND,blue,475.1552795031056,8.452941176470588
T5_PC_w4_ND,T5,Cii,PC,4,ND,blue,477.0186335403727,8.370588235294118
T5_PC_w4_ND,T5,Cii,PC,4,ND,blue,478.88198757763973,8.288235294117646
T5_PC_w4_ND,T5,Cii,PC,4,ND,blue,480.74534161490686,8.205882352941178
T5_PC_w4_ND,T5,Cii,PC,4,ND,blue,482.60869565217394,8.123529411764707
T5_PC_w4_ND,T5,Cii,PC,4,ND,blue,484.47204968944095,8.041176470588235
T5_PC_w4_ND,T5,Cii,PC,4,ND,blue,486.3354037267081,7.958823529411765
T5_PC_w4_ND,T5,Cii,PC,4,ND,blue,488.1987577639751,7.876470588235293
T5_PC_w4_ND,T5,Cii,PC,4,ND,blue,490.0621118012422,7.794117647058823
T5_PC_w4_ND,T5,Cii,PC,4,ND,blue,491.92546583850935,7.711764705882354
T5_PC_w4_ND,T5,Cii,PC,4,ND,blue,493.78881987577637,7.629411764705878
T5_PC_w4_ND,T5,Cii,PC,4,ND,blue,495.6521739130435,7.547058823529414
T5_PC_w4_ND,T5,Cii,PC,4,ND,blue,497.51552795031057,7.4647058823529395
T5_PC_w4_ND,T5,Cii,PC,4,ND,blue,499.37888198757764,7.382352941176469
T5_PC_w4_ND,T5,Cii,PC,4,ND,blue,501.2422360248447,7.3
T5_PC_w4_ND,T5,Cii,PC,4,ND,blue,503.10559006211173,7.15
T5_PC_w4_ND,T5,Cii,PC,4,ND,blue,504.96894409937886,7.0
T5_PC_w4_ND,T5,Cii,PC,4,ND,blue,506.832298136646,6.9
T5_PC_w4_ND,T5,Cii,PC,4,ND,blue,508.695652173913,6.8
T5_PC_w4_ND,T5,Cii,PC,4,ND,blue,510.55900621118013,6.65
T5_PC_w4_ND,T5,Cii,PC,4,ND,blue,512.4223602484473,6.55
T5_PC_w4_ND,T5,Cii,PC,4,ND,blue,514.2857142857142,6.4
T5_PC_w4_ND,T5,Cii,PC,4,ND,blue,516.1490683229814,6.25
T5_PC_w4_ND,T5,Cii,PC,4,ND,blue,518.0124223602485,6.15
T5_PC_w4_ND,T5,Cii,PC,4,ND,blue,519.8757763975156,6.05
T5_PC_w4_ND,T5,Cii,PC,4,ND,blue,521.7391304347826,5.9
T5_PC_w4_ND,T5,Cii,PC,4,ND,blue,523.6024844720497,5.8
T5_PC_w4_ND,T5,Cii,PC,4,ND,blue,525.4658385093168,5.6
T5_PC_w4_ND,T5,Cii,PC,4,ND,blue,527.3291925465838,5.5
T5_PC_w4_ND,T5,Cii,PC,4,ND,blue,529.1925465838509,5.3
T5_PC_w4_ND,T5,Cii,PC,4,ND,blue,531.055900621118,5.15
T5_PC_w4_ND,T5,Cii,PC,4,ND,blue,532.9192546583852,5.05
T5_PC_w4_ND,T5,Cii,PC,4,ND,blue,534.7826086956521,4.95
T5_PC_w4_ND,T5,Cii,PC,4,ND,blue,536.6459627329193,4.8
T5_PC_w4_ND,T5,Cii,PC,4,ND,blue,538.5093167701863,4.7
T5_PC_w4_ND,T5,Cii,PC,4,ND,blue,540.3726708074535,4.65
T5_PC_w4_ND,T5,Cii,PC,4,ND,blue,542.2360248447205,4.6
T5_PC_w4_ND,T5,Cii,PC,4,ND,blue,544.0993788819875,4.5
T5_PC_w4_ND,T5,Cii,PC,4,ND,blue,545.9627329192547,4.5
T5_PC_w4_ND,T5,Cii,PC,4,ND,blue,547.8260869565217,4.4
T5_PC_w4_ND,T5,Cii,PC,4,ND,blue,549.6894409937888,4.3
T5_PC_w4_ND,T5,Cii,PC,4,ND,blue,551.5527950310559,4.2
T5_PC_w4_ND,T5,Cii,PC,4,ND,blue,553.4161490683231,4.1
T5_PC_w4_ND,T5,Cii,PC,4,ND,blue,555.27950310559,3.95
T5_PC_w4_ND,T5,Cii,PC,4,ND,blue,557.1428571428571,3.85
T5_PC_w4_ND,T5,Cii,PC,4,ND,blue,559.0062111801242,3.75
T5_PC_w4_ND,T5,Cii,PC,4,ND,blue,560.8695652173913,3.65
T5_PC_w4_ND,T5,Cii,PC,4,ND,blue,562.7329192546584,3.5
T5_PC_w4_ND,T5,Cii,PC,4,ND,blue,564.5962732919254,3.35
T5_PC_w4_ND,T5,Cii,PC,4,ND,blue,566.4596273291926,3.3
T5_PC_w4_ND,T5,Cii,PC,4,ND,blue,568.3229813664597,3.25
T5_PC_w4_ND,T5,Cii,PC,4,ND,blue,570.1863354037267,3.25
T5_PC_w4_ND,T5,Cii,PC,4,ND,blue,572.0496894409938,3.2
T5_PC_w4_ND,T5,Cii,PC,4,ND,blue,573.9130434782609,3.1
T5_PC_w4_ND,T5,Cii,PC,4,ND,blue,575.776397515528,3.05
T5_PC_w4_ND,T5,Cii,PC,4,ND,blue,577.639751552795,2.9
T5_PC_w4_ND,T5,Cii,PC,4,ND,blue,579.5031055900621,2.8
T5_PC_w4_ND,T5,Cii,PC,4,ND,blue,581.3664596273292,2.65
T5_PC_w4_ND,T5,Cii,PC,4,ND,blue,583.2298136645963,2.6
T5_PC_w4_ND,T5,Cii,PC,4,ND,blue,585.0931677018633,2.5
T5_PC_w4_ND,T5,Cii,PC,4,ND,blue,586.9565217391305,2.4
T5_PC_w4_ND,T5,Cii,PC,4,ND,blue,588.8198757763976,2.3
T5_PC_w4_ND,T5,Cii,PC,4,ND,blue,590.6832298136645,2.25
T5_PC_w4_ND,T5,Cii,PC,4,ND,blue,592.5465838509317,2.15
T5_PC_w4_ND,T5,Cii,PC,4,ND,blue,594.4099378881987,2.1
T5_PC_w4_ND,T5,Cii,PC,4,ND,blue,596.2732919254659,2.0
T5_PC_w4_ND,T5,Cii,PC,4,ND,blue,598.1366459627329,1.9
T5_PC_w4_ND,T5,Cii,PC,4,ND,blue,600.0,1.85
T5_PC_w4_ND,T5,Cii,PC,4,ND,blue,601.8633540372671,1.75
T5_PC_w4_ND,T5,Cii,PC,4,ND,blue,603.7267080745343,1.65
T5_PC_w4_ND,T5,Cii,PC,4,ND,blue,605.5900621118012,1.5
T5_PC_w4_ND,T5,Cii,PC,4,ND,blue,607.4534161490683,1.4
T5_PC_w4_ND,T5,Cii,PC,4,ND,blue,609.3167701863354,1.3
T5_PC_w4_ND,T5,Cii,PC,4,ND,blue,611.1801242236024,1.2
T5_PC_w4_ND,T5,Cii,PC,4,ND,blue,613.0434782608696,1.15
T5_PC_w4_ND,T5,Cii,PC,4,ND,blue,614.9068322981366,1.15
T5_PC_w4_ND,T5,Cii,PC,4,ND,blue,616.7701863354038,1.15
T5_PC_w4_ND,T5,Cii,PC,4,ND,blue,618.6335403726708,1.2
T5_PC_w4_ND,T5,Cii,PC,4,ND,blue,620.4968944099379,1.3
T5_PC_w4_ND,T5,Cii,PC,4,ND,blue,622.360248447205,1.35
T5_PC_w4_ND,T5,Cii,PC,4,ND,blue,624.223602484472,1.35
T5_PC_w4_ND,T5,Cii,PC,4,ND,blue,626.0869565217391,1.35
T5_PC_w4_ND,T5,Cii,PC,4,ND,blue,627.9503105590062,1.35
T5_PC_w4_ND,T5,Cii,PC,4,ND,blue,629.8136645962733,1.25
T5_PC_w4_ND,T5,Cii,PC,4,ND,blue,631.6770186335403,1.2
T5_PC_w4_ND,T5,Cii,PC,4,ND,blue,633.5403726708075,1.1
T5_PC_w4_ND,T5,Cii,PC,4,ND,blue,635.4037267080745,1.0
T5_PC_w4_ND,T5,Cii,PC,4,ND,blue,637.2670807453417,0.9
T5_PC_w4_ND,T5,Cii,PC,4,ND,blue,639.1304347826087,0.8
T5_PC_w4_ND,T5,Cii,PC,4,ND,blue,640.9937888198757,0.7
T5_PC_w4_ND,T5,Cii,PC,4,ND,blue,642.8571428571429,0.6
T5_PC_w4_ND,T5,Cii,PC,4,ND,blue,644.7204968944098,0.5
T5_PC_w4_ND,T5,Cii,PC,4,ND,blue,646.583850931677,0.4
T5_PC_w4_ND,T5,Cii,PC,4,ND,blue,648.4472049689441,0.35
T5_PC_w4_ND,T5,Cii,PC,4,ND,blue,650.3105590062112,0.35
T5_PC_w4_ND,T5,Cii,PC,4,ND,blue,652.1739130434783,0.35
T5_PC_w4_ND,T5,Cii,PC,4,ND,blue,654.0372670807453,0.4
T5_PC_w4_ND,T5,Cii,PC,4,ND,blue,655.9006211180124,0.45
T5_PC_w4_ND,T5,Cii,PC,4,ND,blue,657.7639751552795,0.45
T5_PC_w4_ND,T5,Cii,PC,4,ND,blue,659.6273291925467,0.35
T5_PC_w4_ND,T5,Cii,PC,4,ND,blue,661.4906832298136,0.35
T5_PC_w4_ND,T5,Cii,PC,4,ND,blue,663.3540372670808,0.4
T5_PC_w4_ND,T5,Cii,PC,4,ND,blue,665.2173913043478,0.4
T5_PC_w4_ND,T5,Cii,PC,4,ND,blue,667.0807453416149,0.5
T5_PC_w4_ND,T5,Cii,PC,4,ND,blue,668.944099378882,0.6
T5_PC_w4_ND,T5,Cii,PC,4,ND,blue,670.8074534161491,0.7
T5_PC_w4_ND,T5,Cii,PC,4,ND,blue,672.6708074534162,0.75
T5_PC_w4_ND,T5,Cii,PC,4,ND,blue,674.5341614906832,0.8
T5_PC_w4_ND,T5,Cii,PC,4,ND,blue,676.3975155279503,0.85
T5_PC_w4_ND,T5,Cii,PC,4,ND,blue,678.2608695652174,0.85
T5_PC_w4_ND,T5,Cii,PC,4,ND,blue,680.1242236024844,0.85
T5_PC_w4_ND,T5,Cii,PC,4,ND,blue,681.9875776397515,0.85
T5_PC_w4_ND,T5,Cii,PC,4,ND,blue,683.8509316770187,0.95
T5_PC_w4_ND,T5,Cii,PC,4,ND,blue,685.7142857142857,0.95
T5_PC_w4_ND,T5,Cii,PC,4,ND,blue,687.5776397515527,0.85
T5_PC_w4_ND,T5,Cii,PC,4,ND,blue,689.4409937888199,0.85
T5_PC_w4_ND,T5,Cii,PC,4,ND,blue,691.3043478260869,0.75
T5_PC_w4_ND,T5,Cii,PC,4,ND,blue,693.1677018633541,0.7
T5_PC_w4_ND,T5,Cii,PC,4,ND,blue,695.0310559006211,0.65
T5_PC_w4_ND,T5,Cii,PC,4,ND,blue,696.8944099378882,0.6
T5_PC_w4_ND,T5,Cii,PC,4,ND,blue,698.7577639751553,0.55
T5_PC_w4_ND,T5,Cii,PC,4,ND,blue,700.6211180124224,0.5
T5_PC_w4_ND,T5,Cii,PC,4,ND,blue,702.4844720496894,0.45
T5_PC_w4_ND,T5,Cii,PC,4,ND,blue,704.3478260869565,0.45
T5_PC_w4_ND,T5,Cii,PC,4,ND,blue,706.2111801242236,0.4
T5_PC_w4_ND,T5,Cii,PC,4,ND,blue,708.0745341614906,0.35
T5_PC_w4_ND,T5,Cii,PC,4,ND,blue,709.9378881987578,0.35
T5_PC_w4_ND,T5,Cii,PC,4,ND,blue,711.8012422360248,0.35
T5_PC_w4_ND,T5,Cii,PC,4,ND,blue,713.664596273292,0.45
T5_PC_w4_ND,T5,Cii,PC,4,ND,blue,715.5279503105589,0.45
T5_PC_w4_ND,T5,Cii,PC,4,ND,blue,717.3913043478261,0.45
T5_PC_w4_ND,T5,Cii,PC,4,ND,blue,719.2546583850932,0.35
T5_PC_w4_ND,T5,Cii,PC,4,ND,blue,721.1180124223603,0.35
T5_PC_w4_ND,T5,Cii,PC,4,ND,blue,722.9813664596273,0.35
T5_PC_w4_ND,T5,Cii,PC,4,ND,blue,724.8447204968944,0.35
T5_PC_w4_ND,T5,Cii,PC,4,ND,blue,726.7080745341615,0.35
T5_PC_w4_ND,T5,Cii,PC,4,ND,blue,728.5714285714286,0.35
T5_PC_w4_ND,T5,Cii,PC,4,ND,blue,730.4347826086957,0.35
T5_PC_w4_ND,T5,Cii,PC,4,ND,blue,732.2981366459627,0.35
T5_PC_w4_ND,T5,Cii,PC,4,ND,blue,734.1614906832299,0.4
T5_PC_w4_ND,T5,Cii,PC,4,ND,blue,736.0248447204968,0.5
T5_PC_w4_ND,T5,Cii,PC,4,ND,blue,737.8881987577639,0.6
T5_PC_w4_ND,T5,Cii,PC,4,ND,blue,739.7515527950311,0.7
T5_PC_w4_ND,T5,Cii,PC,4,ND,blue,741.6149068322981,0.75
T5_PC_w4_ND,T5,Cii,PC,4,ND,blue,743.4782608695652,0.75
T5_PC_w4_ND,T5,Cii,PC,4,ND,blue,745.3416149068323,0.75
T5_PC_w4_ND,T5,Cii,PC,4,ND,blue,747.2049689440994,0.75
T5_PC_w4_ND,T5,Cii,PC,4,ND,blue,749.0683229813665,0.75
T5_PC_w4_ND,T5,Cii,PC,4,ND,blue,750.9316770186335,0.75
T5_PC_w4_ND,T5,Cii,PC,4,ND,blue,752.7950310559006,0.75
T5_PC_w4_ND,T5,Cii,PC,4,ND,blue,754.6583850931677,0.75
T5_PC_w4_ND,T5,Cii,PC,4,ND,blue,756.5217391304348,0.75
T5_PC_w4_ND,T5,Cii,PC,4,ND,blue,758.3850931677018,0.75
T5_PC_w4_ND,T5,Cii,PC,4,ND,blue,760.248447204969,0.75
T5_PC_w4_ND,T5,Cii,PC,4,ND,blue,762.111801242236,0.75
T5_PC_w4_ND,T5,Cii,PC,4,ND,blue,763.9751552795032,0.75
T5_PC_w4_ND,T5,Cii,PC,4,ND,blue,765.8385093167702,0.75
T5_PC_w4_ND,T5,Cii,PC,4,ND,blue,767.7018633540373,0.75
T5_PC_w4_ND,T5,Cii,PC,4,ND,blue,769.5652173913044,0.75
T5_PC_w4_ND,T5,Cii,PC,4,ND,blue,771.4285714285713,0.75
T5_PC_w4_ND,T5,Cii,PC,4,ND,blue,773.2919254658385,0.65
T5_PC_w4_ND,T5,Cii,PC,4,ND,blue,775.1552795031056,0.55
T5_PC_w4_ND,T5,Cii,PC,4,ND,blue,777.0186335403727,0.5
T5_PC_w4_ND,T5,Cii,PC,4,ND,blue,778.8819875776397,0.45
T5_PC_w4_ND,T5,Cii,PC,4,ND,blue,780.7453416149069,0.45
T5_PC_w4_ND,T5,Cii,PC,4,ND,blue,782.6086956521739,0.5
T5_PC_w4_ND,T5,Cii,PC,4,ND,blue,784.4720496894411,0.55
T5_PC_w4_ND,T5,Cii,PC,4,ND,blue,786.335403726708,0.55
T5_PC_w4_ND,T5,Cii,PC,4,ND,blue,788.1987577639751,0.55
T5_PC_w4_ND,T5,Cii,PC,4,ND,blue,790.0621118012423,0.55
T5_PC_w4_ND,T5,Cii,PC,4,ND,blue,791.9254658385092,0.55
T5_PC_w4_ND,T5,Cii,PC,4,ND,blue,793.7888198757764,0.55
T5_PC_w4_ND,T5,Cii,PC,4,ND,blue,795.6521739130435,0.6
T5_PC_w4_ND,T5,Cii,PC,4,ND,blue,797.5155279503106,0.7
T5_PC_w4_ND,T5,Cii,PC,4,ND,blue,799.3788819875776,0.75
T5_PC_w4_ND,T5,Cii,PC,4,ND,blue,801.2422360248447,0.75
T5_PC_w4_ND,T5,Cii,PC,4,ND,blue,803.1055900621118,0.75
T5_PC_w4_ND,T5,Cii,PC,4,ND,blue,804.9689440993789,0.75
T5_PC_w4_ND,T5,Cii,PC,4,ND,blue,806.8322981366459,0.7
T5_PC_w4_ND,T5,Cii,PC,4,ND,blue,808.695652173913,0.6
T5_PC_w4_ND,T5,Cii,PC,4,ND,blue,810.5590062111802,0.55
T5_PC_w4_ND,T5,Cii,PC,4,ND,blue,812.4223602484471,0.45
T5_PC_w4_ND,T5,Cii,PC,4,ND,blue,814.2857142857143,0.4
T5_PC_w4_ND,T5,Cii,PC,4,ND,blue,816.1490683229814,0.3
T5_PC_w4_ND,T5,Cii,PC,4,ND,blue,818.0124223602485,0.3
T5_PC_w4_ND,T5,Cii,PC,4,ND,blue,819.8757763975156,0.35
T5_PC_w4_ND,T5,Cii,PC,4,ND,blue,821.7391304347825,0.4
T5_PC_w4_ND,T5,Cii,PC,4,ND,blue,823.6024844720497,0.5
T5_PC_w4_ND,T5,Cii,PC,4,ND,blue,825.4658385093168,0.5
T5_PC_w4_ND,T5,Cii,PC,4,ND,blue,827.3291925465838,0.45
T5_PC_w4_ND,T5,Cii,PC,4,ND,blue,829.1925465838509,0.4
T5_PC_w4_ND,T5,Cii,PC,4,ND,blue,831.0559006211181,0.3
T5_PC_w4_ND,T5,Cii,PC,4,ND,blue,832.9192546583851,0.25
T5_PC_w4_ND,T5,Cii,PC,4,ND,blue,834.7826086956521,0.25
T5_PC_w4_ND,T5,Cii,PC,4,ND,blue,836.6459627329193,0.25
T5_PC_w4_ND,T5,Cii,PC,4,ND,blue,838.5093167701863,0.25
T5_PC_w4_ND,T5,Cii,PC,4,ND,blue,840.3726708074535,0.3
T5_PC_w4_ND,T5,Cii,PC,4,ND,blue,842.2360248447204,0.35
T5_PC_w4_ND,T5,Cii,PC,4,ND,blue,844.0993788819876,0.35
T5_PC_w4_ND,T5,Cii,PC,4,ND,blue,845.9627329192547,0.35
T5_PC_w4_ND,T5,Cii,PC,4,ND,blue,847.8260869565217,0.35
T5_PC_w4_ND,T5,Cii,PC,4,ND,blue,849.6894409937888,0.45
T5_PC_w4_ND,T5,Cii,PC,4,ND,blue,851.5527950310559,0.45
T5_PC_w4_ND,T5,Cii,PC,4,ND,blue,853.416149068323,0.5
T5_PC_w4_ND,T5,Cii,PC,4,ND,blue,855.27950310559,0.55
T5_PC_w4_ND,T5,Cii,PC,4,ND,blue,857.1428571428571,0.55
T5_PC_w4_ND,T5,Cii,PC,4,ND,blue,859.0062111801242,0.55
T5_PC_w4_ND,T5,Cii,PC,4,ND,blue,860.8695652173914,0.5
T5_PC_w4_ND,T5,Cii,PC,4,ND,blue,862.7329192546583,0.5
T5_PC_w4_ND,T5,Cii,PC,4,ND,blue,864.5962732919255,0.5
T5_PC_w4_ND,T5,Cii,PC,4,ND,blue,866.4596273291926,0.5
T5_PC_w4_ND,T5,Cii,PC,4,ND,blue,868.3229813664595,0.5
T5_PC_w4_ND,T5,Cii,PC,4,ND,blue,870.1863354037267,0.5
T5_PC_w4_ND,T5,Cii,PC,4,ND,blue,872.0496894409938,0.4
T5_PC_w4_ND,T5,Cii,PC,4,ND,blue,873.9130434782609,0.3
T5_PC_w4_ND,T5,Cii,PC,4,ND,blue,875.776397515528,0.25
T5_PC_w4_ND,T5,Cii,PC,4,ND,blue,877.639751552795,0.2
T5_PC_w4_ND,T5,Cii,PC,4,ND,blue,879.5031055900621,0.1
T5_PC_w4_ND,T5,Cii,PC,4,ND,blue,881.3664596273293,0.1
T5_PC_w4_ND,T5,Cii,PC,4,ND,blue,883.2298136645962,0.15
T5_PC_w4_ND,T5,Cii,PC,4,ND,blue,885.0931677018633,0.2
T5_PC_w4_ND,T5,Cii,PC,4,ND,blue,886.9565217391305,0.25
T5_PC_w4_ND,T5,Cii,PC,4,ND,blue,888.8198757763975,0.3
T5_PC_w4_ND,T5,Cii,PC,4,ND,blue,890.6832298136646,0.35
T5_PC_w4_ND,T5,Cii,PC,4,ND,blue,892.5465838509316,0.35
T5_PC_w4_ND,T5,Cii,PC,4,ND,blue,894.4099378881988,0.4
T5_PC_w4_ND,T5,Cii,PC,4,ND,blue,896.2732919254659,0.45
T5_PC_w4_ND,T5,Cii,PC,4,ND,blue,898.1366459627329,0.45
T5_PC_w4_ND,T5,Cii,PC,4,ND,blue,900.0,0.45
T5_NC_w1_PD,T5,Cii,NC,1,PD,red,0.0,-0.33276321383721097
T5_NC_w1_PD,T5,Cii,NC,1,PD,red,1.851851851851852,-0.286930833525264
T5_NC_w1_PD,T5,Cii,NC,1,PD,red,3.703703703703704,-0.22979702165314392
T5_NC_w1_PD,T5,Cii,NC,1,PD,red,5.555555555555555,-0.16565590487765575
T5_NC_w1_PD,T5,Cii,NC,1,PD,red,7.407407407407408,-0.10148309179544412
T5_NC_w1_PD,T5,Cii,NC,1,PD,red,9.25925925925926,-0.04543819301827057
T5_NC_w1_PD,T5,Cii,NC,1,PD,red,11.11111111111111,-0.004592430566088978
T5_NC_w1_PD,T5,Cii,NC,1,PD,red,12.962962962962964,0.017350759415961647
T5_NC_w1_PD,T5,Cii,NC,1,PD,red,14.814814814814817,0.021451928527091012
T5_NC_w1_PD,T5,Cii,NC,1,PD,red,16.666666666666664,0.013438509139973576
T5_NC_w1_PD,T5,Cii,NC,1,PD,red,18.51851851851852,0.0020612108933562466
T5_NC_w1_PD,T5,Cii,NC,1,PD,red,20.37037037037037,-0.0035416045352576475
T5_NC_w1_PD,T5,Cii,NC,1,PD,red,22.22222222222222,0.003456729591084695
T5_NC_w1_PD,T5,Cii,NC,1,PD,red,24.074074074074073,0.025774587870114374
T5_NC_w1_PD,T5,Cii,NC,1,PD,red,25.925925925925927,0.0616966287587104
T5_NC_w1_PD,T5,Cii,NC,1,PD,red,27.777777777777775,0.10623339327603958
T5_NC_w1_PD,T5,Cii,NC,1,PD,red,29.629629629629633,0.1532214541882581
T5_NC_w1_PD,T5,Cii,NC,1,PD,red,31.48148148148148,0.1975046475267618
T5_NC_w1_PD,T5,Cii,NC,1,PD,red,33.33333333333333,0.23642583129444575
T5_NC_w1_PD,T5,Cii,NC,1,PD,red,35.18518518518519,0.27017179281639303
T5_NC_w1_PD,T5,Cii,NC,1,PD,red,37.03703703703704,0.3009760855594209
T5_NC_w1_PD,T5,Cii,NC,1,PD,red,38.888888888888886,0.3316111227649799
T5_NC_w1_PD,T5,Cii,NC,1,PD,red,40.74074074074074,0.36375171982074334
T5_NC_w1_PD,T5,Cii,NC,1,PD,red,42.592592592592595,0.39679232448641527
T5_NC_w1_PD,T5,Cii,NC,1,PD,red,44.44444444444444,0.42749976542806395
T5_NC_w1_PD,T5,Cii,NC,1,PD,red,46.2962962962963,0.4505774345402244
T5_NC_w1_PD,T5,Cii,NC,1,PD,red,48.148148148148145,0.4599258734227192
T5_NC_w1_PD,T5,Cii,NC,1,PD,red,50.0,0.450172812706694
T5_NC_w1_PD,T5,Cii,NC,1,PD,red,51.851851851851855,0.4180057841778989
T5_NC_w1_PD,T5,Cii,NC,1,PD,red,53.7037037037037,0.3629735599221874
T5_NC_w1_PD,T5,Cii,NC,1,PD,red,55.55555555555555,0.2876121593691153
T5_NC_w1_PD,T5,Cii,NC,1,PD,red,57.40740740740741,0.1969916857427904
T5_NC_w1_PD,T5,Cii,NC,1,PD,red,59.25925925925927,0.0979058826912933
T5_NC_w1_PD,T5,Cii,NC,1,PD,red,61.11111111111111,-0.0020612108933505623
T5_NC_w1_PD,T5,Cii,NC,1,PD,red,62.96296296296296,-0.09537481519497533
T5_NC_w1_PD,T5,Cii,NC,1,PD,red,64.81481481481482,-0.1752113523965022
T5_NC_w1_PD,T5,Cii,NC,1,PD,red,66.66666666666666,-0.23590494717911384
T5_NC_w1_PD,T5,Cii,NC,1,PD,red,68.51851851851852,-0.2732653096489514
T5_NC_w1_PD,T5,Cii,NC,1,PD,red,70.37037037037038,-0.28485729569063095
T5_NC_w1_PD,T5,Cii,NC,1,PD,red,72.22222222222221,-0.2702775996763876
T5_NC_w1_PD,T5,Cii,NC,1,PD,red,74.07407407407408,-0.23137904959352795
T5_NC_w1_PD,T5,Cii,NC,1,PD,red,75.92592592592592,-0.1722987877348487
T5_NC_w1_PD,T5,Cii,NC,1,PD,red,77.77777777777777,-0.09914854954188286
T5_NC_w1_PD,T5,Cii,NC,1,PD,red,79.62962962962963,-0.01931881952178287
T5_NC_w1_PD,T5,Cii,NC,1,PD,red,81.48148148148148,0.05953676585089625
T5_NC_w1_PD,T5,Cii,NC,1,PD,red,83.33333333333333,0.13065040205681272
T5_NC_w1_PD,T5,Cii,NC,1,PD,red,85.18518518518519,0.18915219321701215
T5_NC_w1_PD,T5,Cii,NC,1,PD,red,87.03703703703704,0.23270859931486712
T5_NC_w1_PD,T5,Cii,NC,1,PD,red,88.88888888888889,0.26155915353985504
T5_NC_w1_PD,T5,Cii,NC,1,PD,red,90.74074074074073,0.27791763237659095
T5_NC_w1_PD,T5,Cii,NC,1,PD,red,92.5925925925926,0.2849251142812818
T5_NC_w1_PD,T5,Cii,NC,1,PD,red,94.44444444444444,0.2855245393149687
T5_NC_w1_PD,T5,Cii,NC,1,PD,red,96.29629629629629,0.28167386662865396
T5_NC_w1_PD,T5,Cii,NC,1,PD,red,98.14814814814815,0.27413906569628355
T5_NC_w1_PD,T5,Cii,NC,1,PD,red,100.0,0.2629090743602376
T5_NC_w1_PD,T5,Cii,NC,1,PD,red,101.85185185185185,0.24801125481375835
T5_NC_w1_PD,T5,Cii,NC,1,PD,red,103.70370370370371,0.230352518163852
T5_NC_w1_PD,T5,Cii,NC,1,PD,red,105.55555555555554,0.21216030738354447
T5_NC_w1_PD,T5,Cii,NC,1,PD,red,107.4074074074074,0.19673268513691938
T5_NC_w1_PD,T5,Cii,NC,1,PD,red,109.25925925925927,0.18752732469592956
T5_NC_w1_PD,T5,Cii,NC,1,PD,red,111.1111111111111,0.1870283638708088
T5_NC_w1_PD,T5,Cii,NC,1,PD,red,112.96296296296298,0.19598070249381863
T5_NC_w1_PD,T5,Cii,NC,1,PD,red,114.81481481481482,0.21343098995401988
T5_NC_w1_PD,T5,Cii,NC,1,PD,red,116.66666666666666,0.23749159959519375
T5_NC_w1_PD,T5,Cii,NC,1,PD,red,118.51851851851853,0.26633232279940555
T5_NC_w1_PD,T5,Cii,NC,1,PD,red,120.37037037037037,0.29878591578525404
T5_NC_w1_PD,T5,Cii,NC,1,PD,red,122.22222222222221,0.33424479980381533
T5_NC_w1_PD,T5,Cii,NC,1,PD,red,124.07407407407409,0.372001073120515
T5_NC_w1_PD,T5,Cii,NC,1,PD,red,125.92592592592592,0.410490090683777
T5_NC_w1_PD,T5,Cii,NC,1,PD,red,127.77777777777777,0.4468969608989767
T5_NC_w1_PD,T5,Cii,NC,1,PD,red,129.62962962962965,0.4773270247380424
T5_NC_w1_PD,T5,Cii,NC,1,PD,red,131.4814814814815,0.49744634737140814
T5_NC_w1_PD,T5,Cii,NC,1,PD,red,133.33333333333331,0.5033282062898479
T5_NC_w1_PD,T5,Cii,NC,1,PD,red,135.1851851851852,0.4922878385778631
T5_NC_w1_PD,T5,Cii,NC,1,PD,red,137.03703703703704,0.4635482841860494
T5_NC_w1_PD,T5,Cii,NC,1,PD,red,138.88888888888889,0.4186229301129913
T5_NC_w1_PD,T5,Cii,NC,1,PD,red,140.74074074074076,0.36128888777312795
T5_NC_w1_PD,T5,Cii,NC,1,PD,red,142.59259259259258,0.2970546378460767
T5_NC_w1_PD,T5,Cii,NC,1,PD,red,144.44444444444443,0.23221965584485815
T5_NC_w1_PD,T5,Cii,NC,1,PD,red,146.2962962962963,0.17278515343236336
T5_NC_w1_PD,T5,Cii,NC,1,PD,red,148.14814814814815,0.12355040704716203
T5_NC_w1_PD,T5,Cii,NC,1,PD,red,150.0,0.0875855118640743
T5_NC_w1_PD,T5,Cii,NC,1,PD,red,151.85185185185185,0.06604510653436932
T5_NC_w1_PD,T5,Cii,NC,1,PD,red,153.7037037037037,0.05818500393700106
T5_NC_w1_PD,T5,Cii,NC,1,PD,red,155.55555555555554,0.06151443991900578
T5_NC_w1_PD,T5,Cii,NC,1,PD,red,157.40740740740742,0.07221050780313476
T5_NC_w1_PD,T5,Cii,NC,1,PD,red,159.25925925925927,0.08593059881997078
T5_NC_w1_PD,T5,Cii,NC,1,PD,red,161.11111111111111,0.09893758973104241
T5_NC_w1_PD,T5,Cii,NC,1,PD,red,162.96296296296296,0.10905257136591331
T5_NC_w1_PD,T5,Cii,NC,1,PD,red,164.8148148148148,0.11584793594598182
T5_NC_w1_PD,T5,Cii,NC,1,PD,red,166.66666666666666,0.11984336307519924
T5_NC_w1_PD,T5,Cii,NC,1,PD,red,168.51851851851853,0.12114242397491352
T5_NC_w1_PD,T5,Cii,NC,1,PD,red,170.37037037037038,0.11838905128104785
T5_NC_w1_PD,T5,Cii,NC,1,PD,red,172.2222222222222,0.10879510562225506
T5_NC_w1_PD,T5,Cii,NC,1,PD,red,174.07407407407408,0.08924654789595365
T5_NC_w1_PD,T5,Cii,NC,1,PD,red,175.92592592592592,0.05777466674254583
T5_NC_w1_PD,T5,Cii,NC,1,PD,red,177.77777777777777,0.014505223828069801
T5_NC_w1_PD,T5,Cii,NC,1,PD,red,179.62962962962965,-0.038327264201183195
T5_NC_w1_PD,T5,Cii,NC,1,PD,red,181.48148148148147,-0.09709266150447889
T5_NC_w1_PD,T5,Cii,NC,1,PD,red,183.33333333333331,-0.15764263607374573
T5_NC_w1_PD,T5,Cii,NC,1,PD,red,185.1851851851852,-0.21596245502450984
T5_NC_w1_PD,T5,Cii,NC,1,PD,red,187.03703703703704,-0.268535318633235
T5_NC_w1_PD,T5,Cii,NC,1,PD,red,188.88888888888889,-0.31256001179872894
T5_NC_w1_PD,T5,Cii,NC,1,PD,red,190.74074074074073,-0.3461169551279113
T5_NC_w1_PD,T5,Cii,NC,1,PD,red,192.59259259259258,-0.3681896113898745
T5_NC_w1_PD,T5,Cii,NC,1,PD,red,194.44444444444443,-0.3784788919613959
T5_NC_w1_PD,T5,Cii,NC,1,PD,red,196.2962962962963,-0.3770612080535045
T5_NC_w1_PD,T5,Cii,NC,1,PD,red,198.14814814814815,-0.364097291147749
T5_NC_w1_PD,T5,Cii,NC,1,PD,red,200.0,-0.3397764188294559
T5_NC_w1_PD,T5,Cii,NC,1,PD,red,201.85185185185185,-0.3045023668852821
T5_NC_w1_PD,T5,Cii,NC,1,PD,red,203.7037037037037,-0.2591634060951321
T5_NC_w1_PD,T5,Cii,NC,1,PD,red,205.55555555555554,-0.20530632777856112
T5_NC_w1_PD,T5,Cii,NC,1,PD,red,207.40740740740742,-0.14515390438679104
T5_NC_w1_PD,T5,Cii,NC,1,PD,red,209.25925925925927,-0.08152986527525172
T5_NC_w1_PD,T5,Cii,NC,1,PD,red,211.1111111111111,-0.017800900510110296
T5_NC_w1_PD,T5,Cii,NC,1,PD,red,212.96296296296296,0.042166399086090676
T5_NC_w1_PD,T5,Cii,NC,1,PD,red,214.8148148148148,0.09415888938015086
T5_NC_w1_PD,T5,Cii,NC,1,PD,red,216.66666666666666,0.13401810230951697
T5_NC_w1_PD,T5,Cii,NC,1,PD,red,218.51851851851853,0.1583435121256173
T5_NC_w1_PD,T5,Cii,NC,1,PD,red,220.37037037037035,0.16535737101987708
T5_NC_w1_PD,T5,Cii,NC,1,PD,red,222.2222222222222,0.155654540747895
T5_NC_w1_PD,T5,Cii,NC,1,PD,red,224.07407407407408,0.13258335095275128
T5_NC_w1_PD,T5,Cii,NC,1,PD,red,225.92592592592595,0.10206482557341587
T5_NC_w1_PD,T5,Cii,NC,1,PD,red,227.7777777777778,0.0717889995281098
T5_NC_w1_PD,T5,Cii,NC,1,PD,red,229.62962962962965,0.04982845310051971
T5_NC_w1_PD,T5,Cii,NC,1,PD,red,231.48148148148147,0.042898250198049936
T5_NC_w1_PD,T5,Cii,NC,1,PD,red,233.33333333333331,0.054698486881989083
T5_NC_w1_PD,T5,Cii,NC,1,PD,red,235.18518518518516,0.0849347680457015
T5_NC_w1_PD,T5,Cii,NC,1,PD,red,237.03703703703707,0.12946106976818328
T5_NC_w1_PD,T5,Cii,NC,1,PD,red,238.8888888888889,0.18154013029973157
T5_NC_w1_PD,T5,Cii,NC,1,PD,red,240.74074074074073,0.23377789114607594
T5_NC_w1_PD,T5,Cii,NC,1,PD,red,242.59259259259258,0.2799279572705302
T5_NC_w1_PD,T5,Cii,NC,1,PD,red,244.44444444444443,0.31596108450420957
T5_NC_w1_PD,T5,Cii,NC,1,PD,red,246.29629629629628,0.34017129421687287
T5_NC_w1_PD,T5,Cii,NC,1,PD,red,248.14814814814818,0.3525507763652058
T5_NC_w1_PD,T5,Cii,NC,1,PD,red,250.0,0.3539127762507917
T5_NC_w1_PD,T5,Cii,NC,1,PD,red,251.85185185185185,0.34519698271731725
T5_NC_w1_PD,T5,Cii,NC,1,PD,red,253.7037037037037,0.32719016847877924
T5_NC_w1_PD,T5,Cii,NC,1,PD,red,255.55555555555554,0.30065782628272475
T5_NC_w1_PD,T5,Cii,NC,1,PD,red,257.4074074074074,0.26671522178868373
T5_NC_w1_PD,T5,Cii,NC,1,PD,red,259.2592592592593,0.2272228079674278
T5_NC_w1_PD,T5,Cii,NC,1,PD,red,261.11111111111114,0.18499647639044953
T5_NC_w1_PD,T5,Cii,NC,1,PD,red,262.962962962963,0.14367294363657948
T5_NC_w1_PD,T5,Cii,NC,1,PD,red,264.8148148148148,0.10715504430129955
T5_NC_w1_PD,T5,Cii,NC,1,PD,red,266.66666666666663,0.07876271885685356
T5_NC_w1_PD,T5,Cii,NC,1,PD,red,268.5185185185185,0.06040610431199411
T5_NC_w1_PD,T5,Cii,NC,1,PD,red,270.3703703703704,0.05213496593778473
T5_NC_w1_PD,T5,Cii,NC,1,PD,red,272.22222222222223,0.052331868656017376
T5_NC_w1_PD,T5,Cii,NC,1,PD,red,274.0740740740741,0.05848354454224136
T5_NC_w1_PD,T5,Cii,NC,1,PD,red,275.9259259259259,0.06820584507454441
T5_NC_w1_PD,T5,Cii,NC,1,PD,red,277.77777777777777,0.08005819774453471
T5_NC_w1_PD,T5,Cii,NC,1,PD,red,279.6296296296296,0.09379553351921004
T5_NC_w1_PD,T5,Cii,NC,1,PD,red,281.4814814814815,0.10996770948947869
T5_NC_w1_PD,T5,Cii,NC,1,PD,red,283.3333333333333,0.12907416477219158
T5_NC_w1_PD,T5,Cii,NC,1,PD,red,285.18518518518516,0.15069322234913898
T5_NC_w1_PD,T5,Cii,NC,1,PD,red,287.037037037037,0.17300180965684717
T5_NC_w1_PD,T5,Cii,NC,1,PD,red,288.88888888888886,0.19294977827348703
T5_NC_w1_PD,T5,Cii,NC,1,PD,red,290.7407407407407,0.20703058727850704
T5_NC_w1_PD,T5,Cii,NC,1,PD,red,292.5925925925926,0.21230694976630957
T5_NC_w1_PD,T5,Cii,NC,1,PD,red,294.44444444444446,0.20724250330265476
T5_NC_w1_PD,T5,Cii,NC,1,PD,red,296.2962962962963,0.19199357777841897
T5_NC_w1_PD,T5,Cii,NC,1,PD,red,298.14814814814815,0.16810212528187093
T5_NC_w1_PD,T5,Cii,NC,1,PD,red,300.0,0.13778750621657992
T5_NC_w1_PD,T5,Cii,NC,1,PD,red,301.8518518518519,0.10319776887536705
T5_NC_w1_PD,T5,Cii,NC,1,PD,red,303.7037037037037,0.06595254484147972
T5_NC_w1_PD,T5,Cii,NC,1,PD,red,305.55555555555554,0.027122312884608847
T5_NC_w1_PD,T5,Cii,NC,1,PD,red,307.4074074074074,-0.012440753767901925
T5_NC_w1_PD,T5,Cii,NC,1,PD,red,309.25925925925924,-0.051682306677003
T5_NC_w1_PD,T5,Cii,NC,1,PD,red,311.1111111111111,-0.08912904119445102
T5_NC_w1_PD,T5,Cii,NC,1,PD,red,312.962962962963,-0.12302100236727824
T5_NC_w1_PD,T5,Cii,NC,1,PD,red,314.81481481481484,-0.15175030503564813
T5_NC_w1_PD,T5,Cii,NC,1,PD,red,316.6666666666667,-0.1743449679842229
T5_NC_w1_PD,T5,Cii,NC,1,PD,red,318.51851851851853,-0.1907518541092202
T5_NC_w1_PD,T5,Cii,NC,1,PD,red,320.3703703703704,-0.2017584447210993
T5_NC_w1_PD,T5,Cii,NC,1,PD,red,322.22222222222223,-0.20862202949547282
T5_NC_w1_PD,T5,Cii,NC,1,PD,red,324.0740740740741,-0.21252567402949013
T5_NC_w1_PD,T5,Cii,NC,1,PD,red,325.9259259259259,-0.214017818809873
T5_NC_w1_PD,T5,Cii,NC,1,PD,red,327.77777777777777,-0.21252507727648434
T5_NC_w1_PD,T5,Cii,NC,1,PD,red,329.6296296296296,-0.20605247079248556
T5_NC_w1_PD,T5,Cii,NC,1,PD,red,331.48148148148147,-0.19122866501263616
T5_NC_w1_PD,T5,Cii,NC,1,PD,red,333.3333333333333,-0.16385760735760185
T5_NC_w1_PD,T5,Cii,NC,1,PD,red,335.1851851851852,-0.11997516956767526
T5_NC_w1_PD,T5,Cii,NC,1,PD,red,337.03703703703707,-0.05717948356356715
T5_NC_w1_PD,T5,Cii,NC,1,PD,red,338.8888888888889,0.02424357289252157
T5_NC_w1_PD,T5,Cii,NC,1,PD,red,340.74074074074076,0.12082697900633547
T5_NC_w1_PD,T5,Cii,NC,1,PD,red,342.5925925925926,0.226287854708562
T5_NC_w1_PD,T5,Cii,NC,1,PD,red,344.4444444444444,0.33265259263733354
T5_NC_w1_PD,T5,Cii,NC,1,PD,red,346.2962962962963,0.43179938493725556
T5_NC_w1_PD,T5,Cii,NC,1,PD,red,348.14814814814815,0.5169979067574104
T5_NC_w1_PD,T5,Cii,NC,1,PD,red,350.0,0.5840483470442166
T5_NC_w1_PD,T5,Cii,NC,1,PD,red,351.85185185185185,0.6317580561237491
T5_NC_w1_PD,T5,Cii,NC,1,PD,red,353.7037037037037,0.6616743475258943
T5_NC_w1_PD,T5,Cii,NC,1,PD,red,355.55555555555554,0.6772364585332185
T5_NC_w1_PD,T5,Cii,NC,1,PD,red,357.40740740740745,0.6827003498337489
T5_NC_w1_PD,T5,Cii,NC,1,PD,red,359.2592592592593,0.682239779104043
T5_NC_w1_PD,T5,Cii,NC,1,PD,red,361.11111111111114,0.6794682274715456
T5_NC_w1_PD,T5,Cii,NC,1,PD,red,362.96296296296293,0.6773231319058709
T5_NC_w1_PD,T5,Cii,NC,1,PD,red,364.8148148148148,0.6780678706762956
T5_NC_w1_PD,T5,Cii,NC,1,PD,red,366.66666666666663,0.6831650591384573
T5_NC_w1_PD,T5,Cii,NC,1,PD,red,368.51851851851853,0.6930276452905446
T5_NC_w1_PD,T5,Cii,NC,1,PD,red,370.3703703703704,0.7068372893480103
T5_NC_w1_PD,T5,Cii,NC,1,PD,red,372.22222222222223,0.7226825241964093
T5_NC_w1_PD,T5,Cii,NC,1,PD,red,374.0740740740741,0.7380732894625794
T5_NC_w1_PD,T5,Cii,NC,1,PD,red,375.9259259259259,0.7506722362380686
T5_NC_w1_PD,T5,Cii,NC,1,PD,red,377.77777777777777,0.7589944471697947
T5_NC_w1_PD,T5,Cii,NC,1,PD,red,379.6296296296297,0.7629098279903758
T5_NC_w1_PD,T5,Cii,NC,1,PD,red,381.48148148148147,0.7638892064161155
T5_NC_w1_PD,T5,Cii,NC,1,PD,red,383.3333333333333,0.7649961810800505
T5_NC_w1_PD,T5,Cii,NC,1,PD,red,385.18518518518516,0.7705372920410241
T5_NC_w1_PD,T5,Cii,NC,1,PD,red,387.037037037037,0.785315141346274
T5_NC_w1_PD,T5,Cii,NC,1,PD,red,388.88888888888886,0.8135510364788161
T5_NC_w1_PD,T5,Cii,NC,1,PD,red,390.74074074074076,0.8577617719276418
T5_NC_w1_PD,T5,Cii,NC,1,PD,red,392.5925925925926,0.918025558972215
T5_NC_w1_PD,T5,Cii,NC,1,PD,red,394.44444444444446,0.9919209378938945
T5_NC_w1_PD,T5,Cii,NC,1,PD,red,396.2962962962963,1.0751816651141213
T5_NC_w1_PD,T5,Cii,NC,1,PD,red,398.14814814814815,1.1627736875292727
T5_NC_w1_PD,T5,Cii,NC,1,PD,red,400.0,1.2500342889472278
T5_NC_w1_PD,T5,Cii,NC,1,PD,red,401.85185185185185,1.3335570685810751
T5_NC_w1_PD,T5,Cii,NC,1,PD,red,403.7037037037037,1.411703537758251
T5_NC_w1_PD,T5,Cii,NC,1,PD,red,405.55555555555554,1.4847208965273353
T5_NC_w1_PD,T5,Cii,NC,1,PD,red,407.4074074074074,1.5544611338530558
T5_NC_w1_PD,T5,Cii,NC,1,PD,red,409.25925925925924,1.6237067406349865
T5_NC_w1_PD,T5,Cii,NC,1,PD,red,411.1111111111111,1.6951884367211563
T5_NC_w1_PD,T5,Cii,NC,1,PD,red,412.962962962963,1.770599254209526
T5_NC_w1_PD,T5,Cii,NC,1,PD,red,414.81481481481484,1.8500285921625959
T5_NC_w1_PD,T5,Cii,NC,1,PD,red,416.6666666666667,1.9321159030937394
T5_NC_w1_PD,T5,Cii,NC,1,PD,red,418.51851851851853,2.014906983685205
T5_NC_w1_PD,T5,Cii,NC,1,PD,red,420.3703703703704,2.0969409243754455
T5_NC_w1_PD,T5,Cii,NC,1,PD,red,422.2222222222222,2.1779811473295867
T5_NC_w1_PD,T5,Cii,NC,1,PD,red,424.0740740740741,2.2589701426032547
T5_NC_w1_PD,T5,Cii,NC,1,PD,red,425.9259259259259,2.3412546667779908
T5_NC_w1_PD,T5,Cii,NC,1,PD,red,427.77777777777777,2.425511091240685
T5_NC_w1_PD,T5,Cii,NC,1,PD,red,429.6296296296296,2.5109459665301075
T5_NC_w1_PD,T5,Cii,NC,1,PD,red,431.48148148148147,2.5951749652118794
T5_NC_w1_PD,T5,Cii,NC,1,PD,red,433.3333333333333,2.674874743715077
T5_NC_w1_PD,T5,Cii,NC,1,PD,red,435.1851851851852,2.7469804592931837
T5_NC_w1_PD,T5,Cii,NC,1,PD,red,437.03703703703707,2.80999802623856
T5_NC_w1_PD,T5,Cii,NC,1,PD,red,438.8888888888889,2.864903117940031
T5_NC_w1_PD,T5,Cii,NC,1,PD,red,440.7407407407407,2.9152030508653866
T5_NC_w1_PD,T5,Cii,NC,1,PD,red,442.59259259259255,2.966000500584238
T5_NC_w1_PD,T5,Cii,NC,1,PD,red,444.4444444444444,3.022387585428709
T5_NC_w1_PD,T5,Cii,NC,1,PD,red,446.2962962962963,3.0878792775767407
T5_NC_w1_PD,T5,Cii,NC,1,PD,red,448.14814814814815,3.163626958037878
T5_NC_w1_PD,T5,Cii,NC,1,PD,red,450.0,3.2487353263806313
T5_NC_w1_PD,T5,Cii,NC,1,PD,red,451.8518518518519,3.3413226193374386
T5_NC_w1_PD,T5,Cii,NC,1,PD,red,453.7037037037037,3.439581569675545
T5_NC_w1_PD,T5,Cii,NC,1,PD,red,455.5555555555556,3.5421477921134965
T5_NC_w1_PD,T5,Cii,NC,1,PD,red,457.4074074074074,3.647681917381084
T5_NC_w1_PD,T5,Cii,NC,1,PD,red,459.2592592592593,3.7541270648481144
T5_NC_w1_PD,T5,Cii,NC,1,PD,red,461.11111111111114,3.858330711995768
T5_NC_w1_PD,T5,Cii,NC,1,PD,red,462.96296296296293,3.9564178274279582
T5_NC_w1_PD,T5,Cii,NC,1,PD,red,464.81481481481484,4.044723503051739
T5_NC_w1_PD,T5,Cii,NC,1,PD,red,466.66666666666663,4.120728564794012
T5_NC_w1_PD,T5,Cii,NC,1,PD,red,468.51851851851853,4.1834461140168
T5_NC_w1_PD,T5,Cii,NC,1,PD,red,470.3703703703703,4.233155599321867
T5_NC_w1_PD,T5,Cii,NC,1,PD,red,472.22222222222223,4.270846409372519
T5_NC_w1_PD,T5,Cii,NC,1,PD,red,474.07407407407413,4.297859647966595
T5_NC_w1_PD,T5,Cii,NC,1,PD,red,475.9259259259259,4.316042564952238
T5_NC_w1_PD,T5,Cii,NC,1,PD,red,477.7777777777778,4.328250543079588
T5_NC_w1_PD,T5,Cii,NC,1,PD,red,479.6296296296296,4.338766449073063
T5_NC_w1_PD,T5,Cii,NC,1,PD,red,481.48148148148147,4.353226710963258
T5_NC_w1_PD,T5,Cii,NC,1,PD,red,483.33333333333337,4.377940702025734
T5_NC_w1_PD,T5,Cii,NC,1,PD,red,485.18518518518516,4.418818610643251
T5_NC_w1_PD,T5,Cii,NC,1,PD,red,487.03703703703707,4.48031066213797
T5_NC_w1_PD,T5,Cii,NC,1,PD,red,488.88888888888886,4.564779024617349
T5_NC_w1_PD,T5,Cii,NC,1,PD,red,490.74074074074076,4.672454902414723
T5_NC_w1_PD,T5,Cii,NC,1,PD,red,492.59259259259255,4.801918294304864
T5_NC_w1_PD,T5,Cii,NC,1,PD,red,494.44444444444446,4.950860806175399
T5_NC_w1_PD,T5,Cii,NC,1,PD,red,496.29629629629636,5.116803288618809
T5_NC_w1_PD,T5,Cii,NC,1,PD,red,498.14814814814815,5.297527128999593
T5_NC_w1_PD,T5,Cii,NC,1,PD,red,500.0,5.4910769290950725
T5_NC_w1_PD,T5,Cii,NC,1,PD,red,501.8518518518518,5.695379046579473
T5_NC_w1_PD,T5,Cii,NC,1,PD,red,503.7037037037037,5.907630069984753
T5_NC_w1_PD,T5,Cii,NC,1,PD,red,505.5555555555556,6.123734538698926
T5_NC_w1_PD,T5,Cii,NC,1,PD,red,507.4074074074074,6.33807920289002
T5_NC_w1_PD,T5,Cii,NC,1,PD,red,509.2592592592593,6.54381774730299
T5_NC_w1_PD,T5,Cii,NC,1,PD,red,511.1111111111111,6.733630835202871
T5_NC_w1_PD,T5,Cii,NC,1,PD,red,512.9629629629629,6.900770977416218
T5_NC_w1_PD,T5,Cii,NC,1,PD,red,514.8148148148148,7.0401213020531745
T5_NC_w1_PD,T5,Cii,NC,1,PD,red,516.6666666666666,7.149079364727632
T5_NC_w1_PD,T5,Cii,NC,1,PD,red,518.5185185185186,7.228087820402408
T5_NC_w1_PD,T5,Cii,NC,1,PD,red,520.3703703703703,7.280679668073157
T5_NC_w1_PD,T5,Cii,NC,1,PD,red,522.2222222222223,7.312935539962368
T5_NC_w1_PD,T5,Cii,NC,1,PD,red,524.074074074074,7.332439163025708
T5_NC_w1_PD,T5,Cii,NC,1,PD,red,525.925925925926,7.346948048200252
T5_NC_w1_PD,T5,Cii,NC,1,PD,red,527.7777777777778,7.36316241521242
T5_NC_w1_PD,T5,Cii,NC,1,PD,red,529.6296296296296,7.38590113704864
T5_NC_w1_PD,T5,Cii,NC,1,PD,red,531.4814814814815,7.417812256288284
T5_NC_w1_PD,T5,Cii,NC,1,PD,red,533.3333333333333,7.459468401569888
T5_NC_w1_PD,T5,Cii,NC,1,PD,red,535.1851851851852,7.5095642967855865
T5_NC_w1_PD,T5,Cii,NC,1,PD,red,537.037037037037,7.565061175685583
T5_NC_w1_PD,T5,Cii,NC,1,PD,red,538.8888888888889,7.621323661168904
T5_NC_w1_PD,T5,Cii,NC,1,PD,red,540.7407407407408,7.672536991215674
T5_NC_w1_PD,T5,Cii,NC,1,PD,red,542.5925925925926,7.712614444578333
T5_NC_w1_PD,T5,Cii,NC,1,PD,red,544.4444444444445,7.736559129591347
T5_NC_w1_PD,T5,Cii,NC,1,PD,red,546.2962962962963,7.741869502157894
T5_NC_w1_PD,T5,Cii,NC,1,PD,red,548.1481481481482,7.7294352592098505
T5_NC_w1_PD,T5,Cii,NC,1,PD,red,550.0,7.703476693892961
T5_NC_w1_PD,T5,Cii,NC,1,PD,red,551.8518518518518,7.670468295838271
T5_NC_w1_PD,T5,Cii,NC,1,PD,red,553.7037037037037,7.637375310322682
T5_NC_w1_PD,T5,Cii,NC,1,PD,red,555.5555555555555,7.609795853980733
T5_NC_w1_PD,T5,Cii,NC,1,PD,red,557.4074074074074,7.590585104715546
T5_NC_w1_PD,T5,Cii,NC,1,PD,red,559.2592592592592,7.579319021187456
T5_NC_w1_PD,T5,Cii,NC,1,PD,red,561.1111111111111,7.572576190943363
T5_NC_w1_PD,T5,Cii,NC,1,PD,red,562.962962962963,7.564744395828967
T5_NC_w1_PD,T5,Cii,NC,1,PD,red,564.8148148148148,7.549064422148129
T5_NC_w1_PD,T5,Cii,NC,1,PD,red,566.6666666666666,7.518758345545342
T5_NC_w1_PD,T5,Cii,NC,1,PD,red,568.5185185185185,7.468173313673748
T5_NC_w1_PD,T5,Cii,NC,1,PD,red,570.3703703703703,7.393835156628887
T5_NC_w1_PD,T5,Cii,NC,1,PD,red,572.2222222222223,7.295093879738062
T5_NC_w1_PD,T5,Cii,NC,1,PD,red,574.074074074074,7.17407534121349
T5_NC_w1_PD,T5,Cii,NC,1,PD,red,575.925925925926,7.034891490548574
T5_NC_w1_PD,T5,Cii,NC,1,PD,red,577.7777777777777,6.882441413889316
T5_NC_w1_PD,T5,Cii,NC,1,PD,red,579.6296296296297,6.721288364501317
T5_NC_w1_PD,T5,Cii,NC,1,PD,red,581.4814814814814,6.554977724327889
T5_NC_w1_PD,T5,Cii,NC,1,PD,red,583.3333333333334,6.385881134292887
T5_NC_w1_PD,T5,Cii,NC,1,PD,red,585.1851851851852,6.215421587255497
T5_NC_w1_PD,T5,Cii,NC,1,PD,red,587.0370370370371,6.044470166659141
T5_NC_w1_PD,T5,Cii,NC,1,PD,red,588.8888888888889,5.873733932216913
T5_NC_w1_PD,T5,Cii,NC,1,PD,red,590.7407407407406,5.704029418940252
T5_NC_w1_PD,T5,Cii,NC,1,PD,red,592.5925925925926,5.5364105753227815
T5_NC_w1_PD,T5,Cii,NC,1,PD,red,594.4444444444445,5.372176515137761
T5_NC_w1_PD,T5,Cii,NC,1,PD,red,596.2962962962963,5.212812766462946
T5_NC_w1_PD,T5,Cii,NC,1,PD,red,598.1481481481482,5.059881478003388
T5_NC_w1_PD,T5,Cii,NC,1,PD,red,600.0,4.914881689677901
T5_NC_w1_PD,T5,Cii,NC,1,PD,red,601.8518518518518,4.779084081579543
T5_NC_w1_PD,T5,Cii,NC,1,PD,red,603.7037037037038,4.653423577844398
T5_NC_w1_PD,T5,Cii,NC,1,PD,red,605.5555555555555,4.538496767455717
T5_NC_w1_PD,T5,Cii,NC,1,PD,red,607.4074074074074,4.434677608900347
T5_NC_w1_PD,T5,Cii,NC,1,PD,red,609.2592592592592,4.342223064397132
T5_NC_w1_PD,T5,Cii,NC,1,PD,red,611.1111111111111,4.261244217248736
T5_NC_w1_PD,T5,Cii,NC,1,PD,red,612.9629629629629,4.191513745418211
T5_NC_w1_PD,T5,Cii,NC,1,PD,red,614.8148148148148,4.132249693880357
T5_NC_w1_PD,T5,Cii,NC,1,PD,red,616.6666666666667,4.0820492658741045
T5_NC_w1_PD,T5,Cii,NC,1,PD,red,618.5185185185185,4.039092516719085
T5_NC_w1_PD,T5,Cii,NC,1,PD,red,620.3703703703704,4.001547283528242
T5_NC_w1_PD,T5,Cii,NC,1,PD,red,622.2222222222222,3.9679788737356603
T5_NC_w1_PD,T5,Cii,NC,1,PD,red,624.0740740740741,3.9374919097183976
T5_NC_w1_PD,T5,Cii,NC,1,PD,red,625.925925925926,3.909445308306158
T5_NC_w1_PD,T5,Cii,NC,1,PD,red,627.7777777777777,3.882787316661461
T5_NC_w1_PD,T5,Cii,NC,1,PD,red,629.6296296296297,3.8553769816108114
T5_NC_w1_PD,T5,Cii,NC,1,PD,red,631.4814814814814,3.8237618509037703
T5_NC_w1_PD,T5,Cii,NC,1,PD,red,633.3333333333334,3.7837222441744984
T5_NC_w1_PD,T5,Cii,NC,1,PD,red,635.1851851851851,3.7315001215335486
T5_NC_w1_PD,T5,Cii,NC,1,PD,red,637.0370370370371,3.6651152584571265
T5_NC_w1_PD,T5,Cii,NC,1,PD,red,638.8888888888889,3.5851239985383074
T5_NC_w1_PD,T5,Cii,NC,1,PD,red,640.7407407407408,3.4943816066781155
T5_NC_w1_PD,T5,Cii,NC,1,PD,red,642.5925925925926,3.3969542916441697
T5_NC_w1_PD,T5,Cii,NC,1,PD,red,644.4444444444445,3.296736462681179
T5_NC_w1_PD,T5,Cii,NC,1,PD,red,646.2962962962963,3.196421497213646
T5_NC_w1_PD,T5,Cii,NC,1,PD,red,648.1481481481482,3.09726120599928
T5_NC_w1_PD,T5,Cii,NC,1,PD,red,650.0,2.9996376958821203
T5_NC_w1_PD,T5,Cii,NC,1,PD,red,651.8518518518518,2.9040854005192274
T5_NC_w1_PD,T5,Cii,NC,1,PD,red,653.7037037037037,2.8121766426067607
T5_NC_w1_PD,T5,Cii,NC,1,PD,red,655.5555555555555,2.726743445184087
T5_NC_w1_PD,T5,Cii,NC,1,PD,red,657.4074074074074,2.6512656765342
T5_NC_w1_PD,T5,Cii,NC,1,PD,red,659.2592592592592,2.5887593632362154
T5_NC_w1_PD,T5,Cii,NC,1,PD,red,661.1111111111112,2.5407804219239667
T5_NC_w1_PD,T5,Cii,NC,1,PD,red,662.9629629629629,2.5070823067616343
T5_NC_w1_PD,T5,Cii,NC,1,PD,red,664.8148148148148,2.4860427537997225
T5_NC_w1_PD,T5,Cii,NC,1,PD,red,666.6666666666666,2.475509016685976
T5_NC_w1_PD,T5,Cii,NC,1,PD,red,668.5185185185185,2.4735609235597282
T5_NC_w1_PD,T5,Cii,NC,1,PD,red,670.3703703703704,2.478849102607404
T5_NC_w1_PD,T5,Cii,NC,1,PD,red,672.2222222222222,2.490479794148348
T5_NC_w1_PD,T5,Cii,NC,1,PD,red,674.0740740740741,2.507643798544882
T5_NC_w1_PD,T5,Cii,NC,1,PD,red,675.9259259259259,2.529176682105276
T5_NC_w1_PD,T5,Cii,NC,1,PD,red,677.7777777777778,2.5532370673565254
T5_NC_w1_PD,T5,Cii,NC,1,PD,red,679.6296296296296,2.577217498447129
T5_NC_w1_PD,T5,Cii,NC,1,PD,red,681.4814814814815,2.597956077509463
T5_NC_w1_PD,T5,Cii,NC,1,PD,red,683.3333333333334,2.612231745908616
T5_NC_w1_PD,T5,Cii,NC,1,PD,red,685.1851851851852,2.617320338332166
T5_NC_w1_PD,T5,Cii,NC,1,PD,red,687.0370370370371,2.6114078153434774
T5_NC_w1_PD,T5,Cii,NC,1,PD,red,688.8888888888888,2.5936952380965352
T5_NC_w1_PD,T5,Cii,NC,1,PD,red,690.7407407407408,2.564291410696069
T5_NC_w1_PD,T5,Cii,NC,1,PD,red,692.5925925925926,2.5241085174624684
T5_NC_w1_PD,T5,Cii,NC,1,PD,red,694.4444444444445,2.474923348086975
T5_NC_w1_PD,T5,Cii,NC,1,PD,red,696.2962962962963,2.419513438195821
T5_NC_w1_PD,T5,Cii,NC,1,PD,red,698.1481481481482,2.3616211659873785
T5_NC_w1_PD,T5,Cii,NC,1,PD,red,700.0,2.3055174904930995
T5_NC_w1_PD,T5,Cii,NC,1,PD,red,701.8518518518518,2.255265094461879
T5_NC_w1_PD,T5,Cii,NC,1,PD,red,703.7037037037037,2.214025903965978
T5_NC_w1_PD,T5,Cii,NC,1,PD,red,705.5555555555555,2.183800178464105
T5_NC_w1_PD,T5,Cii,NC,1,PD,red,707.4074074074074,2.16569172410737
T5_NC_w1_PD,T5,Cii,NC,1,PD,red,709.2592592592592,2.1604346064328013
T5_NC_w1_PD,T5,Cii,NC,1,PD,red,711.1111111111111,2.168747251506056
T5_NC_w1_PD,T5,Cii,NC,1,PD,red,712.9629629629629,2.1912325607160597
T5_NC_w1_PD,T5,Cii,NC,1,PD,red,714.8148148148149,2.2278524869114222
T5_NC_w1_PD,T5,Cii,NC,1,PD,red,716.6666666666666,2.277275656606747
T5_NC_w1_PD,T5,Cii,NC,1,PD,red,718.5185185185186,2.336451377681567
T5_NC_w1_PD,T5,Cii,NC,1,PD,red,720.3703703703703,2.400638043765923
T5_NC_w1_PD,T5,Cii,NC,1,PD,red,722.2222222222223,2.4639401189555317
T5_NC_w1_PD,T5,Cii,NC,1,PD,red,724.074074074074,2.5202500472975657
T5_NC_w1_PD,T5,Cii,NC,1,PD,red,725.9259259259259,2.5643731630498108
T5_NC_w1_PD,T5,Cii,NC,1,PD,red,727.7777777777778,2.5930474478817134
T5_NC_w1_PD,T5,Cii,NC,1,PD,red,729.6296296296296,2.605579091703362
T5_NC_w1_PD,T5,Cii,NC,1,PD,red,731.4814814814815,2.6039274740621012
T5_NC_w1_PD,T5,Cii,NC,1,PD,red,733.3333333333333,2.5922015328924433
T5_NC_w1_PD,T5,Cii,NC,1,PD,red,735.1851851851852,2.575661203779424
T5_NC_w1_PD,T5,Cii,NC,1,PD,red,737.0370370370371,2.5594555984318275
T5_NC_w1_PD,T5,Cii,NC,1,PD,red,738.8888888888889,2.5474115763641123
T5_NC_w1_PD,T5,Cii,NC,1,PD,red,740.7407407407408,2.541215322883039
T5_NC_w1_PD,T5,Cii,NC,1,PD,red,742.5925925925926,2.5402091037475882
T5_NC_w1_PD,T5,Cii,NC,1,PD,red,744.4444444444445,2.5417907400003856
T5_NC_w1_PD,T5,Cii,NC,1,PD,red,746.2962962962962,2.5422181645900706
T5_NC_w1_PD,T5,Cii,NC,1,PD,red,748.1481481481482,2.5375550938679283
T5_NC_w1_PD,T5,Cii,NC,1,PD,red,750.0,2.524545751552398
T5_NC_w1_PD,T5,Cii,NC,1,PD,red,751.8518518518518,2.501251181419434
T5_NC_w1_PD,T5,Cii,NC,1,PD,red,753.7037037037037,2.4673378345983394
T5_NC_w1_PD,T5,Cii,NC,1,PD,red,755.5555555555555,2.423908889570845
T5_NC_w1_PD,T5,Cii,NC,1,PD,red,757.4074074074074,2.372900970702409
T5_NC_w1_PD,T5,Cii,NC,1,PD,red,759.2592592592594,2.316287580437853
T5_NC_w1_PD,T5,Cii,NC,1,PD,red,761.1111111111111,2.255440230085662
T5_NC_w1_PD,T5,Cii,NC,1,PD,red,762.9629629629629,2.190947000899962
T5_NC_w1_PD,T5,Cii,NC,1,PD,red,764.8148148148148,2.122906135377707
T5_NC_w1_PD,T5,Cii,NC,1,PD,red,766.6666666666666,2.051436240763053
T5_NC_w1_PD,T5,Cii,NC,1,PD,red,768.5185185185186,1.9771076291569671
T5_NC_w1_PD,T5,Cii,NC,1,PD,red,770.3703703703703,1.9010973669664737
T5_NC_w1_PD,T5,Cii,NC,1,PD,red,772.2222222222223,1.8250888459280248
T5_NC_w1_PD,T5,Cii,NC,1,PD,red,774.074074074074,1.7509923373881577
T5_NC_w1_PD,T5,Cii,NC,1,PD,red,775.925925925926,1.680596859441175
T5_NC_w1_PD,T5,Cii,NC,1,PD,red,777.7777777777777,1.615238520604447
T5_NC_w1_PD,T5,Cii,NC,1,PD,red,779.6296296296297,1.555590086774248
T5_NC_w1_PD,T5,Cii,NC,1,PD,red,781.4814814814815,1.5016725359458518
T5_NC_w1_PD,T5,Cii,NC,1,PD,red,783.3333333333334,1.4530768886811416
T5_NC_w1_PD,T5,Cii,NC,1,PD,red,785.1851851851852,1.4092295534524453
T5_NC_w1_PD,T5,Cii,NC,1,PD,red,787.037037037037,1.3694902616860418
T5_NC_w1_PD,T5,Cii,NC,1,PD,red,788.8888888888889,1.3330419974080372
T5_NC_w1_PD,T5,Cii,NC,1,PD,red,790.7407407407408,1.2987724330818424
T5_NC_w1_PD,T5,Cii,NC,1,PD,red,792.5925925925926,1.2654523851223929
T5_NC_w1_PD,T5,Cii,NC,1,PD,red,794.4444444444445,1.232314649350809
T5_NC_w1_PD,T5,Cii,NC,1,PD,red,796.2962962962963,1.1998709018624936
T5_NC_w1_PD,T5,Cii,NC,1,PD,red,798.1481481481482,1.1705385798206067
T5_NC_w1_PD,T5,Cii,NC,1,PD,red,800.0,1.1486910117366391
T5_NC_w1_PD,T5,Cii,NC,1,PD,red,801.8518518518518,1.1399897838281448
T5_NC_w1_PD,T5,Cii,NC,1,PD,red,803.7037037037037,1.1501344602482846
T5_NC_w1_PD,T5,Cii,NC,1,PD,red,805.5555555555555,1.183386344553662
T5_NC_w1_PD,T5,Cii,NC,1,PD,red,807.4074074074074,1.2413270658561317
T5_NC_w1_PD,T5,Cii,NC,1,PD,red,809.2592592592592,1.3221982075404526
T5_NC_w1_PD,T5,Cii,NC,1,PD,red,811.1111111111111,1.4209462271129951
T5_NC_w1_PD,T5,Cii,NC,1,PD,red,812.962962962963,1.5298846050415194
T5_NC_w1_PD,T5,Cii,NC,1,PD,red,814.8148148148148,1.6397055024842415
T5_NC_w1_PD,T5,Cii,NC,1,PD,red,816.6666666666667,1.7406950290449346
T5_NC_w1_PD,T5,Cii,NC,1,PD,red,818.5185185185185,1.8239888098307062
T5_NC_w1_PD,T5,Cii,NC,1,PD,red,820.3703703703704,1.882724335185992
T5_NC_w1_PD,T5,Cii,NC,1,PD,red,822.2222222222222,1.9128571094420295
T5_NC_w1_PD,T5,Cii,NC,1,PD,red,824.074074074074,1.913440752565748
T5_NC_w1_PD,T5,Cii,NC,1,PD,red,825.925925925926,1.8863927419367428
T5_NC_w1_PD,T5,Cii,NC,1,PD,red,827.7777777777777,1.8359626125576256
T5_NC_w1_PD,T5,Cii,NC,1,PD,red,829.6296296296297,1.7681752400334687
T5_NC_w1_PD,T5,Cii,NC,1,PD,red,831.4814814814814,1.6903732748728886
T5_NC_w1_PD,T5,Cii,NC,1,PD,red,833.3333333333334,1.6107361182767874
T5_NC_w1_PD,T5,Cii,NC,1,PD,red,835.1851851851852,1.5375840455505227
T5_NC_w1_PD,T5,Cii,NC,1,PD,red,837.0370370370371,1.478391355496342
T5_NC_w1_PD,T5,Cii,NC,1,PD,red,838.8888888888889,1.4386141404011823
T5_NC_w1_PD,T5,Cii,NC,1,PD,red,840.7407407407408,1.4206316721063446
T5_NC_w1_PD,T5,Cii,NC,1,PD,red,842.5925925925926,1.4231292532622377
T5_NC_w1_PD,T5,Cii,NC,1,PD,red,844.4444444444443,1.4412356410273446
T5_NC_w1_PD,T5,Cii,NC,1,PD,red,846.2962962962963,1.4675215911298778
T5_NC_w1_PD,T5,Cii,NC,1,PD,red,848.1481481481482,1.493702150651177
T5_NC_w1_PD,T5,Cii,NC,1,PD,red,850.0,1.512586696507401
T5_NC_w1_PD,T5,Cii,NC,1,PD,red,851.8518518518518,1.5196590555456737
T5_NC_w1_PD,T5,Cii,NC,1,PD,red,853.7037037037037,1.5137090461866136
T5_NC_w1_PD,T5,Cii,NC,1,PD,red,855.5555555555555,1.4962711391747974
T5_NC_w1_PD,T5,Cii,NC,1,PD,red,857.4074074074075,1.470124053181928
T5_NC_w1_PD,T5,Cii,NC,1,PD,red,859.2592592592592,1.4375018939051643
T5_NC_w1_PD,T5,Cii,NC,1,PD,red,861.1111111111111,1.3988920879372018
T5_NC_w1_PD,T5,Cii,NC,1,PD,red,862.9629629629629,1.3529680890171334
T5_NC_w1_PD,T5,Cii,NC,1,PD,red,864.8148148148148,1.2976833504462661
T5_NC_w1_PD,T5,Cii,NC,1,PD,red,866.6666666666666,1.2318824326413165
T5_NC_w1_PD,T5,Cii,NC,1,PD,red,868.5185185185185,1.1565434645928008
T5_NC_w1_PD,T5,Cii,NC,1,PD,red,870.3703703703704,1.0750327893432654
T5_NC_w1_PD,T5,Cii,NC,1,PD,red,872.2222222222222,0.9922776020491539
T5_NC_w1_PD,T5,Cii,NC,1,PD,red,874.0740740740741,0.9133013536426688
T5_NC_w1_PD,T5,Cii,NC,1,PD,red,875.9259259259259,0.8417442677617828
T5_NC_w1_PD,T5,Cii,NC,1,PD,red,877.7777777777778,0.7788905209003587
T5_NC_w1_PD,T5,Cii,NC,1,PD,red,879.6296296296297,0.7234644850436552
T5_NC_w1_PD,T5,Cii,NC,1,PD,red,881.4814814814814,0.6721818751492605
T5_NC_w1_PD,T5,Cii,NC,1,PD,red,883.3333333333334,0.6208270888079653
T5_NC_w1_PD,T5,Cii,NC,1,PD,red,885.1851851851851,0.5654842924825345
T5_NC_w1_PD,T5,Cii,NC,1,PD,red,887.0370370370371,0.5035339211555652
T5_NC_w1_PD,T5,Cii,NC,1,PD,red,888.8888888888888,0.43418526101425525
T5_NC_w1_PD,T5,Cii,NC,1,PD,red,890.7407407407408,0.35852635808470834
T5_NC_w1_PD,T5,Cii,NC,1,PD,red,892.5925925925926,0.27922924737418386
T5_NC_w1_PD,T5,Cii,NC,1,PD,red,894.4444444444445,0.20005388175503072
T5_NC_w1_PD,T5,Cii,NC,1,PD,red,896.2962962962963,0.12521944301549864
T5_NC_w1_PD,T5,Cii,NC,1,PD,red,898.1481481481482,0.05866671186494159
T5_NC_w1_PD,T5,Cii,NC,1,PD,red,900.0,0.0033224511589764914
T5_NC_w1_ND,T5,Cii,NC,1,ND,blue,0.0,0.5052866278277008
T5_NC_w1_ND,T5,Cii,NC,1,ND,blue,1.851851851851852,0.5330758705684616
T5_NC_w1_ND,T5,Cii,NC,1,ND,blue,3.703703703703704,0.5638591039290191
T5_NC_w1_ND,T5,Cii,NC,1,ND,blue,5.555555555555555,0.5952743449271793
T5_NC_w1_ND,T5,Cii,NC,1,ND,blue,7.407407407407408,0.624612272683595
T5_NC_w1_ND,T5,Cii,NC,1,ND,blue,9.25925925925926,0.6491630958952896
T5_NC_w1_ND,T5,Cii,NC,1,ND,blue,11.11111111111111,0.6665558292521154
T5_NC_w1_ND,T5,Cii,NC,1,ND,blue,12.962962962962964,0.6750456232618944
T5_NC_w1_ND,T5,Cii,NC,1,ND,blue,14.814814814814817,0.6736502953338345
T5_NC_w1_ND,T5,Cii,NC,1,ND,blue,16.666666666666664,0.6620059958502111
T5_NC_w1_ND,T5,Cii,NC,1,ND,blue,18.51851851851852,0.6399548679138263
T5_NC_w1_ND,T5,Cii,NC,1,ND,blue,20.37037037037037,0.6070563452175748
T5_NC_w1_ND,T5,Cii,NC,1,ND,blue,22.22222222222222,0.5623639985330499
T5_NC_w1_ND,T5,Cii,NC,1,ND,blue,24.074074074074073,0.504762985528896
T5_NC_w1_ND,T5,Cii,NC,1,ND,blue,25.925925925925927,0.43385366468268105
T5_NC_w1_ND,T5,Cii,NC,1,ND,blue,27.777777777777775,0.3509955994521533
T5_NC_w1_ND,T5,Cii,NC,1,ND,blue,29.629629629629633,0.25988278840209206
T5_NC_w1_ND,T5,Cii,NC,1,ND,blue,31.48148148148148,0.16616112090016485
T5_NC_w1_ND,T5,Cii,NC,1,ND,blue,33.33333333333333,0.07606411858534443
T5_NC_w1_ND,T5,Cii,NC,1,ND,blue,35.18518518518519,-0.005395444202042654
T5_NC_w1_ND,T5,Cii,NC,1,ND,blue,37.03703703703704,-0.07583186019099912
T5_NC_w1_ND,T5,Cii,NC,1,ND,blue,38.888888888888886,-0.1357910055483103
T5_NC_w1_ND,T5,Cii,NC,1,ND,blue,40.74074074074074,-0.18781405189674844
T5_NC_w1_ND,T5,Cii,NC,1,ND,blue,42.592592592592595,-0.2347844330000612
T5_NC_w1_ND,T5,Cii,NC,1,ND,blue,44.44444444444444,-0.2784400756719492
T5_NC_w1_ND,T5,Cii,NC,1,ND,blue,46.2962962962963,-0.31881723981080085
T5_NC_w1_ND,T5,Cii,NC,1,ND,blue,48.148148148148145,-0.3547978884406291
T5_NC_w1_ND,T5,Cii,NC,1,ND,blue,50.0,-0.3853365893268915
T5_NC_w1_ND,T5,Cii,NC,1,ND,blue,51.851851851851855,-0.41059177140388103
T5_NC_w1_ND,T5,Cii,NC,1,ND,blue,53.7037037037037,-0.43234010686898616
T5_NC_w1_ND,T5,Cii,NC,1,ND,blue,55.55555555555555,-0.45351169260489427
T5_NC_w1_ND,T5,Cii,NC,1,ND,blue,57.40740740740741,-0.4771740847899196
T5_NC_w1_ND,T5,Cii,NC,1,ND,blue,59.25925925925927,-0.5055013169451741
T5_NC_w1_ND,T5,Cii,NC,1,ND,blue,61.11111111111111,-0.5391666835375304
T5_NC_w1_ND,T5,Cii,NC,1,ND,blue,62.96296296296296,-0.577313711734962
T5_NC_w1_ND,T5,Cii,NC,1,ND,blue,64.81481481481482,-0.6180115121527479
T5_NC_w1_ND,T5,Cii,NC,1,ND,blue,66.66666666666666,-0.6589623347018119
T5_NC_w1_ND,T5,Cii,NC,1,ND,blue,68.51851851851852,-0.6982441764408577
T5_NC_w1_ND,T5,Cii,NC,1,ND,blue,70.37037037037038,-0.7348919246723881
T5_NC_w1_ND,T5,Cii,NC,1,ND,blue,72.22222222222221,-0.7691448108384804
T5_NC_w1_ND,T5,Cii,NC,1,ND,blue,74.07407407407408,-0.8022631943452098
T5_NC_w1_ND,T5,Cii,NC,1,ND,blue,75.92592592592592,-0.8359481665732347
T5_NC_w1_ND,T5,Cii,NC,1,ND,blue,77.77777777777777,-0.871541945363117
T5_NC_w1_ND,T5,Cii,NC,1,ND,blue,79.62962962962963,-0.9093214866587005
T5_NC_w1_ND,T5,Cii,NC,1,ND,blue,81.48148148148148,-0.9481793467128682
T5_NC_w1_ND,T5,Cii,NC,1,ND,blue,83.33333333333333,-0.9858096847401725
T5_NC_w1_ND,T5,Cii,NC,1,ND,blue,85.18518518518519,-1.0193328020704258
T5_NC_w1_ND,T5,Cii,NC,1,ND,blue,87.03703703703704,-1.0460676864986453
T5_NC_w1_ND,T5,Cii,NC,1,ND,blue,88.88888888888889,-1.0642062406097808
T5_NC_w1_ND,T5,Cii,NC,1,ND,blue,90.74074074074073,-1.0732479628964142
T5_NC_w1_ND,T5,Cii,NC,1,ND,blue,92.5925925925926,-1.074197241789102
T5_NC_w1_ND,T5,Cii,NC,1,ND,blue,94.44444444444444,-1.0695529510482629
T5_NC_w1_ND,T5,Cii,NC,1,ND,blue,96.29629629629629,-1.063048665346838
T5_NC_w1_ND,T5,Cii,NC,1,ND,blue,98.14814814814815,-1.0590565314168998
T5_NC_w1_ND,T5,Cii,NC,1,ND,blue,100.0,-1.0616294312960803
T5_NC_w1_ND,T5,Cii,NC,1,ND,blue,101.85185185185185,-1.0733516154002758
T5_NC_w1_ND,T5,Cii,NC,1,ND,blue,103.70370370370371,-1.0943482579408284
T5_NC_w1_ND,T5,Cii,NC,1,ND,blue,105.55555555555554,-1.1218009037022285
T5_NC_w1_ND,T5,Cii,NC,1,ND,blue,107.4074074074074,-1.1501852019471415
T5_NC_w1_ND,T5,Cii,NC,1,ND,blue,109.25925925925927,-1.1722079445595057
T5_NC_w1_ND,T5,Cii,NC,1,ND,blue,111.1111111111111,-1.180254823192206
T5_NC_w1_ND,T5,Cii,NC,1,ND,blue,112.96296296296298,-1.1680287542612064
T5_NC_w1_ND,T5,Cii,NC,1,ND,blue,114.81481481481482,-1.1319861271366165
T5_NC_w1_ND,T5,Cii,NC,1,ND,blue,116.66666666666666,-1.0722515028748831
T5_NC_w1_ND,T5,Cii,NC,1,ND,blue,118.51851851851853,-0.9927672406281772
T5_NC_w1_ND,T5,Cii,NC,1,ND,blue,120.37037037037037,-0.9006410397885076
T5_NC_w1_ND,T5,Cii,NC,1,ND,blue,122.22222222222221,-0.8048340055224799
T5_NC_w1_ND,T5,Cii,NC,1,ND,blue,124.07407407407409,-0.7144893192994346
T5_NC_w1_ND,T5,Cii,NC,1,ND,blue,125.92592592592592,-0.6372347091001928
T5_NC_w1_ND,T5,Cii,NC,1,ND,blue,127.77777777777777,-0.577806476261992
T5_NC_w1_ND,T5,Cii,NC,1,ND,blue,129.62962962962965,-0.537311096682572
T5_NC_w1_ND,T5,Cii,NC,1,ND,blue,131.4814814814815,-0.5133229400302867
T5_NC_w1_ND,T5,Cii,NC,1,ND,blue,133.33333333333331,-0.5008582600822195
T5_NC_w1_ND,T5,Cii,NC,1,ND,blue,135.1851851851852,-0.49393714587924364
T5_NC_w1_ND,T5,Cii,NC,1,ND,blue,137.03703703703704,-0.4872584269992103
T5_NC_w1_ND,T5,Cii,NC,1,ND,blue,138.88888888888889,-0.47744016359080205
T5_NC_w1_ND,T5,Cii,NC,1,ND,blue,140.74074074074076,-0.46348450043458345
T5_NC_w1_ND,T5,Cii,NC,1,ND,blue,142.59259259259258,-0.44646517971327737
T5_NC_w1_ND,T5,Cii,NC,1,ND,blue,144.44444444444443,-0.4287199244840849
T5_NC_w1_ND,T5,Cii,NC,1,ND,blue,146.2962962962963,-0.4129469963954023
T5_NC_w1_ND,T5,Cii,NC,1,ND,blue,148.14814814814815,-0.4015125237149789
T5_NC_w1_ND,T5,Cii,NC,1,ND,blue,150.0,-0.39612189338961346
T5_NC_w1_ND,T5,Cii,NC,1,ND,blue,151.85185185185185,-0.39785714754437435
T5_NC_w1_ND,T5,Cii,NC,1,ND,blue,153.7037037037037,-0.40744939446790907
T5_NC_w1_ND,T5,Cii,NC,1,ND,blue,155.55555555555554,-0.42558026352443223
T5_NC_w1_ND,T5,Cii,NC,1,ND,blue,157.40740740740742,-0.4529824880279989
T5_NC_w1_ND,T5,Cii,NC,1,ND,blue,159.25925925925927,-0.490218306701837
T5_NC_w1_ND,T5,Cii,NC,1,ND,blue,161.11111111111111,-0.5372369389473419
T5_NC_w1_ND,T5,Cii,NC,1,ND,blue,162.96296296296296,-0.592978353071129
T5_NC_w1_ND,T5,Cii,NC,1,ND,blue,164.8148148148148,-0.655354674159969
T5_NC_w1_ND,T5,Cii,NC,1,ND,blue,166.66666666666666,-0.7216929901742333
T5_NC_w1_ND,T5,Cii,NC,1,ND,blue,168.51851851851853,-0.7893904566541436
T5_NC_w1_ND,T5,Cii,NC,1,ND,blue,170.37037037037038,-0.8563540031578043
T5_NC_w1_ND,T5,Cii,NC,1,ND,blue,172.2222222222222,-0.9209518028450588
T5_NC_w1_ND,T5,Cii,NC,1,ND,blue,174.07407407407408,-0.9815707182703249
T5_NC_w1_ND,T5,Cii,NC,1,ND,blue,175.92592592592592,-1.036156915688639
T5_NC_w1_ND,T5,Cii,NC,1,ND,blue,177.77777777777777,-1.0821342272904644
T5_NC_w1_ND,T5,Cii,NC,1,ND,blue,179.62962962962965,-1.1168249773080334
T5_NC_w1_ND,T5,Cii,NC,1,ND,blue,181.48148148148147,-1.138152515588979
T5_NC_w1_ND,T5,Cii,NC,1,ND,blue,183.33333333333331,-1.1452948329228207
T5_NC_w1_ND,T5,Cii,NC,1,ND,blue,185.1851851851852,-1.139064036008034
T5_NC_w1_ND,T5,Cii,NC,1,ND,blue,187.03703703703704,-1.121952409806272
T5_NC_w1_ND,T5,Cii,NC,1,ND,blue,188.88888888888889,-1.0978762641980553
T5_NC_w1_ND,T5,Cii,NC,1,ND,blue,190.74074074074073,-1.0716425366706688
T5_NC_w1_ND,T5,Cii,NC,1,ND,blue,192.59259259259258,-1.0481291818394312
T5_NC_w1_ND,T5,Cii,NC,1,ND,blue,194.44444444444443,-1.0312704923185663
T5_NC_w1_ND,T5,Cii,NC,1,ND,blue,196.2962962962963,-1.023122742274893
T5_NC_w1_ND,T5,Cii,NC,1,ND,blue,198.14814814814815,-1.023375630623525
T5_NC_w1_ND,T5,Cii,NC,1,ND,blue,200.0,-1.029613957592494
T5_NC_w1_ND,T5,Cii,NC,1,ND,blue,201.85185185185185,-1.0383064755478757
T5_NC_w1_ND,T5,Cii,NC,1,ND,blue,203.7037037037037,-1.0461610780772048
T5_NC_w1_ND,T5,Cii,NC,1,ND,blue,205.55555555555554,-1.0512965468067137
T5_NC_w1_ND,T5,Cii,NC,1,ND,blue,207.40740740740742,-1.0537563202430191
T5_NC_w1_ND,T5,Cii,NC,1,ND,blue,209.25925925925927,-1.0552072798311998
T5_NC_w1_ND,T5,Cii,NC,1,ND,blue,211.1111111111111,-1.0580516314131956
T5_NC_w1_ND,T5,Cii,NC,1,ND,blue,212.96296296296296,-1.0643895796080187
T5_NC_w1_ND,T5,Cii,NC,1,ND,blue,214.8148148148148,-1.075273099412641
T5_NC_w1_ND,T5,Cii,NC,1,ND,blue,216.66666666666666,-1.0904223417450338
T5_NC_w1_ND,T5,Cii,NC,1,ND,blue,218.51851851851853,-1.1083371453114694
T5_NC_w1_ND,T5,Cii,NC,1,ND,blue,220.37037037037035,-1.1266145697768764
T5_NC_w1_ND,T5,Cii,NC,1,ND,blue,222.2222222222222,-1.1423653694562461
T5_NC_w1_ND,T5,Cii,NC,1,ND,blue,224.07407407407408,-1.1527213144214101
T5_NC_w1_ND,T5,Cii,NC,1,ND,blue,225.92592592592595,-1.1554301223189214
T5_NC_w1_ND,T5,Cii,NC,1,ND,blue,227.7777777777778,-1.1494850026707013
T5_NC_w1_ND,T5,Cii,NC,1,ND,blue,229.62962962962965,-1.1355395786474218
T5_NC_w1_ND,T5,Cii,NC,1,ND,blue,231.48148148148147,-1.1158968405140512
T5_NC_w1_ND,T5,Cii,NC,1,ND,blue,233.33333333333331,-1.0939918120615402
T5_NC_w1_ND,T5,Cii,NC,1,ND,blue,235.18518518518516,-1.073523084847278
T5_NC_w1_ND,T5,Cii,NC,1,ND,blue,237.03703703703707,-1.0575500934360036
T5_NC_w1_ND,T5,Cii,NC,1,ND,blue,238.8888888888889,-1.0478376758145316
T5_NC_w1_ND,T5,Cii,NC,1,ND,blue,240.74074074074073,-1.0445904024638026
T5_NC_w1_ND,T5,Cii,NC,1,ND,blue,242.59259259259258,-1.0465417192458404
T5_NC_w1_ND,T5,Cii,NC,1,ND,blue,244.44444444444443,-1.0513676278275057
T5_NC_w1_ND,T5,Cii,NC,1,ND,blue,246.29629629629628,-1.0563584152946703
T5_NC_w1_ND,T5,Cii,NC,1,ND,blue,248.14814814814818,-1.0592599973001087
T5_NC_w1_ND,T5,Cii,NC,1,ND,blue,250.0,-1.0590387324994481
T5_NC_w1_ND,T5,Cii,NC,1,ND,blue,251.85185185185185,-1.05626849917071
T5_NC_w1_ND,T5,Cii,NC,1,ND,blue,253.7037037037037,-1.0529103568603375
T5_NC_w1_ND,T5,Cii,NC,1,ND,blue,255.55555555555554,-1.0515331852992233
T5_NC_w1_ND,T5,Cii,NC,1,ND,blue,257.4074074074074,-1.054249564919769
T5_NC_w1_ND,T5,Cii,NC,1,ND,blue,259.2592592592593,-1.0617652383693439
T5_NC_w1_ND,T5,Cii,NC,1,ND,blue,261.11111111111114,-1.07285950656551
T5_NC_w1_ND,T5,Cii,NC,1,ND,blue,262.962962962963,-1.084468307371219
T5_NC_w1_ND,T5,Cii,NC,1,ND,blue,264.8148148148148,-1.0923512552551813
T5_NC_w1_ND,T5,Cii,NC,1,ND,blue,266.66666666666663,-1.092146756050812
T5_NC_w1_ND,T5,Cii,NC,1,ND,blue,268.5185185185185,-1.0805097222827384
T5_NC_w1_ND,T5,Cii,NC,1,ND,blue,270.3703703703704,-1.05601480480982
T5_NC_w1_ND,T5,Cii,NC,1,ND,blue,272.22222222222223,-1.0196000564275096
T5_NC_w1_ND,T5,Cii,NC,1,ND,blue,274.0740740740741,-0.9744461598977864
T5_NC_w1_ND,T5,Cii,NC,1,ND,blue,275.9259259259259,-0.9253626055400105
T5_NC_w1_ND,T5,Cii,NC,1,ND,blue,277.77777777777777,-0.8777931140342616
T5_NC_w1_ND,T5,Cii,NC,1,ND,blue,279.6296296296296,-0.836671078510068
T5_NC_w1_ND,T5,Cii,NC,1,ND,blue,281.4814814814815,-0.8053700172505842
T5_NC_w1_ND,T5,Cii,NC,1,ND,blue,283.3333333333333,-0.7849901324483881
T5_NC_w1_ND,T5,Cii,NC,1,ND,blue,285.18518518518516,-0.7741681092420777
T5_NC_w1_ND,T5,Cii,NC,1,ND,blue,287.037037037037,-0.7694675945781853
T5_NC_w1_ND,T5,Cii,NC,1,ND,blue,288.88888888888886,-0.766276675252658
T5_NC_w1_ND,T5,Cii,NC,1,ND,blue,290.7407407407407,-0.7599656039359275
T5_NC_w1_ND,T5,Cii,NC,1,ND,blue,292.5925925925926,-0.7469950201249844
T5_NC_w1_ND,T5,Cii,NC,1,ND,blue,294.44444444444446,-0.7256629189869613
T5_NC_w1_ND,T5,Cii,NC,1,ND,blue,296.2962962962963,-0.6963063089513696
T5_NC_w1_ND,T5,Cii,NC,1,ND,blue,298.14814814814815,-0.6609621126405386
T5_NC_w1_ND,T5,Cii,NC,1,ND,blue,300.0,-0.6226792142159923
T5_NC_w1_ND,T5,Cii,NC,1,ND,blue,301.8518518518519,-0.5847178947841144
T5_NC_w1_ND,T5,Cii,NC,1,ND,blue,303.7037037037037,-0.5498669671940661
T5_NC_w1_ND,T5,Cii,NC,1,ND,blue,305.55555555555554,-0.5200010652764491
T5_NC_w1_ND,T5,Cii,NC,1,ND,blue,307.4074074074074,-0.49591468353791585
T5_NC_w1_ND,T5,Cii,NC,1,ND,blue,309.25925925925924,-0.4774205947400617
T5_NC_w1_ND,T5,Cii,NC,1,ND,blue,311.1111111111111,-0.46363785816383823
T5_NC_w1_ND,T5,Cii,NC,1,ND,blue,312.962962962963,-0.45336760601340415
T5_NC_w1_ND,T5,Cii,NC,1,ND,blue,314.81481481481484,-0.44542886614885335
T5_NC_w1_ND,T5,Cii,NC,1,ND,blue,316.6666666666667,-0.43887007646038684
T5_NC_w1_ND,T5,Cii,NC,1,ND,blue,318.51851851851853,-0.4330401791306315
T5_NC_w1_ND,T5,Cii,NC,1,ND,blue,320.3703703703704,-0.42755483258519006
T5_NC_w1_ND,T5,Cii,NC,1,ND,blue,322.22222222222223,-0.4222069630105807
T5_NC_w1_ND,T5,Cii,NC,1,ND,blue,324.0740740740741,-0.41689425567231525
T5_NC_w1_ND,T5,Cii,NC,1,ND,blue,325.9259259259259,-0.41153661635171374
T5_NC_w1_ND,T5,Cii,NC,1,ND,blue,327.77777777777777,-0.4060058539007059
T5_NC_w1_ND,T5,Cii,NC,1,ND,blue,329.6296296296296,-0.4000274402993
T5_NC_w1_ND,T5,Cii,NC,1,ND,blue,331.48148148148147,-0.39303181880827653
T5_NC_w1_ND,T5,Cii,NC,1,ND,blue,333.3333333333333,-0.38397914811230294
T5_NC_w1_ND,T5,Cii,NC,1,ND,blue,335.1851851851852,-0.3712061742713558
T5_NC_w1_ND,T5,Cii,NC,1,ND,blue,337.03703703703707,-0.3524362658683913
T5_NC_w1_ND,T5,Cii,NC,1,ND,blue,338.8888888888889,-0.32507564253664895
T5_NC_w1_ND,T5,Cii,NC,1,ND,blue,340.74074074074076,-0.28685091068309704
T5_NC_w1_ND,T5,Cii,NC,1,ND,blue,342.5925925925926,-0.2366639012397968
T5_NC_w1_ND,T5,Cii,NC,1,ND,blue,344.4444444444444,-0.17535415224880352
T5_NC_w1_ND,T5,Cii,NC,1,ND,blue,346.2962962962963,-0.1060064826983762
T5_NC_w1_ND,T5,Cii,NC,1,ND,blue,348.14814814814815,-0.03358882236190084
T5_NC_w1_ND,T5,Cii,NC,1,ND,blue,350.0,0.03599737093869067
T5_NC_w1_ND,T5,Cii,NC,1,ND,blue,351.85185185185185,0.09709561777834778
T5_NC_w1_ND,T5,Cii,NC,1,ND,blue,353.7037037037037,0.14527660346268476
T5_NC_w1_ND,T5,Cii,NC,1,ND,blue,355.55555555555554,0.17784327284992968
T5_NC_w1_ND,T5,Cii,NC,1,ND,blue,357.40740740740745,0.19386409603455376
T5_NC_w1_ND,T5,Cii,NC,1,ND,blue,359.2592592592593,0.19392893868647434
T5_NC_w1_ND,T5,Cii,NC,1,ND,blue,361.11111111111114,0.179828580805588
T5_NC_w1_ND,T5,Cii,NC,1,ND,blue,362.96296296296293,0.15427208416357985
T5_NC_w1_ND,T5,Cii,NC,1,ND,blue,364.8148148148148,0.12068493093722168
T5_NC_w1_ND,T5,Cii,NC,1,ND,blue,366.66666666666663,0.08310203480742757
T5_NC_w1_ND,T5,Cii,NC,1,ND,blue,368.51851851851853,0.04611060653959385
T5_NC_w1_ND,T5,Cii,NC,1,ND,blue,370.3703703703704,0.014726379206518914
T5_NC_w1_ND,T5,Cii,NC,1,ND,blue,372.22222222222223,-0.006040930839867542
T5_NC_w1_ND,T5,Cii,NC,1,ND,blue,374.0740740740741,-0.012006185673340043
T5_NC_w1_ND,T5,Cii,NC,1,ND,blue,375.9259259259259,-0.000861291515980156
T5_NC_w1_ND,T5,Cii,NC,1,ND,blue,377.77777777777777,0.027020387192089858
T5_NC_w1_ND,T5,Cii,NC,1,ND,blue,379.6296296296297,0.06853894325255397
T5_NC_w1_ND,T5,Cii,NC,1,ND,blue,381.48148148148147,0.11876034739058809
T5_NC_w1_ND,T5,Cii,NC,1,ND,blue,383.3333333333333,0.17246002232564023
T5_NC_w1_ND,T5,Cii,NC,1,ND,blue,385.18518518518516,0.2256686814416753
T5_NC_w1_ND,T5,Cii,NC,1,ND,blue,387.037037037037,0.27661029353516253
T5_NC_w1_ND,T5,Cii,NC,1,ND,blue,388.88888888888886,0.32574538088437066
T5_NC_w1_ND,T5,Cii,NC,1,ND,blue,390.74074074074076,0.37505366951260727
T5_NC_w1_ND,T5,Cii,NC,1,ND,blue,392.5925925925926,0.42697639882876504
T5_NC_w1_ND,T5,Cii,NC,1,ND,blue,394.44444444444446,0.48347306583715977
T5_NC_w1_ND,T5,Cii,NC,1,ND,blue,396.2962962962963,0.5454969671693675
T5_NC_w1_ND,T5,Cii,NC,1,ND,blue,398.14814814814815,0.6129498634754157
T5_NC_w1_ND,T5,Cii,NC,1,ND,blue,400.0,0.6849819194934014
T5_NC_w1_ND,T5,Cii,NC,1,ND,blue,401.85185185185185,0.7604259695490384
T5_NC_w1_ND,T5,Cii,NC,1,ND,blue,403.7037037037037,0.8381624269396866
T5_NC_w1_ND,T5,Cii,NC,1,ND,blue,405.55555555555554,0.9173067925471855
T5_NC_w1_ND,T5,Cii,NC,1,ND,blue,407.4074074074074,0.99723090646267
T5_NC_w1_ND,T5,Cii,NC,1,ND,blue,409.25925925925924,1.0774708375013347
T5_NC_w1_ND,T5,Cii,NC,1,ND,blue,411.1111111111111,1.1576181724033632
T5_NC_w1_ND,T5,Cii,NC,1,ND,blue,412.962962962963,1.2372773699804724
T5_NC_w1_ND,T5,Cii,NC,1,ND,blue,414.81481481481484,1.3161128610113166
T5_NC_w1_ND,T5,Cii,NC,1,ND,blue,416.6666666666667,1.3939544891195168
T5_NC_w1_ND,T5,Cii,NC,1,ND,blue,418.51851851851853,1.4708902733468903
T5_NC_w1_ND,T5,Cii,NC,1,ND,blue,420.3703703703704,1.5472576134607494
T5_NC_w1_ND,T5,Cii,NC,1,ND,blue,422.2222222222222,1.6235114827809753
T5_NC_w1_ND,T5,Cii,NC,1,ND,blue,424.0740740740741,1.699999875606943
T5_NC_w1_ND,T5,Cii,NC,1,ND,blue,425.9259259259259,1.7767279606340936
T5_NC_w1_ND,T5,Cii,NC,1,ND,blue,427.77777777777777,1.8531891907864178
T5_NC_w1_ND,T5,Cii,NC,1,ND,blue,429.6296296296296,1.928334473165296
T5_NC_w1_ND,T5,Cii,NC,1,ND,blue,431.48148148148147,2.0006983386650745
T5_NC_w1_ND,T5,Cii,NC,1,ND,blue,433.3333333333333,2.0686826519754336
T5_NC_w1_ND,T5,Cii,NC,1,ND,blue,435.1851851851852,2.130921679311746
T5_NC_w1_ND,T5,Cii,NC,1,ND,blue,437.03703703703707,2.1866161678976255
T5_NC_w1_ND,T5,Cii,NC,1,ND,blue,438.8888888888889,2.2356978432993686
T5_NC_w1_ND,T5,Cii,NC,1,ND,blue,440.7407407407407,2.278767354197316
T5_NC_w1_ND,T5,Cii,NC,1,ND,blue,442.59259259259255,2.3168302014387905
T5_NC_w1_ND,T5,Cii,NC,1,ND,blue,444.4444444444444,2.3510022730766367
T5_NC_w1_ND,T5,Cii,NC,1,ND,blue,446.2962962962963,2.382342317347485
T5_NC_w1_ND,T5,Cii,NC,1,ND,blue,448.14814814814815,2.411935453197009
T5_NC_w1_ND,T5,Cii,NC,1,ND,blue,450.0,2.4411940233853047
T5_NC_w1_ND,T5,Cii,NC,1,ND,blue,451.8518518518519,2.472165213355834
T5_NC_w1_ND,T5,Cii,NC,1,ND,blue,453.7037037037037,2.507601789532623
T5_NC_w1_ND,T5,Cii,NC,1,ND,blue,455.5555555555556,2.550613416423073
T5_NC_w1_ND,T5,Cii,NC,1,ND,blue,457.4074074074074,2.6039261865209142
T5_NC_w1_ND,T5,Cii,NC,1,ND,blue,459.2592592592593,2.6690203050608887
T5_NC_w1_ND,T5,Cii,NC,1,ND,blue,461.11111111111114,2.7454951174350413
T5_NC_w1_ND,T5,Cii,NC,1,ND,blue,462.96296296296293,2.83090246343196
T5_NC_w1_ND,T5,Cii,NC,1,ND,blue,464.81481481481484,2.921092583604866
T5_NC_w1_ND,T5,Cii,NC,1,ND,blue,466.66666666666663,3.0109548811693174
T5_NC_w1_ND,T5,Cii,NC,1,ND,blue,468.51851851851853,3.0954007955976577
T5_NC_w1_ND,T5,Cii,NC,1,ND,blue,470.3703703703703,3.1704332201241754
T5_NC_w1_ND,T5,Cii,NC,1,ND,blue,472.22222222222223,3.234087193723769
T5_NC_w1_ND,T5,Cii,NC,1,ND,blue,474.07407407407413,3.2869481925923765
T5_NC_w1_ND,T5,Cii,NC,1,ND,blue,475.9259259259259,3.331977523710992
T5_NC_w1_ND,T5,Cii,NC,1,ND,blue,477.7777777777778,3.3736199192011385
T5_NC_w1_ND,T5,Cii,NC,1,ND,blue,479.6296296296296,3.4164847198275994
T5_NC_w1_ND,T5,Cii,NC,1,ND,blue,481.48148148148147,3.464122420377879
T5_NC_w1_ND,T5,Cii,NC,1,ND,blue,483.33333333333337,3.518332801672858
T5_NC_w1_ND,T5,Cii,NC,1,ND,blue,485.18518518518516,3.5791507020372935
T5_NC_w1_ND,T5,Cii,NC,1,ND,blue,487.03703703703707,3.645286283930426
T5_NC_w1_ND,T5,Cii,NC,1,ND,blue,488.88888888888886,3.714649347759058
T5_NC_w1_ND,T5,Cii,NC,1,ND,blue,490.74074074074076,3.7846641145175397
T5_NC_w1_ND,T5,Cii,NC,1,ND,blue,492.59259259259255,3.8523964368877612
T5_NC_w1_ND,T5,Cii,NC,1,ND,blue,494.44444444444446,3.9146803466488564
T5_NC_w1_ND,T5,Cii,NC,1,ND,blue,496.29629629629636,3.968505990803544
T5_NC_w1_ND,T5,Cii,NC,1,ND,blue,498.14814814814815,4.011746975018855
T5_NC_w1_ND,T5,Cii,NC,1,ND,blue,500.0,4.043980181577529
T5_NC_w1_ND,T5,Cii,NC,1,ND,blue,501.8518518518518,4.067058400760692
T5_NC_w1_ND,T5,Cii,NC,1,ND,blue,503.7037037037037,4.085100495861019
T5_NC_w1_ND,T5,Cii,NC,1,ND,blue,505.5555555555556,4.103853562284212
T5_NC_w1_ND,T5,Cii,NC,1,ND,blue,507.4074074074074,4.129625916109302
T5_NC_w1_ND,T5,Cii,NC,1,ND,blue,509.2592592592593,4.168095477948009
T5_NC_w1_ND,T5,Cii,NC,1,ND,blue,511.1111111111111,4.2232907361875105
T5_NC_w1_ND,T5,Cii,NC,1,ND,blue,512.9629629629629,4.296907811452542
T5_NC_w1_ND,T5,Cii,NC,1,ND,blue,514.8148148148148,4.388028656807199
T5_NC_w1_ND,T5,Cii,NC,1,ND,blue,516.6666666666666,4.493247574863853
T5_NC_w1_ND,T5,Cii,NC,1,ND,blue,518.5185185185186,4.607166742704612
T5_NC_w1_ND,T5,Cii,NC,1,ND,blue,520.3703703703703,4.723199696168154
T5_NC_w1_ND,T5,Cii,NC,1,ND,blue,522.2222222222223,4.834549081598425
T5_NC_w1_ND,T5,Cii,NC,1,ND,blue,524.074074074074,4.935172483804768
T5_NC_w1_ND,T5,Cii,NC,1,ND,blue,525.925925925926,5.020546873231945
T5_NC_w1_ND,T5,Cii,NC,1,ND,blue,527.7777777777778,5.08808904291015
T5_NC_w1_ND,T5,Cii,NC,1,ND,blue,529.6296296296296,5.137181691877089
T5_NC_w1_ND,T5,Cii,NC,1,ND,blue,531.4814814814815,5.168824933339442
T5_NC_w1_ND,T5,Cii,NC,1,ND,blue,533.3333333333333,5.185003805823425
T5_NC_w1_ND,T5,Cii,NC,1,ND,blue,535.1851851851852,5.187925643751873
T5_NC_w1_ND,T5,Cii,NC,1,ND,blue,537.037037037037,5.179351634490826
T5_NC_w1_ND,T5,Cii,NC,1,ND,blue,538.8888888888889,5.1602682199767
T5_NC_w1_ND,T5,Cii,NC,1,ND,blue,540.7407407407408,5.131082749335235
T5_NC_w1_ND,T5,Cii,NC,1,ND,blue,542.5925925925926,5.09228595488284
T5_NC_w1_ND,T5,Cii,NC,1,ND,blue,544.4444444444445,5.045229922700071
T5_NC_w1_ND,T5,Cii,NC,1,ND,blue,546.2962962962963,4.992556145011275
T5_NC_w1_ND,T5,Cii,NC,1,ND,blue,548.1481481481482,4.937919429780743
T5_NC_w1_ND,T5,Cii,NC,1,ND,blue,550.0,4.885062442931224
T5_NC_w1_ND,T5,Cii,NC,1,ND,blue,551.8518518518518,4.836604073211691
T5_NC_w1_ND,T5,Cii,NC,1,ND,blue,553.7037037037037,4.793062199180935
T5_NC_w1_ND,T5,Cii,NC,1,ND,blue,555.5555555555555,4.752503147344186
T5_NC_w1_ND,T5,Cii,NC,1,ND,blue,557.4074074074074,4.710958830931884
T5_NC_w1_ND,T5,Cii,NC,1,ND,blue,559.2592592592592,4.663529431596453
T5_NC_w1_ND,T5,Cii,NC,1,ND,blue,561.1111111111111,4.605881614981985
T5_NC_w1_ND,T5,Cii,NC,1,ND,blue,562.962962962963,4.535734904125223
T5_NC_w1_ND,T5,Cii,NC,1,ND,blue,564.8148148148148,4.453903405996511
T5_NC_w1_ND,T5,Cii,NC,1,ND,blue,566.6666666666666,4.364571664084633
T5_NC_w1_ND,T5,Cii,NC,1,ND,blue,568.5185185185185,4.274759663625235
T5_NC_w1_ND,T5,Cii,NC,1,ND,blue,570.3703703703703,4.19313583512295
T5_NC_w1_ND,T5,Cii,NC,1,ND,blue,572.2222222222223,4.1284893602645925
T5_NC_w1_ND,T5,Cii,NC,1,ND,blue,574.074074074074,4.088128567169798
T5_NC_w1_ND,T5,Cii,NC,1,ND,blue,575.925925925926,4.076408574735774
T5_NC_w1_ND,T5,Cii,NC,1,ND,blue,577.7777777777777,4.093596131501016
T5_NC_w1_ND,T5,Cii,NC,1,ND,blue,579.6296296296297,4.13534788324111
T5_NC_w1_ND,T5,Cii,NC,1,ND,blue,581.4814814814814,4.193080468327071
T5_NC_w1_ND,T5,Cii,NC,1,ND,blue,583.3333333333334,4.25531697161872
T5_NC_w1_ND,T5,Cii,NC,1,ND,blue,585.1851851851852,4.309762399241708
T5_NC_w1_ND,T5,Cii,NC,1,ND,blue,587.0370370370371,4.345558183190121
T5_NC_w1_ND,T5,Cii,NC,1,ND,blue,588.8888888888889,4.355090149737771
T5_NC_w1_ND,T5,Cii,NC,1,ND,blue,590.7407407407406,4.3349187076475175
T5_NC_w1_ND,T5,Cii,NC,1,ND,blue,592.5925925925926,4.285685896142229
T5_NC_w1_ND,T5,Cii,NC,1,ND,blue,594.4444444444445,4.211178729974046
T5_NC_w1_ND,T5,Cii,NC,1,ND,blue,596.2962962962963,4.116936303850361
T5_NC_w1_ND,T5,Cii,NC,1,ND,blue,598.1481481481482,4.008872027733764
T5_NC_w1_ND,T5,Cii,NC,1,ND,blue,600.0,3.892289747050114
T5_NC_w1_ND,T5,Cii,NC,1,ND,blue,601.8518518518518,3.7714772702822357
T5_NC_w1_ND,T5,Cii,NC,1,ND,blue,603.7037037037038,3.649811701620217
T5_NC_w1_ND,T5,Cii,NC,1,ND,blue,605.5555555555555,3.53011864273297
T5_NC_w1_ND,T5,Cii,NC,1,ND,blue,607.4074074074074,3.415007003617865
T5_NC_w1_ND,T5,Cii,NC,1,ND,blue,609.2592592592592,3.3069273388516423
T5_NC_w1_ND,T5,Cii,NC,1,ND,blue,611.1111111111111,3.207910363436048
T5_NC_w1_ND,T5,Cii,NC,1,ND,blue,612.9629629629629,3.1190588683252143
T5_NC_w1_ND,T5,Cii,NC,1,ND,blue,614.8148148148148,3.0400345573368783
T5_NC_w1_ND,T5,Cii,NC,1,ND,blue,616.6666666666667,2.9688017205823485
T5_NC_w1_ND,T5,Cii,NC,1,ND,blue,618.5185185185185,2.9017807715680077
T5_NC_w1_ND,T5,Cii,NC,1,ND,blue,620.3703703703704,2.834447000734053
T5_NC_w1_ND,T5,Cii,NC,1,ND,blue,622.2222222222222,2.7621967617007157
T5_NC_w1_ND,T5,Cii,NC,1,ND,blue,624.0740740740741,2.6812500161493973
T5_NC_w1_ND,T5,Cii,NC,1,ND,blue,625.925925925926,2.5893342421286887
T5_NC_w1_ND,T5,Cii,NC,1,ND,blue,627.7777777777777,2.4860002844392057
T5_NC_w1_ND,T5,Cii,NC,1,ND,blue,629.6296296296297,2.3725488932303733
T5_NC_w1_ND,T5,Cii,NC,1,ND,blue,631.4814814814814,2.251640504684565
T5_NC_w1_ND,T5,Cii,NC,1,ND,blue,633.3333333333334,2.1267856554204285
T5_NC_w1_ND,T5,Cii,NC,1,ND,blue,635.1851851851851,2.001858189164591
T5_NC_w1_ND,T5,Cii,NC,1,ND,blue,637.0370370370371,1.880722088153965
T5_NC_w1_ND,T5,Cii,NC,1,ND,blue,638.8888888888889,1.7669340969190785
T5_NC_w1_ND,T5,Cii,NC,1,ND,blue,640.7407407407408,1.6634381262007196
T5_NC_w1_ND,T5,Cii,NC,1,ND,blue,642.5925925925926,1.572235968029156
T5_NC_w1_ND,T5,Cii,NC,1,ND,blue,644.4444444444445,1.4941622134195143
T5_NC_w1_ND,T5,Cii,NC,1,ND,blue,646.2962962962963,1.4289491094852054
T5_NC_w1_ND,T5,Cii,NC,1,ND,blue,648.1481481481482,1.3756207216880398
T5_NC_w1_ND,T5,Cii,NC,1,ND,blue,650.0,1.3330411425254511
T5_NC_w1_ND,T5,Cii,NC,1,ND,blue,651.8518518518518,1.3002666691746412
T5_NC_w1_ND,T5,Cii,NC,1,ND,blue,653.7037037037037,1.276504001316391
T5_NC_w1_ND,T5,Cii,NC,1,ND,blue,655.5555555555555,1.2608335934304478
T5_NC_w1_ND,T5,Cii,NC,1,ND,blue,657.4074074074074,1.2520641357999864
T5_NC_w1_ND,T5,Cii,NC,1,ND,blue,659.2592592592592,1.2490387447402838
T5_NC_w1_ND,T5,Cii,NC,1,ND,blue,661.1111111111112,1.2512344958349444
T5_NC_w1_ND,T5,Cii,NC,1,ND,blue,662.9629629629629,1.2591956118084795
T5_NC_w1_ND,T5,Cii,NC,1,ND,blue,664.8148148148148,1.2743428152457454
T5_NC_w1_ND,T5,Cii,NC,1,ND,blue,666.6666666666666,1.2981219685184726
T5_NC_w1_ND,T5,Cii,NC,1,ND,blue,668.5185185185185,1.330944683039928
T5_NC_w1_ND,T5,Cii,NC,1,ND,blue,670.3703703703704,1.3714989646477989
T5_NC_w1_ND,T5,Cii,NC,1,ND,blue,672.2222222222222,1.4167813426974702
T5_NC_w1_ND,T5,Cii,NC,1,ND,blue,674.0740740740741,1.4627675701369753
T5_NC_w1_ND,T5,Cii,NC,1,ND,blue,675.9259259259259,1.5053765842860287
T5_NC_w1_ND,T5,Cii,NC,1,ND,blue,677.7777777777778,1.5413631458910573
T5_NC_w1_ND,T5,Cii,NC,1,ND,blue,679.6296296296296,1.5688642727998912
T5_NC_w1_ND,T5,Cii,NC,1,ND,blue,681.4814814814815,1.5875332352513738
T5_NC_w1_ND,T5,Cii,NC,1,ND,blue,683.3333333333334,1.5982795307457422
T5_NC_w1_ND,T5,Cii,NC,1,ND,blue,685.1851851851852,1.6027647113361467
T5_NC_w1_ND,T5,Cii,NC,1,ND,blue,687.0370370370371,1.6028505795438774
T5_NC_w1_ND,T5,Cii,NC,1,ND,blue,688.8888888888888,1.600177291379873
T5_NC_w1_ND,T5,Cii,NC,1,ND,blue,690.7407407407408,1.595957043997987
T5_NC_w1_ND,T5,Cii,NC,1,ND,blue,692.5925925925926,1.5909610755585617
T5_NC_w1_ND,T5,Cii,NC,1,ND,blue,694.4444444444445,1.585620514830208
T5_NC_w1_ND,T5,Cii,NC,1,ND,blue,696.2962962962963,1.5801436895918357
T5_NC_w1_ND,T5,Cii,NC,1,ND,blue,698.1481481481482,1.5746267736444282
T5_NC_w1_ND,T5,Cii,NC,1,ND,blue,700.0,1.5691070233583844
T5_NC_w1_ND,T5,Cii,NC,1,ND,blue,701.8518518518518,1.563585834758402
T5_NC_w1_ND,T5,Cii,NC,1,ND,blue,703.7037037037037,1.5580209370936076
T5_NC_w1_ND,T5,Cii,NC,1,ND,blue,705.5555555555555,1.5522815690849143
T5_NC_w1_ND,T5,Cii,NC,1,ND,blue,707.4074074074074,1.5461160562885994
T5_NC_w1_ND,T5,Cii,NC,1,ND,blue,709.2592592592592,1.5391691532018796
T5_NC_w1_ND,T5,Cii,NC,1,ND,blue,711.1111111111111,1.5311338363360165
T5_NC_w1_ND,T5,Cii,NC,1,ND,blue,712.9629629629629,1.522061237340972
T5_NC_w1_ND,T5,Cii,NC,1,ND,blue,714.8148148148149,1.512756884160217
T5_NC_w1_ND,T5,Cii,NC,1,ND,blue,716.6666666666666,1.5050467805061203
T5_NC_w1_ND,T5,Cii,NC,1,ND,blue,718.5185185185186,1.501653423857715
T5_NC_w1_ND,T5,Cii,NC,1,ND,blue,720.3703703703703,1.5055286924702727
T5_NC_w1_ND,T5,Cii,NC,1,ND,blue,722.2222222222223,1.5187958171477418
T5_NC_w1_ND,T5,Cii,NC,1,ND,blue,724.074074074074,1.5417186708004464
T5_NC_w1_ND,T5,Cii,NC,1,ND,blue,725.9259259259259,1.5722128751455444
T5_NC_w1_ND,T5,Cii,NC,1,ND,blue,727.7777777777778,1.6061950558123044
T5_NC_w1_ND,T5,Cii,NC,1,ND,blue,729.6296296296296,1.638684562927665
T5_NC_w1_ND,T5,Cii,NC,1,ND,blue,731.4814814814815,1.6651830908261445
T5_NC_w1_ND,T5,Cii,NC,1,ND,blue,733.3333333333333,1.6827833334406421
T5_NC_w1_ND,T5,Cii,NC,1,ND,blue,735.1851851851852,1.690676284248775
T5_NC_w1_ND,T5,Cii,NC,1,ND,blue,737.0370370370371,1.6900519138659944
T5_NC_w1_ND,T5,Cii,NC,1,ND,blue,738.8888888888889,1.6836075619640951
T5_NC_w1_ND,T5,Cii,NC,1,ND,blue,740.7407407407408,1.6748817433935073
T5_NC_w1_ND,T5,Cii,NC,1,ND,blue,742.5925925925926,1.6675384168606797
T5_NC_w1_ND,T5,Cii,NC,1,ND,blue,744.4444444444445,1.6646794180715971
T5_NC_w1_ND,T5,Cii,NC,1,ND,blue,746.2962962962962,1.6683311830742356
T5_NC_w1_ND,T5,Cii,NC,1,ND,blue,748.1481481481482,1.6792404161785441
T5_NC_w1_ND,T5,Cii,NC,1,ND,blue,750.0,1.6970444579164279
T5_NC_w1_ND,T5,Cii,NC,1,ND,blue,751.8518518518518,1.7206978809131441
T5_NC_w1_ND,T5,Cii,NC,1,ND,blue,753.7037037037037,1.7489217548051328
T5_NC_w1_ND,T5,Cii,NC,1,ND,blue,755.5555555555555,1.7805120443914801
T5_NC_w1_ND,T5,Cii,NC,1,ND,blue,757.4074074074074,1.8144630834591795
T5_NC_w1_ND,T5,Cii,NC,1,ND,blue,759.2592592592594,1.8499915283083
T5_NC_w1_ND,T5,Cii,NC,1,ND,blue,761.1111111111111,1.8865263637479814
T5_NC_w1_ND,T5,Cii,NC,1,ND,blue,762.9629629629629,1.9237143546936522
T5_NC_w1_ND,T5,Cii,NC,1,ND,blue,764.8148148148148,1.961453745186003
T5_NC_w1_ND,T5,Cii,NC,1,ND,blue,766.6666666666666,1.9999676698872975
T5_NC_w1_ND,T5,Cii,NC,1,ND,blue,768.5185185185186,2.0399235260058446
T5_NC_w1_ND,T5,Cii,NC,1,ND,blue,770.3703703703703,2.082588524863547
T5_NC_w1_ND,T5,Cii,NC,1,ND,blue,772.2222222222223,2.1299357949980164
T5_NC_w1_ND,T5,Cii,NC,1,ND,blue,774.074074074074,2.1845470256866064
T5_NC_w1_ND,T5,Cii,NC,1,ND,blue,775.925925925926,2.2491600630514936
T5_NC_w1_ND,T5,Cii,NC,1,ND,blue,777.7777777777777,2.3258205412989357
T5_NC_w1_ND,T5,Cii,NC,1,ND,blue,779.6296296296297,2.4148289162075742
T5_NC_w1_ND,T5,Cii,NC,1,ND,blue,781.4814814814815,2.51389282328264
T5_NC_w1_ND,T5,Cii,NC,1,ND,blue,783.3333333333334,2.617929475423125
T5_NC_w1_ND,T5,Cii,NC,1,ND,blue,785.1851851851852,2.719760766729695
T5_NC_w1_ND,T5,Cii,NC,1,ND,blue,787.037037037037,2.811517957133975
T5_NC_w1_ND,T5,Cii,NC,1,ND,blue,788.8888888888889,2.8862639516851916
T5_NC_w1_ND,T5,Cii,NC,1,ND,blue,790.7407407407408,2.939202816160088
T5_NC_w1_ND,T5,Cii,NC,1,ND,blue,792.5925925925926,2.9680672292270343
T5_NC_w1_ND,T5,Cii,NC,1,ND,blue,794.4444444444445,2.972675177401652
T5_NC_w1_ND,T5,Cii,NC,1,ND,blue,796.2962962962963,2.9539954163614253
T5_NC_w1_ND,T5,Cii,NC,1,ND,blue,798.1481481481482,2.913301233392514
T5_NC_w1_ND,T5,Cii,NC,1,ND,blue,800.0,2.8518515099318904
T5_NC_w1_ND,T5,Cii,NC,1,ND,blue,801.8518518518518,2.7711506731713826
T5_NC_w1_ND,T5,Cii,NC,1,ND,blue,803.7037037037037,2.6734150497303744
T5_NC_w1_ND,T5,Cii,NC,1,ND,blue,805.5555555555555,2.561698860265028
T5_NC_w1_ND,T5,Cii,NC,1,ND,blue,807.4074074074074,2.4394695339439294
T5_NC_w1_ND,T5,Cii,NC,1,ND,blue,809.2592592592592,2.309931389705065
T5_NC_w1_ND,T5,Cii,NC,1,ND,blue,811.1111111111111,2.1756637068421982
T5_NC_w1_ND,T5,Cii,NC,1,ND,blue,812.962962962963,2.0389036940836776
T5_NC_w1_ND,T5,Cii,NC,1,ND,blue,814.8148148148148,1.9021790676941805
T5_NC_w1_ND,T5,Cii,NC,1,ND,blue,816.6666666666667,1.768641184536841
T5_NC_w1_ND,T5,Cii,NC,1,ND,blue,818.5185185185185,1.6416826894851682
T5_NC_w1_ND,T5,Cii,NC,1,ND,blue,820.3703703703704,1.524070818914487
T5_NC_w1_ND,T5,Cii,NC,1,ND,blue,822.2222222222222,1.4172370446230844
T5_NC_w1_ND,T5,Cii,NC,1,ND,blue,824.074074074074,1.3212285404092257
T5_NC_w1_ND,T5,Cii,NC,1,ND,blue,825.925925925926,1.2352401774037731
T5_NC_w1_ND,T5,Cii,NC,1,ND,blue,827.7777777777777,1.1582786206504068
T5_NC_w1_ND,T5,Cii,NC,1,ND,blue,829.6296296296297,1.089561294641379
T5_NC_w1_ND,T5,Cii,NC,1,ND,blue,831.4814814814814,1.0285775939595339
T5_NC_w1_ND,T5,Cii,NC,1,ND,blue,833.3333333333334,0.9749895799766136
T5_NC_w1_ND,T5,Cii,NC,1,ND,blue,835.1851851851852,0.9285434380222227
T5_NC_w1_ND,T5,Cii,NC,1,ND,blue,837.0370370370371,0.8890262098912103
T5_NC_w1_ND,T5,Cii,NC,1,ND,blue,838.8888888888889,0.8561642554612717
T5_NC_w1_ND,T5,Cii,NC,1,ND,blue,840.7407407407408,0.8294282460531235
T5_NC_w1_ND,T5,Cii,NC,1,ND,blue,842.5925925925926,0.8078696707611754
T5_NC_w1_ND,T5,Cii,NC,1,ND,blue,844.4444444444443,0.7901483983370042
T5_NC_w1_ND,T5,Cii,NC,1,ND,blue,846.2962962962963,0.7748564055800671
T5_NC_w1_ND,T5,Cii,NC,1,ND,blue,848.1481481481482,0.761031365476373
T5_NC_w1_ND,T5,Cii,NC,1,ND,blue,850.0,0.748562175777289
T5_NC_w1_ND,T5,Cii,NC,1,ND,blue,851.8518518518518,0.7382033632636762
T5_NC_w1_ND,T5,Cii,NC,1,ND,blue,853.7037037037037,0.7310955521691482
T5_NC_w1_ND,T5,Cii,NC,1,ND,blue,855.5555555555555,0.7280178569673353
T5_NC_w1_ND,T5,Cii,NC,1,ND,blue,857.4074074074075,0.7288008565616281
T5_NC_w1_ND,T5,Cii,NC,1,ND,blue,859.2592592592592,0.7322361926116286
T5_NC_w1_ND,T5,Cii,NC,1,ND,blue,861.1111111111111,0.73653681436964
T5_NC_w1_ND,T5,Cii,NC,1,ND,blue,862.9629629629629,0.7400631093344089
T5_NC_w1_ND,T5,Cii,NC,1,ND,blue,864.8148148148148,0.7418981828324434
T5_NC_w1_ND,T5,Cii,NC,1,ND,blue,866.6666666666666,0.7419952642250678
T5_NC_w1_ND,T5,Cii,NC,1,ND,blue,868.5185185185185,0.7409148253791955
T5_NC_w1_ND,T5,Cii,NC,1,ND,blue,870.3703703703704,0.739388329054259
T5_NC_w1_ND,T5,Cii,NC,1,ND,blue,872.2222222222222,0.737975659577313
T5_NC_w1_ND,T5,Cii,NC,1,ND,blue,874.0740740740741,0.7369379508542522
T5_NC_w1_ND,T5,Cii,NC,1,ND,blue,875.9259259259259,0.7362938758423525
T5_NC_w1_ND,T5,Cii,NC,1,ND,blue,877.7777777777778,0.7359306981788848
T5_NC_w1_ND,T5,Cii,NC,1,ND,blue,879.6296296296297,0.735700603561537
T5_NC_w1_ND,T5,Cii,NC,1,ND,blue,881.4814814814814,0.7354470341310332
T5_NC_w1_ND,T5,Cii,NC,1,ND,blue,883.3333333333334,0.7349865154154998
T5_NC_w1_ND,T5,Cii,NC,1,ND,blue,885.1851851851851,0.7340786356676631
T5_NC_w1_ND,T5,Cii,NC,1,ND,blue,887.0370370370371,0.7324184056794764
T5_NC_w1_ND,T5,Cii,NC,1,ND,blue,888.8888888888888,0.7296848267671976
T5_NC_w1_ND,T5,Cii,NC,1,ND,blue,890.7407407407408,0.725651866772256
T5_NC_w1_ND,T5,Cii,NC,1,ND,blue,892.5925925925926,0.7203275820708939
T5_NC_w1_ND,T5,Cii,NC,1,ND,blue,894.4444444444445,0.7140376828978787
T5_NC_w1_ND,T5,Cii,NC,1,ND,blue,896.2962962962963,0.7073884559703402
T5_NC_w1_ND,T5,Cii,NC,1,ND,blue,898.1481481481482,0.701098556797325
T5_NC_w1_ND,T5,Cii,NC,1,ND,blue,900.0,0.695774272095963
T5_NC_w4_PD,T5,Cii,NC,4,PD,red,0.0,0.0
T5_NC_w4_PD,T5,Cii,NC,4,PD,red,1.863354037267081,-0.1
T5_NC_w4_PD,T5,Cii,NC,4,PD,red,3.726708074534162,-0.1
T5_NC_w4_PD,T5,Cii,NC,4,PD,red,5.590062111801242,-0.15
T5_NC_w4_PD,T5,Cii,NC,4,PD,red,7.453416149068324,-0.25
T5_NC_w4_PD,T5,Cii,NC,4,PD,red,9.316770186335404,-0.25
T5_NC_w4_PD,T5,Cii,NC,4,PD,red,11.180124223602483,-0.25
T5_NC_w4_PD,T5,Cii,NC,4,PD,red,13.043478260869565,-0.25
T5_NC_w4_PD,T5,Cii,NC,4,PD,red,14.906832298136647,-0.25
T5_NC_w4_PD,T5,Cii,NC,4,PD,red,16.77018633540373,-0.25
T5_NC_w4_PD,T5,Cii,NC,4,PD,red,18.633540372670808,-0.3
T5_NC_w4_PD,T5,Cii,NC,4,PD,red,20.496894409937887,-0.35
T5_NC_w4_PD,T5,Cii,NC,4,PD,red,22.360248447204967,-0.45
T5_NC_w4_PD,T5,Cii,NC,4,PD,red,24.22360248447205,-0.55
T5_NC_w4_PD,T5,Cii,NC,4,PD,red,26.08695652173913,-0.6
T5_NC_w4_PD,T5,Cii,NC,4,PD,red,27.950310559006212,-0.65
T5_NC_w4_PD,T5,Cii,NC,4,PD,red,29.813664596273295,-0.65
T5_NC_w4_PD,T5,Cii,NC,4,PD,red,31.677018633540374,-0.65
T5_NC_w4_PD,T5,Cii,NC,4,PD,red,33.54037267080746,-0.65
T5_NC_w4_PD,T5,Cii,NC,4,PD,red,35.40372670807454,-0.6
T5_NC_w4_PD,T5,Cii,NC,4,PD,red,37.267080745341616,-0.55
T5_NC_w4_PD,T5,Cii,NC,4,PD,red,39.130434782608695,-0.5
T5_NC_w4_PD,T5,Cii,NC,4,PD,red,40.993788819875775,-0.5
T5_NC_w4_PD,T5,Cii,NC,4,PD,red,42.857142857142854,-0.5
T5_NC_w4_PD,T5,Cii,NC,4,PD,red,44.72049689440993,-0.5
T5_NC_w4_PD,T5,Cii,NC,4,PD,red,46.58385093167702,-0.5
T5_NC_w4_PD,T5,Cii,NC,4,PD,red,48.4472049689441,-0.45
T5_NC_w4_PD,T5,Cii,NC,4,PD,red,50.31055900621118,-0.45
T5_NC_w4_PD,T5,Cii,NC,4,PD,red,52.17391304347826,-0.5
T5_NC_w4_PD,T5,Cii,NC,4,PD,red,54.037267080745345,-0.5
T5_NC_w4_PD,T5,Cii,NC,4,PD,red,55.900621118012424,-0.5
T5_NC_w4_PD,T5,Cii,NC,4,PD,red,57.76397515527951,-0.45
T5_NC_w4_PD,T5,Cii,NC,4,PD,red,59.62732919254659,-0.4
T5_NC_w4_PD,T5,Cii,NC,4,PD,red,61.49068322981367,-0.4
T5_NC_w4_PD,T5,Cii,NC,4,PD,red,63.35403726708075,-0.4
T5_NC_w4_PD,T5,Cii,NC,4,PD,red,65.21739130434783,-0.3
T5_NC_w4_PD,T5,Cii,NC,4,PD,red,67.08074534161491,-0.3
T5_NC_w4_PD,T5,Cii,NC,4,PD,red,68.94409937888199,-0.3
T5_NC_w4_PD,T5,Cii,NC,4,PD,red,70.80745341614907,-0.3
T5_NC_w4_PD,T5,Cii,NC,4,PD,red,72.67080745341615,-0.35
T5_NC_w4_PD,T5,Cii,NC,4,PD,red,74.53416149068323,-0.4
T5_NC_w4_PD,T5,Cii,NC,4,PD,red,76.3975155279503,-0.45
T5_NC_w4_PD,T5,Cii,NC,4,PD,red,78.26086956521739,-0.55
T5_NC_w4_PD,T5,Cii,NC,4,PD,red,80.12422360248446,-0.65
T5_NC_w4_PD,T5,Cii,NC,4,PD,red,81.98757763975155,-0.7
T5_NC_w4_PD,T5,Cii,NC,4,PD,red,83.85093167701864,-0.75
T5_NC_w4_PD,T5,Cii,NC,4,PD,red,85.71428571428571,-0.85
T5_NC_w4_PD,T5,Cii,NC,4,PD,red,87.5776397515528,-0.85
T5_NC_w4_PD,T5,Cii,NC,4,PD,red,89.44099378881987,-0.85
T5_NC_w4_PD,T5,Cii,NC,4,PD,red,91.30434782608697,-0.8
T5_NC_w4_PD,T5,Cii,NC,4,PD,red,93.16770186335404,-0.75
T5_NC_w4_PD,T5,Cii,NC,4,PD,red,95.03105590062113,-0.65
T5_NC_w4_PD,T5,Cii,NC,4,PD,red,96.8944099378882,-0.6
T5_NC_w4_PD,T5,Cii,NC,4,PD,red,98.75776397515529,-0.55
T5_NC_w4_PD,T5,Cii,NC,4,PD,red,100.62111801242236,-0.45
T5_NC_w4_PD,T5,Cii,NC,4,PD,red,102.48447204968944,-0.4
T5_NC_w4_PD,T5,Cii,NC,4,PD,red,104.34782608695652,-0.3
T5_NC_w4_PD,T5,Cii,NC,4,PD,red,106.2111801242236,-0.3
T5_NC_w4_PD,T5,Cii,NC,4,PD,red,108.07453416149069,-0.25
T5_NC_w4_PD,T5,Cii,NC,4,PD,red,109.93788819875776,-0.25
T5_NC_w4_PD,T5,Cii,NC,4,PD,red,111.80124223602485,-0.15
T5_NC_w4_PD,T5,Cii,NC,4,PD,red,113.66459627329192,-0.1
T5_NC_w4_PD,T5,Cii,NC,4,PD,red,115.52795031055902,-0.1
T5_NC_w4_PD,T5,Cii,NC,4,PD,red,117.39130434782608,-0.1
T5_NC_w4_PD,T5,Cii,NC,4,PD,red,119.25465838509318,-0.15
T5_NC_w4_PD,T5,Cii,NC,4,PD,red,121.11801242236024,-0.2
T5_NC_w4_PD,T5,Cii,NC,4,PD,red,122.98136645962734,-0.2
T5_NC_w4_PD,T5,Cii,NC,4,PD,red,124.84472049689441,-0.3
T5_NC_w4_PD,T5,Cii,NC,4,PD,red,126.7080745341615,-0.3
T5_NC_w4_PD,T5,Cii,NC,4,PD,red,128.57142857142856,-0.3
T5_NC_w4_PD,T5,Cii,NC,4,PD,red,130.43478260869566,-0.4
T5_NC_w4_PD,T5,Cii,NC,4,PD,red,132.29813664596273,-0.45
T5_NC_w4_PD,T5,Cii,NC,4,PD,red,134.16149068322983,-0.55
T5_NC_w4_PD,T5,Cii,NC,4,PD,red,136.02484472049687,-0.6
T5_NC_w4_PD,T5,Cii,NC,4,PD,red,137.88819875776397,-0.65
T5_NC_w4_PD,T5,Cii,NC,4,PD,red,139.75155279503105,-0.75
T5_NC_w4_PD,T5,Cii,NC,4,PD,red,141.61490683229815,-0.8
T5_NC_w4_PD,T5,Cii,NC,4,PD,red,143.47826086956522,-0.85
T5_NC_w4_PD,T5,Cii,NC,4,PD,red,145.3416149068323,-0.95
T5_NC_w4_PD,T5,Cii,NC,4,PD,red,147.2049689440994,-1.0
T5_NC_w4_PD,T5,Cii,NC,4,PD,red,149.06832298136646,-1.0
T5_NC_w4_PD,T5,Cii,NC,4,PD,red,150.93167701863356,-1.05
T5_NC_w4_PD,T5,Cii,NC,4,PD,red,152.7950310559006,-1.15
T5_NC_w4_PD,T5,Cii,NC,4,PD,red,154.6583850931677,-1.2
T5_NC_w4_PD,T5,Cii,NC,4,PD,red,156.52173913043478,-1.25
T5_NC_w4_PD,T5,Cii,NC,4,PD,red,158.38509316770188,-1.25
T5_NC_w4_PD,T5,Cii,NC,4,PD,red,160.24844720496893,-1.25
T5_NC_w4_PD,T5,Cii,NC,4,PD,red,162.11180124223603,-1.25
T5_NC_w4_PD,T5,Cii,NC,4,PD,red,163.9751552795031,-1.3
T5_NC_w4_PD,T5,Cii,NC,4,PD,red,165.8385093167702,-1.3
T5_NC_w4_PD,T5,Cii,NC,4,PD,red,167.70186335403727,-1.3
T5_NC_w4_PD,T5,Cii,NC,4,PD,red,169.56521739130434,-1.2
T5_NC_w4_PD,T5,Cii,NC,4,PD,red,171.42857142857142,-1.05
T5_NC_w4_PD,T5,Cii,NC,4,PD,red,173.29192546583852,-0.95
T5_NC_w4_PD,T5,Cii,NC,4,PD,red,175.1552795031056,-0.8
T5_NC_w4_PD,T5,Cii,NC,4,PD,red,177.01863354037266,-0.75
T5_NC_w4_PD,T5,Cii,NC,4,PD,red,178.88198757763973,-0.7
T5_NC_w4_PD,T5,Cii,NC,4,PD,red,180.74534161490683,-0.65
T5_NC_w4_PD,T5,Cii,NC,4,PD,red,182.60869565217394,-0.6
T5_NC_w4_PD,T5,Cii,NC,4,PD,red,184.47204968944098,-0.5
T5_NC_w4_PD,T5,Cii,NC,4,PD,red,186.33540372670808,-0.45
T5_NC_w4_PD,T5,Cii,NC,4,PD,red,188.19875776397515,-0.4
T5_NC_w4_PD,T5,Cii,NC,4,PD,red,190.06211180124225,-0.4
T5_NC_w4_PD,T5,Cii,NC,4,PD,red,191.92546583850933,-0.4
T5_NC_w4_PD,T5,Cii,NC,4,PD,red,193.7888198757764,-0.4
T5_NC_w4_PD,T5,Cii,NC,4,PD,red,195.65217391304347,-0.35
T5_NC_w4_PD,T5,Cii,NC,4,PD,red,197.51552795031057,-0.25
T5_NC_w4_PD,T5,Cii,NC,4,PD,red,199.37888198757764,-0.15
T5_NC_w4_PD,T5,Cii,NC,4,PD,red,201.24223602484471,-0.05
T5_NC_w4_PD,T5,Cii,NC,4,PD,red,203.1055900621118,0.1
T5_NC_w4_PD,T5,Cii,NC,4,PD,red,204.9689440993789,0.2
T5_NC_w4_PD,T5,Cii,NC,4,PD,red,206.83229813664596,0.3
T5_NC_w4_PD,T5,Cii,NC,4,PD,red,208.69565217391303,0.3
T5_NC_w4_PD,T5,Cii,NC,4,PD,red,210.5590062111801,0.4
T5_NC_w4_PD,T5,Cii,NC,4,PD,red,212.4223602484472,0.4
T5_NC_w4_PD,T5,Cii,NC,4,PD,red,214.28571428571428,0.4
T5_NC_w4_PD,T5,Cii,NC,4,PD,red,216.14906832298138,0.4
T5_NC_w4_PD,T5,Cii,NC,4,PD,red,218.01242236024845,0.35
T5_NC_w4_PD,T5,Cii,NC,4,PD,red,219.87577639751552,0.35
T5_NC_w4_PD,T5,Cii,NC,4,PD,red,221.73913043478262,0.35
T5_NC_w4_PD,T5,Cii,NC,4,PD,red,223.6024844720497,0.4
T5_NC_w4_PD,T5,Cii,NC,4,PD,red,225.46583850931677,0.4
T5_NC_w4_PD,T5,Cii,NC,4,PD,red,227.32919254658384,0.45
T5_NC_w4_PD,T5,Cii,NC,4,PD,red,229.1925465838509,0.45
T5_NC_w4_PD,T5,Cii,NC,4,PD,red,231.05590062111804,0.4
T5_NC_w4_PD,T5,Cii,NC,4,PD,red,232.9192546583851,0.4
T5_NC_w4_PD,T5,Cii,NC,4,PD,red,234.78260869565216,0.45
T5_NC_w4_PD,T5,Cii,NC,4,PD,red,236.64596273291923,0.5
T5_NC_w4_PD,T5,Cii,NC,4,PD,red,238.50931677018636,0.5
T5_NC_w4_PD,T5,Cii,NC,4,PD,red,240.37267080745343,0.5
T5_NC_w4_PD,T5,Cii,NC,4,PD,red,242.23602484472048,0.45
T5_NC_w4_PD,T5,Cii,NC,4,PD,red,244.09937888198755,0.35
T5_NC_w4_PD,T5,Cii,NC,4,PD,red,245.96273291925468,0.3
T5_NC_w4_PD,T5,Cii,NC,4,PD,red,247.82608695652175,0.3
T5_NC_w4_PD,T5,Cii,NC,4,PD,red,249.68944099378882,0.3
T5_NC_w4_PD,T5,Cii,NC,4,PD,red,251.55279503105587,0.2
T5_NC_w4_PD,T5,Cii,NC,4,PD,red,253.416149068323,0.1
T5_NC_w4_PD,T5,Cii,NC,4,PD,red,255.27950310559007,0.0
T5_NC_w4_PD,T5,Cii,NC,4,PD,red,257.1428571428571,-0.15
T5_NC_w4_PD,T5,Cii,NC,4,PD,red,259.00621118012424,-0.3
T5_NC_w4_PD,T5,Cii,NC,4,PD,red,260.8695652173913,-0.5
T5_NC_w4_PD,T5,Cii,NC,4,PD,red,262.7329192546584,-0.65
T5_NC_w4_PD,T5,Cii,NC,4,PD,red,264.59627329192546,-0.75
T5_NC_w4_PD,T5,Cii,NC,4,PD,red,266.4596273291926,-0.9
T5_NC_w4_PD,T5,Cii,NC,4,PD,red,268.32298136645966,-1.05
T5_NC_w4_PD,T5,Cii,NC,4,PD,red,270.18633540372673,-1.15
T5_NC_w4_PD,T5,Cii,NC,4,PD,red,272.04968944099375,-1.3
T5_NC_w4_PD,T5,Cii,NC,4,PD,red,273.9130434782609,-1.4
T5_NC_w4_PD,T5,Cii,NC,4,PD,red,275.77639751552795,-1.55
T5_NC_w4_PD,T5,Cii,NC,4,PD,red,277.639751552795,-1.65
T5_NC_w4_PD,T5,Cii,NC,4,PD,red,279.5031055900621,-1.75
T5_NC_w4_PD,T5,Cii,NC,4,PD,red,281.3664596273292,-1.85
T5_NC_w4_PD,T5,Cii,NC,4,PD,red,283.2298136645963,-1.95
T5_NC_w4_PD,T5,Cii,NC,4,PD,red,285.09316770186336,-2.0
T5_NC_w4_PD,T5,Cii,NC,4,PD,red,286.95652173913044,-2.0
T5_NC_w4_PD,T5,Cii,NC,4,PD,red,288.8198757763975,-2.05
T5_NC_w4_PD,T5,Cii,NC,4,PD,red,290.6832298136646,-2.15
T5_NC_w4_PD,T5,Cii,NC,4,PD,red,292.54658385093165,-2.25
T5_NC_w4_PD,T5,Cii,NC,4,PD,red,294.4099378881988,-2.3
T5_NC_w4_PD,T5,Cii,NC,4,PD,red,296.27329192546586,-2.4
T5_NC_w4_PD,T5,Cii,NC,4,PD,red,298.1366459627329,-2.5
T5_NC_w4_PD,T5,Cii,NC,4,PD,red,300.0,-2.65
T5_NC_w4_PD,T5,Cii,NC,4,PD,red,301.86335403726713,-2.75
T5_NC_w4_PD,T5,Cii,NC,4,PD,red,303.72670807453414,-2.85
T5_NC_w4_PD,T5,Cii,NC,4,PD,red,305.5900621118012,-2.95
T5_NC_w4_PD,T5,Cii,NC,4,PD,red,307.4534161490683,-3.0
T5_NC_w4_PD,T5,Cii,NC,4,PD,red,309.3167701863354,-3.1
T5_NC_w4_PD,T5,Cii,NC,4,PD,red,311.1801242236025,-3.25
T5_NC_w4_PD,T5,Cii,NC,4,PD,red,313.04347826086956,-3.3
T5_NC_w4_PD,T5,Cii,NC,4,PD,red,314.90683229813664,-3.3
T5_NC_w4_PD,T5,Cii,NC,4,PD,red,316.77018633540376,-3.45
T5_NC_w4_PD,T5,Cii,NC,4,PD,red,318.63354037267084,-3.5
T5_NC_w4_PD,T5,Cii,NC,4,PD,red,320.49689440993785,-3.6
T5_NC_w4_PD,T5,Cii,NC,4,PD,red,322.3602484472049,-3.7
T5_NC_w4_PD,T5,Cii,NC,4,PD,red,324.22360248447205,-3.75
T5_NC_w4_PD,T5,Cii,NC,4,PD,red,326.0869565217391,-3.9
T5_NC_w4_PD,T5,Cii,NC,4,PD,red,327.9503105590062,-4.0
T5_NC_w4_PD,T5,Cii,NC,4,PD,red,329.8136645962733,-4.1
T5_NC_w4_PD,T5,Cii,NC,4,PD,red,331.6770186335404,-4.2
T5_NC_w4_PD,T5,Cii,NC,4,PD,red,333.54037267080747,-4.3
T5_NC_w4_PD,T5,Cii,NC,4,PD,red,335.40372670807454,-4.35
T5_NC_w4_PD,T5,Cii,NC,4,PD,red,337.2670807453416,-4.4
T5_NC_w4_PD,T5,Cii,NC,4,PD,red,339.1304347826087,-4.45
T5_NC_w4_PD,T5,Cii,NC,4,PD,red,340.99378881987576,-4.55
T5_NC_w4_PD,T5,Cii,NC,4,PD,red,342.85714285714283,-4.6
T5_NC_w4_PD,T5,Cii,NC,4,PD,red,344.72049689440996,-4.65
T5_NC_w4_PD,T5,Cii,NC,4,PD,red,346.58385093167703,-4.7
T5_NC_w4_PD,T5,Cii,NC,4,PD,red,348.4472049689441,-4.7
T5_NC_w4_PD,T5,Cii,NC,4,PD,red,350.3105590062112,-4.7
T5_NC_w4_PD,T5,Cii,NC,4,PD,red,352.17391304347825,-4.7
T5_NC_w4_PD,T5,Cii,NC,4,PD,red,354.0372670807453,-4.7
T5_NC_w4_PD,T5,Cii,NC,4,PD,red,355.9006211180124,-4.7
T5_NC_w4_PD,T5,Cii,NC,4,PD,red,357.76397515527947,-4.55
T5_NC_w4_PD,T5,Cii,NC,4,PD,red,359.6273291925466,-4.55
T5_NC_w4_PD,T5,Cii,NC,4,PD,red,361.49068322981367,-4.5
T5_NC_w4_PD,T5,Cii,NC,4,PD,red,363.35403726708074,-4.5
T5_NC_w4_PD,T5,Cii,NC,4,PD,red,365.21739130434787,-4.5
T5_NC_w4_PD,T5,Cii,NC,4,PD,red,367.08074534161494,-4.55
T5_NC_w4_PD,T5,Cii,NC,4,PD,red,368.94409937888196,-4.6
T5_NC_w4_PD,T5,Cii,NC,4,PD,red,370.80745341614903,-4.6
T5_NC_w4_PD,T5,Cii,NC,4,PD,red,372.67080745341616,-4.6
T5_NC_w4_PD,T5,Cii,NC,4,PD,red,374.53416149068323,-4.65
T5_NC_w4_PD,T5,Cii,NC,4,PD,red,376.3975155279503,-4.65
T5_NC_w4_PD,T5,Cii,NC,4,PD,red,378.2608695652174,-4.65
T5_NC_w4_PD,T5,Cii,NC,4,PD,red,380.1242236024845,-4.6
T5_NC_w4_PD,T5,Cii,NC,4,PD,red,381.9875776397516,-4.5
T5_NC_w4_PD,T5,Cii,NC,4,PD,red,383.85093167701865,-4.4
T5_NC_w4_PD,T5,Cii,NC,4,PD,red,385.71428571428567,-4.3
T5_NC_w4_PD,T5,Cii,NC,4,PD,red,387.5776397515528,-4.1
T5_NC_w4_PD,T5,Cii,NC,4,PD,red,389.44099378881987,-4.0
T5_NC_w4_PD,T5,Cii,NC,4,PD,red,391.30434782608694,-3.9
T5_NC_w4_PD,T5,Cii,NC,4,PD,red,393.167701863354,-3.8
T5_NC_w4_PD,T5,Cii,NC,4,PD,red,395.03105590062114,-3.7
T5_NC_w4_PD,T5,Cii,NC,4,PD,red,396.8944099378882,-3.6
T5_NC_w4_PD,T5,Cii,NC,4,PD,red,398.7577639751553,-3.55
T5_NC_w4_PD,T5,Cii,NC,4,PD,red,400.62111801242236,-3.45
T5_NC_w4_PD,T5,Cii,NC,4,PD,red,402.48447204968943,-3.3
T5_NC_w4_PD,T5,Cii,NC,4,PD,red,404.3478260869565,-3.2
T5_NC_w4_PD,T5,Cii,NC,4,PD,red,406.2111801242236,-3.0
T5_NC_w4_PD,T5,Cii,NC,4,PD,red,408.0745341614907,-2.9
T5_NC_w4_PD,T5,Cii,NC,4,PD,red,409.9378881987578,-2.75
T5_NC_w4_PD,T5,Cii,NC,4,PD,red,411.80124223602485,-2.6
T5_NC_w4_PD,T5,Cii,NC,4,PD,red,413.6645962732919,-2.4
T5_NC_w4_PD,T5,Cii,NC,4,PD,red,415.52795031055905,-2.25
T5_NC_w4_PD,T5,Cii,NC,4,PD,red,417.39130434782606,-2.05
T5_NC_w4_PD,T5,Cii,NC,4,PD,red,419.25465838509314,-1.85
T5_NC_w4_PD,T5,Cii,NC,4,PD,red,421.1180124223602,-1.65
T5_NC_w4_PD,T5,Cii,NC,4,PD,red,422.98136645962734,-1.45
T5_NC_w4_PD,T5,Cii,NC,4,PD,red,424.8447204968944,-1.25
T5_NC_w4_PD,T5,Cii,NC,4,PD,red,426.7080745341615,-1.1
T5_NC_w4_PD,T5,Cii,NC,4,PD,red,428.57142857142856,-1.0
T5_NC_w4_PD,T5,Cii,NC,4,PD,red,430.4347826086957,-0.95
T5_NC_w4_PD,T5,Cii,NC,4,PD,red,432.29813664596276,-0.85
T5_NC_w4_PD,T5,Cii,NC,4,PD,red,434.1614906832298,-0.7
T5_NC_w4_PD,T5,Cii,NC,4,PD,red,436.0248447204969,-0.6
T5_NC_w4_PD,T5,Cii,NC,4,PD,red,437.888198757764,-0.45
T5_NC_w4_PD,T5,Cii,NC,4,PD,red,439.75155279503105,-0.4
T5_NC_w4_PD,T5,Cii,NC,4,PD,red,441.6149068322981,-0.2
T5_NC_w4_PD,T5,Cii,NC,4,PD,red,443.47826086956525,-0.05
T5_NC_w4_PD,T5,Cii,NC,4,PD,red,445.3416149068323,0.15
T5_NC_w4_PD,T5,Cii,NC,4,PD,red,447.2049689440994,0.4
T5_NC_w4_PD,T5,Cii,NC,4,PD,red,449.06832298136646,0.65
T5_NC_w4_PD,T5,Cii,NC,4,PD,red,450.93167701863354,1.0
T5_NC_w4_PD,T5,Cii,NC,4,PD,red,452.79503105590055,1.2
T5_NC_w4_PD,T5,Cii,NC,4,PD,red,454.6583850931677,1.4
T5_NC_w4_PD,T5,Cii,NC,4,PD,red,456.5217391304348,1.7
T5_NC_w4_PD,T5,Cii,NC,4,PD,red,458.3850931677018,1.9
T5_NC_w4_PD,T5,Cii,NC,4,PD,red,460.24844720496895,2.1
T5_NC_w4_PD,T5,Cii,NC,4,PD,red,462.1118012422361,2.3
T5_NC_w4_PD,T5,Cii,NC,4,PD,red,463.9751552795031,2.45
T5_NC_w4_PD,T5,Cii,NC,4,PD,red,465.8385093167702,2.55
T5_NC_w4_PD,T5,Cii,NC,4,PD,red,467.70186335403724,2.6
T5_NC_w4_PD,T5,Cii,NC,4,PD,red,469.5652173913043,2.6
T5_NC_w4_PD,T5,Cii,NC,4,PD,red,471.42857142857144,2.6
T5_NC_w4_PD,T5,Cii,NC,4,PD,red,473.29192546583846,2.6
T5_NC_w4_PD,T5,Cii,NC,4,PD,red,475.1552795031056,2.7
T5_NC_w4_PD,T5,Cii,NC,4,PD,red,477.0186335403727,2.8
T5_NC_w4_PD,T5,Cii,NC,4,PD,red,478.88198757763973,3.0
T5_NC_w4_PD,T5,Cii,NC,4,PD,red,480.74534161490686,3.2
T5_NC_w4_PD,T5,Cii,NC,4,PD,red,482.60869565217394,3.4
T5_NC_w4_PD,T5,Cii,NC,4,PD,red,484.47204968944095,3.65
T5_NC_w4_PD,T5,Cii,NC,4,PD,red,486.3354037267081,3.95
T5_NC_w4_PD,T5,Cii,NC,4,PD,red,488.1987577639751,4.25
T5_NC_w4_PD,T5,Cii,NC,4,PD,red,490.0621118012422,4.55
T5_NC_w4_PD,T5,Cii,NC,4,PD,red,491.92546583850935,4.85
T5_NC_w4_PD,T5,Cii,NC,4,PD,red,493.78881987577637,5.15
T5_NC_w4_PD,T5,Cii,NC,4,PD,red,495.6521739130435,5.45
T5_NC_w4_PD,T5,Cii,NC,4,PD,red,497.51552795031057,5.7
T5_NC_w4_PD,T5,Cii,NC,4,PD,red,499.37888198757764,6.0
T5_NC_w4_PD,T5,Cii,NC,4,PD,red,501.2422360248447,6.35
T5_NC_w4_PD,T5,Cii,NC,4,PD,red,503.10559006211173,6.6
T5_NC_w4_PD,T5,Cii,NC,4,PD,red,504.96894409937886,6.8
T5_NC_w4_PD,T5,Cii,NC,4,PD,red,506.832298136646,7.05
T5_NC_w4_PD,T5,Cii,NC,4,PD,red,508.695652173913,7.3
T5_NC_w4_PD,T5,Cii,NC,4,PD,red,510.55900621118013,7.55
T5_NC_w4_PD,T5,Cii,NC,4,PD,red,512.4223602484473,7.85
T5_NC_w4_PD,T5,Cii,NC,4,PD,red,514.2857142857142,8.15
T5_NC_w4_PD,T5,Cii,NC,4,PD,red,516.1490683229814,8.3
T5_NC_w4_PD,T5,Cii,NC,4,PD,red,518.0124223602485,8.55
T5_NC_w4_PD,T5,Cii,NC,4,PD,red,519.8757763975156,8.8
T5_NC_w4_PD,T5,Cii,NC,4,PD,red,521.7391304347826,9.0
T5_NC_w4_PD,T5,Cii,NC,4,PD,red,523.6024844720497,9.1
T5_NC_w4_PD,T5,Cii,NC,4,PD,red,525.4658385093168,9.2
T5_NC_w4_PD,T5,Cii,NC,4,PD,red,527.3291925465838,9.4
T5_NC_w4_PD,T5,Cii,NC,4,PD,red,529.1925465838509,9.8
T5_NC_w4_PD,T5,Cii,NC,4,PD,red,531.055900621118,10.15
T5_NC_w4_PD,T5,Cii,NC,4,PD,red,532.9192546583852,10.5
T5_NC_w4_PD,T5,Cii,NC,4,PD,red,534.7826086956521,10.8
T5_NC_w4_PD,T5,Cii,NC,4,PD,red,536.6459627329193,11.25
T5_NC_w4_PD,T5,Cii,NC,4,PD,red,538.5093167701863,11.65
T5_NC_w4_PD,T5,Cii,NC,4,PD,red,540.3726708074535,11.95
T5_NC_w4_PD,T5,Cii,NC,4,PD,red,542.2360248447205,12.2
T5_NC_w4_PD,T5,Cii,NC,4,PD,red,544.0993788819875,12.4
T5_NC_w4_PD,T5,Cii,NC,4,PD,red,545.9627329192547,12.4
T5_NC_w4_PD,T5,Cii,NC,4,PD,red,547.8260869565217,12.4
T5_NC_w4_PD,T5,Cii,NC,4,PD,red,549.6894409937888,12.45
T5_NC_w4_PD,T5,Cii,NC,4,PD,red,551.5527950310559,12.5
T5_NC_w4_PD,T5,Cii,NC,4,PD,red,553.4161490683231,12.6
T5_NC_w4_PD,T5,Cii,NC,4,PD,red,555.27950310559,12.65
T5_NC_w4_PD,T5,Cii,NC,4,PD,red,557.1428571428571,12.7
T5_NC_w4_PD,T5,Cii,NC,4,PD,red,559.0062111801242,12.8
T5_NC_w4_PD,T5,Cii,NC,4,PD,red,560.8695652173913,12.95
T5_NC_w4_PD,T5,Cii,NC,4,PD,red,562.7329192546584,13.1
T5_NC_w4_PD,T5,Cii,NC,4,PD,red,564.5962732919254,13.25
T5_NC_w4_PD,T5,Cii,NC,4,PD,red,566.4596273291926,13.3
T5_NC_w4_PD,T5,Cii,NC,4,PD,red,568.3229813664597,13.35
T5_NC_w4_PD,T5,Cii,NC,4,PD,red,570.1863354037267,13.35
T5_NC_w4_PD,T5,Cii,NC,4,PD,red,572.0496894409938,13.4
T5_NC_w4_PD,T5,Cii,NC,4,PD,red,573.9130434782609,13.45
T5_NC_w4_PD,T5,Cii,NC,4,PD,red,575.776397515528,13.5
T5_NC_w4_PD,T5,Cii,NC,4,PD,red,577.639751552795,13.5
T5_NC_w4_PD,T5,Cii,NC,4,PD,red,579.5031055900621,13.4
T5_NC_w4_PD,T5,Cii,NC,4,PD,red,581.3664596273292,13.4
T5_NC_w4_PD,T5,Cii,NC,4,PD,red,583.2298136645963,13.4
T5_NC_w4_PD,T5,Cii,NC,4,PD,red,585.0931677018633,13.4
T5_NC_w4_PD,T5,Cii,NC,4,PD,red,586.9565217391305,13.35
T5_NC_w4_PD,T5,Cii,NC,4,PD,red,588.8198757763976,13.3
T5_NC_w4_PD,T5,Cii,NC,4,PD,red,590.6832298136645,13.25
T5_NC_w4_PD,T5,Cii,NC,4,PD,red,592.5465838509317,13.1
T5_NC_w4_PD,T5,Cii,NC,4,PD,red,594.4099378881987,12.95
T5_NC_w4_PD,T5,Cii,NC,4,PD,red,596.2732919254659,12.85
T5_NC_w4_PD,T5,Cii,NC,4,PD,red,598.1366459627329,12.8
T5_NC_w4_PD,T5,Cii,NC,4,PD,red,600.0,12.75
T5_NC_w4_PD,T5,Cii,NC,4,PD,red,601.8633540372671,12.7
T5_NC_w4_PD,T5,Cii,NC,4,PD,red,603.7267080745343,12.55
T5_NC_w4_PD,T5,Cii,NC,4,PD,red,605.5900621118012,12.45
T5_NC_w4_PD,T5,Cii,NC,4,PD,red,607.4534161490683,12.35
T5_NC_w4_PD,T5,Cii,NC,4,PD,red,609.3167701863354,12.15
T5_NC_w4_PD,T5,Cii,NC,4,PD,red,611.1801242236024,11.95
T5_NC_w4_PD,T5,Cii,NC,4,PD,red,613.0434782608696,11.9
T5_NC_w4_PD,T5,Cii,NC,4,PD,red,614.9068322981366,11.9
T5_NC_w4_PD,T5,Cii,NC,4,PD,red,616.7701863354038,11.9
T5_NC_w4_PD,T5,Cii,NC,4,PD,red,618.6335403726708,11.8
T5_NC_w4_PD,T5,Cii,NC,4,PD,red,620.4968944099379,11.7
T5_NC_w4_PD,T5,Cii,NC,4,PD,red,622.360248447205,11.5
T5_NC_w4_PD,T5,Cii,NC,4,PD,red,624.223602484472,11.4
T5_NC_w4_PD,T5,Cii,NC,4,PD,red,626.0869565217391,11.1
T5_NC_w4_PD,T5,Cii,NC,4,PD,red,627.9503105590062,10.85
T5_NC_w4_PD,T5,Cii,NC,4,PD,red,629.8136645962733,10.65
T5_NC_w4_PD,T5,Cii,NC,4,PD,red,631.6770186335403,10.4
T5_NC_w4_PD,T5,Cii,NC,4,PD,red,633.5403726708075,10.15
T5_NC_w4_PD,T5,Cii,NC,4,PD,red,635.4037267080745,9.9
T5_NC_w4_PD,T5,Cii,NC,4,PD,red,637.2670807453417,9.7
T5_NC_w4_PD,T5,Cii,NC,4,PD,red,639.1304347826087,9.45
T5_NC_w4_PD,T5,Cii,NC,4,PD,red,640.9937888198757,9.25
T5_NC_w4_PD,T5,Cii,NC,4,PD,red,642.8571428571429,9.05
T5_NC_w4_PD,T5,Cii,NC,4,PD,red,644.7204968944098,8.8
T5_NC_w4_PD,T5,Cii,NC,4,PD,red,646.583850931677,8.6
T5_NC_w4_PD,T5,Cii,NC,4,PD,red,648.4472049689441,8.35
T5_NC_w4_PD,T5,Cii,NC,4,PD,red,650.3105590062112,8.05
T5_NC_w4_PD,T5,Cii,NC,4,PD,red,652.1739130434783,7.9
T5_NC_w4_PD,T5,Cii,NC,4,PD,red,654.0372670807453,7.65
T5_NC_w4_PD,T5,Cii,NC,4,PD,red,655.9006211180124,7.5
T5_NC_w4_PD,T5,Cii,NC,4,PD,red,657.7639751552795,7.35
T5_NC_w4_PD,T5,Cii,NC,4,PD,red,659.6273291925467,7.25
T5_NC_w4_PD,T5,Cii,NC,4,PD,red,661.4906832298136,7.1
T5_NC_w4_PD,T5,Cii,NC,4,PD,red,663.3540372670808,6.95
T5_NC_w4_PD,T5,Cii,NC,4,PD,red,665.2173913043478,6.7
T5_NC_w4_PD,T5,Cii,NC,4,PD,red,667.0807453416149,6.5
T5_NC_w4_PD,T5,Cii,NC,4,PD,red,668.944099378882,6.3
T5_NC_w4_PD,T5,Cii,NC,4,PD,red,670.8074534161491,6.05
T5_NC_w4_PD,T5,Cii,NC,4,PD,red,672.6708074534162,5.9
T5_NC_w4_PD,T5,Cii,NC,4,PD,red,674.5341614906832,5.75
T5_NC_w4_PD,T5,Cii,NC,4,PD,red,676.3975155279503,5.7
T5_NC_w4_PD,T5,Cii,NC,4,PD,red,678.2608695652174,5.7
T5_NC_w4_PD,T5,Cii,NC,4,PD,red,680.1242236024844,5.55
T5_NC_w4_PD,T5,Cii,NC,4,PD,red,681.9875776397515,5.4
T5_NC_w4_PD,T5,Cii,NC,4,PD,red,683.8509316770187,5.2
T5_NC_w4_PD,T5,Cii,NC,4,PD,red,685.7142857142857,5.0
T5_NC_w4_PD,T5,Cii,NC,4,PD,red,687.5776397515527,4.8
T5_NC_w4_PD,T5,Cii,NC,4,PD,red,689.4409937888199,4.6
T5_NC_w4_PD,T5,Cii,NC,4,PD,red,691.3043478260869,4.4
T5_NC_w4_PD,T5,Cii,NC,4,PD,red,693.1677018633541,4.3
T5_NC_w4_PD,T5,Cii,NC,4,PD,red,695.0310559006211,4.15
T5_NC_w4_PD,T5,Cii,NC,4,PD,red,696.8944099378882,4.1
T5_NC_w4_PD,T5,Cii,NC,4,PD,red,698.7577639751553,4.0
T5_NC_w4_PD,T5,Cii,NC,4,PD,red,700.6211180124224,3.95
T5_NC_w4_PD,T5,Cii,NC,4,PD,red,702.4844720496894,3.85
T5_NC_w4_PD,T5,Cii,NC,4,PD,red,704.3478260869565,3.7
T5_NC_w4_PD,T5,Cii,NC,4,PD,red,706.2111801242236,3.55
T5_NC_w4_PD,T5,Cii,NC,4,PD,red,708.0745341614906,3.4
T5_NC_w4_PD,T5,Cii,NC,4,PD,red,709.9378881987578,3.3
T5_NC_w4_PD,T5,Cii,NC,4,PD,red,711.8012422360248,3.2
T5_NC_w4_PD,T5,Cii,NC,4,PD,red,713.664596273292,3.05
T5_NC_w4_PD,T5,Cii,NC,4,PD,red,715.5279503105589,2.9
T5_NC_w4_PD,T5,Cii,NC,4,PD,red,717.3913043478261,2.8
T5_NC_w4_PD,T5,Cii,NC,4,PD,red,719.2546583850932,2.7
T5_NC_w4_PD,T5,Cii,NC,4,PD,red,721.1180124223603,2.6
T5_NC_w4_PD,T5,Cii,NC,4,PD,red,722.9813664596273,2.5
T5_NC_w4_PD,T5,Cii,NC,4,PD,red,724.8447204968944,2.5
T5_NC_w4_PD,T5,Cii,NC,4,PD,red,726.7080745341615,2.5
T5_NC_w4_PD,T5,Cii,NC,4,PD,red,728.5714285714286,2.45
T5_NC_w4_PD,T5,Cii,NC,4,PD,red,730.4347826086957,2.35
T5_NC_w4_PD,T5,Cii,NC,4,PD,red,732.2981366459627,2.2
T5_NC_w4_PD,T5,Cii,NC,4,PD,red,734.1614906832299,2.1
T5_NC_w4_PD,T5,Cii,NC,4,PD,red,736.0248447204968,2.0
T5_NC_w4_PD,T5,Cii,NC,4,PD,red,737.8881987577639,1.9
T5_NC_w4_PD,T5,Cii,NC,4,PD,red,739.7515527950311,1.9
T5_NC_w4_PD,T5,Cii,NC,4,PD,red,741.6149068322981,1.9
T5_NC_w4_PD,T5,Cii,NC,4,PD,red,743.4782608695652,1.85
T5_NC_w4_PD,T5,Cii,NC,4,PD,red,745.3416149068323,1.8
T5_NC_w4_PD,T5,Cii,NC,4,PD,red,747.2049689440994,1.75
T5_NC_w4_PD,T5,Cii,NC,4,PD,red,749.0683229813665,1.65
T5_NC_w4_PD,T5,Cii,NC,4,PD,red,750.9316770186335,1.6
T5_NC_w4_PD,T5,Cii,NC,4,PD,red,752.7950310559006,1.5
T5_NC_w4_PD,T5,Cii,NC,4,PD,red,754.6583850931677,1.4
T5_NC_w4_PD,T5,Cii,NC,4,PD,red,756.5217391304348,1.25
T5_NC_w4_PD,T5,Cii,NC,4,PD,red,758.3850931677018,1.1
T5_NC_w4_PD,T5,Cii,NC,4,PD,red,760.248447204969,1.0
T5_NC_w4_PD,T5,Cii,NC,4,PD,red,762.111801242236,0.9
T5_NC_w4_PD,T5,Cii,NC,4,PD,red,763.9751552795032,0.8
T5_NC_w4_PD,T5,Cii,NC,4,PD,red,765.8385093167702,0.8
T5_NC_w4_PD,T5,Cii,NC,4,PD,red,767.7018633540373,0.85
T5_NC_w4_PD,T5,Cii,NC,4,PD,red,769.5652173913044,0.9
T5_NC_w4_PD,T5,Cii,NC,4,PD,red,771.4285714285713,0.9
T5_NC_w4_PD,T5,Cii,NC,4,PD,red,773.2919254658385,0.9
T5_NC_w4_PD,T5,Cii,NC,4,PD,red,775.1552795031056,0.9
T5_NC_w4_PD,T5,Cii,NC,4,PD,red,777.0186335403727,0.85
T5_NC_w4_PD,T5,Cii,NC,4,PD,red,778.8819875776397,0.85
T5_NC_w4_PD,T5,Cii,NC,4,PD,red,780.7453416149069,0.8
T5_NC_w4_PD,T5,Cii,NC,4,PD,red,782.6086956521739,0.75
T5_NC_w4_PD,T5,Cii,NC,4,PD,red,784.4720496894411,0.7
T5_NC_w4_PD,T5,Cii,NC,4,PD,red,786.335403726708,0.55
T5_NC_w4_PD,T5,Cii,NC,4,PD,red,788.1987577639751,0.45
T5_NC_w4_PD,T5,Cii,NC,4,PD,red,790.0621118012423,0.35
T5_NC_w4_PD,T5,Cii,NC,4,PD,red,791.9254658385092,0.35
T5_NC_w4_PD,T5,Cii,NC,4,PD,red,793.7888198757764,0.35
T5_NC_w4_PD,T5,Cii,NC,4,PD,red,795.6521739130435,0.4
T5_NC_w4_PD,T5,Cii,NC,4,PD,red,797.5155279503106,0.4
T5_NC_w4_PD,T5,Cii,NC,4,PD,red,799.3788819875776,0.4
T5_NC_w4_PD,T5,Cii,NC,4,PD,red,801.2422360248447,0.4
T5_NC_w4_PD,T5,Cii,NC,4,PD,red,803.1055900621118,0.4
T5_NC_w4_PD,T5,Cii,NC,4,PD,red,804.9689440993789,0.4
T5_NC_w4_PD,T5,Cii,NC,4,PD,red,806.8322981366459,0.4
T5_NC_w4_PD,T5,Cii,NC,4,PD,red,808.695652173913,0.4
T5_NC_w4_PD,T5,Cii,NC,4,PD,red,810.5590062111802,0.4
T5_NC_w4_PD,T5,Cii,NC,4,PD,red,812.4223602484471,0.4
T5_NC_w4_PD,T5,Cii,NC,4,PD,red,814.2857142857143,0.4
T5_NC_w4_PD,T5,Cii,NC,4,PD,red,816.1490683229814,0.35
T5_NC_w4_PD,T5,Cii,NC,4,PD,red,818.0124223602485,0.2
T5_NC_w4_PD,T5,Cii,NC,4,PD,red,819.8757763975156,0.15
T5_NC_w4_PD,T5,Cii,NC,4,PD,red,821.7391304347825,-0.05
T5_NC_w4_PD,T5,Cii,NC,4,PD,red,823.6024844720497,-0.15
T5_NC_w4_PD,T5,Cii,NC,4,PD,red,825.4658385093168,-0.25
T5_NC_w4_PD,T5,Cii,NC,4,PD,red,827.3291925465838,-0.25
T5_NC_w4_PD,T5,Cii,NC,4,PD,red,829.1925465838509,-0.4
T5_NC_w4_PD,T5,Cii,NC,4,PD,red,831.0559006211181,-0.5
T5_NC_w4_PD,T5,Cii,NC,4,PD,red,832.9192546583851,-0.6
T5_NC_w4_PD,T5,Cii,NC,4,PD,red,834.7826086956521,-0.65
T5_NC_w4_PD,T5,Cii,NC,4,PD,red,836.6459627329193,-0.75
T5_NC_w4_PD,T5,Cii,NC,4,PD,red,838.5093167701863,-0.8
T5_NC_w4_PD,T5,Cii,NC,4,PD,red,840.3726708074535,-0.8
T5_NC_w4_PD,T5,Cii,NC,4,PD,red,842.2360248447204,-0.8
T5_NC_w4_PD,T5,Cii,NC,4,PD,red,844.0993788819876,-0.8
T5_NC_w4_PD,T5,Cii,NC,4,PD,red,845.9627329192547,-0.8
T5_NC_w4_PD,T5,Cii,NC,4,PD,red,847.8260869565217,-0.75
T5_NC_w4_PD,T5,Cii,NC,4,PD,red,849.6894409937888,-0.65
T5_NC_w4_PD,T5,Cii,NC,4,PD,red,851.5527950310559,-0.65
T5_NC_w4_PD,T5,Cii,NC,4,PD,red,853.416149068323,-0.65
T5_NC_w4_PD,T5,Cii,NC,4,PD,red,855.27950310559,-0.75
T5_NC_w4_PD,T5,Cii,NC,4,PD,red,857.1428571428571,-0.8
T5_NC_w4_PD,T5,Cii,NC,4,PD,red,859.0062111801242,-0.85
T5_NC_w4_PD,T5,Cii,NC,4,PD,red,860.8695652173914,-0.9
T5_NC_w4_PD,T5,Cii,NC,4,PD,red,862.7329192546583,-0.9
T5_NC_w4_PD,T5,Cii,NC,4,PD,red,864.5962732919255,-1.0
T5_NC_w4_PD,T5,Cii,NC,4,PD,red,866.4596273291926,-1.05
T5_NC_w4_PD,T5,Cii,NC,4,PD,red,868.3229813664595,-1.1
T5_NC_w4_PD,T5,Cii,NC,4,PD,red,870.1863354037267,-1.1
T5_NC_w4_PD,T5,Cii,NC,4,PD,red,872.0496894409938,-1.05
T5_NC_w4_PD,T5,Cii,NC,4,PD,red,873.9130434782609,-1.05
T5_NC_w4_PD,T5,Cii,NC,4,PD,red,875.776397515528,-1.15
T5_NC_w4_PD,T5,Cii,NC,4,PD,red,877.639751552795,-1.15
T5_NC_w4_PD,T5,Cii,NC,4,PD,red,879.5031055900621,-1.15
T5_NC_w4_PD,T5,Cii,NC,4,PD,red,881.3664596273293,-1.05
T5_NC_w4_PD,T5,Cii,NC,4,PD,red,883.2298136645962,-1.05
T5_NC_w4_PD,T5,Cii,NC,4,PD,red,885.0931677018633,-1.05
T5_NC_w4_PD,T5,Cii,NC,4,PD,red,886.9565217391305,-1.1
T5_NC_w4_PD,T5,Cii,NC,4,PD,red,888.8198757763975,-1.15
T5_NC_w4_PD,T5,Cii,NC,4,PD,red,890.6832298136646,-1.2
T5_NC_w4_PD,T5,Cii,NC,4,PD,red,892.5465838509316,-1.2
T5_NC_w4_PD,T5,Cii,NC,4,PD,red,894.4099378881988,-1.2
T5_NC_w4_PD,T5,Cii,NC,4,PD,red,896.2732919254659,-1.3
T5_NC_w4_PD,T5,Cii,NC,4,PD,red,898.1366459627329,-1.3
T5_NC_w4_PD,T5,Cii,NC,4,PD,red,900.0,-1.25
T5_NC_w4_ND,T5,Cii,NC,4,ND,blue,0.0,0.0
T5_NC_w4_ND,T5,Cii,NC,4,ND,blue,1.863354037267081,0.1
T5_NC_w4_ND,T5,Cii,NC,4,ND,blue,3.726708074534162,0.1
T5_NC_w4_ND,T5,Cii,NC,4,ND,blue,5.590062111801242,0.05
T5_NC_w4_ND,T5,Cii,NC,4,ND,blue,7.453416149068324,0.0
T5_NC_w4_ND,T5,Cii,NC,4,ND,blue,9.316770186335404,-0.05
T5_NC_w4_ND,T5,Cii,NC,4,ND,blue,11.180124223602483,-0.05
T5_NC_w4_ND,T5,Cii,NC,4,ND,blue,13.043478260869565,0.0
T5_NC_w4_ND,T5,Cii,NC,4,ND,blue,14.906832298136647,0.0
T5_NC_w4_ND,T5,Cii,NC,4,ND,blue,16.77018633540373,0.0
T5_NC_w4_ND,T5,Cii,NC,4,ND,blue,18.633540372670808,-0.05
T5_NC_w4_ND,T5,Cii,NC,4,ND,blue,20.496894409937887,-0.1
T5_NC_w4_ND,T5,Cii,NC,4,ND,blue,22.360248447204967,-0.1
T5_NC_w4_ND,T5,Cii,NC,4,ND,blue,24.22360248447205,-0.025
T5_NC_w4_ND,T5,Cii,NC,4,ND,blue,26.08695652173913,0.1
T5_NC_w4_ND,T5,Cii,NC,4,ND,blue,27.950310559006212,0.225
T5_NC_w4_ND,T5,Cii,NC,4,ND,blue,29.813664596273295,0.35
T5_NC_w4_ND,T5,Cii,NC,4,ND,blue,31.677018633540374,0.35
T5_NC_w4_ND,T5,Cii,NC,4,ND,blue,33.54037267080746,0.3055555555555543
T5_NC_w4_ND,T5,Cii,NC,4,ND,blue,35.40372670807454,0.2611111111111086
T5_NC_w4_ND,T5,Cii,NC,4,ND,blue,37.267080745341616,0.21666666666666287
T5_NC_w4_ND,T5,Cii,NC,4,ND,blue,39.130434782608695,0.17222222222222286
T5_NC_w4_ND,T5,Cii,NC,4,ND,blue,40.993788819875775,0.12777777777777716
T5_NC_w4_ND,T5,Cii,NC,4,ND,blue,42.857142857142854,0.08333333333333712
T5_NC_w4_ND,T5,Cii,NC,4,ND,blue,44.72049689440993,0.038888888888891415
T5_NC_w4_ND,T5,Cii,NC,4,ND,blue,46.58385093167702,-0.005555555555554292
T5_NC_w4_ND,T5,Cii,NC,4,ND,blue,48.4472049689441,-0.05
T5_NC_w4_ND,T5,Cii,NC,4,ND,blue,50.31055900621118,-0.1
T5_NC_w4_ND,T5,Cii,NC,4,ND,blue,52.17391304347826,-0.125
T5_NC_w4_ND,T5,Cii,NC,4,ND,blue,54.037267080745345,-0.125
T5_NC_w4_ND,T5,Cii,NC,4,ND,blue,55.900621118012424,-0.1
T5_NC_w4_ND,T5,Cii,NC,4,ND,blue,57.76397515527951,-0.075
T5_NC_w4_ND,T5,Cii,NC,4,ND,blue,59.62732919254659,-0.05
T5_NC_w4_ND,T5,Cii,NC,4,ND,blue,61.49068322981367,0.05
T5_NC_w4_ND,T5,Cii,NC,4,ND,blue,63.35403726708075,0.05
T5_NC_w4_ND,T5,Cii,NC,4,ND,blue,65.21739130434783,0.06666666666666288
T5_NC_w4_ND,T5,Cii,NC,4,ND,blue,67.08074534161491,0.08333333333333712
T5_NC_w4_ND,T5,Cii,NC,4,ND,blue,68.94409937888199,0.1
T5_NC_w4_ND,T5,Cii,NC,4,ND,blue,70.80745341614907,0.11666666666666288
T5_NC_w4_ND,T5,Cii,NC,4,ND,blue,72.67080745341615,0.13333333333333713
T5_NC_w4_ND,T5,Cii,NC,4,ND,blue,74.53416149068323,0.15
T5_NC_w4_ND,T5,Cii,NC,4,ND,blue,76.3975155279503,0.16666666666666288
T5_NC_w4_ND,T5,Cii,NC,4,ND,blue,78.26086956521739,0.18333333333333712
T5_NC_w4_ND,T5,Cii,NC,4,ND,blue,80.12422360248446,0.2
T5_NC_w4_ND,T5,Cii,NC,4,ND,blue,81.98757763975155,0.21666666666666287
T5_NC_w4_ND,T5,Cii,NC,4,ND,blue,83.85093167701864,0.2333333333333371
T5_NC_w4_ND,T5,Cii,NC,4,ND,blue,85.71428571428571,0.2333333333333371
T5_NC_w4_ND,T5,Cii,NC,4,ND,blue,87.5776397515528,0.25
T5_NC_w4_ND,T5,Cii,NC,4,ND,blue,89.44099378881987,0.25
T5_NC_w4_ND,T5,Cii,NC,4,ND,blue,91.30434782608697,0.35
T5_NC_w4_ND,T5,Cii,NC,4,ND,blue,93.16770186335404,0.4
T5_NC_w4_ND,T5,Cii,NC,4,ND,blue,95.03105590062113,0.45
T5_NC_w4_ND,T5,Cii,NC,4,ND,blue,96.8944099378882,0.55
T5_NC_w4_ND,T5,Cii,NC,4,ND,blue,98.75776397515529,0.6
T5_NC_w4_ND,T5,Cii,NC,4,ND,blue,100.62111801242236,0.65
T5_NC_w4_ND,T5,Cii,NC,4,ND,blue,102.48447204968944,0.65
T5_NC_w4_ND,T5,Cii,NC,4,ND,blue,104.34782608695652,0.65
T5_NC_w4_ND,T5,Cii,NC,4,ND,blue,106.2111801242236,0.525
T5_NC_w4_ND,T5,Cii,NC,4,ND,blue,108.07453416149069,0.4
T5_NC_w4_ND,T5,Cii,NC,4,ND,blue,109.93788819875776,0.275
T5_NC_w4_ND,T5,Cii,NC,4,ND,blue,111.80124223602485,0.2
T5_NC_w4_ND,T5,Cii,NC,4,ND,blue,113.66459627329192,0.2
T5_NC_w4_ND,T5,Cii,NC,4,ND,blue,115.52795031055902,0.25
T5_NC_w4_ND,T5,Cii,NC,4,ND,blue,117.39130434782608,0.25
T5_NC_w4_ND,T5,Cii,NC,4,ND,blue,119.25465838509318,0.3875
T5_NC_w4_ND,T5,Cii,NC,4,ND,blue,121.11801242236024,0.525
T5_NC_w4_ND,T5,Cii,NC,4,ND,blue,122.98136645962734,0.6625
T5_NC_w4_ND,T5,Cii,NC,4,ND,blue,124.84472049689441,0.8
T5_NC_w4_ND,T5,Cii,NC,4,ND,blue,126.7080745341615,0.8
T5_NC_w4_ND,T5,Cii,NC,4,ND,blue,128.57142857142856,0.8
T5_NC_w4_ND,T5,Cii,NC,4,ND,blue,130.43478260869566,0.7
T5_NC_w4_ND,T5,Cii,NC,4,ND,blue,132.29813664596273,0.65
T5_NC_w4_ND,T5,Cii,NC,4,ND,blue,134.16149068322983,0.65
T5_NC_w4_ND,T5,Cii,NC,4,ND,blue,136.02484472049687,0.6
T5_NC_w4_ND,T5,Cii,NC,4,ND,blue,137.88819875776397,0.6
T5_NC_w4_ND,T5,Cii,NC,4,ND,blue,139.75155279503105,0.6
T5_NC_w4_ND,T5,Cii,NC,4,ND,blue,141.61490683229815,0.6
T5_NC_w4_ND,T5,Cii,NC,4,ND,blue,143.47826086956522,0.6
T5_NC_w4_ND,T5,Cii,NC,4,ND,blue,145.3416149068323,0.7
T5_NC_w4_ND,T5,Cii,NC,4,ND,blue,147.2049689440994,0.75
T5_NC_w4_ND,T5,Cii,NC,4,ND,blue,149.06832298136646,0.8
T5_NC_w4_ND,T5,Cii,NC,4,ND,blue,150.93167701863356,0.8
T5_NC_w4_ND,T5,Cii,NC,4,ND,blue,152.7950310559006,0.8
T5_NC_w4_ND,T5,Cii,NC,4,ND,blue,154.6583850931677,0.8
T5_NC_w4_ND,T5,Cii,NC,4,ND,blue,156.52173913043478,0.9
T5_NC_w4_ND,T5,Cii,NC,4,ND,blue,158.38509316770188,0.9
T5_NC_w4_ND,T5,Cii,NC,4,ND,blue,160.24844720496893,0.8
T5_NC_w4_ND,T5,Cii,NC,4,ND,blue,162.11180124223603,0.8
T5_NC_w4_ND,T5,Cii,NC,4,ND,blue,163.9751552795031,0.8
T5_NC_w4_ND,T5,Cii,NC,4,ND,blue,165.8385093167702,0.75
T5_NC_w4_ND,T5,Cii,NC,4,ND,blue,167.70186335403727,0.65
T5_NC_w4_ND,T5,Cii,NC,4,ND,blue,169.56521739130434,0.65
T5_NC_w4_ND,T5,Cii,NC,4,ND,blue,171.42857142857142,0.55
T5_NC_w4_ND,T5,Cii,NC,4,ND,blue,173.29192546583852,0.5
T5_NC_w4_ND,T5,Cii,NC,4,ND,blue,175.1552795031056,0.5
T5_NC_w4_ND,T5,Cii,NC,4,ND,blue,177.01863354037266,0.5
T5_NC_w4_ND,T5,Cii,NC,4,ND,blue,178.88198757763973,0.5
T5_NC_w4_ND,T5,Cii,NC,4,ND,blue,180.74534161490683,0.5
T5_NC_w4_ND,T5,Cii,NC,4,ND,blue,182.60869565217394,0.5
T5_NC_w4_ND,T5,Cii,NC,4,ND,blue,184.47204968944098,0.55
T5_NC_w4_ND,T5,Cii,NC,4,ND,blue,186.33540372670808,0.55
T5_NC_w4_ND,T5,Cii,NC,4,ND,blue,188.19875776397515,0.35
T5_NC_w4_ND,T5,Cii,NC,4,ND,blue,190.06211180124225,0.15
T5_NC_w4_ND,T5,Cii,NC,4,ND,blue,191.92546583850933,-0.05
T5_NC_w4_ND,T5,Cii,NC,4,ND,blue,193.7888198757764,-0.05
T5_NC_w4_ND,T5,Cii,NC,4,ND,blue,195.65217391304347,0.0
T5_NC_w4_ND,T5,Cii,NC,4,ND,blue,197.51552795031057,0.05
T5_NC_w4_ND,T5,Cii,NC,4,ND,blue,199.37888198757764,0.15
T5_NC_w4_ND,T5,Cii,NC,4,ND,blue,201.24223602484471,0.25
T5_NC_w4_ND,T5,Cii,NC,4,ND,blue,203.1055900621118,0.35
T5_NC_w4_ND,T5,Cii,NC,4,ND,blue,204.9689440993789,0.45
T5_NC_w4_ND,T5,Cii,NC,4,ND,blue,206.83229813664596,0.55
T5_NC_w4_ND,T5,Cii,NC,4,ND,blue,208.69565217391303,0.6
T5_NC_w4_ND,T5,Cii,NC,4,ND,blue,210.5590062111801,0.7
T5_NC_w4_ND,T5,Cii,NC,4,ND,blue,212.4223602484472,0.7
T5_NC_w4_ND,T5,Cii,NC,4,ND,blue,214.28571428571428,0.75
T5_NC_w4_ND,T5,Cii,NC,4,ND,blue,216.14906832298138,0.75
T5_NC_w4_ND,T5,Cii,NC,4,ND,blue,218.01242236024845,0.7
T5_NC_w4_ND,T5,Cii,NC,4,ND,blue,219.87577639751552,0.7
T5_NC_w4_ND,T5,Cii,NC,4,ND,blue,221.73913043478262,0.65
T5_NC_w4_ND,T5,Cii,NC,4,ND,blue,223.6024844720497,0.65
T5_NC_w4_ND,T5,Cii,NC,4,ND,blue,225.46583850931677,0.7
T5_NC_w4_ND,T5,Cii,NC,4,ND,blue,227.32919254658384,0.75
T5_NC_w4_ND,T5,Cii,NC,4,ND,blue,229.1925465838509,0.75
T5_NC_w4_ND,T5,Cii,NC,4,ND,blue,231.05590062111804,0.7
T5_NC_w4_ND,T5,Cii,NC,4,ND,blue,232.9192546583851,0.7
T5_NC_w4_ND,T5,Cii,NC,4,ND,blue,234.78260869565216,0.7
T5_NC_w4_ND,T5,Cii,NC,4,ND,blue,236.64596273291923,0.75
T5_NC_w4_ND,T5,Cii,NC,4,ND,blue,238.50931677018636,0.75
T5_NC_w4_ND,T5,Cii,NC,4,ND,blue,240.37267080745343,0.7
T5_NC_w4_ND,T5,Cii,NC,4,ND,blue,242.23602484472048,0.65
T5_NC_w4_ND,T5,Cii,NC,4,ND,blue,244.09937888198755,0.65
T5_NC_w4_ND,T5,Cii,NC,4,ND,blue,245.96273291925468,0.6
T5_NC_w4_ND,T5,Cii,NC,4,ND,blue,247.82608695652175,0.6
T5_NC_w4_ND,T5,Cii,NC,4,ND,blue,249.68944099378882,0.6
T5_NC_w4_ND,T5,Cii,NC,4,ND,blue,251.55279503105587,0.7
T5_NC_w4_ND,T5,Cii,NC,4,ND,blue,253.416149068323,0.85
T5_NC_w4_ND,T5,Cii,NC,4,ND,blue,255.27950310559007,1.0
T5_NC_w4_ND,T5,Cii,NC,4,ND,blue,257.1428571428571,1.1
T5_NC_w4_ND,T5,Cii,NC,4,ND,blue,259.00621118012424,1.1
T5_NC_w4_ND,T5,Cii,NC,4,ND,blue,260.8695652173913,1.1
T5_NC_w4_ND,T5,Cii,NC,4,ND,blue,262.7329192546584,1.2
T5_NC_w4_ND,T5,Cii,NC,4,ND,blue,264.59627329192546,1.2
T5_NC_w4_ND,T5,Cii,NC,4,ND,blue,266.4596273291926,1.1
T5_NC_w4_ND,T5,Cii,NC,4,ND,blue,268.32298136645966,1.1
T5_NC_w4_ND,T5,Cii,NC,4,ND,blue,270.18633540372673,1.0
T5_NC_w4_ND,T5,Cii,NC,4,ND,blue,272.04968944099375,0.95
T5_NC_w4_ND,T5,Cii,NC,4,ND,blue,273.9130434782609,0.85
T5_NC_w4_ND,T5,Cii,NC,4,ND,blue,275.77639751552795,0.8
T5_NC_w4_ND,T5,Cii,NC,4,ND,blue,277.639751552795,0.8
T5_NC_w4_ND,T5,Cii,NC,4,ND,blue,279.5031055900621,0.8
T5_NC_w4_ND,T5,Cii,NC,4,ND,blue,281.3664596273292,0.85
T5_NC_w4_ND,T5,Cii,NC,4,ND,blue,283.2298136645963,0.9
T5_NC_w4_ND,T5,Cii,NC,4,ND,blue,285.09316770186336,0.9
T5_NC_w4_ND,T5,Cii,NC,4,ND,blue,286.95652173913044,0.9
T5_NC_w4_ND,T5,Cii,NC,4,ND,blue,288.8198757763975,0.9
T5_NC_w4_ND,T5,Cii,NC,4,ND,blue,290.6832298136646,0.9
T5_NC_w4_ND,T5,Cii,NC,4,ND,blue,292.54658385093165,0.9
T5_NC_w4_ND,T5,Cii,NC,4,ND,blue,294.4099378881988,0.9
T5_NC_w4_ND,T5,Cii,NC,4,ND,blue,296.27329192546586,0.9
T5_NC_w4_ND,T5,Cii,NC,4,ND,blue,298.1366459627329,0.85
T5_NC_w4_ND,T5,Cii,NC,4,ND,blue,300.0,0.8
T5_NC_w4_ND,T5,Cii,NC,4,ND,blue,301.86335403726713,0.75
T5_NC_w4_ND,T5,Cii,NC,4,ND,blue,303.72670807453414,0.7
T5_NC_w4_ND,T5,Cii,NC,4,ND,blue,305.5900621118012,0.7
T5_NC_w4_ND,T5,Cii,NC,4,ND,blue,307.4534161490683,0.7
T5_NC_w4_ND,T5,Cii,NC,4,ND,blue,309.3167701863354,0.7
T5_NC_w4_ND,T5,Cii,NC,4,ND,blue,311.1801242236025,0.8
T5_NC_w4_ND,T5,Cii,NC,4,ND,blue,313.04347826086956,0.85
T5_NC_w4_ND,T5,Cii,NC,4,ND,blue,314.90683229813664,0.9
T5_NC_w4_ND,T5,Cii,NC,4,ND,blue,316.77018633540376,0.9
T5_NC_w4_ND,T5,Cii,NC,4,ND,blue,318.63354037267084,0.9
T5_NC_w4_ND,T5,Cii,NC,4,ND,blue,320.49689440993785,0.85
T5_NC_w4_ND,T5,Cii,NC,4,ND,blue,322.3602484472049,0.8
T5_NC_w4_ND,T5,Cii,NC,4,ND,blue,324.22360248447205,0.7
T5_NC_w4_ND,T5,Cii,NC,4,ND,blue,326.0869565217391,0.6
T5_NC_w4_ND,T5,Cii,NC,4,ND,blue,327.9503105590062,0.55
T5_NC_w4_ND,T5,Cii,NC,4,ND,blue,329.8136645962733,0.45
T5_NC_w4_ND,T5,Cii,NC,4,ND,blue,331.6770186335404,0.35
T5_NC_w4_ND,T5,Cii,NC,4,ND,blue,333.54037267080747,0.35
T5_NC_w4_ND,T5,Cii,NC,4,ND,blue,335.40372670807454,0.35
T5_NC_w4_ND,T5,Cii,NC,4,ND,blue,337.2670807453416,0.45
T5_NC_w4_ND,T5,Cii,NC,4,ND,blue,339.1304347826087,0.55
T5_NC_w4_ND,T5,Cii,NC,4,ND,blue,340.99378881987576,0.6
T5_NC_w4_ND,T5,Cii,NC,4,ND,blue,342.85714285714283,0.7
T5_NC_w4_ND,T5,Cii,NC,4,ND,blue,344.72049689440996,0.7
T5_NC_w4_ND,T5,Cii,NC,4,ND,blue,346.58385093167703,0.75
T5_NC_w4_ND,T5,Cii,NC,4,ND,blue,348.4472049689441,0.85
T5_NC_w4_ND,T5,Cii,NC,4,ND,blue,350.3105590062112,0.9
T5_NC_w4_ND,T5,Cii,NC,4,ND,blue,352.17391304347825,0.95
T5_NC_w4_ND,T5,Cii,NC,4,ND,blue,354.0372670807453,1.0
T5_NC_w4_ND,T5,Cii,NC,4,ND,blue,355.9006211180124,1.0
T5_NC_w4_ND,T5,Cii,NC,4,ND,blue,357.76397515527947,1.0
T5_NC_w4_ND,T5,Cii,NC,4,ND,blue,359.6273291925466,1.0
T5_NC_w4_ND,T5,Cii,NC,4,ND,blue,361.49068322981367,0.9
T5_NC_w4_ND,T5,Cii,NC,4,ND,blue,363.35403726708074,0.85
T5_NC_w4_ND,T5,Cii,NC,4,ND,blue,365.21739130434787,0.75
T5_NC_w4_ND,T5,Cii,NC,4,ND,blue,367.08074534161494,0.7
T5_NC_w4_ND,T5,Cii,NC,4,ND,blue,368.94409937888196,0.7
T5_NC_w4_ND,T5,Cii,NC,4,ND,blue,370.80745341614903,0.65
T5_NC_w4_ND,T5,Cii,NC,4,ND,blue,372.67080745341616,0.6
T5_NC_w4_ND,T5,Cii,NC,4,ND,blue,374.53416149068323,0.6
T5_NC_w4_ND,T5,Cii,NC,4,ND,blue,376.3975155279503,0.5
T5_NC_w4_ND,T5,Cii,NC,4,ND,blue,378.2608695652174,0.45
T5_NC_w4_ND,T5,Cii,NC,4,ND,blue,380.1242236024845,0.3
T5_NC_w4_ND,T5,Cii,NC,4,ND,blue,381.9875776397516,0.15
T5_NC_w4_ND,T5,Cii,NC,4,ND,blue,383.85093167701865,0.05
T5_NC_w4_ND,T5,Cii,NC,4,ND,blue,385.71428571428567,-0.05
T5_NC_w4_ND,T5,Cii,NC,4,ND,blue,387.5776397515528,-0.2
T5_NC_w4_ND,T5,Cii,NC,4,ND,blue,389.44099378881987,-0.3
T5_NC_w4_ND,T5,Cii,NC,4,ND,blue,391.30434782608694,-0.35
T5_NC_w4_ND,T5,Cii,NC,4,ND,blue,393.167701863354,-0.4
T5_NC_w4_ND,T5,Cii,NC,4,ND,blue,395.03105590062114,-0.5
T5_NC_w4_ND,T5,Cii,NC,4,ND,blue,396.8944099378882,-0.55
T5_NC_w4_ND,T5,Cii,NC,4,ND,blue,398.7577639751553,-0.55
T5_NC_w4_ND,T5,Cii,NC,4,ND,blue,400.62111801242236,-0.4
T5_NC_w4_ND,T5,Cii,NC,4,ND,blue,402.48447204968943,-0.3
T5_NC_w4_ND,T5,Cii,NC,4,ND,blue,404.3478260869565,-0.15
T5_NC_w4_ND,T5,Cii,NC,4,ND,blue,406.2111801242236,0.0
T5_NC_w4_ND,T5,Cii,NC,4,ND,blue,408.0745341614907,0.05
T5_NC_w4_ND,T5,Cii,NC,4,ND,blue,409.9378881987578,0.2
T5_NC_w4_ND,T5,Cii,NC,4,ND,blue,411.80124223602485,0.25
T5_NC_w4_ND,T5,Cii,NC,4,ND,blue,413.6645962732919,0.3
T5_NC_w4_ND,T5,Cii,NC,4,ND,blue,415.52795031055905,0.4
T5_NC_w4_ND,T5,Cii,NC,4,ND,blue,417.39130434782606,0.45
T5_NC_w4_ND,T5,Cii,NC,4,ND,blue,419.25465838509314,0.55
T5_NC_w4_ND,T5,Cii,NC,4,ND,blue,421.1180124223602,0.6
T5_NC_w4_ND,T5,Cii,NC,4,ND,blue,422.98136645962734,0.6
T5_NC_w4_ND,T5,Cii,NC,4,ND,blue,424.8447204968944,0.6
T5_NC_w4_ND,T5,Cii,NC,4,ND,blue,426.7080745341615,0.65
T5_NC_w4_ND,T5,Cii,NC,4,ND,blue,428.57142857142856,0.8
T5_NC_w4_ND,T5,Cii,NC,4,ND,blue,430.4347826086957,0.9
T5_NC_w4_ND,T5,Cii,NC,4,ND,blue,432.29813664596276,1.0
T5_NC_w4_ND,T5,Cii,NC,4,ND,blue,434.1614906832298,1.15
T5_NC_w4_ND,T5,Cii,NC,4,ND,blue,436.0248447204969,1.25
T5_NC_w4_ND,T5,Cii,NC,4,ND,blue,437.888198757764,1.3
T5_NC_w4_ND,T5,Cii,NC,4,ND,blue,439.75155279503105,1.3
T5_NC_w4_ND,T5,Cii,NC,4,ND,blue,441.6149068322981,1.3
T5_NC_w4_ND,T5,Cii,NC,4,ND,blue,443.47826086956525,1.45
T5_NC_w4_ND,T5,Cii,NC,4,ND,blue,445.3416149068323,1.565384615384619
T5_NC_w4_ND,T5,Cii,NC,4,ND,blue,447.2049689440994,1.6807692307692321
T5_NC_w4_ND,T5,Cii,NC,4,ND,blue,449.06832298136646,1.7961538461538453
T5_NC_w4_ND,T5,Cii,NC,4,ND,blue,450.93167701863354,1.911538461538464
T5_NC_w4_ND,T5,Cii,NC,4,ND,blue,452.79503105590055,2.0269230769230773
T5_NC_w4_ND,T5,Cii,NC,4,ND,blue,454.6583850931677,2.1423076923076905
T5_NC_w4_ND,T5,Cii,NC,4,ND,blue,456.5217391304348,2.2576923076923094
T5_NC_w4_ND,T5,Cii,NC,4,ND,blue,458.3850931677018,2.3730769230769226
T5_NC_w4_ND,T5,Cii,NC,4,ND,blue,460.24844720496895,2.488461538461536
T5_NC_w4_ND,T5,Cii,NC,4,ND,blue,462.1118012422361,2.603846153846155
T5_NC_w4_ND,T5,Cii,NC,4,ND,blue,463.9751552795031,2.719230769230768
T5_NC_w4_ND,T5,Cii,NC,4,ND,blue,465.8385093167702,2.834615384615381
T5_NC_w4_ND,T5,Cii,NC,4,ND,blue,467.70186335403724,2.95
T5_NC_w4_ND,T5,Cii,NC,4,ND,blue,469.5652173913043,3.65
T5_NC_w4_ND,T5,Cii,NC,4,ND,blue,471.42857142857144,3.75
T5_NC_w4_ND,T5,Cii,NC,4,ND,blue,473.29192546583846,3.8
T5_NC_w4_ND,T5,Cii,NC,4,ND,blue,475.1552795031056,4.0
T5_NC_w4_ND,T5,Cii,NC,4,ND,blue,477.0186335403727,4.2
T5_NC_w4_ND,T5,Cii,NC,4,ND,blue,478.88198757763973,4.55
T5_NC_w4_ND,T5,Cii,NC,4,ND,blue,480.74534161490686,4.8
T5_NC_w4_ND,T5,Cii,NC,4,ND,blue,482.60869565217394,4.814285714285711
T5_NC_w4_ND,T5,Cii,NC,4,ND,blue,484.47204968944095,4.828571428571427
T5_NC_w4_ND,T5,Cii,NC,4,ND,blue,486.3354037267081,4.842857142857144
T5_NC_w4_ND,T5,Cii,NC,4,ND,blue,488.1987577639751,4.857142857142856
T5_NC_w4_ND,T5,Cii,NC,4,ND,blue,490.0621118012422,4.871428571428572
T5_NC_w4_ND,T5,Cii,NC,4,ND,blue,491.92546583850935,4.885714285714289
T5_NC_w4_ND,T5,Cii,NC,4,ND,blue,493.78881987577637,4.9
T5_NC_w4_ND,T5,Cii,NC,4,ND,blue,495.6521739130435,5.0
T5_NC_w4_ND,T5,Cii,NC,4,ND,blue,497.51552795031057,5.05
T5_NC_w4_ND,T5,Cii,NC,4,ND,blue,499.37888198757764,5.05
T5_NC_w4_ND,T5,Cii,NC,4,ND,blue,501.2422360248447,5.2
T5_NC_w4_ND,T5,Cii,NC,4,ND,blue,503.10559006211173,5.45
T5_NC_w4_ND,T5,Cii,NC,4,ND,blue,504.96894409937886,5.7
T5_NC_w4_ND,T5,Cii,NC,4,ND,blue,506.832298136646,5.9
T5_NC_w4_ND,T5,Cii,NC,4,ND,blue,508.695652173913,6.15
T5_NC_w4_ND,T5,Cii,NC,4,ND,blue,510.55900621118013,6.45
T5_NC_w4_ND,T5,Cii,NC,4,ND,blue,512.4223602484473,6.6
T5_NC_w4_ND,T5,Cii,NC,4,ND,blue,514.2857142857142,6.75
T5_NC_w4_ND,T5,Cii,NC,4,ND,blue,516.1490683229814,6.8
T5_NC_w4_ND,T5,Cii,NC,4,ND,blue,518.0124223602485,6.8
T5_NC_w4_ND,T5,Cii,NC,4,ND,blue,519.8757763975156,6.7
T5_NC_w4_ND,T5,Cii,NC,4,ND,blue,521.7391304347826,6.65
T5_NC_w4_ND,T5,Cii,NC,4,ND,blue,523.6024844720497,6.6
T5_NC_w4_ND,T5,Cii,NC,4,ND,blue,525.4658385093168,6.6
T5_NC_w4_ND,T5,Cii,NC,4,ND,blue,527.3291925465838,6.6
T5_NC_w4_ND,T5,Cii,NC,4,ND,blue,529.1925465838509,6.7
T5_NC_w4_ND,T5,Cii,NC,4,ND,blue,531.055900621118,6.7
T5_NC_w4_ND,T5,Cii,NC,4,ND,blue,532.9192546583852,6.7
T5_NC_w4_ND,T5,Cii,NC,4,ND,blue,534.7826086956521,6.7
T5_NC_w4_ND,T5,Cii,NC,4,ND,blue,536.6459627329193,6.9
T5_NC_w4_ND,T5,Cii,NC,4,ND,blue,538.5093167701863,7.05
T5_NC_w4_ND,T5,Cii,NC,4,ND,blue,540.3726708074535,7.15
T5_NC_w4_ND,T5,Cii,NC,4,ND,blue,542.2360248447205,7.3
T5_NC_w4_ND,T5,Cii,NC,4,ND,blue,544.0993788819875,7.45
T5_NC_w4_ND,T5,Cii,NC,4,ND,blue,545.9627329192547,7.55
T5_NC_w4_ND,T5,Cii,NC,4,ND,blue,547.8260869565217,7.65
T5_NC_w4_ND,T5,Cii,NC,4,ND,blue,549.6894409937888,7.65
T5_NC_w4_ND,T5,Cii,NC,4,ND,blue,551.5527950310559,7.7
T5_NC_w4_ND,T5,Cii,NC,4,ND,blue,553.4161490683231,7.7
T5_NC_w4_ND,T5,Cii,NC,4,ND,blue,555.27950310559,7.75
T5_NC_w4_ND,T5,Cii,NC,4,ND,blue,557.1428571428571,7.8
T5_NC_w4_ND,T5,Cii,NC,4,ND,blue,559.0062111801242,7.8
T5_NC_w4_ND,T5,Cii,NC,4,ND,blue,560.8695652173913,7.75
T5_NC_w4_ND,T5,Cii,NC,4,ND,blue,562.7329192546584,7.75
T5_NC_w4_ND,T5,Cii,NC,4,ND,blue,564.5962732919254,7.75
T5_NC_w4_ND,T5,Cii,NC,4,ND,blue,566.4596273291926,7.75
T5_NC_w4_ND,T5,Cii,NC,4,ND,blue,568.3229813664597,7.75
T5_NC_w4_ND,T5,Cii,NC,4,ND,blue,570.1863354037267,7.75
T5_NC_w4_ND,T5,Cii,NC,4,ND,blue,572.0496894409938,7.65
T5_NC_w4_ND,T5,Cii,NC,4,ND,blue,573.9130434782609,7.5
T5_NC_w4_ND,T5,Cii,NC,4,ND,blue,575.776397515528,7.45
T5_NC_w4_ND,T5,Cii,NC,4,ND,blue,577.639751552795,7.35
T5_NC_w4_ND,T5,Cii,NC,4,ND,blue,579.5031055900621,7.2
T5_NC_w4_ND,T5,Cii,NC,4,ND,blue,581.3664596273292,7.1
T5_NC_w4_ND,T5,Cii,NC,4,ND,blue,583.2298136645963,7.1
T5_NC_w4_ND,T5,Cii,NC,4,ND,blue,585.0931677018633,7.1
T5_NC_w4_ND,T5,Cii,NC,4,ND,blue,586.9565217391305,7.1
T5_NC_w4_ND,T5,Cii,NC,4,ND,blue,588.8198757763976,7.1
T5_NC_w4_ND,T5,Cii,NC,4,ND,blue,590.6832298136645,7.2
T5_NC_w4_ND,T5,Cii,NC,4,ND,blue,592.5465838509317,7.25
T5_NC_w4_ND,T5,Cii,NC,4,ND,blue,594.4099378881987,7.35
T5_NC_w4_ND,T5,Cii,NC,4,ND,blue,596.2732919254659,7.4
T5_NC_w4_ND,T5,Cii,NC,4,ND,blue,598.1366459627329,7.4
T5_NC_w4_ND,T5,Cii,NC,4,ND,blue,600.0,7.4
T5_NC_w4_ND,T5,Cii,NC,4,ND,blue,601.8633540372671,7.5
T5_NC_w4_ND,T5,Cii,NC,4,ND,blue,603.7267080745343,7.5
T5_NC_w4_ND,T5,Cii,NC,4,ND,blue,605.5900621118012,7.4
T5_NC_w4_ND,T5,Cii,NC,4,ND,blue,607.4534161490683,7.2
T5_NC_w4_ND,T5,Cii,NC,4,ND,blue,609.3167701863354,7.05
T5_NC_w4_ND,T5,Cii,NC,4,ND,blue,611.1801242236024,6.9
T5_NC_w4_ND,T5,Cii,NC,4,ND,blue,613.0434782608696,6.7
T5_NC_w4_ND,T5,Cii,NC,4,ND,blue,614.9068322981366,6.55
T5_NC_w4_ND,T5,Cii,NC,4,ND,blue,616.7701863354038,6.45
T5_NC_w4_ND,T5,Cii,NC,4,ND,blue,618.6335403726708,6.3
T5_NC_w4_ND,T5,Cii,NC,4,ND,blue,620.4968944099379,6.2
T5_NC_w4_ND,T5,Cii,NC,4,ND,blue,622.360248447205,5.95
T5_NC_w4_ND,T5,Cii,NC,4,ND,blue,624.223602484472,5.8
T5_NC_w4_ND,T5,Cii,NC,4,ND,blue,626.0869565217391,5.6
T5_NC_w4_ND,T5,Cii,NC,4,ND,blue,627.9503105590062,5.45
T5_NC_w4_ND,T5,Cii,NC,4,ND,blue,629.8136645962733,5.25
T5_NC_w4_ND,T5,Cii,NC,4,ND,blue,631.6770186335403,5.2
T5_NC_w4_ND,T5,Cii,NC,4,ND,blue,633.5403726708075,5.2
T5_NC_w4_ND,T5,Cii,NC,4,ND,blue,635.4037267080745,5.2
T5_NC_w4_ND,T5,Cii,NC,4,ND,blue,637.2670807453417,5.15
T5_NC_w4_ND,T5,Cii,NC,4,ND,blue,639.1304347826087,5.1
T5_NC_w4_ND,T5,Cii,NC,4,ND,blue,640.9937888198757,4.95
T5_NC_w4_ND,T5,Cii,NC,4,ND,blue,642.8571428571429,4.85
T5_NC_w4_ND,T5,Cii,NC,4,ND,blue,644.7204968944098,4.65
T5_NC_w4_ND,T5,Cii,NC,4,ND,blue,646.583850931677,4.45
T5_NC_w4_ND,T5,Cii,NC,4,ND,blue,648.4472049689441,4.25
T5_NC_w4_ND,T5,Cii,NC,4,ND,blue,650.3105590062112,4.15
T5_NC_w4_ND,T5,Cii,NC,4,ND,blue,652.1739130434783,4.05
T5_NC_w4_ND,T5,Cii,NC,4,ND,blue,654.0372670807453,4.05
T5_NC_w4_ND,T5,Cii,NC,4,ND,blue,655.9006211180124,4.15
T5_NC_w4_ND,T5,Cii,NC,4,ND,blue,657.7639751552795,4.2
T5_NC_w4_ND,T5,Cii,NC,4,ND,blue,659.6273291925467,4.25
T5_NC_w4_ND,T5,Cii,NC,4,ND,blue,661.4906832298136,4.35
T5_NC_w4_ND,T5,Cii,NC,4,ND,blue,663.3540372670808,4.35
T5_NC_w4_ND,T5,Cii,NC,4,ND,blue,665.2173913043478,4.25
T5_NC_w4_ND,T5,Cii,NC,4,ND,blue,667.0807453416149,4.15
T5_NC_w4_ND,T5,Cii,NC,4,ND,blue,668.944099378882,4.05
T5_NC_w4_ND,T5,Cii,NC,4,ND,blue,670.8074534161491,3.95
T5_NC_w4_ND,T5,Cii,NC,4,ND,blue,672.6708074534162,3.85
T5_NC_w4_ND,T5,Cii,NC,4,ND,blue,674.5341614906832,3.75
T5_NC_w4_ND,T5,Cii,NC,4,ND,blue,676.3975155279503,3.65
T5_NC_w4_ND,T5,Cii,NC,4,ND,blue,678.2608695652174,3.55
T5_NC_w4_ND,T5,Cii,NC,4,ND,blue,680.1242236024844,3.5
T5_NC_w4_ND,T5,Cii,NC,4,ND,blue,681.9875776397515,3.5
T5_NC_w4_ND,T5,Cii,NC,4,ND,blue,683.8509316770187,3.4
T5_NC_w4_ND,T5,Cii,NC,4,ND,blue,685.7142857142857,3.4
T5_NC_w4_ND,T5,Cii,NC,4,ND,blue,687.5776397515527,3.4
T5_NC_w4_ND,T5,Cii,NC,4,ND,blue,689.4409937888199,3.4
T5_NC_w4_ND,T5,Cii,NC,4,ND,blue,691.3043478260869,3.45
T5_NC_w4_ND,T5,Cii,NC,4,ND,blue,693.1677018633541,3.45
T5_NC_w4_ND,T5,Cii,NC,4,ND,blue,695.0310559006211,3.55
T5_NC_w4_ND,T5,Cii,NC,4,ND,blue,696.8944099378882,3.6
T5_NC_w4_ND,T5,Cii,NC,4,ND,blue,698.7577639751553,3.6
T5_NC_w4_ND,T5,Cii,NC,4,ND,blue,700.6211180124224,3.6
T5_NC_w4_ND,T5,Cii,NC,4,ND,blue,702.4844720496894,3.6
T5_NC_w4_ND,T5,Cii,NC,4,ND,blue,704.3478260869565,3.55
T5_NC_w4_ND,T5,Cii,NC,4,ND,blue,706.2111801242236,3.5
T5_NC_w4_ND,T5,Cii,NC,4,ND,blue,708.0745341614906,3.4
T5_NC_w4_ND,T5,Cii,NC,4,ND,blue,709.9378881987578,3.3
T5_NC_w4_ND,T5,Cii,NC,4,ND,blue,711.8012422360248,3.25
T5_NC_w4_ND,T5,Cii,NC,4,ND,blue,713.664596273292,3.2
T5_NC_w4_ND,T5,Cii,NC,4,ND,blue,715.5279503105589,3.1
T5_NC_w4_ND,T5,Cii,NC,4,ND,blue,717.3913043478261,3.0
T5_NC_w4_ND,T5,Cii,NC,4,ND,blue,719.2546583850932,2.9
T5_NC_w4_ND,T5,Cii,NC,4,ND,blue,721.1180124223603,2.9
T5_NC_w4_ND,T5,Cii,NC,4,ND,blue,722.9813664596273,2.85
T5_NC_w4_ND,T5,Cii,NC,4,ND,blue,724.8447204968944,2.8
T5_NC_w4_ND,T5,Cii,NC,4,ND,blue,726.7080745341615,2.7
T5_NC_w4_ND,T5,Cii,NC,4,ND,blue,728.5714285714286,2.5
T5_NC_w4_ND,T5,Cii,NC,4,ND,blue,730.4347826086957,2.45
T5_NC_w4_ND,T5,Cii,NC,4,ND,blue,732.2981366459627,2.35
T5_NC_w4_ND,T5,Cii,NC,4,ND,blue,734.1614906832299,2.25
T5_NC_w4_ND,T5,Cii,NC,4,ND,blue,736.0248447204968,2.2
T5_NC_w4_ND,T5,Cii,NC,4,ND,blue,737.8881987577639,2.15
T5_NC_w4_ND,T5,Cii,NC,4,ND,blue,739.7515527950311,2.1
T5_NC_w4_ND,T5,Cii,NC,4,ND,blue,741.6149068322981,2.05
T5_NC_w4_ND,T5,Cii,NC,4,ND,blue,743.4782608695652,1.95
T5_NC_w4_ND,T5,Cii,NC,4,ND,blue,745.3416149068323,1.95
T5_NC_w4_ND,T5,Cii,NC,4,ND,blue,747.2049689440994,1.85
T5_NC_w4_ND,T5,Cii,NC,4,ND,blue,749.0683229813665,1.8
T5_NC_w4_ND,T5,Cii,NC,4,ND,blue,750.9316770186335,1.65
T5_NC_w4_ND,T5,Cii,NC,4,ND,blue,752.7950310559006,1.55
T5_NC_w4_ND,T5,Cii,NC,4,ND,blue,754.6583850931677,1.45
T5_NC_w4_ND,T5,Cii,NC,4,ND,blue,756.5217391304348,1.4
T5_NC_w4_ND,T5,Cii,NC,4,ND,blue,758.3850931677018,1.35
T5_NC_w4_ND,T5,Cii,NC,4,ND,blue,760.248447204969,1.333333333333337
T5_NC_w4_ND,T5,Cii,NC,4,ND,blue,762.111801242236,1.3166666666666629
T5_NC_w4_ND,T5,Cii,NC,4,ND,blue,763.9751552795032,1.3
T5_NC_w4_ND,T5,Cii,NC,4,ND,blue,765.8385093167702,1.2833333333333372
T5_NC_w4_ND,T5,Cii,NC,4,ND,blue,767.7018633540373,1.2666666666666628
T5_NC_w4_ND,T5,Cii,NC,4,ND,blue,769.5652173913044,1.2666666666666628
T5_NC_w4_ND,T5,Cii,NC,4,ND,blue,771.4285714285713,1.25
T5_NC_w4_ND,T5,Cii,NC,4,ND,blue,773.2919254658385,1.25
T5_NC_w4_ND,T5,Cii,NC,4,ND,blue,775.1552795031056,1.25
T5_NC_w4_ND,T5,Cii,NC,4,ND,blue,777.0186335403727,1.2
T5_NC_w4_ND,T5,Cii,NC,4,ND,blue,778.8819875776397,1.2
T5_NC_w4_ND,T5,Cii,NC,4,ND,blue,780.7453416149069,1.2
T5_NC_w4_ND,T5,Cii,NC,4,ND,blue,782.6086956521739,1.2285714285714278
T5_NC_w4_ND,T5,Cii,NC,4,ND,blue,784.4720496894411,1.2571428571428556
T5_NC_w4_ND,T5,Cii,NC,4,ND,blue,786.335403726708,1.285714285714289
T5_NC_w4_ND,T5,Cii,NC,4,ND,blue,788.1987577639751,1.314285714285711
T5_NC_w4_ND,T5,Cii,NC,4,ND,blue,790.0621118012423,1.3428571428571445
T5_NC_w4_ND,T5,Cii,NC,4,ND,blue,791.9254658385092,1.3714285714285723
T5_NC_w4_ND,T5,Cii,NC,4,ND,blue,793.7888198757764,1.4
T5_NC_w4_ND,T5,Cii,NC,4,ND,blue,795.6521739130435,1.45
T5_NC_w4_ND,T5,Cii,NC,4,ND,blue,797.5155279503106,1.5
T5_NC_w4_ND,T5,Cii,NC,4,ND,blue,799.3788819875776,1.5
T5_NC_w4_ND,T5,Cii,NC,4,ND,blue,801.2422360248447,1.45
T5_NC_w4_ND,T5,Cii,NC,4,ND,blue,803.1055900621118,1.45
T5_NC_w4_ND,T5,Cii,NC,4,ND,blue,804.9689440993789,1.45
T5_NC_w4_ND,T5,Cii,NC,4,ND,blue,806.8322981366459,1.45
T5_NC_w4_ND,T5,Cii,NC,4,ND,blue,808.695652173913,1.45
T5_NC_w4_ND,T5,Cii,NC,4,ND,blue,810.5590062111802,1.45
T5_NC_w4_ND,T5,Cii,NC,4,ND,blue,812.4223602484471,1.375
T5_NC_w4_ND,T5,Cii,NC,4,ND,blue,814.2857142857143,1.3
T5_NC_w4_ND,T5,Cii,NC,4,ND,blue,816.1490683229814,1.225
T5_NC_w4_ND,T5,Cii,NC,4,ND,blue,818.0124223602485,1.15
T5_NC_w4_ND,T5,Cii,NC,4,ND,blue,819.8757763975156,1.075
T5_NC_w4_ND,T5,Cii,NC,4,ND,blue,821.7391304347825,1.0
T5_NC_w4_ND,T5,Cii,NC,4,ND,blue,823.6024844720497,0.925
T5_NC_w4_ND,T5,Cii,NC,4,ND,blue,825.4658385093168,0.85
T5_NC_w4_ND,T5,Cii,NC,4,ND,blue,827.3291925465838,0.75
T5_NC_w4_ND,T5,Cii,NC,4,ND,blue,829.1925465838509,0.75
T5_NC_w4_ND,T5,Cii,NC,4,ND,blue,831.0559006211181,0.7
T5_NC_w4_ND,T5,Cii,NC,4,ND,blue,832.9192546583851,0.7
T5_NC_w4_ND,T5,Cii,NC,4,ND,blue,834.7826086956521,0.6
T5_NC_w4_ND,T5,Cii,NC,4,ND,blue,836.6459627329193,0.6
T5_NC_w4_ND,T5,Cii,NC,4,ND,blue,838.5093167701863,0.6
T5_NC_w4_ND,T5,Cii,NC,4,ND,blue,840.3726708074535,0.6
T5_NC_w4_ND,T5,Cii,NC,4,ND,blue,842.2360248447204,0.55
T5_NC_w4_ND,T5,Cii,NC,4,ND,blue,844.0993788819876,0.45
T5_NC_w4_ND,T5,Cii,NC,4,ND,blue,845.9627329192547,0.45
T5_NC_w4_ND,T5,Cii,NC,4,ND,blue,847.8260869565217,0.45
T5_NC_w4_ND,T5,Cii,NC,4,ND,blue,849.6894409937888,0.45
T5_NC_w4_ND,T5,Cii,NC,4,ND,blue,851.5527950310559,0.45
T5_NC_w4_ND,T5,Cii,NC,4,ND,blue,853.416149068323,0.225
T5_NC_w4_ND,T5,Cii,NC,4,ND,blue,855.27950310559,0.0
T5_NC_w4_ND,T5,Cii,NC,4,ND,blue,857.1428571428571,-0.225
T5_NC_w4_ND,T5,Cii,NC,4,ND,blue,859.0062111801242,-0.39285714285714446
T5_NC_w4_ND,T5,Cii,NC,4,ND,blue,860.8695652173914,-0.39285714285714446
T5_NC_w4_ND,T5,Cii,NC,4,ND,blue,862.7329192546583,-0.33571428571428896
T5_NC_w4_ND,T5,Cii,NC,4,ND,blue,864.5962732919255,-0.27857142857142775
T5_NC_w4_ND,T5,Cii,NC,4,ND,blue,866.4596273291926,-0.22142857142857225
T5_NC_w4_ND,T5,Cii,NC,4,ND,blue,868.3229813664595,-0.16428571428571104
T5_NC_w4_ND,T5,Cii,NC,4,ND,blue,870.1863354037267,-0.10714285714285551
T5_NC_w4_ND,T5,Cii,NC,4,ND,blue,872.0496894409938,-0.05
T5_NC_w4_ND,T5,Cii,NC,4,ND,blue,873.9130434782609,-0.05
T5_NC_w4_ND,T5,Cii,NC,4,ND,blue,875.776397515528,-0.05
T5_NC_w4_ND,T5,Cii,NC,4,ND,blue,877.639751552795,-0.05
T5_NC_w4_ND,T5,Cii,NC,4,ND,blue,879.5031055900621,-0.05
T5_NC_w4_ND,T5,Cii,NC,4,ND,blue,881.3664596273293,-0.05
T5_NC_w4_ND,T5,Cii,NC,4,ND,blue,883.2298136645962,0.0
T5_NC_w4_ND,T5,Cii,NC,4,ND,blue,885.0931677018633,0.05
T5_NC_w4_ND,T5,Cii,NC,4,ND,blue,886.9565217391305,0.1
T5_NC_w4_ND,T5,Cii,NC,4,ND,blue,888.8198757763975,0.1
T5_NC_w4_ND,T5,Cii,NC,4,ND,blue,890.6832298136646,0.15
T5_NC_w4_ND,T5,Cii,NC,4,ND,blue,892.5465838509316,0.2
T5_NC_w4_ND,T5,Cii,NC,4,ND,blue,894.4099378881988,0.25
T5_NC_w4_ND,T5,Cii,NC,4,ND,blue,896.2732919254659,0.25
T5_NC_w4_ND,T5,Cii,NC,4,ND,blue,898.1366459627329,0.2
T5_NC_w4_ND,T5,Cii,NC,4,ND,blue,900.0,0.2
