trace_id,cell_type,contrast,position,rf_side,color,time_ms,vm_mv
T4_PC_pos-6,T4,PC,-6,leading,green,-355.000000,0.000000
T4_PC_pos-6,T4,PC,-6,leading,green,-350.000000,0.000000
T4_PC_pos-6,T4,PC,-6,leading,green,-345.000000,0.000000
T4_PC_pos-6,T4,PC,-6,leading,green,-340.000000,0.000000
T4_PC_pos-6,T4,PC,-6,leading,green,-335.000000,0.000000
T4_PC_pos-6,T4,PC,-6,leading,green,-330.000000,0.000000
T4_PC_pos-6,T4,PC,-6,leading,green,-325.000000,0.000000
T4_PC_pos-6,T4,PC,-6,leading,green,-320.000000,0.000000
T4_PC_pos-6,T4,PC,-6,leading,green,-315.000000,0.000000
T4_PC_pos-6,T4,PC,-6,leading,green,-310.000000,0.000000
T4_PC_pos-6,T4,PC,-6,leading,green,-305.000000,0.000000
T4_PC_pos-6,T4,PC,-6,leading,green,-300.000000,0.000000
T4_PC_pos-6,T4,PC,-6,leading,green,-295.000000,0.000000
T4_PC_pos-6,T4,PC,-6,leading,green,-290.000000,0.000000
T4_PC_pos-6,T4,PC,-6,leading,green,-285.000000,0.000000
T4_PC_pos-6,T4,PC,-6,leading,green,-280.000000,0.000000
T4_PC_pos-6,T4,PC,-6,leading,green,-275.000000,0.000000
T4_PC_pos-6,T4,PC,-6,leading,green,-270.000000,0.000000
T4_PC_pos-6,T4,PC,-6,leading,green,-265.000000,0.000000
T4_PC_pos-6,T4,PC,-6,leading,green,-260.000000,0.000000
T4_PC_pos-6,T4,PC,-6,leading,green,-255.000000,0.000000
T4_PC_pos-6,T4,PC,-6,leading,green,-250.000000,0.000000
T4_PC_pos-6,T4,PC,-6,leading,green,-245.000000,0.000000
T4_PC_pos-6,T4,PC,-6,leading,green,-240.000000,0.000000
T4_PC_pos-6,T4,PC,-6,leading,green,-235.000000,0.000000
T4_PC_pos-6,T4,PC,-6,leading,green,-230.000000,0.000000
T4_PC_pos-6,T4,PC,-6,leading,green,-225.000000,0.000000
T4_PC_pos-6,T4,PC,-6,leading,green,-220.000000,0.000000
T4_PC_pos-6,T4,PC,-6,leading,green,-215.000000,0.000000
T4_PC_pos-6,T4,PC,-6,leading,green,-210.000000,0.000000
T4_PC_pos-6,T4,PC,-6,leading,green,-205.000000,0.000000
T4_PC_pos-6,T4,PC,-6,leading,green,-200.000000,-0.023148
T4_PC_pos-6,T4,PC,-6,leading,green,-195.000000,-0.092593
T4_PC_pos-6,T4,PC,-6,leading,green,-190.000000,-0.092593
T4_PC_pos-6,T4,PC,-6,leading,green,-185.000000,0.160590
T4_PC_pos-6,T4,PC,-6,leading,green,-180.000000,0.260417
T4_PC_pos-6,T4,PC,-6,leading,green,-175.000000,0.299479
T4_PC_pos-6,T4,PC,-6,leading,green,-170.000000,0.324074
T4_PC_pos-6,T4,PC,-6,leading,green,-165.000000,0.324074
T4_PC_pos-6,T4,PC,-6,leading,green,-160.000000,0.324074
T4_PC_pos-6,T4,PC,-6,leading,green,-155.000000,0.167824
T4_PC_pos-6,T4,PC,-6,leading,green,-150.000000,0.138889
T4_PC_pos-6,T4,PC,-6,leading,green,-145.000000,0.114294
T4_PC_pos-6,T4,PC,-6,leading,green,-140.000000,0.092593
T4_PC_pos-6,T4,PC,-6,leading,green,-135.000000,0.092593
T4_PC_pos-6,T4,PC,-6,leading,green,-130.000000,0.095486
T4_PC_pos-6,T4,PC,-6,leading,green,-125.000000,0.134549
T4_PC_pos-6,T4,PC,-6,leading,green,-120.000000,0.173611
T4_PC_pos-6,T4,PC,-6,leading,green,-115.000000,0.157697
T4_PC_pos-6,T4,PC,-6,leading,green,-110.000000,0.088252
T4_PC_pos-6,T4,PC,-6,leading,green,-105.000000,-0.022425
T4_PC_pos-6,T4,PC,-6,leading,green,-100.000000,-0.138889
T4_PC_pos-6,T4,PC,-6,leading,green,-95.000000,-0.138889
T4_PC_pos-6,T4,PC,-6,leading,green,-90.000000,-0.082465
T4_PC_pos-6,T4,PC,-6,leading,green,-85.000000,-0.023872
T4_PC_pos-6,T4,PC,-6,leading,green,-80.000000,0.034722
T4_PC_pos-6,T4,PC,-6,leading,green,-75.000000,0.069444
T4_PC_pos-6,T4,PC,-6,leading,green,-70.000000,0.056424
T4_PC_pos-6,T4,PC,-6,leading,green,-65.000000,-0.004340
T4_PC_pos-6,T4,PC,-6,leading,green,-60.000000,-0.121528
T4_PC_pos-6,T4,PC,-6,leading,green,-55.000000,-0.138889
T4_PC_pos-6,T4,PC,-6,leading,green,-50.000000,-0.138889
T4_PC_pos-6,T4,PC,-6,leading,green,-45.000000,-0.151427
T4_PC_pos-6,T4,PC,-6,leading,green,-40.000000,-0.177469
T4_PC_pos-6,T4,PC,-6,leading,green,-35.000000,-0.200617
T4_PC_pos-6,T4,PC,-6,leading,green,-30.000000,-0.200617
T4_PC_pos-6,T4,PC,-6,leading,green,-25.000000,0.064622
T4_PC_pos-6,T4,PC,-6,leading,green,-20.000000,0.138889
T4_PC_pos-6,T4,PC,-6,leading,green,-15.000000,0.112847
T4_PC_pos-6,T4,PC,-6,leading,green,-10.000000,0.065972
T4_PC_pos-6,T4,PC,-6,leading,green,-5.000000,0.019097
T4_PC_pos-6,T4,PC,-6,leading,green,0.000000,-0.027778
T4_PC_pos-6,T4,PC,-6,leading,green,5.000000,-0.074653
T4_PC_pos-6,T4,PC,-6,leading,green,10.000000,-0.083333
T4_PC_pos-6,T4,PC,-6,leading,green,15.000000,-0.063657
T4_PC_pos-6,T4,PC,-6,leading,green,20.000000,-0.028935
T4_PC_pos-6,T4,PC,-6,leading,green,25.000000,0.000000
T4_PC_pos-6,T4,PC,-6,leading,green,30.000000,0.004340
T4_PC_pos-6,T4,PC,-6,leading,green,35.000000,0.062934
T4_PC_pos-6,T4,PC,-6,leading,green,40.000000,0.121528
T4_PC_pos-6,T4,PC,-6,leading,green,45.000000,0.523727
T4_PC_pos-6,T4,PC,-6,leading,green,50.000000,0.888310
T4_PC_pos-6,T4,PC,-6,leading,green,55.000000,1.031539
T4_PC_pos-6,T4,PC,-6,leading,green,60.000000,1.105324
T4_PC_pos-6,T4,PC,-6,leading,green,65.000000,1.378762
T4_PC_pos-6,T4,PC,-6,leading,green,70.000000,1.576968
T4_PC_pos-6,T4,PC,-6,leading,green,75.000000,1.741898
T4_PC_pos-6,T4,PC,-6,leading,green,80.000000,1.944444
T4_PC_pos-6,T4,PC,-6,leading,green,85.000000,2.131076
T4_PC_pos-6,T4,PC,-6,leading,green,90.000000,2.274306
T4_PC_pos-6,T4,PC,-6,leading,green,95.000000,2.508681
T4_PC_pos-6,T4,PC,-6,leading,green,100.000000,2.743056
T4_PC_pos-6,T4,PC,-6,leading,green,105.000000,2.977431
T4_PC_pos-6,T4,PC,-6,leading,green,110.000000,3.185764
T4_PC_pos-6,T4,PC,-6,leading,green,115.000000,3.399884
T4_PC_pos-6,T4,PC,-6,leading,green,120.000000,3.599537
T4_PC_pos-6,T4,PC,-6,leading,green,125.000000,3.721065
T4_PC_pos-6,T4,PC,-6,leading,green,130.000000,3.877315
T4_PC_pos-6,T4,PC,-6,leading,green,135.000000,3.997396
T4_PC_pos-6,T4,PC,-6,leading,green,140.000000,4.114583
T4_PC_pos-6,T4,PC,-6,leading,green,145.000000,4.231771
T4_PC_pos-6,T4,PC,-6,leading,green,150.000000,4.359809
T4_PC_pos-6,T4,PC,-6,leading,green,155.000000,4.506293
T4_PC_pos-6,T4,PC,-6,leading,green,160.000000,4.652778
T4_PC_pos-6,T4,PC,-6,leading,green,165.000000,4.799262
T4_PC_pos-6,T4,PC,-6,leading,green,170.000000,4.945747
T4_PC_pos-6,T4,PC,-6,leading,green,175.000000,5.049190
T4_PC_pos-6,T4,PC,-6,leading,green,180.000000,5.144676
T4_PC_pos-6,T4,PC,-6,leading,green,185.000000,5.231481
T4_PC_pos-6,T4,PC,-6,leading,green,190.000000,5.219907
T4_PC_pos-6,T4,PC,-6,leading,green,195.000000,5.063657
T4_PC_pos-6,T4,PC,-6,leading,green,200.000000,4.872685
T4_PC_pos-6,T4,PC,-6,leading,green,205.000000,4.649884
T4_PC_pos-6,T4,PC,-6,leading,green,210.000000,4.375000
T4_PC_pos-6,T4,PC,-6,leading,green,215.000000,4.075521
T4_PC_pos-6,T4,PC,-6,leading,green,220.000000,3.796296
T4_PC_pos-6,T4,PC,-6,leading,green,225.000000,3.483796
T4_PC_pos-6,T4,PC,-6,leading,green,230.000000,3.208912
T4_PC_pos-6,T4,PC,-6,leading,green,235.000000,2.935475
T4_PC_pos-6,T4,PC,-6,leading,green,240.000000,2.777778
T4_PC_pos-6,T4,PC,-6,leading,green,245.000000,2.683738
T4_PC_pos-6,T4,PC,-6,leading,green,250.000000,2.549190
T4_PC_pos-6,T4,PC,-6,leading,green,255.000000,2.356771
T4_PC_pos-6,T4,PC,-6,leading,green,260.000000,2.239583
T4_PC_pos-6,T4,PC,-6,leading,green,265.000000,2.155671
T4_PC_pos-6,T4,PC,-6,leading,green,270.000000,2.051505
T4_PC_pos-6,T4,PC,-6,leading,green,275.000000,1.953125
T4_PC_pos-6,T4,PC,-6,leading,green,280.000000,1.736111
T4_PC_pos-6,T4,PC,-6,leading,green,285.000000,1.241319
T4_PC_pos-6,T4,PC,-6,leading,green,290.000000,1.163194
T4_PC_pos-6,T4,PC,-6,leading,green,295.000000,1.157407
T4_PC_pos-6,T4,PC,-6,leading,green,300.000000,1.157407
T4_PC_pos-6,T4,PC,-6,leading,green,305.000000,1.157407
T4_PC_pos-6,T4,PC,-6,leading,green,310.000000,1.157407
T4_PC_pos-6,T4,PC,-6,leading,green,315.000000,1.157407
T4_PC_pos-6,T4,PC,-6,leading,green,320.000000,1.157407
T4_PC_pos-6,T4,PC,-6,leading,green,325.000000,1.079282
T4_PC_pos-6,T4,PC,-6,leading,green,330.000000,0.746528
T4_PC_pos-6,T4,PC,-6,leading,green,335.000000,0.577257
T4_PC_pos-6,T4,PC,-6,leading,green,340.000000,0.555556
T4_PC_pos-6,T4,PC,-6,leading,green,345.000000,0.525174
T4_PC_pos-6,T4,PC,-6,leading,green,350.000000,0.416667
T4_PC_pos-6,T4,PC,-6,leading,green,355.000000,0.416667
T4_PC_pos-6,T4,PC,-6,leading,green,360.000000,0.312500
T4_PC_pos-6,T4,PC,-6,leading,green,365.000000,0.250289
T4_PC_pos-6,T4,PC,-6,leading,green,370.000000,0.211227
T4_PC_pos-6,T4,PC,-6,leading,green,375.000000,0.159144
T4_PC_pos-6,T4,PC,-6,leading,green,380.000000,0.092593
T4_PC_pos-6,T4,PC,-6,leading,green,385.000000,0.092593
T4_PC_pos-6,T4,PC,-6,leading,green,390.000000,0.092593
T4_PC_pos-6,T4,PC,-6,leading,green,395.000000,0.062211
T4_PC_pos-6,T4,PC,-6,leading,green,400.000000,0.046296
T4_PC_pos-6,T4,PC,-6,leading,green,405.000000,0.046296
T4_PC_pos-6,T4,PC,-6,leading,green,410.000000,0.054977
T4_PC_pos-6,T4,PC,-6,leading,green,415.000000,0.094039
T4_PC_pos-6,T4,PC,-6,leading,green,420.000000,0.133102
T4_PC_pos-6,T4,PC,-6,leading,green,425.000000,0.205440
T4_PC_pos-6,T4,PC,-6,leading,green,430.000000,0.231481
T4_PC_pos-6,T4,PC,-6,leading,green,435.000000,0.269097
T4_PC_pos-6,T4,PC,-6,leading,green,440.000000,0.324074
T4_PC_pos-6,T4,PC,-6,leading,green,445.000000,0.324074
T4_PC_pos-6,T4,PC,-6,leading,green,450.000000,0.324074
T4_PC_pos-6,T4,PC,-6,leading,green,455.000000,0.324074
T4_PC_pos-6,T4,PC,-6,leading,green,460.000000,0.353009
T4_PC_pos-6,T4,PC,-6,leading,green,465.000000,0.370370
T4_PC_pos-6,T4,PC,-6,leading,green,470.000000,0.370370
T4_PC_pos-6,T4,PC,-6,leading,green,475.000000,0.370370
T4_PC_pos-6,T4,PC,-6,leading,green,480.000000,0.370370
T4_PC_pos-6,T4,PC,-6,leading,green,485.000000,0.292245
T4_PC_pos-6,T4,PC,-6,leading,green,490.000000,0.245949
T4_PC_pos-6,T4,PC,-6,leading,green,495.000000,0.182292
T4_PC_pos-6,T4,PC,-6,leading,green,500.000000,0.104167
T4_PC_pos-6,T4,PC,-6,leading,green,505.000000,0.046296
T4_PC_pos-6,T4,PC,-6,leading,green,510.000000,0.040509
T4_PC_pos-6,T4,PC,-6,leading,green,515.000000,-0.037616
T4_PC_pos-6,T4,PC,-6,leading,green,520.000000,-0.081019
T4_PC_pos-6,T4,PC,-6,leading,green,525.000000,-0.120081
T4_PC_pos-6,T4,PC,-6,leading,green,530.000000,-0.138889
T4_PC_pos-6,T4,PC,-6,leading,green,535.000000,-0.034722
T4_PC_pos-6,T4,PC,-6,leading,green,540.000000,0.231481
T4_PC_pos-6,T4,PC,-6,leading,green,545.000000,0.231481
T4_PC_pos-6,T4,PC,-6,leading,green,550.000000,0.231481
T4_PC_pos-6,T4,PC,-6,leading,green,555.000000,0.231481
T4_PC_pos-6,T4,PC,-6,leading,green,560.000000,0.300926
T4_PC_pos-6,T4,PC,-6,leading,green,565.000000,0.434028
T4_PC_pos-6,T4,PC,-6,leading,green,570.000000,0.555556
T4_PC_pos-6,T4,PC,-6,leading,green,575.000000,0.554109
T4_PC_pos-6,T4,PC,-6,leading,green,580.000000,0.515046
T4_PC_pos-6,T4,PC,-6,leading,green,585.000000,0.509259
T4_PC_pos-6,T4,PC,-6,leading,green,590.000000,0.535301
T4_PC_pos-6,T4,PC,-6,leading,green,595.000000,0.555556
T4_PC_pos-6,T4,PC,-6,leading,green,600.000000,0.555556
T4_PC_pos-6,T4,PC,-6,leading,green,605.000000,0.546875
T4_PC_pos-6,T4,PC,-6,leading,green,610.000000,0.468750
T4_PC_pos-6,T4,PC,-6,leading,green,615.000000,0.354456
T4_PC_pos-6,T4,PC,-6,leading,green,620.000000,0.266204
T4_PC_pos-6,T4,PC,-6,leading,green,625.000000,0.188079
T4_PC_pos-6,T4,PC,-6,leading,green,630.000000,0.138889
T4_PC_pos-6,T4,PC,-6,leading,green,635.000000,0.124421
T4_PC_pos-6,T4,PC,-6,leading,green,640.000000,0.046296
T4_PC_pos-6,T4,PC,-6,leading,green,645.000000,0.046296
T4_PC_pos-6,T4,PC,-6,leading,green,650.000000,0.046296
T4_PC_pos-6,T4,PC,-6,leading,green,655.000000,0.021701
T4_PC_pos-6,T4,PC,-6,leading,green,660.000000,-0.052083
T4_PC_pos-6,T4,PC,-6,leading,green,665.000000,-0.138889
T4_PC_pos-6,T4,PC,-6,leading,green,670.000000,-0.138889
T4_PC_pos-6,T4,PC,-6,leading,green,675.000000,-0.138889
T4_PC_pos-6,T4,PC,-6,leading,green,680.000000,-0.104167
T4_PC_pos-6,T4,PC,-6,leading,green,685.000000,-0.037616
T4_PC_pos-6,T4,PC,-6,leading,green,690.000000,0.040509
T4_PC_pos-6,T4,PC,-6,leading,green,695.000000,0.092593
T4_PC_pos-6,T4,PC,-6,leading,green,700.000000,0.092593
T4_PC_pos-6,T4,PC,-6,leading,green,705.000000,0.092593
T4_PC_pos-6,T4,PC,-6,leading,green,710.000000,0.130208
T4_PC_pos-6,T4,PC,-6,leading,green,715.000000,0.169271
T4_PC_pos-6,T4,PC,-6,leading,green,720.000000,0.231481
T4_PC_pos-6,T4,PC,-6,leading,green,725.000000,0.277778
T4_PC_pos-6,T4,PC,-6,leading,green,730.000000,0.277778
T4_PC_pos-6,T4,PC,-6,leading,green,735.000000,0.279225
T4_PC_pos-6,T4,PC,-6,leading,green,740.000000,0.318287
T4_NC_pos-6,T4,NC,-6,leading,black,-355.000000,0.000000
T4_NC_pos-6,T4,NC,-6,leading,black,-350.000000,0.000000
T4_NC_pos-6,T4,NC,-6,leading,black,-345.000000,0.000000
T4_NC_pos-6,T4,NC,-6,leading,black,-340.000000,0.000000
T4_NC_pos-6,T4,NC,-6,leading,black,-335.000000,0.000000
T4_NC_pos-6,T4,NC,-6,leading,black,-330.000000,0.000000
T4_NC_pos-6,T4,NC,-6,leading,black,-325.000000,0.000000
T4_NC_pos-6,T4,NC,-6,leading,black,-320.000000,0.000000
T4_NC_pos-6,T4,NC,-6,leading,black,-315.000000,0.000000
T4_NC_pos-6,T4,NC,-6,leading,black,-310.000000,0.000000
T4_NC_pos-6,T4,NC,-6,leading,black,-305.000000,0.000000
T4_NC_pos-6,T4,NC,-6,leading,black,-300.000000,0.000000
T4_NC_pos-6,T4,NC,-6,leading,black,-295.000000,0.000000
T4_NC_pos-6,T4,NC,-6,leading,black,-290.000000,0.000000
T4_NC_pos-6,T4,NC,-6,leading,black,-285.000000,0.000000
T4_NC_pos-6,T4,NC,-6,leading,black,-280.000000,0.000000
T4_NC_pos-6,T4,NC,-6,leading,black,-275.000000,0.000000
T4_NC_pos-6,T4,NC,-6,leading,black,-270.000000,0.000000
T4_NC_pos-6,T4,NC,-6,leading,black,-265.000000,0.000000
T4_NC_pos-6,T4,NC,-6,leading,black,-260.000000,0.000000
T4_NC_pos-6,T4,NC,-6,leading,black,-255.000000,0.000000
T4_NC_pos-6,T4,NC,-6,leading,black,-250.000000,0.000000
T4_NC_pos-6,T4,NC,-6,leading,black,-245.000000,0.000000
T4_NC_pos-6,T4,NC,-6,leading,black,-240.000000,0.000000
T4_NC_pos-6,T4,NC,-6,leading,black,-235.000000,0.000000
T4_NC_pos-6,T4,NC,-6,leading,black,-230.000000,0.000000
T4_NC_pos-6,T4,NC,-6,leading,black,-225.000000,0.000000
T4_NC_pos-6,T4,NC,-6,leading,black,-220.000000,0.000000
T4_NC_pos-6,T4,NC,-6,leading,black,-215.000000,0.000000
T4_NC_pos-6,T4,NC,-6,leading,black,-210.000000,0.000000
T4_NC_pos-6,T4,NC,-6,leading,black,-205.000000,0.000000
T4_NC_pos-6,T4,NC,-6,leading,black,-200.000000,0.023148
T4_NC_pos-6,T4,NC,-6,leading,black,-195.000000,0.092593
T4_NC_pos-6,T4,NC,-6,leading,black,-190.000000,0.092593
T4_NC_pos-6,T4,NC,-6,leading,black,-185.000000,0.092593
T4_NC_pos-6,T4,NC,-6,leading,black,-180.000000,0.034722
T4_NC_pos-6,T4,NC,-6,leading,black,-175.000000,0.000000
T4_NC_pos-6,T4,NC,-6,leading,black,-170.000000,0.000000
T4_NC_pos-6,T4,NC,-6,leading,black,-165.000000,0.000000
T4_NC_pos-6,T4,NC,-6,leading,black,-160.000000,0.000000
T4_NC_pos-6,T4,NC,-6,leading,black,-155.000000,-0.078125
T4_NC_pos-6,T4,NC,-6,leading,black,-150.000000,-0.156250
T4_NC_pos-6,T4,NC,-6,leading,black,-145.000000,-0.209780
T4_NC_pos-6,T4,NC,-6,leading,black,-140.000000,-0.231481
T4_NC_pos-6,T4,NC,-6,leading,black,-135.000000,-0.221354
T4_NC_pos-6,T4,NC,-6,leading,black,-130.000000,-0.179398
T4_NC_pos-6,T4,NC,-6,leading,black,-125.000000,-0.101273
T4_NC_pos-6,T4,NC,-6,leading,black,-120.000000,-0.092593
T4_NC_pos-6,T4,NC,-6,leading,black,-115.000000,-0.065104
T4_NC_pos-6,T4,NC,-6,leading,black,-110.000000,-0.026042
T4_NC_pos-6,T4,NC,-6,leading,black,-105.000000,0.013021
T4_NC_pos-6,T4,NC,-6,leading,black,-100.000000,0.046296
T4_NC_pos-6,T4,NC,-6,leading,black,-95.000000,0.046296
T4_NC_pos-6,T4,NC,-6,leading,black,-90.000000,0.008681
T4_NC_pos-6,T4,NC,-6,leading,black,-85.000000,-0.060764
T4_NC_pos-6,T4,NC,-6,leading,black,-80.000000,-0.115741
T4_NC_pos-6,T4,NC,-6,leading,black,-75.000000,-0.138889
T4_NC_pos-6,T4,NC,-6,leading,black,-70.000000,-0.121528
T4_NC_pos-6,T4,NC,-6,leading,black,-65.000000,-0.043403
T4_NC_pos-6,T4,NC,-6,leading,black,-60.000000,0.034722
T4_NC_pos-6,T4,NC,-6,leading,black,-55.000000,0.046296
T4_NC_pos-6,T4,NC,-6,leading,black,-50.000000,0.020255
T4_NC_pos-6,T4,NC,-6,leading,black,-45.000000,0.000000
T4_NC_pos-6,T4,NC,-6,leading,black,-40.000000,-0.011574
T4_NC_pos-6,T4,NC,-6,leading,black,-35.000000,-0.046296
T4_NC_pos-6,T4,NC,-6,leading,black,-30.000000,-0.046296
T4_NC_pos-6,T4,NC,-6,leading,black,-25.000000,-0.046296
T4_NC_pos-6,T4,NC,-6,leading,black,-20.000000,-0.046296
T4_NC_pos-6,T4,NC,-6,leading,black,-15.000000,-0.067998
T4_NC_pos-6,T4,NC,-6,leading,black,-10.000000,-0.092593
T4_NC_pos-6,T4,NC,-6,leading,black,-5.000000,-0.070891
T4_NC_pos-6,T4,NC,-6,leading,black,0.000000,0.046296
T4_NC_pos-6,T4,NC,-6,leading,black,5.000000,0.124421
T4_NC_pos-6,T4,NC,-6,leading,black,10.000000,0.202546
T4_NC_pos-6,T4,NC,-6,leading,black,15.000000,0.256076
T4_NC_pos-6,T4,NC,-6,leading,black,20.000000,0.277778
T4_NC_pos-6,T4,NC,-6,leading,black,25.000000,0.277778
T4_NC_pos-6,T4,NC,-6,leading,black,30.000000,0.277778
T4_NC_pos-6,T4,NC,-6,leading,black,35.000000,0.277778
T4_NC_pos-6,T4,NC,-6,leading,black,40.000000,0.312500
T4_NC_pos-6,T4,NC,-6,leading,black,45.000000,0.379051
T4_NC_pos-6,T4,NC,-6,leading,black,50.000000,0.436921
T4_NC_pos-6,T4,NC,-6,leading,black,55.000000,0.462963
T4_NC_pos-6,T4,NC,-6,leading,black,60.000000,0.457176
T4_NC_pos-6,T4,NC,-6,leading,black,65.000000,0.418113
T4_NC_pos-6,T4,NC,-6,leading,black,70.000000,0.341435
T4_NC_pos-6,T4,NC,-6,leading,black,75.000000,0.293692
T4_NC_pos-6,T4,NC,-6,leading,black,80.000000,0.277778
T4_NC_pos-6,T4,NC,-6,leading,black,85.000000,0.277778
T4_NC_pos-6,T4,NC,-6,leading,black,90.000000,0.277778
T4_NC_pos-6,T4,NC,-6,leading,black,95.000000,0.279225
T4_NC_pos-6,T4,NC,-6,leading,black,100.000000,0.318287
T4_NC_pos-6,T4,NC,-6,leading,black,105.000000,0.357350
T4_NC_pos-6,T4,NC,-6,leading,black,110.000000,0.396412
T4_NC_pos-6,T4,NC,-6,leading,black,115.000000,0.435475
T4_NC_pos-6,T4,NC,-6,leading,black,120.000000,0.486111
T4_NC_pos-6,T4,NC,-6,leading,black,125.000000,0.564236
T4_NC_pos-6,T4,NC,-6,leading,black,130.000000,0.642361
T4_NC_pos-6,T4,NC,-6,leading,black,135.000000,0.756655
T4_NC_pos-6,T4,NC,-6,leading,black,140.000000,0.873843
T4_NC_pos-6,T4,NC,-6,leading,black,145.000000,0.947627
T4_NC_pos-6,T4,NC,-6,leading,black,150.000000,0.972222
T4_NC_pos-6,T4,NC,-6,leading,black,155.000000,0.979456
T4_NC_pos-6,T4,NC,-6,leading,black,160.000000,1.018519
T4_NC_pos-6,T4,NC,-6,leading,black,165.000000,1.018519
T4_NC_pos-6,T4,NC,-6,leading,black,170.000000,1.018519
T4_NC_pos-6,T4,NC,-6,leading,black,175.000000,1.043113
T4_NC_pos-6,T4,NC,-6,leading,black,180.000000,1.116898
T4_NC_pos-6,T4,NC,-6,leading,black,185.000000,1.234086
T4_NC_pos-6,T4,NC,-6,leading,black,190.000000,1.357060
T4_NC_pos-6,T4,NC,-6,leading,black,195.000000,1.552373
T4_NC_pos-6,T4,NC,-6,leading,black,200.000000,1.643519
T4_NC_pos-6,T4,NC,-6,leading,black,205.000000,1.776620
T4_NC_pos-6,T4,NC,-6,leading,black,210.000000,1.912616
T4_NC_pos-6,T4,NC,-6,leading,black,215.000000,2.029803
T4_NC_pos-6,T4,NC,-6,leading,black,220.000000,2.135417
T4_NC_pos-6,T4,NC,-6,leading,black,225.000000,2.174479
T4_NC_pos-6,T4,NC,-6,leading,black,230.000000,2.175926
T4_NC_pos-6,T4,NC,-6,leading,black,235.000000,2.145544
T4_NC_pos-6,T4,NC,-6,leading,black,240.000000,2.106481
T4_NC_pos-6,T4,NC,-6,leading,black,245.000000,2.083333
T4_NC_pos-6,T4,NC,-6,leading,black,250.000000,2.065972
T4_NC_pos-6,T4,NC,-6,leading,black,255.000000,1.987847
T4_NC_pos-6,T4,NC,-6,leading,black,260.000000,1.909722
T4_NC_pos-6,T4,NC,-6,leading,black,265.000000,1.864873
T4_NC_pos-6,T4,NC,-6,leading,black,270.000000,1.799769
T4_NC_pos-6,T4,NC,-6,leading,black,275.000000,1.740451
T4_NC_pos-6,T4,NC,-6,leading,black,280.000000,1.666667
T4_NC_pos-6,T4,NC,-6,leading,black,285.000000,1.523437
T4_NC_pos-6,T4,NC,-6,leading,black,290.000000,1.484375
T4_NC_pos-6,T4,NC,-6,leading,black,295.000000,1.336806
T4_NC_pos-6,T4,NC,-6,leading,black,300.000000,1.209491
T4_NC_pos-6,T4,NC,-6,leading,black,305.000000,1.114005
T4_NC_pos-6,T4,NC,-6,leading,black,310.000000,1.021412
T4_NC_pos-6,T4,NC,-6,leading,black,315.000000,0.925926
T4_NC_pos-6,T4,NC,-6,leading,black,320.000000,0.925926
T4_NC_pos-6,T4,NC,-6,leading,black,325.000000,0.886863
T4_NC_pos-6,T4,NC,-6,leading,black,330.000000,0.847801
T4_NC_pos-6,T4,NC,-6,leading,black,335.000000,0.833333
T4_NC_pos-6,T4,NC,-6,leading,black,340.000000,0.833333
T4_NC_pos-6,T4,NC,-6,leading,black,345.000000,0.833333
T4_NC_pos-6,T4,NC,-6,leading,black,350.000000,0.827546
T4_NC_pos-6,T4,NC,-6,leading,black,355.000000,0.749421
T4_NC_pos-6,T4,NC,-6,leading,black,360.000000,0.671296
T4_NC_pos-6,T4,NC,-6,leading,black,365.000000,0.620660
T4_NC_pos-6,T4,NC,-6,leading,black,370.000000,0.601852
T4_NC_pos-6,T4,NC,-6,leading,black,375.000000,0.601852
T4_NC_pos-6,T4,NC,-6,leading,black,380.000000,0.619213
T4_NC_pos-6,T4,NC,-6,leading,black,385.000000,0.736400
T4_NC_pos-6,T4,NC,-6,leading,black,390.000000,0.778356
T4_NC_pos-6,T4,NC,-6,leading,black,395.000000,0.787037
T4_NC_pos-6,T4,NC,-6,leading,black,400.000000,0.787037
T4_NC_pos-6,T4,NC,-6,leading,black,405.000000,0.771123
T4_NC_pos-6,T4,NC,-6,leading,black,410.000000,0.723380
T4_NC_pos-6,T4,NC,-6,leading,black,415.000000,0.645255
T4_NC_pos-6,T4,NC,-6,leading,black,420.000000,0.567130
T4_NC_pos-6,T4,NC,-6,leading,black,425.000000,0.555556
T4_NC_pos-6,T4,NC,-6,leading,black,430.000000,0.555556
T4_NC_pos-6,T4,NC,-6,leading,black,435.000000,0.574363
T4_NC_pos-6,T4,NC,-6,leading,black,440.000000,0.601852
T4_NC_pos-6,T4,NC,-6,leading,black,445.000000,0.601852
T4_NC_pos-6,T4,NC,-6,leading,black,450.000000,0.601852
T4_NC_pos-6,T4,NC,-6,leading,black,455.000000,0.601852
T4_NC_pos-6,T4,NC,-6,leading,black,460.000000,0.630787
T4_NC_pos-6,T4,NC,-6,leading,black,465.000000,0.648148
T4_NC_pos-6,T4,NC,-6,leading,black,470.000000,0.648148
T4_NC_pos-6,T4,NC,-6,leading,black,475.000000,0.648148
T4_NC_pos-6,T4,NC,-6,leading,black,480.000000,0.648148
T4_NC_pos-6,T4,NC,-6,leading,black,485.000000,0.648148
T4_NC_pos-6,T4,NC,-6,leading,black,490.000000,0.648148
T4_NC_pos-6,T4,NC,-6,leading,black,495.000000,0.623553
T4_NC_pos-6,T4,NC,-6,leading,black,500.000000,0.601852
T4_NC_pos-6,T4,NC,-6,leading,black,505.000000,0.601852
T4_NC_pos-6,T4,NC,-6,leading,black,510.000000,0.593171
T4_NC_pos-6,T4,NC,-6,leading,black,515.000000,0.475984
T4_NC_pos-6,T4,NC,-6,leading,black,520.000000,0.358796
T4_NC_pos-6,T4,NC,-6,leading,black,525.000000,0.214120
T4_NC_pos-6,T4,NC,-6,leading,black,530.000000,0.118634
T4_NC_pos-6,T4,NC,-6,leading,black,535.000000,0.066551
T4_NC_pos-6,T4,NC,-6,leading,black,540.000000,0.000000
T4_NC_pos-6,T4,NC,-6,leading,black,545.000000,0.000000
T4_NC_pos-6,T4,NC,-6,leading,black,550.000000,-0.075231
T4_NC_pos-6,T4,NC,-6,leading,black,555.000000,-0.092593
T4_NC_pos-6,T4,NC,-6,leading,black,560.000000,-0.092593
T4_NC_pos-6,T4,NC,-6,leading,black,565.000000,-0.124421
T4_NC_pos-6,T4,NC,-6,leading,black,570.000000,-0.193866
T4_NC_pos-6,T4,NC,-6,leading,black,575.000000,-0.232928
T4_NC_pos-6,T4,NC,-6,leading,black,580.000000,-0.271991
T4_NC_pos-6,T4,NC,-6,leading,black,585.000000,-0.277778
T4_NC_pos-6,T4,NC,-6,leading,black,590.000000,-0.251736
T4_NC_pos-6,T4,NC,-6,leading,black,595.000000,-0.212674
T4_NC_pos-6,T4,NC,-6,leading,black,600.000000,-0.173611
T4_NC_pos-6,T4,NC,-6,leading,black,605.000000,-0.138889
T4_NC_pos-6,T4,NC,-6,leading,black,610.000000,-0.138889
T4_NC_pos-6,T4,NC,-6,leading,black,615.000000,-0.211227
T4_NC_pos-6,T4,NC,-6,leading,black,620.000000,-0.260417
T4_NC_pos-6,T4,NC,-6,leading,black,625.000000,-0.299479
T4_NC_pos-6,T4,NC,-6,leading,black,630.000000,-0.367477
T4_NC_pos-6,T4,NC,-6,leading,black,635.000000,-0.470197
T4_NC_pos-6,T4,NC,-6,leading,black,640.000000,-0.509259
T4_NC_pos-6,T4,NC,-6,leading,black,645.000000,-0.626447
T4_NC_pos-6,T4,NC,-6,leading,black,650.000000,-0.711806
T4_NC_pos-6,T4,NC,-6,leading,black,655.000000,-0.740741
T4_NC_pos-6,T4,NC,-6,leading,black,660.000000,-0.688657
T4_NC_pos-6,T4,NC,-6,leading,black,665.000000,-0.581597
T4_NC_pos-6,T4,NC,-6,leading,black,670.000000,-0.506366
T4_NC_pos-6,T4,NC,-6,leading,black,675.000000,-0.467303
T4_NC_pos-6,T4,NC,-6,leading,black,680.000000,-0.462963
T4_NC_pos-6,T4,NC,-6,leading,black,685.000000,-0.462963
T4_NC_pos-6,T4,NC,-6,leading,black,690.000000,-0.483218
T4_NC_pos-6,T4,NC,-6,leading,black,695.000000,-0.509259
T4_NC_pos-6,T4,NC,-6,leading,black,700.000000,-0.520833
T4_NC_pos-6,T4,NC,-6,leading,black,705.000000,-0.598958
T4_NC_pos-6,T4,NC,-6,leading,black,710.000000,-0.601852
T4_NC_pos-6,T4,NC,-6,leading,black,715.000000,-0.571470
T4_NC_pos-6,T4,NC,-6,leading,black,720.000000,-0.532407
T4_NC_pos-6,T4,NC,-6,leading,black,725.000000,-0.509259
T4_NC_pos-6,T4,NC,-6,leading,black,730.000000,-0.517940
T4_PC_pos-5,T4,PC,-5,leading,green,-355.000000,0.000000
T4_PC_pos-5,T4,PC,-5,leading,green,-350.000000,0.000000
T4_PC_pos-5,T4,PC,-5,leading,green,-345.000000,0.000000
T4_PC_pos-5,T4,PC,-5,leading,green,-340.000000,0.000000
T4_PC_pos-5,T4,PC,-5,leading,green,-335.000000,0.000000
T4_PC_pos-5,T4,PC,-5,leading,green,-330.000000,0.000000
T4_PC_pos-5,T4,PC,-5,leading,green,-325.000000,0.000000
T4_PC_pos-5,T4,PC,-5,leading,green,-320.000000,0.000000
T4_PC_pos-5,T4,PC,-5,leading,green,-315.000000,0.000000
T4_PC_pos-5,T4,PC,-5,leading,green,-310.000000,0.000000
T4_PC_pos-5,T4,PC,-5,leading,green,-305.000000,0.000000
T4_PC_pos-5,T4,PC,-5,leading,green,-300.000000,0.000000
T4_PC_pos-5,T4,PC,-5,leading,green,-295.000000,0.000000
T4_PC_pos-5,T4,PC,-5,leading,green,-290.000000,0.000000
T4_PC_pos-5,T4,PC,-5,leading,green,-285.000000,0.000000
T4_PC_pos-5,T4,PC,-5,leading,green,-280.000000,0.000000
T4_PC_pos-5,T4,PC,-5,leading,green,-275.000000,0.000000
T4_PC_pos-5,T4,PC,-5,leading,green,-270.000000,0.000000
T4_PC_pos-5,T4,PC,-5,leading,green,-265.000000,0.000000
T4_PC_pos-5,T4,PC,-5,leading,green,-260.000000,0.000000
T4_PC_pos-5,T4,PC,-5,leading,green,-255.000000,0.000000
T4_PC_pos-5,T4,PC,-5,leading,green,-250.000000,0.000000
T4_PC_pos-5,T4,PC,-5,leading,green,-245.000000,0.000000
T4_PC_pos-5,T4,PC,-5,leading,green,-240.000000,0.000000
T4_PC_pos-5,T4,PC,-5,leading,green,-235.000000,0.000000
T4_PC_pos-5,T4,PC,-5,leading,green,-230.000000,0.000000
T4_PC_pos-5,T4,PC,-5,leading,green,-225.000000,0.000000
T4_PC_pos-5,T4,PC,-5,leading,green,-220.000000,0.000000
T4_PC_pos-5,T4,PC,-5,leading,green,-215.000000,0.000000
T4_PC_pos-5,T4,PC,-5,leading,green,-210.000000,0.000000
T4_PC_pos-5,T4,PC,-5,leading,green,-205.000000,0.000000
T4_PC_pos-5,T4,PC,-5,leading,green,-200.000000,0.000000
T4_PC_pos-5,T4,PC,-5,leading,green,-195.000000,-0.039062
T4_PC_pos-5,T4,PC,-5,leading,green,-190.000000,-0.390625
T4_PC_pos-5,T4,PC,-5,leading,green,-185.000000,-0.416667
T4_PC_pos-5,T4,PC,-5,leading,green,-180.000000,-0.445602
T4_PC_pos-5,T4,PC,-5,leading,green,-175.000000,-0.462963
T4_PC_pos-5,T4,PC,-5,leading,green,-170.000000,-0.462963
T4_PC_pos-5,T4,PC,-5,leading,green,-165.000000,-0.470197
T4_PC_pos-5,T4,PC,-5,leading,green,-160.000000,-0.509259
T4_PC_pos-5,T4,PC,-5,leading,green,-155.000000,-0.509259
T4_PC_pos-5,T4,PC,-5,leading,green,-150.000000,-0.334201
T4_PC_pos-5,T4,PC,-5,leading,green,-145.000000,-0.119358
T4_PC_pos-5,T4,PC,-5,leading,green,-140.000000,0.017361
T4_PC_pos-5,T4,PC,-5,leading,green,-135.000000,0.066551
T4_PC_pos-5,T4,PC,-5,leading,green,-130.000000,0.133102
T4_PC_pos-5,T4,PC,-5,leading,green,-125.000000,0.054977
T4_PC_pos-5,T4,PC,-5,leading,green,-120.000000,0.046296
T4_PC_pos-5,T4,PC,-5,leading,green,-115.000000,0.046296
T4_PC_pos-5,T4,PC,-5,leading,green,-110.000000,0.026042
T4_PC_pos-5,T4,PC,-5,leading,green,-105.000000,-0.013021
T4_PC_pos-5,T4,PC,-5,leading,green,-100.000000,-0.057870
T4_PC_pos-5,T4,PC,-5,leading,green,-95.000000,-0.135995
T4_PC_pos-5,T4,PC,-5,leading,green,-90.000000,-0.138889
T4_PC_pos-5,T4,PC,-5,leading,green,-85.000000,-0.138889
T4_PC_pos-5,T4,PC,-5,leading,green,-80.000000,0.162037
T4_PC_pos-5,T4,PC,-5,leading,green,-75.000000,0.478877
T4_PC_pos-5,T4,PC,-5,leading,green,-70.000000,0.517940
T4_PC_pos-5,T4,PC,-5,leading,green,-65.000000,0.555556
T4_PC_pos-5,T4,PC,-5,leading,green,-60.000000,0.555556
T4_PC_pos-5,T4,PC,-5,leading,green,-55.000000,0.588831
T4_PC_pos-5,T4,PC,-5,leading,green,-50.000000,0.601852
T4_PC_pos-5,T4,PC,-5,leading,green,-45.000000,0.601852
T4_PC_pos-5,T4,PC,-5,leading,green,-40.000000,0.590278
T4_PC_pos-5,T4,PC,-5,leading,green,-35.000000,0.555556
T4_PC_pos-5,T4,PC,-5,leading,green,-30.000000,0.555556
T4_PC_pos-5,T4,PC,-5,leading,green,-25.000000,0.555556
T4_PC_pos-5,T4,PC,-5,leading,green,-20.000000,0.497685
T4_PC_pos-5,T4,PC,-5,leading,green,-15.000000,0.452112
T4_PC_pos-5,T4,PC,-5,leading,green,-10.000000,0.439815
T4_PC_pos-5,T4,PC,-5,leading,green,-5.000000,0.436198
T4_PC_pos-5,T4,PC,-5,leading,green,0.000000,0.416667
T4_PC_pos-5,T4,PC,-5,leading,green,5.000000,0.397135
T4_PC_pos-5,T4,PC,-5,leading,green,10.000000,0.393519
T4_PC_pos-5,T4,PC,-5,leading,green,15.000000,0.381221
T4_PC_pos-5,T4,PC,-5,leading,green,20.000000,0.387731
T4_PC_pos-5,T4,PC,-5,leading,green,25.000000,0.406539
T4_PC_pos-5,T4,PC,-5,leading,green,30.000000,0.373264
T4_PC_pos-5,T4,PC,-5,leading,green,35.000000,0.412326
T4_PC_pos-5,T4,PC,-5,leading,green,40.000000,0.625000
T4_PC_pos-5,T4,PC,-5,leading,green,45.000000,0.859375
T4_PC_pos-5,T4,PC,-5,leading,green,50.000000,1.154514
T4_PC_pos-5,T4,PC,-5,leading,green,55.000000,1.506076
T4_PC_pos-5,T4,PC,-5,leading,green,60.000000,1.846065
T4_PC_pos-5,T4,PC,-5,leading,green,65.000000,2.119502
T4_PC_pos-5,T4,PC,-5,leading,green,70.000000,2.392940
T4_PC_pos-5,T4,PC,-5,leading,green,75.000000,2.575231
T4_PC_pos-5,T4,PC,-5,leading,green,80.000000,2.731481
T4_PC_pos-5,T4,PC,-5,leading,green,85.000000,2.919560
T4_PC_pos-5,T4,PC,-5,leading,green,90.000000,3.162616
T4_PC_pos-5,T4,PC,-5,leading,green,95.000000,3.436053
T4_PC_pos-5,T4,PC,-5,leading,green,100.000000,3.709491
T4_PC_pos-5,T4,PC,-5,leading,green,105.000000,3.982928
T4_PC_pos-5,T4,PC,-5,leading,green,110.000000,4.256366
T4_PC_pos-5,T4,PC,-5,leading,green,115.000000,4.510995
T4_PC_pos-5,T4,PC,-5,leading,green,120.000000,4.756944
T4_PC_pos-5,T4,PC,-5,leading,green,125.000000,5.026042
T4_PC_pos-5,T4,PC,-5,leading,green,130.000000,5.260417
T4_PC_pos-5,T4,PC,-5,leading,green,135.000000,5.530961
T4_PC_pos-5,T4,PC,-5,leading,green,140.000000,5.775463
T4_PC_pos-5,T4,PC,-5,leading,green,145.000000,5.988137
T4_PC_pos-5,T4,PC,-5,leading,green,150.000000,6.183449
T4_PC_pos-5,T4,PC,-5,leading,green,155.000000,6.364294
T4_PC_pos-5,T4,PC,-5,leading,green,160.000000,6.481481
T4_PC_pos-5,T4,PC,-5,leading,green,165.000000,6.637731
T4_PC_pos-5,T4,PC,-5,leading,green,170.000000,6.762153
T4_PC_pos-5,T4,PC,-5,leading,green,175.000000,6.903935
T4_PC_pos-5,T4,PC,-5,leading,green,180.000000,7.042824
T4_PC_pos-5,T4,PC,-5,leading,green,185.000000,7.129630
T4_PC_pos-5,T4,PC,-5,leading,green,190.000000,7.129630
T4_PC_pos-5,T4,PC,-5,leading,green,195.000000,7.129630
T4_PC_pos-5,T4,PC,-5,leading,green,200.000000,6.921296
T4_PC_pos-5,T4,PC,-5,leading,green,205.000000,6.659433
T4_PC_pos-5,T4,PC,-5,leading,green,210.000000,6.345486
T4_PC_pos-5,T4,PC,-5,leading,green,215.000000,5.993924
T4_PC_pos-5,T4,PC,-5,leading,green,220.000000,5.630787
T4_PC_pos-5,T4,PC,-5,leading,green,225.000000,5.201100
T4_PC_pos-5,T4,PC,-5,leading,green,230.000000,4.884259
T4_PC_pos-5,T4,PC,-5,leading,green,235.000000,4.602141
T4_PC_pos-5,T4,PC,-5,leading,green,240.000000,4.305556
T4_PC_pos-5,T4,PC,-5,leading,green,245.000000,4.040799
T4_PC_pos-5,T4,PC,-5,leading,green,250.000000,3.845486
T4_PC_pos-5,T4,PC,-5,leading,green,255.000000,3.650174
T4_PC_pos-5,T4,PC,-5,leading,green,260.000000,3.454861
T4_PC_pos-5,T4,PC,-5,leading,green,265.000000,3.259549
T4_PC_pos-5,T4,PC,-5,leading,green,270.000000,3.090278
T4_PC_pos-5,T4,PC,-5,leading,green,275.000000,2.896412
T4_PC_pos-5,T4,PC,-5,leading,green,280.000000,2.696759
T4_PC_pos-5,T4,PC,-5,leading,green,285.000000,2.579572
T4_PC_pos-5,T4,PC,-5,leading,green,290.000000,2.462384
T4_PC_pos-5,T4,PC,-5,leading,green,295.000000,2.309028
T4_PC_pos-5,T4,PC,-5,leading,green,300.000000,2.181713
T4_PC_pos-5,T4,PC,-5,leading,green,305.000000,2.064525
T4_PC_pos-5,T4,PC,-5,leading,green,310.000000,1.947338
T4_PC_pos-5,T4,PC,-5,leading,green,315.000000,1.837384
T4_PC_pos-5,T4,PC,-5,leading,green,320.000000,1.759259
T4_PC_pos-5,T4,PC,-5,leading,green,325.000000,1.642072
T4_PC_pos-5,T4,PC,-5,leading,green,330.000000,1.556713
T4_PC_pos-5,T4,PC,-5,leading,green,335.000000,1.453993
T4_PC_pos-5,T4,PC,-5,leading,green,340.000000,1.371528
T4_PC_pos-5,T4,PC,-5,leading,green,345.000000,1.322338
T4_PC_pos-5,T4,PC,-5,leading,green,350.000000,1.247106
T4_PC_pos-5,T4,PC,-5,leading,green,355.000000,1.208044
T4_PC_pos-5,T4,PC,-5,leading,green,360.000000,1.134259
T4_PC_pos-5,T4,PC,-5,leading,green,365.000000,1.056134
T4_PC_pos-5,T4,PC,-5,leading,green,370.000000,0.978009
T4_PC_pos-5,T4,PC,-5,leading,green,375.000000,0.899884
T4_PC_pos-5,T4,PC,-5,leading,green,380.000000,0.821759
T4_PC_pos-5,T4,PC,-5,leading,green,385.000000,0.743634
T4_PC_pos-5,T4,PC,-5,leading,green,390.000000,0.665509
T4_PC_pos-5,T4,PC,-5,leading,green,395.000000,0.648148
T4_PC_pos-5,T4,PC,-5,leading,green,400.000000,0.578704
T4_PC_pos-5,T4,PC,-5,leading,green,405.000000,0.493345
T4_PC_pos-5,T4,PC,-5,leading,green,410.000000,0.454282
T4_PC_pos-5,T4,PC,-5,leading,green,415.000000,0.415220
T4_PC_pos-5,T4,PC,-5,leading,green,420.000000,0.376157
T4_PC_pos-5,T4,PC,-5,leading,green,425.000000,0.337095
T4_PC_pos-5,T4,PC,-5,leading,green,430.000000,0.324074
T4_PC_pos-5,T4,PC,-5,leading,green,435.000000,0.324074
T4_PC_pos-5,T4,PC,-5,leading,green,440.000000,0.335648
T4_PC_pos-5,T4,PC,-5,leading,green,445.000000,0.366030
T4_PC_pos-5,T4,PC,-5,leading,green,450.000000,0.326968
T4_PC_pos-5,T4,PC,-5,leading,green,455.000000,0.287905
T4_PC_pos-5,T4,PC,-5,leading,green,460.000000,0.277778
T4_PC_pos-5,T4,PC,-5,leading,green,465.000000,0.277778
T4_PC_pos-5,T4,PC,-5,leading,green,470.000000,0.277778
T4_PC_pos-5,T4,PC,-5,leading,green,475.000000,0.277778
T4_PC_pos-5,T4,PC,-5,leading,green,480.000000,0.277778
T4_PC_pos-5,T4,PC,-5,leading,green,485.000000,0.277778
T4_PC_pos-5,T4,PC,-5,leading,green,490.000000,0.203511
T4_PC_pos-5,T4,PC,-5,leading,green,495.000000,0.112365
T4_PC_pos-5,T4,PC,-5,leading,green,500.000000,0.038580
T4_PC_pos-5,T4,PC,-5,leading,green,505.000000,0.000000
T4_PC_pos-5,T4,PC,-5,leading,green,510.000000,0.000000
T4_PC_pos-5,T4,PC,-5,leading,green,515.000000,0.000000
T4_PC_pos-5,T4,PC,-5,leading,green,520.000000,0.000000
T4_PC_pos-5,T4,PC,-5,leading,green,525.000000,0.000000
T4_PC_pos-5,T4,PC,-5,leading,green,530.000000,-0.020255
T4_PC_pos-5,T4,PC,-5,leading,green,535.000000,-0.072338
T4_PC_pos-5,T4,PC,-5,leading,green,540.000000,-0.138889
T4_PC_pos-5,T4,PC,-5,leading,green,545.000000,-0.138889
T4_PC_pos-5,T4,PC,-5,leading,green,550.000000,-0.138889
T4_PC_pos-5,T4,PC,-5,leading,green,555.000000,-0.138889
T4_PC_pos-5,T4,PC,-5,leading,green,560.000000,-0.138889
T4_PC_pos-5,T4,PC,-5,leading,green,565.000000,-0.138889
T4_PC_pos-5,T4,PC,-5,leading,green,570.000000,-0.138889
T4_PC_pos-5,T4,PC,-5,leading,green,575.000000,-0.140336
T4_PC_pos-5,T4,PC,-5,leading,green,580.000000,-0.179398
T4_PC_pos-5,T4,PC,-5,leading,green,585.000000,-0.185185
T4_PC_pos-5,T4,PC,-5,leading,green,590.000000,-0.185185
T4_PC_pos-5,T4,PC,-5,leading,green,595.000000,-0.166377
T4_PC_pos-5,T4,PC,-5,leading,green,600.000000,-0.150463
T4_PC_pos-5,T4,PC,-5,leading,green,605.000000,-0.185185
T4_PC_pos-5,T4,PC,-5,leading,green,610.000000,-0.185185
T4_PC_pos-5,T4,PC,-5,leading,green,615.000000,-0.221354
T4_PC_pos-5,T4,PC,-5,leading,green,620.000000,-0.231481
T4_PC_pos-5,T4,PC,-5,leading,green,625.000000,-0.231481
T4_PC_pos-5,T4,PC,-5,leading,green,630.000000,-0.260417
T4_PC_pos-5,T4,PC,-5,leading,green,635.000000,-0.331308
T4_PC_pos-5,T4,PC,-5,leading,green,640.000000,-0.370370
T4_PC_pos-5,T4,PC,-5,leading,green,645.000000,-0.409433
T4_PC_pos-5,T4,PC,-5,leading,green,650.000000,-0.416667
T4_PC_pos-5,T4,PC,-5,leading,green,655.000000,-0.441262
T4_PC_pos-5,T4,PC,-5,leading,green,660.000000,-0.480324
T4_PC_pos-5,T4,PC,-5,leading,green,665.000000,-0.509259
T4_PC_pos-5,T4,PC,-5,leading,green,670.000000,-0.489005
T4_PC_pos-5,T4,PC,-5,leading,green,675.000000,-0.215567
T4_PC_pos-5,T4,PC,-5,leading,green,680.000000,-0.185185
T4_PC_pos-5,T4,PC,-5,leading,green,685.000000,-0.212674
T4_PC_pos-5,T4,PC,-5,leading,green,690.000000,-0.474537
T4_PC_pos-5,T4,PC,-5,leading,green,695.000000,-0.787037
T4_PC_pos-5,T4,PC,-5,leading,green,700.000000,-0.781250
T4_PC_pos-5,T4,PC,-5,leading,green,705.000000,-0.742187
T4_PC_pos-5,T4,PC,-5,leading,green,710.000000,-0.740741
T4_PC_pos-5,T4,PC,-5,leading,green,715.000000,-0.679977
T4_PC_pos-5,T4,PC,-5,leading,green,720.000000,-0.625000
T4_PC_pos-5,T4,PC,-5,leading,green,725.000000,-0.601852
T4_PC_pos-5,T4,PC,-5,leading,green,730.000000,-0.584491
T4_NC_pos-5,T4,NC,-5,leading,black,-355.000000,0.000000
T4_NC_pos-5,T4,NC,-5,leading,black,-350.000000,0.000000
T4_NC_pos-5,T4,NC,-5,leading,black,-345.000000,0.000000
T4_NC_pos-5,T4,NC,-5,leading,black,-340.000000,0.000000
T4_NC_pos-5,T4,NC,-5,leading,black,-335.000000,0.000000
T4_NC_pos-5,T4,NC,-5,leading,black,-330.000000,0.000000
T4_NC_pos-5,T4,NC,-5,leading,black,-325.000000,0.000000
T4_NC_pos-5,T4,NC,-5,leading,black,-320.000000,0.000000
T4_NC_pos-5,T4,NC,-5,leading,black,-315.000000,0.000000
T4_NC_pos-5,T4,NC,-5,leading,black,-310.000000,0.000000
T4_NC_pos-5,T4,NC,-5,leading,black,-305.000000,0.000000
T4_NC_pos-5,T4,NC,-5,leading,black,-300.000000,0.000000
T4_NC_pos-5,T4,NC,-5,leading,black,-295.000000,0.000000
T4_NC_pos-5,T4,NC,-5,leading,black,-290.000000,0.000000
T4_NC_pos-5,T4,NC,-5,leading,black,-285.000000,0.000000
T4_NC_pos-5,T4,NC,-5,leading,black,-280.000000,0.000000
T4_NC_pos-5,T4,NC,-5,leading,black,-275.000000,0.000000
T4_NC_pos-5,T4,NC,-5,leading,black,-270.000000,0.000000
T4_NC_pos-5,T4,NC,-5,leading,black,-265.000000,0.000000
T4_NC_pos-5,T4,NC,-5,leading,black,-260.000000,0.000000
T4_NC_pos-5,T4,NC,-5,leading,black,-255.000000,0.000000
T4_NC_pos-5,T4,NC,-5,leading,black,-250.000000,0.000000
T4_NC_pos-5,T4,NC,-5,leading,black,-245.000000,0.000000
T4_NC_pos-5,T4,NC,-5,leading,black,-240.000000,0.000000
T4_NC_pos-5,T4,NC,-5,leading,black,-235.000000,0.000000
T4_NC_pos-5,T4,NC,-5,leading,black,-230.000000,0.000000
T4_NC_pos-5,T4,NC,-5,leading,black,-225.000000,0.000000
T4_NC_pos-5,T4,NC,-5,leading,black,-220.000000,0.000000
T4_NC_pos-5,T4,NC,-5,leading,black,-215.000000,0.000000
T4_NC_pos-5,T4,NC,-5,leading,black,-210.000000,0.000000
T4_NC_pos-5,T4,NC,-5,leading,black,-205.000000,0.000000
T4_NC_pos-5,T4,NC,-5,leading,black,-200.000000,-0.057870
T4_NC_pos-5,T4,NC,-5,leading,black,-195.000000,-0.231481
T4_NC_pos-5,T4,NC,-5,leading,black,-190.000000,-0.231481
T4_NC_pos-5,T4,NC,-5,leading,black,-185.000000,-0.231481
T4_NC_pos-5,T4,NC,-5,leading,black,-180.000000,-0.231481
T4_NC_pos-5,T4,NC,-5,leading,black,-175.000000,-0.209780
T4_NC_pos-5,T4,NC,-5,leading,black,-170.000000,-0.185185
T4_NC_pos-5,T4,NC,-5,leading,black,-165.000000,-0.199653
T4_NC_pos-5,T4,NC,-5,leading,black,-160.000000,-0.277778
T4_NC_pos-5,T4,NC,-5,leading,black,-155.000000,-0.277778
T4_NC_pos-5,T4,NC,-5,leading,black,-150.000000,-0.277778
T4_NC_pos-5,T4,NC,-5,leading,black,-145.000000,-0.277778
T4_NC_pos-5,T4,NC,-5,leading,black,-140.000000,-0.295139
T4_NC_pos-5,T4,NC,-5,leading,black,-135.000000,-0.324074
T4_NC_pos-5,T4,NC,-5,leading,black,-130.000000,-0.324074
T4_NC_pos-5,T4,NC,-5,leading,black,-125.000000,-0.324074
T4_NC_pos-5,T4,NC,-5,leading,black,-120.000000,-0.289352
T4_NC_pos-5,T4,NC,-5,leading,black,-115.000000,-0.250289
T4_NC_pos-5,T4,NC,-5,leading,black,-110.000000,-0.211227
T4_NC_pos-5,T4,NC,-5,leading,black,-105.000000,-0.185185
T4_NC_pos-5,T4,NC,-5,leading,black,-100.000000,-0.173611
T4_NC_pos-5,T4,NC,-5,leading,black,-95.000000,-0.095486
T4_NC_pos-5,T4,NC,-5,leading,black,-90.000000,-0.017361
T4_NC_pos-5,T4,NC,-5,leading,black,-85.000000,0.060764
T4_NC_pos-5,T4,NC,-5,leading,black,-80.000000,0.138889
T4_NC_pos-5,T4,NC,-5,leading,black,-75.000000,0.185185
T4_NC_pos-5,T4,NC,-5,leading,black,-70.000000,0.185185
T4_NC_pos-5,T4,NC,-5,leading,black,-65.000000,0.185185
T4_NC_pos-5,T4,NC,-5,leading,black,-60.000000,0.185185
T4_NC_pos-5,T4,NC,-5,leading,black,-55.000000,0.185185
T4_NC_pos-5,T4,NC,-5,leading,black,-50.000000,0.237269
T4_NC_pos-5,T4,NC,-5,leading,black,-45.000000,0.296586
T4_NC_pos-5,T4,NC,-5,leading,black,-40.000000,0.324074
T4_NC_pos-5,T4,NC,-5,leading,black,-35.000000,0.319734
T4_NC_pos-5,T4,NC,-5,leading,black,-30.000000,0.280671
T4_NC_pos-5,T4,NC,-5,leading,black,-25.000000,0.241609
T4_NC_pos-5,T4,NC,-5,leading,black,-20.000000,0.231481
T4_NC_pos-5,T4,NC,-5,leading,black,-15.000000,0.231481
T4_NC_pos-5,T4,NC,-5,leading,black,-10.000000,0.217014
T4_NC_pos-5,T4,NC,-5,leading,black,-5.000000,0.185185
T4_NC_pos-5,T4,NC,-5,leading,black,0.000000,0.185185
T4_NC_pos-5,T4,NC,-5,leading,black,5.000000,0.107060
T4_NC_pos-5,T4,NC,-5,leading,black,10.000000,0.060764
T4_NC_pos-5,T4,NC,-5,leading,black,15.000000,0.021701
T4_NC_pos-5,T4,NC,-5,leading,black,20.000000,-0.017361
T4_NC_pos-5,T4,NC,-5,leading,black,25.000000,-0.046296
T4_NC_pos-5,T4,NC,-5,leading,black,30.000000,-0.049190
T4_NC_pos-5,T4,NC,-5,leading,black,35.000000,-0.088252
T4_NC_pos-5,T4,NC,-5,leading,black,40.000000,-0.092593
T4_NC_pos-5,T4,NC,-5,leading,black,45.000000,-0.147569
T4_NC_pos-5,T4,NC,-5,leading,black,50.000000,-0.185185
T4_NC_pos-5,T4,NC,-5,leading,black,55.000000,-0.185185
T4_NC_pos-5,T4,NC,-5,leading,black,60.000000,-0.185185
T4_NC_pos-5,T4,NC,-5,leading,black,65.000000,-0.185185
T4_NC_pos-5,T4,NC,-5,leading,black,70.000000,-0.260417
T4_NC_pos-5,T4,NC,-5,leading,black,75.000000,-0.277778
T4_NC_pos-5,T4,NC,-5,leading,black,80.000000,-0.300926
T4_NC_pos-5,T4,NC,-5,leading,black,85.000000,-0.324074
T4_NC_pos-5,T4,NC,-5,leading,black,90.000000,-0.332755
T4_NC_pos-5,T4,NC,-5,leading,black,95.000000,-0.370370
T4_NC_pos-5,T4,NC,-5,leading,black,100.000000,-0.370370
T4_NC_pos-5,T4,NC,-5,leading,black,105.000000,-0.337095
T4_NC_pos-5,T4,NC,-5,leading,black,110.000000,-0.324074
T4_NC_pos-5,T4,NC,-5,leading,black,115.000000,-0.305266
T4_NC_pos-5,T4,NC,-5,leading,black,120.000000,-0.254630
T4_NC_pos-5,T4,NC,-5,leading,black,125.000000,-0.185185
T4_NC_pos-5,T4,NC,-5,leading,black,130.000000,-0.185185
T4_NC_pos-5,T4,NC,-5,leading,black,135.000000,-0.185185
T4_NC_pos-5,T4,NC,-5,leading,black,140.000000,-0.185185
T4_NC_pos-5,T4,NC,-5,leading,black,145.000000,-0.185185
T4_NC_pos-5,T4,NC,-5,leading,black,150.000000,-0.156250
T4_NC_pos-5,T4,NC,-5,leading,black,155.000000,-0.085359
T4_NC_pos-5,T4,NC,-5,leading,black,160.000000,-0.046296
T4_NC_pos-5,T4,NC,-5,leading,black,165.000000,-0.007234
T4_NC_pos-5,T4,NC,-5,leading,black,170.000000,0.063657
T4_NC_pos-5,T4,NC,-5,leading,black,175.000000,0.141782
T4_NC_pos-5,T4,NC,-5,leading,black,180.000000,0.219907
T4_NC_pos-5,T4,NC,-5,leading,black,185.000000,0.298032
T4_NC_pos-5,T4,NC,-5,leading,black,190.000000,0.381944
T4_NC_pos-5,T4,NC,-5,leading,black,195.000000,0.538194
T4_NC_pos-5,T4,NC,-5,leading,black,200.000000,0.694444
T4_NC_pos-5,T4,NC,-5,leading,black,205.000000,0.850694
T4_NC_pos-5,T4,NC,-5,leading,black,210.000000,1.027199
T4_NC_pos-5,T4,NC,-5,leading,black,215.000000,1.183449
T4_NC_pos-5,T4,NC,-5,leading,black,220.000000,1.250000
T4_NC_pos-5,T4,NC,-5,leading,black,225.000000,1.250000
T4_NC_pos-5,T4,NC,-5,leading,black,230.000000,1.174769
T4_NC_pos-5,T4,NC,-5,leading,black,235.000000,1.096644
T4_NC_pos-5,T4,NC,-5,leading,black,240.000000,0.995370
T4_NC_pos-5,T4,NC,-5,leading,black,245.000000,0.925926
T4_NC_pos-5,T4,NC,-5,leading,black,250.000000,0.934606
T4_NC_pos-5,T4,NC,-5,leading,black,255.000000,0.972222
T4_NC_pos-5,T4,NC,-5,leading,black,260.000000,0.972222
T4_NC_pos-5,T4,NC,-5,leading,black,265.000000,0.972222
T4_NC_pos-5,T4,NC,-5,leading,black,270.000000,0.972222
T4_NC_pos-5,T4,NC,-5,leading,black,275.000000,0.953414
T4_NC_pos-5,T4,NC,-5,leading,black,280.000000,0.925926
T4_NC_pos-5,T4,NC,-5,leading,black,285.000000,0.917245
T4_NC_pos-5,T4,NC,-5,leading,black,290.000000,0.839120
T4_NC_pos-5,T4,NC,-5,leading,black,295.000000,0.760995
T4_NC_pos-5,T4,NC,-5,leading,black,300.000000,0.682870
T4_NC_pos-5,T4,NC,-5,leading,black,305.000000,0.583044
T4_NC_pos-5,T4,NC,-5,leading,black,310.000000,0.480324
T4_NC_pos-5,T4,NC,-5,leading,black,315.000000,0.402199
T4_NC_pos-5,T4,NC,-5,leading,black,320.000000,0.324074
T4_NC_pos-5,T4,NC,-5,leading,black,325.000000,0.206887
T4_NC_pos-5,T4,NC,-5,leading,black,330.000000,0.121528
T4_NC_pos-5,T4,NC,-5,leading,black,335.000000,0.043403
T4_NC_pos-5,T4,NC,-5,leading,black,340.000000,-0.034722
T4_NC_pos-5,T4,NC,-5,leading,black,345.000000,-0.102720
T4_NC_pos-5,T4,NC,-5,leading,black,350.000000,-0.138889
T4_NC_pos-5,T4,NC,-5,leading,black,355.000000,-0.138889
T4_NC_pos-5,T4,NC,-5,leading,black,360.000000,-0.138889
T4_NC_pos-5,T4,NC,-5,leading,black,365.000000,-0.083912
T4_NC_pos-5,T4,NC,-5,leading,black,370.000000,-0.026042
T4_NC_pos-5,T4,NC,-5,leading,black,375.000000,0.013021
T4_NC_pos-5,T4,NC,-5,leading,black,380.000000,0.046296
T4_NC_pos-5,T4,NC,-5,leading,black,385.000000,0.046296
T4_NC_pos-5,T4,NC,-5,leading,black,390.000000,0.046296
T4_NC_pos-5,T4,NC,-5,leading,black,395.000000,0.137442
T4_NC_pos-5,T4,NC,-5,leading,black,400.000000,0.185185
T4_NC_pos-5,T4,NC,-5,leading,black,405.000000,0.185185
T4_NC_pos-5,T4,NC,-5,leading,black,410.000000,0.185185
T4_NC_pos-5,T4,NC,-5,leading,black,415.000000,0.183738
T4_NC_pos-5,T4,NC,-5,leading,black,420.000000,0.144676
T4_NC_pos-5,T4,NC,-5,leading,black,425.000000,0.072338
T4_NC_pos-5,T4,NC,-5,leading,black,430.000000,0.046296
T4_NC_pos-5,T4,NC,-5,leading,black,435.000000,0.046296
T4_NC_pos-5,T4,NC,-5,leading,black,440.000000,0.057870
T4_NC_pos-5,T4,NC,-5,leading,black,445.000000,0.092593
T4_NC_pos-5,T4,NC,-5,leading,black,450.000000,0.092593
T4_NC_pos-5,T4,NC,-5,leading,black,455.000000,0.020255
T4_NC_pos-5,T4,NC,-5,leading,black,460.000000,0.000000
T4_NC_pos-5,T4,NC,-5,leading,black,465.000000,-0.043403
T4_NC_pos-5,T4,NC,-5,leading,black,470.000000,-0.092593
T4_NC_pos-5,T4,NC,-5,leading,black,475.000000,-0.092593
T4_NC_pos-5,T4,NC,-5,leading,black,480.000000,-0.092593
T4_NC_pos-5,T4,NC,-5,leading,black,485.000000,-0.053530
T4_NC_pos-5,T4,NC,-5,leading,black,490.000000,0.017361
T4_NC_pos-5,T4,NC,-5,leading,black,495.000000,0.095486
T4_NC_pos-5,T4,NC,-5,leading,black,500.000000,0.156250
T4_NC_pos-5,T4,NC,-5,leading,black,505.000000,0.205440
T4_NC_pos-5,T4,NC,-5,leading,black,510.000000,0.277778
T4_NC_pos-5,T4,NC,-5,leading,black,515.000000,0.277778
T4_NC_pos-5,T4,NC,-5,leading,black,520.000000,0.347222
T4_NC_pos-5,T4,NC,-5,leading,black,525.000000,0.425347
T4_NC_pos-5,T4,NC,-5,leading,black,530.000000,0.462963
T4_NC_pos-5,T4,NC,-5,leading,black,535.000000,0.462963
T4_NC_pos-5,T4,NC,-5,leading,black,540.000000,0.457176
T4_NC_pos-5,T4,NC,-5,leading,black,545.000000,0.418113
T4_NC_pos-5,T4,NC,-5,leading,black,550.000000,0.341435
T4_NC_pos-5,T4,NC,-5,leading,black,555.000000,0.232928
T4_NC_pos-5,T4,NC,-5,leading,black,560.000000,0.185185
T4_NC_pos-5,T4,NC,-5,leading,black,565.000000,0.185185
T4_NC_pos-5,T4,NC,-5,leading,black,570.000000,0.185185
T4_NC_pos-5,T4,NC,-5,leading,black,575.000000,0.186632
T4_NC_pos-5,T4,NC,-5,leading,black,580.000000,0.225694
T4_NC_pos-5,T4,NC,-5,leading,black,585.000000,0.264757
T4_NC_pos-5,T4,NC,-5,leading,black,590.000000,0.277778
T4_NC_pos-5,T4,NC,-5,leading,black,595.000000,0.221354
T4_NC_pos-5,T4,NC,-5,leading,black,600.000000,0.127315
T4_NC_pos-5,T4,NC,-5,leading,black,605.000000,0.092593
T4_NC_pos-5,T4,NC,-5,leading,black,610.000000,0.092593
T4_NC_pos-5,T4,NC,-5,leading,black,615.000000,0.164931
T4_NC_pos-5,T4,NC,-5,leading,black,620.000000,0.185185
T4_NC_pos-5,T4,NC,-5,leading,black,625.000000,0.185185
T4_NC_pos-5,T4,NC,-5,leading,black,630.000000,0.141782
T4_NC_pos-5,T4,NC,-5,leading,black,635.000000,0.031829
T4_NC_pos-5,T4,NC,-5,leading,black,640.000000,-0.046296
T4_NC_pos-5,T4,NC,-5,leading,black,645.000000,-0.085359
T4_NC_pos-5,T4,NC,-5,leading,black,650.000000,-0.124421
T4_NC_pos-5,T4,NC,-5,leading,black,655.000000,-0.163484
T4_NC_pos-5,T4,NC,-5,leading,black,660.000000,-0.202546
T4_NC_pos-5,T4,NC,-5,leading,black,665.000000,-0.241609
T4_NC_pos-5,T4,NC,-5,leading,black,670.000000,-0.283565
T4_NC_pos-5,T4,NC,-5,leading,black,675.000000,-0.361690
T4_NC_pos-5,T4,NC,-5,leading,black,680.000000,-0.370370
T4_NC_pos-5,T4,NC,-5,leading,black,685.000000,-0.425347
T4_NC_pos-5,T4,NC,-5,leading,black,690.000000,-0.503472
T4_NC_pos-5,T4,NC,-5,leading,black,695.000000,-0.555556
T4_NC_pos-5,T4,NC,-5,leading,black,700.000000,-0.543981
T4_NC_pos-5,T4,NC,-5,leading,black,705.000000,-0.465856
T4_NC_pos-5,T4,NC,-5,leading,black,710.000000,-0.425347
T4_NC_pos-5,T4,NC,-5,leading,black,715.000000,-0.386285
T4_NC_pos-5,T4,NC,-5,leading,black,720.000000,-0.370370
T4_NC_pos-5,T4,NC,-5,leading,black,725.000000,-0.370370
T4_NC_pos-5,T4,NC,-5,leading,black,730.000000,-0.361690
T4_PC_pos-4,T4,PC,-4,leading,green,-355.000000,0.000000
T4_PC_pos-4,T4,PC,-4,leading,green,-350.000000,0.000000
T4_PC_pos-4,T4,PC,-4,leading,green,-345.000000,0.000000
T4_PC_pos-4,T4,PC,-4,leading,green,-340.000000,0.000000
T4_PC_pos-4,T4,PC,-4,leading,green,-335.000000,0.000000
T4_PC_pos-4,T4,PC,-4,leading,green,-330.000000,0.000000
T4_PC_pos-4,T4,PC,-4,leading,green,-325.000000,0.000000
T4_PC_pos-4,T4,PC,-4,leading,green,-320.000000,0.000000
T4_PC_pos-4,T4,PC,-4,leading,green,-315.000000,0.000000
T4_PC_pos-4,T4,PC,-4,leading,green,-310.000000,0.000000
T4_PC_pos-4,T4,PC,-4,leading,green,-305.000000,0.000000
T4_PC_pos-4,T4,PC,-4,leading,green,-300.000000,0.000000
T4_PC_pos-4,T4,PC,-4,leading,green,-295.000000,0.000000
T4_PC_pos-4,T4,PC,-4,leading,green,-290.000000,0.000000
T4_PC_pos-4,T4,PC,-4,leading,green,-285.000000,0.000000
T4_PC_pos-4,T4,PC,-4,leading,green,-280.000000,0.000000
T4_PC_pos-4,T4,PC,-4,leading,green,-275.000000,0.000000
T4_PC_pos-4,T4,PC,-4,leading,green,-270.000000,0.000000
T4_PC_pos-4,T4,PC,-4,leading,green,-265.000000,0.000000
T4_PC_pos-4,T4,PC,-4,leading,green,-260.000000,0.000000
T4_PC_pos-4,T4,PC,-4,leading,green,-255.000000,0.000000
T4_PC_pos-4,T4,PC,-4,leading,green,-250.000000,0.000000
T4_PC_pos-4,T4,PC,-4,leading,green,-245.000000,0.000000
T4_PC_pos-4,T4,PC,-4,leading,green,-240.000000,0.000000
T4_PC_pos-4,T4,PC,-4,leading,green,-235.000000,0.000000
T4_PC_pos-4,T4,PC,-4,leading,green,-230.000000,0.000000
T4_PC_pos-4,T4,PC,-4,leading,green,-225.000000,0.000000
T4_PC_pos-4,T4,PC,-4,leading,green,-220.000000,0.000000
T4_PC_pos-4,T4,PC,-4,leading,green,-215.000000,0.000000
T4_PC_pos-4,T4,PC,-4,leading,green,-210.000000,0.000000
T4_PC_pos-4,T4,PC,-4,leading,green,-205.000000,-0.084635
T4_PC_pos-4,T4,PC,-4,leading,green,-200.000000,-0.216049
T4_PC_pos-4,T4,PC,-4,leading,green,-195.000000,-0.242091
T4_PC_pos-4,T4,PC,-4,leading,green,-190.000000,-0.268133
T4_PC_pos-4,T4,PC,-4,leading,green,-185.000000,-0.270062
T4_PC_pos-4,T4,PC,-4,leading,green,-180.000000,-0.260417
T4_PC_pos-4,T4,PC,-4,leading,green,-175.000000,-0.254630
T4_PC_pos-4,T4,PC,-4,leading,green,-170.000000,-0.261863
T4_PC_pos-4,T4,PC,-4,leading,green,-165.000000,-0.281395
T4_PC_pos-4,T4,PC,-4,leading,green,-160.000000,-0.300926
T4_PC_pos-4,T4,PC,-4,leading,green,-155.000000,-0.300926
T4_PC_pos-4,T4,PC,-4,leading,green,-150.000000,-0.269097
T4_PC_pos-4,T4,PC,-4,leading,green,-145.000000,-0.230035
T4_PC_pos-4,T4,PC,-4,leading,green,-140.000000,-0.034722
T4_PC_pos-4,T4,PC,-4,leading,green,-135.000000,0.264757
T4_PC_pos-4,T4,PC,-4,leading,green,-130.000000,0.300926
T4_PC_pos-4,T4,PC,-4,leading,green,-125.000000,0.300926
T4_PC_pos-4,T4,PC,-4,leading,green,-120.000000,0.300926
T4_PC_pos-4,T4,PC,-4,leading,green,-115.000000,0.300926
T4_PC_pos-4,T4,PC,-4,leading,green,-110.000000,0.300926
T4_PC_pos-4,T4,PC,-4,leading,green,-105.000000,0.300926
T4_PC_pos-4,T4,PC,-4,leading,green,-100.000000,0.289352
T4_PC_pos-4,T4,PC,-4,leading,green,-95.000000,0.211227
T4_PC_pos-4,T4,PC,-4,leading,green,-90.000000,0.208333
T4_PC_pos-4,T4,PC,-4,leading,green,-85.000000,0.208333
T4_PC_pos-4,T4,PC,-4,leading,green,-80.000000,0.208333
T4_PC_pos-4,T4,PC,-4,leading,green,-75.000000,0.192419
T4_PC_pos-4,T4,PC,-4,leading,green,-70.000000,0.153356
T4_PC_pos-4,T4,PC,-4,leading,green,-65.000000,0.115741
T4_PC_pos-4,T4,PC,-4,leading,green,-60.000000,0.115741
T4_PC_pos-4,T4,PC,-4,leading,green,-55.000000,0.149016
T4_PC_pos-4,T4,PC,-4,leading,green,-50.000000,0.188079
T4_PC_pos-4,T4,PC,-4,leading,green,-45.000000,0.208333
T4_PC_pos-4,T4,PC,-4,leading,green,-40.000000,0.196759
T4_PC_pos-4,T4,PC,-4,leading,green,-35.000000,0.153356
T4_PC_pos-4,T4,PC,-4,leading,green,-30.000000,0.075231
T4_PC_pos-4,T4,PC,-4,leading,green,-25.000000,0.033275
T4_PC_pos-4,T4,PC,-4,leading,green,-20.000000,0.023148
T4_PC_pos-4,T4,PC,-4,leading,green,-15.000000,0.023148
T4_PC_pos-4,T4,PC,-4,leading,green,-10.000000,0.015914
T4_PC_pos-4,T4,PC,-4,leading,green,-5.000000,-0.003617
T4_PC_pos-4,T4,PC,-4,leading,green,0.000000,-0.023148
T4_PC_pos-4,T4,PC,-4,leading,green,5.000000,-0.042679
T4_PC_pos-4,T4,PC,-4,leading,green,10.000000,-0.062211
T4_PC_pos-4,T4,PC,-4,leading,green,15.000000,-0.118634
T4_PC_pos-4,T4,PC,-4,leading,green,20.000000,-0.162037
T4_PC_pos-4,T4,PC,-4,leading,green,25.000000,0.000000
T4_PC_pos-4,T4,PC,-4,leading,green,30.000000,0.604745
T4_PC_pos-4,T4,PC,-4,leading,green,35.000000,0.956308
T4_PC_pos-4,T4,PC,-4,leading,green,40.000000,1.446759
T4_PC_pos-4,T4,PC,-4,leading,green,45.000000,2.146991
T4_PC_pos-4,T4,PC,-4,leading,green,50.000000,2.948495
T4_PC_pos-4,T4,PC,-4,leading,green,55.000000,3.755787
T4_PC_pos-4,T4,PC,-4,leading,green,60.000000,4.542824
T4_PC_pos-4,T4,PC,-4,leading,green,65.000000,5.363137
T4_PC_pos-4,T4,PC,-4,leading,green,70.000000,6.032986
T4_PC_pos-4,T4,PC,-4,leading,green,75.000000,6.636285
T4_PC_pos-4,T4,PC,-4,leading,green,80.000000,7.175926
T4_PC_pos-4,T4,PC,-4,leading,green,85.000000,7.604167
T4_PC_pos-4,T4,PC,-4,leading,green,90.000000,7.925347
T4_PC_pos-4,T4,PC,-4,leading,green,95.000000,8.274016
T4_PC_pos-4,T4,PC,-4,leading,green,100.000000,8.547454
T4_PC_pos-4,T4,PC,-4,leading,green,105.000000,8.787616
T4_PC_pos-4,T4,PC,-4,leading,green,110.000000,9.100116
T4_PC_pos-4,T4,PC,-4,leading,green,115.000000,9.451678
T4_PC_pos-4,T4,PC,-4,leading,green,120.000000,9.768519
T4_PC_pos-4,T4,PC,-4,leading,green,125.000000,10.020255
T4_PC_pos-4,T4,PC,-4,leading,green,130.000000,10.410880
T4_PC_pos-4,T4,PC,-4,leading,green,135.000000,10.692998
T4_PC_pos-4,T4,PC,-4,leading,green,140.000000,10.908565
T4_PC_pos-4,T4,PC,-4,leading,green,145.000000,11.212384
T4_PC_pos-4,T4,PC,-4,leading,green,150.000000,11.559606
T4_PC_pos-4,T4,PC,-4,leading,green,155.000000,11.825810
T4_PC_pos-4,T4,PC,-4,leading,green,160.000000,12.060185
T4_PC_pos-4,T4,PC,-4,leading,green,165.000000,12.255498
T4_PC_pos-4,T4,PC,-4,leading,green,170.000000,12.418981
T4_PC_pos-4,T4,PC,-4,leading,green,175.000000,12.550637
T4_PC_pos-4,T4,PC,-4,leading,green,180.000000,12.615741
T4_PC_pos-4,T4,PC,-4,leading,green,185.000000,12.615741
T4_PC_pos-4,T4,PC,-4,leading,green,190.000000,12.595486
T4_PC_pos-4,T4,PC,-4,leading,green,195.000000,12.322049
T4_PC_pos-4,T4,PC,-4,leading,green,200.000000,11.909722
T4_PC_pos-4,T4,PC,-4,leading,green,205.000000,11.480035
T4_PC_pos-4,T4,PC,-4,leading,green,210.000000,10.989583
T4_PC_pos-4,T4,PC,-4,leading,green,215.000000,10.442708
T4_PC_pos-4,T4,PC,-4,leading,green,220.000000,9.901620
T4_PC_pos-4,T4,PC,-4,leading,green,225.000000,9.393808
T4_PC_pos-4,T4,PC,-4,leading,green,230.000000,8.885995
T4_PC_pos-4,T4,PC,-4,leading,green,235.000000,8.408565
T4_PC_pos-4,T4,PC,-4,leading,green,240.000000,7.939815
T4_PC_pos-4,T4,PC,-4,leading,green,245.000000,7.486979
T4_PC_pos-4,T4,PC,-4,leading,green,250.000000,7.083333
T4_PC_pos-4,T4,PC,-4,leading,green,255.000000,6.769387
T4_PC_pos-4,T4,PC,-4,leading,green,260.000000,6.417824
T4_PC_pos-4,T4,PC,-4,leading,green,265.000000,6.099537
T4_PC_pos-4,T4,PC,-4,leading,green,270.000000,5.839120
T4_PC_pos-4,T4,PC,-4,leading,green,275.000000,5.623553
T4_PC_pos-4,T4,PC,-4,leading,green,280.000000,5.405093
T4_PC_pos-4,T4,PC,-4,leading,green,285.000000,5.140336
T4_PC_pos-4,T4,PC,-4,leading,green,290.000000,4.945023
T4_PC_pos-4,T4,PC,-4,leading,green,295.000000,4.713542
T4_PC_pos-4,T4,PC,-4,leading,green,300.000000,4.508102
T4_PC_pos-4,T4,PC,-4,leading,green,305.000000,4.269387
T4_PC_pos-4,T4,PC,-4,leading,green,310.000000,4.010417
T4_PC_pos-4,T4,PC,-4,leading,green,315.000000,3.776042
T4_PC_pos-4,T4,PC,-4,leading,green,320.000000,3.541667
T4_PC_pos-4,T4,PC,-4,leading,green,325.000000,3.307292
T4_PC_pos-4,T4,PC,-4,leading,green,330.000000,3.136574
T4_PC_pos-4,T4,PC,-4,leading,green,335.000000,2.955729
T4_PC_pos-4,T4,PC,-4,leading,green,340.000000,2.777778
T4_PC_pos-4,T4,PC,-4,leading,green,345.000000,2.621528
T4_PC_pos-4,T4,PC,-4,leading,green,350.000000,2.471065
T4_PC_pos-4,T4,PC,-4,leading,green,355.000000,2.392940
T4_PC_pos-4,T4,PC,-4,leading,green,360.000000,2.280093
T4_PC_pos-4,T4,PC,-4,leading,green,365.000000,2.162905
T4_PC_pos-4,T4,PC,-4,leading,green,370.000000,2.065972
T4_PC_pos-4,T4,PC,-4,leading,green,375.000000,1.961806
T4_PC_pos-4,T4,PC,-4,leading,green,380.000000,1.811343
T4_PC_pos-4,T4,PC,-4,leading,green,385.000000,1.694155
T4_PC_pos-4,T4,PC,-4,leading,green,390.000000,1.614583
T4_PC_pos-4,T4,PC,-4,leading,green,395.000000,1.536458
T4_PC_pos-4,T4,PC,-4,leading,green,400.000000,1.458333
T4_PC_pos-4,T4,PC,-4,leading,green,405.000000,1.396123
T4_PC_pos-4,T4,PC,-4,leading,green,410.000000,1.339699
T4_PC_pos-4,T4,PC,-4,leading,green,415.000000,1.223958
T4_PC_pos-4,T4,PC,-4,leading,green,420.000000,1.145833
T4_PC_pos-4,T4,PC,-4,leading,green,425.000000,1.100984
T4_PC_pos-4,T4,PC,-4,leading,green,430.000000,0.879630
T4_PC_pos-4,T4,PC,-4,leading,green,435.000000,0.717593
T4_PC_pos-4,T4,PC,-4,leading,green,440.000000,0.717593
T4_PC_pos-4,T4,PC,-4,leading,green,445.000000,0.717593
T4_PC_pos-4,T4,PC,-4,leading,green,450.000000,0.717593
T4_PC_pos-4,T4,PC,-4,leading,green,455.000000,0.717593
T4_PC_pos-4,T4,PC,-4,leading,green,460.000000,0.659722
T4_PC_pos-4,T4,PC,-4,leading,green,465.000000,0.559896
T4_PC_pos-4,T4,PC,-4,leading,green,470.000000,0.442708
T4_PC_pos-4,T4,PC,-4,leading,green,475.000000,0.332755
T4_PC_pos-4,T4,PC,-4,leading,green,480.000000,0.254630
T4_PC_pos-4,T4,PC,-4,leading,green,485.000000,0.215567
T4_PC_pos-4,T4,PC,-4,leading,green,490.000000,0.144676
T4_PC_pos-4,T4,PC,-4,leading,green,495.000000,0.091146
T4_PC_pos-4,T4,PC,-4,leading,green,500.000000,0.034722
T4_PC_pos-4,T4,PC,-4,leading,green,505.000000,-0.033275
T4_PC_pos-4,T4,PC,-4,leading,green,510.000000,-0.072338
T4_PC_pos-4,T4,PC,-4,leading,green,515.000000,-0.111400
T4_PC_pos-4,T4,PC,-4,leading,green,520.000000,-0.185185
T4_PC_pos-4,T4,PC,-4,leading,green,525.000000,-0.208333
T4_PC_pos-4,T4,PC,-4,leading,green,530.000000,-0.208333
T4_PC_pos-4,T4,PC,-4,leading,green,535.000000,-0.208333
T4_PC_pos-4,T4,PC,-4,leading,green,540.000000,-0.219907
T4_PC_pos-4,T4,PC,-4,leading,green,545.000000,-0.298032
T4_PC_pos-4,T4,PC,-4,leading,green,550.000000,-0.300926
T4_PC_pos-4,T4,PC,-4,leading,green,555.000000,-0.300926
T4_PC_pos-4,T4,PC,-4,leading,green,560.000000,-0.300926
T4_PC_pos-4,T4,PC,-4,leading,green,565.000000,-0.316840
T4_PC_pos-4,T4,PC,-4,leading,green,570.000000,-0.347222
T4_PC_pos-4,T4,PC,-4,leading,green,575.000000,-0.350116
T4_PC_pos-4,T4,PC,-4,leading,green,580.000000,-0.428241
T4_PC_pos-4,T4,PC,-4,leading,green,585.000000,-0.506366
T4_PC_pos-4,T4,PC,-4,leading,green,590.000000,-0.558449
T4_PC_pos-4,T4,PC,-4,leading,green,595.000000,-0.616319
T4_PC_pos-4,T4,PC,-4,leading,green,600.000000,-0.682870
T4_PC_pos-4,T4,PC,-4,leading,green,605.000000,-0.721933
T4_PC_pos-4,T4,PC,-4,leading,green,610.000000,-0.760995
T4_PC_pos-4,T4,PC,-4,leading,green,615.000000,-0.763889
T4_PC_pos-4,T4,PC,-4,leading,green,620.000000,-0.734954
T4_PC_pos-4,T4,PC,-4,leading,green,625.000000,-0.652488
T4_PC_pos-4,T4,PC,-4,leading,green,630.000000,-0.564236
T4_PC_pos-4,T4,PC,-4,leading,green,635.000000,-0.525174
T4_PC_pos-4,T4,PC,-4,leading,green,640.000000,-0.486111
T4_PC_pos-4,T4,PC,-4,leading,green,645.000000,-0.486111
T4_PC_pos-4,T4,PC,-4,leading,green,650.000000,-0.486111
T4_PC_pos-4,T4,PC,-4,leading,green,655.000000,-0.461516
T4_PC_pos-4,T4,PC,-4,leading,green,660.000000,-0.439815
T4_PC_pos-4,T4,PC,-4,leading,green,665.000000,-0.429687
T4_PC_pos-4,T4,PC,-4,leading,green,670.000000,-0.393519
T4_PC_pos-4,T4,PC,-4,leading,green,675.000000,-0.393519
T4_PC_pos-4,T4,PC,-4,leading,green,680.000000,-0.393519
T4_PC_pos-4,T4,PC,-4,leading,green,685.000000,-0.421007
T4_PC_pos-4,T4,PC,-4,leading,green,690.000000,-0.460069
T4_PC_pos-4,T4,PC,-4,leading,green,695.000000,-0.499132
T4_PC_pos-4,T4,PC,-4,leading,green,700.000000,-0.532407
T4_PC_pos-4,T4,PC,-4,leading,green,705.000000,-0.532407
T4_PC_pos-4,T4,PC,-4,leading,green,710.000000,-0.607639
T4_PC_pos-4,T4,PC,-4,leading,green,715.000000,-0.625000
T4_PC_pos-4,T4,PC,-4,leading,green,720.000000,-0.625000
T4_PC_pos-4,T4,PC,-4,leading,green,725.000000,-0.640914
T4_PC_pos-4,T4,PC,-4,leading,green,730.000000,-0.671296
T4_NC_pos-4,T4,NC,-4,leading,black,-355.000000,0.000000
T4_NC_pos-4,T4,NC,-4,leading,black,-350.000000,0.000000
T4_NC_pos-4,T4,NC,-4,leading,black,-345.000000,0.000000
T4_NC_pos-4,T4,NC,-4,leading,black,-340.000000,0.000000
T4_NC_pos-4,T4,NC,-4,leading,black,-335.000000,0.000000
T4_NC_pos-4,T4,NC,-4,leading,black,-330.000000,0.000000
T4_NC_pos-4,T4,NC,-4,leading,black,-325.000000,0.000000
T4_NC_pos-4,T4,NC,-4,leading,black,-320.000000,0.000000
T4_NC_pos-4,T4,NC,-4,leading,black,-315.000000,0.000000
T4_NC_pos-4,T4,NC,-4,leading,black,-310.000000,0.000000
T4_NC_pos-4,T4,NC,-4,leading,black,-305.000000,0.000000
T4_NC_pos-4,T4,NC,-4,leading,black,-300.000000,0.000000
T4_NC_pos-4,T4,NC,-4,leading,black,-295.000000,0.000000
T4_NC_pos-4,T4,NC,-4,leading,black,-290.000000,0.000000
T4_NC_pos-4,T4,NC,-4,leading,black,-285.000000,0.000000
T4_NC_pos-4,T4,NC,-4,leading,black,-280.000000,0.000000
T4_NC_pos-4,T4,NC,-4,leading,black,-275.000000,0.000000
T4_NC_pos-4,T4,NC,-4,leading,black,-270.000000,0.000000
T4_NC_pos-4,T4,NC,-4,leading,black,-265.000000,0.000000
T4_NC_pos-4,T4,NC,-4,leading,black,-260.000000,0.000000
T4_NC_pos-4,T4,NC,-4,leading,black,-255.000000,0.000000
T4_NC_pos-4,T4,NC,-4,leading,black,-250.000000,0.000000
T4_NC_pos-4,T4,NC,-4,leading,black,-245.000000,0.000000
T4_NC_pos-4,T4,NC,-4,leading,black,-240.000000,0.000000
T4_NC_pos-4,T4,NC,-4,leading,black,-235.000000,0.000000
T4_NC_pos-4,T4,NC,-4,leading,black,-230.000000,0.000000
T4_NC_pos-4,T4,NC,-4,leading,black,-225.000000,0.000000
T4_NC_pos-4,T4,NC,-4,leading,black,-220.000000,0.000000
T4_NC_pos-4,T4,NC,-4,leading,black,-215.000000,0.000000
T4_NC_pos-4,T4,NC,-4,leading,black,-210.000000,0.000000
T4_NC_pos-4,T4,NC,-4,leading,black,-205.000000,0.000000
T4_NC_pos-4,T4,NC,-4,leading,black,-200.000000,-0.028935
T4_NC_pos-4,T4,NC,-4,leading,black,-195.000000,-0.111400
T4_NC_pos-4,T4,NC,-4,leading,black,-190.000000,-0.072338
T4_NC_pos-4,T4,NC,-4,leading,black,-185.000000,-0.069444
T4_NC_pos-4,T4,NC,-4,leading,black,-180.000000,-0.069444
T4_NC_pos-4,T4,NC,-4,leading,black,-175.000000,-0.069444
T4_NC_pos-4,T4,NC,-4,leading,black,-170.000000,-0.069444
T4_NC_pos-4,T4,NC,-4,leading,black,-165.000000,-0.069444
T4_NC_pos-4,T4,NC,-4,leading,black,-160.000000,-0.069444
T4_NC_pos-4,T4,NC,-4,leading,black,-155.000000,-0.069444
T4_NC_pos-4,T4,NC,-4,leading,black,-150.000000,-0.069444
T4_NC_pos-4,T4,NC,-4,leading,black,-145.000000,-0.020255
T4_NC_pos-4,T4,NC,-4,leading,black,-140.000000,0.023148
T4_NC_pos-4,T4,NC,-4,leading,black,-135.000000,0.023148
T4_NC_pos-4,T4,NC,-4,leading,black,-130.000000,0.023148
T4_NC_pos-4,T4,NC,-4,leading,black,-125.000000,0.023148
T4_NC_pos-4,T4,NC,-4,leading,black,-120.000000,-0.011574
T4_NC_pos-4,T4,NC,-4,leading,black,-115.000000,-0.050637
T4_NC_pos-4,T4,NC,-4,leading,black,-110.000000,-0.069444
T4_NC_pos-4,T4,NC,-4,leading,black,-105.000000,-0.082465
T4_NC_pos-4,T4,NC,-4,leading,black,-100.000000,-0.121528
T4_NC_pos-4,T4,NC,-4,leading,black,-95.000000,-0.160590
T4_NC_pos-4,T4,NC,-4,leading,black,-90.000000,-0.162037
T4_NC_pos-4,T4,NC,-4,leading,black,-85.000000,-0.131655
T4_NC_pos-4,T4,NC,-4,leading,black,-80.000000,-0.115741
T4_NC_pos-4,T4,NC,-4,leading,black,-75.000000,-0.115741
T4_NC_pos-4,T4,NC,-4,leading,black,-70.000000,-0.115741
T4_NC_pos-4,T4,NC,-4,leading,black,-65.000000,-0.115741
T4_NC_pos-4,T4,NC,-4,leading,black,-60.000000,-0.115741
T4_NC_pos-4,T4,NC,-4,leading,black,-55.000000,-0.082465
T4_NC_pos-4,T4,NC,-4,leading,black,-50.000000,-0.043403
T4_NC_pos-4,T4,NC,-4,leading,black,-45.000000,-0.004340
T4_NC_pos-4,T4,NC,-4,leading,black,-40.000000,0.046296
T4_NC_pos-4,T4,NC,-4,leading,black,-35.000000,0.120081
T4_NC_pos-4,T4,NC,-4,leading,black,-30.000000,0.159144
T4_NC_pos-4,T4,NC,-4,leading,black,-25.000000,0.234375
T4_NC_pos-4,T4,NC,-4,leading,black,-20.000000,0.312500
T4_NC_pos-4,T4,NC,-4,leading,black,-15.000000,0.347222
T4_NC_pos-4,T4,NC,-4,leading,black,-10.000000,0.318287
T4_NC_pos-4,T4,NC,-4,leading,black,-5.000000,0.247396
T4_NC_pos-4,T4,NC,-4,leading,black,0.000000,0.208333
T4_NC_pos-4,T4,NC,-4,leading,black,5.000000,0.208333
T4_NC_pos-4,T4,NC,-4,leading,black,10.000000,0.208333
T4_NC_pos-4,T4,NC,-4,leading,black,15.000000,0.183738
T4_NC_pos-4,T4,NC,-4,leading,black,20.000000,0.144676
T4_NC_pos-4,T4,NC,-4,leading,black,25.000000,0.105613
T4_NC_pos-4,T4,NC,-4,leading,black,30.000000,0.063657
T4_NC_pos-4,T4,NC,-4,leading,black,35.000000,-0.014468
T4_NC_pos-4,T4,NC,-4,leading,black,40.000000,-0.162037
T4_NC_pos-4,T4,NC,-4,leading,black,45.000000,-0.290799
T4_NC_pos-4,T4,NC,-4,leading,black,50.000000,-0.428241
T4_NC_pos-4,T4,NC,-4,leading,black,55.000000,-0.597512
T4_NC_pos-4,T4,NC,-4,leading,black,60.000000,-0.781250
T4_NC_pos-4,T4,NC,-4,leading,black,65.000000,-0.898438
T4_NC_pos-4,T4,NC,-4,leading,black,70.000000,-1.015625
T4_NC_pos-4,T4,NC,-4,leading,black,75.000000,-1.132812
T4_NC_pos-4,T4,NC,-4,leading,black,80.000000,-1.203704
T4_NC_pos-4,T4,NC,-4,leading,black,85.000000,-1.242766
T4_NC_pos-4,T4,NC,-4,leading,black,90.000000,-1.281829
T4_NC_pos-4,T4,NC,-4,leading,black,95.000000,-1.319444
T4_NC_pos-4,T4,NC,-4,leading,black,100.000000,-1.319444
T4_NC_pos-4,T4,NC,-4,leading,black,105.000000,-1.319444
T4_NC_pos-4,T4,NC,-4,leading,black,110.000000,-1.319444
T4_NC_pos-4,T4,NC,-4,leading,black,115.000000,-1.319444
T4_NC_pos-4,T4,NC,-4,leading,black,120.000000,-1.331019
T4_NC_pos-4,T4,NC,-4,leading,black,125.000000,-1.365741
T4_NC_pos-4,T4,NC,-4,leading,black,130.000000,-1.365741
T4_NC_pos-4,T4,NC,-4,leading,black,135.000000,-1.438079
T4_NC_pos-4,T4,NC,-4,leading,black,140.000000,-1.516204
T4_NC_pos-4,T4,NC,-4,leading,black,145.000000,-1.594329
T4_NC_pos-4,T4,NC,-4,leading,black,150.000000,-1.657986
T4_NC_pos-4,T4,NC,-4,leading,black,155.000000,-1.689815
T4_NC_pos-4,T4,NC,-4,leading,black,160.000000,-1.689815
T4_NC_pos-4,T4,NC,-4,leading,black,165.000000,-1.689815
T4_NC_pos-4,T4,NC,-4,leading,black,170.000000,-1.689815
T4_NC_pos-4,T4,NC,-4,leading,black,175.000000,-1.665220
T4_NC_pos-4,T4,NC,-4,leading,black,180.000000,-1.626157
T4_NC_pos-4,T4,NC,-4,leading,black,185.000000,-1.576968
T4_NC_pos-4,T4,NC,-4,leading,black,190.000000,-1.498843
T4_NC_pos-4,T4,NC,-4,leading,black,195.000000,-1.420718
T4_NC_pos-4,T4,NC,-4,leading,black,200.000000,-1.307870
T4_NC_pos-4,T4,NC,-4,leading,black,205.000000,-1.163194
T4_NC_pos-4,T4,NC,-4,leading,black,210.000000,-1.006944
T4_NC_pos-4,T4,NC,-4,leading,black,215.000000,-0.863715
T4_NC_pos-4,T4,NC,-4,leading,black,220.000000,-0.746528
T4_NC_pos-4,T4,NC,-4,leading,black,225.000000,-0.629340
T4_NC_pos-4,T4,NC,-4,leading,black,230.000000,-0.549769
T4_NC_pos-4,T4,NC,-4,leading,black,235.000000,-0.441262
T4_NC_pos-4,T4,NC,-4,leading,black,240.000000,-0.324074
T4_NC_pos-4,T4,NC,-4,leading,black,245.000000,-0.238715
T4_NC_pos-4,T4,NC,-4,leading,black,250.000000,-0.190972
T4_NC_pos-4,T4,NC,-4,leading,black,255.000000,-0.114294
T4_NC_pos-4,T4,NC,-4,leading,black,260.000000,-0.075231
T4_NC_pos-4,T4,NC,-4,leading,black,265.000000,-0.069444
T4_NC_pos-4,T4,NC,-4,leading,black,270.000000,-0.017361
T4_NC_pos-4,T4,NC,-4,leading,black,275.000000,0.060764
T4_NC_pos-4,T4,NC,-4,leading,black,280.000000,0.138889
T4_NC_pos-4,T4,NC,-4,leading,black,285.000000,0.208333
T4_NC_pos-4,T4,NC,-4,leading,black,290.000000,0.208333
T4_NC_pos-4,T4,NC,-4,leading,black,295.000000,0.208333
T4_NC_pos-4,T4,NC,-4,leading,black,300.000000,0.266204
T4_NC_pos-4,T4,NC,-4,leading,black,305.000000,0.300926
T4_NC_pos-4,T4,NC,-4,leading,black,310.000000,0.315394
T4_NC_pos-4,T4,NC,-4,leading,black,315.000000,0.354456
T4_NC_pos-4,T4,NC,-4,leading,black,320.000000,0.393519
T4_NC_pos-4,T4,NC,-4,leading,black,325.000000,0.432581
T4_NC_pos-4,T4,NC,-4,leading,black,330.000000,0.471644
T4_NC_pos-4,T4,NC,-4,leading,black,335.000000,0.486111
T4_NC_pos-4,T4,NC,-4,leading,black,340.000000,0.486111
T4_NC_pos-4,T4,NC,-4,leading,black,345.000000,0.486111
T4_NC_pos-4,T4,NC,-4,leading,black,350.000000,0.486111
T4_NC_pos-4,T4,NC,-4,leading,black,355.000000,0.486111
T4_NC_pos-4,T4,NC,-4,leading,black,360.000000,0.590278
T4_NC_pos-4,T4,NC,-4,leading,black,365.000000,0.679977
T4_NC_pos-4,T4,NC,-4,leading,black,370.000000,0.778356
T4_NC_pos-4,T4,NC,-4,leading,black,375.000000,0.882523
T4_NC_pos-4,T4,NC,-4,leading,black,380.000000,0.966435
T4_NC_pos-4,T4,NC,-4,leading,black,385.000000,1.083623
T4_NC_pos-4,T4,NC,-4,leading,black,390.000000,1.125579
T4_NC_pos-4,T4,NC,-4,leading,black,395.000000,1.134259
T4_NC_pos-4,T4,NC,-4,leading,black,400.000000,1.087963
T4_NC_pos-4,T4,NC,-4,leading,black,405.000000,1.025752
T4_NC_pos-4,T4,NC,-4,leading,black,410.000000,0.978009
T4_NC_pos-4,T4,NC,-4,leading,black,415.000000,0.901331
T4_NC_pos-4,T4,NC,-4,leading,black,420.000000,0.862269
T4_NC_pos-4,T4,NC,-4,leading,black,425.000000,0.856481
T4_NC_pos-4,T4,NC,-4,leading,black,430.000000,0.908565
T4_NC_pos-4,T4,NC,-4,leading,black,435.000000,0.949074
T4_NC_pos-4,T4,NC,-4,leading,black,440.000000,0.949074
T4_NC_pos-4,T4,NC,-4,leading,black,445.000000,0.957755
T4_NC_pos-4,T4,NC,-4,leading,black,450.000000,1.035880
T4_NC_pos-4,T4,NC,-4,leading,black,455.000000,1.041667
T4_NC_pos-4,T4,NC,-4,leading,black,460.000000,1.099537
T4_NC_pos-4,T4,NC,-4,leading,black,465.000000,1.155961
T4_NC_pos-4,T4,NC,-4,leading,black,470.000000,1.195023
T4_NC_pos-4,T4,NC,-4,leading,black,475.000000,1.226852
T4_NC_pos-4,T4,NC,-4,leading,black,480.000000,1.226852
T4_NC_pos-4,T4,NC,-4,leading,black,485.000000,1.304977
T4_NC_pos-4,T4,NC,-4,leading,black,490.000000,1.319444
T4_NC_pos-4,T4,NC,-4,leading,black,495.000000,1.270255
T4_NC_pos-4,T4,NC,-4,leading,black,500.000000,1.192130
T4_NC_pos-4,T4,NC,-4,leading,black,505.000000,1.114005
T4_NC_pos-4,T4,NC,-4,leading,black,510.000000,1.038773
T4_NC_pos-4,T4,NC,-4,leading,black,515.000000,0.999711
T4_NC_pos-4,T4,NC,-4,leading,black,520.000000,0.995370
T4_NC_pos-4,T4,NC,-4,leading,black,525.000000,1.022859
T4_NC_pos-4,T4,NC,-4,leading,black,530.000000,1.041667
T4_NC_pos-4,T4,NC,-4,leading,black,535.000000,1.041667
T4_NC_pos-4,T4,NC,-4,leading,black,540.000000,1.041667
T4_NC_pos-4,T4,NC,-4,leading,black,545.000000,1.041667
T4_NC_pos-4,T4,NC,-4,leading,black,550.000000,1.041667
T4_NC_pos-4,T4,NC,-4,leading,black,555.000000,1.041667
T4_NC_pos-4,T4,NC,-4,leading,black,560.000000,1.041667
T4_NC_pos-4,T4,NC,-4,leading,black,565.000000,1.009838
T4_NC_pos-4,T4,NC,-4,leading,black,570.000000,0.931713
T4_NC_pos-4,T4,NC,-4,leading,black,575.000000,0.853588
T4_NC_pos-4,T4,NC,-4,leading,black,580.000000,0.775463
T4_NC_pos-4,T4,NC,-4,leading,black,585.000000,0.730613
T4_NC_pos-4,T4,NC,-4,leading,black,590.000000,0.639468
T4_NC_pos-4,T4,NC,-4,leading,black,595.000000,0.559896
T4_NC_pos-4,T4,NC,-4,leading,black,600.000000,0.532407
T4_NC_pos-4,T4,NC,-4,leading,black,605.000000,0.532407
T4_NC_pos-4,T4,NC,-4,leading,black,610.000000,0.532407
T4_NC_pos-4,T4,NC,-4,leading,black,615.000000,0.532407
T4_NC_pos-4,T4,NC,-4,leading,black,620.000000,0.474537
T4_NC_pos-4,T4,NC,-4,leading,black,625.000000,0.418113
T4_NC_pos-4,T4,NC,-4,leading,black,630.000000,0.364583
T4_NC_pos-4,T4,NC,-4,leading,black,635.000000,0.300926
T4_NC_pos-4,T4,NC,-4,leading,black,640.000000,0.300926
T4_NC_pos-4,T4,NC,-4,leading,black,645.000000,0.300926
T4_NC_pos-4,T4,NC,-4,leading,black,650.000000,0.300926
T4_NC_pos-4,T4,NC,-4,leading,black,655.000000,0.350116
T4_NC_pos-4,T4,NC,-4,leading,black,660.000000,0.393519
T4_NC_pos-4,T4,NC,-4,leading,black,665.000000,0.393519
T4_NC_pos-4,T4,NC,-4,leading,black,670.000000,0.396412
T4_NC_pos-4,T4,NC,-4,leading,black,675.000000,0.435475
T4_NC_pos-4,T4,NC,-4,leading,black,680.000000,0.439815
T4_NC_pos-4,T4,NC,-4,leading,black,685.000000,0.384838
T4_NC_pos-4,T4,NC,-4,leading,black,690.000000,0.347222
T4_NC_pos-4,T4,NC,-4,leading,black,695.000000,0.360243
T4_NC_pos-4,T4,NC,-4,leading,black,700.000000,0.399306
T4_NC_pos-4,T4,NC,-4,leading,black,705.000000,0.438368
T4_NC_pos-4,T4,NC,-4,leading,black,710.000000,0.477431
T4_NC_pos-4,T4,NC,-4,leading,black,715.000000,0.516493
T4_NC_pos-4,T4,NC,-4,leading,black,720.000000,0.532407
T4_NC_pos-4,T4,NC,-4,leading,black,725.000000,0.532407
T4_PC_pos-3,T4,PC,-3,leading,green,-355.000000,0.000000
T4_PC_pos-3,T4,PC,-3,leading,green,-350.000000,0.000000
T4_PC_pos-3,T4,PC,-3,leading,green,-345.000000,0.000000
T4_PC_pos-3,T4,PC,-3,leading,green,-340.000000,0.000000
T4_PC_pos-3,T4,PC,-3,leading,green,-335.000000,0.000000
T4_PC_pos-3,T4,PC,-3,leading,green,-330.000000,0.000000
T4_PC_pos-3,T4,PC,-3,leading,green,-325.000000,0.000000
T4_PC_pos-3,T4,PC,-3,leading,green,-320.000000,0.000000
T4_PC_pos-3,T4,PC,-3,leading,green,-315.000000,0.000000
T4_PC_pos-3,T4,PC,-3,leading,green,-310.000000,0.000000
T4_PC_pos-3,T4,PC,-3,leading,green,-305.000000,0.000000
T4_PC_pos-3,T4,PC,-3,leading,green,-300.000000,0.000000
T4_PC_pos-3,T4,PC,-3,leading,green,-295.000000,0.000000
T4_PC_pos-3,T4,PC,-3,leading,green,-290.000000,0.000000
T4_PC_pos-3,T4,PC,-3,leading,green,-285.000000,0.000000
T4_PC_pos-3,T4,PC,-3,leading,green,-280.000000,0.000000
T4_PC_pos-3,T4,PC,-3,leading,green,-275.000000,0.000000
T4_PC_pos-3,T4,PC,-3,leading,green,-270.000000,0.000000
T4_PC_pos-3,T4,PC,-3,leading,green,-265.000000,0.000000
T4_PC_pos-3,T4,PC,-3,leading,green,-260.000000,0.000000
T4_PC_pos-3,T4,PC,-3,leading,green,-255.000000,0.000000
T4_PC_pos-3,T4,PC,-3,leading,green,-250.000000,0.000000
T4_PC_pos-3,T4,PC,-3,leading,green,-245.000000,0.000000
T4_PC_pos-3,T4,PC,-3,leading,green,-240.000000,0.000000
T4_PC_pos-3,T4,PC,-3,leading,green,-235.000000,0.000000
T4_PC_pos-3,T4,PC,-3,leading,green,-230.000000,0.000000
T4_PC_pos-3,T4,PC,-3,leading,green,-225.000000,0.000000
T4_PC_pos-3,T4,PC,-3,leading,green,-220.000000,0.000000
T4_PC_pos-3,T4,PC,-3,leading,green,-215.000000,0.000000
T4_PC_pos-3,T4,PC,-3,leading,green,-210.000000,0.000000
T4_PC_pos-3,T4,PC,-3,leading,green,-205.000000,0.047020
T4_PC_pos-3,T4,PC,-3,leading,green,-200.000000,0.127315
T4_PC_pos-3,T4,PC,-3,leading,green,-195.000000,0.162037
T4_PC_pos-3,T4,PC,-3,leading,green,-190.000000,0.162037
T4_PC_pos-3,T4,PC,-3,leading,green,-185.000000,-0.163484
T4_PC_pos-3,T4,PC,-3,leading,green,-180.000000,-0.254630
T4_PC_pos-3,T4,PC,-3,leading,green,-175.000000,-0.254630
T4_PC_pos-3,T4,PC,-3,leading,green,-170.000000,-0.254630
T4_PC_pos-3,T4,PC,-3,leading,green,-165.000000,-0.254630
T4_PC_pos-3,T4,PC,-3,leading,green,-160.000000,-0.254630
T4_PC_pos-3,T4,PC,-3,leading,green,-155.000000,-0.254630
T4_PC_pos-3,T4,PC,-3,leading,green,-150.000000,-0.254630
T4_PC_pos-3,T4,PC,-3,leading,green,-145.000000,-0.254630
T4_PC_pos-3,T4,PC,-3,leading,green,-140.000000,-0.237269
T4_PC_pos-3,T4,PC,-3,leading,green,-135.000000,-0.198206
T4_PC_pos-3,T4,PC,-3,leading,green,-130.000000,-0.159144
T4_PC_pos-3,T4,PC,-3,leading,green,-125.000000,-0.120081
T4_PC_pos-3,T4,PC,-3,leading,green,-120.000000,-0.115741
T4_PC_pos-3,T4,PC,-3,leading,green,-115.000000,-0.033275
T4_PC_pos-3,T4,PC,-3,leading,green,-110.000000,0.023148
T4_PC_pos-3,T4,PC,-3,leading,green,-105.000000,0.023148
T4_PC_pos-3,T4,PC,-3,leading,green,-100.000000,0.023148
T4_PC_pos-3,T4,PC,-3,leading,green,-95.000000,0.023148
T4_PC_pos-3,T4,PC,-3,leading,green,-90.000000,0.060764
T4_PC_pos-3,T4,PC,-3,leading,green,-85.000000,0.069444
T4_PC_pos-3,T4,PC,-3,leading,green,-80.000000,0.046296
T4_PC_pos-3,T4,PC,-3,leading,green,-75.000000,0.007234
T4_PC_pos-3,T4,PC,-3,leading,green,-70.000000,-0.031829
T4_PC_pos-3,T4,PC,-3,leading,green,-65.000000,-0.069444
T4_PC_pos-3,T4,PC,-3,leading,green,-60.000000,-0.069444
T4_PC_pos-3,T4,PC,-3,leading,green,-55.000000,-0.069444
T4_PC_pos-3,T4,PC,-3,leading,green,-50.000000,-0.069444
T4_PC_pos-3,T4,PC,-3,leading,green,-45.000000,-0.088252
T4_PC_pos-3,T4,PC,-3,leading,green,-40.000000,-0.115741
T4_PC_pos-3,T4,PC,-3,leading,green,-35.000000,-0.111400
T4_PC_pos-3,T4,PC,-3,leading,green,-30.000000,-0.072338
T4_PC_pos-3,T4,PC,-3,leading,green,-25.000000,-0.069444
T4_PC_pos-3,T4,PC,-3,leading,green,-20.000000,-0.091146
T4_PC_pos-3,T4,PC,-3,leading,green,-15.000000,-0.104167
T4_PC_pos-3,T4,PC,-3,leading,green,-10.000000,-0.100550
T4_PC_pos-3,T4,PC,-3,leading,green,-5.000000,-0.090784
T4_PC_pos-3,T4,PC,-3,leading,green,0.000000,-0.081019
T4_PC_pos-3,T4,PC,-3,leading,green,5.000000,-0.071253
T4_PC_pos-3,T4,PC,-3,leading,green,10.000000,-0.037616
T4_PC_pos-3,T4,PC,-3,leading,green,15.000000,-0.023148
T4_PC_pos-3,T4,PC,-3,leading,green,20.000000,-0.023148
T4_PC_pos-3,T4,PC,-3,leading,green,25.000000,-0.023148
T4_PC_pos-3,T4,PC,-3,leading,green,30.000000,0.002894
T4_PC_pos-3,T4,PC,-3,leading,green,35.000000,0.354456
T4_PC_pos-3,T4,PC,-3,leading,green,40.000000,2.372685
T4_PC_pos-3,T4,PC,-3,leading,green,45.000000,4.021991
T4_PC_pos-3,T4,PC,-3,leading,green,50.000000,5.428241
T4_PC_pos-3,T4,PC,-3,leading,green,55.000000,6.743345
T4_PC_pos-3,T4,PC,-3,leading,green,60.000000,7.864583
T4_PC_pos-3,T4,PC,-3,leading,green,65.000000,8.919271
T4_PC_pos-3,T4,PC,-3,leading,green,70.000000,9.673032
T4_PC_pos-3,T4,PC,-3,leading,green,75.000000,10.324074
T4_PC_pos-3,T4,PC,-3,leading,green,80.000000,10.879630
T4_PC_pos-3,T4,PC,-3,leading,green,85.000000,11.355613
T4_PC_pos-3,T4,PC,-3,leading,green,90.000000,11.793981
T4_PC_pos-3,T4,PC,-3,leading,green,95.000000,12.261285
T4_PC_pos-3,T4,PC,-3,leading,green,100.000000,12.690972
T4_PC_pos-3,T4,PC,-3,leading,green,105.000000,13.120660
T4_PC_pos-3,T4,PC,-3,leading,green,110.000000,13.550347
T4_PC_pos-3,T4,PC,-3,leading,green,115.000000,13.998843
T4_PC_pos-3,T4,PC,-3,leading,green,120.000000,14.409722
T4_PC_pos-3,T4,PC,-3,leading,green,125.000000,14.691840
T4_PC_pos-3,T4,PC,-3,leading,green,130.000000,15.043403
T4_PC_pos-3,T4,PC,-3,leading,green,135.000000,15.322627
T4_PC_pos-3,T4,PC,-3,leading,green,140.000000,15.567130
T4_PC_pos-3,T4,PC,-3,leading,green,145.000000,15.779803
T4_PC_pos-3,T4,PC,-3,leading,green,150.000000,16.018519
T4_PC_pos-3,T4,PC,-3,leading,green,155.000000,16.309317
T4_PC_pos-3,T4,PC,-3,leading,green,160.000000,16.504630
T4_PC_pos-3,T4,PC,-3,leading,green,165.000000,16.817130
T4_PC_pos-3,T4,PC,-3,leading,green,170.000000,17.002315
T4_PC_pos-3,T4,PC,-3,leading,green,175.000000,17.060185
T4_PC_pos-3,T4,PC,-3,leading,green,180.000000,17.042824
T4_PC_pos-3,T4,PC,-3,leading,green,185.000000,16.912616
T4_PC_pos-3,T4,PC,-3,leading,green,190.000000,16.513310
T4_PC_pos-3,T4,PC,-3,leading,green,195.000000,16.005498
T4_PC_pos-3,T4,PC,-3,leading,green,200.000000,15.393519
T4_PC_pos-3,T4,PC,-3,leading,green,205.000000,14.658565
T4_PC_pos-3,T4,PC,-3,leading,green,210.000000,13.877315
T4_PC_pos-3,T4,PC,-3,leading,green,215.000000,13.109086
T4_PC_pos-3,T4,PC,-3,leading,green,220.000000,12.372685
T4_PC_pos-3,T4,PC,-3,leading,green,225.000000,11.669560
T4_PC_pos-3,T4,PC,-3,leading,green,230.000000,11.004051
T4_PC_pos-3,T4,PC,-3,leading,green,235.000000,10.400752
T4_PC_pos-3,T4,PC,-3,leading,green,240.000000,9.837963
T4_PC_pos-3,T4,PC,-3,leading,green,245.000000,9.307002
T4_PC_pos-3,T4,PC,-3,leading,green,250.000000,8.807870
T4_PC_pos-3,T4,PC,-3,leading,green,255.000000,8.340567
T4_PC_pos-3,T4,PC,-3,leading,green,260.000000,7.910880
T4_PC_pos-3,T4,PC,-3,leading,green,265.000000,7.481192
T4_PC_pos-3,T4,PC,-3,leading,green,270.000000,7.103588
T4_PC_pos-3,T4,PC,-3,leading,green,275.000000,6.770833
T4_PC_pos-3,T4,PC,-3,leading,green,280.000000,6.458333
T4_PC_pos-3,T4,PC,-3,leading,green,285.000000,6.145833
T4_PC_pos-3,T4,PC,-3,leading,green,290.000000,5.833333
T4_PC_pos-3,T4,PC,-3,leading,green,295.000000,5.593171
T4_PC_pos-3,T4,PC,-3,leading,green,300.000000,5.300926
T4_PC_pos-3,T4,PC,-3,leading,green,305.000000,4.988426
T4_PC_pos-3,T4,PC,-3,leading,green,310.000000,4.690394
T4_PC_pos-3,T4,PC,-3,leading,green,315.000000,4.416956
T4_PC_pos-3,T4,PC,-3,leading,green,320.000000,4.143519
T4_PC_pos-3,T4,PC,-3,leading,green,325.000000,3.831019
T4_PC_pos-3,T4,PC,-3,leading,green,330.000000,3.614005
T4_PC_pos-3,T4,PC,-3,leading,green,335.000000,3.369502
T4_PC_pos-3,T4,PC,-3,leading,green,340.000000,3.165509
T4_PC_pos-3,T4,PC,-3,leading,green,345.000000,3.058449
T4_PC_pos-3,T4,PC,-3,leading,green,350.000000,2.954282
T4_PC_pos-3,T4,PC,-3,leading,green,355.000000,2.524595
T4_PC_pos-3,T4,PC,-3,leading,green,360.000000,2.407407
T4_PC_pos-3,T4,PC,-3,leading,green,365.000000,2.191840
T4_PC_pos-3,T4,PC,-3,leading,green,370.000000,1.958912
T4_PC_pos-3,T4,PC,-3,leading,green,375.000000,1.789641
T4_PC_pos-3,T4,PC,-3,leading,green,380.000000,1.666667
T4_PC_pos-3,T4,PC,-3,leading,green,385.000000,1.510417
T4_PC_pos-3,T4,PC,-3,leading,green,390.000000,1.391782
T4_PC_pos-3,T4,PC,-3,leading,green,395.000000,1.274595
T4_PC_pos-3,T4,PC,-3,leading,green,400.000000,1.157407
T4_PC_pos-3,T4,PC,-3,leading,green,405.000000,1.072049
T4_PC_pos-3,T4,PC,-3,leading,green,410.000000,1.024306
T4_PC_pos-3,T4,PC,-3,leading,green,415.000000,0.947627
T4_PC_pos-3,T4,PC,-3,leading,green,420.000000,0.908565
T4_PC_pos-3,T4,PC,-3,leading,green,425.000000,0.836227
T4_PC_pos-3,T4,PC,-3,leading,green,430.000000,0.758102
T4_PC_pos-3,T4,PC,-3,leading,green,435.000000,0.661169
T4_PC_pos-3,T4,PC,-3,leading,green,440.000000,0.543981
T4_PC_pos-3,T4,PC,-3,leading,green,445.000000,0.426794
T4_PC_pos-3,T4,PC,-3,leading,green,450.000000,0.309606
T4_PC_pos-3,T4,PC,-3,leading,green,455.000000,0.228588
T4_PC_pos-3,T4,PC,-3,leading,green,460.000000,0.150463
T4_PC_pos-3,T4,PC,-3,leading,green,465.000000,0.094039
T4_PC_pos-3,T4,PC,-3,leading,green,470.000000,0.040509
T4_PC_pos-3,T4,PC,-3,leading,green,475.000000,-0.037616
T4_PC_pos-3,T4,PC,-3,leading,green,480.000000,-0.115741
T4_PC_pos-3,T4,PC,-3,leading,green,485.000000,-0.193866
T4_PC_pos-3,T4,PC,-3,leading,green,490.000000,-0.303819
T4_PC_pos-3,T4,PC,-3,leading,green,495.000000,-0.371817
T4_PC_pos-3,T4,PC,-3,leading,green,500.000000,-0.428241
T4_PC_pos-3,T4,PC,-3,leading,green,505.000000,-0.486111
T4_PC_pos-3,T4,PC,-3,leading,green,510.000000,-0.486111
T4_PC_pos-3,T4,PC,-3,leading,green,515.000000,-0.486111
T4_PC_pos-3,T4,PC,-3,leading,green,520.000000,-0.520833
T4_PC_pos-3,T4,PC,-3,leading,green,525.000000,-0.532407
T4_PC_pos-3,T4,PC,-3,leading,green,530.000000,-0.552662
T4_PC_pos-3,T4,PC,-3,leading,green,535.000000,-0.591725
T4_PC_pos-3,T4,PC,-3,leading,green,540.000000,-0.630787
T4_PC_pos-3,T4,PC,-3,leading,green,545.000000,-0.669850
T4_PC_pos-3,T4,PC,-3,leading,green,550.000000,-0.708912
T4_PC_pos-3,T4,PC,-3,leading,green,555.000000,-0.778356
T4_PC_pos-3,T4,PC,-3,leading,green,560.000000,-0.810185
T4_PC_pos-3,T4,PC,-3,leading,green,565.000000,-0.810185
T4_PC_pos-3,T4,PC,-3,leading,green,570.000000,-0.818866
T4_PC_pos-3,T4,PC,-3,leading,green,575.000000,-0.856481
T4_PC_pos-3,T4,PC,-3,leading,green,580.000000,-0.856481
T4_PC_pos-3,T4,PC,-3,leading,green,585.000000,-0.889757
T4_PC_pos-3,T4,PC,-3,leading,green,590.000000,-0.902778
T4_PC_pos-3,T4,PC,-3,leading,green,595.000000,-0.902778
T4_PC_pos-3,T4,PC,-3,leading,green,600.000000,-0.902778
T4_PC_pos-3,T4,PC,-3,leading,green,605.000000,-0.898438
T4_PC_pos-3,T4,PC,-3,leading,green,610.000000,-0.859375
T4_PC_pos-3,T4,PC,-3,leading,green,615.000000,-0.784144
T4_PC_pos-3,T4,PC,-3,leading,green,620.000000,-0.734954
T4_PC_pos-3,T4,PC,-3,leading,green,625.000000,-0.717593
T4_PC_pos-3,T4,PC,-3,leading,green,630.000000,-0.717593
T4_PC_pos-3,T4,PC,-3,leading,green,635.000000,-0.717593
T4_PC_pos-3,T4,PC,-3,leading,green,640.000000,-0.717593
T4_PC_pos-3,T4,PC,-3,leading,green,645.000000,-0.795718
T4_PC_pos-3,T4,PC,-3,leading,green,650.000000,-0.810185
T4_PC_pos-3,T4,PC,-3,leading,green,655.000000,-0.883970
T4_PC_pos-3,T4,PC,-3,leading,green,660.000000,-0.966435
T4_PC_pos-3,T4,PC,-3,leading,green,665.000000,-0.995370
T4_PC_pos-3,T4,PC,-3,leading,green,670.000000,-1.001157
T4_PC_pos-3,T4,PC,-3,leading,green,675.000000,-1.079282
T4_PC_pos-3,T4,PC,-3,leading,green,680.000000,-1.087963
T4_PC_pos-3,T4,PC,-3,leading,green,685.000000,-1.087963
T4_PC_pos-3,T4,PC,-3,leading,green,690.000000,-1.108218
T4_PC_pos-3,T4,PC,-3,leading,green,695.000000,-1.147280
T4_PC_pos-3,T4,PC,-3,leading,green,700.000000,-1.186343
T4_PC_pos-3,T4,PC,-3,leading,green,705.000000,-1.225405
T4_PC_pos-3,T4,PC,-3,leading,green,710.000000,-1.264468
T4_PC_pos-3,T4,PC,-3,leading,green,715.000000,-1.303530
T4_PC_pos-3,T4,PC,-3,leading,green,720.000000,-1.342593
T4_PC_pos-3,T4,PC,-3,leading,green,725.000000,-1.365741
T4_NC_pos-3,T4,NC,-3,leading,black,-355.000000,0.000000
T4_NC_pos-3,T4,NC,-3,leading,black,-350.000000,0.000000
T4_NC_pos-3,T4,NC,-3,leading,black,-345.000000,0.000000
T4_NC_pos-3,T4,NC,-3,leading,black,-340.000000,0.000000
T4_NC_pos-3,T4,NC,-3,leading,black,-335.000000,0.000000
T4_NC_pos-3,T4,NC,-3,leading,black,-330.000000,0.000000
T4_NC_pos-3,T4,NC,-3,leading,black,-325.000000,0.000000
T4_NC_pos-3,T4,NC,-3,leading,black,-320.000000,0.000000
T4_NC_pos-3,T4,NC,-3,leading,black,-315.000000,0.000000
T4_NC_pos-3,T4,NC,-3,leading,black,-310.000000,0.000000
T4_NC_pos-3,T4,NC,-3,leading,black,-305.000000,0.000000
T4_NC_pos-3,T4,NC,-3,leading,black,-300.000000,0.000000
T4_NC_pos-3,T4,NC,-3,leading,black,-295.000000,0.000000
T4_NC_pos-3,T4,NC,-3,leading,black,-290.000000,0.000000
T4_NC_pos-3,T4,NC,-3,leading,black,-285.000000,0.000000
T4_NC_pos-3,T4,NC,-3,leading,black,-280.000000,0.000000
T4_NC_pos-3,T4,NC,-3,leading,black,-275.000000,0.000000
T4_NC_pos-3,T4,NC,-3,leading,black,-270.000000,0.000000
T4_NC_pos-3,T4,NC,-3,leading,black,-265.000000,0.000000
T4_NC_pos-3,T4,NC,-3,leading,black,-260.000000,0.000000
T4_NC_pos-3,T4,NC,-3,leading,black,-255.000000,0.000000
T4_NC_pos-3,T4,NC,-3,leading,black,-250.000000,0.000000
T4_NC_pos-3,T4,NC,-3,leading,black,-245.000000,0.000000
T4_NC_pos-3,T4,NC,-3,leading,black,-240.000000,0.000000
T4_NC_pos-3,T4,NC,-3,leading,black,-235.000000,0.000000
T4_NC_pos-3,T4,NC,-3,leading,black,-230.000000,0.000000
T4_NC_pos-3,T4,NC,-3,leading,black,-225.000000,0.000000
T4_NC_pos-3,T4,NC,-3,leading,black,-220.000000,0.000000
T4_NC_pos-3,T4,NC,-3,leading,black,-215.000000,0.000000
T4_NC_pos-3,T4,NC,-3,leading,black,-210.000000,0.000000
T4_NC_pos-3,T4,NC,-3,leading,black,-205.000000,-0.028212
T4_NC_pos-3,T4,NC,-3,leading,black,-200.000000,-0.081019
T4_NC_pos-3,T4,NC,-3,leading,black,-195.000000,-0.115741
T4_NC_pos-3,T4,NC,-3,leading,black,-190.000000,-0.115741
T4_NC_pos-3,T4,NC,-3,leading,black,-185.000000,-0.079572
T4_NC_pos-3,T4,NC,-3,leading,black,-180.000000,-0.069444
T4_NC_pos-3,T4,NC,-3,leading,black,-175.000000,-0.069444
T4_NC_pos-3,T4,NC,-3,leading,black,-170.000000,-0.069444
T4_NC_pos-3,T4,NC,-3,leading,black,-165.000000,-0.076678
T4_NC_pos-3,T4,NC,-3,leading,black,-160.000000,-0.115741
T4_NC_pos-3,T4,NC,-3,leading,black,-155.000000,-0.076678
T4_NC_pos-3,T4,NC,-3,leading,black,-150.000000,-0.069444
T4_NC_pos-3,T4,NC,-3,leading,black,-145.000000,-0.020255
T4_NC_pos-3,T4,NC,-3,leading,black,-140.000000,0.040509
T4_NC_pos-3,T4,NC,-3,leading,black,-135.000000,0.089699
T4_NC_pos-3,T4,NC,-3,leading,black,-130.000000,0.164931
T4_NC_pos-3,T4,NC,-3,leading,black,-125.000000,0.203993
T4_NC_pos-3,T4,NC,-3,leading,black,-120.000000,0.208333
T4_NC_pos-3,T4,NC,-3,leading,black,-115.000000,0.235822
T4_NC_pos-3,T4,NC,-3,leading,black,-110.000000,0.274884
T4_NC_pos-3,T4,NC,-3,leading,black,-105.000000,0.300926
T4_NC_pos-3,T4,NC,-3,leading,black,-100.000000,0.300926
T4_NC_pos-3,T4,NC,-3,leading,black,-95.000000,0.300926
T4_NC_pos-3,T4,NC,-3,leading,black,-90.000000,0.300926
T4_NC_pos-3,T4,NC,-3,leading,black,-85.000000,0.300926
T4_NC_pos-3,T4,NC,-3,leading,black,-80.000000,0.300926
T4_NC_pos-3,T4,NC,-3,leading,black,-75.000000,0.285012
T4_NC_pos-3,T4,NC,-3,leading,black,-70.000000,0.237269
T4_NC_pos-3,T4,NC,-3,leading,black,-65.000000,0.162037
T4_NC_pos-3,T4,NC,-3,leading,black,-60.000000,0.162037
T4_NC_pos-3,T4,NC,-3,leading,black,-55.000000,0.162037
T4_NC_pos-3,T4,NC,-3,leading,black,-50.000000,0.162037
T4_NC_pos-3,T4,NC,-3,leading,black,-45.000000,0.180845
T4_NC_pos-3,T4,NC,-3,leading,black,-40.000000,0.208333
T4_NC_pos-3,T4,NC,-3,leading,black,-35.000000,0.208333
T4_NC_pos-3,T4,NC,-3,leading,black,-30.000000,0.208333
T4_NC_pos-3,T4,NC,-3,leading,black,-25.000000,0.208333
T4_NC_pos-3,T4,NC,-3,leading,black,-20.000000,0.179398
T4_NC_pos-3,T4,NC,-3,leading,black,-15.000000,0.162037
T4_NC_pos-3,T4,NC,-3,leading,black,-10.000000,0.162037
T4_NC_pos-3,T4,NC,-3,leading,black,-5.000000,0.169271
T4_NC_pos-3,T4,NC,-3,leading,black,0.000000,0.208333
T4_NC_pos-3,T4,NC,-3,leading,black,5.000000,0.247396
T4_NC_pos-3,T4,NC,-3,leading,black,10.000000,0.254630
T4_NC_pos-3,T4,NC,-3,leading,black,15.000000,0.254630
T4_NC_pos-3,T4,NC,-3,leading,black,20.000000,0.254630
T4_NC_pos-3,T4,NC,-3,leading,black,25.000000,0.244502
T4_NC_pos-3,T4,NC,-3,leading,black,30.000000,0.202546
T4_NC_pos-3,T4,NC,-3,leading,black,35.000000,0.124421
T4_NC_pos-3,T4,NC,-3,leading,black,40.000000,-0.023148
T4_NC_pos-3,T4,NC,-3,leading,black,45.000000,-0.206887
T4_NC_pos-3,T4,NC,-3,leading,black,50.000000,-0.422454
T4_NC_pos-3,T4,NC,-3,leading,black,55.000000,-0.643808
T4_NC_pos-3,T4,NC,-3,leading,black,60.000000,-0.844907
T4_NC_pos-3,T4,NC,-3,leading,black,65.000000,-1.079282
T4_NC_pos-3,T4,NC,-3,leading,black,70.000000,-1.238426
T4_NC_pos-3,T4,NC,-3,leading,black,75.000000,-1.394676
T4_NC_pos-3,T4,NC,-3,leading,black,80.000000,-1.527778
T4_NC_pos-3,T4,NC,-3,leading,black,85.000000,-1.629051
T4_NC_pos-3,T4,NC,-3,leading,black,90.000000,-1.715856
T4_NC_pos-3,T4,NC,-3,leading,black,95.000000,-1.831597
T4_NC_pos-3,T4,NC,-3,leading,black,100.000000,-1.909722
T4_NC_pos-3,T4,NC,-3,leading,black,105.000000,-2.021123
T4_NC_pos-3,T4,NC,-3,leading,black,110.000000,-2.138310
T4_NC_pos-3,T4,NC,-3,leading,black,115.000000,-2.236690
T4_NC_pos-3,T4,NC,-3,leading,black,120.000000,-2.326389
T4_NC_pos-3,T4,NC,-3,leading,black,125.000000,-2.443576
T4_NC_pos-3,T4,NC,-3,leading,black,130.000000,-2.560764
T4_NC_pos-3,T4,NC,-3,leading,black,135.000000,-2.641782
T4_NC_pos-3,T4,NC,-3,leading,black,140.000000,-2.748843
T4_NC_pos-3,T4,NC,-3,leading,black,145.000000,-2.822627
T4_NC_pos-3,T4,NC,-3,leading,black,150.000000,-2.847222
T4_NC_pos-3,T4,NC,-3,leading,black,155.000000,-2.847222
T4_NC_pos-3,T4,NC,-3,leading,black,160.000000,-2.847222
T4_NC_pos-3,T4,NC,-3,leading,black,165.000000,-2.808160
T4_NC_pos-3,T4,NC,-3,leading,black,170.000000,-2.769097
T4_NC_pos-3,T4,NC,-3,leading,black,175.000000,-2.754630
T4_NC_pos-3,T4,NC,-3,leading,black,180.000000,-2.737269
T4_NC_pos-3,T4,NC,-3,leading,black,185.000000,-2.698206
T4_NC_pos-3,T4,NC,-3,leading,black,190.000000,-2.650463
T4_NC_pos-3,T4,NC,-3,leading,black,195.000000,-2.494213
T4_NC_pos-3,T4,NC,-3,leading,black,200.000000,-2.303241
T4_NC_pos-3,T4,NC,-3,leading,black,205.000000,-2.080440
T4_NC_pos-3,T4,NC,-3,leading,black,210.000000,-1.825810
T4_NC_pos-3,T4,NC,-3,leading,black,215.000000,-1.539352
T4_NC_pos-3,T4,NC,-3,leading,black,220.000000,-1.238426
T4_NC_pos-3,T4,NC,-3,leading,black,225.000000,-1.004051
T4_NC_pos-3,T4,NC,-3,leading,black,230.000000,-0.769676
T4_NC_pos-3,T4,NC,-3,leading,black,235.000000,-0.535301
T4_NC_pos-3,T4,NC,-3,leading,black,240.000000,-0.324074
T4_NC_pos-3,T4,NC,-3,leading,black,245.000000,-0.160590
T4_NC_pos-3,T4,NC,-3,leading,black,250.000000,-0.034722
T4_NC_pos-3,T4,NC,-3,leading,black,255.000000,0.122975
T4_NC_pos-3,T4,NC,-3,leading,black,260.000000,0.318287
T4_NC_pos-3,T4,NC,-3,leading,black,265.000000,0.447049
T4_NC_pos-3,T4,NC,-3,leading,black,270.000000,0.538194
T4_NC_pos-3,T4,NC,-3,leading,black,275.000000,0.635127
T4_NC_pos-3,T4,NC,-3,leading,black,280.000000,0.740741
T4_NC_pos-3,T4,NC,-3,leading,black,285.000000,0.827546
T4_NC_pos-3,T4,NC,-3,leading,black,290.000000,0.983796
T4_NC_pos-3,T4,NC,-3,leading,black,295.000000,1.140046
T4_NC_pos-3,T4,NC,-3,leading,black,300.000000,1.296296
T4_NC_pos-3,T4,NC,-3,leading,black,305.000000,1.430845
T4_NC_pos-3,T4,NC,-3,leading,black,310.000000,1.519097
T4_NC_pos-3,T4,NC,-3,leading,black,315.000000,1.572627
T4_NC_pos-3,T4,NC,-3,leading,black,320.000000,1.689815
T4_NC_pos-3,T4,NC,-3,leading,black,325.000000,1.807002
T4_NC_pos-3,T4,NC,-3,leading,black,330.000000,1.956019
T4_NC_pos-3,T4,NC,-3,leading,black,335.000000,2.136863
T4_NC_pos-3,T4,NC,-3,leading,black,340.000000,2.332176
T4_NC_pos-3,T4,NC,-3,leading,black,345.000000,2.517361
T4_NC_pos-3,T4,NC,-3,leading,black,350.000000,2.664931
T4_NC_pos-3,T4,NC,-3,leading,black,355.000000,2.703993
T4_NC_pos-3,T4,NC,-3,leading,black,360.000000,2.743056
T4_NC_pos-3,T4,NC,-3,leading,black,365.000000,2.809606
T4_NC_pos-3,T4,NC,-3,leading,black,370.000000,2.907986
T4_NC_pos-3,T4,NC,-3,leading,black,375.000000,3.025174
T4_NC_pos-3,T4,NC,-3,leading,black,380.000000,3.142361
T4_NC_pos-3,T4,NC,-3,leading,black,385.000000,3.259549
T4_NC_pos-3,T4,NC,-3,leading,black,390.000000,3.339120
T4_NC_pos-3,T4,NC,-3,leading,black,395.000000,3.417245
T4_NC_pos-3,T4,NC,-3,leading,black,400.000000,3.449074
T4_NC_pos-3,T4,NC,-3,leading,black,405.000000,3.433160
T4_NC_pos-3,T4,NC,-3,leading,black,410.000000,3.394097
T4_NC_pos-3,T4,NC,-3,leading,black,415.000000,3.356481
T4_NC_pos-3,T4,NC,-3,leading,black,420.000000,3.356481
T4_NC_pos-3,T4,NC,-3,leading,black,425.000000,3.356481
T4_NC_pos-3,T4,NC,-3,leading,black,430.000000,3.356481
T4_NC_pos-3,T4,NC,-3,leading,black,435.000000,3.337674
T4_NC_pos-3,T4,NC,-3,leading,black,440.000000,3.298611
T4_NC_pos-3,T4,NC,-3,leading,black,445.000000,3.255208
T4_NC_pos-3,T4,NC,-3,leading,black,450.000000,3.177083
T4_NC_pos-3,T4,NC,-3,leading,black,455.000000,3.026620
T4_NC_pos-3,T4,NC,-3,leading,black,460.000000,2.928241
T4_NC_pos-3,T4,NC,-3,leading,black,465.000000,2.871817
T4_NC_pos-3,T4,NC,-3,leading,black,470.000000,2.847222
T4_NC_pos-3,T4,NC,-3,leading,black,475.000000,2.854456
T4_NC_pos-3,T4,NC,-3,leading,black,480.000000,2.893519
T4_NC_pos-3,T4,NC,-3,leading,black,485.000000,2.893519
T4_NC_pos-3,T4,NC,-3,leading,black,490.000000,2.893519
T4_NC_pos-3,T4,NC,-3,leading,black,495.000000,2.918113
T4_NC_pos-3,T4,NC,-3,leading,black,500.000000,2.957176
T4_NC_pos-3,T4,NC,-3,leading,black,505.000000,2.986111
T4_NC_pos-3,T4,NC,-3,leading,black,510.000000,2.980324
T4_NC_pos-3,T4,NC,-3,leading,black,515.000000,2.902199
T4_NC_pos-3,T4,NC,-3,leading,black,520.000000,2.893519
T4_NC_pos-3,T4,NC,-3,leading,black,525.000000,2.838542
T4_NC_pos-3,T4,NC,-3,leading,black,530.000000,2.780671
T4_NC_pos-3,T4,NC,-3,leading,black,535.000000,2.754630
T4_NC_pos-3,T4,NC,-3,leading,black,540.000000,2.743056
T4_NC_pos-3,T4,NC,-3,leading,black,545.000000,2.664931
T4_NC_pos-3,T4,NC,-3,leading,black,550.000000,2.662037
T4_NC_pos-3,T4,NC,-3,leading,black,555.000000,2.662037
T4_NC_pos-3,T4,NC,-3,leading,black,560.000000,2.662037
T4_NC_pos-3,T4,NC,-3,leading,black,565.000000,2.646123
T4_NC_pos-3,T4,NC,-3,leading,black,570.000000,2.607060
T4_NC_pos-3,T4,NC,-3,leading,black,575.000000,2.569444
T4_NC_pos-3,T4,NC,-3,leading,black,580.000000,2.569444
T4_NC_pos-3,T4,NC,-3,leading,black,585.000000,2.569444
T4_NC_pos-3,T4,NC,-3,leading,black,590.000000,2.569444
T4_NC_pos-3,T4,NC,-3,leading,black,595.000000,2.607060
T4_NC_pos-3,T4,NC,-3,leading,black,600.000000,2.662037
T4_NC_pos-3,T4,NC,-3,leading,black,605.000000,2.662037
T4_NC_pos-3,T4,NC,-3,leading,black,610.000000,2.662037
T4_NC_pos-3,T4,NC,-3,leading,black,615.000000,2.662037
T4_NC_pos-3,T4,NC,-3,leading,black,620.000000,2.633102
T4_NC_pos-3,T4,NC,-3,leading,black,625.000000,2.550637
T4_NC_pos-3,T4,NC,-3,leading,black,630.000000,2.462384
T4_NC_pos-3,T4,NC,-3,leading,black,635.000000,2.416088
T4_NC_pos-3,T4,NC,-3,leading,black,640.000000,2.337963
T4_NC_pos-3,T4,NC,-3,leading,black,645.000000,2.337963
T4_NC_pos-3,T4,NC,-3,leading,black,650.000000,2.274306
T4_NC_pos-3,T4,NC,-3,leading,black,655.000000,2.245370
T4_NC_pos-3,T4,NC,-3,leading,black,660.000000,2.262731
T4_NC_pos-3,T4,NC,-3,leading,black,665.000000,2.291667
T4_NC_pos-3,T4,NC,-3,leading,black,670.000000,2.291667
T4_NC_pos-3,T4,NC,-3,leading,black,675.000000,2.291667
T4_NC_pos-3,T4,NC,-3,leading,black,680.000000,2.291667
T4_NC_pos-3,T4,NC,-3,leading,black,685.000000,2.291667
T4_NC_pos-3,T4,NC,-3,leading,black,690.000000,2.271412
T4_NC_pos-3,T4,NC,-3,leading,black,695.000000,2.206308
T4_NC_pos-3,T4,NC,-3,leading,black,700.000000,2.094907
T4_NC_pos-3,T4,NC,-3,leading,black,705.000000,2.016782
T4_NC_pos-3,T4,NC,-3,leading,black,710.000000,1.901042
T4_NC_pos-3,T4,NC,-3,leading,black,715.000000,1.783854
T4_NC_pos-3,T4,NC,-3,leading,black,720.000000,1.712963
T4_NC_pos-3,T4,NC,-3,leading,black,725.000000,1.642072
T4_NC_pos-3,T4,NC,-3,leading,black,730.000000,1.550926
T4_PC_pos-2,T4,PC,-2,leading,green,-355.000000,0.000000
T4_PC_pos-2,T4,PC,-2,leading,green,-350.000000,0.000000
T4_PC_pos-2,T4,PC,-2,leading,green,-345.000000,0.000000
T4_PC_pos-2,T4,PC,-2,leading,green,-340.000000,0.000000
T4_PC_pos-2,T4,PC,-2,leading,green,-335.000000,0.000000
T4_PC_pos-2,T4,PC,-2,leading,green,-330.000000,0.000000
T4_PC_pos-2,T4,PC,-2,leading,green,-325.000000,0.000000
T4_PC_pos-2,T4,PC,-2,leading,green,-320.000000,0.000000
T4_PC_pos-2,T4,PC,-2,leading,green,-315.000000,0.000000
T4_PC_pos-2,T4,PC,-2,leading,green,-310.000000,0.000000
T4_PC_pos-2,T4,PC,-2,leading,green,-305.000000,0.000000
T4_PC_pos-2,T4,PC,-2,leading,green,-300.000000,0.000000
T4_PC_pos-2,T4,PC,-2,leading,green,-295.000000,0.000000
T4_PC_pos-2,T4,PC,-2,leading,green,-290.000000,0.000000
T4_PC_pos-2,T4,PC,-2,leading,green,-285.000000,0.000000
T4_PC_pos-2,T4,PC,-2,leading,green,-280.000000,0.000000
T4_PC_pos-2,T4,PC,-2,leading,green,-275.000000,0.000000
T4_PC_pos-2,T4,PC,-2,leading,green,-270.000000,0.000000
T4_PC_pos-2,T4,PC,-2,leading,green,-265.000000,0.000000
T4_PC_pos-2,T4,PC,-2,leading,green,-260.000000,0.000000
T4_PC_pos-2,T4,PC,-2,leading,green,-255.000000,0.000000
T4_PC_pos-2,T4,PC,-2,leading,green,-250.000000,0.000000
T4_PC_pos-2,T4,PC,-2,leading,green,-245.000000,0.000000
T4_PC_pos-2,T4,PC,-2,leading,green,-240.000000,0.000000
T4_PC_pos-2,T4,PC,-2,leading,green,-235.000000,0.000000
T4_PC_pos-2,T4,PC,-2,leading,green,-230.000000,0.000000
T4_PC_pos-2,T4,PC,-2,leading,green,-225.000000,0.000000
T4_PC_pos-2,T4,PC,-2,leading,green,-220.000000,0.000000
T4_PC_pos-2,T4,PC,-2,leading,green,-215.000000,0.000000
T4_PC_pos-2,T4,PC,-2,leading,green,-210.000000,0.000000
T4_PC_pos-2,T4,PC,-2,leading,green,-205.000000,-0.075231
T4_PC_pos-2,T4,PC,-2,leading,green,-200.000000,-0.173611
T4_PC_pos-2,T4,PC,-2,leading,green,-195.000000,-0.138889
T4_PC_pos-2,T4,PC,-2,leading,green,-190.000000,-0.138889
T4_PC_pos-2,T4,PC,-2,leading,green,-185.000000,-0.175058
T4_PC_pos-2,T4,PC,-2,leading,green,-180.000000,-0.262346
T4_PC_pos-2,T4,PC,-2,leading,green,-175.000000,-0.366512
T4_PC_pos-2,T4,PC,-2,leading,green,-170.000000,-0.470679
T4_PC_pos-2,T4,PC,-2,leading,green,-165.000000,-0.555556
T4_PC_pos-2,T4,PC,-2,leading,green,-160.000000,-0.555556
T4_PC_pos-2,T4,PC,-2,leading,green,-155.000000,-0.477431
T4_PC_pos-2,T4,PC,-2,leading,green,-150.000000,-0.399306
T4_PC_pos-2,T4,PC,-2,leading,green,-145.000000,-0.370370
T4_PC_pos-2,T4,PC,-2,leading,green,-140.000000,-0.370370
T4_PC_pos-2,T4,PC,-2,leading,green,-135.000000,-0.339988
T4_PC_pos-2,T4,PC,-2,leading,green,-130.000000,-0.228588
T4_PC_pos-2,T4,PC,-2,leading,green,-125.000000,-0.189525
T4_PC_pos-2,T4,PC,-2,leading,green,-120.000000,-0.185185
T4_PC_pos-2,T4,PC,-2,leading,green,-115.000000,-0.185185
T4_PC_pos-2,T4,PC,-2,leading,green,-110.000000,-0.185185
T4_PC_pos-2,T4,PC,-2,leading,green,-105.000000,-0.198206
T4_PC_pos-2,T4,PC,-2,leading,green,-100.000000,-0.231481
T4_PC_pos-2,T4,PC,-2,leading,green,-95.000000,-0.231481
T4_PC_pos-2,T4,PC,-2,leading,green,-90.000000,-0.005787
T4_PC_pos-2,T4,PC,-2,leading,green,-85.000000,0.228588
T4_PC_pos-2,T4,PC,-2,leading,green,-80.000000,0.324074
T4_PC_pos-2,T4,PC,-2,leading,green,-75.000000,0.324074
T4_PC_pos-2,T4,PC,-2,leading,green,-70.000000,0.324074
T4_PC_pos-2,T4,PC,-2,leading,green,-65.000000,0.324074
T4_PC_pos-2,T4,PC,-2,leading,green,-60.000000,0.324074
T4_PC_pos-2,T4,PC,-2,leading,green,-55.000000,0.324074
T4_PC_pos-2,T4,PC,-2,leading,green,-50.000000,0.324074
T4_PC_pos-2,T4,PC,-2,leading,green,-45.000000,0.324074
T4_PC_pos-2,T4,PC,-2,leading,green,-40.000000,0.324074
T4_PC_pos-2,T4,PC,-2,leading,green,-35.000000,0.324074
T4_PC_pos-2,T4,PC,-2,leading,green,-30.000000,0.324074
T4_PC_pos-2,T4,PC,-2,leading,green,-25.000000,0.324074
T4_PC_pos-2,T4,PC,-2,leading,green,-20.000000,0.302373
T4_PC_pos-2,T4,PC,-2,leading,green,-15.000000,0.289352
T4_PC_pos-2,T4,PC,-2,leading,green,-10.000000,0.307436
T4_PC_pos-2,T4,PC,-2,leading,green,-5.000000,0.356264
T4_PC_pos-2,T4,PC,-2,leading,green,0.000000,0.405093
T4_PC_pos-2,T4,PC,-2,leading,green,5.000000,0.453921
T4_PC_pos-2,T4,PC,-2,leading,green,10.000000,0.494792
T4_PC_pos-2,T4,PC,-2,leading,green,15.000000,0.533854
T4_PC_pos-2,T4,PC,-2,leading,green,20.000000,0.659722
T4_PC_pos-2,T4,PC,-2,leading,green,25.000000,1.076389
T4_PC_pos-2,T4,PC,-2,leading,green,30.000000,2.037037
T4_PC_pos-2,T4,PC,-2,leading,green,35.000000,3.287037
T4_PC_pos-2,T4,PC,-2,leading,green,40.000000,5.092593
T4_PC_pos-2,T4,PC,-2,leading,green,45.000000,7.160012
T4_PC_pos-2,T4,PC,-2,leading,green,50.000000,9.207176
T4_PC_pos-2,T4,PC,-2,leading,green,55.000000,11.121238
T4_PC_pos-2,T4,PC,-2,leading,green,60.000000,12.864583
T4_PC_pos-2,T4,PC,-2,leading,green,65.000000,14.075521
T4_PC_pos-2,T4,PC,-2,leading,green,70.000000,14.947917
T4_PC_pos-2,T4,PC,-2,leading,green,75.000000,15.685764
T4_PC_pos-2,T4,PC,-2,leading,green,80.000000,16.296296
T4_PC_pos-2,T4,PC,-2,leading,green,85.000000,16.827257
T4_PC_pos-2,T4,PC,-2,leading,green,90.000000,17.282986
T4_PC_pos-2,T4,PC,-2,leading,green,95.000000,17.560764
T4_PC_pos-2,T4,PC,-2,leading,green,100.000000,17.951389
T4_PC_pos-2,T4,PC,-2,leading,green,105.000000,18.408565
T4_PC_pos-2,T4,PC,-2,leading,green,110.000000,18.747106
T4_PC_pos-2,T4,PC,-2,leading,green,115.000000,19.076968
T4_PC_pos-2,T4,PC,-2,leading,green,120.000000,19.421296
T4_PC_pos-2,T4,PC,-2,leading,green,125.000000,19.655671
T4_PC_pos-2,T4,PC,-2,leading,green,130.000000,19.890046
T4_PC_pos-2,T4,PC,-2,leading,green,135.000000,19.979745
T4_PC_pos-2,T4,PC,-2,leading,green,140.000000,20.057870
T4_PC_pos-2,T4,PC,-2,leading,green,145.000000,20.114294
T4_PC_pos-2,T4,PC,-2,leading,green,150.000000,20.225694
T4_PC_pos-2,T4,PC,-2,leading,green,155.000000,20.431134
T4_PC_pos-2,T4,PC,-2,leading,green,160.000000,20.509259
T4_PC_pos-2,T4,PC,-2,leading,green,165.000000,20.665509
T4_PC_pos-2,T4,PC,-2,leading,green,170.000000,20.694444
T4_PC_pos-2,T4,PC,-2,leading,green,175.000000,20.596065
T4_PC_pos-2,T4,PC,-2,leading,green,180.000000,20.300926
T4_PC_pos-2,T4,PC,-2,leading,green,185.000000,19.781539
T4_PC_pos-2,T4,PC,-2,leading,green,190.000000,19.097222
T4_PC_pos-2,T4,PC,-2,leading,green,195.000000,18.159722
T4_PC_pos-2,T4,PC,-2,leading,green,200.000000,17.222222
T4_PC_pos-2,T4,PC,-2,leading,green,205.000000,16.257234
T4_PC_pos-2,T4,PC,-2,leading,green,210.000000,15.300926
T4_PC_pos-2,T4,PC,-2,leading,green,215.000000,14.376447
T4_PC_pos-2,T4,PC,-2,leading,green,220.000000,13.478009
T4_PC_pos-2,T4,PC,-2,leading,green,225.000000,12.579572
T4_PC_pos-2,T4,PC,-2,leading,green,230.000000,11.756366
T4_PC_pos-2,T4,PC,-2,leading,green,235.000000,11.027199
T4_PC_pos-2,T4,PC,-2,leading,green,240.000000,10.324074
T4_PC_pos-2,T4,PC,-2,leading,green,245.000000,9.636863
T4_PC_pos-2,T4,PC,-2,leading,green,250.000000,8.998843
T4_PC_pos-2,T4,PC,-2,leading,green,255.000000,8.453414
T4_PC_pos-2,T4,PC,-2,leading,green,260.000000,7.945602
T4_PC_pos-2,T4,PC,-2,leading,green,265.000000,7.471065
T4_PC_pos-2,T4,PC,-2,leading,green,270.000000,7.002315
T4_PC_pos-2,T4,PC,-2,leading,green,275.000000,6.552373
T4_PC_pos-2,T4,PC,-2,leading,green,280.000000,6.134259
T4_PC_pos-2,T4,PC,-2,leading,green,285.000000,5.743634
T4_PC_pos-2,T4,PC,-2,leading,green,290.000000,5.353009
T4_PC_pos-2,T4,PC,-2,leading,green,295.000000,4.962384
T4_PC_pos-2,T4,PC,-2,leading,green,300.000000,4.600694
T4_PC_pos-2,T4,PC,-2,leading,green,305.000000,4.270833
T4_PC_pos-2,T4,PC,-2,leading,green,310.000000,3.987269
T4_PC_pos-2,T4,PC,-2,leading,green,315.000000,3.789062
T4_PC_pos-2,T4,PC,-2,leading,green,320.000000,3.750000
T4_PC_pos-2,T4,PC,-2,leading,green,325.000000,2.851562
T4_PC_pos-2,T4,PC,-2,leading,green,330.000000,2.589699
T4_PC_pos-2,T4,PC,-2,leading,green,335.000000,2.472512
T4_PC_pos-2,T4,PC,-2,leading,green,340.000000,2.303241
T4_PC_pos-2,T4,PC,-2,leading,green,345.000000,2.068866
T4_PC_pos-2,T4,PC,-2,leading,green,350.000000,1.834491
T4_PC_pos-2,T4,PC,-2,leading,green,355.000000,1.600116
T4_PC_pos-2,T4,PC,-2,leading,green,360.000000,1.365741
T4_PC_pos-2,T4,PC,-2,leading,green,365.000000,1.186343
T4_PC_pos-2,T4,PC,-2,leading,green,370.000000,0.989583
T4_PC_pos-2,T4,PC,-2,leading,green,375.000000,0.781250
T4_PC_pos-2,T4,PC,-2,leading,green,380.000000,0.630787
T4_PC_pos-2,T4,PC,-2,leading,green,385.000000,0.513600
T4_PC_pos-2,T4,PC,-2,leading,green,390.000000,0.321181
T4_PC_pos-2,T4,PC,-2,leading,green,395.000000,0.217014
T4_PC_pos-2,T4,PC,-2,leading,green,400.000000,0.115741
T4_PC_pos-2,T4,PC,-2,leading,green,405.000000,0.014468
T4_PC_pos-2,T4,PC,-2,leading,green,410.000000,-0.063657
T4_PC_pos-2,T4,PC,-2,leading,green,415.000000,-0.141782
T4_PC_pos-2,T4,PC,-2,leading,green,420.000000,-0.219907
T4_PC_pos-2,T4,PC,-2,leading,green,425.000000,-0.298032
T4_PC_pos-2,T4,PC,-2,leading,green,430.000000,-0.376157
T4_PC_pos-2,T4,PC,-2,leading,green,435.000000,-0.491898
T4_PC_pos-2,T4,PC,-2,leading,green,440.000000,-0.648148
T4_PC_pos-2,T4,PC,-2,leading,green,445.000000,-0.800058
T4_PC_pos-2,T4,PC,-2,leading,green,450.000000,-0.917245
T4_PC_pos-2,T4,PC,-2,leading,green,455.000000,-0.998264
T4_PC_pos-2,T4,PC,-2,leading,green,460.000000,-1.047454
T4_PC_pos-2,T4,PC,-2,leading,green,465.000000,-1.086516
T4_PC_pos-2,T4,PC,-2,leading,green,470.000000,-1.111111
T4_PC_pos-2,T4,PC,-2,leading,green,475.000000,-1.125579
T4_PC_pos-2,T4,PC,-2,leading,green,480.000000,-1.203704
T4_PC_pos-2,T4,PC,-2,leading,green,485.000000,-1.281829
T4_PC_pos-2,T4,PC,-2,leading,green,490.000000,-1.391782
T4_PC_pos-2,T4,PC,-2,leading,green,495.000000,-1.484375
T4_PC_pos-2,T4,PC,-2,leading,green,500.000000,-1.545139
T4_PC_pos-2,T4,PC,-2,leading,green,505.000000,-1.594329
T4_PC_pos-2,T4,PC,-2,leading,green,510.000000,-1.669560
T4_PC_pos-2,T4,PC,-2,leading,green,515.000000,-1.708623
T4_PC_pos-2,T4,PC,-2,leading,green,520.000000,-1.782407
T4_PC_pos-2,T4,PC,-2,leading,green,525.000000,-1.860532
T4_PC_pos-2,T4,PC,-2,leading,green,530.000000,-1.918403
T4_PC_pos-2,T4,PC,-2,leading,green,535.000000,-1.944444
T4_PC_pos-2,T4,PC,-2,leading,green,540.000000,-1.944444
T4_PC_pos-2,T4,PC,-2,leading,green,545.000000,-1.944444
T4_PC_pos-2,T4,PC,-2,leading,green,550.000000,-1.944444
T4_PC_pos-2,T4,PC,-2,leading,green,555.000000,-1.944444
T4_PC_pos-2,T4,PC,-2,leading,green,560.000000,-1.944444
T4_PC_pos-2,T4,PC,-2,leading,green,565.000000,-1.976273
T4_PC_pos-2,T4,PC,-2,leading,green,570.000000,-2.045718
T4_PC_pos-2,T4,PC,-2,leading,green,575.000000,-2.086227
T4_PC_pos-2,T4,PC,-2,leading,green,580.000000,-2.164352
T4_PC_pos-2,T4,PC,-2,leading,green,585.000000,-2.242477
T4_PC_pos-2,T4,PC,-2,leading,green,590.000000,-2.268519
T4_PC_pos-2,T4,PC,-2,leading,green,595.000000,-2.306134
T4_PC_pos-2,T4,PC,-2,leading,green,600.000000,-2.361111
T4_PC_pos-2,T4,PC,-2,leading,green,605.000000,-2.365451
T4_PC_pos-2,T4,PC,-2,leading,green,610.000000,-2.404514
T4_PC_pos-2,T4,PC,-2,leading,green,615.000000,-2.443576
T4_PC_pos-2,T4,PC,-2,leading,green,620.000000,-2.453704
T4_PC_pos-2,T4,PC,-2,leading,green,625.000000,-2.497106
T4_PC_pos-2,T4,PC,-2,leading,green,630.000000,-2.589699
T4_PC_pos-2,T4,PC,-2,leading,green,635.000000,-2.692419
T4_PC_pos-2,T4,PC,-2,leading,green,640.000000,-2.731481
T4_PC_pos-2,T4,PC,-2,leading,green,645.000000,-2.770544
T4_PC_pos-2,T4,PC,-2,leading,green,650.000000,-2.841435
T4_PC_pos-2,T4,PC,-2,leading,green,655.000000,-2.870370
T4_PC_pos-2,T4,PC,-2,leading,green,660.000000,-2.905093
T4_PC_pos-2,T4,PC,-2,leading,green,665.000000,-2.962963
T4_PC_pos-2,T4,PC,-2,leading,green,670.000000,-2.965856
T4_PC_pos-2,T4,PC,-2,leading,green,675.000000,-3.004919
T4_PC_pos-2,T4,PC,-2,leading,green,680.000000,-3.043981
T4_PC_pos-2,T4,PC,-2,leading,green,685.000000,-3.110532
T4_PC_pos-2,T4,PC,-2,leading,green,690.000000,-3.148148
T4_PC_pos-2,T4,PC,-2,leading,green,695.000000,-3.148148
T4_PC_pos-2,T4,PC,-2,leading,green,700.000000,-3.159722
T4_PC_pos-2,T4,PC,-2,leading,green,705.000000,-3.237847
T4_PC_pos-2,T4,PC,-2,leading,green,710.000000,-3.240741
T4_PC_pos-2,T4,PC,-2,leading,green,715.000000,-3.240741
T4_PC_pos-2,T4,PC,-2,leading,green,720.000000,-3.240741
T4_PC_pos-2,T4,PC,-2,leading,green,725.000000,-3.240741
T4_NC_pos-2,T4,NC,-2,leading,black,-355.000000,0.000000
T4_NC_pos-2,T4,NC,-2,leading,black,-350.000000,0.000000
T4_NC_pos-2,T4,NC,-2,leading,black,-345.000000,0.000000
T4_NC_pos-2,T4,NC,-2,leading,black,-340.000000,0.000000
T4_NC_pos-2,T4,NC,-2,leading,black,-335.000000,0.000000
T4_NC_pos-2,T4,NC,-2,leading,black,-330.000000,0.000000
T4_NC_pos-2,T4,NC,-2,leading,black,-325.000000,0.000000
T4_NC_pos-2,T4,NC,-2,leading,black,-320.000000,0.000000
T4_NC_pos-2,T4,NC,-2,leading,black,-315.000000,0.000000
T4_NC_pos-2,T4,NC,-2,leading,black,-310.000000,0.000000
T4_NC_pos-2,T4,NC,-2,leading,black,-305.000000,0.000000
T4_NC_pos-2,T4,NC,-2,leading,black,-300.000000,0.000000
T4_NC_pos-2,T4,NC,-2,leading,black,-295.000000,0.000000
T4_NC_pos-2,T4,NC,-2,leading,black,-290.000000,0.000000
T4_NC_pos-2,T4,NC,-2,leading,black,-285.000000,0.000000
T4_NC_pos-2,T4,NC,-2,leading,black,-280.000000,0.000000
T4_NC_pos-2,T4,NC,-2,leading,black,-275.000000,0.000000
T4_NC_pos-2,T4,NC,-2,leading,black,-270.000000,0.000000
T4_NC_pos-2,T4,NC,-2,leading,black,-265.000000,0.000000
T4_NC_pos-2,T4,NC,-2,leading,black,-260.000000,0.000000
T4_NC_pos-2,T4,NC,-2,leading,black,-255.000000,0.000000
T4_NC_pos-2,T4,NC,-2,leading,black,-250.000000,0.000000
T4_NC_pos-2,T4,NC,-2,leading,black,-245.000000,0.000000
T4_NC_pos-2,T4,NC,-2,leading,black,-240.000000,0.000000
T4_NC_pos-2,T4,NC,-2,leading,black,-235.000000,0.000000
T4_NC_pos-2,T4,NC,-2,leading,black,-230.000000,0.000000
T4_NC_pos-2,T4,NC,-2,leading,black,-225.000000,0.000000
T4_NC_pos-2,T4,NC,-2,leading,black,-220.000000,0.000000
T4_NC_pos-2,T4,NC,-2,leading,black,-215.000000,0.000000
T4_NC_pos-2,T4,NC,-2,leading,black,-210.000000,0.000000
T4_NC_pos-2,T4,NC,-2,leading,black,-205.000000,-0.188079
T4_NC_pos-2,T4,NC,-2,leading,black,-200.000000,-0.462963
T4_NC_pos-2,T4,NC,-2,leading,black,-195.000000,-0.458623
T4_NC_pos-2,T4,NC,-2,leading,black,-190.000000,-0.419560
T4_NC_pos-2,T4,NC,-2,leading,black,-185.000000,-0.416667
T4_NC_pos-2,T4,NC,-2,leading,black,-180.000000,-0.416667
T4_NC_pos-2,T4,NC,-2,leading,black,-175.000000,-0.416667
T4_NC_pos-2,T4,NC,-2,leading,black,-170.000000,-0.387731
T4_NC_pos-2,T4,NC,-2,leading,black,-165.000000,-0.316840
T4_NC_pos-2,T4,NC,-2,leading,black,-160.000000,-0.277778
T4_NC_pos-2,T4,NC,-2,leading,black,-155.000000,-0.160590
T4_NC_pos-2,T4,NC,-2,leading,black,-150.000000,-0.043403
T4_NC_pos-2,T4,NC,-2,leading,black,-145.000000,0.098380
T4_NC_pos-2,T4,NC,-2,leading,black,-140.000000,0.202546
T4_NC_pos-2,T4,NC,-2,leading,black,-135.000000,0.231481
T4_NC_pos-2,T4,NC,-2,leading,black,-130.000000,0.228588
T4_NC_pos-2,T4,NC,-2,leading,black,-125.000000,0.189525
T4_NC_pos-2,T4,NC,-2,leading,black,-120.000000,0.185185
T4_NC_pos-2,T4,NC,-2,leading,black,-115.000000,0.130208
T4_NC_pos-2,T4,NC,-2,leading,black,-110.000000,0.072338
T4_NC_pos-2,T4,NC,-2,leading,black,-105.000000,0.046296
T4_NC_pos-2,T4,NC,-2,leading,black,-100.000000,0.046296
T4_NC_pos-2,T4,NC,-2,leading,black,-95.000000,0.046296
T4_NC_pos-2,T4,NC,-2,leading,black,-90.000000,0.046296
T4_NC_pos-2,T4,NC,-2,leading,black,-85.000000,0.046296
T4_NC_pos-2,T4,NC,-2,leading,black,-80.000000,0.046296
T4_NC_pos-2,T4,NC,-2,leading,black,-75.000000,0.046296
T4_NC_pos-2,T4,NC,-2,leading,black,-70.000000,0.037616
T4_NC_pos-2,T4,NC,-2,leading,black,-65.000000,-0.001447
T4_NC_pos-2,T4,NC,-2,leading,black,-60.000000,-0.040509
T4_NC_pos-2,T4,NC,-2,leading,black,-55.000000,-0.046296
T4_NC_pos-2,T4,NC,-2,leading,black,-50.000000,-0.020255
T4_NC_pos-2,T4,NC,-2,leading,black,-45.000000,0.018808
T4_NC_pos-2,T4,NC,-2,leading,black,-40.000000,0.046296
T4_NC_pos-2,T4,NC,-2,leading,black,-35.000000,0.046296
T4_NC_pos-2,T4,NC,-2,leading,black,-30.000000,0.046296
T4_NC_pos-2,T4,NC,-2,leading,black,-25.000000,0.046296
T4_NC_pos-2,T4,NC,-2,leading,black,-20.000000,-0.011574
T4_NC_pos-2,T4,NC,-2,leading,black,-15.000000,-0.046296
T4_NC_pos-2,T4,NC,-2,leading,black,-10.000000,-0.046296
T4_NC_pos-2,T4,NC,-2,leading,black,-5.000000,-0.031829
T4_NC_pos-2,T4,NC,-2,leading,black,0.000000,0.046296
T4_NC_pos-2,T4,NC,-2,leading,black,5.000000,0.163484
T4_NC_pos-2,T4,NC,-2,leading,black,10.000000,0.185185
T4_NC_pos-2,T4,NC,-2,leading,black,15.000000,0.234375
T4_NC_pos-2,T4,NC,-2,leading,black,20.000000,0.277778
T4_NC_pos-2,T4,NC,-2,leading,black,25.000000,0.267650
T4_NC_pos-2,T4,NC,-2,leading,black,30.000000,0.219907
T4_NC_pos-2,T4,NC,-2,leading,black,35.000000,0.063657
T4_NC_pos-2,T4,NC,-2,leading,black,40.000000,-0.266204
T4_NC_pos-2,T4,NC,-2,leading,black,45.000000,-0.590278
T4_NC_pos-2,T4,NC,-2,leading,black,50.000000,-0.923032
T4_NC_pos-2,T4,NC,-2,leading,black,55.000000,-1.261574
T4_NC_pos-2,T4,NC,-2,leading,black,60.000000,-1.574074
T4_NC_pos-2,T4,NC,-2,leading,black,65.000000,-1.886574
T4_NC_pos-2,T4,NC,-2,leading,black,70.000000,-2.123843
T4_NC_pos-2,T4,NC,-2,leading,black,75.000000,-2.358218
T4_NC_pos-2,T4,NC,-2,leading,black,80.000000,-2.523148
T4_NC_pos-2,T4,NC,-2,leading,black,85.000000,-2.672164
T4_NC_pos-2,T4,NC,-2,leading,black,90.000000,-2.850116
T4_NC_pos-2,T4,NC,-2,leading,black,95.000000,-2.968750
T4_NC_pos-2,T4,NC,-2,leading,black,100.000000,-3.125000
T4_NC_pos-2,T4,NC,-2,leading,black,105.000000,-3.247975
T4_NC_pos-2,T4,NC,-2,leading,black,110.000000,-3.391204
T4_NC_pos-2,T4,NC,-2,leading,black,115.000000,-3.509838
T4_NC_pos-2,T4,NC,-2,leading,black,120.000000,-3.622685
T4_NC_pos-2,T4,NC,-2,leading,black,125.000000,-3.804977
T4_NC_pos-2,T4,NC,-2,leading,black,130.000000,-3.883102
T4_NC_pos-2,T4,NC,-2,leading,black,135.000000,-3.997396
T4_NC_pos-2,T4,NC,-2,leading,black,140.000000,-4.085648
T4_NC_pos-2,T4,NC,-2,leading,black,145.000000,-4.120370
T4_NC_pos-2,T4,NC,-2,leading,black,150.000000,-4.134838
T4_NC_pos-2,T4,NC,-2,leading,black,155.000000,-4.173900
T4_NC_pos-2,T4,NC,-2,leading,black,160.000000,-4.212963
T4_NC_pos-2,T4,NC,-2,leading,black,165.000000,-4.291088
T4_NC_pos-2,T4,NC,-2,leading,black,170.000000,-4.369213
T4_NC_pos-2,T4,NC,-2,leading,black,175.000000,-4.447338
T4_NC_pos-2,T4,NC,-2,leading,black,180.000000,-4.490741
T4_NC_pos-2,T4,NC,-2,leading,black,185.000000,-4.429977
T4_NC_pos-2,T4,NC,-2,leading,black,190.000000,-4.192708
T4_NC_pos-2,T4,NC,-2,leading,black,195.000000,-3.919271
T4_NC_pos-2,T4,NC,-2,leading,black,200.000000,-3.576389
T4_NC_pos-2,T4,NC,-2,leading,black,205.000000,-3.169850
T4_NC_pos-2,T4,NC,-2,leading,black,210.000000,-2.740162
T4_NC_pos-2,T4,NC,-2,leading,black,215.000000,-2.336516
T4_NC_pos-2,T4,NC,-2,leading,black,220.000000,-1.984954
T4_NC_pos-2,T4,NC,-2,leading,black,225.000000,-1.633391
T4_NC_pos-2,T4,NC,-2,leading,black,230.000000,-1.281829
T4_NC_pos-2,T4,NC,-2,leading,black,235.000000,-0.991030
T4_NC_pos-2,T4,NC,-2,leading,black,240.000000,-0.717593
T4_NC_pos-2,T4,NC,-2,leading,black,245.000000,-0.460069
T4_NC_pos-2,T4,NC,-2,leading,black,250.000000,-0.234375
T4_NC_pos-2,T4,NC,-2,leading,black,255.000000,-0.036169
T4_NC_pos-2,T4,NC,-2,leading,black,260.000000,0.237269
T4_NC_pos-2,T4,NC,-2,leading,black,265.000000,0.510706
T4_NC_pos-2,T4,NC,-2,leading,black,270.000000,0.758102
T4_NC_pos-2,T4,NC,-2,leading,black,275.000000,1.048900
T4_NC_pos-2,T4,NC,-2,leading,black,280.000000,1.377315
T4_NC_pos-2,T4,NC,-2,leading,black,285.000000,1.650752
T4_NC_pos-2,T4,NC,-2,leading,black,290.000000,1.924190
T4_NC_pos-2,T4,NC,-2,leading,black,295.000000,2.161458
T4_NC_pos-2,T4,NC,-2,leading,black,300.000000,2.366898
T4_NC_pos-2,T4,NC,-2,leading,black,305.000000,2.540509
T4_NC_pos-2,T4,NC,-2,leading,black,310.000000,2.754630
T4_NC_pos-2,T4,NC,-2,leading,black,315.000000,3.030961
T4_NC_pos-2,T4,NC,-2,leading,black,320.000000,3.148148
T4_NC_pos-2,T4,NC,-2,leading,black,325.000000,3.304398
T4_NC_pos-2,T4,NC,-2,leading,black,330.000000,3.524306
T4_NC_pos-2,T4,NC,-2,leading,black,335.000000,3.807870
T4_NC_pos-2,T4,NC,-2,leading,black,340.000000,4.085648
T4_NC_pos-2,T4,NC,-2,leading,black,345.000000,4.299769
T4_NC_pos-2,T4,NC,-2,leading,black,350.000000,4.450231
T4_NC_pos-2,T4,NC,-2,leading,black,355.000000,4.528356
T4_NC_pos-2,T4,NC,-2,leading,black,360.000000,4.537037
T4_NC_pos-2,T4,NC,-2,leading,black,365.000000,4.537037
T4_NC_pos-2,T4,NC,-2,leading,black,370.000000,4.537037
T4_NC_pos-2,T4,NC,-2,leading,black,375.000000,4.576100
T4_NC_pos-2,T4,NC,-2,leading,black,380.000000,4.693287
T4_NC_pos-2,T4,NC,-2,leading,black,385.000000,4.810475
T4_NC_pos-2,T4,NC,-2,leading,black,390.000000,4.965278
T4_NC_pos-2,T4,NC,-2,leading,black,395.000000,5.000000
T4_NC_pos-2,T4,NC,-2,leading,black,400.000000,5.000000
T4_NC_pos-2,T4,NC,-2,leading,black,405.000000,4.968171
T4_NC_pos-2,T4,NC,-2,leading,black,410.000000,4.872685
T4_NC_pos-2,T4,NC,-2,leading,black,415.000000,4.722222
T4_NC_pos-2,T4,NC,-2,leading,black,420.000000,4.722222
T4_NC_pos-2,T4,NC,-2,leading,black,425.000000,4.722222
T4_NC_pos-2,T4,NC,-2,leading,black,430.000000,4.774306
T4_NC_pos-2,T4,NC,-2,leading,black,435.000000,4.871238
T4_NC_pos-2,T4,NC,-2,leading,black,440.000000,4.953704
T4_NC_pos-2,T4,NC,-2,leading,black,445.000000,4.962384
T4_NC_pos-2,T4,NC,-2,leading,black,450.000000,5.040509
T4_NC_pos-2,T4,NC,-2,leading,black,455.000000,5.046296
T4_NC_pos-2,T4,NC,-2,leading,black,460.000000,5.046296
T4_NC_pos-2,T4,NC,-2,leading,black,465.000000,5.024595
T4_NC_pos-2,T4,NC,-2,leading,black,470.000000,4.971065
T4_NC_pos-2,T4,NC,-2,leading,black,475.000000,4.878472
T4_NC_pos-2,T4,NC,-2,leading,black,480.000000,4.722222
T4_NC_pos-2,T4,NC,-2,leading,black,485.000000,4.565972
T4_NC_pos-2,T4,NC,-2,leading,black,490.000000,4.473380
T4_NC_pos-2,T4,NC,-2,leading,black,495.000000,4.370660
T4_NC_pos-2,T4,NC,-2,leading,black,500.000000,4.288194
T4_NC_pos-2,T4,NC,-2,leading,black,505.000000,4.259259
T4_NC_pos-2,T4,NC,-2,leading,black,510.000000,4.262153
T4_NC_pos-2,T4,NC,-2,leading,black,515.000000,4.301215
T4_NC_pos-2,T4,NC,-2,leading,black,520.000000,4.340278
T4_NC_pos-2,T4,NC,-2,leading,black,525.000000,4.379340
T4_NC_pos-2,T4,NC,-2,leading,black,530.000000,4.398148
T4_NC_pos-2,T4,NC,-2,leading,black,535.000000,4.398148
T4_NC_pos-2,T4,NC,-2,leading,black,540.000000,4.392361
T4_NC_pos-2,T4,NC,-2,leading,black,545.000000,4.353299
T4_NC_pos-2,T4,NC,-2,leading,black,550.000000,4.314236
T4_NC_pos-2,T4,NC,-2,leading,black,555.000000,4.305556
T4_NC_pos-2,T4,NC,-2,leading,black,560.000000,4.305556
T4_NC_pos-2,T4,NC,-2,leading,black,565.000000,4.305556
T4_NC_pos-2,T4,NC,-2,leading,black,570.000000,4.305556
T4_NC_pos-2,T4,NC,-2,leading,black,575.000000,4.304109
T4_NC_pos-2,T4,NC,-2,leading,black,580.000000,4.265046
T4_NC_pos-2,T4,NC,-2,leading,black,585.000000,4.159433
T4_NC_pos-2,T4,NC,-2,leading,black,590.000000,4.068287
T4_NC_pos-2,T4,NC,-2,leading,black,595.000000,3.952546
T4_NC_pos-2,T4,NC,-2,leading,black,600.000000,3.831019
T4_NC_pos-2,T4,NC,-2,leading,black,605.000000,3.783275
T4_NC_pos-2,T4,NC,-2,leading,black,610.000000,3.666088
T4_NC_pos-2,T4,NC,-2,leading,black,615.000000,3.585069
T4_NC_pos-2,T4,NC,-2,leading,black,620.000000,3.506944
T4_NC_pos-2,T4,NC,-2,leading,black,625.000000,3.450521
T4_NC_pos-2,T4,NC,-2,leading,black,630.000000,3.396991
T4_NC_pos-2,T4,NC,-2,leading,black,635.000000,3.318866
T4_NC_pos-2,T4,NC,-2,leading,black,640.000000,3.240741
T4_NC_pos-2,T4,NC,-2,leading,black,645.000000,3.123553
T4_NC_pos-2,T4,NC,-2,leading,black,650.000000,2.974537
T4_NC_pos-2,T4,NC,-2,leading,black,655.000000,2.842882
T4_NC_pos-2,T4,NC,-2,leading,black,660.000000,2.725694
T4_NC_pos-2,T4,NC,-2,leading,black,665.000000,2.628762
T4_NC_pos-2,T4,NC,-2,leading,black,670.000000,2.592593
T4_NC_pos-2,T4,NC,-2,leading,black,675.000000,2.592593
T4_NC_pos-2,T4,NC,-2,leading,black,680.000000,2.592593
T4_NC_pos-2,T4,NC,-2,leading,black,685.000000,2.565104
T4_NC_pos-2,T4,NC,-2,leading,black,690.000000,2.546296
T4_NC_pos-2,T4,NC,-2,leading,black,695.000000,2.559317
T4_NC_pos-2,T4,NC,-2,leading,black,700.000000,2.592593
T4_NC_pos-2,T4,NC,-2,leading,black,705.000000,2.592593
T4_NC_pos-2,T4,NC,-2,leading,black,710.000000,2.592593
T4_NC_pos-2,T4,NC,-2,leading,black,715.000000,2.592593
T4_NC_pos-2,T4,NC,-2,leading,black,720.000000,2.592593
T4_NC_pos-2,T4,NC,-2,leading,black,725.000000,2.624421
T4_PC_pos-1,T4,PC,-1,leading,green,-355.000000,0.000000
T4_PC_pos-1,T4,PC,-1,leading,green,-350.000000,0.000000
T4_PC_pos-1,T4,PC,-1,leading,green,-345.000000,0.000000
T4_PC_pos-1,T4,PC,-1,leading,green,-340.000000,0.000000
T4_PC_pos-1,T4,PC,-1,leading,green,-335.000000,0.000000
T4_PC_pos-1,T4,PC,-1,leading,green,-330.000000,0.000000
T4_PC_pos-1,T4,PC,-1,leading,green,-325.000000,0.000000
T4_PC_pos-1,T4,PC,-1,leading,green,-320.000000,0.000000
T4_PC_pos-1,T4,PC,-1,leading,green,-315.000000,0.000000
T4_PC_pos-1,T4,PC,-1,leading,green,-310.000000,0.000000
T4_PC_pos-1,T4,PC,-1,leading,green,-305.000000,0.000000
T4_PC_pos-1,T4,PC,-1,leading,green,-300.000000,0.000000
T4_PC_pos-1,T4,PC,-1,leading,green,-295.000000,0.000000
T4_PC_pos-1,T4,PC,-1,leading,green,-290.000000,0.000000
T4_PC_pos-1,T4,PC,-1,leading,green,-285.000000,0.000000
T4_PC_pos-1,T4,PC,-1,leading,green,-280.000000,0.000000
T4_PC_pos-1,T4,PC,-1,leading,green,-275.000000,0.000000
T4_PC_pos-1,T4,PC,-1,leading,green,-270.000000,0.000000
T4_PC_pos-1,T4,PC,-1,leading,green,-265.000000,0.000000
T4_PC_pos-1,T4,PC,-1,leading,green,-260.000000,0.000000
T4_PC_pos-1,T4,PC,-1,leading,green,-255.000000,0.000000
T4_PC_pos-1,T4,PC,-1,leading,green,-250.000000,0.000000
T4_PC_pos-1,T4,PC,-1,leading,green,-245.000000,0.000000
T4_PC_pos-1,T4,PC,-1,leading,green,-240.000000,0.000000
T4_PC_pos-1,T4,PC,-1,leading,green,-235.000000,0.000000
T4_PC_pos-1,T4,PC,-1,leading,green,-230.000000,0.000000
T4_PC_pos-1,T4,PC,-1,leading,green,-225.000000,0.000000
T4_PC_pos-1,T4,PC,-1,leading,green,-220.000000,0.000000
T4_PC_pos-1,T4,PC,-1,leading,green,-215.000000,0.000000
T4_PC_pos-1,T4,PC,-1,leading,green,-210.000000,0.000000
T4_PC_pos-1,T4,PC,-1,leading,green,-205.000000,0.000000
T4_PC_pos-1,T4,PC,-1,leading,green,-200.000000,0.000000
T4_PC_pos-1,T4,PC,-1,leading,green,-195.000000,0.000000
T4_PC_pos-1,T4,PC,-1,leading,green,-190.000000,0.000000
T4_PC_pos-1,T4,PC,-1,leading,green,-185.000000,0.000000
T4_PC_pos-1,T4,PC,-1,leading,green,-180.000000,0.086806
T4_PC_pos-1,T4,PC,-1,leading,green,-175.000000,0.138889
T4_PC_pos-1,T4,PC,-1,leading,green,-170.000000,0.138889
T4_PC_pos-1,T4,PC,-1,leading,green,-165.000000,0.138889
T4_PC_pos-1,T4,PC,-1,leading,green,-160.000000,0.138889
T4_PC_pos-1,T4,PC,-1,leading,green,-155.000000,0.099826
T4_PC_pos-1,T4,PC,-1,leading,green,-150.000000,0.018326
T4_PC_pos-1,T4,PC,-1,leading,green,-145.000000,-0.072820
T4_PC_pos-1,T4,PC,-1,leading,green,-140.000000,-0.123457
T4_PC_pos-1,T4,PC,-1,leading,green,-135.000000,-0.106578
T4_PC_pos-1,T4,PC,-1,leading,green,-130.000000,-0.034722
T4_PC_pos-1,T4,PC,-1,leading,green,-125.000000,0.121528
T4_PC_pos-1,T4,PC,-1,leading,green,-120.000000,0.138889
T4_PC_pos-1,T4,PC,-1,leading,green,-115.000000,0.166377
T4_PC_pos-1,T4,PC,-1,leading,green,-110.000000,0.225694
T4_PC_pos-1,T4,PC,-1,leading,green,-105.000000,0.277778
T4_PC_pos-1,T4,PC,-1,leading,green,-100.000000,0.271991
T4_PC_pos-1,T4,PC,-1,leading,green,-95.000000,0.232928
T4_PC_pos-1,T4,PC,-1,leading,green,-90.000000,0.024595
T4_PC_pos-1,T4,PC,-1,leading,green,-85.000000,-0.190249
T4_PC_pos-1,T4,PC,-1,leading,green,-80.000000,-0.277778
T4_PC_pos-1,T4,PC,-1,leading,green,-75.000000,-0.277778
T4_PC_pos-1,T4,PC,-1,leading,green,-70.000000,-0.277778
T4_PC_pos-1,T4,PC,-1,leading,green,-65.000000,-0.276331
T4_PC_pos-1,T4,PC,-1,leading,green,-60.000000,-0.237269
T4_PC_pos-1,T4,PC,-1,leading,green,-55.000000,-0.198206
T4_PC_pos-1,T4,PC,-1,leading,green,-50.000000,-0.185185
T4_PC_pos-1,T4,PC,-1,leading,green,-45.000000,-0.166377
T4_PC_pos-1,T4,PC,-1,leading,green,-40.000000,-0.127315
T4_PC_pos-1,T4,PC,-1,leading,green,-35.000000,-0.088252
T4_PC_pos-1,T4,PC,-1,leading,green,-30.000000,-0.049190
T4_PC_pos-1,T4,PC,-1,leading,green,-25.000000,-0.046296
T4_PC_pos-1,T4,PC,-1,leading,green,-20.000000,-0.017361
T4_PC_pos-1,T4,PC,-1,leading,green,-15.000000,0.000000
T4_PC_pos-1,T4,PC,-1,leading,green,-10.000000,-0.014468
T4_PC_pos-1,T4,PC,-1,leading,green,-5.000000,-0.053530
T4_PC_pos-1,T4,PC,-1,leading,green,0.000000,-0.092593
T4_PC_pos-1,T4,PC,-1,leading,green,5.000000,-0.131655
T4_PC_pos-1,T4,PC,-1,leading,green,10.000000,-0.138889
T4_PC_pos-1,T4,PC,-1,leading,green,15.000000,-0.138889
T4_PC_pos-1,T4,PC,-1,leading,green,20.000000,0.121528
T4_PC_pos-1,T4,PC,-1,leading,green,25.000000,0.555556
T4_PC_pos-1,T4,PC,-1,leading,green,30.000000,0.622106
T4_PC_pos-1,T4,PC,-1,leading,green,35.000000,1.520544
T4_PC_pos-1,T4,PC,-1,leading,green,40.000000,4.849537
T4_PC_pos-1,T4,PC,-1,leading,green,45.000000,7.465278
T4_PC_pos-1,T4,PC,-1,leading,green,50.000000,9.814815
T4_PC_pos-1,T4,PC,-1,leading,green,55.000000,12.132523
T4_PC_pos-1,T4,PC,-1,leading,green,60.000000,13.993056
T4_PC_pos-1,T4,PC,-1,leading,green,65.000000,15.321181
T4_PC_pos-1,T4,PC,-1,leading,green,70.000000,16.197917
T4_PC_pos-1,T4,PC,-1,leading,green,75.000000,16.935764
T4_PC_pos-1,T4,PC,-1,leading,green,80.000000,17.638889
T4_PC_pos-1,T4,PC,-1,leading,green,85.000000,18.230613
T4_PC_pos-1,T4,PC,-1,leading,green,90.000000,18.660301
T4_PC_pos-1,T4,PC,-1,leading,green,95.000000,19.089988
T4_PC_pos-1,T4,PC,-1,leading,green,100.000000,19.519676
T4_PC_pos-1,T4,PC,-1,leading,green,105.000000,19.916088
T4_PC_pos-1,T4,PC,-1,leading,green,110.000000,20.176505
T4_PC_pos-1,T4,PC,-1,leading,green,115.000000,20.390625
T4_PC_pos-1,T4,PC,-1,leading,green,120.000000,20.578704
T4_PC_pos-1,T4,PC,-1,leading,green,125.000000,20.648148
T4_PC_pos-1,T4,PC,-1,leading,green,130.000000,20.648148
T4_PC_pos-1,T4,PC,-1,leading,green,135.000000,20.684317
T4_PC_pos-1,T4,PC,-1,leading,green,140.000000,20.839120
T4_PC_pos-1,T4,PC,-1,leading,green,145.000000,21.034433
T4_PC_pos-1,T4,PC,-1,leading,green,150.000000,21.229745
T4_PC_pos-1,T4,PC,-1,leading,green,155.000000,21.417824
T4_PC_pos-1,T4,PC,-1,leading,green,160.000000,21.574074
T4_PC_pos-1,T4,PC,-1,leading,green,165.000000,21.574074
T4_PC_pos-1,T4,PC,-1,leading,green,170.000000,21.542245
T4_PC_pos-1,T4,PC,-1,leading,green,175.000000,21.281829
T4_PC_pos-1,T4,PC,-1,leading,green,180.000000,20.787037
T4_PC_pos-1,T4,PC,-1,leading,green,185.000000,20.081019
T4_PC_pos-1,T4,PC,-1,leading,green,190.000000,19.137731
T4_PC_pos-1,T4,PC,-1,leading,green,195.000000,18.122106
T4_PC_pos-1,T4,PC,-1,leading,green,200.000000,17.037037
T4_PC_pos-1,T4,PC,-1,leading,green,205.000000,15.943287
T4_PC_pos-1,T4,PC,-1,leading,green,210.000000,14.890046
T4_PC_pos-1,T4,PC,-1,leading,green,215.000000,13.874421
T4_PC_pos-1,T4,PC,-1,leading,green,220.000000,12.870370
T4_PC_pos-1,T4,PC,-1,leading,green,225.000000,11.932870
T4_PC_pos-1,T4,PC,-1,leading,green,230.000000,11.108218
T4_PC_pos-1,T4,PC,-1,leading,green,235.000000,10.318287
T4_PC_pos-1,T4,PC,-1,leading,green,240.000000,9.583333
T4_PC_pos-1,T4,PC,-1,leading,green,245.000000,8.927951
T4_PC_pos-1,T4,PC,-1,leading,green,250.000000,8.324653
T4_PC_pos-1,T4,PC,-1,leading,green,255.000000,7.664931
T4_PC_pos-1,T4,PC,-1,leading,green,260.000000,7.118056
T4_PC_pos-1,T4,PC,-1,leading,green,265.000000,6.571181
T4_PC_pos-1,T4,PC,-1,leading,green,270.000000,6.050347
T4_PC_pos-1,T4,PC,-1,leading,green,275.000000,5.542535
T4_PC_pos-1,T4,PC,-1,leading,green,280.000000,5.150463
T4_PC_pos-1,T4,PC,-1,leading,green,285.000000,5.028935
T4_PC_pos-1,T4,PC,-1,leading,green,290.000000,4.872685
T4_PC_pos-1,T4,PC,-1,leading,green,295.000000,3.884549
T4_PC_pos-1,T4,PC,-1,leading,green,300.000000,3.379630
T4_PC_pos-1,T4,PC,-1,leading,green,305.000000,3.088831
T4_PC_pos-1,T4,PC,-1,leading,green,310.000000,2.771991
T4_PC_pos-1,T4,PC,-1,leading,green,315.000000,2.395833
T4_PC_pos-1,T4,PC,-1,leading,green,320.000000,2.083333
T4_PC_pos-1,T4,PC,-1,leading,green,325.000000,1.809896
T4_PC_pos-1,T4,PC,-1,leading,green,330.000000,1.504630
T4_PC_pos-1,T4,PC,-1,leading,green,335.000000,1.216725
T4_PC_pos-1,T4,PC,-1,leading,green,340.000000,0.960648
T4_PC_pos-1,T4,PC,-1,leading,green,345.000000,0.736400
T4_PC_pos-1,T4,PC,-1,leading,green,350.000000,0.541088
T4_PC_pos-1,T4,PC,-1,leading,green,355.000000,0.345775
T4_PC_pos-1,T4,PC,-1,leading,green,360.000000,0.150463
T4_PC_pos-1,T4,PC,-1,leading,green,365.000000,-0.017361
T4_PC_pos-1,T4,PC,-1,leading,green,370.000000,-0.153356
T4_PC_pos-1,T4,PC,-1,leading,green,375.000000,-0.296586
T4_PC_pos-1,T4,PC,-1,leading,green,380.000000,-0.486111
T4_PC_pos-1,T4,PC,-1,leading,green,385.000000,-0.642361
T4_PC_pos-1,T4,PC,-1,leading,green,390.000000,-0.798611
T4_PC_pos-1,T4,PC,-1,leading,green,395.000000,-0.954861
T4_PC_pos-1,T4,PC,-1,leading,green,400.000000,-1.111111
T4_PC_pos-1,T4,PC,-1,leading,green,405.000000,-1.267361
T4_PC_pos-1,T4,PC,-1,leading,green,410.000000,-1.423611
T4_PC_pos-1,T4,PC,-1,leading,green,415.000000,-1.578414
T4_PC_pos-1,T4,PC,-1,leading,green,420.000000,-1.695602
T4_PC_pos-1,T4,PC,-1,leading,green,425.000000,-1.812789
T4_PC_pos-1,T4,PC,-1,leading,green,430.000000,-1.877894
T4_PC_pos-1,T4,PC,-1,leading,green,435.000000,-1.916956
T4_PC_pos-1,T4,PC,-1,leading,green,440.000000,-1.956019
T4_PC_pos-1,T4,PC,-1,leading,green,445.000000,-1.999421
T4_PC_pos-1,T4,PC,-1,leading,green,450.000000,-2.077546
T4_PC_pos-1,T4,PC,-1,leading,green,455.000000,-2.155671
T4_PC_pos-1,T4,PC,-1,leading,green,460.000000,-2.262731
T4_PC_pos-1,T4,PC,-1,leading,green,465.000000,-2.358218
T4_PC_pos-1,T4,PC,-1,leading,green,470.000000,-2.436343
T4_PC_pos-1,T4,PC,-1,leading,green,475.000000,-2.514468
T4_PC_pos-1,T4,PC,-1,leading,green,480.000000,-2.592593
T4_PC_pos-1,T4,PC,-1,leading,green,485.000000,-2.631655
T4_PC_pos-1,T4,PC,-1,leading,green,490.000000,-2.702546
T4_PC_pos-1,T4,PC,-1,leading,green,495.000000,-2.756076
T4_PC_pos-1,T4,PC,-1,leading,green,500.000000,-2.812500
T4_PC_pos-1,T4,PC,-1,leading,green,505.000000,-2.890625
T4_PC_pos-1,T4,PC,-1,leading,green,510.000000,-2.965856
T4_PC_pos-1,T4,PC,-1,leading,green,515.000000,-3.004919
T4_PC_pos-1,T4,PC,-1,leading,green,520.000000,-3.113426
T4_PC_pos-1,T4,PC,-1,leading,green,525.000000,-3.175637
T4_PC_pos-1,T4,PC,-1,leading,green,530.000000,-3.255208
T4_PC_pos-1,T4,PC,-1,leading,green,535.000000,-3.333333
T4_PC_pos-1,T4,PC,-1,leading,green,540.000000,-3.339120
T4_PC_pos-1,T4,PC,-1,leading,green,545.000000,-3.378183
T4_PC_pos-1,T4,PC,-1,leading,green,550.000000,-3.417245
T4_PC_pos-1,T4,PC,-1,leading,green,555.000000,-3.456308
T4_PC_pos-1,T4,PC,-1,leading,green,560.000000,-3.495370
T4_PC_pos-1,T4,PC,-1,leading,green,565.000000,-3.534433
T4_PC_pos-1,T4,PC,-1,leading,green,570.000000,-3.564815
T4_PC_pos-1,T4,PC,-1,leading,green,575.000000,-3.564815
T4_PC_pos-1,T4,PC,-1,leading,green,580.000000,-3.564815
T4_PC_pos-1,T4,PC,-1,leading,green,585.000000,-3.531539
T4_PC_pos-1,T4,PC,-1,leading,green,590.000000,-3.466435
T4_PC_pos-1,T4,PC,-1,leading,green,595.000000,-3.425926
T4_PC_pos-1,T4,PC,-1,leading,green,600.000000,-3.414352
T4_PC_pos-1,T4,PC,-1,leading,green,605.000000,-3.379630
T4_PC_pos-1,T4,PC,-1,leading,green,610.000000,-3.379630
T4_PC_pos-1,T4,PC,-1,leading,green,615.000000,-3.379630
T4_PC_pos-1,T4,PC,-1,leading,green,620.000000,-3.379630
T4_PC_pos-1,T4,PC,-1,leading,green,625.000000,-3.401331
T4_PC_pos-1,T4,PC,-1,leading,green,630.000000,-3.425926
T4_PC_pos-1,T4,PC,-1,leading,green,635.000000,-3.440394
T4_PC_pos-1,T4,PC,-1,leading,green,640.000000,-3.518519
T4_PC_pos-1,T4,PC,-1,leading,green,645.000000,-3.596644
T4_PC_pos-1,T4,PC,-1,leading,green,650.000000,-3.642940
T4_PC_pos-1,T4,PC,-1,leading,green,655.000000,-3.657407
T4_PC_pos-1,T4,PC,-1,leading,green,660.000000,-3.657407
T4_PC_pos-1,T4,PC,-1,leading,green,665.000000,-3.677662
T4_PC_pos-1,T4,PC,-1,leading,green,670.000000,-3.750000
T4_PC_pos-1,T4,PC,-1,leading,green,675.000000,-3.750000
T4_PC_pos-1,T4,PC,-1,leading,green,680.000000,-3.750000
T4_PC_pos-1,T4,PC,-1,leading,green,685.000000,-3.750000
T4_PC_pos-1,T4,PC,-1,leading,green,690.000000,-3.750000
T4_PC_pos-1,T4,PC,-1,leading,green,695.000000,-3.750000
T4_PC_pos-1,T4,PC,-1,leading,green,700.000000,-3.750000
T4_PC_pos-1,T4,PC,-1,leading,green,705.000000,-3.750000
T4_PC_pos-1,T4,PC,-1,leading,green,710.000000,-3.787616
T4_PC_pos-1,T4,PC,-1,leading,green,715.000000,-3.826678
T4_NC_pos-1,T4,NC,-1,leading,black,-355.000000,0.000000
T4_NC_pos-1,T4,NC,-1,leading,black,-350.000000,0.000000
T4_NC_pos-1,T4,NC,-1,leading,black,-345.000000,0.000000
T4_NC_pos-1,T4,NC,-1,leading,black,-340.000000,0.000000
T4_NC_pos-1,T4,NC,-1,leading,black,-335.000000,0.000000
T4_NC_pos-1,T4,NC,-1,leading,black,-330.000000,0.000000
T4_NC_pos-1,T4,NC,-1,leading,black,-325.000000,0.000000
T4_NC_pos-1,T4,NC,-1,leading,black,-320.000000,0.000000
T4_NC_pos-1,T4,NC,-1,leading,black,-315.000000,0.000000
T4_NC_pos-1,T4,NC,-1,leading,black,-310.000000,0.000000
T4_NC_pos-1,T4,NC,-1,leading,black,-305.000000,0.000000
T4_NC_pos-1,T4,NC,-1,leading,black,-300.000000,0.000000
T4_NC_pos-1,T4,NC,-1,leading,black,-295.000000,0.000000
T4_NC_pos-1,T4,NC,-1,leading,black,-290.000000,0.000000
T4_NC_pos-1,T4,NC,-1,leading,black,-285.000000,0.000000
T4_NC_pos-1,T4,NC,-1,leading,black,-280.000000,0.000000
T4_NC_pos-1,T4,NC,-1,leading,black,-275.000000,0.000000
T4_NC_pos-1,T4,NC,-1,leading,black,-270.000000,0.000000
T4_NC_pos-1,T4,NC,-1,leading,black,-265.000000,0.000000
T4_NC_pos-1,T4,NC,-1,leading,black,-260.000000,0.000000
T4_NC_pos-1,T4,NC,-1,leading,black,-255.000000,0.000000
T4_NC_pos-1,T4,NC,-1,leading,black,-250.000000,0.000000
T4_NC_pos-1,T4,NC,-1,leading,black,-245.000000,0.000000
T4_NC_pos-1,T4,NC,-1,leading,black,-240.000000,0.000000
T4_NC_pos-1,T4,NC,-1,leading,black,-235.000000,0.000000
T4_NC_pos-1,T4,NC,-1,leading,black,-230.000000,0.000000
T4_NC_pos-1,T4,NC,-1,leading,black,-225.000000,0.000000
T4_NC_pos-1,T4,NC,-1,leading,black,-220.000000,0.000000
T4_NC_pos-1,T4,NC,-1,leading,black,-215.000000,0.000000
T4_NC_pos-1,T4,NC,-1,leading,black,-210.000000,0.000000
T4_NC_pos-1,T4,NC,-1,leading,black,-205.000000,0.000000
T4_NC_pos-1,T4,NC,-1,leading,black,-200.000000,0.011574
T4_NC_pos-1,T4,NC,-1,leading,black,-195.000000,0.041956
T4_NC_pos-1,T4,NC,-1,leading,black,-190.000000,0.002894
T4_NC_pos-1,T4,NC,-1,leading,black,-185.000000,0.000000
T4_NC_pos-1,T4,NC,-1,leading,black,-180.000000,-0.057870
T4_NC_pos-1,T4,NC,-1,leading,black,-175.000000,-0.092593
T4_NC_pos-1,T4,NC,-1,leading,black,-170.000000,-0.121528
T4_NC_pos-1,T4,NC,-1,leading,black,-165.000000,-0.185185
T4_NC_pos-1,T4,NC,-1,leading,black,-160.000000,-0.185185
T4_NC_pos-1,T4,NC,-1,leading,black,-155.000000,-0.185185
T4_NC_pos-1,T4,NC,-1,leading,black,-150.000000,-0.121528
T4_NC_pos-1,T4,NC,-1,leading,black,-145.000000,-0.092593
T4_NC_pos-1,T4,NC,-1,leading,black,-140.000000,-0.092593
T4_NC_pos-1,T4,NC,-1,leading,black,-135.000000,-0.092593
T4_NC_pos-1,T4,NC,-1,leading,black,-130.000000,-0.095486
T4_NC_pos-1,T4,NC,-1,leading,black,-125.000000,-0.134549
T4_NC_pos-1,T4,NC,-1,leading,black,-120.000000,-0.138889
T4_NC_pos-1,T4,NC,-1,leading,black,-115.000000,-0.138889
T4_NC_pos-1,T4,NC,-1,leading,black,-110.000000,-0.078125
T4_NC_pos-1,T4,NC,-1,leading,black,-105.000000,0.000000
T4_NC_pos-1,T4,NC,-1,leading,black,-100.000000,0.000000
T4_NC_pos-1,T4,NC,-1,leading,black,-95.000000,0.000000
T4_NC_pos-1,T4,NC,-1,leading,black,-90.000000,0.000000
T4_NC_pos-1,T4,NC,-1,leading,black,-85.000000,0.000000
T4_NC_pos-1,T4,NC,-1,leading,black,-80.000000,0.000000
T4_NC_pos-1,T4,NC,-1,leading,black,-75.000000,0.000000
T4_NC_pos-1,T4,NC,-1,leading,black,-70.000000,0.008681
T4_NC_pos-1,T4,NC,-1,leading,black,-65.000000,0.050637
T4_NC_pos-1,T4,NC,-1,leading,black,-60.000000,0.167824
T4_NC_pos-1,T4,NC,-1,leading,black,-55.000000,0.218461
T4_NC_pos-1,T4,NC,-1,leading,black,-50.000000,0.283565
T4_NC_pos-1,T4,NC,-1,leading,black,-45.000000,0.342882
T4_NC_pos-1,T4,NC,-1,leading,black,-40.000000,0.381944
T4_NC_pos-1,T4,NC,-1,leading,black,-35.000000,0.416667
T4_NC_pos-1,T4,NC,-1,leading,black,-30.000000,0.416667
T4_NC_pos-1,T4,NC,-1,leading,black,-25.000000,0.416667
T4_NC_pos-1,T4,NC,-1,leading,black,-20.000000,0.416667
T4_NC_pos-1,T4,NC,-1,leading,black,-15.000000,0.373264
T4_NC_pos-1,T4,NC,-1,leading,black,-10.000000,0.309606
T4_NC_pos-1,T4,NC,-1,leading,black,-5.000000,0.263310
T4_NC_pos-1,T4,NC,-1,leading,black,0.000000,0.185185
T4_NC_pos-1,T4,NC,-1,leading,black,5.000000,0.107060
T4_NC_pos-1,T4,NC,-1,leading,black,10.000000,0.092593
T4_NC_pos-1,T4,NC,-1,leading,black,15.000000,0.092593
T4_NC_pos-1,T4,NC,-1,leading,black,20.000000,0.092593
T4_NC_pos-1,T4,NC,-1,leading,black,25.000000,0.072338
T4_NC_pos-1,T4,NC,-1,leading,black,30.000000,-0.011574
T4_NC_pos-1,T4,NC,-1,leading,black,35.000000,-0.167824
T4_NC_pos-1,T4,NC,-1,leading,black,40.000000,-0.393519
T4_NC_pos-1,T4,NC,-1,leading,black,45.000000,-0.682870
T4_NC_pos-1,T4,NC,-1,leading,black,50.000000,-0.975116
T4_NC_pos-1,T4,NC,-1,leading,black,55.000000,-1.261574
T4_NC_pos-1,T4,NC,-1,leading,black,60.000000,-1.574074
T4_NC_pos-1,T4,NC,-1,leading,black,65.000000,-1.886574
T4_NC_pos-1,T4,NC,-1,leading,black,70.000000,-2.086227
T4_NC_pos-1,T4,NC,-1,leading,black,75.000000,-2.311921
T4_NC_pos-1,T4,NC,-1,leading,black,80.000000,-2.476852
T4_NC_pos-1,T4,NC,-1,leading,black,85.000000,-2.578125
T4_NC_pos-1,T4,NC,-1,leading,black,90.000000,-2.647569
T4_NC_pos-1,T4,NC,-1,leading,black,95.000000,-2.688079
T4_NC_pos-1,T4,NC,-1,leading,black,100.000000,-2.766204
T4_NC_pos-1,T4,NC,-1,leading,black,105.000000,-2.811053
T4_NC_pos-1,T4,NC,-1,leading,black,110.000000,-2.876157
T4_NC_pos-1,T4,NC,-1,leading,black,115.000000,-2.973090
T4_NC_pos-1,T4,NC,-1,leading,black,120.000000,-3.078704
T4_NC_pos-1,T4,NC,-1,leading,black,125.000000,-3.152488
T4_NC_pos-1,T4,NC,-1,leading,black,130.000000,-3.191551
T4_NC_pos-1,T4,NC,-1,leading,black,135.000000,-3.194444
T4_NC_pos-1,T4,NC,-1,leading,black,140.000000,-3.194444
T4_NC_pos-1,T4,NC,-1,leading,black,145.000000,-3.216146
T4_NC_pos-1,T4,NC,-1,leading,black,150.000000,-3.240741
T4_NC_pos-1,T4,NC,-1,leading,black,155.000000,-3.247975
T4_NC_pos-1,T4,NC,-1,leading,black,160.000000,-3.287037
T4_NC_pos-1,T4,NC,-1,leading,black,165.000000,-3.326100
T4_NC_pos-1,T4,NC,-1,leading,black,170.000000,-3.396991
T4_NC_pos-1,T4,NC,-1,leading,black,175.000000,-3.450521
T4_NC_pos-1,T4,NC,-1,leading,black,180.000000,-3.472222
T4_NC_pos-1,T4,NC,-1,leading,black,185.000000,-3.462095
T4_NC_pos-1,T4,NC,-1,leading,black,190.000000,-3.408565
T4_NC_pos-1,T4,NC,-1,leading,black,195.000000,-3.174190
T4_NC_pos-1,T4,NC,-1,leading,black,200.000000,-2.800926
T4_NC_pos-1,T4,NC,-1,leading,black,205.000000,-2.410301
T4_NC_pos-1,T4,NC,-1,leading,black,210.000000,-1.979167
T4_NC_pos-1,T4,NC,-1,leading,black,215.000000,-1.510417
T4_NC_pos-1,T4,NC,-1,leading,black,220.000000,-1.047454
T4_NC_pos-1,T4,NC,-1,leading,black,225.000000,-0.617766
T4_NC_pos-1,T4,NC,-1,leading,black,230.000000,-0.188079
T4_NC_pos-1,T4,NC,-1,leading,black,235.000000,0.302373
T4_NC_pos-1,T4,NC,-1,leading,black,240.000000,0.787037
T4_NC_pos-1,T4,NC,-1,leading,black,245.000000,1.239873
T4_NC_pos-1,T4,NC,-1,leading,black,250.000000,1.669560
T4_NC_pos-1,T4,NC,-1,leading,black,255.000000,2.099248
T4_NC_pos-1,T4,NC,-1,leading,black,260.000000,2.528935
T4_NC_pos-1,T4,NC,-1,leading,black,265.000000,2.825521
T4_NC_pos-1,T4,NC,-1,leading,black,270.000000,3.125000
T4_NC_pos-1,T4,NC,-1,leading,black,275.000000,3.437500
T4_NC_pos-1,T4,NC,-1,leading,black,280.000000,3.738426
T4_NC_pos-1,T4,NC,-1,leading,black,285.000000,4.007523
T4_NC_pos-1,T4,NC,-1,leading,black,290.000000,4.241898
T4_NC_pos-1,T4,NC,-1,leading,black,295.000000,4.476273
T4_NC_pos-1,T4,NC,-1,leading,black,300.000000,4.768519
T4_NC_pos-1,T4,NC,-1,leading,black,305.000000,5.059317
T4_NC_pos-1,T4,NC,-1,leading,black,310.000000,5.318287
T4_NC_pos-1,T4,NC,-1,leading,black,315.000000,5.559896
T4_NC_pos-1,T4,NC,-1,leading,black,320.000000,5.833333
T4_NC_pos-1,T4,NC,-1,leading,black,325.000000,5.989583
T4_NC_pos-1,T4,NC,-1,leading,black,330.000000,6.114005
T4_NC_pos-1,T4,NC,-1,leading,black,335.000000,6.206597
T4_NC_pos-1,T4,NC,-1,leading,black,340.000000,6.284722
T4_NC_pos-1,T4,NC,-1,leading,black,345.000000,6.372975
T4_NC_pos-1,T4,NC,-1,leading,black,350.000000,6.490162
T4_NC_pos-1,T4,NC,-1,leading,black,355.000000,6.607350
T4_NC_pos-1,T4,NC,-1,leading,black,360.000000,6.689815
T4_NC_pos-1,T4,NC,-1,leading,black,365.000000,6.740451
T4_NC_pos-1,T4,NC,-1,leading,black,370.000000,6.759259
T4_NC_pos-1,T4,NC,-1,leading,black,375.000000,6.759259
T4_NC_pos-1,T4,NC,-1,leading,black,380.000000,6.759259
T4_NC_pos-1,T4,NC,-1,leading,black,385.000000,6.759259
T4_NC_pos-1,T4,NC,-1,leading,black,390.000000,6.759259
T4_NC_pos-1,T4,NC,-1,leading,black,395.000000,6.759259
T4_NC_pos-1,T4,NC,-1,leading,black,400.000000,6.828704
T4_NC_pos-1,T4,NC,-1,leading,black,405.000000,6.898148
T4_NC_pos-1,T4,NC,-1,leading,black,410.000000,6.889468
T4_NC_pos-1,T4,NC,-1,leading,black,415.000000,6.851852
T4_NC_pos-1,T4,NC,-1,leading,black,420.000000,6.851852
T4_NC_pos-1,T4,NC,-1,leading,black,425.000000,6.818576
T4_NC_pos-1,T4,NC,-1,leading,black,430.000000,6.701389
T4_NC_pos-1,T4,NC,-1,leading,black,435.000000,6.563947
T4_NC_pos-1,T4,NC,-1,leading,black,440.000000,6.446759
T4_NC_pos-1,T4,NC,-1,leading,black,445.000000,6.329572
T4_NC_pos-1,T4,NC,-1,leading,black,450.000000,6.212384
T4_NC_pos-1,T4,NC,-1,leading,black,455.000000,6.167535
T4_NC_pos-1,T4,NC,-1,leading,black,460.000000,6.157407
T4_NC_pos-1,T4,NC,-1,leading,black,465.000000,6.200810
T4_NC_pos-1,T4,NC,-1,leading,black,470.000000,6.264468
T4_NC_pos-1,T4,NC,-1,leading,black,475.000000,6.296296
T4_NC_pos-1,T4,NC,-1,leading,black,480.000000,6.296296
T4_NC_pos-1,T4,NC,-1,leading,black,485.000000,6.179109
T4_NC_pos-1,T4,NC,-1,leading,black,490.000000,6.125579
T4_NC_pos-1,T4,NC,-1,leading,black,495.000000,5.988137
T4_NC_pos-1,T4,NC,-1,leading,black,500.000000,5.879630
T4_NC_pos-1,T4,NC,-1,leading,black,505.000000,5.889757
T4_NC_pos-1,T4,NC,-1,leading,black,510.000000,5.925926
T4_NC_pos-1,T4,NC,-1,leading,black,515.000000,5.925926
T4_NC_pos-1,T4,NC,-1,leading,black,520.000000,5.925926
T4_NC_pos-1,T4,NC,-1,leading,black,525.000000,5.925926
T4_NC_pos-1,T4,NC,-1,leading,black,530.000000,5.925926
T4_NC_pos-1,T4,NC,-1,leading,black,535.000000,5.925926
T4_NC_pos-1,T4,NC,-1,leading,black,540.000000,5.925926
T4_NC_pos-1,T4,NC,-1,leading,black,545.000000,5.925926
T4_NC_pos-1,T4,NC,-1,leading,black,550.000000,5.850694
T4_NC_pos-1,T4,NC,-1,leading,black,555.000000,5.802951
T4_NC_pos-1,T4,NC,-1,leading,black,560.000000,5.763889
T4_NC_pos-1,T4,NC,-1,leading,black,565.000000,5.724826
T4_NC_pos-1,T4,NC,-1,leading,black,570.000000,5.668403
T4_NC_pos-1,T4,NC,-1,leading,black,575.000000,5.549769
T4_NC_pos-1,T4,NC,-1,leading,black,580.000000,5.393519
T4_NC_pos-1,T4,NC,-1,leading,black,585.000000,5.237269
T4_NC_pos-1,T4,NC,-1,leading,black,590.000000,5.081019
T4_NC_pos-1,T4,NC,-1,leading,black,595.000000,4.943576
T4_NC_pos-1,T4,NC,-1,leading,black,600.000000,4.861111
T4_NC_pos-1,T4,NC,-1,leading,black,605.000000,4.865451
T4_NC_pos-1,T4,NC,-1,leading,black,610.000000,4.904514
T4_NC_pos-1,T4,NC,-1,leading,black,615.000000,4.907407
T4_NC_pos-1,T4,NC,-1,leading,black,620.000000,4.907407
T4_NC_pos-1,T4,NC,-1,leading,black,625.000000,4.842303
T4_NC_pos-1,T4,NC,-1,leading,black,630.000000,4.754051
T4_NC_pos-1,T4,NC,-1,leading,black,635.000000,4.714988
T4_NC_pos-1,T4,NC,-1,leading,black,640.000000,4.675926
T4_NC_pos-1,T4,NC,-1,leading,black,645.000000,4.675926
T4_NC_pos-1,T4,NC,-1,leading,black,650.000000,4.707755
T4_NC_pos-1,T4,NC,-1,leading,black,655.000000,4.771412
T4_NC_pos-1,T4,NC,-1,leading,black,660.000000,4.866898
T4_NC_pos-1,T4,NC,-1,leading,black,665.000000,4.953704
T4_NC_pos-1,T4,NC,-1,leading,black,670.000000,4.953704
T4_NC_pos-1,T4,NC,-1,leading,black,675.000000,4.953704
T4_NC_pos-1,T4,NC,-1,leading,black,680.000000,4.884259
T4_NC_pos-1,T4,NC,-1,leading,black,685.000000,4.751157
T4_NC_pos-1,T4,NC,-1,leading,black,690.000000,4.615162
T4_NC_pos-1,T4,NC,-1,leading,black,695.000000,4.510995
T4_NC_pos-1,T4,NC,-1,leading,black,700.000000,4.415509
T4_NC_pos-1,T4,NC,-1,leading,black,705.000000,4.220197
T4_NC_pos-1,T4,NC,-1,leading,black,710.000000,4.137731
T4_NC_pos-1,T4,NC,-1,leading,black,715.000000,3.998843
T4_NC_pos-1,T4,NC,-1,leading,black,720.000000,3.888889
T4_PC_pos+0,T4,PC,0,center,green,-355.000000,0.000000
T4_PC_pos+0,T4,PC,0,center,green,-350.000000,0.000000
T4_PC_pos+0,T4,PC,0,center,green,-345.000000,0.000000
T4_PC_pos+0,T4,PC,0,center,green,-340.000000,0.000000
T4_PC_pos+0,T4,PC,0,center,green,-335.000000,0.000000
T4_PC_pos+0,T4,PC,0,center,green,-330.000000,0.000000
T4_PC_pos+0,T4,PC,0,center,green,-325.000000,0.000000
T4_PC_pos+0,T4,PC,0,center,green,-320.000000,0.000000
T4_PC_pos+0,T4,PC,0,center,green,-315.000000,0.000000
T4_PC_pos+0,T4,PC,0,center,green,-310.000000,0.000000
T4_PC_pos+0,T4,PC,0,center,green,-305.000000,0.000000
T4_PC_pos+0,T4,PC,0,center,green,-300.000000,0.000000
T4_PC_pos+0,T4,PC,0,center,green,-295.000000,0.000000
T4_PC_pos+0,T4,PC,0,center,green,-290.000000,0.000000
T4_PC_pos+0,T4,PC,0,center,green,-285.000000,0.000000
T4_PC_pos+0,T4,PC,0,center,green,-280.000000,0.000000
T4_PC_pos+0,T4,PC,0,center,green,-275.000000,0.000000
T4_PC_pos+0,T4,PC,0,center,green,-270.000000,0.000000
T4_PC_pos+0,T4,PC,0,center,green,-265.000000,0.000000
T4_PC_pos+0,T4,PC,0,center,green,-260.000000,0.000000
T4_PC_pos+0,T4,PC,0,center,green,-255.000000,0.000000
T4_PC_pos+0,T4,PC,0,center,green,-250.000000,0.000000
T4_PC_pos+0,T4,PC,0,center,green,-245.000000,0.000000
T4_PC_pos+0,T4,PC,0,center,green,-240.000000,0.000000
T4_PC_pos+0,T4,PC,0,center,green,-235.000000,0.000000
T4_PC_pos+0,T4,PC,0,center,green,-230.000000,0.000000
T4_PC_pos+0,T4,PC,0,center,green,-225.000000,0.000000
T4_PC_pos+0,T4,PC,0,center,green,-220.000000,0.000000
T4_PC_pos+0,T4,PC,0,center,green,-215.000000,0.000000
T4_PC_pos+0,T4,PC,0,center,green,-210.000000,0.000000
T4_PC_pos+0,T4,PC,0,center,green,-205.000000,-0.188079
T4_PC_pos+0,T4,PC,0,center,green,-200.000000,-0.462963
T4_PC_pos+0,T4,PC,0,center,green,-195.000000,-0.462963
T4_PC_pos+0,T4,PC,0,center,green,-190.000000,-0.462963
T4_PC_pos+0,T4,PC,0,center,green,-185.000000,-0.101273
T4_PC_pos+0,T4,PC,0,center,green,-180.000000,0.028935
T4_PC_pos+0,T4,PC,0,center,green,-175.000000,0.046296
T4_PC_pos+0,T4,PC,0,center,green,-170.000000,0.046296
T4_PC_pos+0,T4,PC,0,center,green,-165.000000,0.046296
T4_PC_pos+0,T4,PC,0,center,green,-160.000000,0.046296
T4_PC_pos+0,T4,PC,0,center,green,-155.000000,0.085359
T4_PC_pos+0,T4,PC,0,center,green,-150.000000,0.092593
T4_PC_pos+0,T4,PC,0,center,green,-145.000000,0.092593
T4_PC_pos+0,T4,PC,0,center,green,-140.000000,0.127315
T4_PC_pos+0,T4,PC,0,center,green,-135.000000,0.195312
T4_PC_pos+0,T4,PC,0,center,green,-130.000000,0.231481
T4_PC_pos+0,T4,PC,0,center,green,-125.000000,0.231481
T4_PC_pos+0,T4,PC,0,center,green,-120.000000,0.266204
T4_PC_pos+0,T4,PC,0,center,green,-115.000000,0.277778
T4_PC_pos+0,T4,PC,0,center,green,-110.000000,0.298032
T4_PC_pos+0,T4,PC,0,center,green,-105.000000,0.324074
T4_PC_pos+0,T4,PC,0,center,green,-100.000000,0.329861
T4_PC_pos+0,T4,PC,0,center,green,-95.000000,0.368924
T4_PC_pos+0,T4,PC,0,center,green,-90.000000,0.370370
T4_PC_pos+0,T4,PC,0,center,green,-85.000000,0.339988
T4_PC_pos+0,T4,PC,0,center,green,-80.000000,0.324074
T4_PC_pos+0,T4,PC,0,center,green,-75.000000,0.308160
T4_PC_pos+0,T4,PC,0,center,green,-70.000000,0.277778
T4_PC_pos+0,T4,PC,0,center,green,-65.000000,0.276331
T4_PC_pos+0,T4,PC,0,center,green,-60.000000,0.237269
T4_PC_pos+0,T4,PC,0,center,green,-55.000000,0.131655
T4_PC_pos+0,T4,PC,0,center,green,-50.000000,-0.024595
T4_PC_pos+0,T4,PC,0,center,green,-45.000000,-0.200376
T4_PC_pos+0,T4,PC,0,center,green,-40.000000,-0.324074
T4_PC_pos+0,T4,PC,0,center,green,-35.000000,-0.321904
T4_PC_pos+0,T4,PC,0,center,green,-30.000000,-0.302373
T4_PC_pos+0,T4,PC,0,center,green,-25.000000,-0.282841
T4_PC_pos+0,T4,PC,0,center,green,-20.000000,-0.046296
T4_PC_pos+0,T4,PC,0,center,green,-15.000000,0.092593
T4_PC_pos+0,T4,PC,0,center,green,-10.000000,0.005787
T4_PC_pos+0,T4,PC,0,center,green,-5.000000,-0.185185
T4_PC_pos+0,T4,PC,0,center,green,0.000000,-0.185185
T4_PC_pos+0,T4,PC,0,center,green,5.000000,-0.185185
T4_PC_pos+0,T4,PC,0,center,green,10.000000,-0.041956
T4_PC_pos+0,T4,PC,0,center,green,15.000000,0.183015
T4_PC_pos+0,T4,PC,0,center,green,20.000000,0.324074
T4_PC_pos+0,T4,PC,0,center,green,25.000000,0.587384
T4_PC_pos+0,T4,PC,0,center,green,30.000000,1.793981
T4_PC_pos+0,T4,PC,0,center,green,35.000000,5.387731
T4_PC_pos+0,T4,PC,0,center,green,40.000000,7.905093
T4_PC_pos+0,T4,PC,0,center,green,45.000000,10.177951
T4_PC_pos+0,T4,PC,0,center,green,50.000000,12.181713
T4_PC_pos+0,T4,PC,0,center,green,55.000000,13.783275
T4_PC_pos+0,T4,PC,0,center,green,60.000000,14.924769
T4_PC_pos+0,T4,PC,0,center,green,65.000000,15.666956
T4_PC_pos+0,T4,PC,0,center,green,70.000000,16.333912
T4_PC_pos+0,T4,PC,0,center,green,75.000000,16.785301
T4_PC_pos+0,T4,PC,0,center,green,80.000000,17.106481
T4_PC_pos+0,T4,PC,0,center,green,85.000000,17.395833
T4_PC_pos+0,T4,PC,0,center,green,90.000000,17.699653
T4_PC_pos+0,T4,PC,0,center,green,95.000000,17.970197
T4_PC_pos+0,T4,PC,0,center,green,100.000000,18.165509
T4_PC_pos+0,T4,PC,0,center,green,105.000000,18.360822
T4_PC_pos+0,T4,PC,0,center,green,110.000000,18.582176
T4_PC_pos+0,T4,PC,0,center,green,115.000000,18.797743
T4_PC_pos+0,T4,PC,0,center,green,120.000000,18.969907
T4_PC_pos+0,T4,PC,0,center,green,125.000000,19.074074
T4_PC_pos+0,T4,PC,0,center,green,130.000000,19.074074
T4_PC_pos+0,T4,PC,0,center,green,135.000000,19.037905
T4_PC_pos+0,T4,PC,0,center,green,140.000000,18.969907
T4_PC_pos+0,T4,PC,0,center,green,145.000000,18.935185
T4_PC_pos+0,T4,PC,0,center,green,150.000000,18.964120
T4_PC_pos+0,T4,PC,0,center,green,155.000000,19.042245
T4_PC_pos+0,T4,PC,0,center,green,160.000000,19.120370
T4_PC_pos+0,T4,PC,0,center,green,165.000000,19.120370
T4_PC_pos+0,T4,PC,0,center,green,170.000000,18.961227
T4_PC_pos+0,T4,PC,0,center,green,175.000000,18.544560
T4_PC_pos+0,T4,PC,0,center,green,180.000000,17.893519
T4_PC_pos+0,T4,PC,0,center,green,185.000000,17.061632
T4_PC_pos+0,T4,PC,0,center,green,190.000000,16.076389
T4_PC_pos+0,T4,PC,0,center,green,195.000000,14.982639
T4_PC_pos+0,T4,PC,0,center,green,200.000000,13.854167
T4_PC_pos+0,T4,PC,0,center,green,205.000000,12.776331
T4_PC_pos+0,T4,PC,0,center,green,210.000000,11.762153
T4_PC_pos+0,T4,PC,0,center,green,215.000000,10.798611
T4_PC_pos+0,T4,PC,0,center,green,220.000000,9.878472
T4_PC_pos+0,T4,PC,0,center,green,225.000000,9.058160
T4_PC_pos+0,T4,PC,0,center,green,230.000000,8.275463
T4_PC_pos+0,T4,PC,0,center,green,235.000000,7.585359
T4_PC_pos+0,T4,PC,0,center,green,240.000000,6.898148
T4_PC_pos+0,T4,PC,0,center,green,245.000000,6.258681
T4_PC_pos+0,T4,PC,0,center,green,250.000000,5.781250
T4_PC_pos+0,T4,PC,0,center,green,255.000000,5.552662
T4_PC_pos+0,T4,PC,0,center,green,260.000000,5.474537
T4_PC_pos+0,T4,PC,0,center,green,265.000000,4.797454
T4_PC_pos+0,T4,PC,0,center,green,270.000000,4.068287
T4_PC_pos+0,T4,PC,0,center,green,275.000000,3.515625
T4_PC_pos+0,T4,PC,0,center,green,280.000000,3.136574
T4_PC_pos+0,T4,PC,0,center,green,285.000000,2.785012
T4_PC_pos+0,T4,PC,0,center,green,290.000000,2.433449
T4_PC_pos+0,T4,PC,0,center,green,295.000000,2.154225
T4_PC_pos+0,T4,PC,0,center,green,300.000000,1.851852
T4_PC_pos+0,T4,PC,0,center,green,305.000000,1.582755
T4_PC_pos+0,T4,PC,0,center,green,310.000000,1.348380
T4_PC_pos+0,T4,PC,0,center,green,315.000000,1.099537
T4_PC_pos+0,T4,PC,0,center,green,320.000000,0.787037
T4_PC_pos+0,T4,PC,0,center,green,325.000000,0.630787
T4_PC_pos+0,T4,PC,0,center,green,330.000000,0.410880
T4_PC_pos+0,T4,PC,0,center,green,335.000000,0.176505
T4_PC_pos+0,T4,PC,0,center,green,340.000000,-0.040509
T4_PC_pos+0,T4,PC,0,center,green,345.000000,-0.245949
T4_PC_pos+0,T4,PC,0,center,green,350.000000,-0.474537
T4_PC_pos+0,T4,PC,0,center,green,355.000000,-0.630787
T4_PC_pos+0,T4,PC,0,center,green,360.000000,-0.787037
T4_PC_pos+0,T4,PC,0,center,green,365.000000,-0.970775
T4_PC_pos+0,T4,PC,0,center,green,370.000000,-1.145833
T4_PC_pos+0,T4,PC,0,center,green,375.000000,-1.289063
T4_PC_pos+0,T4,PC,0,center,green,380.000000,-1.412037
T4_PC_pos+0,T4,PC,0,center,green,385.000000,-1.568287
T4_PC_pos+0,T4,PC,0,center,green,390.000000,-1.649306
T4_PC_pos+0,T4,PC,0,center,green,395.000000,-1.697049
T4_PC_pos+0,T4,PC,0,center,green,400.000000,-1.759259
T4_PC_pos+0,T4,PC,0,center,green,405.000000,-1.837384
T4_PC_pos+0,T4,PC,0,center,green,410.000000,-1.915509
T4_PC_pos+0,T4,PC,0,center,green,415.000000,-1.993634
T4_PC_pos+0,T4,PC,0,center,green,420.000000,-2.071759
T4_PC_pos+0,T4,PC,0,center,green,425.000000,-2.116609
T4_PC_pos+0,T4,PC,0,center,green,430.000000,-2.155671
T4_PC_pos+0,T4,PC,0,center,green,435.000000,-2.213542
T4_PC_pos+0,T4,PC,0,center,green,440.000000,-2.291667
T4_PC_pos+0,T4,PC,0,center,green,445.000000,-2.369792
T4_PC_pos+0,T4,PC,0,center,green,450.000000,-2.447917
T4_PC_pos+0,T4,PC,0,center,green,455.000000,-2.526042
T4_PC_pos+0,T4,PC,0,center,green,460.000000,-2.575231
T4_PC_pos+0,T4,PC,0,center,green,465.000000,-2.592593
T4_PC_pos+0,T4,PC,0,center,green,470.000000,-2.621528
T4_PC_pos+0,T4,PC,0,center,green,475.000000,-2.685185
T4_PC_pos+0,T4,PC,0,center,green,480.000000,-2.685185
T4_PC_pos+0,T4,PC,0,center,green,485.000000,-2.724248
T4_PC_pos+0,T4,PC,0,center,green,490.000000,-2.763310
T4_PC_pos+0,T4,PC,0,center,green,495.000000,-2.826968
T4_PC_pos+0,T4,PC,0,center,green,500.000000,-2.870370
T4_PC_pos+0,T4,PC,0,center,green,505.000000,-2.870370
T4_PC_pos+0,T4,PC,0,center,green,510.000000,-2.873264
T4_PC_pos+0,T4,PC,0,center,green,515.000000,-2.912326
T4_PC_pos+0,T4,PC,0,center,green,520.000000,-2.986111
T4_PC_pos+0,T4,PC,0,center,green,525.000000,-3.036748
T4_PC_pos+0,T4,PC,0,center,green,530.000000,-3.075810
T4_PC_pos+0,T4,PC,0,center,green,535.000000,-3.127894
T4_PC_pos+0,T4,PC,0,center,green,540.000000,-3.200231
T4_PC_pos+0,T4,PC,0,center,green,545.000000,-3.239294
T4_PC_pos+0,T4,PC,0,center,green,550.000000,-3.240741
T4_PC_pos+0,T4,PC,0,center,green,555.000000,-3.240741
T4_PC_pos+0,T4,PC,0,center,green,560.000000,-3.194444
T4_PC_pos+0,T4,PC,0,center,green,565.000000,-3.148148
T4_PC_pos+0,T4,PC,0,center,green,570.000000,-3.148148
T4_PC_pos+0,T4,PC,0,center,green,575.000000,-3.148148
T4_PC_pos+0,T4,PC,0,center,green,580.000000,-3.148148
T4_PC_pos+0,T4,PC,0,center,green,585.000000,-3.148148
T4_PC_pos+0,T4,PC,0,center,green,590.000000,-3.148148
T4_PC_pos+0,T4,PC,0,center,green,595.000000,-3.148148
T4_PC_pos+0,T4,PC,0,center,green,600.000000,-3.159722
T4_PC_pos+0,T4,PC,0,center,green,605.000000,-3.198785
T4_PC_pos+0,T4,PC,0,center,green,610.000000,-3.237847
T4_PC_pos+0,T4,PC,0,center,green,615.000000,-3.240741
T4_PC_pos+0,T4,PC,0,center,green,620.000000,-3.211806
T4_PC_pos+0,T4,PC,0,center,green,625.000000,-3.151042
T4_PC_pos+0,T4,PC,0,center,green,630.000000,-3.072917
T4_PC_pos+0,T4,PC,0,center,green,635.000000,-2.994792
T4_PC_pos+0,T4,PC,0,center,green,640.000000,-2.916667
T4_PC_pos+0,T4,PC,0,center,green,645.000000,-2.916667
T4_PC_pos+0,T4,PC,0,center,green,650.000000,-2.948495
T4_PC_pos+0,T4,PC,0,center,green,655.000000,-3.012153
T4_PC_pos+0,T4,PC,0,center,green,660.000000,-3.090278
T4_PC_pos+0,T4,PC,0,center,green,665.000000,-3.168403
T4_PC_pos+0,T4,PC,0,center,green,670.000000,-3.240741
T4_PC_pos+0,T4,PC,0,center,green,675.000000,-3.240741
T4_PC_pos+0,T4,PC,0,center,green,680.000000,-3.275463
T4_PC_pos+0,T4,PC,0,center,green,685.000000,-3.314525
T4_PC_pos+0,T4,PC,0,center,green,690.000000,-3.333333
T4_PC_pos+0,T4,PC,0,center,green,695.000000,-3.320312
T4_PC_pos+0,T4,PC,0,center,green,700.000000,-3.275463
T4_PC_pos+0,T4,PC,0,center,green,705.000000,-3.197338
T4_PC_pos+0,T4,PC,0,center,green,710.000000,-3.156829
T4_PC_pos+0,T4,PC,0,center,green,715.000000,-3.148148
T4_PC_pos+0,T4,PC,0,center,green,720.000000,-3.148148
T4_PC_pos+0,T4,PC,0,center,green,725.000000,-3.116319
T4_NC_pos+0,T4,NC,0,center,black,-355.000000,0.000000
T4_NC_pos+0,T4,NC,0,center,black,-350.000000,0.000000
T4_NC_pos+0,T4,NC,0,center,black,-345.000000,0.000000
T4_NC_pos+0,T4,NC,0,center,black,-340.000000,0.000000
T4_NC_pos+0,T4,NC,0,center,black,-335.000000,0.000000
T4_NC_pos+0,T4,NC,0,center,black,-330.000000,0.000000
T4_NC_pos+0,T4,NC,0,center,black,-325.000000,0.000000
T4_NC_pos+0,T4,NC,0,center,black,-320.000000,0.000000
T4_NC_pos+0,T4,NC,0,center,black,-315.000000,0.000000
T4_NC_pos+0,T4,NC,0,center,black,-310.000000,0.000000
T4_NC_pos+0,T4,NC,0,center,black,-305.000000,0.000000
T4_NC_pos+0,T4,NC,0,center,black,-300.000000,0.000000
T4_NC_pos+0,T4,NC,0,center,black,-295.000000,0.000000
T4_NC_pos+0,T4,NC,0,center,black,-290.000000,0.000000
T4_NC_pos+0,T4,NC,0,center,black,-285.000000,0.000000
T4_NC_pos+0,T4,NC,0,center,black,-280.000000,0.000000
T4_NC_pos+0,T4,NC,0,center,black,-275.000000,0.000000
T4_NC_pos+0,T4,NC,0,center,black,-270.000000,0.000000
T4_NC_pos+0,T4,NC,0,center,black,-265.000000,0.000000
T4_NC_pos+0,T4,NC,0,center,black,-260.000000,0.000000
T4_NC_pos+0,T4,NC,0,center,black,-255.000000,0.000000
T4_NC_pos+0,T4,NC,0,center,black,-250.000000,0.000000
T4_NC_pos+0,T4,NC,0,center,black,-245.000000,0.000000
T4_NC_pos+0,T4,NC,0,center,black,-240.000000,0.000000
T4_NC_pos+0,T4,NC,0,center,black,-235.000000,0.000000
T4_NC_pos+0,T4,NC,0,center,black,-230.000000,0.000000
T4_NC_pos+0,T4,NC,0,center,black,-225.000000,0.000000
T4_NC_pos+0,T4,NC,0,center,black,-220.000000,0.000000
T4_NC_pos+0,T4,NC,0,center,black,-215.000000,0.000000
T4_NC_pos+0,T4,NC,0,center,black,-210.000000,0.000000
T4_NC_pos+0,T4,NC,0,center,black,-205.000000,0.000000
T4_NC_pos+0,T4,NC,0,center,black,-200.000000,-0.023148
T4_NC_pos+0,T4,NC,0,center,black,-195.000000,-0.101273
T4_NC_pos+0,T4,NC,0,center,black,-190.000000,-0.179398
T4_NC_pos+0,T4,NC,0,center,black,-185.000000,-0.257523
T4_NC_pos+0,T4,NC,0,center,black,-180.000000,-0.306713
T4_NC_pos+0,T4,NC,0,center,black,-175.000000,-0.324074
T4_NC_pos+0,T4,NC,0,center,black,-170.000000,-0.324074
T4_NC_pos+0,T4,NC,0,center,black,-165.000000,-0.324074
T4_NC_pos+0,T4,NC,0,center,black,-160.000000,-0.324074
T4_NC_pos+0,T4,NC,0,center,black,-155.000000,-0.245949
T4_NC_pos+0,T4,NC,0,center,black,-150.000000,-0.231481
T4_NC_pos+0,T4,NC,0,center,black,-145.000000,-0.231481
T4_NC_pos+0,T4,NC,0,center,black,-140.000000,-0.231481
T4_NC_pos+0,T4,NC,0,center,black,-135.000000,-0.221354
T4_NC_pos+0,T4,NC,0,center,black,-130.000000,-0.179398
T4_NC_pos+0,T4,NC,0,center,black,-125.000000,-0.101273
T4_NC_pos+0,T4,NC,0,center,black,-120.000000,-0.057870
T4_NC_pos+0,T4,NC,0,center,black,-115.000000,-0.018808
T4_NC_pos+0,T4,NC,0,center,black,-110.000000,0.020255
T4_NC_pos+0,T4,NC,0,center,black,-105.000000,0.046296
T4_NC_pos+0,T4,NC,0,center,black,-100.000000,0.046296
T4_NC_pos+0,T4,NC,0,center,black,-95.000000,0.046296
T4_NC_pos+0,T4,NC,0,center,black,-90.000000,0.046296
T4_NC_pos+0,T4,NC,0,center,black,-85.000000,0.046296
T4_NC_pos+0,T4,NC,0,center,black,-80.000000,0.023148
T4_NC_pos+0,T4,NC,0,center,black,-75.000000,0.000000
T4_NC_pos+0,T4,NC,0,center,black,-70.000000,-0.008681
T4_NC_pos+0,T4,NC,0,center,black,-65.000000,-0.047743
T4_NC_pos+0,T4,NC,0,center,black,-60.000000,-0.086806
T4_NC_pos+0,T4,NC,0,center,black,-55.000000,-0.125868
T4_NC_pos+0,T4,NC,0,center,black,-50.000000,-0.138889
T4_NC_pos+0,T4,NC,0,center,black,-45.000000,-0.120081
T4_NC_pos+0,T4,NC,0,center,black,-40.000000,-0.092593
T4_NC_pos+0,T4,NC,0,center,black,-35.000000,-0.092593
T4_NC_pos+0,T4,NC,0,center,black,-30.000000,-0.092593
T4_NC_pos+0,T4,NC,0,center,black,-25.000000,-0.092593
T4_NC_pos+0,T4,NC,0,center,black,-20.000000,-0.092593
T4_NC_pos+0,T4,NC,0,center,black,-15.000000,-0.070891
T4_NC_pos+0,T4,NC,0,center,black,-10.000000,-0.017361
T4_NC_pos+0,T4,NC,0,center,black,-5.000000,0.046296
T4_NC_pos+0,T4,NC,0,center,black,0.000000,0.046296
T4_NC_pos+0,T4,NC,0,center,black,5.000000,-0.031829
T4_NC_pos+0,T4,NC,0,center,black,10.000000,-0.078125
T4_NC_pos+0,T4,NC,0,center,black,15.000000,-0.141782
T4_NC_pos+0,T4,NC,0,center,black,20.000000,-0.237269
T4_NC_pos+0,T4,NC,0,center,black,25.000000,-0.364583
T4_NC_pos+0,T4,NC,0,center,black,30.000000,-0.523727
T4_NC_pos+0,T4,NC,0,center,black,35.000000,-0.719039
T4_NC_pos+0,T4,NC,0,center,black,40.000000,-0.949074
T4_NC_pos+0,T4,NC,0,center,black,45.000000,-1.155961
T4_NC_pos+0,T4,NC,0,center,black,50.000000,-1.371528
T4_NC_pos+0,T4,NC,0,center,black,55.000000,-1.592882
T4_NC_pos+0,T4,NC,0,center,black,60.000000,-1.782407
T4_NC_pos+0,T4,NC,0,center,black,65.000000,-1.938657
T4_NC_pos+0,T4,NC,0,center,black,70.000000,-2.057292
T4_NC_pos+0,T4,NC,0,center,black,75.000000,-2.144097
T4_NC_pos+0,T4,NC,0,center,black,80.000000,-2.175926
T4_NC_pos+0,T4,NC,0,center,black,85.000000,-2.175926
T4_NC_pos+0,T4,NC,0,center,black,90.000000,-2.193287
T4_NC_pos+0,T4,NC,0,center,black,95.000000,-2.268519
T4_NC_pos+0,T4,NC,0,center,black,100.000000,-2.268519
T4_NC_pos+0,T4,NC,0,center,black,105.000000,-2.301794
T4_NC_pos+0,T4,NC,0,center,black,110.000000,-2.314815
T4_NC_pos+0,T4,NC,0,center,black,115.000000,-2.352431
T4_NC_pos+0,T4,NC,0,center,black,120.000000,-2.407407
T4_NC_pos+0,T4,NC,0,center,black,125.000000,-2.398727
T4_NC_pos+0,T4,NC,0,center,black,130.000000,-2.320602
T4_NC_pos+0,T4,NC,0,center,black,135.000000,-2.314815
T4_NC_pos+0,T4,NC,0,center,black,140.000000,-2.314815
T4_NC_pos+0,T4,NC,0,center,black,145.000000,-2.314815
T4_NC_pos+0,T4,NC,0,center,black,150.000000,-2.300347
T4_NC_pos+0,T4,NC,0,center,black,155.000000,-2.261285
T4_NC_pos+0,T4,NC,0,center,black,160.000000,-2.222222
T4_NC_pos+0,T4,NC,0,center,black,165.000000,-2.222222
T4_NC_pos+0,T4,NC,0,center,black,170.000000,-2.222222
T4_NC_pos+0,T4,NC,0,center,black,175.000000,-2.222222
T4_NC_pos+0,T4,NC,0,center,black,180.000000,-2.204861
T4_NC_pos+0,T4,NC,0,center,black,185.000000,-2.135417
T4_NC_pos+0,T4,NC,0,center,black,190.000000,-1.967593
T4_NC_pos+0,T4,NC,0,center,black,195.000000,-1.655093
T4_NC_pos+0,T4,NC,0,center,black,200.000000,-1.307870
T4_NC_pos+0,T4,NC,0,center,black,205.000000,-0.818866
T4_NC_pos+0,T4,NC,0,center,black,210.000000,-0.251736
T4_NC_pos+0,T4,NC,0,center,black,215.000000,0.321181
T4_NC_pos+0,T4,NC,0,center,black,220.000000,0.862269
T4_NC_pos+0,T4,NC,0,center,black,225.000000,1.370081
T4_NC_pos+0,T4,NC,0,center,black,230.000000,1.915509
T4_NC_pos+0,T4,NC,0,center,black,235.000000,2.462384
T4_NC_pos+0,T4,NC,0,center,black,240.000000,2.962963
T4_NC_pos+0,T4,NC,0,center,black,245.000000,3.463542
T4_NC_pos+0,T4,NC,0,center,black,250.000000,3.984375
T4_NC_pos+0,T4,NC,0,center,black,255.000000,4.409722
T4_NC_pos+0,T4,NC,0,center,black,260.000000,4.722222
T4_NC_pos+0,T4,NC,0,center,black,265.000000,5.067998
T4_NC_pos+0,T4,NC,0,center,black,270.000000,5.367477
T4_NC_pos+0,T4,NC,0,center,black,275.000000,5.659722
T4_NC_pos+0,T4,NC,0,center,black,280.000000,5.937500
T4_NC_pos+0,T4,NC,0,center,black,285.000000,6.137153
T4_NC_pos+0,T4,NC,0,center,black,290.000000,6.371528
T4_NC_pos+0,T4,NC,0,center,black,295.000000,6.605903
T4_NC_pos+0,T4,NC,0,center,black,300.000000,6.811343
T4_NC_pos+0,T4,NC,0,center,black,305.000000,7.006655
T4_NC_pos+0,T4,NC,0,center,black,310.000000,7.230903
T4_NC_pos+0,T4,NC,0,center,black,315.000000,7.475405
T4_NC_pos+0,T4,NC,0,center,black,320.000000,7.592593
T4_NC_pos+0,T4,NC,0,center,black,325.000000,7.826968
T4_NC_pos+0,T4,NC,0,center,black,330.000000,7.997685
T4_NC_pos+0,T4,NC,0,center,black,335.000000,8.129340
T4_NC_pos+0,T4,NC,0,center,black,340.000000,8.263889
T4_NC_pos+0,T4,NC,0,center,black,345.000000,8.399884
T4_NC_pos+0,T4,NC,0,center,black,350.000000,8.483796
T4_NC_pos+0,T4,NC,0,center,black,355.000000,8.640046
T4_NC_pos+0,T4,NC,0,center,black,360.000000,8.726852
T4_NC_pos+0,T4,NC,0,center,black,365.000000,8.750000
T4_NC_pos+0,T4,NC,0,center,black,370.000000,8.810764
T4_NC_pos+0,T4,NC,0,center,black,375.000000,8.888889
T4_NC_pos+0,T4,NC,0,center,black,380.000000,8.888889
T4_NC_pos+0,T4,NC,0,center,black,385.000000,8.888889
T4_NC_pos+0,T4,NC,0,center,black,390.000000,8.888889
T4_NC_pos+0,T4,NC,0,center,black,395.000000,8.888889
T4_NC_pos+0,T4,NC,0,center,black,400.000000,8.865741
T4_NC_pos+0,T4,NC,0,center,black,405.000000,8.810764
T4_NC_pos+0,T4,NC,0,center,black,410.000000,8.741319
T4_NC_pos+0,T4,NC,0,center,black,415.000000,8.703704
T4_NC_pos+0,T4,NC,0,center,black,420.000000,8.703704
T4_NC_pos+0,T4,NC,0,center,black,425.000000,8.736979
T4_NC_pos+0,T4,NC,0,center,black,430.000000,8.750000
T4_NC_pos+0,T4,NC,0,center,black,435.000000,8.750000
T4_NC_pos+0,T4,NC,0,center,black,440.000000,8.726852
T4_NC_pos+0,T4,NC,0,center,black,445.000000,8.644387
T4_NC_pos+0,T4,NC,0,center,black,450.000000,8.527199
T4_NC_pos+0,T4,NC,0,center,black,455.000000,8.410012
T4_NC_pos+0,T4,NC,0,center,black,460.000000,8.263889
T4_NC_pos+0,T4,NC,0,center,black,465.000000,8.107639
T4_NC_pos+0,T4,NC,0,center,black,470.000000,7.965856
T4_NC_pos+0,T4,NC,0,center,black,475.000000,7.855903
T4_NC_pos+0,T4,NC,0,center,black,480.000000,7.777778
T4_NC_pos+0,T4,NC,0,center,black,485.000000,7.699653
T4_NC_pos+0,T4,NC,0,center,black,490.000000,7.621528
T4_NC_pos+0,T4,NC,0,center,black,495.000000,7.469618
T4_NC_pos+0,T4,NC,0,center,black,500.000000,7.291667
T4_NC_pos+0,T4,NC,0,center,black,505.000000,7.145544
T4_NC_pos+0,T4,NC,0,center,black,510.000000,7.034144
T4_NC_pos+0,T4,NC,0,center,black,515.000000,6.995081
T4_NC_pos+0,T4,NC,0,center,black,520.000000,6.990741
T4_NC_pos+0,T4,NC,0,center,black,525.000000,7.045718
T4_NC_pos+0,T4,NC,0,center,black,530.000000,7.123843
T4_NC_pos+0,T4,NC,0,center,black,535.000000,7.175926
T4_NC_pos+0,T4,NC,0,center,black,540.000000,7.164352
T4_NC_pos+0,T4,NC,0,center,black,545.000000,7.086227
T4_NC_pos+0,T4,NC,0,center,black,550.000000,6.970486
T4_NC_pos+0,T4,NC,0,center,black,555.000000,6.853299
T4_NC_pos+0,T4,NC,0,center,black,560.000000,6.712963
T4_NC_pos+0,T4,NC,0,center,black,565.000000,6.556713
T4_NC_pos+0,T4,NC,0,center,black,570.000000,6.435185
T4_NC_pos+0,T4,NC,0,center,black,575.000000,6.436632
T4_NC_pos+0,T4,NC,0,center,black,580.000000,6.475694
T4_NC_pos+0,T4,NC,0,center,black,585.000000,6.481481
T4_NC_pos+0,T4,NC,0,center,black,590.000000,6.455440
T4_NC_pos+0,T4,NC,0,center,black,595.000000,6.378762
T4_NC_pos+0,T4,NC,0,center,black,600.000000,6.273148
T4_NC_pos+0,T4,NC,0,center,black,605.000000,6.190683
T4_NC_pos+0,T4,NC,0,center,black,610.000000,6.073495
T4_NC_pos+0,T4,NC,0,center,black,615.000000,5.992477
T4_NC_pos+0,T4,NC,0,center,black,620.000000,5.885417
T4_NC_pos+0,T4,NC,0,center,black,625.000000,5.789931
T4_NC_pos+0,T4,NC,0,center,black,630.000000,5.639468
T4_NC_pos+0,T4,NC,0,center,black,635.000000,5.387731
T4_NC_pos+0,T4,NC,0,center,black,640.000000,5.231481
T4_NC_pos+0,T4,NC,0,center,black,645.000000,5.036169
T4_NC_pos+0,T4,NC,0,center,black,650.000000,4.777199
T4_NC_pos+0,T4,NC,0,center,black,655.000000,4.577546
T4_NC_pos+0,T4,NC,0,center,black,660.000000,4.421296
T4_NC_pos+0,T4,NC,0,center,black,665.000000,4.265046
T4_NC_pos+0,T4,NC,0,center,black,670.000000,4.111690
T4_NC_pos+0,T4,NC,0,center,black,675.000000,3.994502
T4_NC_pos+0,T4,NC,0,center,black,680.000000,3.912037
T4_NC_pos+0,T4,NC,0,center,black,685.000000,3.833912
T4_NC_pos+0,T4,NC,0,center,black,690.000000,3.796296
T4_NC_pos+0,T4,NC,0,center,black,695.000000,3.770255
T4_NC_pos+0,T4,NC,0,center,black,700.000000,3.703704
T4_NC_pos+0,T4,NC,0,center,black,705.000000,3.703704
T4_NC_pos+0,T4,NC,0,center,black,710.000000,3.703704
T4_NC_pos+0,T4,NC,0,center,black,715.000000,3.642940
T4_NC_pos+0,T4,NC,0,center,black,720.000000,3.587963
T4_PC_pos+1,T4,PC,1,trailing,green,-355.000000,0.000000
T4_PC_pos+1,T4,PC,1,trailing,green,-350.000000,0.000000
T4_PC_pos+1,T4,PC,1,trailing,green,-345.000000,0.000000
T4_PC_pos+1,T4,PC,1,trailing,green,-340.000000,0.000000
T4_PC_pos+1,T4,PC,1,trailing,green,-335.000000,0.000000
T4_PC_pos+1,T4,PC,1,trailing,green,-330.000000,0.000000
T4_PC_pos+1,T4,PC,1,trailing,green,-325.000000,0.000000
T4_PC_pos+1,T4,PC,1,trailing,green,-320.000000,0.000000
T4_PC_pos+1,T4,PC,1,trailing,green,-315.000000,0.000000
T4_PC_pos+1,T4,PC,1,trailing,green,-310.000000,0.000000
T4_PC_pos+1,T4,PC,1,trailing,green,-305.000000,0.000000
T4_PC_pos+1,T4,PC,1,trailing,green,-300.000000,0.000000
T4_PC_pos+1,T4,PC,1,trailing,green,-295.000000,0.000000
T4_PC_pos+1,T4,PC,1,trailing,green,-290.000000,0.000000
T4_PC_pos+1,T4,PC,1,trailing,green,-285.000000,0.000000
T4_PC_pos+1,T4,PC,1,trailing,green,-280.000000,0.000000
T4_PC_pos+1,T4,PC,1,trailing,green,-275.000000,0.000000
T4_PC_pos+1,T4,PC,1,trailing,green,-270.000000,0.000000
T4_PC_pos+1,T4,PC,1,trailing,green,-265.000000,0.000000
T4_PC_pos+1,T4,PC,1,trailing,green,-260.000000,0.000000
T4_PC_pos+1,T4,PC,1,trailing,green,-255.000000,0.000000
T4_PC_pos+1,T4,PC,1,trailing,green,-250.000000,0.000000
T4_PC_pos+1,T4,PC,1,trailing,green,-245.000000,0.000000
T4_PC_pos+1,T4,PC,1,trailing,green,-240.000000,0.000000
T4_PC_pos+1,T4,PC,1,trailing,green,-235.000000,0.000000
T4_PC_pos+1,T4,PC,1,trailing,green,-230.000000,0.000000
T4_PC_pos+1,T4,PC,1,trailing,green,-225.000000,0.000000
T4_PC_pos+1,T4,PC,1,trailing,green,-220.000000,0.000000
T4_PC_pos+1,T4,PC,1,trailing,green,-215.000000,0.000000
T4_PC_pos+1,T4,PC,1,trailing,green,-210.000000,0.104167
T4_PC_pos+1,T4,PC,1,trailing,green,-205.000000,0.203993
T4_PC_pos+1,T4,PC,1,trailing,green,-200.000000,0.231481
T4_PC_pos+1,T4,PC,1,trailing,green,-195.000000,0.231481
T4_PC_pos+1,T4,PC,1,trailing,green,-190.000000,0.231481
T4_PC_pos+1,T4,PC,1,trailing,green,-185.000000,0.195313
T4_PC_pos+1,T4,PC,1,trailing,green,-180.000000,0.214120
T4_PC_pos+1,T4,PC,1,trailing,green,-175.000000,0.209780
T4_PC_pos+1,T4,PC,1,trailing,green,-170.000000,0.170718
T4_PC_pos+1,T4,PC,1,trailing,green,-165.000000,0.117188
T4_PC_pos+1,T4,PC,1,trailing,green,-160.000000,0.000000
T4_PC_pos+1,T4,PC,1,trailing,green,-155.000000,-0.039063
T4_PC_pos+1,T4,PC,1,trailing,green,-150.000000,-0.078125
T4_PC_pos+1,T4,PC,1,trailing,green,-145.000000,-0.092593
T4_PC_pos+1,T4,PC,1,trailing,green,-140.000000,-0.109954
T4_PC_pos+1,T4,PC,1,trailing,green,-135.000000,-0.138889
T4_PC_pos+1,T4,PC,1,trailing,green,-130.000000,-0.138889
T4_PC_pos+1,T4,PC,1,trailing,green,-125.000000,-0.138889
T4_PC_pos+1,T4,PC,1,trailing,green,-120.000000,-0.173611
T4_PC_pos+1,T4,PC,1,trailing,green,-115.000000,-0.185185
T4_PC_pos+1,T4,PC,1,trailing,green,-110.000000,-0.185185
T4_PC_pos+1,T4,PC,1,trailing,green,-105.000000,-0.211227
T4_PC_pos+1,T4,PC,1,trailing,green,-100.000000,-0.283565
T4_PC_pos+1,T4,PC,1,trailing,green,-95.000000,-0.322627
T4_PC_pos+1,T4,PC,1,trailing,green,-90.000000,-0.324074
T4_PC_pos+1,T4,PC,1,trailing,green,-85.000000,-0.324074
T4_PC_pos+1,T4,PC,1,trailing,green,-80.000000,-0.300926
T4_PC_pos+1,T4,PC,1,trailing,green,-75.000000,-0.245949
T4_PC_pos+1,T4,PC,1,trailing,green,-70.000000,-0.176505
T4_PC_pos+1,T4,PC,1,trailing,green,-65.000000,-0.138889
T4_PC_pos+1,T4,PC,1,trailing,green,-60.000000,-0.138889
T4_PC_pos+1,T4,PC,1,trailing,green,-55.000000,-0.105613
T4_PC_pos+1,T4,PC,1,trailing,green,-50.000000,-0.092593
T4_PC_pos+1,T4,PC,1,trailing,green,-45.000000,-0.092593
T4_PC_pos+1,T4,PC,1,trailing,green,-40.000000,-0.092593
T4_PC_pos+1,T4,PC,1,trailing,green,-35.000000,-0.096933
T4_PC_pos+1,T4,PC,1,trailing,green,-30.000000,-0.135995
T4_PC_pos+1,T4,PC,1,trailing,green,-25.000000,-0.138889
T4_PC_pos+1,T4,PC,1,trailing,green,-20.000000,-0.146123
T4_PC_pos+1,T4,PC,1,trailing,green,-15.000000,-0.155888
T4_PC_pos+1,T4,PC,1,trailing,green,-10.000000,-0.165654
T4_PC_pos+1,T4,PC,1,trailing,green,-5.000000,-0.175420
T4_PC_pos+1,T4,PC,1,trailing,green,0.000000,-0.185185
T4_PC_pos+1,T4,PC,1,trailing,green,5.000000,-0.224248
T4_PC_pos+1,T4,PC,1,trailing,green,10.000000,-0.263310
T4_PC_pos+1,T4,PC,1,trailing,green,15.000000,-0.253183
T4_PC_pos+1,T4,PC,1,trailing,green,20.000000,-0.214120
T4_PC_pos+1,T4,PC,1,trailing,green,25.000000,0.706019
T4_PC_pos+1,T4,PC,1,trailing,green,30.000000,4.027778
T4_PC_pos+1,T4,PC,1,trailing,green,35.000000,5.902778
T4_PC_pos+1,T4,PC,1,trailing,green,40.000000,8.125000
T4_PC_pos+1,T4,PC,1,trailing,green,45.000000,10.143229
T4_PC_pos+1,T4,PC,1,trailing,green,50.000000,11.773727
T4_PC_pos+1,T4,PC,1,trailing,green,55.000000,12.932581
T4_PC_pos+1,T4,PC,1,trailing,green,60.000000,13.640046
T4_PC_pos+1,T4,PC,1,trailing,green,65.000000,14.147859
T4_PC_pos+1,T4,PC,1,trailing,green,70.000000,14.354745
T4_PC_pos+1,T4,PC,1,trailing,green,75.000000,14.458912
T4_PC_pos+1,T4,PC,1,trailing,green,80.000000,14.513889
T4_PC_pos+1,T4,PC,1,trailing,green,85.000000,14.537037
T4_PC_pos+1,T4,PC,1,trailing,green,90.000000,14.519676
T4_PC_pos+1,T4,PC,1,trailing,green,95.000000,14.442998
T4_PC_pos+1,T4,PC,1,trailing,green,100.000000,14.403935
T4_PC_pos+1,T4,PC,1,trailing,green,105.000000,14.298322
T4_PC_pos+1,T4,PC,1,trailing,green,110.000000,14.181134
T4_PC_pos+1,T4,PC,1,trailing,green,115.000000,14.120370
T4_PC_pos+1,T4,PC,1,trailing,green,120.000000,14.120370
T4_PC_pos+1,T4,PC,1,trailing,green,125.000000,14.120370
T4_PC_pos+1,T4,PC,1,trailing,green,130.000000,14.120370
T4_PC_pos+1,T4,PC,1,trailing,green,135.000000,14.084201
T4_PC_pos+1,T4,PC,1,trailing,green,140.000000,14.016204
T4_PC_pos+1,T4,PC,1,trailing,green,145.000000,13.981481
T4_PC_pos+1,T4,PC,1,trailing,green,150.000000,13.909144
T4_PC_pos+1,T4,PC,1,trailing,green,155.000000,13.713831
T4_PC_pos+1,T4,PC,1,trailing,green,160.000000,13.518519
T4_PC_pos+1,T4,PC,1,trailing,green,165.000000,13.323206
T4_PC_pos+1,T4,PC,1,trailing,green,170.000000,12.905093
T4_PC_pos+1,T4,PC,1,trailing,green,175.000000,12.387153
T4_PC_pos+1,T4,PC,1,trailing,green,180.000000,11.788194
T4_PC_pos+1,T4,PC,1,trailing,green,185.000000,11.093750
T4_PC_pos+1,T4,PC,1,trailing,green,190.000000,10.303819
T4_PC_pos+1,T4,PC,1,trailing,green,195.000000,9.405382
T4_PC_pos+1,T4,PC,1,trailing,green,200.000000,8.576389
T4_PC_pos+1,T4,PC,1,trailing,green,205.000000,7.783565
T4_PC_pos+1,T4,PC,1,trailing,green,210.000000,7.042824
T4_PC_pos+1,T4,PC,1,trailing,green,215.000000,6.352720
T4_PC_pos+1,T4,PC,1,trailing,green,220.000000,5.763889
T4_PC_pos+1,T4,PC,1,trailing,green,225.000000,5.607639
T4_PC_pos+1,T4,PC,1,trailing,green,230.000000,4.473380
T4_PC_pos+1,T4,PC,1,trailing,green,235.000000,3.757234
T4_PC_pos+1,T4,PC,1,trailing,green,240.000000,3.217593
T4_PC_pos+1,T4,PC,1,trailing,green,245.000000,2.741609
T4_PC_pos+1,T4,PC,1,trailing,green,250.000000,2.311921
T4_PC_pos+1,T4,PC,1,trailing,green,255.000000,1.883681
T4_PC_pos+1,T4,PC,1,trailing,green,260.000000,1.493056
T4_PC_pos+1,T4,PC,1,trailing,green,265.000000,1.135706
T4_PC_pos+1,T4,PC,1,trailing,green,270.000000,0.862269
T4_PC_pos+1,T4,PC,1,trailing,green,275.000000,0.571470
T4_PC_pos+1,T4,PC,1,trailing,green,280.000000,0.243056
T4_PC_pos+1,T4,PC,1,trailing,green,285.000000,-0.021701
T4_PC_pos+1,T4,PC,1,trailing,green,290.000000,-0.217014
T4_PC_pos+1,T4,PC,1,trailing,green,295.000000,-0.448495
T4_PC_pos+1,T4,PC,1,trailing,green,300.000000,-0.653935
T4_PC_pos+1,T4,PC,1,trailing,green,305.000000,-0.827546
T4_PC_pos+1,T4,PC,1,trailing,green,310.000000,-1.012731
T4_PC_pos+1,T4,PC,1,trailing,green,315.000000,-1.225405
T4_PC_pos+1,T4,PC,1,trailing,green,320.000000,-1.342593
T4_PC_pos+1,T4,PC,1,trailing,green,325.000000,-1.537905
T4_PC_pos+1,T4,PC,1,trailing,green,330.000000,-1.733218
T4_PC_pos+1,T4,PC,1,trailing,green,335.000000,-1.879340
T4_PC_pos+1,T4,PC,1,trailing,green,340.000000,-1.996528
T4_PC_pos+1,T4,PC,1,trailing,green,345.000000,-2.103588
T4_PC_pos+1,T4,PC,1,trailing,green,350.000000,-2.181713
T4_PC_pos+1,T4,PC,1,trailing,green,355.000000,-2.259838
T4_PC_pos+1,T4,PC,1,trailing,green,360.000000,-2.337963
T4_PC_pos+1,T4,PC,1,trailing,green,365.000000,-2.416088
T4_PC_pos+1,T4,PC,1,trailing,green,370.000000,-2.494213
T4_PC_pos+1,T4,PC,1,trailing,green,375.000000,-2.572338
T4_PC_pos+1,T4,PC,1,trailing,green,380.000000,-2.650463
T4_PC_pos+1,T4,PC,1,trailing,green,385.000000,-2.728588
T4_PC_pos+1,T4,PC,1,trailing,green,390.000000,-2.806713
T4_PC_pos+1,T4,PC,1,trailing,green,395.000000,-2.915220
T4_PC_pos+1,T4,PC,1,trailing,green,400.000000,-2.986111
T4_PC_pos+1,T4,PC,1,trailing,green,405.000000,-3.041088
T4_PC_pos+1,T4,PC,1,trailing,green,410.000000,-3.101852
T4_PC_pos+1,T4,PC,1,trailing,green,415.000000,-3.103299
T4_PC_pos+1,T4,PC,1,trailing,green,420.000000,-3.142361
T4_PC_pos+1,T4,PC,1,trailing,green,425.000000,-3.148148
T4_PC_pos+1,T4,PC,1,trailing,green,430.000000,-3.200231
T4_PC_pos+1,T4,PC,1,trailing,green,435.000000,-3.259549
T4_PC_pos+1,T4,PC,1,trailing,green,440.000000,-3.287037
T4_PC_pos+1,T4,PC,1,trailing,green,445.000000,-3.287037
T4_PC_pos+1,T4,PC,1,trailing,green,450.000000,-3.287037
T4_PC_pos+1,T4,PC,1,trailing,green,455.000000,-3.287037
T4_PC_pos+1,T4,PC,1,trailing,green,460.000000,-3.315972
T4_PC_pos+1,T4,PC,1,trailing,green,465.000000,-3.355035
T4_PC_pos+1,T4,PC,1,trailing,green,470.000000,-3.394097
T4_PC_pos+1,T4,PC,1,trailing,green,475.000000,-3.440394
T4_PC_pos+1,T4,PC,1,trailing,green,480.000000,-3.518519
T4_PC_pos+1,T4,PC,1,trailing,green,485.000000,-3.557581
T4_PC_pos+1,T4,PC,1,trailing,green,490.000000,-3.596644
T4_PC_pos+1,T4,PC,1,trailing,green,495.000000,-3.611111
T4_PC_pos+1,T4,PC,1,trailing,green,500.000000,-3.611111
T4_PC_pos+1,T4,PC,1,trailing,green,505.000000,-3.611111
T4_PC_pos+1,T4,PC,1,trailing,green,510.000000,-3.611111
T4_PC_pos+1,T4,PC,1,trailing,green,515.000000,-3.611111
T4_PC_pos+1,T4,PC,1,trailing,green,520.000000,-3.611111
T4_PC_pos+1,T4,PC,1,trailing,green,525.000000,-3.611111
T4_PC_pos+1,T4,PC,1,trailing,green,530.000000,-3.631366
T4_PC_pos+1,T4,PC,1,trailing,green,535.000000,-3.670428
T4_PC_pos+1,T4,PC,1,trailing,green,540.000000,-3.703704
T4_PC_pos+1,T4,PC,1,trailing,green,545.000000,-3.703704
T4_PC_pos+1,T4,PC,1,trailing,green,550.000000,-3.703704
T4_PC_pos+1,T4,PC,1,trailing,green,555.000000,-3.673322
T4_PC_pos+1,T4,PC,1,trailing,green,560.000000,-3.634259
T4_PC_pos+1,T4,PC,1,trailing,green,565.000000,-3.611111
T4_PC_pos+1,T4,PC,1,trailing,green,570.000000,-3.611111
T4_PC_pos+1,T4,PC,1,trailing,green,575.000000,-3.611111
T4_PC_pos+1,T4,PC,1,trailing,green,580.000000,-3.611111
T4_PC_pos+1,T4,PC,1,trailing,green,585.000000,-3.611111
T4_PC_pos+1,T4,PC,1,trailing,green,590.000000,-3.663194
T4_PC_pos+1,T4,PC,1,trailing,green,595.000000,-3.722512
T4_PC_pos+1,T4,PC,1,trailing,green,600.000000,-3.750000
T4_PC_pos+1,T4,PC,1,trailing,green,605.000000,-3.754340
T4_PC_pos+1,T4,PC,1,trailing,green,610.000000,-3.793403
T4_PC_pos+1,T4,PC,1,trailing,green,615.000000,-3.868634
T4_PC_pos+1,T4,PC,1,trailing,green,620.000000,-3.888889
T4_PC_pos+1,T4,PC,1,trailing,green,625.000000,-3.888889
T4_PC_pos+1,T4,PC,1,trailing,green,630.000000,-3.888889
T4_PC_pos+1,T4,PC,1,trailing,green,635.000000,-3.888889
T4_PC_pos+1,T4,PC,1,trailing,green,640.000000,-3.888889
T4_PC_pos+1,T4,PC,1,trailing,green,645.000000,-3.849826
T4_PC_pos+1,T4,PC,1,trailing,green,650.000000,-3.842593
T4_PC_pos+1,T4,PC,1,trailing,green,655.000000,-3.842593
T4_PC_pos+1,T4,PC,1,trailing,green,660.000000,-3.842593
T4_PC_pos+1,T4,PC,1,trailing,green,665.000000,-3.842593
T4_PC_pos+1,T4,PC,1,trailing,green,670.000000,-3.839699
T4_PC_pos+1,T4,PC,1,trailing,green,675.000000,-3.800637
T4_PC_pos+1,T4,PC,1,trailing,green,680.000000,-3.796296
T4_PC_pos+1,T4,PC,1,trailing,green,685.000000,-3.768808
T4_PC_pos+1,T4,PC,1,trailing,green,690.000000,-3.750000
T4_PC_pos+1,T4,PC,1,trailing,green,695.000000,-3.750000
T4_PC_pos+1,T4,PC,1,trailing,green,700.000000,-3.755787
T4_PC_pos+1,T4,PC,1,trailing,green,705.000000,-3.794850
T4_PC_pos+1,T4,PC,1,trailing,green,710.000000,-3.796296
T4_PC_pos+1,T4,PC,1,trailing,green,715.000000,-3.796296
T4_PC_pos+1,T4,PC,1,trailing,green,720.000000,-3.796296
T4_NC_pos+1,T4,NC,1,trailing,black,-355.000000,0.000000
T4_NC_pos+1,T4,NC,1,trailing,black,-350.000000,0.000000
T4_NC_pos+1,T4,NC,1,trailing,black,-345.000000,0.000000
T4_NC_pos+1,T4,NC,1,trailing,black,-340.000000,0.000000
T4_NC_pos+1,T4,NC,1,trailing,black,-335.000000,0.000000
T4_NC_pos+1,T4,NC,1,trailing,black,-330.000000,0.000000
T4_NC_pos+1,T4,NC,1,trailing,black,-325.000000,0.000000
T4_NC_pos+1,T4,NC,1,trailing,black,-320.000000,0.000000
T4_NC_pos+1,T4,NC,1,trailing,black,-315.000000,0.000000
T4_NC_pos+1,T4,NC,1,trailing,black,-310.000000,0.000000
T4_NC_pos+1,T4,NC,1,trailing,black,-305.000000,0.000000
T4_NC_pos+1,T4,NC,1,trailing,black,-300.000000,0.000000
T4_NC_pos+1,T4,NC,1,trailing,black,-295.000000,0.000000
T4_NC_pos+1,T4,NC,1,trailing,black,-290.000000,0.000000
T4_NC_pos+1,T4,NC,1,trailing,black,-285.000000,0.000000
T4_NC_pos+1,T4,NC,1,trailing,black,-280.000000,0.000000
T4_NC_pos+1,T4,NC,1,trailing,black,-275.000000,0.000000
T4_NC_pos+1,T4,NC,1,trailing,black,-270.000000,0.000000
T4_NC_pos+1,T4,NC,1,trailing,black,-265.000000,0.000000
T4_NC_pos+1,T4,NC,1,trailing,black,-260.000000,0.000000
T4_NC_pos+1,T4,NC,1,trailing,black,-255.000000,0.000000
T4_NC_pos+1,T4,NC,1,trailing,black,-250.000000,0.000000
T4_NC_pos+1,T4,NC,1,trailing,black,-245.000000,0.000000
T4_NC_pos+1,T4,NC,1,trailing,black,-240.000000,0.000000
T4_NC_pos+1,T4,NC,1,trailing,black,-235.000000,0.000000
T4_NC_pos+1,T4,NC,1,trailing,black,-230.000000,0.000000
T4_NC_pos+1,T4,NC,1,trailing,black,-225.000000,0.000000
T4_NC_pos+1,T4,NC,1,trailing,black,-220.000000,0.000000
T4_NC_pos+1,T4,NC,1,trailing,black,-215.000000,0.000000
T4_NC_pos+1,T4,NC,1,trailing,black,-210.000000,0.052083
T4_NC_pos+1,T4,NC,1,trailing,black,-205.000000,0.036169
T4_NC_pos+1,T4,NC,1,trailing,black,-200.000000,-0.046296
T4_NC_pos+1,T4,NC,1,trailing,black,-195.000000,-0.050637
T4_NC_pos+1,T4,NC,1,trailing,black,-190.000000,-0.089699
T4_NC_pos+1,T4,NC,1,trailing,black,-185.000000,-0.092593
T4_NC_pos+1,T4,NC,1,trailing,black,-180.000000,-0.092593
T4_NC_pos+1,T4,NC,1,trailing,black,-175.000000,-0.049190
T4_NC_pos+1,T4,NC,1,trailing,black,-170.000000,0.000000
T4_NC_pos+1,T4,NC,1,trailing,black,-165.000000,0.014468
T4_NC_pos+1,T4,NC,1,trailing,black,-160.000000,0.092593
T4_NC_pos+1,T4,NC,1,trailing,black,-155.000000,0.131655
T4_NC_pos+1,T4,NC,1,trailing,black,-150.000000,0.170718
T4_NC_pos+1,T4,NC,1,trailing,black,-145.000000,0.185185
T4_NC_pos+1,T4,NC,1,trailing,black,-140.000000,0.167824
T4_NC_pos+1,T4,NC,1,trailing,black,-135.000000,0.138889
T4_NC_pos+1,T4,NC,1,trailing,black,-130.000000,0.138889
T4_NC_pos+1,T4,NC,1,trailing,black,-125.000000,0.138889
T4_NC_pos+1,T4,NC,1,trailing,black,-120.000000,0.138889
T4_NC_pos+1,T4,NC,1,trailing,black,-115.000000,0.138889
T4_NC_pos+1,T4,NC,1,trailing,black,-110.000000,0.138889
T4_NC_pos+1,T4,NC,1,trailing,black,-105.000000,0.112847
T4_NC_pos+1,T4,NC,1,trailing,black,-100.000000,0.034722
T4_NC_pos+1,T4,NC,1,trailing,black,-95.000000,-0.043403
T4_NC_pos+1,T4,NC,1,trailing,black,-90.000000,-0.046296
T4_NC_pos+1,T4,NC,1,trailing,black,-85.000000,-0.046296
T4_NC_pos+1,T4,NC,1,trailing,black,-80.000000,-0.000000
T4_NC_pos+1,T4,NC,1,trailing,black,-75.000000,0.062211
T4_NC_pos+1,T4,NC,1,trailing,black,-70.000000,0.101273
T4_NC_pos+1,T4,NC,1,trailing,black,-65.000000,0.138889
T4_NC_pos+1,T4,NC,1,trailing,black,-60.000000,0.138889
T4_NC_pos+1,T4,NC,1,trailing,black,-55.000000,0.205440
T4_NC_pos+1,T4,NC,1,trailing,black,-50.000000,0.231481
T4_NC_pos+1,T4,NC,1,trailing,black,-45.000000,0.231481
T4_NC_pos+1,T4,NC,1,trailing,black,-40.000000,0.231481
T4_NC_pos+1,T4,NC,1,trailing,black,-35.000000,0.227141
T4_NC_pos+1,T4,NC,1,trailing,black,-30.000000,0.188079
T4_NC_pos+1,T4,NC,1,trailing,black,-25.000000,0.185185
T4_NC_pos+1,T4,NC,1,trailing,black,-20.000000,0.214120
T4_NC_pos+1,T4,NC,1,trailing,black,-15.000000,0.231481
T4_NC_pos+1,T4,NC,1,trailing,black,-10.000000,0.245949
T4_NC_pos+1,T4,NC,1,trailing,black,-5.000000,0.277778
T4_NC_pos+1,T4,NC,1,trailing,black,0.000000,0.277778
T4_NC_pos+1,T4,NC,1,trailing,black,5.000000,0.277778
T4_NC_pos+1,T4,NC,1,trailing,black,10.000000,0.245949
T4_NC_pos+1,T4,NC,1,trailing,black,15.000000,0.231481
T4_NC_pos+1,T4,NC,1,trailing,black,20.000000,0.196759
T4_NC_pos+1,T4,NC,1,trailing,black,25.000000,0.118634
T4_NC_pos+1,T4,NC,1,trailing,black,30.000000,0.037616
T4_NC_pos+1,T4,NC,1,trailing,black,35.000000,-0.079572
T4_NC_pos+1,T4,NC,1,trailing,black,40.000000,-0.162037
T4_NC_pos+1,T4,NC,1,trailing,black,45.000000,-0.295139
T4_NC_pos+1,T4,NC,1,trailing,black,50.000000,-0.410880
T4_NC_pos+1,T4,NC,1,trailing,black,55.000000,-0.489005
T4_NC_pos+1,T4,NC,1,trailing,black,60.000000,-0.555556
T4_NC_pos+1,T4,NC,1,trailing,black,65.000000,-0.555556
T4_NC_pos+1,T4,NC,1,trailing,black,70.000000,-0.517940
T4_NC_pos+1,T4,NC,1,trailing,black,75.000000,-0.418113
T4_NC_pos+1,T4,NC,1,trailing,black,80.000000,-0.324074
T4_NC_pos+1,T4,NC,1,trailing,black,85.000000,-0.198206
T4_NC_pos+1,T4,NC,1,trailing,black,90.000000,-0.028935
T4_NC_pos+1,T4,NC,1,trailing,black,95.000000,0.052083
T4_NC_pos+1,T4,NC,1,trailing,black,100.000000,0.208333
T4_NC_pos+1,T4,NC,1,trailing,black,105.000000,0.364583
T4_NC_pos+1,T4,NC,1,trailing,black,110.000000,0.520833
T4_NC_pos+1,T4,NC,1,trailing,black,115.000000,0.658275
T4_NC_pos+1,T4,NC,1,trailing,black,120.000000,0.798611
T4_NC_pos+1,T4,NC,1,trailing,black,125.000000,0.985243
T4_NC_pos+1,T4,NC,1,trailing,black,130.000000,1.102431
T4_NC_pos+1,T4,NC,1,trailing,black,135.000000,1.255787
T4_NC_pos+1,T4,NC,1,trailing,black,140.000000,1.383102
T4_NC_pos+1,T4,NC,1,trailing,black,145.000000,1.521991
T4_NC_pos+1,T4,NC,1,trailing,black,150.000000,1.678241
T4_NC_pos+1,T4,NC,1,trailing,black,155.000000,1.834491
T4_NC_pos+1,T4,NC,1,trailing,black,160.000000,1.990741
T4_NC_pos+1,T4,NC,1,trailing,black,165.000000,2.029803
T4_NC_pos+1,T4,NC,1,trailing,black,170.000000,2.132523
T4_NC_pos+1,T4,NC,1,trailing,black,175.000000,2.225116
T4_NC_pos+1,T4,NC,1,trailing,black,180.000000,2.303241
T4_NC_pos+1,T4,NC,1,trailing,black,185.000000,2.411748
T4_NC_pos+1,T4,NC,1,trailing,black,190.000000,2.607060
T4_NC_pos+1,T4,NC,1,trailing,black,195.000000,2.802373
T4_NC_pos+1,T4,NC,1,trailing,black,200.000000,3.101852
T4_NC_pos+1,T4,NC,1,trailing,black,205.000000,3.414352
T4_NC_pos+1,T4,NC,1,trailing,black,210.000000,3.706597
T4_NC_pos+1,T4,NC,1,trailing,black,215.000000,4.006076
T4_NC_pos+1,T4,NC,1,trailing,black,220.000000,4.340278
T4_NC_pos+1,T4,NC,1,trailing,black,225.000000,4.574653
T4_NC_pos+1,T4,NC,1,trailing,black,230.000000,4.771412
T4_NC_pos+1,T4,NC,1,trailing,black,235.000000,5.027488
T4_NC_pos+1,T4,NC,1,trailing,black,240.000000,5.324074
T4_NC_pos+1,T4,NC,1,trailing,black,245.000000,5.620660
T4_NC_pos+1,T4,NC,1,trailing,black,250.000000,5.894097
T4_NC_pos+1,T4,NC,1,trailing,black,255.000000,6.170428
T4_NC_pos+1,T4,NC,1,trailing,black,260.000000,6.521991
T4_NC_pos+1,T4,NC,1,trailing,black,265.000000,6.773727
T4_NC_pos+1,T4,NC,1,trailing,black,270.000000,7.060185
T4_NC_pos+1,T4,NC,1,trailing,black,275.000000,7.316262
T4_NC_pos+1,T4,NC,1,trailing,black,280.000000,7.534722
T4_NC_pos+1,T4,NC,1,trailing,black,285.000000,7.799479
T4_NC_pos+1,T4,NC,1,trailing,black,290.000000,7.994792
T4_NC_pos+1,T4,NC,1,trailing,black,295.000000,8.298611
T4_NC_pos+1,T4,NC,1,trailing,black,300.000000,8.495370
T4_NC_pos+1,T4,NC,1,trailing,black,305.000000,8.629919
T4_NC_pos+1,T4,NC,1,trailing,black,310.000000,8.718171
T4_NC_pos+1,T4,NC,1,trailing,black,315.000000,8.764468
T4_NC_pos+1,T4,NC,1,trailing,black,320.000000,8.842593
T4_NC_pos+1,T4,NC,1,trailing,black,325.000000,8.920718
T4_NC_pos+1,T4,NC,1,trailing,black,330.000000,8.998843
T4_NC_pos+1,T4,NC,1,trailing,black,335.000000,9.101562
T4_NC_pos+1,T4,NC,1,trailing,black,340.000000,9.201389
T4_NC_pos+1,T4,NC,1,trailing,black,345.000000,9.289641
T4_NC_pos+1,T4,NC,1,trailing,black,350.000000,9.398148
T4_NC_pos+1,T4,NC,1,trailing,black,355.000000,9.398148
T4_NC_pos+1,T4,NC,1,trailing,black,360.000000,9.398148
T4_NC_pos+1,T4,NC,1,trailing,black,365.000000,9.453125
T4_NC_pos+1,T4,NC,1,trailing,black,370.000000,9.531250
T4_NC_pos+1,T4,NC,1,trailing,black,375.000000,9.622396
T4_NC_pos+1,T4,NC,1,trailing,black,380.000000,9.745370
T4_NC_pos+1,T4,NC,1,trailing,black,385.000000,9.901620
T4_NC_pos+1,T4,NC,1,trailing,black,390.000000,9.982639
T4_NC_pos+1,T4,NC,1,trailing,black,395.000000,10.030382
T4_NC_pos+1,T4,NC,1,trailing,black,400.000000,10.046296
T4_NC_pos+1,T4,NC,1,trailing,black,405.000000,9.998553
T4_NC_pos+1,T4,NC,1,trailing,black,410.000000,9.890046
T4_NC_pos+1,T4,NC,1,trailing,black,415.000000,9.811921
T4_NC_pos+1,T4,NC,1,trailing,black,420.000000,9.733796
T4_NC_pos+1,T4,NC,1,trailing,black,425.000000,9.688947
T4_NC_pos+1,T4,NC,1,trailing,black,430.000000,9.675926
T4_NC_pos+1,T4,NC,1,trailing,black,435.000000,9.638310
T4_NC_pos+1,T4,NC,1,trailing,black,440.000000,9.560185
T4_NC_pos+1,T4,NC,1,trailing,black,445.000000,9.469039
T4_NC_pos+1,T4,NC,1,trailing,black,450.000000,9.273727
T4_NC_pos+1,T4,NC,1,trailing,black,455.000000,9.114583
T4_NC_pos+1,T4,NC,1,trailing,black,460.000000,8.987269
T4_NC_pos+1,T4,NC,1,trailing,black,465.000000,8.870081
T4_NC_pos+1,T4,NC,1,trailing,black,470.000000,8.752894
T4_NC_pos+1,T4,NC,1,trailing,black,475.000000,8.642940
T4_NC_pos+1,T4,NC,1,trailing,black,480.000000,8.564815
T4_NC_pos+1,T4,NC,1,trailing,black,485.000000,8.447627
T4_NC_pos+1,T4,NC,1,trailing,black,490.000000,8.298611
T4_NC_pos+1,T4,NC,1,trailing,black,495.000000,8.166956
T4_NC_pos+1,T4,NC,1,trailing,black,500.000000,8.032407
T4_NC_pos+1,T4,NC,1,trailing,black,505.000000,7.886285
T4_NC_pos+1,T4,NC,1,trailing,black,510.000000,7.769097
T4_NC_pos+1,T4,NC,1,trailing,black,515.000000,7.651910
T4_NC_pos+1,T4,NC,1,trailing,black,520.000000,7.569444
T4_NC_pos+1,T4,NC,1,trailing,black,525.000000,7.546296
T4_NC_pos+1,T4,NC,1,trailing,black,530.000000,7.566551
T4_NC_pos+1,T4,NC,1,trailing,black,535.000000,7.592593
T4_NC_pos+1,T4,NC,1,trailing,black,540.000000,7.581019
T4_NC_pos+1,T4,NC,1,trailing,black,545.000000,7.502894
T4_NC_pos+1,T4,NC,1,trailing,black,550.000000,7.387153
T4_NC_pos+1,T4,NC,1,trailing,black,555.000000,7.330729
T4_NC_pos+1,T4,NC,1,trailing,black,560.000000,7.291667
T4_NC_pos+1,T4,NC,1,trailing,black,565.000000,7.236690
T4_NC_pos+1,T4,NC,1,trailing,black,570.000000,7.141204
T4_NC_pos+1,T4,NC,1,trailing,black,575.000000,6.989294
T4_NC_pos+1,T4,NC,1,trailing,black,580.000000,6.950231
T4_NC_pos+1,T4,NC,1,trailing,black,585.000000,6.844618
T4_NC_pos+1,T4,NC,1,trailing,black,590.000000,6.753472
T4_NC_pos+1,T4,NC,1,trailing,black,595.000000,6.637731
T4_NC_pos+1,T4,NC,1,trailing,black,600.000000,6.469907
T4_NC_pos+1,T4,NC,1,trailing,black,605.000000,6.274595
T4_NC_pos+1,T4,NC,1,trailing,black,610.000000,6.079282
T4_NC_pos+1,T4,NC,1,trailing,black,615.000000,5.956308
T4_NC_pos+1,T4,NC,1,trailing,black,620.000000,5.839120
T4_NC_pos+1,T4,NC,1,trailing,black,625.000000,5.765336
T4_NC_pos+1,T4,NC,1,trailing,black,630.000000,5.740741
T4_NC_pos+1,T4,NC,1,trailing,black,635.000000,5.733507
T4_NC_pos+1,T4,NC,1,trailing,black,640.000000,5.694444
T4_NC_pos+1,T4,NC,1,trailing,black,645.000000,5.538194
T4_NC_pos+1,T4,NC,1,trailing,black,650.000000,5.381944
T4_NC_pos+1,T4,NC,1,trailing,black,655.000000,5.250289
T4_NC_pos+1,T4,NC,1,trailing,black,660.000000,5.150463
T4_NC_pos+1,T4,NC,1,trailing,black,665.000000,5.052083
T4_NC_pos+1,T4,NC,1,trailing,black,670.000000,4.901620
T4_NC_pos+1,T4,NC,1,trailing,black,675.000000,4.823495
T4_NC_pos+1,T4,NC,1,trailing,black,680.000000,4.675926
T4_NC_pos+1,T4,NC,1,trailing,black,685.000000,4.492187
T4_NC_pos+1,T4,NC,1,trailing,black,690.000000,4.337384
T4_NC_pos+1,T4,NC,1,trailing,black,695.000000,4.220197
T4_NC_pos+1,T4,NC,1,trailing,black,700.000000,4.108796
T4_NC_pos+1,T4,NC,1,trailing,black,705.000000,4.030671
T4_NC_pos+1,T4,NC,1,trailing,black,710.000000,3.990162
T4_NC_pos+1,T4,NC,1,trailing,black,715.000000,3.920718
T4_NC_pos+1,T4,NC,1,trailing,black,720.000000,3.888889
T4_NC_pos+1,T4,NC,1,trailing,black,725.000000,3.888889
T4_PC_pos+2,T4,PC,2,trailing,green,-355.000000,0.000000
T4_PC_pos+2,T4,PC,2,trailing,green,-350.000000,0.000000
T4_PC_pos+2,T4,PC,2,trailing,green,-345.000000,0.000000
T4_PC_pos+2,T4,PC,2,trailing,green,-340.000000,0.000000
T4_PC_pos+2,T4,PC,2,trailing,green,-335.000000,0.000000
T4_PC_pos+2,T4,PC,2,trailing,green,-330.000000,0.000000
T4_PC_pos+2,T4,PC,2,trailing,green,-325.000000,0.000000
T4_PC_pos+2,T4,PC,2,trailing,green,-320.000000,0.000000
T4_PC_pos+2,T4,PC,2,trailing,green,-315.000000,0.000000
T4_PC_pos+2,T4,PC,2,trailing,green,-310.000000,0.000000
T4_PC_pos+2,T4,PC,2,trailing,green,-305.000000,0.000000
T4_PC_pos+2,T4,PC,2,trailing,green,-300.000000,0.000000
T4_PC_pos+2,T4,PC,2,trailing,green,-295.000000,0.000000
T4_PC_pos+2,T4,PC,2,trailing,green,-290.000000,0.000000
T4_PC_pos+2,T4,PC,2,trailing,green,-285.000000,0.000000
T4_PC_pos+2,T4,PC,2,trailing,green,-280.000000,0.000000
T4_PC_pos+2,T4,PC,2,trailing,green,-275.000000,0.000000
T4_PC_pos+2,T4,PC,2,trailing,green,-270.000000,0.000000
T4_PC_pos+2,T4,PC,2,trailing,green,-265.000000,0.000000
T4_PC_pos+2,T4,PC,2,trailing,green,-260.000000,0.000000
T4_PC_pos+2,T4,PC,2,trailing,green,-255.000000,0.000000
T4_PC_pos+2,T4,PC,2,trailing,green,-250.000000,0.000000
T4_PC_pos+2,T4,PC,2,trailing,green,-245.000000,0.000000
T4_PC_pos+2,T4,PC,2,trailing,green,-240.000000,0.000000
T4_PC_pos+2,T4,PC,2,trailing,green,-235.000000,0.000000
T4_PC_pos+2,T4,PC,2,trailing,green,-230.000000,0.000000
T4_PC_pos+2,T4,PC,2,trailing,green,-225.000000,0.000000
T4_PC_pos+2,T4,PC,2,trailing,green,-220.000000,0.000000
T4_PC_pos+2,T4,PC,2,trailing,green,-215.000000,0.000000
T4_PC_pos+2,T4,PC,2,trailing,green,-210.000000,-0.162760
T4_PC_pos+2,T4,PC,2,trailing,green,-205.000000,-0.289352
T4_PC_pos+2,T4,PC,2,trailing,green,-200.000000,-0.289352
T4_PC_pos+2,T4,PC,2,trailing,green,-195.000000,-0.289352
T4_PC_pos+2,T4,PC,2,trailing,green,-190.000000,-0.289352
T4_PC_pos+2,T4,PC,2,trailing,green,-185.000000,-0.289352
T4_PC_pos+2,T4,PC,2,trailing,green,-180.000000,-0.289352
T4_PC_pos+2,T4,PC,2,trailing,green,-175.000000,-0.289352
T4_PC_pos+2,T4,PC,2,trailing,green,-170.000000,-0.144676
T4_PC_pos+2,T4,PC,2,trailing,green,-165.000000,0.173611
T4_PC_pos+2,T4,PC,2,trailing,green,-160.000000,0.173611
T4_PC_pos+2,T4,PC,2,trailing,green,-155.000000,0.173611
T4_PC_pos+2,T4,PC,2,trailing,green,-150.000000,0.269097
T4_PC_pos+2,T4,PC,2,trailing,green,-145.000000,0.312500
T4_PC_pos+2,T4,PC,2,trailing,green,-140.000000,0.295139
T4_PC_pos+2,T4,PC,2,trailing,green,-135.000000,0.185185
T4_PC_pos+2,T4,PC,2,trailing,green,-130.000000,-0.104167
T4_PC_pos+2,T4,PC,2,trailing,green,-125.000000,-0.104167
T4_PC_pos+2,T4,PC,2,trailing,green,-120.000000,-0.173611
T4_PC_pos+2,T4,PC,2,trailing,green,-115.000000,-0.196759
T4_PC_pos+2,T4,PC,2,trailing,green,-110.000000,-0.196759
T4_PC_pos+2,T4,PC,2,trailing,green,-105.000000,-0.196759
T4_PC_pos+2,T4,PC,2,trailing,green,-100.000000,-0.170718
T4_PC_pos+2,T4,PC,2,trailing,green,-95.000000,0.005064
T4_PC_pos+2,T4,PC,2,trailing,green,-90.000000,0.143229
T4_PC_pos+2,T4,PC,2,trailing,green,-85.000000,0.203993
T4_PC_pos+2,T4,PC,2,trailing,green,-80.000000,0.219907
T4_PC_pos+2,T4,PC,2,trailing,green,-75.000000,0.219907
T4_PC_pos+2,T4,PC,2,trailing,green,-70.000000,0.219907
T4_PC_pos+2,T4,PC,2,trailing,green,-65.000000,0.221354
T4_PC_pos+2,T4,PC,2,trailing,green,-60.000000,0.260417
T4_PC_pos+2,T4,PC,2,trailing,green,-55.000000,0.266204
T4_PC_pos+2,T4,PC,2,trailing,green,-50.000000,0.240162
T4_PC_pos+2,T4,PC,2,trailing,green,-45.000000,0.163484
T4_PC_pos+2,T4,PC,2,trailing,green,-40.000000,0.046296
T4_PC_pos+2,T4,PC,2,trailing,green,-35.000000,-0.057870
T4_PC_pos+2,T4,PC,2,trailing,green,-30.000000,-0.057870
T4_PC_pos+2,T4,PC,2,trailing,green,-25.000000,-0.057870
T4_PC_pos+2,T4,PC,2,trailing,green,-20.000000,-0.065104
T4_PC_pos+2,T4,PC,2,trailing,green,-15.000000,-0.074870
T4_PC_pos+2,T4,PC,2,trailing,green,-10.000000,-0.084635
T4_PC_pos+2,T4,PC,2,trailing,green,-5.000000,-0.094401
T4_PC_pos+2,T4,PC,2,trailing,green,0.000000,-0.104167
T4_PC_pos+2,T4,PC,2,trailing,green,5.000000,-0.104167
T4_PC_pos+2,T4,PC,2,trailing,green,10.000000,-0.104167
T4_PC_pos+2,T4,PC,2,trailing,green,15.000000,0.117188
T4_PC_pos+2,T4,PC,2,trailing,green,20.000000,0.347222
T4_PC_pos+2,T4,PC,2,trailing,green,25.000000,1.093750
T4_PC_pos+2,T4,PC,2,trailing,green,30.000000,3.671875
T4_PC_pos+2,T4,PC,2,trailing,green,35.000000,5.273438
T4_PC_pos+2,T4,PC,2,trailing,green,40.000000,6.875000
T4_PC_pos+2,T4,PC,2,trailing,green,45.000000,8.311632
T4_PC_pos+2,T4,PC,2,trailing,green,50.000000,9.334491
T4_PC_pos+2,T4,PC,2,trailing,green,55.000000,9.894387
T4_PC_pos+2,T4,PC,2,trailing,green,60.000000,10.127315
T4_PC_pos+2,T4,PC,2,trailing,green,65.000000,10.127315
T4_PC_pos+2,T4,PC,2,trailing,green,70.000000,9.901620
T4_PC_pos+2,T4,PC,2,trailing,green,75.000000,9.697627
T4_PC_pos+2,T4,PC,2,trailing,green,80.000000,9.340278
T4_PC_pos+2,T4,PC,2,trailing,green,85.000000,8.967014
T4_PC_pos+2,T4,PC,2,trailing,green,90.000000,8.706597
T4_PC_pos+2,T4,PC,2,trailing,green,95.000000,8.356481
T4_PC_pos+2,T4,PC,2,trailing,green,100.000000,8.043981
T4_PC_pos+2,T4,PC,2,trailing,green,105.000000,7.764757
T4_PC_pos+2,T4,PC,2,trailing,green,110.000000,7.517361
T4_PC_pos+2,T4,PC,2,trailing,green,115.000000,7.301794
T4_PC_pos+2,T4,PC,2,trailing,green,120.000000,7.094907
T4_PC_pos+2,T4,PC,2,trailing,green,125.000000,6.869213
T4_PC_pos+2,T4,PC,2,trailing,green,130.000000,6.712963
T4_PC_pos+2,T4,PC,2,trailing,green,135.000000,6.448206
T4_PC_pos+2,T4,PC,2,trailing,green,140.000000,6.232639
T4_PC_pos+2,T4,PC,2,trailing,green,145.000000,6.102431
T4_PC_pos+2,T4,PC,2,trailing,green,150.000000,6.009838
T4_PC_pos+2,T4,PC,2,trailing,green,155.000000,5.834780
T4_PC_pos+2,T4,PC,2,trailing,green,160.000000,5.405093
T4_PC_pos+2,T4,PC,2,trailing,green,165.000000,5.170718
T4_PC_pos+2,T4,PC,2,trailing,green,170.000000,5.127315
T4_PC_pos+2,T4,PC,2,trailing,green,175.000000,5.102720
T4_PC_pos+2,T4,PC,2,trailing,green,180.000000,4.438657
T4_PC_pos+2,T4,PC,2,trailing,green,185.000000,3.195891
T4_PC_pos+2,T4,PC,2,trailing,green,190.000000,2.534722
T4_PC_pos+2,T4,PC,2,trailing,green,195.000000,1.909722
T4_PC_pos+2,T4,PC,2,trailing,green,200.000000,1.354167
T4_PC_pos+2,T4,PC,2,trailing,green,205.000000,0.779803
T4_PC_pos+2,T4,PC,2,trailing,green,210.000000,0.234375
T4_PC_pos+2,T4,PC,2,trailing,green,215.000000,-0.247396
T4_PC_pos+2,T4,PC,2,trailing,green,220.000000,-0.682870
T4_PC_pos+2,T4,PC,2,trailing,green,225.000000,-1.151620
T4_PC_pos+2,T4,PC,2,trailing,green,230.000000,-1.507523
T4_PC_pos+2,T4,PC,2,trailing,green,235.000000,-1.889468
T4_PC_pos+2,T4,PC,2,trailing,green,240.000000,-2.210648
T4_PC_pos+2,T4,PC,2,trailing,green,245.000000,-2.484086
T4_PC_pos+2,T4,PC,2,trailing,green,250.000000,-2.748843
T4_PC_pos+2,T4,PC,2,trailing,green,255.000000,-2.980324
T4_PC_pos+2,T4,PC,2,trailing,green,260.000000,-3.136574
T4_PC_pos+2,T4,PC,2,trailing,green,265.000000,-3.326100
T4_PC_pos+2,T4,PC,2,trailing,green,270.000000,-3.495370
T4_PC_pos+2,T4,PC,2,trailing,green,275.000000,-3.632813
T4_PC_pos+2,T4,PC,2,trailing,green,280.000000,-3.761574
T4_PC_pos+2,T4,PC,2,trailing,green,285.000000,-3.913484
T4_PC_pos+2,T4,PC,2,trailing,green,290.000000,-4.030671
T4_PC_pos+2,T4,PC,2,trailing,green,295.000000,-4.147859
T4_PC_pos+2,T4,PC,2,trailing,green,300.000000,-4.265046
T4_PC_pos+2,T4,PC,2,trailing,green,305.000000,-4.360532
T4_PC_pos+2,T4,PC,2,trailing,green,310.000000,-4.438657
T4_PC_pos+2,T4,PC,2,trailing,green,315.000000,-4.516782
T4_PC_pos+2,T4,PC,2,trailing,green,320.000000,-4.594907
T4_PC_pos+2,T4,PC,2,trailing,green,325.000000,-4.673032
T4_PC_pos+2,T4,PC,2,trailing,green,330.000000,-4.751157
T4_PC_pos+2,T4,PC,2,trailing,green,335.000000,-4.780093
T4_PC_pos+2,T4,PC,2,trailing,green,340.000000,-4.814815
T4_PC_pos+2,T4,PC,2,trailing,green,345.000000,-4.882812
T4_PC_pos+2,T4,PC,2,trailing,green,350.000000,-4.918981
T4_PC_pos+2,T4,PC,2,trailing,green,355.000000,-4.918981
T4_PC_pos+2,T4,PC,2,trailing,green,360.000000,-4.918981
T4_PC_pos+2,T4,PC,2,trailing,green,365.000000,-4.946470
T4_PC_pos+2,T4,PC,2,trailing,green,370.000000,-4.965278
T4_PC_pos+2,T4,PC,2,trailing,green,375.000000,-4.991319
T4_PC_pos+2,T4,PC,2,trailing,green,380.000000,-5.063657
T4_PC_pos+2,T4,PC,2,trailing,green,385.000000,-5.102720
T4_PC_pos+2,T4,PC,2,trailing,green,390.000000,-5.104167
T4_PC_pos+2,T4,PC,2,trailing,green,395.000000,-5.073785
T4_PC_pos+2,T4,PC,2,trailing,green,400.000000,-5.034722
T4_PC_pos+2,T4,PC,2,trailing,green,405.000000,-4.995660
T4_PC_pos+2,T4,PC,2,trailing,green,410.000000,-4.965278
T4_PC_pos+2,T4,PC,2,trailing,green,415.000000,-4.963831
T4_PC_pos+2,T4,PC,2,trailing,green,420.000000,-4.924769
T4_PC_pos+2,T4,PC,2,trailing,green,425.000000,-4.918981
T4_PC_pos+2,T4,PC,2,trailing,green,430.000000,-4.892940
T4_PC_pos+2,T4,PC,2,trailing,green,435.000000,-4.872685
T4_PC_pos+2,T4,PC,2,trailing,green,440.000000,-4.861111
T4_PC_pos+2,T4,PC,2,trailing,green,445.000000,-4.826389
T4_PC_pos+2,T4,PC,2,trailing,green,450.000000,-4.826389
T4_PC_pos+2,T4,PC,2,trailing,green,455.000000,-4.826389
T4_PC_pos+2,T4,PC,2,trailing,green,460.000000,-4.826389
T4_PC_pos+2,T4,PC,2,trailing,green,465.000000,-4.826389
T4_PC_pos+2,T4,PC,2,trailing,green,470.000000,-4.826389
T4_PC_pos+2,T4,PC,2,trailing,green,475.000000,-4.819155
T4_PC_pos+2,T4,PC,2,trailing,green,480.000000,-4.780093
T4_PC_pos+2,T4,PC,2,trailing,green,485.000000,-4.780093
T4_PC_pos+2,T4,PC,2,trailing,green,490.000000,-4.780093
T4_PC_pos+2,T4,PC,2,trailing,green,495.000000,-4.730903
T4_PC_pos+2,T4,PC,2,trailing,green,500.000000,-4.670139
T4_PC_pos+2,T4,PC,2,trailing,green,505.000000,-4.620949
T4_PC_pos+2,T4,PC,2,trailing,green,510.000000,-4.548611
T4_PC_pos+2,T4,PC,2,trailing,green,515.000000,-4.548611
T4_PC_pos+2,T4,PC,2,trailing,green,520.000000,-4.548611
T4_PC_pos+2,T4,PC,2,trailing,green,525.000000,-4.576100
T4_PC_pos+2,T4,PC,2,trailing,green,530.000000,-4.594907
T4_PC_pos+2,T4,PC,2,trailing,green,535.000000,-4.594907
T4_PC_pos+2,T4,PC,2,trailing,green,540.000000,-4.594907
T4_PC_pos+2,T4,PC,2,trailing,green,545.000000,-4.594907
T4_PC_pos+2,T4,PC,2,trailing,green,550.000000,-4.557292
T4_PC_pos+2,T4,PC,2,trailing,green,555.000000,-4.487847
T4_PC_pos+2,T4,PC,2,trailing,green,560.000000,-4.456019
T4_PC_pos+2,T4,PC,2,trailing,green,565.000000,-4.424190
T4_PC_pos+2,T4,PC,2,trailing,green,570.000000,-4.363426
T4_PC_pos+2,T4,PC,2,trailing,green,575.000000,-4.363426
T4_PC_pos+2,T4,PC,2,trailing,green,580.000000,-4.363426
T4_PC_pos+2,T4,PC,2,trailing,green,585.000000,-4.363426
T4_PC_pos+2,T4,PC,2,trailing,green,590.000000,-4.363426
T4_PC_pos+2,T4,PC,2,trailing,green,595.000000,-4.363426
T4_PC_pos+2,T4,PC,2,trailing,green,600.000000,-4.363426
T4_PC_pos+2,T4,PC,2,trailing,green,605.000000,-4.363426
T4_PC_pos+2,T4,PC,2,trailing,green,610.000000,-4.363426
T4_PC_pos+2,T4,PC,2,trailing,green,615.000000,-4.291088
T4_PC_pos+2,T4,PC,2,trailing,green,620.000000,-4.184028
T4_PC_pos+2,T4,PC,2,trailing,green,625.000000,-4.110243
T4_PC_pos+2,T4,PC,2,trailing,green,630.000000,-4.071181
T4_PC_pos+2,T4,PC,2,trailing,green,635.000000,-4.032118
T4_PC_pos+2,T4,PC,2,trailing,green,640.000000,-3.993056
T4_PC_pos+2,T4,PC,2,trailing,green,645.000000,-3.993056
T4_PC_pos+2,T4,PC,2,trailing,green,650.000000,-3.961227
T4_PC_pos+2,T4,PC,2,trailing,green,655.000000,-3.897569
T4_PC_pos+2,T4,PC,2,trailing,green,660.000000,-3.819444
T4_PC_pos+2,T4,PC,2,trailing,green,665.000000,-3.751447
T4_PC_pos+2,T4,PC,2,trailing,green,670.000000,-3.715278
T4_PC_pos+2,T4,PC,2,trailing,green,675.000000,-3.715278
T4_PC_pos+2,T4,PC,2,trailing,green,680.000000,-3.715278
T4_PC_pos+2,T4,PC,2,trailing,green,685.000000,-3.715278
T4_PC_pos+2,T4,PC,2,trailing,green,690.000000,-3.715278
T4_PC_pos+2,T4,PC,2,trailing,green,695.000000,-3.702257
T4_PC_pos+2,T4,PC,2,trailing,green,700.000000,-3.668981
T4_PC_pos+2,T4,PC,2,trailing,green,705.000000,-3.668981
T4_PC_pos+2,T4,PC,2,trailing,green,710.000000,-3.706597
T4_PC_pos+2,T4,PC,2,trailing,green,715.000000,-3.715278
T4_PC_pos+2,T4,PC,2,trailing,green,720.000000,-3.715278
T4_NC_pos+2,T4,NC,2,trailing,black,-355.000000,0.000000
T4_NC_pos+2,T4,NC,2,trailing,black,-350.000000,0.000000
T4_NC_pos+2,T4,NC,2,trailing,black,-345.000000,0.000000
T4_NC_pos+2,T4,NC,2,trailing,black,-340.000000,0.000000
T4_NC_pos+2,T4,NC,2,trailing,black,-335.000000,0.000000
T4_NC_pos+2,T4,NC,2,trailing,black,-330.000000,0.000000
T4_NC_pos+2,T4,NC,2,trailing,black,-325.000000,0.000000
T4_NC_pos+2,T4,NC,2,trailing,black,-320.000000,0.000000
T4_NC_pos+2,T4,NC,2,trailing,black,-315.000000,0.000000
T4_NC_pos+2,T4,NC,2,trailing,black,-310.000000,0.000000
T4_NC_pos+2,T4,NC,2,trailing,black,-305.000000,0.000000
T4_NC_pos+2,T4,NC,2,trailing,black,-300.000000,0.000000
T4_NC_pos+2,T4,NC,2,trailing,black,-295.000000,0.000000
T4_NC_pos+2,T4,NC,2,trailing,black,-290.000000,0.000000
T4_NC_pos+2,T4,NC,2,trailing,black,-285.000000,0.000000
T4_NC_pos+2,T4,NC,2,trailing,black,-280.000000,0.000000
T4_NC_pos+2,T4,NC,2,trailing,black,-275.000000,0.000000
T4_NC_pos+2,T4,NC,2,trailing,black,-270.000000,0.000000
T4_NC_pos+2,T4,NC,2,trailing,black,-265.000000,0.000000
T4_NC_pos+2,T4,NC,2,trailing,black,-260.000000,0.000000
T4_NC_pos+2,T4,NC,2,trailing,black,-255.000000,0.000000
T4_NC_pos+2,T4,NC,2,trailing,black,-250.000000,0.000000
T4_NC_pos+2,T4,NC,2,trailing,black,-245.000000,0.000000
T4_NC_pos+2,T4,NC,2,trailing,black,-240.000000,0.000000
T4_NC_pos+2,T4,NC,2,trailing,black,-235.000000,0.000000
T4_NC_pos+2,T4,NC,2,trailing,black,-230.000000,0.000000
T4_NC_pos+2,T4,NC,2,trailing,black,-225.000000,0.000000
T4_NC_pos+2,T4,NC,2,trailing,black,-220.000000,0.000000
T4_NC_pos+2,T4,NC,2,trailing,black,-215.000000,0.000000
T4_NC_pos+2,T4,NC,2,trailing,black,-210.000000,-0.032552
T4_NC_pos+2,T4,NC,2,trailing,black,-205.000000,-0.057870
T4_NC_pos+2,T4,NC,2,trailing,black,-200.000000,-0.057870
T4_NC_pos+2,T4,NC,2,trailing,black,-195.000000,-0.057870
T4_NC_pos+2,T4,NC,2,trailing,black,-190.000000,-0.057870
T4_NC_pos+2,T4,NC,2,trailing,black,-185.000000,-0.057870
T4_NC_pos+2,T4,NC,2,trailing,black,-180.000000,-0.057870
T4_NC_pos+2,T4,NC,2,trailing,black,-175.000000,-0.057870
T4_NC_pos+2,T4,NC,2,trailing,black,-170.000000,-0.057870
T4_NC_pos+2,T4,NC,2,trailing,black,-165.000000,-0.057870
T4_NC_pos+2,T4,NC,2,trailing,black,-160.000000,-0.057870
T4_NC_pos+2,T4,NC,2,trailing,black,-155.000000,-0.057870
T4_NC_pos+2,T4,NC,2,trailing,black,-150.000000,-0.026042
T4_NC_pos+2,T4,NC,2,trailing,black,-145.000000,0.013021
T4_NC_pos+2,T4,NC,2,trailing,black,-140.000000,0.052083
T4_NC_pos+2,T4,NC,2,trailing,black,-135.000000,0.081019
T4_NC_pos+2,T4,NC,2,trailing,black,-130.000000,0.078125
T4_NC_pos+2,T4,NC,2,trailing,black,-125.000000,0.039063
T4_NC_pos+2,T4,NC,2,trailing,black,-120.000000,0.034722
T4_NC_pos+2,T4,NC,2,trailing,black,-115.000000,0.089699
T4_NC_pos+2,T4,NC,2,trailing,black,-110.000000,0.127315
T4_NC_pos+2,T4,NC,2,trailing,black,-105.000000,0.101273
T4_NC_pos+2,T4,NC,2,trailing,black,-100.000000,0.034722
T4_NC_pos+2,T4,NC,2,trailing,black,-95.000000,0.034722
T4_NC_pos+2,T4,NC,2,trailing,black,-90.000000,-0.002894
T4_NC_pos+2,T4,NC,2,trailing,black,-85.000000,-0.041956
T4_NC_pos+2,T4,NC,2,trailing,black,-80.000000,-0.057870
T4_NC_pos+2,T4,NC,2,trailing,black,-75.000000,-0.057870
T4_NC_pos+2,T4,NC,2,trailing,black,-70.000000,-0.057870
T4_NC_pos+2,T4,NC,2,trailing,black,-65.000000,-0.053530
T4_NC_pos+2,T4,NC,2,trailing,black,-60.000000,0.063657
T4_NC_pos+2,T4,NC,2,trailing,black,-55.000000,0.081019
T4_NC_pos+2,T4,NC,2,trailing,black,-50.000000,0.133102
T4_NC_pos+2,T4,NC,2,trailing,black,-45.000000,0.192419
T4_NC_pos+2,T4,NC,2,trailing,black,-40.000000,0.219907
T4_NC_pos+2,T4,NC,2,trailing,black,-35.000000,0.219907
T4_NC_pos+2,T4,NC,2,trailing,black,-30.000000,0.219907
T4_NC_pos+2,T4,NC,2,trailing,black,-25.000000,0.219907
T4_NC_pos+2,T4,NC,2,trailing,black,-20.000000,0.162037
T4_NC_pos+2,T4,NC,2,trailing,black,-15.000000,0.127315
T4_NC_pos+2,T4,NC,2,trailing,black,-10.000000,0.127315
T4_NC_pos+2,T4,NC,2,trailing,black,-5.000000,0.127315
T4_NC_pos+2,T4,NC,2,trailing,black,0.000000,0.127315
T4_NC_pos+2,T4,NC,2,trailing,black,5.000000,0.127315
T4_NC_pos+2,T4,NC,2,trailing,black,10.000000,0.127315
T4_NC_pos+2,T4,NC,2,trailing,black,15.000000,0.102720
T4_NC_pos+2,T4,NC,2,trailing,black,20.000000,0.046296
T4_NC_pos+2,T4,NC,2,trailing,black,25.000000,-0.031829
T4_NC_pos+2,T4,NC,2,trailing,black,30.000000,-0.112847
T4_NC_pos+2,T4,NC,2,trailing,black,35.000000,-0.230035
T4_NC_pos+2,T4,NC,2,trailing,black,40.000000,-0.312500
T4_NC_pos+2,T4,NC,2,trailing,black,45.000000,-0.335648
T4_NC_pos+2,T4,NC,2,trailing,black,50.000000,-0.335648
T4_NC_pos+2,T4,NC,2,trailing,black,55.000000,-0.309606
T4_NC_pos+2,T4,NC,2,trailing,black,60.000000,-0.219907
T4_NC_pos+2,T4,NC,2,trailing,black,65.000000,-0.063657
T4_NC_pos+2,T4,NC,2,trailing,black,70.000000,0.167824
T4_NC_pos+2,T4,NC,2,trailing,black,75.000000,0.402199
T4_NC_pos+2,T4,NC,2,trailing,black,80.000000,0.613426
T4_NC_pos+2,T4,NC,2,trailing,black,85.000000,0.824653
T4_NC_pos+2,T4,NC,2,trailing,black,90.000000,1.059028
T4_NC_pos+2,T4,NC,2,trailing,black,95.000000,1.293403
T4_NC_pos+2,T4,NC,2,trailing,black,100.000000,1.527778
T4_NC_pos+2,T4,NC,2,trailing,black,105.000000,1.728877
T4_NC_pos+2,T4,NC,2,trailing,black,110.000000,1.950231
T4_NC_pos+2,T4,NC,2,trailing,black,115.000000,2.128183
T4_NC_pos+2,T4,NC,2,trailing,black,120.000000,2.268519
T4_NC_pos+2,T4,NC,2,trailing,black,125.000000,2.468171
T4_NC_pos+2,T4,NC,2,trailing,black,130.000000,2.702546
T4_NC_pos+2,T4,NC,2,trailing,black,135.000000,2.900752
T4_NC_pos+2,T4,NC,2,trailing,black,140.000000,3.125000
T4_NC_pos+2,T4,NC,2,trailing,black,145.000000,3.337674
T4_NC_pos+2,T4,NC,2,trailing,black,150.000000,3.532986
T4_NC_pos+2,T4,NC,2,trailing,black,155.000000,3.728299
T4_NC_pos+2,T4,NC,2,trailing,black,160.000000,3.923611
T4_NC_pos+2,T4,NC,2,trailing,black,165.000000,4.118924
T4_NC_pos+2,T4,NC,2,trailing,black,170.000000,4.314236
T4_NC_pos+2,T4,NC,2,trailing,black,175.000000,4.509549
T4_NC_pos+2,T4,NC,2,trailing,black,180.000000,4.687500
T4_NC_pos+2,T4,NC,2,trailing,black,185.000000,4.853877
T4_NC_pos+2,T4,NC,2,trailing,black,190.000000,5.052083
T4_NC_pos+2,T4,NC,2,trailing,black,195.000000,5.286458
T4_NC_pos+2,T4,NC,2,trailing,black,200.000000,5.486111
T4_NC_pos+2,T4,NC,2,trailing,black,205.000000,5.736400
T4_NC_pos+2,T4,NC,2,trailing,black,210.000000,6.009838
T4_NC_pos+2,T4,NC,2,trailing,black,215.000000,6.270255
T4_NC_pos+2,T4,NC,2,trailing,black,220.000000,6.504630
T4_NC_pos+2,T4,NC,2,trailing,black,225.000000,6.739005
T4_NC_pos+2,T4,NC,2,trailing,black,230.000000,6.973380
T4_NC_pos+2,T4,NC,2,trailing,black,235.000000,7.146991
T4_NC_pos+2,T4,NC,2,trailing,black,240.000000,7.372685
T4_NC_pos+2,T4,NC,2,trailing,black,245.000000,7.598380
T4_NC_pos+2,T4,NC,2,trailing,black,250.000000,7.763310
T4_NC_pos+2,T4,NC,2,trailing,black,255.000000,7.955729
T4_NC_pos+2,T4,NC,2,trailing,black,260.000000,8.072917
T4_NC_pos+2,T4,NC,2,trailing,black,265.000000,8.256655
T4_NC_pos+2,T4,NC,2,trailing,black,270.000000,8.425926
T4_NC_pos+2,T4,NC,2,trailing,black,275.000000,8.619792
T4_NC_pos+2,T4,NC,2,trailing,black,280.000000,8.831019
T4_NC_pos+2,T4,NC,2,trailing,black,285.000000,8.987269
T4_NC_pos+2,T4,NC,2,trailing,black,290.000000,9.143519
T4_NC_pos+2,T4,NC,2,trailing,black,295.000000,9.263600
T4_NC_pos+2,T4,NC,2,trailing,black,300.000000,9.322917
T4_NC_pos+2,T4,NC,2,trailing,black,305.000000,9.361979
T4_NC_pos+2,T4,NC,2,trailing,black,310.000000,9.429977
T4_NC_pos+2,T4,NC,2,trailing,black,315.000000,9.568866
T4_NC_pos+2,T4,NC,2,trailing,black,320.000000,9.803241
T4_NC_pos+2,T4,NC,2,trailing,black,325.000000,9.959491
T4_NC_pos+2,T4,NC,2,trailing,black,330.000000,10.115741
T4_NC_pos+2,T4,NC,2,trailing,black,335.000000,10.247396
T4_NC_pos+2,T4,NC,2,trailing,black,340.000000,10.312500
T4_NC_pos+2,T4,NC,2,trailing,black,345.000000,10.312500
T4_NC_pos+2,T4,NC,2,trailing,black,350.000000,10.306713
T4_NC_pos+2,T4,NC,2,trailing,black,355.000000,10.228588
T4_NC_pos+2,T4,NC,2,trailing,black,360.000000,10.219907
T4_NC_pos+2,T4,NC,2,trailing,black,365.000000,10.219907
T4_NC_pos+2,T4,NC,2,trailing,black,370.000000,10.179398
T4_NC_pos+2,T4,NC,2,trailing,black,375.000000,10.127315
T4_NC_pos+2,T4,NC,2,trailing,black,380.000000,10.127315
T4_NC_pos+2,T4,NC,2,trailing,black,385.000000,10.127315
T4_NC_pos+2,T4,NC,2,trailing,black,390.000000,10.127315
T4_NC_pos+2,T4,NC,2,trailing,black,395.000000,10.036169
T4_NC_pos+2,T4,NC,2,trailing,black,400.000000,9.918981
T4_NC_pos+2,T4,NC,2,trailing,black,405.000000,9.785880
T4_NC_pos+2,T4,NC,2,trailing,black,410.000000,9.646991
T4_NC_pos+2,T4,NC,2,trailing,black,415.000000,9.571759
T4_NC_pos+2,T4,NC,2,trailing,black,420.000000,9.571759
T4_NC_pos+2,T4,NC,2,trailing,black,425.000000,9.538484
T4_NC_pos+2,T4,NC,2,trailing,black,430.000000,9.421296
T4_NC_pos+2,T4,NC,2,trailing,black,435.000000,9.265046
T4_NC_pos+2,T4,NC,2,trailing,black,440.000000,9.085648
T4_NC_pos+2,T4,NC,2,trailing,black,445.000000,8.851273
T4_NC_pos+2,T4,NC,2,trailing,black,450.000000,8.616898
T4_NC_pos+2,T4,NC,2,trailing,black,455.000000,8.382523
T4_NC_pos+2,T4,NC,2,trailing,black,460.000000,8.119213
T4_NC_pos+2,T4,NC,2,trailing,black,465.000000,7.867477
T4_NC_pos+2,T4,NC,2,trailing,black,470.000000,7.618634
T4_NC_pos+2,T4,NC,2,trailing,black,475.000000,7.359664
T4_NC_pos+2,T4,NC,2,trailing,black,480.000000,7.164352
T4_NC_pos+2,T4,NC,2,trailing,black,485.000000,6.929977
T4_NC_pos+2,T4,NC,2,trailing,black,490.000000,6.695602
T4_NC_pos+2,T4,NC,2,trailing,black,495.000000,6.436632
T4_NC_pos+2,T4,NC,2,trailing,black,500.000000,6.163194
T4_NC_pos+2,T4,NC,2,trailing,black,505.000000,5.910012
T4_NC_pos+2,T4,NC,2,trailing,black,510.000000,5.714699
T4_NC_pos+2,T4,NC,2,trailing,black,515.000000,5.519387
T4_NC_pos+2,T4,NC,2,trailing,black,520.000000,5.462963
T4_NC_pos+2,T4,NC,2,trailing,black,525.000000,5.451389
T4_NC_pos+2,T4,NC,2,trailing,black,530.000000,5.451389
T4_NC_pos+2,T4,NC,2,trailing,black,535.000000,5.464410
T4_NC_pos+2,T4,NC,2,trailing,black,540.000000,5.497685
T4_NC_pos+2,T4,NC,2,trailing,black,545.000000,5.497685
T4_NC_pos+2,T4,NC,2,trailing,black,550.000000,5.460069
T4_NC_pos+2,T4,NC,2,trailing,black,555.000000,5.451389
T4_NC_pos+2,T4,NC,2,trailing,black,560.000000,5.451389
T4_NC_pos+2,T4,NC,2,trailing,black,565.000000,5.451389
T4_NC_pos+2,T4,NC,2,trailing,black,570.000000,5.442708
T4_NC_pos+2,T4,NC,2,trailing,black,575.000000,5.402199
T4_NC_pos+2,T4,NC,2,trailing,black,580.000000,5.324074
T4_NC_pos+2,T4,NC,2,trailing,black,585.000000,5.245949
T4_NC_pos+2,T4,NC,2,trailing,black,590.000000,5.193866
T4_NC_pos+2,T4,NC,2,trailing,black,595.000000,5.154803
T4_NC_pos+2,T4,NC,2,trailing,black,600.000000,5.104167
T4_NC_pos+2,T4,NC,2,trailing,black,605.000000,5.017361
T4_NC_pos+2,T4,NC,2,trailing,black,610.000000,4.861111
T4_NC_pos+2,T4,NC,2,trailing,black,615.000000,4.777199
T4_NC_pos+2,T4,NC,2,trailing,black,620.000000,4.699074
T4_NC_pos+2,T4,NC,2,trailing,black,625.000000,4.620949
T4_NC_pos+2,T4,NC,2,trailing,black,630.000000,4.557292
T4_NC_pos+2,T4,NC,2,trailing,black,635.000000,4.510995
T4_NC_pos+2,T4,NC,2,trailing,black,640.000000,4.432870
T4_NC_pos+2,T4,NC,2,trailing,black,645.000000,4.315683
T4_NC_pos+2,T4,NC,2,trailing,black,650.000000,4.230324
T4_NC_pos+2,T4,NC,2,trailing,black,655.000000,4.152199
T4_NC_pos+2,T4,NC,2,trailing,black,660.000000,4.074074
T4_NC_pos+2,T4,NC,2,trailing,black,665.000000,3.995949
T4_NC_pos+2,T4,NC,2,trailing,black,670.000000,3.917824
T4_NC_pos+2,T4,NC,2,trailing,black,675.000000,3.839699
T4_NC_pos+2,T4,NC,2,trailing,black,680.000000,3.831019
T4_NC_pos+2,T4,NC,2,trailing,black,685.000000,3.803530
T4_NC_pos+2,T4,NC,2,trailing,black,690.000000,3.744213
T4_NC_pos+2,T4,NC,2,trailing,black,695.000000,3.653067
T4_NC_pos+2,T4,NC,2,trailing,black,700.000000,3.530093
T4_NC_pos+2,T4,NC,2,trailing,black,705.000000,3.373843
T4_NC_pos+2,T4,NC,2,trailing,black,710.000000,3.217593
T4_NC_pos+2,T4,NC,2,trailing,black,715.000000,3.061343
T4_NC_pos+2,T4,NC,2,trailing,black,720.000000,2.951389
T4_PC_pos+3,T4,PC,3,trailing,green,-355.000000,0.000000
T4_PC_pos+3,T4,PC,3,trailing,green,-350.000000,0.000000
T4_PC_pos+3,T4,PC,3,trailing,green,-345.000000,0.000000
T4_PC_pos+3,T4,PC,3,trailing,green,-340.000000,0.000000
T4_PC_pos+3,T4,PC,3,trailing,green,-335.000000,0.000000
T4_PC_pos+3,T4,PC,3,trailing,green,-330.000000,0.000000
T4_PC_pos+3,T4,PC,3,trailing,green,-325.000000,0.000000
T4_PC_pos+3,T4,PC,3,trailing,green,-320.000000,0.000000
T4_PC_pos+3,T4,PC,3,trailing,green,-315.000000,0.000000
T4_PC_pos+3,T4,PC,3,trailing,green,-310.000000,0.000000
T4_PC_pos+3,T4,PC,3,trailing,green,-305.000000,0.000000
T4_PC_pos+3,T4,PC,3,trailing,green,-300.000000,0.000000
T4_PC_pos+3,T4,PC,3,trailing,green,-295.000000,0.000000
T4_PC_pos+3,T4,PC,3,trailing,green,-290.000000,0.000000
T4_PC_pos+3,T4,PC,3,trailing,green,-285.000000,0.000000
T4_PC_pos+3,T4,PC,3,trailing,green,-280.000000,0.000000
T4_PC_pos+3,T4,PC,3,trailing,green,-275.000000,0.000000
T4_PC_pos+3,T4,PC,3,trailing,green,-270.000000,0.000000
T4_PC_pos+3,T4,PC,3,trailing,green,-265.000000,0.000000
T4_PC_pos+3,T4,PC,3,trailing,green,-260.000000,0.000000
T4_PC_pos+3,T4,PC,3,trailing,green,-255.000000,0.000000
T4_PC_pos+3,T4,PC,3,trailing,green,-250.000000,0.000000
T4_PC_pos+3,T4,PC,3,trailing,green,-245.000000,0.000000
T4_PC_pos+3,T4,PC,3,trailing,green,-240.000000,0.000000
T4_PC_pos+3,T4,PC,3,trailing,green,-235.000000,0.000000
T4_PC_pos+3,T4,PC,3,trailing,green,-230.000000,0.000000
T4_PC_pos+3,T4,PC,3,trailing,green,-225.000000,0.000000
T4_PC_pos+3,T4,PC,3,trailing,green,-220.000000,0.000000
T4_PC_pos+3,T4,PC,3,trailing,green,-215.000000,0.000000
T4_PC_pos+3,T4,PC,3,trailing,green,-210.000000,-0.078125
T4_PC_pos+3,T4,PC,3,trailing,green,-205.000000,-0.134187
T4_PC_pos+3,T4,PC,3,trailing,green,-200.000000,-0.127315
T4_PC_pos+3,T4,PC,3,trailing,green,-195.000000,-0.134910
T4_PC_pos+3,T4,PC,3,trailing,green,-190.000000,-0.203270
T4_PC_pos+3,T4,PC,3,trailing,green,-185.000000,-0.271629
T4_PC_pos+3,T4,PC,3,trailing,green,-180.000000,-0.339988
T4_PC_pos+3,T4,PC,3,trailing,green,-175.000000,-0.370370
T4_PC_pos+3,T4,PC,3,trailing,green,-170.000000,-0.370370
T4_PC_pos+3,T4,PC,3,trailing,green,-165.000000,-0.363137
T4_PC_pos+3,T4,PC,3,trailing,green,-160.000000,-0.324074
T4_PC_pos+3,T4,PC,3,trailing,green,-155.000000,-0.363137
T4_PC_pos+3,T4,PC,3,trailing,green,-150.000000,-0.338542
T4_PC_pos+3,T4,PC,3,trailing,green,-145.000000,-0.324074
T4_PC_pos+3,T4,PC,3,trailing,green,-140.000000,-0.306713
T4_PC_pos+3,T4,PC,3,trailing,green,-135.000000,-0.277778
T4_PC_pos+3,T4,PC,3,trailing,green,-130.000000,-0.277778
T4_PC_pos+3,T4,PC,3,trailing,green,-125.000000,-0.277778
T4_PC_pos+3,T4,PC,3,trailing,green,-120.000000,-0.277778
T4_PC_pos+3,T4,PC,3,trailing,green,-115.000000,-0.277778
T4_PC_pos+3,T4,PC,3,trailing,green,-110.000000,-0.257523
T4_PC_pos+3,T4,PC,3,trailing,green,-105.000000,-0.153356
T4_PC_pos+3,T4,PC,3,trailing,green,-100.000000,0.075231
T4_PC_pos+3,T4,PC,3,trailing,green,-95.000000,0.270544
T4_PC_pos+3,T4,PC,3,trailing,green,-90.000000,0.315394
T4_PC_pos+3,T4,PC,3,trailing,green,-85.000000,0.293692
T4_PC_pos+3,T4,PC,3,trailing,green,-80.000000,0.300926
T4_PC_pos+3,T4,PC,3,trailing,green,-75.000000,0.324074
T4_PC_pos+3,T4,PC,3,trailing,green,-70.000000,0.324074
T4_PC_pos+3,T4,PC,3,trailing,green,-65.000000,0.324074
T4_PC_pos+3,T4,PC,3,trailing,green,-60.000000,0.324074
T4_PC_pos+3,T4,PC,3,trailing,green,-55.000000,0.324074
T4_PC_pos+3,T4,PC,3,trailing,green,-50.000000,0.298032
T4_PC_pos+3,T4,PC,3,trailing,green,-45.000000,0.277778
T4_PC_pos+3,T4,PC,3,trailing,green,-40.000000,0.277778
T4_PC_pos+3,T4,PC,3,trailing,green,-35.000000,0.273438
T4_PC_pos+3,T4,PC,3,trailing,green,-30.000000,0.234375
T4_PC_pos+3,T4,PC,3,trailing,green,-25.000000,0.231481
T4_PC_pos+3,T4,PC,3,trailing,green,-20.000000,0.231481
T4_PC_pos+3,T4,PC,3,trailing,green,-15.000000,0.253183
T4_PC_pos+3,T4,PC,3,trailing,green,-10.000000,0.292245
T4_PC_pos+3,T4,PC,3,trailing,green,-5.000000,0.331308
T4_PC_pos+3,T4,PC,3,trailing,green,0.000000,0.370370
T4_PC_pos+3,T4,PC,3,trailing,green,5.000000,0.370370
T4_PC_pos+3,T4,PC,3,trailing,green,10.000000,0.370370
T4_PC_pos+3,T4,PC,3,trailing,green,15.000000,0.444155
T4_PC_pos+3,T4,PC,3,trailing,green,20.000000,1.099537
T4_PC_pos+3,T4,PC,3,trailing,green,25.000000,2.316262
T4_PC_pos+3,T4,PC,3,trailing,green,30.000000,3.223380
T4_PC_pos+3,T4,PC,3,trailing,green,35.000000,4.239005
T4_PC_pos+3,T4,PC,3,trailing,green,40.000000,5.219907
T4_PC_pos+3,T4,PC,3,trailing,green,45.000000,5.949074
T4_PC_pos+3,T4,PC,3,trailing,green,50.000000,6.250000
T4_PC_pos+3,T4,PC,3,trailing,green,55.000000,6.223958
T4_PC_pos+3,T4,PC,3,trailing,green,60.000000,6.116898
T4_PC_pos+3,T4,PC,3,trailing,green,65.000000,5.843461
T4_PC_pos+3,T4,PC,3,trailing,green,70.000000,5.570023
T4_PC_pos+3,T4,PC,3,trailing,green,75.000000,5.205440
T4_PC_pos+3,T4,PC,3,trailing,green,80.000000,4.884259
T4_PC_pos+3,T4,PC,3,trailing,green,85.000000,4.563079
T4_PC_pos+3,T4,PC,3,trailing,green,90.000000,4.172454
T4_PC_pos+3,T4,PC,3,trailing,green,95.000000,3.784722
T4_PC_pos+3,T4,PC,3,trailing,green,100.000000,3.472222
T4_PC_pos+3,T4,PC,3,trailing,green,105.000000,3.192998
T4_PC_pos+3,T4,PC,3,trailing,green,110.000000,3.023727
T4_PC_pos+3,T4,PC,3,trailing,green,115.000000,2.727865
T4_PC_pos+3,T4,PC,3,trailing,green,120.000000,2.239583
T4_PC_pos+3,T4,PC,3,trailing,green,125.000000,1.805556
T4_PC_pos+3,T4,PC,3,trailing,green,130.000000,1.805556
T4_PC_pos+3,T4,PC,3,trailing,green,135.000000,1.579499
T4_PC_pos+3,T4,PC,3,trailing,green,140.000000,1.335359
T4_PC_pos+3,T4,PC,3,trailing,green,145.000000,1.091218
T4_PC_pos+3,T4,PC,3,trailing,green,150.000000,0.847078
T4_PC_pos+3,T4,PC,3,trailing,green,155.000000,0.597512
T4_PC_pos+3,T4,PC,3,trailing,green,160.000000,0.324074
T4_PC_pos+3,T4,PC,3,trailing,green,165.000000,0.089699
T4_PC_pos+3,T4,PC,3,trailing,green,170.000000,-0.240162
T4_PC_pos+3,T4,PC,3,trailing,green,175.000000,-0.567130
T4_PC_pos+3,T4,PC,3,trailing,green,180.000000,-0.896991
T4_PC_pos+3,T4,PC,3,trailing,green,185.000000,-1.248553
T4_PC_pos+3,T4,PC,3,trailing,green,190.000000,-1.600116
T4_PC_pos+3,T4,PC,3,trailing,green,195.000000,-1.951678
T4_PC_pos+3,T4,PC,3,trailing,green,200.000000,-2.268519
T4_PC_pos+3,T4,PC,3,trailing,green,205.000000,-2.581019
T4_PC_pos+3,T4,PC,3,trailing,green,210.000000,-2.893519
T4_PC_pos+3,T4,PC,3,trailing,green,215.000000,-3.192998
T4_PC_pos+3,T4,PC,3,trailing,green,220.000000,-3.466435
T4_PC_pos+3,T4,PC,3,trailing,green,225.000000,-3.739873
T4_PC_pos+3,T4,PC,3,trailing,green,230.000000,-3.900463
T4_PC_pos+3,T4,PC,3,trailing,green,235.000000,-4.087095
T4_PC_pos+3,T4,PC,3,trailing,green,240.000000,-4.259259
T4_PC_pos+3,T4,PC,3,trailing,green,245.000000,-4.415509
T4_PC_pos+3,T4,PC,3,trailing,green,250.000000,-4.563079
T4_PC_pos+3,T4,PC,3,trailing,green,255.000000,-4.680266
T4_PC_pos+3,T4,PC,3,trailing,green,260.000000,-4.797454
T4_PC_pos+3,T4,PC,3,trailing,green,265.000000,-4.881366
T4_PC_pos+3,T4,PC,3,trailing,green,270.000000,-4.959491
T4_PC_pos+3,T4,PC,3,trailing,green,275.000000,-5.037616
T4_PC_pos+3,T4,PC,3,trailing,green,280.000000,-5.115741
T4_PC_pos+3,T4,PC,3,trailing,green,285.000000,-5.193866
T4_PC_pos+3,T4,PC,3,trailing,green,290.000000,-5.271991
T4_PC_pos+3,T4,PC,3,trailing,green,295.000000,-5.313947
T4_PC_pos+3,T4,PC,3,trailing,green,300.000000,-5.381944
T4_PC_pos+3,T4,PC,3,trailing,green,305.000000,-5.416667
T4_PC_pos+3,T4,PC,3,trailing,green,310.000000,-5.431134
T4_PC_pos+3,T4,PC,3,trailing,green,315.000000,-5.462963
T4_PC_pos+3,T4,PC,3,trailing,green,320.000000,-5.462963
T4_PC_pos+3,T4,PC,3,trailing,green,325.000000,-5.462963
T4_PC_pos+3,T4,PC,3,trailing,green,330.000000,-5.431134
T4_PC_pos+3,T4,PC,3,trailing,green,335.000000,-5.416667
T4_PC_pos+3,T4,PC,3,trailing,green,340.000000,-5.451389
T4_PC_pos+3,T4,PC,3,trailing,green,345.000000,-5.509259
T4_PC_pos+3,T4,PC,3,trailing,green,350.000000,-5.509259
T4_PC_pos+3,T4,PC,3,trailing,green,355.000000,-5.509259
T4_PC_pos+3,T4,PC,3,trailing,green,360.000000,-5.509259
T4_PC_pos+3,T4,PC,3,trailing,green,365.000000,-5.509259
T4_PC_pos+3,T4,PC,3,trailing,green,370.000000,-5.509259
T4_PC_pos+3,T4,PC,3,trailing,green,375.000000,-5.509259
T4_PC_pos+3,T4,PC,3,trailing,green,380.000000,-5.497685
T4_PC_pos+3,T4,PC,3,trailing,green,385.000000,-5.419560
T4_PC_pos+3,T4,PC,3,trailing,green,390.000000,-5.416667
T4_PC_pos+3,T4,PC,3,trailing,green,395.000000,-5.416667
T4_PC_pos+3,T4,PC,3,trailing,green,400.000000,-5.347222
T4_PC_pos+3,T4,PC,3,trailing,green,405.000000,-5.245949
T4_PC_pos+3,T4,PC,3,trailing,green,410.000000,-5.176505
T4_PC_pos+3,T4,PC,3,trailing,green,415.000000,-5.137442
T4_PC_pos+3,T4,PC,3,trailing,green,420.000000,-5.098380
T4_PC_pos+3,T4,PC,3,trailing,green,425.000000,-5.059317
T4_PC_pos+3,T4,PC,3,trailing,green,430.000000,-5.020255
T4_PC_pos+3,T4,PC,3,trailing,green,435.000000,-4.981192
T4_PC_pos+3,T4,PC,3,trailing,green,440.000000,-4.930556
T4_PC_pos+3,T4,PC,3,trailing,green,445.000000,-4.852431
T4_PC_pos+3,T4,PC,3,trailing,green,450.000000,-4.774306
T4_PC_pos+3,T4,PC,3,trailing,green,455.000000,-4.732350
T4_PC_pos+3,T4,PC,3,trailing,green,460.000000,-4.635417
T4_PC_pos+3,T4,PC,3,trailing,green,465.000000,-4.539931
T4_PC_pos+3,T4,PC,3,trailing,green,470.000000,-4.447338
T4_PC_pos+3,T4,PC,3,trailing,green,475.000000,-4.337384
T4_PC_pos+3,T4,PC,3,trailing,green,480.000000,-4.259259
T4_PC_pos+3,T4,PC,3,trailing,green,485.000000,-4.181134
T4_PC_pos+3,T4,PC,3,trailing,green,490.000000,-4.134838
T4_PC_pos+3,T4,PC,3,trailing,green,495.000000,-4.120370
T4_PC_pos+3,T4,PC,3,trailing,green,500.000000,-4.120370
T4_PC_pos+3,T4,PC,3,trailing,green,505.000000,-4.120370
T4_PC_pos+3,T4,PC,3,trailing,green,510.000000,-4.120370
T4_PC_pos+3,T4,PC,3,trailing,green,515.000000,-4.120370
T4_PC_pos+3,T4,PC,3,trailing,green,520.000000,-4.120370
T4_PC_pos+3,T4,PC,3,trailing,green,525.000000,-4.120370
T4_PC_pos+3,T4,PC,3,trailing,green,530.000000,-4.100116
T4_PC_pos+3,T4,PC,3,trailing,green,535.000000,-4.061053
T4_PC_pos+3,T4,PC,3,trailing,green,540.000000,-4.027778
T4_PC_pos+3,T4,PC,3,trailing,green,545.000000,-4.027778
T4_PC_pos+3,T4,PC,3,trailing,green,550.000000,-4.027778
T4_PC_pos+3,T4,PC,3,trailing,green,555.000000,-4.027778
T4_PC_pos+3,T4,PC,3,trailing,green,560.000000,-4.050926
T4_PC_pos+3,T4,PC,3,trailing,green,565.000000,-4.074074
T4_PC_pos+3,T4,PC,3,trailing,green,570.000000,-4.082755
T4_PC_pos+3,T4,PC,3,trailing,green,575.000000,-4.120370
T4_PC_pos+3,T4,PC,3,trailing,green,580.000000,-4.120370
T4_PC_pos+3,T4,PC,3,trailing,green,585.000000,-4.087095
T4_PC_pos+3,T4,PC,3,trailing,green,590.000000,-4.021991
T4_PC_pos+3,T4,PC,3,trailing,green,595.000000,-3.962674
T4_PC_pos+3,T4,PC,3,trailing,green,600.000000,-3.912037
T4_PC_pos+3,T4,PC,3,trailing,green,605.000000,-3.838252
T4_PC_pos+3,T4,PC,3,trailing,green,610.000000,-3.799190
T4_PC_pos+3,T4,PC,3,trailing,green,615.000000,-3.796296
T4_PC_pos+3,T4,PC,3,trailing,green,620.000000,-3.767361
T4_PC_pos+3,T4,PC,3,trailing,green,625.000000,-3.750000
T4_PC_pos+3,T4,PC,3,trailing,green,630.000000,-3.721065
T4_PC_pos+3,T4,PC,3,trailing,green,635.000000,-3.657407
T4_PC_pos+3,T4,PC,3,trailing,green,640.000000,-3.657407
T4_PC_pos+3,T4,PC,3,trailing,green,645.000000,-3.579282
T4_PC_pos+3,T4,PC,3,trailing,green,650.000000,-3.564815
T4_PC_pos+3,T4,PC,3,trailing,green,655.000000,-3.491030
T4_PC_pos+3,T4,PC,3,trailing,green,660.000000,-3.408565
T4_PC_pos+3,T4,PC,3,trailing,green,665.000000,-3.349248
T4_PC_pos+3,T4,PC,3,trailing,green,670.000000,-3.237847
T4_PC_pos+3,T4,PC,3,trailing,green,675.000000,-3.198785
T4_PC_pos+3,T4,PC,3,trailing,green,680.000000,-3.194444
T4_PC_pos+3,T4,PC,3,trailing,green,685.000000,-3.194444
T4_PC_pos+3,T4,PC,3,trailing,green,690.000000,-3.174190
T4_PC_pos+3,T4,PC,3,trailing,green,695.000000,-3.122106
T4_PC_pos+3,T4,PC,3,trailing,green,700.000000,-3.049769
T4_PC_pos+3,T4,PC,3,trailing,green,705.000000,-3.010706
T4_PC_pos+3,T4,PC,3,trailing,green,710.000000,-2.971644
T4_PC_pos+3,T4,PC,3,trailing,green,715.000000,-2.962963
T4_PC_pos+3,T4,PC,3,trailing,green,720.000000,-2.986111
T4_NC_pos+3,T4,NC,3,trailing,black,-355.000000,0.000000
T4_NC_pos+3,T4,NC,3,trailing,black,-350.000000,0.000000
T4_NC_pos+3,T4,NC,3,trailing,black,-345.000000,0.000000
T4_NC_pos+3,T4,NC,3,trailing,black,-340.000000,0.000000
T4_NC_pos+3,T4,NC,3,trailing,black,-335.000000,0.000000
T4_NC_pos+3,T4,NC,3,trailing,black,-330.000000,0.000000
T4_NC_pos+3,T4,NC,3,trailing,black,-325.000000,0.000000
T4_NC_pos+3,T4,NC,3,trailing,black,-320.000000,0.000000
T4_NC_pos+3,T4,NC,3,trailing,black,-315.000000,0.000000
T4_NC_pos+3,T4,NC,3,trailing,black,-310.000000,0.000000
T4_NC_pos+3,T4,NC,3,trailing,black,-305.000000,0.000000
T4_NC_pos+3,T4,NC,3,trailing,black,-300.000000,0.000000
T4_NC_pos+3,T4,NC,3,trailing,black,-295.000000,0.000000
T4_NC_pos+3,T4,NC,3,trailing,black,-290.000000,0.000000
T4_NC_pos+3,T4,NC,3,trailing,black,-285.000000,0.000000
T4_NC_pos+3,T4,NC,3,trailing,black,-280.000000,0.000000
T4_NC_pos+3,T4,NC,3,trailing,black,-275.000000,0.000000
T4_NC_pos+3,T4,NC,3,trailing,black,-270.000000,0.000000
T4_NC_pos+3,T4,NC,3,trailing,black,-265.000000,0.000000
T4_NC_pos+3,T4,NC,3,trailing,black,-260.000000,0.000000
T4_NC_pos+3,T4,NC,3,trailing,black,-255.000000,0.000000
T4_NC_pos+3,T4,NC,3,trailing,black,-250.000000,0.000000
T4_NC_pos+3,T4,NC,3,trailing,black,-245.000000,0.000000
T4_NC_pos+3,T4,NC,3,trailing,black,-240.000000,0.000000
T4_NC_pos+3,T4,NC,3,trailing,black,-235.000000,0.000000
T4_NC_pos+3,T4,NC,3,trailing,black,-230.000000,0.000000
T4_NC_pos+3,T4,NC,3,trailing,black,-225.000000,0.000000
T4_NC_pos+3,T4,NC,3,trailing,black,-220.000000,0.000000
T4_NC_pos+3,T4,NC,3,trailing,black,-215.000000,0.000000
T4_NC_pos+3,T4,NC,3,trailing,black,-210.000000,-0.182292
T4_NC_pos+3,T4,NC,3,trailing,black,-205.000000,-0.305266
T4_NC_pos+3,T4,NC,3,trailing,black,-200.000000,-0.277778
T4_NC_pos+3,T4,NC,3,trailing,black,-195.000000,-0.273438
T4_NC_pos+3,T4,NC,3,trailing,black,-190.000000,-0.234375
T4_NC_pos+3,T4,NC,3,trailing,black,-185.000000,-0.195313
T4_NC_pos+3,T4,NC,3,trailing,black,-180.000000,-0.185185
T4_NC_pos+3,T4,NC,3,trailing,black,-175.000000,-0.185185
T4_NC_pos+3,T4,NC,3,trailing,black,-170.000000,-0.156250
T4_NC_pos+3,T4,NC,3,trailing,black,-165.000000,-0.085359
T4_NC_pos+3,T4,NC,3,trailing,black,-160.000000,-0.046296
T4_NC_pos+3,T4,NC,3,trailing,black,-155.000000,-0.007234
T4_NC_pos+3,T4,NC,3,trailing,black,-150.000000,0.095486
T4_NC_pos+3,T4,NC,3,trailing,black,-145.000000,0.138889
T4_NC_pos+3,T4,NC,3,trailing,black,-140.000000,0.138889
T4_NC_pos+3,T4,NC,3,trailing,black,-135.000000,0.138889
T4_NC_pos+3,T4,NC,3,trailing,black,-130.000000,0.133102
T4_NC_pos+3,T4,NC,3,trailing,black,-125.000000,0.054977
T4_NC_pos+3,T4,NC,3,trailing,black,-120.000000,0.046296
T4_NC_pos+3,T4,NC,3,trailing,black,-115.000000,0.018808
T4_NC_pos+3,T4,NC,3,trailing,black,-110.000000,0.000000
T4_NC_pos+3,T4,NC,3,trailing,black,-105.000000,0.013021
T4_NC_pos+3,T4,NC,3,trailing,black,-100.000000,0.046296
T4_NC_pos+3,T4,NC,3,trailing,black,-95.000000,0.046296
T4_NC_pos+3,T4,NC,3,trailing,black,-90.000000,0.008681
T4_NC_pos+3,T4,NC,3,trailing,black,-85.000000,0.000000
T4_NC_pos+3,T4,NC,3,trailing,black,-80.000000,0.000000
T4_NC_pos+3,T4,NC,3,trailing,black,-75.000000,0.015914
T4_NC_pos+3,T4,NC,3,trailing,black,-70.000000,0.054977
T4_NC_pos+3,T4,NC,3,trailing,black,-65.000000,0.092593
T4_NC_pos+3,T4,NC,3,trailing,black,-60.000000,0.092593
T4_NC_pos+3,T4,NC,3,trailing,black,-55.000000,0.059317
T4_NC_pos+3,T4,NC,3,trailing,black,-50.000000,0.046296
T4_NC_pos+3,T4,NC,3,trailing,black,-45.000000,0.027488
T4_NC_pos+3,T4,NC,3,trailing,black,-40.000000,0.000000
T4_NC_pos+3,T4,NC,3,trailing,black,-35.000000,-0.004340
T4_NC_pos+3,T4,NC,3,trailing,black,-30.000000,-0.043403
T4_NC_pos+3,T4,NC,3,trailing,black,-25.000000,-0.082465
T4_NC_pos+3,T4,NC,3,trailing,black,-20.000000,-0.179398
T4_NC_pos+3,T4,NC,3,trailing,black,-15.000000,-0.296586
T4_NC_pos+3,T4,NC,3,trailing,black,-10.000000,-0.370370
T4_NC_pos+3,T4,NC,3,trailing,black,-5.000000,-0.363137
T4_NC_pos+3,T4,NC,3,trailing,black,0.000000,-0.324074
T4_NC_pos+3,T4,NC,3,trailing,black,5.000000,-0.245949
T4_NC_pos+3,T4,NC,3,trailing,black,10.000000,-0.167824
T4_NC_pos+3,T4,NC,3,trailing,black,15.000000,-0.138889
T4_NC_pos+3,T4,NC,3,trailing,black,20.000000,-0.156250
T4_NC_pos+3,T4,NC,3,trailing,black,25.000000,-0.205440
T4_NC_pos+3,T4,NC,3,trailing,black,30.000000,-0.280671
T4_NC_pos+3,T4,NC,3,trailing,black,35.000000,-0.319734
T4_NC_pos+3,T4,NC,3,trailing,black,40.000000,-0.358796
T4_NC_pos+3,T4,NC,3,trailing,black,45.000000,-0.397859
T4_NC_pos+3,T4,NC,3,trailing,black,50.000000,-0.416667
T4_NC_pos+3,T4,NC,3,trailing,black,55.000000,-0.416667
T4_NC_pos+3,T4,NC,3,trailing,black,60.000000,-0.393519
T4_NC_pos+3,T4,NC,3,trailing,black,65.000000,-0.237269
T4_NC_pos+3,T4,NC,3,trailing,black,70.000000,-0.043403
T4_NC_pos+3,T4,NC,3,trailing,black,75.000000,0.121528
T4_NC_pos+3,T4,NC,3,trailing,black,80.000000,0.324074
T4_NC_pos+3,T4,NC,3,trailing,black,85.000000,0.558449
T4_NC_pos+3,T4,NC,3,trailing,black,90.000000,0.792824
T4_NC_pos+3,T4,NC,3,trailing,black,95.000000,1.027199
T4_NC_pos+3,T4,NC,3,trailing,black,100.000000,1.261574
T4_NC_pos+3,T4,NC,3,trailing,black,105.000000,1.595775
T4_NC_pos+3,T4,NC,3,trailing,black,110.000000,1.895255
T4_NC_pos+3,T4,NC,3,trailing,black,115.000000,2.149884
T4_NC_pos+3,T4,NC,3,trailing,black,120.000000,2.407407
T4_NC_pos+3,T4,NC,3,trailing,black,125.000000,2.715567
T4_NC_pos+3,T4,NC,3,trailing,black,130.000000,2.989005
T4_NC_pos+3,T4,NC,3,trailing,black,135.000000,3.298611
T4_NC_pos+3,T4,NC,3,trailing,black,140.000000,3.524306
T4_NC_pos+3,T4,NC,3,trailing,black,145.000000,3.741319
T4_NC_pos+3,T4,NC,3,trailing,black,150.000000,3.990162
T4_NC_pos+3,T4,NC,3,trailing,black,155.000000,4.263600
T4_NC_pos+3,T4,NC,3,trailing,black,160.000000,4.537037
T4_NC_pos+3,T4,NC,3,trailing,black,165.000000,4.732350
T4_NC_pos+3,T4,NC,3,trailing,black,170.000000,4.959491
T4_NC_pos+3,T4,NC,3,trailing,black,175.000000,5.193866
T4_NC_pos+3,T4,NC,3,trailing,black,180.000000,5.376157
T4_NC_pos+3,T4,NC,3,trailing,black,185.000000,5.503472
T4_NC_pos+3,T4,NC,3,trailing,black,190.000000,5.653935
T4_NC_pos+3,T4,NC,3,trailing,black,195.000000,5.732060
T4_NC_pos+3,T4,NC,3,trailing,black,200.000000,5.810185
T4_NC_pos+3,T4,NC,3,trailing,black,205.000000,5.888310
T4_NC_pos+3,T4,NC,3,trailing,black,210.000000,5.966435
T4_NC_pos+3,T4,NC,3,trailing,black,215.000000,6.044560
T4_NC_pos+3,T4,NC,3,trailing,black,220.000000,6.122685
T4_NC_pos+3,T4,NC,3,trailing,black,225.000000,6.200810
T4_NC_pos+3,T4,NC,3,trailing,black,230.000000,6.241319
T4_NC_pos+3,T4,NC,3,trailing,black,235.000000,6.280382
T4_NC_pos+3,T4,NC,3,trailing,black,240.000000,6.319444
T4_NC_pos+3,T4,NC,3,trailing,black,245.000000,6.342593
T4_NC_pos+3,T4,NC,3,trailing,black,250.000000,6.333912
T4_NC_pos+3,T4,NC,3,trailing,black,255.000000,6.293403
T4_NC_pos+3,T4,NC,3,trailing,black,260.000000,6.215278
T4_NC_pos+3,T4,NC,3,trailing,black,265.000000,6.170428
T4_NC_pos+3,T4,NC,3,trailing,black,270.000000,6.157407
T4_NC_pos+3,T4,NC,3,trailing,black,275.000000,6.157407
T4_NC_pos+3,T4,NC,3,trailing,black,280.000000,6.192130
T4_NC_pos+3,T4,NC,3,trailing,black,285.000000,6.317998
T4_NC_pos+3,T4,NC,3,trailing,black,290.000000,6.513310
T4_NC_pos+3,T4,NC,3,trailing,black,295.000000,6.600116
T4_NC_pos+3,T4,NC,3,trailing,black,300.000000,6.765046
T4_NC_pos+3,T4,NC,3,trailing,black,305.000000,6.851852
T4_NC_pos+3,T4,NC,3,trailing,black,310.000000,6.851852
T4_NC_pos+3,T4,NC,3,trailing,black,315.000000,6.822917
T4_NC_pos+3,T4,NC,3,trailing,black,320.000000,6.666667
T4_NC_pos+3,T4,NC,3,trailing,black,325.000000,6.471354
T4_NC_pos+3,T4,NC,3,trailing,black,330.000000,6.339699
T4_NC_pos+3,T4,NC,3,trailing,black,335.000000,6.296296
T4_NC_pos+3,T4,NC,3,trailing,black,340.000000,6.296296
T4_NC_pos+3,T4,NC,3,trailing,black,345.000000,6.296296
T4_NC_pos+3,T4,NC,3,trailing,black,350.000000,6.290509
T4_NC_pos+3,T4,NC,3,trailing,black,355.000000,6.212384
T4_NC_pos+3,T4,NC,3,trailing,black,360.000000,6.134259
T4_NC_pos+3,T4,NC,3,trailing,black,365.000000,6.056134
T4_NC_pos+3,T4,NC,3,trailing,black,370.000000,6.018519
T4_NC_pos+3,T4,NC,3,trailing,black,375.000000,6.018519
T4_NC_pos+3,T4,NC,3,trailing,black,380.000000,6.006944
T4_NC_pos+3,T4,NC,3,trailing,black,385.000000,5.928819
T4_NC_pos+3,T4,NC,3,trailing,black,390.000000,5.775463
T4_NC_pos+3,T4,NC,3,trailing,black,395.000000,5.649595
T4_NC_pos+3,T4,NC,3,trailing,black,400.000000,5.509259
T4_NC_pos+3,T4,NC,3,trailing,black,405.000000,5.337095
T4_NC_pos+3,T4,NC,3,trailing,black,410.000000,5.159144
T4_NC_pos+3,T4,NC,3,trailing,black,415.000000,5.041956
T4_NC_pos+3,T4,NC,3,trailing,black,420.000000,4.924769
T4_NC_pos+3,T4,NC,3,trailing,black,425.000000,4.807581
T4_NC_pos+3,T4,NC,3,trailing,black,430.000000,4.716435
T4_NC_pos+3,T4,NC,3,trailing,black,435.000000,4.638310
T4_NC_pos+3,T4,NC,3,trailing,black,440.000000,4.548611
T4_NC_pos+3,T4,NC,3,trailing,black,445.000000,4.435764
T4_NC_pos+3,T4,NC,3,trailing,black,450.000000,4.357639
T4_NC_pos+3,T4,NC,3,trailing,black,455.000000,4.243345
T4_NC_pos+3,T4,NC,3,trailing,black,460.000000,4.126157
T4_NC_pos+3,T4,NC,3,trailing,black,465.000000,4.008970
T4_NC_pos+3,T4,NC,3,trailing,black,470.000000,3.848380
T4_NC_pos+3,T4,NC,3,trailing,black,475.000000,3.628472
T4_NC_pos+3,T4,NC,3,trailing,black,480.000000,3.472222
T4_NC_pos+3,T4,NC,3,trailing,black,485.000000,3.315972
T4_NC_pos+3,T4,NC,3,trailing,black,490.000000,3.223380
T4_NC_pos+3,T4,NC,3,trailing,black,495.000000,3.194444
T4_NC_pos+3,T4,NC,3,trailing,black,500.000000,3.194444
T4_NC_pos+3,T4,NC,3,trailing,black,505.000000,3.204572
T4_NC_pos+3,T4,NC,3,trailing,black,510.000000,3.240741
T4_NC_pos+3,T4,NC,3,trailing,black,515.000000,3.240741
T4_NC_pos+3,T4,NC,3,trailing,black,520.000000,3.240741
T4_NC_pos+3,T4,NC,3,trailing,black,525.000000,3.240741
T4_NC_pos+3,T4,NC,3,trailing,black,530.000000,3.200231
T4_NC_pos+3,T4,NC,3,trailing,black,535.000000,3.109086
T4_NC_pos+3,T4,NC,3,trailing,black,540.000000,3.003472
T4_NC_pos+3,T4,NC,3,trailing,black,545.000000,2.964410
T4_NC_pos+3,T4,NC,3,trailing,black,550.000000,2.962963
T4_NC_pos+3,T4,NC,3,trailing,black,555.000000,2.962963
T4_NC_pos+3,T4,NC,3,trailing,black,560.000000,2.962963
T4_NC_pos+3,T4,NC,3,trailing,black,565.000000,2.962963
T4_NC_pos+3,T4,NC,3,trailing,black,570.000000,2.954282
T4_NC_pos+3,T4,NC,3,trailing,black,575.000000,2.912326
T4_NC_pos+3,T4,NC,3,trailing,black,580.000000,2.795139
T4_NC_pos+3,T4,NC,3,trailing,black,585.000000,2.744502
T4_NC_pos+3,T4,NC,3,trailing,black,590.000000,2.627315
T4_NC_pos+3,T4,NC,3,trailing,black,595.000000,2.508681
T4_NC_pos+3,T4,NC,3,trailing,black,600.000000,2.418981
T4_NC_pos+3,T4,NC,3,trailing,black,605.000000,2.301794
T4_NC_pos+3,T4,NC,3,trailing,black,610.000000,2.184606
T4_NC_pos+3,T4,NC,3,trailing,black,615.000000,2.103588
T4_NC_pos+3,T4,NC,3,trailing,black,620.000000,1.909722
T4_NC_pos+3,T4,NC,3,trailing,black,625.000000,1.762153
T4_NC_pos+3,T4,NC,3,trailing,black,630.000000,1.655093
T4_NC_pos+3,T4,NC,3,trailing,black,635.000000,1.506076
T4_NC_pos+3,T4,NC,3,trailing,black,640.000000,1.388889
T4_NC_pos+3,T4,NC,3,trailing,black,645.000000,1.388889
T4_NC_pos+3,T4,NC,3,trailing,black,650.000000,1.388889
T4_NC_pos+3,T4,NC,3,trailing,black,655.000000,1.388889
T4_NC_pos+3,T4,NC,3,trailing,black,660.000000,1.388889
T4_NC_pos+3,T4,NC,3,trailing,black,665.000000,1.368634
T4_NC_pos+3,T4,NC,3,trailing,black,670.000000,1.290509
T4_NC_pos+3,T4,NC,3,trailing,black,675.000000,1.212384
T4_NC_pos+3,T4,NC,3,trailing,black,680.000000,1.168981
T4_NC_pos+3,T4,NC,3,trailing,black,685.000000,1.129919
T4_NC_pos+3,T4,NC,3,trailing,black,690.000000,1.111111
T4_NC_pos+3,T4,NC,3,trailing,black,695.000000,1.098090
T4_NC_pos+3,T4,NC,3,trailing,black,700.000000,1.059028
T4_NC_pos+3,T4,NC,3,trailing,black,705.000000,1.019965
T4_NC_pos+3,T4,NC,3,trailing,black,710.000000,0.943287
T4_NC_pos+3,T4,NC,3,trailing,black,715.000000,0.925926
T4_NC_pos+3,T4,NC,3,trailing,black,720.000000,0.949074
T4_PC_pos+4,T4,PC,4,trailing,green,-355.000000,0.000000
T4_PC_pos+4,T4,PC,4,trailing,green,-350.000000,0.000000
T4_PC_pos+4,T4,PC,4,trailing,green,-345.000000,0.000000
T4_PC_pos+4,T4,PC,4,trailing,green,-340.000000,0.000000
T4_PC_pos+4,T4,PC,4,trailing,green,-335.000000,0.000000
T4_PC_pos+4,T4,PC,4,trailing,green,-330.000000,0.000000
T4_PC_pos+4,T4,PC,4,trailing,green,-325.000000,0.000000
T4_PC_pos+4,T4,PC,4,trailing,green,-320.000000,0.000000
T4_PC_pos+4,T4,PC,4,trailing,green,-315.000000,0.000000
T4_PC_pos+4,T4,PC,4,trailing,green,-310.000000,0.000000
T4_PC_pos+4,T4,PC,4,trailing,green,-305.000000,0.000000
T4_PC_pos+4,T4,PC,4,trailing,green,-300.000000,0.000000
T4_PC_pos+4,T4,PC,4,trailing,green,-295.000000,0.000000
T4_PC_pos+4,T4,PC,4,trailing,green,-290.000000,0.000000
T4_PC_pos+4,T4,PC,4,trailing,green,-285.000000,0.000000
T4_PC_pos+4,T4,PC,4,trailing,green,-280.000000,0.000000
T4_PC_pos+4,T4,PC,4,trailing,green,-275.000000,0.000000
T4_PC_pos+4,T4,PC,4,trailing,green,-270.000000,0.000000
T4_PC_pos+4,T4,PC,4,trailing,green,-265.000000,0.000000
T4_PC_pos+4,T4,PC,4,trailing,green,-260.000000,0.000000
T4_PC_pos+4,T4,PC,4,trailing,green,-255.000000,0.000000
T4_PC_pos+4,T4,PC,4,trailing,green,-250.000000,0.000000
T4_PC_pos+4,T4,PC,4,trailing,green,-245.000000,0.000000
T4_PC_pos+4,T4,PC,4,trailing,green,-240.000000,0.000000
T4_PC_pos+4,T4,PC,4,trailing,green,-235.000000,0.000000
T4_PC_pos+4,T4,PC,4,trailing,green,-230.000000,0.000000
T4_PC_pos+4,T4,PC,4,trailing,green,-225.000000,0.000000
T4_PC_pos+4,T4,PC,4,trailing,green,-220.000000,0.000000
T4_PC_pos+4,T4,PC,4,trailing,green,-215.000000,0.133102
T4_PC_pos+4,T4,PC,4,trailing,green,-210.000000,0.133102
T4_PC_pos+4,T4,PC,4,trailing,green,-205.000000,0.036169
T4_PC_pos+4,T4,PC,4,trailing,green,-200.000000,-0.046296
T4_PC_pos+4,T4,PC,4,trailing,green,-195.000000,-0.054977
T4_PC_pos+4,T4,PC,4,trailing,green,-190.000000,-0.133102
T4_PC_pos+4,T4,PC,4,trailing,green,-185.000000,-0.138889
T4_PC_pos+4,T4,PC,4,trailing,green,-180.000000,-0.071373
T4_PC_pos+4,T4,PC,4,trailing,green,-175.000000,0.019772
T4_PC_pos+4,T4,PC,4,trailing,green,-170.000000,0.101273
T4_PC_pos+4,T4,PC,4,trailing,green,-165.000000,0.154321
T4_PC_pos+4,T4,PC,4,trailing,green,-160.000000,0.154321
T4_PC_pos+4,T4,PC,4,trailing,green,-155.000000,0.128279
T4_PC_pos+4,T4,PC,4,trailing,green,-150.000000,0.123457
T4_PC_pos+4,T4,PC,4,trailing,green,-145.000000,0.107060
T4_PC_pos+4,T4,PC,4,trailing,green,-140.000000,0.092593
T4_PC_pos+4,T4,PC,4,trailing,green,-135.000000,0.082465
T4_PC_pos+4,T4,PC,4,trailing,green,-130.000000,0.043403
T4_PC_pos+4,T4,PC,4,trailing,green,-125.000000,0.004340
T4_PC_pos+4,T4,PC,4,trailing,green,-120.000000,-0.034722
T4_PC_pos+4,T4,PC,4,trailing,green,-115.000000,-0.046296
T4_PC_pos+4,T4,PC,4,trailing,green,-110.000000,-0.046296
T4_PC_pos+4,T4,PC,4,trailing,green,-105.000000,-0.033275
T4_PC_pos+4,T4,PC,4,trailing,green,-100.000000,0.005787
T4_PC_pos+4,T4,PC,4,trailing,green,-95.000000,0.044850
T4_PC_pos+4,T4,PC,4,trailing,green,-90.000000,0.046296
T4_PC_pos+4,T4,PC,4,trailing,green,-85.000000,0.076678
T4_PC_pos+4,T4,PC,4,trailing,green,-80.000000,0.115741
T4_PC_pos+4,T4,PC,4,trailing,green,-75.000000,0.138889
T4_PC_pos+4,T4,PC,4,trailing,green,-70.000000,0.108507
T4_PC_pos+4,T4,PC,4,trailing,green,-65.000000,-0.026765
T4_PC_pos+4,T4,PC,4,trailing,green,-60.000000,-0.124421
T4_PC_pos+4,T4,PC,4,trailing,green,-55.000000,-0.138889
T4_PC_pos+4,T4,PC,4,trailing,green,-50.000000,-0.086806
T4_PC_pos+4,T4,PC,4,trailing,green,-45.000000,-0.046296
T4_PC_pos+4,T4,PC,4,trailing,green,-40.000000,-0.046296
T4_PC_pos+4,T4,PC,4,trailing,green,-35.000000,-0.050637
T4_PC_pos+4,T4,PC,4,trailing,green,-30.000000,-0.089699
T4_PC_pos+4,T4,PC,4,trailing,green,-25.000000,-0.092593
T4_PC_pos+4,T4,PC,4,trailing,green,-20.000000,-0.114294
T4_PC_pos+4,T4,PC,4,trailing,green,-15.000000,-0.143591
T4_PC_pos+4,T4,PC,4,trailing,green,-10.000000,-0.172888
T4_PC_pos+4,T4,PC,4,trailing,green,-5.000000,-0.202185
T4_PC_pos+4,T4,PC,4,trailing,green,0.000000,-0.231481
T4_PC_pos+4,T4,PC,4,trailing,green,5.000000,-0.231481
T4_PC_pos+4,T4,PC,4,trailing,green,10.000000,-0.263310
T4_PC_pos+4,T4,PC,4,trailing,green,15.000000,-0.277778
T4_PC_pos+4,T4,PC,4,trailing,green,20.000000,-0.104167
T4_PC_pos+4,T4,PC,4,trailing,green,25.000000,0.539641
T4_PC_pos+4,T4,PC,4,trailing,green,30.000000,1.869213
T4_PC_pos+4,T4,PC,4,trailing,green,35.000000,2.728588
T4_PC_pos+4,T4,PC,4,trailing,green,40.000000,3.483796
T4_PC_pos+4,T4,PC,4,trailing,green,45.000000,3.786169
T4_PC_pos+4,T4,PC,4,trailing,green,50.000000,3.842593
T4_PC_pos+4,T4,PC,4,trailing,green,55.000000,3.725405
T4_PC_pos+4,T4,PC,4,trailing,green,60.000000,3.373843
T4_PC_pos+4,T4,PC,4,trailing,green,65.000000,3.022280
T4_PC_pos+4,T4,PC,4,trailing,green,70.000000,2.633102
T4_PC_pos+4,T4,PC,4,trailing,green,75.000000,2.212095
T4_PC_pos+4,T4,PC,4,trailing,green,80.000000,1.828704
T4_PC_pos+4,T4,PC,4,trailing,green,85.000000,1.588542
T4_PC_pos+4,T4,PC,4,trailing,green,90.000000,1.319444
T4_PC_pos+4,T4,PC,4,trailing,green,95.000000,0.416667
T4_PC_pos+4,T4,PC,4,trailing,green,100.000000,0.416667
T4_PC_pos+4,T4,PC,4,trailing,green,105.000000,0.117187
T4_PC_pos+4,T4,PC,4,trailing,green,110.000000,-0.130208
T4_PC_pos+4,T4,PC,4,trailing,green,115.000000,-0.344329
T4_PC_pos+4,T4,PC,4,trailing,green,120.000000,-0.578704
T4_PC_pos+4,T4,PC,4,trailing,green,125.000000,-0.800058
T4_PC_pos+4,T4,PC,4,trailing,green,130.000000,-0.917245
T4_PC_pos+4,T4,PC,4,trailing,green,135.000000,-1.115813
T4_PC_pos+4,T4,PC,4,trailing,green,140.000000,-1.320891
T4_PC_pos+4,T4,PC,4,trailing,green,145.000000,-1.525969
T4_PC_pos+4,T4,PC,4,trailing,green,150.000000,-1.731047
T4_PC_pos+4,T4,PC,4,trailing,green,155.000000,-1.934317
T4_PC_pos+4,T4,PC,4,trailing,green,160.000000,-2.129630
T4_PC_pos+4,T4,PC,4,trailing,green,165.000000,-2.285880
T4_PC_pos+4,T4,PC,4,trailing,green,170.000000,-2.569444
T4_PC_pos+4,T4,PC,4,trailing,green,175.000000,-2.808160
T4_PC_pos+4,T4,PC,4,trailing,green,180.000000,-3.003472
T4_PC_pos+4,T4,PC,4,trailing,green,185.000000,-3.219039
T4_PC_pos+4,T4,PC,4,trailing,green,190.000000,-3.483796
T4_PC_pos+4,T4,PC,4,trailing,green,195.000000,-3.640046
T4_PC_pos+4,T4,PC,4,trailing,green,200.000000,-3.831019
T4_PC_pos+4,T4,PC,4,trailing,green,205.000000,-3.998843
T4_PC_pos+4,T4,PC,4,trailing,green,210.000000,-4.155093
T4_PC_pos+4,T4,PC,4,trailing,green,215.000000,-4.311343
T4_PC_pos+4,T4,PC,4,trailing,green,220.000000,-4.456019
T4_PC_pos+4,T4,PC,4,trailing,green,225.000000,-4.534144
T4_PC_pos+4,T4,PC,4,trailing,green,230.000000,-4.649884
T4_PC_pos+4,T4,PC,4,trailing,green,235.000000,-4.736690
T4_PC_pos+4,T4,PC,4,trailing,green,240.000000,-4.814815
T4_PC_pos+4,T4,PC,4,trailing,green,245.000000,-4.892940
T4_PC_pos+4,T4,PC,4,trailing,green,250.000000,-4.971065
T4_PC_pos+4,T4,PC,4,trailing,green,255.000000,-5.049190
T4_PC_pos+4,T4,PC,4,trailing,green,260.000000,-5.127315
T4_PC_pos+4,T4,PC,4,trailing,green,265.000000,-5.205440
T4_PC_pos+4,T4,PC,4,trailing,green,270.000000,-5.257523
T4_PC_pos+4,T4,PC,4,trailing,green,275.000000,-5.277778
T4_PC_pos+4,T4,PC,4,trailing,green,280.000000,-5.300926
T4_PC_pos+4,T4,PC,4,trailing,green,285.000000,-5.370370
T4_PC_pos+4,T4,PC,4,trailing,green,290.000000,-5.370370
T4_PC_pos+4,T4,PC,4,trailing,green,295.000000,-5.370370
T4_PC_pos+4,T4,PC,4,trailing,green,300.000000,-5.370370
T4_PC_pos+4,T4,PC,4,trailing,green,305.000000,-5.370370
T4_PC_pos+4,T4,PC,4,trailing,green,310.000000,-5.341435
T4_PC_pos+4,T4,PC,4,trailing,green,315.000000,-5.270544
T4_PC_pos+4,T4,PC,4,trailing,green,320.000000,-5.231481
T4_PC_pos+4,T4,PC,4,trailing,green,325.000000,-5.192419
T4_PC_pos+4,T4,PC,4,trailing,green,330.000000,-5.153356
T4_PC_pos+4,T4,PC,4,trailing,green,335.000000,-5.114294
T4_PC_pos+4,T4,PC,4,trailing,green,340.000000,-5.057870
T4_PC_pos+4,T4,PC,4,trailing,green,345.000000,-4.989873
T4_PC_pos+4,T4,PC,4,trailing,green,350.000000,-4.950810
T4_PC_pos+4,T4,PC,4,trailing,green,355.000000,-4.911748
T4_PC_pos+4,T4,PC,4,trailing,green,360.000000,-4.837963
T4_PC_pos+4,T4,PC,4,trailing,green,365.000000,-4.787326
T4_PC_pos+4,T4,PC,4,trailing,green,370.000000,-4.728009
T4_PC_pos+4,T4,PC,4,trailing,green,375.000000,-4.649884
T4_PC_pos+4,T4,PC,4,trailing,green,380.000000,-4.577546
T4_PC_pos+4,T4,PC,4,trailing,green,385.000000,-4.538484
T4_PC_pos+4,T4,PC,4,trailing,green,390.000000,-4.461806
T4_PC_pos+4,T4,PC,4,trailing,green,395.000000,-4.444444
T4_PC_pos+4,T4,PC,4,trailing,green,400.000000,-4.398148
T4_PC_pos+4,T4,PC,4,trailing,green,405.000000,-4.351852
T4_PC_pos+4,T4,PC,4,trailing,green,410.000000,-4.351852
T4_PC_pos+4,T4,PC,4,trailing,green,415.000000,-4.350405
T4_PC_pos+4,T4,PC,4,trailing,green,420.000000,-4.311343
T4_PC_pos+4,T4,PC,4,trailing,green,425.000000,-4.272280
T4_PC_pos+4,T4,PC,4,trailing,green,430.000000,-4.233218
T4_PC_pos+4,T4,PC,4,trailing,green,435.000000,-4.194155
T4_PC_pos+4,T4,PC,4,trailing,green,440.000000,-4.155093
T4_PC_pos+4,T4,PC,4,trailing,green,445.000000,-4.111690
T4_PC_pos+4,T4,PC,4,trailing,green,450.000000,-4.033565
T4_PC_pos+4,T4,PC,4,trailing,green,455.000000,-3.955440
T4_PC_pos+4,T4,PC,4,trailing,green,460.000000,-3.877315
T4_PC_pos+4,T4,PC,4,trailing,green,465.000000,-3.842593
T4_PC_pos+4,T4,PC,4,trailing,green,470.000000,-3.828125
T4_PC_pos+4,T4,PC,4,trailing,green,475.000000,-3.781829
T4_PC_pos+4,T4,PC,4,trailing,green,480.000000,-3.703704
T4_PC_pos+4,T4,PC,4,trailing,green,485.000000,-3.703704
T4_PC_pos+4,T4,PC,4,trailing,green,490.000000,-3.703704
T4_PC_pos+4,T4,PC,4,trailing,green,495.000000,-3.654514
T4_PC_pos+4,T4,PC,4,trailing,green,500.000000,-3.559028
T4_PC_pos+4,T4,PC,4,trailing,green,505.000000,-3.462095
T4_PC_pos+4,T4,PC,4,trailing,green,510.000000,-3.420139
T4_PC_pos+4,T4,PC,4,trailing,green,515.000000,-3.342014
T4_PC_pos+4,T4,PC,4,trailing,green,520.000000,-3.333333
T4_PC_pos+4,T4,PC,4,trailing,green,525.000000,-3.305845
T4_PC_pos+4,T4,PC,4,trailing,green,530.000000,-3.287037
T4_PC_pos+4,T4,PC,4,trailing,green,535.000000,-3.274016
T4_PC_pos+4,T4,PC,4,trailing,green,540.000000,-3.240741
T4_PC_pos+4,T4,PC,4,trailing,green,545.000000,-3.240741
T4_PC_pos+4,T4,PC,4,trailing,green,550.000000,-3.240741
T4_PC_pos+4,T4,PC,4,trailing,green,555.000000,-3.240741
T4_PC_pos+4,T4,PC,4,trailing,green,560.000000,-3.240741
T4_PC_pos+4,T4,PC,4,trailing,green,565.000000,-3.240741
T4_PC_pos+4,T4,PC,4,trailing,green,570.000000,-3.232060
T4_PC_pos+4,T4,PC,4,trailing,green,575.000000,-3.194444
T4_PC_pos+4,T4,PC,4,trailing,green,580.000000,-3.194444
T4_PC_pos+4,T4,PC,4,trailing,green,585.000000,-3.194444
T4_PC_pos+4,T4,PC,4,trailing,green,590.000000,-3.168403
T4_PC_pos+4,T4,PC,4,trailing,green,595.000000,-3.148148
T4_PC_pos+4,T4,PC,4,trailing,green,600.000000,-3.148148
T4_PC_pos+4,T4,PC,4,trailing,green,605.000000,-3.148148
T4_PC_pos+4,T4,PC,4,trailing,green,610.000000,-3.148148
T4_PC_pos+4,T4,PC,4,trailing,green,615.000000,-3.075810
T4_PC_pos+4,T4,PC,4,trailing,green,620.000000,-3.055556
T4_PC_pos+4,T4,PC,4,trailing,green,625.000000,-3.033854
T4_PC_pos+4,T4,PC,4,trailing,green,630.000000,-2.980324
T4_PC_pos+4,T4,PC,4,trailing,green,635.000000,-2.909433
T4_PC_pos+4,T4,PC,4,trailing,green,640.000000,-2.870370
T4_PC_pos+4,T4,PC,4,trailing,green,645.000000,-2.792245
T4_PC_pos+4,T4,PC,4,trailing,green,650.000000,-2.777778
T4_PC_pos+4,T4,PC,4,trailing,green,655.000000,-2.777778
T4_PC_pos+4,T4,PC,4,trailing,green,660.000000,-2.743056
T4_PC_pos+4,T4,PC,4,trailing,green,665.000000,-2.685185
T4_PC_pos+4,T4,PC,4,trailing,green,670.000000,-2.679398
T4_PC_pos+4,T4,PC,4,trailing,green,675.000000,-2.601273
T4_PC_pos+4,T4,PC,4,trailing,green,680.000000,-2.557870
T4_PC_pos+4,T4,PC,4,trailing,green,685.000000,-2.518808
T4_PC_pos+4,T4,PC,4,trailing,green,690.000000,-2.459491
T4_PC_pos+4,T4,PC,4,trailing,green,695.000000,-2.407407
T4_PC_pos+4,T4,PC,4,trailing,green,700.000000,-2.407407
T4_PC_pos+4,T4,PC,4,trailing,green,705.000000,-2.407407
T4_PC_pos+4,T4,PC,4,trailing,green,710.000000,-2.369792
T4_PC_pos+4,T4,PC,4,trailing,green,715.000000,-2.361111
T4_PC_pos+4,T4,PC,4,trailing,green,720.000000,-2.361111
T4_NC_pos+4,T4,NC,4,trailing,black,-355.000000,0.000000
T4_NC_pos+4,T4,NC,4,trailing,black,-350.000000,0.000000
T4_NC_pos+4,T4,NC,4,trailing,black,-345.000000,0.000000
T4_NC_pos+4,T4,NC,4,trailing,black,-340.000000,0.000000
T4_NC_pos+4,T4,NC,4,trailing,black,-335.000000,0.000000
T4_NC_pos+4,T4,NC,4,trailing,black,-330.000000,0.000000
T4_NC_pos+4,T4,NC,4,trailing,black,-325.000000,0.000000
T4_NC_pos+4,T4,NC,4,trailing,black,-320.000000,0.000000
T4_NC_pos+4,T4,NC,4,trailing,black,-315.000000,0.000000
T4_NC_pos+4,T4,NC,4,trailing,black,-310.000000,0.000000
T4_NC_pos+4,T4,NC,4,trailing,black,-305.000000,0.000000
T4_NC_pos+4,T4,NC,4,trailing,black,-300.000000,0.000000
T4_NC_pos+4,T4,NC,4,trailing,black,-295.000000,0.000000
T4_NC_pos+4,T4,NC,4,trailing,black,-290.000000,0.000000
T4_NC_pos+4,T4,NC,4,trailing,black,-285.000000,0.000000
T4_NC_pos+4,T4,NC,4,trailing,black,-280.000000,0.000000
T4_NC_pos+4,T4,NC,4,trailing,black,-275.000000,0.000000
T4_NC_pos+4,T4,NC,4,trailing,black,-270.000000,0.000000
T4_NC_pos+4,T4,NC,4,trailing,black,-265.000000,0.000000
T4_NC_pos+4,T4,NC,4,trailing,black,-260.000000,0.000000
T4_NC_pos+4,T4,NC,4,trailing,black,-255.000000,0.000000
T4_NC_pos+4,T4,NC,4,trailing,black,-250.000000,0.000000
T4_NC_pos+4,T4,NC,4,trailing,black,-245.000000,0.000000
T4_NC_pos+4,T4,NC,4,trailing,black,-240.000000,0.000000
T4_NC_pos+4,T4,NC,4,trailing,black,-235.000000,0.000000
T4_NC_pos+4,T4,NC,4,trailing,black,-230.000000,0.000000
T4_NC_pos+4,T4,NC,4,trailing,black,-225.000000,0.000000
T4_NC_pos+4,T4,NC,4,trailing,black,-220.000000,0.000000
T4_NC_pos+4,T4,NC,4,trailing,black,-215.000000,0.000000
T4_NC_pos+4,T4,NC,4,trailing,black,-210.000000,0.156250
T4_NC_pos+4,T4,NC,4,trailing,black,-205.000000,0.258970
T4_NC_pos+4,T4,NC,4,trailing,black,-200.000000,0.219907
T4_NC_pos+4,T4,NC,4,trailing,black,-195.000000,0.180845
T4_NC_pos+4,T4,NC,4,trailing,black,-190.000000,0.141782
T4_NC_pos+4,T4,NC,4,trailing,black,-185.000000,0.066551
T4_NC_pos+4,T4,NC,4,trailing,black,-180.000000,0.046296
T4_NC_pos+4,T4,NC,4,trailing,black,-175.000000,0.046296
T4_NC_pos+4,T4,NC,4,trailing,black,-170.000000,0.031829
T4_NC_pos+4,T4,NC,4,trailing,black,-165.000000,-0.007234
T4_NC_pos+4,T4,NC,4,trailing,black,-160.000000,-0.046296
T4_NC_pos+4,T4,NC,4,trailing,black,-155.000000,-0.046296
T4_NC_pos+4,T4,NC,4,trailing,black,-150.000000,-0.078125
T4_NC_pos+4,T4,NC,4,trailing,black,-145.000000,-0.092593
T4_NC_pos+4,T4,NC,4,trailing,black,-140.000000,-0.109954
T4_NC_pos+4,T4,NC,4,trailing,black,-135.000000,-0.159144
T4_NC_pos+4,T4,NC,4,trailing,black,-130.000000,-0.234375
T4_NC_pos+4,T4,NC,4,trailing,black,-125.000000,-0.273437
T4_NC_pos+4,T4,NC,4,trailing,black,-120.000000,-0.347222
T4_NC_pos+4,T4,NC,4,trailing,black,-115.000000,-0.425347
T4_NC_pos+4,T4,NC,4,trailing,black,-110.000000,-0.462963
T4_NC_pos+4,T4,NC,4,trailing,black,-105.000000,-0.462963
T4_NC_pos+4,T4,NC,4,trailing,black,-100.000000,-0.457176
T4_NC_pos+4,T4,NC,4,trailing,black,-95.000000,-0.418113
T4_NC_pos+4,T4,NC,4,trailing,black,-90.000000,-0.303819
T4_NC_pos+4,T4,NC,4,trailing,black,-85.000000,-0.247396
T4_NC_pos+4,T4,NC,4,trailing,black,-80.000000,-0.185185
T4_NC_pos+4,T4,NC,4,trailing,black,-75.000000,-0.107060
T4_NC_pos+4,T4,NC,4,trailing,black,-70.000000,-0.037616
T4_NC_pos+4,T4,NC,4,trailing,black,-65.000000,0.002894
T4_NC_pos+4,T4,NC,4,trailing,black,-60.000000,0.081019
T4_NC_pos+4,T4,NC,4,trailing,black,-55.000000,0.125868
T4_NC_pos+4,T4,NC,4,trailing,black,-50.000000,0.190972
T4_NC_pos+4,T4,NC,4,trailing,black,-45.000000,0.231481
T4_NC_pos+4,T4,NC,4,trailing,black,-40.000000,0.231481
T4_NC_pos+4,T4,NC,4,trailing,black,-35.000000,0.231481
T4_NC_pos+4,T4,NC,4,trailing,black,-30.000000,0.231481
T4_NC_pos+4,T4,NC,4,trailing,black,-25.000000,0.195312
T4_NC_pos+4,T4,NC,4,trailing,black,-20.000000,0.185185
T4_NC_pos+4,T4,NC,4,trailing,black,-15.000000,0.185185
T4_NC_pos+4,T4,NC,4,trailing,black,-10.000000,0.156250
T4_NC_pos+4,T4,NC,4,trailing,black,-5.000000,0.092593
T4_NC_pos+4,T4,NC,4,trailing,black,0.000000,0.092593
T4_NC_pos+4,T4,NC,4,trailing,black,5.000000,0.092593
T4_NC_pos+4,T4,NC,4,trailing,black,10.000000,0.060764
T4_NC_pos+4,T4,NC,4,trailing,black,15.000000,-0.002894
T4_NC_pos+4,T4,NC,4,trailing,black,20.000000,-0.063657
T4_NC_pos+4,T4,NC,4,trailing,black,25.000000,-0.122975
T4_NC_pos+4,T4,NC,4,trailing,black,30.000000,-0.237269
T4_NC_pos+4,T4,NC,4,trailing,black,35.000000,-0.315394
T4_NC_pos+4,T4,NC,4,trailing,black,40.000000,-0.324074
T4_NC_pos+4,T4,NC,4,trailing,black,45.000000,-0.324074
T4_NC_pos+4,T4,NC,4,trailing,black,50.000000,-0.263310
T4_NC_pos+4,T4,NC,4,trailing,black,55.000000,-0.146123
T4_NC_pos+4,T4,NC,4,trailing,black,60.000000,-0.028935
T4_NC_pos+4,T4,NC,4,trailing,black,65.000000,0.088252
T4_NC_pos+4,T4,NC,4,trailing,black,70.000000,0.280671
T4_NC_pos+4,T4,NC,4,trailing,black,75.000000,0.415220
T4_NC_pos+4,T4,NC,4,trailing,black,80.000000,0.578704
T4_NC_pos+4,T4,NC,4,trailing,black,85.000000,0.774016
T4_NC_pos+4,T4,NC,4,trailing,black,90.000000,0.951968
T4_NC_pos+4,T4,NC,4,trailing,black,95.000000,1.072049
T4_NC_pos+4,T4,NC,4,trailing,black,100.000000,1.267361
T4_NC_pos+4,T4,NC,4,trailing,black,105.000000,1.562500
T4_NC_pos+4,T4,NC,4,trailing,black,110.000000,1.822917
T4_NC_pos+4,T4,NC,4,trailing,black,115.000000,2.057292
T4_NC_pos+4,T4,NC,4,trailing,black,120.000000,2.291667
T4_NC_pos+4,T4,NC,4,trailing,black,125.000000,2.526042
T4_NC_pos+4,T4,NC,4,trailing,black,130.000000,2.760417
T4_NC_pos+4,T4,NC,4,trailing,black,135.000000,2.994792
T4_NC_pos+4,T4,NC,4,trailing,black,140.000000,3.229167
T4_NC_pos+4,T4,NC,4,trailing,black,145.000000,3.506944
T4_NC_pos+4,T4,NC,4,trailing,black,150.000000,3.804977
T4_NC_pos+4,T4,NC,4,trailing,black,155.000000,4.078414
T4_NC_pos+4,T4,NC,4,trailing,black,160.000000,4.351852
T4_NC_pos+4,T4,NC,4,trailing,black,165.000000,4.664352
T4_NC_pos+4,T4,NC,4,trailing,black,170.000000,4.913194
T4_NC_pos+4,T4,NC,4,trailing,black,175.000000,5.122975
T4_NC_pos+4,T4,NC,4,trailing,black,180.000000,5.300926
T4_NC_pos+4,T4,NC,4,trailing,black,185.000000,5.457176
T4_NC_pos+4,T4,NC,4,trailing,black,190.000000,5.607639
T4_NC_pos+4,T4,NC,4,trailing,black,195.000000,5.685764
T4_NC_pos+4,T4,NC,4,trailing,black,200.000000,5.694444
T4_NC_pos+4,T4,NC,4,trailing,black,205.000000,5.694444
T4_NC_pos+4,T4,NC,4,trailing,black,210.000000,5.653935
T4_NC_pos+4,T4,NC,4,trailing,black,215.000000,5.562789
T4_NC_pos+4,T4,NC,4,trailing,black,220.000000,5.451389
T4_NC_pos+4,T4,NC,4,trailing,black,225.000000,5.373264
T4_NC_pos+4,T4,NC,4,trailing,black,230.000000,5.295139
T4_NC_pos+4,T4,NC,4,trailing,black,235.000000,5.277778
T4_NC_pos+4,T4,NC,4,trailing,black,240.000000,5.277778
T4_NC_pos+4,T4,NC,4,trailing,black,245.000000,5.261863
T4_NC_pos+4,T4,NC,4,trailing,black,250.000000,5.222801
T4_NC_pos+4,T4,NC,4,trailing,black,255.000000,5.185185
T4_NC_pos+4,T4,NC,4,trailing,black,260.000000,5.185185
T4_NC_pos+4,T4,NC,4,trailing,black,265.000000,5.218461
T4_NC_pos+4,T4,NC,4,trailing,black,270.000000,5.231481
T4_NC_pos+4,T4,NC,4,trailing,black,275.000000,5.231481
T4_NC_pos+4,T4,NC,4,trailing,black,280.000000,5.219907
T4_NC_pos+4,T4,NC,4,trailing,black,285.000000,5.180845
T4_NC_pos+4,T4,NC,4,trailing,black,290.000000,5.141782
T4_NC_pos+4,T4,NC,4,trailing,black,295.000000,5.138889
T4_NC_pos+4,T4,NC,4,trailing,black,300.000000,5.167824
T4_NC_pos+4,T4,NC,4,trailing,black,305.000000,5.185185
T4_NC_pos+4,T4,NC,4,trailing,black,310.000000,5.156250
T4_NC_pos+4,T4,NC,4,trailing,black,315.000000,5.078125
T4_NC_pos+4,T4,NC,4,trailing,black,320.000000,5.000000
T4_NC_pos+4,T4,NC,4,trailing,black,325.000000,4.843750
T4_NC_pos+4,T4,NC,4,trailing,black,330.000000,4.751157
T4_NC_pos+4,T4,NC,4,trailing,black,335.000000,4.673032
T4_NC_pos+4,T4,NC,4,trailing,black,340.000000,4.577546
T4_NC_pos+4,T4,NC,4,trailing,black,345.000000,4.470486
T4_NC_pos+4,T4,NC,4,trailing,black,350.000000,4.389468
T4_NC_pos+4,T4,NC,4,trailing,black,355.000000,4.272280
T4_NC_pos+4,T4,NC,4,trailing,black,360.000000,4.189815
T4_NC_pos+4,T4,NC,4,trailing,black,365.000000,4.139178
T4_NC_pos+4,T4,NC,4,trailing,black,370.000000,4.079861
T4_NC_pos+4,T4,NC,4,trailing,black,375.000000,3.988715
T4_NC_pos+4,T4,NC,4,trailing,black,380.000000,3.883102
T4_NC_pos+4,T4,NC,4,trailing,black,385.000000,3.844039
T4_NC_pos+4,T4,NC,4,trailing,black,390.000000,3.729745
T4_NC_pos+4,T4,NC,4,trailing,black,395.000000,3.642940
T4_NC_pos+4,T4,NC,4,trailing,black,400.000000,3.564815
T4_NC_pos+4,T4,NC,4,trailing,black,405.000000,3.502604
T4_NC_pos+4,T4,NC,4,trailing,black,410.000000,3.472222
T4_NC_pos+4,T4,NC,4,trailing,black,415.000000,3.469329
T4_NC_pos+4,T4,NC,4,trailing,black,420.000000,3.391204
T4_NC_pos+4,T4,NC,4,trailing,black,425.000000,3.279803
T4_NC_pos+4,T4,NC,4,trailing,black,430.000000,3.188657
T4_NC_pos+4,T4,NC,4,trailing,black,435.000000,3.129340
T4_NC_pos+4,T4,NC,4,trailing,black,440.000000,3.090278
T4_NC_pos+4,T4,NC,4,trailing,black,445.000000,3.051215
T4_NC_pos+4,T4,NC,4,trailing,black,450.000000,3.012153
T4_NC_pos+4,T4,NC,4,trailing,black,455.000000,3.009259
T4_NC_pos+4,T4,NC,4,trailing,black,460.000000,2.980324
T4_NC_pos+4,T4,NC,4,trailing,black,465.000000,2.897859
T4_NC_pos+4,T4,NC,4,trailing,black,470.000000,2.824074
T4_NC_pos+4,T4,NC,4,trailing,black,475.000000,2.809606
T4_NC_pos+4,T4,NC,4,trailing,black,480.000000,2.731481
T4_NC_pos+4,T4,NC,4,trailing,black,485.000000,2.614294
T4_NC_pos+4,T4,NC,4,trailing,black,490.000000,2.528935
T4_NC_pos+4,T4,NC,4,trailing,black,495.000000,2.450810
T4_NC_pos+4,T4,NC,4,trailing,black,500.000000,2.372685
T4_NC_pos+4,T4,NC,4,trailing,black,505.000000,2.314815
T4_NC_pos+4,T4,NC,4,trailing,black,510.000000,2.309028
T4_NC_pos+4,T4,NC,4,trailing,black,515.000000,2.230903
T4_NC_pos+4,T4,NC,4,trailing,black,520.000000,2.118056
T4_NC_pos+4,T4,NC,4,trailing,black,525.000000,1.973380
T4_NC_pos+4,T4,NC,4,trailing,black,530.000000,1.837384
T4_NC_pos+4,T4,NC,4,trailing,black,535.000000,1.720197
T4_NC_pos+4,T4,NC,4,trailing,black,540.000000,1.603009
T4_NC_pos+4,T4,NC,4,trailing,black,545.000000,1.485822
T4_NC_pos+4,T4,NC,4,trailing,black,550.000000,1.443866
T4_NC_pos+4,T4,NC,4,trailing,black,555.000000,1.435185
T4_NC_pos+4,T4,NC,4,trailing,black,560.000000,1.435185
T4_NC_pos+4,T4,NC,4,trailing,black,565.000000,1.403356
T4_NC_pos+4,T4,NC,4,trailing,black,570.000000,1.325231
T4_NC_pos+4,T4,NC,4,trailing,black,575.000000,1.250000
T4_NC_pos+4,T4,NC,4,trailing,black,580.000000,1.250000
T4_NC_pos+4,T4,NC,4,trailing,black,585.000000,1.250000
T4_NC_pos+4,T4,NC,4,trailing,black,590.000000,1.250000
T4_NC_pos+4,T4,NC,4,trailing,black,595.000000,1.212384
T4_NC_pos+4,T4,NC,4,trailing,black,600.000000,1.145833
T4_NC_pos+4,T4,NC,4,trailing,black,605.000000,1.098090
T4_NC_pos+4,T4,NC,4,trailing,black,610.000000,0.980903
T4_NC_pos+4,T4,NC,4,trailing,black,615.000000,0.863715
T4_NC_pos+4,T4,NC,4,trailing,black,620.000000,0.775463
T4_NC_pos+4,T4,NC,4,trailing,black,625.000000,0.740741
T4_NC_pos+4,T4,NC,4,trailing,black,630.000000,0.740741
T4_NC_pos+4,T4,NC,4,trailing,black,635.000000,0.740741
T4_NC_pos+4,T4,NC,4,trailing,black,640.000000,0.740741
T4_NC_pos+4,T4,NC,4,trailing,black,645.000000,0.662616
T4_NC_pos+4,T4,NC,4,trailing,black,650.000000,0.552662
T4_NC_pos+4,T4,NC,4,trailing,black,655.000000,0.435475
T4_NC_pos+4,T4,NC,4,trailing,black,660.000000,0.318287
T4_NC_pos+4,T4,NC,4,trailing,black,665.000000,0.221354
T4_NC_pos+4,T4,NC,4,trailing,black,670.000000,0.182292
T4_NC_pos+4,T4,NC,4,trailing,black,675.000000,0.143229
T4_NC_pos+4,T4,NC,4,trailing,black,680.000000,0.138889
T4_NC_pos+4,T4,NC,4,trailing,black,685.000000,0.138889
T4_NC_pos+4,T4,NC,4,trailing,black,690.000000,0.098380
T4_NC_pos+4,T4,NC,4,trailing,black,695.000000,0.033275
T4_NC_pos+4,T4,NC,4,trailing,black,700.000000,-0.005787
T4_NC_pos+4,T4,NC,4,trailing,black,705.000000,-0.044850
T4_NC_pos+4,T4,NC,4,trailing,black,710.000000,-0.046296
T4_NC_pos+4,T4,NC,4,trailing,black,715.000000,-0.046296
T4_PC_pos+5,T4,PC,5,trailing,green,-355.000000,0.000000
T4_PC_pos+5,T4,PC,5,trailing,green,-350.000000,0.000000
T4_PC_pos+5,T4,PC,5,trailing,green,-345.000000,0.000000
T4_PC_pos+5,T4,PC,5,trailing,green,-340.000000,0.000000
T4_PC_pos+5,T4,PC,5,trailing,green,-335.000000,0.000000
T4_PC_pos+5,T4,PC,5,trailing,green,-330.000000,0.000000
T4_PC_pos+5,T4,PC,5,trailing,green,-325.000000,0.000000
T4_PC_pos+5,T4,PC,5,trailing,green,-320.000000,0.000000
T4_PC_pos+5,T4,PC,5,trailing,green,-315.000000,0.000000
T4_PC_pos+5,T4,PC,5,trailing,green,-310.000000,0.000000
T4_PC_pos+5,T4,PC,5,trailing,green,-305.000000,0.000000
T4_PC_pos+5,T4,PC,5,trailing,green,-300.000000,0.000000
T4_PC_pos+5,T4,PC,5,trailing,green,-295.000000,0.000000
T4_PC_pos+5,T4,PC,5,trailing,green,-290.000000,0.000000
T4_PC_pos+5,T4,PC,5,trailing,green,-285.000000,0.000000
T4_PC_pos+5,T4,PC,5,trailing,green,-280.000000,0.000000
T4_PC_pos+5,T4,PC,5,trailing,green,-275.000000,0.000000
T4_PC_pos+5,T4,PC,5,trailing,green,-270.000000,0.000000
T4_PC_pos+5,T4,PC,5,trailing,green,-265.000000,0.000000
T4_PC_pos+5,T4,PC,5,trailing,green,-260.000000,0.000000
T4_PC_pos+5,T4,PC,5,trailing,green,-255.000000,0.000000
T4_PC_pos+5,T4,PC,5,trailing,green,-250.000000,0.000000
T4_PC_pos+5,T4,PC,5,trailing,green,-245.000000,0.000000
T4_PC_pos+5,T4,PC,5,trailing,green,-240.000000,0.000000
T4_PC_pos+5,T4,PC,5,trailing,green,-235.000000,0.000000
T4_PC_pos+5,T4,PC,5,trailing,green,-230.000000,0.000000
T4_PC_pos+5,T4,PC,5,trailing,green,-225.000000,0.000000
T4_PC_pos+5,T4,PC,5,trailing,green,-220.000000,0.000000
T4_PC_pos+5,T4,PC,5,trailing,green,-215.000000,0.166377
T4_PC_pos+5,T4,PC,5,trailing,green,-210.000000,0.179398
T4_PC_pos+5,T4,PC,5,trailing,green,-205.000000,0.138889
T4_PC_pos+5,T4,PC,5,trailing,green,-200.000000,0.138889
T4_PC_pos+5,T4,PC,5,trailing,green,-195.000000,0.147569
T4_PC_pos+5,T4,PC,5,trailing,green,-190.000000,0.225694
T4_PC_pos+5,T4,PC,5,trailing,green,-185.000000,0.303819
T4_PC_pos+5,T4,PC,5,trailing,green,-180.000000,0.324074
T4_PC_pos+5,T4,PC,5,trailing,green,-175.000000,0.302373
T4_PC_pos+5,T4,PC,5,trailing,green,-170.000000,0.263310
T4_PC_pos+5,T4,PC,5,trailing,green,-165.000000,0.217014
T4_PC_pos+5,T4,PC,5,trailing,green,-160.000000,0.138889
T4_PC_pos+5,T4,PC,5,trailing,green,-155.000000,0.099826
T4_PC_pos+5,T4,PC,5,trailing,green,-150.000000,0.028935
T4_PC_pos+5,T4,PC,5,trailing,green,-145.000000,0.000000
T4_PC_pos+5,T4,PC,5,trailing,green,-140.000000,-0.006510
T4_PC_pos+5,T4,PC,5,trailing,green,-135.000000,-0.021159
T4_PC_pos+5,T4,PC,5,trailing,green,-130.000000,-0.035807
T4_PC_pos+5,T4,PC,5,trailing,green,-125.000000,-0.050456
T4_PC_pos+5,T4,PC,5,trailing,green,-120.000000,-0.065104
T4_PC_pos+5,T4,PC,5,trailing,green,-115.000000,-0.079753
T4_PC_pos+5,T4,PC,5,trailing,green,-110.000000,-0.094401
T4_PC_pos+5,T4,PC,5,trailing,green,-105.000000,-0.109049
T4_PC_pos+5,T4,PC,5,trailing,green,-100.000000,-0.123698
T4_PC_pos+5,T4,PC,5,trailing,green,-95.000000,-0.138346
T4_PC_pos+5,T4,PC,5,trailing,green,-90.000000,-0.163966
T4_PC_pos+5,T4,PC,5,trailing,green,-85.000000,-0.190008
T4_PC_pos+5,T4,PC,5,trailing,green,-80.000000,-0.216049
T4_PC_pos+5,T4,PC,5,trailing,green,-75.000000,-0.247396
T4_PC_pos+5,T4,PC,5,trailing,green,-70.000000,-0.277778
T4_PC_pos+5,T4,PC,5,trailing,green,-65.000000,-0.277778
T4_PC_pos+5,T4,PC,5,trailing,green,-60.000000,-0.277778
T4_PC_pos+5,T4,PC,5,trailing,green,-55.000000,-0.277778
T4_PC_pos+5,T4,PC,5,trailing,green,-50.000000,-0.277778
T4_PC_pos+5,T4,PC,5,trailing,green,-45.000000,-0.258970
T4_PC_pos+5,T4,PC,5,trailing,green,-40.000000,-0.219907
T4_PC_pos+5,T4,PC,5,trailing,green,-35.000000,-0.185185
T4_PC_pos+5,T4,PC,5,trailing,green,-30.000000,-0.185185
T4_PC_pos+5,T4,PC,5,trailing,green,-25.000000,-0.139974
T4_PC_pos+5,T4,PC,5,trailing,green,-20.000000,-0.091146
T4_PC_pos+5,T4,PC,5,trailing,green,-15.000000,-0.042318
T4_PC_pos+5,T4,PC,5,trailing,green,-10.000000,0.006510
T4_PC_pos+5,T4,PC,5,trailing,green,-5.000000,0.046296
T4_PC_pos+5,T4,PC,5,trailing,green,0.000000,0.046296
T4_PC_pos+5,T4,PC,5,trailing,green,5.000000,0.007234
T4_PC_pos+5,T4,PC,5,trailing,green,10.000000,0.000000
T4_PC_pos+5,T4,PC,5,trailing,green,15.000000,0.000000
T4_PC_pos+5,T4,PC,5,trailing,green,20.000000,0.000000
T4_PC_pos+5,T4,PC,5,trailing,green,25.000000,0.131655
T4_PC_pos+5,T4,PC,5,trailing,green,30.000000,0.636574
T4_PC_pos+5,T4,PC,5,trailing,green,35.000000,1.105324
T4_PC_pos+5,T4,PC,5,trailing,green,40.000000,1.400463
T4_PC_pos+5,T4,PC,5,trailing,green,45.000000,1.481481
T4_PC_pos+5,T4,PC,5,trailing,green,50.000000,1.481481
T4_PC_pos+5,T4,PC,5,trailing,green,55.000000,1.455440
T4_PC_pos+5,T4,PC,5,trailing,green,60.000000,1.284722
T4_PC_pos+5,T4,PC,5,trailing,green,65.000000,0.581597
T4_PC_pos+5,T4,PC,5,trailing,green,70.000000,0.367477
T4_PC_pos+5,T4,PC,5,trailing,green,75.000000,0.050637
T4_PC_pos+5,T4,PC,5,trailing,green,80.000000,-0.254630
T4_PC_pos+5,T4,PC,5,trailing,green,85.000000,-0.512153
T4_PC_pos+5,T4,PC,5,trailing,green,90.000000,-0.755208
T4_PC_pos+5,T4,PC,5,trailing,green,95.000000,-1.027199
T4_PC_pos+5,T4,PC,5,trailing,green,100.000000,-1.261574
T4_PC_pos+5,T4,PC,5,trailing,green,105.000000,-1.495949
T4_PC_pos+5,T4,PC,5,trailing,green,110.000000,-1.704282
T4_PC_pos+5,T4,PC,5,trailing,green,115.000000,-1.899595
T4_PC_pos+5,T4,PC,5,trailing,green,120.000000,-2.071759
T4_PC_pos+5,T4,PC,5,trailing,green,125.000000,-2.193287
T4_PC_pos+5,T4,PC,5,trailing,green,130.000000,-2.349537
T4_PC_pos+5,T4,PC,5,trailing,green,135.000000,-2.496745
T4_PC_pos+5,T4,PC,5,trailing,green,140.000000,-2.643229
T4_PC_pos+5,T4,PC,5,trailing,green,145.000000,-2.789714
T4_PC_pos+5,T4,PC,5,trailing,green,150.000000,-2.936198
T4_PC_pos+5,T4,PC,5,trailing,green,155.000000,-3.084491
T4_PC_pos+5,T4,PC,5,trailing,green,160.000000,-3.240741
T4_PC_pos+5,T4,PC,5,trailing,green,165.000000,-3.396991
T4_PC_pos+5,T4,PC,5,trailing,green,170.000000,-3.521412
T4_PC_pos+5,T4,PC,5,trailing,green,175.000000,-3.663194
T4_PC_pos+5,T4,PC,5,trailing,green,180.000000,-3.784722
T4_PC_pos+5,T4,PC,5,trailing,green,185.000000,-3.872975
T4_PC_pos+5,T4,PC,5,trailing,green,190.000000,-3.990162
T4_PC_pos+5,T4,PC,5,trailing,green,195.000000,-4.107350
T4_PC_pos+5,T4,PC,5,trailing,green,200.000000,-4.189815
T4_PC_pos+5,T4,PC,5,trailing,green,205.000000,-4.295428
T4_PC_pos+5,T4,PC,5,trailing,green,210.000000,-4.412616
T4_PC_pos+5,T4,PC,5,trailing,green,215.000000,-4.516782
T4_PC_pos+5,T4,PC,5,trailing,green,220.000000,-4.594907
T4_PC_pos+5,T4,PC,5,trailing,green,225.000000,-4.673032
T4_PC_pos+5,T4,PC,5,trailing,green,230.000000,-4.751157
T4_PC_pos+5,T4,PC,5,trailing,green,235.000000,-4.829282
T4_PC_pos+5,T4,PC,5,trailing,green,240.000000,-4.884259
T4_PC_pos+5,T4,PC,5,trailing,green,245.000000,-4.923322
T4_PC_pos+5,T4,PC,5,trailing,green,250.000000,-4.971065
T4_PC_pos+5,T4,PC,5,trailing,green,255.000000,-5.046296
T4_PC_pos+5,T4,PC,5,trailing,green,260.000000,-5.046296
T4_PC_pos+5,T4,PC,5,trailing,green,265.000000,-5.112847
T4_PC_pos+5,T4,PC,5,trailing,green,270.000000,-5.138889
T4_PC_pos+5,T4,PC,5,trailing,green,275.000000,-5.120081
T4_PC_pos+5,T4,PC,5,trailing,green,280.000000,-5.081019
T4_PC_pos+5,T4,PC,5,trailing,green,285.000000,-5.046296
T4_PC_pos+5,T4,PC,5,trailing,green,290.000000,-5.046296
T4_PC_pos+5,T4,PC,5,trailing,green,295.000000,-5.010127
T4_PC_pos+5,T4,PC,5,trailing,green,300.000000,-4.971065
T4_PC_pos+5,T4,PC,5,trailing,green,305.000000,-4.910301
T4_PC_pos+5,T4,PC,5,trailing,green,310.000000,-4.861111
T4_PC_pos+5,T4,PC,5,trailing,green,315.000000,-4.846644
T4_PC_pos+5,T4,PC,5,trailing,green,320.000000,-4.768519
T4_PC_pos+5,T4,PC,5,trailing,green,325.000000,-4.729456
T4_PC_pos+5,T4,PC,5,trailing,green,330.000000,-4.658565
T4_PC_pos+5,T4,PC,5,trailing,green,335.000000,-4.629630
T4_PC_pos+5,T4,PC,5,trailing,green,340.000000,-4.594907
T4_PC_pos+5,T4,PC,5,trailing,green,345.000000,-4.526910
T4_PC_pos+5,T4,PC,5,trailing,green,350.000000,-4.487847
T4_PC_pos+5,T4,PC,5,trailing,green,355.000000,-4.448785
T4_PC_pos+5,T4,PC,5,trailing,green,360.000000,-4.375000
T4_PC_pos+5,T4,PC,5,trailing,green,365.000000,-4.296875
T4_PC_pos+5,T4,PC,5,trailing,green,370.000000,-4.239005
T4_PC_pos+5,T4,PC,5,trailing,green,375.000000,-4.186921
T4_PC_pos+5,T4,PC,5,trailing,green,380.000000,-4.114583
T4_PC_pos+5,T4,PC,5,trailing,green,385.000000,-4.075521
T4_PC_pos+5,T4,PC,5,trailing,green,390.000000,-3.998843
T4_PC_pos+5,T4,PC,5,trailing,green,395.000000,-3.890336
T4_PC_pos+5,T4,PC,5,trailing,green,400.000000,-3.796296
T4_PC_pos+5,T4,PC,5,trailing,green,405.000000,-3.702257
T4_PC_pos+5,T4,PC,5,trailing,green,410.000000,-3.602431
T4_PC_pos+5,T4,PC,5,trailing,green,415.000000,-3.563368
T4_PC_pos+5,T4,PC,5,trailing,green,420.000000,-3.524306
T4_PC_pos+5,T4,PC,5,trailing,green,425.000000,-3.485243
T4_PC_pos+5,T4,PC,5,trailing,green,430.000000,-3.420139
T4_PC_pos+5,T4,PC,5,trailing,green,435.000000,-3.323206
T4_PC_pos+5,T4,PC,5,trailing,green,440.000000,-3.217593
T4_PC_pos+5,T4,PC,5,trailing,green,445.000000,-3.148148
T4_PC_pos+5,T4,PC,5,trailing,green,450.000000,-3.148148
T4_PC_pos+5,T4,PC,5,trailing,green,455.000000,-3.148148
T4_PC_pos+5,T4,PC,5,trailing,green,460.000000,-3.119213
T4_PC_pos+5,T4,PC,5,trailing,green,465.000000,-3.101852
T4_PC_pos+5,T4,PC,5,trailing,green,470.000000,-3.087384
T4_PC_pos+5,T4,PC,5,trailing,green,475.000000,-3.055556
T4_PC_pos+5,T4,PC,5,trailing,green,480.000000,-3.055556
T4_PC_pos+5,T4,PC,5,trailing,green,485.000000,-3.016493
T4_PC_pos+5,T4,PC,5,trailing,green,490.000000,-2.945602
T4_PC_pos+5,T4,PC,5,trailing,green,495.000000,-2.867477
T4_PC_pos+5,T4,PC,5,trailing,green,500.000000,-2.754630
T4_PC_pos+5,T4,PC,5,trailing,green,505.000000,-2.628762
T4_PC_pos+5,T4,PC,5,trailing,green,510.000000,-2.592593
T4_PC_pos+5,T4,PC,5,trailing,green,515.000000,-2.592593
T4_PC_pos+5,T4,PC,5,trailing,green,520.000000,-2.627315
T4_PC_pos+5,T4,PC,5,trailing,green,525.000000,-2.638889
T4_PC_pos+5,T4,PC,5,trailing,green,530.000000,-2.618634
T4_PC_pos+5,T4,PC,5,trailing,green,535.000000,-2.592593
T4_PC_pos+5,T4,PC,5,trailing,green,540.000000,-2.575231
T4_PC_pos+5,T4,PC,5,trailing,green,545.000000,-2.458044
T4_PC_pos+5,T4,PC,5,trailing,green,550.000000,-2.340856
T4_PC_pos+5,T4,PC,5,trailing,green,555.000000,-2.284433
T4_PC_pos+5,T4,PC,5,trailing,green,560.000000,-2.245370
T4_PC_pos+5,T4,PC,5,trailing,green,565.000000,-2.206308
T4_PC_pos+5,T4,PC,5,trailing,green,570.000000,-2.175926
T4_PC_pos+5,T4,PC,5,trailing,green,575.000000,-2.174479
T4_PC_pos+5,T4,PC,5,trailing,green,580.000000,-2.135417
T4_PC_pos+5,T4,PC,5,trailing,green,585.000000,-2.063079
T4_PC_pos+5,T4,PC,5,trailing,green,590.000000,-2.010995
T4_PC_pos+5,T4,PC,5,trailing,green,595.000000,-1.915509
T4_PC_pos+5,T4,PC,5,trailing,green,600.000000,-1.782407
T4_PC_pos+5,T4,PC,5,trailing,green,605.000000,-1.704282
T4_PC_pos+5,T4,PC,5,trailing,green,610.000000,-1.626157
T4_PC_pos+5,T4,PC,5,trailing,green,615.000000,-1.620370
T4_PC_pos+5,T4,PC,5,trailing,green,620.000000,-1.562500
T4_PC_pos+5,T4,PC,5,trailing,green,625.000000,-1.506076
T4_PC_pos+5,T4,PC,5,trailing,green,630.000000,-1.481481
T4_PC_pos+5,T4,PC,5,trailing,green,635.000000,-1.474248
T4_PC_pos+5,T4,PC,5,trailing,green,640.000000,-1.435185
T4_PC_pos+5,T4,PC,5,trailing,green,645.000000,-1.435185
T4_PC_pos+5,T4,PC,5,trailing,green,650.000000,-1.403356
T4_PC_pos+5,T4,PC,5,trailing,green,655.000000,-1.364294
T4_PC_pos+5,T4,PC,5,trailing,green,660.000000,-1.342593
T4_PC_pos+5,T4,PC,5,trailing,green,665.000000,-1.342593
T4_PC_pos+5,T4,PC,5,trailing,green,670.000000,-1.339699
T4_PC_pos+5,T4,PC,5,trailing,green,675.000000,-1.300637
T4_PC_pos+5,T4,PC,5,trailing,green,680.000000,-1.261574
T4_PC_pos+5,T4,PC,5,trailing,green,685.000000,-1.250000
T4_PC_pos+5,T4,PC,5,trailing,green,690.000000,-1.290509
T4_PC_pos+5,T4,PC,5,trailing,green,695.000000,-1.355613
T4_PC_pos+5,T4,PC,5,trailing,green,700.000000,-1.388889
T4_PC_pos+5,T4,PC,5,trailing,green,705.000000,-1.388889
T4_PC_pos+5,T4,PC,5,trailing,green,710.000000,-1.351273
T4_PC_pos+5,T4,PC,5,trailing,green,715.000000,-1.342593
T4_NC_pos+5,T4,NC,5,trailing,black,-355.000000,0.000000
T4_NC_pos+5,T4,NC,5,trailing,black,-350.000000,0.000000
T4_NC_pos+5,T4,NC,5,trailing,black,-345.000000,0.000000
T4_NC_pos+5,T4,NC,5,trailing,black,-340.000000,0.000000
T4_NC_pos+5,T4,NC,5,trailing,black,-335.000000,0.000000
T4_NC_pos+5,T4,NC,5,trailing,black,-330.000000,0.000000
T4_NC_pos+5,T4,NC,5,trailing,black,-325.000000,0.000000
T4_NC_pos+5,T4,NC,5,trailing,black,-320.000000,0.000000
T4_NC_pos+5,T4,NC,5,trailing,black,-315.000000,0.000000
T4_NC_pos+5,T4,NC,5,trailing,black,-310.000000,0.000000
T4_NC_pos+5,T4,NC,5,trailing,black,-305.000000,0.000000
T4_NC_pos+5,T4,NC,5,trailing,black,-300.000000,0.000000
T4_NC_pos+5,T4,NC,5,trailing,black,-295.000000,0.000000
T4_NC_pos+5,T4,NC,5,trailing,black,-290.000000,0.000000
T4_NC_pos+5,T4,NC,5,trailing,black,-285.000000,0.000000
T4_NC_pos+5,T4,NC,5,trailing,black,-280.000000,0.000000
T4_NC_pos+5,T4,NC,5,trailing,black,-275.000000,0.000000
T4_NC_pos+5,T4,NC,5,trailing,black,-270.000000,0.000000
T4_NC_pos+5,T4,NC,5,trailing,black,-265.000000,0.000000
T4_NC_pos+5,T4,NC,5,trailing,black,-260.000000,0.000000
T4_NC_pos+5,T4,NC,5,trailing,black,-255.000000,0.000000
T4_NC_pos+5,T4,NC,5,trailing,black,-250.000000,0.000000
T4_NC_pos+5,T4,NC,5,trailing,black,-245.000000,0.000000
T4_NC_pos+5,T4,NC,5,trailing,black,-240.000000,0.000000
T4_NC_pos+5,T4,NC,5,trailing,black,-235.000000,0.000000
T4_NC_pos+5,T4,NC,5,trailing,black,-230.000000,0.000000
T4_NC_pos+5,T4,NC,5,trailing,black,-225.000000,0.000000
T4_NC_pos+5,T4,NC,5,trailing,black,-220.000000,0.000000
T4_NC_pos+5,T4,NC,5,trailing,black,-215.000000,0.232928
T4_NC_pos+5,T4,NC,5,trailing,black,-210.000000,0.324074
T4_NC_pos+5,T4,NC,5,trailing,black,-205.000000,0.324074
T4_NC_pos+5,T4,NC,5,trailing,black,-200.000000,0.300926
T4_NC_pos+5,T4,NC,5,trailing,black,-195.000000,0.227141
T4_NC_pos+5,T4,NC,5,trailing,black,-190.000000,0.188079
T4_NC_pos+5,T4,NC,5,trailing,black,-185.000000,0.112847
T4_NC_pos+5,T4,NC,5,trailing,black,-180.000000,0.063657
T4_NC_pos+5,T4,NC,5,trailing,black,-175.000000,0.024595
T4_NC_pos+5,T4,NC,5,trailing,black,-170.000000,-0.014468
T4_NC_pos+5,T4,NC,5,trailing,black,-165.000000,-0.060764
T4_NC_pos+5,T4,NC,5,trailing,black,-160.000000,-0.138889
T4_NC_pos+5,T4,NC,5,trailing,black,-155.000000,-0.177951
T4_NC_pos+5,T4,NC,5,trailing,black,-150.000000,-0.248843
T4_NC_pos+5,T4,NC,5,trailing,black,-145.000000,-0.277778
T4_NC_pos+5,T4,NC,5,trailing,black,-140.000000,-0.243056
T4_NC_pos+5,T4,NC,5,trailing,black,-135.000000,-0.185185
T4_NC_pos+5,T4,NC,5,trailing,black,-130.000000,-0.179398
T4_NC_pos+5,T4,NC,5,trailing,black,-125.000000,-0.101273
T4_NC_pos+5,T4,NC,5,trailing,black,-120.000000,-0.092593
T4_NC_pos+5,T4,NC,5,trailing,black,-115.000000,-0.092593
T4_NC_pos+5,T4,NC,5,trailing,black,-110.000000,-0.092593
T4_NC_pos+5,T4,NC,5,trailing,black,-105.000000,-0.053530
T4_NC_pos+5,T4,NC,5,trailing,black,-100.000000,0.052083
T4_NC_pos+5,T4,NC,5,trailing,black,-95.000000,0.091146
T4_NC_pos+5,T4,NC,5,trailing,black,-90.000000,0.092593
T4_NC_pos+5,T4,NC,5,trailing,black,-85.000000,0.031829
T4_NC_pos+5,T4,NC,5,trailing,black,-80.000000,0.000000
T4_NC_pos+5,T4,NC,5,trailing,black,-75.000000,0.000000
T4_NC_pos+5,T4,NC,5,trailing,black,-70.000000,0.000000
T4_NC_pos+5,T4,NC,5,trailing,black,-65.000000,0.000000
T4_NC_pos+5,T4,NC,5,trailing,black,-60.000000,0.000000
T4_NC_pos+5,T4,NC,5,trailing,black,-55.000000,0.000000
T4_NC_pos+5,T4,NC,5,trailing,black,-50.000000,0.000000
T4_NC_pos+5,T4,NC,5,trailing,black,-45.000000,0.037616
T4_NC_pos+5,T4,NC,5,trailing,black,-40.000000,0.104167
T4_NC_pos+5,T4,NC,5,trailing,black,-35.000000,0.151910
T4_NC_pos+5,T4,NC,5,trailing,black,-30.000000,0.269097
T4_NC_pos+5,T4,NC,5,trailing,black,-25.000000,0.350116
T4_NC_pos+5,T4,NC,5,trailing,black,-20.000000,0.370370
T4_NC_pos+5,T4,NC,5,trailing,black,-15.000000,0.348669
T4_NC_pos+5,T4,NC,5,trailing,black,-10.000000,0.324074
T4_NC_pos+5,T4,NC,5,trailing,black,-5.000000,0.324074
T4_NC_pos+5,T4,NC,5,trailing,black,0.000000,0.324074
T4_NC_pos+5,T4,NC,5,trailing,black,5.000000,0.285012
T4_NC_pos+5,T4,NC,5,trailing,black,10.000000,0.277778
T4_NC_pos+5,T4,NC,5,trailing,black,15.000000,0.277778
T4_NC_pos+5,T4,NC,5,trailing,black,20.000000,0.277778
T4_NC_pos+5,T4,NC,5,trailing,black,25.000000,0.277778
T4_NC_pos+5,T4,NC,5,trailing,black,30.000000,0.280671
T4_NC_pos+5,T4,NC,5,trailing,black,35.000000,0.319734
T4_NC_pos+5,T4,NC,5,trailing,black,40.000000,0.324074
T4_NC_pos+5,T4,NC,5,trailing,black,45.000000,0.379051
T4_NC_pos+5,T4,NC,5,trailing,black,50.000000,0.497685
T4_NC_pos+5,T4,NC,5,trailing,black,55.000000,0.627894
T4_NC_pos+5,T4,NC,5,trailing,black,60.000000,0.711806
T4_NC_pos+5,T4,NC,5,trailing,black,65.000000,0.828993
T4_NC_pos+5,T4,NC,5,trailing,black,70.000000,0.983796
T4_NC_pos+5,T4,NC,5,trailing,black,75.000000,1.079282
T4_NC_pos+5,T4,NC,5,trailing,black,80.000000,1.180556
T4_NC_pos+5,T4,NC,5,trailing,black,85.000000,1.297743
T4_NC_pos+5,T4,NC,5,trailing,black,90.000000,1.423611
T4_NC_pos+5,T4,NC,5,trailing,black,95.000000,1.581308
T4_NC_pos+5,T4,NC,5,trailing,black,100.000000,1.776620
T4_NC_pos+5,T4,NC,5,trailing,black,105.000000,1.905382
T4_NC_pos+5,T4,NC,5,trailing,black,110.000000,2.022569
T4_NC_pos+5,T4,NC,5,trailing,black,115.000000,2.158565
T4_NC_pos+5,T4,NC,5,trailing,black,120.000000,2.314815
T4_NC_pos+5,T4,NC,5,trailing,black,125.000000,2.475405
T4_NC_pos+5,T4,NC,5,trailing,black,130.000000,2.670718
T4_NC_pos+5,T4,NC,5,trailing,black,135.000000,2.902199
T4_NC_pos+5,T4,NC,5,trailing,black,140.000000,3.107639
T4_NC_pos+5,T4,NC,5,trailing,black,145.000000,3.346354
T4_NC_pos+5,T4,NC,5,trailing,black,150.000000,3.590856
T4_NC_pos+5,T4,NC,5,trailing,black,155.000000,3.800637
T4_NC_pos+5,T4,NC,5,trailing,black,160.000000,4.074074
T4_NC_pos+5,T4,NC,5,trailing,black,165.000000,4.230324
T4_NC_pos+5,T4,NC,5,trailing,black,170.000000,4.418403
T4_NC_pos+5,T4,NC,5,trailing,black,175.000000,4.589120
T4_NC_pos+5,T4,NC,5,trailing,black,180.000000,4.745370
T4_NC_pos+5,T4,NC,5,trailing,black,185.000000,4.861111
T4_NC_pos+5,T4,NC,5,trailing,black,190.000000,4.861111
T4_NC_pos+5,T4,NC,5,trailing,black,195.000000,4.861111
T4_NC_pos+5,T4,NC,5,trailing,black,200.000000,4.861111
T4_NC_pos+5,T4,NC,5,trailing,black,205.000000,4.861111
T4_NC_pos+5,T4,NC,5,trailing,black,210.000000,4.861111
T4_NC_pos+5,T4,NC,5,trailing,black,215.000000,4.848090
T4_NC_pos+5,T4,NC,5,trailing,black,220.000000,4.797454
T4_NC_pos+5,T4,NC,5,trailing,black,225.000000,4.680266
T4_NC_pos+5,T4,NC,5,trailing,black,230.000000,4.600694
T4_NC_pos+5,T4,NC,5,trailing,black,235.000000,4.492187
T4_NC_pos+5,T4,NC,5,trailing,black,240.000000,4.351852
T4_NC_pos+5,T4,NC,5,trailing,black,245.000000,4.243345
T4_NC_pos+5,T4,NC,5,trailing,black,250.000000,4.186921
T4_NC_pos+5,T4,NC,5,trailing,black,255.000000,4.072627
T4_NC_pos+5,T4,NC,5,trailing,black,260.000000,4.033565
T4_NC_pos+5,T4,NC,5,trailing,black,265.000000,3.994502
T4_NC_pos+5,T4,NC,5,trailing,black,270.000000,3.903356
T4_NC_pos+5,T4,NC,5,trailing,black,275.000000,3.842593
T4_NC_pos+5,T4,NC,5,trailing,black,280.000000,3.807870
T4_NC_pos+5,T4,NC,5,trailing,black,285.000000,3.703704
T4_NC_pos+5,T4,NC,5,trailing,black,290.000000,3.703704
T4_NC_pos+5,T4,NC,5,trailing,black,295.000000,3.631366
T4_NC_pos+5,T4,NC,5,trailing,black,300.000000,3.582176
T4_NC_pos+5,T4,NC,5,trailing,black,305.000000,3.564815
T4_NC_pos+5,T4,NC,5,trailing,black,310.000000,3.579282
T4_NC_pos+5,T4,NC,5,trailing,black,315.000000,3.611111
T4_NC_pos+5,T4,NC,5,trailing,black,320.000000,3.611111
T4_NC_pos+5,T4,NC,5,trailing,black,325.000000,3.572049
T4_NC_pos+5,T4,NC,5,trailing,black,330.000000,3.564815
T4_NC_pos+5,T4,NC,5,trailing,black,335.000000,3.589410
T4_NC_pos+5,T4,NC,5,trailing,black,340.000000,3.628472
T4_NC_pos+5,T4,NC,5,trailing,black,345.000000,3.667535
T4_NC_pos+5,T4,NC,5,trailing,black,350.000000,3.709491
T4_NC_pos+5,T4,NC,5,trailing,black,355.000000,3.787616
T4_NC_pos+5,T4,NC,5,trailing,black,360.000000,3.831019
T4_NC_pos+5,T4,NC,5,trailing,black,365.000000,3.870081
T4_NC_pos+5,T4,NC,5,trailing,black,370.000000,3.888889
T4_NC_pos+5,T4,NC,5,trailing,black,375.000000,3.875868
T4_NC_pos+5,T4,NC,5,trailing,black,380.000000,3.825231
T4_NC_pos+5,T4,NC,5,trailing,black,385.000000,3.708044
T4_NC_pos+5,T4,NC,5,trailing,black,390.000000,3.515625
T4_NC_pos+5,T4,NC,5,trailing,black,395.000000,3.350694
T4_NC_pos+5,T4,NC,5,trailing,black,400.000000,3.217593
T4_NC_pos+5,T4,NC,5,trailing,black,405.000000,3.084491
T4_NC_pos+5,T4,NC,5,trailing,black,410.000000,2.954282
T4_NC_pos+5,T4,NC,5,trailing,black,415.000000,2.916667
T4_NC_pos+5,T4,NC,5,trailing,black,420.000000,2.916667
T4_NC_pos+5,T4,NC,5,trailing,black,425.000000,2.916667
T4_NC_pos+5,T4,NC,5,trailing,black,430.000000,2.890625
T4_NC_pos+5,T4,NC,5,trailing,black,435.000000,2.870370
T4_NC_pos+5,T4,NC,5,trailing,black,440.000000,2.870370
T4_NC_pos+5,T4,NC,5,trailing,black,445.000000,2.866030
T4_NC_pos+5,T4,NC,5,trailing,black,450.000000,2.826968
T4_NC_pos+5,T4,NC,5,trailing,black,455.000000,2.751736
T4_NC_pos+5,T4,NC,5,trailing,black,460.000000,2.673611
T4_NC_pos+5,T4,NC,5,trailing,black,465.000000,2.552083
T4_NC_pos+5,T4,NC,5,trailing,black,470.000000,2.410301
T4_NC_pos+5,T4,NC,5,trailing,black,475.000000,2.300347
T4_NC_pos+5,T4,NC,5,trailing,black,480.000000,2.222222
T4_NC_pos+5,T4,NC,5,trailing,black,485.000000,2.065972
T4_NC_pos+5,T4,NC,5,trailing,black,490.000000,1.941551
T4_NC_pos+5,T4,NC,5,trailing,black,495.000000,1.824363
T4_NC_pos+5,T4,NC,5,trailing,black,500.000000,1.707176
T4_NC_pos+5,T4,NC,5,trailing,black,505.000000,1.610243
T4_NC_pos+5,T4,NC,5,trailing,black,510.000000,1.568287
T4_NC_pos+5,T4,NC,5,trailing,black,515.000000,1.490162
T4_NC_pos+5,T4,NC,5,trailing,black,520.000000,1.481481
T4_NC_pos+5,T4,NC,5,trailing,black,525.000000,1.508970
T4_NC_pos+5,T4,NC,5,trailing,black,530.000000,1.548032
T4_NC_pos+5,T4,NC,5,trailing,black,535.000000,1.574074
T4_NC_pos+5,T4,NC,5,trailing,black,540.000000,1.562500
T4_NC_pos+5,T4,NC,5,trailing,black,545.000000,1.484375
T4_NC_pos+5,T4,NC,5,trailing,black,550.000000,1.368634
T4_NC_pos+5,T4,NC,5,trailing,black,555.000000,1.312211
T4_NC_pos+5,T4,NC,5,trailing,black,560.000000,1.296296
T4_NC_pos+5,T4,NC,5,trailing,black,565.000000,1.280382
T4_NC_pos+5,T4,NC,5,trailing,black,570.000000,1.223958
T4_NC_pos+5,T4,NC,5,trailing,black,575.000000,1.108218
T4_NC_pos+5,T4,NC,5,trailing,black,580.000000,1.030093
T4_NC_pos+5,T4,NC,5,trailing,black,585.000000,0.951968
T4_NC_pos+5,T4,NC,5,trailing,black,590.000000,0.873843
T4_NC_pos+5,T4,NC,5,trailing,black,595.000000,0.814525
T4_NC_pos+5,T4,NC,5,trailing,black,600.000000,0.787037
T4_NC_pos+5,T4,NC,5,trailing,black,605.000000,0.782697
T4_NC_pos+5,T4,NC,5,trailing,black,610.000000,0.743634
T4_NC_pos+5,T4,NC,5,trailing,black,615.000000,0.704572
T4_NC_pos+5,T4,NC,5,trailing,black,620.000000,0.694444
T4_NC_pos+5,T4,NC,5,trailing,black,625.000000,0.694444
T4_NC_pos+5,T4,NC,5,trailing,black,630.000000,0.694444
T4_NC_pos+5,T4,NC,5,trailing,black,635.000000,0.694444
T4_NC_pos+5,T4,NC,5,trailing,black,640.000000,0.694444
T4_NC_pos+5,T4,NC,5,trailing,black,645.000000,0.694444
T4_NC_pos+5,T4,NC,5,trailing,black,650.000000,0.598958
T4_NC_pos+5,T4,NC,5,trailing,black,655.000000,0.506366
T4_NC_pos+5,T4,NC,5,trailing,black,660.000000,0.410880
T4_NC_pos+5,T4,NC,5,trailing,black,665.000000,0.303819
T4_NC_pos+5,T4,NC,5,trailing,black,670.000000,0.217014
T4_NC_pos+5,T4,NC,5,trailing,black,675.000000,0.021701
T4_NC_pos+5,T4,NC,5,trailing,black,680.000000,-0.138889
T4_NC_pos+5,T4,NC,5,trailing,black,685.000000,-0.267650
T4_NC_pos+5,T4,NC,5,trailing,black,690.000000,-0.344329
T4_NC_pos+5,T4,NC,5,trailing,black,695.000000,-0.383391
T4_NC_pos+5,T4,NC,5,trailing,black,700.000000,-0.416667
T4_NC_pos+5,T4,NC,5,trailing,black,705.000000,-0.416667
T4_NC_pos+5,T4,NC,5,trailing,black,710.000000,-0.491898
T4_NC_pos+5,T4,NC,5,trailing,black,715.000000,-0.509259
T5_PC_pos-6,T5,PC,-6,leading,black,-355.000000,0.000000
T5_PC_pos-6,T5,PC,-6,leading,black,-350.000000,0.000000
T5_PC_pos-6,T5,PC,-6,leading,black,-345.000000,0.000000
T5_PC_pos-6,T5,PC,-6,leading,black,-340.000000,0.000000
T5_PC_pos-6,T5,PC,-6,leading,black,-335.000000,0.000000
T5_PC_pos-6,T5,PC,-6,leading,black,-330.000000,0.000000
T5_PC_pos-6,T5,PC,-6,leading,black,-325.000000,0.000000
T5_PC_pos-6,T5,PC,-6,leading,black,-320.000000,0.000000
T5_PC_pos-6,T5,PC,-6,leading,black,-315.000000,0.000000
T5_PC_pos-6,T5,PC,-6,leading,black,-310.000000,0.000000
T5_PC_pos-6,T5,PC,-6,leading,black,-305.000000,0.000000
T5_PC_pos-6,T5,PC,-6,leading,black,-300.000000,0.000000
T5_PC_pos-6,T5,PC,-6,leading,black,-295.000000,0.000000
T5_PC_pos-6,T5,PC,-6,leading,black,-290.000000,0.000000
T5_PC_pos-6,T5,PC,-6,leading,black,-285.000000,0.000000
T5_PC_pos-6,T5,PC,-6,leading,black,-280.000000,0.000000
T5_PC_pos-6,T5,PC,-6,leading,black,-275.000000,0.000000
T5_PC_pos-6,T5,PC,-6,leading,black,-270.000000,0.000000
T5_PC_pos-6,T5,PC,-6,leading,black,-265.000000,0.000000
T5_PC_pos-6,T5,PC,-6,leading,black,-260.000000,0.000000
T5_PC_pos-6,T5,PC,-6,leading,black,-255.000000,0.000000
T5_PC_pos-6,T5,PC,-6,leading,black,-250.000000,0.000000
T5_PC_pos-6,T5,PC,-6,leading,black,-245.000000,0.000000
T5_PC_pos-6,T5,PC,-6,leading,black,-240.000000,0.000000
T5_PC_pos-6,T5,PC,-6,leading,black,-235.000000,0.000000
T5_PC_pos-6,T5,PC,-6,leading,black,-230.000000,0.000000
T5_PC_pos-6,T5,PC,-6,leading,black,-225.000000,0.000000
T5_PC_pos-6,T5,PC,-6,leading,black,-220.000000,0.000000
T5_PC_pos-6,T5,PC,-6,leading,black,-215.000000,0.000000
T5_PC_pos-6,T5,PC,-6,leading,black,-210.000000,0.000000
T5_PC_pos-6,T5,PC,-6,leading,black,-205.000000,0.000000
T5_PC_pos-6,T5,PC,-6,leading,black,-200.000000,0.000000
T5_PC_pos-6,T5,PC,-6,leading,black,-195.000000,0.000000
T5_PC_pos-6,T5,PC,-6,leading,black,-190.000000,0.000000
T5_PC_pos-6,T5,PC,-6,leading,black,-185.000000,0.000000
T5_PC_pos-6,T5,PC,-6,leading,black,-180.000000,0.000000
T5_PC_pos-6,T5,PC,-6,leading,black,-175.000000,0.000000
T5_PC_pos-6,T5,PC,-6,leading,black,-170.000000,0.000000
T5_PC_pos-6,T5,PC,-6,leading,black,-165.000000,0.000000
T5_PC_pos-6,T5,PC,-6,leading,black,-160.000000,0.000000
T5_PC_pos-6,T5,PC,-6,leading,black,-155.000000,0.000000
T5_PC_pos-6,T5,PC,-6,leading,black,-150.000000,0.000000
T5_PC_pos-6,T5,PC,-6,leading,black,-145.000000,0.000000
T5_PC_pos-6,T5,PC,-6,leading,black,-140.000000,0.000000
T5_PC_pos-6,T5,PC,-6,leading,black,-135.000000,0.000000
T5_PC_pos-6,T5,PC,-6,leading,black,-130.000000,0.000000
T5_PC_pos-6,T5,PC,-6,leading,black,-125.000000,0.000000
T5_PC_pos-6,T5,PC,-6,leading,black,-120.000000,0.000000
T5_PC_pos-6,T5,PC,-6,leading,black,-115.000000,0.000000
T5_PC_pos-6,T5,PC,-6,leading,black,-110.000000,0.000000
T5_PC_pos-6,T5,PC,-6,leading,black,-105.000000,0.000000
T5_PC_pos-6,T5,PC,-6,leading,black,-100.000000,0.000000
T5_PC_pos-6,T5,PC,-6,leading,black,-95.000000,0.000000
T5_PC_pos-6,T5,PC,-6,leading,black,-90.000000,0.000000
T5_PC_pos-6,T5,PC,-6,leading,black,-85.000000,0.000000
T5_PC_pos-6,T5,PC,-6,leading,black,-80.000000,0.000000
T5_PC_pos-6,T5,PC,-6,leading,black,-75.000000,0.000000
T5_PC_pos-6,T5,PC,-6,leading,black,-70.000000,0.000000
T5_PC_pos-6,T5,PC,-6,leading,black,-65.000000,0.000000
T5_PC_pos-6,T5,PC,-6,leading,black,-60.000000,0.000000
T5_PC_pos-6,T5,PC,-6,leading,black,-55.000000,0.000000
T5_PC_pos-6,T5,PC,-6,leading,black,-50.000000,0.000000
T5_PC_pos-6,T5,PC,-6,leading,black,-45.000000,0.000000
T5_PC_pos-6,T5,PC,-6,leading,black,-40.000000,0.000000
T5_PC_pos-6,T5,PC,-6,leading,black,-35.000000,0.000000
T5_PC_pos-6,T5,PC,-6,leading,black,-30.000000,0.000000
T5_PC_pos-6,T5,PC,-6,leading,black,-25.000000,0.000000
T5_PC_pos-6,T5,PC,-6,leading,black,-20.000000,0.000000
T5_PC_pos-6,T5,PC,-6,leading,black,-15.000000,0.000000
T5_PC_pos-6,T5,PC,-6,leading,black,-10.000000,0.000000
T5_PC_pos-6,T5,PC,-6,leading,black,-5.000000,0.000000
T5_PC_pos-6,T5,PC,-6,leading,black,0.000000,0.000000
T5_PC_pos-6,T5,PC,-6,leading,black,5.000000,0.000000
T5_PC_pos-6,T5,PC,-6,leading,black,10.000000,0.000000
T5_PC_pos-6,T5,PC,-6,leading,black,15.000000,0.393519
T5_PC_pos-6,T5,PC,-6,leading,black,20.000000,0.740741
T5_PC_pos-6,T5,PC,-6,leading,black,25.000000,0.750868
T5_PC_pos-6,T5,PC,-6,leading,black,30.000000,0.792824
T5_PC_pos-6,T5,PC,-6,leading,black,35.000000,0.870949
T5_PC_pos-6,T5,PC,-6,leading,black,40.000000,1.122685
T5_PC_pos-6,T5,PC,-6,leading,black,45.000000,1.478588
T5_PC_pos-6,T5,PC,-6,leading,black,50.000000,1.950231
T5_PC_pos-6,T5,PC,-6,leading,black,55.000000,2.562211
T5_PC_pos-6,T5,PC,-6,leading,black,60.000000,3.292824
T5_PC_pos-6,T5,PC,-6,leading,black,65.000000,3.956887
T5_PC_pos-6,T5,PC,-6,leading,black,70.000000,4.620949
T5_PC_pos-6,T5,PC,-6,leading,black,75.000000,5.315394
T5_PC_pos-6,T5,PC,-6,leading,black,80.000000,5.925926
T5_PC_pos-6,T5,PC,-6,leading,black,85.000000,6.361400
T5_PC_pos-6,T5,PC,-6,leading,black,90.000000,6.634838
T5_PC_pos-6,T5,PC,-6,leading,black,95.000000,6.906829
T5_PC_pos-6,T5,PC,-6,leading,black,100.000000,7.141204
T5_PC_pos-6,T5,PC,-6,leading,black,105.000000,7.309028
T5_PC_pos-6,T5,PC,-6,leading,black,110.000000,7.465278
T5_PC_pos-6,T5,PC,-6,leading,black,115.000000,7.565104
T5_PC_pos-6,T5,PC,-6,leading,black,120.000000,7.592593
T5_PC_pos-6,T5,PC,-6,leading,black,125.000000,7.588252
T5_PC_pos-6,T5,PC,-6,leading,black,130.000000,7.549190
T5_PC_pos-6,T5,PC,-6,leading,black,135.000000,7.546296
T5_PC_pos-6,T5,PC,-6,leading,black,140.000000,7.633102
T5_PC_pos-6,T5,PC,-6,leading,black,145.000000,7.771991
T5_PC_pos-6,T5,PC,-6,leading,black,150.000000,7.913773
T5_PC_pos-6,T5,PC,-6,leading,black,155.000000,8.009259
T5_PC_pos-6,T5,PC,-6,leading,black,160.000000,8.009259
T5_PC_pos-6,T5,PC,-6,leading,black,165.000000,8.009259
T5_PC_pos-6,T5,PC,-6,leading,black,170.000000,7.913773
T5_PC_pos-6,T5,PC,-6,leading,black,175.000000,7.821181
T5_PC_pos-6,T5,PC,-6,leading,black,180.000000,7.725694
T5_PC_pos-6,T5,PC,-6,leading,black,185.000000,7.588252
T5_PC_pos-6,T5,PC,-6,leading,black,190.000000,7.379437
T5_PC_pos-6,T5,PC,-6,leading,black,195.000000,7.001833
T5_PC_pos-6,T5,PC,-6,leading,black,200.000000,6.624228
T5_PC_pos-6,T5,PC,-6,leading,black,205.000000,6.246624
T5_PC_pos-6,T5,PC,-6,leading,black,210.000000,6.044560
T5_PC_pos-6,T5,PC,-6,leading,black,215.000000,5.901331
T5_PC_pos-6,T5,PC,-6,leading,black,220.000000,5.567130
T5_PC_pos-6,T5,PC,-6,leading,black,225.000000,5.332755
T5_PC_pos-6,T5,PC,-6,leading,black,230.000000,5.135995
T5_PC_pos-6,T5,PC,-6,leading,black,235.000000,4.971065
T5_PC_pos-6,T5,PC,-6,leading,black,240.000000,4.837963
T5_PC_pos-6,T5,PC,-6,leading,black,245.000000,4.736690
T5_PC_pos-6,T5,PC,-6,leading,black,250.000000,4.658565
T5_PC_pos-6,T5,PC,-6,leading,black,255.000000,4.583333
T5_PC_pos-6,T5,PC,-6,leading,black,260.000000,4.583333
T5_PC_pos-6,T5,PC,-6,leading,black,265.000000,4.583333
T5_PC_pos-6,T5,PC,-6,leading,black,270.000000,4.583333
T5_PC_pos-6,T5,PC,-6,leading,black,275.000000,4.545718
T5_PC_pos-6,T5,PC,-6,leading,black,280.000000,4.467593
T5_PC_pos-6,T5,PC,-6,leading,black,285.000000,4.398148
T5_PC_pos-6,T5,PC,-6,leading,black,290.000000,4.398148
T5_PC_pos-6,T5,PC,-6,leading,black,295.000000,4.470486
T5_PC_pos-6,T5,PC,-6,leading,black,300.000000,4.490741
T5_PC_pos-6,T5,PC,-6,leading,black,305.000000,4.490741
T5_PC_pos-6,T5,PC,-6,leading,black,310.000000,4.461806
T5_PC_pos-6,T5,PC,-6,leading,black,315.000000,4.376447
T5_PC_pos-6,T5,PC,-6,leading,black,320.000000,4.259259
T5_PC_pos-6,T5,PC,-6,leading,black,325.000000,4.103009
T5_PC_pos-6,T5,PC,-6,leading,black,330.000000,3.914931
T5_PC_pos-6,T5,PC,-6,leading,black,335.000000,3.744213
T5_PC_pos-6,T5,PC,-6,leading,black,340.000000,3.587963
T5_PC_pos-6,T5,PC,-6,leading,black,345.000000,3.472222
T5_PC_pos-6,T5,PC,-6,leading,black,350.000000,3.472222
T5_PC_pos-6,T5,PC,-6,leading,black,355.000000,3.472222
T5_PC_pos-6,T5,PC,-6,leading,black,360.000000,3.506944
T5_PC_pos-6,T5,PC,-6,leading,black,365.000000,3.600984
T5_PC_pos-6,T5,PC,-6,leading,black,370.000000,3.677662
T5_PC_pos-6,T5,PC,-6,leading,black,375.000000,3.703704
T5_PC_pos-6,T5,PC,-6,leading,black,380.000000,3.674769
T5_PC_pos-6,T5,PC,-6,leading,black,385.000000,3.479456
T5_PC_pos-6,T5,PC,-6,leading,black,390.000000,3.396991
T5_PC_pos-6,T5,PC,-6,leading,black,395.000000,3.368236
T5_PC_pos-6,T5,PC,-6,leading,black,400.000000,3.353588
T5_PC_pos-6,T5,PC,-6,leading,black,405.000000,3.338940
T5_PC_pos-6,T5,PC,-6,leading,black,410.000000,3.324291
T5_PC_pos-6,T5,PC,-6,leading,black,415.000000,3.309643
T5_PC_pos-6,T5,PC,-6,leading,black,420.000000,3.294994
T5_PC_pos-6,T5,PC,-6,leading,black,425.000000,3.280346
T5_PC_pos-6,T5,PC,-6,leading,black,430.000000,3.265697
T5_PC_pos-6,T5,PC,-6,leading,black,435.000000,3.251049
T5_PC_pos-6,T5,PC,-6,leading,black,440.000000,3.240741
T5_PC_pos-6,T5,PC,-6,leading,black,445.000000,3.240741
T5_PC_pos-6,T5,PC,-6,leading,black,450.000000,3.240741
T5_PC_pos-6,T5,PC,-6,leading,black,455.000000,3.240741
T5_PC_pos-6,T5,PC,-6,leading,black,460.000000,3.182870
T5_PC_pos-6,T5,PC,-6,leading,black,465.000000,3.148148
T5_PC_pos-6,T5,PC,-6,leading,black,470.000000,3.104745
T5_PC_pos-6,T5,PC,-6,leading,black,475.000000,2.987558
T5_PC_pos-6,T5,PC,-6,leading,black,480.000000,2.870370
T5_PC_pos-6,T5,PC,-6,leading,black,485.000000,2.831308
T5_PC_pos-6,T5,PC,-6,leading,black,490.000000,2.731938
T5_PC_pos-6,T5,PC,-6,leading,black,495.000000,2.690058
T5_PC_pos-6,T5,PC,-6,leading,black,500.000000,2.691886
T5_PC_pos-6,T5,PC,-6,leading,black,505.000000,2.695998
T5_PC_pos-6,T5,PC,-6,leading,black,510.000000,2.700110
T5_PC_pos-6,T5,PC,-6,leading,black,515.000000,2.704221
T5_PC_pos-6,T5,PC,-6,leading,black,520.000000,2.708333
T5_PC_pos-6,T5,PC,-6,leading,black,525.000000,2.712445
T5_PC_pos-6,T5,PC,-6,leading,black,530.000000,2.716557
T5_PC_pos-6,T5,PC,-6,leading,black,535.000000,2.720669
T5_PC_pos-6,T5,PC,-6,leading,black,540.000000,2.724781
T5_PC_pos-6,T5,PC,-6,leading,black,545.000000,2.728893
T5_PC_pos-6,T5,PC,-6,leading,black,550.000000,2.733004
T5_PC_pos-6,T5,PC,-6,leading,black,555.000000,2.737116
T5_PC_pos-6,T5,PC,-6,leading,black,560.000000,2.741228
T5_PC_pos-6,T5,PC,-6,leading,black,565.000000,2.745340
T5_PC_pos-6,T5,PC,-6,leading,black,570.000000,2.749452
T5_PC_pos-6,T5,PC,-6,leading,black,575.000000,2.753564
T5_PC_pos-6,T5,PC,-6,leading,black,580.000000,2.757675
T5_PC_pos-6,T5,PC,-6,leading,black,585.000000,2.761787
T5_PC_pos-6,T5,PC,-6,leading,black,590.000000,2.765899
T5_PC_pos-6,T5,PC,-6,leading,black,595.000000,2.770011
T5_PC_pos-6,T5,PC,-6,leading,black,600.000000,2.774123
T5_PC_pos-6,T5,PC,-6,leading,black,605.000000,2.777778
T5_PC_pos-6,T5,PC,-6,leading,black,610.000000,2.777778
T5_PC_pos-6,T5,PC,-6,leading,black,615.000000,2.813947
T5_PC_pos-6,T5,PC,-6,leading,black,620.000000,2.824074
T5_PC_pos-6,T5,PC,-6,leading,black,625.000000,2.824074
T5_PC_pos-6,T5,PC,-6,leading,black,630.000000,2.795139
T5_PC_pos-6,T5,PC,-6,leading,black,635.000000,2.731481
T5_PC_pos-6,T5,PC,-6,leading,black,640.000000,2.731481
T5_PC_pos-6,T5,PC,-6,leading,black,645.000000,2.809606
T5_PC_pos-6,T5,PC,-6,leading,black,650.000000,2.824074
T5_PC_pos-6,T5,PC,-6,leading,black,655.000000,2.799479
T5_PC_pos-6,T5,PC,-6,leading,black,660.000000,2.708333
T5_PC_pos-6,T5,PC,-6,leading,black,665.000000,2.572338
T5_PC_pos-6,T5,PC,-6,leading,black,670.000000,2.497106
T5_PC_pos-6,T5,PC,-6,leading,black,675.000000,2.458044
T5_PC_pos-6,T5,PC,-6,leading,black,680.000000,2.442130
T5_PC_pos-6,T5,PC,-6,leading,black,685.000000,2.438272
T5_PC_pos-6,T5,PC,-6,leading,black,690.000000,2.451775
T5_PC_pos-6,T5,PC,-6,leading,black,695.000000,2.469136
T5_PC_pos-6,T5,PC,-6,leading,black,700.000000,2.461420
T5_PC_pos-6,T5,PC,-6,leading,black,705.000000,2.409336
T5_PC_pos-6,T5,PC,-6,leading,black,710.000000,2.332176
T5_PC_pos-6,T5,PC,-6,leading,black,715.000000,2.254051
T5_PC_pos-6,T5,PC,-6,leading,black,720.000000,2.222222
T5_PC_pos-6,T5,PC,-6,leading,black,725.000000,2.190394
T5_PC_pos-6,T5,PC,-6,leading,black,730.000000,2.129630
T5_NC_pos-6,T5,NC,-6,leading,green,-355.000000,0.000000
T5_NC_pos-6,T5,NC,-6,leading,green,-350.000000,0.000000
T5_NC_pos-6,T5,NC,-6,leading,green,-345.000000,0.000000
T5_NC_pos-6,T5,NC,-6,leading,green,-340.000000,0.000000
T5_NC_pos-6,T5,NC,-6,leading,green,-335.000000,0.000000
T5_NC_pos-6,T5,NC,-6,leading,green,-330.000000,0.000000
T5_NC_pos-6,T5,NC,-6,leading,green,-325.000000,0.000000
T5_NC_pos-6,T5,NC,-6,leading,green,-320.000000,0.000000
T5_NC_pos-6,T5,NC,-6,leading,green,-315.000000,0.000000
T5_NC_pos-6,T5,NC,-6,leading,green,-310.000000,0.000000
T5_NC_pos-6,T5,NC,-6,leading,green,-305.000000,0.000000
T5_NC_pos-6,T5,NC,-6,leading,green,-300.000000,0.000000
T5_NC_pos-6,T5,NC,-6,leading,green,-295.000000,0.000000
T5_NC_pos-6,T5,NC,-6,leading,green,-290.000000,0.000000
T5_NC_pos-6,T5,NC,-6,leading,green,-285.000000,0.000000
T5_NC_pos-6,T5,NC,-6,leading,green,-280.000000,0.000000
T5_NC_pos-6,T5,NC,-6,leading,green,-275.000000,0.000000
T5_NC_pos-6,T5,NC,-6,leading,green,-270.000000,0.000000
T5_NC_pos-6,T5,NC,-6,leading,green,-265.000000,0.000000
T5_NC_pos-6,T5,NC,-6,leading,green,-260.000000,0.000000
T5_NC_pos-6,T5,NC,-6,leading,green,-255.000000,0.000000
T5_NC_pos-6,T5,NC,-6,leading,green,-250.000000,0.000000
T5_NC_pos-6,T5,NC,-6,leading,green,-245.000000,0.000000
T5_NC_pos-6,T5,NC,-6,leading,green,-240.000000,0.000000
T5_NC_pos-6,T5,NC,-6,leading,green,-235.000000,0.000000
T5_NC_pos-6,T5,NC,-6,leading,green,-230.000000,0.000000
T5_NC_pos-6,T5,NC,-6,leading,green,-225.000000,0.000000
T5_NC_pos-6,T5,NC,-6,leading,green,-220.000000,0.000000
T5_NC_pos-6,T5,NC,-6,leading,green,-215.000000,0.000000
T5_NC_pos-6,T5,NC,-6,leading,green,-210.000000,0.000000
T5_NC_pos-6,T5,NC,-6,leading,green,-205.000000,0.000000
T5_NC_pos-6,T5,NC,-6,leading,green,-200.000000,0.115741
T5_NC_pos-6,T5,NC,-6,leading,green,-195.000000,0.462963
T5_NC_pos-6,T5,NC,-6,leading,green,-190.000000,0.462963
T5_NC_pos-6,T5,NC,-6,leading,green,-185.000000,0.462963
T5_NC_pos-6,T5,NC,-6,leading,green,-180.000000,0.462963
T5_NC_pos-6,T5,NC,-6,leading,green,-175.000000,0.484664
T5_NC_pos-6,T5,NC,-6,leading,green,-170.000000,0.523727
T5_NC_pos-6,T5,NC,-6,leading,green,-165.000000,0.555556
T5_NC_pos-6,T5,NC,-6,leading,green,-160.000000,0.555556
T5_NC_pos-6,T5,NC,-6,leading,green,-155.000000,0.555556
T5_NC_pos-6,T5,NC,-6,leading,green,-150.000000,0.491898
T5_NC_pos-6,T5,NC,-6,leading,green,-145.000000,0.413773
T5_NC_pos-6,T5,NC,-6,leading,green,-140.000000,0.318287
T5_NC_pos-6,T5,NC,-6,leading,green,-135.000000,0.211227
T5_NC_pos-6,T5,NC,-6,leading,green,-130.000000,0.133102
T5_NC_pos-6,T5,NC,-6,leading,green,-125.000000,0.054977
T5_NC_pos-6,T5,NC,-6,leading,green,-120.000000,0.046296
T5_NC_pos-6,T5,NC,-6,leading,green,-115.000000,0.018808
T5_NC_pos-6,T5,NC,-6,leading,green,-110.000000,0.000000
T5_NC_pos-6,T5,NC,-6,leading,green,-105.000000,0.000000
T5_NC_pos-6,T5,NC,-6,leading,green,-100.000000,0.000000
T5_NC_pos-6,T5,NC,-6,leading,green,-95.000000,0.000000
T5_NC_pos-6,T5,NC,-6,leading,green,-90.000000,0.000000
T5_NC_pos-6,T5,NC,-6,leading,green,-85.000000,0.000000
T5_NC_pos-6,T5,NC,-6,leading,green,-80.000000,0.000000
T5_NC_pos-6,T5,NC,-6,leading,green,-75.000000,-0.015914
T5_NC_pos-6,T5,NC,-6,leading,green,-70.000000,-0.054977
T5_NC_pos-6,T5,NC,-6,leading,green,-65.000000,-0.094039
T5_NC_pos-6,T5,NC,-6,leading,green,-60.000000,-0.133102
T5_NC_pos-6,T5,NC,-6,leading,green,-55.000000,-0.172164
T5_NC_pos-6,T5,NC,-6,leading,green,-50.000000,-0.237269
T5_NC_pos-6,T5,NC,-6,leading,green,-45.000000,-0.296586
T5_NC_pos-6,T5,NC,-6,leading,green,-40.000000,-0.335648
T5_NC_pos-6,T5,NC,-6,leading,green,-35.000000,-0.370370
T5_NC_pos-6,T5,NC,-6,leading,green,-30.000000,-0.370370
T5_NC_pos-6,T5,NC,-6,leading,green,-25.000000,-0.298032
T5_NC_pos-6,T5,NC,-6,leading,green,-20.000000,-0.190972
T5_NC_pos-6,T5,NC,-6,leading,green,-15.000000,-0.117188
T5_NC_pos-6,T5,NC,-6,leading,green,-10.000000,-0.078125
T5_NC_pos-6,T5,NC,-6,leading,green,-5.000000,-0.031829
T5_NC_pos-6,T5,NC,-6,leading,green,0.000000,0.046296
T5_NC_pos-6,T5,NC,-6,leading,green,5.000000,0.085359
T5_NC_pos-6,T5,NC,-6,leading,green,10.000000,0.188079
T5_NC_pos-6,T5,NC,-6,leading,green,15.000000,0.231481
T5_NC_pos-6,T5,NC,-6,leading,green,20.000000,0.196759
T5_NC_pos-6,T5,NC,-6,leading,green,25.000000,0.088252
T5_NC_pos-6,T5,NC,-6,leading,green,30.000000,-0.098380
T5_NC_pos-6,T5,NC,-6,leading,green,35.000000,-0.176505
T5_NC_pos-6,T5,NC,-6,leading,green,40.000000,-0.219907
T5_NC_pos-6,T5,NC,-6,leading,green,45.000000,-0.231481
T5_NC_pos-6,T5,NC,-6,leading,green,50.000000,-0.069444
T5_NC_pos-6,T5,NC,-6,leading,green,55.000000,0.308160
T5_NC_pos-6,T5,NC,-6,leading,green,60.000000,0.833333
T5_NC_pos-6,T5,NC,-6,leading,green,65.000000,1.458333
T5_NC_pos-6,T5,NC,-6,leading,green,70.000000,1.970486
T5_NC_pos-6,T5,NC,-6,leading,green,75.000000,2.539062
T5_NC_pos-6,T5,NC,-6,leading,green,80.000000,3.055556
T5_NC_pos-6,T5,NC,-6,leading,green,85.000000,3.492477
T5_NC_pos-6,T5,NC,-6,leading,green,90.000000,3.874421
T5_NC_pos-6,T5,NC,-6,leading,green,95.000000,4.224537
T5_NC_pos-6,T5,NC,-6,leading,green,100.000000,4.537037
T5_NC_pos-6,T5,NC,-6,leading,green,105.000000,4.616609
T5_NC_pos-6,T5,NC,-6,leading,green,110.000000,4.733796
T5_NC_pos-6,T5,NC,-6,leading,green,115.000000,4.871238
T5_NC_pos-6,T5,NC,-6,leading,green,120.000000,4.976852
T5_NC_pos-6,T5,NC,-6,leading,green,125.000000,5.054977
T5_NC_pos-6,T5,NC,-6,leading,green,130.000000,5.133102
T5_NC_pos-6,T5,NC,-6,leading,green,135.000000,5.175058
T5_NC_pos-6,T5,NC,-6,leading,green,140.000000,5.214120
T5_NC_pos-6,T5,NC,-6,leading,green,145.000000,5.253183
T5_NC_pos-6,T5,NC,-6,leading,green,150.000000,5.292245
T5_NC_pos-6,T5,NC,-6,leading,green,155.000000,5.338542
T5_NC_pos-6,T5,NC,-6,leading,green,160.000000,5.416667
T5_NC_pos-6,T5,NC,-6,leading,green,165.000000,5.533854
T5_NC_pos-6,T5,NC,-6,leading,green,170.000000,5.587384
T5_NC_pos-6,T5,NC,-6,leading,green,175.000000,5.651042
T5_NC_pos-6,T5,NC,-6,leading,green,180.000000,5.711806
T5_NC_pos-6,T5,NC,-6,leading,green,185.000000,5.801505
T5_NC_pos-6,T5,NC,-6,leading,green,190.000000,6.056134
T5_NC_pos-6,T5,NC,-6,leading,green,195.000000,6.563947
T5_NC_pos-6,T5,NC,-6,leading,green,200.000000,6.828704
T5_NC_pos-6,T5,NC,-6,leading,green,205.000000,7.228009
T5_NC_pos-6,T5,NC,-6,leading,green,210.000000,7.676505
T5_NC_pos-6,T5,NC,-6,leading,green,215.000000,8.106192
T5_NC_pos-6,T5,NC,-6,leading,green,220.000000,8.506944
T5_NC_pos-6,T5,NC,-6,leading,green,225.000000,8.741319
T5_NC_pos-6,T5,NC,-6,leading,green,230.000000,8.900463
T5_NC_pos-6,T5,NC,-6,leading,green,235.000000,8.965567
T5_NC_pos-6,T5,NC,-6,leading,green,240.000000,8.981481
T5_NC_pos-6,T5,NC,-6,leading,green,245.000000,8.933738
T5_NC_pos-6,T5,NC,-6,leading,green,250.000000,8.781829
T5_NC_pos-6,T5,NC,-6,leading,green,255.000000,8.511285
T5_NC_pos-6,T5,NC,-6,leading,green,260.000000,8.315972
T5_NC_pos-6,T5,NC,-6,leading,green,265.000000,8.087384
T5_NC_pos-6,T5,NC,-6,leading,green,270.000000,7.853009
T5_NC_pos-6,T5,NC,-6,leading,green,275.000000,7.656250
T5_NC_pos-6,T5,NC,-6,leading,green,280.000000,7.488426
T5_NC_pos-6,T5,NC,-6,leading,green,285.000000,7.293113
T5_NC_pos-6,T5,NC,-6,leading,green,290.000000,7.097801
T5_NC_pos-6,T5,NC,-6,leading,green,295.000000,6.830150
T5_NC_pos-6,T5,NC,-6,leading,green,300.000000,6.527778
T5_NC_pos-6,T5,NC,-6,leading,green,305.000000,6.236979
T5_NC_pos-6,T5,NC,-6,leading,green,310.000000,5.978009
T5_NC_pos-6,T5,NC,-6,leading,green,315.000000,5.758102
T5_NC_pos-6,T5,NC,-6,leading,green,320.000000,5.601852
T5_NC_pos-6,T5,NC,-6,leading,green,325.000000,5.484664
T5_NC_pos-6,T5,NC,-6,leading,green,330.000000,5.431134
T5_NC_pos-6,T5,NC,-6,leading,green,335.000000,5.367477
T5_NC_pos-6,T5,NC,-6,leading,green,340.000000,5.254630
T5_NC_pos-6,T5,NC,-6,leading,green,345.000000,5.098380
T5_NC_pos-6,T5,NC,-6,leading,green,350.000000,4.942130
T5_NC_pos-6,T5,NC,-6,leading,green,355.000000,4.785880
T5_NC_pos-6,T5,NC,-6,leading,green,360.000000,4.664352
T5_NC_pos-6,T5,NC,-6,leading,green,365.000000,4.519676
T5_NC_pos-6,T5,NC,-6,leading,green,370.000000,4.424190
T5_NC_pos-6,T5,NC,-6,leading,green,375.000000,4.346065
T5_NC_pos-6,T5,NC,-6,leading,green,380.000000,4.184028
T5_NC_pos-6,T5,NC,-6,leading,green,385.000000,3.988715
T5_NC_pos-6,T5,NC,-6,leading,green,390.000000,3.868634
T5_NC_pos-6,T5,NC,-6,leading,green,395.000000,3.751447
T5_NC_pos-6,T5,NC,-6,leading,green,400.000000,3.657407
T5_NC_pos-6,T5,NC,-6,leading,green,405.000000,3.515625
T5_NC_pos-6,T5,NC,-6,leading,green,410.000000,3.307292
T5_NC_pos-6,T5,NC,-6,leading,green,415.000000,3.194444
T5_NC_pos-6,T5,NC,-6,leading,green,420.000000,3.194444
T5_NC_pos-6,T5,NC,-6,leading,green,425.000000,3.194444
T5_NC_pos-6,T5,NC,-6,leading,green,430.000000,3.194444
T5_NC_pos-6,T5,NC,-6,leading,green,435.000000,3.175637
T5_NC_pos-6,T5,NC,-6,leading,green,440.000000,3.148148
T5_NC_pos-6,T5,NC,-6,leading,green,445.000000,3.148148
T5_NC_pos-6,T5,NC,-6,leading,green,450.000000,3.148148
T5_NC_pos-6,T5,NC,-6,leading,green,455.000000,2.858796
T5_NC_pos-6,T5,NC,-6,leading,green,460.000000,2.662037
T5_NC_pos-6,T5,NC,-6,leading,green,465.000000,2.527488
T5_NC_pos-6,T5,NC,-6,leading,green,470.000000,2.439236
T5_NC_pos-6,T5,NC,-6,leading,green,475.000000,2.407407
T5_NC_pos-6,T5,NC,-6,leading,green,480.000000,2.407407
T5_NC_pos-6,T5,NC,-6,leading,green,485.000000,2.485532
T5_NC_pos-6,T5,NC,-6,leading,green,490.000000,2.500000
T5_NC_pos-6,T5,NC,-6,leading,green,495.000000,2.475405
T5_NC_pos-6,T5,NC,-6,leading,green,500.000000,2.349537
T5_NC_pos-6,T5,NC,-6,leading,green,505.000000,2.155671
T5_NC_pos-6,T5,NC,-6,leading,green,510.000000,2.083333
T5_NC_pos-6,T5,NC,-6,leading,green,515.000000,2.083333
T5_NC_pos-6,T5,NC,-6,leading,green,520.000000,2.083333
T5_NC_pos-6,T5,NC,-6,leading,green,525.000000,2.110822
T5_NC_pos-6,T5,NC,-6,leading,green,530.000000,2.129630
T5_NC_pos-6,T5,NC,-6,leading,green,535.000000,2.129630
T5_NC_pos-6,T5,NC,-6,leading,green,540.000000,2.141204
T5_NC_pos-6,T5,NC,-6,leading,green,545.000000,2.219329
T5_NC_pos-6,T5,NC,-6,leading,green,550.000000,2.222222
T5_NC_pos-6,T5,NC,-6,leading,green,555.000000,2.222222
T5_NC_pos-6,T5,NC,-6,leading,green,560.000000,2.222222
T5_NC_pos-6,T5,NC,-6,leading,green,565.000000,2.190394
T5_NC_pos-6,T5,NC,-6,leading,green,570.000000,2.129630
T5_NC_pos-6,T5,NC,-6,leading,green,575.000000,2.129630
T5_NC_pos-6,T5,NC,-6,leading,green,580.000000,2.129630
T5_NC_pos-6,T5,NC,-6,leading,green,585.000000,2.129630
T5_NC_pos-6,T5,NC,-6,leading,green,590.000000,2.103588
T5_NC_pos-6,T5,NC,-6,leading,green,595.000000,2.083333
T5_NC_pos-6,T5,NC,-6,leading,green,600.000000,2.083333
T5_NC_pos-6,T5,NC,-6,leading,green,605.000000,2.078993
T5_NC_pos-6,T5,NC,-6,leading,green,610.000000,2.039931
T5_NC_pos-6,T5,NC,-6,leading,green,615.000000,2.037037
T5_NC_pos-6,T5,NC,-6,leading,green,620.000000,2.065972
T5_NC_pos-6,T5,NC,-6,leading,green,625.000000,2.083333
T5_NC_pos-6,T5,NC,-6,leading,green,630.000000,2.054398
T5_NC_pos-6,T5,NC,-6,leading,green,635.000000,1.976273
T5_NC_pos-6,T5,NC,-6,leading,green,640.000000,1.898148
T5_NC_pos-6,T5,NC,-6,leading,green,645.000000,1.780961
T5_NC_pos-6,T5,NC,-6,leading,green,650.000000,1.695602
T5_NC_pos-6,T5,NC,-6,leading,green,655.000000,1.642072
T5_NC_pos-6,T5,NC,-6,leading,green,660.000000,1.620370
T5_NC_pos-6,T5,NC,-6,leading,green,665.000000,1.640625
T5_NC_pos-6,T5,NC,-6,leading,green,670.000000,1.715856
T5_NC_pos-6,T5,NC,-6,leading,green,675.000000,1.754919
T5_NC_pos-6,T5,NC,-6,leading,green,680.000000,1.932870
T5_NC_pos-6,T5,NC,-6,leading,green,685.000000,2.018229
T5_NC_pos-6,T5,NC,-6,leading,green,690.000000,2.057292
T5_NC_pos-6,T5,NC,-6,leading,green,695.000000,2.083333
T5_NC_pos-6,T5,NC,-6,leading,green,700.000000,2.054398
T5_NC_pos-6,T5,NC,-6,leading,green,705.000000,1.859086
T5_NC_pos-6,T5,NC,-6,leading,green,710.000000,1.663773
T5_NC_pos-6,T5,NC,-6,leading,green,715.000000,1.498843
T5_NC_pos-6,T5,NC,-6,leading,green,720.000000,1.412037
T5_NC_pos-6,T5,NC,-6,leading,green,725.000000,1.341146
T5_NC_pos-6,T5,NC,-6,leading,green,730.000000,1.250000
T5_PC_pos-5,T5,PC,-5,leading,black,-355.000000,0.000000
T5_PC_pos-5,T5,PC,-5,leading,black,-350.000000,0.000000
T5_PC_pos-5,T5,PC,-5,leading,black,-345.000000,0.000000
T5_PC_pos-5,T5,PC,-5,leading,black,-340.000000,0.000000
T5_PC_pos-5,T5,PC,-5,leading,black,-335.000000,0.000000
T5_PC_pos-5,T5,PC,-5,leading,black,-330.000000,0.000000
T5_PC_pos-5,T5,PC,-5,leading,black,-325.000000,0.000000
T5_PC_pos-5,T5,PC,-5,leading,black,-320.000000,0.000000
T5_PC_pos-5,T5,PC,-5,leading,black,-315.000000,0.000000
T5_PC_pos-5,T5,PC,-5,leading,black,-310.000000,0.000000
T5_PC_pos-5,T5,PC,-5,leading,black,-305.000000,0.000000
T5_PC_pos-5,T5,PC,-5,leading,black,-300.000000,0.000000
T5_PC_pos-5,T5,PC,-5,leading,black,-295.000000,0.000000
T5_PC_pos-5,T5,PC,-5,leading,black,-290.000000,0.000000
T5_PC_pos-5,T5,PC,-5,leading,black,-285.000000,0.000000
T5_PC_pos-5,T5,PC,-5,leading,black,-280.000000,0.000000
T5_PC_pos-5,T5,PC,-5,leading,black,-275.000000,0.000000
T5_PC_pos-5,T5,PC,-5,leading,black,-270.000000,0.000000
T5_PC_pos-5,T5,PC,-5,leading,black,-265.000000,0.000000
T5_PC_pos-5,T5,PC,-5,leading,black,-260.000000,0.000000
T5_PC_pos-5,T5,PC,-5,leading,black,-255.000000,0.000000
T5_PC_pos-5,T5,PC,-5,leading,black,-250.000000,0.000000
T5_PC_pos-5,T5,PC,-5,leading,black,-245.000000,0.000000
T5_PC_pos-5,T5,PC,-5,leading,black,-240.000000,0.000000
T5_PC_pos-5,T5,PC,-5,leading,black,-235.000000,0.000000
T5_PC_pos-5,T5,PC,-5,leading,black,-230.000000,0.000000
T5_PC_pos-5,T5,PC,-5,leading,black,-225.000000,0.000000
T5_PC_pos-5,T5,PC,-5,leading,black,-220.000000,0.000000
T5_PC_pos-5,T5,PC,-5,leading,black,-215.000000,0.000000
T5_PC_pos-5,T5,PC,-5,leading,black,-210.000000,0.000000
T5_PC_pos-5,T5,PC,-5,leading,black,-205.000000,0.000000
T5_PC_pos-5,T5,PC,-5,leading,black,-200.000000,0.000000
T5_PC_pos-5,T5,PC,-5,leading,black,-195.000000,-0.017361
T5_PC_pos-5,T5,PC,-5,leading,black,-190.000000,-0.173611
T5_PC_pos-5,T5,PC,-5,leading,black,-185.000000,-0.185185
T5_PC_pos-5,T5,PC,-5,leading,black,-180.000000,-0.185185
T5_PC_pos-5,T5,PC,-5,leading,black,-175.000000,-0.185185
T5_PC_pos-5,T5,PC,-5,leading,black,-170.000000,-0.199653
T5_PC_pos-5,T5,PC,-5,leading,black,-165.000000,-0.224248
T5_PC_pos-5,T5,PC,-5,leading,black,-160.000000,-0.185185
T5_PC_pos-5,T5,PC,-5,leading,black,-155.000000,-0.041956
T5_PC_pos-5,T5,PC,-5,leading,black,-150.000000,0.133102
T5_PC_pos-5,T5,PC,-5,leading,black,-145.000000,0.315394
T5_PC_pos-5,T5,PC,-5,leading,black,-140.000000,0.434028
T5_PC_pos-5,T5,PC,-5,leading,black,-135.000000,0.462963
T5_PC_pos-5,T5,PC,-5,leading,black,-130.000000,0.460069
T5_PC_pos-5,T5,PC,-5,leading,black,-125.000000,0.421007
T5_PC_pos-5,T5,PC,-5,leading,black,-120.000000,0.347222
T5_PC_pos-5,T5,PC,-5,leading,black,-115.000000,0.324074
T5_PC_pos-5,T5,PC,-5,leading,black,-110.000000,0.311745
T5_PC_pos-5,T5,PC,-5,leading,black,-105.000000,0.287968
T5_PC_pos-5,T5,PC,-5,leading,black,-100.000000,0.264191
T5_PC_pos-5,T5,PC,-5,leading,black,-95.000000,0.240414
T5_PC_pos-5,T5,PC,-5,leading,black,-90.000000,0.216636
T5_PC_pos-5,T5,PC,-5,leading,black,-85.000000,0.192859
T5_PC_pos-5,T5,PC,-5,leading,black,-80.000000,0.169082
T5_PC_pos-5,T5,PC,-5,leading,black,-75.000000,0.145305
T5_PC_pos-5,T5,PC,-5,leading,black,-70.000000,0.121528
T5_PC_pos-5,T5,PC,-5,leading,black,-65.000000,0.097751
T5_PC_pos-5,T5,PC,-5,leading,black,-60.000000,0.073973
T5_PC_pos-5,T5,PC,-5,leading,black,-55.000000,0.050196
T5_PC_pos-5,T5,PC,-5,leading,black,-50.000000,0.026419
T5_PC_pos-5,T5,PC,-5,leading,black,-45.000000,0.002642
T5_PC_pos-5,T5,PC,-5,leading,black,-40.000000,-0.021135
T5_PC_pos-5,T5,PC,-5,leading,black,-35.000000,-0.044912
T5_PC_pos-5,T5,PC,-5,leading,black,-30.000000,-0.068690
T5_PC_pos-5,T5,PC,-5,leading,black,-25.000000,-0.092467
T5_PC_pos-5,T5,PC,-5,leading,black,-20.000000,-0.116244
T5_PC_pos-5,T5,PC,-5,leading,black,-15.000000,-0.140021
T5_PC_pos-5,T5,PC,-5,leading,black,-10.000000,-0.163798
T5_PC_pos-5,T5,PC,-5,leading,black,-5.000000,-0.187575
T5_PC_pos-5,T5,PC,-5,leading,black,0.000000,-0.211353
T5_PC_pos-5,T5,PC,-5,leading,black,5.000000,-0.235130
T5_PC_pos-5,T5,PC,-5,leading,black,10.000000,-0.258907
T5_PC_pos-5,T5,PC,-5,leading,black,15.000000,-0.282684
T5_PC_pos-5,T5,PC,-5,leading,black,20.000000,-0.295894
T5_PC_pos-5,T5,PC,-5,leading,black,25.000000,-0.281804
T5_PC_pos-5,T5,PC,-5,leading,black,30.000000,-0.173611
T5_PC_pos-5,T5,PC,-5,leading,black,35.000000,0.607639
T5_PC_pos-5,T5,PC,-5,leading,black,40.000000,1.180556
T5_PC_pos-5,T5,PC,-5,leading,black,45.000000,1.809896
T5_PC_pos-5,T5,PC,-5,leading,black,50.000000,2.798032
T5_PC_pos-5,T5,PC,-5,leading,black,55.000000,4.087095
T5_PC_pos-5,T5,PC,-5,leading,black,60.000000,5.381944
T5_PC_pos-5,T5,PC,-5,leading,black,65.000000,6.710069
T5_PC_pos-5,T5,PC,-5,leading,black,70.000000,7.962963
T5_PC_pos-5,T5,PC,-5,leading,black,75.000000,8.909144
T5_PC_pos-5,T5,PC,-5,leading,black,80.000000,9.699074
T5_PC_pos-5,T5,PC,-5,leading,black,85.000000,10.393519
T5_PC_pos-5,T5,PC,-5,leading,black,90.000000,10.940394
T5_PC_pos-5,T5,PC,-5,leading,black,95.000000,11.215278
T5_PC_pos-5,T5,PC,-5,leading,black,100.000000,11.527778
T5_PC_pos-5,T5,PC,-5,leading,black,105.000000,11.707176
T5_PC_pos-5,T5,PC,-5,leading,black,110.000000,11.863426
T5_PC_pos-5,T5,PC,-5,leading,black,115.000000,11.944444
T5_PC_pos-5,T5,PC,-5,leading,black,120.000000,11.944444
T5_PC_pos-5,T5,PC,-5,leading,black,125.000000,11.935764
T5_PC_pos-5,T5,PC,-5,leading,black,130.000000,11.857639
T5_PC_pos-5,T5,PC,-5,leading,black,135.000000,11.815683
T5_PC_pos-5,T5,PC,-5,leading,black,140.000000,11.776620
T5_PC_pos-5,T5,PC,-5,leading,black,145.000000,11.672454
T5_PC_pos-5,T5,PC,-5,leading,black,150.000000,11.530671
T5_PC_pos-5,T5,PC,-5,leading,black,155.000000,11.435185
T5_PC_pos-5,T5,PC,-5,leading,black,160.000000,11.435185
T5_PC_pos-5,T5,PC,-5,leading,black,165.000000,11.435185
T5_PC_pos-5,T5,PC,-5,leading,black,170.000000,11.435185
T5_PC_pos-5,T5,PC,-5,leading,black,175.000000,11.385995
T5_PC_pos-5,T5,PC,-5,leading,black,180.000000,11.255787
T5_PC_pos-5,T5,PC,-5,leading,black,185.000000,11.030093
T5_PC_pos-5,T5,PC,-5,leading,black,190.000000,10.711806
T5_PC_pos-5,T5,PC,-5,leading,black,195.000000,10.321181
T5_PC_pos-5,T5,PC,-5,leading,black,200.000000,9.895833
T5_PC_pos-5,T5,PC,-5,leading,black,205.000000,9.493634
T5_PC_pos-5,T5,PC,-5,leading,black,210.000000,9.082755
T5_PC_pos-5,T5,PC,-5,leading,black,215.000000,8.718171
T5_PC_pos-5,T5,PC,-5,leading,black,220.000000,8.437500
T5_PC_pos-5,T5,PC,-5,leading,black,225.000000,7.890625
T5_PC_pos-5,T5,PC,-5,leading,black,230.000000,7.343750
T5_PC_pos-5,T5,PC,-5,leading,black,235.000000,7.222222
T5_PC_pos-5,T5,PC,-5,leading,black,240.000000,7.152778
T5_PC_pos-5,T5,PC,-5,leading,black,245.000000,7.067419
T5_PC_pos-5,T5,PC,-5,leading,black,250.000000,7.002315
T5_PC_pos-5,T5,PC,-5,leading,black,255.000000,6.846065
T5_PC_pos-5,T5,PC,-5,leading,black,260.000000,6.689815
T5_PC_pos-5,T5,PC,-5,leading,black,265.000000,6.500289
T5_PC_pos-5,T5,PC,-5,leading,black,270.000000,6.278935
T5_PC_pos-5,T5,PC,-5,leading,black,275.000000,6.063368
T5_PC_pos-5,T5,PC,-5,leading,black,280.000000,5.891204
T5_PC_pos-5,T5,PC,-5,leading,black,285.000000,5.769676
T5_PC_pos-5,T5,PC,-5,leading,black,290.000000,5.613426
T5_PC_pos-5,T5,PC,-5,leading,black,295.000000,5.457176
T5_PC_pos-5,T5,PC,-5,leading,black,300.000000,5.358796
T5_PC_pos-5,T5,PC,-5,leading,black,305.000000,5.237269
T5_PC_pos-5,T5,PC,-5,leading,black,310.000000,5.081019
T5_PC_pos-5,T5,PC,-5,leading,black,315.000000,4.939236
T5_PC_pos-5,T5,PC,-5,leading,black,320.000000,4.861111
T5_PC_pos-5,T5,PC,-5,leading,black,325.000000,4.743924
T5_PC_pos-5,T5,PC,-5,leading,black,330.000000,4.658565
T5_PC_pos-5,T5,PC,-5,leading,black,335.000000,4.555845
T5_PC_pos-5,T5,PC,-5,leading,black,340.000000,4.473380
T5_PC_pos-5,T5,PC,-5,leading,black,345.000000,4.424190
T5_PC_pos-5,T5,PC,-5,leading,black,350.000000,4.343171
T5_PC_pos-5,T5,PC,-5,leading,black,355.000000,4.225984
T5_PC_pos-5,T5,PC,-5,leading,black,360.000000,4.108796
T5_PC_pos-5,T5,PC,-5,leading,black,365.000000,3.991609
T5_PC_pos-5,T5,PC,-5,leading,black,370.000000,3.854167
T5_PC_pos-5,T5,PC,-5,leading,black,375.000000,3.723958
T5_PC_pos-5,T5,PC,-5,leading,black,380.000000,3.640046
T5_PC_pos-5,T5,PC,-5,leading,black,385.000000,3.522859
T5_PC_pos-5,T5,PC,-5,leading,black,390.000000,3.518519
T5_PC_pos-5,T5,PC,-5,leading,black,395.000000,3.518519
T5_PC_pos-5,T5,PC,-5,leading,black,400.000000,3.564815
T5_PC_pos-5,T5,PC,-5,leading,black,405.000000,3.611111
T5_PC_pos-5,T5,PC,-5,leading,black,410.000000,3.593750
T5_PC_pos-5,T5,PC,-5,leading,black,415.000000,3.517072
T5_PC_pos-5,T5,PC,-5,leading,black,420.000000,3.478009
T5_PC_pos-5,T5,PC,-5,leading,black,425.000000,3.438947
T5_PC_pos-5,T5,PC,-5,leading,black,430.000000,3.425926
T5_PC_pos-5,T5,PC,-5,leading,black,435.000000,3.444734
T5_PC_pos-5,T5,PC,-5,leading,black,440.000000,3.483796
T5_PC_pos-5,T5,PC,-5,leading,black,445.000000,3.518519
T5_PC_pos-5,T5,PC,-5,leading,black,450.000000,3.518519
T5_PC_pos-5,T5,PC,-5,leading,black,455.000000,3.482350
T5_PC_pos-5,T5,PC,-5,leading,black,460.000000,3.443287
T5_PC_pos-5,T5,PC,-5,leading,black,465.000000,3.425926
T5_PC_pos-5,T5,PC,-5,leading,black,470.000000,3.454861
T5_PC_pos-5,T5,PC,-5,leading,black,475.000000,3.518519
T5_PC_pos-5,T5,PC,-5,leading,black,480.000000,3.518519
T5_PC_pos-5,T5,PC,-5,leading,black,485.000000,3.401331
T5_PC_pos-5,T5,PC,-5,leading,black,490.000000,3.252315
T5_PC_pos-5,T5,PC,-5,leading,black,495.000000,3.169850
T5_PC_pos-5,T5,PC,-5,leading,black,500.000000,3.130787
T5_PC_pos-5,T5,PC,-5,leading,black,505.000000,3.101852
T5_PC_pos-5,T5,PC,-5,leading,black,510.000000,3.101852
T5_PC_pos-5,T5,PC,-5,leading,black,515.000000,3.101852
T5_PC_pos-5,T5,PC,-5,leading,black,520.000000,3.136574
T5_PC_pos-5,T5,PC,-5,leading,black,525.000000,3.148148
T5_PC_pos-5,T5,PC,-5,leading,black,530.000000,3.127894
T5_PC_pos-5,T5,PC,-5,leading,black,535.000000,3.101852
T5_PC_pos-5,T5,PC,-5,leading,black,540.000000,3.101852
T5_PC_pos-5,T5,PC,-5,leading,black,545.000000,3.101852
T5_PC_pos-5,T5,PC,-5,leading,black,550.000000,3.139468
T5_PC_pos-5,T5,PC,-5,leading,black,555.000000,3.208912
T5_PC_pos-5,T5,PC,-5,leading,black,560.000000,3.263889
T5_PC_pos-5,T5,PC,-5,leading,black,565.000000,3.287037
T5_PC_pos-5,T5,PC,-5,leading,black,570.000000,3.278356
T5_PC_pos-5,T5,PC,-5,leading,black,575.000000,3.239294
T5_PC_pos-5,T5,PC,-5,leading,black,580.000000,3.200231
T5_PC_pos-5,T5,PC,-5,leading,black,585.000000,3.194444
T5_PC_pos-5,T5,PC,-5,leading,black,590.000000,3.246528
T5_PC_pos-5,T5,PC,-5,leading,black,595.000000,3.305845
T5_PC_pos-5,T5,PC,-5,leading,black,600.000000,3.333333
T5_PC_pos-5,T5,PC,-5,leading,black,605.000000,3.320312
T5_PC_pos-5,T5,PC,-5,leading,black,610.000000,3.203125
T5_PC_pos-5,T5,PC,-5,leading,black,615.000000,3.085937
T5_PC_pos-5,T5,PC,-5,leading,black,620.000000,2.997685
T5_PC_pos-5,T5,PC,-5,leading,black,625.000000,2.919560
T5_PC_pos-5,T5,PC,-5,leading,black,630.000000,2.826968
T5_PC_pos-5,T5,PC,-5,leading,black,635.000000,2.717014
T5_PC_pos-5,T5,PC,-5,leading,black,640.000000,2.638889
T5_PC_pos-5,T5,PC,-5,leading,black,645.000000,2.560764
T5_PC_pos-5,T5,PC,-5,leading,black,650.000000,2.450810
T5_PC_pos-5,T5,PC,-5,leading,black,655.000000,2.358218
T5_PC_pos-5,T5,PC,-5,leading,black,660.000000,2.297454
T5_PC_pos-5,T5,PC,-5,leading,black,665.000000,2.248264
T5_PC_pos-5,T5,PC,-5,leading,black,670.000000,2.175926
T5_PC_pos-5,T5,PC,-5,leading,black,675.000000,2.175926
T5_PC_pos-5,T5,PC,-5,leading,black,680.000000,2.106481
T5_PC_pos-5,T5,PC,-5,leading,black,685.000000,2.055845
T5_PC_pos-5,T5,PC,-5,leading,black,690.000000,2.016782
T5_PC_pos-5,T5,PC,-5,leading,black,695.000000,1.990741
T5_PC_pos-5,T5,PC,-5,leading,black,700.000000,1.990741
T5_PC_pos-5,T5,PC,-5,leading,black,705.000000,1.990741
T5_PC_pos-5,T5,PC,-5,leading,black,710.000000,2.028356
T5_PC_pos-5,T5,PC,-5,leading,black,715.000000,2.037037
T5_PC_pos-5,T5,PC,-5,leading,black,720.000000,2.037037
T5_PC_pos-5,T5,PC,-5,leading,black,725.000000,2.068866
T5_PC_pos-5,T5,PC,-5,leading,black,730.000000,2.129630
T5_NC_pos-5,T5,NC,-5,leading,green,-355.000000,0.000000
T5_NC_pos-5,T5,NC,-5,leading,green,-350.000000,0.000000
T5_NC_pos-5,T5,NC,-5,leading,green,-345.000000,0.000000
T5_NC_pos-5,T5,NC,-5,leading,green,-340.000000,0.000000
T5_NC_pos-5,T5,NC,-5,leading,green,-335.000000,0.000000
T5_NC_pos-5,T5,NC,-5,leading,green,-330.000000,0.000000
T5_NC_pos-5,T5,NC,-5,leading,green,-325.000000,0.000000
T5_NC_pos-5,T5,NC,-5,leading,green,-320.000000,0.000000
T5_NC_pos-5,T5,NC,-5,leading,green,-315.000000,0.000000
T5_NC_pos-5,T5,NC,-5,leading,green,-310.000000,0.000000
T5_NC_pos-5,T5,NC,-5,leading,green,-305.000000,0.000000
T5_NC_pos-5,T5,NC,-5,leading,green,-300.000000,0.000000
T5_NC_pos-5,T5,NC,-5,leading,green,-295.000000,0.000000
T5_NC_pos-5,T5,NC,-5,leading,green,-290.000000,0.000000
T5_NC_pos-5,T5,NC,-5,leading,green,-285.000000,0.000000
T5_NC_pos-5,T5,NC,-5,leading,green,-280.000000,0.000000
T5_NC_pos-5,T5,NC,-5,leading,green,-275.000000,0.000000
T5_NC_pos-5,T5,NC,-5,leading,green,-270.000000,0.000000
T5_NC_pos-5,T5,NC,-5,leading,green,-265.000000,0.000000
T5_NC_pos-5,T5,NC,-5,leading,green,-260.000000,0.000000
T5_NC_pos-5,T5,NC,-5,leading,green,-255.000000,0.000000
T5_NC_pos-5,T5,NC,-5,leading,green,-250.000000,0.000000
T5_NC_pos-5,T5,NC,-5,leading,green,-245.000000,0.000000
T5_NC_pos-5,T5,NC,-5,leading,green,-240.000000,0.000000
T5_NC_pos-5,T5,NC,-5,leading,green,-235.000000,0.000000
T5_NC_pos-5,T5,NC,-5,leading,green,-230.000000,0.000000
T5_NC_pos-5,T5,NC,-5,leading,green,-225.000000,0.000000
T5_NC_pos-5,T5,NC,-5,leading,green,-220.000000,0.000000
T5_NC_pos-5,T5,NC,-5,leading,green,-215.000000,0.000000
T5_NC_pos-5,T5,NC,-5,leading,green,-210.000000,0.000000
T5_NC_pos-5,T5,NC,-5,leading,green,-205.000000,0.000000
T5_NC_pos-5,T5,NC,-5,leading,green,-200.000000,0.081019
T5_NC_pos-5,T5,NC,-5,leading,green,-195.000000,0.324074
T5_NC_pos-5,T5,NC,-5,leading,green,-190.000000,0.324074
T5_NC_pos-5,T5,NC,-5,leading,green,-185.000000,0.360243
T5_NC_pos-5,T5,NC,-5,leading,green,-180.000000,0.370370
T5_NC_pos-5,T5,NC,-5,leading,green,-175.000000,0.348669
T5_NC_pos-5,T5,NC,-5,leading,green,-170.000000,0.280671
T5_NC_pos-5,T5,NC,-5,leading,green,-165.000000,0.170718
T5_NC_pos-5,T5,NC,-5,leading,green,-160.000000,0.092593
T5_NC_pos-5,T5,NC,-5,leading,green,-155.000000,0.092593
T5_NC_pos-5,T5,NC,-5,leading,green,-150.000000,0.028935
T5_NC_pos-5,T5,NC,-5,leading,green,-145.000000,0.000000
T5_NC_pos-5,T5,NC,-5,leading,green,-140.000000,-0.017361
T5_NC_pos-5,T5,NC,-5,leading,green,-135.000000,-0.086806
T5_NC_pos-5,T5,NC,-5,leading,green,-130.000000,-0.231481
T5_NC_pos-5,T5,NC,-5,leading,green,-125.000000,-0.231481
T5_NC_pos-5,T5,NC,-5,leading,green,-120.000000,-0.231481
T5_NC_pos-5,T5,NC,-5,leading,green,-115.000000,-0.149016
T5_NC_pos-5,T5,NC,-5,leading,green,-110.000000,-0.092593
T5_NC_pos-5,T5,NC,-5,leading,green,-105.000000,-0.092593
T5_NC_pos-5,T5,NC,-5,leading,green,-100.000000,-0.098380
T5_NC_pos-5,T5,NC,-5,leading,green,-95.000000,-0.137442
T5_NC_pos-5,T5,NC,-5,leading,green,-90.000000,-0.138889
T5_NC_pos-5,T5,NC,-5,leading,green,-85.000000,-0.169271
T5_NC_pos-5,T5,NC,-5,leading,green,-80.000000,-0.185185
T5_NC_pos-5,T5,NC,-5,leading,green,-75.000000,-0.137442
T5_NC_pos-5,T5,NC,-5,leading,green,-70.000000,-0.028935
T5_NC_pos-5,T5,NC,-5,leading,green,-65.000000,0.046296
T5_NC_pos-5,T5,NC,-5,leading,green,-60.000000,0.046296
T5_NC_pos-5,T5,NC,-5,leading,green,-55.000000,0.046296
T5_NC_pos-5,T5,NC,-5,leading,green,-50.000000,0.046296
T5_NC_pos-5,T5,NC,-5,leading,green,-45.000000,0.008681
T5_NC_pos-5,T5,NC,-5,leading,green,-40.000000,-0.046296
T5_NC_pos-5,T5,NC,-5,leading,green,-35.000000,-0.041956
T5_NC_pos-5,T5,NC,-5,leading,green,-30.000000,-0.002894
T5_NC_pos-5,T5,NC,-5,leading,green,-25.000000,0.000000
T5_NC_pos-5,T5,NC,-5,leading,green,-20.000000,0.000000
T5_NC_pos-5,T5,NC,-5,leading,green,-15.000000,0.043403
T5_NC_pos-5,T5,NC,-5,leading,green,-10.000000,0.107060
T5_NC_pos-5,T5,NC,-5,leading,green,-5.000000,0.138889
T5_NC_pos-5,T5,NC,-5,leading,green,0.000000,0.138889
T5_NC_pos-5,T5,NC,-5,leading,green,5.000000,0.138889
T5_NC_pos-5,T5,NC,-5,leading,green,10.000000,0.107060
T5_NC_pos-5,T5,NC,-5,leading,green,15.000000,0.092593
T5_NC_pos-5,T5,NC,-5,leading,green,20.000000,0.092593
T5_NC_pos-5,T5,NC,-5,leading,green,25.000000,0.102720
T5_NC_pos-5,T5,NC,-5,leading,green,30.000000,0.138889
T5_NC_pos-5,T5,NC,-5,leading,green,35.000000,0.138889
T5_NC_pos-5,T5,NC,-5,leading,green,40.000000,0.034722
T5_NC_pos-5,T5,NC,-5,leading,green,45.000000,-0.109954
T5_NC_pos-5,T5,NC,-5,leading,green,50.000000,-0.185185
T5_NC_pos-5,T5,NC,-5,leading,green,55.000000,-0.041956
T5_NC_pos-5,T5,NC,-5,leading,green,60.000000,0.387731
T5_NC_pos-5,T5,NC,-5,leading,green,65.000000,0.817419
T5_NC_pos-5,T5,NC,-5,leading,green,70.000000,1.397569
T5_NC_pos-5,T5,NC,-5,leading,green,75.000000,1.922743
T5_NC_pos-5,T5,NC,-5,leading,green,80.000000,2.407407
T5_NC_pos-5,T5,NC,-5,leading,green,85.000000,2.812500
T5_NC_pos-5,T5,NC,-5,leading,green,90.000000,3.107639
T5_NC_pos-5,T5,NC,-5,leading,green,95.000000,3.343461
T5_NC_pos-5,T5,NC,-5,leading,green,100.000000,3.616898
T5_NC_pos-5,T5,NC,-5,leading,green,105.000000,3.757234
T5_NC_pos-5,T5,NC,-5,leading,green,110.000000,3.874421
T5_NC_pos-5,T5,NC,-5,leading,green,115.000000,3.972801
T5_NC_pos-5,T5,NC,-5,leading,green,120.000000,4.039352
T5_NC_pos-5,T5,NC,-5,leading,green,125.000000,4.074074
T5_NC_pos-5,T5,NC,-5,leading,green,130.000000,4.074074
T5_NC_pos-5,T5,NC,-5,leading,green,135.000000,3.965567
T5_NC_pos-5,T5,NC,-5,leading,green,140.000000,3.877315
T5_NC_pos-5,T5,NC,-5,leading,green,145.000000,3.799190
T5_NC_pos-5,T5,NC,-5,leading,green,150.000000,3.750000
T5_NC_pos-5,T5,NC,-5,leading,green,155.000000,3.757234
T5_NC_pos-5,T5,NC,-5,leading,green,160.000000,3.796296
T5_NC_pos-5,T5,NC,-5,leading,green,165.000000,3.796296
T5_NC_pos-5,T5,NC,-5,leading,green,170.000000,3.828125
T5_NC_pos-5,T5,NC,-5,leading,green,175.000000,3.940972
T5_NC_pos-5,T5,NC,-5,leading,green,180.000000,4.114583
T5_NC_pos-5,T5,NC,-5,leading,green,185.000000,4.330150
T5_NC_pos-5,T5,NC,-5,leading,green,190.000000,4.623843
T5_NC_pos-5,T5,NC,-5,leading,green,195.000000,5.170718
T5_NC_pos-5,T5,NC,-5,leading,green,200.000000,5.648148
T5_NC_pos-5,T5,NC,-5,leading,green,205.000000,6.171875
T5_NC_pos-5,T5,NC,-5,leading,green,210.000000,6.739005
T5_NC_pos-5,T5,NC,-5,leading,green,215.000000,7.259838
T5_NC_pos-5,T5,NC,-5,leading,green,220.000000,7.592593
T5_NC_pos-5,T5,NC,-5,leading,green,225.000000,7.592593
T5_NC_pos-5,T5,NC,-5,leading,green,230.000000,7.592593
T5_NC_pos-5,T5,NC,-5,leading,green,235.000000,7.592593
T5_NC_pos-5,T5,NC,-5,leading,green,240.000000,7.800926
T5_NC_pos-5,T5,NC,-5,leading,green,245.000000,8.025174
T5_NC_pos-5,T5,NC,-5,leading,green,250.000000,8.046875
T5_NC_pos-5,T5,NC,-5,leading,green,255.000000,8.009259
T5_NC_pos-5,T5,NC,-5,leading,green,260.000000,8.009259
T5_NC_pos-5,T5,NC,-5,leading,green,265.000000,7.942708
T5_NC_pos-5,T5,NC,-5,leading,green,270.000000,7.838542
T5_NC_pos-5,T5,NC,-5,leading,green,275.000000,7.721354
T5_NC_pos-5,T5,NC,-5,leading,green,280.000000,7.592593
T5_NC_pos-5,T5,NC,-5,leading,green,285.000000,7.432002
T5_NC_pos-5,T5,NC,-5,leading,green,290.000000,7.236690
T5_NC_pos-5,T5,NC,-5,leading,green,295.000000,7.077546
T5_NC_pos-5,T5,NC,-5,leading,green,300.000000,7.008102
T5_NC_pos-5,T5,NC,-5,leading,green,305.000000,6.925637
T5_NC_pos-5,T5,NC,-5,leading,green,310.000000,6.808449
T5_NC_pos-5,T5,NC,-5,leading,green,315.000000,6.691262
T5_NC_pos-5,T5,NC,-5,leading,green,320.000000,6.574074
T5_NC_pos-5,T5,NC,-5,leading,green,325.000000,6.456887
T5_NC_pos-5,T5,NC,-5,leading,green,330.000000,6.339699
T5_NC_pos-5,T5,NC,-5,leading,green,335.000000,6.197917
T5_NC_pos-5,T5,NC,-5,leading,green,340.000000,6.041667
T5_NC_pos-5,T5,NC,-5,leading,green,345.000000,5.875289
T5_NC_pos-5,T5,NC,-5,leading,green,350.000000,5.679977
T5_NC_pos-5,T5,NC,-5,leading,green,355.000000,5.484664
T5_NC_pos-5,T5,NC,-5,leading,green,360.000000,5.358796
T5_NC_pos-5,T5,NC,-5,leading,green,365.000000,5.186632
T5_NC_pos-5,T5,NC,-5,leading,green,370.000000,5.031829
T5_NC_pos-5,T5,NC,-5,leading,green,375.000000,4.927662
T5_NC_pos-5,T5,NC,-5,leading,green,380.000000,4.861111
T5_NC_pos-5,T5,NC,-5,leading,green,385.000000,4.861111
T5_NC_pos-5,T5,NC,-5,leading,green,390.000000,4.748264
T5_NC_pos-5,T5,NC,-5,leading,green,395.000000,4.631076
T5_NC_pos-5,T5,NC,-5,leading,green,400.000000,4.513889
T5_NC_pos-5,T5,NC,-5,leading,green,405.000000,4.412616
T5_NC_pos-5,T5,NC,-5,leading,green,410.000000,4.343171
T5_NC_pos-5,T5,NC,-5,leading,green,415.000000,4.301215
T5_NC_pos-5,T5,NC,-5,leading,green,420.000000,4.184028
T5_NC_pos-5,T5,NC,-5,leading,green,425.000000,4.000289
T5_NC_pos-5,T5,NC,-5,leading,green,430.000000,3.831019
T5_NC_pos-5,T5,NC,-5,leading,green,435.000000,3.655961
T5_NC_pos-5,T5,NC,-5,leading,green,440.000000,3.449074
T5_NC_pos-5,T5,NC,-5,leading,green,445.000000,3.219039
T5_NC_pos-5,T5,NC,-5,leading,green,450.000000,3.023727
T5_NC_pos-5,T5,NC,-5,leading,green,455.000000,2.828414
T5_NC_pos-5,T5,NC,-5,leading,green,460.000000,2.662037
T5_NC_pos-5,T5,NC,-5,leading,green,465.000000,2.527488
T5_NC_pos-5,T5,NC,-5,leading,green,470.000000,2.381366
T5_NC_pos-5,T5,NC,-5,leading,green,475.000000,2.214988
T5_NC_pos-5,T5,NC,-5,leading,green,480.000000,2.175926
T5_NC_pos-5,T5,NC,-5,leading,green,485.000000,2.136863
T5_NC_pos-5,T5,NC,-5,leading,green,490.000000,2.129630
T5_NC_pos-5,T5,NC,-5,leading,green,495.000000,2.178819
T5_NC_pos-5,T5,NC,-5,leading,green,500.000000,2.274306
T5_NC_pos-5,T5,NC,-5,leading,green,505.000000,2.371238
T5_NC_pos-5,T5,NC,-5,leading,green,510.000000,2.407407
T5_NC_pos-5,T5,NC,-5,leading,green,515.000000,2.407407
T5_NC_pos-5,T5,NC,-5,leading,green,520.000000,2.407407
T5_NC_pos-5,T5,NC,-5,leading,green,525.000000,2.379919
T5_NC_pos-5,T5,NC,-5,leading,green,530.000000,2.320602
T5_NC_pos-5,T5,NC,-5,leading,green,535.000000,2.268519
T5_NC_pos-5,T5,NC,-5,leading,green,540.000000,2.268519
T5_NC_pos-5,T5,NC,-5,leading,green,545.000000,2.268519
T5_NC_pos-5,T5,NC,-5,leading,green,550.000000,2.268519
T5_NC_pos-5,T5,NC,-5,leading,green,555.000000,2.268519
T5_NC_pos-5,T5,NC,-5,leading,green,560.000000,2.245370
T5_NC_pos-5,T5,NC,-5,leading,green,565.000000,2.222222
T5_NC_pos-5,T5,NC,-5,leading,green,570.000000,2.222222
T5_NC_pos-5,T5,NC,-5,leading,green,575.000000,2.217882
T5_NC_pos-5,T5,NC,-5,leading,green,580.000000,2.100694
T5_NC_pos-5,T5,NC,-5,leading,green,585.000000,2.050058
T5_NC_pos-5,T5,NC,-5,leading,green,590.000000,1.906829
T5_NC_pos-5,T5,NC,-5,leading,green,595.000000,1.730324
T5_NC_pos-5,T5,NC,-5,leading,green,600.000000,1.585648
T5_NC_pos-5,T5,NC,-5,leading,green,605.000000,1.468461
T5_NC_pos-5,T5,NC,-5,leading,green,610.000000,1.351273
T5_NC_pos-5,T5,NC,-5,leading,green,615.000000,1.234086
T5_NC_pos-5,T5,NC,-5,leading,green,620.000000,1.203704
T5_NC_pos-5,T5,NC,-5,leading,green,625.000000,1.203704
T5_NC_pos-5,T5,NC,-5,leading,green,630.000000,1.189236
T5_NC_pos-5,T5,NC,-5,leading,green,635.000000,1.150174
T5_NC_pos-5,T5,NC,-5,leading,green,640.000000,1.111111
T5_NC_pos-5,T5,NC,-5,leading,green,645.000000,1.111111
T5_NC_pos-5,T5,NC,-5,leading,green,650.000000,1.142940
T5_NC_pos-5,T5,NC,-5,leading,green,655.000000,1.206597
T5_NC_pos-5,T5,NC,-5,leading,green,660.000000,1.250000
T5_NC_pos-5,T5,NC,-5,leading,green,665.000000,1.239873
T5_NC_pos-5,T5,NC,-5,leading,green,670.000000,1.203704
T5_NC_pos-5,T5,NC,-5,leading,green,675.000000,1.203704
T5_NC_pos-5,T5,NC,-5,leading,green,680.000000,1.203704
T5_NC_pos-5,T5,NC,-5,leading,green,685.000000,1.176215
T5_NC_pos-5,T5,NC,-5,leading,green,690.000000,1.157407
T5_NC_pos-5,T5,NC,-5,leading,green,695.000000,1.157407
T5_NC_pos-5,T5,NC,-5,leading,green,700.000000,1.157407
T5_NC_pos-5,T5,NC,-5,leading,green,705.000000,1.157407
T5_NC_pos-5,T5,NC,-5,leading,green,710.000000,1.232639
T5_NC_pos-5,T5,NC,-5,leading,green,715.000000,1.250000
T5_NC_pos-5,T5,NC,-5,leading,green,720.000000,1.180556
T5_NC_pos-5,T5,NC,-5,leading,green,725.000000,1.063368
T5_NC_pos-5,T5,NC,-5,leading,green,730.000000,0.963542
T5_PC_pos-4,T5,PC,-4,leading,black,-355.000000,0.000000
T5_PC_pos-4,T5,PC,-4,leading,black,-350.000000,0.000000
T5_PC_pos-4,T5,PC,-4,leading,black,-345.000000,0.000000
T5_PC_pos-4,T5,PC,-4,leading,black,-340.000000,0.000000
T5_PC_pos-4,T5,PC,-4,leading,black,-335.000000,0.000000
T5_PC_pos-4,T5,PC,-4,leading,black,-330.000000,0.000000
T5_PC_pos-4,T5,PC,-4,leading,black,-325.000000,0.000000
T5_PC_pos-4,T5,PC,-4,leading,black,-320.000000,0.000000
T5_PC_pos-4,T5,PC,-4,leading,black,-315.000000,0.000000
T5_PC_pos-4,T5,PC,-4,leading,black,-310.000000,0.000000
T5_PC_pos-4,T5,PC,-4,leading,black,-305.000000,0.000000
T5_PC_pos-4,T5,PC,-4,leading,black,-300.000000,0.000000
T5_PC_pos-4,T5,PC,-4,leading,black,-295.000000,0.000000
T5_PC_pos-4,T5,PC,-4,leading,black,-290.000000,0.000000
T5_PC_pos-4,T5,PC,-4,leading,black,-285.000000,0.000000
T5_PC_pos-4,T5,PC,-4,leading,black,-280.000000,0.000000
T5_PC_pos-4,T5,PC,-4,leading,black,-275.000000,0.000000
T5_PC_pos-4,T5,PC,-4,leading,black,-270.000000,0.000000
T5_PC_pos-4,T5,PC,-4,leading,black,-265.000000,0.000000
T5_PC_pos-4,T5,PC,-4,leading,black,-260.000000,0.000000
T5_PC_pos-4,T5,PC,-4,leading,black,-255.000000,0.000000
T5_PC_pos-4,T5,PC,-4,leading,black,-250.000000,0.000000
T5_PC_pos-4,T5,PC,-4,leading,black,-245.000000,0.000000
T5_PC_pos-4,T5,PC,-4,leading,black,-240.000000,0.000000
T5_PC_pos-4,T5,PC,-4,leading,black,-235.000000,0.000000
T5_PC_pos-4,T5,PC,-4,leading,black,-230.000000,0.000000
T5_PC_pos-4,T5,PC,-4,leading,black,-225.000000,0.000000
T5_PC_pos-4,T5,PC,-4,leading,black,-220.000000,0.000000
T5_PC_pos-4,T5,PC,-4,leading,black,-215.000000,0.000000
T5_PC_pos-4,T5,PC,-4,leading,black,-210.000000,0.000000
T5_PC_pos-4,T5,PC,-4,leading,black,-205.000000,-0.150463
T5_PC_pos-4,T5,PC,-4,leading,black,-200.000000,-0.370370
T5_PC_pos-4,T5,PC,-4,leading,black,-195.000000,-0.366030
T5_PC_pos-4,T5,PC,-4,leading,black,-190.000000,-0.326968
T5_PC_pos-4,T5,PC,-4,leading,black,-185.000000,-0.287905
T5_PC_pos-4,T5,PC,-4,leading,black,-180.000000,-0.277778
T5_PC_pos-4,T5,PC,-4,leading,black,-175.000000,-0.228950
T5_PC_pos-4,T5,PC,-4,leading,black,-170.000000,-0.141059
T5_PC_pos-4,T5,PC,-4,leading,black,-165.000000,-0.053168
T5_PC_pos-4,T5,PC,-4,leading,black,-160.000000,0.034722
T5_PC_pos-4,T5,PC,-4,leading,black,-155.000000,0.122613
T5_PC_pos-4,T5,PC,-4,leading,black,-150.000000,0.138889
T5_PC_pos-4,T5,PC,-4,leading,black,-145.000000,0.114294
T5_PC_pos-4,T5,PC,-4,leading,black,-140.000000,0.040509
T5_PC_pos-4,T5,PC,-4,leading,black,-135.000000,-0.053048
T5_PC_pos-4,T5,PC,-4,leading,black,-130.000000,-0.077160
T5_PC_pos-4,T5,PC,-4,leading,black,-125.000000,-0.077160
T5_PC_pos-4,T5,PC,-4,leading,black,-120.000000,-0.065586
T5_PC_pos-4,T5,PC,-4,leading,black,-115.000000,-0.052566
T5_PC_pos-4,T5,PC,-4,leading,black,-110.000000,-0.039545
T5_PC_pos-4,T5,PC,-4,leading,black,-105.000000,-0.026524
T5_PC_pos-4,T5,PC,-4,leading,black,-100.000000,-0.013503
T5_PC_pos-4,T5,PC,-4,leading,black,-95.000000,-0.000482
T5_PC_pos-4,T5,PC,-4,leading,black,-90.000000,0.075231
T5_PC_pos-4,T5,PC,-4,leading,black,-85.000000,0.153356
T5_PC_pos-4,T5,PC,-4,leading,black,-80.000000,0.198413
T5_PC_pos-4,T5,PC,-4,leading,black,-75.000000,0.211640
T5_PC_pos-4,T5,PC,-4,leading,black,-70.000000,0.207920
T5_PC_pos-4,T5,PC,-4,leading,black,-65.000000,0.191179
T5_PC_pos-4,T5,PC,-4,leading,black,-60.000000,0.174438
T5_PC_pos-4,T5,PC,-4,leading,black,-55.000000,0.157697
T5_PC_pos-4,T5,PC,-4,leading,black,-50.000000,0.140956
T5_PC_pos-4,T5,PC,-4,leading,black,-45.000000,0.124215
T5_PC_pos-4,T5,PC,-4,leading,black,-40.000000,0.107474
T5_PC_pos-4,T5,PC,-4,leading,black,-35.000000,0.090732
T5_PC_pos-4,T5,PC,-4,leading,black,-30.000000,0.073991
T5_PC_pos-4,T5,PC,-4,leading,black,-25.000000,0.057250
T5_PC_pos-4,T5,PC,-4,leading,black,-20.000000,0.040509
T5_PC_pos-4,T5,PC,-4,leading,black,-15.000000,0.023768
T5_PC_pos-4,T5,PC,-4,leading,black,-10.000000,0.007027
T5_PC_pos-4,T5,PC,-4,leading,black,-5.000000,-0.009714
T5_PC_pos-4,T5,PC,-4,leading,black,0.000000,-0.026455
T5_PC_pos-4,T5,PC,-4,leading,black,5.000000,-0.043196
T5_PC_pos-4,T5,PC,-4,leading,black,10.000000,-0.046296
T5_PC_pos-4,T5,PC,-4,leading,black,15.000000,-0.046296
T5_PC_pos-4,T5,PC,-4,leading,black,20.000000,-0.028935
T5_PC_pos-4,T5,PC,-4,leading,black,25.000000,0.232928
T5_PC_pos-4,T5,PC,-4,leading,black,30.000000,1.105324
T5_PC_pos-4,T5,PC,-4,leading,black,35.000000,1.652199
T5_PC_pos-4,T5,PC,-4,leading,black,40.000000,2.546296
T5_PC_pos-4,T5,PC,-4,leading,black,45.000000,3.868634
T5_PC_pos-4,T5,PC,-4,leading,black,50.000000,5.393519
T5_PC_pos-4,T5,PC,-4,leading,black,55.000000,6.982060
T5_PC_pos-4,T5,PC,-4,leading,black,60.000000,8.582176
T5_PC_pos-4,T5,PC,-4,leading,black,65.000000,9.949363
T5_PC_pos-4,T5,PC,-4,leading,black,70.000000,10.940394
T5_PC_pos-4,T5,PC,-4,leading,black,75.000000,11.765046
T5_PC_pos-4,T5,PC,-4,leading,black,80.000000,12.407407
T5_PC_pos-4,T5,PC,-4,leading,black,85.000000,12.874711
T5_PC_pos-4,T5,PC,-4,leading,black,90.000000,13.234954
T5_PC_pos-4,T5,PC,-4,leading,black,95.000000,13.621238
T5_PC_pos-4,T5,PC,-4,leading,black,100.000000,13.894676
T5_PC_pos-4,T5,PC,-4,leading,black,105.000000,14.168113
T5_PC_pos-4,T5,PC,-4,leading,black,110.000000,14.467593
T5_PC_pos-4,T5,PC,-4,leading,black,115.000000,14.686053
T5_PC_pos-4,T5,PC,-4,leading,black,120.000000,14.791667
T5_PC_pos-4,T5,PC,-4,leading,black,125.000000,14.861111
T5_PC_pos-4,T5,PC,-4,leading,black,130.000000,14.861111
T5_PC_pos-4,T5,PC,-4,leading,black,135.000000,14.861111
T5_PC_pos-4,T5,PC,-4,leading,black,140.000000,14.774306
T5_PC_pos-4,T5,PC,-4,leading,black,145.000000,14.678819
T5_PC_pos-4,T5,PC,-4,leading,black,150.000000,14.586227
T5_PC_pos-4,T5,PC,-4,leading,black,155.000000,14.483507
T5_PC_pos-4,T5,PC,-4,leading,black,160.000000,14.444444
T5_PC_pos-4,T5,PC,-4,leading,black,165.000000,14.327257
T5_PC_pos-4,T5,PC,-4,leading,black,170.000000,14.178241
T5_PC_pos-4,T5,PC,-4,leading,black,175.000000,13.972801
T5_PC_pos-4,T5,PC,-4,leading,black,180.000000,13.703704
T5_PC_pos-4,T5,PC,-4,leading,black,185.000000,13.370949
T5_PC_pos-4,T5,PC,-4,leading,black,190.000000,12.980324
T5_PC_pos-4,T5,PC,-4,leading,black,195.000000,12.589699
T5_PC_pos-4,T5,PC,-4,leading,black,200.000000,12.094907
T5_PC_pos-4,T5,PC,-4,leading,black,205.000000,11.532118
T5_PC_pos-4,T5,PC,-4,leading,black,210.000000,11.027199
T5_PC_pos-4,T5,PC,-4,leading,black,215.000000,10.558449
T5_PC_pos-4,T5,PC,-4,leading,black,220.000000,10.011574
T5_PC_pos-4,T5,PC,-4,leading,black,225.000000,9.464699
T5_PC_pos-4,T5,PC,-4,leading,black,230.000000,9.068287
T5_PC_pos-4,T5,PC,-4,leading,black,235.000000,8.647280
T5_PC_pos-4,T5,PC,-4,leading,black,240.000000,8.402778
T5_PC_pos-4,T5,PC,-4,leading,black,245.000000,8.232060
T5_PC_pos-4,T5,PC,-4,leading,black,250.000000,7.983481
T5_PC_pos-4,T5,PC,-4,leading,black,255.000000,7.734901
T5_PC_pos-4,T5,PC,-4,leading,black,260.000000,7.486322
T5_PC_pos-4,T5,PC,-4,leading,black,265.000000,7.237742
T5_PC_pos-4,T5,PC,-4,leading,black,270.000000,6.989162
T5_PC_pos-4,T5,PC,-4,leading,black,275.000000,6.740583
T5_PC_pos-4,T5,PC,-4,leading,black,280.000000,6.492003
T5_PC_pos-4,T5,PC,-4,leading,black,285.000000,6.243424
T5_PC_pos-4,T5,PC,-4,leading,black,290.000000,5.994844
T5_PC_pos-4,T5,PC,-4,leading,black,295.000000,5.746265
T5_PC_pos-4,T5,PC,-4,leading,black,300.000000,5.497685
T5_PC_pos-4,T5,PC,-4,leading,black,305.000000,5.249106
T5_PC_pos-4,T5,PC,-4,leading,black,310.000000,5.083550
T5_PC_pos-4,T5,PC,-4,leading,black,315.000000,5.059136
T5_PC_pos-4,T5,PC,-4,leading,black,320.000000,5.034722
T5_PC_pos-4,T5,PC,-4,leading,black,325.000000,5.010308
T5_PC_pos-4,T5,PC,-4,leading,black,330.000000,4.985894
T5_PC_pos-4,T5,PC,-4,leading,black,335.000000,4.961480
T5_PC_pos-4,T5,PC,-4,leading,black,340.000000,4.937066
T5_PC_pos-4,T5,PC,-4,leading,black,345.000000,4.912652
T5_PC_pos-4,T5,PC,-4,leading,black,350.000000,4.888238
T5_PC_pos-4,T5,PC,-4,leading,black,355.000000,4.863824
T5_PC_pos-4,T5,PC,-4,leading,black,360.000000,4.861111
T5_PC_pos-4,T5,PC,-4,leading,black,365.000000,4.751157
T5_PC_pos-4,T5,PC,-4,leading,black,370.000000,4.615162
T5_PC_pos-4,T5,PC,-4,leading,black,375.000000,4.471933
T5_PC_pos-4,T5,PC,-4,leading,black,380.000000,4.282407
T5_PC_pos-4,T5,PC,-4,leading,black,385.000000,4.126157
T5_PC_pos-4,T5,PC,-4,leading,black,390.000000,4.082755
T5_PC_pos-4,T5,PC,-4,leading,black,395.000000,3.982928
T5_PC_pos-4,T5,PC,-4,leading,black,400.000000,3.858025
T5_PC_pos-4,T5,PC,-4,leading,black,405.000000,3.727816
T5_PC_pos-4,T5,PC,-4,leading,black,410.000000,3.597608
T5_PC_pos-4,T5,PC,-4,leading,black,415.000000,3.467400
T5_PC_pos-4,T5,PC,-4,leading,black,420.000000,3.337191
T5_PC_pos-4,T5,PC,-4,leading,black,425.000000,3.206983
T5_PC_pos-4,T5,PC,-4,leading,black,430.000000,3.076775
T5_PC_pos-4,T5,PC,-4,leading,black,435.000000,3.009259
T5_PC_pos-4,T5,PC,-4,leading,black,440.000000,2.997685
T5_PC_pos-4,T5,PC,-4,leading,black,445.000000,2.962963
T5_PC_pos-4,T5,PC,-4,leading,black,450.000000,2.962963
T5_PC_pos-4,T5,PC,-4,leading,black,455.000000,2.926794
T5_PC_pos-4,T5,PC,-4,leading,black,460.000000,2.884838
T5_PC_pos-4,T5,PC,-4,leading,black,465.000000,2.841869
T5_PC_pos-4,T5,PC,-4,leading,black,470.000000,2.798900
T5_PC_pos-4,T5,PC,-4,leading,black,475.000000,2.755932
T5_PC_pos-4,T5,PC,-4,leading,black,480.000000,2.712963
T5_PC_pos-4,T5,PC,-4,leading,black,485.000000,2.669994
T5_PC_pos-4,T5,PC,-4,leading,black,490.000000,2.627025
T5_PC_pos-4,T5,PC,-4,leading,black,495.000000,2.584057
T5_PC_pos-4,T5,PC,-4,leading,black,500.000000,2.541088
T5_PC_pos-4,T5,PC,-4,leading,black,505.000000,2.498119
T5_PC_pos-4,T5,PC,-4,leading,black,510.000000,2.455150
T5_PC_pos-4,T5,PC,-4,leading,black,515.000000,2.412182
T5_PC_pos-4,T5,PC,-4,leading,black,520.000000,2.407407
T5_PC_pos-4,T5,PC,-4,leading,black,525.000000,2.407407
T5_PC_pos-4,T5,PC,-4,leading,black,530.000000,2.366898
T5_PC_pos-4,T5,PC,-4,leading,black,535.000000,2.288773
T5_PC_pos-4,T5,PC,-4,leading,black,540.000000,2.204861
T5_PC_pos-4,T5,PC,-4,leading,black,545.000000,2.087674
T5_PC_pos-4,T5,PC,-4,leading,black,550.000000,2.045718
T5_PC_pos-4,T5,PC,-4,leading,black,555.000000,2.006655
T5_PC_pos-4,T5,PC,-4,leading,black,560.000000,1.989087
T5_PC_pos-4,T5,PC,-4,leading,black,565.000000,1.987434
T5_PC_pos-4,T5,PC,-4,leading,black,570.000000,1.986814
T5_PC_pos-4,T5,PC,-4,leading,black,575.000000,1.984024
T5_PC_pos-4,T5,PC,-4,leading,black,580.000000,1.981233
T5_PC_pos-4,T5,PC,-4,leading,black,585.000000,1.978443
T5_PC_pos-4,T5,PC,-4,leading,black,590.000000,1.975653
T5_PC_pos-4,T5,PC,-4,leading,black,595.000000,1.972863
T5_PC_pos-4,T5,PC,-4,leading,black,600.000000,1.970073
T5_PC_pos-4,T5,PC,-4,leading,black,605.000000,1.967283
T5_PC_pos-4,T5,PC,-4,leading,black,610.000000,1.964492
T5_PC_pos-4,T5,PC,-4,leading,black,615.000000,1.961702
T5_PC_pos-4,T5,PC,-4,leading,black,620.000000,1.958912
T5_PC_pos-4,T5,PC,-4,leading,black,625.000000,1.956122
T5_PC_pos-4,T5,PC,-4,leading,black,630.000000,1.953332
T5_PC_pos-4,T5,PC,-4,leading,black,635.000000,1.950542
T5_PC_pos-4,T5,PC,-4,leading,black,640.000000,1.947751
T5_PC_pos-4,T5,PC,-4,leading,black,645.000000,1.944961
T5_PC_pos-4,T5,PC,-4,leading,black,650.000000,1.880787
T5_PC_pos-4,T5,PC,-4,leading,black,655.000000,1.835455
T5_PC_pos-4,T5,PC,-4,leading,black,660.000000,1.809414
T5_PC_pos-4,T5,PC,-4,leading,black,665.000000,1.783372
T5_PC_pos-4,T5,PC,-4,leading,black,670.000000,1.756366
T5_PC_pos-4,T5,PC,-4,leading,black,675.000000,1.717303
T5_PC_pos-4,T5,PC,-4,leading,black,680.000000,1.712963
T5_PC_pos-4,T5,PC,-4,leading,black,685.000000,1.685475
T5_PC_pos-4,T5,PC,-4,leading,black,690.000000,1.646412
T5_PC_pos-4,T5,PC,-4,leading,black,695.000000,1.592469
T5_PC_pos-4,T5,PC,-4,leading,black,700.000000,1.502976
T5_PC_pos-4,T5,PC,-4,leading,black,705.000000,1.380208
T5_PC_pos-4,T5,PC,-4,leading,black,710.000000,1.257440
T5_PC_pos-4,T5,PC,-4,leading,black,715.000000,1.134673
T5_PC_pos-4,T5,PC,-4,leading,black,720.000000,1.011905
T5_PC_pos-4,T5,PC,-4,leading,black,725.000000,0.889137
T5_PC_pos-4,T5,PC,-4,leading,black,730.000000,0.766369
T5_NC_pos-4,T5,NC,-4,leading,green,-355.000000,0.000000
T5_NC_pos-4,T5,NC,-4,leading,green,-350.000000,0.000000
T5_NC_pos-4,T5,NC,-4,leading,green,-345.000000,0.000000
T5_NC_pos-4,T5,NC,-4,leading,green,-340.000000,0.000000
T5_NC_pos-4,T5,NC,-4,leading,green,-335.000000,0.000000
T5_NC_pos-4,T5,NC,-4,leading,green,-330.000000,0.000000
T5_NC_pos-4,T5,NC,-4,leading,green,-325.000000,0.000000
T5_NC_pos-4,T5,NC,-4,leading,green,-320.000000,0.000000
T5_NC_pos-4,T5,NC,-4,leading,green,-315.000000,0.000000
T5_NC_pos-4,T5,NC,-4,leading,green,-310.000000,0.000000
T5_NC_pos-4,T5,NC,-4,leading,green,-305.000000,0.000000
T5_NC_pos-4,T5,NC,-4,leading,green,-300.000000,0.000000
T5_NC_pos-4,T5,NC,-4,leading,green,-295.000000,0.000000
T5_NC_pos-4,T5,NC,-4,leading,green,-290.000000,0.000000
T5_NC_pos-4,T5,NC,-4,leading,green,-285.000000,0.000000
T5_NC_pos-4,T5,NC,-4,leading,green,-280.000000,0.000000
T5_NC_pos-4,T5,NC,-4,leading,green,-275.000000,0.000000
T5_NC_pos-4,T5,NC,-4,leading,green,-270.000000,0.000000
T5_NC_pos-4,T5,NC,-4,leading,green,-265.000000,0.000000
T5_NC_pos-4,T5,NC,-4,leading,green,-260.000000,0.000000
T5_NC_pos-4,T5,NC,-4,leading,green,-255.000000,0.000000
T5_NC_pos-4,T5,NC,-4,leading,green,-250.000000,0.000000
T5_NC_pos-4,T5,NC,-4,leading,green,-245.000000,0.000000
T5_NC_pos-4,T5,NC,-4,leading,green,-240.000000,0.000000
T5_NC_pos-4,T5,NC,-4,leading,green,-235.000000,0.000000
T5_NC_pos-4,T5,NC,-4,leading,green,-230.000000,0.000000
T5_NC_pos-4,T5,NC,-4,leading,green,-225.000000,0.000000
T5_NC_pos-4,T5,NC,-4,leading,green,-220.000000,0.000000
T5_NC_pos-4,T5,NC,-4,leading,green,-215.000000,0.000000
T5_NC_pos-4,T5,NC,-4,leading,green,-210.000000,0.000000
T5_NC_pos-4,T5,NC,-4,leading,green,-205.000000,0.000000
T5_NC_pos-4,T5,NC,-4,leading,green,-200.000000,0.092593
T5_NC_pos-4,T5,NC,-4,leading,green,-195.000000,0.361690
T5_NC_pos-4,T5,NC,-4,leading,green,-190.000000,0.283565
T5_NC_pos-4,T5,NC,-4,leading,green,-185.000000,0.169271
T5_NC_pos-4,T5,NC,-4,leading,green,-180.000000,0.109954
T5_NC_pos-4,T5,NC,-4,leading,green,-175.000000,0.092593
T5_NC_pos-4,T5,NC,-4,leading,green,-170.000000,0.034722
T5_NC_pos-4,T5,NC,-4,leading,green,-165.000000,-0.107060
T5_NC_pos-4,T5,NC,-4,leading,green,-160.000000,-0.185185
T5_NC_pos-4,T5,NC,-4,leading,green,-155.000000,-0.263310
T5_NC_pos-4,T5,NC,-4,leading,green,-150.000000,-0.277778
T5_NC_pos-4,T5,NC,-4,leading,green,-145.000000,-0.376157
T5_NC_pos-4,T5,NC,-4,leading,green,-140.000000,-0.462963
T5_NC_pos-4,T5,NC,-4,leading,green,-135.000000,-0.462963
T5_NC_pos-4,T5,NC,-4,leading,green,-130.000000,-0.457176
T5_NC_pos-4,T5,NC,-4,leading,green,-125.000000,-0.379051
T5_NC_pos-4,T5,NC,-4,leading,green,-120.000000,-0.370370
T5_NC_pos-4,T5,NC,-4,leading,green,-115.000000,-0.370370
T5_NC_pos-4,T5,NC,-4,leading,green,-110.000000,-0.370370
T5_NC_pos-4,T5,NC,-4,leading,green,-105.000000,-0.370370
T5_NC_pos-4,T5,NC,-4,leading,green,-100.000000,-0.370370
T5_NC_pos-4,T5,NC,-4,leading,green,-95.000000,-0.370370
T5_NC_pos-4,T5,NC,-4,leading,green,-90.000000,-0.332755
T5_NC_pos-4,T5,NC,-4,leading,green,-85.000000,-0.324074
T5_NC_pos-4,T5,NC,-4,leading,green,-80.000000,-0.324074
T5_NC_pos-4,T5,NC,-4,leading,green,-75.000000,-0.276331
T5_NC_pos-4,T5,NC,-4,leading,green,-70.000000,-0.167824
T5_NC_pos-4,T5,NC,-4,leading,green,-65.000000,-0.086806
T5_NC_pos-4,T5,NC,-4,leading,green,-60.000000,0.069444
T5_NC_pos-4,T5,NC,-4,leading,green,-55.000000,0.092593
T5_NC_pos-4,T5,NC,-4,leading,green,-50.000000,0.066551
T5_NC_pos-4,T5,NC,-4,leading,green,-45.000000,0.046296
T5_NC_pos-4,T5,NC,-4,leading,green,-40.000000,0.046296
T5_NC_pos-4,T5,NC,-4,leading,green,-35.000000,0.054977
T5_NC_pos-4,T5,NC,-4,leading,green,-30.000000,0.133102
T5_NC_pos-4,T5,NC,-4,leading,green,-25.000000,0.175058
T5_NC_pos-4,T5,NC,-4,leading,green,-20.000000,0.243056
T5_NC_pos-4,T5,NC,-4,leading,green,-15.000000,0.277778
T5_NC_pos-4,T5,NC,-4,leading,green,-10.000000,0.277778
T5_NC_pos-4,T5,NC,-4,leading,green,-5.000000,0.285012
T5_NC_pos-4,T5,NC,-4,leading,green,0.000000,0.324074
T5_NC_pos-4,T5,NC,-4,leading,green,5.000000,0.519387
T5_NC_pos-4,T5,NC,-4,leading,green,10.000000,0.555556
T5_NC_pos-4,T5,NC,-4,leading,green,15.000000,0.481771
T5_NC_pos-4,T5,NC,-4,leading,green,20.000000,0.416667
T5_NC_pos-4,T5,NC,-4,leading,green,25.000000,0.416667
T5_NC_pos-4,T5,NC,-4,leading,green,30.000000,0.416667
T5_NC_pos-4,T5,NC,-4,leading,green,35.000000,0.416667
T5_NC_pos-4,T5,NC,-4,leading,green,40.000000,0.416667
T5_NC_pos-4,T5,NC,-4,leading,green,45.000000,0.141782
T5_NC_pos-4,T5,NC,-4,leading,green,50.000000,-0.046296
T5_NC_pos-4,T5,NC,-4,leading,green,55.000000,0.005787
T5_NC_pos-4,T5,NC,-4,leading,green,60.000000,0.167824
T5_NC_pos-4,T5,NC,-4,leading,green,65.000000,0.363137
T5_NC_pos-4,T5,NC,-4,leading,green,70.000000,0.633681
T5_NC_pos-4,T5,NC,-4,leading,green,75.000000,0.876736
T5_NC_pos-4,T5,NC,-4,leading,green,80.000000,1.041667
T5_NC_pos-4,T5,NC,-4,leading,green,85.000000,1.127025
T5_NC_pos-4,T5,NC,-4,leading,green,90.000000,1.166088
T5_NC_pos-4,T5,NC,-4,leading,green,95.000000,1.203704
T5_NC_pos-4,T5,NC,-4,leading,green,100.000000,1.203704
T5_NC_pos-4,T5,NC,-4,leading,green,105.000000,1.203704
T5_NC_pos-4,T5,NC,-4,leading,green,110.000000,1.255787
T5_NC_pos-4,T5,NC,-4,leading,green,115.000000,1.315104
T5_NC_pos-4,T5,NC,-4,leading,green,120.000000,1.365741
T5_NC_pos-4,T5,NC,-4,leading,green,125.000000,1.435185
T5_NC_pos-4,T5,NC,-4,leading,green,130.000000,1.435185
T5_NC_pos-4,T5,NC,-4,leading,green,135.000000,1.471354
T5_NC_pos-4,T5,NC,-4,leading,green,140.000000,1.539352
T5_NC_pos-4,T5,NC,-4,leading,green,145.000000,1.639178
T5_NC_pos-4,T5,NC,-4,leading,green,150.000000,1.741898
T5_NC_pos-4,T5,NC,-4,leading,green,155.000000,1.805556
T5_NC_pos-4,T5,NC,-4,leading,green,160.000000,1.805556
T5_NC_pos-4,T5,NC,-4,leading,green,165.000000,1.766493
T5_NC_pos-4,T5,NC,-4,leading,green,170.000000,1.727431
T5_NC_pos-4,T5,NC,-4,leading,green,175.000000,1.688368
T5_NC_pos-4,T5,NC,-4,leading,green,180.000000,1.666667
T5_NC_pos-4,T5,NC,-4,leading,green,185.000000,1.727431
T5_NC_pos-4,T5,NC,-4,leading,green,190.000000,1.976273
T5_NC_pos-4,T5,NC,-4,leading,green,195.000000,2.405961
T5_NC_pos-4,T5,NC,-4,leading,green,200.000000,2.974537
T5_NC_pos-4,T5,NC,-4,leading,green,205.000000,3.642940
T5_NC_pos-4,T5,NC,-4,leading,green,210.000000,4.325810
T5_NC_pos-4,T5,NC,-4,leading,green,215.000000,5.002894
T5_NC_pos-4,T5,NC,-4,leading,green,220.000000,5.682870
T5_NC_pos-4,T5,NC,-4,leading,green,225.000000,6.229745
T5_NC_pos-4,T5,NC,-4,leading,green,230.000000,6.588542
T5_NC_pos-4,T5,NC,-4,leading,green,235.000000,7.031250
T5_NC_pos-4,T5,NC,-4,leading,green,240.000000,7.337963
T5_NC_pos-4,T5,NC,-4,leading,green,245.000000,7.453704
T5_NC_pos-4,T5,NC,-4,leading,green,250.000000,7.358218
T5_NC_pos-4,T5,NC,-4,leading,green,255.000000,6.940104
T5_NC_pos-4,T5,NC,-4,leading,green,260.000000,6.822917
T5_NC_pos-4,T5,NC,-4,leading,green,265.000000,6.572627
T5_NC_pos-4,T5,NC,-4,leading,green,270.000000,6.481481
T5_NC_pos-4,T5,NC,-4,leading,green,275.000000,6.387442
T5_NC_pos-4,T5,NC,-4,leading,green,280.000000,6.238426
T5_NC_pos-4,T5,NC,-4,leading,green,285.000000,6.151620
T5_NC_pos-4,T5,NC,-4,leading,green,290.000000,5.682870
T5_NC_pos-4,T5,NC,-4,leading,green,295.000000,5.611979
T5_NC_pos-4,T5,NC,-4,leading,green,300.000000,5.572917
T5_NC_pos-4,T5,NC,-4,leading,green,305.000000,5.512153
T5_NC_pos-4,T5,NC,-4,leading,green,310.000000,5.419560
T5_NC_pos-4,T5,NC,-4,leading,green,315.000000,5.302373
T5_NC_pos-4,T5,NC,-4,leading,green,320.000000,5.185185
T5_NC_pos-4,T5,NC,-4,leading,green,325.000000,5.067998
T5_NC_pos-4,T5,NC,-4,leading,green,330.000000,4.918981
T5_NC_pos-4,T5,NC,-4,leading,green,335.000000,4.738137
T5_NC_pos-4,T5,NC,-4,leading,green,340.000000,4.594907
T5_NC_pos-4,T5,NC,-4,leading,green,345.000000,4.537037
T5_NC_pos-4,T5,NC,-4,leading,green,350.000000,4.534144
T5_NC_pos-4,T5,NC,-4,leading,green,355.000000,4.495081
T5_NC_pos-4,T5,NC,-4,leading,green,360.000000,4.317130
T5_NC_pos-4,T5,NC,-4,leading,green,365.000000,4.176794
T5_NC_pos-4,T5,NC,-4,leading,green,370.000000,4.059606
T5_NC_pos-4,T5,NC,-4,leading,green,375.000000,3.981481
T5_NC_pos-4,T5,NC,-4,leading,green,380.000000,3.952546
T5_NC_pos-4,T5,NC,-4,leading,green,385.000000,3.757234
T5_NC_pos-4,T5,NC,-4,leading,green,390.000000,3.524306
T5_NC_pos-4,T5,NC,-4,leading,green,395.000000,3.411458
T5_NC_pos-4,T5,NC,-4,leading,green,400.000000,3.333333
T5_NC_pos-4,T5,NC,-4,leading,green,405.000000,3.207465
T5_NC_pos-4,T5,NC,-4,leading,green,410.000000,3.020833
T5_NC_pos-4,T5,NC,-4,leading,green,415.000000,2.864583
T5_NC_pos-4,T5,NC,-4,leading,green,420.000000,2.708333
T5_NC_pos-4,T5,NC,-4,leading,green,425.000000,2.651910
T5_NC_pos-4,T5,NC,-4,leading,green,430.000000,2.586806
T5_NC_pos-4,T5,NC,-4,leading,green,435.000000,2.471065
T5_NC_pos-4,T5,NC,-4,leading,green,440.000000,2.326389
T5_NC_pos-4,T5,NC,-4,leading,green,445.000000,2.217882
T5_NC_pos-4,T5,NC,-4,leading,green,450.000000,2.178819
T5_NC_pos-4,T5,NC,-4,leading,green,455.000000,2.175926
T5_NC_pos-4,T5,NC,-4,leading,green,460.000000,2.320602
T5_NC_pos-4,T5,NC,-4,leading,green,465.000000,2.407407
T5_NC_pos-4,T5,NC,-4,leading,green,470.000000,2.364005
T5_NC_pos-4,T5,NC,-4,leading,green,475.000000,2.268519
T5_NC_pos-4,T5,NC,-4,leading,green,480.000000,2.268519
T5_NC_pos-4,T5,NC,-4,leading,green,485.000000,2.229456
T5_NC_pos-4,T5,NC,-4,leading,green,490.000000,2.222222
T5_NC_pos-4,T5,NC,-4,leading,green,495.000000,2.148437
T5_NC_pos-4,T5,NC,-4,leading,green,500.000000,2.048611
T5_NC_pos-4,T5,NC,-4,leading,green,505.000000,1.990741
T5_NC_pos-4,T5,NC,-4,leading,green,510.000000,1.990741
T5_NC_pos-4,T5,NC,-4,leading,green,515.000000,1.990741
T5_NC_pos-4,T5,NC,-4,leading,green,520.000000,1.747685
T5_NC_pos-4,T5,NC,-4,leading,green,525.000000,1.639178
T5_NC_pos-4,T5,NC,-4,leading,green,530.000000,1.579861
T5_NC_pos-4,T5,NC,-4,leading,green,535.000000,1.501736
T5_NC_pos-4,T5,NC,-4,leading,green,540.000000,1.423611
T5_NC_pos-4,T5,NC,-4,leading,green,545.000000,1.345486
T5_NC_pos-4,T5,NC,-4,leading,green,550.000000,1.267361
T5_NC_pos-4,T5,NC,-4,leading,green,555.000000,1.250000
T5_NC_pos-4,T5,NC,-4,leading,green,560.000000,1.342593
T5_NC_pos-4,T5,NC,-4,leading,green,565.000000,1.451100
T5_NC_pos-4,T5,NC,-4,leading,green,570.000000,1.516204
T5_NC_pos-4,T5,NC,-4,leading,green,575.000000,1.666667
T5_NC_pos-4,T5,NC,-4,leading,green,580.000000,1.666667
T5_NC_pos-4,T5,NC,-4,leading,green,585.000000,1.666667
T5_NC_pos-4,T5,NC,-4,leading,green,590.000000,1.666667
T5_NC_pos-4,T5,NC,-4,leading,green,595.000000,1.741898
T5_NC_pos-4,T5,NC,-4,leading,green,600.000000,1.851852
T5_NC_pos-4,T5,NC,-4,leading,green,605.000000,1.825810
T5_NC_pos-4,T5,NC,-4,leading,green,610.000000,1.591435
T5_NC_pos-4,T5,NC,-4,leading,green,615.000000,1.574074
T5_NC_pos-4,T5,NC,-4,leading,green,620.000000,1.603009
T5_NC_pos-4,T5,NC,-4,leading,green,625.000000,1.620370
T5_NC_pos-4,T5,NC,-4,leading,green,630.000000,1.620370
T5_NC_pos-4,T5,NC,-4,leading,green,635.000000,1.605903
T5_NC_pos-4,T5,NC,-4,leading,green,640.000000,1.527778
T5_NC_pos-4,T5,NC,-4,leading,green,645.000000,1.488715
T5_NC_pos-4,T5,NC,-4,leading,green,650.000000,1.481481
T5_NC_pos-4,T5,NC,-4,leading,green,655.000000,1.555266
T5_NC_pos-4,T5,NC,-4,leading,green,660.000000,1.620370
T5_NC_pos-4,T5,NC,-4,leading,green,665.000000,1.610243
T5_NC_pos-4,T5,NC,-4,leading,green,670.000000,1.574074
T5_NC_pos-4,T5,NC,-4,leading,green,675.000000,1.574074
T5_NC_pos-4,T5,NC,-4,leading,green,680.000000,1.574074
T5_NC_pos-4,T5,NC,-4,leading,green,685.000000,1.519097
T5_NC_pos-4,T5,NC,-4,leading,green,690.000000,1.481481
T5_NC_pos-4,T5,NC,-4,leading,green,695.000000,1.416377
T5_NC_pos-4,T5,NC,-4,leading,green,700.000000,1.250000
T5_NC_pos-4,T5,NC,-4,leading,green,705.000000,1.250000
T5_NC_pos-4,T5,NC,-4,leading,green,710.000000,1.250000
T5_NC_pos-4,T5,NC,-4,leading,green,715.000000,1.098090
T5_NC_pos-4,T5,NC,-4,leading,green,720.000000,0.995370
T5_NC_pos-4,T5,NC,-4,leading,green,725.000000,0.972222
T5_PC_pos-3,T5,PC,-3,leading,black,-355.000000,0.000000
T5_PC_pos-3,T5,PC,-3,leading,black,-350.000000,0.000000
T5_PC_pos-3,T5,PC,-3,leading,black,-345.000000,0.000000
T5_PC_pos-3,T5,PC,-3,leading,black,-340.000000,0.000000
T5_PC_pos-3,T5,PC,-3,leading,black,-335.000000,0.000000
T5_PC_pos-3,T5,PC,-3,leading,black,-330.000000,0.000000
T5_PC_pos-3,T5,PC,-3,leading,black,-325.000000,0.000000
T5_PC_pos-3,T5,PC,-3,leading,black,-320.000000,0.000000
T5_PC_pos-3,T5,PC,-3,leading,black,-315.000000,0.000000
T5_PC_pos-3,T5,PC,-3,leading,black,-310.000000,0.000000
T5_PC_pos-3,T5,PC,-3,leading,black,-305.000000,0.000000
T5_PC_pos-3,T5,PC,-3,leading,black,-300.000000,0.000000
T5_PC_pos-3,T5,PC,-3,leading,black,-295.000000,0.000000
T5_PC_pos-3,T5,PC,-3,leading,black,-290.000000,0.000000
T5_PC_pos-3,T5,PC,-3,leading,black,-285.000000,0.000000
T5_PC_pos-3,T5,PC,-3,leading,black,-280.000000,0.000000
T5_PC_pos-3,T5,PC,-3,leading,black,-275.000000,0.000000
T5_PC_pos-3,T5,PC,-3,leading,black,-270.000000,0.000000
T5_PC_pos-3,T5,PC,-3,leading,black,-265.000000,0.000000
T5_PC_pos-3,T5,PC,-3,leading,black,-260.000000,0.000000
T5_PC_pos-3,T5,PC,-3,leading,black,-255.000000,0.000000
T5_PC_pos-3,T5,PC,-3,leading,black,-250.000000,0.000000
T5_PC_pos-3,T5,PC,-3,leading,black,-245.000000,0.000000
T5_PC_pos-3,T5,PC,-3,leading,black,-240.000000,0.000000
T5_PC_pos-3,T5,PC,-3,leading,black,-235.000000,0.000000
T5_PC_pos-3,T5,PC,-3,leading,black,-230.000000,0.000000
T5_PC_pos-3,T5,PC,-3,leading,black,-225.000000,0.000000
T5_PC_pos-3,T5,PC,-3,leading,black,-220.000000,0.000000
T5_PC_pos-3,T5,PC,-3,leading,black,-215.000000,0.000000
T5_PC_pos-3,T5,PC,-3,leading,black,-210.000000,0.000000
T5_PC_pos-3,T5,PC,-3,leading,black,-205.000000,0.000000
T5_PC_pos-3,T5,PC,-3,leading,black,-200.000000,-0.004630
T5_PC_pos-3,T5,PC,-3,leading,black,-195.000000,-0.020255
T5_PC_pos-3,T5,PC,-3,leading,black,-190.000000,-0.035880
T5_PC_pos-3,T5,PC,-3,leading,black,-185.000000,-0.051505
T5_PC_pos-3,T5,PC,-3,leading,black,-180.000000,-0.067130
T5_PC_pos-3,T5,PC,-3,leading,black,-175.000000,-0.082755
T5_PC_pos-3,T5,PC,-3,leading,black,-170.000000,-0.107060
T5_PC_pos-3,T5,PC,-3,leading,black,-165.000000,-0.138889
T5_PC_pos-3,T5,PC,-3,leading,black,-160.000000,-0.138889
T5_PC_pos-3,T5,PC,-3,leading,black,-155.000000,-0.177951
T5_PC_pos-3,T5,PC,-3,leading,black,-150.000000,-0.185185
T5_PC_pos-3,T5,PC,-3,leading,black,-145.000000,-0.185185
T5_PC_pos-3,T5,PC,-3,leading,black,-140.000000,-0.202546
T5_PC_pos-3,T5,PC,-3,leading,black,-135.000000,-0.231481
T5_PC_pos-3,T5,PC,-3,leading,black,-130.000000,-0.233013
T5_PC_pos-3,T5,PC,-3,leading,black,-125.000000,-0.253693
T5_PC_pos-3,T5,PC,-3,leading,black,-120.000000,-0.255991
T5_PC_pos-3,T5,PC,-3,leading,black,-115.000000,-0.243056
T5_PC_pos-3,T5,PC,-3,leading,black,-110.000000,-0.224673
T5_PC_pos-3,T5,PC,-3,leading,black,-105.000000,-0.206291
T5_PC_pos-3,T5,PC,-3,leading,black,-100.000000,-0.187908
T5_PC_pos-3,T5,PC,-3,leading,black,-95.000000,-0.169526
T5_PC_pos-3,T5,PC,-3,leading,black,-90.000000,-0.151144
T5_PC_pos-3,T5,PC,-3,leading,black,-85.000000,-0.132761
T5_PC_pos-3,T5,PC,-3,leading,black,-80.000000,-0.114379
T5_PC_pos-3,T5,PC,-3,leading,black,-75.000000,-0.095997
T5_PC_pos-3,T5,PC,-3,leading,black,-70.000000,-0.077614
T5_PC_pos-3,T5,PC,-3,leading,black,-65.000000,-0.059232
T5_PC_pos-3,T5,PC,-3,leading,black,-60.000000,-0.040850
T5_PC_pos-3,T5,PC,-3,leading,black,-55.000000,-0.022467
T5_PC_pos-3,T5,PC,-3,leading,black,-50.000000,-0.004085
T5_PC_pos-3,T5,PC,-3,leading,black,-45.000000,0.014297
T5_PC_pos-3,T5,PC,-3,leading,black,-40.000000,0.032680
T5_PC_pos-3,T5,PC,-3,leading,black,-35.000000,0.051062
T5_PC_pos-3,T5,PC,-3,leading,black,-30.000000,0.069444
T5_PC_pos-3,T5,PC,-3,leading,black,-25.000000,0.070806
T5_PC_pos-3,T5,PC,-3,leading,black,-20.000000,0.055487
T5_PC_pos-3,T5,PC,-3,leading,black,-15.000000,0.046296
T5_PC_pos-3,T5,PC,-3,leading,black,-10.000000,0.031829
T5_PC_pos-3,T5,PC,-3,leading,black,-5.000000,0.000000
T5_PC_pos-3,T5,PC,-3,leading,black,0.000000,0.000000
T5_PC_pos-3,T5,PC,-3,leading,black,5.000000,0.000000
T5_PC_pos-3,T5,PC,-3,leading,black,10.000000,0.000000
T5_PC_pos-3,T5,PC,-3,leading,black,15.000000,0.024595
T5_PC_pos-3,T5,PC,-3,leading,black,20.000000,0.098380
T5_PC_pos-3,T5,PC,-3,leading,black,25.000000,0.205440
T5_PC_pos-3,T5,PC,-3,leading,black,30.000000,0.491898
T5_PC_pos-3,T5,PC,-3,leading,black,35.000000,3.382523
T5_PC_pos-3,T5,PC,-3,leading,black,40.000000,4.884259
T5_PC_pos-3,T5,PC,-3,leading,black,45.000000,6.789641
T5_PC_pos-3,T5,PC,-3,leading,black,50.000000,9.140625
T5_PC_pos-3,T5,PC,-3,leading,black,55.000000,11.497396
T5_PC_pos-3,T5,PC,-3,leading,black,60.000000,13.437500
T5_PC_pos-3,T5,PC,-3,leading,black,65.000000,15.078125
T5_PC_pos-3,T5,PC,-3,leading,black,70.000000,16.380208
T5_PC_pos-3,T5,PC,-3,leading,black,75.000000,17.426215
T5_PC_pos-3,T5,PC,-3,leading,black,80.000000,18.333333
T5_PC_pos-3,T5,PC,-3,leading,black,85.000000,18.985822
T5_PC_pos-3,T5,PC,-3,leading,black,90.000000,19.320023
T5_PC_pos-3,T5,PC,-3,leading,black,95.000000,19.587674
T5_PC_pos-3,T5,PC,-3,leading,black,100.000000,19.704861
T5_PC_pos-3,T5,PC,-3,leading,black,105.000000,19.722222
T5_PC_pos-3,T5,PC,-3,leading,black,110.000000,19.722222
T5_PC_pos-3,T5,PC,-3,leading,black,115.000000,19.741030
T5_PC_pos-3,T5,PC,-3,leading,black,120.000000,19.768519
T5_PC_pos-3,T5,PC,-3,leading,black,125.000000,19.777199
T5_PC_pos-3,T5,PC,-3,leading,black,130.000000,19.855324
T5_PC_pos-3,T5,PC,-3,leading,black,135.000000,19.897280
T5_PC_pos-3,T5,PC,-3,leading,black,140.000000,19.907407
T5_PC_pos-3,T5,PC,-3,leading,black,145.000000,19.842303
T5_PC_pos-3,T5,PC,-3,leading,black,150.000000,19.696181
T5_PC_pos-3,T5,PC,-3,leading,black,155.000000,19.522569
T5_PC_pos-3,T5,PC,-3,leading,black,160.000000,19.444444
T5_PC_pos-3,T5,PC,-3,leading,black,165.000000,19.327257
T5_PC_pos-3,T5,PC,-3,leading,black,170.000000,19.241898
T5_PC_pos-3,T5,PC,-3,leading,black,175.000000,19.114583
T5_PC_pos-3,T5,PC,-3,leading,black,180.000000,18.906250
T5_PC_pos-3,T5,PC,-3,leading,black,185.000000,18.592303
T5_PC_pos-3,T5,PC,-3,leading,black,190.000000,18.142361
T5_PC_pos-3,T5,PC,-3,leading,black,195.000000,17.439236
T5_PC_pos-3,T5,PC,-3,leading,black,200.000000,16.666667
T5_PC_pos-3,T5,PC,-3,leading,black,205.000000,15.802951
T5_PC_pos-3,T5,PC,-3,leading,black,210.000000,14.904514
T5_PC_pos-3,T5,PC,-3,leading,black,215.000000,14.071181
T5_PC_pos-3,T5,PC,-3,leading,black,220.000000,13.373843
T5_PC_pos-3,T5,PC,-3,leading,black,225.000000,12.709780
T5_PC_pos-3,T5,PC,-3,leading,black,230.000000,12.158565
T5_PC_pos-3,T5,PC,-3,leading,black,235.000000,11.672454
T5_PC_pos-3,T5,PC,-3,leading,black,240.000000,11.273148
T5_PC_pos-3,T5,PC,-3,leading,black,245.000000,10.889757
T5_PC_pos-3,T5,PC,-3,leading,black,250.000000,10.468750
T5_PC_pos-3,T5,PC,-3,leading,black,255.000000,10.079572
T5_PC_pos-3,T5,PC,-3,leading,black,260.000000,9.728009
T5_PC_pos-3,T5,PC,-3,leading,black,265.000000,9.409722
T5_PC_pos-3,T5,PC,-3,leading,black,270.000000,9.097222
T5_PC_pos-3,T5,PC,-3,leading,black,275.000000,8.822338
T5_PC_pos-3,T5,PC,-3,leading,black,280.000000,8.576389
T5_PC_pos-3,T5,PC,-3,leading,black,285.000000,8.298611
T5_PC_pos-3,T5,PC,-3,leading,black,290.000000,7.986111
T5_PC_pos-3,T5,PC,-3,leading,black,295.000000,7.709780
T5_PC_pos-3,T5,PC,-3,leading,black,300.000000,7.465278
T5_PC_pos-3,T5,PC,-3,leading,black,305.000000,7.230903
T5_PC_pos-3,T5,PC,-3,leading,black,310.000000,7.018655
T5_PC_pos-3,T5,PC,-3,leading,black,315.000000,6.844022
T5_PC_pos-3,T5,PC,-3,leading,black,320.000000,6.669390
T5_PC_pos-3,T5,PC,-3,leading,black,325.000000,6.494758
T5_PC_pos-3,T5,PC,-3,leading,black,330.000000,6.320125
T5_PC_pos-3,T5,PC,-3,leading,black,335.000000,6.145493
T5_PC_pos-3,T5,PC,-3,leading,black,340.000000,5.970861
T5_PC_pos-3,T5,PC,-3,leading,black,345.000000,5.796228
T5_PC_pos-3,T5,PC,-3,leading,black,350.000000,5.621596
T5_PC_pos-3,T5,PC,-3,leading,black,355.000000,5.446964
T5_PC_pos-3,T5,PC,-3,leading,black,360.000000,5.272331
T5_PC_pos-3,T5,PC,-3,leading,black,365.000000,5.097699
T5_PC_pos-3,T5,PC,-3,leading,black,370.000000,4.923066
T5_PC_pos-3,T5,PC,-3,leading,black,375.000000,4.748434
T5_PC_pos-3,T5,PC,-3,leading,black,380.000000,4.573802
T5_PC_pos-3,T5,PC,-3,leading,black,385.000000,4.399169
T5_PC_pos-3,T5,PC,-3,leading,black,390.000000,4.224537
T5_PC_pos-3,T5,PC,-3,leading,black,395.000000,4.049905
T5_PC_pos-3,T5,PC,-3,leading,black,400.000000,3.875272
T5_PC_pos-3,T5,PC,-3,leading,black,405.000000,3.700640
T5_PC_pos-3,T5,PC,-3,leading,black,410.000000,3.521412
T5_PC_pos-3,T5,PC,-3,leading,black,415.000000,3.326100
T5_PC_pos-3,T5,PC,-3,leading,black,420.000000,3.130787
T5_PC_pos-3,T5,PC,-3,leading,black,425.000000,3.035301
T5_PC_pos-3,T5,PC,-3,leading,black,430.000000,2.957176
T5_PC_pos-3,T5,PC,-3,leading,black,435.000000,2.879051
T5_PC_pos-3,T5,PC,-3,leading,black,440.000000,2.789352
T5_PC_pos-3,T5,PC,-3,leading,black,445.000000,2.663484
T5_PC_pos-3,T5,PC,-3,leading,black,450.000000,2.468171
T5_PC_pos-3,T5,PC,-3,leading,black,455.000000,2.381366
T5_PC_pos-3,T5,PC,-3,leading,black,460.000000,2.274306
T5_PC_pos-3,T5,PC,-3,leading,black,465.000000,2.222222
T5_PC_pos-3,T5,PC,-3,leading,black,470.000000,2.222222
T5_PC_pos-3,T5,PC,-3,leading,black,475.000000,2.214988
T5_PC_pos-3,T5,PC,-3,leading,black,480.000000,2.175926
T5_PC_pos-3,T5,PC,-3,leading,black,485.000000,2.097801
T5_PC_pos-3,T5,PC,-3,leading,black,490.000000,2.019676
T5_PC_pos-3,T5,PC,-3,leading,black,495.000000,1.990741
T5_PC_pos-3,T5,PC,-3,leading,black,500.000000,1.990741
T5_PC_pos-3,T5,PC,-3,leading,black,505.000000,2.010995
T5_PC_pos-3,T5,PC,-3,leading,black,510.000000,2.083333
T5_PC_pos-3,T5,PC,-3,leading,black,515.000000,2.083333
T5_PC_pos-3,T5,PC,-3,leading,black,520.000000,2.118056
T5_PC_pos-3,T5,PC,-3,leading,black,525.000000,2.129630
T5_PC_pos-3,T5,PC,-3,leading,black,530.000000,2.170139
T5_PC_pos-3,T5,PC,-3,leading,black,535.000000,2.222222
T5_PC_pos-3,T5,PC,-3,leading,black,540.000000,2.222222
T5_PC_pos-3,T5,PC,-3,leading,black,545.000000,2.222222
T5_PC_pos-3,T5,PC,-3,leading,black,550.000000,2.184606
T5_PC_pos-3,T5,PC,-3,leading,black,555.000000,2.145544
T5_PC_pos-3,T5,PC,-3,leading,black,560.000000,2.129630
T5_PC_pos-3,T5,PC,-3,leading,black,565.000000,2.129630
T5_PC_pos-3,T5,PC,-3,leading,black,570.000000,2.103588
T5_PC_pos-3,T5,PC,-3,leading,black,575.000000,1.987847
T5_PC_pos-3,T5,PC,-3,leading,black,580.000000,1.909722
T5_PC_pos-3,T5,PC,-3,leading,black,585.000000,1.864873
T5_PC_pos-3,T5,PC,-3,leading,black,590.000000,1.773727
T5_PC_pos-3,T5,PC,-3,leading,black,595.000000,1.675347
T5_PC_pos-3,T5,PC,-3,leading,black,600.000000,1.608796
T5_PC_pos-3,T5,PC,-3,leading,black,605.000000,1.569734
T5_PC_pos-3,T5,PC,-3,leading,black,610.000000,1.530671
T5_PC_pos-3,T5,PC,-3,leading,black,615.000000,1.491609
T5_PC_pos-3,T5,PC,-3,leading,black,620.000000,1.452546
T5_PC_pos-3,T5,PC,-3,leading,black,625.000000,1.391782
T5_PC_pos-3,T5,PC,-3,leading,black,630.000000,1.299190
T5_PC_pos-3,T5,PC,-3,leading,black,635.000000,1.203704
T5_PC_pos-3,T5,PC,-3,leading,black,640.000000,1.203704
T5_PC_pos-3,T5,PC,-3,leading,black,645.000000,1.203704
T5_PC_pos-3,T5,PC,-3,leading,black,650.000000,1.203704
T5_PC_pos-3,T5,PC,-3,leading,black,655.000000,1.203704
T5_PC_pos-3,T5,PC,-3,leading,black,660.000000,1.203704
T5_PC_pos-3,T5,PC,-3,leading,black,665.000000,1.203704
T5_PC_pos-3,T5,PC,-3,leading,black,670.000000,1.203704
T5_PC_pos-3,T5,PC,-3,leading,black,675.000000,1.203704
T5_PC_pos-3,T5,PC,-3,leading,black,680.000000,1.203704
T5_PC_pos-3,T5,PC,-3,leading,black,685.000000,1.203704
T5_PC_pos-3,T5,PC,-3,leading,black,690.000000,1.203704
T5_PC_pos-3,T5,PC,-3,leading,black,695.000000,1.203704
T5_PC_pos-3,T5,PC,-3,leading,black,700.000000,1.203704
T5_PC_pos-3,T5,PC,-3,leading,black,705.000000,1.203704
T5_PC_pos-3,T5,PC,-3,leading,black,710.000000,1.203704
T5_PC_pos-3,T5,PC,-3,leading,black,715.000000,1.203704
T5_PC_pos-3,T5,PC,-3,leading,black,720.000000,1.203704
T5_PC_pos-3,T5,PC,-3,leading,black,725.000000,1.203704
T5_PC_pos-3,T5,PC,-3,leading,black,730.000000,1.203704
T5_NC_pos-3,T5,NC,-3,leading,green,-355.000000,0.000000
T5_NC_pos-3,T5,NC,-3,leading,green,-350.000000,0.000000
T5_NC_pos-3,T5,NC,-3,leading,green,-345.000000,0.000000
T5_NC_pos-3,T5,NC,-3,leading,green,-340.000000,0.000000
T5_NC_pos-3,T5,NC,-3,leading,green,-335.000000,0.000000
T5_NC_pos-3,T5,NC,-3,leading,green,-330.000000,0.000000
T5_NC_pos-3,T5,NC,-3,leading,green,-325.000000,0.000000
T5_NC_pos-3,T5,NC,-3,leading,green,-320.000000,0.000000
T5_NC_pos-3,T5,NC,-3,leading,green,-315.000000,0.000000
T5_NC_pos-3,T5,NC,-3,leading,green,-310.000000,0.000000
T5_NC_pos-3,T5,NC,-3,leading,green,-305.000000,0.000000
T5_NC_pos-3,T5,NC,-3,leading,green,-300.000000,0.000000
T5_NC_pos-3,T5,NC,-3,leading,green,-295.000000,0.000000
T5_NC_pos-3,T5,NC,-3,leading,green,-290.000000,0.000000
T5_NC_pos-3,T5,NC,-3,leading,green,-285.000000,0.000000
T5_NC_pos-3,T5,NC,-3,leading,green,-280.000000,0.000000
T5_NC_pos-3,T5,NC,-3,leading,green,-275.000000,0.000000
T5_NC_pos-3,T5,NC,-3,leading,green,-270.000000,0.000000
T5_NC_pos-3,T5,NC,-3,leading,green,-265.000000,0.000000
T5_NC_pos-3,T5,NC,-3,leading,green,-260.000000,0.000000
T5_NC_pos-3,T5,NC,-3,leading,green,-255.000000,0.000000
T5_NC_pos-3,T5,NC,-3,leading,green,-250.000000,0.000000
T5_NC_pos-3,T5,NC,-3,leading,green,-245.000000,0.000000
T5_NC_pos-3,T5,NC,-3,leading,green,-240.000000,0.000000
T5_NC_pos-3,T5,NC,-3,leading,green,-235.000000,0.000000
T5_NC_pos-3,T5,NC,-3,leading,green,-230.000000,0.000000
T5_NC_pos-3,T5,NC,-3,leading,green,-225.000000,0.000000
T5_NC_pos-3,T5,NC,-3,leading,green,-220.000000,0.000000
T5_NC_pos-3,T5,NC,-3,leading,green,-215.000000,0.000000
T5_NC_pos-3,T5,NC,-3,leading,green,-210.000000,0.000000
T5_NC_pos-3,T5,NC,-3,leading,green,-205.000000,0.075231
T5_NC_pos-3,T5,NC,-3,leading,green,-200.000000,0.173611
T5_NC_pos-3,T5,NC,-3,leading,green,-195.000000,0.138889
T5_NC_pos-3,T5,NC,-3,leading,green,-190.000000,0.138889
T5_NC_pos-3,T5,NC,-3,leading,green,-185.000000,0.175058
T5_NC_pos-3,T5,NC,-3,leading,green,-180.000000,0.214120
T5_NC_pos-3,T5,NC,-3,leading,green,-175.000000,0.231481
T5_NC_pos-3,T5,NC,-3,leading,green,-170.000000,0.231481
T5_NC_pos-3,T5,NC,-3,leading,green,-165.000000,0.224248
T5_NC_pos-3,T5,NC,-3,leading,green,-160.000000,0.185185
T5_NC_pos-3,T5,NC,-3,leading,green,-155.000000,0.146123
T5_NC_pos-3,T5,NC,-3,leading,green,-150.000000,0.138889
T5_NC_pos-3,T5,NC,-3,leading,green,-145.000000,0.138889
T5_NC_pos-3,T5,NC,-3,leading,green,-140.000000,0.138889
T5_NC_pos-3,T5,NC,-3,leading,green,-135.000000,0.138889
T5_NC_pos-3,T5,NC,-3,leading,green,-130.000000,0.133102
T5_NC_pos-3,T5,NC,-3,leading,green,-125.000000,0.054977
T5_NC_pos-3,T5,NC,-3,leading,green,-120.000000,0.011574
T5_NC_pos-3,T5,NC,-3,leading,green,-115.000000,0.000000
T5_NC_pos-3,T5,NC,-3,leading,green,-110.000000,-0.020255
T5_NC_pos-3,T5,NC,-3,leading,green,-105.000000,-0.046296
T5_NC_pos-3,T5,NC,-3,leading,green,-100.000000,-0.046296
T5_NC_pos-3,T5,NC,-3,leading,green,-95.000000,-0.046296
T5_NC_pos-3,T5,NC,-3,leading,green,-90.000000,-0.008681
T5_NC_pos-3,T5,NC,-3,leading,green,-85.000000,0.000000
T5_NC_pos-3,T5,NC,-3,leading,green,-80.000000,0.000000
T5_NC_pos-3,T5,NC,-3,leading,green,-75.000000,0.015914
T5_NC_pos-3,T5,NC,-3,leading,green,-70.000000,0.054977
T5_NC_pos-3,T5,NC,-3,leading,green,-65.000000,0.094039
T5_NC_pos-3,T5,NC,-3,leading,green,-60.000000,0.133102
T5_NC_pos-3,T5,NC,-3,leading,green,-55.000000,0.138889
T5_NC_pos-3,T5,NC,-3,leading,green,-50.000000,0.190972
T5_NC_pos-3,T5,NC,-3,leading,green,-45.000000,0.287905
T5_NC_pos-3,T5,NC,-3,leading,green,-40.000000,0.370370
T5_NC_pos-3,T5,NC,-3,leading,green,-35.000000,0.374711
T5_NC_pos-3,T5,NC,-3,leading,green,-30.000000,0.413773
T5_NC_pos-3,T5,NC,-3,leading,green,-25.000000,0.561343
T5_NC_pos-3,T5,NC,-3,leading,green,-20.000000,0.630787
T5_NC_pos-3,T5,NC,-3,leading,green,-15.000000,0.669850
T5_NC_pos-3,T5,NC,-3,leading,green,-10.000000,0.694444
T5_NC_pos-3,T5,NC,-3,leading,green,-5.000000,0.694444
T5_NC_pos-3,T5,NC,-3,leading,green,0.000000,0.694444
T5_NC_pos-3,T5,NC,-3,leading,green,5.000000,0.889757
T5_NC_pos-3,T5,NC,-3,leading,green,10.000000,0.925926
T5_NC_pos-3,T5,NC,-3,leading,green,15.000000,0.925926
T5_NC_pos-3,T5,NC,-3,leading,green,20.000000,0.943287
T5_NC_pos-3,T5,NC,-3,leading,green,25.000000,0.962095
T5_NC_pos-3,T5,NC,-3,leading,green,30.000000,0.925926
T5_NC_pos-3,T5,NC,-3,leading,green,35.000000,0.925926
T5_NC_pos-3,T5,NC,-3,leading,green,40.000000,0.717593
T5_NC_pos-3,T5,NC,-3,leading,green,45.000000,0.455729
T5_NC_pos-3,T5,NC,-3,leading,green,50.000000,0.243056
T5_NC_pos-3,T5,NC,-3,leading,green,55.000000,0.138889
T5_NC_pos-3,T5,NC,-3,leading,green,60.000000,0.138889
T5_NC_pos-3,T5,NC,-3,leading,green,65.000000,0.138889
T5_NC_pos-3,T5,NC,-3,leading,green,70.000000,0.251736
T5_NC_pos-3,T5,NC,-3,leading,green,75.000000,0.308160
T5_NC_pos-3,T5,NC,-3,leading,green,80.000000,0.324074
T5_NC_pos-3,T5,NC,-3,leading,green,85.000000,0.308160
T5_NC_pos-3,T5,NC,-3,leading,green,90.000000,0.243056
T5_NC_pos-3,T5,NC,-3,leading,green,95.000000,0.086806
T5_NC_pos-3,T5,NC,-3,leading,green,100.000000,-0.069444
T5_NC_pos-3,T5,NC,-3,leading,green,105.000000,-0.192419
T5_NC_pos-3,T5,NC,-3,leading,green,110.000000,-0.361690
T5_NC_pos-3,T5,NC,-3,leading,green,115.000000,-0.462963
T5_NC_pos-3,T5,NC,-3,leading,green,120.000000,-0.462963
T5_NC_pos-3,T5,NC,-3,leading,green,125.000000,-0.462963
T5_NC_pos-3,T5,NC,-3,leading,green,130.000000,-0.462963
T5_NC_pos-3,T5,NC,-3,leading,green,135.000000,-0.462963
T5_NC_pos-3,T5,NC,-3,leading,green,140.000000,-0.491898
T5_NC_pos-3,T5,NC,-3,leading,green,145.000000,-0.552662
T5_NC_pos-3,T5,NC,-3,leading,green,150.000000,-0.616319
T5_NC_pos-3,T5,NC,-3,leading,green,155.000000,-0.655382
T5_NC_pos-3,T5,NC,-3,leading,green,160.000000,-0.694444
T5_NC_pos-3,T5,NC,-3,leading,green,165.000000,-0.772569
T5_NC_pos-3,T5,NC,-3,leading,green,170.000000,-0.850694
T5_NC_pos-3,T5,NC,-3,leading,green,175.000000,-0.928819
T5_NC_pos-3,T5,NC,-3,leading,green,180.000000,-0.972222
T5_NC_pos-3,T5,NC,-3,leading,green,185.000000,-0.860822
T5_NC_pos-3,T5,NC,-3,leading,green,190.000000,-0.416667
T5_NC_pos-3,T5,NC,-3,leading,green,195.000000,0.208333
T5_NC_pos-3,T5,NC,-3,leading,green,200.000000,1.076389
T5_NC_pos-3,T5,NC,-3,leading,green,205.000000,2.029803
T5_NC_pos-3,T5,NC,-3,leading,green,210.000000,2.965856
T5_NC_pos-3,T5,NC,-3,leading,green,215.000000,3.838252
T5_NC_pos-3,T5,NC,-3,leading,green,220.000000,4.606481
T5_NC_pos-3,T5,NC,-3,leading,green,225.000000,5.075231
T5_NC_pos-3,T5,NC,-3,leading,green,230.000000,5.431134
T5_NC_pos-3,T5,NC,-3,leading,green,235.000000,5.691551
T5_NC_pos-3,T5,NC,-3,leading,green,240.000000,5.925926
T5_NC_pos-3,T5,NC,-3,leading,green,245.000000,6.176215
T5_NC_pos-3,T5,NC,-3,leading,green,250.000000,6.397569
T5_NC_pos-3,T5,NC,-3,leading,green,255.000000,6.439525
T5_NC_pos-3,T5,NC,-3,leading,green,260.000000,6.556713
T5_NC_pos-3,T5,NC,-3,leading,green,265.000000,6.574074
T5_NC_pos-3,T5,NC,-3,leading,green,270.000000,6.521991
T5_NC_pos-3,T5,NC,-3,leading,green,275.000000,6.481481
T5_NC_pos-3,T5,NC,-3,leading,green,280.000000,6.504630
T5_NC_pos-3,T5,NC,-3,leading,green,285.000000,6.578414
T5_NC_pos-3,T5,NC,-3,leading,green,290.000000,6.617477
T5_NC_pos-3,T5,NC,-3,leading,green,295.000000,6.620370
T5_NC_pos-3,T5,NC,-3,leading,green,300.000000,6.707176
T5_NC_pos-3,T5,NC,-3,leading,green,305.000000,6.672454
T5_NC_pos-3,T5,NC,-3,leading,green,310.000000,6.501736
T5_NC_pos-3,T5,NC,-3,leading,green,315.000000,6.291956
T5_NC_pos-3,T5,NC,-3,leading,green,320.000000,6.018519
T5_NC_pos-3,T5,NC,-3,leading,green,325.000000,5.862269
T5_NC_pos-3,T5,NC,-3,leading,green,330.000000,5.737847
T5_NC_pos-3,T5,NC,-3,leading,green,335.000000,5.620660
T5_NC_pos-3,T5,NC,-3,leading,green,340.000000,5.468750
T5_NC_pos-3,T5,NC,-3,leading,green,345.000000,5.283565
T5_NC_pos-3,T5,NC,-3,leading,green,350.000000,5.135995
T5_NC_pos-3,T5,NC,-3,leading,green,355.000000,5.096933
T5_NC_pos-3,T5,NC,-3,leading,green,360.000000,4.953704
T5_NC_pos-3,T5,NC,-3,leading,green,365.000000,4.769965
T5_NC_pos-3,T5,NC,-3,leading,green,370.000000,4.615162
T5_NC_pos-3,T5,NC,-3,leading,green,375.000000,4.510995
T5_NC_pos-3,T5,NC,-3,leading,green,380.000000,4.444444
T5_NC_pos-3,T5,NC,-3,leading,green,385.000000,4.444444
T5_NC_pos-3,T5,NC,-3,leading,green,390.000000,4.444444
T5_NC_pos-3,T5,NC,-3,leading,green,395.000000,4.383681
T5_NC_pos-3,T5,NC,-3,leading,green,400.000000,4.282407
T5_NC_pos-3,T5,NC,-3,leading,green,405.000000,4.181134
T5_NC_pos-3,T5,NC,-3,leading,green,410.000000,4.076968
T5_NC_pos-3,T5,NC,-3,leading,green,415.000000,3.881655
T5_NC_pos-3,T5,NC,-3,leading,green,420.000000,3.686343
T5_NC_pos-3,T5,NC,-3,leading,green,425.000000,3.657407
T5_NC_pos-3,T5,NC,-3,leading,green,430.000000,3.683449
T5_NC_pos-3,T5,NC,-3,leading,green,435.000000,3.741319
T5_NC_pos-3,T5,NC,-3,leading,green,440.000000,3.819444
T5_NC_pos-3,T5,NC,-3,leading,green,445.000000,3.906250
T5_NC_pos-3,T5,NC,-3,leading,green,450.000000,4.062500
T5_NC_pos-3,T5,NC,-3,leading,green,455.000000,4.146412
T5_NC_pos-3,T5,NC,-3,leading,green,460.000000,4.195602
T5_NC_pos-3,T5,NC,-3,leading,green,465.000000,4.234664
T5_NC_pos-3,T5,NC,-3,leading,green,470.000000,4.273727
T5_NC_pos-3,T5,NC,-3,leading,green,475.000000,4.305556
T5_NC_pos-3,T5,NC,-3,leading,green,480.000000,4.305556
T5_NC_pos-3,T5,NC,-3,leading,green,485.000000,4.227431
T5_NC_pos-3,T5,NC,-3,leading,green,490.000000,4.181134
T5_NC_pos-3,T5,NC,-3,leading,green,495.000000,4.117477
T5_NC_pos-3,T5,NC,-3,leading,green,500.000000,4.056713
T5_NC_pos-3,T5,NC,-3,leading,green,505.000000,4.007523
T5_NC_pos-3,T5,NC,-3,leading,green,510.000000,3.929398
T5_NC_pos-3,T5,NC,-3,leading,green,515.000000,3.851273
T5_NC_pos-3,T5,NC,-3,leading,green,520.000000,3.807870
T5_NC_pos-3,T5,NC,-3,leading,green,525.000000,3.741319
T5_NC_pos-3,T5,NC,-3,leading,green,530.000000,3.663194
T5_NC_pos-3,T5,NC,-3,leading,green,535.000000,3.559028
T5_NC_pos-3,T5,NC,-3,leading,green,540.000000,3.408565
T5_NC_pos-3,T5,NC,-3,leading,green,545.000000,3.291377
T5_NC_pos-3,T5,NC,-3,leading,green,550.000000,3.174190
T5_NC_pos-3,T5,NC,-3,leading,green,555.000000,3.026620
T5_NC_pos-3,T5,NC,-3,leading,green,560.000000,2.893519
T5_NC_pos-3,T5,NC,-3,leading,green,565.000000,2.808160
T5_NC_pos-3,T5,NC,-3,leading,green,570.000000,2.760417
T5_NC_pos-3,T5,NC,-3,leading,green,575.000000,2.682292
T5_NC_pos-3,T5,NC,-3,leading,green,580.000000,2.604167
T5_NC_pos-3,T5,NC,-3,leading,green,585.000000,2.559317
T5_NC_pos-3,T5,NC,-3,leading,green,590.000000,2.520255
T5_NC_pos-3,T5,NC,-3,leading,green,595.000000,2.443576
T5_NC_pos-3,T5,NC,-3,leading,green,600.000000,2.337963
T5_NC_pos-3,T5,NC,-3,leading,green,605.000000,2.264178
T5_NC_pos-3,T5,NC,-3,leading,green,610.000000,2.225116
T5_NC_pos-3,T5,NC,-3,leading,green,615.000000,2.005208
T5_NC_pos-3,T5,NC,-3,leading,green,620.000000,1.944444
T5_NC_pos-3,T5,NC,-3,leading,green,625.000000,1.901042
T5_NC_pos-3,T5,NC,-3,leading,green,630.000000,1.793981
T5_NC_pos-3,T5,NC,-3,leading,green,635.000000,1.652199
T5_NC_pos-3,T5,NC,-3,leading,green,640.000000,1.574074
T5_NC_pos-3,T5,NC,-3,leading,green,645.000000,1.495949
T5_NC_pos-3,T5,NC,-3,leading,green,650.000000,1.385995
T5_NC_pos-3,T5,NC,-3,leading,green,655.000000,1.342593
T5_NC_pos-3,T5,NC,-3,leading,green,660.000000,1.290509
T5_NC_pos-3,T5,NC,-3,leading,green,665.000000,1.203704
T5_NC_pos-3,T5,NC,-3,leading,green,670.000000,1.209491
T5_NC_pos-3,T5,NC,-3,leading,green,675.000000,1.287616
T5_NC_pos-3,T5,NC,-3,leading,green,680.000000,1.296296
T5_NC_pos-3,T5,NC,-3,leading,green,685.000000,1.323785
T5_NC_pos-3,T5,NC,-3,leading,green,690.000000,1.342593
T5_NC_pos-3,T5,NC,-3,leading,green,695.000000,1.342593
T5_NC_pos-3,T5,NC,-3,leading,green,700.000000,1.342593
T5_NC_pos-3,T5,NC,-3,leading,green,705.000000,1.342593
T5_NC_pos-3,T5,NC,-3,leading,green,710.000000,1.380208
T5_NC_pos-3,T5,NC,-3,leading,green,715.000000,1.419271
T5_NC_pos-3,T5,NC,-3,leading,green,720.000000,1.481481
T5_NC_pos-3,T5,NC,-3,leading,green,725.000000,1.527778
T5_PC_pos-2,T5,PC,-2,leading,black,-355.000000,0.000000
T5_PC_pos-2,T5,PC,-2,leading,black,-350.000000,0.000000
T5_PC_pos-2,T5,PC,-2,leading,black,-345.000000,0.000000
T5_PC_pos-2,T5,PC,-2,leading,black,-340.000000,0.000000
T5_PC_pos-2,T5,PC,-2,leading,black,-335.000000,0.000000
T5_PC_pos-2,T5,PC,-2,leading,black,-330.000000,0.000000
T5_PC_pos-2,T5,PC,-2,leading,black,-325.000000,0.000000
T5_PC_pos-2,T5,PC,-2,leading,black,-320.000000,0.000000
T5_PC_pos-2,T5,PC,-2,leading,black,-315.000000,0.000000
T5_PC_pos-2,T5,PC,-2,leading,black,-310.000000,0.000000
T5_PC_pos-2,T5,PC,-2,leading,black,-305.000000,0.000000
T5_PC_pos-2,T5,PC,-2,leading,black,-300.000000,0.000000
T5_PC_pos-2,T5,PC,-2,leading,black,-295.000000,0.000000
T5_PC_pos-2,T5,PC,-2,leading,black,-290.000000,0.000000
T5_PC_pos-2,T5,PC,-2,leading,black,-285.000000,0.000000
T5_PC_pos-2,T5,PC,-2,leading,black,-280.000000,0.000000
T5_PC_pos-2,T5,PC,-2,leading,black,-275.000000,0.000000
T5_PC_pos-2,T5,PC,-2,leading,black,-270.000000,0.000000
T5_PC_pos-2,T5,PC,-2,leading,black,-265.000000,0.000000
T5_PC_pos-2,T5,PC,-2,leading,black,-260.000000,0.000000
T5_PC_pos-2,T5,PC,-2,leading,black,-255.000000,0.000000
T5_PC_pos-2,T5,PC,-2,leading,black,-250.000000,0.000000
T5_PC_pos-2,T5,PC,-2,leading,black,-245.000000,0.000000
T5_PC_pos-2,T5,PC,-2,leading,black,-240.000000,0.000000
T5_PC_pos-2,T5,PC,-2,leading,black,-235.000000,0.000000
T5_PC_pos-2,T5,PC,-2,leading,black,-230.000000,0.000000
T5_PC_pos-2,T5,PC,-2,leading,black,-225.000000,0.000000
T5_PC_pos-2,T5,PC,-2,leading,black,-220.000000,0.000000
T5_PC_pos-2,T5,PC,-2,leading,black,-215.000000,0.000000
T5_PC_pos-2,T5,PC,-2,leading,black,-210.000000,0.000000
T5_PC_pos-2,T5,PC,-2,leading,black,-205.000000,0.225694
T5_PC_pos-2,T5,PC,-2,leading,black,-200.000000,0.555556
T5_PC_pos-2,T5,PC,-2,leading,black,-195.000000,0.559896
T5_PC_pos-2,T5,PC,-2,leading,black,-190.000000,0.598958
T5_PC_pos-2,T5,PC,-2,leading,black,-185.000000,0.601852
T5_PC_pos-2,T5,PC,-2,leading,black,-180.000000,0.572917
T5_PC_pos-2,T5,PC,-2,leading,black,-175.000000,0.533854
T5_PC_pos-2,T5,PC,-2,leading,black,-170.000000,0.465856
T5_PC_pos-2,T5,PC,-2,leading,black,-165.000000,0.370370
T5_PC_pos-2,T5,PC,-2,leading,black,-160.000000,0.370370
T5_PC_pos-2,T5,PC,-2,leading,black,-155.000000,0.292245
T5_PC_pos-2,T5,PC,-2,leading,black,-150.000000,0.233218
T5_PC_pos-2,T5,PC,-2,leading,black,-145.000000,0.178530
T5_PC_pos-2,T5,PC,-2,leading,black,-140.000000,0.123843
T5_PC_pos-2,T5,PC,-2,leading,black,-135.000000,0.069155
T5_PC_pos-2,T5,PC,-2,leading,black,-130.000000,0.017361
T5_PC_pos-2,T5,PC,-2,leading,black,-125.000000,0.001736
T5_PC_pos-2,T5,PC,-2,leading,black,-120.000000,0.000000
T5_PC_pos-2,T5,PC,-2,leading,black,-115.000000,0.027488
T5_PC_pos-2,T5,PC,-2,leading,black,-110.000000,0.046296
T5_PC_pos-2,T5,PC,-2,leading,black,-105.000000,0.046296
T5_PC_pos-2,T5,PC,-2,leading,black,-100.000000,0.046296
T5_PC_pos-2,T5,PC,-2,leading,black,-95.000000,0.046296
T5_PC_pos-2,T5,PC,-2,leading,black,-90.000000,0.008681
T5_PC_pos-2,T5,PC,-2,leading,black,-85.000000,0.000000
T5_PC_pos-2,T5,PC,-2,leading,black,-80.000000,-0.023148
T5_PC_pos-2,T5,PC,-2,leading,black,-75.000000,-0.062211
T5_PC_pos-2,T5,PC,-2,leading,black,-70.000000,-0.101273
T5_PC_pos-2,T5,PC,-2,leading,black,-65.000000,-0.141782
T5_PC_pos-2,T5,PC,-2,leading,black,-60.000000,-0.219907
T5_PC_pos-2,T5,PC,-2,leading,black,-55.000000,-0.298032
T5_PC_pos-2,T5,PC,-2,leading,black,-50.000000,-0.376157
T5_PC_pos-2,T5,PC,-2,leading,black,-45.000000,-0.416667
T5_PC_pos-2,T5,PC,-2,leading,black,-40.000000,-0.416667
T5_PC_pos-2,T5,PC,-2,leading,black,-35.000000,-0.416667
T5_PC_pos-2,T5,PC,-2,leading,black,-30.000000,-0.416667
T5_PC_pos-2,T5,PC,-2,leading,black,-25.000000,-0.416667
T5_PC_pos-2,T5,PC,-2,leading,black,-20.000000,-0.445602
T5_PC_pos-2,T5,PC,-2,leading,black,-15.000000,-0.480324
T5_PC_pos-2,T5,PC,-2,leading,black,-10.000000,-0.500000
T5_PC_pos-2,T5,PC,-2,leading,black,-5.000000,-0.498553
T5_PC_pos-2,T5,PC,-2,leading,black,0.000000,-0.490741
T5_PC_pos-2,T5,PC,-2,leading,black,5.000000,-0.482928
T5_PC_pos-2,T5,PC,-2,leading,black,10.000000,-0.475116
T5_PC_pos-2,T5,PC,-2,leading,black,15.000000,-0.467303
T5_PC_pos-2,T5,PC,-2,leading,black,20.000000,-0.462963
T5_PC_pos-2,T5,PC,-2,leading,black,25.000000,0.094039
T5_PC_pos-2,T5,PC,-2,leading,black,30.000000,2.207755
T5_PC_pos-2,T5,PC,-2,leading,black,35.000000,3.887442
T5_PC_pos-2,T5,PC,-2,leading,black,40.000000,5.879630
T5_PC_pos-2,T5,PC,-2,leading,black,45.000000,8.433160
T5_PC_pos-2,T5,PC,-2,leading,black,50.000000,11.105324
T5_PC_pos-2,T5,PC,-2,leading,black,55.000000,13.514178
T5_PC_pos-2,T5,PC,-2,leading,black,60.000000,15.497685
T5_PC_pos-2,T5,PC,-2,leading,black,65.000000,16.982060
T5_PC_pos-2,T5,PC,-2,leading,black,70.000000,18.240741
T5_PC_pos-2,T5,PC,-2,leading,black,75.000000,19.186921
T5_PC_pos-2,T5,PC,-2,leading,black,80.000000,19.953704
T5_PC_pos-2,T5,PC,-2,leading,black,85.000000,20.577257
T5_PC_pos-2,T5,PC,-2,leading,black,90.000000,21.024306
T5_PC_pos-2,T5,PC,-2,leading,black,95.000000,21.257234
T5_PC_pos-2,T5,PC,-2,leading,black,100.000000,21.452546
T5_PC_pos-2,T5,PC,-2,leading,black,105.000000,21.514757
T5_PC_pos-2,T5,PC,-2,leading,black,110.000000,21.579861
T5_PC_pos-2,T5,PC,-2,leading,black,115.000000,21.639178
T5_PC_pos-2,T5,PC,-2,leading,black,120.000000,21.689815
T5_PC_pos-2,T5,PC,-2,leading,black,125.000000,21.780961
T5_PC_pos-2,T5,PC,-2,leading,black,130.000000,21.976273
T5_PC_pos-2,T5,PC,-2,leading,black,135.000000,22.026910
T5_PC_pos-2,T5,PC,-2,leading,black,140.000000,22.037037
T5_PC_pos-2,T5,PC,-2,leading,black,145.000000,21.993634
T5_PC_pos-2,T5,PC,-2,leading,black,150.000000,21.929977
T5_PC_pos-2,T5,PC,-2,leading,black,155.000000,21.898148
T5_PC_pos-2,T5,PC,-2,leading,black,160.000000,21.898148
T5_PC_pos-2,T5,PC,-2,leading,black,165.000000,21.859086
T5_PC_pos-2,T5,PC,-2,leading,black,170.000000,21.724537
T5_PC_pos-2,T5,PC,-2,leading,black,175.000000,21.494502
T5_PC_pos-2,T5,PC,-2,leading,black,180.000000,21.168981
T5_PC_pos-2,T5,PC,-2,leading,black,185.000000,20.727720
T5_PC_pos-2,T5,PC,-2,leading,black,190.000000,20.130208
T5_PC_pos-2,T5,PC,-2,leading,black,195.000000,19.388021
T5_PC_pos-2,T5,PC,-2,leading,black,200.000000,18.506944
T5_PC_pos-2,T5,PC,-2,leading,black,205.000000,17.553530
T5_PC_pos-2,T5,PC,-2,leading,black,210.000000,16.637731
T5_PC_pos-2,T5,PC,-2,leading,black,215.000000,15.752315
T5_PC_pos-2,T5,PC,-2,leading,black,220.000000,14.826389
T5_PC_pos-2,T5,PC,-2,leading,black,225.000000,13.967014
T5_PC_pos-2,T5,PC,-2,leading,black,230.000000,13.220486
T5_PC_pos-2,T5,PC,-2,leading,black,235.000000,12.539062
T5_PC_pos-2,T5,PC,-2,leading,black,240.000000,11.875000
T5_PC_pos-2,T5,PC,-2,leading,black,245.000000,11.290509
T5_PC_pos-2,T5,PC,-2,leading,black,250.000000,10.813079
T5_PC_pos-2,T5,PC,-2,leading,black,255.000000,10.309606
T5_PC_pos-2,T5,PC,-2,leading,black,260.000000,9.918981
T5_PC_pos-2,T5,PC,-2,leading,black,265.000000,9.528356
T5_PC_pos-2,T5,PC,-2,leading,black,270.000000,9.137731
T5_PC_pos-2,T5,PC,-2,leading,black,275.000000,8.765914
T5_PC_pos-2,T5,PC,-2,leading,black,280.000000,8.414352
T5_PC_pos-2,T5,PC,-2,leading,black,285.000000,8.075810
T5_PC_pos-2,T5,PC,-2,leading,black,290.000000,7.841435
T5_PC_pos-2,T5,PC,-2,leading,black,295.000000,7.570891
T5_PC_pos-2,T5,PC,-2,leading,black,300.000000,7.442130
T5_PC_pos-2,T5,PC,-2,leading,black,305.000000,7.298900
T5_PC_pos-2,T5,PC,-2,leading,black,310.000000,6.929977
T5_PC_pos-2,T5,PC,-2,leading,black,315.000000,6.265914
T5_PC_pos-2,T5,PC,-2,leading,black,320.000000,5.601852
T5_PC_pos-2,T5,PC,-2,leading,black,325.000000,5.484664
T5_PC_pos-2,T5,PC,-2,leading,black,330.000000,5.367477
T5_PC_pos-2,T5,PC,-2,leading,black,335.000000,5.176505
T5_PC_pos-2,T5,PC,-2,leading,black,340.000000,4.976852
T5_PC_pos-2,T5,PC,-2,leading,black,345.000000,4.830729
T5_PC_pos-2,T5,PC,-2,leading,black,350.000000,4.704861
T5_PC_pos-2,T5,PC,-2,leading,black,355.000000,4.470486
T5_PC_pos-2,T5,PC,-2,leading,black,360.000000,4.236111
T5_PC_pos-2,T5,PC,-2,leading,black,365.000000,4.029225
T5_PC_pos-2,T5,PC,-2,leading,black,370.000000,3.813657
T5_PC_pos-2,T5,PC,-2,leading,black,375.000000,3.605324
T5_PC_pos-2,T5,PC,-2,leading,black,380.000000,3.443287
T5_PC_pos-2,T5,PC,-2,leading,black,385.000000,3.247975
T5_PC_pos-2,T5,PC,-2,leading,black,390.000000,3.090278
T5_PC_pos-2,T5,PC,-2,leading,black,395.000000,2.994792
T5_PC_pos-2,T5,PC,-2,leading,black,400.000000,2.916667
T5_PC_pos-2,T5,PC,-2,leading,black,405.000000,2.838542
T5_PC_pos-2,T5,PC,-2,leading,black,410.000000,2.769097
T5_PC_pos-2,T5,PC,-2,leading,black,415.000000,2.728588
T5_PC_pos-2,T5,PC,-2,leading,black,420.000000,2.650463
T5_PC_pos-2,T5,PC,-2,leading,black,425.000000,2.572338
T5_PC_pos-2,T5,PC,-2,leading,black,430.000000,2.468171
T5_PC_pos-2,T5,PC,-2,leading,black,435.000000,2.332176
T5_PC_pos-2,T5,PC,-2,leading,black,440.000000,2.175926
T5_PC_pos-2,T5,PC,-2,leading,black,445.000000,2.032697
T5_PC_pos-2,T5,PC,-2,leading,black,450.000000,1.993634
T5_PC_pos-2,T5,PC,-2,leading,black,455.000000,1.954572
T5_PC_pos-2,T5,PC,-2,leading,black,460.000000,1.886574
T5_PC_pos-2,T5,PC,-2,leading,black,465.000000,1.786748
T5_PC_pos-2,T5,PC,-2,leading,black,470.000000,1.655093
T5_PC_pos-2,T5,PC,-2,leading,black,475.000000,1.506076
T5_PC_pos-2,T5,PC,-2,leading,black,480.000000,1.388889
T5_PC_pos-2,T5,PC,-2,leading,black,485.000000,1.232639
T5_PC_pos-2,T5,PC,-2,leading,black,490.000000,1.076389
T5_PC_pos-2,T5,PC,-2,leading,black,495.000000,0.920139
T5_PC_pos-2,T5,PC,-2,leading,black,500.000000,0.781250
T5_PC_pos-2,T5,PC,-2,leading,black,505.000000,0.664062
T5_PC_pos-2,T5,PC,-2,leading,black,510.000000,0.555556
T5_PC_pos-2,T5,PC,-2,leading,black,515.000000,0.555556
T5_PC_pos-2,T5,PC,-2,leading,black,520.000000,0.625000
T5_PC_pos-2,T5,PC,-2,leading,black,525.000000,0.730613
T5_PC_pos-2,T5,PC,-2,leading,black,530.000000,0.888310
T5_PC_pos-2,T5,PC,-2,leading,black,535.000000,1.044560
T5_PC_pos-2,T5,PC,-2,leading,black,540.000000,1.111111
T5_PC_pos-2,T5,PC,-2,leading,black,545.000000,1.111111
T5_PC_pos-2,T5,PC,-2,leading,black,550.000000,0.998264
T5_PC_pos-2,T5,PC,-2,leading,black,555.000000,0.881076
T5_PC_pos-2,T5,PC,-2,leading,black,560.000000,0.763889
T5_PC_pos-2,T5,PC,-2,leading,black,565.000000,0.646701
T5_PC_pos-2,T5,PC,-2,leading,black,570.000000,0.538194
T5_PC_pos-2,T5,PC,-2,leading,black,575.000000,0.462963
T5_PC_pos-2,T5,PC,-2,leading,black,580.000000,0.462963
T5_PC_pos-2,T5,PC,-2,leading,black,585.000000,0.462963
T5_PC_pos-2,T5,PC,-2,leading,black,590.000000,0.462963
T5_PC_pos-2,T5,PC,-2,leading,black,595.000000,0.444155
T5_PC_pos-2,T5,PC,-2,leading,black,600.000000,0.381944
T5_PC_pos-2,T5,PC,-2,leading,black,605.000000,0.264757
T5_PC_pos-2,T5,PC,-2,leading,black,610.000000,0.147569
T5_PC_pos-2,T5,PC,-2,leading,black,615.000000,-0.005787
T5_PC_pos-2,T5,PC,-2,leading,black,620.000000,-0.104167
T5_PC_pos-2,T5,PC,-2,leading,black,625.000000,-0.160590
T5_PC_pos-2,T5,PC,-2,leading,black,630.000000,-0.185185
T5_PC_pos-2,T5,PC,-2,leading,black,635.000000,-0.185185
T5_PC_pos-2,T5,PC,-2,leading,black,640.000000,-0.185185
T5_PC_pos-2,T5,PC,-2,leading,black,645.000000,-0.224248
T5_PC_pos-2,T5,PC,-2,leading,black,650.000000,-0.295139
T5_PC_pos-2,T5,PC,-2,leading,black,655.000000,-0.348669
T5_PC_pos-2,T5,PC,-2,leading,black,660.000000,-0.370370
T5_PC_pos-2,T5,PC,-2,leading,black,665.000000,-0.360243
T5_PC_pos-2,T5,PC,-2,leading,black,670.000000,-0.324074
T5_PC_pos-2,T5,PC,-2,leading,black,675.000000,-0.324074
T5_PC_pos-2,T5,PC,-2,leading,black,680.000000,-0.324074
T5_PC_pos-2,T5,PC,-2,leading,black,685.000000,-0.379051
T5_PC_pos-2,T5,PC,-2,leading,black,690.000000,-0.457176
T5_PC_pos-2,T5,PC,-2,leading,black,695.000000,-0.535301
T5_PC_pos-2,T5,PC,-2,leading,black,700.000000,-0.607639
T5_PC_pos-2,T5,PC,-2,leading,black,705.000000,-0.646701
T5_PC_pos-2,T5,PC,-2,leading,black,710.000000,-0.648148
T5_PC_pos-2,T5,PC,-2,leading,black,715.000000,-0.617766
T5_PC_pos-2,T5,PC,-2,leading,black,720.000000,-0.601852
T5_PC_pos-2,T5,PC,-2,leading,black,725.000000,-0.601852
T5_NC_pos-2,T5,NC,-2,leading,green,-355.000000,0.000000
T5_NC_pos-2,T5,NC,-2,leading,green,-350.000000,0.000000
T5_NC_pos-2,T5,NC,-2,leading,green,-345.000000,0.000000
T5_NC_pos-2,T5,NC,-2,leading,green,-340.000000,0.000000
T5_NC_pos-2,T5,NC,-2,leading,green,-335.000000,0.000000
T5_NC_pos-2,T5,NC,-2,leading,green,-330.000000,0.000000
T5_NC_pos-2,T5,NC,-2,leading,green,-325.000000,0.000000
T5_NC_pos-2,T5,NC,-2,leading,green,-320.000000,0.000000
T5_NC_pos-2,T5,NC,-2,leading,green,-315.000000,0.000000
T5_NC_pos-2,T5,NC,-2,leading,green,-310.000000,0.000000
T5_NC_pos-2,T5,NC,-2,leading,green,-305.000000,0.000000
T5_NC_pos-2,T5,NC,-2,leading,green,-300.000000,0.000000
T5_NC_pos-2,T5,NC,-2,leading,green,-295.000000,0.000000
T5_NC_pos-2,T5,NC,-2,leading,green,-290.000000,0.000000
T5_NC_pos-2,T5,NC,-2,leading,green,-285.000000,0.000000
T5_NC_pos-2,T5,NC,-2,leading,green,-280.000000,0.000000
T5_NC_pos-2,T5,NC,-2,leading,green,-275.000000,0.000000
T5_NC_pos-2,T5,NC,-2,leading,green,-270.000000,0.000000
T5_NC_pos-2,T5,NC,-2,leading,green,-265.000000,0.000000
T5_NC_pos-2,T5,NC,-2,leading,green,-260.000000,0.000000
T5_NC_pos-2,T5,NC,-2,leading,green,-255.000000,0.000000
T5_NC_pos-2,T5,NC,-2,leading,green,-250.000000,0.000000
T5_NC_pos-2,T5,NC,-2,leading,green,-245.000000,0.000000
T5_NC_pos-2,T5,NC,-2,leading,green,-240.000000,0.000000
T5_NC_pos-2,T5,NC,-2,leading,green,-235.000000,0.000000
T5_NC_pos-2,T5,NC,-2,leading,green,-230.000000,0.000000
T5_NC_pos-2,T5,NC,-2,leading,green,-225.000000,0.000000
T5_NC_pos-2,T5,NC,-2,leading,green,-220.000000,0.000000
T5_NC_pos-2,T5,NC,-2,leading,green,-215.000000,0.000000
T5_NC_pos-2,T5,NC,-2,leading,green,-210.000000,0.000000
T5_NC_pos-2,T5,NC,-2,leading,green,-205.000000,-0.075231
T5_NC_pos-2,T5,NC,-2,leading,green,-200.000000,-0.185185
T5_NC_pos-2,T5,NC,-2,leading,green,-195.000000,-0.185185
T5_NC_pos-2,T5,NC,-2,leading,green,-190.000000,-0.185185
T5_NC_pos-2,T5,NC,-2,leading,green,-185.000000,-0.257523
T5_NC_pos-2,T5,NC,-2,leading,green,-180.000000,-0.277778
T5_NC_pos-2,T5,NC,-2,leading,green,-175.000000,-0.277778
T5_NC_pos-2,T5,NC,-2,leading,green,-170.000000,-0.263310
T5_NC_pos-2,T5,NC,-2,leading,green,-165.000000,-0.217014
T5_NC_pos-2,T5,NC,-2,leading,green,-160.000000,-0.138889
T5_NC_pos-2,T5,NC,-2,leading,green,-155.000000,-0.099826
T5_NC_pos-2,T5,NC,-2,leading,green,-150.000000,-0.060764
T5_NC_pos-2,T5,NC,-2,leading,green,-145.000000,0.027488
T5_NC_pos-2,T5,NC,-2,leading,green,-140.000000,0.144676
T5_NC_pos-2,T5,NC,-2,leading,green,-135.000000,0.241609
T5_NC_pos-2,T5,NC,-2,leading,green,-130.000000,0.283565
T5_NC_pos-2,T5,NC,-2,leading,green,-125.000000,0.361690
T5_NC_pos-2,T5,NC,-2,leading,green,-120.000000,0.439815
T5_NC_pos-2,T5,NC,-2,leading,green,-115.000000,0.435475
T5_NC_pos-2,T5,NC,-2,leading,green,-110.000000,0.416667
T5_NC_pos-2,T5,NC,-2,leading,green,-105.000000,0.416667
T5_NC_pos-2,T5,NC,-2,leading,green,-100.000000,0.434028
T5_NC_pos-2,T5,NC,-2,leading,green,-95.000000,0.551215
T5_NC_pos-2,T5,NC,-2,leading,green,-90.000000,0.555556
T5_NC_pos-2,T5,NC,-2,leading,green,-85.000000,0.525174
T5_NC_pos-2,T5,NC,-2,leading,green,-80.000000,0.486111
T5_NC_pos-2,T5,NC,-2,leading,green,-75.000000,0.399306
T5_NC_pos-2,T5,NC,-2,leading,green,-70.000000,0.269097
T5_NC_pos-2,T5,NC,-2,leading,green,-65.000000,0.228588
T5_NC_pos-2,T5,NC,-2,leading,green,-60.000000,0.150463
T5_NC_pos-2,T5,NC,-2,leading,green,-55.000000,0.039063
T5_NC_pos-2,T5,NC,-2,leading,green,-50.000000,-0.026042
T5_NC_pos-2,T5,NC,-2,leading,green,-45.000000,-0.046296
T5_NC_pos-2,T5,NC,-2,leading,green,-40.000000,-0.046296
T5_NC_pos-2,T5,NC,-2,leading,green,-35.000000,-0.046296
T5_NC_pos-2,T5,NC,-2,leading,green,-30.000000,-0.046296
T5_NC_pos-2,T5,NC,-2,leading,green,-25.000000,-0.046296
T5_NC_pos-2,T5,NC,-2,leading,green,-20.000000,-0.046296
T5_NC_pos-2,T5,NC,-2,leading,green,-15.000000,-0.067998
T5_NC_pos-2,T5,NC,-2,leading,green,-10.000000,-0.092593
T5_NC_pos-2,T5,NC,-2,leading,green,-5.000000,-0.092593
T5_NC_pos-2,T5,NC,-2,leading,green,0.000000,-0.092593
T5_NC_pos-2,T5,NC,-2,leading,green,5.000000,-0.092593
T5_NC_pos-2,T5,NC,-2,leading,green,10.000000,-0.060764
T5_NC_pos-2,T5,NC,-2,leading,green,15.000000,0.002894
T5_NC_pos-2,T5,NC,-2,leading,green,20.000000,0.046296
T5_NC_pos-2,T5,NC,-2,leading,green,25.000000,0.046296
T5_NC_pos-2,T5,NC,-2,leading,green,30.000000,0.043403
T5_NC_pos-2,T5,NC,-2,leading,green,35.000000,0.004340
T5_NC_pos-2,T5,NC,-2,leading,green,40.000000,-0.486111
T5_NC_pos-2,T5,NC,-2,leading,green,45.000000,-0.785590
T5_NC_pos-2,T5,NC,-2,leading,green,50.000000,-0.980903
T5_NC_pos-2,T5,NC,-2,leading,green,55.000000,-1.163194
T5_NC_pos-2,T5,NC,-2,leading,green,60.000000,-1.307870
T5_NC_pos-2,T5,NC,-2,leading,green,65.000000,-1.385995
T5_NC_pos-2,T5,NC,-2,leading,green,70.000000,-1.464120
T5_NC_pos-2,T5,NC,-2,leading,green,75.000000,-1.603009
T5_NC_pos-2,T5,NC,-2,leading,green,80.000000,-1.736111
T5_NC_pos-2,T5,NC,-2,leading,green,85.000000,-1.853299
T5_NC_pos-2,T5,NC,-2,leading,green,90.000000,-1.979167
T5_NC_pos-2,T5,NC,-2,leading,green,95.000000,-2.133970
T5_NC_pos-2,T5,NC,-2,leading,green,100.000000,-2.251157
T5_NC_pos-2,T5,NC,-2,leading,green,105.000000,-2.335069
T5_NC_pos-2,T5,NC,-2,leading,green,110.000000,-2.413194
T5_NC_pos-2,T5,NC,-2,leading,green,115.000000,-2.510127
T5_NC_pos-2,T5,NC,-2,leading,green,120.000000,-2.627315
T5_NC_pos-2,T5,NC,-2,leading,green,125.000000,-2.748843
T5_NC_pos-2,T5,NC,-2,leading,green,130.000000,-2.905093
T5_NC_pos-2,T5,NC,-2,leading,green,135.000000,-3.025174
T5_NC_pos-2,T5,NC,-2,leading,green,140.000000,-3.200231
T5_NC_pos-2,T5,NC,-2,leading,green,145.000000,-3.330440
T5_NC_pos-2,T5,NC,-2,leading,green,150.000000,-3.423032
T5_NC_pos-2,T5,NC,-2,leading,green,155.000000,-3.554687
T5_NC_pos-2,T5,NC,-2,leading,green,160.000000,-3.750000
T5_NC_pos-2,T5,NC,-2,leading,green,165.000000,-3.789062
T5_NC_pos-2,T5,NC,-2,leading,green,170.000000,-3.859954
T5_NC_pos-2,T5,NC,-2,leading,green,175.000000,-3.888889
T5_NC_pos-2,T5,NC,-2,leading,green,180.000000,-3.767361
T5_NC_pos-2,T5,NC,-2,leading,green,185.000000,-3.372396
T5_NC_pos-2,T5,NC,-2,leading,green,190.000000,-2.615741
T5_NC_pos-2,T5,NC,-2,leading,green,195.000000,-1.678241
T5_NC_pos-2,T5,NC,-2,leading,green,200.000000,-0.497685
T5_NC_pos-2,T5,NC,-2,leading,green,205.000000,0.850694
T5_NC_pos-2,T5,NC,-2,leading,green,210.000000,2.135417
T5_NC_pos-2,T5,NC,-2,leading,green,215.000000,3.307292
T5_NC_pos-2,T5,NC,-2,leading,green,220.000000,4.415509
T5_NC_pos-2,T5,NC,-2,leading,green,225.000000,5.157697
T5_NC_pos-2,T5,NC,-2,leading,green,230.000000,5.749421
T5_NC_pos-2,T5,NC,-2,leading,green,235.000000,6.153067
T5_NC_pos-2,T5,NC,-2,leading,green,240.000000,6.388889
T5_NC_pos-2,T5,NC,-2,leading,green,245.000000,6.481481
T5_NC_pos-2,T5,NC,-2,leading,green,250.000000,6.472801
T5_NC_pos-2,T5,NC,-2,leading,green,255.000000,6.433738
T5_NC_pos-2,T5,NC,-2,leading,green,260.000000,6.394676
T5_NC_pos-2,T5,NC,-2,leading,green,265.000000,6.388889
T5_NC_pos-2,T5,NC,-2,leading,green,270.000000,6.414931
T5_NC_pos-2,T5,NC,-2,leading,green,275.000000,6.472801
T5_NC_pos-2,T5,NC,-2,leading,green,280.000000,6.527778
T5_NC_pos-2,T5,NC,-2,leading,green,285.000000,6.527778
T5_NC_pos-2,T5,NC,-2,leading,green,290.000000,6.527778
T5_NC_pos-2,T5,NC,-2,leading,green,295.000000,6.527778
T5_NC_pos-2,T5,NC,-2,leading,green,300.000000,6.556713
T5_NC_pos-2,T5,NC,-2,leading,green,305.000000,6.574074
T5_NC_pos-2,T5,NC,-2,leading,green,310.000000,6.530671
T5_NC_pos-2,T5,NC,-2,leading,green,315.000000,6.391782
T5_NC_pos-2,T5,NC,-2,leading,green,320.000000,6.157407
T5_NC_pos-2,T5,NC,-2,leading,green,325.000000,6.157407
T5_NC_pos-2,T5,NC,-2,leading,green,330.000000,5.966435
T5_NC_pos-2,T5,NC,-2,leading,green,335.000000,5.855035
T5_NC_pos-2,T5,NC,-2,leading,green,340.000000,5.833333
T5_NC_pos-2,T5,NC,-2,leading,green,345.000000,5.833333
T5_NC_pos-2,T5,NC,-2,leading,green,350.000000,5.833333
T5_NC_pos-2,T5,NC,-2,leading,green,355.000000,5.833333
T5_NC_pos-2,T5,NC,-2,leading,green,360.000000,5.798611
T5_NC_pos-2,T5,NC,-2,leading,green,365.000000,5.787037
T5_NC_pos-2,T5,NC,-2,leading,green,370.000000,5.766782
T5_NC_pos-2,T5,NC,-2,leading,green,375.000000,5.714699
T5_NC_pos-2,T5,NC,-2,leading,green,380.000000,5.625000
T5_NC_pos-2,T5,NC,-2,leading,green,385.000000,5.468750
T5_NC_pos-2,T5,NC,-2,leading,green,390.000000,5.425347
T5_NC_pos-2,T5,NC,-2,leading,green,395.000000,5.416667
T5_NC_pos-2,T5,NC,-2,leading,green,400.000000,5.439815
T5_NC_pos-2,T5,NC,-2,leading,green,405.000000,5.462963
T5_NC_pos-2,T5,NC,-2,leading,green,410.000000,5.454282
T5_NC_pos-2,T5,NC,-2,leading,green,415.000000,5.410880
T5_NC_pos-2,T5,NC,-2,leading,green,420.000000,5.254630
T5_NC_pos-2,T5,NC,-2,leading,green,425.000000,5.198206
T5_NC_pos-2,T5,NC,-2,leading,green,430.000000,5.159144
T5_NC_pos-2,T5,NC,-2,leading,green,435.000000,5.138889
T5_NC_pos-2,T5,NC,-2,leading,green,440.000000,5.127315
T5_NC_pos-2,T5,NC,-2,leading,green,445.000000,5.083912
T5_NC_pos-2,T5,NC,-2,leading,green,450.000000,5.005787
T5_NC_pos-2,T5,NC,-2,leading,green,455.000000,4.891493
T5_NC_pos-2,T5,NC,-2,leading,green,460.000000,4.774306
T5_NC_pos-2,T5,NC,-2,leading,green,465.000000,4.700521
T5_NC_pos-2,T5,NC,-2,leading,green,470.000000,4.646991
T5_NC_pos-2,T5,NC,-2,leading,green,475.000000,4.561632
T5_NC_pos-2,T5,NC,-2,leading,green,480.000000,4.444444
T5_NC_pos-2,T5,NC,-2,leading,green,485.000000,4.366319
T5_NC_pos-2,T5,NC,-2,leading,green,490.000000,4.256366
T5_NC_pos-2,T5,NC,-2,leading,green,495.000000,4.139178
T5_NC_pos-2,T5,NC,-2,leading,green,500.000000,4.021991
T5_NC_pos-2,T5,NC,-2,leading,green,505.000000,3.904803
T5_NC_pos-2,T5,NC,-2,leading,green,510.000000,3.781829
T5_NC_pos-2,T5,NC,-2,leading,green,515.000000,3.586516
T5_NC_pos-2,T5,NC,-2,leading,green,520.000000,3.425926
T5_NC_pos-2,T5,NC,-2,leading,green,525.000000,3.324653
T5_NC_pos-2,T5,NC,-2,leading,green,530.000000,3.246528
T5_NC_pos-2,T5,NC,-2,leading,green,535.000000,3.194444
T5_NC_pos-2,T5,NC,-2,leading,green,540.000000,3.200231
T5_NC_pos-2,T5,NC,-2,leading,green,545.000000,3.239294
T5_NC_pos-2,T5,NC,-2,leading,green,550.000000,3.240741
T5_NC_pos-2,T5,NC,-2,leading,green,555.000000,3.210359
T5_NC_pos-2,T5,NC,-2,leading,green,560.000000,3.148148
T5_NC_pos-2,T5,NC,-2,leading,green,565.000000,3.070023
T5_NC_pos-2,T5,NC,-2,leading,green,570.000000,3.000579
T5_NC_pos-2,T5,NC,-2,leading,green,575.000000,2.961516
T5_NC_pos-2,T5,NC,-2,leading,green,580.000000,2.922454
T5_NC_pos-2,T5,NC,-2,leading,green,585.000000,2.850116
T5_NC_pos-2,T5,NC,-2,leading,green,590.000000,2.771991
T5_NC_pos-2,T5,NC,-2,leading,green,595.000000,2.712674
T5_NC_pos-2,T5,NC,-2,leading,green,600.000000,2.650463
T5_NC_pos-2,T5,NC,-2,leading,green,605.000000,2.533275
T5_NC_pos-2,T5,NC,-2,leading,green,610.000000,2.416088
T5_NC_pos-2,T5,NC,-2,leading,green,615.000000,2.298900
T5_NC_pos-2,T5,NC,-2,leading,green,620.000000,2.181713
T5_NC_pos-2,T5,NC,-2,leading,green,625.000000,2.129630
T5_NC_pos-2,T5,NC,-2,leading,green,630.000000,2.129630
T5_NC_pos-2,T5,NC,-2,leading,green,635.000000,2.129630
T5_NC_pos-2,T5,NC,-2,leading,green,640.000000,2.129630
T5_NC_pos-2,T5,NC,-2,leading,green,645.000000,2.129630
T5_NC_pos-2,T5,NC,-2,leading,green,650.000000,2.097801
T5_NC_pos-2,T5,NC,-2,leading,green,655.000000,1.984954
T5_NC_pos-2,T5,NC,-2,leading,green,660.000000,1.846065
T5_NC_pos-2,T5,NC,-2,leading,green,665.000000,1.749132
T5_NC_pos-2,T5,NC,-2,leading,green,670.000000,1.704282
T5_NC_pos-2,T5,NC,-2,leading,green,675.000000,1.587095
T5_NC_pos-2,T5,NC,-2,leading,green,680.000000,1.574074
T5_NC_pos-2,T5,NC,-2,leading,green,685.000000,1.629051
T5_NC_pos-2,T5,NC,-2,leading,green,690.000000,1.686921
T5_NC_pos-2,T5,NC,-2,leading,green,695.000000,1.725984
T5_NC_pos-2,T5,NC,-2,leading,green,700.000000,1.765046
T5_NC_pos-2,T5,NC,-2,leading,green,705.000000,1.804109
T5_NC_pos-2,T5,NC,-2,leading,green,710.000000,1.956019
T5_NC_pos-2,T5,NC,-2,leading,green,715.000000,2.051505
T5_NC_pos-2,T5,NC,-2,leading,green,720.000000,2.199074
T5_NC_pos-2,T5,NC,-2,leading,green,725.000000,2.330729
T5_PC_pos-1,T5,PC,-1,leading,black,-355.000000,0.000000
T5_PC_pos-1,T5,PC,-1,leading,black,-350.000000,0.000000
T5_PC_pos-1,T5,PC,-1,leading,black,-345.000000,0.000000
T5_PC_pos-1,T5,PC,-1,leading,black,-340.000000,0.000000
T5_PC_pos-1,T5,PC,-1,leading,black,-335.000000,0.000000
T5_PC_pos-1,T5,PC,-1,leading,black,-330.000000,0.000000
T5_PC_pos-1,T5,PC,-1,leading,black,-325.000000,0.000000
T5_PC_pos-1,T5,PC,-1,leading,black,-320.000000,0.000000
T5_PC_pos-1,T5,PC,-1,leading,black,-315.000000,0.000000
T5_PC_pos-1,T5,PC,-1,leading,black,-310.000000,0.000000
T5_PC_pos-1,T5,PC,-1,leading,black,-305.000000,0.000000
T5_PC_pos-1,T5,PC,-1,leading,black,-300.000000,0.000000
T5_PC_pos-1,T5,PC,-1,leading,black,-295.000000,0.000000
T5_PC_pos-1,T5,PC,-1,leading,black,-290.000000,0.000000
T5_PC_pos-1,T5,PC,-1,leading,black,-285.000000,0.000000
T5_PC_pos-1,T5,PC,-1,leading,black,-280.000000,0.000000
T5_PC_pos-1,T5,PC,-1,leading,black,-275.000000,0.000000
T5_PC_pos-1,T5,PC,-1,leading,black,-270.000000,0.000000
T5_PC_pos-1,T5,PC,-1,leading,black,-265.000000,0.000000
T5_PC_pos-1,T5,PC,-1,leading,black,-260.000000,0.000000
T5_PC_pos-1,T5,PC,-1,leading,black,-255.000000,0.000000
T5_PC_pos-1,T5,PC,-1,leading,black,-250.000000,0.000000
T5_PC_pos-1,T5,PC,-1,leading,black,-245.000000,0.000000
T5_PC_pos-1,T5,PC,-1,leading,black,-240.000000,0.000000
T5_PC_pos-1,T5,PC,-1,leading,black,-235.000000,0.000000
T5_PC_pos-1,T5,PC,-1,leading,black,-230.000000,0.000000
T5_PC_pos-1,T5,PC,-1,leading,black,-225.000000,0.000000
T5_PC_pos-1,T5,PC,-1,leading,black,-220.000000,0.000000
T5_PC_pos-1,T5,PC,-1,leading,black,-215.000000,0.000000
T5_PC_pos-1,T5,PC,-1,leading,black,-210.000000,0.000000
T5_PC_pos-1,T5,PC,-1,leading,black,-205.000000,0.000000
T5_PC_pos-1,T5,PC,-1,leading,black,-200.000000,0.000000
T5_PC_pos-1,T5,PC,-1,leading,black,-195.000000,-0.061356
T5_PC_pos-1,T5,PC,-1,leading,black,-190.000000,-0.613557
T5_PC_pos-1,T5,PC,-1,leading,black,-185.000000,-0.582123
T5_PC_pos-1,T5,PC,-1,leading,black,-180.000000,-0.475063
T5_PC_pos-1,T5,PC,-1,leading,black,-175.000000,-0.422980
T5_PC_pos-1,T5,PC,-1,leading,black,-170.000000,-0.396111
T5_PC_pos-1,T5,PC,-1,leading,black,-165.000000,-0.323567
T5_PC_pos-1,T5,PC,-1,leading,black,-160.000000,-0.251022
T5_PC_pos-1,T5,PC,-1,leading,black,-155.000000,-0.178477
T5_PC_pos-1,T5,PC,-1,leading,black,-150.000000,-0.105933
T5_PC_pos-1,T5,PC,-1,leading,black,-145.000000,-0.033388
T5_PC_pos-1,T5,PC,-1,leading,black,-140.000000,0.039156
T5_PC_pos-1,T5,PC,-1,leading,black,-135.000000,0.111701
T5_PC_pos-1,T5,PC,-1,leading,black,-130.000000,0.178872
T5_PC_pos-1,T5,PC,-1,leading,black,-125.000000,0.178872
T5_PC_pos-1,T5,PC,-1,leading,black,-120.000000,0.213594
T5_PC_pos-1,T5,PC,-1,leading,black,-115.000000,0.252657
T5_PC_pos-1,T5,PC,-1,leading,black,-110.000000,0.271465
T5_PC_pos-1,T5,PC,-1,leading,black,-105.000000,0.263179
T5_PC_pos-1,T5,PC,-1,leading,black,-100.000000,0.238321
T5_PC_pos-1,T5,PC,-1,leading,black,-95.000000,0.213463
T5_PC_pos-1,T5,PC,-1,leading,black,-90.000000,0.188605
T5_PC_pos-1,T5,PC,-1,leading,black,-85.000000,0.163747
T5_PC_pos-1,T5,PC,-1,leading,black,-80.000000,0.138889
T5_PC_pos-1,T5,PC,-1,leading,black,-75.000000,0.114031
T5_PC_pos-1,T5,PC,-1,leading,black,-70.000000,0.089173
T5_PC_pos-1,T5,PC,-1,leading,black,-65.000000,0.064315
T5_PC_pos-1,T5,PC,-1,leading,black,-60.000000,0.039457
T5_PC_pos-1,T5,PC,-1,leading,black,-55.000000,0.014599
T5_PC_pos-1,T5,PC,-1,leading,black,-50.000000,-0.010259
T5_PC_pos-1,T5,PC,-1,leading,black,-45.000000,-0.023148
T5_PC_pos-1,T5,PC,-1,leading,black,-40.000000,-0.007365
T5_PC_pos-1,T5,PC,-1,leading,black,-35.000000,0.039983
T5_PC_pos-1,T5,PC,-1,leading,black,-30.000000,0.039983
T5_PC_pos-1,T5,PC,-1,leading,black,-25.000000,0.003814
T5_PC_pos-1,T5,PC,-1,leading,black,-20.000000,-0.006313
T5_PC_pos-1,T5,PC,-1,leading,black,-15.000000,-0.006313
T5_PC_pos-1,T5,PC,-1,leading,black,-10.000000,-0.020781
T5_PC_pos-1,T5,PC,-1,leading,black,-5.000000,-0.059843
T5_PC_pos-1,T5,PC,-1,leading,black,0.000000,-0.098906
T5_PC_pos-1,T5,PC,-1,leading,black,5.000000,-0.098906
T5_PC_pos-1,T5,PC,-1,leading,black,10.000000,-0.130734
T5_PC_pos-1,T5,PC,-1,leading,black,15.000000,-0.169797
T5_PC_pos-1,T5,PC,-1,leading,black,20.000000,-0.191498
T5_PC_pos-1,T5,PC,-1,leading,black,25.000000,-0.181371
T5_PC_pos-1,T5,PC,-1,leading,black,30.000000,0.167298
T5_PC_pos-1,T5,PC,-1,leading,black,35.000000,4.386048
T5_PC_pos-1,T5,PC,-1,leading,black,40.000000,7.042298
T5_PC_pos-1,T5,PC,-1,leading,black,45.000000,9.970539
T5_PC_pos-1,T5,PC,-1,leading,black,50.000000,12.974011
T5_PC_pos-1,T5,PC,-1,leading,black,55.000000,15.682344
T5_PC_pos-1,T5,PC,-1,leading,black,60.000000,17.939289
T5_PC_pos-1,T5,PC,-1,leading,black,65.000000,19.697101
T5_PC_pos-1,T5,PC,-1,leading,black,70.000000,21.041141
T5_PC_pos-1,T5,PC,-1,leading,black,75.000000,21.974300
T5_PC_pos-1,T5,PC,-1,leading,black,80.000000,22.771465
T5_PC_pos-1,T5,PC,-1,leading,black,85.000000,23.361742
T5_PC_pos-1,T5,PC,-1,leading,black,90.000000,23.665562
T5_PC_pos-1,T5,PC,-1,leading,black,95.000000,23.937553
T5_PC_pos-1,T5,PC,-1,leading,black,100.000000,24.171928
T5_PC_pos-1,T5,PC,-1,leading,black,105.000000,24.206650
T5_PC_pos-1,T5,PC,-1,leading,black,110.000000,24.180608
T5_PC_pos-1,T5,PC,-1,leading,black,115.000000,24.085122
T5_PC_pos-1,T5,PC,-1,leading,black,120.000000,23.928872
T5_PC_pos-1,T5,PC,-1,leading,black,125.000000,23.781303
T5_PC_pos-1,T5,PC,-1,leading,black,130.000000,23.703178
T5_PC_pos-1,T5,PC,-1,leading,black,135.000000,23.480377
T5_PC_pos-1,T5,PC,-1,leading,black,140.000000,23.303872
T5_PC_pos-1,T5,PC,-1,leading,black,145.000000,23.212726
T5_PC_pos-1,T5,PC,-1,leading,black,150.000000,23.159196
T5_PC_pos-1,T5,PC,-1,leading,black,155.000000,23.081071
T5_PC_pos-1,T5,PC,-1,leading,black,160.000000,23.002946
T5_PC_pos-1,T5,PC,-1,leading,black,165.000000,22.924821
T5_PC_pos-1,T5,PC,-1,leading,black,170.000000,22.814867
T5_PC_pos-1,T5,PC,-1,leading,black,175.000000,22.599300
T5_PC_pos-1,T5,PC,-1,leading,black,180.000000,22.169613
T5_PC_pos-1,T5,PC,-1,leading,black,185.000000,21.514231
T5_PC_pos-1,T5,PC,-1,leading,black,190.000000,20.746002
T5_PC_pos-1,T5,PC,-1,leading,black,195.000000,19.652252
T5_PC_pos-1,T5,PC,-1,leading,black,200.000000,18.523779
T5_PC_pos-1,T5,PC,-1,leading,black,205.000000,17.308502
T5_PC_pos-1,T5,PC,-1,leading,black,210.000000,16.119266
T5_PC_pos-1,T5,PC,-1,leading,black,215.000000,15.025516
T5_PC_pos-1,T5,PC,-1,leading,black,220.000000,14.021465
T5_PC_pos-1,T5,PC,-1,leading,black,225.000000,13.083965
T5_PC_pos-1,T5,PC,-1,leading,black,230.000000,12.184080
T5_PC_pos-1,T5,PC,-1,leading,black,235.000000,11.437553
T5_PC_pos-1,T5,PC,-1,leading,black,240.000000,10.757576
T5_PC_pos-1,T5,PC,-1,leading,black,245.000000,10.125342
T5_PC_pos-1,T5,PC,-1,leading,black,250.000000,9.539404
T5_PC_pos-1,T5,PC,-1,leading,black,255.000000,8.963594
T5_PC_pos-1,T5,PC,-1,leading,black,260.000000,8.651094
T5_PC_pos-1,T5,PC,-1,leading,black,265.000000,8.371870
T5_PC_pos-1,T5,PC,-1,leading,black,270.000000,7.395307
T5_PC_pos-1,T5,PC,-1,leading,black,275.000000,6.669034
T5_PC_pos-1,T5,PC,-1,leading,black,280.000000,6.544613
T5_PC_pos-1,T5,PC,-1,leading,black,285.000000,6.301557
T5_PC_pos-1,T5,PC,-1,leading,black,290.000000,5.989057
T5_PC_pos-1,T5,PC,-1,leading,black,295.000000,5.676557
T5_PC_pos-1,T5,PC,-1,leading,black,300.000000,5.306187
T5_PC_pos-1,T5,PC,-1,leading,black,305.000000,4.958965
T5_PC_pos-1,T5,PC,-1,leading,black,310.000000,4.660932
T5_PC_pos-1,T5,PC,-1,leading,black,315.000000,4.373027
T5_PC_pos-1,T5,PC,-1,leading,black,320.000000,4.021465
T5_PC_pos-1,T5,PC,-1,leading,black,325.000000,3.748027
T5_PC_pos-1,T5,PC,-1,leading,black,330.000000,3.474590
T5_PC_pos-1,T5,PC,-1,leading,black,335.000000,3.225747
T5_PC_pos-1,T5,PC,-1,leading,black,340.000000,2.974011
T5_PC_pos-1,T5,PC,-1,leading,black,345.000000,2.710701
T5_PC_pos-1,T5,PC,-1,leading,black,350.000000,2.479219
T5_PC_pos-1,T5,PC,-1,leading,black,355.000000,2.283907
T5_PC_pos-1,T5,PC,-1,leading,black,360.000000,2.088594
T5_PC_pos-1,T5,PC,-1,leading,black,365.000000,1.920770
T5_PC_pos-1,T5,PC,-1,leading,black,370.000000,1.744266
T5_PC_pos-1,T5,PC,-1,leading,black,375.000000,1.574995
T5_PC_pos-1,T5,PC,-1,leading,black,380.000000,1.440446
T5_PC_pos-1,T5,PC,-1,leading,black,385.000000,1.206071
T5_PC_pos-1,T5,PC,-1,leading,black,390.000000,1.084543
T5_PC_pos-1,T5,PC,-1,leading,black,395.000000,0.997738
T5_PC_pos-1,T5,PC,-1,leading,black,400.000000,0.919613
T5_PC_pos-1,T5,PC,-1,leading,black,405.000000,0.841488
T5_PC_pos-1,T5,PC,-1,leading,black,410.000000,0.772043
T5_PC_pos-1,T5,PC,-1,leading,black,415.000000,0.730087
T5_PC_pos-1,T5,PC,-1,leading,black,420.000000,0.612900
T5_PC_pos-1,T5,PC,-1,leading,black,425.000000,0.495712
T5_PC_pos-1,T5,PC,-1,leading,black,430.000000,0.378525
T5_PC_pos-1,T5,PC,-1,leading,black,435.000000,0.280145
T5_PC_pos-1,T5,PC,-1,leading,black,440.000000,0.190446
T5_PC_pos-1,T5,PC,-1,leading,black,445.000000,0.068918
T5_PC_pos-1,T5,PC,-1,leading,black,450.000000,-0.087332
T5_PC_pos-1,T5,PC,-1,leading,black,455.000000,-0.171244
T5_PC_pos-1,T5,PC,-1,leading,black,460.000000,-0.336174
T5_PC_pos-1,T5,PC,-1,leading,black,465.000000,-0.488084
T5_PC_pos-1,T5,PC,-1,leading,black,470.000000,-0.619739
T5_PC_pos-1,T5,PC,-1,leading,black,475.000000,-0.775989
T5_PC_pos-1,T5,PC,-1,leading,black,480.000000,-0.932239
T5_PC_pos-1,T5,PC,-1,leading,black,485.000000,-1.010364
T5_PC_pos-1,T5,PC,-1,leading,black,490.000000,-1.056660
T5_PC_pos-1,T5,PC,-1,leading,black,495.000000,-1.120318
T5_PC_pos-1,T5,PC,-1,leading,black,500.000000,-1.181082
T5_PC_pos-1,T5,PC,-1,leading,black,505.000000,-1.240399
T5_PC_pos-1,T5,PC,-1,leading,black,510.000000,-1.357586
T5_PC_pos-1,T5,PC,-1,leading,black,515.000000,-1.474774
T5_PC_pos-1,T5,PC,-1,leading,black,520.000000,-1.487795
T5_PC_pos-1,T5,PC,-1,leading,black,525.000000,-1.542771
T5_PC_pos-1,T5,PC,-1,leading,black,530.000000,-1.620896
T5_PC_pos-1,T5,PC,-1,leading,black,535.000000,-1.686001
T5_PC_pos-1,T5,PC,-1,leading,black,540.000000,-1.725063
T5_PC_pos-1,T5,PC,-1,leading,black,545.000000,-1.764126
T5_PC_pos-1,T5,PC,-1,leading,black,550.000000,-1.765572
T5_PC_pos-1,T5,PC,-1,leading,black,555.000000,-1.765572
T5_PC_pos-1,T5,PC,-1,leading,black,560.000000,-1.742424
T5_PC_pos-1,T5,PC,-1,leading,black,565.000000,-1.719276
T5_PC_pos-1,T5,PC,-1,leading,black,570.000000,-1.701915
T5_PC_pos-1,T5,PC,-1,leading,black,575.000000,-1.625237
T5_PC_pos-1,T5,PC,-1,leading,black,580.000000,-1.586174
T5_PC_pos-1,T5,PC,-1,leading,black,585.000000,-1.580387
T5_PC_pos-1,T5,PC,-1,leading,black,590.000000,-1.606429
T5_PC_pos-1,T5,PC,-1,leading,black,595.000000,-1.626684
T5_PC_pos-1,T5,PC,-1,leading,black,600.000000,-1.626684
T5_PC_pos-1,T5,PC,-1,leading,black,605.000000,-1.626684
T5_PC_pos-1,T5,PC,-1,leading,black,610.000000,-1.626684
T5_PC_pos-1,T5,PC,-1,leading,black,615.000000,-1.626684
T5_PC_pos-1,T5,PC,-1,leading,black,620.000000,-1.713489
T5_PC_pos-1,T5,PC,-1,leading,black,625.000000,-1.808975
T5_PC_pos-1,T5,PC,-1,leading,black,630.000000,-1.887100
T5_PC_pos-1,T5,PC,-1,leading,black,635.000000,-1.965225
T5_PC_pos-1,T5,PC,-1,leading,black,640.000000,-2.043350
T5_PC_pos-1,T5,PC,-1,leading,black,645.000000,-2.199600
T5_PC_pos-1,T5,PC,-1,leading,black,650.000000,-2.324021
T5_PC_pos-1,T5,PC,-1,leading,black,655.000000,-2.416614
T5_PC_pos-1,T5,PC,-1,leading,black,660.000000,-2.477378
T5_PC_pos-1,T5,PC,-1,leading,black,665.000000,-2.506313
T5_PC_pos-1,T5,PC,-1,leading,black,670.000000,-2.500526
T5_PC_pos-1,T5,PC,-1,leading,black,675.000000,-2.422401
T5_PC_pos-1,T5,PC,-1,leading,black,680.000000,-2.413721
T5_PC_pos-1,T5,PC,-1,leading,black,685.000000,-2.413721
T5_PC_pos-1,T5,PC,-1,leading,black,690.000000,-2.454230
T5_PC_pos-1,T5,PC,-1,leading,black,695.000000,-2.506313
T5_PC_pos-1,T5,PC,-1,leading,black,700.000000,-2.506313
T5_PC_pos-1,T5,PC,-1,leading,black,705.000000,-2.506313
T5_PC_pos-1,T5,PC,-1,leading,black,710.000000,-2.506313
T5_PC_pos-1,T5,PC,-1,leading,black,715.000000,-2.506313
T5_PC_pos-1,T5,PC,-1,leading,black,720.000000,-2.413721
T5_NC_pos-1,T5,NC,-1,leading,green,-355.000000,0.000000
T5_NC_pos-1,T5,NC,-1,leading,green,-350.000000,0.000000
T5_NC_pos-1,T5,NC,-1,leading,green,-345.000000,0.000000
T5_NC_pos-1,T5,NC,-1,leading,green,-340.000000,0.000000
T5_NC_pos-1,T5,NC,-1,leading,green,-335.000000,0.000000
T5_NC_pos-1,T5,NC,-1,leading,green,-330.000000,0.000000
T5_NC_pos-1,T5,NC,-1,leading,green,-325.000000,0.000000
T5_NC_pos-1,T5,NC,-1,leading,green,-320.000000,0.000000
T5_NC_pos-1,T5,NC,-1,leading,green,-315.000000,0.000000
T5_NC_pos-1,T5,NC,-1,leading,green,-310.000000,0.000000
T5_NC_pos-1,T5,NC,-1,leading,green,-305.000000,0.000000
T5_NC_pos-1,T5,NC,-1,leading,green,-300.000000,0.000000
T5_NC_pos-1,T5,NC,-1,leading,green,-295.000000,0.000000
T5_NC_pos-1,T5,NC,-1,leading,green,-290.000000,0.000000
T5_NC_pos-1,T5,NC,-1,leading,green,-285.000000,0.000000
T5_NC_pos-1,T5,NC,-1,leading,green,-280.000000,0.000000
T5_NC_pos-1,T5,NC,-1,leading,green,-275.000000,0.000000
T5_NC_pos-1,T5,NC,-1,leading,green,-270.000000,0.000000
T5_NC_pos-1,T5,NC,-1,leading,green,-265.000000,0.000000
T5_NC_pos-1,T5,NC,-1,leading,green,-260.000000,0.000000
T5_NC_pos-1,T5,NC,-1,leading,green,-255.000000,0.000000
T5_NC_pos-1,T5,NC,-1,leading,green,-250.000000,0.000000
T5_NC_pos-1,T5,NC,-1,leading,green,-245.000000,0.000000
T5_NC_pos-1,T5,NC,-1,leading,green,-240.000000,0.000000
T5_NC_pos-1,T5,NC,-1,leading,green,-235.000000,0.000000
T5_NC_pos-1,T5,NC,-1,leading,green,-230.000000,0.000000
T5_NC_pos-1,T5,NC,-1,leading,green,-225.000000,0.000000
T5_NC_pos-1,T5,NC,-1,leading,green,-220.000000,0.000000
T5_NC_pos-1,T5,NC,-1,leading,green,-215.000000,0.000000
T5_NC_pos-1,T5,NC,-1,leading,green,-210.000000,0.000000
T5_NC_pos-1,T5,NC,-1,leading,green,-205.000000,-0.077796
T5_NC_pos-1,T5,NC,-1,leading,green,-200.000000,-0.214646
T5_NC_pos-1,T5,NC,-1,leading,green,-195.000000,-0.284091
T5_NC_pos-1,T5,NC,-1,leading,green,-190.000000,-0.284091
T5_NC_pos-1,T5,NC,-1,leading,green,-185.000000,-0.139415
T5_NC_pos-1,T5,NC,-1,leading,green,-180.000000,-0.069971
T5_NC_pos-1,T5,NC,-1,leading,green,-175.000000,-0.052609
T5_NC_pos-1,T5,NC,-1,leading,green,-170.000000,-0.067077
T5_NC_pos-1,T5,NC,-1,leading,green,-165.000000,-0.098906
T5_NC_pos-1,T5,NC,-1,leading,green,-160.000000,-0.098906
T5_NC_pos-1,T5,NC,-1,leading,green,-155.000000,-0.098906
T5_NC_pos-1,T5,NC,-1,leading,green,-150.000000,-0.098906
T5_NC_pos-1,T5,NC,-1,leading,green,-145.000000,-0.098906
T5_NC_pos-1,T5,NC,-1,leading,green,-140.000000,-0.098906
T5_NC_pos-1,T5,NC,-1,leading,green,-135.000000,-0.129288
T5_NC_pos-1,T5,NC,-1,leading,green,-130.000000,-0.243582
T5_NC_pos-1,T5,NC,-1,leading,green,-125.000000,-0.321707
T5_NC_pos-1,T5,NC,-1,leading,green,-120.000000,-0.330387
T5_NC_pos-1,T5,NC,-1,leading,green,-115.000000,-0.247922
T5_NC_pos-1,T5,NC,-1,leading,green,-110.000000,-0.171244
T5_NC_pos-1,T5,NC,-1,leading,green,-105.000000,-0.132181
T5_NC_pos-1,T5,NC,-1,leading,green,-100.000000,-0.093119
T5_NC_pos-1,T5,NC,-1,leading,green,-95.000000,-0.054056
T5_NC_pos-1,T5,NC,-1,leading,green,-90.000000,0.022622
T5_NC_pos-1,T5,NC,-1,leading,green,-85.000000,0.070365
T5_NC_pos-1,T5,NC,-1,leading,green,-80.000000,0.086279
T5_NC_pos-1,T5,NC,-1,leading,green,-75.000000,0.086279
T5_NC_pos-1,T5,NC,-1,leading,green,-70.000000,0.077599
T5_NC_pos-1,T5,NC,-1,leading,green,-65.000000,0.039983
T5_NC_pos-1,T5,NC,-1,leading,green,-60.000000,0.039983
T5_NC_pos-1,T5,NC,-1,leading,green,-55.000000,0.106534
T5_NC_pos-1,T5,NC,-1,leading,green,-50.000000,0.236742
T5_NC_pos-1,T5,NC,-1,leading,green,-45.000000,0.392992
T5_NC_pos-1,T5,NC,-1,leading,green,-40.000000,0.572391
T5_NC_pos-1,T5,NC,-1,leading,green,-35.000000,0.793745
T5_NC_pos-1,T5,NC,-1,leading,green,-30.000000,0.910932
T5_NC_pos-1,T5,NC,-1,leading,green,-25.000000,0.919613
T5_NC_pos-1,T5,NC,-1,leading,green,-20.000000,0.861742
T5_NC_pos-1,T5,NC,-1,leading,green,-15.000000,0.783617
T5_NC_pos-1,T5,NC,-1,leading,green,-10.000000,0.676557
T5_NC_pos-1,T5,NC,-1,leading,green,-5.000000,0.542009
T5_NC_pos-1,T5,NC,-1,leading,green,0.000000,0.502946
T5_NC_pos-1,T5,NC,-1,leading,green,5.000000,0.502946
T5_NC_pos-1,T5,NC,-1,leading,green,10.000000,0.502946
T5_NC_pos-1,T5,NC,-1,leading,green,15.000000,0.478351
T5_NC_pos-1,T5,NC,-1,leading,green,20.000000,0.456650
T5_NC_pos-1,T5,NC,-1,leading,green,25.000000,0.466777
T5_NC_pos-1,T5,NC,-1,leading,green,30.000000,0.502946
T5_NC_pos-1,T5,NC,-1,leading,green,35.000000,0.502946
T5_NC_pos-1,T5,NC,-1,leading,green,40.000000,0.016835
T5_NC_pos-1,T5,NC,-1,leading,green,45.000000,-0.310133
T5_NC_pos-1,T5,NC,-1,leading,green,50.000000,-0.544508
T5_NC_pos-1,T5,NC,-1,leading,green,55.000000,-0.765862
T5_NC_pos-1,T5,NC,-1,leading,green,60.000000,-0.955387
T5_NC_pos-1,T5,NC,-1,leading,green,65.000000,-1.111637
T5_NC_pos-1,T5,NC,-1,leading,green,70.000000,-1.267887
T5_NC_pos-1,T5,NC,-1,leading,green,75.000000,-1.363373
T5_NC_pos-1,T5,NC,-1,leading,green,80.000000,-1.464646
T5_NC_pos-1,T5,NC,-1,leading,green,85.000000,-1.597748
T5_NC_pos-1,T5,NC,-1,leading,green,90.000000,-1.753998
T5_NC_pos-1,T5,NC,-1,leading,green,95.000000,-1.910248
T5_NC_pos-1,T5,NC,-1,leading,green,100.000000,-2.066498
T5_NC_pos-1,T5,NC,-1,leading,green,105.000000,-2.256024
T5_NC_pos-1,T5,NC,-1,leading,green,110.000000,-2.425295
T5_NC_pos-1,T5,NC,-1,leading,green,115.000000,-2.562737
T5_NC_pos-1,T5,NC,-1,leading,green,120.000000,-2.691498
T5_NC_pos-1,T5,NC,-1,leading,green,125.000000,-2.847748
T5_NC_pos-1,T5,NC,-1,leading,green,130.000000,-3.003998
T5_NC_pos-1,T5,NC,-1,leading,green,135.000000,-3.087910
T5_NC_pos-1,T5,NC,-1,leading,green,140.000000,-3.194971
T5_NC_pos-1,T5,NC,-1,leading,green,145.000000,-3.290457
T5_NC_pos-1,T5,NC,-1,leading,green,150.000000,-3.368582
T5_NC_pos-1,T5,NC,-1,leading,green,155.000000,-3.453940
T5_NC_pos-1,T5,NC,-1,leading,green,160.000000,-3.571128
T5_NC_pos-1,T5,NC,-1,leading,green,165.000000,-3.649253
T5_NC_pos-1,T5,NC,-1,leading,green,170.000000,-3.663721
T5_NC_pos-1,T5,NC,-1,leading,green,175.000000,-3.639126
T5_NC_pos-1,T5,NC,-1,leading,green,180.000000,-3.461174
T5_NC_pos-1,T5,NC,-1,leading,green,185.000000,-2.988084
T5_NC_pos-1,T5,NC,-1,leading,green,190.000000,-2.150410
T5_NC_pos-1,T5,NC,-1,leading,green,195.000000,-1.095723
T5_NC_pos-1,T5,NC,-1,leading,green,200.000000,0.132576
T5_NC_pos-1,T5,NC,-1,leading,green,205.000000,1.492529
T5_NC_pos-1,T5,NC,-1,leading,green,210.000000,2.838016
T5_NC_pos-1,T5,NC,-1,leading,green,215.000000,3.996870
T5_NC_pos-1,T5,NC,-1,leading,green,220.000000,4.872159
T5_NC_pos-1,T5,NC,-1,leading,green,225.000000,5.614347
T5_NC_pos-1,T5,NC,-1,leading,green,230.000000,6.206071
T5_NC_pos-1,T5,NC,-1,leading,green,235.000000,6.670481
T5_NC_pos-1,T5,NC,-1,leading,green,240.000000,7.007576
T5_NC_pos-1,T5,NC,-1,leading,green,245.000000,7.265099
T5_NC_pos-1,T5,NC,-1,leading,green,250.000000,7.456071
T5_NC_pos-1,T5,NC,-1,leading,green,255.000000,7.499474
T5_NC_pos-1,T5,NC,-1,leading,green,260.000000,7.655724
T5_NC_pos-1,T5,NC,-1,leading,green,265.000000,7.678872
T5_NC_pos-1,T5,NC,-1,leading,green,270.000000,7.678872
T5_NC_pos-1,T5,NC,-1,leading,green,275.000000,7.660064
T5_NC_pos-1,T5,NC,-1,leading,green,280.000000,7.632576
T5_NC_pos-1,T5,NC,-1,leading,green,285.000000,7.632576
T5_NC_pos-1,T5,NC,-1,leading,green,290.000000,7.632576
T5_NC_pos-1,T5,NC,-1,leading,green,295.000000,7.560238
T5_NC_pos-1,T5,NC,-1,leading,green,300.000000,7.482113
T5_NC_pos-1,T5,NC,-1,leading,green,305.000000,7.447391
T5_NC_pos-1,T5,NC,-1,leading,green,310.000000,7.461858
T5_NC_pos-1,T5,NC,-1,leading,green,315.000000,7.508154
T5_NC_pos-1,T5,NC,-1,leading,green,320.000000,7.586279
T5_NC_pos-1,T5,NC,-1,leading,green,325.000000,7.586279
T5_NC_pos-1,T5,NC,-1,leading,green,330.000000,7.554451
T5_NC_pos-1,T5,NC,-1,leading,green,335.000000,7.490793
T5_NC_pos-1,T5,NC,-1,leading,green,340.000000,7.447391
T5_NC_pos-1,T5,NC,-1,leading,green,345.000000,7.437263
T5_NC_pos-1,T5,NC,-1,leading,green,350.000000,7.386627
T5_NC_pos-1,T5,NC,-1,leading,green,355.000000,7.191314
T5_NC_pos-1,T5,NC,-1,leading,green,360.000000,7.030724
T5_NC_pos-1,T5,NC,-1,leading,green,365.000000,6.792009
T5_NC_pos-1,T5,NC,-1,leading,green,370.000000,6.599590
T5_NC_pos-1,T5,NC,-1,leading,green,375.000000,6.521465
T5_NC_pos-1,T5,NC,-1,leading,green,380.000000,6.515678
T5_NC_pos-1,T5,NC,-1,leading,green,385.000000,6.476615
T5_NC_pos-1,T5,NC,-1,leading,green,390.000000,6.324705
T5_NC_pos-1,T5,NC,-1,leading,green,395.000000,6.259601
T5_NC_pos-1,T5,NC,-1,leading,green,400.000000,6.127946
T5_NC_pos-1,T5,NC,-1,leading,green,405.000000,5.980377
T5_NC_pos-1,T5,NC,-1,leading,green,410.000000,5.919613
T5_NC_pos-1,T5,NC,-1,leading,green,415.000000,5.922506
T5_NC_pos-1,T5,NC,-1,leading,green,420.000000,6.000631
T5_NC_pos-1,T5,NC,-1,leading,green,425.000000,6.112032
T5_NC_pos-1,T5,NC,-1,leading,green,430.000000,6.203178
T5_NC_pos-1,T5,NC,-1,leading,green,435.000000,6.300110
T5_NC_pos-1,T5,NC,-1,leading,green,440.000000,6.405724
T5_NC_pos-1,T5,NC,-1,leading,green,445.000000,6.475168
T5_NC_pos-1,T5,NC,-1,leading,green,450.000000,6.475168
T5_NC_pos-1,T5,NC,-1,leading,green,455.000000,6.366661
T5_NC_pos-1,T5,NC,-1,leading,green,460.000000,6.191604
T5_NC_pos-1,T5,NC,-1,leading,green,465.000000,6.017992
T5_NC_pos-1,T5,NC,-1,leading,green,470.000000,5.847275
T5_NC_pos-1,T5,NC,-1,leading,green,475.000000,5.666430
T5_NC_pos-1,T5,NC,-1,leading,green,480.000000,5.549242
T5_NC_pos-1,T5,NC,-1,leading,green,485.000000,5.353930
T5_NC_pos-1,T5,NC,-1,leading,green,490.000000,5.222275
T5_NC_pos-1,T5,NC,-1,leading,green,495.000000,5.105087
T5_NC_pos-1,T5,NC,-1,leading,green,500.000000,4.970539
T5_NC_pos-1,T5,NC,-1,leading,green,505.000000,4.834543
T5_NC_pos-1,T5,NC,-1,leading,green,510.000000,4.756418
T5_NC_pos-1,T5,NC,-1,leading,green,515.000000,4.678293
T5_NC_pos-1,T5,NC,-1,leading,green,520.000000,4.634891
T5_NC_pos-1,T5,NC,-1,leading,green,525.000000,4.595828
T5_NC_pos-1,T5,NC,-1,leading,green,530.000000,4.516256
T5_NC_pos-1,T5,NC,-1,leading,green,535.000000,4.412090
T5_NC_pos-1,T5,NC,-1,leading,green,540.000000,4.345539
T5_NC_pos-1,T5,NC,-1,leading,green,545.000000,4.345539
T5_NC_pos-1,T5,NC,-1,leading,green,550.000000,4.270307
T5_NC_pos-1,T5,NC,-1,leading,green,555.000000,4.161800
T5_NC_pos-1,T5,NC,-1,leading,green,560.000000,4.067761
T5_NC_pos-1,T5,NC,-1,leading,green,565.000000,3.957807
T5_NC_pos-1,T5,NC,-1,leading,green,570.000000,3.836279
T5_NC_pos-1,T5,NC,-1,leading,green,575.000000,3.839173
T5_NC_pos-1,T5,NC,-1,leading,green,580.000000,3.917298
T5_NC_pos-1,T5,NC,-1,leading,green,585.000000,3.928872
T5_NC_pos-1,T5,NC,-1,leading,green,590.000000,3.928872
T5_NC_pos-1,T5,NC,-1,leading,green,595.000000,3.834833
T5_NC_pos-1,T5,NC,-1,leading,green,600.000000,3.651094
T5_NC_pos-1,T5,NC,-1,leading,green,605.000000,3.494844
T5_NC_pos-1,T5,NC,-1,leading,green,610.000000,3.338594
T5_NC_pos-1,T5,NC,-1,leading,green,615.000000,3.182344
T5_NC_pos-1,T5,NC,-1,leading,green,620.000000,3.055029
T5_NC_pos-1,T5,NC,-1,leading,green,625.000000,2.981245
T5_NC_pos-1,T5,NC,-1,leading,green,630.000000,2.956650
T5_NC_pos-1,T5,NC,-1,leading,green,635.000000,2.956650
T5_NC_pos-1,T5,NC,-1,leading,green,640.000000,2.956650
T5_NC_pos-1,T5,NC,-1,leading,green,645.000000,3.034775
T5_NC_pos-1,T5,NC,-1,leading,green,650.000000,3.049242
T5_NC_pos-1,T5,NC,-1,leading,green,655.000000,3.049242
T5_NC_pos-1,T5,NC,-1,leading,green,660.000000,3.014520
T5_NC_pos-1,T5,NC,-1,leading,green,665.000000,2.956650
T5_NC_pos-1,T5,NC,-1,leading,green,670.000000,2.953756
T5_NC_pos-1,T5,NC,-1,leading,green,675.000000,2.914694
T5_NC_pos-1,T5,NC,-1,leading,green,680.000000,2.910354
T5_NC_pos-1,T5,NC,-1,leading,green,685.000000,2.910354
T5_NC_pos-1,T5,NC,-1,leading,green,690.000000,2.910354
T5_NC_pos-1,T5,NC,-1,leading,green,695.000000,2.884312
T5_NC_pos-1,T5,NC,-1,leading,green,700.000000,2.806187
T5_NC_pos-1,T5,NC,-1,leading,green,705.000000,2.728062
T5_NC_pos-1,T5,NC,-1,leading,green,710.000000,2.687553
T5_NC_pos-1,T5,NC,-1,leading,green,715.000000,2.678872
T5_NC_pos-1,T5,NC,-1,leading,green,720.000000,2.678872
T5_PC_pos+0,T5,PC,0,center,black,-355.000000,0.000000
T5_PC_pos+0,T5,PC,0,center,black,-350.000000,0.000000
T5_PC_pos+0,T5,PC,0,center,black,-345.000000,0.000000
T5_PC_pos+0,T5,PC,0,center,black,-340.000000,0.000000
T5_PC_pos+0,T5,PC,0,center,black,-335.000000,0.000000
T5_PC_pos+0,T5,PC,0,center,black,-330.000000,0.000000
T5_PC_pos+0,T5,PC,0,center,black,-325.000000,0.000000
T5_PC_pos+0,T5,PC,0,center,black,-320.000000,0.000000
T5_PC_pos+0,T5,PC,0,center,black,-315.000000,0.000000
T5_PC_pos+0,T5,PC,0,center,black,-310.000000,0.000000
T5_PC_pos+0,T5,PC,0,center,black,-305.000000,0.000000
T5_PC_pos+0,T5,PC,0,center,black,-300.000000,0.000000
T5_PC_pos+0,T5,PC,0,center,black,-295.000000,0.000000
T5_PC_pos+0,T5,PC,0,center,black,-290.000000,0.000000
T5_PC_pos+0,T5,PC,0,center,black,-285.000000,0.000000
T5_PC_pos+0,T5,PC,0,center,black,-280.000000,0.000000
T5_PC_pos+0,T5,PC,0,center,black,-275.000000,0.000000
T5_PC_pos+0,T5,PC,0,center,black,-270.000000,0.000000
T5_PC_pos+0,T5,PC,0,center,black,-265.000000,0.000000
T5_PC_pos+0,T5,PC,0,center,black,-260.000000,0.000000
T5_PC_pos+0,T5,PC,0,center,black,-255.000000,0.000000
T5_PC_pos+0,T5,PC,0,center,black,-250.000000,0.000000
T5_PC_pos+0,T5,PC,0,center,black,-245.000000,0.000000
T5_PC_pos+0,T5,PC,0,center,black,-240.000000,0.000000
T5_PC_pos+0,T5,PC,0,center,black,-235.000000,0.000000
T5_PC_pos+0,T5,PC,0,center,black,-230.000000,0.000000
T5_PC_pos+0,T5,PC,0,center,black,-225.000000,0.000000
T5_PC_pos+0,T5,PC,0,center,black,-220.000000,0.000000
T5_PC_pos+0,T5,PC,0,center,black,-215.000000,0.000000
T5_PC_pos+0,T5,PC,0,center,black,-210.000000,0.000000
T5_PC_pos+0,T5,PC,0,center,black,-205.000000,0.000000
T5_PC_pos+0,T5,PC,0,center,black,-200.000000,0.000000
T5_PC_pos+0,T5,PC,0,center,black,-195.000000,0.000000
T5_PC_pos+0,T5,PC,0,center,black,-190.000000,0.000000
T5_PC_pos+0,T5,PC,0,center,black,-185.000000,0.000000
T5_PC_pos+0,T5,PC,0,center,black,-180.000000,0.000000
T5_PC_pos+0,T5,PC,0,center,black,-175.000000,0.000000
T5_PC_pos+0,T5,PC,0,center,black,-170.000000,0.000000
T5_PC_pos+0,T5,PC,0,center,black,-165.000000,0.000000
T5_PC_pos+0,T5,PC,0,center,black,-160.000000,0.000000
T5_PC_pos+0,T5,PC,0,center,black,-155.000000,0.000000
T5_PC_pos+0,T5,PC,0,center,black,-150.000000,0.000000
T5_PC_pos+0,T5,PC,0,center,black,-145.000000,0.000000
T5_PC_pos+0,T5,PC,0,center,black,-140.000000,0.000000
T5_PC_pos+0,T5,PC,0,center,black,-135.000000,0.000000
T5_PC_pos+0,T5,PC,0,center,black,-130.000000,0.000000
T5_PC_pos+0,T5,PC,0,center,black,-125.000000,0.000000
T5_PC_pos+0,T5,PC,0,center,black,-120.000000,0.000000
T5_PC_pos+0,T5,PC,0,center,black,-115.000000,0.000000
T5_PC_pos+0,T5,PC,0,center,black,-110.000000,0.000000
T5_PC_pos+0,T5,PC,0,center,black,-105.000000,0.000000
T5_PC_pos+0,T5,PC,0,center,black,-100.000000,0.000000
T5_PC_pos+0,T5,PC,0,center,black,-95.000000,0.000000
T5_PC_pos+0,T5,PC,0,center,black,-90.000000,0.000000
T5_PC_pos+0,T5,PC,0,center,black,-85.000000,0.000000
T5_PC_pos+0,T5,PC,0,center,black,-80.000000,0.000000
T5_PC_pos+0,T5,PC,0,center,black,-75.000000,0.000000
T5_PC_pos+0,T5,PC,0,center,black,-70.000000,0.000000
T5_PC_pos+0,T5,PC,0,center,black,-65.000000,0.000000
T5_PC_pos+0,T5,PC,0,center,black,-60.000000,0.000000
T5_PC_pos+0,T5,PC,0,center,black,-55.000000,0.000000
T5_PC_pos+0,T5,PC,0,center,black,-50.000000,0.000000
T5_PC_pos+0,T5,PC,0,center,black,-45.000000,0.000000
T5_PC_pos+0,T5,PC,0,center,black,-40.000000,-0.046296
T5_PC_pos+0,T5,PC,0,center,black,-35.000000,-0.176505
T5_PC_pos+0,T5,PC,0,center,black,-30.000000,-0.098380
T5_PC_pos+0,T5,PC,0,center,black,-25.000000,-0.020255
T5_PC_pos+0,T5,PC,0,center,black,-20.000000,0.000000
T5_PC_pos+0,T5,PC,0,center,black,-15.000000,0.043403
T5_PC_pos+0,T5,PC,0,center,black,-10.000000,0.121528
T5_PC_pos+0,T5,PC,0,center,black,-5.000000,0.192419
T5_PC_pos+0,T5,PC,0,center,black,0.000000,0.231481
T5_PC_pos+0,T5,PC,0,center,black,5.000000,0.231481
T5_PC_pos+0,T5,PC,0,center,black,10.000000,0.910494
T5_PC_pos+0,T5,PC,0,center,black,15.000000,1.743827
T5_PC_pos+0,T5,PC,0,center,black,20.000000,2.577160
T5_PC_pos+0,T5,PC,0,center,black,25.000000,3.802083
T5_PC_pos+0,T5,PC,0,center,black,30.000000,6.168981
T5_PC_pos+0,T5,PC,0,center,black,35.000000,8.825231
T5_PC_pos+0,T5,PC,0,center,black,40.000000,12.210648
T5_PC_pos+0,T5,PC,0,center,black,45.000000,15.274884
T5_PC_pos+0,T5,PC,0,center,black,50.000000,17.942708
T5_PC_pos+0,T5,PC,0,center,black,55.000000,20.130208
T5_PC_pos+0,T5,PC,0,center,black,60.000000,21.660880
T5_PC_pos+0,T5,PC,0,center,black,65.000000,22.559317
T5_PC_pos+0,T5,PC,0,center,black,70.000000,23.382523
T5_PC_pos+0,T5,PC,0,center,black,75.000000,24.081308
T5_PC_pos+0,T5,PC,0,center,black,80.000000,24.421296
T5_PC_pos+0,T5,PC,0,center,black,85.000000,24.506655
T5_PC_pos+0,T5,PC,0,center,black,90.000000,24.537037
T5_PC_pos+0,T5,PC,0,center,black,95.000000,24.532697
T5_PC_pos+0,T5,PC,0,center,black,100.000000,24.415509
T5_PC_pos+0,T5,PC,0,center,black,105.000000,24.331597
T5_PC_pos+0,T5,PC,0,center,black,110.000000,24.149306
T5_PC_pos+0,T5,PC,0,center,black,115.000000,23.952546
T5_PC_pos+0,T5,PC,0,center,black,120.000000,23.796296
T5_PC_pos+0,T5,PC,0,center,black,125.000000,23.631366
T5_PC_pos+0,T5,PC,0,center,black,130.000000,23.396991
T5_PC_pos+0,T5,PC,0,center,black,135.000000,23.198785
T5_PC_pos+0,T5,PC,0,center,black,140.000000,22.974537
T5_PC_pos+0,T5,PC,0,center,black,145.000000,22.761863
T5_PC_pos+0,T5,PC,0,center,black,150.000000,22.595486
T5_PC_pos+0,T5,PC,0,center,black,155.000000,22.478299
T5_PC_pos+0,T5,PC,0,center,black,160.000000,22.361111
T5_PC_pos+0,T5,PC,0,center,black,165.000000,22.126736
T5_PC_pos+0,T5,PC,0,center,black,170.000000,21.924190
T5_PC_pos+0,T5,PC,0,center,black,175.000000,21.482928
T5_PC_pos+0,T5,PC,0,center,black,180.000000,20.844907
T5_PC_pos+0,T5,PC,0,center,black,185.000000,20.101273
T5_PC_pos+0,T5,PC,0,center,black,190.000000,19.215856
T5_PC_pos+0,T5,PC,0,center,black,195.000000,18.004919
T5_PC_pos+0,T5,PC,0,center,black,200.000000,16.828704
T5_PC_pos+0,T5,PC,0,center,black,205.000000,15.766782
T5_PC_pos+0,T5,PC,0,center,black,210.000000,14.710648
T5_PC_pos+0,T5,PC,0,center,black,215.000000,13.668981
T5_PC_pos+0,T5,PC,0,center,black,220.000000,12.748843
T5_PC_pos+0,T5,PC,0,center,black,225.000000,11.928530
T5_PC_pos+0,T5,PC,0,center,black,230.000000,11.145833
T5_PC_pos+0,T5,PC,0,center,black,235.000000,10.698785
T5_PC_pos+0,T5,PC,0,center,black,240.000000,10.393519
T5_PC_pos+0,T5,PC,0,center,black,245.000000,9.483507
T5_PC_pos+0,T5,PC,0,center,black,250.000000,8.003472
T5_PC_pos+0,T5,PC,0,center,black,255.000000,7.761863
T5_PC_pos+0,T5,PC,0,center,black,260.000000,7.332176
T5_PC_pos+0,T5,PC,0,center,black,265.000000,6.835937
T5_PC_pos+0,T5,PC,0,center,black,270.000000,6.380208
T5_PC_pos+0,T5,PC,0,center,black,275.000000,5.950521
T5_PC_pos+0,T5,PC,0,center,black,280.000000,5.532407
T5_PC_pos+0,T5,PC,0,center,black,285.000000,5.146123
T5_PC_pos+0,T5,PC,0,center,black,290.000000,4.794560
T5_PC_pos+0,T5,PC,0,center,black,295.000000,4.515336
T5_PC_pos+0,T5,PC,0,center,black,300.000000,4.241898
T5_PC_pos+0,T5,PC,0,center,black,305.000000,3.946759
T5_PC_pos+0,T5,PC,0,center,black,310.000000,3.677662
T5_PC_pos+0,T5,PC,0,center,black,315.000000,3.475116
T5_PC_pos+0,T5,PC,0,center,black,320.000000,3.240741
T5_PC_pos+0,T5,PC,0,center,black,325.000000,3.006366
T5_PC_pos+0,T5,PC,0,center,black,330.000000,2.835648
T5_PC_pos+0,T5,PC,0,center,black,335.000000,2.630208
T5_PC_pos+0,T5,PC,0,center,black,340.000000,2.430556
T5_PC_pos+0,T5,PC,0,center,black,345.000000,2.264178
T5_PC_pos+0,T5,PC,0,center,black,350.000000,2.071759
T5_PC_pos+0,T5,PC,0,center,black,355.000000,1.915509
T5_PC_pos+0,T5,PC,0,center,black,360.000000,1.724537
T5_PC_pos+0,T5,PC,0,center,black,365.000000,1.474248
T5_PC_pos+0,T5,PC,0,center,black,370.000000,1.261574
T5_PC_pos+0,T5,PC,0,center,black,375.000000,1.092303
T5_PC_pos+0,T5,PC,0,center,black,380.000000,0.908565
T5_PC_pos+0,T5,PC,0,center,black,385.000000,0.791377
T5_PC_pos+0,T5,PC,0,center,black,390.000000,0.787037
T5_PC_pos+0,T5,PC,0,center,black,395.000000,0.756655
T5_PC_pos+0,T5,PC,0,center,black,400.000000,0.694444
T5_PC_pos+0,T5,PC,0,center,black,405.000000,0.584491
T5_PC_pos+0,T5,PC,0,center,black,410.000000,0.428241
T5_PC_pos+0,T5,PC,0,center,black,415.000000,0.271991
T5_PC_pos+0,T5,PC,0,center,black,420.000000,0.115741
T5_PC_pos+0,T5,PC,0,center,black,425.000000,-0.007234
T5_PC_pos+0,T5,PC,0,center,black,430.000000,-0.098380
T5_PC_pos+0,T5,PC,0,center,black,435.000000,-0.214120
T5_PC_pos+0,T5,PC,0,center,black,440.000000,-0.358796
T5_PC_pos+0,T5,PC,0,center,black,445.000000,-0.475984
T5_PC_pos+0,T5,PC,0,center,black,450.000000,-0.593171
T5_PC_pos+0,T5,PC,0,center,black,455.000000,-0.674190
T5_PC_pos+0,T5,PC,0,center,black,460.000000,-0.723380
T5_PC_pos+0,T5,PC,0,center,black,465.000000,-0.762442
T5_PC_pos+0,T5,PC,0,center,black,470.000000,-0.830440
T5_PC_pos+0,T5,PC,0,center,black,475.000000,-0.940394
T5_PC_pos+0,T5,PC,0,center,black,480.000000,-1.018519
T5_PC_pos+0,T5,PC,0,center,black,485.000000,-1.174769
T5_PC_pos+0,T5,PC,0,center,black,490.000000,-1.299190
T5_PC_pos+0,T5,PC,0,center,black,495.000000,-1.440972
T5_PC_pos+0,T5,PC,0,center,black,500.000000,-1.545139
T5_PC_pos+0,T5,PC,0,center,black,505.000000,-1.584201
T5_PC_pos+0,T5,PC,0,center,black,510.000000,-1.620370
T5_PC_pos+0,T5,PC,0,center,black,515.000000,-1.620370
T5_PC_pos+0,T5,PC,0,center,black,520.000000,-1.655093
T5_PC_pos+0,T5,PC,0,center,black,525.000000,-1.666667
T5_PC_pos+0,T5,PC,0,center,black,530.000000,-1.686921
T5_PC_pos+0,T5,PC,0,center,black,535.000000,-1.739005
T5_PC_pos+0,T5,PC,0,center,black,540.000000,-1.817130
T5_PC_pos+0,T5,PC,0,center,black,545.000000,-1.895255
T5_PC_pos+0,T5,PC,0,center,black,550.000000,-1.898148
T5_PC_pos+0,T5,PC,0,center,black,555.000000,-1.928530
T5_PC_pos+0,T5,PC,0,center,black,560.000000,-1.990741
T5_PC_pos+0,T5,PC,0,center,black,565.000000,-2.037037
T5_PC_pos+0,T5,PC,0,center,black,570.000000,-2.037037
T5_PC_pos+0,T5,PC,0,center,black,575.000000,-2.037037
T5_PC_pos+0,T5,PC,0,center,black,580.000000,-2.037037
T5_PC_pos+0,T5,PC,0,center,black,585.000000,-2.070312
T5_PC_pos+0,T5,PC,0,center,black,590.000000,-2.083333
T5_PC_pos+0,T5,PC,0,center,black,595.000000,-2.120949
T5_PC_pos+0,T5,PC,0,center,black,600.000000,-2.175926
T5_PC_pos+0,T5,PC,0,center,black,605.000000,-2.184606
T5_PC_pos+0,T5,PC,0,center,black,610.000000,-2.262731
T5_PC_pos+0,T5,PC,0,center,black,615.000000,-2.377025
T5_PC_pos+0,T5,PC,0,center,black,620.000000,-2.494213
T5_PC_pos+0,T5,PC,0,center,black,625.000000,-2.567998
T5_PC_pos+0,T5,PC,0,center,black,630.000000,-2.592593
T5_PC_pos+0,T5,PC,0,center,black,635.000000,-2.578125
T5_PC_pos+0,T5,PC,0,center,black,640.000000,-2.500000
T5_PC_pos+0,T5,PC,0,center,black,645.000000,-2.382812
T5_PC_pos+0,T5,PC,0,center,black,650.000000,-2.265625
T5_PC_pos+0,T5,PC,0,center,black,655.000000,-2.173032
T5_PC_pos+0,T5,PC,0,center,black,660.000000,-2.094907
T5_PC_pos+0,T5,PC,0,center,black,665.000000,-2.026910
T5_PC_pos+0,T5,PC,0,center,black,670.000000,-1.987847
T5_PC_pos+0,T5,PC,0,center,black,675.000000,-1.948785
T5_PC_pos+0,T5,PC,0,center,black,680.000000,-1.909722
T5_PC_pos+0,T5,PC,0,center,black,685.000000,-1.870660
T5_PC_pos+0,T5,PC,0,center,black,690.000000,-1.851852
T5_PC_pos+0,T5,PC,0,center,black,695.000000,-1.877894
T5_PC_pos+0,T5,PC,0,center,black,700.000000,-1.956019
T5_PC_pos+0,T5,PC,0,center,black,705.000000,-2.034144
T5_PC_pos+0,T5,PC,0,center,black,710.000000,-2.112269
T5_PC_pos+0,T5,PC,0,center,black,715.000000,-2.160012
T5_PC_pos+0,T5,PC,0,center,black,720.000000,-2.175926
T5_NC_pos+0,T5,NC,0,center,green,-355.000000,0.000000
T5_NC_pos+0,T5,NC,0,center,green,-350.000000,0.000000
T5_NC_pos+0,T5,NC,0,center,green,-345.000000,0.000000
T5_NC_pos+0,T5,NC,0,center,green,-340.000000,0.000000
T5_NC_pos+0,T5,NC,0,center,green,-335.000000,0.000000
T5_NC_pos+0,T5,NC,0,center,green,-330.000000,0.000000
T5_NC_pos+0,T5,NC,0,center,green,-325.000000,0.000000
T5_NC_pos+0,T5,NC,0,center,green,-320.000000,0.000000
T5_NC_pos+0,T5,NC,0,center,green,-315.000000,0.000000
T5_NC_pos+0,T5,NC,0,center,green,-310.000000,0.000000
T5_NC_pos+0,T5,NC,0,center,green,-305.000000,0.000000
T5_NC_pos+0,T5,NC,0,center,green,-300.000000,0.000000
T5_NC_pos+0,T5,NC,0,center,green,-295.000000,0.000000
T5_NC_pos+0,T5,NC,0,center,green,-290.000000,0.000000
T5_NC_pos+0,T5,NC,0,center,green,-285.000000,0.000000
T5_NC_pos+0,T5,NC,0,center,green,-280.000000,0.000000
T5_NC_pos+0,T5,NC,0,center,green,-275.000000,0.000000
T5_NC_pos+0,T5,NC,0,center,green,-270.000000,0.000000
T5_NC_pos+0,T5,NC,0,center,green,-265.000000,0.000000
T5_NC_pos+0,T5,NC,0,center,green,-260.000000,0.000000
T5_NC_pos+0,T5,NC,0,center,green,-255.000000,0.000000
T5_NC_pos+0,T5,NC,0,center,green,-250.000000,0.000000
T5_NC_pos+0,T5,NC,0,center,green,-245.000000,0.000000
T5_NC_pos+0,T5,NC,0,center,green,-240.000000,0.000000
T5_NC_pos+0,T5,NC,0,center,green,-235.000000,0.000000
T5_NC_pos+0,T5,NC,0,center,green,-230.000000,0.000000
T5_NC_pos+0,T5,NC,0,center,green,-225.000000,0.000000
T5_NC_pos+0,T5,NC,0,center,green,-220.000000,0.000000
T5_NC_pos+0,T5,NC,0,center,green,-215.000000,0.000000
T5_NC_pos+0,T5,NC,0,center,green,-210.000000,-0.390625
T5_NC_pos+0,T5,NC,0,center,green,-205.000000,-0.581597
T5_NC_pos+0,T5,NC,0,center,green,-200.000000,-0.416667
T5_NC_pos+0,T5,NC,0,center,green,-195.000000,-0.421007
T5_NC_pos+0,T5,NC,0,center,green,-190.000000,-0.460069
T5_NC_pos+0,T5,NC,0,center,green,-185.000000,-0.462963
T5_NC_pos+0,T5,NC,0,center,green,-180.000000,-0.434028
T5_NC_pos+0,T5,NC,0,center,green,-175.000000,-0.416667
T5_NC_pos+0,T5,NC,0,center,green,-170.000000,-0.416667
T5_NC_pos+0,T5,NC,0,center,green,-165.000000,-0.416667
T5_NC_pos+0,T5,NC,0,center,green,-160.000000,-0.416667
T5_NC_pos+0,T5,NC,0,center,green,-155.000000,-0.416667
T5_NC_pos+0,T5,NC,0,center,green,-150.000000,-0.384838
T5_NC_pos+0,T5,NC,0,center,green,-145.000000,-0.370370
T5_NC_pos+0,T5,NC,0,center,green,-140.000000,-0.335648
T5_NC_pos+0,T5,NC,0,center,green,-135.000000,-0.277778
T5_NC_pos+0,T5,NC,0,center,green,-130.000000,-0.277778
T5_NC_pos+0,T5,NC,0,center,green,-125.000000,-0.277778
T5_NC_pos+0,T5,NC,0,center,green,-120.000000,-0.243056
T5_NC_pos+0,T5,NC,0,center,green,-115.000000,-0.203993
T5_NC_pos+0,T5,NC,0,center,green,-110.000000,-0.164931
T5_NC_pos+0,T5,NC,0,center,green,-105.000000,-0.099826
T5_NC_pos+0,T5,NC,0,center,green,-100.000000,0.000000
T5_NC_pos+0,T5,NC,0,center,green,-95.000000,0.000000
T5_NC_pos+0,T5,NC,0,center,green,-90.000000,0.037616
T5_NC_pos+0,T5,NC,0,center,green,-85.000000,0.046296
T5_NC_pos+0,T5,NC,0,center,green,-80.000000,0.069444
T5_NC_pos+0,T5,NC,0,center,green,-75.000000,0.092593
T5_NC_pos+0,T5,NC,0,center,green,-70.000000,0.109954
T5_NC_pos+0,T5,NC,0,center,green,-65.000000,0.188079
T5_NC_pos+0,T5,NC,0,center,green,-60.000000,0.266204
T5_NC_pos+0,T5,NC,0,center,green,-55.000000,0.277778
T5_NC_pos+0,T5,NC,0,center,green,-50.000000,0.303819
T5_NC_pos+0,T5,NC,0,center,green,-45.000000,0.342882
T5_NC_pos+0,T5,NC,0,center,green,-40.000000,0.451389
T5_NC_pos+0,T5,NC,0,center,green,-35.000000,0.703125
T5_NC_pos+0,T5,NC,0,center,green,-30.000000,0.781250
T5_NC_pos+0,T5,NC,0,center,green,-25.000000,0.931713
T5_NC_pos+0,T5,NC,0,center,green,-20.000000,0.972222
T5_NC_pos+0,T5,NC,0,center,green,-15.000000,0.863715
T5_NC_pos+0,T5,NC,0,center,green,-10.000000,0.740741
T5_NC_pos+0,T5,NC,0,center,green,-5.000000,0.776910
T5_NC_pos+0,T5,NC,0,center,green,0.000000,0.972222
T5_NC_pos+0,T5,NC,0,center,green,5.000000,0.972222
T5_NC_pos+0,T5,NC,0,center,green,10.000000,0.876736
T5_NC_pos+0,T5,NC,0,center,green,15.000000,0.808738
T5_NC_pos+0,T5,NC,0,center,green,20.000000,0.787037
T5_NC_pos+0,T5,NC,0,center,green,25.000000,0.776910
T5_NC_pos+0,T5,NC,0,center,green,30.000000,0.691551
T5_NC_pos+0,T5,NC,0,center,green,35.000000,0.027488
T5_NC_pos+0,T5,NC,0,center,green,40.000000,-0.324074
T5_NC_pos+0,T5,NC,0,center,green,45.000000,-0.581597
T5_NC_pos+0,T5,NC,0,center,green,50.000000,-0.815972
T5_NC_pos+0,T5,NC,0,center,green,55.000000,-1.037326
T5_NC_pos+0,T5,NC,0,center,green,60.000000,-1.221065
T5_NC_pos+0,T5,NC,0,center,green,65.000000,-1.338252
T5_NC_pos+0,T5,NC,0,center,green,70.000000,-1.455440
T5_NC_pos+0,T5,NC,0,center,green,75.000000,-1.572627
T5_NC_pos+0,T5,NC,0,center,green,80.000000,-1.712963
T5_NC_pos+0,T5,NC,0,center,green,85.000000,-1.853299
T5_NC_pos+0,T5,NC,0,center,green,90.000000,-1.970486
T5_NC_pos+0,T5,NC,0,center,green,95.000000,-2.089120
T5_NC_pos+0,T5,NC,0,center,green,100.000000,-2.245370
T5_NC_pos+0,T5,NC,0,center,green,105.000000,-2.368345
T5_NC_pos+0,T5,NC,0,center,green,110.000000,-2.511574
T5_NC_pos+0,T5,NC,0,center,green,115.000000,-2.686632
T5_NC_pos+0,T5,NC,0,center,green,120.000000,-2.847222
T5_NC_pos+0,T5,NC,0,center,green,125.000000,-2.929688
T5_NC_pos+0,T5,NC,0,center,green,130.000000,-3.046875
T5_NC_pos+0,T5,NC,0,center,green,135.000000,-3.091725
T5_NC_pos+0,T5,NC,0,center,green,140.000000,-3.130787
T5_NC_pos+0,T5,NC,0,center,green,145.000000,-3.169850
T5_NC_pos+0,T5,NC,0,center,green,150.000000,-3.208912
T5_NC_pos+0,T5,NC,0,center,green,155.000000,-3.247975
T5_NC_pos+0,T5,NC,0,center,green,160.000000,-3.287037
T5_NC_pos+0,T5,NC,0,center,green,165.000000,-3.365162
T5_NC_pos+0,T5,NC,0,center,green,170.000000,-3.379630
T5_NC_pos+0,T5,NC,0,center,green,175.000000,-3.256655
T5_NC_pos+0,T5,NC,0,center,green,180.000000,-2.922454
T5_NC_pos+0,T5,NC,0,center,green,185.000000,-2.303241
T5_NC_pos+0,T5,NC,0,center,green,190.000000,-1.333912
T5_NC_pos+0,T5,NC,0,center,green,195.000000,0.033275
T5_NC_pos+0,T5,NC,0,center,green,200.000000,1.643519
T5_NC_pos+0,T5,NC,0,center,green,205.000000,3.229167
T5_NC_pos+0,T5,NC,0,center,green,210.000000,4.710648
T5_NC_pos+0,T5,NC,0,center,green,215.000000,5.986690
T5_NC_pos+0,T5,NC,0,center,green,220.000000,6.973380
T5_NC_pos+0,T5,NC,0,center,green,225.000000,7.793692
T5_NC_pos+0,T5,NC,0,center,green,230.000000,8.313079
T5_NC_pos+0,T5,NC,0,center,green,235.000000,8.425926
T5_NC_pos+0,T5,NC,0,center,green,240.000000,8.611111
T5_NC_pos+0,T5,NC,0,center,green,245.000000,8.875868
T5_NC_pos+0,T5,NC,0,center,green,250.000000,9.027778
T5_NC_pos+0,T5,NC,0,center,green,255.000000,9.032118
T5_NC_pos+0,T5,NC,0,center,green,260.000000,9.149306
T5_NC_pos+0,T5,NC,0,center,green,265.000000,9.199942
T5_NC_pos+0,T5,NC,0,center,green,270.000000,9.291088
T5_NC_pos+0,T5,NC,0,center,green,275.000000,9.389468
T5_NC_pos+0,T5,NC,0,center,green,280.000000,9.456019
T5_NC_pos+0,T5,NC,0,center,green,285.000000,9.495081
T5_NC_pos+0,T5,NC,0,center,green,290.000000,9.534144
T5_NC_pos+0,T5,NC,0,center,green,295.000000,9.537037
T5_NC_pos+0,T5,NC,0,center,green,300.000000,9.479167
T5_NC_pos+0,T5,NC,0,center,green,305.000000,9.357639
T5_NC_pos+0,T5,NC,0,center,green,310.000000,9.244792
T5_NC_pos+0,T5,NC,0,center,green,315.000000,9.198495
T5_NC_pos+0,T5,NC,0,center,green,320.000000,9.120370
T5_NC_pos+0,T5,NC,0,center,green,325.000000,9.120370
T5_NC_pos+0,T5,NC,0,center,green,330.000000,9.120370
T5_NC_pos+0,T5,NC,0,center,green,335.000000,9.144965
T5_NC_pos+0,T5,NC,0,center,green,340.000000,9.166667
T5_NC_pos+0,T5,NC,0,center,green,345.000000,9.126157
T5_NC_pos+0,T5,NC,0,center,green,350.000000,8.969907
T5_NC_pos+0,T5,NC,0,center,green,355.000000,8.813657
T5_NC_pos+0,T5,NC,0,center,green,360.000000,8.553241
T5_NC_pos+0,T5,NC,0,center,green,365.000000,8.307292
T5_NC_pos+0,T5,NC,0,center,green,370.000000,8.113426
T5_NC_pos+0,T5,NC,0,center,green,375.000000,7.957176
T5_NC_pos+0,T5,NC,0,center,green,380.000000,7.800926
T5_NC_pos+0,T5,NC,0,center,green,385.000000,7.644676
T5_NC_pos+0,T5,NC,0,center,green,390.000000,7.563657
T5_NC_pos+0,T5,NC,0,center,green,395.000000,7.485532
T5_NC_pos+0,T5,NC,0,center,green,400.000000,7.361111
T5_NC_pos+0,T5,NC,0,center,green,405.000000,7.204861
T5_NC_pos+0,T5,NC,0,center,green,410.000000,7.048611
T5_NC_pos+0,T5,NC,0,center,green,415.000000,6.892361
T5_NC_pos+0,T5,NC,0,center,green,420.000000,6.736111
T5_NC_pos+0,T5,NC,0,center,green,425.000000,6.613137
T5_NC_pos+0,T5,NC,0,center,green,430.000000,6.495949
T5_NC_pos+0,T5,NC,0,center,green,435.000000,6.397569
T5_NC_pos+0,T5,NC,0,center,green,440.000000,6.319444
T5_NC_pos+0,T5,NC,0,center,green,445.000000,6.232639
T5_NC_pos+0,T5,NC,0,center,green,450.000000,6.076389
T5_NC_pos+0,T5,NC,0,center,green,455.000000,5.956308
T5_NC_pos+0,T5,NC,0,center,green,460.000000,5.781250
T5_NC_pos+0,T5,NC,0,center,green,465.000000,5.629340
T5_NC_pos+0,T5,NC,0,center,green,470.000000,5.526620
T5_NC_pos+0,T5,NC,0,center,green,475.000000,5.448495
T5_NC_pos+0,T5,NC,0,center,green,480.000000,5.370370
T5_NC_pos+0,T5,NC,0,center,green,485.000000,5.370370
T5_NC_pos+0,T5,NC,0,center,green,490.000000,5.370370
T5_NC_pos+0,T5,NC,0,center,green,495.000000,5.394965
T5_NC_pos+0,T5,NC,0,center,green,500.000000,5.468750
T5_NC_pos+0,T5,NC,0,center,green,505.000000,5.565683
T5_NC_pos+0,T5,NC,0,center,green,510.000000,5.604745
T5_NC_pos+0,T5,NC,0,center,green,515.000000,5.643808
T5_NC_pos+0,T5,NC,0,center,green,520.000000,5.648148
T5_NC_pos+0,T5,NC,0,center,green,525.000000,5.648148
T5_NC_pos+0,T5,NC,0,center,green,530.000000,5.607639
T5_NC_pos+0,T5,NC,0,center,green,535.000000,5.555556
T5_NC_pos+0,T5,NC,0,center,green,540.000000,5.555556
T5_NC_pos+0,T5,NC,0,center,green,545.000000,5.555556
T5_NC_pos+0,T5,NC,0,center,green,550.000000,5.555556
T5_NC_pos+0,T5,NC,0,center,green,555.000000,5.434028
T5_NC_pos+0,T5,NC,0,center,green,560.000000,5.277778
T5_NC_pos+0,T5,NC,0,center,green,565.000000,5.105613
T5_NC_pos+0,T5,NC,0,center,green,570.000000,4.901620
T5_NC_pos+0,T5,NC,0,center,green,575.000000,4.670139
T5_NC_pos+0,T5,NC,0,center,green,580.000000,4.513889
T5_NC_pos+0,T5,NC,0,center,green,585.000000,4.324363
T5_NC_pos+0,T5,NC,0,center,green,590.000000,4.181134
T5_NC_pos+0,T5,NC,0,center,green,595.000000,4.045139
T5_NC_pos+0,T5,NC,0,center,green,600.000000,3.923611
T5_NC_pos+0,T5,NC,0,center,green,605.000000,3.888889
T5_NC_pos+0,T5,NC,0,center,green,610.000000,3.888889
T5_NC_pos+0,T5,NC,0,center,green,615.000000,3.925058
T5_NC_pos+0,T5,NC,0,center,green,620.000000,3.993056
T5_NC_pos+0,T5,NC,0,center,green,625.000000,4.092882
T5_NC_pos+0,T5,NC,0,center,green,630.000000,4.181134
T5_NC_pos+0,T5,NC,0,center,green,635.000000,4.212963
T5_NC_pos+0,T5,NC,0,center,green,640.000000,4.212963
T5_NC_pos+0,T5,NC,0,center,green,645.000000,4.095775
T5_NC_pos+0,T5,NC,0,center,green,650.000000,4.074074
T5_NC_pos+0,T5,NC,0,center,green,655.000000,4.074074
T5_NC_pos+0,T5,NC,0,center,green,660.000000,4.074074
T5_NC_pos+0,T5,NC,0,center,green,665.000000,4.074074
T5_NC_pos+0,T5,NC,0,center,green,670.000000,4.068287
T5_NC_pos+0,T5,NC,0,center,green,675.000000,3.990162
T5_NC_pos+0,T5,NC,0,center,green,680.000000,3.946759
T5_NC_pos+0,T5,NC,0,center,green,685.000000,3.880208
T5_NC_pos+0,T5,NC,0,center,green,690.000000,3.802083
T5_NC_pos+0,T5,NC,0,center,green,695.000000,3.750000
T5_NC_pos+0,T5,NC,0,center,green,700.000000,3.750000
T5_NC_pos+0,T5,NC,0,center,green,705.000000,3.750000
T5_NC_pos+0,T5,NC,0,center,green,710.000000,3.750000
T5_NC_pos+0,T5,NC,0,center,green,715.000000,3.567708
T5_NC_pos+0,T5,NC,0,center,green,720.000000,3.425926
T5_NC_pos+0,T5,NC,0,center,green,725.000000,3.331887
T5_PC_pos+1,T5,PC,1,trailing,black,-355.000000,0.000000
T5_PC_pos+1,T5,PC,1,trailing,black,-350.000000,0.000000
T5_PC_pos+1,T5,PC,1,trailing,black,-345.000000,0.000000
T5_PC_pos+1,T5,PC,1,trailing,black,-340.000000,0.000000
T5_PC_pos+1,T5,PC,1,trailing,black,-335.000000,0.000000
T5_PC_pos+1,T5,PC,1,trailing,black,-330.000000,0.000000
T5_PC_pos+1,T5,PC,1,trailing,black,-325.000000,0.000000
T5_PC_pos+1,T5,PC,1,trailing,black,-320.000000,0.000000
T5_PC_pos+1,T5,PC,1,trailing,black,-315.000000,0.000000
T5_PC_pos+1,T5,PC,1,trailing,black,-310.000000,0.000000
T5_PC_pos+1,T5,PC,1,trailing,black,-305.000000,0.000000
T5_PC_pos+1,T5,PC,1,trailing,black,-300.000000,0.000000
T5_PC_pos+1,T5,PC,1,trailing,black,-295.000000,0.000000
T5_PC_pos+1,T5,PC,1,trailing,black,-290.000000,0.000000
T5_PC_pos+1,T5,PC,1,trailing,black,-285.000000,0.000000
T5_PC_pos+1,T5,PC,1,trailing,black,-280.000000,0.000000
T5_PC_pos+1,T5,PC,1,trailing,black,-275.000000,0.000000
T5_PC_pos+1,T5,PC,1,trailing,black,-270.000000,0.000000
T5_PC_pos+1,T5,PC,1,trailing,black,-265.000000,0.000000
T5_PC_pos+1,T5,PC,1,trailing,black,-260.000000,0.000000
T5_PC_pos+1,T5,PC,1,trailing,black,-255.000000,0.000000
T5_PC_pos+1,T5,PC,1,trailing,black,-250.000000,0.000000
T5_PC_pos+1,T5,PC,1,trailing,black,-245.000000,0.000000
T5_PC_pos+1,T5,PC,1,trailing,black,-240.000000,0.000000
T5_PC_pos+1,T5,PC,1,trailing,black,-235.000000,0.000000
T5_PC_pos+1,T5,PC,1,trailing,black,-230.000000,0.000000
T5_PC_pos+1,T5,PC,1,trailing,black,-225.000000,0.000000
T5_PC_pos+1,T5,PC,1,trailing,black,-220.000000,0.000000
T5_PC_pos+1,T5,PC,1,trailing,black,-215.000000,0.000000
T5_PC_pos+1,T5,PC,1,trailing,black,-210.000000,0.000000
T5_PC_pos+1,T5,PC,1,trailing,black,-205.000000,0.000000
T5_PC_pos+1,T5,PC,1,trailing,black,-200.000000,0.000000
T5_PC_pos+1,T5,PC,1,trailing,black,-195.000000,-0.030382
T5_PC_pos+1,T5,PC,1,trailing,black,-190.000000,-0.303819
T5_PC_pos+1,T5,PC,1,trailing,black,-185.000000,-0.287905
T5_PC_pos+1,T5,PC,1,trailing,black,-180.000000,-0.248843
T5_PC_pos+1,T5,PC,1,trailing,black,-175.000000,-0.223343
T5_PC_pos+1,T5,PC,1,trailing,black,-170.000000,-0.208695
T5_PC_pos+1,T5,PC,1,trailing,black,-165.000000,-0.194047
T5_PC_pos+1,T5,PC,1,trailing,black,-160.000000,-0.179398
T5_PC_pos+1,T5,PC,1,trailing,black,-155.000000,-0.164750
T5_PC_pos+1,T5,PC,1,trailing,black,-150.000000,-0.150101
T5_PC_pos+1,T5,PC,1,trailing,black,-145.000000,-0.135453
T5_PC_pos+1,T5,PC,1,trailing,black,-140.000000,-0.120804
T5_PC_pos+1,T5,PC,1,trailing,black,-135.000000,-0.106156
T5_PC_pos+1,T5,PC,1,trailing,black,-130.000000,-0.091508
T5_PC_pos+1,T5,PC,1,trailing,black,-125.000000,-0.076859
T5_PC_pos+1,T5,PC,1,trailing,black,-120.000000,-0.062211
T5_PC_pos+1,T5,PC,1,trailing,black,-115.000000,-0.047562
T5_PC_pos+1,T5,PC,1,trailing,black,-110.000000,-0.032914
T5_PC_pos+1,T5,PC,1,trailing,black,-105.000000,-0.018265
T5_PC_pos+1,T5,PC,1,trailing,black,-100.000000,-0.003617
T5_PC_pos+1,T5,PC,1,trailing,black,-95.000000,0.011032
T5_PC_pos+1,T5,PC,1,trailing,black,-90.000000,0.025680
T5_PC_pos+1,T5,PC,1,trailing,black,-85.000000,0.040328
T5_PC_pos+1,T5,PC,1,trailing,black,-80.000000,0.046296
T5_PC_pos+1,T5,PC,1,trailing,black,-75.000000,0.062211
T5_PC_pos+1,T5,PC,1,trailing,black,-70.000000,0.118634
T5_PC_pos+1,T5,PC,1,trailing,black,-65.000000,0.237269
T5_PC_pos+1,T5,PC,1,trailing,black,-60.000000,0.393519
T5_PC_pos+1,T5,PC,1,trailing,black,-55.000000,0.416667
T5_PC_pos+1,T5,PC,1,trailing,black,-50.000000,0.416667
T5_PC_pos+1,T5,PC,1,trailing,black,-45.000000,0.433765
T5_PC_pos+1,T5,PC,1,trailing,black,-40.000000,0.492424
T5_PC_pos+1,T5,PC,1,trailing,black,-35.000000,0.606061
T5_PC_pos+1,T5,PC,1,trailing,black,-30.000000,0.719697
T5_PC_pos+1,T5,PC,1,trailing,black,-25.000000,0.833333
T5_PC_pos+1,T5,PC,1,trailing,black,-20.000000,0.946970
T5_PC_pos+1,T5,PC,1,trailing,black,-15.000000,1.060606
T5_PC_pos+1,T5,PC,1,trailing,black,-10.000000,1.174242
T5_PC_pos+1,T5,PC,1,trailing,black,-5.000000,1.287879
T5_PC_pos+1,T5,PC,1,trailing,black,0.000000,1.401515
T5_PC_pos+1,T5,PC,1,trailing,black,5.000000,1.515152
T5_PC_pos+1,T5,PC,1,trailing,black,10.000000,1.628788
T5_PC_pos+1,T5,PC,1,trailing,black,15.000000,1.742424
T5_PC_pos+1,T5,PC,1,trailing,black,20.000000,2.760417
T5_PC_pos+1,T5,PC,1,trailing,black,25.000000,5.000000
T5_PC_pos+1,T5,PC,1,trailing,black,30.000000,7.552083
T5_PC_pos+1,T5,PC,1,trailing,black,35.000000,10.755208
T5_PC_pos+1,T5,PC,1,trailing,black,40.000000,14.062500
T5_PC_pos+1,T5,PC,1,trailing,black,45.000000,16.723090
T5_PC_pos+1,T5,PC,1,trailing,black,50.000000,18.741319
T5_PC_pos+1,T5,PC,1,trailing,black,55.000000,20.173611
T5_PC_pos+1,T5,PC,1,trailing,black,60.000000,21.087963
T5_PC_pos+1,T5,PC,1,trailing,black,65.000000,21.869213
T5_PC_pos+1,T5,PC,1,trailing,black,70.000000,22.161458
T5_PC_pos+1,T5,PC,1,trailing,black,75.000000,22.343750
T5_PC_pos+1,T5,PC,1,trailing,black,80.000000,22.407407
T5_PC_pos+1,T5,PC,1,trailing,black,85.000000,22.343750
T5_PC_pos+1,T5,PC,1,trailing,black,90.000000,22.161458
T5_PC_pos+1,T5,PC,1,trailing,black,95.000000,21.888021
T5_PC_pos+1,T5,PC,1,trailing,black,100.000000,21.614583
T5_PC_pos+1,T5,PC,1,trailing,black,105.000000,21.241319
T5_PC_pos+1,T5,PC,1,trailing,black,110.000000,20.720486
T5_PC_pos+1,T5,PC,1,trailing,black,115.000000,20.266204
T5_PC_pos+1,T5,PC,1,trailing,black,120.000000,19.872685
T5_PC_pos+1,T5,PC,1,trailing,black,125.000000,19.308449
T5_PC_pos+1,T5,PC,1,trailing,black,130.000000,18.917824
T5_PC_pos+1,T5,PC,1,trailing,black,135.000000,18.599537
T5_PC_pos+1,T5,PC,1,trailing,black,140.000000,18.287037
T5_PC_pos+1,T5,PC,1,trailing,black,145.000000,17.952836
T5_PC_pos+1,T5,PC,1,trailing,black,150.000000,17.615741
T5_PC_pos+1,T5,PC,1,trailing,black,155.000000,17.317708
T5_PC_pos+1,T5,PC,1,trailing,black,160.000000,17.083333
T5_PC_pos+1,T5,PC,1,trailing,black,165.000000,16.653646
T5_PC_pos+1,T5,PC,1,trailing,black,170.000000,16.128472
T5_PC_pos+1,T5,PC,1,trailing,black,175.000000,15.483218
T5_PC_pos+1,T5,PC,1,trailing,black,180.000000,14.728009
T5_PC_pos+1,T5,PC,1,trailing,black,185.000000,13.867187
T5_PC_pos+1,T5,PC,1,trailing,black,190.000000,12.879051
T5_PC_pos+1,T5,PC,1,trailing,black,195.000000,11.746238
T5_PC_pos+1,T5,PC,1,trailing,black,200.000000,10.648148
T5_PC_pos+1,T5,PC,1,trailing,black,205.000000,9.774306
T5_PC_pos+1,T5,PC,1,trailing,black,210.000000,9.317130
T5_PC_pos+1,T5,PC,1,trailing,black,215.000000,8.809317
T5_PC_pos+1,T5,PC,1,trailing,black,220.000000,7.598380
T5_PC_pos+1,T5,PC,1,trailing,black,225.000000,6.387442
T5_PC_pos+1,T5,PC,1,trailing,black,230.000000,5.815972
T5_PC_pos+1,T5,PC,1,trailing,black,235.000000,5.238715
T5_PC_pos+1,T5,PC,1,trailing,black,240.000000,4.606481
T5_PC_pos+1,T5,PC,1,trailing,black,245.000000,3.990162
T5_PC_pos+1,T5,PC,1,trailing,black,250.000000,3.460648
T5_PC_pos+1,T5,PC,1,trailing,black,255.000000,2.990451
T5_PC_pos+1,T5,PC,1,trailing,black,260.000000,2.482639
T5_PC_pos+1,T5,PC,1,trailing,black,265.000000,2.041377
T5_PC_pos+1,T5,PC,1,trailing,black,270.000000,1.689815
T5_PC_pos+1,T5,PC,1,trailing,black,275.000000,1.358507
T5_PC_pos+1,T5,PC,1,trailing,black,280.000000,1.030093
T5_PC_pos+1,T5,PC,1,trailing,black,285.000000,0.756655
T5_PC_pos+1,T5,PC,1,trailing,black,290.000000,0.483218
T5_PC_pos+1,T5,PC,1,trailing,black,295.000000,0.245949
T5_PC_pos+1,T5,PC,1,trailing,black,300.000000,0.011574
T5_PC_pos+1,T5,PC,1,trailing,black,305.000000,-0.201100
T5_PC_pos+1,T5,PC,1,trailing,black,310.000000,-0.410880
T5_PC_pos+1,T5,PC,1,trailing,black,315.000000,-0.638021
T5_PC_pos+1,T5,PC,1,trailing,black,320.000000,-0.833333
T5_PC_pos+1,T5,PC,1,trailing,black,325.000000,-1.028646
T5_PC_pos+1,T5,PC,1,trailing,black,330.000000,-1.287616
T5_PC_pos+1,T5,PC,1,trailing,black,335.000000,-1.536458
T5_PC_pos+1,T5,PC,1,trailing,black,340.000000,-1.736111
T5_PC_pos+1,T5,PC,1,trailing,black,345.000000,-1.902488
T5_PC_pos+1,T5,PC,1,trailing,black,350.000000,-2.089120
T5_PC_pos+1,T5,PC,1,trailing,black,355.000000,-2.167245
T5_PC_pos+1,T5,PC,1,trailing,black,360.000000,-2.280093
T5_PC_pos+1,T5,PC,1,trailing,black,365.000000,-2.397280
T5_PC_pos+1,T5,PC,1,trailing,black,370.000000,-2.453704
T5_PC_pos+1,T5,PC,1,trailing,black,375.000000,-2.453704
T5_PC_pos+1,T5,PC,1,trailing,black,380.000000,-2.453704
T5_PC_pos+1,T5,PC,1,trailing,black,385.000000,-2.453704
T5_PC_pos+1,T5,PC,1,trailing,black,390.000000,-2.453704
T5_PC_pos+1,T5,PC,1,trailing,black,395.000000,-2.423322
T5_PC_pos+1,T5,PC,1,trailing,black,400.000000,-2.361111
T5_PC_pos+1,T5,PC,1,trailing,black,405.000000,-2.267072
T5_PC_pos+1,T5,PC,1,trailing,black,410.000000,-2.167245
T5_PC_pos+1,T5,PC,1,trailing,black,415.000000,-2.129630
T5_PC_pos+1,T5,PC,1,trailing,black,420.000000,-2.129630
T5_PC_pos+1,T5,PC,1,trailing,black,425.000000,-2.196181
T5_PC_pos+1,T5,PC,1,trailing,black,430.000000,-2.274306
T5_PC_pos+1,T5,PC,1,trailing,black,435.000000,-2.333623
T5_PC_pos+1,T5,PC,1,trailing,black,440.000000,-2.361111
T5_PC_pos+1,T5,PC,1,trailing,black,445.000000,-2.361111
T5_PC_pos+1,T5,PC,1,trailing,black,450.000000,-2.361111
T5_PC_pos+1,T5,PC,1,trailing,black,455.000000,-2.397280
T5_PC_pos+1,T5,PC,1,trailing,black,460.000000,-2.436343
T5_PC_pos+1,T5,PC,1,trailing,black,465.000000,-2.497106
T5_PC_pos+1,T5,PC,1,trailing,black,470.000000,-2.560764
T5_PC_pos+1,T5,PC,1,trailing,black,475.000000,-2.599826
T5_PC_pos+1,T5,PC,1,trailing,black,480.000000,-2.638889
T5_PC_pos+1,T5,PC,1,trailing,black,485.000000,-2.638889
T5_PC_pos+1,T5,PC,1,trailing,black,490.000000,-2.638889
T5_PC_pos+1,T5,PC,1,trailing,black,495.000000,-2.638889
T5_PC_pos+1,T5,PC,1,trailing,black,500.000000,-2.621528
T5_PC_pos+1,T5,PC,1,trailing,black,505.000000,-2.592593
T5_PC_pos+1,T5,PC,1,trailing,black,510.000000,-2.595486
T5_PC_pos+1,T5,PC,1,trailing,black,515.000000,-2.634549
T5_PC_pos+1,T5,PC,1,trailing,black,520.000000,-2.638889
T5_PC_pos+1,T5,PC,1,trailing,black,525.000000,-2.666377
T5_PC_pos+1,T5,PC,1,trailing,black,530.000000,-2.725694
T5_PC_pos+1,T5,PC,1,trailing,black,535.000000,-2.790799
T5_PC_pos+1,T5,PC,1,trailing,black,540.000000,-2.824074
T5_PC_pos+1,T5,PC,1,trailing,black,545.000000,-2.824074
T5_PC_pos+1,T5,PC,1,trailing,black,550.000000,-2.824074
T5_PC_pos+1,T5,PC,1,trailing,black,555.000000,-2.884838
T5_PC_pos+1,T5,PC,1,trailing,black,560.000000,-2.939815
T5_PC_pos+1,T5,PC,1,trailing,black,565.000000,-3.010706
T5_PC_pos+1,T5,PC,1,trailing,black,570.000000,-3.119213
T5_PC_pos+1,T5,PC,1,trailing,black,575.000000,-3.197338
T5_PC_pos+1,T5,PC,1,trailing,black,580.000000,-3.275463
T5_PC_pos+1,T5,PC,1,trailing,black,585.000000,-3.353588
T5_PC_pos+1,T5,PC,1,trailing,black,590.000000,-3.405671
T5_PC_pos+1,T5,PC,1,trailing,black,595.000000,-3.444734
T5_PC_pos+1,T5,PC,1,trailing,black,600.000000,-3.472222
T5_PC_pos+1,T5,PC,1,trailing,black,605.000000,-3.459201
T5_PC_pos+1,T5,PC,1,trailing,black,610.000000,-3.342014
T5_PC_pos+1,T5,PC,1,trailing,black,615.000000,-3.260995
T5_PC_pos+1,T5,PC,1,trailing,black,620.000000,-3.182870
T5_PC_pos+1,T5,PC,1,trailing,black,625.000000,-3.148148
T5_PC_pos+1,T5,PC,1,trailing,black,630.000000,-3.148148
T5_PC_pos+1,T5,PC,1,trailing,black,635.000000,-3.133681
T5_PC_pos+1,T5,PC,1,trailing,black,640.000000,-3.055556
T5_PC_pos+1,T5,PC,1,trailing,black,645.000000,-3.016493
T5_PC_pos+1,T5,PC,1,trailing,black,650.000000,-2.913773
T5_PC_pos+1,T5,PC,1,trailing,black,655.000000,-2.845775
T5_PC_pos+1,T5,PC,1,trailing,black,660.000000,-2.771991
T5_PC_pos+1,T5,PC,1,trailing,black,665.000000,-2.685185
T5_PC_pos+1,T5,PC,1,trailing,black,670.000000,-2.685185
T5_PC_pos+1,T5,PC,1,trailing,black,675.000000,-2.685185
T5_PC_pos+1,T5,PC,1,trailing,black,680.000000,-2.789352
T5_PC_pos+1,T5,PC,1,trailing,black,685.000000,-2.851562
T5_PC_pos+1,T5,PC,1,trailing,black,690.000000,-2.890625
T5_PC_pos+1,T5,PC,1,trailing,black,695.000000,-2.916667
T5_PC_pos+1,T5,PC,1,trailing,black,700.000000,-2.928241
T5_PC_pos+1,T5,PC,1,trailing,black,705.000000,-3.006366
T5_PC_pos+1,T5,PC,1,trailing,black,710.000000,-3.046875
T5_PC_pos+1,T5,PC,1,trailing,black,715.000000,-3.116319
T5_PC_pos+1,T5,PC,1,trailing,black,720.000000,-3.171296
T5_NC_pos+1,T5,NC,1,trailing,green,-355.000000,0.000000
T5_NC_pos+1,T5,NC,1,trailing,green,-350.000000,0.000000
T5_NC_pos+1,T5,NC,1,trailing,green,-345.000000,0.000000
T5_NC_pos+1,T5,NC,1,trailing,green,-340.000000,0.000000
T5_NC_pos+1,T5,NC,1,trailing,green,-335.000000,0.000000
T5_NC_pos+1,T5,NC,1,trailing,green,-330.000000,0.000000
T5_NC_pos+1,T5,NC,1,trailing,green,-325.000000,0.000000
T5_NC_pos+1,T5,NC,1,trailing,green,-320.000000,0.000000
T5_NC_pos+1,T5,NC,1,trailing,green,-315.000000,0.000000
T5_NC_pos+1,T5,NC,1,trailing,green,-310.000000,0.000000
T5_NC_pos+1,T5,NC,1,trailing,green,-305.000000,0.000000
T5_NC_pos+1,T5,NC,1,trailing,green,-300.000000,0.000000
T5_NC_pos+1,T5,NC,1,trailing,green,-295.000000,0.000000
T5_NC_pos+1,T5,NC,1,trailing,green,-290.000000,0.000000
T5_NC_pos+1,T5,NC,1,trailing,green,-285.000000,0.000000
T5_NC_pos+1,T5,NC,1,trailing,green,-280.000000,0.000000
T5_NC_pos+1,T5,NC,1,trailing,green,-275.000000,0.000000
T5_NC_pos+1,T5,NC,1,trailing,green,-270.000000,0.000000
T5_NC_pos+1,T5,NC,1,trailing,green,-265.000000,0.000000
T5_NC_pos+1,T5,NC,1,trailing,green,-260.000000,0.000000
T5_NC_pos+1,T5,NC,1,trailing,green,-255.000000,0.000000
T5_NC_pos+1,T5,NC,1,trailing,green,-250.000000,0.000000
T5_NC_pos+1,T5,NC,1,trailing,green,-245.000000,0.000000
T5_NC_pos+1,T5,NC,1,trailing,green,-240.000000,0.000000
T5_NC_pos+1,T5,NC,1,trailing,green,-235.000000,0.000000
T5_NC_pos+1,T5,NC,1,trailing,green,-230.000000,0.000000
T5_NC_pos+1,T5,NC,1,trailing,green,-225.000000,0.000000
T5_NC_pos+1,T5,NC,1,trailing,green,-220.000000,0.000000
T5_NC_pos+1,T5,NC,1,trailing,green,-215.000000,0.000000
T5_NC_pos+1,T5,NC,1,trailing,green,-210.000000,0.000000
T5_NC_pos+1,T5,NC,1,trailing,green,-205.000000,-0.018808
T5_NC_pos+1,T5,NC,1,trailing,green,-200.000000,-0.046296
T5_NC_pos+1,T5,NC,1,trailing,green,-195.000000,-0.037616
T5_NC_pos+1,T5,NC,1,trailing,green,-190.000000,0.040509
T5_NC_pos+1,T5,NC,1,trailing,green,-185.000000,0.118634
T5_NC_pos+1,T5,NC,1,trailing,green,-180.000000,0.138889
T5_NC_pos+1,T5,NC,1,trailing,green,-175.000000,0.117188
T5_NC_pos+1,T5,NC,1,trailing,green,-170.000000,0.092593
T5_NC_pos+1,T5,NC,1,trailing,green,-165.000000,0.092593
T5_NC_pos+1,T5,NC,1,trailing,green,-160.000000,0.092593
T5_NC_pos+1,T5,NC,1,trailing,green,-155.000000,0.209780
T5_NC_pos+1,T5,NC,1,trailing,green,-150.000000,0.231481
T5_NC_pos+1,T5,NC,1,trailing,green,-145.000000,0.231481
T5_NC_pos+1,T5,NC,1,trailing,green,-140.000000,0.196759
T5_NC_pos+1,T5,NC,1,trailing,green,-135.000000,0.128762
T5_NC_pos+1,T5,NC,1,trailing,green,-130.000000,0.092593
T5_NC_pos+1,T5,NC,1,trailing,green,-125.000000,0.092593
T5_NC_pos+1,T5,NC,1,trailing,green,-120.000000,0.057870
T5_NC_pos+1,T5,NC,1,trailing,green,-115.000000,-0.036169
T5_NC_pos+1,T5,NC,1,trailing,green,-110.000000,-0.112847
T5_NC_pos+1,T5,NC,1,trailing,green,-105.000000,-0.164931
T5_NC_pos+1,T5,NC,1,trailing,green,-100.000000,-0.237269
T5_NC_pos+1,T5,NC,1,trailing,green,-95.000000,-0.276331
T5_NC_pos+1,T5,NC,1,trailing,green,-90.000000,-0.315394
T5_NC_pos+1,T5,NC,1,trailing,green,-85.000000,-0.354456
T5_NC_pos+1,T5,NC,1,trailing,green,-80.000000,-0.370370
T5_NC_pos+1,T5,NC,1,trailing,green,-75.000000,-0.370370
T5_NC_pos+1,T5,NC,1,trailing,green,-70.000000,-0.361690
T5_NC_pos+1,T5,NC,1,trailing,green,-65.000000,-0.324074
T5_NC_pos+1,T5,NC,1,trailing,green,-60.000000,-0.324074
T5_NC_pos+1,T5,NC,1,trailing,green,-55.000000,-0.124421
T5_NC_pos+1,T5,NC,1,trailing,green,-50.000000,-0.046296
T5_NC_pos+1,T5,NC,1,trailing,green,-45.000000,-0.065104
T5_NC_pos+1,T5,NC,1,trailing,green,-40.000000,-0.104167
T5_NC_pos+1,T5,NC,1,trailing,green,-35.000000,-0.138889
T5_NC_pos+1,T5,NC,1,trailing,green,-30.000000,-0.138889
T5_NC_pos+1,T5,NC,1,trailing,green,-25.000000,-0.030382
T5_NC_pos+1,T5,NC,1,trailing,green,-20.000000,0.000000
T5_NC_pos+1,T5,NC,1,trailing,green,-15.000000,0.043403
T5_NC_pos+1,T5,NC,1,trailing,green,-10.000000,0.135995
T5_NC_pos+1,T5,NC,1,trailing,green,-5.000000,0.238715
T5_NC_pos+1,T5,NC,1,trailing,green,0.000000,0.277778
T5_NC_pos+1,T5,NC,1,trailing,green,5.000000,0.355903
T5_NC_pos+1,T5,NC,1,trailing,green,10.000000,0.370370
T5_NC_pos+1,T5,NC,1,trailing,green,15.000000,0.419560
T5_NC_pos+1,T5,NC,1,trailing,green,20.000000,0.410880
T5_NC_pos+1,T5,NC,1,trailing,green,25.000000,0.202546
T5_NC_pos+1,T5,NC,1,trailing,green,30.000000,-0.248843
T5_NC_pos+1,T5,NC,1,trailing,green,35.000000,-0.483218
T5_NC_pos+1,T5,NC,1,trailing,green,40.000000,-0.787037
T5_NC_pos+1,T5,NC,1,trailing,green,45.000000,-1.017072
T5_NC_pos+1,T5,NC,1,trailing,green,50.000000,-1.192130
T5_NC_pos+1,T5,NC,1,trailing,green,55.000000,-1.348380
T5_NC_pos+1,T5,NC,1,trailing,green,60.000000,-1.481481
T5_NC_pos+1,T5,NC,1,trailing,green,65.000000,-1.481481
T5_NC_pos+1,T5,NC,1,trailing,green,70.000000,-1.443866
T5_NC_pos+1,T5,NC,1,trailing,green,75.000000,-1.404803
T5_NC_pos+1,T5,NC,1,trailing,green,80.000000,-1.388889
T5_NC_pos+1,T5,NC,1,trailing,green,85.000000,-1.388889
T5_NC_pos+1,T5,NC,1,trailing,green,90.000000,-1.397569
T5_NC_pos+1,T5,NC,1,trailing,green,95.000000,-1.435185
T5_NC_pos+1,T5,NC,1,trailing,green,100.000000,-1.435185
T5_NC_pos+1,T5,NC,1,trailing,green,105.000000,-1.435185
T5_NC_pos+1,T5,NC,1,trailing,green,110.000000,-1.435185
T5_NC_pos+1,T5,NC,1,trailing,green,115.000000,-1.416377
T5_NC_pos+1,T5,NC,1,trailing,green,120.000000,-1.388889
T5_NC_pos+1,T5,NC,1,trailing,green,125.000000,-1.393229
T5_NC_pos+1,T5,NC,1,trailing,green,130.000000,-1.432292
T5_NC_pos+1,T5,NC,1,trailing,green,135.000000,-1.471354
T5_NC_pos+1,T5,NC,1,trailing,green,140.000000,-1.539352
T5_NC_pos+1,T5,NC,1,trailing,green,145.000000,-1.595775
T5_NC_pos+1,T5,NC,1,trailing,green,150.000000,-1.634838
T5_NC_pos+1,T5,NC,1,trailing,green,155.000000,-1.673900
T5_NC_pos+1,T5,NC,1,trailing,green,160.000000,-1.712963
T5_NC_pos+1,T5,NC,1,trailing,green,165.000000,-1.712963
T5_NC_pos+1,T5,NC,1,trailing,green,170.000000,-1.712963
T5_NC_pos+1,T5,NC,1,trailing,green,175.000000,-1.565394
T5_NC_pos+1,T5,NC,1,trailing,green,180.000000,-1.174769
T5_NC_pos+1,T5,NC,1,trailing,green,185.000000,-0.507812
T5_NC_pos+1,T5,NC,1,trailing,green,190.000000,0.416667
T5_NC_pos+1,T5,NC,1,trailing,green,195.000000,1.666667
T5_NC_pos+1,T5,NC,1,trailing,green,200.000000,3.159722
T5_NC_pos+1,T5,NC,1,trailing,green,205.000000,4.655671
T5_NC_pos+1,T5,NC,1,trailing,green,210.000000,5.694444
T5_NC_pos+1,T5,NC,1,trailing,green,215.000000,6.319444
T5_NC_pos+1,T5,NC,1,trailing,green,220.000000,6.909722
T5_NC_pos+1,T5,NC,1,trailing,green,225.000000,7.300347
T5_NC_pos+1,T5,NC,1,trailing,green,230.000000,9.082755
T5_NC_pos+1,T5,NC,1,trailing,green,235.000000,9.764178
T5_NC_pos+1,T5,NC,1,trailing,green,240.000000,10.115741
T5_NC_pos+1,T5,NC,1,trailing,green,245.000000,10.355903
T5_NC_pos+1,T5,NC,1,trailing,green,250.000000,10.416667
T5_NC_pos+1,T5,NC,1,trailing,green,255.000000,10.416667
T5_NC_pos+1,T5,NC,1,trailing,green,260.000000,10.416667
T5_NC_pos+1,T5,NC,1,trailing,green,265.000000,10.483218
T5_NC_pos+1,T5,NC,1,trailing,green,270.000000,10.587384
T5_NC_pos+1,T5,NC,1,trailing,green,275.000000,10.685764
T5_NC_pos+1,T5,NC,1,trailing,green,280.000000,10.740741
T5_NC_pos+1,T5,NC,1,trailing,green,285.000000,10.736400
T5_NC_pos+1,T5,NC,1,trailing,green,290.000000,10.697338
T5_NC_pos+1,T5,NC,1,trailing,green,295.000000,10.622106
T5_NC_pos+1,T5,NC,1,trailing,green,300.000000,10.543981
T5_NC_pos+1,T5,NC,1,trailing,green,305.000000,10.509259
T5_NC_pos+1,T5,NC,1,trailing,green,310.000000,10.538194
T5_NC_pos+1,T5,NC,1,trailing,green,315.000000,10.609086
T5_NC_pos+1,T5,NC,1,trailing,green,320.000000,10.648148
T5_NC_pos+1,T5,NC,1,trailing,green,325.000000,10.687211
T5_NC_pos+1,T5,NC,1,trailing,green,330.000000,10.758102
T5_NC_pos+1,T5,NC,1,trailing,green,335.000000,10.787037
T5_NC_pos+1,T5,NC,1,trailing,green,340.000000,10.787037
T5_NC_pos+1,T5,NC,1,trailing,green,345.000000,10.756655
T5_NC_pos+1,T5,NC,1,trailing,green,350.000000,10.622106
T5_NC_pos+1,T5,NC,1,trailing,green,355.000000,10.270544
T5_NC_pos+1,T5,NC,1,trailing,green,360.000000,10.092593
T5_NC_pos+1,T5,NC,1,trailing,green,365.000000,9.881366
T5_NC_pos+1,T5,NC,1,trailing,green,370.000000,9.586227
T5_NC_pos+1,T5,NC,1,trailing,green,375.000000,9.299769
T5_NC_pos+1,T5,NC,1,trailing,green,380.000000,9.143519
T5_NC_pos+1,T5,NC,1,trailing,green,385.000000,8.987269
T5_NC_pos+1,T5,NC,1,trailing,green,390.000000,8.831019
T5_NC_pos+1,T5,NC,1,trailing,green,395.000000,8.705150
T5_NC_pos+1,T5,NC,1,trailing,green,400.000000,8.564815
T5_NC_pos+1,T5,NC,1,trailing,green,405.000000,8.424479
T5_NC_pos+1,T5,NC,1,trailing,green,410.000000,8.307292
T5_NC_pos+1,T5,NC,1,trailing,green,415.000000,8.190104
T5_NC_pos+1,T5,NC,1,trailing,green,420.000000,8.072917
T5_NC_pos+1,T5,NC,1,trailing,green,425.000000,7.989005
T5_NC_pos+1,T5,NC,1,trailing,green,430.000000,7.962963
T5_NC_pos+1,T5,NC,1,trailing,green,435.000000,7.962963
T5_NC_pos+1,T5,NC,1,trailing,green,440.000000,7.962963
T5_NC_pos+1,T5,NC,1,trailing,green,445.000000,7.962963
T5_NC_pos+1,T5,NC,1,trailing,green,450.000000,7.962963
T5_NC_pos+1,T5,NC,1,trailing,green,455.000000,7.999132
T5_NC_pos+1,T5,NC,1,trailing,green,460.000000,8.009259
T5_NC_pos+1,T5,NC,1,trailing,green,465.000000,8.009259
T5_NC_pos+1,T5,NC,1,trailing,green,470.000000,7.980324
T5_NC_pos+1,T5,NC,1,trailing,green,475.000000,7.873264
T5_NC_pos+1,T5,NC,1,trailing,green,480.000000,7.638889
T5_NC_pos+1,T5,NC,1,trailing,green,485.000000,7.521701
T5_NC_pos+1,T5,NC,1,trailing,green,490.000000,7.404514
T5_NC_pos+1,T5,NC,1,trailing,green,495.000000,7.336516
T5_NC_pos+1,T5,NC,1,trailing,green,500.000000,7.280093
T5_NC_pos+1,T5,NC,1,trailing,green,505.000000,7.222222
T5_NC_pos+1,T5,NC,1,trailing,green,510.000000,7.216435
T5_NC_pos+1,T5,NC,1,trailing,green,515.000000,7.138310
T5_NC_pos+1,T5,NC,1,trailing,green,520.000000,7.129630
T5_NC_pos+1,T5,NC,1,trailing,green,525.000000,7.019676
T5_NC_pos+1,T5,NC,1,trailing,green,530.000000,6.843171
T5_NC_pos+1,T5,NC,1,trailing,green,535.000000,6.634838
T5_NC_pos+1,T5,NC,1,trailing,green,540.000000,6.394676
T5_NC_pos+1,T5,NC,1,trailing,green,545.000000,6.121238
T5_NC_pos+1,T5,NC,1,trailing,green,550.000000,5.847801
T5_NC_pos+1,T5,NC,1,trailing,green,555.000000,5.665509
T5_NC_pos+1,T5,NC,1,trailing,green,560.000000,5.532407
T5_NC_pos+1,T5,NC,1,trailing,green,565.000000,5.447049
T5_NC_pos+1,T5,NC,1,trailing,green,570.000000,5.390625
T5_NC_pos+1,T5,NC,1,trailing,green,575.000000,5.274884
T5_NC_pos+1,T5,NC,1,trailing,green,580.000000,5.196759
T5_NC_pos+1,T5,NC,1,trailing,green,585.000000,5.118634
T5_NC_pos+1,T5,NC,1,trailing,green,590.000000,5.092593
T5_NC_pos+1,T5,NC,1,trailing,green,595.000000,5.073785
T5_NC_pos+1,T5,NC,1,trailing,green,600.000000,5.023148
T5_NC_pos+1,T5,NC,1,trailing,green,605.000000,4.945023
T5_NC_pos+1,T5,NC,1,trailing,green,610.000000,4.866898
T5_NC_pos+1,T5,NC,1,trailing,green,615.000000,4.788773
T5_NC_pos+1,T5,NC,1,trailing,green,620.000000,4.681713
T5_NC_pos+1,T5,NC,1,trailing,green,625.000000,4.564525
T5_NC_pos+1,T5,NC,1,trailing,green,630.000000,4.476273
T5_NC_pos+1,T5,NC,1,trailing,green,635.000000,4.444444
T5_NC_pos+1,T5,NC,1,trailing,green,640.000000,4.444444
T5_NC_pos+1,T5,NC,1,trailing,green,645.000000,4.405382
T5_NC_pos+1,T5,NC,1,trailing,green,650.000000,4.270833
T5_NC_pos+1,T5,NC,1,trailing,green,655.000000,4.139178
T5_NC_pos+1,T5,NC,1,trailing,green,660.000000,4.004630
T5_NC_pos+1,T5,NC,1,trailing,green,665.000000,3.858507
T5_NC_pos+1,T5,NC,1,trailing,green,670.000000,3.744213
T5_NC_pos+1,T5,NC,1,trailing,green,675.000000,3.666088
T5_NC_pos+1,T5,NC,1,trailing,green,680.000000,3.553241
T5_NC_pos+1,T5,NC,1,trailing,green,685.000000,3.381076
T5_NC_pos+1,T5,NC,1,trailing,green,690.000000,3.246528
T5_NC_pos+1,T5,NC,1,trailing,green,695.000000,3.142361
T5_NC_pos+1,T5,NC,1,trailing,green,700.000000,3.003472
T5_NC_pos+1,T5,NC,1,trailing,green,705.000000,2.964410
T5_NC_pos+1,T5,NC,1,trailing,green,710.000000,2.962963
T5_NC_pos+1,T5,NC,1,trailing,green,715.000000,2.962963
T5_NC_pos+1,T5,NC,1,trailing,green,720.000000,2.939815
T5_NC_pos+1,T5,NC,1,trailing,green,725.000000,2.916667
T5_PC_pos+2,T5,PC,2,trailing,black,-355.000000,0.000000
T5_PC_pos+2,T5,PC,2,trailing,black,-350.000000,0.000000
T5_PC_pos+2,T5,PC,2,trailing,black,-345.000000,0.000000
T5_PC_pos+2,T5,PC,2,trailing,black,-340.000000,0.000000
T5_PC_pos+2,T5,PC,2,trailing,black,-335.000000,0.000000
T5_PC_pos+2,T5,PC,2,trailing,black,-330.000000,0.000000
T5_PC_pos+2,T5,PC,2,trailing,black,-325.000000,0.000000
T5_PC_pos+2,T5,PC,2,trailing,black,-320.000000,0.000000
T5_PC_pos+2,T5,PC,2,trailing,black,-315.000000,0.000000
T5_PC_pos+2,T5,PC,2,trailing,black,-310.000000,0.000000
T5_PC_pos+2,T5,PC,2,trailing,black,-305.000000,0.000000
T5_PC_pos+2,T5,PC,2,trailing,black,-300.000000,0.000000
T5_PC_pos+2,T5,PC,2,trailing,black,-295.000000,0.000000
T5_PC_pos+2,T5,PC,2,trailing,black,-290.000000,0.000000
T5_PC_pos+2,T5,PC,2,trailing,black,-285.000000,0.000000
T5_PC_pos+2,T5,PC,2,trailing,black,-280.000000,0.000000
T5_PC_pos+2,T5,PC,2,trailing,black,-275.000000,0.000000
T5_PC_pos+2,T5,PC,2,trailing,black,-270.000000,0.000000
T5_PC_pos+2,T5,PC,2,trailing,black,-265.000000,0.000000
T5_PC_pos+2,T5,PC,2,trailing,black,-260.000000,0.000000
T5_PC_pos+2,T5,PC,2,trailing,black,-255.000000,0.000000
T5_PC_pos+2,T5,PC,2,trailing,black,-250.000000,0.000000
T5_PC_pos+2,T5,PC,2,trailing,black,-245.000000,0.000000
T5_PC_pos+2,T5,PC,2,trailing,black,-240.000000,0.000000
T5_PC_pos+2,T5,PC,2,trailing,black,-235.000000,0.000000
T5_PC_pos+2,T5,PC,2,trailing,black,-230.000000,0.000000
T5_PC_pos+2,T5,PC,2,trailing,black,-225.000000,0.000000
T5_PC_pos+2,T5,PC,2,trailing,black,-220.000000,0.000000
T5_PC_pos+2,T5,PC,2,trailing,black,-215.000000,0.000000
T5_PC_pos+2,T5,PC,2,trailing,black,-210.000000,-0.062934
T5_PC_pos+2,T5,PC,2,trailing,black,-205.000000,-0.111883
T5_PC_pos+2,T5,PC,2,trailing,black,-200.000000,-0.111883
T5_PC_pos+2,T5,PC,2,trailing,black,-195.000000,-0.111883
T5_PC_pos+2,T5,PC,2,trailing,black,-190.000000,-0.111883
T5_PC_pos+2,T5,PC,2,trailing,black,-185.000000,-0.111883
T5_PC_pos+2,T5,PC,2,trailing,black,-180.000000,-0.111883
T5_PC_pos+2,T5,PC,2,trailing,black,-175.000000,-0.111883
T5_PC_pos+2,T5,PC,2,trailing,black,-170.000000,-0.111883
T5_PC_pos+2,T5,PC,2,trailing,black,-165.000000,-0.111883
T5_PC_pos+2,T5,PC,2,trailing,black,-160.000000,-0.111883
T5_PC_pos+2,T5,PC,2,trailing,black,-155.000000,-0.111883
T5_PC_pos+2,T5,PC,2,trailing,black,-150.000000,-0.111883
T5_PC_pos+2,T5,PC,2,trailing,black,-145.000000,-0.111883
T5_PC_pos+2,T5,PC,2,trailing,black,-140.000000,-0.111883
T5_PC_pos+2,T5,PC,2,trailing,black,-135.000000,-0.111883
T5_PC_pos+2,T5,PC,2,trailing,black,-130.000000,-0.111883
T5_PC_pos+2,T5,PC,2,trailing,black,-125.000000,-0.111883
T5_PC_pos+2,T5,PC,2,trailing,black,-120.000000,-0.111883
T5_PC_pos+2,T5,PC,2,trailing,black,-115.000000,-0.111883
T5_PC_pos+2,T5,PC,2,trailing,black,-110.000000,-0.111883
T5_PC_pos+2,T5,PC,2,trailing,black,-105.000000,-0.111883
T5_PC_pos+2,T5,PC,2,trailing,black,-100.000000,-0.111883
T5_PC_pos+2,T5,PC,2,trailing,black,-95.000000,-0.111883
T5_PC_pos+2,T5,PC,2,trailing,black,-90.000000,-0.076357
T5_PC_pos+2,T5,PC,2,trailing,black,-85.000000,-0.039464
T5_PC_pos+2,T5,PC,2,trailing,black,-80.000000,-0.002572
T5_PC_pos+2,T5,PC,2,trailing,black,-75.000000,0.034320
T5_PC_pos+2,T5,PC,2,trailing,black,-70.000000,0.071213
T5_PC_pos+2,T5,PC,2,trailing,black,-65.000000,0.108105
T5_PC_pos+2,T5,PC,2,trailing,black,-60.000000,0.144997
T5_PC_pos+2,T5,PC,2,trailing,black,-55.000000,0.181890
T5_PC_pos+2,T5,PC,2,trailing,black,-50.000000,0.218782
T5_PC_pos+2,T5,PC,2,trailing,black,-45.000000,0.255675
T5_PC_pos+2,T5,PC,2,trailing,black,-40.000000,0.292567
T5_PC_pos+2,T5,PC,2,trailing,black,-35.000000,0.329459
T5_PC_pos+2,T5,PC,2,trailing,black,-30.000000,0.366352
T5_PC_pos+2,T5,PC,2,trailing,black,-25.000000,0.403244
T5_PC_pos+2,T5,PC,2,trailing,black,-20.000000,0.440136
T5_PC_pos+2,T5,PC,2,trailing,black,-15.000000,0.477029
T5_PC_pos+2,T5,PC,2,trailing,black,-10.000000,0.513921
T5_PC_pos+2,T5,PC,2,trailing,black,-5.000000,0.550813
T5_PC_pos+2,T5,PC,2,trailing,black,0.000000,0.587706
T5_PC_pos+2,T5,PC,2,trailing,black,5.000000,0.624598
T5_PC_pos+2,T5,PC,2,trailing,black,10.000000,0.661490
T5_PC_pos+2,T5,PC,2,trailing,black,15.000000,1.290027
T5_PC_pos+2,T5,PC,2,trailing,black,20.000000,2.561728
T5_PC_pos+2,T5,PC,2,trailing,black,25.000000,4.334008
T5_PC_pos+2,T5,PC,2,trailing,black,30.000000,6.517168
T5_PC_pos+2,T5,PC,2,trailing,black,35.000000,9.134356
T5_PC_pos+2,T5,PC,2,trailing,black,40.000000,11.543210
T5_PC_pos+2,T5,PC,2,trailing,black,45.000000,13.623650
T5_PC_pos+2,T5,PC,2,trailing,black,50.000000,15.090664
T5_PC_pos+2,T5,PC,2,trailing,black,55.000000,16.002122
T5_PC_pos+2,T5,PC,2,trailing,black,60.000000,16.641590
T5_PC_pos+2,T5,PC,2,trailing,black,65.000000,16.915027
T5_PC_pos+2,T5,PC,2,trailing,black,70.000000,16.925154
T5_PC_pos+2,T5,PC,2,trailing,black,75.000000,16.864390
T5_PC_pos+2,T5,PC,2,trailing,black,80.000000,16.693673
T5_PC_pos+2,T5,PC,2,trailing,black,85.000000,16.427469
T5_PC_pos+2,T5,PC,2,trailing,black,90.000000,16.114969
T5_PC_pos+2,T5,PC,2,trailing,black,95.000000,15.796682
T5_PC_pos+2,T5,PC,2,trailing,black,100.000000,15.327932
T5_PC_pos+2,T5,PC,2,trailing,black,105.000000,14.825907
T5_PC_pos+2,T5,PC,2,trailing,black,110.000000,14.370177
T5_PC_pos+2,T5,PC,2,trailing,black,115.000000,13.902874
T5_PC_pos+2,T5,PC,2,trailing,black,120.000000,13.406636
T5_PC_pos+2,T5,PC,2,trailing,black,125.000000,12.937886
T5_PC_pos+2,T5,PC,2,trailing,black,130.000000,12.469136
T5_PC_pos+2,T5,PC,2,trailing,black,135.000000,11.964217
T5_PC_pos+2,T5,PC,2,trailing,black,140.000000,11.456404
T5_PC_pos+2,T5,PC,2,trailing,black,145.000000,10.991995
T5_PC_pos+2,T5,PC,2,trailing,black,150.000000,10.547840
T5_PC_pos+2,T5,PC,2,trailing,black,155.000000,10.079090
T5_PC_pos+2,T5,PC,2,trailing,black,160.000000,9.610340
T5_PC_pos+2,T5,PC,2,trailing,black,165.000000,9.180652
T5_PC_pos+2,T5,PC,2,trailing,black,170.000000,8.655478
T5_PC_pos+2,T5,PC,2,trailing,black,175.000000,8.084008
T5_PC_pos+2,T5,PC,2,trailing,black,180.000000,7.480710
T5_PC_pos+2,T5,PC,2,trailing,black,185.000000,6.997492
T5_PC_pos+2,T5,PC,2,trailing,black,190.000000,6.853781
T5_PC_pos+2,T5,PC,2,trailing,black,195.000000,5.890239
T5_PC_pos+2,T5,PC,2,trailing,black,200.000000,4.857253
T5_PC_pos+2,T5,PC,2,trailing,black,205.000000,3.815586
T5_PC_pos+2,T5,PC,2,trailing,black,210.000000,2.969715
T5_PC_pos+2,T5,PC,2,trailing,black,215.000000,2.331694
T5_PC_pos+2,T5,PC,2,trailing,black,220.000000,1.757330
T5_PC_pos+2,T5,PC,2,trailing,black,225.000000,1.249518
T5_PC_pos+2,T5,PC,2,trailing,black,230.000000,0.816937
T5_PC_pos+2,T5,PC,2,trailing,black,235.000000,0.326485
T5_PC_pos+2,T5,PC,2,trailing,black,240.000000,-0.135031
T5_PC_pos+2,T5,PC,2,trailing,black,245.000000,-0.548804
T5_PC_pos+2,T5,PC,2,trailing,black,250.000000,-0.922068
T5_PC_pos+2,T5,PC,2,trailing,black,255.000000,-1.233121
T5_PC_pos+2,T5,PC,2,trailing,black,260.000000,-1.506559
T5_PC_pos+2,T5,PC,2,trailing,black,265.000000,-1.746721
T5_PC_pos+2,T5,PC,2,trailing,black,270.000000,-1.955054
T5_PC_pos+2,T5,PC,2,trailing,black,275.000000,-2.131559
T5_PC_pos+2,T5,PC,2,trailing,black,280.000000,-2.310957
T5_PC_pos+2,T5,PC,2,trailing,black,285.000000,-2.532311
T5_PC_pos+2,T5,PC,2,trailing,black,290.000000,-2.649498
T5_PC_pos+2,T5,PC,2,trailing,black,295.000000,-2.802855
T5_PC_pos+2,T5,PC,2,trailing,black,300.000000,-2.959105
T5_PC_pos+2,T5,PC,2,trailing,black,305.000000,-3.050251
T5_PC_pos+2,T5,PC,2,trailing,black,310.000000,-3.089313
T5_PC_pos+2,T5,PC,2,trailing,black,315.000000,-3.135610
T5_PC_pos+2,T5,PC,2,trailing,black,320.000000,-3.213735
T5_PC_pos+2,T5,PC,2,trailing,black,325.000000,-3.291860
T5_PC_pos+2,T5,PC,2,trailing,black,330.000000,-3.306327
T5_PC_pos+2,T5,PC,2,trailing,black,335.000000,-3.281732
T5_PC_pos+2,T5,PC,2,trailing,black,340.000000,-3.260031
T5_PC_pos+2,T5,PC,2,trailing,black,345.000000,-3.280285
T5_PC_pos+2,T5,PC,2,trailing,black,350.000000,-3.352623
T5_PC_pos+2,T5,PC,2,trailing,black,355.000000,-3.352623
T5_PC_pos+2,T5,PC,2,trailing,black,360.000000,-3.387346
T5_PC_pos+2,T5,PC,2,trailing,black,365.000000,-3.426408
T5_PC_pos+2,T5,PC,2,trailing,black,370.000000,-3.505980
T5_PC_pos+2,T5,PC,2,trailing,black,375.000000,-3.610147
T5_PC_pos+2,T5,PC,2,trailing,black,380.000000,-3.688272
T5_PC_pos+2,T5,PC,2,trailing,black,385.000000,-3.766397
T5_PC_pos+2,T5,PC,2,trailing,black,390.000000,-3.844522
T5_PC_pos+2,T5,PC,2,trailing,black,395.000000,-3.892265
T5_PC_pos+2,T5,PC,2,trailing,black,400.000000,-3.908179
T5_PC_pos+2,T5,PC,2,trailing,black,405.000000,-3.924093
T5_PC_pos+2,T5,PC,2,trailing,black,410.000000,-3.971836
T5_PC_pos+2,T5,PC,2,trailing,black,415.000000,-4.049961
T5_PC_pos+2,T5,PC,2,trailing,black,420.000000,-4.128086
T5_PC_pos+2,T5,PC,2,trailing,black,425.000000,-4.172936
T5_PC_pos+2,T5,PC,2,trailing,black,430.000000,-4.185957
T5_PC_pos+2,T5,PC,2,trailing,black,435.000000,-4.185957
T5_PC_pos+2,T5,PC,2,trailing,black,440.000000,-4.162809
T5_PC_pos+2,T5,PC,2,trailing,black,445.000000,-4.093364
T5_PC_pos+2,T5,PC,2,trailing,black,450.000000,-4.093364
T5_PC_pos+2,T5,PC,2,trailing,black,455.000000,-4.093364
T5_PC_pos+2,T5,PC,2,trailing,black,460.000000,-4.122299
T5_PC_pos+2,T5,PC,2,trailing,black,465.000000,-4.139660
T5_PC_pos+2,T5,PC,2,trailing,black,470.000000,-4.139660
T5_PC_pos+2,T5,PC,2,trailing,black,475.000000,-4.132427
T5_PC_pos+2,T5,PC,2,trailing,black,480.000000,-4.093364
T5_PC_pos+2,T5,PC,2,trailing,black,485.000000,-4.093364
T5_PC_pos+2,T5,PC,2,trailing,black,490.000000,-4.093364
T5_PC_pos+2,T5,PC,2,trailing,black,495.000000,-4.068769
T5_PC_pos+2,T5,PC,2,trailing,black,500.000000,-4.029707
T5_PC_pos+2,T5,PC,2,trailing,black,505.000000,-4.000772
T5_PC_pos+2,T5,PC,2,trailing,black,510.000000,-3.997878
T5_PC_pos+2,T5,PC,2,trailing,black,515.000000,-3.958816
T5_PC_pos+2,T5,PC,2,trailing,black,520.000000,-3.954475
T5_PC_pos+2,T5,PC,2,trailing,black,525.000000,-3.954475
T5_PC_pos+2,T5,PC,2,trailing,black,530.000000,-3.954475
T5_PC_pos+2,T5,PC,2,trailing,black,535.000000,-4.006559
T5_PC_pos+2,T5,PC,2,trailing,black,540.000000,-4.151235
T5_PC_pos+2,T5,PC,2,trailing,black,545.000000,-4.229360
T5_PC_pos+2,T5,PC,2,trailing,black,550.000000,-4.307485
T5_PC_pos+2,T5,PC,2,trailing,black,555.000000,-4.355228
T5_PC_pos+2,T5,PC,2,trailing,black,560.000000,-4.371142
T5_PC_pos+2,T5,PC,2,trailing,black,565.000000,-4.371142
T5_PC_pos+2,T5,PC,2,trailing,black,570.000000,-4.371142
T5_PC_pos+2,T5,PC,2,trailing,black,575.000000,-4.371142
T5_PC_pos+2,T5,PC,2,trailing,black,580.000000,-4.371142
T5_PC_pos+2,T5,PC,2,trailing,black,585.000000,-4.371142
T5_PC_pos+2,T5,PC,2,trailing,black,590.000000,-4.371142
T5_PC_pos+2,T5,PC,2,trailing,black,595.000000,-4.371142
T5_PC_pos+2,T5,PC,2,trailing,black,600.000000,-4.336420
T5_PC_pos+2,T5,PC,2,trailing,black,605.000000,-4.223573
T5_PC_pos+2,T5,PC,2,trailing,black,610.000000,-4.145448
T5_PC_pos+2,T5,PC,2,trailing,black,615.000000,-4.067323
T5_PC_pos+2,T5,PC,2,trailing,black,620.000000,-4.018133
T5_PC_pos+2,T5,PC,2,trailing,black,625.000000,-3.935667
T5_PC_pos+2,T5,PC,2,trailing,black,630.000000,-3.861883
T5_PC_pos+2,T5,PC,2,trailing,black,635.000000,-3.854649
T5_PC_pos+2,T5,PC,2,trailing,black,640.000000,-3.815586
T5_PC_pos+2,T5,PC,2,trailing,black,645.000000,-3.776524
T5_PC_pos+2,T5,PC,2,trailing,black,650.000000,-3.705633
T5_PC_pos+2,T5,PC,2,trailing,black,655.000000,-3.602913
T5_PC_pos+2,T5,PC,2,trailing,black,660.000000,-3.537809
T5_PC_pos+2,T5,PC,2,trailing,black,665.000000,-3.537809
T5_PC_pos+2,T5,PC,2,trailing,black,670.000000,-3.537809
T5_PC_pos+2,T5,PC,2,trailing,black,675.000000,-3.537809
T5_PC_pos+2,T5,PC,2,trailing,black,680.000000,-3.468364
T5_PC_pos+2,T5,PC,2,trailing,black,685.000000,-3.445216
T5_PC_pos+2,T5,PC,2,trailing,black,690.000000,-3.445216
T5_PC_pos+2,T5,PC,2,trailing,black,695.000000,-3.406154
T5_PC_pos+2,T5,PC,2,trailing,black,700.000000,-3.300540
T5_PC_pos+2,T5,PC,2,trailing,black,705.000000,-3.261478
T5_PC_pos+2,T5,PC,2,trailing,black,710.000000,-3.184799
T5_PC_pos+2,T5,PC,2,trailing,black,715.000000,-3.137056
T5_PC_pos+2,T5,PC,2,trailing,black,720.000000,-3.097994
T5_NC_pos+2,T5,NC,2,trailing,green,-355.000000,0.000000
T5_NC_pos+2,T5,NC,2,trailing,green,-350.000000,0.000000
T5_NC_pos+2,T5,NC,2,trailing,green,-345.000000,0.000000
T5_NC_pos+2,T5,NC,2,trailing,green,-340.000000,0.000000
T5_NC_pos+2,T5,NC,2,trailing,green,-335.000000,0.000000
T5_NC_pos+2,T5,NC,2,trailing,green,-330.000000,0.000000
T5_NC_pos+2,T5,NC,2,trailing,green,-325.000000,0.000000
T5_NC_pos+2,T5,NC,2,trailing,green,-320.000000,0.000000
T5_NC_pos+2,T5,NC,2,trailing,green,-315.000000,0.000000
T5_NC_pos+2,T5,NC,2,trailing,green,-310.000000,0.000000
T5_NC_pos+2,T5,NC,2,trailing,green,-305.000000,0.000000
T5_NC_pos+2,T5,NC,2,trailing,green,-300.000000,0.000000
T5_NC_pos+2,T5,NC,2,trailing,green,-295.000000,0.000000
T5_NC_pos+2,T5,NC,2,trailing,green,-290.000000,0.000000
T5_NC_pos+2,T5,NC,2,trailing,green,-285.000000,0.000000
T5_NC_pos+2,T5,NC,2,trailing,green,-280.000000,0.000000
T5_NC_pos+2,T5,NC,2,trailing,green,-275.000000,0.000000
T5_NC_pos+2,T5,NC,2,trailing,green,-270.000000,0.000000
T5_NC_pos+2,T5,NC,2,trailing,green,-265.000000,0.000000
T5_NC_pos+2,T5,NC,2,trailing,green,-260.000000,0.000000
T5_NC_pos+2,T5,NC,2,trailing,green,-255.000000,0.000000
T5_NC_pos+2,T5,NC,2,trailing,green,-250.000000,0.000000
T5_NC_pos+2,T5,NC,2,trailing,green,-245.000000,0.000000
T5_NC_pos+2,T5,NC,2,trailing,green,-240.000000,0.000000
T5_NC_pos+2,T5,NC,2,trailing,green,-235.000000,0.000000
T5_NC_pos+2,T5,NC,2,trailing,green,-230.000000,0.000000
T5_NC_pos+2,T5,NC,2,trailing,green,-225.000000,0.000000
T5_NC_pos+2,T5,NC,2,trailing,green,-220.000000,0.000000
T5_NC_pos+2,T5,NC,2,trailing,green,-215.000000,0.000000
T5_NC_pos+2,T5,NC,2,trailing,green,-210.000000,-0.271267
T5_NC_pos+2,T5,NC,2,trailing,green,-205.000000,-0.444637
T5_NC_pos+2,T5,NC,2,trailing,green,-200.000000,-0.389660
T5_NC_pos+2,T5,NC,2,trailing,green,-195.000000,-0.380980
T5_NC_pos+2,T5,NC,2,trailing,green,-190.000000,-0.302855
T5_NC_pos+2,T5,NC,2,trailing,green,-185.000000,-0.188561
T5_NC_pos+2,T5,NC,2,trailing,green,-180.000000,-0.158179
T5_NC_pos+2,T5,NC,2,trailing,green,-175.000000,-0.179880
T5_NC_pos+2,T5,NC,2,trailing,green,-170.000000,-0.204475
T5_NC_pos+2,T5,NC,2,trailing,green,-165.000000,-0.204475
T5_NC_pos+2,T5,NC,2,trailing,green,-160.000000,-0.204475
T5_NC_pos+2,T5,NC,2,trailing,green,-155.000000,-0.126350
T5_NC_pos+2,T5,NC,2,trailing,green,-150.000000,-0.111883
T5_NC_pos+2,T5,NC,2,trailing,green,-145.000000,-0.111883
T5_NC_pos+2,T5,NC,2,trailing,green,-140.000000,-0.077160
T5_NC_pos+2,T5,NC,2,trailing,green,-135.000000,0.000965
T5_NC_pos+2,T5,NC,2,trailing,green,-130.000000,0.073302
T5_NC_pos+2,T5,NC,2,trailing,green,-125.000000,0.073302
T5_NC_pos+2,T5,NC,2,trailing,green,-120.000000,0.108025
T5_NC_pos+2,T5,NC,2,trailing,green,-115.000000,0.174576
T5_NC_pos+2,T5,NC,2,trailing,green,-110.000000,0.212191
T5_NC_pos+2,T5,NC,2,trailing,green,-105.000000,0.225212
T5_NC_pos+2,T5,NC,2,trailing,green,-100.000000,0.275849
T5_NC_pos+2,T5,NC,2,trailing,green,-95.000000,0.393036
T5_NC_pos+2,T5,NC,2,trailing,green,-90.000000,0.397377
T5_NC_pos+2,T5,NC,2,trailing,green,-85.000000,0.306231
T5_NC_pos+2,T5,NC,2,trailing,green,-80.000000,0.258488
T5_NC_pos+2,T5,NC,2,trailing,green,-75.000000,0.258488
T5_NC_pos+2,T5,NC,2,trailing,green,-70.000000,0.258488
T5_NC_pos+2,T5,NC,2,trailing,green,-65.000000,0.259934
T5_NC_pos+2,T5,NC,2,trailing,green,-60.000000,0.298997
T5_NC_pos+2,T5,NC,2,trailing,green,-55.000000,0.338059
T5_NC_pos+2,T5,NC,2,trailing,green,-50.000000,0.351080
T5_NC_pos+2,T5,NC,2,trailing,green,-45.000000,0.351080
T5_NC_pos+2,T5,NC,2,trailing,green,-40.000000,0.351080
T5_NC_pos+2,T5,NC,2,trailing,green,-35.000000,0.351080
T5_NC_pos+2,T5,NC,2,trailing,green,-30.000000,0.351080
T5_NC_pos+2,T5,NC,2,trailing,green,-25.000000,0.351080
T5_NC_pos+2,T5,NC,2,trailing,green,-20.000000,0.235340
T5_NC_pos+2,T5,NC,2,trailing,green,-15.000000,0.144194
T5_NC_pos+2,T5,NC,2,trailing,green,-10.000000,0.090664
T5_NC_pos+2,T5,NC,2,trailing,green,-5.000000,0.027006
T5_NC_pos+2,T5,NC,2,trailing,green,0.000000,0.027006
T5_NC_pos+2,T5,NC,2,trailing,green,5.000000,0.027006
T5_NC_pos+2,T5,NC,2,trailing,green,10.000000,0.090664
T5_NC_pos+2,T5,NC,2,trailing,green,15.000000,0.119599
T5_NC_pos+2,T5,NC,2,trailing,green,20.000000,0.067515
T5_NC_pos+2,T5,NC,2,trailing,green,25.000000,-0.100309
T5_NC_pos+2,T5,NC,2,trailing,green,30.000000,-0.404128
T5_NC_pos+2,T5,NC,2,trailing,green,35.000000,-0.599441
T5_NC_pos+2,T5,NC,2,trailing,green,40.000000,-0.725309
T5_NC_pos+2,T5,NC,2,trailing,green,45.000000,-0.760031
T5_NC_pos+2,T5,NC,2,trailing,green,50.000000,-0.699267
T5_NC_pos+2,T5,NC,2,trailing,green,55.000000,-0.556038
T5_NC_pos+2,T5,NC,2,trailing,green,60.000000,-0.372299
T5_NC_pos+2,T5,NC,2,trailing,green,65.000000,-0.255112
T5_NC_pos+2,T5,NC,2,trailing,green,70.000000,-0.100309
T5_NC_pos+2,T5,NC,2,trailing,green,75.000000,-0.035204
T5_NC_pos+2,T5,NC,2,trailing,green,80.000000,0.027006
T5_NC_pos+2,T5,NC,2,trailing,green,85.000000,0.073302
T5_NC_pos+2,T5,NC,2,trailing,green,90.000000,0.073302
T5_NC_pos+2,T5,NC,2,trailing,green,95.000000,0.071856
T5_NC_pos+2,T5,NC,2,trailing,green,100.000000,0.032793
T5_NC_pos+2,T5,NC,2,trailing,green,105.000000,-0.006269
T5_NC_pos+2,T5,NC,2,trailing,green,110.000000,-0.019290
T5_NC_pos+2,T5,NC,2,trailing,green,115.000000,-0.038098
T5_NC_pos+2,T5,NC,2,trailing,green,120.000000,-0.077160
T5_NC_pos+2,T5,NC,2,trailing,green,125.000000,-0.111883
T5_NC_pos+2,T5,NC,2,trailing,green,130.000000,-0.111883
T5_NC_pos+2,T5,NC,2,trailing,green,135.000000,-0.111883
T5_NC_pos+2,T5,NC,2,trailing,green,140.000000,-0.111883
T5_NC_pos+2,T5,NC,2,trailing,green,145.000000,-0.090181
T5_NC_pos+2,T5,NC,2,trailing,green,150.000000,-0.051119
T5_NC_pos+2,T5,NC,2,trailing,green,155.000000,-0.019290
T5_NC_pos+2,T5,NC,2,trailing,green,160.000000,-0.019290
T5_NC_pos+2,T5,NC,2,trailing,green,165.000000,-0.058353
T5_NC_pos+2,T5,NC,2,trailing,green,170.000000,-0.065586
T5_NC_pos+2,T5,NC,2,trailing,green,175.000000,0.131173
T5_NC_pos+2,T5,NC,2,trailing,green,180.000000,0.756173
T5_NC_pos+2,T5,NC,2,trailing,green,185.000000,1.832562
T5_NC_pos+2,T5,NC,2,trailing,green,190.000000,3.001543
T5_NC_pos+2,T5,NC,2,trailing,green,195.000000,3.157793
T5_NC_pos+2,T5,NC,2,trailing,green,200.000000,4.216821
T5_NC_pos+2,T5,NC,2,trailing,green,205.000000,6.708140
T5_NC_pos+2,T5,NC,2,trailing,green,210.000000,8.701775
T5_NC_pos+2,T5,NC,2,trailing,green,215.000000,9.587191
T5_NC_pos+2,T5,NC,2,trailing,green,220.000000,10.189043
T5_NC_pos+2,T5,NC,2,trailing,green,225.000000,10.657793
T5_NC_pos+2,T5,NC,2,trailing,green,230.000000,10.938465
T5_NC_pos+2,T5,NC,2,trailing,green,235.000000,11.090374
T5_NC_pos+2,T5,NC,2,trailing,green,240.000000,11.230710
T5_NC_pos+2,T5,NC,2,trailing,green,245.000000,11.339217
T5_NC_pos+2,T5,NC,2,trailing,green,250.000000,11.369599
T5_NC_pos+2,T5,NC,2,trailing,green,255.000000,11.366705
T5_NC_pos+2,T5,NC,2,trailing,green,260.000000,11.288580
T5_NC_pos+2,T5,NC,2,trailing,green,265.000000,11.210455
T5_NC_pos+2,T5,NC,2,trailing,green,270.000000,11.106289
T5_NC_pos+2,T5,NC,2,trailing,green,275.000000,10.989101
T5_NC_pos+2,T5,NC,2,trailing,green,280.000000,10.895062
T5_NC_pos+2,T5,NC,2,trailing,green,285.000000,10.860340
T5_NC_pos+2,T5,NC,2,trailing,green,290.000000,10.860340
T5_NC_pos+2,T5,NC,2,trailing,green,295.000000,10.788002
T5_NC_pos+2,T5,NC,2,trailing,green,300.000000,10.738812
T5_NC_pos+2,T5,NC,2,trailing,green,305.000000,10.721451
T5_NC_pos+2,T5,NC,2,trailing,green,310.000000,10.678048
T5_NC_pos+2,T5,NC,2,trailing,green,315.000000,10.553627
T5_NC_pos+2,T5,NC,2,trailing,green,320.000000,10.397377
T5_NC_pos+2,T5,NC,2,trailing,green,325.000000,10.202064
T5_NC_pos+2,T5,NC,2,trailing,green,330.000000,10.006752
T5_NC_pos+2,T5,NC,2,trailing,green,335.000000,9.885224
T5_NC_pos+2,T5,NC,2,trailing,green,340.000000,9.807099
T5_NC_pos+2,T5,NC,2,trailing,green,345.000000,9.718846
T5_NC_pos+2,T5,NC,2,trailing,green,350.000000,9.595872
T5_NC_pos+2,T5,NC,2,trailing,green,355.000000,9.400559
T5_NC_pos+2,T5,NC,2,trailing,green,360.000000,9.170525
T5_NC_pos+2,T5,NC,2,trailing,green,365.000000,8.908661
T5_NC_pos+2,T5,NC,2,trailing,green,370.000000,8.614969
T5_NC_pos+2,T5,NC,2,trailing,green,375.000000,8.341532
T5_NC_pos+2,T5,NC,2,trailing,green,380.000000,8.146219
T5_NC_pos+2,T5,NC,2,trailing,green,385.000000,7.950907
T5_NC_pos+2,T5,NC,2,trailing,green,390.000000,7.755594
T5_NC_pos+2,T5,NC,2,trailing,green,395.000000,7.621046
T5_NC_pos+2,T5,NC,2,trailing,green,400.000000,7.503858
T5_NC_pos+2,T5,NC,2,trailing,green,405.000000,7.402585
T5_NC_pos+2,T5,NC,2,trailing,green,410.000000,7.333140
T5_NC_pos+2,T5,NC,2,trailing,green,415.000000,7.291184
T5_NC_pos+2,T5,NC,2,trailing,green,420.000000,7.173997
T5_NC_pos+2,T5,NC,2,trailing,green,425.000000,6.956983
T5_NC_pos+2,T5,NC,2,trailing,green,430.000000,6.748650
T5_NC_pos+2,T5,NC,2,trailing,green,435.000000,6.515721
T5_NC_pos+2,T5,NC,2,trailing,green,440.000000,6.253858
T5_NC_pos+2,T5,NC,2,trailing,green,445.000000,6.015143
T5_NC_pos+2,T5,NC,2,trailing,green,450.000000,5.741705
T5_NC_pos+2,T5,NC,2,trailing,green,455.000000,5.576775
T5_NC_pos+2,T5,NC,2,trailing,green,460.000000,5.391590
T5_NC_pos+2,T5,NC,2,trailing,green,465.000000,5.217978
T5_NC_pos+2,T5,NC,2,trailing,green,470.000000,5.061728
T5_NC_pos+2,T5,NC,2,trailing,green,475.000000,4.912712
T5_NC_pos+2,T5,NC,2,trailing,green,480.000000,4.795525
T5_NC_pos+2,T5,NC,2,trailing,green,485.000000,4.639275
T5_NC_pos+2,T5,NC,2,trailing,green,490.000000,4.514853
T5_NC_pos+2,T5,NC,2,trailing,green,495.000000,4.471451
T5_NC_pos+2,T5,NC,2,trailing,green,500.000000,4.419367
T5_NC_pos+2,T5,NC,2,trailing,green,505.000000,4.312307
T5_NC_pos+2,T5,NC,2,trailing,green,510.000000,4.234182
T5_NC_pos+2,T5,NC,2,trailing,green,515.000000,4.156057
T5_NC_pos+2,T5,NC,2,trailing,green,520.000000,4.077932
T5_NC_pos+2,T5,NC,2,trailing,green,525.000000,3.999807
T5_NC_pos+2,T5,NC,2,trailing,green,530.000000,3.901427
T5_NC_pos+2,T5,NC,2,trailing,green,535.000000,3.771219
T5_NC_pos+2,T5,NC,2,trailing,green,540.000000,3.620756
T5_NC_pos+2,T5,NC,2,trailing,green,545.000000,3.503569
T5_NC_pos+2,T5,NC,2,trailing,green,550.000000,3.273534
T5_NC_pos+2,T5,NC,2,trailing,green,555.000000,3.069541
T5_NC_pos+2,T5,NC,2,trailing,green,560.000000,2.897377
T5_NC_pos+2,T5,NC,2,trailing,green,565.000000,2.709298
T5_NC_pos+2,T5,NC,2,trailing,green,570.000000,2.509645
T5_NC_pos+2,T5,NC,2,trailing,green,575.000000,2.430073
T5_NC_pos+2,T5,NC,2,trailing,green,580.000000,2.312886
T5_NC_pos+2,T5,NC,2,trailing,green,585.000000,2.228974
T5_NC_pos+2,T5,NC,2,trailing,green,590.000000,2.202932
T5_NC_pos+2,T5,NC,2,trailing,green,595.000000,2.202932
T5_NC_pos+2,T5,NC,2,trailing,green,600.000000,2.202932
T5_NC_pos+2,T5,NC,2,trailing,green,605.000000,2.207272
T5_NC_pos+2,T5,NC,2,trailing,green,610.000000,2.246335
T5_NC_pos+2,T5,NC,2,trailing,green,615.000000,2.357735
T5_NC_pos+2,T5,NC,2,trailing,green,620.000000,2.388117
T5_NC_pos+2,T5,NC,2,trailing,green,625.000000,2.388117
T5_NC_pos+2,T5,NC,2,trailing,green,630.000000,2.373650
T5_NC_pos+2,T5,NC,2,trailing,green,635.000000,2.312886
T5_NC_pos+2,T5,NC,2,trailing,green,640.000000,2.156636
T5_NC_pos+2,T5,NC,2,trailing,green,645.000000,2.000386
T5_NC_pos+2,T5,NC,2,trailing,green,650.000000,1.875965
T5_NC_pos+2,T5,NC,2,trailing,green,655.000000,1.807967
T5_NC_pos+2,T5,NC,2,trailing,green,660.000000,1.786265
T5_NC_pos+2,T5,NC,2,trailing,green,665.000000,1.766011
T5_NC_pos+2,T5,NC,2,trailing,green,670.000000,1.684992
T5_NC_pos+2,T5,NC,2,trailing,green,675.000000,1.567805
T5_NC_pos+2,T5,NC,2,trailing,green,680.000000,1.415895
T5_NC_pos+2,T5,NC,2,trailing,green,685.000000,1.259645
T5_NC_pos+2,T5,NC,2,trailing,green,690.000000,1.164159
T5_NC_pos+2,T5,NC,2,trailing,green,695.000000,1.138117
T5_NC_pos+2,T5,NC,2,trailing,green,700.000000,1.149691
T5_NC_pos+2,T5,NC,2,trailing,green,705.000000,1.227816
T5_NC_pos+2,T5,NC,2,trailing,green,710.000000,1.305941
T5_NC_pos+2,T5,NC,2,trailing,green,715.000000,1.384066
T5_NC_pos+2,T5,NC,2,trailing,green,720.000000,1.485340
T5_NC_pos+2,T5,NC,2,trailing,green,725.000000,1.554784
T5_PC_pos+3,T5,PC,3,trailing,black,-355.000000,0.000000
T5_PC_pos+3,T5,PC,3,trailing,black,-350.000000,0.000000
T5_PC_pos+3,T5,PC,3,trailing,black,-345.000000,0.000000
T5_PC_pos+3,T5,PC,3,trailing,black,-340.000000,0.000000
T5_PC_pos+3,T5,PC,3,trailing,black,-335.000000,0.000000
T5_PC_pos+3,T5,PC,3,trailing,black,-330.000000,0.000000
T5_PC_pos+3,T5,PC,3,trailing,black,-325.000000,0.000000
T5_PC_pos+3,T5,PC,3,trailing,black,-320.000000,0.000000
T5_PC_pos+3,T5,PC,3,trailing,black,-315.000000,0.000000
T5_PC_pos+3,T5,PC,3,trailing,black,-310.000000,0.000000
T5_PC_pos+3,T5,PC,3,trailing,black,-305.000000,0.000000
T5_PC_pos+3,T5,PC,3,trailing,black,-300.000000,0.000000
T5_PC_pos+3,T5,PC,3,trailing,black,-295.000000,0.000000
T5_PC_pos+3,T5,PC,3,trailing,black,-290.000000,0.000000
T5_PC_pos+3,T5,PC,3,trailing,black,-285.000000,0.000000
T5_PC_pos+3,T5,PC,3,trailing,black,-280.000000,0.000000
T5_PC_pos+3,T5,PC,3,trailing,black,-275.000000,0.000000
T5_PC_pos+3,T5,PC,3,trailing,black,-270.000000,0.000000
T5_PC_pos+3,T5,PC,3,trailing,black,-265.000000,0.000000
T5_PC_pos+3,T5,PC,3,trailing,black,-260.000000,0.000000
T5_PC_pos+3,T5,PC,3,trailing,black,-255.000000,0.000000
T5_PC_pos+3,T5,PC,3,trailing,black,-250.000000,0.000000
T5_PC_pos+3,T5,PC,3,trailing,black,-245.000000,0.000000
T5_PC_pos+3,T5,PC,3,trailing,black,-240.000000,0.000000
T5_PC_pos+3,T5,PC,3,trailing,black,-235.000000,0.000000
T5_PC_pos+3,T5,PC,3,trailing,black,-230.000000,0.000000
T5_PC_pos+3,T5,PC,3,trailing,black,-225.000000,0.000000
T5_PC_pos+3,T5,PC,3,trailing,black,-220.000000,0.000000
T5_PC_pos+3,T5,PC,3,trailing,black,-215.000000,0.000000
T5_PC_pos+3,T5,PC,3,trailing,black,-210.000000,0.000000
T5_PC_pos+3,T5,PC,3,trailing,black,-205.000000,0.000000
T5_PC_pos+3,T5,PC,3,trailing,black,-200.000000,0.000000
T5_PC_pos+3,T5,PC,3,trailing,black,-195.000000,0.000000
T5_PC_pos+3,T5,PC,3,trailing,black,-190.000000,0.000000
T5_PC_pos+3,T5,PC,3,trailing,black,-185.000000,0.000000
T5_PC_pos+3,T5,PC,3,trailing,black,-180.000000,0.000000
T5_PC_pos+3,T5,PC,3,trailing,black,-175.000000,0.000000
T5_PC_pos+3,T5,PC,3,trailing,black,-170.000000,0.000000
T5_PC_pos+3,T5,PC,3,trailing,black,-165.000000,0.000000
T5_PC_pos+3,T5,PC,3,trailing,black,-160.000000,0.000000
T5_PC_pos+3,T5,PC,3,trailing,black,-155.000000,0.000000
T5_PC_pos+3,T5,PC,3,trailing,black,-150.000000,0.000000
T5_PC_pos+3,T5,PC,3,trailing,black,-145.000000,0.000000
T5_PC_pos+3,T5,PC,3,trailing,black,-140.000000,0.000000
T5_PC_pos+3,T5,PC,3,trailing,black,-135.000000,0.000000
T5_PC_pos+3,T5,PC,3,trailing,black,-130.000000,0.000000
T5_PC_pos+3,T5,PC,3,trailing,black,-125.000000,0.000000
T5_PC_pos+3,T5,PC,3,trailing,black,-120.000000,0.000000
T5_PC_pos+3,T5,PC,3,trailing,black,-115.000000,0.000000
T5_PC_pos+3,T5,PC,3,trailing,black,-110.000000,0.000000
T5_PC_pos+3,T5,PC,3,trailing,black,-105.000000,0.000000
T5_PC_pos+3,T5,PC,3,trailing,black,-100.000000,0.000000
T5_PC_pos+3,T5,PC,3,trailing,black,-95.000000,0.000000
T5_PC_pos+3,T5,PC,3,trailing,black,-90.000000,0.000000
T5_PC_pos+3,T5,PC,3,trailing,black,-85.000000,0.000000
T5_PC_pos+3,T5,PC,3,trailing,black,-80.000000,0.000000
T5_PC_pos+3,T5,PC,3,trailing,black,-75.000000,0.000000
T5_PC_pos+3,T5,PC,3,trailing,black,-70.000000,0.000000
T5_PC_pos+3,T5,PC,3,trailing,black,-65.000000,0.000000
T5_PC_pos+3,T5,PC,3,trailing,black,-60.000000,0.000000
T5_PC_pos+3,T5,PC,3,trailing,black,-55.000000,0.000000
T5_PC_pos+3,T5,PC,3,trailing,black,-50.000000,0.000000
T5_PC_pos+3,T5,PC,3,trailing,black,-45.000000,0.000000
T5_PC_pos+3,T5,PC,3,trailing,black,-40.000000,0.000000
T5_PC_pos+3,T5,PC,3,trailing,black,-35.000000,0.000000
T5_PC_pos+3,T5,PC,3,trailing,black,-30.000000,0.000000
T5_PC_pos+3,T5,PC,3,trailing,black,-25.000000,0.000000
T5_PC_pos+3,T5,PC,3,trailing,black,-20.000000,0.000000
T5_PC_pos+3,T5,PC,3,trailing,black,-15.000000,0.000000
T5_PC_pos+3,T5,PC,3,trailing,black,-10.000000,0.000000
T5_PC_pos+3,T5,PC,3,trailing,black,-5.000000,0.000000
T5_PC_pos+3,T5,PC,3,trailing,black,0.000000,0.000000
T5_PC_pos+3,T5,PC,3,trailing,black,5.000000,0.000000
T5_PC_pos+3,T5,PC,3,trailing,black,10.000000,0.572917
T5_PC_pos+3,T5,PC,3,trailing,black,15.000000,1.521991
T5_PC_pos+3,T5,PC,3,trailing,black,20.000000,2.910880
T5_PC_pos+3,T5,PC,3,trailing,black,25.000000,4.668692
T5_PC_pos+3,T5,PC,3,trailing,black,30.000000,6.455440
T5_PC_pos+3,T5,PC,3,trailing,black,35.000000,8.603877
T5_PC_pos+3,T5,PC,3,trailing,black,40.000000,10.648148
T5_PC_pos+3,T5,PC,3,trailing,black,45.000000,12.102141
T5_PC_pos+3,T5,PC,3,trailing,black,50.000000,12.968750
T5_PC_pos+3,T5,PC,3,trailing,black,55.000000,13.346354
T5_PC_pos+3,T5,PC,3,trailing,black,60.000000,13.379630
T5_PC_pos+3,T5,PC,3,trailing,black,65.000000,13.379630
T5_PC_pos+3,T5,PC,3,trailing,black,70.000000,13.078704
T5_PC_pos+3,T5,PC,3,trailing,black,75.000000,12.705440
T5_PC_pos+3,T5,PC,3,trailing,black,80.000000,12.314815
T5_PC_pos+3,T5,PC,3,trailing,black,85.000000,11.924190
T5_PC_pos+3,T5,PC,3,trailing,black,90.000000,11.481481
T5_PC_pos+3,T5,PC,3,trailing,black,95.000000,10.863715
T5_PC_pos+3,T5,PC,3,trailing,black,100.000000,10.434028
T5_PC_pos+3,T5,PC,3,trailing,black,105.000000,9.904514
T5_PC_pos+3,T5,PC,3,trailing,black,110.000000,9.305556
T5_PC_pos+3,T5,PC,3,trailing,black,115.000000,8.736979
T5_PC_pos+3,T5,PC,3,trailing,black,120.000000,8.217593
T5_PC_pos+3,T5,PC,3,trailing,black,125.000000,7.675058
T5_PC_pos+3,T5,PC,3,trailing,black,130.000000,7.167245
T5_PC_pos+3,T5,PC,3,trailing,black,135.000000,6.623264
T5_PC_pos+3,T5,PC,3,trailing,black,140.000000,6.134259
T5_PC_pos+3,T5,PC,3,trailing,black,145.000000,5.708912
T5_PC_pos+3,T5,PC,3,trailing,black,150.000000,5.303819
T5_PC_pos+3,T5,PC,3,trailing,black,155.000000,4.895833
T5_PC_pos+3,T5,PC,3,trailing,black,160.000000,4.583333
T5_PC_pos+3,T5,PC,3,trailing,black,165.000000,4.231771
T5_PC_pos+3,T5,PC,3,trailing,black,170.000000,3.816551
T5_PC_pos+3,T5,PC,3,trailing,black,175.000000,3.190104
T5_PC_pos+3,T5,PC,3,trailing,black,180.000000,2.447917
T5_PC_pos+3,T5,PC,3,trailing,black,185.000000,1.705729
T5_PC_pos+3,T5,PC,3,trailing,black,190.000000,0.992477
T5_PC_pos+3,T5,PC,3,trailing,black,195.000000,0.640914
T5_PC_pos+3,T5,PC,3,trailing,black,200.000000,0.046296
T5_PC_pos+3,T5,PC,3,trailing,black,205.000000,-0.468750
T5_PC_pos+3,T5,PC,3,trailing,black,210.000000,-0.917245
T5_PC_pos+3,T5,PC,3,trailing,black,215.000000,-1.333912
T5_PC_pos+3,T5,PC,3,trailing,black,220.000000,-1.718750
T5_PC_pos+3,T5,PC,3,trailing,black,225.000000,-2.070313
T5_PC_pos+3,T5,PC,3,trailing,black,230.000000,-2.309028
T5_PC_pos+3,T5,PC,3,trailing,black,235.000000,-2.573785
T5_PC_pos+3,T5,PC,3,trailing,black,240.000000,-2.777778
T5_PC_pos+3,T5,PC,3,trailing,black,245.000000,-2.965856
T5_PC_pos+3,T5,PC,3,trailing,black,250.000000,-3.191551
T5_PC_pos+3,T5,PC,3,trailing,black,255.000000,-3.385417
T5_PC_pos+3,T5,PC,3,trailing,black,260.000000,-3.541667
T5_PC_pos+3,T5,PC,3,trailing,black,265.000000,-3.731192
T5_PC_pos+3,T5,PC,3,trailing,black,270.000000,-3.900463
T5_PC_pos+3,T5,PC,3,trailing,black,275.000000,-4.037905
T5_PC_pos+3,T5,PC,3,trailing,black,280.000000,-4.143519
T5_PC_pos+3,T5,PC,3,trailing,black,285.000000,-4.225984
T5_PC_pos+3,T5,PC,3,trailing,black,290.000000,-4.343171
T5_PC_pos+3,T5,PC,3,trailing,black,295.000000,-4.388021
T5_PC_pos+3,T5,PC,3,trailing,black,300.000000,-4.484954
T5_PC_pos+3,T5,PC,3,trailing,black,305.000000,-4.537037
T5_PC_pos+3,T5,PC,3,trailing,black,310.000000,-4.551505
T5_PC_pos+3,T5,PC,3,trailing,black,315.000000,-4.590567
T5_PC_pos+3,T5,PC,3,trailing,black,320.000000,-4.629630
T5_PC_pos+3,T5,PC,3,trailing,black,325.000000,-4.629630
T5_PC_pos+3,T5,PC,3,trailing,black,330.000000,-4.629630
T5_PC_pos+3,T5,PC,3,trailing,black,335.000000,-4.605035
T5_PC_pos+3,T5,PC,3,trailing,black,340.000000,-4.583333
T5_PC_pos+3,T5,PC,3,trailing,black,345.000000,-4.583333
T5_PC_pos+3,T5,PC,3,trailing,black,350.000000,-4.592014
T5_PC_pos+3,T5,PC,3,trailing,black,355.000000,-4.709201
T5_PC_pos+3,T5,PC,3,trailing,black,360.000000,-4.791667
T5_PC_pos+3,T5,PC,3,trailing,black,365.000000,-4.842303
T5_PC_pos+3,T5,PC,3,trailing,black,370.000000,-4.861111
T5_PC_pos+3,T5,PC,3,trailing,black,375.000000,-4.848090
T5_PC_pos+3,T5,PC,3,trailing,black,380.000000,-4.809028
T5_PC_pos+3,T5,PC,3,trailing,black,385.000000,-4.769965
T5_PC_pos+3,T5,PC,3,trailing,black,390.000000,-4.730903
T5_PC_pos+3,T5,PC,3,trailing,black,395.000000,-4.722222
T5_PC_pos+3,T5,PC,3,trailing,black,400.000000,-4.722222
T5_PC_pos+3,T5,PC,3,trailing,black,405.000000,-4.722222
T5_PC_pos+3,T5,PC,3,trailing,black,410.000000,-4.722222
T5_PC_pos+3,T5,PC,3,trailing,black,415.000000,-4.722222
T5_PC_pos+3,T5,PC,3,trailing,black,420.000000,-4.722222
T5_PC_pos+3,T5,PC,3,trailing,black,425.000000,-4.722222
T5_PC_pos+3,T5,PC,3,trailing,black,430.000000,-4.696181
T5_PC_pos+3,T5,PC,3,trailing,black,435.000000,-4.657118
T5_PC_pos+3,T5,PC,3,trailing,black,440.000000,-4.618056
T5_PC_pos+3,T5,PC,3,trailing,black,445.000000,-4.583333
T5_PC_pos+3,T5,PC,3,trailing,black,450.000000,-4.583333
T5_PC_pos+3,T5,PC,3,trailing,black,455.000000,-4.583333
T5_PC_pos+3,T5,PC,3,trailing,black,460.000000,-4.612269
T5_PC_pos+3,T5,PC,3,trailing,black,465.000000,-4.629630
T5_PC_pos+3,T5,PC,3,trailing,black,470.000000,-4.629630
T5_PC_pos+3,T5,PC,3,trailing,black,475.000000,-4.615162
T5_PC_pos+3,T5,PC,3,trailing,black,480.000000,-4.537037
T5_PC_pos+3,T5,PC,3,trailing,black,485.000000,-4.458912
T5_PC_pos+3,T5,PC,3,trailing,black,490.000000,-4.444444
T5_PC_pos+3,T5,PC,3,trailing,black,495.000000,-4.419850
T5_PC_pos+3,T5,PC,3,trailing,black,500.000000,-4.398148
T5_PC_pos+3,T5,PC,3,trailing,black,505.000000,-4.388021
T5_PC_pos+3,T5,PC,3,trailing,black,510.000000,-4.351852
T5_PC_pos+3,T5,PC,3,trailing,black,515.000000,-4.351852
T5_PC_pos+3,T5,PC,3,trailing,black,520.000000,-4.317130
T5_PC_pos+3,T5,PC,3,trailing,black,525.000000,-4.250579
T5_PC_pos+3,T5,PC,3,trailing,black,530.000000,-4.172454
T5_PC_pos+3,T5,PC,3,trailing,black,535.000000,-4.081308
T5_PC_pos+3,T5,PC,3,trailing,black,540.000000,-3.981481
T5_PC_pos+3,T5,PC,3,trailing,black,545.000000,-3.981481
T5_PC_pos+3,T5,PC,3,trailing,black,550.000000,-3.981481
T5_PC_pos+3,T5,PC,3,trailing,black,555.000000,-3.981481
T5_PC_pos+3,T5,PC,3,trailing,black,560.000000,-4.004630
T5_PC_pos+3,T5,PC,3,trailing,black,565.000000,-4.027778
T5_PC_pos+3,T5,PC,3,trailing,black,570.000000,-4.019097
T5_PC_pos+3,T5,PC,3,trailing,black,575.000000,-3.978588
T5_PC_pos+3,T5,PC,3,trailing,black,580.000000,-3.900463
T5_PC_pos+3,T5,PC,3,trailing,black,585.000000,-3.789062
T5_PC_pos+3,T5,PC,3,trailing,black,590.000000,-3.750000
T5_PC_pos+3,T5,PC,3,trailing,black,595.000000,-3.731192
T5_PC_pos+3,T5,PC,3,trailing,black,600.000000,-3.703704
T5_PC_pos+3,T5,PC,3,trailing,black,605.000000,-3.703704
T5_PC_pos+3,T5,PC,3,trailing,black,610.000000,-3.703704
T5_PC_pos+3,T5,PC,3,trailing,black,615.000000,-3.667535
T5_PC_pos+3,T5,PC,3,trailing,black,620.000000,-3.657407
T5_PC_pos+3,T5,PC,3,trailing,black,625.000000,-3.614005
T5_PC_pos+3,T5,PC,3,trailing,black,630.000000,-3.535880
T5_PC_pos+3,T5,PC,3,trailing,black,635.000000,-3.457755
T5_PC_pos+3,T5,PC,3,trailing,black,640.000000,-3.379630
T5_PC_pos+3,T5,PC,3,trailing,black,645.000000,-3.340567
T5_PC_pos+3,T5,PC,3,trailing,black,650.000000,-3.333333
T5_PC_pos+3,T5,PC,3,trailing,black,655.000000,-3.259549
T5_PC_pos+3,T5,PC,3,trailing,black,660.000000,-3.194444
T5_PC_pos+3,T5,PC,3,trailing,black,665.000000,-3.174190
T5_PC_pos+3,T5,PC,3,trailing,black,670.000000,-3.098958
T5_PC_pos+3,T5,PC,3,trailing,black,675.000000,-3.059896
T5_PC_pos+3,T5,PC,3,trailing,black,680.000000,-3.055556
T5_PC_pos+3,T5,PC,3,trailing,black,685.000000,-3.083044
T5_PC_pos+3,T5,PC,3,trailing,black,690.000000,-3.122106
T5_PC_pos+3,T5,PC,3,trailing,black,695.000000,-3.148148
T5_PC_pos+3,T5,PC,3,trailing,black,700.000000,-3.142361
T5_PC_pos+3,T5,PC,3,trailing,black,705.000000,-3.103299
T5_PC_pos+3,T5,PC,3,trailing,black,710.000000,-3.101852
T5_PC_pos+3,T5,PC,3,trailing,black,715.000000,-3.101852
T5_PC_pos+3,T5,PC,3,trailing,black,720.000000,-3.101852
T5_NC_pos+3,T5,NC,3,trailing,green,-355.000000,0.000000
T5_NC_pos+3,T5,NC,3,trailing,green,-350.000000,0.000000
T5_NC_pos+3,T5,NC,3,trailing,green,-345.000000,0.000000
T5_NC_pos+3,T5,NC,3,trailing,green,-340.000000,0.000000
T5_NC_pos+3,T5,NC,3,trailing,green,-335.000000,0.000000
T5_NC_pos+3,T5,NC,3,trailing,green,-330.000000,0.000000
T5_NC_pos+3,T5,NC,3,trailing,green,-325.000000,0.000000
T5_NC_pos+3,T5,NC,3,trailing,green,-320.000000,0.000000
T5_NC_pos+3,T5,NC,3,trailing,green,-315.000000,0.000000
T5_NC_pos+3,T5,NC,3,trailing,green,-310.000000,0.000000
T5_NC_pos+3,T5,NC,3,trailing,green,-305.000000,0.000000
T5_NC_pos+3,T5,NC,3,trailing,green,-300.000000,0.000000
T5_NC_pos+3,T5,NC,3,trailing,green,-295.000000,0.000000
T5_NC_pos+3,T5,NC,3,trailing,green,-290.000000,0.000000
T5_NC_pos+3,T5,NC,3,trailing,green,-285.000000,0.000000
T5_NC_pos+3,T5,NC,3,trailing,green,-280.000000,0.000000
T5_NC_pos+3,T5,NC,3,trailing,green,-275.000000,0.000000
T5_NC_pos+3,T5,NC,3,trailing,green,-270.000000,0.000000
T5_NC_pos+3,T5,NC,3,trailing,green,-265.000000,0.000000
T5_NC_pos+3,T5,NC,3,trailing,green,-260.000000,0.000000
T5_NC_pos+3,T5,NC,3,trailing,green,-255.000000,0.000000
T5_NC_pos+3,T5,NC,3,trailing,green,-250.000000,0.000000
T5_NC_pos+3,T5,NC,3,trailing,green,-245.000000,0.000000
T5_NC_pos+3,T5,NC,3,trailing,green,-240.000000,0.000000
T5_NC_pos+3,T5,NC,3,trailing,green,-235.000000,0.000000
T5_NC_pos+3,T5,NC,3,trailing,green,-230.000000,0.000000
T5_NC_pos+3,T5,NC,3,trailing,green,-225.000000,0.000000
T5_NC_pos+3,T5,NC,3,trailing,green,-220.000000,0.000000
T5_NC_pos+3,T5,NC,3,trailing,green,-215.000000,0.000000
T5_NC_pos+3,T5,NC,3,trailing,green,-210.000000,-0.078125
T5_NC_pos+3,T5,NC,3,trailing,green,-205.000000,-0.138889
T5_NC_pos+3,T5,NC,3,trailing,green,-200.000000,-0.127315
T5_NC_pos+3,T5,NC,3,trailing,green,-195.000000,-0.083912
T5_NC_pos+3,T5,NC,3,trailing,green,-190.000000,-0.005787
T5_NC_pos+3,T5,NC,3,trailing,green,-185.000000,0.036169
T5_NC_pos+3,T5,NC,3,trailing,green,-180.000000,0.075231
T5_NC_pos+3,T5,NC,3,trailing,green,-175.000000,0.092593
T5_NC_pos+3,T5,NC,3,trailing,green,-170.000000,0.092593
T5_NC_pos+3,T5,NC,3,trailing,green,-165.000000,0.078125
T5_NC_pos+3,T5,NC,3,trailing,green,-160.000000,0.000000
T5_NC_pos+3,T5,NC,3,trailing,green,-155.000000,-0.039063
T5_NC_pos+3,T5,NC,3,trailing,green,-150.000000,-0.046296
T5_NC_pos+3,T5,NC,3,trailing,green,-145.000000,-0.021701
T5_NC_pos+3,T5,NC,3,trailing,green,-140.000000,0.000000
T5_NC_pos+3,T5,NC,3,trailing,green,-135.000000,0.010127
T5_NC_pos+3,T5,NC,3,trailing,green,-130.000000,0.049190
T5_NC_pos+3,T5,NC,3,trailing,green,-125.000000,0.088252
T5_NC_pos+3,T5,NC,3,trailing,green,-120.000000,0.127315
T5_NC_pos+3,T5,NC,3,trailing,green,-115.000000,0.193866
T5_NC_pos+3,T5,NC,3,trailing,green,-110.000000,0.211227
T5_NC_pos+3,T5,NC,3,trailing,green,-105.000000,0.185185
T5_NC_pos+3,T5,NC,3,trailing,green,-100.000000,0.185185
T5_NC_pos+3,T5,NC,3,trailing,green,-95.000000,0.185185
T5_NC_pos+3,T5,NC,3,trailing,green,-90.000000,0.109954
T5_NC_pos+3,T5,NC,3,trailing,green,-85.000000,0.092593
T5_NC_pos+3,T5,NC,3,trailing,green,-80.000000,0.092593
T5_NC_pos+3,T5,NC,3,trailing,green,-75.000000,0.060764
T5_NC_pos+3,T5,NC,3,trailing,green,-70.000000,0.000000
T5_NC_pos+3,T5,NC,3,trailing,green,-65.000000,0.000000
T5_NC_pos+3,T5,NC,3,trailing,green,-60.000000,0.000000
T5_NC_pos+3,T5,NC,3,trailing,green,-55.000000,0.000000
T5_NC_pos+3,T5,NC,3,trailing,green,-50.000000,0.000000
T5_NC_pos+3,T5,NC,3,trailing,green,-45.000000,-0.018808
T5_NC_pos+3,T5,NC,3,trailing,green,-40.000000,-0.046296
T5_NC_pos+3,T5,NC,3,trailing,green,-35.000000,-0.046296
T5_NC_pos+3,T5,NC,3,trailing,green,-30.000000,-0.046296
T5_NC_pos+3,T5,NC,3,trailing,green,-25.000000,-0.082465
T5_NC_pos+3,T5,NC,3,trailing,green,-20.000000,-0.121528
T5_NC_pos+3,T5,NC,3,trailing,green,-15.000000,-0.160590
T5_NC_pos+3,T5,NC,3,trailing,green,-10.000000,-0.185185
T5_NC_pos+3,T5,NC,3,trailing,green,-5.000000,-0.185185
T5_NC_pos+3,T5,NC,3,trailing,green,0.000000,-0.185185
T5_NC_pos+3,T5,NC,3,trailing,green,5.000000,-0.146123
T5_NC_pos+3,T5,NC,3,trailing,green,10.000000,0.083912
T5_NC_pos+3,T5,NC,3,trailing,green,15.000000,0.234375
T5_NC_pos+3,T5,NC,3,trailing,green,20.000000,0.277778
T5_NC_pos+3,T5,NC,3,trailing,green,25.000000,0.176505
T5_NC_pos+3,T5,NC,3,trailing,green,30.000000,-0.193866
T5_NC_pos+3,T5,NC,3,trailing,green,35.000000,-0.311053
T5_NC_pos+3,T5,NC,3,trailing,green,40.000000,-0.358796
T5_NC_pos+3,T5,NC,3,trailing,green,45.000000,-0.370370
T5_NC_pos+3,T5,NC,3,trailing,green,50.000000,-0.269097
T5_NC_pos+3,T5,NC,3,trailing,green,55.000000,-0.086806
T5_NC_pos+3,T5,NC,3,trailing,green,60.000000,0.081019
T5_NC_pos+3,T5,NC,3,trailing,green,65.000000,0.315394
T5_NC_pos+3,T5,NC,3,trailing,green,70.000000,0.512153
T5_NC_pos+3,T5,NC,3,trailing,green,75.000000,0.707465
T5_NC_pos+3,T5,NC,3,trailing,green,80.000000,0.879630
T5_NC_pos+3,T5,NC,3,trailing,green,85.000000,1.051794
T5_NC_pos+3,T5,NC,3,trailing,green,90.000000,1.229745
T5_NC_pos+3,T5,NC,3,trailing,green,95.000000,1.345486
T5_NC_pos+3,T5,NC,3,trailing,green,100.000000,1.423611
T5_NC_pos+3,T5,NC,3,trailing,green,105.000000,1.568287
T5_NC_pos+3,T5,NC,3,trailing,green,110.000000,1.646412
T5_NC_pos+3,T5,NC,3,trailing,green,115.000000,1.704282
T5_NC_pos+3,T5,NC,3,trailing,green,120.000000,1.782407
T5_NC_pos+3,T5,NC,3,trailing,green,125.000000,1.860532
T5_NC_pos+3,T5,NC,3,trailing,green,130.000000,1.938657
T5_NC_pos+3,T5,NC,3,trailing,green,135.000000,1.944444
T5_NC_pos+3,T5,NC,3,trailing,green,140.000000,1.857639
T5_NC_pos+3,T5,NC,3,trailing,green,145.000000,1.762153
T5_NC_pos+3,T5,NC,3,trailing,green,150.000000,1.684028
T5_NC_pos+3,T5,NC,3,trailing,green,155.000000,1.605903
T5_NC_pos+3,T5,NC,3,trailing,green,160.000000,1.527778
T5_NC_pos+3,T5,NC,3,trailing,green,165.000000,1.527778
T5_NC_pos+3,T5,NC,3,trailing,green,170.000000,1.686921
T5_NC_pos+3,T5,NC,3,trailing,green,175.000000,2.054398
T5_NC_pos+3,T5,NC,3,trailing,green,180.000000,2.609954
T5_NC_pos+3,T5,NC,3,trailing,green,185.000000,3.344907
T5_NC_pos+3,T5,NC,3,trailing,green,190.000000,4.317130
T5_NC_pos+3,T5,NC,3,trailing,green,195.000000,5.723380
T5_NC_pos+3,T5,NC,3,trailing,green,200.000000,7.025463
T5_NC_pos+3,T5,NC,3,trailing,green,205.000000,8.204572
T5_NC_pos+3,T5,NC,3,trailing,green,210.000000,9.215856
T5_NC_pos+3,T5,NC,3,trailing,green,215.000000,10.010127
T5_NC_pos+3,T5,NC,3,trailing,green,220.000000,10.561343
T5_NC_pos+3,T5,NC,3,trailing,green,225.000000,10.912905
T5_NC_pos+3,T5,NC,3,trailing,green,230.000000,11.076389
T5_NC_pos+3,T5,NC,3,trailing,green,235.000000,11.111111
T5_NC_pos+3,T5,NC,3,trailing,green,240.000000,11.111111
T5_NC_pos+3,T5,NC,3,trailing,green,245.000000,11.047454
T5_NC_pos+3,T5,NC,3,trailing,green,250.000000,10.925926
T5_NC_pos+3,T5,NC,3,trailing,green,255.000000,10.925926
T5_NC_pos+3,T5,NC,3,trailing,green,260.000000,10.925926
T5_NC_pos+3,T5,NC,3,trailing,green,265.000000,10.925926
T5_NC_pos+3,T5,NC,3,trailing,green,270.000000,10.925926
T5_NC_pos+3,T5,NC,3,trailing,green,275.000000,10.925926
T5_NC_pos+3,T5,NC,3,trailing,green,280.000000,10.925926
T5_NC_pos+3,T5,NC,3,trailing,green,285.000000,10.921586
T5_NC_pos+3,T5,NC,3,trailing,green,290.000000,10.882523
T5_NC_pos+3,T5,NC,3,trailing,green,295.000000,10.734954
T5_NC_pos+3,T5,NC,3,trailing,green,300.000000,10.607639
T5_NC_pos+3,T5,NC,3,trailing,green,305.000000,10.468750
T5_NC_pos+3,T5,NC,3,trailing,green,310.000000,10.283565
T5_NC_pos+3,T5,NC,3,trailing,green,315.000000,10.056424
T5_NC_pos+3,T5,NC,3,trailing,green,320.000000,9.861111
T5_NC_pos+3,T5,NC,3,trailing,green,325.000000,9.665799
T5_NC_pos+3,T5,NC,3,trailing,green,330.000000,9.470486
T5_NC_pos+3,T5,NC,3,trailing,green,335.000000,9.275174
T5_NC_pos+3,T5,NC,3,trailing,green,340.000000,9.114583
T5_NC_pos+3,T5,NC,3,trailing,green,345.000000,8.977141
T5_NC_pos+3,T5,NC,3,trailing,green,350.000000,8.787616
T5_NC_pos+3,T5,NC,3,trailing,green,355.000000,8.670428
T5_NC_pos+3,T5,NC,3,trailing,green,360.000000,8.587963
T5_NC_pos+3,T5,NC,3,trailing,green,365.000000,8.509838
T5_NC_pos+3,T5,NC,3,trailing,green,370.000000,8.411458
T5_NC_pos+3,T5,NC,3,trailing,green,375.000000,8.294271
T5_NC_pos+3,T5,NC,3,trailing,green,380.000000,8.165509
T5_NC_pos+3,T5,NC,3,trailing,green,385.000000,7.970197
T5_NC_pos+3,T5,NC,3,trailing,green,390.000000,7.850116
T5_NC_pos+3,T5,NC,3,trailing,green,395.000000,7.672164
T5_NC_pos+3,T5,NC,3,trailing,green,400.000000,7.476852
T5_NC_pos+3,T5,NC,3,trailing,green,405.000000,7.281539
T5_NC_pos+3,T5,NC,3,trailing,green,410.000000,7.068866
T5_NC_pos+3,T5,NC,3,trailing,green,415.000000,6.796875
T5_NC_pos+3,T5,NC,3,trailing,green,420.000000,6.562500
T5_NC_pos+3,T5,NC,3,trailing,green,425.000000,6.394676
T5_NC_pos+3,T5,NC,3,trailing,green,430.000000,6.212384
T5_NC_pos+3,T5,NC,3,trailing,green,435.000000,6.054687
T5_NC_pos+3,T5,NC,3,trailing,green,440.000000,5.925926
T5_NC_pos+3,T5,NC,3,trailing,green,445.000000,5.769676
T5_NC_pos+3,T5,NC,3,trailing,green,450.000000,5.613426
T5_NC_pos+3,T5,NC,3,trailing,green,455.000000,5.493345
T5_NC_pos+3,T5,NC,3,trailing,green,460.000000,5.347222
T5_NC_pos+3,T5,NC,3,trailing,green,465.000000,5.190972
T5_NC_pos+3,T5,NC,3,trailing,green,470.000000,5.049190
T5_NC_pos+3,T5,NC,3,trailing,green,475.000000,4.939236
T5_NC_pos+3,T5,NC,3,trailing,green,480.000000,4.861111
T5_NC_pos+3,T5,NC,3,trailing,green,485.000000,4.822049
T5_NC_pos+3,T5,NC,3,trailing,green,490.000000,4.751157
T5_NC_pos+3,T5,NC,3,trailing,green,495.000000,4.623843
T5_NC_pos+3,T5,NC,3,trailing,green,500.000000,4.450231
T5_NC_pos+3,T5,NC,3,trailing,green,505.000000,4.234664
T5_NC_pos+3,T5,NC,3,trailing,green,510.000000,3.967014
T5_NC_pos+3,T5,NC,3,trailing,green,515.000000,3.771701
T5_NC_pos+3,T5,NC,3,trailing,green,520.000000,3.576389
T5_NC_pos+3,T5,NC,3,trailing,green,525.000000,3.436053
T5_NC_pos+3,T5,NC,3,trailing,green,530.000000,3.339120
T5_NC_pos+3,T5,NC,3,trailing,green,535.000000,3.287037
T5_NC_pos+3,T5,NC,3,trailing,green,540.000000,3.287037
T5_NC_pos+3,T5,NC,3,trailing,green,545.000000,3.287037
T5_NC_pos+3,T5,NC,3,trailing,green,550.000000,3.249421
T5_NC_pos+3,T5,NC,3,trailing,green,555.000000,3.210359
T5_NC_pos+3,T5,NC,3,trailing,green,560.000000,3.125000
T5_NC_pos+3,T5,NC,3,trailing,green,565.000000,3.007812
T5_NC_pos+3,T5,NC,3,trailing,green,570.000000,2.890625
T5_NC_pos+3,T5,NC,3,trailing,green,575.000000,2.771991
T5_NC_pos+3,T5,NC,3,trailing,green,580.000000,2.615741
T5_NC_pos+3,T5,NC,3,trailing,green,585.000000,2.526042
T5_NC_pos+3,T5,NC,3,trailing,green,590.000000,2.473958
T5_NC_pos+3,T5,NC,3,trailing,green,595.000000,2.416088
T5_NC_pos+3,T5,NC,3,trailing,green,600.000000,2.337963
T5_NC_pos+3,T5,NC,3,trailing,green,605.000000,2.251157
T5_NC_pos+3,T5,NC,3,trailing,green,610.000000,2.094907
T5_NC_pos+3,T5,NC,3,trailing,green,615.000000,2.010995
T5_NC_pos+3,T5,NC,3,trailing,green,620.000000,1.961806
T5_NC_pos+3,T5,NC,3,trailing,green,625.000000,1.879340
T5_NC_pos+3,T5,NC,3,trailing,green,630.000000,1.776620
T5_NC_pos+3,T5,NC,3,trailing,green,635.000000,1.684028
T5_NC_pos+3,T5,NC,3,trailing,green,640.000000,1.527778
T5_NC_pos+3,T5,NC,3,trailing,green,645.000000,1.254340
T5_NC_pos+3,T5,NC,3,trailing,green,650.000000,1.076389
T5_NC_pos+3,T5,NC,3,trailing,green,655.000000,0.944734
T5_NC_pos+3,T5,NC,3,trailing,green,660.000000,0.827546
T5_NC_pos+3,T5,NC,3,trailing,green,665.000000,0.740741
T5_NC_pos+3,T5,NC,3,trailing,green,670.000000,0.743634
T5_NC_pos+3,T5,NC,3,trailing,green,675.000000,0.782697
T5_NC_pos+3,T5,NC,3,trailing,green,680.000000,0.821759
T5_NC_pos+3,T5,NC,3,trailing,green,685.000000,0.833333
T5_NC_pos+3,T5,NC,3,trailing,green,690.000000,0.772569
T5_NC_pos+3,T5,NC,3,trailing,green,695.000000,0.655382
T5_NC_pos+3,T5,NC,3,trailing,green,700.000000,0.538194
T5_NC_pos+3,T5,NC,3,trailing,green,705.000000,0.421007
T5_NC_pos+3,T5,NC,3,trailing,green,710.000000,0.266204
T5_NC_pos+3,T5,NC,3,trailing,green,715.000000,0.170718
T5_NC_pos+3,T5,NC,3,trailing,green,720.000000,0.115741
T5_PC_pos+4,T5,PC,4,trailing,black,-355.000000,0.000000
T5_PC_pos+4,T5,PC,4,trailing,black,-350.000000,0.000000
T5_PC_pos+4,T5,PC,4,trailing,black,-345.000000,0.000000
T5_PC_pos+4,T5,PC,4,trailing,black,-340.000000,0.000000
T5_PC_pos+4,T5,PC,4,trailing,black,-335.000000,0.000000
T5_PC_pos+4,T5,PC,4,trailing,black,-330.000000,0.000000
T5_PC_pos+4,T5,PC,4,trailing,black,-325.000000,0.000000
T5_PC_pos+4,T5,PC,4,trailing,black,-320.000000,0.000000
T5_PC_pos+4,T5,PC,4,trailing,black,-315.000000,0.000000
T5_PC_pos+4,T5,PC,4,trailing,black,-310.000000,0.000000
T5_PC_pos+4,T5,PC,4,trailing,black,-305.000000,0.000000
T5_PC_pos+4,T5,PC,4,trailing,black,-300.000000,0.000000
T5_PC_pos+4,T5,PC,4,trailing,black,-295.000000,0.000000
T5_PC_pos+4,T5,PC,4,trailing,black,-290.000000,0.000000
T5_PC_pos+4,T5,PC,4,trailing,black,-285.000000,0.000000
T5_PC_pos+4,T5,PC,4,trailing,black,-280.000000,0.000000
T5_PC_pos+4,T5,PC,4,trailing,black,-275.000000,0.000000
T5_PC_pos+4,T5,PC,4,trailing,black,-270.000000,0.000000
T5_PC_pos+4,T5,PC,4,trailing,black,-265.000000,0.000000
T5_PC_pos+4,T5,PC,4,trailing,black,-260.000000,0.000000
T5_PC_pos+4,T5,PC,4,trailing,black,-255.000000,0.000000
T5_PC_pos+4,T5,PC,4,trailing,black,-250.000000,0.000000
T5_PC_pos+4,T5,PC,4,trailing,black,-245.000000,0.000000
T5_PC_pos+4,T5,PC,4,trailing,black,-240.000000,0.000000
T5_PC_pos+4,T5,PC,4,trailing,black,-235.000000,0.000000
T5_PC_pos+4,T5,PC,4,trailing,black,-230.000000,0.000000
T5_PC_pos+4,T5,PC,4,trailing,black,-225.000000,0.000000
T5_PC_pos+4,T5,PC,4,trailing,black,-220.000000,0.000000
T5_PC_pos+4,T5,PC,4,trailing,black,-215.000000,-0.133102
T5_PC_pos+4,T5,PC,4,trailing,black,-210.000000,-0.164931
T5_PC_pos+4,T5,PC,4,trailing,black,-205.000000,-0.134549
T5_PC_pos+4,T5,PC,4,trailing,black,-200.000000,-0.104167
T5_PC_pos+4,T5,PC,4,trailing,black,-195.000000,-0.073785
T5_PC_pos+4,T5,PC,4,trailing,black,-190.000000,-0.043403
T5_PC_pos+4,T5,PC,4,trailing,black,-185.000000,-0.013021
T5_PC_pos+4,T5,PC,4,trailing,black,-180.000000,0.017361
T5_PC_pos+4,T5,PC,4,trailing,black,-175.000000,0.047743
T5_PC_pos+4,T5,PC,4,trailing,black,-170.000000,0.078125
T5_PC_pos+4,T5,PC,4,trailing,black,-165.000000,0.108507
T5_PC_pos+4,T5,PC,4,trailing,black,-160.000000,0.138889
T5_PC_pos+4,T5,PC,4,trailing,black,-155.000000,0.169271
T5_PC_pos+4,T5,PC,4,trailing,black,-150.000000,0.199653
T5_PC_pos+4,T5,PC,4,trailing,black,-145.000000,0.230035
T5_PC_pos+4,T5,PC,4,trailing,black,-140.000000,0.260417
T5_PC_pos+4,T5,PC,4,trailing,black,-135.000000,0.290799
T5_PC_pos+4,T5,PC,4,trailing,black,-130.000000,0.321181
T5_PC_pos+4,T5,PC,4,trailing,black,-125.000000,0.351562
T5_PC_pos+4,T5,PC,4,trailing,black,-120.000000,0.381944
T5_PC_pos+4,T5,PC,4,trailing,black,-115.000000,0.412326
T5_PC_pos+4,T5,PC,4,trailing,black,-110.000000,0.426955
T5_PC_pos+4,T5,PC,4,trailing,black,-105.000000,0.411040
T5_PC_pos+4,T5,PC,4,trailing,black,-100.000000,0.364583
T5_PC_pos+4,T5,PC,4,trailing,black,-95.000000,0.325521
T5_PC_pos+4,T5,PC,4,trailing,black,-90.000000,0.324074
T5_PC_pos+4,T5,PC,4,trailing,black,-85.000000,0.324074
T5_PC_pos+4,T5,PC,4,trailing,black,-80.000000,0.324074
T5_PC_pos+4,T5,PC,4,trailing,black,-75.000000,0.308160
T5_PC_pos+4,T5,PC,4,trailing,black,-70.000000,0.264137
T5_PC_pos+4,T5,PC,4,trailing,black,-65.000000,0.201306
T5_PC_pos+4,T5,PC,4,trailing,black,-60.000000,0.100860
T5_PC_pos+4,T5,PC,4,trailing,black,-55.000000,0.000413
T5_PC_pos+4,T5,PC,4,trailing,black,-50.000000,-0.100033
T5_PC_pos+4,T5,PC,4,trailing,black,-45.000000,-0.200479
T5_PC_pos+4,T5,PC,4,trailing,black,-40.000000,-0.300926
T5_PC_pos+4,T5,PC,4,trailing,black,-35.000000,-0.401372
T5_PC_pos+4,T5,PC,4,trailing,black,-30.000000,-0.501819
T5_PC_pos+4,T5,PC,4,trailing,black,-25.000000,-0.509259
T5_PC_pos+4,T5,PC,4,trailing,black,-20.000000,-0.509259
T5_PC_pos+4,T5,PC,4,trailing,black,-15.000000,-0.498409
T5_PC_pos+4,T5,PC,4,trailing,black,-10.000000,-0.478877
T5_PC_pos+4,T5,PC,4,trailing,black,-5.000000,-0.455729
T5_PC_pos+4,T5,PC,4,trailing,black,0.000000,-0.416667
T5_PC_pos+4,T5,PC,4,trailing,black,5.000000,-0.377604
T5_PC_pos+4,T5,PC,4,trailing,black,10.000000,-0.370370
T5_PC_pos+4,T5,PC,4,trailing,black,15.000000,0.638021
T5_PC_pos+4,T5,PC,4,trailing,black,20.000000,1.944444
T5_PC_pos+4,T5,PC,4,trailing,black,25.000000,2.881944
T5_PC_pos+4,T5,PC,4,trailing,black,30.000000,3.845486
T5_PC_pos+4,T5,PC,4,trailing,black,35.000000,5.134549
T5_PC_pos+4,T5,PC,4,trailing,black,40.000000,6.284722
T5_PC_pos+4,T5,PC,4,trailing,black,45.000000,7.087674
T5_PC_pos+4,T5,PC,4,trailing,black,50.000000,7.549190
T5_PC_pos+4,T5,PC,4,trailing,black,55.000000,7.731481
T5_PC_pos+4,T5,PC,4,trailing,black,60.000000,7.702546
T5_PC_pos+4,T5,PC,4,trailing,black,65.000000,7.507234
T5_PC_pos+4,T5,PC,4,trailing,black,70.000000,7.236690
T5_PC_pos+4,T5,PC,4,trailing,black,75.000000,6.963252
T5_PC_pos+4,T5,PC,4,trailing,black,80.000000,6.574074
T5_PC_pos+4,T5,PC,4,trailing,black,85.000000,6.121238
T5_PC_pos+4,T5,PC,4,trailing,black,90.000000,5.691551
T5_PC_pos+4,T5,PC,4,trailing,black,95.000000,5.263310
T5_PC_pos+4,T5,PC,4,trailing,black,100.000000,4.872685
T5_PC_pos+4,T5,PC,4,trailing,black,105.000000,4.315683
T5_PC_pos+4,T5,PC,4,trailing,black,110.000000,3.833912
T5_PC_pos+4,T5,PC,4,trailing,black,115.000000,3.404225
T5_PC_pos+4,T5,PC,4,trailing,black,120.000000,2.974537
T5_PC_pos+4,T5,PC,4,trailing,black,125.000000,2.557870
T5_PC_pos+4,T5,PC,4,trailing,black,130.000000,2.245370
T5_PC_pos+4,T5,PC,4,trailing,black,135.000000,2.041377
T5_PC_pos+4,T5,PC,4,trailing,black,140.000000,1.412037
T5_PC_pos+4,T5,PC,4,trailing,black,145.000000,0.630787
T5_PC_pos+4,T5,PC,4,trailing,black,150.000000,0.081019
T5_PC_pos+4,T5,PC,4,trailing,black,155.000000,-0.082465
T5_PC_pos+4,T5,PC,4,trailing,black,160.000000,-0.277778
T5_PC_pos+4,T5,PC,4,trailing,black,165.000000,-0.707465
T5_PC_pos+4,T5,PC,4,trailing,black,170.000000,-1.041667
T5_PC_pos+4,T5,PC,4,trailing,black,175.000000,-1.427951
T5_PC_pos+4,T5,PC,4,trailing,black,180.000000,-1.840278
T5_PC_pos+4,T5,PC,4,trailing,black,185.000000,-2.241030
T5_PC_pos+4,T5,PC,4,trailing,black,190.000000,-2.667824
T5_PC_pos+4,T5,PC,4,trailing,black,195.000000,-3.058449
T5_PC_pos+4,T5,PC,4,trailing,black,200.000000,-3.483796
T5_PC_pos+4,T5,PC,4,trailing,black,205.000000,-3.858507
T5_PC_pos+4,T5,PC,4,trailing,black,210.000000,-4.189815
T5_PC_pos+4,T5,PC,4,trailing,black,215.000000,-4.489294
T5_PC_pos+4,T5,PC,4,trailing,black,220.000000,-4.751157
T5_PC_pos+4,T5,PC,4,trailing,black,225.000000,-4.946470
T5_PC_pos+4,T5,PC,4,trailing,black,230.000000,-5.141782
T5_PC_pos+4,T5,PC,4,trailing,black,235.000000,-5.306713
T5_PC_pos+4,T5,PC,4,trailing,black,240.000000,-5.462963
T5_PC_pos+4,T5,PC,4,trailing,black,245.000000,-5.603299
T5_PC_pos+4,T5,PC,4,trailing,black,250.000000,-5.720486
T5_PC_pos+4,T5,PC,4,trailing,black,255.000000,-5.836227
T5_PC_pos+4,T5,PC,4,trailing,black,260.000000,-5.914352
T5_PC_pos+4,T5,PC,4,trailing,black,265.000000,-6.025752
T5_PC_pos+4,T5,PC,4,trailing,black,270.000000,-6.090856
T5_PC_pos+4,T5,PC,4,trailing,black,275.000000,-6.148727
T5_PC_pos+4,T5,PC,4,trailing,black,280.000000,-6.203704
T5_PC_pos+4,T5,PC,4,trailing,black,285.000000,-6.203704
T5_PC_pos+4,T5,PC,4,trailing,black,290.000000,-6.203704
T5_PC_pos+4,T5,PC,4,trailing,black,295.000000,-6.203704
T5_PC_pos+4,T5,PC,4,trailing,black,300.000000,-6.203704
T5_PC_pos+4,T5,PC,4,trailing,black,305.000000,-6.203704
T5_PC_pos+4,T5,PC,4,trailing,black,310.000000,-6.218171
T5_PC_pos+4,T5,PC,4,trailing,black,315.000000,-6.257234
T5_PC_pos+4,T5,PC,4,trailing,black,320.000000,-6.296296
T5_PC_pos+4,T5,PC,4,trailing,black,325.000000,-6.335359
T5_PC_pos+4,T5,PC,4,trailing,black,330.000000,-6.374421
T5_PC_pos+4,T5,PC,4,trailing,black,335.000000,-6.388889
T5_PC_pos+4,T5,PC,4,trailing,black,340.000000,-6.354167
T5_PC_pos+4,T5,PC,4,trailing,black,345.000000,-6.276042
T5_PC_pos+4,T5,PC,4,trailing,black,350.000000,-6.197917
T5_PC_pos+4,T5,PC,4,trailing,black,355.000000,-6.119792
T5_PC_pos+4,T5,PC,4,trailing,black,360.000000,-6.076389
T5_PC_pos+4,T5,PC,4,trailing,black,365.000000,-6.037326
T5_PC_pos+4,T5,PC,4,trailing,black,370.000000,-6.018519
T5_PC_pos+4,T5,PC,4,trailing,black,375.000000,-6.005498
T5_PC_pos+4,T5,PC,4,trailing,black,380.000000,-5.954861
T5_PC_pos+4,T5,PC,4,trailing,black,385.000000,-5.837674
T5_PC_pos+4,T5,PC,4,trailing,black,390.000000,-5.758102
T5_PC_pos+4,T5,PC,4,trailing,black,395.000000,-5.710359
T5_PC_pos+4,T5,PC,4,trailing,black,400.000000,-5.694444
T5_PC_pos+4,T5,PC,4,trailing,black,405.000000,-5.726273
T5_PC_pos+4,T5,PC,4,trailing,black,410.000000,-5.795718
T5_PC_pos+4,T5,PC,4,trailing,black,415.000000,-5.833333
T5_PC_pos+4,T5,PC,4,trailing,black,420.000000,-5.833333
T5_PC_pos+4,T5,PC,4,trailing,black,425.000000,-5.766782
T5_PC_pos+4,T5,PC,4,trailing,black,430.000000,-5.636574
T5_PC_pos+4,T5,PC,4,trailing,black,435.000000,-5.461516
T5_PC_pos+4,T5,PC,4,trailing,black,440.000000,-5.300926
T5_PC_pos+4,T5,PC,4,trailing,black,445.000000,-5.227141
T5_PC_pos+4,T5,PC,4,trailing,black,450.000000,-5.188079
T5_PC_pos+4,T5,PC,4,trailing,black,455.000000,-5.185185
T5_PC_pos+4,T5,PC,4,trailing,black,460.000000,-5.214120
T5_PC_pos+4,T5,PC,4,trailing,black,465.000000,-5.231481
T5_PC_pos+4,T5,PC,4,trailing,black,470.000000,-5.217014
T5_PC_pos+4,T5,PC,4,trailing,black,475.000000,-5.163484
T5_PC_pos+4,T5,PC,4,trailing,black,480.000000,-5.046296
T5_PC_pos+4,T5,PC,4,trailing,black,485.000000,-4.890046
T5_PC_pos+4,T5,PC,4,trailing,black,490.000000,-4.797454
T5_PC_pos+4,T5,PC,4,trailing,black,495.000000,-4.768519
T5_PC_pos+4,T5,PC,4,trailing,black,500.000000,-4.768519
T5_PC_pos+4,T5,PC,4,trailing,black,505.000000,-4.768519
T5_PC_pos+4,T5,PC,4,trailing,black,510.000000,-4.768519
T5_PC_pos+4,T5,PC,4,trailing,black,515.000000,-4.768519
T5_PC_pos+4,T5,PC,4,trailing,black,520.000000,-4.699074
T5_PC_pos+4,T5,PC,4,trailing,black,525.000000,-4.620949
T5_PC_pos+4,T5,PC,4,trailing,black,530.000000,-4.542824
T5_PC_pos+4,T5,PC,4,trailing,black,535.000000,-4.477720
T5_PC_pos+4,T5,PC,4,trailing,black,540.000000,-4.444444
T5_PC_pos+4,T5,PC,4,trailing,black,545.000000,-4.444444
T5_PC_pos+4,T5,PC,4,trailing,black,550.000000,-4.444444
T5_PC_pos+4,T5,PC,4,trailing,black,555.000000,-4.353299
T5_PC_pos+4,T5,PC,4,trailing,black,560.000000,-4.236111
T5_PC_pos+4,T5,PC,4,trailing,black,565.000000,-4.150752
T5_PC_pos+4,T5,PC,4,trailing,black,570.000000,-4.111690
T5_PC_pos+4,T5,PC,4,trailing,black,575.000000,-4.074074
T5_PC_pos+4,T5,PC,4,trailing,black,580.000000,-4.074074
T5_PC_pos+4,T5,PC,4,trailing,black,585.000000,-4.140625
T5_PC_pos+4,T5,PC,4,trailing,black,590.000000,-4.218750
T5_PC_pos+4,T5,PC,4,trailing,black,595.000000,-4.315683
T5_PC_pos+4,T5,PC,4,trailing,black,600.000000,-4.398148
T5_PC_pos+4,T5,PC,4,trailing,black,605.000000,-4.398148
T5_PC_pos+4,T5,PC,4,trailing,black,610.000000,-4.398148
T5_PC_pos+4,T5,PC,4,trailing,black,615.000000,-4.289641
T5_PC_pos+4,T5,PC,4,trailing,black,620.000000,-4.230324
T5_PC_pos+4,T5,PC,4,trailing,black,625.000000,-4.191262
T5_PC_pos+4,T5,PC,4,trailing,black,630.000000,-4.166667
T5_PC_pos+4,T5,PC,4,trailing,black,635.000000,-4.159433
T5_PC_pos+4,T5,PC,4,trailing,black,640.000000,-4.120370
T5_PC_pos+4,T5,PC,4,trailing,black,645.000000,-4.120370
T5_PC_pos+4,T5,PC,4,trailing,black,650.000000,-4.088542
T5_PC_pos+4,T5,PC,4,trailing,black,655.000000,-4.074074
T5_PC_pos+4,T5,PC,4,trailing,black,660.000000,-4.039352
T5_PC_pos+4,T5,PC,4,trailing,black,665.000000,-3.981481
T5_PC_pos+4,T5,PC,4,trailing,black,670.000000,-3.984375
T5_PC_pos+4,T5,PC,4,trailing,black,675.000000,-4.023438
T5_PC_pos+4,T5,PC,4,trailing,black,680.000000,-4.062500
T5_PC_pos+4,T5,PC,4,trailing,black,685.000000,-4.074074
T5_PC_pos+4,T5,PC,4,trailing,black,690.000000,-4.053819
T5_PC_pos+4,T5,PC,4,trailing,black,695.000000,-3.975694
T5_PC_pos+4,T5,PC,4,trailing,black,700.000000,-3.825231
T5_PC_pos+4,T5,PC,4,trailing,black,705.000000,-3.708044
T5_PC_pos+4,T5,PC,4,trailing,black,710.000000,-3.478009
T5_PC_pos+4,T5,PC,4,trailing,black,715.000000,-3.334780
T5_PC_pos+4,T5,PC,4,trailing,black,720.000000,-3.263889
T5_NC_pos+4,T5,NC,4,trailing,green,-355.000000,0.000000
T5_NC_pos+4,T5,NC,4,trailing,green,-350.000000,0.000000
T5_NC_pos+4,T5,NC,4,trailing,green,-345.000000,0.000000
T5_NC_pos+4,T5,NC,4,trailing,green,-340.000000,0.000000
T5_NC_pos+4,T5,NC,4,trailing,green,-335.000000,0.000000
T5_NC_pos+4,T5,NC,4,trailing,green,-330.000000,0.000000
T5_NC_pos+4,T5,NC,4,trailing,green,-325.000000,0.000000
T5_NC_pos+4,T5,NC,4,trailing,green,-320.000000,0.000000
T5_NC_pos+4,T5,NC,4,trailing,green,-315.000000,0.000000
T5_NC_pos+4,T5,NC,4,trailing,green,-310.000000,0.000000
T5_NC_pos+4,T5,NC,4,trailing,green,-305.000000,0.000000
T5_NC_pos+4,T5,NC,4,trailing,green,-300.000000,0.000000
T5_NC_pos+4,T5,NC,4,trailing,green,-295.000000,0.000000
T5_NC_pos+4,T5,NC,4,trailing,green,-290.000000,0.000000
T5_NC_pos+4,T5,NC,4,trailing,green,-285.000000,0.000000
T5_NC_pos+4,T5,NC,4,trailing,green,-280.000000,0.000000
T5_NC_pos+4,T5,NC,4,trailing,green,-275.000000,0.000000
T5_NC_pos+4,T5,NC,4,trailing,green,-270.000000,0.000000
T5_NC_pos+4,T5,NC,4,trailing,green,-265.000000,0.000000
T5_NC_pos+4,T5,NC,4,trailing,green,-260.000000,0.000000
T5_NC_pos+4,T5,NC,4,trailing,green,-255.000000,0.000000
T5_NC_pos+4,T5,NC,4,trailing,green,-250.000000,0.000000
T5_NC_pos+4,T5,NC,4,trailing,green,-245.000000,0.000000
T5_NC_pos+4,T5,NC,4,trailing,green,-240.000000,0.000000
T5_NC_pos+4,T5,NC,4,trailing,green,-235.000000,0.000000
T5_NC_pos+4,T5,NC,4,trailing,green,-230.000000,0.000000
T5_NC_pos+4,T5,NC,4,trailing,green,-225.000000,0.000000
T5_NC_pos+4,T5,NC,4,trailing,green,-220.000000,0.000000
T5_NC_pos+4,T5,NC,4,trailing,green,-215.000000,0.000000
T5_NC_pos+4,T5,NC,4,trailing,green,-210.000000,0.026042
T5_NC_pos+4,T5,NC,4,trailing,green,-205.000000,0.046296
T5_NC_pos+4,T5,NC,4,trailing,green,-200.000000,0.034722
T5_NC_pos+4,T5,NC,4,trailing,green,-195.000000,-0.008681
T5_NC_pos+4,T5,NC,4,trailing,green,-190.000000,-0.086806
T5_NC_pos+4,T5,NC,4,trailing,green,-185.000000,-0.092593
T5_NC_pos+4,T5,NC,4,trailing,green,-180.000000,-0.063657
T5_NC_pos+4,T5,NC,4,trailing,green,-175.000000,-0.046296
T5_NC_pos+4,T5,NC,4,trailing,green,-170.000000,-0.046296
T5_NC_pos+4,T5,NC,4,trailing,green,-165.000000,-0.039063
T5_NC_pos+4,T5,NC,4,trailing,green,-160.000000,0.000000
T5_NC_pos+4,T5,NC,4,trailing,green,-155.000000,0.039063
T5_NC_pos+4,T5,NC,4,trailing,green,-150.000000,0.046296
T5_NC_pos+4,T5,NC,4,trailing,green,-145.000000,0.046296
T5_NC_pos+4,T5,NC,4,trailing,green,-140.000000,0.063657
T5_NC_pos+4,T5,NC,4,trailing,green,-135.000000,0.112847
T5_NC_pos+4,T5,NC,4,trailing,green,-130.000000,0.185185
T5_NC_pos+4,T5,NC,4,trailing,green,-125.000000,0.185185
T5_NC_pos+4,T5,NC,4,trailing,green,-120.000000,0.150463
T5_NC_pos+4,T5,NC,4,trailing,green,-115.000000,0.111400
T5_NC_pos+4,T5,NC,4,trailing,green,-110.000000,0.052083
T5_NC_pos+4,T5,NC,4,trailing,green,-105.000000,-0.065104
T5_NC_pos+4,T5,NC,4,trailing,green,-100.000000,-0.243056
T5_NC_pos+4,T5,NC,4,trailing,green,-95.000000,-0.321181
T5_NC_pos+4,T5,NC,4,trailing,green,-90.000000,-0.399306
T5_NC_pos+4,T5,NC,4,trailing,green,-85.000000,-0.416667
T5_NC_pos+4,T5,NC,4,trailing,green,-80.000000,-0.393519
T5_NC_pos+4,T5,NC,4,trailing,green,-75.000000,-0.322627
T5_NC_pos+4,T5,NC,4,trailing,green,-70.000000,-0.222801
T5_NC_pos+4,T5,NC,4,trailing,green,-65.000000,-0.183738
T5_NC_pos+4,T5,NC,4,trailing,green,-60.000000,-0.144676
T5_NC_pos+4,T5,NC,4,trailing,green,-55.000000,-0.072338
T5_NC_pos+4,T5,NC,4,trailing,green,-50.000000,-0.046296
T5_NC_pos+4,T5,NC,4,trailing,green,-45.000000,-0.046296
T5_NC_pos+4,T5,NC,4,trailing,green,-40.000000,-0.057870
T5_NC_pos+4,T5,NC,4,trailing,green,-35.000000,-0.114294
T5_NC_pos+4,T5,NC,4,trailing,green,-30.000000,-0.309606
T5_NC_pos+4,T5,NC,4,trailing,green,-25.000000,-0.324074
T5_NC_pos+4,T5,NC,4,trailing,green,-20.000000,-0.121528
T5_NC_pos+4,T5,NC,4,trailing,green,-15.000000,0.065104
T5_NC_pos+4,T5,NC,4,trailing,green,-10.000000,0.182292
T5_NC_pos+4,T5,NC,4,trailing,green,-5.000000,0.285012
T5_NC_pos+4,T5,NC,4,trailing,green,0.000000,0.324074
T5_NC_pos+4,T5,NC,4,trailing,green,5.000000,0.324074
T5_NC_pos+4,T5,NC,4,trailing,green,10.000000,0.228588
T5_NC_pos+4,T5,NC,4,trailing,green,15.000000,0.185185
T5_NC_pos+4,T5,NC,4,trailing,green,20.000000,0.133102
T5_NC_pos+4,T5,NC,4,trailing,green,25.000000,-0.004340
T5_NC_pos+4,T5,NC,4,trailing,green,30.000000,-0.190972
T5_NC_pos+4,T5,NC,4,trailing,green,35.000000,-0.269097
T5_NC_pos+4,T5,NC,4,trailing,green,40.000000,-0.277778
T5_NC_pos+4,T5,NC,4,trailing,green,45.000000,-0.222801
T5_NC_pos+4,T5,NC,4,trailing,green,50.000000,-0.164931
T5_NC_pos+4,T5,NC,4,trailing,green,55.000000,-0.125868
T5_NC_pos+4,T5,NC,4,trailing,green,60.000000,-0.081019
T5_NC_pos+4,T5,NC,4,trailing,green,65.000000,-0.002894
T5_NC_pos+4,T5,NC,4,trailing,green,70.000000,0.112847
T5_NC_pos+4,T5,NC,4,trailing,green,75.000000,0.230035
T5_NC_pos+4,T5,NC,4,trailing,green,80.000000,0.416667
T5_NC_pos+4,T5,NC,4,trailing,green,85.000000,0.603299
T5_NC_pos+4,T5,NC,4,trailing,green,90.000000,0.720486
T5_NC_pos+4,T5,NC,4,trailing,green,95.000000,0.837674
T5_NC_pos+4,T5,NC,4,trailing,green,100.000000,0.954861
T5_NC_pos+4,T5,NC,4,trailing,green,105.000000,1.072049
T5_NC_pos+4,T5,NC,4,trailing,green,110.000000,1.163194
T5_NC_pos+4,T5,NC,4,trailing,green,115.000000,1.203704
T5_NC_pos+4,T5,NC,4,trailing,green,120.000000,1.215278
T5_NC_pos+4,T5,NC,4,trailing,green,125.000000,1.250000
T5_NC_pos+4,T5,NC,4,trailing,green,130.000000,1.250000
T5_NC_pos+4,T5,NC,4,trailing,green,135.000000,1.250000
T5_NC_pos+4,T5,NC,4,trailing,green,140.000000,1.163194
T5_NC_pos+4,T5,NC,4,trailing,green,145.000000,1.002604
T5_NC_pos+4,T5,NC,4,trailing,green,150.000000,0.879630
T5_NC_pos+4,T5,NC,4,trailing,green,155.000000,0.908565
T5_NC_pos+4,T5,NC,4,trailing,green,160.000000,1.064815
T5_NC_pos+4,T5,NC,4,trailing,green,165.000000,1.142940
T5_NC_pos+4,T5,NC,4,trailing,green,170.000000,1.348380
T5_NC_pos+4,T5,NC,4,trailing,green,175.000000,1.877894
T5_NC_pos+4,T5,NC,4,trailing,green,180.000000,2.702546
T5_NC_pos+4,T5,NC,4,trailing,green,185.000000,3.689236
T5_NC_pos+4,T5,NC,4,trailing,green,190.000000,4.719329
T5_NC_pos+4,T5,NC,4,trailing,green,195.000000,5.930266
T5_NC_pos+4,T5,NC,4,trailing,green,200.000000,7.071759
T5_NC_pos+4,T5,NC,4,trailing,green,205.000000,7.984664
T5_NC_pos+4,T5,NC,4,trailing,green,210.000000,8.683449
T5_NC_pos+4,T5,NC,4,trailing,green,215.000000,9.191262
T5_NC_pos+4,T5,NC,4,trailing,green,220.000000,9.537037
T5_NC_pos+4,T5,NC,4,trailing,green,225.000000,9.849537
T5_NC_pos+4,T5,NC,4,trailing,green,230.000000,9.898727
T5_NC_pos+4,T5,NC,4,trailing,green,235.000000,9.907407
T5_NC_pos+4,T5,NC,4,trailing,green,240.000000,9.907407
T5_NC_pos+4,T5,NC,4,trailing,green,245.000000,9.907407
T5_NC_pos+4,T5,NC,4,trailing,green,250.000000,9.907407
T5_NC_pos+4,T5,NC,4,trailing,green,255.000000,9.901620
T5_NC_pos+4,T5,NC,4,trailing,green,260.000000,9.745370
T5_NC_pos+4,T5,NC,4,trailing,green,265.000000,9.489294
T5_NC_pos+4,T5,NC,4,trailing,green,270.000000,9.241898
T5_NC_pos+4,T5,NC,4,trailing,green,275.000000,9.007523
T5_NC_pos+4,T5,NC,4,trailing,green,280.000000,8.761574
T5_NC_pos+4,T5,NC,4,trailing,green,285.000000,8.496817
T5_NC_pos+4,T5,NC,4,trailing,green,290.000000,8.301505
T5_NC_pos+4,T5,NC,4,trailing,green,295.000000,8.106192
T5_NC_pos+4,T5,NC,4,trailing,green,300.000000,7.910880
T5_NC_pos+4,T5,NC,4,trailing,green,305.000000,7.780671
T5_NC_pos+4,T5,NC,4,trailing,green,310.000000,7.630208
T5_NC_pos+4,T5,NC,4,trailing,green,315.000000,7.378472
T5_NC_pos+4,T5,NC,4,trailing,green,320.000000,7.222222
T5_NC_pos+4,T5,NC,4,trailing,green,325.000000,7.065972
T5_NC_pos+4,T5,NC,4,trailing,green,330.000000,6.877894
T5_NC_pos+4,T5,NC,4,trailing,green,335.000000,6.731771
T5_NC_pos+4,T5,NC,4,trailing,green,340.000000,6.631944
T5_NC_pos+4,T5,NC,4,trailing,green,345.000000,6.553819
T5_NC_pos+4,T5,NC,4,trailing,green,350.000000,6.472801
T5_NC_pos+4,T5,NC,4,trailing,green,355.000000,6.355613
T5_NC_pos+4,T5,NC,4,trailing,green,360.000000,6.238426
T5_NC_pos+4,T5,NC,4,trailing,green,365.000000,6.066262
T5_NC_pos+4,T5,NC,4,trailing,green,370.000000,5.931713
T5_NC_pos+4,T5,NC,4,trailing,green,375.000000,5.801505
T5_NC_pos+4,T5,NC,4,trailing,green,380.000000,5.567130
T5_NC_pos+4,T5,NC,4,trailing,green,385.000000,5.332755
T5_NC_pos+4,T5,NC,4,trailing,green,390.000000,5.135995
T5_NC_pos+4,T5,NC,4,trailing,green,395.000000,4.910301
T5_NC_pos+4,T5,NC,4,trailing,green,400.000000,4.675926
T5_NC_pos+4,T5,NC,4,trailing,green,405.000000,4.505208
T5_NC_pos+4,T5,NC,4,trailing,green,410.000000,4.435764
T5_NC_pos+4,T5,NC,4,trailing,green,415.000000,4.395255
T5_NC_pos+4,T5,NC,4,trailing,green,420.000000,4.317130
T5_NC_pos+4,T5,NC,4,trailing,green,425.000000,4.305556
T5_NC_pos+4,T5,NC,4,trailing,green,430.000000,4.253472
T5_NC_pos+4,T5,NC,4,trailing,green,435.000000,4.156539
T5_NC_pos+4,T5,NC,4,trailing,green,440.000000,4.050926
T5_NC_pos+4,T5,NC,4,trailing,green,445.000000,3.968461
T5_NC_pos+4,T5,NC,4,trailing,green,450.000000,3.851273
T5_NC_pos+4,T5,NC,4,trailing,green,455.000000,3.770255
T5_NC_pos+4,T5,NC,4,trailing,green,460.000000,3.663194
T5_NC_pos+4,T5,NC,4,trailing,green,465.000000,3.546007
T5_NC_pos+4,T5,NC,4,trailing,green,470.000000,3.414352
T5_NC_pos+4,T5,NC,4,trailing,green,475.000000,3.258102
T5_NC_pos+4,T5,NC,4,trailing,green,480.000000,3.101852
T5_NC_pos+4,T5,NC,4,trailing,green,485.000000,2.906539
T5_NC_pos+4,T5,NC,4,trailing,green,490.000000,2.838542
T5_NC_pos+4,T5,NC,4,trailing,green,495.000000,2.750289
T5_NC_pos+4,T5,NC,4,trailing,green,500.000000,2.667824
T5_NC_pos+4,T5,NC,4,trailing,green,505.000000,2.618634
T5_NC_pos+4,T5,NC,4,trailing,green,510.000000,2.531829
T5_NC_pos+4,T5,NC,4,trailing,green,515.000000,2.336516
T5_NC_pos+4,T5,NC,4,trailing,green,520.000000,2.175926
T5_NC_pos+4,T5,NC,4,trailing,green,525.000000,1.964699
T5_NC_pos+4,T5,NC,4,trailing,green,530.000000,1.750579
T5_NC_pos+4,T5,NC,4,trailing,green,535.000000,1.555266
T5_NC_pos+4,T5,NC,4,trailing,green,540.000000,1.354167
T5_NC_pos+4,T5,NC,4,trailing,green,545.000000,1.119792
T5_NC_pos+4,T5,NC,4,trailing,green,550.000000,0.998264
T5_NC_pos+4,T5,NC,4,trailing,green,555.000000,0.941840
T5_NC_pos+4,T5,NC,4,trailing,green,560.000000,0.925926
T5_NC_pos+4,T5,NC,4,trailing,green,565.000000,0.925926
T5_NC_pos+4,T5,NC,4,trailing,green,570.000000,0.925926
T5_NC_pos+4,T5,NC,4,trailing,green,575.000000,0.923032
T5_NC_pos+4,T5,NC,4,trailing,green,580.000000,0.844907
T5_NC_pos+4,T5,NC,4,trailing,green,585.000000,0.766782
T5_NC_pos+4,T5,NC,4,trailing,green,590.000000,0.662616
T5_NC_pos+4,T5,NC,4,trailing,green,595.000000,0.526620
T5_NC_pos+4,T5,NC,4,trailing,green,600.000000,0.381944
T5_NC_pos+4,T5,NC,4,trailing,green,605.000000,0.260417
T5_NC_pos+4,T5,NC,4,trailing,green,610.000000,0.104167
T5_NC_pos+4,T5,NC,4,trailing,green,615.000000,0.020255
T5_NC_pos+4,T5,NC,4,trailing,green,620.000000,-0.115741
T5_NC_pos+4,T5,NC,4,trailing,green,625.000000,-0.185185
T5_NC_pos+4,T5,NC,4,trailing,green,630.000000,-0.170718
T5_NC_pos+4,T5,NC,4,trailing,green,635.000000,-0.124421
T5_NC_pos+4,T5,NC,4,trailing,green,640.000000,-0.046296
T5_NC_pos+4,T5,NC,4,trailing,green,645.000000,-0.046296
T5_NC_pos+4,T5,NC,4,trailing,green,650.000000,-0.109954
T5_NC_pos+4,T5,NC,4,trailing,green,655.000000,-0.163484
T5_NC_pos+4,T5,NC,4,trailing,green,660.000000,-0.202546
T5_NC_pos+4,T5,NC,4,trailing,green,665.000000,-0.251736
T5_NC_pos+4,T5,NC,4,trailing,green,670.000000,-0.329861
T5_NC_pos+4,T5,NC,4,trailing,green,675.000000,-0.407986
T5_NC_pos+4,T5,NC,4,trailing,green,680.000000,-0.486111
T5_NC_pos+4,T5,NC,4,trailing,green,685.000000,-0.564236
T5_NC_pos+4,T5,NC,4,trailing,green,690.000000,-0.682870
T5_NC_pos+4,T5,NC,4,trailing,green,695.000000,-0.839120
T5_NC_pos+4,T5,NC,4,trailing,green,700.000000,-0.983796
T5_NC_pos+4,T5,NC,4,trailing,green,705.000000,-1.061921
T5_NC_pos+4,T5,NC,4,trailing,green,710.000000,-1.177662
T5_NC_pos+4,T5,NC,4,trailing,green,715.000000,-1.264468
T5_NC_pos+4,T5,NC,4,trailing,green,720.000000,-1.319444
T5_PC_pos+5,T5,PC,5,trailing,black,-355.000000,0.000000
T5_PC_pos+5,T5,PC,5,trailing,black,-350.000000,0.000000
T5_PC_pos+5,T5,PC,5,trailing,black,-345.000000,0.000000
T5_PC_pos+5,T5,PC,5,trailing,black,-340.000000,0.000000
T5_PC_pos+5,T5,PC,5,trailing,black,-335.000000,0.000000
T5_PC_pos+5,T5,PC,5,trailing,black,-330.000000,0.000000
T5_PC_pos+5,T5,PC,5,trailing,black,-325.000000,0.000000
T5_PC_pos+5,T5,PC,5,trailing,black,-320.000000,0.000000
T5_PC_pos+5,T5,PC,5,trailing,black,-315.000000,0.000000
T5_PC_pos+5,T5,PC,5,trailing,black,-310.000000,0.000000
T5_PC_pos+5,T5,PC,5,trailing,black,-305.000000,0.000000
T5_PC_pos+5,T5,PC,5,trailing,black,-300.000000,0.000000
T5_PC_pos+5,T5,PC,5,trailing,black,-295.000000,0.000000
T5_PC_pos+5,T5,PC,5,trailing,black,-290.000000,0.000000
T5_PC_pos+5,T5,PC,5,trailing,black,-285.000000,0.000000
T5_PC_pos+5,T5,PC,5,trailing,black,-280.000000,0.000000
T5_PC_pos+5,T5,PC,5,trailing,black,-275.000000,0.000000
T5_PC_pos+5,T5,PC,5,trailing,black,-270.000000,0.000000
T5_PC_pos+5,T5,PC,5,trailing,black,-265.000000,0.000000
T5_PC_pos+5,T5,PC,5,trailing,black,-260.000000,0.000000
T5_PC_pos+5,T5,PC,5,trailing,black,-255.000000,0.000000
T5_PC_pos+5,T5,PC,5,trailing,black,-250.000000,0.000000
T5_PC_pos+5,T5,PC,5,trailing,black,-245.000000,0.000000
T5_PC_pos+5,T5,PC,5,trailing,black,-240.000000,0.000000
T5_PC_pos+5,T5,PC,5,trailing,black,-235.000000,0.000000
T5_PC_pos+5,T5,PC,5,trailing,black,-230.000000,0.000000
T5_PC_pos+5,T5,PC,5,trailing,black,-225.000000,0.000000
T5_PC_pos+5,T5,PC,5,trailing,black,-220.000000,0.000000
T5_PC_pos+5,T5,PC,5,trailing,black,-215.000000,-0.632234
T5_PC_pos+5,T5,PC,5,trailing,black,-210.000000,-0.827546
T5_PC_pos+5,T5,PC,5,trailing,black,-205.000000,-0.749421
T5_PC_pos+5,T5,PC,5,trailing,black,-200.000000,-0.671296
T5_PC_pos+5,T5,PC,5,trailing,black,-195.000000,-0.593171
T5_PC_pos+5,T5,PC,5,trailing,black,-190.000000,-0.515046
T5_PC_pos+5,T5,PC,5,trailing,black,-185.000000,-0.436921
T5_PC_pos+5,T5,PC,5,trailing,black,-180.000000,-0.358796
T5_PC_pos+5,T5,PC,5,trailing,black,-175.000000,-0.280671
T5_PC_pos+5,T5,PC,5,trailing,black,-170.000000,-0.202546
T5_PC_pos+5,T5,PC,5,trailing,black,-165.000000,-0.131655
T5_PC_pos+5,T5,PC,5,trailing,black,-160.000000,-0.092593
T5_PC_pos+5,T5,PC,5,trailing,black,-155.000000,-0.052228
T5_PC_pos+5,T5,PC,5,trailing,black,-150.000000,-0.011863
T5_PC_pos+5,T5,PC,5,trailing,black,-145.000000,0.028501
T5_PC_pos+5,T5,PC,5,trailing,black,-140.000000,0.068866
T5_PC_pos+5,T5,PC,5,trailing,black,-135.000000,0.109230
T5_PC_pos+5,T5,PC,5,trailing,black,-130.000000,0.149595
T5_PC_pos+5,T5,PC,5,trailing,black,-125.000000,0.189959
T5_PC_pos+5,T5,PC,5,trailing,black,-120.000000,0.230324
T5_PC_pos+5,T5,PC,5,trailing,black,-115.000000,0.270689
T5_PC_pos+5,T5,PC,5,trailing,black,-110.000000,0.311053
T5_PC_pos+5,T5,PC,5,trailing,black,-105.000000,0.351418
T5_PC_pos+5,T5,PC,5,trailing,black,-100.000000,0.391782
T5_PC_pos+5,T5,PC,5,trailing,black,-95.000000,0.432147
T5_PC_pos+5,T5,PC,5,trailing,black,-90.000000,0.472512
T5_PC_pos+5,T5,PC,5,trailing,black,-85.000000,0.512876
T5_PC_pos+5,T5,PC,5,trailing,black,-80.000000,0.553241
T5_PC_pos+5,T5,PC,5,trailing,black,-75.000000,0.593605
T5_PC_pos+5,T5,PC,5,trailing,black,-70.000000,0.633970
T5_PC_pos+5,T5,PC,5,trailing,black,-65.000000,0.674334
T5_PC_pos+5,T5,PC,5,trailing,black,-60.000000,0.714699
T5_PC_pos+5,T5,PC,5,trailing,black,-55.000000,0.755064
T5_PC_pos+5,T5,PC,5,trailing,black,-50.000000,0.795428
T5_PC_pos+5,T5,PC,5,trailing,black,-45.000000,0.835793
T5_PC_pos+5,T5,PC,5,trailing,black,-40.000000,0.876157
T5_PC_pos+5,T5,PC,5,trailing,black,-35.000000,0.916522
T5_PC_pos+5,T5,PC,5,trailing,black,-30.000000,0.956887
T5_PC_pos+5,T5,PC,5,trailing,black,-25.000000,0.997251
T5_PC_pos+5,T5,PC,5,trailing,black,-20.000000,1.037616
T5_PC_pos+5,T5,PC,5,trailing,black,-15.000000,1.077980
T5_PC_pos+5,T5,PC,5,trailing,black,-10.000000,1.118345
T5_PC_pos+5,T5,PC,5,trailing,black,-5.000000,1.158709
T5_PC_pos+5,T5,PC,5,trailing,black,0.000000,1.199074
T5_PC_pos+5,T5,PC,5,trailing,black,5.000000,1.239439
T5_PC_pos+5,T5,PC,5,trailing,black,10.000000,1.279803
T5_PC_pos+5,T5,PC,5,trailing,black,15.000000,1.320168
T5_PC_pos+5,T5,PC,5,trailing,black,20.000000,1.550926
T5_PC_pos+5,T5,PC,5,trailing,black,25.000000,2.100694
T5_PC_pos+5,T5,PC,5,trailing,black,30.000000,2.890625
T5_PC_pos+5,T5,PC,5,trailing,black,35.000000,3.789063
T5_PC_pos+5,T5,PC,5,trailing,black,40.000000,4.479167
T5_PC_pos+5,T5,PC,5,trailing,black,45.000000,5.060764
T5_PC_pos+5,T5,PC,5,trailing,black,50.000000,5.344329
T5_PC_pos+5,T5,PC,5,trailing,black,55.000000,5.370370
T5_PC_pos+5,T5,PC,5,trailing,black,60.000000,5.318287
T5_PC_pos+5,T5,PC,5,trailing,black,65.000000,4.966725
T5_PC_pos+5,T5,PC,5,trailing,black,70.000000,4.728009
T5_PC_pos+5,T5,PC,5,trailing,black,75.000000,4.432870
T5_PC_pos+5,T5,PC,5,trailing,black,80.000000,3.958333
T5_PC_pos+5,T5,PC,5,trailing,black,85.000000,3.436053
T5_PC_pos+5,T5,PC,5,trailing,black,90.000000,3.075810
T5_PC_pos+5,T5,PC,5,trailing,black,95.000000,2.949942
T5_PC_pos+5,T5,PC,5,trailing,black,100.000000,2.598380
T5_PC_pos+5,T5,PC,5,trailing,black,105.000000,1.930700
T5_PC_pos+5,T5,PC,5,trailing,black,110.000000,1.208044
T5_PC_pos+5,T5,PC,5,trailing,black,115.000000,0.795718
T5_PC_pos+5,T5,PC,5,trailing,black,120.000000,0.682870
T5_PC_pos+5,T5,PC,5,trailing,black,125.000000,0.483218
T5_PC_pos+5,T5,PC,5,trailing,black,130.000000,0.248843
T5_PC_pos+5,T5,PC,5,trailing,black,135.000000,-0.021701
T5_PC_pos+5,T5,PC,5,trailing,black,140.000000,-0.237269
T5_PC_pos+5,T5,PC,5,trailing,black,145.000000,-0.475984
T5_PC_pos+5,T5,PC,5,trailing,black,150.000000,-0.734954
T5_PC_pos+5,T5,PC,5,trailing,black,155.000000,-0.962095
T5_PC_pos+5,T5,PC,5,trailing,black,160.000000,-1.157407
T5_PC_pos+5,T5,PC,5,trailing,black,165.000000,-1.391782
T5_PC_pos+5,T5,PC,5,trailing,black,170.000000,-1.626157
T5_PC_pos+5,T5,PC,5,trailing,black,175.000000,-1.934317
T5_PC_pos+5,T5,PC,5,trailing,black,180.000000,-2.303241
T5_PC_pos+5,T5,PC,5,trailing,black,185.000000,-2.693866
T5_PC_pos+5,T5,PC,5,trailing,black,190.000000,-3.084491
T5_PC_pos+5,T5,PC,5,trailing,black,195.000000,-3.475116
T5_PC_pos+5,T5,PC,5,trailing,black,200.000000,-3.831019
T5_PC_pos+5,T5,PC,5,trailing,black,205.000000,-4.100116
T5_PC_pos+5,T5,PC,5,trailing,black,210.000000,-4.334491
T5_PC_pos+5,T5,PC,5,trailing,black,215.000000,-4.555845
T5_PC_pos+5,T5,PC,5,trailing,black,220.000000,-4.745370
T5_PC_pos+5,T5,PC,5,trailing,black,225.000000,-4.901620
T5_PC_pos+5,T5,PC,5,trailing,black,230.000000,-4.982639
T5_PC_pos+5,T5,PC,5,trailing,black,235.000000,-5.121528
T5_PC_pos+5,T5,PC,5,trailing,black,240.000000,-5.277778
T5_PC_pos+5,T5,PC,5,trailing,black,245.000000,-5.418113
T5_PC_pos+5,T5,PC,5,trailing,black,250.000000,-5.535301
T5_PC_pos+5,T5,PC,5,trailing,black,255.000000,-5.649595
T5_PC_pos+5,T5,PC,5,trailing,black,260.000000,-5.688657
T5_PC_pos+5,T5,PC,5,trailing,black,265.000000,-5.694444
T5_PC_pos+5,T5,PC,5,trailing,black,270.000000,-5.642361
T5_PC_pos+5,T5,PC,5,trailing,black,275.000000,-5.601852
T5_PC_pos+5,T5,PC,5,trailing,black,280.000000,-5.625000
T5_PC_pos+5,T5,PC,5,trailing,black,285.000000,-5.703125
T5_PC_pos+5,T5,PC,5,trailing,black,290.000000,-5.781250
T5_PC_pos+5,T5,PC,5,trailing,black,295.000000,-5.787037
T5_PC_pos+5,T5,PC,5,trailing,black,300.000000,-5.758102
T5_PC_pos+5,T5,PC,5,trailing,black,305.000000,-5.697338
T5_PC_pos+5,T5,PC,5,trailing,black,310.000000,-5.619213
T5_PC_pos+5,T5,PC,5,trailing,black,315.000000,-5.555556
T5_PC_pos+5,T5,PC,5,trailing,black,320.000000,-5.555556
T5_PC_pos+5,T5,PC,5,trailing,black,325.000000,-5.555556
T5_PC_pos+5,T5,PC,5,trailing,black,330.000000,-5.619213
T5_PC_pos+5,T5,PC,5,trailing,black,335.000000,-5.648148
T5_PC_pos+5,T5,PC,5,trailing,black,340.000000,-5.648148
T5_PC_pos+5,T5,PC,5,trailing,black,345.000000,-5.627894
T5_PC_pos+5,T5,PC,5,trailing,black,350.000000,-5.552662
T5_PC_pos+5,T5,PC,5,trailing,black,355.000000,-5.513600
T5_PC_pos+5,T5,PC,5,trailing,black,360.000000,-5.509259
T5_PC_pos+5,T5,PC,5,trailing,black,365.000000,-5.454282
T5_PC_pos+5,T5,PC,5,trailing,black,370.000000,-5.355903
T5_PC_pos+5,T5,PC,5,trailing,black,375.000000,-5.251736
T5_PC_pos+5,T5,PC,5,trailing,black,380.000000,-5.173611
T5_PC_pos+5,T5,PC,5,trailing,black,385.000000,-5.095486
T5_PC_pos+5,T5,PC,5,trailing,black,390.000000,-4.979745
T5_PC_pos+5,T5,PC,5,trailing,black,395.000000,-4.862558
T5_PC_pos+5,T5,PC,5,trailing,black,400.000000,-4.814815
T5_PC_pos+5,T5,PC,5,trailing,black,405.000000,-4.767072
T5_PC_pos+5,T5,PC,5,trailing,black,410.000000,-4.675926
T5_PC_pos+5,T5,PC,5,trailing,black,415.000000,-4.674479
T5_PC_pos+5,T5,PC,5,trailing,black,420.000000,-4.635417
T5_PC_pos+5,T5,PC,5,trailing,black,425.000000,-4.596354
T5_PC_pos+5,T5,PC,5,trailing,black,430.000000,-4.557292
T5_PC_pos+5,T5,PC,5,trailing,black,435.000000,-4.518229
T5_PC_pos+5,T5,PC,5,trailing,black,440.000000,-4.456019
T5_PC_pos+5,T5,PC,5,trailing,black,445.000000,-4.347512
T5_PC_pos+5,T5,PC,5,trailing,black,450.000000,-4.308449
T5_PC_pos+5,T5,PC,5,trailing,black,455.000000,-4.305556
T5_PC_pos+5,T5,PC,5,trailing,black,460.000000,-4.305556
T5_PC_pos+5,T5,PC,5,trailing,black,465.000000,-4.327257
T5_PC_pos+5,T5,PC,5,trailing,black,470.000000,-4.366319
T5_PC_pos+5,T5,PC,5,trailing,black,475.000000,-4.412616
T5_PC_pos+5,T5,PC,5,trailing,black,480.000000,-4.490741
T5_PC_pos+5,T5,PC,5,trailing,black,485.000000,-4.490741
T5_PC_pos+5,T5,PC,5,trailing,black,490.000000,-4.490741
T5_PC_pos+5,T5,PC,5,trailing,black,495.000000,-4.441551
T5_PC_pos+5,T5,PC,5,trailing,black,500.000000,-4.363426
T5_PC_pos+5,T5,PC,5,trailing,black,505.000000,-4.295428
T5_PC_pos+5,T5,PC,5,trailing,black,510.000000,-4.253472
T5_PC_pos+5,T5,PC,5,trailing,black,515.000000,-4.175347
T5_PC_pos+5,T5,PC,5,trailing,black,520.000000,-4.062500
T5_PC_pos+5,T5,PC,5,trailing,black,525.000000,-4.000289
T5_PC_pos+5,T5,PC,5,trailing,black,530.000000,-3.920718
T5_PC_pos+5,T5,PC,5,trailing,black,535.000000,-3.829572
T5_PC_pos+5,T5,PC,5,trailing,black,540.000000,-3.796296
T5_PC_pos+5,T5,PC,5,trailing,black,545.000000,-3.796296
T5_PC_pos+5,T5,PC,5,trailing,black,550.000000,-3.833912
T5_PC_pos+5,T5,PC,5,trailing,black,555.000000,-3.872975
T5_PC_pos+5,T5,PC,5,trailing,black,560.000000,-3.888889
T5_PC_pos+5,T5,PC,5,trailing,black,565.000000,-3.872975
T5_PC_pos+5,T5,PC,5,trailing,black,570.000000,-3.825231
T5_PC_pos+5,T5,PC,5,trailing,black,575.000000,-3.748553
T5_PC_pos+5,T5,PC,5,trailing,black,580.000000,-3.709491
T5_PC_pos+5,T5,PC,5,trailing,black,585.000000,-3.703704
T5_PC_pos+5,T5,PC,5,trailing,black,590.000000,-3.703704
T5_PC_pos+5,T5,PC,5,trailing,black,595.000000,-3.741319
T5_PC_pos+5,T5,PC,5,trailing,black,600.000000,-3.796296
T5_PC_pos+5,T5,PC,5,trailing,black,605.000000,-3.796296
T5_PC_pos+5,T5,PC,5,trailing,black,610.000000,-3.796296
T5_PC_pos+5,T5,PC,5,trailing,black,615.000000,-3.723958
T5_PC_pos+5,T5,PC,5,trailing,black,620.000000,-3.616898
T5_PC_pos+5,T5,PC,5,trailing,black,625.000000,-3.434606
T5_PC_pos+5,T5,PC,5,trailing,black,630.000000,-3.214699
T5_PC_pos+5,T5,PC,5,trailing,black,635.000000,-3.004919
T5_PC_pos+5,T5,PC,5,trailing,black,640.000000,-2.731481
T5_PC_pos+5,T5,PC,5,trailing,black,645.000000,-2.536169
T5_PC_pos+5,T5,PC,5,trailing,black,650.000000,-2.436343
T5_PC_pos+5,T5,PC,5,trailing,black,655.000000,-2.407407
T5_PC_pos+5,T5,PC,5,trailing,black,660.000000,-2.442130
T5_PC_pos+5,T5,PC,5,trailing,black,665.000000,-2.520255
T5_PC_pos+5,T5,PC,5,trailing,black,670.000000,-2.595486
T5_PC_pos+5,T5,PC,5,trailing,black,675.000000,-2.634549
T5_PC_pos+5,T5,PC,5,trailing,black,680.000000,-2.708333
T5_PC_pos+5,T5,PC,5,trailing,black,685.000000,-2.786458
T5_PC_pos+5,T5,PC,5,trailing,black,690.000000,-2.884838
T5_PC_pos+5,T5,PC,5,trailing,black,695.000000,-3.002025
T5_PC_pos+5,T5,PC,5,trailing,black,700.000000,-3.119213
T5_PC_pos+5,T5,PC,5,trailing,black,705.000000,-3.236400
T5_PC_pos+5,T5,PC,5,trailing,black,710.000000,-3.391204
T5_PC_pos+5,T5,PC,5,trailing,black,715.000000,-3.486690
T5_NC_pos+5,T5,NC,5,trailing,green,-355.000000,0.000000
T5_NC_pos+5,T5,NC,5,trailing,green,-350.000000,0.000000
T5_NC_pos+5,T5,NC,5,trailing,green,-345.000000,0.000000
T5_NC_pos+5,T5,NC,5,trailing,green,-340.000000,0.000000
T5_NC_pos+5,T5,NC,5,trailing,green,-335.000000,0.000000
T5_NC_pos+5,T5,NC,5,trailing,green,-330.000000,0.000000
T5_NC_pos+5,T5,NC,5,trailing,green,-325.000000,0.000000
T5_NC_pos+5,T5,NC,5,trailing,green,-320.000000,0.000000
T5_NC_pos+5,T5,NC,5,trailing,green,-315.000000,0.000000
T5_NC_pos+5,T5,NC,5,trailing,green,-310.000000,0.000000
T5_NC_pos+5,T5,NC,5,trailing,green,-305.000000,0.000000
T5_NC_pos+5,T5,NC,5,trailing,green,-300.000000,0.000000
T5_NC_pos+5,T5,NC,5,trailing,green,-295.000000,0.000000
T5_NC_pos+5,T5,NC,5,trailing,green,-290.000000,0.000000
T5_NC_pos+5,T5,NC,5,trailing,green,-285.000000,0.000000
T5_NC_pos+5,T5,NC,5,trailing,green,-280.000000,0.000000
T5_NC_pos+5,T5,NC,5,trailing,green,-275.000000,0.000000
T5_NC_pos+5,T5,NC,5,trailing,green,-270.000000,0.000000
T5_NC_pos+5,T5,NC,5,trailing,green,-265.000000,0.000000
T5_NC_pos+5,T5,NC,5,trailing,green,-260.000000,0.000000
T5_NC_pos+5,T5,NC,5,trailing,green,-255.000000,0.000000
T5_NC_pos+5,T5,NC,5,trailing,green,-250.000000,0.000000
T5_NC_pos+5,T5,NC,5,trailing,green,-245.000000,0.000000
T5_NC_pos+5,T5,NC,5,trailing,green,-240.000000,0.000000
T5_NC_pos+5,T5,NC,5,trailing,green,-235.000000,0.000000
T5_NC_pos+5,T5,NC,5,trailing,green,-230.000000,0.000000
T5_NC_pos+5,T5,NC,5,trailing,green,-225.000000,0.000000
T5_NC_pos+5,T5,NC,5,trailing,green,-220.000000,0.000000
T5_NC_pos+5,T5,NC,5,trailing,green,-215.000000,-0.499132
T5_NC_pos+5,T5,NC,5,trailing,green,-210.000000,-0.694444
T5_NC_pos+5,T5,NC,5,trailing,green,-205.000000,-0.675637
T5_NC_pos+5,T5,NC,5,trailing,green,-200.000000,-0.648148
T5_NC_pos+5,T5,NC,5,trailing,green,-195.000000,-0.643808
T5_NC_pos+5,T5,NC,5,trailing,green,-190.000000,-0.604745
T5_NC_pos+5,T5,NC,5,trailing,green,-185.000000,-0.601852
T5_NC_pos+5,T5,NC,5,trailing,green,-180.000000,-0.601852
T5_NC_pos+5,T5,NC,5,trailing,green,-175.000000,-0.580150
T5_NC_pos+5,T5,NC,5,trailing,green,-170.000000,-0.555556
T5_NC_pos+5,T5,NC,5,trailing,green,-165.000000,-0.533854
T5_NC_pos+5,T5,NC,5,trailing,green,-160.000000,-0.416667
T5_NC_pos+5,T5,NC,5,trailing,green,-155.000000,-0.377604
T5_NC_pos+5,T5,NC,5,trailing,green,-150.000000,-0.370370
T5_NC_pos+5,T5,NC,5,trailing,green,-145.000000,-0.345775
T5_NC_pos+5,T5,NC,5,trailing,green,-140.000000,-0.271991
T5_NC_pos+5,T5,NC,5,trailing,green,-135.000000,-0.175058
T5_NC_pos+5,T5,NC,5,trailing,green,-130.000000,-0.138889
T5_NC_pos+5,T5,NC,5,trailing,green,-125.000000,-0.138889
T5_NC_pos+5,T5,NC,5,trailing,green,-120.000000,-0.069444
T5_NC_pos+5,T5,NC,5,trailing,green,-115.000000,-0.046296
T5_NC_pos+5,T5,NC,5,trailing,green,-110.000000,-0.046296
T5_NC_pos+5,T5,NC,5,trailing,green,-105.000000,-0.046296
T5_NC_pos+5,T5,NC,5,trailing,green,-100.000000,-0.040509
T5_NC_pos+5,T5,NC,5,trailing,green,-95.000000,-0.001447
T5_NC_pos+5,T5,NC,5,trailing,green,-90.000000,0.000000
T5_NC_pos+5,T5,NC,5,trailing,green,-85.000000,0.091146
T5_NC_pos+5,T5,NC,5,trailing,green,-80.000000,0.138889
T5_NC_pos+5,T5,NC,5,trailing,green,-75.000000,0.138889
T5_NC_pos+5,T5,NC,5,trailing,green,-70.000000,0.130208
T5_NC_pos+5,T5,NC,5,trailing,green,-65.000000,0.089699
T5_NC_pos+5,T5,NC,5,trailing,green,-60.000000,0.011574
T5_NC_pos+5,T5,NC,5,trailing,green,-55.000000,0.000000
T5_NC_pos+5,T5,NC,5,trailing,green,-50.000000,-0.104167
T5_NC_pos+5,T5,NC,5,trailing,green,-45.000000,-0.185185
T5_NC_pos+5,T5,NC,5,trailing,green,-40.000000,-0.185185
T5_NC_pos+5,T5,NC,5,trailing,green,-35.000000,-0.176505
T5_NC_pos+5,T5,NC,5,trailing,green,-30.000000,-0.098380
T5_NC_pos+5,T5,NC,5,trailing,green,-25.000000,-0.020255
T5_NC_pos+5,T5,NC,5,trailing,green,-20.000000,0.000000
T5_NC_pos+5,T5,NC,5,trailing,green,-15.000000,0.021701
T5_NC_pos+5,T5,NC,5,trailing,green,-10.000000,0.075231
T5_NC_pos+5,T5,NC,5,trailing,green,-5.000000,0.146123
T5_NC_pos+5,T5,NC,5,trailing,green,0.000000,0.185185
T5_NC_pos+5,T5,NC,5,trailing,green,5.000000,0.263310
T5_NC_pos+5,T5,NC,5,trailing,green,10.000000,0.277778
T5_NC_pos+5,T5,NC,5,trailing,green,15.000000,0.253183
T5_NC_pos+5,T5,NC,5,trailing,green,20.000000,0.144676
T5_NC_pos+5,T5,NC,5,trailing,green,25.000000,-0.091146
T5_NC_pos+5,T5,NC,5,trailing,green,30.000000,-0.419560
T5_NC_pos+5,T5,NC,5,trailing,green,35.000000,-0.458623
T5_NC_pos+5,T5,NC,5,trailing,green,40.000000,-0.462963
T5_NC_pos+5,T5,NC,5,trailing,green,45.000000,-0.353009
T5_NC_pos+5,T5,NC,5,trailing,green,50.000000,-0.135995
T5_NC_pos+5,T5,NC,5,trailing,green,55.000000,0.124421
T5_NC_pos+5,T5,NC,5,trailing,green,60.000000,0.347222
T5_NC_pos+5,T5,NC,5,trailing,green,65.000000,0.503472
T5_NC_pos+5,T5,NC,5,trailing,green,70.000000,0.772569
T5_NC_pos+5,T5,NC,5,trailing,green,75.000000,0.924479
T5_NC_pos+5,T5,NC,5,trailing,green,80.000000,1.064815
T5_NC_pos+5,T5,NC,5,trailing,green,85.000000,1.236979
T5_NC_pos+5,T5,NC,5,trailing,green,90.000000,1.414931
T5_NC_pos+5,T5,NC,5,trailing,green,95.000000,1.529225
T5_NC_pos+5,T5,NC,5,trailing,green,100.000000,1.568287
T5_NC_pos+5,T5,NC,5,trailing,green,105.000000,1.574074
T5_NC_pos+5,T5,NC,5,trailing,green,110.000000,1.417824
T5_NC_pos+5,T5,NC,5,trailing,green,115.000000,1.296296
T5_NC_pos+5,T5,NC,5,trailing,green,120.000000,1.469907
T5_NC_pos+5,T5,NC,5,trailing,green,125.000000,1.990741
T5_NC_pos+5,T5,NC,5,trailing,green,130.000000,1.990741
T5_NC_pos+5,T5,NC,5,trailing,green,135.000000,1.990741
T5_NC_pos+5,T5,NC,5,trailing,green,140.000000,1.961806
T5_NC_pos+5,T5,NC,5,trailing,green,145.000000,1.901042
T5_NC_pos+5,T5,NC,5,trailing,green,150.000000,1.837384
T5_NC_pos+5,T5,NC,5,trailing,green,155.000000,1.798322
T5_NC_pos+5,T5,NC,5,trailing,green,160.000000,1.759259
T5_NC_pos+5,T5,NC,5,trailing,green,165.000000,1.759259
T5_NC_pos+5,T5,NC,5,trailing,green,170.000000,2.013889
T5_NC_pos+5,T5,NC,5,trailing,green,175.000000,2.498553
T5_NC_pos+5,T5,NC,5,trailing,green,180.000000,3.258102
T5_NC_pos+5,T5,NC,5,trailing,green,185.000000,4.214410
T5_NC_pos+5,T5,NC,5,trailing,green,190.000000,5.115741
T5_NC_pos+5,T5,NC,5,trailing,green,195.000000,6.053241
T5_NC_pos+5,T5,NC,5,trailing,green,200.000000,6.921296
T5_NC_pos+5,T5,NC,5,trailing,green,205.000000,7.478299
T5_NC_pos+5,T5,NC,5,trailing,green,210.000000,7.786458
T5_NC_pos+5,T5,NC,5,trailing,green,215.000000,7.929688
T5_NC_pos+5,T5,NC,5,trailing,green,220.000000,7.968750
T5_NC_pos+5,T5,NC,5,trailing,green,225.000000,8.007812
T5_NC_pos+5,T5,NC,5,trailing,green,230.000000,7.971644
T5_NC_pos+5,T5,NC,5,trailing,green,235.000000,7.962963
T5_NC_pos+5,T5,NC,5,trailing,green,240.000000,7.916667
T5_NC_pos+5,T5,NC,5,trailing,green,245.000000,7.822627
T5_NC_pos+5,T5,NC,5,trailing,green,250.000000,7.731481
T5_NC_pos+5,T5,NC,5,trailing,green,255.000000,7.732928
T5_NC_pos+5,T5,NC,5,trailing,green,260.000000,7.771991
T5_NC_pos+5,T5,NC,5,trailing,green,265.000000,7.844329
T5_NC_pos+5,T5,NC,5,trailing,green,270.000000,7.870370
T5_NC_pos+5,T5,NC,5,trailing,green,275.000000,7.813947
T5_NC_pos+5,T5,NC,5,trailing,green,280.000000,7.685185
T5_NC_pos+5,T5,NC,5,trailing,green,285.000000,7.511574
T5_NC_pos+5,T5,NC,5,trailing,green,290.000000,7.199074
T5_NC_pos+5,T5,NC,5,trailing,green,295.000000,6.922743
T5_NC_pos+5,T5,NC,5,trailing,green,300.000000,6.591435
T5_NC_pos+5,T5,NC,5,trailing,green,305.000000,6.261574
T5_NC_pos+5,T5,NC,5,trailing,green,310.000000,6.006944
T5_NC_pos+5,T5,NC,5,trailing,green,315.000000,5.850694
T5_NC_pos+5,T5,NC,5,trailing,green,320.000000,5.694444
T5_NC_pos+5,T5,NC,5,trailing,green,325.000000,5.421007
T5_NC_pos+5,T5,NC,5,trailing,green,330.000000,5.211227
T5_NC_pos+5,T5,NC,5,trailing,green,335.000000,5.089699
T5_NC_pos+5,T5,NC,5,trailing,green,340.000000,4.959491
T5_NC_pos+5,T5,NC,5,trailing,green,345.000000,4.814815
T5_NC_pos+5,T5,NC,5,trailing,green,350.000000,4.814815
T5_NC_pos+5,T5,NC,5,trailing,green,355.000000,4.814815
T5_NC_pos+5,T5,NC,5,trailing,green,360.000000,4.884259
T5_NC_pos+5,T5,NC,5,trailing,green,365.000000,4.907407
T5_NC_pos+5,T5,NC,5,trailing,green,370.000000,4.907407
T5_NC_pos+5,T5,NC,5,trailing,green,375.000000,4.894387
T5_NC_pos+5,T5,NC,5,trailing,green,380.000000,4.826389
T5_NC_pos+5,T5,NC,5,trailing,green,385.000000,4.592014
T5_NC_pos+5,T5,NC,5,trailing,green,390.000000,4.282407
T5_NC_pos+5,T5,NC,5,trailing,green,395.000000,4.091435
T5_NC_pos+5,T5,NC,5,trailing,green,400.000000,3.842593
T5_NC_pos+5,T5,NC,5,trailing,green,405.000000,3.577836
T5_NC_pos+5,T5,NC,5,trailing,green,410.000000,3.399884
T5_NC_pos+5,T5,NC,5,trailing,green,415.000000,3.276910
T5_NC_pos+5,T5,NC,5,trailing,green,420.000000,3.003472
T5_NC_pos+5,T5,NC,5,trailing,green,425.000000,2.863137
T5_NC_pos+5,T5,NC,5,trailing,green,430.000000,2.745949
T5_NC_pos+5,T5,NC,5,trailing,green,435.000000,2.572338
T5_NC_pos+5,T5,NC,5,trailing,green,440.000000,2.384259
T5_NC_pos+5,T5,NC,5,trailing,green,445.000000,2.297454
T5_NC_pos+5,T5,NC,5,trailing,green,450.000000,2.141204
T5_NC_pos+5,T5,NC,5,trailing,green,455.000000,1.948785
T5_NC_pos+5,T5,NC,5,trailing,green,460.000000,1.811343
T5_NC_pos+5,T5,NC,5,trailing,green,465.000000,1.672454
T5_NC_pos+5,T5,NC,5,trailing,green,470.000000,1.530671
T5_NC_pos+5,T5,NC,5,trailing,green,475.000000,1.427951
T5_NC_pos+5,T5,NC,5,trailing,green,480.000000,1.388889
T5_NC_pos+5,T5,NC,5,trailing,green,485.000000,1.310764
T5_NC_pos+5,T5,NC,5,trailing,green,490.000000,1.296296
T5_NC_pos+5,T5,NC,5,trailing,green,495.000000,1.296296
T5_NC_pos+5,T5,NC,5,trailing,green,500.000000,1.278935
T5_NC_pos+5,T5,NC,5,trailing,green,505.000000,1.239873
T5_NC_pos+5,T5,NC,5,trailing,green,510.000000,1.200810
T5_NC_pos+5,T5,NC,5,trailing,green,515.000000,1.161748
T5_NC_pos+5,T5,NC,5,trailing,green,520.000000,1.053241
T5_NC_pos+5,T5,NC,5,trailing,green,525.000000,0.963542
T5_NC_pos+5,T5,NC,5,trailing,green,530.000000,0.885417
T5_NC_pos+5,T5,NC,5,trailing,green,535.000000,0.820312
T5_NC_pos+5,T5,NC,5,trailing,green,540.000000,0.787037
T5_NC_pos+5,T5,NC,5,trailing,green,545.000000,0.787037
T5_NC_pos+5,T5,NC,5,trailing,green,550.000000,0.749421
T5_NC_pos+5,T5,NC,5,trailing,green,555.000000,0.679977
T5_NC_pos+5,T5,NC,5,trailing,green,560.000000,0.601852
T5_NC_pos+5,T5,NC,5,trailing,green,565.000000,0.523727
T5_NC_pos+5,T5,NC,5,trailing,green,570.000000,0.436921
T5_NC_pos+5,T5,NC,5,trailing,green,575.000000,0.319734
T5_NC_pos+5,T5,NC,5,trailing,green,580.000000,0.202546
T5_NC_pos+5,T5,NC,5,trailing,green,585.000000,0.018808
T5_NC_pos+5,T5,NC,5,trailing,green,590.000000,-0.124421
T5_NC_pos+5,T5,NC,5,trailing,green,595.000000,-0.241609
T5_NC_pos+5,T5,NC,5,trailing,green,600.000000,-0.358796
T5_NC_pos+5,T5,NC,5,trailing,green,605.000000,-0.471644
T5_NC_pos+5,T5,NC,5,trailing,green,610.000000,-0.549769
T5_NC_pos+5,T5,NC,5,trailing,green,615.000000,-0.555556
T5_NC_pos+5,T5,NC,5,trailing,green,620.000000,-0.555556
T5_NC_pos+5,T5,NC,5,trailing,green,625.000000,-0.555556
T5_NC_pos+5,T5,NC,5,trailing,green,630.000000,-0.555556
T5_NC_pos+5,T5,NC,5,trailing,green,635.000000,-0.548322
T5_NC_pos+5,T5,NC,5,trailing,green,640.000000,-0.509259
T5_NC_pos+5,T5,NC,5,trailing,green,645.000000,-0.353009
T5_NC_pos+5,T5,NC,5,trailing,green,650.000000,-0.196759
T5_NC_pos+5,T5,NC,5,trailing,green,655.000000,-0.138889
T5_NC_pos+5,T5,NC,5,trailing,green,660.000000,-0.190972
T5_NC_pos+5,T5,NC,5,trailing,green,665.000000,-0.298032
T5_NC_pos+5,T5,NC,5,trailing,green,670.000000,-0.370370
T5_NC_pos+5,T5,NC,5,trailing,green,675.000000,-0.370370
T5_NC_pos+5,T5,NC,5,trailing,green,680.000000,-0.370370
T5_NC_pos+5,T5,NC,5,trailing,green,685.000000,-0.452836
T5_NC_pos+5,T5,NC,5,trailing,green,690.000000,-0.570023
T5_NC_pos+5,T5,NC,5,trailing,green,695.000000,-0.687211
T5_NC_pos+5,T5,NC,5,trailing,green,700.000000,-0.815972
T5_NC_pos+5,T5,NC,5,trailing,green,705.000000,-1.011285
T5_NC_pos+5,T5,NC,5,trailing,green,710.000000,-1.131366
T5_NC_pos+5,T5,NC,5,trailing,green,715.000000,-1.248553
