trace_id,cell_type,contrast,position,duration_ms,width_led,time_ms,vm_mean_mv,vm_std_mv,n_cells,n_recordings,repeat_composition
T4_PC_pos-4_w1,T4,PC,-4,160,1,-200,-0.2088443815,0.3957655208,15,75,15x5
T4_PC_pos-4_w1,T4,PC,-4,160,1,-195,-0.1581989569,0.5425394973,15,75,15x5
T4_PC_pos-4_w1,T4,PC,-4,160,1,-190,-0.1190540444,0.6812230128,15,75,15x5
T4_PC_pos-4_w1,T4,PC,-4,160,1,-185,-0.06806678127,0.6495256192,15,75,15x5
T4_PC_pos-4_w1,T4,PC,-4,160,1,-180,-0.06070537621,0.692108863,15,75,15x5
T4_PC_pos-4_w1,T4,PC,-4,160,1,-175,-0.0006184454489,0.7345471129,15,75,15x5
T4_PC_pos-4_w1,T4,PC,-4,160,1,-170,0.06918347084,0.7020202044,15,75,15x5
T4_PC_pos-4_w1,T4,PC,-4,160,1,-165,0.2317590486,0.6326386717,15,75,15x5
T4_PC_pos-4_w1,T4,PC,-4,160,1,-160,0.2443377952,0.6828836541,15,75,15x5
T4_PC_pos-4_w1,T4,PC,-4,160,1,-155,0.2485410094,0.6583918076,15,75,15x5
T4_PC_pos-4_w1,T4,PC,-4,160,1,-150,0.2112124594,0.5965717406,15,75,15x5
T4_PC_pos-4_w1,T4,PC,-4,160,1,-145,0.201388027,0.5881178736,15,75,15x5
T4_PC_pos-4_w1,T4,PC,-4,160,1,-140,0.1479885143,0.5910421029,15,75,15x5
T4_PC_pos-4_w1,T4,PC,-4,160,1,-135,0.06607754447,0.4553553927,15,75,15x5
T4_PC_pos-4_w1,T4,PC,-4,160,1,-130,0.07894739478,0.3329282398,15,75,15x5
T4_PC_pos-4_w1,T4,PC,-4,160,1,-125,0.1315007819,0.2640630828,15,75,15x5
T4_PC_pos-4_w1,T4,PC,-4,160,1,-120,0.1558506542,0.3117537987,15,75,15x5
T4_PC_pos-4_w1,T4,PC,-4,160,1,-115,0.1847638478,0.429224786,15,75,15x5
T4_PC_pos-4_w1,T4,PC,-4,160,1,-110,0.1019212292,0.4909256747,15,75,15x5
T4_PC_pos-4_w1,T4,PC,-4,160,1,-105,0.05287053162,0.54863464,15,75,15x5
T4_PC_pos-4_w1,T4,PC,-4,160,1,-100,-0.01035488894,0.4714099728,15,75,15x5
T4_PC_pos-4_w1,T4,PC,-4,160,1,-95,-0.02598335523,0.4564140775,15,75,15x5
T4_PC_pos-4_w1,T4,PC,-4,160,1,-90,0.08020788182,0.5781935019,15,75,15x5
T4_PC_pos-4_w1,T4,PC,-4,160,1,-85,0.08821728014,0.7431480156,15,75,15x5
T4_PC_pos-4_w1,T4,PC,-4,160,1,-80,0.1045895272,0.8746611646,15,75,15x5
T4_PC_pos-4_w1,T4,PC,-4,160,1,-75,0.06933082308,0.8367184647,15,75,15x5
T4_PC_pos-4_w1,T4,PC,-4,160,1,-70,-0.008971336282,0.8729422145,15,75,15x5
T4_PC_pos-4_w1,T4,PC,-4,160,1,-65,-0.009880839742,0.8187506983,15,75,15x5
T4_PC_pos-4_w1,T4,PC,-4,160,1,-60,0.0326639857,0.816005142,15,75,15x5
T4_PC_pos-4_w1,T4,PC,-4,160,1,-55,0.04324228127,0.7877759955,15,75,15x5
T4_PC_pos-4_w1,T4,PC,-4,160,1,-50,0.08303113738,0.9682088489,15,75,15x5
T4_PC_pos-4_w1,T4,PC,-4,160,1,-45,0.09623829267,0.9913285822,15,75,15x5
T4_PC_pos-4_w1,T4,PC,-4,160,1,-40,0.1392758893,1.050594476,15,75,15x5
T4_PC_pos-4_w1,T4,PC,-4,160,1,-35,0.09828044774,0.9524752429,15,75,15x5
T4_PC_pos-4_w1,T4,PC,-4,160,1,-30,0.199823765,1.103390285,15,75,15x5
T4_PC_pos-4_w1,T4,PC,-4,160,1,-25,0.2083138014,1.055205029,15,75,15x5
T4_PC_pos-4_w1,T4,PC,-4,160,1,-20,0.2341609275,1.130138588,15,75,15x5
T4_PC_pos-4_w1,T4,PC,-4,160,1,-15,0.2689771431,1.081725604,15,75,15x5
T4_PC_pos-4_w1,T4,PC,-4,160,1,-10,0.4042344228,1.16372726,15,75,15x5
T4_PC_pos-4_w1,T4,PC,-4,160,1,-5,0.3935161179,1.211568225,15,75,15x5
T4_PC_pos-4_w1,T4,PC,-4,160,1,0,0.3893399433,1.271747743,15,75,15x5
T4_PC_pos-4_w1,T4,PC,-4,160,1,5,0.3369783042,1.277099922,15,75,15x5
T4_PC_pos-4_w1,T4,PC,-4,160,1,10,0.337248704,1.255819971,15,75,15x5
T4_PC_pos-4_w1,T4,PC,-4,160,1,15,0.2887830141,1.219033173,15,75,15x5
T4_PC_pos-4_w1,T4,PC,-4,160,1,20,0.2608696645,1.265061117,15,75,15x5
T4_PC_pos-4_w1,T4,PC,-4,160,1,25,0.2264640807,1.1854931,15,75,15x5
T4_PC_pos-4_w1,T4,PC,-4,160,1,30,0.1846123396,1.195412625,15,75,15x5
T4_PC_pos-4_w1,T4,PC,-4,160,1,35,0.1289846003,1.265403116,15,75,15x5
T4_PC_pos-4_w1,T4,PC,-4,160,1,40,0.1548871305,1.324475453,15,75,15x5
T4_PC_pos-4_w1,T4,PC,-4,160,1,45,0.2252689466,1.308537142,15,75,15x5
T4_PC_pos-4_w1,T4,PC,-4,160,1,50,0.2979231149,1.379363377,15,75,15x5
T4_PC_pos-4_w1,T4,PC,-4,160,1,55,0.4881680512,1.35838645,15,75,15x5
T4_PC_pos-4_w1,T4,PC,-4,160,1,60,0.591294201,1.360756259,15,75,15x5
T4_PC_pos-4_w1,T4,PC,-4,160,1,65,0.6520112102,1.389830505,15,75,15x5
T4_PC_pos-4_w1,T4,PC,-4,160,1,70,0.7669762104,1.487342114,15,75,15x5
T4_PC_pos-4_w1,T4,PC,-4,160,1,75,0.9373983399,1.663092702,15,75,15x5
T4_PC_pos-4_w1,T4,PC,-4,160,1,80,1.065855442,1.83733556,15,75,15x5
T4_PC_pos-4_w1,T4,PC,-4,160,1,85,1.256030595,2.033629643,15,75,15x5
T4_PC_pos-4_w1,T4,PC,-4,160,1,90,1.393153995,2.128928235,15,75,15x5
T4_PC_pos-4_w1,T4,PC,-4,160,1,95,1.634599943,2.262458902,15,75,15x5
T4_PC_pos-4_w1,T4,PC,-4,160,1,100,1.776837517,2.650252789,15,75,15x5
T4_PC_pos-4_w1,T4,PC,-4,160,1,105,1.908980747,2.674674783,15,75,15x5
T4_PC_pos-4_w1,T4,PC,-4,160,1,110,2.04970907,2.826789618,15,75,15x5
T4_PC_pos-4_w1,T4,PC,-4,160,1,115,2.121165757,3.024537357,15,75,15x5
T4_PC_pos-4_w1,T4,PC,-4,160,1,120,2.083370884,3.119630393,15,75,15x5
T4_PC_pos-4_w1,T4,PC,-4,160,1,125,2.150664795,3.296267695,15,75,15x5
T4_PC_pos-4_w1,T4,PC,-4,160,1,130,2.191648955,3.347140514,15,75,15x5
T4_PC_pos-4_w1,T4,PC,-4,160,1,135,2.380023831,3.364122223,15,75,15x5
T4_PC_pos-4_w1,T4,PC,-4,160,1,140,2.585590008,3.620724525,15,75,15x5
T4_PC_pos-4_w1,T4,PC,-4,160,1,145,2.592072982,3.727247726,15,75,15x5
T4_PC_pos-4_w1,T4,PC,-4,160,1,150,2.493832297,3.722037471,15,75,15x5
T4_PC_pos-4_w1,T4,PC,-4,160,1,155,2.511181587,3.64464623,15,75,15x5
T4_PC_pos-4_w1,T4,PC,-4,160,1,160,2.617638486,3.560037365,15,75,15x5
T4_PC_pos-4_w1,T4,PC,-4,160,1,165,2.669229685,3.617138485,15,75,15x5
T4_PC_pos-4_w1,T4,PC,-4,160,1,170,2.761354317,3.67654516,15,75,15x5
T4_PC_pos-4_w1,T4,PC,-4,160,1,175,2.918769987,3.660158527,15,75,15x5
T4_PC_pos-4_w1,T4,PC,-4,160,1,180,2.992979334,3.75618787,15,75,15x5
T4_PC_pos-4_w1,T4,PC,-4,160,1,185,3.014985877,3.75292581,15,75,15x5
T4_PC_pos-4_w1,T4,PC,-4,160,1,190,3.069383608,3.588395069,15,75,15x5
T4_PC_pos-4_w1,T4,PC,-4,160,1,195,3.030996088,3.481937065,15,75,15x5
T4_PC_pos-4_w1,T4,PC,-4,160,1,200,2.962884539,3.369919756,15,75,15x5
T4_PC_pos-4_w1,T4,PC,-4,160,1,205,2.85103427,3.277249428,15,75,15x5
T4_PC_pos-4_w1,T4,PC,-4,160,1,210,2.696304656,3.182144029,15,75,15x5
T4_PC_pos-4_w1,T4,PC,-4,160,1,215,2.539508437,3.172104487,15,75,15x5
T4_PC_pos-4_w1,T4,PC,-4,160,1,220,2.484352387,3.157714173,15,75,15x5
T4_PC_pos-4_w1,T4,PC,-4,160,1,225,2.278304931,2.931550727,15,75,15x5
T4_PC_pos-4_w1,T4,PC,-4,160,1,230,2.193635874,2.882995943,15,75,15x5
T4_PC_pos-4_w1,T4,PC,-4,160,1,235,2.141080523,2.623503409,15,75,15x5
T4_PC_pos-4_w1,T4,PC,-4,160,1,240,2.027442913,2.417888268,15,75,15x5
T4_PC_pos-4_w1,T4,PC,-4,160,1,245,1.776208342,2.258577085,15,75,15x5
T4_PC_pos-4_w1,T4,PC,-4,160,1,250,1.633796788,2.09842162,15,75,15x5
T4_PC_pos-4_w1,T4,PC,-4,160,1,255,1.450773235,2.098773688,15,75,15x5
T4_PC_pos-4_w1,T4,PC,-4,160,1,260,1.405409709,2.081634832,15,75,15x5
T4_PC_pos-4_w1,T4,PC,-4,160,1,265,1.35048898,2.237225205,15,75,15x5
T4_PC_pos-4_w1,T4,PC,-4,160,1,270,1.374034912,2.391560562,15,75,15x5
T4_PC_pos-4_w1,T4,PC,-4,160,1,275,1.231906807,2.384868108,15,75,15x5
T4_PC_pos-4_w1,T4,PC,-4,160,1,280,1.044864364,2.323533597,15,75,15x5
T4_PC_pos-4_w1,T4,PC,-4,160,1,285,0.8763380937,2.199365529,15,75,15x5
T4_PC_pos-4_w1,T4,PC,-4,160,1,290,0.8051432095,2.181382357,15,75,15x5
T4_PC_pos-4_w1,T4,PC,-4,160,1,295,0.6957839276,2.141622025,15,75,15x5
T4_PC_pos-4_w1,T4,PC,-4,160,1,300,0.6007658545,2.110001204,15,75,15x5
T4_PC_pos-4_w1,T4,PC,-4,160,1,305,0.6053246039,2.042349458,15,75,15x5
T4_PC_pos-4_w1,T4,PC,-4,160,1,310,0.5420937612,2.00923393,15,75,15x5
T4_PC_pos-4_w1,T4,PC,-4,160,1,315,0.4055961014,1.963069116,15,75,15x5
T4_PC_pos-4_w1,T4,PC,-4,160,1,320,0.3464798542,1.885174109,15,75,15x5
T4_PC_pos-4_w1,T4,PC,-4,160,1,325,0.3496670416,1.821855567,15,75,15x5
T4_PC_pos-4_w1,T4,PC,-4,160,1,330,0.2791737695,1.807024499,15,75,15x5
T4_PC_pos-4_w1,T4,PC,-4,160,1,335,0.2972059486,1.669106683,15,75,15x5
T4_PC_pos-4_w1,T4,PC,-4,160,1,340,0.1924398054,1.632094746,15,75,15x5
T4_PC_pos-4_w1,T4,PC,-4,160,1,345,0.1983036637,1.509821661,15,75,15x5
T4_PC_pos-4_w1,T4,PC,-4,160,1,350,0.1436532759,1.579390343,15,75,15x5
T4_PC_pos-4_w1,T4,PC,-4,160,1,355,0.2154154995,1.525630969,15,75,15x5
T4_PC_pos-4_w1,T4,PC,-4,160,1,360,0.1512574477,1.530867633,15,75,15x5
T4_PC_pos-4_w1,T4,PC,-4,160,1,365,0.08363613104,1.531777536,15,75,15x5
T4_PC_pos-4_w1,T4,PC,-4,160,1,370,0.1848585183,1.448226887,15,75,15x5
T4_PC_pos-4_w1,T4,PC,-4,160,1,375,0.2550585613,1.41467523,15,75,15x5
T4_PC_pos-4_w1,T4,PC,-4,160,1,380,0.2867183112,1.439696614,15,75,15x5
T4_PC_pos-4_w1,T4,PC,-4,160,1,385,0.3502067999,1.401233146,15,75,15x5
T4_PC_pos-4_w1,T4,PC,-4,160,1,390,0.3782882983,1.405521401,15,75,15x5
T4_PC_pos-4_w1,T4,PC,-4,160,1,395,0.4025913825,1.52375464,15,75,15x5
T4_PC_pos-4_w1,T4,PC,-4,160,1,400,0.3111020685,1.714408618,15,75,15x5
T4_PC_pos-4_w1,T4,PC,-4,160,1,405,0.3519481647,1.692349832,15,75,15x5
T4_PC_pos-4_w1,T4,PC,-4,160,1,410,0.2663734959,1.810668139,15,75,15x5
T4_PC_pos-4_w1,T4,PC,-4,160,1,415,0.2596237266,1.822593948,15,75,15x5
T4_PC_pos-4_w1,T4,PC,-4,160,1,420,0.2411797649,1.682593795,15,75,15x5
T4_PC_pos-4_w1,T4,PC,-4,160,1,425,0.1978234236,1.634839516,15,75,15x5
T4_PC_pos-4_w1,T4,PC,-4,160,1,430,0.07349173521,1.593395204,15,75,15x5
T4_PC_pos-4_w1,T4,PC,-4,160,1,435,0.02573895857,1.370502655,15,75,15x5
T4_PC_pos-4_w1,T4,PC,-4,160,1,440,0.02586717952,1.23727466,15,75,15x5
T4_PC_pos-4_w1,T4,PC,-4,160,1,445,-0.006141835536,1.121251752,15,75,15x5
T4_PC_pos-4_w1,T4,PC,-4,160,1,450,0.09551488788,1.13397514,15,75,15x5
T4_PC_pos-4_w1,T4,PC,-4,160,1,455,0.08772831551,1.086926931,15,75,15x5
T4_PC_pos-4_w1,T4,PC,-4,160,1,460,0.1251937985,1.028092861,15,75,15x5
T4_PC_pos-4_w1,T4,PC,-4,160,1,465,0.0764234869,1.069147078,15,75,15x5
T4_PC_pos-4_w1,T4,PC,-4,160,1,470,0.09026795395,1.045026857,15,75,15x5
T4_PC_pos-4_w1,T4,PC,-4,160,1,475,0.02516253746,1.099898332,15,75,15x5
T4_PC_pos-4_w1,T4,PC,-4,160,1,480,-0.02189375409,1.139427352,15,75,15x5
T4_PC_pos-4_w1,T4,PC,-4,160,1,485,-0.09101766876,1.177117874,15,75,15x5
T4_PC_pos-4_w1,T4,PC,-4,160,1,490,-0.1121283604,1.183727996,15,75,15x5
T4_PC_pos-4_w1,T4,PC,-4,160,1,495,-0.1889311586,1.236509503,15,75,15x5
T4_PC_pos-4_w1,T4,PC,-4,160,1,500,-0.169028417,1.21579116,15,75,15x5
T4_PC_pos-4_w1,T4,PC,-4,160,1,505,-0.2126916117,1.266898842,15,75,15x5
T4_PC_pos-4_w1,T4,PC,-4,160,1,510,-0.2290499235,1.343432984,15,75,15x5
T4_PC_pos-4_w1,T4,PC,-4,160,1,515,-0.2208471005,1.361287156,15,75,15x5
T4_PC_pos-4_w1,T4,PC,-4,160,1,520,-0.1914963838,1.337128427,15,75,15x5
T4_PC_pos-4_w1,T4,PC,-4,160,1,525,-0.2369351517,1.28593091,15,75,15x5
T4_PC_pos-4_w1,T4,PC,-4,160,1,530,-0.2319945523,1.187565274,15,75,15x5
T4_PC_pos-4_w1,T4,PC,-4,160,1,535,-0.2069855632,1.152710052,15,75,15x5
T4_PC_pos-4_w1,T4,PC,-4,160,1,540,-0.1373811902,1.194016532,15,75,15x5
T4_PC_pos-4_w1,T4,PC,-4,160,1,545,-0.1848654574,1.275432437,15,75,15x5
T4_PC_pos-4_w1,T4,PC,-4,160,1,550,-0.1746383783,1.419744981,15,75,15x5
T4_PC_pos-4_w1,T4,PC,-4,160,1,555,-0.1365759591,1.449055408,15,75,15x5
T4_PC_pos-4_w1,T4,PC,-4,160,1,560,-0.08634425719,1.500111134,15,75,15x5
T4_PC_pos-4_w1,T4,PC,-4,160,1,565,-0.1606682578,1.480075768,15,75,15x5
T4_PC_pos-4_w1,T4,PC,-4,160,1,570,-0.22182659,1.424168369,15,75,15x5
T4_PC_pos-4_w1,T4,PC,-4,160,1,575,-0.2799313892,1.407114806,15,75,15x5
T4_PC_pos-4_w1,T4,PC,-4,160,1,580,-0.3681552609,1.32038018,15,75,15x5
T4_PC_pos-4_w1,T4,PC,-4,160,1,585,-0.3426500445,1.138919718,15,75,15x5
T4_PC_pos-4_w1,T4,PC,-4,160,1,590,-0.3592788047,1.037405958,15,75,15x5
T4_PC_pos-4_w1,T4,PC,-4,160,1,595,-0.3355611726,1.116370709,15,75,15x5
T4_PC_pos-4_w1,T4,PC,-4,160,1,600,-0.3572496319,1.12212518,15,75,15x5
T4_PC_pos-4_w1,T4,PC,-4,160,1,605,-0.3144212198,1.150227392,15,75,15x5
T4_PC_pos-4_w1,T4,PC,-4,160,1,610,-0.3114924483,1.122461499,15,75,15x5
T4_PC_pos-4_w1,T4,PC,-4,160,1,615,-0.2945639424,1.125758862,15,75,15x5
T4_PC_pos-4_w1,T4,PC,-4,160,1,620,-0.2795822948,1.124842907,15,75,15x5
T4_PC_pos-4_w1,T4,PC,-4,160,1,625,-0.1475812886,1.161574091,15,75,15x5
T4_PC_pos-4_w1,T4,PC,-4,160,1,630,-0.1153675636,1.178009043,15,75,15x5
T4_PC_pos-4_w1,T4,PC,-4,160,1,635,-0.05267569571,1.182070078,15,75,15x5
T4_PC_pos-4_w1,T4,PC,-4,160,1,640,-0.05500828514,1.201912056,15,75,15x5
T4_PC_pos-4_w1,T4,PC,-4,160,1,645,-0.06850264479,1.256074639,15,75,15x5
T4_PC_pos-4_w1,T4,PC,-4,160,1,650,-0.08980117959,1.208965242,15,75,15x5
T4_PC_pos-4_w1,T4,PC,-4,160,1,655,-0.03629272755,0.9666832174,15,75,15x5
T4_PC_pos-4_w1,T4,PC,-4,160,1,660,-0.06360368603,0.8688889008,15,75,15x5
T4_PC_pos-4_w1,T4,PC,-4,160,1,665,-0.004242509348,0.9378155435,15,75,15x5
T4_PC_pos-4_w1,T4,PC,-4,160,1,670,0.0004195616059,0.9848037409,15,75,15x5
T4_PC_pos-4_w1,T4,PC,-4,160,1,675,0.02912520874,0.959762468,15,75,15x5
T4_PC_pos-4_w1,T4,PC,-4,160,1,680,-0.05129212383,1.009997223,15,75,15x5
T4_PC_pos-4_w1,T4,PC,-4,160,1,685,-0.06485561137,0.9722170181,15,75,15x5
T4_PC_pos-4_w1,T4,PC,-4,160,1,690,-0.05790803076,0.9862256492,15,75,15x5
T4_PC_pos-4_w1,T4,PC,-4,160,1,695,-0.0476603778,0.9993923697,15,75,15x5
T4_PC_pos-4_w1,T4,PC,-4,160,1,700,-0.1248885807,1.058332778,15,75,15x5
T4_PC_pos-4_w1,T4,PC,-4,160,1,705,-0.1379033435,1.058830924,15,75,15x5
T4_PC_pos-4_w1,T4,PC,-4,160,1,710,-0.02190819695,1.073247464,15,75,15x5
T4_PC_pos-4_w1,T4,PC,-4,160,1,715,-0.07556614024,1.127525194,15,75,15x5
T4_PC_pos-4_w1,T4,PC,-4,160,1,720,-0.04128800973,1.117320056,15,75,15x5
T4_PC_pos-4_w1,T4,PC,-4,160,1,725,-0.09191232575,1.10734297,15,75,15x5
T4_PC_pos-4_w1,T4,PC,-4,160,1,730,-0.1213080093,1.075816628,15,75,15x5
T4_PC_pos-4_w1,T4,PC,-4,160,1,735,-0.1247044605,1.109519818,15,75,15x5
T4_PC_pos-4_w1,T4,PC,-4,160,1,740,-0.02646776711,1.130304407,15,75,15x5
T4_PC_pos-4_w1,T4,PC,-4,160,1,745,-0.06860352436,1.101948298,15,75,15x5
T4_PC_pos-4_w1,T4,PC,-4,160,1,750,-0.06572392413,1.078155756,15,75,15x5
T4_PC_pos-3_w1,T4,PC,-3,160,1,-200,0.01501056894,0.7180125895,15,75,15x5
T4_PC_pos-3_w1,T4,PC,-3,160,1,-195,-0.06546474649,0.7376780768,15,75,15x5
T4_PC_pos-3_w1,T4,PC,-3,160,1,-190,-0.07614321617,0.7607779945,15,75,15x5
T4_PC_pos-3_w1,T4,PC,-3,160,1,-185,-0.02915712541,0.9217036584,15,75,15x5
T4_PC_pos-3_w1,T4,PC,-3,160,1,-180,0.07722020467,0.922003498,15,75,15x5
T4_PC_pos-3_w1,T4,PC,-3,160,1,-175,0.08720123845,0.8637791184,15,75,15x5
T4_PC_pos-3_w1,T4,PC,-3,160,1,-170,0.08011250219,0.7857617516,15,75,15x5
T4_PC_pos-3_w1,T4,PC,-3,160,1,-165,0.1482056646,0.7376782547,15,75,15x5
T4_PC_pos-3_w1,T4,PC,-3,160,1,-160,0.08958867231,0.623847149,15,75,15x5
T4_PC_pos-3_w1,T4,PC,-3,160,1,-155,0.01276729462,0.5049447206,15,75,15x5
T4_PC_pos-3_w1,T4,PC,-3,160,1,-150,-0.0520281368,0.4106564812,15,75,15x5
T4_PC_pos-3_w1,T4,PC,-3,160,1,-145,-0.05078421128,0.4834390201,15,75,15x5
T4_PC_pos-3_w1,T4,PC,-3,160,1,-140,-0.1302807111,0.5240454364,15,75,15x5
T4_PC_pos-3_w1,T4,PC,-3,160,1,-135,-0.1297355544,0.4372868386,15,75,15x5
T4_PC_pos-3_w1,T4,PC,-3,160,1,-130,-0.1299977644,0.5396333765,15,75,15x5
T4_PC_pos-3_w1,T4,PC,-3,160,1,-125,-0.1160547648,0.6581058496,15,75,15x5
T4_PC_pos-3_w1,T4,PC,-3,160,1,-120,-0.1992112463,0.5951475339,15,75,15x5
T4_PC_pos-3_w1,T4,PC,-3,160,1,-115,-0.1558231714,0.6062161494,15,75,15x5
T4_PC_pos-3_w1,T4,PC,-3,160,1,-110,-0.1163840078,0.7242058582,15,75,15x5
T4_PC_pos-3_w1,T4,PC,-3,160,1,-105,0.0173782124,0.9588822004,15,75,15x5
T4_PC_pos-3_w1,T4,PC,-3,160,1,-100,0.160988652,1.267285415,15,75,15x5
T4_PC_pos-3_w1,T4,PC,-3,160,1,-95,0.1090915417,1.263500534,15,75,15x5
T4_PC_pos-3_w1,T4,PC,-3,160,1,-90,-0.0008880676122,1.145539094,15,75,15x5
T4_PC_pos-3_w1,T4,PC,-3,160,1,-85,-0.04737187917,1.095244975,15,75,15x5
T4_PC_pos-3_w1,T4,PC,-3,160,1,-80,-0.06509547502,1.014552561,15,75,15x5
T4_PC_pos-3_w1,T4,PC,-3,160,1,-75,-0.07838282748,0.9599963863,15,75,15x5
T4_PC_pos-3_w1,T4,PC,-3,160,1,-70,-0.1116439589,0.8736058691,15,75,15x5
T4_PC_pos-3_w1,T4,PC,-3,160,1,-65,-0.06983308186,0.8918303304,15,75,15x5
T4_PC_pos-3_w1,T4,PC,-3,160,1,-60,-0.1110776179,0.8974645222,15,75,15x5
T4_PC_pos-3_w1,T4,PC,-3,160,1,-55,-0.1084889325,1.057387442,15,75,15x5
T4_PC_pos-3_w1,T4,PC,-3,160,1,-50,-0.02770666753,1.137869187,15,75,15x5
T4_PC_pos-3_w1,T4,PC,-3,160,1,-45,-0.03869261584,1.138648823,15,75,15x5
T4_PC_pos-3_w1,T4,PC,-3,160,1,-40,-0.0235225609,1.261243867,15,75,15x5
T4_PC_pos-3_w1,T4,PC,-3,160,1,-35,-0.04824453892,1.397825897,15,75,15x5
T4_PC_pos-3_w1,T4,PC,-3,160,1,-30,0.008997188798,1.371576791,15,75,15x5
T4_PC_pos-3_w1,T4,PC,-3,160,1,-25,-0.01459639077,1.250551313,15,75,15x5
T4_PC_pos-3_w1,T4,PC,-3,160,1,-20,-0.1011072373,1.350292883,15,75,15x5
T4_PC_pos-3_w1,T4,PC,-3,160,1,-15,-0.1041854221,1.365745352,15,75,15x5
T4_PC_pos-3_w1,T4,PC,-3,160,1,-10,-0.1068495654,1.281004473,15,75,15x5
T4_PC_pos-3_w1,T4,PC,-3,160,1,-5,-0.2467447831,1.154541338,15,75,15x5
T4_PC_pos-3_w1,T4,PC,-3,160,1,0,-0.199138729,1.171524376,15,75,15x5
T4_PC_pos-3_w1,T4,PC,-3,160,1,5,-0.2599043782,1.151861766,15,75,15x5
T4_PC_pos-3_w1,T4,PC,-3,160,1,10,-0.3281795003,1.190208583,15,75,15x5
T4_PC_pos-3_w1,T4,PC,-3,160,1,15,-0.3711737717,1.181718842,15,75,15x5
T4_PC_pos-3_w1,T4,PC,-3,160,1,20,-0.3904598014,1.135291833,15,75,15x5
T4_PC_pos-3_w1,T4,PC,-3,160,1,25,-0.4549091401,1.07418329,15,75,15x5
T4_PC_pos-3_w1,T4,PC,-3,160,1,30,-0.4492039915,1.05938643,15,75,15x5
T4_PC_pos-3_w1,T4,PC,-3,160,1,35,-0.3604404689,1.109032772,15,75,15x5
T4_PC_pos-3_w1,T4,PC,-3,160,1,40,-0.2759518955,1.117998984,15,75,15x5
T4_PC_pos-3_w1,T4,PC,-3,160,1,45,-0.1671672088,1.18279225,15,75,15x5
T4_PC_pos-3_w1,T4,PC,-3,160,1,50,0.07824013752,1.41475329,15,75,15x5
T4_PC_pos-3_w1,T4,PC,-3,160,1,55,0.3751304407,1.862005493,15,75,15x5
T4_PC_pos-3_w1,T4,PC,-3,160,1,60,0.6340566821,2.023130671,15,75,15x5
T4_PC_pos-3_w1,T4,PC,-3,160,1,65,0.8133219548,2.048525328,15,75,15x5
T4_PC_pos-3_w1,T4,PC,-3,160,1,70,1.045311006,2.038753666,15,75,15x5
T4_PC_pos-3_w1,T4,PC,-3,160,1,75,1.28210075,2.077251529,15,75,15x5
T4_PC_pos-3_w1,T4,PC,-3,160,1,80,1.461693353,1.97492572,15,75,15x5
T4_PC_pos-3_w1,T4,PC,-3,160,1,85,1.674152826,2.154207307,15,75,15x5
T4_PC_pos-3_w1,T4,PC,-3,160,1,90,1.780761057,2.169360919,15,75,15x5
T4_PC_pos-3_w1,T4,PC,-3,160,1,95,1.896135406,2.253973923,15,75,15x5
T4_PC_pos-3_w1,T4,PC,-3,160,1,100,2.130873725,2.317520265,15,75,15x5
T4_PC_pos-3_w1,T4,PC,-3,160,1,105,2.309594228,2.427037833,15,75,15x5
T4_PC_pos-3_w1,T4,PC,-3,160,1,110,2.444724081,2.462990575,15,75,15x5
T4_PC_pos-3_w1,T4,PC,-3,160,1,115,2.673941094,2.563147747,15,75,15x5
T4_PC_pos-3_w1,T4,PC,-3,160,1,120,3.082348166,2.645971862,15,75,15x5
T4_PC_pos-3_w1,T4,PC,-3,160,1,125,3.43606875,2.669808382,15,75,15x5
T4_PC_pos-3_w1,T4,PC,-3,160,1,130,3.753159897,2.685608137,15,75,15x5
T4_PC_pos-3_w1,T4,PC,-3,160,1,135,4.032307506,2.586325887,15,75,15x5
T4_PC_pos-3_w1,T4,PC,-3,160,1,140,4.146720022,2.601967772,15,75,15x5
T4_PC_pos-3_w1,T4,PC,-3,160,1,145,4.287563265,2.626080846,15,75,15x5
T4_PC_pos-3_w1,T4,PC,-3,160,1,150,4.454232567,2.566893049,15,75,15x5
T4_PC_pos-3_w1,T4,PC,-3,160,1,155,4.775517427,2.680212501,15,75,15x5
T4_PC_pos-3_w1,T4,PC,-3,160,1,160,4.929784694,2.829620779,15,75,15x5
T4_PC_pos-3_w1,T4,PC,-3,160,1,165,5.051049112,2.879256641,15,75,15x5
T4_PC_pos-3_w1,T4,PC,-3,160,1,170,5.106005583,2.76278302,15,75,15x5
T4_PC_pos-3_w1,T4,PC,-3,160,1,175,5.351699326,2.835781056,15,75,15x5
T4_PC_pos-3_w1,T4,PC,-3,160,1,180,5.625541348,2.925330009,15,75,15x5
T4_PC_pos-3_w1,T4,PC,-3,160,1,185,5.771219828,2.799291146,15,75,15x5
T4_PC_pos-3_w1,T4,PC,-3,160,1,190,5.831121039,2.744843413,15,75,15x5
T4_PC_pos-3_w1,T4,PC,-3,160,1,195,5.848938225,2.550700948,15,75,15x5
T4_PC_pos-3_w1,T4,PC,-3,160,1,200,5.839352978,2.461922025,15,75,15x5
T4_PC_pos-3_w1,T4,PC,-3,160,1,205,5.630519981,2.198663067,15,75,15x5
T4_PC_pos-3_w1,T4,PC,-3,160,1,210,5.453915799,2.01178164,15,75,15x5
T4_PC_pos-3_w1,T4,PC,-3,160,1,215,5.182381641,1.922821562,15,75,15x5
T4_PC_pos-3_w1,T4,PC,-3,160,1,220,4.916910081,1.753495213,15,75,15x5
T4_PC_pos-3_w1,T4,PC,-3,160,1,225,4.642041837,1.670774204,15,75,15x5
T4_PC_pos-3_w1,T4,PC,-3,160,1,230,4.412093566,1.649029846,15,75,15x5
T4_PC_pos-3_w1,T4,PC,-3,160,1,235,4.217921884,1.505270437,15,75,15x5
T4_PC_pos-3_w1,T4,PC,-3,160,1,240,3.917535813,1.475532041,15,75,15x5
T4_PC_pos-3_w1,T4,PC,-3,160,1,245,3.641562675,1.396382262,15,75,15x5
T4_PC_pos-3_w1,T4,PC,-3,160,1,250,3.442435579,1.3631928,15,75,15x5
T4_PC_pos-3_w1,T4,PC,-3,160,1,255,3.216277856,1.262122562,15,75,15x5
T4_PC_pos-3_w1,T4,PC,-3,160,1,260,3.013725842,1.176564852,15,75,15x5
T4_PC_pos-3_w1,T4,PC,-3,160,1,265,2.774126574,1.22302187,15,75,15x5
T4_PC_pos-3_w1,T4,PC,-3,160,1,270,2.498542356,1.296177087,15,75,15x5
T4_PC_pos-3_w1,T4,PC,-3,160,1,275,2.261548969,1.391700699,15,75,15x5
T4_PC_pos-3_w1,T4,PC,-3,160,1,280,2.116325648,1.387577089,15,75,15x5
T4_PC_pos-3_w1,T4,PC,-3,160,1,285,1.943363245,1.468723204,15,75,15x5
T4_PC_pos-3_w1,T4,PC,-3,160,1,290,1.83618504,1.488146877,15,75,15x5
T4_PC_pos-3_w1,T4,PC,-3,160,1,295,1.729793495,1.514818186,15,75,15x5
T4_PC_pos-3_w1,T4,PC,-3,160,1,300,1.663103813,1.427690477,15,75,15x5
T4_PC_pos-3_w1,T4,PC,-3,160,1,305,1.607725394,1.340921297,15,75,15x5
T4_PC_pos-3_w1,T4,PC,-3,160,1,310,1.603684989,1.279829404,15,75,15x5
T4_PC_pos-3_w1,T4,PC,-3,160,1,315,1.590526238,1.291987596,15,75,15x5
T4_PC_pos-3_w1,T4,PC,-3,160,1,320,1.492915941,1.253536674,15,75,15x5
T4_PC_pos-3_w1,T4,PC,-3,160,1,325,1.463981713,1.1988962,15,75,15x5
T4_PC_pos-3_w1,T4,PC,-3,160,1,330,1.353026676,1.15368983,15,75,15x5
T4_PC_pos-3_w1,T4,PC,-3,160,1,335,1.310813316,1.186391882,15,75,15x5
T4_PC_pos-3_w1,T4,PC,-3,160,1,340,1.132825506,1.170061484,15,75,15x5
T4_PC_pos-3_w1,T4,PC,-3,160,1,345,1.011498857,1.191765949,15,75,15x5
T4_PC_pos-3_w1,T4,PC,-3,160,1,350,0.9426175083,1.244521728,15,75,15x5
T4_PC_pos-3_w1,T4,PC,-3,160,1,355,0.9584676202,1.33683158,15,75,15x5
T4_PC_pos-3_w1,T4,PC,-3,160,1,360,0.9110876955,1.403022741,15,75,15x5
T4_PC_pos-3_w1,T4,PC,-3,160,1,365,0.8226492645,1.437765163,15,75,15x5
T4_PC_pos-3_w1,T4,PC,-3,160,1,370,0.7823785991,1.322051249,15,75,15x5
T4_PC_pos-3_w1,T4,PC,-3,160,1,375,0.7193026019,1.375777446,15,75,15x5
T4_PC_pos-3_w1,T4,PC,-3,160,1,380,0.6563814684,1.327694583,15,75,15x5
T4_PC_pos-3_w1,T4,PC,-3,160,1,385,0.5672915111,1.378867955,15,75,15x5
T4_PC_pos-3_w1,T4,PC,-3,160,1,390,0.4526310614,1.370776426,15,75,15x5
T4_PC_pos-3_w1,T4,PC,-3,160,1,395,0.3925241017,1.399159124,15,75,15x5
T4_PC_pos-3_w1,T4,PC,-3,160,1,400,0.3309346227,1.41481429,15,75,15x5
T4_PC_pos-3_w1,T4,PC,-3,160,1,405,0.2902119731,1.471709761,15,75,15x5
T4_PC_pos-3_w1,T4,PC,-3,160,1,410,0.3033880008,1.503240506,15,75,15x5
T4_PC_pos-3_w1,T4,PC,-3,160,1,415,0.3513767676,1.558408759,15,75,15x5
T4_PC_pos-3_w1,T4,PC,-3,160,1,420,0.3732552169,1.644232523,15,75,15x5
T4_PC_pos-3_w1,T4,PC,-3,160,1,425,0.3378079336,1.628911041,15,75,15x5
T4_PC_pos-3_w1,T4,PC,-3,160,1,430,0.3106486438,1.630258033,15,75,15x5
T4_PC_pos-3_w1,T4,PC,-3,160,1,435,0.3582068144,1.531139947,15,75,15x5
T4_PC_pos-3_w1,T4,PC,-3,160,1,440,0.3271891098,1.502729794,15,75,15x5
T4_PC_pos-3_w1,T4,PC,-3,160,1,445,0.2618082897,1.493364901,15,75,15x5
T4_PC_pos-3_w1,T4,PC,-3,160,1,450,0.2813876243,1.496249003,15,75,15x5
T4_PC_pos-3_w1,T4,PC,-3,160,1,455,0.2088310919,1.475934335,15,75,15x5
T4_PC_pos-3_w1,T4,PC,-3,160,1,460,0.2083424065,1.515392269,15,75,15x5
T4_PC_pos-3_w1,T4,PC,-3,160,1,465,0.1467938107,1.552982888,15,75,15x5
T4_PC_pos-3_w1,T4,PC,-3,160,1,470,0.1701951843,1.553519679,15,75,15x5
T4_PC_pos-3_w1,T4,PC,-3,160,1,475,0.02938368656,1.58126423,15,75,15x5
T4_PC_pos-3_w1,T4,PC,-3,160,1,480,0.07852468168,1.517590789,15,75,15x5
T4_PC_pos-3_w1,T4,PC,-3,160,1,485,0.04494945783,1.552353203,15,75,15x5
T4_PC_pos-3_w1,T4,PC,-3,160,1,490,-0.02205765451,1.602507466,15,75,15x5
T4_PC_pos-3_w1,T4,PC,-3,160,1,495,-0.06098385516,1.599980212,15,75,15x5
T4_PC_pos-3_w1,T4,PC,-3,160,1,500,-0.07154324669,1.590714214,15,75,15x5
T4_PC_pos-3_w1,T4,PC,-3,160,1,505,-0.2033223167,1.587398461,15,75,15x5
T4_PC_pos-3_w1,T4,PC,-3,160,1,510,-0.3472546325,1.643397966,15,75,15x5
T4_PC_pos-3_w1,T4,PC,-3,160,1,515,-0.4061026179,1.568631686,15,75,15x5
T4_PC_pos-3_w1,T4,PC,-3,160,1,520,-0.4529628234,1.672394412,15,75,15x5
T4_PC_pos-3_w1,T4,PC,-3,160,1,525,-0.4644681348,1.641987665,15,75,15x5
T4_PC_pos-3_w1,T4,PC,-3,160,1,530,-0.4483518242,1.634484211,15,75,15x5
T4_PC_pos-3_w1,T4,PC,-3,160,1,535,-0.4211147872,1.61982146,15,75,15x5
T4_PC_pos-3_w1,T4,PC,-3,160,1,540,-0.4181928193,1.703393594,15,75,15x5
T4_PC_pos-3_w1,T4,PC,-3,160,1,545,-0.4511895939,1.762485899,15,75,15x5
T4_PC_pos-3_w1,T4,PC,-3,160,1,550,-0.3485411913,1.795229142,15,75,15x5
T4_PC_pos-3_w1,T4,PC,-3,160,1,555,-0.2961494331,1.856583766,15,75,15x5
T4_PC_pos-3_w1,T4,PC,-3,160,1,560,-0.3270467469,1.896077432,15,75,15x5
T4_PC_pos-3_w1,T4,PC,-3,160,1,565,-0.3322421173,1.873853201,15,75,15x5
T4_PC_pos-3_w1,T4,PC,-3,160,1,570,-0.3617571152,1.831940102,15,75,15x5
T4_PC_pos-3_w1,T4,PC,-3,160,1,575,-0.4579946203,1.865618575,15,75,15x5
T4_PC_pos-3_w1,T4,PC,-3,160,1,580,-0.4823239142,1.779195793,15,75,15x5
T4_PC_pos-3_w1,T4,PC,-3,160,1,585,-0.4818955055,1.835569208,15,75,15x5
T4_PC_pos-3_w1,T4,PC,-3,160,1,590,-0.4679557416,1.823147528,15,75,15x5
T4_PC_pos-3_w1,T4,PC,-3,160,1,595,-0.4441230595,1.805848987,15,75,15x5
T4_PC_pos-3_w1,T4,PC,-3,160,1,600,-0.4868452206,1.764364421,15,75,15x5
T4_PC_pos-3_w1,T4,PC,-3,160,1,605,-0.4847742906,1.800512333,15,75,15x5
T4_PC_pos-3_w1,T4,PC,-3,160,1,610,-0.4636178499,1.782177755,15,75,15x5
T4_PC_pos-3_w1,T4,PC,-3,160,1,615,-0.4054671987,1.813621441,15,75,15x5
T4_PC_pos-3_w1,T4,PC,-3,160,1,620,-0.3954692642,1.831858718,15,75,15x5
T4_PC_pos-3_w1,T4,PC,-3,160,1,625,-0.3373407945,1.828205498,15,75,15x5
T4_PC_pos-3_w1,T4,PC,-3,160,1,630,-0.2893535947,1.751444635,15,75,15x5
T4_PC_pos-3_w1,T4,PC,-3,160,1,635,-0.1708788287,1.753018258,15,75,15x5
T4_PC_pos-3_w1,T4,PC,-3,160,1,640,-0.08770532443,1.7700336,15,75,15x5
T4_PC_pos-3_w1,T4,PC,-3,160,1,645,-0.09988681609,1.776174004,15,75,15x5
T4_PC_pos-3_w1,T4,PC,-3,160,1,650,-0.08195724751,1.642947099,15,75,15x5
T4_PC_pos-3_w1,T4,PC,-3,160,1,655,-0.08018259346,1.611747228,15,75,15x5
T4_PC_pos-3_w1,T4,PC,-3,160,1,660,-0.07590965898,1.652044115,15,75,15x5
T4_PC_pos-3_w1,T4,PC,-3,160,1,665,0.1046508925,1.645025081,15,75,15x5
T4_PC_pos-3_w1,T4,PC,-3,160,1,670,0.1744915213,1.584833801,15,75,15x5
T4_PC_pos-3_w1,T4,PC,-3,160,1,675,0.167044177,1.448793626,15,75,15x5
T4_PC_pos-3_w1,T4,PC,-3,160,1,680,0.1786031615,1.396825666,15,75,15x5
T4_PC_pos-3_w1,T4,PC,-3,160,1,685,0.1233392523,1.37470045,15,75,15x5
T4_PC_pos-3_w1,T4,PC,-3,160,1,690,0.1468248954,1.393742503,15,75,15x5
T4_PC_pos-3_w1,T4,PC,-3,160,1,695,0.1199478298,1.345781941,15,75,15x5
T4_PC_pos-3_w1,T4,PC,-3,160,1,700,0.04145856446,1.3200559,15,75,15x5
T4_PC_pos-3_w1,T4,PC,-3,160,1,705,0.003400556726,1.281508548,15,75,15x5
T4_PC_pos-3_w1,T4,PC,-3,160,1,710,-0.02836091051,1.243949489,15,75,15x5
T4_PC_pos-3_w1,T4,PC,-3,160,1,715,-0.02006386126,1.22939317,15,75,15x5
T4_PC_pos-3_w1,T4,PC,-3,160,1,720,0.02203846881,1.201932639,15,75,15x5
T4_PC_pos-3_w1,T4,PC,-3,160,1,725,0.02716845457,1.0981589,15,75,15x5
T4_PC_pos-3_w1,T4,PC,-3,160,1,730,0.04461025351,1.045929979,15,75,15x5
T4_PC_pos-3_w1,T4,PC,-3,160,1,735,0.06126192221,1.005915427,15,75,15x5
T4_PC_pos-3_w1,T4,PC,-3,160,1,740,0.09855017008,1.048644848,15,75,15x5
T4_PC_pos-3_w1,T4,PC,-3,160,1,745,0.04795111635,1.143335799,15,75,15x5
T4_PC_pos-3_w1,T4,PC,-3,160,1,750,0.04387766295,1.125516807,15,75,15x5
T4_PC_pos-2_w1,T4,PC,-2,160,1,-200,-0.2164864519,0.8092125205,15,75,15x5
T4_PC_pos-2_w1,T4,PC,-2,160,1,-195,-0.2443563022,0.7974053133,15,75,15x5
T4_PC_pos-2_w1,T4,PC,-2,160,1,-190,-0.2828312807,0.7244183675,15,75,15x5
T4_PC_pos-2_w1,T4,PC,-2,160,1,-185,-0.2560653964,0.6485497695,15,75,15x5
T4_PC_pos-2_w1,T4,PC,-2,160,1,-180,-0.2558465026,0.624938585,15,75,15x5
T4_PC_pos-2_w1,T4,PC,-2,160,1,-175,-0.2018123869,0.5494158677,15,75,15x5
T4_PC_pos-2_w1,T4,PC,-2,160,1,-170,-0.2086008823,0.5185832061,15,75,15x5
T4_PC_pos-2_w1,T4,PC,-2,160,1,-165,-0.1800015245,0.5238377774,15,75,15x5
T4_PC_pos-2_w1,T4,PC,-2,160,1,-160,-0.1960983906,0.5254334904,15,75,15x5
T4_PC_pos-2_w1,T4,PC,-2,160,1,-155,-0.2112604762,0.5484543011,15,75,15x5
T4_PC_pos-2_w1,T4,PC,-2,160,1,-150,-0.2625880935,0.5854892216,15,75,15x5
T4_PC_pos-2_w1,T4,PC,-2,160,1,-145,-0.2452673862,0.6346655818,15,75,15x5
T4_PC_pos-2_w1,T4,PC,-2,160,1,-140,-0.2518008462,0.6581817914,15,75,15x5
T4_PC_pos-2_w1,T4,PC,-2,160,1,-135,-0.1890775069,0.6315551746,15,75,15x5
T4_PC_pos-2_w1,T4,PC,-2,160,1,-130,-0.01494477054,0.4599540356,15,75,15x5
T4_PC_pos-2_w1,T4,PC,-2,160,1,-125,0.1011573232,0.4450065804,15,75,15x5
T4_PC_pos-2_w1,T4,PC,-2,160,1,-120,0.2380593447,0.6068370782,15,75,15x5
T4_PC_pos-2_w1,T4,PC,-2,160,1,-115,0.2357057066,0.6289494426,15,75,15x5
T4_PC_pos-2_w1,T4,PC,-2,160,1,-110,0.3083429607,0.6610413137,15,75,15x5
T4_PC_pos-2_w1,T4,PC,-2,160,1,-105,0.2869493189,0.6539910139,15,75,15x5
T4_PC_pos-2_w1,T4,PC,-2,160,1,-100,0.3128386872,0.7254061844,15,75,15x5
T4_PC_pos-2_w1,T4,PC,-2,160,1,-95,0.3907424361,0.6911783072,15,75,15x5
T4_PC_pos-2_w1,T4,PC,-2,160,1,-90,0.3990344091,0.786525813,15,75,15x5
T4_PC_pos-2_w1,T4,PC,-2,160,1,-85,0.3960495043,0.8966828008,15,75,15x5
T4_PC_pos-2_w1,T4,PC,-2,160,1,-80,0.3398507615,0.9280907529,15,75,15x5
T4_PC_pos-2_w1,T4,PC,-2,160,1,-75,0.3218772075,0.9772756044,15,75,15x5
T4_PC_pos-2_w1,T4,PC,-2,160,1,-70,0.3116862791,0.959391513,15,75,15x5
T4_PC_pos-2_w1,T4,PC,-2,160,1,-65,0.3222747293,0.922485735,15,75,15x5
T4_PC_pos-2_w1,T4,PC,-2,160,1,-60,0.3243663858,1.032785117,15,75,15x5
T4_PC_pos-2_w1,T4,PC,-2,160,1,-55,0.3383397951,1.012720989,15,75,15x5
T4_PC_pos-2_w1,T4,PC,-2,160,1,-50,0.2973311215,1.035428955,15,75,15x5
T4_PC_pos-2_w1,T4,PC,-2,160,1,-45,0.243686062,1.045703391,15,75,15x5
T4_PC_pos-2_w1,T4,PC,-2,160,1,-40,0.2282753805,1.047378033,15,75,15x5
T4_PC_pos-2_w1,T4,PC,-2,160,1,-35,0.223418509,1.025966677,15,75,15x5
T4_PC_pos-2_w1,T4,PC,-2,160,1,-30,0.1806784194,1.046063965,15,75,15x5
T4_PC_pos-2_w1,T4,PC,-2,160,1,-25,0.1811613933,1.096421874,15,75,15x5
T4_PC_pos-2_w1,T4,PC,-2,160,1,-20,0.1096436978,1.128317572,15,75,15x5
T4_PC_pos-2_w1,T4,PC,-2,160,1,-15,0.08275574952,1.148946256,15,75,15x5
T4_PC_pos-2_w1,T4,PC,-2,160,1,-10,0.1365412332,1.172133826,15,75,15x5
T4_PC_pos-2_w1,T4,PC,-2,160,1,-5,0.1754404146,1.167637514,15,75,15x5
T4_PC_pos-2_w1,T4,PC,-2,160,1,0,0.2059951472,1.04927056,15,75,15x5
T4_PC_pos-2_w1,T4,PC,-2,160,1,5,0.1824829869,1.023158128,15,75,15x5
T4_PC_pos-2_w1,T4,PC,-2,160,1,10,0.1249387912,1.054038042,15,75,15x5
T4_PC_pos-2_w1,T4,PC,-2,160,1,15,0.216395111,0.9836825272,15,75,15x5
T4_PC_pos-2_w1,T4,PC,-2,160,1,20,0.1700176136,0.9216649658,15,75,15x5
T4_PC_pos-2_w1,T4,PC,-2,160,1,25,0.1493881196,0.8806805146,15,75,15x5
T4_PC_pos-2_w1,T4,PC,-2,160,1,30,0.2391403016,0.797460377,15,75,15x5
T4_PC_pos-2_w1,T4,PC,-2,160,1,35,0.3070921489,0.809169213,15,75,15x5
T4_PC_pos-2_w1,T4,PC,-2,160,1,40,0.5267828105,0.8577097866,15,75,15x5
T4_PC_pos-2_w1,T4,PC,-2,160,1,45,0.8609870343,1.102890246,15,75,15x5
T4_PC_pos-2_w1,T4,PC,-2,160,1,50,1.324566956,1.362451309,15,75,15x5
T4_PC_pos-2_w1,T4,PC,-2,160,1,55,1.864444349,1.601773971,15,75,15x5
T4_PC_pos-2_w1,T4,PC,-2,160,1,60,2.553208804,2.199382148,15,75,15x5
T4_PC_pos-2_w1,T4,PC,-2,160,1,65,3.24859521,2.848797291,15,75,15x5
T4_PC_pos-2_w1,T4,PC,-2,160,1,70,3.733612748,3.233336237,15,75,15x5
T4_PC_pos-2_w1,T4,PC,-2,160,1,75,4.232180124,3.515450151,15,75,15x5
T4_PC_pos-2_w1,T4,PC,-2,160,1,80,4.684258703,3.665193301,15,75,15x5
T4_PC_pos-2_w1,T4,PC,-2,160,1,85,5.135229227,3.879591278,15,75,15x5
T4_PC_pos-2_w1,T4,PC,-2,160,1,90,5.516872152,4.016059697,15,75,15x5
T4_PC_pos-2_w1,T4,PC,-2,160,1,95,6.076626016,4.203323658,15,75,15x5
T4_PC_pos-2_w1,T4,PC,-2,160,1,100,6.402035106,4.227300706,15,75,15x5
T4_PC_pos-2_w1,T4,PC,-2,160,1,105,6.816293289,4.292756847,15,75,15x5
T4_PC_pos-2_w1,T4,PC,-2,160,1,110,7.251265676,4.15169237,15,75,15x5
T4_PC_pos-2_w1,T4,PC,-2,160,1,115,7.755864726,4.269588412,15,75,15x5
T4_PC_pos-2_w1,T4,PC,-2,160,1,120,8.117898498,4.293678783,15,75,15x5
T4_PC_pos-2_w1,T4,PC,-2,160,1,125,8.429714371,4.513438629,15,75,15x5
T4_PC_pos-2_w1,T4,PC,-2,160,1,130,8.772145484,4.54554928,15,75,15x5
T4_PC_pos-2_w1,T4,PC,-2,160,1,135,8.995916696,4.441861131,15,75,15x5
T4_PC_pos-2_w1,T4,PC,-2,160,1,140,9.541965427,4.430233391,15,75,15x5
T4_PC_pos-2_w1,T4,PC,-2,160,1,145,9.787109713,4.340248993,15,75,15x5
T4_PC_pos-2_w1,T4,PC,-2,160,1,150,9.969443291,4.185607119,15,75,15x5
T4_PC_pos-2_w1,T4,PC,-2,160,1,155,10.14574065,4.040137911,15,75,15x5
T4_PC_pos-2_w1,T4,PC,-2,160,1,160,10.16704,3.861941121,15,75,15x5
T4_PC_pos-2_w1,T4,PC,-2,160,1,165,10.32540632,3.799128984,15,75,15x5
T4_PC_pos-2_w1,T4,PC,-2,160,1,170,10.50173503,3.8534628,15,75,15x5
T4_PC_pos-2_w1,T4,PC,-2,160,1,175,10.6606235,3.953616916,15,75,15x5
T4_PC_pos-2_w1,T4,PC,-2,160,1,180,10.64871221,3.751516161,15,75,15x5
T4_PC_pos-2_w1,T4,PC,-2,160,1,185,10.66695876,3.674403314,15,75,15x5
T4_PC_pos-2_w1,T4,PC,-2,160,1,190,10.73697815,3.636996765,15,75,15x5
T4_PC_pos-2_w1,T4,PC,-2,160,1,195,10.68425923,3.469810227,15,75,15x5
T4_PC_pos-2_w1,T4,PC,-2,160,1,200,10.47266375,3.150597866,15,75,15x5
T4_PC_pos-2_w1,T4,PC,-2,160,1,205,10.36641897,3.200995618,15,75,15x5
T4_PC_pos-2_w1,T4,PC,-2,160,1,210,9.993831027,3.109694916,15,75,15x5
T4_PC_pos-2_w1,T4,PC,-2,160,1,215,9.631117889,2.999089103,15,75,15x5
T4_PC_pos-2_w1,T4,PC,-2,160,1,220,9.191978216,2.85395308,15,75,15x5
T4_PC_pos-2_w1,T4,PC,-2,160,1,225,8.710391746,2.680536272,15,75,15x5
T4_PC_pos-2_w1,T4,PC,-2,160,1,230,8.319791665,2.539218709,15,75,15x5
T4_PC_pos-2_w1,T4,PC,-2,160,1,235,7.893880102,2.428737866,15,75,15x5
T4_PC_pos-2_w1,T4,PC,-2,160,1,240,7.515452607,2.362639489,15,75,15x5
T4_PC_pos-2_w1,T4,PC,-2,160,1,245,7.13856019,2.295161527,15,75,15x5
T4_PC_pos-2_w1,T4,PC,-2,160,1,250,6.694624135,2.153367457,15,75,15x5
T4_PC_pos-2_w1,T4,PC,-2,160,1,255,6.27463696,2.053873126,15,75,15x5
T4_PC_pos-2_w1,T4,PC,-2,160,1,260,5.858384493,1.958684024,15,75,15x5
T4_PC_pos-2_w1,T4,PC,-2,160,1,265,5.454772681,1.904209509,15,75,15x5
T4_PC_pos-2_w1,T4,PC,-2,160,1,270,5.207365237,1.906622848,15,75,15x5
T4_PC_pos-2_w1,T4,PC,-2,160,1,275,4.865256993,1.86745287,15,75,15x5
T4_PC_pos-2_w1,T4,PC,-2,160,1,280,4.587758996,1.906568153,15,75,15x5
T4_PC_pos-2_w1,T4,PC,-2,160,1,285,4.348005802,1.892527354,15,75,15x5
T4_PC_pos-2_w1,T4,PC,-2,160,1,290,4.162223321,1.847225945,15,75,15x5
T4_PC_pos-2_w1,T4,PC,-2,160,1,295,3.959091642,1.728361016,15,75,15x5
T4_PC_pos-2_w1,T4,PC,-2,160,1,300,3.80796928,1.749713606,15,75,15x5
T4_PC_pos-2_w1,T4,PC,-2,160,1,305,3.774534703,1.725775281,15,75,15x5
T4_PC_pos-2_w1,T4,PC,-2,160,1,310,3.646244412,1.757602296,15,75,15x5
T4_PC_pos-2_w1,T4,PC,-2,160,1,315,3.520477379,1.807680689,15,75,15x5
T4_PC_pos-2_w1,T4,PC,-2,160,1,320,3.451068814,1.963278089,15,75,15x5
T4_PC_pos-2_w1,T4,PC,-2,160,1,325,3.335234599,1.926697485,15,75,15x5
T4_PC_pos-2_w1,T4,PC,-2,160,1,330,3.16897061,1.878308187,15,75,15x5
T4_PC_pos-2_w1,T4,PC,-2,160,1,335,3.04225778,1.898659664,15,75,15x5
T4_PC_pos-2_w1,T4,PC,-2,160,1,340,2.888217749,2.052791343,15,75,15x5
T4_PC_pos-2_w1,T4,PC,-2,160,1,345,2.821532379,1.946815164,15,75,15x5
T4_PC_pos-2_w1,T4,PC,-2,160,1,350,2.69485097,1.910118506,15,75,15x5
T4_PC_pos-2_w1,T4,PC,-2,160,1,355,2.58644547,1.845904492,15,75,15x5
T4_PC_pos-2_w1,T4,PC,-2,160,1,360,2.516440225,1.740529063,15,75,15x5
T4_PC_pos-2_w1,T4,PC,-2,160,1,365,2.42674846,1.680798366,15,75,15x5
T4_PC_pos-2_w1,T4,PC,-2,160,1,370,2.298206715,1.592582289,15,75,15x5
T4_PC_pos-2_w1,T4,PC,-2,160,1,375,2.240502704,1.539142178,15,75,15x5
T4_PC_pos-2_w1,T4,PC,-2,160,1,380,2.107698598,1.546544358,15,75,15x5
T4_PC_pos-2_w1,T4,PC,-2,160,1,385,1.997197879,1.5043464,15,75,15x5
T4_PC_pos-2_w1,T4,PC,-2,160,1,390,1.842016275,1.51523963,15,75,15x5
T4_PC_pos-2_w1,T4,PC,-2,160,1,395,1.730283521,1.451137768,15,75,15x5
T4_PC_pos-2_w1,T4,PC,-2,160,1,400,1.607932759,1.518750783,15,75,15x5
T4_PC_pos-2_w1,T4,PC,-2,160,1,405,1.538904477,1.530389876,15,75,15x5
T4_PC_pos-2_w1,T4,PC,-2,160,1,410,1.457931094,1.502982684,15,75,15x5
T4_PC_pos-2_w1,T4,PC,-2,160,1,415,1.307830303,1.56467191,15,75,15x5
T4_PC_pos-2_w1,T4,PC,-2,160,1,420,1.245670813,1.513513945,15,75,15x5
T4_PC_pos-2_w1,T4,PC,-2,160,1,425,1.183722186,1.544660499,15,75,15x5
T4_PC_pos-2_w1,T4,PC,-2,160,1,430,1.096909559,1.515864893,15,75,15x5
T4_PC_pos-2_w1,T4,PC,-2,160,1,435,0.975305598,1.580922328,15,75,15x5
T4_PC_pos-2_w1,T4,PC,-2,160,1,440,0.9494267213,1.55940053,15,75,15x5
T4_PC_pos-2_w1,T4,PC,-2,160,1,445,0.8878221629,1.548212873,15,75,15x5
T4_PC_pos-2_w1,T4,PC,-2,160,1,450,0.8447358155,1.558614121,15,75,15x5
T4_PC_pos-2_w1,T4,PC,-2,160,1,455,0.7759569072,1.611483552,15,75,15x5
T4_PC_pos-2_w1,T4,PC,-2,160,1,460,0.6460526699,1.485160453,15,75,15x5
T4_PC_pos-2_w1,T4,PC,-2,160,1,465,0.5995944417,1.585509885,15,75,15x5
T4_PC_pos-2_w1,T4,PC,-2,160,1,470,0.5457576217,1.588315999,15,75,15x5
T4_PC_pos-2_w1,T4,PC,-2,160,1,475,0.5040497395,1.518367167,15,75,15x5
T4_PC_pos-2_w1,T4,PC,-2,160,1,480,0.4735461624,1.409410442,15,75,15x5
T4_PC_pos-2_w1,T4,PC,-2,160,1,485,0.4175317998,1.402200522,15,75,15x5
T4_PC_pos-2_w1,T4,PC,-2,160,1,490,0.4346054669,1.336812466,15,75,15x5
T4_PC_pos-2_w1,T4,PC,-2,160,1,495,0.3762796857,1.329656223,15,75,15x5
T4_PC_pos-2_w1,T4,PC,-2,160,1,500,0.2760695649,1.248401018,15,75,15x5
T4_PC_pos-2_w1,T4,PC,-2,160,1,505,0.2100116081,1.173547472,15,75,15x5
T4_PC_pos-2_w1,T4,PC,-2,160,1,510,0.1440131094,1.11052636,15,75,15x5
T4_PC_pos-2_w1,T4,PC,-2,160,1,515,0.1001382666,1.152345913,15,75,15x5
T4_PC_pos-2_w1,T4,PC,-2,160,1,520,0.03500924746,1.15078748,15,75,15x5
T4_PC_pos-2_w1,T4,PC,-2,160,1,525,0.03117025682,1.113963082,15,75,15x5
T4_PC_pos-2_w1,T4,PC,-2,160,1,530,0.0603564188,1.14065907,15,75,15x5
T4_PC_pos-2_w1,T4,PC,-2,160,1,535,0.03956810424,1.165494438,15,75,15x5
T4_PC_pos-2_w1,T4,PC,-2,160,1,540,0.05071620716,1.224066422,15,75,15x5
T4_PC_pos-2_w1,T4,PC,-2,160,1,545,0.1011565816,1.268858556,15,75,15x5
T4_PC_pos-2_w1,T4,PC,-2,160,1,550,0.1242525523,1.27587983,15,75,15x5
T4_PC_pos-2_w1,T4,PC,-2,160,1,555,0.1144829869,1.167698188,15,75,15x5
T4_PC_pos-2_w1,T4,PC,-2,160,1,560,0.08124042369,1.103880361,15,75,15x5
T4_PC_pos-2_w1,T4,PC,-2,160,1,565,-0.02154559359,1.03178543,15,75,15x5
T4_PC_pos-2_w1,T4,PC,-2,160,1,570,-0.1034468462,1.102694113,15,75,15x5
T4_PC_pos-2_w1,T4,PC,-2,160,1,575,-0.01556055311,1.006009153,15,75,15x5
T4_PC_pos-2_w1,T4,PC,-2,160,1,580,-0.05822721978,1.06683242,15,75,15x5
T4_PC_pos-2_w1,T4,PC,-2,160,1,585,-0.09569643698,0.9985546702,15,75,15x5
T4_PC_pos-2_w1,T4,PC,-2,160,1,590,-0.0885282011,1.024187471,15,75,15x5
T4_PC_pos-2_w1,T4,PC,-2,160,1,595,-0.08839305888,0.9937327618,15,75,15x5
T4_PC_pos-2_w1,T4,PC,-2,160,1,600,-0.1107180804,1.059366322,15,75,15x5
T4_PC_pos-2_w1,T4,PC,-2,160,1,605,-0.07059943522,1.063201067,15,75,15x5
T4_PC_pos-2_w1,T4,PC,-2,160,1,610,-0.02429268353,1.046669738,15,75,15x5
T4_PC_pos-2_w1,T4,PC,-2,160,1,615,0.06815943061,0.8954017903,15,75,15x5
T4_PC_pos-2_w1,T4,PC,-2,160,1,620,0.1226633514,0.9439786787,15,75,15x5
T4_PC_pos-2_w1,T4,PC,-2,160,1,625,0.06752597517,0.9794870751,15,75,15x5
T4_PC_pos-2_w1,T4,PC,-2,160,1,630,0.09734155877,1.021892497,15,75,15x5
T4_PC_pos-2_w1,T4,PC,-2,160,1,635,0.06123563013,1.236520023,15,75,15x5
T4_PC_pos-2_w1,T4,PC,-2,160,1,640,0.07846954683,1.292520105,15,75,15x5
T4_PC_pos-2_w1,T4,PC,-2,160,1,645,0.229828892,1.304562874,15,75,15x5
T4_PC_pos-2_w1,T4,PC,-2,160,1,650,0.2221822407,1.285501298,15,75,15x5
T4_PC_pos-2_w1,T4,PC,-2,160,1,655,0.2143612847,1.319752275,15,75,15x5
T4_PC_pos-2_w1,T4,PC,-2,160,1,660,0.170818717,1.432992549,15,75,15x5
T4_PC_pos-2_w1,T4,PC,-2,160,1,665,0.1035970646,1.513417624,15,75,15x5
T4_PC_pos-2_w1,T4,PC,-2,160,1,670,-0.002766920408,1.417041812,15,75,15x5
T4_PC_pos-2_w1,T4,PC,-2,160,1,675,-0.08013939814,1.313337469,15,75,15x5
T4_PC_pos-2_w1,T4,PC,-2,160,1,680,-0.1857583191,1.250336301,15,75,15x5
T4_PC_pos-2_w1,T4,PC,-2,160,1,685,-0.2027752413,1.32418209,15,75,15x5
T4_PC_pos-2_w1,T4,PC,-2,160,1,690,-0.2100066979,1.193996093,15,75,15x5
T4_PC_pos-2_w1,T4,PC,-2,160,1,695,-0.3023999146,1.137462222,15,75,15x5
T4_PC_pos-2_w1,T4,PC,-2,160,1,700,-0.3507150052,1.063819075,15,75,15x5
T4_PC_pos-2_w1,T4,PC,-2,160,1,705,-0.3846637413,1.059671501,15,75,15x5
T4_PC_pos-2_w1,T4,PC,-2,160,1,710,-0.4030391042,1.015004468,15,75,15x5
T4_PC_pos-2_w1,T4,PC,-2,160,1,715,-0.4004216213,1.044070025,15,75,15x5
T4_PC_pos-2_w1,T4,PC,-2,160,1,720,-0.2999837069,1.010669378,15,75,15x5
T4_PC_pos-2_w1,T4,PC,-2,160,1,725,-0.2121236246,1.08604607,15,75,15x5
T4_PC_pos-2_w1,T4,PC,-2,160,1,730,-0.1642499214,1.120337743,15,75,15x5
T4_PC_pos-2_w1,T4,PC,-2,160,1,735,-0.2189191747,1.186466097,15,75,15x5
T4_PC_pos-2_w1,T4,PC,-2,160,1,740,-0.2306205631,1.054362709,15,75,15x5
T4_PC_pos-2_w1,T4,PC,-2,160,1,745,-0.3168386248,1.012103357,15,75,15x5
T4_PC_pos-2_w1,T4,PC,-2,160,1,750,-0.3214731475,0.975980917,15,75,15x5
T4_PC_pos-1_w1,T4,PC,-1,160,1,-200,-0.1948803041,0.8873705082,15,75,15x5
T4_PC_pos-1_w1,T4,PC,-1,160,1,-195,-0.1783231205,0.8766369691,15,75,15x5
T4_PC_pos-1_w1,T4,PC,-1,160,1,-190,-0.1973086313,0.7783902362,15,75,15x5
T4_PC_pos-1_w1,T4,PC,-1,160,1,-185,-0.2316144107,0.7039634069,15,75,15x5
T4_PC_pos-1_w1,T4,PC,-1,160,1,-180,-0.1810917408,0.6330446219,15,75,15x5
T4_PC_pos-1_w1,T4,PC,-1,160,1,-175,-0.1623752369,0.527707484,15,75,15x5
T4_PC_pos-1_w1,T4,PC,-1,160,1,-170,-0.1243885459,0.5187829475,15,75,15x5
T4_PC_pos-1_w1,T4,PC,-1,160,1,-165,-0.03615026746,0.3079785686,15,75,15x5
T4_PC_pos-1_w1,T4,PC,-1,160,1,-160,0.03572453921,0.3403120293,15,75,15x5
T4_PC_pos-1_w1,T4,PC,-1,160,1,-155,-0.01132997849,0.3873109163,15,75,15x5
T4_PC_pos-1_w1,T4,PC,-1,160,1,-150,-0.005304439219,0.3967984121,15,75,15x5
T4_PC_pos-1_w1,T4,PC,-1,160,1,-145,-0.04453337695,0.4339608848,15,75,15x5
T4_PC_pos-1_w1,T4,PC,-1,160,1,-140,-0.09668268505,0.5351633257,15,75,15x5
T4_PC_pos-1_w1,T4,PC,-1,160,1,-135,-0.1629088959,0.5678368593,15,75,15x5
T4_PC_pos-1_w1,T4,PC,-1,160,1,-130,-0.1731807314,0.5571867606,15,75,15x5
T4_PC_pos-1_w1,T4,PC,-1,160,1,-125,-0.1712125996,0.6253940048,15,75,15x5
T4_PC_pos-1_w1,T4,PC,-1,160,1,-120,-0.0906322984,0.5706587747,15,75,15x5
T4_PC_pos-1_w1,T4,PC,-1,160,1,-115,-0.01945407292,0.6551538104,15,75,15x5
T4_PC_pos-1_w1,T4,PC,-1,160,1,-110,0.0002705506061,0.6156047932,15,75,15x5
T4_PC_pos-1_w1,T4,PC,-1,160,1,-105,0.100087665,0.6802972052,15,75,15x5
T4_PC_pos-1_w1,T4,PC,-1,160,1,-100,0.0822668876,0.5735158421,15,75,15x5
T4_PC_pos-1_w1,T4,PC,-1,160,1,-95,0.1320200826,0.6574399502,15,75,15x5
T4_PC_pos-1_w1,T4,PC,-1,160,1,-90,0.2166662161,0.8353721786,15,75,15x5
T4_PC_pos-1_w1,T4,PC,-1,160,1,-85,0.2715046776,0.9338409258,15,75,15x5
T4_PC_pos-1_w1,T4,PC,-1,160,1,-80,0.2879743154,0.9746321488,15,75,15x5
T4_PC_pos-1_w1,T4,PC,-1,160,1,-75,0.3021792604,0.96050851,15,75,15x5
T4_PC_pos-1_w1,T4,PC,-1,160,1,-70,0.3312203471,1.026053315,15,75,15x5
T4_PC_pos-1_w1,T4,PC,-1,160,1,-65,0.4061495901,1.067726424,15,75,15x5
T4_PC_pos-1_w1,T4,PC,-1,160,1,-60,0.4470991831,1.145525304,15,75,15x5
T4_PC_pos-1_w1,T4,PC,-1,160,1,-55,0.5156152393,1.141713342,15,75,15x5
T4_PC_pos-1_w1,T4,PC,-1,160,1,-50,0.5982423048,1.230078584,15,75,15x5
T4_PC_pos-1_w1,T4,PC,-1,160,1,-45,0.6222262893,1.169656854,15,75,15x5
T4_PC_pos-1_w1,T4,PC,-1,160,1,-40,0.565382842,1.161476201,15,75,15x5
T4_PC_pos-1_w1,T4,PC,-1,160,1,-35,0.5116533548,0.9999668402,15,75,15x5
T4_PC_pos-1_w1,T4,PC,-1,160,1,-30,0.5082625734,1.103763423,15,75,15x5
T4_PC_pos-1_w1,T4,PC,-1,160,1,-25,0.4840769405,1.103042369,15,75,15x5
T4_PC_pos-1_w1,T4,PC,-1,160,1,-20,0.5307139572,1.117479919,15,75,15x5
T4_PC_pos-1_w1,T4,PC,-1,160,1,-15,0.5008146898,1.066661397,15,75,15x5
T4_PC_pos-1_w1,T4,PC,-1,160,1,-10,0.4873126751,1.069643824,15,75,15x5
T4_PC_pos-1_w1,T4,PC,-1,160,1,-5,0.4724707134,1.058546342,15,75,15x5
T4_PC_pos-1_w1,T4,PC,-1,160,1,0,0.4174337171,0.9848938201,15,75,15x5
T4_PC_pos-1_w1,T4,PC,-1,160,1,5,0.4166956829,0.9535369023,15,75,15x5
T4_PC_pos-1_w1,T4,PC,-1,160,1,10,0.3916865254,1.016966685,15,75,15x5
T4_PC_pos-1_w1,T4,PC,-1,160,1,15,0.4591144049,0.9302176265,15,75,15x5
T4_PC_pos-1_w1,T4,PC,-1,160,1,20,0.4238781615,1.017905467,15,75,15x5
T4_PC_pos-1_w1,T4,PC,-1,160,1,25,0.3730593174,1.049560515,15,75,15x5
T4_PC_pos-1_w1,T4,PC,-1,160,1,30,0.2799750073,1.048025734,15,75,15x5
T4_PC_pos-1_w1,T4,PC,-1,160,1,35,0.301036912,1.032478566,15,75,15x5
T4_PC_pos-1_w1,T4,PC,-1,160,1,40,0.2868239084,1.140369887,15,75,15x5
T4_PC_pos-1_w1,T4,PC,-1,160,1,45,0.5071251294,1.325258226,15,75,15x5
T4_PC_pos-1_w1,T4,PC,-1,160,1,50,1.138725516,1.681827238,15,75,15x5
T4_PC_pos-1_w1,T4,PC,-1,160,1,55,2.127910131,2.192815956,15,75,15x5
T4_PC_pos-1_w1,T4,PC,-1,160,1,60,2.90596642,2.285666316,15,75,15x5
T4_PC_pos-1_w1,T4,PC,-1,160,1,65,3.981803172,2.573178601,15,75,15x5
T4_PC_pos-1_w1,T4,PC,-1,160,1,70,4.888403497,2.63509246,15,75,15x5
T4_PC_pos-1_w1,T4,PC,-1,160,1,75,5.812397962,2.779140355,15,75,15x5
T4_PC_pos-1_w1,T4,PC,-1,160,1,80,6.622263265,2.809364401,15,75,15x5
T4_PC_pos-1_w1,T4,PC,-1,160,1,85,7.185155064,2.773126044,15,75,15x5
T4_PC_pos-1_w1,T4,PC,-1,160,1,90,7.895706529,2.925473316,15,75,15x5
T4_PC_pos-1_w1,T4,PC,-1,160,1,95,8.535058198,2.948865929,15,75,15x5
T4_PC_pos-1_w1,T4,PC,-1,160,1,100,9.034543282,3.008296206,15,75,15x5
T4_PC_pos-1_w1,T4,PC,-1,160,1,105,9.626708605,3.404354724,15,75,15x5
T4_PC_pos-1_w1,T4,PC,-1,160,1,110,10.06743651,3.435440595,15,75,15x5
T4_PC_pos-1_w1,T4,PC,-1,160,1,115,10.505749,3.555433944,15,75,15x5
T4_PC_pos-1_w1,T4,PC,-1,160,1,120,10.78221426,3.484703087,15,75,15x5
T4_PC_pos-1_w1,T4,PC,-1,160,1,125,11.13216522,3.299847114,15,75,15x5
T4_PC_pos-1_w1,T4,PC,-1,160,1,130,11.62446015,3.2109755,15,75,15x5
T4_PC_pos-1_w1,T4,PC,-1,160,1,135,11.99913579,3.133624252,15,75,15x5
T4_PC_pos-1_w1,T4,PC,-1,160,1,140,12.20711306,3.010172309,15,75,15x5
T4_PC_pos-1_w1,T4,PC,-1,160,1,145,12.33871076,3.070153781,15,75,15x5
T4_PC_pos-1_w1,T4,PC,-1,160,1,150,12.61806243,3.341611638,15,75,15x5
T4_PC_pos-1_w1,T4,PC,-1,160,1,155,12.84380435,3.469228441,15,75,15x5
T4_PC_pos-1_w1,T4,PC,-1,160,1,160,13.11431561,3.367989953,15,75,15x5
T4_PC_pos-1_w1,T4,PC,-1,160,1,165,13.3245652,3.052380561,15,75,15x5
T4_PC_pos-1_w1,T4,PC,-1,160,1,170,13.77691011,3.195027447,15,75,15x5
T4_PC_pos-1_w1,T4,PC,-1,160,1,175,14.08523278,3.318227259,15,75,15x5
T4_PC_pos-1_w1,T4,PC,-1,160,1,180,14.41499766,3.451547379,15,75,15x5
T4_PC_pos-1_w1,T4,PC,-1,160,1,185,14.61089005,3.287871594,15,75,15x5
T4_PC_pos-1_w1,T4,PC,-1,160,1,190,14.52312519,3.145255421,15,75,15x5
T4_PC_pos-1_w1,T4,PC,-1,160,1,195,14.55015848,3.198927035,15,75,15x5
T4_PC_pos-1_w1,T4,PC,-1,160,1,200,14.24451902,3.222504696,15,75,15x5
T4_PC_pos-1_w1,T4,PC,-1,160,1,205,13.86346892,3.199338345,15,75,15x5
T4_PC_pos-1_w1,T4,PC,-1,160,1,210,13.44970865,2.964632922,15,75,15x5
T4_PC_pos-1_w1,T4,PC,-1,160,1,215,12.95959684,2.78295948,15,75,15x5
T4_PC_pos-1_w1,T4,PC,-1,160,1,220,12.30927332,2.527358493,15,75,15x5
T4_PC_pos-1_w1,T4,PC,-1,160,1,225,11.68618905,2.33673846,15,75,15x5
T4_PC_pos-1_w1,T4,PC,-1,160,1,230,11.02403673,2.332042138,15,75,15x5
T4_PC_pos-1_w1,T4,PC,-1,160,1,235,10.43651052,2.234323542,15,75,15x5
T4_PC_pos-1_w1,T4,PC,-1,160,1,240,9.953048328,2.223025548,15,75,15x5
T4_PC_pos-1_w1,T4,PC,-1,160,1,245,9.507635121,2.13689769,15,75,15x5
T4_PC_pos-1_w1,T4,PC,-1,160,1,250,9.071771975,2.097352745,15,75,15x5
T4_PC_pos-1_w1,T4,PC,-1,160,1,255,8.602547596,2.089140616,15,75,15x5
T4_PC_pos-1_w1,T4,PC,-1,160,1,260,8.101980135,2.095072757,15,75,15x5
T4_PC_pos-1_w1,T4,PC,-1,160,1,265,7.631670673,2.056748181,15,75,15x5
T4_PC_pos-1_w1,T4,PC,-1,160,1,270,7.233276289,1.964674031,15,75,15x5
T4_PC_pos-1_w1,T4,PC,-1,160,1,275,6.874360315,1.843376095,15,75,15x5
T4_PC_pos-1_w1,T4,PC,-1,160,1,280,6.487976432,1.823143111,15,75,15x5
T4_PC_pos-1_w1,T4,PC,-1,160,1,285,6.167663733,1.781628551,15,75,15x5
T4_PC_pos-1_w1,T4,PC,-1,160,1,290,5.83079843,1.727820208,15,75,15x5
T4_PC_pos-1_w1,T4,PC,-1,160,1,295,5.61752692,1.684751292,15,75,15x5
T4_PC_pos-1_w1,T4,PC,-1,160,1,300,5.332087604,1.714552719,15,75,15x5
T4_PC_pos-1_w1,T4,PC,-1,160,1,305,5.161609236,1.689850807,15,75,15x5
T4_PC_pos-1_w1,T4,PC,-1,160,1,310,4.961530705,1.673981741,15,75,15x5
T4_PC_pos-1_w1,T4,PC,-1,160,1,315,4.751150221,1.736687947,15,75,15x5
T4_PC_pos-1_w1,T4,PC,-1,160,1,320,4.615054413,1.687151695,15,75,15x5
T4_PC_pos-1_w1,T4,PC,-1,160,1,325,4.400046721,1.619253353,15,75,15x5
T4_PC_pos-1_w1,T4,PC,-1,160,1,330,4.19121298,1.625982588,15,75,15x5
T4_PC_pos-1_w1,T4,PC,-1,160,1,335,3.97152867,1.714421406,15,75,15x5
T4_PC_pos-1_w1,T4,PC,-1,160,1,340,3.834952561,1.7519059,15,75,15x5
T4_PC_pos-1_w1,T4,PC,-1,160,1,345,3.658725862,1.801258675,15,75,15x5
T4_PC_pos-1_w1,T4,PC,-1,160,1,350,3.583164385,1.861506123,15,75,15x5
T4_PC_pos-1_w1,T4,PC,-1,160,1,355,3.446036057,1.89720275,15,75,15x5
T4_PC_pos-1_w1,T4,PC,-1,160,1,360,3.357159623,1.864684182,15,75,15x5
T4_PC_pos-1_w1,T4,PC,-1,160,1,365,3.182480665,1.708512308,15,75,15x5
T4_PC_pos-1_w1,T4,PC,-1,160,1,370,3.070009216,1.633755189,15,75,15x5
T4_PC_pos-1_w1,T4,PC,-1,160,1,375,2.994906082,1.524680075,15,75,15x5
T4_PC_pos-1_w1,T4,PC,-1,160,1,380,2.857639639,1.50117881,15,75,15x5
T4_PC_pos-1_w1,T4,PC,-1,160,1,385,2.712961067,1.513098532,15,75,15x5
T4_PC_pos-1_w1,T4,PC,-1,160,1,390,2.602898023,1.520294124,15,75,15x5
T4_PC_pos-1_w1,T4,PC,-1,160,1,395,2.515029484,1.513504723,15,75,15x5
T4_PC_pos-1_w1,T4,PC,-1,160,1,400,2.45021121,1.511873425,15,75,15x5
T4_PC_pos-1_w1,T4,PC,-1,160,1,405,2.356036688,1.586502419,15,75,15x5
T4_PC_pos-1_w1,T4,PC,-1,160,1,410,2.312995744,1.535687092,15,75,15x5
T4_PC_pos-1_w1,T4,PC,-1,160,1,415,2.088104067,1.562761383,15,75,15x5
T4_PC_pos-1_w1,T4,PC,-1,160,1,420,1.979230542,1.571534751,15,75,15x5
T4_PC_pos-1_w1,T4,PC,-1,160,1,425,1.851850262,1.585443162,15,75,15x5
T4_PC_pos-1_w1,T4,PC,-1,160,1,430,1.669952622,1.558238047,15,75,15x5
T4_PC_pos-1_w1,T4,PC,-1,160,1,435,1.513138357,1.598437238,15,75,15x5
T4_PC_pos-1_w1,T4,PC,-1,160,1,440,1.351373155,1.551904989,15,75,15x5
T4_PC_pos-1_w1,T4,PC,-1,160,1,445,1.22650657,1.487480251,15,75,15x5
T4_PC_pos-1_w1,T4,PC,-1,160,1,450,1.246417905,1.443478657,15,75,15x5
T4_PC_pos-1_w1,T4,PC,-1,160,1,455,1.257839619,1.408643944,15,75,15x5
T4_PC_pos-1_w1,T4,PC,-1,160,1,460,1.219809724,1.370354455,15,75,15x5
T4_PC_pos-1_w1,T4,PC,-1,160,1,465,1.149247453,1.290065982,15,75,15x5
T4_PC_pos-1_w1,T4,PC,-1,160,1,470,1.066834938,1.298446228,15,75,15x5
T4_PC_pos-1_w1,T4,PC,-1,160,1,475,1.067617111,1.126663614,15,75,15x5
T4_PC_pos-1_w1,T4,PC,-1,160,1,480,0.876604413,1.083982918,15,75,15x5
T4_PC_pos-1_w1,T4,PC,-1,160,1,485,0.7232752108,1.079101868,15,75,15x5
T4_PC_pos-1_w1,T4,PC,-1,160,1,490,0.5293621867,1.071399028,15,75,15x5
T4_PC_pos-1_w1,T4,PC,-1,160,1,495,0.4588382348,1.130404196,15,75,15x5
T4_PC_pos-1_w1,T4,PC,-1,160,1,500,0.4137354875,1.133251737,15,75,15x5
T4_PC_pos-1_w1,T4,PC,-1,160,1,505,0.3939400052,1.146270176,15,75,15x5
T4_PC_pos-1_w1,T4,PC,-1,160,1,510,0.3135780598,1.204368874,15,75,15x5
T4_PC_pos-1_w1,T4,PC,-1,160,1,515,0.2177928746,1.26486367,15,75,15x5
T4_PC_pos-1_w1,T4,PC,-1,160,1,520,0.1723898221,1.321066318,15,75,15x5
T4_PC_pos-1_w1,T4,PC,-1,160,1,525,0.06736495435,1.374234872,15,75,15x5
T4_PC_pos-1_w1,T4,PC,-1,160,1,530,0.05565502354,1.339124005,15,75,15x5
T4_PC_pos-1_w1,T4,PC,-1,160,1,535,0.04760520669,1.342740175,15,75,15x5
T4_PC_pos-1_w1,T4,PC,-1,160,1,540,0.06092657421,1.261501863,15,75,15x5
T4_PC_pos-1_w1,T4,PC,-1,160,1,545,0.1748495494,1.324397946,15,75,15x5
T4_PC_pos-1_w1,T4,PC,-1,160,1,550,0.2164766963,1.325481537,15,75,15x5
T4_PC_pos-1_w1,T4,PC,-1,160,1,555,0.2350719548,1.311964949,15,75,15x5
T4_PC_pos-1_w1,T4,PC,-1,160,1,560,0.2625567329,1.34437708,15,75,15x5
T4_PC_pos-1_w1,T4,PC,-1,160,1,565,0.258631967,1.338708788,15,75,15x5
T4_PC_pos-1_w1,T4,PC,-1,160,1,570,0.1541710797,1.332520173,15,75,15x5
T4_PC_pos-1_w1,T4,PC,-1,160,1,575,0.1074665417,1.275481057,15,75,15x5
T4_PC_pos-1_w1,T4,PC,-1,160,1,580,0.04711247165,1.206023976,15,75,15x5
T4_PC_pos-1_w1,T4,PC,-1,160,1,585,0.01078231292,1.133012773,15,75,15x5
T4_PC_pos-1_w1,T4,PC,-1,160,1,590,-0.02692529799,1.199455733,15,75,15x5
T4_PC_pos-1_w1,T4,PC,-1,160,1,595,-0.07715787837,1.209930765,15,75,15x5
T4_PC_pos-1_w1,T4,PC,-1,160,1,600,-0.1658407844,1.320292487,15,75,15x5
T4_PC_pos-1_w1,T4,PC,-1,160,1,605,-0.2587134136,1.340167043,15,75,15x5
T4_PC_pos-1_w1,T4,PC,-1,160,1,610,-0.2480910286,1.472432659,15,75,15x5
T4_PC_pos-1_w1,T4,PC,-1,160,1,615,-0.2572512443,1.460850599,15,75,15x5
T4_PC_pos-1_w1,T4,PC,-1,160,1,620,-0.2320906216,1.492031523,15,75,15x5
T4_PC_pos-1_w1,T4,PC,-1,160,1,625,-0.2325699256,1.460991316,15,75,15x5
T4_PC_pos-1_w1,T4,PC,-1,160,1,630,-0.1967873859,1.564393882,15,75,15x5
T4_PC_pos-1_w1,T4,PC,-1,160,1,635,-0.2250431857,1.594332515,15,75,15x5
T4_PC_pos-1_w1,T4,PC,-1,160,1,640,-0.2116814437,1.616113953,15,75,15x5
T4_PC_pos-1_w1,T4,PC,-1,160,1,645,-0.1400646549,1.746593849,15,75,15x5
T4_PC_pos-1_w1,T4,PC,-1,160,1,650,-0.1169910489,1.728119,15,75,15x5
T4_PC_pos-1_w1,T4,PC,-1,160,1,655,-0.09526591663,1.822894189,15,75,15x5
T4_PC_pos-1_w1,T4,PC,-1,160,1,660,-0.05710741032,1.843409201,15,75,15x5
T4_PC_pos-1_w1,T4,PC,-1,160,1,665,-0.1014029944,1.807835726,15,75,15x5
T4_PC_pos-1_w1,T4,PC,-1,160,1,670,-0.1341258067,1.61338489,15,75,15x5
T4_PC_pos-1_w1,T4,PC,-1,160,1,675,-0.168131464,1.519908939,15,75,15x5
T4_PC_pos-1_w1,T4,PC,-1,160,1,680,-0.2306089976,1.408149231,15,75,15x5
T4_PC_pos-1_w1,T4,PC,-1,160,1,685,-0.3504211669,1.361019824,15,75,15x5
T4_PC_pos-1_w1,T4,PC,-1,160,1,690,-0.4168325019,1.194976281,15,75,15x5
T4_PC_pos-1_w1,T4,PC,-1,160,1,695,-0.5099095674,1.161900104,15,75,15x5
T4_PC_pos-1_w1,T4,PC,-1,160,1,700,-0.5352757864,1.1515306,15,75,15x5
T4_PC_pos-1_w1,T4,PC,-1,160,1,705,-0.6368409675,1.115598854,15,75,15x5
T4_PC_pos-1_w1,T4,PC,-1,160,1,710,-0.6055807314,1.123646388,15,75,15x5
T4_PC_pos-1_w1,T4,PC,-1,160,1,715,-0.6675894616,1.16505172,15,75,15x5
T4_PC_pos-1_w1,T4,PC,-1,160,1,720,-0.6153394413,1.098022312,15,75,15x5
T4_PC_pos-1_w1,T4,PC,-1,160,1,725,-0.5780526688,1.159407646,15,75,15x5
T4_PC_pos-1_w1,T4,PC,-1,160,1,730,-0.5097824408,1.199139129,15,75,15x5
T4_PC_pos-1_w1,T4,PC,-1,160,1,735,-0.4431935316,1.295276675,15,75,15x5
T4_PC_pos-1_w1,T4,PC,-1,160,1,740,-0.482967219,1.315671774,15,75,15x5
T4_PC_pos-1_w1,T4,PC,-1,160,1,745,-0.4652926973,1.381633905,15,75,15x5
T4_PC_pos-1_w1,T4,PC,-1,160,1,750,-0.450389075,1.354722664,15,75,15x5
T4_PC_pos+0_w1,T4,PC,0,160,1,-200,0.2325887478,0.5854373058,15,75,15x5
T4_PC_pos+0_w1,T4,PC,0,160,1,-195,0.2249845535,0.624407146,15,75,15x5
T4_PC_pos+0_w1,T4,PC,0,160,1,-190,0.1611564829,0.5994075663,15,75,15x5
T4_PC_pos+0_w1,T4,PC,0,160,1,-185,0.09310965183,0.5309696893,15,75,15x5
T4_PC_pos+0_w1,T4,PC,0,160,1,-180,0.0006102159787,0.4439587991,15,75,15x5
T4_PC_pos+0_w1,T4,PC,0,160,1,-175,0.001309836112,0.4178411462,15,75,15x5
T4_PC_pos+0_w1,T4,PC,0,160,1,-170,-0.03648924701,0.3984492869,15,75,15x5
T4_PC_pos+0_w1,T4,PC,0,160,1,-165,-0.08466986927,0.385673399,15,75,15x5
T4_PC_pos+0_w1,T4,PC,0,160,1,-160,-0.1276146992,0.4588308398,15,75,15x5
T4_PC_pos+0_w1,T4,PC,0,160,1,-155,-0.167689429,0.4067388538,15,75,15x5
T4_PC_pos+0_w1,T4,PC,0,160,1,-150,-0.1275849396,0.5386257337,15,75,15x5
T4_PC_pos+0_w1,T4,PC,0,160,1,-145,-0.07423865912,0.5489967879,15,75,15x5
T4_PC_pos+0_w1,T4,PC,0,160,1,-140,-0.1460660276,0.5855521718,15,75,15x5
T4_PC_pos+0_w1,T4,PC,0,160,1,-135,-0.1261972525,0.4857265563,15,75,15x5
T4_PC_pos+0_w1,T4,PC,0,160,1,-130,-0.1630997024,0.6512243905,15,75,15x5
T4_PC_pos+0_w1,T4,PC,0,160,1,-125,-0.1422298826,0.4967831688,15,75,15x5
T4_PC_pos+0_w1,T4,PC,0,160,1,-120,-0.1962795333,0.523404762,15,75,15x5
T4_PC_pos+0_w1,T4,PC,0,160,1,-115,-0.3145600379,0.4343847085,15,75,15x5
T4_PC_pos+0_w1,T4,PC,0,160,1,-110,-0.2891484497,0.4424304302,15,75,15x5
T4_PC_pos+0_w1,T4,PC,0,160,1,-105,-0.2456959942,0.4053442623,15,75,15x5
T4_PC_pos+0_w1,T4,PC,0,160,1,-100,-0.2568098062,0.3769204068,15,75,15x5
T4_PC_pos+0_w1,T4,PC,0,160,1,-95,-0.2817555937,0.357556244,15,75,15x5
T4_PC_pos+0_w1,T4,PC,0,160,1,-90,-0.2214905585,0.4574796038,15,75,15x5
T4_PC_pos+0_w1,T4,PC,0,160,1,-85,-0.0970633957,0.6326496219,15,75,15x5
T4_PC_pos+0_w1,T4,PC,0,160,1,-80,-0.04237394492,0.587361112,15,75,15x5
T4_PC_pos+0_w1,T4,PC,0,160,1,-75,-0.01895569661,0.6310186667,15,75,15x5
T4_PC_pos+0_w1,T4,PC,0,160,1,-70,-0.02023135007,0.721269717,15,75,15x5
T4_PC_pos+0_w1,T4,PC,0,160,1,-65,0.03765627938,0.7672061639,15,75,15x5
T4_PC_pos+0_w1,T4,PC,0,160,1,-60,0.1383183447,0.894615411,15,75,15x5
T4_PC_pos+0_w1,T4,PC,0,160,1,-55,0.2648339543,1.103304876,15,75,15x5
T4_PC_pos+0_w1,T4,PC,0,160,1,-50,0.2872006164,1.230399112,15,75,15x5
T4_PC_pos+0_w1,T4,PC,0,160,1,-45,0.3350090413,1.218025548,15,75,15x5
T4_PC_pos+0_w1,T4,PC,0,160,1,-40,0.2715207415,1.263867053,15,75,15x5
T4_PC_pos+0_w1,T4,PC,0,160,1,-35,0.2265837643,1.229910558,15,75,15x5
T4_PC_pos+0_w1,T4,PC,0,160,1,-30,0.3277686635,1.182987861,15,75,15x5
T4_PC_pos+0_w1,T4,PC,0,160,1,-25,0.4075939179,1.186799321,15,75,15x5
T4_PC_pos+0_w1,T4,PC,0,160,1,-20,0.4292033524,1.220292152,15,75,15x5
T4_PC_pos+0_w1,T4,PC,0,160,1,-15,0.4327768024,1.261562599,15,75,15x5
T4_PC_pos+0_w1,T4,PC,0,160,1,-10,0.3338277487,1.330775814,15,75,15x5
T4_PC_pos+0_w1,T4,PC,0,160,1,-5,0.254064814,1.19346696,15,75,15x5
T4_PC_pos+0_w1,T4,PC,0,160,1,0,0.2287565914,1.393077977,15,75,15x5
T4_PC_pos+0_w1,T4,PC,0,160,1,5,0.1398719975,1.195688668,15,75,15x5
T4_PC_pos+0_w1,T4,PC,0,160,1,10,0.08850024334,1.184401099,15,75,15x5
T4_PC_pos+0_w1,T4,PC,0,160,1,15,0.01802611839,1.058637857,15,75,15x5
T4_PC_pos+0_w1,T4,PC,0,160,1,20,0.005777876405,1.016778834,15,75,15x5
T4_PC_pos+0_w1,T4,PC,0,160,1,25,0.06012938118,0.975576626,15,75,15x5
T4_PC_pos+0_w1,T4,PC,0,160,1,30,0.1166914092,0.8497057621,15,75,15x5
T4_PC_pos+0_w1,T4,PC,0,160,1,35,0.2576178212,0.6852820313,15,75,15x5
T4_PC_pos+0_w1,T4,PC,0,160,1,40,0.6015208172,0.829477166,15,75,15x5
T4_PC_pos+0_w1,T4,PC,0,160,1,45,1.331941929,1.281677672,15,75,15x5
T4_PC_pos+0_w1,T4,PC,0,160,1,50,2.376341148,1.854708609,15,75,15x5
T4_PC_pos+0_w1,T4,PC,0,160,1,55,3.651305731,2.362720924,15,75,15x5
T4_PC_pos+0_w1,T4,PC,0,160,1,60,4.93416495,2.770469376,15,75,15x5
T4_PC_pos+0_w1,T4,PC,0,160,1,65,6.277094158,3.245802638,15,75,15x5
T4_PC_pos+0_w1,T4,PC,0,160,1,70,7.379692751,3.668897059,15,75,15x5
T4_PC_pos+0_w1,T4,PC,0,160,1,75,8.037300445,3.924674227,15,75,15x5
T4_PC_pos+0_w1,T4,PC,0,160,1,80,8.8573188,4.152810324,15,75,15x5
T4_PC_pos+0_w1,T4,PC,0,160,1,85,9.74956011,4.477901981,15,75,15x5
T4_PC_pos+0_w1,T4,PC,0,160,1,90,10.61117083,4.604752767,15,75,15x5
T4_PC_pos+0_w1,T4,PC,0,160,1,95,11.41978719,4.406630372,15,75,15x5
T4_PC_pos+0_w1,T4,PC,0,160,1,100,11.99198896,4.363080387,15,75,15x5
T4_PC_pos+0_w1,T4,PC,0,160,1,105,12.62196463,4.233040713,15,75,15x5
T4_PC_pos+0_w1,T4,PC,0,160,1,110,13.27358769,4.182240384,15,75,15x5
T4_PC_pos+0_w1,T4,PC,0,160,1,115,13.92440498,4.409276635,15,75,15x5
T4_PC_pos+0_w1,T4,PC,0,160,1,120,14.36090675,4.403820826,15,75,15x5
T4_PC_pos+0_w1,T4,PC,0,160,1,125,14.64023928,4.134711725,15,75,15x5
T4_PC_pos+0_w1,T4,PC,0,160,1,130,14.86874422,3.900522099,15,75,15x5
T4_PC_pos+0_w1,T4,PC,0,160,1,135,14.84654433,3.954600618,15,75,15x5
T4_PC_pos+0_w1,T4,PC,0,160,1,140,15.13503254,3.972482308,15,75,15x5
T4_PC_pos+0_w1,T4,PC,0,160,1,145,15.22716712,4.10801656,15,75,15x5
T4_PC_pos+0_w1,T4,PC,0,160,1,150,15.56817946,4.342671056,15,75,15x5
T4_PC_pos+0_w1,T4,PC,0,160,1,155,15.54492425,4.214288505,15,75,15x5
T4_PC_pos+0_w1,T4,PC,0,160,1,160,15.87967495,4.467696365,15,75,15x5
T4_PC_pos+0_w1,T4,PC,0,160,1,165,15.98673775,4.512818181,15,75,15x5
T4_PC_pos+0_w1,T4,PC,0,160,1,170,16.08947755,4.602838483,15,75,15x5
T4_PC_pos+0_w1,T4,PC,0,160,1,175,16.00414119,4.426279553,15,75,15x5
T4_PC_pos+0_w1,T4,PC,0,160,1,180,16.32076838,4.807918556,15,75,15x5
T4_PC_pos+0_w1,T4,PC,0,160,1,185,16.63329321,4.955802751,15,75,15x5
T4_PC_pos+0_w1,T4,PC,0,160,1,190,16.44279515,4.807721506,15,75,15x5
T4_PC_pos+0_w1,T4,PC,0,160,1,195,16.05030348,4.392295054,15,75,15x5
T4_PC_pos+0_w1,T4,PC,0,160,1,200,15.51937358,4.331079816,15,75,15x5
T4_PC_pos+0_w1,T4,PC,0,160,1,205,14.82451457,4.206687093,15,75,15x5
T4_PC_pos+0_w1,T4,PC,0,160,1,210,13.93120263,3.902791945,15,75,15x5
T4_PC_pos+0_w1,T4,PC,0,160,1,215,13.0840838,3.723145278,15,75,15x5
T4_PC_pos+0_w1,T4,PC,0,160,1,220,12.37073692,3.570939161,15,75,15x5
T4_PC_pos+0_w1,T4,PC,0,160,1,225,11.69311096,3.436616437,15,75,15x5
T4_PC_pos+0_w1,T4,PC,0,160,1,230,11.00565637,3.337867814,15,75,15x5
T4_PC_pos+0_w1,T4,PC,0,160,1,235,10.30219685,3.276195837,15,75,15x5
T4_PC_pos+0_w1,T4,PC,0,160,1,240,9.665764837,3.310933092,15,75,15x5
T4_PC_pos+0_w1,T4,PC,0,160,1,245,8.965993141,3.264124377,15,75,15x5
T4_PC_pos+0_w1,T4,PC,0,160,1,250,8.438031024,3.330844689,15,75,15x5
T4_PC_pos+0_w1,T4,PC,0,160,1,255,7.867617634,3.239099222,15,75,15x5
T4_PC_pos+0_w1,T4,PC,0,160,1,260,7.394551588,3.265266311,15,75,15x5
T4_PC_pos+0_w1,T4,PC,0,160,1,265,6.8923711,3.245344641,15,75,15x5
T4_PC_pos+0_w1,T4,PC,0,160,1,270,6.548520504,3.205421222,15,75,15x5
T4_PC_pos+0_w1,T4,PC,0,160,1,275,6.221210605,3.081444401,15,75,15x5
T4_PC_pos+0_w1,T4,PC,0,160,1,280,5.9198038,3.063869007,15,75,15x5
T4_PC_pos+0_w1,T4,PC,0,160,1,285,5.564958576,3.077934303,15,75,15x5
T4_PC_pos+0_w1,T4,PC,0,160,1,290,5.238380576,3.083077795,15,75,15x5
T4_PC_pos+0_w1,T4,PC,0,160,1,295,4.977714968,2.99862576,15,75,15x5
T4_PC_pos+0_w1,T4,PC,0,160,1,300,4.630368692,3.030296436,15,75,15x5
T4_PC_pos+0_w1,T4,PC,0,160,1,305,4.384098174,2.934894282,15,75,15x5
T4_PC_pos+0_w1,T4,PC,0,160,1,310,4.202495911,2.810926716,15,75,15x5
T4_PC_pos+0_w1,T4,PC,0,160,1,315,3.879955772,2.750169124,15,75,15x5
T4_PC_pos+0_w1,T4,PC,0,160,1,320,3.605558566,2.703233022,15,75,15x5
T4_PC_pos+0_w1,T4,PC,0,160,1,325,3.327115519,2.635085314,15,75,15x5
T4_PC_pos+0_w1,T4,PC,0,160,1,330,3.134618107,2.534556765,15,75,15x5
T4_PC_pos+0_w1,T4,PC,0,160,1,335,2.886127292,2.504633006,15,75,15x5
T4_PC_pos+0_w1,T4,PC,0,160,1,340,2.638890921,2.577638383,15,75,15x5
T4_PC_pos+0_w1,T4,PC,0,160,1,345,2.431152218,2.50994461,15,75,15x5
T4_PC_pos+0_w1,T4,PC,0,160,1,350,2.172603734,2.553637972,15,75,15x5
T4_PC_pos+0_w1,T4,PC,0,160,1,355,2.00139812,2.50007319,15,75,15x5
T4_PC_pos+0_w1,T4,PC,0,160,1,360,1.847141518,2.407663372,15,75,15x5
T4_PC_pos+0_w1,T4,PC,0,160,1,365,1.649327738,2.288526945,15,75,15x5
T4_PC_pos+0_w1,T4,PC,0,160,1,370,1.546287323,2.15482378,15,75,15x5
T4_PC_pos+0_w1,T4,PC,0,160,1,375,1.460822849,2.057439617,15,75,15x5
T4_PC_pos+0_w1,T4,PC,0,160,1,380,1.362407026,1.891938179,15,75,15x5
T4_PC_pos+0_w1,T4,PC,0,160,1,385,1.281378677,1.800858655,15,75,15x5
T4_PC_pos+0_w1,T4,PC,0,160,1,390,1.114126004,1.746793524,15,75,15x5
T4_PC_pos+0_w1,T4,PC,0,160,1,395,1.025324889,1.699207043,15,75,15x5
T4_PC_pos+0_w1,T4,PC,0,160,1,400,0.8919811482,1.687479923,15,75,15x5
T4_PC_pos+0_w1,T4,PC,0,160,1,405,0.7549399847,1.75078419,15,75,15x5
T4_PC_pos+0_w1,T4,PC,0,160,1,410,0.6423102725,1.836978268,15,75,15x5
T4_PC_pos+0_w1,T4,PC,0,160,1,415,0.5931650344,1.974147628,15,75,15x5
T4_PC_pos+0_w1,T4,PC,0,160,1,420,0.5509029103,1.939819244,15,75,15x5
T4_PC_pos+0_w1,T4,PC,0,160,1,425,0.5314662724,1.915436014,15,75,15x5
T4_PC_pos+0_w1,T4,PC,0,160,1,430,0.515632064,1.836491594,15,75,15x5
T4_PC_pos+0_w1,T4,PC,0,160,1,435,0.5608961123,1.757876864,15,75,15x5
T4_PC_pos+0_w1,T4,PC,0,160,1,440,0.5389116631,1.745450177,15,75,15x5
T4_PC_pos+0_w1,T4,PC,0,160,1,445,0.4972858943,1.661891167,15,75,15x5
T4_PC_pos+0_w1,T4,PC,0,160,1,450,0.3463888315,1.667209883,15,75,15x5
T4_PC_pos+0_w1,T4,PC,0,160,1,455,0.2979053591,1.626036059,15,75,15x5
T4_PC_pos+0_w1,T4,PC,0,160,1,460,0.1971054089,1.604143683,15,75,15x5
T4_PC_pos+0_w1,T4,PC,0,160,1,465,0.1393174346,1.687425878,15,75,15x5
T4_PC_pos+0_w1,T4,PC,0,160,1,470,0.1156483542,1.574083307,15,75,15x5
T4_PC_pos+0_w1,T4,PC,0,160,1,475,-0.02609649953,1.610042467,15,75,15x5
T4_PC_pos+0_w1,T4,PC,0,160,1,480,-0.1546637937,1.56869114,15,75,15x5
T4_PC_pos+0_w1,T4,PC,0,160,1,485,-0.2682598661,1.614693852,15,75,15x5
T4_PC_pos+0_w1,T4,PC,0,160,1,490,-0.2558945301,1.619153608,15,75,15x5
T4_PC_pos+0_w1,T4,PC,0,160,1,495,-0.2969486521,1.650721298,15,75,15x5
T4_PC_pos+0_w1,T4,PC,0,160,1,500,-0.2899543445,1.657272589,15,75,15x5
T4_PC_pos+0_w1,T4,PC,0,160,1,505,-0.2473251309,1.673034072,15,75,15x5
T4_PC_pos+0_w1,T4,PC,0,160,1,510,-0.1970344783,1.742313521,15,75,15x5
T4_PC_pos+0_w1,T4,PC,0,160,1,515,-0.2296928501,1.699177141,15,75,15x5
T4_PC_pos+0_w1,T4,PC,0,160,1,520,-0.2856704662,1.623925004,15,75,15x5
T4_PC_pos+0_w1,T4,PC,0,160,1,525,-0.2896713333,1.540790854,15,75,15x5
T4_PC_pos+0_w1,T4,PC,0,160,1,530,-0.3123974922,1.477489003,15,75,15x5
T4_PC_pos+0_w1,T4,PC,0,160,1,535,-0.3279794858,1.399234883,15,75,15x5
T4_PC_pos+0_w1,T4,PC,0,160,1,540,-0.2921395523,1.458631964,15,75,15x5
T4_PC_pos+0_w1,T4,PC,0,160,1,545,-0.3236869531,1.38024804,15,75,15x5
T4_PC_pos+0_w1,T4,PC,0,160,1,550,-0.4226279324,1.306426776,15,75,15x5
T4_PC_pos+0_w1,T4,PC,0,160,1,555,-0.4818906138,1.218329326,15,75,15x5
T4_PC_pos+0_w1,T4,PC,0,160,1,560,-0.5572065468,1.271262545,15,75,15x5
T4_PC_pos+0_w1,T4,PC,0,160,1,565,-0.6589039499,1.262688803,15,75,15x5
T4_PC_pos+0_w1,T4,PC,0,160,1,570,-0.6110296463,1.108793394,15,75,15x5
T4_PC_pos+0_w1,T4,PC,0,160,1,575,-0.5918464419,1.203578844,15,75,15x5
T4_PC_pos+0_w1,T4,PC,0,160,1,580,-0.5550371543,1.211028375,15,75,15x5
T4_PC_pos+0_w1,T4,PC,0,160,1,585,-0.6555458121,1.201791034,15,75,15x5
T4_PC_pos+0_w1,T4,PC,0,160,1,590,-0.7245635461,1.262980547,15,75,15x5
T4_PC_pos+0_w1,T4,PC,0,160,1,595,-0.7989934482,1.184875806,15,75,15x5
T4_PC_pos+0_w1,T4,PC,0,160,1,600,-0.8045319628,1.223632992,15,75,15x5
T4_PC_pos+0_w1,T4,PC,0,160,1,605,-0.8613997962,1.165505531,15,75,15x5
T4_PC_pos+0_w1,T4,PC,0,160,1,610,-0.8519065253,1.269846122,15,75,15x5
T4_PC_pos+0_w1,T4,PC,0,160,1,615,-0.9552132826,1.138249498,15,75,15x5
T4_PC_pos+0_w1,T4,PC,0,160,1,620,-0.9115685895,1.086322805,15,75,15x5
T4_PC_pos+0_w1,T4,PC,0,160,1,625,-0.8447269533,1.217567729,15,75,15x5
T4_PC_pos+0_w1,T4,PC,0,160,1,630,-0.8444381097,1.186564036,15,75,15x5
T4_PC_pos+0_w1,T4,PC,0,160,1,635,-0.8653050748,1.110257573,15,75,15x5
T4_PC_pos+0_w1,T4,PC,0,160,1,640,-0.8924241439,1.142895205,15,75,15x5
T4_PC_pos+0_w1,T4,PC,0,160,1,645,-0.8201079781,1.107238174,15,75,15x5
T4_PC_pos+0_w1,T4,PC,0,160,1,650,-0.8809227782,1.146742011,15,75,15x5
T4_PC_pos+0_w1,T4,PC,0,160,1,655,-0.9054494062,1.125120695,15,75,15x5
T4_PC_pos+0_w1,T4,PC,0,160,1,660,-0.9208185465,1.036816689,15,75,15x5
T4_PC_pos+0_w1,T4,PC,0,160,1,665,-0.9673490161,1.038956915,15,75,15x5
T4_PC_pos+0_w1,T4,PC,0,160,1,670,-0.9344203927,0.9462640469,15,75,15x5
T4_PC_pos+0_w1,T4,PC,0,160,1,675,-0.9663800171,0.9589624575,15,75,15x5
T4_PC_pos+0_w1,T4,PC,0,160,1,680,-0.8935534864,0.864823802,15,75,15x5
T4_PC_pos+0_w1,T4,PC,0,160,1,685,-0.8847531427,0.8512570626,15,75,15x5
T4_PC_pos+0_w1,T4,PC,0,160,1,690,-0.941058393,0.8825595892,15,75,15x5
T4_PC_pos+0_w1,T4,PC,0,160,1,695,-0.9769982485,0.9052004109,15,75,15x5
T4_PC_pos+0_w1,T4,PC,0,160,1,700,-1.052051537,0.9229736531,15,75,15x5
T4_PC_pos+0_w1,T4,PC,0,160,1,705,-1.03527257,0.9896361081,15,75,15x5
T4_PC_pos+0_w1,T4,PC,0,160,1,710,-1.031028209,0.9994338048,15,75,15x5
T4_PC_pos+0_w1,T4,PC,0,160,1,715,-1.019901699,1.09414832,15,75,15x5
T4_PC_pos+0_w1,T4,PC,0,160,1,720,-1.082300407,1.043412091,15,75,15x5
T4_PC_pos+0_w1,T4,PC,0,160,1,725,-1.085275752,1.108212046,15,75,15x5
T4_PC_pos+0_w1,T4,PC,0,160,1,730,-0.9734881956,1.189724372,15,75,15x5
T4_PC_pos+0_w1,T4,PC,0,160,1,735,-1.045088981,1.231473905,15,75,15x5
T4_PC_pos+0_w1,T4,PC,0,160,1,740,-1.0795497,1.302896781,15,75,15x5
T4_PC_pos+0_w1,T4,PC,0,160,1,745,-1.206283809,1.139923523,15,75,15x5
T4_PC_pos+0_w1,T4,PC,0,160,1,750,-1.282660644,1.09496122,15,75,15x5
T4_PC_pos+1_w1,T4,PC,1,160,1,-200,0.01063223594,0.6017073583,15,75,15x5
T4_PC_pos+1_w1,T4,PC,1,160,1,-195,0.05237356683,0.6695038206,15,75,15x5
T4_PC_pos+1_w1,T4,PC,1,160,1,-190,0.09315266736,0.8538418037,15,75,15x5
T4_PC_pos+1_w1,T4,PC,1,160,1,-185,0.03696817407,0.5519780507,15,75,15x5
T4_PC_pos+1_w1,T4,PC,1,160,1,-180,0.00420488551,0.5027385433,15,75,15x5
T4_PC_pos+1_w1,T4,PC,1,160,1,-175,-0.03327783732,0.4547739127,15,75,15x5
T4_PC_pos+1_w1,T4,PC,1,160,1,-170,-0.04387462202,0.4918739614,15,75,15x5
T4_PC_pos+1_w1,T4,PC,1,160,1,-165,-0.10369776,0.6214205326,15,75,15x5
T4_PC_pos+1_w1,T4,PC,1,160,1,-160,-0.117487178,0.6604360216,15,75,15x5
T4_PC_pos+1_w1,T4,PC,1,160,1,-155,-0.1506587897,0.6356641763,15,75,15x5
T4_PC_pos+1_w1,T4,PC,1,160,1,-150,-0.06587439817,0.689500893,15,75,15x5
T4_PC_pos+1_w1,T4,PC,1,160,1,-145,0.03425128356,0.6394045103,15,75,15x5
T4_PC_pos+1_w1,T4,PC,1,160,1,-140,-0.005799632194,0.6255191956,15,75,15x5
T4_PC_pos+1_w1,T4,PC,1,160,1,-135,0.009746358852,0.5076538624,15,75,15x5
T4_PC_pos+1_w1,T4,PC,1,160,1,-130,0.06618591929,0.5922553418,15,75,15x5
T4_PC_pos+1_w1,T4,PC,1,160,1,-125,0.1463564118,0.5391946478,15,75,15x5
T4_PC_pos+1_w1,T4,PC,1,160,1,-120,0.1755227121,0.5686814258,15,75,15x5
T4_PC_pos+1_w1,T4,PC,1,160,1,-115,0.1426141855,0.5571774336,15,75,15x5
T4_PC_pos+1_w1,T4,PC,1,160,1,-110,0.0953401114,0.4790165747,15,75,15x5
T4_PC_pos+1_w1,T4,PC,1,160,1,-105,0.06281795022,0.3745671923,15,75,15x5
T4_PC_pos+1_w1,T4,PC,1,160,1,-100,-0.0410597258,0.5481027817,15,75,15x5
T4_PC_pos+1_w1,T4,PC,1,160,1,-95,-0.07508441038,0.6057845971,15,75,15x5
T4_PC_pos+1_w1,T4,PC,1,160,1,-90,-0.1454667669,0.7327895779,15,75,15x5
T4_PC_pos+1_w1,T4,PC,1,160,1,-85,-0.1097809305,0.6339191976,15,75,15x5
T4_PC_pos+1_w1,T4,PC,1,160,1,-80,-0.1001310933,0.6765369368,15,75,15x5
T4_PC_pos+1_w1,T4,PC,1,160,1,-75,-0.08641977871,0.6812131876,15,75,15x5
T4_PC_pos+1_w1,T4,PC,1,160,1,-70,-0.02000107705,0.7406677938,15,75,15x5
T4_PC_pos+1_w1,T4,PC,1,160,1,-65,-0.01024678319,0.8023094299,15,75,15x5
T4_PC_pos+1_w1,T4,PC,1,160,1,-60,0.08887969219,0.8655826594,15,75,15x5
T4_PC_pos+1_w1,T4,PC,1,160,1,-55,0.1602269246,1.073983788,15,75,15x5
T4_PC_pos+1_w1,T4,PC,1,160,1,-50,0.2013279014,0.9976072367,15,75,15x5
T4_PC_pos+1_w1,T4,PC,1,160,1,-45,0.3181614993,1.213433605,15,75,15x5
T4_PC_pos+1_w1,T4,PC,1,160,1,-40,0.288613636,1.133524357,15,75,15x5
T4_PC_pos+1_w1,T4,PC,1,160,1,-35,0.2774428993,0.9665707768,15,75,15x5
T4_PC_pos+1_w1,T4,PC,1,160,1,-30,0.3139295497,0.8228840312,15,75,15x5
T4_PC_pos+1_w1,T4,PC,1,160,1,-25,0.3405039291,0.7724156811,15,75,15x5
T4_PC_pos+1_w1,T4,PC,1,160,1,-20,0.3750731598,0.7210289676,15,75,15x5
T4_PC_pos+1_w1,T4,PC,1,160,1,-15,0.2728045396,0.648091638,15,75,15x5
T4_PC_pos+1_w1,T4,PC,1,160,1,-10,0.2923087317,0.6057519379,15,75,15x5
T4_PC_pos+1_w1,T4,PC,1,160,1,-5,0.3392596678,0.6359033491,15,75,15x5
T4_PC_pos+1_w1,T4,PC,1,160,1,0,0.3339893584,0.6117602444,15,75,15x5
T4_PC_pos+1_w1,T4,PC,1,160,1,5,0.3725294073,0.6316149672,15,75,15x5
T4_PC_pos+1_w1,T4,PC,1,160,1,10,0.3992072054,0.6729215421,15,75,15x5
T4_PC_pos+1_w1,T4,PC,1,160,1,15,0.3634936523,0.7150323645,15,75,15x5
T4_PC_pos+1_w1,T4,PC,1,160,1,20,0.3762938151,0.796229897,15,75,15x5
T4_PC_pos+1_w1,T4,PC,1,160,1,25,0.3384780845,0.8306680651,15,75,15x5
T4_PC_pos+1_w1,T4,PC,1,160,1,30,0.3711765583,0.8402891731,15,75,15x5
T4_PC_pos+1_w1,T4,PC,1,160,1,35,0.5964414748,0.6425385002,15,75,15x5
T4_PC_pos+1_w1,T4,PC,1,160,1,40,1.092096725,0.7886053772,15,75,15x5
T4_PC_pos+1_w1,T4,PC,1,160,1,45,2.035659668,1.579121428,15,75,15x5
T4_PC_pos+1_w1,T4,PC,1,160,1,50,3.459873831,2.409698711,15,75,15x5
T4_PC_pos+1_w1,T4,PC,1,160,1,55,5.06073071,3.299788198,15,75,15x5
T4_PC_pos+1_w1,T4,PC,1,160,1,60,6.634936428,3.695621856,15,75,15x5
T4_PC_pos+1_w1,T4,PC,1,160,1,65,8.315017421,4.244784414,15,75,15x5
T4_PC_pos+1_w1,T4,PC,1,160,1,70,9.63900049,4.423671127,15,75,15x5
T4_PC_pos+1_w1,T4,PC,1,160,1,75,10.73738429,4.810731483,15,75,15x5
T4_PC_pos+1_w1,T4,PC,1,160,1,80,11.59736797,4.893386762,15,75,15x5
T4_PC_pos+1_w1,T4,PC,1,160,1,85,12.21038059,4.97021044,15,75,15x5
T4_PC_pos+1_w1,T4,PC,1,160,1,90,13.0344941,5.077933471,15,75,15x5
T4_PC_pos+1_w1,T4,PC,1,160,1,95,13.57574874,4.946198277,15,75,15x5
T4_PC_pos+1_w1,T4,PC,1,160,1,100,13.86403492,4.800746701,15,75,15x5
T4_PC_pos+1_w1,T4,PC,1,160,1,105,14.2013801,4.686267923,15,75,15x5
T4_PC_pos+1_w1,T4,PC,1,160,1,110,14.37192015,4.624579719,15,75,15x5
T4_PC_pos+1_w1,T4,PC,1,160,1,115,14.61968132,4.714366773,15,75,15x5
T4_PC_pos+1_w1,T4,PC,1,160,1,120,14.90244593,4.797592216,15,75,15x5
T4_PC_pos+1_w1,T4,PC,1,160,1,125,15.06070977,4.576752411,15,75,15x5
T4_PC_pos+1_w1,T4,PC,1,160,1,130,15.2405208,4.728874714,15,75,15x5
T4_PC_pos+1_w1,T4,PC,1,160,1,135,15.52246191,4.759718946,15,75,15x5
T4_PC_pos+1_w1,T4,PC,1,160,1,140,15.77986044,4.815741197,15,75,15x5
T4_PC_pos+1_w1,T4,PC,1,160,1,145,16.10058203,4.723820188,15,75,15x5
T4_PC_pos+1_w1,T4,PC,1,160,1,150,15.98858928,4.501621588,15,75,15x5
T4_PC_pos+1_w1,T4,PC,1,160,1,155,16.14604778,4.525059003,15,75,15x5
T4_PC_pos+1_w1,T4,PC,1,160,1,160,16.11596134,4.721311381,15,75,15x5
T4_PC_pos+1_w1,T4,PC,1,160,1,165,16.22902035,4.413229199,15,75,15x5
T4_PC_pos+1_w1,T4,PC,1,160,1,170,16.50415808,4.518031315,15,75,15x5
T4_PC_pos+1_w1,T4,PC,1,160,1,175,16.710902,4.492144656,15,75,15x5
T4_PC_pos+1_w1,T4,PC,1,160,1,180,16.88140309,4.491378543,15,75,15x5
T4_PC_pos+1_w1,T4,PC,1,160,1,185,16.8148837,4.566769765,15,75,15x5
T4_PC_pos+1_w1,T4,PC,1,160,1,190,16.63483474,4.469497477,15,75,15x5
T4_PC_pos+1_w1,T4,PC,1,160,1,195,15.96155181,4.397412933,15,75,15x5
T4_PC_pos+1_w1,T4,PC,1,160,1,200,15.15689666,4.132917371,15,75,15x5
T4_PC_pos+1_w1,T4,PC,1,160,1,205,14.18136665,3.86728815,15,75,15x5
T4_PC_pos+1_w1,T4,PC,1,160,1,210,13.17281339,3.651060393,15,75,15x5
T4_PC_pos+1_w1,T4,PC,1,160,1,215,12.29586046,3.448659975,15,75,15x5
T4_PC_pos+1_w1,T4,PC,1,160,1,220,11.49640651,3.413321373,15,75,15x5
T4_PC_pos+1_w1,T4,PC,1,160,1,225,10.77358386,3.39271233,15,75,15x5
T4_PC_pos+1_w1,T4,PC,1,160,1,230,10.06398578,3.424933112,15,75,15x5
T4_PC_pos+1_w1,T4,PC,1,160,1,235,9.393030995,3.356233889,15,75,15x5
T4_PC_pos+1_w1,T4,PC,1,160,1,240,8.777044914,3.374184815,15,75,15x5
T4_PC_pos+1_w1,T4,PC,1,160,1,245,8.097474727,3.336063452,15,75,15x5
T4_PC_pos+1_w1,T4,PC,1,160,1,250,7.461961845,3.254446492,15,75,15x5
T4_PC_pos+1_w1,T4,PC,1,160,1,255,6.915332969,3.295229448,15,75,15x5
T4_PC_pos+1_w1,T4,PC,1,160,1,260,6.33280688,3.186369639,15,75,15x5
T4_PC_pos+1_w1,T4,PC,1,160,1,265,5.771498842,3.198654317,15,75,15x5
T4_PC_pos+1_w1,T4,PC,1,160,1,270,5.25591156,3.16100017,15,75,15x5
T4_PC_pos+1_w1,T4,PC,1,160,1,275,4.794274605,3.252493155,15,75,15x5
T4_PC_pos+1_w1,T4,PC,1,160,1,280,4.474095626,3.16091929,15,75,15x5
T4_PC_pos+1_w1,T4,PC,1,160,1,285,4.039839989,3.140809228,15,75,15x5
T4_PC_pos+1_w1,T4,PC,1,160,1,290,3.718247519,3.11432935,15,75,15x5
T4_PC_pos+1_w1,T4,PC,1,160,1,295,3.366846176,3.019578162,15,75,15x5
T4_PC_pos+1_w1,T4,PC,1,160,1,300,3.027474951,2.8939626,15,75,15x5
T4_PC_pos+1_w1,T4,PC,1,160,1,305,2.79399876,2.892520842,15,75,15x5
T4_PC_pos+1_w1,T4,PC,1,160,1,310,2.462781503,2.915320393,15,75,15x5
T4_PC_pos+1_w1,T4,PC,1,160,1,315,2.209339664,2.881395574,15,75,15x5
T4_PC_pos+1_w1,T4,PC,1,160,1,320,2.000949228,2.886237728,15,75,15x5
T4_PC_pos+1_w1,T4,PC,1,160,1,325,1.810226843,2.922517507,15,75,15x5
T4_PC_pos+1_w1,T4,PC,1,160,1,330,1.649172122,2.843369041,15,75,15x5
T4_PC_pos+1_w1,T4,PC,1,160,1,335,1.415180038,2.81413191,15,75,15x5
T4_PC_pos+1_w1,T4,PC,1,160,1,340,1.205097315,2.906801716,15,75,15x5
T4_PC_pos+1_w1,T4,PC,1,160,1,345,0.9488979055,2.858063283,15,75,15x5
T4_PC_pos+1_w1,T4,PC,1,160,1,350,0.755320962,2.831237161,15,75,15x5
T4_PC_pos+1_w1,T4,PC,1,160,1,355,0.5889349832,2.852455613,15,75,15x5
T4_PC_pos+1_w1,T4,PC,1,160,1,360,0.390307938,2.916587759,15,75,15x5
T4_PC_pos+1_w1,T4,PC,1,160,1,365,0.240857877,2.848530234,15,75,15x5
T4_PC_pos+1_w1,T4,PC,1,160,1,370,0.2190865908,2.87812938,15,75,15x5
T4_PC_pos+1_w1,T4,PC,1,160,1,375,0.1293383206,2.831804085,15,75,15x5
T4_PC_pos+1_w1,T4,PC,1,160,1,380,0.1240295294,2.697752488,15,75,15x5
T4_PC_pos+1_w1,T4,PC,1,160,1,385,0.08185274876,2.599946297,15,75,15x5
T4_PC_pos+1_w1,T4,PC,1,160,1,390,-0.007379180424,2.577369333,15,75,15x5
T4_PC_pos+1_w1,T4,PC,1,160,1,395,-0.1036320701,2.439378048,15,75,15x5
T4_PC_pos+1_w1,T4,PC,1,160,1,400,-0.11815067,2.425398016,15,75,15x5
T4_PC_pos+1_w1,T4,PC,1,160,1,405,-0.1038260669,2.424103387,15,75,15x5
T4_PC_pos+1_w1,T4,PC,1,160,1,410,-0.1706659122,2.408800833,15,75,15x5
T4_PC_pos+1_w1,T4,PC,1,160,1,415,-0.2270114759,2.377576184,15,75,15x5
T4_PC_pos+1_w1,T4,PC,1,160,1,420,-0.3674737063,2.452172792,15,75,15x5
T4_PC_pos+1_w1,T4,PC,1,160,1,425,-0.4886411869,2.447260476,15,75,15x5
T4_PC_pos+1_w1,T4,PC,1,160,1,430,-0.5971269012,2.439969764,15,75,15x5
T4_PC_pos+1_w1,T4,PC,1,160,1,435,-0.6704443005,2.409039651,15,75,15x5
T4_PC_pos+1_w1,T4,PC,1,160,1,440,-0.6866272675,2.374192212,15,75,15x5
T4_PC_pos+1_w1,T4,PC,1,160,1,445,-0.744574622,2.352082349,15,75,15x5
T4_PC_pos+1_w1,T4,PC,1,160,1,450,-0.7774374832,2.335215327,15,75,15x5
T4_PC_pos+1_w1,T4,PC,1,160,1,455,-0.8040296078,2.360742827,15,75,15x5
T4_PC_pos+1_w1,T4,PC,1,160,1,460,-0.8927475972,2.259143097,15,75,15x5
T4_PC_pos+1_w1,T4,PC,1,160,1,465,-0.9113828434,2.202180602,15,75,15x5
T4_PC_pos+1_w1,T4,PC,1,160,1,470,-1.013364447,2.189471484,15,75,15x5
T4_PC_pos+1_w1,T4,PC,1,160,1,475,-1.040863023,2.266076343,15,75,15x5
T4_PC_pos+1_w1,T4,PC,1,160,1,480,-1.039743344,2.179890555,15,75,15x5
T4_PC_pos+1_w1,T4,PC,1,160,1,485,-1.060654944,2.13098076,15,75,15x5
T4_PC_pos+1_w1,T4,PC,1,160,1,490,-1.034310011,2.009352567,15,75,15x5
T4_PC_pos+1_w1,T4,PC,1,160,1,495,-1.065659665,1.933875572,15,75,15x5
T4_PC_pos+1_w1,T4,PC,1,160,1,500,-1.127834756,1.881186797,15,75,15x5
T4_PC_pos+1_w1,T4,PC,1,160,1,505,-1.124949408,1.966565835,15,75,15x5
T4_PC_pos+1_w1,T4,PC,1,160,1,510,-1.184820979,1.905363371,15,75,15x5
T4_PC_pos+1_w1,T4,PC,1,160,1,515,-1.213031683,1.936163333,15,75,15x5
T4_PC_pos+1_w1,T4,PC,1,160,1,520,-1.263666095,1.938955833,15,75,15x5
T4_PC_pos+1_w1,T4,PC,1,160,1,525,-1.371372994,2.017849069,15,75,15x5
T4_PC_pos+1_w1,T4,PC,1,160,1,530,-1.387985469,1.97426252,15,75,15x5
T4_PC_pos+1_w1,T4,PC,1,160,1,535,-1.447080483,2.0049677,15,75,15x5
T4_PC_pos+1_w1,T4,PC,1,160,1,540,-1.449013837,2.041716981,15,75,15x5
T4_PC_pos+1_w1,T4,PC,1,160,1,545,-1.498163389,2.092043275,15,75,15x5
T4_PC_pos+1_w1,T4,PC,1,160,1,550,-1.488139498,2.077120695,15,75,15x5
T4_PC_pos+1_w1,T4,PC,1,160,1,555,-1.563935224,2.132607566,15,75,15x5
T4_PC_pos+1_w1,T4,PC,1,160,1,560,-1.594553254,2.136091352,15,75,15x5
T4_PC_pos+1_w1,T4,PC,1,160,1,565,-1.654998432,2.167876464,15,75,15x5
T4_PC_pos+1_w1,T4,PC,1,160,1,570,-1.629502502,2.159072485,15,75,15x5
T4_PC_pos+1_w1,T4,PC,1,160,1,575,-1.600698248,2.135733425,15,75,15x5
T4_PC_pos+1_w1,T4,PC,1,160,1,580,-1.610518843,2.075517482,15,75,15x5
T4_PC_pos+1_w1,T4,PC,1,160,1,585,-1.588576779,2.028101812,15,75,15x5
T4_PC_pos+1_w1,T4,PC,1,160,1,590,-1.526004211,2.036787584,15,75,15x5
T4_PC_pos+1_w1,T4,PC,1,160,1,595,-1.499265424,1.924550434,15,75,15x5
T4_PC_pos+1_w1,T4,PC,1,160,1,600,-1.508290068,1.965203191,15,75,15x5
T4_PC_pos+1_w1,T4,PC,1,160,1,605,-1.450744036,1.836487486,15,75,15x5
T4_PC_pos+1_w1,T4,PC,1,160,1,610,-1.454460845,1.958707848,15,75,15x5
T4_PC_pos+1_w1,T4,PC,1,160,1,615,-1.445715892,2.004568044,15,75,15x5
T4_PC_pos+1_w1,T4,PC,1,160,1,620,-1.425084777,2.155658375,15,75,15x5
T4_PC_pos+1_w1,T4,PC,1,160,1,625,-1.454707223,2.161441094,15,75,15x5
T4_PC_pos+1_w1,T4,PC,1,160,1,630,-1.393494463,2.27305024,15,75,15x5
T4_PC_pos+1_w1,T4,PC,1,160,1,635,-1.464614406,2.250332378,15,75,15x5
T4_PC_pos+1_w1,T4,PC,1,160,1,640,-1.487097943,2.274967906,15,75,15x5
T4_PC_pos+1_w1,T4,PC,1,160,1,645,-1.524090841,2.203113395,15,75,15x5
T4_PC_pos+1_w1,T4,PC,1,160,1,650,-1.501823666,2.08232507,15,75,15x5
T4_PC_pos+1_w1,T4,PC,1,160,1,655,-1.453273279,2.178382965,15,75,15x5
T4_PC_pos+1_w1,T4,PC,1,160,1,660,-1.393647801,2.175602765,15,75,15x5
T4_PC_pos+1_w1,T4,PC,1,160,1,665,-1.306796376,2.313556024,15,75,15x5
T4_PC_pos+1_w1,T4,PC,1,160,1,670,-1.367281317,2.219339679,15,75,15x5
T4_PC_pos+1_w1,T4,PC,1,160,1,675,-1.393549876,2.242281664,15,75,15x5
T4_PC_pos+1_w1,T4,PC,1,160,1,680,-1.364968232,2.198017697,15,75,15x5
T4_PC_pos+1_w1,T4,PC,1,160,1,685,-1.353678529,2.19305651,15,75,15x5
T4_PC_pos+1_w1,T4,PC,1,160,1,690,-1.400949123,2.155313502,15,75,15x5
T4_PC_pos+1_w1,T4,PC,1,160,1,695,-1.361137727,2.110465705,15,75,15x5
T4_PC_pos+1_w1,T4,PC,1,160,1,700,-1.384568232,2.081398943,15,75,15x5
T4_PC_pos+1_w1,T4,PC,1,160,1,705,-1.4390943,2.065157781,15,75,15x5
T4_PC_pos+1_w1,T4,PC,1,160,1,710,-1.523999958,1.98735502,15,75,15x5
T4_PC_pos+1_w1,T4,PC,1,160,1,715,-1.537115342,1.981979895,15,75,15x5
T4_PC_pos+1_w1,T4,PC,1,160,1,720,-1.550378061,1.996008366,15,75,15x5
T4_PC_pos+1_w1,T4,PC,1,160,1,725,-1.522433149,2.047656715,15,75,15x5
T4_PC_pos+1_w1,T4,PC,1,160,1,730,-1.496668029,2.032508549,15,75,15x5
T4_PC_pos+1_w1,T4,PC,1,160,1,735,-1.55714312,2.110609379,15,75,15x5
T4_PC_pos+1_w1,T4,PC,1,160,1,740,-1.559494931,2.198076469,15,75,15x5
T4_PC_pos+1_w1,T4,PC,1,160,1,745,-1.576134431,2.205817839,15,75,15x5
T4_PC_pos+1_w1,T4,PC,1,160,1,750,-1.645278957,2.13515503,15,75,15x5
T4_PC_pos+2_w1,T4,PC,2,160,1,-200,-0.3212311707,0.7783923635,15,75,15x5
T4_PC_pos+2_w1,T4,PC,2,160,1,-195,-0.267199445,0.91541905,15,75,15x5
T4_PC_pos+2_w1,T4,PC,2,160,1,-190,-0.1674495875,0.762691476,15,75,15x5
T4_PC_pos+2_w1,T4,PC,2,160,1,-185,-0.1912261341,0.6734922438,15,75,15x5
T4_PC_pos+2_w1,T4,PC,2,160,1,-180,-0.2237182179,0.6061413884,15,75,15x5
T4_PC_pos+2_w1,T4,PC,2,160,1,-175,-0.158024679,0.2763775572,15,75,15x5
T4_PC_pos+2_w1,T4,PC,2,160,1,-170,-0.1391587958,0.2994526577,15,75,15x5
T4_PC_pos+2_w1,T4,PC,2,160,1,-165,-0.1515219928,0.2818629772,15,75,15x5
T4_PC_pos+2_w1,T4,PC,2,160,1,-160,0.007121484993,0.3790685126,15,75,15x5
T4_PC_pos+2_w1,T4,PC,2,160,1,-155,0.04917138324,0.547646186,15,75,15x5
T4_PC_pos+2_w1,T4,PC,2,160,1,-150,0.01701805601,0.6486952571,15,75,15x5
T4_PC_pos+2_w1,T4,PC,2,160,1,-145,0.02437656232,0.7250626803,15,75,15x5
T4_PC_pos+2_w1,T4,PC,2,160,1,-140,0.1422032717,0.8970006047,15,75,15x5
T4_PC_pos+2_w1,T4,PC,2,160,1,-135,0.206373693,0.7788255379,15,75,15x5
T4_PC_pos+2_w1,T4,PC,2,160,1,-130,0.2645505245,0.71996871,15,75,15x5
T4_PC_pos+2_w1,T4,PC,2,160,1,-125,0.3278234793,0.7672156894,15,75,15x5
T4_PC_pos+2_w1,T4,PC,2,160,1,-120,0.2613606588,0.7737583972,15,75,15x5
T4_PC_pos+2_w1,T4,PC,2,160,1,-115,0.3155039433,0.6317975749,15,75,15x5
T4_PC_pos+2_w1,T4,PC,2,160,1,-110,0.3313467495,0.654478933,15,75,15x5
T4_PC_pos+2_w1,T4,PC,2,160,1,-105,0.3341554492,0.608390623,15,75,15x5
T4_PC_pos+2_w1,T4,PC,2,160,1,-100,0.2604646169,0.5337601602,15,75,15x5
T4_PC_pos+2_w1,T4,PC,2,160,1,-95,0.2789288517,0.4917258814,15,75,15x5
T4_PC_pos+2_w1,T4,PC,2,160,1,-90,0.2697771321,0.5227736602,15,75,15x5
T4_PC_pos+2_w1,T4,PC,2,160,1,-85,0.3125511858,0.5013695497,15,75,15x5
T4_PC_pos+2_w1,T4,PC,2,160,1,-80,0.2244850686,0.6182112175,15,75,15x5
T4_PC_pos+2_w1,T4,PC,2,160,1,-75,0.2155287093,0.6713309851,15,75,15x5
T4_PC_pos+2_w1,T4,PC,2,160,1,-70,0.205716601,0.7435415123,15,75,15x5
T4_PC_pos+2_w1,T4,PC,2,160,1,-65,0.1179850381,0.8758993975,15,75,15x5
T4_PC_pos+2_w1,T4,PC,2,160,1,-60,0.04681650941,0.9947935532,15,75,15x5
T4_PC_pos+2_w1,T4,PC,2,160,1,-55,0.02677326562,1.023280434,15,75,15x5
T4_PC_pos+2_w1,T4,PC,2,160,1,-50,0.01406443371,1.130183945,15,75,15x5
T4_PC_pos+2_w1,T4,PC,2,160,1,-45,-0.01237878973,1.123681259,15,75,15x5
T4_PC_pos+2_w1,T4,PC,2,160,1,-40,-0.009064860143,1.23304622,15,75,15x5
T4_PC_pos+2_w1,T4,PC,2,160,1,-35,0.05231789321,1.260178208,15,75,15x5
T4_PC_pos+2_w1,T4,PC,2,160,1,-30,0.0517249038,1.215155841,15,75,15x5
T4_PC_pos+2_w1,T4,PC,2,160,1,-25,0.08156788304,1.290415919,15,75,15x5
T4_PC_pos+2_w1,T4,PC,2,160,1,-20,0.1080210271,1.275549779,15,75,15x5
T4_PC_pos+2_w1,T4,PC,2,160,1,-15,0.1100324435,1.250433847,15,75,15x5
T4_PC_pos+2_w1,T4,PC,2,160,1,-10,0.09951278536,1.112788889,15,75,15x5
T4_PC_pos+2_w1,T4,PC,2,160,1,-5,0.1633733063,1.132463401,15,75,15x5
T4_PC_pos+2_w1,T4,PC,2,160,1,0,0.07338603526,1.180832048,15,75,15x5
T4_PC_pos+2_w1,T4,PC,2,160,1,5,0.0816799913,1.286875376,15,75,15x5
T4_PC_pos+2_w1,T4,PC,2,160,1,10,0.1318296454,1.234583365,15,75,15x5
T4_PC_pos+2_w1,T4,PC,2,160,1,15,0.1173577691,1.328435946,15,75,15x5
T4_PC_pos+2_w1,T4,PC,2,160,1,20,0.07337020294,1.343457219,15,75,15x5
T4_PC_pos+2_w1,T4,PC,2,160,1,25,0.02528451918,1.286403077,15,75,15x5
T4_PC_pos+2_w1,T4,PC,2,160,1,30,0.05824505032,1.245564488,15,75,15x5
T4_PC_pos+2_w1,T4,PC,2,160,1,35,0.1996217495,1.212800544,15,75,15x5
T4_PC_pos+2_w1,T4,PC,2,160,1,40,0.7300276205,1.279952797,15,75,15x5
T4_PC_pos+2_w1,T4,PC,2,160,1,45,1.701635903,1.682898503,15,75,15x5
T4_PC_pos+2_w1,T4,PC,2,160,1,50,3.120758095,2.356655717,15,75,15x5
T4_PC_pos+2_w1,T4,PC,2,160,1,55,4.580940248,3.193824705,15,75,15x5
T4_PC_pos+2_w1,T4,PC,2,160,1,60,5.96127643,3.66217141,15,75,15x5
T4_PC_pos+2_w1,T4,PC,2,160,1,65,6.960726206,3.895206767,15,75,15x5
T4_PC_pos+2_w1,T4,PC,2,160,1,70,7.98600087,4.262839368,15,75,15x5
T4_PC_pos+2_w1,T4,PC,2,160,1,75,9.061325433,4.595462264,15,75,15x5
T4_PC_pos+2_w1,T4,PC,2,160,1,80,9.563681446,4.496192788,15,75,15x5
T4_PC_pos+2_w1,T4,PC,2,160,1,85,10.03442589,4.608327097,15,75,15x5
T4_PC_pos+2_w1,T4,PC,2,160,1,90,10.30411332,4.48420724,15,75,15x5
T4_PC_pos+2_w1,T4,PC,2,160,1,95,10.89108675,4.593312412,15,75,15x5
T4_PC_pos+2_w1,T4,PC,2,160,1,100,11.4173917,4.938782649,15,75,15x5
T4_PC_pos+2_w1,T4,PC,2,160,1,105,11.90012003,5.251902309,15,75,15x5
T4_PC_pos+2_w1,T4,PC,2,160,1,110,12.24265844,5.367632762,15,75,15x5
T4_PC_pos+2_w1,T4,PC,2,160,1,115,12.31068618,5.359562035,15,75,15x5
T4_PC_pos+2_w1,T4,PC,2,160,1,120,12.5312245,5.63850349,15,75,15x5
T4_PC_pos+2_w1,T4,PC,2,160,1,125,12.48835025,5.566043247,15,75,15x5
T4_PC_pos+2_w1,T4,PC,2,160,1,130,12.20959385,5.20164351,15,75,15x5
T4_PC_pos+2_w1,T4,PC,2,160,1,135,12.02765265,5.086921112,15,75,15x5
T4_PC_pos+2_w1,T4,PC,2,160,1,140,12.00429426,5.041860745,15,75,15x5
T4_PC_pos+2_w1,T4,PC,2,160,1,145,12.13504872,5.387098542,15,75,15x5
T4_PC_pos+2_w1,T4,PC,2,160,1,150,12.04055917,5.657514086,15,75,15x5
T4_PC_pos+2_w1,T4,PC,2,160,1,155,12.04574455,5.614764654,15,75,15x5
T4_PC_pos+2_w1,T4,PC,2,160,1,160,12.0127802,5.620404329,15,75,15x5
T4_PC_pos+2_w1,T4,PC,2,160,1,165,11.92364664,5.489054659,15,75,15x5
T4_PC_pos+2_w1,T4,PC,2,160,1,170,11.78804218,5.573664003,15,75,15x5
T4_PC_pos+2_w1,T4,PC,2,160,1,175,11.6864552,5.829580028,15,75,15x5
T4_PC_pos+2_w1,T4,PC,2,160,1,180,11.40640133,5.806142464,15,75,15x5
T4_PC_pos+2_w1,T4,PC,2,160,1,185,11.51706473,5.962658957,15,75,15x5
T4_PC_pos+2_w1,T4,PC,2,160,1,190,11.45521119,5.950261954,15,75,15x5
T4_PC_pos+2_w1,T4,PC,2,160,1,195,10.894835,5.66820831,15,75,15x5
T4_PC_pos+2_w1,T4,PC,2,160,1,200,9.991371037,5.442109746,15,75,15x5
T4_PC_pos+2_w1,T4,PC,2,160,1,205,9.104594389,5.313062886,15,75,15x5
T4_PC_pos+2_w1,T4,PC,2,160,1,210,8.388420244,5.220053776,15,75,15x5
T4_PC_pos+2_w1,T4,PC,2,160,1,215,7.707807901,5.131680341,15,75,15x5
T4_PC_pos+2_w1,T4,PC,2,160,1,220,6.866082606,5.042366065,15,75,15x5
T4_PC_pos+2_w1,T4,PC,2,160,1,225,6.21904153,5.017647239,15,75,15x5
T4_PC_pos+2_w1,T4,PC,2,160,1,230,5.611175311,4.954322808,15,75,15x5
T4_PC_pos+2_w1,T4,PC,2,160,1,235,4.956436544,4.981132287,15,75,15x5
T4_PC_pos+2_w1,T4,PC,2,160,1,240,4.412276684,4.922185709,15,75,15x5
T4_PC_pos+2_w1,T4,PC,2,160,1,245,3.955744409,4.782835549,15,75,15x5
T4_PC_pos+2_w1,T4,PC,2,160,1,250,3.513628119,4.752125748,15,75,15x5
T4_PC_pos+2_w1,T4,PC,2,160,1,255,3.087004798,4.711298749,15,75,15x5
T4_PC_pos+2_w1,T4,PC,2,160,1,260,2.784782678,4.660120669,15,75,15x5
T4_PC_pos+2_w1,T4,PC,2,160,1,265,2.461907566,4.593816249,15,75,15x5
T4_PC_pos+2_w1,T4,PC,2,160,1,270,2.143739719,4.519090822,15,75,15x5
T4_PC_pos+2_w1,T4,PC,2,160,1,275,1.793721699,4.453063557,15,75,15x5
T4_PC_pos+2_w1,T4,PC,2,160,1,280,1.511722167,4.403966779,15,75,15x5
T4_PC_pos+2_w1,T4,PC,2,160,1,285,1.254486361,4.331667286,15,75,15x5
T4_PC_pos+2_w1,T4,PC,2,160,1,290,1.049432332,4.262967172,15,75,15x5
T4_PC_pos+2_w1,T4,PC,2,160,1,295,0.9122613202,4.242107816,15,75,15x5
T4_PC_pos+2_w1,T4,PC,2,160,1,300,0.7973570365,4.231905811,15,75,15x5
T4_PC_pos+2_w1,T4,PC,2,160,1,305,0.5760516437,4.147784286,15,75,15x5
T4_PC_pos+2_w1,T4,PC,2,160,1,310,0.4002432595,4.043434719,15,75,15x5
T4_PC_pos+2_w1,T4,PC,2,160,1,315,0.2333199893,3.967521753,15,75,15x5
T4_PC_pos+2_w1,T4,PC,2,160,1,320,0.0409057239,3.972815385,15,75,15x5
T4_PC_pos+2_w1,T4,PC,2,160,1,325,-0.1004941845,3.957873212,15,75,15x5
T4_PC_pos+2_w1,T4,PC,2,160,1,330,-0.2618098235,3.833637707,15,75,15x5
T4_PC_pos+2_w1,T4,PC,2,160,1,335,-0.4393984072,3.739137026,15,75,15x5
T4_PC_pos+2_w1,T4,PC,2,160,1,340,-0.5125759611,3.649757738,15,75,15x5
T4_PC_pos+2_w1,T4,PC,2,160,1,345,-0.6045439607,3.584446244,15,75,15x5
T4_PC_pos+2_w1,T4,PC,2,160,1,350,-0.7152257678,3.516213694,15,75,15x5
T4_PC_pos+2_w1,T4,PC,2,160,1,355,-0.7825468606,3.439657637,15,75,15x5
T4_PC_pos+2_w1,T4,PC,2,160,1,360,-0.7304928312,3.332980205,15,75,15x5
T4_PC_pos+2_w1,T4,PC,2,160,1,365,-0.839795609,3.218456971,15,75,15x5
T4_PC_pos+2_w1,T4,PC,2,160,1,370,-0.9340726847,3.202363713,15,75,15x5
T4_PC_pos+2_w1,T4,PC,2,160,1,375,-0.9605123876,3.203391322,15,75,15x5
T4_PC_pos+2_w1,T4,PC,2,160,1,380,-0.9966087653,3.220064516,15,75,15x5
T4_PC_pos+2_w1,T4,PC,2,160,1,385,-1.145281588,3.148329976,15,75,15x5
T4_PC_pos+2_w1,T4,PC,2,160,1,390,-1.318064402,3.092581608,15,75,15x5
T4_PC_pos+2_w1,T4,PC,2,160,1,395,-1.349045589,2.923273437,15,75,15x5
T4_PC_pos+2_w1,T4,PC,2,160,1,400,-1.463134793,2.810774279,15,75,15x5
T4_PC_pos+2_w1,T4,PC,2,160,1,405,-1.551026663,2.761140746,15,75,15x5
T4_PC_pos+2_w1,T4,PC,2,160,1,410,-1.595262072,2.802030902,15,75,15x5
T4_PC_pos+2_w1,T4,PC,2,160,1,415,-1.609513568,2.757586073,15,75,15x5
T4_PC_pos+2_w1,T4,PC,2,160,1,420,-1.787614646,2.723237213,15,75,15x5
T4_PC_pos+2_w1,T4,PC,2,160,1,425,-1.87601077,2.691474019,15,75,15x5
T4_PC_pos+2_w1,T4,PC,2,160,1,430,-1.949571199,2.63451969,15,75,15x5
T4_PC_pos+2_w1,T4,PC,2,160,1,435,-2.072435363,2.632139394,15,75,15x5
T4_PC_pos+2_w1,T4,PC,2,160,1,440,-2.156035658,2.652843782,15,75,15x5
T4_PC_pos+2_w1,T4,PC,2,160,1,445,-2.206965613,2.570746077,15,75,15x5
T4_PC_pos+2_w1,T4,PC,2,160,1,450,-2.300374516,2.614587269,15,75,15x5
T4_PC_pos+2_w1,T4,PC,2,160,1,455,-2.365719398,2.626082994,15,75,15x5
T4_PC_pos+2_w1,T4,PC,2,160,1,460,-2.355716285,2.567878293,15,75,15x5
T4_PC_pos+2_w1,T4,PC,2,160,1,465,-2.378502782,2.560753478,15,75,15x5
T4_PC_pos+2_w1,T4,PC,2,160,1,470,-2.467727111,2.493810944,15,75,15x5
T4_PC_pos+2_w1,T4,PC,2,160,1,475,-2.472113832,2.540834381,15,75,15x5
T4_PC_pos+2_w1,T4,PC,2,160,1,480,-2.420090705,2.553751473,15,75,15x5
T4_PC_pos+2_w1,T4,PC,2,160,1,485,-2.418694815,2.520991366,15,75,15x5
T4_PC_pos+2_w1,T4,PC,2,160,1,490,-2.353332209,2.518320863,15,75,15x5
T4_PC_pos+2_w1,T4,PC,2,160,1,495,-2.271919144,2.524490769,15,75,15x5
T4_PC_pos+2_w1,T4,PC,2,160,1,500,-2.324949974,2.455650906,15,75,15x5
T4_PC_pos+2_w1,T4,PC,2,160,1,505,-2.341639412,2.453427189,15,75,15x5
T4_PC_pos+2_w1,T4,PC,2,160,1,510,-2.391061604,2.385842877,15,75,15x5
T4_PC_pos+2_w1,T4,PC,2,160,1,515,-2.324114239,2.2895079,15,75,15x5
T4_PC_pos+2_w1,T4,PC,2,160,1,520,-2.354410576,2.269587376,15,75,15x5
T4_PC_pos+2_w1,T4,PC,2,160,1,525,-2.337121342,2.272226633,15,75,15x5
T4_PC_pos+2_w1,T4,PC,2,160,1,530,-2.387223112,2.260296234,15,75,15x5
T4_PC_pos+2_w1,T4,PC,2,160,1,535,-2.42608403,2.25653064,15,75,15x5
T4_PC_pos+2_w1,T4,PC,2,160,1,540,-2.433183511,2.264065063,15,75,15x5
T4_PC_pos+2_w1,T4,PC,2,160,1,545,-2.360209885,2.290643852,15,75,15x5
T4_PC_pos+2_w1,T4,PC,2,160,1,550,-2.289148896,2.426712688,15,75,15x5
T4_PC_pos+2_w1,T4,PC,2,160,1,555,-2.258666081,2.433639052,15,75,15x5
T4_PC_pos+2_w1,T4,PC,2,160,1,560,-2.236932961,2.38779412,15,75,15x5
T4_PC_pos+2_w1,T4,PC,2,160,1,565,-2.249287082,2.317543521,15,75,15x5
T4_PC_pos+2_w1,T4,PC,2,160,1,570,-2.344418971,2.190781632,15,75,15x5
T4_PC_pos+2_w1,T4,PC,2,160,1,575,-2.422190949,2.229124433,15,75,15x5
T4_PC_pos+2_w1,T4,PC,2,160,1,580,-2.508287723,2.083918664,15,75,15x5
T4_PC_pos+2_w1,T4,PC,2,160,1,585,-2.571351928,2.125770043,15,75,15x5
T4_PC_pos+2_w1,T4,PC,2,160,1,590,-2.558026154,2.152652864,15,75,15x5
T4_PC_pos+2_w1,T4,PC,2,160,1,595,-2.51759508,2.202353845,15,75,15x5
T4_PC_pos+2_w1,T4,PC,2,160,1,600,-2.510405153,2.252370216,15,75,15x5
T4_PC_pos+2_w1,T4,PC,2,160,1,605,-2.488845802,2.264257278,15,75,15x5
T4_PC_pos+2_w1,T4,PC,2,160,1,610,-2.389677284,2.236931655,15,75,15x5
T4_PC_pos+2_w1,T4,PC,2,160,1,615,-2.447081537,2.182367631,15,75,15x5
T4_PC_pos+2_w1,T4,PC,2,160,1,620,-2.4498631,2.235825507,15,75,15x5
T4_PC_pos+2_w1,T4,PC,2,160,1,625,-2.451601195,2.177074286,15,75,15x5
T4_PC_pos+2_w1,T4,PC,2,160,1,630,-2.43125614,2.214980715,15,75,15x5
T4_PC_pos+2_w1,T4,PC,2,160,1,635,-2.345789128,2.152574526,15,75,15x5
T4_PC_pos+2_w1,T4,PC,2,160,1,640,-2.277074272,2.090658644,15,75,15x5
T4_PC_pos+2_w1,T4,PC,2,160,1,645,-2.160087428,2.139336761,15,75,15x5
T4_PC_pos+2_w1,T4,PC,2,160,1,650,-2.151397695,2.218056551,15,75,15x5
T4_PC_pos+2_w1,T4,PC,2,160,1,655,-2.202814504,2.207628641,15,75,15x5
T4_PC_pos+2_w1,T4,PC,2,160,1,660,-2.148508796,2.257993023,15,75,15x5
T4_PC_pos+2_w1,T4,PC,2,160,1,665,-2.097947878,2.27261149,15,75,15x5
T4_PC_pos+2_w1,T4,PC,2,160,1,670,-2.129627874,2.238744136,15,75,15x5
T4_PC_pos+2_w1,T4,PC,2,160,1,675,-2.035923865,2.348552127,15,75,15x5
T4_PC_pos+2_w1,T4,PC,2,160,1,680,-1.927046545,2.373975573,15,75,15x5
T4_PC_pos+2_w1,T4,PC,2,160,1,685,-1.966660485,2.3072287,15,75,15x5
T4_PC_pos+2_w1,T4,PC,2,160,1,690,-1.904390735,2.411460242,15,75,15x5
T4_PC_pos+2_w1,T4,PC,2,160,1,695,-1.855746576,2.454934923,15,75,15x5
T4_PC_pos+2_w1,T4,PC,2,160,1,700,-1.9267608,2.500347778,15,75,15x5
T4_PC_pos+2_w1,T4,PC,2,160,1,705,-1.98615147,2.374420351,15,75,15x5
T4_PC_pos+2_w1,T4,PC,2,160,1,710,-2.014538456,2.483070391,15,75,15x5
T4_PC_pos+2_w1,T4,PC,2,160,1,715,-2.033966681,2.451311616,15,75,15x5
T4_PC_pos+2_w1,T4,PC,2,160,1,720,-2.124120192,2.386307335,15,75,15x5
T4_PC_pos+2_w1,T4,PC,2,160,1,725,-2.114588405,2.308574835,15,75,15x5
T4_PC_pos+2_w1,T4,PC,2,160,1,730,-2.145420619,2.19279167,15,75,15x5
T4_PC_pos+2_w1,T4,PC,2,160,1,735,-2.177369113,1.982541335,15,75,15x5
T4_PC_pos+2_w1,T4,PC,2,160,1,740,-2.128088924,1.900752687,15,75,15x5
T4_PC_pos+2_w1,T4,PC,2,160,1,745,-2.077323305,1.731325305,15,75,15x5
T4_PC_pos+2_w1,T4,PC,2,160,1,750,-2.03802298,1.649998744,15,75,15x5
T4_PC_pos+3_w1,T4,PC,3,160,1,-200,0.00495302902,0.5589275004,15,75,15x5
T4_PC_pos+3_w1,T4,PC,3,160,1,-195,-0.05730061363,0.4521468169,15,75,15x5
T4_PC_pos+3_w1,T4,PC,3,160,1,-190,-0.07801677155,0.4531978099,15,75,15x5
T4_PC_pos+3_w1,T4,PC,3,160,1,-185,-0.2295418835,0.4326339386,15,75,15x5
T4_PC_pos+3_w1,T4,PC,3,160,1,-180,-0.2612309352,0.4192942713,15,75,15x5
T4_PC_pos+3_w1,T4,PC,3,160,1,-175,-0.1841357785,0.4439057278,15,75,15x5
T4_PC_pos+3_w1,T4,PC,3,160,1,-170,-0.1041663849,0.3994015981,15,75,15x5
T4_PC_pos+3_w1,T4,PC,3,160,1,-165,-0.09627920541,0.4197687737,15,75,15x5
T4_PC_pos+3_w1,T4,PC,3,160,1,-160,-0.07674302308,0.4300019442,15,75,15x5
T4_PC_pos+3_w1,T4,PC,3,160,1,-155,-0.1083711875,0.453629344,15,75,15x5
T4_PC_pos+3_w1,T4,PC,3,160,1,-150,-0.1219786763,0.3751764866,15,75,15x5
T4_PC_pos+3_w1,T4,PC,3,160,1,-145,-0.06965112238,0.4364430303,15,75,15x5
T4_PC_pos+3_w1,T4,PC,3,160,1,-140,0.05022531229,0.5980161857,15,75,15x5
T4_PC_pos+3_w1,T4,PC,3,160,1,-135,0.05334667981,0.6308919057,15,75,15x5
T4_PC_pos+3_w1,T4,PC,3,160,1,-130,0.06132307379,0.6368579053,15,75,15x5
T4_PC_pos+3_w1,T4,PC,3,160,1,-125,0.09890760777,0.7023015675,15,75,15x5
T4_PC_pos+3_w1,T4,PC,3,160,1,-120,0.1231765536,0.6141366432,15,75,15x5
T4_PC_pos+3_w1,T4,PC,3,160,1,-115,0.08787805954,0.5318425806,15,75,15x5
T4_PC_pos+3_w1,T4,PC,3,160,1,-110,0.1123210388,0.4284372298,15,75,15x5
T4_PC_pos+3_w1,T4,PC,3,160,1,-105,0.1393697974,0.423348031,15,75,15x5
T4_PC_pos+3_w1,T4,PC,3,160,1,-100,0.1344364641,0.3994286954,15,75,15x5
T4_PC_pos+3_w1,T4,PC,3,160,1,-95,0.1091661344,0.437231872,15,75,15x5
T4_PC_pos+3_w1,T4,PC,3,160,1,-90,0.167560762,0.446723528,15,75,15x5
T4_PC_pos+3_w1,T4,PC,3,160,1,-85,0.1022279171,0.4619478033,15,75,15x5
T4_PC_pos+3_w1,T4,PC,3,160,1,-80,0.05526560533,0.4833332394,15,75,15x5
T4_PC_pos+3_w1,T4,PC,3,160,1,-75,0.05071420118,0.5014167539,15,75,15x5
T4_PC_pos+3_w1,T4,PC,3,160,1,-70,0.05719950847,0.5755166429,15,75,15x5
T4_PC_pos+3_w1,T4,PC,3,160,1,-65,-0.01422238816,0.6564996045,15,75,15x5
T4_PC_pos+3_w1,T4,PC,3,160,1,-60,-0.06927668201,0.7159771384,15,75,15x5
T4_PC_pos+3_w1,T4,PC,3,160,1,-55,-0.03513097586,0.7551747838,15,75,15x5
T4_PC_pos+3_w1,T4,PC,3,160,1,-50,-0.08488449642,0.9191037854,15,75,15x5
T4_PC_pos+3_w1,T4,PC,3,160,1,-45,-0.1266775774,1.037668478,15,75,15x5
T4_PC_pos+3_w1,T4,PC,3,160,1,-40,-0.1298214114,0.9710503553,15,75,15x5
T4_PC_pos+3_w1,T4,PC,3,160,1,-35,-0.09480439874,1.003237863,15,75,15x5
T4_PC_pos+3_w1,T4,PC,3,160,1,-30,-0.05873683667,1.09219221,15,75,15x5
T4_PC_pos+3_w1,T4,PC,3,160,1,-25,-0.05998876992,1.009449544,15,75,15x5
T4_PC_pos+3_w1,T4,PC,3,160,1,-20,-0.08007765881,0.9721876351,15,75,15x5
T4_PC_pos+3_w1,T4,PC,3,160,1,-15,-0.1193409881,0.936060078,15,75,15x5
T4_PC_pos+3_w1,T4,PC,3,160,1,-10,-0.05788539182,0.90971839,15,75,15x5
T4_PC_pos+3_w1,T4,PC,3,160,1,-5,-0.103271798,0.8594511809,15,75,15x5
T4_PC_pos+3_w1,T4,PC,3,160,1,0,-0.1942521806,0.8578481742,15,75,15x5
T4_PC_pos+3_w1,T4,PC,3,160,1,5,-0.2582398078,0.8657436003,15,75,15x5
T4_PC_pos+3_w1,T4,PC,3,160,1,10,-0.243887671,0.8792060033,15,75,15x5
T4_PC_pos+3_w1,T4,PC,3,160,1,15,-0.2255736295,0.8970705709,15,75,15x5
T4_PC_pos+3_w1,T4,PC,3,160,1,20,-0.1534155505,0.9959412673,15,75,15x5
T4_PC_pos+3_w1,T4,PC,3,160,1,25,-0.02553976707,1.064127494,15,75,15x5
T4_PC_pos+3_w1,T4,PC,3,160,1,30,0.007116643184,1.181023554,15,75,15x5
T4_PC_pos+3_w1,T4,PC,3,160,1,35,0.1345484706,1.230685839,15,75,15x5
T4_PC_pos+3_w1,T4,PC,3,160,1,40,0.2477919383,1.243078653,15,75,15x5
T4_PC_pos+3_w1,T4,PC,3,160,1,45,0.6475954385,1.350269179,15,75,15x5
T4_PC_pos+3_w1,T4,PC,3,160,1,50,1.294282944,1.852878927,15,75,15x5
T4_PC_pos+3_w1,T4,PC,3,160,1,55,2.074428161,2.368067484,15,75,15x5
T4_PC_pos+3_w1,T4,PC,3,160,1,60,3.049097107,2.826379912,15,75,15x5
T4_PC_pos+3_w1,T4,PC,3,160,1,65,3.874882862,3.270422257,15,75,15x5
T4_PC_pos+3_w1,T4,PC,3,160,1,70,4.457246558,3.320333098,15,75,15x5
T4_PC_pos+3_w1,T4,PC,3,160,1,75,5.021885874,3.348359565,15,75,15x5
T4_PC_pos+3_w1,T4,PC,3,160,1,80,5.333396985,3.404580322,15,75,15x5
T4_PC_pos+3_w1,T4,PC,3,160,1,85,5.462309317,3.356595052,15,75,15x5
T4_PC_pos+3_w1,T4,PC,3,160,1,90,5.701544808,3.637895109,15,75,15x5
T4_PC_pos+3_w1,T4,PC,3,160,1,95,5.759509643,4.07630108,15,75,15x5
T4_PC_pos+3_w1,T4,PC,3,160,1,100,5.631539598,4.219995261,15,75,15x5
T4_PC_pos+3_w1,T4,PC,3,160,1,105,5.490892467,4.175656605,15,75,15x5
T4_PC_pos+3_w1,T4,PC,3,160,1,110,5.420072931,4.198800647,15,75,15x5
T4_PC_pos+3_w1,T4,PC,3,160,1,115,5.524852907,4.583403103,15,75,15x5
T4_PC_pos+3_w1,T4,PC,3,160,1,120,5.462355064,4.655239373,15,75,15x5
T4_PC_pos+3_w1,T4,PC,3,160,1,125,5.63544843,4.745251189,15,75,15x5
T4_PC_pos+3_w1,T4,PC,3,160,1,130,5.583508992,4.849526259,15,75,15x5
T4_PC_pos+3_w1,T4,PC,3,160,1,135,5.41406935,4.787884505,15,75,15x5
T4_PC_pos+3_w1,T4,PC,3,160,1,140,5.149223114,4.47429469,15,75,15x5
T4_PC_pos+3_w1,T4,PC,3,160,1,145,4.984416114,4.631593017,15,75,15x5
T4_PC_pos+3_w1,T4,PC,3,160,1,150,4.648942121,4.644682624,15,75,15x5
T4_PC_pos+3_w1,T4,PC,3,160,1,155,4.466203009,4.796825904,15,75,15x5
T4_PC_pos+3_w1,T4,PC,3,160,1,160,4.394310131,4.944372148,15,75,15x5
T4_PC_pos+3_w1,T4,PC,3,160,1,165,4.291570204,5.072704483,15,75,15x5
T4_PC_pos+3_w1,T4,PC,3,160,1,170,4.230231987,4.926656339,15,75,15x5
T4_PC_pos+3_w1,T4,PC,3,160,1,175,4.263167925,4.879953281,15,75,15x5
T4_PC_pos+3_w1,T4,PC,3,160,1,180,4.268475862,4.86677937,15,75,15x5
T4_PC_pos+3_w1,T4,PC,3,160,1,185,3.941883595,4.69165755,15,75,15x5
T4_PC_pos+3_w1,T4,PC,3,160,1,190,3.646396415,4.500668833,15,75,15x5
T4_PC_pos+3_w1,T4,PC,3,160,1,195,3.225582252,4.448176633,15,75,15x5
T4_PC_pos+3_w1,T4,PC,3,160,1,200,2.714011393,4.322045655,15,75,15x5
T4_PC_pos+3_w1,T4,PC,3,160,1,205,2.279477571,4.29551557,15,75,15x5
T4_PC_pos+3_w1,T4,PC,3,160,1,210,1.923052826,4.16215676,15,75,15x5
T4_PC_pos+3_w1,T4,PC,3,160,1,215,1.595624417,4.031790893,15,75,15x5
T4_PC_pos+3_w1,T4,PC,3,160,1,220,1.228606753,3.954255009,15,75,15x5
T4_PC_pos+3_w1,T4,PC,3,160,1,225,0.8610394759,3.896472197,15,75,15x5
T4_PC_pos+3_w1,T4,PC,3,160,1,230,0.4349834727,3.824391763,15,75,15x5
T4_PC_pos+3_w1,T4,PC,3,160,1,235,0.09898786825,3.716027388,15,75,15x5
T4_PC_pos+3_w1,T4,PC,3,160,1,240,-0.1886054569,3.650414645,15,75,15x5
T4_PC_pos+3_w1,T4,PC,3,160,1,245,-0.5208407032,3.627019073,15,75,15x5
T4_PC_pos+3_w1,T4,PC,3,160,1,250,-0.773442087,3.518001705,15,75,15x5
T4_PC_pos+3_w1,T4,PC,3,160,1,255,-1.093389665,3.488779061,15,75,15x5
T4_PC_pos+3_w1,T4,PC,3,160,1,260,-1.355900044,3.406876189,15,75,15x5
T4_PC_pos+3_w1,T4,PC,3,160,1,265,-1.573359059,3.34991389,15,75,15x5
T4_PC_pos+3_w1,T4,PC,3,160,1,270,-1.727180467,3.318277058,15,75,15x5
T4_PC_pos+3_w1,T4,PC,3,160,1,275,-1.888091171,3.252954224,15,75,15x5
T4_PC_pos+3_w1,T4,PC,3,160,1,280,-2.086226295,3.276276286,15,75,15x5
T4_PC_pos+3_w1,T4,PC,3,160,1,285,-2.319681078,3.260807728,15,75,15x5
T4_PC_pos+3_w1,T4,PC,3,160,1,290,-2.396271717,3.238011322,15,75,15x5
T4_PC_pos+3_w1,T4,PC,3,160,1,295,-2.458270089,3.157031553,15,75,15x5
T4_PC_pos+3_w1,T4,PC,3,160,1,300,-2.552972083,3.077604845,15,75,15x5
T4_PC_pos+3_w1,T4,PC,3,160,1,305,-2.578514126,2.962848753,15,75,15x5
T4_PC_pos+3_w1,T4,PC,3,160,1,310,-2.57126317,2.876077742,15,75,15x5
T4_PC_pos+3_w1,T4,PC,3,160,1,315,-2.71244982,2.745682009,15,75,15x5
T4_PC_pos+3_w1,T4,PC,3,160,1,320,-2.763430365,2.691367046,15,75,15x5
T4_PC_pos+3_w1,T4,PC,3,160,1,325,-2.781648192,2.630431043,15,75,15x5
T4_PC_pos+3_w1,T4,PC,3,160,1,330,-2.842758815,2.585419387,15,75,15x5
T4_PC_pos+3_w1,T4,PC,3,160,1,335,-2.916223039,2.548922129,15,75,15x5
T4_PC_pos+3_w1,T4,PC,3,160,1,340,-2.897934069,2.537169838,15,75,15x5
T4_PC_pos+3_w1,T4,PC,3,160,1,345,-2.930006352,2.517036596,15,75,15x5
T4_PC_pos+3_w1,T4,PC,3,160,1,350,-2.951236959,2.498393841,15,75,15x5
T4_PC_pos+3_w1,T4,PC,3,160,1,355,-2.916216039,2.570397607,15,75,15x5
T4_PC_pos+3_w1,T4,PC,3,160,1,360,-2.839741151,2.509389108,15,75,15x5
T4_PC_pos+3_w1,T4,PC,3,160,1,365,-2.812358652,2.513354864,15,75,15x5
T4_PC_pos+3_w1,T4,PC,3,160,1,370,-2.850355721,2.532416021,15,75,15x5
T4_PC_pos+3_w1,T4,PC,3,160,1,375,-2.848867402,2.507071502,15,75,15x5
T4_PC_pos+3_w1,T4,PC,3,160,1,380,-2.90511551,2.503184872,15,75,15x5
T4_PC_pos+3_w1,T4,PC,3,160,1,385,-2.920163943,2.55359086,15,75,15x5
T4_PC_pos+3_w1,T4,PC,3,160,1,390,-2.840622388,2.545489527,15,75,15x5
T4_PC_pos+3_w1,T4,PC,3,160,1,395,-2.754861379,2.448309424,15,75,15x5
T4_PC_pos+3_w1,T4,PC,3,160,1,400,-2.734094916,2.363504474,15,75,15x5
T4_PC_pos+3_w1,T4,PC,3,160,1,405,-2.70607717,2.329948483,15,75,15x5
T4_PC_pos+3_w1,T4,PC,3,160,1,410,-2.580900939,2.273031615,15,75,15x5
T4_PC_pos+3_w1,T4,PC,3,160,1,415,-2.607428575,2.248677286,15,75,15x5
T4_PC_pos+3_w1,T4,PC,3,160,1,420,-2.568551896,2.222176302,15,75,15x5
T4_PC_pos+3_w1,T4,PC,3,160,1,425,-2.481311521,2.170227123,15,75,15x5
T4_PC_pos+3_w1,T4,PC,3,160,1,430,-2.482267158,2.144776885,15,75,15x5
T4_PC_pos+3_w1,T4,PC,3,160,1,435,-2.472433052,2.159230961,15,75,15x5
T4_PC_pos+3_w1,T4,PC,3,160,1,440,-2.415928045,2.167877106,15,75,15x5
T4_PC_pos+3_w1,T4,PC,3,160,1,445,-2.482835982,2.088780365,15,75,15x5
T4_PC_pos+3_w1,T4,PC,3,160,1,450,-2.520452913,2.053778077,15,75,15x5
T4_PC_pos+3_w1,T4,PC,3,160,1,455,-2.503733499,2.070445897,15,75,15x5
T4_PC_pos+3_w1,T4,PC,3,160,1,460,-2.571348965,2.020629147,15,75,15x5
T4_PC_pos+3_w1,T4,PC,3,160,1,465,-2.642082543,1.975103784,15,75,15x5
T4_PC_pos+3_w1,T4,PC,3,160,1,470,-2.660206597,1.997893719,15,75,15x5
T4_PC_pos+3_w1,T4,PC,3,160,1,475,-2.644610667,1.938579233,15,75,15x5
T4_PC_pos+3_w1,T4,PC,3,160,1,480,-2.601591212,1.912748684,15,75,15x5
T4_PC_pos+3_w1,T4,PC,3,160,1,485,-2.547293613,1.881976693,15,75,15x5
T4_PC_pos+3_w1,T4,PC,3,160,1,490,-2.488312254,1.875096931,15,75,15x5
T4_PC_pos+3_w1,T4,PC,3,160,1,495,-2.531786084,1.745738751,15,75,15x5
T4_PC_pos+3_w1,T4,PC,3,160,1,500,-2.510486287,1.712339785,15,75,15x5
T4_PC_pos+3_w1,T4,PC,3,160,1,505,-2.518321533,1.71747716,15,75,15x5
T4_PC_pos+3_w1,T4,PC,3,160,1,510,-2.4519033,1.655902072,15,75,15x5
T4_PC_pos+3_w1,T4,PC,3,160,1,515,-2.451000736,1.537101,15,75,15x5
T4_PC_pos+3_w1,T4,PC,3,160,1,520,-2.457361338,1.55617674,15,75,15x5
T4_PC_pos+3_w1,T4,PC,3,160,1,525,-2.405916975,1.478700809,15,75,15x5
T4_PC_pos+3_w1,T4,PC,3,160,1,530,-2.378100939,1.527081712,15,75,15x5
T4_PC_pos+3_w1,T4,PC,3,160,1,535,-2.270572246,1.93149248,15,75,15x5
T4_PC_pos+3_w1,T4,PC,3,160,1,540,-2.271696381,1.793905143,15,75,15x5
T4_PC_pos+3_w1,T4,PC,3,160,1,545,-2.182492962,1.971513731,15,75,15x5
T4_PC_pos+3_w1,T4,PC,3,160,1,550,-2.192125522,1.995802433,15,75,15x5
T4_PC_pos+3_w1,T4,PC,3,160,1,555,-2.201506881,1.946110618,15,75,15x5
T4_PC_pos+3_w1,T4,PC,3,160,1,560,-2.184601061,1.91758118,15,75,15x5
T4_PC_pos+3_w1,T4,PC,3,160,1,565,-2.160129266,1.921996935,15,75,15x5
T4_PC_pos+3_w1,T4,PC,3,160,1,570,-2.118881729,2.108261197,15,75,15x5
T4_PC_pos+3_w1,T4,PC,3,160,1,575,-2.043237284,2.167654892,15,75,15x5
T4_PC_pos+3_w1,T4,PC,3,160,1,580,-2.054044773,2.027380084,15,75,15x5
T4_PC_pos+3_w1,T4,PC,3,160,1,585,-2.023551651,2.106615038,15,75,15x5
T4_PC_pos+3_w1,T4,PC,3,160,1,590,-1.969654867,2.148732098,15,75,15x5
T4_PC_pos+3_w1,T4,PC,3,160,1,595,-2.057025644,1.906531712,15,75,15x5
T4_PC_pos+3_w1,T4,PC,3,160,1,600,-1.932652669,2.139017726,15,75,15x5
T4_PC_pos+3_w1,T4,PC,3,160,1,605,-1.915632075,2.232643641,15,75,15x5
T4_PC_pos+3_w1,T4,PC,3,160,1,610,-1.811002038,2.231838443,15,75,15x5
T4_PC_pos+3_w1,T4,PC,3,160,1,615,-1.884497195,2.029784139,15,75,15x5
T4_PC_pos+3_w1,T4,PC,3,160,1,620,-1.845568257,2.126735435,15,75,15x5
T4_PC_pos+3_w1,T4,PC,3,160,1,625,-1.773850553,2.162119951,15,75,15x5
T4_PC_pos+3_w1,T4,PC,3,160,1,630,-1.72971608,2.118552795,15,75,15x5
T4_PC_pos+3_w1,T4,PC,3,160,1,635,-1.719903625,2.253233097,15,75,15x5
T4_PC_pos+3_w1,T4,PC,3,160,1,640,-1.609838505,2.352902286,15,75,15x5
T4_PC_pos+3_w1,T4,PC,3,160,1,645,-1.636762071,2.115837358,15,75,15x5
T4_PC_pos+3_w1,T4,PC,3,160,1,650,-1.544457472,2.152342686,15,75,15x5
T4_PC_pos+3_w1,T4,PC,3,160,1,655,-1.426687183,2.22249167,15,75,15x5
T4_PC_pos+3_w1,T4,PC,3,160,1,660,-1.338998619,2.106337852,15,75,15x5
T4_PC_pos+3_w1,T4,PC,3,160,1,665,-1.351321778,1.936656625,15,75,15x5
T4_PC_pos+3_w1,T4,PC,3,160,1,670,-1.33025853,1.864385775,15,75,15x5
T4_PC_pos+3_w1,T4,PC,3,160,1,675,-1.29484461,1.829244543,15,75,15x5
T4_PC_pos+3_w1,T4,PC,3,160,1,680,-1.296116405,1.934794295,15,75,15x5
T4_PC_pos+3_w1,T4,PC,3,160,1,685,-1.357784944,1.767986576,15,75,15x5
T4_PC_pos+3_w1,T4,PC,3,160,1,690,-1.324261786,1.681024784,15,75,15x5
T4_PC_pos+3_w1,T4,PC,3,160,1,695,-1.356639482,1.531414531,15,75,15x5
T4_PC_pos+3_w1,T4,PC,3,160,1,700,-1.421168908,1.612213204,15,75,15x5
T4_PC_pos+3_w1,T4,PC,3,160,1,705,-1.497325685,1.57801454,15,75,15x5
T4_PC_pos+3_w1,T4,PC,3,160,1,710,-1.563705986,1.559485402,15,75,15x5
T4_PC_pos+3_w1,T4,PC,3,160,1,715,-1.582309161,1.524757492,15,75,15x5
T4_PC_pos+3_w1,T4,PC,3,160,1,720,-1.621924464,1.562599837,15,75,15x5
T4_PC_pos+3_w1,T4,PC,3,160,1,725,-1.470669763,1.587354574,15,75,15x5
T4_PC_pos+3_w1,T4,PC,3,160,1,730,-1.489638098,1.428132894,15,75,15x5
T4_PC_pos+3_w1,T4,PC,3,160,1,735,-1.419117789,1.472975433,15,75,15x5
T4_PC_pos+3_w1,T4,PC,3,160,1,740,-1.410309649,1.503729797,15,75,15x5
T4_PC_pos+3_w1,T4,PC,3,160,1,745,-1.348459262,1.501502524,15,75,15x5
T4_PC_pos+3_w1,T4,PC,3,160,1,750,-1.250645017,1.588733875,15,75,15x5
T4_PC_pos+4_w1,T4,PC,4,160,1,-200,-0.1964374384,0.6360697818,15,75,15x5
T4_PC_pos+4_w1,T4,PC,4,160,1,-195,-0.23045788,0.5511858795,15,75,15x5
T4_PC_pos+4_w1,T4,PC,4,160,1,-190,-0.2635305194,0.5011580412,15,75,15x5
T4_PC_pos+4_w1,T4,PC,4,160,1,-185,-0.249060149,0.4549967899,15,75,15x5
T4_PC_pos+4_w1,T4,PC,4,160,1,-180,-0.1372217892,0.4982729344,15,75,15x5
T4_PC_pos+4_w1,T4,PC,4,160,1,-175,-0.05565797158,0.4467057419,15,75,15x5
T4_PC_pos+4_w1,T4,PC,4,160,1,-170,-0.005605366775,0.4394150741,15,75,15x5
T4_PC_pos+4_w1,T4,PC,4,160,1,-165,0.01630862386,0.3289200497,15,75,15x5
T4_PC_pos+4_w1,T4,PC,4,160,1,-160,0.09882690836,0.4338319006,15,75,15x5
T4_PC_pos+4_w1,T4,PC,4,160,1,-155,0.1246705795,0.6186041461,15,75,15x5
T4_PC_pos+4_w1,T4,PC,4,160,1,-150,0.2461652783,0.6885310239,15,75,15x5
T4_PC_pos+4_w1,T4,PC,4,160,1,-145,0.3327224619,0.7798017095,15,75,15x5
T4_PC_pos+4_w1,T4,PC,4,160,1,-140,0.3403267761,0.6920392757,15,75,15x5
T4_PC_pos+4_w1,T4,PC,4,160,1,-135,0.2726995885,0.6666261268,15,75,15x5
T4_PC_pos+4_w1,T4,PC,4,160,1,-130,0.1926846821,0.5429061005,15,75,15x5
T4_PC_pos+4_w1,T4,PC,4,160,1,-125,0.1344471261,0.5696825476,15,75,15x5
T4_PC_pos+4_w1,T4,PC,4,160,1,-120,0.06852406953,0.4782140842,15,75,15x5
T4_PC_pos+4_w1,T4,PC,4,160,1,-115,-0.004852914597,0.4722179976,15,75,15x5
T4_PC_pos+4_w1,T4,PC,4,160,1,-110,-0.06182911525,0.6229582912,15,75,15x5
T4_PC_pos+4_w1,T4,PC,4,160,1,-105,-0.07048823206,0.6110686215,15,75,15x5
T4_PC_pos+4_w1,T4,PC,4,160,1,-100,-0.02451508391,0.7274992336,15,75,15x5
T4_PC_pos+4_w1,T4,PC,4,160,1,-95,0.03567435443,0.6804571745,15,75,15x5
T4_PC_pos+4_w1,T4,PC,4,160,1,-90,0.0534959051,0.6938479125,15,75,15x5
T4_PC_pos+4_w1,T4,PC,4,160,1,-85,0.02770468614,0.5548565686,15,75,15x5
T4_PC_pos+4_w1,T4,PC,4,160,1,-80,-0.003578057048,0.6320456464,15,75,15x5
T4_PC_pos+4_w1,T4,PC,4,160,1,-75,-0.01061908269,0.5802464853,15,75,15x5
T4_PC_pos+4_w1,T4,PC,4,160,1,-70,-0.006876998846,0.6902915916,15,75,15x5
T4_PC_pos+4_w1,T4,PC,4,160,1,-65,0.02260626326,0.555644939,15,75,15x5
T4_PC_pos+4_w1,T4,PC,4,160,1,-60,0.05153790754,0.5922012834,15,75,15x5
T4_PC_pos+4_w1,T4,PC,4,160,1,-55,0.04472530071,0.5971802738,15,75,15x5
T4_PC_pos+4_w1,T4,PC,4,160,1,-50,0.1140483878,0.5982915367,15,75,15x5
T4_PC_pos+4_w1,T4,PC,4,160,1,-45,0.09153385789,0.6895180337,15,75,15x5
T4_PC_pos+4_w1,T4,PC,4,160,1,-40,-0.003771545041,0.6831798019,15,75,15x5
T4_PC_pos+4_w1,T4,PC,4,160,1,-35,-0.02312021211,0.6870924617,15,75,15x5
T4_PC_pos+4_w1,T4,PC,4,160,1,-30,-0.1303624995,0.6812371315,15,75,15x5
T4_PC_pos+4_w1,T4,PC,4,160,1,-25,-0.04311198053,0.7022049739,15,75,15x5
T4_PC_pos+4_w1,T4,PC,4,160,1,-20,0.01761052659,0.8248444664,15,75,15x5
T4_PC_pos+4_w1,T4,PC,4,160,1,-15,0.05215588679,0.9650953102,15,75,15x5
T4_PC_pos+4_w1,T4,PC,4,160,1,-10,0.079769155,0.989487786,15,75,15x5
T4_PC_pos+4_w1,T4,PC,4,160,1,-5,0.1011523764,1.019125182,15,75,15x5
T4_PC_pos+4_w1,T4,PC,4,160,1,0,0.2475124497,1.149955955,15,75,15x5
T4_PC_pos+4_w1,T4,PC,4,160,1,5,0.1245428322,1.002573989,15,75,15x5
T4_PC_pos+4_w1,T4,PC,4,160,1,10,0.0005125717681,0.9489612398,15,75,15x5
T4_PC_pos+4_w1,T4,PC,4,160,1,15,-0.04751018973,0.9740176568,15,75,15x5
T4_PC_pos+4_w1,T4,PC,4,160,1,20,-0.1184746077,0.9812873179,15,75,15x5
T4_PC_pos+4_w1,T4,PC,4,160,1,25,-0.1400667323,1.002456897,15,75,15x5
T4_PC_pos+4_w1,T4,PC,4,160,1,30,-0.2027832158,0.9893865149,15,75,15x5
T4_PC_pos+4_w1,T4,PC,4,160,1,35,-0.2233491295,1.089792073,15,75,15x5
T4_PC_pos+4_w1,T4,PC,4,160,1,40,-0.05273789628,1.163122947,15,75,15x5
T4_PC_pos+4_w1,T4,PC,4,160,1,45,0.1824090309,1.304655075,15,75,15x5
T4_PC_pos+4_w1,T4,PC,4,160,1,50,0.552196831,1.347232083,15,75,15x5
T4_PC_pos+4_w1,T4,PC,4,160,1,55,0.8113002905,1.407352223,15,75,15x5
T4_PC_pos+4_w1,T4,PC,4,160,1,60,1.09778807,1.424559151,15,75,15x5
T4_PC_pos+4_w1,T4,PC,4,160,1,65,1.537775616,1.640475568,15,75,15x5
T4_PC_pos+4_w1,T4,PC,4,160,1,70,1.913676155,1.945811295,15,75,15x5
T4_PC_pos+4_w1,T4,PC,4,160,1,75,2.106739566,2.277456071,15,75,15x5
T4_PC_pos+4_w1,T4,PC,4,160,1,80,2.279708135,2.671501841,15,75,15x5
T4_PC_pos+4_w1,T4,PC,4,160,1,85,2.387831965,3.070794396,15,75,15x5
T4_PC_pos+4_w1,T4,PC,4,160,1,90,2.291488213,3.184434586,15,75,15x5
T4_PC_pos+4_w1,T4,PC,4,160,1,95,2.080530551,3.28806365,15,75,15x5
T4_PC_pos+4_w1,T4,PC,4,160,1,100,2.123627264,3.182363182,15,75,15x5
T4_PC_pos+4_w1,T4,PC,4,160,1,105,2.12866187,3.256738174,15,75,15x5
T4_PC_pos+4_w1,T4,PC,4,160,1,110,2.065760282,3.214306813,15,75,15x5
T4_PC_pos+4_w1,T4,PC,4,160,1,115,2.069222676,3.215647564,15,75,15x5
T4_PC_pos+4_w1,T4,PC,4,160,1,120,1.925762887,3.080281274,15,75,15x5
T4_PC_pos+4_w1,T4,PC,4,160,1,125,1.872340187,2.933541053,15,75,15x5
T4_PC_pos+4_w1,T4,PC,4,160,1,130,1.7250648,2.970817753,15,75,15x5
T4_PC_pos+4_w1,T4,PC,4,160,1,135,1.559536493,3.084464463,15,75,15x5
T4_PC_pos+4_w1,T4,PC,4,160,1,140,1.446226623,3.161837546,15,75,15x5
T4_PC_pos+4_w1,T4,PC,4,160,1,145,1.342785394,3.143957447,15,75,15x5
T4_PC_pos+4_w1,T4,PC,4,160,1,150,1.257222899,3.206071748,15,75,15x5
T4_PC_pos+4_w1,T4,PC,4,160,1,155,1.045476115,3.22103617,15,75,15x5
T4_PC_pos+4_w1,T4,PC,4,160,1,160,0.8029401969,3.246094586,15,75,15x5
T4_PC_pos+4_w1,T4,PC,4,160,1,165,0.5781338375,3.35595302,15,75,15x5
T4_PC_pos+4_w1,T4,PC,4,160,1,170,0.3474726349,3.439503421,15,75,15x5
T4_PC_pos+4_w1,T4,PC,4,160,1,175,0.1673817618,3.313452193,15,75,15x5
T4_PC_pos+4_w1,T4,PC,4,160,1,180,-0.0896043391,3.299998771,15,75,15x5
T4_PC_pos+4_w1,T4,PC,4,160,1,185,-0.2227306008,3.287067016,15,75,15x5
T4_PC_pos+4_w1,T4,PC,4,160,1,190,-0.3558130794,3.164525728,15,75,15x5
T4_PC_pos+4_w1,T4,PC,4,160,1,195,-0.533535495,3.10593517,15,75,15x5
T4_PC_pos+4_w1,T4,PC,4,160,1,200,-0.7186876521,3.065232207,15,75,15x5
T4_PC_pos+4_w1,T4,PC,4,160,1,205,-0.9331529655,2.951046218,15,75,15x5
T4_PC_pos+4_w1,T4,PC,4,160,1,210,-1.121627172,2.948572411,15,75,15x5
T4_PC_pos+4_w1,T4,PC,4,160,1,215,-1.058088497,2.820089281,15,75,15x5
T4_PC_pos+4_w1,T4,PC,4,160,1,220,-1.352683226,2.904802648,15,75,15x5
T4_PC_pos+4_w1,T4,PC,4,160,1,225,-1.496527538,2.798321306,15,75,15x5
T4_PC_pos+4_w1,T4,PC,4,160,1,230,-1.635192455,2.793293025,15,75,15x5
T4_PC_pos+4_w1,T4,PC,4,160,1,235,-1.861108368,2.769768641,15,75,15x5
T4_PC_pos+4_w1,T4,PC,4,160,1,240,-2.105265552,2.730341372,15,75,15x5
T4_PC_pos+4_w1,T4,PC,4,160,1,245,-2.299671769,2.704575604,15,75,15x5
T4_PC_pos+4_w1,T4,PC,4,160,1,250,-2.467833094,2.726108102,15,75,15x5
T4_PC_pos+4_w1,T4,PC,4,160,1,255,-2.620614219,2.738196576,15,75,15x5
T4_PC_pos+4_w1,T4,PC,4,160,1,260,-2.799467597,2.676282856,15,75,15x5
T4_PC_pos+4_w1,T4,PC,4,160,1,265,-2.830752823,2.629232939,15,75,15x5
T4_PC_pos+4_w1,T4,PC,4,160,1,270,-2.959414097,2.634021884,15,75,15x5
T4_PC_pos+4_w1,T4,PC,4,160,1,275,-2.973621382,2.545817602,15,75,15x5
T4_PC_pos+4_w1,T4,PC,4,160,1,280,-3.040229075,2.503144394,15,75,15x5
T4_PC_pos+4_w1,T4,PC,4,160,1,285,-3.107425788,2.480583124,15,75,15x5
T4_PC_pos+4_w1,T4,PC,4,160,1,290,-3.142753352,2.441402087,15,75,15x5
T4_PC_pos+4_w1,T4,PC,4,160,1,295,-3.201656049,2.363422943,15,75,15x5
T4_PC_pos+4_w1,T4,PC,4,160,1,300,-3.178921046,2.330611574,15,75,15x5
T4_PC_pos+4_w1,T4,PC,4,160,1,305,-3.208470578,2.231546616,15,75,15x5
T4_PC_pos+4_w1,T4,PC,4,160,1,310,-3.327308379,2.157835993,15,75,15x5
T4_PC_pos+4_w1,T4,PC,4,160,1,315,-3.322190847,2.093171332,15,75,15x5
T4_PC_pos+4_w1,T4,PC,4,160,1,320,-3.389517526,2.087241229,15,75,15x5
T4_PC_pos+4_w1,T4,PC,4,160,1,325,-3.379765165,2.015329685,15,75,15x5
T4_PC_pos+4_w1,T4,PC,4,160,1,330,-3.489173,1.988463861,15,75,15x5
T4_PC_pos+4_w1,T4,PC,4,160,1,335,-3.526409589,1.994510501,15,75,15x5
T4_PC_pos+4_w1,T4,PC,4,160,1,340,-3.540400055,1.957965711,15,75,15x5
T4_PC_pos+4_w1,T4,PC,4,160,1,345,-3.566431913,1.959144745,15,75,15x5
T4_PC_pos+4_w1,T4,PC,4,160,1,350,-3.582846046,1.939401947,15,75,15x5
T4_PC_pos+4_w1,T4,PC,4,160,1,355,-3.527862072,1.843707204,15,75,15x5
T4_PC_pos+4_w1,T4,PC,4,160,1,360,-3.470323,1.796444809,15,75,15x5
T4_PC_pos+4_w1,T4,PC,4,160,1,365,-3.436928332,1.746923227,15,75,15x5
T4_PC_pos+4_w1,T4,PC,4,160,1,370,-3.349155835,1.76751614,15,75,15x5
T4_PC_pos+4_w1,T4,PC,4,160,1,375,-3.321398,1.698487958,15,75,15x5
T4_PC_pos+4_w1,T4,PC,4,160,1,380,-3.258167221,1.703928535,15,75,15x5
T4_PC_pos+4_w1,T4,PC,4,160,1,385,-3.160051449,1.79070373,15,75,15x5
T4_PC_pos+4_w1,T4,PC,4,160,1,390,-3.032181466,1.849121866,15,75,15x5
T4_PC_pos+4_w1,T4,PC,4,160,1,395,-3.075822573,1.845744433,15,75,15x5
T4_PC_pos+4_w1,T4,PC,4,160,1,400,-3.037950493,1.875225541,15,75,15x5
T4_PC_pos+4_w1,T4,PC,4,160,1,405,-3.039116366,1.803399126,15,75,15x5
T4_PC_pos+4_w1,T4,PC,4,160,1,410,-3.012342221,1.855797721,15,75,15x5
T4_PC_pos+4_w1,T4,PC,4,160,1,415,-2.939448143,1.804691642,15,75,15x5
T4_PC_pos+4_w1,T4,PC,4,160,1,420,-2.946374374,1.766093947,15,75,15x5
T4_PC_pos+4_w1,T4,PC,4,160,1,425,-2.921498702,1.690853704,15,75,15x5
T4_PC_pos+4_w1,T4,PC,4,160,1,430,-2.789853688,1.743811972,15,75,15x5
T4_PC_pos+4_w1,T4,PC,4,160,1,435,-2.771816488,1.788185914,15,75,15x5
T4_PC_pos+4_w1,T4,PC,4,160,1,440,-2.60221777,2.00413648,15,75,15x5
T4_PC_pos+4_w1,T4,PC,4,160,1,445,-2.675713008,1.787486165,15,75,15x5
T4_PC_pos+4_w1,T4,PC,4,160,1,450,-2.729190796,1.686012658,15,75,15x5
T4_PC_pos+4_w1,T4,PC,4,160,1,455,-2.69544161,1.553754118,15,75,15x5
T4_PC_pos+4_w1,T4,PC,4,160,1,460,-2.722002935,1.532008039,15,75,15x5
T4_PC_pos+4_w1,T4,PC,4,160,1,465,-2.687884172,1.511728972,15,75,15x5
T4_PC_pos+4_w1,T4,PC,4,160,1,470,-2.655149598,1.535950348,15,75,15x5
T4_PC_pos+4_w1,T4,PC,4,160,1,475,-2.630504288,1.391319269,15,75,15x5
T4_PC_pos+4_w1,T4,PC,4,160,1,480,-2.571973906,1.422239719,15,75,15x5
T4_PC_pos+4_w1,T4,PC,4,160,1,485,-2.558323315,1.385415545,15,75,15x5
T4_PC_pos+4_w1,T4,PC,4,160,1,490,-2.491036126,1.367250655,15,75,15x5
T4_PC_pos+4_w1,T4,PC,4,160,1,495,-2.47520147,1.391826731,15,75,15x5
T4_PC_pos+4_w1,T4,PC,4,160,1,500,-2.396930855,1.519734217,15,75,15x5
T4_PC_pos+4_w1,T4,PC,4,160,1,505,-2.346273193,1.530734163,15,75,15x5
T4_PC_pos+4_w1,T4,PC,4,160,1,510,-2.336178311,1.558893426,15,75,15x5
T4_PC_pos+4_w1,T4,PC,4,160,1,515,-2.334276867,1.545175811,15,75,15x5
T4_PC_pos+4_w1,T4,PC,4,160,1,520,-2.287538751,1.426192101,15,75,15x5
T4_PC_pos+4_w1,T4,PC,4,160,1,525,-2.237607422,1.372731519,15,75,15x5
T4_PC_pos+4_w1,T4,PC,4,160,1,530,-2.24222356,1.262620133,15,75,15x5
T4_PC_pos+4_w1,T4,PC,4,160,1,535,-2.195286197,1.170761998,15,75,15x5
T4_PC_pos+4_w1,T4,PC,4,160,1,540,-2.138982758,1.101772925,15,75,15x5
T4_PC_pos+4_w1,T4,PC,4,160,1,545,-2.232455611,1.081369252,15,75,15x5
T4_PC_pos+4_w1,T4,PC,4,160,1,550,-2.242293523,1.111973325,15,75,15x5
T4_PC_pos+4_w1,T4,PC,4,160,1,555,-2.186938954,1.163929407,15,75,15x5
T4_PC_pos+4_w1,T4,PC,4,160,1,560,-2.239530051,1.176845932,15,75,15x5
T4_PC_pos+4_w1,T4,PC,4,160,1,565,-2.18329799,1.194858714,15,75,15x5
T4_PC_pos+4_w1,T4,PC,4,160,1,570,-2.165962489,1.152967771,15,75,15x5
T4_PC_pos+4_w1,T4,PC,4,160,1,575,-2.115226592,1.105933501,15,75,15x5
T4_PC_pos+4_w1,T4,PC,4,160,1,580,-2.100406751,1.126019671,15,75,15x5
T4_PC_pos+4_w1,T4,PC,4,160,1,585,-1.992428891,1.204181295,15,75,15x5
T4_PC_pos+4_w1,T4,PC,4,160,1,590,-1.914558287,1.342633524,15,75,15x5
T4_PC_pos+4_w1,T4,PC,4,160,1,595,-1.829981649,1.25404268,15,75,15x5
T4_PC_pos+4_w1,T4,PC,4,160,1,600,-1.780857178,1.369351962,15,75,15x5
T4_PC_pos+4_w1,T4,PC,4,160,1,605,-1.783958847,1.4717264,15,75,15x5
T4_PC_pos+4_w1,T4,PC,4,160,1,610,-1.737414229,1.497118154,15,75,15x5
T4_PC_pos+4_w1,T4,PC,4,160,1,615,-1.711854451,1.513658526,15,75,15x5
T4_PC_pos+4_w1,T4,PC,4,160,1,620,-1.653230051,1.461030641,15,75,15x5
T4_PC_pos+4_w1,T4,PC,4,160,1,625,-1.679934009,1.482201052,15,75,15x5
T4_PC_pos+4_w1,T4,PC,4,160,1,630,-1.586763486,1.428871583,15,75,15x5
T4_PC_pos+4_w1,T4,PC,4,160,1,635,-1.547781567,1.477103856,15,75,15x5
T4_PC_pos+4_w1,T4,PC,4,160,1,640,-1.483785994,1.618004326,15,75,15x5
T4_PC_pos+4_w1,T4,PC,4,160,1,645,-1.392077833,1.760588329,15,75,15x5
T4_PC_pos+4_w1,T4,PC,4,160,1,650,-1.33342879,1.748446717,15,75,15x5
T4_PC_pos+4_w1,T4,PC,4,160,1,655,-1.261433216,1.734379035,15,75,15x5
T4_PC_pos+4_w1,T4,PC,4,160,1,660,-1.271165186,1.672975701,15,75,15x5
T4_PC_pos+4_w1,T4,PC,4,160,1,665,-1.222570711,1.557098481,15,75,15x5
T4_PC_pos+4_w1,T4,PC,4,160,1,670,-1.178346423,1.425062782,15,75,15x5
T4_PC_pos+4_w1,T4,PC,4,160,1,675,-1.118812418,1.2560667,15,75,15x5
T4_PC_pos+4_w1,T4,PC,4,160,1,680,-1.040469408,1.145666313,15,75,15x5
T4_PC_pos+4_w1,T4,PC,4,160,1,685,-1.074525422,0.9998119357,15,75,15x5
T4_PC_pos+4_w1,T4,PC,4,160,1,690,-1.131870294,1.005711768,15,75,15x5
T4_PC_pos+4_w1,T4,PC,4,160,1,695,-1.081341061,0.9891242642,15,75,15x5
T4_PC_pos+4_w1,T4,PC,4,160,1,700,-1.099168828,1.027470063,15,75,15x5
T4_PC_pos+4_w1,T4,PC,4,160,1,705,-1.092482677,0.9756022363,15,75,15x5
T4_PC_pos+4_w1,T4,PC,4,160,1,710,-1.099812245,0.987881654,15,75,15x5
T4_PC_pos+4_w1,T4,PC,4,160,1,715,-1.040972847,0.8851991336,15,75,15x5
T4_PC_pos+4_w1,T4,PC,4,160,1,720,-1.014153932,0.8635515949,15,75,15x5
T4_PC_pos+4_w1,T4,PC,4,160,1,725,-1.005245059,0.8833616459,15,75,15x5
T4_PC_pos+4_w1,T4,PC,4,160,1,730,-1.041935485,0.85233029,15,75,15x5
T4_PC_pos+4_w1,T4,PC,4,160,1,735,-1.081703088,0.7876463916,15,75,15x5
T4_PC_pos+4_w1,T4,PC,4,160,1,740,-1.098807493,0.7811413247,15,75,15x5
T4_PC_pos+4_w1,T4,PC,4,160,1,745,-1.169869734,0.8275547341,15,75,15x5
T4_PC_pos+4_w1,T4,PC,4,160,1,750,-1.103293197,0.820162433,15,75,15x5
T4_NC_pos-4_w1,T4,NC,-4,160,1,-200,0.0350436937,0.752310335,15,75,15x5
T4_NC_pos-4_w1,T4,NC,-4,160,1,-195,0.01878032374,0.7740984759,15,75,15x5
T4_NC_pos-4_w1,T4,NC,-4,160,1,-190,-0.008893261936,0.7606472537,15,75,15x5
T4_NC_pos-4_w1,T4,NC,-4,160,1,-185,-0.01977703279,0.6469446298,15,75,15x5
T4_NC_pos-4_w1,T4,NC,-4,160,1,-180,0.01315168108,0.5131573288,15,75,15x5
T4_NC_pos-4_w1,T4,NC,-4,160,1,-175,0.06085916989,0.4582425265,15,75,15x5
T4_NC_pos-4_w1,T4,NC,-4,160,1,-170,0.09045744014,0.4678887213,15,75,15x5
T4_NC_pos-4_w1,T4,NC,-4,160,1,-165,0.004966933424,0.43953246,15,75,15x5
T4_NC_pos-4_w1,T4,NC,-4,160,1,-160,0.02020636159,0.5576957183,15,75,15x5
T4_NC_pos-4_w1,T4,NC,-4,160,1,-155,-0.08898729938,0.5343656656,15,75,15x5
T4_NC_pos-4_w1,T4,NC,-4,160,1,-150,-0.07145644875,0.4904566258,15,75,15x5
T4_NC_pos-4_w1,T4,NC,-4,160,1,-145,-0.1264948187,0.5792979204,15,75,15x5
T4_NC_pos-4_w1,T4,NC,-4,160,1,-140,-0.1498902705,0.5013972711,15,75,15x5
T4_NC_pos-4_w1,T4,NC,-4,160,1,-135,-0.1457102237,0.3512681762,15,75,15x5
T4_NC_pos-4_w1,T4,NC,-4,160,1,-130,-0.1234110072,0.2555648215,15,75,15x5
T4_NC_pos-4_w1,T4,NC,-4,160,1,-125,-0.105721579,0.3252952758,15,75,15x5
T4_NC_pos-4_w1,T4,NC,-4,160,1,-120,-0.1182104781,0.4032657396,15,75,15x5
T4_NC_pos-4_w1,T4,NC,-4,160,1,-115,-0.06258120455,0.5296068343,15,75,15x5
T4_NC_pos-4_w1,T4,NC,-4,160,1,-110,-0.0157280503,0.610669527,15,75,15x5
T4_NC_pos-4_w1,T4,NC,-4,160,1,-105,0.0365905191,0.634851403,15,75,15x5
T4_NC_pos-4_w1,T4,NC,-4,160,1,-100,-0.01678329043,0.6650055449,15,75,15x5
T4_NC_pos-4_w1,T4,NC,-4,160,1,-95,0.06538655084,0.6345464091,15,75,15x5
T4_NC_pos-4_w1,T4,NC,-4,160,1,-90,-0.02341956434,0.6092555351,15,75,15x5
T4_NC_pos-4_w1,T4,NC,-4,160,1,-85,0.006101782834,0.5924990556,15,75,15x5
T4_NC_pos-4_w1,T4,NC,-4,160,1,-80,-0.06444538851,0.708794492,15,75,15x5
T4_NC_pos-4_w1,T4,NC,-4,160,1,-75,0.03376402337,0.7598171771,15,75,15x5
T4_NC_pos-4_w1,T4,NC,-4,160,1,-70,0.0389462985,0.8771729781,15,75,15x5
T4_NC_pos-4_w1,T4,NC,-4,160,1,-65,0.09161693342,0.7928140326,15,75,15x5
T4_NC_pos-4_w1,T4,NC,-4,160,1,-60,0.09550301401,0.8245668068,15,75,15x5
T4_NC_pos-4_w1,T4,NC,-4,160,1,-55,0.001855049012,0.7501649963,15,75,15x5
T4_NC_pos-4_w1,T4,NC,-4,160,1,-50,0.004536418569,0.7754130726,15,75,15x5
T4_NC_pos-4_w1,T4,NC,-4,160,1,-45,0.04038810762,0.7593342107,15,75,15x5
T4_NC_pos-4_w1,T4,NC,-4,160,1,-40,-0.02907976987,0.8029392563,15,75,15x5
T4_NC_pos-4_w1,T4,NC,-4,160,1,-35,-0.1215653417,0.8165666724,15,75,15x5
T4_NC_pos-4_w1,T4,NC,-4,160,1,-30,-0.2147088602,0.9601302525,15,75,15x5
T4_NC_pos-4_w1,T4,NC,-4,160,1,-25,-0.2364673055,0.8569358634,15,75,15x5
T4_NC_pos-4_w1,T4,NC,-4,160,1,-20,-0.3491406877,0.7658860091,15,75,15x5
T4_NC_pos-4_w1,T4,NC,-4,160,1,-15,-0.3571166746,0.7408544165,15,75,15x5
T4_NC_pos-4_w1,T4,NC,-4,160,1,-10,-0.2764471183,0.8174769555,15,75,15x5
T4_NC_pos-4_w1,T4,NC,-4,160,1,-5,-0.1777622994,0.7945902818,15,75,15x5
T4_NC_pos-4_w1,T4,NC,-4,160,1,0,-0.1510865668,0.8813963719,15,75,15x5
T4_NC_pos-4_w1,T4,NC,-4,160,1,5,-0.07764284476,0.821855377,15,75,15x5
T4_NC_pos-4_w1,T4,NC,-4,160,1,10,0.01867977429,0.6841272537,15,75,15x5
T4_NC_pos-4_w1,T4,NC,-4,160,1,15,-0.04596736653,0.6823905504,15,75,15x5
T4_NC_pos-4_w1,T4,NC,-4,160,1,20,-0.05505281627,0.6398302946,15,75,15x5
T4_NC_pos-4_w1,T4,NC,-4,160,1,25,-0.09695665225,0.7422423074,15,75,15x5
T4_NC_pos-4_w1,T4,NC,-4,160,1,30,-0.05072056149,0.7244144224,15,75,15x5
T4_NC_pos-4_w1,T4,NC,-4,160,1,35,-0.05970938933,0.7723105087,15,75,15x5
T4_NC_pos-4_w1,T4,NC,-4,160,1,40,0.01598628629,0.7504756651,15,75,15x5
T4_NC_pos-4_w1,T4,NC,-4,160,1,45,0.03908801605,0.7370559207,15,75,15x5
T4_NC_pos-4_w1,T4,NC,-4,160,1,50,0.03730230176,0.7981072228,15,75,15x5
T4_NC_pos-4_w1,T4,NC,-4,160,1,55,0.02499070225,0.7752820787,15,75,15x5
T4_NC_pos-4_w1,T4,NC,-4,160,1,60,0.1495441109,0.7410630755,15,75,15x5
T4_NC_pos-4_w1,T4,NC,-4,160,1,65,0.1927992594,0.7566191525,15,75,15x5
T4_NC_pos-4_w1,T4,NC,-4,160,1,70,0.2562773119,0.8749970995,15,75,15x5
T4_NC_pos-4_w1,T4,NC,-4,160,1,75,0.326717086,1.072205855,15,75,15x5
T4_NC_pos-4_w1,T4,NC,-4,160,1,80,0.2926380974,1.163785998,15,75,15x5
T4_NC_pos-4_w1,T4,NC,-4,160,1,85,0.1953371105,1.232614857,15,75,15x5
T4_NC_pos-4_w1,T4,NC,-4,160,1,90,0.2857087832,1.317469029,15,75,15x5
T4_NC_pos-4_w1,T4,NC,-4,160,1,95,0.3197843225,1.478240095,15,75,15x5
T4_NC_pos-4_w1,T4,NC,-4,160,1,100,0.3491779428,1.458764376,15,75,15x5
T4_NC_pos-4_w1,T4,NC,-4,160,1,105,0.4006680425,1.565286603,15,75,15x5
T4_NC_pos-4_w1,T4,NC,-4,160,1,110,0.4516109098,1.726284788,15,75,15x5
T4_NC_pos-4_w1,T4,NC,-4,160,1,115,0.4439164755,1.621626827,15,75,15x5
T4_NC_pos-4_w1,T4,NC,-4,160,1,120,0.4451426253,1.541816197,15,75,15x5
T4_NC_pos-4_w1,T4,NC,-4,160,1,125,0.3696069009,1.439992183,15,75,15x5
T4_NC_pos-4_w1,T4,NC,-4,160,1,130,0.2200236998,1.353844601,15,75,15x5
T4_NC_pos-4_w1,T4,NC,-4,160,1,135,0.1183852484,1.369385108,15,75,15x5
T4_NC_pos-4_w1,T4,NC,-4,160,1,140,0.01899975801,1.282232845,15,75,15x5
T4_NC_pos-4_w1,T4,NC,-4,160,1,145,-0.09966665428,1.206730177,15,75,15x5
T4_NC_pos-4_w1,T4,NC,-4,160,1,150,-0.1829027552,1.107872483,15,75,15x5
T4_NC_pos-4_w1,T4,NC,-4,160,1,155,-0.1484659827,1.094362746,15,75,15x5
T4_NC_pos-4_w1,T4,NC,-4,160,1,160,-0.1391326698,1.132385862,15,75,15x5
T4_NC_pos-4_w1,T4,NC,-4,160,1,165,-0.1691776331,1.171042674,15,75,15x5
T4_NC_pos-4_w1,T4,NC,-4,160,1,170,-0.2074816522,1.012313345,15,75,15x5
T4_NC_pos-4_w1,T4,NC,-4,160,1,175,-0.1902956734,1.002784928,15,75,15x5
T4_NC_pos-4_w1,T4,NC,-4,160,1,180,-0.2145112107,0.955946474,15,75,15x5
T4_NC_pos-4_w1,T4,NC,-4,160,1,185,-0.1144679669,1.064197098,15,75,15x5
T4_NC_pos-4_w1,T4,NC,-4,160,1,190,-0.06419708774,1.069048493,15,75,15x5
T4_NC_pos-4_w1,T4,NC,-4,160,1,195,-0.05739879714,1.169507393,15,75,15x5
T4_NC_pos-4_w1,T4,NC,-4,160,1,200,-0.05254351631,1.251625681,15,75,15x5
T4_NC_pos-4_w1,T4,NC,-4,160,1,205,-0.006383534626,1.234573174,15,75,15x5
T4_NC_pos-4_w1,T4,NC,-4,160,1,210,-0.005775303043,1.292921734,15,75,15x5
T4_NC_pos-4_w1,T4,NC,-4,160,1,215,-0.002369177687,1.260118988,15,75,15x5
T4_NC_pos-4_w1,T4,NC,-4,160,1,220,0.00162711861,1.204691463,15,75,15x5
T4_NC_pos-4_w1,T4,NC,-4,160,1,225,0.02959551503,1.257441635,15,75,15x5
T4_NC_pos-4_w1,T4,NC,-4,160,1,230,-0.02059466609,1.280739015,15,75,15x5
T4_NC_pos-4_w1,T4,NC,-4,160,1,235,-0.08964475766,1.234969843,15,75,15x5
T4_NC_pos-4_w1,T4,NC,-4,160,1,240,-0.1181167459,1.15929013,15,75,15x5
T4_NC_pos-4_w1,T4,NC,-4,160,1,245,-0.1598955411,1.251114061,15,75,15x5
T4_NC_pos-4_w1,T4,NC,-4,160,1,250,-0.1935285387,1.223189326,15,75,15x5
T4_NC_pos-4_w1,T4,NC,-4,160,1,255,-0.1752543934,1.195041792,15,75,15x5
T4_NC_pos-4_w1,T4,NC,-4,160,1,260,-0.1846157792,1.241722074,15,75,15x5
T4_NC_pos-4_w1,T4,NC,-4,160,1,265,-0.2573032436,1.264200491,15,75,15x5
T4_NC_pos-4_w1,T4,NC,-4,160,1,270,-0.3894777349,1.215014002,15,75,15x5
T4_NC_pos-4_w1,T4,NC,-4,160,1,275,-0.3533469962,1.223712944,15,75,15x5
T4_NC_pos-4_w1,T4,NC,-4,160,1,280,-0.3022846539,1.272048126,15,75,15x5
T4_NC_pos-4_w1,T4,NC,-4,160,1,285,-0.2809580361,1.146558071,15,75,15x5
T4_NC_pos-4_w1,T4,NC,-4,160,1,290,-0.1596793425,1.050753744,15,75,15x5
T4_NC_pos-4_w1,T4,NC,-4,160,1,295,-0.1461112107,0.9867773472,15,75,15x5
T4_NC_pos-4_w1,T4,NC,-4,160,1,300,-0.1366340536,0.9512203347,15,75,15x5
T4_NC_pos-4_w1,T4,NC,-4,160,1,305,-0.1432463144,0.8842230456,15,75,15x5
T4_NC_pos-4_w1,T4,NC,-4,160,1,310,-0.1510945643,0.9719698055,15,75,15x5
T4_NC_pos-4_w1,T4,NC,-4,160,1,315,-0.2142308891,1.080595452,15,75,15x5
T4_NC_pos-4_w1,T4,NC,-4,160,1,320,-0.205352511,1.070741098,15,75,15x5
T4_NC_pos-4_w1,T4,NC,-4,160,1,325,-0.2711513714,1.08026426,15,75,15x5
T4_NC_pos-4_w1,T4,NC,-4,160,1,330,-0.2980726677,1.080603124,15,75,15x5
T4_NC_pos-4_w1,T4,NC,-4,160,1,335,-0.3895312758,1.123398157,15,75,15x5
T4_NC_pos-4_w1,T4,NC,-4,160,1,340,-0.2352947577,1.165121314,15,75,15x5
T4_NC_pos-4_w1,T4,NC,-4,160,1,345,-0.1790808179,1.238068371,15,75,15x5
T4_NC_pos-4_w1,T4,NC,-4,160,1,350,-0.1575924378,1.365486527,15,75,15x5
T4_NC_pos-4_w1,T4,NC,-4,160,1,355,-0.2327433942,1.399453536,15,75,15x5
T4_NC_pos-4_w1,T4,NC,-4,160,1,360,-0.2729263918,1.378270784,15,75,15x5
T4_NC_pos-4_w1,T4,NC,-4,160,1,365,-0.3390343995,1.394191688,15,75,15x5
T4_NC_pos-4_w1,T4,NC,-4,160,1,370,-0.3087924683,1.422633124,15,75,15x5
T4_NC_pos-4_w1,T4,NC,-4,160,1,375,-0.3679125741,1.365372121,15,75,15x5
T4_NC_pos-4_w1,T4,NC,-4,160,1,380,-0.4059024194,1.353871869,15,75,15x5
T4_NC_pos-4_w1,T4,NC,-4,160,1,385,-0.5031586262,1.214686588,15,75,15x5
T4_NC_pos-4_w1,T4,NC,-4,160,1,390,-0.3378962127,1.028917402,15,75,15x5
T4_NC_pos-4_w1,T4,NC,-4,160,1,395,-0.2507762798,0.9933414452,15,75,15x5
T4_NC_pos-4_w1,T4,NC,-4,160,1,400,-0.2205139579,1.111484879,15,75,15x5
T4_NC_pos-4_w1,T4,NC,-4,160,1,405,-0.2358754353,1.038850744,15,75,15x5
T4_NC_pos-4_w1,T4,NC,-4,160,1,410,-0.2767558586,1.218214747,15,75,15x5
T4_NC_pos-4_w1,T4,NC,-4,160,1,415,-0.3279240922,1.156104621,15,75,15x5
T4_NC_pos-4_w1,T4,NC,-4,160,1,420,-0.4308796783,1.1085517,15,75,15x5
T4_NC_pos-4_w1,T4,NC,-4,160,1,425,-0.4502000283,1.040765033,15,75,15x5
T4_NC_pos-4_w1,T4,NC,-4,160,1,430,-0.6013510051,0.9122337488,15,75,15x5
T4_NC_pos-4_w1,T4,NC,-4,160,1,435,-0.61717745,0.9446446405,15,75,15x5
T4_NC_pos-4_w1,T4,NC,-4,160,1,440,-0.5974476372,0.9282183534,15,75,15x5
T4_NC_pos-4_w1,T4,NC,-4,160,1,445,-0.5613486954,0.900692048,15,75,15x5
T4_NC_pos-4_w1,T4,NC,-4,160,1,450,-0.5065613328,1.13484388,15,75,15x5
T4_NC_pos-4_w1,T4,NC,-4,160,1,455,-0.4390008525,1.199477173,15,75,15x5
T4_NC_pos-4_w1,T4,NC,-4,160,1,460,-0.4653219758,1.263541128,15,75,15x5
T4_NC_pos-4_w1,T4,NC,-4,160,1,465,-0.4975528977,1.201681872,15,75,15x5
T4_NC_pos-4_w1,T4,NC,-4,160,1,470,-0.3919649958,1.23945783,15,75,15x5
T4_NC_pos-4_w1,T4,NC,-4,160,1,475,-0.2612263104,1.334566587,15,75,15x5
T4_NC_pos-4_w1,T4,NC,-4,160,1,480,-0.2075841451,1.47769809,15,75,15x5
T4_NC_pos-4_w1,T4,NC,-4,160,1,485,-0.1563776636,1.479084588,15,75,15x5
T4_NC_pos-4_w1,T4,NC,-4,160,1,490,-0.228830126,1.374412747,15,75,15x5
T4_NC_pos-4_w1,T4,NC,-4,160,1,495,-0.1869920816,1.596918668,15,75,15x5
T4_NC_pos-4_w1,T4,NC,-4,160,1,500,-0.2498392835,1.64645136,15,75,15x5
T4_NC_pos-4_w1,T4,NC,-4,160,1,505,-0.2136436384,1.656070618,15,75,15x5
T4_NC_pos-4_w1,T4,NC,-4,160,1,510,-0.3085087178,1.54960668,15,75,15x5
T4_NC_pos-4_w1,T4,NC,-4,160,1,515,-0.2825063165,1.472256305,15,75,15x5
T4_NC_pos-4_w1,T4,NC,-4,160,1,520,-0.264331988,1.439094747,15,75,15x5
T4_NC_pos-4_w1,T4,NC,-4,160,1,525,-0.2491526128,1.375569832,15,75,15x5
T4_NC_pos-4_w1,T4,NC,-4,160,1,530,-0.2827803804,1.297051671,15,75,15x5
T4_NC_pos-4_w1,T4,NC,-4,160,1,535,-0.2706145277,1.312819331,15,75,15x5
T4_NC_pos-4_w1,T4,NC,-4,160,1,540,-0.1420704394,1.368855355,15,75,15x5
T4_NC_pos-4_w1,T4,NC,-4,160,1,545,-0.08096585046,1.439636469,15,75,15x5
T4_NC_pos-4_w1,T4,NC,-4,160,1,550,0.05371318902,1.408299635,15,75,15x5
T4_NC_pos-4_w1,T4,NC,-4,160,1,555,0.1370608488,1.452613045,15,75,15x5
T4_NC_pos-4_w1,T4,NC,-4,160,1,560,0.1387887181,1.408520964,15,75,15x5
T4_NC_pos-4_w1,T4,NC,-4,160,1,565,0.1066376192,1.338785633,15,75,15x5
T4_NC_pos-4_w1,T4,NC,-4,160,1,570,0.1334812802,1.255196148,15,75,15x5
T4_NC_pos-4_w1,T4,NC,-4,160,1,575,0.1733000836,1.332544013,15,75,15x5
T4_NC_pos-4_w1,T4,NC,-4,160,1,580,0.1702216038,1.298551109,15,75,15x5
T4_NC_pos-4_w1,T4,NC,-4,160,1,585,0.1719141862,1.243848304,15,75,15x5
T4_NC_pos-4_w1,T4,NC,-4,160,1,590,0.1619777393,1.231749782,15,75,15x5
T4_NC_pos-4_w1,T4,NC,-4,160,1,595,0.167119874,1.171700418,15,75,15x5
T4_NC_pos-4_w1,T4,NC,-4,160,1,600,0.1729321044,1.171659643,15,75,15x5
T4_NC_pos-4_w1,T4,NC,-4,160,1,605,0.1652348618,1.178453948,15,75,15x5
T4_NC_pos-4_w1,T4,NC,-4,160,1,610,0.1224817482,1.099810754,15,75,15x5
T4_NC_pos-4_w1,T4,NC,-4,160,1,615,0.162068073,1.115661272,15,75,15x5
T4_NC_pos-4_w1,T4,NC,-4,160,1,620,0.2053601365,1.400899038,15,75,15x5
T4_NC_pos-4_w1,T4,NC,-4,160,1,625,0.1338776274,1.465608889,15,75,15x5
T4_NC_pos-4_w1,T4,NC,-4,160,1,630,0.07507525658,1.400349356,15,75,15x5
T4_NC_pos-4_w1,T4,NC,-4,160,1,635,-0.02965464777,1.375871539,15,75,15x5
T4_NC_pos-4_w1,T4,NC,-4,160,1,640,-0.01373323955,1.431620402,15,75,15x5
T4_NC_pos-4_w1,T4,NC,-4,160,1,645,0.0255153156,1.322835319,15,75,15x5
T4_NC_pos-4_w1,T4,NC,-4,160,1,650,0.04403861637,1.273193302,15,75,15x5
T4_NC_pos-4_w1,T4,NC,-4,160,1,655,0.1100886672,1.1791543,15,75,15x5
T4_NC_pos-4_w1,T4,NC,-4,160,1,660,0.152127139,1.141930766,15,75,15x5
T4_NC_pos-4_w1,T4,NC,-4,160,1,665,0.1730157633,1.05151415,15,75,15x5
T4_NC_pos-4_w1,T4,NC,-4,160,1,670,0.1482902444,0.9967137139,15,75,15x5
T4_NC_pos-4_w1,T4,NC,-4,160,1,675,0.04662938764,0.9022066742,15,75,15x5
T4_NC_pos-4_w1,T4,NC,-4,160,1,680,0.008735706318,0.9025107811,15,75,15x5
T4_NC_pos-4_w1,T4,NC,-4,160,1,685,-0.03354143043,0.9395565698,15,75,15x5
T4_NC_pos-4_w1,T4,NC,-4,160,1,690,-0.0406553295,0.9780155875,15,75,15x5
T4_NC_pos-4_w1,T4,NC,-4,160,1,695,0.02801734042,1.133358142,15,75,15x5
T4_NC_pos-4_w1,T4,NC,-4,160,1,700,0.08562212268,1.334799065,15,75,15x5
T4_NC_pos-4_w1,T4,NC,-4,160,1,705,0.1246187548,1.390141122,15,75,15x5
T4_NC_pos-4_w1,T4,NC,-4,160,1,710,0.1211262639,1.256895213,15,75,15x5
T4_NC_pos-4_w1,T4,NC,-4,160,1,715,0.07630911902,1.139656695,15,75,15x5
T4_NC_pos-4_w1,T4,NC,-4,160,1,720,0.07703620489,1.060410307,15,75,15x5
T4_NC_pos-4_w1,T4,NC,-4,160,1,725,0.09912678283,0.9021446757,15,75,15x5
T4_NC_pos-4_w1,T4,NC,-4,160,1,730,0.1303273628,0.8252153861,15,75,15x5
T4_NC_pos-4_w1,T4,NC,-4,160,1,735,0.1585964715,0.78764677,15,75,15x5
T4_NC_pos-4_w1,T4,NC,-4,160,1,740,0.1837287771,0.6907896195,15,75,15x5
T4_NC_pos-4_w1,T4,NC,-4,160,1,745,0.2351495545,0.7236114775,15,75,15x5
T4_NC_pos-4_w1,T4,NC,-4,160,1,750,0.1350799473,0.7444559292,15,75,15x5
T4_NC_pos-3_w1,T4,NC,-3,160,1,-200,-0.1200762739,0.7503463042,15,75,15x5
T4_NC_pos-3_w1,T4,NC,-3,160,1,-195,-0.08665538463,0.7605125569,15,75,15x5
T4_NC_pos-3_w1,T4,NC,-3,160,1,-190,-0.1071733435,0.6789747755,15,75,15x5
T4_NC_pos-3_w1,T4,NC,-3,160,1,-185,-0.0613928999,0.621970891,15,75,15x5
T4_NC_pos-3_w1,T4,NC,-3,160,1,-180,0.01146762107,0.4975967546,15,75,15x5
T4_NC_pos-3_w1,T4,NC,-3,160,1,-175,0.07498207975,0.5356027977,15,75,15x5
T4_NC_pos-3_w1,T4,NC,-3,160,1,-170,0.03061622709,0.4530859871,15,75,15x5
T4_NC_pos-3_w1,T4,NC,-3,160,1,-165,0.03976987992,0.4534574114,15,75,15x5
T4_NC_pos-3_w1,T4,NC,-3,160,1,-160,0.0447546581,0.5263461052,15,75,15x5
T4_NC_pos-3_w1,T4,NC,-3,160,1,-155,0.1071449206,0.7008306467,15,75,15x5
T4_NC_pos-3_w1,T4,NC,-3,160,1,-150,0.1718901994,0.8339913168,15,75,15x5
T4_NC_pos-3_w1,T4,NC,-3,160,1,-145,0.1590382153,0.7292330218,15,75,15x5
T4_NC_pos-3_w1,T4,NC,-3,160,1,-140,0.1882068559,0.6037915434,15,75,15x5
T4_NC_pos-3_w1,T4,NC,-3,160,1,-135,0.1223128388,0.5765948473,15,75,15x5
T4_NC_pos-3_w1,T4,NC,-3,160,1,-130,0.217797617,0.6146942542,15,75,15x5
T4_NC_pos-3_w1,T4,NC,-3,160,1,-125,0.2674024094,0.5015743421,15,75,15x5
T4_NC_pos-3_w1,T4,NC,-3,160,1,-120,0.2788096032,0.6509742757,15,75,15x5
T4_NC_pos-3_w1,T4,NC,-3,160,1,-115,0.3112395177,0.8135919965,15,75,15x5
T4_NC_pos-3_w1,T4,NC,-3,160,1,-110,0.3065050549,0.8112579698,15,75,15x5
T4_NC_pos-3_w1,T4,NC,-3,160,1,-105,0.2457729324,0.7676497471,15,75,15x5
T4_NC_pos-3_w1,T4,NC,-3,160,1,-100,0.2662205209,0.7268313392,15,75,15x5
T4_NC_pos-3_w1,T4,NC,-3,160,1,-95,0.2132504355,0.6237838829,15,75,15x5
T4_NC_pos-3_w1,T4,NC,-3,160,1,-90,0.2464040883,0.5592820599,15,75,15x5
T4_NC_pos-3_w1,T4,NC,-3,160,1,-85,0.1732216707,0.4954724386,15,75,15x5
T4_NC_pos-3_w1,T4,NC,-3,160,1,-80,0.2317626557,0.6399230996,15,75,15x5
T4_NC_pos-3_w1,T4,NC,-3,160,1,-75,0.1705257814,0.5845962085,15,75,15x5
T4_NC_pos-3_w1,T4,NC,-3,160,1,-70,0.2050033659,0.520201854,15,75,15x5
T4_NC_pos-3_w1,T4,NC,-3,160,1,-65,0.2279389377,0.5798271155,15,75,15x5
T4_NC_pos-3_w1,T4,NC,-3,160,1,-60,0.2462146805,0.6590602202,15,75,15x5
T4_NC_pos-3_w1,T4,NC,-3,160,1,-55,0.1648474135,0.7358155664,15,75,15x5
T4_NC_pos-3_w1,T4,NC,-3,160,1,-50,0.1228663695,0.7607366064,15,75,15x5
T4_NC_pos-3_w1,T4,NC,-3,160,1,-45,0.04126618639,0.7956941092,15,75,15x5
T4_NC_pos-3_w1,T4,NC,-3,160,1,-40,0.05868395196,0.8722469533,15,75,15x5
T4_NC_pos-3_w1,T4,NC,-3,160,1,-35,-0.04781559017,0.87192768,15,75,15x5
T4_NC_pos-3_w1,T4,NC,-3,160,1,-30,-0.01061788972,0.7729887893,15,75,15x5
T4_NC_pos-3_w1,T4,NC,-3,160,1,-25,-0.019247092,0.80183344,15,75,15x5
T4_NC_pos-3_w1,T4,NC,-3,160,1,-20,-0.0647937953,0.8019666136,15,75,15x5
T4_NC_pos-3_w1,T4,NC,-3,160,1,-15,-0.04261639399,0.731303388,15,75,15x5
T4_NC_pos-3_w1,T4,NC,-3,160,1,-10,-0.02219960523,0.7504697122,15,75,15x5
T4_NC_pos-3_w1,T4,NC,-3,160,1,-5,-0.1006135043,0.8300927928,15,75,15x5
T4_NC_pos-3_w1,T4,NC,-3,160,1,0,-0.1472757855,0.9043990905,15,75,15x5
T4_NC_pos-3_w1,T4,NC,-3,160,1,5,-0.1089260806,0.8375410361,15,75,15x5
T4_NC_pos-3_w1,T4,NC,-3,160,1,10,-0.1632703724,0.8455271246,15,75,15x5
T4_NC_pos-3_w1,T4,NC,-3,160,1,15,-0.179565173,0.8430891426,15,75,15x5
T4_NC_pos-3_w1,T4,NC,-3,160,1,20,-0.1943558323,0.8390555855,15,75,15x5
T4_NC_pos-3_w1,T4,NC,-3,160,1,25,-0.1625931848,0.7134299684,15,75,15x5
T4_NC_pos-3_w1,T4,NC,-3,160,1,30,-0.1544172182,0.7236274527,15,75,15x5
T4_NC_pos-3_w1,T4,NC,-3,160,1,35,-0.1508974786,0.8311881993,15,75,15x5
T4_NC_pos-3_w1,T4,NC,-3,160,1,40,-0.1362594139,0.8119044075,15,75,15x5
T4_NC_pos-3_w1,T4,NC,-3,160,1,45,-0.231456687,0.8855056619,15,75,15x5
T4_NC_pos-3_w1,T4,NC,-3,160,1,50,-0.2774049471,0.8575818731,15,75,15x5
T4_NC_pos-3_w1,T4,NC,-3,160,1,55,-0.2408670757,0.8631692294,15,75,15x5
T4_NC_pos-3_w1,T4,NC,-3,160,1,60,-0.3215135246,0.8511639486,15,75,15x5
T4_NC_pos-3_w1,T4,NC,-3,160,1,65,-0.4161563207,0.8699669639,15,75,15x5
T4_NC_pos-3_w1,T4,NC,-3,160,1,70,-0.4746129243,0.9925710186,15,75,15x5
T4_NC_pos-3_w1,T4,NC,-3,160,1,75,-0.5136661294,1.13832165,15,75,15x5
T4_NC_pos-3_w1,T4,NC,-3,160,1,80,-0.5466274339,1.236432439,15,75,15x5
T4_NC_pos-3_w1,T4,NC,-3,160,1,85,-0.5713436732,1.290501612,15,75,15x5
T4_NC_pos-3_w1,T4,NC,-3,160,1,90,-0.6223259789,1.22529835,15,75,15x5
T4_NC_pos-3_w1,T4,NC,-3,160,1,95,-0.6517150611,1.248669767,15,75,15x5
T4_NC_pos-3_w1,T4,NC,-3,160,1,100,-0.6448346276,1.221970541,15,75,15x5
T4_NC_pos-3_w1,T4,NC,-3,160,1,105,-0.5956382296,1.31735642,15,75,15x5
T4_NC_pos-3_w1,T4,NC,-3,160,1,110,-0.5569421978,1.388852674,15,75,15x5
T4_NC_pos-3_w1,T4,NC,-3,160,1,115,-0.5637480892,1.526778913,15,75,15x5
T4_NC_pos-3_w1,T4,NC,-3,160,1,120,-0.5610622833,1.554772383,15,75,15x5
T4_NC_pos-3_w1,T4,NC,-3,160,1,125,-0.6345285023,1.526234114,15,75,15x5
T4_NC_pos-3_w1,T4,NC,-3,160,1,130,-0.6828173199,1.518016903,15,75,15x5
T4_NC_pos-3_w1,T4,NC,-3,160,1,135,-0.7185612251,1.526328146,15,75,15x5
T4_NC_pos-3_w1,T4,NC,-3,160,1,140,-0.6560803846,1.366860734,15,75,15x5
T4_NC_pos-3_w1,T4,NC,-3,160,1,145,-0.5799445075,1.342890081,15,75,15x5
T4_NC_pos-3_w1,T4,NC,-3,160,1,150,-0.5334000326,1.336608771,15,75,15x5
T4_NC_pos-3_w1,T4,NC,-3,160,1,155,-0.4905966545,1.292958488,15,75,15x5
T4_NC_pos-3_w1,T4,NC,-3,160,1,160,-0.4555507347,1.230047015,15,75,15x5
T4_NC_pos-3_w1,T4,NC,-3,160,1,165,-0.4645670045,1.332051771,15,75,15x5
T4_NC_pos-3_w1,T4,NC,-3,160,1,170,-0.4692663431,1.326076415,15,75,15x5
T4_NC_pos-3_w1,T4,NC,-3,160,1,175,-0.5643610216,1.416911922,15,75,15x5
T4_NC_pos-3_w1,T4,NC,-3,160,1,180,-0.5464578979,1.467271979,15,75,15x5
T4_NC_pos-3_w1,T4,NC,-3,160,1,185,-0.4549031665,1.463280798,15,75,15x5
T4_NC_pos-3_w1,T4,NC,-3,160,1,190,-0.4538969088,1.423296702,15,75,15x5
T4_NC_pos-3_w1,T4,NC,-3,160,1,195,-0.4669873952,1.412123413,15,75,15x5
T4_NC_pos-3_w1,T4,NC,-3,160,1,200,-0.3522753582,1.36157575,15,75,15x5
T4_NC_pos-3_w1,T4,NC,-3,160,1,205,-0.3459183883,1.286043726,15,75,15x5
T4_NC_pos-3_w1,T4,NC,-3,160,1,210,-0.2510536142,1.21340176,15,75,15x5
T4_NC_pos-3_w1,T4,NC,-3,160,1,215,-0.2783165161,1.244991601,15,75,15x5
T4_NC_pos-3_w1,T4,NC,-3,160,1,220,-0.1363998087,1.278435171,15,75,15x5
T4_NC_pos-3_w1,T4,NC,-3,160,1,225,-0.0240478653,1.232340728,15,75,15x5
T4_NC_pos-3_w1,T4,NC,-3,160,1,230,0.005082588505,1.328347191,15,75,15x5
T4_NC_pos-3_w1,T4,NC,-3,160,1,235,-0.01864263535,1.295345274,15,75,15x5
T4_NC_pos-3_w1,T4,NC,-3,160,1,240,-0.06573898252,1.318164655,15,75,15x5
T4_NC_pos-3_w1,T4,NC,-3,160,1,245,-0.2229589764,1.328265911,15,75,15x5
T4_NC_pos-3_w1,T4,NC,-3,160,1,250,-0.1907385857,1.419085519,15,75,15x5
T4_NC_pos-3_w1,T4,NC,-3,160,1,255,-0.2409326333,1.417807269,15,75,15x5
T4_NC_pos-3_w1,T4,NC,-3,160,1,260,-0.2883451994,1.446237857,15,75,15x5
T4_NC_pos-3_w1,T4,NC,-3,160,1,265,-0.3111287261,1.494951062,15,75,15x5
T4_NC_pos-3_w1,T4,NC,-3,160,1,270,-0.3070747884,1.377467598,15,75,15x5
T4_NC_pos-3_w1,T4,NC,-3,160,1,275,-0.2993816565,1.346576728,15,75,15x5
T4_NC_pos-3_w1,T4,NC,-3,160,1,280,-0.3630102381,1.417277575,15,75,15x5
T4_NC_pos-3_w1,T4,NC,-3,160,1,285,-0.3267978043,1.349488152,15,75,15x5
T4_NC_pos-3_w1,T4,NC,-3,160,1,290,-0.3519895523,1.390583591,15,75,15x5
T4_NC_pos-3_w1,T4,NC,-3,160,1,295,-0.2870575926,1.46403086,15,75,15x5
T4_NC_pos-3_w1,T4,NC,-3,160,1,300,-0.2369388604,1.48191865,15,75,15x5
T4_NC_pos-3_w1,T4,NC,-3,160,1,305,-0.1283118559,1.661831534,15,75,15x5
T4_NC_pos-3_w1,T4,NC,-3,160,1,310,-0.14173709,1.696646837,15,75,15x5
T4_NC_pos-3_w1,T4,NC,-3,160,1,315,-0.1567639825,1.681480325,15,75,15x5
T4_NC_pos-3_w1,T4,NC,-3,160,1,320,-0.1282763146,1.630745956,15,75,15x5
T4_NC_pos-3_w1,T4,NC,-3,160,1,325,-0.07041276152,1.591486988,15,75,15x5
T4_NC_pos-3_w1,T4,NC,-3,160,1,330,-0.1440505108,1.661458334,15,75,15x5
T4_NC_pos-3_w1,T4,NC,-3,160,1,335,-0.158403431,1.697045505,15,75,15x5
T4_NC_pos-3_w1,T4,NC,-3,160,1,340,-0.2119957285,1.703397276,15,75,15x5
T4_NC_pos-3_w1,T4,NC,-3,160,1,345,-0.2378286752,1.734350382,15,75,15x5
T4_NC_pos-3_w1,T4,NC,-3,160,1,350,-0.2017564734,1.686884279,15,75,15x5
T4_NC_pos-3_w1,T4,NC,-3,160,1,355,-0.215052556,1.682076115,15,75,15x5
T4_NC_pos-3_w1,T4,NC,-3,160,1,360,-0.2260346378,1.689324616,15,75,15x5
T4_NC_pos-3_w1,T4,NC,-3,160,1,365,-0.2829594953,1.680889215,15,75,15x5
T4_NC_pos-3_w1,T4,NC,-3,160,1,370,-0.2564400814,1.691801948,15,75,15x5
T4_NC_pos-3_w1,T4,NC,-3,160,1,375,-0.2093298148,1.771294964,15,75,15x5
T4_NC_pos-3_w1,T4,NC,-3,160,1,380,-0.2379098209,1.814700714,15,75,15x5
T4_NC_pos-3_w1,T4,NC,-3,160,1,385,-0.1789901018,1.622136331,15,75,15x5
T4_NC_pos-3_w1,T4,NC,-3,160,1,390,-0.1180957591,1.590883888,15,75,15x5
T4_NC_pos-3_w1,T4,NC,-3,160,1,395,-0.1148754905,1.571971247,15,75,15x5
T4_NC_pos-3_w1,T4,NC,-3,160,1,400,-0.1120647965,1.628058168,15,75,15x5
T4_NC_pos-3_w1,T4,NC,-3,160,1,405,-0.2015012841,1.597711687,15,75,15x5
T4_NC_pos-3_w1,T4,NC,-3,160,1,410,-0.2172375478,1.522246844,15,75,15x5
T4_NC_pos-3_w1,T4,NC,-3,160,1,415,-0.2539014571,1.407397203,15,75,15x5
T4_NC_pos-3_w1,T4,NC,-3,160,1,420,-0.119672733,1.290455435,15,75,15x5
T4_NC_pos-3_w1,T4,NC,-3,160,1,425,-0.1226490354,1.271424677,15,75,15x5
T4_NC_pos-3_w1,T4,NC,-3,160,1,430,-0.153390346,1.366112692,15,75,15x5
T4_NC_pos-3_w1,T4,NC,-3,160,1,435,-0.1302169638,1.383812191,15,75,15x5
T4_NC_pos-3_w1,T4,NC,-3,160,1,440,-0.1464324196,1.497081268,15,75,15x5
T4_NC_pos-3_w1,T4,NC,-3,160,1,445,-0.1281284921,1.487315207,15,75,15x5
T4_NC_pos-3_w1,T4,NC,-3,160,1,450,-0.07403986774,1.529819516,15,75,15x5
T4_NC_pos-3_w1,T4,NC,-3,160,1,455,-0.04269556575,1.436747367,15,75,15x5
T4_NC_pos-3_w1,T4,NC,-3,160,1,460,-0.003035889313,1.472164077,15,75,15x5
T4_NC_pos-3_w1,T4,NC,-3,160,1,465,0.0992747334,1.483780311,15,75,15x5
T4_NC_pos-3_w1,T4,NC,-3,160,1,470,0.1552929161,1.474238643,15,75,15x5
T4_NC_pos-3_w1,T4,NC,-3,160,1,475,0.1870746113,1.54929446,15,75,15x5
T4_NC_pos-3_w1,T4,NC,-3,160,1,480,0.2368980647,1.682057777,15,75,15x5
T4_NC_pos-3_w1,T4,NC,-3,160,1,485,0.2733105087,1.718592769,15,75,15x5
T4_NC_pos-3_w1,T4,NC,-3,160,1,490,0.3236281827,1.843956155,15,75,15x5
T4_NC_pos-3_w1,T4,NC,-3,160,1,495,0.2186668376,1.916830622,15,75,15x5
T4_NC_pos-3_w1,T4,NC,-3,160,1,500,0.1611723423,1.904506837,15,75,15x5
T4_NC_pos-3_w1,T4,NC,-3,160,1,505,0.1322476679,1.812340921,15,75,15x5
T4_NC_pos-3_w1,T4,NC,-3,160,1,510,0.06206124133,1.907258671,15,75,15x5
T4_NC_pos-3_w1,T4,NC,-3,160,1,515,0.07094789172,1.885069501,15,75,15x5
T4_NC_pos-3_w1,T4,NC,-3,160,1,520,0.1356092979,1.843964944,15,75,15x5
T4_NC_pos-3_w1,T4,NC,-3,160,1,525,0.1822807163,1.760056962,15,75,15x5
T4_NC_pos-3_w1,T4,NC,-3,160,1,530,0.1330674481,1.734612974,15,75,15x5
T4_NC_pos-3_w1,T4,NC,-3,160,1,535,0.1662424481,1.661928292,15,75,15x5
T4_NC_pos-3_w1,T4,NC,-3,160,1,540,0.1705083211,1.660750461,15,75,15x5
T4_NC_pos-3_w1,T4,NC,-3,160,1,545,0.1326980138,1.734394154,15,75,15x5
T4_NC_pos-3_w1,T4,NC,-3,160,1,550,0.2020029894,1.659022014,15,75,15x5
T4_NC_pos-3_w1,T4,NC,-3,160,1,555,0.2428163594,1.681108154,15,75,15x5
T4_NC_pos-3_w1,T4,NC,-3,160,1,560,0.2468979222,1.722893896,15,75,15x5
T4_NC_pos-3_w1,T4,NC,-3,160,1,565,0.2406331787,1.764922139,15,75,15x5
T4_NC_pos-3_w1,T4,NC,-3,160,1,570,0.2650411864,1.718755509,15,75,15x5
T4_NC_pos-3_w1,T4,NC,-3,160,1,575,0.3630289967,1.627623492,15,75,15x5
T4_NC_pos-3_w1,T4,NC,-3,160,1,580,0.3711131644,1.69307449,15,75,15x5
T4_NC_pos-3_w1,T4,NC,-3,160,1,585,0.4168202869,1.666321819,15,75,15x5
T4_NC_pos-3_w1,T4,NC,-3,160,1,590,0.4177110887,1.790020778,15,75,15x5
T4_NC_pos-3_w1,T4,NC,-3,160,1,595,0.4159770024,1.816022029,15,75,15x5
T4_NC_pos-3_w1,T4,NC,-3,160,1,600,0.42391,1.780698997,15,75,15x5
T4_NC_pos-3_w1,T4,NC,-3,160,1,605,0.4044942999,1.716207861,15,75,15x5
T4_NC_pos-3_w1,T4,NC,-3,160,1,610,0.4252543936,1.640837567,15,75,15x5
T4_NC_pos-3_w1,T4,NC,-3,160,1,615,0.4125062861,1.58233694,15,75,15x5
T4_NC_pos-3_w1,T4,NC,-3,160,1,620,0.3928696052,1.595004888,15,75,15x5
T4_NC_pos-3_w1,T4,NC,-3,160,1,625,0.4393103663,1.594956768,15,75,15x5
T4_NC_pos-3_w1,T4,NC,-3,160,1,630,0.4434914001,1.58544909,15,75,15x5
T4_NC_pos-3_w1,T4,NC,-3,160,1,635,0.4158856512,1.58149371,15,75,15x5
T4_NC_pos-3_w1,T4,NC,-3,160,1,640,0.3320008832,1.615527195,15,75,15x5
T4_NC_pos-3_w1,T4,NC,-3,160,1,645,0.2526934656,1.664394746,15,75,15x5
T4_NC_pos-3_w1,T4,NC,-3,160,1,650,0.3159947578,1.636400405,15,75,15x5
T4_NC_pos-3_w1,T4,NC,-3,160,1,655,0.3236575275,1.693747365,15,75,15x5
T4_NC_pos-3_w1,T4,NC,-3,160,1,660,0.442080991,1.61126339,15,75,15x5
T4_NC_pos-3_w1,T4,NC,-3,160,1,665,0.343199886,1.672171078,15,75,15x5
T4_NC_pos-3_w1,T4,NC,-3,160,1,670,0.4028216402,1.649178795,15,75,15x5
T4_NC_pos-3_w1,T4,NC,-3,160,1,675,0.4293095319,1.635939237,15,75,15x5
T4_NC_pos-3_w1,T4,NC,-3,160,1,680,0.4466801567,1.562519288,15,75,15x5
T4_NC_pos-3_w1,T4,NC,-3,160,1,685,0.5199159727,1.348236574,15,75,15x5
T4_NC_pos-3_w1,T4,NC,-3,160,1,690,0.590948604,1.287622998,15,75,15x5
T4_NC_pos-3_w1,T4,NC,-3,160,1,695,0.5087233903,1.266114484,15,75,15x5
T4_NC_pos-3_w1,T4,NC,-3,160,1,700,0.4233432316,1.225256247,15,75,15x5
T4_NC_pos-3_w1,T4,NC,-3,160,1,705,0.365301046,1.249730216,15,75,15x5
T4_NC_pos-3_w1,T4,NC,-3,160,1,710,0.3694584229,1.292837818,15,75,15x5
T4_NC_pos-3_w1,T4,NC,-3,160,1,715,0.3528459076,1.2322167,15,75,15x5
T4_NC_pos-3_w1,T4,NC,-3,160,1,720,0.4338736243,1.206775573,15,75,15x5
T4_NC_pos-3_w1,T4,NC,-3,160,1,725,0.4939636935,1.157378677,15,75,15x5
T4_NC_pos-3_w1,T4,NC,-3,160,1,730,0.5186741432,1.040320265,15,75,15x5
T4_NC_pos-3_w1,T4,NC,-3,160,1,735,0.5671798006,0.9922387459,15,75,15x5
T4_NC_pos-3_w1,T4,NC,-3,160,1,740,0.5298088502,0.9136941186,15,75,15x5
T4_NC_pos-3_w1,T4,NC,-3,160,1,745,0.5350917867,0.9185905654,15,75,15x5
T4_NC_pos-3_w1,T4,NC,-3,160,1,750,0.4595005983,0.9945092801,15,75,15x5
T4_NC_pos-2_w1,T4,NC,-2,160,1,-200,-0.2717455213,0.5962457366,15,75,15x5
T4_NC_pos-2_w1,T4,NC,-2,160,1,-195,-0.1368143654,0.6756372583,15,75,15x5
T4_NC_pos-2_w1,T4,NC,-2,160,1,-190,-0.1945932285,0.5893362869,15,75,15x5
T4_NC_pos-2_w1,T4,NC,-2,160,1,-185,-0.180233915,0.5872179162,15,75,15x5
T4_NC_pos-2_w1,T4,NC,-2,160,1,-180,-0.2123974138,0.5761047947,15,75,15x5
T4_NC_pos-2_w1,T4,NC,-2,160,1,-175,-0.1371353937,0.6381919134,15,75,15x5
T4_NC_pos-2_w1,T4,NC,-2,160,1,-170,-0.134061591,0.5270225442,15,75,15x5
T4_NC_pos-2_w1,T4,NC,-2,160,1,-165,-0.04880281336,0.5290686591,15,75,15x5
T4_NC_pos-2_w1,T4,NC,-2,160,1,-160,-0.005479675387,0.6220277791,15,75,15x5
T4_NC_pos-2_w1,T4,NC,-2,160,1,-155,0.000636021262,0.5101311424,15,75,15x5
T4_NC_pos-2_w1,T4,NC,-2,160,1,-150,-0.09155024926,0.5390295097,15,75,15x5
T4_NC_pos-2_w1,T4,NC,-2,160,1,-145,0.10690901,0.56188811,15,75,15x5
T4_NC_pos-2_w1,T4,NC,-2,160,1,-140,0.1002589829,0.5661737487,15,75,15x5
T4_NC_pos-2_w1,T4,NC,-2,160,1,-135,0.1265146673,0.5330296247,15,75,15x5
T4_NC_pos-2_w1,T4,NC,-2,160,1,-130,0.2597579654,0.6047528069,15,75,15x5
T4_NC_pos-2_w1,T4,NC,-2,160,1,-125,0.2677999203,0.6885178028,15,75,15x5
T4_NC_pos-2_w1,T4,NC,-2,160,1,-120,0.1873429064,0.6558944739,15,75,15x5
T4_NC_pos-2_w1,T4,NC,-2,160,1,-115,0.1508307438,0.5735559153,15,75,15x5
T4_NC_pos-2_w1,T4,NC,-2,160,1,-110,0.1744584809,0.5464300832,15,75,15x5
T4_NC_pos-2_w1,T4,NC,-2,160,1,-105,0.1212330841,0.6229981739,15,75,15x5
T4_NC_pos-2_w1,T4,NC,-2,160,1,-100,0.1023377239,0.6960270663,15,75,15x5
T4_NC_pos-2_w1,T4,NC,-2,160,1,-95,0.1214132564,0.7089490042,15,75,15x5
T4_NC_pos-2_w1,T4,NC,-2,160,1,-90,0.08460700213,0.6882135534,15,75,15x5
T4_NC_pos-2_w1,T4,NC,-2,160,1,-85,-0.02299554162,0.5630931552,15,75,15x5
T4_NC_pos-2_w1,T4,NC,-2,160,1,-80,0.009205401265,0.4070584416,15,75,15x5
T4_NC_pos-2_w1,T4,NC,-2,160,1,-75,0.05053352499,0.4477406123,15,75,15x5
T4_NC_pos-2_w1,T4,NC,-2,160,1,-70,0.0938880427,0.4490294348,15,75,15x5
T4_NC_pos-2_w1,T4,NC,-2,160,1,-65,0.1929168787,0.5517244525,15,75,15x5
T4_NC_pos-2_w1,T4,NC,-2,160,1,-60,0.3534898878,0.6596121997,15,75,15x5
T4_NC_pos-2_w1,T4,NC,-2,160,1,-55,0.2946009785,0.6370237737,15,75,15x5
T4_NC_pos-2_w1,T4,NC,-2,160,1,-50,0.3283051299,0.623045623,15,75,15x5
T4_NC_pos-2_w1,T4,NC,-2,160,1,-45,0.2554462166,0.6609284488,15,75,15x5
T4_NC_pos-2_w1,T4,NC,-2,160,1,-40,0.1852081892,0.6284000802,15,75,15x5
T4_NC_pos-2_w1,T4,NC,-2,160,1,-35,0.1041505919,0.6553135635,15,75,15x5
T4_NC_pos-2_w1,T4,NC,-2,160,1,-30,0.1358205417,0.722271603,15,75,15x5
T4_NC_pos-2_w1,T4,NC,-2,160,1,-25,0.1246238926,0.7940292089,15,75,15x5
T4_NC_pos-2_w1,T4,NC,-2,160,1,-20,0.084322692,0.8186308152,15,75,15x5
T4_NC_pos-2_w1,T4,NC,-2,160,1,-15,0.1545046347,0.9894087464,15,75,15x5
T4_NC_pos-2_w1,T4,NC,-2,160,1,-10,0.1770835318,1.016694405,15,75,15x5
T4_NC_pos-2_w1,T4,NC,-2,160,1,-5,0.1173009785,1.073246016,15,75,15x5
T4_NC_pos-2_w1,T4,NC,-2,160,1,0,0.1069678623,1.118482859,15,75,15x5
T4_NC_pos-2_w1,T4,NC,-2,160,1,5,0.1569947039,1.086232696,15,75,15x5
T4_NC_pos-2_w1,T4,NC,-2,160,1,10,0.184556629,1.094209878,15,75,15x5
T4_NC_pos-2_w1,T4,NC,-2,160,1,15,0.2088251679,1.172588489,15,75,15x5
T4_NC_pos-2_w1,T4,NC,-2,160,1,20,0.3350860348,1.359996712,15,75,15x5
T4_NC_pos-2_w1,T4,NC,-2,160,1,25,0.3924643349,1.43005486,15,75,15x5
T4_NC_pos-2_w1,T4,NC,-2,160,1,30,0.3528322294,1.386290152,15,75,15x5
T4_NC_pos-2_w1,T4,NC,-2,160,1,35,0.4156148708,1.458899887,15,75,15x5
T4_NC_pos-2_w1,T4,NC,-2,160,1,40,0.4283772097,1.434922521,15,75,15x5
T4_NC_pos-2_w1,T4,NC,-2,160,1,45,0.448822034,1.422899585,15,75,15x5
T4_NC_pos-2_w1,T4,NC,-2,160,1,50,0.3463561746,1.462660801,15,75,15x5
T4_NC_pos-2_w1,T4,NC,-2,160,1,55,0.3638016094,1.332522548,15,75,15x5
T4_NC_pos-2_w1,T4,NC,-2,160,1,60,0.1836300587,1.332218907,15,75,15x5
T4_NC_pos-2_w1,T4,NC,-2,160,1,65,0.1231582164,1.274664653,15,75,15x5
T4_NC_pos-2_w1,T4,NC,-2,160,1,70,0.01645623562,1.223296496,15,75,15x5
T4_NC_pos-2_w1,T4,NC,-2,160,1,75,-0.07546913408,1.260534661,15,75,15x5
T4_NC_pos-2_w1,T4,NC,-2,160,1,80,-0.1867055199,1.241153022,15,75,15x5
T4_NC_pos-2_w1,T4,NC,-2,160,1,85,-0.2813281763,1.242132215,15,75,15x5
T4_NC_pos-2_w1,T4,NC,-2,160,1,90,-0.3935625746,1.296311095,15,75,15x5
T4_NC_pos-2_w1,T4,NC,-2,160,1,95,-0.4926654575,1.282830367,15,75,15x5
T4_NC_pos-2_w1,T4,NC,-2,160,1,100,-0.6369958672,1.305172591,15,75,15x5
T4_NC_pos-2_w1,T4,NC,-2,160,1,105,-0.6496866487,1.355714903,15,75,15x5
T4_NC_pos-2_w1,T4,NC,-2,160,1,110,-0.7755149284,1.374960233,15,75,15x5
T4_NC_pos-2_w1,T4,NC,-2,160,1,115,-0.8744916887,1.331229558,15,75,15x5
T4_NC_pos-2_w1,T4,NC,-2,160,1,120,-0.9151050451,1.390694845,15,75,15x5
T4_NC_pos-2_w1,T4,NC,-2,160,1,125,-0.9501145146,1.410176968,15,75,15x5
T4_NC_pos-2_w1,T4,NC,-2,160,1,130,-0.988230815,1.401561549,15,75,15x5
T4_NC_pos-2_w1,T4,NC,-2,160,1,135,-0.9899572768,1.377596603,15,75,15x5
T4_NC_pos-2_w1,T4,NC,-2,160,1,140,-0.9640148741,1.354162994,15,75,15x5
T4_NC_pos-2_w1,T4,NC,-2,160,1,145,-1.05616794,1.354981669,15,75,15x5
T4_NC_pos-2_w1,T4,NC,-2,160,1,150,-1.02414042,1.351993624,15,75,15x5
T4_NC_pos-2_w1,T4,NC,-2,160,1,155,-1.08070826,1.414098211,15,75,15x5
T4_NC_pos-2_w1,T4,NC,-2,160,1,160,-1.145686316,1.310639328,15,75,15x5
T4_NC_pos-2_w1,T4,NC,-2,160,1,165,-1.227458742,1.258668562,15,75,15x5
T4_NC_pos-2_w1,T4,NC,-2,160,1,170,-1.186558891,1.207407667,15,75,15x5
T4_NC_pos-2_w1,T4,NC,-2,160,1,175,-1.236963952,1.33076758,15,75,15x5
T4_NC_pos-2_w1,T4,NC,-2,160,1,180,-1.280480815,1.25340907,15,75,15x5
T4_NC_pos-2_w1,T4,NC,-2,160,1,185,-1.383364372,1.37460672,15,75,15x5
T4_NC_pos-2_w1,T4,NC,-2,160,1,190,-1.362173631,1.363153606,15,75,15x5
T4_NC_pos-2_w1,T4,NC,-2,160,1,195,-1.475361544,1.400526881,15,75,15x5
T4_NC_pos-2_w1,T4,NC,-2,160,1,200,-1.559601287,1.417279951,15,75,15x5
T4_NC_pos-2_w1,T4,NC,-2,160,1,205,-1.586777159,1.445640726,15,75,15x5
T4_NC_pos-2_w1,T4,NC,-2,160,1,210,-1.488165051,1.320160995,15,75,15x5
T4_NC_pos-2_w1,T4,NC,-2,160,1,215,-1.443786432,1.272902239,15,75,15x5
T4_NC_pos-2_w1,T4,NC,-2,160,1,220,-1.294401491,1.227315959,15,75,15x5
T4_NC_pos-2_w1,T4,NC,-2,160,1,225,-1.154153234,1.380331318,15,75,15x5
T4_NC_pos-2_w1,T4,NC,-2,160,1,230,-1.083589878,1.495992902,15,75,15x5
T4_NC_pos-2_w1,T4,NC,-2,160,1,235,-1.020423998,1.548033711,15,75,15x5
T4_NC_pos-2_w1,T4,NC,-2,160,1,240,-0.8603428893,1.429828898,15,75,15x5
T4_NC_pos-2_w1,T4,NC,-2,160,1,245,-0.7920922517,1.370272552,15,75,15x5
T4_NC_pos-2_w1,T4,NC,-2,160,1,250,-0.7081085385,1.263000497,15,75,15x5
T4_NC_pos-2_w1,T4,NC,-2,160,1,255,-0.5525626831,1.287393837,15,75,15x5
T4_NC_pos-2_w1,T4,NC,-2,160,1,260,-0.4665901556,1.299750811,15,75,15x5
T4_NC_pos-2_w1,T4,NC,-2,160,1,265,-0.3819380799,1.34002653,15,75,15x5
T4_NC_pos-2_w1,T4,NC,-2,160,1,270,-0.2923864519,1.354039905,15,75,15x5
T4_NC_pos-2_w1,T4,NC,-2,160,1,275,-0.2419967151,1.372808576,15,75,15x5
T4_NC_pos-2_w1,T4,NC,-2,160,1,280,-0.2631771588,1.354080364,15,75,15x5
T4_NC_pos-2_w1,T4,NC,-2,160,1,285,-0.1505205111,1.398178186,15,75,15x5
T4_NC_pos-2_w1,T4,NC,-2,160,1,290,-0.131194904,1.4433924,15,75,15x5
T4_NC_pos-2_w1,T4,NC,-2,160,1,295,-0.04181227612,1.422454374,15,75,15x5
T4_NC_pos-2_w1,T4,NC,-2,160,1,300,-0.07324516175,1.425311496,15,75,15x5
T4_NC_pos-2_w1,T4,NC,-2,160,1,305,0.1235505512,1.333331531,15,75,15x5
T4_NC_pos-2_w1,T4,NC,-2,160,1,310,0.1454977497,1.371282309,15,75,15x5
T4_NC_pos-2_w1,T4,NC,-2,160,1,315,0.2250904576,1.377101579,15,75,15x5
T4_NC_pos-2_w1,T4,NC,-2,160,1,320,0.3111713014,1.428976063,15,75,15x5
T4_NC_pos-2_w1,T4,NC,-2,160,1,325,0.2712239266,1.401117996,15,75,15x5
T4_NC_pos-2_w1,T4,NC,-2,160,1,330,0.1811296246,1.494845329,15,75,15x5
T4_NC_pos-2_w1,T4,NC,-2,160,1,335,0.2266147691,1.510859272,15,75,15x5
T4_NC_pos-2_w1,T4,NC,-2,160,1,340,0.2635988011,1.532994897,15,75,15x5
T4_NC_pos-2_w1,T4,NC,-2,160,1,345,0.2795824736,1.404463978,15,75,15x5
T4_NC_pos-2_w1,T4,NC,-2,160,1,350,0.3544827924,1.373863073,15,75,15x5
T4_NC_pos-2_w1,T4,NC,-2,160,1,355,0.5347259955,1.262432235,15,75,15x5
T4_NC_pos-2_w1,T4,NC,-2,160,1,360,0.5717693478,1.223281147,15,75,15x5
T4_NC_pos-2_w1,T4,NC,-2,160,1,365,0.6525145045,1.028029528,15,75,15x5
T4_NC_pos-2_w1,T4,NC,-2,160,1,370,0.7000878053,1.092281522,15,75,15x5
T4_NC_pos-2_w1,T4,NC,-2,160,1,375,0.6931103328,1.088924179,15,75,15x5
T4_NC_pos-2_w1,T4,NC,-2,160,1,380,0.6882924654,1.127219519,15,75,15x5
T4_NC_pos-2_w1,T4,NC,-2,160,1,385,0.7245648572,1.118393591,15,75,15x5
T4_NC_pos-2_w1,T4,NC,-2,160,1,390,0.7074522945,1.244941429,15,75,15x5
T4_NC_pos-2_w1,T4,NC,-2,160,1,395,0.6376020571,1.37220782,15,75,15x5
T4_NC_pos-2_w1,T4,NC,-2,160,1,400,0.5510859534,1.414669635,15,75,15x5
T4_NC_pos-2_w1,T4,NC,-2,160,1,405,0.5543940256,1.448496604,15,75,15x5
T4_NC_pos-2_w1,T4,NC,-2,160,1,410,0.548746956,1.487454349,15,75,15x5
T4_NC_pos-2_w1,T4,NC,-2,160,1,415,0.542991977,1.496884576,15,75,15x5
T4_NC_pos-2_w1,T4,NC,-2,160,1,420,0.6045591118,1.427224277,15,75,15x5
T4_NC_pos-2_w1,T4,NC,-2,160,1,425,0.4537182489,1.487724925,15,75,15x5
T4_NC_pos-2_w1,T4,NC,-2,160,1,430,0.3670351191,1.472877372,15,75,15x5
T4_NC_pos-2_w1,T4,NC,-2,160,1,435,0.2522991809,1.517058408,15,75,15x5
T4_NC_pos-2_w1,T4,NC,-2,160,1,440,0.2733763957,1.389930054,15,75,15x5
T4_NC_pos-2_w1,T4,NC,-2,160,1,445,0.3223082842,1.465522478,15,75,15x5
T4_NC_pos-2_w1,T4,NC,-2,160,1,450,0.3307133242,1.436332146,15,75,15x5
T4_NC_pos-2_w1,T4,NC,-2,160,1,455,0.3000659358,1.418121373,15,75,15x5
T4_NC_pos-2_w1,T4,NC,-2,160,1,460,0.2334469424,1.454953165,15,75,15x5
T4_NC_pos-2_w1,T4,NC,-2,160,1,465,0.135254594,1.574486563,15,75,15x5
T4_NC_pos-2_w1,T4,NC,-2,160,1,470,0.1224917057,1.51855727,15,75,15x5
T4_NC_pos-2_w1,T4,NC,-2,160,1,475,0.1012391077,1.592983666,15,75,15x5
T4_NC_pos-2_w1,T4,NC,-2,160,1,480,0.0179738723,1.639956991,15,75,15x5
T4_NC_pos-2_w1,T4,NC,-2,160,1,485,-0.02721823189,1.652600921,15,75,15x5
T4_NC_pos-2_w1,T4,NC,-2,160,1,490,-0.04631990738,1.549260222,15,75,15x5
T4_NC_pos-2_w1,T4,NC,-2,160,1,495,-0.09604381865,1.582135024,15,75,15x5
T4_NC_pos-2_w1,T4,NC,-2,160,1,500,-0.08229097643,1.616091176,15,75,15x5
T4_NC_pos-2_w1,T4,NC,-2,160,1,505,-0.003260939802,1.752079259,15,75,15x5
T4_NC_pos-2_w1,T4,NC,-2,160,1,510,0.00851719071,1.621434207,15,75,15x5
T4_NC_pos-2_w1,T4,NC,-2,160,1,515,-0.07765592691,1.718586951,15,75,15x5
T4_NC_pos-2_w1,T4,NC,-2,160,1,520,0.003335403978,1.477530629,15,75,15x5
T4_NC_pos-2_w1,T4,NC,-2,160,1,525,0.06173321974,1.349344242,15,75,15x5
T4_NC_pos-2_w1,T4,NC,-2,160,1,530,0.0897543702,1.318601012,15,75,15x5
T4_NC_pos-2_w1,T4,NC,-2,160,1,535,0.1644144231,1.383616107,15,75,15x5
T4_NC_pos-2_w1,T4,NC,-2,160,1,540,0.1736595798,1.427589018,15,75,15x5
T4_NC_pos-2_w1,T4,NC,-2,160,1,545,0.2247461963,1.559481357,15,75,15x5
T4_NC_pos-2_w1,T4,NC,-2,160,1,550,0.1884501917,1.593419539,15,75,15x5
T4_NC_pos-2_w1,T4,NC,-2,160,1,555,0.2086383615,1.57432268,15,75,15x5
T4_NC_pos-2_w1,T4,NC,-2,160,1,560,0.1322717966,1.625602676,15,75,15x5
T4_NC_pos-2_w1,T4,NC,-2,160,1,565,0.1623605363,1.737779843,15,75,15x5
T4_NC_pos-2_w1,T4,NC,-2,160,1,570,0.2209477632,1.904533308,15,75,15x5
T4_NC_pos-2_w1,T4,NC,-2,160,1,575,0.3040218712,2.125527256,15,75,15x5
T4_NC_pos-2_w1,T4,NC,-2,160,1,580,0.2087874051,2.11911126,15,75,15x5
T4_NC_pos-2_w1,T4,NC,-2,160,1,585,0.1357443241,1.985179563,15,75,15x5
T4_NC_pos-2_w1,T4,NC,-2,160,1,590,0.1096874661,1.815803898,15,75,15x5
T4_NC_pos-2_w1,T4,NC,-2,160,1,595,0.1200378867,1.804588044,15,75,15x5
T4_NC_pos-2_w1,T4,NC,-2,160,1,600,0.09373416941,1.713758517,15,75,15x5
T4_NC_pos-2_w1,T4,NC,-2,160,1,605,0.1400994658,1.707213697,15,75,15x5
T4_NC_pos-2_w1,T4,NC,-2,160,1,610,0.1410436322,1.666664408,15,75,15x5
T4_NC_pos-2_w1,T4,NC,-2,160,1,615,0.08758051997,1.634229863,15,75,15x5
T4_NC_pos-2_w1,T4,NC,-2,160,1,620,0.0301864554,1.616073536,15,75,15x5
T4_NC_pos-2_w1,T4,NC,-2,160,1,625,-0.01919402215,1.703809492,15,75,15x5
T4_NC_pos-2_w1,T4,NC,-2,160,1,630,-0.05915223678,1.82719456,15,75,15x5
T4_NC_pos-2_w1,T4,NC,-2,160,1,635,-0.01163765938,1.880748594,15,75,15x5
T4_NC_pos-2_w1,T4,NC,-2,160,1,640,0.0006485500912,1.933011169,15,75,15x5
T4_NC_pos-2_w1,T4,NC,-2,160,1,645,-0.01089263157,1.896248744,15,75,15x5
T4_NC_pos-2_w1,T4,NC,-2,160,1,650,0.03835038838,1.882272497,15,75,15x5
T4_NC_pos-2_w1,T4,NC,-2,160,1,655,0.1006194428,1.868159998,15,75,15x5
T4_NC_pos-2_w1,T4,NC,-2,160,1,660,0.04734184815,1.882885063,15,75,15x5
T4_NC_pos-2_w1,T4,NC,-2,160,1,665,0.05215748375,1.802532247,15,75,15x5
T4_NC_pos-2_w1,T4,NC,-2,160,1,670,0.1563389584,1.801593608,15,75,15x5
T4_NC_pos-2_w1,T4,NC,-2,160,1,675,0.1572789734,1.86793966,15,75,15x5
T4_NC_pos-2_w1,T4,NC,-2,160,1,680,0.1410833961,2.011701033,15,75,15x5
T4_NC_pos-2_w1,T4,NC,-2,160,1,685,0.202790193,2.041560696,15,75,15x5
T4_NC_pos-2_w1,T4,NC,-2,160,1,690,0.362964396,1.90882475,15,75,15x5
T4_NC_pos-2_w1,T4,NC,-2,160,1,695,0.3624506665,1.843956905,15,75,15x5
T4_NC_pos-2_w1,T4,NC,-2,160,1,700,0.4634558354,1.748626072,15,75,15x5
T4_NC_pos-2_w1,T4,NC,-2,160,1,705,0.4775761922,1.643193504,15,75,15x5
T4_NC_pos-2_w1,T4,NC,-2,160,1,710,0.6028426757,1.601760877,15,75,15x5
T4_NC_pos-2_w1,T4,NC,-2,160,1,715,0.6655220815,1.554238165,15,75,15x5
T4_NC_pos-2_w1,T4,NC,-2,160,1,720,0.7190931709,1.463369718,15,75,15x5
T4_NC_pos-2_w1,T4,NC,-2,160,1,725,0.6162774675,1.426399357,15,75,15x5
T4_NC_pos-2_w1,T4,NC,-2,160,1,730,0.5763548925,1.398579473,15,75,15x5
T4_NC_pos-2_w1,T4,NC,-2,160,1,735,0.5177634938,1.540532839,15,75,15x5
T4_NC_pos-2_w1,T4,NC,-2,160,1,740,0.6423632835,1.569438223,15,75,15x5
T4_NC_pos-2_w1,T4,NC,-2,160,1,745,0.5820816324,1.656879689,15,75,15x5
T4_NC_pos-2_w1,T4,NC,-2,160,1,750,0.6869517247,1.575520775,15,75,15x5
T4_NC_pos-1_w1,T4,NC,-1,160,1,-200,0.1369379218,0.5126863806,15,75,15x5
T4_NC_pos-1_w1,T4,NC,-1,160,1,-195,0.03667106182,0.4843076918,15,75,15x5
T4_NC_pos-1_w1,T4,NC,-1,160,1,-190,-0.07705945303,0.4223608285,15,75,15x5
T4_NC_pos-1_w1,T4,NC,-1,160,1,-185,-0.06326403179,0.4316069348,15,75,15x5
T4_NC_pos-1_w1,T4,NC,-1,160,1,-180,-0.173705729,0.478826328,15,75,15x5
T4_NC_pos-1_w1,T4,NC,-1,160,1,-175,-0.09423512459,0.4470192337,15,75,15x5
T4_NC_pos-1_w1,T4,NC,-1,160,1,-170,-5.387712899e-05,0.4109307434,15,75,15x5
T4_NC_pos-1_w1,T4,NC,-1,160,1,-165,0.02211336951,0.3691304335,15,75,15x5
T4_NC_pos-1_w1,T4,NC,-1,160,1,-160,0.0287285608,0.4868433322,15,75,15x5
T4_NC_pos-1_w1,T4,NC,-1,160,1,-155,0.0006519836769,0.4515297058,15,75,15x5
T4_NC_pos-1_w1,T4,NC,-1,160,1,-150,0.009813654414,0.432751879,15,75,15x5
T4_NC_pos-1_w1,T4,NC,-1,160,1,-145,-0.04225857798,0.4863227088,15,75,15x5
T4_NC_pos-1_w1,T4,NC,-1,160,1,-140,-0.03928083073,0.5073305634,15,75,15x5
T4_NC_pos-1_w1,T4,NC,-1,160,1,-135,-0.07580673631,0.493734895,15,75,15x5
T4_NC_pos-1_w1,T4,NC,-1,160,1,-130,-0.1406017811,0.3425398054,15,75,15x5
T4_NC_pos-1_w1,T4,NC,-1,160,1,-125,-0.1025200859,0.3888313187,15,75,15x5
T4_NC_pos-1_w1,T4,NC,-1,160,1,-120,-0.04483348641,0.4219800558,15,75,15x5
T4_NC_pos-1_w1,T4,NC,-1,160,1,-115,-0.07414515715,0.476228933,15,75,15x5
T4_NC_pos-1_w1,T4,NC,-1,160,1,-110,-0.09115231018,0.4584913819,15,75,15x5
T4_NC_pos-1_w1,T4,NC,-1,160,1,-105,-0.09186226134,0.4812352014,15,75,15x5
T4_NC_pos-1_w1,T4,NC,-1,160,1,-100,-0.1484084457,0.4551252946,15,75,15x5
T4_NC_pos-1_w1,T4,NC,-1,160,1,-95,-0.1496758857,0.5928811406,15,75,15x5
T4_NC_pos-1_w1,T4,NC,-1,160,1,-90,-0.1773844429,0.5976707705,15,75,15x5
T4_NC_pos-1_w1,T4,NC,-1,160,1,-85,-0.1975376276,0.6746785717,15,75,15x5
T4_NC_pos-1_w1,T4,NC,-1,160,1,-80,-0.2244906089,0.6988134119,15,75,15x5
T4_NC_pos-1_w1,T4,NC,-1,160,1,-75,-0.0913003871,0.729751001,15,75,15x5
T4_NC_pos-1_w1,T4,NC,-1,160,1,-70,-0.05237792068,0.7244583902,15,75,15x5
T4_NC_pos-1_w1,T4,NC,-1,160,1,-65,-0.04172348437,0.7962273571,15,75,15x5
T4_NC_pos-1_w1,T4,NC,-1,160,1,-60,-0.07111787794,0.7917595304,15,75,15x5
T4_NC_pos-1_w1,T4,NC,-1,160,1,-55,-0.04389929837,0.7990018219,15,75,15x5
T4_NC_pos-1_w1,T4,NC,-1,160,1,-50,-0.03443254013,0.8139560948,15,75,15x5
T4_NC_pos-1_w1,T4,NC,-1,160,1,-45,-0.1102302304,0.8687799718,15,75,15x5
T4_NC_pos-1_w1,T4,NC,-1,160,1,-40,-0.04292028942,0.8503714622,15,75,15x5
T4_NC_pos-1_w1,T4,NC,-1,160,1,-35,-0.02419224709,0.7320468394,15,75,15x5
T4_NC_pos-1_w1,T4,NC,-1,160,1,-30,-0.0984468055,0.7487569057,15,75,15x5
T4_NC_pos-1_w1,T4,NC,-1,160,1,-25,-0.09019041559,0.7384396645,15,75,15x5
T4_NC_pos-1_w1,T4,NC,-1,160,1,-20,-0.04676650432,0.6805436972,15,75,15x5
T4_NC_pos-1_w1,T4,NC,-1,160,1,-15,-0.06454054787,0.6438815057,15,75,15x5
T4_NC_pos-1_w1,T4,NC,-1,160,1,-10,-0.049448637,0.5087050063,15,75,15x5
T4_NC_pos-1_w1,T4,NC,-1,160,1,-5,0.005598748024,0.5332155316,15,75,15x5
T4_NC_pos-1_w1,T4,NC,-1,160,1,0,-0.009457397683,0.621284515,15,75,15x5
T4_NC_pos-1_w1,T4,NC,-1,160,1,5,0.05566636097,0.6983471578,15,75,15x5
T4_NC_pos-1_w1,T4,NC,-1,160,1,10,0.1246951868,0.7412927728,15,75,15x5
T4_NC_pos-1_w1,T4,NC,-1,160,1,15,0.2606836381,0.7506067353,15,75,15x5
T4_NC_pos-1_w1,T4,NC,-1,160,1,20,0.2854257525,0.7581023673,15,75,15x5
T4_NC_pos-1_w1,T4,NC,-1,160,1,25,0.4488891937,0.8628932614,15,75,15x5
T4_NC_pos-1_w1,T4,NC,-1,160,1,30,0.5497350728,0.9582315823,15,75,15x5
T4_NC_pos-1_w1,T4,NC,-1,160,1,35,0.4983832006,0.9349170906,15,75,15x5
T4_NC_pos-1_w1,T4,NC,-1,160,1,40,0.4389975881,0.9758831721,15,75,15x5
T4_NC_pos-1_w1,T4,NC,-1,160,1,45,0.3247276858,0.9709525826,15,75,15x5
T4_NC_pos-1_w1,T4,NC,-1,160,1,50,0.2391345742,0.9356679661,15,75,15x5
T4_NC_pos-1_w1,T4,NC,-1,160,1,55,0.01428292588,0.8511080337,15,75,15x5
T4_NC_pos-1_w1,T4,NC,-1,160,1,60,-0.06296767444,0.8358965072,15,75,15x5
T4_NC_pos-1_w1,T4,NC,-1,160,1,65,-0.2775498071,0.8393335441,15,75,15x5
T4_NC_pos-1_w1,T4,NC,-1,160,1,70,-0.4966351246,0.838488115,15,75,15x5
T4_NC_pos-1_w1,T4,NC,-1,160,1,75,-0.6692289077,0.8692836701,15,75,15x5
T4_NC_pos-1_w1,T4,NC,-1,160,1,80,-0.7728701571,0.9180730629,15,75,15x5
T4_NC_pos-1_w1,T4,NC,-1,160,1,85,-0.8666266692,0.9391821376,15,75,15x5
T4_NC_pos-1_w1,T4,NC,-1,160,1,90,-0.9930234945,0.9183991421,15,75,15x5
T4_NC_pos-1_w1,T4,NC,-1,160,1,95,-1.050730871,0.9184945704,15,75,15x5
T4_NC_pos-1_w1,T4,NC,-1,160,1,100,-1.231212037,0.979810939,15,75,15x5
T4_NC_pos-1_w1,T4,NC,-1,160,1,105,-1.322391199,0.9828273482,15,75,15x5
T4_NC_pos-1_w1,T4,NC,-1,160,1,110,-1.387447894,0.9815590462,15,75,15x5
T4_NC_pos-1_w1,T4,NC,-1,160,1,115,-1.451560328,1.112560026,15,75,15x5
T4_NC_pos-1_w1,T4,NC,-1,160,1,120,-1.533781706,1.067131515,15,75,15x5
T4_NC_pos-1_w1,T4,NC,-1,160,1,125,-1.519042247,1.096611939,15,75,15x5
T4_NC_pos-1_w1,T4,NC,-1,160,1,130,-1.500831339,1.173049571,15,75,15x5
T4_NC_pos-1_w1,T4,NC,-1,160,1,135,-1.629913391,1.169390157,15,75,15x5
T4_NC_pos-1_w1,T4,NC,-1,160,1,140,-1.685540355,1.171261632,15,75,15x5
T4_NC_pos-1_w1,T4,NC,-1,160,1,145,-1.705464724,1.168941905,15,75,15x5
T4_NC_pos-1_w1,T4,NC,-1,160,1,150,-1.725658436,1.264542732,15,75,15x5
T4_NC_pos-1_w1,T4,NC,-1,160,1,155,-1.754548779,1.249206217,15,75,15x5
T4_NC_pos-1_w1,T4,NC,-1,160,1,160,-1.810628562,1.197484476,15,75,15x5
T4_NC_pos-1_w1,T4,NC,-1,160,1,165,-1.796727107,1.287778638,15,75,15x5
T4_NC_pos-1_w1,T4,NC,-1,160,1,170,-1.903340731,1.272793003,15,75,15x5
T4_NC_pos-1_w1,T4,NC,-1,160,1,175,-1.940416413,1.294358782,15,75,15x5
T4_NC_pos-1_w1,T4,NC,-1,160,1,180,-1.984290955,1.336487242,15,75,15x5
T4_NC_pos-1_w1,T4,NC,-1,160,1,185,-2.033077392,1.387115862,15,75,15x5
T4_NC_pos-1_w1,T4,NC,-1,160,1,190,-2.07874648,1.397911129,15,75,15x5
T4_NC_pos-1_w1,T4,NC,-1,160,1,195,-2.026998484,1.438557024,15,75,15x5
T4_NC_pos-1_w1,T4,NC,-1,160,1,200,-2.066529264,1.423027347,15,75,15x5
T4_NC_pos-1_w1,T4,NC,-1,160,1,205,-2.043131116,1.418664615,15,75,15x5
T4_NC_pos-1_w1,T4,NC,-1,160,1,210,-2.019343366,1.415578727,15,75,15x5
T4_NC_pos-1_w1,T4,NC,-1,160,1,215,-1.947039459,1.314328675,15,75,15x5
T4_NC_pos-1_w1,T4,NC,-1,160,1,220,-1.912518387,1.281395434,15,75,15x5
T4_NC_pos-1_w1,T4,NC,-1,160,1,225,-1.829108456,1.234585307,15,75,15x5
T4_NC_pos-1_w1,T4,NC,-1,160,1,230,-1.704900031,1.246563074,15,75,15x5
T4_NC_pos-1_w1,T4,NC,-1,160,1,235,-1.541781624,1.339459533,15,75,15x5
T4_NC_pos-1_w1,T4,NC,-1,160,1,240,-1.456063604,1.365845649,15,75,15x5
T4_NC_pos-1_w1,T4,NC,-1,160,1,245,-1.349829477,1.384221916,15,75,15x5
T4_NC_pos-1_w1,T4,NC,-1,160,1,250,-1.306069079,1.408528759,15,75,15x5
T4_NC_pos-1_w1,T4,NC,-1,160,1,255,-1.220075021,1.425991224,15,75,15x5
T4_NC_pos-1_w1,T4,NC,-1,160,1,260,-1.149653735,1.416055244,15,75,15x5
T4_NC_pos-1_w1,T4,NC,-1,160,1,265,-1.026316158,1.477715408,15,75,15x5
T4_NC_pos-1_w1,T4,NC,-1,160,1,270,-0.968565324,1.388248502,15,75,15x5
T4_NC_pos-1_w1,T4,NC,-1,160,1,275,-0.921940558,1.325636946,15,75,15x5
T4_NC_pos-1_w1,T4,NC,-1,160,1,280,-0.8363100127,1.306870779,15,75,15x5
T4_NC_pos-1_w1,T4,NC,-1,160,1,285,-0.7564206964,1.320964863,15,75,15x5
T4_NC_pos-1_w1,T4,NC,-1,160,1,290,-0.7392647644,1.295461094,15,75,15x5
T4_NC_pos-1_w1,T4,NC,-1,160,1,295,-0.5984942109,1.270771628,15,75,15x5
T4_NC_pos-1_w1,T4,NC,-1,160,1,300,-0.4570671046,1.331392753,15,75,15x5
T4_NC_pos-1_w1,T4,NC,-1,160,1,305,-0.4080840053,1.237952238,15,75,15x5
T4_NC_pos-1_w1,T4,NC,-1,160,1,310,-0.3201950249,1.270201903,15,75,15x5
T4_NC_pos-1_w1,T4,NC,-1,160,1,315,-0.227892532,1.204606195,15,75,15x5
T4_NC_pos-1_w1,T4,NC,-1,160,1,320,-0.225964276,1.248020799,15,75,15x5
T4_NC_pos-1_w1,T4,NC,-1,160,1,325,-0.1923482605,1.175686361,15,75,15x5
T4_NC_pos-1_w1,T4,NC,-1,160,1,330,-0.2146361014,1.276398401,15,75,15x5
T4_NC_pos-1_w1,T4,NC,-1,160,1,335,-0.1794528596,1.274281338,15,75,15x5
T4_NC_pos-1_w1,T4,NC,-1,160,1,340,-0.09185495568,1.421933475,15,75,15x5
T4_NC_pos-1_w1,T4,NC,-1,160,1,345,0.02489473907,1.381874813,15,75,15x5
T4_NC_pos-1_w1,T4,NC,-1,160,1,350,0.1271554127,1.513364692,15,75,15x5
T4_NC_pos-1_w1,T4,NC,-1,160,1,355,0.1808515665,1.449244476,15,75,15x5
T4_NC_pos-1_w1,T4,NC,-1,160,1,360,0.2619784285,1.521091114,15,75,15x5
T4_NC_pos-1_w1,T4,NC,-1,160,1,365,0.3773679177,1.655929972,15,75,15x5
T4_NC_pos-1_w1,T4,NC,-1,160,1,370,0.4918073154,1.885756968,15,75,15x5
T4_NC_pos-1_w1,T4,NC,-1,160,1,375,0.6842045478,2.081924348,15,75,15x5
T4_NC_pos-1_w1,T4,NC,-1,160,1,380,0.8018246739,2.305106669,15,75,15x5
T4_NC_pos-1_w1,T4,NC,-1,160,1,385,0.8113546699,2.400924834,15,75,15x5
T4_NC_pos-1_w1,T4,NC,-1,160,1,390,0.8316260679,2.417277402,15,75,15x5
T4_NC_pos-1_w1,T4,NC,-1,160,1,395,0.825563919,2.273903957,15,75,15x5
T4_NC_pos-1_w1,T4,NC,-1,160,1,400,0.7940513121,2.113106549,15,75,15x5
T4_NC_pos-1_w1,T4,NC,-1,160,1,405,0.7411718046,1.866327888,15,75,15x5
T4_NC_pos-1_w1,T4,NC,-1,160,1,410,0.7690780826,1.69979104,15,75,15x5
T4_NC_pos-1_w1,T4,NC,-1,160,1,415,0.7835278384,1.612920376,15,75,15x5
T4_NC_pos-1_w1,T4,NC,-1,160,1,420,0.7167086585,1.588934512,15,75,15x5
T4_NC_pos-1_w1,T4,NC,-1,160,1,425,0.6580781843,1.595126232,15,75,15x5
T4_NC_pos-1_w1,T4,NC,-1,160,1,430,0.6273898958,1.525930915,15,75,15x5
T4_NC_pos-1_w1,T4,NC,-1,160,1,435,0.5878913203,1.56626061,15,75,15x5
T4_NC_pos-1_w1,T4,NC,-1,160,1,440,0.6173023907,1.600949341,15,75,15x5
T4_NC_pos-1_w1,T4,NC,-1,160,1,445,0.667930433,1.70732504,15,75,15x5
T4_NC_pos-1_w1,T4,NC,-1,160,1,450,0.7238947391,1.773502495,15,75,15x5
T4_NC_pos-1_w1,T4,NC,-1,160,1,455,0.7742124538,1.884365337,15,75,15x5
T4_NC_pos-1_w1,T4,NC,-1,160,1,460,0.7496643667,1.862900671,15,75,15x5
T4_NC_pos-1_w1,T4,NC,-1,160,1,465,0.6891162389,1.932638549,15,75,15x5
T4_NC_pos-1_w1,T4,NC,-1,160,1,470,0.682308282,1.990237145,15,75,15x5
T4_NC_pos-1_w1,T4,NC,-1,160,1,475,0.7001014037,1.932014528,15,75,15x5
T4_NC_pos-1_w1,T4,NC,-1,160,1,480,0.6502652519,1.953094725,15,75,15x5
T4_NC_pos-1_w1,T4,NC,-1,160,1,485,0.6399584957,1.990897841,15,75,15x5
T4_NC_pos-1_w1,T4,NC,-1,160,1,490,0.5297043341,1.853858016,15,75,15x5
T4_NC_pos-1_w1,T4,NC,-1,160,1,495,0.5068159438,1.81946167,15,75,15x5
T4_NC_pos-1_w1,T4,NC,-1,160,1,500,0.3337413304,1.709245128,15,75,15x5
T4_NC_pos-1_w1,T4,NC,-1,160,1,505,0.232807875,1.607011245,15,75,15x5
T4_NC_pos-1_w1,T4,NC,-1,160,1,510,0.1860655978,1.449918654,15,75,15x5
T4_NC_pos-1_w1,T4,NC,-1,160,1,515,0.1205993687,1.48324901,15,75,15x5
T4_NC_pos-1_w1,T4,NC,-1,160,1,520,0.124534096,1.62779985,15,75,15x5
T4_NC_pos-1_w1,T4,NC,-1,160,1,525,0.2113532861,1.761565728,15,75,15x5
T4_NC_pos-1_w1,T4,NC,-1,160,1,530,0.2267132576,1.740594549,15,75,15x5
T4_NC_pos-1_w1,T4,NC,-1,160,1,535,0.2459623317,1.686185097,15,75,15x5
T4_NC_pos-1_w1,T4,NC,-1,160,1,540,0.2253614057,1.617768532,15,75,15x5
T4_NC_pos-1_w1,T4,NC,-1,160,1,545,0.2809970691,1.61960883,15,75,15x5
T4_NC_pos-1_w1,T4,NC,-1,160,1,550,0.2966718962,1.733384636,15,75,15x5
T4_NC_pos-1_w1,T4,NC,-1,160,1,555,0.1980903943,1.750270265,15,75,15x5
T4_NC_pos-1_w1,T4,NC,-1,160,1,560,0.1668381762,1.754077277,15,75,15x5
T4_NC_pos-1_w1,T4,NC,-1,160,1,565,0.020202584,1.735854116,15,75,15x5
T4_NC_pos-1_w1,T4,NC,-1,160,1,570,-0.08533109528,1.672249728,15,75,15x5
T4_NC_pos-1_w1,T4,NC,-1,160,1,575,-0.1421182239,1.612814681,15,75,15x5
T4_NC_pos-1_w1,T4,NC,-1,160,1,580,-0.1733176948,1.651581197,15,75,15x5
T4_NC_pos-1_w1,T4,NC,-1,160,1,585,-0.1978225076,1.622120213,15,75,15x5
T4_NC_pos-1_w1,T4,NC,-1,160,1,590,-0.1655640623,1.69102991,15,75,15x5
T4_NC_pos-1_w1,T4,NC,-1,160,1,595,-0.1917719683,1.633720977,15,75,15x5
T4_NC_pos-1_w1,T4,NC,-1,160,1,600,-0.2309557392,1.685954829,15,75,15x5
T4_NC_pos-1_w1,T4,NC,-1,160,1,605,-0.2896903749,1.658086089,15,75,15x5
T4_NC_pos-1_w1,T4,NC,-1,160,1,610,-0.2652439768,1.594142148,15,75,15x5
T4_NC_pos-1_w1,T4,NC,-1,160,1,615,-0.2643370578,1.537624948,15,75,15x5
T4_NC_pos-1_w1,T4,NC,-1,160,1,620,-0.2389392251,1.550172617,15,75,15x5
T4_NC_pos-1_w1,T4,NC,-1,160,1,625,-0.2475156496,1.572681432,15,75,15x5
T4_NC_pos-1_w1,T4,NC,-1,160,1,630,-0.1318169215,1.570391385,15,75,15x5
T4_NC_pos-1_w1,T4,NC,-1,160,1,635,-0.1375765878,1.597243237,15,75,15x5
T4_NC_pos-1_w1,T4,NC,-1,160,1,640,-0.1238673387,1.519715342,15,75,15x5
T4_NC_pos-1_w1,T4,NC,-1,160,1,645,-0.07929143309,1.529381429,15,75,15x5
T4_NC_pos-1_w1,T4,NC,-1,160,1,650,-0.07777544815,1.545061961,15,75,15x5
T4_NC_pos-1_w1,T4,NC,-1,160,1,655,-0.06148839076,1.587093224,15,75,15x5
T4_NC_pos-1_w1,T4,NC,-1,160,1,660,0.04034955185,1.64245132,15,75,15x5
T4_NC_pos-1_w1,T4,NC,-1,160,1,665,0.1466616092,1.685630757,15,75,15x5
T4_NC_pos-1_w1,T4,NC,-1,160,1,670,0.1819778994,1.683290988,15,75,15x5
T4_NC_pos-1_w1,T4,NC,-1,160,1,675,0.2164451257,1.655662534,15,75,15x5
T4_NC_pos-1_w1,T4,NC,-1,160,1,680,0.3010751725,1.623792206,15,75,15x5
T4_NC_pos-1_w1,T4,NC,-1,160,1,685,0.3090013935,1.564431506,15,75,15x5
T4_NC_pos-1_w1,T4,NC,-1,160,1,690,0.3111065116,1.478738652,15,75,15x5
T4_NC_pos-1_w1,T4,NC,-1,160,1,695,0.3365530928,1.626417304,15,75,15x5
T4_NC_pos-1_w1,T4,NC,-1,160,1,700,0.3140292425,1.625845098,15,75,15x5
T4_NC_pos-1_w1,T4,NC,-1,160,1,705,0.2507498164,1.617743748,15,75,15x5
T4_NC_pos-1_w1,T4,NC,-1,160,1,710,0.3943394277,1.593226014,15,75,15x5
T4_NC_pos-1_w1,T4,NC,-1,160,1,715,0.4961264953,1.577589674,15,75,15x5
T4_NC_pos-1_w1,T4,NC,-1,160,1,720,0.5322922258,1.470929,15,75,15x5
T4_NC_pos-1_w1,T4,NC,-1,160,1,725,0.5991099711,1.557397426,15,75,15x5
T4_NC_pos-1_w1,T4,NC,-1,160,1,730,0.5421894684,1.483698694,15,75,15x5
T4_NC_pos-1_w1,T4,NC,-1,160,1,735,0.5366689658,1.481669009,15,75,15x5
T4_NC_pos-1_w1,T4,NC,-1,160,1,740,0.4943004981,1.44822834,15,75,15x5
T4_NC_pos-1_w1,T4,NC,-1,160,1,745,0.4450545885,1.431706564,15,75,15x5
T4_NC_pos-1_w1,T4,NC,-1,160,1,750,0.3233334041,1.382914774,15,75,15x5
T4_NC_pos+0_w1,T4,NC,0,160,1,-200,-0.2079320913,0.6656790082,15,75,15x5
T4_NC_pos+0_w1,T4,NC,0,160,1,-195,-0.2145977608,0.6426788337,15,75,15x5
T4_NC_pos+0_w1,T4,NC,0,160,1,-190,-0.1105650176,0.5450828118,15,75,15x5
T4_NC_pos+0_w1,T4,NC,0,160,1,-185,-0.05188892887,0.5720217299,15,75,15x5
T4_NC_pos+0_w1,T4,NC,0,160,1,-180,-0.02263418731,0.484259339,15,75,15x5
T4_NC_pos+0_w1,T4,NC,0,160,1,-175,-0.02635836314,0.4658425677,15,75,15x5
T4_NC_pos+0_w1,T4,NC,0,160,1,-170,0.03677836865,0.4033003697,15,75,15x5
T4_NC_pos+0_w1,T4,NC,0,160,1,-165,0.03259812852,0.4205226774,15,75,15x5
T4_NC_pos+0_w1,T4,NC,0,160,1,-160,0.06295278868,0.4036832981,15,75,15x5
T4_NC_pos+0_w1,T4,NC,0,160,1,-155,-0.00891210754,0.3663273737,15,75,15x5
T4_NC_pos+0_w1,T4,NC,0,160,1,-150,0.0513750109,0.3981378164,15,75,15x5
T4_NC_pos+0_w1,T4,NC,0,160,1,-145,0.03247376955,0.4705207397,15,75,15x5
T4_NC_pos+0_w1,T4,NC,0,160,1,-140,0.02229236946,0.4194553424,15,75,15x5
T4_NC_pos+0_w1,T4,NC,0,160,1,-135,-0.009776637454,0.3294451188,15,75,15x5
T4_NC_pos+0_w1,T4,NC,0,160,1,-130,0.002313329986,0.3248792176,15,75,15x5
T4_NC_pos+0_w1,T4,NC,0,160,1,-125,-0.065270797,0.323412508,15,75,15x5
T4_NC_pos+0_w1,T4,NC,0,160,1,-120,-0.03273095166,0.3307244469,15,75,15x5
T4_NC_pos+0_w1,T4,NC,0,160,1,-115,-0.08451646244,0.3146977147,15,75,15x5
T4_NC_pos+0_w1,T4,NC,0,160,1,-110,-0.04262814336,0.3820008814,15,75,15x5
T4_NC_pos+0_w1,T4,NC,0,160,1,-105,-0.133237484,0.48832447,15,75,15x5
T4_NC_pos+0_w1,T4,NC,0,160,1,-100,-0.03282260815,0.5389553201,15,75,15x5
T4_NC_pos+0_w1,T4,NC,0,160,1,-95,-0.1320187416,0.47419989,15,75,15x5
T4_NC_pos+0_w1,T4,NC,0,160,1,-90,-0.146010683,0.4673492481,15,75,15x5
T4_NC_pos+0_w1,T4,NC,0,160,1,-85,-0.1067234018,0.4688313808,15,75,15x5
T4_NC_pos+0_w1,T4,NC,0,160,1,-80,-0.04750478153,0.6068631985,15,75,15x5
T4_NC_pos+0_w1,T4,NC,0,160,1,-75,-0.08311546529,0.6648996817,15,75,15x5
T4_NC_pos+0_w1,T4,NC,0,160,1,-70,-0.09445504608,0.785997453,15,75,15x5
T4_NC_pos+0_w1,T4,NC,0,160,1,-65,0.01680250377,0.890831264,15,75,15x5
T4_NC_pos+0_w1,T4,NC,0,160,1,-60,0.1941010386,0.8821713086,15,75,15x5
T4_NC_pos+0_w1,T4,NC,0,160,1,-55,0.2394485152,1.014960377,15,75,15x5
T4_NC_pos+0_w1,T4,NC,0,160,1,-50,0.3094191501,1.064433756,15,75,15x5
T4_NC_pos+0_w1,T4,NC,0,160,1,-45,0.4357052103,1.148339346,15,75,15x5
T4_NC_pos+0_w1,T4,NC,0,160,1,-40,0.4511396426,1.185816791,15,75,15x5
T4_NC_pos+0_w1,T4,NC,0,160,1,-35,0.5837057801,1.200845258,15,75,15x5
T4_NC_pos+0_w1,T4,NC,0,160,1,-30,0.5640460732,1.103947113,15,75,15x5
T4_NC_pos+0_w1,T4,NC,0,160,1,-25,0.6718457679,1.176079132,15,75,15x5
T4_NC_pos+0_w1,T4,NC,0,160,1,-20,0.6527935701,1.149441864,15,75,15x5
T4_NC_pos+0_w1,T4,NC,0,160,1,-15,0.7253045795,1.155243528,15,75,15x5
T4_NC_pos+0_w1,T4,NC,0,160,1,-10,0.6099251737,1.058457154,15,75,15x5
T4_NC_pos+0_w1,T4,NC,0,160,1,-5,0.6401867732,1.154386636,15,75,15x5
T4_NC_pos+0_w1,T4,NC,0,160,1,0,0.592796297,1.155938996,15,75,15x5
T4_NC_pos+0_w1,T4,NC,0,160,1,5,0.5669469686,1.053897063,15,75,15x5
T4_NC_pos+0_w1,T4,NC,0,160,1,10,0.445941352,0.9830216859,15,75,15x5
T4_NC_pos+0_w1,T4,NC,0,160,1,15,0.4254035213,0.9565586315,15,75,15x5
T4_NC_pos+0_w1,T4,NC,0,160,1,20,0.3591728131,0.8831879944,15,75,15x5
T4_NC_pos+0_w1,T4,NC,0,160,1,25,0.3864908839,0.905377125,15,75,15x5
T4_NC_pos+0_w1,T4,NC,0,160,1,30,0.3107880756,0.9127039104,15,75,15x5
T4_NC_pos+0_w1,T4,NC,0,160,1,35,0.2947322148,0.9316814943,15,75,15x5
T4_NC_pos+0_w1,T4,NC,0,160,1,40,0.1200187431,0.9574163665,15,75,15x5
T4_NC_pos+0_w1,T4,NC,0,160,1,45,0.1018142864,1.00612672,15,75,15x5
T4_NC_pos+0_w1,T4,NC,0,160,1,50,0.07526400154,1.10132155,15,75,15x5
T4_NC_pos+0_w1,T4,NC,0,160,1,55,-0.07491560774,0.881223319,15,75,15x5
T4_NC_pos+0_w1,T4,NC,0,160,1,60,-0.2695364462,0.7869145621,15,75,15x5
T4_NC_pos+0_w1,T4,NC,0,160,1,65,-0.3811311348,0.7217581497,15,75,15x5
T4_NC_pos+0_w1,T4,NC,0,160,1,70,-0.5148623314,0.7255366276,15,75,15x5
T4_NC_pos+0_w1,T4,NC,0,160,1,75,-0.6392020139,0.7264161476,15,75,15x5
T4_NC_pos+0_w1,T4,NC,0,160,1,80,-0.7934448914,0.7834747895,15,75,15x5
T4_NC_pos+0_w1,T4,NC,0,160,1,85,-0.9413226082,0.8465184833,15,75,15x5
T4_NC_pos+0_w1,T4,NC,0,160,1,90,-0.9977154856,0.8426815132,15,75,15x5
T4_NC_pos+0_w1,T4,NC,0,160,1,95,-1.149749531,0.8953937689,15,75,15x5
T4_NC_pos+0_w1,T4,NC,0,160,1,100,-1.22007212,0.9564908113,15,75,15x5
T4_NC_pos+0_w1,T4,NC,0,160,1,105,-1.337695828,0.9601581077,15,75,15x5
T4_NC_pos+0_w1,T4,NC,0,160,1,110,-1.467734513,0.9850500854,15,75,15x5
T4_NC_pos+0_w1,T4,NC,0,160,1,115,-1.493062677,1.064807892,15,75,15x5
T4_NC_pos+0_w1,T4,NC,0,160,1,120,-1.535156755,1.064002415,15,75,15x5
T4_NC_pos+0_w1,T4,NC,0,160,1,125,-1.603052014,1.068510666,15,75,15x5
T4_NC_pos+0_w1,T4,NC,0,160,1,130,-1.5797954,1.089110563,15,75,15x5
T4_NC_pos+0_w1,T4,NC,0,160,1,135,-1.649773829,1.114671671,15,75,15x5
T4_NC_pos+0_w1,T4,NC,0,160,1,140,-1.66061398,1.123985704,15,75,15x5
T4_NC_pos+0_w1,T4,NC,0,160,1,145,-1.714336161,1.163809366,15,75,15x5
T4_NC_pos+0_w1,T4,NC,0,160,1,150,-1.648296886,1.187937549,15,75,15x5
T4_NC_pos+0_w1,T4,NC,0,160,1,155,-1.738000915,1.151222975,15,75,15x5
T4_NC_pos+0_w1,T4,NC,0,160,1,160,-1.808339254,1.146498873,15,75,15x5
T4_NC_pos+0_w1,T4,NC,0,160,1,165,-1.79669363,1.259466307,15,75,15x5
T4_NC_pos+0_w1,T4,NC,0,160,1,170,-1.76712269,1.277050866,15,75,15x5
T4_NC_pos+0_w1,T4,NC,0,160,1,175,-1.799926068,1.267390087,15,75,15x5
T4_NC_pos+0_w1,T4,NC,0,160,1,180,-1.730442979,1.271462443,15,75,15x5
T4_NC_pos+0_w1,T4,NC,0,160,1,185,-1.777566768,1.307167269,15,75,15x5
T4_NC_pos+0_w1,T4,NC,0,160,1,190,-1.758335388,1.277244233,15,75,15x5
T4_NC_pos+0_w1,T4,NC,0,160,1,195,-1.801368599,1.353349832,15,75,15x5
T4_NC_pos+0_w1,T4,NC,0,160,1,200,-1.820217907,1.39661009,15,75,15x5
T4_NC_pos+0_w1,T4,NC,0,160,1,205,-1.803683556,1.457443583,15,75,15x5
T4_NC_pos+0_w1,T4,NC,0,160,1,210,-1.775991839,1.30707198,15,75,15x5
T4_NC_pos+0_w1,T4,NC,0,160,1,215,-1.628353764,1.285758872,15,75,15x5
T4_NC_pos+0_w1,T4,NC,0,160,1,220,-1.568810887,1.288284815,15,75,15x5
T4_NC_pos+0_w1,T4,NC,0,160,1,225,-1.483117276,1.404870259,15,75,15x5
T4_NC_pos+0_w1,T4,NC,0,160,1,230,-1.421961701,1.397512486,15,75,15x5
T4_NC_pos+0_w1,T4,NC,0,160,1,235,-1.380934248,1.403905621,15,75,15x5
T4_NC_pos+0_w1,T4,NC,0,160,1,240,-1.361303235,1.376511372,15,75,15x5
T4_NC_pos+0_w1,T4,NC,0,160,1,245,-1.326842836,1.38433064,15,75,15x5
T4_NC_pos+0_w1,T4,NC,0,160,1,250,-1.298310805,1.342678481,15,75,15x5
T4_NC_pos+0_w1,T4,NC,0,160,1,255,-1.211254843,1.358841701,15,75,15x5
T4_NC_pos+0_w1,T4,NC,0,160,1,260,-1.171067541,1.343218631,15,75,15x5
T4_NC_pos+0_w1,T4,NC,0,160,1,265,-0.9757888678,1.436272962,15,75,15x5
T4_NC_pos+0_w1,T4,NC,0,160,1,270,-0.8961422459,1.414369282,15,75,15x5
T4_NC_pos+0_w1,T4,NC,0,160,1,275,-0.7784437315,1.391326824,15,75,15x5
T4_NC_pos+0_w1,T4,NC,0,160,1,280,-0.7039851234,1.323537421,15,75,15x5
T4_NC_pos+0_w1,T4,NC,0,160,1,285,-0.6370872195,1.180764004,15,75,15x5
T4_NC_pos+0_w1,T4,NC,0,160,1,290,-0.6063699423,1.130597738,15,75,15x5
T4_NC_pos+0_w1,T4,NC,0,160,1,295,-0.5728324779,1.192609626,15,75,15x5
T4_NC_pos+0_w1,T4,NC,0,160,1,300,-0.5314274718,1.350686728,15,75,15x5
T4_NC_pos+0_w1,T4,NC,0,160,1,305,-0.4262208377,1.335779733,15,75,15x5
T4_NC_pos+0_w1,T4,NC,0,160,1,310,-0.5194894987,1.463926313,15,75,15x5
T4_NC_pos+0_w1,T4,NC,0,160,1,315,-0.4065775532,1.480123054,15,75,15x5
T4_NC_pos+0_w1,T4,NC,0,160,1,320,-0.4225229338,1.555741214,15,75,15x5
T4_NC_pos+0_w1,T4,NC,0,160,1,325,-0.3971411877,1.490081811,15,75,15x5
T4_NC_pos+0_w1,T4,NC,0,160,1,330,-0.3393868532,1.484449535,15,75,15x5
T4_NC_pos+0_w1,T4,NC,0,160,1,335,-0.2402388271,1.422889894,15,75,15x5
T4_NC_pos+0_w1,T4,NC,0,160,1,340,-0.1007387864,1.359942254,15,75,15x5
T4_NC_pos+0_w1,T4,NC,0,160,1,345,0.0530781855,1.371088628,15,75,15x5
T4_NC_pos+0_w1,T4,NC,0,160,1,350,0.2267656295,1.389511732,15,75,15x5
T4_NC_pos+0_w1,T4,NC,0,160,1,355,0.2806100129,1.431174454,15,75,15x5
T4_NC_pos+0_w1,T4,NC,0,160,1,360,0.2588295286,1.444171825,15,75,15x5
T4_NC_pos+0_w1,T4,NC,0,160,1,365,0.2637289588,1.492192829,15,75,15x5
T4_NC_pos+0_w1,T4,NC,0,160,1,370,0.316152402,1.585299532,15,75,15x5
T4_NC_pos+0_w1,T4,NC,0,160,1,375,0.3388987594,1.654035152,15,75,15x5
T4_NC_pos+0_w1,T4,NC,0,160,1,380,0.3436547626,1.644447841,15,75,15x5
T4_NC_pos+0_w1,T4,NC,0,160,1,385,0.2895335783,1.620705637,15,75,15x5
T4_NC_pos+0_w1,T4,NC,0,160,1,390,0.3584740544,1.608989133,15,75,15x5
T4_NC_pos+0_w1,T4,NC,0,160,1,395,0.299452748,1.690965597,15,75,15x5
T4_NC_pos+0_w1,T4,NC,0,160,1,400,0.4064436108,1.803520494,15,75,15x5
T4_NC_pos+0_w1,T4,NC,0,160,1,405,0.3638397647,1.7949809,15,75,15x5
T4_NC_pos+0_w1,T4,NC,0,160,1,410,0.3395021375,1.789671255,15,75,15x5
T4_NC_pos+0_w1,T4,NC,0,160,1,415,0.4020477215,1.868858643,15,75,15x5
T4_NC_pos+0_w1,T4,NC,0,160,1,420,0.53782961,1.923039084,15,75,15x5
T4_NC_pos+0_w1,T4,NC,0,160,1,425,0.6280031346,1.924120664,15,75,15x5
T4_NC_pos+0_w1,T4,NC,0,160,1,430,0.848299146,1.823592878,15,75,15x5
T4_NC_pos+0_w1,T4,NC,0,160,1,435,0.8166759063,1.848561159,15,75,15x5
T4_NC_pos+0_w1,T4,NC,0,160,1,440,0.8431759673,1.721737702,15,75,15x5
T4_NC_pos+0_w1,T4,NC,0,160,1,445,0.8376547423,1.770345465,15,75,15x5
T4_NC_pos+0_w1,T4,NC,0,160,1,450,0.9114903548,1.752130827,15,75,15x5
T4_NC_pos+0_w1,T4,NC,0,160,1,455,0.9209969686,1.801629023,15,75,15x5
T4_NC_pos+0_w1,T4,NC,0,160,1,460,0.9191390524,1.868739401,15,75,15x5
T4_NC_pos+0_w1,T4,NC,0,160,1,465,0.938235654,1.837019724,15,75,15x5
T4_NC_pos+0_w1,T4,NC,0,160,1,470,1.008872854,1.922769612,15,75,15x5
T4_NC_pos+0_w1,T4,NC,0,160,1,475,1.015240273,2.04506188,15,75,15x5
T4_NC_pos+0_w1,T4,NC,0,160,1,480,1.05081215,2.04928698,15,75,15x5
T4_NC_pos+0_w1,T4,NC,0,160,1,485,1.076766199,2.149052776,15,75,15x5
T4_NC_pos+0_w1,T4,NC,0,160,1,490,1.171684657,2.199514322,15,75,15x5
T4_NC_pos+0_w1,T4,NC,0,160,1,495,1.185271918,2.239804338,15,75,15x5
T4_NC_pos+0_w1,T4,NC,0,160,1,500,1.200009199,2.238208552,15,75,15x5
T4_NC_pos+0_w1,T4,NC,0,160,1,505,1.141815406,2.097275598,15,75,15x5
T4_NC_pos+0_w1,T4,NC,0,160,1,510,1.036769516,1.954177978,15,75,15x5
T4_NC_pos+0_w1,T4,NC,0,160,1,515,1.118422345,1.923941792,15,75,15x5
T4_NC_pos+0_w1,T4,NC,0,160,1,520,1.030930424,1.841054536,15,75,15x5
T4_NC_pos+0_w1,T4,NC,0,160,1,525,0.9737225689,1.78615602,15,75,15x5
T4_NC_pos+0_w1,T4,NC,0,160,1,530,0.8770539486,1.745365296,15,75,15x5
T4_NC_pos+0_w1,T4,NC,0,160,1,535,0.8792731387,1.64828841,15,75,15x5
T4_NC_pos+0_w1,T4,NC,0,160,1,540,0.8536653243,1.587751471,15,75,15x5
T4_NC_pos+0_w1,T4,NC,0,160,1,545,0.9218912909,1.552320632,15,75,15x5
T4_NC_pos+0_w1,T4,NC,0,160,1,550,0.9147073878,1.577403345,15,75,15x5
T4_NC_pos+0_w1,T4,NC,0,160,1,555,0.9121059429,1.603853844,15,75,15x5
T4_NC_pos+0_w1,T4,NC,0,160,1,560,0.9275376686,1.553689171,15,75,15x5
T4_NC_pos+0_w1,T4,NC,0,160,1,565,0.9546587105,1.577849384,15,75,15x5
T4_NC_pos+0_w1,T4,NC,0,160,1,570,0.9607887879,1.6269647,15,75,15x5
T4_NC_pos+0_w1,T4,NC,0,160,1,575,0.9122997362,1.62792742,15,75,15x5
T4_NC_pos+0_w1,T4,NC,0,160,1,580,0.8403769238,1.701728882,15,75,15x5
T4_NC_pos+0_w1,T4,NC,0,160,1,585,0.8500613967,1.679372373,15,75,15x5
T4_NC_pos+0_w1,T4,NC,0,160,1,590,0.8243158941,1.634952571,15,75,15x5
T4_NC_pos+0_w1,T4,NC,0,160,1,595,0.7837006519,1.591294963,15,75,15x5
T4_NC_pos+0_w1,T4,NC,0,160,1,600,0.7123438957,1.65982397,15,75,15x5
T4_NC_pos+0_w1,T4,NC,0,160,1,605,0.7214126584,1.527942077,15,75,15x5
T4_NC_pos+0_w1,T4,NC,0,160,1,610,0.6796640829,1.50966884,15,75,15x5
T4_NC_pos+0_w1,T4,NC,0,160,1,615,0.7066700658,1.602466715,15,75,15x5
T4_NC_pos+0_w1,T4,NC,0,160,1,620,0.6616795897,1.615527661,15,75,15x5
T4_NC_pos+0_w1,T4,NC,0,160,1,625,0.6160490646,1.703335884,15,75,15x5
T4_NC_pos+0_w1,T4,NC,0,160,1,630,0.6993540504,1.852364014,15,75,15x5
T4_NC_pos+0_w1,T4,NC,0,160,1,635,0.7490086902,2.044419341,15,75,15x5
T4_NC_pos+0_w1,T4,NC,0,160,1,640,0.7595897036,1.972364257,15,75,15x5
T4_NC_pos+0_w1,T4,NC,0,160,1,645,0.6815693129,1.948776008,15,75,15x5
T4_NC_pos+0_w1,T4,NC,0,160,1,650,0.6646073674,1.865242739,15,75,15x5
T4_NC_pos+0_w1,T4,NC,0,160,1,655,0.6216094635,1.877622243,15,75,15x5
T4_NC_pos+0_w1,T4,NC,0,160,1,660,0.4844254789,1.775243463,15,75,15x5
T4_NC_pos+0_w1,T4,NC,0,160,1,665,0.4760630247,1.75862936,15,75,15x5
T4_NC_pos+0_w1,T4,NC,0,160,1,670,0.5429064924,1.655332211,15,75,15x5
T4_NC_pos+0_w1,T4,NC,0,160,1,675,0.5873014252,1.604843694,15,75,15x5
T4_NC_pos+0_w1,T4,NC,0,160,1,680,0.6699295693,1.483813593,15,75,15x5
T4_NC_pos+0_w1,T4,NC,0,160,1,685,0.6886948929,1.443219871,15,75,15x5
T4_NC_pos+0_w1,T4,NC,0,160,1,690,0.7450965616,1.285520254,15,75,15x5
T4_NC_pos+0_w1,T4,NC,0,160,1,695,0.7706956255,1.305083842,15,75,15x5
T4_NC_pos+0_w1,T4,NC,0,160,1,700,0.7849595449,1.283623698,15,75,15x5
T4_NC_pos+0_w1,T4,NC,0,160,1,705,0.7981961139,1.317706107,15,75,15x5
T4_NC_pos+0_w1,T4,NC,0,160,1,710,0.8325408432,1.260520027,15,75,15x5
T4_NC_pos+0_w1,T4,NC,0,160,1,715,0.8261354098,1.161040283,15,75,15x5
T4_NC_pos+0_w1,T4,NC,0,160,1,720,0.7026508554,1.074996839,15,75,15x5
T4_NC_pos+0_w1,T4,NC,0,160,1,725,0.6946265778,1.136505874,15,75,15x5
T4_NC_pos+0_w1,T4,NC,0,160,1,730,0.7663488204,1.198377885,15,75,15x5
T4_NC_pos+0_w1,T4,NC,0,160,1,735,0.710610481,1.293394541,15,75,15x5
T4_NC_pos+0_w1,T4,NC,0,160,1,740,0.7294940992,1.384741517,15,75,15x5
T4_NC_pos+0_w1,T4,NC,0,160,1,745,0.661085247,1.443338398,15,75,15x5
T4_NC_pos+0_w1,T4,NC,0,160,1,750,0.7142761098,1.322334201,15,75,15x5
T4_NC_pos+1_w1,T4,NC,1,160,1,-200,-0.3009773218,0.8052866275,15,75,15x5
T4_NC_pos+1_w1,T4,NC,1,160,1,-195,-0.334461286,0.8423082444,15,75,15x5
T4_NC_pos+1_w1,T4,NC,1,160,1,-190,-0.2853559238,0.7621705084,15,75,15x5
T4_NC_pos+1_w1,T4,NC,1,160,1,-185,-0.2705990861,0.6850214744,15,75,15x5
T4_NC_pos+1_w1,T4,NC,1,160,1,-180,-0.2901553234,0.6131150603,15,75,15x5
T4_NC_pos+1_w1,T4,NC,1,160,1,-175,-0.2113949042,0.5936935445,15,75,15x5
T4_NC_pos+1_w1,T4,NC,1,160,1,-170,-0.1657025864,0.4486848696,15,75,15x5
T4_NC_pos+1_w1,T4,NC,1,160,1,-165,-0.1101387585,0.4603127014,15,75,15x5
T4_NC_pos+1_w1,T4,NC,1,160,1,-160,-0.0800016299,0.4027681488,15,75,15x5
T4_NC_pos+1_w1,T4,NC,1,160,1,-155,-0.0160729669,0.4950477228,15,75,15x5
T4_NC_pos+1_w1,T4,NC,1,160,1,-150,0.06553318898,0.5520762963,15,75,15x5
T4_NC_pos+1_w1,T4,NC,1,160,1,-145,0.1478693815,0.647249124,15,75,15x5
T4_NC_pos+1_w1,T4,NC,1,160,1,-140,0.1818039155,0.7485375244,15,75,15x5
T4_NC_pos+1_w1,T4,NC,1,160,1,-135,0.2491511479,0.7771916467,15,75,15x5
T4_NC_pos+1_w1,T4,NC,1,160,1,-130,0.2481853156,0.857097663,15,75,15x5
T4_NC_pos+1_w1,T4,NC,1,160,1,-125,0.3274200327,0.8580512918,15,75,15x5
T4_NC_pos+1_w1,T4,NC,1,160,1,-120,0.2120574666,0.7761634335,15,75,15x5
T4_NC_pos+1_w1,T4,NC,1,160,1,-115,0.2375547804,0.7864878676,15,75,15x5
T4_NC_pos+1_w1,T4,NC,1,160,1,-110,0.16073034,0.7773346021,15,75,15x5
T4_NC_pos+1_w1,T4,NC,1,160,1,-105,0.1439169293,0.8144238783,15,75,15x5
T4_NC_pos+1_w1,T4,NC,1,160,1,-100,0.06499740347,0.8183957104,15,75,15x5
T4_NC_pos+1_w1,T4,NC,1,160,1,-95,0.09166971727,0.9144201946,15,75,15x5
T4_NC_pos+1_w1,T4,NC,1,160,1,-90,0.1949557266,1.157790293,15,75,15x5
T4_NC_pos+1_w1,T4,NC,1,160,1,-85,0.1931420005,1.015218208,15,75,15x5
T4_NC_pos+1_w1,T4,NC,1,160,1,-80,0.1603476273,0.960369175,15,75,15x5
T4_NC_pos+1_w1,T4,NC,1,160,1,-75,0.1272914104,0.8609230591,15,75,15x5
T4_NC_pos+1_w1,T4,NC,1,160,1,-70,0.1572148943,0.7614787068,15,75,15x5
T4_NC_pos+1_w1,T4,NC,1,160,1,-65,0.27197162,0.8823878891,15,75,15x5
T4_NC_pos+1_w1,T4,NC,1,160,1,-60,0.2579014735,1.024861354,15,75,15x5
T4_NC_pos+1_w1,T4,NC,1,160,1,-55,0.2632579244,1.088785843,15,75,15x5
T4_NC_pos+1_w1,T4,NC,1,160,1,-50,0.2319504865,1.068914335,15,75,15x5
T4_NC_pos+1_w1,T4,NC,1,160,1,-45,0.1568103664,1.110880308,15,75,15x5
T4_NC_pos+1_w1,T4,NC,1,160,1,-40,0.09158349423,1.104315118,15,75,15x5
T4_NC_pos+1_w1,T4,NC,1,160,1,-35,0.0945243469,1.109375636,15,75,15x5
T4_NC_pos+1_w1,T4,NC,1,160,1,-30,0.1166671939,1.139471061,15,75,15x5
T4_NC_pos+1_w1,T4,NC,1,160,1,-25,0.05980295903,1.107237594,15,75,15x5
T4_NC_pos+1_w1,T4,NC,1,160,1,-20,0.07127954633,1.043823015,15,75,15x5
T4_NC_pos+1_w1,T4,NC,1,160,1,-15,0.1235337893,0.9703890828,15,75,15x5
T4_NC_pos+1_w1,T4,NC,1,160,1,-10,0.04175641853,1.010338813,15,75,15x5
T4_NC_pos+1_w1,T4,NC,1,160,1,-5,0.03715029318,1.018923533,15,75,15x5
T4_NC_pos+1_w1,T4,NC,1,160,1,0,0.03913986379,1.101510589,15,75,15x5
T4_NC_pos+1_w1,T4,NC,1,160,1,5,0.01400639818,1.166931857,15,75,15x5
T4_NC_pos+1_w1,T4,NC,1,160,1,10,3.80424634e-05,1.228067184,15,75,15x5
T4_NC_pos+1_w1,T4,NC,1,160,1,15,0.07288411491,1.223395033,15,75,15x5
T4_NC_pos+1_w1,T4,NC,1,160,1,20,0.1246333009,1.250238197,15,75,15x5
T4_NC_pos+1_w1,T4,NC,1,160,1,25,0.06069745435,1.27610183,15,75,15x5
T4_NC_pos+1_w1,T4,NC,1,160,1,30,0.06866108886,1.301764885,15,75,15x5
T4_NC_pos+1_w1,T4,NC,1,160,1,35,-0.04148202266,1.27622076,15,75,15x5
T4_NC_pos+1_w1,T4,NC,1,160,1,40,-0.0801539905,1.22406008,15,75,15x5
T4_NC_pos+1_w1,T4,NC,1,160,1,45,-0.1771967459,1.249462974,15,75,15x5
T4_NC_pos+1_w1,T4,NC,1,160,1,50,-0.1984168619,1.181395507,15,75,15x5
T4_NC_pos+1_w1,T4,NC,1,160,1,55,-0.3072624765,1.106146465,15,75,15x5
T4_NC_pos+1_w1,T4,NC,1,160,1,60,-0.4158330402,1.043620558,15,75,15x5
T4_NC_pos+1_w1,T4,NC,1,160,1,65,-0.5572000121,0.9841088572,15,75,15x5
T4_NC_pos+1_w1,T4,NC,1,160,1,70,-0.5950369575,0.9405426662,15,75,15x5
T4_NC_pos+1_w1,T4,NC,1,160,1,75,-0.6221741065,0.9491313278,15,75,15x5
T4_NC_pos+1_w1,T4,NC,1,160,1,80,-0.6614048961,0.9812055184,15,75,15x5
T4_NC_pos+1_w1,T4,NC,1,160,1,85,-0.6868957589,0.9602594925,15,75,15x5
T4_NC_pos+1_w1,T4,NC,1,160,1,90,-0.7115099022,1.013308745,15,75,15x5
T4_NC_pos+1_w1,T4,NC,1,160,1,95,-0.732661052,1.03862769,15,75,15x5
T4_NC_pos+1_w1,T4,NC,1,160,1,100,-0.7167947007,1.04164431,15,75,15x5
T4_NC_pos+1_w1,T4,NC,1,160,1,105,-0.7385139213,1.057807925,15,75,15x5
T4_NC_pos+1_w1,T4,NC,1,160,1,110,-0.7573389518,1.081523426,15,75,15x5
T4_NC_pos+1_w1,T4,NC,1,160,1,115,-0.8062079791,1.073270987,15,75,15x5
T4_NC_pos+1_w1,T4,NC,1,160,1,120,-0.839910065,1.048958396,15,75,15x5
T4_NC_pos+1_w1,T4,NC,1,160,1,125,-0.8870519759,1.112216938,15,75,15x5
T4_NC_pos+1_w1,T4,NC,1,160,1,130,-0.9155653051,1.157289769,15,75,15x5
T4_NC_pos+1_w1,T4,NC,1,160,1,135,-0.9155053336,1.223589557,15,75,15x5
T4_NC_pos+1_w1,T4,NC,1,160,1,140,-0.918217452,1.194293121,15,75,15x5
T4_NC_pos+1_w1,T4,NC,1,160,1,145,-1.013595484,1.245555195,15,75,15x5
T4_NC_pos+1_w1,T4,NC,1,160,1,150,-1.040721512,1.123924662,15,75,15x5
T4_NC_pos+1_w1,T4,NC,1,160,1,155,-1.094765732,1.058179887,15,75,15x5
T4_NC_pos+1_w1,T4,NC,1,160,1,160,-1.115125205,1.010997892,15,75,15x5
T4_NC_pos+1_w1,T4,NC,1,160,1,165,-1.023037242,1.015127335,15,75,15x5
T4_NC_pos+1_w1,T4,NC,1,160,1,170,-1.054473801,0.9347241085,15,75,15x5
T4_NC_pos+1_w1,T4,NC,1,160,1,175,-0.9969990149,0.9235959505,15,75,15x5
T4_NC_pos+1_w1,T4,NC,1,160,1,180,-1.060423374,0.9949948483,15,75,15x5
T4_NC_pos+1_w1,T4,NC,1,160,1,185,-1.047978858,0.9670973554,15,75,15x5
T4_NC_pos+1_w1,T4,NC,1,160,1,190,-1.060466353,0.9582555901,15,75,15x5
T4_NC_pos+1_w1,T4,NC,1,160,1,195,-1.003462019,1.092565154,15,75,15x5
T4_NC_pos+1_w1,T4,NC,1,160,1,200,-1.022981483,1.20544314,15,75,15x5
T4_NC_pos+1_w1,T4,NC,1,160,1,205,-0.9943976718,1.27963611,15,75,15x5
T4_NC_pos+1_w1,T4,NC,1,160,1,210,-0.9513851464,1.278253263,15,75,15x5
T4_NC_pos+1_w1,T4,NC,1,160,1,215,-0.8744705249,1.361874187,15,75,15x5
T4_NC_pos+1_w1,T4,NC,1,160,1,220,-0.9570064427,1.344457799,15,75,15x5
T4_NC_pos+1_w1,T4,NC,1,160,1,225,-0.9005436425,1.345092731,15,75,15x5
T4_NC_pos+1_w1,T4,NC,1,160,1,230,-0.9242183678,1.422645627,15,75,15x5
T4_NC_pos+1_w1,T4,NC,1,160,1,235,-0.8965596478,1.438541115,15,75,15x5
T4_NC_pos+1_w1,T4,NC,1,160,1,240,-0.9068421977,1.428086112,15,75,15x5
T4_NC_pos+1_w1,T4,NC,1,160,1,245,-0.8297902441,1.489396055,15,75,15x5
T4_NC_pos+1_w1,T4,NC,1,160,1,250,-0.7193969596,1.54117941,15,75,15x5
T4_NC_pos+1_w1,T4,NC,1,160,1,255,-0.6370852583,1.534173379,15,75,15x5
T4_NC_pos+1_w1,T4,NC,1,160,1,260,-0.5940622831,1.533476495,15,75,15x5
T4_NC_pos+1_w1,T4,NC,1,160,1,265,-0.5309546315,1.590543628,15,75,15x5
T4_NC_pos+1_w1,T4,NC,1,160,1,270,-0.483357857,1.696781889,15,75,15x5
T4_NC_pos+1_w1,T4,NC,1,160,1,275,-0.33189059,1.751820155,15,75,15x5
T4_NC_pos+1_w1,T4,NC,1,160,1,280,-0.2578715322,1.811077303,15,75,15x5
T4_NC_pos+1_w1,T4,NC,1,160,1,285,-0.241499076,1.800144982,15,75,15x5
T4_NC_pos+1_w1,T4,NC,1,160,1,290,-0.250307043,1.86771172,15,75,15x5
T4_NC_pos+1_w1,T4,NC,1,160,1,295,-0.2080031969,1.910220212,15,75,15x5
T4_NC_pos+1_w1,T4,NC,1,160,1,300,-0.1102230788,1.919500153,15,75,15x5
T4_NC_pos+1_w1,T4,NC,1,160,1,305,-0.1204476718,1.849044242,15,75,15x5
T4_NC_pos+1_w1,T4,NC,1,160,1,310,-0.1442959421,1.734380027,15,75,15x5
T4_NC_pos+1_w1,T4,NC,1,160,1,315,-0.1243153051,1.777415897,15,75,15x5
T4_NC_pos+1_w1,T4,NC,1,160,1,320,0.06241194356,1.661907331,15,75,15x5
T4_NC_pos+1_w1,T4,NC,1,160,1,325,0.1796156269,1.654955896,15,75,15x5
T4_NC_pos+1_w1,T4,NC,1,160,1,330,0.2664334535,1.667892592,15,75,15x5
T4_NC_pos+1_w1,T4,NC,1,160,1,335,0.3064025113,1.660390183,15,75,15x5
T4_NC_pos+1_w1,T4,NC,1,160,1,340,0.4554911051,1.527300559,15,75,15x5
T4_NC_pos+1_w1,T4,NC,1,160,1,345,0.5695929977,1.553742032,15,75,15x5
T4_NC_pos+1_w1,T4,NC,1,160,1,350,0.639808423,1.573146543,15,75,15x5
T4_NC_pos+1_w1,T4,NC,1,160,1,355,0.6103966505,1.479777532,15,75,15x5
T4_NC_pos+1_w1,T4,NC,1,160,1,360,0.6014184759,1.504497197,15,75,15x5
T4_NC_pos+1_w1,T4,NC,1,160,1,365,0.6292010054,1.506901232,15,75,15x5
T4_NC_pos+1_w1,T4,NC,1,160,1,370,0.7745465691,1.557896299,15,75,15x5
T4_NC_pos+1_w1,T4,NC,1,160,1,375,0.8041670005,1.561431423,15,75,15x5
T4_NC_pos+1_w1,T4,NC,1,160,1,380,0.8649762191,1.550251959,15,75,15x5
T4_NC_pos+1_w1,T4,NC,1,160,1,385,0.8356517075,1.599122154,15,75,15x5
T4_NC_pos+1_w1,T4,NC,1,160,1,390,0.8795470779,1.633948775,15,75,15x5
T4_NC_pos+1_w1,T4,NC,1,160,1,395,0.932658016,1.545621334,15,75,15x5
T4_NC_pos+1_w1,T4,NC,1,160,1,400,0.9840802688,1.50247795,15,75,15x5
T4_NC_pos+1_w1,T4,NC,1,160,1,405,1.110001982,1.431579673,15,75,15x5
T4_NC_pos+1_w1,T4,NC,1,160,1,410,1.222488338,1.37420179,15,75,15x5
T4_NC_pos+1_w1,T4,NC,1,160,1,415,1.379076545,1.299190191,15,75,15x5
T4_NC_pos+1_w1,T4,NC,1,160,1,420,1.407101504,1.336355957,15,75,15x5
T4_NC_pos+1_w1,T4,NC,1,160,1,425,1.398306012,1.337857339,15,75,15x5
T4_NC_pos+1_w1,T4,NC,1,160,1,430,1.470765179,1.409768478,15,75,15x5
T4_NC_pos+1_w1,T4,NC,1,160,1,435,1.388796427,1.259662732,15,75,15x5
T4_NC_pos+1_w1,T4,NC,1,160,1,440,1.387238551,1.324570604,15,75,15x5
T4_NC_pos+1_w1,T4,NC,1,160,1,445,1.413917672,1.319749081,15,75,15x5
T4_NC_pos+1_w1,T4,NC,1,160,1,450,1.404068038,1.339137955,15,75,15x5
T4_NC_pos+1_w1,T4,NC,1,160,1,455,1.283205075,1.201042836,15,75,15x5
T4_NC_pos+1_w1,T4,NC,1,160,1,460,1.327691064,1.255880896,15,75,15x5
T4_NC_pos+1_w1,T4,NC,1,160,1,465,1.432502847,1.165313274,15,75,15x5
T4_NC_pos+1_w1,T4,NC,1,160,1,470,1.446601484,1.202925274,15,75,15x5
T4_NC_pos+1_w1,T4,NC,1,160,1,475,1.53003382,1.21453494,15,75,15x5
T4_NC_pos+1_w1,T4,NC,1,160,1,480,1.561381388,1.274303348,15,75,15x5
T4_NC_pos+1_w1,T4,NC,1,160,1,485,1.754171783,1.560589869,15,75,15x5
T4_NC_pos+1_w1,T4,NC,1,160,1,490,1.807445898,1.700758469,15,75,15x5
T4_NC_pos+1_w1,T4,NC,1,160,1,495,1.967418211,1.765517189,15,75,15x5
T4_NC_pos+1_w1,T4,NC,1,160,1,500,2.01200184,1.704529434,15,75,15x5
T4_NC_pos+1_w1,T4,NC,1,160,1,505,2.036553244,1.664238876,15,75,15x5
T4_NC_pos+1_w1,T4,NC,1,160,1,510,2.00191986,1.562033782,15,75,15x5
T4_NC_pos+1_w1,T4,NC,1,160,1,515,2.040577878,1.546453296,15,75,15x5
T4_NC_pos+1_w1,T4,NC,1,160,1,520,2.082114294,1.687926903,15,75,15x5
T4_NC_pos+1_w1,T4,NC,1,160,1,525,1.94240942,1.66963976,15,75,15x5
T4_NC_pos+1_w1,T4,NC,1,160,1,530,1.775666695,1.571077933,15,75,15x5
T4_NC_pos+1_w1,T4,NC,1,160,1,535,1.689688419,1.547700799,15,75,15x5
T4_NC_pos+1_w1,T4,NC,1,160,1,540,1.611602593,1.382793199,15,75,15x5
T4_NC_pos+1_w1,T4,NC,1,160,1,545,1.663066624,1.306816209,15,75,15x5
T4_NC_pos+1_w1,T4,NC,1,160,1,550,1.819600497,1.338724618,15,75,15x5
T4_NC_pos+1_w1,T4,NC,1,160,1,555,1.824820999,1.426273753,15,75,15x5
T4_NC_pos+1_w1,T4,NC,1,160,1,560,1.847643486,1.470180887,15,75,15x5
T4_NC_pos+1_w1,T4,NC,1,160,1,565,1.837615759,1.551128054,15,75,15x5
T4_NC_pos+1_w1,T4,NC,1,160,1,570,1.7292286,1.473295697,15,75,15x5
T4_NC_pos+1_w1,T4,NC,1,160,1,575,1.666749011,1.45608285,15,75,15x5
T4_NC_pos+1_w1,T4,NC,1,160,1,580,1.643121793,1.413177101,15,75,15x5
T4_NC_pos+1_w1,T4,NC,1,160,1,585,1.535982151,1.353603327,15,75,15x5
T4_NC_pos+1_w1,T4,NC,1,160,1,590,1.318048421,1.278328457,15,75,15x5
T4_NC_pos+1_w1,T4,NC,1,160,1,595,1.270474123,1.176499611,15,75,15x5
T4_NC_pos+1_w1,T4,NC,1,160,1,600,1.167097495,1.192682486,15,75,15x5
T4_NC_pos+1_w1,T4,NC,1,160,1,605,1.064013063,1.166940273,15,75,15x5
T4_NC_pos+1_w1,T4,NC,1,160,1,610,1.089482487,1.272942328,15,75,15x5
T4_NC_pos+1_w1,T4,NC,1,160,1,615,1.03493846,1.271022566,15,75,15x5
T4_NC_pos+1_w1,T4,NC,1,160,1,620,1.013402786,1.338730153,15,75,15x5
T4_NC_pos+1_w1,T4,NC,1,160,1,625,1.046517062,1.392564009,15,75,15x5
T4_NC_pos+1_w1,T4,NC,1,160,1,630,1.057625843,1.32598098,15,75,15x5
T4_NC_pos+1_w1,T4,NC,1,160,1,635,1.009569097,1.315557777,15,75,15x5
T4_NC_pos+1_w1,T4,NC,1,160,1,640,0.9767840233,1.331736023,15,75,15x5
T4_NC_pos+1_w1,T4,NC,1,160,1,645,1.034377257,1.398952556,15,75,15x5
T4_NC_pos+1_w1,T4,NC,1,160,1,650,1.225350639,1.521212243,15,75,15x5
T4_NC_pos+1_w1,T4,NC,1,160,1,655,1.255024662,1.689413936,15,75,15x5
T4_NC_pos+1_w1,T4,NC,1,160,1,660,1.316966339,1.779053207,15,75,15x5
T4_NC_pos+1_w1,T4,NC,1,160,1,665,1.350891461,1.817135124,15,75,15x5
T4_NC_pos+1_w1,T4,NC,1,160,1,670,1.342896111,1.752636005,15,75,15x5
T4_NC_pos+1_w1,T4,NC,1,160,1,675,1.274107171,1.736664174,15,75,15x5
T4_NC_pos+1_w1,T4,NC,1,160,1,680,1.138468283,1.649897281,15,75,15x5
T4_NC_pos+1_w1,T4,NC,1,160,1,685,1.043074947,1.604832946,15,75,15x5
T4_NC_pos+1_w1,T4,NC,1,160,1,690,0.9551203074,1.405423027,15,75,15x5
T4_NC_pos+1_w1,T4,NC,1,160,1,695,0.961761913,1.24924862,15,75,15x5
T4_NC_pos+1_w1,T4,NC,1,160,1,700,1.110385855,1.214376465,15,75,15x5
T4_NC_pos+1_w1,T4,NC,1,160,1,705,1.118905554,1.228064541,15,75,15x5
T4_NC_pos+1_w1,T4,NC,1,160,1,710,1.080835285,1.171590091,15,75,15x5
T4_NC_pos+1_w1,T4,NC,1,160,1,715,1.133196549,1.013410815,15,75,15x5
T4_NC_pos+1_w1,T4,NC,1,160,1,720,1.060704272,0.9511634683,15,75,15x5
T4_NC_pos+1_w1,T4,NC,1,160,1,725,1.018383932,0.9689541139,15,75,15x5
T4_NC_pos+1_w1,T4,NC,1,160,1,730,0.9446981869,0.8680785133,15,75,15x5
T4_NC_pos+1_w1,T4,NC,1,160,1,735,1.014642174,0.8122131775,15,75,15x5
T4_NC_pos+1_w1,T4,NC,1,160,1,740,0.9696331585,0.9360206867,15,75,15x5
T4_NC_pos+1_w1,T4,NC,1,160,1,745,0.9752075174,0.9285580939,15,75,15x5
T4_NC_pos+1_w1,T4,NC,1,160,1,750,0.9301634189,0.9886733077,15,75,15x5
T4_NC_pos+2_w1,T4,NC,2,160,1,-200,-0.05939895156,0.6533781086,15,75,15x5
T4_NC_pos+2_w1,T4,NC,2,160,1,-195,-0.1658188132,0.5897401343,15,75,15x5
T4_NC_pos+2_w1,T4,NC,2,160,1,-190,-0.08400212617,0.5797889445,15,75,15x5
T4_NC_pos+2_w1,T4,NC,2,160,1,-185,-0.04318845095,0.7047232506,15,75,15x5
T4_NC_pos+2_w1,T4,NC,2,160,1,-180,-0.1254665136,0.7266869346,15,75,15x5
T4_NC_pos+2_w1,T4,NC,2,160,1,-175,-0.1395840553,0.7230214101,15,75,15x5
T4_NC_pos+2_w1,T4,NC,2,160,1,-170,-0.08165812942,0.6408128053,15,75,15x5
T4_NC_pos+2_w1,T4,NC,2,160,1,-165,-0.1367534489,0.5421764033,15,75,15x5
T4_NC_pos+2_w1,T4,NC,2,160,1,-160,-0.1587848694,0.4882213729,15,75,15x5
T4_NC_pos+2_w1,T4,NC,2,160,1,-155,-0.1383441693,0.3919960309,15,75,15x5
T4_NC_pos+2_w1,T4,NC,2,160,1,-150,-0.08294880911,0.3934391591,15,75,15x5
T4_NC_pos+2_w1,T4,NC,2,160,1,-145,-0.06977013594,0.3881791583,15,75,15x5
T4_NC_pos+2_w1,T4,NC,2,160,1,-140,-0.01417111274,0.5018758337,15,75,15x5
T4_NC_pos+2_w1,T4,NC,2,160,1,-135,0.07595261539,0.571342287,15,75,15x5
T4_NC_pos+2_w1,T4,NC,2,160,1,-130,0.05992966056,0.5638712536,15,75,15x5
T4_NC_pos+2_w1,T4,NC,2,160,1,-125,0.1303845242,0.5791361314,15,75,15x5
T4_NC_pos+2_w1,T4,NC,2,160,1,-120,0.1991006821,0.7229637926,15,75,15x5
T4_NC_pos+2_w1,T4,NC,2,160,1,-115,0.3119858266,0.8030472169,15,75,15x5
T4_NC_pos+2_w1,T4,NC,2,160,1,-110,0.2631161482,0.9519653314,15,75,15x5
T4_NC_pos+2_w1,T4,NC,2,160,1,-105,0.2978518421,0.9516778744,15,75,15x5
T4_NC_pos+2_w1,T4,NC,2,160,1,-100,0.1728825299,0.8808315373,15,75,15x5
T4_NC_pos+2_w1,T4,NC,2,160,1,-95,0.06918761742,0.7661819747,15,75,15x5
T4_NC_pos+2_w1,T4,NC,2,160,1,-90,0.1061559528,0.7271572302,15,75,15x5
T4_NC_pos+2_w1,T4,NC,2,160,1,-85,0.04481740985,0.6421398839,15,75,15x5
T4_NC_pos+2_w1,T4,NC,2,160,1,-80,-0.02758047375,0.5872234417,15,75,15x5
T4_NC_pos+2_w1,T4,NC,2,160,1,-75,0.02725355149,0.6065839791,15,75,15x5
T4_NC_pos+2_w1,T4,NC,2,160,1,-70,0.03830540334,0.6206411119,15,75,15x5
T4_NC_pos+2_w1,T4,NC,2,160,1,-65,0.07624581848,0.7321510107,15,75,15x5
T4_NC_pos+2_w1,T4,NC,2,160,1,-60,0.02454944078,0.7574416142,15,75,15x5
T4_NC_pos+2_w1,T4,NC,2,160,1,-55,0.1186664941,0.8982158406,15,75,15x5
T4_NC_pos+2_w1,T4,NC,2,160,1,-50,0.1945331608,1.008572863,15,75,15x5
T4_NC_pos+2_w1,T4,NC,2,160,1,-45,0.1740978331,1.085687004,15,75,15x5
T4_NC_pos+2_w1,T4,NC,2,160,1,-40,0.1977697908,1.080046267,15,75,15x5
T4_NC_pos+2_w1,T4,NC,2,160,1,-35,0.2774705641,1.115449845,15,75,15x5
T4_NC_pos+2_w1,T4,NC,2,160,1,-30,0.2053782564,1.133985933,15,75,15x5
T4_NC_pos+2_w1,T4,NC,2,160,1,-25,0.1658984029,1.109143998,15,75,15x5
T4_NC_pos+2_w1,T4,NC,2,160,1,-20,0.1205273,1.057233776,15,75,15x5
T4_NC_pos+2_w1,T4,NC,2,160,1,-15,0.1279837102,1.103216817,15,75,15x5
T4_NC_pos+2_w1,T4,NC,2,160,1,-10,0.1648929491,1.17715929,15,75,15x5
T4_NC_pos+2_w1,T4,NC,2,160,1,-5,0.2212950655,1.232238374,15,75,15x5
T4_NC_pos+2_w1,T4,NC,2,160,1,0,0.244362709,1.335493091,15,75,15x5
T4_NC_pos+2_w1,T4,NC,2,160,1,5,0.2356073162,1.272578933,15,75,15x5
T4_NC_pos+2_w1,T4,NC,2,160,1,10,0.3163286838,1.348635493,15,75,15x5
T4_NC_pos+2_w1,T4,NC,2,160,1,15,0.411130963,1.471962598,15,75,15x5
T4_NC_pos+2_w1,T4,NC,2,160,1,20,0.4304787855,1.464024072,15,75,15x5
T4_NC_pos+2_w1,T4,NC,2,160,1,25,0.43180463,1.385188573,15,75,15x5
T4_NC_pos+2_w1,T4,NC,2,160,1,30,0.4228605519,1.36214112,15,75,15x5
T4_NC_pos+2_w1,T4,NC,2,160,1,35,0.2479111013,1.350761954,15,75,15x5
T4_NC_pos+2_w1,T4,NC,2,160,1,40,0.1421872104,1.288846182,15,75,15x5
T4_NC_pos+2_w1,T4,NC,2,160,1,45,0.07279510623,1.249108393,15,75,15x5
T4_NC_pos+2_w1,T4,NC,2,160,1,50,0.006999908834,1.237076123,15,75,15x5
T4_NC_pos+2_w1,T4,NC,2,160,1,55,-0.1258764444,1.185492677,15,75,15x5
T4_NC_pos+2_w1,T4,NC,2,160,1,60,-0.1324498266,1.159129211,15,75,15x5
T4_NC_pos+2_w1,T4,NC,2,160,1,65,-0.1703505185,1.182644531,15,75,15x5
T4_NC_pos+2_w1,T4,NC,2,160,1,70,-0.2758341164,1.207916273,15,75,15x5
T4_NC_pos+2_w1,T4,NC,2,160,1,75,-0.3713276451,1.155580424,15,75,15x5
T4_NC_pos+2_w1,T4,NC,2,160,1,80,-0.3965346455,1.186015454,15,75,15x5
T4_NC_pos+2_w1,T4,NC,2,160,1,85,-0.5207417273,1.181121524,15,75,15x5
T4_NC_pos+2_w1,T4,NC,2,160,1,90,-0.590210022,1.252488443,15,75,15x5
T4_NC_pos+2_w1,T4,NC,2,160,1,95,-0.592001475,1.299945725,15,75,15x5
T4_NC_pos+2_w1,T4,NC,2,160,1,100,-0.6787400993,1.320907186,15,75,15x5
T4_NC_pos+2_w1,T4,NC,2,160,1,105,-0.7301273195,1.317930726,15,75,15x5
T4_NC_pos+2_w1,T4,NC,2,160,1,110,-0.7384403842,1.210940031,15,75,15x5
T4_NC_pos+2_w1,T4,NC,2,160,1,115,-0.7437149467,1.235984558,15,75,15x5
T4_NC_pos+2_w1,T4,NC,2,160,1,120,-0.7962326512,1.237442302,15,75,15x5
T4_NC_pos+2_w1,T4,NC,2,160,1,125,-0.8207847066,1.219270986,15,75,15x5
T4_NC_pos+2_w1,T4,NC,2,160,1,130,-0.7879624029,1.230866656,15,75,15x5
T4_NC_pos+2_w1,T4,NC,2,160,1,135,-0.8548260578,1.264128566,15,75,15x5
T4_NC_pos+2_w1,T4,NC,2,160,1,140,-0.915186823,1.314679213,15,75,15x5
T4_NC_pos+2_w1,T4,NC,2,160,1,145,-0.8948024518,1.376595604,15,75,15x5
T4_NC_pos+2_w1,T4,NC,2,160,1,150,-0.9368402214,1.391748033,15,75,15x5
T4_NC_pos+2_w1,T4,NC,2,160,1,155,-0.9184358258,1.398691635,15,75,15x5
T4_NC_pos+2_w1,T4,NC,2,160,1,160,-0.9216716418,1.456624702,15,75,15x5
T4_NC_pos+2_w1,T4,NC,2,160,1,165,-0.8868346862,1.409217152,15,75,15x5
T4_NC_pos+2_w1,T4,NC,2,160,1,170,-0.8871151909,1.395551869,15,75,15x5
T4_NC_pos+2_w1,T4,NC,2,160,1,175,-0.8357445763,1.392676346,15,75,15x5
T4_NC_pos+2_w1,T4,NC,2,160,1,180,-0.8296602458,1.387872717,15,75,15x5
T4_NC_pos+2_w1,T4,NC,2,160,1,185,-0.801786416,1.360538265,15,75,15x5
T4_NC_pos+2_w1,T4,NC,2,160,1,190,-0.7798520244,1.264638521,15,75,15x5
T4_NC_pos+2_w1,T4,NC,2,160,1,195,-0.6645699731,1.245719978,15,75,15x5
T4_NC_pos+2_w1,T4,NC,2,160,1,200,-0.6223663101,1.223915036,15,75,15x5
T4_NC_pos+2_w1,T4,NC,2,160,1,205,-0.5442770956,1.20482243,15,75,15x5
T4_NC_pos+2_w1,T4,NC,2,160,1,210,-0.4773250403,1.209511537,15,75,15x5
T4_NC_pos+2_w1,T4,NC,2,160,1,215,-0.3837592283,1.242207482,15,75,15x5
T4_NC_pos+2_w1,T4,NC,2,160,1,220,-0.3937519023,1.293734326,15,75,15x5
T4_NC_pos+2_w1,T4,NC,2,160,1,225,-0.3772133594,1.3169593,15,75,15x5
T4_NC_pos+2_w1,T4,NC,2,160,1,230,-0.345037698,1.349683165,15,75,15x5
T4_NC_pos+2_w1,T4,NC,2,160,1,235,-0.3274593504,1.429494696,15,75,15x5
T4_NC_pos+2_w1,T4,NC,2,160,1,240,-0.2765660659,1.361180145,15,75,15x5
T4_NC_pos+2_w1,T4,NC,2,160,1,245,-0.1479492161,1.367690753,15,75,15x5
T4_NC_pos+2_w1,T4,NC,2,160,1,250,-0.189664153,1.392102708,15,75,15x5
T4_NC_pos+2_w1,T4,NC,2,160,1,255,-0.247440954,1.433885145,15,75,15x5
T4_NC_pos+2_w1,T4,NC,2,160,1,260,-0.162412871,1.453509593,15,75,15x5
T4_NC_pos+2_w1,T4,NC,2,160,1,265,-0.06145886202,1.506689585,15,75,15x5
T4_NC_pos+2_w1,T4,NC,2,160,1,270,-0.06318454375,1.52912334,15,75,15x5
T4_NC_pos+2_w1,T4,NC,2,160,1,275,-0.004060408626,1.466329487,15,75,15x5
T4_NC_pos+2_w1,T4,NC,2,160,1,280,0.05074528938,1.42608409,15,75,15x5
T4_NC_pos+2_w1,T4,NC,2,160,1,285,0.002469994304,1.406387775,15,75,15x5
T4_NC_pos+2_w1,T4,NC,2,160,1,290,0.03178672202,1.220733554,15,75,15x5
T4_NC_pos+2_w1,T4,NC,2,160,1,295,0.1962298641,1.077991824,15,75,15x5
T4_NC_pos+2_w1,T4,NC,2,160,1,300,0.366517532,1.0037184,15,75,15x5
T4_NC_pos+2_w1,T4,NC,2,160,1,305,0.3893172064,1.047394532,15,75,15x5
T4_NC_pos+2_w1,T4,NC,2,160,1,310,0.5144836695,1.096466983,15,75,15x5
T4_NC_pos+2_w1,T4,NC,2,160,1,315,0.5660250615,1.113458652,15,75,15x5
T4_NC_pos+2_w1,T4,NC,2,160,1,320,0.5846998681,1.19022513,15,75,15x5
T4_NC_pos+2_w1,T4,NC,2,160,1,325,0.6483397542,1.199484543,15,75,15x5
T4_NC_pos+2_w1,T4,NC,2,160,1,330,0.7563845242,1.18628716,15,75,15x5
T4_NC_pos+2_w1,T4,NC,2,160,1,335,0.8271583134,1.206447181,15,75,15x5
T4_NC_pos+2_w1,T4,NC,2,160,1,340,0.8902407717,1.197928833,15,75,15x5
T4_NC_pos+2_w1,T4,NC,2,160,1,345,0.9948841579,1.227922243,15,75,15x5
T4_NC_pos+2_w1,T4,NC,2,160,1,350,1.063238899,1.27111187,15,75,15x5
T4_NC_pos+2_w1,T4,NC,2,160,1,355,1.074056156,1.194934566,15,75,15x5
T4_NC_pos+2_w1,T4,NC,2,160,1,360,1.21254765,1.324848887,15,75,15x5
T4_NC_pos+2_w1,T4,NC,2,160,1,365,1.321311183,1.457107281,15,75,15x5
T4_NC_pos+2_w1,T4,NC,2,160,1,370,1.512401455,1.469297606,15,75,15x5
T4_NC_pos+2_w1,T4,NC,2,160,1,375,1.67636336,1.6445379,15,75,15x5
T4_NC_pos+2_w1,T4,NC,2,160,1,380,1.792809107,1.888023555,15,75,15x5
T4_NC_pos+2_w1,T4,NC,2,160,1,385,1.786338289,2.075188937,15,75,15x5
T4_NC_pos+2_w1,T4,NC,2,160,1,390,1.806898159,2.114321111,15,75,15x5
T4_NC_pos+2_w1,T4,NC,2,160,1,395,1.805999827,2.089561442,15,75,15x5
T4_NC_pos+2_w1,T4,NC,2,160,1,400,1.75798371,1.988406557,15,75,15x5
T4_NC_pos+2_w1,T4,NC,2,160,1,405,1.796808781,1.918942908,15,75,15x5
T4_NC_pos+2_w1,T4,NC,2,160,1,410,1.830682123,1.859115655,15,75,15x5
T4_NC_pos+2_w1,T4,NC,2,160,1,415,1.796357825,1.730467023,15,75,15x5
T4_NC_pos+2_w1,T4,NC,2,160,1,420,1.576335359,1.607569806,15,75,15x5
T4_NC_pos+2_w1,T4,NC,2,160,1,425,1.513177849,1.488869751,15,75,15x5
T4_NC_pos+2_w1,T4,NC,2,160,1,430,1.359561244,1.413776764,15,75,15x5
T4_NC_pos+2_w1,T4,NC,2,160,1,435,1.407304671,1.444872761,15,75,15x5
T4_NC_pos+2_w1,T4,NC,2,160,1,440,1.374017898,1.503724679,15,75,15x5
T4_NC_pos+2_w1,T4,NC,2,160,1,445,1.523043051,1.620730499,15,75,15x5
T4_NC_pos+2_w1,T4,NC,2,160,1,450,1.627317695,1.686083462,15,75,15x5
T4_NC_pos+2_w1,T4,NC,2,160,1,455,1.723693763,1.795215557,15,75,15x5
T4_NC_pos+2_w1,T4,NC,2,160,1,460,1.747730882,1.799888098,15,75,15x5
T4_NC_pos+2_w1,T4,NC,2,160,1,465,1.727317695,1.729124748,15,75,15x5
T4_NC_pos+2_w1,T4,NC,2,160,1,470,1.611263482,1.733900885,15,75,15x5
T4_NC_pos+2_w1,T4,NC,2,160,1,475,1.62044183,1.60032755,15,75,15x5
T4_NC_pos+2_w1,T4,NC,2,160,1,480,1.78928253,1.562724228,15,75,15x5
T4_NC_pos+2_w1,T4,NC,2,160,1,485,1.854240446,1.619998994,15,75,15x5
T4_NC_pos+2_w1,T4,NC,2,160,1,490,1.878790059,1.534080253,15,75,15x5
T4_NC_pos+2_w1,T4,NC,2,160,1,495,1.962172396,1.504174699,15,75,15x5
T4_NC_pos+2_w1,T4,NC,2,160,1,500,1.93949824,1.484578763,15,75,15x5
T4_NC_pos+2_w1,T4,NC,2,160,1,505,1.992925998,1.487802867,15,75,15x5
T4_NC_pos+2_w1,T4,NC,2,160,1,510,2.046197792,1.47109755,15,75,15x5
T4_NC_pos+2_w1,T4,NC,2,160,1,515,2.099503613,1.576077239,15,75,15x5
T4_NC_pos+2_w1,T4,NC,2,160,1,520,2.059896287,1.705964288,15,75,15x5
T4_NC_pos+2_w1,T4,NC,2,160,1,525,2.075312811,1.719290494,15,75,15x5
T4_NC_pos+2_w1,T4,NC,2,160,1,530,2.032858435,1.724211173,15,75,15x5
T4_NC_pos+2_w1,T4,NC,2,160,1,535,1.982672355,1.575565244,15,75,15x5
T4_NC_pos+2_w1,T4,NC,2,160,1,540,1.969401537,1.443285901,15,75,15x5
T4_NC_pos+2_w1,T4,NC,2,160,1,545,2.039004956,1.467171422,15,75,15x5
T4_NC_pos+2_w1,T4,NC,2,160,1,550,2.001405281,1.574360716,15,75,15x5
T4_NC_pos+2_w1,T4,NC,2,160,1,555,1.950817898,1.645640484,15,75,15x5
T4_NC_pos+2_w1,T4,NC,2,160,1,560,1.982155953,1.702605395,15,75,15x5
T4_NC_pos+2_w1,T4,NC,2,160,1,565,1.918705078,1.7634234,15,75,15x5
T4_NC_pos+2_w1,T4,NC,2,160,1,570,1.904591769,1.851959144,15,75,15x5
T4_NC_pos+2_w1,T4,NC,2,160,1,575,1.850704915,1.732816818,15,75,15x5
T4_NC_pos+2_w1,T4,NC,2,160,1,580,1.857458354,1.780018194,15,75,15x5
T4_NC_pos+2_w1,T4,NC,2,160,1,585,1.786639958,1.63954502,15,75,15x5
T4_NC_pos+2_w1,T4,NC,2,160,1,590,1.738519486,1.429794447,15,75,15x5
T4_NC_pos+2_w1,T4,NC,2,160,1,595,1.677349115,1.344315141,15,75,15x5
T4_NC_pos+2_w1,T4,NC,2,160,1,600,1.58018135,1.321846493,15,75,15x5
T4_NC_pos+2_w1,T4,NC,2,160,1,605,1.463335928,1.254115538,15,75,15x5
T4_NC_pos+2_w1,T4,NC,2,160,1,610,1.43682555,1.240772484,15,75,15x5
T4_NC_pos+2_w1,T4,NC,2,160,1,615,1.488951883,1.20066475,15,75,15x5
T4_NC_pos+2_w1,T4,NC,2,160,1,620,1.426845249,1.177242077,15,75,15x5
T4_NC_pos+2_w1,T4,NC,2,160,1,625,1.298804874,1.208125734,15,75,15x5
T4_NC_pos+2_w1,T4,NC,2,160,1,630,1.355305159,1.247559279,15,75,15x5
T4_NC_pos+2_w1,T4,NC,2,160,1,635,1.25698021,1.20474393,15,75,15x5
T4_NC_pos+2_w1,T4,NC,2,160,1,640,1.227634829,1.171632697,15,75,15x5
T4_NC_pos+2_w1,T4,NC,2,160,1,645,1.210563442,1.269931966,15,75,15x5
T4_NC_pos+2_w1,T4,NC,2,160,1,650,1.24545868,1.307722345,15,75,15x5
T4_NC_pos+2_w1,T4,NC,2,160,1,655,1.256842318,1.238824282,15,75,15x5
T4_NC_pos+2_w1,T4,NC,2,160,1,660,1.349010654,1.364456537,15,75,15x5
T4_NC_pos+2_w1,T4,NC,2,160,1,665,1.291299136,1.479335521,15,75,15x5
T4_NC_pos+2_w1,T4,NC,2,160,1,670,1.202007805,1.528725182,15,75,15x5
T4_NC_pos+2_w1,T4,NC,2,160,1,675,1.215074634,1.403596899,15,75,15x5
T4_NC_pos+2_w1,T4,NC,2,160,1,680,1.303557988,1.365273319,15,75,15x5
T4_NC_pos+2_w1,T4,NC,2,160,1,685,1.256476669,1.221390588,15,75,15x5
T4_NC_pos+2_w1,T4,NC,2,160,1,690,1.166004874,1.216279507,15,75,15x5
T4_NC_pos+2_w1,T4,NC,2,160,1,695,1.210905648,1.303257842,15,75,15x5
T4_NC_pos+2_w1,T4,NC,2,160,1,700,1.135839469,1.288969035,15,75,15x5
T4_NC_pos+2_w1,T4,NC,2,160,1,705,1.06796043,1.322658956,15,75,15x5
T4_NC_pos+2_w1,T4,NC,2,160,1,710,0.971584687,1.320534843,15,75,15x5
T4_NC_pos+2_w1,T4,NC,2,160,1,715,0.9907747562,1.404720303,15,75,15x5
T4_NC_pos+2_w1,T4,NC,2,160,1,720,0.8588953911,1.462829007,15,75,15x5
T4_NC_pos+2_w1,T4,NC,2,160,1,725,0.771785094,1.513948279,15,75,15x5
T4_NC_pos+2_w1,T4,NC,2,160,1,730,0.8265596972,1.498949585,15,75,15x5
T4_NC_pos+2_w1,T4,NC,2,160,1,735,0.8908883907,1.507256832,15,75,15x5
T4_NC_pos+2_w1,T4,NC,2,160,1,740,0.9013048335,1.480143968,15,75,15x5
T4_NC_pos+2_w1,T4,NC,2,160,1,745,1.017528847,1.581461614,15,75,15x5
T4_NC_pos+2_w1,T4,NC,2,160,1,750,1.051266738,1.651598199,15,75,15x5
T4_NC_pos+3_w1,T4,NC,3,160,1,-200,-0.0294375728,0.5456284467,15,75,15x5
T4_NC_pos+3_w1,T4,NC,3,160,1,-195,-0.04569230418,0.4805185409,15,75,15x5
T4_NC_pos+3_w1,T4,NC,3,160,1,-190,-0.1534941662,0.3782484951,15,75,15x5
T4_NC_pos+3_w1,T4,NC,3,160,1,-185,-0.280446303,0.4974226931,15,75,15x5
T4_NC_pos+3_w1,T4,NC,3,160,1,-180,-0.2758292293,0.6415290733,15,75,15x5
T4_NC_pos+3_w1,T4,NC,3,160,1,-175,-0.3666297787,0.4683844226,15,75,15x5
T4_NC_pos+3_w1,T4,NC,3,160,1,-170,-0.3978737958,0.4914758376,15,75,15x5
T4_NC_pos+3_w1,T4,NC,3,160,1,-165,-0.4251928129,0.6027763637,15,75,15x5
T4_NC_pos+3_w1,T4,NC,3,160,1,-160,-0.3700780185,0.5426965474,15,75,15x5
T4_NC_pos+3_w1,T4,NC,3,160,1,-155,-0.388732933,0.4904480583,15,75,15x5
T4_NC_pos+3_w1,T4,NC,3,160,1,-150,-0.3825183624,0.4976537108,15,75,15x5
T4_NC_pos+3_w1,T4,NC,3,160,1,-145,-0.324152296,0.4934459291,15,75,15x5
T4_NC_pos+3_w1,T4,NC,3,160,1,-140,-0.3869172737,0.5318387856,15,75,15x5
T4_NC_pos+3_w1,T4,NC,3,160,1,-135,-0.3871094389,0.6281422405,15,75,15x5
T4_NC_pos+3_w1,T4,NC,3,160,1,-130,-0.3238299008,0.6985761725,15,75,15x5
T4_NC_pos+3_w1,T4,NC,3,160,1,-125,-0.1228594694,0.5661620485,15,75,15x5
T4_NC_pos+3_w1,T4,NC,3,160,1,-120,-0.1157058878,0.4293460156,15,75,15x5
T4_NC_pos+3_w1,T4,NC,3,160,1,-115,0.05848504625,0.3953759548,15,75,15x5
T4_NC_pos+3_w1,T4,NC,3,160,1,-110,0.1063606364,0.4192796649,15,75,15x5
T4_NC_pos+3_w1,T4,NC,3,160,1,-105,0.2276460861,0.508740748,15,75,15x5
T4_NC_pos+3_w1,T4,NC,3,160,1,-100,0.243339391,0.5645292014,15,75,15x5
T4_NC_pos+3_w1,T4,NC,3,160,1,-95,0.2944431252,0.5952899469,15,75,15x5
T4_NC_pos+3_w1,T4,NC,3,160,1,-90,0.3026249933,0.5603914495,15,75,15x5
T4_NC_pos+3_w1,T4,NC,3,160,1,-85,0.414054277,0.6196148458,15,75,15x5
T4_NC_pos+3_w1,T4,NC,3,160,1,-80,0.4371356364,0.5345624096,15,75,15x5
T4_NC_pos+3_w1,T4,NC,3,160,1,-75,0.539588811,0.6816970395,15,75,15x5
T4_NC_pos+3_w1,T4,NC,3,160,1,-70,0.5944927589,0.7901676271,15,75,15x5
T4_NC_pos+3_w1,T4,NC,3,160,1,-65,0.6487215949,0.916844858,15,75,15x5
T4_NC_pos+3_w1,T4,NC,3,160,1,-60,0.6647712489,0.8607005734,15,75,15x5
T4_NC_pos+3_w1,T4,NC,3,160,1,-55,0.6079721036,0.9524923925,15,75,15x5
T4_NC_pos+3_w1,T4,NC,3,160,1,-50,0.607760901,0.8131420577,15,75,15x5
T4_NC_pos+3_w1,T4,NC,3,160,1,-45,0.6581652966,0.7826594347,15,75,15x5
T4_NC_pos+3_w1,T4,NC,3,160,1,-40,0.6537889535,0.7737256044,15,75,15x5
T4_NC_pos+3_w1,T4,NC,3,160,1,-35,0.6226207402,0.8095892389,15,75,15x5
T4_NC_pos+3_w1,T4,NC,3,160,1,-30,0.5960170772,0.7791448848,15,75,15x5
T4_NC_pos+3_w1,T4,NC,3,160,1,-25,0.5125800198,0.7486317841,15,75,15x5
T4_NC_pos+3_w1,T4,NC,3,160,1,-20,0.3486435424,0.7629904744,15,75,15x5
T4_NC_pos+3_w1,T4,NC,3,160,1,-15,0.2510780357,0.7344148323,15,75,15x5
T4_NC_pos+3_w1,T4,NC,3,160,1,-10,0.3906987418,0.8948963838,15,75,15x5
T4_NC_pos+3_w1,T4,NC,3,160,1,-5,0.3715582147,0.9561983154,15,75,15x5
T4_NC_pos+3_w1,T4,NC,3,160,1,0,0.391947185,1.15562499,15,75,15x5
T4_NC_pos+3_w1,T4,NC,3,160,1,5,0.442618288,1.065610636,15,75,15x5
T4_NC_pos+3_w1,T4,NC,3,160,1,10,0.4714482738,1.085504482,15,75,15x5
T4_NC_pos+3_w1,T4,NC,3,160,1,15,0.4926916804,0.9447611292,15,75,15x5
T4_NC_pos+3_w1,T4,NC,3,160,1,20,0.6079022217,0.918264874,15,75,15x5
T4_NC_pos+3_w1,T4,NC,3,160,1,25,0.6428236604,0.912843685,15,75,15x5
T4_NC_pos+3_w1,T4,NC,3,160,1,30,0.5725592322,0.9963102036,15,75,15x5
T4_NC_pos+3_w1,T4,NC,3,160,1,35,0.4714770182,1.03112927,15,75,15x5
T4_NC_pos+3_w1,T4,NC,3,160,1,40,0.5376268554,0.9732808043,15,75,15x5
T4_NC_pos+3_w1,T4,NC,3,160,1,45,0.5019105754,0.8978078033,15,75,15x5
T4_NC_pos+3_w1,T4,NC,3,160,1,50,0.4540316885,0.9738436833,15,75,15x5
T4_NC_pos+3_w1,T4,NC,3,160,1,55,0.4221837235,0.8767311268,15,75,15x5
T4_NC_pos+3_w1,T4,NC,3,160,1,60,0.3197342831,0.9055245905,15,75,15x5
T4_NC_pos+3_w1,T4,NC,3,160,1,65,0.2385078077,0.8929340822,15,75,15x5
T4_NC_pos+3_w1,T4,NC,3,160,1,70,0.2547467679,0.9053451159,15,75,15x5
T4_NC_pos+3_w1,T4,NC,3,160,1,75,0.2236644113,0.8633983795,15,75,15x5
T4_NC_pos+3_w1,T4,NC,3,160,1,80,0.19815503,0.8520711006,15,75,15x5
T4_NC_pos+3_w1,T4,NC,3,160,1,85,0.1922297756,0.8392607245,15,75,15x5
T4_NC_pos+3_w1,T4,NC,3,160,1,90,0.2522535648,0.9497290039,15,75,15x5
T4_NC_pos+3_w1,T4,NC,3,160,1,95,0.1912669347,0.936239925,15,75,15x5
T4_NC_pos+3_w1,T4,NC,3,160,1,100,0.1586056913,1.004713811,15,75,15x5
T4_NC_pos+3_w1,T4,NC,3,160,1,105,0.1606817801,1.021622726,15,75,15x5
T4_NC_pos+3_w1,T4,NC,3,160,1,110,0.1459367557,1.137111562,15,75,15x5
T4_NC_pos+3_w1,T4,NC,3,160,1,115,0.1483109518,1.227913289,15,75,15x5
T4_NC_pos+3_w1,T4,NC,3,160,1,120,0.1855129563,1.259481331,15,75,15x5
T4_NC_pos+3_w1,T4,NC,3,160,1,125,0.2386806812,1.35755732,15,75,15x5
T4_NC_pos+3_w1,T4,NC,3,160,1,130,0.2743560068,1.456613573,15,75,15x5
T4_NC_pos+3_w1,T4,NC,3,160,1,135,0.2801632921,1.447838825,15,75,15x5
T4_NC_pos+3_w1,T4,NC,3,160,1,140,0.3703657239,1.5322642,15,75,15x5
T4_NC_pos+3_w1,T4,NC,3,160,1,145,0.3724119286,1.519912386,15,75,15x5
T4_NC_pos+3_w1,T4,NC,3,160,1,150,0.3239158155,1.624190893,15,75,15x5
T4_NC_pos+3_w1,T4,NC,3,160,1,155,0.4295459335,1.498046447,15,75,15x5
T4_NC_pos+3_w1,T4,NC,3,160,1,160,0.3265149506,1.539436339,15,75,15x5
T4_NC_pos+3_w1,T4,NC,3,160,1,165,0.2409724496,1.546297429,15,75,15x5
T4_NC_pos+3_w1,T4,NC,3,160,1,170,0.2410608399,1.545173517,15,75,15x5
T4_NC_pos+3_w1,T4,NC,3,160,1,175,0.2678300808,1.527916006,15,75,15x5
T4_NC_pos+3_w1,T4,NC,3,160,1,180,0.2013021708,1.509470304,15,75,15x5
T4_NC_pos+3_w1,T4,NC,3,160,1,185,0.2510304675,1.496026663,15,75,15x5
T4_NC_pos+3_w1,T4,NC,3,160,1,190,0.3580279339,1.419201161,15,75,15x5
T4_NC_pos+3_w1,T4,NC,3,160,1,195,0.4752654085,1.424346395,15,75,15x5
T4_NC_pos+3_w1,T4,NC,3,160,1,200,0.5193408562,1.375186992,15,75,15x5
T4_NC_pos+3_w1,T4,NC,3,160,1,205,0.6258790837,1.471914634,15,75,15x5
T4_NC_pos+3_w1,T4,NC,3,160,1,210,0.6097063018,1.530374739,15,75,15x5
T4_NC_pos+3_w1,T4,NC,3,160,1,215,0.6088767638,1.652415263,15,75,15x5
T4_NC_pos+3_w1,T4,NC,3,160,1,220,0.6135225412,1.719497919,15,75,15x5
T4_NC_pos+3_w1,T4,NC,3,160,1,225,0.6501338354,1.685916516,15,75,15x5
T4_NC_pos+3_w1,T4,NC,3,160,1,230,0.6004186034,1.748695602,15,75,15x5
T4_NC_pos+3_w1,T4,NC,3,160,1,235,0.5248593442,1.850269516,15,75,15x5
T4_NC_pos+3_w1,T4,NC,3,160,1,240,0.4937512042,1.858960653,15,75,15x5
T4_NC_pos+3_w1,T4,NC,3,160,1,245,0.4976730804,1.846377126,15,75,15x5
T4_NC_pos+3_w1,T4,NC,3,160,1,250,0.4941775269,1.828078392,15,75,15x5
T4_NC_pos+3_w1,T4,NC,3,160,1,255,0.5633754716,1.795413373,15,75,15x5
T4_NC_pos+3_w1,T4,NC,3,160,1,260,0.6274542363,1.744679702,15,75,15x5
T4_NC_pos+3_w1,T4,NC,3,160,1,265,0.6534539311,1.796109655,15,75,15x5
T4_NC_pos+3_w1,T4,NC,3,160,1,270,0.7506000747,1.761830427,15,75,15x5
T4_NC_pos+3_w1,T4,NC,3,160,1,275,0.7763711981,1.652080169,15,75,15x5
T4_NC_pos+3_w1,T4,NC,3,160,1,280,0.6941208216,1.529706302,15,75,15x5
T4_NC_pos+3_w1,T4,NC,3,160,1,285,0.6396540532,1.393178615,15,75,15x5
T4_NC_pos+3_w1,T4,NC,3,160,1,290,0.7011877833,1.344445502,15,75,15x5
T4_NC_pos+3_w1,T4,NC,3,160,1,295,0.7283419042,1.282975287,15,75,15x5
T4_NC_pos+3_w1,T4,NC,3,160,1,300,0.7357461574,1.31556373,15,75,15x5
T4_NC_pos+3_w1,T4,NC,3,160,1,305,0.7777840796,1.30511127,15,75,15x5
T4_NC_pos+3_w1,T4,NC,3,160,1,310,0.7582848427,1.418086047,15,75,15x5
T4_NC_pos+3_w1,T4,NC,3,160,1,315,0.7943946209,1.511421573,15,75,15x5
T4_NC_pos+3_w1,T4,NC,3,160,1,320,0.7983897166,1.493854846,15,75,15x5
T4_NC_pos+3_w1,T4,NC,3,160,1,325,0.7885810169,1.420820215,15,75,15x5
T4_NC_pos+3_w1,T4,NC,3,160,1,330,0.8153242709,1.61554906,15,75,15x5
T4_NC_pos+3_w1,T4,NC,3,160,1,335,0.7892597003,1.629379843,15,75,15x5
T4_NC_pos+3_w1,T4,NC,3,160,1,340,0.8463648997,1.605737257,15,75,15x5
T4_NC_pos+3_w1,T4,NC,3,160,1,345,0.7950663751,1.540251184,15,75,15x5
T4_NC_pos+3_w1,T4,NC,3,160,1,350,0.8835760515,1.586173066,15,75,15x5
T4_NC_pos+3_w1,T4,NC,3,160,1,355,1.028667403,1.63839432,15,75,15x5
T4_NC_pos+3_w1,T4,NC,3,160,1,360,1.118186318,1.713448999,15,75,15x5
T4_NC_pos+3_w1,T4,NC,3,160,1,365,1.154574912,1.739053638,15,75,15x5
T4_NC_pos+3_w1,T4,NC,3,160,1,370,1.244752822,1.699979377,15,75,15x5
T4_NC_pos+3_w1,T4,NC,3,160,1,375,1.329085199,1.834717245,15,75,15x5
T4_NC_pos+3_w1,T4,NC,3,160,1,380,1.464636542,1.894422692,15,75,15x5
T4_NC_pos+3_w1,T4,NC,3,160,1,385,1.521862549,1.911745027,15,75,15x5
T4_NC_pos+3_w1,T4,NC,3,160,1,390,1.577392464,1.814959573,15,75,15x5
T4_NC_pos+3_w1,T4,NC,3,160,1,395,1.56361783,1.873037187,15,75,15x5
T4_NC_pos+3_w1,T4,NC,3,160,1,400,1.525121117,1.789863726,15,75,15x5
T4_NC_pos+3_w1,T4,NC,3,160,1,405,1.588026113,1.837762288,15,75,15x5
T4_NC_pos+3_w1,T4,NC,3,160,1,410,1.567739015,1.695734973,15,75,15x5
T4_NC_pos+3_w1,T4,NC,3,160,1,415,1.53381028,1.747511654,15,75,15x5
T4_NC_pos+3_w1,T4,NC,3,160,1,420,1.49103526,1.59191063,15,75,15x5
T4_NC_pos+3_w1,T4,NC,3,160,1,425,1.418962997,1.647203019,15,75,15x5
T4_NC_pos+3_w1,T4,NC,3,160,1,430,1.374031994,1.589364599,15,75,15x5
T4_NC_pos+3_w1,T4,NC,3,160,1,435,1.401836298,1.56822456,15,75,15x5
T4_NC_pos+3_w1,T4,NC,3,160,1,440,1.510810351,1.559544077,15,75,15x5
T4_NC_pos+3_w1,T4,NC,3,160,1,445,1.473143766,1.717892064,15,75,15x5
T4_NC_pos+3_w1,T4,NC,3,160,1,450,1.458149708,1.743559924,15,75,15x5
T4_NC_pos+3_w1,T4,NC,3,160,1,455,1.525144977,1.720026894,15,75,15x5
T4_NC_pos+3_w1,T4,NC,3,160,1,460,1.54703233,1.637193912,15,75,15x5
T4_NC_pos+3_w1,T4,NC,3,160,1,465,1.686904308,1.875303111,15,75,15x5
T4_NC_pos+3_w1,T4,NC,3,160,1,470,1.577056231,1.867445598,15,75,15x5
T4_NC_pos+3_w1,T4,NC,3,160,1,475,1.548788007,1.872406707,15,75,15x5
T4_NC_pos+3_w1,T4,NC,3,160,1,480,1.389220628,1.870084118,15,75,15x5
T4_NC_pos+3_w1,T4,NC,3,160,1,485,1.312096096,1.840964846,15,75,15x5
T4_NC_pos+3_w1,T4,NC,3,160,1,490,1.278411155,1.908671688,15,75,15x5
T4_NC_pos+3_w1,T4,NC,3,160,1,495,1.193241284,1.771115827,15,75,15x5
T4_NC_pos+3_w1,T4,NC,3,160,1,500,1.078402089,1.781566707,15,75,15x5
T4_NC_pos+3_w1,T4,NC,3,160,1,505,1.025795974,1.595323563,15,75,15x5
T4_NC_pos+3_w1,T4,NC,3,160,1,510,0.9758525269,1.482366604,15,75,15x5
T4_NC_pos+3_w1,T4,NC,3,160,1,515,0.9566119185,1.536210229,15,75,15x5
T4_NC_pos+3_w1,T4,NC,3,160,1,520,1.015418695,1.408009591,15,75,15x5
T4_NC_pos+3_w1,T4,NC,3,160,1,525,1.009288923,1.371585817,15,75,15x5
T4_NC_pos+3_w1,T4,NC,3,160,1,530,0.9427080112,1.513521457,15,75,15x5
T4_NC_pos+3_w1,T4,NC,3,160,1,535,0.9559658664,1.633187135,15,75,15x5
T4_NC_pos+3_w1,T4,NC,3,160,1,540,1.075925004,1.635358977,15,75,15x5
T4_NC_pos+3_w1,T4,NC,3,160,1,545,0.9473890654,1.69169214,15,75,15x5
T4_NC_pos+3_w1,T4,NC,3,160,1,550,0.8354235688,1.664766475,15,75,15x5
T4_NC_pos+3_w1,T4,NC,3,160,1,555,0.8467503698,1.634933033,15,75,15x5
T4_NC_pos+3_w1,T4,NC,3,160,1,560,0.8461530865,1.711250108,15,75,15x5
T4_NC_pos+3_w1,T4,NC,3,160,1,565,0.8238965542,1.803587657,15,75,15x5
T4_NC_pos+3_w1,T4,NC,3,160,1,570,0.8627070955,1.723402298,15,75,15x5
T4_NC_pos+3_w1,T4,NC,3,160,1,575,0.8683597715,1.704085762,15,75,15x5
T4_NC_pos+3_w1,T4,NC,3,160,1,580,0.7740237418,1.522542326,15,75,15x5
T4_NC_pos+3_w1,T4,NC,3,160,1,585,0.5926928912,1.391318106,15,75,15x5
T4_NC_pos+3_w1,T4,NC,3,160,1,590,0.616573752,1.319513248,15,75,15x5
T4_NC_pos+3_w1,T4,NC,3,160,1,595,0.5178231517,1.383067858,15,75,15x5
T4_NC_pos+3_w1,T4,NC,3,160,1,600,0.4748761838,1.374258106,15,75,15x5
T4_NC_pos+3_w1,T4,NC,3,160,1,605,0.4420976226,1.441092095,15,75,15x5
T4_NC_pos+3_w1,T4,NC,3,160,1,610,0.4512446616,1.489408185,15,75,15x5
T4_NC_pos+3_w1,T4,NC,3,160,1,615,0.4151205062,1.61334733,15,75,15x5
T4_NC_pos+3_w1,T4,NC,3,160,1,620,0.437590205,1.517096714,15,75,15x5
T4_NC_pos+3_w1,T4,NC,3,160,1,625,0.3416791753,1.381123334,15,75,15x5
T4_NC_pos+3_w1,T4,NC,3,160,1,630,0.308306892,1.348998468,15,75,15x5
T4_NC_pos+3_w1,T4,NC,3,160,1,635,0.3513463202,1.43569902,15,75,15x5
T4_NC_pos+3_w1,T4,NC,3,160,1,640,0.5220252375,1.549225358,15,75,15x5
T4_NC_pos+3_w1,T4,NC,3,160,1,645,0.5516169754,1.741765567,15,75,15x5
T4_NC_pos+3_w1,T4,NC,3,160,1,650,0.5457060373,1.885822888,15,75,15x5
T4_NC_pos+3_w1,T4,NC,3,160,1,655,0.5880627121,1.902685084,15,75,15x5
T4_NC_pos+3_w1,T4,NC,3,160,1,660,0.5727954146,1.780690194,15,75,15x5
T4_NC_pos+3_w1,T4,NC,3,160,1,665,0.5679827874,1.594742303,15,75,15x5
T4_NC_pos+3_w1,T4,NC,3,160,1,670,0.5486021606,1.528621279,15,75,15x5
T4_NC_pos+3_w1,T4,NC,3,160,1,675,0.5048510922,1.40304112,15,75,15x5
T4_NC_pos+3_w1,T4,NC,3,160,1,680,0.432319336,1.447359862,15,75,15x5
T4_NC_pos+3_w1,T4,NC,3,160,1,685,0.3825340898,1.442787784,15,75,15x5
T4_NC_pos+3_w1,T4,NC,3,160,1,690,0.3764066783,1.385163832,15,75,15x5
T4_NC_pos+3_w1,T4,NC,3,160,1,695,0.3320454655,1.404717866,15,75,15x5
T4_NC_pos+3_w1,T4,NC,3,160,1,700,0.3055558948,1.482649317,15,75,15x5
T4_NC_pos+3_w1,T4,NC,3,160,1,705,0.4243256445,1.393323559,15,75,15x5
T4_NC_pos+3_w1,T4,NC,3,160,1,710,0.3805661004,1.475676858,15,75,15x5
T4_NC_pos+3_w1,T4,NC,3,160,1,715,0.5308858603,1.298139817,15,75,15x5
T4_NC_pos+3_w1,T4,NC,3,160,1,720,0.5788746067,1.239326357,15,75,15x5
T4_NC_pos+3_w1,T4,NC,3,160,1,725,0.7209087845,1.15667222,15,75,15x5
T4_NC_pos+3_w1,T4,NC,3,160,1,730,0.7096814545,1.05862545,15,75,15x5
T4_NC_pos+3_w1,T4,NC,3,160,1,735,0.7393672298,1.081134283,15,75,15x5
T4_NC_pos+3_w1,T4,NC,3,160,1,740,0.8074227548,1.005195128,15,75,15x5
T4_NC_pos+3_w1,T4,NC,3,160,1,745,0.770866833,1.037478443,15,75,15x5
T4_NC_pos+3_w1,T4,NC,3,160,1,750,0.7049051419,1.05458932,15,75,15x5
T4_NC_pos+4_w1,T4,NC,4,160,1,-200,-0.1893705217,0.6602589291,15,75,15x5
T4_NC_pos+4_w1,T4,NC,4,160,1,-195,-0.1225838713,0.5947520455,15,75,15x5
T4_NC_pos+4_w1,T4,NC,4,160,1,-190,-0.2153896643,0.5948113245,15,75,15x5
T4_NC_pos+4_w1,T4,NC,4,160,1,-185,-0.1591848006,0.6590808638,15,75,15x5
T4_NC_pos+4_w1,T4,NC,4,160,1,-180,-0.1088410209,0.7380028632,15,75,15x5
T4_NC_pos+4_w1,T4,NC,4,160,1,-175,-0.1111858452,0.7188844411,15,75,15x5
T4_NC_pos+4_w1,T4,NC,4,160,1,-170,-0.1267924251,0.6579755869,15,75,15x5
T4_NC_pos+4_w1,T4,NC,4,160,1,-165,-0.06497630787,0.5165997665,15,75,15x5
T4_NC_pos+4_w1,T4,NC,4,160,1,-160,-0.0624546351,0.5701653482,15,75,15x5
T4_NC_pos+4_w1,T4,NC,4,160,1,-155,-0.1391965765,0.6028291238,15,75,15x5
T4_NC_pos+4_w1,T4,NC,4,160,1,-150,-0.1457008907,0.5837523176,15,75,15x5
T4_NC_pos+4_w1,T4,NC,4,160,1,-145,-0.06246316175,0.6584933712,15,75,15x5
T4_NC_pos+4_w1,T4,NC,4,160,1,-140,-0.004004221313,0.7171498511,15,75,15x5
T4_NC_pos+4_w1,T4,NC,4,160,1,-135,0.009903593095,0.6562780813,15,75,15x5
T4_NC_pos+4_w1,T4,NC,4,160,1,-130,0.0578728103,0.6505439479,15,75,15x5
T4_NC_pos+4_w1,T4,NC,4,160,1,-125,0.1311292545,0.5296096954,15,75,15x5
T4_NC_pos+4_w1,T4,NC,4,160,1,-120,0.2091680823,0.5351592003,15,75,15x5
T4_NC_pos+4_w1,T4,NC,4,160,1,-115,0.2815342267,0.535648434,15,75,15x5
T4_NC_pos+4_w1,T4,NC,4,160,1,-110,0.371221379,0.6116531758,15,75,15x5
T4_NC_pos+4_w1,T4,NC,4,160,1,-105,0.351831744,0.7076842681,15,75,15x5
T4_NC_pos+4_w1,T4,NC,4,160,1,-100,0.3556706668,0.65061499,15,75,15x5
T4_NC_pos+4_w1,T4,NC,4,160,1,-95,0.3373182858,0.7341063319,15,75,15x5
T4_NC_pos+4_w1,T4,NC,4,160,1,-90,0.227833589,0.6428540133,15,75,15x5
T4_NC_pos+4_w1,T4,NC,4,160,1,-85,0.08354960449,0.7282156558,15,75,15x5
T4_NC_pos+4_w1,T4,NC,4,160,1,-80,-0.0005995882914,0.8246037069,15,75,15x5
T4_NC_pos+4_w1,T4,NC,4,160,1,-75,-0.1387818566,0.8787465587,15,75,15x5
T4_NC_pos+4_w1,T4,NC,4,160,1,-70,-0.1126261519,0.8966763104,15,75,15x5
T4_NC_pos+4_w1,T4,NC,4,160,1,-65,-0.1137033259,0.9385337446,15,75,15x5
T4_NC_pos+4_w1,T4,NC,4,160,1,-60,-0.1050864693,0.9925310904,15,75,15x5
T4_NC_pos+4_w1,T4,NC,4,160,1,-55,-0.1393575655,0.9647998761,15,75,15x5
T4_NC_pos+4_w1,T4,NC,4,160,1,-50,-0.189198062,1.049467849,15,75,15x5
T4_NC_pos+4_w1,T4,NC,4,160,1,-45,-0.1720522677,0.9965901737,15,75,15x5
T4_NC_pos+4_w1,T4,NC,4,160,1,-40,-0.2604784989,0.966201047,15,75,15x5
T4_NC_pos+4_w1,T4,NC,4,160,1,-35,-0.3622553813,0.9862299203,15,75,15x5
T4_NC_pos+4_w1,T4,NC,4,160,1,-30,-0.3758995883,1.038312389,15,75,15x5
T4_NC_pos+4_w1,T4,NC,4,160,1,-25,-0.384151101,0.9727483146,15,75,15x5
T4_NC_pos+4_w1,T4,NC,4,160,1,-20,-0.332750755,0.9231830976,15,75,15x5
T4_NC_pos+4_w1,T4,NC,4,160,1,-15,-0.353214281,0.9164416793,15,75,15x5
T4_NC_pos+4_w1,T4,NC,4,160,1,-10,-0.3821549607,0.9362183667,15,75,15x5
T4_NC_pos+4_w1,T4,NC,4,160,1,-5,-0.3689941074,0.9723641382,15,75,15x5
T4_NC_pos+4_w1,T4,NC,4,160,1,0,-0.3237661193,1.04708149,15,75,15x5
T4_NC_pos+4_w1,T4,NC,4,160,1,5,-0.2969265385,1.080466043,15,75,15x5
T4_NC_pos+4_w1,T4,NC,4,160,1,10,-0.3473590375,1.124777425,15,75,15x5
T4_NC_pos+4_w1,T4,NC,4,160,1,15,-0.3252406953,1.152177497,15,75,15x5
T4_NC_pos+4_w1,T4,NC,4,160,1,20,-0.3201052524,1.144401063,15,75,15x5
T4_NC_pos+4_w1,T4,NC,4,160,1,25,-0.3649610657,1.063470627,15,75,15x5
T4_NC_pos+4_w1,T4,NC,4,160,1,30,-0.3021733775,0.9530070759,15,75,15x5
T4_NC_pos+4_w1,T4,NC,4,160,1,35,-0.2668832133,0.862454122,15,75,15x5
T4_NC_pos+4_w1,T4,NC,4,160,1,40,-0.2863076537,0.8399601327,15,75,15x5
T4_NC_pos+4_w1,T4,NC,4,160,1,45,-0.3122194974,0.8402379802,15,75,15x5
T4_NC_pos+4_w1,T4,NC,4,160,1,50,-0.3099539093,0.9511416122,15,75,15x5
T4_NC_pos+4_w1,T4,NC,4,160,1,55,-0.2639659768,1.031606962,15,75,15x5
T4_NC_pos+4_w1,T4,NC,4,160,1,60,-0.3077828606,1.114932757,15,75,15x5
T4_NC_pos+4_w1,T4,NC,4,160,1,65,-0.3167754057,1.237765188,15,75,15x5
T4_NC_pos+4_w1,T4,NC,4,160,1,70,-0.3128989032,1.237337077,15,75,15x5
T4_NC_pos+4_w1,T4,NC,4,160,1,75,-0.2956538957,1.27266393,15,75,15x5
T4_NC_pos+4_w1,T4,NC,4,160,1,80,-0.2708713085,1.38520014,15,75,15x5
T4_NC_pos+4_w1,T4,NC,4,160,1,85,-0.2281998121,1.285511956,15,75,15x5
T4_NC_pos+4_w1,T4,NC,4,160,1,90,-0.2160460406,1.270940762,15,75,15x5
T4_NC_pos+4_w1,T4,NC,4,160,1,95,-0.272553699,1.279804334,15,75,15x5
T4_NC_pos+4_w1,T4,NC,4,160,1,100,-0.273460116,1.277084126,15,75,15x5
T4_NC_pos+4_w1,T4,NC,4,160,1,105,-0.2991802015,1.244639716,15,75,15x5
T4_NC_pos+4_w1,T4,NC,4,160,1,110,-0.335347594,1.227701289,15,75,15x5
T4_NC_pos+4_w1,T4,NC,4,160,1,115,-0.3159091257,1.264014987,15,75,15x5
T4_NC_pos+4_w1,T4,NC,4,160,1,120,-0.2582631211,1.25207629,15,75,15x5
T4_NC_pos+4_w1,T4,NC,4,160,1,125,-0.2448575655,1.357464684,15,75,15x5
T4_NC_pos+4_w1,T4,NC,4,160,1,130,-0.1349696059,1.470002474,15,75,15x5
T4_NC_pos+4_w1,T4,NC,4,160,1,135,-0.04119557255,1.363551101,15,75,15x5
T4_NC_pos+4_w1,T4,NC,4,160,1,140,0.04350653706,1.243175913,15,75,15x5
T4_NC_pos+4_w1,T4,NC,4,160,1,145,0.04900768345,1.206595237,15,75,15x5
T4_NC_pos+4_w1,T4,NC,4,160,1,150,0.06401620332,1.034954597,15,75,15x5
T4_NC_pos+4_w1,T4,NC,4,160,1,155,0.0877751709,0.9416579911,15,75,15x5
T4_NC_pos+4_w1,T4,NC,4,160,1,160,0.07042361073,0.8011850471,15,75,15x5
T4_NC_pos+4_w1,T4,NC,4,160,1,165,0.05529286185,0.8095446564,15,75,15x5
T4_NC_pos+4_w1,T4,NC,4,160,1,170,0.1022205718,0.731925954,15,75,15x5
T4_NC_pos+4_w1,T4,NC,4,160,1,175,0.01568419953,0.6740434741,15,75,15x5
T4_NC_pos+4_w1,T4,NC,4,160,1,180,0.0276732987,0.7237753433,15,75,15x5
T4_NC_pos+4_w1,T4,NC,4,160,1,185,0.09123504744,0.8752669951,15,75,15x5
T4_NC_pos+4_w1,T4,NC,4,160,1,190,0.07560918935,0.874020495,15,75,15x5
T4_NC_pos+4_w1,T4,NC,4,160,1,195,0.0543276536,0.93778621,15,75,15x5
T4_NC_pos+4_w1,T4,NC,4,160,1,200,0.1188494688,1.003245824,15,75,15x5
T4_NC_pos+4_w1,T4,NC,4,160,1,205,0.1444812691,0.8951118537,15,75,15x5
T4_NC_pos+4_w1,T4,NC,4,160,1,210,0.1456947476,0.8803762556,15,75,15x5
T4_NC_pos+4_w1,T4,NC,4,160,1,215,0.1526874623,0.9218843216,15,75,15x5
T4_NC_pos+4_w1,T4,NC,4,160,1,220,0.2172697171,1.035335721,15,75,15x5
T4_NC_pos+4_w1,T4,NC,4,160,1,225,0.2303901756,1.097576028,15,75,15x5
T4_NC_pos+4_w1,T4,NC,4,160,1,230,0.3262798378,1.211296213,15,75,15x5
T4_NC_pos+4_w1,T4,NC,4,160,1,235,0.2980405894,1.199984407,15,75,15x5
T4_NC_pos+4_w1,T4,NC,4,160,1,240,0.2756413085,1.228117131,15,75,15x5
T4_NC_pos+4_w1,T4,NC,4,160,1,245,0.2159979222,1.242460177,15,75,15x5
T4_NC_pos+4_w1,T4,NC,4,160,1,250,0.1907196764,1.196690865,15,75,15x5
T4_NC_pos+4_w1,T4,NC,4,160,1,255,0.1578036948,1.182251543,15,75,15x5
T4_NC_pos+4_w1,T4,NC,4,160,1,260,0.1530972507,1.176337534,15,75,15x5
T4_NC_pos+4_w1,T4,NC,4,160,1,265,0.1870527994,1.167983023,15,75,15x5
T4_NC_pos+4_w1,T4,NC,4,160,1,270,0.1824090469,1.105411718,15,75,15x5
T4_NC_pos+4_w1,T4,NC,4,160,1,275,0.217244266,1.052395036,15,75,15x5
T4_NC_pos+4_w1,T4,NC,4,160,1,280,0.3768094132,1.111630918,15,75,15x5
T4_NC_pos+4_w1,T4,NC,4,160,1,285,0.5116761409,1.139770686,15,75,15x5
T4_NC_pos+4_w1,T4,NC,4,160,1,290,0.5973446662,1.166512147,15,75,15x5
T4_NC_pos+4_w1,T4,NC,4,160,1,295,0.6202447137,1.195204405,15,75,15x5
T4_NC_pos+4_w1,T4,NC,4,160,1,300,0.674104943,1.251801127,15,75,15x5
T4_NC_pos+4_w1,T4,NC,4,160,1,305,0.7256820289,1.255872359,15,75,15x5
T4_NC_pos+4_w1,T4,NC,4,160,1,310,0.7290162779,1.272542605,15,75,15x5
T4_NC_pos+4_w1,T4,NC,4,160,1,315,0.8246609055,1.281765998,15,75,15x5
T4_NC_pos+4_w1,T4,NC,4,160,1,320,0.8971090944,1.328624001,15,75,15x5
T4_NC_pos+4_w1,T4,NC,4,160,1,325,0.9767834941,1.367791484,15,75,15x5
T4_NC_pos+4_w1,T4,NC,4,160,1,330,0.9569493806,1.383134163,15,75,15x5
T4_NC_pos+4_w1,T4,NC,4,160,1,335,1.006431269,1.439441385,15,75,15x5
T4_NC_pos+4_w1,T4,NC,4,160,1,340,1.015062025,1.51168364,15,75,15x5
T4_NC_pos+4_w1,T4,NC,4,160,1,345,1.054183426,1.580053196,15,75,15x5
T4_NC_pos+4_w1,T4,NC,4,160,1,350,1.137901199,1.722194731,15,75,15x5
T4_NC_pos+4_w1,T4,NC,4,160,1,355,1.108407188,1.734561241,15,75,15x5
T4_NC_pos+4_w1,T4,NC,4,160,1,360,1.024230849,1.614635125,15,75,15x5
T4_NC_pos+4_w1,T4,NC,4,160,1,365,0.9363179466,1.643589701,15,75,15x5
T4_NC_pos+4_w1,T4,NC,4,160,1,370,0.9100988787,1.52828744,15,75,15x5
T4_NC_pos+4_w1,T4,NC,4,160,1,375,0.802875544,1.513292619,15,75,15x5
T4_NC_pos+4_w1,T4,NC,4,160,1,380,0.7490140394,1.483038444,15,75,15x5
T4_NC_pos+4_w1,T4,NC,4,160,1,385,0.6874911389,1.525585905,15,75,15x5
T4_NC_pos+4_w1,T4,NC,4,160,1,390,0.7076392667,1.364710024,15,75,15x5
T4_NC_pos+4_w1,T4,NC,4,160,1,395,0.5882230952,1.338176256,15,75,15x5
T4_NC_pos+4_w1,T4,NC,4,160,1,400,0.5974941778,1.334204188,15,75,15x5
T4_NC_pos+4_w1,T4,NC,4,160,1,405,0.5407171462,1.325072639,15,75,15x5
T4_NC_pos+4_w1,T4,NC,4,160,1,410,0.5312620248,1.35700587,15,75,15x5
T4_NC_pos+4_w1,T4,NC,4,160,1,415,0.4763464435,1.39154681,15,75,15x5
T4_NC_pos+4_w1,T4,NC,4,160,1,420,0.4370424684,1.363721012,15,75,15x5
T4_NC_pos+4_w1,T4,NC,4,160,1,425,0.3414105121,1.346218982,15,75,15x5
T4_NC_pos+4_w1,T4,NC,4,160,1,430,0.3768323816,1.346811509,15,75,15x5
T4_NC_pos+4_w1,T4,NC,4,160,1,435,0.4406856579,1.489197861,15,75,15x5
T4_NC_pos+4_w1,T4,NC,4,160,1,440,0.4197384391,1.485884038,15,75,15x5
T4_NC_pos+4_w1,T4,NC,4,160,1,445,0.4243146906,1.492916677,15,75,15x5
T4_NC_pos+4_w1,T4,NC,4,160,1,450,0.472306381,1.519572976,15,75,15x5
T4_NC_pos+4_w1,T4,NC,4,160,1,455,0.487437252,1.349513735,15,75,15x5
T4_NC_pos+4_w1,T4,NC,4,160,1,460,0.5953564285,1.286962228,15,75,15x5
T4_NC_pos+4_w1,T4,NC,4,160,1,465,0.6073140055,1.373757486,15,75,15x5
T4_NC_pos+4_w1,T4,NC,4,160,1,470,0.5627332702,1.322629326,15,75,15x5
T4_NC_pos+4_w1,T4,NC,4,160,1,475,0.4257837993,1.279830182,15,75,15x5
T4_NC_pos+4_w1,T4,NC,4,160,1,480,0.4041696153,1.323392308,15,75,15x5
T4_NC_pos+4_w1,T4,NC,4,160,1,485,0.450013585,1.297812532,15,75,15x5
T4_NC_pos+4_w1,T4,NC,4,160,1,490,0.4746514089,1.215444969,15,75,15x5
T4_NC_pos+4_w1,T4,NC,4,160,1,495,0.4413970675,1.180869774,15,75,15x5
T4_NC_pos+4_w1,T4,NC,4,160,1,500,0.4599649755,1.253760231,15,75,15x5
T4_NC_pos+4_w1,T4,NC,4,160,1,505,0.4051311402,1.268939424,15,75,15x5
T4_NC_pos+4_w1,T4,NC,4,160,1,510,0.3588920343,1.222076503,15,75,15x5
T4_NC_pos+4_w1,T4,NC,4,160,1,515,0.3033034303,1.230846494,15,75,15x5
T4_NC_pos+4_w1,T4,NC,4,160,1,520,0.2944638631,1.190986798,15,75,15x5
T4_NC_pos+4_w1,T4,NC,4,160,1,525,0.1400003574,1.208141415,15,75,15x5
T4_NC_pos+4_w1,T4,NC,4,160,1,530,0.0811422717,1.261021206,15,75,15x5
T4_NC_pos+4_w1,T4,NC,4,160,1,535,0.1646238414,1.291089001,15,75,15x5
T4_NC_pos+4_w1,T4,NC,4,160,1,540,0.1885799328,1.314960172,15,75,15x5
T4_NC_pos+4_w1,T4,NC,4,160,1,545,0.289773916,1.214274668,15,75,15x5
T4_NC_pos+4_w1,T4,NC,4,160,1,550,0.3012792884,1.217974802,15,75,15x5
T4_NC_pos+4_w1,T4,NC,4,160,1,555,0.36643074,1.24459409,15,75,15x5
T4_NC_pos+4_w1,T4,NC,4,160,1,560,0.4879841113,1.261084259,15,75,15x5
T4_NC_pos+4_w1,T4,NC,4,160,1,565,0.5623522229,1.276180104,15,75,15x5
T4_NC_pos+4_w1,T4,NC,4,160,1,570,0.4963965384,1.336128964,15,75,15x5
T4_NC_pos+4_w1,T4,NC,4,160,1,575,0.4288747232,1.406806655,15,75,15x5
T4_NC_pos+4_w1,T4,NC,4,160,1,580,0.4261849525,1.439371598,15,75,15x5
T4_NC_pos+4_w1,T4,NC,4,160,1,585,0.5019456973,1.393843187,15,75,15x5
T4_NC_pos+4_w1,T4,NC,4,160,1,590,0.4146310114,1.342977994,15,75,15x5
T4_NC_pos+4_w1,T4,NC,4,160,1,595,0.4216732376,1.287163567,15,75,15x5
T4_NC_pos+4_w1,T4,NC,4,160,1,600,0.4632182926,1.336489633,15,75,15x5
T4_NC_pos+4_w1,T4,NC,4,160,1,605,0.4782936148,1.292877689,15,75,15x5
T4_NC_pos+4_w1,T4,NC,4,160,1,610,0.3534021279,1.313684379,15,75,15x5
T4_NC_pos+4_w1,T4,NC,4,160,1,615,0.3727140259,1.369902335,15,75,15x5
T4_NC_pos+4_w1,T4,NC,4,160,1,620,0.322005099,1.430250069,15,75,15x5
T4_NC_pos+4_w1,T4,NC,4,160,1,625,0.3749982885,1.472048379,15,75,15x5
T4_NC_pos+4_w1,T4,NC,4,160,1,630,0.4025203276,1.524523907,15,75,15x5
T4_NC_pos+4_w1,T4,NC,4,160,1,635,0.4947700156,1.701466995,15,75,15x5
T4_NC_pos+4_w1,T4,NC,4,160,1,640,0.4237126285,1.69587471,15,75,15x5
T4_NC_pos+4_w1,T4,NC,4,160,1,645,0.3720091215,1.572776827,15,75,15x5
T4_NC_pos+4_w1,T4,NC,4,160,1,650,0.3754971354,1.468968404,15,75,15x5
T4_NC_pos+4_w1,T4,NC,4,160,1,655,0.4267832295,1.374330884,15,75,15x5
T4_NC_pos+4_w1,T4,NC,4,160,1,660,0.3921154029,1.321916388,15,75,15x5
T4_NC_pos+4_w1,T4,NC,4,160,1,665,0.3445540883,1.392898239,15,75,15x5
T4_NC_pos+4_w1,T4,NC,4,160,1,670,0.4576527791,1.504393831,15,75,15x5
T4_NC_pos+4_w1,T4,NC,4,160,1,675,0.3980649077,1.486778264,15,75,15x5
T4_NC_pos+4_w1,T4,NC,4,160,1,680,0.3931928144,1.517983008,15,75,15x5
T4_NC_pos+4_w1,T4,NC,4,160,1,685,0.3998983631,1.444351201,15,75,15x5
T4_NC_pos+4_w1,T4,NC,4,160,1,690,0.4342307265,1.374662972,15,75,15x5
T4_NC_pos+4_w1,T4,NC,4,160,1,695,0.4602862752,1.283281734,15,75,15x5
T4_NC_pos+4_w1,T4,NC,4,160,1,700,0.5051852509,1.270255032,15,75,15x5
T4_NC_pos+4_w1,T4,NC,4,160,1,705,0.5165417562,1.247260958,15,75,15x5
T4_NC_pos+4_w1,T4,NC,4,160,1,710,0.4707493399,1.236166161,15,75,15x5
T4_NC_pos+4_w1,T4,NC,4,160,1,715,0.3595903181,1.210354639,15,75,15x5
T4_NC_pos+4_w1,T4,NC,4,160,1,720,0.3430211552,1.174176479,15,75,15x5
T4_NC_pos+4_w1,T4,NC,4,160,1,725,0.2696103968,1.07137214,15,75,15x5
T4_NC_pos+4_w1,T4,NC,4,160,1,730,0.2660941236,1.109859814,15,75,15x5
T4_NC_pos+4_w1,T4,NC,4,160,1,735,0.1444508865,1.023114099,15,75,15x5
T4_NC_pos+4_w1,T4,NC,4,160,1,740,0.09809218352,1.085773231,15,75,15x5
T4_NC_pos+4_w1,T4,NC,4,160,1,745,0.0483548955,0.9232173531,15,75,15x5
T4_NC_pos+4_w1,T4,NC,4,160,1,750,0.08443960585,0.9831226054,15,75,15x5
T5_PC_pos-4_w1,T5,PC,-4,160,1,-200,0.01721767036,0.5738322224,13,65,13x5
T5_PC_pos-4_w1,T5,PC,-4,160,1,-195,0.08711980242,0.5098248243,13,65,13x5
T5_PC_pos-4_w1,T5,PC,-4,160,1,-190,0.08642965496,0.5341681097,13,65,13x5
T5_PC_pos-4_w1,T5,PC,-4,160,1,-185,0.0666329047,0.4817388376,13,65,13x5
T5_PC_pos-4_w1,T5,PC,-4,160,1,-180,0.04859016966,0.5252079679,13,65,13x5
T5_PC_pos-4_w1,T5,PC,-4,160,1,-175,0.04440861617,0.6378565826,13,65,13x5
T5_PC_pos-4_w1,T5,PC,-4,160,1,-170,0.0412040515,0.6407043019,13,65,13x5
T5_PC_pos-4_w1,T5,PC,-4,160,1,-165,0.1210987636,0.8287770498,13,65,13x5
T5_PC_pos-4_w1,T5,PC,-4,160,1,-160,0.0859835199,0.7268967593,13,65,13x5
T5_PC_pos-4_w1,T5,PC,-4,160,1,-155,0.1254532297,0.7134557949,13,65,13x5
T5_PC_pos-4_w1,T5,PC,-4,160,1,-150,0.08228116243,0.6360017726,13,65,13x5
T5_PC_pos-4_w1,T5,PC,-4,160,1,-145,0.07412008419,0.5962717229,13,65,13x5
T5_PC_pos-4_w1,T5,PC,-4,160,1,-140,0.03218150994,0.5767055321,13,65,13x5
T5_PC_pos-4_w1,T5,PC,-4,160,1,-135,-0.02281229113,0.473155318,13,65,13x5
T5_PC_pos-4_w1,T5,PC,-4,160,1,-130,-0.03490640214,0.3550011494,13,65,13x5
T5_PC_pos-4_w1,T5,PC,-4,160,1,-125,-0.08903413766,0.3621230837,13,65,13x5
T5_PC_pos-4_w1,T5,PC,-4,160,1,-120,-0.1546867158,0.4448148841,13,65,13x5
T5_PC_pos-4_w1,T5,PC,-4,160,1,-115,-0.2237033402,0.5485339556,13,65,13x5
T5_PC_pos-4_w1,T5,PC,-4,160,1,-110,-0.2495482731,0.57926162,13,65,13x5
T5_PC_pos-4_w1,T5,PC,-4,160,1,-105,-0.2493414543,0.5578663073,13,65,13x5
T5_PC_pos-4_w1,T5,PC,-4,160,1,-100,-0.3067834567,0.7442721361,13,65,13x5
T5_PC_pos-4_w1,T5,PC,-4,160,1,-95,-0.3180889888,0.7792546823,13,65,13x5
T5_PC_pos-4_w1,T5,PC,-4,160,1,-90,-0.1943207912,0.8192994967,13,65,13x5
T5_PC_pos-4_w1,T5,PC,-4,160,1,-85,-0.1711453427,0.8525267881,13,65,13x5
T5_PC_pos-4_w1,T5,PC,-4,160,1,-80,-0.1261231768,0.7487512538,13,65,13x5
T5_PC_pos-4_w1,T5,PC,-4,160,1,-75,0.00174213735,0.8127793837,13,65,13x5
T5_PC_pos-4_w1,T5,PC,-4,160,1,-70,0.1322836984,0.930796161,13,65,13x5
T5_PC_pos-4_w1,T5,PC,-4,160,1,-65,0.3065452744,0.9254000372,13,65,13x5
T5_PC_pos-4_w1,T5,PC,-4,160,1,-60,0.3931764381,0.9185199094,13,65,13x5
T5_PC_pos-4_w1,T5,PC,-4,160,1,-55,0.3721681729,0.9335549885,13,65,13x5
T5_PC_pos-4_w1,T5,PC,-4,160,1,-50,0.3344413954,0.9688413363,13,65,13x5
T5_PC_pos-4_w1,T5,PC,-4,160,1,-45,0.3431189571,0.9644481883,13,65,13x5
T5_PC_pos-4_w1,T5,PC,-4,160,1,-40,0.3828131433,0.9471175485,13,65,13x5
T5_PC_pos-4_w1,T5,PC,-4,160,1,-35,0.2841832945,0.9872330865,13,65,13x5
T5_PC_pos-4_w1,T5,PC,-4,160,1,-30,0.1960588463,1.076445642,13,65,13x5
T5_PC_pos-4_w1,T5,PC,-4,160,1,-25,0.08952169967,1.170604092,13,65,13x5
T5_PC_pos-4_w1,T5,PC,-4,160,1,-20,-0.04937883569,1.314999594,13,65,13x5
T5_PC_pos-4_w1,T5,PC,-4,160,1,-15,0.04460378852,1.58854173,13,65,13x5
T5_PC_pos-4_w1,T5,PC,-4,160,1,-10,-0.09822799508,1.580590375,13,65,13x5
T5_PC_pos-4_w1,T5,PC,-4,160,1,-5,-0.1153774268,1.678516692,13,65,13x5
T5_PC_pos-4_w1,T5,PC,-4,160,1,0,-0.1150971601,1.707368443,13,65,13x5
T5_PC_pos-4_w1,T5,PC,-4,160,1,5,-0.03511068504,1.504857538,13,65,13x5
T5_PC_pos-4_w1,T5,PC,-4,160,1,10,0.08333967656,1.28340726,13,65,13x5
T5_PC_pos-4_w1,T5,PC,-4,160,1,15,0.1862917757,1.224098359,13,65,13x5
T5_PC_pos-4_w1,T5,PC,-4,160,1,20,0.1917087007,1.173952761,13,65,13x5
T5_PC_pos-4_w1,T5,PC,-4,160,1,25,0.3247169659,1.26862274,13,65,13x5
T5_PC_pos-4_w1,T5,PC,-4,160,1,30,0.4603326323,1.491014585,13,65,13x5
T5_PC_pos-4_w1,T5,PC,-4,160,1,35,0.4669852105,1.543921718,13,65,13x5
T5_PC_pos-4_w1,T5,PC,-4,160,1,40,0.4776127112,1.597585347,13,65,13x5
T5_PC_pos-4_w1,T5,PC,-4,160,1,45,0.5174263676,1.551908674,13,65,13x5
T5_PC_pos-4_w1,T5,PC,-4,160,1,50,0.4664001631,1.548961109,13,65,13x5
T5_PC_pos-4_w1,T5,PC,-4,160,1,55,0.472526208,1.535483838,13,65,13x5
T5_PC_pos-4_w1,T5,PC,-4,160,1,60,0.5232613446,1.33823658,13,65,13x5
T5_PC_pos-4_w1,T5,PC,-4,160,1,65,0.5698886575,1.248332905,13,65,13x5
T5_PC_pos-4_w1,T5,PC,-4,160,1,70,0.6209863376,1.118937407,13,65,13x5
T5_PC_pos-4_w1,T5,PC,-4,160,1,75,0.8413433396,1.360526849,13,65,13x5
T5_PC_pos-4_w1,T5,PC,-4,160,1,80,1.105721756,1.52068079,13,65,13x5
T5_PC_pos-4_w1,T5,PC,-4,160,1,85,1.258716308,1.739882175,13,65,13x5
T5_PC_pos-4_w1,T5,PC,-4,160,1,90,1.406617689,1.993607207,13,65,13x5
T5_PC_pos-4_w1,T5,PC,-4,160,1,95,1.53159665,2.147278865,13,65,13x5
T5_PC_pos-4_w1,T5,PC,-4,160,1,100,1.570164698,2.160065694,13,65,13x5
T5_PC_pos-4_w1,T5,PC,-4,160,1,105,1.684602004,2.180337576,13,65,13x5
T5_PC_pos-4_w1,T5,PC,-4,160,1,110,1.928658452,2.113078436,13,65,13x5
T5_PC_pos-4_w1,T5,PC,-4,160,1,115,2.196423832,2.113359811,13,65,13x5
T5_PC_pos-4_w1,T5,PC,-4,160,1,120,2.505663524,2.238540611,13,65,13x5
T5_PC_pos-4_w1,T5,PC,-4,160,1,125,2.801278439,2.389433665,13,65,13x5
T5_PC_pos-4_w1,T5,PC,-4,160,1,130,3.135117736,2.62293433,13,65,13x5
T5_PC_pos-4_w1,T5,PC,-4,160,1,135,3.184691607,2.490615414,13,65,13x5
T5_PC_pos-4_w1,T5,PC,-4,160,1,140,3.401579275,2.815423788,13,65,13x5
T5_PC_pos-4_w1,T5,PC,-4,160,1,145,3.511560114,2.6778265,13,65,13x5
T5_PC_pos-4_w1,T5,PC,-4,160,1,150,3.558053399,2.733007964,13,65,13x5
T5_PC_pos-4_w1,T5,PC,-4,160,1,155,3.771364754,2.968097518,13,65,13x5
T5_PC_pos-4_w1,T5,PC,-4,160,1,160,3.965282383,3.032749053,13,65,13x5
T5_PC_pos-4_w1,T5,PC,-4,160,1,165,3.974696866,3.100553751,13,65,13x5
T5_PC_pos-4_w1,T5,PC,-4,160,1,170,4.153229317,3.302296497,13,65,13x5
T5_PC_pos-4_w1,T5,PC,-4,160,1,175,4.350867055,3.497460451,13,65,13x5
T5_PC_pos-4_w1,T5,PC,-4,160,1,180,4.318239367,3.394361972,13,65,13x5
T5_PC_pos-4_w1,T5,PC,-4,160,1,185,4.200398285,3.381579767,13,65,13x5
T5_PC_pos-4_w1,T5,PC,-4,160,1,190,4.170585849,3.317645371,13,65,13x5
T5_PC_pos-4_w1,T5,PC,-4,160,1,195,4.085208184,3.164807684,13,65,13x5
T5_PC_pos-4_w1,T5,PC,-4,160,1,200,4.011888845,3.129281366,13,65,13x5
T5_PC_pos-4_w1,T5,PC,-4,160,1,205,3.885668783,3.03373298,13,65,13x5
T5_PC_pos-4_w1,T5,PC,-4,160,1,210,3.890289522,3.074081927,13,65,13x5
T5_PC_pos-4_w1,T5,PC,-4,160,1,215,3.772926509,3.064260723,13,65,13x5
T5_PC_pos-4_w1,T5,PC,-4,160,1,220,3.595222273,2.984616076,13,65,13x5
T5_PC_pos-4_w1,T5,PC,-4,160,1,225,3.44784179,2.8991376,13,65,13x5
T5_PC_pos-4_w1,T5,PC,-4,160,1,230,3.300313378,2.764571842,13,65,13x5
T5_PC_pos-4_w1,T5,PC,-4,160,1,235,3.147316947,2.695411265,13,65,13x5
T5_PC_pos-4_w1,T5,PC,-4,160,1,240,2.98743792,2.641955366,13,65,13x5
T5_PC_pos-4_w1,T5,PC,-4,160,1,245,2.794827889,2.335240561,13,65,13x5
T5_PC_pos-4_w1,T5,PC,-4,160,1,250,2.642883961,2.20742225,13,65,13x5
T5_PC_pos-4_w1,T5,PC,-4,160,1,255,2.469531937,2.087340933,13,65,13x5
T5_PC_pos-4_w1,T5,PC,-4,160,1,260,2.477871563,1.93460928,13,65,13x5
T5_PC_pos-4_w1,T5,PC,-4,160,1,265,2.486243405,1.889522183,13,65,13x5
T5_PC_pos-4_w1,T5,PC,-4,160,1,270,2.451072465,1.878122691,13,65,13x5
T5_PC_pos-4_w1,T5,PC,-4,160,1,275,2.344944824,1.912057502,13,65,13x5
T5_PC_pos-4_w1,T5,PC,-4,160,1,280,2.247588667,1.86981028,13,65,13x5
T5_PC_pos-4_w1,T5,PC,-4,160,1,285,2.280874757,1.756498217,13,65,13x5
T5_PC_pos-4_w1,T5,PC,-4,160,1,290,2.349009161,1.692287137,13,65,13x5
T5_PC_pos-4_w1,T5,PC,-4,160,1,295,2.340580777,1.758795067,13,65,13x5
T5_PC_pos-4_w1,T5,PC,-4,160,1,300,2.197010194,1.719034219,13,65,13x5
T5_PC_pos-4_w1,T5,PC,-4,160,1,305,2.053838221,1.633824179,13,65,13x5
T5_PC_pos-4_w1,T5,PC,-4,160,1,310,2.058094725,1.498250148,13,65,13x5
T5_PC_pos-4_w1,T5,PC,-4,160,1,315,1.995248195,1.383019796,13,65,13x5
T5_PC_pos-4_w1,T5,PC,-4,160,1,320,2.007102333,1.403178018,13,65,13x5
T5_PC_pos-4_w1,T5,PC,-4,160,1,325,2.080570258,1.612578732,13,65,13x5
T5_PC_pos-4_w1,T5,PC,-4,160,1,330,1.988666905,1.6110883,13,65,13x5
T5_PC_pos-4_w1,T5,PC,-4,160,1,335,1.89393158,1.505342508,13,65,13x5
T5_PC_pos-4_w1,T5,PC,-4,160,1,340,1.785118675,1.410045332,13,65,13x5
T5_PC_pos-4_w1,T5,PC,-4,160,1,345,1.731705507,1.376235722,13,65,13x5
T5_PC_pos-4_w1,T5,PC,-4,160,1,350,1.687734248,1.356420303,13,65,13x5
T5_PC_pos-4_w1,T5,PC,-4,160,1,355,1.656877199,1.444286351,13,65,13x5
T5_PC_pos-4_w1,T5,PC,-4,160,1,360,1.59839434,1.581121296,13,65,13x5
T5_PC_pos-4_w1,T5,PC,-4,160,1,365,1.423367196,1.618123245,13,65,13x5
T5_PC_pos-4_w1,T5,PC,-4,160,1,370,1.276095946,1.627045905,13,65,13x5
T5_PC_pos-4_w1,T5,PC,-4,160,1,375,1.217609142,1.702859583,13,65,13x5
T5_PC_pos-4_w1,T5,PC,-4,160,1,380,1.291717623,1.875681039,13,65,13x5
T5_PC_pos-4_w1,T5,PC,-4,160,1,385,1.370096979,2.001047717,13,65,13x5
T5_PC_pos-4_w1,T5,PC,-4,160,1,390,1.478300417,1.91119209,13,65,13x5
T5_PC_pos-4_w1,T5,PC,-4,160,1,395,1.573132388,1.844982434,13,65,13x5
T5_PC_pos-4_w1,T5,PC,-4,160,1,400,1.633094255,1.690387828,13,65,13x5
T5_PC_pos-4_w1,T5,PC,-4,160,1,405,1.70416714,1.656072387,13,65,13x5
T5_PC_pos-4_w1,T5,PC,-4,160,1,410,1.711774353,1.77141619,13,65,13x5
T5_PC_pos-4_w1,T5,PC,-4,160,1,415,1.621949708,1.824804619,13,65,13x5
T5_PC_pos-4_w1,T5,PC,-4,160,1,420,1.636680993,1.798878434,13,65,13x5
T5_PC_pos-4_w1,T5,PC,-4,160,1,425,1.529172024,1.790703802,13,65,13x5
T5_PC_pos-4_w1,T5,PC,-4,160,1,430,1.483483473,1.651820726,13,65,13x5
T5_PC_pos-4_w1,T5,PC,-4,160,1,435,1.453926133,1.574647185,13,65,13x5
T5_PC_pos-4_w1,T5,PC,-4,160,1,440,1.419102802,1.508419749,13,65,13x5
T5_PC_pos-4_w1,T5,PC,-4,160,1,445,1.402353295,1.488687897,13,65,13x5
T5_PC_pos-4_w1,T5,PC,-4,160,1,450,1.339471357,1.453166861,13,65,13x5
T5_PC_pos-4_w1,T5,PC,-4,160,1,455,1.288210063,1.419783576,13,65,13x5
T5_PC_pos-4_w1,T5,PC,-4,160,1,460,1.242559363,1.358595903,13,65,13x5
T5_PC_pos-4_w1,T5,PC,-4,160,1,465,1.189918525,1.205474808,13,65,13x5
T5_PC_pos-4_w1,T5,PC,-4,160,1,470,1.055371704,1.042643067,13,65,13x5
T5_PC_pos-4_w1,T5,PC,-4,160,1,475,0.8696453026,1.04216334,13,65,13x5
T5_PC_pos-4_w1,T5,PC,-4,160,1,480,0.7848133311,1.00236687,13,65,13x5
T5_PC_pos-4_w1,T5,PC,-4,160,1,485,0.7153334776,1.079121128,13,65,13x5
T5_PC_pos-4_w1,T5,PC,-4,160,1,490,0.6837322754,1.122124003,13,65,13x5
T5_PC_pos-4_w1,T5,PC,-4,160,1,495,0.6747394136,1.164737513,13,65,13x5
T5_PC_pos-4_w1,T5,PC,-4,160,1,500,0.6638177455,1.185191424,13,65,13x5
T5_PC_pos-4_w1,T5,PC,-4,160,1,505,0.6521467584,1.203313801,13,65,13x5
T5_PC_pos-4_w1,T5,PC,-4,160,1,510,0.6588911934,1.23224245,13,65,13x5
T5_PC_pos-4_w1,T5,PC,-4,160,1,515,0.5868534363,1.276447769,13,65,13x5
T5_PC_pos-4_w1,T5,PC,-4,160,1,520,0.5377094521,1.296319826,13,65,13x5
T5_PC_pos-4_w1,T5,PC,-4,160,1,525,0.493668032,1.226558144,13,65,13x5
T5_PC_pos-4_w1,T5,PC,-4,160,1,530,0.5489584424,1.198819337,13,65,13x5
T5_PC_pos-4_w1,T5,PC,-4,160,1,535,0.7362612507,1.043199269,13,65,13x5
T5_PC_pos-4_w1,T5,PC,-4,160,1,540,0.8363075548,0.9999156051,13,65,13x5
T5_PC_pos-4_w1,T5,PC,-4,160,1,545,0.7972935603,1.020404042,13,65,13x5
T5_PC_pos-4_w1,T5,PC,-4,160,1,550,0.6638715635,1.112277255,13,65,13x5
T5_PC_pos-4_w1,T5,PC,-4,160,1,555,0.6381077803,1.077195286,13,65,13x5
T5_PC_pos-4_w1,T5,PC,-4,160,1,560,0.6272162615,0.9718158198,13,65,13x5
T5_PC_pos-4_w1,T5,PC,-4,160,1,565,0.6600752828,0.9037191586,13,65,13x5
T5_PC_pos-4_w1,T5,PC,-4,160,1,570,0.636246223,0.8987035563,13,65,13x5
T5_PC_pos-4_w1,T5,PC,-4,160,1,575,0.7334750199,0.8353440101,13,65,13x5
T5_PC_pos-4_w1,T5,PC,-4,160,1,580,0.8149204975,0.8915628129,13,65,13x5
T5_PC_pos-4_w1,T5,PC,-4,160,1,585,0.7504409257,0.9714821455,13,65,13x5
T5_PC_pos-4_w1,T5,PC,-4,160,1,590,0.6917733198,1.074268102,13,65,13x5
T5_PC_pos-4_w1,T5,PC,-4,160,1,595,0.6188209389,1.096845724,13,65,13x5
T5_PC_pos-4_w1,T5,PC,-4,160,1,600,0.4784396108,1.103937378,13,65,13x5
T5_PC_pos-4_w1,T5,PC,-4,160,1,605,0.5053889862,1.022510579,13,65,13x5
T5_PC_pos-4_w1,T5,PC,-4,160,1,610,0.4084053289,1.046940422,13,65,13x5
T5_PC_pos-4_w1,T5,PC,-4,160,1,615,0.3660988576,1.074360608,13,65,13x5
T5_PC_pos-4_w1,T5,PC,-4,160,1,620,0.3648150217,1.102574481,13,65,13x5
T5_PC_pos-4_w1,T5,PC,-4,160,1,625,0.3356634297,1.151272268,13,65,13x5
T5_PC_pos-4_w1,T5,PC,-4,160,1,630,0.3149496136,1.153684795,13,65,13x5
T5_PC_pos-4_w1,T5,PC,-4,160,1,635,0.4552436871,1.280225799,13,65,13x5
T5_PC_pos-4_w1,T5,PC,-4,160,1,640,0.5567017504,1.451016971,13,65,13x5
T5_PC_pos-4_w1,T5,PC,-4,160,1,645,0.651362406,1.408192343,13,65,13x5
T5_PC_pos-4_w1,T5,PC,-4,160,1,650,0.6408504308,1.423966188,13,65,13x5
T5_PC_pos-4_w1,T5,PC,-4,160,1,655,0.6469761939,1.465955293,13,65,13x5
T5_PC_pos-4_w1,T5,PC,-4,160,1,660,0.6220343323,1.508769386,13,65,13x5
T5_PC_pos-4_w1,T5,PC,-4,160,1,665,0.4841819796,1.675454946,13,65,13x5
T5_PC_pos-4_w1,T5,PC,-4,160,1,670,0.3586173135,1.804703916,13,65,13x5
T5_PC_pos-4_w1,T5,PC,-4,160,1,675,0.2996984631,1.844812753,13,65,13x5
T5_PC_pos-4_w1,T5,PC,-4,160,1,680,0.297587352,1.86847595,13,65,13x5
T5_PC_pos-4_w1,T5,PC,-4,160,1,685,0.1943160079,1.854185728,13,65,13x5
T5_PC_pos-4_w1,T5,PC,-4,160,1,690,0.1151322003,1.853581626,13,65,13x5
T5_PC_pos-4_w1,T5,PC,-4,160,1,695,0.179652065,1.886212785,13,65,13x5
T5_PC_pos-4_w1,T5,PC,-4,160,1,700,0.1877566954,1.809257321,13,65,13x5
T5_PC_pos-4_w1,T5,PC,-4,160,1,705,0.1332002946,1.705308979,13,65,13x5
T5_PC_pos-4_w1,T5,PC,-4,160,1,710,0.01323720638,1.696475429,13,65,13x5
T5_PC_pos-4_w1,T5,PC,-4,160,1,715,0.02587795026,1.627876291,13,65,13x5
T5_PC_pos-4_w1,T5,PC,-4,160,1,720,-0.02315623778,1.606795029,13,65,13x5
T5_PC_pos-4_w1,T5,PC,-4,160,1,725,0.03425617886,1.540837273,13,65,13x5
T5_PC_pos-4_w1,T5,PC,-4,160,1,730,0.01038654423,1.501374559,13,65,13x5
T5_PC_pos-4_w1,T5,PC,-4,160,1,735,-0.0605661185,1.479867159,13,65,13x5
T5_PC_pos-4_w1,T5,PC,-4,160,1,740,-0.03885333555,1.351079615,13,65,13x5
T5_PC_pos-4_w1,T5,PC,-4,160,1,745,-0.03238202908,1.415801641,13,65,13x5
T5_PC_pos-4_w1,T5,PC,-4,160,1,750,-0.06351042206,1.3728564,13,65,13x5
T5_PC_pos-3_w1,T5,PC,-3,160,1,-200,0.03451366864,0.713763715,14,70,14x5
T5_PC_pos-3_w1,T5,PC,-3,160,1,-195,-0.01731975191,0.7193427643,14,70,14x5
T5_PC_pos-3_w1,T5,PC,-3,160,1,-190,-0.1242982972,0.8061200315,14,70,14x5
T5_PC_pos-3_w1,T5,PC,-3,160,1,-185,-0.1583028323,0.8542991191,14,70,14x5
T5_PC_pos-3_w1,T5,PC,-3,160,1,-180,-0.1218208857,0.8568818433,14,70,14x5
T5_PC_pos-3_w1,T5,PC,-3,160,1,-175,-0.08503002577,0.7932998166,14,70,14x5
T5_PC_pos-3_w1,T5,PC,-3,160,1,-170,-0.04811514699,0.7896026072,14,70,14x5
T5_PC_pos-3_w1,T5,PC,-3,160,1,-165,0.115730658,0.7385939689,14,70,14x5
T5_PC_pos-3_w1,T5,PC,-3,160,1,-160,0.262742868,0.5817535168,14,70,14x5
T5_PC_pos-3_w1,T5,PC,-3,160,1,-155,0.2273367979,0.5389803683,14,70,14x5
T5_PC_pos-3_w1,T5,PC,-3,160,1,-150,0.2753711603,0.5188745889,14,70,14x5
T5_PC_pos-3_w1,T5,PC,-3,160,1,-145,0.2570943419,0.5435930013,14,70,14x5
T5_PC_pos-3_w1,T5,PC,-3,160,1,-140,0.1975670438,0.5554774001,14,70,14x5
T5_PC_pos-3_w1,T5,PC,-3,160,1,-135,0.1211876613,0.5554423406,14,70,14x5
T5_PC_pos-3_w1,T5,PC,-3,160,1,-130,0.03074531001,0.5341864028,14,70,14x5
T5_PC_pos-3_w1,T5,PC,-3,160,1,-125,-0.0670071756,0.5208964498,14,70,14x5
T5_PC_pos-3_w1,T5,PC,-3,160,1,-120,-0.1239035649,0.5468493207,14,70,14x5
T5_PC_pos-3_w1,T5,PC,-3,160,1,-115,-0.1118777495,0.5767878324,14,70,14x5
T5_PC_pos-3_w1,T5,PC,-3,160,1,-110,-0.03899531445,0.6829241784,14,70,14x5
T5_PC_pos-3_w1,T5,PC,-3,160,1,-105,0.111775835,0.7539058126,14,70,14x5
T5_PC_pos-3_w1,T5,PC,-3,160,1,-100,0.2221161455,0.8545938256,14,70,14x5
T5_PC_pos-3_w1,T5,PC,-3,160,1,-95,0.3540118371,0.9655323136,14,70,14x5
T5_PC_pos-3_w1,T5,PC,-3,160,1,-90,0.4307990341,1.116799324,14,70,14x5
T5_PC_pos-3_w1,T5,PC,-3,160,1,-85,0.3835860566,1.110761905,14,70,14x5
T5_PC_pos-3_w1,T5,PC,-3,160,1,-80,0.379697691,1.070493952,14,70,14x5
T5_PC_pos-3_w1,T5,PC,-3,160,1,-75,0.2652685962,0.9934773736,14,70,14x5
T5_PC_pos-3_w1,T5,PC,-3,160,1,-70,0.149336449,0.9435622302,14,70,14x5
T5_PC_pos-3_w1,T5,PC,-3,160,1,-65,0.1106260007,0.9106347853,14,70,14x5
T5_PC_pos-3_w1,T5,PC,-3,160,1,-60,0.04058448671,0.8901182092,14,70,14x5
T5_PC_pos-3_w1,T5,PC,-3,160,1,-55,-0.02842964202,0.8346317353,14,70,14x5
T5_PC_pos-3_w1,T5,PC,-3,160,1,-50,-0.08934312536,0.8536833272,14,70,14x5
T5_PC_pos-3_w1,T5,PC,-3,160,1,-45,-0.127580174,0.885840864,14,70,14x5
T5_PC_pos-3_w1,T5,PC,-3,160,1,-40,-0.2031111351,0.8779555505,14,70,14x5
T5_PC_pos-3_w1,T5,PC,-3,160,1,-35,-0.2008243743,0.9168965481,14,70,14x5
T5_PC_pos-3_w1,T5,PC,-3,160,1,-30,-0.127851934,0.8772404459,14,70,14x5
T5_PC_pos-3_w1,T5,PC,-3,160,1,-25,-0.052408885,0.9578120976,14,70,14x5
T5_PC_pos-3_w1,T5,PC,-3,160,1,-20,-0.07502095547,0.9805743346,14,70,14x5
T5_PC_pos-3_w1,T5,PC,-3,160,1,-15,-0.03234085779,1.073833695,14,70,14x5
T5_PC_pos-3_w1,T5,PC,-3,160,1,-10,-0.05344743375,1.193849933,14,70,14x5
T5_PC_pos-3_w1,T5,PC,-3,160,1,-5,-0.1622850406,1.283143888,14,70,14x5
T5_PC_pos-3_w1,T5,PC,-3,160,1,0,-0.09412561272,1.199130827,14,70,14x5
T5_PC_pos-3_w1,T5,PC,-3,160,1,5,0.04012835554,1.203738971,14,70,14x5
T5_PC_pos-3_w1,T5,PC,-3,160,1,10,0.00483705953,1.11756814,14,70,14x5
T5_PC_pos-3_w1,T5,PC,-3,160,1,15,0.01162059346,1.063638273,14,70,14x5
T5_PC_pos-3_w1,T5,PC,-3,160,1,20,0.06360786016,0.9974583014,14,70,14x5
T5_PC_pos-3_w1,T5,PC,-3,160,1,25,0.1483638343,0.965856446,14,70,14x5
T5_PC_pos-3_w1,T5,PC,-3,160,1,30,0.2343779631,1.006036454,14,70,14x5
T5_PC_pos-3_w1,T5,PC,-3,160,1,35,0.4740491649,1.20789821,14,70,14x5
T5_PC_pos-3_w1,T5,PC,-3,160,1,40,0.5862694684,1.274478663,14,70,14x5
T5_PC_pos-3_w1,T5,PC,-3,160,1,45,0.750861654,1.524970913,14,70,14x5
T5_PC_pos-3_w1,T5,PC,-3,160,1,50,0.9480393969,1.567813073,14,70,14x5
T5_PC_pos-3_w1,T5,PC,-3,160,1,55,1.179490121,1.776644406,14,70,14x5
T5_PC_pos-3_w1,T5,PC,-3,160,1,60,1.284325983,2.01310323,14,70,14x5
T5_PC_pos-3_w1,T5,PC,-3,160,1,65,1.552002244,1.956535622,14,70,14x5
T5_PC_pos-3_w1,T5,PC,-3,160,1,70,1.918197778,1.974827859,14,70,14x5
T5_PC_pos-3_w1,T5,PC,-3,160,1,75,2.260721588,2.185378941,14,70,14x5
T5_PC_pos-3_w1,T5,PC,-3,160,1,80,2.570699959,2.345583233,14,70,14x5
T5_PC_pos-3_w1,T5,PC,-3,160,1,85,2.93378944,2.510710235,14,70,14x5
T5_PC_pos-3_w1,T5,PC,-3,160,1,90,3.158016198,2.418157764,14,70,14x5
T5_PC_pos-3_w1,T5,PC,-3,160,1,95,3.317254816,2.424535425,14,70,14x5
T5_PC_pos-3_w1,T5,PC,-3,160,1,100,3.517331216,2.419325897,14,70,14x5
T5_PC_pos-3_w1,T5,PC,-3,160,1,105,3.756615709,2.472590745,14,70,14x5
T5_PC_pos-3_w1,T5,PC,-3,160,1,110,3.900123123,2.547445872,14,70,14x5
T5_PC_pos-3_w1,T5,PC,-3,160,1,115,3.97000172,2.408949335,14,70,14x5
T5_PC_pos-3_w1,T5,PC,-3,160,1,120,4.121910494,2.199260748,14,70,14x5
T5_PC_pos-3_w1,T5,PC,-3,160,1,125,4.185897063,2.110235731,14,70,14x5
T5_PC_pos-3_w1,T5,PC,-3,160,1,130,4.292414593,2.137436433,14,70,14x5
T5_PC_pos-3_w1,T5,PC,-3,160,1,135,4.529112483,2.3722323,14,70,14x5
T5_PC_pos-3_w1,T5,PC,-3,160,1,140,4.82618958,2.629196186,14,70,14x5
T5_PC_pos-3_w1,T5,PC,-3,160,1,145,4.971493609,2.684086791,14,70,14x5
T5_PC_pos-3_w1,T5,PC,-3,160,1,150,5.191432385,2.686869071,14,70,14x5
T5_PC_pos-3_w1,T5,PC,-3,160,1,155,5.408951659,2.695470134,14,70,14x5
T5_PC_pos-3_w1,T5,PC,-3,160,1,160,5.321303482,2.603505441,14,70,14x5
T5_PC_pos-3_w1,T5,PC,-3,160,1,165,5.425329646,2.84483865,14,70,14x5
T5_PC_pos-3_w1,T5,PC,-3,160,1,170,5.627113355,3.230085306,14,70,14x5
T5_PC_pos-3_w1,T5,PC,-3,160,1,175,5.527541054,3.06507041,14,70,14x5
T5_PC_pos-3_w1,T5,PC,-3,160,1,180,5.480316913,3.073769241,14,70,14x5
T5_PC_pos-3_w1,T5,PC,-3,160,1,185,5.638196557,3.26305344,14,70,14x5
T5_PC_pos-3_w1,T5,PC,-3,160,1,190,5.656886772,3.255606658,14,70,14x5
T5_PC_pos-3_w1,T5,PC,-3,160,1,195,5.673691237,3.285809246,14,70,14x5
T5_PC_pos-3_w1,T5,PC,-3,160,1,200,5.613237025,3.011409768,14,70,14x5
T5_PC_pos-3_w1,T5,PC,-3,160,1,205,5.580096261,2.801030109,14,70,14x5
T5_PC_pos-3_w1,T5,PC,-3,160,1,210,5.518901773,2.744506879,14,70,14x5
T5_PC_pos-3_w1,T5,PC,-3,160,1,215,5.290732402,2.329333011,14,70,14x5
T5_PC_pos-3_w1,T5,PC,-3,160,1,220,5.04323092,2.121221795,14,70,14x5
T5_PC_pos-3_w1,T5,PC,-3,160,1,225,4.740248537,2.007969074,14,70,14x5
T5_PC_pos-3_w1,T5,PC,-3,160,1,230,4.44283078,2.11247704,14,70,14x5
T5_PC_pos-3_w1,T5,PC,-3,160,1,235,4.181648676,2.103253723,14,70,14x5
T5_PC_pos-3_w1,T5,PC,-3,160,1,240,3.973052305,2.167854947,14,70,14x5
T5_PC_pos-3_w1,T5,PC,-3,160,1,245,3.77192532,2.14529891,14,70,14x5
T5_PC_pos-3_w1,T5,PC,-3,160,1,250,3.605054049,2.016382683,14,70,14x5
T5_PC_pos-3_w1,T5,PC,-3,160,1,255,3.448844734,1.82871497,14,70,14x5
T5_PC_pos-3_w1,T5,PC,-3,160,1,260,3.249696296,1.764356191,14,70,14x5
T5_PC_pos-3_w1,T5,PC,-3,160,1,265,3.159968056,1.792712126,14,70,14x5
T5_PC_pos-3_w1,T5,PC,-3,160,1,270,3.147608209,1.761001942,14,70,14x5
T5_PC_pos-3_w1,T5,PC,-3,160,1,275,3.077428373,1.777652589,14,70,14x5
T5_PC_pos-3_w1,T5,PC,-3,160,1,280,3.064764323,1.902812743,14,70,14x5
T5_PC_pos-3_w1,T5,PC,-3,160,1,285,3.185470585,1.768526333,14,70,14x5
T5_PC_pos-3_w1,T5,PC,-3,160,1,290,3.158341159,1.6462205,14,70,14x5
T5_PC_pos-3_w1,T5,PC,-3,160,1,295,3.004944333,1.626237916,14,70,14x5
T5_PC_pos-3_w1,T5,PC,-3,160,1,300,2.846211209,1.623091525,14,70,14x5
T5_PC_pos-3_w1,T5,PC,-3,160,1,305,2.687038001,1.621582959,14,70,14x5
T5_PC_pos-3_w1,T5,PC,-3,160,1,310,2.464764323,1.704795748,14,70,14x5
T5_PC_pos-3_w1,T5,PC,-3,160,1,315,2.244115622,1.742285194,14,70,14x5
T5_PC_pos-3_w1,T5,PC,-3,160,1,320,2.046645188,1.705730966,14,70,14x5
T5_PC_pos-3_w1,T5,PC,-3,160,1,325,1.906165683,1.732226963,14,70,14x5
T5_PC_pos-3_w1,T5,PC,-3,160,1,330,1.883777928,1.718469409,14,70,14x5
T5_PC_pos-3_w1,T5,PC,-3,160,1,335,1.890387731,1.670837374,14,70,14x5
T5_PC_pos-3_w1,T5,PC,-3,160,1,340,1.758155218,1.656583571,14,70,14x5
T5_PC_pos-3_w1,T5,PC,-3,160,1,345,1.637212953,1.616140026,14,70,14x5
T5_PC_pos-3_w1,T5,PC,-3,160,1,350,1.551869852,1.539358439,14,70,14x5
T5_PC_pos-3_w1,T5,PC,-3,160,1,355,1.441062421,1.462409686,14,70,14x5
T5_PC_pos-3_w1,T5,PC,-3,160,1,360,1.408816303,1.317379258,14,70,14x5
T5_PC_pos-3_w1,T5,PC,-3,160,1,365,1.307589545,1.180545306,14,70,14x5
T5_PC_pos-3_w1,T5,PC,-3,160,1,370,1.315889388,1.09569044,14,70,14x5
T5_PC_pos-3_w1,T5,PC,-3,160,1,375,1.259952008,1.105419953,14,70,14x5
T5_PC_pos-3_w1,T5,PC,-3,160,1,380,1.292004162,1.240467546,14,70,14x5
T5_PC_pos-3_w1,T5,PC,-3,160,1,385,1.281274352,1.293745482,14,70,14x5
T5_PC_pos-3_w1,T5,PC,-3,160,1,390,1.241505645,1.198976227,14,70,14x5
T5_PC_pos-3_w1,T5,PC,-3,160,1,395,1.180364881,1.239319103,14,70,14x5
T5_PC_pos-3_w1,T5,PC,-3,160,1,400,1.104659665,1.244506131,14,70,14x5
T5_PC_pos-3_w1,T5,PC,-3,160,1,405,1.061926193,1.266264218,14,70,14x5
T5_PC_pos-3_w1,T5,PC,-3,160,1,410,0.9072106859,1.31410239,14,70,14x5
T5_PC_pos-3_w1,T5,PC,-3,160,1,415,0.8107179247,1.397888807,14,70,14x5
T5_PC_pos-3_w1,T5,PC,-3,160,1,420,0.8220988771,1.531151919,14,70,14x5
T5_PC_pos-3_w1,T5,PC,-3,160,1,425,0.7900139303,1.579859978,14,70,14x5
T5_PC_pos-3_w1,T5,PC,-3,160,1,430,0.7279560199,1.526385459,14,70,14x5
T5_PC_pos-3_w1,T5,PC,-3,160,1,435,0.6807315301,1.487270741,14,70,14x5
T5_PC_pos-3_w1,T5,PC,-3,160,1,440,0.6152757478,1.451745364,14,70,14x5
T5_PC_pos-3_w1,T5,PC,-3,160,1,445,0.5361503336,1.326181423,14,70,14x5
T5_PC_pos-3_w1,T5,PC,-3,160,1,450,0.5668126395,1.345085532,14,70,14x5
T5_PC_pos-3_w1,T5,PC,-3,160,1,455,0.599855549,1.312879726,14,70,14x5
T5_PC_pos-3_w1,T5,PC,-3,160,1,460,0.5199656135,1.307622744,14,70,14x5
T5_PC_pos-3_w1,T5,PC,-3,160,1,465,0.4926675148,1.317048952,14,70,14x5
T5_PC_pos-3_w1,T5,PC,-3,160,1,470,0.5470960862,1.30020975,14,70,14x5
T5_PC_pos-3_w1,T5,PC,-3,160,1,475,0.4244395364,1.290523189,14,70,14x5
T5_PC_pos-3_w1,T5,PC,-3,160,1,480,0.2642940628,1.281110224,14,70,14x5
T5_PC_pos-3_w1,T5,PC,-3,160,1,485,0.192479655,1.257199198,14,70,14x5
T5_PC_pos-3_w1,T5,PC,-3,160,1,490,0.0748028715,1.235072597,14,70,14x5
T5_PC_pos-3_w1,T5,PC,-3,160,1,495,-0.05020707094,1.224256143,14,70,14x5
T5_PC_pos-3_w1,T5,PC,-3,160,1,500,-0.1534974948,1.260526438,14,70,14x5
T5_PC_pos-3_w1,T5,PC,-3,160,1,505,-0.2804120247,1.273618977,14,70,14x5
T5_PC_pos-3_w1,T5,PC,-3,160,1,510,-0.3692761447,1.198971707,14,70,14x5
T5_PC_pos-3_w1,T5,PC,-3,160,1,515,-0.3113473117,1.153592758,14,70,14x5
T5_PC_pos-3_w1,T5,PC,-3,160,1,520,-0.1518390263,1.141057141,14,70,14x5
T5_PC_pos-3_w1,T5,PC,-3,160,1,525,-0.1042297467,1.132416401,14,70,14x5
T5_PC_pos-3_w1,T5,PC,-3,160,1,530,-0.08767209798,1.125570965,14,70,14x5
T5_PC_pos-3_w1,T5,PC,-3,160,1,535,-0.00591123979,1.160842341,14,70,14x5
T5_PC_pos-3_w1,T5,PC,-3,160,1,540,0.1623968014,1.181889012,14,70,14x5
T5_PC_pos-3_w1,T5,PC,-3,160,1,545,0.2469045635,1.177024169,14,70,14x5
T5_PC_pos-3_w1,T5,PC,-3,160,1,550,0.3380889346,1.242743871,14,70,14x5
T5_PC_pos-3_w1,T5,PC,-3,160,1,555,0.4481142268,1.32084524,14,70,14x5
T5_PC_pos-3_w1,T5,PC,-3,160,1,560,0.3758415947,1.367064238,14,70,14x5
T5_PC_pos-3_w1,T5,PC,-3,160,1,565,0.288748973,1.371563974,14,70,14x5
T5_PC_pos-3_w1,T5,PC,-3,160,1,570,0.3151595783,1.333768696,14,70,14x5
T5_PC_pos-3_w1,T5,PC,-3,160,1,575,0.3346792015,1.414015887,14,70,14x5
T5_PC_pos-3_w1,T5,PC,-3,160,1,580,0.2631686486,1.447005205,14,70,14x5
T5_PC_pos-3_w1,T5,PC,-3,160,1,585,0.2859225296,1.430384976,14,70,14x5
T5_PC_pos-3_w1,T5,PC,-3,160,1,590,0.3037808935,1.362740896,14,70,14x5
T5_PC_pos-3_w1,T5,PC,-3,160,1,595,0.3006113487,1.31544524,14,70,14x5
T5_PC_pos-3_w1,T5,PC,-3,160,1,600,0.2877058891,1.266085066,14,70,14x5
T5_PC_pos-3_w1,T5,PC,-3,160,1,605,0.3211206807,1.341131011,14,70,14x5
T5_PC_pos-3_w1,T5,PC,-3,160,1,610,0.2090027668,1.34930687,14,70,14x5
T5_PC_pos-3_w1,T5,PC,-3,160,1,615,0.210172486,1.344123305,14,70,14x5
T5_PC_pos-3_w1,T5,PC,-3,160,1,620,0.2678960164,1.305078022,14,70,14x5
T5_PC_pos-3_w1,T5,PC,-3,160,1,625,0.1943476125,1.338896817,14,70,14x5
T5_PC_pos-3_w1,T5,PC,-3,160,1,630,0.1238152559,1.319276004,14,70,14x5
T5_PC_pos-3_w1,T5,PC,-3,160,1,635,0.1302331872,1.170932067,14,70,14x5
T5_PC_pos-3_w1,T5,PC,-3,160,1,640,0.05748262032,1.06718076,14,70,14x5
T5_PC_pos-3_w1,T5,PC,-3,160,1,645,0.004433780269,1.072097188,14,70,14x5
T5_PC_pos-3_w1,T5,PC,-3,160,1,650,0.05169699325,1.218812299,14,70,14x5
T5_PC_pos-3_w1,T5,PC,-3,160,1,655,0.05023719907,1.237642297,14,70,14x5
T5_PC_pos-3_w1,T5,PC,-3,160,1,660,0.0519891614,1.148866284,14,70,14x5
T5_PC_pos-3_w1,T5,PC,-3,160,1,665,0.04682816366,1.052590119,14,70,14x5
T5_PC_pos-3_w1,T5,PC,-3,160,1,670,0.05391293603,0.9923605392,14,70,14x5
T5_PC_pos-3_w1,T5,PC,-3,160,1,675,0.01780810436,0.9698698427,14,70,14x5
T5_PC_pos-3_w1,T5,PC,-3,160,1,680,-0.04555400972,0.9879356121,14,70,14x5
T5_PC_pos-3_w1,T5,PC,-3,160,1,685,-0.04679733782,1.029198433,14,70,14x5
T5_PC_pos-3_w1,T5,PC,-3,160,1,690,0.02755936897,0.9252936336,14,70,14x5
T5_PC_pos-3_w1,T5,PC,-3,160,1,695,0.003223942488,0.9694087188,14,70,14x5
T5_PC_pos-3_w1,T5,PC,-3,160,1,700,0.1072199306,0.9311488518,14,70,14x5
T5_PC_pos-3_w1,T5,PC,-3,160,1,705,0.2590962606,1.002724133,14,70,14x5
T5_PC_pos-3_w1,T5,PC,-3,160,1,710,0.278179812,1.09214143,14,70,14x5
T5_PC_pos-3_w1,T5,PC,-3,160,1,715,0.2320106161,1.104087947,14,70,14x5
T5_PC_pos-3_w1,T5,PC,-3,160,1,720,0.2633390655,1.172258181,14,70,14x5
T5_PC_pos-3_w1,T5,PC,-3,160,1,725,0.2501091684,1.214760447,14,70,14x5
T5_PC_pos-3_w1,T5,PC,-3,160,1,730,0.1654193027,1.183302487,14,70,14x5
T5_PC_pos-3_w1,T5,PC,-3,160,1,735,0.1321759746,1.178565561,14,70,14x5
T5_PC_pos-3_w1,T5,PC,-3,160,1,740,0.04731534315,1.20162122,14,70,14x5
T5_PC_pos-3_w1,T5,PC,-3,160,1,745,-0.07807328409,1.271608294,14,70,14x5
T5_PC_pos-3_w1,T5,PC,-3,160,1,750,-0.08798397658,1.272884779,14,70,14x5
T5_PC_pos-2_w1,T5,PC,-2,160,1,-200,0.0513538242,0.8781167988,14,70,14x5
T5_PC_pos-2_w1,T5,PC,-2,160,1,-195,-0.01297495218,0.8740591607,14,70,14x5
T5_PC_pos-2_w1,T5,PC,-2,160,1,-190,0.05836714619,0.9726179301,14,70,14x5
T5_PC_pos-2_w1,T5,PC,-2,160,1,-185,0.1331498516,0.8072106918,14,70,14x5
T5_PC_pos-2_w1,T5,PC,-2,160,1,-180,0.1476552807,0.7402177007,14,70,14x5
T5_PC_pos-2_w1,T5,PC,-2,160,1,-175,0.1228011249,0.6072981931,14,70,14x5
T5_PC_pos-2_w1,T5,PC,-2,160,1,-170,0.1363235608,0.5499079652,14,70,14x5
T5_PC_pos-2_w1,T5,PC,-2,160,1,-165,0.1121017965,0.5448032214,14,70,14x5
T5_PC_pos-2_w1,T5,PC,-2,160,1,-160,0.05817427161,0.5286227992,14,70,14x5
T5_PC_pos-2_w1,T5,PC,-2,160,1,-155,0.01963652959,0.4302659054,14,70,14x5
T5_PC_pos-2_w1,T5,PC,-2,160,1,-150,-0.0508973532,0.3616378662,14,70,14x5
T5_PC_pos-2_w1,T5,PC,-2,160,1,-145,-0.1054973445,0.4647799923,14,70,14x5
T5_PC_pos-2_w1,T5,PC,-2,160,1,-140,-0.05463832651,0.5481930632,14,70,14x5
T5_PC_pos-2_w1,T5,PC,-2,160,1,-135,0.02255321806,0.6242997672,14,70,14x5
T5_PC_pos-2_w1,T5,PC,-2,160,1,-130,-0.002748020385,0.671046221,14,70,14x5
T5_PC_pos-2_w1,T5,PC,-2,160,1,-125,-0.1054492457,0.5924898577,14,70,14x5
T5_PC_pos-2_w1,T5,PC,-2,160,1,-120,-0.1296222355,0.5433364004,14,70,14x5
T5_PC_pos-2_w1,T5,PC,-2,160,1,-115,-0.1237610807,0.5688625257,14,70,14x5
T5_PC_pos-2_w1,T5,PC,-2,160,1,-110,-0.05422096213,0.6366791771,14,70,14x5
T5_PC_pos-2_w1,T5,PC,-2,160,1,-105,-0.1013078276,0.6166704861,14,70,14x5
T5_PC_pos-2_w1,T5,PC,-2,160,1,-100,-0.04006388904,0.5436682108,14,70,14x5
T5_PC_pos-2_w1,T5,PC,-2,160,1,-95,0.03011141185,0.590773745,14,70,14x5
T5_PC_pos-2_w1,T5,PC,-2,160,1,-90,0.00635977658,0.6995174131,14,70,14x5
T5_PC_pos-2_w1,T5,PC,-2,160,1,-85,-0.0264271369,0.7286134418,14,70,14x5
T5_PC_pos-2_w1,T5,PC,-2,160,1,-80,-0.09727313812,0.6699109477,14,70,14x5
T5_PC_pos-2_w1,T5,PC,-2,160,1,-75,-0.1219369703,0.6176959914,14,70,14x5
T5_PC_pos-2_w1,T5,PC,-2,160,1,-70,-0.05274289654,0.7098589394,14,70,14x5
T5_PC_pos-2_w1,T5,PC,-2,160,1,-65,0.02834510276,0.7249925147,14,70,14x5
T5_PC_pos-2_w1,T5,PC,-2,160,1,-60,0.08230670663,0.7435379291,14,70,14x5
T5_PC_pos-2_w1,T5,PC,-2,160,1,-55,0.1478918497,0.6241378992,14,70,14x5
T5_PC_pos-2_w1,T5,PC,-2,160,1,-50,0.1093538242,0.5634595225,14,70,14x5
T5_PC_pos-2_w1,T5,PC,-2,160,1,-45,0.08530156099,0.5042559341,14,70,14x5
T5_PC_pos-2_w1,T5,PC,-2,160,1,-40,-0.00517742035,0.5113082348,14,70,14x5
T5_PC_pos-2_w1,T5,PC,-2,160,1,-35,0.1570853784,0.6025664971,14,70,14x5
T5_PC_pos-2_w1,T5,PC,-2,160,1,-30,0.1401143117,0.7016736934,14,70,14x5
T5_PC_pos-2_w1,T5,PC,-2,160,1,-25,0.01521626533,0.7474919881,14,70,14x5
T5_PC_pos-2_w1,T5,PC,-2,160,1,-20,-0.04227854542,0.7501116913,14,70,14x5
T5_PC_pos-2_w1,T5,PC,-2,160,1,-15,-0.1266765918,0.7579115613,14,70,14x5
T5_PC_pos-2_w1,T5,PC,-2,160,1,-10,-0.2396744987,0.8412252708,14,70,14x5
T5_PC_pos-2_w1,T5,PC,-2,160,1,-5,-0.2615331678,0.6781237493,14,70,14x5
T5_PC_pos-2_w1,T5,PC,-2,160,1,0,-0.2429611941,0.7442647528,14,70,14x5
T5_PC_pos-2_w1,T5,PC,-2,160,1,5,-0.0275963982,0.8277445716,14,70,14x5
T5_PC_pos-2_w1,T5,PC,-2,160,1,10,0.09614786746,0.8512335681,14,70,14x5
T5_PC_pos-2_w1,T5,PC,-2,160,1,15,0.2064331239,0.9895680771,14,70,14x5
T5_PC_pos-2_w1,T5,PC,-2,160,1,20,0.2448431404,1.114843063,14,70,14x5
T5_PC_pos-2_w1,T5,PC,-2,160,1,25,0.3122024855,1.247488401,14,70,14x5
T5_PC_pos-2_w1,T5,PC,-2,160,1,30,0.3938526686,1.190808765,14,70,14x5
T5_PC_pos-2_w1,T5,PC,-2,160,1,35,0.5339274985,1.336557229,14,70,14x5
T5_PC_pos-2_w1,T5,PC,-2,160,1,40,0.6844711711,1.347615346,14,70,14x5
T5_PC_pos-2_w1,T5,PC,-2,160,1,45,1.094793712,1.438769165,14,70,14x5
T5_PC_pos-2_w1,T5,PC,-2,160,1,50,1.593393092,1.514170337,14,70,14x5
T5_PC_pos-2_w1,T5,PC,-2,160,1,55,2.036429548,1.552347113,14,70,14x5
T5_PC_pos-2_w1,T5,PC,-2,160,1,60,2.485176866,1.655841633,14,70,14x5
T5_PC_pos-2_w1,T5,PC,-2,160,1,65,2.843232858,1.742021754,14,70,14x5
T5_PC_pos-2_w1,T5,PC,-2,160,1,70,3.173601666,1.78754383,14,70,14x5
T5_PC_pos-2_w1,T5,PC,-2,160,1,75,3.474092421,1.827599879,14,70,14x5
T5_PC_pos-2_w1,T5,PC,-2,160,1,80,3.99369553,2.139883258,14,70,14x5
T5_PC_pos-2_w1,T5,PC,-2,160,1,85,4.526949586,2.466169819,14,70,14x5
T5_PC_pos-2_w1,T5,PC,-2,160,1,90,4.860880425,2.583087763,14,70,14x5
T5_PC_pos-2_w1,T5,PC,-2,160,1,95,5.279146167,2.741599138,14,70,14x5
T5_PC_pos-2_w1,T5,PC,-2,160,1,100,5.797561852,2.827432293,14,70,14x5
T5_PC_pos-2_w1,T5,PC,-2,160,1,105,6.127015716,2.801355522,14,70,14x5
T5_PC_pos-2_w1,T5,PC,-2,160,1,110,6.360636224,2.78807873,14,70,14x5
T5_PC_pos-2_w1,T5,PC,-2,160,1,115,6.584283464,2.877222291,14,70,14x5
T5_PC_pos-2_w1,T5,PC,-2,160,1,120,6.722794235,2.746045185,14,70,14x5
T5_PC_pos-2_w1,T5,PC,-2,160,1,125,7.106393638,2.701165896,14,70,14x5
T5_PC_pos-2_w1,T5,PC,-2,160,1,130,7.488505119,3.079938215,14,70,14x5
T5_PC_pos-2_w1,T5,PC,-2,160,1,135,7.582081737,3.059014638,14,70,14x5
T5_PC_pos-2_w1,T5,PC,-2,160,1,140,7.629309061,2.902025013,14,70,14x5
T5_PC_pos-2_w1,T5,PC,-2,160,1,145,7.741623055,2.764847835,14,70,14x5
T5_PC_pos-2_w1,T5,PC,-2,160,1,150,7.884521625,2.627655285,14,70,14x5
T5_PC_pos-2_w1,T5,PC,-2,160,1,155,7.987412694,2.560169015,14,70,14x5
T5_PC_pos-2_w1,T5,PC,-2,160,1,160,8.104193481,2.581310688,14,70,14x5
T5_PC_pos-2_w1,T5,PC,-2,160,1,165,8.434591505,2.918068418,14,70,14x5
T5_PC_pos-2_w1,T5,PC,-2,160,1,170,8.568339761,2.960643386,14,70,14x5
T5_PC_pos-2_w1,T5,PC,-2,160,1,175,8.711409336,2.773883974,14,70,14x5
T5_PC_pos-2_w1,T5,PC,-2,160,1,180,8.918698386,2.587076819,14,70,14x5
T5_PC_pos-2_w1,T5,PC,-2,160,1,185,9.349749276,2.645373349,14,70,14x5
T5_PC_pos-2_w1,T5,PC,-2,160,1,190,9.603547396,2.669132175,14,70,14x5
T5_PC_pos-2_w1,T5,PC,-2,160,1,195,9.585648478,2.645187054,14,70,14x5
T5_PC_pos-2_w1,T5,PC,-2,160,1,200,9.464852821,2.753351915,14,70,14x5
T5_PC_pos-2_w1,T5,PC,-2,160,1,205,9.178030935,2.638833295,14,70,14x5
T5_PC_pos-2_w1,T5,PC,-2,160,1,210,8.912382278,2.769818803,14,70,14x5
T5_PC_pos-2_w1,T5,PC,-2,160,1,215,8.445008564,2.625788409,14,70,14x5
T5_PC_pos-2_w1,T5,PC,-2,160,1,220,7.954340764,2.448823222,14,70,14x5
T5_PC_pos-2_w1,T5,PC,-2,160,1,225,7.58577169,2.481038384,14,70,14x5
T5_PC_pos-2_w1,T5,PC,-2,160,1,230,7.27269976,2.484084785,14,70,14x5
T5_PC_pos-2_w1,T5,PC,-2,160,1,235,7.000875671,2.444706905,14,70,14x5
T5_PC_pos-2_w1,T5,PC,-2,160,1,240,6.692363941,2.291829694,14,70,14x5
T5_PC_pos-2_w1,T5,PC,-2,160,1,245,6.3934691,2.284833706,14,70,14x5
T5_PC_pos-2_w1,T5,PC,-2,160,1,250,6.092586599,2.277931475,14,70,14x5
T5_PC_pos-2_w1,T5,PC,-2,160,1,255,5.931505141,2.262665931,14,70,14x5
T5_PC_pos-2_w1,T5,PC,-2,160,1,260,5.598576657,2.088749752,14,70,14x5
T5_PC_pos-2_w1,T5,PC,-2,160,1,265,5.261995526,2.041336299,14,70,14x5
T5_PC_pos-2_w1,T5,PC,-2,160,1,270,5.016473526,1.959945991,14,70,14x5
T5_PC_pos-2_w1,T5,PC,-2,160,1,275,4.882561721,2.102643331,14,70,14x5
T5_PC_pos-2_w1,T5,PC,-2,160,1,280,4.803725815,2.310126726,14,70,14x5
T5_PC_pos-2_w1,T5,PC,-2,160,1,285,4.642040376,2.38102246,14,70,14x5
T5_PC_pos-2_w1,T5,PC,-2,160,1,290,4.420787541,2.334303453,14,70,14x5
T5_PC_pos-2_w1,T5,PC,-2,160,1,295,4.151738592,2.242020784,14,70,14x5
T5_PC_pos-2_w1,T5,PC,-2,160,1,300,3.965824346,2.135318653,14,70,14x5
T5_PC_pos-2_w1,T5,PC,-2,160,1,305,3.865758695,2.038902086,14,70,14x5
T5_PC_pos-2_w1,T5,PC,-2,160,1,310,3.615834528,1.909457609,14,70,14x5
T5_PC_pos-2_w1,T5,PC,-2,160,1,315,3.402864225,1.79311569,14,70,14x5
T5_PC_pos-2_w1,T5,PC,-2,160,1,320,3.242478846,1.684408091,14,70,14x5
T5_PC_pos-2_w1,T5,PC,-2,160,1,325,3.104512075,1.691617221,14,70,14x5
T5_PC_pos-2_w1,T5,PC,-2,160,1,330,3.025321729,1.646363176,14,70,14x5
T5_PC_pos-2_w1,T5,PC,-2,160,1,335,2.88870617,1.663447627,14,70,14x5
T5_PC_pos-2_w1,T5,PC,-2,160,1,340,2.766262554,1.520277937,14,70,14x5
T5_PC_pos-2_w1,T5,PC,-2,160,1,345,2.622432928,1.373201291,14,70,14x5
T5_PC_pos-2_w1,T5,PC,-2,160,1,350,2.553486455,1.340393037,14,70,14x5
T5_PC_pos-2_w1,T5,PC,-2,160,1,355,2.519033856,1.426998665,14,70,14x5
T5_PC_pos-2_w1,T5,PC,-2,160,1,360,2.385074934,1.546294336,14,70,14x5
T5_PC_pos-2_w1,T5,PC,-2,160,1,365,2.203985191,1.593794527,14,70,14x5
T5_PC_pos-2_w1,T5,PC,-2,160,1,370,1.962081606,1.529541778,14,70,14x5
T5_PC_pos-2_w1,T5,PC,-2,160,1,375,1.8047324,1.476606384,14,70,14x5
T5_PC_pos-2_w1,T5,PC,-2,160,1,380,1.731962079,1.486238542,14,70,14x5
T5_PC_pos-2_w1,T5,PC,-2,160,1,385,1.730104195,1.429546297,14,70,14x5
T5_PC_pos-2_w1,T5,PC,-2,160,1,390,1.672894859,1.486219097,14,70,14x5
T5_PC_pos-2_w1,T5,PC,-2,160,1,395,1.554175754,1.395013991,14,70,14x5
T5_PC_pos-2_w1,T5,PC,-2,160,1,400,1.463960466,1.342465062,14,70,14x5
T5_PC_pos-2_w1,T5,PC,-2,160,1,405,1.441936939,1.31695147,14,70,14x5
T5_PC_pos-2_w1,T5,PC,-2,160,1,410,1.412638317,1.251666671,14,70,14x5
T5_PC_pos-2_w1,T5,PC,-2,160,1,415,1.333153842,1.291791754,14,70,14x5
T5_PC_pos-2_w1,T5,PC,-2,160,1,420,1.250586774,1.275998303,14,70,14x5
T5_PC_pos-2_w1,T5,PC,-2,160,1,425,1.118423966,1.175176025,14,70,14x5
T5_PC_pos-2_w1,T5,PC,-2,160,1,430,1.073130817,1.151962333,14,70,14x5
T5_PC_pos-2_w1,T5,PC,-2,160,1,435,1.0965808,1.071225482,14,70,14x5
T5_PC_pos-2_w1,T5,PC,-2,160,1,440,1.094352276,1.03555641,14,70,14x5
T5_PC_pos-2_w1,T5,PC,-2,160,1,445,1.097045412,1.011909262,14,70,14x5
T5_PC_pos-2_w1,T5,PC,-2,160,1,450,0.9926241888,0.9515960873,14,70,14x5
T5_PC_pos-2_w1,T5,PC,-2,160,1,455,0.8528626765,0.9017543423,14,70,14x5
T5_PC_pos-2_w1,T5,PC,-2,160,1,460,0.7371291818,0.9040262209,14,70,14x5
T5_PC_pos-2_w1,T5,PC,-2,160,1,465,0.7071374671,0.8391348747,14,70,14x5
T5_PC_pos-2_w1,T5,PC,-2,160,1,470,0.6465435591,0.7658457273,14,70,14x5
T5_PC_pos-2_w1,T5,PC,-2,160,1,475,0.5725025247,0.8131549179,14,70,14x5
T5_PC_pos-2_w1,T5,PC,-2,160,1,480,0.493653689,0.850875585,14,70,14x5
T5_PC_pos-2_w1,T5,PC,-2,160,1,485,0.4199513299,0.8881064907,14,70,14x5
T5_PC_pos-2_w1,T5,PC,-2,160,1,490,0.3224852999,0.8257537892,14,70,14x5
T5_PC_pos-2_w1,T5,PC,-2,160,1,495,0.2401765392,0.7903872816,14,70,14x5
T5_PC_pos-2_w1,T5,PC,-2,160,1,500,0.2414975317,0.7890874771,14,70,14x5
T5_PC_pos-2_w1,T5,PC,-2,160,1,505,0.1211939166,0.8064632994,14,70,14x5
T5_PC_pos-2_w1,T5,PC,-2,160,1,510,0.08898979141,0.7821030804,14,70,14x5
T5_PC_pos-2_w1,T5,PC,-2,160,1,515,0.04140033126,0.8216981508,14,70,14x5
T5_PC_pos-2_w1,T5,PC,-2,160,1,520,-0.0939325878,0.8067361383,14,70,14x5
T5_PC_pos-2_w1,T5,PC,-2,160,1,525,-0.2113034669,0.8779536087,14,70,14x5
T5_PC_pos-2_w1,T5,PC,-2,160,1,530,-0.2747619093,0.9543292058,14,70,14x5
T5_PC_pos-2_w1,T5,PC,-2,160,1,535,-0.2500799583,1.061036268,14,70,14x5
T5_PC_pos-2_w1,T5,PC,-2,160,1,540,-0.3213989013,1.086339182,14,70,14x5
T5_PC_pos-2_w1,T5,PC,-2,160,1,545,-0.3400487355,1.074442967,14,70,14x5
T5_PC_pos-2_w1,T5,PC,-2,160,1,550,-0.2946274029,0.9960444093,14,70,14x5
T5_PC_pos-2_w1,T5,PC,-2,160,1,555,-0.2589726628,1.004075909,14,70,14x5
T5_PC_pos-2_w1,T5,PC,-2,160,1,560,-0.2336797751,1.053900799,14,70,14x5
T5_PC_pos-2_w1,T5,PC,-2,160,1,565,-0.111560008,1.066828612,14,70,14x5
T5_PC_pos-2_w1,T5,PC,-2,160,1,570,-0.1146234783,1.065418933,14,70,14x5
T5_PC_pos-2_w1,T5,PC,-2,160,1,575,-0.09128356024,0.9843515894,14,70,14x5
T5_PC_pos-2_w1,T5,PC,-2,160,1,580,-0.1007592056,0.8758229671,14,70,14x5
T5_PC_pos-2_w1,T5,PC,-2,160,1,585,-0.1210535541,0.8109038178,14,70,14x5
T5_PC_pos-2_w1,T5,PC,-2,160,1,590,-0.09829287038,0.7755368451,14,70,14x5
T5_PC_pos-2_w1,T5,PC,-2,160,1,595,-0.00526236715,0.875530792,14,70,14x5
T5_PC_pos-2_w1,T5,PC,-2,160,1,600,0.1324761206,1.108404249,14,70,14x5
T5_PC_pos-2_w1,T5,PC,-2,160,1,605,0.2792296963,1.369814033,14,70,14x5
T5_PC_pos-2_w1,T5,PC,-2,160,1,610,0.2899200853,1.455624064,14,70,14x5
T5_PC_pos-2_w1,T5,PC,-2,160,1,615,0.3590782704,1.48359414,14,70,14x5
T5_PC_pos-2_w1,T5,PC,-2,160,1,620,0.3889039289,1.437266853,14,70,14x5
T5_PC_pos-2_w1,T5,PC,-2,160,1,625,0.3013352693,1.379665454,14,70,14x5
T5_PC_pos-2_w1,T5,PC,-2,160,1,630,0.3833591007,1.309170935,14,70,14x5
T5_PC_pos-2_w1,T5,PC,-2,160,1,635,0.3848045481,1.310243692,14,70,14x5
T5_PC_pos-2_w1,T5,PC,-2,160,1,640,0.4548917625,1.266147149,14,70,14x5
T5_PC_pos-2_w1,T5,PC,-2,160,1,645,0.5659639978,1.212185904,14,70,14x5
T5_PC_pos-2_w1,T5,PC,-2,160,1,650,0.5298820817,1.119903434,14,70,14x5
T5_PC_pos-2_w1,T5,PC,-2,160,1,655,0.5377235041,1.015743397,14,70,14x5
T5_PC_pos-2_w1,T5,PC,-2,160,1,660,0.4980055772,0.9690957727,14,70,14x5
T5_PC_pos-2_w1,T5,PC,-2,160,1,665,0.4988224924,1.000109593,14,70,14x5
T5_PC_pos-2_w1,T5,PC,-2,160,1,670,0.4104726974,0.9713646851,14,70,14x5
T5_PC_pos-2_w1,T5,PC,-2,160,1,675,0.3417521758,0.9259934287,14,70,14x5
T5_PC_pos-2_w1,T5,PC,-2,160,1,680,0.3671429398,0.8115232735,14,70,14x5
T5_PC_pos-2_w1,T5,PC,-2,160,1,685,0.4136240361,0.8165531438,14,70,14x5
T5_PC_pos-2_w1,T5,PC,-2,160,1,690,0.4643316936,0.762070315,14,70,14x5
T5_PC_pos-2_w1,T5,PC,-2,160,1,695,0.5427150879,0.7428771911,14,70,14x5
T5_PC_pos-2_w1,T5,PC,-2,160,1,700,0.483460422,0.7422986374,14,70,14x5
T5_PC_pos-2_w1,T5,PC,-2,160,1,705,0.4682848158,0.7324275289,14,70,14x5
T5_PC_pos-2_w1,T5,PC,-2,160,1,710,0.4407915531,0.8689464491,14,70,14x5
T5_PC_pos-2_w1,T5,PC,-2,160,1,715,0.3543729896,0.9217614872,14,70,14x5
T5_PC_pos-2_w1,T5,PC,-2,160,1,720,0.3000330279,1.011604362,14,70,14x5
T5_PC_pos-2_w1,T5,PC,-2,160,1,725,0.2962821776,1.042761693,14,70,14x5
T5_PC_pos-2_w1,T5,PC,-2,160,1,730,0.2181569378,1.034182426,14,70,14x5
T5_PC_pos-2_w1,T5,PC,-2,160,1,735,0.1664500217,1.030555225,14,70,14x5
T5_PC_pos-2_w1,T5,PC,-2,160,1,740,0.044438771,1.017488187,14,70,14x5
T5_PC_pos-2_w1,T5,PC,-2,160,1,745,0.006195617326,1.033421956,14,70,14x5
T5_PC_pos-2_w1,T5,PC,-2,160,1,750,0.08917673541,1.026065194,14,70,14x5
T5_PC_pos-1_w1,T5,PC,-1,160,1,-200,-0.04538907956,0.6474015928,14,70,14x5
T5_PC_pos-1_w1,T5,PC,-1,160,1,-195,0.008301233106,0.7527466168,14,70,14x5
T5_PC_pos-1_w1,T5,PC,-1,160,1,-190,0.01981814179,0.8493091201,14,70,14x5
T5_PC_pos-1_w1,T5,PC,-1,160,1,-185,0.06713511153,0.8063411544,14,70,14x5
T5_PC_pos-1_w1,T5,PC,-1,160,1,-180,0.1798419404,0.8905157452,14,70,14x5
T5_PC_pos-1_w1,T5,PC,-1,160,1,-175,0.2410847779,0.9438041279,14,70,14x5
T5_PC_pos-1_w1,T5,PC,-1,160,1,-170,0.2938501931,0.9713443332,14,70,14x5
T5_PC_pos-1_w1,T5,PC,-1,160,1,-165,0.2828348979,0.9351849647,14,70,14x5
T5_PC_pos-1_w1,T5,PC,-1,160,1,-160,0.2093472932,0.8208584063,14,70,14x5
T5_PC_pos-1_w1,T5,PC,-1,160,1,-155,0.1029852881,0.6550963326,14,70,14x5
T5_PC_pos-1_w1,T5,PC,-1,160,1,-150,0.001470865062,0.4981049765,14,70,14x5
T5_PC_pos-1_w1,T5,PC,-1,160,1,-145,0.007116502163,0.5033605377,14,70,14x5
T5_PC_pos-1_w1,T5,PC,-1,160,1,-140,0.01343750556,0.4848261481,14,70,14x5
T5_PC_pos-1_w1,T5,PC,-1,160,1,-135,-0.03022529096,0.4683768527,14,70,14x5
T5_PC_pos-1_w1,T5,PC,-1,160,1,-130,-0.1597218133,0.4999776094,14,70,14x5
T5_PC_pos-1_w1,T5,PC,-1,160,1,-125,-0.227708415,0.424311035,14,70,14x5
T5_PC_pos-1_w1,T5,PC,-1,160,1,-120,-0.1671806808,0.4414918116,14,70,14x5
T5_PC_pos-1_w1,T5,PC,-1,160,1,-115,-0.1167077609,0.6416275519,14,70,14x5
T5_PC_pos-1_w1,T5,PC,-1,160,1,-110,-0.1217021465,0.679738223,14,70,14x5
T5_PC_pos-1_w1,T5,PC,-1,160,1,-105,-0.08828154424,0.6355032201,14,70,14x5
T5_PC_pos-1_w1,T5,PC,-1,160,1,-100,-0.05476394874,0.6776412852,14,70,14x5
T5_PC_pos-1_w1,T5,PC,-1,160,1,-95,-0.01250360293,0.6592905069,14,70,14x5
T5_PC_pos-1_w1,T5,PC,-1,160,1,-90,-0.01375698249,0.6741016756,14,70,14x5
T5_PC_pos-1_w1,T5,PC,-1,160,1,-85,0.01252313918,0.8007554411,14,70,14x5
T5_PC_pos-1_w1,T5,PC,-1,160,1,-80,-0.03855575713,0.8541145159,14,70,14x5
T5_PC_pos-1_w1,T5,PC,-1,160,1,-75,-0.02669002365,0.9118922179,14,70,14x5
T5_PC_pos-1_w1,T5,PC,-1,160,1,-70,0.06731044512,0.9764911769,14,70,14x5
T5_PC_pos-1_w1,T5,PC,-1,160,1,-65,0.1572107809,0.9478528478,14,70,14x5
T5_PC_pos-1_w1,T5,PC,-1,160,1,-60,0.1705754678,0.8716340442,14,70,14x5
T5_PC_pos-1_w1,T5,PC,-1,160,1,-55,0.1183301774,0.813761167,14,70,14x5
T5_PC_pos-1_w1,T5,PC,-1,160,1,-50,0.1163484597,0.9485560362,14,70,14x5
T5_PC_pos-1_w1,T5,PC,-1,160,1,-45,0.08629186846,0.9834577606,14,70,14x5
T5_PC_pos-1_w1,T5,PC,-1,160,1,-40,0.02382724479,1.022897402,14,70,14x5
T5_PC_pos-1_w1,T5,PC,-1,160,1,-35,-0.09499964558,1.009478188,14,70,14x5
T5_PC_pos-1_w1,T5,PC,-1,160,1,-30,-0.1977185209,0.9167602388,14,70,14x5
T5_PC_pos-1_w1,T5,PC,-1,160,1,-25,-0.241802999,0.7665214895,14,70,14x5
T5_PC_pos-1_w1,T5,PC,-1,160,1,-20,-0.2653308313,0.7386467372,14,70,14x5
T5_PC_pos-1_w1,T5,PC,-1,160,1,-15,-0.3050533151,0.8303732164,14,70,14x5
T5_PC_pos-1_w1,T5,PC,-1,160,1,-10,-0.3619148187,0.9191226604,14,70,14x5
T5_PC_pos-1_w1,T5,PC,-1,160,1,-5,-0.3544637351,1.070451543,14,70,14x5
T5_PC_pos-1_w1,T5,PC,-1,160,1,0,-0.3184470553,1.142194756,14,70,14x5
T5_PC_pos-1_w1,T5,PC,-1,160,1,5,-0.3679256878,1.153626811,14,70,14x5
T5_PC_pos-1_w1,T5,PC,-1,160,1,10,-0.2865636391,1.394821439,14,70,14x5
T5_PC_pos-1_w1,T5,PC,-1,160,1,15,-0.302763807,1.376808734,14,70,14x5
T5_PC_pos-1_w1,T5,PC,-1,160,1,20,-0.3783873571,1.272310386,14,70,14x5
T5_PC_pos-1_w1,T5,PC,-1,160,1,25,-0.4622336963,1.227581835,14,70,14x5
T5_PC_pos-1_w1,T5,PC,-1,160,1,30,-0.40776348,1.332071466,14,70,14x5
T5_PC_pos-1_w1,T5,PC,-1,160,1,35,-0.2866984071,1.44564851,14,70,14x5
T5_PC_pos-1_w1,T5,PC,-1,160,1,40,0.0002279621312,1.375385563,14,70,14x5
T5_PC_pos-1_w1,T5,PC,-1,160,1,45,0.3799388247,1.165521151,14,70,14x5
T5_PC_pos-1_w1,T5,PC,-1,160,1,50,0.9049273669,1.295791774,14,70,14x5
T5_PC_pos-1_w1,T5,PC,-1,160,1,55,1.434791116,1.322810437,14,70,14x5
T5_PC_pos-1_w1,T5,PC,-1,160,1,60,2.044847206,1.534052121,14,70,14x5
T5_PC_pos-1_w1,T5,PC,-1,160,1,65,2.618244773,1.793194272,14,70,14x5
T5_PC_pos-1_w1,T5,PC,-1,160,1,70,3.204475749,1.884869722,14,70,14x5
T5_PC_pos-1_w1,T5,PC,-1,160,1,75,3.966517318,2.153086987,14,70,14x5
T5_PC_pos-1_w1,T5,PC,-1,160,1,80,4.885311633,2.457796514,14,70,14x5
T5_PC_pos-1_w1,T5,PC,-1,160,1,85,5.696052988,2.821404597,14,70,14x5
T5_PC_pos-1_w1,T5,PC,-1,160,1,90,6.247637837,3.103345792,14,70,14x5
T5_PC_pos-1_w1,T5,PC,-1,160,1,95,6.590303435,3.075237543,14,70,14x5
T5_PC_pos-1_w1,T5,PC,-1,160,1,100,6.761014014,2.776089439,14,70,14x5
T5_PC_pos-1_w1,T5,PC,-1,160,1,105,7.229391304,2.819425832,14,70,14x5
T5_PC_pos-1_w1,T5,PC,-1,160,1,110,7.537764341,2.892704262,14,70,14x5
T5_PC_pos-1_w1,T5,PC,-1,160,1,115,7.778644956,2.693317625,14,70,14x5
T5_PC_pos-1_w1,T5,PC,-1,160,1,120,7.992458611,2.65782471,14,70,14x5
T5_PC_pos-1_w1,T5,PC,-1,160,1,125,8.319965861,2.709615391,14,70,14x5
T5_PC_pos-1_w1,T5,PC,-1,160,1,130,8.797881743,2.918299959,14,70,14x5
T5_PC_pos-1_w1,T5,PC,-1,160,1,135,9.210186568,3.099163095,14,70,14x5
T5_PC_pos-1_w1,T5,PC,-1,160,1,140,9.518611934,2.979004491,14,70,14x5
T5_PC_pos-1_w1,T5,PC,-1,160,1,145,9.946149644,3.071004725,14,70,14x5
T5_PC_pos-1_w1,T5,PC,-1,160,1,150,9.994194842,2.986885087,14,70,14x5
T5_PC_pos-1_w1,T5,PC,-1,160,1,155,9.815937397,2.813411303,14,70,14x5
T5_PC_pos-1_w1,T5,PC,-1,160,1,160,9.953719699,2.994667939,14,70,14x5
T5_PC_pos-1_w1,T5,PC,-1,160,1,165,9.990150396,2.581195907,14,70,14x5
T5_PC_pos-1_w1,T5,PC,-1,160,1,170,10.23266704,2.856404631,14,70,14x5
T5_PC_pos-1_w1,T5,PC,-1,160,1,175,10.44163414,3.141004655,14,70,14x5
T5_PC_pos-1_w1,T5,PC,-1,160,1,180,10.61657691,3.205080179,14,70,14x5
T5_PC_pos-1_w1,T5,PC,-1,160,1,185,10.49991785,2.926762818,14,70,14x5
T5_PC_pos-1_w1,T5,PC,-1,160,1,190,10.49086225,2.812539078,14,70,14x5
T5_PC_pos-1_w1,T5,PC,-1,160,1,195,10.52464426,3.112657914,14,70,14x5
T5_PC_pos-1_w1,T5,PC,-1,160,1,200,10.19660846,2.995213823,14,70,14x5
T5_PC_pos-1_w1,T5,PC,-1,160,1,205,9.841917435,2.766701232,14,70,14x5
T5_PC_pos-1_w1,T5,PC,-1,160,1,210,9.449484089,2.516753815,14,70,14x5
T5_PC_pos-1_w1,T5,PC,-1,160,1,215,9.075870023,2.766584323,14,70,14x5
T5_PC_pos-1_w1,T5,PC,-1,160,1,220,8.585562615,2.774270006,14,70,14x5
T5_PC_pos-1_w1,T5,PC,-1,160,1,225,8.091133095,2.575981607,14,70,14x5
T5_PC_pos-1_w1,T5,PC,-1,160,1,230,7.62614984,2.383732436,14,70,14x5
T5_PC_pos-1_w1,T5,PC,-1,160,1,235,7.186962067,2.154877054,14,70,14x5
T5_PC_pos-1_w1,T5,PC,-1,160,1,240,6.910078259,2.101807998,14,70,14x5
T5_PC_pos-1_w1,T5,PC,-1,160,1,245,6.545898575,2.066905182,14,70,14x5
T5_PC_pos-1_w1,T5,PC,-1,160,1,250,6.080851294,2.043101117,14,70,14x5
T5_PC_pos-1_w1,T5,PC,-1,160,1,255,5.622529582,1.942792247,14,70,14x5
T5_PC_pos-1_w1,T5,PC,-1,160,1,260,5.261139309,1.941365128,14,70,14x5
T5_PC_pos-1_w1,T5,PC,-1,160,1,265,4.964922058,1.928208223,14,70,14x5
T5_PC_pos-1_w1,T5,PC,-1,160,1,270,4.666598765,1.902551922,14,70,14x5
T5_PC_pos-1_w1,T5,PC,-1,160,1,275,4.362456344,1.869407339,14,70,14x5
T5_PC_pos-1_w1,T5,PC,-1,160,1,280,4.185711991,1.838632285,14,70,14x5
T5_PC_pos-1_w1,T5,PC,-1,160,1,285,4.012825566,1.77090392,14,70,14x5
T5_PC_pos-1_w1,T5,PC,-1,160,1,290,3.889007201,1.672196599,14,70,14x5
T5_PC_pos-1_w1,T5,PC,-1,160,1,295,3.828632789,1.600098826,14,70,14x5
T5_PC_pos-1_w1,T5,PC,-1,160,1,300,3.720455101,1.592661061,14,70,14x5
T5_PC_pos-1_w1,T5,PC,-1,160,1,305,3.545793471,1.625608177,14,70,14x5
T5_PC_pos-1_w1,T5,PC,-1,160,1,310,3.378287061,1.722897509,14,70,14x5
T5_PC_pos-1_w1,T5,PC,-1,160,1,315,3.255545488,1.812075293,14,70,14x5
T5_PC_pos-1_w1,T5,PC,-1,160,1,320,3.082012684,1.77016579,14,70,14x5
T5_PC_pos-1_w1,T5,PC,-1,160,1,325,2.949337874,1.724327322,14,70,14x5
T5_PC_pos-1_w1,T5,PC,-1,160,1,330,2.872099986,1.792056242,14,70,14x5
T5_PC_pos-1_w1,T5,PC,-1,160,1,335,2.735726512,1.740019906,14,70,14x5
T5_PC_pos-1_w1,T5,PC,-1,160,1,340,2.569271602,1.646502089,14,70,14x5
T5_PC_pos-1_w1,T5,PC,-1,160,1,345,2.47159073,1.704196651,14,70,14x5
T5_PC_pos-1_w1,T5,PC,-1,160,1,350,2.320998937,1.702781534,14,70,14x5
T5_PC_pos-1_w1,T5,PC,-1,160,1,355,2.19348954,1.663502046,14,70,14x5
T5_PC_pos-1_w1,T5,PC,-1,160,1,360,2.077622193,1.68526593,14,70,14x5
T5_PC_pos-1_w1,T5,PC,-1,160,1,365,1.964887292,1.59780282,14,70,14x5
T5_PC_pos-1_w1,T5,PC,-1,160,1,370,1.824469241,1.577014708,14,70,14x5
T5_PC_pos-1_w1,T5,PC,-1,160,1,375,1.666718379,1.465365558,14,70,14x5
T5_PC_pos-1_w1,T5,PC,-1,160,1,380,1.560518266,1.422389026,14,70,14x5
T5_PC_pos-1_w1,T5,PC,-1,160,1,385,1.365721541,1.321744761,14,70,14x5
T5_PC_pos-1_w1,T5,PC,-1,160,1,390,1.273820758,1.322221437,14,70,14x5
T5_PC_pos-1_w1,T5,PC,-1,160,1,395,1.242404113,1.300403255,14,70,14x5
T5_PC_pos-1_w1,T5,PC,-1,160,1,400,1.169282646,1.279443157,14,70,14x5
T5_PC_pos-1_w1,T5,PC,-1,160,1,405,1.172802301,1.323822352,14,70,14x5
T5_PC_pos-1_w1,T5,PC,-1,160,1,410,1.069189958,1.347988618,14,70,14x5
T5_PC_pos-1_w1,T5,PC,-1,160,1,415,1.038881307,1.418040911,14,70,14x5
T5_PC_pos-1_w1,T5,PC,-1,160,1,420,0.9702417965,1.605171547,14,70,14x5
T5_PC_pos-1_w1,T5,PC,-1,160,1,425,0.905061568,1.607305723,14,70,14x5
T5_PC_pos-1_w1,T5,PC,-1,160,1,430,0.8448854495,1.715214585,14,70,14x5
T5_PC_pos-1_w1,T5,PC,-1,160,1,435,0.942625736,1.601323793,14,70,14x5
T5_PC_pos-1_w1,T5,PC,-1,160,1,440,0.874400494,1.605655558,14,70,14x5
T5_PC_pos-1_w1,T5,PC,-1,160,1,445,0.7772019177,1.522896513,14,70,14x5
T5_PC_pos-1_w1,T5,PC,-1,160,1,450,0.6635717503,1.51905128,14,70,14x5
T5_PC_pos-1_w1,T5,PC,-1,160,1,455,0.646921807,1.571248488,14,70,14x5
T5_PC_pos-1_w1,T5,PC,-1,160,1,460,0.6279547086,1.616695118,14,70,14x5
T5_PC_pos-1_w1,T5,PC,-1,160,1,465,0.5279217089,1.608552995,14,70,14x5
T5_PC_pos-1_w1,T5,PC,-1,160,1,470,0.4425859444,1.594155548,14,70,14x5
T5_PC_pos-1_w1,T5,PC,-1,160,1,475,0.3981819565,1.610574016,14,70,14x5
T5_PC_pos-1_w1,T5,PC,-1,160,1,480,0.3441207866,1.664175032,14,70,14x5
T5_PC_pos-1_w1,T5,PC,-1,160,1,485,0.1639484292,1.714532746,14,70,14x5
T5_PC_pos-1_w1,T5,PC,-1,160,1,490,0.03910207909,1.70729152,14,70,14x5
T5_PC_pos-1_w1,T5,PC,-1,160,1,495,0.009288739647,1.807734595,14,70,14x5
T5_PC_pos-1_w1,T5,PC,-1,160,1,500,0.03825584893,1.765533732,14,70,14x5
T5_PC_pos-1_w1,T5,PC,-1,160,1,505,0.001551004169,1.833361737,14,70,14x5
T5_PC_pos-1_w1,T5,PC,-1,160,1,510,0.04077681308,1.897124919,14,70,14x5
T5_PC_pos-1_w1,T5,PC,-1,160,1,515,0.02192413996,1.93651272,14,70,14x5
T5_PC_pos-1_w1,T5,PC,-1,160,1,520,0.06223005528,2.043370291,14,70,14x5
T5_PC_pos-1_w1,T5,PC,-1,160,1,525,0.1539741138,2.219099287,14,70,14x5
T5_PC_pos-1_w1,T5,PC,-1,160,1,530,0.1440308467,2.223941988,14,70,14x5
T5_PC_pos-1_w1,T5,PC,-1,160,1,535,0.0634838273,2.126140293,14,70,14x5
T5_PC_pos-1_w1,T5,PC,-1,160,1,540,0.02726087466,2.028762863,14,70,14x5
T5_PC_pos-1_w1,T5,PC,-1,160,1,545,0.01433549745,1.926831865,14,70,14x5
T5_PC_pos-1_w1,T5,PC,-1,160,1,550,-0.01859031582,1.892972835,14,70,14x5
T5_PC_pos-1_w1,T5,PC,-1,160,1,555,-0.002578007693,1.907335095,14,70,14x5
T5_PC_pos-1_w1,T5,PC,-1,160,1,560,-0.04566038167,1.912012764,14,70,14x5
T5_PC_pos-1_w1,T5,PC,-1,160,1,565,-0.07897464776,1.920124819,14,70,14x5
T5_PC_pos-1_w1,T5,PC,-1,160,1,570,-0.1380764269,1.879366419,14,70,14x5
T5_PC_pos-1_w1,T5,PC,-1,160,1,575,-0.09122905208,1.869859082,14,70,14x5
T5_PC_pos-1_w1,T5,PC,-1,160,1,580,0.001966079173,1.856010797,14,70,14x5
T5_PC_pos-1_w1,T5,PC,-1,160,1,585,0.02225039803,1.907356386,14,70,14x5
T5_PC_pos-1_w1,T5,PC,-1,160,1,590,0.01467109836,1.906212708,14,70,14x5
T5_PC_pos-1_w1,T5,PC,-1,160,1,595,-0.02364770288,1.946873578,14,70,14x5
T5_PC_pos-1_w1,T5,PC,-1,160,1,600,-0.06582816032,1.898559805,14,70,14x5
T5_PC_pos-1_w1,T5,PC,-1,160,1,605,-0.08187398057,1.887208558,14,70,14x5
T5_PC_pos-1_w1,T5,PC,-1,160,1,610,-0.05667578591,1.915382178,14,70,14x5
T5_PC_pos-1_w1,T5,PC,-1,160,1,615,-0.03920821875,1.893386804,14,70,14x5
T5_PC_pos-1_w1,T5,PC,-1,160,1,620,-0.07203126079,1.929226123,14,70,14x5
T5_PC_pos-1_w1,T5,PC,-1,160,1,625,-0.1145431001,1.919230121,14,70,14x5
T5_PC_pos-1_w1,T5,PC,-1,160,1,630,-0.0993413842,1.995951232,14,70,14x5
T5_PC_pos-1_w1,T5,PC,-1,160,1,635,-0.08454149758,1.942609753,14,70,14x5
T5_PC_pos-1_w1,T5,PC,-1,160,1,640,-0.05996809578,1.920125548,14,70,14x5
T5_PC_pos-1_w1,T5,PC,-1,160,1,645,-0.1153192645,1.853181777,14,70,14x5
T5_PC_pos-1_w1,T5,PC,-1,160,1,650,-0.1151417941,1.889718278,14,70,14x5
T5_PC_pos-1_w1,T5,PC,-1,160,1,655,-0.02429260956,1.902172726,14,70,14x5
T5_PC_pos-1_w1,T5,PC,-1,160,1,660,0.01135831491,1.897736751,14,70,14x5
T5_PC_pos-1_w1,T5,PC,-1,160,1,665,0.04180464537,1.851465503,14,70,14x5
T5_PC_pos-1_w1,T5,PC,-1,160,1,670,0.0008154163437,1.830264701,14,70,14x5
T5_PC_pos-1_w1,T5,PC,-1,160,1,675,-0.0662309381,1.764201469,14,70,14x5
T5_PC_pos-1_w1,T5,PC,-1,160,1,680,-0.1045895091,1.772501502,14,70,14x5
T5_PC_pos-1_w1,T5,PC,-1,160,1,685,-0.1380651109,1.70385773,14,70,14x5
T5_PC_pos-1_w1,T5,PC,-1,160,1,690,-0.2686254632,1.632458296,14,70,14x5
T5_PC_pos-1_w1,T5,PC,-1,160,1,695,-0.2929838489,1.544227136,14,70,14x5
T5_PC_pos-1_w1,T5,PC,-1,160,1,700,-0.3620481695,1.592791409,14,70,14x5
T5_PC_pos-1_w1,T5,PC,-1,160,1,705,-0.3661051096,1.571425437,14,70,14x5
T5_PC_pos-1_w1,T5,PC,-1,160,1,710,-0.2407008818,1.623207767,14,70,14x5
T5_PC_pos-1_w1,T5,PC,-1,160,1,715,-0.2333327064,1.608635859,14,70,14x5
T5_PC_pos-1_w1,T5,PC,-1,160,1,720,-0.2719582624,1.636218194,14,70,14x5
T5_PC_pos-1_w1,T5,PC,-1,160,1,725,-0.2671048915,1.701065394,14,70,14x5
T5_PC_pos-1_w1,T5,PC,-1,160,1,730,-0.2312581054,1.800910711,14,70,14x5
T5_PC_pos-1_w1,T5,PC,-1,160,1,735,-0.2452667396,1.75337509,14,70,14x5
T5_PC_pos-1_w1,T5,PC,-1,160,1,740,-0.2871506464,1.688012075,14,70,14x5
T5_PC_pos-1_w1,T5,PC,-1,160,1,745,-0.2318755395,1.703272696,14,70,14x5
T5_PC_pos-1_w1,T5,PC,-1,160,1,750,-0.1301925529,1.918462134,14,70,14x5
T5_PC_pos+0_w1,T5,PC,0,160,1,-200,0.06859940219,0.5332566573,14,70,14x5
T5_PC_pos+0_w1,T5,PC,0,160,1,-195,0.007242346552,0.5500489911,14,70,14x5
T5_PC_pos+0_w1,T5,PC,0,160,1,-190,-0.04497935238,0.4213570806,14,70,14x5
T5_PC_pos+0_w1,T5,PC,0,160,1,-185,-0.03487783485,0.3535619845,14,70,14x5
T5_PC_pos+0_w1,T5,PC,0,160,1,-180,-0.03488952158,0.3445470958,14,70,14x5
T5_PC_pos+0_w1,T5,PC,0,160,1,-175,0.01824191048,0.4896961091,14,70,14x5
T5_PC_pos+0_w1,T5,PC,0,160,1,-170,0.03459050633,0.5643007156,14,70,14x5
T5_PC_pos+0_w1,T5,PC,0,160,1,-165,0.004053353006,0.5206823358,14,70,14x5
T5_PC_pos+0_w1,T5,PC,0,160,1,-160,-0.1356609327,0.5858645359,14,70,14x5
T5_PC_pos+0_w1,T5,PC,0,160,1,-155,-0.1464472575,0.6637465444,14,70,14x5
T5_PC_pos+0_w1,T5,PC,0,160,1,-150,-0.1946607583,0.7067580312,14,70,14x5
T5_PC_pos+0_w1,T5,PC,0,160,1,-145,-0.07222564577,0.5495737742,14,70,14x5
T5_PC_pos+0_w1,T5,PC,0,160,1,-140,-0.08733475095,0.4933751791,14,70,14x5
T5_PC_pos+0_w1,T5,PC,0,160,1,-135,0.04436409782,0.4960691648,14,70,14x5
T5_PC_pos+0_w1,T5,PC,0,160,1,-130,0.02847756372,0.5749790192,14,70,14x5
T5_PC_pos+0_w1,T5,PC,0,160,1,-125,0.05098515137,0.6177971032,14,70,14x5
T5_PC_pos+0_w1,T5,PC,0,160,1,-120,0.03693674739,0.6208992579,14,70,14x5
T5_PC_pos+0_w1,T5,PC,0,160,1,-115,0.07625647528,0.6607413838,14,70,14x5
T5_PC_pos+0_w1,T5,PC,0,160,1,-110,-0.001896847587,0.6568885829,14,70,14x5
T5_PC_pos+0_w1,T5,PC,0,160,1,-105,-0.006680294299,0.6614423095,14,70,14x5
T5_PC_pos+0_w1,T5,PC,0,160,1,-100,-0.03379794649,0.6458540098,14,70,14x5
T5_PC_pos+0_w1,T5,PC,0,160,1,-95,0.06426964465,0.7915312998,14,70,14x5
T5_PC_pos+0_w1,T5,PC,0,160,1,-90,0.1361326309,0.8575271679,14,70,14x5
T5_PC_pos+0_w1,T5,PC,0,160,1,-85,0.1464902098,0.6870502404,14,70,14x5
T5_PC_pos+0_w1,T5,PC,0,160,1,-80,0.09661736836,0.6107234693,14,70,14x5
T5_PC_pos+0_w1,T5,PC,0,160,1,-75,0.01024836434,0.5831851281,14,70,14x5
T5_PC_pos+0_w1,T5,PC,0,160,1,-70,-0.03720078968,0.6445584189,14,70,14x5
T5_PC_pos+0_w1,T5,PC,0,160,1,-65,-0.0004802245279,0.6599595136,14,70,14x5
T5_PC_pos+0_w1,T5,PC,0,160,1,-60,-0.006198958175,0.65407453,14,70,14x5
T5_PC_pos+0_w1,T5,PC,0,160,1,-55,0.03099622759,0.7216546945,14,70,14x5
T5_PC_pos+0_w1,T5,PC,0,160,1,-50,0.1203068852,0.756962927,14,70,14x5
T5_PC_pos+0_w1,T5,PC,0,160,1,-45,0.06564274774,0.7301864587,14,70,14x5
T5_PC_pos+0_w1,T5,PC,0,160,1,-40,0.09108318032,0.7515342961,14,70,14x5
T5_PC_pos+0_w1,T5,PC,0,160,1,-35,-0.00601615685,0.7610492183,14,70,14x5
T5_PC_pos+0_w1,T5,PC,0,160,1,-30,-0.09436579927,0.7526237603,14,70,14x5
T5_PC_pos+0_w1,T5,PC,0,160,1,-25,-0.1325383965,0.9025856201,14,70,14x5
T5_PC_pos+0_w1,T5,PC,0,160,1,-20,-0.09652182578,0.985956096,14,70,14x5
T5_PC_pos+0_w1,T5,PC,0,160,1,-15,-0.2008417281,0.9229432908,14,70,14x5
T5_PC_pos+0_w1,T5,PC,0,160,1,-10,-0.1897470133,0.7482985693,14,70,14x5
T5_PC_pos+0_w1,T5,PC,0,160,1,-5,-0.1055976151,0.5621725178,14,70,14x5
T5_PC_pos+0_w1,T5,PC,0,160,1,0,0.004406920074,0.6618084136,14,70,14x5
T5_PC_pos+0_w1,T5,PC,0,160,1,5,-0.06254066409,0.7812183082,14,70,14x5
T5_PC_pos+0_w1,T5,PC,0,160,1,10,-0.07134792032,0.8709735361,14,70,14x5
T5_PC_pos+0_w1,T5,PC,0,160,1,15,-0.02645423464,0.9850485069,14,70,14x5
T5_PC_pos+0_w1,T5,PC,0,160,1,20,-0.008004382909,1.040627279,14,70,14x5
T5_PC_pos+0_w1,T5,PC,0,160,1,25,-0.08671387183,1.049604823,14,70,14x5
T5_PC_pos+0_w1,T5,PC,0,160,1,30,0.003671615695,1.055395879,14,70,14x5
T5_PC_pos+0_w1,T5,PC,0,160,1,35,0.1034462538,1.117334449,14,70,14x5
T5_PC_pos+0_w1,T5,PC,0,160,1,40,0.4144039548,1.6099278,14,70,14x5
T5_PC_pos+0_w1,T5,PC,0,160,1,45,0.8239407593,1.928662752,14,70,14x5
T5_PC_pos+0_w1,T5,PC,0,160,1,50,1.373804269,2.163434205,14,70,14x5
T5_PC_pos+0_w1,T5,PC,0,160,1,55,1.81249082,2.228662562,14,70,14x5
T5_PC_pos+0_w1,T5,PC,0,160,1,60,2.520329735,2.506015117,14,70,14x5
T5_PC_pos+0_w1,T5,PC,0,160,1,65,3.449174232,2.738807599,14,70,14x5
T5_PC_pos+0_w1,T5,PC,0,160,1,70,4.150410845,2.91207056,14,70,14x5
T5_PC_pos+0_w1,T5,PC,0,160,1,75,4.712841509,2.981631269,14,70,14x5
T5_PC_pos+0_w1,T5,PC,0,160,1,80,5.416283512,3.146895283,14,70,14x5
T5_PC_pos+0_w1,T5,PC,0,160,1,85,6.011609345,3.154290538,14,70,14x5
T5_PC_pos+0_w1,T5,PC,0,160,1,90,6.603462563,3.343536916,14,70,14x5
T5_PC_pos+0_w1,T5,PC,0,160,1,95,7.071160191,3.399850746,14,70,14x5
T5_PC_pos+0_w1,T5,PC,0,160,1,100,7.35512984,3.389836083,14,70,14x5
T5_PC_pos+0_w1,T5,PC,0,160,1,105,7.50411449,3.10109385,14,70,14x5
T5_PC_pos+0_w1,T5,PC,0,160,1,110,7.885860522,3.207753205,14,70,14x5
T5_PC_pos+0_w1,T5,PC,0,160,1,115,8.223996228,3.0929087,14,70,14x5
T5_PC_pos+0_w1,T5,PC,0,160,1,120,8.579829212,3.096637712,14,70,14x5
T5_PC_pos+0_w1,T5,PC,0,160,1,125,9.088075069,3.230653201,14,70,14x5
T5_PC_pos+0_w1,T5,PC,0,160,1,130,9.601230834,3.731617616,14,70,14x5
T5_PC_pos+0_w1,T5,PC,0,160,1,135,10.13649431,3.979421892,14,70,14x5
T5_PC_pos+0_w1,T5,PC,0,160,1,140,10.33874566,4.013173025,14,70,14x5
T5_PC_pos+0_w1,T5,PC,0,160,1,145,10.50481526,4.011100305,14,70,14x5
T5_PC_pos+0_w1,T5,PC,0,160,1,150,10.67462068,3.749582679,14,70,14x5
T5_PC_pos+0_w1,T5,PC,0,160,1,155,10.87832947,3.707521557,14,70,14x5
T5_PC_pos+0_w1,T5,PC,0,160,1,160,11.11257908,3.626826416,14,70,14x5
T5_PC_pos+0_w1,T5,PC,0,160,1,165,11.32239881,3.701045008,14,70,14x5
T5_PC_pos+0_w1,T5,PC,0,160,1,170,11.39155588,3.674860022,14,70,14x5
T5_PC_pos+0_w1,T5,PC,0,160,1,175,11.26405309,3.494742114,14,70,14x5
T5_PC_pos+0_w1,T5,PC,0,160,1,180,11.30996902,3.264763605,14,70,14x5
T5_PC_pos+0_w1,T5,PC,0,160,1,185,11.4732263,2.997171569,14,70,14x5
T5_PC_pos+0_w1,T5,PC,0,160,1,190,11.34414379,2.670357534,14,70,14x5
T5_PC_pos+0_w1,T5,PC,0,160,1,195,11.16646248,2.519522162,14,70,14x5
T5_PC_pos+0_w1,T5,PC,0,160,1,200,10.83984029,2.389916469,14,70,14x5
T5_PC_pos+0_w1,T5,PC,0,160,1,205,10.33902318,2.301640629,14,70,14x5
T5_PC_pos+0_w1,T5,PC,0,160,1,210,9.837097745,2.262271732,14,70,14x5
T5_PC_pos+0_w1,T5,PC,0,160,1,215,9.437964569,2.349344126,14,70,14x5
T5_PC_pos+0_w1,T5,PC,0,160,1,220,8.898402647,2.220947748,14,70,14x5
T5_PC_pos+0_w1,T5,PC,0,160,1,225,8.282649376,2.107473162,14,70,14x5
T5_PC_pos+0_w1,T5,PC,0,160,1,230,7.853330259,2.015749452,14,70,14x5
T5_PC_pos+0_w1,T5,PC,0,160,1,235,7.368944335,1.949343966,14,70,14x5
T5_PC_pos+0_w1,T5,PC,0,160,1,240,6.912710513,1.884891438,14,70,14x5
T5_PC_pos+0_w1,T5,PC,0,160,1,245,6.50084116,1.825242677,14,70,14x5
T5_PC_pos+0_w1,T5,PC,0,160,1,250,6.135418781,1.79678933,14,70,14x5
T5_PC_pos+0_w1,T5,PC,0,160,1,255,5.72271845,1.760795871,14,70,14x5
T5_PC_pos+0_w1,T5,PC,0,160,1,260,5.429407879,1.694124143,14,70,14x5
T5_PC_pos+0_w1,T5,PC,0,160,1,265,5.122810984,1.684916982,14,70,14x5
T5_PC_pos+0_w1,T5,PC,0,160,1,270,4.885288221,1.661543148,14,70,14x5
T5_PC_pos+0_w1,T5,PC,0,160,1,275,4.593479395,1.604348797,14,70,14x5
T5_PC_pos+0_w1,T5,PC,0,160,1,280,4.324204757,1.555142544,14,70,14x5
T5_PC_pos+0_w1,T5,PC,0,160,1,285,4.005916426,1.592986369,14,70,14x5
T5_PC_pos+0_w1,T5,PC,0,160,1,290,3.705621031,1.62215374,14,70,14x5
T5_PC_pos+0_w1,T5,PC,0,160,1,295,3.452388169,1.573401539,14,70,14x5
T5_PC_pos+0_w1,T5,PC,0,160,1,300,3.165795809,1.548548213,14,70,14x5
T5_PC_pos+0_w1,T5,PC,0,160,1,305,2.823785692,1.610579352,14,70,14x5
T5_PC_pos+0_w1,T5,PC,0,160,1,310,2.560288745,1.646604488,14,70,14x5
T5_PC_pos+0_w1,T5,PC,0,160,1,315,2.473831392,1.703790774,14,70,14x5
T5_PC_pos+0_w1,T5,PC,0,160,1,320,2.402024398,1.770489956,14,70,14x5
T5_PC_pos+0_w1,T5,PC,0,160,1,325,2.237562074,1.792775947,14,70,14x5
T5_PC_pos+0_w1,T5,PC,0,160,1,330,2.152495181,1.78112856,14,70,14x5
T5_PC_pos+0_w1,T5,PC,0,160,1,335,2.008224991,1.812932439,14,70,14x5
T5_PC_pos+0_w1,T5,PC,0,160,1,340,1.830071406,1.89469466,14,70,14x5
T5_PC_pos+0_w1,T5,PC,0,160,1,345,1.795369592,1.820024658,14,70,14x5
T5_PC_pos+0_w1,T5,PC,0,160,1,350,1.755534689,1.738829049,14,70,14x5
T5_PC_pos+0_w1,T5,PC,0,160,1,355,1.652050911,1.724027886,14,70,14x5
T5_PC_pos+0_w1,T5,PC,0,160,1,360,1.578302786,1.674548248,14,70,14x5
T5_PC_pos+0_w1,T5,PC,0,160,1,365,1.487984366,1.641047004,14,70,14x5
T5_PC_pos+0_w1,T5,PC,0,160,1,370,1.310533119,1.705331093,14,70,14x5
T5_PC_pos+0_w1,T5,PC,0,160,1,375,1.257546637,1.843266318,14,70,14x5
T5_PC_pos+0_w1,T5,PC,0,160,1,380,1.144197518,1.827535064,14,70,14x5
T5_PC_pos+0_w1,T5,PC,0,160,1,385,1.06072752,1.76909054,14,70,14x5
T5_PC_pos+0_w1,T5,PC,0,160,1,390,0.8916984777,1.744857622,14,70,14x5
T5_PC_pos+0_w1,T5,PC,0,160,1,395,0.8383377591,1.689379007,14,70,14x5
T5_PC_pos+0_w1,T5,PC,0,160,1,400,0.708440672,1.586302713,14,70,14x5
T5_PC_pos+0_w1,T5,PC,0,160,1,405,0.6410019837,1.554494844,14,70,14x5
T5_PC_pos+0_w1,T5,PC,0,160,1,410,0.5130003267,1.578482336,14,70,14x5
T5_PC_pos+0_w1,T5,PC,0,160,1,415,0.5354214849,1.501471839,14,70,14x5
T5_PC_pos+0_w1,T5,PC,0,160,1,420,0.4560380033,1.467807009,14,70,14x5
T5_PC_pos+0_w1,T5,PC,0,160,1,425,0.3613234559,1.489728989,14,70,14x5
T5_PC_pos+0_w1,T5,PC,0,160,1,430,0.315962214,1.498167511,14,70,14x5
T5_PC_pos+0_w1,T5,PC,0,160,1,435,0.235807234,1.53729177,14,70,14x5
T5_PC_pos+0_w1,T5,PC,0,160,1,440,0.1413190952,1.518090863,14,70,14x5
T5_PC_pos+0_w1,T5,PC,0,160,1,445,0.1540991406,1.493658225,14,70,14x5
T5_PC_pos+0_w1,T5,PC,0,160,1,450,0.1827052804,1.440717352,14,70,14x5
T5_PC_pos+0_w1,T5,PC,0,160,1,455,0.183468319,1.487648934,14,70,14x5
T5_PC_pos+0_w1,T5,PC,0,160,1,460,0.3846312354,1.628449985,14,70,14x5
T5_PC_pos+0_w1,T5,PC,0,160,1,465,0.4197166183,1.475897832,14,70,14x5
T5_PC_pos+0_w1,T5,PC,0,160,1,470,0.3923688074,1.402079219,14,70,14x5
T5_PC_pos+0_w1,T5,PC,0,160,1,475,0.3059864596,1.315738815,14,70,14x5
T5_PC_pos+0_w1,T5,PC,0,160,1,480,0.2544091876,1.210722027,14,70,14x5
T5_PC_pos+0_w1,T5,PC,0,160,1,485,0.2063432536,1.250732172,14,70,14x5
T5_PC_pos+0_w1,T5,PC,0,160,1,490,0.1097037978,1.232116591,14,70,14x5
T5_PC_pos+0_w1,T5,PC,0,160,1,495,-0.006161019923,1.212355111,14,70,14x5
T5_PC_pos+0_w1,T5,PC,0,160,1,500,-0.04807921284,1.254895449,14,70,14x5
T5_PC_pos+0_w1,T5,PC,0,160,1,505,-0.04938978322,1.323081757,14,70,14x5
T5_PC_pos+0_w1,T5,PC,0,160,1,510,0.01473528219,1.359558391,14,70,14x5
T5_PC_pos+0_w1,T5,PC,0,160,1,515,-0.02415849071,1.343732034,14,70,14x5
T5_PC_pos+0_w1,T5,PC,0,160,1,520,-0.1080338614,1.332122967,14,70,14x5
T5_PC_pos+0_w1,T5,PC,0,160,1,525,-0.2149760382,1.279451521,14,70,14x5
T5_PC_pos+0_w1,T5,PC,0,160,1,530,-0.1117590489,1.230880598,14,70,14x5
T5_PC_pos+0_w1,T5,PC,0,160,1,535,-0.07181434279,1.31131774,14,70,14x5
T5_PC_pos+0_w1,T5,PC,0,160,1,540,0.006048905073,1.411246086,14,70,14x5
T5_PC_pos+0_w1,T5,PC,0,160,1,545,-0.0627810269,1.294250362,14,70,14x5
T5_PC_pos+0_w1,T5,PC,0,160,1,550,-0.1110297623,1.293390541,14,70,14x5
T5_PC_pos+0_w1,T5,PC,0,160,1,555,-0.2245535718,1.288899417,14,70,14x5
T5_PC_pos+0_w1,T5,PC,0,160,1,560,-0.2626147963,1.2301041,14,70,14x5
T5_PC_pos+0_w1,T5,PC,0,160,1,565,-0.1965542695,1.099603612,14,70,14x5
T5_PC_pos+0_w1,T5,PC,0,160,1,570,-0.2140218258,0.9436287221,14,70,14x5
T5_PC_pos+0_w1,T5,PC,0,160,1,575,-0.240776579,0.8705293546,14,70,14x5
T5_PC_pos+0_w1,T5,PC,0,160,1,580,-0.1258040515,0.858216233,14,70,14x5
T5_PC_pos+0_w1,T5,PC,0,160,1,585,0.0005266654076,0.9842081884,14,70,14x5
T5_PC_pos+0_w1,T5,PC,0,160,1,590,0.08900486181,1.127208507,14,70,14x5
T5_PC_pos+0_w1,T5,PC,0,160,1,595,0.1296690865,1.158616485,14,70,14x5
T5_PC_pos+0_w1,T5,PC,0,160,1,600,0.1088838955,1.118388992,14,70,14x5
T5_PC_pos+0_w1,T5,PC,0,160,1,605,0.02776790036,1.039456125,14,70,14x5
T5_PC_pos+0_w1,T5,PC,0,160,1,610,-0.09203447187,0.962383397,14,70,14x5
T5_PC_pos+0_w1,T5,PC,0,160,1,615,-0.09480841221,0.9350797443,14,70,14x5
T5_PC_pos+0_w1,T5,PC,0,160,1,620,-0.1254033887,0.884583546,14,70,14x5
T5_PC_pos+0_w1,T5,PC,0,160,1,625,-0.07808549228,0.8902985305,14,70,14x5
T5_PC_pos+0_w1,T5,PC,0,160,1,630,-0.0148344021,0.9695788423,14,70,14x5
T5_PC_pos+0_w1,T5,PC,0,160,1,635,0.03420414666,0.9464822857,14,70,14x5
T5_PC_pos+0_w1,T5,PC,0,160,1,640,0.01509844284,1.023100295,14,70,14x5
T5_PC_pos+0_w1,T5,PC,0,160,1,645,0.09530104182,0.9959148499,14,70,14x5
T5_PC_pos+0_w1,T5,PC,0,160,1,650,0.1967524634,0.9803883458,14,70,14x5
T5_PC_pos+0_w1,T5,PC,0,160,1,655,0.2931676038,1.061609906,14,70,14x5
T5_PC_pos+0_w1,T5,PC,0,160,1,660,0.2807243804,1.108629108,14,70,14x5
T5_PC_pos+0_w1,T5,PC,0,160,1,665,0.3230982684,1.180913824,14,70,14x5
T5_PC_pos+0_w1,T5,PC,0,160,1,670,0.3626407418,1.373712622,14,70,14x5
T5_PC_pos+0_w1,T5,PC,0,160,1,675,0.3169490446,1.51564828,14,70,14x5
T5_PC_pos+0_w1,T5,PC,0,160,1,680,0.2665385266,1.451155372,14,70,14x5
T5_PC_pos+0_w1,T5,PC,0,160,1,685,0.2124902098,1.266783243,14,70,14x5
T5_PC_pos+0_w1,T5,PC,0,160,1,690,0.1273185719,1.158404228,14,70,14x5
T5_PC_pos+0_w1,T5,PC,0,160,1,695,0.09036680146,1.04207132,14,70,14x5
T5_PC_pos+0_w1,T5,PC,0,160,1,700,0.01603931149,0.9929129516,14,70,14x5
T5_PC_pos+0_w1,T5,PC,0,160,1,705,-0.06226995067,0.9779489739,14,70,14x5
T5_PC_pos+0_w1,T5,PC,0,160,1,710,-0.04907040419,0.9115783601,14,70,14x5
T5_PC_pos+0_w1,T5,PC,0,160,1,715,0.02757724974,0.8214428387,14,70,14x5
T5_PC_pos+0_w1,T5,PC,0,160,1,720,-0.01548920761,0.7786423046,14,70,14x5
T5_PC_pos+0_w1,T5,PC,0,160,1,725,-0.02500848198,0.8022917924,14,70,14x5
T5_PC_pos+0_w1,T5,PC,0,160,1,730,-0.05635498469,0.8471818373,14,70,14x5
T5_PC_pos+0_w1,T5,PC,0,160,1,735,-0.01908209092,0.877150281,14,70,14x5
T5_PC_pos+0_w1,T5,PC,0,160,1,740,-0.1152832945,0.9279333332,14,70,14x5
T5_PC_pos+0_w1,T5,PC,0,160,1,745,-0.0841080808,0.7993430956,14,70,14x5
T5_PC_pos+0_w1,T5,PC,0,160,1,750,-0.03838777729,0.7684982935,14,70,14x5
T5_PC_pos+1_w1,T5,PC,1,160,1,-200,-0.3554646725,0.5628215781,14,70,14x5
T5_PC_pos+1_w1,T5,PC,1,160,1,-195,-0.2362835501,0.4646583801,14,70,14x5
T5_PC_pos+1_w1,T5,PC,1,160,1,-190,-0.1605033848,0.4407682027,14,70,14x5
T5_PC_pos+1_w1,T5,PC,1,160,1,-185,-0.1071314264,0.4796518314,14,70,14x5
T5_PC_pos+1_w1,T5,PC,1,160,1,-180,-0.07276421027,0.4512433118,14,70,14x5
T5_PC_pos+1_w1,T5,PC,1,160,1,-175,0.04114472703,0.454382478,14,70,14x5
T5_PC_pos+1_w1,T5,PC,1,160,1,-170,0.09625101954,0.4996103237,14,70,14x5
T5_PC_pos+1_w1,T5,PC,1,160,1,-165,0.1350679566,0.5377144837,14,70,14x5
T5_PC_pos+1_w1,T5,PC,1,160,1,-160,0.1209055416,0.5459903521,14,70,14x5
T5_PC_pos+1_w1,T5,PC,1,160,1,-155,0.03874142596,0.4905884063,14,70,14x5
T5_PC_pos+1_w1,T5,PC,1,160,1,-150,-0.008973197708,0.5155143398,14,70,14x5
T5_PC_pos+1_w1,T5,PC,1,160,1,-145,-0.04255995421,0.4808874022,14,70,14x5
T5_PC_pos+1_w1,T5,PC,1,160,1,-140,-0.06475185853,0.4851494226,14,70,14x5
T5_PC_pos+1_w1,T5,PC,1,160,1,-135,0.03464765961,0.5209434427,14,70,14x5
T5_PC_pos+1_w1,T5,PC,1,160,1,-130,0.06066725014,0.5472733389,14,70,14x5
T5_PC_pos+1_w1,T5,PC,1,160,1,-125,0.08136718909,0.4980808694,14,70,14x5
T5_PC_pos+1_w1,T5,PC,1,160,1,-120,0.1032462882,0.4293838258,14,70,14x5
T5_PC_pos+1_w1,T5,PC,1,160,1,-115,0.09151588959,0.5081610694,14,70,14x5
T5_PC_pos+1_w1,T5,PC,1,160,1,-110,0.1573357592,0.4842457459,14,70,14x5
T5_PC_pos+1_w1,T5,PC,1,160,1,-105,0.1967018742,0.4686205035,14,70,14x5
T5_PC_pos+1_w1,T5,PC,1,160,1,-100,0.209979434,0.5233361001,14,70,14x5
T5_PC_pos+1_w1,T5,PC,1,160,1,-95,0.2210958434,0.6765651651,14,70,14x5
T5_PC_pos+1_w1,T5,PC,1,160,1,-90,0.1767371089,0.7483899396,14,70,14x5
T5_PC_pos+1_w1,T5,PC,1,160,1,-85,0.1807528401,0.7654010747,14,70,14x5
T5_PC_pos+1_w1,T5,PC,1,160,1,-80,0.269097217,0.8143623224,14,70,14x5
T5_PC_pos+1_w1,T5,PC,1,160,1,-75,0.2929730019,0.8846253954,14,70,14x5
T5_PC_pos+1_w1,T5,PC,1,160,1,-70,0.2236431572,0.9058971344,14,70,14x5
T5_PC_pos+1_w1,T5,PC,1,160,1,-65,0.141653274,0.9243220352,14,70,14x5
T5_PC_pos+1_w1,T5,PC,1,160,1,-60,0.1424121699,1.033936731,14,70,14x5
T5_PC_pos+1_w1,T5,PC,1,160,1,-55,0.1490909376,1.029365612,14,70,14x5
T5_PC_pos+1_w1,T5,PC,1,160,1,-50,0.1353156672,0.9945318561,14,70,14x5
T5_PC_pos+1_w1,T5,PC,1,160,1,-45,0.1655221908,1.032433015,14,70,14x5
T5_PC_pos+1_w1,T5,PC,1,160,1,-40,0.1012205599,1.066544655,14,70,14x5
T5_PC_pos+1_w1,T5,PC,1,160,1,-35,0.06039844454,1.013616895,14,70,14x5
T5_PC_pos+1_w1,T5,PC,1,160,1,-30,0.02186332985,0.931719882,14,70,14x5
T5_PC_pos+1_w1,T5,PC,1,160,1,-25,0.01165724229,0.9904010932,14,70,14x5
T5_PC_pos+1_w1,T5,PC,1,160,1,-20,0.05934819816,1.036090262,14,70,14x5
T5_PC_pos+1_w1,T5,PC,1,160,1,-15,0.1341549311,1.055283093,14,70,14x5
T5_PC_pos+1_w1,T5,PC,1,160,1,-10,0.1419590149,1.159825487,14,70,14x5
T5_PC_pos+1_w1,T5,PC,1,160,1,-5,0.1346430918,1.143811128,14,70,14x5
T5_PC_pos+1_w1,T5,PC,1,160,1,0,0.1284216327,1.154290443,14,70,14x5
T5_PC_pos+1_w1,T5,PC,1,160,1,5,0.1398678541,1.100005854,14,70,14x5
T5_PC_pos+1_w1,T5,PC,1,160,1,10,0.1588917835,1.149387856,14,70,14x5
T5_PC_pos+1_w1,T5,PC,1,160,1,15,0.1539319894,1.15314618,14,70,14x5
T5_PC_pos+1_w1,T5,PC,1,160,1,20,0.1729304958,1.234810623,14,70,14x5
T5_PC_pos+1_w1,T5,PC,1,160,1,25,0.1412266649,1.180258239,14,70,14x5
T5_PC_pos+1_w1,T5,PC,1,160,1,30,0.327694025,1.074968365,14,70,14x5
T5_PC_pos+1_w1,T5,PC,1,160,1,35,0.7148148278,1.121127923,14,70,14x5
T5_PC_pos+1_w1,T5,PC,1,160,1,40,1.100009316,1.310269502,14,70,14x5
T5_PC_pos+1_w1,T5,PC,1,160,1,45,1.645842268,1.491459824,14,70,14x5
T5_PC_pos+1_w1,T5,PC,1,160,1,50,2.279226196,1.491645178,14,70,14x5
T5_PC_pos+1_w1,T5,PC,1,160,1,55,3.239598525,1.9151657,14,70,14x5
T5_PC_pos+1_w1,T5,PC,1,160,1,60,4.124594055,1.839048147,14,70,14x5
T5_PC_pos+1_w1,T5,PC,1,160,1,65,4.944836119,1.800722338,14,70,14x5
T5_PC_pos+1_w1,T5,PC,1,160,1,70,5.826039677,1.917403795,14,70,14x5
T5_PC_pos+1_w1,T5,PC,1,160,1,75,6.495598525,1.972767009,14,70,14x5
T5_PC_pos+1_w1,T5,PC,1,160,1,80,7.037175099,1.955478973,14,70,14x5
T5_PC_pos+1_w1,T5,PC,1,160,1,85,7.658693894,2.132575108,14,70,14x5
T5_PC_pos+1_w1,T5,PC,1,160,1,90,8.151270785,2.021831248,14,70,14x5
T5_PC_pos+1_w1,T5,PC,1,160,1,95,8.540993781,2.134842633,14,70,14x5
T5_PC_pos+1_w1,T5,PC,1,160,1,100,9.063228682,2.379261951,14,70,14x5
T5_PC_pos+1_w1,T5,PC,1,160,1,105,9.443034881,2.289748348,14,70,14x5
T5_PC_pos+1_w1,T5,PC,1,160,1,110,9.982181466,2.264657753,14,70,14x5
T5_PC_pos+1_w1,T5,PC,1,160,1,115,10.40737342,2.328815945,14,70,14x5
T5_PC_pos+1_w1,T5,PC,1,160,1,120,10.73721552,2.284163067,14,70,14x5
T5_PC_pos+1_w1,T5,PC,1,160,1,125,11.0037213,2.214822178,14,70,14x5
T5_PC_pos+1_w1,T5,PC,1,160,1,130,11.240996,2.12208762,14,70,14x5
T5_PC_pos+1_w1,T5,PC,1,160,1,135,11.24332635,2.038552196,14,70,14x5
T5_PC_pos+1_w1,T5,PC,1,160,1,140,11.39805811,2.157198786,14,70,14x5
T5_PC_pos+1_w1,T5,PC,1,160,1,145,11.5573967,2.372946409,14,70,14x5
T5_PC_pos+1_w1,T5,PC,1,160,1,150,11.65103826,2.180376962,14,70,14x5
T5_PC_pos+1_w1,T5,PC,1,160,1,155,11.81171348,2.194138217,14,70,14x5
T5_PC_pos+1_w1,T5,PC,1,160,1,160,11.84291904,2.396125588,14,70,14x5
T5_PC_pos+1_w1,T5,PC,1,160,1,165,11.69460881,2.454288814,14,70,14x5
T5_PC_pos+1_w1,T5,PC,1,160,1,170,11.77395751,2.473066903,14,70,14x5
T5_PC_pos+1_w1,T5,PC,1,160,1,175,12.03267978,2.604347264,14,70,14x5
T5_PC_pos+1_w1,T5,PC,1,160,1,180,12.11526399,2.45687046,14,70,14x5
T5_PC_pos+1_w1,T5,PC,1,160,1,185,12.05327239,2.424153858,14,70,14x5
T5_PC_pos+1_w1,T5,PC,1,160,1,190,11.80648547,2.442343766,14,70,14x5
T5_PC_pos+1_w1,T5,PC,1,160,1,195,11.54379242,2.49795939,14,70,14x5
T5_PC_pos+1_w1,T5,PC,1,160,1,200,10.98742036,2.298205653,14,70,14x5
T5_PC_pos+1_w1,T5,PC,1,160,1,205,10.37916451,2.154815165,14,70,14x5
T5_PC_pos+1_w1,T5,PC,1,160,1,210,9.774883433,2.005083099,14,70,14x5
T5_PC_pos+1_w1,T5,PC,1,160,1,215,9.135386736,1.9866602,14,70,14x5
T5_PC_pos+1_w1,T5,PC,1,160,1,220,8.442475335,1.882773149,14,70,14x5
T5_PC_pos+1_w1,T5,PC,1,160,1,225,7.874691855,1.809388086,14,70,14x5
T5_PC_pos+1_w1,T5,PC,1,160,1,230,7.453154986,1.822849617,14,70,14x5
T5_PC_pos+1_w1,T5,PC,1,160,1,235,7.00171863,1.876146126,14,70,14x5
T5_PC_pos+1_w1,T5,PC,1,160,1,240,6.526972272,1.86428719,14,70,14x5
T5_PC_pos+1_w1,T5,PC,1,160,1,245,6.054115543,1.863647928,14,70,14x5
T5_PC_pos+1_w1,T5,PC,1,160,1,250,5.609134261,1.853331515,14,70,14x5
T5_PC_pos+1_w1,T5,PC,1,160,1,255,5.21333939,1.824879442,14,70,14x5
T5_PC_pos+1_w1,T5,PC,1,160,1,260,4.83202351,1.810292074,14,70,14x5
T5_PC_pos+1_w1,T5,PC,1,160,1,265,4.488177051,1.883580982,14,70,14x5
T5_PC_pos+1_w1,T5,PC,1,160,1,270,4.106564653,1.912770831,14,70,14x5
T5_PC_pos+1_w1,T5,PC,1,160,1,275,3.803468816,1.992381891,14,70,14x5
T5_PC_pos+1_w1,T5,PC,1,160,1,280,3.435494162,2.086423055,14,70,14x5
T5_PC_pos+1_w1,T5,PC,1,160,1,285,3.147938312,2.126116431,14,70,14x5
T5_PC_pos+1_w1,T5,PC,1,160,1,290,2.956679417,2.017877629,14,70,14x5
T5_PC_pos+1_w1,T5,PC,1,160,1,295,2.686556161,2.057764089,14,70,14x5
T5_PC_pos+1_w1,T5,PC,1,160,1,300,2.441876674,2.07443133,14,70,14x5
T5_PC_pos+1_w1,T5,PC,1,160,1,305,2.309151312,2.042708436,14,70,14x5
T5_PC_pos+1_w1,T5,PC,1,160,1,310,2.105235386,1.974488396,14,70,14x5
T5_PC_pos+1_w1,T5,PC,1,160,1,315,1.913150341,1.866873897,14,70,14x5
T5_PC_pos+1_w1,T5,PC,1,160,1,320,1.75849631,1.800330507,14,70,14x5
T5_PC_pos+1_w1,T5,PC,1,160,1,325,1.614698037,1.688105392,14,70,14x5
T5_PC_pos+1_w1,T5,PC,1,160,1,330,1.497684508,1.671647044,14,70,14x5
T5_PC_pos+1_w1,T5,PC,1,160,1,335,1.390944145,1.634208716,14,70,14x5
T5_PC_pos+1_w1,T5,PC,1,160,1,340,1.337134261,1.615660922,14,70,14x5
T5_PC_pos+1_w1,T5,PC,1,160,1,345,1.217241415,1.637345645,14,70,14x5
T5_PC_pos+1_w1,T5,PC,1,160,1,350,1.137211522,1.571503292,14,70,14x5
T5_PC_pos+1_w1,T5,PC,1,160,1,355,1.024467802,1.499308091,14,70,14x5
T5_PC_pos+1_w1,T5,PC,1,160,1,360,0.9402363021,1.476173516,14,70,14x5
T5_PC_pos+1_w1,T5,PC,1,160,1,365,0.7920919514,1.497444485,14,70,14x5
T5_PC_pos+1_w1,T5,PC,1,160,1,370,0.7415913954,1.52014014,14,70,14x5
T5_PC_pos+1_w1,T5,PC,1,160,1,375,0.6792936674,1.486538419,14,70,14x5
T5_PC_pos+1_w1,T5,PC,1,160,1,380,0.5803770334,1.490438615,14,70,14x5
T5_PC_pos+1_w1,T5,PC,1,160,1,385,0.5050729932,1.559742724,14,70,14x5
T5_PC_pos+1_w1,T5,PC,1,160,1,390,0.564148281,1.635805019,14,70,14x5
T5_PC_pos+1_w1,T5,PC,1,160,1,395,0.613723776,1.568209711,14,70,14x5
T5_PC_pos+1_w1,T5,PC,1,160,1,400,0.7547253458,1.694376031,14,70,14x5
T5_PC_pos+1_w1,T5,PC,1,160,1,405,0.7493934733,1.610769364,14,70,14x5
T5_PC_pos+1_w1,T5,PC,1,160,1,410,0.5970134258,1.63529201,14,70,14x5
T5_PC_pos+1_w1,T5,PC,1,160,1,415,0.4922087315,1.565619523,14,70,14x5
T5_PC_pos+1_w1,T5,PC,1,160,1,420,0.4267719401,1.551537118,14,70,14x5
T5_PC_pos+1_w1,T5,PC,1,160,1,425,0.4340598892,1.606256373,14,70,14x5
T5_PC_pos+1_w1,T5,PC,1,160,1,430,0.3728755072,1.661249135,14,70,14x5
T5_PC_pos+1_w1,T5,PC,1,160,1,435,0.3550397427,1.684255647,14,70,14x5
T5_PC_pos+1_w1,T5,PC,1,160,1,440,0.2767649956,1.67431961,14,70,14x5
T5_PC_pos+1_w1,T5,PC,1,160,1,445,0.2406780974,1.604624837,14,70,14x5
T5_PC_pos+1_w1,T5,PC,1,160,1,450,0.2334935191,1.623825241,14,70,14x5
T5_PC_pos+1_w1,T5,PC,1,160,1,455,0.2372044362,1.580924956,14,70,14x5
T5_PC_pos+1_w1,T5,PC,1,160,1,460,0.1641544078,1.603871208,14,70,14x5
T5_PC_pos+1_w1,T5,PC,1,160,1,465,0.03926259725,1.618702789,14,70,14x5
T5_PC_pos+1_w1,T5,PC,1,160,1,470,0.03223707614,1.604059296,14,70,14x5
T5_PC_pos+1_w1,T5,PC,1,160,1,475,-0.0293104993,1.597536766,14,70,14x5
T5_PC_pos+1_w1,T5,PC,1,160,1,480,-0.1143118729,1.601617979,14,70,14x5
T5_PC_pos+1_w1,T5,PC,1,160,1,485,-0.1759662097,1.611929402,14,70,14x5
T5_PC_pos+1_w1,T5,PC,1,160,1,490,-0.08911155241,1.606083529,14,70,14x5
T5_PC_pos+1_w1,T5,PC,1,160,1,495,-0.107369369,1.555302109,14,70,14x5
T5_PC_pos+1_w1,T5,PC,1,160,1,500,-0.07444896301,1.441940054,14,70,14x5
T5_PC_pos+1_w1,T5,PC,1,160,1,505,0.06676305513,1.485777852,14,70,14x5
T5_PC_pos+1_w1,T5,PC,1,160,1,510,0.1022317888,1.474708337,14,70,14x5
T5_PC_pos+1_w1,T5,PC,1,160,1,515,0.03448364208,1.440671285,14,70,14x5
T5_PC_pos+1_w1,T5,PC,1,160,1,520,0.07037113554,1.499336999,14,70,14x5
T5_PC_pos+1_w1,T5,PC,1,160,1,525,0.1655574908,1.653264677,14,70,14x5
T5_PC_pos+1_w1,T5,PC,1,160,1,530,0.1623770552,1.741766891,14,70,14x5
T5_PC_pos+1_w1,T5,PC,1,160,1,535,0.11076263,1.749235598,14,70,14x5
T5_PC_pos+1_w1,T5,PC,1,160,1,540,0.02824416231,1.708669594,14,70,14x5
T5_PC_pos+1_w1,T5,PC,1,160,1,545,-0.004616261985,1.68415304,14,70,14x5
T5_PC_pos+1_w1,T5,PC,1,160,1,550,-0.04834929879,1.614006008,14,70,14x5
T5_PC_pos+1_w1,T5,PC,1,160,1,555,-0.08320854569,1.58513509,14,70,14x5
T5_PC_pos+1_w1,T5,PC,1,160,1,560,-0.12462881,1.625718322,14,70,14x5
T5_PC_pos+1_w1,T5,PC,1,160,1,565,-0.1410286006,1.603302696,14,70,14x5
T5_PC_pos+1_w1,T5,PC,1,160,1,570,-0.1166022423,1.663240725,14,70,14x5
T5_PC_pos+1_w1,T5,PC,1,160,1,575,-0.178572971,1.702305904,14,70,14x5
T5_PC_pos+1_w1,T5,PC,1,160,1,580,-0.2473622828,1.614064088,14,70,14x5
T5_PC_pos+1_w1,T5,PC,1,160,1,585,-0.3864954047,1.547366562,14,70,14x5
T5_PC_pos+1_w1,T5,PC,1,160,1,590,-0.4786620168,1.446291492,14,70,14x5
T5_PC_pos+1_w1,T5,PC,1,160,1,595,-0.5867271224,1.463278958,14,70,14x5
T5_PC_pos+1_w1,T5,PC,1,160,1,600,-0.6848896463,1.483046607,14,70,14x5
T5_PC_pos+1_w1,T5,PC,1,160,1,605,-0.7228535832,1.509884069,14,70,14x5
T5_PC_pos+1_w1,T5,PC,1,160,1,610,-0.711921436,1.504256278,14,70,14x5
T5_PC_pos+1_w1,T5,PC,1,160,1,615,-0.6994616963,1.490613994,14,70,14x5
T5_PC_pos+1_w1,T5,PC,1,160,1,620,-0.7334217739,1.529801962,14,70,14x5
T5_PC_pos+1_w1,T5,PC,1,160,1,625,-0.7536411181,1.577074115,14,70,14x5
T5_PC_pos+1_w1,T5,PC,1,160,1,630,-0.7553806851,1.612782915,14,70,14x5
T5_PC_pos+1_w1,T5,PC,1,160,1,635,-0.6865464033,1.681871193,14,70,14x5
T5_PC_pos+1_w1,T5,PC,1,160,1,640,-0.6702327259,1.627129593,14,70,14x5
T5_PC_pos+1_w1,T5,PC,1,160,1,645,-0.6869455726,1.611181644,14,70,14x5
T5_PC_pos+1_w1,T5,PC,1,160,1,650,-0.7428269937,1.609679259,14,70,14x5
T5_PC_pos+1_w1,T5,PC,1,160,1,655,-0.786927094,1.647321207,14,70,14x5
T5_PC_pos+1_w1,T5,PC,1,160,1,660,-0.8473226221,1.701708668,14,70,14x5
T5_PC_pos+1_w1,T5,PC,1,160,1,665,-0.9436730494,1.727704704,14,70,14x5
T5_PC_pos+1_w1,T5,PC,1,160,1,670,-1.001838452,1.818383467,14,70,14x5
T5_PC_pos+1_w1,T5,PC,1,160,1,675,-0.8849271158,1.725183468,14,70,14x5
T5_PC_pos+1_w1,T5,PC,1,160,1,680,-0.7743171603,1.620432961,14,70,14x5
T5_PC_pos+1_w1,T5,PC,1,160,1,685,-0.6979121585,1.563965015,14,70,14x5
T5_PC_pos+1_w1,T5,PC,1,160,1,690,-0.7031853358,1.538287567,14,70,14x5
T5_PC_pos+1_w1,T5,PC,1,160,1,695,-0.7533753868,1.495538808,14,70,14x5
T5_PC_pos+1_w1,T5,PC,1,160,1,700,-0.8131022641,1.5899607,14,70,14x5
T5_PC_pos+1_w1,T5,PC,1,160,1,705,-0.8040729819,1.65860067,14,70,14x5
T5_PC_pos+1_w1,T5,PC,1,160,1,710,-0.7814917308,1.724485788,14,70,14x5
T5_PC_pos+1_w1,T5,PC,1,160,1,715,-0.756158779,1.681398412,14,70,14x5
T5_PC_pos+1_w1,T5,PC,1,160,1,720,-0.6927085566,1.705184965,14,70,14x5
T5_PC_pos+1_w1,T5,PC,1,160,1,725,-0.5535242726,1.70154835,14,70,14x5
T5_PC_pos+1_w1,T5,PC,1,160,1,730,-0.4972163514,1.660722805,14,70,14x5
T5_PC_pos+1_w1,T5,PC,1,160,1,735,-0.4981688195,1.705858474,14,70,14x5
T5_PC_pos+1_w1,T5,PC,1,160,1,740,-0.5176600981,1.712037936,14,70,14x5
T5_PC_pos+1_w1,T5,PC,1,160,1,745,-0.4955219287,1.724297321,14,70,14x5
T5_PC_pos+1_w1,T5,PC,1,160,1,750,-0.5365507749,1.70539735,14,70,14x5
T5_PC_pos+2_w1,T5,PC,2,160,1,-200,0.1455661362,0.7575384503,14,70,14x5
T5_PC_pos+2_w1,T5,PC,2,160,1,-195,0.1803394552,0.7368038666,14,70,14x5
T5_PC_pos+2_w1,T5,PC,2,160,1,-190,0.1827473023,0.7465481214,14,70,14x5
T5_PC_pos+2_w1,T5,PC,2,160,1,-185,0.149823375,0.728305423,14,70,14x5
T5_PC_pos+2_w1,T5,PC,2,160,1,-180,0.06365927029,0.6318408698,14,70,14x5
T5_PC_pos+2_w1,T5,PC,2,160,1,-175,0.2366647757,1.029996343,14,70,14x5
T5_PC_pos+2_w1,T5,PC,2,160,1,-170,0.1429097173,0.787505066,14,70,14x5
T5_PC_pos+2_w1,T5,PC,2,160,1,-165,0.1260781609,0.6905857558,14,70,14x5
T5_PC_pos+2_w1,T5,PC,2,160,1,-160,0.05078600368,0.7252973819,14,70,14x5
T5_PC_pos+2_w1,T5,PC,2,160,1,-155,0.05583435314,0.6335405363,14,70,14x5
T5_PC_pos+2_w1,T5,PC,2,160,1,-150,-0.03950612087,0.629956906,14,70,14x5
T5_PC_pos+2_w1,T5,PC,2,160,1,-145,-0.001098993272,0.7065111957,14,70,14x5
T5_PC_pos+2_w1,T5,PC,2,160,1,-140,-0.0784025756,0.843061904,14,70,14x5
T5_PC_pos+2_w1,T5,PC,2,160,1,-135,-0.1054474147,0.796186507,14,70,14x5
T5_PC_pos+2_w1,T5,PC,2,160,1,-130,-0.156375114,0.6952042352,14,70,14x5
T5_PC_pos+2_w1,T5,PC,2,160,1,-125,-0.09247906261,0.6597940377,14,70,14x5
T5_PC_pos+2_w1,T5,PC,2,160,1,-120,-0.08147251063,0.8236189619,14,70,14x5
T5_PC_pos+2_w1,T5,PC,2,160,1,-115,-0.09863662627,1.039547924,14,70,14x5
T5_PC_pos+2_w1,T5,PC,2,160,1,-110,-0.1996905139,0.9633668654,14,70,14x5
T5_PC_pos+2_w1,T5,PC,2,160,1,-105,-0.2082854576,0.6490628166,14,70,14x5
T5_PC_pos+2_w1,T5,PC,2,160,1,-100,-0.1537769433,0.5530652195,14,70,14x5
T5_PC_pos+2_w1,T5,PC,2,160,1,-95,-0.1067353202,0.6391695073,14,70,14x5
T5_PC_pos+2_w1,T5,PC,2,160,1,-90,-0.137152194,0.7231809319,14,70,14x5
T5_PC_pos+2_w1,T5,PC,2,160,1,-85,-0.1944484613,0.7745155919,14,70,14x5
T5_PC_pos+2_w1,T5,PC,2,160,1,-80,-0.2174296666,0.8529133366,14,70,14x5
T5_PC_pos+2_w1,T5,PC,2,160,1,-75,-0.2332409456,0.9298656688,14,70,14x5
T5_PC_pos+2_w1,T5,PC,2,160,1,-70,-0.2809674304,0.9400269707,14,70,14x5
T5_PC_pos+2_w1,T5,PC,2,160,1,-65,-0.3163549457,0.8612550218,14,70,14x5
T5_PC_pos+2_w1,T5,PC,2,160,1,-60,-0.3656606756,0.8350184613,14,70,14x5
T5_PC_pos+2_w1,T5,PC,2,160,1,-55,-0.4257757986,0.8229269447,14,70,14x5
T5_PC_pos+2_w1,T5,PC,2,160,1,-50,-0.4913570715,0.815687009,14,70,14x5
T5_PC_pos+2_w1,T5,PC,2,160,1,-45,-0.464809507,0.7393181227,14,70,14x5
T5_PC_pos+2_w1,T5,PC,2,160,1,-40,-0.4202565351,0.6846819207,14,70,14x5
T5_PC_pos+2_w1,T5,PC,2,160,1,-35,-0.4060126947,0.7375890262,14,70,14x5
T5_PC_pos+2_w1,T5,PC,2,160,1,-30,-0.4097484896,0.8283470404,14,70,14x5
T5_PC_pos+2_w1,T5,PC,2,160,1,-25,-0.38990964,0.8274650535,14,70,14x5
T5_PC_pos+2_w1,T5,PC,2,160,1,-20,-0.4104084517,0.8655786224,14,70,14x5
T5_PC_pos+2_w1,T5,PC,2,160,1,-15,-0.5209258291,0.9611400143,14,70,14x5
T5_PC_pos+2_w1,T5,PC,2,160,1,-10,-0.5550743334,1.011342681,14,70,14x5
T5_PC_pos+2_w1,T5,PC,2,160,1,-5,-0.4903788206,1.016728815,14,70,14x5
T5_PC_pos+2_w1,T5,PC,2,160,1,0,-0.4179809159,1.021448556,14,70,14x5
T5_PC_pos+2_w1,T5,PC,2,160,1,5,-0.4564344852,1.001833882,14,70,14x5
T5_PC_pos+2_w1,T5,PC,2,160,1,10,-0.3750005719,1.057815225,14,70,14x5
T5_PC_pos+2_w1,T5,PC,2,160,1,15,-0.3980128473,1.153082025,14,70,14x5
T5_PC_pos+2_w1,T5,PC,2,160,1,20,-0.3646148554,1.206167468,14,70,14x5
T5_PC_pos+2_w1,T5,PC,2,160,1,25,-0.4228221203,1.068797082,14,70,14x5
T5_PC_pos+2_w1,T5,PC,2,160,1,30,-0.445461816,1.063809797,14,70,14x5
T5_PC_pos+2_w1,T5,PC,2,160,1,35,-0.3102113908,1.163909663,14,70,14x5
T5_PC_pos+2_w1,T5,PC,2,160,1,40,0.09274059769,1.527693113,14,70,14x5
T5_PC_pos+2_w1,T5,PC,2,160,1,45,0.6555959854,1.705162856,14,70,14x5
T5_PC_pos+2_w1,T5,PC,2,160,1,50,1.429256907,2.089163016,14,70,14x5
T5_PC_pos+2_w1,T5,PC,2,160,1,55,2.214371299,2.292897436,14,70,14x5
T5_PC_pos+2_w1,T5,PC,2,160,1,60,2.881092715,2.272930052,14,70,14x5
T5_PC_pos+2_w1,T5,PC,2,160,1,65,3.592443927,2.464778033,14,70,14x5
T5_PC_pos+2_w1,T5,PC,2,160,1,70,4.253085465,2.566531422,14,70,14x5
T5_PC_pos+2_w1,T5,PC,2,160,1,75,4.919116775,2.877454591,14,70,14x5
T5_PC_pos+2_w1,T5,PC,2,160,1,80,5.38712506,2.850346737,14,70,14x5
T5_PC_pos+2_w1,T5,PC,2,160,1,85,5.899384262,3.069844119,14,70,14x5
T5_PC_pos+2_w1,T5,PC,2,160,1,90,6.47131135,3.208388277,14,70,14x5
T5_PC_pos+2_w1,T5,PC,2,160,1,95,7.175834549,3.21428033,14,70,14x5
T5_PC_pos+2_w1,T5,PC,2,160,1,100,7.501464117,3.0553692,14,70,14x5
T5_PC_pos+2_w1,T5,PC,2,160,1,105,7.853189675,2.668497086,14,70,14x5
T5_PC_pos+2_w1,T5,PC,2,160,1,110,8.081978399,2.51675201,14,70,14x5
T5_PC_pos+2_w1,T5,PC,2,160,1,115,8.019835498,2.19203684,14,70,14x5
T5_PC_pos+2_w1,T5,PC,2,160,1,120,8.177378309,2.136343401,14,70,14x5
T5_PC_pos+2_w1,T5,PC,2,160,1,125,8.284452899,2.172666224,14,70,14x5
T5_PC_pos+2_w1,T5,PC,2,160,1,130,8.633214401,2.307244924,14,70,14x5
T5_PC_pos+2_w1,T5,PC,2,160,1,135,8.904781926,2.187567589,14,70,14x5
T5_PC_pos+2_w1,T5,PC,2,160,1,140,9.008950904,2.135009886,14,70,14x5
T5_PC_pos+2_w1,T5,PC,2,160,1,145,9.153019487,2.263654636,14,70,14x5
T5_PC_pos+2_w1,T5,PC,2,160,1,150,9.171233184,2.266450182,14,70,14x5
T5_PC_pos+2_w1,T5,PC,2,160,1,155,9.238353922,2.424248532,14,70,14x5
T5_PC_pos+2_w1,T5,PC,2,160,1,160,9.338037072,2.793193291,14,70,14x5
T5_PC_pos+2_w1,T5,PC,2,160,1,165,9.333745275,2.753520516,14,70,14x5
T5_PC_pos+2_w1,T5,PC,2,160,1,170,9.115666673,2.729836413,14,70,14x5
T5_PC_pos+2_w1,T5,PC,2,160,1,175,8.930187081,2.495291012,14,70,14x5
T5_PC_pos+2_w1,T5,PC,2,160,1,180,8.837035797,2.617831817,14,70,14x5
T5_PC_pos+2_w1,T5,PC,2,160,1,185,8.62413896,2.591891438,14,70,14x5
T5_PC_pos+2_w1,T5,PC,2,160,1,190,8.408914089,2.797018598,14,70,14x5
T5_PC_pos+2_w1,T5,PC,2,160,1,195,8.169445224,2.899862801,14,70,14x5
T5_PC_pos+2_w1,T5,PC,2,160,1,200,7.676226414,2.856520313,14,70,14x5
T5_PC_pos+2_w1,T5,PC,2,160,1,205,7.112457761,2.67295382,14,70,14x5
T5_PC_pos+2_w1,T5,PC,2,160,1,210,6.609770338,2.497391423,14,70,14x5
T5_PC_pos+2_w1,T5,PC,2,160,1,215,6.024502677,2.445650608,14,70,14x5
T5_PC_pos+2_w1,T5,PC,2,160,1,220,5.451798519,2.353049534,14,70,14x5
T5_PC_pos+2_w1,T5,PC,2,160,1,225,4.947156469,2.276822423,14,70,14x5
T5_PC_pos+2_w1,T5,PC,2,160,1,230,4.581206497,2.338513589,14,70,14x5
T5_PC_pos+2_w1,T5,PC,2,160,1,235,4.170340033,2.385109332,14,70,14x5
T5_PC_pos+2_w1,T5,PC,2,160,1,240,3.776673377,2.308037744,14,70,14x5
T5_PC_pos+2_w1,T5,PC,2,160,1,245,3.353177444,2.197730651,14,70,14x5
T5_PC_pos+2_w1,T5,PC,2,160,1,250,3.001953259,2.143578863,14,70,14x5
T5_PC_pos+2_w1,T5,PC,2,160,1,255,2.640755337,2.098068479,14,70,14x5
T5_PC_pos+2_w1,T5,PC,2,160,1,260,2.27784568,1.945463157,14,70,14x5
T5_PC_pos+2_w1,T5,PC,2,160,1,265,1.943375028,1.881678966,14,70,14x5
T5_PC_pos+2_w1,T5,PC,2,160,1,270,1.666699672,1.839171486,14,70,14x5
T5_PC_pos+2_w1,T5,PC,2,160,1,275,1.452708012,1.829415939,14,70,14x5
T5_PC_pos+2_w1,T5,PC,2,160,1,280,1.26026226,1.846354767,14,70,14x5
T5_PC_pos+2_w1,T5,PC,2,160,1,285,1.047608795,1.815259785,14,70,14x5
T5_PC_pos+2_w1,T5,PC,2,160,1,290,0.9492258803,1.779379201,14,70,14x5
T5_PC_pos+2_w1,T5,PC,2,160,1,295,0.7690026224,1.769671821,14,70,14x5
T5_PC_pos+2_w1,T5,PC,2,160,1,300,0.6195170673,1.673757308,14,70,14x5
T5_PC_pos+2_w1,T5,PC,2,160,1,305,0.4075883868,1.607183033,14,70,14x5
T5_PC_pos+2_w1,T5,PC,2,160,1,310,0.2526392328,1.511536414,14,70,14x5
T5_PC_pos+2_w1,T5,PC,2,160,1,315,0.004009283372,1.464422506,14,70,14x5
T5_PC_pos+2_w1,T5,PC,2,160,1,320,-0.182005554,1.464940374,14,70,14x5
T5_PC_pos+2_w1,T5,PC,2,160,1,325,-0.2325882332,1.425678761,14,70,14x5
T5_PC_pos+2_w1,T5,PC,2,160,1,330,-0.3557865151,1.410048827,14,70,14x5
T5_PC_pos+2_w1,T5,PC,2,160,1,335,-0.4116824574,1.317148517,14,70,14x5
T5_PC_pos+2_w1,T5,PC,2,160,1,340,-0.389928729,1.228376688,14,70,14x5
T5_PC_pos+2_w1,T5,PC,2,160,1,345,-0.4705791738,1.218127943,14,70,14x5
T5_PC_pos+2_w1,T5,PC,2,160,1,350,-0.6014114715,1.28667949,14,70,14x5
T5_PC_pos+2_w1,T5,PC,2,160,1,355,-0.7059770022,1.385448819,14,70,14x5
T5_PC_pos+2_w1,T5,PC,2,160,1,360,-0.7845706595,1.430263925,14,70,14x5
T5_PC_pos+2_w1,T5,PC,2,160,1,365,-0.9182851414,1.441768481,14,70,14x5
T5_PC_pos+2_w1,T5,PC,2,160,1,370,-1.059991,1.479346676,14,70,14x5
T5_PC_pos+2_w1,T5,PC,2,160,1,375,-1.172881535,1.517501088,14,70,14x5
T5_PC_pos+2_w1,T5,PC,2,160,1,380,-1.246620066,1.488596062,14,70,14x5
T5_PC_pos+2_w1,T5,PC,2,160,1,385,-1.337560641,1.479594825,14,70,14x5
T5_PC_pos+2_w1,T5,PC,2,160,1,390,-1.40114392,1.440585448,14,70,14x5
T5_PC_pos+2_w1,T5,PC,2,160,1,395,-1.410138818,1.401206361,14,70,14x5
T5_PC_pos+2_w1,T5,PC,2,160,1,400,-1.469745219,1.401622968,14,70,14x5
T5_PC_pos+2_w1,T5,PC,2,160,1,405,-1.488189533,1.457490789,14,70,14x5
T5_PC_pos+2_w1,T5,PC,2,160,1,410,-1.490021263,1.595867364,14,70,14x5
T5_PC_pos+2_w1,T5,PC,2,160,1,415,-1.520779582,1.635790965,14,70,14x5
T5_PC_pos+2_w1,T5,PC,2,160,1,420,-1.55352449,1.694544769,14,70,14x5
T5_PC_pos+2_w1,T5,PC,2,160,1,425,-1.380981363,1.826660709,14,70,14x5
T5_PC_pos+2_w1,T5,PC,2,160,1,430,-1.383054645,1.911989135,14,70,14x5
T5_PC_pos+2_w1,T5,PC,2,160,1,435,-1.425318108,1.940717978,14,70,14x5
T5_PC_pos+2_w1,T5,PC,2,160,1,440,-1.43302025,1.89226256,14,70,14x5
T5_PC_pos+2_w1,T5,PC,2,160,1,445,-1.244871833,1.574554371,14,70,14x5
T5_PC_pos+2_w1,T5,PC,2,160,1,450,-1.18512966,1.421375365,14,70,14x5
T5_PC_pos+2_w1,T5,PC,2,160,1,455,-1.075785316,1.391133656,14,70,14x5
T5_PC_pos+2_w1,T5,PC,2,160,1,460,-1.008137171,1.37856638,14,70,14x5
T5_PC_pos+2_w1,T5,PC,2,160,1,465,-1.007780148,1.288236509,14,70,14x5
T5_PC_pos+2_w1,T5,PC,2,160,1,470,-1.110167239,1.226913297,14,70,14x5
T5_PC_pos+2_w1,T5,PC,2,160,1,475,-1.184423954,1.251204307,14,70,14x5
T5_PC_pos+2_w1,T5,PC,2,160,1,480,-1.219706496,1.245038062,14,70,14x5
T5_PC_pos+2_w1,T5,PC,2,160,1,485,-1.254550306,1.216909654,14,70,14x5
T5_PC_pos+2_w1,T5,PC,2,160,1,490,-1.258623359,1.1988428,14,70,14x5
T5_PC_pos+2_w1,T5,PC,2,160,1,495,-1.294590185,1.159694722,14,70,14x5
T5_PC_pos+2_w1,T5,PC,2,160,1,500,-1.268189053,0.9999813114,14,70,14x5
T5_PC_pos+2_w1,T5,PC,2,160,1,505,-1.202780443,0.9493019022,14,70,14x5
T5_PC_pos+2_w1,T5,PC,2,160,1,510,-1.174536057,0.935015928,14,70,14x5
T5_PC_pos+2_w1,T5,PC,2,160,1,515,-1.136555539,0.9009914136,14,70,14x5
T5_PC_pos+2_w1,T5,PC,2,160,1,520,-1.08947951,1.004412055,14,70,14x5
T5_PC_pos+2_w1,T5,PC,2,160,1,525,-1.134615924,1.00834491,14,70,14x5
T5_PC_pos+2_w1,T5,PC,2,160,1,530,-1.168707553,1.000597208,14,70,14x5
T5_PC_pos+2_w1,T5,PC,2,160,1,535,-1.243909226,1.14608932,14,70,14x5
T5_PC_pos+2_w1,T5,PC,2,160,1,540,-1.118568893,1.353820009,14,70,14x5
T5_PC_pos+2_w1,T5,PC,2,160,1,545,-1.102909498,1.571959419,14,70,14x5
T5_PC_pos+2_w1,T5,PC,2,160,1,550,-1.026016292,1.791599022,14,70,14x5
T5_PC_pos+2_w1,T5,PC,2,160,1,555,-1.095198941,1.725954267,14,70,14x5
T5_PC_pos+2_w1,T5,PC,2,160,1,560,-1.048470112,1.691909727,14,70,14x5
T5_PC_pos+2_w1,T5,PC,2,160,1,565,-1.111134511,1.611282599,14,70,14x5
T5_PC_pos+2_w1,T5,PC,2,160,1,570,-1.16654915,1.584977927,14,70,14x5
T5_PC_pos+2_w1,T5,PC,2,160,1,575,-1.13506051,1.564115042,14,70,14x5
T5_PC_pos+2_w1,T5,PC,2,160,1,580,-1.168450914,1.509539116,14,70,14x5
T5_PC_pos+2_w1,T5,PC,2,160,1,585,-1.275442127,1.477442545,14,70,14x5
T5_PC_pos+2_w1,T5,PC,2,160,1,590,-1.293229477,1.466031767,14,70,14x5
T5_PC_pos+2_w1,T5,PC,2,160,1,595,-1.267975007,1.447989376,14,70,14x5
T5_PC_pos+2_w1,T5,PC,2,160,1,600,-1.185311655,1.508907278,14,70,14x5
T5_PC_pos+2_w1,T5,PC,2,160,1,605,-1.099781271,1.439413083,14,70,14x5
T5_PC_pos+2_w1,T5,PC,2,160,1,610,-1.062436546,1.32819202,14,70,14x5
T5_PC_pos+2_w1,T5,PC,2,160,1,615,-1.068468782,1.293966204,14,70,14x5
T5_PC_pos+2_w1,T5,PC,2,160,1,620,-1.048375212,1.312158097,14,70,14x5
T5_PC_pos+2_w1,T5,PC,2,160,1,625,-0.9992574945,1.303742869,14,70,14x5
T5_PC_pos+2_w1,T5,PC,2,160,1,630,-1.005482813,1.290004455,14,70,14x5
T5_PC_pos+2_w1,T5,PC,2,160,1,635,-1.047363046,1.217183618,14,70,14x5
T5_PC_pos+2_w1,T5,PC,2,160,1,640,-1.096584352,1.199301149,14,70,14x5
T5_PC_pos+2_w1,T5,PC,2,160,1,645,-1.143725378,1.168783379,14,70,14x5
T5_PC_pos+2_w1,T5,PC,2,160,1,650,-1.203436197,1.148143367,14,70,14x5
T5_PC_pos+2_w1,T5,PC,2,160,1,655,-1.268377687,1.152348982,14,70,14x5
T5_PC_pos+2_w1,T5,PC,2,160,1,660,-1.313743464,1.193812277,14,70,14x5
T5_PC_pos+2_w1,T5,PC,2,160,1,665,-1.283701961,1.317619805,14,70,14x5
T5_PC_pos+2_w1,T5,PC,2,160,1,670,-1.24325393,1.367406252,14,70,14x5
T5_PC_pos+2_w1,T5,PC,2,160,1,675,-1.21940928,1.375519963,14,70,14x5
T5_PC_pos+2_w1,T5,PC,2,160,1,680,-1.335134206,1.438859953,14,70,14x5
T5_PC_pos+2_w1,T5,PC,2,160,1,685,-1.375989561,1.442968343,14,70,14x5
T5_PC_pos+2_w1,T5,PC,2,160,1,690,-1.505056945,1.411339988,14,70,14x5
T5_PC_pos+2_w1,T5,PC,2,160,1,695,-1.420559507,1.492481238,14,70,14x5
T5_PC_pos+2_w1,T5,PC,2,160,1,700,-1.415439794,1.557843675,14,70,14x5
T5_PC_pos+2_w1,T5,PC,2,160,1,705,-1.416494063,1.535370494,14,70,14x5
T5_PC_pos+2_w1,T5,PC,2,160,1,710,-1.528955591,1.469658073,14,70,14x5
T5_PC_pos+2_w1,T5,PC,2,160,1,715,-1.546602722,1.508365302,14,70,14x5
T5_PC_pos+2_w1,T5,PC,2,160,1,720,-1.519705733,1.53175819,14,70,14x5
T5_PC_pos+2_w1,T5,PC,2,160,1,725,-1.476433635,1.606564229,14,70,14x5
T5_PC_pos+2_w1,T5,PC,2,160,1,730,-1.43818394,1.595829821,14,70,14x5
T5_PC_pos+2_w1,T5,PC,2,160,1,735,-1.383517895,1.58579573,14,70,14x5
T5_PC_pos+2_w1,T5,PC,2,160,1,740,-1.329709592,1.406938001,14,70,14x5
T5_PC_pos+2_w1,T5,PC,2,160,1,745,-1.218682457,1.300802077,14,70,14x5
T5_PC_pos+2_w1,T5,PC,2,160,1,750,-1.202171043,1.252847858,14,70,14x5
T5_PC_pos+3_w1,T5,PC,3,160,1,-200,-0.3611963641,0.8946233707,14,70,14x5
T5_PC_pos+3_w1,T5,PC,3,160,1,-195,-0.3749685602,0.8601593451,14,70,14x5
T5_PC_pos+3_w1,T5,PC,3,160,1,-190,-0.3175654554,0.795863267,14,70,14x5
T5_PC_pos+3_w1,T5,PC,3,160,1,-185,-0.2454208539,0.6504822139,14,70,14x5
T5_PC_pos+3_w1,T5,PC,3,160,1,-180,-0.2738727988,0.565505249,14,70,14x5
T5_PC_pos+3_w1,T5,PC,3,160,1,-175,-0.3009333256,0.5132465037,14,70,14x5
T5_PC_pos+3_w1,T5,PC,3,160,1,-170,-0.3082898579,0.597186357,14,70,14x5
T5_PC_pos+3_w1,T5,PC,3,160,1,-165,-0.3416934861,0.6184564205,14,70,14x5
T5_PC_pos+3_w1,T5,PC,3,160,1,-160,-0.3584595771,0.66279425,14,70,14x5
T5_PC_pos+3_w1,T5,PC,3,160,1,-155,-0.3736216214,0.6058401135,14,70,14x5
T5_PC_pos+3_w1,T5,PC,3,160,1,-150,-0.2510562978,0.627409481,14,70,14x5
T5_PC_pos+3_w1,T5,PC,3,160,1,-145,-0.2277491288,0.7702127638,14,70,14x5
T5_PC_pos+3_w1,T5,PC,3,160,1,-140,-0.1992541,0.8363198039,14,70,14x5
T5_PC_pos+3_w1,T5,PC,3,160,1,-135,-0.1786451693,0.9288708396,14,70,14x5
T5_PC_pos+3_w1,T5,PC,3,160,1,-130,-0.03728776479,1.004166822,14,70,14x5
T5_PC_pos+3_w1,T5,PC,3,160,1,-125,0.1290328352,0.928596262,14,70,14x5
T5_PC_pos+3_w1,T5,PC,3,160,1,-120,0.2247263639,0.9549758062,14,70,14x5
T5_PC_pos+3_w1,T5,PC,3,160,1,-115,0.1777387484,0.9171294043,14,70,14x5
T5_PC_pos+3_w1,T5,PC,3,160,1,-110,0.217815497,0.8910140802,14,70,14x5
T5_PC_pos+3_w1,T5,PC,3,160,1,-105,0.2839437022,0.9691245729,14,70,14x5
T5_PC_pos+3_w1,T5,PC,3,160,1,-100,0.3149398647,0.831279524,14,70,14x5
T5_PC_pos+3_w1,T5,PC,3,160,1,-95,0.2801933097,0.7850536468,14,70,14x5
T5_PC_pos+3_w1,T5,PC,3,160,1,-90,0.4399417834,0.9679166708,14,70,14x5
T5_PC_pos+3_w1,T5,PC,3,160,1,-85,0.5259323643,1.094820966,14,70,14x5
T5_PC_pos+3_w1,T5,PC,3,160,1,-80,0.6947799136,1.387381525,14,70,14x5
T5_PC_pos+3_w1,T5,PC,3,160,1,-75,0.6716558947,1.315794053,14,70,14x5
T5_PC_pos+3_w1,T5,PC,3,160,1,-70,0.6038495106,1.210577286,14,70,14x5
T5_PC_pos+3_w1,T5,PC,3,160,1,-65,0.5992025544,1.340443226,14,70,14x5
T5_PC_pos+3_w1,T5,PC,3,160,1,-60,0.6073588426,1.583262099,14,70,14x5
T5_PC_pos+3_w1,T5,PC,3,160,1,-55,0.482682059,1.53595794,14,70,14x5
T5_PC_pos+3_w1,T5,PC,3,160,1,-50,0.3801654011,1.408813567,14,70,14x5
T5_PC_pos+3_w1,T5,PC,3,160,1,-45,0.3148229975,1.380797312,14,70,14x5
T5_PC_pos+3_w1,T5,PC,3,160,1,-40,0.1470621393,1.286601176,14,70,14x5
T5_PC_pos+3_w1,T5,PC,3,160,1,-35,0.06965292943,1.249275661,14,70,14x5
T5_PC_pos+3_w1,T5,PC,3,160,1,-30,-0.0811658391,1.255994509,14,70,14x5
T5_PC_pos+3_w1,T5,PC,3,160,1,-25,-0.2172111906,1.260858452,14,70,14x5
T5_PC_pos+3_w1,T5,PC,3,160,1,-20,-0.2246781363,1.317467204,14,70,14x5
T5_PC_pos+3_w1,T5,PC,3,160,1,-15,-0.1988337268,1.303064041,14,70,14x5
T5_PC_pos+3_w1,T5,PC,3,160,1,-10,-0.1376315639,1.26274867,14,70,14x5
T5_PC_pos+3_w1,T5,PC,3,160,1,-5,-0.07487157781,1.188995497,14,70,14x5
T5_PC_pos+3_w1,T5,PC,3,160,1,0,-0.03725287904,1.293974996,14,70,14x5
T5_PC_pos+3_w1,T5,PC,3,160,1,5,0.05925296432,1.461064126,14,70,14x5
T5_PC_pos+3_w1,T5,PC,3,160,1,10,-0.02118868927,1.489562976,14,70,14x5
T5_PC_pos+3_w1,T5,PC,3,160,1,15,-0.05085675136,1.382030149,14,70,14x5
T5_PC_pos+3_w1,T5,PC,3,160,1,20,-0.02507705487,1.236208125,14,70,14x5
T5_PC_pos+3_w1,T5,PC,3,160,1,25,-0.03848295056,1.143971114,14,70,14x5
T5_PC_pos+3_w1,T5,PC,3,160,1,30,0.04769566448,0.9997719817,14,70,14x5
T5_PC_pos+3_w1,T5,PC,3,160,1,35,0.3553813439,1.190578071,14,70,14x5
T5_PC_pos+3_w1,T5,PC,3,160,1,40,0.7444783263,1.523229565,14,70,14x5
T5_PC_pos+3_w1,T5,PC,3,160,1,45,1.079757761,1.786893217,14,70,14x5
T5_PC_pos+3_w1,T5,PC,3,160,1,50,1.674169936,1.954207996,14,70,14x5
T5_PC_pos+3_w1,T5,PC,3,160,1,55,2.321432975,2.151595435,14,70,14x5
T5_PC_pos+3_w1,T5,PC,3,160,1,60,2.858233428,2.52451325,14,70,14x5
T5_PC_pos+3_w1,T5,PC,3,160,1,65,3.418232207,2.737231305,14,70,14x5
T5_PC_pos+3_w1,T5,PC,3,160,1,70,4.03284829,2.862663804,14,70,14x5
T5_PC_pos+3_w1,T5,PC,3,160,1,75,4.371523503,2.932804179,14,70,14x5
T5_PC_pos+3_w1,T5,PC,3,160,1,80,4.610221044,2.948706449,14,70,14x5
T5_PC_pos+3_w1,T5,PC,3,160,1,85,5.003815671,3.185870816,14,70,14x5
T5_PC_pos+3_w1,T5,PC,3,160,1,90,5.314862942,3.159027322,14,70,14x5
T5_PC_pos+3_w1,T5,PC,3,160,1,95,5.509490711,3.179583817,14,70,14x5
T5_PC_pos+3_w1,T5,PC,3,160,1,100,5.875633568,3.222133945,14,70,14x5
T5_PC_pos+3_w1,T5,PC,3,160,1,105,6.177071035,3.186664667,14,70,14x5
T5_PC_pos+3_w1,T5,PC,3,160,1,110,6.274289769,3.324511923,14,70,14x5
T5_PC_pos+3_w1,T5,PC,3,160,1,115,6.208824742,3.212666081,14,70,14x5
T5_PC_pos+3_w1,T5,PC,3,160,1,120,6.392405415,3.322760655,14,70,14x5
T5_PC_pos+3_w1,T5,PC,3,160,1,125,6.496989228,3.281006435,14,70,14x5
T5_PC_pos+3_w1,T5,PC,3,160,1,130,6.583027428,3.266298495,14,70,14x5
T5_PC_pos+3_w1,T5,PC,3,160,1,135,6.290891199,3.115101631,14,70,14x5
T5_PC_pos+3_w1,T5,PC,3,160,1,140,5.935743458,3.049669963,14,70,14x5
T5_PC_pos+3_w1,T5,PC,3,160,1,145,5.776183891,3.307381313,14,70,14x5
T5_PC_pos+3_w1,T5,PC,3,160,1,150,5.781720957,3.407570658,14,70,14x5
T5_PC_pos+3_w1,T5,PC,3,160,1,155,5.857976495,3.628799063,14,70,14x5
T5_PC_pos+3_w1,T5,PC,3,160,1,160,5.899105223,3.879836558,14,70,14x5
T5_PC_pos+3_w1,T5,PC,3,160,1,165,5.677189647,4.011890625,14,70,14x5
T5_PC_pos+3_w1,T5,PC,3,160,1,170,5.605835556,4.124199624,14,70,14x5
T5_PC_pos+3_w1,T5,PC,3,160,1,175,5.426146563,4.05647718,14,70,14x5
T5_PC_pos+3_w1,T5,PC,3,160,1,180,5.236619614,3.751284107,14,70,14x5
T5_PC_pos+3_w1,T5,PC,3,160,1,185,4.983478675,3.454294014,14,70,14x5
T5_PC_pos+3_w1,T5,PC,3,160,1,190,4.81628314,3.485664112,14,70,14x5
T5_PC_pos+3_w1,T5,PC,3,160,1,195,4.460676128,3.496093068,14,70,14x5
T5_PC_pos+3_w1,T5,PC,3,160,1,200,4.184698281,3.551611323,14,70,14x5
T5_PC_pos+3_w1,T5,PC,3,160,1,205,3.722583856,3.473450594,14,70,14x5
T5_PC_pos+3_w1,T5,PC,3,160,1,210,3.128957656,3.17622341,14,70,14x5
T5_PC_pos+3_w1,T5,PC,3,160,1,215,2.645754796,2.95896433,14,70,14x5
T5_PC_pos+3_w1,T5,PC,3,160,1,220,2.136140283,2.71310454,14,70,14x5
T5_PC_pos+3_w1,T5,PC,3,160,1,225,1.679167494,2.635853943,14,70,14x5
T5_PC_pos+3_w1,T5,PC,3,160,1,230,1.3008605,2.482822572,14,70,14x5
T5_PC_pos+3_w1,T5,PC,3,160,1,235,0.9753850069,2.362911864,14,70,14x5
T5_PC_pos+3_w1,T5,PC,3,160,1,240,0.6833536097,2.349931173,14,70,14x5
T5_PC_pos+3_w1,T5,PC,3,160,1,245,0.4126208345,2.24620862,14,70,14x5
T5_PC_pos+3_w1,T5,PC,3,160,1,250,0.2113794252,2.278185147,14,70,14x5
T5_PC_pos+3_w1,T5,PC,3,160,1,255,0.0579724829,2.255948548,14,70,14x5
T5_PC_pos+3_w1,T5,PC,3,160,1,260,-0.2342010737,2.183449576,14,70,14x5
T5_PC_pos+3_w1,T5,PC,3,160,1,265,-0.5196749966,2.087767996,14,70,14x5
T5_PC_pos+3_w1,T5,PC,3,160,1,270,-0.735739012,2.011180677,14,70,14x5
T5_PC_pos+3_w1,T5,PC,3,160,1,275,-0.872890765,2.003749854,14,70,14x5
T5_PC_pos+3_w1,T5,PC,3,160,1,280,-0.9922783456,2.036675455,14,70,14x5
T5_PC_pos+3_w1,T5,PC,3,160,1,285,-1.076435506,2.032811372,14,70,14x5
T5_PC_pos+3_w1,T5,PC,3,160,1,290,-1.166473183,2.094819932,14,70,14x5
T5_PC_pos+3_w1,T5,PC,3,160,1,295,-1.271679008,2.136613234,14,70,14x5
T5_PC_pos+3_w1,T5,PC,3,160,1,300,-1.446452426,2.138238937,14,70,14x5
T5_PC_pos+3_w1,T5,PC,3,160,1,305,-1.584467078,2.123332814,14,70,14x5
T5_PC_pos+3_w1,T5,PC,3,160,1,310,-1.767940826,2.057587815,14,70,14x5
T5_PC_pos+3_w1,T5,PC,3,160,1,315,-1.928777735,1.988918338,14,70,14x5
T5_PC_pos+3_w1,T5,PC,3,160,1,320,-1.980717732,1.905781366,14,70,14x5
T5_PC_pos+3_w1,T5,PC,3,160,1,325,-2.092131651,1.825162626,14,70,14x5
T5_PC_pos+3_w1,T5,PC,3,160,1,330,-2.127972921,1.79645387,14,70,14x5
T5_PC_pos+3_w1,T5,PC,3,160,1,335,-2.124706219,1.816059696,14,70,14x5
T5_PC_pos+3_w1,T5,PC,3,160,1,340,-2.177621796,1.785189822,14,70,14x5
T5_PC_pos+3_w1,T5,PC,3,160,1,345,-2.218016354,1.83854766,14,70,14x5
T5_PC_pos+3_w1,T5,PC,3,160,1,350,-2.206477369,1.905479402,14,70,14x5
T5_PC_pos+3_w1,T5,PC,3,160,1,355,-2.263516266,2.006901605,14,70,14x5
T5_PC_pos+3_w1,T5,PC,3,160,1,360,-2.280923732,2.009251447,14,70,14x5
T5_PC_pos+3_w1,T5,PC,3,160,1,365,-2.35471529,1.966567235,14,70,14x5
T5_PC_pos+3_w1,T5,PC,3,160,1,370,-2.440407248,1.871475472,14,70,14x5
T5_PC_pos+3_w1,T5,PC,3,160,1,375,-2.435494986,1.731249428,14,70,14x5
T5_PC_pos+3_w1,T5,PC,3,160,1,380,-2.493136012,1.600194153,14,70,14x5
T5_PC_pos+3_w1,T5,PC,3,160,1,385,-2.515787154,1.585672251,14,70,14x5
T5_PC_pos+3_w1,T5,PC,3,160,1,390,-2.527452426,1.586860272,14,70,14x5
T5_PC_pos+3_w1,T5,PC,3,160,1,395,-2.521465159,1.658487699,14,70,14x5
T5_PC_pos+3_w1,T5,PC,3,160,1,400,-2.542965072,1.648788193,14,70,14x5
T5_PC_pos+3_w1,T5,PC,3,160,1,405,-2.589562316,1.649804536,14,70,14x5
T5_PC_pos+3_w1,T5,PC,3,160,1,410,-2.651664008,1.689225866,14,70,14x5
T5_PC_pos+3_w1,T5,PC,3,160,1,415,-2.645375677,1.708563232,14,70,14x5
T5_PC_pos+3_w1,T5,PC,3,160,1,420,-2.624041471,1.691502262,14,70,14x5
T5_PC_pos+3_w1,T5,PC,3,160,1,425,-2.599071124,1.799409949,14,70,14x5
T5_PC_pos+3_w1,T5,PC,3,160,1,430,-2.414374107,2.056874974,14,70,14x5
T5_PC_pos+3_w1,T5,PC,3,160,1,435,-2.379645344,2.127981784,14,70,14x5
T5_PC_pos+3_w1,T5,PC,3,160,1,440,-2.266577491,2.316278963,14,70,14x5
T5_PC_pos+3_w1,T5,PC,3,160,1,445,-2.269966467,2.233978451,14,70,14x5
T5_PC_pos+3_w1,T5,PC,3,160,1,450,-2.242623366,2.188359002,14,70,14x5
T5_PC_pos+3_w1,T5,PC,3,160,1,455,-2.247578712,2.091864774,14,70,14x5
T5_PC_pos+3_w1,T5,PC,3,160,1,460,-2.282296137,2.039651922,14,70,14x5
T5_PC_pos+3_w1,T5,PC,3,160,1,465,-2.255223052,2.010948433,14,70,14x5
T5_PC_pos+3_w1,T5,PC,3,160,1,470,-2.288014609,2.035349377,14,70,14x5
T5_PC_pos+3_w1,T5,PC,3,160,1,475,-2.321307999,1.977209322,14,70,14x5
T5_PC_pos+3_w1,T5,PC,3,160,1,480,-2.31721747,1.958911467,14,70,14x5
T5_PC_pos+3_w1,T5,PC,3,160,1,485,-2.288446669,1.934756894,14,70,14x5
T5_PC_pos+3_w1,T5,PC,3,160,1,490,-2.19009223,1.939389125,14,70,14x5
T5_PC_pos+3_w1,T5,PC,3,160,1,495,-2.119216075,1.905480817,14,70,14x5
T5_PC_pos+3_w1,T5,PC,3,160,1,500,-2.060538244,1.859399408,14,70,14x5
T5_PC_pos+3_w1,T5,PC,3,160,1,505,-2.01480983,1.837619637,14,70,14x5
T5_PC_pos+3_w1,T5,PC,3,160,1,510,-1.952563711,1.867476026,14,70,14x5
T5_PC_pos+3_w1,T5,PC,3,160,1,515,-1.93383425,1.894083242,14,70,14x5
T5_PC_pos+3_w1,T5,PC,3,160,1,520,-1.974144908,1.839906807,14,70,14x5
T5_PC_pos+3_w1,T5,PC,3,160,1,525,-1.923192003,1.83100538,14,70,14x5
T5_PC_pos+3_w1,T5,PC,3,160,1,530,-1.910247297,1.748824143,14,70,14x5
T5_PC_pos+3_w1,T5,PC,3,160,1,535,-1.93753057,1.745511716,14,70,14x5
T5_PC_pos+3_w1,T5,PC,3,160,1,540,-1.940589352,1.670663125,14,70,14x5
T5_PC_pos+3_w1,T5,PC,3,160,1,545,-1.935315848,1.584876368,14,70,14x5
T5_PC_pos+3_w1,T5,PC,3,160,1,550,-1.933846634,1.512731384,14,70,14x5
T5_PC_pos+3_w1,T5,PC,3,160,1,555,-1.934238401,1.502772241,14,70,14x5
T5_PC_pos+3_w1,T5,PC,3,160,1,560,-1.988899661,1.40346381,14,70,14x5
T5_PC_pos+3_w1,T5,PC,3,160,1,565,-2.028669938,1.313911597,14,70,14x5
T5_PC_pos+3_w1,T5,PC,3,160,1,570,-2.030964199,1.317796543,14,70,14x5
T5_PC_pos+3_w1,T5,PC,3,160,1,575,-1.979546443,1.40670785,14,70,14x5
T5_PC_pos+3_w1,T5,PC,3,160,1,580,-1.927563013,1.440700294,14,70,14x5
T5_PC_pos+3_w1,T5,PC,3,160,1,585,-1.937608365,1.439899976,14,70,14x5
T5_PC_pos+3_w1,T5,PC,3,160,1,590,-1.97337463,1.3553707,14,70,14x5
T5_PC_pos+3_w1,T5,PC,3,160,1,595,-1.982835994,1.406150539,14,70,14x5
T5_PC_pos+3_w1,T5,PC,3,160,1,600,-2.009078625,1.376449163,14,70,14x5
T5_PC_pos+3_w1,T5,PC,3,160,1,605,-1.936174561,1.352926568,14,70,14x5
T5_PC_pos+3_w1,T5,PC,3,160,1,610,-1.856332593,1.367869813,14,70,14x5
T5_PC_pos+3_w1,T5,PC,3,160,1,615,-1.901065891,1.359003455,14,70,14x5
T5_PC_pos+3_w1,T5,PC,3,160,1,620,-1.955684067,1.260277629,14,70,14x5
T5_PC_pos+3_w1,T5,PC,3,160,1,625,-1.974826924,1.238440625,14,70,14x5
T5_PC_pos+3_w1,T5,PC,3,160,1,630,-1.924968211,1.245348953,14,70,14x5
T5_PC_pos+3_w1,T5,PC,3,160,1,635,-1.873981293,1.216778461,14,70,14x5
T5_PC_pos+3_w1,T5,PC,3,160,1,640,-1.886010598,1.173636704,14,70,14x5
T5_PC_pos+3_w1,T5,PC,3,160,1,645,-1.924515743,1.200963927,14,70,14x5
T5_PC_pos+3_w1,T5,PC,3,160,1,650,-1.928124674,1.128043557,14,70,14x5
T5_PC_pos+3_w1,T5,PC,3,160,1,655,-2.011044262,1.0789343,14,70,14x5
T5_PC_pos+3_w1,T5,PC,3,160,1,660,-2.052123104,1.053560495,14,70,14x5
T5_PC_pos+3_w1,T5,PC,3,160,1,665,-1.970103917,1.09457506,14,70,14x5
T5_PC_pos+3_w1,T5,PC,3,160,1,670,-1.859753664,1.136672688,14,70,14x5
T5_PC_pos+3_w1,T5,PC,3,160,1,675,-1.739572956,1.210717805,14,70,14x5
T5_PC_pos+3_w1,T5,PC,3,160,1,680,-1.6634601,1.314153242,14,70,14x5
T5_PC_pos+3_w1,T5,PC,3,160,1,685,-1.60503589,1.279736114,14,70,14x5
T5_PC_pos+3_w1,T5,PC,3,160,1,690,-1.576512255,1.261695361,14,70,14x5
T5_PC_pos+3_w1,T5,PC,3,160,1,695,-1.509450507,1.334957696,14,70,14x5
T5_PC_pos+3_w1,T5,PC,3,160,1,700,-1.496353873,1.391913715,14,70,14x5
T5_PC_pos+3_w1,T5,PC,3,160,1,705,-1.567492544,1.372145359,14,70,14x5
T5_PC_pos+3_w1,T5,PC,3,160,1,710,-1.623274159,1.307291056,14,70,14x5
T5_PC_pos+3_w1,T5,PC,3,160,1,715,-1.668948675,1.193218075,14,70,14x5
T5_PC_pos+3_w1,T5,PC,3,160,1,720,-1.59777634,1.141520492,14,70,14x5
T5_PC_pos+3_w1,T5,PC,3,160,1,725,-1.548966118,1.081947762,14,70,14x5
T5_PC_pos+3_w1,T5,PC,3,160,1,730,-1.512818726,1.068737025,14,70,14x5
T5_PC_pos+3_w1,T5,PC,3,160,1,735,-1.529391899,1.05769762,14,70,14x5
T5_PC_pos+3_w1,T5,PC,3,160,1,740,-1.392889718,1.201800548,14,70,14x5
T5_PC_pos+3_w1,T5,PC,3,160,1,745,-1.345571037,1.361503565,14,70,14x5
T5_PC_pos+3_w1,T5,PC,3,160,1,750,-1.29179291,1.4343522,14,70,14x5
T5_PC_pos+4_w1,T5,PC,4,160,1,-200,-0.1682249109,0.7333845307,14,70,14x5
T5_PC_pos+4_w1,T5,PC,4,160,1,-195,-0.1393292193,0.6929208663,14,70,14x5
T5_PC_pos+4_w1,T5,PC,4,160,1,-190,-0.06120903792,0.6630873371,14,70,14x5
T5_PC_pos+4_w1,T5,PC,4,160,1,-185,0.1085676933,0.8735400711,14,70,14x5
T5_PC_pos+4_w1,T5,PC,4,160,1,-180,0.159543971,0.9167623228,14,70,14x5
T5_PC_pos+4_w1,T5,PC,4,160,1,-175,0.2365265281,0.9320087843,14,70,14x5
T5_PC_pos+4_w1,T5,PC,4,160,1,-170,0.2259278886,1.013262031,14,70,14x5
T5_PC_pos+4_w1,T5,PC,4,160,1,-165,0.2534733273,1.020115441,14,70,14x5
T5_PC_pos+4_w1,T5,PC,4,160,1,-160,0.2155137948,0.8512588838,14,70,14x5
T5_PC_pos+4_w1,T5,PC,4,160,1,-155,0.2668357903,0.7525611172,14,70,14x5
T5_PC_pos+4_w1,T5,PC,4,160,1,-150,0.120698166,0.6558437136,14,70,14x5
T5_PC_pos+4_w1,T5,PC,4,160,1,-145,0.0686812464,0.5824764077,14,70,14x5
T5_PC_pos+4_w1,T5,PC,4,160,1,-140,0.06917784504,0.5434719564,14,70,14x5
T5_PC_pos+4_w1,T5,PC,4,160,1,-135,0.006868234014,0.5313341411,14,70,14x5
T5_PC_pos+4_w1,T5,PC,4,160,1,-130,-0.06088896117,0.523636043,14,70,14x5
T5_PC_pos+4_w1,T5,PC,4,160,1,-125,0.03345588446,0.636174522,14,70,14x5
T5_PC_pos+4_w1,T5,PC,4,160,1,-120,0.1316938053,0.7320517048,14,70,14x5
T5_PC_pos+4_w1,T5,PC,4,160,1,-115,0.1592598265,0.8083914556,14,70,14x5
T5_PC_pos+4_w1,T5,PC,4,160,1,-110,0.1460096957,0.8897302094,14,70,14x5
T5_PC_pos+4_w1,T5,PC,4,160,1,-105,0.1859912063,0.9660754385,14,70,14x5
T5_PC_pos+4_w1,T5,PC,4,160,1,-100,0.2003930901,0.9767764763,14,70,14x5
T5_PC_pos+4_w1,T5,PC,4,160,1,-95,0.179687177,0.9066786999,14,70,14x5
T5_PC_pos+4_w1,T5,PC,4,160,1,-90,0.1461051083,0.8667624175,14,70,14x5
T5_PC_pos+4_w1,T5,PC,4,160,1,-85,0.06310632925,0.8557758366,14,70,14x5
T5_PC_pos+4_w1,T5,PC,4,160,1,-80,-0.0292277018,0.8737528378,14,70,14x5
T5_PC_pos+4_w1,T5,PC,4,160,1,-75,-0.09708327479,0.8312856315,14,70,14x5
T5_PC_pos+4_w1,T5,PC,4,160,1,-70,-0.1249456505,0.9081029024,14,70,14x5
T5_PC_pos+4_w1,T5,PC,4,160,1,-65,-0.1812196781,1.025410207,14,70,14x5
T5_PC_pos+4_w1,T5,PC,4,160,1,-60,-0.0748764023,1.065477926,14,70,14x5
T5_PC_pos+4_w1,T5,PC,4,160,1,-55,0.03525546583,1.082633859,14,70,14x5
T5_PC_pos+4_w1,T5,PC,4,160,1,-50,0.1583175625,0.9691459699,14,70,14x5
T5_PC_pos+4_w1,T5,PC,4,160,1,-45,0.1668391044,0.8059135763,14,70,14x5
T5_PC_pos+4_w1,T5,PC,4,160,1,-40,0.1608148588,0.6208480678,14,70,14x5
T5_PC_pos+4_w1,T5,PC,4,160,1,-35,0.1232943634,0.6253934636,14,70,14x5
T5_PC_pos+4_w1,T5,PC,4,160,1,-30,0.01581730082,0.5399056466,14,70,14x5
T5_PC_pos+4_w1,T5,PC,4,160,1,-25,-0.06941032869,0.5123523019,14,70,14x5
T5_PC_pos+4_w1,T5,PC,4,160,1,-20,-0.06717153574,0.5500112531,14,70,14x5
T5_PC_pos+4_w1,T5,PC,4,160,1,-15,-0.103135429,0.6038249477,14,70,14x5
T5_PC_pos+4_w1,T5,PC,4,160,1,-10,-0.03115932573,0.5198440548,14,70,14x5
T5_PC_pos+4_w1,T5,PC,4,160,1,-5,-0.03184064441,0.5953270643,14,70,14x5
T5_PC_pos+4_w1,T5,PC,4,160,1,0,-0.08976162819,0.5798298705,14,70,14x5
T5_PC_pos+4_w1,T5,PC,4,160,1,5,-0.07805798263,0.5709847183,14,70,14x5
T5_PC_pos+4_w1,T5,PC,4,160,1,10,-0.05497861755,0.6364920047,14,70,14x5
T5_PC_pos+4_w1,T5,PC,4,160,1,15,-0.08047556504,0.6543390282,14,70,14x5
T5_PC_pos+4_w1,T5,PC,4,160,1,20,-0.1363665471,0.6947553618,14,70,14x5
T5_PC_pos+4_w1,T5,PC,4,160,1,25,-0.1211619422,0.8079131589,14,70,14x5
T5_PC_pos+4_w1,T5,PC,4,160,1,30,-0.06605309862,0.9751072821,14,70,14x5
T5_PC_pos+4_w1,T5,PC,4,160,1,35,-0.02921793379,1.004310774,14,70,14x5
T5_PC_pos+4_w1,T5,PC,4,160,1,40,0.1726948518,1.002755194,14,70,14x5
T5_PC_pos+4_w1,T5,PC,4,160,1,45,0.6601279584,1.215071306,14,70,14x5
T5_PC_pos+4_w1,T5,PC,4,160,1,50,1.277041442,1.560290384,14,70,14x5
T5_PC_pos+4_w1,T5,PC,4,160,1,55,1.706256164,1.692036898,14,70,14x5
T5_PC_pos+4_w1,T5,PC,4,160,1,60,2.086680374,1.906288822,14,70,14x5
T5_PC_pos+4_w1,T5,PC,4,160,1,65,2.574622289,2.159910897,14,70,14x5
T5_PC_pos+4_w1,T5,PC,4,160,1,70,2.849554437,2.314541615,14,70,14x5
T5_PC_pos+4_w1,T5,PC,4,160,1,75,3.214331517,2.736180345,14,70,14x5
T5_PC_pos+4_w1,T5,PC,4,160,1,80,3.504276572,2.75287618,14,70,14x5
T5_PC_pos+4_w1,T5,PC,4,160,1,85,3.7275199,2.833205623,14,70,14x5
T5_PC_pos+4_w1,T5,PC,4,160,1,90,3.909954751,2.890335707,14,70,14x5
T5_PC_pos+4_w1,T5,PC,4,160,1,95,4.107597521,2.97081763,14,70,14x5
T5_PC_pos+4_w1,T5,PC,4,160,1,100,4.047400765,2.84776388,14,70,14x5
T5_PC_pos+4_w1,T5,PC,4,160,1,105,4.074910795,2.958585119,14,70,14x5
T5_PC_pos+4_w1,T5,PC,4,160,1,110,4.316824976,3.219481399,14,70,14x5
T5_PC_pos+4_w1,T5,PC,4,160,1,115,4.372826546,3.457261494,14,70,14x5
T5_PC_pos+4_w1,T5,PC,4,160,1,120,4.271852884,3.524247649,14,70,14x5
T5_PC_pos+4_w1,T5,PC,4,160,1,125,4.304788695,3.549834863,14,70,14x5
T5_PC_pos+4_w1,T5,PC,4,160,1,130,4.297502631,3.36009795,14,70,14x5
T5_PC_pos+4_w1,T5,PC,4,160,1,135,4.269143831,3.301786142,14,70,14x5
T5_PC_pos+4_w1,T5,PC,4,160,1,140,4.155604672,3.152522377,14,70,14x5
T5_PC_pos+4_w1,T5,PC,4,160,1,145,4.100059757,3.123229375,14,70,14x5
T5_PC_pos+4_w1,T5,PC,4,160,1,150,4.143895968,3.235874105,14,70,14x5
T5_PC_pos+4_w1,T5,PC,4,160,1,155,4.095224069,3.280582021,14,70,14x5
T5_PC_pos+4_w1,T5,PC,4,160,1,160,4.070622464,3.395799346,14,70,14x5
T5_PC_pos+4_w1,T5,PC,4,160,1,165,3.894056791,3.399012011,14,70,14x5
T5_PC_pos+4_w1,T5,PC,4,160,1,170,3.809981613,3.357295745,14,70,14x5
T5_PC_pos+4_w1,T5,PC,4,160,1,175,3.922348262,3.371161218,14,70,14x5
T5_PC_pos+4_w1,T5,PC,4,160,1,180,3.88983579,3.411046218,14,70,14x5
T5_PC_pos+4_w1,T5,PC,4,160,1,185,3.610305701,3.373542844,14,70,14x5
T5_PC_pos+4_w1,T5,PC,4,160,1,190,3.224446465,3.234460543,14,70,14x5
T5_PC_pos+4_w1,T5,PC,4,160,1,195,2.87873218,3.135512776,14,70,14x5
T5_PC_pos+4_w1,T5,PC,4,160,1,200,2.560367449,2.984536928,14,70,14x5
T5_PC_pos+4_w1,T5,PC,4,160,1,205,2.166311283,2.829099403,14,70,14x5
T5_PC_pos+4_w1,T5,PC,4,160,1,210,1.83205871,2.692247282,14,70,14x5
T5_PC_pos+4_w1,T5,PC,4,160,1,215,1.409551297,2.65224072,14,70,14x5
T5_PC_pos+4_w1,T5,PC,4,160,1,220,1.215245,2.618198178,14,70,14x5
T5_PC_pos+4_w1,T5,PC,4,160,1,225,0.9636625825,2.556849797,14,70,14x5
T5_PC_pos+4_w1,T5,PC,4,160,1,230,0.6942394184,2.552935448,14,70,14x5
T5_PC_pos+4_w1,T5,PC,4,160,1,235,0.3646634547,2.464471967,14,70,14x5
T5_PC_pos+4_w1,T5,PC,4,160,1,240,0.1319732401,2.439214526,14,70,14x5
T5_PC_pos+4_w1,T5,PC,4,160,1,245,-0.11082826,2.452953829,14,70,14x5
T5_PC_pos+4_w1,T5,PC,4,160,1,250,-0.3823288705,2.407309313,14,70,14x5
T5_PC_pos+4_w1,T5,PC,4,160,1,255,-0.6073717799,2.330275581,14,70,14x5
T5_PC_pos+4_w1,T5,PC,4,160,1,260,-0.8250647853,2.299883274,14,70,14x5
T5_PC_pos+4_w1,T5,PC,4,160,1,265,-0.9770604246,2.215031121,14,70,14x5
T5_PC_pos+4_w1,T5,PC,4,160,1,270,-1.135916521,2.102419755,14,70,14x5
T5_PC_pos+4_w1,T5,PC,4,160,1,275,-1.316018387,1.984110501,14,70,14x5
T5_PC_pos+4_w1,T5,PC,4,160,1,280,-1.509983153,1.94435392,14,70,14x5
T5_PC_pos+4_w1,T5,PC,4,160,1,285,-1.693810468,1.899768096,14,70,14x5
T5_PC_pos+4_w1,T5,PC,4,160,1,290,-1.7798389,1.875586305,14,70,14x5
T5_PC_pos+4_w1,T5,PC,4,160,1,295,-1.822984723,1.918831976,14,70,14x5
T5_PC_pos+4_w1,T5,PC,4,160,1,300,-1.875351721,1.87654749,14,70,14x5
T5_PC_pos+4_w1,T5,PC,4,160,1,305,-1.965705637,1.90805386,14,70,14x5
T5_PC_pos+4_w1,T5,PC,4,160,1,310,-1.978989258,1.953354539,14,70,14x5
T5_PC_pos+4_w1,T5,PC,4,160,1,315,-1.96634893,1.946402347,14,70,14x5
T5_PC_pos+4_w1,T5,PC,4,160,1,320,-2.013717149,1.898446891,14,70,14x5
T5_PC_pos+4_w1,T5,PC,4,160,1,325,-2.084238516,1.909903247,14,70,14x5
T5_PC_pos+4_w1,T5,PC,4,160,1,330,-2.16866325,1.93531934,14,70,14x5
T5_PC_pos+4_w1,T5,PC,4,160,1,335,-2.252158279,1.913155929,14,70,14x5
T5_PC_pos+4_w1,T5,PC,4,160,1,340,-2.310364977,1.99121385,14,70,14x5
T5_PC_pos+4_w1,T5,PC,4,160,1,345,-2.391303753,1.989248235,14,70,14x5
T5_PC_pos+4_w1,T5,PC,4,160,1,350,-2.492310381,1.980101079,14,70,14x5
T5_PC_pos+4_w1,T5,PC,4,160,1,355,-2.443156884,2.01739689,14,70,14x5
T5_PC_pos+4_w1,T5,PC,4,160,1,360,-2.421934313,2.08137083,14,70,14x5
T5_PC_pos+4_w1,T5,PC,4,160,1,365,-2.354379629,2.052097795,14,70,14x5
T5_PC_pos+4_w1,T5,PC,4,160,1,370,-2.403149558,1.930638796,14,70,14x5
T5_PC_pos+4_w1,T5,PC,4,160,1,375,-2.446904834,1.856776066,14,70,14x5
T5_PC_pos+4_w1,T5,PC,4,160,1,380,-2.471267995,1.821269045,14,70,14x5
T5_PC_pos+4_w1,T5,PC,4,160,1,385,-2.50230166,1.71542294,14,70,14x5
T5_PC_pos+4_w1,T5,PC,4,160,1,390,-2.524141708,1.662798179,14,70,14x5
T5_PC_pos+4_w1,T5,PC,4,160,1,395,-2.530085891,1.632960292,14,70,14x5
T5_PC_pos+4_w1,T5,PC,4,160,1,400,-2.491041935,1.649935749,14,70,14x5
T5_PC_pos+4_w1,T5,PC,4,160,1,405,-2.39472151,1.642597086,14,70,14x5
T5_PC_pos+4_w1,T5,PC,4,160,1,410,-2.285140313,1.713569325,14,70,14x5
T5_PC_pos+4_w1,T5,PC,4,160,1,415,-2.187355384,1.717240679,14,70,14x5
T5_PC_pos+4_w1,T5,PC,4,160,1,420,-2.107542197,1.715151262,14,70,14x5
T5_PC_pos+4_w1,T5,PC,4,160,1,425,-1.975318405,1.646560971,14,70,14x5
T5_PC_pos+4_w1,T5,PC,4,160,1,430,-1.887013678,1.524548864,14,70,14x5
T5_PC_pos+4_w1,T5,PC,4,160,1,435,-1.815767908,1.414147614,14,70,14x5
T5_PC_pos+4_w1,T5,PC,4,160,1,440,-1.777308811,1.352557074,14,70,14x5
T5_PC_pos+4_w1,T5,PC,4,160,1,445,-1.780103334,1.358548039,14,70,14x5
T5_PC_pos+4_w1,T5,PC,4,160,1,450,-1.859471379,1.293882007,14,70,14x5
T5_PC_pos+4_w1,T5,PC,4,160,1,455,-1.916188804,1.284912259,14,70,14x5
T5_PC_pos+4_w1,T5,PC,4,160,1,460,-1.986526149,1.265466133,14,70,14x5
T5_PC_pos+4_w1,T5,PC,4,160,1,465,-2.042393758,1.358168885,14,70,14x5
T5_PC_pos+4_w1,T5,PC,4,160,1,470,-1.984891054,1.408104205,14,70,14x5
T5_PC_pos+4_w1,T5,PC,4,160,1,475,-1.922404049,1.538323498,14,70,14x5
T5_PC_pos+4_w1,T5,PC,4,160,1,480,-1.898733371,1.630286493,14,70,14x5
T5_PC_pos+4_w1,T5,PC,4,160,1,485,-1.895523882,1.581112753,14,70,14x5
T5_PC_pos+4_w1,T5,PC,4,160,1,490,-1.826568187,1.560995489,14,70,14x5
T5_PC_pos+4_w1,T5,PC,4,160,1,495,-1.771666913,1.628982719,14,70,14x5
T5_PC_pos+4_w1,T5,PC,4,160,1,500,-1.755450273,1.625068345,14,70,14x5
T5_PC_pos+4_w1,T5,PC,4,160,1,505,-1.763968326,1.610103697,14,70,14x5
T5_PC_pos+4_w1,T5,PC,4,160,1,510,-1.796714532,1.597695175,14,70,14x5
T5_PC_pos+4_w1,T5,PC,4,160,1,515,-1.865248808,1.59660191,14,70,14x5
T5_PC_pos+4_w1,T5,PC,4,160,1,520,-1.853430911,1.575774173,14,70,14x5
T5_PC_pos+4_w1,T5,PC,4,160,1,525,-1.928934138,1.578441808,14,70,14x5
T5_PC_pos+4_w1,T5,PC,4,160,1,530,-1.877013329,1.591835082,14,70,14x5
T5_PC_pos+4_w1,T5,PC,4,160,1,535,-1.84261441,1.613003929,14,70,14x5
T5_PC_pos+4_w1,T5,PC,4,160,1,540,-1.75943126,1.554296526,14,70,14x5
T5_PC_pos+4_w1,T5,PC,4,160,1,545,-1.662692031,1.532286521,14,70,14x5
T5_PC_pos+4_w1,T5,PC,4,160,1,550,-1.65425875,1.52764781,14,70,14x5
T5_PC_pos+4_w1,T5,PC,4,160,1,555,-1.724908846,1.588982966,14,70,14x5
T5_PC_pos+4_w1,T5,PC,4,160,1,560,-1.859999026,1.578081821,14,70,14x5
T5_PC_pos+4_w1,T5,PC,4,160,1,565,-1.89407246,1.578147354,14,70,14x5
T5_PC_pos+4_w1,T5,PC,4,160,1,570,-1.866157058,1.606720972,14,70,14x5
T5_PC_pos+4_w1,T5,PC,4,160,1,575,-1.910340208,1.611285431,14,70,14x5
T5_PC_pos+4_w1,T5,PC,4,160,1,580,-1.758766338,1.618823833,14,70,14x5
T5_PC_pos+4_w1,T5,PC,4,160,1,585,-1.583329568,1.655602154,14,70,14x5
T5_PC_pos+4_w1,T5,PC,4,160,1,590,-1.436528243,1.641280032,14,70,14x5
T5_PC_pos+4_w1,T5,PC,4,160,1,595,-1.326886345,1.726264757,14,70,14x5
T5_PC_pos+4_w1,T5,PC,4,160,1,600,-1.437367594,1.677621748,14,70,14x5
T5_PC_pos+4_w1,T5,PC,4,160,1,605,-1.546201014,1.572682274,14,70,14x5
T5_PC_pos+4_w1,T5,PC,4,160,1,610,-1.61417642,1.545594988,14,70,14x5
T5_PC_pos+4_w1,T5,PC,4,160,1,615,-1.649087984,1.554413784,14,70,14x5
T5_PC_pos+4_w1,T5,PC,4,160,1,620,-1.795720463,1.473496019,14,70,14x5
T5_PC_pos+4_w1,T5,PC,4,160,1,625,-1.835222295,1.386134382,14,70,14x5
T5_PC_pos+4_w1,T5,PC,4,160,1,630,-1.896090601,1.266106115,14,70,14x5
T5_PC_pos+4_w1,T5,PC,4,160,1,635,-1.836544988,1.202500088,14,70,14x5
T5_PC_pos+4_w1,T5,PC,4,160,1,640,-1.839875705,1.199404493,14,70,14x5
T5_PC_pos+4_w1,T5,PC,4,160,1,645,-1.734209561,1.28670349,14,70,14x5
T5_PC_pos+4_w1,T5,PC,4,160,1,650,-1.7156022,1.360719056,14,70,14x5
T5_PC_pos+4_w1,T5,PC,4,160,1,655,-1.69216107,1.339108857,14,70,14x5
T5_PC_pos+4_w1,T5,PC,4,160,1,660,-1.583084845,1.464758138,14,70,14x5
T5_PC_pos+4_w1,T5,PC,4,160,1,665,-1.440599235,1.578070699,14,70,14x5
T5_PC_pos+4_w1,T5,PC,4,160,1,670,-1.235968326,1.777904987,14,70,14x5
T5_PC_pos+4_w1,T5,PC,4,160,1,675,-1.068571501,1.956738836,14,70,14x5
T5_PC_pos+4_w1,T5,PC,4,160,1,680,-1.008814131,2.063046129,14,70,14x5
T5_PC_pos+4_w1,T5,PC,4,160,1,685,-0.888585804,2.092278056,14,70,14x5
T5_PC_pos+4_w1,T5,PC,4,160,1,690,-0.8478788443,2.06798524,14,70,14x5
T5_PC_pos+4_w1,T5,PC,4,160,1,695,-0.8208069797,2.009559449,14,70,14x5
T5_PC_pos+4_w1,T5,PC,4,160,1,700,-0.7835165558,1.977043508,14,70,14x5
T5_PC_pos+4_w1,T5,PC,4,160,1,705,-0.7303211956,2.110038838,14,70,14x5
T5_PC_pos+4_w1,T5,PC,4,160,1,710,-0.7134642272,2.245197589,14,70,14x5
T5_PC_pos+4_w1,T5,PC,4,160,1,715,-0.7261155441,2.327312018,14,70,14x5
T5_PC_pos+4_w1,T5,PC,4,160,1,720,-0.7149473948,2.291813105,14,70,14x5
T5_PC_pos+4_w1,T5,PC,4,160,1,725,-0.6743782338,2.369187557,14,70,14x5
T5_PC_pos+4_w1,T5,PC,4,160,1,730,-0.6929784431,2.594309866,14,70,14x5
T5_PC_pos+4_w1,T5,PC,4,160,1,735,-0.8683077646,2.26940176,14,70,14x5
T5_PC_pos+4_w1,T5,PC,4,160,1,740,-0.86528474,2.31300292,14,70,14x5
T5_PC_pos+4_w1,T5,PC,4,160,1,745,-0.8826519125,2.22490401,14,70,14x5
T5_PC_pos+4_w1,T5,PC,4,160,1,750,-0.932977571,2.026301952,14,70,14x5
T5_NC_pos-4_w1,T5,NC,-4,160,1,-200,-0.9015873266,0.4981803154,4,20,4x5
T5_NC_pos-4_w1,T5,NC,-4,160,1,-195,-0.9376557027,0.4797969258,4,20,4x5
T5_NC_pos-4_w1,T5,NC,-4,160,1,-190,-0.4961489872,0.4635459722,4,20,4x5
T5_NC_pos-4_w1,T5,NC,-4,160,1,-185,-0.2700873266,0.7694780611,4,20,4x5
T5_NC_pos-4_w1,T5,NC,-4,160,1,-180,0.1058381923,0.9906368061,4,20,4x5
T5_NC_pos-4_w1,T5,NC,-4,160,1,-175,0.3056147491,1.312709249,4,20,4x5
T5_NC_pos-4_w1,T5,NC,-4,160,1,-170,0.1908033938,0.8377758182,4,20,4x5
T5_NC_pos-4_w1,T5,NC,-4,160,1,-165,0.1192185342,0.8529081557,4,20,4x5
T5_NC_pos-4_w1,T5,NC,-4,160,1,-160,0.1357789738,0.8491353435,4,20,4x5
T5_NC_pos-4_w1,T5,NC,-4,160,1,-155,0.09361474909,0.8951079345,4,20,4x5
T5_NC_pos-4_w1,T5,NC,-4,160,1,-150,-0.01110319963,0.8461733693,4,20,4x5
T5_NC_pos-4_w1,T5,NC,-4,160,1,-145,-0.01684190537,0.7431911494,4,20,4x5
T5_NC_pos-4_w1,T5,NC,-4,160,1,-140,-0.1202790238,0.5554535195,4,20,4x5
T5_NC_pos-4_w1,T5,NC,-4,160,1,-135,-0.1798547259,0.6060523,4,20,4x5
T5_NC_pos-4_w1,T5,NC,-4,160,1,-130,-0.0984786575,0.4866686996,4,20,4x5
T5_NC_pos-4_w1,T5,NC,-4,160,1,-125,-0.1739011239,0.5536161854,4,20,4x5
T5_NC_pos-4_w1,T5,NC,-4,160,1,-120,-0.1287045427,0.6322638894,4,20,4x5
T5_NC_pos-4_w1,T5,NC,-4,160,1,-115,0.09529301527,0.6627433012,4,20,4x5
T5_NC_pos-4_w1,T5,NC,-4,160,1,-110,0.2043058358,0.685824867,4,20,4x5
T5_NC_pos-4_w1,T5,NC,-4,160,1,-105,0.3041226856,0.8807477072,4,20,4x5
T5_NC_pos-4_w1,T5,NC,-4,160,1,-100,0.4890176795,0.9507697656,4,20,4x5
T5_NC_pos-4_w1,T5,NC,-4,160,1,-95,0.5466568736,0.9925175727,4,20,4x5
T5_NC_pos-4_w1,T5,NC,-4,160,1,-90,0.4771648101,0.9567865874,4,20,4x5
T5_NC_pos-4_w1,T5,NC,-4,160,1,-85,0.8103754329,0.9354840763,4,20,4x5
T5_NC_pos-4_w1,T5,NC,-4,160,1,-80,1.165098266,1.349681316,4,20,4x5
T5_NC_pos-4_w1,T5,NC,-4,160,1,-75,1.261330866,1.395156994,4,20,4x5
T5_NC_pos-4_w1,T5,NC,-4,160,1,-70,1.213261269,1.621041462,4,20,4x5
T5_NC_pos-4_w1,T5,NC,-4,160,1,-65,1.102063467,2.149733008,4,20,4x5
T5_NC_pos-4_w1,T5,NC,-4,160,1,-60,0.9376574841,2.089405026,4,20,4x5
T5_NC_pos-4_w1,T5,NC,-4,160,1,-55,0.6653027833,2.023191129,4,20,4x5
T5_NC_pos-4_w1,T5,NC,-4,160,1,-50,0.5357875208,1.762345824,4,20,4x5
T5_NC_pos-4_w1,T5,NC,-4,160,1,-45,0.5471324536,1.712862583,4,20,4x5
T5_NC_pos-4_w1,T5,NC,-4,160,1,-40,0.4882093767,1.362880476,4,20,4x5
T5_NC_pos-4_w1,T5,NC,-4,160,1,-35,0.5772618797,1.208554216,4,20,4x5
T5_NC_pos-4_w1,T5,NC,-4,160,1,-30,0.6133107198,1.088390514,4,20,4x5
T5_NC_pos-4_w1,T5,NC,-4,160,1,-25,0.8309444194,0.9852031452,4,20,4x5
T5_NC_pos-4_w1,T5,NC,-4,160,1,-20,0.7102911838,0.6760122056,4,20,4x5
T5_NC_pos-4_w1,T5,NC,-4,160,1,-15,0.7772179237,0.6533982723,4,20,4x5
T5_NC_pos-4_w1,T5,NC,-4,160,1,-10,0.7850604145,0.8184503812,4,20,4x5
T5_NC_pos-4_w1,T5,NC,-4,160,1,-5,0.6061696941,0.7105354112,4,20,4x5
T5_NC_pos-4_w1,T5,NC,-4,160,1,0,0.6425854451,0.6342396202,4,20,4x5
T5_NC_pos-4_w1,T5,NC,-4,160,1,5,0.4728406343,0.5908199505,4,20,4x5
T5_NC_pos-4_w1,T5,NC,-4,160,1,10,0.3818491813,0.5424407547,4,20,4x5
T5_NC_pos-4_w1,T5,NC,-4,160,1,15,0.5141068126,0.4031805798,4,20,4x5
T5_NC_pos-4_w1,T5,NC,-4,160,1,20,0.5948858114,0.3118125926,4,20,4x5
T5_NC_pos-4_w1,T5,NC,-4,160,1,25,0.3194401459,0.06393031933,4,20,4x5
T5_NC_pos-4_w1,T5,NC,-4,160,1,30,0.30498166,0.2984833917,4,20,4x5
T5_NC_pos-4_w1,T5,NC,-4,160,1,35,0.2243198773,0.6406845846,4,20,4x5
T5_NC_pos-4_w1,T5,NC,-4,160,1,40,-0.1266746282,0.8480973354,4,20,4x5
T5_NC_pos-4_w1,T5,NC,-4,160,1,45,-0.5416642497,1.046484675,4,20,4x5
T5_NC_pos-4_w1,T5,NC,-4,160,1,50,-0.8929310385,1.277291127,4,20,4x5
T5_NC_pos-4_w1,T5,NC,-4,160,1,55,-1.051004909,1.433941319,4,20,4x5
T5_NC_pos-4_w1,T5,NC,-4,160,1,60,-1.094573285,1.368171534,4,20,4x5
T5_NC_pos-4_w1,T5,NC,-4,160,1,65,-1.217097095,1.344146361,4,20,4x5
T5_NC_pos-4_w1,T5,NC,-4,160,1,70,-1.177125178,1.510932466,4,20,4x5
T5_NC_pos-4_w1,T5,NC,-4,160,1,75,-1.3175916,1.318882385,4,20,4x5
T5_NC_pos-4_w1,T5,NC,-4,160,1,80,-0.8383644939,0.9014605151,4,20,4x5
T5_NC_pos-4_w1,T5,NC,-4,160,1,85,-0.1205580226,0.6211603816,4,20,4x5
T5_NC_pos-4_w1,T5,NC,-4,160,1,90,0.5431989982,0.4574313481,4,20,4x5
T5_NC_pos-4_w1,T5,NC,-4,160,1,95,0.7029609029,0.4297855188,4,20,4x5
T5_NC_pos-4_w1,T5,NC,-4,160,1,100,1.211158705,0.9109569078,4,20,4x5
T5_NC_pos-4_w1,T5,NC,-4,160,1,105,1.552394358,1.407822087,4,20,4x5
T5_NC_pos-4_w1,T5,NC,-4,160,1,110,1.682393748,1.361665924,4,20,4x5
T5_NC_pos-4_w1,T5,NC,-4,160,1,115,1.70873807,0.8169097486,4,20,4x5
T5_NC_pos-4_w1,T5,NC,-4,160,1,120,1.782621465,0.6687603239,4,20,4x5
T5_NC_pos-4_w1,T5,NC,-4,160,1,125,1.933205103,0.8573528164,4,20,4x5
T5_NC_pos-4_w1,T5,NC,-4,160,1,130,2.143012795,1.14851371,4,20,4x5
T5_NC_pos-4_w1,T5,NC,-4,160,1,135,2.290242344,0.9318453752,4,20,4x5
T5_NC_pos-4_w1,T5,NC,-4,160,1,140,2.296709377,0.797762979,4,20,4x5
T5_NC_pos-4_w1,T5,NC,-4,160,1,145,2.137971281,0.9205428197,4,20,4x5
T5_NC_pos-4_w1,T5,NC,-4,160,1,150,2.147368107,1.010425235,4,20,4x5
T5_NC_pos-4_w1,T5,NC,-4,160,1,155,2.22389619,1.124261605,4,20,4x5
T5_NC_pos-4_w1,T5,NC,-4,160,1,160,2.16949448,1.050559132,4,20,4x5
T5_NC_pos-4_w1,T5,NC,-4,160,1,165,2.360579951,0.8534633914,4,20,4x5
T5_NC_pos-4_w1,T5,NC,-4,160,1,170,2.711717313,1.079536996,4,20,4x5
T5_NC_pos-4_w1,T5,NC,-4,160,1,175,2.722258217,1.187513183,4,20,4x5
T5_NC_pos-4_w1,T5,NC,-4,160,1,180,2.85911536,0.7515064533,4,20,4x5
T5_NC_pos-4_w1,T5,NC,-4,160,1,185,3.00670144,0.8632855898,4,20,4x5
T5_NC_pos-4_w1,T5,NC,-4,160,1,190,3.041039047,1.16277322,4,20,4x5
T5_NC_pos-4_w1,T5,NC,-4,160,1,195,2.892714261,1.317248392,4,20,4x5
T5_NC_pos-4_w1,T5,NC,-4,160,1,200,3.214514627,1.547727594,4,20,4x5
T5_NC_pos-4_w1,T5,NC,-4,160,1,205,3.575863223,1.60002468,4,20,4x5
T5_NC_pos-4_w1,T5,NC,-4,160,1,210,3.589487765,2.033237496,4,20,4x5
T5_NC_pos-4_w1,T5,NC,-4,160,1,215,3.903215482,2.313831787,4,20,4x5
T5_NC_pos-4_w1,T5,NC,-4,160,1,220,4.474039658,2.685371588,4,20,4x5
T5_NC_pos-4_w1,T5,NC,-4,160,1,225,4.805153211,2.822764414,4,20,4x5
T5_NC_pos-4_w1,T5,NC,-4,160,1,230,5.125110476,3.478156145,4,20,4x5
T5_NC_pos-4_w1,T5,NC,-4,160,1,235,5.216712429,3.335801576,4,20,4x5
T5_NC_pos-4_w1,T5,NC,-4,160,1,240,4.857708156,3.072086652,4,20,4x5
T5_NC_pos-4_w1,T5,NC,-4,160,1,245,5.279168473,2.372145081,4,20,4x5
T5_NC_pos-4_w1,T5,NC,-4,160,1,250,5.408207545,2.051053796,4,20,4x5
T5_NC_pos-4_w1,T5,NC,-4,160,1,255,5.509159926,1.391737796,4,20,4x5
T5_NC_pos-4_w1,T5,NC,-4,160,1,260,5.468349181,1.266879876,4,20,4x5
T5_NC_pos-4_w1,T5,NC,-4,160,1,265,5.735377264,1.309134158,4,20,4x5
T5_NC_pos-4_w1,T5,NC,-4,160,1,270,5.755979218,1.525870342,4,20,4x5
T5_NC_pos-4_w1,T5,NC,-4,160,1,275,5.751034774,1.739888446,4,20,4x5
T5_NC_pos-4_w1,T5,NC,-4,160,1,280,5.340452356,1.910539972,4,20,4x5
T5_NC_pos-4_w1,T5,NC,-4,160,1,285,5.252525006,1.599185469,4,20,4x5
T5_NC_pos-4_w1,T5,NC,-4,160,1,290,5.213003027,1.636845939,4,20,4x5
T5_NC_pos-4_w1,T5,NC,-4,160,1,295,5.022208766,1.634714945,4,20,4x5
T5_NC_pos-4_w1,T5,NC,-4,160,1,300,4.948145274,1.721977382,4,20,4x5
T5_NC_pos-4_w1,T5,NC,-4,160,1,305,5.057101318,1.938416204,4,20,4x5
T5_NC_pos-4_w1,T5,NC,-4,160,1,310,5.154296068,2.042083036,4,20,4x5
T5_NC_pos-4_w1,T5,NC,-4,160,1,315,4.85363978,1.98574724,4,20,4x5
T5_NC_pos-4_w1,T5,NC,-4,160,1,320,4.536991428,2.371005019,4,20,4x5
T5_NC_pos-4_w1,T5,NC,-4,160,1,325,4.192894358,2.365393317,4,20,4x5
T5_NC_pos-4_w1,T5,NC,-4,160,1,330,4.142292405,2.100683758,4,20,4x5
T5_NC_pos-4_w1,T5,NC,-4,160,1,335,4.107776532,2.353073739,4,20,4x5
T5_NC_pos-4_w1,T5,NC,-4,160,1,340,4.046739902,2.154567479,4,20,4x5
T5_NC_pos-4_w1,T5,NC,-4,160,1,345,3.785005469,2.046751056,4,20,4x5
T5_NC_pos-4_w1,T5,NC,-4,160,1,350,3.8127863,2.180984372,4,20,4x5
T5_NC_pos-4_w1,T5,NC,-4,160,1,355,3.720150158,2.090530161,4,20,4x5
T5_NC_pos-4_w1,T5,NC,-4,160,1,360,3.842190451,1.997092172,4,20,4x5
T5_NC_pos-4_w1,T5,NC,-4,160,1,365,3.828716703,1.799942927,4,20,4x5
T5_NC_pos-4_w1,T5,NC,-4,160,1,370,3.618850402,1.738456523,4,20,4x5
T5_NC_pos-4_w1,T5,NC,-4,160,1,375,3.477295457,2.251598218,4,20,4x5
T5_NC_pos-4_w1,T5,NC,-4,160,1,380,3.517661147,2.731231556,4,20,4x5
T5_NC_pos-4_w1,T5,NC,-4,160,1,385,3.342520732,3.083556153,4,20,4x5
T5_NC_pos-4_w1,T5,NC,-4,160,1,390,3.280633064,3.132027602,4,20,4x5
T5_NC_pos-4_w1,T5,NC,-4,160,1,395,3.239308278,3.368594851,4,20,4x5
T5_NC_pos-4_w1,T5,NC,-4,160,1,400,3.182952356,3.438776631,4,20,4x5
T5_NC_pos-4_w1,T5,NC,-4,160,1,405,3.006383369,3.295793246,4,20,4x5
T5_NC_pos-4_w1,T5,NC,-4,160,1,410,2.964645274,2.906843527,4,20,4x5
T5_NC_pos-4_w1,T5,NC,-4,160,1,415,2.889499975,2.489844407,4,20,4x5
T5_NC_pos-4_w1,T5,NC,-4,160,1,420,2.578010964,2.555782501,4,20,4x5
T5_NC_pos-4_w1,T5,NC,-4,160,1,425,2.445874212,2.457698453,4,20,4x5
T5_NC_pos-4_w1,T5,NC,-4,160,1,430,2.334947472,2.066381752,4,20,4x5
T5_NC_pos-4_w1,T5,NC,-4,160,1,435,2.403036605,1.964609236,4,20,4x5
T5_NC_pos-4_w1,T5,NC,-4,160,1,440,2.216531721,2.108191697,4,20,4x5
T5_NC_pos-4_w1,T5,NC,-4,160,1,445,2.030376043,2.016892513,4,20,4x5
T5_NC_pos-4_w1,T5,NC,-4,160,1,450,1.916648937,2.019142913,4,20,4x5
T5_NC_pos-4_w1,T5,NC,-4,160,1,455,1.670549426,2.044132689,4,20,4x5
T5_NC_pos-4_w1,T5,NC,-4,160,1,460,1.361159926,1.994356727,4,20,4x5
T5_NC_pos-4_w1,T5,NC,-4,160,1,465,1.386104371,1.652645569,4,20,4x5
T5_NC_pos-4_w1,T5,NC,-4,160,1,470,1.660753333,1.400316541,4,20,4x5
T5_NC_pos-4_w1,T5,NC,-4,160,1,475,1.801446251,1.393959345,4,20,4x5
T5_NC_pos-4_w1,T5,NC,-4,160,1,480,1.484465176,1.135577172,4,20,4x5
T5_NC_pos-4_w1,T5,NC,-4,160,1,485,1.119071404,1.046254595,4,20,4x5
T5_NC_pos-4_w1,T5,NC,-4,160,1,490,0.8528760434,1.21211783,4,20,4x5
T5_NC_pos-4_w1,T5,NC,-4,160,1,495,0.8328986319,1.374080087,4,20,4x5
T5_NC_pos-4_w1,T5,NC,-4,160,1,500,0.9699022949,1.450068025,4,20,4x5
T5_NC_pos-4_w1,T5,NC,-4,160,1,505,1.147610476,1.676847841,4,20,4x5
T5_NC_pos-4_w1,T5,NC,-4,160,1,510,1.180081782,2.104322864,4,20,4x5
T5_NC_pos-4_w1,T5,NC,-4,160,1,515,1.563441367,2.299723352,4,20,4x5
T5_NC_pos-4_w1,T5,NC,-4,160,1,520,1.623477997,2.639427526,4,20,4x5
T5_NC_pos-4_w1,T5,NC,-4,160,1,525,1.723684346,3.109701474,4,20,4x5
T5_NC_pos-4_w1,T5,NC,-4,160,1,530,1.87114039,3.016995946,4,20,4x5
T5_NC_pos-4_w1,T5,NC,-4,160,1,535,2.011382759,2.79547455,4,20,4x5
T5_NC_pos-4_w1,T5,NC,-4,160,1,540,1.945045763,2.290080634,4,20,4x5
T5_NC_pos-4_w1,T5,NC,-4,160,1,545,1.862509743,1.86356568,4,20,4x5
T5_NC_pos-4_w1,T5,NC,-4,160,1,550,1.939341245,1.731706512,4,20,4x5
T5_NC_pos-4_w1,T5,NC,-4,160,1,555,1.794149548,1.694239464,4,20,4x5
T5_NC_pos-4_w1,T5,NC,-4,160,1,560,1.691346129,1.81417798,4,20,4x5
T5_NC_pos-4_w1,T5,NC,-4,160,1,565,1.656580561,2.159877175,4,20,4x5
T5_NC_pos-4_w1,T5,NC,-4,160,1,570,1.59034796,2.160710893,4,20,4x5
T5_NC_pos-4_w1,T5,NC,-4,160,1,575,1.410068962,2.107013552,4,20,4x5
T5_NC_pos-4_w1,T5,NC,-4,160,1,580,1.271051868,1.976234239,4,20,4x5
T5_NC_pos-4_w1,T5,NC,-4,160,1,585,1.053374212,2.124718897,4,20,4x5
T5_NC_pos-4_w1,T5,NC,-4,160,1,590,0.8542832473,2.126938463,4,20,4x5
T5_NC_pos-4_w1,T5,NC,-4,160,1,595,0.6176281801,2.26409055,4,20,4x5
T5_NC_pos-4_w1,T5,NC,-4,160,1,600,0.3444908175,2.507631811,4,20,4x5
T5_NC_pos-4_w1,T5,NC,-4,160,1,605,0.2931440531,2.049007333,4,20,4x5
T5_NC_pos-4_w1,T5,NC,-4,160,1,610,0.1882002192,1.517152623,4,20,4x5
T5_NC_pos-4_w1,T5,NC,-4,160,1,615,0.3206599261,0.9925969765,4,20,4x5
T5_NC_pos-4_w1,T5,NC,-4,160,1,620,0.5621800727,0.7171770885,4,20,4x5
T5_NC_pos-4_w1,T5,NC,-4,160,1,625,0.6859462509,1.07606096,4,20,4x5
T5_NC_pos-4_w1,T5,NC,-4,160,1,630,0.9614663974,1.377774646,4,20,4x5
T5_NC_pos-4_w1,T5,NC,-4,160,1,635,1.163365054,2.237060763,4,20,4x5
T5_NC_pos-4_w1,T5,NC,-4,160,1,640,1.179122075,2.536033192,4,20,4x5
T5_NC_pos-4_w1,T5,NC,-4,160,1,645,1.387130622,2.784940381,4,20,4x5
T5_NC_pos-4_w1,T5,NC,-4,160,1,650,1.37092122,2.925131449,4,20,4x5
T5_NC_pos-4_w1,T5,NC,-4,160,1,655,1.133730134,2.87681512,4,20,4x5
T5_NC_pos-4_w1,T5,NC,-4,160,1,660,0.9588674963,2.882662486,4,20,4x5
T5_NC_pos-4_w1,T5,NC,-4,160,1,665,0.8538149933,2.882213422,4,20,4x5
T5_NC_pos-4_w1,T5,NC,-4,160,1,670,0.8173021728,2.66711911,4,20,4x5
T5_NC_pos-4_w1,T5,NC,-4,160,1,675,0.9087307442,2.122979902,4,20,4x5
T5_NC_pos-4_w1,T5,NC,-4,160,1,680,0.9435823926,1.940426246,4,20,4x5
T5_NC_pos-4_w1,T5,NC,-4,160,1,685,0.9077905733,1.845379864,4,20,4x5
T5_NC_pos-4_w1,T5,NC,-4,160,1,690,1.081964566,1.820286901,4,20,4x5
T5_NC_pos-4_w1,T5,NC,-4,160,1,695,1.184481049,1.547431582,4,20,4x5
T5_NC_pos-4_w1,T5,NC,-4,160,1,700,1.410206324,1.376949054,4,20,4x5
T5_NC_pos-4_w1,T5,NC,-4,160,1,705,1.424656263,1.603322599,4,20,4x5
T5_NC_pos-4_w1,T5,NC,-4,160,1,710,1.186467618,1.645160662,4,20,4x5
T5_NC_pos-4_w1,T5,NC,-4,160,1,715,0.7858461288,1.704930637,4,20,4x5
T5_NC_pos-4_w1,T5,NC,-4,160,1,720,0.4674657869,1.988940917,4,20,4x5
T5_NC_pos-4_w1,T5,NC,-4,160,1,725,0.3029071789,2.342855649,4,20,4x5
T5_NC_pos-4_w1,T5,NC,-4,160,1,730,0.1253082778,2.344356779,4,20,4x5
T5_NC_pos-4_w1,T5,NC,-4,160,1,735,-0.1038565574,2.382205593,4,20,4x5
T5_NC_pos-4_w1,T5,NC,-4,160,1,740,-0.107490257,1.979365223,4,20,4x5
T5_NC_pos-4_w1,T5,NC,-4,160,1,745,-0.2173767039,1.638683082,4,20,4x5
T5_NC_pos-4_w1,T5,NC,-4,160,1,750,-0.3119188284,1.738409545,4,20,4x5
T5_NC_pos-3_w1,T5,NC,-3,160,1,-200,0.0350092776,0.9012381479,5,25,5x5
T5_NC_pos-3_w1,T5,NC,-3,160,1,-195,0.1377931604,0.5582605876,5,25,5x5
T5_NC_pos-3_w1,T5,NC,-3,160,1,-190,0.2580671531,0.3566042335,5,25,5x5
T5_NC_pos-3_w1,T5,NC,-3,160,1,-185,0.366187788,0.9049452375,5,25,5x5
T5_NC_pos-3_w1,T5,NC,-3,160,1,-180,0.590442733,1.144536793,5,25,5x5
T5_NC_pos-3_w1,T5,NC,-3,160,1,-175,0.6946732581,1.291273763,5,25,5x5
T5_NC_pos-3_w1,T5,NC,-3,160,1,-170,0.9647084229,1.40541415,5,25,5x5
T5_NC_pos-3_w1,T5,NC,-3,160,1,-165,0.96937802,1.158250105,5,25,5x5
T5_NC_pos-3_w1,T5,NC,-3,160,1,-160,0.9985936488,1.126565655,5,25,5x5
T5_NC_pos-3_w1,T5,NC,-3,160,1,-155,0.9999035389,0.9291872637,5,25,5x5
T5_NC_pos-3_w1,T5,NC,-3,160,1,-150,0.9297140395,0.9059258331,5,25,5x5
T5_NC_pos-3_w1,T5,NC,-3,160,1,-145,0.6944993875,0.7393587414,5,25,5x5
T5_NC_pos-3_w1,T5,NC,-3,160,1,-140,0.4631118417,0.7215569062,5,25,5x5
T5_NC_pos-3_w1,T5,NC,-3,160,1,-135,0.0638175804,0.7103853304,5,25,5x5
T5_NC_pos-3_w1,T5,NC,-3,160,1,-130,-0.1114297944,0.6237485984,5,25,5x5
T5_NC_pos-3_w1,T5,NC,-3,160,1,-125,-0.1798708201,0.7708218049,5,25,5x5
T5_NC_pos-3_w1,T5,NC,-3,160,1,-120,-0.3111924318,0.8027969763,5,25,5x5
T5_NC_pos-3_w1,T5,NC,-3,160,1,-115,-0.5442962169,0.8053190378,5,25,5x5
T5_NC_pos-3_w1,T5,NC,-3,160,1,-110,-0.6959470106,0.7176955828,5,25,5x5
T5_NC_pos-3_w1,T5,NC,-3,160,1,-105,-0.8552989031,0.6696810087,5,25,5x5
T5_NC_pos-3_w1,T5,NC,-3,160,1,-100,-0.9008827859,0.5160956932,5,25,5x5
T5_NC_pos-3_w1,T5,NC,-3,160,1,-95,-0.8489819312,0.3937794093,5,25,5x5
T5_NC_pos-3_w1,T5,NC,-3,160,1,-90,-0.9258551913,0.4194689729,5,25,5x5
T5_NC_pos-3_w1,T5,NC,-3,160,1,-85,-0.9389169739,0.4070046036,5,25,5x5
T5_NC_pos-3_w1,T5,NC,-3,160,1,-80,-0.8811196601,0.5101021458,5,25,5x5
T5_NC_pos-3_w1,T5,NC,-3,160,1,-75,-0.8830952401,0.5841749567,5,25,5x5
T5_NC_pos-3_w1,T5,NC,-3,160,1,-70,-0.7881306491,0.7015548565,5,25,5x5
T5_NC_pos-3_w1,T5,NC,-3,160,1,-65,-0.7435470106,0.6855879627,5,25,5x5
T5_NC_pos-3_w1,T5,NC,-3,160,1,-60,-0.7422449349,0.8346602875,5,25,5x5
T5_NC_pos-3_w1,T5,NC,-3,160,1,-55,-0.860965814,0.8357257625,5,25,5x5
T5_NC_pos-3_w1,T5,NC,-3,160,1,-50,-0.6724622731,0.9193878381,5,25,5x5
T5_NC_pos-3_w1,T5,NC,-3,160,1,-45,-0.3577047639,1.273987449,5,25,5x5
T5_NC_pos-3_w1,T5,NC,-3,160,1,-40,-0.3758610521,1.428230051,5,25,5x5
T5_NC_pos-3_w1,T5,NC,-3,160,1,-35,-0.3645667908,1.635502086,5,25,5x5
T5_NC_pos-3_w1,T5,NC,-3,160,1,-30,-0.4662356552,1.454577382,5,25,5x5
T5_NC_pos-3_w1,T5,NC,-3,160,1,-25,-0.5031103805,1.315805928,5,25,5x5
T5_NC_pos-3_w1,T5,NC,-3,160,1,-20,-0.2127343121,1.674253696,5,25,5x5
T5_NC_pos-3_w1,T5,NC,-3,160,1,-15,-0.03160317662,2.177043308,5,25,5x5
T5_NC_pos-3_w1,T5,NC,-3,160,1,-10,0.199380462,2.445366202,5,25,5x5
T5_NC_pos-3_w1,T5,NC,-3,160,1,-5,0.2595548209,2.571888613,5,25,5x5
T5_NC_pos-3_w1,T5,NC,-3,160,1,0,0.374393893,2.751379386,5,25,5x5
T5_NC_pos-3_w1,T5,NC,-3,160,1,5,0.316256164,2.748871227,5,25,5x5
T5_NC_pos-3_w1,T5,NC,-3,160,1,10,0.2338380932,2.639767325,5,25,5x5
T5_NC_pos-3_w1,T5,NC,-3,160,1,15,0.2373267379,2.543579964,5,25,5x5
T5_NC_pos-3_w1,T5,NC,-3,160,1,20,0.2359636121,2.346110836,5,25,5x5
T5_NC_pos-3_w1,T5,NC,-3,160,1,25,0.1832583618,2.112428515,5,25,5x5
T5_NC_pos-3_w1,T5,NC,-3,160,1,30,0.05216971716,1.740365418,5,25,5x5
T5_NC_pos-3_w1,T5,NC,-3,160,1,35,-0.005337486752,1.751533932,5,25,5x5
T5_NC_pos-3_w1,T5,NC,-3,160,1,40,-0.003212456227,1.909671957,5,25,5x5
T5_NC_pos-3_w1,T5,NC,-3,160,1,45,-0.05340732802,1.923333778,5,25,5x5
T5_NC_pos-3_w1,T5,NC,-3,160,1,50,-0.1168862047,1.977290485,5,25,5x5
T5_NC_pos-3_w1,T5,NC,-3,160,1,55,-0.1267069617,2.085062744,5,25,5x5
T5_NC_pos-3_w1,T5,NC,-3,160,1,60,-0.1056393183,2.019407703,5,25,5x5
T5_NC_pos-3_w1,T5,NC,-3,160,1,65,-0.2860090374,1.700225874,5,25,5x5
T5_NC_pos-3_w1,T5,NC,-3,160,1,70,-0.499937731,1.493154444,5,25,5x5
T5_NC_pos-3_w1,T5,NC,-3,160,1,75,-0.5690493305,1.598118963,5,25,5x5
T5_NC_pos-3_w1,T5,NC,-3,160,1,80,-0.5487142877,1.535094312,5,25,5x5
T5_NC_pos-3_w1,T5,NC,-3,160,1,85,-0.4997697212,1.317153871,5,25,5x5
T5_NC_pos-3_w1,T5,NC,-3,160,1,90,-0.477751162,1.400639481,5,25,5x5
T5_NC_pos-3_w1,T5,NC,-3,160,1,95,-0.4376456675,1.342087574,5,25,5x5
T5_NC_pos-3_w1,T5,NC,-3,160,1,100,-0.4130547029,1.247155464,5,25,5x5
T5_NC_pos-3_w1,T5,NC,-3,160,1,105,-0.2191909666,1.118934732,5,25,5x5
T5_NC_pos-3_w1,T5,NC,-3,160,1,110,-0.1203562902,0.9300800325,5,25,5x5
T5_NC_pos-3_w1,T5,NC,-3,160,1,115,-0.179351162,0.6578880081,5,25,5x5
T5_NC_pos-3_w1,T5,NC,-3,160,1,120,-0.002523323138,0.8997955675,5,25,5x5
T5_NC_pos-3_w1,T5,NC,-3,160,1,125,0.3853492043,1.582518131,5,25,5x5
T5_NC_pos-3_w1,T5,NC,-3,160,1,130,0.6582019516,1.660899747,5,25,5x5
T5_NC_pos-3_w1,T5,NC,-3,160,1,135,0.7422273484,1.63728463,5,25,5x5
T5_NC_pos-3_w1,T5,NC,-3,160,1,140,1.035013673,2.061417554,5,25,5x5
T5_NC_pos-3_w1,T5,NC,-3,160,1,145,1.481231988,2.797975624,5,25,5x5
T5_NC_pos-3_w1,T5,NC,-3,160,1,150,1.697169473,2.845436133,5,25,5x5
T5_NC_pos-3_w1,T5,NC,-3,160,1,155,1.914826616,3.011503722,5,25,5x5
T5_NC_pos-3_w1,T5,NC,-3,160,1,160,1.979323319,2.833347898,5,25,5x5
T5_NC_pos-3_w1,T5,NC,-3,160,1,165,2.127049815,2.799702906,5,25,5x5
T5_NC_pos-3_w1,T5,NC,-3,160,1,170,2.350268862,2.615533234,5,25,5x5
T5_NC_pos-3_w1,T5,NC,-3,160,1,175,2.29727106,2.644206431,5,25,5x5
T5_NC_pos-3_w1,T5,NC,-3,160,1,180,2.22141758,2.570660127,5,25,5x5
T5_NC_pos-3_w1,T5,NC,-3,160,1,185,2.257235407,2.340290925,5,25,5x5
T5_NC_pos-3_w1,T5,NC,-3,160,1,190,2.197073258,2.211719868,5,25,5x5
T5_NC_pos-3_w1,T5,NC,-3,160,1,195,2.133251036,2.174687639,5,25,5x5
T5_NC_pos-3_w1,T5,NC,-3,160,1,200,2.082288887,1.997590154,5,25,5x5
T5_NC_pos-3_w1,T5,NC,-3,160,1,205,2.21158559,2.033495262,5,25,5x5
T5_NC_pos-3_w1,T5,NC,-3,160,1,210,2.298137971,1.937892963,5,25,5x5
T5_NC_pos-3_w1,T5,NC,-3,160,1,215,2.778555065,2.438542287,5,25,5x5
T5_NC_pos-3_w1,T5,NC,-3,160,1,220,3.464264955,2.491571763,5,25,5x5
T5_NC_pos-3_w1,T5,NC,-3,160,1,225,4.139834674,2.536822092,5,25,5x5
T5_NC_pos-3_w1,T5,NC,-3,160,1,230,4.332866665,2.487045182,5,25,5x5
T5_NC_pos-3_w1,T5,NC,-3,160,1,235,4.385670572,2.442515842,5,25,5x5
T5_NC_pos-3_w1,T5,NC,-3,160,1,240,4.410714772,2.315255534,5,25,5x5
T5_NC_pos-3_w1,T5,NC,-3,160,1,245,4.329816115,2.124188629,5,25,5x5
T5_NC_pos-3_w1,T5,NC,-3,160,1,250,4.067181683,1.890674975,5,25,5x5
T5_NC_pos-3_w1,T5,NC,-3,160,1,255,3.903240779,1.700058946,5,25,5x5
T5_NC_pos-3_w1,T5,NC,-3,160,1,260,3.584131134,1.53646888,5,25,5x5
T5_NC_pos-3_w1,T5,NC,-3,160,1,265,3.354561414,1.605703934,5,25,5x5
T5_NC_pos-3_w1,T5,NC,-3,160,1,270,3.523025883,2.259280688,5,25,5x5
T5_NC_pos-3_w1,T5,NC,-3,160,1,275,3.806170694,2.557133729,5,25,5x5
T5_NC_pos-3_w1,T5,NC,-3,160,1,280,3.805557263,2.79807326,5,25,5x5
T5_NC_pos-3_w1,T5,NC,-3,160,1,285,3.911372648,2.884246652,5,25,5x5
T5_NC_pos-3_w1,T5,NC,-3,160,1,290,4.198041268,2.998603564,5,25,5x5
T5_NC_pos-3_w1,T5,NC,-3,160,1,295,4.044716237,2.804327575,5,25,5x5
T5_NC_pos-3_w1,T5,NC,-3,160,1,300,3.928005126,2.833198132,5,25,5x5
T5_NC_pos-3_w1,T5,NC,-3,160,1,305,3.773445419,2.743547448,5,25,5x5
T5_NC_pos-3_w1,T5,NC,-3,160,1,310,3.641637849,2.692541762,5,25,5x5
T5_NC_pos-3_w1,T5,NC,-3,160,1,315,3.516715261,2.534259536,5,25,5x5
T5_NC_pos-3_w1,T5,NC,-3,160,1,320,3.228453478,2.456805443,5,25,5x5
T5_NC_pos-3_w1,T5,NC,-3,160,1,325,3.00061465,2.099455745,5,25,5x5
T5_NC_pos-3_w1,T5,NC,-3,160,1,330,2.884321121,1.970856174,5,25,5x5
T5_NC_pos-3_w1,T5,NC,-3,160,1,335,2.713323808,1.951359729,5,25,5x5
T5_NC_pos-3_w1,T5,NC,-3,160,1,340,2.663938215,1.848894087,5,25,5x5
T5_NC_pos-3_w1,T5,NC,-3,160,1,345,2.359796091,1.41407915,5,25,5x5
T5_NC_pos-3_w1,T5,NC,-3,160,1,350,2.278161414,1.507704953,5,25,5x5
T5_NC_pos-3_w1,T5,NC,-3,160,1,355,2.089135773,1.547948426,5,25,5x5
T5_NC_pos-3_w1,T5,NC,-3,160,1,360,2.015461536,1.513267806,5,25,5x5
T5_NC_pos-3_w1,T5,NC,-3,160,1,365,1.827018557,1.265769459,5,25,5x5
T5_NC_pos-3_w1,T5,NC,-3,160,1,370,1.637476188,1.191551705,5,25,5x5
T5_NC_pos-3_w1,T5,NC,-3,160,1,375,1.480438826,1.252706517,5,25,5x5
T5_NC_pos-3_w1,T5,NC,-3,160,1,380,1.276618557,1.494970057,5,25,5x5
T5_NC_pos-3_w1,T5,NC,-3,160,1,385,1.232057385,1.64598098,5,25,5x5
T5_NC_pos-3_w1,T5,NC,-3,160,1,390,1.275498166,1.636530034,5,25,5x5
T5_NC_pos-3_w1,T5,NC,-3,160,1,395,1.218463246,1.694389949,5,25,5x5
T5_NC_pos-3_w1,T5,NC,-3,160,1,400,1.161650059,1.713477717,5,25,5x5
T5_NC_pos-3_w1,T5,NC,-3,160,1,405,1.235019534,1.664018702,5,25,5x5
T5_NC_pos-3_w1,T5,NC,-3,160,1,410,1.184610254,1.828851286,5,25,5x5
T5_NC_pos-3_w1,T5,NC,-3,160,1,415,1.006380706,1.883684301,5,25,5x5
T5_NC_pos-3_w1,T5,NC,-3,160,1,420,1.025357019,2.042501143,5,25,5x5
T5_NC_pos-3_w1,T5,NC,-3,160,1,425,1.23725592,2.467980604,5,25,5x5
T5_NC_pos-3_w1,T5,NC,-3,160,1,430,1.500798777,2.636230064,5,25,5x5
T5_NC_pos-3_w1,T5,NC,-3,160,1,435,1.746591695,2.992049773,5,25,5x5
T5_NC_pos-3_w1,T5,NC,-3,160,1,440,2.011798533,3.00549603,5,25,5x5
T5_NC_pos-3_w1,T5,NC,-3,160,1,445,1.891498655,2.683053878,5,25,5x5
T5_NC_pos-3_w1,T5,NC,-3,160,1,450,1.588183881,2.540723707,5,25,5x5
T5_NC_pos-3_w1,T5,NC,-3,160,1,455,1.834447617,2.610205832,5,25,5x5
T5_NC_pos-3_w1,T5,NC,-3,160,1,460,2.025666176,2.666662158,5,25,5x5
T5_NC_pos-3_w1,T5,NC,-3,160,1,465,2.110616604,2.688467615,5,25,5x5
T5_NC_pos-3_w1,T5,NC,-3,160,1,470,2.204831988,2.617448953,5,25,5x5
T5_NC_pos-3_w1,T5,NC,-3,160,1,475,2.328967764,2.620965186,5,25,5x5
T5_NC_pos-3_w1,T5,NC,-3,160,1,480,1.889775578,2.17324978,5,25,5x5
T5_NC_pos-3_w1,T5,NC,-3,160,1,485,1.682046152,2.085116929,5,25,5x5
T5_NC_pos-3_w1,T5,NC,-3,160,1,490,1.623908423,1.645565187,5,25,5x5
T5_NC_pos-3_w1,T5,NC,-3,160,1,495,1.525640779,1.663517787,5,25,5x5
T5_NC_pos-3_w1,T5,NC,-3,160,1,500,1.338263978,1.628776202,5,25,5x5
T5_NC_pos-3_w1,T5,NC,-3,160,1,505,1.390694748,2.035588176,5,25,5x5
T5_NC_pos-3_w1,T5,NC,-3,160,1,510,1.514705981,2.288623069,5,25,5x5
T5_NC_pos-3_w1,T5,NC,-3,160,1,515,1.644069107,2.335309424,5,25,5x5
T5_NC_pos-3_w1,T5,NC,-3,160,1,520,1.751690108,2.306212624,5,25,5x5
T5_NC_pos-3_w1,T5,NC,-3,160,1,525,1.943795602,2.625603816,5,25,5x5
T5_NC_pos-3_w1,T5,NC,-3,160,1,530,1.71445592,2.473187153,5,25,5x5
T5_NC_pos-3_w1,T5,NC,-3,160,1,535,1.607304271,2.253097022,5,25,5x5
T5_NC_pos-3_w1,T5,NC,-3,160,1,540,1.539885468,2.244640518,5,25,5x5
T5_NC_pos-3_w1,T5,NC,-3,160,1,545,1.492366543,2.329545396,5,25,5x5
T5_NC_pos-3_w1,T5,NC,-3,160,1,550,1.567611964,2.406366793,5,25,5x5
T5_NC_pos-3_w1,T5,NC,-3,160,1,555,1.604450547,2.25333892,5,25,5x5
T5_NC_pos-3_w1,T5,NC,-3,160,1,560,1.70874603,2.264689465,5,25,5x5
T5_NC_pos-3_w1,T5,NC,-3,160,1,565,1.550062757,2.146282768,5,25,5x5
T5_NC_pos-3_w1,T5,NC,-3,160,1,570,1.573408301,2.143002896,5,25,5x5
T5_NC_pos-3_w1,T5,NC,-3,160,1,575,1.503835651,2.012597274,5,25,5x5
T5_NC_pos-3_w1,T5,NC,-3,160,1,580,1.355465444,1.87794375,5,25,5x5
T5_NC_pos-3_w1,T5,NC,-3,160,1,585,1.261287177,1.930380655,5,25,5x5
T5_NC_pos-3_w1,T5,NC,-3,160,1,590,1.185869351,2.201546831,5,25,5x5
T5_NC_pos-3_w1,T5,NC,-3,160,1,595,1.208038826,2.322421998,5,25,5x5
T5_NC_pos-3_w1,T5,NC,-3,160,1,600,1.432418313,2.219922898,5,25,5x5
T5_NC_pos-3_w1,T5,NC,-3,160,1,605,1.732287422,2.176421786,5,25,5x5
T5_NC_pos-3_w1,T5,NC,-3,160,1,610,1.869569473,2.192697699,5,25,5x5
T5_NC_pos-3_w1,T5,NC,-3,160,1,615,1.758218069,2.042153329,5,25,5x5
T5_NC_pos-3_w1,T5,NC,-3,160,1,620,1.789723319,2.161048231,5,25,5x5
T5_NC_pos-3_w1,T5,NC,-3,160,1,625,1.587347739,1.908991977,5,25,5x5
T5_NC_pos-3_w1,T5,NC,-3,160,1,630,1.454912086,1.931585967,5,25,5x5
T5_NC_pos-3_w1,T5,NC,-3,160,1,635,1.205107446,2.009300191,5,25,5x5
T5_NC_pos-3_w1,T5,NC,-3,160,1,640,1.028529668,2.120289223,5,25,5x5
T5_NC_pos-3_w1,T5,NC,-3,160,1,645,0.9312813167,2.318822474,5,25,5x5
T5_NC_pos-3_w1,T5,NC,-3,160,1,650,0.9848984107,2.433235653,5,25,5x5
T5_NC_pos-3_w1,T5,NC,-3,160,1,655,1.048716726,2.243645371,5,25,5x5
T5_NC_pos-3_w1,T5,NC,-3,160,1,660,1.011499143,2.055458216,5,25,5x5
T5_NC_pos-3_w1,T5,NC,-3,160,1,665,0.8653916952,1.91650824,5,25,5x5
T5_NC_pos-3_w1,T5,NC,-3,160,1,670,0.7721912068,1.711891151,5,25,5x5
T5_NC_pos-3_w1,T5,NC,-3,160,1,675,0.6900554314,1.386245692,5,25,5x5
T5_NC_pos-3_w1,T5,NC,-3,160,1,680,0.7510864449,1.393206743,5,25,5x5
T5_NC_pos-3_w1,T5,NC,-3,160,1,685,0.7294859565,1.481309864,5,25,5x5
T5_NC_pos-3_w1,T5,NC,-3,160,1,690,0.8550356512,1.687820899,5,25,5x5
T5_NC_pos-3_w1,T5,NC,-3,160,1,695,0.9070385816,1.899989037,5,25,5x5
T5_NC_pos-3_w1,T5,NC,-3,160,1,700,0.8821330871,1.938846924,5,25,5x5
T5_NC_pos-3_w1,T5,NC,-3,160,1,705,1.08370476,1.913421657,5,25,5x5
T5_NC_pos-3_w1,T5,NC,-3,160,1,710,1.006377776,1.72167948,5,25,5x5
T5_NC_pos-3_w1,T5,NC,-3,160,1,715,1.259684735,1.471804852,5,25,5x5
T5_NC_pos-3_w1,T5,NC,-3,160,1,720,1.291444931,1.132977038,5,25,5x5
T5_NC_pos-3_w1,T5,NC,-3,160,1,725,1.390398289,1.000809883,5,25,5x5
T5_NC_pos-3_w1,T5,NC,-3,160,1,730,1.45783907,1.281071656,5,25,5x5
T5_NC_pos-3_w1,T5,NC,-3,160,1,735,1.470187788,1.551425692,5,25,5x5
T5_NC_pos-3_w1,T5,NC,-3,160,1,740,1.271786811,1.606246137,5,25,5x5
T5_NC_pos-3_w1,T5,NC,-3,160,1,745,1.08701758,1.778939875,5,25,5x5
T5_NC_pos-3_w1,T5,NC,-3,160,1,750,0.8309423667,1.895110516,5,25,5x5
T5_NC_pos-2_w1,T5,NC,-2,160,1,-200,0.4931845029,1.344934155,5,25,5x5
T5_NC_pos-2_w1,T5,NC,-2,160,1,-195,0.7035669205,1.593285678,5,25,5x5
T5_NC_pos-2_w1,T5,NC,-2,160,1,-190,0.6392670426,1.455400135,5,25,5x5
T5_NC_pos-2_w1,T5,NC,-2,160,1,-185,0.4529652111,1.174063761,5,25,5x5
T5_NC_pos-2_w1,T5,NC,-2,160,1,-180,0.2901232086,0.9857301646,5,25,5x5
T5_NC_pos-2_w1,T5,NC,-2,160,1,-175,0.1791034284,1.009219,5,25,5x5
T5_NC_pos-2_w1,T5,NC,-2,160,1,-170,0.0903835261,0.8351358649,5,25,5x5
T5_NC_pos-2_w1,T5,NC,-2,160,1,-165,0.07687046138,0.6005420098,5,25,5x5
T5_NC_pos-2_w1,T5,NC,-2,160,1,-160,0.08243187774,0.5191269961,5,25,5x5
T5_NC_pos-2_w1,T5,NC,-2,160,1,-155,-0.02563161432,0.5224312853,5,25,5x5
T5_NC_pos-2_w1,T5,NC,-2,160,1,-150,-0.1332311259,0.47479646,5,25,5x5
T5_NC_pos-2_w1,T5,NC,-2,160,1,-145,-0.1998049965,0.5977713596,5,25,5x5
T5_NC_pos-2_w1,T5,NC,-2,160,1,-140,-0.3490450453,0.960842728,5,25,5x5
T5_NC_pos-2_w1,T5,NC,-2,160,1,-135,-0.4622601857,1.093744797,5,25,5x5
T5_NC_pos-2_w1,T5,NC,-2,160,1,-130,-0.5075964495,1.240498366,5,25,5x5
T5_NC_pos-2_w1,T5,NC,-2,160,1,-125,-0.3918201369,1.326509658,5,25,5x5
T5_NC_pos-2_w1,T5,NC,-2,160,1,-120,-0.09164821994,0.9080065699,5,25,5x5
T5_NC_pos-2_w1,T5,NC,-2,160,1,-115,0.08912491804,0.7094556116,5,25,5x5
T5_NC_pos-2_w1,T5,NC,-2,160,1,-110,0.01509268361,0.649266502,5,25,5x5
T5_NC_pos-2_w1,T5,NC,-2,160,1,-105,-0.131486071,0.8405605571,5,25,5x5
T5_NC_pos-2_w1,T5,NC,-2,160,1,-100,-0.2265669013,0.9375865558,5,25,5x5
T5_NC_pos-2_w1,T5,NC,-2,160,1,-95,-0.1743627498,0.7248806763,5,25,5x5
T5_NC_pos-2_w1,T5,NC,-2,160,1,-90,-0.2179241662,0.6488785099,5,25,5x5
T5_NC_pos-2_w1,T5,NC,-2,160,1,-85,-0.08144504533,0.902391253,5,25,5x5
T5_NC_pos-2_w1,T5,NC,-2,160,1,-80,-0.05765701114,1.319898771,5,25,5x5
T5_NC_pos-2_w1,T5,NC,-2,160,1,-75,-0.06532587561,1.378712495,5,25,5x5
T5_NC_pos-2_w1,T5,NC,-2,160,1,-70,-0.1409268524,1.338570571,5,25,5x5
T5_NC_pos-2_w1,T5,NC,-2,160,1,-65,-0.03802770711,1.290667868,5,25,5x5
T5_NC_pos-2_w1,T5,NC,-2,160,1,-60,-0.03339767048,1.159637718,5,25,5x5
T5_NC_pos-2_w1,T5,NC,-2,160,1,-55,0.2320494602,0.9605191624,5,25,5x5
T5_NC_pos-2_w1,T5,NC,-2,160,1,-50,0.4070721708,0.9637176915,5,25,5x5
T5_NC_pos-2_w1,T5,NC,-2,160,1,-45,0.5153422563,0.9763157763,5,25,5x5
T5_NC_pos-2_w1,T5,NC,-2,160,1,-40,0.5013925615,0.841451545,5,25,5x5
T5_NC_pos-2_w1,T5,NC,-2,160,1,-35,0.5612973234,0.7269734415,5,25,5x5
T5_NC_pos-2_w1,T5,NC,-2,160,1,-30,0.6713222318,0.6579393355,5,25,5x5
T5_NC_pos-2_w1,T5,NC,-2,160,1,-25,0.7399595945,0.8611585054,5,25,5x5
T5_NC_pos-2_w1,T5,NC,-2,160,1,-20,0.7516211329,0.70077519,5,25,5x5
T5_NC_pos-2_w1,T5,NC,-2,160,1,-15,0.894487067,0.4473425672,5,25,5x5
T5_NC_pos-2_w1,T5,NC,-2,160,1,-10,1.191922476,0.5485199319,5,25,5x5
T5_NC_pos-2_w1,T5,NC,-2,160,1,-5,1.412033343,0.6865973266,5,25,5x5
T5_NC_pos-2_w1,T5,NC,-2,160,1,0,1.532691218,0.8887673869,5,25,5x5
T5_NC_pos-2_w1,T5,NC,-2,160,1,5,1.231956176,0.8017761594,5,25,5x5
T5_NC_pos-2_w1,T5,NC,-2,160,1,10,0.9125525127,0.7399812023,5,25,5x5
T5_NC_pos-2_w1,T5,NC,-2,160,1,15,0.7158184467,0.8759316373,5,25,5x5
T5_NC_pos-2_w1,T5,NC,-2,160,1,20,0.8505012306,1.122343121,5,25,5x5
T5_NC_pos-2_w1,T5,NC,-2,160,1,25,1.071843355,1.628055486,5,25,5x5
T5_NC_pos-2_w1,T5,NC,-2,160,1,30,0.9426389596,1.337401287,5,25,5x5
T5_NC_pos-2_w1,T5,NC,-2,160,1,35,0.7834135627,1.445095532,5,25,5x5
T5_NC_pos-2_w1,T5,NC,-2,160,1,40,0.5329740023,1.256303243,5,25,5x5
T5_NC_pos-2_w1,T5,NC,-2,160,1,45,0.2830604492,1.207797119,5,25,5x5
T5_NC_pos-2_w1,T5,NC,-2,160,1,50,0.02034933806,1.136244788,5,25,5x5
T5_NC_pos-2_w1,T5,NC,-2,160,1,55,-0.2049810649,1.179165151,5,25,5x5
T5_NC_pos-2_w1,T5,NC,-2,160,1,60,-0.5217869257,1.022720862,5,25,5x5
T5_NC_pos-2_w1,T5,NC,-2,160,1,65,-0.5880125667,0.4901277732,5,25,5x5
T5_NC_pos-2_w1,T5,NC,-2,160,1,70,-0.5697786229,0.5067076334,5,25,5x5
T5_NC_pos-2_w1,T5,NC,-2,160,1,75,-0.5123886351,0.695278196,5,25,5x5
T5_NC_pos-2_w1,T5,NC,-2,160,1,80,-0.5240081711,0.8688548386,5,25,5x5
T5_NC_pos-2_w1,T5,NC,-2,160,1,85,-0.4870328353,1.226058606,5,25,5x5
T5_NC_pos-2_w1,T5,NC,-2,160,1,90,-0.4590538365,1.625899149,5,25,5x5
T5_NC_pos-2_w1,T5,NC,-2,160,1,95,-0.5305918097,1.503255481,5,25,5x5
T5_NC_pos-2_w1,T5,NC,-2,160,1,100,-0.5113375972,1.593666638,5,25,5x5
T5_NC_pos-2_w1,T5,NC,-2,160,1,105,-0.5431256314,1.705824902,5,25,5x5
T5_NC_pos-2_w1,T5,NC,-2,160,1,110,-0.5538435801,1.698053041,5,25,5x5
T5_NC_pos-2_w1,T5,NC,-2,160,1,115,-0.5828604299,1.764268748,5,25,5x5
T5_NC_pos-2_w1,T5,NC,-2,160,1,120,-0.6640345447,1.669019924,5,25,5x5
T5_NC_pos-2_w1,T5,NC,-2,160,1,125,-0.5882357657,1.699604889,5,25,5x5
T5_NC_pos-2_w1,T5,NC,-2,160,1,130,-0.5858450453,1.591212377,5,25,5x5
T5_NC_pos-2_w1,T5,NC,-2,160,1,135,-0.3921332016,1.654170374,5,25,5x5
T5_NC_pos-2_w1,T5,NC,-2,160,1,140,-0.2001864373,2.031377231,5,25,5x5
T5_NC_pos-2_w1,T5,NC,-2,160,1,145,-0.0718167181,2.289032946,5,25,5x5
T5_NC_pos-2_w1,T5,NC,-2,160,1,150,-0.02553539942,2.208080594,5,25,5x5
T5_NC_pos-2_w1,T5,NC,-2,160,1,155,0.2207801073,2.437684833,5,25,5x5
T5_NC_pos-2_w1,T5,NC,-2,160,1,160,0.09836838568,2.168858923,5,25,5x5
T5_NC_pos-2_w1,T5,NC,-2,160,1,165,0.1032069693,2.230519518,5,25,5x5
T5_NC_pos-2_w1,T5,NC,-2,160,1,170,-0.006439428726,2.182774643,5,25,5x5
T5_NC_pos-2_w1,T5,NC,-2,160,1,175,-0.2693219684,1.69567777,5,25,5x5
T5_NC_pos-2_w1,T5,NC,-2,160,1,180,-0.3915529818,1.39566953,5,25,5x5
T5_NC_pos-2_w1,T5,NC,-2,160,1,185,-0.2951627498,1.594534675,5,25,5x5
T5_NC_pos-2_w1,T5,NC,-2,160,1,190,-0.1000340563,1.784864825,5,25,5x5
T5_NC_pos-2_w1,T5,NC,-2,160,1,195,0.04435910607,1.9203392,5,25,5x5
T5_NC_pos-2_w1,T5,NC,-2,160,1,200,0.3397608155,2.103376132,5,25,5x5
T5_NC_pos-2_w1,T5,NC,-2,160,1,205,0.8195449425,2.342046189,5,25,5x5
T5_NC_pos-2_w1,T5,NC,-2,160,1,210,1.043360327,2.418734321,5,25,5x5
T5_NC_pos-2_w1,T5,NC,-2,160,1,215,1.522166188,2.509136912,5,25,5x5
T5_NC_pos-2_w1,T5,NC,-2,160,1,220,1.943697323,2.604083547,5,25,5x5
T5_NC_pos-2_w1,T5,NC,-2,160,1,225,2.587082916,2.50523258,5,25,5x5
T5_NC_pos-2_w1,T5,NC,-2,160,1,230,2.828533953,2.288852796,5,25,5x5
T5_NC_pos-2_w1,T5,NC,-2,160,1,235,3.06848609,2.378483328,5,25,5x5
T5_NC_pos-2_w1,T5,NC,-2,160,1,240,3.307341768,2.575833364,5,25,5x5
T5_NC_pos-2_w1,T5,NC,-2,160,1,245,3.406478276,2.504790726,5,25,5x5
T5_NC_pos-2_w1,T5,NC,-2,160,1,250,3.545229924,2.245766342,5,25,5x5
T5_NC_pos-2_w1,T5,NC,-2,160,1,255,3.700346896,2.175122618,5,25,5x5
T5_NC_pos-2_w1,T5,NC,-2,160,1,260,3.845574246,2.094583227,5,25,5x5
T5_NC_pos-2_w1,T5,NC,-2,160,1,265,3.989285113,2.068674846,5,25,5x5
T5_NC_pos-2_w1,T5,NC,-2,160,1,270,4.226199888,2.525318426,5,25,5x5
T5_NC_pos-2_w1,T5,NC,-2,160,1,275,4.174708801,2.853805594,5,25,5x5
T5_NC_pos-2_w1,T5,NC,-2,160,1,280,4.091657763,3.004972703,5,25,5x5
T5_NC_pos-2_w1,T5,NC,-2,160,1,285,3.894241402,2.819467522,5,25,5x5
T5_NC_pos-2_w1,T5,NC,-2,160,1,290,3.909005748,2.510951492,5,25,5x5
T5_NC_pos-2_w1,T5,NC,-2,160,1,295,3.685774491,1.939910536,5,25,5x5
T5_NC_pos-2_w1,T5,NC,-2,160,1,300,3.438321499,1.486350841,5,25,5x5
T5_NC_pos-2_w1,T5,NC,-2,160,1,305,3.13272736,1.12487753,5,25,5x5
T5_NC_pos-2_w1,T5,NC,-2,160,1,310,2.952117836,0.9245246254,5,25,5x5
T5_NC_pos-2_w1,T5,NC,-2,160,1,315,2.637231878,0.8158630382,5,25,5x5
T5_NC_pos-2_w1,T5,NC,-2,160,1,320,2.517257763,0.8374120719,5,25,5x5
T5_NC_pos-2_w1,T5,NC,-2,160,1,325,2.750867531,1.032830693,5,25,5x5
T5_NC_pos-2_w1,T5,NC,-2,160,1,330,3.048562281,1.323336771,5,25,5x5
T5_NC_pos-2_w1,T5,NC,-2,160,1,335,3.133908801,1.626461584,5,25,5x5
T5_NC_pos-2_w1,T5,NC,-2,160,1,340,3.156770339,1.729842304,5,25,5x5
T5_NC_pos-2_w1,T5,NC,-2,160,1,345,3.004494881,1.644218838,5,25,5x5
T5_NC_pos-2_w1,T5,NC,-2,160,1,350,2.893235297,1.597022216,5,25,5x5
T5_NC_pos-2_w1,T5,NC,-2,160,1,355,2.873777909,1.815979291,5,25,5x5
T5_NC_pos-2_w1,T5,NC,-2,160,1,360,2.489656298,1.25260733,5,25,5x5
T5_NC_pos-2_w1,T5,NC,-2,160,1,365,2.307400376,0.9498175687,5,25,5x5
T5_NC_pos-2_w1,T5,NC,-2,160,1,370,2.554388899,0.7178392232,5,25,5x5
T5_NC_pos-2_w1,T5,NC,-2,160,1,375,2.665921011,0.7509861811,5,25,5x5
T5_NC_pos-2_w1,T5,NC,-2,160,1,380,2.63035178,0.7005617147,5,25,5x5
T5_NC_pos-2_w1,T5,NC,-2,160,1,385,2.594469973,0.6669954333,5,25,5x5
T5_NC_pos-2_w1,T5,NC,-2,160,1,390,2.539014051,0.4719781488,5,25,5x5
T5_NC_pos-2_w1,T5,NC,-2,160,1,395,2.566421621,0.5852912364,5,25,5x5
T5_NC_pos-2_w1,T5,NC,-2,160,1,400,2.464237983,0.8217953691,5,25,5x5
T5_NC_pos-2_w1,T5,NC,-2,160,1,405,2.462739082,0.8265084614,5,25,5x5
T5_NC_pos-2_w1,T5,NC,-2,160,1,410,2.362694637,0.8908662069,5,25,5x5
T5_NC_pos-2_w1,T5,NC,-2,160,1,415,2.244520278,0.7788950778,5,25,5x5
T5_NC_pos-2_w1,T5,NC,-2,160,1,420,2.038940791,0.7612854232,5,25,5x5
T5_NC_pos-2_w1,T5,NC,-2,160,1,425,1.894092928,0.8874446234,5,25,5x5
T5_NC_pos-2_w1,T5,NC,-2,160,1,430,1.588258496,0.9992692273,5,25,5x5
T5_NC_pos-2_w1,T5,NC,-2,160,1,435,1.442666798,0.937085958,5,25,5x5
T5_NC_pos-2_w1,T5,NC,-2,160,1,440,1.440262891,1.177435312,5,25,5x5
T5_NC_pos-2_w1,T5,NC,-2,160,1,445,1.594248239,1.438368842,5,25,5x5
T5_NC_pos-2_w1,T5,NC,-2,160,1,450,1.59368609,1.59099137,5,25,5x5
T5_NC_pos-2_w1,T5,NC,-2,160,1,455,1.687430168,1.89189079,5,25,5x5
T5_NC_pos-2_w1,T5,NC,-2,160,1,460,1.809178642,2.230394671,5,25,5x5
T5_NC_pos-2_w1,T5,NC,-2,160,1,465,1.761996713,2.34782522,5,25,5x5
T5_NC_pos-2_w1,T5,NC,-2,160,1,470,1.80353029,2.557999989,5,25,5x5
T5_NC_pos-2_w1,T5,NC,-2,160,1,475,1.658237494,2.431312214,5,25,5x5
T5_NC_pos-2_w1,T5,NC,-2,160,1,480,1.60942968,2.416764828,5,25,5x5
T5_NC_pos-2_w1,T5,NC,-2,160,1,485,1.423951292,2.21067459,5,25,5x5
T5_NC_pos-2_w1,T5,NC,-2,160,1,490,1.59633029,2.454204358,5,25,5x5
T5_NC_pos-2_w1,T5,NC,-2,160,1,495,1.759471682,2.349327951,5,25,5x5
T5_NC_pos-2_w1,T5,NC,-2,160,1,500,1.931798911,2.114083624,5,25,5x5
T5_NC_pos-2_w1,T5,NC,-2,160,1,505,2.215774491,2.093005684,5,25,5x5
T5_NC_pos-2_w1,T5,NC,-2,160,1,510,2.423424796,2.497804167,5,25,5x5
T5_NC_pos-2_w1,T5,NC,-2,160,1,515,2.230126139,2.269086729,5,25,5x5
T5_NC_pos-2_w1,T5,NC,-2,160,1,520,2.282515394,2.6508416,5,25,5x5
T5_NC_pos-2_w1,T5,NC,-2,160,1,525,2.024383038,2.5337705,5,25,5x5
T5_NC_pos-2_w1,T5,NC,-2,160,1,530,1.887647507,2.816628694,5,25,5x5
T5_NC_pos-2_w1,T5,NC,-2,160,1,535,1.706268752,2.60850168,5,25,5x5
T5_NC_pos-2_w1,T5,NC,-2,160,1,540,1.71351808,2.565869166,5,25,5x5
T5_NC_pos-2_w1,T5,NC,-2,160,1,545,1.554312708,2.430258175,5,25,5x5
T5_NC_pos-2_w1,T5,NC,-2,160,1,550,1.386992073,2.306119884,5,25,5x5
T5_NC_pos-2_w1,T5,NC,-2,160,1,555,1.030575956,1.935639276,5,25,5x5
T5_NC_pos-2_w1,T5,NC,-2,160,1,560,0.8203713161,1.976224383,5,25,5x5
T5_NC_pos-2_w1,T5,NC,-2,160,1,565,0.6034335871,1.99608888,5,25,5x5
T5_NC_pos-2_w1,T5,NC,-2,160,1,570,0.4567591061,2.033446467,5,25,5x5
T5_NC_pos-2_w1,T5,NC,-2,160,1,575,0.1654272379,1.88102967,5,25,5x5
T5_NC_pos-2_w1,T5,NC,-2,160,1,580,0.09580281792,1.876079251,5,25,5x5
T5_NC_pos-2_w1,T5,NC,-2,160,1,585,0.2704611818,2.401139336,5,25,5x5
T5_NC_pos-2_w1,T5,NC,-2,160,1,590,0.2937290694,2.711990934,5,25,5x5
T5_NC_pos-2_w1,T5,NC,-2,160,1,595,0.1346975676,2.756802068,5,25,5x5
T5_NC_pos-2_w1,T5,NC,-2,160,1,600,0.005969850883,2.455627709,5,25,5x5
T5_NC_pos-2_w1,T5,NC,-2,160,1,605,-0.2716980368,2.086804365,5,25,5x5
T5_NC_pos-2_w1,T5,NC,-2,160,1,610,-0.4238430917,1.560327088,5,25,5x5
T5_NC_pos-2_w1,T5,NC,-2,160,1,615,-0.6078010893,1.407265639,5,25,5x5
T5_NC_pos-2_w1,T5,NC,-2,160,1,620,-0.7039490746,1.470762537,5,25,5x5
T5_NC_pos-2_w1,T5,NC,-2,160,1,625,-0.6324057291,1.535121885,5,25,5x5
T5_NC_pos-2_w1,T5,NC,-2,160,1,630,-0.7248135435,1.470689584,5,25,5x5
T5_NC_pos-2_w1,T5,NC,-2,160,1,635,-0.7465761809,1.462922072,5,25,5x5
T5_NC_pos-2_w1,T5,NC,-2,160,1,640,-0.4619647035,1.451157646,5,25,5x5
T5_NC_pos-2_w1,T5,NC,-2,160,1,645,-0.05210536279,1.544994723,5,25,5x5
T5_NC_pos-2_w1,T5,NC,-2,160,1,650,0.262869973,1.641043086,5,25,5x5
T5_NC_pos-2_w1,T5,NC,-2,160,1,655,0.3900494602,1.550217745,5,25,5x5
T5_NC_pos-2_w1,T5,NC,-2,160,1,660,0.1520064809,1.371555873,5,25,5x5
T5_NC_pos-2_w1,T5,NC,-2,160,1,665,-0.01363405632,1.402575513,5,25,5x5
T5_NC_pos-2_w1,T5,NC,-2,160,1,670,-0.0367119562,1.66993554,5,25,5x5
T5_NC_pos-2_w1,T5,NC,-2,160,1,675,0.0806848692,1.991921973,5,25,5x5
T5_NC_pos-2_w1,T5,NC,-2,160,1,680,0.05275275687,2.094315012,5,25,5x5
T5_NC_pos-2_w1,T5,NC,-2,160,1,685,-0.002575692463,2.19801263,5,25,5x5
T5_NC_pos-2_w1,T5,NC,-2,160,1,690,-0.1829332016,2.189800618,5,25,5x5
T5_NC_pos-2_w1,T5,NC,-2,160,1,695,-0.4252306375,2.215576002,5,25,5x5
T5_NC_pos-2_w1,T5,NC,-2,160,1,700,-0.491490955,2.384928024,5,25,5x5
T5_NC_pos-2_w1,T5,NC,-2,160,1,705,-0.4752955948,2.61024108,5,25,5x5
T5_NC_pos-2_w1,T5,NC,-2,160,1,710,-0.2909551796,2.399630569,5,25,5x5
T5_NC_pos-2_w1,T5,NC,-2,160,1,715,0.07517766529,2.710023516,5,25,5x5
T5_NC_pos-2_w1,T5,NC,-2,160,1,720,0.2012865786,2.680030293,5,25,5x5
T5_NC_pos-2_w1,T5,NC,-2,160,1,725,0.3328123417,2.704965097,5,25,5x5
T5_NC_pos-2_w1,T5,NC,-2,160,1,730,0.3232606934,2.705718723,5,25,5x5
T5_NC_pos-2_w1,T5,NC,-2,160,1,735,0.7224924394,2.776686636,5,25,5x5
T5_NC_pos-2_w1,T5,NC,-2,160,1,740,0.8487000096,2.520803627,5,25,5x5
T5_NC_pos-2_w1,T5,NC,-2,160,1,745,0.8769969571,2.235651157,5,25,5x5
T5_NC_pos-2_w1,T5,NC,-2,160,1,750,0.8251376165,2.260288665,5,25,5x5
T5_NC_pos-1_w1,T5,NC,-1,160,1,-200,-0.5697578704,1.451634637,5,25,5x5
T5_NC_pos-1_w1,T5,NC,-1,160,1,-195,-0.4226024064,1.479221759,5,25,5x5
T5_NC_pos-1_w1,T5,NC,-1,160,1,-190,-0.5915954772,1.47906276,5,25,5x5
T5_NC_pos-1_w1,T5,NC,-1,160,1,-185,-0.3433745371,1.243191034,5,25,5x5
T5_NC_pos-1_w1,T5,NC,-1,160,1,-180,-0.1308119607,0.9980211337,5,25,5x5
T5_NC_pos-1_w1,T5,NC,-1,160,1,-175,-0.02180725989,0.84453194,5,25,5x5
T5_NC_pos-1_w1,T5,NC,-1,160,1,-170,0.1086808353,0.5224427486,5,25,5x5
T5_NC_pos-1_w1,T5,NC,-1,160,1,-165,0.2765291259,0.724173693,5,25,5x5
T5_NC_pos-1_w1,T5,NC,-1,160,1,-160,0.3147818121,0.9676088582,5,25,5x5
T5_NC_pos-1_w1,T5,NC,-1,160,1,-155,0.1505028439,1.018547953,5,25,5x5
T5_NC_pos-1_w1,T5,NC,-1,160,1,-150,0.1819544922,0.987880452,5,25,5x5
T5_NC_pos-1_w1,T5,NC,-1,160,1,-145,0.3495721357,1.138794311,5,25,5x5
T5_NC_pos-1_w1,T5,NC,-1,160,1,-140,0.1097961589,1.01394909,5,25,5x5
T5_NC_pos-1_w1,T5,NC,-1,160,1,-135,0.1935742114,0.9275338959,5,25,5x5
T5_NC_pos-1_w1,T5,NC,-1,160,1,-130,0.3432008292,1.177329855,5,25,5x5
T5_NC_pos-1_w1,T5,NC,-1,160,1,-125,0.3874220136,1.422441443,5,25,5x5
T5_NC_pos-1_w1,T5,NC,-1,160,1,-120,0.4969839489,1.279888307,5,25,5x5
T5_NC_pos-1_w1,T5,NC,-1,160,1,-115,0.4800809574,1.115077505,5,25,5x5
T5_NC_pos-1_w1,T5,NC,-1,160,1,-110,0.5305776607,1.206277839,5,25,5x5
T5_NC_pos-1_w1,T5,NC,-1,160,1,-105,0.4859471052,1.403402889,5,25,5x5
T5_NC_pos-1_w1,T5,NC,-1,160,1,-100,0.2548391382,1.389711429,5,25,5x5
T5_NC_pos-1_w1,T5,NC,-1,160,1,-95,-0.05499053217,1.028288744,5,25,5x5
T5_NC_pos-1_w1,T5,NC,-1,160,1,-90,-0.1620884565,0.871482778,5,25,5x5
T5_NC_pos-1_w1,T5,NC,-1,160,1,-85,0.3023522944,0.7461727998,5,25,5x5
T5_NC_pos-1_w1,T5,NC,-1,160,1,-80,0.4746155118,0.5859742739,5,25,5x5
T5_NC_pos-1_w1,T5,NC,-1,160,1,-75,0.2148527828,0.6937988461,5,25,5x5
T5_NC_pos-1_w1,T5,NC,-1,160,1,-70,0.1549501882,0.7294656721,5,25,5x5
T5_NC_pos-1_w1,T5,NC,-1,160,1,-65,0.2516307438,0.7339705945,5,25,5x5
T5_NC_pos-1_w1,T5,NC,-1,160,1,-60,0.3749892297,0.7881121156,5,25,5x5
T5_NC_pos-1_w1,T5,NC,-1,160,1,-55,0.2088213421,0.8097564387,5,25,5x5
T5_NC_pos-1_w1,T5,NC,-1,160,1,-50,0.09994151911,0.839503116,5,25,5x5
T5_NC_pos-1_w1,T5,NC,-1,160,1,-45,0.004923356714,0.8128681232,5,25,5x5
T5_NC_pos-1_w1,T5,NC,-1,160,1,-40,0.04486432131,0.6880606841,5,25,5x5
T5_NC_pos-1_w1,T5,NC,-1,160,1,-35,0.1160314153,0.8471012861,5,25,5x5
T5_NC_pos-1_w1,T5,NC,-1,160,1,-30,0.3132890161,1.282667384,5,25,5x5
T5_NC_pos-1_w1,T5,NC,-1,160,1,-25,0.4291105667,1.831745794,5,25,5x5
T5_NC_pos-1_w1,T5,NC,-1,160,1,-20,0.3553573616,2.084992346,5,25,5x5
T5_NC_pos-1_w1,T5,NC,-1,160,1,-15,0.6685503103,2.067876166,5,25,5x5
T5_NC_pos-1_w1,T5,NC,-1,160,1,-10,0.7053605362,2.06923053,5,25,5x5
T5_NC_pos-1_w1,T5,NC,-1,160,1,-5,0.5932377951,1.934683764,5,25,5x5
T5_NC_pos-1_w1,T5,NC,-1,160,1,0,0.4567517145,1.787184178,5,25,5x5
T5_NC_pos-1_w1,T5,NC,-1,160,1,5,0.5807815679,1.854061393,5,25,5x5
T5_NC_pos-1_w1,T5,NC,-1,160,1,10,0.7990391076,2.058925979,5,25,5x5
T5_NC_pos-1_w1,T5,NC,-1,160,1,15,1.155974669,2.149319497,5,25,5x5
T5_NC_pos-1_w1,T5,NC,-1,160,1,20,1.399927905,2.302331255,5,25,5x5
T5_NC_pos-1_w1,T5,NC,-1,160,1,25,1.53768401,2.591834925,5,25,5x5
T5_NC_pos-1_w1,T5,NC,-1,160,1,30,1.298148509,2.615183702,5,25,5x5
T5_NC_pos-1_w1,T5,NC,-1,160,1,35,0.9806719831,2.400930734,5,25,5x5
T5_NC_pos-1_w1,T5,NC,-1,160,1,40,0.6020957926,2.314928616,5,25,5x5
T5_NC_pos-1_w1,T5,NC,-1,160,1,45,0.2186804996,2.087543091,5,25,5x5
T5_NC_pos-1_w1,T5,NC,-1,160,1,50,-0.1160980413,1.990923524,5,25,5x5
T5_NC_pos-1_w1,T5,NC,-1,160,1,55,-0.1251743234,1.715761241,5,25,5x5
T5_NC_pos-1_w1,T5,NC,-1,160,1,60,-0.2725583893,1.625306269,5,25,5x5
T5_NC_pos-1_w1,T5,NC,-1,160,1,65,-0.4843307031,1.500316931,5,25,5x5
T5_NC_pos-1_w1,T5,NC,-1,160,1,70,-0.6495583283,1.381814236,5,25,5x5
T5_NC_pos-1_w1,T5,NC,-1,160,1,75,-0.857020233,1.087736257,5,25,5x5
T5_NC_pos-1_w1,T5,NC,-1,160,1,80,-1.110098652,0.7135816785,5,25,5x5
T5_NC_pos-1_w1,T5,NC,-1,160,1,85,-1.262186442,0.6194093572,5,25,5x5
T5_NC_pos-1_w1,T5,NC,-1,160,1,90,-1.285800544,0.3995338296,5,25,5x5
T5_NC_pos-1_w1,T5,NC,-1,160,1,95,-1.371687327,0.4465642265,5,25,5x5
T5_NC_pos-1_w1,T5,NC,-1,160,1,100,-1.42335259,0.8442800009,5,25,5x5
T5_NC_pos-1_w1,T5,NC,-1,160,1,105,-1.518456588,1.227478467,5,25,5x5
T5_NC_pos-1_w1,T5,NC,-1,160,1,110,-1.550611717,1.606869249,5,25,5x5
T5_NC_pos-1_w1,T5,NC,-1,160,1,115,-1.480689403,1.901416098,5,25,5x5
T5_NC_pos-1_w1,T5,NC,-1,160,1,120,-1.030682748,1.72380136,5,25,5x5
T5_NC_pos-1_w1,T5,NC,-1,160,1,125,-0.6858071683,1.711028462,5,25,5x5
T5_NC_pos-1_w1,T5,NC,-1,160,1,130,-0.5182188594,1.843312658,5,25,5x5
T5_NC_pos-1_w1,T5,NC,-1,160,1,135,-0.6398798789,1.84425163,5,25,5x5
T5_NC_pos-1_w1,T5,NC,-1,160,1,140,-0.7219264296,1.597774206,5,25,5x5
T5_NC_pos-1_w1,T5,NC,-1,160,1,145,-0.661562327,1.3429576,5,25,5x5
T5_NC_pos-1_w1,T5,NC,-1,160,1,150,-0.8366640364,1.374022684,5,25,5x5
T5_NC_pos-1_w1,T5,NC,-1,160,1,155,-1.046523438,1.415172708,5,25,5x5
T5_NC_pos-1_w1,T5,NC,-1,160,1,160,-1.070985251,1.397518677,5,25,5x5
T5_NC_pos-1_w1,T5,NC,-1,160,1,165,-0.9259867471,1.441159064,5,25,5x5
T5_NC_pos-1_w1,T5,NC,-1,160,1,170,-0.5882503002,1.358313579,5,25,5x5
T5_NC_pos-1_w1,T5,NC,-1,160,1,175,-0.4939564052,1.579087821,5,25,5x5
T5_NC_pos-1_w1,T5,NC,-1,160,1,180,-0.6096982245,1.768309192,5,25,5x5
T5_NC_pos-1_w1,T5,NC,-1,160,1,185,-0.6884695615,1.842074405,5,25,5x5
T5_NC_pos-1_w1,T5,NC,-1,160,1,190,-0.6903800621,1.750530066,5,25,5x5
T5_NC_pos-1_w1,T5,NC,-1,160,1,195,-0.7555831451,1.955917193,5,25,5x5
T5_NC_pos-1_w1,T5,NC,-1,160,1,200,-0.709121973,2.077108552,5,25,5x5
T5_NC_pos-1_w1,T5,NC,-1,160,1,205,-0.5148807947,2.103706689,5,25,5x5
T5_NC_pos-1_w1,T5,NC,-1,160,1,210,-0.3671381207,2.00818523,5,25,5x5
T5_NC_pos-1_w1,T5,NC,-1,160,1,215,0.1248562627,2.15586287,5,25,5x5
T5_NC_pos-1_w1,T5,NC,-1,160,1,220,0.6754314153,2.209288847,5,25,5x5
T5_NC_pos-1_w1,T5,NC,-1,160,1,225,1.479225005,2.529463517,5,25,5x5
T5_NC_pos-1_w1,T5,NC,-1,160,1,230,2.382520854,3.179046633,5,25,5x5
T5_NC_pos-1_w1,T5,NC,-1,160,1,235,3.369912062,3.961957602,5,25,5x5
T5_NC_pos-1_w1,T5,NC,-1,160,1,240,3.841301287,4.083624299,5,25,5x5
T5_NC_pos-1_w1,T5,NC,-1,160,1,245,4.052620091,3.952603723,5,25,5x5
T5_NC_pos-1_w1,T5,NC,-1,160,1,250,4.249729034,3.587731419,5,25,5x5
T5_NC_pos-1_w1,T5,NC,-1,160,1,255,4.456285109,3.112271541,5,25,5x5
T5_NC_pos-1_w1,T5,NC,-1,160,1,260,4.964624456,2.587102886,5,25,5x5
T5_NC_pos-1_w1,T5,NC,-1,160,1,265,5.214746617,2.52699763,5,25,5x5
T5_NC_pos-1_w1,T5,NC,-1,160,1,270,5.170757453,2.224798304,5,25,5x5
T5_NC_pos-1_w1,T5,NC,-1,160,1,275,5.119790603,2.325741554,5,25,5x5
T5_NC_pos-1_w1,T5,NC,-1,160,1,280,4.732944907,2.434571646,5,25,5x5
T5_NC_pos-1_w1,T5,NC,-1,160,1,285,4.366895152,2.312030307,5,25,5x5
T5_NC_pos-1_w1,T5,NC,-1,160,1,290,4.036319266,2.364586199,5,25,5x5
T5_NC_pos-1_w1,T5,NC,-1,160,1,295,3.910645274,2.730353564,5,25,5x5
T5_NC_pos-1_w1,T5,NC,-1,160,1,300,3.669984956,2.921946337,5,25,5x5
T5_NC_pos-1_w1,T5,NC,-1,160,1,305,3.380273723,2.727578248,5,25,5x5
T5_NC_pos-1_w1,T5,NC,-1,160,1,310,3.016471586,2.413209993,5,25,5x5
T5_NC_pos-1_w1,T5,NC,-1,160,1,315,2.751763192,2.412964057,5,25,5x5
T5_NC_pos-1_w1,T5,NC,-1,160,1,320,2.341909193,2.346918345,5,25,5x5
T5_NC_pos-1_w1,T5,NC,-1,160,1,325,2.265291885,2.360802986,5,25,5x5
T5_NC_pos-1_w1,T5,NC,-1,160,1,330,1.945482636,2.499826107,5,25,5x5
T5_NC_pos-1_w1,T5,NC,-1,160,1,335,1.995266794,2.664631389,5,25,5x5
T5_NC_pos-1_w1,T5,NC,-1,160,1,340,2.016539932,2.863509638,5,25,5x5
T5_NC_pos-1_w1,T5,NC,-1,160,1,345,2.359467832,3.253339387,5,25,5x5
T5_NC_pos-1_w1,T5,NC,-1,160,1,350,2.690866214,3.581571418,5,25,5x5
T5_NC_pos-1_w1,T5,NC,-1,160,1,355,2.678890878,3.555937341,5,25,5x5
T5_NC_pos-1_w1,T5,NC,-1,160,1,360,2.525008552,3.23760827,5,25,5x5
T5_NC_pos-1_w1,T5,NC,-1,160,1,365,2.344328851,2.938842745,5,25,5x5
T5_NC_pos-1_w1,T5,NC,-1,160,1,370,2.269071953,2.505768958,5,25,5x5
T5_NC_pos-1_w1,T5,NC,-1,160,1,375,2.180281263,2.087205221,5,25,5x5
T5_NC_pos-1_w1,T5,NC,-1,160,1,380,2.103735078,1.951703245,5,25,5x5
T5_NC_pos-1_w1,T5,NC,-1,160,1,385,2.035610109,1.954875057,5,25,5x5
T5_NC_pos-1_w1,T5,NC,-1,160,1,390,1.956715512,2.181223036,5,25,5x5
T5_NC_pos-1_w1,T5,NC,-1,160,1,395,1.849590878,2.097414968,5,25,5x5
T5_NC_pos-1_w1,T5,NC,-1,160,1,400,1.646414688,2.054873433,5,25,5x5
T5_NC_pos-1_w1,T5,NC,-1,160,1,405,1.575209743,1.958489926,5,25,5x5
T5_NC_pos-1_w1,T5,NC,-1,160,1,410,1.526014993,1.99037966,5,25,5x5
T5_NC_pos-1_w1,T5,NC,-1,160,1,415,1.651694694,2.040107881,5,25,5x5
T5_NC_pos-1_w1,T5,NC,-1,160,1,420,1.541855896,2.073654106,5,25,5x5
T5_NC_pos-1_w1,T5,NC,-1,160,1,425,1.51246307,2.21875367,5,25,5x5
T5_NC_pos-1_w1,T5,NC,-1,160,1,430,1.483644205,2.31590664,5,25,5x5
T5_NC_pos-1_w1,T5,NC,-1,160,1,435,1.379998296,2.152967394,5,25,5x5
T5_NC_pos-1_w1,T5,NC,-1,160,1,440,1.404682514,2.241425456,5,25,5x5
T5_NC_pos-1_w1,T5,NC,-1,160,1,445,1.433800432,2.375490099,5,25,5x5
T5_NC_pos-1_w1,T5,NC,-1,160,1,450,1.366840512,2.597653193,5,25,5x5
T5_NC_pos-1_w1,T5,NC,-1,160,1,455,1.205513436,2.672688512,5,25,5x5
T5_NC_pos-1_w1,T5,NC,-1,160,1,460,0.9121946327,2.872023235,5,25,5x5
T5_NC_pos-1_w1,T5,NC,-1,160,1,465,0.7240830942,2.725494317,5,25,5x5
T5_NC_pos-1_w1,T5,NC,-1,160,1,470,0.7461277828,2.796710482,5,25,5x5
T5_NC_pos-1_w1,T5,NC,-1,160,1,475,0.668721281,2.868004089,5,25,5x5
T5_NC_pos-1_w1,T5,NC,-1,160,1,480,0.9664749745,3.291638362,5,25,5x5
T5_NC_pos-1_w1,T5,NC,-1,160,1,485,0.8672406339,3.196950748,5,25,5x5
T5_NC_pos-1_w1,T5,NC,-1,160,1,490,0.7012674959,3.287795511,5,25,5x5
T5_NC_pos-1_w1,T5,NC,-1,160,1,495,0.8198380087,3.607906109,5,25,5x5
T5_NC_pos-1_w1,T5,NC,-1,160,1,500,0.6230925264,3.479373295,5,25,5x5
T5_NC_pos-1_w1,T5,NC,-1,160,1,505,0.6619311406,3.452014916,5,25,5x5
T5_NC_pos-1_w1,T5,NC,-1,160,1,510,0.5653766534,3.42683752,5,25,5x5
T5_NC_pos-1_w1,T5,NC,-1,160,1,515,0.3879369709,3.104570917,5,25,5x5
T5_NC_pos-1_w1,T5,NC,-1,160,1,520,0.07386404658,2.754155517,5,25,5x5
T5_NC_pos-1_w1,T5,NC,-1,160,1,525,0.04022283779,2.531066345,5,25,5x5
T5_NC_pos-1_w1,T5,NC,-1,160,1,530,0.1295909697,2.464046546,5,25,5x5
T5_NC_pos-1_w1,T5,NC,-1,160,1,535,0.1278144129,2.379344762,5,25,5x5
T5_NC_pos-1_w1,T5,NC,-1,160,1,540,0.3755440222,2.627309739,5,25,5x5
T5_NC_pos-1_w1,T5,NC,-1,160,1,545,0.4135508903,2.822632559,5,25,5x5
T5_NC_pos-1_w1,T5,NC,-1,160,1,550,0.4581259513,2.917050826,5,25,5x5
T5_NC_pos-1_w1,T5,NC,-1,160,1,555,0.52220669,3.109624972,5,25,5x5
T5_NC_pos-1_w1,T5,NC,-1,160,1,560,0.1883018976,2.938576595,5,25,5x5
T5_NC_pos-1_w1,T5,NC,-1,160,1,565,-0.06059767503,2.780729319,5,25,5x5
T5_NC_pos-1_w1,T5,NC,-1,160,1,570,-0.0408616555,2.851620284,5,25,5x5
T5_NC_pos-1_w1,T5,NC,-1,160,1,575,-0.0429408069,2.98943715,5,25,5x5
T5_NC_pos-1_w1,T5,NC,-1,160,1,580,-0.3024360755,2.763340877,5,25,5x5
T5_NC_pos-1_w1,T5,NC,-1,160,1,585,-0.4956861671,2.661766478,5,25,5x5
T5_NC_pos-1_w1,T5,NC,-1,160,1,590,-0.5509861976,2.551477969,5,25,5x5
T5_NC_pos-1_w1,T5,NC,-1,160,1,595,-0.3985788106,2.663693168,5,25,5x5
T5_NC_pos-1_w1,T5,NC,-1,160,1,600,-0.424959183,2.491378356,5,25,5x5
T5_NC_pos-1_w1,T5,NC,-1,160,1,605,-0.6479829009,2.306537307,5,25,5x5
T5_NC_pos-1_w1,T5,NC,-1,160,1,610,-0.6121028032,2.163545371,5,25,5x5
T5_NC_pos-1_w1,T5,NC,-1,160,1,615,-0.2785472782,2.331154631,5,25,5x5
T5_NC_pos-1_w1,T5,NC,-1,160,1,620,-0.04090152119,2.2861813,5,25,5x5
T5_NC_pos-1_w1,T5,NC,-1,160,1,625,0.03938953498,2.25678284,5,25,5x5
T5_NC_pos-1_w1,T5,NC,-1,160,1,630,0.1992189611,2.067156986,5,25,5x5
T5_NC_pos-1_w1,T5,NC,-1,160,1,635,0.3913361162,1.763655942,5,25,5x5
T5_NC_pos-1_w1,T5,NC,-1,160,1,640,0.5313266534,1.50724001,5,25,5x5
T5_NC_pos-1_w1,T5,NC,-1,160,1,645,0.7409984178,1.644227894,5,25,5x5
T5_NC_pos-1_w1,T5,NC,-1,160,1,650,0.8037430454,1.236298675,5,25,5x5
T5_NC_pos-1_w1,T5,NC,-1,160,1,655,0.8129908781,0.9092940096,5,25,5x5
T5_NC_pos-1_w1,T5,NC,-1,160,1,660,0.7743762566,0.7076806972,5,25,5x5
T5_NC_pos-1_w1,T5,NC,-1,160,1,665,0.7665102615,0.6607449658,5,25,5x5
T5_NC_pos-1_w1,T5,NC,-1,160,1,670,0.6984759513,0.7694328703,5,25,5x5
T5_NC_pos-1_w1,T5,NC,-1,160,1,675,0.5806087963,1.000296117,5,25,5x5
T5_NC_pos-1_w1,T5,NC,-1,160,1,680,0.8688074532,0.9646455149,5,25,5x5
T5_NC_pos-1_w1,T5,NC,-1,160,1,685,0.7741695411,1.012481897,5,25,5x5
T5_NC_pos-1_w1,T5,NC,-1,160,1,690,0.716278546,1.187268651,5,25,5x5
T5_NC_pos-1_w1,T5,NC,-1,160,1,695,0.5561904202,1.251721313,5,25,5x5
T5_NC_pos-1_w1,T5,NC,-1,160,1,700,0.5116480515,1.424529765,5,25,5x5
T5_NC_pos-1_w1,T5,NC,-1,160,1,705,0.3639941443,1.290184721,5,25,5x5
T5_NC_pos-1_w1,T5,NC,-1,160,1,710,0.2533350783,1.474097996,5,25,5x5
T5_NC_pos-1_w1,T5,NC,-1,160,1,715,0.1163148708,1.382534639,5,25,5x5
T5_NC_pos-1_w1,T5,NC,-1,160,1,720,0.01248196477,1.525828628,5,25,5x5
T5_NC_pos-1_w1,T5,NC,-1,160,1,725,-0.04512130141,1.365616766,5,25,5x5
T5_NC_pos-1_w1,T5,NC,-1,160,1,730,-0.2869314662,1.424867408,5,25,5x5
T5_NC_pos-1_w1,T5,NC,-1,160,1,735,-0.1090421805,1.679849157,5,25,5x5
T5_NC_pos-1_w1,T5,NC,-1,160,1,740,-0.05862218663,1.894630879,5,25,5x5
T5_NC_pos-1_w1,T5,NC,-1,160,1,745,-0.1375641585,2.119103683,5,25,5x5
T5_NC_pos-1_w1,T5,NC,-1,160,1,750,-0.2580995065,2.013571501,5,25,5x5
T5_NC_pos+0_w1,T5,NC,0,160,1,-200,-0.1933154285,0.3865426242,5,25,5x5
T5_NC_pos+0_w1,T5,NC,0,160,1,-195,-0.02285584367,0.5569458633,5,25,5x5
T5_NC_pos+0_w1,T5,NC,0,160,1,-190,-0.09604656406,0.8170546098,5,25,5x5
T5_NC_pos+0_w1,T5,NC,0,160,1,-185,-0.04342287664,0.6395274708,5,25,5x5
T5_NC_pos+0_w1,T5,NC,0,160,1,-180,-0.0480822173,0.5577617082,5,25,5x5
T5_NC_pos+0_w1,T5,NC,0,160,1,-175,0.02624452263,0.5956031288,5,25,5x5
T5_NC_pos+0_w1,T5,NC,0,160,1,-170,0.05398908917,0.5439491081,5,25,5x5
T5_NC_pos+0_w1,T5,NC,0,160,1,-165,-0.1178663443,0.4980207468,5,25,5x5
T5_NC_pos+0_w1,T5,NC,0,160,1,-160,-0.1341764786,0.4741053941,5,25,5x5
T5_NC_pos+0_w1,T5,NC,0,160,1,-155,-0.005407736222,0.5509959715,5,25,5x5
T5_NC_pos+0_w1,T5,NC,0,160,1,-150,0.01486772165,0.4819516424,5,25,5x5
T5_NC_pos+0_w1,T5,NC,0,160,1,-145,0.0147114335,0.5445831629,5,25,5x5
T5_NC_pos+0_w1,T5,NC,0,160,1,-140,0.2345014213,0.5626444828,5,25,5x5
T5_NC_pos+0_w1,T5,NC,0,160,1,-135,0.2036760245,0.5105238114,5,25,5x5
T5_NC_pos+0_w1,T5,NC,0,160,1,-130,0.3364442784,0.4766537944,5,25,5x5
T5_NC_pos+0_w1,T5,NC,0,160,1,-125,0.5303500171,0.5868109895,5,25,5x5
T5_NC_pos+0_w1,T5,NC,0,160,1,-120,0.6054332894,0.6207453705,5,25,5x5
T5_NC_pos+0_w1,T5,NC,0,160,1,-115,0.8616980025,1.242629342,5,25,5x5
T5_NC_pos+0_w1,T5,NC,0,160,1,-110,0.6142757803,1.035911245,5,25,5x5
T5_NC_pos+0_w1,T5,NC,0,160,1,-105,0.5803382955,1.03184215,5,25,5x5
T5_NC_pos+0_w1,T5,NC,0,160,1,-100,0.562191287,1.206738347,5,25,5x5
T5_NC_pos+0_w1,T5,NC,0,160,1,-95,0.3277805422,1.046420122,5,25,5x5
T5_NC_pos+0_w1,T5,NC,0,160,1,-90,0.1279446447,1.009118962,5,25,5x5
T5_NC_pos+0_w1,T5,NC,0,160,1,-85,-0.07202605124,1.044146667,5,25,5x5
T5_NC_pos+0_w1,T5,NC,0,160,1,-80,-0.2812280048,0.9028742479,5,25,5x5
T5_NC_pos+0_w1,T5,NC,0,160,1,-75,-0.3418731819,0.9035362336,5,25,5x5
T5_NC_pos+0_w1,T5,NC,0,160,1,-70,-0.3822951599,0.8444227594,5,25,5x5
T5_NC_pos+0_w1,T5,NC,0,160,1,-65,-0.2994048058,1.033071124,5,25,5x5
T5_NC_pos+0_w1,T5,NC,0,160,1,-60,-0.2470521807,0.7062375505,5,25,5x5
T5_NC_pos+0_w1,T5,NC,0,160,1,-55,-0.2791254407,0.6262171208,5,25,5x5
T5_NC_pos+0_w1,T5,NC,0,160,1,-50,0.002540493326,0.5743861884,5,25,5x5
T5_NC_pos+0_w1,T5,NC,0,160,1,-45,0.05606039565,0.4561578775,5,25,5x5
T5_NC_pos+0_w1,T5,NC,0,160,1,-40,0.1987905544,0.3039420001,5,25,5x5
T5_NC_pos+0_w1,T5,NC,0,160,1,-35,0.1984349988,0.4358952372,5,25,5x5
T5_NC_pos+0_w1,T5,NC,0,160,1,-30,0.2660403712,0.5934202547,5,25,5x5
T5_NC_pos+0_w1,T5,NC,0,160,1,-25,0.08566381445,0.7121197788,5,25,5x5
T5_NC_pos+0_w1,T5,NC,0,160,1,-20,0.09368628087,0.891638089,5,25,5x5
T5_NC_pos+0_w1,T5,NC,0,160,1,-15,-0.09746390228,1.157282896,5,25,5x5
T5_NC_pos+0_w1,T5,NC,0,160,1,-10,-0.01959186321,1.215311634,5,25,5x5
T5_NC_pos+0_w1,T5,NC,0,160,1,-5,-0.09574229056,1.070357437,5,25,5x5
T5_NC_pos+0_w1,T5,NC,0,160,1,0,-0.1835532796,1.221920788,5,25,5x5
T5_NC_pos+0_w1,T5,NC,0,160,1,5,-0.2430223882,1.398707132,5,25,5x5
T5_NC_pos+0_w1,T5,NC,0,160,1,10,-0.2425930842,1.722143827,5,25,5x5
T5_NC_pos+0_w1,T5,NC,0,160,1,15,-0.06241042242,1.530895851,5,25,5x5
T5_NC_pos+0_w1,T5,NC,0,160,1,20,-0.08563435405,1.442949216,5,25,5x5
T5_NC_pos+0_w1,T5,NC,0,160,1,25,-0.1757271501,1.361390246,5,25,5x5
T5_NC_pos+0_w1,T5,NC,0,160,1,30,-0.2493295921,1.400863988,5,25,5x5
T5_NC_pos+0_w1,T5,NC,0,160,1,35,-0.4201227545,1.472164942,5,25,5x5
T5_NC_pos+0_w1,T5,NC,0,160,1,40,-0.4561051721,1.594841179,5,25,5x5
T5_NC_pos+0_w1,T5,NC,0,160,1,45,-0.5466297142,1.589920764,5,25,5x5
T5_NC_pos+0_w1,T5,NC,0,160,1,50,-0.6261325225,1.523226486,5,25,5x5
T5_NC_pos+0_w1,T5,NC,0,160,1,55,-0.7842634139,1.44635928,5,25,5x5
T5_NC_pos+0_w1,T5,NC,0,160,1,60,-0.9329935726,1.387959632,5,25,5x5
T5_NC_pos+0_w1,T5,NC,0,160,1,65,-1.117261216,1.436622036,5,25,5x5
T5_NC_pos+0_w1,T5,NC,0,160,1,70,-1.306308835,1.440219027,5,25,5x5
T5_NC_pos+0_w1,T5,NC,0,160,1,75,-1.425669519,1.490799799,5,25,5x5
T5_NC_pos+0_w1,T5,NC,0,160,1,80,-1.545129836,1.598454392,5,25,5x5
T5_NC_pos+0_w1,T5,NC,0,160,1,85,-1.544511521,1.638571264,5,25,5x5
T5_NC_pos+0_w1,T5,NC,0,160,1,90,-1.62644168,1.495012652,5,25,5x5
T5_NC_pos+0_w1,T5,NC,0,160,1,95,-1.48636842,1.718211835,5,25,5x5
T5_NC_pos+0_w1,T5,NC,0,160,1,100,-1.48451201,1.836960905,5,25,5x5
T5_NC_pos+0_w1,T5,NC,0,160,1,105,-1.368493451,1.789415711,5,25,5x5
T5_NC_pos+0_w1,T5,NC,0,160,1,110,-1.242023609,1.825798881,5,25,5x5
T5_NC_pos+0_w1,T5,NC,0,160,1,115,-1.040122755,1.994537146,5,25,5x5
T5_NC_pos+0_w1,T5,NC,0,160,1,120,-0.6887547448,2.149597411,5,25,5x5
T5_NC_pos+0_w1,T5,NC,0,160,1,125,-0.612176967,2.298719002,5,25,5x5
T5_NC_pos+0_w1,T5,NC,0,160,1,130,-0.5746634139,2.320364674,5,25,5x5
T5_NC_pos+0_w1,T5,NC,0,160,1,135,-0.493227028,2.390615651,5,25,5x5
T5_NC_pos+0_w1,T5,NC,0,160,1,140,-0.5131342319,2.523312873,5,25,5x5
T5_NC_pos+0_w1,T5,NC,0,160,1,145,-0.4636558437,2.587595186,5,25,5x5
T5_NC_pos+0_w1,T5,NC,0,160,1,150,-0.6976367961,2.678496672,5,25,5x5
T5_NC_pos+0_w1,T5,NC,0,160,1,155,-0.7864612161,2.47720769,5,25,5x5
T5_NC_pos+0_w1,T5,NC,0,160,1,160,-0.6817691526,2.469552534,5,25,5x5
T5_NC_pos+0_w1,T5,NC,0,160,1,165,-0.7518673211,2.532314818,5,25,5x5
T5_NC_pos+0_w1,T5,NC,0,160,1,170,-0.4814482735,2.769264055,5,25,5x5
T5_NC_pos+0_w1,T5,NC,0,160,1,175,-0.32561726,2.572242022,5,25,5x5
T5_NC_pos+0_w1,T5,NC,0,160,1,180,-0.2478585299,2.477331544,5,25,5x5
T5_NC_pos+0_w1,T5,NC,0,160,1,185,-0.1483625592,2.724417196,5,25,5x5
T5_NC_pos+0_w1,T5,NC,0,160,1,190,0.01575856414,2.874817231,5,25,5x5
T5_NC_pos+0_w1,T5,NC,0,160,1,195,0.1170538022,2.886228053,5,25,5x5
T5_NC_pos+0_w1,T5,NC,0,160,1,200,0.6000950721,2.686758158,5,25,5x5
T5_NC_pos+0_w1,T5,NC,0,160,1,205,1.276788112,2.785021497,5,25,5x5
T5_NC_pos+0_w1,T5,NC,0,160,1,210,2.407758564,3.290926198,5,25,5x5
T5_NC_pos+0_w1,T5,NC,0,160,1,215,2.889540249,3.455967268,5,25,5x5
T5_NC_pos+0_w1,T5,NC,0,160,1,220,3.222597148,3.477218714,5,25,5x5
T5_NC_pos+0_w1,T5,NC,0,160,1,225,3.8728897,3.683572538,5,25,5x5
T5_NC_pos+0_w1,T5,NC,0,160,1,230,4.647544645,4.001049174,5,25,5x5
T5_NC_pos+0_w1,T5,NC,0,160,1,235,4.88778738,3.876027585,5,25,5x5
T5_NC_pos+0_w1,T5,NC,0,160,1,240,5.150847209,4.067137203,5,25,5x5
T5_NC_pos+0_w1,T5,NC,0,160,1,245,5.385650139,4.111375177,5,25,5x5
T5_NC_pos+0_w1,T5,NC,0,160,1,250,5.607745866,4.318670134,5,25,5x5
T5_NC_pos+0_w1,T5,NC,0,160,1,255,5.749888967,4.289981102,5,25,5x5
T5_NC_pos+0_w1,T5,NC,0,160,1,260,5.911028894,4.415939209,5,25,5x5
T5_NC_pos+0_w1,T5,NC,0,160,1,265,6.077224742,4.822667918,5,25,5x5
T5_NC_pos+0_w1,T5,NC,0,160,1,270,5.860183961,4.297611397,5,25,5x5
T5_NC_pos+0_w1,T5,NC,0,160,1,275,5.83033683,3.830333275,5,25,5x5
T5_NC_pos+0_w1,T5,NC,0,160,1,280,5.37760716,3.560847928,5,25,5x5
T5_NC_pos+0_w1,T5,NC,0,160,1,285,5.286899956,3.30296455,5,25,5x5
T5_NC_pos+0_w1,T5,NC,0,160,1,290,5.55961644,3.474310458,5,25,5x5
T5_NC_pos+0_w1,T5,NC,0,160,1,295,5.738444278,3.538891044,5,25,5x5
T5_NC_pos+0_w1,T5,NC,0,160,1,300,5.687845988,3.644115725,5,25,5x5
T5_NC_pos+0_w1,T5,NC,0,160,1,305,5.497330725,3.470975868,5,25,5x5
T5_NC_pos+0_w1,T5,NC,0,160,1,310,5.445115829,3.348816883,5,25,5x5
T5_NC_pos+0_w1,T5,NC,0,160,1,315,5.321576391,3.39413214,5,25,5x5
T5_NC_pos+0_w1,T5,NC,0,160,1,320,5.080381275,3.165514172,5,25,5x5
T5_NC_pos+0_w1,T5,NC,0,160,1,325,5.076704107,2.93798242,5,25,5x5
T5_NC_pos+0_w1,T5,NC,0,160,1,330,5.069373216,2.837585095,5,25,5x5
T5_NC_pos+0_w1,T5,NC,0,160,1,335,5.120277734,2.950928595,5,25,5x5
T5_NC_pos+0_w1,T5,NC,0,160,1,340,5.05865136,3.053553193,5,25,5x5
T5_NC_pos+0_w1,T5,NC,0,160,1,345,4.910423766,3.120668488,5,25,5x5
T5_NC_pos+0_w1,T5,NC,0,160,1,350,4.869444523,3.278818117,5,25,5x5
T5_NC_pos+0_w1,T5,NC,0,160,1,355,5.293340982,3.389077657,5,25,5x5
T5_NC_pos+0_w1,T5,NC,0,160,1,360,5.291732191,2.901112334,5,25,5x5
T5_NC_pos+0_w1,T5,NC,0,160,1,365,5.083401055,2.666373049,5,25,5x5
T5_NC_pos+0_w1,T5,NC,0,160,1,370,4.825358076,2.641864736,5,25,5x5
T5_NC_pos+0_w1,T5,NC,0,160,1,375,4.510051116,2.648912169,5,25,5x5
T5_NC_pos+0_w1,T5,NC,0,160,1,380,4.140489211,2.582682342,5,25,5x5
T5_NC_pos+0_w1,T5,NC,0,160,1,385,4.440788601,2.876886847,5,25,5x5
T5_NC_pos+0_w1,T5,NC,0,160,1,390,4.395861617,3.288189248,5,25,5x5
T5_NC_pos+0_w1,T5,NC,0,160,1,395,4.835465035,4.005421249,5,25,5x5
T5_NC_pos+0_w1,T5,NC,0,160,1,400,4.833854291,4.07784286,5,25,5x5
T5_NC_pos+0_w1,T5,NC,0,160,1,405,4.629168576,3.768824312,5,25,5x5
T5_NC_pos+0_w1,T5,NC,0,160,1,410,4.396445744,3.971190359,5,25,5x5
T5_NC_pos+0_w1,T5,NC,0,160,1,415,4.307409358,4.342009242,5,25,5x5
T5_NC_pos+0_w1,T5,NC,0,160,1,420,4.20655368,4.636763822,5,25,5x5
T5_NC_pos+0_w1,T5,NC,0,160,1,425,4.118886769,4.479097506,5,25,5x5
T5_NC_pos+0_w1,T5,NC,0,160,1,430,3.96278274,4.29582168,5,25,5x5
T5_NC_pos+0_w1,T5,NC,0,160,1,435,3.679205695,3.909580581,5,25,5x5
T5_NC_pos+0_w1,T5,NC,0,160,1,440,3.244090188,3.628269298,5,25,5x5
T5_NC_pos+0_w1,T5,NC,0,160,1,445,2.819433289,3.265490974,5,25,5x5
T5_NC_pos+0_w1,T5,NC,0,160,1,450,2.578258686,3.044141576,5,25,5x5
T5_NC_pos+0_w1,T5,NC,0,160,1,455,2.299331702,2.682288301,5,25,5x5
T5_NC_pos+0_w1,T5,NC,0,160,1,460,2.141050872,2.443836331,5,25,5x5
T5_NC_pos+0_w1,T5,NC,0,160,1,465,1.843987136,2.307616433,5,25,5x5
T5_NC_pos+0_w1,T5,NC,0,160,1,470,2.049770774,2.059054029,5,25,5x5
T5_NC_pos+0_w1,T5,NC,0,160,1,475,1.83735368,1.996224799,5,25,5x5
T5_NC_pos+0_w1,T5,NC,0,160,1,480,1.954054046,2.119945983,5,25,5x5
T5_NC_pos+0_w1,T5,NC,0,160,1,485,1.71050777,2.026748832,5,25,5x5
T5_NC_pos+0_w1,T5,NC,0,160,1,490,1.685535854,1.882973605,5,25,5x5
T5_NC_pos+0_w1,T5,NC,0,160,1,495,1.64715832,1.83320338,5,25,5x5
T5_NC_pos+0_w1,T5,NC,0,160,1,500,1.612382252,1.855584565,5,25,5x5
T5_NC_pos+0_w1,T5,NC,0,160,1,505,1.537134388,1.928931332,5,25,5x5
T5_NC_pos+0_w1,T5,NC,0,160,1,510,1.651054779,1.84656492,5,25,5x5
T5_NC_pos+0_w1,T5,NC,0,160,1,515,1.674743668,1.8175171,5,25,5x5
T5_NC_pos+0_w1,T5,NC,0,160,1,520,1.611821568,1.77189678,5,25,5x5
T5_NC_pos+0_w1,T5,NC,0,160,1,525,1.587794217,1.838011822,5,25,5x5
T5_NC_pos+0_w1,T5,NC,0,160,1,530,1.557194462,1.864592199,5,25,5x5
T5_NC_pos+0_w1,T5,NC,0,160,1,535,1.474854535,1.865315922,5,25,5x5
T5_NC_pos+0_w1,T5,NC,0,160,1,540,1.617493363,1.706425405,5,25,5x5
T5_NC_pos+0_w1,T5,NC,0,160,1,545,1.786898491,1.82980277,5,25,5x5
T5_NC_pos+0_w1,T5,NC,0,160,1,550,1.88957981,1.967581669,5,25,5x5
T5_NC_pos+0_w1,T5,NC,0,160,1,555,2.048903375,1.935121766,5,25,5x5
T5_NC_pos+0_w1,T5,NC,0,160,1,560,1.942523888,1.765255814,5,25,5x5
T5_NC_pos+0_w1,T5,NC,0,160,1,565,1.732525841,1.583035476,5,25,5x5
T5_NC_pos+0_w1,T5,NC,0,160,1,570,1.878959053,1.465245087,5,25,5x5
T5_NC_pos+0_w1,T5,NC,0,160,1,575,1.800056977,1.473409102,5,25,5x5
T5_NC_pos+0_w1,T5,NC,0,160,1,580,1.740032557,1.500043246,5,25,5x5
T5_NC_pos+0_w1,T5,NC,0,160,1,585,1.659070408,1.634813386,5,25,5x5
T5_NC_pos+0_w1,T5,NC,0,160,1,590,1.429797148,1.542253363,5,25,5x5
T5_NC_pos+0_w1,T5,NC,0,160,1,595,1.288504352,1.511014889,5,25,5x5
T5_NC_pos+0_w1,T5,NC,0,160,1,600,1.227044523,1.530725439,5,25,5x5
T5_NC_pos+0_w1,T5,NC,0,160,1,605,1.295448918,1.426824934,5,25,5x5
T5_NC_pos+0_w1,T5,NC,0,160,1,610,1.34736296,1.648571207,5,25,5x5
T5_NC_pos+0_w1,T5,NC,0,160,1,615,1.337913387,1.665072567,5,25,5x5
T5_NC_pos+0_w1,T5,NC,0,160,1,620,1.085071385,1.643233989,5,25,5x5
T5_NC_pos+0_w1,T5,NC,0,160,1,625,1.184186403,1.368777338,5,25,5x5
T5_NC_pos+0_w1,T5,NC,0,160,1,630,1.059778589,1.582481318,5,25,5x5
T5_NC_pos+0_w1,T5,NC,0,160,1,635,0.9375954384,1.819643306,5,25,5x5
T5_NC_pos+0_w1,T5,NC,0,160,1,640,0.9460574652,2.025312279,5,25,5x5
T5_NC_pos+0_w1,T5,NC,0,160,1,645,1.260783228,1.784085725,5,25,5x5
T5_NC_pos+0_w1,T5,NC,0,160,1,650,1.172762227,1.636364983,5,25,5x5
T5_NC_pos+0_w1,T5,NC,0,160,1,655,1.164738784,1.878408225,5,25,5x5
T5_NC_pos+0_w1,T5,NC,0,160,1,660,1.081407893,1.883238147,5,25,5x5
T5_NC_pos+0_w1,T5,NC,0,160,1,665,1.119972972,2.026534682,5,25,5x5
T5_NC_pos+0_w1,T5,NC,0,160,1,670,1.149273094,2.164572527,5,25,5x5
T5_NC_pos+0_w1,T5,NC,0,160,1,675,1.289249651,2.237663077,5,25,5x5
T5_NC_pos+0_w1,T5,NC,0,160,1,680,1.203424987,2.256302319,5,25,5x5
T5_NC_pos+0_w1,T5,NC,0,160,1,685,1.257736586,2.422346694,5,25,5x5
T5_NC_pos+0_w1,T5,NC,0,160,1,690,1.23555539,2.133531718,5,25,5x5
T5_NC_pos+0_w1,T5,NC,0,160,1,695,1.163985182,2.029758862,5,25,5x5
T5_NC_pos+0_w1,T5,NC,0,160,1,700,0.9684848157,1.873208693,5,25,5x5
T5_NC_pos+0_w1,T5,NC,0,160,1,705,0.7333575873,1.679400898,5,25,5x5
T5_NC_pos+0_w1,T5,NC,0,160,1,710,0.5942049622,1.665374571,5,25,5x5
T5_NC_pos+0_w1,T5,NC,0,160,1,715,0.4745033749,1.884177234,5,25,5x5
T5_NC_pos+0_w1,T5,NC,0,160,1,720,0.4722806643,2.179049132,5,25,5x5
T5_NC_pos+0_w1,T5,NC,0,160,1,725,0.5151031307,2.383537373,5,25,5x5
T5_NC_pos+0_w1,T5,NC,0,160,1,730,0.6730039854,2.19742501,5,25,5x5
T5_NC_pos+0_w1,T5,NC,0,160,1,735,0.7323929964,1.951780187,5,25,5x5
T5_NC_pos+0_w1,T5,NC,0,160,1,740,0.8039788328,1.532268466,5,25,5x5
T5_NC_pos+0_w1,T5,NC,0,160,1,745,0.8091177827,1.234350902,5,25,5x5
T5_NC_pos+0_w1,T5,NC,0,160,1,750,0.8079871356,0.9504114582,5,25,5x5
T5_NC_pos+1_w1,T5,NC,1,160,1,-200,-0.4414604558,1.478374912,5,25,5x5
T5_NC_pos+1_w1,T5,NC,1,160,1,-195,-0.2890130809,1.30544408,5,25,5x5
T5_NC_pos+1_w1,T5,NC,1,160,1,-190,-0.3055967195,1.070382493,5,25,5x5
T5_NC_pos+1_w1,T5,NC,1,160,1,-185,-0.1860519088,0.8909393887,5,25,5x5
T5_NC_pos+1_w1,T5,NC,1,160,1,-180,0.1721463818,0.8277121417,5,25,5x5
T5_NC_pos+1_w1,T5,NC,1,160,1,-175,0.1940233049,0.876677026,5,25,5x5
T5_NC_pos+1_w1,T5,NC,1,160,1,-170,0.2642787384,1.003507066,5,25,5x5
T5_NC_pos+1_w1,T5,NC,1,160,1,-165,0.6450513879,1.513441105,5,25,5x5
T5_NC_pos+1_w1,T5,NC,1,160,1,-160,0.8701336834,1.587634887,5,25,5x5
T5_NC_pos+1_w1,T5,NC,1,160,1,-155,0.914142963,1.280522176,5,25,5x5
T5_NC_pos+1_w1,T5,NC,1,160,1,-150,0.8083529752,0.9360828301,5,25,5x5
T5_NC_pos+1_w1,T5,NC,1,160,1,-145,0.7815930241,0.6066007868,5,25,5x5
T5_NC_pos+1_w1,T5,NC,1,160,1,-140,0.7054289215,0.6928081854,5,25,5x5
T5_NC_pos+1_w1,T5,NC,1,160,1,-135,0.5009966871,0.6352268651,5,25,5x5
T5_NC_pos+1_w1,T5,NC,1,160,1,-130,0.3656853318,0.7295700712,5,25,5x5
T5_NC_pos+1_w1,T5,NC,1,160,1,-125,0.3154176883,0.656812965,5,25,5x5
T5_NC_pos+1_w1,T5,NC,1,160,1,-120,0.350908775,0.6542283279,5,25,5x5
T5_NC_pos+1_w1,T5,NC,1,160,1,-115,0.2483065772,0.7221765872,5,25,5x5
T5_NC_pos+1_w1,T5,NC,1,160,1,-110,0.2160799594,0.7788761557,5,25,5x5
T5_NC_pos+1_w1,T5,NC,1,160,1,-105,0.04308459918,0.8724099036,5,25,5x5
T5_NC_pos+1_w1,T5,NC,1,160,1,-100,0.06634809124,0.7950964681,5,25,5x5
T5_NC_pos+1_w1,T5,NC,1,160,1,-95,-0.04083090754,0.8601151569,5,25,5x5
T5_NC_pos+1_w1,T5,NC,1,160,1,-90,0.2366118275,0.9484027188,5,25,5x5
T5_NC_pos+1_w1,T5,NC,1,160,1,-85,0.1715940009,1.158922312,5,25,5x5
T5_NC_pos+1_w1,T5,NC,1,160,1,-80,0.1734220839,1.058639322,5,25,5x5
T5_NC_pos+1_w1,T5,NC,1,160,1,-75,0.2172677494,1.141784975,5,25,5x5
T5_NC_pos+1_w1,T5,NC,1,160,1,-70,0.212459935,1.223658494,5,25,5x5
T5_NC_pos+1_w1,T5,NC,1,160,1,-65,0.174086797,1.276094772,5,25,5x5
T5_NC_pos+1_w1,T5,NC,1,160,1,-60,0.2191822793,0.7434003089,5,25,5x5
T5_NC_pos+1_w1,T5,NC,1,160,1,-55,0.2808457713,0.6762666604,5,25,5x5
T5_NC_pos+1_w1,T5,NC,1,160,1,-50,0.2262245259,0.6114208421,5,25,5x5
T5_NC_pos+1_w1,T5,NC,1,160,1,-45,0.569662377,1.264129448,5,25,5x5
T5_NC_pos+1_w1,T5,NC,1,160,1,-40,0.5637571267,1.156713927,5,25,5x5
T5_NC_pos+1_w1,T5,NC,1,160,1,-35,0.5642958324,1.147732757,5,25,5x5
T5_NC_pos+1_w1,T5,NC,1,160,1,-30,0.4804091413,0.9629747011,5,25,5x5
T5_NC_pos+1_w1,T5,NC,1,160,1,-25,0.5117082866,0.7756291563,5,25,5x5
T5_NC_pos+1_w1,T5,NC,1,160,1,-20,0.6747397884,0.7271241521,5,25,5x5
T5_NC_pos+1_w1,T5,NC,1,160,1,-15,0.8021053562,0.7770681374,5,25,5x5
T5_NC_pos+1_w1,T5,NC,1,160,1,-10,0.8703769069,0.8316428659,5,25,5x5
T5_NC_pos+1_w1,T5,NC,1,160,1,-5,0.8417195198,0.9513979873,5,25,5x5
T5_NC_pos+1_w1,T5,NC,1,160,1,0,0.8763739765,1.103413578,5,25,5x5
T5_NC_pos+1_w1,T5,NC,1,160,1,5,0.7254445503,1.218468968,5,25,5x5
T5_NC_pos+1_w1,T5,NC,1,160,1,10,0.6451378348,1.272142099,5,25,5x5
T5_NC_pos+1_w1,T5,NC,1,160,1,15,0.4032994954,1.139789567,5,25,5x5
T5_NC_pos+1_w1,T5,NC,1,160,1,20,0.2948023037,1.021860982,5,25,5x5
T5_NC_pos+1_w1,T5,NC,1,160,1,25,0.1661786163,0.8247796543,5,25,5x5
T5_NC_pos+1_w1,T5,NC,1,160,1,30,0.1469190314,0.6151590295,5,25,5x5
T5_NC_pos+1_w1,T5,NC,1,160,1,35,-0.128468026,0.3752534359,5,25,5x5
T5_NC_pos+1_w1,T5,NC,1,160,1,40,-0.2775566707,0.4947953003,5,25,5x5
T5_NC_pos+1_w1,T5,NC,1,160,1,45,-0.5134731542,0.6027151029,5,25,5x5
T5_NC_pos+1_w1,T5,NC,1,160,1,50,-0.7559732763,0.7531869205,5,25,5x5
T5_NC_pos+1_w1,T5,NC,1,160,1,55,-0.9320206511,0.9112724615,5,25,5x5
T5_NC_pos+1_w1,T5,NC,1,160,1,60,-1.125258746,1.039916151,5,25,5x5
T5_NC_pos+1_w1,T5,NC,1,160,1,65,-1.269869735,1.060469129,5,25,5x5
T5_NC_pos+1_w1,T5,NC,1,160,1,70,-1.463841408,1.095096675,5,25,5x5
T5_NC_pos+1_w1,T5,NC,1,160,1,75,-1.495087318,1.178312989,5,25,5x5
T5_NC_pos+1_w1,T5,NC,1,160,1,80,-1.280634571,1.42085359,5,25,5x5
T5_NC_pos+1_w1,T5,NC,1,160,1,85,-1.240336646,1.648125113,5,25,5x5
T5_NC_pos+1_w1,T5,NC,1,160,1,90,-1.087053618,1.836551805,5,25,5x5
T5_NC_pos+1_w1,T5,NC,1,160,1,95,-1.001767171,1.888991453,5,25,5x5
T5_NC_pos+1_w1,T5,NC,1,160,1,100,-0.911250932,1.693938175,5,25,5x5
T5_NC_pos+1_w1,T5,NC,1,160,1,105,-0.6188953764,1.704019493,5,25,5x5
T5_NC_pos+1_w1,T5,NC,1,160,1,110,-0.3763195522,1.824980949,5,25,5x5
T5_NC_pos+1_w1,T5,NC,1,160,1,115,-0.3287869515,1.881043031,5,25,5x5
T5_NC_pos+1_w1,T5,NC,1,160,1,120,-0.2445720553,2.035593018,5,25,5x5
T5_NC_pos+1_w1,T5,NC,1,160,1,125,-0.07531637762,2.204064308,5,25,5x5
T5_NC_pos+1_w1,T5,NC,1,160,1,130,0.006028677324,2.319975509,5,25,5x5
T5_NC_pos+1_w1,T5,NC,1,160,1,135,0.2949073098,2.413801791,5,25,5x5
T5_NC_pos+1_w1,T5,NC,1,160,1,140,0.4397341718,2.613685511,5,25,5x5
T5_NC_pos+1_w1,T5,NC,1,160,1,145,0.5171060888,2.723120889,5,25,5x5
T5_NC_pos+1_w1,T5,NC,1,160,1,150,0.3225859423,2.517209058,5,25,5x5
T5_NC_pos+1_w1,T5,NC,1,160,1,155,0.3508399105,2.566850137,5,25,5x5
T5_NC_pos+1_w1,T5,NC,1,160,1,160,0.6556042573,2.657149043,5,25,5x5
T5_NC_pos+1_w1,T5,NC,1,160,1,165,0.8697908263,2.848437207,5,25,5x5
T5_NC_pos+1_w1,T5,NC,1,160,1,170,0.7165922915,2.873873855,5,25,5x5
T5_NC_pos+1_w1,T5,NC,1,160,1,175,0.827861156,2.849202273,5,25,5x5
T5_NC_pos+1_w1,T5,NC,1,160,1,180,1.063809386,2.957439111,5,25,5x5
T5_NC_pos+1_w1,T5,NC,1,160,1,185,1.226799862,2.931568362,5,25,5x5
T5_NC_pos+1_w1,T5,NC,1,160,1,190,1.526741742,2.848116685,5,25,5x5
T5_NC_pos+1_w1,T5,NC,1,160,1,195,1.540571779,2.530517561,5,25,5x5
T5_NC_pos+1_w1,T5,NC,1,160,1,200,2.056828189,2.458296132,5,25,5x5
T5_NC_pos+1_w1,T5,NC,1,160,1,205,2.957524648,2.940710076,5,25,5x5
T5_NC_pos+1_w1,T5,NC,1,160,1,210,3.352744672,3.0794179,5,25,5x5
T5_NC_pos+1_w1,T5,NC,1,160,1,215,3.788182523,2.966950401,5,25,5x5
T5_NC_pos+1_w1,T5,NC,1,160,1,220,4.378507798,2.854498023,5,25,5x5
T5_NC_pos+1_w1,T5,NC,1,160,1,225,4.983773732,2.776380673,5,25,5x5
T5_NC_pos+1_w1,T5,NC,1,160,1,230,5.473501205,2.941728313,5,25,5x5
T5_NC_pos+1_w1,T5,NC,1,160,1,235,6.087093879,3.164873679,5,25,5x5
T5_NC_pos+1_w1,T5,NC,1,160,1,240,6.813688262,3.245597803,5,25,5x5
T5_NC_pos+1_w1,T5,NC,1,160,1,245,6.944981547,2.803282233,5,25,5x5
T5_NC_pos+1_w1,T5,NC,1,160,1,250,7.345955417,2.553058241,5,25,5x5
T5_NC_pos+1_w1,T5,NC,1,160,1,255,7.543332707,2.361721416,5,25,5x5
T5_NC_pos+1_w1,T5,NC,1,160,1,260,7.849663354,2.315527189,5,25,5x5
T5_NC_pos+1_w1,T5,NC,1,160,1,265,7.710590826,1.875451501,5,25,5x5
T5_NC_pos+1_w1,T5,NC,1,160,1,270,7.478512682,1.424754618,5,25,5x5
T5_NC_pos+1_w1,T5,NC,1,160,1,275,7.348150777,1.274184776,5,25,5x5
T5_NC_pos+1_w1,T5,NC,1,160,1,280,7.382331486,1.647899377,5,25,5x5
T5_NC_pos+1_w1,T5,NC,1,160,1,285,7.299900228,1.820854185,5,25,5x5
T5_NC_pos+1_w1,T5,NC,1,160,1,290,7.324678738,2.320586034,5,25,5x5
T5_NC_pos+1_w1,T5,NC,1,160,1,295,7.216067261,2.762671641,5,25,5x5
T5_NC_pos+1_w1,T5,NC,1,160,1,300,7.020719764,2.996066435,5,25,5x5
T5_NC_pos+1_w1,T5,NC,1,160,1,305,6.66648289,3.141032651,5,25,5x5
T5_NC_pos+1_w1,T5,NC,1,160,1,310,6.38793637,3.31263764,5,25,5x5
T5_NC_pos+1_w1,T5,NC,1,160,1,315,6.076707066,3.154493728,5,25,5x5
T5_NC_pos+1_w1,T5,NC,1,160,1,320,5.755735149,3.189766571,5,25,5x5
T5_NC_pos+1_w1,T5,NC,1,160,1,325,5.63214687,3.399438228,5,25,5x5
T5_NC_pos+1_w1,T5,NC,1,160,1,330,5.3843393,3.166208664,5,25,5x5
T5_NC_pos+1_w1,T5,NC,1,160,1,335,5.373180814,2.920664579,5,25,5x5
T5_NC_pos+1_w1,T5,NC,1,160,1,340,5.369438201,3.083916297,5,25,5x5
T5_NC_pos+1_w1,T5,NC,1,160,1,345,5.272722206,3.160941226,5,25,5x5
T5_NC_pos+1_w1,T5,NC,1,160,1,350,5.065973976,3.122644585,5,25,5x5
T5_NC_pos+1_w1,T5,NC,1,160,1,355,5.020698763,2.825742027,5,25,5x5
T5_NC_pos+1_w1,T5,NC,1,160,1,360,4.867754196,2.55624684,5,25,5x5
T5_NC_pos+1_w1,T5,NC,1,160,1,365,4.787267261,2.502714088,5,25,5x5
T5_NC_pos+1_w1,T5,NC,1,160,1,370,4.567293146,2.440728097,5,25,5x5
T5_NC_pos+1_w1,T5,NC,1,160,1,375,4.278854074,2.151014607,5,25,5x5
T5_NC_pos+1_w1,T5,NC,1,160,1,380,4.061255539,2.035671737,5,25,5x5
T5_NC_pos+1_w1,T5,NC,1,160,1,385,3.912720741,2.039519218,5,25,5x5
T5_NC_pos+1_w1,T5,NC,1,160,1,390,3.923084599,2.424592152,5,25,5x5
T5_NC_pos+1_w1,T5,NC,1,160,1,395,3.72202477,2.722620456,5,25,5x5
T5_NC_pos+1_w1,T5,NC,1,160,1,400,3.239496809,2.580011243,5,25,5x5
T5_NC_pos+1_w1,T5,NC,1,160,1,405,2.938101449,2.198021708,5,25,5x5
T5_NC_pos+1_w1,T5,NC,1,160,1,410,2.696926846,2.037183118,5,25,5x5
T5_NC_pos+1_w1,T5,NC,1,160,1,415,2.619564208,1.796084344,5,25,5x5
T5_NC_pos+1_w1,T5,NC,1,160,1,420,2.530062377,1.896502795,5,25,5x5
T5_NC_pos+1_w1,T5,NC,1,160,1,425,2.422638201,1.697389806,5,25,5x5
T5_NC_pos+1_w1,T5,NC,1,160,1,430,2.052744672,1.672507417,5,25,5x5
T5_NC_pos+1_w1,T5,NC,1,160,1,435,2.033280448,1.55597599,5,25,5x5
T5_NC_pos+1_w1,T5,NC,1,160,1,440,1.943878738,1.419881037,5,25,5x5
T5_NC_pos+1_w1,T5,NC,1,160,1,445,1.718766162,1.358298893,5,25,5x5
T5_NC_pos+1_w1,T5,NC,1,160,1,450,1.58953637,1.373490097,5,25,5x5
T5_NC_pos+1_w1,T5,NC,1,160,1,455,1.515721962,1.423887142,5,25,5x5
T5_NC_pos+1_w1,T5,NC,1,160,1,460,1.665603769,1.534745889,5,25,5x5
T5_NC_pos+1_w1,T5,NC,1,160,1,465,1.766405723,1.616215509,5,25,5x5
T5_NC_pos+1_w1,T5,NC,1,160,1,470,1.731871412,1.763952813,5,25,5x5
T5_NC_pos+1_w1,T5,NC,1,160,1,475,1.746752975,1.972295824,5,25,5x5
T5_NC_pos+1_w1,T5,NC,1,160,1,480,1.956685088,2.462805626,5,25,5x5
T5_NC_pos+1_w1,T5,NC,1,160,1,485,2.6159393,3.098413662,5,25,5x5
T5_NC_pos+1_w1,T5,NC,1,160,1,490,2.800384233,3.387309502,5,25,5x5
T5_NC_pos+1_w1,T5,NC,1,160,1,495,2.665447969,3.415638746,5,25,5x5
T5_NC_pos+1_w1,T5,NC,1,160,1,500,2.126584477,2.765152129,5,25,5x5
T5_NC_pos+1_w1,T5,NC,1,160,1,505,1.70236372,2.420332783,5,25,5x5
T5_NC_pos+1_w1,T5,NC,1,160,1,510,1.442448213,2.535904475,5,25,5x5
T5_NC_pos+1_w1,T5,NC,1,160,1,515,1.16142013,2.439780444,5,25,5x5
T5_NC_pos+1_w1,T5,NC,1,160,1,520,1.185493879,2.17564785,5,25,5x5
T5_NC_pos+1_w1,T5,NC,1,160,1,525,1.111839666,2.277366778,5,25,5x5
T5_NC_pos+1_w1,T5,NC,1,160,1,530,1.208039911,2.567496395,5,25,5x5
T5_NC_pos+1_w1,T5,NC,1,160,1,535,0.9713200082,2.339640872,5,25,5x5
T5_NC_pos+1_w1,T5,NC,1,160,1,540,1.027140277,1.877519947,5,25,5x5
T5_NC_pos+1_w1,T5,NC,1,160,1,545,0.8806777616,1.549269762,5,25,5x5
T5_NC_pos+1_w1,T5,NC,1,160,1,550,0.8758968092,1.086462492,5,25,5x5
T5_NC_pos+1_w1,T5,NC,1,160,1,555,0.818950289,0.7211350974,5,25,5x5
T5_NC_pos+1_w1,T5,NC,1,160,1,560,0.9705156126,0.9406190474,5,25,5x5
T5_NC_pos+1_w1,T5,NC,1,160,1,565,1.048261156,1.277754459,5,25,5x5
T5_NC_pos+1_w1,T5,NC,1,160,1,570,1.177552975,1.418014384,5,25,5x5
T5_NC_pos+1_w1,T5,NC,1,160,1,575,1.457634538,1.254194854,5,25,5x5
T5_NC_pos+1_w1,T5,NC,1,160,1,580,1.597111461,1.218007705,5,25,5x5
T5_NC_pos+1_w1,T5,NC,1,160,1,585,1.519701937,1.03487348,5,25,5x5
T5_NC_pos+1_w1,T5,NC,1,160,1,590,1.509955417,1.052122472,5,25,5x5
T5_NC_pos+1_w1,T5,NC,1,160,1,595,1.388134172,1.3640734,5,25,5x5
T5_NC_pos+1_w1,T5,NC,1,160,1,600,1.223985698,1.503581791,5,25,5x5
T5_NC_pos+1_w1,T5,NC,1,160,1,605,1.296241132,1.603818875,5,25,5x5
T5_NC_pos+1_w1,T5,NC,1,160,1,610,1.559986675,1.809784487,5,25,5x5
T5_NC_pos+1_w1,T5,NC,1,160,1,615,1.926486309,2.578728649,5,25,5x5
T5_NC_pos+1_w1,T5,NC,1,160,1,620,1.695757615,2.520950805,5,25,5x5
T5_NC_pos+1_w1,T5,NC,1,160,1,625,1.52647361,2.659587561,5,25,5x5
T5_NC_pos+1_w1,T5,NC,1,160,1,630,1.192830631,2.781177346,5,25,5x5
T5_NC_pos+1_w1,T5,NC,1,160,1,635,1.049096809,2.876170121,5,25,5x5
T5_NC_pos+1_w1,T5,NC,1,160,1,640,0.9898396663,2.720880681,5,25,5x5
T5_NC_pos+1_w1,T5,NC,1,160,1,645,0.7195261132,2.490765287,5,25,5x5
T5_NC_pos+1_w1,T5,NC,1,160,1,650,0.4592013269,2.36490883,5,25,5x5
T5_NC_pos+1_w1,T5,NC,1,160,1,655,0.30595151,1.965281528,5,25,5x5
T5_NC_pos+1_w1,T5,NC,1,160,1,660,0.1856013269,1.711393282,5,25,5x5
T5_NC_pos+1_w1,T5,NC,1,160,1,665,0.3113708019,1.739656814,5,25,5x5
T5_NC_pos+1_w1,T5,NC,1,160,1,670,0.410700228,1.625369667,5,25,5x5
T5_NC_pos+1_w1,T5,NC,1,160,1,675,0.717657493,1.663063955,5,25,5x5
T5_NC_pos+1_w1,T5,NC,1,160,1,680,0.8396482133,1.880515145,5,25,5x5
T5_NC_pos+1_w1,T5,NC,1,160,1,685,0.9753571267,2.220454502,5,25,5x5
T5_NC_pos+1_w1,T5,NC,1,160,1,690,0.9146294099,2.356047424,5,25,5x5
T5_NC_pos+1_w1,T5,NC,1,160,1,695,0.8251891169,2.218031729,5,25,5x5
T5_NC_pos+1_w1,T5,NC,1,160,1,700,0.8463446724,2.079868097,5,25,5x5
T5_NC_pos+1_w1,T5,NC,1,160,1,705,1.065921229,2.008075739,5,25,5x5
T5_NC_pos+1_w1,T5,NC,1,160,1,710,1.212244062,2.044108829,5,25,5x5
T5_NC_pos+1_w1,T5,NC,1,160,1,715,1.385881669,2.240609792,5,25,5x5
T5_NC_pos+1_w1,T5,NC,1,160,1,720,1.28494394,2.146917992,5,25,5x5
T5_NC_pos+1_w1,T5,NC,1,160,1,725,1.263810851,2.041232689,5,25,5x5
T5_NC_pos+1_w1,T5,NC,1,160,1,730,1.225873854,2.164651427,5,25,5x5
T5_NC_pos+1_w1,T5,NC,1,160,1,735,1.443723427,2.361182299,5,25,5x5
T5_NC_pos+1_w1,T5,NC,1,160,1,740,1.393003036,2.509650242,5,25,5x5
T5_NC_pos+1_w1,T5,NC,1,160,1,745,1.055505112,2.472286316,5,25,5x5
T5_NC_pos+1_w1,T5,NC,1,160,1,750,0.7443861865,2.428335595,5,25,5x5
T5_NC_pos+2_w1,T5,NC,2,160,1,-200,-0.248285533,1.040430905,5,25,5x5
T5_NC_pos+2_w1,T5,NC,2,160,1,-195,-0.2041590983,0.9834286421,5,25,5x5
T5_NC_pos+2_w1,T5,NC,2,160,1,-190,-0.04746147924,1.021651999,5,25,5x5
T5_NC_pos+2_w1,T5,NC,2,160,1,-185,0.1874222509,1.089232063,5,25,5x5
T5_NC_pos+2_w1,T5,NC,2,160,1,-180,0.4021008223,0.9812457472,5,25,5x5
T5_NC_pos+2_w1,T5,NC,2,160,1,-175,0.1887812863,0.5100832677,5,25,5x5
T5_NC_pos+2_w1,T5,NC,2,160,1,-170,0.05467997375,0.3395441181,5,25,5x5
T5_NC_pos+2_w1,T5,NC,2,160,1,-165,0.182486384,0.2335331332,5,25,5x5
T5_NC_pos+2_w1,T5,NC,2,160,1,-160,0.09694715934,0.4995415285,5,25,5x5
T5_NC_pos+2_w1,T5,NC,2,160,1,-155,0.1544273791,0.6043252843,5,25,5x5
T5_NC_pos+2_w1,T5,NC,2,160,1,-150,0.4999039054,0.4191855931,5,25,5x5
T5_NC_pos+2_w1,T5,NC,2,160,1,-145,0.4166297906,0.4714628149,5,25,5x5
T5_NC_pos+2_w1,T5,NC,2,160,1,-140,0.2361481056,0.706730458,5,25,5x5
T5_NC_pos+2_w1,T5,NC,2,160,1,-135,-0.06493290781,1.015980747,5,25,5x5
T5_NC_pos+2_w1,T5,NC,2,160,1,-130,-0.05988321306,1.048795598,5,25,5x5
T5_NC_pos+2_w1,T5,NC,2,160,1,-125,0.07094996764,1.193716321,5,25,5x5
T5_NC_pos+2_w1,T5,NC,2,160,1,-120,-0.000734891941,1.103870469,5,25,5x5
T5_NC_pos+2_w1,T5,NC,2,160,1,-115,-0.07394099695,0.9610915495,5,25,5x5
T5_NC_pos+2_w1,T5,NC,2,160,1,-110,-0.1639402643,0.8786051527,5,25,5x5
T5_NC_pos+2_w1,T5,NC,2,160,1,-105,-0.08817017888,0.8459488308,5,25,5x5
T5_NC_pos+2_w1,T5,NC,2,160,1,-100,0.1166567137,0.7537590901,5,25,5x5
T5_NC_pos+2_w1,T5,NC,2,160,1,-95,0.4188402607,0.641882077,5,25,5x5
T5_NC_pos+2_w1,T5,NC,2,160,1,-90,0.5594411154,1.016353288,5,25,5x5
T5_NC_pos+2_w1,T5,NC,2,160,1,-85,0.6245441679,1.057703007,5,25,5x5
T5_NC_pos+2_w1,T5,NC,2,160,1,-80,0.6816719457,1.096756235,5,25,5x5
T5_NC_pos+2_w1,T5,NC,2,160,1,-75,0.4998549432,1.208058061,5,25,5x5
T5_NC_pos+2_w1,T5,NC,2,160,1,-70,0.4364895281,1.063937348,5,25,5x5
T5_NC_pos+2_w1,T5,NC,2,160,1,-65,0.1729978614,1.128343488,5,25,5x5
T5_NC_pos+2_w1,T5,NC,2,160,1,-60,0.1931076905,1.012881243,5,25,5x5
T5_NC_pos+2_w1,T5,NC,2,160,1,-55,0.2171246013,0.7544626517,5,25,5x5
T5_NC_pos+2_w1,T5,NC,2,160,1,-50,0.1528929164,0.7289833762,5,25,5x5
T5_NC_pos+2_w1,T5,NC,2,160,1,-45,0.1249340031,0.8441669969,5,25,5x5
T5_NC_pos+2_w1,T5,NC,2,160,1,-40,0.02002280037,0.992874152,5,25,5x5
T5_NC_pos+2_w1,T5,NC,2,160,1,-35,-0.04488678449,1.122256011,5,25,5x5
T5_NC_pos+2_w1,T5,NC,2,160,1,-30,-0.119085533,1.289501751,5,25,5x5
T5_NC_pos+2_w1,T5,NC,2,160,1,-25,-0.02837182723,1.266419407,5,25,5x5
T5_NC_pos+2_w1,T5,NC,2,160,1,-20,0.008818923688,1.183364233,5,25,5x5
T5_NC_pos+2_w1,T5,NC,2,160,1,-15,0.006631164225,1.436531012,5,25,5x5
T5_NC_pos+2_w1,T5,NC,2,160,1,-10,0.1452315916,1.588670086,5,25,5x5
T5_NC_pos+2_w1,T5,NC,2,160,1,-5,0.271577196,1.656240952,5,25,5x5
T5_NC_pos+2_w1,T5,NC,2,160,1,0,-0.01110400061,1.723517562,5,25,5x5
T5_NC_pos+2_w1,T5,NC,2,160,1,5,-0.1203304048,1.759584552,5,25,5x5
T5_NC_pos+2_w1,T5,NC,2,160,1,10,-0.2600558932,1.715654715,5,25,5x5
T5_NC_pos+2_w1,T5,NC,2,160,1,15,-0.3004622424,1.68872581,5,25,5x5
T5_NC_pos+2_w1,T5,NC,2,160,1,20,-0.4704449347,1.644175358,5,25,5x5
T5_NC_pos+2_w1,T5,NC,2,160,1,25,-0.7129512839,1.536223287,5,25,5x5
T5_NC_pos+2_w1,T5,NC,2,160,1,30,-0.7038487503,1.482305748,5,25,5x5
T5_NC_pos+2_w1,T5,NC,2,160,1,35,-0.4802893486,1.521034829,5,25,5x5
T5_NC_pos+2_w1,T5,NC,2,160,1,40,-0.5691260702,1.445503287,5,25,5x5
T5_NC_pos+2_w1,T5,NC,2,160,1,45,-0.755576467,1.372652106,5,25,5x5
T5_NC_pos+2_w1,T5,NC,2,160,1,50,-1.017218439,1.423936855,5,25,5x5
T5_NC_pos+2_w1,T5,NC,2,160,1,55,-1.269979977,1.454350833,5,25,5x5
T5_NC_pos+2_w1,T5,NC,2,160,1,60,-1.478874117,1.376552439,5,25,5x5
T5_NC_pos+2_w1,T5,NC,2,160,1,65,-1.380153115,1.233241626,5,25,5x5
T5_NC_pos+2_w1,T5,NC,2,160,1,70,-1.327835899,1.23062332,5,25,5x5
T5_NC_pos+2_w1,T5,NC,2,160,1,75,-1.280278421,1.172134397,5,25,5x5
T5_NC_pos+2_w1,T5,NC,2,160,1,80,-1.316687975,1.170054542,5,25,5x5
T5_NC_pos+2_w1,T5,NC,2,160,1,85,-1.255174361,1.313221755,5,25,5x5
T5_NC_pos+2_w1,T5,NC,2,160,1,90,-1.309846461,1.382733942,5,25,5x5
T5_NC_pos+2_w1,T5,NC,2,160,1,95,-1.338647316,1.307115828,5,25,5x5
T5_NC_pos+2_w1,T5,NC,2,160,1,100,-1.632552322,1.094824534,5,25,5x5
T5_NC_pos+2_w1,T5,NC,2,160,1,105,-1.695355527,1.012282117,5,25,5x5
T5_NC_pos+2_w1,T5,NC,2,160,1,110,-1.349148476,1.160548917,5,25,5x5
T5_NC_pos+2_w1,T5,NC,2,160,1,115,-1.05337897,1.046265858,5,25,5x5
T5_NC_pos+2_w1,T5,NC,2,160,1,120,-0.8530805879,1.323501946,5,25,5x5
T5_NC_pos+2_w1,T5,NC,2,160,1,125,-0.793842859,1.431714806,5,25,5x5
T5_NC_pos+2_w1,T5,NC,2,160,1,130,-0.4824427979,2.09651947,5,25,5x5
T5_NC_pos+2_w1,T5,NC,2,160,1,135,-0.4835212167,2.12355199,5,25,5x5
T5_NC_pos+2_w1,T5,NC,2,160,1,140,-0.4665903254,2.368444824,5,25,5x5
T5_NC_pos+2_w1,T5,NC,2,160,1,145,-0.2624909359,2.883556465,5,25,5x5
T5_NC_pos+2_w1,T5,NC,2,160,1,150,-0.2892269554,2.669641835,5,25,5x5
T5_NC_pos+2_w1,T5,NC,2,160,1,155,-0.2712586709,2.57063632,5,25,5x5
T5_NC_pos+2_w1,T5,NC,2,160,1,160,-0.2082081825,2.419009374,5,25,5x5
T5_NC_pos+2_w1,T5,NC,2,160,1,165,-0.1859990556,2.482700076,5,25,5x5
T5_NC_pos+2_w1,T5,NC,2,160,1,170,-0.1213396233,2.613862125,5,25,5x5
T5_NC_pos+2_w1,T5,NC,2,160,1,175,-0.05021364652,2.685122772,5,25,5x5
T5_NC_pos+2_w1,T5,NC,2,160,1,180,0.09548900916,3.067248893,5,25,5x5
T5_NC_pos+2_w1,T5,NC,2,160,1,185,0.1669701447,3.41073352,5,25,5x5
T5_NC_pos+2_w1,T5,NC,2,160,1,190,-0.0526909359,3.309020265,5,25,5x5
T5_NC_pos+2_w1,T5,NC,2,160,1,195,-0.06013260256,3.040981065,5,25,5x5
T5_NC_pos+2_w1,T5,NC,2,160,1,200,0.5410526538,2.637907596,5,25,5x5
T5_NC_pos+2_w1,T5,NC,2,160,1,205,1.34067628,2.972913863,5,25,5x5
T5_NC_pos+2_w1,T5,NC,2,160,1,210,1.589005889,2.926245472,5,25,5x5
T5_NC_pos+2_w1,T5,NC,2,160,1,215,2.75881465,3.413000793,5,25,5x5
T5_NC_pos+2_w1,T5,NC,2,160,1,220,4.05297451,4.003061607,5,25,5x5
T5_NC_pos+2_w1,T5,NC,2,160,1,225,4.854655096,4.138030094,5,25,5x5
T5_NC_pos+2_w1,T5,NC,2,160,1,230,5.089996946,4.126777584,5,25,5x5
T5_NC_pos+2_w1,T5,NC,2,160,1,235,5.141425029,4.251171451,5,25,5x5
T5_NC_pos+2_w1,T5,NC,2,160,1,240,5.31868556,4.270664238,5,25,5x5
T5_NC_pos+2_w1,T5,NC,2,160,1,245,5.556608301,4.746718409,5,25,5x5
T5_NC_pos+2_w1,T5,NC,2,160,1,250,5.494544992,4.404827657,5,25,5x5
T5_NC_pos+2_w1,T5,NC,2,160,1,255,5.537550364,3.883774755,5,25,5x5
T5_NC_pos+2_w1,T5,NC,2,160,1,260,5.770834553,3.833294841,5,25,5x5
T5_NC_pos+2_w1,T5,NC,2,160,1,265,5.737122892,4.388643662,5,25,5x5
T5_NC_pos+2_w1,T5,NC,2,160,1,270,5.979430157,4.298060703,5,25,5x5
T5_NC_pos+2_w1,T5,NC,2,160,1,275,6.14805824,4.412292943,5,25,5x5
T5_NC_pos+2_w1,T5,NC,2,160,1,280,6.004670297,4.191477033,5,25,5x5
T5_NC_pos+2_w1,T5,NC,2,160,1,285,6.072673594,3.690562675,5,25,5x5
T5_NC_pos+2_w1,T5,NC,2,160,1,290,5.811913154,3.231895804,5,25,5x5
T5_NC_pos+2_w1,T5,NC,2,160,1,295,5.532678417,2.923803118,5,25,5x5
T5_NC_pos+2_w1,T5,NC,2,160,1,300,5.277886079,3.149109535,5,25,5x5
T5_NC_pos+2_w1,T5,NC,2,160,1,305,5.059625273,3.231565262,5,25,5x5
T5_NC_pos+2_w1,T5,NC,2,160,1,310,4.820963338,2.912982954,5,25,5x5
T5_NC_pos+2_w1,T5,NC,2,160,1,315,4.585346366,2.624647682,5,25,5x5
T5_NC_pos+2_w1,T5,NC,2,160,1,320,4.424479363,2.66614424,5,25,5x5
T5_NC_pos+2_w1,T5,NC,2,160,1,325,4.246323655,2.781819009,5,25,5x5
T5_NC_pos+2_w1,T5,NC,2,160,1,330,3.880586964,2.47999926,5,25,5x5
T5_NC_pos+2_w1,T5,NC,2,160,1,335,3.535859491,2.18090158,5,25,5x5
T5_NC_pos+2_w1,T5,NC,2,160,1,340,3.403098594,1.744881972,5,25,5x5
T5_NC_pos+2_w1,T5,NC,2,160,1,345,3.426549327,1.423966975,5,25,5x5
T5_NC_pos+2_w1,T5,NC,2,160,1,350,3.538767855,1.877795347,5,25,5x5
T5_NC_pos+2_w1,T5,NC,2,160,1,355,3.535579913,2.092515753,5,25,5x5
T5_NC_pos+2_w1,T5,NC,2,160,1,360,3.334432233,2.197047812,5,25,5x5
T5_NC_pos+2_w1,T5,NC,2,160,1,365,3.388356622,2.622450508,5,25,5x5
T5_NC_pos+2_w1,T5,NC,2,160,1,370,3.259415535,2.619214184,5,25,5x5
T5_NC_pos+2_w1,T5,NC,2,160,1,375,3.271956042,2.620605655,5,25,5x5
T5_NC_pos+2_w1,T5,NC,2,160,1,380,3.433976891,3.010209811,5,25,5x5
T5_NC_pos+2_w1,T5,NC,2,160,1,385,3.709453936,2.682004218,5,25,5x5
T5_NC_pos+2_w1,T5,NC,2,160,1,390,4.165440413,2.922169643,5,25,5x5
T5_NC_pos+2_w1,T5,NC,2,160,1,395,4.301811781,3.102783034,5,25,5x5
T5_NC_pos+2_w1,T5,NC,2,160,1,400,4.033234583,3.018332141,5,25,5x5
T5_NC_pos+2_w1,T5,NC,2,160,1,405,3.982378692,3.120484049,5,25,5x5
T5_NC_pos+2_w1,T5,NC,2,160,1,410,3.863197342,3.418976185,5,25,5x5
T5_NC_pos+2_w1,T5,NC,2,160,1,415,3.596894321,3.275431133,5,25,5x5
T5_NC_pos+2_w1,T5,NC,2,160,1,420,3.3866431,3.625122162,5,25,5x5
T5_NC_pos+2_w1,T5,NC,2,160,1,425,3.234971244,3.376332228,5,25,5x5
T5_NC_pos+2_w1,T5,NC,2,160,1,430,2.969942214,2.890012665,5,25,5x5
T5_NC_pos+2_w1,T5,NC,2,160,1,435,3.09199838,3.050338302,5,25,5x5
T5_NC_pos+2_w1,T5,NC,2,160,1,440,2.673066482,2.73516749,5,25,5x5
T5_NC_pos+2_w1,T5,NC,2,160,1,445,2.051092336,2.443542762,5,25,5x5
T5_NC_pos+2_w1,T5,NC,2,160,1,450,1.767960468,2.245223037,5,25,5x5
T5_NC_pos+2_w1,T5,NC,2,160,1,455,1.396950517,2.062340582,5,25,5x5
T5_NC_pos+2_w1,T5,NC,2,160,1,460,1.381420114,1.858117808,5,25,5x5
T5_NC_pos+2_w1,T5,NC,2,160,1,465,1.422271121,1.868176994,5,25,5x5
T5_NC_pos+2_w1,T5,NC,2,160,1,470,1.233868222,1.76916717,5,25,5x5
T5_NC_pos+2_w1,T5,NC,2,160,1,475,1.146170389,1.637008343,5,25,5x5
T5_NC_pos+2_w1,T5,NC,2,160,1,480,1.454834217,1.917704234,5,25,5x5
T5_NC_pos+2_w1,T5,NC,2,160,1,485,1.925802837,2.31995303,5,25,5x5
T5_NC_pos+2_w1,T5,NC,2,160,1,490,1.936647251,2.305854576,5,25,5x5
T5_NC_pos+2_w1,T5,NC,2,160,1,495,1.796012605,2.392481465,5,25,5x5
T5_NC_pos+2_w1,T5,NC,2,160,1,500,1.692531469,2.718159536,5,25,5x5
T5_NC_pos+2_w1,T5,NC,2,160,1,505,1.453904668,2.805158666,5,25,5x5
T5_NC_pos+2_w1,T5,NC,2,160,1,510,1.675001524,3.095556331,5,25,5x5
T5_NC_pos+2_w1,T5,NC,2,160,1,515,1.767198197,3.067430219,5,25,5x5
T5_NC_pos+2_w1,T5,NC,2,160,1,520,1.891124876,3.35986874,5,25,5x5
T5_NC_pos+2_w1,T5,NC,2,160,1,525,1.766655279,3.787400656,5,25,5x5
T5_NC_pos+2_w1,T5,NC,2,160,1,530,1.570095908,4.055347185,5,25,5x5
T5_NC_pos+2_w1,T5,NC,2,160,1,535,1.20063208,3.756331129,5,25,5x5
T5_NC_pos+2_w1,T5,NC,2,160,1,540,0.850768069,3.405706957,5,25,5x5
T5_NC_pos+2_w1,T5,NC,2,160,1,545,0.6569023791,3.39528066,5,25,5x5
T5_NC_pos+2_w1,T5,NC,2,160,1,550,0.4767933742,3.138010094,5,25,5x5
T5_NC_pos+2_w1,T5,NC,2,160,1,555,0.2655111703,3.206899131,5,25,5x5
T5_NC_pos+2_w1,T5,NC,2,160,1,560,-0.03812014835,2.920883018,5,25,5x5
T5_NC_pos+2_w1,T5,NC,2,160,1,565,0.1261004255,2.802255905,5,25,5x5
T5_NC_pos+2_w1,T5,NC,2,160,1,570,0.1053267076,2.484467409,5,25,5x5
T5_NC_pos+2_w1,T5,NC,2,160,1,575,0.4270492045,2.478845121,5,25,5x5
T5_NC_pos+2_w1,T5,NC,2,160,1,580,0.5705368724,2.648173333,5,25,5x5
T5_NC_pos+2_w1,T5,NC,2,160,1,585,0.6528010055,2.873269952,5,25,5x5
T5_NC_pos+2_w1,T5,NC,2,160,1,590,0.7622038748,3.107844465,5,25,5x5
T5_NC_pos+2_w1,T5,NC,2,160,1,595,0.9505937405,3.149912605,5,25,5x5
T5_NC_pos+2_w1,T5,NC,2,160,1,600,1.286601585,2.836595364,5,25,5x5
T5_NC_pos+2_w1,T5,NC,2,160,1,605,1.183941299,2.335984342,5,25,5x5
T5_NC_pos+2_w1,T5,NC,2,160,1,610,0.9632086978,2.063254418,5,25,5x5
T5_NC_pos+2_w1,T5,NC,2,160,1,615,0.9773283864,2.10956981,5,25,5x5
T5_NC_pos+2_w1,T5,NC,2,160,1,620,1.005825792,2.454084134,5,25,5x5
T5_NC_pos+2_w1,T5,NC,2,160,1,625,0.7239844304,2.28630206,5,25,5x5
T5_NC_pos+2_w1,T5,NC,2,160,1,630,0.4438193816,2.156239087,5,25,5x5
T5_NC_pos+2_w1,T5,NC,2,160,1,635,0.2793435574,2.171052615,5,25,5x5
T5_NC_pos+2_w1,T5,NC,2,160,1,640,-0.005822895604,1.943988472,5,25,5x5
T5_NC_pos+2_w1,T5,NC,2,160,1,645,0.02145051709,2.243408008,5,25,5x5
T5_NC_pos+2_w1,T5,NC,2,160,1,650,0.1730599188,2.685985791,5,25,5x5
T5_NC_pos+2_w1,T5,NC,2,160,1,655,0.09039322161,2.689485752,5,25,5x5
T5_NC_pos+2_w1,T5,NC,2,160,1,660,-0.03401282234,2.387971086,5,25,5x5
T5_NC_pos+2_w1,T5,NC,2,160,1,665,-0.0178167906,2.292001506,5,25,5x5
T5_NC_pos+2_w1,T5,NC,2,160,1,670,0.1081408712,2.247866669,5,25,5x5
T5_NC_pos+2_w1,T5,NC,2,160,1,675,-0.01343589927,2.038791629,5,25,5x5
T5_NC_pos+2_w1,T5,NC,2,160,1,680,-0.08395192491,2.054101253,5,25,5x5
T5_NC_pos+2_w1,T5,NC,2,160,1,685,-0.195895362,1.900537418,5,25,5x5
T5_NC_pos+2_w1,T5,NC,2,160,1,690,-0.1413687137,2.063590938,5,25,5x5
T5_NC_pos+2_w1,T5,NC,2,160,1,695,-0.2494042143,2.197358855,5,25,5x5
T5_NC_pos+2_w1,T5,NC,2,160,1,700,-0.3211711252,2.428422594,5,25,5x5
T5_NC_pos+2_w1,T5,NC,2,160,1,705,-0.4892169127,2.519578608,5,25,5x5
T5_NC_pos+2_w1,T5,NC,2,160,1,710,-0.7126069615,2.642215841,5,25,5x5
T5_NC_pos+2_w1,T5,NC,2,160,1,715,-0.7236315647,2.855745014,5,25,5x5
T5_NC_pos+2_w1,T5,NC,2,160,1,720,-0.6950279017,3.099760037,5,25,5x5
T5_NC_pos+2_w1,T5,NC,2,160,1,725,-0.7568669127,2.918674174,5,25,5x5
T5_NC_pos+2_w1,T5,NC,2,160,1,730,-0.8056756429,2.825086031,5,25,5x5
T5_NC_pos+2_w1,T5,NC,2,160,1,735,-0.9718635855,2.618032983,5,25,5x5
T5_NC_pos+2_w1,T5,NC,2,160,1,740,-1.205952841,2.319622498,5,25,5x5
T5_NC_pos+2_w1,T5,NC,2,160,1,745,-1.216149849,2.35436722,5,25,5x5
T5_NC_pos+2_w1,T5,NC,2,160,1,750,-1.34321328,2.391890212,5,25,5x5
T5_NC_pos+3_w1,T5,NC,3,160,1,-200,-0.6466584168,0.7005848607,5,25,5x5
T5_NC_pos+3_w1,T5,NC,3,160,1,-195,-0.5342461457,0.6973185447,5,25,5x5
T5_NC_pos+3_w1,T5,NC,3,160,1,-190,-0.4034361946,0.5523287499,5,25,5x5
T5_NC_pos+3_w1,T5,NC,3,160,1,-185,-0.2340955352,0.3445656549,5,25,5x5
T5_NC_pos+3_w1,T5,NC,3,160,1,-180,-0.04636705538,0.2319541113,5,25,5x5
T5_NC_pos+3_w1,T5,NC,3,160,1,-175,-0.07940966832,0.2310021222,5,25,5x5
T5_NC_pos+3_w1,T5,NC,3,160,1,-170,-0.05510362437,0.6336647181,5,25,5x5
T5_NC_pos+3_w1,T5,NC,3,160,1,-165,-0.08557056576,0.6561060726,5,25,5x5
T5_NC_pos+3_w1,T5,NC,3,160,1,-160,-0.2298491982,0.6561432869,5,25,5x5
T5_NC_pos+3_w1,T5,NC,3,160,1,-155,-0.1813262739,0.5351874963,5,25,5x5
T5_NC_pos+3_w1,T5,NC,3,160,1,-150,-0.1865785938,0.4888553169,5,25,5x5
T5_NC_pos+3_w1,T5,NC,3,160,1,-145,-0.07879364268,0.453337317,5,25,5x5
T5_NC_pos+3_w1,T5,NC,3,160,1,-140,0.2101822425,0.6759690447,5,25,5x5
T5_NC_pos+3_w1,T5,NC,3,160,1,-135,0.3451621265,0.7475376632,5,25,5x5
T5_NC_pos+3_w1,T5,NC,3,160,1,-130,0.4282076088,0.6322201534,5,25,5x5
T5_NC_pos+3_w1,T5,NC,3,160,1,-125,0.4592910338,0.6181079532,5,25,5x5
T5_NC_pos+3_w1,T5,NC,3,160,1,-120,0.2966538543,0.6855891398,5,25,5x5
T5_NC_pos+3_w1,T5,NC,3,160,1,-115,0.3063765954,0.7082718148,5,25,5x5
T5_NC_pos+3_w1,T5,NC,3,160,1,-110,0.381495643,0.7814971789,5,25,5x5
T5_NC_pos+3_w1,T5,NC,3,160,1,-105,0.4861440252,0.9079653407,5,25,5x5
T5_NC_pos+3_w1,T5,NC,3,160,1,-100,0.6799344403,0.7233445598,5,25,5x5
T5_NC_pos+3_w1,T5,NC,3,160,1,-95,0.6570259544,0.792181794,5,25,5x5
T5_NC_pos+3_w1,T5,NC,3,160,1,-90,0.4387442694,0.7934904117,5,25,5x5
T5_NC_pos+3_w1,T5,NC,3,160,1,-85,0.2521560215,0.8101688135,5,25,5x5
T5_NC_pos+3_w1,T5,NC,3,160,1,-80,0.2343332804,0.720682011,5,25,5x5
T5_NC_pos+3_w1,T5,NC,3,160,1,-75,0.2033075783,0.6119579189,5,25,5x5
T5_NC_pos+3_w1,T5,NC,3,160,1,-70,0.1545951241,0.6820324912,5,25,5x5
T5_NC_pos+3_w1,T5,NC,3,160,1,-65,0.05511142447,0.7507011287,5,25,5x5
T5_NC_pos+3_w1,T5,NC,3,160,1,-60,0.00698004474,0.8214152283,5,25,5x5
T5_NC_pos+3_w1,T5,NC,3,160,1,-55,-0.03182563292,0.9435814984,5,25,5x5
T5_NC_pos+3_w1,T5,NC,3,160,1,-50,0.161947444,1.072815364,5,25,5x5
T5_NC_pos+3_w1,T5,NC,3,160,1,-45,0.2913312047,0.9853178938,5,25,5x5
T5_NC_pos+3_w1,T5,NC,3,160,1,-40,0.6188736955,0.6142772375,5,25,5x5
T5_NC_pos+3_w1,T5,NC,3,160,1,-35,0.6166735429,0.6555259353,5,25,5x5
T5_NC_pos+3_w1,T5,NC,3,160,1,-30,0.4836527554,0.9983717986,5,25,5x5
T5_NC_pos+3_w1,T5,NC,3,160,1,-25,0.3671805942,1.098479723,5,25,5x5
T5_NC_pos+3_w1,T5,NC,3,160,1,-20,0.2887780606,1.033981077,5,25,5x5
T5_NC_pos+3_w1,T5,NC,3,160,1,-15,0.213776687,1.001604651,5,25,5x5
T5_NC_pos+3_w1,T5,NC,3,160,1,-10,0.08175773094,1.099728807,5,25,5x5
T5_NC_pos+3_w1,T5,NC,3,160,1,-5,-0.05860075502,1.222353489,5,25,5x5
T5_NC_pos+3_w1,T5,NC,3,160,1,0,-0.2479829589,1.229735603,5,25,5x5
T5_NC_pos+3_w1,T5,NC,3,160,1,5,-0.4077611641,1.402480059,5,25,5x5
T5_NC_pos+3_w1,T5,NC,3,160,1,10,-0.541642788,1.216961195,5,25,5x5
T5_NC_pos+3_w1,T5,NC,3,160,1,15,-0.6381329589,1.170213423,5,25,5x5
T5_NC_pos+3_w1,T5,NC,3,160,1,20,-0.8924089968,1.285221866,5,25,5x5
T5_NC_pos+3_w1,T5,NC,3,160,1,25,-0.9278031665,1.443357497,5,25,5x5
T5_NC_pos+3_w1,T5,NC,3,160,1,30,-1.00358595,1.564966888,5,25,5x5
T5_NC_pos+3_w1,T5,NC,3,160,1,35,-1.052536591,1.649953155,5,25,5x5
T5_NC_pos+3_w1,T5,NC,3,160,1,40,-1.267249992,1.810569885,5,25,5x5
T5_NC_pos+3_w1,T5,NC,3,160,1,45,-1.385847794,1.738255724,5,25,5x5
T5_NC_pos+3_w1,T5,NC,3,160,1,50,-1.408808875,1.522606894,5,25,5x5
T5_NC_pos+3_w1,T5,NC,3,160,1,55,-1.474309729,1.429712754,5,25,5x5
T5_NC_pos+3_w1,T5,NC,3,160,1,60,-1.383077312,1.318423647,5,25,5x5
T5_NC_pos+3_w1,T5,NC,3,160,1,65,-1.345526701,1.280567533,5,25,5x5
T5_NC_pos+3_w1,T5,NC,3,160,1,70,-1.374594406,1.211713593,5,25,5x5
T5_NC_pos+3_w1,T5,NC,3,160,1,75,-1.244446848,1.171841699,5,25,5x5
T5_NC_pos+3_w1,T5,NC,3,160,1,80,-1.164394742,1.304452725,5,25,5x5
T5_NC_pos+3_w1,T5,NC,3,160,1,85,-1.084910065,1.243012233,5,25,5x5
T5_NC_pos+3_w1,T5,NC,3,160,1,90,-1.103959851,1.096411944,5,25,5x5
T5_NC_pos+3_w1,T5,NC,3,160,1,95,-0.9083146439,1.074004388,5,25,5x5
T5_NC_pos+3_w1,T5,NC,3,160,1,100,-0.7888589357,1.365347694,5,25,5x5
T5_NC_pos+3_w1,T5,NC,3,160,1,105,-0.7820612862,1.451430911,5,25,5x5
T5_NC_pos+3_w1,T5,NC,3,160,1,110,-0.8592725194,1.569413205,5,25,5x5
T5_NC_pos+3_w1,T5,NC,3,160,1,115,-0.9264311579,1.588141221,5,25,5x5
T5_NC_pos+3_w1,T5,NC,3,160,1,120,-0.8284643692,1.671353524,5,25,5x5
T5_NC_pos+3_w1,T5,NC,3,160,1,125,-0.536024534,1.541431582,5,25,5x5
T5_NC_pos+3_w1,T5,NC,3,160,1,130,-0.3433259687,1.653299731,5,25,5x5
T5_NC_pos+3_w1,T5,NC,3,160,1,135,-0.001858966249,2.062521475,5,25,5x5
T5_NC_pos+3_w1,T5,NC,3,160,1,140,0.292579129,2.243333335,5,25,5x5
T5_NC_pos+3_w1,T5,NC,3,160,1,145,0.4399178653,2.220093275,5,25,5x5
T5_NC_pos+3_w1,T5,NC,3,160,1,150,0.5434107529,2.188479601,5,25,5x5
T5_NC_pos+3_w1,T5,NC,3,160,1,155,0.5876972609,1.643978558,5,25,5x5
T5_NC_pos+3_w1,T5,NC,3,160,1,160,0.8102575173,1.337140909,5,25,5x5
T5_NC_pos+3_w1,T5,NC,3,160,1,165,0.8140788848,1.299752085,5,25,5x5
T5_NC_pos+3_w1,T5,NC,3,160,1,170,0.8497211009,1.545212748,5,25,5x5
T5_NC_pos+3_w1,T5,NC,3,160,1,175,0.8721969251,1.526631243,5,25,5x5
T5_NC_pos+3_w1,T5,NC,3,160,1,180,1.176159288,1.696530211,5,25,5x5
T5_NC_pos+3_w1,T5,NC,3,160,1,185,1.358621376,2.039918468,5,25,5x5
T5_NC_pos+3_w1,T5,NC,3,160,1,190,1.257928122,2.147189986,5,25,5x5
T5_NC_pos+3_w1,T5,NC,3,160,1,195,1.271235265,2.123668694,5,25,5x5
T5_NC_pos+3_w1,T5,NC,3,160,1,200,1.36638615,2.148484793,5,25,5x5
T5_NC_pos+3_w1,T5,NC,3,160,1,205,2.134168109,2.876697823,5,25,5x5
T5_NC_pos+3_w1,T5,NC,3,160,1,210,2.903588317,3.302560727,5,25,5x5
T5_NC_pos+3_w1,T5,NC,3,160,1,215,3.542468415,3.071395896,5,25,5x5
T5_NC_pos+3_w1,T5,NC,3,160,1,220,4.148241522,2.938033089,5,25,5x5
T5_NC_pos+3_w1,T5,NC,3,160,1,225,4.564731388,2.856562757,5,25,5x5
T5_NC_pos+3_w1,T5,NC,3,160,1,230,5.116223696,2.961567537,5,25,5x5
T5_NC_pos+3_w1,T5,NC,3,160,1,235,5.169769544,2.650555781,5,25,5x5
T5_NC_pos+3_w1,T5,NC,3,160,1,240,5.268468567,2.377337109,5,25,5x5
T5_NC_pos+3_w1,T5,NC,3,160,1,245,5.534378366,2.472450651,5,25,5x5
T5_NC_pos+3_w1,T5,NC,3,160,1,250,6.142585356,2.702851524,5,25,5x5
T5_NC_pos+3_w1,T5,NC,3,160,1,255,6.419571925,2.670848838,5,25,5x5
T5_NC_pos+3_w1,T5,NC,3,160,1,260,6.691180197,2.961359513,5,25,5x5
T5_NC_pos+3_w1,T5,NC,3,160,1,265,6.913326595,3.237733137,5,25,5x5
T5_NC_pos+3_w1,T5,NC,3,160,1,270,6.943353061,3.153647949,5,25,5x5
T5_NC_pos+3_w1,T5,NC,3,160,1,275,6.759438989,2.836550483,5,25,5x5
T5_NC_pos+3_w1,T5,NC,3,160,1,280,6.797388042,2.605804986,5,25,5x5
T5_NC_pos+3_w1,T5,NC,3,160,1,285,6.921187707,1.82431425,5,25,5x5
T5_NC_pos+3_w1,T5,NC,3,160,1,290,6.951240576,1.598919518,5,25,5x5
T5_NC_pos+3_w1,T5,NC,3,160,1,295,7.197168567,1.772325209,5,25,5x5
T5_NC_pos+3_w1,T5,NC,3,160,1,300,7.081907487,1.836695557,5,25,5x5
T5_NC_pos+3_w1,T5,NC,3,160,1,305,6.690427267,1.842192978,5,25,5x5
T5_NC_pos+3_w1,T5,NC,3,160,1,310,6.257179465,1.9834143,5,25,5x5
T5_NC_pos+3_w1,T5,NC,3,160,1,315,5.902300588,2.079699988,5,25,5x5
T5_NC_pos+3_w1,T5,NC,3,160,1,320,5.702521864,2.403407811,5,25,5x5
T5_NC_pos+3_w1,T5,NC,3,160,1,325,5.846883982,3.02630202,5,25,5x5
T5_NC_pos+3_w1,T5,NC,3,160,1,330,5.815200802,3.244108667,5,25,5x5
T5_NC_pos+3_w1,T5,NC,3,160,1,335,5.477349428,2.97487173,5,25,5x5
T5_NC_pos+3_w1,T5,NC,3,160,1,340,5.033368445,2.794802715,5,25,5x5
T5_NC_pos+3_w1,T5,NC,3,160,1,345,4.979518293,2.913986389,5,25,5x5
T5_NC_pos+3_w1,T5,NC,3,160,1,350,4.483594819,3.000560047,5,25,5x5
T5_NC_pos+3_w1,T5,NC,3,160,1,355,3.932248634,2.666598485,5,25,5x5
T5_NC_pos+3_w1,T5,NC,3,160,1,360,3.5518943,2.616867016,5,25,5x5
T5_NC_pos+3_w1,T5,NC,3,160,1,365,3.357605869,2.421572089,5,25,5x5
T5_NC_pos+3_w1,T5,NC,3,160,1,370,3.199601443,2.32791808,5,25,5x5
T5_NC_pos+3_w1,T5,NC,3,160,1,375,3.113632609,2.148332377,5,25,5x5
T5_NC_pos+3_w1,T5,NC,3,160,1,380,3.115535295,1.928237451,5,25,5x5
T5_NC_pos+3_w1,T5,NC,3,160,1,385,3.416989752,2.354729354,5,25,5x5
T5_NC_pos+3_w1,T5,NC,3,160,1,390,3.396077114,2.355933932,5,25,5x5
T5_NC_pos+3_w1,T5,NC,3,160,1,395,3.416368598,2.698329569,5,25,5x5
T5_NC_pos+3_w1,T5,NC,3,160,1,400,3.498381479,2.689947341,5,25,5x5
T5_NC_pos+3_w1,T5,NC,3,160,1,405,3.284817346,2.453756647,5,25,5x5
T5_NC_pos+3_w1,T5,NC,3,160,1,410,3.260730228,2.050599809,5,25,5x5
T5_NC_pos+3_w1,T5,NC,3,160,1,415,3.002127175,1.848884522,5,25,5x5
T5_NC_pos+3_w1,T5,NC,3,160,1,420,2.798759257,2.051729279,5,25,5x5
T5_NC_pos+3_w1,T5,NC,3,160,1,425,2.545196467,2.018633525,5,25,5x5
T5_NC_pos+3_w1,T5,NC,3,160,1,430,2.392904953,1.715121392,5,25,5x5
T5_NC_pos+3_w1,T5,NC,3,160,1,435,2.335352236,1.793847908,5,25,5x5
T5_NC_pos+3_w1,T5,NC,3,160,1,440,2.650890393,2.350785041,5,25,5x5
T5_NC_pos+3_w1,T5,NC,3,160,1,445,2.569247444,2.142194511,5,25,5x5
T5_NC_pos+3_w1,T5,NC,3,160,1,450,2.367255716,1.950552238,5,25,5x5
T5_NC_pos+3_w1,T5,NC,3,160,1,455,2.126887188,1.655037866,5,25,5x5
T5_NC_pos+3_w1,T5,NC,3,160,1,460,1.921486669,1.702660629,5,25,5x5
T5_NC_pos+3_w1,T5,NC,3,160,1,465,1.891173207,1.687295965,5,25,5x5
T5_NC_pos+3_w1,T5,NC,3,160,1,470,1.809099398,1.711265125,5,25,5x5
T5_NC_pos+3_w1,T5,NC,3,160,1,475,1.687919666,1.476665033,5,25,5x5
T5_NC_pos+3_w1,T5,NC,3,160,1,480,1.625047383,1.515377015,5,25,5x5
T5_NC_pos+3_w1,T5,NC,3,160,1,485,2.046301443,1.875135405,5,25,5x5
T5_NC_pos+3_w1,T5,NC,3,160,1,490,2.452746101,1.999972491,5,25,5x5
T5_NC_pos+3_w1,T5,NC,3,160,1,495,2.706049337,2.263287107,5,25,5x5
T5_NC_pos+3_w1,T5,NC,3,160,1,500,2.85764955,2.404057831,5,25,5x5
T5_NC_pos+3_w1,T5,NC,3,160,1,505,2.834667591,2.301176394,5,25,5x5
T5_NC_pos+3_w1,T5,NC,3,160,1,510,2.598078946,2.287996605,5,25,5x5
T5_NC_pos+3_w1,T5,NC,3,160,1,515,2.412005564,2.330187355,5,25,5x5
T5_NC_pos+3_w1,T5,NC,3,160,1,520,2.272275039,2.490357492,5,25,5x5
T5_NC_pos+3_w1,T5,NC,3,160,1,525,2.22988908,2.529931604,5,25,5x5
T5_NC_pos+3_w1,T5,NC,3,160,1,530,2.119018934,2.546750365,5,25,5x5
T5_NC_pos+3_w1,T5,NC,3,160,1,535,2.165294605,2.541753416,5,25,5x5
T5_NC_pos+3_w1,T5,NC,3,160,1,540,1.899188409,2.523409272,5,25,5x5
T5_NC_pos+3_w1,T5,NC,3,160,1,545,1.588929404,2.475205921,5,25,5x5
T5_NC_pos+3_w1,T5,NC,3,160,1,550,1.299775466,2.557151788,5,25,5x5
T5_NC_pos+3_w1,T5,NC,3,160,1,555,1.324788256,2.471390673,5,25,5x5
T5_NC_pos+3_w1,T5,NC,3,160,1,560,1.199753732,2.468280385,5,25,5x5
T5_NC_pos+3_w1,T5,NC,3,160,1,565,1.152770033,2.402534739,5,25,5x5
T5_NC_pos+3_w1,T5,NC,3,160,1,570,1.015198604,2.384691547,5,25,5x5
T5_NC_pos+3_w1,T5,NC,3,160,1,575,0.9579054416,2.360517286,5,25,5x5
T5_NC_pos+3_w1,T5,NC,3,160,1,580,0.8990070594,2.179670252,5,25,5x5
T5_NC_pos+3_w1,T5,NC,3,160,1,585,0.7620357529,2.026317393,5,25,5x5
T5_NC_pos+3_w1,T5,NC,3,160,1,590,0.592632792,1.896731261,5,25,5x5
T5_NC_pos+3_w1,T5,NC,3,160,1,595,0.5353070289,1.979814262,5,25,5x5
T5_NC_pos+3_w1,T5,NC,3,160,1,600,0.6843428347,2.114588102,5,25,5x5
T5_NC_pos+3_w1,T5,NC,3,160,1,605,0.6778660338,2.193677369,5,25,5x5
T5_NC_pos+3_w1,T5,NC,3,160,1,610,0.7251141412,2.072354863,5,25,5x5
T5_NC_pos+3_w1,T5,NC,3,160,1,615,0.9398200936,2.180645911,5,25,5x5
T5_NC_pos+3_w1,T5,NC,3,160,1,620,1.034418995,2.204622087,5,25,5x5
T5_NC_pos+3_w1,T5,NC,3,160,1,625,1.112413317,2.337602931,5,25,5x5
T5_NC_pos+3_w1,T5,NC,3,160,1,630,1.14238096,2.321540074,5,25,5x5
T5_NC_pos+3_w1,T5,NC,3,160,1,635,1.23676173,2.533793717,5,25,5x5
T5_NC_pos+3_w1,T5,NC,3,160,1,640,1.18657165,2.713222551,5,25,5x5
T5_NC_pos+3_w1,T5,NC,3,160,1,645,1.159725252,2.570965489,5,25,5x5
T5_NC_pos+3_w1,T5,NC,3,160,1,650,1.150853091,2.514078654,5,25,5x5
T5_NC_pos+3_w1,T5,NC,3,160,1,655,1.223393323,2.791891766,5,25,5x5
T5_NC_pos+3_w1,T5,NC,3,160,1,660,1.292272444,2.964239389,5,25,5x5
T5_NC_pos+3_w1,T5,NC,3,160,1,665,1.006205075,2.892221842,5,25,5x5
T5_NC_pos+3_w1,T5,NC,3,160,1,670,0.8383138054,2.612519504,5,25,5x5
T5_NC_pos+3_w1,T5,NC,3,160,1,675,0.7050780911,2.545804023,5,25,5x5
T5_NC_pos+3_w1,T5,NC,3,160,1,680,0.6350866076,2.273264801,5,25,5x5
T5_NC_pos+3_w1,T5,NC,3,160,1,685,0.8305149959,2.475511478,5,25,5x5
T5_NC_pos+3_w1,T5,NC,3,160,1,690,0.8333435063,2.424984428,5,25,5x5
T5_NC_pos+3_w1,T5,NC,3,160,1,695,0.5089697578,2.362593368,5,25,5x5
T5_NC_pos+3_w1,T5,NC,3,160,1,700,0.1944624928,2.180522283,5,25,5x5
T5_NC_pos+3_w1,T5,NC,3,160,1,705,-0.002287385052,2.084116549,5,25,5x5
T5_NC_pos+3_w1,T5,NC,3,160,1,710,0.005308097243,1.845985422,5,25,5x5
T5_NC_pos+3_w1,T5,NC,3,160,1,715,0.1396411559,2.004449283,5,25,5x5
T5_NC_pos+3_w1,T5,NC,3,160,1,720,0.2324258018,2.186340848,5,25,5x5
T5_NC_pos+3_w1,T5,NC,3,160,1,725,0.1600225661,2.154532276,5,25,5x5
T5_NC_pos+3_w1,T5,NC,3,160,1,730,-0.05314886246,2.085130642,5,25,5x5
T5_NC_pos+3_w1,T5,NC,3,160,1,735,-0.4071017929,1.783111201,5,25,5x5
T5_NC_pos+3_w1,T5,NC,3,160,1,740,-0.2932780139,2.012039268,5,25,5x5
T5_NC_pos+3_w1,T5,NC,3,160,1,745,-0.2877103704,1.993982313,5,25,5x5
T5_NC_pos+3_w1,T5,NC,3,160,1,750,-0.2258054864,2.175521269,5,25,5x5
T5_NC_pos+4_w1,T5,NC,4,160,1,-200,0.344928661,0.2384816482,5,25,5x5
T5_NC_pos+4_w1,T5,NC,4,160,1,-195,0.3474303704,0.1506603831,5,25,5x5
T5_NC_pos+4_w1,T5,NC,4,160,1,-190,0.3787110785,0.2596535849,5,25,5x5
T5_NC_pos+4_w1,T5,NC,4,160,1,-185,0.3822981665,0.4113415485,5,25,5x5
T5_NC_pos+4_w1,T5,NC,4,160,1,-180,0.1457170309,0.5889082484,5,25,5x5
T5_NC_pos+4_w1,T5,NC,4,160,1,-175,0.08887557794,0.5315260854,5,25,5x5
T5_NC_pos+4_w1,T5,NC,4,160,1,-170,-0.03145067359,0.5792126697,5,25,5x5
T5_NC_pos+4_w1,T5,NC,4,160,1,-165,0.06027985144,0.7877180124,5,25,5x5
T5_NC_pos+4_w1,T5,NC,4,160,1,-160,0.06488134717,0.8605565077,5,25,5x5
T5_NC_pos+4_w1,T5,NC,4,160,1,-155,0.06149215303,0.7643493261,5,25,5x5
T5_NC_pos+4_w1,T5,NC,4,160,1,-150,0.07935555352,0.6070207584,5,25,5x5
T5_NC_pos+4_w1,T5,NC,4,160,1,-145,-0.07892982499,0.5171635503,5,25,5x5
T5_NC_pos+4_w1,T5,NC,4,160,1,-140,-0.2903807407,0.3913603846,5,25,5x5
T5_NC_pos+4_w1,T5,NC,4,160,1,-135,-0.3639612352,0.6483389961,5,25,5x5
T5_NC_pos+4_w1,T5,NC,4,160,1,-130,-0.4084203317,0.7730180018,5,25,5x5
T5_NC_pos+4_w1,T5,NC,4,160,1,-125,-0.3549096174,0.7948664031,5,25,5x5
T5_NC_pos+4_w1,T5,NC,4,160,1,-120,-0.3507901425,0.7693452298,5,25,5x5
T5_NC_pos+4_w1,T5,NC,4,160,1,-115,-0.2773388604,0.4716706069,5,25,5x5
T5_NC_pos+4_w1,T5,NC,4,160,1,-110,-0.4456754294,0.3566862881,5,25,5x5
T5_NC_pos+4_w1,T5,NC,4,160,1,-105,-0.633852444,0.4910321823,5,25,5x5
T5_NC_pos+4_w1,T5,NC,4,160,1,-100,-0.795252963,0.5999165921,5,25,5x5
T5_NC_pos+4_w1,T5,NC,4,160,1,-95,-0.6123289092,0.7912970707,5,25,5x5
T5_NC_pos+4_w1,T5,NC,4,160,1,-90,-0.5197809849,0.839729472,5,25,5x5
T5_NC_pos+4_w1,T5,NC,4,160,1,-85,-0.3122790313,0.9898699663,5,25,5x5
T5_NC_pos+4_w1,T5,NC,4,160,1,-80,-0.1473568396,1.164324532,5,25,5x5
T5_NC_pos+4_w1,T5,NC,4,160,1,-75,0.1337113227,1.172081171,5,25,5x5
T5_NC_pos+4_w1,T5,NC,4,160,1,-70,0.05524709809,1.154773638,5,25,5x5
T5_NC_pos+4_w1,T5,NC,4,160,1,-65,0.02579145095,1.285225765,5,25,5x5
T5_NC_pos+4_w1,T5,NC,4,160,1,-60,0.1513275315,1.479242963,5,25,5x5
T5_NC_pos+4_w1,T5,NC,4,160,1,-55,0.2745234717,1.765957482,5,25,5x5
T5_NC_pos+4_w1,T5,NC,4,160,1,-50,0.475027501,1.936150536,5,25,5x5
T5_NC_pos+4_w1,T5,NC,4,160,1,-45,0.7483700834,2.178136908,5,25,5x5
T5_NC_pos+4_w1,T5,NC,4,160,1,-40,0.9377739601,2.011539029,5,25,5x5
T5_NC_pos+4_w1,T5,NC,4,160,1,-35,0.8409184351,1.759169275,5,25,5x5
T5_NC_pos+4_w1,T5,NC,4,160,1,-30,0.9243796683,1.820745705,5,25,5x5
T5_NC_pos+4_w1,T5,NC,4,160,1,-25,0.6530860175,1.741725664,5,25,5x5
T5_NC_pos+4_w1,T5,NC,4,160,1,-20,0.3902322324,1.657371207,5,25,5x5
T5_NC_pos+4_w1,T5,NC,4,160,1,-15,0.2545916341,1.475703772,5,25,5x5
T5_NC_pos+4_w1,T5,NC,4,160,1,-10,0.124834247,1.445568459,5,25,5x5
T5_NC_pos+4_w1,T5,NC,4,160,1,-5,-0.2116144099,1.430358682,5,25,5x5
T5_NC_pos+4_w1,T5,NC,4,160,1,0,-0.3629977432,1.478636907,5,25,5x5
T5_NC_pos+4_w1,T5,NC,4,160,1,5,-0.6639485674,1.562018101,5,25,5x5
T5_NC_pos+4_w1,T5,NC,4,160,1,10,-0.7359947212,1.781661535,5,25,5x5
T5_NC_pos+4_w1,T5,NC,4,160,1,15,-0.6770214611,1.700461099,5,25,5x5
T5_NC_pos+4_w1,T5,NC,4,160,1,20,-0.681363952,1.808766808,5,25,5x5
T5_NC_pos+4_w1,T5,NC,4,160,1,25,-0.4667259788,1.610768934,5,25,5x5
T5_NC_pos+4_w1,T5,NC,4,160,1,30,-0.3714830606,1.6498946,5,25,5x5
T5_NC_pos+4_w1,T5,NC,4,160,1,35,-0.3948254294,1.814763501,5,25,5x5
T5_NC_pos+4_w1,T5,NC,4,160,1,40,-0.5453289398,1.811138244,5,25,5x5
T5_NC_pos+4_w1,T5,NC,4,160,1,45,-0.5274251547,1.652628248,5,25,5x5
T5_NC_pos+4_w1,T5,NC,4,160,1,50,-0.3603071754,1.317231757,5,25,5x5
T5_NC_pos+4_w1,T5,NC,4,160,1,55,-0.1675265283,1.112842591,5,25,5x5
T5_NC_pos+4_w1,T5,NC,4,160,1,60,-0.3088259178,1.03458169,5,25,5x5
T5_NC_pos+4_w1,T5,NC,4,160,1,65,-0.4042716138,0.8305912455,5,25,5x5
T5_NC_pos+4_w1,T5,NC,4,160,1,70,-0.5734306797,0.8537470565,5,25,5x5
T5_NC_pos+4_w1,T5,NC,4,160,1,75,-0.7159534514,0.7694788311,5,25,5x5
T5_NC_pos+4_w1,T5,NC,4,160,1,80,-0.6747600142,0.6178688885,5,25,5x5
T5_NC_pos+4_w1,T5,NC,4,160,1,85,-0.371668897,0.5164114035,5,25,5x5
T5_NC_pos+4_w1,T5,NC,4,160,1,90,-0.1811371205,0.9475692203,5,25,5x5
T5_NC_pos+4_w1,T5,NC,4,160,1,95,-0.181970698,1.100989981,5,25,5x5
T5_NC_pos+4_w1,T5,NC,4,160,1,100,-0.2891345258,0.9456754566,5,25,5x5
T5_NC_pos+4_w1,T5,NC,4,160,1,105,-0.3099638604,1.126109609,5,25,5x5
T5_NC_pos+4_w1,T5,NC,4,160,1,110,-0.308304825,1.207010182,5,25,5x5
T5_NC_pos+4_w1,T5,NC,4,160,1,115,-0.1022238421,1.36229326,5,25,5x5
T5_NC_pos+4_w1,T5,NC,4,160,1,120,0.1102131543,1.531243239,5,25,5x5
T5_NC_pos+4_w1,T5,NC,4,160,1,125,0.1666925804,1.479571105,5,25,5x5
T5_NC_pos+4_w1,T5,NC,4,160,1,130,0.1116126964,1.410692587,5,25,5x5
T5_NC_pos+4_w1,T5,NC,4,160,1,135,-0.05303043549,1.338413991,5,25,5x5
T5_NC_pos+4_w1,T5,NC,4,160,1,140,-0.07394438543,1.657818364,5,25,5x5
T5_NC_pos+4_w1,T5,NC,4,160,1,145,-0.02267539886,1.736188473,5,25,5x5
T5_NC_pos+4_w1,T5,NC,4,160,1,150,-0.08477781034,2.008296348,5,25,5x5
T5_NC_pos+4_w1,T5,NC,4,160,1,155,0.09117454009,1.820119617,5,25,5x5
T5_NC_pos+4_w1,T5,NC,4,160,1,160,0.2562400773,1.771719274,5,25,5x5
T5_NC_pos+4_w1,T5,NC,4,160,1,165,0.5407153521,1.742470445,5,25,5x5
T5_NC_pos+4_w1,T5,NC,4,160,1,170,0.5825067745,1.384151081,5,25,5x5
T5_NC_pos+4_w1,T5,NC,4,160,1,175,0.7038259137,1.321638207,5,25,5x5
T5_NC_pos+4_w1,T5,NC,4,160,1,180,0.7864149247,1.32813741,5,25,5x5
T5_NC_pos+4_w1,T5,NC,4,160,1,185,0.9586803093,1.190018402,5,25,5x5
T5_NC_pos+4_w1,T5,NC,4,160,1,190,0.9174193508,1.242382271,5,25,5x5
T5_NC_pos+4_w1,T5,NC,4,160,1,195,0.9340876964,1.001064793,5,25,5x5
T5_NC_pos+4_w1,T5,NC,4,160,1,200,1.119822892,0.7671407169,5,25,5x5
T5_NC_pos+4_w1,T5,NC,4,160,1,205,1.395643435,1.226570905,5,25,5x5
T5_NC_pos+4_w1,T5,NC,4,160,1,210,2.249226494,2.279965158,5,25,5x5
T5_NC_pos+4_w1,T5,NC,4,160,1,215,2.992914131,2.453944809,5,25,5x5
T5_NC_pos+4_w1,T5,NC,4,160,1,220,3.554501555,2.60687271,5,25,5x5
T5_NC_pos+4_w1,T5,NC,4,160,1,225,4.042382446,2.828056337,5,25,5x5
T5_NC_pos+4_w1,T5,NC,4,160,1,230,4.479671671,2.469808828,5,25,5x5
T5_NC_pos+4_w1,T5,NC,4,160,1,235,4.64765537,1.861074612,5,25,5x5
T5_NC_pos+4_w1,T5,NC,4,160,1,240,4.729375425,1.371571179,5,25,5x5
T5_NC_pos+4_w1,T5,NC,4,160,1,245,5.319951646,1.667096696,5,25,5x5
T5_NC_pos+4_w1,T5,NC,4,160,1,250,5.638681622,0.9451659071,5,25,5x5
T5_NC_pos+4_w1,T5,NC,4,160,1,255,5.825460926,1.377153699,5,25,5x5
T5_NC_pos+4_w1,T5,NC,4,160,1,260,6.273496945,2.519629573,5,25,5x5
T5_NC_pos+4_w1,T5,NC,4,160,1,265,6.211575273,2.831493615,5,25,5x5
T5_NC_pos+4_w1,T5,NC,4,160,1,270,6.134458453,2.64210011,5,25,5x5
T5_NC_pos+4_w1,T5,NC,4,160,1,275,5.994381256,2.221027102,5,25,5x5
T5_NC_pos+4_w1,T5,NC,4,160,1,280,5.931266665,1.794268666,5,25,5x5
T5_NC_pos+4_w1,T5,NC,4,160,1,285,6.041052257,2.180497075,5,25,5x5
T5_NC_pos+4_w1,T5,NC,4,160,1,290,5.97815186,2.184774603,5,25,5x5
T5_NC_pos+4_w1,T5,NC,4,160,1,295,5.538395511,2.049230375,5,25,5x5
T5_NC_pos+4_w1,T5,NC,4,160,1,300,5.166639497,2.117094697,5,25,5x5
T5_NC_pos+4_w1,T5,NC,4,160,1,305,5.058334858,2.673059261,5,25,5x5
T5_NC_pos+4_w1,T5,NC,4,160,1,310,4.856338856,2.693600113,5,25,5x5
T5_NC_pos+4_w1,T5,NC,4,160,1,315,4.586455889,2.599889598,5,25,5x5
T5_NC_pos+4_w1,T5,NC,4,160,1,320,4.225834796,2.36293872,5,25,5x5
T5_NC_pos+4_w1,T5,NC,4,160,1,325,3.877390047,2.364933895,5,25,5x5
T5_NC_pos+4_w1,T5,NC,4,160,1,330,3.662381652,2.467013267,5,25,5x5
T5_NC_pos+4_w1,T5,NC,4,160,1,335,3.280180065,2.083106621,5,25,5x5
T5_NC_pos+4_w1,T5,NC,4,160,1,340,3.024587513,2.043381154,5,25,5x5
T5_NC_pos+4_w1,T5,NC,4,160,1,345,2.820487055,1.411832046,5,25,5x5
T5_NC_pos+4_w1,T5,NC,4,160,1,350,2.952377898,1.11741827,5,25,5x5
T5_NC_pos+4_w1,T5,NC,4,160,1,355,2.825476341,1.078635409,5,25,5x5
T5_NC_pos+4_w1,T5,NC,4,160,1,360,2.653327898,1.281927605,5,25,5x5
T5_NC_pos+4_w1,T5,NC,4,160,1,365,2.534411017,1.468094562,5,25,5x5
T5_NC_pos+4_w1,T5,NC,4,160,1,370,2.446964497,1.844535272,5,25,5x5
T5_NC_pos+4_w1,T5,NC,4,160,1,375,2.396724754,2.150864289,5,25,5x5
T5_NC_pos+4_w1,T5,NC,4,160,1,380,2.281168405,2.402573972,5,25,5x5
T5_NC_pos+4_w1,T5,NC,4,160,1,385,1.927013978,2.490729336,5,25,5x5
T5_NC_pos+4_w1,T5,NC,4,160,1,390,1.919631347,2.713114433,5,25,5x5
T5_NC_pos+4_w1,T5,NC,4,160,1,395,2.035315047,2.61720914,5,25,5x5
T5_NC_pos+4_w1,T5,NC,4,160,1,400,1.882664558,2.267846782,5,25,5x5
T5_NC_pos+4_w1,T5,NC,4,160,1,405,1.877729577,2.437061949,5,25,5x5
T5_NC_pos+4_w1,T5,NC,4,160,1,410,1.804094717,2.373958495,5,25,5x5
T5_NC_pos+4_w1,T5,NC,4,160,1,415,1.789673869,2.511277345,5,25,5x5
T5_NC_pos+4_w1,T5,NC,4,160,1,420,1.781021945,2.531948669,5,25,5x5
T5_NC_pos+4_w1,T5,NC,4,160,1,425,1.987623075,2.439777196,5,25,5x5
T5_NC_pos+4_w1,T5,NC,4,160,1,430,2.186234796,2.718589675,5,25,5x5
T5_NC_pos+4_w1,T5,NC,4,160,1,435,2.310455431,2.696403872,5,25,5x5
T5_NC_pos+4_w1,T5,NC,4,160,1,440,2.258137788,2.808143986,5,25,5x5
T5_NC_pos+4_w1,T5,NC,4,160,1,445,2.038995236,2.708793289,5,25,5x5
T5_NC_pos+4_w1,T5,NC,4,160,1,450,1.904295877,2.551427398,5,25,5x5
T5_NC_pos+4_w1,T5,NC,4,160,1,455,1.955440993,2.648428335,5,25,5x5
T5_NC_pos+4_w1,T5,NC,4,160,1,460,1.835459155,2.90387391,5,25,5x5
T5_NC_pos+4_w1,T5,NC,4,160,1,465,1.737941512,2.995322556,5,25,5x5
T5_NC_pos+4_w1,T5,NC,4,160,1,470,1.484398685,2.96331471,5,25,5x5
T5_NC_pos+4_w1,T5,NC,4,160,1,475,1.354936048,2.941925814,5,25,5x5
T5_NC_pos+4_w1,T5,NC,4,160,1,480,1.205713826,2.76261977,5,25,5x5
T5_NC_pos+4_w1,T5,NC,4,160,1,485,0.9859187403,2.736796386,5,25,5x5
T5_NC_pos+4_w1,T5,NC,4,160,1,490,0.6900351628,2.443790208,5,25,5x5
T5_NC_pos+4_w1,T5,NC,4,160,1,495,0.5313349186,2.405970088,5,25,5x5
T5_NC_pos+4_w1,T5,NC,4,160,1,500,0.3671816219,2.246778729,5,25,5x5
T5_NC_pos+4_w1,T5,NC,4,160,1,505,0.3571984412,2.139343658,5,25,5x5
T5_NC_pos+4_w1,T5,NC,4,160,1,510,0.7567312556,2.439976816,5,25,5x5
T5_NC_pos+4_w1,T5,NC,4,160,1,515,1.045110956,2.53722814,5,25,5x5
T5_NC_pos+4_w1,T5,NC,4,160,1,520,1.156288521,2.369841557,5,25,5x5
T5_NC_pos+4_w1,T5,NC,4,160,1,525,1.140043069,2.425488815,5,25,5x5
T5_NC_pos+4_w1,T5,NC,4,160,1,530,1.009876738,2.575141421,5,25,5x5
T5_NC_pos+4_w1,T5,NC,4,160,1,535,0.8676807061,2.619851385,5,25,5x5
T5_NC_pos+4_w1,T5,NC,4,160,1,540,0.8032379711,2.290344707,5,25,5x5
T5_NC_pos+4_w1,T5,NC,4,160,1,545,0.7850278368,2.03555529,5,25,5x5
T5_NC_pos+4_w1,T5,NC,4,160,1,550,0.7266648331,2.074868398,5,25,5x5
T5_NC_pos+4_w1,T5,NC,4,160,1,555,0.3336560724,1.955513264,5,25,5x5
T5_NC_pos+4_w1,T5,NC,4,160,1,560,0.1215919394,1.850156812,5,25,5x5
T5_NC_pos+4_w1,T5,NC,4,160,1,565,-0.1590990558,1.583461591,5,25,5x5
T5_NC_pos+4_w1,T5,NC,4,160,1,570,0.06745558404,1.375225333,5,25,5x5
T5_NC_pos+4_w1,T5,NC,4,160,1,575,0.1457330871,1.290498043,5,25,5x5
T5_NC_pos+4_w1,T5,NC,4,160,1,580,0.3985194119,1.361280327,5,25,5x5
T5_NC_pos+4_w1,T5,NC,4,160,1,585,0.5585711518,1.468750672,5,25,5x5
T5_NC_pos+4_w1,T5,NC,4,160,1,590,0.5499212129,1.396820738,5,25,5x5
T5_NC_pos+4_w1,T5,NC,4,160,1,595,0.47072628,1.456021053,5,25,5x5
T5_NC_pos+4_w1,T5,NC,4,160,1,600,0.4347934351,1.430278754,5,25,5x5
T5_NC_pos+4_w1,T5,NC,4,160,1,605,0.3805986549,1.512401621,5,25,5x5
T5_NC_pos+4_w1,T5,NC,4,160,1,610,0.2523627269,1.639825416,5,25,5x5
T5_NC_pos+4_w1,T5,NC,4,160,1,615,0.3613072934,1.753628019,5,25,5x5
T5_NC_pos+4_w1,T5,NC,4,160,1,620,0.5785436793,2.065760023,5,25,5x5
T5_NC_pos+4_w1,T5,NC,4,160,1,625,0.8172427025,2.472047779,5,25,5x5
T5_NC_pos+4_w1,T5,NC,4,160,1,630,0.9390236243,2.822092109,5,25,5x5
T5_NC_pos+4_w1,T5,NC,4,160,1,635,1.270569046,3.016268281,5,25,5x5
T5_NC_pos+4_w1,T5,NC,4,160,1,640,1.689326219,3.007013897,5,25,5x5
T5_NC_pos+4_w1,T5,NC,4,160,1,645,1.646129882,2.872510978,5,25,5x5
T5_NC_pos+4_w1,T5,NC,4,160,1,650,1.361987788,2.493098196,5,25,5x5
T5_NC_pos+4_w1,T5,NC,4,160,1,655,1.308012055,2.029119814,5,25,5x5
T5_NC_pos+4_w1,T5,NC,4,160,1,660,1.320079699,1.577752451,5,25,5x5
T5_NC_pos+4_w1,T5,NC,4,160,1,665,1.214463154,1.545098209,5,25,5x5
T5_NC_pos+4_w1,T5,NC,4,160,1,670,1.229785071,1.285174745,5,25,5x5
T5_NC_pos+4_w1,T5,NC,4,160,1,675,1.253956103,1.742670034,5,25,5x5
T5_NC_pos+4_w1,T5,NC,4,160,1,680,1.446094381,2.186460483,5,25,5x5
T5_NC_pos+4_w1,T5,NC,4,160,1,685,1.405773502,2.349074553,5,25,5x5
T5_NC_pos+4_w1,T5,NC,4,160,1,690,1.255310041,2.246337121,5,25,5x5
T5_NC_pos+4_w1,T5,NC,4,160,1,695,1.063350792,2.179629417,5,25,5x5
T5_NC_pos+4_w1,T5,NC,4,160,1,700,0.8776917562,2.436029203,5,25,5x5
T5_NC_pos+4_w1,T5,NC,4,160,1,705,0.5104455108,2.402457246,5,25,5x5
T5_NC_pos+4_w1,T5,NC,4,160,1,710,0.4942332397,2.33640373,5,25,5x5
T5_NC_pos+4_w1,T5,NC,4,160,1,715,0.3762096439,2.198005196,5,25,5x5
T5_NC_pos+4_w1,T5,NC,4,160,1,720,0.2281447782,1.948120461,5,25,5x5
T5_NC_pos+4_w1,T5,NC,4,160,1,725,0.3348371775,1.978565285,5,25,5x5
T5_NC_pos+4_w1,T5,NC,4,160,1,730,0.3198192593,2.001720119,5,25,5x5
T5_NC_pos+4_w1,T5,NC,4,160,1,735,0.06044728124,2.046249153,5,25,5x5
T5_NC_pos+4_w1,T5,NC,4,160,1,740,-0.1853750326,2.091487895,5,25,5x5
T5_NC_pos+4_w1,T5,NC,4,160,1,745,-0.4396874562,2.101726994,5,25,5x5
T5_NC_pos+4_w1,T5,NC,4,160,1,750,-0.3955701791,2.233687654,5,25,5x5
