trace_id,step_ms,speed_dps,direction_deg,time_ms,vm_mv
step160_dir315,160,14,315,0.0,0.0
step160_dir315,160,14,315,12.195121951219512,0.0
step160_dir315,160,14,315,24.390243902439025,0.0
step160_dir315,160,14,315,36.58536585365854,0.04098360655737705
step160_dir315,160,14,315,48.78048780487805,0.0819672131147541
step160_dir315,160,14,315,60.97560975609756,0.1639344262295082
step160_dir315,160,14,315,73.17073170731707,0.1639344262295082
step160_dir315,160,14,315,85.36585365853658,0.1639344262295082
step160_dir315,160,14,315,97.5609756097561,0.1639344262295082
step160_dir315,160,14,315,109.7560975609756,0.12295081967213116
step160_dir315,160,14,315,121.95121951219512,0.0819672131147541
step160_dir315,160,14,315,134.14634146341461,0.04098360655737705
step160_dir315,160,14,315,146.34146341463415,0.04098360655737705
step160_dir315,160,14,315,158.53658536585365,0.04098360655737705
step160_dir315,160,14,315,170.73170731707316,0.04098360655737705
step160_dir315,160,14,315,182.92682926829266,0.04098360655737705
step160_dir315,160,14,315,195.1219512195122,0.04098360655737705
step160_dir315,160,14,315,207.3170731707317,0.0819672131147541
step160_dir315,160,14,315,219.5121951219512,0.12295081967213116
step160_dir315,160,14,315,231.7073170731707,0.20491803278688525
step160_dir315,160,14,315,243.90243902439025,0.2459016393442623
step160_dir315,160,14,315,256.0975609756097,0.4098360655737705
step160_dir315,160,14,315,268.29268292682923,0.5327868852459017
step160_dir315,160,14,315,280.4878048780488,0.6557377049180328
step160_dir315,160,14,315,292.6829268292683,0.8196721311475411
step160_dir315,160,14,315,304.8780487804878,0.9836065573770493
step160_dir315,160,14,315,317.0731707317073,1.0655737704918034
step160_dir315,160,14,315,329.2682926829268,1.0655737704918034
step160_dir315,160,14,315,341.4634146341463,1.0655737704918034
step160_dir315,160,14,315,353.6585365853658,1.0245901639344264
step160_dir315,160,14,315,365.8536585365853,0.9426229508196722
step160_dir315,160,14,315,378.0487804878049,0.9426229508196722
step160_dir315,160,14,315,390.2439024390244,0.9426229508196722
step160_dir315,160,14,315,402.4390243902439,0.9426229508196722
step160_dir315,160,14,315,414.6341463414634,0.9836065573770493
step160_dir315,160,14,315,426.8292682926829,1.0245901639344264
step160_dir315,160,14,315,439.0243902439024,1.0245901639344264
step160_dir315,160,14,315,451.2195121951219,1.0245901639344264
step160_dir315,160,14,315,463.4146341463414,0.9016393442622952
step160_dir315,160,14,315,475.60975609756093,0.8196721311475411
step160_dir315,160,14,315,487.8048780487805,0.7377049180327869
step160_dir315,160,14,315,500.0,0.6557377049180328
step160_dir315,160,14,315,512.1951219512194,0.45081967213114754
step160_dir315,160,14,315,524.390243902439,0.3278688524590164
step160_dir315,160,14,315,536.5853658536585,0.2868852459016394
step160_dir315,160,14,315,548.780487804878,0.2868852459016394
step160_dir315,160,14,315,560.9756097560976,0.2868852459016394
step160_dir315,160,14,315,573.170731707317,0.36885245901639346
step160_dir315,160,14,315,585.3658536585366,0.5737704918032788
step160_dir315,160,14,315,597.560975609756,0.6147540983606559
step160_dir315,160,14,315,609.7560975609756,0.6557377049180328
step160_dir315,160,14,315,621.951219512195,0.6557377049180328
step160_dir315,160,14,315,634.1463414634146,0.6557377049180328
step160_dir315,160,14,315,646.3414634146341,0.6147540983606559
step160_dir315,160,14,315,658.5365853658536,0.5737704918032788
step160_dir315,160,14,315,670.7317073170732,0.5737704918032788
step160_dir315,160,14,315,682.9268292682926,0.5737704918032788
step160_dir315,160,14,315,695.1219512195122,0.6557377049180328
step160_dir315,160,14,315,707.3170731707316,0.9016393442622952
step160_dir315,160,14,315,719.5121951219512,1.0655737704918034
step160_dir315,160,14,315,731.7073170731707,1.3114754098360655
step160_dir315,160,14,315,743.9024390243902,1.4344262295081966
step160_dir315,160,14,315,756.0975609756098,1.598360655737705
step160_dir315,160,14,315,768.2926829268292,1.598360655737705
step160_dir315,160,14,315,780.4878048780488,1.598360655737705
step160_dir315,160,14,315,792.6829268292682,1.5573770491803278
step160_dir315,160,14,315,804.8780487804878,1.4754098360655739
step160_dir315,160,14,315,817.0731707317073,1.3524590163934427
step160_dir315,160,14,315,829.2682926829268,1.3524590163934427
step160_dir315,160,14,315,841.4634146341463,1.3524590163934427
step160_dir315,160,14,315,853.6585365853658,1.3934426229508197
step160_dir315,160,14,315,865.8536585365854,1.4754098360655739
step160_dir315,160,14,315,878.0487804878048,1.598360655737705
step160_dir315,160,14,315,890.2439024390244,1.7213114754098362
step160_dir315,160,14,315,902.4390243902438,1.7622950819672132
step160_dir315,160,14,315,914.6341463414634,1.7622950819672132
step160_dir315,160,14,315,926.8292682926829,1.7622950819672132
step160_dir315,160,14,315,939.0243902439024,1.7213114754098362
step160_dir315,160,14,315,951.2195121951219,1.7213114754098362
step160_dir315,160,14,315,963.4146341463414,1.680327868852459
step160_dir315,160,14,315,975.609756097561,1.680327868852459
step160_dir315,160,14,315,987.8048780487804,1.680327868852459
step160_dir315,160,14,315,1000.0,1.8442622950819672
step160_dir315,160,14,315,1012.1951219512194,1.9672131147540983
step160_dir315,160,14,315,1024.390243902439,2.1721311475409837
step160_dir315,160,14,315,1036.5853658536585,2.377049180327869
step160_dir315,160,14,315,1048.780487804878,2.7049180327868854
step160_dir315,160,14,315,1060.9756097560976,2.9098360655737707
step160_dir315,160,14,315,1073.170731707317,3.0327868852459017
step160_dir315,160,14,315,1085.3658536585365,3.155737704918033
step160_dir315,160,14,315,1097.560975609756,3.19672131147541
step160_dir315,160,14,315,1109.7560975609756,3.19672131147541
step160_dir315,160,14,315,1121.9512195121952,3.19672131147541
step160_dir315,160,14,315,1134.1463414634145,3.19672131147541
step160_dir315,160,14,315,1146.341463414634,3.19672131147541
step160_dir315,160,14,315,1158.5365853658536,3.19672131147541
step160_dir315,160,14,315,1170.7317073170732,3.19672131147541
step160_dir315,160,14,315,1182.9268292682925,3.19672131147541
step160_dir315,160,14,315,1195.121951219512,3.237704918032787
step160_dir315,160,14,315,1207.3170731707316,3.278688524590164
step160_dir315,160,14,315,1219.5121951219512,3.319672131147541
step160_dir315,160,14,315,1231.7073170731708,3.360655737704918
step160_dir315,160,14,315,1243.90243902439,3.360655737704918
step160_dir315,160,14,315,1256.0975609756097,3.360655737704918
step160_dir315,160,14,315,1268.2926829268292,3.360655737704918
step160_dir315,160,14,315,1280.4878048780488,3.360655737704918
step160_dir315,160,14,315,1292.6829268292681,3.278688524590164
step160_dir315,160,14,315,1304.8780487804877,3.278688524590164
step160_dir315,160,14,315,1317.0731707317073,3.155737704918033
step160_dir315,160,14,315,1329.2682926829268,3.0737704918032787
step160_dir315,160,14,315,1341.4634146341464,2.9918032786885247
step160_dir315,160,14,315,1353.6585365853657,2.9098360655737707
step160_dir315,160,14,315,1365.8536585365853,2.8278688524590163
step160_dir315,160,14,315,1378.0487804878048,2.7868852459016393
step160_dir315,160,14,315,1390.2439024390244,2.7868852459016393
step160_dir315,160,14,315,1402.4390243902437,2.7459016393442623
step160_dir315,160,14,315,1414.6341463414633,2.7049180327868854
step160_dir315,160,14,315,1426.8292682926829,2.581967213114754
step160_dir315,160,14,315,1439.0243902439024,2.5
step160_dir315,160,14,315,1451.219512195122,2.459016393442623
step160_dir315,160,14,315,1463.4146341463413,2.418032786885246
step160_dir315,160,14,315,1475.6097560975609,2.418032786885246
step160_dir315,160,14,315,1487.8048780487804,2.336065573770492
step160_dir315,160,14,315,1500.0,2.2131147540983607
step160_dir315,160,14,315,1512.1951219512196,2.1311475409836067
step160_dir315,160,14,315,1524.390243902439,2.0081967213114758
step160_dir315,160,14,315,1536.5853658536585,1.9262295081967213
step160_dir315,160,14,315,1548.780487804878,1.8442622950819672
step160_dir315,160,14,315,1560.9756097560976,1.7622950819672132
step160_dir315,160,14,315,1573.170731707317,1.680327868852459
step160_dir315,160,14,315,1585.3658536585365,1.598360655737705
step160_dir315,160,14,315,1597.560975609756,1.4754098360655739
step160_dir315,160,14,315,1609.7560975609756,1.3934426229508197
step160_dir315,160,14,315,1621.9512195121952,1.3114754098360655
step160_dir315,160,14,315,1634.1463414634145,1.2704918032786885
step160_dir315,160,14,315,1646.341463414634,1.2295081967213115
step160_dir315,160,14,315,1658.5365853658536,1.1885245901639345
step160_dir315,160,14,315,1670.7317073170732,1.1885245901639345
step160_dir315,160,14,315,1682.9268292682925,1.1885245901639345
step160_dir315,160,14,315,1695.121951219512,1.1475409836065573
step160_dir315,160,14,315,1707.3170731707316,1.1065573770491803
step160_dir315,160,14,315,1719.5121951219512,1.0245901639344264
step160_dir315,160,14,315,1731.7073170731708,0.9426229508196722
step160_dir315,160,14,315,1743.90243902439,0.9426229508196722
step160_dir315,160,14,315,1756.0975609756097,0.9426229508196722
step160_dir315,160,14,315,1768.2926829268292,0.8606557377049181
step160_dir315,160,14,315,1780.4878048780488,0.8196721311475411
step160_dir315,160,14,315,1792.6829268292681,0.778688524590164
step160_dir315,160,14,315,1804.8780487804877,0.6557377049180328
step160_dir315,160,14,315,1817.0731707317073,0.6147540983606559
step160_dir315,160,14,315,1829.2682926829268,0.5737704918032788
step160_dir315,160,14,315,1841.4634146341464,0.5327868852459017
step160_dir315,160,14,315,1853.6585365853657,0.45081967213114754
step160_dir315,160,14,315,1865.8536585365853,0.3278688524590164
step160_dir315,160,14,315,1878.0487804878048,0.3278688524590164
step160_dir315,160,14,315,1890.2439024390244,0.20491803278688525
step160_dir315,160,14,315,1902.4390243902437,0.1639344262295082
step160_dir315,160,14,315,1914.6341463414633,0.1639344262295082
step160_dir315,160,14,315,1926.8292682926829,0.12295081967213116
step160_dir315,160,14,315,1939.0243902439024,0.04098360655737705
step160_dir315,160,14,315,1951.219512195122,0.04098360655737705
step160_dir315,160,14,315,1963.4146341463413,0.04098360655737705
step160_dir315,160,14,315,1975.6097560975609,0.12295081967213116
step160_dir315,160,14,315,1987.8048780487804,0.12295081967213116
step160_dir315,160,14,315,2000.0,0.20491803278688525
step160_dir315,160,14,315,2012.1951219512193,0.20491803278688525
step160_dir315,160,14,315,2024.390243902439,0.20491803278688525
step160_dir315,160,14,315,2036.5853658536585,0.20491803278688525
step160_dir315,160,14,315,2048.780487804878,0.12295081967213116
step160_dir315,160,14,315,2060.9756097560976,0.04098360655737705
step160_dir315,160,14,315,2073.170731707317,-0.04098360655737705
step160_dir315,160,14,315,2085.3658536585367,-0.0819672131147541
step160_dir315,160,14,315,2097.560975609756,-0.1639344262295082
step160_dir315,160,14,315,2109.7560975609754,-0.24590163934426235
step160_dir315,160,14,315,2121.951219512195,-0.24590163934426235
step160_dir315,160,14,315,2134.1463414634145,-0.2868852459016394
step160_dir315,160,14,315,2146.341463414634,-0.3278688524590164
step160_dir315,160,14,315,2158.5365853658536,-0.3278688524590164
step160_dir0,160,14,0,0.0,0.0
step160_dir0,160,14,0,12.195121951219512,0.0
step160_dir0,160,14,0,24.390243902439025,-0.04098360655737705
step160_dir0,160,14,0,36.58536585365854,-0.04098360655737705
step160_dir0,160,14,0,48.78048780487805,-0.0819672131147541
step160_dir0,160,14,0,60.97560975609756,-0.0819672131147541
step160_dir0,160,14,0,73.17073170731707,-0.0819672131147541
step160_dir0,160,14,0,85.36585365853658,-0.0819672131147541
step160_dir0,160,14,0,97.5609756097561,0.0
step160_dir0,160,14,0,109.7560975609756,0.0
step160_dir0,160,14,0,121.95121951219512,0.04098360655737705
step160_dir0,160,14,0,134.14634146341461,0.04098360655737705
step160_dir0,160,14,0,146.34146341463415,0.04098360655737705
step160_dir0,160,14,0,158.53658536585365,0.0819672131147541
step160_dir0,160,14,0,170.73170731707316,0.0819672131147541
step160_dir0,160,14,0,182.92682926829266,0.0819672131147541
step160_dir0,160,14,0,195.1219512195122,0.12295081967213116
step160_dir0,160,14,0,207.3170731707317,0.49180327868852464
step160_dir0,160,14,0,219.5121951219512,0.5737704918032787
step160_dir0,160,14,0,231.7073170731707,1.0245901639344264
step160_dir0,160,14,0,243.90243902439025,1.1475409836065575
step160_dir0,160,14,0,256.0975609756097,1.4344262295081969
step160_dir0,160,14,0,268.29268292682923,1.557377049180328
step160_dir0,160,14,0,280.4878048780488,1.8032786885245904
step160_dir0,160,14,0,292.6829268292683,1.9262295081967216
step160_dir0,160,14,0,304.8780487804878,2.0491803278688527
step160_dir0,160,14,0,317.0731707317073,2.1311475409836067
step160_dir0,160,14,0,329.2682926829268,2.2131147540983607
step160_dir0,160,14,0,341.4634146341463,2.2131147540983607
step160_dir0,160,14,0,353.6585365853658,2.336065573770492
step160_dir0,160,14,0,365.8536585365853,2.5
step160_dir0,160,14,0,378.0487804878049,2.6639344262295084
step160_dir0,160,14,0,390.2439024390244,2.8278688524590168
step160_dir0,160,14,0,402.4390243902439,3.0327868852459017
step160_dir0,160,14,0,414.6341463414634,3.114754098360656
step160_dir0,160,14,0,426.8292682926829,3.155737704918033
step160_dir0,160,14,0,439.0243902439024,3.155737704918033
step160_dir0,160,14,0,451.2195121951219,3.19672131147541
step160_dir0,160,14,0,463.4146341463414,3.237704918032787
step160_dir0,160,14,0,475.60975609756093,3.278688524590164
step160_dir0,160,14,0,487.8048780487805,3.3606557377049184
step160_dir0,160,14,0,500.0,3.4016393442622954
step160_dir0,160,14,0,512.1951219512194,3.4426229508196724
step160_dir0,160,14,0,524.390243902439,3.606557377049181
step160_dir0,160,14,0,536.5853658536585,3.7704918032786887
step160_dir0,160,14,0,548.780487804878,3.7704918032786887
step160_dir0,160,14,0,560.9756097560976,3.7704918032786887
step160_dir0,160,14,0,573.170731707317,3.7704918032786887
step160_dir0,160,14,0,585.3658536585366,3.6885245901639347
step160_dir0,160,14,0,597.560975609756,3.6885245901639347
step160_dir0,160,14,0,609.7560975609756,3.6475409836065578
step160_dir0,160,14,0,621.951219512195,3.606557377049181
step160_dir0,160,14,0,634.1463414634146,3.5245901639344264
step160_dir0,160,14,0,646.3414634146341,3.5245901639344264
step160_dir0,160,14,0,658.5365853658536,3.5245901639344264
step160_dir0,160,14,0,670.7317073170732,3.4836065573770494
step160_dir0,160,14,0,682.9268292682926,3.4426229508196724
step160_dir0,160,14,0,695.1219512195122,3.4426229508196724
step160_dir0,160,14,0,707.3170731707316,3.4426229508196724
step160_dir0,160,14,0,719.5121951219512,3.5245901639344264
step160_dir0,160,14,0,731.7073170731707,3.5245901639344264
step160_dir0,160,14,0,743.9024390243902,3.5245901639344264
step160_dir0,160,14,0,756.0975609756098,3.5245901639344264
step160_dir0,160,14,0,768.2926829268292,3.4426229508196724
step160_dir0,160,14,0,780.4878048780488,3.4426229508196724
step160_dir0,160,14,0,792.6829268292682,3.4426229508196724
step160_dir0,160,14,0,804.8780487804878,3.5655737704918034
step160_dir0,160,14,0,817.0731707317073,3.7704918032786887
step160_dir0,160,14,0,829.2682926829268,4.057377049180328
step160_dir0,160,14,0,841.4634146341463,4.30327868852459
step160_dir0,160,14,0,853.6585365853658,4.385245901639344
step160_dir0,160,14,0,865.8536585365854,4.385245901639344
step160_dir0,160,14,0,878.0487804878048,4.385245901639344
step160_dir0,160,14,0,890.2439024390244,4.30327868852459
step160_dir0,160,14,0,902.4390243902438,3.9754098360655736
step160_dir0,160,14,0,914.6341463414634,3.89344262295082
step160_dir0,160,14,0,926.8292682926829,3.6475409836065578
step160_dir0,160,14,0,939.0243902439024,3.5245901639344264
step160_dir0,160,14,0,951.2195121951219,3.4426229508196724
step160_dir0,160,14,0,963.4146341463414,3.4426229508196724
step160_dir0,160,14,0,975.609756097561,3.4426229508196724
step160_dir0,160,14,0,987.8048780487804,3.4426229508196724
step160_dir0,160,14,0,1000.0,3.4426229508196724
step160_dir0,160,14,0,1012.1951219512194,3.4426229508196724
step160_dir0,160,14,0,1024.390243902439,3.4426229508196724
step160_dir0,160,14,0,1036.5853658536585,3.4426229508196724
step160_dir0,160,14,0,1048.780487804878,3.3606557377049184
step160_dir0,160,14,0,1060.9756097560976,3.3196721311475414
step160_dir0,160,14,0,1073.170731707317,3.278688524590164
step160_dir0,160,14,0,1085.3658536585365,3.19672131147541
step160_dir0,160,14,0,1097.560975609756,3.073770491803279
step160_dir0,160,14,0,1109.7560975609756,3.0327868852459017
step160_dir0,160,14,0,1121.9512195121952,2.9918032786885247
step160_dir0,160,14,0,1134.1463414634145,2.9508196721311477
step160_dir0,160,14,0,1146.341463414634,2.9098360655737707
step160_dir0,160,14,0,1158.5365853658536,2.9098360655737707
step160_dir0,160,14,0,1170.7317073170732,2.9098360655737707
step160_dir0,160,14,0,1182.9268292682925,2.9098360655737707
step160_dir0,160,14,0,1195.121951219512,2.8688524590163937
step160_dir0,160,14,0,1207.3170731707316,2.8688524590163937
step160_dir0,160,14,0,1219.5121951219512,2.8688524590163937
step160_dir0,160,14,0,1231.7073170731708,2.8278688524590168
step160_dir0,160,14,0,1243.90243902439,2.7049180327868854
step160_dir0,160,14,0,1256.0975609756097,2.5819672131147544
step160_dir0,160,14,0,1268.2926829268292,2.336065573770492
step160_dir0,160,14,0,1280.4878048780488,2.254098360655738
step160_dir0,160,14,0,1292.6829268292681,2.1721311475409837
step160_dir0,160,14,0,1304.8780487804877,2.0491803278688527
step160_dir0,160,14,0,1317.0731707317073,1.9672131147540983
step160_dir0,160,14,0,1329.2682926829268,1.8852459016393444
step160_dir0,160,14,0,1341.4634146341464,1.7622950819672132
step160_dir0,160,14,0,1353.6585365853657,1.6803278688524592
step160_dir0,160,14,0,1365.8536585365853,1.598360655737705
step160_dir0,160,14,0,1378.0487804878048,1.516393442622951
step160_dir0,160,14,0,1390.2439024390244,1.4754098360655739
step160_dir0,160,14,0,1402.4390243902437,1.3934426229508199
step160_dir0,160,14,0,1414.6341463414633,1.3114754098360657
step160_dir0,160,14,0,1426.8292682926829,1.2295081967213115
step160_dir0,160,14,0,1439.0243902439024,1.0655737704918034
step160_dir0,160,14,0,1451.219512195122,0.9836065573770493
step160_dir0,160,14,0,1463.4146341463413,0.7786885245901639
step160_dir0,160,14,0,1475.6097560975609,0.6147540983606558
step160_dir0,160,14,0,1487.8048780487804,0.5327868852459017
step160_dir0,160,14,0,1500.0,0.4098360655737705
step160_dir0,160,14,0,1512.1951219512196,0.3278688524590164
step160_dir0,160,14,0,1524.390243902439,0.20491803278688525
step160_dir0,160,14,0,1536.5853658536585,0.12295081967213116
step160_dir0,160,14,0,1548.780487804878,0.0
step160_dir0,160,14,0,1560.9756097560976,-0.0819672131147541
step160_dir0,160,14,0,1573.170731707317,-0.2459016393442623
step160_dir0,160,14,0,1585.3658536585365,-0.3278688524590164
step160_dir0,160,14,0,1597.560975609756,-0.36885245901639346
step160_dir0,160,14,0,1609.7560975609756,-0.4098360655737705
step160_dir0,160,14,0,1621.9512195121952,-0.4098360655737705
step160_dir0,160,14,0,1634.1463414634145,-0.4098360655737705
step160_dir0,160,14,0,1646.341463414634,-0.4098360655737705
step160_dir0,160,14,0,1658.5365853658536,-0.45081967213114754
step160_dir0,160,14,0,1670.7317073170732,-0.45081967213114754
step160_dir0,160,14,0,1682.9268292682925,-0.4918032786885246
step160_dir0,160,14,0,1695.121951219512,-0.4918032786885246
step160_dir0,160,14,0,1707.3170731707316,-0.4918032786885246
step160_dir0,160,14,0,1719.5121951219512,-0.6147540983606559
step160_dir0,160,14,0,1731.7073170731708,-0.6557377049180328
step160_dir0,160,14,0,1743.90243902439,-0.7377049180327869
step160_dir0,160,14,0,1756.0975609756097,-0.7377049180327869
step160_dir0,160,14,0,1768.2926829268292,-0.7377049180327869
step160_dir0,160,14,0,1780.4878048780488,-0.7377049180327869
step160_dir0,160,14,0,1792.6829268292681,-0.7377049180327869
step160_dir0,160,14,0,1804.8780487804877,-0.7377049180327869
step160_dir0,160,14,0,1817.0731707317073,-0.7377049180327869
step160_dir0,160,14,0,1829.2682926829268,-0.8606557377049181
step160_dir0,160,14,0,1841.4634146341464,-0.9016393442622952
step160_dir0,160,14,0,1853.6585365853657,-0.9016393442622952
step160_dir0,160,14,0,1865.8536585365853,-0.9016393442622952
step160_dir0,160,14,0,1878.0487804878048,-0.9016393442622952
step160_dir0,160,14,0,1890.2439024390244,-0.9016393442622952
step160_dir0,160,14,0,1902.4390243902437,-0.9016393442622952
step160_dir0,160,14,0,1914.6341463414633,-0.9016393442622952
step160_dir0,160,14,0,1926.8292682926829,-0.9426229508196722
step160_dir0,160,14,0,1939.0243902439024,-0.9426229508196722
step160_dir0,160,14,0,1951.219512195122,-0.9426229508196722
step160_dir0,160,14,0,1963.4146341463413,-0.8606557377049181
step160_dir0,160,14,0,1975.6097560975609,-0.8196721311475411
step160_dir0,160,14,0,1987.8048780487804,-0.8196721311475411
step160_dir0,160,14,0,2000.0,-0.8196721311475411
step160_dir0,160,14,0,2012.1951219512193,-0.8606557377049181
step160_dir0,160,14,0,2024.390243902439,-0.9016393442622952
step160_dir0,160,14,0,2036.5853658536585,-0.9016393442622952
step160_dir0,160,14,0,2048.780487804878,-0.9836065573770493
step160_dir0,160,14,0,2060.9756097560976,-0.9836065573770493
step160_dir0,160,14,0,2073.170731707317,-0.9836065573770493
step160_dir0,160,14,0,2085.3658536585367,-0.9836065573770493
step160_dir0,160,14,0,2097.560975609756,-0.9836065573770493
step160_dir45,160,14,45,0.0,0.0
step160_dir45,160,14,45,12.195121951219512,0.0
step160_dir45,160,14,45,24.390243902439025,0.0
step160_dir45,160,14,45,36.58536585365854,0.04098360655737705
step160_dir45,160,14,45,48.78048780487805,0.12295081967213116
step160_dir45,160,14,45,60.97560975609756,0.24590163934426232
step160_dir45,160,14,45,73.17073170731707,0.2868852459016394
step160_dir45,160,14,45,85.36585365853658,0.2868852459016394
step160_dir45,160,14,45,97.5609756097561,0.2868852459016394
step160_dir45,160,14,45,109.7560975609756,0.2868852459016394
step160_dir45,160,14,45,121.95121951219512,0.24590163934426232
step160_dir45,160,14,45,134.14634146341461,0.20491803278688525
step160_dir45,160,14,45,146.34146341463415,0.20491803278688525
step160_dir45,160,14,45,158.53658536585365,0.20491803278688525
step160_dir45,160,14,45,170.73170731707316,0.24590163934426232
step160_dir45,160,14,45,182.92682926829266,0.2868852459016394
step160_dir45,160,14,45,195.1219512195122,0.2868852459016394
step160_dir45,160,14,45,207.3170731707317,0.2868852459016394
step160_dir45,160,14,45,219.5121951219512,0.2868852459016394
step160_dir45,160,14,45,231.7073170731707,0.2868852459016394
step160_dir45,160,14,45,243.90243902439025,0.2868852459016394
step160_dir45,160,14,45,256.0975609756097,0.2868852459016394
step160_dir45,160,14,45,268.29268292682923,0.36885245901639346
step160_dir45,160,14,45,280.4878048780488,0.5737704918032787
step160_dir45,160,14,45,292.6829268292683,0.6557377049180328
step160_dir45,160,14,45,304.8780487804878,1.0655737704918034
step160_dir45,160,14,45,317.0731707317073,1.2295081967213115
step160_dir45,160,14,45,329.2682926829268,1.4344262295081966
step160_dir45,160,14,45,341.4634146341463,1.5573770491803278
step160_dir45,160,14,45,353.6585365853658,1.8032786885245902
step160_dir45,160,14,45,365.8536585365853,1.8852459016393444
step160_dir45,160,14,45,378.0487804878049,2.0901639344262297
step160_dir45,160,14,45,390.2439024390244,2.254098360655738
step160_dir45,160,14,45,402.4390243902439,2.5819672131147544
step160_dir45,160,14,45,414.6341463414634,2.745901639344263
step160_dir45,160,14,45,426.8292682926829,3.032786885245902
step160_dir45,160,14,45,439.0243902439024,3.3606557377049184
step160_dir45,160,14,45,451.2195121951219,3.89344262295082
step160_dir45,160,14,45,463.4146341463414,4.016393442622951
step160_dir45,160,14,45,475.60975609756093,4.467213114754099
step160_dir45,160,14,45,487.8048780487805,4.631147540983607
step160_dir45,160,14,45,500.0,4.795081967213115
step160_dir45,160,14,45,512.1951219512194,4.877049180327869
step160_dir45,160,14,45,524.390243902439,4.918032786885246
step160_dir45,160,14,45,536.5853658536585,5.0
step160_dir45,160,14,45,548.780487804878,5.122950819672131
step160_dir45,160,14,45,560.9756097560976,5.204918032786885
step160_dir45,160,14,45,573.170731707317,5.491803278688525
step160_dir45,160,14,45,585.3658536585366,5.778688524590164
step160_dir45,160,14,45,597.560975609756,6.516393442622951
step160_dir45,160,14,45,609.7560975609756,6.721311475409836
step160_dir45,160,14,45,621.951219512195,7.5
step160_dir45,160,14,45,634.1463414634146,7.786885245901639
step160_dir45,160,14,45,646.3414634146341,8.155737704918034
step160_dir45,160,14,45,658.5365853658536,8.442622950819672
step160_dir45,160,14,45,670.7317073170732,8.688524590163935
step160_dir45,160,14,45,682.9268292682926,8.77049180327869
step160_dir45,160,14,45,695.1219512195122,8.811475409836065
step160_dir45,160,14,45,707.3170731707316,8.852459016393443
step160_dir45,160,14,45,719.5121951219512,9.057377049180328
step160_dir45,160,14,45,731.7073170731707,9.180327868852459
step160_dir45,160,14,45,743.9024390243902,9.549180327868854
step160_dir45,160,14,45,756.0975609756098,9.87704918032787
step160_dir45,160,14,45,768.2926829268292,10.0
step160_dir45,160,14,45,780.4878048780488,10.122950819672132
step160_dir45,160,14,45,792.6829268292682,10.368852459016393
step160_dir45,160,14,45,804.8780487804878,10.40983606557377
step160_dir45,160,14,45,817.0731707317073,10.450819672131148
step160_dir45,160,14,45,829.2682926829268,10.532786885245901
step160_dir45,160,14,45,841.4634146341463,10.573770491803279
step160_dir45,160,14,45,853.6585365853658,10.573770491803279
step160_dir45,160,14,45,865.8536585365854,10.573770491803279
step160_dir45,160,14,45,878.0487804878048,10.614754098360656
step160_dir45,160,14,45,890.2439024390244,11.147540983606557
step160_dir45,160,14,45,902.4390243902438,11.352459016393443
step160_dir45,160,14,45,914.6341463414634,11.557377049180328
step160_dir45,160,14,45,926.8292682926829,12.049180327868854
step160_dir45,160,14,45,939.0243902439024,12.09016393442623
step160_dir45,160,14,45,951.2195121951219,12.09016393442623
step160_dir45,160,14,45,963.4146341463414,12.09016393442623
step160_dir45,160,14,45,975.609756097561,12.09016393442623
step160_dir45,160,14,45,987.8048780487804,11.967213114754099
step160_dir45,160,14,45,1000.0,11.926229508196721
step160_dir45,160,14,45,1012.1951219512194,11.721311475409836
step160_dir45,160,14,45,1024.390243902439,11.475409836065575
step160_dir45,160,14,45,1036.5853658536585,11.352459016393443
step160_dir45,160,14,45,1048.780487804878,11.188524590163935
step160_dir45,160,14,45,1060.9756097560976,10.98360655737705
step160_dir45,160,14,45,1073.170731707317,10.778688524590164
step160_dir45,160,14,45,1085.3658536585365,10.491803278688526
step160_dir45,160,14,45,1097.560975609756,10.040983606557377
step160_dir45,160,14,45,1109.7560975609756,9.754098360655737
step160_dir45,160,14,45,1121.9512195121952,9.385245901639344
step160_dir45,160,14,45,1134.1463414634145,9.098360655737705
step160_dir45,160,14,45,1146.341463414634,8.811475409836065
step160_dir45,160,14,45,1158.5365853658536,8.524590163934427
step160_dir45,160,14,45,1170.7317073170732,8.073770491803279
step160_dir45,160,14,45,1182.9268292682925,7.827868852459017
step160_dir45,160,14,45,1195.121951219512,7.295081967213115
step160_dir45,160,14,45,1207.3170731707316,6.926229508196721
step160_dir45,160,14,45,1219.5121951219512,6.106557377049181
step160_dir45,160,14,45,1231.7073170731708,5.778688524590164
step160_dir45,160,14,45,1243.90243902439,5.0
step160_dir45,160,14,45,1256.0975609756097,4.754098360655738
step160_dir45,160,14,45,1268.2926829268292,4.262295081967213
step160_dir45,160,14,45,1280.4878048780488,4.0983606557377055
step160_dir45,160,14,45,1292.6829268292681,3.7704918032786887
step160_dir45,160,14,45,1304.8780487804877,3.606557377049181
step160_dir45,160,14,45,1317.0731707317073,3.19672131147541
step160_dir45,160,14,45,1329.2682926829268,3.114754098360656
step160_dir45,160,14,45,1341.4634146341464,2.6229508196721314
step160_dir45,160,14,45,1353.6585365853657,2.418032786885246
step160_dir45,160,14,45,1365.8536585365853,2.0491803278688527
step160_dir45,160,14,45,1378.0487804878048,1.8852459016393444
step160_dir45,160,14,45,1390.2439024390244,1.4754098360655739
step160_dir45,160,14,45,1402.4390243902437,1.3114754098360657
step160_dir45,160,14,45,1414.6341463414633,1.0245901639344264
step160_dir45,160,14,45,1426.8292682926829,0.860655737704918
step160_dir45,160,14,45,1439.0243902439024,0.5327868852459017
step160_dir45,160,14,45,1451.219512195122,0.4098360655737705
step160_dir45,160,14,45,1463.4146341463413,0.1639344262295082
step160_dir45,160,14,45,1475.6097560975609,0.0
step160_dir45,160,14,45,1487.8048780487804,-0.36885245901639346
step160_dir45,160,14,45,1500.0,-0.5327868852459017
step160_dir45,160,14,45,1512.1951219512196,-0.8606557377049182
step160_dir45,160,14,45,1524.390243902439,-1.0245901639344264
step160_dir45,160,14,45,1536.5853658536585,-1.3114754098360657
step160_dir45,160,14,45,1548.780487804878,-1.4754098360655739
step160_dir45,160,14,45,1560.9756097560976,-1.598360655737705
step160_dir45,160,14,45,1573.170731707317,-1.7622950819672132
step160_dir45,160,14,45,1585.3658536585365,-1.8852459016393446
step160_dir45,160,14,45,1597.560975609756,-1.9672131147540985
step160_dir45,160,14,45,1609.7560975609756,-2.0901639344262293
step160_dir45,160,14,45,1621.9512195121952,-2.1311475409836067
step160_dir45,160,14,45,1634.1463414634145,-2.2540983606557377
step160_dir45,160,14,45,1646.341463414634,-2.2950819672131146
step160_dir45,160,14,45,1658.5365853658536,-2.459016393442623
step160_dir45,160,14,45,1670.7317073170732,-2.581967213114754
step160_dir45,160,14,45,1682.9268292682925,-2.6639344262295084
step160_dir45,160,14,45,1695.121951219512,-2.7868852459016393
step160_dir45,160,14,45,1707.3170731707316,-2.8278688524590163
step160_dir45,160,14,45,1719.5121951219512,-2.8688524590163933
step160_dir45,160,14,45,1731.7073170731708,-2.8688524590163933
step160_dir45,160,14,45,1743.90243902439,-2.8688524590163933
step160_dir45,160,14,45,1756.0975609756097,-2.8688524590163933
step160_dir45,160,14,45,1768.2926829268292,-2.8688524590163933
step160_dir45,160,14,45,1780.4878048780488,-2.8688524590163933
step160_dir45,160,14,45,1792.6829268292681,-2.8688524590163933
step160_dir45,160,14,45,1804.8780487804877,-2.8688524590163933
step160_dir45,160,14,45,1817.0731707317073,-2.8688524590163933
step160_dir45,160,14,45,1829.2682926829268,-2.8688524590163933
step160_dir45,160,14,45,1841.4634146341464,-2.8688524590163933
step160_dir45,160,14,45,1853.6585365853657,-2.8688524590163933
step160_dir45,160,14,45,1865.8536585365853,-2.8278688524590163
step160_dir45,160,14,45,1878.0487804878048,-2.8278688524590163
step160_dir45,160,14,45,1890.2439024390244,-2.7459016393442623
step160_dir45,160,14,45,1902.4390243902437,-2.7459016393442623
step160_dir45,160,14,45,1914.6341463414633,-2.7049180327868854
step160_dir45,160,14,45,1926.8292682926829,-2.6639344262295084
step160_dir45,160,14,45,1939.0243902439024,-2.581967213114754
step160_dir45,160,14,45,1951.219512195122,-2.581967213114754
step160_dir45,160,14,45,1963.4146341463413,-2.5
step160_dir45,160,14,45,1975.6097560975609,-2.418032786885246
step160_dir45,160,14,45,1987.8048780487804,-2.3770491803278686
step160_dir45,160,14,45,2000.0,-2.3360655737704916
step160_dir45,160,14,45,2012.1951219512193,-2.3360655737704916
step160_dir45,160,14,45,2024.390243902439,-2.3360655737704916
step160_dir45,160,14,45,2036.5853658536585,-2.3360655737704916
step160_dir45,160,14,45,2048.780487804878,-2.3360655737704916
step160_dir45,160,14,45,2060.9756097560976,-2.3360655737704916
step160_dir45,160,14,45,2073.170731707317,-2.3360655737704916
step160_dir45,160,14,45,2085.3658536585367,-2.3360655737704916
step160_dir45,160,14,45,2097.560975609756,-2.3360655737704916
step160_dir45,160,14,45,2109.7560975609754,-2.2950819672131146
step160_dir45,160,14,45,2121.951219512195,-2.2540983606557377
step160_dir45,160,14,45,2134.1463414634145,-2.1311475409836067
step160_dir45,160,14,45,2146.341463414634,-2.0901639344262293
step160_dir45,160,14,45,2158.5365853658536,-2.0491803278688523
step160_dir45,160,14,45,2170.731707317073,-2.0081967213114753
step160_dir45,160,14,45,2182.9268292682927,-2.0081967213114753
step160_dir45,160,14,45,2195.121951219512,-1.9672131147540985
step160_dir45,160,14,45,2207.3170731707314,-1.9262295081967216
step160_dir45,160,14,45,2219.512195121951,-1.8852459016393446
step160_dir45,160,14,45,2231.7073170731705,-1.7622950819672132
step160_dir45,160,14,45,2243.9024390243903,-1.7622950819672132
step160_dir45,160,14,45,2256.0975609756097,-1.7622950819672132
step160_dir90,160,14,90,0.0,0.0
step160_dir90,160,14,90,12.195121951219512,0.0
step160_dir90,160,14,90,24.390243902439025,0.0
step160_dir90,160,14,90,36.58536585365854,0.04098360655737705
step160_dir90,160,14,90,48.78048780487805,0.04098360655737705
step160_dir90,160,14,90,60.97560975609756,0.0819672131147541
step160_dir90,160,14,90,73.17073170731707,0.0819672131147541
step160_dir90,160,14,90,85.36585365853658,0.0819672131147541
step160_dir90,160,14,90,97.5609756097561,0.0819672131147541
step160_dir90,160,14,90,109.7560975609756,0.0819672131147541
step160_dir90,160,14,90,121.95121951219512,0.0819672131147541
step160_dir90,160,14,90,134.14634146341461,0.04098360655737705
step160_dir90,160,14,90,146.34146341463415,0.04098360655737705
step160_dir90,160,14,90,158.53658536585365,0.04098360655737705
step160_dir90,160,14,90,170.73170731707316,0.04098360655737705
step160_dir90,160,14,90,182.92682926829266,0.04098360655737705
step160_dir90,160,14,90,195.1219512195122,0.0819672131147541
step160_dir90,160,14,90,207.3170731707317,0.0819672131147541
step160_dir90,160,14,90,219.5121951219512,0.20491803278688525
step160_dir90,160,14,90,231.7073170731707,0.3278688524590164
step160_dir90,160,14,90,243.90243902439025,0.5327868852459017
step160_dir90,160,14,90,256.0975609756097,0.6557377049180328
step160_dir90,160,14,90,268.29268292682923,0.819672131147541
step160_dir90,160,14,90,280.4878048780488,0.9836065573770493
step160_dir90,160,14,90,292.6829268292683,1.0245901639344261
step160_dir90,160,14,90,304.8780487804878,1.1475409836065575
step160_dir90,160,14,90,317.0731707317073,1.2295081967213115
step160_dir90,160,14,90,329.2682926829268,1.3524590163934427
step160_dir90,160,14,90,341.4634146341463,1.5163934426229508
step160_dir90,160,14,90,353.6585365853658,1.639344262295082
step160_dir90,160,14,90,365.8536585365853,1.8852459016393444
step160_dir90,160,14,90,378.0487804878049,2.1311475409836063
step160_dir90,160,14,90,390.2439024390244,2.2950819672131146
step160_dir90,160,14,90,402.4390243902439,2.581967213114754
step160_dir90,160,14,90,414.6341463414634,2.7459016393442623
step160_dir90,160,14,90,426.8292682926829,2.9098360655737703
step160_dir90,160,14,90,439.0243902439024,2.9508196721311477
step160_dir90,160,14,90,451.2195121951219,2.9918032786885247
step160_dir90,160,14,90,463.4146341463414,3.1967213114754096
step160_dir90,160,14,90,475.60975609756093,3.319672131147541
step160_dir90,160,14,90,487.8048780487805,3.401639344262295
step160_dir90,160,14,90,500.0,3.6475409836065573
step160_dir90,160,14,90,512.1951219512194,3.8114754098360657
step160_dir90,160,14,90,524.390243902439,3.8524590163934427
step160_dir90,160,14,90,536.5853658536585,3.9344262295081966
step160_dir90,160,14,90,548.780487804878,4.0163934426229515
step160_dir90,160,14,90,560.9756097560976,4.139344262295082
step160_dir90,160,14,90,573.170731707317,4.180327868852459
step160_dir90,160,14,90,585.3658536585366,4.262295081967213
step160_dir90,160,14,90,597.560975609756,4.426229508196722
step160_dir90,160,14,90,609.7560975609756,4.508196721311476
step160_dir90,160,14,90,621.951219512195,4.631147540983607
step160_dir90,160,14,90,634.1463414634146,4.754098360655738
step160_dir90,160,14,90,646.3414634146341,5.081967213114755
step160_dir90,160,14,90,658.5365853658536,5.327868852459017
step160_dir90,160,14,90,670.7317073170732,5.69672131147541
step160_dir90,160,14,90,682.9268292682926,5.983606557377049
step160_dir90,160,14,90,695.1219512195122,6.844262295081968
step160_dir90,160,14,90,707.3170731707316,7.008196721311476
step160_dir90,160,14,90,719.5121951219512,7.78688524590164
step160_dir90,160,14,90,731.7073170731707,8.032786885245901
step160_dir90,160,14,90,743.9024390243902,8.524590163934427
step160_dir90,160,14,90,756.0975609756098,8.770491803278688
step160_dir90,160,14,90,768.2926829268292,9.139344262295081
step160_dir90,160,14,90,780.4878048780488,9.30327868852459
step160_dir90,160,14,90,792.6829268292682,9.385245901639344
step160_dir90,160,14,90,804.8780487804878,9.467213114754099
step160_dir90,160,14,90,817.0731707317073,9.71311475409836
step160_dir90,160,14,90,829.2682926829268,9.836065573770492
step160_dir90,160,14,90,841.4634146341463,10.12295081967213
step160_dir90,160,14,90,853.6585365853658,10.532786885245901
step160_dir90,160,14,90,865.8536585365854,10.942622950819672
step160_dir90,160,14,90,878.0487804878048,11.188524590163935
step160_dir90,160,14,90,890.2439024390244,11.352459016393443
step160_dir90,160,14,90,902.4390243902438,11.557377049180328
step160_dir90,160,14,90,914.6341463414634,11.598360655737705
step160_dir90,160,14,90,926.8292682926829,11.680327868852459
step160_dir90,160,14,90,939.0243902439024,11.721311475409836
step160_dir90,160,14,90,951.2195121951219,11.762295081967213
step160_dir90,160,14,90,963.4146341463414,11.80327868852459
step160_dir90,160,14,90,975.609756097561,11.80327868852459
step160_dir90,160,14,90,987.8048780487804,11.80327868852459
step160_dir90,160,14,90,1000.0,11.80327868852459
step160_dir90,160,14,90,1012.1951219512194,11.80327868852459
step160_dir90,160,14,90,1024.390243902439,11.721311475409836
step160_dir90,160,14,90,1036.5853658536585,11.39344262295082
step160_dir90,160,14,90,1048.780487804878,11.188524590163935
step160_dir90,160,14,90,1060.9756097560976,11.065573770491802
step160_dir90,160,14,90,1073.170731707317,10.901639344262295
step160_dir90,160,14,90,1085.3658536585365,10.860655737704919
step160_dir90,160,14,90,1097.560975609756,10.819672131147541
step160_dir90,160,14,90,1109.7560975609756,10.737704918032787
step160_dir90,160,14,90,1121.9512195121952,10.655737704918034
step160_dir90,160,14,90,1134.1463414634145,10.450819672131148
step160_dir90,160,14,90,1146.341463414634,10.327868852459016
step160_dir90,160,14,90,1158.5365853658536,10.040983606557377
step160_dir90,160,14,90,1170.7317073170732,9.87704918032787
step160_dir90,160,14,90,1182.9268292682925,9.549180327868852
step160_dir90,160,14,90,1195.121951219512,9.180327868852459
step160_dir90,160,14,90,1207.3170731707316,8.852459016393443
step160_dir90,160,14,90,1219.5121951219512,8.524590163934427
step160_dir90,160,14,90,1231.7073170731708,8.360655737704917
step160_dir90,160,14,90,1243.90243902439,7.909836065573772
step160_dir90,160,14,90,1256.0975609756097,7.622950819672131
step160_dir90,160,14,90,1268.2926829268292,7.500000000000001
step160_dir90,160,14,90,1280.4878048780488,7.172131147540984
step160_dir90,160,14,90,1292.6829268292681,6.721311475409837
step160_dir90,160,14,90,1304.8780487804877,6.352459016393444
step160_dir90,160,14,90,1317.0731707317073,5.942622950819673
step160_dir90,160,14,90,1329.2682926829268,5.491803278688526
step160_dir90,160,14,90,1341.4634146341464,5.081967213114755
step160_dir90,160,14,90,1353.6585365853657,4.836065573770492
step160_dir90,160,14,90,1365.8536585365853,4.303278688524591
step160_dir90,160,14,90,1378.0487804878048,4.0983606557377055
step160_dir90,160,14,90,1390.2439024390244,3.8524590163934427
step160_dir90,160,14,90,1402.4390243902437,3.6885245901639343
step160_dir90,160,14,90,1414.6341463414633,3.401639344262295
step160_dir90,160,14,90,1426.8292682926829,3.278688524590164
step160_dir90,160,14,90,1439.0243902439024,3.0327868852459017
step160_dir90,160,14,90,1451.219512195122,2.8688524590163933
step160_dir90,160,14,90,1463.4146341463413,2.581967213114754
step160_dir90,160,14,90,1475.6097560975609,2.418032786885246
step160_dir90,160,14,90,1487.8048780487804,2.0491803278688523
step160_dir90,160,14,90,1500.0,1.8032786885245904
step160_dir90,160,14,90,1512.1951219512196,1.557377049180328
step160_dir90,160,14,90,1524.390243902439,1.3524590163934427
step160_dir90,160,14,90,1536.5853658536585,0.9836065573770493
step160_dir90,160,14,90,1548.780487804878,0.9016393442622952
step160_dir90,160,14,90,1560.9756097560976,0.6557377049180328
step160_dir90,160,14,90,1573.170731707317,0.49180327868852464
step160_dir90,160,14,90,1585.3658536585365,0.3278688524590164
step160_dir90,160,14,90,1597.560975609756,0.20491803278688525
step160_dir90,160,14,90,1609.7560975609756,-0.08196721311475409
step160_dir90,160,14,90,1621.9512195121952,-0.28688524590163933
step160_dir90,160,14,90,1634.1463414634145,-0.5737704918032787
step160_dir90,160,14,90,1646.341463414634,-0.819672131147541
step160_dir90,160,14,90,1658.5365853658536,-1.1885245901639345
step160_dir90,160,14,90,1670.7317073170732,-1.3934426229508197
step160_dir90,160,14,90,1682.9268292682925,-1.557377049180328
step160_dir90,160,14,90,1695.121951219512,-1.680327868852459
step160_dir90,160,14,90,1707.3170731707316,-1.7622950819672132
step160_dir90,160,14,90,1719.5121951219512,-1.8442622950819674
step160_dir90,160,14,90,1731.7073170731708,-1.9672131147540985
step160_dir90,160,14,90,1743.90243902439,-2.0081967213114758
step160_dir90,160,14,90,1756.0975609756097,-2.213114754098361
step160_dir90,160,14,90,1768.2926829268292,-2.336065573770492
step160_dir90,160,14,90,1780.4878048780488,-2.5000000000000004
step160_dir90,160,14,90,1792.6829268292681,-2.6229508196721314
step160_dir90,160,14,90,1804.8780487804877,-2.745901639344263
step160_dir90,160,14,90,1817.0731707317073,-2.7868852459016398
step160_dir90,160,14,90,1829.2682926829268,-2.8688524590163937
step160_dir90,160,14,90,1841.4634146341464,-2.9098360655737707
step160_dir90,160,14,90,1853.6585365853657,-2.991803278688525
step160_dir90,160,14,90,1865.8536585365853,-3.073770491803279
step160_dir90,160,14,90,1878.0487804878048,-3.114754098360656
step160_dir90,160,14,90,1890.2439024390244,-3.155737704918033
step160_dir90,160,14,90,1902.4390243902437,-3.19672131147541
step160_dir90,160,14,90,1914.6341463414633,-3.2377049180327875
step160_dir90,160,14,90,1926.8292682926829,-3.2786885245901645
step160_dir90,160,14,90,1939.0243902439024,-3.4016393442622954
step160_dir90,160,14,90,1951.219512195122,-3.4426229508196724
step160_dir90,160,14,90,1963.4146341463413,-3.524590163934427
step160_dir90,160,14,90,1975.6097560975609,-3.524590163934427
step160_dir90,160,14,90,1987.8048780487804,-3.606557377049181
step160_dir90,160,14,90,2000.0,-3.6475409836065578
step160_dir90,160,14,90,2012.1951219512193,-3.6885245901639347
step160_dir90,160,14,90,2024.390243902439,-3.6885245901639347
step160_dir90,160,14,90,2036.5853658536585,-3.6885245901639347
step160_dir90,160,14,90,2048.780487804878,-3.6885245901639347
step160_dir90,160,14,90,2060.9756097560976,-3.7295081967213117
step160_dir90,160,14,90,2073.170731707317,-3.7295081967213117
step160_dir90,160,14,90,2085.3658536585367,-3.770491803278689
step160_dir90,160,14,90,2097.560975609756,-3.770491803278689
step160_dir90,160,14,90,2109.7560975609754,-3.770491803278689
step160_dir90,160,14,90,2121.951219512195,-3.770491803278689
step160_dir90,160,14,90,2134.1463414634145,-3.7295081967213117
step160_dir90,160,14,90,2146.341463414634,-3.7295081967213117
step160_dir90,160,14,90,2158.5365853658536,-3.6885245901639347
step160_dir90,160,14,90,2170.731707317073,-3.6475409836065578
step160_dir90,160,14,90,2182.9268292682927,-3.606557377049181
step160_dir90,160,14,90,2195.121951219512,-3.565573770491804
step160_dir90,160,14,90,2207.3170731707314,-3.565573770491804
step160_dir90,160,14,90,2219.512195121951,-3.565573770491804
step160_dir135,160,14,135,0.0,0.0
step160_dir135,160,14,135,12.195121951219512,0.0
step160_dir135,160,14,135,24.390243902439025,0.04098360655737707
step160_dir135,160,14,135,36.58536585365854,0.08196721311475413
step160_dir135,160,14,135,48.78048780487805,0.08196721311475413
step160_dir135,160,14,135,60.97560975609756,0.20491803278688528
step160_dir135,160,14,135,73.17073170731707,0.2868852459016394
step160_dir135,160,14,135,85.36585365853658,0.3688524590163935
step160_dir135,160,14,135,97.5609756097561,0.40983606557377056
step160_dir135,160,14,135,109.7560975609756,0.40983606557377056
step160_dir135,160,14,135,121.95121951219512,0.40983606557377056
step160_dir135,160,14,135,134.14634146341461,0.40983606557377056
step160_dir135,160,14,135,146.34146341463415,0.40983606557377056
step160_dir135,160,14,135,158.53658536585365,0.3688524590163935
step160_dir135,160,14,135,170.73170731707316,0.3688524590163935
step160_dir135,160,14,135,182.92682926829266,0.3278688524590164
step160_dir135,160,14,135,195.1219512195122,0.3278688524590164
step160_dir135,160,14,135,207.3170731707317,0.3278688524590164
step160_dir135,160,14,135,219.5121951219512,0.3278688524590164
step160_dir135,160,14,135,231.7073170731707,0.3278688524590164
step160_dir135,160,14,135,243.90243902439025,0.3688524590163935
step160_dir135,160,14,135,256.0975609756097,0.3688524590163935
step160_dir135,160,14,135,268.29268292682923,0.40983606557377056
step160_dir135,160,14,135,280.4878048780488,0.49180327868852464
step160_dir135,160,14,135,292.6829268292683,0.778688524590164
step160_dir135,160,14,135,304.8780487804878,0.9836065573770492
step160_dir135,160,14,135,317.0731707317073,1.1475409836065575
step160_dir135,160,14,135,329.2682926829268,1.3934426229508197
step160_dir135,160,14,135,341.4634146341463,1.4754098360655739
step160_dir135,160,14,135,353.6585365853658,1.5163934426229508
step160_dir135,160,14,135,365.8536585365853,1.598360655737705
step160_dir135,160,14,135,378.0487804878049,1.598360655737705
step160_dir135,160,14,135,390.2439024390244,1.598360655737705
step160_dir135,160,14,135,402.4390243902439,1.639344262295082
step160_dir135,160,14,135,414.6341463414634,1.639344262295082
step160_dir135,160,14,135,426.8292682926829,1.7213114754098362
step160_dir135,160,14,135,439.0243902439024,2.0491803278688527
step160_dir135,160,14,135,451.2195121951219,2.254098360655738
step160_dir135,160,14,135,463.4146341463414,2.5819672131147544
step160_dir135,160,14,135,475.60975609756093,2.8278688524590163
step160_dir135,160,14,135,487.8048780487805,2.9098360655737707
step160_dir135,160,14,135,500.0,3.114754098360656
step160_dir135,160,14,135,512.1951219512194,3.155737704918033
step160_dir135,160,14,135,524.390243902439,3.19672131147541
step160_dir135,160,14,135,536.5853658536585,3.319672131147541
step160_dir135,160,14,135,548.780487804878,3.4016393442622954
step160_dir135,160,14,135,560.9756097560976,3.6885245901639347
step160_dir135,160,14,135,573.170731707317,3.975409836065574
step160_dir135,160,14,135,585.3658536585366,4.221311475409837
step160_dir135,160,14,135,597.560975609756,4.713114754098361
step160_dir135,160,14,135,609.7560975609756,5.0
step160_dir135,160,14,135,621.951219512195,5.368852459016393
step160_dir135,160,14,135,634.1463414634146,5.491803278688525
step160_dir135,160,14,135,646.3414634146341,5.614754098360656
step160_dir135,160,14,135,658.5365853658536,5.69672131147541
step160_dir135,160,14,135,670.7317073170732,5.7377049180327875
step160_dir135,160,14,135,682.9268292682926,5.7377049180327875
step160_dir135,160,14,135,695.1219512195122,5.7377049180327875
step160_dir135,160,14,135,707.3170731707316,5.8196721311475414
step160_dir135,160,14,135,719.5121951219512,5.942622950819673
step160_dir135,160,14,135,731.7073170731707,6.229508196721312
step160_dir135,160,14,135,743.9024390243902,6.762295081967213
step160_dir135,160,14,135,756.0975609756098,6.926229508196721
step160_dir135,160,14,135,768.2926829268292,7.3770491803278695
step160_dir135,160,14,135,780.4878048780488,7.622950819672131
step160_dir135,160,14,135,792.6829268292682,7.786885245901639
step160_dir135,160,14,135,804.8780487804878,7.786885245901639
step160_dir135,160,14,135,817.0731707317073,7.786885245901639
step160_dir135,160,14,135,829.2682926829268,7.786885245901639
step160_dir135,160,14,135,841.4634146341463,7.663934426229509
step160_dir135,160,14,135,853.6585365853658,7.663934426229509
step160_dir135,160,14,135,865.8536585365854,7.663934426229509
step160_dir135,160,14,135,878.0487804878048,7.663934426229509
step160_dir135,160,14,135,890.2439024390244,7.663934426229509
step160_dir135,160,14,135,902.4390243902438,7.663934426229509
step160_dir135,160,14,135,914.6341463414634,7.704918032786885
step160_dir135,160,14,135,926.8292682926829,7.786885245901639
step160_dir135,160,14,135,939.0243902439024,7.786885245901639
step160_dir135,160,14,135,951.2195121951219,7.786885245901639
step160_dir135,160,14,135,963.4146341463414,7.786885245901639
step160_dir135,160,14,135,975.609756097561,7.745901639344263
step160_dir135,160,14,135,987.8048780487804,7.581967213114755
step160_dir135,160,14,135,1000.0,7.540983606557377
step160_dir135,160,14,135,1012.1951219512194,7.4590163934426235
step160_dir135,160,14,135,1024.390243902439,7.4590163934426235
step160_dir135,160,14,135,1036.5853658536585,7.418032786885246
step160_dir135,160,14,135,1048.780487804878,7.3770491803278695
step160_dir135,160,14,135,1060.9756097560976,7.3770491803278695
step160_dir135,160,14,135,1073.170731707317,7.3770491803278695
step160_dir135,160,14,135,1085.3658536585365,7.254098360655738
step160_dir135,160,14,135,1097.560975609756,7.213114754098361
step160_dir135,160,14,135,1109.7560975609756,7.049180327868853
step160_dir135,160,14,135,1121.9512195121952,6.926229508196721
step160_dir135,160,14,135,1134.1463414634145,6.885245901639345
step160_dir135,160,14,135,1146.341463414634,6.844262295081967
step160_dir135,160,14,135,1158.5365853658536,6.680327868852459
step160_dir135,160,14,135,1170.7317073170732,6.475409836065574
step160_dir135,160,14,135,1182.9268292682925,6.106557377049181
step160_dir135,160,14,135,1195.121951219512,5.901639344262295
step160_dir135,160,14,135,1207.3170731707316,5.6557377049180335
step160_dir135,160,14,135,1219.5121951219512,5.368852459016393
step160_dir135,160,14,135,1231.7073170731708,5.0
step160_dir135,160,14,135,1243.90243902439,4.8770491803278695
step160_dir135,160,14,135,1256.0975609756097,4.672131147540984
step160_dir135,160,14,135,1268.2926829268292,4.344262295081967
step160_dir135,160,14,135,1280.4878048780488,4.139344262295082
step160_dir135,160,14,135,1292.6829268292681,3.975409836065574
step160_dir135,160,14,135,1304.8780487804877,3.8114754098360657
step160_dir135,160,14,135,1317.0731707317073,3.6065573770491803
step160_dir135,160,14,135,1329.2682926829268,3.360655737704918
step160_dir135,160,14,135,1341.4634146341464,3.19672131147541
step160_dir135,160,14,135,1353.6585365853657,2.9918032786885247
step160_dir135,160,14,135,1365.8536585365853,2.7868852459016393
step160_dir135,160,14,135,1378.0487804878048,2.7049180327868854
step160_dir135,160,14,135,1390.2439024390244,2.6639344262295084
step160_dir135,160,14,135,1402.4390243902437,2.6229508196721314
step160_dir135,160,14,135,1414.6341463414633,2.5819672131147544
step160_dir135,160,14,135,1426.8292682926829,2.459016393442623
step160_dir135,160,14,135,1439.0243902439024,2.2131147540983607
step160_dir135,160,14,135,1451.219512195122,1.9672131147540985
step160_dir135,160,14,135,1463.4146341463413,1.680327868852459
step160_dir135,160,14,135,1475.6097560975609,1.4754098360655739
step160_dir135,160,14,135,1487.8048780487804,1.2295081967213115
step160_dir135,160,14,135,1500.0,1.1065573770491803
step160_dir135,160,14,135,1512.1951219512196,0.9836065573770492
step160_dir135,160,14,135,1524.390243902439,0.9426229508196722
step160_dir135,160,14,135,1536.5853658536585,0.819672131147541
step160_dir135,160,14,135,1548.780487804878,0.6557377049180328
step160_dir135,160,14,135,1560.9756097560976,0.5737704918032788
step160_dir135,160,14,135,1573.170731707317,0.40983606557377056
step160_dir135,160,14,135,1585.3658536585365,0.24590163934426235
step160_dir135,160,14,135,1597.560975609756,0.04098360655737707
step160_dir135,160,14,135,1609.7560975609756,-0.12295081967213112
step160_dir135,160,14,135,1621.9512195121952,-0.2459016393442623
step160_dir135,160,14,135,1634.1463414634145,-0.5737704918032787
step160_dir135,160,14,135,1646.341463414634,-0.6147540983606556
step160_dir135,160,14,135,1658.5365853658536,-0.6557377049180328
step160_dir135,160,14,135,1670.7317073170732,-0.6557377049180328
step160_dir135,160,14,135,1682.9268292682925,-0.737704918032787
step160_dir135,160,14,135,1695.121951219512,-0.819672131147541
step160_dir135,160,14,135,1707.3170731707316,-0.9426229508196722
step160_dir135,160,14,135,1719.5121951219512,-1.0655737704918034
step160_dir135,160,14,135,1731.7073170731708,-1.1475409836065575
step160_dir135,160,14,135,1743.90243902439,-1.1885245901639345
step160_dir135,160,14,135,1756.0975609756097,-1.1885245901639345
step160_dir135,160,14,135,1768.2926829268292,-1.2295081967213115
step160_dir135,160,14,135,1780.4878048780488,-1.2295081967213115
step160_dir135,160,14,135,1792.6829268292681,-1.2704918032786887
step160_dir135,160,14,135,1804.8780487804877,-1.3114754098360657
step160_dir135,160,14,135,1817.0731707317073,-1.3524590163934427
step160_dir135,160,14,135,1829.2682926829268,-1.4754098360655739
step160_dir135,160,14,135,1841.4634146341464,-1.5163934426229508
step160_dir135,160,14,135,1853.6585365853657,-1.598360655737705
step160_dir135,160,14,135,1865.8536585365853,-1.598360655737705
step160_dir135,160,14,135,1878.0487804878048,-1.598360655737705
step160_dir135,160,14,135,1890.2439024390244,-1.598360655737705
step160_dir135,160,14,135,1902.4390243902437,-1.598360655737705
step160_dir135,160,14,135,1914.6341463414633,-1.598360655737705
step160_dir135,160,14,135,1926.8292682926829,-1.639344262295082
step160_dir135,160,14,135,1939.0243902439024,-1.721311475409836
step160_dir135,160,14,135,1951.219512195122,-1.721311475409836
step160_dir135,160,14,135,1963.4146341463413,-1.721311475409836
step160_dir135,160,14,135,1975.6097560975609,-1.721311475409836
step160_dir135,160,14,135,1987.8048780487804,-1.721311475409836
step160_dir135,160,14,135,2000.0,-1.8032786885245904
step160_dir135,160,14,135,2012.1951219512193,-1.8032786885245904
step160_dir135,160,14,135,2024.390243902439,-1.8442622950819674
step160_dir135,160,14,135,2036.5853658536585,-1.9262295081967213
step160_dir135,160,14,135,2048.780487804878,-1.9262295081967213
step160_dir135,160,14,135,2060.9756097560976,-1.9262295081967213
step160_dir135,160,14,135,2073.170731707317,-1.9262295081967213
step160_dir135,160,14,135,2085.3658536585367,-1.9262295081967213
step160_dir135,160,14,135,2097.560975609756,-1.9672131147540983
step160_dir135,160,14,135,2109.7560975609754,-2.0081967213114758
step160_dir135,160,14,135,2121.951219512195,-2.0081967213114758
step160_dir135,160,14,135,2134.1463414634145,-2.0081967213114758
step160_dir135,160,14,135,2146.341463414634,-1.9672131147540983
step160_dir135,160,14,135,2158.5365853658536,-1.9672131147540983
step160_dir135,160,14,135,2170.731707317073,-1.9672131147540983
step160_dir135,160,14,135,2182.9268292682927,-1.9672131147540983
step160_dir135,160,14,135,2195.121951219512,-2.0081967213114758
step160_dir135,160,14,135,2207.3170731707314,-2.0491803278688527
step160_dir135,160,14,135,2219.512195121951,-2.0491803278688527
step160_dir135,160,14,135,2231.7073170731705,-2.0491803278688527
step160_dir135,160,14,135,2243.9024390243903,-2.0491803278688527
step160_dir135,160,14,135,2256.0975609756097,-2.0491803278688527
step160_dir135,160,14,135,2268.292682926829,-2.0491803278688527
step160_dir180,160,14,180,0.0,0.0
step160_dir180,160,14,180,12.195121951219512,0.0
step160_dir180,160,14,180,24.390243902439025,0.0
step160_dir180,160,14,180,36.58536585365854,0.0
step160_dir180,160,14,180,48.78048780487805,0.0
step160_dir180,160,14,180,60.97560975609756,0.0
step160_dir180,160,14,180,73.17073170731707,0.0
step160_dir180,160,14,180,85.36585365853658,0.0
step160_dir180,160,14,180,97.5609756097561,0.0
step160_dir180,160,14,180,109.7560975609756,0.0
step160_dir180,160,14,180,121.95121951219512,0.0
step160_dir180,160,14,180,134.14634146341461,0.04098360655737705
step160_dir180,160,14,180,146.34146341463415,0.04098360655737705
step160_dir180,160,14,180,158.53658536585365,0.04098360655737705
step160_dir180,160,14,180,170.73170731707316,0.12295081967213116
step160_dir180,160,14,180,182.92682926829266,0.12295081967213116
step160_dir180,160,14,180,195.1219512195122,0.12295081967213116
step160_dir180,160,14,180,207.3170731707317,0.2868852459016394
step160_dir180,160,14,180,219.5121951219512,0.36885245901639346
step160_dir180,160,14,180,231.7073170731707,0.5327868852459017
step160_dir180,160,14,180,243.90243902439025,0.6557377049180328
step160_dir180,160,14,180,256.0975609756097,0.6967213114754098
step160_dir180,160,14,180,268.29268292682923,0.7377049180327869
step160_dir180,160,14,180,280.4878048780488,0.778688524590164
step160_dir180,160,14,180,292.6829268292683,0.8606557377049181
step160_dir180,160,14,180,304.8780487804878,0.9426229508196722
step160_dir180,160,14,180,317.0731707317073,1.0655737704918034
step160_dir180,160,14,180,329.2682926829268,1.0655737704918034
step160_dir180,160,14,180,341.4634146341463,1.1475409836065575
step160_dir180,160,14,180,353.6585365853658,1.3114754098360657
step160_dir180,160,14,180,365.8536585365853,1.3934426229508197
step160_dir180,160,14,180,378.0487804878049,1.598360655737705
step160_dir180,160,14,180,390.2439024390244,1.7213114754098362
step160_dir180,160,14,180,402.4390243902439,1.9672131147540985
step160_dir180,160,14,180,414.6341463414634,2.0901639344262297
step160_dir180,160,14,180,426.8292682926829,2.377049180327869
step160_dir180,160,14,180,439.0243902439024,2.5819672131147544
step160_dir180,160,14,180,451.2195121951219,2.7459016393442623
step160_dir180,160,14,180,463.4146341463414,2.7868852459016393
step160_dir180,160,14,180,475.60975609756093,2.7868852459016393
step160_dir180,160,14,180,487.8048780487805,2.7868852459016393
step160_dir180,160,14,180,500.0,2.7459016393442623
step160_dir180,160,14,180,512.1951219512194,2.7459016393442623
step160_dir180,160,14,180,524.390243902439,2.7459016393442623
step160_dir180,160,14,180,536.5853658536585,2.7868852459016393
step160_dir180,160,14,180,548.780487804878,2.9918032786885247
step160_dir180,160,14,180,560.9756097560976,3.114754098360656
step160_dir180,160,14,180,573.170731707317,3.319672131147541
step160_dir180,160,14,180,585.3658536585366,3.4426229508196724
step160_dir180,160,14,180,597.560975609756,3.5655737704918034
step160_dir180,160,14,180,609.7560975609756,3.7295081967213117
step160_dir180,160,14,180,621.951219512195,3.8524590163934427
step160_dir180,160,14,180,634.1463414634146,3.8524590163934427
step160_dir180,160,14,180,646.3414634146341,3.934426229508197
step160_dir180,160,14,180,658.5365853658536,4.0983606557377055
step160_dir180,160,14,180,670.7317073170732,4.262295081967213
step160_dir180,160,14,180,682.9268292682926,4.344262295081967
step160_dir180,160,14,180,695.1219512195122,4.467213114754099
step160_dir180,160,14,180,707.3170731707316,4.59016393442623
step160_dir180,160,14,180,719.5121951219512,4.836065573770492
step160_dir180,160,14,180,731.7073170731707,4.918032786885246
step160_dir180,160,14,180,743.9024390243902,4.9590163934426235
step160_dir180,160,14,180,756.0975609756098,4.9590163934426235
step160_dir180,160,14,180,768.2926829268292,4.9590163934426235
step160_dir180,160,14,180,780.4878048780488,4.836065573770492
step160_dir180,160,14,180,792.6829268292682,4.672131147540984
step160_dir180,160,14,180,804.8780487804878,4.426229508196721
step160_dir180,160,14,180,817.0731707317073,4.426229508196721
step160_dir180,160,14,180,829.2682926829268,4.426229508196721
step160_dir180,160,14,180,841.4634146341463,4.426229508196721
step160_dir180,160,14,180,853.6585365853658,4.467213114754099
step160_dir180,160,14,180,865.8536585365854,4.59016393442623
step160_dir180,160,14,180,878.0487804878048,4.59016393442623
step160_dir180,160,14,180,890.2439024390244,4.59016393442623
step160_dir180,160,14,180,902.4390243902438,4.59016393442623
step160_dir180,160,14,180,914.6341463414634,4.549180327868853
step160_dir180,160,14,180,926.8292682926829,4.549180327868853
step160_dir180,160,14,180,939.0243902439024,4.508196721311475
step160_dir180,160,14,180,951.2195121951219,4.385245901639345
step160_dir180,160,14,180,963.4146341463414,4.385245901639345
step160_dir180,160,14,180,975.609756097561,4.303278688524591
step160_dir180,160,14,180,987.8048780487804,4.262295081967213
step160_dir180,160,14,180,1000.0,4.180327868852459
step160_dir180,160,14,180,1012.1951219512194,4.0983606557377055
step160_dir180,160,14,180,1024.390243902439,4.016393442622951
step160_dir180,160,14,180,1036.5853658536585,3.934426229508197
step160_dir180,160,14,180,1048.780487804878,3.89344262295082
step160_dir180,160,14,180,1060.9756097560976,3.8524590163934427
step160_dir180,160,14,180,1073.170731707317,3.7704918032786887
step160_dir180,160,14,180,1085.3658536585365,3.5655737704918034
step160_dir180,160,14,180,1097.560975609756,3.3606557377049184
step160_dir180,160,14,180,1109.7560975609756,3.237704918032787
step160_dir180,160,14,180,1121.9512195121952,3.0327868852459017
step160_dir180,160,14,180,1134.1463414634145,2.9508196721311477
step160_dir180,160,14,180,1146.341463414634,2.9098360655737707
step160_dir180,160,14,180,1158.5365853658536,2.8688524590163937
step160_dir180,160,14,180,1170.7317073170732,2.8278688524590168
step160_dir180,160,14,180,1182.9268292682925,2.7459016393442623
step160_dir180,160,14,180,1195.121951219512,2.7459016393442623
step160_dir180,160,14,180,1207.3170731707316,2.7049180327868854
step160_dir180,160,14,180,1219.5121951219512,2.5819672131147544
step160_dir180,160,14,180,1231.7073170731708,2.5819672131147544
step160_dir180,160,14,180,1243.90243902439,2.540983606557377
step160_dir180,160,14,180,1256.0975609756097,2.459016393442623
step160_dir180,160,14,180,1268.2926829268292,2.418032786885246
step160_dir180,160,14,180,1280.4878048780488,2.295081967213115
step160_dir180,160,14,180,1292.6829268292681,2.2131147540983607
step160_dir180,160,14,180,1304.8780487804877,2.1721311475409837
step160_dir180,160,14,180,1317.0731707317073,2.1311475409836067
step160_dir180,160,14,180,1329.2682926829268,2.0901639344262297
step160_dir180,160,14,180,1341.4634146341464,1.9672131147540985
step160_dir180,160,14,180,1353.6585365853657,1.8442622950819674
step160_dir180,160,14,180,1365.8536585365853,1.8032786885245902
step160_dir180,160,14,180,1378.0487804878048,1.7213114754098362
step160_dir180,160,14,180,1390.2439024390244,1.7213114754098362
step160_dir180,160,14,180,1402.4390243902437,1.639344262295082
step160_dir180,160,14,180,1414.6341463414633,1.639344262295082
step160_dir180,160,14,180,1426.8292682926829,1.557377049180328
step160_dir180,160,14,180,1439.0243902439024,1.4754098360655739
step160_dir180,160,14,180,1451.219512195122,1.3934426229508197
step160_dir180,160,14,180,1463.4146341463413,1.3114754098360657
step160_dir180,160,14,180,1475.6097560975609,1.1885245901639345
step160_dir180,160,14,180,1487.8048780487804,1.1065573770491803
step160_dir180,160,14,180,1500.0,1.0245901639344264
step160_dir180,160,14,180,1512.1951219512196,0.9426229508196722
step160_dir180,160,14,180,1524.390243902439,0.9016393442622951
step160_dir180,160,14,180,1536.5853658536585,0.9016393442622951
step160_dir180,160,14,180,1548.780487804878,0.8606557377049181
step160_dir180,160,14,180,1560.9756097560976,0.819672131147541
step160_dir180,160,14,180,1573.170731707317,0.7377049180327869
step160_dir180,160,14,180,1585.3658536585365,0.6557377049180328
step160_dir180,160,14,180,1597.560975609756,0.49180327868852464
step160_dir180,160,14,180,1609.7560975609756,0.2868852459016394
step160_dir180,160,14,180,1621.9512195121952,0.1639344262295082
step160_dir180,160,14,180,1634.1463414634145,0.04098360655737705
step160_dir180,160,14,180,1646.341463414634,-0.12295081967213116
step160_dir180,160,14,180,1658.5365853658536,-0.20491803278688525
step160_dir180,160,14,180,1670.7317073170732,-0.2868852459016394
step160_dir180,160,14,180,1682.9268292682925,-0.3278688524590164
step160_dir180,160,14,180,1695.121951219512,-0.36885245901639346
step160_dir180,160,14,180,1707.3170731707316,-0.4098360655737705
step160_dir180,160,14,180,1719.5121951219512,-0.45081967213114754
step160_dir180,160,14,180,1731.7073170731708,-0.49180327868852464
step160_dir180,160,14,180,1743.90243902439,-0.5737704918032788
step160_dir180,160,14,180,1756.0975609756097,-0.6557377049180328
step160_dir180,160,14,180,1768.2926829268292,-0.6967213114754098
step160_dir180,160,14,180,1780.4878048780488,-0.6967213114754098
step160_dir180,160,14,180,1792.6829268292681,-0.6967213114754098
step160_dir180,160,14,180,1804.8780487804877,-0.6967213114754098
step160_dir180,160,14,180,1817.0731707317073,-0.6967213114754098
step160_dir180,160,14,180,1829.2682926829268,-0.6557377049180328
step160_dir180,160,14,180,1841.4634146341464,-0.5737704918032788
step160_dir180,160,14,180,1853.6585365853657,-0.45081967213114754
step160_dir180,160,14,180,1865.8536585365853,-0.45081967213114754
step160_dir180,160,14,180,1878.0487804878048,-0.45081967213114754
step160_dir180,160,14,180,1890.2439024390244,-0.45081967213114754
step160_dir180,160,14,180,1902.4390243902437,-0.45081967213114754
step160_dir180,160,14,180,1914.6341463414633,-0.5737704918032788
step160_dir180,160,14,180,1926.8292682926829,-0.5737704918032788
step160_dir180,160,14,180,1939.0243902439024,-0.5737704918032788
step160_dir180,160,14,180,1951.219512195122,-0.6557377049180328
step160_dir180,160,14,180,1963.4146341463413,-0.6557377049180328
step160_dir180,160,14,180,1975.6097560975609,-0.6967213114754098
step160_dir180,160,14,180,1987.8048780487804,-0.6967213114754098
step160_dir180,160,14,180,2000.0,-0.6967213114754098
step160_dir180,160,14,180,2012.1951219512193,-0.6967213114754098
step160_dir180,160,14,180,2024.390243902439,-0.6967213114754098
step160_dir180,160,14,180,2036.5853658536585,-0.6967213114754098
step160_dir180,160,14,180,2048.780487804878,-0.6557377049180328
step160_dir180,160,14,180,2060.9756097560976,-0.5737704918032788
step160_dir180,160,14,180,2073.170731707317,-0.5327868852459017
step160_dir180,160,14,180,2085.3658536585367,-0.5327868852459017
step160_dir180,160,14,180,2097.560975609756,-0.5327868852459017
step160_dir180,160,14,180,2109.7560975609754,-0.49180327868852464
step160_dir180,160,14,180,2121.951219512195,-0.49180327868852464
step160_dir180,160,14,180,2134.1463414634145,-0.45081967213114754
step160_dir180,160,14,180,2146.341463414634,-0.45081967213114754
step160_dir180,160,14,180,2158.5365853658536,-0.4098360655737705
step160_dir180,160,14,180,2170.731707317073,-0.2868852459016394
step160_dir180,160,14,180,2182.9268292682927,-0.2868852459016394
step160_dir180,160,14,180,2195.121951219512,-0.2868852459016394
step160_dir225,160,14,225,0.0,0.0
step160_dir225,160,14,225,12.195121951219512,0.0
step160_dir225,160,14,225,24.390243902439025,-0.04098360655737704
step160_dir225,160,14,225,36.58536585365854,-0.04098360655737704
step160_dir225,160,14,225,48.78048780487805,-0.04098360655737704
step160_dir225,160,14,225,60.97560975609756,0.04098360655737705
step160_dir225,160,14,225,73.17073170731707,0.12295081967213116
step160_dir225,160,14,225,85.36585365853658,0.12295081967213116
step160_dir225,160,14,225,97.5609756097561,0.12295081967213116
step160_dir225,160,14,225,109.7560975609756,0.12295081967213116
step160_dir225,160,14,225,121.95121951219512,0.20491803278688525
step160_dir225,160,14,225,134.14634146341461,0.24590163934426232
step160_dir225,160,14,225,146.34146341463415,0.2868852459016394
step160_dir225,160,14,225,158.53658536585365,0.2868852459016394
step160_dir225,160,14,225,170.73170731707316,0.3278688524590164
step160_dir225,160,14,225,182.92682926829266,0.3278688524590164
step160_dir225,160,14,225,195.1219512195122,0.3278688524590164
step160_dir225,160,14,225,207.3170731707317,0.36885245901639346
step160_dir225,160,14,225,219.5121951219512,0.4098360655737705
step160_dir225,160,14,225,231.7073170731707,0.4508196721311476
step160_dir225,160,14,225,243.90243902439025,0.5327868852459017
step160_dir225,160,14,225,256.0975609756097,0.737704918032787
step160_dir225,160,14,225,268.29268292682923,0.778688524590164
step160_dir225,160,14,225,280.4878048780488,1.0245901639344264
step160_dir225,160,14,225,292.6829268292683,1.0655737704918034
step160_dir225,160,14,225,304.8780487804878,1.0655737704918034
step160_dir225,160,14,225,317.0731707317073,1.0655737704918034
step160_dir225,160,14,225,329.2682926829268,1.0655737704918034
step160_dir225,160,14,225,341.4634146341463,1.0245901639344264
step160_dir225,160,14,225,353.6585365853658,0.9426229508196722
step160_dir225,160,14,225,365.8536585365853,0.9426229508196722
step160_dir225,160,14,225,378.0487804878049,0.9426229508196722
step160_dir225,160,14,225,390.2439024390244,0.9836065573770492
step160_dir225,160,14,225,402.4390243902439,1.0655737704918034
step160_dir225,160,14,225,414.6341463414634,1.1065573770491803
step160_dir225,160,14,225,426.8292682926829,1.1885245901639345
step160_dir225,160,14,225,439.0243902439024,1.2295081967213115
step160_dir225,160,14,225,451.2195121951219,1.3114754098360657
step160_dir225,160,14,225,463.4146341463414,1.3114754098360657
step160_dir225,160,14,225,475.60975609756093,1.3114754098360657
step160_dir225,160,14,225,487.8048780487805,1.3114754098360657
step160_dir225,160,14,225,500.0,1.2295081967213115
step160_dir225,160,14,225,512.1951219512194,1.1885245901639345
step160_dir225,160,14,225,524.390243902439,1.0245901639344264
step160_dir225,160,14,225,536.5853658536585,0.9426229508196722
step160_dir225,160,14,225,548.780487804878,0.860655737704918
step160_dir225,160,14,225,560.9756097560976,0.860655737704918
step160_dir225,160,14,225,573.170731707317,0.860655737704918
step160_dir225,160,14,225,585.3658536585366,0.860655737704918
step160_dir225,160,14,225,597.560975609756,0.9016393442622952
step160_dir225,160,14,225,609.7560975609756,0.9016393442622952
step160_dir225,160,14,225,621.951219512195,0.9016393442622952
step160_dir225,160,14,225,634.1463414634146,0.860655737704918
step160_dir225,160,14,225,646.3414634146341,0.819672131147541
step160_dir225,160,14,225,658.5365853658536,0.778688524590164
step160_dir225,160,14,225,670.7317073170732,0.778688524590164
step160_dir225,160,14,225,682.9268292682926,0.778688524590164
step160_dir225,160,14,225,695.1219512195122,0.778688524590164
step160_dir225,160,14,225,707.3170731707316,0.819672131147541
step160_dir225,160,14,225,719.5121951219512,0.9016393442622952
step160_dir225,160,14,225,731.7073170731707,1.0245901639344264
step160_dir225,160,14,225,743.9024390243902,1.639344262295082
step160_dir225,160,14,225,756.0975609756098,1.8032786885245902
step160_dir225,160,14,225,768.2926829268292,2.0081967213114758
step160_dir225,160,14,225,780.4878048780488,2.377049180327869
step160_dir225,160,14,225,792.6829268292682,2.377049180327869
step160_dir225,160,14,225,804.8780487804878,2.377049180327869
step160_dir225,160,14,225,817.0731707317073,2.377049180327869
step160_dir225,160,14,225,829.2682926829268,2.254098360655738
step160_dir225,160,14,225,841.4634146341463,2.1721311475409837
step160_dir225,160,14,225,853.6585365853658,1.9672131147540983
step160_dir225,160,14,225,865.8536585365854,1.9672131147540983
step160_dir225,160,14,225,878.0487804878048,1.9672131147540983
step160_dir225,160,14,225,890.2439024390244,1.9672131147540983
step160_dir225,160,14,225,902.4390243902438,1.9672131147540983
step160_dir225,160,14,225,914.6341463414634,2.0081967213114758
step160_dir225,160,14,225,926.8292682926829,2.0901639344262297
step160_dir225,160,14,225,939.0243902439024,2.1311475409836067
step160_dir225,160,14,225,951.2195121951219,2.1311475409836067
step160_dir225,160,14,225,963.4146341463414,2.1311475409836067
step160_dir225,160,14,225,975.609756097561,2.0901639344262297
step160_dir225,160,14,225,987.8048780487804,2.0901639344262297
step160_dir225,160,14,225,1000.0,2.0901639344262297
step160_dir225,160,14,225,1012.1951219512194,2.1311475409836067
step160_dir225,160,14,225,1024.390243902439,2.213114754098361
step160_dir225,160,14,225,1036.5853658536585,2.336065573770492
step160_dir225,160,14,225,1048.780487804878,2.4590163934426235
step160_dir225,160,14,225,1060.9756097560976,2.6229508196721314
step160_dir225,160,14,225,1073.170731707317,2.8688524590163937
step160_dir225,160,14,225,1085.3658536585365,3.032786885245902
step160_dir225,160,14,225,1097.560975609756,3.19672131147541
step160_dir225,160,14,225,1109.7560975609756,3.4016393442622954
step160_dir225,160,14,225,1121.9512195121952,3.606557377049181
step160_dir225,160,14,225,1134.1463414634145,3.6885245901639347
step160_dir225,160,14,225,1146.341463414634,3.7295081967213117
step160_dir225,160,14,225,1158.5365853658536,3.7295081967213117
step160_dir225,160,14,225,1170.7317073170732,3.7295081967213117
step160_dir225,160,14,225,1182.9268292682925,3.7295081967213117
step160_dir225,160,14,225,1195.121951219512,3.6885245901639347
step160_dir225,160,14,225,1207.3170731707316,3.6475409836065578
step160_dir225,160,14,225,1219.5121951219512,3.6475409836065578
step160_dir225,160,14,225,1231.7073170731708,3.6475409836065578
step160_dir225,160,14,225,1243.90243902439,3.6475409836065578
step160_dir225,160,14,225,1256.0975609756097,3.6885245901639347
step160_dir225,160,14,225,1268.2926829268292,3.7704918032786887
step160_dir225,160,14,225,1280.4878048780488,3.811475409836066
step160_dir225,160,14,225,1292.6829268292681,3.811475409836066
step160_dir225,160,14,225,1304.8780487804877,3.811475409836066
step160_dir225,160,14,225,1317.0731707317073,3.811475409836066
step160_dir225,160,14,225,1329.2682926829268,3.7704918032786887
step160_dir225,160,14,225,1341.4634146341464,3.6475409836065578
step160_dir225,160,14,225,1353.6585365853657,3.565573770491804
step160_dir225,160,14,225,1365.8536585365853,3.4426229508196724
step160_dir225,160,14,225,1378.0487804878048,3.3196721311475414
step160_dir225,160,14,225,1390.2439024390244,3.237704918032787
step160_dir225,160,14,225,1402.4390243902437,3.237704918032787
step160_dir225,160,14,225,1414.6341463414633,3.237704918032787
step160_dir225,160,14,225,1426.8292682926829,3.237704918032787
step160_dir225,160,14,225,1439.0243902439024,3.19672131147541
step160_dir225,160,14,225,1451.219512195122,3.073770491803279
step160_dir225,160,14,225,1463.4146341463413,2.991803278688525
step160_dir225,160,14,225,1475.6097560975609,2.8688524590163937
step160_dir225,160,14,225,1487.8048780487804,2.745901639344263
step160_dir225,160,14,225,1500.0,2.6639344262295084
step160_dir225,160,14,225,1512.1951219512196,2.5819672131147544
step160_dir225,160,14,225,1524.390243902439,2.5000000000000004
step160_dir225,160,14,225,1536.5853658536585,2.5000000000000004
step160_dir225,160,14,225,1548.780487804878,2.5000000000000004
step160_dir225,160,14,225,1560.9756097560976,2.4590163934426235
step160_dir225,160,14,225,1573.170731707317,2.4590163934426235
step160_dir225,160,14,225,1585.3658536585365,2.418032786885246
step160_dir225,160,14,225,1597.560975609756,2.377049180327869
step160_dir225,160,14,225,1609.7560975609756,2.336065573770492
step160_dir225,160,14,225,1621.9512195121952,2.254098360655738
step160_dir225,160,14,225,1634.1463414634145,2.254098360655738
step160_dir225,160,14,225,1646.341463414634,2.213114754098361
step160_dir225,160,14,225,1658.5365853658536,2.213114754098361
step160_dir225,160,14,225,1670.7317073170732,2.213114754098361
step160_dir225,160,14,225,1682.9268292682925,2.254098360655738
step160_dir225,160,14,225,1695.121951219512,2.254098360655738
step160_dir225,160,14,225,1707.3170731707316,2.254098360655738
step160_dir225,160,14,225,1719.5121951219512,2.254098360655738
step160_dir225,160,14,225,1731.7073170731708,2.254098360655738
step160_dir225,160,14,225,1743.90243902439,2.213114754098361
step160_dir225,160,14,225,1756.0975609756097,2.1311475409836067
step160_dir225,160,14,225,1768.2926829268292,2.0491803278688527
step160_dir225,160,14,225,1780.4878048780488,2.0081967213114758
step160_dir225,160,14,225,1792.6829268292681,1.8852459016393444
step160_dir225,160,14,225,1804.8780487804877,1.8442622950819674
step160_dir225,160,14,225,1817.0731707317073,1.7213114754098362
step160_dir225,160,14,225,1829.2682926829268,1.7213114754098362
step160_dir225,160,14,225,1841.4634146341464,1.7213114754098362
step160_dir225,160,14,225,1853.6585365853657,1.7213114754098362
step160_dir225,160,14,225,1865.8536585365853,1.7213114754098362
step160_dir225,160,14,225,1878.0487804878048,1.680327868852459
step160_dir225,160,14,225,1890.2439024390244,1.598360655737705
step160_dir225,160,14,225,1902.4390243902437,1.5573770491803278
step160_dir225,160,14,225,1914.6341463414633,1.5573770491803278
step160_dir225,160,14,225,1926.8292682926829,1.5573770491803278
step160_dir225,160,14,225,1939.0243902439024,1.5573770491803278
step160_dir225,160,14,225,1951.219512195122,1.598360655737705
step160_dir225,160,14,225,1963.4146341463413,1.639344262295082
step160_dir225,160,14,225,1975.6097560975609,1.639344262295082
step160_dir225,160,14,225,1987.8048780487804,1.639344262295082
step160_dir225,160,14,225,2000.0,1.598360655737705
step160_dir225,160,14,225,2012.1951219512193,1.5573770491803278
step160_dir225,160,14,225,2024.390243902439,1.4344262295081966
step160_dir225,160,14,225,2036.5853658536585,1.3114754098360657
step160_dir225,160,14,225,2048.780487804878,1.2704918032786885
step160_dir225,160,14,225,2060.9756097560976,1.2295081967213115
step160_dir225,160,14,225,2073.170731707317,1.1475409836065575
step160_dir225,160,14,225,2085.3658536585367,1.1065573770491803
step160_dir225,160,14,225,2097.560975609756,1.1065573770491803
step160_dir225,160,14,225,2109.7560975609754,1.1065573770491803
step160_dir225,160,14,225,2121.951219512195,1.1065573770491803
step160_dir225,160,14,225,2134.1463414634145,1.1065573770491803
step160_dir225,160,14,225,2146.341463414634,1.1065573770491803
step160_dir225,160,14,225,2158.5365853658536,1.0655737704918034
step160_dir225,160,14,225,2170.731707317073,0.9836065573770492
step160_dir225,160,14,225,2182.9268292682927,0.9426229508196722
step160_dir225,160,14,225,2195.121951219512,0.9426229508196722
step160_dir225,160,14,225,2207.3170731707314,0.860655737704918
step160_dir225,160,14,225,2219.512195121951,0.860655737704918
step160_dir225,160,14,225,2231.7073170731705,0.860655737704918
step160_dir270,160,14,270,0.0,0.0
step160_dir270,160,14,270,12.195121951219512,0.0
step160_dir270,160,14,270,24.390243902439025,-0.12295081967213116
step160_dir270,160,14,270,36.58536585365854,-0.12295081967213116
step160_dir270,160,14,270,48.78048780487805,-0.20491803278688525
step160_dir270,160,14,270,60.97560975609756,-0.2459016393442623
step160_dir270,160,14,270,73.17073170731707,-0.2459016393442623
step160_dir270,160,14,270,85.36585365853658,-0.2459016393442623
step160_dir270,160,14,270,97.5609756097561,-0.12295081967213116
step160_dir270,160,14,270,109.7560975609756,-0.0819672131147541
step160_dir270,160,14,270,121.95121951219512,-0.04098360655737705
step160_dir270,160,14,270,134.14634146341461,-0.04098360655737705
step160_dir270,160,14,270,146.34146341463415,0.0
step160_dir270,160,14,270,158.53658536585365,0.0
step160_dir270,160,14,270,170.73170731707316,0.04098360655737705
step160_dir270,160,14,270,182.92682926829266,0.04098360655737705
step160_dir270,160,14,270,195.1219512195122,0.1639344262295082
step160_dir270,160,14,270,207.3170731707317,0.24590163934426235
step160_dir270,160,14,270,219.5121951219512,0.2868852459016394
step160_dir270,160,14,270,231.7073170731707,0.4508196721311476
step160_dir270,160,14,270,243.90243902439025,0.5737704918032787
step160_dir270,160,14,270,256.0975609756097,0.5737704918032787
step160_dir270,160,14,270,268.29268292682923,0.5737704918032787
step160_dir270,160,14,270,280.4878048780488,0.5737704918032787
step160_dir270,160,14,270,292.6829268292683,0.5327868852459017
step160_dir270,160,14,270,304.8780487804878,0.36885245901639346
step160_dir270,160,14,270,317.0731707317073,0.24590163934426235
step160_dir270,160,14,270,329.2682926829268,0.0819672131147541
step160_dir270,160,14,270,341.4634146341463,0.0
step160_dir270,160,14,270,353.6585365853658,-0.20491803278688525
step160_dir270,160,14,270,365.8536585365853,-0.2868852459016394
step160_dir270,160,14,270,378.0487804878049,-0.2868852459016394
step160_dir270,160,14,270,390.2439024390244,-0.2868852459016394
step160_dir270,160,14,270,402.4390243902439,-0.2868852459016394
step160_dir270,160,14,270,414.6341463414634,-0.3278688524590164
step160_dir270,160,14,270,426.8292682926829,-0.45081967213114754
step160_dir270,160,14,270,439.0243902439024,-0.4918032786885246
step160_dir270,160,14,270,451.2195121951219,-0.5737704918032788
step160_dir270,160,14,270,463.4146341463414,-0.6147540983606559
step160_dir270,160,14,270,475.60975609756093,-0.6967213114754099
step160_dir270,160,14,270,487.8048780487805,-0.7377049180327869
step160_dir270,160,14,270,500.0,-0.9016393442622952
step160_dir270,160,14,270,512.1951219512194,-0.9016393442622952
step160_dir270,160,14,270,524.390243902439,-0.9016393442622952
step160_dir270,160,14,270,536.5853658536585,-0.9016393442622952
step160_dir270,160,14,270,548.780487804878,-0.9016393442622952
step160_dir270,160,14,270,560.9756097560976,-0.8606557377049181
step160_dir270,160,14,270,573.170731707317,-0.8196721311475411
step160_dir270,160,14,270,585.3658536585366,-0.8196721311475411
step160_dir270,160,14,270,597.560975609756,-0.8196721311475411
step160_dir270,160,14,270,609.7560975609756,-0.8196721311475411
step160_dir270,160,14,270,621.951219512195,-0.8196721311475411
step160_dir270,160,14,270,634.1463414634146,-0.9426229508196722
step160_dir270,160,14,270,646.3414634146341,-0.9836065573770493
step160_dir270,160,14,270,658.5365853658536,-1.0245901639344264
step160_dir270,160,14,270,670.7317073170732,-1.0245901639344264
step160_dir270,160,14,270,682.9268292682926,-1.0245901639344264
step160_dir270,160,14,270,695.1219512195122,-0.9836065573770493
step160_dir270,160,14,270,707.3170731707316,-0.9426229508196722
step160_dir270,160,14,270,719.5121951219512,-0.8196721311475411
step160_dir270,160,14,270,731.7073170731707,-0.6967213114754099
step160_dir270,160,14,270,743.9024390243902,-0.6147540983606559
step160_dir270,160,14,270,756.0975609756098,-0.45081967213114754
step160_dir270,160,14,270,768.2926829268292,-0.36885245901639346
step160_dir270,160,14,270,780.4878048780488,-0.36885245901639346
step160_dir270,160,14,270,792.6829268292682,-0.36885245901639346
step160_dir270,160,14,270,804.8780487804878,-0.3278688524590164
step160_dir270,160,14,270,817.0731707317073,-0.3278688524590164
step160_dir270,160,14,270,829.2682926829268,-0.3278688524590164
step160_dir270,160,14,270,841.4634146341463,-0.1639344262295082
step160_dir270,160,14,270,853.6585365853658,-0.04098360655737705
step160_dir270,160,14,270,865.8536585365854,0.1639344262295082
step160_dir270,160,14,270,878.0487804878048,0.3278688524590164
step160_dir270,160,14,270,890.2439024390244,0.49180327868852464
step160_dir270,160,14,270,902.4390243902438,0.6967213114754098
step160_dir270,160,14,270,914.6341463414634,0.819672131147541
step160_dir270,160,14,270,926.8292682926829,0.9426229508196722
step160_dir270,160,14,270,939.0243902439024,1.1065573770491806
step160_dir270,160,14,270,951.2195121951219,1.2704918032786887
step160_dir270,160,14,270,963.4146341463414,1.3524590163934427
step160_dir270,160,14,270,975.609756097561,1.3934426229508199
step160_dir270,160,14,270,987.8048780487804,1.3934426229508199
step160_dir270,160,14,270,1000.0,1.3934426229508199
step160_dir270,160,14,270,1012.1951219512194,1.4344262295081969
step160_dir270,160,14,270,1024.390243902439,1.4344262295081969
step160_dir270,160,14,270,1036.5853658536585,1.4754098360655739
step160_dir270,160,14,270,1048.780487804878,1.516393442622951
step160_dir270,160,14,270,1060.9756097560976,1.598360655737705
step160_dir270,160,14,270,1073.170731707317,1.6803278688524592
step160_dir270,160,14,270,1085.3658536585365,1.6803278688524592
step160_dir270,160,14,270,1097.560975609756,1.7213114754098362
step160_dir270,160,14,270,1109.7560975609756,1.7622950819672132
step160_dir270,160,14,270,1121.9512195121952,1.7622950819672132
step160_dir270,160,14,270,1134.1463414634145,1.7622950819672132
step160_dir270,160,14,270,1146.341463414634,1.8032786885245904
step160_dir270,160,14,270,1158.5365853658536,1.8442622950819674
step160_dir270,160,14,270,1170.7317073170732,1.8442622950819674
step160_dir270,160,14,270,1182.9268292682925,1.9262295081967216
step160_dir270,160,14,270,1195.121951219512,2.0491803278688527
step160_dir270,160,14,270,1207.3170731707316,2.0901639344262297
step160_dir270,160,14,270,1219.5121951219512,2.1311475409836067
step160_dir270,160,14,270,1231.7073170731708,2.1311475409836067
step160_dir270,160,14,270,1243.90243902439,2.1311475409836067
step160_dir270,160,14,270,1256.0975609756097,2.1311475409836067
step160_dir270,160,14,270,1268.2926829268292,2.1311475409836067
step160_dir270,160,14,270,1280.4878048780488,2.1311475409836067
step160_dir270,160,14,270,1292.6829268292681,2.1721311475409837
step160_dir270,160,14,270,1304.8780487804877,2.1721311475409837
step160_dir270,160,14,270,1317.0731707317073,2.1721311475409837
step160_dir270,160,14,270,1329.2682926829268,2.0491803278688527
step160_dir270,160,14,270,1341.4634146341464,1.9672131147540983
step160_dir270,160,14,270,1353.6585365853657,1.9262295081967216
step160_dir270,160,14,270,1365.8536585365853,1.8032786885245904
step160_dir270,160,14,270,1378.0487804878048,1.7622950819672132
step160_dir270,160,14,270,1390.2439024390244,1.7213114754098362
step160_dir270,160,14,270,1402.4390243902437,1.7213114754098362
step160_dir270,160,14,270,1414.6341463414633,1.6803278688524592
step160_dir270,160,14,270,1426.8292682926829,1.6393442622950822
step160_dir270,160,14,270,1439.0243902439024,1.598360655737705
step160_dir270,160,14,270,1451.219512195122,1.557377049180328
step160_dir270,160,14,270,1463.4146341463413,1.557377049180328
step160_dir270,160,14,270,1475.6097560975609,1.516393442622951
step160_dir270,160,14,270,1487.8048780487804,1.516393442622951
step160_dir270,160,14,270,1500.0,1.4344262295081969
step160_dir270,160,14,270,1512.1951219512196,1.3934426229508199
step160_dir270,160,14,270,1524.390243902439,1.3524590163934427
step160_dir270,160,14,270,1536.5853658536585,1.2295081967213115
step160_dir270,160,14,270,1548.780487804878,1.1885245901639345
step160_dir270,160,14,270,1560.9756097560976,1.1065573770491806
step160_dir270,160,14,270,1573.170731707317,1.1065573770491806
step160_dir270,160,14,270,1585.3658536585365,1.0655737704918034
step160_dir270,160,14,270,1597.560975609756,1.0655737704918034
step160_dir270,160,14,270,1609.7560975609756,1.0655737704918034
step160_dir270,160,14,270,1621.9512195121952,1.0245901639344264
step160_dir270,160,14,270,1634.1463414634145,1.0245901639344264
step160_dir270,160,14,270,1646.341463414634,0.9426229508196722
step160_dir270,160,14,270,1658.5365853658536,0.860655737704918
step160_dir270,160,14,270,1670.7317073170732,0.819672131147541
step160_dir270,160,14,270,1682.9268292682925,0.7786885245901639
step160_dir270,160,14,270,1695.121951219512,0.6557377049180327
step160_dir270,160,14,270,1707.3170731707316,0.6557377049180327
step160_dir270,160,14,270,1719.5121951219512,0.6147540983606558
step160_dir270,160,14,270,1731.7073170731708,0.5737704918032787
step160_dir270,160,14,270,1743.90243902439,0.5737704918032787
step160_dir270,160,14,270,1756.0975609756097,0.5327868852459017
step160_dir270,160,14,270,1768.2926829268292,0.5327868852459017
step160_dir270,160,14,270,1780.4878048780488,0.5327868852459017
step160_dir270,160,14,270,1792.6829268292681,0.4508196721311476
step160_dir270,160,14,270,1804.8780487804877,0.4508196721311476
step160_dir270,160,14,270,1817.0731707317073,0.36885245901639346
step160_dir270,160,14,270,1829.2682926829268,0.36885245901639346
step160_dir270,160,14,270,1841.4634146341464,0.36885245901639346
step160_dir270,160,14,270,1853.6585365853657,0.36885245901639346
step160_dir270,160,14,270,1865.8536585365853,0.4098360655737705
step160_dir270,160,14,270,1878.0487804878048,0.4098360655737705
step160_dir270,160,14,270,1890.2439024390244,0.4098360655737705
step160_dir270,160,14,270,1902.4390243902437,0.4098360655737705
step160_dir270,160,14,270,1914.6341463414633,0.4098360655737705
step160_dir270,160,14,270,1926.8292682926829,0.3278688524590164
step160_dir270,160,14,270,1939.0243902439024,0.3278688524590164
step160_dir270,160,14,270,1951.219512195122,0.3278688524590164
step160_dir270,160,14,270,1963.4146341463413,0.2868852459016394
step160_dir270,160,14,270,1975.6097560975609,0.2868852459016394
step160_dir270,160,14,270,1987.8048780487804,0.24590163934426235
step160_dir270,160,14,270,2000.0,0.20491803278688525
step160_dir270,160,14,270,2012.1951219512193,0.1639344262295082
step160_dir270,160,14,270,2024.390243902439,0.1639344262295082
step160_dir270,160,14,270,2036.5853658536585,0.1639344262295082
step160_dir270,160,14,270,2048.780487804878,0.1639344262295082
step160_dir270,160,14,270,2060.9756097560976,0.1639344262295082
step160_dir270,160,14,270,2073.170731707317,0.1639344262295082
step160_dir270,160,14,270,2085.3658536585367,0.1639344262295082
step160_dir270,160,14,270,2097.560975609756,0.1639344262295082
step160_dir270,160,14,270,2109.7560975609754,0.1639344262295082
step160_dir270,160,14,270,2121.951219512195,0.20491803278688525
step160_dir270,160,14,270,2134.1463414634145,0.24590163934426235
step160_dir270,160,14,270,2146.341463414634,0.24590163934426235
step160_dir270,160,14,270,2158.5365853658536,0.24590163934426235
step160_dir270,160,14,270,2170.731707317073,0.24590163934426235
step160_dir270,160,14,270,2182.9268292682927,0.24590163934426235
step160_dir270,160,14,270,2195.121951219512,0.24590163934426235
step160_dir270,160,14,270,2207.3170731707314,0.24590163934426235
step80_dir315,80,28,315,0.0,0.0
step80_dir315,80,28,315,12.195121951219512,0.0
step80_dir315,80,28,315,24.390243902439025,0.0
step80_dir315,80,28,315,36.58536585365854,0.0
step80_dir315,80,28,315,48.78048780487805,0.0819672131147541
step80_dir315,80,28,315,60.97560975609756,0.0819672131147541
step80_dir315,80,28,315,73.17073170731707,0.0819672131147541
step80_dir315,80,28,315,85.36585365853658,0.0819672131147541
step80_dir315,80,28,315,97.5609756097561,0.04098360655737707
step80_dir315,80,28,315,109.7560975609756,-0.04098360655737707
step80_dir315,80,28,315,121.95121951219512,-0.12295081967213115
step80_dir315,80,28,315,134.14634146341461,-0.20491803278688522
step80_dir315,80,28,315,146.34146341463415,-0.20491803278688522
step80_dir315,80,28,315,158.53658536585365,-0.20491803278688522
step80_dir315,80,28,315,170.73170731707316,-0.20491803278688522
step80_dir315,80,28,315,182.92682926829266,-0.12295081967213115
step80_dir315,80,28,315,195.1219512195122,-0.0819672131147541
step80_dir315,80,28,315,207.3170731707317,-0.04098360655737707
step80_dir315,80,28,315,219.5121951219512,-0.04098360655737707
step80_dir315,80,28,315,231.7073170731707,-0.04098360655737707
step80_dir315,80,28,315,243.90243902439025,0.04098360655737707
step80_dir315,80,28,315,256.0975609756097,0.0819672131147541
step80_dir315,80,28,315,268.29268292682923,0.1639344262295082
step80_dir315,80,28,315,280.4878048780488,0.20491803278688525
step80_dir315,80,28,315,292.6829268292683,0.2868852459016394
step80_dir315,80,28,315,304.8780487804878,0.2868852459016394
step80_dir315,80,28,315,317.0731707317073,0.2868852459016394
step80_dir315,80,28,315,329.2682926829268,0.3278688524590164
step80_dir315,80,28,315,341.4634146341463,0.36885245901639346
step80_dir315,80,28,315,353.6585365853658,0.36885245901639346
step80_dir315,80,28,315,365.8536585365853,0.36885245901639346
step80_dir315,80,28,315,378.0487804878049,0.2868852459016394
step80_dir315,80,28,315,390.2439024390244,0.2868852459016394
step80_dir315,80,28,315,402.4390243902439,0.2868852459016394
step80_dir315,80,28,315,414.6341463414634,0.2868852459016394
step80_dir315,80,28,315,426.8292682926829,0.20491803278688525
step80_dir315,80,28,315,439.0243902439024,0.12295081967213116
step80_dir315,80,28,315,451.2195121951219,0.12295081967213116
step80_dir315,80,28,315,463.4146341463414,0.12295081967213116
step80_dir315,80,28,315,475.60975609756093,0.1639344262295082
step80_dir315,80,28,315,487.8048780487805,0.24590163934426232
step80_dir315,80,28,315,500.0,0.3278688524590164
step80_dir315,80,28,315,512.1951219512194,0.4098360655737705
step80_dir315,80,28,315,524.390243902439,0.4098360655737705
step80_dir315,80,28,315,536.5853658536585,0.4098360655737705
step80_dir315,80,28,315,548.780487804878,0.4098360655737705
step80_dir315,80,28,315,560.9756097560976,0.5737704918032788
step80_dir315,80,28,315,573.170731707317,0.6967213114754098
step80_dir315,80,28,315,585.3658536585366,0.8606557377049181
step80_dir315,80,28,315,597.560975609756,1.1885245901639345
step80_dir315,80,28,315,609.7560975609756,1.3114754098360657
step80_dir315,80,28,315,621.951219512195,1.4754098360655739
step80_dir315,80,28,315,634.1463414634146,1.598360655737705
step80_dir315,80,28,315,646.3414634146341,1.8032786885245904
step80_dir315,80,28,315,658.5365853658536,1.8852459016393444
step80_dir315,80,28,315,670.7317073170732,1.9262295081967216
step80_dir315,80,28,315,682.9268292682926,2.0491803278688523
step80_dir315,80,28,315,695.1219512195122,2.1721311475409837
step80_dir315,80,28,315,707.3170731707316,2.2131147540983607
step80_dir315,80,28,315,719.5121951219512,2.377049180327869
step80_dir315,80,28,315,731.7073170731707,2.459016393442623
step80_dir315,80,28,315,743.9024390243902,2.5
step80_dir315,80,28,315,756.0975609756098,2.5819672131147544
step80_dir315,80,28,315,768.2926829268292,2.8278688524590168
step80_dir315,80,28,315,780.4878048780488,2.9918032786885247
step80_dir315,80,28,315,792.6829268292682,3.3606557377049184
step80_dir315,80,28,315,804.8780487804878,3.5245901639344264
step80_dir315,80,28,315,817.0731707317073,3.5655737704918034
step80_dir315,80,28,315,829.2682926829268,3.606557377049181
step80_dir315,80,28,315,841.4634146341463,3.6475409836065578
step80_dir315,80,28,315,853.6585365853658,3.6885245901639347
step80_dir315,80,28,315,865.8536585365854,3.7295081967213117
step80_dir315,80,28,315,878.0487804878048,3.7295081967213117
step80_dir315,80,28,315,890.2439024390244,3.7295081967213117
step80_dir315,80,28,315,902.4390243902438,3.6885245901639347
step80_dir315,80,28,315,914.6341463414634,3.6885245901639347
step80_dir315,80,28,315,926.8292682926829,3.6885245901639347
step80_dir315,80,28,315,939.0243902439024,3.7704918032786887
step80_dir315,80,28,315,951.2195121951219,3.8524590163934427
step80_dir315,80,28,315,963.4146341463414,3.89344262295082
step80_dir315,80,28,315,975.609756097561,3.89344262295082
step80_dir315,80,28,315,987.8048780487804,3.89344262295082
step80_dir315,80,28,315,1000.0,3.8114754098360657
step80_dir315,80,28,315,1012.1951219512194,3.7704918032786887
step80_dir315,80,28,315,1024.390243902439,3.7295081967213117
step80_dir315,80,28,315,1036.5853658536585,3.5655737704918034
step80_dir315,80,28,315,1048.780487804878,3.4836065573770494
step80_dir315,80,28,315,1060.9756097560976,3.319672131147541
step80_dir315,80,28,315,1073.170731707317,3.155737704918033
step80_dir315,80,28,315,1085.3658536585365,2.9918032786885247
step80_dir315,80,28,315,1097.560975609756,2.8278688524590168
step80_dir315,80,28,315,1109.7560975609756,2.7049180327868854
step80_dir315,80,28,315,1121.9512195121952,2.6639344262295084
step80_dir315,80,28,315,1134.1463414634145,2.5409836065573774
step80_dir315,80,28,315,1146.341463414634,2.5
step80_dir315,80,28,315,1158.5365853658536,2.336065573770492
step80_dir315,80,28,315,1170.7317073170732,2.2540983606557377
step80_dir315,80,28,315,1182.9268292682925,2.0491803278688523
step80_dir315,80,28,315,1195.121951219512,1.9262295081967216
step80_dir315,80,28,315,1207.3170731707316,1.7622950819672132
step80_dir315,80,28,315,1219.5121951219512,1.557377049180328
step80_dir315,80,28,315,1231.7073170731708,1.3114754098360657
step80_dir315,80,28,315,1243.90243902439,1.1475409836065573
step80_dir315,80,28,315,1256.0975609756097,1.0245901639344264
step80_dir315,80,28,315,1268.2926829268292,0.8196721311475411
step80_dir315,80,28,315,1280.4878048780488,0.6967213114754098
step80_dir315,80,28,315,1292.6829268292681,0.6147540983606558
step80_dir315,80,28,315,1304.8780487804877,0.49180327868852464
step80_dir315,80,28,315,1317.0731707317073,0.4508196721311476
step80_dir315,80,28,315,1329.2682926829268,0.2868852459016394
step80_dir315,80,28,315,1341.4634146341464,0.20491803278688525
step80_dir315,80,28,315,1353.6585365853657,0.12295081967213116
step80_dir315,80,28,315,1365.8536585365853,0.04098360655737707
step80_dir315,80,28,315,1378.0487804878048,-0.0819672131147541
step80_dir315,80,28,315,1390.2439024390244,-0.12295081967213115
step80_dir315,80,28,315,1402.4390243902437,-0.20491803278688522
step80_dir315,80,28,315,1414.6341463414633,-0.24590163934426232
step80_dir315,80,28,315,1426.8292682926829,-0.28688524590163933
step80_dir315,80,28,315,1439.0243902439024,-0.28688524590163933
step80_dir315,80,28,315,1451.219512195122,-0.28688524590163933
step80_dir315,80,28,315,1463.4146341463413,-0.28688524590163933
step80_dir315,80,28,315,1475.6097560975609,-0.28688524590163933
step80_dir315,80,28,315,1487.8048780487804,-0.3278688524590164
step80_dir315,80,28,315,1500.0,-0.3278688524590164
step80_dir315,80,28,315,1512.1951219512196,-0.3688524590163934
step80_dir315,80,28,315,1524.390243902439,-0.3688524590163934
step80_dir315,80,28,315,1536.5853658536585,-0.4098360655737705
step80_dir315,80,28,315,1548.780487804878,-0.4098360655737705
step80_dir315,80,28,315,1560.9756097560976,-0.4098360655737705
step80_dir315,80,28,315,1573.170731707317,-0.4098360655737705
step80_dir315,80,28,315,1585.3658536585365,-0.4098360655737705
step80_dir315,80,28,315,1597.560975609756,-0.3688524590163934
step80_dir315,80,28,315,1609.7560975609756,-0.3688524590163934
step80_dir315,80,28,315,1621.9512195121952,-0.3688524590163934
step80_dir315,80,28,315,1634.1463414634145,-0.3688524590163934
step80_dir315,80,28,315,1646.341463414634,-0.4508196721311475
step80_dir315,80,28,315,1658.5365853658536,-0.4918032786885246
step80_dir315,80,28,315,1670.7317073170732,-0.5327868852459017
step80_dir315,80,28,315,1682.9268292682925,-0.5327868852459017
step80_dir315,80,28,315,1695.121951219512,-0.5327868852459017
step80_dir315,80,28,315,1707.3170731707316,-0.5327868852459017
step80_dir315,80,28,315,1719.5121951219512,-0.4508196721311475
step80_dir315,80,28,315,1731.7073170731708,-0.4508196721311475
step80_dir315,80,28,315,1743.90243902439,-0.4098360655737705
step80_dir315,80,28,315,1756.0975609756097,-0.3278688524590164
step80_dir315,80,28,315,1768.2926829268292,-0.3278688524590164
step80_dir315,80,28,315,1780.4878048780488,-0.3278688524590164
step80_dir0,80,28,0,0.0,0.0
step80_dir0,80,28,0,12.195121951219512,0.0
step80_dir0,80,28,0,24.390243902439025,0.0
step80_dir0,80,28,0,36.58536585365854,0.0
step80_dir0,80,28,0,48.78048780487805,0.0
step80_dir0,80,28,0,60.97560975609756,-0.04098360655737704
step80_dir0,80,28,0,73.17073170731707,-0.12295081967213112
step80_dir0,80,28,0,85.36585365853658,-0.12295081967213112
step80_dir0,80,28,0,97.5609756097561,-0.12295081967213112
step80_dir0,80,28,0,109.7560975609756,-0.12295081967213112
step80_dir0,80,28,0,121.95121951219512,-0.08196721311475408
step80_dir0,80,28,0,134.14634146341461,-0.04098360655737704
step80_dir0,80,28,0,146.34146341463415,0.0819672131147541
step80_dir0,80,28,0,158.53658536585365,0.12295081967213117
step80_dir0,80,28,0,170.73170731707316,0.1639344262295082
step80_dir0,80,28,0,182.92682926829266,0.1639344262295082
step80_dir0,80,28,0,195.1219512195122,0.1639344262295082
step80_dir0,80,28,0,207.3170731707317,0.0819672131147541
step80_dir0,80,28,0,219.5121951219512,0.04098360655737704
step80_dir0,80,28,0,231.7073170731707,0.0
step80_dir0,80,28,0,243.90243902439025,0.0
step80_dir0,80,28,0,256.0975609756097,0.0
step80_dir0,80,28,0,268.29268292682923,0.0
step80_dir0,80,28,0,280.4878048780488,0.04098360655737704
step80_dir0,80,28,0,292.6829268292683,0.04098360655737704
step80_dir0,80,28,0,304.8780487804878,0.0819672131147541
step80_dir0,80,28,0,317.0731707317073,0.1639344262295082
step80_dir0,80,28,0,329.2682926829268,0.20491803278688525
step80_dir0,80,28,0,341.4634146341463,0.20491803278688525
step80_dir0,80,28,0,353.6585365853658,0.2868852459016394
step80_dir0,80,28,0,365.8536585365853,0.3278688524590164
step80_dir0,80,28,0,378.0487804878049,0.4098360655737705
step80_dir0,80,28,0,390.2439024390244,0.49180327868852464
step80_dir0,80,28,0,402.4390243902439,0.5737704918032788
step80_dir0,80,28,0,414.6341463414634,0.5737704918032788
step80_dir0,80,28,0,426.8292682926829,0.5737704918032788
step80_dir0,80,28,0,439.0243902439024,0.5327868852459017
step80_dir0,80,28,0,451.2195121951219,0.5327868852459017
step80_dir0,80,28,0,463.4146341463414,0.4508196721311476
step80_dir0,80,28,0,475.60975609756093,0.4098360655737705
step80_dir0,80,28,0,487.8048780487805,0.36885245901639346
step80_dir0,80,28,0,500.0,0.2868852459016394
step80_dir0,80,28,0,512.1951219512194,0.2868852459016394
step80_dir0,80,28,0,524.390243902439,0.2868852459016394
step80_dir0,80,28,0,536.5853658536585,0.36885245901639346
step80_dir0,80,28,0,548.780487804878,0.6147540983606559
step80_dir0,80,28,0,560.9756097560976,0.7377049180327869
step80_dir0,80,28,0,573.170731707317,0.9836065573770493
step80_dir0,80,28,0,585.3658536585366,1.3114754098360657
step80_dir0,80,28,0,597.560975609756,1.475409836065574
step80_dir0,80,28,0,609.7560975609756,1.721311475409836
step80_dir0,80,28,0,621.951219512195,2.0081967213114758
step80_dir0,80,28,0,634.1463414634146,2.0901639344262297
step80_dir0,80,28,0,646.3414634146341,2.295081967213115
step80_dir0,80,28,0,658.5365853658536,2.6229508196721314
step80_dir0,80,28,0,670.7317073170732,2.8688524590163933
step80_dir0,80,28,0,682.9268292682926,3.1147540983606556
step80_dir0,80,28,0,695.1219512195122,3.360655737704918
step80_dir0,80,28,0,707.3170731707316,3.6475409836065573
step80_dir0,80,28,0,719.5121951219512,3.7704918032786887
step80_dir0,80,28,0,731.7073170731707,4.0163934426229515
step80_dir0,80,28,0,743.9024390243902,4.262295081967213
step80_dir0,80,28,0,756.0975609756098,4.426229508196722
step80_dir0,80,28,0,768.2926829268292,4.508196721311476
step80_dir0,80,28,0,780.4878048780488,4.754098360655738
step80_dir0,80,28,0,792.6829268292682,4.836065573770492
step80_dir0,80,28,0,804.8780487804878,4.918032786885247
step80_dir0,80,28,0,817.0731707317073,4.918032786885247
step80_dir0,80,28,0,829.2682926829268,4.9590163934426235
step80_dir0,80,28,0,841.4634146341463,5.122950819672131
step80_dir0,80,28,0,853.6585365853658,5.28688524590164
step80_dir0,80,28,0,865.8536585365854,5.409836065573771
step80_dir0,80,28,0,878.0487804878048,5.614754098360656
step80_dir0,80,28,0,890.2439024390244,5.7377049180327875
step80_dir0,80,28,0,902.4390243902438,5.778688524590165
step80_dir0,80,28,0,914.6341463414634,5.901639344262295
step80_dir0,80,28,0,926.8292682926829,5.901639344262295
step80_dir0,80,28,0,939.0243902439024,5.901639344262295
step80_dir0,80,28,0,951.2195121951219,5.901639344262295
step80_dir0,80,28,0,963.4146341463414,5.860655737704919
step80_dir0,80,28,0,975.609756097561,5.7377049180327875
step80_dir0,80,28,0,987.8048780487804,5.6557377049180335
step80_dir0,80,28,0,1000.0,5.6557377049180335
step80_dir0,80,28,0,1012.1951219512194,5.5737704918032795
step80_dir0,80,28,0,1024.390243902439,5.5737704918032795
step80_dir0,80,28,0,1036.5853658536585,5.491803278688526
step80_dir0,80,28,0,1048.780487804878,5.327868852459017
step80_dir0,80,28,0,1060.9756097560976,5.28688524590164
step80_dir0,80,28,0,1073.170731707317,5.081967213114755
step80_dir0,80,28,0,1085.3658536585365,4.8770491803278695
step80_dir0,80,28,0,1097.560975609756,4.631147540983608
step80_dir0,80,28,0,1109.7560975609756,4.508196721311476
step80_dir0,80,28,0,1121.9512195121952,4.467213114754099
step80_dir0,80,28,0,1134.1463414634145,4.303278688524591
step80_dir0,80,28,0,1146.341463414634,4.139344262295082
step80_dir0,80,28,0,1158.5365853658536,4.0163934426229515
step80_dir0,80,28,0,1170.7317073170732,3.7704918032786887
step80_dir0,80,28,0,1182.9268292682925,3.6475409836065573
step80_dir0,80,28,0,1195.121951219512,3.319672131147541
step80_dir0,80,28,0,1207.3170731707316,3.1147540983606556
step80_dir0,80,28,0,1219.5121951219512,2.7868852459016393
step80_dir0,80,28,0,1231.7073170731708,2.581967213114754
step80_dir0,80,28,0,1243.90243902439,2.418032786885246
step80_dir0,80,28,0,1256.0975609756097,2.2540983606557377
step80_dir0,80,28,0,1268.2926829268292,2.0081967213114758
step80_dir0,80,28,0,1280.4878048780488,1.8442622950819674
step80_dir0,80,28,0,1292.6829268292681,1.516393442622951
step80_dir0,80,28,0,1304.8780487804877,1.3934426229508197
step80_dir0,80,28,0,1317.0731707317073,1.2704918032786887
step80_dir0,80,28,0,1329.2682926829268,0.9836065573770493
step80_dir0,80,28,0,1341.4634146341464,0.8606557377049181
step80_dir0,80,28,0,1353.6585365853657,0.7377049180327869
step80_dir0,80,28,0,1365.8536585365853,0.6147540983606559
step80_dir0,80,28,0,1378.0487804878048,0.4508196721311476
step80_dir0,80,28,0,1390.2439024390244,0.3278688524590164
step80_dir0,80,28,0,1402.4390243902437,0.24590163934426232
step80_dir0,80,28,0,1414.6341463414633,0.1639344262295082
step80_dir0,80,28,0,1426.8292682926829,0.12295081967213117
step80_dir0,80,28,0,1439.0243902439024,0.0819672131147541
step80_dir0,80,28,0,1451.219512195122,0.0819672131147541
step80_dir0,80,28,0,1463.4146341463413,0.0
step80_dir0,80,28,0,1475.6097560975609,0.0
step80_dir0,80,28,0,1487.8048780487804,-0.08196721311475408
step80_dir0,80,28,0,1500.0,-0.20491803278688525
step80_dir0,80,28,0,1512.1951219512196,-0.28688524590163933
step80_dir0,80,28,0,1524.390243902439,-0.3688524590163934
step80_dir0,80,28,0,1536.5853658536585,-0.4098360655737705
step80_dir0,80,28,0,1548.780487804878,-0.4098360655737705
step80_dir0,80,28,0,1560.9756097560976,-0.4098360655737705
step80_dir0,80,28,0,1573.170731707317,-0.4098360655737705
step80_dir0,80,28,0,1585.3658536585365,-0.3688524590163934
step80_dir0,80,28,0,1597.560975609756,-0.3278688524590164
step80_dir0,80,28,0,1609.7560975609756,-0.3278688524590164
step80_dir0,80,28,0,1621.9512195121952,-0.3278688524590164
step80_dir0,80,28,0,1634.1463414634145,-0.24590163934426235
step80_dir0,80,28,0,1646.341463414634,-0.20491803278688525
step80_dir0,80,28,0,1658.5365853658536,-0.1639344262295082
step80_dir0,80,28,0,1670.7317073170732,-0.08196721311475408
step80_dir0,80,28,0,1682.9268292682925,-0.08196721311475408
step80_dir0,80,28,0,1695.121951219512,-0.08196721311475408
step80_dir0,80,28,0,1707.3170731707316,-0.04098360655737704
step80_dir0,80,28,0,1719.5121951219512,-0.04098360655737704
step80_dir0,80,28,0,1731.7073170731708,0.0
step80_dir0,80,28,0,1743.90243902439,0.04098360655737704
step80_dir0,80,28,0,1756.0975609756097,0.0819672131147541
step80_dir0,80,28,0,1768.2926829268292,0.0819672131147541
step80_dir0,80,28,0,1780.4878048780488,0.0819672131147541
step80_dir45,80,28,45,0.0,0.0
step80_dir45,80,28,45,12.195121951219512,0.0
step80_dir45,80,28,45,24.390243902439025,0.04098360655737704
step80_dir45,80,28,45,36.58536585365854,0.04098360655737704
step80_dir45,80,28,45,48.78048780487805,0.04098360655737704
step80_dir45,80,28,45,60.97560975609756,0.04098360655737704
step80_dir45,80,28,45,73.17073170731707,0.0
step80_dir45,80,28,45,85.36585365853658,0.0
step80_dir45,80,28,45,97.5609756097561,0.0
step80_dir45,80,28,45,109.7560975609756,0.0
step80_dir45,80,28,45,121.95121951219512,0.0
step80_dir45,80,28,45,134.14634146341461,0.08196721311475408
step80_dir45,80,28,45,146.34146341463415,0.08196721311475408
step80_dir45,80,28,45,158.53658536585365,0.08196721311475408
step80_dir45,80,28,45,170.73170731707316,0.1639344262295082
step80_dir45,80,28,45,182.92682926829266,0.1639344262295082
step80_dir45,80,28,45,195.1219512195122,0.1639344262295082
step80_dir45,80,28,45,207.3170731707317,0.1639344262295082
step80_dir45,80,28,45,219.5121951219512,0.12295081967213115
step80_dir45,80,28,45,231.7073170731707,0.12295081967213115
step80_dir45,80,28,45,243.90243902439025,0.12295081967213115
step80_dir45,80,28,45,256.0975609756097,0.12295081967213115
step80_dir45,80,28,45,268.29268292682923,0.1639344262295082
step80_dir45,80,28,45,280.4878048780488,0.1639344262295082
step80_dir45,80,28,45,292.6829268292683,0.2459016393442623
step80_dir45,80,28,45,304.8780487804878,0.2459016393442623
step80_dir45,80,28,45,317.0731707317073,0.2459016393442623
step80_dir45,80,28,45,329.2682926829268,0.2459016393442623
step80_dir45,80,28,45,341.4634146341463,0.2459016393442623
step80_dir45,80,28,45,353.6585365853658,0.2459016393442623
step80_dir45,80,28,45,365.8536585365853,0.28688524590163933
step80_dir45,80,28,45,378.0487804878049,0.3278688524590164
step80_dir45,80,28,45,390.2439024390244,0.36885245901639346
step80_dir45,80,28,45,402.4390243902439,0.4508196721311476
step80_dir45,80,28,45,414.6341463414634,0.49180327868852464
step80_dir45,80,28,45,426.8292682926829,0.5737704918032787
step80_dir45,80,28,45,439.0243902439024,0.5737704918032787
step80_dir45,80,28,45,451.2195121951219,0.5737704918032787
step80_dir45,80,28,45,463.4146341463414,0.5327868852459017
step80_dir45,80,28,45,475.60975609756093,0.5327868852459017
step80_dir45,80,28,45,487.8048780487805,0.5327868852459017
step80_dir45,80,28,45,500.0,0.5327868852459017
step80_dir45,80,28,45,512.1951219512194,0.49180327868852464
step80_dir45,80,28,45,524.390243902439,0.49180327868852464
step80_dir45,80,28,45,536.5853658536585,0.4508196721311476
step80_dir45,80,28,45,548.780487804878,0.4508196721311476
step80_dir45,80,28,45,560.9756097560976,0.4508196721311476
step80_dir45,80,28,45,573.170731707317,0.49180327868852464
step80_dir45,80,28,45,585.3658536585366,0.6557377049180328
step80_dir45,80,28,45,597.560975609756,0.819672131147541
step80_dir45,80,28,45,609.7560975609756,0.9426229508196722
step80_dir45,80,28,45,621.951219512195,1.1885245901639345
step80_dir45,80,28,45,634.1463414634146,1.3934426229508199
step80_dir45,80,28,45,646.3414634146341,1.8852459016393444
step80_dir45,80,28,45,658.5365853658536,2.0491803278688527
step80_dir45,80,28,45,670.7317073170732,2.5
step80_dir45,80,28,45,682.9268292682926,2.9508196721311477
step80_dir45,80,28,45,695.1219512195122,3.5655737704918034
step80_dir45,80,28,45,707.3170731707316,4.0163934426229515
step80_dir45,80,28,45,719.5121951219512,4.9590163934426235
step80_dir45,80,28,45,731.7073170731707,5.450819672131147
step80_dir45,80,28,45,743.9024390243902,6.229508196721311
step80_dir45,80,28,45,756.0975609756098,7.09016393442623
step80_dir45,80,28,45,768.2926829268292,7.663934426229509
step80_dir45,80,28,45,780.4878048780488,8.319672131147541
step80_dir45,80,28,45,792.6829268292682,8.934426229508198
step80_dir45,80,28,45,804.8780487804878,9.344262295081968
step80_dir45,80,28,45,817.0731707317073,10.0
step80_dir45,80,28,45,829.2682926829268,10.450819672131148
step80_dir45,80,28,45,841.4634146341463,11.024590163934427
step80_dir45,80,28,45,853.6585365853658,11.598360655737705
step80_dir45,80,28,45,865.8536585365854,12.008196721311476
step80_dir45,80,28,45,878.0487804878048,12.418032786885247
step80_dir45,80,28,45,890.2439024390244,12.78688524590164
step80_dir45,80,28,45,902.4390243902438,13.073770491803279
step80_dir45,80,28,45,914.6341463414634,13.319672131147541
step80_dir45,80,28,45,926.8292682926829,13.606557377049182
step80_dir45,80,28,45,939.0243902439024,13.606557377049182
step80_dir45,80,28,45,951.2195121951219,13.606557377049182
step80_dir45,80,28,45,963.4146341463414,13.442622950819672
step80_dir45,80,28,45,975.609756097561,13.114754098360656
step80_dir45,80,28,45,987.8048780487804,12.745901639344263
step80_dir45,80,28,45,1000.0,12.37704918032787
step80_dir45,80,28,45,1012.1951219512194,11.721311475409836
step80_dir45,80,28,45,1024.390243902439,11.106557377049182
step80_dir45,80,28,45,1036.5853658536585,10.655737704918034
step80_dir45,80,28,45,1048.780487804878,10.0
step80_dir45,80,28,45,1060.9756097560976,9.426229508196721
step80_dir45,80,28,45,1073.170731707317,8.729508196721312
step80_dir45,80,28,45,1085.3658536585365,8.278688524590164
step80_dir45,80,28,45,1097.560975609756,7.336065573770492
step80_dir45,80,28,45,1109.7560975609756,6.885245901639345
step80_dir45,80,28,45,1121.9512195121952,6.106557377049181
step80_dir45,80,28,45,1134.1463414634145,5.69672131147541
step80_dir45,80,28,45,1146.341463414634,4.918032786885246
step80_dir45,80,28,45,1158.5365853658536,4.549180327868853
step80_dir45,80,28,45,1170.7317073170732,3.8114754098360657
step80_dir45,80,28,45,1182.9268292682925,3.442622950819672
step80_dir45,80,28,45,1195.121951219512,2.8688524590163933
step80_dir45,80,28,45,1207.3170731707316,2.540983606557377
step80_dir45,80,28,45,1219.5121951219512,1.8032786885245904
step80_dir45,80,28,45,1231.7073170731708,1.598360655737705
step80_dir45,80,28,45,1243.90243902439,1.0245901639344264
step80_dir45,80,28,45,1256.0975609756097,0.778688524590164
step80_dir45,80,28,45,1268.2926829268292,0.36885245901639346
step80_dir45,80,28,45,1280.4878048780488,0.12295081967213115
step80_dir45,80,28,45,1292.6829268292681,-0.40983606557377056
step80_dir45,80,28,45,1304.8780487804877,-0.6147540983606559
step80_dir45,80,28,45,1317.0731707317073,-0.9426229508196722
step80_dir45,80,28,45,1329.2682926829268,-1.0655737704918034
step80_dir45,80,28,45,1341.4634146341464,-1.2704918032786885
step80_dir45,80,28,45,1353.6585365853657,-1.3524590163934427
step80_dir45,80,28,45,1365.8536585365853,-1.4754098360655739
step80_dir45,80,28,45,1378.0487804878048,-1.598360655737705
step80_dir45,80,28,45,1390.2439024390244,-1.7622950819672132
step80_dir45,80,28,45,1402.4390243902437,-1.8032786885245902
step80_dir45,80,28,45,1414.6341463414633,-1.8852459016393441
step80_dir45,80,28,45,1426.8292682926829,-1.8852459016393441
step80_dir45,80,28,45,1439.0243902439024,-2.0081967213114758
step80_dir45,80,28,45,1451.219512195122,-2.0901639344262297
step80_dir45,80,28,45,1463.4146341463413,-2.213114754098361
step80_dir45,80,28,45,1475.6097560975609,-2.295081967213115
step80_dir45,80,28,45,1487.8048780487804,-2.377049180327869
step80_dir45,80,28,45,1500.0,-2.418032786885246
step80_dir45,80,28,45,1512.1951219512196,-2.418032786885246
step80_dir45,80,28,45,1524.390243902439,-2.418032786885246
step80_dir45,80,28,45,1536.5853658536585,-2.418032786885246
step80_dir45,80,28,45,1548.780487804878,-2.418032786885246
step80_dir45,80,28,45,1560.9756097560976,-2.418032786885246
step80_dir45,80,28,45,1573.170731707317,-2.377049180327869
step80_dir45,80,28,45,1585.3658536585365,-2.377049180327869
step80_dir45,80,28,45,1597.560975609756,-2.377049180327869
step80_dir45,80,28,45,1609.7560975609756,-2.377049180327869
step80_dir45,80,28,45,1621.9512195121952,-2.4590163934426235
step80_dir45,80,28,45,1634.1463414634145,-2.4590163934426235
step80_dir45,80,28,45,1646.341463414634,-2.4590163934426235
step80_dir45,80,28,45,1658.5365853658536,-2.418032786885246
step80_dir45,80,28,45,1670.7317073170732,-2.377049180327869
step80_dir45,80,28,45,1682.9268292682925,-2.336065573770492
step80_dir45,80,28,45,1695.121951219512,-2.295081967213115
step80_dir45,80,28,45,1707.3170731707316,-2.295081967213115
step80_dir45,80,28,45,1719.5121951219512,-2.213114754098361
step80_dir45,80,28,45,1731.7073170731708,-2.1311475409836067
step80_dir45,80,28,45,1743.90243902439,-2.0491803278688527
step80_dir45,80,28,45,1756.0975609756097,-1.9672131147540985
step80_dir45,80,28,45,1768.2926829268292,-1.8852459016393441
step80_dir45,80,28,45,1780.4878048780488,-1.8032786885245902
step80_dir45,80,28,45,1792.6829268292681,-1.7622950819672132
step80_dir45,80,28,45,1804.8780487804877,-1.7213114754098362
step80_dir45,80,28,45,1817.0731707317073,-1.7213114754098362
step80_dir45,80,28,45,1829.2682926829268,-1.6803278688524592
step80_dir45,80,28,45,1841.4634146341464,-1.6803278688524592
step80_dir45,80,28,45,1853.6585365853657,-1.6803278688524592
step80_dir45,80,28,45,1865.8536585365853,-1.6803278688524592
step80_dir90,80,28,90,0.0,0.0
step80_dir90,80,28,90,12.195121951219512,0.0
step80_dir90,80,28,90,24.390243902439025,0.0
step80_dir90,80,28,90,36.58536585365854,0.0
step80_dir90,80,28,90,48.78048780487805,0.08196721311475408
step80_dir90,80,28,90,60.97560975609756,0.12295081967213112
step80_dir90,80,28,90,73.17073170731707,0.16393442622950818
step80_dir90,80,28,90,85.36585365853658,0.20491803278688525
step80_dir90,80,28,90,97.5609756097561,0.20491803278688525
step80_dir90,80,28,90,109.7560975609756,0.20491803278688525
step80_dir90,80,28,90,121.95121951219512,0.20491803278688525
step80_dir90,80,28,90,134.14634146341461,0.20491803278688525
step80_dir90,80,28,90,146.34146341463415,0.20491803278688525
step80_dir90,80,28,90,158.53658536585365,0.20491803278688525
step80_dir90,80,28,90,170.73170731707316,0.20491803278688525
step80_dir90,80,28,90,182.92682926829266,0.28688524590163933
step80_dir90,80,28,90,195.1219512195122,0.3278688524590164
step80_dir90,80,28,90,207.3170731707317,0.36885245901639346
step80_dir90,80,28,90,219.5121951219512,0.45081967213114754
step80_dir90,80,28,90,231.7073170731707,0.45081967213114754
step80_dir90,80,28,90,243.90243902439025,0.4918032786885246
step80_dir90,80,28,90,256.0975609756097,0.5327868852459017
step80_dir90,80,28,90,268.29268292682923,0.5327868852459017
step80_dir90,80,28,90,280.4878048780488,0.5327868852459017
step80_dir90,80,28,90,292.6829268292683,0.5327868852459017
step80_dir90,80,28,90,304.8780487804878,0.4918032786885246
step80_dir90,80,28,90,317.0731707317073,0.45081967213114754
step80_dir90,80,28,90,329.2682926829268,0.45081967213114754
step80_dir90,80,28,90,341.4634146341463,0.4098360655737705
step80_dir90,80,28,90,353.6585365853658,0.4098360655737705
step80_dir90,80,28,90,365.8536585365853,0.4098360655737705
step80_dir90,80,28,90,378.0487804878049,0.45081967213114754
step80_dir90,80,28,90,390.2439024390244,0.45081967213114754
step80_dir90,80,28,90,402.4390243902439,0.45081967213114754
step80_dir90,80,28,90,414.6341463414634,0.45081967213114754
step80_dir90,80,28,90,426.8292682926829,0.45081967213114754
step80_dir90,80,28,90,439.0243902439024,0.4098360655737705
step80_dir90,80,28,90,451.2195121951219,0.3278688524590164
step80_dir90,80,28,90,463.4146341463414,0.3278688524590164
step80_dir90,80,28,90,475.60975609756093,0.3278688524590164
step80_dir90,80,28,90,487.8048780487805,0.36885245901639346
step80_dir90,80,28,90,500.0,0.45081967213114754
step80_dir90,80,28,90,512.1951219512194,0.45081967213114754
step80_dir90,80,28,90,524.390243902439,0.45081967213114754
step80_dir90,80,28,90,536.5853658536585,0.45081967213114754
step80_dir90,80,28,90,548.780487804878,0.45081967213114754
step80_dir90,80,28,90,560.9756097560976,0.45081967213114754
step80_dir90,80,28,90,573.170731707317,0.4918032786885246
step80_dir90,80,28,90,585.3658536585366,0.6557377049180328
step80_dir90,80,28,90,597.560975609756,0.819672131147541
step80_dir90,80,28,90,609.7560975609756,0.9016393442622952
step80_dir90,80,28,90,621.951219512195,1.2295081967213115
step80_dir90,80,28,90,634.1463414634146,1.3934426229508197
step80_dir90,80,28,90,646.3414634146341,1.598360655737705
step80_dir90,80,28,90,658.5365853658536,1.680327868852459
step80_dir90,80,28,90,670.7317073170732,2.0081967213114753
step80_dir90,80,28,90,682.9268292682926,2.1311475409836067
step80_dir90,80,28,90,695.1219512195122,2.4590163934426235
step80_dir90,80,28,90,707.3170731707316,2.663934426229508
step80_dir90,80,28,90,719.5121951219512,3.3196721311475414
step80_dir90,80,28,90,731.7073170731707,3.5655737704918034
step80_dir90,80,28,90,743.9024390243902,4.057377049180328
step80_dir90,80,28,90,756.0975609756098,4.344262295081967
step80_dir90,80,28,90,768.2926829268292,5.122950819672131
step80_dir90,80,28,90,780.4878048780488,5.368852459016394
step80_dir90,80,28,90,792.6829268292682,6.147540983606558
step80_dir90,80,28,90,804.8780487804878,6.5163934426229515
step80_dir90,80,28,90,817.0731707317073,7.581967213114755
step80_dir90,80,28,90,829.2682926829268,8.155737704918034
step80_dir90,80,28,90,841.4634146341463,8.77049180327869
step80_dir90,80,28,90,853.6585365853658,9.344262295081968
step80_dir90,80,28,90,865.8536585365854,10.450819672131148
step80_dir90,80,28,90,878.0487804878048,10.860655737704919
step80_dir90,80,28,90,890.2439024390244,11.27049180327869
step80_dir90,80,28,90,902.4390243902438,11.762295081967213
step80_dir90,80,28,90,914.6341463414634,12.295081967213116
step80_dir90,80,28,90,926.8292682926829,12.581967213114755
step80_dir90,80,28,90,939.0243902439024,12.704918032786885
step80_dir90,80,28,90,951.2195121951219,12.78688524590164
step80_dir90,80,28,90,963.4146341463414,12.868852459016395
step80_dir90,80,28,90,975.609756097561,12.950819672131148
step80_dir90,80,28,90,987.8048780487804,13.07377049180328
step80_dir90,80,28,90,1000.0,13.155737704918034
step80_dir90,80,28,90,1012.1951219512194,13.237704918032788
step80_dir90,80,28,90,1024.390243902439,13.278688524590166
step80_dir90,80,28,90,1036.5853658536585,13.401639344262296
step80_dir90,80,28,90,1048.780487804878,13.401639344262296
step80_dir90,80,28,90,1060.9756097560976,13.401639344262296
step80_dir90,80,28,90,1073.170731707317,13.360655737704919
step80_dir90,80,28,90,1085.3658536585365,12.991803278688526
step80_dir90,80,28,90,1097.560975609756,12.622950819672132
step80_dir90,80,28,90,1109.7560975609756,12.090163934426231
step80_dir90,80,28,90,1121.9512195121952,11.557377049180328
step80_dir90,80,28,90,1134.1463414634145,11.106557377049182
step80_dir90,80,28,90,1146.341463414634,10.40983606557377
step80_dir90,80,28,90,1158.5365853658536,9.754098360655739
step80_dir90,80,28,90,1170.7317073170732,9.18032786885246
step80_dir90,80,28,90,1182.9268292682925,8.688524590163935
step80_dir90,80,28,90,1195.121951219512,7.950819672131148
step80_dir90,80,28,90,1207.3170731707316,7.2950819672131155
step80_dir90,80,28,90,1219.5121951219512,6.680327868852459
step80_dir90,80,28,90,1231.7073170731708,6.106557377049181
step80_dir90,80,28,90,1243.90243902439,5.327868852459017
step80_dir90,80,28,90,1256.0975609756097,4.8770491803278695
step80_dir90,80,28,90,1268.2926829268292,4.180327868852459
step80_dir90,80,28,90,1280.4878048780488,3.7295081967213113
step80_dir90,80,28,90,1292.6829268292681,3.114754098360656
step80_dir90,80,28,90,1304.8780487804877,2.7049180327868854
step80_dir90,80,28,90,1317.0731707317073,2.0491803278688527
step80_dir90,80,28,90,1329.2682926829268,1.7622950819672132
step80_dir90,80,28,90,1341.4634146341464,1.1475409836065573
step80_dir90,80,28,90,1353.6585365853657,0.9426229508196722
step80_dir90,80,28,90,1365.8536585365853,0.45081967213114754
step80_dir90,80,28,90,1378.0487804878048,0.20491803278688525
step80_dir90,80,28,90,1390.2439024390244,-0.20491803278688525
step80_dir90,80,28,90,1402.4390243902437,-0.4508196721311476
step80_dir90,80,28,90,1414.6341463414633,-0.819672131147541
step80_dir90,80,28,90,1426.8292682926829,-0.9426229508196722
step80_dir90,80,28,90,1439.0243902439024,-1.3114754098360657
step80_dir90,80,28,90,1451.219512195122,-1.4344262295081969
step80_dir90,80,28,90,1463.4146341463413,-1.5983606557377048
step80_dir90,80,28,90,1475.6097560975609,-1.7213114754098362
step80_dir90,80,28,90,1487.8048780487804,-1.9262295081967216
step80_dir90,80,28,90,1500.0,-2.0081967213114753
step80_dir90,80,28,90,1512.1951219512196,-2.1311475409836067
step80_dir90,80,28,90,1524.390243902439,-2.172131147540984
step80_dir90,80,28,90,1536.5853658536585,-2.2131147540983607
step80_dir90,80,28,90,1548.780487804878,-2.254098360655738
step80_dir90,80,28,90,1560.9756097560976,-2.2950819672131146
step80_dir90,80,28,90,1573.170731707317,-2.3770491803278686
step80_dir90,80,28,90,1585.3658536585365,-2.4590163934426235
step80_dir90,80,28,90,1597.560975609756,-2.5
step80_dir90,80,28,90,1609.7560975609756,-2.5
step80_dir90,80,28,90,1621.9512195121952,-2.5
step80_dir90,80,28,90,1634.1463414634145,-2.4590163934426235
step80_dir90,80,28,90,1646.341463414634,-2.418032786885246
step80_dir90,80,28,90,1658.5365853658536,-2.418032786885246
step80_dir90,80,28,90,1670.7317073170732,-2.418032786885246
step80_dir90,80,28,90,1682.9268292682925,-2.336065573770492
step80_dir90,80,28,90,1695.121951219512,-2.2950819672131146
step80_dir90,80,28,90,1707.3170731707316,-2.254098360655738
step80_dir90,80,28,90,1719.5121951219512,-2.254098360655738
step80_dir90,80,28,90,1731.7073170731708,-2.172131147540984
step80_dir90,80,28,90,1743.90243902439,-2.172131147540984
step80_dir90,80,28,90,1756.0975609756097,-2.172131147540984
step80_dir90,80,28,90,1768.2926829268292,-2.1311475409836067
step80_dir90,80,28,90,1780.4878048780488,-2.0901639344262293
step80_dir90,80,28,90,1792.6829268292681,-2.0901639344262293
step80_dir90,80,28,90,1804.8780487804877,-2.0901639344262293
step80_dir90,80,28,90,1817.0731707317073,-2.1311475409836067
step80_dir90,80,28,90,1829.2682926829268,-2.172131147540984
step80_dir90,80,28,90,1841.4634146341464,-2.172131147540984
step80_dir90,80,28,90,1853.6585365853657,-2.172131147540984
step80_dir90,80,28,90,1865.8536585365853,-2.2131147540983607
step80_dir135,80,28,135,0.0,0.0
step80_dir135,80,28,135,12.195121951219512,0.0
step80_dir135,80,28,135,24.390243902439025,-0.08196721311475413
step80_dir135,80,28,135,36.58536585365854,-0.08196721311475413
step80_dir135,80,28,135,48.78048780487805,-0.12295081967213117
step80_dir135,80,28,135,60.97560975609756,-0.20491803278688525
step80_dir135,80,28,135,73.17073170731707,-0.2459016393442623
step80_dir135,80,28,135,85.36585365853658,-0.2459016393442623
step80_dir135,80,28,135,97.5609756097561,-0.2459016393442623
step80_dir135,80,28,135,109.7560975609756,-0.2459016393442623
step80_dir135,80,28,135,121.95121951219512,-0.20491803278688525
step80_dir135,80,28,135,134.14634146341461,-0.1639344262295082
step80_dir135,80,28,135,146.34146341463415,-0.08196721311475413
step80_dir135,80,28,135,158.53658536585365,-0.08196721311475413
step80_dir135,80,28,135,170.73170731707316,-0.08196721311475413
step80_dir135,80,28,135,182.92682926829266,0.0
step80_dir135,80,28,135,195.1219512195122,0.08196721311475409
step80_dir135,80,28,135,207.3170731707317,0.12295081967213115
step80_dir135,80,28,135,219.5121951219512,0.1639344262295082
step80_dir135,80,28,135,231.7073170731707,0.20491803278688525
step80_dir135,80,28,135,243.90243902439025,0.20491803278688525
step80_dir135,80,28,135,256.0975609756097,0.20491803278688525
step80_dir135,80,28,135,268.29268292682923,0.2459016393442623
step80_dir135,80,28,135,280.4878048780488,0.2459016393442623
step80_dir135,80,28,135,292.6829268292683,0.2459016393442623
step80_dir135,80,28,135,304.8780487804878,0.2459016393442623
step80_dir135,80,28,135,317.0731707317073,0.2459016393442623
step80_dir135,80,28,135,329.2682926829268,0.2459016393442623
step80_dir135,80,28,135,341.4634146341463,0.2459016393442623
step80_dir135,80,28,135,353.6585365853658,0.20491803278688525
step80_dir135,80,28,135,365.8536585365853,0.1639344262295082
step80_dir135,80,28,135,378.0487804878049,0.1639344262295082
step80_dir135,80,28,135,390.2439024390244,0.1639344262295082
step80_dir135,80,28,135,402.4390243902439,0.20491803278688525
step80_dir135,80,28,135,414.6341463414634,0.2459016393442623
step80_dir135,80,28,135,426.8292682926829,0.2459016393442623
step80_dir135,80,28,135,439.0243902439024,0.2459016393442623
step80_dir135,80,28,135,451.2195121951219,0.2459016393442623
step80_dir135,80,28,135,463.4146341463414,0.28688524590163933
step80_dir135,80,28,135,475.60975609756093,0.36885245901639346
step80_dir135,80,28,135,487.8048780487805,0.4098360655737705
step80_dir135,80,28,135,500.0,0.4098360655737705
step80_dir135,80,28,135,512.1951219512194,0.49180327868852464
step80_dir135,80,28,135,524.390243902439,0.5327868852459017
step80_dir135,80,28,135,536.5853658536585,0.5737704918032787
step80_dir135,80,28,135,548.780487804878,0.5737704918032787
step80_dir135,80,28,135,560.9756097560976,0.7377049180327869
step80_dir135,80,28,135,573.170731707317,0.8606557377049181
step80_dir135,80,28,135,585.3658536585366,0.9426229508196722
step80_dir135,80,28,135,597.560975609756,1.2295081967213117
step80_dir135,80,28,135,609.7560975609756,1.3524590163934427
step80_dir135,80,28,135,621.951219512195,1.516393442622951
step80_dir135,80,28,135,634.1463414634146,1.598360655737705
step80_dir135,80,28,135,646.3414634146341,1.8442622950819674
step80_dir135,80,28,135,658.5365853658536,2.0901639344262297
step80_dir135,80,28,135,670.7317073170732,2.418032786885246
step80_dir135,80,28,135,682.9268292682926,2.6639344262295084
step80_dir135,80,28,135,695.1219512195122,3.237704918032787
step80_dir135,80,28,135,707.3170731707316,3.4426229508196724
step80_dir135,80,28,135,719.5121951219512,3.852459016393443
step80_dir135,80,28,135,731.7073170731707,4.180327868852459
step80_dir135,80,28,135,743.9024390243902,4.8770491803278695
step80_dir135,80,28,135,756.0975609756098,5.040983606557377
step80_dir135,80,28,135,768.2926829268292,5.614754098360656
step80_dir135,80,28,135,780.4878048780488,5.942622950819673
step80_dir135,80,28,135,792.6829268292682,6.5983606557377055
step80_dir135,80,28,135,804.8780487804878,6.967213114754099
step80_dir135,80,28,135,817.0731707317073,7.78688524590164
step80_dir135,80,28,135,829.2682926829268,8.114754098360656
step80_dir135,80,28,135,841.4634146341463,8.565573770491804
step80_dir135,80,28,135,853.6585365853658,8.934426229508198
step80_dir135,80,28,135,865.8536585365854,9.344262295081968
step80_dir135,80,28,135,878.0487804878048,9.549180327868854
step80_dir135,80,28,135,890.2439024390244,9.713114754098362
step80_dir135,80,28,135,902.4390243902438,9.795081967213115
step80_dir135,80,28,135,914.6341463414634,9.918032786885247
step80_dir135,80,28,135,926.8292682926829,10.0
step80_dir135,80,28,135,939.0243902439024,10.081967213114755
step80_dir135,80,28,135,951.2195121951219,10.16393442622951
step80_dir135,80,28,135,963.4146341463414,10.16393442622951
step80_dir135,80,28,135,975.609756097561,10.16393442622951
step80_dir135,80,28,135,987.8048780487804,10.16393442622951
step80_dir135,80,28,135,1000.0,10.040983606557377
step80_dir135,80,28,135,1012.1951219512194,9.87704918032787
step80_dir135,80,28,135,1024.390243902439,9.754098360655739
step80_dir135,80,28,135,1036.5853658536585,9.631147540983607
step80_dir135,80,28,135,1048.780487804878,9.549180327868854
step80_dir135,80,28,135,1060.9756097560976,9.221311475409836
step80_dir135,80,28,135,1073.170731707317,9.098360655737705
step80_dir135,80,28,135,1085.3658536585365,8.77049180327869
step80_dir135,80,28,135,1097.560975609756,8.401639344262296
step80_dir135,80,28,135,1109.7560975609756,8.19672131147541
step80_dir135,80,28,135,1121.9512195121952,7.78688524590164
step80_dir135,80,28,135,1134.1463414634145,7.3770491803278695
step80_dir135,80,28,135,1146.341463414634,7.254098360655738
step80_dir135,80,28,135,1158.5365853658536,6.885245901639345
step80_dir135,80,28,135,1170.7317073170732,6.39344262295082
step80_dir135,80,28,135,1182.9268292682925,6.024590163934427
step80_dir135,80,28,135,1195.121951219512,5.69672131147541
step80_dir135,80,28,135,1207.3170731707316,5.491803278688525
step80_dir135,80,28,135,1219.5121951219512,5.122950819672131
step80_dir135,80,28,135,1231.7073170731708,4.836065573770492
step80_dir135,80,28,135,1243.90243902439,4.549180327868853
step80_dir135,80,28,135,1256.0975609756097,4.303278688524591
step80_dir135,80,28,135,1268.2926829268292,4.139344262295082
step80_dir135,80,28,135,1280.4878048780488,3.7704918032786887
step80_dir135,80,28,135,1292.6829268292681,3.4016393442622954
step80_dir135,80,28,135,1304.8780487804877,2.9918032786885247
step80_dir135,80,28,135,1317.0731707317073,2.6229508196721314
step80_dir135,80,28,135,1329.2682926829268,2.295081967213115
step80_dir135,80,28,135,1341.4634146341464,1.9262295081967213
step80_dir135,80,28,135,1353.6585365853657,1.721311475409836
step80_dir135,80,28,135,1365.8536585365853,1.3524590163934427
step80_dir135,80,28,135,1378.0487804878048,1.1885245901639345
step80_dir135,80,28,135,1390.2439024390244,0.9426229508196722
step80_dir135,80,28,135,1402.4390243902437,0.778688524590164
step80_dir135,80,28,135,1414.6341463414633,0.6557377049180328
step80_dir135,80,28,135,1426.8292682926829,0.5327868852459017
step80_dir135,80,28,135,1439.0243902439024,0.4098360655737705
step80_dir135,80,28,135,1451.219512195122,0.2459016393442623
step80_dir135,80,28,135,1463.4146341463413,0.08196721311475409
step80_dir135,80,28,135,1475.6097560975609,-0.08196721311475413
step80_dir135,80,28,135,1487.8048780487804,-0.3278688524590164
step80_dir135,80,28,135,1500.0,-0.5327868852459017
step80_dir135,80,28,135,1512.1951219512196,-0.778688524590164
step80_dir135,80,28,135,1524.390243902439,-0.9016393442622951
step80_dir135,80,28,135,1536.5853658536585,-1.0655737704918034
step80_dir135,80,28,135,1548.780487804878,-1.1475409836065573
step80_dir135,80,28,135,1560.9756097560976,-1.2704918032786887
step80_dir135,80,28,135,1573.170731707317,-1.2704918032786887
step80_dir135,80,28,135,1585.3658536585365,-1.2704918032786887
step80_dir135,80,28,135,1597.560975609756,-1.2704918032786887
step80_dir135,80,28,135,1609.7560975609756,-1.3114754098360657
step80_dir135,80,28,135,1621.9512195121952,-1.3114754098360657
step80_dir135,80,28,135,1634.1463414634145,-1.3114754098360657
step80_dir135,80,28,135,1646.341463414634,-1.3114754098360657
step80_dir135,80,28,135,1658.5365853658536,-1.3114754098360657
step80_dir135,80,28,135,1670.7317073170732,-1.3114754098360657
step80_dir135,80,28,135,1682.9268292682925,-1.3114754098360657
step80_dir135,80,28,135,1695.121951219512,-1.2704918032786887
step80_dir135,80,28,135,1707.3170731707316,-1.1885245901639343
step80_dir135,80,28,135,1719.5121951219512,-1.1065573770491803
step80_dir135,80,28,135,1731.7073170731708,-1.0245901639344264
step80_dir135,80,28,135,1743.90243902439,-0.9836065573770493
step80_dir135,80,28,135,1756.0975609756097,-0.9016393442622951
step80_dir135,80,28,135,1768.2926829268292,-0.8606557377049181
step80_dir135,80,28,135,1780.4878048780488,-0.8196721311475411
step80_dir135,80,28,135,1792.6829268292681,-0.7377049180327869
step80_dir135,80,28,135,1804.8780487804877,-0.7377049180327869
step80_dir135,80,28,135,1817.0731707317073,-0.6967213114754098
step80_dir135,80,28,135,1829.2682926829268,-0.6967213114754098
step80_dir135,80,28,135,1841.4634146341464,-0.6557377049180328
step80_dir135,80,28,135,1853.6585365853657,-0.6557377049180328
step80_dir135,80,28,135,1865.8536585365853,-0.6557377049180328
step80_dir180,80,28,180,0.0,0.0
step80_dir180,80,28,180,12.195121951219512,0.04098360655737704
step80_dir180,80,28,180,24.390243902439025,0.04098360655737704
step80_dir180,80,28,180,36.58536585365854,0.04098360655737704
step80_dir180,80,28,180,48.78048780487805,0.04098360655737704
step80_dir180,80,28,180,60.97560975609756,0.08196721311475408
step80_dir180,80,28,180,73.17073170731707,0.08196721311475408
step80_dir180,80,28,180,85.36585365853658,0.08196721311475408
step80_dir180,80,28,180,97.5609756097561,0.08196721311475408
step80_dir180,80,28,180,109.7560975609756,0.08196721311475408
step80_dir180,80,28,180,121.95121951219512,0.12295081967213115
step80_dir180,80,28,180,134.14634146341461,0.1639344262295082
step80_dir180,80,28,180,146.34146341463415,0.2459016393442623
step80_dir180,80,28,180,158.53658536585365,0.4098360655737705
step80_dir180,80,28,180,170.73170731707316,0.49180327868852464
step80_dir180,80,28,180,182.92682926829266,0.49180327868852464
step80_dir180,80,28,180,195.1219512195122,0.49180327868852464
step80_dir180,80,28,180,207.3170731707317,0.49180327868852464
step80_dir180,80,28,180,219.5121951219512,0.49180327868852464
step80_dir180,80,28,180,231.7073170731707,0.4098360655737705
step80_dir180,80,28,180,243.90243902439025,0.3278688524590164
step80_dir180,80,28,180,256.0975609756097,0.2459016393442623
step80_dir180,80,28,180,268.29268292682923,0.2459016393442623
step80_dir180,80,28,180,280.4878048780488,0.2459016393442623
step80_dir180,80,28,180,292.6829268292683,0.2459016393442623
step80_dir180,80,28,180,304.8780487804878,0.2459016393442623
step80_dir180,80,28,180,317.0731707317073,0.2459016393442623
step80_dir180,80,28,180,329.2682926829268,0.2459016393442623
step80_dir180,80,28,180,341.4634146341463,0.2459016393442623
step80_dir180,80,28,180,353.6585365853658,0.3278688524590164
step80_dir180,80,28,180,365.8536585365853,0.36885245901639346
step80_dir180,80,28,180,378.0487804878049,0.4098360655737705
step80_dir180,80,28,180,390.2439024390244,0.49180327868852464
step80_dir180,80,28,180,402.4390243902439,0.5737704918032787
step80_dir180,80,28,180,414.6341463414634,0.5737704918032787
step80_dir180,80,28,180,426.8292682926829,0.5737704918032787
step80_dir180,80,28,180,439.0243902439024,0.5737704918032787
step80_dir180,80,28,180,451.2195121951219,0.5737704918032787
step80_dir180,80,28,180,463.4146341463414,0.5737704918032787
step80_dir180,80,28,180,475.60975609756093,0.5737704918032787
step80_dir180,80,28,180,487.8048780487805,0.5737704918032787
step80_dir180,80,28,180,500.0,0.5737704918032787
step80_dir180,80,28,180,512.1951219512194,0.5737704918032787
step80_dir180,80,28,180,524.390243902439,0.6147540983606558
step80_dir180,80,28,180,536.5853658536585,0.6557377049180328
step80_dir180,80,28,180,548.780487804878,0.778688524590164
step80_dir180,80,28,180,560.9756097560976,0.9016393442622952
step80_dir180,80,28,180,573.170731707317,1.0655737704918034
step80_dir180,80,28,180,585.3658536585366,1.3114754098360657
step80_dir180,80,28,180,597.560975609756,1.639344262295082
step80_dir180,80,28,180,609.7560975609756,1.8032786885245904
step80_dir180,80,28,180,621.951219512195,1.9262295081967216
step80_dir180,80,28,180,634.1463414634146,2.1721311475409837
step80_dir180,80,28,180,646.3414634146341,2.336065573770492
step80_dir180,80,28,180,658.5365853658536,2.459016393442623
step80_dir180,80,28,180,670.7317073170732,2.5
step80_dir180,80,28,180,682.9268292682926,2.622950819672131
step80_dir180,80,28,180,695.1219512195122,2.622950819672131
step80_dir180,80,28,180,707.3170731707316,2.7049180327868854
step80_dir180,80,28,180,719.5121951219512,2.9508196721311477
step80_dir180,80,28,180,731.7073170731707,2.9918032786885247
step80_dir180,80,28,180,743.9024390243902,3.1557377049180326
step80_dir180,80,28,180,756.0975609756098,3.5245901639344264
step80_dir180,80,28,180,768.2926829268292,3.9754098360655736
step80_dir180,80,28,180,780.4878048780488,4.426229508196721
step80_dir180,80,28,180,792.6829268292682,4.918032786885246
step80_dir180,80,28,180,804.8780487804878,5.573770491803279
step80_dir180,80,28,180,817.0731707317073,5.8196721311475414
step80_dir180,80,28,180,829.2682926829268,6.352459016393443
step80_dir180,80,28,180,841.4634146341463,6.434426229508197
step80_dir180,80,28,180,853.6585365853658,6.639344262295082
step80_dir180,80,28,180,865.8536585365854,6.721311475409836
step80_dir180,80,28,180,878.0487804878048,6.762295081967213
step80_dir180,80,28,180,890.2439024390244,6.967213114754099
step80_dir180,80,28,180,902.4390243902438,7.172131147540984
step80_dir180,80,28,180,914.6341463414634,7.172131147540984
step80_dir180,80,28,180,926.8292682926829,7.172131147540984
step80_dir180,80,28,180,939.0243902439024,7.172131147540984
step80_dir180,80,28,180,951.2195121951219,7.049180327868853
step80_dir180,80,28,180,963.4146341463414,6.844262295081967
step80_dir180,80,28,180,975.609756097561,6.639344262295082
step80_dir180,80,28,180,987.8048780487804,6.475409836065574
step80_dir180,80,28,180,1000.0,6.106557377049181
step80_dir180,80,28,180,1012.1951219512194,5.942622950819672
step80_dir180,80,28,180,1024.390243902439,5.8196721311475414
step80_dir180,80,28,180,1036.5853658536585,5.7377049180327875
step80_dir180,80,28,180,1048.780487804878,5.69672131147541
step80_dir180,80,28,180,1060.9756097560976,5.614754098360656
step80_dir180,80,28,180,1073.170731707317,5.491803278688525
step80_dir180,80,28,180,1085.3658536585365,5.286885245901639
step80_dir180,80,28,180,1097.560975609756,5.081967213114754
step80_dir180,80,28,180,1109.7560975609756,4.918032786885246
step80_dir180,80,28,180,1121.9512195121952,4.713114754098361
step80_dir180,80,28,180,1134.1463414634145,4.590163934426229
step80_dir180,80,28,180,1146.341463414634,4.344262295081967
step80_dir180,80,28,180,1158.5365853658536,4.180327868852459
step80_dir180,80,28,180,1170.7317073170732,3.8524590163934427
step80_dir180,80,28,180,1182.9268292682925,3.6885245901639343
step80_dir180,80,28,180,1195.121951219512,3.401639344262295
step80_dir180,80,28,180,1207.3170731707316,3.237704918032787
step80_dir180,80,28,180,1219.5121951219512,2.9508196721311477
step80_dir180,80,28,180,1231.7073170731708,2.7459016393442623
step80_dir180,80,28,180,1243.90243902439,2.540983606557377
step80_dir180,80,28,180,1256.0975609756097,2.2540983606557377
step80_dir180,80,28,180,1268.2926829268292,1.9262295081967216
step80_dir180,80,28,180,1280.4878048780488,1.8032786885245904
step80_dir180,80,28,180,1292.6829268292681,1.557377049180328
step80_dir180,80,28,180,1304.8780487804877,1.2704918032786885
step80_dir180,80,28,180,1317.0731707317073,0.9836065573770492
step80_dir180,80,28,180,1329.2682926829268,0.819672131147541
step80_dir180,80,28,180,1341.4634146341464,0.5737704918032787
step80_dir180,80,28,180,1353.6585365853657,0.3278688524590164
step80_dir180,80,28,180,1365.8536585365853,0.1639344262295082
step80_dir180,80,28,180,1378.0487804878048,0.04098360655737704
step80_dir180,80,28,180,1390.2439024390244,-0.08196721311475408
step80_dir180,80,28,180,1402.4390243902437,-0.2049180327868853
step80_dir180,80,28,180,1414.6341463414633,-0.2459016393442623
step80_dir180,80,28,180,1426.8292682926829,-0.2459016393442623
step80_dir180,80,28,180,1439.0243902439024,-0.2459016393442623
step80_dir180,80,28,180,1451.219512195122,-0.2459016393442623
step80_dir180,80,28,180,1463.4146341463413,-0.2049180327868853
step80_dir180,80,28,180,1475.6097560975609,-0.2049180327868853
step80_dir180,80,28,180,1487.8048780487804,-0.2049180327868853
step80_dir180,80,28,180,1500.0,-0.2868852459016394
step80_dir180,80,28,180,1512.1951219512196,-0.32786885245901637
step80_dir180,80,28,180,1524.390243902439,-0.36885245901639346
step80_dir180,80,28,180,1536.5853658536585,-0.45081967213114754
step80_dir180,80,28,180,1548.780487804878,-0.49180327868852464
step80_dir180,80,28,180,1560.9756097560976,-0.5327868852459017
step80_dir180,80,28,180,1573.170731707317,-0.6147540983606559
step80_dir180,80,28,180,1585.3658536585365,-0.6557377049180328
step80_dir180,80,28,180,1597.560975609756,-0.6967213114754098
step80_dir180,80,28,180,1609.7560975609756,-0.7377049180327868
step80_dir180,80,28,180,1621.9512195121952,-0.7377049180327868
step80_dir180,80,28,180,1634.1463414634145,-0.7377049180327868
step80_dir180,80,28,180,1646.341463414634,-0.7377049180327868
step80_dir180,80,28,180,1658.5365853658536,-0.7377049180327868
step80_dir180,80,28,180,1670.7317073170732,-0.6967213114754098
step80_dir180,80,28,180,1682.9268292682925,-0.6557377049180328
step80_dir180,80,28,180,1695.121951219512,-0.6557377049180328
step80_dir180,80,28,180,1707.3170731707316,-0.6557377049180328
step80_dir180,80,28,180,1719.5121951219512,-0.6557377049180328
step80_dir180,80,28,180,1731.7073170731708,-0.6967213114754098
step80_dir180,80,28,180,1743.90243902439,-0.6967213114754098
step80_dir180,80,28,180,1756.0975609756097,-0.6967213114754098
step80_dir180,80,28,180,1768.2926829268292,-0.6557377049180328
step80_dir180,80,28,180,1780.4878048780488,-0.5737704918032787
step80_dir180,80,28,180,1792.6829268292681,-0.49180327868852464
step80_dir180,80,28,180,1804.8780487804877,-0.45081967213114754
step80_dir180,80,28,180,1817.0731707317073,-0.32786885245901637
step80_dir180,80,28,180,1829.2682926829268,-0.2868852459016394
step80_dir180,80,28,180,1841.4634146341464,-0.2868852459016394
step80_dir180,80,28,180,1853.6585365853657,-0.2868852459016394
step80_dir225,80,28,225,0.0,0.0
step80_dir225,80,28,225,12.195121951219512,0.0
step80_dir225,80,28,225,24.390243902439025,0.04098360655737704
step80_dir225,80,28,225,36.58536585365854,0.04098360655737704
step80_dir225,80,28,225,48.78048780487805,0.04098360655737704
step80_dir225,80,28,225,60.97560975609756,0.0
step80_dir225,80,28,225,73.17073170731707,-0.04098360655737704
step80_dir225,80,28,225,85.36585365853658,-0.08196721311475408
step80_dir225,80,28,225,97.5609756097561,-0.1639344262295082
step80_dir225,80,28,225,109.7560975609756,-0.20491803278688525
step80_dir225,80,28,225,121.95121951219512,-0.20491803278688525
step80_dir225,80,28,225,134.14634146341461,-0.20491803278688525
step80_dir225,80,28,225,146.34146341463415,-0.20491803278688525
step80_dir225,80,28,225,158.53658536585365,-0.1639344262295082
step80_dir225,80,28,225,170.73170731707316,-0.12295081967213112
step80_dir225,80,28,225,182.92682926829266,-0.04098360655737704
step80_dir225,80,28,225,195.1219512195122,0.0
step80_dir225,80,28,225,207.3170731707317,0.04098360655737704
step80_dir225,80,28,225,219.5121951219512,0.04098360655737704
step80_dir225,80,28,225,231.7073170731707,0.04098360655737704
step80_dir225,80,28,225,243.90243902439025,0.04098360655737704
step80_dir225,80,28,225,256.0975609756097,0.0819672131147541
step80_dir225,80,28,225,268.29268292682923,0.0819672131147541
step80_dir225,80,28,225,280.4878048780488,0.0819672131147541
step80_dir225,80,28,225,292.6829268292683,0.0819672131147541
step80_dir225,80,28,225,304.8780487804878,0.12295081967213117
step80_dir225,80,28,225,317.0731707317073,0.1639344262295082
step80_dir225,80,28,225,329.2682926829268,0.2868852459016394
step80_dir225,80,28,225,341.4634146341463,0.3278688524590164
step80_dir225,80,28,225,353.6585365853658,0.4098360655737705
step80_dir225,80,28,225,365.8536585365853,0.4508196721311476
step80_dir225,80,28,225,378.0487804878049,0.4508196721311476
step80_dir225,80,28,225,390.2439024390244,0.4508196721311476
step80_dir225,80,28,225,402.4390243902439,0.4508196721311476
step80_dir225,80,28,225,414.6341463414634,0.49180327868852464
step80_dir225,80,28,225,426.8292682926829,0.5327868852459017
step80_dir225,80,28,225,439.0243902439024,0.5327868852459017
step80_dir225,80,28,225,451.2195121951219,0.5327868852459017
step80_dir225,80,28,225,463.4146341463414,0.5327868852459017
step80_dir225,80,28,225,475.60975609756093,0.5327868852459017
step80_dir225,80,28,225,487.8048780487805,0.5327868852459017
step80_dir225,80,28,225,500.0,0.5327868852459017
step80_dir225,80,28,225,512.1951219512194,0.5327868852459017
step80_dir225,80,28,225,524.390243902439,0.5737704918032788
step80_dir225,80,28,225,536.5853658536585,0.6147540983606559
step80_dir225,80,28,225,548.780487804878,0.7377049180327869
step80_dir225,80,28,225,560.9756097560976,0.9016393442622952
step80_dir225,80,28,225,573.170731707317,1.0245901639344264
step80_dir225,80,28,225,585.3658536585366,1.1065573770491803
step80_dir225,80,28,225,597.560975609756,1.2704918032786887
step80_dir225,80,28,225,609.7560975609756,1.3524590163934427
step80_dir225,80,28,225,621.951219512195,1.3524590163934427
step80_dir225,80,28,225,634.1463414634146,1.3934426229508197
step80_dir225,80,28,225,646.3414634146341,1.516393442622951
step80_dir225,80,28,225,658.5365853658536,1.598360655737705
step80_dir225,80,28,225,670.7317073170732,1.680327868852459
step80_dir225,80,28,225,682.9268292682926,1.8032786885245904
step80_dir225,80,28,225,695.1219512195122,1.9262295081967213
step80_dir225,80,28,225,707.3170731707316,1.9262295081967213
step80_dir225,80,28,225,719.5121951219512,2.0491803278688527
step80_dir225,80,28,225,731.7073170731707,2.2131147540983607
step80_dir225,80,28,225,743.9024390243902,2.5
step80_dir225,80,28,225,756.0975609756098,2.7049180327868854
step80_dir225,80,28,225,768.2926829268292,2.7459016393442623
step80_dir225,80,28,225,780.4878048780488,2.7868852459016393
step80_dir225,80,28,225,792.6829268292682,2.8688524590163933
step80_dir225,80,28,225,804.8780487804878,2.9918032786885247
step80_dir225,80,28,225,817.0731707317073,3.0737704918032787
step80_dir225,80,28,225,829.2682926829268,3.4426229508196724
step80_dir225,80,28,225,841.4634146341463,3.6475409836065573
step80_dir225,80,28,225,853.6585365853658,3.8114754098360657
step80_dir225,80,28,225,865.8536585365854,3.8934426229508197
step80_dir225,80,28,225,878.0487804878048,3.975409836065574
step80_dir225,80,28,225,890.2439024390244,4.057377049180328
step80_dir225,80,28,225,902.4390243902438,4.057377049180328
step80_dir225,80,28,225,914.6341463414634,4.180327868852459
step80_dir225,80,28,225,926.8292682926829,4.221311475409837
step80_dir225,80,28,225,939.0243902439024,4.303278688524591
step80_dir225,80,28,225,951.2195121951219,4.385245901639345
step80_dir225,80,28,225,963.4146341463414,4.426229508196722
step80_dir225,80,28,225,975.609756097561,4.426229508196722
step80_dir225,80,28,225,987.8048780487804,4.467213114754099
step80_dir225,80,28,225,1000.0,4.508196721311476
step80_dir225,80,28,225,1012.1951219512194,4.508196721311476
step80_dir225,80,28,225,1024.390243902439,4.508196721311476
step80_dir225,80,28,225,1036.5853658536585,4.467213114754099
step80_dir225,80,28,225,1048.780487804878,4.344262295081967
step80_dir225,80,28,225,1060.9756097560976,4.262295081967213
step80_dir225,80,28,225,1073.170731707317,4.139344262295082
step80_dir225,80,28,225,1085.3658536585365,4.0163934426229515
step80_dir225,80,28,225,1097.560975609756,3.9344262295081966
step80_dir225,80,28,225,1109.7560975609756,3.8114754098360657
step80_dir225,80,28,225,1121.9512195121952,3.5245901639344264
step80_dir225,80,28,225,1134.1463414634145,3.4836065573770494
step80_dir225,80,28,225,1146.341463414634,3.360655737704918
step80_dir225,80,28,225,1158.5365853658536,3.237704918032787
step80_dir225,80,28,225,1170.7317073170732,3.0737704918032787
step80_dir225,80,28,225,1182.9268292682925,2.9918032786885247
step80_dir225,80,28,225,1195.121951219512,2.8278688524590163
step80_dir225,80,28,225,1207.3170731707316,2.6639344262295084
step80_dir225,80,28,225,1219.5121951219512,2.540983606557377
step80_dir225,80,28,225,1231.7073170731708,2.377049180327869
step80_dir225,80,28,225,1243.90243902439,2.2131147540983607
step80_dir225,80,28,225,1256.0975609756097,2.1311475409836067
step80_dir225,80,28,225,1268.2926829268292,2.0081967213114758
step80_dir225,80,28,225,1280.4878048780488,1.8032786885245904
step80_dir225,80,28,225,1292.6829268292681,1.639344262295082
step80_dir225,80,28,225,1304.8780487804877,1.516393442622951
step80_dir225,80,28,225,1317.0731707317073,1.3114754098360657
step80_dir225,80,28,225,1329.2682926829268,1.1475409836065573
step80_dir225,80,28,225,1341.4634146341464,1.0245901639344264
step80_dir225,80,28,225,1353.6585365853657,0.9836065573770493
step80_dir225,80,28,225,1365.8536585365853,0.9836065573770493
step80_dir225,80,28,225,1378.0487804878048,0.9836065573770493
step80_dir225,80,28,225,1390.2439024390244,0.9836065573770493
step80_dir225,80,28,225,1402.4390243902437,0.9836065573770493
step80_dir225,80,28,225,1414.6341463414633,0.9426229508196722
step80_dir225,80,28,225,1426.8292682926829,0.9426229508196722
step80_dir225,80,28,225,1439.0243902439024,0.819672131147541
step80_dir225,80,28,225,1451.219512195122,0.778688524590164
step80_dir225,80,28,225,1463.4146341463413,0.6967213114754098
step80_dir225,80,28,225,1475.6097560975609,0.6147540983606559
step80_dir225,80,28,225,1487.8048780487804,0.5737704918032788
step80_dir225,80,28,225,1500.0,0.49180327868852464
step80_dir225,80,28,225,1512.1951219512196,0.49180327868852464
step80_dir225,80,28,225,1524.390243902439,0.4098360655737705
step80_dir225,80,28,225,1536.5853658536585,0.36885245901639346
step80_dir225,80,28,225,1548.780487804878,0.36885245901639346
step80_dir225,80,28,225,1560.9756097560976,0.3278688524590164
step80_dir225,80,28,225,1573.170731707317,0.2868852459016394
step80_dir225,80,28,225,1585.3658536585365,0.24590163934426232
step80_dir225,80,28,225,1597.560975609756,0.20491803278688525
step80_dir225,80,28,225,1609.7560975609756,0.20491803278688525
step80_dir225,80,28,225,1621.9512195121952,0.20491803278688525
step80_dir225,80,28,225,1634.1463414634145,0.20491803278688525
step80_dir225,80,28,225,1646.341463414634,0.20491803278688525
step80_dir225,80,28,225,1658.5365853658536,0.20491803278688525
step80_dir225,80,28,225,1670.7317073170732,0.20491803278688525
step80_dir225,80,28,225,1682.9268292682925,0.20491803278688525
step80_dir225,80,28,225,1695.121951219512,0.20491803278688525
step80_dir225,80,28,225,1707.3170731707316,0.24590163934426232
step80_dir225,80,28,225,1719.5121951219512,0.24590163934426232
step80_dir225,80,28,225,1731.7073170731708,0.24590163934426232
step80_dir225,80,28,225,1743.90243902439,0.24590163934426232
step80_dir225,80,28,225,1756.0975609756097,0.36885245901639346
step80_dir225,80,28,225,1768.2926829268292,0.4098360655737705
step80_dir225,80,28,225,1780.4878048780488,0.5327868852459017
step80_dir225,80,28,225,1792.6829268292681,0.5327868852459017
step80_dir225,80,28,225,1804.8780487804877,0.5737704918032788
step80_dir225,80,28,225,1817.0731707317073,0.6557377049180328
step80_dir225,80,28,225,1829.2682926829268,0.6557377049180328
step80_dir225,80,28,225,1841.4634146341464,0.6557377049180328
step80_dir225,80,28,225,1853.6585365853657,0.6557377049180328
step80_dir270,80,28,270,0.0,0.0
step80_dir270,80,28,270,12.195121951219512,0.0
step80_dir270,80,28,270,24.390243902439025,0.0
step80_dir270,80,28,270,36.58536585365854,0.040983606557377095
step80_dir270,80,28,270,48.78048780487805,0.040983606557377095
step80_dir270,80,28,270,60.97560975609756,0.040983606557377095
step80_dir270,80,28,270,73.17073170731707,0.0
step80_dir270,80,28,270,85.36585365853658,-0.040983606557376984
step80_dir270,80,28,270,97.5609756097561,-0.040983606557376984
step80_dir270,80,28,270,109.7560975609756,-0.040983606557376984
step80_dir270,80,28,270,121.95121951219512,0.0
step80_dir270,80,28,270,134.14634146341461,0.08196721311475408
step80_dir270,80,28,270,146.34146341463415,0.12295081967213117
step80_dir270,80,28,270,158.53658536585365,0.24590163934426235
step80_dir270,80,28,270,170.73170731707316,0.3278688524590164
step80_dir270,80,28,270,182.92682926829266,0.4508196721311476
step80_dir270,80,28,270,195.1219512195122,0.4508196721311476
step80_dir270,80,28,270,207.3170731707317,0.4508196721311476
step80_dir270,80,28,270,219.5121951219512,0.4508196721311476
step80_dir270,80,28,270,231.7073170731707,0.4508196721311476
step80_dir270,80,28,270,243.90243902439025,0.4508196721311476
step80_dir270,80,28,270,256.0975609756097,0.4508196721311476
step80_dir270,80,28,270,268.29268292682923,0.4508196721311476
step80_dir270,80,28,270,280.4878048780488,0.49180327868852464
step80_dir270,80,28,270,292.6829268292683,0.5737704918032788
step80_dir270,80,28,270,304.8780487804878,0.5737704918032788
step80_dir270,80,28,270,317.0731707317073,0.5737704918032788
step80_dir270,80,28,270,329.2682926829268,0.5737704918032788
step80_dir270,80,28,270,341.4634146341463,0.5737704918032788
step80_dir270,80,28,270,353.6585365853658,0.5327868852459017
step80_dir270,80,28,270,365.8536585365853,0.5327868852459017
step80_dir270,80,28,270,378.0487804878049,0.5327868852459017
step80_dir270,80,28,270,390.2439024390244,0.5327868852459017
step80_dir270,80,28,270,402.4390243902439,0.5737704918032788
step80_dir270,80,28,270,414.6341463414634,0.6557377049180328
step80_dir270,80,28,270,426.8292682926829,0.7377049180327869
step80_dir270,80,28,270,439.0243902439024,0.819672131147541
step80_dir270,80,28,270,451.2195121951219,0.8606557377049181
step80_dir270,80,28,270,463.4146341463414,0.9426229508196722
step80_dir270,80,28,270,475.60975609756093,0.9426229508196722
step80_dir270,80,28,270,487.8048780487805,0.9836065573770493
step80_dir270,80,28,270,500.0,1.0245901639344264
step80_dir270,80,28,270,512.1951219512194,1.0245901639344264
step80_dir270,80,28,270,524.390243902439,1.0245901639344264
step80_dir270,80,28,270,536.5853658536585,1.0245901639344264
step80_dir270,80,28,270,548.780487804878,1.0245901639344264
step80_dir270,80,28,270,560.9756097560976,1.0655737704918034
step80_dir270,80,28,270,573.170731707317,1.1475409836065575
step80_dir270,80,28,270,585.3658536585366,1.2704918032786887
step80_dir270,80,28,270,597.560975609756,1.2704918032786887
step80_dir270,80,28,270,609.7560975609756,1.2704918032786887
step80_dir270,80,28,270,621.951219512195,1.3114754098360657
step80_dir270,80,28,270,634.1463414634146,1.3524590163934427
step80_dir270,80,28,270,646.3414634146341,1.3524590163934427
step80_dir270,80,28,270,658.5365853658536,1.3524590163934427
step80_dir270,80,28,270,670.7317073170732,1.3524590163934427
step80_dir270,80,28,270,682.9268292682926,1.3524590163934427
step80_dir270,80,28,270,695.1219512195122,1.2704918032786887
step80_dir270,80,28,270,707.3170731707316,1.2704918032786887
step80_dir270,80,28,270,719.5121951219512,1.2704918032786887
step80_dir270,80,28,270,731.7073170731707,1.3114754098360657
step80_dir270,80,28,270,743.9024390243902,1.516393442622951
step80_dir270,80,28,270,756.0975609756098,1.6803278688524592
step80_dir270,80,28,270,768.2926829268292,1.8032786885245904
step80_dir270,80,28,270,780.4878048780488,1.8852459016393444
step80_dir270,80,28,270,792.6829268292682,2.1721311475409837
step80_dir270,80,28,270,804.8780487804878,2.254098360655738
step80_dir270,80,28,270,817.0731707317073,2.336065573770492
step80_dir270,80,28,270,829.2682926829268,2.418032786885246
step80_dir270,80,28,270,841.4634146341463,2.459016393442623
step80_dir270,80,28,270,853.6585365853658,2.5
step80_dir270,80,28,270,865.8536585365854,2.5409836065573774
step80_dir270,80,28,270,878.0487804878048,2.581967213114754
step80_dir270,80,28,270,890.2439024390244,2.8688524590163933
step80_dir270,80,28,270,902.4390243902438,3.0737704918032787
step80_dir270,80,28,270,914.6341463414634,3.1557377049180326
step80_dir270,80,28,270,926.8292682926829,3.3196721311475414
step80_dir270,80,28,270,939.0243902439024,3.360655737704918
step80_dir270,80,28,270,951.2195121951219,3.4016393442622954
step80_dir270,80,28,270,963.4146341463414,3.4016393442622954
step80_dir270,80,28,270,975.609756097561,3.4016393442622954
step80_dir270,80,28,270,987.8048780487804,3.4016393442622954
step80_dir270,80,28,270,1000.0,3.4016393442622954
step80_dir270,80,28,270,1012.1951219512194,3.360655737704918
step80_dir270,80,28,270,1024.390243902439,3.2377049180327875
step80_dir270,80,28,270,1036.5853658536585,3.2377049180327875
step80_dir270,80,28,270,1048.780487804878,3.2377049180327875
step80_dir270,80,28,270,1060.9756097560976,3.278688524590164
step80_dir270,80,28,270,1073.170731707317,3.360655737704918
step80_dir270,80,28,270,1085.3658536585365,3.442622950819672
step80_dir270,80,28,270,1097.560975609756,3.442622950819672
step80_dir270,80,28,270,1109.7560975609756,3.442622950819672
step80_dir270,80,28,270,1121.9512195121952,3.442622950819672
step80_dir270,80,28,270,1134.1463414634145,3.4016393442622954
step80_dir270,80,28,270,1146.341463414634,3.4016393442622954
step80_dir270,80,28,270,1158.5365853658536,3.3196721311475414
step80_dir270,80,28,270,1170.7317073170732,3.2377049180327875
step80_dir270,80,28,270,1182.9268292682925,3.1557377049180326
step80_dir270,80,28,270,1195.121951219512,3.114754098360656
step80_dir270,80,28,270,1207.3170731707316,3.032786885245902
step80_dir270,80,28,270,1219.5121951219512,2.9098360655737707
step80_dir270,80,28,270,1231.7073170731708,2.9098360655737707
step80_dir270,80,28,270,1243.90243902439,2.8278688524590168
step80_dir270,80,28,270,1256.0975609756097,2.745901639344263
step80_dir270,80,28,270,1268.2926829268292,2.6229508196721314
step80_dir270,80,28,270,1280.4878048780488,2.5
step80_dir270,80,28,270,1292.6829268292681,2.336065573770492
step80_dir270,80,28,270,1304.8780487804877,2.1721311475409837
step80_dir270,80,28,270,1317.0731707317073,2.1311475409836067
step80_dir270,80,28,270,1329.2682926829268,2.0491803278688527
step80_dir270,80,28,270,1341.4634146341464,2.0081967213114753
step80_dir270,80,28,270,1353.6585365853657,1.9672131147540985
step80_dir270,80,28,270,1365.8536585365853,1.9672131147540985
step80_dir270,80,28,270,1378.0487804878048,1.9262295081967213
step80_dir270,80,28,270,1390.2439024390244,1.8442622950819674
step80_dir270,80,28,270,1402.4390243902437,1.7622950819672132
step80_dir270,80,28,270,1414.6341463414633,1.7213114754098362
step80_dir270,80,28,270,1426.8292682926829,1.598360655737705
step80_dir270,80,28,270,1439.0243902439024,1.516393442622951
step80_dir270,80,28,270,1451.219512195122,1.4754098360655739
step80_dir270,80,28,270,1463.4146341463413,1.3934426229508197
step80_dir270,80,28,270,1475.6097560975609,1.3524590163934427
step80_dir270,80,28,270,1487.8048780487804,1.2704918032786887
step80_dir270,80,28,270,1500.0,1.1885245901639345
step80_dir270,80,28,270,1512.1951219512196,1.0655737704918034
step80_dir270,80,28,270,1524.390243902439,0.9426229508196722
step80_dir270,80,28,270,1536.5853658536585,0.819672131147541
step80_dir270,80,28,270,1548.780487804878,0.7377049180327869
step80_dir270,80,28,270,1560.9756097560976,0.6557377049180328
step80_dir270,80,28,270,1573.170731707317,0.6557377049180328
step80_dir270,80,28,270,1585.3658536585365,0.5737704918032788
step80_dir270,80,28,270,1597.560975609756,0.5737704918032788
step80_dir270,80,28,270,1609.7560975609756,0.5737704918032788
step80_dir270,80,28,270,1621.9512195121952,0.5327868852459017
step80_dir270,80,28,270,1634.1463414634145,0.49180327868852464
step80_dir270,80,28,270,1646.341463414634,0.4098360655737705
step80_dir270,80,28,270,1658.5365853658536,0.4098360655737705
step80_dir270,80,28,270,1670.7317073170732,0.36885245901639346
step80_dir270,80,28,270,1682.9268292682925,0.3278688524590164
step80_dir270,80,28,270,1695.121951219512,0.3278688524590164
step80_dir270,80,28,270,1707.3170731707316,0.3278688524590164
step80_dir270,80,28,270,1719.5121951219512,0.36885245901639346
step80_dir270,80,28,270,1731.7073170731708,0.36885245901639346
step80_dir270,80,28,270,1743.90243902439,0.36885245901639346
step80_dir270,80,28,270,1756.0975609756097,0.36885245901639346
step80_dir270,80,28,270,1768.2926829268292,0.2868852459016394
step80_dir270,80,28,270,1780.4878048780488,0.24590163934426235
step80_dir270,80,28,270,1792.6829268292681,0.24590163934426235
step80_dir270,80,28,270,1804.8780487804877,0.24590163934426235
step80_dir270,80,28,270,1817.0731707317073,0.3278688524590164
step80_dir270,80,28,270,1829.2682926829268,0.4508196721311476
step80_dir270,80,28,270,1841.4634146341464,0.49180327868852464
step80_dir270,80,28,270,1853.6585365853657,0.5327868852459017
step80_dir270,80,28,270,1865.8536585365853,0.5327868852459017
step40_dir315,40,56,315,0.0,0.0
step40_dir315,40,56,315,12.195121951219512,0.0
step40_dir315,40,56,315,24.390243902439025,0.0
step40_dir315,40,56,315,36.58536585365854,0.0
step40_dir315,40,56,315,48.78048780487805,-0.04098360655737705
step40_dir315,40,56,315,60.97560975609756,-0.12295081967213116
step40_dir315,40,56,315,73.17073170731707,-0.1639344262295082
step40_dir315,40,56,315,85.36585365853658,-0.1639344262295082
step40_dir315,40,56,315,97.5609756097561,-0.1639344262295082
step40_dir315,40,56,315,109.7560975609756,-0.1639344262295082
step40_dir315,40,56,315,121.95121951219512,-0.1639344262295082
step40_dir315,40,56,315,134.14634146341461,-0.1639344262295082
step40_dir315,40,56,315,146.34146341463415,-0.1639344262295082
step40_dir315,40,56,315,158.53658536585365,-0.1639344262295082
step40_dir315,40,56,315,170.73170731707316,-0.1639344262295082
step40_dir315,40,56,315,182.92682926829266,-0.1639344262295082
step40_dir315,40,56,315,195.1219512195122,-0.1639344262295082
step40_dir315,40,56,315,207.3170731707317,-0.1639344262295082
step40_dir315,40,56,315,219.5121951219512,-0.24590163934426232
step40_dir315,40,56,315,231.7073170731707,-0.2868852459016394
step40_dir315,40,56,315,243.90243902439025,-0.2868852459016394
step40_dir315,40,56,315,256.0975609756097,-0.2868852459016394
step40_dir315,40,56,315,268.29268292682923,-0.2868852459016394
step40_dir315,40,56,315,280.4878048780488,-0.24590163934426232
step40_dir315,40,56,315,292.6829268292683,-0.1639344262295082
step40_dir315,40,56,315,304.8780487804878,-0.12295081967213116
step40_dir315,40,56,315,317.0731707317073,-0.04098360655737705
step40_dir315,40,56,315,329.2682926829268,0.0
step40_dir315,40,56,315,341.4634146341463,0.0
step40_dir315,40,56,315,353.6585365853658,0.04098360655737705
step40_dir315,40,56,315,365.8536585365853,0.04098360655737705
step40_dir315,40,56,315,378.0487804878049,0.04098360655737705
step40_dir315,40,56,315,390.2439024390244,0.0
step40_dir315,40,56,315,402.4390243902439,-0.04098360655737705
step40_dir315,40,56,315,414.6341463414634,-0.04098360655737705
step40_dir315,40,56,315,426.8292682926829,-0.04098360655737705
step40_dir315,40,56,315,439.0243902439024,0.0
step40_dir315,40,56,315,451.2195121951219,0.12295081967213116
step40_dir315,40,56,315,463.4146341463414,0.20491803278688525
step40_dir315,40,56,315,475.60975609756093,0.2868852459016394
step40_dir315,40,56,315,487.8048780487805,0.3278688524590164
step40_dir315,40,56,315,500.0,0.3278688524590164
step40_dir315,40,56,315,512.1951219512194,0.3278688524590164
step40_dir315,40,56,315,524.390243902439,0.3278688524590164
step40_dir315,40,56,315,536.5853658536585,0.36885245901639346
step40_dir315,40,56,315,548.780487804878,0.45081967213114754
step40_dir315,40,56,315,560.9756097560976,0.6147540983606558
step40_dir315,40,56,315,573.170731707317,0.7377049180327869
step40_dir315,40,56,315,585.3658536585366,0.9426229508196722
step40_dir315,40,56,315,597.560975609756,1.1475409836065575
step40_dir315,40,56,315,609.7560975609756,1.557377049180328
step40_dir315,40,56,315,621.951219512195,1.7622950819672132
step40_dir315,40,56,315,634.1463414634146,2.295081967213115
step40_dir315,40,56,315,646.3414634146341,2.5819672131147544
step40_dir315,40,56,315,658.5365853658536,3.237704918032787
step40_dir315,40,56,315,670.7317073170732,3.6885245901639347
step40_dir315,40,56,315,682.9268292682926,4.221311475409836
step40_dir315,40,56,315,695.1219512195122,4.467213114754099
step40_dir315,40,56,315,707.3170731707316,5.040983606557377
step40_dir315,40,56,315,719.5121951219512,5.286885245901639
step40_dir315,40,56,315,731.7073170731707,5.491803278688525
step40_dir315,40,56,315,743.9024390243902,5.614754098360656
step40_dir315,40,56,315,756.0975609756098,5.7377049180327875
step40_dir315,40,56,315,768.2926829268292,5.7377049180327875
step40_dir315,40,56,315,780.4878048780488,5.7377049180327875
step40_dir315,40,56,315,792.6829268292682,5.7377049180327875
step40_dir315,40,56,315,804.8780487804878,5.491803278688525
step40_dir315,40,56,315,817.0731707317073,5.368852459016394
step40_dir315,40,56,315,829.2682926829268,5.081967213114754
step40_dir315,40,56,315,841.4634146341463,4.795081967213115
step40_dir315,40,56,315,853.6585365853658,4.426229508196721
step40_dir315,40,56,315,865.8536585365854,4.0983606557377055
step40_dir315,40,56,315,878.0487804878048,3.7704918032786887
step40_dir315,40,56,315,890.2439024390244,3.5245901639344264
step40_dir315,40,56,315,902.4390243902438,3.0737704918032787
step40_dir315,40,56,315,914.6341463414634,2.7459016393442623
step40_dir315,40,56,315,926.8292682926829,2.418032786885246
step40_dir315,40,56,315,939.0243902439024,2.0901639344262297
step40_dir315,40,56,315,951.2195121951219,1.8442622950819674
step40_dir315,40,56,315,963.4146341463414,1.598360655737705
step40_dir315,40,56,315,975.609756097561,1.3934426229508197
step40_dir315,40,56,315,987.8048780487804,1.2704918032786885
step40_dir315,40,56,315,1000.0,1.1475409836065575
step40_dir315,40,56,315,1012.1951219512194,1.0245901639344264
step40_dir315,40,56,315,1024.390243902439,0.8606557377049181
step40_dir315,40,56,315,1036.5853658536585,0.7377049180327869
step40_dir315,40,56,315,1048.780487804878,0.6557377049180328
step40_dir315,40,56,315,1060.9756097560976,0.49180327868852464
step40_dir315,40,56,315,1073.170731707317,0.45081967213114754
step40_dir315,40,56,315,1085.3658536585365,0.4098360655737705
step40_dir315,40,56,315,1097.560975609756,0.36885245901639346
step40_dir315,40,56,315,1109.7560975609756,0.2868852459016394
step40_dir315,40,56,315,1121.9512195121952,0.24590163934426232
step40_dir315,40,56,315,1134.1463414634145,0.24590163934426232
step40_dir315,40,56,315,1146.341463414634,0.1639344262295082
step40_dir315,40,56,315,1158.5365853658536,0.12295081967213116
step40_dir315,40,56,315,1170.7317073170732,0.0819672131147541
step40_dir315,40,56,315,1182.9268292682925,0.0819672131147541
step40_dir315,40,56,315,1195.121951219512,0.0819672131147541
step40_dir315,40,56,315,1207.3170731707316,0.0819672131147541
step40_dir315,40,56,315,1219.5121951219512,0.0819672131147541
step40_dir315,40,56,315,1231.7073170731708,0.0819672131147541
step40_dir315,40,56,315,1243.90243902439,0.04098360655737705
step40_dir315,40,56,315,1256.0975609756097,0.04098360655737705
step40_dir315,40,56,315,1268.2926829268292,0.04098360655737705
step40_dir315,40,56,315,1280.4878048780488,0.04098360655737705
step40_dir315,40,56,315,1292.6829268292681,0.04098360655737705
step40_dir315,40,56,315,1304.8780487804877,0.04098360655737705
step40_dir315,40,56,315,1317.0731707317073,0.0819672131147541
step40_dir315,40,56,315,1329.2682926829268,0.0819672131147541
step40_dir315,40,56,315,1341.4634146341464,0.12295081967213116
step40_dir315,40,56,315,1353.6585365853657,0.12295081967213116
step40_dir315,40,56,315,1365.8536585365853,0.12295081967213116
step40_dir315,40,56,315,1378.0487804878048,0.12295081967213116
step40_dir315,40,56,315,1390.2439024390244,0.0819672131147541
step40_dir315,40,56,315,1402.4390243902437,0.0819672131147541
step40_dir315,40,56,315,1414.6341463414633,0.0819672131147541
step40_dir315,40,56,315,1426.8292682926829,0.1639344262295082
step40_dir315,40,56,315,1439.0243902439024,0.24590163934426232
step40_dir315,40,56,315,1451.219512195122,0.2868852459016394
step40_dir315,40,56,315,1463.4146341463413,0.2868852459016394
step40_dir0,40,56,0,0.0,0.0
step40_dir0,40,56,0,12.195121951219512,0.04098360655737707
step40_dir0,40,56,0,24.390243902439025,0.0
step40_dir0,40,56,0,36.58536585365854,0.0
step40_dir0,40,56,0,48.78048780487805,0.0
step40_dir0,40,56,0,60.97560975609756,-0.04098360655737704
step40_dir0,40,56,0,73.17073170731707,-0.04098360655737704
step40_dir0,40,56,0,85.36585365853658,-0.04098360655737704
step40_dir0,40,56,0,97.5609756097561,-0.04098360655737704
step40_dir0,40,56,0,109.7560975609756,-0.04098360655737704
step40_dir0,40,56,0,121.95121951219512,-0.04098360655737704
step40_dir0,40,56,0,134.14634146341461,-0.04098360655737704
step40_dir0,40,56,0,146.34146341463415,0.0
step40_dir0,40,56,0,158.53658536585365,0.0
step40_dir0,40,56,0,170.73170731707316,0.0
step40_dir0,40,56,0,182.92682926829266,0.08196721311475413
step40_dir0,40,56,0,195.1219512195122,0.12295081967213117
step40_dir0,40,56,0,207.3170731707317,0.1639344262295082
step40_dir0,40,56,0,219.5121951219512,0.20491803278688528
step40_dir0,40,56,0,231.7073170731707,0.2868852459016394
step40_dir0,40,56,0,243.90243902439025,0.2868852459016394
step40_dir0,40,56,0,256.0975609756097,0.2868852459016394
step40_dir0,40,56,0,268.29268292682923,0.3278688524590164
step40_dir0,40,56,0,280.4878048780488,0.3688524590163935
step40_dir0,40,56,0,292.6829268292683,0.3688524590163935
step40_dir0,40,56,0,304.8780487804878,0.3688524590163935
step40_dir0,40,56,0,317.0731707317073,0.3688524590163935
step40_dir0,40,56,0,329.2682926829268,0.2868852459016394
step40_dir0,40,56,0,341.4634146341463,0.2868852459016394
step40_dir0,40,56,0,353.6585365853658,0.2868852459016394
step40_dir0,40,56,0,365.8536585365853,0.2868852459016394
step40_dir0,40,56,0,378.0487804878049,0.2868852459016394
step40_dir0,40,56,0,390.2439024390244,0.2868852459016394
step40_dir0,40,56,0,402.4390243902439,0.2868852459016394
step40_dir0,40,56,0,414.6341463414634,0.2868852459016394
step40_dir0,40,56,0,426.8292682926829,0.24590163934426235
step40_dir0,40,56,0,439.0243902439024,0.20491803278688528
step40_dir0,40,56,0,451.2195121951219,0.20491803278688528
step40_dir0,40,56,0,463.4146341463414,0.20491803278688528
step40_dir0,40,56,0,475.60975609756093,0.20491803278688528
step40_dir0,40,56,0,487.8048780487805,0.20491803278688528
step40_dir0,40,56,0,500.0,0.24590163934426235
step40_dir0,40,56,0,512.1951219512194,0.24590163934426235
step40_dir0,40,56,0,524.390243902439,0.2868852459016394
step40_dir0,40,56,0,536.5853658536585,0.3688524590163935
step40_dir0,40,56,0,548.780487804878,0.49180327868852464
step40_dir0,40,56,0,560.9756097560976,0.6967213114754098
step40_dir0,40,56,0,573.170731707317,0.8606557377049182
step40_dir0,40,56,0,585.3658536585366,0.9836065573770492
step40_dir0,40,56,0,597.560975609756,1.3524590163934427
step40_dir0,40,56,0,609.7560975609756,1.8442622950819674
step40_dir0,40,56,0,621.951219512195,2.1311475409836067
step40_dir0,40,56,0,634.1463414634146,2.5819672131147544
step40_dir0,40,56,0,646.3414634146341,3.319672131147541
step40_dir0,40,56,0,658.5365853658536,3.5245901639344264
step40_dir0,40,56,0,670.7317073170732,4.0983606557377055
step40_dir0,40,56,0,682.9268292682926,4.59016393442623
step40_dir0,40,56,0,695.1219512195122,5.040983606557377
step40_dir0,40,56,0,707.3170731707316,5.204918032786885
step40_dir0,40,56,0,719.5121951219512,5.778688524590164
step40_dir0,40,56,0,731.7073170731707,6.147540983606557
step40_dir0,40,56,0,743.9024390243902,6.639344262295082
step40_dir0,40,56,0,756.0975609756098,6.762295081967213
step40_dir0,40,56,0,768.2926829268292,6.803278688524591
step40_dir0,40,56,0,780.4878048780488,6.803278688524591
step40_dir0,40,56,0,792.6829268292682,6.803278688524591
step40_dir0,40,56,0,804.8780487804878,6.680327868852459
step40_dir0,40,56,0,817.0731707317073,6.5163934426229515
step40_dir0,40,56,0,829.2682926829268,6.352459016393443
step40_dir0,40,56,0,841.4634146341463,6.024590163934427
step40_dir0,40,56,0,853.6585365853658,5.8196721311475414
step40_dir0,40,56,0,865.8536585365854,5.327868852459017
step40_dir0,40,56,0,878.0487804878048,5.040983606557377
step40_dir0,40,56,0,890.2439024390244,4.467213114754099
step40_dir0,40,56,0,902.4390243902438,4.0983606557377055
step40_dir0,40,56,0,914.6341463414634,3.6475409836065578
step40_dir0,40,56,0,926.8292682926829,3.237704918032787
step40_dir0,40,56,0,939.0243902439024,2.8278688524590163
step40_dir0,40,56,0,951.2195121951219,2.6229508196721314
step40_dir0,40,56,0,963.4146341463414,2.336065573770492
step40_dir0,40,56,0,975.609756097561,2.1311475409836067
step40_dir0,40,56,0,987.8048780487804,1.8852459016393444
step40_dir0,40,56,0,1000.0,1.7213114754098362
step40_dir0,40,56,0,1012.1951219512194,1.5573770491803278
step40_dir0,40,56,0,1024.390243902439,1.3934426229508197
step40_dir0,40,56,0,1036.5853658536585,1.2295081967213115
step40_dir0,40,56,0,1048.780487804878,1.0655737704918034
step40_dir0,40,56,0,1060.9756097560976,0.8606557377049182
step40_dir0,40,56,0,1073.170731707317,0.7377049180327869
step40_dir0,40,56,0,1085.3658536585365,0.6147540983606559
step40_dir0,40,56,0,1097.560975609756,0.49180327868852464
step40_dir0,40,56,0,1109.7560975609756,0.40983606557377056
step40_dir0,40,56,0,1121.9512195121952,0.3278688524590164
step40_dir0,40,56,0,1134.1463414634145,0.20491803278688528
step40_dir0,40,56,0,1146.341463414634,0.1639344262295082
step40_dir0,40,56,0,1158.5365853658536,0.08196721311475413
step40_dir0,40,56,0,1170.7317073170732,0.08196721311475413
step40_dir0,40,56,0,1182.9268292682925,0.04098360655737707
step40_dir0,40,56,0,1195.121951219512,0.04098360655737707
step40_dir0,40,56,0,1207.3170731707316,0.04098360655737707
step40_dir0,40,56,0,1219.5121951219512,0.08196721311475413
step40_dir0,40,56,0,1231.7073170731708,0.08196721311475413
step40_dir0,40,56,0,1243.90243902439,0.08196721311475413
step40_dir0,40,56,0,1256.0975609756097,0.12295081967213117
step40_dir0,40,56,0,1268.2926829268292,0.12295081967213117
step40_dir0,40,56,0,1280.4878048780488,0.12295081967213117
step40_dir0,40,56,0,1292.6829268292681,0.12295081967213117
step40_dir0,40,56,0,1304.8780487804877,0.12295081967213117
step40_dir0,40,56,0,1317.0731707317073,0.08196721311475413
step40_dir0,40,56,0,1329.2682926829268,0.0
step40_dir0,40,56,0,1341.4634146341464,0.0
step40_dir0,40,56,0,1353.6585365853657,0.0
step40_dir0,40,56,0,1365.8536585365853,0.0
step40_dir0,40,56,0,1378.0487804878048,0.08196721311475413
step40_dir0,40,56,0,1390.2439024390244,0.12295081967213117
step40_dir0,40,56,0,1402.4390243902437,0.12295081967213117
step40_dir0,40,56,0,1414.6341463414633,0.12295081967213117
step40_dir0,40,56,0,1426.8292682926829,0.1639344262295082
step40_dir0,40,56,0,1439.0243902439024,0.1639344262295082
step40_dir0,40,56,0,1451.219512195122,0.1639344262295082
step40_dir0,40,56,0,1463.4146341463413,0.1639344262295082
step40_dir45,40,56,45,0.0,0.0
step40_dir45,40,56,45,12.195121951219512,0.0
step40_dir45,40,56,45,24.390243902439025,0.0
step40_dir45,40,56,45,36.58536585365854,0.04098360655737707
step40_dir45,40,56,45,48.78048780487805,0.04098360655737707
step40_dir45,40,56,45,60.97560975609756,0.04098360655737707
step40_dir45,40,56,45,73.17073170731707,0.04098360655737707
step40_dir45,40,56,45,85.36585365853658,0.04098360655737707
step40_dir45,40,56,45,97.5609756097561,-0.04098360655737707
step40_dir45,40,56,45,109.7560975609756,-0.0819672131147541
step40_dir45,40,56,45,121.95121951219512,-0.0819672131147541
step40_dir45,40,56,45,134.14634146341461,-0.0819672131147541
step40_dir45,40,56,45,146.34146341463415,-0.0819672131147541
step40_dir45,40,56,45,158.53658536585365,-0.0819672131147541
step40_dir45,40,56,45,170.73170731707316,-0.04098360655737707
step40_dir45,40,56,45,182.92682926829266,-0.04098360655737707
step40_dir45,40,56,45,195.1219512195122,-0.04098360655737707
step40_dir45,40,56,45,207.3170731707317,-0.0819672131147541
step40_dir45,40,56,45,219.5121951219512,-0.0819672131147541
step40_dir45,40,56,45,231.7073170731707,-0.0819672131147541
step40_dir45,40,56,45,243.90243902439025,-0.0819672131147541
step40_dir45,40,56,45,256.0975609756097,-0.0819672131147541
step40_dir45,40,56,45,268.29268292682923,-0.04098360655737707
step40_dir45,40,56,45,280.4878048780488,0.04098360655737707
step40_dir45,40,56,45,292.6829268292683,0.0819672131147541
step40_dir45,40,56,45,304.8780487804878,0.12295081967213116
step40_dir45,40,56,45,317.0731707317073,0.1639344262295082
step40_dir45,40,56,45,329.2682926829268,0.24590163934426232
step40_dir45,40,56,45,341.4634146341463,0.24590163934426232
step40_dir45,40,56,45,353.6585365853658,0.24590163934426232
step40_dir45,40,56,45,365.8536585365853,0.24590163934426232
step40_dir45,40,56,45,378.0487804878049,0.24590163934426232
step40_dir45,40,56,45,390.2439024390244,0.24590163934426232
step40_dir45,40,56,45,402.4390243902439,0.24590163934426232
step40_dir45,40,56,45,414.6341463414634,0.24590163934426232
step40_dir45,40,56,45,426.8292682926829,0.24590163934426232
step40_dir45,40,56,45,439.0243902439024,0.24590163934426232
step40_dir45,40,56,45,451.2195121951219,0.20491803278688525
step40_dir45,40,56,45,463.4146341463414,0.20491803278688525
step40_dir45,40,56,45,475.60975609756093,0.20491803278688525
step40_dir45,40,56,45,487.8048780487805,0.24590163934426232
step40_dir45,40,56,45,500.0,0.24590163934426232
step40_dir45,40,56,45,512.1951219512194,0.36885245901639346
step40_dir45,40,56,45,524.390243902439,0.4098360655737705
step40_dir45,40,56,45,536.5853658536585,0.49180327868852464
step40_dir45,40,56,45,548.780487804878,0.49180327868852464
step40_dir45,40,56,45,560.9756097560976,0.5737704918032788
step40_dir45,40,56,45,573.170731707317,0.6557377049180328
step40_dir45,40,56,45,585.3658536585366,0.8196721311475411
step40_dir45,40,56,45,597.560975609756,1.0655737704918034
step40_dir45,40,56,45,609.7560975609756,1.3934426229508199
step40_dir45,40,56,45,621.951219512195,1.598360655737705
step40_dir45,40,56,45,634.1463414634146,2.1311475409836067
step40_dir45,40,56,45,646.3414634146341,2.6639344262295084
step40_dir45,40,56,45,658.5365853658536,3.4836065573770494
step40_dir45,40,56,45,670.7317073170732,3.934426229508197
step40_dir45,40,56,45,682.9268292682926,4.795081967213115
step40_dir45,40,56,45,695.1219512195122,5.819672131147541
step40_dir45,40,56,45,707.3170731707316,7.172131147540983
step40_dir45,40,56,45,719.5121951219512,8.073770491803279
step40_dir45,40,56,45,731.7073170731707,8.811475409836067
step40_dir45,40,56,45,743.9024390243902,9.713114754098362
step40_dir45,40,56,45,756.0975609756098,10.450819672131148
step40_dir45,40,56,45,768.2926829268292,11.39344262295082
step40_dir45,40,56,45,780.4878048780488,11.55737704918033
step40_dir45,40,56,45,792.6829268292682,11.55737704918033
step40_dir45,40,56,45,804.8780487804878,11.55737704918033
step40_dir45,40,56,45,817.0731707317073,11.311475409836067
step40_dir45,40,56,45,829.2682926829268,10.737704918032788
step40_dir45,40,56,45,841.4634146341463,10.368852459016395
step40_dir45,40,56,45,853.6585365853658,9.590163934426231
step40_dir45,40,56,45,865.8536585365854,8.606557377049182
step40_dir45,40,56,45,878.0487804878048,7.663934426229508
step40_dir45,40,56,45,890.2439024390244,6.844262295081967
step40_dir45,40,56,45,902.4390243902438,6.229508196721311
step40_dir45,40,56,45,914.6341463414634,5.286885245901639
step40_dir45,40,56,45,926.8292682926829,4.672131147540983
step40_dir45,40,56,45,939.0243902439024,3.975409836065574
step40_dir45,40,56,45,951.2195121951219,3.4426229508196724
step40_dir45,40,56,45,963.4146341463414,2.8688524590163937
step40_dir45,40,56,45,975.609756097561,2.5
step40_dir45,40,56,45,987.8048780487804,1.8852459016393444
step40_dir45,40,56,45,1000.0,1.639344262295082
step40_dir45,40,56,45,1012.1951219512194,1.2295081967213115
step40_dir45,40,56,45,1024.390243902439,1.0245901639344264
step40_dir45,40,56,45,1036.5853658536585,0.6147540983606558
step40_dir45,40,56,45,1048.780487804878,0.4508196721311476
step40_dir45,40,56,45,1060.9756097560976,0.12295081967213116
step40_dir45,40,56,45,1073.170731707317,-0.04098360655737707
step40_dir45,40,56,45,1085.3658536585365,-0.3278688524590164
step40_dir45,40,56,45,1097.560975609756,-0.4918032786885246
step40_dir45,40,56,45,1109.7560975609756,-0.6557377049180327
step40_dir45,40,56,45,1121.9512195121952,-0.7377049180327869
step40_dir45,40,56,45,1134.1463414634145,-0.819672131147541
step40_dir45,40,56,45,1146.341463414634,-0.860655737704918
step40_dir45,40,56,45,1158.5365853658536,-0.9426229508196722
step40_dir45,40,56,45,1170.7317073170732,-1.0245901639344261
step40_dir45,40,56,45,1182.9268292682925,-1.1475409836065573
step40_dir45,40,56,45,1195.121951219512,-1.1885245901639345
step40_dir45,40,56,45,1207.3170731707316,-1.2295081967213115
step40_dir45,40,56,45,1219.5121951219512,-1.2295081967213115
step40_dir45,40,56,45,1231.7073170731708,-1.2295081967213115
step40_dir45,40,56,45,1243.90243902439,-1.1885245901639345
step40_dir45,40,56,45,1256.0975609756097,-1.1475409836065573
step40_dir45,40,56,45,1268.2926829268292,-1.0655737704918034
step40_dir45,40,56,45,1280.4878048780488,-1.0655737704918034
step40_dir45,40,56,45,1292.6829268292681,-1.0655737704918034
step40_dir45,40,56,45,1304.8780487804877,-1.0655737704918034
step40_dir45,40,56,45,1317.0731707317073,-1.0655737704918034
step40_dir45,40,56,45,1329.2682926829268,-1.0655737704918034
step40_dir45,40,56,45,1341.4634146341464,-1.1475409836065573
step40_dir45,40,56,45,1353.6585365853657,-1.1475409836065573
step40_dir45,40,56,45,1365.8536585365853,-1.1475409836065573
step40_dir45,40,56,45,1378.0487804878048,-1.1475409836065573
step40_dir45,40,56,45,1390.2439024390244,-1.1065573770491803
step40_dir45,40,56,45,1402.4390243902437,-1.0655737704918034
step40_dir45,40,56,45,1414.6341463414633,-1.0655737704918034
step40_dir45,40,56,45,1426.8292682926829,-0.9836065573770492
step40_dir45,40,56,45,1439.0243902439024,-0.9016393442622952
step40_dir45,40,56,45,1451.219512195122,-0.9016393442622952
step40_dir45,40,56,45,1463.4146341463413,-0.9016393442622952
step40_dir45,40,56,45,1475.6097560975609,-0.9016393442622952
step40_dir45,40,56,45,1487.8048780487804,-0.9016393442622952
step40_dir45,40,56,45,1500.0,-0.9836065573770492
step40_dir45,40,56,45,1512.1951219512196,-1.0245901639344261
step40_dir45,40,56,45,1524.390243902439,-1.0245901639344261
step40_dir90,40,56,90,0.0,0.0
step40_dir90,40,56,90,12.195121951219512,0.0
step40_dir90,40,56,90,24.390243902439025,-0.04098360655737704
step40_dir90,40,56,90,36.58536585365854,-0.04098360655737704
step40_dir90,40,56,90,48.78048780487805,-0.04098360655737704
step40_dir90,40,56,90,60.97560975609756,-0.04098360655737704
step40_dir90,40,56,90,73.17073170731707,-0.04098360655737704
step40_dir90,40,56,90,85.36585365853658,-0.04098360655737704
step40_dir90,40,56,90,97.5609756097561,-0.04098360655737704
step40_dir90,40,56,90,109.7560975609756,-0.04098360655737704
step40_dir90,40,56,90,121.95121951219512,-0.04098360655737704
step40_dir90,40,56,90,134.14634146341461,-0.04098360655737704
step40_dir90,40,56,90,146.34146341463415,-0.04098360655737704
step40_dir90,40,56,90,158.53658536585365,-0.04098360655737704
step40_dir90,40,56,90,170.73170731707316,-0.08196721311475408
step40_dir90,40,56,90,182.92682926829266,-0.08196721311475408
step40_dir90,40,56,90,195.1219512195122,-0.08196721311475408
step40_dir90,40,56,90,207.3170731707317,-0.04098360655737704
step40_dir90,40,56,90,219.5121951219512,0.04098360655737707
step40_dir90,40,56,90,231.7073170731707,0.08196721311475413
step40_dir90,40,56,90,243.90243902439025,0.1639344262295082
step40_dir90,40,56,90,256.0975609756097,0.24590163934426235
step40_dir90,40,56,90,268.29268292682923,0.2868852459016394
step40_dir90,40,56,90,280.4878048780488,0.2868852459016394
step40_dir90,40,56,90,292.6829268292683,0.2868852459016394
step40_dir90,40,56,90,304.8780487804878,0.3278688524590164
step40_dir90,40,56,90,317.0731707317073,0.40983606557377056
step40_dir90,40,56,90,329.2682926829268,0.40983606557377056
step40_dir90,40,56,90,341.4634146341463,0.40983606557377056
step40_dir90,40,56,90,353.6585365853658,0.3688524590163935
step40_dir90,40,56,90,365.8536585365853,0.2868852459016394
step40_dir90,40,56,90,378.0487804878049,0.20491803278688528
step40_dir90,40,56,90,390.2439024390244,0.1639344262295082
step40_dir90,40,56,90,402.4390243902439,0.1639344262295082
step40_dir90,40,56,90,414.6341463414634,0.1639344262295082
step40_dir90,40,56,90,426.8292682926829,0.1639344262295082
step40_dir90,40,56,90,439.0243902439024,0.1639344262295082
step40_dir90,40,56,90,451.2195121951219,0.24590163934426235
step40_dir90,40,56,90,463.4146341463414,0.3278688524590164
step40_dir90,40,56,90,475.60975609756093,0.40983606557377056
step40_dir90,40,56,90,487.8048780487805,0.40983606557377056
step40_dir90,40,56,90,500.0,0.40983606557377056
step40_dir90,40,56,90,512.1951219512194,0.3688524590163935
step40_dir90,40,56,90,524.390243902439,0.3688524590163935
step40_dir90,40,56,90,536.5853658536585,0.3688524590163935
step40_dir90,40,56,90,548.780487804878,0.3688524590163935
step40_dir90,40,56,90,560.9756097560976,0.3688524590163935
step40_dir90,40,56,90,573.170731707317,0.5327868852459017
step40_dir90,40,56,90,585.3658536585366,0.6557377049180328
step40_dir90,40,56,90,597.560975609756,0.9016393442622952
step40_dir90,40,56,90,609.7560975609756,1.1065573770491803
step40_dir90,40,56,90,621.951219512195,1.5163934426229508
step40_dir90,40,56,90,634.1463414634146,1.8442622950819674
step40_dir90,40,56,90,646.3414634146341,2.2950819672131146
step40_dir90,40,56,90,658.5365853658536,2.5819672131147544
step40_dir90,40,56,90,670.7317073170732,3.4426229508196724
step40_dir90,40,56,90,682.9268292682926,4.0163934426229515
step40_dir90,40,56,90,695.1219512195122,5.163934426229509
step40_dir90,40,56,90,707.3170731707316,5.778688524590164
step40_dir90,40,56,90,719.5121951219512,7.008196721311476
step40_dir90,40,56,90,731.7073170731707,8.032786885245903
step40_dir90,40,56,90,743.9024390243902,9.590163934426231
step40_dir90,40,56,90,756.0975609756098,10.450819672131148
step40_dir90,40,56,90,768.2926829268292,11.065573770491804
step40_dir90,40,56,90,780.4878048780488,12.090163934426231
step40_dir90,40,56,90,792.6829268292682,12.336065573770494
step40_dir90,40,56,90,804.8780487804878,12.336065573770494
step40_dir90,40,56,90,817.0731707317073,12.336065573770494
step40_dir90,40,56,90,829.2682926829268,12.131147540983608
step40_dir90,40,56,90,841.4634146341463,11.55737704918033
step40_dir90,40,56,90,853.6585365853658,11.27049180327869
step40_dir90,40,56,90,865.8536585365854,10.778688524590166
step40_dir90,40,56,90,878.0487804878048,10.04098360655738
step40_dir90,40,56,90,890.2439024390244,9.016393442622952
step40_dir90,40,56,90,902.4390243902438,8.360655737704919
step40_dir90,40,56,90,914.6341463414634,7.581967213114755
step40_dir90,40,56,90,926.8292682926829,6.557377049180328
step40_dir90,40,56,90,939.0243902439024,5.6557377049180335
step40_dir90,40,56,90,951.2195121951219,4.754098360655738
step40_dir90,40,56,90,963.4146341463414,4.139344262295082
step40_dir90,40,56,90,975.609756097561,3.360655737704918
step40_dir90,40,56,90,987.8048780487804,2.7868852459016393
step40_dir90,40,56,90,1000.0,2.1721311475409837
step40_dir90,40,56,90,1012.1951219512194,1.680327868852459
step40_dir90,40,56,90,1024.390243902439,1.1065573770491803
step40_dir90,40,56,90,1036.5853658536585,0.778688524590164
step40_dir90,40,56,90,1048.780487804878,0.3278688524590164
step40_dir90,40,56,90,1060.9756097560976,0.08196721311475413
step40_dir90,40,56,90,1073.170731707317,-0.2868852459016394
step40_dir90,40,56,90,1085.3658536585365,-0.45081967213114754
step40_dir90,40,56,90,1097.560975609756,-0.6557377049180328
step40_dir90,40,56,90,1109.7560975609756,-0.8606557377049182
step40_dir90,40,56,90,1121.9512195121952,-1.0245901639344264
step40_dir90,40,56,90,1134.1463414634145,-1.0245901639344264
step40_dir90,40,56,90,1146.341463414634,-1.2295081967213115
step40_dir90,40,56,90,1158.5365853658536,-1.3114754098360657
step40_dir90,40,56,90,1170.7317073170732,-1.4344262295081969
step40_dir90,40,56,90,1182.9268292682925,-1.4754098360655739
step40_dir90,40,56,90,1195.121951219512,-1.5163934426229508
step40_dir90,40,56,90,1207.3170731707316,-1.5163934426229508
step40_dir90,40,56,90,1219.5121951219512,-1.5163934426229508
step40_dir90,40,56,90,1231.7073170731708,-1.4754098360655739
step40_dir90,40,56,90,1243.90243902439,-1.4344262295081969
step40_dir90,40,56,90,1256.0975609756097,-1.4344262295081969
step40_dir90,40,56,90,1268.2926829268292,-1.4344262295081969
step40_dir90,40,56,90,1280.4878048780488,-1.4754098360655739
step40_dir90,40,56,90,1292.6829268292681,-1.5163934426229508
step40_dir90,40,56,90,1304.8780487804877,-1.5163934426229508
step40_dir90,40,56,90,1317.0731707317073,-1.5163934426229508
step40_dir90,40,56,90,1329.2682926829268,-1.5163934426229508
step40_dir90,40,56,90,1341.4634146341464,-1.5163934426229508
step40_dir90,40,56,90,1353.6585365853657,-1.5163934426229508
step40_dir90,40,56,90,1365.8536585365853,-1.5163934426229508
step40_dir90,40,56,90,1378.0487804878048,-1.5163934426229508
step40_dir90,40,56,90,1390.2439024390244,-1.4754098360655739
step40_dir90,40,56,90,1402.4390243902437,-1.4344262295081969
step40_dir90,40,56,90,1414.6341463414633,-1.3114754098360657
step40_dir90,40,56,90,1426.8292682926829,-1.2295081967213115
step40_dir90,40,56,90,1439.0243902439024,-1.1885245901639345
step40_dir90,40,56,90,1451.219512195122,-1.1065573770491803
step40_dir90,40,56,90,1463.4146341463413,-1.1065573770491803
step40_dir90,40,56,90,1475.6097560975609,-1.1065573770491803
step40_dir90,40,56,90,1487.8048780487804,-1.1065573770491803
step40_dir90,40,56,90,1500.0,-1.1065573770491803
step40_dir90,40,56,90,1512.1951219512196,-1.1065573770491803
step40_dir90,40,56,90,1524.390243902439,-1.1065573770491803
step40_dir90,40,56,90,1536.5853658536585,-1.1065573770491803
step40_dir135,40,56,135,0.0,0.0
step40_dir135,40,56,135,12.195121951219512,0.0
step40_dir135,40,56,135,24.390243902439025,-0.04098360655737705
step40_dir135,40,56,135,36.58536585365854,-0.08196721311475409
step40_dir135,40,56,135,48.78048780487805,-0.08196721311475409
step40_dir135,40,56,135,60.97560975609756,-0.08196721311475409
step40_dir135,40,56,135,73.17073170731707,-0.08196721311475409
step40_dir135,40,56,135,85.36585365853658,0.0
step40_dir135,40,56,135,97.5609756097561,0.1639344262295082
step40_dir135,40,56,135,109.7560975609756,0.20491803278688525
step40_dir135,40,56,135,121.95121951219512,0.24590163934426232
step40_dir135,40,56,135,134.14634146341461,0.2868852459016394
step40_dir135,40,56,135,146.34146341463415,0.2868852459016394
step40_dir135,40,56,135,158.53658536585365,0.2868852459016394
step40_dir135,40,56,135,170.73170731707316,0.2868852459016394
step40_dir135,40,56,135,182.92682926829266,0.24590163934426232
step40_dir135,40,56,135,195.1219512195122,0.20491803278688525
step40_dir135,40,56,135,207.3170731707317,0.20491803278688525
step40_dir135,40,56,135,219.5121951219512,0.12295081967213116
step40_dir135,40,56,135,231.7073170731707,0.12295081967213116
step40_dir135,40,56,135,243.90243902439025,0.0819672131147541
step40_dir135,40,56,135,256.0975609756097,0.0
step40_dir135,40,56,135,268.29268292682923,-0.04098360655737705
step40_dir135,40,56,135,280.4878048780488,-0.04098360655737705
step40_dir135,40,56,135,292.6829268292683,-0.04098360655737705
step40_dir135,40,56,135,304.8780487804878,0.0
step40_dir135,40,56,135,317.0731707317073,0.0819672131147541
step40_dir135,40,56,135,329.2682926829268,0.12295081967213116
step40_dir135,40,56,135,341.4634146341463,0.12295081967213116
step40_dir135,40,56,135,353.6585365853658,0.12295081967213116
step40_dir135,40,56,135,365.8536585365853,0.12295081967213116
step40_dir135,40,56,135,378.0487804878049,0.12295081967213116
step40_dir135,40,56,135,390.2439024390244,0.12295081967213116
step40_dir135,40,56,135,402.4390243902439,0.12295081967213116
step40_dir135,40,56,135,414.6341463414634,0.12295081967213116
step40_dir135,40,56,135,426.8292682926829,0.12295081967213116
step40_dir135,40,56,135,439.0243902439024,0.1639344262295082
step40_dir135,40,56,135,451.2195121951219,0.20491803278688525
step40_dir135,40,56,135,463.4146341463414,0.2868852459016394
step40_dir135,40,56,135,475.60975609756093,0.2868852459016394
step40_dir135,40,56,135,487.8048780487805,0.2868852459016394
step40_dir135,40,56,135,500.0,0.3278688524590164
step40_dir135,40,56,135,512.1951219512194,0.40983606557377056
step40_dir135,40,56,135,524.390243902439,0.40983606557377056
step40_dir135,40,56,135,536.5853658536585,0.4508196721311476
step40_dir135,40,56,135,548.780487804878,0.5737704918032787
step40_dir135,40,56,135,560.9756097560976,0.6967213114754099
step40_dir135,40,56,135,573.170731707317,0.819672131147541
step40_dir135,40,56,135,585.3658536585366,1.0245901639344261
step40_dir135,40,56,135,597.560975609756,1.4344262295081969
step40_dir135,40,56,135,609.7560975609756,1.639344262295082
step40_dir135,40,56,135,621.951219512195,2.2131147540983607
step40_dir135,40,56,135,634.1463414634146,2.540983606557377
step40_dir135,40,56,135,646.3414634146341,3.5655737704918034
step40_dir135,40,56,135,658.5365853658536,3.8934426229508197
step40_dir135,40,56,135,670.7317073170732,4.8770491803278695
step40_dir135,40,56,135,682.9268292682926,5.450819672131148
step40_dir135,40,56,135,695.1219512195122,6.39344262295082
step40_dir135,40,56,135,707.3170731707316,6.885245901639345
step40_dir135,40,56,135,719.5121951219512,7.827868852459017
step40_dir135,40,56,135,731.7073170731707,8.19672131147541
step40_dir135,40,56,135,743.9024390243902,8.852459016393443
step40_dir135,40,56,135,756.0975609756098,9.467213114754099
step40_dir135,40,56,135,768.2926829268292,9.754098360655737
step40_dir135,40,56,135,780.4878048780488,9.87704918032787
step40_dir135,40,56,135,792.6829268292682,10.040983606557377
step40_dir135,40,56,135,804.8780487804878,10.040983606557377
step40_dir135,40,56,135,817.0731707317073,10.040983606557377
step40_dir135,40,56,135,829.2682926829268,10.040983606557377
step40_dir135,40,56,135,841.4634146341463,9.754098360655737
step40_dir135,40,56,135,853.6585365853658,9.549180327868852
step40_dir135,40,56,135,865.8536585365854,8.975409836065573
step40_dir135,40,56,135,878.0487804878048,8.442622950819672
step40_dir135,40,56,135,890.2439024390244,7.78688524590164
step40_dir135,40,56,135,902.4390243902438,7.172131147540984
step40_dir135,40,56,135,914.6341463414634,6.4344262295081975
step40_dir135,40,56,135,926.8292682926829,5.942622950819673
step40_dir135,40,56,135,939.0243902439024,5.450819672131148
step40_dir135,40,56,135,951.2195121951219,4.836065573770492
step40_dir135,40,56,135,963.4146341463414,4.221311475409837
step40_dir135,40,56,135,975.609756097561,3.6885245901639343
step40_dir135,40,56,135,987.8048780487804,3.237704918032787
step40_dir135,40,56,135,1000.0,2.7049180327868854
step40_dir135,40,56,135,1012.1951219512194,2.3360655737704916
step40_dir135,40,56,135,1024.390243902439,1.8442622950819674
step40_dir135,40,56,135,1036.5853658536585,1.598360655737705
step40_dir135,40,56,135,1048.780487804878,1.2295081967213115
step40_dir135,40,56,135,1060.9756097560976,0.8606557377049181
step40_dir135,40,56,135,1073.170731707317,0.5737704918032787
step40_dir135,40,56,135,1085.3658536585365,0.49180327868852464
step40_dir135,40,56,135,1097.560975609756,0.1639344262295082
step40_dir135,40,56,135,1109.7560975609756,0.04098360655737705
step40_dir135,40,56,135,1121.9512195121952,-0.08196721311475409
step40_dir135,40,56,135,1134.1463414634145,-0.12295081967213116
step40_dir135,40,56,135,1146.341463414634,-0.20491803278688525
step40_dir135,40,56,135,1158.5365853658536,-0.28688524590163933
step40_dir135,40,56,135,1170.7317073170732,-0.32786885245901637
step40_dir135,40,56,135,1182.9268292682925,-0.4508196721311476
step40_dir135,40,56,135,1195.121951219512,-0.4918032786885246
step40_dir135,40,56,135,1207.3170731707316,-0.6147540983606558
step40_dir135,40,56,135,1219.5121951219512,-0.6557377049180328
step40_dir135,40,56,135,1231.7073170731708,-0.6967213114754098
step40_dir135,40,56,135,1243.90243902439,-0.7786885245901639
step40_dir135,40,56,135,1256.0975609756097,-0.8606557377049181
step40_dir135,40,56,135,1268.2926829268292,-0.8606557377049181
step40_dir135,40,56,135,1280.4878048780488,-0.8606557377049181
step40_dir135,40,56,135,1292.6829268292681,-0.8606557377049181
step40_dir135,40,56,135,1304.8780487804877,-0.819672131147541
step40_dir135,40,56,135,1317.0731707317073,-0.7377049180327869
step40_dir135,40,56,135,1329.2682926829268,-0.7377049180327869
step40_dir135,40,56,135,1341.4634146341464,-0.7377049180327869
step40_dir135,40,56,135,1353.6585365853657,-0.819672131147541
step40_dir135,40,56,135,1365.8536585365853,-0.8606557377049181
step40_dir135,40,56,135,1378.0487804878048,-0.8606557377049181
step40_dir135,40,56,135,1390.2439024390244,-0.8606557377049181
step40_dir135,40,56,135,1402.4390243902437,-0.8606557377049181
step40_dir135,40,56,135,1414.6341463414633,-0.8606557377049181
step40_dir135,40,56,135,1426.8292682926829,-0.8606557377049181
step40_dir135,40,56,135,1439.0243902439024,-0.8606557377049181
step40_dir135,40,56,135,1451.219512195122,-0.8606557377049181
step40_dir135,40,56,135,1463.4146341463413,-0.8606557377049181
step40_dir135,40,56,135,1475.6097560975609,-0.7786885245901639
step40_dir135,40,56,135,1487.8048780487804,-0.6967213114754098
step40_dir135,40,56,135,1500.0,-0.6967213114754098
step40_dir135,40,56,135,1512.1951219512196,-0.6967213114754098
step40_dir135,40,56,135,1524.390243902439,-0.6967213114754098
step40_dir180,40,56,180,0.0,0.0
step40_dir180,40,56,180,12.195121951219512,0.0
step40_dir180,40,56,180,24.390243902439025,0.040983606557377095
step40_dir180,40,56,180,36.58536585365854,0.040983606557377095
step40_dir180,40,56,180,48.78048780487805,0.12295081967213117
step40_dir180,40,56,180,60.97560975609756,0.1639344262295082
step40_dir180,40,56,180,73.17073170731707,0.1639344262295082
step40_dir180,40,56,180,85.36585365853658,0.1639344262295082
step40_dir180,40,56,180,97.5609756097561,0.1639344262295082
step40_dir180,40,56,180,109.7560975609756,0.12295081967213117
step40_dir180,40,56,180,121.95121951219512,0.12295081967213117
step40_dir180,40,56,180,134.14634146341461,0.12295081967213117
step40_dir180,40,56,180,146.34146341463415,0.12295081967213117
step40_dir180,40,56,180,158.53658536585365,0.1639344262295082
step40_dir180,40,56,180,170.73170731707316,0.1639344262295082
step40_dir180,40,56,180,182.92682926829266,0.1639344262295082
step40_dir180,40,56,180,195.1219512195122,0.2868852459016394
step40_dir180,40,56,180,207.3170731707317,0.3278688524590164
step40_dir180,40,56,180,219.5121951219512,0.3278688524590164
step40_dir180,40,56,180,231.7073170731707,0.3278688524590164
step40_dir180,40,56,180,243.90243902439025,0.4098360655737705
step40_dir180,40,56,180,256.0975609756097,0.4508196721311476
step40_dir180,40,56,180,268.29268292682923,0.5327868852459017
step40_dir180,40,56,180,280.4878048780488,0.5737704918032788
step40_dir180,40,56,180,292.6829268292683,0.6147540983606558
step40_dir180,40,56,180,304.8780487804878,0.6557377049180328
step40_dir180,40,56,180,317.0731707317073,0.6557377049180328
step40_dir180,40,56,180,329.2682926829268,0.6557377049180328
step40_dir180,40,56,180,341.4634146341463,0.6557377049180328
step40_dir180,40,56,180,353.6585365853658,0.6557377049180328
step40_dir180,40,56,180,365.8536585365853,0.6557377049180328
step40_dir180,40,56,180,378.0487804878049,0.6557377049180328
step40_dir180,40,56,180,390.2439024390244,0.6557377049180328
step40_dir180,40,56,180,402.4390243902439,0.6557377049180328
step40_dir180,40,56,180,414.6341463414634,0.6557377049180328
step40_dir180,40,56,180,426.8292682926829,0.6557377049180328
step40_dir180,40,56,180,439.0243902439024,0.6147540983606558
step40_dir180,40,56,180,451.2195121951219,0.5737704918032788
step40_dir180,40,56,180,463.4146341463414,0.5737704918032788
step40_dir180,40,56,180,475.60975609756093,0.5737704918032788
step40_dir180,40,56,180,487.8048780487805,0.6147540983606558
step40_dir180,40,56,180,500.0,0.6557377049180328
step40_dir180,40,56,180,512.1951219512194,0.6967213114754099
step40_dir180,40,56,180,524.390243902439,0.778688524590164
step40_dir180,40,56,180,536.5853658536585,0.778688524590164
step40_dir180,40,56,180,548.780487804878,0.778688524590164
step40_dir180,40,56,180,560.9756097560976,0.778688524590164
step40_dir180,40,56,180,573.170731707317,0.778688524590164
step40_dir180,40,56,180,585.3658536585366,0.819672131147541
step40_dir180,40,56,180,597.560975609756,0.9016393442622952
step40_dir180,40,56,180,609.7560975609756,1.0655737704918034
step40_dir180,40,56,180,621.951219512195,1.2295081967213117
step40_dir180,40,56,180,634.1463414634146,1.3934426229508197
step40_dir180,40,56,180,646.3414634146341,1.7213114754098362
step40_dir180,40,56,180,658.5365853658536,2.1721311475409837
step40_dir180,40,56,180,670.7317073170732,2.7049180327868854
step40_dir180,40,56,180,682.9268292682926,2.9918032786885247
step40_dir180,40,56,180,695.1219512195122,3.7295081967213113
step40_dir180,40,56,180,707.3170731707316,4.262295081967213
step40_dir180,40,56,180,719.5121951219512,5.040983606557377
step40_dir180,40,56,180,731.7073170731707,5.491803278688525
step40_dir180,40,56,180,743.9024390243902,6.065573770491803
step40_dir180,40,56,180,756.0975609756098,6.39344262295082
step40_dir180,40,56,180,768.2926829268292,7.008196721311475
step40_dir180,40,56,180,780.4878048780488,7.172131147540984
step40_dir180,40,56,180,792.6829268292682,7.581967213114754
step40_dir180,40,56,180,804.8780487804878,7.786885245901639
step40_dir180,40,56,180,817.0731707317073,7.786885245901639
step40_dir180,40,56,180,829.2682926829268,7.786885245901639
step40_dir180,40,56,180,841.4634146341463,7.663934426229509
step40_dir180,40,56,180,853.6585365853658,7.418032786885246
step40_dir180,40,56,180,865.8536585365854,7.09016393442623
step40_dir180,40,56,180,878.0487804878048,6.721311475409836
step40_dir180,40,56,180,890.2439024390244,5.983606557377049
step40_dir180,40,56,180,902.4390243902438,5.737704918032787
step40_dir180,40,56,180,914.6341463414634,5.163934426229508
step40_dir180,40,56,180,926.8292682926829,4.754098360655738
step40_dir180,40,56,180,939.0243902439024,4.303278688524591
step40_dir180,40,56,180,951.2195121951219,3.9344262295081966
step40_dir180,40,56,180,963.4146341463414,3.4836065573770494
step40_dir180,40,56,180,975.609756097561,3.2377049180327875
step40_dir180,40,56,180,987.8048780487804,2.8688524590163933
step40_dir180,40,56,180,1000.0,2.581967213114754
step40_dir180,40,56,180,1012.1951219512194,2.377049180327869
step40_dir180,40,56,180,1024.390243902439,2.1721311475409837
step40_dir180,40,56,180,1036.5853658536585,1.9262295081967213
step40_dir180,40,56,180,1048.780487804878,1.8442622950819674
step40_dir180,40,56,180,1060.9756097560976,1.6803278688524592
step40_dir180,40,56,180,1073.170731707317,1.4754098360655739
step40_dir180,40,56,180,1085.3658536585365,1.3524590163934427
step40_dir180,40,56,180,1097.560975609756,1.2704918032786887
step40_dir180,40,56,180,1109.7560975609756,1.0655737704918034
step40_dir180,40,56,180,1121.9512195121952,0.9426229508196722
step40_dir180,40,56,180,1134.1463414634145,0.819672131147541
step40_dir180,40,56,180,1146.341463414634,0.6967213114754099
step40_dir180,40,56,180,1158.5365853658536,0.6967213114754099
step40_dir180,40,56,180,1170.7317073170732,0.6557377049180328
step40_dir180,40,56,180,1182.9268292682925,0.6557377049180328
step40_dir180,40,56,180,1195.121951219512,0.6557377049180328
step40_dir180,40,56,180,1207.3170731707316,0.5737704918032788
step40_dir180,40,56,180,1219.5121951219512,0.5327868852459017
step40_dir180,40,56,180,1231.7073170731708,0.4508196721311476
step40_dir180,40,56,180,1243.90243902439,0.4508196721311476
step40_dir180,40,56,180,1256.0975609756097,0.4098360655737705
step40_dir180,40,56,180,1268.2926829268292,0.4098360655737705
step40_dir180,40,56,180,1280.4878048780488,0.4098360655737705
step40_dir180,40,56,180,1292.6829268292681,0.4098360655737705
step40_dir180,40,56,180,1304.8780487804877,0.4098360655737705
step40_dir180,40,56,180,1317.0731707317073,0.49180327868852464
step40_dir180,40,56,180,1329.2682926829268,0.49180327868852464
step40_dir180,40,56,180,1341.4634146341464,0.49180327868852464
step40_dir180,40,56,180,1353.6585365853657,0.4508196721311476
step40_dir180,40,56,180,1365.8536585365853,0.4098360655737705
step40_dir180,40,56,180,1378.0487804878048,0.36885245901639346
step40_dir180,40,56,180,1390.2439024390244,0.3278688524590164
step40_dir180,40,56,180,1402.4390243902437,0.3278688524590164
step40_dir180,40,56,180,1414.6341463414633,0.3278688524590164
step40_dir180,40,56,180,1426.8292682926829,0.3278688524590164
step40_dir180,40,56,180,1439.0243902439024,0.3278688524590164
step40_dir180,40,56,180,1451.219512195122,0.3278688524590164
step40_dir180,40,56,180,1463.4146341463413,0.36885245901639346
step40_dir180,40,56,180,1475.6097560975609,0.36885245901639346
step40_dir180,40,56,180,1487.8048780487804,0.36885245901639346
step40_dir180,40,56,180,1500.0,0.36885245901639346
step40_dir180,40,56,180,1512.1951219512196,0.4098360655737705
step40_dir180,40,56,180,1524.390243902439,0.4098360655737705
step40_dir225,40,56,225,0.0,0.0
step40_dir225,40,56,225,12.195121951219512,0.0
step40_dir225,40,56,225,24.390243902439025,0.0
step40_dir225,40,56,225,36.58536585365854,0.0
step40_dir225,40,56,225,48.78048780487805,0.0
step40_dir225,40,56,225,60.97560975609756,-0.04098360655737704
step40_dir225,40,56,225,73.17073170731707,-0.08196721311475408
step40_dir225,40,56,225,85.36585365853658,-0.08196721311475408
step40_dir225,40,56,225,97.5609756097561,-0.08196721311475408
step40_dir225,40,56,225,109.7560975609756,-0.08196721311475408
step40_dir225,40,56,225,121.95121951219512,0.0
step40_dir225,40,56,225,134.14634146341461,0.04098360655737704
step40_dir225,40,56,225,146.34146341463415,0.04098360655737704
step40_dir225,40,56,225,158.53658536585365,0.0819672131147541
step40_dir225,40,56,225,170.73170731707316,0.12295081967213117
step40_dir225,40,56,225,182.92682926829266,0.12295081967213117
step40_dir225,40,56,225,195.1219512195122,0.1639344262295082
step40_dir225,40,56,225,207.3170731707317,0.1639344262295082
step40_dir225,40,56,225,219.5121951219512,0.1639344262295082
step40_dir225,40,56,225,231.7073170731707,0.20491803278688525
step40_dir225,40,56,225,243.90243902439025,0.20491803278688525
step40_dir225,40,56,225,256.0975609756097,0.20491803278688525
step40_dir225,40,56,225,268.29268292682923,0.20491803278688525
step40_dir225,40,56,225,280.4878048780488,0.20491803278688525
step40_dir225,40,56,225,292.6829268292683,0.20491803278688525
step40_dir225,40,56,225,304.8780487804878,0.20491803278688525
step40_dir225,40,56,225,317.0731707317073,0.2868852459016394
step40_dir225,40,56,225,329.2682926829268,0.3278688524590164
step40_dir225,40,56,225,341.4634146341463,0.3278688524590164
step40_dir225,40,56,225,353.6585365853658,0.3278688524590164
step40_dir225,40,56,225,365.8536585365853,0.3278688524590164
step40_dir225,40,56,225,378.0487804878049,0.3278688524590164
step40_dir225,40,56,225,390.2439024390244,0.3278688524590164
step40_dir225,40,56,225,402.4390243902439,0.3278688524590164
step40_dir225,40,56,225,414.6341463414634,0.36885245901639346
step40_dir225,40,56,225,426.8292682926829,0.4098360655737705
step40_dir225,40,56,225,439.0243902439024,0.4098360655737705
step40_dir225,40,56,225,451.2195121951219,0.4098360655737705
step40_dir225,40,56,225,463.4146341463414,0.3278688524590164
step40_dir225,40,56,225,475.60975609756093,0.3278688524590164
step40_dir225,40,56,225,487.8048780487805,0.3278688524590164
step40_dir225,40,56,225,500.0,0.4098360655737705
step40_dir225,40,56,225,512.1951219512194,0.4508196721311476
step40_dir225,40,56,225,524.390243902439,0.49180327868852464
step40_dir225,40,56,225,536.5853658536585,0.5327868852459017
step40_dir225,40,56,225,548.780487804878,0.5737704918032788
step40_dir225,40,56,225,560.9756097560976,0.6147540983606559
step40_dir225,40,56,225,573.170731707317,0.7377049180327869
step40_dir225,40,56,225,585.3658536585366,0.8606557377049181
step40_dir225,40,56,225,597.560975609756,0.9426229508196722
step40_dir225,40,56,225,609.7560975609756,1.1065573770491803
step40_dir225,40,56,225,621.951219512195,1.2295081967213115
step40_dir225,40,56,225,634.1463414634146,1.598360655737705
step40_dir225,40,56,225,646.3414634146341,1.8852459016393444
step40_dir225,40,56,225,658.5365853658536,2.5
step40_dir225,40,56,225,670.7317073170732,2.9918032786885247
step40_dir225,40,56,225,682.9268292682926,3.6885245901639347
step40_dir225,40,56,225,695.1219512195122,4.262295081967213
step40_dir225,40,56,225,707.3170731707316,4.631147540983608
step40_dir225,40,56,225,719.5121951219512,5.204918032786886
step40_dir225,40,56,225,731.7073170731707,5.491803278688526
step40_dir225,40,56,225,743.9024390243902,5.778688524590165
step40_dir225,40,56,225,756.0975609756098,5.942622950819673
step40_dir225,40,56,225,768.2926829268292,6.188524590163935
step40_dir225,40,56,225,780.4878048780488,6.4344262295081975
step40_dir225,40,56,225,792.6829268292682,6.475409836065574
step40_dir225,40,56,225,804.8780487804878,6.475409836065574
step40_dir225,40,56,225,817.0731707317073,6.475409836065574
step40_dir225,40,56,225,829.2682926829268,6.311475409836066
step40_dir225,40,56,225,841.4634146341463,6.065573770491804
step40_dir225,40,56,225,853.6585365853658,5.8196721311475414
step40_dir225,40,56,225,865.8536585365854,5.5737704918032795
step40_dir225,40,56,225,878.0487804878048,5.28688524590164
step40_dir225,40,56,225,890.2439024390244,4.918032786885247
step40_dir225,40,56,225,902.4390243902438,4.672131147540984
step40_dir225,40,56,225,914.6341463414634,4.180327868852459
step40_dir225,40,56,225,926.8292682926829,3.8934426229508197
step40_dir225,40,56,225,939.0243902439024,3.4836065573770494
step40_dir225,40,56,225,951.2195121951219,3.19672131147541
step40_dir225,40,56,225,963.4146341463414,2.8278688524590163
step40_dir225,40,56,225,975.609756097561,2.6229508196721314
step40_dir225,40,56,225,987.8048780487804,2.2131147540983607
step40_dir225,40,56,225,1000.0,2.0081967213114758
step40_dir225,40,56,225,1012.1951219512194,1.8032786885245904
step40_dir225,40,56,225,1024.390243902439,1.598360655737705
step40_dir225,40,56,225,1036.5853658536585,1.4344262295081966
step40_dir225,40,56,225,1048.780487804878,1.3114754098360657
step40_dir225,40,56,225,1060.9756097560976,1.1475409836065573
step40_dir225,40,56,225,1073.170731707317,1.0655737704918034
step40_dir225,40,56,225,1085.3658536585365,0.9426229508196722
step40_dir225,40,56,225,1097.560975609756,0.8606557377049181
step40_dir225,40,56,225,1109.7560975609756,0.6967213114754098
step40_dir225,40,56,225,1121.9512195121952,0.6147540983606559
step40_dir225,40,56,225,1134.1463414634145,0.5327868852459017
step40_dir225,40,56,225,1146.341463414634,0.49180327868852464
step40_dir225,40,56,225,1158.5365853658536,0.4098360655737705
step40_dir225,40,56,225,1170.7317073170732,0.2868852459016394
step40_dir225,40,56,225,1182.9268292682925,0.24590163934426232
step40_dir225,40,56,225,1195.121951219512,0.24590163934426232
step40_dir225,40,56,225,1207.3170731707316,0.24590163934426232
step40_dir225,40,56,225,1219.5121951219512,0.24590163934426232
step40_dir225,40,56,225,1231.7073170731708,0.24590163934426232
step40_dir225,40,56,225,1243.90243902439,0.20491803278688525
step40_dir225,40,56,225,1256.0975609756097,0.20491803278688525
step40_dir225,40,56,225,1268.2926829268292,0.12295081967213117
step40_dir225,40,56,225,1280.4878048780488,0.0819672131147541
step40_dir225,40,56,225,1292.6829268292681,0.04098360655737704
step40_dir225,40,56,225,1304.8780487804877,-0.08196721311475408
step40_dir225,40,56,225,1317.0731707317073,-0.08196721311475408
step40_dir225,40,56,225,1329.2682926829268,-0.08196721311475408
step40_dir225,40,56,225,1341.4634146341464,-0.08196721311475408
step40_dir225,40,56,225,1353.6585365853657,-0.04098360655737704
step40_dir225,40,56,225,1365.8536585365853,0.04098360655737704
step40_dir225,40,56,225,1378.0487804878048,0.04098360655737704
step40_dir225,40,56,225,1390.2439024390244,0.04098360655737704
step40_dir225,40,56,225,1402.4390243902437,0.0819672131147541
step40_dir225,40,56,225,1414.6341463414633,0.0819672131147541
step40_dir225,40,56,225,1426.8292682926829,0.0819672131147541
step40_dir225,40,56,225,1439.0243902439024,0.0819672131147541
step40_dir225,40,56,225,1451.219512195122,0.0819672131147541
step40_dir225,40,56,225,1463.4146341463413,0.12295081967213117
step40_dir225,40,56,225,1475.6097560975609,0.12295081967213117
step40_dir225,40,56,225,1487.8048780487804,0.1639344262295082
step40_dir225,40,56,225,1500.0,0.1639344262295082
step40_dir225,40,56,225,1512.1951219512196,0.1639344262295082
step40_dir225,40,56,225,1524.390243902439,0.1639344262295082
step40_dir270,40,56,270,0.0,0.0
step40_dir270,40,56,270,12.195121951219512,0.0
step40_dir270,40,56,270,24.390243902439025,0.0
step40_dir270,40,56,270,36.58536585365854,0.0
step40_dir270,40,56,270,48.78048780487805,-0.0819672131147541
step40_dir270,40,56,270,60.97560975609756,-0.0819672131147541
step40_dir270,40,56,270,73.17073170731707,-0.0819672131147541
step40_dir270,40,56,270,85.36585365853658,-0.04098360655737705
step40_dir270,40,56,270,97.5609756097561,0.0
step40_dir270,40,56,270,109.7560975609756,0.0
step40_dir270,40,56,270,121.95121951219512,0.0
step40_dir270,40,56,270,134.14634146341461,0.0
step40_dir270,40,56,270,146.34146341463415,0.0
step40_dir270,40,56,270,158.53658536585365,-0.04098360655737705
step40_dir270,40,56,270,170.73170731707316,-0.04098360655737705
step40_dir270,40,56,270,182.92682926829266,-0.0819672131147541
step40_dir270,40,56,270,195.1219512195122,-0.0819672131147541
step40_dir270,40,56,270,207.3170731707317,-0.0819672131147541
step40_dir270,40,56,270,219.5121951219512,-0.0819672131147541
step40_dir270,40,56,270,231.7073170731707,-0.0819672131147541
step40_dir270,40,56,270,243.90243902439025,-0.0819672131147541
step40_dir270,40,56,270,256.0975609756097,-0.04098360655737705
step40_dir270,40,56,270,268.29268292682923,0.04098360655737705
step40_dir270,40,56,270,280.4878048780488,0.0819672131147541
step40_dir270,40,56,270,292.6829268292683,0.0819672131147541
step40_dir270,40,56,270,304.8780487804878,0.1639344262295082
step40_dir270,40,56,270,317.0731707317073,0.1639344262295082
step40_dir270,40,56,270,329.2682926829268,0.1639344262295082
step40_dir270,40,56,270,341.4634146341463,0.12295081967213116
step40_dir270,40,56,270,353.6585365853658,0.0819672131147541
step40_dir270,40,56,270,365.8536585365853,0.0819672131147541
step40_dir270,40,56,270,378.0487804878049,0.0819672131147541
step40_dir270,40,56,270,390.2439024390244,0.0819672131147541
step40_dir270,40,56,270,402.4390243902439,0.0819672131147541
step40_dir270,40,56,270,414.6341463414634,0.0819672131147541
step40_dir270,40,56,270,426.8292682926829,0.0819672131147541
step40_dir270,40,56,270,439.0243902439024,0.04098360655737705
step40_dir270,40,56,270,451.2195121951219,0.04098360655737705
step40_dir270,40,56,270,463.4146341463414,0.04098360655737705
step40_dir270,40,56,270,475.60975609756093,0.04098360655737705
step40_dir270,40,56,270,487.8048780487805,0.04098360655737705
step40_dir270,40,56,270,500.0,0.0819672131147541
step40_dir270,40,56,270,512.1951219512194,0.12295081967213116
step40_dir270,40,56,270,524.390243902439,0.20491803278688525
step40_dir270,40,56,270,536.5853658536585,0.28688524590163933
step40_dir270,40,56,270,548.780487804878,0.3688524590163935
step40_dir270,40,56,270,560.9756097560976,0.4918032786885246
step40_dir270,40,56,270,573.170731707317,0.5737704918032788
step40_dir270,40,56,270,585.3658536585366,0.6557377049180328
step40_dir270,40,56,270,597.560975609756,0.7377049180327869
step40_dir270,40,56,270,609.7560975609756,0.819672131147541
step40_dir270,40,56,270,621.951219512195,1.1475409836065575
step40_dir270,40,56,270,634.1463414634146,1.2704918032786887
step40_dir270,40,56,270,646.3414634146341,1.7213114754098362
step40_dir270,40,56,270,658.5365853658536,2.0901639344262293
step40_dir270,40,56,270,670.7317073170732,2.2540983606557377
step40_dir270,40,56,270,682.9268292682926,2.6639344262295084
step40_dir270,40,56,270,695.1219512195122,3.1147540983606556
step40_dir270,40,56,270,707.3170731707316,3.278688524590164
step40_dir270,40,56,270,719.5121951219512,3.6475409836065573
step40_dir270,40,56,270,731.7073170731707,4.221311475409836
step40_dir270,40,56,270,743.9024390243902,4.508196721311475
step40_dir270,40,56,270,756.0975609756098,4.754098360655738
step40_dir270,40,56,270,768.2926829268292,4.877049180327869
step40_dir270,40,56,270,780.4878048780488,4.877049180327869
step40_dir270,40,56,270,792.6829268292682,4.877049180327869
step40_dir270,40,56,270,804.8780487804878,4.877049180327869
step40_dir270,40,56,270,817.0731707317073,4.713114754098361
step40_dir270,40,56,270,829.2682926829268,4.426229508196721
step40_dir270,40,56,270,841.4634146341463,4.180327868852459
step40_dir270,40,56,270,853.6585365853658,3.9344262295081966
step40_dir270,40,56,270,865.8536585365854,3.7704918032786887
step40_dir270,40,56,270,878.0487804878048,3.4836065573770494
step40_dir270,40,56,270,890.2439024390244,3.19672131147541
step40_dir270,40,56,270,902.4390243902438,2.9918032786885247
step40_dir270,40,56,270,914.6341463414634,2.9508196721311477
step40_dir270,40,56,270,926.8292682926829,2.7049180327868854
step40_dir270,40,56,270,939.0243902439024,2.581967213114754
step40_dir270,40,56,270,951.2195121951219,2.418032786885246
step40_dir270,40,56,270,963.4146341463414,2.2950819672131146
step40_dir270,40,56,270,975.609756097561,2.2131147540983607
step40_dir270,40,56,270,987.8048780487804,2.0901639344262293
step40_dir270,40,56,270,1000.0,1.8852459016393444
step40_dir270,40,56,270,1012.1951219512194,1.7213114754098362
step40_dir270,40,56,270,1024.390243902439,1.557377049180328
step40_dir270,40,56,270,1036.5853658536585,1.4344262295081969
step40_dir270,40,56,270,1048.780487804878,1.2295081967213117
step40_dir270,40,56,270,1060.9756097560976,1.1475409836065575
step40_dir270,40,56,270,1073.170731707317,0.9836065573770492
step40_dir270,40,56,270,1085.3658536585365,0.9016393442622951
step40_dir270,40,56,270,1097.560975609756,0.819672131147541
step40_dir270,40,56,270,1109.7560975609756,0.6967213114754098
step40_dir270,40,56,270,1121.9512195121952,0.5737704918032788
step40_dir270,40,56,270,1134.1463414634145,0.4918032786885246
step40_dir270,40,56,270,1146.341463414634,0.3688524590163935
step40_dir270,40,56,270,1158.5365853658536,0.3278688524590164
step40_dir270,40,56,270,1170.7317073170732,0.24590163934426232
step40_dir270,40,56,270,1182.9268292682925,0.20491803278688525
step40_dir270,40,56,270,1195.121951219512,0.12295081967213116
step40_dir270,40,56,270,1207.3170731707316,0.12295081967213116
step40_dir270,40,56,270,1219.5121951219512,0.04098360655737705
step40_dir270,40,56,270,1231.7073170731708,0.0
step40_dir270,40,56,270,1243.90243902439,-0.04098360655737705
step40_dir270,40,56,270,1256.0975609756097,-0.12295081967213115
step40_dir270,40,56,270,1268.2926829268292,-0.12295081967213115
step40_dir270,40,56,270,1280.4878048780488,-0.1639344262295082
step40_dir270,40,56,270,1292.6829268292681,-0.20491803278688528
step40_dir270,40,56,270,1304.8780487804877,-0.20491803278688528
step40_dir270,40,56,270,1317.0731707317073,-0.20491803278688528
step40_dir270,40,56,270,1329.2682926829268,-0.20491803278688528
step40_dir270,40,56,270,1341.4634146341464,-0.1639344262295082
step40_dir270,40,56,270,1353.6585365853657,-0.12295081967213115
step40_dir270,40,56,270,1365.8536585365853,-0.12295081967213115
step40_dir270,40,56,270,1378.0487804878048,-0.12295081967213115
step40_dir270,40,56,270,1390.2439024390244,-0.12295081967213115
step40_dir270,40,56,270,1402.4390243902437,-0.12295081967213115
step40_dir270,40,56,270,1414.6341463414633,-0.12295081967213115
step40_dir270,40,56,270,1426.8292682926829,-0.0819672131147541
step40_dir270,40,56,270,1439.0243902439024,-0.0819672131147541
step40_dir270,40,56,270,1451.219512195122,-0.0819672131147541
step40_dir270,40,56,270,1463.4146341463413,-0.1639344262295082
step40_dir270,40,56,270,1475.6097560975609,-0.24590163934426232
step40_dir270,40,56,270,1487.8048780487804,-0.3278688524590164
step40_dir270,40,56,270,1500.0,-0.4098360655737705
step40_dir270,40,56,270,1512.1951219512196,-0.4508196721311476
step40_dir270,40,56,270,1524.390243902439,-0.4508196721311476
step40_dir270,40,56,270,1536.5853658536585,-0.4508196721311476
step20_dir315,20,112,315,0.0,0.0
step20_dir315,20,112,315,12.195121951219512,0.0
step20_dir315,20,112,315,24.390243902439025,0.0
step20_dir315,20,112,315,36.58536585365854,0.0
step20_dir315,20,112,315,48.78048780487805,0.0
step20_dir315,20,112,315,60.97560975609756,-0.04098360655737705
step20_dir315,20,112,315,73.17073170731707,-0.04098360655737705
step20_dir315,20,112,315,85.36585365853658,-0.04098360655737705
step20_dir315,20,112,315,97.5609756097561,-0.04098360655737705
step20_dir315,20,112,315,109.7560975609756,-0.0819672131147541
step20_dir315,20,112,315,121.95121951219512,-0.20491803278688525
step20_dir315,20,112,315,134.14634146341461,-0.20491803278688525
step20_dir315,20,112,315,146.34146341463415,-0.20491803278688525
step20_dir315,20,112,315,158.53658536585365,-0.12295081967213116
step20_dir315,20,112,315,170.73170731707316,-0.0819672131147541
step20_dir315,20,112,315,182.92682926829266,0.04098360655737705
step20_dir315,20,112,315,195.1219512195122,0.0819672131147541
step20_dir315,20,112,315,207.3170731707317,0.12295081967213116
step20_dir315,20,112,315,219.5121951219512,0.1639344262295082
step20_dir315,20,112,315,231.7073170731707,0.1639344262295082
step20_dir315,20,112,315,243.90243902439025,0.1639344262295082
step20_dir315,20,112,315,256.0975609756097,0.1639344262295082
step20_dir315,20,112,315,268.29268292682923,0.12295081967213116
step20_dir315,20,112,315,280.4878048780488,0.04098360655737705
step20_dir315,20,112,315,292.6829268292683,0.04098360655737705
step20_dir315,20,112,315,304.8780487804878,-0.04098360655737705
step20_dir315,20,112,315,317.0731707317073,-0.04098360655737705
step20_dir315,20,112,315,329.2682926829268,-0.0819672131147541
step20_dir315,20,112,315,341.4634146341463,-0.0819672131147541
step20_dir315,20,112,315,353.6585365853658,-0.0819672131147541
step20_dir315,20,112,315,365.8536585365853,0.0
step20_dir315,20,112,315,378.0487804878049,0.04098360655737705
step20_dir315,20,112,315,390.2439024390244,0.12295081967213116
step20_dir315,20,112,315,402.4390243902439,0.1639344262295082
step20_dir315,20,112,315,414.6341463414634,0.1639344262295082
step20_dir315,20,112,315,426.8292682926829,0.1639344262295082
step20_dir315,20,112,315,439.0243902439024,0.12295081967213116
step20_dir315,20,112,315,451.2195121951219,0.0
step20_dir315,20,112,315,463.4146341463414,-0.04098360655737705
step20_dir315,20,112,315,475.60975609756093,-0.12295081967213116
step20_dir315,20,112,315,487.8048780487805,-0.20491803278688525
step20_dir315,20,112,315,500.0,-0.20491803278688525
step20_dir315,20,112,315,512.1951219512194,-0.20491803278688525
step20_dir315,20,112,315,524.390243902439,-0.20491803278688525
step20_dir315,20,112,315,536.5853658536585,-0.12295081967213116
step20_dir315,20,112,315,548.780487804878,0.2868852459016394
step20_dir315,20,112,315,560.9756097560976,0.6147540983606559
step20_dir315,20,112,315,573.170731707317,1.1885245901639345
step20_dir315,20,112,315,585.3658536585366,1.9262295081967213
step20_dir315,20,112,315,597.560975609756,2.9918032786885247
step20_dir315,20,112,315,609.7560975609756,3.5245901639344264
step20_dir315,20,112,315,621.951219512195,4.385245901639345
step20_dir315,20,112,315,634.1463414634146,5.327868852459017
step20_dir315,20,112,315,646.3414634146341,5.7377049180327875
step20_dir315,20,112,315,658.5365853658536,5.7377049180327875
step20_dir315,20,112,315,670.7317073170732,5.7377049180327875
step20_dir315,20,112,315,682.9268292682926,5.6557377049180335
step20_dir315,20,112,315,695.1219512195122,5.28688524590164
step20_dir315,20,112,315,707.3170731707316,4.9590163934426235
step20_dir315,20,112,315,719.5121951219512,4.385245901639345
step20_dir315,20,112,315,731.7073170731707,3.7704918032786887
step20_dir315,20,112,315,743.9024390243902,3.319672131147541
step20_dir315,20,112,315,756.0975609756098,2.8278688524590163
step20_dir315,20,112,315,768.2926829268292,2.377049180327869
step20_dir315,20,112,315,780.4878048780488,1.9262295081967213
step20_dir315,20,112,315,792.6829268292682,1.7213114754098362
step20_dir315,20,112,315,804.8780487804878,1.3524590163934427
step20_dir315,20,112,315,817.0731707317073,1.0655737704918034
step20_dir315,20,112,315,829.2682926829268,0.8606557377049181
step20_dir315,20,112,315,841.4634146341463,0.6557377049180328
step20_dir315,20,112,315,853.6585365853658,0.45081967213114754
step20_dir315,20,112,315,865.8536585365854,0.2868852459016394
step20_dir315,20,112,315,878.0487804878048,0.0819672131147541
step20_dir315,20,112,315,890.2439024390244,0.0
step20_dir315,20,112,315,902.4390243902438,-0.12295081967213116
step20_dir315,20,112,315,914.6341463414634,-0.20491803278688525
step20_dir315,20,112,315,926.8292682926829,-0.24590163934426235
step20_dir315,20,112,315,939.0243902439024,-0.24590163934426235
step20_dir315,20,112,315,951.2195121951219,-0.24590163934426235
step20_dir315,20,112,315,963.4146341463414,-0.24590163934426235
step20_dir315,20,112,315,975.609756097561,-0.24590163934426235
step20_dir315,20,112,315,987.8048780487804,-0.24590163934426235
step20_dir315,20,112,315,1000.0,-0.24590163934426235
step20_dir315,20,112,315,1012.1951219512194,-0.24590163934426235
step20_dir315,20,112,315,1024.390243902439,-0.3278688524590164
step20_dir315,20,112,315,1036.5853658536585,-0.36885245901639346
step20_dir315,20,112,315,1048.780487804878,-0.36885245901639346
step20_dir315,20,112,315,1060.9756097560976,-0.36885245901639346
step20_dir315,20,112,315,1073.170731707317,-0.4098360655737705
step20_dir315,20,112,315,1085.3658536585365,-0.4098360655737705
step20_dir315,20,112,315,1097.560975609756,-0.4508196721311476
step20_dir315,20,112,315,1109.7560975609756,-0.49180327868852464
step20_dir315,20,112,315,1121.9512195121952,-0.5327868852459017
step20_dir315,20,112,315,1134.1463414634145,-0.5737704918032787
step20_dir315,20,112,315,1146.341463414634,-0.6147540983606558
step20_dir315,20,112,315,1158.5365853658536,-0.6147540983606558
step20_dir315,20,112,315,1170.7317073170732,-0.6557377049180327
step20_dir315,20,112,315,1182.9268292682925,-0.6557377049180327
step20_dir315,20,112,315,1195.121951219512,-0.6557377049180327
step20_dir315,20,112,315,1207.3170731707316,-0.6557377049180327
step20_dir315,20,112,315,1219.5121951219512,-0.6557377049180327
step20_dir315,20,112,315,1231.7073170731708,-0.5737704918032787
step20_dir315,20,112,315,1243.90243902439,-0.5737704918032787
step20_dir315,20,112,315,1256.0975609756097,-0.4508196721311476
step20_dir315,20,112,315,1268.2926829268292,-0.4508196721311476
step20_dir315,20,112,315,1280.4878048780488,-0.4508196721311476
step20_dir315,20,112,315,1292.6829268292681,-0.4098360655737705
step20_dir0,20,112,0,0.0,0.0
step20_dir0,20,112,0,12.195121951219512,0.0
step20_dir0,20,112,0,24.390243902439025,-0.040983606557376984
step20_dir0,20,112,0,36.58536585365854,-0.040983606557376984
step20_dir0,20,112,0,48.78048780487805,-0.040983606557376984
step20_dir0,20,112,0,60.97560975609756,-0.040983606557376984
step20_dir0,20,112,0,73.17073170731707,0.0
step20_dir0,20,112,0,85.36585365853658,0.0
step20_dir0,20,112,0,97.5609756097561,0.0
step20_dir0,20,112,0,109.7560975609756,0.0
step20_dir0,20,112,0,121.95121951219512,-0.040983606557376984
step20_dir0,20,112,0,134.14634146341461,-0.040983606557376984
step20_dir0,20,112,0,146.34146341463415,-0.040983606557376984
step20_dir0,20,112,0,158.53658536585365,0.040983606557377095
step20_dir0,20,112,0,170.73170731707316,0.12295081967213123
step20_dir0,20,112,0,182.92682926829266,0.16393442622950827
step20_dir0,20,112,0,195.1219512195122,0.24590163934426235
step20_dir0,20,112,0,207.3170731707317,0.2868852459016394
step20_dir0,20,112,0,219.5121951219512,0.40983606557377056
step20_dir0,20,112,0,231.7073170731707,0.4508196721311476
step20_dir0,20,112,0,243.90243902439025,0.4508196721311476
step20_dir0,20,112,0,256.0975609756097,0.5327868852459017
step20_dir0,20,112,0,268.29268292682923,0.5327868852459017
step20_dir0,20,112,0,280.4878048780488,0.5327868852459017
step20_dir0,20,112,0,292.6829268292683,0.5327868852459017
step20_dir0,20,112,0,304.8780487804878,0.5327868852459017
step20_dir0,20,112,0,317.0731707317073,0.5327868852459017
step20_dir0,20,112,0,329.2682926829268,0.5327868852459017
step20_dir0,20,112,0,341.4634146341463,0.5327868852459017
step20_dir0,20,112,0,353.6585365853658,0.5327868852459017
step20_dir0,20,112,0,365.8536585365853,0.5327868852459017
step20_dir0,20,112,0,378.0487804878049,0.5327868852459017
step20_dir0,20,112,0,390.2439024390244,0.5737704918032788
step20_dir0,20,112,0,402.4390243902439,0.6557377049180328
step20_dir0,20,112,0,414.6341463414634,0.6967213114754099
step20_dir0,20,112,0,426.8292682926829,0.6967213114754099
step20_dir0,20,112,0,439.0243902439024,0.6967213114754099
step20_dir0,20,112,0,451.2195121951219,0.6967213114754099
step20_dir0,20,112,0,463.4146341463414,0.6967213114754099
step20_dir0,20,112,0,475.60975609756093,0.737704918032787
step20_dir0,20,112,0,487.8048780487805,0.8196721311475411
step20_dir0,20,112,0,500.0,0.9426229508196722
step20_dir0,20,112,0,512.1951219512194,0.9426229508196722
step20_dir0,20,112,0,524.390243902439,1.0245901639344264
step20_dir0,20,112,0,536.5853658536585,1.3114754098360657
step20_dir0,20,112,0,548.780487804878,1.4344262295081969
step20_dir0,20,112,0,560.9756097560976,1.8032786885245904
step20_dir0,20,112,0,573.170731707317,2.295081967213115
step20_dir0,20,112,0,585.3658536585366,3.0327868852459017
step20_dir0,20,112,0,597.560975609756,3.4836065573770494
step20_dir0,20,112,0,609.7560975609756,4.0983606557377055
step20_dir0,20,112,0,621.951219512195,4.918032786885246
step20_dir0,20,112,0,634.1463414634146,5.450819672131148
step20_dir0,20,112,0,646.3414634146341,5.983606557377049
step20_dir0,20,112,0,658.5365853658536,6.352459016393443
step20_dir0,20,112,0,670.7317073170732,6.434426229508197
step20_dir0,20,112,0,682.9268292682926,6.434426229508197
step20_dir0,20,112,0,695.1219512195122,6.434426229508197
step20_dir0,20,112,0,707.3170731707316,6.270491803278689
step20_dir0,20,112,0,719.5121951219512,5.614754098360656
step20_dir0,20,112,0,731.7073170731707,5.204918032786885
step20_dir0,20,112,0,743.9024390243902,4.672131147540984
step20_dir0,20,112,0,756.0975609756098,4.180327868852459
step20_dir0,20,112,0,768.2926829268292,3.6475409836065573
step20_dir0,20,112,0,780.4878048780488,3.360655737704918
step20_dir0,20,112,0,792.6829268292682,2.9098360655737707
step20_dir0,20,112,0,804.8780487804878,2.6229508196721314
step20_dir0,20,112,0,817.0731707317073,2.295081967213115
step20_dir0,20,112,0,829.2682926829268,2.0491803278688527
step20_dir0,20,112,0,841.4634146341463,1.7622950819672134
step20_dir0,20,112,0,853.6585365853658,1.598360655737705
step20_dir0,20,112,0,865.8536585365854,1.4754098360655739
step20_dir0,20,112,0,878.0487804878048,1.2704918032786887
step20_dir0,20,112,0,890.2439024390244,1.1065573770491803
step20_dir0,20,112,0,902.4390243902438,0.9836065573770493
step20_dir0,20,112,0,914.6341463414634,0.9426229508196722
step20_dir0,20,112,0,926.8292682926829,0.8196721311475411
step20_dir0,20,112,0,939.0243902439024,0.778688524590164
step20_dir0,20,112,0,951.2195121951219,0.737704918032787
step20_dir0,20,112,0,963.4146341463414,0.6147540983606559
step20_dir0,20,112,0,975.609756097561,0.5327868852459017
step20_dir0,20,112,0,987.8048780487804,0.4508196721311476
step20_dir0,20,112,0,1000.0,0.40983606557377056
step20_dir0,20,112,0,1012.1951219512194,0.3688524590163935
step20_dir0,20,112,0,1024.390243902439,0.3688524590163935
step20_dir0,20,112,0,1036.5853658536585,0.3688524590163935
step20_dir0,20,112,0,1048.780487804878,0.3688524590163935
step20_dir0,20,112,0,1060.9756097560976,0.4508196721311476
step20_dir0,20,112,0,1073.170731707317,0.4508196721311476
step20_dir0,20,112,0,1085.3658536585365,0.4508196721311476
step20_dir0,20,112,0,1097.560975609756,0.4508196721311476
step20_dir0,20,112,0,1109.7560975609756,0.4508196721311476
step20_dir0,20,112,0,1121.9512195121952,0.4918032786885247
step20_dir0,20,112,0,1134.1463414634145,0.4918032786885247
step20_dir0,20,112,0,1146.341463414634,0.5327868852459017
step20_dir0,20,112,0,1158.5365853658536,0.5737704918032788
step20_dir0,20,112,0,1170.7317073170732,0.6147540983606559
step20_dir0,20,112,0,1182.9268292682925,0.6147540983606559
step20_dir0,20,112,0,1195.121951219512,0.6147540983606559
step20_dir0,20,112,0,1207.3170731707316,0.5737704918032788
step20_dir0,20,112,0,1219.5121951219512,0.5327868852459017
step20_dir0,20,112,0,1231.7073170731708,0.5327868852459017
step20_dir0,20,112,0,1243.90243902439,0.5327868852459017
step20_dir0,20,112,0,1256.0975609756097,0.5327868852459017
step20_dir0,20,112,0,1268.2926829268292,0.5327868852459017
step20_dir0,20,112,0,1280.4878048780488,0.5327868852459017
step20_dir45,20,112,45,0.0,0.0
step20_dir45,20,112,45,12.195121951219512,0.0
step20_dir45,20,112,45,24.390243902439025,0.040983606557377095
step20_dir45,20,112,45,36.58536585365854,0.08196721311475408
step20_dir45,20,112,45,48.78048780487805,0.12295081967213117
step20_dir45,20,112,45,60.97560975609756,0.1639344262295082
step20_dir45,20,112,45,73.17073170731707,0.2049180327868853
step20_dir45,20,112,45,85.36585365853658,0.24590163934426235
step20_dir45,20,112,45,97.5609756097561,0.2868852459016394
step20_dir45,20,112,45,109.7560975609756,0.2868852459016394
step20_dir45,20,112,45,121.95121951219512,0.2868852459016394
step20_dir45,20,112,45,134.14634146341461,0.2868852459016394
step20_dir45,20,112,45,146.34146341463415,0.3278688524590164
step20_dir45,20,112,45,158.53658536585365,0.36885245901639346
step20_dir45,20,112,45,170.73170731707316,0.36885245901639346
step20_dir45,20,112,45,182.92682926829266,0.4098360655737705
step20_dir45,20,112,45,195.1219512195122,0.4098360655737705
step20_dir45,20,112,45,207.3170731707317,0.4098360655737705
step20_dir45,20,112,45,219.5121951219512,0.4098360655737705
step20_dir45,20,112,45,231.7073170731707,0.4098360655737705
step20_dir45,20,112,45,243.90243902439025,0.4098360655737705
step20_dir45,20,112,45,256.0975609756097,0.49180327868852464
step20_dir45,20,112,45,268.29268292682923,0.5327868852459017
step20_dir45,20,112,45,280.4878048780488,0.5737704918032788
step20_dir45,20,112,45,292.6829268292683,0.6147540983606558
step20_dir45,20,112,45,304.8780487804878,0.6557377049180328
step20_dir45,20,112,45,317.0731707317073,0.6557377049180328
step20_dir45,20,112,45,329.2682926829268,0.6557377049180328
step20_dir45,20,112,45,341.4634146341463,0.6557377049180328
step20_dir45,20,112,45,353.6585365853658,0.6557377049180328
step20_dir45,20,112,45,365.8536585365853,0.6147540983606558
step20_dir45,20,112,45,378.0487804878049,0.6147540983606558
step20_dir45,20,112,45,390.2439024390244,0.6147540983606558
step20_dir45,20,112,45,402.4390243902439,0.6557377049180328
step20_dir45,20,112,45,414.6341463414634,0.6967213114754099
step20_dir45,20,112,45,426.8292682926829,0.7377049180327869
step20_dir45,20,112,45,439.0243902439024,0.7377049180327869
step20_dir45,20,112,45,451.2195121951219,0.7377049180327869
step20_dir45,20,112,45,463.4146341463414,0.7377049180327869
step20_dir45,20,112,45,475.60975609756093,0.7377049180327869
step20_dir45,20,112,45,487.8048780487805,0.7377049180327869
step20_dir45,20,112,45,500.0,0.7377049180327869
step20_dir45,20,112,45,512.1951219512194,0.6967213114754099
step20_dir45,20,112,45,524.390243902439,0.6967213114754099
step20_dir45,20,112,45,536.5853658536585,0.6967213114754099
step20_dir45,20,112,45,548.780487804878,0.6967213114754099
step20_dir45,20,112,45,560.9756097560976,0.9836065573770493
step20_dir45,20,112,45,573.170731707317,1.1475409836065575
step20_dir45,20,112,45,585.3658536585366,1.639344262295082
step20_dir45,20,112,45,597.560975609756,2.0901639344262297
step20_dir45,20,112,45,609.7560975609756,3.5655737704918034
step20_dir45,20,112,45,621.951219512195,4.344262295081967
step20_dir45,20,112,45,634.1463414634146,5.204918032786885
step20_dir45,20,112,45,646.3414634146341,6.270491803278689
step20_dir45,20,112,45,658.5365853658536,7.172131147540984
step20_dir45,20,112,45,670.7317073170732,7.909836065573771
step20_dir45,20,112,45,682.9268292682926,7.909836065573771
step20_dir45,20,112,45,695.1219512195122,7.909836065573771
step20_dir45,20,112,45,707.3170731707316,7.622950819672131
step20_dir45,20,112,45,719.5121951219512,7.09016393442623
step20_dir45,20,112,45,731.7073170731707,6.352459016393443
step20_dir45,20,112,45,743.9024390243902,5.655737704918033
step20_dir45,20,112,45,756.0975609756098,5.0
step20_dir45,20,112,45,768.2926829268292,4.344262295081967
step20_dir45,20,112,45,780.4878048780488,3.7704918032786887
step20_dir45,20,112,45,792.6829268292682,3.1557377049180326
step20_dir45,20,112,45,804.8780487804878,2.7868852459016393
step20_dir45,20,112,45,817.0731707317073,2.2131147540983607
step20_dir45,20,112,45,829.2682926829268,1.9262295081967213
step20_dir45,20,112,45,841.4634146341463,1.516393442622951
step20_dir45,20,112,45,853.6585365853658,1.2704918032786887
step20_dir45,20,112,45,865.8536585365854,1.0245901639344264
step20_dir45,20,112,45,878.0487804878048,0.9016393442622952
step20_dir45,20,112,45,890.2439024390244,0.7377049180327869
step20_dir45,20,112,45,902.4390243902438,0.6557377049180328
step20_dir45,20,112,45,914.6341463414634,0.5327868852459017
step20_dir45,20,112,45,926.8292682926829,0.5327868852459017
step20_dir45,20,112,45,939.0243902439024,0.5327868852459017
step20_dir45,20,112,45,951.2195121951219,0.5327868852459017
step20_dir45,20,112,45,963.4146341463414,0.49180327868852464
step20_dir45,20,112,45,975.609756097561,0.4098360655737705
step20_dir45,20,112,45,987.8048780487804,0.4098360655737705
step20_dir45,20,112,45,1000.0,0.3278688524590164
step20_dir45,20,112,45,1012.1951219512194,0.24590163934426235
step20_dir45,20,112,45,1024.390243902439,0.2049180327868853
step20_dir45,20,112,45,1036.5853658536585,0.12295081967213117
step20_dir45,20,112,45,1048.780487804878,0.040983606557377095
step20_dir45,20,112,45,1060.9756097560976,0.0
step20_dir45,20,112,45,1073.170731707317,0.0
step20_dir45,20,112,45,1085.3658536585365,0.0
step20_dir45,20,112,45,1097.560975609756,0.0
step20_dir45,20,112,45,1109.7560975609756,0.08196721311475408
step20_dir45,20,112,45,1121.9512195121952,0.12295081967213117
step20_dir45,20,112,45,1134.1463414634145,0.2049180327868853
step20_dir45,20,112,45,1146.341463414634,0.36885245901639346
step20_dir45,20,112,45,1158.5365853658536,0.4508196721311476
step20_dir45,20,112,45,1170.7317073170732,0.49180327868852464
step20_dir45,20,112,45,1182.9268292682925,0.49180327868852464
step20_dir45,20,112,45,1195.121951219512,0.49180327868852464
step20_dir45,20,112,45,1207.3170731707316,0.49180327868852464
step20_dir45,20,112,45,1219.5121951219512,0.4098360655737705
step20_dir45,20,112,45,1231.7073170731708,0.36885245901639346
step20_dir45,20,112,45,1243.90243902439,0.3278688524590164
step20_dir45,20,112,45,1256.0975609756097,0.24590163934426235
step20_dir45,20,112,45,1268.2926829268292,0.24590163934426235
step20_dir45,20,112,45,1280.4878048780488,0.24590163934426235
step20_dir45,20,112,45,1292.6829268292681,0.2868852459016394
step20_dir45,20,112,45,1304.8780487804877,0.2868852459016394
step20_dir45,20,112,45,1317.0731707317073,0.3278688524590164
step20_dir45,20,112,45,1329.2682926829268,0.3278688524590164
step20_dir45,20,112,45,1341.4634146341464,0.3278688524590164
step20_dir45,20,112,45,1353.6585365853657,0.3278688524590164
step20_dir90,20,112,90,0.0,0.0
step20_dir90,20,112,90,12.195121951219512,0.0
step20_dir90,20,112,90,24.390243902439025,0.040983606557377095
step20_dir90,20,112,90,36.58536585365854,0.12295081967213117
step20_dir90,20,112,90,48.78048780487805,0.2049180327868853
step20_dir90,20,112,90,60.97560975609756,0.24590163934426235
step20_dir90,20,112,90,73.17073170731707,0.2868852459016394
step20_dir90,20,112,90,85.36585365853658,0.2868852459016394
step20_dir90,20,112,90,97.5609756097561,0.2868852459016394
step20_dir90,20,112,90,109.7560975609756,0.2868852459016394
step20_dir90,20,112,90,121.95121951219512,0.2868852459016394
step20_dir90,20,112,90,134.14634146341461,0.2868852459016394
step20_dir90,20,112,90,146.34146341463415,0.3278688524590164
step20_dir90,20,112,90,158.53658536585365,0.3278688524590164
step20_dir90,20,112,90,170.73170731707316,0.36885245901639346
step20_dir90,20,112,90,182.92682926829266,0.4098360655737705
step20_dir90,20,112,90,195.1219512195122,0.4508196721311476
step20_dir90,20,112,90,207.3170731707317,0.4508196721311476
step20_dir90,20,112,90,219.5121951219512,0.4508196721311476
step20_dir90,20,112,90,231.7073170731707,0.4508196721311476
step20_dir90,20,112,90,243.90243902439025,0.49180327868852464
step20_dir90,20,112,90,256.0975609756097,0.5327868852459017
step20_dir90,20,112,90,268.29268292682923,0.5327868852459017
step20_dir90,20,112,90,280.4878048780488,0.5327868852459017
step20_dir90,20,112,90,292.6829268292683,0.5737704918032788
step20_dir90,20,112,90,304.8780487804878,0.5737704918032788
step20_dir90,20,112,90,317.0731707317073,0.6147540983606558
step20_dir90,20,112,90,329.2682926829268,0.6147540983606558
step20_dir90,20,112,90,341.4634146341463,0.6557377049180328
step20_dir90,20,112,90,353.6585365853658,0.6557377049180328
step20_dir90,20,112,90,365.8536585365853,0.6557377049180328
step20_dir90,20,112,90,378.0487804878049,0.6557377049180328
step20_dir90,20,112,90,390.2439024390244,0.6147540983606558
step20_dir90,20,112,90,402.4390243902439,0.6147540983606558
step20_dir90,20,112,90,414.6341463414634,0.6147540983606558
step20_dir90,20,112,90,426.8292682926829,0.6147540983606558
step20_dir90,20,112,90,439.0243902439024,0.6557377049180328
step20_dir90,20,112,90,451.2195121951219,0.6967213114754099
step20_dir90,20,112,90,463.4146341463414,0.7377049180327869
step20_dir90,20,112,90,475.60975609756093,0.7377049180327869
step20_dir90,20,112,90,487.8048780487805,0.7377049180327869
step20_dir90,20,112,90,500.0,0.7377049180327869
step20_dir90,20,112,90,512.1951219512194,0.7377049180327869
step20_dir90,20,112,90,524.390243902439,0.7377049180327869
step20_dir90,20,112,90,536.5853658536585,0.819672131147541
step20_dir90,20,112,90,548.780487804878,0.8606557377049181
step20_dir90,20,112,90,560.9756097560976,0.9016393442622952
step20_dir90,20,112,90,573.170731707317,0.9836065573770493
step20_dir90,20,112,90,585.3658536585366,1.1065573770491803
step20_dir90,20,112,90,597.560975609756,1.557377049180328
step20_dir90,20,112,90,609.7560975609756,1.8442622950819674
step20_dir90,20,112,90,621.951219512195,2.8688524590163933
step20_dir90,20,112,90,634.1463414634146,3.6475409836065573
step20_dir90,20,112,90,646.3414634146341,4.918032786885246
step20_dir90,20,112,90,658.5365853658536,5.860655737704918
step20_dir90,20,112,90,670.7317073170732,6.885245901639345
step20_dir90,20,112,90,682.9268292682926,8.114754098360656
step20_dir90,20,112,90,695.1219512195122,8.729508196721312
step20_dir90,20,112,90,707.3170731707316,8.852459016393444
step20_dir90,20,112,90,719.5121951219512,8.852459016393444
step20_dir90,20,112,90,731.7073170731707,8.852459016393444
step20_dir90,20,112,90,743.9024390243902,8.360655737704919
step20_dir90,20,112,90,756.0975609756098,7.581967213114754
step20_dir90,20,112,90,768.2926829268292,6.885245901639345
step20_dir90,20,112,90,780.4878048780488,6.270491803278689
step20_dir90,20,112,90,792.6829268292682,5.573770491803279
step20_dir90,20,112,90,804.8780487804878,4.754098360655738
step20_dir90,20,112,90,817.0731707317073,4.303278688524591
step20_dir90,20,112,90,829.2682926829268,3.5655737704918034
step20_dir90,20,112,90,841.4634146341463,3.0737704918032787
step20_dir90,20,112,90,853.6585365853658,2.581967213114754
step20_dir90,20,112,90,865.8536585365854,2.2950819672131146
step20_dir90,20,112,90,878.0487804878048,1.9262295081967213
step20_dir90,20,112,90,890.2439024390244,1.7213114754098362
step20_dir90,20,112,90,902.4390243902438,1.4344262295081969
step20_dir90,20,112,90,914.6341463414634,1.3114754098360657
step20_dir90,20,112,90,926.8292682926829,1.0655737704918034
step20_dir90,20,112,90,939.0243902439024,0.9426229508196722
step20_dir90,20,112,90,951.2195121951219,0.8606557377049181
step20_dir90,20,112,90,963.4146341463414,0.7377049180327869
step20_dir90,20,112,90,975.609756097561,0.6967213114754099
step20_dir90,20,112,90,987.8048780487804,0.6147540983606558
step20_dir90,20,112,90,1000.0,0.6147540983606558
step20_dir90,20,112,90,1012.1951219512194,0.6147540983606558
step20_dir90,20,112,90,1024.390243902439,0.6967213114754099
step20_dir90,20,112,90,1036.5853658536585,0.6967213114754099
step20_dir90,20,112,90,1048.780487804878,0.6967213114754099
step20_dir90,20,112,90,1060.9756097560976,0.6967213114754099
step20_dir90,20,112,90,1073.170731707317,0.6557377049180328
step20_dir90,20,112,90,1085.3658536585365,0.5327868852459017
step20_dir90,20,112,90,1097.560975609756,0.49180327868852464
step20_dir90,20,112,90,1109.7560975609756,0.4098360655737705
step20_dir90,20,112,90,1121.9512195121952,0.36885245901639346
step20_dir90,20,112,90,1134.1463414634145,0.3278688524590164
step20_dir90,20,112,90,1146.341463414634,0.3278688524590164
step20_dir90,20,112,90,1158.5365853658536,0.3278688524590164
step20_dir90,20,112,90,1170.7317073170732,0.3278688524590164
step20_dir90,20,112,90,1182.9268292682925,0.4098360655737705
step20_dir90,20,112,90,1195.121951219512,0.4098360655737705
step20_dir90,20,112,90,1207.3170731707316,0.49180327868852464
step20_dir90,20,112,90,1219.5121951219512,0.49180327868852464
step20_dir90,20,112,90,1231.7073170731708,0.5327868852459017
step20_dir90,20,112,90,1243.90243902439,0.5327868852459017
step20_dir90,20,112,90,1256.0975609756097,0.5737704918032788
step20_dir90,20,112,90,1268.2926829268292,0.6147540983606558
step20_dir90,20,112,90,1280.4878048780488,0.6147540983606558
step20_dir90,20,112,90,1292.6829268292681,0.6147540983606558
step20_dir90,20,112,90,1304.8780487804877,0.6147540983606558
step20_dir90,20,112,90,1317.0731707317073,0.6147540983606558
step20_dir90,20,112,90,1329.2682926829268,0.6147540983606558
step20_dir90,20,112,90,1341.4634146341464,0.6147540983606558
step20_dir90,20,112,90,1353.6585365853657,0.6147540983606558
step20_dir90,20,112,90,1365.8536585365853,0.6147540983606558
step20_dir135,20,112,135,0.0,0.0
step20_dir135,20,112,135,12.195121951219512,0.0
step20_dir135,20,112,135,24.390243902439025,0.040983606557376984
step20_dir135,20,112,135,36.58536585365854,0.12295081967213112
step20_dir135,20,112,135,48.78048780487805,0.1639344262295082
step20_dir135,20,112,135,60.97560975609756,0.20491803278688525
step20_dir135,20,112,135,73.17073170731707,0.20491803278688525
step20_dir135,20,112,135,85.36585365853658,0.2459016393442623
step20_dir135,20,112,135,97.5609756097561,0.2459016393442623
step20_dir135,20,112,135,109.7560975609756,0.2459016393442623
step20_dir135,20,112,135,121.95121951219512,0.2459016393442623
step20_dir135,20,112,135,134.14634146341461,0.28688524590163933
step20_dir135,20,112,135,146.34146341463415,0.4098360655737705
step20_dir135,20,112,135,158.53658536585365,0.45081967213114754
step20_dir135,20,112,135,170.73170731707316,0.5737704918032787
step20_dir135,20,112,135,182.92682926829266,0.6967213114754098
step20_dir135,20,112,135,195.1219512195122,0.778688524590164
step20_dir135,20,112,135,207.3170731707317,0.778688524590164
step20_dir135,20,112,135,219.5121951219512,0.778688524590164
step20_dir135,20,112,135,231.7073170731707,0.778688524590164
step20_dir135,20,112,135,243.90243902439025,0.778688524590164
step20_dir135,20,112,135,256.0975609756097,0.7377049180327869
step20_dir135,20,112,135,268.29268292682923,0.7377049180327869
step20_dir135,20,112,135,280.4878048780488,0.7377049180327869
step20_dir135,20,112,135,292.6829268292683,0.6967213114754098
step20_dir135,20,112,135,304.8780487804878,0.6147540983606558
step20_dir135,20,112,135,317.0731707317073,0.5737704918032787
step20_dir135,20,112,135,329.2682926829268,0.5737704918032787
step20_dir135,20,112,135,341.4634146341463,0.5737704918032787
step20_dir135,20,112,135,353.6585365853658,0.6147540983606558
step20_dir135,20,112,135,365.8536585365853,0.6557377049180328
step20_dir135,20,112,135,378.0487804878049,0.6557377049180328
step20_dir135,20,112,135,390.2439024390244,0.6557377049180328
step20_dir135,20,112,135,402.4390243902439,0.6557377049180328
step20_dir135,20,112,135,414.6341463414634,0.6557377049180328
step20_dir135,20,112,135,426.8292682926829,0.6557377049180328
step20_dir135,20,112,135,439.0243902439024,0.6557377049180328
step20_dir135,20,112,135,451.2195121951219,0.6557377049180328
step20_dir135,20,112,135,463.4146341463414,0.6557377049180328
step20_dir135,20,112,135,475.60975609756093,0.6557377049180328
step20_dir135,20,112,135,487.8048780487805,0.7377049180327869
step20_dir135,20,112,135,500.0,0.7377049180327869
step20_dir135,20,112,135,512.1951219512194,0.7377049180327869
step20_dir135,20,112,135,524.390243902439,0.7377049180327869
step20_dir135,20,112,135,536.5853658536585,0.7377049180327869
step20_dir135,20,112,135,548.780487804878,0.7377049180327869
step20_dir135,20,112,135,560.9756097560976,0.819672131147541
step20_dir135,20,112,135,573.170731707317,1.1475409836065573
step20_dir135,20,112,135,585.3658536585366,1.557377049180328
step20_dir135,20,112,135,597.560975609756,2.540983606557377
step20_dir135,20,112,135,609.7560975609756,3.0737704918032787
step20_dir135,20,112,135,621.951219512195,3.975409836065574
step20_dir135,20,112,135,634.1463414634146,4.7950819672131155
step20_dir135,20,112,135,646.3414634146341,6.024590163934427
step20_dir135,20,112,135,658.5365853658536,6.926229508196722
step20_dir135,20,112,135,670.7317073170732,7.622950819672132
step20_dir135,20,112,135,682.9268292682926,8.278688524590164
step20_dir135,20,112,135,695.1219512195122,8.319672131147541
step20_dir135,20,112,135,707.3170731707316,8.319672131147541
step20_dir135,20,112,135,719.5121951219512,8.319672131147541
step20_dir135,20,112,135,731.7073170731707,7.991803278688526
step20_dir135,20,112,135,743.9024390243902,7.213114754098362
step20_dir135,20,112,135,756.0975609756098,6.762295081967213
step20_dir135,20,112,135,768.2926829268292,5.98360655737705
step20_dir135,20,112,135,780.4878048780488,5.368852459016394
step20_dir135,20,112,135,792.6829268292682,4.631147540983607
step20_dir135,20,112,135,804.8780487804878,4.0163934426229515
step20_dir135,20,112,135,817.0731707317073,3.5245901639344264
step20_dir135,20,112,135,829.2682926829268,2.8278688524590163
step20_dir135,20,112,135,841.4634146341463,2.540983606557377
step20_dir135,20,112,135,853.6585365853658,2.0491803278688527
step20_dir135,20,112,135,865.8536585365854,1.7622950819672134
step20_dir135,20,112,135,878.0487804878048,1.5163934426229508
step20_dir135,20,112,135,890.2439024390244,1.3524590163934427
step20_dir135,20,112,135,902.4390243902438,1.1065573770491803
step20_dir135,20,112,135,914.6341463414634,0.9836065573770492
step20_dir135,20,112,135,926.8292682926829,0.9016393442622952
step20_dir135,20,112,135,939.0243902439024,0.819672131147541
step20_dir135,20,112,135,951.2195121951219,0.819672131147541
step20_dir135,20,112,135,963.4146341463414,0.819672131147541
step20_dir135,20,112,135,975.609756097561,0.7377049180327869
step20_dir135,20,112,135,987.8048780487804,0.7377049180327869
step20_dir135,20,112,135,1000.0,0.7377049180327869
step20_dir135,20,112,135,1012.1951219512194,0.7377049180327869
step20_dir135,20,112,135,1024.390243902439,0.7377049180327869
step20_dir135,20,112,135,1036.5853658536585,0.7377049180327869
step20_dir135,20,112,135,1048.780487804878,0.6967213114754098
step20_dir135,20,112,135,1060.9756097560976,0.6967213114754098
step20_dir135,20,112,135,1073.170731707317,0.6967213114754098
step20_dir135,20,112,135,1085.3658536585365,0.6967213114754098
step20_dir135,20,112,135,1097.560975609756,0.6967213114754098
step20_dir135,20,112,135,1109.7560975609756,0.7377049180327869
step20_dir135,20,112,135,1121.9512195121952,0.7377049180327869
step20_dir135,20,112,135,1134.1463414634145,0.778688524590164
step20_dir135,20,112,135,1146.341463414634,0.778688524590164
step20_dir135,20,112,135,1158.5365853658536,0.778688524590164
step20_dir135,20,112,135,1170.7317073170732,0.778688524590164
step20_dir135,20,112,135,1182.9268292682925,0.778688524590164
step20_dir135,20,112,135,1195.121951219512,0.7377049180327869
step20_dir135,20,112,135,1207.3170731707316,0.7377049180327869
step20_dir135,20,112,135,1219.5121951219512,0.7377049180327869
step20_dir135,20,112,135,1231.7073170731708,0.7377049180327869
step20_dir135,20,112,135,1243.90243902439,0.7377049180327869
step20_dir135,20,112,135,1256.0975609756097,0.7377049180327869
step20_dir135,20,112,135,1268.2926829268292,0.7377049180327869
step20_dir135,20,112,135,1280.4878048780488,0.819672131147541
step20_dir135,20,112,135,1292.6829268292681,0.8606557377049181
step20_dir135,20,112,135,1304.8780487804877,0.8606557377049181
step20_dir135,20,112,135,1317.0731707317073,0.8606557377049181
step20_dir135,20,112,135,1329.2682926829268,0.8606557377049181
step20_dir135,20,112,135,1341.4634146341464,0.8606557377049181
step20_dir180,20,112,180,0.0,0.0
step20_dir180,20,112,180,12.195121951219512,0.0
step20_dir180,20,112,180,24.390243902439025,0.0
step20_dir180,20,112,180,36.58536585365854,0.0
step20_dir180,20,112,180,48.78048780487805,0.0
step20_dir180,20,112,180,60.97560975609756,0.040983606557377095
step20_dir180,20,112,180,73.17073170731707,0.08196721311475419
step20_dir180,20,112,180,85.36585365853658,0.12295081967213128
step20_dir180,20,112,180,97.5609756097561,0.12295081967213128
step20_dir180,20,112,180,109.7560975609756,0.16393442622950827
step20_dir180,20,112,180,121.95121951219512,0.16393442622950827
step20_dir180,20,112,180,134.14634146341461,0.16393442622950827
step20_dir180,20,112,180,146.34146341463415,0.16393442622950827
step20_dir180,20,112,180,158.53658536585365,0.16393442622950827
step20_dir180,20,112,180,170.73170731707316,0.24590163934426235
step20_dir180,20,112,180,182.92682926829266,0.28688524590163944
step20_dir180,20,112,180,195.1219512195122,0.3688524590163935
step20_dir180,20,112,180,207.3170731707317,0.3688524590163935
step20_dir180,20,112,180,219.5121951219512,0.3688524590163935
step20_dir180,20,112,180,231.7073170731707,0.4098360655737706
step20_dir180,20,112,180,243.90243902439025,0.4508196721311476
step20_dir180,20,112,180,256.0975609756097,0.4508196721311476
step20_dir180,20,112,180,268.29268292682923,0.6147540983606559
step20_dir180,20,112,180,280.4878048780488,0.6967213114754099
step20_dir180,20,112,180,292.6829268292683,0.778688524590164
step20_dir180,20,112,180,304.8780487804878,0.8606557377049182
step20_dir180,20,112,180,317.0731707317073,0.9426229508196723
step20_dir180,20,112,180,329.2682926829268,0.9836065573770493
step20_dir180,20,112,180,341.4634146341463,0.9836065573770493
step20_dir180,20,112,180,353.6585365853658,0.9836065573770493
step20_dir180,20,112,180,365.8536585365853,0.9836065573770493
step20_dir180,20,112,180,378.0487804878049,0.9836065573770493
step20_dir180,20,112,180,390.2439024390244,0.9836065573770493
step20_dir180,20,112,180,402.4390243902439,1.0655737704918034
step20_dir180,20,112,180,414.6341463414634,1.1065573770491806
step20_dir180,20,112,180,426.8292682926829,1.1065573770491806
step20_dir180,20,112,180,439.0243902439024,1.1065573770491806
step20_dir180,20,112,180,451.2195121951219,1.1065573770491806
step20_dir180,20,112,180,463.4146341463414,1.0655737704918034
step20_dir180,20,112,180,475.60975609756093,1.0655737704918034
step20_dir180,20,112,180,487.8048780487805,1.0655737704918034
step20_dir180,20,112,180,500.0,1.1065573770491806
step20_dir180,20,112,180,512.1951219512194,1.1475409836065575
step20_dir180,20,112,180,524.390243902439,1.1475409836065575
step20_dir180,20,112,180,536.5853658536585,1.1475409836065575
step20_dir180,20,112,180,548.780487804878,1.1475409836065575
step20_dir180,20,112,180,560.9756097560976,1.1475409836065575
step20_dir180,20,112,180,573.170731707317,1.1885245901639345
step20_dir180,20,112,180,585.3658536585366,1.2704918032786887
step20_dir180,20,112,180,597.560975609756,1.557377049180328
step20_dir180,20,112,180,609.7560975609756,2.0491803278688527
step20_dir180,20,112,180,621.951219512195,2.5819672131147544
step20_dir180,20,112,180,634.1463414634146,2.9508196721311477
step20_dir180,20,112,180,646.3414634146341,4.057377049180328
step20_dir180,20,112,180,658.5365853658536,4.795081967213115
step20_dir180,20,112,180,670.7317073170732,5.532786885245901
step20_dir180,20,112,180,682.9268292682926,5.8196721311475414
step20_dir180,20,112,180,695.1219512195122,6.352459016393443
step20_dir180,20,112,180,707.3170731707316,6.4344262295081975
step20_dir180,20,112,180,719.5121951219512,6.4344262295081975
step20_dir180,20,112,180,731.7073170731707,6.4344262295081975
step20_dir180,20,112,180,743.9024390243902,6.27049180327869
step20_dir180,20,112,180,756.0975609756098,5.942622950819672
step20_dir180,20,112,180,768.2926829268292,5.368852459016393
step20_dir180,20,112,180,780.4878048780488,4.9590163934426235
step20_dir180,20,112,180,792.6829268292682,4.344262295081967
step20_dir180,20,112,180,804.8780487804878,3.934426229508197
step20_dir180,20,112,180,817.0731707317073,3.4016393442622954
step20_dir180,20,112,180,829.2682926829268,3.073770491803279
step20_dir180,20,112,180,841.4634146341463,2.7049180327868854
step20_dir180,20,112,180,853.6585365853658,2.336065573770492
step20_dir180,20,112,180,865.8536585365854,2.0491803278688527
step20_dir180,20,112,180,878.0487804878048,1.7622950819672134
step20_dir180,20,112,180,890.2439024390244,1.557377049180328
step20_dir180,20,112,180,902.4390243902438,1.3524590163934427
step20_dir180,20,112,180,914.6341463414634,1.2704918032786887
step20_dir180,20,112,180,926.8292682926829,1.1475409836065575
step20_dir180,20,112,180,939.0243902439024,1.0245901639344264
step20_dir180,20,112,180,951.2195121951219,0.9016393442622952
step20_dir180,20,112,180,963.4146341463414,0.8606557377049182
step20_dir180,20,112,180,975.609756097561,0.737704918032787
step20_dir180,20,112,180,987.8048780487804,0.737704918032787
step20_dir180,20,112,180,1000.0,0.6147540983606559
step20_dir180,20,112,180,1012.1951219512194,0.5737704918032789
step20_dir180,20,112,180,1024.390243902439,0.5327868852459017
step20_dir180,20,112,180,1036.5853658536585,0.5327868852459017
step20_dir180,20,112,180,1048.780487804878,0.4508196721311476
step20_dir180,20,112,180,1060.9756097560976,0.4508196721311476
step20_dir180,20,112,180,1073.170731707317,0.4508196721311476
step20_dir180,20,112,180,1085.3658536585365,0.4098360655737706
step20_dir180,20,112,180,1097.560975609756,0.4098360655737706
step20_dir180,20,112,180,1109.7560975609756,0.4098360655737706
step20_dir180,20,112,180,1121.9512195121952,0.4508196721311476
step20_dir180,20,112,180,1134.1463414634145,0.5327868852459017
step20_dir180,20,112,180,1146.341463414634,0.6557377049180328
step20_dir180,20,112,180,1158.5365853658536,0.6967213114754099
step20_dir180,20,112,180,1170.7317073170732,0.737704918032787
step20_dir180,20,112,180,1182.9268292682925,0.737704918032787
step20_dir180,20,112,180,1195.121951219512,0.737704918032787
step20_dir180,20,112,180,1207.3170731707316,0.8196721311475411
step20_dir180,20,112,180,1219.5121951219512,0.9016393442622952
step20_dir180,20,112,180,1231.7073170731708,0.9426229508196723
step20_dir180,20,112,180,1243.90243902439,1.0655737704918034
step20_dir180,20,112,180,1256.0975609756097,1.1065573770491806
step20_dir180,20,112,180,1268.2926829268292,1.1065573770491806
step20_dir180,20,112,180,1280.4878048780488,1.1065573770491806
step20_dir180,20,112,180,1292.6829268292681,1.1065573770491806
step20_dir180,20,112,180,1304.8780487804877,1.0245901639344264
step20_dir180,20,112,180,1317.0731707317073,0.9836065573770493
step20_dir180,20,112,180,1329.2682926829268,0.9836065573770493
step20_dir180,20,112,180,1341.4634146341464,0.9836065573770493
step20_dir180,20,112,180,1353.6585365853657,0.9836065573770493
step20_dir180,20,112,180,1365.8536585365853,0.9836065573770493
step20_dir225,20,112,225,0.0,0.0
step20_dir225,20,112,225,12.195121951219512,0.0
step20_dir225,20,112,225,24.390243902439025,0.0
step20_dir225,20,112,225,36.58536585365854,0.040983606557376984
step20_dir225,20,112,225,48.78048780487805,0.08196721311475408
step20_dir225,20,112,225,60.97560975609756,0.16393442622950816
step20_dir225,20,112,225,73.17073170731707,0.28688524590163933
step20_dir225,20,112,225,85.36585365853658,0.4098360655737705
step20_dir225,20,112,225,97.5609756097561,0.4918032786885246
step20_dir225,20,112,225,109.7560975609756,0.5327868852459017
step20_dir225,20,112,225,121.95121951219512,0.5327868852459017
step20_dir225,20,112,225,134.14634146341461,0.5327868852459017
step20_dir225,20,112,225,146.34146341463415,0.5327868852459017
step20_dir225,20,112,225,158.53658536585365,0.4918032786885246
step20_dir225,20,112,225,170.73170731707316,0.4918032786885246
step20_dir225,20,112,225,182.92682926829266,0.4918032786885246
step20_dir225,20,112,225,195.1219512195122,0.5327868852459017
step20_dir225,20,112,225,207.3170731707317,0.5327868852459017
step20_dir225,20,112,225,219.5121951219512,0.5737704918032787
step20_dir225,20,112,225,231.7073170731707,0.5737704918032787
step20_dir225,20,112,225,243.90243902439025,0.6967213114754098
step20_dir225,20,112,225,256.0975609756097,0.7377049180327869
step20_dir225,20,112,225,268.29268292682923,0.8606557377049181
step20_dir225,20,112,225,280.4878048780488,1.0245901639344264
step20_dir225,20,112,225,292.6829268292683,1.0655737704918034
step20_dir225,20,112,225,304.8780487804878,1.0655737704918034
step20_dir225,20,112,225,317.0731707317073,1.0655737704918034
step20_dir225,20,112,225,329.2682926829268,0.9836065573770492
step20_dir225,20,112,225,341.4634146341463,0.9016393442622951
step20_dir225,20,112,225,353.6585365853658,0.9016393442622951
step20_dir225,20,112,225,365.8536585365853,0.8606557377049181
step20_dir225,20,112,225,378.0487804878049,0.7786885245901639
step20_dir225,20,112,225,390.2439024390244,0.7377049180327869
step20_dir225,20,112,225,402.4390243902439,0.6557377049180328
step20_dir225,20,112,225,414.6341463414634,0.6557377049180328
step20_dir225,20,112,225,426.8292682926829,0.6557377049180328
step20_dir225,20,112,225,439.0243902439024,0.6557377049180328
step20_dir225,20,112,225,451.2195121951219,0.6967213114754098
step20_dir225,20,112,225,463.4146341463414,0.7786885245901639
step20_dir225,20,112,225,475.60975609756093,0.8606557377049181
step20_dir225,20,112,225,487.8048780487805,0.9426229508196722
step20_dir225,20,112,225,500.0,1.0245901639344264
step20_dir225,20,112,225,512.1951219512194,1.1065573770491803
step20_dir225,20,112,225,524.390243902439,1.1885245901639345
step20_dir225,20,112,225,536.5853658536585,1.1885245901639345
step20_dir225,20,112,225,548.780487804878,1.2295081967213115
step20_dir225,20,112,225,560.9756097560976,1.2704918032786885
step20_dir225,20,112,225,573.170731707317,1.3934426229508197
step20_dir225,20,112,225,585.3658536585366,1.680327868852459
step20_dir225,20,112,225,597.560975609756,1.8852459016393444
step20_dir225,20,112,225,609.7560975609756,2.6229508196721314
step20_dir225,20,112,225,621.951219512195,3.278688524590164
step20_dir225,20,112,225,634.1463414634146,3.8524590163934427
step20_dir225,20,112,225,646.3414634146341,4.344262295081967
step20_dir225,20,112,225,658.5365853658536,5.0
step20_dir225,20,112,225,670.7317073170732,5.9016393442622945
step20_dir225,20,112,225,682.9268292682926,6.024590163934427
step20_dir225,20,112,225,695.1219512195122,6.024590163934427
step20_dir225,20,112,225,707.3170731707316,6.024590163934427
step20_dir225,20,112,225,719.5121951219512,5.9016393442622945
step20_dir225,20,112,225,731.7073170731707,5.409836065573771
step20_dir225,20,112,225,743.9024390243902,5.122950819672132
step20_dir225,20,112,225,756.0975609756098,4.631147540983607
step20_dir225,20,112,225,768.2926829268292,3.8934426229508197
step20_dir225,20,112,225,780.4878048780488,3.5245901639344264
step20_dir225,20,112,225,792.6829268292682,2.9918032786885247
step20_dir225,20,112,225,804.8780487804878,2.6229508196721314
step20_dir225,20,112,225,817.0731707317073,2.1721311475409837
step20_dir225,20,112,225,829.2682926829268,1.9262295081967213
step20_dir225,20,112,225,841.4634146341463,1.557377049180328
step20_dir225,20,112,225,853.6585365853658,1.2704918032786885
step20_dir225,20,112,225,865.8536585365854,1.0245901639344264
step20_dir225,20,112,225,878.0487804878048,0.8606557377049181
step20_dir225,20,112,225,890.2439024390244,0.6557377049180328
step20_dir225,20,112,225,902.4390243902438,0.5327868852459017
step20_dir225,20,112,225,914.6341463414634,0.45081967213114754
step20_dir225,20,112,225,926.8292682926829,0.32786885245901637
step20_dir225,20,112,225,939.0243902439024,0.24590163934426224
step20_dir225,20,112,225,951.2195121951219,0.16393442622950816
step20_dir225,20,112,225,963.4146341463414,0.08196721311475408
step20_dir225,20,112,225,975.609756097561,0.08196721311475408
step20_dir225,20,112,225,987.8048780487804,0.0
step20_dir225,20,112,225,1000.0,-0.08196721311475408
step20_dir225,20,112,225,1012.1951219512194,-0.08196721311475408
step20_dir225,20,112,225,1024.390243902439,-0.08196721311475408
step20_dir225,20,112,225,1036.5853658536585,-0.08196721311475408
step20_dir225,20,112,225,1048.780487804878,-0.040983606557377095
step20_dir225,20,112,225,1060.9756097560976,0.040983606557376984
step20_dir225,20,112,225,1073.170731707317,0.040983606557376984
step20_dir225,20,112,225,1085.3658536585365,0.040983606557376984
step20_dir225,20,112,225,1097.560975609756,-0.040983606557377095
step20_dir225,20,112,225,1109.7560975609756,-0.08196721311475408
step20_dir225,20,112,225,1121.9512195121952,-0.08196721311475408
step20_dir225,20,112,225,1134.1463414634145,-0.08196721311475408
step20_dir225,20,112,225,1146.341463414634,-0.08196721311475408
step20_dir225,20,112,225,1158.5365853658536,0.0
step20_dir225,20,112,225,1170.7317073170732,0.040983606557376984
step20_dir225,20,112,225,1182.9268292682925,0.12295081967213117
step20_dir225,20,112,225,1195.121951219512,0.16393442622950816
step20_dir225,20,112,225,1207.3170731707316,0.16393442622950816
step20_dir225,20,112,225,1219.5121951219512,0.24590163934426224
step20_dir225,20,112,225,1231.7073170731708,0.24590163934426224
step20_dir225,20,112,225,1243.90243902439,0.24590163934426224
step20_dir225,20,112,225,1256.0975609756097,0.28688524590163933
step20_dir225,20,112,225,1268.2926829268292,0.28688524590163933
step20_dir225,20,112,225,1280.4878048780488,0.32786885245901637
step20_dir225,20,112,225,1292.6829268292681,0.32786885245901637
step20_dir225,20,112,225,1304.8780487804877,0.32786885245901637
step20_dir225,20,112,225,1317.0731707317073,0.4098360655737705
step20_dir225,20,112,225,1329.2682926829268,0.4098360655737705
step20_dir225,20,112,225,1341.4634146341464,0.4098360655737705
step20_dir270,20,112,270,0.0,0.0
step20_dir270,20,112,270,12.195121951219512,0.0
step20_dir270,20,112,270,24.390243902439025,0.0
step20_dir270,20,112,270,36.58536585365854,0.0
step20_dir270,20,112,270,48.78048780487805,-0.04098360655737704
step20_dir270,20,112,270,60.97560975609756,-0.08196721311475408
step20_dir270,20,112,270,73.17073170731707,-0.08196721311475408
step20_dir270,20,112,270,85.36585365853658,-0.12295081967213112
step20_dir270,20,112,270,97.5609756097561,-0.12295081967213112
step20_dir270,20,112,270,109.7560975609756,-0.12295081967213112
step20_dir270,20,112,270,121.95121951219512,-0.08196721311475408
step20_dir270,20,112,270,134.14634146341461,0.0
step20_dir270,20,112,270,146.34146341463415,0.0
step20_dir270,20,112,270,158.53658536585365,0.04098360655737707
step20_dir270,20,112,270,170.73170731707316,0.08196721311475413
step20_dir270,20,112,270,182.92682926829266,0.08196721311475413
step20_dir270,20,112,270,195.1219512195122,0.08196721311475413
step20_dir270,20,112,270,207.3170731707317,0.08196721311475413
step20_dir270,20,112,270,219.5121951219512,0.12295081967213117
step20_dir270,20,112,270,231.7073170731707,0.1639344262295082
step20_dir270,20,112,270,243.90243902439025,0.20491803278688528
step20_dir270,20,112,270,256.0975609756097,0.2868852459016394
step20_dir270,20,112,270,268.29268292682923,0.2868852459016394
step20_dir270,20,112,270,280.4878048780488,0.3278688524590164
step20_dir270,20,112,270,292.6829268292683,0.3278688524590164
step20_dir270,20,112,270,304.8780487804878,0.3278688524590164
step20_dir270,20,112,270,317.0731707317073,0.2868852459016394
step20_dir270,20,112,270,329.2682926829268,0.2868852459016394
step20_dir270,20,112,270,341.4634146341463,0.2868852459016394
step20_dir270,20,112,270,353.6585365853658,0.2868852459016394
step20_dir270,20,112,270,365.8536585365853,0.2868852459016394
step20_dir270,20,112,270,378.0487804878049,0.3688524590163935
step20_dir270,20,112,270,390.2439024390244,0.3688524590163935
step20_dir270,20,112,270,402.4390243902439,0.3688524590163935
step20_dir270,20,112,270,414.6341463414634,0.3688524590163935
step20_dir270,20,112,270,426.8292682926829,0.3278688524590164
step20_dir270,20,112,270,439.0243902439024,0.2868852459016394
step20_dir270,20,112,270,451.2195121951219,0.24590163934426235
step20_dir270,20,112,270,463.4146341463414,0.20491803278688528
step20_dir270,20,112,270,475.60975609756093,0.20491803278688528
step20_dir270,20,112,270,487.8048780487805,0.20491803278688528
step20_dir270,20,112,270,500.0,0.24590163934426235
step20_dir270,20,112,270,512.1951219512194,0.24590163934426235
step20_dir270,20,112,270,524.390243902439,0.2868852459016394
step20_dir270,20,112,270,536.5853658536585,0.3278688524590164
step20_dir270,20,112,270,548.780487804878,0.4508196721311476
step20_dir270,20,112,270,560.9756097560976,0.49180327868852464
step20_dir270,20,112,270,573.170731707317,0.7377049180327869
step20_dir270,20,112,270,585.3658536585366,0.819672131147541
step20_dir270,20,112,270,597.560975609756,1.4754098360655739
step20_dir270,20,112,270,609.7560975609756,1.8442622950819674
step20_dir270,20,112,270,621.951219512195,2.7459016393442623
step20_dir270,20,112,270,634.1463414634146,3.19672131147541
step20_dir270,20,112,270,646.3414634146341,4.057377049180328
step20_dir270,20,112,270,658.5365853658536,4.918032786885246
step20_dir270,20,112,270,670.7317073170732,5.286885245901639
step20_dir270,20,112,270,682.9268292682926,5.7377049180327875
step20_dir270,20,112,270,695.1219512195122,5.7377049180327875
step20_dir270,20,112,270,707.3170731707316,5.7377049180327875
step20_dir270,20,112,270,719.5121951219512,5.6557377049180335
step20_dir270,20,112,270,731.7073170731707,5.368852459016393
step20_dir270,20,112,270,743.9024390243902,4.836065573770492
step20_dir270,20,112,270,756.0975609756098,4.467213114754099
step20_dir270,20,112,270,768.2926829268292,4.262295081967213
step20_dir270,20,112,270,780.4878048780488,3.7704918032786887
step20_dir270,20,112,270,792.6829268292682,3.4016393442622954
step20_dir270,20,112,270,804.8780487804878,3.0737704918032787
step20_dir270,20,112,270,817.0731707317073,2.8278688524590163
step20_dir270,20,112,270,829.2682926829268,2.540983606557377
step20_dir270,20,112,270,841.4634146341463,2.336065573770492
step20_dir270,20,112,270,853.6585365853658,2.0491803278688527
step20_dir270,20,112,270,865.8536585365854,1.8442622950819674
step20_dir270,20,112,270,878.0487804878048,1.680327868852459
step20_dir270,20,112,270,890.2439024390244,1.598360655737705
step20_dir270,20,112,270,902.4390243902438,1.3934426229508197
step20_dir270,20,112,270,914.6341463414634,1.2704918032786887
step20_dir270,20,112,270,926.8292682926829,1.1475409836065575
step20_dir270,20,112,270,939.0243902439024,1.0245901639344264
step20_dir270,20,112,270,951.2195121951219,0.9426229508196722
step20_dir270,20,112,270,963.4146341463414,0.819672131147541
step20_dir270,20,112,270,975.609756097561,0.7377049180327869
step20_dir270,20,112,270,987.8048780487804,0.6967213114754098
step20_dir270,20,112,270,1000.0,0.6147540983606559
step20_dir270,20,112,270,1012.1951219512194,0.6147540983606559
step20_dir270,20,112,270,1024.390243902439,0.5737704918032788
step20_dir270,20,112,270,1036.5853658536585,0.5737704918032788
step20_dir270,20,112,270,1048.780487804878,0.5327868852459017
step20_dir270,20,112,270,1060.9756097560976,0.5327868852459017
step20_dir270,20,112,270,1073.170731707317,0.49180327868852464
step20_dir270,20,112,270,1085.3658536585365,0.49180327868852464
step20_dir270,20,112,270,1097.560975609756,0.4508196721311476
step20_dir270,20,112,270,1109.7560975609756,0.4508196721311476
step20_dir270,20,112,270,1121.9512195121952,0.3688524590163935
step20_dir270,20,112,270,1134.1463414634145,0.3688524590163935
step20_dir270,20,112,270,1146.341463414634,0.3688524590163935
step20_dir270,20,112,270,1158.5365853658536,0.3688524590163935
step20_dir270,20,112,270,1170.7317073170732,0.4508196721311476
step20_dir270,20,112,270,1182.9268292682925,0.49180327868852464
step20_dir270,20,112,270,1195.121951219512,0.6147540983606559
step20_dir270,20,112,270,1207.3170731707316,0.6147540983606559
step20_dir270,20,112,270,1219.5121951219512,0.6147540983606559
step20_dir270,20,112,270,1231.7073170731708,0.6147540983606559
step20_dir270,20,112,270,1243.90243902439,0.6147540983606559
step20_dir270,20,112,270,1256.0975609756097,0.6147540983606559
step20_dir270,20,112,270,1268.2926829268292,0.6147540983606559
step20_dir270,20,112,270,1280.4878048780488,0.6147540983606559
step20_dir270,20,112,270,1292.6829268292681,0.6147540983606559
step20_dir270,20,112,270,1304.8780487804877,0.6147540983606559
step20_dir270,20,112,270,1317.0731707317073,0.6147540983606559
step20_dir270,20,112,270,1329.2682926829268,0.6147540983606559
step20_dir270,20,112,270,1341.4634146341464,0.6147540983606559
step20_dir270,20,112,270,1353.6585365853657,0.6147540983606559
