panel,cell,modality,stimulus,time_s,dff_percent
B,L1,voltage,light,0.0,0.0851063829787234
B,L1,voltage,light,0.004347826086956522,-0.0851063829787234
B,L1,voltage,light,0.008695652173913044,-0.0851063829787234
B,L1,voltage,light,0.013043478260869565,-0.0851063829787234
B,L1,voltage,light,0.017391304347826087,-0.2127659574468085
B,L1,voltage,light,0.021739130434782608,-1.6595744680851063
B,L1,voltage,light,0.02608695652173913,-1.1063829787234043
B,L1,voltage,light,0.030434782608695653,-1.9574468085106382
B,L1,voltage,light,0.034782608695652174,-2.893617021276596
B,L1,voltage,light,0.0391304347826087,-3.021276595744681
B,L1,voltage,light,0.043478260869565216,-2.382978723404255
B,L1,voltage,light,0.04782608695652174,-1.3617021276595744
B,L1,voltage,light,0.05217391304347826,-0.0851063829787234
B,L1,voltage,light,0.05652173913043478,1.0212765957446808
B,L1,voltage,light,0.06086956521739131,1.9148936170212767
B,L1,voltage,light,0.06521739130434782,2.382978723404255
B,L1,voltage,light,0.06956521739130435,2.4680851063829787
B,L1,voltage,light,0.07391304347826087,2.5531914893617023
B,L1,voltage,light,0.0782608695652174,2.5106382978723403
B,L1,voltage,light,0.08260869565217391,2.297872340425532
B,L1,voltage,light,0.08695652173913043,2.0
B,L1,voltage,light,0.09130434782608696,1.702127659574468
B,L1,voltage,light,0.09565217391304348,1.446808510638298
B,L1,voltage,light,0.1,1.3191489361702127
B,L1,voltage,light,0.10434782608695652,1.1914893617021276
B,L1,voltage,light,0.10869565217391304,1.1063829787234043
B,L1,voltage,light,0.11304347826086956,1.1063829787234043
B,L1,voltage,light,0.11739130434782609,1.1063829787234043
B,L1,voltage,light,0.12173913043478261,1.1063829787234043
B,L1,voltage,light,0.12608695652173912,1.0212765957446808
B,L1,voltage,light,0.13043478260869565,1.0212765957446808
B,L1,voltage,light,0.13478260869565217,0.9787234042553191
B,L1,voltage,light,0.1391304347826087,0.9361702127659575
B,L1,voltage,light,0.14347826086956522,0.851063829787234
B,L1,voltage,light,0.14782608695652175,0.851063829787234
B,L1,voltage,light,0.15217391304347827,0.8936170212765957
B,L1,voltage,light,0.1565217391304348,0.851063829787234
B,L1,voltage,light,0.1608695652173913,0.723404255319149
B,L1,voltage,light,0.16521739130434782,0.6382978723404256
B,L1,voltage,light,0.16956521739130434,0.5957446808510638
B,L1,voltage,light,0.17391304347826086,0.5957446808510638
B,L1,voltage,light,0.1782608695652174,0.6382978723404256
B,L1,voltage,light,0.1826086956521739,0.5957446808510638
B,L1,voltage,light,0.18695652173913044,0.5957446808510638
B,L1,voltage,light,0.19130434782608696,0.5531914893617021
B,L1,voltage,light,0.1956521739130435,0.46808510638297873
B,L1,voltage,light,0.2,0.425531914893617
B,L1,voltage,light,0.20434782608695654,0.3829787234042553
B,L1,voltage,light,0.20869565217391303,0.46808510638297873
B,L1,voltage,light,0.21304347826086956,0.5531914893617021
B,L1,voltage,light,0.21739130434782608,0.6808510638297872
B,L1,voltage,light,0.2217391304347826,0.723404255319149
B,L1,voltage,light,0.22608695652173913,0.6808510638297872
B,L1,voltage,light,0.23043478260869565,0.6382978723404256
B,L1,voltage,light,0.23478260869565218,0.5531914893617021
B,L1,voltage,light,0.2391304347826087,0.425531914893617
B,L1,voltage,light,0.24347826086956523,0.2978723404255319
B,L1,voltage,light,0.24782608695652175,0.2553191489361702
B,L1,voltage,light,0.25217391304347825,0.2553191489361702
B,L1,voltage,light,0.2565217391304348,0.2978723404255319
B,L1,voltage,light,0.2608695652173913,0.3404255319148936
B,L1,voltage,light,0.26521739130434785,0.3404255319148936
B,L1,voltage,light,0.26956521739130435,0.3829787234042553
B,L1,voltage,light,0.27391304347826084,0.3829787234042553
B,L1,voltage,light,0.2782608695652174,0.2978723404255319
B,L1,voltage,light,0.2826086956521739,0.2978723404255319
B,L1,voltage,light,0.28695652173913044,0.3404255319148936
B,L1,voltage,light,0.29130434782608694,0.3404255319148936
B,L1,voltage,light,0.2956521739130435,0.2978723404255319
B,L1,voltage,light,0.3,0.2553191489361702
B,L1,voltage,light,0.30434782608695654,0.2553191489361702
B,L1,voltage,light,0.30869565217391304,0.2553191489361702
B,L1,voltage,light,0.3130434782608696,0.2553191489361702
B,L1,voltage,light,0.3173913043478261,0.3829787234042553
B,L1,voltage,light,0.3217391304347826,0.5106382978723404
B,L1,voltage,light,0.32608695652173914,0.5531914893617021
B,L1,voltage,light,0.33043478260869563,0.5957446808510638
B,L1,voltage,light,0.3347826086956522,0.5957446808510638
B,L1,voltage,light,0.3391304347826087,0.5531914893617021
B,L1,voltage,light,0.34347826086956523,0.425531914893617
B,L1,voltage,light,0.34782608695652173,0.3404255319148936
B,L1,voltage,light,0.3521739130434783,0.2127659574468085
B,L1,voltage,light,0.3565217391304348,0.1702127659574468
B,L1,voltage,light,0.36086956521739133,0.1702127659574468
B,L1,voltage,light,0.3652173913043478,0.2127659574468085
B,L1,voltage,light,0.3695652173913043,0.2127659574468085
B,L1,voltage,light,0.3739130434782609,0.1702127659574468
B,L1,voltage,light,0.3782608695652174,0.1702127659574468
B,L1,voltage,light,0.3826086956521739,0.0851063829787234
B,L1,voltage,light,0.3869565217391304,0.0851063829787234
B,L1,voltage,light,0.391304347826087,0.0851063829787234
B,L1,voltage,light,0.39565217391304347,0.0851063829787234
B,L1,voltage,light,0.4,0.0851063829787234
B,L1,voltage,light,0.4043478260869565,0.0851063829787234
B,L1,voltage,light,0.40869565217391307,0.0851063829787234
B,L1,voltage,light,0.41304347826086957,0.2127659574468085
B,L1,voltage,light,0.41739130434782606,0.2978723404255319
B,L1,voltage,light,0.4217391304347826,0.3404255319148936
B,L1,voltage,light,0.4260869565217391,0.3404255319148936
B,L1,voltage,light,0.43043478260869567,0.3404255319148936
B,L1,voltage,light,0.43478260869565216,0.2978723404255319
B,L1,voltage,light,0.4391304347826087,0.2553191489361702
B,L1,voltage,light,0.4434782608695652,0.0851063829787234
B,L1,voltage,light,0.44782608695652176,-0.0851063829787234
B,L1,voltage,light,0.45217391304347826,0.0851063829787234
B,L1,voltage,light,0.45652173913043476,0.0851063829787234
B,L1,voltage,light,0.4608695652173913,0.1702127659574468
B,L1,voltage,light,0.4652173913043478,0.2127659574468085
B,L1,voltage,light,0.46956521739130436,0.2553191489361702
B,L1,voltage,light,0.47391304347826085,0.3404255319148936
B,L1,voltage,light,0.4782608695652174,0.3829787234042553
B,L1,voltage,light,0.4826086956521739,0.46808510638297873
B,L1,voltage,light,0.48695652173913045,0.5106382978723404
B,L1,voltage,light,0.49130434782608695,0.5106382978723404
B,L1,voltage,light,0.4956521739130435,0.46808510638297873
B,L1,voltage,light,0.5,0.425531914893617
B,L1,voltage,light,0.5043478260869565,0.2978723404255319
B,L1,voltage,light,0.508695652173913,0.1702127659574468
B,L1,voltage,light,0.5130434782608696,0.1276595744680851
B,L1,voltage,light,0.5173913043478261,0.1276595744680851
B,L1,voltage,light,0.5217391304347826,0.1276595744680851
B,L1,voltage,light,0.5260869565217391,0.1702127659574468
B,L1,voltage,light,0.5304347826086957,0.2127659574468085
B,L1,voltage,light,0.5347826086956522,0.1702127659574468
B,L1,voltage,light,0.5391304347826087,0.0851063829787234
B,L1,voltage,light,0.5434782608695652,0.0851063829787234
B,L1,voltage,dark,0.0,0.0425531914893617
B,L1,voltage,dark,0.004347826086956522,-0.0425531914893617
B,L1,voltage,dark,0.008695652173913044,-0.0425531914893617
B,L1,voltage,dark,0.013043478260869565,-0.0851063829787234
B,L1,voltage,dark,0.017391304347826087,-0.0425531914893617
B,L1,voltage,dark,0.021739130434782608,-0.0425531914893617
B,L1,voltage,dark,0.02608695652173913,0.5106382978723404
B,L1,voltage,dark,0.030434782608695653,1.0212765957446808
B,L1,voltage,dark,0.034782608695652174,1.5319148936170213
B,L1,voltage,dark,0.0391304347826087,2.0425531914893615
B,L1,voltage,dark,0.043478260869565216,2.3404255319148937
B,L1,voltage,dark,0.04782608695652174,2.5106382978723403
B,L1,voltage,dark,0.05217391304347826,2.595744680851064
B,L1,voltage,dark,0.05652173913043478,2.5106382978723403
B,L1,voltage,dark,0.06086956521739131,2.2127659574468086
B,L1,voltage,dark,0.06521739130434782,1.9148936170212767
B,L1,voltage,dark,0.06956521739130435,1.4893617021276595
B,L1,voltage,dark,0.07391304347826087,1.0638297872340425
B,L1,voltage,dark,0.0782608695652174,0.8936170212765957
B,L1,voltage,dark,0.08260869565217391,0.723404255319149
B,L1,voltage,dark,0.08695652173913043,0.5957446808510638
B,L1,voltage,dark,0.09130434782608696,0.46808510638297873
B,L1,voltage,dark,0.09565217391304348,0.3404255319148936
B,L1,voltage,dark,0.1,0.2127659574468085
B,L1,voltage,dark,0.10434782608695652,0.1276595744680851
B,L1,voltage,dark,0.10869565217391304,0.1276595744680851
B,L1,voltage,dark,0.11304347826086956,0.1702127659574468
B,L1,voltage,dark,0.11739130434782609,0.2553191489361702
B,L1,voltage,dark,0.12173913043478261,0.2978723404255319
B,L1,voltage,dark,0.12608695652173912,0.2127659574468085
B,L1,voltage,dark,0.13043478260869565,0.1702127659574468
B,L1,voltage,dark,0.13478260869565217,0.1276595744680851
B,L1,voltage,dark,0.1391304347826087,0.1276595744680851
B,L1,voltage,dark,0.14347826086956522,0.1276595744680851
B,L1,voltage,dark,0.14782608695652175,0.1276595744680851
B,L1,voltage,dark,0.15217391304347827,0.1276595744680851
B,L1,voltage,dark,0.1565217391304348,-0.0425531914893617
B,L1,voltage,dark,0.1608695652173913,-0.0425531914893617
B,L1,voltage,dark,0.16521739130434782,-0.1276595744680851
B,L1,voltage,dark,0.16956521739130434,-0.2553191489361702
B,L1,voltage,dark,0.17391304347826086,-0.3829787234042553
B,L1,voltage,dark,0.1782608695652174,-0.3404255319148936
B,L1,voltage,dark,0.1826086956521739,-0.2978723404255319
B,L1,voltage,dark,0.18695652173913044,-0.2553191489361702
B,L1,voltage,dark,0.19130434782608696,-0.1702127659574468
B,L1,voltage,dark,0.1956521739130435,-0.0851063829787234
B,L1,voltage,dark,0.2,-0.0851063829787234
B,L1,voltage,dark,0.20434782608695654,-0.1276595744680851
B,L1,voltage,dark,0.20869565217391303,-0.2127659574468085
B,L1,voltage,dark,0.21304347826086956,-0.2553191489361702
B,L1,voltage,dark,0.21739130434782608,-0.2978723404255319
B,L1,voltage,dark,0.2217391304347826,-0.2978723404255319
B,L1,voltage,dark,0.22608695652173913,-0.3404255319148936
B,L1,voltage,dark,0.23043478260869565,-0.3404255319148936
B,L1,voltage,dark,0.23478260869565218,-0.3829787234042553
B,L1,voltage,dark,0.2391304347826087,-0.3829787234042553
B,L1,voltage,dark,0.24347826086956523,-0.425531914893617
B,L1,voltage,dark,0.24782608695652175,-0.5106382978723404
B,L1,voltage,dark,0.25217391304347825,-0.5957446808510638
B,L1,voltage,dark,0.2565217391304348,-0.5957446808510638
B,L1,voltage,dark,0.2608695652173913,-0.5957446808510638
B,L1,voltage,dark,0.26521739130434785,-0.5531914893617021
B,L1,voltage,dark,0.26956521739130435,-0.5106382978723404
B,L1,voltage,dark,0.27391304347826084,-0.46808510638297873
B,L1,voltage,dark,0.2782608695652174,-0.46808510638297873
B,L1,voltage,dark,0.2826086956521739,-0.425531914893617
B,L1,voltage,dark,0.28695652173913044,-0.3404255319148936
B,L1,voltage,dark,0.29130434782608694,-0.2553191489361702
B,L1,voltage,dark,0.2956521739130435,-0.2127659574468085
B,L1,voltage,dark,0.3,-0.1702127659574468
B,L1,voltage,dark,0.30434782608695654,-0.1276595744680851
B,L1,voltage,dark,0.30869565217391304,-0.0851063829787234
B,L1,voltage,dark,0.3130434782608696,-0.0851063829787234
B,L1,voltage,dark,0.3173913043478261,-0.0425531914893617
B,L1,voltage,dark,0.3217391304347826,-0.0425531914893617
B,L1,voltage,dark,0.32608695652173914,0.1702127659574468
B,L1,voltage,dark,0.33043478260869563,0.2127659574468085
B,L1,voltage,dark,0.3347826086956522,0.2127659574468085
B,L1,voltage,dark,0.3391304347826087,0.1702127659574468
B,L1,voltage,dark,0.34347826086956523,-0.0425531914893617
B,L1,voltage,dark,0.34782608695652173,-0.0425531914893617
B,L1,voltage,dark,0.3521739130434783,-0.1702127659574468
B,L1,voltage,dark,0.3565217391304348,-0.2553191489361702
B,L1,voltage,dark,0.36086956521739133,-0.2127659574468085
B,L1,voltage,dark,0.3652173913043478,-0.0851063829787234
B,L1,voltage,dark,0.3695652173913043,-0.0425531914893617
B,L1,voltage,dark,0.3739130434782609,-0.0425531914893617
B,L1,voltage,dark,0.3782608695652174,-0.0425531914893617
B,L1,voltage,dark,0.3826086956521739,-0.0425531914893617
B,L1,voltage,dark,0.3869565217391304,-0.1276595744680851
B,L1,voltage,dark,0.391304347826087,-0.2127659574468085
B,L1,voltage,dark,0.39565217391304347,-0.2127659574468085
B,L1,voltage,dark,0.4,-0.1702127659574468
B,L1,voltage,dark,0.4043478260869565,-0.0851063829787234
B,L1,voltage,dark,0.40869565217391307,-0.0425531914893617
B,L1,voltage,dark,0.41304347826086957,-0.0425531914893617
B,L1,voltage,dark,0.41739130434782606,-0.0425531914893617
B,L1,voltage,dark,0.4217391304347826,-0.0425531914893617
B,L1,voltage,dark,0.4260869565217391,-0.0851063829787234
B,L1,voltage,dark,0.43043478260869567,-0.0851063829787234
B,L1,voltage,dark,0.43478260869565216,-0.1276595744680851
B,L1,voltage,dark,0.4391304347826087,-0.1276595744680851
B,L1,voltage,dark,0.4434782608695652,-0.0425531914893617
B,L1,voltage,dark,0.44782608695652176,-0.0425531914893617
B,L1,voltage,dark,0.45217391304347826,-0.0425531914893617
B,L1,voltage,dark,0.45652173913043476,-0.0425531914893617
B,L1,voltage,dark,0.4608695652173913,-0.0425531914893617
B,L1,voltage,dark,0.4652173913043478,-0.1276595744680851
B,L1,voltage,dark,0.46956521739130436,-0.1702127659574468
B,L1,voltage,dark,0.47391304347826085,-0.1702127659574468
B,L1,voltage,dark,0.4782608695652174,-0.0851063829787234
B,L1,voltage,dark,0.4826086956521739,-0.0425531914893617
B,L1,voltage,dark,0.48695652173913045,-0.0425531914893617
B,L1,voltage,dark,0.49130434782608695,-0.0425531914893617
B,L1,voltage,dark,0.4956521739130435,-0.0425531914893617
B,L1,voltage,dark,0.5,-0.0851063829787234
B,L1,voltage,dark,0.5043478260869565,-0.1276595744680851
B,L1,voltage,dark,0.508695652173913,-0.1702127659574468
B,L1,voltage,dark,0.5130434782608696,-0.2553191489361702
B,L1,voltage,dark,0.5173913043478261,-0.2553191489361702
B,L1,voltage,dark,0.5217391304347826,-0.1276595744680851
B,L1,voltage,dark,0.5260869565217391,-0.0425531914893617
B,L1,voltage,dark,0.5304347826086957,0.3404255319148936
B,L1,voltage,dark,0.5347826086956522,0.3404255319148936
B,L1,voltage,dark,0.5391304347826087,0.2553191489361702
B,L1,voltage,dark,0.5434782608695652,0.1276595744680851
B,L1,voltage,dark,0.5478260869565217,0.0851063829787234
B,L1,calcium,light,0.0,-0.1694915254237288
B,L1,calcium,light,0.004347826086956522,-0.1694915254237288
B,L1,calcium,light,0.008695652173913044,-0.0847457627118644
B,L1,calcium,light,0.013043478260869565,-0.0847457627118644
B,L1,calcium,light,0.017391304347826087,-0.0847457627118644
B,L1,calcium,light,0.021739130434782608,-0.0847457627118644
B,L1,calcium,light,0.02608695652173913,-0.0847457627118644
B,L1,calcium,light,0.030434782608695653,-0.0847457627118644
B,L1,calcium,light,0.034782608695652174,-0.3389830508474576
B,L1,calcium,light,0.0391304347826087,-0.7627118644067796
B,L1,calcium,light,0.043478260869565216,-1.4406779661016949
B,L1,calcium,light,0.04782608695652174,-1.9491525423728813
B,L1,calcium,light,0.05217391304347826,-2.3728813559322033
B,L1,calcium,light,0.05652173913043478,-2.8813559322033897
B,L1,calcium,light,0.06086956521739131,-3.559322033898305
B,L1,calcium,light,0.06521739130434782,-4.067796610169491
B,L1,calcium,light,0.06956521739130435,-4.406779661016949
B,L1,calcium,light,0.07391304347826087,-4.576271186440677
B,L1,calcium,light,0.0782608695652174,-4.661016949152542
B,L1,calcium,light,0.08260869565217391,-4.491525423728813
B,L1,calcium,light,0.08695652173913043,-4.322033898305085
B,L1,calcium,light,0.09130434782608696,-4.1525423728813555
B,L1,calcium,light,0.09565217391304348,-3.813559322033898
B,L1,calcium,light,0.1,-3.4745762711864403
B,L1,calcium,light,0.10434782608695652,-3.2203389830508473
B,L1,calcium,light,0.10869565217391304,-2.966101694915254
B,L1,calcium,light,0.11304347826086956,-2.796610169491525
B,L1,calcium,light,0.11739130434782609,-2.6271186440677963
B,L1,calcium,light,0.12173913043478261,-2.2033898305084745
B,L1,calcium,light,0.12608695652173912,-1.8644067796610169
B,L1,calcium,light,0.13043478260869565,-1.5254237288135593
B,L1,calcium,light,0.13478260869565217,-1.271186440677966
B,L1,calcium,light,0.1391304347826087,-1.0169491525423728
B,L1,calcium,light,0.14347826086956522,-0.7627118644067796
B,L1,calcium,light,0.14782608695652175,-0.423728813559322
B,L1,calcium,light,0.15217391304347827,-0.2542372881355932
B,L1,calcium,light,0.1565217391304348,-0.0847457627118644
B,L1,calcium,light,0.1608695652173913,-0.0847457627118644
B,L1,calcium,light,0.16521739130434782,0.2542372881355932
B,L1,calcium,light,0.16956521739130434,0.5932203389830508
B,L1,calcium,light,0.17391304347826086,1.0169491525423728
B,L1,calcium,light,0.1782608695652174,1.1864406779661016
B,L1,calcium,light,0.1826086956521739,1.3559322033898304
B,L1,calcium,light,0.18695652173913044,1.5254237288135593
B,L1,calcium,light,0.19130434782608696,1.6101694915254237
B,L1,calcium,light,0.1956521739130435,1.7796610169491525
B,L1,calcium,light,0.2,1.9491525423728813
B,L1,calcium,light,0.20434782608695654,2.11864406779661
B,L1,calcium,light,0.20869565217391303,2.2033898305084745
B,L1,calcium,light,0.21304347826086956,2.3728813559322033
B,L1,calcium,light,0.21739130434782608,2.6271186440677963
B,L1,calcium,light,0.2217391304347826,2.796610169491525
B,L1,calcium,light,0.22608695652173913,2.8813559322033897
B,L1,calcium,light,0.23043478260869565,2.966101694915254
B,L1,calcium,light,0.23478260869565218,3.2203389830508473
B,L1,calcium,light,0.2391304347826087,3.389830508474576
B,L1,calcium,light,0.24347826086956523,3.4745762711864403
B,L1,calcium,light,0.24782608695652175,3.559322033898305
B,L1,calcium,light,0.25217391304347825,3.644067796610169
B,L1,calcium,light,0.2565217391304348,3.7288135593220337
B,L1,calcium,light,0.2608695652173913,3.813559322033898
B,L1,calcium,light,0.26521739130434785,3.8983050847457625
B,L1,calcium,light,0.26956521739130435,3.9830508474576267
B,L1,calcium,light,0.27391304347826084,3.9830508474576267
B,L1,calcium,light,0.2782608695652174,3.8983050847457625
B,L1,calcium,light,0.2826086956521739,3.813559322033898
B,L1,calcium,light,0.28695652173913044,3.813559322033898
B,L1,calcium,light,0.29130434782608694,3.8983050847457625
B,L1,calcium,light,0.2956521739130435,3.8983050847457625
B,L1,calcium,light,0.3,3.8983050847457625
B,L1,calcium,light,0.30434782608695654,3.9830508474576267
B,L1,calcium,light,0.30869565217391304,3.9830508474576267
B,L1,calcium,light,0.3130434782608696,3.9830508474576267
B,L1,calcium,light,0.3173913043478261,3.9830508474576267
B,L1,calcium,light,0.3217391304347826,3.9830508474576267
B,L1,calcium,light,0.32608695652173914,4.067796610169491
B,L1,calcium,light,0.33043478260869563,4.1525423728813555
B,L1,calcium,light,0.3347826086956522,4.1525423728813555
B,L1,calcium,light,0.3391304347826087,4.1525423728813555
B,L1,calcium,light,0.34347826086956523,4.067796610169491
B,L1,calcium,light,0.34782608695652173,3.9830508474576267
B,L1,calcium,light,0.3521739130434783,3.9830508474576267
B,L1,calcium,light,0.3565217391304348,3.8983050847457625
B,L1,calcium,light,0.36086956521739133,3.7288135593220337
B,L1,calcium,light,0.3652173913043478,3.7288135593220337
B,L1,calcium,light,0.3695652173913043,3.7288135593220337
B,L1,calcium,light,0.3739130434782609,3.7288135593220337
B,L1,calcium,light,0.3782608695652174,3.7288135593220337
B,L1,calcium,light,0.3826086956521739,3.813559322033898
B,L1,calcium,light,0.3869565217391304,3.8983050847457625
B,L1,calcium,light,0.391304347826087,3.8983050847457625
B,L1,calcium,light,0.39565217391304347,3.8983050847457625
B,L1,calcium,light,0.4,3.8983050847457625
B,L1,calcium,light,0.4043478260869565,3.8983050847457625
B,L1,calcium,light,0.40869565217391307,3.813559322033898
B,L1,calcium,light,0.41304347826086957,3.813559322033898
B,L1,calcium,light,0.41739130434782606,3.7288135593220337
B,L1,calcium,light,0.4217391304347826,3.644067796610169
B,L1,calcium,light,0.4260869565217391,3.644067796610169
B,L1,calcium,light,0.43043478260869567,3.644067796610169
B,L1,calcium,light,0.43478260869565216,3.644067796610169
B,L1,calcium,light,0.4391304347826087,3.644067796610169
B,L1,calcium,light,0.4434782608695652,3.644067796610169
B,L1,calcium,light,0.44782608695652176,3.559322033898305
B,L1,calcium,light,0.45217391304347826,3.559322033898305
B,L1,calcium,light,0.45652173913043476,3.4745762711864403
B,L1,calcium,light,0.4608695652173913,3.4745762711864403
B,L1,calcium,light,0.4652173913043478,3.4745762711864403
B,L1,calcium,light,0.46956521739130436,3.4745762711864403
B,L1,calcium,light,0.47391304347826085,3.4745762711864403
B,L1,calcium,light,0.4782608695652174,3.389830508474576
B,L1,calcium,light,0.4826086956521739,3.3050847457627115
B,L1,calcium,light,0.48695652173913045,3.2203389830508473
B,L1,calcium,light,0.49130434782608695,3.2203389830508473
B,L1,calcium,light,0.4956521739130435,3.2203389830508473
B,L1,calcium,light,0.5,3.1355932203389827
B,L1,calcium,light,0.5043478260869565,3.1355932203389827
B,L1,calcium,light,0.508695652173913,3.1355932203389827
B,L1,calcium,light,0.5130434782608696,3.1355932203389827
B,L1,calcium,light,0.5173913043478261,3.1355932203389827
B,L1,calcium,light,0.5217391304347826,3.2203389830508473
B,L1,calcium,light,0.5260869565217391,3.2203389830508473
B,L1,calcium,light,0.5304347826086957,3.1355932203389827
B,L1,calcium,light,0.5347826086956522,3.1355932203389827
B,L1,calcium,light,0.5391304347826087,3.0508474576271185
B,L1,calcium,light,0.5434782608695652,2.966101694915254
B,L1,calcium,light,0.5478260869565217,2.8813559322033897
B,L1,calcium,light,0.5521739130434783,2.796610169491525
B,L1,calcium,light,0.5565217391304348,2.796610169491525
B,L1,calcium,light,0.5608695652173913,2.796610169491525
B,L1,calcium,light,0.5652173913043478,2.796610169491525
B,L1,calcium,light,0.5695652173913044,2.711864406779661
B,L1,calcium,light,0.5739130434782609,2.711864406779661
B,L1,calcium,light,0.5782608695652174,2.796610169491525
B,L1,calcium,light,0.5826086956521739,2.796610169491525
B,L1,calcium,light,0.5869565217391305,2.796610169491525
B,L1,calcium,light,0.591304347826087,2.796610169491525
B,L1,calcium,light,0.5956521739130435,2.796610169491525
B,L1,calcium,light,0.6,2.796610169491525
B,L1,calcium,light,0.6043478260869565,2.711864406779661
B,L1,calcium,light,0.6086956521739131,2.796610169491525
B,L1,calcium,light,0.6130434782608696,2.796610169491525
B,L1,calcium,light,0.6173913043478261,2.796610169491525
B,L1,calcium,light,0.6217391304347826,2.711864406779661
B,L1,calcium,light,0.6260869565217392,2.6271186440677963
B,L1,calcium,light,0.6304347826086957,2.542372881355932
B,L1,calcium,light,0.6347826086956522,2.3728813559322033
B,L1,calcium,light,0.6391304347826087,2.2881355932203387
B,L1,calcium,light,0.6434782608695652,2.2881355932203387
B,L1,calcium,light,0.6478260869565218,2.2881355932203387
B,L1,calcium,light,0.6521739130434783,2.2881355932203387
B,L1,calcium,light,0.6565217391304348,2.2881355932203387
B,L1,calcium,light,0.6608695652173913,2.2881355932203387
B,L1,calcium,light,0.6652173913043479,2.2033898305084745
B,L1,calcium,light,0.6695652173913044,2.2033898305084745
B,L1,calcium,light,0.6739130434782609,2.2033898305084745
B,L1,calcium,light,0.6782608695652174,2.2033898305084745
B,L1,calcium,light,0.6826086956521739,2.2033898305084745
B,L1,calcium,light,0.6869565217391305,2.2033898305084745
B,L1,calcium,light,0.691304347826087,2.11864406779661
B,L1,calcium,light,0.6956521739130435,2.0338983050847457
B,L1,calcium,light,0.7,2.0338983050847457
B,L1,calcium,light,0.7043478260869566,1.8644067796610169
B,L1,calcium,light,0.7086956521739131,1.7796610169491525
B,L1,calcium,light,0.7130434782608696,1.7796610169491525
B,L1,calcium,light,0.717391304347826,1.7796610169491525
B,L1,calcium,light,0.7217391304347827,1.7796610169491525
B,L1,calcium,light,0.7260869565217392,1.7796610169491525
B,L1,calcium,light,0.7304347826086957,1.8644067796610169
B,L1,calcium,light,0.7347826086956522,1.8644067796610169
B,L1,calcium,light,0.7391304347826086,1.7796610169491525
B,L1,calcium,light,0.7434782608695653,1.694915254237288
B,L1,calcium,light,0.7478260869565218,1.6101694915254237
B,L1,calcium,light,0.7521739130434782,1.6101694915254237
B,L1,calcium,light,0.7565217391304347,1.5254237288135593
B,L1,calcium,light,0.7608695652173914,1.5254237288135593
B,L1,calcium,light,0.7652173913043478,1.6101694915254237
B,L1,calcium,light,0.7695652173913043,1.6101694915254237
B,L1,calcium,light,0.7739130434782608,1.5254237288135593
B,L1,calcium,light,0.7782608695652173,1.5254237288135593
B,L1,calcium,light,0.782608695652174,1.6101694915254237
B,L1,calcium,light,0.7869565217391304,1.6101694915254237
B,L1,calcium,light,0.7913043478260869,1.694915254237288
B,L1,calcium,light,0.7956521739130434,1.7796610169491525
B,L1,calcium,light,0.8,1.7796610169491525
B,L1,calcium,light,0.8043478260869565,1.7796610169491525
B,L1,calcium,light,0.808695652173913,1.694915254237288
B,L1,calcium,light,0.8130434782608695,1.694915254237288
B,L1,calcium,light,0.8173913043478261,1.694915254237288
B,L1,calcium,light,0.8217391304347826,1.6101694915254237
B,L1,calcium,light,0.8260869565217391,1.6101694915254237
B,L1,calcium,light,0.8304347826086956,1.6101694915254237
B,L1,calcium,light,0.8347826086956521,1.6101694915254237
B,L1,calcium,light,0.8391304347826087,1.694915254237288
B,L1,calcium,light,0.8434782608695652,1.7796610169491525
B,L1,calcium,light,0.8478260869565217,1.694915254237288
B,L1,calcium,light,0.8521739130434782,1.694915254237288
B,L1,calcium,light,0.8565217391304348,1.6101694915254237
B,L1,calcium,light,0.8608695652173913,1.5254237288135593
B,L1,calcium,light,0.8652173913043478,1.4406779661016949
B,L1,calcium,light,0.8695652173913043,1.3559322033898304
B,L1,calcium,light,0.8739130434782608,1.3559322033898304
B,L1,calcium,light,0.8782608695652174,1.271186440677966
B,L1,calcium,light,0.8826086956521739,1.271186440677966
B,L1,calcium,light,0.8869565217391304,1.271186440677966
B,L1,calcium,light,0.8913043478260869,1.1864406779661016
B,L1,calcium,light,0.8956521739130435,1.1864406779661016
B,L1,calcium,light,0.9,1.1016949152542372
B,L1,calcium,light,0.9043478260869565,1.1016949152542372
B,L1,calcium,light,0.908695652173913,1.1016949152542372
B,L1,calcium,light,0.9130434782608695,1.1016949152542372
B,L1,calcium,light,0.9173913043478261,1.1016949152542372
B,L1,calcium,light,0.9217391304347826,1.1016949152542372
B,L1,calcium,light,0.9260869565217391,1.0169491525423728
B,L1,calcium,light,0.9304347826086956,0.9322033898305084
B,L1,calcium,light,0.9347826086956522,0.9322033898305084
B,L1,calcium,light,0.9391304347826087,0.847457627118644
B,L1,calcium,light,0.9434782608695652,0.7627118644067796
B,L1,calcium,light,0.9478260869565217,0.7627118644067796
B,L1,calcium,light,0.9521739130434783,0.7627118644067796
B,L1,calcium,light,0.9565217391304348,0.7627118644067796
B,L1,calcium,light,0.9608695652173913,0.847457627118644
B,L1,calcium,light,0.9652173913043478,0.847457627118644
B,L1,calcium,light,0.9695652173913043,0.9322033898305084
B,L1,calcium,light,0.9739130434782609,1.0169491525423728
B,L1,calcium,light,0.9782608695652174,1.0169491525423728
B,L1,calcium,light,0.9826086956521739,1.0169491525423728
B,L1,calcium,light,0.9869565217391304,1.1016949152542372
B,L1,calcium,light,0.991304347826087,1.1016949152542372
B,L1,calcium,light,0.9956521739130435,1.1016949152542372
B,L1,calcium,light,1.0,1.0169491525423728
B,L1,calcium,light,1.0043478260869565,0.9322033898305084
B,L1,calcium,light,1.008695652173913,0.847457627118644
B,L1,calcium,light,1.0130434782608695,0.847457627118644
B,L1,calcium,light,1.017391304347826,0.847457627118644
B,L1,calcium,light,1.0217391304347827,0.847457627118644
B,L1,calcium,light,1.0260869565217392,0.9322033898305084
B,L1,calcium,light,1.0304347826086957,1.0169491525423728
B,L1,calcium,light,1.0347826086956522,1.1016949152542372
B,L1,calcium,light,1.0391304347826087,1.1864406779661016
B,L1,calcium,light,1.0434782608695652,1.1864406779661016
B,L1,calcium,light,1.0478260869565217,1.1864406779661016
B,L1,calcium,light,1.0521739130434782,1.1864406779661016
B,L1,calcium,light,1.0565217391304347,1.1016949152542372
B,L1,calcium,light,1.0608695652173914,1.0169491525423728
B,L1,calcium,light,1.065217391304348,0.9322033898305084
B,L1,calcium,light,1.0695652173913044,0.847457627118644
B,L1,calcium,light,1.0739130434782609,0.7627118644067796
B,L1,calcium,light,1.0782608695652174,0.7627118644067796
B,L1,calcium,light,1.0826086956521739,0.7627118644067796
B,L1,calcium,light,1.0869565217391304,0.7627118644067796
B,L1,calcium,light,1.0913043478260869,0.7627118644067796
B,L1,calcium,light,1.0956521739130434,0.847457627118644
B,L1,calcium,light,1.1,0.7627118644067796
B,L1,calcium,light,1.1043478260869566,0.7627118644067796
B,L1,calcium,light,1.108695652173913,0.847457627118644
B,L1,calcium,light,1.1130434782608696,0.7627118644067796
B,L1,calcium,light,1.117391304347826,0.6779661016949152
B,L1,calcium,light,1.1217391304347826,0.6779661016949152
B,L1,calcium,light,1.126086956521739,0.6779661016949152
B,L1,calcium,light,1.1304347826086956,0.6779661016949152
B,L1,calcium,light,1.1347826086956523,0.7627118644067796
B,L1,calcium,light,1.1391304347826088,0.847457627118644
B,L1,calcium,light,1.1434782608695653,0.9322033898305084
B,L1,calcium,light,1.1478260869565218,0.9322033898305084
B,L1,calcium,light,1.1521739130434783,0.9322033898305084
B,L1,calcium,light,1.1565217391304348,0.9322033898305084
B,L1,calcium,light,1.1608695652173913,0.847457627118644
B,L1,calcium,light,1.1652173913043478,0.847457627118644
B,L1,calcium,light,1.1695652173913043,0.847457627118644
B,L1,calcium,light,1.173913043478261,0.847457627118644
B,L1,calcium,light,1.1782608695652175,0.847457627118644
B,L1,calcium,light,1.182608695652174,0.7627118644067796
B,L1,calcium,light,1.1869565217391305,0.7627118644067796
B,L1,calcium,light,1.191304347826087,0.6779661016949152
B,L1,calcium,light,1.1956521739130435,0.6779661016949152
B,L1,calcium,light,1.2,0.6779661016949152
B,L1,calcium,light,1.2043478260869565,0.6779661016949152
B,L1,calcium,light,1.208695652173913,0.6779661016949152
B,L1,calcium,light,1.2130434782608697,0.7627118644067796
B,L1,calcium,light,1.2173913043478262,0.7627118644067796
B,L1,calcium,light,1.2217391304347827,0.7627118644067796
B,L1,calcium,light,1.2260869565217392,0.7627118644067796
B,L1,calcium,light,1.2304347826086957,0.7627118644067796
B,L1,calcium,light,1.2347826086956522,0.6779661016949152
B,L1,calcium,light,1.2391304347826086,0.5932203389830508
B,L1,calcium,light,1.2434782608695651,0.5932203389830508
B,L1,calcium,light,1.2478260869565216,0.5932203389830508
B,L1,calcium,light,1.2521739130434784,0.5932203389830508
B,L1,calcium,light,1.2565217391304349,0.6779661016949152
B,L1,calcium,light,1.2608695652173914,0.7627118644067796
B,L1,calcium,light,1.2652173913043478,0.7627118644067796
B,L1,calcium,light,1.2695652173913043,0.6779661016949152
B,L1,calcium,light,1.2739130434782608,0.6779661016949152
B,L1,calcium,light,1.2782608695652173,0.5932203389830508
B,L1,calcium,light,1.2826086956521738,0.5084745762711864
B,L1,calcium,light,1.2869565217391303,0.5084745762711864
B,L1,calcium,light,1.291304347826087,0.423728813559322
B,L1,calcium,light,1.2956521739130435,0.423728813559322
B,L1,calcium,light,1.3,0.423728813559322
B,L1,calcium,light,1.3043478260869565,0.423728813559322
B,L1,calcium,light,1.308695652173913,0.423728813559322
B,L1,calcium,light,1.3130434782608695,0.3389830508474576
B,L1,calcium,light,1.317391304347826,0.423728813559322
B,L1,calcium,light,1.3217391304347825,0.423728813559322
B,L1,calcium,light,1.326086956521739,0.423728813559322
B,L1,calcium,light,1.3304347826086957,0.423728813559322
B,L1,calcium,light,1.3347826086956522,0.3389830508474576
B,L1,calcium,light,1.3391304347826087,0.2542372881355932
B,L1,calcium,light,1.3434782608695652,0.2542372881355932
B,L1,calcium,light,1.3478260869565217,0.3389830508474576
B,L1,calcium,light,1.3521739130434782,0.3389830508474576
B,L1,calcium,light,1.3565217391304347,0.423728813559322
B,L1,calcium,light,1.3608695652173912,0.423728813559322
B,L1,calcium,light,1.3652173913043477,0.423728813559322
B,L1,calcium,light,1.3695652173913044,0.423728813559322
B,L1,calcium,light,1.373913043478261,0.423728813559322
B,L1,calcium,light,1.3782608695652174,0.423728813559322
B,L1,calcium,light,1.382608695652174,0.5084745762711864
B,L1,calcium,light,1.3869565217391304,0.5932203389830508
B,L1,calcium,light,1.391304347826087,0.6779661016949152
B,L1,calcium,light,1.3956521739130434,0.7627118644067796
B,L1,calcium,light,1.4,0.847457627118644
B,L1,calcium,light,1.4043478260869566,0.847457627118644
B,L1,calcium,light,1.4086956521739131,0.7627118644067796
B,L1,calcium,light,1.4130434782608696,0.7627118644067796
B,L1,calcium,light,1.4173913043478261,0.6779661016949152
B,L1,calcium,light,1.4217391304347826,0.6779661016949152
B,L1,calcium,light,1.4260869565217391,0.5932203389830508
B,L1,calcium,light,1.4304347826086956,0.5084745762711864
B,L1,calcium,light,1.434782608695652,0.5084745762711864
B,L1,calcium,light,1.4391304347826086,0.5084745762711864
B,L1,calcium,light,1.4434782608695653,0.423728813559322
B,L1,calcium,light,1.4478260869565218,0.423728813559322
B,L1,calcium,light,1.4521739130434783,0.423728813559322
B,L1,calcium,light,1.4565217391304348,0.423728813559322
B,L1,calcium,light,1.4608695652173913,0.423728813559322
B,L1,calcium,light,1.4652173913043478,0.5084745762711864
B,L1,calcium,light,1.4695652173913043,0.5084745762711864
B,L1,calcium,light,1.4739130434782608,0.5084745762711864
B,L1,calcium,light,1.4782608695652173,0.423728813559322
B,L1,calcium,light,1.482608695652174,0.3389830508474576
B,L1,calcium,light,1.4869565217391305,0.3389830508474576
B,L1,calcium,light,1.491304347826087,0.3389830508474576
B,L1,calcium,light,1.4956521739130435,0.423728813559322
B,L1,calcium,light,1.5,0.423728813559322
B,L1,calcium,light,1.5043478260869565,0.423728813559322
B,L1,calcium,light,1.508695652173913,0.5084745762711864
B,L1,calcium,light,1.5130434782608695,0.5084745762711864
B,L1,calcium,light,1.517391304347826,0.5084745762711864
B,L1,calcium,light,1.5217391304347827,0.5084745762711864
B,L1,calcium,light,1.5260869565217392,0.5084745762711864
B,L1,calcium,light,1.5304347826086957,0.5084745762711864
B,L1,calcium,light,1.5347826086956522,0.423728813559322
B,L1,calcium,light,1.5391304347826087,0.423728813559322
B,L1,calcium,light,1.5434782608695652,0.423728813559322
B,L1,calcium,light,1.5478260869565217,0.423728813559322
B,L1,calcium,light,1.5521739130434782,0.5084745762711864
B,L1,calcium,light,1.5565217391304347,0.5932203389830508
B,L1,calcium,light,1.5608695652173914,0.5932203389830508
B,L1,calcium,light,1.565217391304348,0.5932203389830508
B,L1,calcium,light,1.5695652173913044,0.5932203389830508
B,L1,calcium,light,1.5739130434782609,0.5932203389830508
B,L1,calcium,light,1.5782608695652174,0.5932203389830508
B,L1,calcium,dark,0.0,0.423728813559322
B,L1,calcium,dark,0.004347826086956522,0.423728813559322
B,L1,calcium,dark,0.008695652173913044,0.423728813559322
B,L1,calcium,dark,0.013043478260869565,0.5084745762711864
B,L1,calcium,dark,0.017391304347826087,0.5932203389830508
B,L1,calcium,dark,0.021739130434782608,0.5932203389830508
B,L1,calcium,dark,0.02608695652173913,0.6779661016949152
B,L1,calcium,dark,0.030434782608695653,0.7627118644067796
B,L1,calcium,dark,0.034782608695652174,0.9322033898305084
B,L1,calcium,dark,0.0391304347826087,1.1016949152542372
B,L1,calcium,dark,0.043478260869565216,1.271186440677966
B,L1,calcium,dark,0.04782608695652174,1.4406779661016949
B,L1,calcium,dark,0.05217391304347826,1.9491525423728813
B,L1,calcium,dark,0.05652173913043478,2.542372881355932
B,L1,calcium,dark,0.06086956521739131,3.3050847457627115
B,L1,calcium,dark,0.06521739130434782,3.813559322033898
B,L1,calcium,dark,0.06956521739130435,4.1525423728813555
B,L1,calcium,dark,0.07391304347826087,4.491525423728813
B,L1,calcium,dark,0.0782608695652174,4.830508474576271
B,L1,calcium,dark,0.08260869565217391,5.084745762711864
B,L1,calcium,dark,0.08695652173913043,5.2542372881355925
B,L1,calcium,dark,0.09130434782608696,5.508474576271186
B,L1,calcium,dark,0.09565217391304348,5.762711864406779
B,L1,calcium,dark,0.1,6.016949152542373
B,L1,calcium,dark,0.10434782608695652,6.101694915254237
B,L1,calcium,dark,0.10869565217391304,6.016949152542373
B,L1,calcium,dark,0.11304347826086956,5.932203389830508
B,L1,calcium,dark,0.11739130434782609,5.932203389830508
B,L1,calcium,dark,0.12173913043478261,5.847457627118644
B,L1,calcium,dark,0.12608695652173912,5.847457627118644
B,L1,calcium,dark,0.13043478260869565,5.762711864406779
B,L1,calcium,dark,0.13478260869565217,5.677966101694915
B,L1,calcium,dark,0.1391304347826087,5.677966101694915
B,L1,calcium,dark,0.14347826086956522,5.677966101694915
B,L1,calcium,dark,0.14782608695652175,5.677966101694915
B,L1,calcium,dark,0.15217391304347827,5.59322033898305
B,L1,calcium,dark,0.1565217391304348,5.508474576271186
B,L1,calcium,dark,0.1608695652173913,5.423728813559322
B,L1,calcium,dark,0.16521739130434782,5.338983050847458
B,L1,calcium,dark,0.16956521739130434,5.2542372881355925
B,L1,calcium,dark,0.17391304347826086,5.084745762711864
B,L1,calcium,dark,0.1782608695652174,4.915254237288135
B,L1,calcium,dark,0.1826086956521739,4.745762711864407
B,L1,calcium,dark,0.18695652173913044,4.661016949152542
B,L1,calcium,dark,0.19130434782608696,4.576271186440677
B,L1,calcium,dark,0.1956521739130435,4.406779661016949
B,L1,calcium,dark,0.2,4.322033898305085
B,L1,calcium,dark,0.20434782608695654,4.23728813559322
B,L1,calcium,dark,0.20869565217391303,4.067796610169491
B,L1,calcium,dark,0.21304347826086956,3.9830508474576267
B,L1,calcium,dark,0.21739130434782608,3.8983050847457625
B,L1,calcium,dark,0.2217391304347826,3.7288135593220337
B,L1,calcium,dark,0.22608695652173913,3.4745762711864403
B,L1,calcium,dark,0.23043478260869565,3.389830508474576
B,L1,calcium,dark,0.23478260869565218,3.3050847457627115
B,L1,calcium,dark,0.2391304347826087,3.1355932203389827
B,L1,calcium,dark,0.24347826086956523,3.0508474576271185
B,L1,calcium,dark,0.24782608695652175,3.0508474576271185
B,L1,calcium,dark,0.25217391304347825,2.966101694915254
B,L1,calcium,dark,0.2565217391304348,2.796610169491525
B,L1,calcium,dark,0.2608695652173913,2.711864406779661
B,L1,calcium,dark,0.26521739130434785,2.542372881355932
B,L1,calcium,dark,0.26956521739130435,2.3728813559322033
B,L1,calcium,dark,0.27391304347826084,2.2033898305084745
B,L1,calcium,dark,0.2782608695652174,2.0338983050847457
B,L1,calcium,dark,0.2826086956521739,2.0338983050847457
B,L1,calcium,dark,0.28695652173913044,2.0338983050847457
B,L1,calcium,dark,0.29130434782608694,2.0338983050847457
B,L1,calcium,dark,0.2956521739130435,2.0338983050847457
B,L1,calcium,dark,0.3,2.0338983050847457
B,L1,calcium,dark,0.30434782608695654,1.9491525423728813
B,L1,calcium,dark,0.30869565217391304,1.8644067796610169
B,L1,calcium,dark,0.3130434782608696,1.694915254237288
B,L1,calcium,dark,0.3173913043478261,1.4406779661016949
B,L1,calcium,dark,0.3217391304347826,1.271186440677966
B,L1,calcium,dark,0.32608695652173914,1.1864406779661016
B,L1,calcium,dark,0.33043478260869563,1.1016949152542372
B,L1,calcium,dark,0.3347826086956522,1.1016949152542372
B,L1,calcium,dark,0.3391304347826087,1.1864406779661016
B,L1,calcium,dark,0.34347826086956523,1.1864406779661016
B,L1,calcium,dark,0.34782608695652173,1.1016949152542372
B,L1,calcium,dark,0.3521739130434783,1.1016949152542372
B,L1,calcium,dark,0.3565217391304348,1.0169491525423728
B,L1,calcium,dark,0.36086956521739133,0.7627118644067796
B,L1,calcium,dark,0.3652173913043478,0.5932203389830508
B,L1,calcium,dark,0.3695652173913043,0.5932203389830508
B,L1,calcium,dark,0.3739130434782609,0.5084745762711864
B,L1,calcium,dark,0.3782608695652174,0.5084745762711864
B,L1,calcium,dark,0.3826086956521739,0.5084745762711864
B,L1,calcium,dark,0.3869565217391304,0.5084745762711864
B,L1,calcium,dark,0.391304347826087,0.423728813559322
B,L1,calcium,dark,0.39565217391304347,0.3389830508474576
B,L1,calcium,dark,0.4,0.3389830508474576
B,L1,calcium,dark,0.4043478260869565,0.2542372881355932
B,L1,calcium,dark,0.40869565217391307,0.1694915254237288
B,L1,calcium,dark,0.41304347826086957,-0.1694915254237288
B,L1,calcium,dark,0.41739130434782606,-0.1694915254237288
B,L1,calcium,dark,0.4217391304347826,-0.1694915254237288
B,L1,calcium,dark,0.4260869565217391,-0.1694915254237288
B,L1,calcium,dark,0.43043478260869567,0.1694915254237288
B,L1,calcium,dark,0.43478260869565216,0.1694915254237288
B,L1,calcium,dark,0.4391304347826087,0.1694915254237288
B,L1,calcium,dark,0.4434782608695652,0.1694915254237288
B,L1,calcium,dark,0.44782608695652176,0.1694915254237288
B,L1,calcium,dark,0.45217391304347826,-0.1694915254237288
B,L1,calcium,dark,0.45652173913043476,-0.1694915254237288
B,L1,calcium,dark,0.4608695652173913,-0.1694915254237288
B,L1,calcium,dark,0.4652173913043478,-0.2542372881355932
B,L1,calcium,dark,0.46956521739130436,-0.3389830508474576
B,L1,calcium,dark,0.47391304347826085,-0.423728813559322
B,L1,calcium,dark,0.4782608695652174,-0.5084745762711864
B,L1,calcium,dark,0.4826086956521739,-0.5084745762711864
B,L1,calcium,dark,0.48695652173913045,-0.5084745762711864
B,L1,calcium,dark,0.49130434782608695,-0.5084745762711864
B,L1,calcium,dark,0.4956521739130435,-0.5084745762711864
B,L1,calcium,dark,0.5,-0.5084745762711864
B,L1,calcium,dark,0.5043478260869565,-0.5084745762711864
B,L1,calcium,dark,0.508695652173913,-0.5932203389830508
B,L1,calcium,dark,0.5130434782608696,-0.6779661016949152
B,L1,calcium,dark,0.5173913043478261,-0.6779661016949152
B,L1,calcium,dark,0.5217391304347826,-0.847457627118644
B,L1,calcium,dark,0.5260869565217391,-0.9322033898305084
B,L1,calcium,dark,0.5304347826086957,-0.9322033898305084
B,L1,calcium,dark,0.5347826086956522,-0.9322033898305084
B,L1,calcium,dark,0.5391304347826087,-0.847457627118644
B,L1,calcium,dark,0.5434782608695652,-0.7627118644067796
B,L1,calcium,dark,0.5478260869565217,-0.7627118644067796
B,L1,calcium,dark,0.5521739130434783,-0.6779661016949152
B,L1,calcium,dark,0.5565217391304348,-0.6779661016949152
B,L1,calcium,dark,0.5608695652173913,-0.6779661016949152
B,L1,calcium,dark,0.5652173913043478,-0.6779661016949152
B,L1,calcium,dark,0.5695652173913044,-0.6779661016949152
B,L1,calcium,dark,0.5739130434782609,-0.6779661016949152
B,L1,calcium,dark,0.5782608695652174,-0.7627118644067796
B,L1,calcium,dark,0.5826086956521739,-0.7627118644067796
B,L1,calcium,dark,0.5869565217391305,-0.847457627118644
B,L1,calcium,dark,0.591304347826087,-0.9322033898305084
B,L1,calcium,dark,0.5956521739130435,-1.0169491525423728
B,L1,calcium,dark,0.6,-1.0169491525423728
B,L1,calcium,dark,0.6043478260869565,-1.0169491525423728
B,L1,calcium,dark,0.6086956521739131,-1.0169491525423728
B,L1,calcium,dark,0.6130434782608696,-1.1016949152542372
B,L1,calcium,dark,0.6173913043478261,-1.1016949152542372
B,L1,calcium,dark,0.6217391304347826,-1.0169491525423728
B,L1,calcium,dark,0.6260869565217392,-1.0169491525423728
B,L1,calcium,dark,0.6304347826086957,-1.0169491525423728
B,L1,calcium,dark,0.6347826086956522,-1.0169491525423728
B,L1,calcium,dark,0.6391304347826087,-1.0169491525423728
B,L1,calcium,dark,0.6434782608695652,-1.0169491525423728
B,L1,calcium,dark,0.6478260869565218,-1.1016949152542372
B,L1,calcium,dark,0.6521739130434783,-1.1016949152542372
B,L1,calcium,dark,0.6565217391304348,-1.0169491525423728
B,L1,calcium,dark,0.6608695652173913,-1.0169491525423728
B,L1,calcium,dark,0.6652173913043479,-0.9322033898305084
B,L1,calcium,dark,0.6695652173913044,-0.847457627118644
B,L1,calcium,dark,0.6739130434782609,-0.7627118644067796
B,L1,calcium,dark,0.6782608695652174,-0.7627118644067796
B,L1,calcium,dark,0.6826086956521739,-0.6779661016949152
B,L1,calcium,dark,0.6869565217391305,-0.6779661016949152
B,L1,calcium,dark,0.691304347826087,-0.6779661016949152
B,L1,calcium,dark,0.6956521739130435,-0.6779661016949152
B,L1,calcium,dark,0.7,-0.7627118644067796
B,L1,calcium,dark,0.7043478260869566,-0.847457627118644
B,L1,calcium,dark,0.7086956521739131,-0.9322033898305084
B,L1,calcium,dark,0.7130434782608696,-1.0169491525423728
B,L1,calcium,dark,0.717391304347826,-1.0169491525423728
B,L1,calcium,dark,0.7217391304347827,-1.1016949152542372
B,L1,calcium,dark,0.7260869565217392,-1.0169491525423728
B,L1,calcium,dark,0.7304347826086957,-0.9322033898305084
B,L1,calcium,dark,0.7347826086956522,-0.9322033898305084
B,L1,calcium,dark,0.7391304347826086,-0.847457627118644
B,L1,calcium,dark,0.7434782608695653,-0.847457627118644
B,L1,calcium,dark,0.7478260869565218,-0.9322033898305084
B,L1,calcium,dark,0.7521739130434782,-0.847457627118644
B,L1,calcium,dark,0.7565217391304347,-0.847457627118644
B,L1,calcium,dark,0.7608695652173914,-0.847457627118644
B,L1,calcium,dark,0.7652173913043478,-0.847457627118644
B,L1,calcium,dark,0.7695652173913043,-0.847457627118644
B,L1,calcium,dark,0.7739130434782608,-0.7627118644067796
B,L1,calcium,dark,0.7782608695652173,-0.7627118644067796
B,L1,calcium,dark,0.782608695652174,-0.7627118644067796
B,L1,calcium,dark,0.7869565217391304,-0.847457627118644
B,L1,calcium,dark,0.7913043478260869,-0.7627118644067796
B,L1,calcium,dark,0.7956521739130434,-0.7627118644067796
B,L1,calcium,dark,0.8,-0.7627118644067796
B,L1,calcium,dark,0.8043478260869565,-0.6779661016949152
B,L1,calcium,dark,0.808695652173913,-0.6779661016949152
B,L1,calcium,dark,0.8130434782608695,-0.6779661016949152
B,L1,calcium,dark,0.8173913043478261,-0.6779661016949152
B,L1,calcium,dark,0.8217391304347826,-0.7627118644067796
B,L1,calcium,dark,0.8260869565217391,-0.7627118644067796
B,L1,calcium,dark,0.8304347826086956,-0.7627118644067796
B,L1,calcium,dark,0.8347826086956521,-0.7627118644067796
B,L1,calcium,dark,0.8391304347826087,-0.7627118644067796
B,L1,calcium,dark,0.8434782608695652,-0.6779661016949152
B,L1,calcium,dark,0.8478260869565217,-0.6779661016949152
B,L1,calcium,dark,0.8521739130434782,-0.6779661016949152
B,L1,calcium,dark,0.8565217391304348,-0.6779661016949152
B,L1,calcium,dark,0.8608695652173913,-0.6779661016949152
B,L1,calcium,dark,0.8652173913043478,-0.6779661016949152
B,L1,calcium,dark,0.8695652173913043,-0.6779661016949152
B,L1,calcium,dark,0.8739130434782608,-0.6779661016949152
B,L1,calcium,dark,0.8782608695652174,-0.7627118644067796
B,L1,calcium,dark,0.8826086956521739,-0.7627118644067796
B,L1,calcium,dark,0.8869565217391304,-0.6779661016949152
B,L1,calcium,dark,0.8913043478260869,-0.6779661016949152
B,L1,calcium,dark,0.8956521739130435,-0.6779661016949152
B,L1,calcium,dark,0.9,-0.6779661016949152
B,L1,calcium,dark,0.9043478260869565,-0.6779661016949152
B,L1,calcium,dark,0.908695652173913,-0.6779661016949152
B,L1,calcium,dark,0.9130434782608695,-0.6779661016949152
B,L1,calcium,dark,0.9173913043478261,-0.6779661016949152
B,L1,calcium,dark,0.9217391304347826,-0.5932203389830508
B,L1,calcium,dark,0.9260869565217391,-0.5932203389830508
B,L1,calcium,dark,0.9304347826086956,-0.5932203389830508
B,L1,calcium,dark,0.9347826086956522,-0.5932203389830508
B,L1,calcium,dark,0.9391304347826087,-0.5932203389830508
B,L1,calcium,dark,0.9434782608695652,-0.5932203389830508
B,L1,calcium,dark,0.9478260869565217,-0.5932203389830508
B,L1,calcium,dark,0.9521739130434783,-0.5932203389830508
B,L1,calcium,dark,0.9565217391304348,-0.5932203389830508
B,L1,calcium,dark,0.9608695652173913,-0.5932203389830508
B,L1,calcium,dark,0.9652173913043478,-0.5932203389830508
B,L1,calcium,dark,0.9695652173913043,-0.5932203389830508
B,L1,calcium,dark,0.9739130434782609,-0.5932203389830508
B,L1,calcium,dark,0.9782608695652174,-0.5932203389830508
B,L1,calcium,dark,0.9826086956521739,-0.5084745762711864
B,L1,calcium,dark,0.9869565217391304,-0.423728813559322
B,L1,calcium,dark,0.991304347826087,-0.423728813559322
B,L1,calcium,dark,0.9956521739130435,-0.423728813559322
B,L1,calcium,dark,1.0,-0.3389830508474576
B,L1,calcium,dark,1.0043478260869565,-0.3389830508474576
B,L1,calcium,dark,1.008695652173913,-0.3389830508474576
B,L1,calcium,dark,1.0130434782608695,-0.3389830508474576
B,L1,calcium,dark,1.017391304347826,-0.3389830508474576
B,L1,calcium,dark,1.0217391304347827,-0.3389830508474576
B,L1,calcium,dark,1.0260869565217392,-0.3389830508474576
B,L1,calcium,dark,1.0304347826086957,-0.423728813559322
B,L1,calcium,dark,1.0347826086956522,-0.423728813559322
B,L1,calcium,dark,1.0391304347826087,-0.5084745762711864
B,L1,calcium,dark,1.0434782608695652,-0.5084745762711864
B,L1,calcium,dark,1.0478260869565217,-0.5084745762711864
B,L1,calcium,dark,1.0521739130434782,-0.423728813559322
B,L1,calcium,dark,1.0565217391304347,-0.3389830508474576
B,L1,calcium,dark,1.0608695652173914,-0.3389830508474576
B,L1,calcium,dark,1.065217391304348,-0.3389830508474576
B,L1,calcium,dark,1.0695652173913044,-0.3389830508474576
B,L1,calcium,dark,1.0739130434782609,-0.423728813559322
B,L1,calcium,dark,1.0782608695652174,-0.423728813559322
B,L1,calcium,dark,1.0826086956521739,-0.423728813559322
B,L1,calcium,dark,1.0869565217391304,-0.5084745762711864
B,L1,calcium,dark,1.0913043478260869,-0.5084745762711864
B,L1,calcium,dark,1.0956521739130434,-0.5932203389830508
B,L1,calcium,dark,1.1,-0.5084745762711864
B,L1,calcium,dark,1.1043478260869566,-0.5084745762711864
B,L1,calcium,dark,1.108695652173913,-0.5084745762711864
B,L1,calcium,dark,1.1130434782608696,-0.5084745762711864
B,L1,calcium,dark,1.117391304347826,-0.5084745762711864
B,L1,calcium,dark,1.1217391304347826,-0.5084745762711864
B,L1,calcium,dark,1.126086956521739,-0.423728813559322
B,L1,calcium,dark,1.1304347826086956,-0.423728813559322
B,L1,calcium,dark,1.1347826086956523,-0.423728813559322
B,L1,calcium,dark,1.1391304347826088,-0.423728813559322
B,L1,calcium,dark,1.1434782608695653,-0.3389830508474576
B,L1,calcium,dark,1.1478260869565218,-0.423728813559322
B,L1,calcium,dark,1.1521739130434783,-0.423728813559322
B,L1,calcium,dark,1.1565217391304348,-0.423728813559322
B,L1,calcium,dark,1.1608695652173913,-0.3389830508474576
B,L1,calcium,dark,1.1652173913043478,-0.3389830508474576
B,L1,calcium,dark,1.1695652173913043,-0.3389830508474576
B,L1,calcium,dark,1.173913043478261,-0.3389830508474576
B,L1,calcium,dark,1.1782608695652175,-0.2542372881355932
B,L1,calcium,dark,1.182608695652174,-0.3389830508474576
B,L1,calcium,dark,1.1869565217391305,-0.3389830508474576
B,L1,calcium,dark,1.191304347826087,-0.3389830508474576
B,L1,calcium,dark,1.1956521739130435,-0.2542372881355932
B,L1,calcium,dark,1.2,-0.3389830508474576
B,L1,calcium,dark,1.2043478260869565,-0.2542372881355932
B,L1,calcium,dark,1.208695652173913,-0.2542372881355932
B,L1,calcium,dark,1.2130434782608697,-0.1694915254237288
B,L1,calcium,dark,1.2173913043478262,-0.1694915254237288
B,L1,calcium,dark,1.2217391304347827,-0.1694915254237288
B,L1,calcium,dark,1.2260869565217392,-0.1694915254237288
B,L1,calcium,dark,1.2304347826086957,-0.1694915254237288
B,L1,calcium,dark,1.2347826086956522,-0.1694915254237288
B,L1,calcium,dark,1.2391304347826086,-0.1694915254237288
B,L1,calcium,dark,1.2434782608695651,-0.1694915254237288
B,L1,calcium,dark,1.2478260869565216,-0.1694915254237288
B,L1,calcium,dark,1.2521739130434784,-0.2542372881355932
B,L1,calcium,dark,1.2565217391304349,-0.2542372881355932
B,L1,calcium,dark,1.2608695652173914,-0.2542372881355932
B,L1,calcium,dark,1.2652173913043478,-0.1694915254237288
B,L1,calcium,dark,1.2695652173913043,-0.1694915254237288
B,L1,calcium,dark,1.2739130434782608,-0.1694915254237288
B,L1,calcium,dark,1.2782608695652173,-0.1694915254237288
B,L1,calcium,dark,1.2826086956521738,-0.1694915254237288
B,L1,calcium,dark,1.2869565217391303,-0.2542372881355932
B,L1,calcium,dark,1.291304347826087,-0.2542372881355932
B,L1,calcium,dark,1.2956521739130435,-0.3389830508474576
B,L1,calcium,dark,1.3,-0.3389830508474576
B,L1,calcium,dark,1.3043478260869565,-0.2542372881355932
B,L1,calcium,dark,1.308695652173913,-0.1694915254237288
B,L1,calcium,dark,1.3130434782608695,-0.1694915254237288
B,L1,calcium,dark,1.317391304347826,-0.1694915254237288
B,L1,calcium,dark,1.3217391304347825,-0.1694915254237288
B,L1,calcium,dark,1.326086956521739,-0.1694915254237288
B,L1,calcium,dark,1.3304347826086957,-0.1694915254237288
B,L1,calcium,dark,1.3347826086956522,-0.1694915254237288
B,L1,calcium,dark,1.3391304347826087,-0.2542372881355932
B,L1,calcium,dark,1.3434782608695652,-0.2542372881355932
B,L1,calcium,dark,1.3478260869565217,-0.1694915254237288
B,L1,calcium,dark,1.3521739130434782,-0.1694915254237288
B,L1,calcium,dark,1.3565217391304347,-0.1694915254237288
B,L1,calcium,dark,1.3608695652173912,-0.2542372881355932
B,L1,calcium,dark,1.3652173913043477,-0.2542372881355932
B,L1,calcium,dark,1.3695652173913044,-0.3389830508474576
B,L1,calcium,dark,1.373913043478261,-0.423728813559322
B,L1,calcium,dark,1.3782608695652174,-0.423728813559322
B,L1,calcium,dark,1.382608695652174,-0.423728813559322
B,L1,calcium,dark,1.3869565217391304,-0.3389830508474576
B,L1,calcium,dark,1.391304347826087,-0.2542372881355932
B,L1,calcium,dark,1.3956521739130434,-0.2542372881355932
B,L1,calcium,dark,1.4,-0.2542372881355932
B,L1,calcium,dark,1.4043478260869566,-0.2542372881355932
B,L1,calcium,dark,1.4086956521739131,-0.2542372881355932
B,L1,calcium,dark,1.4130434782608696,-0.2542372881355932
B,L1,calcium,dark,1.4173913043478261,-0.3389830508474576
B,L1,calcium,dark,1.4217391304347826,-0.423728813559322
B,L1,calcium,dark,1.4260869565217391,-0.423728813559322
B,L1,calcium,dark,1.4304347826086956,-0.423728813559322
B,L1,calcium,dark,1.434782608695652,-0.423728813559322
B,L1,calcium,dark,1.4391304347826086,-0.3389830508474576
B,L1,calcium,dark,1.4434782608695653,-0.3389830508474576
B,L1,calcium,dark,1.4478260869565218,-0.2542372881355932
B,L1,calcium,dark,1.4521739130434783,-0.2542372881355932
B,L1,calcium,dark,1.4565217391304348,-0.2542372881355932
B,L1,calcium,dark,1.4608695652173913,-0.1694915254237288
B,L1,calcium,dark,1.4652173913043478,-0.1694915254237288
B,L1,calcium,dark,1.4695652173913043,-0.1694915254237288
B,L1,calcium,dark,1.4739130434782608,-0.1694915254237288
B,L1,calcium,dark,1.4782608695652173,-0.1694915254237288
B,L1,calcium,dark,1.482608695652174,-0.1694915254237288
B,L1,calcium,dark,1.4869565217391305,-0.1694915254237288
B,L1,calcium,dark,1.491304347826087,-0.1694915254237288
B,L1,calcium,dark,1.4956521739130435,-0.2542372881355932
B,L1,calcium,dark,1.5,-0.2542372881355932
B,L1,calcium,dark,1.5043478260869565,-0.2542372881355932
B,L1,calcium,dark,1.508695652173913,-0.2542372881355932
B,L1,calcium,dark,1.5130434782608695,-0.2542372881355932
B,L1,calcium,dark,1.517391304347826,-0.2542372881355932
B,L1,calcium,dark,1.5217391304347827,-0.2542372881355932
B,L1,calcium,dark,1.5260869565217392,-0.2542372881355932
B,L1,calcium,dark,1.5304347826086957,-0.3389830508474576
B,L1,calcium,dark,1.5347826086956522,-0.3389830508474576
B,L1,calcium,dark,1.5391304347826087,-0.423728813559322
B,L1,calcium,dark,1.5434782608695652,-0.423728813559322
B,L1,calcium,dark,1.5478260869565217,-0.3389830508474576
B,L1,calcium,dark,1.5521739130434782,-0.3389830508474576
B,L1,calcium,dark,1.5565217391304347,-0.3389830508474576
B,L1,calcium,dark,1.5608695652173914,-0.3389830508474576
B,L1,calcium,dark,1.565217391304348,-0.2542372881355932
B,L1,calcium,dark,1.5695652173913044,-0.2542372881355932
B,L1,calcium,dark,1.5739130434782609,-0.2542372881355932
B,L1,calcium,dark,1.5782608695652174,-0.2542372881355932
B,Tm3,voltage,light,0.0,0.2857142857142857
B,Tm3,voltage,light,0.004347826086956522,0.2857142857142857
B,Tm3,voltage,light,0.008695652173913044,0.2857142857142857
B,Tm3,voltage,light,0.013043478260869565,0.2857142857142857
B,Tm3,voltage,light,0.017391304347826087,0.2857142857142857
B,Tm3,voltage,light,0.021739130434782608,0.7142857142857143
B,Tm3,voltage,light,0.02608695652173913,1.2857142857142858
B,Tm3,voltage,light,0.030434782608695653,2.5714285714285716
B,Tm3,voltage,light,0.034782608695652174,4.142857142857143
B,Tm3,voltage,light,0.0391304347826087,5.857142857142857
B,Tm3,voltage,light,0.043478260869565216,7.714285714285714
B,Tm3,voltage,light,0.04782608695652174,9.142857142857142
B,Tm3,voltage,light,0.05217391304347826,10.285714285714286
B,Tm3,voltage,light,0.05652173913043478,10.857142857142858
B,Tm3,voltage,light,0.06086956521739131,10.714285714285714
B,Tm3,voltage,light,0.06521739130434782,10.285714285714286
B,Tm3,voltage,light,0.06956521739130435,9.714285714285714
B,Tm3,voltage,light,0.07391304347826087,8.285714285714286
B,Tm3,voltage,light,0.0782608695652174,6.857142857142857
B,Tm3,voltage,light,0.08260869565217391,4.714285714285714
B,Tm3,voltage,light,0.08695652173913043,2.857142857142857
B,Tm3,voltage,light,0.09130434782608696,1.7142857142857142
B,Tm3,voltage,light,0.09565217391304348,0.5714285714285714
B,Tm3,voltage,light,0.1,-0.2857142857142857
B,Tm3,voltage,light,0.10434782608695652,-0.5714285714285714
B,Tm3,voltage,light,0.10869565217391304,-0.7142857142857143
B,Tm3,voltage,light,0.11304347826086956,-1.0
B,Tm3,voltage,light,0.11739130434782609,-1.2857142857142858
B,Tm3,voltage,light,0.12173913043478261,-1.5714285714285714
B,Tm3,voltage,light,0.12608695652173912,-1.8571428571428572
B,Tm3,voltage,light,0.13043478260869565,-2.0
B,Tm3,voltage,light,0.13478260869565217,-2.142857142857143
B,Tm3,voltage,light,0.1391304347826087,-2.2857142857142856
B,Tm3,voltage,light,0.14347826086956522,-2.2857142857142856
B,Tm3,voltage,light,0.14782608695652175,-2.2857142857142856
B,Tm3,voltage,light,0.15217391304347827,-2.2857142857142856
B,Tm3,voltage,light,0.1565217391304348,-2.2857142857142856
B,Tm3,voltage,light,0.1608695652173913,-2.2857142857142856
B,Tm3,voltage,light,0.16521739130434782,-2.2857142857142856
B,Tm3,voltage,light,0.16956521739130434,-2.142857142857143
B,Tm3,voltage,light,0.17391304347826086,-2.142857142857143
B,Tm3,voltage,light,0.1782608695652174,-2.0
B,Tm3,voltage,light,0.1826086956521739,-2.0
B,Tm3,voltage,light,0.18695652173913044,-2.0
B,Tm3,voltage,light,0.19130434782608696,-2.0
B,Tm3,voltage,light,0.1956521739130435,-2.0
B,Tm3,voltage,light,0.2,-1.8571428571428572
B,Tm3,voltage,light,0.20434782608695654,-1.8571428571428572
B,Tm3,voltage,light,0.20869565217391303,-1.7142857142857142
B,Tm3,voltage,light,0.21304347826086956,-1.5714285714285714
B,Tm3,voltage,light,0.21739130434782608,-1.4285714285714286
B,Tm3,voltage,light,0.2217391304347826,-1.2857142857142858
B,Tm3,voltage,light,0.22608695652173913,-1.4285714285714286
B,Tm3,voltage,light,0.23043478260869565,-1.4285714285714286
B,Tm3,voltage,light,0.23478260869565218,-1.7142857142857142
B,Tm3,voltage,light,0.2391304347826087,-2.0
B,Tm3,voltage,light,0.24347826086956523,-2.142857142857143
B,Tm3,voltage,light,0.24782608695652175,-2.142857142857143
B,Tm3,voltage,light,0.25217391304347825,-2.142857142857143
B,Tm3,voltage,light,0.2565217391304348,-2.142857142857143
B,Tm3,voltage,light,0.2608695652173913,-2.142857142857143
B,Tm3,voltage,light,0.26521739130434785,-2.0
B,Tm3,voltage,light,0.26956521739130435,-1.8571428571428572
B,Tm3,voltage,light,0.27391304347826084,-1.8571428571428572
B,Tm3,voltage,light,0.2782608695652174,-1.7142857142857142
B,Tm3,voltage,light,0.2826086956521739,-1.7142857142857142
B,Tm3,voltage,light,0.28695652173913044,-1.5714285714285714
B,Tm3,voltage,light,0.29130434782608694,-1.5714285714285714
B,Tm3,voltage,light,0.2956521739130435,-1.4285714285714286
B,Tm3,voltage,light,0.3,-1.2857142857142858
B,Tm3,voltage,light,0.30434782608695654,-1.1428571428571428
B,Tm3,voltage,light,0.30869565217391304,-1.1428571428571428
B,Tm3,voltage,light,0.3130434782608696,-1.1428571428571428
B,Tm3,voltage,light,0.3173913043478261,-1.2857142857142858
B,Tm3,voltage,light,0.3217391304347826,-1.2857142857142858
B,Tm3,voltage,light,0.32608695652173914,-1.2857142857142858
B,Tm3,voltage,light,0.33043478260869563,-1.2857142857142858
B,Tm3,voltage,light,0.3347826086956522,-1.2857142857142858
B,Tm3,voltage,light,0.3391304347826087,-1.1428571428571428
B,Tm3,voltage,light,0.34347826086956523,-1.1428571428571428
B,Tm3,voltage,light,0.34782608695652173,-1.1428571428571428
B,Tm3,voltage,light,0.3521739130434783,-1.2857142857142858
B,Tm3,voltage,light,0.3565217391304348,-1.2857142857142858
B,Tm3,voltage,light,0.36086956521739133,-1.2857142857142858
B,Tm3,voltage,light,0.3652173913043478,-1.2857142857142858
B,Tm3,voltage,light,0.3695652173913043,-1.1428571428571428
B,Tm3,voltage,light,0.3739130434782609,-1.0
B,Tm3,voltage,light,0.3782608695652174,-1.0
B,Tm3,voltage,light,0.3826086956521739,-0.8571428571428571
B,Tm3,voltage,light,0.3869565217391304,-0.7142857142857143
B,Tm3,voltage,light,0.391304347826087,-0.5714285714285714
B,Tm3,voltage,light,0.39565217391304347,-0.5714285714285714
B,Tm3,voltage,light,0.4,-0.5714285714285714
B,Tm3,voltage,light,0.4043478260869565,-0.5714285714285714
B,Tm3,voltage,light,0.40869565217391307,-0.5714285714285714
B,Tm3,voltage,light,0.41304347826086957,-0.7142857142857143
B,Tm3,voltage,light,0.41739130434782606,-0.7142857142857143
B,Tm3,voltage,light,0.4217391304347826,-0.8571428571428571
B,Tm3,voltage,light,0.4260869565217391,-0.8571428571428571
B,Tm3,voltage,light,0.43043478260869567,-0.8571428571428571
B,Tm3,voltage,light,0.43478260869565216,-1.0
B,Tm3,voltage,light,0.4391304347826087,-1.0
B,Tm3,voltage,light,0.4434782608695652,-1.0
B,Tm3,voltage,light,0.44782608695652176,-1.0
B,Tm3,voltage,light,0.45217391304347826,-0.8571428571428571
B,Tm3,voltage,light,0.45652173913043476,-0.8571428571428571
B,Tm3,voltage,light,0.4608695652173913,-0.8571428571428571
B,Tm3,voltage,light,0.4652173913043478,-0.8571428571428571
B,Tm3,voltage,light,0.46956521739130436,-0.8571428571428571
B,Tm3,voltage,light,0.47391304347826085,-0.7142857142857143
B,Tm3,voltage,light,0.4782608695652174,-0.5714285714285714
B,Tm3,voltage,light,0.4826086956521739,-0.42857142857142855
B,Tm3,voltage,light,0.48695652173913045,-0.2857142857142857
B,Tm3,voltage,light,0.49130434782608695,-0.2857142857142857
B,Tm3,voltage,light,0.4956521739130435,-0.2857142857142857
B,Tm3,voltage,light,0.5,-0.2857142857142857
B,Tm3,voltage,light,0.5043478260869565,-0.2857142857142857
B,Tm3,voltage,light,0.508695652173913,-0.2857142857142857
B,Tm3,voltage,light,0.5130434782608696,-0.42857142857142855
B,Tm3,voltage,light,0.5173913043478261,-0.5714285714285714
B,Tm3,voltage,light,0.5217391304347826,-0.5714285714285714
B,Tm3,voltage,light,0.5260869565217391,-0.5714285714285714
B,Tm3,voltage,light,0.5304347826086957,-0.42857142857142855
B,Tm3,voltage,light,0.5347826086956522,-0.2857142857142857
B,Tm3,voltage,light,0.5391304347826087,-0.2857142857142857
B,Tm3,voltage,dark,0.004347826086956522,-0.14285714285714285
B,Tm3,voltage,dark,0.008695652173913044,-0.14285714285714285
B,Tm3,voltage,dark,0.013043478260869565,-0.14285714285714285
B,Tm3,voltage,dark,0.017391304347826087,-0.14285714285714285
B,Tm3,voltage,dark,0.021739130434782608,-0.14285714285714285
B,Tm3,voltage,dark,0.02608695652173913,-0.14285714285714285
B,Tm3,voltage,dark,0.030434782608695653,-0.14285714285714285
B,Tm3,voltage,dark,0.034782608695652174,-0.5714285714285714
B,Tm3,voltage,dark,0.0391304347826087,-0.8571428571428571
B,Tm3,voltage,dark,0.043478260869565216,-1.4285714285714286
B,Tm3,voltage,dark,0.04782608695652174,-2.0
B,Tm3,voltage,dark,0.05217391304347826,-2.857142857142857
B,Tm3,voltage,dark,0.05652173913043478,-3.5714285714285716
B,Tm3,voltage,dark,0.06086956521739131,-4.285714285714286
B,Tm3,voltage,dark,0.06521739130434782,-4.857142857142857
B,Tm3,voltage,dark,0.06956521739130435,-5.0
B,Tm3,voltage,dark,0.07391304347826087,-4.857142857142857
B,Tm3,voltage,dark,0.0782608695652174,-4.142857142857143
B,Tm3,voltage,dark,0.08260869565217391,-3.142857142857143
B,Tm3,voltage,dark,0.08695652173913043,-2.4285714285714284
B,Tm3,voltage,dark,0.09130434782608696,-1.7142857142857142
B,Tm3,voltage,dark,0.09565217391304348,-1.0
B,Tm3,voltage,dark,0.1,-0.42857142857142855
B,Tm3,voltage,dark,0.10434782608695652,-0.14285714285714285
B,Tm3,voltage,dark,0.10869565217391304,-0.14285714285714285
B,Tm3,voltage,dark,0.11304347826086956,0.42857142857142855
B,Tm3,voltage,dark,0.11739130434782609,0.42857142857142855
B,Tm3,voltage,dark,0.12173913043478261,0.5714285714285714
B,Tm3,voltage,dark,0.12608695652173912,0.5714285714285714
B,Tm3,voltage,dark,0.13043478260869565,0.5714285714285714
B,Tm3,voltage,dark,0.13478260869565217,0.5714285714285714
B,Tm3,voltage,dark,0.1391304347826087,0.5714285714285714
B,Tm3,voltage,dark,0.14347826086956522,0.5714285714285714
B,Tm3,voltage,dark,0.14782608695652175,0.7142857142857143
B,Tm3,voltage,dark,0.15217391304347827,0.8571428571428571
B,Tm3,voltage,dark,0.1565217391304348,0.8571428571428571
B,Tm3,voltage,dark,0.1608695652173913,1.0
B,Tm3,voltage,dark,0.16521739130434782,1.0
B,Tm3,voltage,dark,0.16956521739130434,1.0
B,Tm3,voltage,dark,0.17391304347826086,1.0
B,Tm3,voltage,dark,0.1782608695652174,1.1428571428571428
B,Tm3,voltage,dark,0.1826086956521739,1.1428571428571428
B,Tm3,voltage,dark,0.18695652173913044,1.2857142857142858
B,Tm3,voltage,dark,0.19130434782608696,1.4285714285714286
B,Tm3,voltage,dark,0.1956521739130435,1.2857142857142858
B,Tm3,voltage,dark,0.2,1.1428571428571428
B,Tm3,voltage,dark,0.20434782608695654,1.0
B,Tm3,voltage,dark,0.20869565217391303,0.8571428571428571
B,Tm3,voltage,dark,0.21304347826086956,0.5714285714285714
B,Tm3,voltage,dark,0.21739130434782608,0.42857142857142855
B,Tm3,voltage,dark,0.2217391304347826,0.42857142857142855
B,Tm3,voltage,dark,0.22608695652173913,0.42857142857142855
B,Tm3,voltage,dark,0.23043478260869565,0.42857142857142855
B,Tm3,voltage,dark,0.23478260869565218,0.42857142857142855
B,Tm3,voltage,dark,0.2391304347826087,0.5714285714285714
B,Tm3,voltage,dark,0.24347826086956523,0.7142857142857143
B,Tm3,voltage,dark,0.24782608695652175,0.8571428571428571
B,Tm3,voltage,dark,0.25217391304347825,1.0
B,Tm3,voltage,dark,0.2565217391304348,1.0
B,Tm3,voltage,dark,0.2608695652173913,1.0
B,Tm3,voltage,dark,0.26521739130434785,1.1428571428571428
B,Tm3,voltage,dark,0.26956521739130435,1.1428571428571428
B,Tm3,voltage,dark,0.27391304347826084,1.0
B,Tm3,voltage,dark,0.2782608695652174,1.0
B,Tm3,voltage,dark,0.2826086956521739,0.8571428571428571
B,Tm3,voltage,dark,0.28695652173913044,0.7142857142857143
B,Tm3,voltage,dark,0.29130434782608694,0.5714285714285714
B,Tm3,voltage,dark,0.2956521739130435,0.5714285714285714
B,Tm3,voltage,dark,0.3,0.5714285714285714
B,Tm3,voltage,dark,0.30434782608695654,0.5714285714285714
B,Tm3,voltage,dark,0.30869565217391304,0.7142857142857143
B,Tm3,voltage,dark,0.3130434782608696,1.0
B,Tm3,voltage,dark,0.3173913043478261,1.1428571428571428
B,Tm3,voltage,dark,0.3217391304347826,1.1428571428571428
B,Tm3,voltage,dark,0.32608695652173914,1.1428571428571428
B,Tm3,voltage,dark,0.33043478260869563,1.1428571428571428
B,Tm3,voltage,dark,0.3347826086956522,1.0
B,Tm3,voltage,dark,0.3391304347826087,1.0
B,Tm3,voltage,dark,0.34347826086956523,0.7142857142857143
B,Tm3,voltage,dark,0.34782608695652173,0.5714285714285714
B,Tm3,voltage,dark,0.3521739130434783,0.5714285714285714
B,Tm3,voltage,dark,0.3565217391304348,0.5714285714285714
B,Tm3,voltage,dark,0.36086956521739133,0.42857142857142855
B,Tm3,voltage,dark,0.3652173913043478,0.42857142857142855
B,Tm3,voltage,dark,0.3695652173913043,-0.14285714285714285
B,Tm3,voltage,dark,0.3739130434782609,-0.14285714285714285
B,Tm3,voltage,dark,0.3782608695652174,-0.14285714285714285
B,Tm3,voltage,dark,0.3826086956521739,-0.14285714285714285
B,Tm3,voltage,dark,0.3869565217391304,-0.14285714285714285
B,Tm3,voltage,dark,0.391304347826087,-0.14285714285714285
B,Tm3,voltage,dark,0.39565217391304347,0.42857142857142855
B,Tm3,voltage,dark,0.4,0.5714285714285714
B,Tm3,voltage,dark,0.4043478260869565,0.8571428571428571
B,Tm3,voltage,dark,0.40869565217391307,1.1428571428571428
B,Tm3,voltage,dark,0.41304347826086957,1.2857142857142858
B,Tm3,voltage,dark,0.41739130434782606,1.2857142857142858
B,Tm3,voltage,dark,0.4217391304347826,1.2857142857142858
B,Tm3,voltage,dark,0.4260869565217391,1.2857142857142858
B,Tm3,voltage,dark,0.43043478260869567,1.2857142857142858
B,Tm3,voltage,dark,0.43478260869565216,1.1428571428571428
B,Tm3,voltage,dark,0.4391304347826087,1.0
B,Tm3,voltage,dark,0.4434782608695652,0.8571428571428571
B,Tm3,voltage,dark,0.44782608695652176,0.7142857142857143
B,Tm3,voltage,dark,0.45217391304347826,0.5714285714285714
B,Tm3,voltage,dark,0.45652173913043476,0.5714285714285714
B,Tm3,voltage,dark,0.4608695652173913,0.5714285714285714
B,Tm3,voltage,dark,0.4652173913043478,0.42857142857142855
B,Tm3,voltage,dark,0.46956521739130436,0.5714285714285714
B,Tm3,voltage,dark,0.47391304347826085,0.7142857142857143
B,Tm3,voltage,dark,0.4782608695652174,0.7142857142857143
B,Tm3,voltage,dark,0.4826086956521739,0.7142857142857143
B,Tm3,voltage,dark,0.48695652173913045,0.7142857142857143
B,Tm3,voltage,dark,0.49130434782608695,0.7142857142857143
B,Tm3,voltage,dark,0.4956521739130435,0.5714285714285714
B,Tm3,voltage,dark,0.5,0.5714285714285714
B,Tm3,voltage,dark,0.5043478260869565,0.42857142857142855
B,Tm3,voltage,dark,0.508695652173913,0.42857142857142855
B,Tm3,voltage,dark,0.5130434782608696,0.42857142857142855
B,Tm3,voltage,dark,0.5173913043478261,0.5714285714285714
B,Tm3,voltage,dark,0.5217391304347826,0.5714285714285714
B,Tm3,voltage,dark,0.5260869565217391,0.7142857142857143
B,Tm3,voltage,dark,0.5304347826086957,0.7142857142857143
B,Tm3,voltage,dark,0.5347826086956522,0.7142857142857143
B,Tm3,voltage,dark,0.5391304347826087,0.5714285714285714
B,Tm3,voltage,dark,0.5434782608695652,0.42857142857142855
B,Tm3,voltage,dark,0.5478260869565217,0.2857142857142857
B,Tm3,calcium,light,0.0,-0.7692307692307692
B,Tm3,calcium,light,0.004347826086956522,-0.7692307692307692
B,Tm3,calcium,light,0.008695652173913044,-0.7692307692307692
B,Tm3,calcium,light,0.013043478260869565,-0.7692307692307692
B,Tm3,calcium,light,0.017391304347826087,-0.7692307692307692
B,Tm3,calcium,light,0.021739130434782608,-0.7692307692307692
B,Tm3,calcium,light,0.02608695652173913,-0.7692307692307692
B,Tm3,calcium,light,0.030434782608695653,1.923076923076923
B,Tm3,calcium,light,0.034782608695652174,6.153846153846153
B,Tm3,calcium,light,0.0391304347826087,10.384615384615385
B,Tm3,calcium,light,0.043478260869565216,15.0
B,Tm3,calcium,light,0.04782608695652174,20.0
B,Tm3,calcium,light,0.05217391304347826,28.076923076923077
B,Tm3,calcium,light,0.05652173913043478,36.53846153846154
B,Tm3,calcium,light,0.06086956521739131,46.53846153846154
B,Tm3,calcium,light,0.06521739130434782,53.07692307692307
B,Tm3,calcium,light,0.06956521739130435,58.07692307692307
B,Tm3,calcium,light,0.07391304347826087,63.07692307692307
B,Tm3,calcium,light,0.0782608695652174,66.92307692307692
B,Tm3,calcium,light,0.08260869565217391,69.23076923076923
B,Tm3,calcium,light,0.08695652173913043,70.76923076923077
B,Tm3,calcium,light,0.09130434782608696,72.3076923076923
B,Tm3,calcium,light,0.09565217391304348,73.07692307692308
B,Tm3,calcium,light,0.1,73.46153846153845
B,Tm3,calcium,light,0.10434782608695652,73.46153846153845
B,Tm3,calcium,light,0.10869565217391304,73.46153846153845
B,Tm3,calcium,light,0.11304347826086956,73.07692307692308
B,Tm3,calcium,light,0.11739130434782609,72.6923076923077
B,Tm3,calcium,light,0.12173913043478261,72.3076923076923
B,Tm3,calcium,light,0.12608695652173912,71.92307692307692
B,Tm3,calcium,light,0.13043478260869565,71.53846153846153
B,Tm3,calcium,light,0.13478260869565217,70.76923076923077
B,Tm3,calcium,light,0.1391304347826087,69.61538461538461
B,Tm3,calcium,light,0.14347826086956522,68.46153846153845
B,Tm3,calcium,light,0.14782608695652175,67.6923076923077
B,Tm3,calcium,light,0.15217391304347827,66.92307692307692
B,Tm3,calcium,light,0.1565217391304348,66.15384615384615
B,Tm3,calcium,light,0.1608695652173913,65.38461538461539
B,Tm3,calcium,light,0.16521739130434782,64.61538461538461
B,Tm3,calcium,light,0.16956521739130434,63.46153846153846
B,Tm3,calcium,light,0.17391304347826086,61.92307692307692
B,Tm3,calcium,light,0.1782608695652174,61.15384615384615
B,Tm3,calcium,light,0.1826086956521739,60.0
B,Tm3,calcium,light,0.18695652173913044,59.230769230769226
B,Tm3,calcium,light,0.19130434782608696,58.46153846153846
B,Tm3,calcium,light,0.1956521739130435,57.69230769230769
B,Tm3,calcium,light,0.2,56.92307692307692
B,Tm3,calcium,light,0.20434782608695654,56.15384615384615
B,Tm3,calcium,light,0.20869565217391303,55.38461538461538
B,Tm3,calcium,light,0.21304347826086956,54.61538461538461
B,Tm3,calcium,light,0.21739130434782608,53.84615384615385
B,Tm3,calcium,light,0.2217391304347826,52.69230769230769
B,Tm3,calcium,light,0.22608695652173913,51.53846153846154
B,Tm3,calcium,light,0.23043478260869565,51.15384615384615
B,Tm3,calcium,light,0.23478260869565218,50.38461538461538
B,Tm3,calcium,light,0.2391304347826087,50.0
B,Tm3,calcium,light,0.24347826086956523,49.230769230769226
B,Tm3,calcium,light,0.24782608695652175,48.07692307692307
B,Tm3,calcium,light,0.25217391304347825,46.92307692307692
B,Tm3,calcium,light,0.2565217391304348,46.15384615384615
B,Tm3,calcium,light,0.2608695652173913,45.76923076923077
B,Tm3,calcium,light,0.26521739130434785,44.61538461538461
B,Tm3,calcium,light,0.26956521739130435,43.46153846153846
B,Tm3,calcium,light,0.27391304347826084,42.30769230769231
B,Tm3,calcium,light,0.2782608695652174,41.53846153846154
B,Tm3,calcium,light,0.2826086956521739,41.15384615384615
B,Tm3,calcium,light,0.28695652173913044,40.76923076923077
B,Tm3,calcium,light,0.29130434782608694,40.0
B,Tm3,calcium,light,0.2956521739130435,39.61538461538461
B,Tm3,calcium,light,0.3,38.84615384615385
B,Tm3,calcium,light,0.30434782608695654,38.07692307692307
B,Tm3,calcium,light,0.30869565217391304,36.92307692307692
B,Tm3,calcium,light,0.3130434782608696,35.76923076923077
B,Tm3,calcium,light,0.3173913043478261,35.0
B,Tm3,calcium,light,0.3217391304347826,34.61538461538461
B,Tm3,calcium,light,0.32608695652173914,34.230769230769226
B,Tm3,calcium,light,0.33043478260869563,33.46153846153846
B,Tm3,calcium,light,0.3347826086956522,33.07692307692307
B,Tm3,calcium,light,0.3391304347826087,32.30769230769231
B,Tm3,calcium,light,0.34347826086956523,31.923076923076923
B,Tm3,calcium,light,0.34782608695652173,31.538461538461537
B,Tm3,calcium,light,0.3521739130434783,30.769230769230766
B,Tm3,calcium,light,0.3565217391304348,30.384615384615383
B,Tm3,calcium,light,0.36086956521739133,29.615384615384613
B,Tm3,calcium,light,0.3652173913043478,28.846153846153847
B,Tm3,calcium,light,0.3695652173913043,28.46153846153846
B,Tm3,calcium,light,0.3739130434782609,28.076923076923077
B,Tm3,calcium,light,0.3782608695652174,27.69230769230769
B,Tm3,calcium,light,0.3826086956521739,27.307692307692307
B,Tm3,calcium,light,0.3869565217391304,26.923076923076923
B,Tm3,calcium,light,0.391304347826087,26.153846153846153
B,Tm3,calcium,light,0.39565217391304347,25.76923076923077
B,Tm3,calcium,light,0.4,25.384615384615383
B,Tm3,calcium,light,0.4043478260869565,25.0
B,Tm3,calcium,light,0.40869565217391307,24.23076923076923
B,Tm3,calcium,light,0.41304347826086957,23.846153846153847
B,Tm3,calcium,light,0.41739130434782606,23.846153846153847
B,Tm3,calcium,light,0.4217391304347826,23.846153846153847
B,Tm3,calcium,light,0.4260869565217391,23.46153846153846
B,Tm3,calcium,light,0.43043478260869567,23.076923076923077
B,Tm3,calcium,light,0.43478260869565216,22.307692307692307
B,Tm3,calcium,light,0.4391304347826087,21.923076923076923
B,Tm3,calcium,light,0.4434782608695652,21.538461538461537
B,Tm3,calcium,light,0.44782608695652176,21.153846153846153
B,Tm3,calcium,light,0.45217391304347826,20.76923076923077
B,Tm3,calcium,light,0.45652173913043476,20.384615384615383
B,Tm3,calcium,light,0.4608695652173913,20.0
B,Tm3,calcium,light,0.4652173913043478,19.615384615384613
B,Tm3,calcium,light,0.46956521739130436,19.23076923076923
B,Tm3,calcium,light,0.47391304347826085,18.846153846153847
B,Tm3,calcium,light,0.4782608695652174,18.46153846153846
B,Tm3,calcium,light,0.4826086956521739,18.46153846153846
B,Tm3,calcium,light,0.48695652173913045,18.076923076923077
B,Tm3,calcium,light,0.49130434782608695,17.692307692307693
B,Tm3,calcium,light,0.4956521739130435,17.307692307692307
B,Tm3,calcium,light,0.5,16.923076923076923
B,Tm3,calcium,light,0.5043478260869565,16.538461538461537
B,Tm3,calcium,light,0.508695652173913,16.153846153846153
B,Tm3,calcium,light,0.5130434782608696,16.153846153846153
B,Tm3,calcium,light,0.5173913043478261,15.769230769230768
B,Tm3,calcium,light,0.5217391304347826,15.384615384615383
B,Tm3,calcium,light,0.5260869565217391,15.0
B,Tm3,calcium,light,0.5304347826086957,14.615384615384615
B,Tm3,calcium,light,0.5347826086956522,14.615384615384615
B,Tm3,calcium,light,0.5391304347826087,14.23076923076923
B,Tm3,calcium,light,0.5434782608695652,13.846153846153845
B,Tm3,calcium,light,0.5478260869565217,13.846153846153845
B,Tm3,calcium,light,0.5521739130434783,13.461538461538462
B,Tm3,calcium,light,0.5565217391304348,13.461538461538462
B,Tm3,calcium,light,0.5608695652173913,13.076923076923077
B,Tm3,calcium,light,0.5652173913043478,12.692307692307692
B,Tm3,calcium,light,0.5695652173913044,12.307692307692307
B,Tm3,calcium,light,0.5739130434782609,11.923076923076923
B,Tm3,calcium,light,0.5782608695652174,11.923076923076923
B,Tm3,calcium,light,0.5826086956521739,11.923076923076923
B,Tm3,calcium,light,0.5869565217391305,11.923076923076923
B,Tm3,calcium,light,0.591304347826087,11.538461538461538
B,Tm3,calcium,light,0.5956521739130435,11.153846153846153
B,Tm3,calcium,light,0.6,10.769230769230768
B,Tm3,calcium,light,0.6043478260869565,10.769230769230768
B,Tm3,calcium,light,0.6086956521739131,10.384615384615385
B,Tm3,calcium,light,0.6130434782608696,10.384615384615385
B,Tm3,calcium,light,0.6173913043478261,10.0
B,Tm3,calcium,light,0.6217391304347826,10.0
B,Tm3,calcium,light,0.6260869565217392,10.0
B,Tm3,calcium,light,0.6304347826086957,9.615384615384615
B,Tm3,calcium,light,0.6347826086956522,9.615384615384615
B,Tm3,calcium,light,0.6391304347826087,9.23076923076923
B,Tm3,calcium,light,0.6434782608695652,8.846153846153847
B,Tm3,calcium,light,0.6478260869565218,8.846153846153847
B,Tm3,calcium,light,0.6521739130434783,8.461538461538462
B,Tm3,calcium,light,0.6565217391304348,8.461538461538462
B,Tm3,calcium,light,0.6608695652173913,8.076923076923077
B,Tm3,calcium,light,0.6652173913043479,8.076923076923077
B,Tm3,calcium,light,0.6695652173913044,7.692307692307692
B,Tm3,calcium,light,0.6739130434782609,7.3076923076923075
B,Tm3,calcium,light,0.6782608695652174,7.3076923076923075
B,Tm3,calcium,light,0.6826086956521739,7.3076923076923075
B,Tm3,calcium,light,0.6869565217391305,7.692307692307692
B,Tm3,calcium,light,0.691304347826087,7.692307692307692
B,Tm3,calcium,light,0.6956521739130435,7.692307692307692
B,Tm3,calcium,light,0.7,7.3076923076923075
B,Tm3,calcium,light,0.7043478260869566,6.9230769230769225
B,Tm3,calcium,light,0.7086956521739131,6.9230769230769225
B,Tm3,calcium,light,0.7130434782608696,6.9230769230769225
B,Tm3,calcium,light,0.717391304347826,6.538461538461538
B,Tm3,calcium,light,0.7217391304347827,6.538461538461538
B,Tm3,calcium,light,0.7260869565217392,6.153846153846153
B,Tm3,calcium,light,0.7304347826086957,5.769230769230769
B,Tm3,calcium,light,0.7347826086956522,5.769230769230769
B,Tm3,calcium,light,0.7391304347826086,5.384615384615384
B,Tm3,calcium,light,0.7434782608695653,5.384615384615384
B,Tm3,calcium,light,0.7478260869565218,5.384615384615384
B,Tm3,calcium,light,0.7521739130434782,5.0
B,Tm3,calcium,light,0.7565217391304347,5.0
B,Tm3,calcium,light,0.7608695652173914,5.0
B,Tm3,calcium,light,0.7652173913043478,4.615384615384615
B,Tm3,calcium,light,0.7695652173913043,4.615384615384615
B,Tm3,calcium,light,0.7739130434782608,4.230769230769231
B,Tm3,calcium,light,0.7782608695652173,4.230769230769231
B,Tm3,calcium,light,0.782608695652174,4.230769230769231
B,Tm3,calcium,light,0.7869565217391304,4.230769230769231
B,Tm3,calcium,light,0.7913043478260869,4.230769230769231
B,Tm3,calcium,light,0.7956521739130434,4.230769230769231
B,Tm3,calcium,light,0.8,3.846153846153846
B,Tm3,calcium,light,0.8043478260869565,3.846153846153846
B,Tm3,calcium,light,0.808695652173913,3.846153846153846
B,Tm3,calcium,light,0.8130434782608695,3.846153846153846
B,Tm3,calcium,light,0.8173913043478261,3.846153846153846
B,Tm3,calcium,light,0.8217391304347826,3.846153846153846
B,Tm3,calcium,light,0.8260869565217391,3.846153846153846
B,Tm3,calcium,light,0.8304347826086956,3.846153846153846
B,Tm3,calcium,light,0.8347826086956521,3.846153846153846
B,Tm3,calcium,light,0.8391304347826087,3.846153846153846
B,Tm3,calcium,light,0.8434782608695652,3.846153846153846
B,Tm3,calcium,light,0.8478260869565217,3.846153846153846
B,Tm3,calcium,light,0.8521739130434782,3.4615384615384612
B,Tm3,calcium,light,0.8565217391304348,3.4615384615384612
B,Tm3,calcium,light,0.8608695652173913,3.4615384615384612
B,Tm3,calcium,light,0.8652173913043478,3.4615384615384612
B,Tm3,calcium,light,0.8695652173913043,3.4615384615384612
B,Tm3,calcium,light,0.8739130434782608,3.0769230769230766
B,Tm3,calcium,light,0.8782608695652174,3.0769230769230766
B,Tm3,calcium,light,0.8826086956521739,2.692307692307692
B,Tm3,calcium,light,0.8869565217391304,2.3076923076923075
B,Tm3,calcium,light,0.8913043478260869,2.3076923076923075
B,Tm3,calcium,light,0.8956521739130435,2.3076923076923075
B,Tm3,calcium,light,0.9,2.3076923076923075
B,Tm3,calcium,light,0.9043478260869565,2.3076923076923075
B,Tm3,calcium,light,0.908695652173913,2.3076923076923075
B,Tm3,calcium,light,0.9130434782608695,1.923076923076923
B,Tm3,calcium,light,0.9173913043478261,1.923076923076923
B,Tm3,calcium,light,0.9217391304347826,1.923076923076923
B,Tm3,calcium,light,0.9260869565217391,1.923076923076923
B,Tm3,calcium,light,0.9304347826086956,1.923076923076923
B,Tm3,calcium,light,0.9347826086956522,1.923076923076923
B,Tm3,calcium,light,0.9391304347826087,1.923076923076923
B,Tm3,calcium,light,0.9434782608695652,1.923076923076923
B,Tm3,calcium,light,0.9478260869565217,1.923076923076923
B,Tm3,calcium,light,0.9521739130434783,1.923076923076923
B,Tm3,calcium,light,0.9565217391304348,1.5384615384615383
B,Tm3,calcium,light,0.9608695652173913,1.5384615384615383
B,Tm3,calcium,light,0.9652173913043478,1.5384615384615383
B,Tm3,calcium,light,0.9695652173913043,1.5384615384615383
B,Tm3,calcium,light,0.9739130434782609,1.5384615384615383
B,Tm3,calcium,light,0.9782608695652174,1.5384615384615383
B,Tm3,calcium,light,0.9826086956521739,1.5384615384615383
B,Tm3,calcium,light,0.9869565217391304,1.5384615384615383
B,Tm3,calcium,light,0.991304347826087,1.1538461538461537
B,Tm3,calcium,light,0.9956521739130435,1.1538461538461537
B,Tm3,calcium,light,1.0,1.1538461538461537
B,Tm3,calcium,light,1.0043478260869565,1.1538461538461537
B,Tm3,calcium,light,1.008695652173913,1.1538461538461537
B,Tm3,calcium,light,1.0130434782608695,1.5384615384615383
B,Tm3,calcium,light,1.017391304347826,1.1538461538461537
B,Tm3,calcium,light,1.0217391304347827,1.1538461538461537
B,Tm3,calcium,light,1.0260869565217392,1.1538461538461537
B,Tm3,calcium,light,1.0304347826086957,1.1538461538461537
B,Tm3,calcium,light,1.0347826086956522,1.1538461538461537
B,Tm3,calcium,light,1.0391304347826087,1.1538461538461537
B,Tm3,calcium,light,1.0434782608695652,1.1538461538461537
B,Tm3,calcium,light,1.0478260869565217,1.1538461538461537
B,Tm3,calcium,light,1.0521739130434782,1.1538461538461537
B,Tm3,calcium,light,1.0565217391304347,1.1538461538461537
B,Tm3,calcium,light,1.0608695652173914,1.1538461538461537
B,Tm3,calcium,light,1.065217391304348,1.5384615384615383
B,Tm3,calcium,light,1.0695652173913044,1.5384615384615383
B,Tm3,calcium,light,1.0739130434782609,1.5384615384615383
B,Tm3,calcium,light,1.0782608695652174,1.1538461538461537
B,Tm3,calcium,light,1.0826086956521739,0.7692307692307692
B,Tm3,calcium,light,1.0869565217391304,0.7692307692307692
B,Tm3,calcium,light,1.0913043478260869,0.7692307692307692
B,Tm3,calcium,light,1.0956521739130434,0.7692307692307692
B,Tm3,calcium,light,1.1,0.7692307692307692
B,Tm3,calcium,light,1.1043478260869566,0.7692307692307692
B,Tm3,calcium,light,1.108695652173913,0.7692307692307692
B,Tm3,calcium,light,1.1130434782608696,0.7692307692307692
B,Tm3,calcium,light,1.1217391304347826,-0.7692307692307692
B,Tm3,calcium,light,1.126086956521739,-0.7692307692307692
B,Tm3,calcium,light,1.1304347826086956,-0.7692307692307692
B,Tm3,calcium,light,1.1347826086956523,-0.7692307692307692
B,Tm3,calcium,light,1.1391304347826088,-0.7692307692307692
B,Tm3,calcium,light,1.1434782608695653,-0.7692307692307692
B,Tm3,calcium,light,1.1478260869565218,-0.7692307692307692
B,Tm3,calcium,light,1.1565217391304348,0.7692307692307692
B,Tm3,calcium,light,1.1608695652173913,0.7692307692307692
B,Tm3,calcium,light,1.1652173913043478,0.7692307692307692
B,Tm3,calcium,light,1.1695652173913043,0.7692307692307692
B,Tm3,calcium,light,1.173913043478261,0.7692307692307692
B,Tm3,calcium,light,1.191304347826087,0.7692307692307692
B,Tm3,calcium,light,1.1956521739130435,0.7692307692307692
B,Tm3,calcium,light,1.2,0.7692307692307692
B,Tm3,calcium,light,1.2043478260869565,0.7692307692307692
B,Tm3,calcium,light,1.208695652173913,0.7692307692307692
B,Tm3,calcium,light,1.2130434782608697,0.7692307692307692
B,Tm3,calcium,light,1.2173913043478262,0.7692307692307692
B,Tm3,calcium,light,1.2217391304347827,0.7692307692307692
B,Tm3,calcium,light,1.2260869565217392,0.7692307692307692
B,Tm3,calcium,light,1.2304347826086957,0.7692307692307692
B,Tm3,calcium,light,1.2347826086956522,0.7692307692307692
B,Tm3,calcium,light,1.2608695652173914,-0.7692307692307692
B,Tm3,calcium,light,1.2652173913043478,-0.7692307692307692
B,Tm3,calcium,light,1.2695652173913043,-0.7692307692307692
B,Tm3,calcium,light,1.2739130434782608,-0.7692307692307692
B,Tm3,calcium,light,1.3130434782608695,-0.7692307692307692
B,Tm3,calcium,light,1.317391304347826,-0.7692307692307692
B,Tm3,calcium,light,1.3217391304347825,-0.7692307692307692
B,Tm3,calcium,light,1.326086956521739,-0.7692307692307692
B,Tm3,calcium,light,1.3478260869565217,-0.7692307692307692
B,Tm3,calcium,light,1.3521739130434782,-0.7692307692307692
B,Tm3,calcium,light,1.3565217391304347,-0.7692307692307692
B,Tm3,calcium,light,1.3608695652173912,-0.7692307692307692
B,Tm3,calcium,light,1.4086956521739131,-0.7692307692307692
B,Tm3,calcium,light,1.4130434782608696,-0.7692307692307692
B,Tm3,calcium,light,1.4173913043478261,-0.7692307692307692
B,Tm3,calcium,light,1.4217391304347826,-0.7692307692307692
B,Tm3,calcium,light,1.4260869565217391,-0.7692307692307692
B,Tm3,calcium,light,1.4304347826086956,-0.7692307692307692
B,Tm3,calcium,light,1.4434782608695653,-0.7692307692307692
B,Tm3,calcium,light,1.4478260869565218,-0.7692307692307692
B,Tm3,calcium,light,1.4521739130434783,-0.7692307692307692
B,Tm3,calcium,light,1.4565217391304348,-0.7692307692307692
B,Tm3,calcium,light,1.4608695652173913,-0.7692307692307692
B,Tm3,calcium,light,1.4652173913043478,-0.7692307692307692
B,Tm3,calcium,light,1.4695652173913043,-0.7692307692307692
B,Tm3,calcium,light,1.4739130434782608,-0.7692307692307692
B,Tm3,calcium,light,1.4782608695652173,-0.7692307692307692
B,Tm3,calcium,light,1.482608695652174,-0.7692307692307692
B,Tm3,calcium,light,1.4869565217391305,-0.7692307692307692
B,Tm3,calcium,light,1.491304347826087,-0.7692307692307692
B,Tm3,calcium,light,1.5130434782608695,-0.7692307692307692
B,Tm3,calcium,light,1.517391304347826,-0.7692307692307692
B,Tm3,calcium,light,1.5217391304347827,-0.7692307692307692
B,Tm3,calcium,light,1.5260869565217392,-0.7692307692307692
B,Tm3,calcium,light,1.5304347826086957,-0.7692307692307692
B,Tm3,calcium,light,1.5347826086956522,-0.7692307692307692
B,Tm3,calcium,light,1.5391304347826087,-0.7692307692307692
B,Tm3,calcium,light,1.5434782608695652,-0.7692307692307692
B,Tm3,calcium,light,1.5478260869565217,-0.7692307692307692
B,Tm3,calcium,light,1.5521739130434782,-0.7692307692307692
B,Tm3,calcium,light,1.5565217391304347,-0.7692307692307692
B,Tm3,calcium,light,1.5608695652173914,-0.7692307692307692
B,Tm3,calcium,light,1.565217391304348,-0.7692307692307692
B,Tm3,calcium,light,1.5782608695652174,0.0
B,Tm3,calcium,dark,0.004347826086956522,0.7692307692307692
B,Tm3,calcium,dark,0.008695652173913044,0.7692307692307692
B,Tm3,calcium,dark,0.013043478260869565,0.7692307692307692
B,Tm3,calcium,dark,0.043478260869565216,-0.7692307692307692
B,Tm3,calcium,dark,0.04782608695652174,-0.7692307692307692
B,Tm3,calcium,dark,0.05217391304347826,-0.7692307692307692
B,Tm3,calcium,dark,0.05652173913043478,-1.1538461538461537
B,Tm3,calcium,dark,0.06086956521739131,-1.5384615384615383
B,Tm3,calcium,dark,0.06521739130434782,-1.923076923076923
B,Tm3,calcium,dark,0.06956521739130435,-2.3076923076923075
B,Tm3,calcium,dark,0.07391304347826087,-2.692307692307692
B,Tm3,calcium,dark,0.0782608695652174,-2.692307692307692
B,Tm3,calcium,dark,0.08260869565217391,-2.692307692307692
B,Tm3,calcium,dark,0.08695652173913043,-2.692307692307692
B,Tm3,calcium,dark,0.09130434782608696,-2.3076923076923075
B,Tm3,calcium,dark,0.09565217391304348,-1.923076923076923
B,Tm3,calcium,dark,0.1,-1.5384615384615383
B,Tm3,calcium,dark,0.10434782608695652,-0.7692307692307692
B,Tm3,calcium,dark,0.10869565217391304,-0.7692307692307692
B,Tm3,calcium,dark,0.11304347826086956,0.7692307692307692
B,Tm3,calcium,dark,0.11739130434782609,1.1538461538461537
B,Tm3,calcium,dark,0.12173913043478261,1.923076923076923
B,Tm3,calcium,dark,0.12608695652173912,3.0769230769230766
B,Tm3,calcium,dark,0.13043478260869565,3.846153846153846
B,Tm3,calcium,dark,0.13478260869565217,4.230769230769231
B,Tm3,calcium,dark,0.1391304347826087,5.0
B,Tm3,calcium,dark,0.14347826086956522,5.769230769230769
B,Tm3,calcium,dark,0.14782608695652175,6.538461538461538
B,Tm3,calcium,dark,0.15217391304347827,7.3076923076923075
B,Tm3,calcium,dark,0.1565217391304348,7.692307692307692
B,Tm3,calcium,dark,0.1608695652173913,8.461538461538462
B,Tm3,calcium,dark,0.16521739130434782,9.615384615384615
B,Tm3,calcium,dark,0.16956521739130434,10.769230769230768
B,Tm3,calcium,dark,0.17391304347826086,11.923076923076923
B,Tm3,calcium,dark,0.1782608695652174,12.692307692307692
B,Tm3,calcium,dark,0.1826086956521739,13.461538461538462
B,Tm3,calcium,dark,0.18695652173913044,14.23076923076923
B,Tm3,calcium,dark,0.19130434782608696,15.0
B,Tm3,calcium,dark,0.1956521739130435,15.769230769230768
B,Tm3,calcium,dark,0.2,16.538461538461537
B,Tm3,calcium,dark,0.20434782608695654,17.307692307692307
B,Tm3,calcium,dark,0.20869565217391303,18.076923076923077
B,Tm3,calcium,dark,0.21304347826086956,18.46153846153846
B,Tm3,calcium,dark,0.21739130434782608,19.23076923076923
B,Tm3,calcium,dark,0.2217391304347826,20.0
B,Tm3,calcium,dark,0.22608695652173913,20.76923076923077
B,Tm3,calcium,dark,0.23043478260869565,21.153846153846153
B,Tm3,calcium,dark,0.23478260869565218,21.538461538461537
B,Tm3,calcium,dark,0.2391304347826087,22.307692307692307
B,Tm3,calcium,dark,0.24347826086956523,23.076923076923077
B,Tm3,calcium,dark,0.24782608695652175,23.46153846153846
B,Tm3,calcium,dark,0.25217391304347825,23.846153846153847
B,Tm3,calcium,dark,0.2565217391304348,23.846153846153847
B,Tm3,calcium,dark,0.2608695652173913,24.23076923076923
B,Tm3,calcium,dark,0.26521739130434785,24.23076923076923
B,Tm3,calcium,dark,0.26956521739130435,24.23076923076923
B,Tm3,calcium,dark,0.27391304347826084,24.23076923076923
B,Tm3,calcium,dark,0.2782608695652174,24.615384615384613
B,Tm3,calcium,dark,0.2826086956521739,24.615384615384613
B,Tm3,calcium,dark,0.28695652173913044,25.0
B,Tm3,calcium,dark,0.29130434782608694,25.384615384615383
B,Tm3,calcium,dark,0.2956521739130435,25.384615384615383
B,Tm3,calcium,dark,0.3,25.384615384615383
B,Tm3,calcium,dark,0.30434782608695654,25.76923076923077
B,Tm3,calcium,dark,0.30869565217391304,26.153846153846153
B,Tm3,calcium,dark,0.3130434782608696,26.153846153846153
B,Tm3,calcium,dark,0.3173913043478261,26.153846153846153
B,Tm3,calcium,dark,0.3217391304347826,26.538461538461537
B,Tm3,calcium,dark,0.32608695652173914,26.538461538461537
B,Tm3,calcium,dark,0.33043478260869563,26.538461538461537
B,Tm3,calcium,dark,0.3347826086956522,26.153846153846153
B,Tm3,calcium,dark,0.3391304347826087,26.153846153846153
B,Tm3,calcium,dark,0.34347826086956523,25.76923076923077
B,Tm3,calcium,dark,0.34782608695652173,25.76923076923077
B,Tm3,calcium,dark,0.3521739130434783,25.76923076923077
B,Tm3,calcium,dark,0.3565217391304348,25.76923076923077
B,Tm3,calcium,dark,0.36086956521739133,25.76923076923077
B,Tm3,calcium,dark,0.3652173913043478,25.76923076923077
B,Tm3,calcium,dark,0.3695652173913043,25.76923076923077
B,Tm3,calcium,dark,0.3739130434782609,25.76923076923077
B,Tm3,calcium,dark,0.3782608695652174,25.76923076923077
B,Tm3,calcium,dark,0.3826086956521739,25.384615384615383
B,Tm3,calcium,dark,0.3869565217391304,25.384615384615383
B,Tm3,calcium,dark,0.391304347826087,25.0
B,Tm3,calcium,dark,0.39565217391304347,24.615384615384613
B,Tm3,calcium,dark,0.4,24.615384615384613
B,Tm3,calcium,dark,0.4043478260869565,24.23076923076923
B,Tm3,calcium,dark,0.40869565217391307,24.23076923076923
B,Tm3,calcium,dark,0.41304347826086957,24.23076923076923
B,Tm3,calcium,dark,0.41739130434782606,24.23076923076923
B,Tm3,calcium,dark,0.4217391304347826,24.23076923076923
B,Tm3,calcium,dark,0.4260869565217391,23.846153846153847
B,Tm3,calcium,dark,0.43043478260869567,23.46153846153846
B,Tm3,calcium,dark,0.43478260869565216,23.46153846153846
B,Tm3,calcium,dark,0.4391304347826087,23.46153846153846
B,Tm3,calcium,dark,0.4434782608695652,23.076923076923077
B,Tm3,calcium,dark,0.44782608695652176,22.69230769230769
B,Tm3,calcium,dark,0.45217391304347826,23.076923076923077
B,Tm3,calcium,dark,0.45652173913043476,23.076923076923077
B,Tm3,calcium,dark,0.4608695652173913,23.076923076923077
B,Tm3,calcium,dark,0.4652173913043478,22.69230769230769
B,Tm3,calcium,dark,0.46956521739130436,22.69230769230769
B,Tm3,calcium,dark,0.47391304347826085,22.307692307692307
B,Tm3,calcium,dark,0.4782608695652174,22.307692307692307
B,Tm3,calcium,dark,0.4826086956521739,21.923076923076923
B,Tm3,calcium,dark,0.48695652173913045,21.538461538461537
B,Tm3,calcium,dark,0.49130434782608695,21.153846153846153
B,Tm3,calcium,dark,0.4956521739130435,21.153846153846153
B,Tm3,calcium,dark,0.5,21.153846153846153
B,Tm3,calcium,dark,0.5043478260869565,20.76923076923077
B,Tm3,calcium,dark,0.508695652173913,20.76923076923077
B,Tm3,calcium,dark,0.5130434782608696,20.76923076923077
B,Tm3,calcium,dark,0.5173913043478261,20.76923076923077
B,Tm3,calcium,dark,0.5217391304347826,20.384615384615383
B,Tm3,calcium,dark,0.5260869565217391,20.0
B,Tm3,calcium,dark,0.5304347826086957,20.0
B,Tm3,calcium,dark,0.5347826086956522,20.0
B,Tm3,calcium,dark,0.5391304347826087,19.615384615384613
B,Tm3,calcium,dark,0.5434782608695652,19.615384615384613
B,Tm3,calcium,dark,0.5478260869565217,19.23076923076923
B,Tm3,calcium,dark,0.5521739130434783,19.23076923076923
B,Tm3,calcium,dark,0.5565217391304348,18.846153846153847
B,Tm3,calcium,dark,0.5608695652173913,18.46153846153846
B,Tm3,calcium,dark,0.5652173913043478,18.46153846153846
B,Tm3,calcium,dark,0.5695652173913044,18.076923076923077
B,Tm3,calcium,dark,0.5739130434782609,18.076923076923077
B,Tm3,calcium,dark,0.5782608695652174,18.076923076923077
B,Tm3,calcium,dark,0.5826086956521739,18.076923076923077
B,Tm3,calcium,dark,0.5869565217391305,18.076923076923077
B,Tm3,calcium,dark,0.591304347826087,17.692307692307693
B,Tm3,calcium,dark,0.5956521739130435,17.692307692307693
B,Tm3,calcium,dark,0.6,17.307692307692307
B,Tm3,calcium,dark,0.6043478260869565,17.307692307692307
B,Tm3,calcium,dark,0.6086956521739131,16.923076923076923
B,Tm3,calcium,dark,0.6130434782608696,16.538461538461537
B,Tm3,calcium,dark,0.6173913043478261,16.538461538461537
B,Tm3,calcium,dark,0.6217391304347826,16.153846153846153
B,Tm3,calcium,dark,0.6260869565217392,16.153846153846153
B,Tm3,calcium,dark,0.6304347826086957,16.153846153846153
B,Tm3,calcium,dark,0.6347826086956522,15.769230769230768
B,Tm3,calcium,dark,0.6391304347826087,15.384615384615383
B,Tm3,calcium,dark,0.6434782608695652,15.0
B,Tm3,calcium,dark,0.6478260869565218,15.0
B,Tm3,calcium,dark,0.6521739130434783,14.615384615384615
B,Tm3,calcium,dark,0.6565217391304348,14.615384615384615
B,Tm3,calcium,dark,0.6608695652173913,14.615384615384615
B,Tm3,calcium,dark,0.6652173913043479,14.615384615384615
B,Tm3,calcium,dark,0.6695652173913044,14.23076923076923
B,Tm3,calcium,dark,0.6739130434782609,14.23076923076923
B,Tm3,calcium,dark,0.6782608695652174,14.23076923076923
B,Tm3,calcium,dark,0.6826086956521739,14.23076923076923
B,Tm3,calcium,dark,0.6869565217391305,14.23076923076923
B,Tm3,calcium,dark,0.691304347826087,13.846153846153845
B,Tm3,calcium,dark,0.6956521739130435,13.846153846153845
B,Tm3,calcium,dark,0.7,13.846153846153845
B,Tm3,calcium,dark,0.7043478260869566,13.846153846153845
B,Tm3,calcium,dark,0.7086956521739131,13.461538461538462
B,Tm3,calcium,dark,0.7130434782608696,13.461538461538462
B,Tm3,calcium,dark,0.717391304347826,13.076923076923077
B,Tm3,calcium,dark,0.7217391304347827,13.076923076923077
B,Tm3,calcium,dark,0.7260869565217392,12.307692307692307
B,Tm3,calcium,dark,0.7304347826086957,12.692307692307692
B,Tm3,calcium,dark,0.7347826086956522,12.307692307692307
B,Tm3,calcium,dark,0.7391304347826086,12.307692307692307
B,Tm3,calcium,dark,0.7434782608695653,12.307692307692307
B,Tm3,calcium,dark,0.7478260869565218,12.307692307692307
B,Tm3,calcium,dark,0.7521739130434782,12.307692307692307
B,Tm3,calcium,dark,0.7565217391304347,12.307692307692307
B,Tm3,calcium,dark,0.7608695652173914,11.923076923076923
B,Tm3,calcium,dark,0.7652173913043478,11.923076923076923
B,Tm3,calcium,dark,0.7695652173913043,11.538461538461538
B,Tm3,calcium,dark,0.7739130434782608,11.538461538461538
B,Tm3,calcium,dark,0.7782608695652173,11.153846153846153
B,Tm3,calcium,dark,0.782608695652174,11.153846153846153
B,Tm3,calcium,dark,0.7869565217391304,11.153846153846153
B,Tm3,calcium,dark,0.7913043478260869,10.769230769230768
B,Tm3,calcium,dark,0.7956521739130434,10.769230769230768
B,Tm3,calcium,dark,0.8,10.384615384615385
B,Tm3,calcium,dark,0.8043478260869565,10.0
B,Tm3,calcium,dark,0.808695652173913,10.0
B,Tm3,calcium,dark,0.8130434782608695,10.0
B,Tm3,calcium,dark,0.8173913043478261,10.0
B,Tm3,calcium,dark,0.8217391304347826,10.0
B,Tm3,calcium,dark,0.8260869565217391,10.0
B,Tm3,calcium,dark,0.8304347826086956,9.615384615384615
B,Tm3,calcium,dark,0.8347826086956521,9.615384615384615
B,Tm3,calcium,dark,0.8391304347826087,9.615384615384615
B,Tm3,calcium,dark,0.8434782608695652,9.23076923076923
B,Tm3,calcium,dark,0.8478260869565217,8.846153846153847
B,Tm3,calcium,dark,0.8521739130434782,8.846153846153847
B,Tm3,calcium,dark,0.8565217391304348,8.846153846153847
B,Tm3,calcium,dark,0.8608695652173913,8.461538461538462
B,Tm3,calcium,dark,0.8652173913043478,8.461538461538462
B,Tm3,calcium,dark,0.8695652173913043,8.461538461538462
B,Tm3,calcium,dark,0.8739130434782608,8.461538461538462
B,Tm3,calcium,dark,0.8782608695652174,8.076923076923077
B,Tm3,calcium,dark,0.8826086956521739,8.076923076923077
B,Tm3,calcium,dark,0.8869565217391304,8.076923076923077
B,Tm3,calcium,dark,0.8913043478260869,7.692307692307692
B,Tm3,calcium,dark,0.8956521739130435,7.3076923076923075
B,Tm3,calcium,dark,0.9,7.3076923076923075
B,Tm3,calcium,dark,0.9043478260869565,6.9230769230769225
B,Tm3,calcium,dark,0.908695652173913,6.9230769230769225
B,Tm3,calcium,dark,0.9130434782608695,6.9230769230769225
B,Tm3,calcium,dark,0.9173913043478261,6.9230769230769225
B,Tm3,calcium,dark,0.9217391304347826,6.9230769230769225
B,Tm3,calcium,dark,0.9260869565217391,6.9230769230769225
B,Tm3,calcium,dark,0.9304347826086956,6.538461538461538
B,Tm3,calcium,dark,0.9347826086956522,6.538461538461538
B,Tm3,calcium,dark,0.9391304347826087,6.538461538461538
B,Tm3,calcium,dark,0.9434782608695652,6.538461538461538
B,Tm3,calcium,dark,0.9478260869565217,6.538461538461538
B,Tm3,calcium,dark,0.9521739130434783,6.538461538461538
B,Tm3,calcium,dark,0.9565217391304348,6.538461538461538
B,Tm3,calcium,dark,0.9608695652173913,6.538461538461538
B,Tm3,calcium,dark,0.9652173913043478,6.538461538461538
B,Tm3,calcium,dark,0.9695652173913043,6.538461538461538
B,Tm3,calcium,dark,0.9739130434782609,6.153846153846153
B,Tm3,calcium,dark,0.9782608695652174,6.153846153846153
B,Tm3,calcium,dark,0.9826086956521739,6.153846153846153
B,Tm3,calcium,dark,0.9869565217391304,6.153846153846153
B,Tm3,calcium,dark,0.991304347826087,6.153846153846153
B,Tm3,calcium,dark,0.9956521739130435,5.769230769230769
B,Tm3,calcium,dark,1.0,5.769230769230769
B,Tm3,calcium,dark,1.0043478260869565,5.384615384615384
B,Tm3,calcium,dark,1.008695652173913,5.384615384615384
B,Tm3,calcium,dark,1.0130434782608695,5.384615384615384
B,Tm3,calcium,dark,1.017391304347826,5.384615384615384
B,Tm3,calcium,dark,1.0217391304347827,5.384615384615384
B,Tm3,calcium,dark,1.0260869565217392,5.384615384615384
B,Tm3,calcium,dark,1.0304347826086957,5.384615384615384
B,Tm3,calcium,dark,1.0347826086956522,5.384615384615384
B,Tm3,calcium,dark,1.0391304347826087,5.0
B,Tm3,calcium,dark,1.0434782608695652,5.0
B,Tm3,calcium,dark,1.0478260869565217,5.0
B,Tm3,calcium,dark,1.0521739130434782,4.615384615384615
B,Tm3,calcium,dark,1.0565217391304347,4.615384615384615
B,Tm3,calcium,dark,1.0608695652173914,4.230769230769231
B,Tm3,calcium,dark,1.065217391304348,4.230769230769231
B,Tm3,calcium,dark,1.0695652173913044,4.230769230769231
B,Tm3,calcium,dark,1.0739130434782609,3.846153846153846
B,Tm3,calcium,dark,1.0782608695652174,3.846153846153846
B,Tm3,calcium,dark,1.0826086956521739,3.846153846153846
B,Tm3,calcium,dark,1.0869565217391304,3.846153846153846
B,Tm3,calcium,dark,1.0913043478260869,3.846153846153846
B,Tm3,calcium,dark,1.0956521739130434,3.846153846153846
B,Tm3,calcium,dark,1.1,3.4615384615384612
B,Tm3,calcium,dark,1.1043478260869566,3.4615384615384612
B,Tm3,calcium,dark,1.108695652173913,3.4615384615384612
B,Tm3,calcium,dark,1.1130434782608696,3.4615384615384612
B,Tm3,calcium,dark,1.117391304347826,3.846153846153846
B,Tm3,calcium,dark,1.1217391304347826,3.846153846153846
B,Tm3,calcium,dark,1.126086956521739,3.4615384615384612
B,Tm3,calcium,dark,1.1304347826086956,3.4615384615384612
B,Tm3,calcium,dark,1.1347826086956523,3.4615384615384612
B,Tm3,calcium,dark,1.1391304347826088,3.4615384615384612
B,Tm3,calcium,dark,1.1434782608695653,3.0769230769230766
B,Tm3,calcium,dark,1.1478260869565218,3.0769230769230766
B,Tm3,calcium,dark,1.1521739130434783,2.692307692307692
B,Tm3,calcium,dark,1.1565217391304348,2.692307692307692
B,Tm3,calcium,dark,1.1608695652173913,2.692307692307692
B,Tm3,calcium,dark,1.1652173913043478,2.692307692307692
B,Tm3,calcium,dark,1.1695652173913043,2.692307692307692
B,Tm3,calcium,dark,1.173913043478261,2.692307692307692
B,Tm3,calcium,dark,1.1782608695652175,2.3076923076923075
B,Tm3,calcium,dark,1.182608695652174,2.3076923076923075
B,Tm3,calcium,dark,1.1869565217391305,2.3076923076923075
B,Tm3,calcium,dark,1.191304347826087,2.3076923076923075
B,Tm3,calcium,dark,1.1956521739130435,2.3076923076923075
B,Tm3,calcium,dark,1.2,2.3076923076923075
B,Tm3,calcium,dark,1.2043478260869565,2.3076923076923075
B,Tm3,calcium,dark,1.208695652173913,2.3076923076923075
B,Tm3,calcium,dark,1.2130434782608697,2.3076923076923075
B,Tm3,calcium,dark,1.2173913043478262,2.3076923076923075
B,Tm3,calcium,dark,1.2217391304347827,1.923076923076923
B,Tm3,calcium,dark,1.2260869565217392,1.923076923076923
B,Tm3,calcium,dark,1.2304347826086957,1.923076923076923
B,Tm3,calcium,dark,1.2347826086956522,1.923076923076923
B,Tm3,calcium,dark,1.2391304347826086,1.923076923076923
B,Tm3,calcium,dark,1.2434782608695651,1.923076923076923
B,Tm3,calcium,dark,1.2478260869565216,1.923076923076923
B,Tm3,calcium,dark,1.2521739130434784,1.923076923076923
B,Tm3,calcium,dark,1.2565217391304349,1.923076923076923
B,Tm3,calcium,dark,1.2608695652173914,1.923076923076923
B,Tm3,calcium,dark,1.2652173913043478,1.923076923076923
B,Tm3,calcium,dark,1.2695652173913043,1.923076923076923
B,Tm3,calcium,dark,1.2739130434782608,2.3076923076923075
B,Tm3,calcium,dark,1.2782608695652173,2.3076923076923075
B,Tm3,calcium,dark,1.2826086956521738,2.3076923076923075
B,Tm3,calcium,dark,1.2869565217391303,1.923076923076923
B,Tm3,calcium,dark,1.291304347826087,1.923076923076923
B,Tm3,calcium,dark,1.2956521739130435,1.923076923076923
B,Tm3,calcium,dark,1.3,1.923076923076923
B,Tm3,calcium,dark,1.3043478260869565,1.923076923076923
B,Tm3,calcium,dark,1.308695652173913,1.5384615384615383
B,Tm3,calcium,dark,1.3130434782608695,1.5384615384615383
B,Tm3,calcium,dark,1.317391304347826,1.5384615384615383
B,Tm3,calcium,dark,1.3217391304347825,1.5384615384615383
B,Tm3,calcium,dark,1.326086956521739,1.923076923076923
B,Tm3,calcium,dark,1.3304347826086957,1.923076923076923
B,Tm3,calcium,dark,1.3347826086956522,1.923076923076923
B,Tm3,calcium,dark,1.3391304347826087,1.5384615384615383
B,Tm3,calcium,dark,1.3434782608695652,1.5384615384615383
B,Tm3,calcium,dark,1.3478260869565217,1.5384615384615383
B,Tm3,calcium,dark,1.3521739130434782,1.5384615384615383
B,Tm3,calcium,dark,1.3565217391304347,1.5384615384615383
B,Tm3,calcium,dark,1.3608695652173912,1.1538461538461537
B,Tm3,calcium,dark,1.3652173913043477,1.1538461538461537
B,Tm3,calcium,dark,1.3695652173913044,0.7692307692307692
B,Tm3,calcium,dark,1.373913043478261,0.7692307692307692
B,Tm3,calcium,dark,1.3782608695652174,0.7692307692307692
B,Tm3,calcium,dark,1.382608695652174,0.7692307692307692
B,Tm3,calcium,dark,1.3869565217391304,0.7692307692307692
B,Tm3,calcium,dark,1.391304347826087,0.7692307692307692
B,Tm3,calcium,dark,1.3956521739130434,0.7692307692307692
B,Tm3,calcium,dark,1.4,0.7692307692307692
B,Tm3,calcium,dark,1.4043478260869566,0.7692307692307692
B,Tm3,calcium,dark,1.4086956521739131,0.7692307692307692
B,Tm3,calcium,dark,1.4130434782608696,0.7692307692307692
B,Tm3,calcium,dark,1.4173913043478261,0.7692307692307692
B,Tm3,calcium,dark,1.4217391304347826,0.7692307692307692
B,Tm3,calcium,dark,1.4260869565217391,0.7692307692307692
B,Tm3,calcium,dark,1.4304347826086956,0.7692307692307692
B,Tm3,calcium,dark,1.434782608695652,0.7692307692307692
B,Tm3,calcium,dark,1.4391304347826086,0.7692307692307692
B,Tm3,calcium,dark,1.4434782608695653,0.7692307692307692
B,Tm3,calcium,dark,1.4478260869565218,0.7692307692307692
B,Tm3,calcium,dark,1.517391304347826,-0.7692307692307692
B,Tm3,calcium,dark,1.5217391304347827,-0.7692307692307692
B,Tm3,calcium,dark,1.5434782608695652,0.7692307692307692
B,Tm3,calcium,dark,1.5478260869565217,0.7692307692307692
B,Tm3,calcium,dark,1.5521739130434782,0.7692307692307692
B,Tm3,calcium,dark,1.5565217391304347,0.7692307692307692
B,Tm3,calcium,dark,1.565217391304348,-0.7692307692307692
B,Tm3,calcium,dark,1.5695652173913044,-0.7692307692307692
B,Tm3,calcium,dark,1.5739130434782609,-0.7692307692307692
B,Mi1,voltage,light,0.0,0.7142857142857143
B,Mi1,voltage,light,0.004347826086956522,0.7142857142857143
B,Mi1,voltage,light,0.008695652173913044,0.7142857142857143
B,Mi1,voltage,light,0.013043478260869565,0.5714285714285714
B,Mi1,voltage,light,0.017391304347826087,0.7142857142857143
B,Mi1,voltage,light,0.021739130434782608,0.8571428571428571
B,Mi1,voltage,light,0.02608695652173913,1.4285714285714286
B,Mi1,voltage,light,0.030434782608695653,2.5714285714285716
B,Mi1,voltage,light,0.034782608695652174,3.5714285714285716
B,Mi1,voltage,light,0.0391304347826087,4.857142857142857
B,Mi1,voltage,light,0.043478260869565216,6.0
B,Mi1,voltage,light,0.04782608695652174,6.571428571428571
B,Mi1,voltage,light,0.05217391304347826,7.0
B,Mi1,voltage,light,0.05652173913043478,7.142857142857143
B,Mi1,voltage,light,0.06086956521739131,6.857142857142857
B,Mi1,voltage,light,0.06521739130434782,6.428571428571429
B,Mi1,voltage,light,0.06956521739130435,5.428571428571429
B,Mi1,voltage,light,0.07391304347826087,4.142857142857143
B,Mi1,voltage,light,0.0782608695652174,2.7142857142857144
B,Mi1,voltage,light,0.08260869565217391,-0.2857142857142857
B,Mi1,voltage,light,0.08695652173913043,-0.2857142857142857
B,Mi1,voltage,light,0.09130434782608696,-1.2857142857142858
B,Mi1,voltage,light,0.09565217391304348,-1.8571428571428572
B,Mi1,voltage,light,0.1,-2.4285714285714284
B,Mi1,voltage,light,0.10434782608695652,-2.7142857142857144
B,Mi1,voltage,light,0.10869565217391304,-2.857142857142857
B,Mi1,voltage,light,0.11304347826086956,-3.0
B,Mi1,voltage,light,0.11739130434782609,-3.2857142857142856
B,Mi1,voltage,light,0.12173913043478261,-3.2857142857142856
B,Mi1,voltage,light,0.12608695652173912,-3.4285714285714284
B,Mi1,voltage,light,0.13043478260869565,-3.2857142857142856
B,Mi1,voltage,light,0.13478260869565217,-3.2857142857142856
B,Mi1,voltage,light,0.1391304347826087,-3.142857142857143
B,Mi1,voltage,light,0.14347826086956522,-3.142857142857143
B,Mi1,voltage,light,0.14782608695652175,-3.142857142857143
B,Mi1,voltage,light,0.15217391304347827,-3.2857142857142856
B,Mi1,voltage,light,0.1565217391304348,-3.4285714285714284
B,Mi1,voltage,light,0.1608695652173913,-3.7142857142857144
B,Mi1,voltage,light,0.16521739130434782,-4.0
B,Mi1,voltage,light,0.16956521739130434,-4.428571428571429
B,Mi1,voltage,light,0.17391304347826086,-4.428571428571429
B,Mi1,voltage,light,0.1782608695652174,-4.428571428571429
B,Mi1,voltage,light,0.1826086956521739,-4.285714285714286
B,Mi1,voltage,light,0.18695652173913044,-4.0
B,Mi1,voltage,light,0.19130434782608696,-3.7142857142857144
B,Mi1,voltage,light,0.1956521739130435,-3.5714285714285716
B,Mi1,voltage,light,0.2,-3.4285714285714284
B,Mi1,voltage,light,0.20434782608695654,-3.4285714285714284
B,Mi1,voltage,light,0.20869565217391303,-3.4285714285714284
B,Mi1,voltage,light,0.21304347826086956,-3.4285714285714284
B,Mi1,voltage,light,0.21739130434782608,-3.5714285714285716
B,Mi1,voltage,light,0.2217391304347826,-3.5714285714285716
B,Mi1,voltage,light,0.22608695652173913,-3.5714285714285716
B,Mi1,voltage,light,0.23043478260869565,-3.5714285714285716
B,Mi1,voltage,light,0.23478260869565218,-3.4285714285714284
B,Mi1,voltage,light,0.2391304347826087,-3.4285714285714284
B,Mi1,voltage,light,0.24347826086956523,-3.5714285714285716
B,Mi1,voltage,light,0.24782608695652175,-3.5714285714285716
B,Mi1,voltage,light,0.25217391304347825,-3.5714285714285716
B,Mi1,voltage,light,0.2565217391304348,-3.5714285714285716
B,Mi1,voltage,light,0.2608695652173913,-3.4285714285714284
B,Mi1,voltage,light,0.26521739130434785,-3.2857142857142856
B,Mi1,voltage,light,0.26956521739130435,-3.2857142857142856
B,Mi1,voltage,light,0.27391304347826084,-3.2857142857142856
B,Mi1,voltage,light,0.2782608695652174,-3.2857142857142856
B,Mi1,voltage,light,0.2826086956521739,-3.142857142857143
B,Mi1,voltage,light,0.28695652173913044,-3.0
B,Mi1,voltage,light,0.29130434782608694,-2.857142857142857
B,Mi1,voltage,light,0.2956521739130435,-2.7142857142857144
B,Mi1,voltage,light,0.3,-2.5714285714285716
B,Mi1,voltage,light,0.30434782608695654,-2.4285714285714284
B,Mi1,voltage,light,0.30869565217391304,-2.4285714285714284
B,Mi1,voltage,light,0.3130434782608696,-2.5714285714285716
B,Mi1,voltage,light,0.3173913043478261,-2.7142857142857144
B,Mi1,voltage,light,0.3217391304347826,-2.857142857142857
B,Mi1,voltage,light,0.32608695652173914,-2.857142857142857
B,Mi1,voltage,light,0.33043478260869563,-2.7142857142857144
B,Mi1,voltage,light,0.3347826086956522,-2.5714285714285716
B,Mi1,voltage,light,0.3391304347826087,-2.2857142857142856
B,Mi1,voltage,light,0.34347826086956523,-2.142857142857143
B,Mi1,voltage,light,0.34782608695652173,-2.0
B,Mi1,voltage,light,0.3521739130434783,-1.7142857142857142
B,Mi1,voltage,light,0.3565217391304348,-1.5714285714285714
B,Mi1,voltage,light,0.36086956521739133,-1.5714285714285714
B,Mi1,voltage,light,0.3652173913043478,-1.5714285714285714
B,Mi1,voltage,light,0.3695652173913043,-1.4285714285714286
B,Mi1,voltage,light,0.3739130434782609,-1.4285714285714286
B,Mi1,voltage,light,0.3782608695652174,-1.4285714285714286
B,Mi1,voltage,light,0.3826086956521739,-1.4285714285714286
B,Mi1,voltage,light,0.3869565217391304,-1.4285714285714286
B,Mi1,voltage,light,0.391304347826087,-1.5714285714285714
B,Mi1,voltage,light,0.39565217391304347,-1.5714285714285714
B,Mi1,voltage,light,0.4,-1.4285714285714286
B,Mi1,voltage,light,0.4043478260869565,-1.4285714285714286
B,Mi1,voltage,light,0.40869565217391307,-1.2857142857142858
B,Mi1,voltage,light,0.41304347826086957,-1.2857142857142858
B,Mi1,voltage,light,0.41739130434782606,-1.2857142857142858
B,Mi1,voltage,light,0.4217391304347826,-1.2857142857142858
B,Mi1,voltage,light,0.4260869565217391,-1.4285714285714286
B,Mi1,voltage,light,0.43043478260869567,-1.4285714285714286
B,Mi1,voltage,light,0.43478260869565216,-1.2857142857142858
B,Mi1,voltage,light,0.4391304347826087,-1.2857142857142858
B,Mi1,voltage,light,0.4434782608695652,-1.1428571428571428
B,Mi1,voltage,light,0.44782608695652176,-1.1428571428571428
B,Mi1,voltage,light,0.45217391304347826,-1.0
B,Mi1,voltage,light,0.45652173913043476,-0.8571428571428571
B,Mi1,voltage,light,0.4608695652173913,-0.8571428571428571
B,Mi1,voltage,light,0.4652173913043478,-0.8571428571428571
B,Mi1,voltage,light,0.46956521739130436,-1.0
B,Mi1,voltage,light,0.47391304347826085,-1.0
B,Mi1,voltage,light,0.4782608695652174,-1.0
B,Mi1,voltage,light,0.4826086956521739,-1.1428571428571428
B,Mi1,voltage,light,0.48695652173913045,-1.2857142857142858
B,Mi1,voltage,light,0.49130434782608695,-1.2857142857142858
B,Mi1,voltage,light,0.4956521739130435,-1.2857142857142858
B,Mi1,voltage,light,0.5,-1.1428571428571428
B,Mi1,voltage,light,0.5043478260869565,-1.0
B,Mi1,voltage,light,0.508695652173913,-0.8571428571428571
B,Mi1,voltage,light,0.5130434782608696,-0.8571428571428571
B,Mi1,voltage,light,0.5173913043478261,-0.8571428571428571
B,Mi1,voltage,light,0.5217391304347826,-0.8571428571428571
B,Mi1,voltage,light,0.5260869565217391,-0.8571428571428571
B,Mi1,voltage,light,0.5304347826086957,-0.8571428571428571
B,Mi1,voltage,light,0.5347826086956522,-0.8571428571428571
B,Mi1,voltage,light,0.5391304347826087,-0.8571428571428571
B,Mi1,voltage,light,0.5434782608695652,-0.8571428571428571
B,Mi1,voltage,dark,0.004347826086956522,-0.7142857142857143
B,Mi1,voltage,dark,0.008695652173913044,-0.7142857142857143
B,Mi1,voltage,dark,0.013043478260869565,-0.5714285714285714
B,Mi1,voltage,dark,0.017391304347826087,-0.42857142857142855
B,Mi1,voltage,dark,0.021739130434782608,-0.42857142857142855
B,Mi1,voltage,dark,0.02608695652173913,-0.42857142857142855
B,Mi1,voltage,dark,0.030434782608695653,-0.5714285714285714
B,Mi1,voltage,dark,0.034782608695652174,-0.7142857142857143
B,Mi1,voltage,dark,0.0391304347826087,-1.5714285714285714
B,Mi1,voltage,dark,0.043478260869565216,-2.7142857142857144
B,Mi1,voltage,dark,0.04782608695652174,-4.714285714285714
B,Mi1,voltage,dark,0.05217391304347826,-6.714285714285714
B,Mi1,voltage,dark,0.05652173913043478,-8.571428571428571
B,Mi1,voltage,dark,0.06086956521739131,-10.285714285714286
B,Mi1,voltage,dark,0.06521739130434782,-10.285714285714286
B,Mi1,voltage,dark,0.06956521739130435,-9.142857142857142
B,Mi1,voltage,dark,0.07391304347826087,-7.714285714285714
B,Mi1,voltage,dark,0.0782608695652174,-6.0
B,Mi1,voltage,dark,0.08260869565217391,-4.571428571428571
B,Mi1,voltage,dark,0.08695652173913043,-3.2857142857142856
B,Mi1,voltage,dark,0.09130434782608696,-2.142857142857143
B,Mi1,voltage,dark,0.09565217391304348,-1.2857142857142858
B,Mi1,voltage,dark,0.1,-0.5714285714285714
B,Mi1,voltage,dark,0.10434782608695652,-0.2857142857142857
B,Mi1,voltage,dark,0.10869565217391304,0.14285714285714285
B,Mi1,voltage,dark,0.11304347826086956,0.14285714285714285
B,Mi1,voltage,dark,0.11739130434782609,0.8571428571428571
B,Mi1,voltage,dark,0.12173913043478261,0.8571428571428571
B,Mi1,voltage,dark,0.12608695652173912,0.8571428571428571
B,Mi1,voltage,dark,0.13043478260869565,0.8571428571428571
B,Mi1,voltage,dark,0.13478260869565217,0.8571428571428571
B,Mi1,voltage,dark,0.1391304347826087,0.8571428571428571
B,Mi1,voltage,dark,0.14347826086956522,1.1428571428571428
B,Mi1,voltage,dark,0.14782608695652175,1.4285714285714286
B,Mi1,voltage,dark,0.15217391304347827,1.7142857142857142
B,Mi1,voltage,dark,0.1565217391304348,2.0
B,Mi1,voltage,dark,0.1608695652173913,2.142857142857143
B,Mi1,voltage,dark,0.16521739130434782,2.142857142857143
B,Mi1,voltage,dark,0.16956521739130434,2.142857142857143
B,Mi1,voltage,dark,0.17391304347826086,2.142857142857143
B,Mi1,voltage,dark,0.1782608695652174,2.142857142857143
B,Mi1,voltage,dark,0.1826086956521739,2.0
B,Mi1,voltage,dark,0.18695652173913044,2.0
B,Mi1,voltage,dark,0.19130434782608696,1.8571428571428572
B,Mi1,voltage,dark,0.1956521739130435,1.8571428571428572
B,Mi1,voltage,dark,0.2,1.5714285714285714
B,Mi1,voltage,dark,0.20434782608695654,1.2857142857142858
B,Mi1,voltage,dark,0.20869565217391303,1.0
B,Mi1,voltage,dark,0.21304347826086956,1.0
B,Mi1,voltage,dark,0.21739130434782608,1.0
B,Mi1,voltage,dark,0.2217391304347826,1.1428571428571428
B,Mi1,voltage,dark,0.22608695652173913,1.2857142857142858
B,Mi1,voltage,dark,0.23043478260869565,1.5714285714285714
B,Mi1,voltage,dark,0.23478260869565218,1.7142857142857142
B,Mi1,voltage,dark,0.2391304347826087,1.8571428571428572
B,Mi1,voltage,dark,0.24347826086956523,2.0
B,Mi1,voltage,dark,0.24782608695652175,2.142857142857143
B,Mi1,voltage,dark,0.25217391304347825,2.142857142857143
B,Mi1,voltage,dark,0.2565217391304348,2.142857142857143
B,Mi1,voltage,dark,0.2608695652173913,2.142857142857143
B,Mi1,voltage,dark,0.26521739130434785,2.0
B,Mi1,voltage,dark,0.26956521739130435,2.0
B,Mi1,voltage,dark,0.27391304347826084,1.8571428571428572
B,Mi1,voltage,dark,0.2782608695652174,1.8571428571428572
B,Mi1,voltage,dark,0.2826086956521739,1.8571428571428572
B,Mi1,voltage,dark,0.28695652173913044,1.8571428571428572
B,Mi1,voltage,dark,0.29130434782608694,1.7142857142857142
B,Mi1,voltage,dark,0.2956521739130435,1.5714285714285714
B,Mi1,voltage,dark,0.3,1.4285714285714286
B,Mi1,voltage,dark,0.30434782608695654,1.4285714285714286
B,Mi1,voltage,dark,0.30869565217391304,1.4285714285714286
B,Mi1,voltage,dark,0.3130434782608696,1.2857142857142858
B,Mi1,voltage,dark,0.3173913043478261,1.1428571428571428
B,Mi1,voltage,dark,0.3217391304347826,1.2857142857142858
B,Mi1,voltage,dark,0.32608695652173914,1.2857142857142858
B,Mi1,voltage,dark,0.33043478260869563,1.4285714285714286
B,Mi1,voltage,dark,0.3347826086956522,1.7142857142857142
B,Mi1,voltage,dark,0.3391304347826087,1.8571428571428572
B,Mi1,voltage,dark,0.34347826086956523,1.8571428571428572
B,Mi1,voltage,dark,0.34782608695652173,1.7142857142857142
B,Mi1,voltage,dark,0.3521739130434783,1.5714285714285714
B,Mi1,voltage,dark,0.3565217391304348,1.2857142857142858
B,Mi1,voltage,dark,0.36086956521739133,1.0
B,Mi1,voltage,dark,0.3652173913043478,0.8571428571428571
B,Mi1,voltage,dark,0.3695652173913043,1.0
B,Mi1,voltage,dark,0.3739130434782609,1.1428571428571428
B,Mi1,voltage,dark,0.3782608695652174,1.2857142857142858
B,Mi1,voltage,dark,0.3826086956521739,1.2857142857142858
B,Mi1,voltage,dark,0.3869565217391304,1.2857142857142858
B,Mi1,voltage,dark,0.391304347826087,1.2857142857142858
B,Mi1,voltage,dark,0.39565217391304347,1.2857142857142858
B,Mi1,voltage,dark,0.4,1.2857142857142858
B,Mi1,voltage,dark,0.4043478260869565,1.2857142857142858
B,Mi1,voltage,dark,0.40869565217391307,1.4285714285714286
B,Mi1,voltage,dark,0.41304347826086957,1.4285714285714286
B,Mi1,voltage,dark,0.41739130434782606,1.1428571428571428
B,Mi1,voltage,dark,0.4217391304347826,1.0
B,Mi1,voltage,dark,0.4260869565217391,0.7142857142857143
B,Mi1,voltage,dark,0.43043478260869567,0.7142857142857143
B,Mi1,voltage,dark,0.43478260869565216,0.7142857142857143
B,Mi1,voltage,dark,0.4391304347826087,0.8571428571428571
B,Mi1,voltage,dark,0.4434782608695652,0.8571428571428571
B,Mi1,voltage,dark,0.44782608695652176,0.8571428571428571
B,Mi1,voltage,dark,0.45217391304347826,0.8571428571428571
B,Mi1,voltage,dark,0.45652173913043476,0.7142857142857143
B,Mi1,voltage,dark,0.4608695652173913,0.7142857142857143
B,Mi1,voltage,dark,0.4652173913043478,0.7142857142857143
B,Mi1,voltage,dark,0.46956521739130436,0.7142857142857143
B,Mi1,voltage,dark,0.47391304347826085,0.5714285714285714
B,Mi1,voltage,dark,0.4782608695652174,0.5714285714285714
B,Mi1,voltage,dark,0.4826086956521739,0.42857142857142855
B,Mi1,voltage,dark,0.48695652173913045,0.42857142857142855
B,Mi1,voltage,dark,0.49130434782608695,0.14285714285714285
B,Mi1,voltage,dark,0.4956521739130435,0.14285714285714285
B,Mi1,voltage,dark,0.5,0.42857142857142855
B,Mi1,voltage,dark,0.5043478260869565,0.5714285714285714
B,Mi1,voltage,dark,0.508695652173913,0.5714285714285714
B,Mi1,voltage,dark,0.5130434782608696,0.5714285714285714
B,Mi1,voltage,dark,0.5173913043478261,0.5714285714285714
B,Mi1,voltage,dark,0.5217391304347826,0.7142857142857143
B,Mi1,voltage,dark,0.5260869565217391,0.7142857142857143
B,Mi1,voltage,dark,0.5304347826086957,0.8571428571428571
B,Mi1,voltage,dark,0.5347826086956522,1.0
B,Mi1,voltage,dark,0.5391304347826087,1.0
B,Mi1,voltage,dark,0.5434782608695652,1.0
B,Mi1,voltage,dark,0.5478260869565217,1.0
B,Mi1,calcium,light,0.004347826086956522,1.6666666666666667
B,Mi1,calcium,light,0.008695652173913044,1.6666666666666667
B,Mi1,calcium,light,0.013043478260869565,1.6666666666666667
B,Mi1,calcium,light,0.017391304347826087,1.875
B,Mi1,calcium,light,0.021739130434782608,2.0833333333333335
B,Mi1,calcium,light,0.02608695652173913,2.291666666666667
B,Mi1,calcium,light,0.030434782608695653,2.916666666666667
B,Mi1,calcium,light,0.034782608695652174,3.75
B,Mi1,calcium,light,0.0391304347826087,5.208333333333334
B,Mi1,calcium,light,0.043478260869565216,6.666666666666667
B,Mi1,calcium,light,0.04782608695652174,8.75
B,Mi1,calcium,light,0.05217391304347826,10.625
B,Mi1,calcium,light,0.05652173913043478,12.5
B,Mi1,calcium,light,0.06086956521739131,14.375
B,Mi1,calcium,light,0.06521739130434782,16.458333333333336
B,Mi1,calcium,light,0.06956521739130435,18.333333333333336
B,Mi1,calcium,light,0.07391304347826087,20.0
B,Mi1,calcium,light,0.0782608695652174,21.458333333333336
B,Mi1,calcium,light,0.08260869565217391,22.291666666666668
B,Mi1,calcium,light,0.08695652173913043,22.916666666666668
B,Mi1,calcium,light,0.09130434782608696,23.541666666666668
B,Mi1,calcium,light,0.09565217391304348,23.958333333333336
B,Mi1,calcium,light,0.1,23.958333333333336
B,Mi1,calcium,light,0.10434782608695652,23.958333333333336
B,Mi1,calcium,light,0.10869565217391304,23.958333333333336
B,Mi1,calcium,light,0.11304347826086956,23.958333333333336
B,Mi1,calcium,light,0.11739130434782609,23.75
B,Mi1,calcium,light,0.12173913043478261,23.333333333333336
B,Mi1,calcium,light,0.12608695652173912,22.916666666666668
B,Mi1,calcium,light,0.13043478260869565,22.5
B,Mi1,calcium,light,0.13478260869565217,22.083333333333336
B,Mi1,calcium,light,0.1391304347826087,21.666666666666668
B,Mi1,calcium,light,0.14347826086956522,21.25
B,Mi1,calcium,light,0.14782608695652175,20.625
B,Mi1,calcium,light,0.15217391304347827,20.208333333333336
B,Mi1,calcium,light,0.1565217391304348,19.791666666666668
B,Mi1,calcium,light,0.1608695652173913,19.166666666666668
B,Mi1,calcium,light,0.16521739130434782,18.541666666666668
B,Mi1,calcium,light,0.16956521739130434,17.916666666666668
B,Mi1,calcium,light,0.17391304347826086,17.291666666666668
B,Mi1,calcium,light,0.1782608695652174,16.666666666666668
B,Mi1,calcium,light,0.1826086956521739,16.041666666666668
B,Mi1,calcium,light,0.18695652173913044,15.416666666666668
B,Mi1,calcium,light,0.19130434782608696,14.791666666666668
B,Mi1,calcium,light,0.1956521739130435,14.375
B,Mi1,calcium,light,0.2,13.75
B,Mi1,calcium,light,0.20434782608695654,13.125
B,Mi1,calcium,light,0.20869565217391303,12.5
B,Mi1,calcium,light,0.21304347826086956,11.666666666666668
B,Mi1,calcium,light,0.21739130434782608,11.041666666666668
B,Mi1,calcium,light,0.2217391304347826,10.416666666666668
B,Mi1,calcium,light,0.22608695652173913,10.0
B,Mi1,calcium,light,0.23043478260869565,9.375
B,Mi1,calcium,light,0.23478260869565218,8.958333333333334
B,Mi1,calcium,light,0.2391304347826087,8.333333333333334
B,Mi1,calcium,light,0.24347826086956523,7.708333333333334
B,Mi1,calcium,light,0.24782608695652175,7.083333333333334
B,Mi1,calcium,light,0.25217391304347825,6.458333333333334
B,Mi1,calcium,light,0.2565217391304348,5.833333333333334
B,Mi1,calcium,light,0.2608695652173913,5.416666666666667
B,Mi1,calcium,light,0.26521739130434785,4.791666666666667
B,Mi1,calcium,light,0.26956521739130435,4.375
B,Mi1,calcium,light,0.27391304347826084,3.9583333333333335
B,Mi1,calcium,light,0.2782608695652174,3.541666666666667
B,Mi1,calcium,light,0.2826086956521739,3.125
B,Mi1,calcium,light,0.28695652173913044,2.7083333333333335
B,Mi1,calcium,light,0.29130434782608694,2.0833333333333335
B,Mi1,calcium,light,0.2956521739130435,1.6666666666666667
B,Mi1,calcium,light,0.3,1.25
B,Mi1,calcium,light,0.30434782608695654,0.625
B,Mi1,calcium,light,0.30869565217391304,0.20833333333333334
B,Mi1,calcium,light,0.3130434782608696,-0.625
B,Mi1,calcium,light,0.3173913043478261,-0.8333333333333334
B,Mi1,calcium,light,0.3217391304347826,-1.0416666666666667
B,Mi1,calcium,light,0.32608695652173914,-1.25
B,Mi1,calcium,light,0.33043478260869563,-1.6666666666666667
B,Mi1,calcium,light,0.3347826086956522,-1.875
B,Mi1,calcium,light,0.3391304347826087,-2.291666666666667
B,Mi1,calcium,light,0.34347826086956523,-2.7083333333333335
B,Mi1,calcium,light,0.34782608695652173,-2.916666666666667
B,Mi1,calcium,light,0.3521739130434783,-3.3333333333333335
B,Mi1,calcium,light,0.3565217391304348,-3.75
B,Mi1,calcium,light,0.36086956521739133,-4.166666666666667
B,Mi1,calcium,light,0.3652173913043478,-4.583333333333334
B,Mi1,calcium,light,0.3695652173913043,-4.791666666666667
B,Mi1,calcium,light,0.3739130434782609,-5.0
B,Mi1,calcium,light,0.3782608695652174,-5.208333333333334
B,Mi1,calcium,light,0.3826086956521739,-5.416666666666667
B,Mi1,calcium,light,0.3869565217391304,-5.625
B,Mi1,calcium,light,0.391304347826087,-5.833333333333334
B,Mi1,calcium,light,0.39565217391304347,-6.041666666666667
B,Mi1,calcium,light,0.4,-6.458333333333334
B,Mi1,calcium,light,0.4043478260869565,-6.666666666666667
B,Mi1,calcium,light,0.40869565217391307,-7.083333333333334
B,Mi1,calcium,light,0.41304347826086957,-7.291666666666667
B,Mi1,calcium,light,0.41739130434782606,-7.5
B,Mi1,calcium,light,0.4217391304347826,-7.708333333333334
B,Mi1,calcium,light,0.4260869565217391,-7.916666666666667
B,Mi1,calcium,light,0.43043478260869567,-7.916666666666667
B,Mi1,calcium,light,0.43478260869565216,-8.125
B,Mi1,calcium,light,0.4391304347826087,-8.333333333333334
B,Mi1,calcium,light,0.4434782608695652,-8.541666666666668
B,Mi1,calcium,light,0.44782608695652176,-8.541666666666668
B,Mi1,calcium,light,0.45217391304347826,-8.75
B,Mi1,calcium,light,0.45652173913043476,-8.75
B,Mi1,calcium,light,0.4608695652173913,-8.958333333333334
B,Mi1,calcium,light,0.4652173913043478,-9.166666666666668
B,Mi1,calcium,light,0.46956521739130436,-9.166666666666668
B,Mi1,calcium,light,0.47391304347826085,-9.375
B,Mi1,calcium,light,0.4782608695652174,-9.583333333333334
B,Mi1,calcium,light,0.4826086956521739,-9.583333333333334
B,Mi1,calcium,light,0.48695652173913045,-9.791666666666668
B,Mi1,calcium,light,0.49130434782608695,-9.791666666666668
B,Mi1,calcium,light,0.4956521739130435,-9.791666666666668
B,Mi1,calcium,light,0.5,-9.791666666666668
B,Mi1,calcium,light,0.5043478260869565,-9.791666666666668
B,Mi1,calcium,light,0.508695652173913,-10.0
B,Mi1,calcium,light,0.5130434782608696,-10.208333333333334
B,Mi1,calcium,light,0.5173913043478261,-10.416666666666668
B,Mi1,calcium,light,0.5217391304347826,-10.416666666666668
B,Mi1,calcium,light,0.5260869565217391,-10.625
B,Mi1,calcium,light,0.5304347826086957,-10.833333333333334
B,Mi1,calcium,light,0.5347826086956522,-10.833333333333334
B,Mi1,calcium,light,0.5391304347826087,-10.833333333333334
B,Mi1,calcium,light,0.5434782608695652,-10.833333333333334
B,Mi1,calcium,light,0.5478260869565217,-11.041666666666668
B,Mi1,calcium,light,0.5521739130434783,-11.041666666666668
B,Mi1,calcium,light,0.5565217391304348,-11.041666666666668
B,Mi1,calcium,light,0.5608695652173913,-11.25
B,Mi1,calcium,light,0.5652173913043478,-11.25
B,Mi1,calcium,light,0.5695652173913044,-11.25
B,Mi1,calcium,light,0.5739130434782609,-11.25
B,Mi1,calcium,light,0.5782608695652174,-11.458333333333334
B,Mi1,calcium,light,0.5826086956521739,-11.458333333333334
B,Mi1,calcium,light,0.5869565217391305,-11.666666666666668
B,Mi1,calcium,light,0.591304347826087,-11.666666666666668
B,Mi1,calcium,light,0.5956521739130435,-11.875
B,Mi1,calcium,light,0.6,-11.875
B,Mi1,calcium,light,0.6043478260869565,-11.666666666666668
B,Mi1,calcium,light,0.6086956521739131,-11.666666666666668
B,Mi1,calcium,light,0.6130434782608696,-11.458333333333334
B,Mi1,calcium,light,0.6173913043478261,-11.458333333333334
B,Mi1,calcium,light,0.6217391304347826,-11.458333333333334
B,Mi1,calcium,light,0.6260869565217392,-11.666666666666668
B,Mi1,calcium,light,0.6304347826086957,-11.666666666666668
B,Mi1,calcium,light,0.6347826086956522,-11.666666666666668
B,Mi1,calcium,light,0.6391304347826087,-11.875
B,Mi1,calcium,light,0.6434782608695652,-11.875
B,Mi1,calcium,light,0.6478260869565218,-11.875
B,Mi1,calcium,light,0.6521739130434783,-11.666666666666668
B,Mi1,calcium,light,0.6565217391304348,-11.666666666666668
B,Mi1,calcium,light,0.6608695652173913,-11.666666666666668
B,Mi1,calcium,light,0.6652173913043479,-11.875
B,Mi1,calcium,light,0.6695652173913044,-11.875
B,Mi1,calcium,light,0.6739130434782609,-11.875
B,Mi1,calcium,light,0.6782608695652174,-11.666666666666668
B,Mi1,calcium,light,0.6826086956521739,-11.666666666666668
B,Mi1,calcium,light,0.6869565217391305,-11.666666666666668
B,Mi1,calcium,light,0.691304347826087,-11.458333333333334
B,Mi1,calcium,light,0.6956521739130435,-11.458333333333334
B,Mi1,calcium,light,0.7,-11.458333333333334
B,Mi1,calcium,light,0.7043478260869566,-11.458333333333334
B,Mi1,calcium,light,0.7086956521739131,-11.458333333333334
B,Mi1,calcium,light,0.7130434782608696,-11.458333333333334
B,Mi1,calcium,light,0.717391304347826,-11.458333333333334
B,Mi1,calcium,light,0.7217391304347827,-11.458333333333334
B,Mi1,calcium,light,0.7260869565217392,-11.458333333333334
B,Mi1,calcium,light,0.7304347826086957,-11.25
B,Mi1,calcium,light,0.7347826086956522,-11.25
B,Mi1,calcium,light,0.7391304347826086,-11.25
B,Mi1,calcium,light,0.7434782608695653,-11.25
B,Mi1,calcium,light,0.7478260869565218,-11.25
B,Mi1,calcium,light,0.7521739130434782,-11.041666666666668
B,Mi1,calcium,light,0.7565217391304347,-11.041666666666668
B,Mi1,calcium,light,0.7608695652173914,-11.041666666666668
B,Mi1,calcium,light,0.7652173913043478,-11.041666666666668
B,Mi1,calcium,light,0.7695652173913043,-11.041666666666668
B,Mi1,calcium,light,0.7739130434782608,-11.041666666666668
B,Mi1,calcium,light,0.7782608695652173,-11.041666666666668
B,Mi1,calcium,light,0.782608695652174,-11.041666666666668
B,Mi1,calcium,light,0.7869565217391304,-10.833333333333334
B,Mi1,calcium,light,0.7913043478260869,-10.833333333333334
B,Mi1,calcium,light,0.7956521739130434,-10.833333333333334
B,Mi1,calcium,light,0.8,-10.833333333333334
B,Mi1,calcium,light,0.8043478260869565,-10.625
B,Mi1,calcium,light,0.808695652173913,-10.625
B,Mi1,calcium,light,0.8130434782608695,-10.416666666666668
B,Mi1,calcium,light,0.8173913043478261,-10.416666666666668
B,Mi1,calcium,light,0.8217391304347826,-10.416666666666668
B,Mi1,calcium,light,0.8260869565217391,-10.208333333333334
B,Mi1,calcium,light,0.8304347826086956,-10.208333333333334
B,Mi1,calcium,light,0.8347826086956521,-10.208333333333334
B,Mi1,calcium,light,0.8391304347826087,-10.208333333333334
B,Mi1,calcium,light,0.8434782608695652,-10.0
B,Mi1,calcium,light,0.8478260869565217,-10.0
B,Mi1,calcium,light,0.8521739130434782,-10.0
B,Mi1,calcium,light,0.8565217391304348,-10.0
B,Mi1,calcium,light,0.8608695652173913,-10.0
B,Mi1,calcium,light,0.8652173913043478,-10.0
B,Mi1,calcium,light,0.8695652173913043,-9.791666666666668
B,Mi1,calcium,light,0.8739130434782608,-9.583333333333334
B,Mi1,calcium,light,0.8782608695652174,-9.375
B,Mi1,calcium,light,0.8826086956521739,-9.375
B,Mi1,calcium,light,0.8869565217391304,-9.166666666666668
B,Mi1,calcium,light,0.8913043478260869,-9.166666666666668
B,Mi1,calcium,light,0.8956521739130435,-9.166666666666668
B,Mi1,calcium,light,0.9,-9.375
B,Mi1,calcium,light,0.9043478260869565,-9.583333333333334
B,Mi1,calcium,light,0.908695652173913,-9.583333333333334
B,Mi1,calcium,light,0.9130434782608695,-9.583333333333334
B,Mi1,calcium,light,0.9173913043478261,-9.375
B,Mi1,calcium,light,0.9217391304347826,-9.375
B,Mi1,calcium,light,0.9260869565217391,-9.166666666666668
B,Mi1,calcium,light,0.9304347826086956,-9.166666666666668
B,Mi1,calcium,light,0.9347826086956522,-8.958333333333334
B,Mi1,calcium,light,0.9391304347826087,-8.958333333333334
B,Mi1,calcium,light,0.9434782608695652,-8.958333333333334
B,Mi1,calcium,light,0.9478260869565217,-8.75
B,Mi1,calcium,light,0.9521739130434783,-8.75
B,Mi1,calcium,light,0.9565217391304348,-8.541666666666668
B,Mi1,calcium,light,0.9608695652173913,-8.541666666666668
B,Mi1,calcium,light,0.9652173913043478,-8.333333333333334
B,Mi1,calcium,light,0.9695652173913043,-8.333333333333334
B,Mi1,calcium,light,0.9739130434782609,-8.333333333333334
B,Mi1,calcium,light,0.9782608695652174,-8.333333333333334
B,Mi1,calcium,light,0.9826086956521739,-8.333333333333334
B,Mi1,calcium,light,0.9869565217391304,-8.125
B,Mi1,calcium,light,0.991304347826087,-8.125
B,Mi1,calcium,light,0.9956521739130435,-8.125
B,Mi1,calcium,light,1.0,-8.125
B,Mi1,calcium,light,1.0043478260869565,-8.125
B,Mi1,calcium,light,1.008695652173913,-8.125
B,Mi1,calcium,light,1.0130434782608695,-8.125
B,Mi1,calcium,light,1.017391304347826,-8.125
B,Mi1,calcium,light,1.0217391304347827,-8.125
B,Mi1,calcium,light,1.0260869565217392,-7.916666666666667
B,Mi1,calcium,light,1.0304347826086957,-7.708333333333334
B,Mi1,calcium,light,1.0347826086956522,-7.5
B,Mi1,calcium,light,1.0391304347826087,-7.5
B,Mi1,calcium,light,1.0434782608695652,-7.291666666666667
B,Mi1,calcium,light,1.0478260869565217,-7.291666666666667
B,Mi1,calcium,light,1.0521739130434782,-7.291666666666667
B,Mi1,calcium,light,1.0565217391304347,-7.291666666666667
B,Mi1,calcium,light,1.0608695652173914,-7.291666666666667
B,Mi1,calcium,light,1.065217391304348,-7.291666666666667
B,Mi1,calcium,light,1.0695652173913044,-7.083333333333334
B,Mi1,calcium,light,1.0739130434782609,-7.291666666666667
B,Mi1,calcium,light,1.0782608695652174,-7.291666666666667
B,Mi1,calcium,light,1.0826086956521739,-7.291666666666667
B,Mi1,calcium,light,1.0869565217391304,-7.291666666666667
B,Mi1,calcium,light,1.0913043478260869,-7.291666666666667
B,Mi1,calcium,light,1.0956521739130434,-7.291666666666667
B,Mi1,calcium,light,1.1,-7.083333333333334
B,Mi1,calcium,light,1.1043478260869566,-7.083333333333334
B,Mi1,calcium,light,1.108695652173913,-6.875
B,Mi1,calcium,light,1.1130434782608696,-6.666666666666667
B,Mi1,calcium,light,1.117391304347826,-6.666666666666667
B,Mi1,calcium,light,1.1217391304347826,-6.666666666666667
B,Mi1,calcium,light,1.126086956521739,-6.458333333333334
B,Mi1,calcium,light,1.1304347826086956,-6.458333333333334
B,Mi1,calcium,light,1.1347826086956523,-6.25
B,Mi1,calcium,light,1.1391304347826088,-6.25
B,Mi1,calcium,light,1.1434782608695653,-6.25
B,Mi1,calcium,light,1.1478260869565218,-6.25
B,Mi1,calcium,light,1.1521739130434783,-6.25
B,Mi1,calcium,light,1.1565217391304348,-6.25
B,Mi1,calcium,light,1.1608695652173913,-6.25
B,Mi1,calcium,light,1.1652173913043478,-6.25
B,Mi1,calcium,light,1.1695652173913043,-6.25
B,Mi1,calcium,light,1.173913043478261,-6.041666666666667
B,Mi1,calcium,light,1.1782608695652175,-5.833333333333334
B,Mi1,calcium,light,1.182608695652174,-5.833333333333334
B,Mi1,calcium,light,1.1869565217391305,-5.833333333333334
B,Mi1,calcium,light,1.191304347826087,-6.041666666666667
B,Mi1,calcium,light,1.1956521739130435,-6.041666666666667
B,Mi1,calcium,light,1.2,-6.041666666666667
B,Mi1,calcium,light,1.2043478260869565,-6.041666666666667
B,Mi1,calcium,light,1.208695652173913,-6.041666666666667
B,Mi1,calcium,light,1.2130434782608697,-5.833333333333334
B,Mi1,calcium,light,1.2173913043478262,-5.833333333333334
B,Mi1,calcium,light,1.2217391304347827,-5.625
B,Mi1,calcium,light,1.2260869565217392,-5.625
B,Mi1,calcium,light,1.2304347826086957,-5.416666666666667
B,Mi1,calcium,light,1.2347826086956522,-5.416666666666667
B,Mi1,calcium,light,1.2391304347826086,-5.416666666666667
B,Mi1,calcium,light,1.2434782608695651,-5.208333333333334
B,Mi1,calcium,light,1.2478260869565216,-5.208333333333334
B,Mi1,calcium,light,1.2521739130434784,-5.208333333333334
B,Mi1,calcium,light,1.2565217391304349,-5.208333333333334
B,Mi1,calcium,light,1.2608695652173914,-5.208333333333334
B,Mi1,calcium,light,1.2652173913043478,-5.208333333333334
B,Mi1,calcium,light,1.2695652173913043,-5.0
B,Mi1,calcium,light,1.2739130434782608,-5.0
B,Mi1,calcium,light,1.2782608695652173,-5.0
B,Mi1,calcium,light,1.2826086956521738,-5.0
B,Mi1,calcium,light,1.2869565217391303,-4.791666666666667
B,Mi1,calcium,light,1.291304347826087,-4.791666666666667
B,Mi1,calcium,light,1.2956521739130435,-4.791666666666667
B,Mi1,calcium,light,1.3,-4.583333333333334
B,Mi1,calcium,light,1.3043478260869565,-4.583333333333334
B,Mi1,calcium,light,1.308695652173913,-4.375
B,Mi1,calcium,light,1.3130434782608695,-4.166666666666667
B,Mi1,calcium,light,1.317391304347826,-4.166666666666667
B,Mi1,calcium,light,1.3217391304347825,-4.166666666666667
B,Mi1,calcium,light,1.326086956521739,-4.166666666666667
B,Mi1,calcium,light,1.3304347826086957,-4.166666666666667
B,Mi1,calcium,light,1.3347826086956522,-4.166666666666667
B,Mi1,calcium,light,1.3391304347826087,-4.166666666666667
B,Mi1,calcium,light,1.3434782608695652,-3.9583333333333335
B,Mi1,calcium,light,1.3478260869565217,-3.9583333333333335
B,Mi1,calcium,light,1.3521739130434782,-3.9583333333333335
B,Mi1,calcium,light,1.3565217391304347,-3.75
B,Mi1,calcium,light,1.3608695652173912,-3.75
B,Mi1,calcium,light,1.3652173913043477,-3.75
B,Mi1,calcium,light,1.3695652173913044,-3.75
B,Mi1,calcium,light,1.373913043478261,-3.75
B,Mi1,calcium,light,1.3782608695652174,-3.75
B,Mi1,calcium,light,1.382608695652174,-3.541666666666667
B,Mi1,calcium,light,1.3869565217391304,-3.541666666666667
B,Mi1,calcium,light,1.391304347826087,-3.541666666666667
B,Mi1,calcium,light,1.3956521739130434,-3.3333333333333335
B,Mi1,calcium,light,1.4,-3.541666666666667
B,Mi1,calcium,light,1.4043478260869566,-3.541666666666667
B,Mi1,calcium,light,1.4086956521739131,-3.541666666666667
B,Mi1,calcium,light,1.4130434782608696,-3.541666666666667
B,Mi1,calcium,light,1.4173913043478261,-3.3333333333333335
B,Mi1,calcium,light,1.4217391304347826,-3.3333333333333335
B,Mi1,calcium,light,1.4260869565217391,-3.125
B,Mi1,calcium,light,1.4304347826086956,-3.125
B,Mi1,calcium,light,1.434782608695652,-2.916666666666667
B,Mi1,calcium,light,1.4391304347826086,-2.7083333333333335
B,Mi1,calcium,light,1.4434782608695653,-2.5
B,Mi1,calcium,light,1.4478260869565218,-2.5
B,Mi1,calcium,light,1.4521739130434783,-2.5
B,Mi1,calcium,light,1.4565217391304348,-2.5
B,Mi1,calcium,light,1.4608695652173913,-2.5
B,Mi1,calcium,light,1.4652173913043478,-2.7083333333333335
B,Mi1,calcium,light,1.4695652173913043,-2.7083333333333335
B,Mi1,calcium,light,1.4739130434782608,-2.7083333333333335
B,Mi1,calcium,light,1.4782608695652173,-2.7083333333333335
B,Mi1,calcium,light,1.482608695652174,-2.5
B,Mi1,calcium,light,1.4869565217391305,-2.7083333333333335
B,Mi1,calcium,light,1.491304347826087,-2.7083333333333335
B,Mi1,calcium,light,1.4956521739130435,-2.7083333333333335
B,Mi1,calcium,light,1.5,-2.5
B,Mi1,calcium,light,1.5043478260869565,-2.5
B,Mi1,calcium,light,1.508695652173913,-2.5
B,Mi1,calcium,light,1.5130434782608695,-2.5
B,Mi1,calcium,light,1.517391304347826,-2.291666666666667
B,Mi1,calcium,light,1.5217391304347827,-2.291666666666667
B,Mi1,calcium,light,1.5260869565217392,-2.291666666666667
B,Mi1,calcium,light,1.5304347826086957,-2.291666666666667
B,Mi1,calcium,light,1.5347826086956522,-2.0833333333333335
B,Mi1,calcium,light,1.5391304347826087,-2.0833333333333335
B,Mi1,calcium,light,1.5434782608695652,-1.875
B,Mi1,calcium,light,1.5478260869565217,-1.875
B,Mi1,calcium,light,1.5521739130434782,-1.875
B,Mi1,calcium,light,1.5565217391304347,-1.4583333333333335
B,Mi1,calcium,light,1.5608695652173914,-1.4583333333333335
B,Mi1,calcium,light,1.565217391304348,-1.4583333333333335
B,Mi1,calcium,light,1.5695652173913044,-1.6666666666666667
B,Mi1,calcium,light,1.5739130434782609,-1.875
B,Mi1,calcium,light,1.5782608695652174,-2.0833333333333335
B,Mi1,calcium,dark,0.004347826086956522,-2.0833333333333335
B,Mi1,calcium,dark,0.008695652173913044,-2.0833333333333335
B,Mi1,calcium,dark,0.013043478260869565,-2.0833333333333335
B,Mi1,calcium,dark,0.017391304347826087,-1.875
B,Mi1,calcium,dark,0.021739130434782608,-1.875
B,Mi1,calcium,dark,0.02608695652173913,-1.6666666666666667
B,Mi1,calcium,dark,0.030434782608695653,-1.6666666666666667
B,Mi1,calcium,dark,0.034782608695652174,-1.6666666666666667
B,Mi1,calcium,dark,0.0391304347826087,-1.875
B,Mi1,calcium,dark,0.043478260869565216,-1.875
B,Mi1,calcium,dark,0.04782608695652174,-2.0833333333333335
B,Mi1,calcium,dark,0.05217391304347826,-2.291666666666667
B,Mi1,calcium,dark,0.05652173913043478,-2.5
B,Mi1,calcium,dark,0.06086956521739131,-2.916666666666667
B,Mi1,calcium,dark,0.06521739130434782,-3.541666666666667
B,Mi1,calcium,dark,0.06956521739130435,-3.9583333333333335
B,Mi1,calcium,dark,0.07391304347826087,-4.375
B,Mi1,calcium,dark,0.0782608695652174,-4.791666666666667
B,Mi1,calcium,dark,0.08260869565217391,-5.208333333333334
B,Mi1,calcium,dark,0.08695652173913043,-5.416666666666667
B,Mi1,calcium,dark,0.09130434782608696,-5.416666666666667
B,Mi1,calcium,dark,0.09565217391304348,-5.625
B,Mi1,calcium,dark,0.1,-5.625
B,Mi1,calcium,dark,0.10434782608695652,-5.416666666666667
B,Mi1,calcium,dark,0.10869565217391304,-5.208333333333334
B,Mi1,calcium,dark,0.11304347826086956,-5.0
B,Mi1,calcium,dark,0.11739130434782609,-4.583333333333334
B,Mi1,calcium,dark,0.12173913043478261,-4.166666666666667
B,Mi1,calcium,dark,0.12608695652173912,-3.541666666666667
B,Mi1,calcium,dark,0.13043478260869565,-2.916666666666667
B,Mi1,calcium,dark,0.13478260869565217,-2.291666666666667
B,Mi1,calcium,dark,0.1391304347826087,-1.6666666666666667
B,Mi1,calcium,dark,0.14347826086956522,-1.25
B,Mi1,calcium,dark,0.14782608695652175,-0.8333333333333334
B,Mi1,calcium,dark,0.15217391304347827,-0.625
B,Mi1,calcium,dark,0.1565217391304348,-0.625
B,Mi1,calcium,dark,0.1608695652173913,0.4166666666666667
B,Mi1,calcium,dark,0.16521739130434782,1.0416666666666667
B,Mi1,calcium,dark,0.16956521739130434,1.6666666666666667
B,Mi1,calcium,dark,0.17391304347826086,2.291666666666667
B,Mi1,calcium,dark,0.1782608695652174,2.916666666666667
B,Mi1,calcium,dark,0.1826086956521739,3.75
B,Mi1,calcium,dark,0.18695652173913044,4.583333333333334
B,Mi1,calcium,dark,0.19130434782608696,5.0
B,Mi1,calcium,dark,0.1956521739130435,5.416666666666667
B,Mi1,calcium,dark,0.2,6.041666666666667
B,Mi1,calcium,dark,0.20434782608695654,6.458333333333334
B,Mi1,calcium,dark,0.20869565217391303,7.083333333333334
B,Mi1,calcium,dark,0.21304347826086956,7.708333333333334
B,Mi1,calcium,dark,0.21739130434782608,8.125
B,Mi1,calcium,dark,0.2217391304347826,8.541666666666668
B,Mi1,calcium,dark,0.22608695652173913,8.958333333333334
B,Mi1,calcium,dark,0.23043478260869565,9.583333333333334
B,Mi1,calcium,dark,0.23478260869565218,10.0
B,Mi1,calcium,dark,0.2391304347826087,10.625
B,Mi1,calcium,dark,0.24347826086956523,11.041666666666668
B,Mi1,calcium,dark,0.24782608695652175,11.458333333333334
B,Mi1,calcium,dark,0.25217391304347825,11.875
B,Mi1,calcium,dark,0.2565217391304348,12.291666666666668
B,Mi1,calcium,dark,0.2608695652173913,12.708333333333334
B,Mi1,calcium,dark,0.26521739130434785,13.125
B,Mi1,calcium,dark,0.26956521739130435,13.333333333333334
B,Mi1,calcium,dark,0.27391304347826084,13.75
B,Mi1,calcium,dark,0.2782608695652174,13.958333333333334
B,Mi1,calcium,dark,0.2826086956521739,14.375
B,Mi1,calcium,dark,0.28695652173913044,14.791666666666668
B,Mi1,calcium,dark,0.29130434782608694,15.208333333333334
B,Mi1,calcium,dark,0.2956521739130435,15.416666666666668
B,Mi1,calcium,dark,0.3,15.625
B,Mi1,calcium,dark,0.30434782608695654,15.833333333333334
B,Mi1,calcium,dark,0.30869565217391304,16.25
B,Mi1,calcium,dark,0.3130434782608696,16.458333333333336
B,Mi1,calcium,dark,0.3173913043478261,16.666666666666668
B,Mi1,calcium,dark,0.3217391304347826,16.875
B,Mi1,calcium,dark,0.32608695652173914,17.083333333333336
B,Mi1,calcium,dark,0.33043478260869563,17.291666666666668
B,Mi1,calcium,dark,0.3347826086956522,17.291666666666668
B,Mi1,calcium,dark,0.3391304347826087,17.5
B,Mi1,calcium,dark,0.34347826086956523,17.5
B,Mi1,calcium,dark,0.34782608695652173,17.5
B,Mi1,calcium,dark,0.3521739130434783,17.708333333333336
B,Mi1,calcium,dark,0.3565217391304348,17.708333333333336
B,Mi1,calcium,dark,0.36086956521739133,17.916666666666668
B,Mi1,calcium,dark,0.3652173913043478,17.916666666666668
B,Mi1,calcium,dark,0.3695652173913043,18.125
B,Mi1,calcium,dark,0.3739130434782609,18.333333333333336
B,Mi1,calcium,dark,0.3782608695652174,18.541666666666668
B,Mi1,calcium,dark,0.3826086956521739,18.541666666666668
B,Mi1,calcium,dark,0.3869565217391304,18.75
B,Mi1,calcium,dark,0.391304347826087,18.958333333333336
B,Mi1,calcium,dark,0.39565217391304347,18.958333333333336
B,Mi1,calcium,dark,0.4,18.958333333333336
B,Mi1,calcium,dark,0.4043478260869565,18.958333333333336
B,Mi1,calcium,dark,0.40869565217391307,18.958333333333336
B,Mi1,calcium,dark,0.41304347826086957,18.958333333333336
B,Mi1,calcium,dark,0.41739130434782606,18.75
B,Mi1,calcium,dark,0.4217391304347826,18.75
B,Mi1,calcium,dark,0.4260869565217391,18.75
B,Mi1,calcium,dark,0.43043478260869567,18.958333333333336
B,Mi1,calcium,dark,0.43478260869565216,19.166666666666668
B,Mi1,calcium,dark,0.4391304347826087,19.375
B,Mi1,calcium,dark,0.4434782608695652,19.583333333333336
B,Mi1,calcium,dark,0.44782608695652176,19.375
B,Mi1,calcium,dark,0.45217391304347826,19.375
B,Mi1,calcium,dark,0.45652173913043476,19.166666666666668
B,Mi1,calcium,dark,0.4608695652173913,19.166666666666668
B,Mi1,calcium,dark,0.4652173913043478,19.166666666666668
B,Mi1,calcium,dark,0.46956521739130436,19.166666666666668
B,Mi1,calcium,dark,0.47391304347826085,19.166666666666668
B,Mi1,calcium,dark,0.4782608695652174,19.166666666666668
B,Mi1,calcium,dark,0.4826086956521739,19.166666666666668
B,Mi1,calcium,dark,0.48695652173913045,19.166666666666668
B,Mi1,calcium,dark,0.49130434782608695,19.166666666666668
B,Mi1,calcium,dark,0.4956521739130435,19.166666666666668
B,Mi1,calcium,dark,0.5,19.166666666666668
B,Mi1,calcium,dark,0.5043478260869565,18.958333333333336
B,Mi1,calcium,dark,0.508695652173913,18.958333333333336
B,Mi1,calcium,dark,0.5130434782608696,18.958333333333336
B,Mi1,calcium,dark,0.5173913043478261,18.75
B,Mi1,calcium,dark,0.5217391304347826,18.75
B,Mi1,calcium,dark,0.5260869565217391,18.541666666666668
B,Mi1,calcium,dark,0.5304347826086957,18.541666666666668
B,Mi1,calcium,dark,0.5347826086956522,18.333333333333336
B,Mi1,calcium,dark,0.5391304347826087,18.125
B,Mi1,calcium,dark,0.5434782608695652,18.125
B,Mi1,calcium,dark,0.5478260869565217,18.125
B,Mi1,calcium,dark,0.5521739130434783,18.125
B,Mi1,calcium,dark,0.5565217391304348,17.916666666666668
B,Mi1,calcium,dark,0.5608695652173913,17.916666666666668
B,Mi1,calcium,dark,0.5652173913043478,17.916666666666668
B,Mi1,calcium,dark,0.5695652173913044,17.708333333333336
B,Mi1,calcium,dark,0.5739130434782609,17.5
B,Mi1,calcium,dark,0.5782608695652174,17.5
B,Mi1,calcium,dark,0.5826086956521739,17.291666666666668
B,Mi1,calcium,dark,0.5869565217391305,17.083333333333336
B,Mi1,calcium,dark,0.591304347826087,16.875
B,Mi1,calcium,dark,0.5956521739130435,16.666666666666668
B,Mi1,calcium,dark,0.6,16.666666666666668
B,Mi1,calcium,dark,0.6043478260869565,16.666666666666668
B,Mi1,calcium,dark,0.6086956521739131,16.666666666666668
B,Mi1,calcium,dark,0.6130434782608696,16.458333333333336
B,Mi1,calcium,dark,0.6173913043478261,16.25
B,Mi1,calcium,dark,0.6217391304347826,16.25
B,Mi1,calcium,dark,0.6260869565217392,16.041666666666668
B,Mi1,calcium,dark,0.6304347826086957,16.041666666666668
B,Mi1,calcium,dark,0.6347826086956522,15.833333333333334
B,Mi1,calcium,dark,0.6391304347826087,15.833333333333334
B,Mi1,calcium,dark,0.6434782608695652,15.625
B,Mi1,calcium,dark,0.6478260869565218,15.625
B,Mi1,calcium,dark,0.6521739130434783,15.625
B,Mi1,calcium,dark,0.6565217391304348,15.416666666666668
B,Mi1,calcium,dark,0.6608695652173913,15.416666666666668
B,Mi1,calcium,dark,0.6652173913043479,15.208333333333334
B,Mi1,calcium,dark,0.6695652173913044,15.208333333333334
B,Mi1,calcium,dark,0.6739130434782609,15.208333333333334
B,Mi1,calcium,dark,0.6782608695652174,15.208333333333334
B,Mi1,calcium,dark,0.6826086956521739,15.208333333333334
B,Mi1,calcium,dark,0.6869565217391305,15.208333333333334
B,Mi1,calcium,dark,0.691304347826087,15.0
B,Mi1,calcium,dark,0.6956521739130435,15.0
B,Mi1,calcium,dark,0.7,15.0
B,Mi1,calcium,dark,0.7043478260869566,14.791666666666668
B,Mi1,calcium,dark,0.7086956521739131,14.583333333333334
B,Mi1,calcium,dark,0.7130434782608696,14.375
B,Mi1,calcium,dark,0.717391304347826,14.375
B,Mi1,calcium,dark,0.7217391304347827,14.166666666666668
B,Mi1,calcium,dark,0.7260869565217392,13.958333333333334
B,Mi1,calcium,dark,0.7304347826086957,13.958333333333334
B,Mi1,calcium,dark,0.7347826086956522,13.958333333333334
B,Mi1,calcium,dark,0.7391304347826086,13.75
B,Mi1,calcium,dark,0.7434782608695653,13.75
B,Mi1,calcium,dark,0.7478260869565218,13.541666666666668
B,Mi1,calcium,dark,0.7521739130434782,13.333333333333334
B,Mi1,calcium,dark,0.7565217391304347,13.333333333333334
B,Mi1,calcium,dark,0.7608695652173914,13.333333333333334
B,Mi1,calcium,dark,0.7652173913043478,13.125
B,Mi1,calcium,dark,0.7695652173913043,12.916666666666668
B,Mi1,calcium,dark,0.7739130434782608,12.916666666666668
B,Mi1,calcium,dark,0.7782608695652173,12.708333333333334
B,Mi1,calcium,dark,0.782608695652174,12.5
B,Mi1,calcium,dark,0.7869565217391304,12.5
B,Mi1,calcium,dark,0.7913043478260869,12.291666666666668
B,Mi1,calcium,dark,0.7956521739130434,12.083333333333334
B,Mi1,calcium,dark,0.8,11.875
B,Mi1,calcium,dark,0.8043478260869565,11.875
B,Mi1,calcium,dark,0.808695652173913,11.875
B,Mi1,calcium,dark,0.8130434782608695,11.875
B,Mi1,calcium,dark,0.8173913043478261,11.875
B,Mi1,calcium,dark,0.8217391304347826,12.083333333333334
B,Mi1,calcium,dark,0.8260869565217391,12.083333333333334
B,Mi1,calcium,dark,0.8304347826086956,11.875
B,Mi1,calcium,dark,0.8347826086956521,11.875
B,Mi1,calcium,dark,0.8391304347826087,11.666666666666668
B,Mi1,calcium,dark,0.8434782608695652,11.458333333333334
B,Mi1,calcium,dark,0.8478260869565217,11.458333333333334
B,Mi1,calcium,dark,0.8521739130434782,11.458333333333334
B,Mi1,calcium,dark,0.8565217391304348,11.25
B,Mi1,calcium,dark,0.8608695652173913,11.041666666666668
B,Mi1,calcium,dark,0.8652173913043478,11.041666666666668
B,Mi1,calcium,dark,0.8695652173913043,10.833333333333334
B,Mi1,calcium,dark,0.8739130434782608,10.833333333333334
B,Mi1,calcium,dark,0.8782608695652174,10.833333333333334
B,Mi1,calcium,dark,0.8826086956521739,10.833333333333334
B,Mi1,calcium,dark,0.8869565217391304,10.625
B,Mi1,calcium,dark,0.8913043478260869,10.416666666666668
B,Mi1,calcium,dark,0.8956521739130435,10.416666666666668
B,Mi1,calcium,dark,0.9,10.208333333333334
B,Mi1,calcium,dark,0.9043478260869565,10.0
B,Mi1,calcium,dark,0.908695652173913,9.791666666666668
B,Mi1,calcium,dark,0.9130434782608695,9.791666666666668
B,Mi1,calcium,dark,0.9173913043478261,9.583333333333334
B,Mi1,calcium,dark,0.9217391304347826,9.375
B,Mi1,calcium,dark,0.9260869565217391,9.166666666666668
B,Mi1,calcium,dark,0.9304347826086956,9.166666666666668
B,Mi1,calcium,dark,0.9347826086956522,9.166666666666668
B,Mi1,calcium,dark,0.9391304347826087,9.166666666666668
B,Mi1,calcium,dark,0.9434782608695652,9.166666666666668
B,Mi1,calcium,dark,0.9478260869565217,9.166666666666668
B,Mi1,calcium,dark,0.9521739130434783,9.166666666666668
B,Mi1,calcium,dark,0.9565217391304348,8.958333333333334
B,Mi1,calcium,dark,0.9608695652173913,8.75
B,Mi1,calcium,dark,0.9652173913043478,8.541666666666668
B,Mi1,calcium,dark,0.9695652173913043,8.333333333333334
B,Mi1,calcium,dark,0.9739130434782609,8.333333333333334
B,Mi1,calcium,dark,0.9782608695652174,8.333333333333334
B,Mi1,calcium,dark,0.9826086956521739,8.125
B,Mi1,calcium,dark,0.9869565217391304,8.125
B,Mi1,calcium,dark,0.991304347826087,8.333333333333334
B,Mi1,calcium,dark,0.9956521739130435,8.125
B,Mi1,calcium,dark,1.0,8.125
B,Mi1,calcium,dark,1.0043478260869565,8.125
B,Mi1,calcium,dark,1.008695652173913,7.916666666666667
B,Mi1,calcium,dark,1.0130434782608695,7.708333333333334
B,Mi1,calcium,dark,1.017391304347826,7.708333333333334
B,Mi1,calcium,dark,1.0217391304347827,7.708333333333334
B,Mi1,calcium,dark,1.0260869565217392,7.708333333333334
B,Mi1,calcium,dark,1.0304347826086957,7.5
B,Mi1,calcium,dark,1.0347826086956522,7.5
B,Mi1,calcium,dark,1.0391304347826087,7.291666666666667
B,Mi1,calcium,dark,1.0434782608695652,7.291666666666667
B,Mi1,calcium,dark,1.0478260869565217,7.291666666666667
B,Mi1,calcium,dark,1.0521739130434782,7.291666666666667
B,Mi1,calcium,dark,1.0565217391304347,7.083333333333334
B,Mi1,calcium,dark,1.0608695652173914,7.083333333333334
B,Mi1,calcium,dark,1.065217391304348,7.083333333333334
B,Mi1,calcium,dark,1.0695652173913044,6.875
B,Mi1,calcium,dark,1.0739130434782609,6.875
B,Mi1,calcium,dark,1.0782608695652174,6.875
B,Mi1,calcium,dark,1.0826086956521739,6.666666666666667
B,Mi1,calcium,dark,1.0869565217391304,6.666666666666667
B,Mi1,calcium,dark,1.0913043478260869,6.458333333333334
B,Mi1,calcium,dark,1.0956521739130434,6.458333333333334
B,Mi1,calcium,dark,1.1,6.458333333333334
B,Mi1,calcium,dark,1.1043478260869566,6.25
B,Mi1,calcium,dark,1.108695652173913,6.25
B,Mi1,calcium,dark,1.1130434782608696,6.25
B,Mi1,calcium,dark,1.117391304347826,6.041666666666667
B,Mi1,calcium,dark,1.1217391304347826,6.041666666666667
B,Mi1,calcium,dark,1.126086956521739,5.833333333333334
B,Mi1,calcium,dark,1.1304347826086956,5.833333333333334
B,Mi1,calcium,dark,1.1347826086956523,5.625
B,Mi1,calcium,dark,1.1391304347826088,5.625
B,Mi1,calcium,dark,1.1434782608695653,5.625
B,Mi1,calcium,dark,1.1478260869565218,5.625
B,Mi1,calcium,dark,1.1521739130434783,5.416666666666667
B,Mi1,calcium,dark,1.1565217391304348,5.416666666666667
B,Mi1,calcium,dark,1.1608695652173913,5.416666666666667
B,Mi1,calcium,dark,1.1652173913043478,5.416666666666667
B,Mi1,calcium,dark,1.1695652173913043,5.416666666666667
B,Mi1,calcium,dark,1.173913043478261,5.416666666666667
B,Mi1,calcium,dark,1.1782608695652175,5.416666666666667
B,Mi1,calcium,dark,1.182608695652174,5.416666666666667
B,Mi1,calcium,dark,1.1869565217391305,5.416666666666667
B,Mi1,calcium,dark,1.191304347826087,5.416666666666667
B,Mi1,calcium,dark,1.1956521739130435,5.208333333333334
B,Mi1,calcium,dark,1.2,5.208333333333334
B,Mi1,calcium,dark,1.2043478260869565,5.0
B,Mi1,calcium,dark,1.208695652173913,4.791666666666667
B,Mi1,calcium,dark,1.2130434782608697,4.583333333333334
B,Mi1,calcium,dark,1.2173913043478262,4.375
B,Mi1,calcium,dark,1.2217391304347827,4.375
B,Mi1,calcium,dark,1.2260869565217392,4.375
B,Mi1,calcium,dark,1.2304347826086957,4.375
B,Mi1,calcium,dark,1.2347826086956522,4.375
B,Mi1,calcium,dark,1.2391304347826086,4.375
B,Mi1,calcium,dark,1.2434782608695651,4.375
B,Mi1,calcium,dark,1.2478260869565216,4.375
B,Mi1,calcium,dark,1.2521739130434784,4.375
B,Mi1,calcium,dark,1.2565217391304349,4.375
B,Mi1,calcium,dark,1.2608695652173914,4.375
B,Mi1,calcium,dark,1.2652173913043478,4.375
B,Mi1,calcium,dark,1.2695652173913043,4.375
B,Mi1,calcium,dark,1.2739130434782608,4.166666666666667
B,Mi1,calcium,dark,1.2782608695652173,4.166666666666667
B,Mi1,calcium,dark,1.2826086956521738,3.9583333333333335
B,Mi1,calcium,dark,1.2869565217391303,3.9583333333333335
B,Mi1,calcium,dark,1.291304347826087,3.75
B,Mi1,calcium,dark,1.2956521739130435,3.75
B,Mi1,calcium,dark,1.3,3.75
B,Mi1,calcium,dark,1.3043478260869565,3.541666666666667
B,Mi1,calcium,dark,1.308695652173913,3.541666666666667
B,Mi1,calcium,dark,1.3130434782608695,3.75
B,Mi1,calcium,dark,1.317391304347826,3.75
B,Mi1,calcium,dark,1.3217391304347825,3.75
B,Mi1,calcium,dark,1.326086956521739,3.75
B,Mi1,calcium,dark,1.3304347826086957,3.75
B,Mi1,calcium,dark,1.3347826086956522,3.541666666666667
B,Mi1,calcium,dark,1.3391304347826087,3.541666666666667
B,Mi1,calcium,dark,1.3434782608695652,3.3333333333333335
B,Mi1,calcium,dark,1.3478260869565217,3.3333333333333335
B,Mi1,calcium,dark,1.3521739130434782,3.541666666666667
B,Mi1,calcium,dark,1.3565217391304347,3.541666666666667
B,Mi1,calcium,dark,1.3608695652173912,3.75
B,Mi1,calcium,dark,1.3652173913043477,3.75
B,Mi1,calcium,dark,1.3695652173913044,3.75
B,Mi1,calcium,dark,1.373913043478261,3.75
B,Mi1,calcium,dark,1.3782608695652174,3.541666666666667
B,Mi1,calcium,dark,1.382608695652174,3.541666666666667
B,Mi1,calcium,dark,1.3869565217391304,3.541666666666667
B,Mi1,calcium,dark,1.391304347826087,3.541666666666667
B,Mi1,calcium,dark,1.3956521739130434,3.541666666666667
B,Mi1,calcium,dark,1.4,3.3333333333333335
B,Mi1,calcium,dark,1.4043478260869566,3.125
B,Mi1,calcium,dark,1.4086956521739131,3.125
B,Mi1,calcium,dark,1.4130434782608696,3.125
B,Mi1,calcium,dark,1.4173913043478261,2.916666666666667
B,Mi1,calcium,dark,1.4217391304347826,2.916666666666667
B,Mi1,calcium,dark,1.4260869565217391,2.7083333333333335
B,Mi1,calcium,dark,1.4304347826086956,2.5
B,Mi1,calcium,dark,1.434782608695652,2.5
B,Mi1,calcium,dark,1.4391304347826086,2.291666666666667
B,Mi1,calcium,dark,1.4434782608695653,2.291666666666667
B,Mi1,calcium,dark,1.4478260869565218,2.291666666666667
B,Mi1,calcium,dark,1.4521739130434783,2.291666666666667
B,Mi1,calcium,dark,1.4565217391304348,2.5
B,Mi1,calcium,dark,1.4608695652173913,2.5
B,Mi1,calcium,dark,1.4652173913043478,2.7083333333333335
B,Mi1,calcium,dark,1.4695652173913043,2.7083333333333335
B,Mi1,calcium,dark,1.4739130434782608,2.5
B,Mi1,calcium,dark,1.4782608695652173,2.5
B,Mi1,calcium,dark,1.482608695652174,2.291666666666667
B,Mi1,calcium,dark,1.4869565217391305,2.0833333333333335
B,Mi1,calcium,dark,1.491304347826087,2.0833333333333335
B,Mi1,calcium,dark,1.4956521739130435,2.0833333333333335
B,Mi1,calcium,dark,1.5,1.875
B,Mi1,calcium,dark,1.5043478260869565,1.875
B,Mi1,calcium,dark,1.508695652173913,1.875
B,Mi1,calcium,dark,1.5130434782608695,1.875
B,Mi1,calcium,dark,1.517391304347826,1.875
B,Mi1,calcium,dark,1.5217391304347827,1.875
B,Mi1,calcium,dark,1.5260869565217392,1.875
B,Mi1,calcium,dark,1.5304347826086957,2.0833333333333335
B,Mi1,calcium,dark,1.5347826086956522,2.0833333333333335
B,Mi1,calcium,dark,1.5391304347826087,2.0833333333333335
B,Mi1,calcium,dark,1.5434782608695652,2.0833333333333335
B,Mi1,calcium,dark,1.5478260869565217,2.0833333333333335
B,Mi1,calcium,dark,1.5521739130434782,2.0833333333333335
B,Mi1,calcium,dark,1.5565217391304347,2.0833333333333335
B,Mi1,calcium,dark,1.5608695652173914,1.875
B,Mi1,calcium,dark,1.565217391304348,1.875
B,Mi1,calcium,dark,1.5695652173913044,1.6666666666666667
B,Mi1,calcium,dark,1.5739130434782609,1.6666666666666667
B,Mi1,calcium,dark,1.5782608695652174,1.6666666666666667
E,L2,voltage,light,0.0,-0.0851063829787234
E,L2,voltage,light,0.004347826086956522,-0.2127659574468085
E,L2,voltage,light,0.008695652173913044,-0.1276595744680851
E,L2,voltage,light,0.013043478260869565,-0.2978723404255319
E,L2,voltage,light,0.017391304347826087,-0.8085106382978723
E,L2,voltage,light,0.021739130434782608,-1.3191489361702127
E,L2,voltage,light,0.02608695652173913,-2.0851063829787235
E,L2,voltage,light,0.030434782608695653,-2.723404255319149
E,L2,voltage,light,0.034782608695652174,-2.9361702127659575
E,L2,voltage,light,0.0391304347826087,-2.723404255319149
E,L2,voltage,light,0.043478260869565216,-1.7446808510638299
E,L2,voltage,light,0.04782608695652174,-0.723404255319149
E,L2,voltage,light,0.05217391304347826,0.2127659574468085
E,L2,voltage,light,0.05652173913043478,1.1914893617021276
E,L2,voltage,light,0.06086956521739131,1.702127659574468
E,L2,voltage,light,0.06521739130434782,2.1702127659574466
E,L2,voltage,light,0.06956521739130435,2.297872340425532
E,L2,voltage,light,0.07391304347826087,2.382978723404255
E,L2,voltage,light,0.0782608695652174,2.382978723404255
E,L2,voltage,light,0.08260869565217391,2.25531914893617
E,L2,voltage,light,0.08695652173913043,2.0851063829787235
E,L2,voltage,light,0.09130434782608696,1.872340425531915
E,L2,voltage,light,0.09565217391304348,1.702127659574468
E,L2,voltage,light,0.1,1.5319148936170213
E,L2,voltage,light,0.10434782608695652,1.4042553191489362
E,L2,voltage,light,0.10869565217391304,1.2765957446808511
E,L2,voltage,light,0.11304347826086956,1.1914893617021276
E,L2,voltage,light,0.11739130434782609,1.1063829787234043
E,L2,voltage,light,0.12173913043478261,1.0212765957446808
E,L2,voltage,light,0.12608695652173912,0.9787234042553191
E,L2,voltage,light,0.13043478260869565,0.8936170212765957
E,L2,voltage,light,0.13478260869565217,0.851063829787234
E,L2,voltage,light,0.1391304347826087,0.8085106382978723
E,L2,voltage,light,0.14347826086956522,0.723404255319149
E,L2,voltage,light,0.14782608695652175,0.6808510638297872
E,L2,voltage,light,0.15217391304347827,0.5957446808510638
E,L2,voltage,light,0.1565217391304348,0.5531914893617021
E,L2,voltage,light,0.1608695652173913,0.5957446808510638
E,L2,voltage,light,0.16521739130434782,0.5957446808510638
E,L2,voltage,light,0.16956521739130434,0.5957446808510638
E,L2,voltage,light,0.17391304347826086,0.6382978723404256
E,L2,voltage,light,0.1782608695652174,0.6382978723404256
E,L2,voltage,light,0.1826086956521739,0.6382978723404256
E,L2,voltage,light,0.18695652173913044,0.5957446808510638
E,L2,voltage,light,0.19130434782608696,0.5531914893617021
E,L2,voltage,light,0.1956521739130435,0.5106382978723404
E,L2,voltage,light,0.2,0.46808510638297873
E,L2,voltage,light,0.20434782608695654,0.3829787234042553
E,L2,voltage,light,0.20869565217391303,0.3404255319148936
E,L2,voltage,light,0.21304347826086956,0.2553191489361702
E,L2,voltage,light,0.21739130434782608,0.1702127659574468
E,L2,voltage,light,0.2217391304347826,0.1702127659574468
E,L2,voltage,light,0.22608695652173913,0.2127659574468085
E,L2,voltage,light,0.23043478260869565,0.2553191489361702
E,L2,voltage,light,0.23478260869565218,0.2553191489361702
E,L2,voltage,light,0.2391304347826087,0.2553191489361702
E,L2,voltage,light,0.24347826086956523,0.2553191489361702
E,L2,voltage,light,0.24782608695652175,0.2553191489361702
E,L2,voltage,light,0.25217391304347825,0.2553191489361702
E,L2,voltage,light,0.2565217391304348,0.1702127659574468
E,L2,voltage,light,0.2608695652173913,0.1702127659574468
E,L2,voltage,light,0.26521739130434785,0.1702127659574468
E,L2,voltage,light,0.26956521739130435,0.1702127659574468
E,L2,voltage,light,0.27391304347826084,0.1702127659574468
E,L2,voltage,light,0.2782608695652174,0.1702127659574468
E,L2,voltage,light,0.2826086956521739,0.1702127659574468
E,L2,voltage,light,0.28695652173913044,0.2127659574468085
E,L2,voltage,light,0.29130434782608694,0.2127659574468085
E,L2,voltage,light,0.2956521739130435,0.2127659574468085
E,L2,voltage,light,0.3,0.2127659574468085
E,L2,voltage,light,0.30434782608695654,0.1702127659574468
E,L2,voltage,light,0.30869565217391304,0.1702127659574468
E,L2,voltage,light,0.3130434782608696,0.1276595744680851
E,L2,voltage,light,0.3173913043478261,0.0851063829787234
E,L2,voltage,light,0.3217391304347826,0.0851063829787234
E,L2,voltage,light,0.32608695652173914,0.0851063829787234
E,L2,voltage,light,0.33043478260869563,0.0851063829787234
E,L2,voltage,light,0.3347826086956522,0.1276595744680851
E,L2,voltage,light,0.3391304347826087,0.1702127659574468
E,L2,voltage,light,0.34347826086956523,0.2127659574468085
E,L2,voltage,light,0.34782608695652173,0.1702127659574468
E,L2,voltage,light,0.3521739130434783,0.1702127659574468
E,L2,voltage,light,0.3565217391304348,0.1702127659574468
E,L2,voltage,light,0.36086956521739133,0.1702127659574468
E,L2,voltage,light,0.3652173913043478,0.1702127659574468
E,L2,voltage,light,0.3695652173913043,0.2127659574468085
E,L2,voltage,light,0.3739130434782609,0.2127659574468085
E,L2,voltage,light,0.3782608695652174,0.2553191489361702
E,L2,voltage,light,0.3826086956521739,0.2553191489361702
E,L2,voltage,light,0.3869565217391304,0.2127659574468085
E,L2,voltage,light,0.391304347826087,0.2127659574468085
E,L2,voltage,light,0.39565217391304347,0.1702127659574468
E,L2,voltage,light,0.4,0.1276595744680851
E,L2,voltage,light,0.4043478260869565,0.0851063829787234
E,L2,voltage,light,0.40869565217391307,0.0851063829787234
E,L2,voltage,light,0.41304347826086957,0.0851063829787234
E,L2,voltage,light,0.41739130434782606,0.0851063829787234
E,L2,voltage,light,0.4217391304347826,0.0851063829787234
E,L2,voltage,light,0.4260869565217391,0.0851063829787234
E,L2,voltage,light,0.43043478260869567,0.0851063829787234
E,L2,voltage,light,0.43478260869565216,0.0851063829787234
E,L2,voltage,light,0.4434782608695652,0.0851063829787234
E,L2,voltage,light,0.44782608695652176,0.0851063829787234
E,L2,voltage,light,0.45217391304347826,0.0851063829787234
E,L2,voltage,light,0.45652173913043476,0.1276595744680851
E,L2,voltage,light,0.4608695652173913,0.1276595744680851
E,L2,voltage,light,0.4652173913043478,0.1276595744680851
E,L2,voltage,light,0.46956521739130436,0.1276595744680851
E,L2,voltage,light,0.47391304347826085,0.1702127659574468
E,L2,voltage,light,0.4782608695652174,0.1276595744680851
E,L2,voltage,light,0.4826086956521739,0.1276595744680851
E,L2,voltage,light,0.48695652173913045,0.0851063829787234
E,L2,voltage,light,0.49130434782608695,0.0851063829787234
E,L2,voltage,light,0.4956521739130435,0.1276595744680851
E,L2,voltage,light,0.5,0.1702127659574468
E,L2,voltage,light,0.5043478260869565,0.1276595744680851
E,L2,voltage,light,0.508695652173913,0.1276595744680851
E,L2,voltage,light,0.5130434782608696,0.0851063829787234
E,L2,voltage,light,0.5173913043478261,0.0851063829787234
E,L2,voltage,light,0.5217391304347826,0.0851063829787234
E,L2,voltage,light,0.5260869565217391,-0.0851063829787234
E,L2,voltage,light,0.5304347826086957,-0.0851063829787234
E,L2,voltage,light,0.5347826086956522,-0.0425531914893617
E,L2,voltage,dark,0.0,-0.1702127659574468
E,L2,voltage,dark,0.004347826086956522,-0.1702127659574468
E,L2,voltage,dark,0.008695652173913044,-0.1702127659574468
E,L2,voltage,dark,0.013043478260869565,-0.1702127659574468
E,L2,voltage,dark,0.017391304347826087,0.1702127659574468
E,L2,voltage,dark,0.021739130434782608,0.425531914893617
E,L2,voltage,dark,0.02608695652173913,0.9787234042553191
E,L2,voltage,dark,0.030434782608695653,1.4893617021276595
E,L2,voltage,dark,0.034782608695652174,2.0851063829787235
E,L2,voltage,dark,0.0391304347826087,2.595744680851064
E,L2,voltage,dark,0.043478260869565216,2.723404255319149
E,L2,voltage,dark,0.04782608695652174,2.723404255319149
E,L2,voltage,dark,0.05217391304347826,2.723404255319149
E,L2,voltage,dark,0.05652173913043478,2.723404255319149
E,L2,voltage,dark,0.06086956521739131,2.3404255319148937
E,L2,voltage,dark,0.06521739130434782,1.8297872340425532
E,L2,voltage,dark,0.06956521739130435,1.2340425531914894
E,L2,voltage,dark,0.07391304347826087,0.6808510638297872
E,L2,voltage,dark,0.0782608695652174,0.1702127659574468
E,L2,voltage,dark,0.08260869565217391,-0.1702127659574468
E,L2,voltage,dark,0.08695652173913043,-0.1702127659574468
E,L2,voltage,dark,0.09130434782608696,-0.1702127659574468
E,L2,voltage,dark,0.09565217391304348,-0.1702127659574468
E,L2,voltage,dark,0.1,-0.2127659574468085
E,L2,voltage,dark,0.10434782608695652,-0.2553191489361702
E,L2,voltage,dark,0.10869565217391304,-0.3404255319148936
E,L2,voltage,dark,0.11304347826086956,-0.425531914893617
E,L2,voltage,dark,0.11739130434782609,-0.46808510638297873
E,L2,voltage,dark,0.12173913043478261,-0.5106382978723404
E,L2,voltage,dark,0.12608695652173912,-0.5106382978723404
E,L2,voltage,dark,0.13043478260869565,-0.46808510638297873
E,L2,voltage,dark,0.13478260869565217,-0.425531914893617
E,L2,voltage,dark,0.1391304347826087,-0.425531914893617
E,L2,voltage,dark,0.14347826086956522,-0.3829787234042553
E,L2,voltage,dark,0.14782608695652175,-0.3404255319148936
E,L2,voltage,dark,0.15217391304347827,-0.2978723404255319
E,L2,voltage,dark,0.1565217391304348,-0.2978723404255319
E,L2,voltage,dark,0.1608695652173913,-0.3404255319148936
E,L2,voltage,dark,0.16521739130434782,-0.3404255319148936
E,L2,voltage,dark,0.16956521739130434,-0.425531914893617
E,L2,voltage,dark,0.17391304347826086,-0.425531914893617
E,L2,voltage,dark,0.1782608695652174,-0.425531914893617
E,L2,voltage,dark,0.1826086956521739,-0.46808510638297873
E,L2,voltage,dark,0.18695652173913044,-0.5106382978723404
E,L2,voltage,dark,0.19130434782608696,-0.5106382978723404
E,L2,voltage,dark,0.1956521739130435,-0.46808510638297873
E,L2,voltage,dark,0.2,-0.46808510638297873
E,L2,voltage,dark,0.20434782608695654,-0.425531914893617
E,L2,voltage,dark,0.20869565217391303,-0.425531914893617
E,L2,voltage,dark,0.21304347826086956,-0.3829787234042553
E,L2,voltage,dark,0.21739130434782608,-0.425531914893617
E,L2,voltage,dark,0.2217391304347826,-0.425531914893617
E,L2,voltage,dark,0.22608695652173913,-0.425531914893617
E,L2,voltage,dark,0.23043478260869565,-0.3829787234042553
E,L2,voltage,dark,0.23478260869565218,-0.3829787234042553
E,L2,voltage,dark,0.2391304347826087,-0.3829787234042553
E,L2,voltage,dark,0.24347826086956523,-0.3829787234042553
E,L2,voltage,dark,0.24782608695652175,-0.3829787234042553
E,L2,voltage,dark,0.25217391304347825,-0.3829787234042553
E,L2,voltage,dark,0.2565217391304348,-0.3829787234042553
E,L2,voltage,dark,0.2608695652173913,-0.3404255319148936
E,L2,voltage,dark,0.26521739130434785,-0.2978723404255319
E,L2,voltage,dark,0.26956521739130435,-0.2553191489361702
E,L2,voltage,dark,0.27391304347826084,-0.2127659574468085
E,L2,voltage,dark,0.2782608695652174,-0.2127659574468085
E,L2,voltage,dark,0.2826086956521739,-0.1702127659574468
E,L2,voltage,dark,0.28695652173913044,-0.2127659574468085
E,L2,voltage,dark,0.29130434782608694,-0.2553191489361702
E,L2,voltage,dark,0.2956521739130435,-0.2978723404255319
E,L2,voltage,dark,0.3,-0.2978723404255319
E,L2,voltage,dark,0.30434782608695654,-0.3404255319148936
E,L2,voltage,dark,0.30869565217391304,-0.3404255319148936
E,L2,voltage,dark,0.3130434782608696,-0.2553191489361702
E,L2,voltage,dark,0.3173913043478261,-0.2127659574468085
E,L2,voltage,dark,0.3217391304347826,-0.2127659574468085
E,L2,voltage,dark,0.32608695652173914,-0.2127659574468085
E,L2,voltage,dark,0.33043478260869563,-0.2127659574468085
E,L2,voltage,dark,0.3347826086956522,-0.1702127659574468
E,L2,voltage,dark,0.3391304347826087,-0.1702127659574468
E,L2,voltage,dark,0.34347826086956523,-0.1702127659574468
E,L2,voltage,dark,0.34782608695652173,-0.1702127659574468
E,L2,voltage,dark,0.3521739130434783,-0.1702127659574468
E,L2,voltage,dark,0.3565217391304348,-0.1702127659574468
E,L2,voltage,dark,0.36086956521739133,-0.1702127659574468
E,L2,voltage,dark,0.3652173913043478,-0.1702127659574468
E,L2,voltage,dark,0.3695652173913043,-0.1702127659574468
E,L2,voltage,dark,0.3739130434782609,-0.1702127659574468
E,L2,voltage,dark,0.3782608695652174,-0.1702127659574468
E,L2,voltage,dark,0.3826086956521739,-0.1702127659574468
E,L2,voltage,dark,0.3869565217391304,-0.1702127659574468
E,L2,voltage,dark,0.391304347826087,-0.1702127659574468
E,L2,voltage,dark,0.41304347826086957,-0.1702127659574468
E,L2,voltage,dark,0.41739130434782606,-0.1702127659574468
E,L2,voltage,dark,0.4217391304347826,-0.1702127659574468
E,L2,voltage,dark,0.4260869565217391,-0.1702127659574468
E,L2,voltage,dark,0.43043478260869567,-0.1702127659574468
E,L2,voltage,dark,0.43478260869565216,-0.1702127659574468
E,L2,voltage,dark,0.4391304347826087,-0.1702127659574468
E,L2,voltage,dark,0.4434782608695652,-0.1702127659574468
E,L2,voltage,dark,0.44782608695652176,-0.1702127659574468
E,L2,voltage,dark,0.45652173913043476,0.0
E,L2,voltage,dark,0.4652173913043478,-0.1702127659574468
E,L2,voltage,dark,0.46956521739130436,-0.1702127659574468
E,L2,voltage,dark,0.47391304347826085,-0.1702127659574468
E,L2,voltage,dark,0.4782608695652174,-0.1702127659574468
E,L2,voltage,dark,0.4826086956521739,-0.1702127659574468
E,L2,voltage,dark,0.5043478260869565,0.0
E,L2,voltage,dark,0.508695652173913,0.0
E,L2,voltage,dark,0.5130434782608696,0.0
E,L2,voltage,dark,0.5173913043478261,0.0
E,L2,voltage,dark,0.5217391304347826,0.0
E,L2,voltage,dark,0.5260869565217391,0.0
E,L2,voltage,dark,0.5304347826086957,0.0
E,L2,voltage,dark,0.5347826086956522,0.0
E,L2,voltage,dark,0.5391304347826087,0.0
E,L2,calcium,light,0.0,-0.7627118644067796
E,L2,calcium,light,0.004347826086956522,-0.7627118644067796
E,L2,calcium,light,0.008695652173913044,-0.7627118644067796
E,L2,calcium,light,0.013043478260869565,-0.7627118644067796
E,L2,calcium,light,0.017391304347826087,-0.7627118644067796
E,L2,calcium,light,0.021739130434782608,-0.847457627118644
E,L2,calcium,light,0.02608695652173913,-1.1864406779661016
E,L2,calcium,light,0.030434782608695653,-1.694915254237288
E,L2,calcium,light,0.034782608695652174,-2.3728813559322033
E,L2,calcium,light,0.0391304347826087,-2.966101694915254
E,L2,calcium,light,0.043478260869565216,-3.4745762711864403
E,L2,calcium,light,0.04782608695652174,-4.1525423728813555
E,L2,calcium,light,0.05217391304347826,-5.0
E,L2,calcium,light,0.05652173913043478,-5.762711864406779
E,L2,calcium,light,0.06086956521739131,-6.440677966101695
E,L2,calcium,light,0.06521739130434782,-6.779661016949152
E,L2,calcium,light,0.06956521739130435,-7.033898305084746
E,L2,calcium,light,0.07391304347826087,-7.203389830508474
E,L2,calcium,light,0.0782608695652174,-7.203389830508474
E,L2,calcium,light,0.08260869565217391,-7.203389830508474
E,L2,calcium,light,0.08695652173913043,-7.11864406779661
E,L2,calcium,light,0.09130434782608696,-6.864406779661016
E,L2,calcium,light,0.09565217391304348,-6.694915254237288
E,L2,calcium,light,0.1,-6.525423728813559
E,L2,calcium,light,0.10434782608695652,-6.271186440677965
E,L2,calcium,light,0.10869565217391304,-6.101694915254237
E,L2,calcium,light,0.11304347826086956,-5.762711864406779
E,L2,calcium,light,0.11739130434782609,-5.423728813559322
E,L2,calcium,light,0.12173913043478261,-5.169491525423728
E,L2,calcium,light,0.12608695652173912,-5.0
E,L2,calcium,light,0.13043478260869565,-4.745762711864407
E,L2,calcium,light,0.13478260869565217,-4.576271186440677
E,L2,calcium,light,0.1391304347826087,-4.406779661016949
E,L2,calcium,light,0.14347826086956522,-4.23728813559322
E,L2,calcium,light,0.14782608695652175,-4.1525423728813555
E,L2,calcium,light,0.15217391304347827,-4.067796610169491
E,L2,calcium,light,0.1565217391304348,-3.813559322033898
E,L2,calcium,light,0.1608695652173913,-3.644067796610169
E,L2,calcium,light,0.16521739130434782,-3.4745762711864403
E,L2,calcium,light,0.16956521739130434,-3.3050847457627115
E,L2,calcium,light,0.17391304347826086,-3.1355932203389827
E,L2,calcium,light,0.1782608695652174,-3.0508474576271185
E,L2,calcium,light,0.1826086956521739,-2.796610169491525
E,L2,calcium,light,0.18695652173913044,-2.6271186440677963
E,L2,calcium,light,0.19130434782608696,-2.542372881355932
E,L2,calcium,light,0.1956521739130435,-2.3728813559322033
E,L2,calcium,light,0.2,-2.2881355932203387
E,L2,calcium,light,0.20434782608695654,-2.2033898305084745
E,L2,calcium,light,0.20869565217391303,-2.0338983050847457
E,L2,calcium,light,0.21304347826086956,-1.8644067796610169
E,L2,calcium,light,0.21739130434782608,-1.7796610169491525
E,L2,calcium,light,0.2217391304347826,-1.694915254237288
E,L2,calcium,light,0.22608695652173913,-1.6101694915254237
E,L2,calcium,light,0.23043478260869565,-1.5254237288135593
E,L2,calcium,light,0.23478260869565218,-1.4406779661016949
E,L2,calcium,light,0.2391304347826087,-1.3559322033898304
E,L2,calcium,light,0.24347826086956523,-1.1864406779661016
E,L2,calcium,light,0.24782608695652175,-1.1016949152542372
E,L2,calcium,light,0.25217391304347825,-1.0169491525423728
E,L2,calcium,light,0.2565217391304348,-0.847457627118644
E,L2,calcium,light,0.2608695652173913,-0.7627118644067796
E,L2,calcium,light,0.26521739130434785,-0.6779661016949152
E,L2,calcium,light,0.26956521739130435,-0.6779661016949152
E,L2,calcium,light,0.27391304347826084,-0.6779661016949152
E,L2,calcium,light,0.2782608695652174,-0.6779661016949152
E,L2,calcium,light,0.2826086956521739,-0.5932203389830508
E,L2,calcium,light,0.28695652173913044,-0.5084745762711864
E,L2,calcium,light,0.29130434782608694,-0.5084745762711864
E,L2,calcium,light,0.2956521739130435,-0.423728813559322
E,L2,calcium,light,0.3,-0.3389830508474576
E,L2,calcium,light,0.30434782608695654,-0.3389830508474576
E,L2,calcium,light,0.30869565217391304,-0.3389830508474576
E,L2,calcium,light,0.3130434782608696,-0.3389830508474576
E,L2,calcium,light,0.3173913043478261,-0.3389830508474576
E,L2,calcium,light,0.3217391304347826,-0.3389830508474576
E,L2,calcium,light,0.32608695652173914,-0.3389830508474576
E,L2,calcium,light,0.33043478260869563,0.0
E,L2,calcium,light,0.3347826086956522,0.0
E,L2,calcium,light,0.3391304347826087,0.0
E,L2,calcium,light,0.34347826086956523,0.0
E,L2,calcium,light,0.34782608695652173,0.0847457627118644
E,L2,calcium,light,0.3521739130434783,0.0847457627118644
E,L2,calcium,light,0.3565217391304348,0.1694915254237288
E,L2,calcium,light,0.36086956521739133,0.1694915254237288
E,L2,calcium,light,0.3652173913043478,0.2542372881355932
E,L2,calcium,light,0.3695652173913043,0.2542372881355932
E,L2,calcium,light,0.3739130434782609,0.2542372881355932
E,L2,calcium,light,0.3782608695652174,0.3389830508474576
E,L2,calcium,light,0.3826086956521739,0.3389830508474576
E,L2,calcium,light,0.3869565217391304,0.3389830508474576
E,L2,calcium,light,0.391304347826087,0.423728813559322
E,L2,calcium,light,0.39565217391304347,0.5084745762711864
E,L2,calcium,light,0.4,0.5932203389830508
E,L2,calcium,light,0.4043478260869565,0.6779661016949152
E,L2,calcium,light,0.40869565217391307,0.6779661016949152
E,L2,calcium,light,0.41304347826086957,0.7627118644067796
E,L2,calcium,light,0.41739130434782606,0.7627118644067796
E,L2,calcium,light,0.4217391304347826,0.7627118644067796
E,L2,calcium,light,0.4260869565217391,0.5932203389830508
E,L2,calcium,light,0.43043478260869567,0.5084745762711864
E,L2,calcium,light,0.43478260869565216,0.5084745762711864
E,L2,calcium,light,0.4391304347826087,0.423728813559322
E,L2,calcium,light,0.4434782608695652,0.423728813559322
E,L2,calcium,light,0.44782608695652176,0.5084745762711864
E,L2,calcium,light,0.45217391304347826,0.5084745762711864
E,L2,calcium,light,0.45652173913043476,0.5932203389830508
E,L2,calcium,light,0.4608695652173913,0.6779661016949152
E,L2,calcium,light,0.4652173913043478,0.6779661016949152
E,L2,calcium,light,0.46956521739130436,0.7627118644067796
E,L2,calcium,light,0.47391304347826085,0.7627118644067796
E,L2,calcium,light,0.4782608695652174,0.7627118644067796
E,L2,calcium,light,0.4826086956521739,0.847457627118644
E,L2,calcium,light,0.48695652173913045,0.7627118644067796
E,L2,calcium,light,0.49130434782608695,0.7627118644067796
E,L2,calcium,light,0.4956521739130435,0.6779661016949152
E,L2,calcium,light,0.5,0.6779661016949152
E,L2,calcium,light,0.5043478260869565,0.6779661016949152
E,L2,calcium,light,0.508695652173913,0.6779661016949152
E,L2,calcium,light,0.5130434782608696,0.6779661016949152
E,L2,calcium,light,0.5173913043478261,0.6779661016949152
E,L2,calcium,light,0.5217391304347826,0.6779661016949152
E,L2,calcium,light,0.5260869565217391,0.7627118644067796
E,L2,calcium,light,0.5304347826086957,0.6779661016949152
E,L2,calcium,light,0.5347826086956522,0.5932203389830508
E,L2,calcium,light,0.5391304347826087,0.5932203389830508
E,L2,calcium,light,0.5434782608695652,0.5932203389830508
E,L2,calcium,light,0.5478260869565217,0.6779661016949152
E,L2,calcium,light,0.5521739130434783,0.7627118644067796
E,L2,calcium,light,0.5565217391304348,0.847457627118644
E,L2,calcium,light,0.5608695652173913,0.9322033898305084
E,L2,calcium,light,0.5652173913043478,0.9322033898305084
E,L2,calcium,light,0.5695652173913044,1.0169491525423728
E,L2,calcium,light,0.5739130434782609,1.0169491525423728
E,L2,calcium,light,0.5782608695652174,1.0169491525423728
E,L2,calcium,light,0.5826086956521739,1.0169491525423728
E,L2,calcium,light,0.5869565217391305,1.0169491525423728
E,L2,calcium,light,0.591304347826087,1.0169491525423728
E,L2,calcium,light,0.5956521739130435,1.0169491525423728
E,L2,calcium,light,0.6,0.9322033898305084
E,L2,calcium,light,0.6043478260869565,0.847457627118644
E,L2,calcium,light,0.6086956521739131,0.7627118644067796
E,L2,calcium,light,0.6130434782608696,0.6779661016949152
E,L2,calcium,light,0.6173913043478261,0.6779661016949152
E,L2,calcium,light,0.6217391304347826,0.7627118644067796
E,L2,calcium,light,0.6260869565217392,0.847457627118644
E,L2,calcium,light,0.6304347826086957,0.9322033898305084
E,L2,calcium,light,0.6347826086956522,1.0169491525423728
E,L2,calcium,light,0.6391304347826087,1.0169491525423728
E,L2,calcium,light,0.6434782608695652,1.0169491525423728
E,L2,calcium,light,0.6478260869565218,1.0169491525423728
E,L2,calcium,light,0.6521739130434783,0.9322033898305084
E,L2,calcium,light,0.6565217391304348,0.847457627118644
E,L2,calcium,light,0.6608695652173913,0.847457627118644
E,L2,calcium,light,0.6652173913043479,0.847457627118644
E,L2,calcium,light,0.6695652173913044,0.847457627118644
E,L2,calcium,light,0.6739130434782609,0.847457627118644
E,L2,calcium,light,0.6782608695652174,0.847457627118644
E,L2,calcium,light,0.6826086956521739,0.7627118644067796
E,L2,calcium,light,0.6869565217391305,0.7627118644067796
E,L2,calcium,light,0.691304347826087,0.7627118644067796
E,L2,calcium,light,0.6956521739130435,0.7627118644067796
E,L2,calcium,light,0.7,0.9322033898305084
E,L2,calcium,light,0.7043478260869566,0.9322033898305084
E,L2,calcium,light,0.7086956521739131,0.9322033898305084
E,L2,calcium,light,0.7130434782608696,0.9322033898305084
E,L2,calcium,light,0.717391304347826,1.0169491525423728
E,L2,calcium,light,0.7217391304347827,1.0169491525423728
E,L2,calcium,light,0.7260869565217392,1.0169491525423728
E,L2,calcium,light,0.7304347826086957,1.0169491525423728
E,L2,calcium,light,0.7347826086956522,1.1016949152542372
E,L2,calcium,light,0.7391304347826086,1.1016949152542372
E,L2,calcium,light,0.7434782608695653,1.1016949152542372
E,L2,calcium,light,0.7478260869565218,1.1016949152542372
E,L2,calcium,light,0.7521739130434782,1.1016949152542372
E,L2,calcium,light,0.7565217391304347,1.1016949152542372
E,L2,calcium,light,0.7608695652173914,1.1016949152542372
E,L2,calcium,light,0.7652173913043478,1.1016949152542372
E,L2,calcium,light,0.7695652173913043,1.0169491525423728
E,L2,calcium,light,0.7739130434782608,1.0169491525423728
E,L2,calcium,light,0.7782608695652173,1.0169491525423728
E,L2,calcium,light,0.782608695652174,1.0169491525423728
E,L2,calcium,light,0.7869565217391304,1.0169491525423728
E,L2,calcium,light,0.7913043478260869,1.0169491525423728
E,L2,calcium,light,0.7956521739130434,1.0169491525423728
E,L2,calcium,light,0.8,1.0169491525423728
E,L2,calcium,light,0.8043478260869565,1.0169491525423728
E,L2,calcium,light,0.808695652173913,0.9322033898305084
E,L2,calcium,light,0.8130434782608695,0.9322033898305084
E,L2,calcium,light,0.8173913043478261,0.847457627118644
E,L2,calcium,light,0.8217391304347826,0.7627118644067796
E,L2,calcium,light,0.8260869565217391,0.7627118644067796
E,L2,calcium,light,0.8304347826086956,0.6779661016949152
E,L2,calcium,light,0.8347826086956521,0.7627118644067796
E,L2,calcium,light,0.8391304347826087,0.7627118644067796
E,L2,calcium,light,0.8434782608695652,0.7627118644067796
E,L2,calcium,light,0.8478260869565217,0.7627118644067796
E,L2,calcium,light,0.8521739130434782,0.7627118644067796
E,L2,calcium,light,0.8565217391304348,0.7627118644067796
E,L2,calcium,light,0.8608695652173913,0.7627118644067796
E,L2,calcium,light,0.8652173913043478,0.7627118644067796
E,L2,calcium,light,0.8695652173913043,0.847457627118644
E,L2,calcium,light,0.8739130434782608,0.9322033898305084
E,L2,calcium,light,0.8782608695652174,0.9322033898305084
E,L2,calcium,light,0.8826086956521739,0.9322033898305084
E,L2,calcium,light,0.8869565217391304,0.9322033898305084
E,L2,calcium,light,0.8913043478260869,0.9322033898305084
E,L2,calcium,light,0.8956521739130435,0.9322033898305084
E,L2,calcium,light,0.9,0.9322033898305084
E,L2,calcium,light,0.9043478260869565,0.847457627118644
E,L2,calcium,light,0.908695652173913,0.847457627118644
E,L2,calcium,light,0.9130434782608695,0.847457627118644
E,L2,calcium,light,0.9173913043478261,0.847457627118644
E,L2,calcium,light,0.9217391304347826,0.847457627118644
E,L2,calcium,light,0.9260869565217391,0.7627118644067796
E,L2,calcium,light,0.9304347826086956,0.7627118644067796
E,L2,calcium,light,0.9347826086956522,0.6779661016949152
E,L2,calcium,light,0.9391304347826087,0.6779661016949152
E,L2,calcium,light,0.9434782608695652,0.6779661016949152
E,L2,calcium,light,0.9478260869565217,0.6779661016949152
E,L2,calcium,light,0.9521739130434783,0.7627118644067796
E,L2,calcium,light,0.9565217391304348,0.847457627118644
E,L2,calcium,light,0.9608695652173913,0.847457627118644
E,L2,calcium,light,0.9652173913043478,0.847457627118644
E,L2,calcium,light,0.9695652173913043,0.847457627118644
E,L2,calcium,light,0.9739130434782609,0.847457627118644
E,L2,calcium,light,0.9782608695652174,0.847457627118644
E,L2,calcium,light,0.9826086956521739,0.7627118644067796
E,L2,calcium,light,0.9869565217391304,0.7627118644067796
E,L2,calcium,light,0.991304347826087,0.7627118644067796
E,L2,calcium,light,0.9956521739130435,0.7627118644067796
E,L2,calcium,light,1.0,0.847457627118644
E,L2,calcium,light,1.0043478260869565,0.847457627118644
E,L2,calcium,light,1.008695652173913,0.847457627118644
E,L2,calcium,light,1.0130434782608695,0.847457627118644
E,L2,calcium,light,1.017391304347826,0.847457627118644
E,L2,calcium,light,1.0217391304347827,0.7627118644067796
E,L2,calcium,light,1.0260869565217392,0.6779661016949152
E,L2,calcium,light,1.0304347826086957,0.6779661016949152
E,L2,calcium,light,1.0347826086956522,0.6779661016949152
E,L2,calcium,light,1.0391304347826087,0.7627118644067796
E,L2,calcium,light,1.0434782608695652,0.7627118644067796
E,L2,calcium,light,1.0478260869565217,0.7627118644067796
E,L2,calcium,light,1.0521739130434782,0.7627118644067796
E,L2,calcium,light,1.0565217391304347,0.7627118644067796
E,L2,calcium,light,1.0608695652173914,0.7627118644067796
E,L2,calcium,light,1.065217391304348,0.7627118644067796
E,L2,calcium,light,1.0695652173913044,0.847457627118644
E,L2,calcium,light,1.0739130434782609,0.847457627118644
E,L2,calcium,light,1.0782608695652174,0.847457627118644
E,L2,calcium,light,1.0826086956521739,0.847457627118644
E,L2,calcium,light,1.0869565217391304,0.7627118644067796
E,L2,calcium,light,1.0913043478260869,0.7627118644067796
E,L2,calcium,light,1.0956521739130434,0.7627118644067796
E,L2,calcium,light,1.1,0.7627118644067796
E,L2,calcium,light,1.1043478260869566,0.6779661016949152
E,L2,calcium,light,1.108695652173913,0.5932203389830508
E,L2,calcium,light,1.1130434782608696,0.5932203389830508
E,L2,calcium,light,1.117391304347826,0.5932203389830508
E,L2,calcium,light,1.1217391304347826,0.5932203389830508
E,L2,calcium,light,1.126086956521739,0.6779661016949152
E,L2,calcium,light,1.1304347826086956,0.6779661016949152
E,L2,calcium,light,1.1347826086956523,0.7627118644067796
E,L2,calcium,light,1.1391304347826088,0.7627118644067796
E,L2,calcium,light,1.1434782608695653,0.7627118644067796
E,L2,calcium,light,1.1478260869565218,0.7627118644067796
E,L2,calcium,light,1.1521739130434783,0.7627118644067796
E,L2,calcium,light,1.1565217391304348,0.847457627118644
E,L2,calcium,light,1.1608695652173913,0.847457627118644
E,L2,calcium,light,1.1652173913043478,0.9322033898305084
E,L2,calcium,light,1.1695652173913043,0.9322033898305084
E,L2,calcium,light,1.173913043478261,0.847457627118644
E,L2,calcium,light,1.1782608695652175,0.847457627118644
E,L2,calcium,light,1.182608695652174,0.7627118644067796
E,L2,calcium,light,1.1869565217391305,0.6779661016949152
E,L2,calcium,light,1.191304347826087,0.5932203389830508
E,L2,calcium,light,1.1956521739130435,0.5932203389830508
E,L2,calcium,light,1.2,0.5084745762711864
E,L2,calcium,light,1.2043478260869565,0.5084745762711864
E,L2,calcium,light,1.208695652173913,0.5932203389830508
E,L2,calcium,light,1.2130434782608697,0.5932203389830508
E,L2,calcium,light,1.2173913043478262,0.6779661016949152
E,L2,calcium,light,1.2217391304347827,0.6779661016949152
E,L2,calcium,light,1.2260869565217392,0.6779661016949152
E,L2,calcium,light,1.2304347826086957,0.6779661016949152
E,L2,calcium,light,1.2347826086956522,0.6779661016949152
E,L2,calcium,light,1.2391304347826086,0.6779661016949152
E,L2,calcium,light,1.2434782608695651,0.5932203389830508
E,L2,calcium,light,1.2478260869565216,0.5932203389830508
E,L2,calcium,light,1.2521739130434784,0.5932203389830508
E,L2,calcium,light,1.2565217391304349,0.5932203389830508
E,L2,calcium,light,1.2608695652173914,0.6779661016949152
E,L2,calcium,light,1.2652173913043478,0.6779661016949152
E,L2,calcium,light,1.2695652173913043,0.6779661016949152
E,L2,calcium,light,1.2739130434782608,0.7627118644067796
E,L2,calcium,light,1.2782608695652173,0.7627118644067796
E,L2,calcium,light,1.2826086956521738,0.7627118644067796
E,L2,calcium,light,1.2869565217391303,0.6779661016949152
E,L2,calcium,light,1.291304347826087,0.5932203389830508
E,L2,calcium,light,1.2956521739130435,0.5932203389830508
E,L2,calcium,light,1.3,0.5932203389830508
E,L2,calcium,light,1.3043478260869565,0.5932203389830508
E,L2,calcium,light,1.308695652173913,0.5932203389830508
E,L2,calcium,light,1.3130434782608695,0.5932203389830508
E,L2,calcium,light,1.317391304347826,0.5932203389830508
E,L2,calcium,light,1.3217391304347825,0.5932203389830508
E,L2,calcium,light,1.326086956521739,0.5932203389830508
E,L2,calcium,light,1.3304347826086957,0.5932203389830508
E,L2,calcium,light,1.3347826086956522,0.5932203389830508
E,L2,calcium,light,1.3391304347826087,0.5932203389830508
E,L2,calcium,light,1.3434782608695652,0.6779661016949152
E,L2,calcium,light,1.3478260869565217,0.6779661016949152
E,L2,calcium,light,1.3521739130434782,0.6779661016949152
E,L2,calcium,light,1.3565217391304347,0.5932203389830508
E,L2,calcium,light,1.3608695652173912,0.5932203389830508
E,L2,calcium,light,1.3652173913043477,0.5084745762711864
E,L2,calcium,light,1.3695652173913044,0.5084745762711864
E,L2,calcium,light,1.373913043478261,0.5084745762711864
E,L2,calcium,light,1.3782608695652174,0.5084745762711864
E,L2,calcium,light,1.382608695652174,0.5932203389830508
E,L2,calcium,light,1.3869565217391304,0.5932203389830508
E,L2,calcium,light,1.391304347826087,0.6779661016949152
E,L2,calcium,light,1.3956521739130434,0.6779661016949152
E,L2,calcium,light,1.4,0.5932203389830508
E,L2,calcium,light,1.4043478260869566,0.5084745762711864
E,L2,calcium,light,1.4086956521739131,0.5084745762711864
E,L2,calcium,light,1.4130434782608696,0.5084745762711864
E,L2,calcium,light,1.4173913043478261,0.5084745762711864
E,L2,calcium,light,1.4217391304347826,0.5084745762711864
E,L2,calcium,light,1.4260869565217391,0.5932203389830508
E,L2,calcium,light,1.4304347826086956,0.5932203389830508
E,L2,calcium,light,1.434782608695652,0.5932203389830508
E,L2,calcium,light,1.4391304347826086,0.5932203389830508
E,L2,calcium,light,1.4434782608695653,0.5932203389830508
E,L2,calcium,light,1.4478260869565218,0.5932203389830508
E,L2,calcium,light,1.4521739130434783,0.5932203389830508
E,L2,calcium,light,1.4565217391304348,0.5932203389830508
E,L2,calcium,light,1.4608695652173913,0.5932203389830508
E,L2,calcium,light,1.4652173913043478,0.5932203389830508
E,L2,calcium,light,1.4695652173913043,0.5084745762711864
E,L2,calcium,light,1.4739130434782608,0.423728813559322
E,L2,calcium,light,1.4782608695652173,0.3389830508474576
E,L2,calcium,light,1.482608695652174,0.3389830508474576
E,L2,calcium,light,1.4869565217391305,0.3389830508474576
E,L2,calcium,light,1.491304347826087,0.3389830508474576
E,L2,calcium,light,1.4956521739130435,0.3389830508474576
E,L2,calcium,light,1.5,0.3389830508474576
E,L2,calcium,light,1.5043478260869565,0.423728813559322
E,L2,calcium,light,1.508695652173913,0.423728813559322
E,L2,calcium,light,1.5130434782608695,0.423728813559322
E,L2,calcium,light,1.517391304347826,0.423728813559322
E,L2,calcium,light,1.5217391304347827,0.5084745762711864
E,L2,calcium,light,1.5260869565217392,0.5932203389830508
E,L2,calcium,light,1.5304347826086957,0.6779661016949152
E,L2,calcium,light,1.5347826086956522,0.6779661016949152
E,L2,calcium,light,1.5391304347826087,0.6779661016949152
E,L2,calcium,light,1.5434782608695652,0.5932203389830508
E,L2,calcium,light,1.5478260869565217,0.5084745762711864
E,L2,calcium,light,1.5521739130434782,0.423728813559322
E,L2,calcium,light,1.5565217391304347,0.423728813559322
E,L2,calcium,light,1.5608695652173914,0.423728813559322
E,L2,calcium,light,1.565217391304348,0.423728813559322
E,L2,calcium,dark,0.0,0.5084745762711864
E,L2,calcium,dark,0.004347826086956522,0.5084745762711864
E,L2,calcium,dark,0.008695652173913044,0.423728813559322
E,L2,calcium,dark,0.013043478260869565,0.3389830508474576
E,L2,calcium,dark,0.017391304347826087,0.3389830508474576
E,L2,calcium,dark,0.021739130434782608,0.423728813559322
E,L2,calcium,dark,0.02608695652173913,0.5932203389830508
E,L2,calcium,dark,0.030434782608695653,1.0169491525423728
E,L2,calcium,dark,0.034782608695652174,1.4406779661016949
E,L2,calcium,dark,0.0391304347826087,1.8644067796610169
E,L2,calcium,dark,0.043478260869565216,2.2881355932203387
E,L2,calcium,dark,0.04782608695652174,3.0508474576271185
E,L2,calcium,dark,0.05217391304347826,3.813559322033898
E,L2,calcium,dark,0.05652173913043478,4.576271186440677
E,L2,calcium,dark,0.06086956521739131,5.084745762711864
E,L2,calcium,dark,0.06521739130434782,5.338983050847458
E,L2,calcium,dark,0.06956521739130435,5.59322033898305
E,L2,calcium,dark,0.07391304347826087,5.762711864406779
E,L2,calcium,dark,0.0782608695652174,5.932203389830508
E,L2,calcium,dark,0.08260869565217391,5.932203389830508
E,L2,calcium,dark,0.08695652173913043,5.932203389830508
E,L2,calcium,dark,0.09130434782608696,5.847457627118644
E,L2,calcium,dark,0.09565217391304348,5.847457627118644
E,L2,calcium,dark,0.1,5.847457627118644
E,L2,calcium,dark,0.10434782608695652,5.762711864406779
E,L2,calcium,dark,0.10869565217391304,5.677966101694915
E,L2,calcium,dark,0.11304347826086956,5.677966101694915
E,L2,calcium,dark,0.11739130434782609,5.59322033898305
E,L2,calcium,dark,0.12173913043478261,5.508474576271186
E,L2,calcium,dark,0.12608695652173912,5.423728813559322
E,L2,calcium,dark,0.13043478260869565,5.338983050847458
E,L2,calcium,dark,0.13478260869565217,5.169491525423728
E,L2,calcium,dark,0.1391304347826087,5.084745762711864
E,L2,calcium,dark,0.14347826086956522,4.915254237288135
E,L2,calcium,dark,0.14782608695652175,4.830508474576271
E,L2,calcium,dark,0.15217391304347827,4.661016949152542
E,L2,calcium,dark,0.1565217391304348,4.576271186440677
E,L2,calcium,dark,0.1608695652173913,4.491525423728813
E,L2,calcium,dark,0.16521739130434782,4.322033898305085
E,L2,calcium,dark,0.16956521739130434,4.23728813559322
E,L2,calcium,dark,0.17391304347826086,4.067796610169491
E,L2,calcium,dark,0.1782608695652174,3.8983050847457625
E,L2,calcium,dark,0.1826086956521739,3.813559322033898
E,L2,calcium,dark,0.18695652173913044,3.7288135593220337
E,L2,calcium,dark,0.19130434782608696,3.644067796610169
E,L2,calcium,dark,0.1956521739130435,3.4745762711864403
E,L2,calcium,dark,0.2,3.3050847457627115
E,L2,calcium,dark,0.20434782608695654,3.2203389830508473
E,L2,calcium,dark,0.20869565217391303,3.1355932203389827
E,L2,calcium,dark,0.21304347826086956,3.0508474576271185
E,L2,calcium,dark,0.21739130434782608,2.8813559322033897
E,L2,calcium,dark,0.2217391304347826,2.711864406779661
E,L2,calcium,dark,0.22608695652173913,2.6271186440677963
E,L2,calcium,dark,0.23043478260869565,2.542372881355932
E,L2,calcium,dark,0.23478260869565218,2.4576271186440675
E,L2,calcium,dark,0.2391304347826087,2.2881355932203387
E,L2,calcium,dark,0.24347826086956523,2.2881355932203387
E,L2,calcium,dark,0.24782608695652175,2.2033898305084745
E,L2,calcium,dark,0.25217391304347825,2.11864406779661
E,L2,calcium,dark,0.2565217391304348,2.0338983050847457
E,L2,calcium,dark,0.2608695652173913,1.9491525423728813
E,L2,calcium,dark,0.26521739130434785,1.7796610169491525
E,L2,calcium,dark,0.26956521739130435,1.6101694915254237
E,L2,calcium,dark,0.27391304347826084,1.4406779661016949
E,L2,calcium,dark,0.2782608695652174,1.3559322033898304
E,L2,calcium,dark,0.2826086956521739,1.271186440677966
E,L2,calcium,dark,0.28695652173913044,1.1864406779661016
E,L2,calcium,dark,0.29130434782608694,1.1864406779661016
E,L2,calcium,dark,0.2956521739130435,1.1016949152542372
E,L2,calcium,dark,0.3,1.0169491525423728
E,L2,calcium,dark,0.30434782608695654,0.9322033898305084
E,L2,calcium,dark,0.30869565217391304,0.847457627118644
E,L2,calcium,dark,0.3130434782608696,0.847457627118644
E,L2,calcium,dark,0.3173913043478261,0.7627118644067796
E,L2,calcium,dark,0.3217391304347826,0.6779661016949152
E,L2,calcium,dark,0.32608695652173914,0.5932203389830508
E,L2,calcium,dark,0.33043478260869563,0.5084745762711864
E,L2,calcium,dark,0.3347826086956522,0.423728813559322
E,L2,calcium,dark,0.3391304347826087,0.423728813559322
E,L2,calcium,dark,0.34347826086956523,0.3389830508474576
E,L2,calcium,dark,0.34782608695652173,0.3389830508474576
E,L2,calcium,dark,0.3521739130434783,0.3389830508474576
E,L2,calcium,dark,0.3565217391304348,0.423728813559322
E,L2,calcium,dark,0.36086956521739133,0.3389830508474576
E,L2,calcium,dark,0.3652173913043478,0.2542372881355932
E,L2,calcium,dark,0.3695652173913043,0.1694915254237288
E,L2,calcium,dark,0.3739130434782609,0.0847457627118644
E,L2,calcium,dark,0.3782608695652174,0.0
E,L2,calcium,dark,0.3826086956521739,0.0
E,L2,calcium,dark,0.3869565217391304,-0.3389830508474576
E,L2,calcium,dark,0.391304347826087,-0.3389830508474576
E,L2,calcium,dark,0.39565217391304347,-0.3389830508474576
E,L2,calcium,dark,0.4,-0.3389830508474576
E,L2,calcium,dark,0.4043478260869565,-0.3389830508474576
E,L2,calcium,dark,0.40869565217391307,-0.423728813559322
E,L2,calcium,dark,0.41304347826086957,-0.5084745762711864
E,L2,calcium,dark,0.41739130434782606,-0.5932203389830508
E,L2,calcium,dark,0.4217391304347826,-0.5932203389830508
E,L2,calcium,dark,0.4260869565217391,-0.5932203389830508
E,L2,calcium,dark,0.43043478260869567,-0.5084745762711864
E,L2,calcium,dark,0.43478260869565216,-0.5084745762711864
E,L2,calcium,dark,0.4391304347826087,-0.5084745762711864
E,L2,calcium,dark,0.4434782608695652,-0.5932203389830508
E,L2,calcium,dark,0.44782608695652176,-0.5932203389830508
E,L2,calcium,dark,0.45217391304347826,-0.6779661016949152
E,L2,calcium,dark,0.45652173913043476,-0.6779661016949152
E,L2,calcium,dark,0.4608695652173913,-0.6779661016949152
E,L2,calcium,dark,0.4652173913043478,-0.7627118644067796
E,L2,calcium,dark,0.46956521739130436,-0.7627118644067796
E,L2,calcium,dark,0.47391304347826085,-0.847457627118644
E,L2,calcium,dark,0.4782608695652174,-0.847457627118644
E,L2,calcium,dark,0.4826086956521739,-0.9322033898305084
E,L2,calcium,dark,0.48695652173913045,-1.0169491525423728
E,L2,calcium,dark,0.49130434782608695,-1.1016949152542372
E,L2,calcium,dark,0.4956521739130435,-1.1016949152542372
E,L2,calcium,dark,0.5,-1.1864406779661016
E,L2,calcium,dark,0.5043478260869565,-1.1864406779661016
E,L2,calcium,dark,0.508695652173913,-1.1864406779661016
E,L2,calcium,dark,0.5130434782608696,-1.1016949152542372
E,L2,calcium,dark,0.5173913043478261,-1.1016949152542372
E,L2,calcium,dark,0.5217391304347826,-1.0169491525423728
E,L2,calcium,dark,0.5260869565217391,-1.0169491525423728
E,L2,calcium,dark,0.5304347826086957,-0.9322033898305084
E,L2,calcium,dark,0.5347826086956522,-0.9322033898305084
E,L2,calcium,dark,0.5391304347826087,-0.847457627118644
E,L2,calcium,dark,0.5434782608695652,-0.9322033898305084
E,L2,calcium,dark,0.5478260869565217,-1.1016949152542372
E,L2,calcium,dark,0.5521739130434783,-1.1864406779661016
E,L2,calcium,dark,0.5565217391304348,-1.1864406779661016
E,L2,calcium,dark,0.5608695652173913,-1.271186440677966
E,L2,calcium,dark,0.5652173913043478,-1.3559322033898304
E,L2,calcium,dark,0.5695652173913044,-1.4406779661016949
E,L2,calcium,dark,0.5739130434782609,-1.4406779661016949
E,L2,calcium,dark,0.5782608695652174,-1.4406779661016949
E,L2,calcium,dark,0.5826086956521739,-1.4406779661016949
E,L2,calcium,dark,0.5869565217391305,-1.4406779661016949
E,L2,calcium,dark,0.591304347826087,-1.4406779661016949
E,L2,calcium,dark,0.5956521739130435,-1.4406779661016949
E,L2,calcium,dark,0.6,-1.3559322033898304
E,L2,calcium,dark,0.6043478260869565,-1.271186440677966
E,L2,calcium,dark,0.6086956521739131,-1.271186440677966
E,L2,calcium,dark,0.6130434782608696,-1.271186440677966
E,L2,calcium,dark,0.6173913043478261,-1.271186440677966
E,L2,calcium,dark,0.6217391304347826,-1.271186440677966
E,L2,calcium,dark,0.6260869565217392,-1.271186440677966
E,L2,calcium,dark,0.6304347826086957,-1.271186440677966
E,L2,calcium,dark,0.6347826086956522,-1.271186440677966
E,L2,calcium,dark,0.6391304347826087,-1.3559322033898304
E,L2,calcium,dark,0.6434782608695652,-1.3559322033898304
E,L2,calcium,dark,0.6478260869565218,-1.4406779661016949
E,L2,calcium,dark,0.6521739130434783,-1.4406779661016949
E,L2,calcium,dark,0.6565217391304348,-1.3559322033898304
E,L2,calcium,dark,0.6608695652173913,-1.3559322033898304
E,L2,calcium,dark,0.6652173913043479,-1.271186440677966
E,L2,calcium,dark,0.6695652173913044,-1.271186440677966
E,L2,calcium,dark,0.6739130434782609,-1.271186440677966
E,L2,calcium,dark,0.6782608695652174,-1.271186440677966
E,L2,calcium,dark,0.6826086956521739,-1.1864406779661016
E,L2,calcium,dark,0.6869565217391305,-1.1864406779661016
E,L2,calcium,dark,0.691304347826087,-1.1864406779661016
E,L2,calcium,dark,0.6956521739130435,-1.1864406779661016
E,L2,calcium,dark,0.7,-1.271186440677966
E,L2,calcium,dark,0.7043478260869566,-1.271186440677966
E,L2,calcium,dark,0.7086956521739131,-1.3559322033898304
E,L2,calcium,dark,0.7130434782608696,-1.3559322033898304
E,L2,calcium,dark,0.717391304347826,-1.3559322033898304
E,L2,calcium,dark,0.7217391304347827,-1.4406779661016949
E,L2,calcium,dark,0.7260869565217392,-1.4406779661016949
E,L2,calcium,dark,0.7304347826086957,-1.4406779661016949
E,L2,calcium,dark,0.7347826086956522,-1.4406779661016949
E,L2,calcium,dark,0.7391304347826086,-1.4406779661016949
E,L2,calcium,dark,0.7434782608695653,-1.4406779661016949
E,L2,calcium,dark,0.7478260869565218,-1.4406779661016949
E,L2,calcium,dark,0.7521739130434782,-1.4406779661016949
E,L2,calcium,dark,0.7565217391304347,-1.4406779661016949
E,L2,calcium,dark,0.7608695652173914,-1.4406779661016949
E,L2,calcium,dark,0.7652173913043478,-1.4406779661016949
E,L2,calcium,dark,0.7695652173913043,-1.4406779661016949
E,L2,calcium,dark,0.7739130434782608,-1.4406779661016949
E,L2,calcium,dark,0.7782608695652173,-1.4406779661016949
E,L2,calcium,dark,0.782608695652174,-1.3559322033898304
E,L2,calcium,dark,0.7869565217391304,-1.3559322033898304
E,L2,calcium,dark,0.7913043478260869,-1.271186440677966
E,L2,calcium,dark,0.7956521739130434,-1.1864406779661016
E,L2,calcium,dark,0.8,-1.1864406779661016
E,L2,calcium,dark,0.8043478260869565,-1.1864406779661016
E,L2,calcium,dark,0.808695652173913,-1.1864406779661016
E,L2,calcium,dark,0.8130434782608695,-1.1864406779661016
E,L2,calcium,dark,0.8173913043478261,-1.1864406779661016
E,L2,calcium,dark,0.8217391304347826,-1.1864406779661016
E,L2,calcium,dark,0.8260869565217391,-1.1864406779661016
E,L2,calcium,dark,0.8304347826086956,-1.1864406779661016
E,L2,calcium,dark,0.8347826086956521,-1.1864406779661016
E,L2,calcium,dark,0.8391304347826087,-1.271186440677966
E,L2,calcium,dark,0.8434782608695652,-1.271186440677966
E,L2,calcium,dark,0.8478260869565217,-1.271186440677966
E,L2,calcium,dark,0.8521739130434782,-1.271186440677966
E,L2,calcium,dark,0.8565217391304348,-1.1864406779661016
E,L2,calcium,dark,0.8608695652173913,-1.1864406779661016
E,L2,calcium,dark,0.8652173913043478,-1.1864406779661016
E,L2,calcium,dark,0.8695652173913043,-1.1864406779661016
E,L2,calcium,dark,0.8739130434782608,-1.1864406779661016
E,L2,calcium,dark,0.8782608695652174,-1.271186440677966
E,L2,calcium,dark,0.8826086956521739,-1.271186440677966
E,L2,calcium,dark,0.8869565217391304,-1.271186440677966
E,L2,calcium,dark,0.8913043478260869,-1.1864406779661016
E,L2,calcium,dark,0.8956521739130435,-1.1016949152542372
E,L2,calcium,dark,0.9,-1.1016949152542372
E,L2,calcium,dark,0.9043478260869565,-1.0169491525423728
E,L2,calcium,dark,0.908695652173913,-0.9322033898305084
E,L2,calcium,dark,0.9130434782608695,-1.0169491525423728
E,L2,calcium,dark,0.9173913043478261,-1.1016949152542372
E,L2,calcium,dark,0.9217391304347826,-1.1864406779661016
E,L2,calcium,dark,0.9260869565217391,-1.1864406779661016
E,L2,calcium,dark,0.9304347826086956,-1.271186440677966
E,L2,calcium,dark,0.9347826086956522,-1.271186440677966
E,L2,calcium,dark,0.9391304347826087,-1.271186440677966
E,L2,calcium,dark,0.9434782608695652,-1.271186440677966
E,L2,calcium,dark,0.9478260869565217,-1.271186440677966
E,L2,calcium,dark,0.9521739130434783,-1.271186440677966
E,L2,calcium,dark,0.9565217391304348,-1.271186440677966
E,L2,calcium,dark,0.9608695652173913,-1.1864406779661016
E,L2,calcium,dark,0.9652173913043478,-1.1016949152542372
E,L2,calcium,dark,0.9695652173913043,-1.0169491525423728
E,L2,calcium,dark,0.9739130434782609,-1.0169491525423728
E,L2,calcium,dark,0.9782608695652174,-1.0169491525423728
E,L2,calcium,dark,0.9826086956521739,-1.0169491525423728
E,L2,calcium,dark,0.9869565217391304,-1.0169491525423728
E,L2,calcium,dark,0.991304347826087,-1.0169491525423728
E,L2,calcium,dark,0.9956521739130435,-1.0169491525423728
E,L2,calcium,dark,1.0,-1.0169491525423728
E,L2,calcium,dark,1.0043478260869565,-1.1016949152542372
E,L2,calcium,dark,1.008695652173913,-1.1864406779661016
E,L2,calcium,dark,1.0130434782608695,-1.271186440677966
E,L2,calcium,dark,1.017391304347826,-1.271186440677966
E,L2,calcium,dark,1.0217391304347827,-1.271186440677966
E,L2,calcium,dark,1.0260869565217392,-1.271186440677966
E,L2,calcium,dark,1.0304347826086957,-1.1864406779661016
E,L2,calcium,dark,1.0347826086956522,-1.1864406779661016
E,L2,calcium,dark,1.0391304347826087,-1.1864406779661016
E,L2,calcium,dark,1.0434782608695652,-1.1016949152542372
E,L2,calcium,dark,1.0478260869565217,-1.1016949152542372
E,L2,calcium,dark,1.0521739130434782,-1.1016949152542372
E,L2,calcium,dark,1.0565217391304347,-1.0169491525423728
E,L2,calcium,dark,1.0608695652173914,-1.0169491525423728
E,L2,calcium,dark,1.065217391304348,-1.0169491525423728
E,L2,calcium,dark,1.0695652173913044,-1.0169491525423728
E,L2,calcium,dark,1.0739130434782609,-1.0169491525423728
E,L2,calcium,dark,1.0782608695652174,-0.9322033898305084
E,L2,calcium,dark,1.0826086956521739,-0.9322033898305084
E,L2,calcium,dark,1.0869565217391304,-0.847457627118644
E,L2,calcium,dark,1.0913043478260869,-0.847457627118644
E,L2,calcium,dark,1.0956521739130434,-0.9322033898305084
E,L2,calcium,dark,1.1,-0.9322033898305084
E,L2,calcium,dark,1.1043478260869566,-1.0169491525423728
E,L2,calcium,dark,1.108695652173913,-1.0169491525423728
E,L2,calcium,dark,1.1130434782608696,-1.0169491525423728
E,L2,calcium,dark,1.117391304347826,-1.0169491525423728
E,L2,calcium,dark,1.1217391304347826,-1.1016949152542372
E,L2,calcium,dark,1.126086956521739,-1.1016949152542372
E,L2,calcium,dark,1.1304347826086956,-1.1016949152542372
E,L2,calcium,dark,1.1347826086956523,-1.1016949152542372
E,L2,calcium,dark,1.1391304347826088,-1.1016949152542372
E,L2,calcium,dark,1.1434782608695653,-1.1016949152542372
E,L2,calcium,dark,1.1478260869565218,-1.1016949152542372
E,L2,calcium,dark,1.1521739130434783,-1.1016949152542372
E,L2,calcium,dark,1.1565217391304348,-1.0169491525423728
E,L2,calcium,dark,1.1608695652173913,-1.0169491525423728
E,L2,calcium,dark,1.1652173913043478,-0.9322033898305084
E,L2,calcium,dark,1.1695652173913043,-0.9322033898305084
E,L2,calcium,dark,1.173913043478261,-0.847457627118644
E,L2,calcium,dark,1.1782608695652175,-0.9322033898305084
E,L2,calcium,dark,1.182608695652174,-0.9322033898305084
E,L2,calcium,dark,1.1869565217391305,-0.9322033898305084
E,L2,calcium,dark,1.191304347826087,-0.847457627118644
E,L2,calcium,dark,1.1956521739130435,-0.847457627118644
E,L2,calcium,dark,1.2,-0.9322033898305084
E,L2,calcium,dark,1.2043478260869565,-0.9322033898305084
E,L2,calcium,dark,1.208695652173913,-1.0169491525423728
E,L2,calcium,dark,1.2130434782608697,-1.0169491525423728
E,L2,calcium,dark,1.2173913043478262,-1.0169491525423728
E,L2,calcium,dark,1.2217391304347827,-1.0169491525423728
E,L2,calcium,dark,1.2260869565217392,-0.9322033898305084
E,L2,calcium,dark,1.2304347826086957,-0.847457627118644
E,L2,calcium,dark,1.2347826086956522,-0.7627118644067796
E,L2,calcium,dark,1.2391304347826086,-0.7627118644067796
E,L2,calcium,dark,1.2434782608695651,-0.7627118644067796
E,L2,calcium,dark,1.2478260869565216,-0.7627118644067796
E,L2,calcium,dark,1.2521739130434784,-0.7627118644067796
E,L2,calcium,dark,1.2565217391304349,-0.847457627118644
E,L2,calcium,dark,1.2608695652173914,-0.9322033898305084
E,L2,calcium,dark,1.2652173913043478,-1.0169491525423728
E,L2,calcium,dark,1.2695652173913043,-1.1016949152542372
E,L2,calcium,dark,1.2739130434782608,-1.1016949152542372
E,L2,calcium,dark,1.2782608695652173,-1.0169491525423728
E,L2,calcium,dark,1.2826086956521738,-1.0169491525423728
E,L2,calcium,dark,1.2869565217391303,-0.9322033898305084
E,L2,calcium,dark,1.291304347826087,-0.9322033898305084
E,L2,calcium,dark,1.2956521739130435,-0.847457627118644
E,L2,calcium,dark,1.3,-0.847457627118644
E,L2,calcium,dark,1.3043478260869565,-0.7627118644067796
E,L2,calcium,dark,1.308695652173913,-0.847457627118644
E,L2,calcium,dark,1.3130434782608695,-0.847457627118644
E,L2,calcium,dark,1.317391304347826,-0.847457627118644
E,L2,calcium,dark,1.3217391304347825,-0.847457627118644
E,L2,calcium,dark,1.326086956521739,-0.9322033898305084
E,L2,calcium,dark,1.3304347826086957,-0.9322033898305084
E,L2,calcium,dark,1.3347826086956522,-1.0169491525423728
E,L2,calcium,dark,1.3391304347826087,-1.0169491525423728
E,L2,calcium,dark,1.3434782608695652,-1.0169491525423728
E,L2,calcium,dark,1.3478260869565217,-1.0169491525423728
E,L2,calcium,dark,1.3521739130434782,-1.0169491525423728
E,L2,calcium,dark,1.3565217391304347,-1.0169491525423728
E,L2,calcium,dark,1.3608695652173912,-0.9322033898305084
E,L2,calcium,dark,1.3652173913043477,-0.847457627118644
E,L2,calcium,dark,1.3695652173913044,-0.7627118644067796
E,L2,calcium,dark,1.373913043478261,-0.7627118644067796
E,L2,calcium,dark,1.3782608695652174,-0.7627118644067796
E,L2,calcium,dark,1.382608695652174,-0.7627118644067796
E,L2,calcium,dark,1.3869565217391304,-0.7627118644067796
E,L2,calcium,dark,1.391304347826087,-0.847457627118644
E,L2,calcium,dark,1.3956521739130434,-0.847457627118644
E,L2,calcium,dark,1.4,-0.7627118644067796
E,L2,calcium,dark,1.4043478260869566,-0.7627118644067796
E,L2,calcium,dark,1.4086956521739131,-0.7627118644067796
E,L2,calcium,dark,1.4130434782608696,-0.7627118644067796
E,L2,calcium,dark,1.4173913043478261,-0.7627118644067796
E,L2,calcium,dark,1.4217391304347826,-0.7627118644067796
E,L2,calcium,dark,1.4260869565217391,-0.7627118644067796
E,L2,calcium,dark,1.4304347826086956,-0.7627118644067796
E,L2,calcium,dark,1.434782608695652,-0.847457627118644
E,L2,calcium,dark,1.4391304347826086,-0.9322033898305084
E,L2,calcium,dark,1.4434782608695653,-0.9322033898305084
E,L2,calcium,dark,1.4478260869565218,-0.847457627118644
E,L2,calcium,dark,1.4521739130434783,-0.847457627118644
E,L2,calcium,dark,1.4565217391304348,-0.847457627118644
E,L2,calcium,dark,1.4608695652173913,-0.7627118644067796
E,L2,calcium,dark,1.4652173913043478,-0.7627118644067796
E,L2,calcium,dark,1.4695652173913043,-0.7627118644067796
E,L2,calcium,dark,1.4739130434782608,-0.7627118644067796
E,L2,calcium,dark,1.4782608695652173,-0.7627118644067796
E,L2,calcium,dark,1.482608695652174,-0.7627118644067796
E,L2,calcium,dark,1.4869565217391305,-0.7627118644067796
E,L2,calcium,dark,1.491304347826087,-0.7627118644067796
E,L2,calcium,dark,1.4956521739130435,-0.847457627118644
E,L2,calcium,dark,1.5,-0.847457627118644
E,L2,calcium,dark,1.5043478260869565,-0.847457627118644
E,L2,calcium,dark,1.508695652173913,-0.9322033898305084
E,L2,calcium,dark,1.5130434782608695,-0.9322033898305084
E,L2,calcium,dark,1.517391304347826,-0.9322033898305084
E,L2,calcium,dark,1.5217391304347827,-0.9322033898305084
E,L2,calcium,dark,1.5260869565217392,-0.847457627118644
E,L2,calcium,dark,1.5304347826086957,-0.847457627118644
E,L2,calcium,dark,1.5347826086956522,-0.847457627118644
E,L2,calcium,dark,1.5391304347826087,-0.7627118644067796
E,L2,calcium,dark,1.5434782608695652,-0.7627118644067796
E,L2,calcium,dark,1.5478260869565217,-0.7627118644067796
E,L2,calcium,dark,1.5521739130434782,-0.7627118644067796
E,L2,calcium,dark,1.5565217391304347,-0.847457627118644
E,L2,calcium,dark,1.5608695652173914,-0.847457627118644
E,L2,calcium,dark,1.565217391304348,-0.847457627118644
E,L2,calcium,dark,1.5695652173913044,-0.847457627118644
E,L2,calcium,dark,1.5739130434782609,-0.9322033898305084
E,Tm1,voltage,light,0.0,-1.5714285714285714
E,Tm1,voltage,light,0.004347826086956522,-1.7142857142857142
E,Tm1,voltage,light,0.008695652173913044,-1.7142857142857142
E,Tm1,voltage,light,0.013043478260869565,-1.8571428571428572
E,Tm1,voltage,light,0.017391304347826087,-2.0
E,Tm1,voltage,light,0.021739130434782608,-2.4285714285714284
E,Tm1,voltage,light,0.02608695652173913,-2.857142857142857
E,Tm1,voltage,light,0.030434782608695653,-3.2857142857142856
E,Tm1,voltage,light,0.034782608695652174,-3.857142857142857
E,Tm1,voltage,light,0.0391304347826087,-4.857142857142857
E,Tm1,voltage,light,0.043478260869565216,-6.0
E,Tm1,voltage,light,0.04782608695652174,-7.285714285714286
E,Tm1,voltage,light,0.05217391304347826,-8.428571428571429
E,Tm1,voltage,light,0.05652173913043478,-9.428571428571429
E,Tm1,voltage,light,0.06086956521739131,-10.285714285714286
E,Tm1,voltage,light,0.06521739130434782,-11.142857142857142
E,Tm1,voltage,light,0.06956521739130435,-11.285714285714286
E,Tm1,voltage,light,0.07391304347826087,-10.142857142857142
E,Tm1,voltage,light,0.0782608695652174,-8.571428571428571
E,Tm1,voltage,light,0.08260869565217391,-6.428571428571429
E,Tm1,voltage,light,0.08695652173913043,-4.428571428571429
E,Tm1,voltage,light,0.09130434782608696,-2.5714285714285716
E,Tm1,voltage,light,0.09565217391304348,-1.1428571428571428
E,Tm1,voltage,light,0.1,-0.42857142857142855
E,Tm1,voltage,light,0.10434782608695652,0.2857142857142857
E,Tm1,voltage,light,0.10869565217391304,0.8571428571428571
E,Tm1,voltage,light,0.11304347826086956,1.4285714285714286
E,Tm1,voltage,light,0.11739130434782609,2.0
E,Tm1,voltage,light,0.12173913043478261,2.5714285714285716
E,Tm1,voltage,light,0.12608695652173912,3.0
E,Tm1,voltage,light,0.13043478260869565,3.2857142857142856
E,Tm1,voltage,light,0.13478260869565217,3.2857142857142856
E,Tm1,voltage,light,0.1391304347826087,3.2857142857142856
E,Tm1,voltage,light,0.14347826086956522,3.142857142857143
E,Tm1,voltage,light,0.14782608695652175,3.142857142857143
E,Tm1,voltage,light,0.15217391304347827,3.0
E,Tm1,voltage,light,0.1565217391304348,3.0
E,Tm1,voltage,light,0.1608695652173913,3.0
E,Tm1,voltage,light,0.16521739130434782,3.142857142857143
E,Tm1,voltage,light,0.16956521739130434,3.2857142857142856
E,Tm1,voltage,light,0.17391304347826086,3.2857142857142856
E,Tm1,voltage,light,0.1782608695652174,3.4285714285714284
E,Tm1,voltage,light,0.1826086956521739,3.5714285714285716
E,Tm1,voltage,light,0.18695652173913044,3.5714285714285716
E,Tm1,voltage,light,0.19130434782608696,3.5714285714285716
E,Tm1,voltage,light,0.1956521739130435,3.7142857142857144
E,Tm1,voltage,light,0.2,3.857142857142857
E,Tm1,voltage,light,0.20434782608695654,4.0
E,Tm1,voltage,light,0.20869565217391303,4.285714285714286
E,Tm1,voltage,light,0.21304347826086956,4.428571428571429
E,Tm1,voltage,light,0.21739130434782608,4.571428571428571
E,Tm1,voltage,light,0.2217391304347826,4.428571428571429
E,Tm1,voltage,light,0.22608695652173913,4.428571428571429
E,Tm1,voltage,light,0.23043478260869565,4.285714285714286
E,Tm1,voltage,light,0.23478260869565218,3.857142857142857
E,Tm1,voltage,light,0.2391304347826087,3.4285714285714284
E,Tm1,voltage,light,0.24347826086956523,3.2857142857142856
E,Tm1,voltage,light,0.24782608695652175,3.2857142857142856
E,Tm1,voltage,light,0.25217391304347825,3.2857142857142856
E,Tm1,voltage,light,0.2565217391304348,3.4285714285714284
E,Tm1,voltage,light,0.2608695652173913,3.4285714285714284
E,Tm1,voltage,light,0.26521739130434785,3.4285714285714284
E,Tm1,voltage,light,0.26956521739130435,3.4285714285714284
E,Tm1,voltage,light,0.27391304347826084,3.4285714285714284
E,Tm1,voltage,light,0.2782608695652174,3.142857142857143
E,Tm1,voltage,light,0.2826086956521739,3.142857142857143
E,Tm1,voltage,light,0.28695652173913044,3.142857142857143
E,Tm1,voltage,light,0.29130434782608694,3.4285714285714284
E,Tm1,voltage,light,0.2956521739130435,3.7142857142857144
E,Tm1,voltage,light,0.3,3.857142857142857
E,Tm1,voltage,light,0.30434782608695654,4.0
E,Tm1,voltage,light,0.30869565217391304,4.0
E,Tm1,voltage,light,0.3130434782608696,3.4285714285714284
E,Tm1,voltage,light,0.3173913043478261,2.857142857142857
E,Tm1,voltage,light,0.3217391304347826,2.5714285714285716
E,Tm1,voltage,light,0.32608695652173914,2.2857142857142856
E,Tm1,voltage,light,0.33043478260869563,2.142857142857143
E,Tm1,voltage,light,0.3347826086956522,2.2857142857142856
E,Tm1,voltage,light,0.3391304347826087,2.4285714285714284
E,Tm1,voltage,light,0.34347826086956523,2.4285714285714284
E,Tm1,voltage,light,0.34782608695652173,2.4285714285714284
E,Tm1,voltage,light,0.3521739130434783,2.2857142857142856
E,Tm1,voltage,light,0.3565217391304348,2.142857142857143
E,Tm1,voltage,light,0.36086956521739133,2.142857142857143
E,Tm1,voltage,light,0.3652173913043478,2.142857142857143
E,Tm1,voltage,light,0.3695652173913043,2.2857142857142856
E,Tm1,voltage,light,0.3739130434782609,2.4285714285714284
E,Tm1,voltage,light,0.3782608695652174,2.7142857142857144
E,Tm1,voltage,light,0.3826086956521739,2.857142857142857
E,Tm1,voltage,light,0.3869565217391304,2.857142857142857
E,Tm1,voltage,light,0.391304347826087,2.7142857142857144
E,Tm1,voltage,light,0.39565217391304347,2.4285714285714284
E,Tm1,voltage,light,0.4,2.142857142857143
E,Tm1,voltage,light,0.4043478260869565,1.8571428571428572
E,Tm1,voltage,light,0.40869565217391307,1.5714285714285714
E,Tm1,voltage,light,0.41304347826086957,1.4285714285714286
E,Tm1,voltage,light,0.41739130434782606,1.4285714285714286
E,Tm1,voltage,light,0.4217391304347826,1.5714285714285714
E,Tm1,voltage,light,0.4260869565217391,1.7142857142857142
E,Tm1,voltage,light,0.43043478260869567,1.7142857142857142
E,Tm1,voltage,light,0.43478260869565216,2.0
E,Tm1,voltage,light,0.4391304347826087,2.142857142857143
E,Tm1,voltage,light,0.4434782608695652,2.2857142857142856
E,Tm1,voltage,light,0.44782608695652176,2.2857142857142856
E,Tm1,voltage,light,0.45217391304347826,2.2857142857142856
E,Tm1,voltage,light,0.45652173913043476,2.2857142857142856
E,Tm1,voltage,light,0.4608695652173913,2.2857142857142856
E,Tm1,voltage,light,0.4652173913043478,2.2857142857142856
E,Tm1,voltage,light,0.46956521739130436,2.2857142857142856
E,Tm1,voltage,light,0.47391304347826085,2.5714285714285716
E,Tm1,voltage,light,0.4782608695652174,2.857142857142857
E,Tm1,voltage,light,0.4826086956521739,3.142857142857143
E,Tm1,voltage,light,0.48695652173913045,3.142857142857143
E,Tm1,voltage,light,0.49130434782608695,2.857142857142857
E,Tm1,voltage,light,0.4956521739130435,2.5714285714285716
E,Tm1,voltage,light,0.5,2.142857142857143
E,Tm1,voltage,light,0.5043478260869565,1.8571428571428572
E,Tm1,voltage,light,0.508695652173913,1.7142857142857142
E,Tm1,voltage,light,0.5130434782608696,1.5714285714285714
E,Tm1,voltage,light,0.5173913043478261,1.7142857142857142
E,Tm1,voltage,light,0.5217391304347826,1.7142857142857142
E,Tm1,voltage,light,0.5260869565217391,1.7142857142857142
E,Tm1,voltage,light,0.5304347826086957,1.8571428571428572
E,Tm1,voltage,light,0.5347826086956522,1.8571428571428572
E,Tm1,voltage,light,0.5391304347826087,1.8571428571428572
E,Tm1,voltage,dark,0.0,2.0
E,Tm1,voltage,dark,0.004347826086956522,1.8571428571428572
E,Tm1,voltage,dark,0.008695652173913044,1.8571428571428572
E,Tm1,voltage,dark,0.013043478260869565,1.8571428571428572
E,Tm1,voltage,dark,0.017391304347826087,1.5714285714285714
E,Tm1,voltage,dark,0.021739130434782608,1.2857142857142858
E,Tm1,voltage,dark,0.02608695652173913,1.7142857142857142
E,Tm1,voltage,dark,0.030434782608695653,2.857142857142857
E,Tm1,voltage,dark,0.034782608695652174,4.142857142857143
E,Tm1,voltage,dark,0.0391304347826087,5.857142857142857
E,Tm1,voltage,dark,0.043478260869565216,7.285714285714286
E,Tm1,voltage,dark,0.04782608695652174,8.571428571428571
E,Tm1,voltage,dark,0.05217391304347826,9.571428571428571
E,Tm1,voltage,dark,0.05652173913043478,9.571428571428571
E,Tm1,voltage,dark,0.06086956521739131,9.428571428571429
E,Tm1,voltage,dark,0.06521739130434782,9.285714285714286
E,Tm1,voltage,dark,0.06956521739130435,8.714285714285714
E,Tm1,voltage,dark,0.07391304347826087,8.0
E,Tm1,voltage,dark,0.0782608695652174,7.0
E,Tm1,voltage,dark,0.08260869565217391,6.142857142857143
E,Tm1,voltage,dark,0.08695652173913043,5.285714285714286
E,Tm1,voltage,dark,0.09130434782608696,4.571428571428571
E,Tm1,voltage,dark,0.09565217391304348,3.2857142857142856
E,Tm1,voltage,dark,0.1,2.0
E,Tm1,voltage,dark,0.10434782608695652,0.8571428571428571
E,Tm1,voltage,dark,0.10869565217391304,-0.2857142857142857
E,Tm1,voltage,dark,0.11304347826086956,-1.2857142857142858
E,Tm1,voltage,dark,0.11739130434782609,-2.2857142857142856
E,Tm1,voltage,dark,0.12173913043478261,-2.5714285714285716
E,Tm1,voltage,dark,0.12608695652173912,-2.5714285714285716
E,Tm1,voltage,dark,0.13043478260869565,-2.4285714285714284
E,Tm1,voltage,dark,0.13478260869565217,-2.4285714285714284
E,Tm1,voltage,dark,0.1391304347826087,-2.7142857142857144
E,Tm1,voltage,dark,0.14347826086956522,-2.857142857142857
E,Tm1,voltage,dark,0.14782608695652175,-2.857142857142857
E,Tm1,voltage,dark,0.15217391304347827,-2.857142857142857
E,Tm1,voltage,dark,0.1565217391304348,-3.142857142857143
E,Tm1,voltage,dark,0.1608695652173913,-3.4285714285714284
E,Tm1,voltage,dark,0.16521739130434782,-3.7142857142857144
E,Tm1,voltage,dark,0.16956521739130434,-4.142857142857143
E,Tm1,voltage,dark,0.17391304347826086,-4.571428571428571
E,Tm1,voltage,dark,0.1782608695652174,-4.714285714285714
E,Tm1,voltage,dark,0.1826086956521739,-4.571428571428571
E,Tm1,voltage,dark,0.18695652173913044,-4.285714285714286
E,Tm1,voltage,dark,0.19130434782608696,-4.0
E,Tm1,voltage,dark,0.1956521739130435,-3.7142857142857144
E,Tm1,voltage,dark,0.2,-3.5714285714285716
E,Tm1,voltage,dark,0.20434782608695654,-3.5714285714285716
E,Tm1,voltage,dark,0.20869565217391303,-3.4285714285714284
E,Tm1,voltage,dark,0.21304347826086956,-3.5714285714285716
E,Tm1,voltage,dark,0.21739130434782608,-3.7142857142857144
E,Tm1,voltage,dark,0.2217391304347826,-3.857142857142857
E,Tm1,voltage,dark,0.22608695652173913,-4.285714285714286
E,Tm1,voltage,dark,0.23043478260869565,-4.571428571428571
E,Tm1,voltage,dark,0.23478260869565218,-4.857142857142857
E,Tm1,voltage,dark,0.2391304347826087,-4.857142857142857
E,Tm1,voltage,dark,0.24347826086956523,-4.571428571428571
E,Tm1,voltage,dark,0.24782608695652175,-4.285714285714286
E,Tm1,voltage,dark,0.25217391304347825,-4.142857142857143
E,Tm1,voltage,dark,0.2565217391304348,-3.857142857142857
E,Tm1,voltage,dark,0.2608695652173913,-3.7142857142857144
E,Tm1,voltage,dark,0.26521739130434785,-3.5714285714285716
E,Tm1,voltage,dark,0.26956521739130435,-3.4285714285714284
E,Tm1,voltage,dark,0.27391304347826084,-3.4285714285714284
E,Tm1,voltage,dark,0.2782608695652174,-3.2857142857142856
E,Tm1,voltage,dark,0.2826086956521739,-3.2857142857142856
E,Tm1,voltage,dark,0.28695652173913044,-3.2857142857142856
E,Tm1,voltage,dark,0.29130434782608694,-3.4285714285714284
E,Tm1,voltage,dark,0.2956521739130435,-3.5714285714285716
E,Tm1,voltage,dark,0.3,-3.5714285714285716
E,Tm1,voltage,dark,0.30434782608695654,-3.4285714285714284
E,Tm1,voltage,dark,0.30869565217391304,-3.4285714285714284
E,Tm1,voltage,dark,0.3130434782608696,-3.2857142857142856
E,Tm1,voltage,dark,0.3173913043478261,-3.0
E,Tm1,voltage,dark,0.3217391304347826,-3.0
E,Tm1,voltage,dark,0.32608695652173914,-3.0
E,Tm1,voltage,dark,0.33043478260869563,-3.142857142857143
E,Tm1,voltage,dark,0.3347826086956522,-3.2857142857142856
E,Tm1,voltage,dark,0.3391304347826087,-3.4285714285714284
E,Tm1,voltage,dark,0.34347826086956523,-3.857142857142857
E,Tm1,voltage,dark,0.34782608695652173,-4.142857142857143
E,Tm1,voltage,dark,0.3521739130434783,-4.142857142857143
E,Tm1,voltage,dark,0.3565217391304348,-3.7142857142857144
E,Tm1,voltage,dark,0.36086956521739133,-3.4285714285714284
E,Tm1,voltage,dark,0.3652173913043478,-3.0
E,Tm1,voltage,dark,0.3695652173913043,-2.5714285714285716
E,Tm1,voltage,dark,0.3739130434782609,-2.5714285714285716
E,Tm1,voltage,dark,0.3782608695652174,-2.5714285714285716
E,Tm1,voltage,dark,0.3826086956521739,-2.5714285714285716
E,Tm1,voltage,dark,0.3869565217391304,-2.857142857142857
E,Tm1,voltage,dark,0.391304347826087,-3.0
E,Tm1,voltage,dark,0.39565217391304347,-3.142857142857143
E,Tm1,voltage,dark,0.4,-3.2857142857142856
E,Tm1,voltage,dark,0.4043478260869565,-3.4285714285714284
E,Tm1,voltage,dark,0.40869565217391307,-3.4285714285714284
E,Tm1,voltage,dark,0.41304347826086957,-3.142857142857143
E,Tm1,voltage,dark,0.41739130434782606,-2.7142857142857144
E,Tm1,voltage,dark,0.4217391304347826,-2.2857142857142856
E,Tm1,voltage,dark,0.4260869565217391,-2.0
E,Tm1,voltage,dark,0.43043478260869567,-1.8571428571428572
E,Tm1,voltage,dark,0.43478260869565216,-1.8571428571428572
E,Tm1,voltage,dark,0.4391304347826087,-2.0
E,Tm1,voltage,dark,0.4434782608695652,-2.2857142857142856
E,Tm1,voltage,dark,0.44782608695652176,-2.5714285714285716
E,Tm1,voltage,dark,0.45217391304347826,-2.857142857142857
E,Tm1,voltage,dark,0.45652173913043476,-3.0
E,Tm1,voltage,dark,0.4608695652173913,-3.0
E,Tm1,voltage,dark,0.4652173913043478,-3.0
E,Tm1,voltage,dark,0.46956521739130436,-2.857142857142857
E,Tm1,voltage,dark,0.47391304347826085,-2.5714285714285716
E,Tm1,voltage,dark,0.4782608695652174,-2.2857142857142856
E,Tm1,voltage,dark,0.4826086956521739,-2.142857142857143
E,Tm1,voltage,dark,0.48695652173913045,-2.0
E,Tm1,voltage,dark,0.49130434782608695,-1.8571428571428572
E,Tm1,voltage,dark,0.4956521739130435,-2.0
E,Tm1,voltage,dark,0.5,-2.142857142857143
E,Tm1,voltage,dark,0.5043478260869565,-2.0
E,Tm1,voltage,dark,0.508695652173913,-1.8571428571428572
E,Tm1,voltage,dark,0.5130434782608696,-1.7142857142857142
E,Tm1,voltage,dark,0.5173913043478261,-1.5714285714285714
E,Tm1,voltage,dark,0.5217391304347826,-1.5714285714285714
E,Tm1,voltage,dark,0.5260869565217391,-1.5714285714285714
E,Tm1,voltage,dark,0.5304347826086957,-1.5714285714285714
E,Tm1,voltage,dark,0.5347826086956522,-1.5714285714285714
E,Tm1,calcium,light,0.0,-9.615384615384615
E,Tm1,calcium,light,0.004347826086956522,-9.615384615384615
E,Tm1,calcium,light,0.008695652173913044,-9.23076923076923
E,Tm1,calcium,light,0.013043478260869565,-9.23076923076923
E,Tm1,calcium,light,0.017391304347826087,-9.23076923076923
E,Tm1,calcium,light,0.021739130434782608,-9.23076923076923
E,Tm1,calcium,light,0.02608695652173913,-9.615384615384615
E,Tm1,calcium,light,0.030434782608695653,-9.615384615384615
E,Tm1,calcium,light,0.034782608695652174,-10.0
E,Tm1,calcium,light,0.0391304347826087,-10.0
E,Tm1,calcium,light,0.043478260869565216,-10.384615384615385
E,Tm1,calcium,light,0.04782608695652174,-10.384615384615385
E,Tm1,calcium,light,0.05217391304347826,-10.769230769230768
E,Tm1,calcium,light,0.05652173913043478,-11.538461538461538
E,Tm1,calcium,light,0.06086956521739131,-11.923076923076923
E,Tm1,calcium,light,0.06521739130434782,-11.923076923076923
E,Tm1,calcium,light,0.06956521739130435,-11.923076923076923
E,Tm1,calcium,light,0.07391304347826087,-12.307692307692307
E,Tm1,calcium,light,0.0782608695652174,-12.692307692307692
E,Tm1,calcium,light,0.08260869565217391,-12.692307692307692
E,Tm1,calcium,light,0.08695652173913043,-13.076923076923077
E,Tm1,calcium,light,0.09130434782608696,-13.461538461538462
E,Tm1,calcium,light,0.09565217391304348,-13.461538461538462
E,Tm1,calcium,light,0.1,-13.846153846153845
E,Tm1,calcium,light,0.10434782608695652,-13.846153846153845
E,Tm1,calcium,light,0.10869565217391304,-13.461538461538462
E,Tm1,calcium,light,0.11304347826086956,-13.461538461538462
E,Tm1,calcium,light,0.11739130434782609,-13.846153846153845
E,Tm1,calcium,light,0.12173913043478261,-13.846153846153845
E,Tm1,calcium,light,0.12608695652173912,-13.461538461538462
E,Tm1,calcium,light,0.13043478260869565,-13.461538461538462
E,Tm1,calcium,light,0.13478260869565217,-13.461538461538462
E,Tm1,calcium,light,0.1391304347826087,-13.076923076923077
E,Tm1,calcium,light,0.14347826086956522,-13.076923076923077
E,Tm1,calcium,light,0.14782608695652175,-12.692307692307692
E,Tm1,calcium,light,0.15217391304347827,-12.692307692307692
E,Tm1,calcium,light,0.1565217391304348,-12.692307692307692
E,Tm1,calcium,light,0.1608695652173913,-12.307692307692307
E,Tm1,calcium,light,0.16521739130434782,-11.538461538461538
E,Tm1,calcium,light,0.16956521739130434,-11.153846153846153
E,Tm1,calcium,light,0.17391304347826086,-11.153846153846153
E,Tm1,calcium,light,0.1782608695652174,-10.769230769230768
E,Tm1,calcium,light,0.1826086956521739,-10.384615384615385
E,Tm1,calcium,light,0.18695652173913044,-9.615384615384615
E,Tm1,calcium,light,0.19130434782608696,-8.846153846153847
E,Tm1,calcium,light,0.1956521739130435,-8.461538461538462
E,Tm1,calcium,light,0.2,-8.076923076923077
E,Tm1,calcium,light,0.20434782608695654,-7.692307692307692
E,Tm1,calcium,light,0.20869565217391303,-7.3076923076923075
E,Tm1,calcium,light,0.21304347826086956,-7.3076923076923075
E,Tm1,calcium,light,0.21739130434782608,-6.9230769230769225
E,Tm1,calcium,light,0.2217391304347826,-6.538461538461538
E,Tm1,calcium,light,0.22608695652173913,-5.769230769230769
E,Tm1,calcium,light,0.23043478260869565,-4.615384615384615
E,Tm1,calcium,light,0.23478260869565218,-3.4615384615384612
E,Tm1,calcium,light,0.2391304347826087,-2.692307692307692
E,Tm1,calcium,light,0.24347826086956523,-1.923076923076923
E,Tm1,calcium,light,0.24782608695652175,-1.5384615384615383
E,Tm1,calcium,light,0.25217391304347825,-0.7692307692307692
E,Tm1,calcium,light,0.2565217391304348,-0.7692307692307692
E,Tm1,calcium,light,0.2608695652173913,0.7692307692307692
E,Tm1,calcium,light,0.26521739130434785,1.1538461538461537
E,Tm1,calcium,light,0.26956521739130435,1.1538461538461537
E,Tm1,calcium,light,0.27391304347826084,1.5384615384615383
E,Tm1,calcium,light,0.2782608695652174,2.3076923076923075
E,Tm1,calcium,light,0.2826086956521739,3.0769230769230766
E,Tm1,calcium,light,0.28695652173913044,3.4615384615384612
E,Tm1,calcium,light,0.29130434782608694,3.846153846153846
E,Tm1,calcium,light,0.2956521739130435,4.615384615384615
E,Tm1,calcium,light,0.3,5.384615384615384
E,Tm1,calcium,light,0.30434782608695654,6.153846153846153
E,Tm1,calcium,light,0.30869565217391304,6.538461538461538
E,Tm1,calcium,light,0.3130434782608696,6.9230769230769225
E,Tm1,calcium,light,0.3173913043478261,7.3076923076923075
E,Tm1,calcium,light,0.3217391304347826,8.076923076923077
E,Tm1,calcium,light,0.32608695652173914,8.461538461538462
E,Tm1,calcium,light,0.33043478260869563,9.23076923076923
E,Tm1,calcium,light,0.3347826086956522,9.615384615384615
E,Tm1,calcium,light,0.3391304347826087,10.0
E,Tm1,calcium,light,0.34347826086956523,10.384615384615385
E,Tm1,calcium,light,0.34782608695652173,11.153846153846153
E,Tm1,calcium,light,0.3521739130434783,11.923076923076923
E,Tm1,calcium,light,0.3565217391304348,12.692307692307692
E,Tm1,calcium,light,0.36086956521739133,12.692307692307692
E,Tm1,calcium,light,0.3652173913043478,13.076923076923077
E,Tm1,calcium,light,0.3695652173913043,13.076923076923077
E,Tm1,calcium,light,0.3739130434782609,13.461538461538462
E,Tm1,calcium,light,0.3782608695652174,13.461538461538462
E,Tm1,calcium,light,0.3826086956521739,13.846153846153845
E,Tm1,calcium,light,0.3869565217391304,14.23076923076923
E,Tm1,calcium,light,0.391304347826087,15.0
E,Tm1,calcium,light,0.39565217391304347,15.769230769230768
E,Tm1,calcium,light,0.4,16.153846153846153
E,Tm1,calcium,light,0.4043478260869565,16.538461538461537
E,Tm1,calcium,light,0.40869565217391307,16.923076923076923
E,Tm1,calcium,light,0.41304347826086957,17.692307692307693
E,Tm1,calcium,light,0.41739130434782606,18.46153846153846
E,Tm1,calcium,light,0.4217391304347826,18.46153846153846
E,Tm1,calcium,light,0.4260869565217391,18.46153846153846
E,Tm1,calcium,light,0.43043478260869567,18.846153846153847
E,Tm1,calcium,light,0.43478260869565216,19.23076923076923
E,Tm1,calcium,light,0.4391304347826087,19.615384615384613
E,Tm1,calcium,light,0.4434782608695652,20.0
E,Tm1,calcium,light,0.44782608695652176,20.384615384615383
E,Tm1,calcium,light,0.45217391304347826,20.384615384615383
E,Tm1,calcium,light,0.45652173913043476,20.76923076923077
E,Tm1,calcium,light,0.4608695652173913,20.76923076923077
E,Tm1,calcium,light,0.4652173913043478,20.76923076923077
E,Tm1,calcium,light,0.46956521739130436,21.153846153846153
E,Tm1,calcium,light,0.47391304347826085,21.153846153846153
E,Tm1,calcium,light,0.4782608695652174,21.153846153846153
E,Tm1,calcium,light,0.4826086956521739,21.538461538461537
E,Tm1,calcium,light,0.48695652173913045,22.307692307692307
E,Tm1,calcium,light,0.49130434782608695,22.69230769230769
E,Tm1,calcium,light,0.4956521739130435,22.69230769230769
E,Tm1,calcium,light,0.5,22.69230769230769
E,Tm1,calcium,light,0.5043478260869565,22.69230769230769
E,Tm1,calcium,light,0.508695652173913,23.076923076923077
E,Tm1,calcium,light,0.5130434782608696,23.46153846153846
E,Tm1,calcium,light,0.5173913043478261,23.846153846153847
E,Tm1,calcium,light,0.5217391304347826,24.23076923076923
E,Tm1,calcium,light,0.5260869565217391,24.615384615384613
E,Tm1,calcium,light,0.5304347826086957,25.0
E,Tm1,calcium,light,0.5347826086956522,25.384615384615383
E,Tm1,calcium,light,0.5391304347826087,25.76923076923077
E,Tm1,calcium,light,0.5434782608695652,25.384615384615383
E,Tm1,calcium,light,0.5478260869565217,25.384615384615383
E,Tm1,calcium,light,0.5521739130434783,25.384615384615383
E,Tm1,calcium,light,0.5565217391304348,25.384615384615383
E,Tm1,calcium,light,0.5608695652173913,25.384615384615383
E,Tm1,calcium,light,0.5652173913043478,25.384615384615383
E,Tm1,calcium,light,0.5695652173913044,25.384615384615383
E,Tm1,calcium,light,0.5739130434782609,25.76923076923077
E,Tm1,calcium,light,0.5782608695652174,26.153846153846153
E,Tm1,calcium,light,0.5826086956521739,26.538461538461537
E,Tm1,calcium,light,0.5869565217391305,26.538461538461537
E,Tm1,calcium,light,0.591304347826087,26.538461538461537
E,Tm1,calcium,light,0.5956521739130435,26.538461538461537
E,Tm1,calcium,light,0.6,26.923076923076923
E,Tm1,calcium,light,0.6043478260869565,26.923076923076923
E,Tm1,calcium,light,0.6086956521739131,26.923076923076923
E,Tm1,calcium,light,0.6130434782608696,26.923076923076923
E,Tm1,calcium,light,0.6173913043478261,27.307692307692307
E,Tm1,calcium,light,0.6217391304347826,27.69230769230769
E,Tm1,calcium,light,0.6260869565217392,28.076923076923077
E,Tm1,calcium,light,0.6304347826086957,28.46153846153846
E,Tm1,calcium,light,0.6347826086956522,28.846153846153847
E,Tm1,calcium,light,0.6391304347826087,28.46153846153846
E,Tm1,calcium,light,0.6434782608695652,28.46153846153846
E,Tm1,calcium,light,0.6478260869565218,28.46153846153846
E,Tm1,calcium,light,0.6521739130434783,28.46153846153846
E,Tm1,calcium,light,0.6565217391304348,28.46153846153846
E,Tm1,calcium,light,0.6608695652173913,28.46153846153846
E,Tm1,calcium,light,0.6652173913043479,28.46153846153846
E,Tm1,calcium,light,0.6695652173913044,28.46153846153846
E,Tm1,calcium,light,0.6739130434782609,28.46153846153846
E,Tm1,calcium,light,0.6782608695652174,28.076923076923077
E,Tm1,calcium,light,0.6826086956521739,28.076923076923077
E,Tm1,calcium,light,0.6869565217391305,28.076923076923077
E,Tm1,calcium,light,0.691304347826087,28.076923076923077
E,Tm1,calcium,light,0.6956521739130435,28.076923076923077
E,Tm1,calcium,light,0.7,28.076923076923077
E,Tm1,calcium,light,0.7043478260869566,28.46153846153846
E,Tm1,calcium,light,0.7086956521739131,28.46153846153846
E,Tm1,calcium,light,0.7130434782608696,28.46153846153846
E,Tm1,calcium,light,0.717391304347826,28.846153846153847
E,Tm1,calcium,light,0.7217391304347827,28.846153846153847
E,Tm1,calcium,light,0.7260869565217392,28.846153846153847
E,Tm1,calcium,light,0.7304347826086957,28.846153846153847
E,Tm1,calcium,light,0.7347826086956522,28.846153846153847
E,Tm1,calcium,light,0.7391304347826086,29.23076923076923
E,Tm1,calcium,light,0.7434782608695653,29.615384615384613
E,Tm1,calcium,light,0.7478260869565218,29.615384615384613
E,Tm1,calcium,light,0.7521739130434782,29.615384615384613
E,Tm1,calcium,light,0.7565217391304347,29.23076923076923
E,Tm1,calcium,light,0.7608695652173914,28.846153846153847
E,Tm1,calcium,light,0.7652173913043478,28.46153846153846
E,Tm1,calcium,light,0.7695652173913043,28.46153846153846
E,Tm1,calcium,light,0.7739130434782608,28.076923076923077
E,Tm1,calcium,light,0.7782608695652173,28.076923076923077
E,Tm1,calcium,light,0.782608695652174,28.076923076923077
E,Tm1,calcium,light,0.7869565217391304,28.076923076923077
E,Tm1,calcium,light,0.7913043478260869,28.076923076923077
E,Tm1,calcium,light,0.7956521739130434,28.076923076923077
E,Tm1,calcium,light,0.8,28.076923076923077
E,Tm1,calcium,light,0.8043478260869565,28.46153846153846
E,Tm1,calcium,light,0.808695652173913,28.846153846153847
E,Tm1,calcium,light,0.8130434782608695,28.846153846153847
E,Tm1,calcium,light,0.8173913043478261,28.46153846153846
E,Tm1,calcium,light,0.8217391304347826,28.46153846153846
E,Tm1,calcium,light,0.8260869565217391,28.076923076923077
E,Tm1,calcium,light,0.8304347826086956,28.076923076923077
E,Tm1,calcium,light,0.8347826086956521,27.69230769230769
E,Tm1,calcium,light,0.8391304347826087,27.69230769230769
E,Tm1,calcium,light,0.8434782608695652,27.69230769230769
E,Tm1,calcium,light,0.8478260869565217,28.076923076923077
E,Tm1,calcium,light,0.8521739130434782,28.076923076923077
E,Tm1,calcium,light,0.8565217391304348,28.076923076923077
E,Tm1,calcium,light,0.8608695652173913,27.69230769230769
E,Tm1,calcium,light,0.8652173913043478,27.307692307692307
E,Tm1,calcium,light,0.8695652173913043,27.307692307692307
E,Tm1,calcium,light,0.8739130434782608,27.307692307692307
E,Tm1,calcium,light,0.8782608695652174,27.69230769230769
E,Tm1,calcium,light,0.8826086956521739,27.69230769230769
E,Tm1,calcium,light,0.8869565217391304,27.69230769230769
E,Tm1,calcium,light,0.8913043478260869,27.69230769230769
E,Tm1,calcium,light,0.8956521739130435,27.69230769230769
E,Tm1,calcium,light,0.9,27.69230769230769
E,Tm1,calcium,light,0.9043478260869565,27.307692307692307
E,Tm1,calcium,light,0.908695652173913,27.307692307692307
E,Tm1,calcium,light,0.9130434782608695,26.923076923076923
E,Tm1,calcium,light,0.9173913043478261,26.538461538461537
E,Tm1,calcium,light,0.9217391304347826,26.538461538461537
E,Tm1,calcium,light,0.9260869565217391,26.153846153846153
E,Tm1,calcium,light,0.9304347826086956,25.76923076923077
E,Tm1,calcium,light,0.9347826086956522,25.76923076923077
E,Tm1,calcium,light,0.9391304347826087,25.384615384615383
E,Tm1,calcium,light,0.9434782608695652,25.384615384615383
E,Tm1,calcium,light,0.9478260869565217,25.384615384615383
E,Tm1,calcium,light,0.9521739130434783,25.0
E,Tm1,calcium,light,0.9565217391304348,25.0
E,Tm1,calcium,light,0.9608695652173913,25.0
E,Tm1,calcium,light,0.9652173913043478,25.0
E,Tm1,calcium,light,0.9695652173913043,25.0
E,Tm1,calcium,light,0.9739130434782609,25.0
E,Tm1,calcium,light,0.9782608695652174,24.615384615384613
E,Tm1,calcium,light,0.9826086956521739,24.23076923076923
E,Tm1,calcium,light,0.9869565217391304,24.23076923076923
E,Tm1,calcium,light,0.991304347826087,23.846153846153847
E,Tm1,calcium,light,0.9956521739130435,23.46153846153846
E,Tm1,calcium,light,1.0,23.076923076923077
E,Tm1,calcium,light,1.0043478260869565,22.69230769230769
E,Tm1,calcium,light,1.008695652173913,22.69230769230769
E,Tm1,calcium,light,1.0130434782608695,22.307692307692307
E,Tm1,calcium,light,1.017391304347826,22.307692307692307
E,Tm1,calcium,light,1.0217391304347827,22.307692307692307
E,Tm1,calcium,light,1.0260869565217392,22.69230769230769
E,Tm1,calcium,light,1.0304347826086957,22.69230769230769
E,Tm1,calcium,light,1.0347826086956522,22.69230769230769
E,Tm1,calcium,light,1.0391304347826087,22.307692307692307
E,Tm1,calcium,light,1.0434782608695652,22.307692307692307
E,Tm1,calcium,light,1.0478260869565217,21.923076923076923
E,Tm1,calcium,light,1.0521739130434782,21.538461538461537
E,Tm1,calcium,light,1.0565217391304347,21.538461538461537
E,Tm1,calcium,light,1.0608695652173914,21.538461538461537
E,Tm1,calcium,light,1.065217391304348,21.538461538461537
E,Tm1,calcium,light,1.0695652173913044,21.153846153846153
E,Tm1,calcium,light,1.0739130434782609,21.153846153846153
E,Tm1,calcium,light,1.0782608695652174,21.153846153846153
E,Tm1,calcium,light,1.0826086956521739,21.538461538461537
E,Tm1,calcium,light,1.0869565217391304,21.153846153846153
E,Tm1,calcium,light,1.0913043478260869,20.76923076923077
E,Tm1,calcium,light,1.0956521739130434,20.76923076923077
E,Tm1,calcium,light,1.1,20.384615384615383
E,Tm1,calcium,light,1.1043478260869566,20.384615384615383
E,Tm1,calcium,light,1.108695652173913,20.384615384615383
E,Tm1,calcium,light,1.1130434782608696,20.0
E,Tm1,calcium,light,1.117391304347826,20.0
E,Tm1,calcium,light,1.1217391304347826,20.0
E,Tm1,calcium,light,1.126086956521739,20.0
E,Tm1,calcium,light,1.1304347826086956,19.615384615384613
E,Tm1,calcium,light,1.1347826086956523,19.23076923076923
E,Tm1,calcium,light,1.1391304347826088,19.23076923076923
E,Tm1,calcium,light,1.1434782608695653,18.846153846153847
E,Tm1,calcium,light,1.1478260869565218,18.846153846153847
E,Tm1,calcium,light,1.1521739130434783,18.846153846153847
E,Tm1,calcium,light,1.1565217391304348,18.846153846153847
E,Tm1,calcium,light,1.1608695652173913,18.46153846153846
E,Tm1,calcium,light,1.1652173913043478,18.46153846153846
E,Tm1,calcium,light,1.1695652173913043,18.076923076923077
E,Tm1,calcium,light,1.173913043478261,18.076923076923077
E,Tm1,calcium,light,1.1782608695652175,18.076923076923077
E,Tm1,calcium,light,1.182608695652174,17.692307692307693
E,Tm1,calcium,light,1.1869565217391305,16.923076923076923
E,Tm1,calcium,light,1.191304347826087,16.923076923076923
E,Tm1,calcium,light,1.1956521739130435,16.538461538461537
E,Tm1,calcium,light,1.2,16.538461538461537
E,Tm1,calcium,light,1.2043478260869565,16.538461538461537
E,Tm1,calcium,light,1.208695652173913,16.923076923076923
E,Tm1,calcium,light,1.2130434782608697,16.923076923076923
E,Tm1,calcium,light,1.2173913043478262,16.923076923076923
E,Tm1,calcium,light,1.2217391304347827,16.538461538461537
E,Tm1,calcium,light,1.2260869565217392,16.538461538461537
E,Tm1,calcium,light,1.2304347826086957,16.538461538461537
E,Tm1,calcium,light,1.2347826086956522,16.153846153846153
E,Tm1,calcium,light,1.2391304347826086,16.153846153846153
E,Tm1,calcium,light,1.2434782608695651,16.153846153846153
E,Tm1,calcium,light,1.2478260869565216,15.769230769230768
E,Tm1,calcium,light,1.2521739130434784,15.384615384615383
E,Tm1,calcium,light,1.2565217391304349,14.615384615384615
E,Tm1,calcium,light,1.2608695652173914,14.23076923076923
E,Tm1,calcium,light,1.2652173913043478,14.23076923076923
E,Tm1,calcium,light,1.2695652173913043,14.23076923076923
E,Tm1,calcium,light,1.2739130434782608,14.23076923076923
E,Tm1,calcium,light,1.2782608695652173,14.23076923076923
E,Tm1,calcium,light,1.2826086956521738,14.23076923076923
E,Tm1,calcium,light,1.2869565217391303,14.23076923076923
E,Tm1,calcium,light,1.291304347826087,14.23076923076923
E,Tm1,calcium,light,1.2956521739130435,14.23076923076923
E,Tm1,calcium,light,1.3,14.23076923076923
E,Tm1,calcium,light,1.3043478260869565,14.23076923076923
E,Tm1,calcium,light,1.308695652173913,13.846153846153845
E,Tm1,calcium,light,1.3130434782608695,13.461538461538462
E,Tm1,calcium,light,1.317391304347826,13.076923076923077
E,Tm1,calcium,light,1.3217391304347825,12.307692307692307
E,Tm1,calcium,light,1.326086956521739,11.923076923076923
E,Tm1,calcium,light,1.3304347826086957,11.923076923076923
E,Tm1,calcium,light,1.3347826086956522,11.923076923076923
E,Tm1,calcium,light,1.3391304347826087,11.923076923076923
E,Tm1,calcium,light,1.3434782608695652,11.923076923076923
E,Tm1,calcium,light,1.3478260869565217,11.923076923076923
E,Tm1,calcium,light,1.3521739130434782,11.923076923076923
E,Tm1,calcium,light,1.3565217391304347,11.923076923076923
E,Tm1,calcium,light,1.3608695652173912,11.923076923076923
E,Tm1,calcium,light,1.3652173913043477,11.538461538461538
E,Tm1,calcium,light,1.3695652173913044,11.153846153846153
E,Tm1,calcium,light,1.373913043478261,11.153846153846153
E,Tm1,calcium,light,1.3782608695652174,11.153846153846153
E,Tm1,calcium,light,1.382608695652174,10.769230769230768
E,Tm1,calcium,light,1.3869565217391304,10.384615384615385
E,Tm1,calcium,light,1.391304347826087,10.0
E,Tm1,calcium,light,1.3956521739130434,9.615384615384615
E,Tm1,calcium,light,1.4,9.615384615384615
E,Tm1,calcium,light,1.4043478260869566,9.615384615384615
E,Tm1,calcium,light,1.4086956521739131,9.615384615384615
E,Tm1,calcium,light,1.4130434782608696,9.615384615384615
E,Tm1,calcium,light,1.4173913043478261,9.615384615384615
E,Tm1,calcium,light,1.4217391304347826,10.0
E,Tm1,calcium,light,1.4260869565217391,10.0
E,Tm1,calcium,light,1.4304347826086956,10.0
E,Tm1,calcium,light,1.434782608695652,9.615384615384615
E,Tm1,calcium,light,1.4391304347826086,9.615384615384615
E,Tm1,calcium,light,1.4434782608695653,9.615384615384615
E,Tm1,calcium,light,1.4478260869565218,9.23076923076923
E,Tm1,calcium,light,1.4521739130434783,8.846153846153847
E,Tm1,calcium,light,1.4565217391304348,8.461538461538462
E,Tm1,calcium,light,1.4608695652173913,8.076923076923077
E,Tm1,calcium,light,1.4652173913043478,7.692307692307692
E,Tm1,calcium,light,1.4695652173913043,7.3076923076923075
E,Tm1,calcium,light,1.4739130434782608,7.3076923076923075
E,Tm1,calcium,light,1.4782608695652173,7.3076923076923075
E,Tm1,calcium,light,1.482608695652174,7.3076923076923075
E,Tm1,calcium,light,1.4869565217391305,7.3076923076923075
E,Tm1,calcium,light,1.491304347826087,6.9230769230769225
E,Tm1,calcium,light,1.4956521739130435,6.538461538461538
E,Tm1,calcium,light,1.5,6.538461538461538
E,Tm1,calcium,light,1.5043478260869565,6.538461538461538
E,Tm1,calcium,light,1.508695652173913,6.153846153846153
E,Tm1,calcium,light,1.5130434782608695,6.153846153846153
E,Tm1,calcium,light,1.517391304347826,6.153846153846153
E,Tm1,calcium,light,1.5217391304347827,6.153846153846153
E,Tm1,calcium,light,1.5260869565217392,6.153846153846153
E,Tm1,calcium,light,1.5304347826086957,6.153846153846153
E,Tm1,calcium,light,1.5347826086956522,5.769230769230769
E,Tm1,calcium,light,1.5391304347826087,5.384615384615384
E,Tm1,calcium,light,1.5434782608695652,5.0
E,Tm1,calcium,light,1.5478260869565217,5.0
E,Tm1,calcium,light,1.5521739130434782,4.615384615384615
E,Tm1,calcium,light,1.5565217391304347,4.615384615384615
E,Tm1,calcium,light,1.5608695652173914,5.0
E,Tm1,calcium,light,1.565217391304348,5.0
E,Tm1,calcium,light,1.5695652173913044,5.0
E,Tm1,calcium,dark,0.0,5.384615384615384
E,Tm1,calcium,dark,0.004347826086956522,5.0
E,Tm1,calcium,dark,0.008695652173913044,4.615384615384615
E,Tm1,calcium,dark,0.013043478260869565,4.230769230769231
E,Tm1,calcium,dark,0.017391304347826087,4.230769230769231
E,Tm1,calcium,dark,0.021739130434782608,4.230769230769231
E,Tm1,calcium,dark,0.02608695652173913,4.615384615384615
E,Tm1,calcium,dark,0.030434782608695653,5.769230769230769
E,Tm1,calcium,dark,0.034782608695652174,6.9230769230769225
E,Tm1,calcium,dark,0.0391304347826087,8.461538461538462
E,Tm1,calcium,dark,0.043478260869565216,10.0
E,Tm1,calcium,dark,0.04782608695652174,13.076923076923077
E,Tm1,calcium,dark,0.05217391304347826,16.538461538461537
E,Tm1,calcium,dark,0.05652173913043478,20.384615384615383
E,Tm1,calcium,dark,0.06086956521739131,23.46153846153846
E,Tm1,calcium,dark,0.06521739130434782,26.538461538461537
E,Tm1,calcium,dark,0.06956521739130435,29.23076923076923
E,Tm1,calcium,dark,0.07391304347826087,32.30769230769231
E,Tm1,calcium,dark,0.0782608695652174,35.0
E,Tm1,calcium,dark,0.08260869565217391,36.15384615384615
E,Tm1,calcium,dark,0.08695652173913043,37.69230769230769
E,Tm1,calcium,dark,0.09130434782608696,39.61538461538461
E,Tm1,calcium,dark,0.09565217391304348,41.53846153846154
E,Tm1,calcium,dark,0.1,42.69230769230769
E,Tm1,calcium,dark,0.10434782608695652,43.46153846153846
E,Tm1,calcium,dark,0.10869565217391304,43.46153846153846
E,Tm1,calcium,dark,0.11304347826086956,43.84615384615385
E,Tm1,calcium,dark,0.11739130434782609,43.84615384615385
E,Tm1,calcium,dark,0.12173913043478261,43.84615384615385
E,Tm1,calcium,dark,0.12608695652173912,43.84615384615385
E,Tm1,calcium,dark,0.13043478260869565,43.07692307692307
E,Tm1,calcium,dark,0.13478260869565217,42.30769230769231
E,Tm1,calcium,dark,0.1391304347826087,42.30769230769231
E,Tm1,calcium,dark,0.14347826086956522,41.92307692307692
E,Tm1,calcium,dark,0.14782608695652175,41.15384615384615
E,Tm1,calcium,dark,0.15217391304347827,40.38461538461538
E,Tm1,calcium,dark,0.1565217391304348,40.0
E,Tm1,calcium,dark,0.1608695652173913,39.61538461538461
E,Tm1,calcium,dark,0.16521739130434782,38.84615384615385
E,Tm1,calcium,dark,0.16956521739130434,38.07692307692307
E,Tm1,calcium,dark,0.17391304347826086,36.92307692307692
E,Tm1,calcium,dark,0.1782608695652174,35.76923076923077
E,Tm1,calcium,dark,0.1826086956521739,35.38461538461539
E,Tm1,calcium,dark,0.18695652173913044,35.0
E,Tm1,calcium,dark,0.19130434782608696,34.61538461538461
E,Tm1,calcium,dark,0.1956521739130435,33.46153846153846
E,Tm1,calcium,dark,0.2,32.30769230769231
E,Tm1,calcium,dark,0.20434782608695654,31.153846153846153
E,Tm1,calcium,dark,0.20869565217391303,30.769230769230766
E,Tm1,calcium,dark,0.21304347826086956,30.384615384615383
E,Tm1,calcium,dark,0.21739130434782608,30.0
E,Tm1,calcium,dark,0.2217391304347826,29.615384615384613
E,Tm1,calcium,dark,0.22608695652173913,28.846153846153847
E,Tm1,calcium,dark,0.23043478260869565,28.076923076923077
E,Tm1,calcium,dark,0.23478260869565218,27.307692307692307
E,Tm1,calcium,dark,0.2391304347826087,26.538461538461537
E,Tm1,calcium,dark,0.24347826086956523,25.76923076923077
E,Tm1,calcium,dark,0.24782608695652175,25.0
E,Tm1,calcium,dark,0.25217391304347825,24.615384615384613
E,Tm1,calcium,dark,0.2565217391304348,23.846153846153847
E,Tm1,calcium,dark,0.2608695652173913,23.076923076923077
E,Tm1,calcium,dark,0.26521739130434785,22.307692307692307
E,Tm1,calcium,dark,0.26956521739130435,21.538461538461537
E,Tm1,calcium,dark,0.27391304347826084,20.76923076923077
E,Tm1,calcium,dark,0.2782608695652174,20.0
E,Tm1,calcium,dark,0.2826086956521739,19.615384615384613
E,Tm1,calcium,dark,0.28695652173913044,19.23076923076923
E,Tm1,calcium,dark,0.29130434782608694,18.46153846153846
E,Tm1,calcium,dark,0.2956521739130435,18.076923076923077
E,Tm1,calcium,dark,0.3,17.692307692307693
E,Tm1,calcium,dark,0.30434782608695654,16.923076923076923
E,Tm1,calcium,dark,0.30869565217391304,16.153846153846153
E,Tm1,calcium,dark,0.3130434782608696,15.0
E,Tm1,calcium,dark,0.3173913043478261,14.23076923076923
E,Tm1,calcium,dark,0.3217391304347826,13.846153846153845
E,Tm1,calcium,dark,0.32608695652173914,13.846153846153845
E,Tm1,calcium,dark,0.33043478260869563,13.461538461538462
E,Tm1,calcium,dark,0.3347826086956522,12.692307692307692
E,Tm1,calcium,dark,0.3391304347826087,12.307692307692307
E,Tm1,calcium,dark,0.34347826086956523,11.923076923076923
E,Tm1,calcium,dark,0.34782608695652173,11.538461538461538
E,Tm1,calcium,dark,0.3521739130434783,10.769230769230768
E,Tm1,calcium,dark,0.3565217391304348,10.384615384615385
E,Tm1,calcium,dark,0.36086956521739133,10.0
E,Tm1,calcium,dark,0.3652173913043478,9.615384615384615
E,Tm1,calcium,dark,0.3695652173913043,9.23076923076923
E,Tm1,calcium,dark,0.3739130434782609,8.846153846153847
E,Tm1,calcium,dark,0.3782608695652174,8.076923076923077
E,Tm1,calcium,dark,0.3826086956521739,7.3076923076923075
E,Tm1,calcium,dark,0.3869565217391304,6.538461538461538
E,Tm1,calcium,dark,0.391304347826087,6.538461538461538
E,Tm1,calcium,dark,0.39565217391304347,6.153846153846153
E,Tm1,calcium,dark,0.4,5.769230769230769
E,Tm1,calcium,dark,0.4043478260869565,5.384615384615384
E,Tm1,calcium,dark,0.40869565217391307,5.0
E,Tm1,calcium,dark,0.41304347826086957,4.615384615384615
E,Tm1,calcium,dark,0.41739130434782606,4.230769230769231
E,Tm1,calcium,dark,0.4217391304347826,3.846153846153846
E,Tm1,calcium,dark,0.4260869565217391,3.0769230769230766
E,Tm1,calcium,dark,0.43043478260869567,2.692307692307692
E,Tm1,calcium,dark,0.43478260869565216,2.3076923076923075
E,Tm1,calcium,dark,0.4391304347826087,1.923076923076923
E,Tm1,calcium,dark,0.4434782608695652,1.5384615384615383
E,Tm1,calcium,dark,0.44782608695652176,1.1538461538461537
E,Tm1,calcium,dark,0.45217391304347826,0.7692307692307692
E,Tm1,calcium,dark,0.45652173913043476,-0.7692307692307692
E,Tm1,calcium,dark,0.4608695652173913,-0.7692307692307692
E,Tm1,calcium,dark,0.4652173913043478,-0.7692307692307692
E,Tm1,calcium,dark,0.46956521739130436,-1.1538461538461537
E,Tm1,calcium,dark,0.47391304347826085,-1.5384615384615383
E,Tm1,calcium,dark,0.4782608695652174,-1.923076923076923
E,Tm1,calcium,dark,0.4826086956521739,-1.923076923076923
E,Tm1,calcium,dark,0.48695652173913045,-1.923076923076923
E,Tm1,calcium,dark,0.49130434782608695,-2.3076923076923075
E,Tm1,calcium,dark,0.4956521739130435,-3.0769230769230766
E,Tm1,calcium,dark,0.5,-3.4615384615384612
E,Tm1,calcium,dark,0.5043478260869565,-3.4615384615384612
E,Tm1,calcium,dark,0.508695652173913,-3.0769230769230766
E,Tm1,calcium,dark,0.5130434782608696,-3.0769230769230766
E,Tm1,calcium,dark,0.5173913043478261,-3.0769230769230766
E,Tm1,calcium,dark,0.5217391304347826,-3.0769230769230766
E,Tm1,calcium,dark,0.5260869565217391,-3.0769230769230766
E,Tm1,calcium,dark,0.5304347826086957,-3.4615384615384612
E,Tm1,calcium,dark,0.5347826086956522,-3.4615384615384612
E,Tm1,calcium,dark,0.5391304347826087,-3.846153846153846
E,Tm1,calcium,dark,0.5434782608695652,-4.230769230769231
E,Tm1,calcium,dark,0.5478260869565217,-4.615384615384615
E,Tm1,calcium,dark,0.5521739130434783,-5.0
E,Tm1,calcium,dark,0.5565217391304348,-5.0
E,Tm1,calcium,dark,0.5608695652173913,-5.384615384615384
E,Tm1,calcium,dark,0.5652173913043478,-5.769230769230769
E,Tm1,calcium,dark,0.5695652173913044,-6.153846153846153
E,Tm1,calcium,dark,0.5739130434782609,-6.538461538461538
E,Tm1,calcium,dark,0.5782608695652174,-6.538461538461538
E,Tm1,calcium,dark,0.5826086956521739,-6.538461538461538
E,Tm1,calcium,dark,0.5869565217391305,-6.9230769230769225
E,Tm1,calcium,dark,0.591304347826087,-6.9230769230769225
E,Tm1,calcium,dark,0.5956521739130435,-7.3076923076923075
E,Tm1,calcium,dark,0.6,-7.692307692307692
E,Tm1,calcium,dark,0.6043478260869565,-7.692307692307692
E,Tm1,calcium,dark,0.6086956521739131,-7.3076923076923075
E,Tm1,calcium,dark,0.6130434782608696,-7.3076923076923075
E,Tm1,calcium,dark,0.6173913043478261,-7.3076923076923075
E,Tm1,calcium,dark,0.6217391304347826,-6.9230769230769225
E,Tm1,calcium,dark,0.6260869565217392,-6.9230769230769225
E,Tm1,calcium,dark,0.6304347826086957,-7.3076923076923075
E,Tm1,calcium,dark,0.6347826086956522,-7.3076923076923075
E,Tm1,calcium,dark,0.6391304347826087,-7.692307692307692
E,Tm1,calcium,dark,0.6434782608695652,-7.692307692307692
E,Tm1,calcium,dark,0.6478260869565218,-7.692307692307692
E,Tm1,calcium,dark,0.6521739130434783,-8.076923076923077
E,Tm1,calcium,dark,0.6565217391304348,-8.461538461538462
E,Tm1,calcium,dark,0.6608695652173913,-8.461538461538462
E,Tm1,calcium,dark,0.6652173913043479,-8.846153846153847
E,Tm1,calcium,dark,0.6695652173913044,-8.846153846153847
E,Tm1,calcium,dark,0.6739130434782609,-9.23076923076923
E,Tm1,calcium,dark,0.6782608695652174,-9.23076923076923
E,Tm1,calcium,dark,0.6826086956521739,-9.615384615384615
E,Tm1,calcium,dark,0.6869565217391305,-9.615384615384615
E,Tm1,calcium,dark,0.691304347826087,-9.615384615384615
E,Tm1,calcium,dark,0.6956521739130435,-9.615384615384615
E,Tm1,calcium,dark,0.7,-9.615384615384615
E,Tm1,calcium,dark,0.7043478260869566,-9.615384615384615
E,Tm1,calcium,dark,0.7086956521739131,-9.23076923076923
E,Tm1,calcium,dark,0.7130434782608696,-9.23076923076923
E,Tm1,calcium,dark,0.717391304347826,-9.23076923076923
E,Tm1,calcium,dark,0.7217391304347827,-10.0
E,Tm1,calcium,dark,0.7260869565217392,-9.615384615384615
E,Tm1,calcium,dark,0.7304347826086957,-10.0
E,Tm1,calcium,dark,0.7347826086956522,-10.0
E,Tm1,calcium,dark,0.7391304347826086,-10.384615384615385
E,Tm1,calcium,dark,0.7434782608695653,-10.384615384615385
E,Tm1,calcium,dark,0.7478260869565218,-10.384615384615385
E,Tm1,calcium,dark,0.7521739130434782,-10.384615384615385
E,Tm1,calcium,dark,0.7565217391304347,-10.769230769230768
E,Tm1,calcium,dark,0.7608695652173914,-10.769230769230768
E,Tm1,calcium,dark,0.7652173913043478,-11.153846153846153
E,Tm1,calcium,dark,0.7695652173913043,-11.538461538461538
E,Tm1,calcium,dark,0.7739130434782608,-11.538461538461538
E,Tm1,calcium,dark,0.7782608695652173,-11.538461538461538
E,Tm1,calcium,dark,0.782608695652174,-11.153846153846153
E,Tm1,calcium,dark,0.7869565217391304,-11.153846153846153
E,Tm1,calcium,dark,0.7913043478260869,-11.153846153846153
E,Tm1,calcium,dark,0.7956521739130434,-10.769230769230768
E,Tm1,calcium,dark,0.8,-10.769230769230768
E,Tm1,calcium,dark,0.8043478260869565,-10.384615384615385
E,Tm1,calcium,dark,0.808695652173913,-10.384615384615385
E,Tm1,calcium,dark,0.8130434782608695,-10.384615384615385
E,Tm1,calcium,dark,0.8173913043478261,-10.384615384615385
E,Tm1,calcium,dark,0.8217391304347826,-10.384615384615385
E,Tm1,calcium,dark,0.8260869565217391,-10.384615384615385
E,Tm1,calcium,dark,0.8304347826086956,-10.384615384615385
E,Tm1,calcium,dark,0.8347826086956521,-10.384615384615385
E,Tm1,calcium,dark,0.8391304347826087,-10.769230769230768
E,Tm1,calcium,dark,0.8434782608695652,-11.153846153846153
E,Tm1,calcium,dark,0.8478260869565217,-11.153846153846153
E,Tm1,calcium,dark,0.8521739130434782,-11.538461538461538
E,Tm1,calcium,dark,0.8565217391304348,-11.538461538461538
E,Tm1,calcium,dark,0.8608695652173913,-11.538461538461538
E,Tm1,calcium,dark,0.8652173913043478,-11.538461538461538
E,Tm1,calcium,dark,0.8695652173913043,-11.153846153846153
E,Tm1,calcium,dark,0.8739130434782608,-11.153846153846153
E,Tm1,calcium,dark,0.8782608695652174,-11.153846153846153
E,Tm1,calcium,dark,0.8826086956521739,-11.153846153846153
E,Tm1,calcium,dark,0.8869565217391304,-10.769230769230768
E,Tm1,calcium,dark,0.8913043478260869,-10.769230769230768
E,Tm1,calcium,dark,0.8956521739130435,-10.769230769230768
E,Tm1,calcium,dark,0.9,-10.769230769230768
E,Tm1,calcium,dark,0.9043478260869565,-10.769230769230768
E,Tm1,calcium,dark,0.908695652173913,-10.769230769230768
E,Tm1,calcium,dark,0.9130434782608695,-10.769230769230768
E,Tm1,calcium,dark,0.9173913043478261,-10.769230769230768
E,Tm1,calcium,dark,0.9217391304347826,-10.769230769230768
E,Tm1,calcium,dark,0.9260869565217391,-11.153846153846153
E,Tm1,calcium,dark,0.9304347826086956,-11.153846153846153
E,Tm1,calcium,dark,0.9347826086956522,-11.153846153846153
E,Tm1,calcium,dark,0.9391304347826087,-11.153846153846153
E,Tm1,calcium,dark,0.9434782608695652,-11.153846153846153
E,Tm1,calcium,dark,0.9478260869565217,-11.153846153846153
E,Tm1,calcium,dark,0.9521739130434783,-11.153846153846153
E,Tm1,calcium,dark,0.9565217391304348,-11.153846153846153
E,Tm1,calcium,dark,0.9608695652173913,-11.153846153846153
E,Tm1,calcium,dark,0.9652173913043478,-11.153846153846153
E,Tm1,calcium,dark,0.9695652173913043,-11.153846153846153
E,Tm1,calcium,dark,0.9739130434782609,-11.153846153846153
E,Tm1,calcium,dark,0.9782608695652174,-11.153846153846153
E,Tm1,calcium,dark,0.9826086956521739,-11.153846153846153
E,Tm1,calcium,dark,0.9869565217391304,-11.153846153846153
E,Tm1,calcium,dark,0.991304347826087,-11.153846153846153
E,Tm1,calcium,dark,0.9956521739130435,-10.769230769230768
E,Tm1,calcium,dark,1.0,-10.769230769230768
E,Tm1,calcium,dark,1.0043478260869565,-10.769230769230768
E,Tm1,calcium,dark,1.008695652173913,-10.769230769230768
E,Tm1,calcium,dark,1.0130434782608695,-10.769230769230768
E,Tm1,calcium,dark,1.017391304347826,-11.153846153846153
E,Tm1,calcium,dark,1.0217391304347827,-10.769230769230768
E,Tm1,calcium,dark,1.0260869565217392,-10.769230769230768
E,Tm1,calcium,dark,1.0304347826086957,-10.384615384615385
E,Tm1,calcium,dark,1.0347826086956522,-10.384615384615385
E,Tm1,calcium,dark,1.0391304347826087,-10.0
E,Tm1,calcium,dark,1.0434782608695652,-10.0
E,Tm1,calcium,dark,1.0478260869565217,-10.0
E,Tm1,calcium,dark,1.0521739130434782,-10.0
E,Tm1,calcium,dark,1.0565217391304347,-10.384615384615385
E,Tm1,calcium,dark,1.0608695652173914,-10.384615384615385
E,Tm1,calcium,dark,1.065217391304348,-10.384615384615385
E,Tm1,calcium,dark,1.0695652173913044,-10.384615384615385
E,Tm1,calcium,dark,1.0739130434782609,-10.384615384615385
E,Tm1,calcium,dark,1.0782608695652174,-10.769230769230768
E,Tm1,calcium,dark,1.0826086956521739,-10.769230769230768
E,Tm1,calcium,dark,1.0869565217391304,-10.384615384615385
E,Tm1,calcium,dark,1.0913043478260869,-10.384615384615385
E,Tm1,calcium,dark,1.0956521739130434,-10.384615384615385
E,Tm1,calcium,dark,1.1,-10.384615384615385
E,Tm1,calcium,dark,1.1043478260869566,-10.0
E,Tm1,calcium,dark,1.108695652173913,-10.0
E,Tm1,calcium,dark,1.1130434782608696,-10.0
E,Tm1,calcium,dark,1.117391304347826,-10.0
E,Tm1,calcium,dark,1.1217391304347826,-10.0
E,Tm1,calcium,dark,1.126086956521739,-10.384615384615385
E,Tm1,calcium,dark,1.1304347826086956,-10.384615384615385
E,Tm1,calcium,dark,1.1347826086956523,-10.384615384615385
E,Tm1,calcium,dark,1.1391304347826088,-10.384615384615385
E,Tm1,calcium,dark,1.1434782608695653,-10.0
E,Tm1,calcium,dark,1.1478260869565218,-10.0
E,Tm1,calcium,dark,1.1521739130434783,-9.615384615384615
E,Tm1,calcium,dark,1.1565217391304348,-9.615384615384615
E,Tm1,calcium,dark,1.1608695652173913,-9.615384615384615
E,Tm1,calcium,dark,1.1652173913043478,-9.615384615384615
E,Tm1,calcium,dark,1.1695652173913043,-10.0
E,Tm1,calcium,dark,1.173913043478261,-10.0
E,Tm1,calcium,dark,1.1782608695652175,-10.0
E,Tm1,calcium,dark,1.182608695652174,-10.0
E,Tm1,calcium,dark,1.1869565217391305,-9.615384615384615
E,Tm1,calcium,dark,1.191304347826087,-9.615384615384615
E,Tm1,calcium,dark,1.1956521739130435,-9.615384615384615
E,Tm1,calcium,dark,1.2,-9.615384615384615
E,Tm1,calcium,dark,1.2043478260869565,-9.615384615384615
E,Tm1,calcium,dark,1.208695652173913,-9.615384615384615
E,Tm1,calcium,dark,1.2130434782608697,-9.615384615384615
E,Tm1,calcium,dark,1.2173913043478262,-9.615384615384615
E,Tm1,calcium,dark,1.2217391304347827,-9.615384615384615
E,Tm1,calcium,dark,1.2260869565217392,-9.615384615384615
E,Tm1,calcium,dark,1.2304347826086957,-9.615384615384615
E,Tm1,calcium,dark,1.2347826086956522,-9.615384615384615
E,Tm1,calcium,dark,1.2391304347826086,-10.0
E,Tm1,calcium,dark,1.2434782608695651,-10.0
E,Tm1,calcium,dark,1.2478260869565216,-10.0
E,Tm1,calcium,dark,1.2521739130434784,-10.0
E,Tm1,calcium,dark,1.2565217391304349,-10.0
E,Tm1,calcium,dark,1.2608695652173914,-9.615384615384615
E,Tm1,calcium,dark,1.2652173913043478,-9.23076923076923
E,Tm1,calcium,dark,1.2695652173913043,-9.23076923076923
E,Tm1,calcium,dark,1.2739130434782608,-9.23076923076923
E,Tm1,calcium,dark,1.2782608695652173,-9.23076923076923
E,Tm1,calcium,dark,1.2826086956521738,-9.615384615384615
E,Tm1,calcium,dark,1.2869565217391303,-10.0
E,Tm1,calcium,dark,1.291304347826087,-10.0
E,Tm1,calcium,dark,1.2956521739130435,-10.384615384615385
E,Tm1,calcium,dark,1.3,-10.384615384615385
E,Tm1,calcium,dark,1.3043478260869565,-10.384615384615385
E,Tm1,calcium,dark,1.308695652173913,-10.384615384615385
E,Tm1,calcium,dark,1.3130434782608695,-10.0
E,Tm1,calcium,dark,1.317391304347826,-9.615384615384615
E,Tm1,calcium,dark,1.3217391304347825,-9.615384615384615
E,Tm1,calcium,dark,1.326086956521739,-9.615384615384615
E,Tm1,calcium,dark,1.3304347826086957,-9.615384615384615
E,Tm1,calcium,dark,1.3347826086956522,-9.615384615384615
E,Tm1,calcium,dark,1.3391304347826087,-9.615384615384615
E,Tm1,calcium,dark,1.3434782608695652,-9.615384615384615
E,Tm1,calcium,dark,1.3478260869565217,-10.0
E,Tm1,calcium,dark,1.3521739130434782,-10.0
E,Tm1,calcium,dark,1.3565217391304347,-10.0
E,Tm1,calcium,dark,1.3608695652173912,-10.0
E,Tm1,calcium,dark,1.3652173913043477,-10.0
E,Tm1,calcium,dark,1.3695652173913044,-9.615384615384615
E,Tm1,calcium,dark,1.373913043478261,-9.615384615384615
E,Tm1,calcium,dark,1.3782608695652174,-9.23076923076923
E,Tm1,calcium,dark,1.382608695652174,-9.23076923076923
E,Tm1,calcium,dark,1.3869565217391304,-8.846153846153847
E,Tm1,calcium,dark,1.391304347826087,-8.846153846153847
E,Tm1,calcium,dark,1.3956521739130434,-8.461538461538462
E,Tm1,calcium,dark,1.4,-8.461538461538462
E,Tm1,calcium,dark,1.4043478260869566,-8.461538461538462
E,Tm1,calcium,dark,1.4086956521739131,-8.461538461538462
E,Tm1,calcium,dark,1.4130434782608696,-8.461538461538462
E,Tm1,calcium,dark,1.4173913043478261,-8.461538461538462
E,Tm1,calcium,dark,1.4217391304347826,-8.846153846153847
E,Tm1,calcium,dark,1.4260869565217391,-8.846153846153847
E,Tm1,calcium,dark,1.4304347826086956,-9.23076923076923
E,Tm1,calcium,dark,1.434782608695652,-9.23076923076923
E,Tm1,calcium,dark,1.4391304347826086,-9.23076923076923
E,Tm1,calcium,dark,1.4434782608695653,-9.615384615384615
E,Tm1,calcium,dark,1.4478260869565218,-9.615384615384615
E,Tm1,calcium,dark,1.4521739130434783,-9.615384615384615
E,Tm1,calcium,dark,1.4565217391304348,-9.23076923076923
E,Tm1,calcium,dark,1.4608695652173913,-8.846153846153847
E,Tm1,calcium,dark,1.4652173913043478,-8.846153846153847
E,Tm1,calcium,dark,1.4695652173913043,-8.461538461538462
E,Tm1,calcium,dark,1.4739130434782608,-8.461538461538462
E,Tm1,calcium,dark,1.4782608695652173,-8.461538461538462
E,Tm1,calcium,dark,1.482608695652174,-8.461538461538462
E,Tm1,calcium,dark,1.4869565217391305,-8.461538461538462
E,Tm1,calcium,dark,1.491304347826087,-8.846153846153847
E,Tm1,calcium,dark,1.4956521739130435,-9.23076923076923
E,Tm1,calcium,dark,1.5,-9.23076923076923
E,Tm1,calcium,dark,1.5043478260869565,-9.23076923076923
E,Tm1,calcium,dark,1.508695652173913,-9.23076923076923
E,Tm1,calcium,dark,1.5130434782608695,-8.846153846153847
E,Tm1,calcium,dark,1.517391304347826,-8.461538461538462
E,Tm1,calcium,dark,1.5217391304347827,-8.461538461538462
E,Tm1,calcium,dark,1.5260869565217392,-8.076923076923077
E,Tm1,calcium,dark,1.5304347826086957,-7.692307692307692
E,Tm1,calcium,dark,1.5347826086956522,-7.692307692307692
E,Tm1,calcium,dark,1.5391304347826087,-8.076923076923077
E,Tm1,calcium,dark,1.5434782608695652,-8.076923076923077
E,Tm1,calcium,dark,1.5478260869565217,-8.076923076923077
E,Tm1,calcium,dark,1.5521739130434782,-8.076923076923077
E,Tm1,calcium,dark,1.5565217391304347,-8.076923076923077
E,Tm1,calcium,dark,1.5608695652173914,-7.692307692307692
E,Tm1,calcium,dark,1.565217391304348,-7.692307692307692
E,Tm1,calcium,dark,1.5695652173913044,-8.461538461538462
E,Tm1,calcium,dark,1.5739130434782609,-8.461538461538462
E,Tm2,voltage,light,0.0,-0.7142857142857143
E,Tm2,voltage,light,0.004347826086956522,-0.2857142857142857
E,Tm2,voltage,light,0.008695652173913044,-0.2857142857142857
E,Tm2,voltage,light,0.013043478260869565,0.7142857142857143
E,Tm2,voltage,light,0.017391304347826087,0.8571428571428571
E,Tm2,voltage,light,0.021739130434782608,0.8571428571428571
E,Tm2,voltage,light,0.02608695652173913,-0.2857142857142857
E,Tm2,voltage,light,0.030434782608695653,-1.1428571428571428
E,Tm2,voltage,light,0.034782608695652174,-3.2857142857142856
E,Tm2,voltage,light,0.0391304347826087,-5.714285714285714
E,Tm2,voltage,light,0.043478260869565216,-8.428571428571429
E,Tm2,voltage,light,0.04782608695652174,-11.0
E,Tm2,voltage,light,0.05217391304347826,-13.0
E,Tm2,voltage,light,0.05652173913043478,-14.571428571428571
E,Tm2,voltage,light,0.06086956521739131,-14.571428571428571
E,Tm2,voltage,light,0.06521739130434782,-13.142857142857142
E,Tm2,voltage,light,0.06956521739130435,-11.0
E,Tm2,voltage,light,0.07391304347826087,-8.285714285714286
E,Tm2,voltage,light,0.0782608695652174,-5.428571428571429
E,Tm2,voltage,light,0.08260869565217391,-2.5714285714285716
E,Tm2,voltage,light,0.08695652173913043,-0.2857142857142857
E,Tm2,voltage,light,0.09130434782608696,1.7142857142857142
E,Tm2,voltage,light,0.09565217391304348,3.0
E,Tm2,voltage,light,0.1,4.0
E,Tm2,voltage,light,0.10434782608695652,4.428571428571429
E,Tm2,voltage,light,0.10869565217391304,4.571428571428571
E,Tm2,voltage,light,0.11304347826086956,4.714285714285714
E,Tm2,voltage,light,0.11739130434782609,4.857142857142857
E,Tm2,voltage,light,0.12173913043478261,5.0
E,Tm2,voltage,light,0.12608695652173912,4.857142857142857
E,Tm2,voltage,light,0.13043478260869565,4.857142857142857
E,Tm2,voltage,light,0.13478260869565217,4.714285714285714
E,Tm2,voltage,light,0.1391304347826087,4.571428571428571
E,Tm2,voltage,light,0.14347826086956522,4.285714285714286
E,Tm2,voltage,light,0.14782608695652175,4.142857142857143
E,Tm2,voltage,light,0.15217391304347827,4.142857142857143
E,Tm2,voltage,light,0.1565217391304348,4.142857142857143
E,Tm2,voltage,light,0.1608695652173913,4.0
E,Tm2,voltage,light,0.16521739130434782,3.857142857142857
E,Tm2,voltage,light,0.16956521739130434,3.857142857142857
E,Tm2,voltage,light,0.17391304347826086,3.7142857142857144
E,Tm2,voltage,light,0.1782608695652174,3.5714285714285716
E,Tm2,voltage,light,0.1826086956521739,3.142857142857143
E,Tm2,voltage,light,0.18695652173913044,2.857142857142857
E,Tm2,voltage,light,0.19130434782608696,2.7142857142857144
E,Tm2,voltage,light,0.1956521739130435,2.7142857142857144
E,Tm2,voltage,light,0.2,2.857142857142857
E,Tm2,voltage,light,0.20434782608695654,3.0
E,Tm2,voltage,light,0.20869565217391303,3.142857142857143
E,Tm2,voltage,light,0.21304347826086956,3.142857142857143
E,Tm2,voltage,light,0.21739130434782608,3.2857142857142856
E,Tm2,voltage,light,0.2217391304347826,3.2857142857142856
E,Tm2,voltage,light,0.22608695652173913,3.2857142857142856
E,Tm2,voltage,light,0.23043478260869565,3.2857142857142856
E,Tm2,voltage,light,0.23478260869565218,3.2857142857142856
E,Tm2,voltage,light,0.2391304347826087,3.2857142857142856
E,Tm2,voltage,light,0.24347826086956523,3.2857142857142856
E,Tm2,voltage,light,0.24782608695652175,3.2857142857142856
E,Tm2,voltage,light,0.25217391304347825,3.142857142857143
E,Tm2,voltage,light,0.2565217391304348,3.0
E,Tm2,voltage,light,0.2608695652173913,2.857142857142857
E,Tm2,voltage,light,0.26521739130434785,2.7142857142857144
E,Tm2,voltage,light,0.26956521739130435,2.5714285714285716
E,Tm2,voltage,light,0.27391304347826084,2.4285714285714284
E,Tm2,voltage,light,0.2782608695652174,2.142857142857143
E,Tm2,voltage,light,0.2826086956521739,2.0
E,Tm2,voltage,light,0.28695652173913044,1.8571428571428572
E,Tm2,voltage,light,0.29130434782608694,1.5714285714285714
E,Tm2,voltage,light,0.2956521739130435,1.4285714285714286
E,Tm2,voltage,light,0.3,1.2857142857142858
E,Tm2,voltage,light,0.30434782608695654,1.1428571428571428
E,Tm2,voltage,light,0.30869565217391304,1.0
E,Tm2,voltage,light,0.3130434782608696,1.0
E,Tm2,voltage,light,0.3173913043478261,1.0
E,Tm2,voltage,light,0.3217391304347826,0.8571428571428571
E,Tm2,voltage,light,0.32608695652173914,0.8571428571428571
E,Tm2,voltage,light,0.33043478260869563,0.8571428571428571
E,Tm2,voltage,light,0.3347826086956522,0.8571428571428571
E,Tm2,voltage,light,0.3391304347826087,0.8571428571428571
E,Tm2,voltage,light,0.34347826086956523,1.0
E,Tm2,voltage,light,0.34782608695652173,1.1428571428571428
E,Tm2,voltage,light,0.3521739130434783,1.2857142857142858
E,Tm2,voltage,light,0.3565217391304348,1.2857142857142858
E,Tm2,voltage,light,0.36086956521739133,1.0
E,Tm2,voltage,light,0.3652173913043478,0.7142857142857143
E,Tm2,voltage,light,0.3695652173913043,0.5714285714285714
E,Tm2,voltage,light,0.3739130434782609,0.5714285714285714
E,Tm2,voltage,light,0.3782608695652174,0.42857142857142855
E,Tm2,voltage,light,0.3826086956521739,0.5714285714285714
E,Tm2,voltage,light,0.3869565217391304,0.5714285714285714
E,Tm2,voltage,light,0.391304347826087,0.5714285714285714
E,Tm2,voltage,light,0.39565217391304347,0.5714285714285714
E,Tm2,voltage,light,0.4,0.5714285714285714
E,Tm2,voltage,light,0.4043478260869565,0.7142857142857143
E,Tm2,voltage,light,0.40869565217391307,0.8571428571428571
E,Tm2,voltage,light,0.41304347826086957,0.8571428571428571
E,Tm2,voltage,light,0.41739130434782606,0.8571428571428571
E,Tm2,voltage,light,0.4217391304347826,0.8571428571428571
E,Tm2,voltage,light,0.4260869565217391,0.8571428571428571
E,Tm2,voltage,light,0.43043478260869567,0.7142857142857143
E,Tm2,voltage,light,0.43478260869565216,0.5714285714285714
E,Tm2,voltage,light,0.4391304347826087,0.42857142857142855
E,Tm2,voltage,light,0.4434782608695652,0.42857142857142855
E,Tm2,voltage,light,0.44782608695652176,0.42857142857142855
E,Tm2,voltage,light,0.45217391304347826,0.42857142857142855
E,Tm2,voltage,light,0.45652173913043476,0.42857142857142855
E,Tm2,voltage,light,0.4608695652173913,0.5714285714285714
E,Tm2,voltage,light,0.4652173913043478,0.5714285714285714
E,Tm2,voltage,light,0.46956521739130436,0.5714285714285714
E,Tm2,voltage,light,0.47391304347826085,0.7142857142857143
E,Tm2,voltage,light,0.4782608695652174,1.0
E,Tm2,voltage,light,0.4826086956521739,1.1428571428571428
E,Tm2,voltage,light,0.48695652173913045,1.2857142857142858
E,Tm2,voltage,light,0.49130434782608695,1.4285714285714286
E,Tm2,voltage,light,0.4956521739130435,1.4285714285714286
E,Tm2,voltage,light,0.5,1.5714285714285714
E,Tm2,voltage,light,0.5043478260869565,1.4285714285714286
E,Tm2,voltage,light,0.508695652173913,1.0
E,Tm2,voltage,light,0.5130434782608696,1.0
E,Tm2,voltage,light,0.5173913043478261,1.0
E,Tm2,voltage,light,0.5217391304347826,0.8571428571428571
E,Tm2,voltage,light,0.5260869565217391,0.7142857142857143
E,Tm2,voltage,light,0.5304347826086957,0.5714285714285714
E,Tm2,voltage,light,0.5347826086956522,0.5714285714285714
E,Tm2,voltage,dark,0.0,0.8571428571428571
E,Tm2,voltage,dark,0.004347826086956522,0.8571428571428571
E,Tm2,voltage,dark,0.008695652173913044,1.0
E,Tm2,voltage,dark,0.013043478260869565,1.2857142857142858
E,Tm2,voltage,dark,0.017391304347826087,2.142857142857143
E,Tm2,voltage,dark,0.021739130434782608,3.5714285714285716
E,Tm2,voltage,dark,0.02608695652173913,5.428571428571429
E,Tm2,voltage,dark,0.030434782608695653,7.571428571428571
E,Tm2,voltage,dark,0.034782608695652174,9.571428571428571
E,Tm2,voltage,dark,0.0391304347826087,11.285714285714286
E,Tm2,voltage,dark,0.043478260869565216,12.142857142857142
E,Tm2,voltage,dark,0.04782608695652174,12.142857142857142
E,Tm2,voltage,dark,0.05217391304347826,11.857142857142858
E,Tm2,voltage,dark,0.05652173913043478,11.571428571428571
E,Tm2,voltage,dark,0.06086956521739131,10.285714285714286
E,Tm2,voltage,dark,0.06521739130434782,8.857142857142858
E,Tm2,voltage,dark,0.06956521739130435,7.428571428571429
E,Tm2,voltage,dark,0.07391304347826087,6.0
E,Tm2,voltage,dark,0.0782608695652174,4.714285714285714
E,Tm2,voltage,dark,0.08260869565217391,3.4285714285714284
E,Tm2,voltage,dark,0.08695652173913043,2.2857142857142856
E,Tm2,voltage,dark,0.09130434782608696,1.2857142857142858
E,Tm2,voltage,dark,0.09565217391304348,0.2857142857142857
E,Tm2,voltage,dark,0.1,-0.7142857142857143
E,Tm2,voltage,dark,0.10434782608695652,-1.5714285714285714
E,Tm2,voltage,dark,0.10869565217391304,-2.2857142857142856
E,Tm2,voltage,dark,0.11304347826086956,-2.857142857142857
E,Tm2,voltage,dark,0.11739130434782609,-3.4285714285714284
E,Tm2,voltage,dark,0.12173913043478261,-4.0
E,Tm2,voltage,dark,0.12608695652173912,-4.428571428571429
E,Tm2,voltage,dark,0.13043478260869565,-4.714285714285714
E,Tm2,voltage,dark,0.13478260869565217,-4.857142857142857
E,Tm2,voltage,dark,0.1391304347826087,-5.0
E,Tm2,voltage,dark,0.14347826086956522,-5.0
E,Tm2,voltage,dark,0.14782608695652175,-5.142857142857143
E,Tm2,voltage,dark,0.15217391304347827,-5.142857142857143
E,Tm2,voltage,dark,0.1565217391304348,-5.142857142857143
E,Tm2,voltage,dark,0.1608695652173913,-5.0
E,Tm2,voltage,dark,0.16521739130434782,-4.857142857142857
E,Tm2,voltage,dark,0.16956521739130434,-4.714285714285714
E,Tm2,voltage,dark,0.17391304347826086,-4.571428571428571
E,Tm2,voltage,dark,0.1782608695652174,-4.285714285714286
E,Tm2,voltage,dark,0.1826086956521739,-4.142857142857143
E,Tm2,voltage,dark,0.18695652173913044,-4.0
E,Tm2,voltage,dark,0.19130434782608696,-4.0
E,Tm2,voltage,dark,0.1956521739130435,-3.857142857142857
E,Tm2,voltage,dark,0.2,-3.7142857142857144
E,Tm2,voltage,dark,0.20434782608695654,-3.857142857142857
E,Tm2,voltage,dark,0.20869565217391303,-3.857142857142857
E,Tm2,voltage,dark,0.21304347826086956,-4.0
E,Tm2,voltage,dark,0.21739130434782608,-4.142857142857143
E,Tm2,voltage,dark,0.2217391304347826,-4.285714285714286
E,Tm2,voltage,dark,0.22608695652173913,-4.428571428571429
E,Tm2,voltage,dark,0.23043478260869565,-4.571428571428571
E,Tm2,voltage,dark,0.23478260869565218,-4.428571428571429
E,Tm2,voltage,dark,0.2391304347826087,-4.285714285714286
E,Tm2,voltage,dark,0.24347826086956523,-4.0
E,Tm2,voltage,dark,0.24782608695652175,-3.7142857142857144
E,Tm2,voltage,dark,0.25217391304347825,-3.4285714285714284
E,Tm2,voltage,dark,0.2565217391304348,-3.0
E,Tm2,voltage,dark,0.2608695652173913,-2.857142857142857
E,Tm2,voltage,dark,0.26521739130434785,-2.5714285714285716
E,Tm2,voltage,dark,0.26956521739130435,-2.5714285714285716
E,Tm2,voltage,dark,0.27391304347826084,-2.5714285714285716
E,Tm2,voltage,dark,0.2782608695652174,-2.5714285714285716
E,Tm2,voltage,dark,0.2826086956521739,-2.4285714285714284
E,Tm2,voltage,dark,0.28695652173913044,-2.4285714285714284
E,Tm2,voltage,dark,0.29130434782608694,-2.5714285714285716
E,Tm2,voltage,dark,0.2956521739130435,-2.5714285714285716
E,Tm2,voltage,dark,0.3,-2.5714285714285716
E,Tm2,voltage,dark,0.30434782608695654,-2.4285714285714284
E,Tm2,voltage,dark,0.30869565217391304,-2.5714285714285716
E,Tm2,voltage,dark,0.3130434782608696,-2.4285714285714284
E,Tm2,voltage,dark,0.3173913043478261,-2.4285714285714284
E,Tm2,voltage,dark,0.3217391304347826,-2.4285714285714284
E,Tm2,voltage,dark,0.32608695652173914,-2.4285714285714284
E,Tm2,voltage,dark,0.33043478260869563,-2.4285714285714284
E,Tm2,voltage,dark,0.3347826086956522,-2.5714285714285716
E,Tm2,voltage,dark,0.3391304347826087,-2.7142857142857144
E,Tm2,voltage,dark,0.34347826086956523,-2.857142857142857
E,Tm2,voltage,dark,0.34782608695652173,-2.857142857142857
E,Tm2,voltage,dark,0.3521739130434783,-2.857142857142857
E,Tm2,voltage,dark,0.3565217391304348,-2.7142857142857144
E,Tm2,voltage,dark,0.36086956521739133,-2.4285714285714284
E,Tm2,voltage,dark,0.3652173913043478,-2.142857142857143
E,Tm2,voltage,dark,0.3695652173913043,-2.0
E,Tm2,voltage,dark,0.3739130434782609,-2.0
E,Tm2,voltage,dark,0.3782608695652174,-2.0
E,Tm2,voltage,dark,0.3826086956521739,-2.0
E,Tm2,voltage,dark,0.3869565217391304,-2.0
E,Tm2,voltage,dark,0.391304347826087,-2.0
E,Tm2,voltage,dark,0.39565217391304347,-2.0
E,Tm2,voltage,dark,0.4,-2.0
E,Tm2,voltage,dark,0.4043478260869565,-2.0
E,Tm2,voltage,dark,0.40869565217391307,-1.8571428571428572
E,Tm2,voltage,dark,0.41304347826086957,-1.8571428571428572
E,Tm2,voltage,dark,0.41739130434782606,-1.5714285714285714
E,Tm2,voltage,dark,0.4217391304347826,-1.4285714285714286
E,Tm2,voltage,dark,0.4260869565217391,-1.4285714285714286
E,Tm2,voltage,dark,0.43043478260869567,-1.2857142857142858
E,Tm2,voltage,dark,0.43478260869565216,-1.1428571428571428
E,Tm2,voltage,dark,0.4391304347826087,-1.0
E,Tm2,voltage,dark,0.4434782608695652,-0.7142857142857143
E,Tm2,voltage,dark,0.44782608695652176,-0.5714285714285714
E,Tm2,voltage,dark,0.45217391304347826,-0.42857142857142855
E,Tm2,voltage,dark,0.45652173913043476,-0.42857142857142855
E,Tm2,voltage,dark,0.4608695652173913,-0.42857142857142855
E,Tm2,voltage,dark,0.4652173913043478,-0.8571428571428571
E,Tm2,voltage,dark,0.46956521739130436,-1.2857142857142858
E,Tm2,voltage,dark,0.47391304347826085,-1.7142857142857142
E,Tm2,voltage,dark,0.4782608695652174,-2.0
E,Tm2,voltage,dark,0.4826086956521739,-1.8571428571428572
E,Tm2,voltage,dark,0.48695652173913045,-1.5714285714285714
E,Tm2,voltage,dark,0.49130434782608695,-1.2857142857142858
E,Tm2,voltage,dark,0.4956521739130435,-1.0
E,Tm2,voltage,dark,0.5,-0.8571428571428571
E,Tm2,voltage,dark,0.5043478260869565,-1.0
E,Tm2,voltage,dark,0.508695652173913,-1.1428571428571428
E,Tm2,voltage,dark,0.5130434782608696,-1.2857142857142858
E,Tm2,voltage,dark,0.5173913043478261,-1.2857142857142858
E,Tm2,voltage,dark,0.5217391304347826,-1.4285714285714286
E,Tm2,voltage,dark,0.5260869565217391,-1.4285714285714286
E,Tm2,voltage,dark,0.5304347826086957,-1.4285714285714286
E,Tm2,voltage,dark,0.5347826086956522,-1.4285714285714286
E,Tm2,calcium,light,0.0,-0.20833333333333334
E,Tm2,calcium,light,0.004347826086956522,-0.20833333333333334
E,Tm2,calcium,light,0.008695652173913044,0.4166666666666667
E,Tm2,calcium,light,0.013043478260869565,0.4166666666666667
E,Tm2,calcium,light,0.017391304347826087,-0.20833333333333334
E,Tm2,calcium,light,0.021739130434782608,-0.20833333333333334
E,Tm2,calcium,light,0.02608695652173913,-0.625
E,Tm2,calcium,light,0.030434782608695653,-1.25
E,Tm2,calcium,light,0.034782608695652174,-1.875
E,Tm2,calcium,light,0.0391304347826087,-2.5
E,Tm2,calcium,light,0.043478260869565216,-2.916666666666667
E,Tm2,calcium,light,0.04782608695652174,-3.3333333333333335
E,Tm2,calcium,light,0.05217391304347826,-4.166666666666667
E,Tm2,calcium,light,0.05652173913043478,-4.375
E,Tm2,calcium,light,0.06086956521739131,-4.583333333333334
E,Tm2,calcium,light,0.06521739130434782,-4.791666666666667
E,Tm2,calcium,light,0.06956521739130435,-5.0
E,Tm2,calcium,light,0.07391304347826087,-5.0
E,Tm2,calcium,light,0.0782608695652174,-4.583333333333334
E,Tm2,calcium,light,0.08260869565217391,-4.166666666666667
E,Tm2,calcium,light,0.08695652173913043,-3.541666666666667
E,Tm2,calcium,light,0.09130434782608696,-2.7083333333333335
E,Tm2,calcium,light,0.09565217391304348,-2.0833333333333335
E,Tm2,calcium,light,0.1,-1.25
E,Tm2,calcium,light,0.10434782608695652,-0.625
E,Tm2,calcium,light,0.10869565217391304,-0.20833333333333334
E,Tm2,calcium,light,0.11304347826086956,-0.20833333333333334
E,Tm2,calcium,light,0.11739130434782609,0.625
E,Tm2,calcium,light,0.12173913043478261,0.8333333333333334
E,Tm2,calcium,light,0.12608695652173912,1.0416666666666667
E,Tm2,calcium,light,0.13043478260869565,1.4583333333333335
E,Tm2,calcium,light,0.13478260869565217,1.875
E,Tm2,calcium,light,0.1391304347826087,2.5
E,Tm2,calcium,light,0.14347826086956522,3.125
E,Tm2,calcium,light,0.14782608695652175,3.75
E,Tm2,calcium,light,0.15217391304347827,4.166666666666667
E,Tm2,calcium,light,0.1565217391304348,4.375
E,Tm2,calcium,light,0.1608695652173913,4.375
E,Tm2,calcium,light,0.16521739130434782,4.583333333333334
E,Tm2,calcium,light,0.16956521739130434,4.791666666666667
E,Tm2,calcium,light,0.17391304347826086,5.416666666666667
E,Tm2,calcium,light,0.1782608695652174,5.833333333333334
E,Tm2,calcium,light,0.1826086956521739,6.25
E,Tm2,calcium,light,0.18695652173913044,6.458333333333334
E,Tm2,calcium,light,0.19130434782608696,6.666666666666667
E,Tm2,calcium,light,0.1956521739130435,6.458333333333334
E,Tm2,calcium,light,0.2,6.25
E,Tm2,calcium,light,0.20434782608695654,6.041666666666667
E,Tm2,calcium,light,0.20869565217391303,6.041666666666667
E,Tm2,calcium,light,0.21304347826086956,6.25
E,Tm2,calcium,light,0.21739130434782608,6.875
E,Tm2,calcium,light,0.2217391304347826,7.5
E,Tm2,calcium,light,0.22608695652173913,8.125
E,Tm2,calcium,light,0.23043478260869565,8.75
E,Tm2,calcium,light,0.23478260869565218,8.75
E,Tm2,calcium,light,0.2391304347826087,8.541666666666668
E,Tm2,calcium,light,0.24347826086956523,8.333333333333334
E,Tm2,calcium,light,0.24782608695652175,8.125
E,Tm2,calcium,light,0.25217391304347825,8.125
E,Tm2,calcium,light,0.2565217391304348,7.708333333333334
E,Tm2,calcium,light,0.2608695652173913,7.708333333333334
E,Tm2,calcium,light,0.26521739130434785,7.708333333333334
E,Tm2,calcium,light,0.26956521739130435,7.708333333333334
E,Tm2,calcium,light,0.27391304347826084,7.916666666666667
E,Tm2,calcium,light,0.2782608695652174,7.916666666666667
E,Tm2,calcium,light,0.2826086956521739,8.333333333333334
E,Tm2,calcium,light,0.28695652173913044,8.958333333333334
E,Tm2,calcium,light,0.29130434782608694,9.375
E,Tm2,calcium,light,0.2956521739130435,9.375
E,Tm2,calcium,light,0.3,9.375
E,Tm2,calcium,light,0.30434782608695654,9.583333333333334
E,Tm2,calcium,light,0.30869565217391304,9.791666666666668
E,Tm2,calcium,light,0.3130434782608696,9.791666666666668
E,Tm2,calcium,light,0.3173913043478261,9.375
E,Tm2,calcium,light,0.3217391304347826,9.375
E,Tm2,calcium,light,0.32608695652173914,9.375
E,Tm2,calcium,light,0.33043478260869563,9.166666666666668
E,Tm2,calcium,light,0.3347826086956522,8.75
E,Tm2,calcium,light,0.3391304347826087,8.333333333333334
E,Tm2,calcium,light,0.34347826086956523,8.125
E,Tm2,calcium,light,0.34782608695652173,7.916666666666667
E,Tm2,calcium,light,0.3521739130434783,7.916666666666667
E,Tm2,calcium,light,0.3565217391304348,7.916666666666667
E,Tm2,calcium,light,0.36086956521739133,7.916666666666667
E,Tm2,calcium,light,0.3652173913043478,8.125
E,Tm2,calcium,light,0.3695652173913043,8.541666666666668
E,Tm2,calcium,light,0.3739130434782609,8.75
E,Tm2,calcium,light,0.3782608695652174,8.958333333333334
E,Tm2,calcium,light,0.3826086956521739,9.375
E,Tm2,calcium,light,0.3869565217391304,9.375
E,Tm2,calcium,light,0.391304347826087,9.375
E,Tm2,calcium,light,0.39565217391304347,9.375
E,Tm2,calcium,light,0.4,9.166666666666668
E,Tm2,calcium,light,0.4043478260869565,9.166666666666668
E,Tm2,calcium,light,0.40869565217391307,9.166666666666668
E,Tm2,calcium,light,0.41304347826086957,9.375
E,Tm2,calcium,light,0.41739130434782606,9.791666666666668
E,Tm2,calcium,light,0.4217391304347826,9.791666666666668
E,Tm2,calcium,light,0.4260869565217391,10.0
E,Tm2,calcium,light,0.43043478260869567,9.791666666666668
E,Tm2,calcium,light,0.43478260869565216,9.791666666666668
E,Tm2,calcium,light,0.4391304347826087,9.375
E,Tm2,calcium,light,0.4434782608695652,8.958333333333334
E,Tm2,calcium,light,0.44782608695652176,8.541666666666668
E,Tm2,calcium,light,0.45217391304347826,8.333333333333334
E,Tm2,calcium,light,0.45652173913043476,8.541666666666668
E,Tm2,calcium,light,0.4608695652173913,8.75
E,Tm2,calcium,light,0.4652173913043478,8.958333333333334
E,Tm2,calcium,light,0.46956521739130436,9.166666666666668
E,Tm2,calcium,light,0.47391304347826085,9.166666666666668
E,Tm2,calcium,light,0.4782608695652174,8.958333333333334
E,Tm2,calcium,light,0.4826086956521739,8.541666666666668
E,Tm2,calcium,light,0.48695652173913045,8.125
E,Tm2,calcium,light,0.49130434782608695,7.916666666666667
E,Tm2,calcium,light,0.4956521739130435,7.708333333333334
E,Tm2,calcium,light,0.5,7.708333333333334
E,Tm2,calcium,light,0.5043478260869565,8.125
E,Tm2,calcium,light,0.508695652173913,8.125
E,Tm2,calcium,light,0.5130434782608696,8.125
E,Tm2,calcium,light,0.5173913043478261,8.125
E,Tm2,calcium,light,0.5217391304347826,7.916666666666667
E,Tm2,calcium,light,0.5260869565217391,7.916666666666667
E,Tm2,calcium,light,0.5304347826086957,7.5
E,Tm2,calcium,light,0.5347826086956522,6.875
E,Tm2,calcium,light,0.5391304347826087,6.666666666666667
E,Tm2,calcium,light,0.5434782608695652,6.666666666666667
E,Tm2,calcium,light,0.5478260869565217,6.875
E,Tm2,calcium,light,0.5521739130434783,7.083333333333334
E,Tm2,calcium,light,0.5565217391304348,7.083333333333334
E,Tm2,calcium,light,0.5608695652173913,7.291666666666667
E,Tm2,calcium,light,0.5652173913043478,7.291666666666667
E,Tm2,calcium,light,0.5695652173913044,7.291666666666667
E,Tm2,calcium,light,0.5739130434782609,7.291666666666667
E,Tm2,calcium,light,0.5782608695652174,7.291666666666667
E,Tm2,calcium,light,0.5826086956521739,7.708333333333334
E,Tm2,calcium,light,0.5869565217391305,7.916666666666667
E,Tm2,calcium,light,0.591304347826087,7.916666666666667
E,Tm2,calcium,light,0.5956521739130435,7.916666666666667
E,Tm2,calcium,light,0.6,7.708333333333334
E,Tm2,calcium,light,0.6043478260869565,7.291666666666667
E,Tm2,calcium,light,0.6086956521739131,6.666666666666667
E,Tm2,calcium,light,0.6130434782608696,6.25
E,Tm2,calcium,light,0.6173913043478261,6.041666666666667
E,Tm2,calcium,light,0.6217391304347826,6.25
E,Tm2,calcium,light,0.6260869565217392,6.666666666666667
E,Tm2,calcium,light,0.6304347826086957,7.083333333333334
E,Tm2,calcium,light,0.6347826086956522,7.5
E,Tm2,calcium,light,0.6391304347826087,7.5
E,Tm2,calcium,light,0.6434782608695652,7.291666666666667
E,Tm2,calcium,light,0.6478260869565218,7.083333333333334
E,Tm2,calcium,light,0.6521739130434783,6.666666666666667
E,Tm2,calcium,light,0.6565217391304348,6.25
E,Tm2,calcium,light,0.6608695652173913,5.833333333333334
E,Tm2,calcium,light,0.6652173913043479,5.416666666666667
E,Tm2,calcium,light,0.6695652173913044,5.208333333333334
E,Tm2,calcium,light,0.6739130434782609,5.0
E,Tm2,calcium,light,0.6782608695652174,4.791666666666667
E,Tm2,calcium,light,0.6826086956521739,4.583333333333334
E,Tm2,calcium,light,0.6869565217391305,4.375
E,Tm2,calcium,light,0.691304347826087,4.375
E,Tm2,calcium,light,0.6956521739130435,4.375
E,Tm2,calcium,light,0.7,4.166666666666667
E,Tm2,calcium,light,0.7043478260869566,4.166666666666667
E,Tm2,calcium,light,0.7086956521739131,3.9583333333333335
E,Tm2,calcium,light,0.7130434782608696,3.9583333333333335
E,Tm2,calcium,light,0.717391304347826,4.166666666666667
E,Tm2,calcium,light,0.7217391304347827,4.791666666666667
E,Tm2,calcium,light,0.7260869565217392,5.416666666666667
E,Tm2,calcium,light,0.7304347826086957,5.833333333333334
E,Tm2,calcium,light,0.7347826086956522,5.625
E,Tm2,calcium,light,0.7391304347826086,5.625
E,Tm2,calcium,light,0.7434782608695653,5.416666666666667
E,Tm2,calcium,light,0.7478260869565218,5.208333333333334
E,Tm2,calcium,light,0.7521739130434782,5.0
E,Tm2,calcium,light,0.7565217391304347,4.791666666666667
E,Tm2,calcium,light,0.7608695652173914,4.791666666666667
E,Tm2,calcium,light,0.7652173913043478,4.791666666666667
E,Tm2,calcium,light,0.7695652173913043,4.791666666666667
E,Tm2,calcium,light,0.7739130434782608,4.583333333333334
E,Tm2,calcium,light,0.7782608695652173,4.375
E,Tm2,calcium,light,0.782608695652174,4.166666666666667
E,Tm2,calcium,light,0.7869565217391304,3.9583333333333335
E,Tm2,calcium,light,0.7913043478260869,3.541666666666667
E,Tm2,calcium,light,0.7956521739130434,3.125
E,Tm2,calcium,light,0.8,3.125
E,Tm2,calcium,light,0.8043478260869565,3.125
E,Tm2,calcium,light,0.808695652173913,3.541666666666667
E,Tm2,calcium,light,0.8130434782608695,4.375
E,Tm2,calcium,light,0.8173913043478261,4.791666666666667
E,Tm2,calcium,light,0.8217391304347826,5.0
E,Tm2,calcium,light,0.8260869565217391,5.0
E,Tm2,calcium,light,0.8304347826086956,5.0
E,Tm2,calcium,light,0.8347826086956521,5.0
E,Tm2,calcium,light,0.8391304347826087,4.791666666666667
E,Tm2,calcium,light,0.8434782608695652,4.166666666666667
E,Tm2,calcium,light,0.8478260869565217,3.9583333333333335
E,Tm2,calcium,light,0.8521739130434782,3.9583333333333335
E,Tm2,calcium,light,0.8565217391304348,3.9583333333333335
E,Tm2,calcium,light,0.8608695652173913,3.9583333333333335
E,Tm2,calcium,light,0.8652173913043478,4.166666666666667
E,Tm2,calcium,light,0.8695652173913043,4.166666666666667
E,Tm2,calcium,light,0.8739130434782608,3.9583333333333335
E,Tm2,calcium,light,0.8782608695652174,3.541666666666667
E,Tm2,calcium,light,0.8826086956521739,3.541666666666667
E,Tm2,calcium,light,0.8869565217391304,3.3333333333333335
E,Tm2,calcium,light,0.8913043478260869,3.3333333333333335
E,Tm2,calcium,light,0.8956521739130435,3.541666666666667
E,Tm2,calcium,light,0.9,3.9583333333333335
E,Tm2,calcium,light,0.9043478260869565,3.9583333333333335
E,Tm2,calcium,light,0.908695652173913,3.75
E,Tm2,calcium,light,0.9130434782608695,3.3333333333333335
E,Tm2,calcium,light,0.9173913043478261,2.916666666666667
E,Tm2,calcium,light,0.9217391304347826,2.291666666666667
E,Tm2,calcium,light,0.9260869565217391,2.0833333333333335
E,Tm2,calcium,light,0.9304347826086956,2.0833333333333335
E,Tm2,calcium,light,0.9347826086956522,2.291666666666667
E,Tm2,calcium,light,0.9391304347826087,3.125
E,Tm2,calcium,light,0.9434782608695652,3.75
E,Tm2,calcium,light,0.9478260869565217,4.166666666666667
E,Tm2,calcium,light,0.9521739130434783,4.583333333333334
E,Tm2,calcium,light,0.9565217391304348,4.583333333333334
E,Tm2,calcium,light,0.9608695652173913,4.375
E,Tm2,calcium,light,0.9652173913043478,4.375
E,Tm2,calcium,light,0.9695652173913043,3.9583333333333335
E,Tm2,calcium,light,0.9739130434782609,3.541666666666667
E,Tm2,calcium,light,0.9782608695652174,3.125
E,Tm2,calcium,light,0.9826086956521739,3.125
E,Tm2,calcium,light,0.9869565217391304,3.125
E,Tm2,calcium,light,0.991304347826087,3.541666666666667
E,Tm2,calcium,light,0.9956521739130435,3.9583333333333335
E,Tm2,calcium,light,1.0,3.9583333333333335
E,Tm2,calcium,light,1.0043478260869565,3.75
E,Tm2,calcium,light,1.008695652173913,3.75
E,Tm2,calcium,light,1.0130434782608695,3.3333333333333335
E,Tm2,calcium,light,1.017391304347826,2.7083333333333335
E,Tm2,calcium,light,1.0217391304347827,2.291666666666667
E,Tm2,calcium,light,1.0260869565217392,2.0833333333333335
E,Tm2,calcium,light,1.0304347826086957,2.0833333333333335
E,Tm2,calcium,light,1.0347826086956522,2.0833333333333335
E,Tm2,calcium,light,1.0391304347826087,2.291666666666667
E,Tm2,calcium,light,1.0434782608695652,2.5
E,Tm2,calcium,light,1.0478260869565217,2.7083333333333335
E,Tm2,calcium,light,1.0521739130434782,2.7083333333333335
E,Tm2,calcium,light,1.0565217391304347,2.5
E,Tm2,calcium,light,1.0608695652173914,2.5
E,Tm2,calcium,light,1.065217391304348,2.291666666666667
E,Tm2,calcium,light,1.0695652173913044,2.291666666666667
E,Tm2,calcium,light,1.0739130434782609,1.875
E,Tm2,calcium,light,1.0782608695652174,1.6666666666666667
E,Tm2,calcium,light,1.0826086956521739,1.4583333333333335
E,Tm2,calcium,light,1.0869565217391304,1.4583333333333335
E,Tm2,calcium,light,1.0913043478260869,1.25
E,Tm2,calcium,light,1.0956521739130434,1.25
E,Tm2,calcium,light,1.1,1.0416666666666667
E,Tm2,calcium,light,1.1043478260869566,1.25
E,Tm2,calcium,light,1.108695652173913,1.4583333333333335
E,Tm2,calcium,light,1.1130434782608696,1.6666666666666667
E,Tm2,calcium,light,1.117391304347826,2.0833333333333335
E,Tm2,calcium,light,1.1217391304347826,2.291666666666667
E,Tm2,calcium,light,1.126086956521739,2.5
E,Tm2,calcium,light,1.1304347826086956,2.5
E,Tm2,calcium,light,1.1347826086956523,2.7083333333333335
E,Tm2,calcium,light,1.1391304347826088,2.5
E,Tm2,calcium,light,1.1434782608695653,2.7083333333333335
E,Tm2,calcium,light,1.1478260869565218,2.7083333333333335
E,Tm2,calcium,light,1.1521739130434783,2.916666666666667
E,Tm2,calcium,light,1.1565217391304348,2.916666666666667
E,Tm2,calcium,light,1.1608695652173913,3.125
E,Tm2,calcium,light,1.1652173913043478,3.125
E,Tm2,calcium,light,1.1695652173913043,3.125
E,Tm2,calcium,light,1.173913043478261,2.916666666666667
E,Tm2,calcium,light,1.1782608695652175,2.7083333333333335
E,Tm2,calcium,light,1.182608695652174,2.5
E,Tm2,calcium,light,1.1869565217391305,2.0833333333333335
E,Tm2,calcium,light,1.191304347826087,1.6666666666666667
E,Tm2,calcium,light,1.1956521739130435,1.6666666666666667
E,Tm2,calcium,light,1.2,1.6666666666666667
E,Tm2,calcium,light,1.2043478260869565,1.6666666666666667
E,Tm2,calcium,light,1.208695652173913,1.6666666666666667
E,Tm2,calcium,light,1.2130434782608697,1.6666666666666667
E,Tm2,calcium,light,1.2173913043478262,1.875
E,Tm2,calcium,light,1.2217391304347827,2.0833333333333335
E,Tm2,calcium,light,1.2260869565217392,1.875
E,Tm2,calcium,light,1.2304347826086957,1.6666666666666667
E,Tm2,calcium,light,1.2347826086956522,1.6666666666666667
E,Tm2,calcium,light,1.2391304347826086,1.4583333333333335
E,Tm2,calcium,light,1.2434782608695651,1.25
E,Tm2,calcium,light,1.2478260869565216,1.25
E,Tm2,calcium,light,1.2521739130434784,1.6666666666666667
E,Tm2,calcium,light,1.2565217391304349,1.6666666666666667
E,Tm2,calcium,light,1.2608695652173914,1.6666666666666667
E,Tm2,calcium,light,1.2652173913043478,1.4583333333333335
E,Tm2,calcium,light,1.2695652173913043,1.4583333333333335
E,Tm2,calcium,light,1.2739130434782608,1.4583333333333335
E,Tm2,calcium,light,1.2782608695652173,1.4583333333333335
E,Tm2,calcium,light,1.2826086956521738,1.4583333333333335
E,Tm2,calcium,light,1.2869565217391303,1.6666666666666667
E,Tm2,calcium,light,1.291304347826087,1.6666666666666667
E,Tm2,calcium,light,1.2956521739130435,1.4583333333333335
E,Tm2,calcium,light,1.3,1.0416666666666667
E,Tm2,calcium,light,1.3043478260869565,0.625
E,Tm2,calcium,light,1.308695652173913,0.4166666666666667
E,Tm2,calcium,light,1.3130434782608695,0.4166666666666667
E,Tm2,calcium,light,1.317391304347826,0.625
E,Tm2,calcium,light,1.3217391304347825,1.0416666666666667
E,Tm2,calcium,light,1.326086956521739,1.25
E,Tm2,calcium,light,1.3304347826086957,1.25
E,Tm2,calcium,light,1.3347826086956522,1.4583333333333335
E,Tm2,calcium,light,1.3391304347826087,1.6666666666666667
E,Tm2,calcium,light,1.3434782608695652,1.6666666666666667
E,Tm2,calcium,light,1.3478260869565217,1.4583333333333335
E,Tm2,calcium,light,1.3521739130434782,1.4583333333333335
E,Tm2,calcium,light,1.3565217391304347,1.25
E,Tm2,calcium,light,1.3608695652173912,1.4583333333333335
E,Tm2,calcium,light,1.3652173913043477,1.4583333333333335
E,Tm2,calcium,light,1.3695652173913044,1.4583333333333335
E,Tm2,calcium,light,1.373913043478261,1.4583333333333335
E,Tm2,calcium,light,1.3782608695652174,1.25
E,Tm2,calcium,light,1.382608695652174,1.25
E,Tm2,calcium,light,1.3869565217391304,1.0416666666666667
E,Tm2,calcium,light,1.391304347826087,0.8333333333333334
E,Tm2,calcium,light,1.3956521739130434,0.8333333333333334
E,Tm2,calcium,light,1.4,1.0416666666666667
E,Tm2,calcium,light,1.4043478260869566,1.4583333333333335
E,Tm2,calcium,light,1.4086956521739131,1.875
E,Tm2,calcium,light,1.4130434782608696,2.291666666666667
E,Tm2,calcium,light,1.4173913043478261,2.5
E,Tm2,calcium,light,1.4217391304347826,2.5
E,Tm2,calcium,light,1.4260869565217391,2.0833333333333335
E,Tm2,calcium,light,1.4304347826086956,1.4583333333333335
E,Tm2,calcium,light,1.434782608695652,1.25
E,Tm2,calcium,light,1.4391304347826086,1.0416666666666667
E,Tm2,calcium,light,1.4434782608695653,-0.20833333333333334
E,Tm2,calcium,light,1.4478260869565218,-0.20833333333333334
E,Tm2,calcium,light,1.4521739130434783,1.0416666666666667
E,Tm2,calcium,light,1.4565217391304348,1.0416666666666667
E,Tm2,calcium,light,1.4608695652173913,1.0416666666666667
E,Tm2,calcium,light,1.4652173913043478,0.8333333333333334
E,Tm2,calcium,light,1.4695652173913043,0.625
E,Tm2,calcium,light,1.4739130434782608,0.625
E,Tm2,calcium,light,1.4782608695652173,0.625
E,Tm2,calcium,light,1.482608695652174,0.625
E,Tm2,calcium,light,1.4869565217391305,0.625
E,Tm2,calcium,light,1.491304347826087,0.8333333333333334
E,Tm2,calcium,light,1.4956521739130435,1.0416666666666667
E,Tm2,calcium,light,1.5,1.0416666666666667
E,Tm2,calcium,light,1.5043478260869565,-0.20833333333333334
E,Tm2,calcium,light,1.508695652173913,-0.20833333333333334
E,Tm2,calcium,light,1.5130434782608695,-0.20833333333333334
E,Tm2,calcium,light,1.517391304347826,-0.20833333333333334
E,Tm2,calcium,light,1.5217391304347827,1.0416666666666667
E,Tm2,calcium,light,1.5260869565217392,1.6666666666666667
E,Tm2,calcium,light,1.5304347826086957,2.0833333333333335
E,Tm2,calcium,light,1.5347826086956522,2.0833333333333335
E,Tm2,calcium,light,1.5391304347826087,1.875
E,Tm2,calcium,light,1.5434782608695652,1.875
E,Tm2,calcium,light,1.5478260869565217,1.4583333333333335
E,Tm2,calcium,light,1.5521739130434782,1.25
E,Tm2,calcium,light,1.5565217391304347,1.0416666666666667
E,Tm2,calcium,light,1.5608695652173914,1.0416666666666667
E,Tm2,calcium,light,1.565217391304348,0.8333333333333334
E,Tm2,calcium,dark,0.0,1.0416666666666667
E,Tm2,calcium,dark,0.004347826086956522,0.8333333333333334
E,Tm2,calcium,dark,0.008695652173913044,0.625
E,Tm2,calcium,dark,0.013043478260869565,-0.20833333333333334
E,Tm2,calcium,dark,0.017391304347826087,-0.20833333333333334
E,Tm2,calcium,dark,0.021739130434782608,-0.20833333333333334
E,Tm2,calcium,dark,0.02608695652173913,-0.20833333333333334
E,Tm2,calcium,dark,0.030434782608695653,-0.20833333333333334
E,Tm2,calcium,dark,0.034782608695652174,-0.20833333333333334
E,Tm2,calcium,dark,0.0391304347826087,2.916666666666667
E,Tm2,calcium,dark,0.043478260869565216,5.0
E,Tm2,calcium,dark,0.04782608695652174,8.541666666666668
E,Tm2,calcium,dark,0.05217391304347826,12.291666666666668
E,Tm2,calcium,dark,0.05652173913043478,15.0
E,Tm2,calcium,dark,0.06086956521739131,17.708333333333336
E,Tm2,calcium,dark,0.06521739130434782,19.375
E,Tm2,calcium,dark,0.06956521739130435,20.833333333333336
E,Tm2,calcium,dark,0.07391304347826087,22.291666666666668
E,Tm2,calcium,dark,0.0782608695652174,23.75
E,Tm2,calcium,dark,0.08260869565217391,24.791666666666668
E,Tm2,calcium,dark,0.08695652173913043,25.416666666666668
E,Tm2,calcium,dark,0.09130434782608696,25.416666666666668
E,Tm2,calcium,dark,0.09565217391304348,25.416666666666668
E,Tm2,calcium,dark,0.1,25.416666666666668
E,Tm2,calcium,dark,0.10434782608695652,25.416666666666668
E,Tm2,calcium,dark,0.10869565217391304,24.583333333333336
E,Tm2,calcium,dark,0.11304347826086956,23.541666666666668
E,Tm2,calcium,dark,0.11739130434782609,22.916666666666668
E,Tm2,calcium,dark,0.12173913043478261,22.291666666666668
E,Tm2,calcium,dark,0.12608695652173912,21.875
E,Tm2,calcium,dark,0.13043478260869565,21.458333333333336
E,Tm2,calcium,dark,0.13478260869565217,21.458333333333336
E,Tm2,calcium,dark,0.1391304347826087,21.041666666666668
E,Tm2,calcium,dark,0.14347826086956522,20.625
E,Tm2,calcium,dark,0.14782608695652175,20.0
E,Tm2,calcium,dark,0.15217391304347827,19.166666666666668
E,Tm2,calcium,dark,0.1565217391304348,18.541666666666668
E,Tm2,calcium,dark,0.1608695652173913,17.916666666666668
E,Tm2,calcium,dark,0.16521739130434782,17.5
E,Tm2,calcium,dark,0.16956521739130434,16.875
E,Tm2,calcium,dark,0.17391304347826086,16.458333333333336
E,Tm2,calcium,dark,0.1782608695652174,16.041666666666668
E,Tm2,calcium,dark,0.1826086956521739,15.625
E,Tm2,calcium,dark,0.18695652173913044,15.208333333333334
E,Tm2,calcium,dark,0.19130434782608696,14.791666666666668
E,Tm2,calcium,dark,0.1956521739130435,14.583333333333334
E,Tm2,calcium,dark,0.2,14.166666666666668
E,Tm2,calcium,dark,0.20434782608695654,13.541666666666668
E,Tm2,calcium,dark,0.20869565217391303,12.916666666666668
E,Tm2,calcium,dark,0.21304347826086956,12.5
E,Tm2,calcium,dark,0.21739130434782608,11.875
E,Tm2,calcium,dark,0.2217391304347826,11.458333333333334
E,Tm2,calcium,dark,0.22608695652173913,11.25
E,Tm2,calcium,dark,0.23043478260869565,11.041666666666668
E,Tm2,calcium,dark,0.23478260869565218,10.416666666666668
E,Tm2,calcium,dark,0.2391304347826087,9.791666666666668
E,Tm2,calcium,dark,0.24347826086956523,9.375
E,Tm2,calcium,dark,0.24782608695652175,8.958333333333334
E,Tm2,calcium,dark,0.25217391304347825,8.541666666666668
E,Tm2,calcium,dark,0.2565217391304348,8.125
E,Tm2,calcium,dark,0.2608695652173913,7.916666666666667
E,Tm2,calcium,dark,0.26521739130434785,7.916666666666667
E,Tm2,calcium,dark,0.26956521739130435,7.916666666666667
E,Tm2,calcium,dark,0.27391304347826084,7.916666666666667
E,Tm2,calcium,dark,0.2782608695652174,7.916666666666667
E,Tm2,calcium,dark,0.2826086956521739,7.916666666666667
E,Tm2,calcium,dark,0.28695652173913044,7.708333333333334
E,Tm2,calcium,dark,0.29130434782608694,7.708333333333334
E,Tm2,calcium,dark,0.2956521739130435,7.5
E,Tm2,calcium,dark,0.3,7.083333333333334
E,Tm2,calcium,dark,0.30434782608695654,6.458333333333334
E,Tm2,calcium,dark,0.30869565217391304,5.833333333333334
E,Tm2,calcium,dark,0.3130434782608696,5.625
E,Tm2,calcium,dark,0.3173913043478261,5.416666666666667
E,Tm2,calcium,dark,0.3217391304347826,5.416666666666667
E,Tm2,calcium,dark,0.32608695652173914,5.416666666666667
E,Tm2,calcium,dark,0.33043478260869563,5.625
E,Tm2,calcium,dark,0.3347826086956522,5.625
E,Tm2,calcium,dark,0.3391304347826087,5.208333333333334
E,Tm2,calcium,dark,0.34347826086956523,4.791666666666667
E,Tm2,calcium,dark,0.34782608695652173,4.791666666666667
E,Tm2,calcium,dark,0.3521739130434783,4.791666666666667
E,Tm2,calcium,dark,0.3565217391304348,4.791666666666667
E,Tm2,calcium,dark,0.36086956521739133,4.791666666666667
E,Tm2,calcium,dark,0.3652173913043478,4.791666666666667
E,Tm2,calcium,dark,0.3695652173913043,4.583333333333334
E,Tm2,calcium,dark,0.3739130434782609,3.75
E,Tm2,calcium,dark,0.3782608695652174,2.916666666666667
E,Tm2,calcium,dark,0.3826086956521739,2.5
E,Tm2,calcium,dark,0.3869565217391304,2.5
E,Tm2,calcium,dark,0.391304347826087,2.5
E,Tm2,calcium,dark,0.39565217391304347,2.916666666666667
E,Tm2,calcium,dark,0.4,3.125
E,Tm2,calcium,dark,0.4043478260869565,3.125
E,Tm2,calcium,dark,0.40869565217391307,3.125
E,Tm2,calcium,dark,0.41304347826086957,3.125
E,Tm2,calcium,dark,0.41739130434782606,2.916666666666667
E,Tm2,calcium,dark,0.4217391304347826,2.5
E,Tm2,calcium,dark,0.4260869565217391,2.291666666666667
E,Tm2,calcium,dark,0.43043478260869567,2.0833333333333335
E,Tm2,calcium,dark,0.43478260869565216,2.0833333333333335
E,Tm2,calcium,dark,0.4391304347826087,1.875
E,Tm2,calcium,dark,0.4434782608695652,1.6666666666666667
E,Tm2,calcium,dark,0.44782608695652176,1.4583333333333335
E,Tm2,calcium,dark,0.45217391304347826,1.25
E,Tm2,calcium,dark,0.45652173913043476,1.0416666666666667
E,Tm2,calcium,dark,0.4608695652173913,0.625
E,Tm2,calcium,dark,0.4652173913043478,0.4166666666666667
E,Tm2,calcium,dark,0.46956521739130436,0.4166666666666667
E,Tm2,calcium,dark,0.47391304347826085,0.4166666666666667
E,Tm2,calcium,dark,0.4782608695652174,0.4166666666666667
E,Tm2,calcium,dark,0.4826086956521739,0.625
E,Tm2,calcium,dark,0.48695652173913045,1.0416666666666667
E,Tm2,calcium,dark,0.49130434782608695,1.4583333333333335
E,Tm2,calcium,dark,0.4956521739130435,1.6666666666666667
E,Tm2,calcium,dark,0.5,1.6666666666666667
E,Tm2,calcium,dark,0.5043478260869565,1.4583333333333335
E,Tm2,calcium,dark,0.508695652173913,1.4583333333333335
E,Tm2,calcium,dark,0.5130434782608696,1.4583333333333335
E,Tm2,calcium,dark,0.5173913043478261,1.0416666666666667
E,Tm2,calcium,dark,0.5217391304347826,-0.20833333333333334
E,Tm2,calcium,dark,0.5260869565217391,-0.20833333333333334
E,Tm2,calcium,dark,0.5304347826086957,-0.20833333333333334
E,Tm2,calcium,dark,0.5347826086956522,-0.625
E,Tm2,calcium,dark,0.5391304347826087,-0.8333333333333334
E,Tm2,calcium,dark,0.5434782608695652,-0.8333333333333334
E,Tm2,calcium,dark,0.5478260869565217,-1.0416666666666667
E,Tm2,calcium,dark,0.5521739130434783,-1.0416666666666667
E,Tm2,calcium,dark,0.5565217391304348,-1.0416666666666667
E,Tm2,calcium,dark,0.5608695652173913,-1.0416666666666667
E,Tm2,calcium,dark,0.5652173913043478,-0.8333333333333334
E,Tm2,calcium,dark,0.5695652173913044,-0.20833333333333334
E,Tm2,calcium,dark,0.5739130434782609,-0.20833333333333334
E,Tm2,calcium,dark,0.5782608695652174,-0.20833333333333334
E,Tm2,calcium,dark,0.5826086956521739,-0.20833333333333334
E,Tm2,calcium,dark,0.5869565217391305,-0.20833333333333334
E,Tm2,calcium,dark,0.591304347826087,-0.20833333333333334
E,Tm2,calcium,dark,0.5956521739130435,-0.20833333333333334
E,Tm2,calcium,dark,0.6,-0.4166666666666667
E,Tm2,calcium,dark,0.6043478260869565,-0.4166666666666667
E,Tm2,calcium,dark,0.6086956521739131,-0.4166666666666667
E,Tm2,calcium,dark,0.6130434782608696,-0.20833333333333334
E,Tm2,calcium,dark,0.6173913043478261,-0.20833333333333334
E,Tm2,calcium,dark,0.6217391304347826,-0.20833333333333334
E,Tm2,calcium,dark,0.6260869565217392,-0.20833333333333334
E,Tm2,calcium,dark,0.6304347826086957,-0.20833333333333334
E,Tm2,calcium,dark,0.6347826086956522,-0.8333333333333334
E,Tm2,calcium,dark,0.6391304347826087,-1.0416666666666667
E,Tm2,calcium,dark,0.6434782608695652,-1.25
E,Tm2,calcium,dark,0.6478260869565218,-1.25
E,Tm2,calcium,dark,0.6521739130434783,-1.25
E,Tm2,calcium,dark,0.6565217391304348,-0.8333333333333334
E,Tm2,calcium,dark,0.6608695652173913,-0.8333333333333334
E,Tm2,calcium,dark,0.6652173913043479,-0.625
E,Tm2,calcium,dark,0.6695652173913044,-0.625
E,Tm2,calcium,dark,0.6739130434782609,-1.0416666666666667
E,Tm2,calcium,dark,0.6782608695652174,-1.6666666666666667
E,Tm2,calcium,dark,0.6826086956521739,-2.0833333333333335
E,Tm2,calcium,dark,0.6869565217391305,-2.0833333333333335
E,Tm2,calcium,dark,0.691304347826087,-2.0833333333333335
E,Tm2,calcium,dark,0.6956521739130435,-1.875
E,Tm2,calcium,dark,0.7,-1.875
E,Tm2,calcium,dark,0.7043478260869566,-1.6666666666666667
E,Tm2,calcium,dark,0.7086956521739131,-1.6666666666666667
E,Tm2,calcium,dark,0.7130434782608696,-1.875
E,Tm2,calcium,dark,0.717391304347826,-2.291666666666667
E,Tm2,calcium,dark,0.7217391304347827,-2.291666666666667
E,Tm2,calcium,dark,0.7260869565217392,-2.291666666666667
E,Tm2,calcium,dark,0.7304347826086957,-2.0833333333333335
E,Tm2,calcium,dark,0.7347826086956522,-1.875
E,Tm2,calcium,dark,0.7391304347826086,-1.6666666666666667
E,Tm2,calcium,dark,0.7434782608695653,-1.6666666666666667
E,Tm2,calcium,dark,0.7478260869565218,-1.6666666666666667
E,Tm2,calcium,dark,0.7521739130434782,-1.875
E,Tm2,calcium,dark,0.7565217391304347,-1.875
E,Tm2,calcium,dark,0.7608695652173914,-1.6666666666666667
E,Tm2,calcium,dark,0.7652173913043478,-1.25
E,Tm2,calcium,dark,0.7695652173913043,-0.8333333333333334
E,Tm2,calcium,dark,0.7739130434782608,-0.625
E,Tm2,calcium,dark,0.7782608695652173,-0.625
E,Tm2,calcium,dark,0.782608695652174,-0.625
E,Tm2,calcium,dark,0.7869565217391304,-0.8333333333333334
E,Tm2,calcium,dark,0.7913043478260869,-0.8333333333333334
E,Tm2,calcium,dark,0.7956521739130434,-0.8333333333333334
E,Tm2,calcium,dark,0.8,-0.8333333333333334
E,Tm2,calcium,dark,0.8043478260869565,-0.8333333333333334
E,Tm2,calcium,dark,0.808695652173913,-1.0416666666666667
E,Tm2,calcium,dark,0.8130434782608695,-1.25
E,Tm2,calcium,dark,0.8173913043478261,-1.6666666666666667
E,Tm2,calcium,dark,0.8217391304347826,-1.875
E,Tm2,calcium,dark,0.8260869565217391,-2.291666666666667
E,Tm2,calcium,dark,0.8304347826086956,-2.291666666666667
E,Tm2,calcium,dark,0.8347826086956521,-2.291666666666667
E,Tm2,calcium,dark,0.8391304347826087,-1.875
E,Tm2,calcium,dark,0.8434782608695652,-1.875
E,Tm2,calcium,dark,0.8478260869565217,-1.6666666666666667
E,Tm2,calcium,dark,0.8521739130434782,-1.4583333333333335
E,Tm2,calcium,dark,0.8565217391304348,-1.4583333333333335
E,Tm2,calcium,dark,0.8608695652173913,-1.6666666666666667
E,Tm2,calcium,dark,0.8652173913043478,-2.0833333333333335
E,Tm2,calcium,dark,0.8695652173913043,-2.0833333333333335
E,Tm2,calcium,dark,0.8739130434782608,-2.0833333333333335
E,Tm2,calcium,dark,0.8782608695652174,-1.875
E,Tm2,calcium,dark,0.8826086956521739,-1.6666666666666667
E,Tm2,calcium,dark,0.8869565217391304,-1.6666666666666667
E,Tm2,calcium,dark,0.8913043478260869,-1.4583333333333335
E,Tm2,calcium,dark,0.8956521739130435,-1.6666666666666667
E,Tm2,calcium,dark,0.9,-2.291666666666667
E,Tm2,calcium,dark,0.9043478260869565,-2.916666666666667
E,Tm2,calcium,dark,0.908695652173913,-3.3333333333333335
E,Tm2,calcium,dark,0.9130434782608695,-3.3333333333333335
E,Tm2,calcium,dark,0.9173913043478261,-2.7083333333333335
E,Tm2,calcium,dark,0.9217391304347826,-1.6666666666666667
E,Tm2,calcium,dark,0.9260869565217391,-1.0416666666666667
E,Tm2,calcium,dark,0.9304347826086956,-0.4166666666666667
E,Tm2,calcium,dark,0.9347826086956522,-0.20833333333333334
E,Tm2,calcium,dark,0.9391304347826087,-0.20833333333333334
E,Tm2,calcium,dark,0.9434782608695652,-0.20833333333333334
E,Tm2,calcium,dark,0.9478260869565217,-0.625
E,Tm2,calcium,dark,0.9521739130434783,-1.25
E,Tm2,calcium,dark,0.9565217391304348,-1.875
E,Tm2,calcium,dark,0.9608695652173913,-2.0833333333333335
E,Tm2,calcium,dark,0.9652173913043478,-2.291666666666667
E,Tm2,calcium,dark,0.9695652173913043,-2.0833333333333335
E,Tm2,calcium,dark,0.9739130434782609,-2.0833333333333335
E,Tm2,calcium,dark,0.9782608695652174,-1.6666666666666667
E,Tm2,calcium,dark,0.9826086956521739,-1.0416666666666667
E,Tm2,calcium,dark,0.9869565217391304,-0.8333333333333334
E,Tm2,calcium,dark,0.991304347826087,-0.4166666666666667
E,Tm2,calcium,dark,0.9956521739130435,-0.20833333333333334
E,Tm2,calcium,dark,1.0,-0.20833333333333334
E,Tm2,calcium,dark,1.0043478260869565,-0.20833333333333334
E,Tm2,calcium,dark,1.008695652173913,-0.20833333333333334
E,Tm2,calcium,dark,1.0130434782608695,-0.4166666666666667
E,Tm2,calcium,dark,1.017391304347826,-0.4166666666666667
E,Tm2,calcium,dark,1.0217391304347827,-0.4166666666666667
E,Tm2,calcium,dark,1.0260869565217392,-0.625
E,Tm2,calcium,dark,1.0304347826086957,-0.625
E,Tm2,calcium,dark,1.0347826086956522,-1.0416666666666667
E,Tm2,calcium,dark,1.0391304347826087,-1.4583333333333335
E,Tm2,calcium,dark,1.0434782608695652,-2.0833333333333335
E,Tm2,calcium,dark,1.0478260869565217,-2.0833333333333335
E,Tm2,calcium,dark,1.0521739130434782,-2.0833333333333335
E,Tm2,calcium,dark,1.0565217391304347,-1.6666666666666667
E,Tm2,calcium,dark,1.0608695652173914,-1.25
E,Tm2,calcium,dark,1.065217391304348,-0.8333333333333334
E,Tm2,calcium,dark,1.0695652173913044,-0.625
E,Tm2,calcium,dark,1.0739130434782609,-0.625
E,Tm2,calcium,dark,1.0782608695652174,-0.8333333333333334
E,Tm2,calcium,dark,1.0826086956521739,-1.0416666666666667
E,Tm2,calcium,dark,1.0869565217391304,-1.25
E,Tm2,calcium,dark,1.0913043478260869,-1.25
E,Tm2,calcium,dark,1.0956521739130434,-1.4583333333333335
E,Tm2,calcium,dark,1.1,-1.25
E,Tm2,calcium,dark,1.1043478260869566,-1.0416666666666667
E,Tm2,calcium,dark,1.108695652173913,-0.8333333333333334
E,Tm2,calcium,dark,1.1130434782608696,-0.625
E,Tm2,calcium,dark,1.117391304347826,-0.4166666666666667
E,Tm2,calcium,dark,1.1217391304347826,-0.20833333333333334
E,Tm2,calcium,dark,1.126086956521739,-0.4166666666666667
E,Tm2,calcium,dark,1.1304347826086956,-0.8333333333333334
E,Tm2,calcium,dark,1.1347826086956523,-1.25
E,Tm2,calcium,dark,1.1391304347826088,-1.6666666666666667
E,Tm2,calcium,dark,1.1434782608695653,-2.0833333333333335
E,Tm2,calcium,dark,1.1478260869565218,-2.0833333333333335
E,Tm2,calcium,dark,1.1521739130434783,-2.0833333333333335
E,Tm2,calcium,dark,1.1565217391304348,-1.875
E,Tm2,calcium,dark,1.1608695652173913,-1.875
E,Tm2,calcium,dark,1.1652173913043478,-1.875
E,Tm2,calcium,dark,1.1695652173913043,-1.875
E,Tm2,calcium,dark,1.173913043478261,-2.0833333333333335
E,Tm2,calcium,dark,1.1782608695652175,-2.291666666666667
E,Tm2,calcium,dark,1.182608695652174,-2.291666666666667
E,Tm2,calcium,dark,1.1869565217391305,-2.0833333333333335
E,Tm2,calcium,dark,1.191304347826087,-1.875
E,Tm2,calcium,dark,1.1956521739130435,-1.6666666666666667
E,Tm2,calcium,dark,1.2,-1.4583333333333335
E,Tm2,calcium,dark,1.2043478260869565,-1.4583333333333335
E,Tm2,calcium,dark,1.208695652173913,-1.25
E,Tm2,calcium,dark,1.2130434782608697,-1.4583333333333335
E,Tm2,calcium,dark,1.2173913043478262,-1.4583333333333335
E,Tm2,calcium,dark,1.2217391304347827,-1.4583333333333335
E,Tm2,calcium,dark,1.2260869565217392,-1.4583333333333335
E,Tm2,calcium,dark,1.2304347826086957,-1.25
E,Tm2,calcium,dark,1.2347826086956522,-1.25
E,Tm2,calcium,dark,1.2391304347826086,-1.25
E,Tm2,calcium,dark,1.2434782608695651,-1.4583333333333335
E,Tm2,calcium,dark,1.2478260869565216,-1.6666666666666667
E,Tm2,calcium,dark,1.2521739130434784,-1.6666666666666667
E,Tm2,calcium,dark,1.2565217391304349,-1.875
E,Tm2,calcium,dark,1.2608695652173914,-1.875
E,Tm2,calcium,dark,1.2652173913043478,-1.875
E,Tm2,calcium,dark,1.2695652173913043,-1.875
E,Tm2,calcium,dark,1.2739130434782608,-1.875
E,Tm2,calcium,dark,1.2782608695652173,-1.875
E,Tm2,calcium,dark,1.2826086956521738,-2.0833333333333335
E,Tm2,calcium,dark,1.2869565217391303,-1.875
E,Tm2,calcium,dark,1.291304347826087,-1.875
E,Tm2,calcium,dark,1.2956521739130435,-1.6666666666666667
E,Tm2,calcium,dark,1.3,-1.4583333333333335
E,Tm2,calcium,dark,1.3043478260869565,-1.0416666666666667
E,Tm2,calcium,dark,1.308695652173913,-0.8333333333333334
E,Tm2,calcium,dark,1.3130434782608695,-0.625
E,Tm2,calcium,dark,1.317391304347826,-0.8333333333333334
E,Tm2,calcium,dark,1.3217391304347825,-1.0416666666666667
E,Tm2,calcium,dark,1.326086956521739,-1.4583333333333335
E,Tm2,calcium,dark,1.3304347826086957,-1.6666666666666667
E,Tm2,calcium,dark,1.3347826086956522,-1.6666666666666667
E,Tm2,calcium,dark,1.3391304347826087,-1.6666666666666667
E,Tm2,calcium,dark,1.3434782608695652,-1.4583333333333335
E,Tm2,calcium,dark,1.3478260869565217,-1.25
E,Tm2,calcium,dark,1.3521739130434782,-1.25
E,Tm2,calcium,dark,1.3565217391304347,-1.4583333333333335
E,Tm2,calcium,dark,1.3608695652173912,-1.6666666666666667
E,Tm2,calcium,dark,1.3652173913043477,-1.875
E,Tm2,calcium,dark,1.3695652173913044,-2.0833333333333335
E,Tm2,calcium,dark,1.373913043478261,-2.0833333333333335
E,Tm2,calcium,dark,1.3782608695652174,-1.875
E,Tm2,calcium,dark,1.382608695652174,-1.6666666666666667
E,Tm2,calcium,dark,1.3869565217391304,-1.25
E,Tm2,calcium,dark,1.391304347826087,-1.25
E,Tm2,calcium,dark,1.3956521739130434,-1.0416666666666667
E,Tm2,calcium,dark,1.4,-0.8333333333333334
E,Tm2,calcium,dark,1.4043478260869566,-0.8333333333333334
E,Tm2,calcium,dark,1.4086956521739131,-0.8333333333333334
E,Tm2,calcium,dark,1.4130434782608696,-0.8333333333333334
E,Tm2,calcium,dark,1.4173913043478261,-0.8333333333333334
E,Tm2,calcium,dark,1.4217391304347826,-0.8333333333333334
E,Tm2,calcium,dark,1.4260869565217391,-0.625
E,Tm2,calcium,dark,1.4304347826086956,-0.20833333333333334
E,Tm2,calcium,dark,1.434782608695652,-0.20833333333333334
E,Tm2,calcium,dark,1.4391304347826086,0.4166666666666667
E,Tm2,calcium,dark,1.4434782608695653,0.625
E,Tm2,calcium,dark,1.4478260869565218,0.625
E,Tm2,calcium,dark,1.4521739130434783,-0.20833333333333334
E,Tm2,calcium,dark,1.4565217391304348,-0.20833333333333334
E,Tm2,calcium,dark,1.4608695652173913,-0.20833333333333334
E,Tm2,calcium,dark,1.4652173913043478,-0.625
E,Tm2,calcium,dark,1.4695652173913043,-0.8333333333333334
E,Tm2,calcium,dark,1.4739130434782608,-1.0416666666666667
E,Tm2,calcium,dark,1.4782608695652173,-1.0416666666666667
E,Tm2,calcium,dark,1.482608695652174,-0.8333333333333334
E,Tm2,calcium,dark,1.4869565217391305,-0.20833333333333334
E,Tm2,calcium,dark,1.491304347826087,-0.20833333333333334
E,Tm2,calcium,dark,1.4956521739130435,0.625
E,Tm2,calcium,dark,1.5,1.0416666666666667
E,Tm2,calcium,dark,1.5043478260869565,1.0416666666666667
E,Tm2,calcium,dark,1.508695652173913,1.0416666666666667
E,Tm2,calcium,dark,1.5130434782608695,1.0416666666666667
E,Tm2,calcium,dark,1.517391304347826,0.8333333333333334
E,Tm2,calcium,dark,1.5217391304347827,0.625
E,Tm2,calcium,dark,1.5260869565217392,0.625
E,Tm2,calcium,dark,1.5304347826086957,0.4166666666666667
E,Tm2,calcium,dark,1.5347826086956522,0.4166666666666667
E,Tm2,calcium,dark,1.5391304347826087,-0.20833333333333334
E,Tm2,calcium,dark,1.5434782608695652,-0.20833333333333334
E,Tm2,calcium,dark,1.5478260869565217,-0.625
E,Tm2,calcium,dark,1.5521739130434782,-0.8333333333333334
E,Tm2,calcium,dark,1.5565217391304347,-1.25
E,Tm2,calcium,dark,1.5608695652173914,-1.25
E,Tm2,calcium,dark,1.565217391304348,-0.625
E,Tm2,calcium,dark,1.5695652173913044,-0.625
E,Tm2,calcium,dark,1.5739130434782609,-0.625
