trace_id,cell_type,panel,contrast,width_led,direction,color,time_ms,vm_mv
T4_PC_w1_PD,T4,Ci,PC,1,PD,red,0.0,0.0
T4_PC_w1_PD,T4,Ci,PC,1,PD,red,1.9108280254777128,0.0
T4_PC_w1_PD,T4,Ci,PC,1,PD,red,3.821656050955454,0.0
T4_PC_w1_PD,T4,Ci,PC,1,PD,red,5.732484076433138,0.0
T4_PC_w1_PD,T4,Ci,PC,1,PD,red,7.643312101910794,0.0
T4_PC_w1_PD,T4,Ci,PC,1,PD,red,9.55414012738862,0.0
T4_PC_w1_PD,T4,Ci,PC,1,PD,red,11.46496815286622,0.0
T4_PC_w1_PD,T4,Ci,PC,1,PD,red,13.375796178343933,0.0
T4_PC_w1_PD,T4,Ci,PC,1,PD,red,15.286624203821589,0.1
T4_PC_w1_PD,T4,Ci,PC,1,PD,red,17.19745222929936,0.1
T4_PC_w1_PD,T4,Ci,PC,1,PD,red,19.108280254777128,0.2
T4_PC_w1_PD,T4,Ci,PC,1,PD,red,21.019108280254784,0.3
T4_PC_w1_PD,T4,Ci,PC,1,PD,red,22.929936305732497,0.45
T4_PC_w1_PD,T4,Ci,PC,1,PD,red,24.840764331210195,0.5
T4_PC_w1_PD,T4,Ci,PC,1,PD,red,26.751592356687922,0.5
T4_PC_w1_PD,T4,Ci,PC,1,PD,red,28.66242038216558,0.5
T4_PC_w1_PD,T4,Ci,PC,1,PD,red,30.573248407643277,0.5
T4_PC_w1_PD,T4,Ci,PC,1,PD,red,32.484076433121004,0.5
T4_PC_w1_PD,T4,Ci,PC,1,PD,red,34.39490445859872,0.45
T4_PC_w1_PD,T4,Ci,PC,1,PD,red,36.30573248407636,0.45
T4_PC_w1_PD,T4,Ci,PC,1,PD,red,38.21656050955414,0.45
T4_PC_w1_PD,T4,Ci,PC,1,PD,red,40.127388535031855,0.4
T4_PC_w1_PD,T4,Ci,PC,1,PD,red,42.038216560509625,0.3
T4_PC_w1_PD,T4,Ci,PC,1,PD,red,43.94904458598728,0.3
T4_PC_w1_PD,T4,Ci,PC,1,PD,red,47.770700636942635,0.2
T4_PC_w1_PD,T4,Ci,PC,1,PD,red,49.681528662420305,0.2
T4_PC_w1_PD,T4,Ci,PC,1,PD,red,51.592356687898075,0.2
T4_PC_w1_PD,T4,Ci,PC,1,PD,red,53.5031847133758,0.2
T4_PC_w1_PD,T4,Ci,PC,1,PD,red,55.4140127388535,0.2
T4_PC_w1_PD,T4,Ci,PC,1,PD,red,57.3248407643312,0.2
T4_PC_w1_PD,T4,Ci,PC,1,PD,red,61.14649681528664,0.5
T4_PC_w1_PD,T4,Ci,PC,1,PD,red,63.057324840764295,0.5
T4_PC_w1_PD,T4,Ci,PC,1,PD,red,64.96815286624201,0.5
T4_PC_w1_PD,T4,Ci,PC,1,PD,red,66.87898089171972,0.5
T4_PC_w1_PD,T4,Ci,PC,1,PD,red,68.78980891719743,0.5
T4_PC_w1_PD,T4,Ci,PC,1,PD,red,70.70063694267515,0.5
T4_PC_w1_PD,T4,Ci,PC,1,PD,red,72.6114649681528,0.5
T4_PC_w1_PD,T4,Ci,PC,1,PD,red,74.52229299363057,0.5
T4_PC_w1_PD,T4,Ci,PC,1,PD,red,76.43312101910828,0.5
T4_PC_w1_PD,T4,Ci,PC,1,PD,red,78.343949044586,0.5
T4_PC_w1_PD,T4,Ci,PC,1,PD,red,80.25477707006371,0.55
T4_PC_w1_PD,T4,Ci,PC,1,PD,red,82.16560509554142,0.6
T4_PC_w1_PD,T4,Ci,PC,1,PD,red,84.07643312101914,0.6
T4_PC_w1_PD,T4,Ci,PC,1,PD,red,85.98726114649679,0.6
T4_PC_w1_PD,T4,Ci,PC,1,PD,red,87.8980891719745,0.6
T4_PC_w1_PD,T4,Ci,PC,1,PD,red,89.80891719745222,0.65
T4_PC_w1_PD,T4,Ci,PC,1,PD,red,91.71974522292993,0.7
T4_PC_w1_PD,T4,Ci,PC,1,PD,red,93.6305732484076,0.7
T4_PC_w1_PD,T4,Ci,PC,1,PD,red,95.54140127388536,0.7
T4_PC_w1_PD,T4,Ci,PC,1,PD,red,97.452229299363,0.7
T4_PC_w1_PD,T4,Ci,PC,1,PD,red,99.36305732484072,0.7
T4_PC_w1_PD,T4,Ci,PC,1,PD,red,101.2738853503185,0.7
T4_PC_w1_PD,T4,Ci,PC,1,PD,red,103.18471337579615,0.75
T4_PC_w1_PD,T4,Ci,PC,1,PD,red,105.09554140127386,0.75
T4_PC_w1_PD,T4,Ci,PC,1,PD,red,107.00636942675158,0.75
T4_PC_w1_PD,T4,Ci,PC,1,PD,red,108.91719745222927,0.75
T4_PC_w1_PD,T4,Ci,PC,1,PD,red,110.828025477707,0.8
T4_PC_w1_PD,T4,Ci,PC,1,PD,red,112.73885350318471,0.8
T4_PC_w1_PD,T4,Ci,PC,1,PD,red,114.64968152866244,0.9
T4_PC_w1_PD,T4,Ci,PC,1,PD,red,116.56050955414014,0.9
T4_PC_w1_PD,T4,Ci,PC,1,PD,red,118.47133757961784,0.95
T4_PC_w1_PD,T4,Ci,PC,1,PD,red,120.38216560509557,0.95
T4_PC_w1_PD,T4,Ci,PC,1,PD,red,122.29299363057322,0.95
T4_PC_w1_PD,T4,Ci,PC,1,PD,red,124.203821656051,0.95
T4_PC_w1_PD,T4,Ci,PC,1,PD,red,126.1146496815287,0.95
T4_PC_w1_PD,T4,Ci,PC,1,PD,red,128.02547770700642,0.95
T4_PC_w1_PD,T4,Ci,PC,1,PD,red,129.93630573248407,1.0
T4_PC_w1_PD,T4,Ci,PC,1,PD,red,131.84713375796184,1.0
T4_PC_w1_PD,T4,Ci,PC,1,PD,red,133.7579617834395,1.0
T4_PC_w1_PD,T4,Ci,PC,1,PD,red,135.6687898089172,1.0
T4_PC_w1_PD,T4,Ci,PC,1,PD,red,137.57961783439487,1.0
T4_PC_w1_PD,T4,Ci,PC,1,PD,red,139.49044585987258,1.0
T4_PC_w1_PD,T4,Ci,PC,1,PD,red,141.4012738853503,1.0
T4_PC_w1_PD,T4,Ci,PC,1,PD,red,143.312101910828,1.0
T4_PC_w1_PD,T4,Ci,PC,1,PD,red,145.22292993630572,0.9
T4_PC_w1_PD,T4,Ci,PC,1,PD,red,147.13375796178343,0.9
T4_PC_w1_PD,T4,Ci,PC,1,PD,red,149.04458598726114,0.3
T4_PC_w1_PD,T4,Ci,PC,1,PD,red,150.95541401273886,0.3
T4_PC_w1_PD,T4,Ci,PC,1,PD,red,152.86624203821657,0.3
T4_PC_w1_PD,T4,Ci,PC,1,PD,red,154.77707006369428,0.3
T4_PC_w1_PD,T4,Ci,PC,1,PD,red,156.687898089172,0.3
T4_PC_w1_PD,T4,Ci,PC,1,PD,red,160.50955414012742,0.4
T4_PC_w1_PD,T4,Ci,PC,1,PD,red,162.42038216560513,0.4
T4_PC_w1_PD,T4,Ci,PC,1,PD,red,164.33121019108285,0.4
T4_PC_w1_PD,T4,Ci,PC,1,PD,red,166.2420382165605,0.5
T4_PC_w1_PD,T4,Ci,PC,1,PD,red,173.88535031847135,0.8
T4_PC_w1_PD,T4,Ci,PC,1,PD,red,175.796178343949,0.9
T4_PC_w1_PD,T4,Ci,PC,1,PD,red,181.52866242038212,1.1
T4_PC_w1_PD,T4,Ci,PC,1,PD,red,183.43949044585983,1.15
T4_PC_w1_PD,T4,Ci,PC,1,PD,red,185.3503184713376,1.15
T4_PC_w1_PD,T4,Ci,PC,1,PD,red,187.2611464968153,1.15
T4_PC_w1_PD,T4,Ci,PC,1,PD,red,189.171974522293,1.2
T4_PC_w1_PD,T4,Ci,PC,1,PD,red,191.0828025477707,1.2
T4_PC_w1_PD,T4,Ci,PC,1,PD,red,192.9936305732484,1.25
T4_PC_w1_PD,T4,Ci,PC,1,PD,red,194.9044585987261,1.35
T4_PC_w1_PD,T4,Ci,PC,1,PD,red,196.81528662420388,1.4
T4_PC_w1_PD,T4,Ci,PC,1,PD,red,198.7261146496816,1.45
T4_PC_w1_PD,T4,Ci,PC,1,PD,red,200.63694267515925,1.6
T4_PC_w1_PD,T4,Ci,PC,1,PD,red,202.54777070063696,1.6
T4_PC_w1_PD,T4,Ci,PC,1,PD,red,204.45859872611467,1.75
T4_PC_w1_PD,T4,Ci,PC,1,PD,red,206.3694267515924,1.85
T4_PC_w1_PD,T4,Ci,PC,1,PD,red,208.28025477707004,1.95
T4_PC_w1_PD,T4,Ci,PC,1,PD,red,210.19108280254773,2.0
T4_PC_w1_PD,T4,Ci,PC,1,PD,red,217.8343949044586,2.65
T4_PC_w1_PD,T4,Ci,PC,1,PD,red,219.74522292993632,2.65
T4_PC_w1_PD,T4,Ci,PC,1,PD,red,221.656050955414,2.7
T4_PC_w1_PD,T4,Ci,PC,1,PD,red,223.5668789808917,2.7
T4_PC_w1_PD,T4,Ci,PC,1,PD,red,225.47770700636943,2.7
T4_PC_w1_PD,T4,Ci,PC,1,PD,red,227.3885350318472,2.7
T4_PC_w1_PD,T4,Ci,PC,1,PD,red,229.29936305732485,2.85
T4_PC_w1_PD,T4,Ci,PC,1,PD,red,231.21019108280257,3.0
T4_PC_w1_PD,T4,Ci,PC,1,PD,red,233.1210191082803,3.1
T4_PC_w1_PD,T4,Ci,PC,1,PD,red,235.031847133758,3.25
T4_PC_w1_PD,T4,Ci,PC,1,PD,red,236.94267515923568,3.3
T4_PC_w1_PD,T4,Ci,PC,1,PD,red,238.8535031847134,3.45
T4_PC_w1_PD,T4,Ci,PC,1,PD,red,240.7643312101911,3.6
T4_PC_w1_PD,T4,Ci,PC,1,PD,red,242.6751592356688,3.7
T4_PC_w1_PD,T4,Ci,PC,1,PD,red,244.5859872611465,3.85
T4_PC_w1_PD,T4,Ci,PC,1,PD,red,246.4968152866242,3.95
T4_PC_w1_PD,T4,Ci,PC,1,PD,red,248.40764331210192,4.1
T4_PC_w1_PD,T4,Ci,PC,1,PD,red,250.31847133757958,4.15
T4_PC_w1_PD,T4,Ci,PC,1,PD,red,252.2292993630573,4.25
T4_PC_w1_PD,T4,Ci,PC,1,PD,red,254.14012738853503,4.3
T4_PC_w1_PD,T4,Ci,PC,1,PD,red,256.0509554140127,4.35
T4_PC_w1_PD,T4,Ci,PC,1,PD,red,257.96178343949043,4.45
T4_PC_w1_PD,T4,Ci,PC,1,PD,red,259.87261146496814,4.45
T4_PC_w1_PD,T4,Ci,PC,1,PD,red,261.78343949044586,4.55
T4_PC_w1_PD,T4,Ci,PC,1,PD,red,263.6942675159236,4.65
T4_PC_w1_PD,T4,Ci,PC,1,PD,red,265.6050955414013,4.75
T4_PC_w1_PD,T4,Ci,PC,1,PD,red,267.515923566879,4.9
T4_PC_w1_PD,T4,Ci,PC,1,PD,red,269.4267515923567,5.05
T4_PC_w1_PD,T4,Ci,PC,1,PD,red,271.3375796178344,5.2
T4_PC_w1_PD,T4,Ci,PC,1,PD,red,273.2484076433121,5.5
T4_PC_w1_PD,T4,Ci,PC,1,PD,red,275.1592356687898,5.7
T4_PC_w1_PD,T4,Ci,PC,1,PD,red,277.0700636942675,5.9
T4_PC_w1_PD,T4,Ci,PC,1,PD,red,278.9808917197452,6.1
T4_PC_w1_PD,T4,Ci,PC,1,PD,red,280.89171974522293,6.35
T4_PC_w1_PD,T4,Ci,PC,1,PD,red,282.8025477707006,6.5
T4_PC_w1_PD,T4,Ci,PC,1,PD,red,284.7133757961783,6.75
T4_PC_w1_PD,T4,Ci,PC,1,PD,red,286.624203821656,6.9
T4_PC_w1_PD,T4,Ci,PC,1,PD,red,288.5350318471337,7.0
T4_PC_w1_PD,T4,Ci,PC,1,PD,red,290.44585987261144,7.05
T4_PC_w1_PD,T4,Ci,PC,1,PD,red,292.35668789808915,7.2
T4_PC_w1_PD,T4,Ci,PC,1,PD,red,294.26751592356686,7.35
T4_PC_w1_PD,T4,Ci,PC,1,PD,red,296.1783439490446,7.4
T4_PC_w1_PD,T4,Ci,PC,1,PD,red,298.0891719745223,7.5
T4_PC_w1_PD,T4,Ci,PC,1,PD,red,299.99999999999994,7.65
T4_PC_w1_PD,T4,Ci,PC,1,PD,red,301.91082802547766,7.95
T4_PC_w1_PD,T4,Ci,PC,1,PD,red,303.82165605095537,8.15
T4_PC_w1_PD,T4,Ci,PC,1,PD,red,305.7324840764331,8.45
T4_PC_w1_PD,T4,Ci,PC,1,PD,red,307.6433121019108,8.7
T4_PC_w1_PD,T4,Ci,PC,1,PD,red,309.5541401273885,9.05
T4_PC_w1_PD,T4,Ci,PC,1,PD,red,311.4649681528662,9.45
T4_PC_w1_PD,T4,Ci,PC,1,PD,red,313.37579617834393,9.85
T4_PC_w1_PD,T4,Ci,PC,1,PD,red,315.28662420382165,10.15
T4_PC_w1_PD,T4,Ci,PC,1,PD,red,317.1974522292993,10.45
T4_PC_w1_PD,T4,Ci,PC,1,PD,red,319.108280254777,10.65
T4_PC_w1_PD,T4,Ci,PC,1,PD,red,321.0191082802547,10.95
T4_PC_w1_PD,T4,Ci,PC,1,PD,red,322.92993630573244,11.15
T4_PC_w1_PD,T4,Ci,PC,1,PD,red,324.8407643312101,11.45
T4_PC_w1_PD,T4,Ci,PC,1,PD,red,326.75159235668787,11.7
T4_PC_w1_PD,T4,Ci,PC,1,PD,red,328.6624203821656,11.85
T4_PC_w1_PD,T4,Ci,PC,1,PD,red,330.5732484076433,12.05
T4_PC_w1_PD,T4,Ci,PC,1,PD,red,332.484076433121,12.35
T4_PC_w1_PD,T4,Ci,PC,1,PD,red,334.3949044585987,12.7
T4_PC_w1_PD,T4,Ci,PC,1,PD,red,336.30573248407643,13.0
T4_PC_w1_PD,T4,Ci,PC,1,PD,red,338.2165605095541,13.3
T4_PC_w1_PD,T4,Ci,PC,1,PD,red,340.1273885350318,13.6
T4_PC_w1_PD,T4,Ci,PC,1,PD,red,342.0382165605095,13.8
T4_PC_w1_PD,T4,Ci,PC,1,PD,red,343.94904458598717,14.1
T4_PC_w1_PD,T4,Ci,PC,1,PD,red,345.8598726114649,14.4
T4_PC_w1_PD,T4,Ci,PC,1,PD,red,347.77070063694265,14.6
T4_PC_w1_PD,T4,Ci,PC,1,PD,red,349.6815286624204,14.75
T4_PC_w1_PD,T4,Ci,PC,1,PD,red,351.5923566878981,14.9
T4_PC_w1_PD,T4,Ci,PC,1,PD,red,353.5031847133758,14.95
T4_PC_w1_PD,T4,Ci,PC,1,PD,red,355.4140127388535,15.1
T4_PC_w1_PD,T4,Ci,PC,1,PD,red,357.3248407643312,15.35
T4_PC_w1_PD,T4,Ci,PC,1,PD,red,359.2356687898089,15.6
T4_PC_w1_PD,T4,Ci,PC,1,PD,red,361.1464968152866,15.8
T4_PC_w1_PD,T4,Ci,PC,1,PD,red,363.0573248407644,16.05
T4_PC_w1_PD,T4,Ci,PC,1,PD,red,364.9681528662421,16.3
T4_PC_w1_PD,T4,Ci,PC,1,PD,red,366.8789808917197,16.7
T4_PC_w1_PD,T4,Ci,PC,1,PD,red,368.78980891719743,16.85
T4_PC_w1_PD,T4,Ci,PC,1,PD,red,370.7006369426752,17.1
T4_PC_w1_PD,T4,Ci,PC,1,PD,red,372.61146496815286,17.35
T4_PC_w1_PD,T4,Ci,PC,1,PD,red,374.5222929936306,17.5
T4_PC_w1_PD,T4,Ci,PC,1,PD,red,376.4331210191083,17.55
T4_PC_w1_PD,T4,Ci,PC,1,PD,red,378.343949044586,17.75
T4_PC_w1_PD,T4,Ci,PC,1,PD,red,380.2547770700637,17.85
T4_PC_w1_PD,T4,Ci,PC,1,PD,red,382.1656050955414,17.9
T4_PC_w1_PD,T4,Ci,PC,1,PD,red,384.0764331210192,18.0
T4_PC_w1_PD,T4,Ci,PC,1,PD,red,385.9872611464968,18.1
T4_PC_w1_PD,T4,Ci,PC,1,PD,red,387.8980891719745,18.15
T4_PC_w1_PD,T4,Ci,PC,1,PD,red,389.8089171974523,18.25
T4_PC_w1_PD,T4,Ci,PC,1,PD,red,391.71974522293,18.25
T4_PC_w1_PD,T4,Ci,PC,1,PD,red,393.6305732484077,18.25
T4_PC_w1_PD,T4,Ci,PC,1,PD,red,395.54140127388536,18.25
T4_PC_w1_PD,T4,Ci,PC,1,PD,red,397.4522292993631,18.25
T4_PC_w1_PD,T4,Ci,PC,1,PD,red,399.36305732484084,18.15
T4_PC_w1_PD,T4,Ci,PC,1,PD,red,401.2738853503185,18.1
T4_PC_w1_PD,T4,Ci,PC,1,PD,red,403.18471337579615,18.05
T4_PC_w1_PD,T4,Ci,PC,1,PD,red,405.09554140127386,18.0
T4_PC_w1_PD,T4,Ci,PC,1,PD,red,407.0063694267516,18.0
T4_PC_w1_PD,T4,Ci,PC,1,PD,red,408.9171974522293,18.0
T4_PC_w1_PD,T4,Ci,PC,1,PD,red,410.828025477707,18.0
T4_PC_w1_PD,T4,Ci,PC,1,PD,red,412.7388535031847,18.0
T4_PC_w1_PD,T4,Ci,PC,1,PD,red,414.6496815286624,18.05
T4_PC_w1_PD,T4,Ci,PC,1,PD,red,416.56050955414014,18.1
T4_PC_w1_PD,T4,Ci,PC,1,PD,red,418.47133757961785,18.15
T4_PC_w1_PD,T4,Ci,PC,1,PD,red,420.3821656050955,18.2
T4_PC_w1_PD,T4,Ci,PC,1,PD,red,422.2929936305732,18.25
T4_PC_w1_PD,T4,Ci,PC,1,PD,red,424.2038216560509,18.25
T4_PC_w1_PD,T4,Ci,PC,1,PD,red,426.1146496815287,18.25
T4_PC_w1_PD,T4,Ci,PC,1,PD,red,428.0254777070064,18.25
T4_PC_w1_PD,T4,Ci,PC,1,PD,red,429.9363057324841,18.25
T4_PC_w1_PD,T4,Ci,PC,1,PD,red,431.8471337579618,18.1
T4_PC_w1_PD,T4,Ci,PC,1,PD,red,433.7579617834395,18.0
T4_PC_w1_PD,T4,Ci,PC,1,PD,red,435.6687898089172,17.95
T4_PC_w1_PD,T4,Ci,PC,1,PD,red,437.57961783439487,17.75
T4_PC_w1_PD,T4,Ci,PC,1,PD,red,439.4904458598726,17.6
T4_PC_w1_PD,T4,Ci,PC,1,PD,red,441.4012738853503,17.5
T4_PC_w1_PD,T4,Ci,PC,1,PD,red,443.312101910828,17.5
T4_PC_w1_PD,T4,Ci,PC,1,PD,red,445.2229299363057,17.3
T4_PC_w1_PD,T4,Ci,PC,1,PD,red,447.1337579617834,17.1
T4_PC_w1_PD,T4,Ci,PC,1,PD,red,449.04458598726114,16.95
T4_PC_w1_PD,T4,Ci,PC,1,PD,red,450.95541401273886,16.8
T4_PC_w1_PD,T4,Ci,PC,1,PD,red,452.86624203821657,16.65
T4_PC_w1_PD,T4,Ci,PC,1,PD,red,454.7770700636942,16.4
T4_PC_w1_PD,T4,Ci,PC,1,PD,red,456.687898089172,16.15
T4_PC_w1_PD,T4,Ci,PC,1,PD,red,458.5987261146497,15.85
T4_PC_w1_PD,T4,Ci,PC,1,PD,red,460.50955414012736,15.6
T4_PC_w1_PD,T4,Ci,PC,1,PD,red,462.4203821656051,15.35
T4_PC_w1_PD,T4,Ci,PC,1,PD,red,464.3312101910828,15.15
T4_PC_w1_PD,T4,Ci,PC,1,PD,red,466.2420382165605,14.95
T4_PC_w1_PD,T4,Ci,PC,1,PD,red,468.1528662420382,14.7
T4_PC_w1_PD,T4,Ci,PC,1,PD,red,470.0636942675159,14.4
T4_PC_w1_PD,T4,Ci,PC,1,PD,red,471.9745222929936,14.1
T4_PC_w1_PD,T4,Ci,PC,1,PD,red,473.8853503184713,13.75
T4_PC_w1_PD,T4,Ci,PC,1,PD,red,475.796178343949,13.4
T4_PC_w1_PD,T4,Ci,PC,1,PD,red,477.7070063694267,13.0
T4_PC_w1_PD,T4,Ci,PC,1,PD,red,479.6178343949044,12.6
T4_PC_w1_PD,T4,Ci,PC,1,PD,red,481.52866242038215,12.15
T4_PC_w1_PD,T4,Ci,PC,1,PD,red,483.4394904458599,11.7
T4_PC_w1_PD,T4,Ci,PC,1,PD,red,485.3503184713376,11.35
T4_PC_w1_PD,T4,Ci,PC,1,PD,red,487.2611464968153,10.9
T4_PC_w1_PD,T4,Ci,PC,1,PD,red,489.171974522293,10.5
T4_PC_w1_PD,T4,Ci,PC,1,PD,red,491.08280254777065,10.1
T4_PC_w1_PD,T4,Ci,PC,1,PD,red,492.9936305732484,9.8
T4_PC_w1_PD,T4,Ci,PC,1,PD,red,494.9044585987261,9.4
T4_PC_w1_PD,T4,Ci,PC,1,PD,red,496.8152866242038,9.1
T4_PC_w1_PD,T4,Ci,PC,1,PD,red,498.7261146496815,8.65
T4_PC_w1_PD,T4,Ci,PC,1,PD,red,500.6369426751592,8.25
T4_PC_w1_PD,T4,Ci,PC,1,PD,red,502.5477707006369,7.9
T4_PC_w1_PD,T4,Ci,PC,1,PD,red,504.4585987261146,7.6
T4_PC_w1_PD,T4,Ci,PC,1,PD,red,506.3694267515924,7.25
T4_PC_w1_PD,T4,Ci,PC,1,PD,red,508.28025477707,6.9
T4_PC_w1_PD,T4,Ci,PC,1,PD,red,510.1910828025477,6.6
T4_PC_w1_PD,T4,Ci,PC,1,PD,red,512.1019108280254,6.3
T4_PC_w1_PD,T4,Ci,PC,1,PD,red,514.0127388535032,6.05
T4_PC_w1_PD,T4,Ci,PC,1,PD,red,515.9235668789809,5.75
T4_PC_w1_PD,T4,Ci,PC,1,PD,red,517.8343949044586,5.5
T4_PC_w1_PD,T4,Ci,PC,1,PD,red,519.7452229299363,5.2
T4_PC_w1_PD,T4,Ci,PC,1,PD,red,521.656050955414,4.95
T4_PC_w1_PD,T4,Ci,PC,1,PD,red,523.5668789808917,4.8
T4_PC_w1_PD,T4,Ci,PC,1,PD,red,525.4777070063694,4.6
T4_PC_w1_PD,T4,Ci,PC,1,PD,red,527.3885350318471,4.4
T4_PC_w1_PD,T4,Ci,PC,1,PD,red,529.2993630573249,4.2
T4_PC_w1_PD,T4,Ci,PC,1,PD,red,531.2101910828026,4.1
T4_PC_w1_PD,T4,Ci,PC,1,PD,red,533.1210191082803,3.95
T4_PC_w1_PD,T4,Ci,PC,1,PD,red,535.031847133758,3.8
T4_PC_w1_PD,T4,Ci,PC,1,PD,red,536.9426751592357,3.7
T4_PC_w1_PD,T4,Ci,PC,1,PD,red,538.8535031847134,3.0
T4_PC_w1_PD,T4,Ci,PC,1,PD,red,540.7643312101911,2.7
T4_PC_w1_PD,T4,Ci,PC,1,PD,red,542.6751592356688,2.55
T4_PC_w1_PD,T4,Ci,PC,1,PD,red,544.5859872611466,2.45
T4_PC_w1_PD,T4,Ci,PC,1,PD,red,546.4968152866243,2.25
T4_PC_w1_PD,T4,Ci,PC,1,PD,red,548.407643312102,2.1
T4_PC_w1_PD,T4,Ci,PC,1,PD,red,550.3184713375797,1.9
T4_PC_w1_PD,T4,Ci,PC,1,PD,red,552.2292993630573,1.75
T4_PC_w1_PD,T4,Ci,PC,1,PD,red,554.140127388535,1.65
T4_PC_w1_PD,T4,Ci,PC,1,PD,red,556.0509554140127,1.45
T4_PC_w1_PD,T4,Ci,PC,1,PD,red,557.9617834394903,1.2
T4_PC_w1_PD,T4,Ci,PC,1,PD,red,559.8726114649681,1.1
T4_PC_w1_PD,T4,Ci,PC,1,PD,red,561.7834394904459,0.95
T4_PC_w1_PD,T4,Ci,PC,1,PD,red,563.6942675159237,0.8
T4_PC_w1_PD,T4,Ci,PC,1,PD,red,565.6050955414013,0.65
T4_PC_w1_PD,T4,Ci,PC,1,PD,red,567.515923566879,0.55
T4_PC_w1_PD,T4,Ci,PC,1,PD,red,569.4267515923567,0.4
T4_PC_w1_PD,T4,Ci,PC,1,PD,red,571.3375796178344,0.25
T4_PC_w1_PD,T4,Ci,PC,1,PD,red,573.248407643312,0.15
T4_PC_w1_PD,T4,Ci,PC,1,PD,red,575.1592356687898,0.05
T4_PC_w1_PD,T4,Ci,PC,1,PD,red,577.0700636942677,-0.1
T4_PC_w1_PD,T4,Ci,PC,1,PD,red,578.9808917197453,-0.2
T4_PC_w1_PD,T4,Ci,PC,1,PD,red,580.891719745223,-0.25
T4_PC_w1_PD,T4,Ci,PC,1,PD,red,582.8025477707007,-0.35
T4_PC_w1_PD,T4,Ci,PC,1,PD,red,584.7133757961784,-0.5
T4_PC_w1_PD,T4,Ci,PC,1,PD,red,586.624203821656,-0.6
T4_PC_w1_PD,T4,Ci,PC,1,PD,red,588.5350318471337,-0.65
T4_PC_w1_PD,T4,Ci,PC,1,PD,red,590.4458598726114,-0.8
T4_PC_w1_PD,T4,Ci,PC,1,PD,red,592.3566878980891,-0.9
T4_PC_w1_PD,T4,Ci,PC,1,PD,red,594.2675159235669,-1.0
T4_PC_w1_PD,T4,Ci,PC,1,PD,red,596.1783439490446,-1.1
T4_PC_w1_PD,T4,Ci,PC,1,PD,red,598.0891719745223,-1.2
T4_PC_w1_PD,T4,Ci,PC,1,PD,red,600.0,-1.3
T4_PC_w1_PD,T4,Ci,PC,1,PD,red,601.9108280254777,-1.35
T4_PC_w1_PD,T4,Ci,PC,1,PD,red,603.8216560509554,-1.4
T4_PC_w1_PD,T4,Ci,PC,1,PD,red,605.7324840764331,-1.5
T4_PC_w1_PD,T4,Ci,PC,1,PD,red,607.6433121019109,-1.5
T4_PC_w1_PD,T4,Ci,PC,1,PD,red,609.5541401273886,-1.5
T4_PC_w1_PD,T4,Ci,PC,1,PD,red,611.4649681528663,-1.6
T4_PC_w1_PD,T4,Ci,PC,1,PD,red,613.375796178344,-1.65
T4_PC_w1_PD,T4,Ci,PC,1,PD,red,615.2866242038217,-1.7
T4_PC_w1_PD,T4,Ci,PC,1,PD,red,617.1974522292994,-1.7
T4_PC_w1_PD,T4,Ci,PC,1,PD,red,619.1082802547771,-1.7
T4_PC_w1_PD,T4,Ci,PC,1,PD,red,621.0191082802547,-1.8
T4_PC_w1_PD,T4,Ci,PC,1,PD,red,622.9299363057326,-1.85
T4_PC_w1_PD,T4,Ci,PC,1,PD,red,624.8407643312102,-1.9
T4_PC_w1_PD,T4,Ci,PC,1,PD,red,626.751592356688,-1.95
T4_PC_w1_PD,T4,Ci,PC,1,PD,red,628.6624203821656,-2.0
T4_PC_w1_PD,T4,Ci,PC,1,PD,red,630.5732484076433,-2.0
T4_PC_w1_PD,T4,Ci,PC,1,PD,red,632.484076433121,-2.0
T4_PC_w1_PD,T4,Ci,PC,1,PD,red,634.3949044585987,-2.0
T4_PC_w1_PD,T4,Ci,PC,1,PD,red,636.3057324840763,-2.05
T4_PC_w1_PD,T4,Ci,PC,1,PD,red,638.216560509554,-2.1
T4_PC_w1_PD,T4,Ci,PC,1,PD,red,640.127388535032,-2.1
T4_PC_w1_PD,T4,Ci,PC,1,PD,red,642.0382165605097,-2.1
T4_PC_w1_PD,T4,Ci,PC,1,PD,red,643.9490445859873,-2.1
T4_PC_w1_PD,T4,Ci,PC,1,PD,red,645.859872611465,-2.1
T4_PC_w1_PD,T4,Ci,PC,1,PD,red,647.7707006369427,-2.1
T4_PC_w1_PD,T4,Ci,PC,1,PD,red,649.6815286624204,-2.1
T4_PC_w1_PD,T4,Ci,PC,1,PD,red,651.592356687898,-2.1
T4_PC_w1_PD,T4,Ci,PC,1,PD,red,653.5031847133758,-2.1
T4_PC_w1_PD,T4,Ci,PC,1,PD,red,655.4140127388537,-2.1
T4_PC_w1_PD,T4,Ci,PC,1,PD,red,657.3248407643312,-2.1
T4_PC_w1_PD,T4,Ci,PC,1,PD,red,659.2356687898089,-2.1
T4_PC_w1_PD,T4,Ci,PC,1,PD,red,661.1464968152866,-2.1
T4_PC_w1_PD,T4,Ci,PC,1,PD,red,663.0573248407643,-2.1
T4_PC_w1_PD,T4,Ci,PC,1,PD,red,664.968152866242,-2.1
T4_PC_w1_PD,T4,Ci,PC,1,PD,red,666.8789808917197,-2.2
T4_PC_w1_PD,T4,Ci,PC,1,PD,red,668.7898089171974,-2.2
T4_PC_w1_PD,T4,Ci,PC,1,PD,red,670.7006369426751,-2.2
T4_PC_w1_PD,T4,Ci,PC,1,PD,red,672.6114649681529,-2.3
T4_PC_w1_PD,T4,Ci,PC,1,PD,red,674.5222929936306,-2.35
T4_PC_w1_PD,T4,Ci,PC,1,PD,red,676.4331210191083,-2.35
T4_PC_w1_PD,T4,Ci,PC,1,PD,red,678.343949044586,-2.45
T4_PC_w1_PD,T4,Ci,PC,1,PD,red,680.2547770700637,-2.5
T4_PC_w1_PD,T4,Ci,PC,1,PD,red,682.1656050955414,-2.55
T4_PC_w1_PD,T4,Ci,PC,1,PD,red,684.0764331210191,-2.6
T4_PC_w1_PD,T4,Ci,PC,1,PD,red,685.9872611464968,-2.65
T4_PC_w1_PD,T4,Ci,PC,1,PD,red,687.8980891719746,-2.7
T4_PC_w1_PD,T4,Ci,PC,1,PD,red,689.8089171974523,-2.7
T4_PC_w1_PD,T4,Ci,PC,1,PD,red,691.71974522293,-2.7
T4_PC_w1_PD,T4,Ci,PC,1,PD,red,693.6305732484077,-2.7
T4_PC_w1_PD,T4,Ci,PC,1,PD,red,695.5414012738854,-2.75
T4_PC_w1_PD,T4,Ci,PC,1,PD,red,697.4522292993631,-2.75
T4_PC_w1_PD,T4,Ci,PC,1,PD,red,699.3630573248408,-2.8
T4_PC_w1_PD,T4,Ci,PC,1,PD,red,701.2738853503186,-2.85
T4_PC_w1_PD,T4,Ci,PC,1,PD,red,703.1847133757963,-2.9
T4_PC_w1_PD,T4,Ci,PC,1,PD,red,705.095541401274,-2.9
T4_PC_w1_PD,T4,Ci,PC,1,PD,red,707.0063694267517,-2.95
T4_PC_w1_PD,T4,Ci,PC,1,PD,red,708.9171974522294,-3.0
T4_PC_w1_PD,T4,Ci,PC,1,PD,red,710.8280254777071,-3.0
T4_PC_w1_PD,T4,Ci,PC,1,PD,red,712.7388535031848,-3.0
T4_PC_w1_PD,T4,Ci,PC,1,PD,red,714.6496815286625,-3.0
T4_PC_w1_PD,T4,Ci,PC,1,PD,red,716.5605095541403,-3.0
T4_PC_w1_PD,T4,Ci,PC,1,PD,red,718.471337579618,-3.0
T4_PC_w1_PD,T4,Ci,PC,1,PD,red,720.3821656050957,-3.0
T4_PC_w1_PD,T4,Ci,PC,1,PD,red,722.2929936305733,-3.0
T4_PC_w1_PD,T4,Ci,PC,1,PD,red,724.203821656051,-3.0
T4_PC_w1_PD,T4,Ci,PC,1,PD,red,726.1146496815287,-3.0
T4_PC_w1_PD,T4,Ci,PC,1,PD,red,728.0254777070064,-3.05
T4_PC_w1_PD,T4,Ci,PC,1,PD,red,729.9363057324841,-3.1
T4_PC_w1_PD,T4,Ci,PC,1,PD,red,731.8471337579618,-3.1
T4_PC_w1_PD,T4,Ci,PC,1,PD,red,733.7579617834396,-3.1
T4_PC_w1_PD,T4,Ci,PC,1,PD,red,735.6687898089173,-3.1
T4_PC_w1_PD,T4,Ci,PC,1,PD,red,737.579617834395,-3.15
T4_PC_w1_PD,T4,Ci,PC,1,PD,red,739.4904458598727,-3.2
T4_PC_w1_PD,T4,Ci,PC,1,PD,red,741.4012738853504,-3.2
T4_PC_w1_PD,T4,Ci,PC,1,PD,red,743.3121019108281,-3.3
T4_PC_w1_PD,T4,Ci,PC,1,PD,red,745.2229299363058,-3.3
T4_PC_w1_PD,T4,Ci,PC,1,PD,red,747.1337579617835,-3.3
T4_PC_w1_PD,T4,Ci,PC,1,PD,red,749.0445859872613,-3.3
T4_PC_w1_PD,T4,Ci,PC,1,PD,red,750.955414012739,-3.3
T4_PC_w1_PD,T4,Ci,PC,1,PD,red,752.8662420382167,-3.3
T4_PC_w1_PD,T4,Ci,PC,1,PD,red,754.7770700636944,-3.3
T4_PC_w1_PD,T4,Ci,PC,1,PD,red,756.687898089172,-3.3
T4_PC_w1_PD,T4,Ci,PC,1,PD,red,758.5987261146497,-3.25
T4_PC_w1_PD,T4,Ci,PC,1,PD,red,760.5095541401274,-3.15
T4_PC_w1_PD,T4,Ci,PC,1,PD,red,762.4203821656051,-3.1
T4_PC_w1_PD,T4,Ci,PC,1,PD,red,764.3312101910828,-3.05
T4_PC_w1_PD,T4,Ci,PC,1,PD,red,766.2420382165606,-3.0
T4_PC_w1_PD,T4,Ci,PC,1,PD,red,768.1528662420383,-2.95
T4_PC_w1_PD,T4,Ci,PC,1,PD,red,770.063694267516,-2.95
T4_PC_w1_PD,T4,Ci,PC,1,PD,red,771.9745222929937,-2.95
T4_PC_w1_PD,T4,Ci,PC,1,PD,red,773.8853503184714,-2.95
T4_PC_w1_PD,T4,Ci,PC,1,PD,red,775.7961783439491,-2.95
T4_PC_w1_PD,T4,Ci,PC,1,PD,red,777.7070063694268,-3.0
T4_PC_w1_PD,T4,Ci,PC,1,PD,red,779.6178343949045,-3.0
T4_PC_w1_PD,T4,Ci,PC,1,PD,red,781.5286624203823,-3.0
T4_PC_w1_PD,T4,Ci,PC,1,PD,red,783.43949044586,-3.0
T4_PC_w1_PD,T4,Ci,PC,1,PD,red,785.3503184713377,-3.0
T4_PC_w1_PD,T4,Ci,PC,1,PD,red,787.2611464968154,-3.0
T4_PC_w1_PD,T4,Ci,PC,1,PD,red,789.1719745222931,-3.0
T4_PC_w1_PD,T4,Ci,PC,1,PD,red,791.0828025477708,-3.0
T4_PC_w1_PD,T4,Ci,PC,1,PD,red,792.9936305732484,-3.05
T4_PC_w1_PD,T4,Ci,PC,1,PD,red,794.9044585987261,-3.05
T4_PC_w1_PD,T4,Ci,PC,1,PD,red,796.8152866242038,-3.05
T4_PC_w1_PD,T4,Ci,PC,1,PD,red,798.7261146496817,-3.1
T4_PC_w1_PD,T4,Ci,PC,1,PD,red,800.6369426751593,-3.1
T4_PC_w1_PD,T4,Ci,PC,1,PD,red,802.547770700637,-3.1
T4_PC_w1_PD,T4,Ci,PC,1,PD,red,804.4585987261147,-3.1
T4_PC_w1_PD,T4,Ci,PC,1,PD,red,806.3694267515924,-3.1
T4_PC_w1_PD,T4,Ci,PC,1,PD,red,808.2802547770701,-3.05
T4_PC_w1_PD,T4,Ci,PC,1,PD,red,810.1910828025478,-3.0
T4_PC_w1_PD,T4,Ci,PC,1,PD,red,812.1019108280257,-2.95
T4_PC_w1_PD,T4,Ci,PC,1,PD,red,814.0127388535033,-2.9
T4_PC_w1_PD,T4,Ci,PC,1,PD,red,815.923566878981,-2.9
T4_PC_w1_PD,T4,Ci,PC,1,PD,red,817.8343949044587,-2.8
T4_PC_w1_PD,T4,Ci,PC,1,PD,red,819.7452229299364,-2.75
T4_PC_w1_PD,T4,Ci,PC,1,PD,red,821.6560509554141,-2.6
T4_PC_w1_PD,T4,Ci,PC,1,PD,red,823.5668789808918,-2.55
T4_PC_w1_PD,T4,Ci,PC,1,PD,red,825.4777070063697,-2.55
T4_PC_w1_PD,T4,Ci,PC,1,PD,red,827.3885350318471,-2.45
T4_PC_w1_PD,T4,Ci,PC,1,PD,red,829.2993630573249,-2.4
T4_PC_w1_PD,T4,Ci,PC,1,PD,red,831.2101910828026,-2.4
T4_PC_w1_PD,T4,Ci,PC,1,PD,red,833.1210191082803,-2.4
T4_PC_w1_PD,T4,Ci,PC,1,PD,red,835.031847133758,-2.4
T4_PC_w1_PD,T4,Ci,PC,1,PD,red,836.9426751592357,-2.4
T4_PC_w1_PD,T4,Ci,PC,1,PD,red,838.8535031847134,-2.4
T4_PC_w1_PD,T4,Ci,PC,1,PD,red,840.7643312101911,-2.4
T4_PC_w1_PD,T4,Ci,PC,1,PD,red,842.6751592356688,-2.4
T4_PC_w1_PD,T4,Ci,PC,1,PD,red,844.5859872611466,-2.4
T4_PC_w1_PD,T4,Ci,PC,1,PD,red,846.4968152866243,-2.4
T4_PC_w1_PD,T4,Ci,PC,1,PD,red,848.407643312102,-2.35
T4_PC_w1_PD,T4,Ci,PC,1,PD,red,850.3184713375797,-2.3
T4_PC_w1_PD,T4,Ci,PC,1,PD,red,852.2292993630574,-2.25
T4_PC_w1_PD,T4,Ci,PC,1,PD,red,854.1401273885351,-2.2
T4_PC_w1_PD,T4,Ci,PC,1,PD,red,856.0509554140128,-2.15
T4_PC_w1_PD,T4,Ci,PC,1,PD,red,857.9617834394905,-2.1
T4_PC_w1_PD,T4,Ci,PC,1,PD,red,859.8726114649683,-2.05
T4_PC_w1_PD,T4,Ci,PC,1,PD,red,861.7834394904459,-2.0
T4_PC_w1_PD,T4,Ci,PC,1,PD,red,863.6942675159237,-1.9
T4_PC_w1_PD,T4,Ci,PC,1,PD,red,865.6050955414013,-1.9
T4_PC_w1_PD,T4,Ci,PC,1,PD,red,867.515923566879,-1.9
T4_PC_w1_PD,T4,Ci,PC,1,PD,red,869.4267515923567,-1.9
T4_PC_w1_PD,T4,Ci,PC,1,PD,red,871.3375796178344,-1.9
T4_PC_w1_PD,T4,Ci,PC,1,PD,red,873.248407643312,-1.9
T4_PC_w1_PD,T4,Ci,PC,1,PD,red,875.1592356687898,-1.9
T4_PC_w1_PD,T4,Ci,PC,1,PD,red,877.0700636942677,-1.95
T4_PC_w1_PD,T4,Ci,PC,1,PD,red,878.9808917197453,-1.95
T4_PC_w1_PD,T4,Ci,PC,1,PD,red,880.891719745223,-1.95
T4_PC_w1_PD,T4,Ci,PC,1,PD,red,882.8025477707007,-2.0
T4_PC_w1_PD,T4,Ci,PC,1,PD,red,884.7133757961784,-2.0
T4_PC_w1_PD,T4,Ci,PC,1,PD,red,886.6242038216561,-2.0
T4_PC_w1_PD,T4,Ci,PC,1,PD,red,888.5350318471337,-2.0
T4_PC_w1_PD,T4,Ci,PC,1,PD,red,890.4458598726117,-2.05
T4_PC_w1_PD,T4,Ci,PC,1,PD,red,892.3566878980893,-2.1
T4_PC_w1_PD,T4,Ci,PC,1,PD,red,894.267515923567,-2.1
T4_PC_w1_PD,T4,Ci,PC,1,PD,red,896.1783439490446,-2.15
T4_PC_w1_PD,T4,Ci,PC,1,PD,red,898.0891719745223,-2.15
T4_PC_w1_PD,T4,Ci,PC,1,PD,red,900.0,-2.15
T4_PC_w1_PD,T4,Ci,PC,1,PD,red,901.9108280254776,-2.15
T4_PC_w1_PD,T4,Ci,PC,1,PD,red,903.8216560509554,-2.15
T4_PC_w1_PD,T4,Ci,PC,1,PD,red,905.7324840764333,-2.15
T4_PC_w1_PD,T4,Ci,PC,1,PD,red,907.6433121019109,-2.15
T4_PC_w1_PD,T4,Ci,PC,1,PD,red,909.5541401273886,-2.15
T4_PC_w1_PD,T4,Ci,PC,1,PD,red,911.4649681528664,-2.15
T4_PC_w1_PD,T4,Ci,PC,1,PD,red,913.375796178344,-2.1
T4_PC_w1_ND,T4,Ci,PC,1,ND,blue,0.0,0.0
T4_PC_w1_ND,T4,Ci,PC,1,ND,blue,1.9108280254777128,0.0
T4_PC_w1_ND,T4,Ci,PC,1,ND,blue,3.821656050955454,0.0
T4_PC_w1_ND,T4,Ci,PC,1,ND,blue,5.732484076433138,0.2
T4_PC_w1_ND,T4,Ci,PC,1,ND,blue,9.55414012738862,0.4
T4_PC_w1_ND,T4,Ci,PC,1,ND,blue,13.375796178343933,0.4
T4_PC_w1_ND,T4,Ci,PC,1,ND,blue,15.286624203821589,0.4
T4_PC_w1_ND,T4,Ci,PC,1,ND,blue,17.19745222929936,0.4
T4_PC_w1_ND,T4,Ci,PC,1,ND,blue,19.108280254777128,0.4
T4_PC_w1_ND,T4,Ci,PC,1,ND,blue,24.840764331210195,0.3
T4_PC_w1_ND,T4,Ci,PC,1,ND,blue,32.484076433121004,0.2
T4_PC_w1_ND,T4,Ci,PC,1,ND,blue,36.30573248407636,0.1
T4_PC_w1_ND,T4,Ci,PC,1,ND,blue,38.21656050955414,0.0
T4_PC_w1_ND,T4,Ci,PC,1,ND,blue,40.127388535031855,0.0
T4_PC_w1_ND,T4,Ci,PC,1,ND,blue,42.038216560509625,0.0
T4_PC_w1_ND,T4,Ci,PC,1,ND,blue,43.94904458598728,0.0
T4_PC_w1_ND,T4,Ci,PC,1,ND,blue,47.770700636942706,-0.1
T4_PC_w1_ND,T4,Ci,PC,1,ND,blue,55.4140127388535,-0.9
T4_PC_w1_ND,T4,Ci,PC,1,ND,blue,59.235668789808926,-0.9
T4_PC_w1_ND,T4,Ci,PC,1,ND,blue,63.057324840764295,-0.9
T4_PC_w1_ND,T4,Ci,PC,1,ND,blue,68.78980891719743,-0.9
T4_PC_w1_ND,T4,Ci,PC,1,ND,blue,72.6114649681528,-0.9
T4_PC_w1_ND,T4,Ci,PC,1,ND,blue,76.43312101910828,-0.8
T4_PC_w1_ND,T4,Ci,PC,1,ND,blue,78.343949044586,-0.8
T4_PC_w1_ND,T4,Ci,PC,1,ND,blue,80.25477707006371,-0.8
T4_PC_w1_ND,T4,Ci,PC,1,ND,blue,82.16560509554142,-0.8
T4_PC_w1_ND,T4,Ci,PC,1,ND,blue,99.36305732484072,-0.6
T4_PC_w1_ND,T4,Ci,PC,1,ND,blue,101.2738853503185,-0.6
T4_PC_w1_ND,T4,Ci,PC,1,ND,blue,103.18471337579615,-0.6
T4_PC_w1_ND,T4,Ci,PC,1,ND,blue,107.00636942675158,-0.5
T4_PC_w1_ND,T4,Ci,PC,1,ND,blue,108.91719745222927,-0.5
T4_PC_w1_ND,T4,Ci,PC,1,ND,blue,110.828025477707,-0.5
T4_PC_w1_ND,T4,Ci,PC,1,ND,blue,114.64968152866244,-0.5
T4_PC_w1_ND,T4,Ci,PC,1,ND,blue,116.56050955414014,-0.5
T4_PC_w1_ND,T4,Ci,PC,1,ND,blue,120.38216560509557,-0.5
T4_PC_w1_ND,T4,Ci,PC,1,ND,blue,122.29299363057322,-0.5
T4_PC_w1_ND,T4,Ci,PC,1,ND,blue,124.203821656051,-0.5
T4_PC_w1_ND,T4,Ci,PC,1,ND,blue,128.02547770700636,-0.5
T4_PC_w1_ND,T4,Ci,PC,1,ND,blue,129.93630573248407,-0.5
T4_PC_w1_ND,T4,Ci,PC,1,ND,blue,131.84713375796184,-0.4
T4_PC_w1_ND,T4,Ci,PC,1,ND,blue,135.6687898089172,-0.4
T4_PC_w1_ND,T4,Ci,PC,1,ND,blue,137.57961783439492,0.1
T4_PC_w1_ND,T4,Ci,PC,1,ND,blue,139.49044585987258,0.1
T4_PC_w1_ND,T4,Ci,PC,1,ND,blue,141.4012738853503,0.1
T4_PC_w1_ND,T4,Ci,PC,1,ND,blue,143.312101910828,0.1
T4_PC_w1_ND,T4,Ci,PC,1,ND,blue,145.22292993630572,0.2
T4_PC_w1_ND,T4,Ci,PC,1,ND,blue,147.13375796178343,0.2
T4_PC_w1_ND,T4,Ci,PC,1,ND,blue,149.04458598726114,0.1
T4_PC_w1_ND,T4,Ci,PC,1,ND,blue,150.95541401273886,0.1
T4_PC_w1_ND,T4,Ci,PC,1,ND,blue,152.86624203821657,0.25
T4_PC_w1_ND,T4,Ci,PC,1,ND,blue,154.77707006369428,0.25
T4_PC_w1_ND,T4,Ci,PC,1,ND,blue,156.687898089172,0.25
T4_PC_w1_ND,T4,Ci,PC,1,ND,blue,158.5987261146497,0.3
T4_PC_w1_ND,T4,Ci,PC,1,ND,blue,160.50955414012742,0.6
T4_PC_w1_ND,T4,Ci,PC,1,ND,blue,162.42038216560513,0.7
T4_PC_w1_ND,T4,Ci,PC,1,ND,blue,164.33121019108285,0.7
T4_PC_w1_ND,T4,Ci,PC,1,ND,blue,166.2420382165605,0.8
T4_PC_w1_ND,T4,Ci,PC,1,ND,blue,168.15286624203816,0.9
T4_PC_w1_ND,T4,Ci,PC,1,ND,blue,170.06369426751593,0.95
T4_PC_w1_ND,T4,Ci,PC,1,ND,blue,171.97452229299358,1.0
T4_PC_w1_ND,T4,Ci,PC,1,ND,blue,173.88535031847135,1.1
T4_PC_w1_ND,T4,Ci,PC,1,ND,blue,175.79617834394907,1.1
T4_PC_w1_ND,T4,Ci,PC,1,ND,blue,177.70700636942678,1.1
T4_PC_w1_ND,T4,Ci,PC,1,ND,blue,179.6178343949045,1.15
T4_PC_w1_ND,T4,Ci,PC,1,ND,blue,181.52866242038212,1.2
T4_PC_w1_ND,T4,Ci,PC,1,ND,blue,183.43949044585983,1.4
T4_PC_w1_ND,T4,Ci,PC,1,ND,blue,185.3503184713376,1.6
T4_PC_w1_ND,T4,Ci,PC,1,ND,blue,187.2611464968153,1.7
T4_PC_w1_ND,T4,Ci,PC,1,ND,blue,189.171974522293,1.75
T4_PC_w1_ND,T4,Ci,PC,1,ND,blue,191.0828025477707,1.75
T4_PC_w1_ND,T4,Ci,PC,1,ND,blue,192.9936305732484,1.75
T4_PC_w1_ND,T4,Ci,PC,1,ND,blue,194.9044585987261,1.75
T4_PC_w1_ND,T4,Ci,PC,1,ND,blue,196.81528662420388,1.75
T4_PC_w1_ND,T4,Ci,PC,1,ND,blue,198.7261146496816,1.75
T4_PC_w1_ND,T4,Ci,PC,1,ND,blue,200.63694267515925,1.5
T4_PC_w1_ND,T4,Ci,PC,1,ND,blue,202.54777070063696,1.3
T4_PC_w1_ND,T4,Ci,PC,1,ND,blue,204.45859872611467,1.3
T4_PC_w1_ND,T4,Ci,PC,1,ND,blue,206.3694267515924,1.3
T4_PC_w1_ND,T4,Ci,PC,1,ND,blue,208.28025477707004,1.2
T4_PC_w1_ND,T4,Ci,PC,1,ND,blue,210.19108280254773,1.15
T4_PC_w1_ND,T4,Ci,PC,1,ND,blue,212.1019108280255,1.1
T4_PC_w1_ND,T4,Ci,PC,1,ND,blue,214.0127388535032,1.05
T4_PC_w1_ND,T4,Ci,PC,1,ND,blue,215.9235668789809,1.05
T4_PC_w1_ND,T4,Ci,PC,1,ND,blue,217.8343949044586,1.05
T4_PC_w1_ND,T4,Ci,PC,1,ND,blue,219.74522292993632,1.05
T4_PC_w1_ND,T4,Ci,PC,1,ND,blue,221.656050955414,1.05
T4_PC_w1_ND,T4,Ci,PC,1,ND,blue,223.5668789808917,1.05
T4_PC_w1_ND,T4,Ci,PC,1,ND,blue,225.47770700636943,1.15
T4_PC_w1_ND,T4,Ci,PC,1,ND,blue,227.3885350318472,1.15
T4_PC_w1_ND,T4,Ci,PC,1,ND,blue,229.29936305732485,1.15
T4_PC_w1_ND,T4,Ci,PC,1,ND,blue,231.21019108280257,1.15
T4_PC_w1_ND,T4,Ci,PC,1,ND,blue,233.1210191082803,1.15
T4_PC_w1_ND,T4,Ci,PC,1,ND,blue,235.031847133758,1.1
T4_PC_w1_ND,T4,Ci,PC,1,ND,blue,236.94267515923568,1.1
T4_PC_w1_ND,T4,Ci,PC,1,ND,blue,238.8535031847134,1.1
T4_PC_w1_ND,T4,Ci,PC,1,ND,blue,240.7643312101911,1.1
T4_PC_w1_ND,T4,Ci,PC,1,ND,blue,242.6751592356688,1.1
T4_PC_w1_ND,T4,Ci,PC,1,ND,blue,244.5859872611465,1.3
T4_PC_w1_ND,T4,Ci,PC,1,ND,blue,246.4968152866242,1.6
T4_PC_w1_ND,T4,Ci,PC,1,ND,blue,248.40764331210192,1.95
T4_PC_w1_ND,T4,Ci,PC,1,ND,blue,250.31847133757958,2.2
T4_PC_w1_ND,T4,Ci,PC,1,ND,blue,252.2292993630573,2.25
T4_PC_w1_ND,T4,Ci,PC,1,ND,blue,254.14012738853503,2.3
T4_PC_w1_ND,T4,Ci,PC,1,ND,blue,256.0509554140127,2.35
T4_PC_w1_ND,T4,Ci,PC,1,ND,blue,257.96178343949043,2.4
T4_PC_w1_ND,T4,Ci,PC,1,ND,blue,259.87261146496814,2.4
T4_PC_w1_ND,T4,Ci,PC,1,ND,blue,261.78343949044586,2.4
T4_PC_w1_ND,T4,Ci,PC,1,ND,blue,263.6942675159236,2.6
T4_PC_w1_ND,T4,Ci,PC,1,ND,blue,265.6050955414013,2.6
T4_PC_w1_ND,T4,Ci,PC,1,ND,blue,267.515923566879,2.6
T4_PC_w1_ND,T4,Ci,PC,1,ND,blue,269.4267515923567,2.6
T4_PC_w1_ND,T4,Ci,PC,1,ND,blue,271.3375796178344,2.6
T4_PC_w1_ND,T4,Ci,PC,1,ND,blue,273.2484076433121,2.45
T4_PC_w1_ND,T4,Ci,PC,1,ND,blue,275.1592356687898,2.4
T4_PC_w1_ND,T4,Ci,PC,1,ND,blue,277.0700636942675,2.4
T4_PC_w1_ND,T4,Ci,PC,1,ND,blue,278.9808917197452,2.4
T4_PC_w1_ND,T4,Ci,PC,1,ND,blue,280.89171974522293,2.4
T4_PC_w1_ND,T4,Ci,PC,1,ND,blue,282.80254777070064,2.45
T4_PC_w1_ND,T4,Ci,PC,1,ND,blue,284.71337579617835,2.6
T4_PC_w1_ND,T4,Ci,PC,1,ND,blue,286.62420382165607,2.75
T4_PC_w1_ND,T4,Ci,PC,1,ND,blue,288.5350318471338,2.9
T4_PC_w1_ND,T4,Ci,PC,1,ND,blue,290.44585987261144,3.0
T4_PC_w1_ND,T4,Ci,PC,1,ND,blue,292.35668789808915,3.0
T4_PC_w1_ND,T4,Ci,PC,1,ND,blue,294.26751592356686,3.0
T4_PC_w1_ND,T4,Ci,PC,1,ND,blue,296.1783439490446,3.1
T4_PC_w1_ND,T4,Ci,PC,1,ND,blue,298.0891719745223,3.1
T4_PC_w1_ND,T4,Ci,PC,1,ND,blue,300.0,3.3
T4_PC_w1_ND,T4,Ci,PC,1,ND,blue,301.9108280254777,3.3
T4_PC_w1_ND,T4,Ci,PC,1,ND,blue,303.8216560509554,3.3
T4_PC_w1_ND,T4,Ci,PC,1,ND,blue,305.73248407643314,3.1
T4_PC_w1_ND,T4,Ci,PC,1,ND,blue,307.6433121019108,3.1
T4_PC_w1_ND,T4,Ci,PC,1,ND,blue,309.5541401273885,3.3
T4_PC_w1_ND,T4,Ci,PC,1,ND,blue,311.4649681528662,3.5
T4_PC_w1_ND,T4,Ci,PC,1,ND,blue,313.37579617834393,3.5
T4_PC_w1_ND,T4,Ci,PC,1,ND,blue,315.28662420382165,3.8
T4_PC_w1_ND,T4,Ci,PC,1,ND,blue,317.19745222929936,4.1
T4_PC_w1_ND,T4,Ci,PC,1,ND,blue,319.10828025477707,4.3
T4_PC_w1_ND,T4,Ci,PC,1,ND,blue,321.0191082802548,4.35
T4_PC_w1_ND,T4,Ci,PC,1,ND,blue,322.9299363057325,4.4
T4_PC_w1_ND,T4,Ci,PC,1,ND,blue,324.8407643312102,4.5
T4_PC_w1_ND,T4,Ci,PC,1,ND,blue,326.75159235668787,4.5
T4_PC_w1_ND,T4,Ci,PC,1,ND,blue,328.6624203821656,4.6
T4_PC_w1_ND,T4,Ci,PC,1,ND,blue,330.5732484076433,4.8
T4_PC_w1_ND,T4,Ci,PC,1,ND,blue,332.484076433121,4.9
T4_PC_w1_ND,T4,Ci,PC,1,ND,blue,334.3949044585987,5.0
T4_PC_w1_ND,T4,Ci,PC,1,ND,blue,336.30573248407643,5.1
T4_PC_w1_ND,T4,Ci,PC,1,ND,blue,338.21656050955414,5.25
T4_PC_w1_ND,T4,Ci,PC,1,ND,blue,340.12738853503186,5.65
T4_PC_w1_ND,T4,Ci,PC,1,ND,blue,342.03821656050957,5.8
T4_PC_w1_ND,T4,Ci,PC,1,ND,blue,343.9490445859873,6.0
T4_PC_w1_ND,T4,Ci,PC,1,ND,blue,345.859872611465,6.0
T4_PC_w1_ND,T4,Ci,PC,1,ND,blue,347.7707006369427,6.2
T4_PC_w1_ND,T4,Ci,PC,1,ND,blue,349.6815286624204,6.2
T4_PC_w1_ND,T4,Ci,PC,1,ND,blue,351.59235668789813,6.45
T4_PC_w1_ND,T4,Ci,PC,1,ND,blue,353.50318471337584,6.7
T4_PC_w1_ND,T4,Ci,PC,1,ND,blue,355.41401273885356,6.7
T4_PC_w1_ND,T4,Ci,PC,1,ND,blue,357.32484076433127,6.7
T4_PC_w1_ND,T4,Ci,PC,1,ND,blue,359.2356687898089,6.7
T4_PC_w1_ND,T4,Ci,PC,1,ND,blue,361.1464968152866,6.7
T4_PC_w1_ND,T4,Ci,PC,1,ND,blue,363.0573248407644,6.8
T4_PC_w1_ND,T4,Ci,PC,1,ND,blue,364.9681528662421,7.25
T4_PC_w1_ND,T4,Ci,PC,1,ND,blue,366.8789808917197,7.3
T4_PC_w1_ND,T4,Ci,PC,1,ND,blue,368.7898089171975,7.3
T4_PC_w1_ND,T4,Ci,PC,1,ND,blue,370.7006369426752,7.55
T4_PC_w1_ND,T4,Ci,PC,1,ND,blue,372.61146496815286,7.6
T4_PC_w1_ND,T4,Ci,PC,1,ND,blue,374.5222929936306,7.6
T4_PC_w1_ND,T4,Ci,PC,1,ND,blue,376.4331210191083,7.6
T4_PC_w1_ND,T4,Ci,PC,1,ND,blue,378.343949044586,7.55
T4_PC_w1_ND,T4,Ci,PC,1,ND,blue,380.2547770700637,7.35
T4_PC_w1_ND,T4,Ci,PC,1,ND,blue,382.1656050955414,7.3
T4_PC_w1_ND,T4,Ci,PC,1,ND,blue,384.0764331210192,7.1
T4_PC_w1_ND,T4,Ci,PC,1,ND,blue,385.9872611464969,7.1
T4_PC_w1_ND,T4,Ci,PC,1,ND,blue,387.89808917197456,7.1
T4_PC_w1_ND,T4,Ci,PC,1,ND,blue,389.8089171974523,7.1
T4_PC_w1_ND,T4,Ci,PC,1,ND,blue,391.71974522293,7.1
T4_PC_w1_ND,T4,Ci,PC,1,ND,blue,393.6305732484077,7.1
T4_PC_w1_ND,T4,Ci,PC,1,ND,blue,395.54140127388536,7.1
T4_PC_w1_ND,T4,Ci,PC,1,ND,blue,397.4522292993631,7.1
T4_PC_w1_ND,T4,Ci,PC,1,ND,blue,399.36305732484084,7.1
T4_PC_w1_ND,T4,Ci,PC,1,ND,blue,401.2738853503185,7.1
T4_PC_w1_ND,T4,Ci,PC,1,ND,blue,403.1847133757962,7.2
T4_PC_w1_ND,T4,Ci,PC,1,ND,blue,405.0955414012739,7.2
T4_PC_w1_ND,T4,Ci,PC,1,ND,blue,407.0063694267516,7.2
T4_PC_w1_ND,T4,Ci,PC,1,ND,blue,408.91719745222935,7.2
T4_PC_w1_ND,T4,Ci,PC,1,ND,blue,410.828025477707,7.0
T4_PC_w1_ND,T4,Ci,PC,1,ND,blue,412.7388535031847,6.85
T4_PC_w1_ND,T4,Ci,PC,1,ND,blue,414.6496815286624,6.85
T4_PC_w1_ND,T4,Ci,PC,1,ND,blue,416.56050955414014,6.7
T4_PC_w1_ND,T4,Ci,PC,1,ND,blue,418.47133757961785,6.7
T4_PC_w1_ND,T4,Ci,PC,1,ND,blue,420.3821656050956,6.65
T4_PC_w1_ND,T4,Ci,PC,1,ND,blue,422.2929936305733,6.65
T4_PC_w1_ND,T4,Ci,PC,1,ND,blue,424.203821656051,6.65
T4_PC_w1_ND,T4,Ci,PC,1,ND,blue,426.1146496815287,6.55
T4_PC_w1_ND,T4,Ci,PC,1,ND,blue,428.0254777070064,6.55
T4_PC_w1_ND,T4,Ci,PC,1,ND,blue,429.9363057324841,6.55
T4_PC_w1_ND,T4,Ci,PC,1,ND,blue,431.8471337579618,6.5
T4_PC_w1_ND,T4,Ci,PC,1,ND,blue,433.7579617834395,6.1
T4_PC_w1_ND,T4,Ci,PC,1,ND,blue,435.6687898089172,6.1
T4_PC_w1_ND,T4,Ci,PC,1,ND,blue,437.5796178343949,6.05
T4_PC_w1_ND,T4,Ci,PC,1,ND,blue,439.49044585987264,6.0
T4_PC_w1_ND,T4,Ci,PC,1,ND,blue,441.4012738853504,5.95
T4_PC_w1_ND,T4,Ci,PC,1,ND,blue,443.31210191082806,6.0
T4_PC_w1_ND,T4,Ci,PC,1,ND,blue,445.2229299363057,5.95
T4_PC_w1_ND,T4,Ci,PC,1,ND,blue,447.1337579617834,5.7
T4_PC_w1_ND,T4,Ci,PC,1,ND,blue,449.04458598726114,5.7
T4_PC_w1_ND,T4,Ci,PC,1,ND,blue,450.95541401273886,5.6
T4_PC_w1_ND,T4,Ci,PC,1,ND,blue,452.86624203821657,5.6
T4_PC_w1_ND,T4,Ci,PC,1,ND,blue,454.7770700636943,5.6
T4_PC_w1_ND,T4,Ci,PC,1,ND,blue,456.687898089172,5.55
T4_PC_w1_ND,T4,Ci,PC,1,ND,blue,458.5987261146497,5.5
T4_PC_w1_ND,T4,Ci,PC,1,ND,blue,460.5095541401274,5.4
T4_PC_w1_ND,T4,Ci,PC,1,ND,blue,462.42038216560513,5.3
T4_PC_w1_ND,T4,Ci,PC,1,ND,blue,464.3312101910828,5.15
T4_PC_w1_ND,T4,Ci,PC,1,ND,blue,466.2420382165605,5.15
T4_PC_w1_ND,T4,Ci,PC,1,ND,blue,468.1528662420382,5.1
T4_PC_w1_ND,T4,Ci,PC,1,ND,blue,470.0636942675159,4.75
T4_PC_w1_ND,T4,Ci,PC,1,ND,blue,471.9745222929936,4.7
T4_PC_w1_ND,T4,Ci,PC,1,ND,blue,473.8853503184713,4.7
T4_PC_w1_ND,T4,Ci,PC,1,ND,blue,475.79617834394907,4.7
T4_PC_w1_ND,T4,Ci,PC,1,ND,blue,477.7070063694268,4.7
T4_PC_w1_ND,T4,Ci,PC,1,ND,blue,479.6178343949045,4.7
T4_PC_w1_ND,T4,Ci,PC,1,ND,blue,481.52866242038215,4.65
T4_PC_w1_ND,T4,Ci,PC,1,ND,blue,483.4394904458599,4.6
T4_PC_w1_ND,T4,Ci,PC,1,ND,blue,485.3503184713376,4.25
T4_PC_w1_ND,T4,Ci,PC,1,ND,blue,487.2611464968153,4.2
T4_PC_w1_ND,T4,Ci,PC,1,ND,blue,489.171974522293,4.1
T4_PC_w1_ND,T4,Ci,PC,1,ND,blue,491.0828025477707,4.1
T4_PC_w1_ND,T4,Ci,PC,1,ND,blue,492.9936305732484,4.0
T4_PC_w1_ND,T4,Ci,PC,1,ND,blue,494.9044585987261,4.0
T4_PC_w1_ND,T4,Ci,PC,1,ND,blue,496.8152866242039,3.8
T4_PC_w1_ND,T4,Ci,PC,1,ND,blue,498.7261146496815,3.8
T4_PC_w1_ND,T4,Ci,PC,1,ND,blue,500.6369426751592,3.5
T4_PC_w1_ND,T4,Ci,PC,1,ND,blue,502.5477707006369,3.2
T4_PC_w1_ND,T4,Ci,PC,1,ND,blue,504.4585987261146,3.0
T4_PC_w1_ND,T4,Ci,PC,1,ND,blue,506.3694267515924,2.8
T4_PC_w1_ND,T4,Ci,PC,1,ND,blue,508.28025477707007,2.65
T4_PC_w1_ND,T4,Ci,PC,1,ND,blue,510.1910828025478,2.5
T4_PC_w1_ND,T4,Ci,PC,1,ND,blue,512.1019108280254,2.35
T4_PC_w1_ND,T4,Ci,PC,1,ND,blue,514.0127388535032,2.2
T4_PC_w1_ND,T4,Ci,PC,1,ND,blue,515.9235668789809,2.15
T4_PC_w1_ND,T4,Ci,PC,1,ND,blue,517.8343949044586,2.15
T4_PC_w1_ND,T4,Ci,PC,1,ND,blue,519.7452229299363,2.15
T4_PC_w1_ND,T4,Ci,PC,1,ND,blue,521.656050955414,2.15
T4_PC_w1_ND,T4,Ci,PC,1,ND,blue,523.5668789808917,2.15
T4_PC_w1_ND,T4,Ci,PC,1,ND,blue,525.4777070063694,2.15
T4_PC_w1_ND,T4,Ci,PC,1,ND,blue,527.3885350318471,2.55
T4_PC_w1_ND,T4,Ci,PC,1,ND,blue,529.2993630573249,3.05
T4_PC_w1_ND,T4,Ci,PC,1,ND,blue,531.2101910828026,3.05
T4_PC_w1_ND,T4,Ci,PC,1,ND,blue,533.1210191082803,3.05
T4_PC_w1_ND,T4,Ci,PC,1,ND,blue,535.031847133758,3.05
T4_PC_w1_ND,T4,Ci,PC,1,ND,blue,536.9426751592357,3.05
T4_PC_w1_ND,T4,Ci,PC,1,ND,blue,538.8535031847134,2.95
T4_PC_w1_ND,T4,Ci,PC,1,ND,blue,540.7643312101911,2.85
T4_PC_w1_ND,T4,Ci,PC,1,ND,blue,542.6751592356687,2.65
T4_PC_w1_ND,T4,Ci,PC,1,ND,blue,544.5859872611463,2.5
T4_PC_w1_ND,T4,Ci,PC,1,ND,blue,546.4968152866242,2.35
T4_PC_w1_ND,T4,Ci,PC,1,ND,blue,548.4076433121019,2.15
T4_PC_w1_ND,T4,Ci,PC,1,ND,blue,550.3184713375796,2.0
T4_PC_w1_ND,T4,Ci,PC,1,ND,blue,552.2292993630573,1.9
T4_PC_w1_ND,T4,Ci,PC,1,ND,blue,554.140127388535,1.75
T4_PC_w1_ND,T4,Ci,PC,1,ND,blue,556.0509554140127,1.5
T4_PC_w1_ND,T4,Ci,PC,1,ND,blue,557.9617834394903,1.45
T4_PC_w1_ND,T4,Ci,PC,1,ND,blue,559.8726114649681,1.3
T4_PC_w1_ND,T4,Ci,PC,1,ND,blue,561.7834394904459,1.15
T4_PC_w1_ND,T4,Ci,PC,1,ND,blue,563.6942675159237,1.0
T4_PC_w1_ND,T4,Ci,PC,1,ND,blue,565.6050955414013,0.9
T4_PC_w1_ND,T4,Ci,PC,1,ND,blue,567.515923566879,0.7
T4_PC_w1_ND,T4,Ci,PC,1,ND,blue,569.4267515923567,0.65
T4_PC_w1_ND,T4,Ci,PC,1,ND,blue,571.3375796178344,0.65
T4_PC_w1_ND,T4,Ci,PC,1,ND,blue,573.248407643312,0.65
T4_PC_w1_ND,T4,Ci,PC,1,ND,blue,575.1592356687898,0.65
T4_PC_w1_ND,T4,Ci,PC,1,ND,blue,577.0700636942674,0.6
T4_PC_w1_ND,T4,Ci,PC,1,ND,blue,578.9808917197452,0.6
T4_PC_w1_ND,T4,Ci,PC,1,ND,blue,580.8917197452229,0.6
T4_PC_w1_ND,T4,Ci,PC,1,ND,blue,582.8025477707006,0.6
T4_PC_w1_ND,T4,Ci,PC,1,ND,blue,584.7133757961783,0.55
T4_PC_w1_ND,T4,Ci,PC,1,ND,blue,586.624203821656,0.4
T4_PC_w1_ND,T4,Ci,PC,1,ND,blue,588.5350318471337,0.4
T4_PC_w1_ND,T4,Ci,PC,1,ND,blue,590.4458598726114,0.35
T4_PC_w1_ND,T4,Ci,PC,1,ND,blue,592.3566878980891,0.2
T4_PC_w1_ND,T4,Ci,PC,1,ND,blue,594.2675159235669,0.2
T4_PC_w1_ND,T4,Ci,PC,1,ND,blue,596.1783439490446,0.15
T4_PC_w1_ND,T4,Ci,PC,1,ND,blue,598.0891719745223,0.15
T4_PC_w1_ND,T4,Ci,PC,1,ND,blue,600.0,0.1
T4_PC_w1_ND,T4,Ci,PC,1,ND,blue,601.9108280254777,0.1
T4_PC_w1_ND,T4,Ci,PC,1,ND,blue,603.8216560509554,0.1
T4_PC_w1_ND,T4,Ci,PC,1,ND,blue,605.7324840764331,0.05
T4_PC_w1_ND,T4,Ci,PC,1,ND,blue,607.6433121019109,0.05
T4_PC_w1_ND,T4,Ci,PC,1,ND,blue,609.5541401273886,0.05
T4_PC_w1_ND,T4,Ci,PC,1,ND,blue,611.4649681528662,0.0
T4_PC_w1_ND,T4,Ci,PC,1,ND,blue,613.3757961783439,0.0
T4_PC_w1_ND,T4,Ci,PC,1,ND,blue,615.2866242038216,-0.05
T4_PC_w1_ND,T4,Ci,PC,1,ND,blue,617.1974522292993,-0.05
T4_PC_w1_ND,T4,Ci,PC,1,ND,blue,619.108280254777,-0.05
T4_PC_w1_ND,T4,Ci,PC,1,ND,blue,621.0191082802547,-0.05
T4_PC_w1_ND,T4,Ci,PC,1,ND,blue,622.9299363057326,-0.05
T4_PC_w1_ND,T4,Ci,PC,1,ND,blue,624.8407643312102,-0.05
T4_PC_w1_ND,T4,Ci,PC,1,ND,blue,626.751592356688,-0.05
T4_PC_w1_ND,T4,Ci,PC,1,ND,blue,628.6624203821656,-0.15
T4_PC_w1_ND,T4,Ci,PC,1,ND,blue,630.5732484076433,-0.2
T4_PC_w1_ND,T4,Ci,PC,1,ND,blue,632.484076433121,-0.2
T4_PC_w1_ND,T4,Ci,PC,1,ND,blue,634.3949044585987,-0.25
T4_PC_w1_ND,T4,Ci,PC,1,ND,blue,636.3057324840763,-0.25
T4_PC_w1_ND,T4,Ci,PC,1,ND,blue,638.216560509554,-0.25
T4_PC_w1_ND,T4,Ci,PC,1,ND,blue,640.127388535032,-0.25
T4_PC_w1_ND,T4,Ci,PC,1,ND,blue,642.0382165605097,-0.3
T4_PC_w1_ND,T4,Ci,PC,1,ND,blue,643.9490445859873,-0.3
T4_PC_w1_ND,T4,Ci,PC,1,ND,blue,645.859872611465,-0.3
T4_PC_w1_ND,T4,Ci,PC,1,ND,blue,647.7707006369426,-0.3
T4_PC_w1_ND,T4,Ci,PC,1,ND,blue,649.6815286624203,-0.35
T4_PC_w1_ND,T4,Ci,PC,1,ND,blue,651.592356687898,-0.35
T4_PC_w1_ND,T4,Ci,PC,1,ND,blue,653.5031847133757,-0.3
T4_PC_w1_ND,T4,Ci,PC,1,ND,blue,655.4140127388534,-0.3
T4_PC_w1_ND,T4,Ci,PC,1,ND,blue,657.3248407643312,-0.3
T4_PC_w1_ND,T4,Ci,PC,1,ND,blue,659.2356687898089,-0.3
T4_PC_w1_ND,T4,Ci,PC,1,ND,blue,661.1464968152866,-0.3
T4_PC_w1_ND,T4,Ci,PC,1,ND,blue,663.0573248407643,-0.3
T4_PC_w1_ND,T4,Ci,PC,1,ND,blue,664.968152866242,-0.4
T4_PC_w1_ND,T4,Ci,PC,1,ND,blue,666.8789808917197,-0.4
T4_PC_w1_ND,T4,Ci,PC,1,ND,blue,668.7898089171974,-0.4
T4_PC_w1_ND,T4,Ci,PC,1,ND,blue,670.7006369426751,-0.55
T4_PC_w1_ND,T4,Ci,PC,1,ND,blue,672.6114649681529,-0.6
T4_PC_w1_ND,T4,Ci,PC,1,ND,blue,674.5222929936306,-0.8
T4_PC_w1_ND,T4,Ci,PC,1,ND,blue,676.4331210191083,-0.8
T4_PC_w1_ND,T4,Ci,PC,1,ND,blue,678.343949044586,-0.8
T4_PC_w1_ND,T4,Ci,PC,1,ND,blue,680.2547770700637,-0.8
T4_PC_w1_ND,T4,Ci,PC,1,ND,blue,682.1656050955414,-0.8
T4_PC_w1_ND,T4,Ci,PC,1,ND,blue,684.0764331210191,-0.8
T4_PC_w1_ND,T4,Ci,PC,1,ND,blue,685.9872611464968,-0.8
T4_PC_w1_ND,T4,Ci,PC,1,ND,blue,687.8980891719746,-0.7
T4_PC_w1_ND,T4,Ci,PC,1,ND,blue,689.8089171974523,-0.7
T4_PC_w1_ND,T4,Ci,PC,1,ND,blue,691.71974522293,-0.6
T4_PC_w1_ND,T4,Ci,PC,1,ND,blue,693.6305732484077,-0.3
T4_PC_w1_ND,T4,Ci,PC,1,ND,blue,695.5414012738854,-0.3
T4_PC_w1_ND,T4,Ci,PC,1,ND,blue,697.4522292993631,-0.25
T4_PC_w1_ND,T4,Ci,PC,1,ND,blue,699.3630573248408,-0.25
T4_PC_w1_ND,T4,Ci,PC,1,ND,blue,701.2738853503186,-0.2
T4_PC_w1_ND,T4,Ci,PC,1,ND,blue,703.1847133757963,-0.15
T4_PC_w1_ND,T4,Ci,PC,1,ND,blue,705.095541401274,-0.2
T4_PC_w1_ND,T4,Ci,PC,1,ND,blue,707.0063694267517,-0.15
T4_PC_w1_ND,T4,Ci,PC,1,ND,blue,708.9171974522294,0.0
T4_PC_w1_ND,T4,Ci,PC,1,ND,blue,710.8280254777071,0.1
T4_PC_w1_ND,T4,Ci,PC,1,ND,blue,712.7388535031847,0.1
T4_PC_w1_ND,T4,Ci,PC,1,ND,blue,714.6496815286624,0.1
T4_PC_w1_ND,T4,Ci,PC,1,ND,blue,716.5605095541401,0.1
T4_PC_w1_ND,T4,Ci,PC,1,ND,blue,718.4713375796179,0.1
T4_PC_w1_ND,T4,Ci,PC,1,ND,blue,720.3821656050957,0.05
T4_PC_w1_ND,T4,Ci,PC,1,ND,blue,722.2929936305733,0.05
T4_PC_w1_ND,T4,Ci,PC,1,ND,blue,724.203821656051,0.05
T4_PC_w1_ND,T4,Ci,PC,1,ND,blue,726.1146496815287,0.05
T4_PC_w1_ND,T4,Ci,PC,1,ND,blue,728.0254777070064,0.0
T4_PC_w1_ND,T4,Ci,PC,1,ND,blue,729.9363057324841,0.0
T4_PC_w1_ND,T4,Ci,PC,1,ND,blue,731.8471337579618,-0.1
T4_PC_w1_ND,T4,Ci,PC,1,ND,blue,733.7579617834396,-0.1
T4_PC_w1_ND,T4,Ci,PC,1,ND,blue,735.6687898089173,-0.2
T4_PC_w1_ND,T4,Ci,PC,1,ND,blue,737.579617834395,-0.5
T4_PC_w1_ND,T4,Ci,PC,1,ND,blue,739.4904458598727,-0.6
T4_PC_w1_ND,T4,Ci,PC,1,ND,blue,741.4012738853504,-0.6
T4_PC_w1_ND,T4,Ci,PC,1,ND,blue,743.3121019108281,-0.6
T4_PC_w1_ND,T4,Ci,PC,1,ND,blue,745.2229299363058,-0.6
T4_PC_w1_ND,T4,Ci,PC,1,ND,blue,747.1337579617834,-0.6
T4_PC_w1_ND,T4,Ci,PC,1,ND,blue,749.0445859872611,-0.25
T4_PC_w1_ND,T4,Ci,PC,1,ND,blue,750.9554140127389,-0.2
T4_PC_w1_ND,T4,Ci,PC,1,ND,blue,752.8662420382166,-0.15
T4_PC_w1_ND,T4,Ci,PC,1,ND,blue,754.7770700636943,-0.15
T4_PC_w1_ND,T4,Ci,PC,1,ND,blue,756.687898089172,-0.1
T4_PC_w1_ND,T4,Ci,PC,1,ND,blue,758.5987261146497,-0.1
T4_PC_w1_ND,T4,Ci,PC,1,ND,blue,760.5095541401274,-0.05
T4_PC_w1_ND,T4,Ci,PC,1,ND,blue,762.4203821656051,0.0
T4_PC_w1_ND,T4,Ci,PC,1,ND,blue,764.3312101910828,0.05
T4_PC_w1_ND,T4,Ci,PC,1,ND,blue,766.2420382165606,0.15
T4_PC_w1_ND,T4,Ci,PC,1,ND,blue,768.1528662420383,0.15
T4_PC_w1_ND,T4,Ci,PC,1,ND,blue,770.063694267516,0.2
T4_PC_w1_ND,T4,Ci,PC,1,ND,blue,771.9745222929937,0.2
T4_PC_w1_ND,T4,Ci,PC,1,ND,blue,773.8853503184714,0.2
T4_PC_w1_ND,T4,Ci,PC,1,ND,blue,775.7961783439491,0.2
T4_PC_w1_ND,T4,Ci,PC,1,ND,blue,777.7070063694268,0.2
T4_PC_w1_ND,T4,Ci,PC,1,ND,blue,779.6178343949045,0.2
T4_PC_w1_ND,T4,Ci,PC,1,ND,blue,781.5286624203823,0.2
T4_PC_w1_ND,T4,Ci,PC,1,ND,blue,783.4394904458599,0.2
T4_PC_w1_ND,T4,Ci,PC,1,ND,blue,785.3503184713376,0.15
T4_PC_w1_ND,T4,Ci,PC,1,ND,blue,787.2611464968153,0.1
T4_PC_w1_ND,T4,Ci,PC,1,ND,blue,789.171974522293,0.1
T4_PC_w1_ND,T4,Ci,PC,1,ND,blue,791.0828025477707,0.1
T4_PC_w1_ND,T4,Ci,PC,1,ND,blue,792.9936305732484,0.1
T4_PC_w1_ND,T4,Ci,PC,1,ND,blue,794.9044585987261,0.1
T4_PC_w1_ND,T4,Ci,PC,1,ND,blue,796.8152866242038,0.1
T4_PC_w1_ND,T4,Ci,PC,1,ND,blue,798.7261146496817,0.25
T4_PC_w1_ND,T4,Ci,PC,1,ND,blue,800.6369426751593,0.35
T4_PC_w1_ND,T4,Ci,PC,1,ND,blue,802.547770700637,0.4
T4_PC_w1_ND,T4,Ci,PC,1,ND,blue,804.4585987261147,0.4
T4_PC_w1_ND,T4,Ci,PC,1,ND,blue,806.3694267515924,0.4
T4_PC_w1_ND,T4,Ci,PC,1,ND,blue,808.2802547770701,0.4
T4_PC_w1_ND,T4,Ci,PC,1,ND,blue,810.1910828025478,0.4
T4_PC_w1_ND,T4,Ci,PC,1,ND,blue,812.1019108280257,0.4
T4_PC_w1_ND,T4,Ci,PC,1,ND,blue,814.0127388535033,0.4
T4_PC_w1_ND,T4,Ci,PC,1,ND,blue,815.923566878981,0.4
T4_PC_w1_ND,T4,Ci,PC,1,ND,blue,817.8343949044586,0.4
T4_PC_w1_ND,T4,Ci,PC,1,ND,blue,819.7452229299363,0.4
T4_PC_w1_ND,T4,Ci,PC,1,ND,blue,821.656050955414,0.4
T4_PC_w1_ND,T4,Ci,PC,1,ND,blue,823.5668789808917,0.45
T4_PC_w1_ND,T4,Ci,PC,1,ND,blue,825.4777070063694,0.45
T4_PC_w1_ND,T4,Ci,PC,1,ND,blue,827.3885350318471,0.45
T4_PC_w1_ND,T4,Ci,PC,1,ND,blue,829.2993630573249,0.45
T4_PC_w1_ND,T4,Ci,PC,1,ND,blue,831.2101910828026,0.45
T4_PC_w1_ND,T4,Ci,PC,1,ND,blue,833.1210191082803,0.25
T4_PC_w1_ND,T4,Ci,PC,1,ND,blue,835.031847133758,0.2
T4_PC_w1_ND,T4,Ci,PC,1,ND,blue,836.9426751592357,0.2
T4_PC_w1_ND,T4,Ci,PC,1,ND,blue,838.8535031847134,0.2
T4_PC_w1_ND,T4,Ci,PC,1,ND,blue,840.7643312101911,0.2
T4_PC_w1_ND,T4,Ci,PC,1,ND,blue,842.6751592356688,0.15
T4_PC_w1_ND,T4,Ci,PC,1,ND,blue,844.5859872611466,0.1
T4_PC_w1_ND,T4,Ci,PC,1,ND,blue,846.4968152866243,0.05
T4_PC_w1_ND,T4,Ci,PC,1,ND,blue,848.407643312102,0.05
T4_PC_w1_ND,T4,Ci,PC,1,ND,blue,850.3184713375797,0.0
T4_PC_w1_ND,T4,Ci,PC,1,ND,blue,852.2292993630573,0.05
T4_PC_w1_ND,T4,Ci,PC,1,ND,blue,854.140127388535,0.05
T4_PC_w1_ND,T4,Ci,PC,1,ND,blue,856.0509554140127,0.05
T4_PC_w1_ND,T4,Ci,PC,1,ND,blue,857.9617834394903,0.05
T4_PC_w1_ND,T4,Ci,PC,1,ND,blue,859.8726114649681,0.05
T4_PC_w1_ND,T4,Ci,PC,1,ND,blue,861.7834394904459,0.1
T4_PC_w1_ND,T4,Ci,PC,1,ND,blue,863.6942675159237,0.1
T4_PC_w1_ND,T4,Ci,PC,1,ND,blue,865.6050955414013,0.1
T4_PC_w1_ND,T4,Ci,PC,1,ND,blue,867.515923566879,0.1
T4_PC_w1_ND,T4,Ci,PC,1,ND,blue,869.4267515923567,0.1
T4_PC_w1_ND,T4,Ci,PC,1,ND,blue,871.3375796178344,0.05
T4_PC_w1_ND,T4,Ci,PC,1,ND,blue,873.248407643312,0.05
T4_PC_w1_ND,T4,Ci,PC,1,ND,blue,875.1592356687898,0.05
T4_PC_w1_ND,T4,Ci,PC,1,ND,blue,877.0700636942677,0.05
T4_PC_w1_ND,T4,Ci,PC,1,ND,blue,878.9808917197453,-0.1
T4_PC_w1_ND,T4,Ci,PC,1,ND,blue,880.891719745223,-0.1
T4_PC_w1_ND,T4,Ci,PC,1,ND,blue,882.8025477707007,-0.1
T4_PC_w1_ND,T4,Ci,PC,1,ND,blue,884.7133757961784,-0.1
T4_PC_w1_ND,T4,Ci,PC,1,ND,blue,886.624203821656,-0.1
T4_PC_w1_ND,T4,Ci,PC,1,ND,blue,888.5350318471337,-0.1
T4_PC_w1_ND,T4,Ci,PC,1,ND,blue,890.4458598726114,0.1
T4_PC_w1_ND,T4,Ci,PC,1,ND,blue,892.3566878980891,0.1
T4_PC_w1_ND,T4,Ci,PC,1,ND,blue,894.2675159235669,0.1
T4_PC_w1_ND,T4,Ci,PC,1,ND,blue,896.1783439490446,0.1
T4_PC_w1_ND,T4,Ci,PC,1,ND,blue,898.0891719745223,0.15
T4_PC_w1_ND,T4,Ci,PC,1,ND,blue,900.0,0.15
T4_PC_w1_ND,T4,Ci,PC,1,ND,blue,901.9108280254776,0.1
T4_PC_w1_ND,T4,Ci,PC,1,ND,blue,903.8216560509554,0.1
T4_PC_w4_PD,T4,Ci,PC,4,PD,red,0.0,0.0
T4_PC_w4_PD,T4,Ci,PC,4,PD,red,1.8480492813142178,0.05
T4_PC_w4_PD,T4,Ci,PC,4,PD,red,3.696098562628322,0.05
T4_PC_w4_PD,T4,Ci,PC,4,PD,red,5.544147843942483,0.05
T4_PC_w4_PD,T4,Ci,PC,4,PD,red,7.3921971252567005,0.05
T4_PC_w4_PD,T4,Ci,PC,4,PD,red,9.240246406570861,0.05
T4_PC_w4_PD,T4,Ci,PC,4,PD,red,11.088295687885022,0.05
T4_PC_w4_PD,T4,Ci,PC,4,PD,red,12.936344969199183,0.15
T4_PC_w4_PD,T4,Ci,PC,4,PD,red,14.784394250513344,0.15
T4_PC_w4_PD,T4,Ci,PC,4,PD,red,16.632443531827505,0.15
T4_PC_w4_PD,T4,Ci,PC,4,PD,red,18.480492813141666,0.2
T4_PC_w4_PD,T4,Ci,PC,4,PD,red,20.328542094455827,0.2
T4_PC_w4_PD,T4,Ci,PC,4,PD,red,22.176591375770002,0.2
T4_PC_w4_PD,T4,Ci,PC,4,PD,red,24.024640657084205,0.2
T4_PC_w4_PD,T4,Ci,PC,4,PD,red,25.872689938398423,0.2
T4_PC_w4_PD,T4,Ci,PC,4,PD,red,27.720739219712513,0.1
T4_PC_w4_PD,T4,Ci,PC,4,PD,red,29.568788501026674,0.1
T4_PC_w4_PD,T4,Ci,PC,4,PD,red,31.416837782340806,0.1
T4_PC_w4_PD,T4,Ci,PC,4,PD,red,33.264887063654996,0.05
T4_PC_w4_PD,T4,Ci,PC,4,PD,red,35.11293634496924,0.0
T4_PC_w4_PD,T4,Ci,PC,4,PD,red,36.9609856262834,0.0
T4_PC_w4_PD,T4,Ci,PC,4,PD,red,38.80903490759748,0.0
T4_PC_w4_PD,T4,Ci,PC,4,PD,red,40.657084188911725,0.0
T4_PC_w4_PD,T4,Ci,PC,4,PD,red,42.505133470225914,0.0
T4_PC_w4_PD,T4,Ci,PC,4,PD,red,44.353182751539975,0.0
T4_PC_w4_PD,T4,Ci,PC,4,PD,red,46.20123203285419,0.0
T4_PC_w4_PD,T4,Ci,PC,4,PD,red,48.0492813141683,0.0
T4_PC_w4_PD,T4,Ci,PC,4,PD,red,49.89733059548256,0.05
T4_PC_w4_PD,T4,Ci,PC,4,PD,red,55.44147843942504,0.6
T4_PC_w4_PD,T4,Ci,PC,4,PD,red,57.289527720739216,0.6
T4_PC_w4_PD,T4,Ci,PC,4,PD,red,59.137577002053376,0.7
T4_PC_w4_PD,T4,Ci,PC,4,PD,red,60.98562628336754,0.75
T4_PC_w4_PD,T4,Ci,PC,4,PD,red,62.8336755646817,0.75
T4_PC_w4_PD,T4,Ci,PC,4,PD,red,64.68172484599586,0.8
T4_PC_w4_PD,T4,Ci,PC,4,PD,red,66.52977412731008,0.8
T4_PC_w4_PD,T4,Ci,PC,4,PD,red,68.37782340862424,0.8
T4_PC_w4_PD,T4,Ci,PC,4,PD,red,70.2258726899384,0.8
T4_PC_w4_PD,T4,Ci,PC,4,PD,red,72.07392197125262,0.8
T4_PC_w4_PD,T4,Ci,PC,4,PD,red,73.92197125256672,0.8
T4_PC_w4_PD,T4,Ci,PC,4,PD,red,75.77002053388088,0.8
T4_PC_w4_PD,T4,Ci,PC,4,PD,red,77.6180698151951,0.8
T4_PC_w4_PD,T4,Ci,PC,4,PD,red,79.46611909650926,0.85
T4_PC_w4_PD,T4,Ci,PC,4,PD,red,81.31416837782342,0.9
T4_PC_w4_PD,T4,Ci,PC,4,PD,red,83.16221765913758,0.95
T4_PC_w4_PD,T4,Ci,PC,4,PD,red,85.01026694045174,1.0
T4_PC_w4_PD,T4,Ci,PC,4,PD,red,86.8583162217659,1.0
T4_PC_w4_PD,T4,Ci,PC,4,PD,red,88.70636550308001,1.0
T4_PC_w4_PD,T4,Ci,PC,4,PD,red,90.55441478439424,1.0
T4_PC_w4_PD,T4,Ci,PC,4,PD,red,92.4024640657084,1.0
T4_PC_w4_PD,T4,Ci,PC,4,PD,red,94.2505133470226,1.0
T4_PC_w4_PD,T4,Ci,PC,4,PD,red,96.09856262833677,1.05
T4_PC_w4_PD,T4,Ci,PC,4,PD,red,97.94661190965093,1.05
T4_PC_w4_PD,T4,Ci,PC,4,PD,red,99.79466119096509,1.05
T4_PC_w4_PD,T4,Ci,PC,4,PD,red,101.64271047227923,1.05
T4_PC_w4_PD,T4,Ci,PC,4,PD,red,103.4907597535934,1.1
T4_PC_w4_PD,T4,Ci,PC,4,PD,red,105.33880903490764,1.1
T4_PC_w4_PD,T4,Ci,PC,4,PD,red,107.1868583162218,1.1
T4_PC_w4_PD,T4,Ci,PC,4,PD,red,109.03490759753596,1.1
T4_PC_w4_PD,T4,Ci,PC,4,PD,red,110.88295687885012,1.1
T4_PC_w4_PD,T4,Ci,PC,4,PD,red,112.73100616016427,1.1
T4_PC_w4_PD,T4,Ci,PC,4,PD,red,114.57905544147836,1.15
T4_PC_w4_PD,T4,Ci,PC,4,PD,red,116.4271047227926,1.25
T4_PC_w4_PD,T4,Ci,PC,4,PD,red,118.27515400410677,1.25
T4_PC_w4_PD,T4,Ci,PC,4,PD,red,120.12320328542096,1.25
T4_PC_w4_PD,T4,Ci,PC,4,PD,red,121.97125256673512,1.25
T4_PC_w4_PD,T4,Ci,PC,4,PD,red,123.81930184804928,1.25
T4_PC_w4_PD,T4,Ci,PC,4,PD,red,125.66735112936344,1.2
T4_PC_w4_PD,T4,Ci,PC,4,PD,red,127.5154004106776,1.15
T4_PC_w4_PD,T4,Ci,PC,4,PD,red,129.36344969199178,1.1
T4_PC_w4_PD,T4,Ci,PC,4,PD,red,131.211498973306,1.0
T4_PC_w4_PD,T4,Ci,PC,4,PD,red,133.05954825462015,0.9
T4_PC_w4_PD,T4,Ci,PC,4,PD,red,134.90759753593431,0.85
T4_PC_w4_PD,T4,Ci,PC,4,PD,red,136.75564681724848,0.8
T4_PC_w4_PD,T4,Ci,PC,4,PD,red,138.60369609856264,0.7
T4_PC_w4_PD,T4,Ci,PC,4,PD,red,140.4517453798768,0.7
T4_PC_w4_PD,T4,Ci,PC,4,PD,red,142.29979466119096,0.65
T4_PC_w4_PD,T4,Ci,PC,4,PD,red,144.14784394250512,0.65
T4_PC_w4_PD,T4,Ci,PC,4,PD,red,145.99589322381928,0.65
T4_PC_w4_PD,T4,Ci,PC,4,PD,red,147.84394250513344,0.65
T4_PC_w4_PD,T4,Ci,PC,4,PD,red,149.6919917864476,0.65
T4_PC_w4_PD,T4,Ci,PC,4,PD,red,151.54004106776176,0.7
T4_PC_w4_PD,T4,Ci,PC,4,PD,red,153.38809034907598,0.75
T4_PC_w4_PD,T4,Ci,PC,4,PD,red,155.23613963039014,0.75
T4_PC_w4_PD,T4,Ci,PC,4,PD,red,157.08418891170436,0.75
T4_PC_w4_PD,T4,Ci,PC,4,PD,red,158.93223819301852,0.75
T4_PC_w4_PD,T4,Ci,PC,4,PD,red,160.78028747433268,0.75
T4_PC_w4_PD,T4,Ci,PC,4,PD,red,162.6283367556468,0.75
T4_PC_w4_PD,T4,Ci,PC,4,PD,red,164.47638603696095,0.7
T4_PC_w4_PD,T4,Ci,PC,4,PD,red,166.32443531827516,0.7
T4_PC_w4_PD,T4,Ci,PC,4,PD,red,168.17248459958932,0.7
T4_PC_w4_PD,T4,Ci,PC,4,PD,red,170.02053388090349,0.65
T4_PC_w4_PD,T4,Ci,PC,4,PD,red,171.86858316221765,0.65
T4_PC_w4_PD,T4,Ci,PC,4,PD,red,177.41273100616013,0.35
T4_PC_w4_PD,T4,Ci,PC,4,PD,red,179.26078028747435,0.3
T4_PC_w4_PD,T4,Ci,PC,4,PD,red,181.1088295687885,0.3
T4_PC_w4_PD,T4,Ci,PC,4,PD,red,182.95687885010267,0.3
T4_PC_w4_PD,T4,Ci,PC,4,PD,red,184.8049281314168,0.3
T4_PC_w4_PD,T4,Ci,PC,4,PD,red,186.652977412731,0.35
T4_PC_w4_PD,T4,Ci,PC,4,PD,red,188.5010266940452,0.35
T4_PC_w4_PD,T4,Ci,PC,4,PD,red,190.3490759753593,0.4
T4_PC_w4_PD,T4,Ci,PC,4,PD,red,192.19712525667356,0.5
T4_PC_w4_PD,T4,Ci,PC,4,PD,red,194.0451745379877,0.5
T4_PC_w4_PD,T4,Ci,PC,4,PD,red,195.89322381930188,0.5
T4_PC_w4_PD,T4,Ci,PC,4,PD,red,197.741273100616,0.5
T4_PC_w4_PD,T4,Ci,PC,4,PD,red,199.5893223819302,0.5
T4_PC_w4_PD,T4,Ci,PC,4,PD,red,201.4373716632444,0.5
T4_PC_w4_PD,T4,Ci,PC,4,PD,red,203.28542094455844,0.5
T4_PC_w4_PD,T4,Ci,PC,4,PD,red,205.1334702258727,0.5
T4_PC_w4_PD,T4,Ci,PC,4,PD,red,206.98151950718685,0.5
T4_PC_w4_PD,T4,Ci,PC,4,PD,red,208.82956878850104,0.5
T4_PC_w4_PD,T4,Ci,PC,4,PD,red,210.6776180698152,0.55
T4_PC_w4_PD,T4,Ci,PC,4,PD,red,212.52566735112936,0.55
T4_PC_w4_PD,T4,Ci,PC,4,PD,red,214.37371663244355,0.6
T4_PC_w4_PD,T4,Ci,PC,4,PD,red,216.2217659137577,0.6
T4_PC_w4_PD,T4,Ci,PC,4,PD,red,218.06981519507187,0.6
T4_PC_w4_PD,T4,Ci,PC,4,PD,red,219.9178644763861,0.6
T4_PC_w4_PD,T4,Ci,PC,4,PD,red,221.7659137577002,0.6
T4_PC_w4_PD,T4,Ci,PC,4,PD,red,223.6139630390144,0.65
T4_PC_w4_PD,T4,Ci,PC,4,PD,red,225.4620123203285,0.7
T4_PC_w4_PD,T4,Ci,PC,4,PD,red,227.3100616016428,0.8
T4_PC_w4_PD,T4,Ci,PC,4,PD,red,229.1581108829569,0.85
T4_PC_w4_PD,T4,Ci,PC,4,PD,red,231.00616016427108,0.95
T4_PC_w4_PD,T4,Ci,PC,4,PD,red,232.8542094455852,1.0
T4_PC_w4_PD,T4,Ci,PC,4,PD,red,234.70225872689937,1.05
T4_PC_w4_PD,T4,Ci,PC,4,PD,red,236.5503080082136,1.1
T4_PC_w4_PD,T4,Ci,PC,4,PD,red,238.3983572895277,1.1
T4_PC_w4_PD,T4,Ci,PC,4,PD,red,240.24640657084194,1.15
T4_PC_w4_PD,T4,Ci,PC,4,PD,red,242.09445585215605,1.2
T4_PC_w4_PD,T4,Ci,PC,4,PD,red,243.94250513347023,1.35
T4_PC_w4_PD,T4,Ci,PC,4,PD,red,245.7905544147844,1.45
T4_PC_w4_PD,T4,Ci,PC,4,PD,red,247.63860369609856,1.5
T4_PC_w4_PD,T4,Ci,PC,4,PD,red,249.4866529774128,1.65
T4_PC_w4_PD,T4,Ci,PC,4,PD,red,251.33470225872688,1.7
T4_PC_w4_PD,T4,Ci,PC,4,PD,red,253.18275154004107,1.75
T4_PC_w4_PD,T4,Ci,PC,4,PD,red,255.0308008213552,1.85
T4_PC_w4_PD,T4,Ci,PC,4,PD,red,256.8788501026694,1.9
T4_PC_w4_PD,T4,Ci,PC,4,PD,red,258.72689938398355,2.0
T4_PC_w4_PD,T4,Ci,PC,4,PD,red,260.57494866529777,2.0
T4_PC_w4_PD,T4,Ci,PC,4,PD,red,262.422997946612,2.0
T4_PC_w4_PD,T4,Ci,PC,4,PD,red,264.2710472279261,2.95
T4_PC_w4_PD,T4,Ci,PC,4,PD,red,266.1190965092403,3.0
T4_PC_w4_PD,T4,Ci,PC,4,PD,red,267.9671457905544,3.0
T4_PC_w4_PD,T4,Ci,PC,4,PD,red,269.8151950718686,3.15
T4_PC_w4_PD,T4,Ci,PC,4,PD,red,271.66324435318273,3.3
T4_PC_w4_PD,T4,Ci,PC,4,PD,red,273.5112936344969,3.5
T4_PC_w4_PD,T4,Ci,PC,4,PD,red,275.35934291581106,3.7
T4_PC_w4_PD,T4,Ci,PC,4,PD,red,277.2073921971253,3.85
T4_PC_w4_PD,T4,Ci,PC,4,PD,red,279.05544147843943,4.05
T4_PC_w4_PD,T4,Ci,PC,4,PD,red,280.9034907597536,4.3
T4_PC_w4_PD,T4,Ci,PC,4,PD,red,282.75154004106776,4.5
T4_PC_w4_PD,T4,Ci,PC,4,PD,red,284.599589322382,4.75
T4_PC_w4_PD,T4,Ci,PC,4,PD,red,286.4476386036961,5.05
T4_PC_w4_PD,T4,Ci,PC,4,PD,red,288.29568788501024,5.3
T4_PC_w4_PD,T4,Ci,PC,4,PD,red,290.14373716632446,5.5
T4_PC_w4_PD,T4,Ci,PC,4,PD,red,291.99178644763856,5.75
T4_PC_w4_PD,T4,Ci,PC,4,PD,red,293.8398357289528,6.1
T4_PC_w4_PD,T4,Ci,PC,4,PD,red,295.68788501026694,6.35
T4_PC_w4_PD,T4,Ci,PC,4,PD,red,297.5359342915811,6.65
T4_PC_w4_PD,T4,Ci,PC,4,PD,red,299.38398357289526,6.9
T4_PC_w4_PD,T4,Ci,PC,4,PD,red,301.2320328542095,7.15
T4_PC_w4_PD,T4,Ci,PC,4,PD,red,303.0800821355236,7.45
T4_PC_w4_PD,T4,Ci,PC,4,PD,red,304.9281314168378,7.75
T4_PC_w4_PD,T4,Ci,PC,4,PD,red,306.776180698152,8.0
T4_PC_w4_PD,T4,Ci,PC,4,PD,red,308.6242299794661,8.3
T4_PC_w4_PD,T4,Ci,PC,4,PD,red,310.4722792607803,8.7
T4_PC_w4_PD,T4,Ci,PC,4,PD,red,312.32032854209444,9.0
T4_PC_w4_PD,T4,Ci,PC,4,PD,red,314.16837782340866,9.3
T4_PC_w4_PD,T4,Ci,PC,4,PD,red,316.0164271047228,9.55
T4_PC_w4_PD,T4,Ci,PC,4,PD,red,317.864476386037,9.9
T4_PC_w4_PD,T4,Ci,PC,4,PD,red,319.71252566735114,10.2
T4_PC_w4_PD,T4,Ci,PC,4,PD,red,321.5605749486653,10.4
T4_PC_w4_PD,T4,Ci,PC,4,PD,red,323.40862422997947,10.6
T4_PC_w4_PD,T4,Ci,PC,4,PD,red,325.2566735112937,10.85
T4_PC_w4_PD,T4,Ci,PC,4,PD,red,327.1047227926078,11.0
T4_PC_w4_PD,T4,Ci,PC,4,PD,red,328.95277207392195,11.25
T4_PC_w4_PD,T4,Ci,PC,4,PD,red,330.80082135523617,11.55
T4_PC_w4_PD,T4,Ci,PC,4,PD,red,332.64887063655027,11.85
T4_PC_w4_PD,T4,Ci,PC,4,PD,red,334.4969199178645,12.2
T4_PC_w4_PD,T4,Ci,PC,4,PD,red,336.34496919917865,12.6
T4_PC_w4_PD,T4,Ci,PC,4,PD,red,338.1930184804928,12.95
T4_PC_w4_PD,T4,Ci,PC,4,PD,red,340.04106776180697,13.2
T4_PC_w4_PD,T4,Ci,PC,4,PD,red,341.8891170431212,13.5
T4_PC_w4_PD,T4,Ci,PC,4,PD,red,343.7371663244353,13.85
T4_PC_w4_PD,T4,Ci,PC,4,PD,red,345.58521560574945,14.1
T4_PC_w4_PD,T4,Ci,PC,4,PD,red,347.4332648870637,14.3
T4_PC_w4_PD,T4,Ci,PC,4,PD,red,349.28131416837783,14.5
T4_PC_w4_PD,T4,Ci,PC,4,PD,red,351.129363449692,14.75
T4_PC_w4_PD,T4,Ci,PC,4,PD,red,352.9774127310061,15.05
T4_PC_w4_PD,T4,Ci,PC,4,PD,red,354.8254620123203,15.35
T4_PC_w4_PD,T4,Ci,PC,4,PD,red,356.6735112936345,15.6
T4_PC_w4_PD,T4,Ci,PC,4,PD,red,358.5215605749487,16.05
T4_PC_w4_PD,T4,Ci,PC,4,PD,red,360.36960985626285,16.45
T4_PC_w4_PD,T4,Ci,PC,4,PD,red,362.217659137577,16.7
T4_PC_w4_PD,T4,Ci,PC,4,PD,red,364.0657084188912,16.95
T4_PC_w4_PD,T4,Ci,PC,4,PD,red,365.9137577002053,17.3
T4_PC_w4_PD,T4,Ci,PC,4,PD,red,367.7618069815195,17.65
T4_PC_w4_PD,T4,Ci,PC,4,PD,red,369.60985626283366,17.95
T4_PC_w4_PD,T4,Ci,PC,4,PD,red,371.4579055441479,18.25
T4_PC_w4_PD,T4,Ci,PC,4,PD,red,373.305954825462,18.4
T4_PC_w4_PD,T4,Ci,PC,4,PD,red,375.1540041067762,18.55
T4_PC_w4_PD,T4,Ci,PC,4,PD,red,377.0020533880904,18.8
T4_PC_w4_PD,T4,Ci,PC,4,PD,red,378.85010266940446,19.3
T4_PC_w4_PD,T4,Ci,PC,4,PD,red,380.6981519507187,19.55
T4_PC_w4_PD,T4,Ci,PC,4,PD,red,382.5462012320329,19.75
T4_PC_w4_PD,T4,Ci,PC,4,PD,red,384.394250513347,20.05
T4_PC_w4_PD,T4,Ci,PC,4,PD,red,386.2422997946612,20.35
T4_PC_w4_PD,T4,Ci,PC,4,PD,red,388.0903490759754,20.6
T4_PC_w4_PD,T4,Ci,PC,4,PD,red,389.9383983572895,20.85
T4_PC_w4_PD,T4,Ci,PC,4,PD,red,391.7864476386037,21.05
T4_PC_w4_PD,T4,Ci,PC,4,PD,red,393.63449691991786,21.15
T4_PC_w4_PD,T4,Ci,PC,4,PD,red,395.482546201232,21.15
T4_PC_w4_PD,T4,Ci,PC,4,PD,red,397.3305954825462,21.25
T4_PC_w4_PD,T4,Ci,PC,4,PD,red,399.1786447638604,21.25
T4_PC_w4_PD,T4,Ci,PC,4,PD,red,401.0266940451745,21.45
T4_PC_w4_PD,T4,Ci,PC,4,PD,red,402.8747433264888,21.55
T4_PC_w4_PD,T4,Ci,PC,4,PD,red,404.7227926078029,21.75
T4_PC_w4_PD,T4,Ci,PC,4,PD,red,406.57084188911705,21.9
T4_PC_w4_PD,T4,Ci,PC,4,PD,red,408.4188911704312,22.25
T4_PC_w4_PD,T4,Ci,PC,4,PD,red,410.26694045174537,22.7
T4_PC_w4_PD,T4,Ci,PC,4,PD,red,412.1149897330596,22.9
T4_PC_w4_PD,T4,Ci,PC,4,PD,red,413.9630390143737,23.1
T4_PC_w4_PD,T4,Ci,PC,4,PD,red,415.8110882956879,23.25
T4_PC_w4_PD,T4,Ci,PC,4,PD,red,417.65913757700207,23.5
T4_PC_w4_PD,T4,Ci,PC,4,PD,red,419.5071868583162,23.7
T4_PC_w4_PD,T4,Ci,PC,4,PD,red,421.3552361396304,23.7
T4_PC_w4_PD,T4,Ci,PC,4,PD,red,423.2032854209445,23.7
T4_PC_w4_PD,T4,Ci,PC,4,PD,red,425.0513347022587,23.7
T4_PC_w4_PD,T4,Ci,PC,4,PD,red,426.8993839835729,23.7
T4_PC_w4_PD,T4,Ci,PC,4,PD,red,428.7474332648871,23.7
T4_PC_w4_PD,T4,Ci,PC,4,PD,red,430.5954825462012,23.7
T4_PC_w4_PD,T4,Ci,PC,4,PD,red,432.4435318275154,23.7
T4_PC_w4_PD,T4,Ci,PC,4,PD,red,434.2915811088296,23.7
T4_PC_w4_PD,T4,Ci,PC,4,PD,red,436.1396303901437,23.7
T4_PC_w4_PD,T4,Ci,PC,4,PD,red,437.9876796714579,23.65
T4_PC_w4_PD,T4,Ci,PC,4,PD,red,439.8357289527721,23.45
T4_PC_w4_PD,T4,Ci,PC,4,PD,red,441.6837782340862,23.35
T4_PC_w4_PD,T4,Ci,PC,4,PD,red,443.5318275154004,23.3
T4_PC_w4_PD,T4,Ci,PC,4,PD,red,445.3798767967146,23.1
T4_PC_w4_PD,T4,Ci,PC,4,PD,red,447.2279260780288,22.7
T4_PC_w4_PD,T4,Ci,PC,4,PD,red,449.0759753593429,22.55
T4_PC_w4_PD,T4,Ci,PC,4,PD,red,450.9240246406571,22.5
T4_PC_w4_PD,T4,Ci,PC,4,PD,red,452.7720739219712,22.3
T4_PC_w4_PD,T4,Ci,PC,4,PD,red,454.6201232032855,22.25
T4_PC_w4_PD,T4,Ci,PC,4,PD,red,456.4681724845996,22.15
T4_PC_w4_PD,T4,Ci,PC,4,PD,red,458.3162217659138,21.95
T4_PC_w4_PD,T4,Ci,PC,4,PD,red,460.1642710472279,21.75
T4_PC_w4_PD,T4,Ci,PC,4,PD,red,462.0123203285421,21.6
T4_PC_w4_PD,T4,Ci,PC,4,PD,red,463.8603696098563,21.45
T4_PC_w4_PD,T4,Ci,PC,4,PD,red,465.7084188911704,21.2
T4_PC_w4_PD,T4,Ci,PC,4,PD,red,467.5564681724846,20.9
T4_PC_w4_PD,T4,Ci,PC,4,PD,red,469.4045174537988,20.65
T4_PC_w4_PD,T4,Ci,PC,4,PD,red,471.25256673511296,20.45
T4_PC_w4_PD,T4,Ci,PC,4,PD,red,473.1006160164271,20.3
T4_PC_w4_PD,T4,Ci,PC,4,PD,red,474.9486652977413,20.05
T4_PC_w4_PD,T4,Ci,PC,4,PD,red,476.7967145790554,19.8
T4_PC_w4_PD,T4,Ci,PC,4,PD,red,478.64476386036966,19.55
T4_PC_w4_PD,T4,Ci,PC,4,PD,red,480.4928131416838,19.35
T4_PC_w4_PD,T4,Ci,PC,4,PD,red,482.340862422998,19.05
T4_PC_w4_PD,T4,Ci,PC,4,PD,red,484.1889117043121,18.7
T4_PC_w4_PD,T4,Ci,PC,4,PD,red,486.0369609856263,18.25
T4_PC_w4_PD,T4,Ci,PC,4,PD,red,487.88501026694047,17.9
T4_PC_w4_PD,T4,Ci,PC,4,PD,red,489.7330595482546,17.7
T4_PC_w4_PD,T4,Ci,PC,4,PD,red,491.5811088295688,17.3
T4_PC_w4_PD,T4,Ci,PC,4,PD,red,493.4291581108829,16.85
T4_PC_w4_PD,T4,Ci,PC,4,PD,red,495.2772073921972,16.4
T4_PC_w4_PD,T4,Ci,PC,4,PD,red,497.1252566735113,16.05
T4_PC_w4_PD,T4,Ci,PC,4,PD,red,498.9733059548255,15.8
T4_PC_w4_PD,T4,Ci,PC,4,PD,red,500.8213552361396,15.4
T4_PC_w4_PD,T4,Ci,PC,4,PD,red,502.66940451745376,15.0
T4_PC_w4_PD,T4,Ci,PC,4,PD,red,504.517453798768,14.65
T4_PC_w4_PD,T4,Ci,PC,4,PD,red,506.3655030800821,14.35
T4_PC_w4_PD,T4,Ci,PC,4,PD,red,508.2135523613963,14.0
T4_PC_w4_PD,T4,Ci,PC,4,PD,red,510.06160164271046,13.7
T4_PC_w4_PD,T4,Ci,PC,4,PD,red,511.9096509240247,13.25
T4_PC_w4_PD,T4,Ci,PC,4,PD,red,513.7577002053388,12.7
T4_PC_w4_PD,T4,Ci,PC,4,PD,red,515.6057494866529,12.3
T4_PC_w4_PD,T4,Ci,PC,4,PD,red,517.4537987679671,12.0
T4_PC_w4_PD,T4,Ci,PC,4,PD,red,519.3018480492813,11.65
T4_PC_w4_PD,T4,Ci,PC,4,PD,red,521.1498973305955,11.15
T4_PC_w4_PD,T4,Ci,PC,4,PD,red,522.9979466119097,10.8
T4_PC_w4_PD,T4,Ci,PC,4,PD,red,524.845995893224,10.4
T4_PC_w4_PD,T4,Ci,PC,4,PD,red,526.6940451745379,10.1
T4_PC_w4_PD,T4,Ci,PC,4,PD,red,528.5420944558522,9.8
T4_PC_w4_PD,T4,Ci,PC,4,PD,red,530.3901437371665,9.5
T4_PC_w4_PD,T4,Ci,PC,4,PD,red,532.2381930184805,9.2
T4_PC_w4_PD,T4,Ci,PC,4,PD,red,534.0862422997947,8.9
T4_PC_w4_PD,T4,Ci,PC,4,PD,red,535.9342915811088,8.7
T4_PC_w4_PD,T4,Ci,PC,4,PD,red,537.782340862423,8.6
T4_PC_w4_PD,T4,Ci,PC,4,PD,red,539.6303901437373,8.4
T4_PC_w4_PD,T4,Ci,PC,4,PD,red,541.4784394250513,7.75
T4_PC_w4_PD,T4,Ci,PC,4,PD,red,543.3264887063656,7.0
T4_PC_w4_PD,T4,Ci,PC,4,PD,red,545.1745379876797,6.7
T4_PC_w4_PD,T4,Ci,PC,4,PD,red,547.0225872689939,6.5
T4_PC_w4_PD,T4,Ci,PC,4,PD,red,548.8706365503081,6.35
T4_PC_w4_PD,T4,Ci,PC,4,PD,red,550.7186858316221,6.05
T4_PC_w4_PD,T4,Ci,PC,4,PD,red,552.5667351129364,5.7
T4_PC_w4_PD,T4,Ci,PC,4,PD,red,554.4147843942505,5.45
T4_PC_w4_PD,T4,Ci,PC,4,PD,red,556.2628336755647,5.2
T4_PC_w4_PD,T4,Ci,PC,4,PD,red,558.1108829568789,4.85
T4_PC_w4_PD,T4,Ci,PC,4,PD,red,559.958932238193,4.5
T4_PC_w4_PD,T4,Ci,PC,4,PD,red,561.8069815195072,4.2
T4_PC_w4_PD,T4,Ci,PC,4,PD,red,563.6550308008214,3.95
T4_PC_w4_PD,T4,Ci,PC,4,PD,red,565.5030800821355,3.7
T4_PC_w4_PD,T4,Ci,PC,4,PD,red,567.3511293634497,3.4
T4_PC_w4_PD,T4,Ci,PC,4,PD,red,569.1991786447641,3.05
T4_PC_w4_PD,T4,Ci,PC,4,PD,red,571.047227926078,2.8
T4_PC_w4_PD,T4,Ci,PC,4,PD,red,572.8952772073922,2.65
T4_PC_w4_PD,T4,Ci,PC,4,PD,red,574.7433264887063,2.4
T4_PC_w4_PD,T4,Ci,PC,4,PD,red,576.5913757700205,2.15
T4_PC_w4_PD,T4,Ci,PC,4,PD,red,578.4394250513349,1.95
T4_PC_w4_PD,T4,Ci,PC,4,PD,red,580.2874743326489,1.7
T4_PC_w4_PD,T4,Ci,PC,4,PD,red,582.1355236139631,1.5
T4_PC_w4_PD,T4,Ci,PC,4,PD,red,583.9835728952771,1.35
T4_PC_w4_PD,T4,Ci,PC,4,PD,red,585.8316221765914,1.2
T4_PC_w4_PD,T4,Ci,PC,4,PD,red,587.6796714579057,1.0
T4_PC_w4_PD,T4,Ci,PC,4,PD,red,589.5277207392197,0.8
T4_PC_w4_PD,T4,Ci,PC,4,PD,red,591.3757700205339,0.7
T4_PC_w4_PD,T4,Ci,PC,4,PD,red,593.2238193018482,0.55
T4_PC_w4_PD,T4,Ci,PC,4,PD,red,595.0718685831622,0.45
T4_PC_w4_PD,T4,Ci,PC,4,PD,red,596.9199178644765,0.35
T4_PC_w4_PD,T4,Ci,PC,4,PD,red,598.7679671457905,0.15
T4_PC_w4_PD,T4,Ci,PC,4,PD,red,600.6160164271047,0.0
T4_PC_w4_PD,T4,Ci,PC,4,PD,red,602.464065708419,-0.1
T4_PC_w4_PD,T4,Ci,PC,4,PD,red,604.3121149897331,-0.25
T4_PC_w4_PD,T4,Ci,PC,4,PD,red,606.1601642710473,-0.35
T4_PC_w4_PD,T4,Ci,PC,4,PD,red,608.0082135523613,-0.55
T4_PC_w4_PD,T4,Ci,PC,4,PD,red,609.8562628336756,-0.65
T4_PC_w4_PD,T4,Ci,PC,4,PD,red,611.7043121149898,-0.75
T4_PC_w4_PD,T4,Ci,PC,4,PD,red,613.5523613963039,-0.9
T4_PC_w4_PD,T4,Ci,PC,4,PD,red,615.4004106776181,-1.0
T4_PC_w4_PD,T4,Ci,PC,4,PD,red,617.2484599589322,-1.1
T4_PC_w4_PD,T4,Ci,PC,4,PD,red,619.0965092402464,-1.15
T4_PC_w4_PD,T4,Ci,PC,4,PD,red,620.9445585215606,-1.25
T4_PC_w4_PD,T4,Ci,PC,4,PD,red,622.7926078028747,-1.35
T4_PC_w4_PD,T4,Ci,PC,4,PD,red,624.6406570841889,-1.45
T4_PC_w4_PD,T4,Ci,PC,4,PD,red,626.4887063655033,-1.5
T4_PC_w4_PD,T4,Ci,PC,4,PD,red,628.3367556468173,-1.55
T4_PC_w4_PD,T4,Ci,PC,4,PD,red,630.1848049281314,-1.65
T4_PC_w4_PD,T4,Ci,PC,4,PD,red,632.0328542094455,-1.65
T4_PC_w4_PD,T4,Ci,PC,4,PD,red,633.8809034907597,-1.75
T4_PC_w4_PD,T4,Ci,PC,4,PD,red,635.7289527720741,-1.8
T4_PC_w4_PD,T4,Ci,PC,4,PD,red,637.5770020533881,-1.8
T4_PC_w4_PD,T4,Ci,PC,4,PD,red,639.4250513347023,-1.85
T4_PC_w4_PD,T4,Ci,PC,4,PD,red,641.2731006160163,-1.95
T4_PC_w4_PD,T4,Ci,PC,4,PD,red,643.1211498973306,-2.05
T4_PC_w4_PD,T4,Ci,PC,4,PD,red,644.9691991786449,-2.1
T4_PC_w4_PD,T4,Ci,PC,4,PD,red,646.8172484599588,-2.2
T4_PC_w4_PD,T4,Ci,PC,4,PD,red,648.6652977412731,-2.3
T4_PC_w4_PD,T4,Ci,PC,4,PD,red,650.5133470225874,-2.4
T4_PC_w4_PD,T4,Ci,PC,4,PD,red,652.3613963039014,-2.5
T4_PC_w4_PD,T4,Ci,PC,4,PD,red,654.2094455852156,-2.6
T4_PC_w4_PD,T4,Ci,PC,4,PD,red,656.0574948665297,-2.65
T4_PC_w4_PD,T4,Ci,PC,4,PD,red,657.9055441478439,-2.75
T4_PC_w4_PD,T4,Ci,PC,4,PD,red,659.7535934291582,-2.8
T4_PC_w4_PD,T4,Ci,PC,4,PD,red,661.6016427104723,-2.8
T4_PC_w4_PD,T4,Ci,PC,4,PD,red,663.4496919917865,-2.8
T4_PC_w4_PD,T4,Ci,PC,4,PD,red,665.2977412731005,-2.85
T4_PC_w4_PD,T4,Ci,PC,4,PD,red,667.1457905544148,-2.9
T4_PC_w4_PD,T4,Ci,PC,4,PD,red,668.993839835729,-2.95
T4_PC_w4_PD,T4,Ci,PC,4,PD,red,670.8418891170431,-2.95
T4_PC_w4_PD,T4,Ci,PC,4,PD,red,672.6899383983573,-3.0
T4_PC_w4_PD,T4,Ci,PC,4,PD,red,674.5379876796715,-3.0
T4_PC_w4_PD,T4,Ci,PC,4,PD,red,676.3860369609856,-3.05
T4_PC_w4_PD,T4,Ci,PC,4,PD,red,678.2340862422998,-3.1
T4_PC_w4_PD,T4,Ci,PC,4,PD,red,680.0821355236139,-3.15
T4_PC_w4_PD,T4,Ci,PC,4,PD,red,681.9301848049281,-3.25
T4_PC_w4_PD,T4,Ci,PC,4,PD,red,683.7782340862424,-3.3
T4_PC_w4_PD,T4,Ci,PC,4,PD,red,685.6262833675565,-3.3
T4_PC_w4_PD,T4,Ci,PC,4,PD,red,687.4743326488706,-3.35
T4_PC_w4_PD,T4,Ci,PC,4,PD,red,689.3223819301847,-3.35
T4_PC_w4_PD,T4,Ci,PC,4,PD,red,691.1704312114989,-3.35
T4_PC_w4_PD,T4,Ci,PC,4,PD,red,693.0184804928132,-3.35
T4_PC_w4_PD,T4,Ci,PC,4,PD,red,694.8665297741273,-3.4
T4_PC_w4_PD,T4,Ci,PC,4,PD,red,696.7145790554415,-3.4
T4_PC_w4_PD,T4,Ci,PC,4,PD,red,698.5626283367557,-3.4
T4_PC_w4_PD,T4,Ci,PC,4,PD,red,700.4106776180698,-3.45
T4_PC_w4_PD,T4,Ci,PC,4,PD,red,702.258726899384,-3.45
T4_PC_w4_PD,T4,Ci,PC,4,PD,red,704.1067761806981,-3.5
T4_PC_w4_PD,T4,Ci,PC,4,PD,red,705.9548254620123,-3.5
T4_PC_w4_PD,T4,Ci,PC,4,PD,red,707.8028747433266,-3.55
T4_PC_w4_PD,T4,Ci,PC,4,PD,red,709.6509240246406,-3.6
T4_PC_w4_PD,T4,Ci,PC,4,PD,red,711.4989733059548,-3.6
T4_PC_w4_PD,T4,Ci,PC,4,PD,red,713.3470225872688,-3.6
T4_PC_w4_PD,T4,Ci,PC,4,PD,red,715.1950718685831,-3.65
T4_PC_w4_PD,T4,Ci,PC,4,PD,red,717.0431211498974,-3.7
T4_PC_w4_PD,T4,Ci,PC,4,PD,red,718.8911704312115,-3.7
T4_PC_w4_PD,T4,Ci,PC,4,PD,red,720.7392197125257,-3.7
T4_PC_w4_PD,T4,Ci,PC,4,PD,red,722.5872689938398,-3.7
T4_PC_w4_PD,T4,Ci,PC,4,PD,red,724.435318275154,-3.75
T4_PC_w4_PD,T4,Ci,PC,4,PD,red,726.2833675564682,-3.8
T4_PC_w4_PD,T4,Ci,PC,4,PD,red,728.1314168377824,-3.85
T4_PC_w4_PD,T4,Ci,PC,4,PD,red,729.9794661190965,-3.95
T4_PC_w4_PD,T4,Ci,PC,4,PD,red,731.8275154004107,-4.0
T4_PC_w4_PD,T4,Ci,PC,4,PD,red,733.6755646817248,-4.05
T4_PC_w4_PD,T4,Ci,PC,4,PD,red,735.523613963039,-4.15
T4_PC_w4_PD,T4,Ci,PC,4,PD,red,737.3716632443532,-4.2
T4_PC_w4_PD,T4,Ci,PC,4,PD,red,739.2197125256673,-4.3
T4_PC_w4_PD,T4,Ci,PC,4,PD,red,741.0677618069816,-4.3
T4_PC_w4_PD,T4,Ci,PC,4,PD,red,742.9158110882956,-4.35
T4_PC_w4_PD,T4,Ci,PC,4,PD,red,744.7638603696098,-4.4
T4_PC_w4_PD,T4,Ci,PC,4,PD,red,746.611909650924,-4.45
T4_PC_w4_PD,T4,Ci,PC,4,PD,red,748.4599589322381,-4.5
T4_PC_w4_PD,T4,Ci,PC,4,PD,red,750.3080082135524,-4.5
T4_PC_w4_PD,T4,Ci,PC,4,PD,red,752.1560574948666,-4.55
T4_PC_w4_PD,T4,Ci,PC,4,PD,red,754.0041067761807,-4.65
T4_PC_w4_PD,T4,Ci,PC,4,PD,red,755.8521560574949,-4.7
T4_PC_w4_PD,T4,Ci,PC,4,PD,red,757.700205338809,-4.7
T4_PC_w4_PD,T4,Ci,PC,4,PD,red,759.5482546201232,-4.7
T4_PC_w4_PD,T4,Ci,PC,4,PD,red,761.3963039014374,-4.7
T4_PC_w4_PD,T4,Ci,PC,4,PD,red,763.2443531827515,-4.8
T4_PC_w4_PD,T4,Ci,PC,4,PD,red,765.0924024640658,-4.8
T4_PC_w4_PD,T4,Ci,PC,4,PD,red,766.94045174538,-4.8
T4_PC_w4_PD,T4,Ci,PC,4,PD,red,768.788501026694,-4.8
T4_PC_w4_PD,T4,Ci,PC,4,PD,red,770.6365503080082,-4.8
T4_PC_w4_PD,T4,Ci,PC,4,PD,red,772.4845995893224,-4.8
T4_PC_w4_PD,T4,Ci,PC,4,PD,red,774.3326488706366,-4.8
T4_PC_w4_PD,T4,Ci,PC,4,PD,red,776.1806981519508,-4.8
T4_PC_w4_PD,T4,Ci,PC,4,PD,red,778.0287474332649,-4.8
T4_PC_w4_PD,T4,Ci,PC,4,PD,red,779.876796714579,-4.7
T4_PC_w4_PD,T4,Ci,PC,4,PD,red,781.7248459958932,-4.7
T4_PC_w4_PD,T4,Ci,PC,4,PD,red,783.5728952772074,-4.7
T4_PC_w4_PD,T4,Ci,PC,4,PD,red,785.4209445585216,-4.7
T4_PC_w4_PD,T4,Ci,PC,4,PD,red,787.2689938398357,-4.7
T4_PC_w4_PD,T4,Ci,PC,4,PD,red,789.1170431211499,-4.7
T4_PC_w4_PD,T4,Ci,PC,4,PD,red,790.965092402464,-4.7
T4_PC_w4_PD,T4,Ci,PC,4,PD,red,792.8131416837782,-4.7
T4_PC_w4_PD,T4,Ci,PC,4,PD,red,794.6611909650924,-4.7
T4_PC_w4_PD,T4,Ci,PC,4,PD,red,796.5092402464065,-4.7
T4_PC_w4_PD,T4,Ci,PC,4,PD,red,798.3572895277208,-4.7
T4_PC_w4_PD,T4,Ci,PC,4,PD,red,800.205338809035,-4.65
T4_PC_w4_PD,T4,Ci,PC,4,PD,red,802.053388090349,-4.6
T4_PC_w4_PD,T4,Ci,PC,4,PD,red,803.9014373716632,-4.6
T4_PC_w4_PD,T4,Ci,PC,4,PD,red,805.7494866529773,-4.6
T4_PC_w4_PD,T4,Ci,PC,4,PD,red,807.5975359342916,-4.6
T4_PC_w4_PD,T4,Ci,PC,4,PD,red,809.4455852156058,-4.6
T4_PC_w4_PD,T4,Ci,PC,4,PD,red,811.29363449692,-4.65
T4_PC_w4_PD,T4,Ci,PC,4,PD,red,813.1416837782341,-4.65
T4_PC_w4_PD,T4,Ci,PC,4,PD,red,814.9897330595483,-4.7
T4_PC_w4_PD,T4,Ci,PC,4,PD,red,816.8377823408624,-4.7
T4_PC_w4_PD,T4,Ci,PC,4,PD,red,818.6858316221766,-4.75
T4_PC_w4_PD,T4,Ci,PC,4,PD,red,820.5338809034907,-4.8
T4_PC_w4_PD,T4,Ci,PC,4,PD,red,822.381930184805,-4.8
T4_PC_w4_PD,T4,Ci,PC,4,PD,red,824.2299794661192,-4.8
T4_PC_w4_PD,T4,Ci,PC,4,PD,red,826.0780287474332,-4.8
T4_PC_w4_PD,T4,Ci,PC,4,PD,red,827.9260780287474,-4.85
T4_PC_w4_PD,T4,Ci,PC,4,PD,red,829.7741273100617,-4.95
T4_PC_w4_PD,T4,Ci,PC,4,PD,red,831.6221765913758,-4.95
T4_PC_w4_PD,T4,Ci,PC,4,PD,red,833.47022587269,-5.0
T4_PC_w4_PD,T4,Ci,PC,4,PD,red,835.3182751540041,-5.0
T4_PC_w4_PD,T4,Ci,PC,4,PD,red,837.1663244353182,-5.0
T4_PC_w4_PD,T4,Ci,PC,4,PD,red,839.0143737166325,-5.0
T4_PC_w4_PD,T4,Ci,PC,4,PD,red,840.8624229979466,-5.0
T4_PC_w4_PD,T4,Ci,PC,4,PD,red,842.7104722792608,-5.0
T4_PC_w4_PD,T4,Ci,PC,4,PD,red,844.558521560575,-5.0
T4_PC_w4_PD,T4,Ci,PC,4,PD,red,846.4065708418891,-5.0
T4_PC_w4_PD,T4,Ci,PC,4,PD,red,848.2546201232033,-5.0
T4_PC_w4_PD,T4,Ci,PC,4,PD,red,850.1026694045174,-5.0
T4_PC_w4_PD,T4,Ci,PC,4,PD,red,851.9507186858316,-4.95
T4_PC_w4_PD,T4,Ci,PC,4,PD,red,853.7987679671457,-4.9
T4_PC_w4_PD,T4,Ci,PC,4,PD,red,855.64681724846,-4.9
T4_PC_w4_PD,T4,Ci,PC,4,PD,red,857.4948665297742,-4.8
T4_PC_w4_PD,T4,Ci,PC,4,PD,red,859.3429158110885,-4.75
T4_PC_w4_PD,T4,Ci,PC,4,PD,red,861.1909650924024,-4.75
T4_PC_w4_PD,T4,Ci,PC,4,PD,red,863.0390143737166,-4.7
T4_PC_w4_PD,T4,Ci,PC,4,PD,red,864.8870636550307,-4.6
T4_PC_w4_PD,T4,Ci,PC,4,PD,red,866.735112936345,-4.6
T4_PC_w4_PD,T4,Ci,PC,4,PD,red,868.5831622176593,-4.55
T4_PC_w4_PD,T4,Ci,PC,4,PD,red,870.4312114989733,-4.5
T4_PC_w4_PD,T4,Ci,PC,4,PD,red,872.2792607802875,-4.5
T4_PC_w4_PD,T4,Ci,PC,4,PD,red,874.1273100616015,-4.5
T4_PC_w4_PD,T4,Ci,PC,4,PD,red,875.9753593429158,-4.5
T4_PC_w4_PD,T4,Ci,PC,4,PD,red,877.8234086242301,-4.5
T4_PC_w4_PD,T4,Ci,PC,4,PD,red,879.6714579055442,-4.45
T4_PC_w4_PD,T4,Ci,PC,4,PD,red,881.5195071868584,-4.45
T4_PC_w4_PD,T4,Ci,PC,4,PD,red,883.3675564681726,-4.45
T4_PC_w4_PD,T4,Ci,PC,4,PD,red,885.2156057494866,-4.45
T4_PC_w4_PD,T4,Ci,PC,4,PD,red,887.0636550308009,-4.45
T4_PC_w4_PD,T4,Ci,PC,4,PD,red,888.911704312115,-4.45
T4_PC_w4_PD,T4,Ci,PC,4,PD,red,890.7597535934292,-4.5
T4_PC_w4_PD,T4,Ci,PC,4,PD,red,892.6078028747434,-4.5
T4_PC_w4_PD,T4,Ci,PC,4,PD,red,894.4558521560575,-4.5
T4_PC_w4_PD,T4,Ci,PC,4,PD,red,896.3039014373717,-4.55
T4_PC_w4_PD,T4,Ci,PC,4,PD,red,898.1519507186858,-4.55
T4_PC_w4_PD,T4,Ci,PC,4,PD,red,900.0,-4.55
T4_PC_w4_ND,T4,Ci,PC,4,ND,blue,0.0,0.0
T4_PC_w4_ND,T4,Ci,PC,4,ND,blue,1.8480492813142178,0.0
T4_PC_w4_ND,T4,Ci,PC,4,ND,blue,3.696098562628322,-0.1
T4_PC_w4_ND,T4,Ci,PC,4,ND,blue,7.3921971252567005,-0.1
T4_PC_w4_ND,T4,Ci,PC,4,ND,blue,9.240246406570861,-0.1
T4_PC_w4_ND,T4,Ci,PC,4,ND,blue,20.328542094455827,-0.1
T4_PC_w4_ND,T4,Ci,PC,4,ND,blue,22.176591375770002,-0.1
T4_PC_w4_ND,T4,Ci,PC,4,ND,blue,29.568788501026674,-0.1
T4_PC_w4_ND,T4,Ci,PC,4,ND,blue,44.353182751539975,-0.2
T4_PC_w4_ND,T4,Ci,PC,4,ND,blue,46.20123203285419,-0.2
T4_PC_w4_ND,T4,Ci,PC,4,ND,blue,51.74537987679672,-0.3
T4_PC_w4_ND,T4,Ci,PC,4,ND,blue,53.593429158110894,-0.9
T4_PC_w4_ND,T4,Ci,PC,4,ND,blue,57.289527720739216,-1.0
T4_PC_w4_ND,T4,Ci,PC,4,ND,blue,59.137577002053376,-1.0
T4_PC_w4_ND,T4,Ci,PC,4,ND,blue,60.98562628336754,-1.0
T4_PC_w4_ND,T4,Ci,PC,4,ND,blue,64.68172484599586,-1.1
T4_PC_w4_ND,T4,Ci,PC,4,ND,blue,66.52977412731008,-1.1
T4_PC_w4_ND,T4,Ci,PC,4,ND,blue,68.37782340862424,-1.1
T4_PC_w4_ND,T4,Ci,PC,4,ND,blue,73.92197125256672,-1.1
T4_PC_w4_ND,T4,Ci,PC,4,ND,blue,75.77002053388088,-1.1
T4_PC_w4_ND,T4,Ci,PC,4,ND,blue,77.6180698151951,-1.1
T4_PC_w4_ND,T4,Ci,PC,4,ND,blue,86.8583162217659,-0.8
T4_PC_w4_ND,T4,Ci,PC,4,ND,blue,88.70636550308001,-0.8
T4_PC_w4_ND,T4,Ci,PC,4,ND,blue,92.4024640657084,-0.7
T4_PC_w4_ND,T4,Ci,PC,4,ND,blue,94.2505133470226,-0.6
T4_PC_w4_ND,T4,Ci,PC,4,ND,blue,97.94661190965093,-0.6
T4_PC_w4_ND,T4,Ci,PC,4,ND,blue,99.79466119096509,-0.6
T4_PC_w4_ND,T4,Ci,PC,4,ND,blue,103.4907597535934,-0.6
T4_PC_w4_ND,T4,Ci,PC,4,ND,blue,105.33880903490764,-0.6
T4_PC_w4_ND,T4,Ci,PC,4,ND,blue,107.1868583162218,-0.6
T4_PC_w4_ND,T4,Ci,PC,4,ND,blue,109.03490759753596,-0.6
T4_PC_w4_ND,T4,Ci,PC,4,ND,blue,110.88295687885012,-0.6
T4_PC_w4_ND,T4,Ci,PC,4,ND,blue,112.73100616016427,-0.5
T4_PC_w4_ND,T4,Ci,PC,4,ND,blue,114.57905544147836,-0.5
T4_PC_w4_ND,T4,Ci,PC,4,ND,blue,116.4271047227926,-0.5
T4_PC_w4_ND,T4,Ci,PC,4,ND,blue,118.27515400410677,-0.4
T4_PC_w4_ND,T4,Ci,PC,4,ND,blue,120.12320328542096,-0.5
T4_PC_w4_ND,T4,Ci,PC,4,ND,blue,121.97125256673512,-0.5
T4_PC_w4_ND,T4,Ci,PC,4,ND,blue,123.81930184804928,-0.5
T4_PC_w4_ND,T4,Ci,PC,4,ND,blue,125.66735112936344,-0.5
T4_PC_w4_ND,T4,Ci,PC,4,ND,blue,127.5154004106776,-0.55
T4_PC_w4_ND,T4,Ci,PC,4,ND,blue,129.36344969199178,-0.6
T4_PC_w4_ND,T4,Ci,PC,4,ND,blue,134.90759753593431,-0.75
T4_PC_w4_ND,T4,Ci,PC,4,ND,blue,136.75564681724848,-0.8
T4_PC_w4_ND,T4,Ci,PC,4,ND,blue,138.60369609856264,-0.9
T4_PC_w4_ND,T4,Ci,PC,4,ND,blue,142.29979466119096,-0.8
T4_PC_w4_ND,T4,Ci,PC,4,ND,blue,149.6919917864476,-0.8
T4_PC_w4_ND,T4,Ci,PC,4,ND,blue,151.54004106776176,-0.8
T4_PC_w4_ND,T4,Ci,PC,4,ND,blue,153.38809034907598,-0.8
T4_PC_w4_ND,T4,Ci,PC,4,ND,blue,155.23613963039014,-0.9
T4_PC_w4_ND,T4,Ci,PC,4,ND,blue,157.08418891170436,-1.0
T4_PC_w4_ND,T4,Ci,PC,4,ND,blue,158.93223819301852,-0.95
T4_PC_w4_ND,T4,Ci,PC,4,ND,blue,160.78028747433268,-0.9
T4_PC_w4_ND,T4,Ci,PC,4,ND,blue,162.6283367556468,-0.9
T4_PC_w4_ND,T4,Ci,PC,4,ND,blue,164.47638603696095,-0.9
T4_PC_w4_ND,T4,Ci,PC,4,ND,blue,166.32443531827516,-0.9
T4_PC_w4_ND,T4,Ci,PC,4,ND,blue,168.17248459958932,-0.9
T4_PC_w4_ND,T4,Ci,PC,4,ND,blue,170.02053388090349,-0.9
T4_PC_w4_ND,T4,Ci,PC,4,ND,blue,171.86858316221765,-0.9
T4_PC_w4_ND,T4,Ci,PC,4,ND,blue,173.7166324435318,-0.8
T4_PC_w4_ND,T4,Ci,PC,4,ND,blue,179.26078028747435,0.2
T4_PC_w4_ND,T4,Ci,PC,4,ND,blue,182.95687885010267,0.3
T4_PC_w4_ND,T4,Ci,PC,4,ND,blue,186.652977412731,0.4
T4_PC_w4_ND,T4,Ci,PC,4,ND,blue,188.5010266940452,0.55
T4_PC_w4_ND,T4,Ci,PC,4,ND,blue,190.3490759753593,0.65
T4_PC_w4_ND,T4,Ci,PC,4,ND,blue,192.19712525667356,0.8
T4_PC_w4_ND,T4,Ci,PC,4,ND,blue,194.0451745379877,0.8
T4_PC_w4_ND,T4,Ci,PC,4,ND,blue,195.89322381930188,0.8
T4_PC_w4_ND,T4,Ci,PC,4,ND,blue,197.741273100616,0.8
T4_PC_w4_ND,T4,Ci,PC,4,ND,blue,199.5893223819302,0.8
T4_PC_w4_ND,T4,Ci,PC,4,ND,blue,201.4373716632444,0.8
T4_PC_w4_ND,T4,Ci,PC,4,ND,blue,203.28542094455844,0.8
T4_PC_w4_ND,T4,Ci,PC,4,ND,blue,205.1334702258727,0.8
T4_PC_w4_ND,T4,Ci,PC,4,ND,blue,206.98151950718685,0.8
T4_PC_w4_ND,T4,Ci,PC,4,ND,blue,208.82956878850104,0.85
T4_PC_w4_ND,T4,Ci,PC,4,ND,blue,210.6776180698152,0.85
T4_PC_w4_ND,T4,Ci,PC,4,ND,blue,212.52566735112936,0.85
T4_PC_w4_ND,T4,Ci,PC,4,ND,blue,214.37371663244355,0.85
T4_PC_w4_ND,T4,Ci,PC,4,ND,blue,216.2217659137577,0.85
T4_PC_w4_ND,T4,Ci,PC,4,ND,blue,218.06981519507187,0.85
T4_PC_w4_ND,T4,Ci,PC,4,ND,blue,219.9178644763861,0.85
T4_PC_w4_ND,T4,Ci,PC,4,ND,blue,221.7659137577002,0.9
T4_PC_w4_ND,T4,Ci,PC,4,ND,blue,223.6139630390144,1.0
T4_PC_w4_ND,T4,Ci,PC,4,ND,blue,225.4620123203285,1.4
T4_PC_w4_ND,T4,Ci,PC,4,ND,blue,227.3100616016428,1.5
T4_PC_w4_ND,T4,Ci,PC,4,ND,blue,229.1581108829569,1.55
T4_PC_w4_ND,T4,Ci,PC,4,ND,blue,231.00616016427108,1.6
T4_PC_w4_ND,T4,Ci,PC,4,ND,blue,232.8542094455852,1.6
T4_PC_w4_ND,T4,Ci,PC,4,ND,blue,234.70225872689937,1.7
T4_PC_w4_ND,T4,Ci,PC,4,ND,blue,236.5503080082136,1.7
T4_PC_w4_ND,T4,Ci,PC,4,ND,blue,238.3983572895277,2.0
T4_PC_w4_ND,T4,Ci,PC,4,ND,blue,240.24640657084194,2.0
T4_PC_w4_ND,T4,Ci,PC,4,ND,blue,242.09445585215605,2.05
T4_PC_w4_ND,T4,Ci,PC,4,ND,blue,243.94250513347023,2.05
T4_PC_w4_ND,T4,Ci,PC,4,ND,blue,245.7905544147844,2.05
T4_PC_w4_ND,T4,Ci,PC,4,ND,blue,247.63860369609856,2.05
T4_PC_w4_ND,T4,Ci,PC,4,ND,blue,249.4866529774128,2.1
T4_PC_w4_ND,T4,Ci,PC,4,ND,blue,251.33470225872688,2.1
T4_PC_w4_ND,T4,Ci,PC,4,ND,blue,253.18275154004107,2.1
T4_PC_w4_ND,T4,Ci,PC,4,ND,blue,255.0308008213552,2.2
T4_PC_w4_ND,T4,Ci,PC,4,ND,blue,256.8788501026694,2.2
T4_PC_w4_ND,T4,Ci,PC,4,ND,blue,258.72689938398355,2.2
T4_PC_w4_ND,T4,Ci,PC,4,ND,blue,260.57494866529777,2.2
T4_PC_w4_ND,T4,Ci,PC,4,ND,blue,262.422997946612,2.2
T4_PC_w4_ND,T4,Ci,PC,4,ND,blue,264.2710472279261,0.95
T4_PC_w4_ND,T4,Ci,PC,4,ND,blue,266.1190965092403,0.95
T4_PC_w4_ND,T4,Ci,PC,4,ND,blue,267.9671457905544,0.95
T4_PC_w4_ND,T4,Ci,PC,4,ND,blue,269.8151950718686,0.95
T4_PC_w4_ND,T4,Ci,PC,4,ND,blue,271.66324435318273,0.9
T4_PC_w4_ND,T4,Ci,PC,4,ND,blue,273.5112936344969,0.75
T4_PC_w4_ND,T4,Ci,PC,4,ND,blue,275.35934291581106,0.75
T4_PC_w4_ND,T4,Ci,PC,4,ND,blue,277.2073921971253,0.85
T4_PC_w4_ND,T4,Ci,PC,4,ND,blue,279.05544147843943,0.95
T4_PC_w4_ND,T4,Ci,PC,4,ND,blue,280.9034907597536,0.85
T4_PC_w4_ND,T4,Ci,PC,4,ND,blue,282.75154004106776,0.85
T4_PC_w4_ND,T4,Ci,PC,4,ND,blue,284.599589322382,0.85
T4_PC_w4_ND,T4,Ci,PC,4,ND,blue,286.4476386036961,0.85
T4_PC_w4_ND,T4,Ci,PC,4,ND,blue,288.29568788501024,1.0
T4_PC_w4_ND,T4,Ci,PC,4,ND,blue,290.14373716632446,1.05
T4_PC_w4_ND,T4,Ci,PC,4,ND,blue,291.99178644763856,1.1
T4_PC_w4_ND,T4,Ci,PC,4,ND,blue,293.8398357289528,1.1
T4_PC_w4_ND,T4,Ci,PC,4,ND,blue,295.68788501026694,1.05
T4_PC_w4_ND,T4,Ci,PC,4,ND,blue,297.5359342915811,1.05
T4_PC_w4_ND,T4,Ci,PC,4,ND,blue,299.38398357289526,1.05
T4_PC_w4_ND,T4,Ci,PC,4,ND,blue,301.2320328542095,0.85
T4_PC_w4_ND,T4,Ci,PC,4,ND,blue,303.0800821355236,0.85
T4_PC_w4_ND,T4,Ci,PC,4,ND,blue,304.9281314168378,0.85
T4_PC_w4_ND,T4,Ci,PC,4,ND,blue,306.776180698152,0.8
T4_PC_w4_ND,T4,Ci,PC,4,ND,blue,308.6242299794661,0.8
T4_PC_w4_ND,T4,Ci,PC,4,ND,blue,310.4722792607803,0.85
T4_PC_w4_ND,T4,Ci,PC,4,ND,blue,312.32032854209444,0.9
T4_PC_w4_ND,T4,Ci,PC,4,ND,blue,314.16837782340866,1.1
T4_PC_w4_ND,T4,Ci,PC,4,ND,blue,316.0164271047228,1.3
T4_PC_w4_ND,T4,Ci,PC,4,ND,blue,317.864476386037,1.45
T4_PC_w4_ND,T4,Ci,PC,4,ND,blue,319.71252566735114,1.5
T4_PC_w4_ND,T4,Ci,PC,4,ND,blue,321.5605749486653,1.7
T4_PC_w4_ND,T4,Ci,PC,4,ND,blue,323.40862422997947,1.75
T4_PC_w4_ND,T4,Ci,PC,4,ND,blue,325.2566735112937,1.85
T4_PC_w4_ND,T4,Ci,PC,4,ND,blue,327.1047227926078,1.85
T4_PC_w4_ND,T4,Ci,PC,4,ND,blue,328.95277207392195,1.9
T4_PC_w4_ND,T4,Ci,PC,4,ND,blue,330.80082135523617,1.95
T4_PC_w4_ND,T4,Ci,PC,4,ND,blue,332.64887063655027,1.95
T4_PC_w4_ND,T4,Ci,PC,4,ND,blue,334.4969199178645,1.9
T4_PC_w4_ND,T4,Ci,PC,4,ND,blue,336.34496919917865,1.9
T4_PC_w4_ND,T4,Ci,PC,4,ND,blue,338.1930184804928,1.85
T4_PC_w4_ND,T4,Ci,PC,4,ND,blue,340.04106776180697,1.8
T4_PC_w4_ND,T4,Ci,PC,4,ND,blue,341.8891170431212,1.8
T4_PC_w4_ND,T4,Ci,PC,4,ND,blue,343.7371663244353,1.8
T4_PC_w4_ND,T4,Ci,PC,4,ND,blue,345.58521560574945,1.8
T4_PC_w4_ND,T4,Ci,PC,4,ND,blue,347.4332648870637,1.8
T4_PC_w4_ND,T4,Ci,PC,4,ND,blue,349.28131416837783,1.8
T4_PC_w4_ND,T4,Ci,PC,4,ND,blue,351.129363449692,1.8
T4_PC_w4_ND,T4,Ci,PC,4,ND,blue,352.9774127310061,1.8
T4_PC_w4_ND,T4,Ci,PC,4,ND,blue,354.8254620123203,1.8
T4_PC_w4_ND,T4,Ci,PC,4,ND,blue,356.6735112936345,1.8
T4_PC_w4_ND,T4,Ci,PC,4,ND,blue,358.5215605749487,1.9
T4_PC_w4_ND,T4,Ci,PC,4,ND,blue,360.36960985626285,1.95
T4_PC_w4_ND,T4,Ci,PC,4,ND,blue,362.217659137577,2.1
T4_PC_w4_ND,T4,Ci,PC,4,ND,blue,364.0657084188912,2.3
T4_PC_w4_ND,T4,Ci,PC,4,ND,blue,365.9137577002053,2.5
T4_PC_w4_ND,T4,Ci,PC,4,ND,blue,367.7618069815195,2.5
T4_PC_w4_ND,T4,Ci,PC,4,ND,blue,369.60985626283366,2.5
T4_PC_w4_ND,T4,Ci,PC,4,ND,blue,371.4579055441479,2.6
T4_PC_w4_ND,T4,Ci,PC,4,ND,blue,373.305954825462,3.0
T4_PC_w4_ND,T4,Ci,PC,4,ND,blue,375.1540041067762,3.0
T4_PC_w4_ND,T4,Ci,PC,4,ND,blue,377.0020533880904,3.0
T4_PC_w4_ND,T4,Ci,PC,4,ND,blue,378.85010266940446,3.0
T4_PC_w4_ND,T4,Ci,PC,4,ND,blue,380.6981519507187,3.25
T4_PC_w4_ND,T4,Ci,PC,4,ND,blue,382.5462012320329,3.3
T4_PC_w4_ND,T4,Ci,PC,4,ND,blue,384.394250513347,3.35
T4_PC_w4_ND,T4,Ci,PC,4,ND,blue,386.2422997946612,3.4
T4_PC_w4_ND,T4,Ci,PC,4,ND,blue,388.0903490759754,3.4
T4_PC_w4_ND,T4,Ci,PC,4,ND,blue,389.9383983572895,3.45
T4_PC_w4_ND,T4,Ci,PC,4,ND,blue,391.7864476386037,3.6
T4_PC_w4_ND,T4,Ci,PC,4,ND,blue,393.63449691991786,3.65
T4_PC_w4_ND,T4,Ci,PC,4,ND,blue,395.482546201232,3.7
T4_PC_w4_ND,T4,Ci,PC,4,ND,blue,397.3305954825462,3.7
T4_PC_w4_ND,T4,Ci,PC,4,ND,blue,399.1786447638604,3.7
T4_PC_w4_ND,T4,Ci,PC,4,ND,blue,401.0266940451745,4.7
T4_PC_w4_ND,T4,Ci,PC,4,ND,blue,402.8747433264888,4.75
T4_PC_w4_ND,T4,Ci,PC,4,ND,blue,404.7227926078029,4.8
T4_PC_w4_ND,T4,Ci,PC,4,ND,blue,406.57084188911705,4.85
T4_PC_w4_ND,T4,Ci,PC,4,ND,blue,408.4188911704312,4.85
T4_PC_w4_ND,T4,Ci,PC,4,ND,blue,410.26694045174537,4.85
T4_PC_w4_ND,T4,Ci,PC,4,ND,blue,412.1149897330596,4.8
T4_PC_w4_ND,T4,Ci,PC,4,ND,blue,413.9630390143737,4.75
T4_PC_w4_ND,T4,Ci,PC,4,ND,blue,415.8110882956879,4.75
T4_PC_w4_ND,T4,Ci,PC,4,ND,blue,417.65913757700207,4.8
T4_PC_w4_ND,T4,Ci,PC,4,ND,blue,419.5071868583162,4.85
T4_PC_w4_ND,T4,Ci,PC,4,ND,blue,421.3552361396304,4.85
T4_PC_w4_ND,T4,Ci,PC,4,ND,blue,423.2032854209445,4.85
T4_PC_w4_ND,T4,Ci,PC,4,ND,blue,425.0513347022587,5.1
T4_PC_w4_ND,T4,Ci,PC,4,ND,blue,426.8993839835729,5.95
T4_PC_w4_ND,T4,Ci,PC,4,ND,blue,428.7474332648871,6.45
T4_PC_w4_ND,T4,Ci,PC,4,ND,blue,430.5954825462012,6.6
T4_PC_w4_ND,T4,Ci,PC,4,ND,blue,432.4435318275154,6.6
T4_PC_w4_ND,T4,Ci,PC,4,ND,blue,434.2915811088296,6.6
T4_PC_w4_ND,T4,Ci,PC,4,ND,blue,436.1396303901437,6.65
T4_PC_w4_ND,T4,Ci,PC,4,ND,blue,437.9876796714579,6.7
T4_PC_w4_ND,T4,Ci,PC,4,ND,blue,439.8357289527721,6.8
T4_PC_w4_ND,T4,Ci,PC,4,ND,blue,441.6837782340862,6.8
T4_PC_w4_ND,T4,Ci,PC,4,ND,blue,443.5318275154004,6.85
T4_PC_w4_ND,T4,Ci,PC,4,ND,blue,445.3798767967146,6.85
T4_PC_w4_ND,T4,Ci,PC,4,ND,blue,447.2279260780288,7.0
T4_PC_w4_ND,T4,Ci,PC,4,ND,blue,449.0759753593429,7.4
T4_PC_w4_ND,T4,Ci,PC,4,ND,blue,450.9240246406571,7.5
T4_PC_w4_ND,T4,Ci,PC,4,ND,blue,452.7720739219712,7.55
T4_PC_w4_ND,T4,Ci,PC,4,ND,blue,454.6201232032855,7.6
T4_PC_w4_ND,T4,Ci,PC,4,ND,blue,456.4681724845996,7.6
T4_PC_w4_ND,T4,Ci,PC,4,ND,blue,458.3162217659138,7.6
T4_PC_w4_ND,T4,Ci,PC,4,ND,blue,460.1642710472279,7.6
T4_PC_w4_ND,T4,Ci,PC,4,ND,blue,462.0123203285421,7.6
T4_PC_w4_ND,T4,Ci,PC,4,ND,blue,463.8603696098563,7.6
T4_PC_w4_ND,T4,Ci,PC,4,ND,blue,465.7084188911704,7.6
T4_PC_w4_ND,T4,Ci,PC,4,ND,blue,467.5564681724846,7.6
T4_PC_w4_ND,T4,Ci,PC,4,ND,blue,469.4045174537988,7.6
T4_PC_w4_ND,T4,Ci,PC,4,ND,blue,471.25256673511296,7.6
T4_PC_w4_ND,T4,Ci,PC,4,ND,blue,473.1006160164271,7.6
T4_PC_w4_ND,T4,Ci,PC,4,ND,blue,474.9486652977413,7.6
T4_PC_w4_ND,T4,Ci,PC,4,ND,blue,476.7967145790554,7.55
T4_PC_w4_ND,T4,Ci,PC,4,ND,blue,478.64476386036966,7.55
T4_PC_w4_ND,T4,Ci,PC,4,ND,blue,480.4928131416838,7.55
T4_PC_w4_ND,T4,Ci,PC,4,ND,blue,482.340862422998,7.55
T4_PC_w4_ND,T4,Ci,PC,4,ND,blue,484.1889117043121,7.55
T4_PC_w4_ND,T4,Ci,PC,4,ND,blue,486.0369609856263,7.55
T4_PC_w4_ND,T4,Ci,PC,4,ND,blue,487.88501026694047,7.55
T4_PC_w4_ND,T4,Ci,PC,4,ND,blue,489.7330595482546,7.55
T4_PC_w4_ND,T4,Ci,PC,4,ND,blue,491.5811088295688,7.6
T4_PC_w4_ND,T4,Ci,PC,4,ND,blue,493.4291581108829,7.6
T4_PC_w4_ND,T4,Ci,PC,4,ND,blue,495.2772073921972,7.55
T4_PC_w4_ND,T4,Ci,PC,4,ND,blue,497.1252566735113,7.55
T4_PC_w4_ND,T4,Ci,PC,4,ND,blue,498.9733059548255,7.55
T4_PC_w4_ND,T4,Ci,PC,4,ND,blue,500.8213552361396,7.6
T4_PC_w4_ND,T4,Ci,PC,4,ND,blue,502.66940451745376,7.45
T4_PC_w4_ND,T4,Ci,PC,4,ND,blue,504.517453798768,7.35
T4_PC_w4_ND,T4,Ci,PC,4,ND,blue,506.3655030800821,7.35
T4_PC_w4_ND,T4,Ci,PC,4,ND,blue,508.2135523613963,7.25
T4_PC_w4_ND,T4,Ci,PC,4,ND,blue,510.06160164271046,7.1
T4_PC_w4_ND,T4,Ci,PC,4,ND,blue,511.9096509240247,7.15
T4_PC_w4_ND,T4,Ci,PC,4,ND,blue,513.7577002053388,7.15
T4_PC_w4_ND,T4,Ci,PC,4,ND,blue,515.6057494866529,7.15
T4_PC_w4_ND,T4,Ci,PC,4,ND,blue,517.4537987679671,6.9
T4_PC_w4_ND,T4,Ci,PC,4,ND,blue,519.3018480492813,6.8
T4_PC_w4_ND,T4,Ci,PC,4,ND,blue,521.1498973305955,6.8
T4_PC_w4_ND,T4,Ci,PC,4,ND,blue,522.9979466119097,6.8
T4_PC_w4_ND,T4,Ci,PC,4,ND,blue,524.845995893224,6.8
T4_PC_w4_ND,T4,Ci,PC,4,ND,blue,526.6940451745379,6.65
T4_PC_w4_ND,T4,Ci,PC,4,ND,blue,528.5420944558522,6.45
T4_PC_w4_ND,T4,Ci,PC,4,ND,blue,530.3901437371665,6.4
T4_PC_w4_ND,T4,Ci,PC,4,ND,blue,532.2381930184805,6.35
T4_PC_w4_ND,T4,Ci,PC,4,ND,blue,534.0862422997947,6.35
T4_PC_w4_ND,T4,Ci,PC,4,ND,blue,535.9342915811088,6.35
T4_PC_w4_ND,T4,Ci,PC,4,ND,blue,537.782340862423,6.35
T4_PC_w4_ND,T4,Ci,PC,4,ND,blue,539.6303901437373,6.35
T4_PC_w4_ND,T4,Ci,PC,4,ND,blue,541.4784394250513,7.4
T4_PC_w4_ND,T4,Ci,PC,4,ND,blue,543.3264887063656,7.4
T4_PC_w4_ND,T4,Ci,PC,4,ND,blue,545.1745379876797,7.4
T4_PC_w4_ND,T4,Ci,PC,4,ND,blue,547.0225872689939,7.4
T4_PC_w4_ND,T4,Ci,PC,4,ND,blue,548.8706365503081,7.4
T4_PC_w4_ND,T4,Ci,PC,4,ND,blue,550.7186858316221,7.25
T4_PC_w4_ND,T4,Ci,PC,4,ND,blue,552.5667351129364,7.05
T4_PC_w4_ND,T4,Ci,PC,4,ND,blue,554.4147843942505,6.85
T4_PC_w4_ND,T4,Ci,PC,4,ND,blue,556.2628336755647,6.7
T4_PC_w4_ND,T4,Ci,PC,4,ND,blue,558.1108829568789,6.55
T4_PC_w4_ND,T4,Ci,PC,4,ND,blue,559.958932238193,6.4
T4_PC_w4_ND,T4,Ci,PC,4,ND,blue,561.8069815195072,6.4
T4_PC_w4_ND,T4,Ci,PC,4,ND,blue,563.6550308008214,6.3
T4_PC_w4_ND,T4,Ci,PC,4,ND,blue,565.5030800821355,5.75
T4_PC_w4_ND,T4,Ci,PC,4,ND,blue,567.3511293634497,5.7
T4_PC_w4_ND,T4,Ci,PC,4,ND,blue,569.1991786447641,5.65
T4_PC_w4_ND,T4,Ci,PC,4,ND,blue,571.047227926078,5.55
T4_PC_w4_ND,T4,Ci,PC,4,ND,blue,572.8952772073922,5.5
T4_PC_w4_ND,T4,Ci,PC,4,ND,blue,574.7433264887063,5.45
T4_PC_w4_ND,T4,Ci,PC,4,ND,blue,576.5913757700205,5.2
T4_PC_w4_ND,T4,Ci,PC,4,ND,blue,578.4394250513349,4.9
T4_PC_w4_ND,T4,Ci,PC,4,ND,blue,580.2874743326489,4.6
T4_PC_w4_ND,T4,Ci,PC,4,ND,blue,582.1355236139631,4.25
T4_PC_w4_ND,T4,Ci,PC,4,ND,blue,583.9835728952771,4.2
T4_PC_w4_ND,T4,Ci,PC,4,ND,blue,585.8316221765914,4.2
T4_PC_w4_ND,T4,Ci,PC,4,ND,blue,587.6796714579057,4.15
T4_PC_w4_ND,T4,Ci,PC,4,ND,blue,589.5277207392197,4.1
T4_PC_w4_ND,T4,Ci,PC,4,ND,blue,591.3757700205339,4.1
T4_PC_w4_ND,T4,Ci,PC,4,ND,blue,593.2238193018482,3.9
T4_PC_w4_ND,T4,Ci,PC,4,ND,blue,595.0718685831622,3.7
T4_PC_w4_ND,T4,Ci,PC,4,ND,blue,596.9199178644765,3.7
T4_PC_w4_ND,T4,Ci,PC,4,ND,blue,598.7679671457905,3.6
T4_PC_w4_ND,T4,Ci,PC,4,ND,blue,600.6160164271047,3.5
T4_PC_w4_ND,T4,Ci,PC,4,ND,blue,602.464065708419,3.5
T4_PC_w4_ND,T4,Ci,PC,4,ND,blue,604.3121149897331,3.3
T4_PC_w4_ND,T4,Ci,PC,4,ND,blue,606.1601642710473,3.2
T4_PC_w4_ND,T4,Ci,PC,4,ND,blue,608.0082135523613,3.2
T4_PC_w4_ND,T4,Ci,PC,4,ND,blue,609.8562628336756,3.1
T4_PC_w4_ND,T4,Ci,PC,4,ND,blue,611.7043121149898,3.1
T4_PC_w4_ND,T4,Ci,PC,4,ND,blue,613.5523613963039,3.1
T4_PC_w4_ND,T4,Ci,PC,4,ND,blue,615.4004106776181,3.1
T4_PC_w4_ND,T4,Ci,PC,4,ND,blue,617.2484599589322,3.05
T4_PC_w4_ND,T4,Ci,PC,4,ND,blue,619.0965092402464,2.95
T4_PC_w4_ND,T4,Ci,PC,4,ND,blue,620.9445585215606,2.8
T4_PC_w4_ND,T4,Ci,PC,4,ND,blue,622.7926078028747,2.7
T4_PC_w4_ND,T4,Ci,PC,4,ND,blue,624.6406570841889,2.5
T4_PC_w4_ND,T4,Ci,PC,4,ND,blue,626.4887063655033,2.4
T4_PC_w4_ND,T4,Ci,PC,4,ND,blue,628.3367556468173,2.25
T4_PC_w4_ND,T4,Ci,PC,4,ND,blue,630.1848049281314,2.2
T4_PC_w4_ND,T4,Ci,PC,4,ND,blue,632.0328542094455,2.1
T4_PC_w4_ND,T4,Ci,PC,4,ND,blue,633.8809034907597,2.1
T4_PC_w4_ND,T4,Ci,PC,4,ND,blue,635.7289527720741,1.9
T4_PC_w4_ND,T4,Ci,PC,4,ND,blue,637.5770020533881,1.7
T4_PC_w4_ND,T4,Ci,PC,4,ND,blue,639.4250513347023,1.7
T4_PC_w4_ND,T4,Ci,PC,4,ND,blue,641.2731006160163,1.7
T4_PC_w4_ND,T4,Ci,PC,4,ND,blue,643.1211498973306,1.8
T4_PC_w4_ND,T4,Ci,PC,4,ND,blue,644.9691991786449,1.8
T4_PC_w4_ND,T4,Ci,PC,4,ND,blue,646.8172484599588,1.7
T4_PC_w4_ND,T4,Ci,PC,4,ND,blue,648.6652977412731,1.65
T4_PC_w4_ND,T4,Ci,PC,4,ND,blue,650.5133470225874,1.4
T4_PC_w4_ND,T4,Ci,PC,4,ND,blue,652.3613963039014,1.3
T4_PC_w4_ND,T4,Ci,PC,4,ND,blue,654.2094455852156,1.3
T4_PC_w4_ND,T4,Ci,PC,4,ND,blue,656.0574948665297,1.15
T4_PC_w4_ND,T4,Ci,PC,4,ND,blue,657.9055441478439,1.1
T4_PC_w4_ND,T4,Ci,PC,4,ND,blue,659.7535934291582,1.05
T4_PC_w4_ND,T4,Ci,PC,4,ND,blue,661.6016427104723,0.95
T4_PC_w4_ND,T4,Ci,PC,4,ND,blue,663.4496919917865,0.8
T4_PC_w4_ND,T4,Ci,PC,4,ND,blue,665.2977412731005,0.75
T4_PC_w4_ND,T4,Ci,PC,4,ND,blue,667.1457905544148,0.75
T4_PC_w4_ND,T4,Ci,PC,4,ND,blue,668.993839835729,0.75
T4_PC_w4_ND,T4,Ci,PC,4,ND,blue,670.8418891170431,0.65
T4_PC_w4_ND,T4,Ci,PC,4,ND,blue,672.6899383983573,0.65
T4_PC_w4_ND,T4,Ci,PC,4,ND,blue,674.5379876796715,0.6
T4_PC_w4_ND,T4,Ci,PC,4,ND,blue,676.3860369609856,0.65
T4_PC_w4_ND,T4,Ci,PC,4,ND,blue,678.2340862422998,0.65
T4_PC_w4_ND,T4,Ci,PC,4,ND,blue,680.0821355236139,0.6
T4_PC_w4_ND,T4,Ci,PC,4,ND,blue,681.9301848049281,0.55
T4_PC_w4_ND,T4,Ci,PC,4,ND,blue,683.7782340862424,0.4
T4_PC_w4_ND,T4,Ci,PC,4,ND,blue,685.6262833675565,0.3
T4_PC_w4_ND,T4,Ci,PC,4,ND,blue,687.4743326488706,0.3
T4_PC_w4_ND,T4,Ci,PC,4,ND,blue,689.3223819301847,0.2
T4_PC_w4_ND,T4,Ci,PC,4,ND,blue,691.1704312114989,0.15
T4_PC_w4_ND,T4,Ci,PC,4,ND,blue,693.0184804928132,0.1
T4_PC_w4_ND,T4,Ci,PC,4,ND,blue,694.8665297741273,0.15
T4_PC_w4_ND,T4,Ci,PC,4,ND,blue,696.7145790554415,0.1
T4_PC_w4_ND,T4,Ci,PC,4,ND,blue,698.5626283367557,0.05
T4_PC_w4_ND,T4,Ci,PC,4,ND,blue,700.4106776180698,0.0
T4_PC_w4_ND,T4,Ci,PC,4,ND,blue,702.258726899384,0.0
T4_PC_w4_ND,T4,Ci,PC,4,ND,blue,704.1067761806981,-0.2
T4_PC_w4_ND,T4,Ci,PC,4,ND,blue,705.9548254620123,-0.3
T4_PC_w4_ND,T4,Ci,PC,4,ND,blue,707.8028747433266,-0.3
T4_PC_w4_ND,T4,Ci,PC,4,ND,blue,709.6509240246406,-0.3
T4_PC_w4_ND,T4,Ci,PC,4,ND,blue,711.4989733059548,-0.35
T4_PC_w4_ND,T4,Ci,PC,4,ND,blue,713.3470225872688,-0.35
T4_PC_w4_ND,T4,Ci,PC,4,ND,blue,715.1950718685831,-0.4
T4_PC_w4_ND,T4,Ci,PC,4,ND,blue,717.0431211498974,-0.4
T4_PC_w4_ND,T4,Ci,PC,4,ND,blue,718.8911704312115,-0.4
T4_PC_w4_ND,T4,Ci,PC,4,ND,blue,720.7392197125257,-0.4
T4_PC_w4_ND,T4,Ci,PC,4,ND,blue,722.5872689938398,-0.4
T4_PC_w4_ND,T4,Ci,PC,4,ND,blue,724.435318275154,-0.4
T4_PC_w4_ND,T4,Ci,PC,4,ND,blue,726.2833675564682,-0.4
T4_PC_w4_ND,T4,Ci,PC,4,ND,blue,728.1314168377824,-0.45
T4_PC_w4_ND,T4,Ci,PC,4,ND,blue,729.9794661190965,-0.6
T4_PC_w4_ND,T4,Ci,PC,4,ND,blue,731.8275154004107,-0.8
T4_PC_w4_ND,T4,Ci,PC,4,ND,blue,733.6755646817248,-0.85
T4_PC_w4_ND,T4,Ci,PC,4,ND,blue,735.523613963039,-1.0
T4_PC_w4_ND,T4,Ci,PC,4,ND,blue,737.3716632443532,-1.0
T4_PC_w4_ND,T4,Ci,PC,4,ND,blue,739.2197125256673,-1.0
T4_PC_w4_ND,T4,Ci,PC,4,ND,blue,741.0677618069816,-1.0
T4_PC_w4_ND,T4,Ci,PC,4,ND,blue,742.9158110882956,-1.0
T4_PC_w4_ND,T4,Ci,PC,4,ND,blue,744.7638603696098,-1.1
T4_PC_w4_ND,T4,Ci,PC,4,ND,blue,746.611909650924,-1.1
T4_PC_w4_ND,T4,Ci,PC,4,ND,blue,748.4599589322381,-1.1
T4_PC_w4_ND,T4,Ci,PC,4,ND,blue,750.3080082135524,-1.15
T4_PC_w4_ND,T4,Ci,PC,4,ND,blue,752.1560574948666,-1.2
T4_PC_w4_ND,T4,Ci,PC,4,ND,blue,754.0041067761807,-1.2
T4_PC_w4_ND,T4,Ci,PC,4,ND,blue,755.8521560574949,-1.2
T4_PC_w4_ND,T4,Ci,PC,4,ND,blue,757.700205338809,-1.2
T4_PC_w4_ND,T4,Ci,PC,4,ND,blue,759.5482546201232,-1.2
T4_PC_w4_ND,T4,Ci,PC,4,ND,blue,761.3963039014374,-1.2
T4_PC_w4_ND,T4,Ci,PC,4,ND,blue,763.2443531827515,-1.2
T4_PC_w4_ND,T4,Ci,PC,4,ND,blue,765.0924024640658,-1.25
T4_PC_w4_ND,T4,Ci,PC,4,ND,blue,766.94045174538,-1.25
T4_PC_w4_ND,T4,Ci,PC,4,ND,blue,768.788501026694,-1.25
T4_PC_w4_ND,T4,Ci,PC,4,ND,blue,770.6365503080082,-1.25
T4_PC_w4_ND,T4,Ci,PC,4,ND,blue,772.4845995893224,-1.25
T4_PC_w4_ND,T4,Ci,PC,4,ND,blue,774.3326488706366,-1.25
T4_PC_w4_ND,T4,Ci,PC,4,ND,blue,776.1806981519508,-1.25
T4_PC_w4_ND,T4,Ci,PC,4,ND,blue,778.0287474332649,-1.25
T4_PC_w4_ND,T4,Ci,PC,4,ND,blue,779.876796714579,-1.25
T4_PC_w4_ND,T4,Ci,PC,4,ND,blue,781.7248459958932,-1.25
T4_PC_w4_ND,T4,Ci,PC,4,ND,blue,783.5728952772074,-1.25
T4_PC_w4_ND,T4,Ci,PC,4,ND,blue,785.4209445585216,-1.25
T4_PC_w4_ND,T4,Ci,PC,4,ND,blue,787.2689938398357,-1.25
T4_PC_w4_ND,T4,Ci,PC,4,ND,blue,789.1170431211499,-1.25
T4_PC_w4_ND,T4,Ci,PC,4,ND,blue,790.965092402464,-1.25
T4_PC_w4_ND,T4,Ci,PC,4,ND,blue,792.8131416837782,-1.25
T4_PC_w4_ND,T4,Ci,PC,4,ND,blue,794.6611909650924,-1.3
T4_PC_w4_ND,T4,Ci,PC,4,ND,blue,796.5092402464065,-1.3
T4_PC_w4_ND,T4,Ci,PC,4,ND,blue,798.3572895277208,-1.5
T4_PC_w4_ND,T4,Ci,PC,4,ND,blue,800.205338809035,-1.65
T4_PC_w4_ND,T4,Ci,PC,4,ND,blue,802.053388090349,-1.7
T4_PC_w4_ND,T4,Ci,PC,4,ND,blue,803.9014373716632,-1.7
T4_PC_w4_ND,T4,Ci,PC,4,ND,blue,805.7494866529773,-1.7
T4_PC_w4_ND,T4,Ci,PC,4,ND,blue,807.5975359342916,-1.7
T4_PC_w4_ND,T4,Ci,PC,4,ND,blue,809.4455852156058,-1.7
T4_PC_w4_ND,T4,Ci,PC,4,ND,blue,811.29363449692,-1.7
T4_PC_w4_ND,T4,Ci,PC,4,ND,blue,813.1416837782341,-1.7
T4_PC_w4_ND,T4,Ci,PC,4,ND,blue,814.9897330595483,-1.7
T4_PC_w4_ND,T4,Ci,PC,4,ND,blue,816.8377823408624,-1.7
T4_PC_w4_ND,T4,Ci,PC,4,ND,blue,818.6858316221766,-1.7
T4_PC_w4_ND,T4,Ci,PC,4,ND,blue,820.5338809034907,-1.7
T4_PC_w4_ND,T4,Ci,PC,4,ND,blue,822.381930184805,-1.6
T4_PC_w4_ND,T4,Ci,PC,4,ND,blue,824.2299794661192,-1.6
T4_PC_w4_ND,T4,Ci,PC,4,ND,blue,826.0780287474332,-1.5
T4_PC_w4_ND,T4,Ci,PC,4,ND,blue,827.9260780287474,-1.5
T4_PC_w4_ND,T4,Ci,PC,4,ND,blue,829.7741273100617,-1.6
T4_PC_w4_ND,T4,Ci,PC,4,ND,blue,831.6221765913758,-1.9
T4_PC_w4_ND,T4,Ci,PC,4,ND,blue,833.47022587269,-1.9
T4_PC_w4_ND,T4,Ci,PC,4,ND,blue,835.3182751540041,-1.9
T4_PC_w4_ND,T4,Ci,PC,4,ND,blue,837.1663244353182,-1.9
T4_PC_w4_ND,T4,Ci,PC,4,ND,blue,839.0143737166325,-1.9
T4_PC_w4_ND,T4,Ci,PC,4,ND,blue,840.8624229979466,-1.9
T4_PC_w4_ND,T4,Ci,PC,4,ND,blue,842.7104722792608,-1.9
T4_PC_w4_ND,T4,Ci,PC,4,ND,blue,844.558521560575,-1.9
T4_PC_w4_ND,T4,Ci,PC,4,ND,blue,846.4065708418891,-1.9
T4_PC_w4_ND,T4,Ci,PC,4,ND,blue,848.2546201232033,-1.9
T4_PC_w4_ND,T4,Ci,PC,4,ND,blue,850.1026694045174,-1.9
T4_PC_w4_ND,T4,Ci,PC,4,ND,blue,851.9507186858316,-1.9
T4_PC_w4_ND,T4,Ci,PC,4,ND,blue,853.7987679671457,-1.9
T4_PC_w4_ND,T4,Ci,PC,4,ND,blue,855.64681724846,-1.9
T4_PC_w4_ND,T4,Ci,PC,4,ND,blue,857.4948665297742,-1.9
T4_PC_w4_ND,T4,Ci,PC,4,ND,blue,859.3429158110885,-1.9
T4_PC_w4_ND,T4,Ci,PC,4,ND,blue,861.1909650924024,-1.9
T4_PC_w4_ND,T4,Ci,PC,4,ND,blue,863.0390143737166,-1.85
T4_PC_w4_ND,T4,Ci,PC,4,ND,blue,864.8870636550307,-1.85
T4_PC_w4_ND,T4,Ci,PC,4,ND,blue,866.735112936345,-1.85
T4_PC_w4_ND,T4,Ci,PC,4,ND,blue,868.5831622176593,-1.85
T4_PC_w4_ND,T4,Ci,PC,4,ND,blue,870.4312114989733,-1.8
T4_PC_w4_ND,T4,Ci,PC,4,ND,blue,872.2792607802875,-1.8
T4_PC_w4_ND,T4,Ci,PC,4,ND,blue,874.1273100616015,-1.8
T4_PC_w4_ND,T4,Ci,PC,4,ND,blue,875.9753593429158,-1.75
T4_PC_w4_ND,T4,Ci,PC,4,ND,blue,877.8234086242301,-1.65
T4_PC_w4_ND,T4,Ci,PC,4,ND,blue,879.6714579055442,-1.6
T4_PC_w4_ND,T4,Ci,PC,4,ND,blue,881.5195071868584,-1.6
T4_PC_w4_ND,T4,Ci,PC,4,ND,blue,883.3675564681726,-1.6
T4_PC_w4_ND,T4,Ci,PC,4,ND,blue,885.2156057494866,-1.6
T4_PC_w4_ND,T4,Ci,PC,4,ND,blue,887.0636550308009,-1.6
T4_PC_w4_ND,T4,Ci,PC,4,ND,blue,888.911704312115,-1.6
T4_PC_w4_ND,T4,Ci,PC,4,ND,blue,890.7597535934292,-1.6
T4_PC_w4_ND,T4,Ci,PC,4,ND,blue,892.6078028747434,-1.6
T4_PC_w4_ND,T4,Ci,PC,4,ND,blue,894.4558521560575,-1.6
T4_PC_w4_ND,T4,Ci,PC,4,ND,blue,896.3039014373717,-1.6
T4_PC_w4_ND,T4,Ci,PC,4,ND,blue,898.1519507186858,-1.6
T4_PC_w4_ND,T4,Ci,PC,4,ND,blue,900.0,-1.6
T4_NC_w1_PD,T4,Ci,NC,1,PD,red,0.0,0.0
T4_NC_w1_PD,T4,Ci,NC,1,PD,red,1.918976545842213,0.0
T4_NC_w1_PD,T4,Ci,NC,1,PD,red,3.837953091684426,0.0
T4_NC_w1_PD,T4,Ci,NC,1,PD,red,5.756929637526639,0.05
T4_NC_w1_PD,T4,Ci,NC,1,PD,red,7.675906183368795,0.15
T4_NC_w1_PD,T4,Ci,NC,1,PD,red,9.594882729211065,0.15
T4_NC_w1_PD,T4,Ci,NC,1,PD,red,11.513859275053278,0.25
T4_NC_w1_PD,T4,Ci,NC,1,PD,red,13.432835820895548,0.3
T4_NC_w1_PD,T4,Ci,NC,1,PD,red,15.35181236673776,0.3
T4_NC_w1_PD,T4,Ci,NC,1,PD,red,17.270788912579974,0.3
T4_NC_w1_PD,T4,Ci,NC,1,PD,red,19.189765458422187,0.35
T4_NC_w1_PD,T4,Ci,NC,1,PD,red,21.1087420042644,0.35
T4_NC_w1_PD,T4,Ci,NC,1,PD,red,23.0277185501066,0.35
T4_NC_w1_PD,T4,Ci,NC,1,PD,red,24.94669509594884,0.35
T4_NC_w1_PD,T4,Ci,NC,1,PD,red,32.62260127931768,0.6
T4_NC_w1_PD,T4,Ci,NC,1,PD,red,34.54157782515996,0.6
T4_NC_w1_PD,T4,Ci,NC,1,PD,red,36.460554371002104,0.6
T4_NC_w1_PD,T4,Ci,NC,1,PD,red,38.37953091684436,0.6
T4_NC_w1_PD,T4,Ci,NC,1,PD,red,40.2985074626866,0.6
T4_NC_w1_PD,T4,Ci,NC,1,PD,red,42.2174840085288,0.6
T4_NC_w1_PD,T4,Ci,NC,1,PD,red,44.136460554371,0.6
T4_NC_w1_PD,T4,Ci,NC,1,PD,red,46.05543710021324,0.6
T4_NC_w1_PD,T4,Ci,NC,1,PD,red,47.97441364605544,0.6
T4_NC_w1_PD,T4,Ci,NC,1,PD,red,49.893390191897595,0.6
T4_NC_w1_PD,T4,Ci,NC,1,PD,red,51.812366737739865,0.6
T4_NC_w1_PD,T4,Ci,NC,1,PD,red,53.73134328358208,0.6
T4_NC_w1_PD,T4,Ci,NC,1,PD,red,55.65031982942428,0.6
T4_NC_w1_PD,T4,Ci,NC,1,PD,red,57.569296375266504,0.65
T4_NC_w1_PD,T4,Ci,NC,1,PD,red,59.48827292110876,0.65
T4_NC_w1_PD,T4,Ci,NC,1,PD,red,61.40724946695099,0.65
T4_NC_w1_PD,T4,Ci,NC,1,PD,red,63.3262260127932,0.65
T4_NC_w1_PD,T4,Ci,NC,1,PD,red,65.24520255863541,0.65
T4_NC_w1_PD,T4,Ci,NC,1,PD,red,67.16417910447763,0.6
T4_NC_w1_PD,T4,Ci,NC,1,PD,red,69.08315565031984,0.6
T4_NC_w1_PD,T4,Ci,NC,1,PD,red,71.002132196162,0.6
T4_NC_w1_PD,T4,Ci,NC,1,PD,red,72.92110874200432,0.55
T4_NC_w1_PD,T4,Ci,NC,1,PD,red,74.84008528784648,0.55
T4_NC_w1_PD,T4,Ci,NC,1,PD,red,76.75906183368869,0.55
T4_NC_w1_PD,T4,Ci,NC,1,PD,red,78.6780383795309,0.55
T4_NC_w1_PD,T4,Ci,NC,1,PD,red,80.59701492537312,0.55
T4_NC_w1_PD,T4,Ci,NC,1,PD,red,82.51599147121527,0.65
T4_NC_w1_PD,T4,Ci,NC,1,PD,red,84.4349680170576,0.7
T4_NC_w1_PD,T4,Ci,NC,1,PD,red,86.35394456289981,0.8
T4_NC_w1_PD,T4,Ci,NC,1,PD,red,88.27292110874203,0.9
T4_NC_w1_PD,T4,Ci,NC,1,PD,red,90.19189765458424,0.95
T4_NC_w1_PD,T4,Ci,NC,1,PD,red,92.11087420042644,1.05
T4_NC_w1_PD,T4,Ci,NC,1,PD,red,94.0298507462686,1.05
T4_NC_w1_PD,T4,Ci,NC,1,PD,red,95.94882729211088,1.1
T4_NC_w1_PD,T4,Ci,NC,1,PD,red,97.86780383795306,1.1
T4_NC_w1_PD,T4,Ci,NC,1,PD,red,99.7867803837953,1.1
T4_NC_w1_PD,T4,Ci,NC,1,PD,red,101.70575692963752,1.1
T4_NC_w1_PD,T4,Ci,NC,1,PD,red,103.62473347547972,1.1
T4_NC_w1_PD,T4,Ci,NC,1,PD,red,105.54371002132194,1.1
T4_NC_w1_PD,T4,Ci,NC,1,PD,red,107.46268656716416,1.1
T4_NC_w1_PD,T4,Ci,NC,1,PD,red,109.38166311300635,1.0
T4_NC_w1_PD,T4,Ci,NC,1,PD,red,111.30063965884864,0.9
T4_NC_w1_PD,T4,Ci,NC,1,PD,red,113.21961620469084,0.8
T4_NC_w1_PD,T4,Ci,NC,1,PD,red,115.138592750533,0.75
T4_NC_w1_PD,T4,Ci,NC,1,PD,red,117.05756929637528,0.7
T4_NC_w1_PD,T4,Ci,NC,1,PD,red,118.97654584221748,0.7
T4_NC_w1_PD,T4,Ci,NC,1,PD,red,120.8955223880597,0.7
T4_NC_w1_PD,T4,Ci,NC,1,PD,red,122.81449893390192,0.7
T4_NC_w1_PD,T4,Ci,NC,1,PD,red,124.73347547974411,0.7
T4_NC_w1_PD,T4,Ci,NC,1,PD,red,126.65245202558634,0.7
T4_NC_w1_PD,T4,Ci,NC,1,PD,red,128.57142857142856,0.7
T4_NC_w1_PD,T4,Ci,NC,1,PD,red,130.49040511727085,0.7
T4_NC_w1_PD,T4,Ci,NC,1,PD,red,132.40938166311298,0.7
T4_NC_w1_PD,T4,Ci,NC,1,PD,red,134.32835820895525,0.7
T4_NC_w1_PD,T4,Ci,NC,1,PD,red,136.2473347547974,0.7
T4_NC_w1_PD,T4,Ci,NC,1,PD,red,138.16631130063968,0.7
T4_NC_w1_PD,T4,Ci,NC,1,PD,red,142.0042643923241,0.7
T4_NC_w1_PD,T4,Ci,NC,1,PD,red,143.92324093816626,0.7
T4_NC_w1_PD,T4,Ci,NC,1,PD,red,145.84221748400853,0.7
T4_NC_w1_PD,T4,Ci,NC,1,PD,red,147.76119402985074,0.75
T4_NC_w1_PD,T4,Ci,NC,1,PD,red,149.68017057569296,0.75
T4_NC_w1_PD,T4,Ci,NC,1,PD,red,151.59914712153522,0.8
T4_NC_w1_PD,T4,Ci,NC,1,PD,red,153.51812366737738,0.8
T4_NC_w1_PD,T4,Ci,NC,1,PD,red,155.43710021321965,0.85
T4_NC_w1_PD,T4,Ci,NC,1,PD,red,157.3560767590618,0.85
T4_NC_w1_PD,T4,Ci,NC,1,PD,red,159.27505330490408,0.85
T4_NC_w1_PD,T4,Ci,NC,1,PD,red,161.19402985074623,0.85
T4_NC_w1_PD,T4,Ci,NC,1,PD,red,163.1130063965885,0.85
T4_NC_w1_PD,T4,Ci,NC,1,PD,red,165.03198294243066,0.85
T4_NC_w1_PD,T4,Ci,NC,1,PD,red,166.95095948827293,0.85
T4_NC_w1_PD,T4,Ci,NC,1,PD,red,168.86993603411514,0.85
T4_NC_w1_PD,T4,Ci,NC,1,PD,red,170.78891257995735,0.8
T4_NC_w1_PD,T4,Ci,NC,1,PD,red,172.70788912579957,0.8
T4_NC_w1_PD,T4,Ci,NC,1,PD,red,174.62686567164178,0.8
T4_NC_w1_PD,T4,Ci,NC,1,PD,red,176.545842217484,0.8
T4_NC_w1_PD,T4,Ci,NC,1,PD,red,178.4648187633262,0.75
T4_NC_w1_PD,T4,Ci,NC,1,PD,red,180.38379530916848,0.7
T4_NC_w1_PD,T4,Ci,NC,1,PD,red,182.30277185501063,0.7
T4_NC_w1_PD,T4,Ci,NC,1,PD,red,184.2217484008529,0.65
T4_NC_w1_PD,T4,Ci,NC,1,PD,red,186.14072494669503,0.6
T4_NC_w1_PD,T4,Ci,NC,1,PD,red,188.05970149253733,0.6
T4_NC_w1_PD,T4,Ci,NC,1,PD,red,189.9786780383796,0.55
T4_NC_w1_PD,T4,Ci,NC,1,PD,red,191.89765458422173,0.55
T4_NC_w1_PD,T4,Ci,NC,1,PD,red,193.816631130064,0.55
T4_NC_w1_PD,T4,Ci,NC,1,PD,red,195.73560767590612,0.55
T4_NC_w1_PD,T4,Ci,NC,1,PD,red,197.6545842217484,0.55
T4_NC_w1_PD,T4,Ci,NC,1,PD,red,199.5735607675906,0.55
T4_NC_w1_PD,T4,Ci,NC,1,PD,red,201.4925373134328,0.65
T4_NC_w1_PD,T4,Ci,NC,1,PD,red,203.41151385927503,0.65
T4_NC_w1_PD,T4,Ci,NC,1,PD,red,205.33049040511725,0.75
T4_NC_w1_PD,T4,Ci,NC,1,PD,red,207.2494669509595,0.8
T4_NC_w1_PD,T4,Ci,NC,1,PD,red,209.16844349680173,0.8
T4_NC_w1_PD,T4,Ci,NC,1,PD,red,211.087420042644,0.8
T4_NC_w1_PD,T4,Ci,NC,1,PD,red,213.00639658848613,0.8
T4_NC_w1_PD,T4,Ci,NC,1,PD,red,214.9253731343284,0.8
T4_NC_w1_PD,T4,Ci,NC,1,PD,red,216.84434968017052,0.85
T4_NC_w1_PD,T4,Ci,NC,1,PD,red,218.7633262260128,0.85
T4_NC_w1_PD,T4,Ci,NC,1,PD,red,220.682302771855,0.85
T4_NC_w1_PD,T4,Ci,NC,1,PD,red,222.6012793176972,0.85
T4_NC_w1_PD,T4,Ci,NC,1,PD,red,224.52025586353943,0.85
T4_NC_w1_PD,T4,Ci,NC,1,PD,red,226.43923240938165,0.85
T4_NC_w1_PD,T4,Ci,NC,1,PD,red,228.3582089552239,0.85
T4_NC_w1_PD,T4,Ci,NC,1,PD,red,230.2771855010661,0.85
T4_NC_w1_PD,T4,Ci,NC,1,PD,red,232.1961620469083,0.85
T4_NC_w1_PD,T4,Ci,NC,1,PD,red,234.11513859275053,0.85
T4_NC_w1_PD,T4,Ci,NC,1,PD,red,236.0341151385928,0.85
T4_NC_w1_PD,T4,Ci,NC,1,PD,red,237.95309168443487,0.85
T4_NC_w1_PD,T4,Ci,NC,1,PD,red,245.62899786780383,0.3
T4_NC_w1_PD,T4,Ci,NC,1,PD,red,253.30490405117274,0.1
T4_NC_w1_PD,T4,Ci,NC,1,PD,red,255.22388059701493,0.1
T4_NC_w1_PD,T4,Ci,NC,1,PD,red,257.1428571428572,0.1
T4_NC_w1_PD,T4,Ci,NC,1,PD,red,259.0618336886994,0.05
T4_NC_w1_PD,T4,Ci,NC,1,PD,red,260.9808102345416,0.05
T4_NC_w1_PD,T4,Ci,NC,1,PD,red,262.8997867803838,0.05
T4_NC_w1_PD,T4,Ci,NC,1,PD,red,264.818763326226,0.0
T4_NC_w1_PD,T4,Ci,NC,1,PD,red,266.73773987206823,0.0
T4_NC_w1_PD,T4,Ci,NC,1,PD,red,268.65671641791045,0.0
T4_NC_w1_PD,T4,Ci,NC,1,PD,red,270.57569296375266,0.0
T4_NC_w1_PD,T4,Ci,NC,1,PD,red,272.49466950959487,0.0
T4_NC_w1_PD,T4,Ci,NC,1,PD,red,274.4136460554371,0.0
T4_NC_w1_PD,T4,Ci,NC,1,PD,red,276.3326226012793,0.0
T4_NC_w1_PD,T4,Ci,NC,1,PD,red,278.2515991471216,0.0
T4_NC_w1_PD,T4,Ci,NC,1,PD,red,280.1705756929638,0.0
T4_NC_w1_PD,T4,Ci,NC,1,PD,red,282.089552238806,0.0
T4_NC_w1_PD,T4,Ci,NC,1,PD,red,284.00852878464826,0.0
T4_NC_w1_PD,T4,Ci,NC,1,PD,red,285.9275053304905,0.1
T4_NC_w1_PD,T4,Ci,NC,1,PD,red,287.8464818763327,0.1
T4_NC_w1_PD,T4,Ci,NC,1,PD,red,289.7654584221749,0.15
T4_NC_w1_PD,T4,Ci,NC,1,PD,red,291.6844349680171,0.2
T4_NC_w1_PD,T4,Ci,NC,1,PD,red,293.6034115138593,0.25
T4_NC_w1_PD,T4,Ci,NC,1,PD,red,295.52238805970154,0.25
T4_NC_w1_PD,T4,Ci,NC,1,PD,red,297.4413646055437,0.25
T4_NC_w1_PD,T4,Ci,NC,1,PD,red,299.360341151386,0.25
T4_NC_w1_PD,T4,Ci,NC,1,PD,red,301.2793176972282,0.25
T4_NC_w1_PD,T4,Ci,NC,1,PD,red,303.1982942430704,0.25
T4_NC_w1_PD,T4,Ci,NC,1,PD,red,305.1172707889126,0.25
T4_NC_w1_PD,T4,Ci,NC,1,PD,red,307.0362473347548,0.25
T4_NC_w1_PD,T4,Ci,NC,1,PD,red,308.95522388059703,0.25
T4_NC_w1_PD,T4,Ci,NC,1,PD,red,310.87420042643924,0.15
T4_NC_w1_PD,T4,Ci,NC,1,PD,red,312.79317697228146,0.15
T4_NC_w1_PD,T4,Ci,NC,1,PD,red,314.71215351812367,0.1
T4_NC_w1_PD,T4,Ci,NC,1,PD,red,316.6311300639659,0.0
T4_NC_w1_PD,T4,Ci,NC,1,PD,red,318.5501066098081,-0.05
T4_NC_w1_PD,T4,Ci,NC,1,PD,red,320.4690831556504,-0.05
T4_NC_w1_PD,T4,Ci,NC,1,PD,red,322.3880597014926,-0.1
T4_NC_w1_PD,T4,Ci,NC,1,PD,red,324.3070362473348,-0.15
T4_NC_w1_PD,T4,Ci,NC,1,PD,red,326.226012793177,-0.15
T4_NC_w1_PD,T4,Ci,NC,1,PD,red,328.1449893390192,-0.2
T4_NC_w1_PD,T4,Ci,NC,1,PD,red,330.06396588486143,-0.25
T4_NC_w1_PD,T4,Ci,NC,1,PD,red,331.98294243070364,-0.35
T4_NC_w1_PD,T4,Ci,NC,1,PD,red,333.90191897654586,-0.4
T4_NC_w1_PD,T4,Ci,NC,1,PD,red,335.82089552238807,-0.45
T4_NC_w1_PD,T4,Ci,NC,1,PD,red,337.7398720682303,-0.55
T4_NC_w1_PD,T4,Ci,NC,1,PD,red,339.6588486140725,-0.6
T4_NC_w1_PD,T4,Ci,NC,1,PD,red,341.5778251599147,-0.65
T4_NC_w1_PD,T4,Ci,NC,1,PD,red,343.496801705757,-0.7
T4_NC_w1_PD,T4,Ci,NC,1,PD,red,345.4157782515992,-0.75
T4_NC_w1_PD,T4,Ci,NC,1,PD,red,347.3347547974414,-0.8
T4_NC_w1_PD,T4,Ci,NC,1,PD,red,349.25373134328356,-0.8
T4_NC_w1_PD,T4,Ci,NC,1,PD,red,351.17270788912583,-0.8
T4_NC_w1_PD,T4,Ci,NC,1,PD,red,353.09168443496804,-0.9
T4_NC_w1_PD,T4,Ci,NC,1,PD,red,355.01066098081026,-0.9
T4_NC_w1_PD,T4,Ci,NC,1,PD,red,356.92963752665247,-0.9
T4_NC_w1_PD,T4,Ci,NC,1,PD,red,358.8486140724947,-0.9
T4_NC_w1_PD,T4,Ci,NC,1,PD,red,360.7675906183369,-0.9
T4_NC_w1_PD,T4,Ci,NC,1,PD,red,362.6865671641792,-0.9
T4_NC_w1_PD,T4,Ci,NC,1,PD,red,364.6055437100214,-0.9
T4_NC_w1_PD,T4,Ci,NC,1,PD,red,366.5245202558636,-0.95
T4_NC_w1_PD,T4,Ci,NC,1,PD,red,368.4434968017058,-1.05
T4_NC_w1_PD,T4,Ci,NC,1,PD,red,370.36247334754796,-1.1
T4_NC_w1_PD,T4,Ci,NC,1,PD,red,372.28144989339023,-1.1
T4_NC_w1_PD,T4,Ci,NC,1,PD,red,374.2004264392325,-1.1
T4_NC_w1_PD,T4,Ci,NC,1,PD,red,376.11940298507466,-1.1
T4_NC_w1_PD,T4,Ci,NC,1,PD,red,378.03837953091687,-1.1
T4_NC_w1_PD,T4,Ci,NC,1,PD,red,379.9573560767591,-1.1
T4_NC_w1_PD,T4,Ci,NC,1,PD,red,381.8763326226013,-1.1
T4_NC_w1_PD,T4,Ci,NC,1,PD,red,383.7953091684435,-1.1
T4_NC_w1_PD,T4,Ci,NC,1,PD,red,385.71428571428567,-1.1
T4_NC_w1_PD,T4,Ci,NC,1,PD,red,387.633262260128,-1.1
T4_NC_w1_PD,T4,Ci,NC,1,PD,red,389.5522388059701,-1.1
T4_NC_w1_PD,T4,Ci,NC,1,PD,red,391.47121535181236,-1.1
T4_NC_w1_PD,T4,Ci,NC,1,PD,red,393.3901918976545,-1.1
T4_NC_w1_PD,T4,Ci,NC,1,PD,red,395.3091684434968,-1.1
T4_NC_w1_PD,T4,Ci,NC,1,PD,red,397.228144989339,-1.1
T4_NC_w1_PD,T4,Ci,NC,1,PD,red,399.1471215351812,-1.1
T4_NC_w1_PD,T4,Ci,NC,1,PD,red,401.0660980810235,-1.1
T4_NC_w1_PD,T4,Ci,NC,1,PD,red,402.9850746268657,-1.1
T4_NC_w1_PD,T4,Ci,NC,1,PD,red,404.904051172708,-1.1
T4_NC_w1_PD,T4,Ci,NC,1,PD,red,406.8230277185502,-1.05
T4_NC_w1_PD,T4,Ci,NC,1,PD,red,408.7420042643924,-1.05
T4_NC_w1_PD,T4,Ci,NC,1,PD,red,410.6609808102346,-1.0
T4_NC_w1_PD,T4,Ci,NC,1,PD,red,412.5799573560768,-1.0
T4_NC_w1_PD,T4,Ci,NC,1,PD,red,414.49893390191903,-1.0
T4_NC_w1_PD,T4,Ci,NC,1,PD,red,416.4179104477613,-1.0
T4_NC_w1_PD,T4,Ci,NC,1,PD,red,418.33688699360346,-1.0
T4_NC_w1_PD,T4,Ci,NC,1,PD,red,420.25586353944567,-0.9
T4_NC_w1_PD,T4,Ci,NC,1,PD,red,422.1748400852879,-0.9
T4_NC_w1_PD,T4,Ci,NC,1,PD,red,424.0938166311301,-0.85
T4_NC_w1_PD,T4,Ci,NC,1,PD,red,426.0127931769723,-0.8
T4_NC_w1_PD,T4,Ci,NC,1,PD,red,427.9317697228145,-0.8
T4_NC_w1_PD,T4,Ci,NC,1,PD,red,429.8507462686568,-0.75
T4_NC_w1_PD,T4,Ci,NC,1,PD,red,431.76972281449895,-0.7
T4_NC_w1_PD,T4,Ci,NC,1,PD,red,433.6886993603412,-0.7
T4_NC_w1_PD,T4,Ci,NC,1,PD,red,435.6076759061834,-0.65
T4_NC_w1_PD,T4,Ci,NC,1,PD,red,437.5266524520256,-0.65
T4_NC_w1_PD,T4,Ci,NC,1,PD,red,439.4456289978678,-0.65
T4_NC_w1_PD,T4,Ci,NC,1,PD,red,441.36460554371,-0.55
T4_NC_w1_PD,T4,Ci,NC,1,PD,red,443.2835820895523,-0.55
T4_NC_w1_PD,T4,Ci,NC,1,PD,red,445.2025586353945,-0.55
T4_NC_w1_PD,T4,Ci,NC,1,PD,red,447.1215351812367,-0.5
T4_NC_w1_PD,T4,Ci,NC,1,PD,red,449.0405117270789,-0.5
T4_NC_w1_PD,T4,Ci,NC,1,PD,red,450.95948827292113,-0.45
T4_NC_w1_PD,T4,Ci,NC,1,PD,red,452.87846481876335,-0.45
T4_NC_w1_PD,T4,Ci,NC,1,PD,red,454.7974413646056,-0.45
T4_NC_w1_PD,T4,Ci,NC,1,PD,red,456.7164179104478,-0.45
T4_NC_w1_PD,T4,Ci,NC,1,PD,red,458.63539445629,-0.45
T4_NC_w1_PD,T4,Ci,NC,1,PD,red,460.5543710021322,0.2
T4_NC_w1_PD,T4,Ci,NC,1,PD,red,462.4733475479744,0.35
T4_NC_w1_PD,T4,Ci,NC,1,PD,red,464.3923240938166,0.45
T4_NC_w1_PD,T4,Ci,NC,1,PD,red,466.3113006396589,0.55
T4_NC_w1_PD,T4,Ci,NC,1,PD,red,468.23027718550105,0.6
T4_NC_w1_PD,T4,Ci,NC,1,PD,red,470.1492537313433,0.65
T4_NC_w1_PD,T4,Ci,NC,1,PD,red,472.0682302771855,0.65
T4_NC_w1_PD,T4,Ci,NC,1,PD,red,473.98720682302775,0.65
T4_NC_w1_PD,T4,Ci,NC,1,PD,red,475.9061833688699,0.65
T4_NC_w1_PD,T4,Ci,NC,1,PD,red,477.8251599147122,0.65
T4_NC_w1_PD,T4,Ci,NC,1,PD,red,479.7441364605544,0.7
T4_NC_w1_PD,T4,Ci,NC,1,PD,red,481.6631130063966,0.7
T4_NC_w1_PD,T4,Ci,NC,1,PD,red,483.5820895522388,0.7
T4_NC_w1_PD,T4,Ci,NC,1,PD,red,485.5010660980811,0.75
T4_NC_w1_PD,T4,Ci,NC,1,PD,red,487.4200426439232,0.8
T4_NC_w1_PD,T4,Ci,NC,1,PD,red,489.3390191897655,0.8
T4_NC_w1_PD,T4,Ci,NC,1,PD,red,491.25799573560766,0.8
T4_NC_w1_PD,T4,Ci,NC,1,PD,red,493.17697228144993,0.85
T4_NC_w1_PD,T4,Ci,NC,1,PD,red,495.0959488272922,0.85
T4_NC_w1_PD,T4,Ci,NC,1,PD,red,497.0149253731344,0.95
T4_NC_w1_PD,T4,Ci,NC,1,PD,red,498.93390191897663,1.05
T4_NC_w1_PD,T4,Ci,NC,1,PD,red,500.8528784648188,1.1
T4_NC_w1_PD,T4,Ci,NC,1,PD,red,502.77185501066106,1.1
T4_NC_w1_PD,T4,Ci,NC,1,PD,red,504.6908315565032,1.15
T4_NC_w1_PD,T4,Ci,NC,1,PD,red,506.6098081023455,1.2
T4_NC_w1_PD,T4,Ci,NC,1,PD,red,508.5287846481877,1.3
T4_NC_w1_PD,T4,Ci,NC,1,PD,red,510.4477611940299,1.3
T4_NC_w1_PD,T4,Ci,NC,1,PD,red,512.3667377398721,1.4
T4_NC_w1_PD,T4,Ci,NC,1,PD,red,514.2857142857143,1.5
T4_NC_w1_PD,T4,Ci,NC,1,PD,red,516.2046908315565,1.55
T4_NC_w1_PD,T4,Ci,NC,1,PD,red,518.1236673773988,1.6
T4_NC_w1_PD,T4,Ci,NC,1,PD,red,520.0426439232409,1.6
T4_NC_w1_PD,T4,Ci,NC,1,PD,red,521.9616204690832,1.6
T4_NC_w1_PD,T4,Ci,NC,1,PD,red,523.8805970149253,1.65
T4_NC_w1_PD,T4,Ci,NC,1,PD,red,525.7995735607676,1.7
T4_NC_w1_PD,T4,Ci,NC,1,PD,red,539.232409381663,1.75
T4_NC_w1_PD,T4,Ci,NC,1,PD,red,541.1513859275053,1.8
T4_NC_w1_PD,T4,Ci,NC,1,PD,red,543.0703624733476,1.8
T4_NC_w1_PD,T4,Ci,NC,1,PD,red,544.9893390191897,1.8
T4_NC_w1_PD,T4,Ci,NC,1,PD,red,546.908315565032,1.8
T4_NC_w1_PD,T4,Ci,NC,1,PD,red,548.8272921108743,1.8
T4_NC_w1_PD,T4,Ci,NC,1,PD,red,550.7462686567164,1.8
T4_NC_w1_PD,T4,Ci,NC,1,PD,red,552.6652452025587,1.8
T4_NC_w1_PD,T4,Ci,NC,1,PD,red,554.584221748401,1.8
T4_NC_w1_PD,T4,Ci,NC,1,PD,red,556.5031982942431,1.8
T4_NC_w1_PD,T4,Ci,NC,1,PD,red,558.4221748400854,1.8
T4_NC_w1_PD,T4,Ci,NC,1,PD,red,560.3411513859276,1.85
T4_NC_w1_PD,T4,Ci,NC,1,PD,red,562.2601279317698,1.9
T4_NC_w1_PD,T4,Ci,NC,1,PD,red,564.179104477612,1.9
T4_NC_w1_PD,T4,Ci,NC,1,PD,red,566.0980810234544,1.9
T4_NC_w1_PD,T4,Ci,NC,1,PD,red,568.0170575692964,1.9
T4_NC_w1_PD,T4,Ci,NC,1,PD,red,569.9360341151387,1.9
T4_NC_w1_PD,T4,Ci,NC,1,PD,red,571.8550106609807,1.9
T4_NC_w1_PD,T4,Ci,NC,1,PD,red,573.7739872068231,1.9
T4_NC_w1_PD,T4,Ci,NC,1,PD,red,575.6929637526653,1.9
T4_NC_w1_PD,T4,Ci,NC,1,PD,red,577.6119402985075,1.9
T4_NC_w1_PD,T4,Ci,NC,1,PD,red,579.5309168443497,1.9
T4_NC_w1_PD,T4,Ci,NC,1,PD,red,581.4498933901921,1.9
T4_NC_w1_PD,T4,Ci,NC,1,PD,red,583.3688699360341,1.95
T4_NC_w1_PD,T4,Ci,NC,1,PD,red,585.2878464818764,2.0
T4_NC_w1_PD,T4,Ci,NC,1,PD,red,587.2068230277185,2.0
T4_NC_w1_PD,T4,Ci,NC,1,PD,red,589.1257995735608,2.05
T4_NC_w1_PD,T4,Ci,NC,1,PD,red,591.044776119403,2.05
T4_NC_w1_PD,T4,Ci,NC,1,PD,red,592.9637526652452,2.05
T4_NC_w1_PD,T4,Ci,NC,1,PD,red,594.8827292110874,2.1
T4_NC_w1_PD,T4,Ci,NC,1,PD,red,596.8017057569297,2.1
T4_NC_w1_PD,T4,Ci,NC,1,PD,red,598.7206823027718,2.1
T4_NC_w1_PD,T4,Ci,NC,1,PD,red,600.6396588486141,2.15
T4_NC_w1_PD,T4,Ci,NC,1,PD,red,602.5586353944562,2.15
T4_NC_w1_PD,T4,Ci,NC,1,PD,red,604.4776119402985,2.15
T4_NC_w1_PD,T4,Ci,NC,1,PD,red,606.3965884861407,2.15
T4_NC_w1_PD,T4,Ci,NC,1,PD,red,608.3155650319829,2.25
T4_NC_w1_PD,T4,Ci,NC,1,PD,red,610.2345415778251,2.35
T4_NC_w1_PD,T4,Ci,NC,1,PD,red,612.1535181236674,2.45
T4_NC_w1_PD,T4,Ci,NC,1,PD,red,614.0724946695095,2.55
T4_NC_w1_PD,T4,Ci,NC,1,PD,red,615.9914712153518,2.7
T4_NC_w1_PD,T4,Ci,NC,1,PD,red,617.9104477611941,2.7
T4_NC_w1_PD,T4,Ci,NC,1,PD,red,619.8294243070362,2.75
T4_NC_w1_PD,T4,Ci,NC,1,PD,red,621.7484008528785,2.8
T4_NC_w1_PD,T4,Ci,NC,1,PD,red,623.6673773987206,2.8
T4_NC_w1_PD,T4,Ci,NC,1,PD,red,625.5863539445629,2.8
T4_NC_w1_PD,T4,Ci,NC,1,PD,red,627.5053304904052,2.8
T4_NC_w1_PD,T4,Ci,NC,1,PD,red,629.4243070362473,2.8
T4_NC_w1_PD,T4,Ci,NC,1,PD,red,631.3432835820896,2.8
T4_NC_w1_PD,T4,Ci,NC,1,PD,red,633.2622601279319,2.8
T4_NC_w1_PD,T4,Ci,NC,1,PD,red,635.181236673774,2.75
T4_NC_w1_PD,T4,Ci,NC,1,PD,red,637.1002132196163,2.7
T4_NC_w1_PD,T4,Ci,NC,1,PD,red,639.0191897654585,2.7
T4_NC_w1_PD,T4,Ci,NC,1,PD,red,640.9381663113007,2.7
T4_NC_w1_PD,T4,Ci,NC,1,PD,red,642.8571428571429,2.6
T4_NC_w1_PD,T4,Ci,NC,1,PD,red,644.7761194029852,2.6
T4_NC_w1_PD,T4,Ci,NC,1,PD,red,658.2089552238806,2.6
T4_NC_w1_PD,T4,Ci,NC,1,PD,red,665.8848614072494,2.6
T4_NC_w1_PD,T4,Ci,NC,1,PD,red,667.8038379530917,3.1
T4_NC_w1_PD,T4,Ci,NC,1,PD,red,671.6417910447761,3.1
T4_NC_w1_PD,T4,Ci,NC,1,PD,red,673.5607675906184,3.15
T4_NC_w1_PD,T4,Ci,NC,1,PD,red,675.4797441364606,3.15
T4_NC_w1_PD,T4,Ci,NC,1,PD,red,677.3987206823028,3.15
T4_NC_w1_PD,T4,Ci,NC,1,PD,red,679.317697228145,3.15
T4_NC_w1_PD,T4,Ci,NC,1,PD,red,681.2366737739873,3.15
T4_NC_w1_PD,T4,Ci,NC,1,PD,red,683.1556503198294,3.1
T4_NC_w1_PD,T4,Ci,NC,1,PD,red,685.0746268656717,3.1
T4_NC_w1_PD,T4,Ci,NC,1,PD,red,686.9936034115138,3.1
T4_NC_w1_PD,T4,Ci,NC,1,PD,red,688.9125799573561,3.1
T4_NC_w1_PD,T4,Ci,NC,1,PD,red,690.8315565031983,3.05
T4_NC_w1_PD,T4,Ci,NC,1,PD,red,692.7505330490405,3.0
T4_NC_w1_PD,T4,Ci,NC,1,PD,red,694.6695095948827,2.95
T4_NC_w1_PD,T4,Ci,NC,1,PD,red,696.588486140725,2.95
T4_NC_w1_PD,T4,Ci,NC,1,PD,red,698.5074626865671,2.95
T4_NC_w1_PD,T4,Ci,NC,1,PD,red,700.4264392324094,2.95
T4_NC_w1_PD,T4,Ci,NC,1,PD,red,702.3454157782515,2.95
T4_NC_w1_PD,T4,Ci,NC,1,PD,red,704.2643923240938,3.0
T4_NC_w1_PD,T4,Ci,NC,1,PD,red,706.1833688699361,3.05
T4_NC_w1_PD,T4,Ci,NC,1,PD,red,708.1023454157782,3.05
T4_NC_w1_PD,T4,Ci,NC,1,PD,red,710.0213219616205,3.05
T4_NC_w1_PD,T4,Ci,NC,1,PD,red,711.9402985074628,3.05
T4_NC_w1_PD,T4,Ci,NC,1,PD,red,713.8592750533049,3.05
T4_NC_w1_PD,T4,Ci,NC,1,PD,red,715.7782515991472,3.0
T4_NC_w1_PD,T4,Ci,NC,1,PD,red,717.6972281449894,3.0
T4_NC_w1_PD,T4,Ci,NC,1,PD,red,719.6162046908316,3.0
T4_NC_w1_PD,T4,Ci,NC,1,PD,red,721.5351812366738,3.0
T4_NC_w1_PD,T4,Ci,NC,1,PD,red,723.4541577825161,3.0
T4_NC_w1_PD,T4,Ci,NC,1,PD,red,725.3731343283582,3.0
T4_NC_w1_PD,T4,Ci,NC,1,PD,red,727.2921108742005,2.95
T4_NC_w1_PD,T4,Ci,NC,1,PD,red,729.2110874200426,2.9
T4_NC_w1_PD,T4,Ci,NC,1,PD,red,731.1300639658849,2.85
T4_NC_w1_PD,T4,Ci,NC,1,PD,red,733.0490405117271,2.8
T4_NC_w1_PD,T4,Ci,NC,1,PD,red,734.9680170575693,2.7
T4_NC_w1_PD,T4,Ci,NC,1,PD,red,736.8869936034116,2.65
T4_NC_w1_PD,T4,Ci,NC,1,PD,red,738.8059701492538,2.55
T4_NC_w1_PD,T4,Ci,NC,1,PD,red,740.724946695096,2.5
T4_NC_w1_PD,T4,Ci,NC,1,PD,red,742.6439232409382,2.5
T4_NC_w1_PD,T4,Ci,NC,1,PD,red,744.5628997867805,2.5
T4_NC_w1_PD,T4,Ci,NC,1,PD,red,746.4818763326226,2.5
T4_NC_w1_PD,T4,Ci,NC,1,PD,red,748.4008528784649,2.5
T4_NC_w1_PD,T4,Ci,NC,1,PD,red,750.319829424307,2.5
T4_NC_w1_PD,T4,Ci,NC,1,PD,red,752.2388059701493,2.5
T4_NC_w1_PD,T4,Ci,NC,1,PD,red,754.1577825159915,2.65
T4_NC_w1_PD,T4,Ci,NC,1,PD,red,756.0767590618337,2.7
T4_NC_w1_PD,T4,Ci,NC,1,PD,red,757.9957356076759,2.7
T4_NC_w1_PD,T4,Ci,NC,1,PD,red,759.9147121535182,2.8
T4_NC_w1_PD,T4,Ci,NC,1,PD,red,761.8336886993603,2.8
T4_NC_w1_PD,T4,Ci,NC,1,PD,red,763.7526652452026,2.8
T4_NC_w1_PD,T4,Ci,NC,1,PD,red,765.6716417910447,2.8
T4_NC_w1_PD,T4,Ci,NC,1,PD,red,767.590618336887,2.8
T4_NC_w1_PD,T4,Ci,NC,1,PD,red,769.5095948827292,2.8
T4_NC_w1_PD,T4,Ci,NC,1,PD,red,771.4285714285714,2.8
T4_NC_w1_PD,T4,Ci,NC,1,PD,red,773.3475479744136,2.8
T4_NC_w1_PD,T4,Ci,NC,1,PD,red,775.2665245202559,2.8
T4_NC_w1_PD,T4,Ci,NC,1,PD,red,777.185501066098,2.8
T4_NC_w1_PD,T4,Ci,NC,1,PD,red,779.1044776119403,2.8
T4_NC_w1_PD,T4,Ci,NC,1,PD,red,781.0234541577825,2.8
T4_NC_w1_PD,T4,Ci,NC,1,PD,red,782.9424307036247,2.8
T4_NC_w1_PD,T4,Ci,NC,1,PD,red,784.8614072494669,2.8
T4_NC_w1_PD,T4,Ci,NC,1,PD,red,786.7803837953091,2.8
T4_NC_w1_PD,T4,Ci,NC,1,PD,red,788.6993603411514,2.75
T4_NC_w1_PD,T4,Ci,NC,1,PD,red,790.6183368869936,2.75
T4_NC_w1_PD,T4,Ci,NC,1,PD,red,792.5373134328358,2.75
T4_NC_w1_PD,T4,Ci,NC,1,PD,red,794.4562899786781,2.75
T4_NC_w1_PD,T4,Ci,NC,1,PD,red,796.3752665245204,2.7
T4_NC_w1_PD,T4,Ci,NC,1,PD,red,798.2942430703625,2.6
T4_NC_w1_PD,T4,Ci,NC,1,PD,red,800.2132196162048,2.5
T4_NC_w1_PD,T4,Ci,NC,1,PD,red,802.132196162047,2.45
T4_NC_w1_PD,T4,Ci,NC,1,PD,red,804.0511727078892,2.35
T4_NC_w1_PD,T4,Ci,NC,1,PD,red,805.9701492537314,2.35
T4_NC_w1_PD,T4,Ci,NC,1,PD,red,807.8891257995737,2.35
T4_NC_w1_PD,T4,Ci,NC,1,PD,red,809.8081023454158,2.35
T4_NC_w1_PD,T4,Ci,NC,1,PD,red,811.7270788912581,2.35
T4_NC_w1_PD,T4,Ci,NC,1,PD,red,813.6460554371001,2.35
T4_NC_w1_PD,T4,Ci,NC,1,PD,red,815.5650319829425,2.4
T4_NC_w1_PD,T4,Ci,NC,1,PD,red,817.4840085287847,2.45
T4_NC_w1_PD,T4,Ci,NC,1,PD,red,819.4029850746269,2.55
T4_NC_w1_PD,T4,Ci,NC,1,PD,red,821.3219616204691,2.65
T4_NC_w1_PD,T4,Ci,NC,1,PD,red,823.2409381663114,2.7
T4_NC_w1_PD,T4,Ci,NC,1,PD,red,825.1599147121535,2.7
T4_NC_w1_PD,T4,Ci,NC,1,PD,red,827.0788912579958,2.7
T4_NC_w1_PD,T4,Ci,NC,1,PD,red,828.9978678038381,2.7
T4_NC_w1_PD,T4,Ci,NC,1,PD,red,830.9168443496802,2.75
T4_NC_w1_PD,T4,Ci,NC,1,PD,red,832.8358208955224,2.8
T4_NC_w1_PD,T4,Ci,NC,1,PD,red,834.7547974413646,2.8
T4_NC_w1_PD,T4,Ci,NC,1,PD,red,836.6737739872068,2.8
T4_NC_w1_PD,T4,Ci,NC,1,PD,red,838.592750533049,2.8
T4_NC_w1_PD,T4,Ci,NC,1,PD,red,840.5117270788912,2.8
T4_NC_w1_PD,T4,Ci,NC,1,PD,red,842.4307036247335,2.8
T4_NC_w1_PD,T4,Ci,NC,1,PD,red,844.3496801705757,2.7
T4_NC_w1_PD,T4,Ci,NC,1,PD,red,846.2686567164179,2.7
T4_NC_w1_PD,T4,Ci,NC,1,PD,red,848.1876332622601,2.65
T4_NC_w1_PD,T4,Ci,NC,1,PD,red,850.1066098081023,2.6
T4_NC_w1_PD,T4,Ci,NC,1,PD,red,852.0255863539445,2.6
T4_NC_w1_PD,T4,Ci,NC,1,PD,red,853.9445628997868,2.6
T4_NC_w1_PD,T4,Ci,NC,1,PD,red,855.8635394456289,2.5
T4_NC_w1_PD,T4,Ci,NC,1,PD,red,857.7825159914712,2.45
T4_NC_w1_PD,T4,Ci,NC,1,PD,red,859.7014925373135,2.35
T4_NC_w1_PD,T4,Ci,NC,1,PD,red,861.6204690831556,2.35
T4_NC_w1_PD,T4,Ci,NC,1,PD,red,863.5394456289979,2.25
T4_NC_w1_PD,T4,Ci,NC,1,PD,red,865.45842217484,2.25
T4_NC_w1_PD,T4,Ci,NC,1,PD,red,867.3773987206823,2.25
T4_NC_w1_PD,T4,Ci,NC,1,PD,red,869.2963752665245,2.25
T4_NC_w1_PD,T4,Ci,NC,1,PD,red,871.2153518123669,2.25
T4_NC_w1_PD,T4,Ci,NC,1,PD,red,873.134328358209,2.25
T4_NC_w1_PD,T4,Ci,NC,1,PD,red,875.0533049040512,2.25
T4_NC_w1_PD,T4,Ci,NC,1,PD,red,876.9722814498934,2.25
T4_NC_w1_PD,T4,Ci,NC,1,PD,red,878.8912579957357,2.25
T4_NC_w1_PD,T4,Ci,NC,1,PD,red,880.8102345415778,2.2
T4_NC_w1_PD,T4,Ci,NC,1,PD,red,882.7292110874201,2.15
T4_NC_w1_PD,T4,Ci,NC,1,PD,red,884.6481876332623,2.15
T4_NC_w1_PD,T4,Ci,NC,1,PD,red,886.5671641791046,2.1
T4_NC_w1_PD,T4,Ci,NC,1,PD,red,890.405117270789,2.1
T4_NC_w1_PD,T4,Ci,NC,1,PD,red,900.0,1.65
T4_NC_w1_PD,T4,Ci,NC,1,PD,red,901.9189765458424,1.65
T4_NC_w1_PD,T4,Ci,NC,1,PD,red,903.8379530916844,1.6
T4_NC_w1_PD,T4,Ci,NC,1,PD,red,905.7569296375268,1.55
T4_NC_w1_PD,T4,Ci,NC,1,PD,red,907.6759061833689,1.5
T4_NC_w1_PD,T4,Ci,NC,1,PD,red,909.5948827292112,1.5
T4_NC_w1_PD,T4,Ci,NC,1,PD,red,911.5138592750532,1.5
T4_NC_w1_PD,T4,Ci,NC,1,PD,red,913.4328358208955,1.5
T4_NC_w1_ND,T4,Ci,NC,1,ND,blue,0.0,0.0
T4_NC_w1_ND,T4,Ci,NC,1,ND,blue,1.918976545842213,0.0
T4_NC_w1_ND,T4,Ci,NC,1,ND,blue,15.35181236673776,-0.1
T4_NC_w1_ND,T4,Ci,NC,1,ND,blue,24.94669509594884,-0.1
T4_NC_w1_ND,T4,Ci,NC,1,ND,blue,26.86567164179104,-0.6
T4_NC_w1_ND,T4,Ci,NC,1,ND,blue,36.460554371002104,-0.9
T4_NC_w1_ND,T4,Ci,NC,1,ND,blue,38.37953091684436,-0.9
T4_NC_w1_ND,T4,Ci,NC,1,ND,blue,40.2985074626866,-0.9
T4_NC_w1_ND,T4,Ci,NC,1,ND,blue,42.2174840085288,-0.9
T4_NC_w1_ND,T4,Ci,NC,1,ND,blue,47.97441364605544,-0.95
T4_NC_w1_ND,T4,Ci,NC,1,ND,blue,51.812366737739865,-1.0
T4_NC_w1_ND,T4,Ci,NC,1,ND,blue,53.73134328358208,-1.1
T4_NC_w1_ND,T4,Ci,NC,1,ND,blue,59.48827292110876,-1.1
T4_NC_w1_ND,T4,Ci,NC,1,ND,blue,61.40724946695099,-1.1
T4_NC_w1_ND,T4,Ci,NC,1,ND,blue,63.3262260127932,-1.1
T4_NC_w1_ND,T4,Ci,NC,1,ND,blue,65.24520255863541,-1.1
T4_NC_w1_ND,T4,Ci,NC,1,ND,blue,69.08315565031984,-1.2
T4_NC_w1_ND,T4,Ci,NC,1,ND,blue,71.002132196162,-1.2
T4_NC_w1_ND,T4,Ci,NC,1,ND,blue,72.92110874200432,-0.95
T4_NC_w1_ND,T4,Ci,NC,1,ND,blue,78.6780383795309,-0.95
T4_NC_w1_ND,T4,Ci,NC,1,ND,blue,80.59701492537317,-0.95
T4_NC_w1_ND,T4,Ci,NC,1,ND,blue,82.51599147121527,-0.95
T4_NC_w1_ND,T4,Ci,NC,1,ND,blue,84.4349680170576,-0.95
T4_NC_w1_ND,T4,Ci,NC,1,ND,blue,86.35394456289981,-0.95
T4_NC_w1_ND,T4,Ci,NC,1,ND,blue,88.27292110874203,-0.95
T4_NC_w1_ND,T4,Ci,NC,1,ND,blue,90.19189765458424,-0.95
T4_NC_w1_ND,T4,Ci,NC,1,ND,blue,92.11087420042644,-0.95
T4_NC_w1_ND,T4,Ci,NC,1,ND,blue,95.94882729211088,-0.95
T4_NC_w1_ND,T4,Ci,NC,1,ND,blue,97.86780383795306,-0.95
T4_NC_w1_ND,T4,Ci,NC,1,ND,blue,99.7867803837953,-0.8
T4_NC_w1_ND,T4,Ci,NC,1,ND,blue,103.62473347547972,-0.8
T4_NC_w1_ND,T4,Ci,NC,1,ND,blue,105.54371002132194,-1.05
T4_NC_w1_ND,T4,Ci,NC,1,ND,blue,107.4626865671642,-0.95
T4_NC_w1_ND,T4,Ci,NC,1,ND,blue,109.38166311300644,-0.9
T4_NC_w1_ND,T4,Ci,NC,1,ND,blue,113.21961620469084,-0.9
T4_NC_w1_ND,T4,Ci,NC,1,ND,blue,115.138592750533,-0.9
T4_NC_w1_ND,T4,Ci,NC,1,ND,blue,117.05756929637528,-0.8
T4_NC_w1_ND,T4,Ci,NC,1,ND,blue,118.97654584221748,-0.8
T4_NC_w1_ND,T4,Ci,NC,1,ND,blue,120.8955223880597,-0.85
T4_NC_w1_ND,T4,Ci,NC,1,ND,blue,122.81449893390192,-0.8
T4_NC_w1_ND,T4,Ci,NC,1,ND,blue,124.73347547974411,-0.8
T4_NC_w1_ND,T4,Ci,NC,1,ND,blue,126.65245202558634,-0.8
T4_NC_w1_ND,T4,Ci,NC,1,ND,blue,128.57142857142856,-0.8
T4_NC_w1_ND,T4,Ci,NC,1,ND,blue,130.49040511727085,-0.8
T4_NC_w1_ND,T4,Ci,NC,1,ND,blue,132.40938166311298,-0.8
T4_NC_w1_ND,T4,Ci,NC,1,ND,blue,134.32835820895525,-0.8
T4_NC_w1_ND,T4,Ci,NC,1,ND,blue,136.2473347547974,-0.8
T4_NC_w1_ND,T4,Ci,NC,1,ND,blue,138.16631130063968,-0.8
T4_NC_w1_ND,T4,Ci,NC,1,ND,blue,140.08528784648183,-0.9
T4_NC_w1_ND,T4,Ci,NC,1,ND,blue,142.0042643923241,-0.9
T4_NC_w1_ND,T4,Ci,NC,1,ND,blue,143.92324093816632,-0.9
T4_NC_w1_ND,T4,Ci,NC,1,ND,blue,145.84221748400853,-0.9
T4_NC_w1_ND,T4,Ci,NC,1,ND,blue,147.7611940298508,-0.9
T4_NC_w1_ND,T4,Ci,NC,1,ND,blue,149.68017057569296,-0.8
T4_NC_w1_ND,T4,Ci,NC,1,ND,blue,151.59914712153522,-0.8
T4_NC_w1_ND,T4,Ci,NC,1,ND,blue,153.51812366737738,-0.8
T4_NC_w1_ND,T4,Ci,NC,1,ND,blue,155.43710021321965,-0.8
T4_NC_w1_ND,T4,Ci,NC,1,ND,blue,157.3560767590618,-0.8
T4_NC_w1_ND,T4,Ci,NC,1,ND,blue,159.27505330490408,-0.8
T4_NC_w1_ND,T4,Ci,NC,1,ND,blue,161.19402985074623,-0.8
T4_NC_w1_ND,T4,Ci,NC,1,ND,blue,168.86993603411514,-0.8
T4_NC_w1_ND,T4,Ci,NC,1,ND,blue,170.78891257995735,-0.8
T4_NC_w1_ND,T4,Ci,NC,1,ND,blue,172.70788912579957,-0.8
T4_NC_w1_ND,T4,Ci,NC,1,ND,blue,174.62686567164178,-0.85
T4_NC_w1_ND,T4,Ci,NC,1,ND,blue,178.4648187633262,-0.85
T4_NC_w1_ND,T4,Ci,NC,1,ND,blue,180.38379530916848,-0.95
T4_NC_w1_ND,T4,Ci,NC,1,ND,blue,182.30277185501063,-1.05
T4_NC_w1_ND,T4,Ci,NC,1,ND,blue,184.2217484008529,-1.05
T4_NC_w1_ND,T4,Ci,NC,1,ND,blue,186.14072494669512,-1.05
T4_NC_w1_ND,T4,Ci,NC,1,ND,blue,188.05970149253733,-1.05
T4_NC_w1_ND,T4,Ci,NC,1,ND,blue,189.9786780383796,-1.05
T4_NC_w1_ND,T4,Ci,NC,1,ND,blue,193.816631130064,-1.05
T4_NC_w1_ND,T4,Ci,NC,1,ND,blue,197.6545842217484,-0.85
T4_NC_w1_ND,T4,Ci,NC,1,ND,blue,199.5735607675906,-0.8
T4_NC_w1_ND,T4,Ci,NC,1,ND,blue,201.4925373134328,-0.8
T4_NC_w1_ND,T4,Ci,NC,1,ND,blue,203.41151385927503,-0.75
T4_NC_w1_ND,T4,Ci,NC,1,ND,blue,205.3304904051173,-0.75
T4_NC_w1_ND,T4,Ci,NC,1,ND,blue,207.24946695095952,-0.75
T4_NC_w1_ND,T4,Ci,NC,1,ND,blue,209.16844349680173,-0.8
T4_NC_w1_ND,T4,Ci,NC,1,ND,blue,211.087420042644,-0.8
T4_NC_w1_ND,T4,Ci,NC,1,ND,blue,213.00639658848613,-0.8
T4_NC_w1_ND,T4,Ci,NC,1,ND,blue,214.9253731343284,-0.8
T4_NC_w1_ND,T4,Ci,NC,1,ND,blue,216.84434968017052,-0.8
T4_NC_w1_ND,T4,Ci,NC,1,ND,blue,218.7633262260128,-0.85
T4_NC_w1_ND,T4,Ci,NC,1,ND,blue,220.682302771855,-0.85
T4_NC_w1_ND,T4,Ci,NC,1,ND,blue,222.6012793176972,-0.85
T4_NC_w1_ND,T4,Ci,NC,1,ND,blue,224.52025586353943,-0.85
T4_NC_w1_ND,T4,Ci,NC,1,ND,blue,226.43923240938165,-0.8
T4_NC_w1_ND,T4,Ci,NC,1,ND,blue,228.3582089552239,-0.8
T4_NC_w1_ND,T4,Ci,NC,1,ND,blue,230.2771855010661,-0.75
T4_NC_w1_ND,T4,Ci,NC,1,ND,blue,232.1961620469083,-0.7
T4_NC_w1_ND,T4,Ci,NC,1,ND,blue,234.11513859275053,-0.2
T4_NC_w1_ND,T4,Ci,NC,1,ND,blue,236.0341151385928,-0.15
T4_NC_w1_ND,T4,Ci,NC,1,ND,blue,237.95309168443492,0.1
T4_NC_w1_ND,T4,Ci,NC,1,ND,blue,239.8720682302772,0.1
T4_NC_w1_ND,T4,Ci,NC,1,ND,blue,241.7910447761194,0.1
T4_NC_w1_ND,T4,Ci,NC,1,ND,blue,243.71002132196162,0.1
T4_NC_w1_ND,T4,Ci,NC,1,ND,blue,245.62899786780383,0.1
T4_NC_w1_ND,T4,Ci,NC,1,ND,blue,247.54797441364605,0.0
T4_NC_w1_ND,T4,Ci,NC,1,ND,blue,249.4669509594883,0.0
T4_NC_w1_ND,T4,Ci,NC,1,ND,blue,251.3859275053305,0.0
T4_NC_w1_ND,T4,Ci,NC,1,ND,blue,253.30490405117274,0.0
T4_NC_w1_ND,T4,Ci,NC,1,ND,blue,255.22388059701493,0.0
T4_NC_w1_ND,T4,Ci,NC,1,ND,blue,257.1428571428571,0.0
T4_NC_w1_ND,T4,Ci,NC,1,ND,blue,259.0618336886993,0.0
T4_NC_w1_ND,T4,Ci,NC,1,ND,blue,260.98081023454154,0.0
T4_NC_w1_ND,T4,Ci,NC,1,ND,blue,262.8997867803837,0.0
T4_NC_w1_ND,T4,Ci,NC,1,ND,blue,264.818763326226,0.0
T4_NC_w1_ND,T4,Ci,NC,1,ND,blue,266.7377398720681,0.0
T4_NC_w1_ND,T4,Ci,NC,1,ND,blue,268.6567164179104,0.0
T4_NC_w1_ND,T4,Ci,NC,1,ND,blue,270.5756929637526,0.0
T4_NC_w1_ND,T4,Ci,NC,1,ND,blue,272.4946695095948,0.0
T4_NC_w1_ND,T4,Ci,NC,1,ND,blue,274.4136460554371,0.05
T4_NC_w1_ND,T4,Ci,NC,1,ND,blue,276.3326226012793,0.05
T4_NC_w1_ND,T4,Ci,NC,1,ND,blue,278.2515991471215,0.05
T4_NC_w1_ND,T4,Ci,NC,1,ND,blue,280.1705756929638,0.05
T4_NC_w1_ND,T4,Ci,NC,1,ND,blue,282.089552238806,0.05
T4_NC_w1_ND,T4,Ci,NC,1,ND,blue,284.0085287846482,0.05
T4_NC_w1_ND,T4,Ci,NC,1,ND,blue,285.9275053304904,0.15
T4_NC_w1_ND,T4,Ci,NC,1,ND,blue,287.84648187633263,0.15
T4_NC_w1_ND,T4,Ci,NC,1,ND,blue,289.76545842217485,0.15
T4_NC_w1_ND,T4,Ci,NC,1,ND,blue,291.68443496801706,0.15
T4_NC_w1_ND,T4,Ci,NC,1,ND,blue,293.60341151385927,0.15
T4_NC_w1_ND,T4,Ci,NC,1,ND,blue,295.5223880597015,0.25
T4_NC_w1_ND,T4,Ci,NC,1,ND,blue,297.4413646055437,0.25
T4_NC_w1_ND,T4,Ci,NC,1,ND,blue,299.3603411513859,0.25
T4_NC_w1_ND,T4,Ci,NC,1,ND,blue,301.2793176972281,0.3
T4_NC_w1_ND,T4,Ci,NC,1,ND,blue,303.19829424307034,0.3
T4_NC_w1_ND,T4,Ci,NC,1,ND,blue,305.1172707889125,0.3
T4_NC_w1_ND,T4,Ci,NC,1,ND,blue,307.0362473347548,0.3
T4_NC_w1_ND,T4,Ci,NC,1,ND,blue,308.955223880597,0.3
T4_NC_w1_ND,T4,Ci,NC,1,ND,blue,310.8742004264392,0.25
T4_NC_w1_ND,T4,Ci,NC,1,ND,blue,312.7931769722814,0.25
T4_NC_w1_ND,T4,Ci,NC,1,ND,blue,314.7121535181236,0.15
T4_NC_w1_ND,T4,Ci,NC,1,ND,blue,316.6311300639659,0.15
T4_NC_w1_ND,T4,Ci,NC,1,ND,blue,318.5501066098081,0.15
T4_NC_w1_ND,T4,Ci,NC,1,ND,blue,320.4690831556503,0.15
T4_NC_w1_ND,T4,Ci,NC,1,ND,blue,322.3880597014925,0.15
T4_NC_w1_ND,T4,Ci,NC,1,ND,blue,324.30703624733474,0.15
T4_NC_w1_ND,T4,Ci,NC,1,ND,blue,326.2260127931769,0.15
T4_NC_w1_ND,T4,Ci,NC,1,ND,blue,328.1449893390192,0.1
T4_NC_w1_ND,T4,Ci,NC,1,ND,blue,330.0639658848613,0.1
T4_NC_w1_ND,T4,Ci,NC,1,ND,blue,331.9829424307036,-0.1
T4_NC_w1_ND,T4,Ci,NC,1,ND,blue,333.9019189765458,-0.1
T4_NC_w1_ND,T4,Ci,NC,1,ND,blue,335.820895522388,-0.15
T4_NC_w1_ND,T4,Ci,NC,1,ND,blue,337.7398720682302,-0.15
T4_NC_w1_ND,T4,Ci,NC,1,ND,blue,339.6588486140725,-0.2
T4_NC_w1_ND,T4,Ci,NC,1,ND,blue,341.5778251599147,-0.25
T4_NC_w1_ND,T4,Ci,NC,1,ND,blue,343.49680170575687,-0.35
T4_NC_w1_ND,T4,Ci,NC,1,ND,blue,345.41577825159914,-0.5
T4_NC_w1_ND,T4,Ci,NC,1,ND,blue,347.3347547974413,-0.5
T4_NC_w1_ND,T4,Ci,NC,1,ND,blue,349.25373134328356,-0.5
T4_NC_w1_ND,T4,Ci,NC,1,ND,blue,351.1727078891257,-0.5
T4_NC_w1_ND,T4,Ci,NC,1,ND,blue,353.091684434968,-0.5
T4_NC_w1_ND,T4,Ci,NC,1,ND,blue,355.0106609808102,-0.55
T4_NC_w1_ND,T4,Ci,NC,1,ND,blue,356.9296375266524,-0.55
T4_NC_w1_ND,T4,Ci,NC,1,ND,blue,358.8486140724947,-0.5
T4_NC_w1_ND,T4,Ci,NC,1,ND,blue,360.7675906183369,-0.5
T4_NC_w1_ND,T4,Ci,NC,1,ND,blue,362.6865671641791,-0.55
T4_NC_w1_ND,T4,Ci,NC,1,ND,blue,364.60554371002127,-0.55
T4_NC_w1_ND,T4,Ci,NC,1,ND,blue,366.52452025586354,-0.55
T4_NC_w1_ND,T4,Ci,NC,1,ND,blue,368.4434968017057,-0.55
T4_NC_w1_ND,T4,Ci,NC,1,ND,blue,370.36247334754796,-0.45
T4_NC_w1_ND,T4,Ci,NC,1,ND,blue,372.2814498933901,-0.45
T4_NC_w1_ND,T4,Ci,NC,1,ND,blue,374.2004264392324,-0.45
T4_NC_w1_ND,T4,Ci,NC,1,ND,blue,376.1194029850746,-0.45
T4_NC_w1_ND,T4,Ci,NC,1,ND,blue,378.0383795309168,-0.4
T4_NC_w1_ND,T4,Ci,NC,1,ND,blue,379.957356076759,-0.4
T4_NC_w1_ND,T4,Ci,NC,1,ND,blue,381.8763326226013,-0.4
T4_NC_w1_ND,T4,Ci,NC,1,ND,blue,383.79530916844345,-0.4
T4_NC_w1_ND,T4,Ci,NC,1,ND,blue,385.71428571428567,-0.4
T4_NC_w1_ND,T4,Ci,NC,1,ND,blue,387.6332622601279,-0.45
T4_NC_w1_ND,T4,Ci,NC,1,ND,blue,389.5522388059701,-0.55
T4_NC_w1_ND,T4,Ci,NC,1,ND,blue,391.4712153518123,-0.65
T4_NC_w1_ND,T4,Ci,NC,1,ND,blue,393.3901918976545,-0.6
T4_NC_w1_ND,T4,Ci,NC,1,ND,blue,395.3091684434968,-0.6
T4_NC_w1_ND,T4,Ci,NC,1,ND,blue,397.228144989339,-0.6
T4_NC_w1_ND,T4,Ci,NC,1,ND,blue,399.1471215351812,-0.65
T4_NC_w1_ND,T4,Ci,NC,1,ND,blue,401.0660980810235,-0.65
T4_NC_w1_ND,T4,Ci,NC,1,ND,blue,402.9850746268657,-0.6
T4_NC_w1_ND,T4,Ci,NC,1,ND,blue,404.9040511727079,-0.6
T4_NC_w1_ND,T4,Ci,NC,1,ND,blue,406.8230277185501,-0.6
T4_NC_w1_ND,T4,Ci,NC,1,ND,blue,408.74200426439234,-0.6
T4_NC_w1_ND,T4,Ci,NC,1,ND,blue,410.66098081023455,-0.6
T4_NC_w1_ND,T4,Ci,NC,1,ND,blue,412.5799573560768,-0.65
T4_NC_w1_ND,T4,Ci,NC,1,ND,blue,414.498933901919,-0.7
T4_NC_w1_ND,T4,Ci,NC,1,ND,blue,416.4179104477612,-0.7
T4_NC_w1_ND,T4,Ci,NC,1,ND,blue,418.3368869936034,-0.7
T4_NC_w1_ND,T4,Ci,NC,1,ND,blue,420.2558635394456,-0.7
T4_NC_w1_ND,T4,Ci,NC,1,ND,blue,422.1748400852878,-0.7
T4_NC_w1_ND,T4,Ci,NC,1,ND,blue,424.0938166311301,-0.7
T4_NC_w1_ND,T4,Ci,NC,1,ND,blue,426.01279317697225,-0.7
T4_NC_w1_ND,T4,Ci,NC,1,ND,blue,427.93176972281447,-0.7
T4_NC_w1_ND,T4,Ci,NC,1,ND,blue,429.8507462686567,-0.6
T4_NC_w1_ND,T4,Ci,NC,1,ND,blue,431.7697228144989,-0.6
T4_NC_w1_ND,T4,Ci,NC,1,ND,blue,433.6886993603411,-0.55
T4_NC_w1_ND,T4,Ci,NC,1,ND,blue,435.6076759061833,-0.55
T4_NC_w1_ND,T4,Ci,NC,1,ND,blue,437.5266524520256,-0.55
T4_NC_w1_ND,T4,Ci,NC,1,ND,blue,439.4456289978678,-0.5
T4_NC_w1_ND,T4,Ci,NC,1,ND,blue,441.36460554371,-0.5
T4_NC_w1_ND,T4,Ci,NC,1,ND,blue,443.2835820895522,-0.45
T4_NC_w1_ND,T4,Ci,NC,1,ND,blue,445.2025586353944,-0.45
T4_NC_w1_ND,T4,Ci,NC,1,ND,blue,447.1215351812367,-0.45
T4_NC_w1_ND,T4,Ci,NC,1,ND,blue,449.04051172707887,-0.45
T4_NC_w1_ND,T4,Ci,NC,1,ND,blue,450.9594882729211,-0.45
T4_NC_w1_ND,T4,Ci,NC,1,ND,blue,452.8784648187633,-0.45
T4_NC_w1_ND,T4,Ci,NC,1,ND,blue,454.7974413646055,-0.45
T4_NC_w1_ND,T4,Ci,NC,1,ND,blue,456.7164179104477,-1.05
T4_NC_w1_ND,T4,Ci,NC,1,ND,blue,458.63539445629,-1.05
T4_NC_w1_ND,T4,Ci,NC,1,ND,blue,460.55437100213214,-1.05
T4_NC_w1_ND,T4,Ci,NC,1,ND,blue,462.4733475479744,-1.05
T4_NC_w1_ND,T4,Ci,NC,1,ND,blue,464.39232409381657,-1.05
T4_NC_w1_ND,T4,Ci,NC,1,ND,blue,466.3113006396589,-1.0
T4_NC_w1_ND,T4,Ci,NC,1,ND,blue,468.230277185501,-1.0
T4_NC_w1_ND,T4,Ci,NC,1,ND,blue,470.14925373134326,-1.0
T4_NC_w1_ND,T4,Ci,NC,1,ND,blue,472.0682302771854,-1.0
T4_NC_w1_ND,T4,Ci,NC,1,ND,blue,473.9872068230277,-1.0
T4_NC_w1_ND,T4,Ci,NC,1,ND,blue,475.90618336886985,-1.0
T4_NC_w1_ND,T4,Ci,NC,1,ND,blue,477.8251599147121,-1.0
T4_NC_w1_ND,T4,Ci,NC,1,ND,blue,479.7441364605544,-1.0
T4_NC_w1_ND,T4,Ci,NC,1,ND,blue,481.6631130063966,-1.0
T4_NC_w1_ND,T4,Ci,NC,1,ND,blue,483.5820895522388,-0.95
T4_NC_w1_ND,T4,Ci,NC,1,ND,blue,485.501066098081,-0.85
T4_NC_w1_ND,T4,Ci,NC,1,ND,blue,487.4200426439232,-0.85
T4_NC_w1_ND,T4,Ci,NC,1,ND,blue,489.3390191897655,-0.85
T4_NC_w1_ND,T4,Ci,NC,1,ND,blue,491.2579957356077,-0.85
T4_NC_w1_ND,T4,Ci,NC,1,ND,blue,493.1769722814499,-0.85
T4_NC_w1_ND,T4,Ci,NC,1,ND,blue,495.09594882729215,-0.8
T4_NC_w1_ND,T4,Ci,NC,1,ND,blue,497.0149253731343,-0.75
T4_NC_w1_ND,T4,Ci,NC,1,ND,blue,498.9339019189766,-0.75
T4_NC_w1_ND,T4,Ci,NC,1,ND,blue,500.8528784648188,-0.75
T4_NC_w1_ND,T4,Ci,NC,1,ND,blue,502.771855010661,-0.65
T4_NC_w1_ND,T4,Ci,NC,1,ND,blue,504.6908315565032,-0.65
T4_NC_w1_ND,T4,Ci,NC,1,ND,blue,506.6098081023454,-0.55
T4_NC_w1_ND,T4,Ci,NC,1,ND,blue,508.5287846481876,-0.55
T4_NC_w1_ND,T4,Ci,NC,1,ND,blue,510.44776119402985,-0.5
T4_NC_w1_ND,T4,Ci,NC,1,ND,blue,512.3667377398721,-0.4
T4_NC_w1_ND,T4,Ci,NC,1,ND,blue,514.2857142857143,-0.25
T4_NC_w1_ND,T4,Ci,NC,1,ND,blue,516.2046908315565,-0.2
T4_NC_w1_ND,T4,Ci,NC,1,ND,blue,518.1236673773988,-0.1
T4_NC_w1_ND,T4,Ci,NC,1,ND,blue,520.0426439232409,0.0
T4_NC_w1_ND,T4,Ci,NC,1,ND,blue,521.9616204690832,0.0
T4_NC_w1_ND,T4,Ci,NC,1,ND,blue,523.8805970149253,0.1
T4_NC_w1_ND,T4,Ci,NC,1,ND,blue,525.7995735607676,0.6
T4_NC_w1_ND,T4,Ci,NC,1,ND,blue,527.7185501066098,0.7
T4_NC_w1_ND,T4,Ci,NC,1,ND,blue,529.6375266524519,0.7
T4_NC_w1_ND,T4,Ci,NC,1,ND,blue,531.5565031982942,0.85
T4_NC_w1_ND,T4,Ci,NC,1,ND,blue,533.4754797441365,1.3
T4_NC_w1_ND,T4,Ci,NC,1,ND,blue,535.3944562899786,2.1
T4_NC_w1_ND,T4,Ci,NC,1,ND,blue,537.3134328358209,2.25
T4_NC_w1_ND,T4,Ci,NC,1,ND,blue,539.2324093816633,2.3
T4_NC_w1_ND,T4,Ci,NC,1,ND,blue,541.1513859275053,2.3
T4_NC_w1_ND,T4,Ci,NC,1,ND,blue,543.0703624733476,2.3
T4_NC_w1_ND,T4,Ci,NC,1,ND,blue,544.9893390191899,2.3
T4_NC_w1_ND,T4,Ci,NC,1,ND,blue,546.908315565032,2.3
T4_NC_w1_ND,T4,Ci,NC,1,ND,blue,548.8272921108743,2.35
T4_NC_w1_ND,T4,Ci,NC,1,ND,blue,550.7462686567166,2.3
T4_NC_w1_ND,T4,Ci,NC,1,ND,blue,552.6652452025587,2.3
T4_NC_w1_ND,T4,Ci,NC,1,ND,blue,554.584221748401,2.3
T4_NC_w1_ND,T4,Ci,NC,1,ND,blue,556.5031982942431,2.3
T4_NC_w1_ND,T4,Ci,NC,1,ND,blue,558.4221748400854,2.3
T4_NC_w1_ND,T4,Ci,NC,1,ND,blue,560.3411513859276,2.3
T4_NC_w1_ND,T4,Ci,NC,1,ND,blue,562.2601279317698,2.3
T4_NC_w1_ND,T4,Ci,NC,1,ND,blue,564.179104477612,2.3
T4_NC_w1_ND,T4,Ci,NC,1,ND,blue,566.0980810234544,2.25
T4_NC_w1_ND,T4,Ci,NC,1,ND,blue,568.0170575692964,2.2
T4_NC_w1_ND,T4,Ci,NC,1,ND,blue,569.9360341151387,2.2
T4_NC_w1_ND,T4,Ci,NC,1,ND,blue,571.8550106609807,2.2
T4_NC_w1_ND,T4,Ci,NC,1,ND,blue,573.7739872068231,2.2
T4_NC_w1_ND,T4,Ci,NC,1,ND,blue,575.6929637526653,2.2
T4_NC_w1_ND,T4,Ci,NC,1,ND,blue,577.6119402985075,2.2
T4_NC_w1_ND,T4,Ci,NC,1,ND,blue,579.5309168443497,2.2
T4_NC_w1_ND,T4,Ci,NC,1,ND,blue,581.4498933901921,2.25
T4_NC_w1_ND,T4,Ci,NC,1,ND,blue,583.3688699360341,2.25
T4_NC_w1_ND,T4,Ci,NC,1,ND,blue,585.2878464818764,2.25
T4_NC_w1_ND,T4,Ci,NC,1,ND,blue,587.2068230277185,2.25
T4_NC_w1_ND,T4,Ci,NC,1,ND,blue,589.1257995735608,2.25
T4_NC_w1_ND,T4,Ci,NC,1,ND,blue,591.044776119403,2.25
T4_NC_w1_ND,T4,Ci,NC,1,ND,blue,592.9637526652452,2.25
T4_NC_w1_ND,T4,Ci,NC,1,ND,blue,594.8827292110874,2.25
T4_NC_w1_ND,T4,Ci,NC,1,ND,blue,596.8017057569297,2.25
T4_NC_w1_ND,T4,Ci,NC,1,ND,blue,598.7206823027718,2.25
T4_NC_w1_ND,T4,Ci,NC,1,ND,blue,600.6396588486141,2.4
T4_NC_w1_ND,T4,Ci,NC,1,ND,blue,602.5586353944562,2.4
T4_NC_w1_ND,T4,Ci,NC,1,ND,blue,604.4776119402985,2.65
T4_NC_w1_ND,T4,Ci,NC,1,ND,blue,606.3965884861407,2.8
T4_NC_w1_ND,T4,Ci,NC,1,ND,blue,608.3155650319829,2.95
T4_NC_w1_ND,T4,Ci,NC,1,ND,blue,610.2345415778252,3.0
T4_NC_w1_ND,T4,Ci,NC,1,ND,blue,612.1535181236674,3.0
T4_NC_w1_ND,T4,Ci,NC,1,ND,blue,614.0724946695095,3.0
T4_NC_w1_ND,T4,Ci,NC,1,ND,blue,615.9914712153518,3.0
T4_NC_w1_ND,T4,Ci,NC,1,ND,blue,617.9104477611941,3.0
T4_NC_w1_ND,T4,Ci,NC,1,ND,blue,619.8294243070362,3.0
T4_NC_w1_ND,T4,Ci,NC,1,ND,blue,621.7484008528785,3.0
T4_NC_w1_ND,T4,Ci,NC,1,ND,blue,623.6673773987209,3.0
T4_NC_w1_ND,T4,Ci,NC,1,ND,blue,625.5863539445629,3.0
T4_NC_w1_ND,T4,Ci,NC,1,ND,blue,627.5053304904052,2.95
T4_NC_w1_ND,T4,Ci,NC,1,ND,blue,629.4243070362475,2.95
T4_NC_w1_ND,T4,Ci,NC,1,ND,blue,631.3432835820896,2.9
T4_NC_w1_ND,T4,Ci,NC,1,ND,blue,633.2622601279319,2.75
T4_NC_w1_ND,T4,Ci,NC,1,ND,blue,635.181236673774,2.6
T4_NC_w1_ND,T4,Ci,NC,1,ND,blue,637.1002132196163,2.55
T4_NC_w1_ND,T4,Ci,NC,1,ND,blue,639.0191897654585,2.55
T4_NC_w1_ND,T4,Ci,NC,1,ND,blue,640.9381663113007,2.45
T4_NC_w1_ND,T4,Ci,NC,1,ND,blue,642.8571428571429,2.4
T4_NC_w1_ND,T4,Ci,NC,1,ND,blue,644.7761194029852,2.4
T4_NC_w1_ND,T4,Ci,NC,1,ND,blue,646.6950959488273,1.8
T4_NC_w1_ND,T4,Ci,NC,1,ND,blue,648.6140724946696,1.8
T4_NC_w1_ND,T4,Ci,NC,1,ND,blue,650.5330490405117,1.8
T4_NC_w1_ND,T4,Ci,NC,1,ND,blue,652.452025586354,1.8
T4_NC_w1_ND,T4,Ci,NC,1,ND,blue,654.3710021321962,1.8
T4_NC_w1_ND,T4,Ci,NC,1,ND,blue,656.2899786780383,2.0
T4_NC_w1_ND,T4,Ci,NC,1,ND,blue,658.2089552238806,2.05
T4_NC_w1_ND,T4,Ci,NC,1,ND,blue,660.1279317697229,2.05
T4_NC_w1_ND,T4,Ci,NC,1,ND,blue,662.046908315565,2.05
T4_NC_w1_ND,T4,Ci,NC,1,ND,blue,663.9658848614073,2.05
T4_NC_w1_ND,T4,Ci,NC,1,ND,blue,665.8848614072494,2.05
T4_NC_w1_ND,T4,Ci,NC,1,ND,blue,667.8038379530917,1.7
T4_NC_w1_ND,T4,Ci,NC,1,ND,blue,669.722814498934,1.5
T4_NC_w1_ND,T4,Ci,NC,1,ND,blue,671.6417910447761,1.45
T4_NC_w1_ND,T4,Ci,NC,1,ND,blue,673.5607675906184,1.35
T4_NC_w1_ND,T4,Ci,NC,1,ND,blue,675.4797441364606,1.35
T4_NC_w1_ND,T4,Ci,NC,1,ND,blue,677.3987206823028,1.35
T4_NC_w1_ND,T4,Ci,NC,1,ND,blue,679.317697228145,1.35
T4_NC_w1_ND,T4,Ci,NC,1,ND,blue,681.2366737739873,1.35
T4_NC_w1_ND,T4,Ci,NC,1,ND,blue,683.1556503198294,1.35
T4_NC_w1_ND,T4,Ci,NC,1,ND,blue,685.0746268656717,1.35
T4_NC_w1_ND,T4,Ci,NC,1,ND,blue,686.9936034115138,1.35
T4_NC_w1_ND,T4,Ci,NC,1,ND,blue,688.9125799573561,1.35
T4_NC_w1_ND,T4,Ci,NC,1,ND,blue,690.8315565031983,1.35
T4_NC_w1_ND,T4,Ci,NC,1,ND,blue,692.7505330490405,1.35
T4_NC_w1_ND,T4,Ci,NC,1,ND,blue,694.6695095948827,1.25
T4_NC_w1_ND,T4,Ci,NC,1,ND,blue,696.588486140725,1.2
T4_NC_w1_ND,T4,Ci,NC,1,ND,blue,698.5074626865671,1.2
T4_NC_w1_ND,T4,Ci,NC,1,ND,blue,700.4264392324094,1.2
T4_NC_w1_ND,T4,Ci,NC,1,ND,blue,702.3454157782517,1.2
T4_NC_w1_ND,T4,Ci,NC,1,ND,blue,704.2643923240938,1.2
T4_NC_w1_ND,T4,Ci,NC,1,ND,blue,706.1833688699361,1.35
T4_NC_w1_ND,T4,Ci,NC,1,ND,blue,708.1023454157785,1.4
T4_NC_w1_ND,T4,Ci,NC,1,ND,blue,710.0213219616205,1.4
T4_NC_w1_ND,T4,Ci,NC,1,ND,blue,711.9402985074628,1.4
T4_NC_w1_ND,T4,Ci,NC,1,ND,blue,713.8592750533049,1.4
T4_NC_w1_ND,T4,Ci,NC,1,ND,blue,715.7782515991472,1.35
T4_NC_w1_ND,T4,Ci,NC,1,ND,blue,717.6972281449894,1.3
T4_NC_w1_ND,T4,Ci,NC,1,ND,blue,719.6162046908316,1.2
T4_NC_w1_ND,T4,Ci,NC,1,ND,blue,721.5351812366738,1.0
T4_NC_w1_ND,T4,Ci,NC,1,ND,blue,723.4541577825161,1.0
T4_NC_w1_ND,T4,Ci,NC,1,ND,blue,725.3731343283582,1.0
T4_NC_w1_ND,T4,Ci,NC,1,ND,blue,727.2921108742005,1.0
T4_NC_w1_ND,T4,Ci,NC,1,ND,blue,729.2110874200426,1.0
T4_NC_w1_ND,T4,Ci,NC,1,ND,blue,731.1300639658849,1.0
T4_NC_w1_ND,T4,Ci,NC,1,ND,blue,733.0490405117272,1.0
T4_NC_w1_ND,T4,Ci,NC,1,ND,blue,734.9680170575693,0.95
T4_NC_w1_ND,T4,Ci,NC,1,ND,blue,736.8869936034116,0.85
T4_NC_w1_ND,T4,Ci,NC,1,ND,blue,738.8059701492538,0.7
T4_NC_w1_ND,T4,Ci,NC,1,ND,blue,740.724946695096,0.75
T4_NC_w1_ND,T4,Ci,NC,1,ND,blue,742.6439232409382,0.7
T4_NC_w1_ND,T4,Ci,NC,1,ND,blue,744.5628997867805,0.55
T4_NC_w1_ND,T4,Ci,NC,1,ND,blue,746.4818763326226,0.5
T4_NC_w1_ND,T4,Ci,NC,1,ND,blue,748.4008528784649,0.4
T4_NC_w1_ND,T4,Ci,NC,1,ND,blue,750.319829424307,0.35
T4_NC_w1_ND,T4,Ci,NC,1,ND,blue,752.2388059701493,0.35
T4_NC_w1_ND,T4,Ci,NC,1,ND,blue,754.1577825159915,0.2
T4_NC_w1_ND,T4,Ci,NC,1,ND,blue,756.0767590618337,0.0
T4_NC_w1_ND,T4,Ci,NC,1,ND,blue,757.9957356076759,0.0
T4_NC_w1_ND,T4,Ci,NC,1,ND,blue,759.9147121535182,0.0
T4_NC_w1_ND,T4,Ci,NC,1,ND,blue,761.8336886993603,0.0
T4_NC_w1_ND,T4,Ci,NC,1,ND,blue,763.7526652452026,0.0
T4_NC_w1_ND,T4,Ci,NC,1,ND,blue,765.6716417910447,0.0
T4_NC_w1_ND,T4,Ci,NC,1,ND,blue,767.590618336887,0.05
T4_NC_w1_ND,T4,Ci,NC,1,ND,blue,769.5095948827292,0.2
T4_NC_w1_ND,T4,Ci,NC,1,ND,blue,771.4285714285714,0.25
T4_NC_w1_ND,T4,Ci,NC,1,ND,blue,773.3475479744136,0.35
T4_NC_w1_ND,T4,Ci,NC,1,ND,blue,775.2665245202559,0.45
T4_NC_w1_ND,T4,Ci,NC,1,ND,blue,777.185501066098,0.45
T4_NC_w1_ND,T4,Ci,NC,1,ND,blue,779.1044776119403,0.55
T4_NC_w1_ND,T4,Ci,NC,1,ND,blue,781.0234541577825,0.55
T4_NC_w1_ND,T4,Ci,NC,1,ND,blue,782.9424307036247,0.55
T4_NC_w1_ND,T4,Ci,NC,1,ND,blue,784.861407249467,0.7
T4_NC_w1_ND,T4,Ci,NC,1,ND,blue,786.7803837953091,0.7
T4_NC_w1_ND,T4,Ci,NC,1,ND,blue,788.6993603411514,0.7
T4_NC_w1_ND,T4,Ci,NC,1,ND,blue,790.6183368869937,0.5
T4_NC_w1_ND,T4,Ci,NC,1,ND,blue,792.5373134328361,0.5
T4_NC_w1_ND,T4,Ci,NC,1,ND,blue,794.4562899786781,0.5
T4_NC_w1_ND,T4,Ci,NC,1,ND,blue,796.3752665245204,0.5
T4_NC_w1_ND,T4,Ci,NC,1,ND,blue,798.2942430703625,0.5
T4_NC_w1_ND,T4,Ci,NC,1,ND,blue,800.2132196162048,0.5
T4_NC_w1_ND,T4,Ci,NC,1,ND,blue,802.132196162047,0.5
T4_NC_w1_ND,T4,Ci,NC,1,ND,blue,804.0511727078892,0.45
T4_NC_w1_ND,T4,Ci,NC,1,ND,blue,805.9701492537314,0.5
T4_NC_w1_ND,T4,Ci,NC,1,ND,blue,807.8891257995737,0.5
T4_NC_w1_ND,T4,Ci,NC,1,ND,blue,809.8081023454158,0.5
T4_NC_w1_ND,T4,Ci,NC,1,ND,blue,811.7270788912581,0.5
T4_NC_w1_ND,T4,Ci,NC,1,ND,blue,813.6460554371001,0.5
T4_NC_w1_ND,T4,Ci,NC,1,ND,blue,815.5650319829425,0.5
T4_NC_w1_ND,T4,Ci,NC,1,ND,blue,817.4840085287847,0.5
T4_NC_w1_ND,T4,Ci,NC,1,ND,blue,819.4029850746269,0.5
T4_NC_w1_ND,T4,Ci,NC,1,ND,blue,821.3219616204691,0.6
T4_NC_w1_ND,T4,Ci,NC,1,ND,blue,823.2409381663114,0.6
T4_NC_w1_ND,T4,Ci,NC,1,ND,blue,825.1599147121535,0.6
T4_NC_w1_ND,T4,Ci,NC,1,ND,blue,827.0788912579958,0.6
T4_NC_w1_ND,T4,Ci,NC,1,ND,blue,828.9978678038381,0.6
T4_NC_w1_ND,T4,Ci,NC,1,ND,blue,830.9168443496802,0.6
T4_NC_w1_ND,T4,Ci,NC,1,ND,blue,832.8358208955224,0.6
T4_NC_w1_ND,T4,Ci,NC,1,ND,blue,834.7547974413646,0.65
T4_NC_w1_ND,T4,Ci,NC,1,ND,blue,836.6737739872068,0.6
T4_NC_w1_ND,T4,Ci,NC,1,ND,blue,838.592750533049,0.65
T4_NC_w1_ND,T4,Ci,NC,1,ND,blue,840.5117270788912,0.7
T4_NC_w1_ND,T4,Ci,NC,1,ND,blue,842.4307036247335,0.7
T4_NC_w1_ND,T4,Ci,NC,1,ND,blue,844.3496801705757,0.8
T4_NC_w1_ND,T4,Ci,NC,1,ND,blue,846.2686567164179,0.8
T4_NC_w1_ND,T4,Ci,NC,1,ND,blue,848.1876332622601,0.7
T4_NC_w1_ND,T4,Ci,NC,1,ND,blue,850.1066098081023,0.7
T4_NC_w1_ND,T4,Ci,NC,1,ND,blue,852.0255863539446,0.7
T4_NC_w1_ND,T4,Ci,NC,1,ND,blue,853.9445628997868,0.7
T4_NC_w1_ND,T4,Ci,NC,1,ND,blue,855.8635394456289,0.3
T4_NC_w1_ND,T4,Ci,NC,1,ND,blue,857.7825159914712,0.3
T4_NC_w1_ND,T4,Ci,NC,1,ND,blue,859.7014925373135,0.3
T4_NC_w1_ND,T4,Ci,NC,1,ND,blue,861.6204690831556,0.3
T4_NC_w1_ND,T4,Ci,NC,1,ND,blue,863.5394456289979,0.3
T4_NC_w1_ND,T4,Ci,NC,1,ND,blue,865.45842217484,0.3
T4_NC_w1_ND,T4,Ci,NC,1,ND,blue,867.3773987206823,0.3
T4_NC_w1_ND,T4,Ci,NC,1,ND,blue,869.2963752665246,0.35
T4_NC_w1_ND,T4,Ci,NC,1,ND,blue,871.2153518123669,0.4
T4_NC_w1_ND,T4,Ci,NC,1,ND,blue,873.134328358209,0.5
T4_NC_w1_ND,T4,Ci,NC,1,ND,blue,875.0533049040513,0.6
T4_NC_w1_ND,T4,Ci,NC,1,ND,blue,876.9722814498934,0.6
T4_NC_w1_ND,T4,Ci,NC,1,ND,blue,878.8912579957357,0.6
T4_NC_w1_ND,T4,Ci,NC,1,ND,blue,880.8102345415778,0.6
T4_NC_w1_ND,T4,Ci,NC,1,ND,blue,882.7292110874201,0.6
T4_NC_w1_ND,T4,Ci,NC,1,ND,blue,884.6481876332623,0.65
T4_NC_w1_ND,T4,Ci,NC,1,ND,blue,886.5671641791046,0.7
T4_NC_w1_ND,T4,Ci,NC,1,ND,blue,888.4861407249467,1.05
T4_NC_w1_ND,T4,Ci,NC,1,ND,blue,890.405117270789,1.45
T4_NC_w1_ND,T4,Ci,NC,1,ND,blue,892.3240938166311,1.45
T4_NC_w1_ND,T4,Ci,NC,1,ND,blue,894.2430703624734,1.45
T4_NC_w1_ND,T4,Ci,NC,1,ND,blue,896.1620469083156,1.5
T4_NC_w1_ND,T4,Ci,NC,1,ND,blue,898.0810234541577,1.55
T4_NC_w1_ND,T4,Ci,NC,1,ND,blue,900.0,1.55
T4_NC_w1_ND,T4,Ci,NC,1,ND,blue,901.9189765458424,1.55
T4_NC_w1_ND,T4,Ci,NC,1,ND,blue,903.8379530916844,1.55
T4_NC_w1_ND,T4,Ci,NC,1,ND,blue,905.7569296375268,1.55
T4_NC_w1_ND,T4,Ci,NC,1,ND,blue,907.6759061833689,1.55
T4_NC_w1_ND,T4,Ci,NC,1,ND,blue,909.5948827292112,1.55
T4_NC_w4_PD,T4,Ci,NC,4,PD,red,0.0,0.0
T4_NC_w4_PD,T4,Ci,NC,4,PD,red,5.636743215031288,0.0
T4_NC_w4_PD,T4,Ci,NC,4,PD,red,7.515657620041679,0.0
T4_NC_w4_PD,T4,Ci,NC,4,PD,red,9.394572025052184,0.05
T4_NC_w4_PD,T4,Ci,NC,4,PD,red,11.273486430062633,0.05
T4_NC_w4_PD,T4,Ci,NC,4,PD,red,13.152400835073081,0.05
T4_NC_w4_PD,T4,Ci,NC,4,PD,red,15.03131524008353,0.1
T4_NC_w4_PD,T4,Ci,NC,4,PD,red,16.91022964509392,0.1
T4_NC_w4_PD,T4,Ci,NC,4,PD,red,18.789144050104454,0.15
T4_NC_w4_PD,T4,Ci,NC,4,PD,red,20.668058455114817,0.2
T4_NC_w4_PD,T4,Ci,NC,4,PD,red,22.54697286012528,0.2
T4_NC_w4_PD,T4,Ci,NC,4,PD,red,28.183716075156553,0.75
T4_NC_w4_PD,T4,Ci,NC,4,PD,red,30.062630480167,0.75
T4_NC_w4_PD,T4,Ci,NC,4,PD,red,31.941544885177436,0.75
T4_NC_w4_PD,T4,Ci,NC,4,PD,red,33.8204592901879,0.75
T4_NC_w4_PD,T4,Ci,NC,4,PD,red,35.69937369519836,0.75
T4_NC_w4_PD,T4,Ci,NC,4,PD,red,37.57828810020874,0.65
T4_NC_w4_PD,T4,Ci,NC,4,PD,red,39.4572025052192,0.65
T4_NC_w4_PD,T4,Ci,NC,4,PD,red,41.33611691022958,0.55
T4_NC_w4_PD,T4,Ci,NC,4,PD,red,43.21503131524008,0.55
T4_NC_w4_PD,T4,Ci,NC,4,PD,red,46.97286012526098,-0.15
T4_NC_w4_PD,T4,Ci,NC,4,PD,red,48.85177453027144,-0.15
T4_NC_w4_PD,T4,Ci,NC,4,PD,red,56.36743215031311,-0.25
T4_NC_w4_PD,T4,Ci,NC,4,PD,red,58.2463465553236,-0.25
T4_NC_w4_PD,T4,Ci,NC,4,PD,red,60.125260960334,-0.25
T4_NC_w4_PD,T4,Ci,NC,4,PD,red,62.004175365344395,-0.25
T4_NC_w4_PD,T4,Ci,NC,4,PD,red,63.8830897703549,-0.25
T4_NC_w4_PD,T4,Ci,NC,4,PD,red,65.76200417536535,-0.2
T4_NC_w4_PD,T4,Ci,NC,4,PD,red,67.6409185803758,-0.15
T4_NC_w4_PD,T4,Ci,NC,4,PD,red,69.51983298538619,-0.15
T4_NC_w4_PD,T4,Ci,NC,4,PD,red,71.3987473903967,0.45
T4_NC_w4_PD,T4,Ci,NC,4,PD,red,73.27766179540708,0.45
T4_NC_w4_PD,T4,Ci,NC,4,PD,red,75.15657620041753,0.45
T4_NC_w4_PD,T4,Ci,NC,4,PD,red,77.03549060542798,0.5
T4_NC_w4_PD,T4,Ci,NC,4,PD,red,78.91440501043837,0.5
T4_NC_w4_PD,T4,Ci,NC,4,PD,red,80.79331941544888,0.5
T4_NC_w4_PD,T4,Ci,NC,4,PD,red,82.67223382045927,0.5
T4_NC_w4_PD,T4,Ci,NC,4,PD,red,84.55114822546972,0.55
T4_NC_w4_PD,T4,Ci,NC,4,PD,red,86.43006263048017,0.6
T4_NC_w4_PD,T4,Ci,NC,4,PD,red,88.30897703549061,0.65
T4_NC_w4_PD,T4,Ci,NC,4,PD,red,90.18789144050106,0.65
T4_NC_w4_PD,T4,Ci,NC,4,PD,red,92.06680584551144,0.75
T4_NC_w4_PD,T4,Ci,NC,4,PD,red,93.9457202505219,0.8
T4_NC_w4_PD,T4,Ci,NC,4,PD,red,95.82463465553235,0.85
T4_NC_w4_PD,T4,Ci,NC,4,PD,red,97.7035490605428,0.9
T4_NC_w4_PD,T4,Ci,NC,4,PD,red,99.58246346555325,0.95
T4_NC_w4_PD,T4,Ci,NC,4,PD,red,101.4613778705637,0.95
T4_NC_w4_PD,T4,Ci,NC,4,PD,red,103.34029227557414,0.95
T4_NC_w4_PD,T4,Ci,NC,4,PD,red,105.21920668058452,0.95
T4_NC_w4_PD,T4,Ci,NC,4,PD,red,107.09812108559498,0.95
T4_NC_w4_PD,T4,Ci,NC,4,PD,red,108.97703549060543,0.9
T4_NC_w4_PD,T4,Ci,NC,4,PD,red,110.85594989561588,0.9
T4_NC_w4_PD,T4,Ci,NC,4,PD,red,112.73486430062631,0.85
T4_NC_w4_PD,T4,Ci,NC,4,PD,red,114.61377870563678,0.8
T4_NC_w4_PD,T4,Ci,NC,4,PD,red,116.49269311064717,0.75
T4_NC_w4_PD,T4,Ci,NC,4,PD,red,118.37160751565762,0.7
T4_NC_w4_PD,T4,Ci,NC,4,PD,red,120.25052192066806,0.7
T4_NC_w4_PD,T4,Ci,NC,4,PD,red,122.12943632567853,0.7
T4_NC_w4_PD,T4,Ci,NC,4,PD,red,124.0083507306889,0.7
T4_NC_w4_PD,T4,Ci,NC,4,PD,red,125.88726513569937,0.7
T4_NC_w4_PD,T4,Ci,NC,4,PD,red,127.7661795407098,0.75
T4_NC_w4_PD,T4,Ci,NC,4,PD,red,129.6450939457203,0.85
T4_NC_w4_PD,T4,Ci,NC,4,PD,red,131.5240083507307,0.95
T4_NC_w4_PD,T4,Ci,NC,4,PD,red,133.4029227557411,1.05
T4_NC_w4_PD,T4,Ci,NC,4,PD,red,135.2818371607516,1.1
T4_NC_w4_PD,T4,Ci,NC,4,PD,red,137.16075156576198,1.15
T4_NC_w4_PD,T4,Ci,NC,4,PD,red,139.03966597077238,1.15
T4_NC_w4_PD,T4,Ci,NC,4,PD,red,140.91858037578288,1.15
T4_NC_w4_PD,T4,Ci,NC,4,PD,red,142.79749478079333,1.15
T4_NC_w4_PD,T4,Ci,NC,4,PD,red,144.67640918580378,1.15
T4_NC_w4_PD,T4,Ci,NC,4,PD,red,146.55532359081428,1.15
T4_NC_w4_PD,T4,Ci,NC,4,PD,red,148.43423799582467,1.15
T4_NC_w4_PD,T4,Ci,NC,4,PD,red,150.3131524008351,1.15
T4_NC_w4_PD,T4,Ci,NC,4,PD,red,152.1920668058455,1.15
T4_NC_w4_PD,T4,Ci,NC,4,PD,red,154.07098121085596,1.15
T4_NC_w4_PD,T4,Ci,NC,4,PD,red,155.9498956158664,1.1
T4_NC_w4_PD,T4,Ci,NC,4,PD,red,157.82881002087686,1.05
T4_NC_w4_PD,T4,Ci,NC,4,PD,red,159.70772442588725,1.0
T4_NC_w4_PD,T4,Ci,NC,4,PD,red,161.5866388308977,1.0
T4_NC_w4_PD,T4,Ci,NC,4,PD,red,163.46555323590815,1.0
T4_NC_w4_PD,T4,Ci,NC,4,PD,red,165.3444676409186,1.0
T4_NC_w4_PD,T4,Ci,NC,4,PD,red,167.223382045929,1.0
T4_NC_w4_PD,T4,Ci,NC,4,PD,red,169.10229645093943,1.0
T4_NC_w4_PD,T4,Ci,NC,4,PD,red,170.98121085594994,1.05
T4_NC_w4_PD,T4,Ci,NC,4,PD,red,172.86012526096033,1.05
T4_NC_w4_PD,T4,Ci,NC,4,PD,red,174.73903966597078,1.05
T4_NC_w4_PD,T4,Ci,NC,4,PD,red,176.61795407098123,1.05
T4_NC_w4_PD,T4,Ci,NC,4,PD,red,178.49686847599168,1.05
T4_NC_w4_PD,T4,Ci,NC,4,PD,red,180.37578288100207,1.05
T4_NC_w4_PD,T4,Ci,NC,4,PD,red,182.2546972860125,1.05
T4_NC_w4_PD,T4,Ci,NC,4,PD,red,184.13361169102305,1.05
T4_NC_w4_PD,T4,Ci,NC,4,PD,red,186.0125260960334,1.05
T4_NC_w4_PD,T4,Ci,NC,4,PD,red,187.8914405010438,1.05
T4_NC_w4_PD,T4,Ci,NC,4,PD,red,189.7703549060543,1.05
T4_NC_w4_PD,T4,Ci,NC,4,PD,red,191.6492693110648,1.05
T4_NC_w4_PD,T4,Ci,NC,4,PD,red,193.5281837160752,1.05
T4_NC_w4_PD,T4,Ci,NC,4,PD,red,195.4070981210856,1.05
T4_NC_w4_PD,T4,Ci,NC,4,PD,red,197.286012526096,1.05
T4_NC_w4_PD,T4,Ci,NC,4,PD,red,199.1649269311065,1.05
T4_NC_w4_PD,T4,Ci,NC,4,PD,red,201.0438413361169,1.05
T4_NC_w4_PD,T4,Ci,NC,4,PD,red,202.92275574112736,1.1
T4_NC_w4_PD,T4,Ci,NC,4,PD,red,204.80167014613772,1.15
T4_NC_w4_PD,T4,Ci,NC,4,PD,red,206.68058455114823,1.15
T4_NC_w4_PD,T4,Ci,NC,4,PD,red,208.55949895615876,1.25
T4_NC_w4_PD,T4,Ci,NC,4,PD,red,210.4384133611691,1.25
T4_NC_w4_PD,T4,Ci,NC,4,PD,red,212.3173277661796,1.3
T4_NC_w4_PD,T4,Ci,NC,4,PD,red,214.19624217119,1.4
T4_NC_w4_PD,T4,Ci,NC,4,PD,red,216.0751565762004,1.5
T4_NC_w4_PD,T4,Ci,NC,4,PD,red,217.9540709812109,1.6
T4_NC_w4_PD,T4,Ci,NC,4,PD,red,219.8329853862213,1.7
T4_NC_w4_PD,T4,Ci,NC,4,PD,red,221.71189979123176,1.85
T4_NC_w4_PD,T4,Ci,NC,4,PD,red,223.59081419624212,1.9
T4_NC_w4_PD,T4,Ci,NC,4,PD,red,225.46972860125263,1.95
T4_NC_w4_PD,T4,Ci,NC,4,PD,red,227.34864300626307,1.95
T4_NC_w4_PD,T4,Ci,NC,4,PD,red,229.2275574112735,2.0
T4_NC_w4_PD,T4,Ci,NC,4,PD,red,231.106471816284,2.0
T4_NC_w4_PD,T4,Ci,NC,4,PD,red,232.9853862212944,2.05
T4_NC_w4_PD,T4,Ci,NC,4,PD,red,234.8643006263048,2.15
T4_NC_w4_PD,T4,Ci,NC,4,PD,red,236.7432150313153,2.2
T4_NC_w4_PD,T4,Ci,NC,4,PD,red,238.62212943632568,2.3
T4_NC_w4_PD,T4,Ci,NC,4,PD,red,240.5010438413361,2.45
T4_NC_w4_PD,T4,Ci,NC,4,PD,red,242.37995824634652,2.55
T4_NC_w4_PD,T4,Ci,NC,4,PD,red,244.258872651357,2.6
T4_NC_w4_PD,T4,Ci,NC,4,PD,red,246.13778705636744,2.65
T4_NC_w4_PD,T4,Ci,NC,4,PD,red,248.01670146137786,2.75
T4_NC_w4_PD,T4,Ci,NC,4,PD,red,249.8956158663884,2.75
T4_NC_w4_PD,T4,Ci,NC,4,PD,red,251.77453027139882,2.8
T4_NC_w4_PD,T4,Ci,NC,4,PD,red,253.6534446764092,2.8
T4_NC_w4_PD,T4,Ci,NC,4,PD,red,255.53235908141968,2.8
T4_NC_w4_PD,T4,Ci,NC,4,PD,red,257.41127348643005,2.8
T4_NC_w4_PD,T4,Ci,NC,4,PD,red,259.2901878914405,2.8
T4_NC_w4_PD,T4,Ci,NC,4,PD,red,261.169102296451,2.8
T4_NC_w4_PD,T4,Ci,NC,4,PD,red,263.0480167014614,2.8
T4_NC_w4_PD,T4,Ci,NC,4,PD,red,264.9269311064718,2.8
T4_NC_w4_PD,T4,Ci,NC,4,PD,red,266.8058455114823,2.8
T4_NC_w4_PD,T4,Ci,NC,4,PD,red,268.6847599164927,2.7
T4_NC_w4_PD,T4,Ci,NC,4,PD,red,270.5636743215032,2.6
T4_NC_w4_PD,T4,Ci,NC,4,PD,red,272.4425887265136,2.55
T4_NC_w4_PD,T4,Ci,NC,4,PD,red,274.3215031315241,2.45
T4_NC_w4_PD,T4,Ci,NC,4,PD,red,276.2004175365345,2.4
T4_NC_w4_PD,T4,Ci,NC,4,PD,red,278.07933194154487,2.3
T4_NC_w4_PD,T4,Ci,NC,4,PD,red,279.95824634655537,2.3
T4_NC_w4_PD,T4,Ci,NC,4,PD,red,281.83716075156576,2.3
T4_NC_w4_PD,T4,Ci,NC,4,PD,red,283.7160751565762,2.25
T4_NC_w4_PD,T4,Ci,NC,4,PD,red,285.59498956158666,2.25
T4_NC_w4_PD,T4,Ci,NC,4,PD,red,287.4739039665971,2.25
T4_NC_w4_PD,T4,Ci,NC,4,PD,red,294.98956158663884,2.05
T4_NC_w4_PD,T4,Ci,NC,4,PD,red,296.86847599164923,2.0
T4_NC_w4_PD,T4,Ci,NC,4,PD,red,298.74739039665974,2.0
T4_NC_w4_PD,T4,Ci,NC,4,PD,red,300.62630480167013,2.0
T4_NC_w4_PD,T4,Ci,NC,4,PD,red,302.5052192066806,1.95
T4_NC_w4_PD,T4,Ci,NC,4,PD,red,304.384133611691,1.95
T4_NC_w4_PD,T4,Ci,NC,4,PD,red,306.2630480167015,1.9
T4_NC_w4_PD,T4,Ci,NC,4,PD,red,308.1419624217119,1.8
T4_NC_w4_PD,T4,Ci,NC,4,PD,red,310.0208768267223,1.75
T4_NC_w4_PD,T4,Ci,NC,4,PD,red,311.8997912317328,1.65
T4_NC_w4_PD,T4,Ci,NC,4,PD,red,313.7787056367432,1.55
T4_NC_w4_PD,T4,Ci,NC,4,PD,red,315.65762004175366,1.5
T4_NC_w4_PD,T4,Ci,NC,4,PD,red,317.5365344467641,1.4
T4_NC_w4_PD,T4,Ci,NC,4,PD,red,319.41544885177456,1.3
T4_NC_w4_PD,T4,Ci,NC,4,PD,red,321.29436325678495,1.3
T4_NC_w4_PD,T4,Ci,NC,4,PD,red,323.17327766179545,1.2
T4_NC_w4_PD,T4,Ci,NC,4,PD,red,325.05219206680584,1.15
T4_NC_w4_PD,T4,Ci,NC,4,PD,red,326.9311064718163,1.15
T4_NC_w4_PD,T4,Ci,NC,4,PD,red,328.81002087682674,1.05
T4_NC_w4_PD,T4,Ci,NC,4,PD,red,330.6889352818372,1.05
T4_NC_w4_PD,T4,Ci,NC,4,PD,red,332.5678496868476,1.0
T4_NC_w4_PD,T4,Ci,NC,4,PD,red,334.44676409185803,0.9
T4_NC_w4_PD,T4,Ci,NC,4,PD,red,336.3256784968685,0.85
T4_NC_w4_PD,T4,Ci,NC,4,PD,red,338.2045929018789,0.7
T4_NC_w4_PD,T4,Ci,NC,4,PD,red,340.0835073068894,0.6
T4_NC_w4_PD,T4,Ci,NC,4,PD,red,341.9624217118999,0.5
T4_NC_w4_PD,T4,Ci,NC,4,PD,red,343.84133611691027,0.35
T4_NC_w4_PD,T4,Ci,NC,4,PD,red,345.72025052192066,0.25
T4_NC_w4_PD,T4,Ci,NC,4,PD,red,347.59916492693117,0.2
T4_NC_w4_PD,T4,Ci,NC,4,PD,red,349.47807933194156,0.1
T4_NC_w4_PD,T4,Ci,NC,4,PD,red,351.356993736952,0.0
T4_NC_w4_PD,T4,Ci,NC,4,PD,red,353.2359081419624,0.0
T4_NC_w4_PD,T4,Ci,NC,4,PD,red,355.1148225469729,-0.05
T4_NC_w4_PD,T4,Ci,NC,4,PD,red,356.9937369519833,-0.1
T4_NC_w4_PD,T4,Ci,NC,4,PD,red,358.87265135699374,-0.15
T4_NC_w4_PD,T4,Ci,NC,4,PD,red,360.7515657620042,-0.15
T4_NC_w4_PD,T4,Ci,NC,4,PD,red,362.6304801670145,-0.2
T4_NC_w4_PD,T4,Ci,NC,4,PD,red,364.509394572025,-0.25
T4_NC_w4_PD,T4,Ci,NC,4,PD,red,366.38830897703554,-0.3
T4_NC_w4_PD,T4,Ci,NC,4,PD,red,368.2672233820459,-0.4
T4_NC_w4_PD,T4,Ci,NC,4,PD,red,370.14613778705643,-0.5
T4_NC_w4_PD,T4,Ci,NC,4,PD,red,372.0250521920668,-0.55
T4_NC_w4_PD,T4,Ci,NC,4,PD,red,373.9039665970773,-0.65
T4_NC_w4_PD,T4,Ci,NC,4,PD,red,375.7828810020877,-0.75
T4_NC_w4_PD,T4,Ci,NC,4,PD,red,377.6617954070981,-0.85
T4_NC_w4_PD,T4,Ci,NC,4,PD,red,379.5407098121086,-0.95
T4_NC_w4_PD,T4,Ci,NC,4,PD,red,381.419624217119,-1.05
T4_NC_w4_PD,T4,Ci,NC,4,PD,red,383.2985386221295,-1.2
T4_NC_w4_PD,T4,Ci,NC,4,PD,red,385.1774530271399,-1.25
T4_NC_w4_PD,T4,Ci,NC,4,PD,red,387.0563674321504,-1.25
T4_NC_w4_PD,T4,Ci,NC,4,PD,red,388.9352818371608,-1.25
T4_NC_w4_PD,T4,Ci,NC,4,PD,red,390.8141962421712,-1.25
T4_NC_w4_PD,T4,Ci,NC,4,PD,red,392.6931106471816,-1.25
T4_NC_w4_PD,T4,Ci,NC,4,PD,red,394.5720250521921,-1.25
T4_NC_w4_PD,T4,Ci,NC,4,PD,red,396.4509394572025,-1.3
T4_NC_w4_PD,T4,Ci,NC,4,PD,red,398.329853862213,-1.4
T4_NC_w4_PD,T4,Ci,NC,4,PD,red,400.2087682672234,-1.45
T4_NC_w4_PD,T4,Ci,NC,4,PD,red,402.0876826722339,-1.5
T4_NC_w4_PD,T4,Ci,NC,4,PD,red,403.9665970772443,-1.55
T4_NC_w4_PD,T4,Ci,NC,4,PD,red,405.8455114822547,-1.65
T4_NC_w4_PD,T4,Ci,NC,4,PD,red,407.7244258872651,-1.7
T4_NC_w4_PD,T4,Ci,NC,4,PD,red,409.6033402922756,-1.7
T4_NC_w4_PD,T4,Ci,NC,4,PD,red,411.48225469728607,-1.75
T4_NC_w4_PD,T4,Ci,NC,4,PD,red,413.36116910229646,-1.8
T4_NC_w4_PD,T4,Ci,NC,4,PD,red,415.2400835073069,-1.8
T4_NC_w4_PD,T4,Ci,NC,4,PD,red,417.1189979123173,-1.8
T4_NC_w4_PD,T4,Ci,NC,4,PD,red,418.9979123173278,-1.8
T4_NC_w4_PD,T4,Ci,NC,4,PD,red,420.8768267223382,-1.8
T4_NC_w4_PD,T4,Ci,NC,4,PD,red,422.7557411273487,-1.7
T4_NC_w4_PD,T4,Ci,NC,4,PD,red,424.6346555323591,-1.65
T4_NC_w4_PD,T4,Ci,NC,4,PD,red,426.5135699373696,-1.6
T4_NC_w4_PD,T4,Ci,NC,4,PD,red,428.39248434238,-1.5
T4_NC_w4_PD,T4,Ci,NC,4,PD,red,430.2713987473904,-1.4
T4_NC_w4_PD,T4,Ci,NC,4,PD,red,432.1503131524008,-1.4
T4_NC_w4_PD,T4,Ci,NC,4,PD,red,434.0292275574113,-1.3
T4_NC_w4_PD,T4,Ci,NC,4,PD,red,435.9081419624217,-1.25
T4_NC_w4_PD,T4,Ci,NC,4,PD,red,437.78705636743217,-1.25
T4_NC_w4_PD,T4,Ci,NC,4,PD,red,439.66597077244256,-1.2
T4_NC_w4_PD,T4,Ci,NC,4,PD,red,441.54488517745307,-1.15
T4_NC_w4_PD,T4,Ci,NC,4,PD,red,443.42379958246346,-1.1
T4_NC_w4_PD,T4,Ci,NC,4,PD,red,445.3027139874739,-1.05
T4_NC_w4_PD,T4,Ci,NC,4,PD,red,447.1816283924844,-1.0
T4_NC_w4_PD,T4,Ci,NC,4,PD,red,449.0605427974948,-0.9
T4_NC_w4_PD,T4,Ci,NC,4,PD,red,450.93945720250525,-0.85
T4_NC_w4_PD,T4,Ci,NC,4,PD,red,452.8183716075157,-0.8
T4_NC_w4_PD,T4,Ci,NC,4,PD,red,454.6972860125261,-0.75
T4_NC_w4_PD,T4,Ci,NC,4,PD,red,456.5762004175365,-0.7
T4_NC_w4_PD,T4,Ci,NC,4,PD,red,458.455114822547,-0.55
T4_NC_w4_PD,T4,Ci,NC,4,PD,red,460.33402922755744,-0.5
T4_NC_w4_PD,T4,Ci,NC,4,PD,red,462.2129436325679,-0.4
T4_NC_w4_PD,T4,Ci,NC,4,PD,red,464.0918580375783,-0.3
T4_NC_w4_PD,T4,Ci,NC,4,PD,red,465.9707724425887,-0.15
T4_NC_w4_PD,T4,Ci,NC,4,PD,red,467.8496868475991,-0.1
T4_NC_w4_PD,T4,Ci,NC,4,PD,red,469.7286012526097,0.0
T4_NC_w4_PD,T4,Ci,NC,4,PD,red,471.60751565762007,0.1
T4_NC_w4_PD,T4,Ci,NC,4,PD,red,473.4864300626305,0.25
T4_NC_w4_PD,T4,Ci,NC,4,PD,red,475.3653444676409,0.35
T4_NC_w4_PD,T4,Ci,NC,4,PD,red,477.24425887265136,0.5
T4_NC_w4_PD,T4,Ci,NC,4,PD,red,479.1231732776618,0.65
T4_NC_w4_PD,T4,Ci,NC,4,PD,red,481.0020876826722,0.8
T4_NC_w4_PD,T4,Ci,NC,4,PD,red,482.8810020876827,1.05
T4_NC_w4_PD,T4,Ci,NC,4,PD,red,484.7599164926932,1.15
T4_NC_w4_PD,T4,Ci,NC,4,PD,red,486.6388308977036,1.35
T4_NC_w4_PD,T4,Ci,NC,4,PD,red,488.517745302714,1.5
T4_NC_w4_PD,T4,Ci,NC,4,PD,red,490.3966597077245,1.65
T4_NC_w4_PD,T4,Ci,NC,4,PD,red,492.2755741127348,1.85
T4_NC_w4_PD,T4,Ci,NC,4,PD,red,494.1544885177453,1.95
T4_NC_w4_PD,T4,Ci,NC,4,PD,red,496.0334029227558,2.1
T4_NC_w4_PD,T4,Ci,NC,4,PD,red,497.91231732776623,2.25
T4_NC_w4_PD,T4,Ci,NC,4,PD,red,499.7912317327766,2.4
T4_NC_w4_PD,T4,Ci,NC,4,PD,red,501.6701461377871,2.5
T4_NC_w4_PD,T4,Ci,NC,4,PD,red,503.5490605427975,2.65
T4_NC_w4_PD,T4,Ci,NC,4,PD,red,505.4279749478079,2.75
T4_NC_w4_PD,T4,Ci,NC,4,PD,red,507.3068893528184,3.0
T4_NC_w4_PD,T4,Ci,NC,4,PD,red,509.18580375782886,4.2
T4_NC_w4_PD,T4,Ci,NC,4,PD,red,511.06471816283926,4.35
T4_NC_w4_PD,T4,Ci,NC,4,PD,red,512.9436325678497,4.6
T4_NC_w4_PD,T4,Ci,NC,4,PD,red,514.8225469728601,4.85
T4_NC_w4_PD,T4,Ci,NC,4,PD,red,516.7014613778705,5.05
T4_NC_w4_PD,T4,Ci,NC,4,PD,red,518.580375782881,5.25
T4_NC_w4_PD,T4,Ci,NC,4,PD,red,520.4592901878915,5.4
T4_NC_w4_PD,T4,Ci,NC,4,PD,red,522.3382045929019,5.6
T4_NC_w4_PD,T4,Ci,NC,4,PD,red,524.2171189979123,5.85
T4_NC_w4_PD,T4,Ci,NC,4,PD,red,526.0960334029228,6.15
T4_NC_w4_PD,T4,Ci,NC,4,PD,red,527.9749478079332,6.4
T4_NC_w4_PD,T4,Ci,NC,4,PD,red,529.8538622129436,6.65
T4_NC_w4_PD,T4,Ci,NC,4,PD,red,531.7327766179541,6.9
T4_NC_w4_PD,T4,Ci,NC,4,PD,red,533.6116910229646,7.3
T4_NC_w4_PD,T4,Ci,NC,4,PD,red,535.490605427975,7.6
T4_NC_w4_PD,T4,Ci,NC,4,PD,red,537.3695198329854,7.9
T4_NC_w4_PD,T4,Ci,NC,4,PD,red,539.248434237996,8.15
T4_NC_w4_PD,T4,Ci,NC,4,PD,red,541.1273486430064,8.5
T4_NC_w4_PD,T4,Ci,NC,4,PD,red,543.0062630480168,8.7
T4_NC_w4_PD,T4,Ci,NC,4,PD,red,544.8851774530272,9.0
T4_NC_w4_PD,T4,Ci,NC,4,PD,red,546.7640918580377,9.35
T4_NC_w4_PD,T4,Ci,NC,4,PD,red,548.6430062630482,9.65
T4_NC_w4_PD,T4,Ci,NC,4,PD,red,550.5219206680583,9.9
T4_NC_w4_PD,T4,Ci,NC,4,PD,red,552.400835073069,10.15
T4_NC_w4_PD,T4,Ci,NC,4,PD,red,554.2797494780793,10.55
T4_NC_w4_PD,T4,Ci,NC,4,PD,red,556.1586638830897,10.95
T4_NC_w4_PD,T4,Ci,NC,4,PD,red,558.0375782881001,11.2
T4_NC_w4_PD,T4,Ci,NC,4,PD,red,559.9164926931107,11.35
T4_NC_w4_PD,T4,Ci,NC,4,PD,red,561.7954070981211,11.6
T4_NC_w4_PD,T4,Ci,NC,4,PD,red,563.6743215031315,11.95
T4_NC_w4_PD,T4,Ci,NC,4,PD,red,565.5532359081419,12.05
T4_NC_w4_PD,T4,Ci,NC,4,PD,red,567.4321503131524,12.15
T4_NC_w4_PD,T4,Ci,NC,4,PD,red,569.3110647181628,12.35
T4_NC_w4_PD,T4,Ci,NC,4,PD,red,571.1899791231733,12.65
T4_NC_w4_PD,T4,Ci,NC,4,PD,red,573.0688935281837,12.9
T4_NC_w4_PD,T4,Ci,NC,4,PD,red,574.9478079331942,13.1
T4_NC_w4_PD,T4,Ci,NC,4,PD,red,576.8267223382046,13.25
T4_NC_w4_PD,T4,Ci,NC,4,PD,red,578.705636743215,13.45
T4_NC_w4_PD,T4,Ci,NC,4,PD,red,580.5845511482254,13.7
T4_NC_w4_PD,T4,Ci,NC,4,PD,red,582.463465553236,13.9
T4_NC_w4_PD,T4,Ci,NC,4,PD,red,584.3423799582464,14.1
T4_NC_w4_PD,T4,Ci,NC,4,PD,red,586.2212943632568,14.2
T4_NC_w4_PD,T4,Ci,NC,4,PD,red,588.1002087682672,14.25
T4_NC_w4_PD,T4,Ci,NC,4,PD,red,589.9791231732777,14.25
T4_NC_w4_PD,T4,Ci,NC,4,PD,red,591.8580375782881,14.25
T4_NC_w4_PD,T4,Ci,NC,4,PD,red,593.7369519832985,14.35
T4_NC_w4_PD,T4,Ci,NC,4,PD,red,595.615866388309,14.45
T4_NC_w4_PD,T4,Ci,NC,4,PD,red,597.4947807933195,14.55
T4_NC_w4_PD,T4,Ci,NC,4,PD,red,599.3736951983299,14.7
T4_NC_w4_PD,T4,Ci,NC,4,PD,red,601.2526096033403,14.9
T4_NC_w4_PD,T4,Ci,NC,4,PD,red,603.1315240083509,15.1
T4_NC_w4_PD,T4,Ci,NC,4,PD,red,605.0104384133613,15.2
T4_NC_w4_PD,T4,Ci,NC,4,PD,red,606.8893528183717,15.25
T4_NC_w4_PD,T4,Ci,NC,4,PD,red,608.768267223382,15.55
T4_NC_w4_PD,T4,Ci,NC,4,PD,red,610.6471816283926,15.6
T4_NC_w4_PD,T4,Ci,NC,4,PD,red,612.526096033403,15.7
T4_NC_w4_PD,T4,Ci,NC,4,PD,red,614.4050104384132,15.8
T4_NC_w4_PD,T4,Ci,NC,4,PD,red,616.2839248434236,16.1
T4_NC_w4_PD,T4,Ci,NC,4,PD,red,618.1628392484342,16.2
T4_NC_w4_PD,T4,Ci,NC,4,PD,red,620.0417536534449,16.3
T4_NC_w4_PD,T4,Ci,NC,4,PD,red,621.9206680584551,16.35
T4_NC_w4_PD,T4,Ci,NC,4,PD,red,623.7995824634655,16.35
T4_NC_w4_PD,T4,Ci,NC,4,PD,red,625.678496868476,16.35
T4_NC_w4_PD,T4,Ci,NC,4,PD,red,627.5574112734864,16.35
T4_NC_w4_PD,T4,Ci,NC,4,PD,red,629.4363256784968,16.35
T4_NC_w4_PD,T4,Ci,NC,4,PD,red,631.3152400835073,16.25
T4_NC_w4_PD,T4,Ci,NC,4,PD,red,633.1941544885178,16.1
T4_NC_w4_PD,T4,Ci,NC,4,PD,red,635.0730688935282,16.05
T4_NC_w4_PD,T4,Ci,NC,4,PD,red,636.9519832985386,15.95
T4_NC_w4_PD,T4,Ci,NC,4,PD,red,638.8308977035491,15.95
T4_NC_w4_PD,T4,Ci,NC,4,PD,red,640.7098121085595,15.9
T4_NC_w4_PD,T4,Ci,NC,4,PD,red,642.5887265135699,15.9
T4_NC_w4_PD,T4,Ci,NC,4,PD,red,644.4676409185804,15.8
T4_NC_w4_PD,T4,Ci,NC,4,PD,red,646.3465553235909,15.8
T4_NC_w4_PD,T4,Ci,NC,4,PD,red,648.2254697286013,15.75
T4_NC_w4_PD,T4,Ci,NC,4,PD,red,650.1043841336117,15.75
T4_NC_w4_PD,T4,Ci,NC,4,PD,red,651.9832985386221,15.75
T4_NC_w4_PD,T4,Ci,NC,4,PD,red,653.8622129436326,15.75
T4_NC_w4_PD,T4,Ci,NC,4,PD,red,655.741127348643,15.7
T4_NC_w4_PD,T4,Ci,NC,4,PD,red,657.6200417536535,15.6
T4_NC_w4_PD,T4,Ci,NC,4,PD,red,659.4989561586639,15.5
T4_NC_w4_PD,T4,Ci,NC,4,PD,red,661.3778705636744,15.3
T4_NC_w4_PD,T4,Ci,NC,4,PD,red,663.2567849686848,15.05
T4_NC_w4_PD,T4,Ci,NC,4,PD,red,665.1356993736952,14.9
T4_NC_w4_PD,T4,Ci,NC,4,PD,red,667.0146137787057,14.75
T4_NC_w4_PD,T4,Ci,NC,4,PD,red,668.8935281837161,14.6
T4_NC_w4_PD,T4,Ci,NC,4,PD,red,670.7724425887266,14.5
T4_NC_w4_PD,T4,Ci,NC,4,PD,red,672.651356993737,14.4
T4_NC_w4_PD,T4,Ci,NC,4,PD,red,674.5302713987475,14.3
T4_NC_w4_PD,T4,Ci,NC,4,PD,red,676.4091858037579,14.3
T4_NC_w4_PD,T4,Ci,NC,4,PD,red,678.2881002087682,14.25
T4_NC_w4_PD,T4,Ci,NC,4,PD,red,680.1670146137786,14.15
T4_NC_w4_PD,T4,Ci,NC,4,PD,red,682.0459290187893,14.05
T4_NC_w4_PD,T4,Ci,NC,4,PD,red,683.9248434237996,13.9
T4_NC_w4_PD,T4,Ci,NC,4,PD,red,685.80375782881,13.75
T4_NC_w4_PD,T4,Ci,NC,4,PD,red,687.6826722338204,13.65
T4_NC_w4_PD,T4,Ci,NC,4,PD,red,689.5615866388309,13.65
T4_NC_w4_PD,T4,Ci,NC,4,PD,red,691.4405010438413,13.65
T4_NC_w4_PD,T4,Ci,NC,4,PD,red,693.3194154488517,13.65
T4_NC_w4_PD,T4,Ci,NC,4,PD,red,695.1983298538622,13.6
T4_NC_w4_PD,T4,Ci,NC,4,PD,red,697.0772442588727,13.5
T4_NC_w4_PD,T4,Ci,NC,4,PD,red,698.9561586638831,13.4
T4_NC_w4_PD,T4,Ci,NC,4,PD,red,700.8350730688935,13.25
T4_NC_w4_PD,T4,Ci,NC,4,PD,red,702.713987473904,13.1
T4_NC_w4_PD,T4,Ci,NC,4,PD,red,704.5929018789144,12.95
T4_NC_w4_PD,T4,Ci,NC,4,PD,red,706.4718162839248,12.85
T4_NC_w4_PD,T4,Ci,NC,4,PD,red,708.3507306889353,12.7
T4_NC_w4_PD,T4,Ci,NC,4,PD,red,710.2296450939458,12.6
T4_NC_w4_PD,T4,Ci,NC,4,PD,red,712.1085594989562,12.55
T4_NC_w4_PD,T4,Ci,NC,4,PD,red,713.9874739039666,12.45
T4_NC_w4_PD,T4,Ci,NC,4,PD,red,715.866388308977,12.45
T4_NC_w4_PD,T4,Ci,NC,4,PD,red,717.7453027139875,12.4
T4_NC_w4_PD,T4,Ci,NC,4,PD,red,719.624217118998,12.25
T4_NC_w4_PD,T4,Ci,NC,4,PD,red,721.5031315240084,12.1
T4_NC_w4_PD,T4,Ci,NC,4,PD,red,723.3820459290188,11.95
T4_NC_w4_PD,T4,Ci,NC,4,PD,red,725.2609603340293,11.8
T4_NC_w4_PD,T4,Ci,NC,4,PD,red,727.1398747390397,11.6
T4_NC_w4_PD,T4,Ci,NC,4,PD,red,729.0187891440501,11.45
T4_NC_w4_PD,T4,Ci,NC,4,PD,red,730.8977035490606,11.3
T4_NC_w4_PD,T4,Ci,NC,4,PD,red,732.7766179540711,11.2
T4_NC_w4_PD,T4,Ci,NC,4,PD,red,734.6555323590815,11.15
T4_NC_w4_PD,T4,Ci,NC,4,PD,red,736.5344467640919,11.15
T4_NC_w4_PD,T4,Ci,NC,4,PD,red,738.4133611691025,11.1
T4_NC_w4_PD,T4,Ci,NC,4,PD,red,740.2922755741128,11.0
T4_NC_w4_PD,T4,Ci,NC,4,PD,red,742.1711899791231,11.0
T4_NC_w4_PD,T4,Ci,NC,4,PD,red,744.0501043841335,11.0
T4_NC_w4_PD,T4,Ci,NC,4,PD,red,745.929018789144,10.95
T4_NC_w4_PD,T4,Ci,NC,4,PD,red,747.8079331941545,10.95
T4_NC_w4_PD,T4,Ci,NC,4,PD,red,749.6868475991649,10.95
T4_NC_w4_PD,T4,Ci,NC,4,PD,red,751.5657620041753,10.9
T4_NC_w4_PD,T4,Ci,NC,4,PD,red,753.4446764091858,10.8
T4_NC_w4_PD,T4,Ci,NC,4,PD,red,755.3235908141962,10.7
T4_NC_w4_PD,T4,Ci,NC,4,PD,red,757.2025052192067,10.6
T4_NC_w4_PD,T4,Ci,NC,4,PD,red,759.0814196242171,10.45
T4_NC_w4_PD,T4,Ci,NC,4,PD,red,760.9603340292276,10.35
T4_NC_w4_PD,T4,Ci,NC,4,PD,red,762.839248434238,10.3
T4_NC_w4_PD,T4,Ci,NC,4,PD,red,764.7181628392484,10.3
T4_NC_w4_PD,T4,Ci,NC,4,PD,red,766.5970772442589,10.3
T4_NC_w4_PD,T4,Ci,NC,4,PD,red,768.4759916492693,10.3
T4_NC_w4_PD,T4,Ci,NC,4,PD,red,770.3549060542798,10.25
T4_NC_w4_PD,T4,Ci,NC,4,PD,red,772.2338204592902,10.25
T4_NC_w4_PD,T4,Ci,NC,4,PD,red,774.1127348643007,10.2
T4_NC_w4_PD,T4,Ci,NC,4,PD,red,775.9916492693111,10.15
T4_NC_w4_PD,T4,Ci,NC,4,PD,red,777.8705636743215,10.15
T4_NC_w4_PD,T4,Ci,NC,4,PD,red,779.7494780793319,10.15
T4_NC_w4_PD,T4,Ci,NC,4,PD,red,781.6283924843424,10.1
T4_NC_w4_PD,T4,Ci,NC,4,PD,red,783.5073068893529,10.05
T4_NC_w4_PD,T4,Ci,NC,4,PD,red,785.3862212943633,9.9
T4_NC_w4_PD,T4,Ci,NC,4,PD,red,787.2651356993737,9.75
T4_NC_w4_PD,T4,Ci,NC,4,PD,red,789.1440501043842,9.55
T4_NC_w4_PD,T4,Ci,NC,4,PD,red,791.0229645093946,9.35
T4_NC_w4_PD,T4,Ci,NC,4,PD,red,792.901878914405,9.2
T4_NC_w4_PD,T4,Ci,NC,4,PD,red,794.7807933194155,9.05
T4_NC_w4_PD,T4,Ci,NC,4,PD,red,796.659707724426,8.9
T4_NC_w4_PD,T4,Ci,NC,4,PD,red,798.5386221294364,8.8
T4_NC_w4_PD,T4,Ci,NC,4,PD,red,800.4175365344468,8.75
T4_NC_w4_PD,T4,Ci,NC,4,PD,red,802.2964509394571,8.75
T4_NC_w4_PD,T4,Ci,NC,4,PD,red,804.1753653444677,8.7
T4_NC_w4_PD,T4,Ci,NC,4,PD,red,806.054279749478,8.6
T4_NC_w4_PD,T4,Ci,NC,4,PD,red,807.9331941544885,8.5
T4_NC_w4_PD,T4,Ci,NC,4,PD,red,809.812108559499,8.4
T4_NC_w4_PD,T4,Ci,NC,4,PD,red,811.6910229645094,8.3
T4_NC_w4_PD,T4,Ci,NC,4,PD,red,813.5699373695198,8.2
T4_NC_w4_PD,T4,Ci,NC,4,PD,red,815.4488517745302,8.05
T4_NC_w4_PD,T4,Ci,NC,4,PD,red,817.3277661795407,7.95
T4_NC_w4_PD,T4,Ci,NC,4,PD,red,819.2066805845511,7.85
T4_NC_w4_PD,T4,Ci,NC,4,PD,red,821.0855949895616,7.8
T4_NC_w4_PD,T4,Ci,NC,4,PD,red,822.964509394572,7.7
T4_NC_w4_PD,T4,Ci,NC,4,PD,red,824.8434237995825,7.6
T4_NC_w4_PD,T4,Ci,NC,4,PD,red,826.7223382045929,7.6
T4_NC_w4_PD,T4,Ci,NC,4,PD,red,828.6012526096033,7.6
T4_NC_w4_PD,T4,Ci,NC,4,PD,red,830.4801670146137,7.55
T4_NC_w4_PD,T4,Ci,NC,4,PD,red,832.3590814196243,7.55
T4_NC_w4_PD,T4,Ci,NC,4,PD,red,834.2379958246347,7.5
T4_NC_w4_PD,T4,Ci,NC,4,PD,red,836.1169102296451,7.5
T4_NC_w4_PD,T4,Ci,NC,4,PD,red,837.9958246346555,7.5
T4_NC_w4_PD,T4,Ci,NC,4,PD,red,839.874739039666,7.5
T4_NC_w4_PD,T4,Ci,NC,4,PD,red,841.7536534446764,7.5
T4_NC_w4_PD,T4,Ci,NC,4,PD,red,843.6325678496868,7.45
T4_NC_w4_PD,T4,Ci,NC,4,PD,red,845.5114822546973,7.4
T4_NC_w4_PD,T4,Ci,NC,4,PD,red,847.3903966597078,7.3
T4_NC_w4_PD,T4,Ci,NC,4,PD,red,849.2693110647182,7.2
T4_NC_w4_PD,T4,Ci,NC,4,PD,red,851.1482254697286,7.1
T4_NC_w4_PD,T4,Ci,NC,4,PD,red,853.0271398747391,6.9
T4_NC_w4_PD,T4,Ci,NC,4,PD,red,854.9060542797495,6.75
T4_NC_w4_PD,T4,Ci,NC,4,PD,red,856.7849686847599,6.7
T4_NC_w4_PD,T4,Ci,NC,4,PD,red,858.6638830897705,6.55
T4_NC_w4_PD,T4,Ci,NC,4,PD,red,860.5427974947809,6.45
T4_NC_w4_PD,T4,Ci,NC,4,PD,red,862.4217118997913,6.35
T4_NC_w4_PD,T4,Ci,NC,4,PD,red,864.3006263048017,6.25
T4_NC_w4_PD,T4,Ci,NC,4,PD,red,866.179540709812,6.1
T4_NC_w4_PD,T4,Ci,NC,4,PD,red,868.0584551148226,5.95
T4_NC_w4_PD,T4,Ci,NC,4,PD,red,869.937369519833,5.9
T4_NC_w4_PD,T4,Ci,NC,4,PD,red,871.8162839248434,5.75
T4_NC_w4_PD,T4,Ci,NC,4,PD,red,873.6951983298538,5.75
T4_NC_w4_PD,T4,Ci,NC,4,PD,red,875.5741127348643,5.75
T4_NC_w4_PD,T4,Ci,NC,4,PD,red,877.4530271398747,5.75
T4_NC_w4_PD,T4,Ci,NC,4,PD,red,879.3319415448851,5.75
T4_NC_w4_PD,T4,Ci,NC,4,PD,red,881.2108559498956,5.7
T4_NC_w4_PD,T4,Ci,NC,4,PD,red,883.089770354906,5.7
T4_NC_w4_PD,T4,Ci,NC,4,PD,red,884.9686847599165,5.7
T4_NC_w4_PD,T4,Ci,NC,4,PD,red,886.8475991649269,5.6
T4_NC_w4_PD,T4,Ci,NC,4,PD,red,888.7265135699374,5.55
T4_NC_w4_PD,T4,Ci,NC,4,PD,red,890.6054279749478,5.45
T4_NC_w4_PD,T4,Ci,NC,4,PD,red,892.4843423799582,5.35
T4_NC_w4_PD,T4,Ci,NC,4,PD,red,894.3632567849686,5.3
T4_NC_w4_PD,T4,Ci,NC,4,PD,red,896.2421711899792,5.2
T4_NC_w4_PD,T4,Ci,NC,4,PD,red,898.1210855949896,5.1
T4_NC_w4_PD,T4,Ci,NC,4,PD,red,900.0,5.0
T4_NC_w4_PD,T4,Ci,NC,4,PD,red,901.8789144050104,5.0
T4_NC_w4_PD,T4,Ci,NC,4,PD,red,903.7578288100208,4.95
T4_NC_w4_PD,T4,Ci,NC,4,PD,red,905.6367432150312,4.95
T4_NC_w4_PD,T4,Ci,NC,4,PD,red,907.5156576200418,4.9
T4_NC_w4_PD,T4,Ci,NC,4,PD,red,909.3945720250522,4.8
T4_NC_w4_PD,T4,Ci,NC,4,PD,red,911.2734864300628,4.8
T4_NC_w4_PD,T4,Ci,NC,4,PD,red,913.1524008350732,4.8
T4_NC_w4_ND,T4,Ci,NC,4,ND,blue,0.0,0.0
T4_NC_w4_ND,T4,Ci,NC,4,ND,blue,3.7578288100208965,0.0
T4_NC_w4_ND,T4,Ci,NC,4,ND,blue,11.273486430062633,0.0
T4_NC_w4_ND,T4,Ci,NC,4,ND,blue,22.54697286012528,0.0
T4_NC_w4_ND,T4,Ci,NC,4,ND,blue,24.425887265135714,-0.1
T4_NC_w4_ND,T4,Ci,NC,4,ND,blue,31.941544885177436,-0.2
T4_NC_w4_ND,T4,Ci,NC,4,ND,blue,45.093945720250474,-0.3
T4_NC_w4_ND,T4,Ci,NC,4,ND,blue,50.73068893528182,-0.4
T4_NC_w4_ND,T4,Ci,NC,4,ND,blue,75.15657620041753,-0.4
T4_NC_w4_ND,T4,Ci,NC,4,ND,blue,86.43006263048017,-0.55
T4_NC_w4_ND,T4,Ci,NC,4,ND,blue,90.18789144050106,-0.55
T4_NC_w4_ND,T4,Ci,NC,4,ND,blue,92.06680584551144,-0.55
T4_NC_w4_ND,T4,Ci,NC,4,ND,blue,93.9457202505219,-0.6
T4_NC_w4_ND,T4,Ci,NC,4,ND,blue,95.82463465553235,-0.6
T4_NC_w4_ND,T4,Ci,NC,4,ND,blue,97.7035490605428,-0.6
T4_NC_w4_ND,T4,Ci,NC,4,ND,blue,101.4613778705637,-0.6
T4_NC_w4_ND,T4,Ci,NC,4,ND,blue,105.21920668058452,-0.6
T4_NC_w4_ND,T4,Ci,NC,4,ND,blue,107.09812108559498,-0.85
T4_NC_w4_ND,T4,Ci,NC,4,ND,blue,108.97703549060543,-0.85
T4_NC_w4_ND,T4,Ci,NC,4,ND,blue,110.85594989561588,-0.85
T4_NC_w4_ND,T4,Ci,NC,4,ND,blue,112.73486430062631,-0.85
T4_NC_w4_ND,T4,Ci,NC,4,ND,blue,114.61377870563678,-0.85
T4_NC_w4_ND,T4,Ci,NC,4,ND,blue,116.49269311064717,-0.85
T4_NC_w4_ND,T4,Ci,NC,4,ND,blue,118.37160751565762,-0.85
T4_NC_w4_ND,T4,Ci,NC,4,ND,blue,120.25052192066806,-0.85
T4_NC_w4_ND,T4,Ci,NC,4,ND,blue,124.0083507306889,-0.7
T4_NC_w4_ND,T4,Ci,NC,4,ND,blue,129.6450939457203,-0.7
T4_NC_w4_ND,T4,Ci,NC,4,ND,blue,133.4029227557411,-0.55
T4_NC_w4_ND,T4,Ci,NC,4,ND,blue,135.2818371607516,-0.45
T4_NC_w4_ND,T4,Ci,NC,4,ND,blue,139.03966597077238,-0.45
T4_NC_w4_ND,T4,Ci,NC,4,ND,blue,140.91858037578288,-0.45
T4_NC_w4_ND,T4,Ci,NC,4,ND,blue,142.79749478079333,-0.45
T4_NC_w4_ND,T4,Ci,NC,4,ND,blue,144.67640918580378,-0.45
T4_NC_w4_ND,T4,Ci,NC,4,ND,blue,148.43423799582467,-0.45
T4_NC_w4_ND,T4,Ci,NC,4,ND,blue,150.3131524008351,-0.45
T4_NC_w4_ND,T4,Ci,NC,4,ND,blue,152.1920668058455,-0.45
T4_NC_w4_ND,T4,Ci,NC,4,ND,blue,154.07098121085596,-0.3
T4_NC_w4_ND,T4,Ci,NC,4,ND,blue,155.94989561586635,-0.4
T4_NC_w4_ND,T4,Ci,NC,4,ND,blue,157.82881002087686,-0.4
T4_NC_w4_ND,T4,Ci,NC,4,ND,blue,159.70772442588725,-0.4
T4_NC_w4_ND,T4,Ci,NC,4,ND,blue,161.5866388308977,-0.3
T4_NC_w4_ND,T4,Ci,NC,4,ND,blue,163.46555323590815,-0.3
T4_NC_w4_ND,T4,Ci,NC,4,ND,blue,165.34446764091854,-0.3
T4_NC_w4_ND,T4,Ci,NC,4,ND,blue,167.223382045929,-0.3
T4_NC_w4_ND,T4,Ci,NC,4,ND,blue,169.10229645093943,-0.4
T4_NC_w4_ND,T4,Ci,NC,4,ND,blue,170.98121085594988,-0.4
T4_NC_w4_ND,T4,Ci,NC,4,ND,blue,172.86012526096033,-0.4
T4_NC_w4_ND,T4,Ci,NC,4,ND,blue,174.73903966597078,-0.4
T4_NC_w4_ND,T4,Ci,NC,4,ND,blue,176.61795407098123,-0.4
T4_NC_w4_ND,T4,Ci,NC,4,ND,blue,178.49686847599168,-0.4
T4_NC_w4_ND,T4,Ci,NC,4,ND,blue,180.37578288100207,-0.4
T4_NC_w4_ND,T4,Ci,NC,4,ND,blue,182.2546972860125,-0.4
T4_NC_w4_ND,T4,Ci,NC,4,ND,blue,184.13361169102296,-0.4
T4_NC_w4_ND,T4,Ci,NC,4,ND,blue,186.0125260960334,-0.4
T4_NC_w4_ND,T4,Ci,NC,4,ND,blue,187.8914405010438,-0.45
T4_NC_w4_ND,T4,Ci,NC,4,ND,blue,189.7703549060543,-0.45
T4_NC_w4_ND,T4,Ci,NC,4,ND,blue,191.6492693110648,-0.45
T4_NC_w4_ND,T4,Ci,NC,4,ND,blue,193.52818371607515,-0.4
T4_NC_w4_ND,T4,Ci,NC,4,ND,blue,195.4070981210856,-0.4
T4_NC_w4_ND,T4,Ci,NC,4,ND,blue,197.286012526096,-0.4
T4_NC_w4_ND,T4,Ci,NC,4,ND,blue,199.1649269311065,-0.4
T4_NC_w4_ND,T4,Ci,NC,4,ND,blue,201.0438413361169,-0.35
T4_NC_w4_ND,T4,Ci,NC,4,ND,blue,202.92275574112733,-0.25
T4_NC_w4_ND,T4,Ci,NC,4,ND,blue,204.80167014613772,-0.25
T4_NC_w4_ND,T4,Ci,NC,4,ND,blue,206.68058455114823,-0.25
T4_NC_w4_ND,T4,Ci,NC,4,ND,blue,208.55949895615868,-0.2
T4_NC_w4_ND,T4,Ci,NC,4,ND,blue,210.43841336116915,-0.2
T4_NC_w4_ND,T4,Ci,NC,4,ND,blue,212.3173277661796,-0.15
T4_NC_w4_ND,T4,Ci,NC,4,ND,blue,214.19624217119,-0.1
T4_NC_w4_ND,T4,Ci,NC,4,ND,blue,216.0751565762004,0.2
T4_NC_w4_ND,T4,Ci,NC,4,ND,blue,217.9540709812109,0.2
T4_NC_w4_ND,T4,Ci,NC,4,ND,blue,219.8329853862213,0.2
T4_NC_w4_ND,T4,Ci,NC,4,ND,blue,221.71189979123173,0.2
T4_NC_w4_ND,T4,Ci,NC,4,ND,blue,223.59081419624212,0.2
T4_NC_w4_ND,T4,Ci,NC,4,ND,blue,225.46972860125263,0.2
T4_NC_w4_ND,T4,Ci,NC,4,ND,blue,227.34864300626307,0.2
T4_NC_w4_ND,T4,Ci,NC,4,ND,blue,229.2275574112735,0.2
T4_NC_w4_ND,T4,Ci,NC,4,ND,blue,231.10647181628391,0.2
T4_NC_w4_ND,T4,Ci,NC,4,ND,blue,232.9853862212944,0.2
T4_NC_w4_ND,T4,Ci,NC,4,ND,blue,234.8643006263048,0.2
T4_NC_w4_ND,T4,Ci,NC,4,ND,blue,236.7432150313152,0.2
T4_NC_w4_ND,T4,Ci,NC,4,ND,blue,238.62212943632565,0.2
T4_NC_w4_ND,T4,Ci,NC,4,ND,blue,240.50104384133613,0.2
T4_NC_w4_ND,T4,Ci,NC,4,ND,blue,242.37995824634646,0.2
T4_NC_w4_ND,T4,Ci,NC,4,ND,blue,244.258872651357,0.25
T4_NC_w4_ND,T4,Ci,NC,4,ND,blue,246.13778705636744,0.3
T4_NC_w4_ND,T4,Ci,NC,4,ND,blue,248.01670146137786,0.3
T4_NC_w4_ND,T4,Ci,NC,4,ND,blue,249.8956158663883,0.3
T4_NC_w4_ND,T4,Ci,NC,4,ND,blue,251.77453027139882,0.3
T4_NC_w4_ND,T4,Ci,NC,4,ND,blue,253.6534446764092,0.35
T4_NC_w4_ND,T4,Ci,NC,4,ND,blue,255.5323590814196,0.4
T4_NC_w4_ND,T4,Ci,NC,4,ND,blue,257.41127348643005,0.5
T4_NC_w4_ND,T4,Ci,NC,4,ND,blue,259.2901878914405,0.5
T4_NC_w4_ND,T4,Ci,NC,4,ND,blue,261.169102296451,0.5
T4_NC_w4_ND,T4,Ci,NC,4,ND,blue,263.0480167014614,0.8
T4_NC_w4_ND,T4,Ci,NC,4,ND,blue,264.92693110647184,0.8
T4_NC_w4_ND,T4,Ci,NC,4,ND,blue,266.80584551148223,0.8
T4_NC_w4_ND,T4,Ci,NC,4,ND,blue,268.6847599164927,0.8
T4_NC_w4_ND,T4,Ci,NC,4,ND,blue,270.5636743215032,0.8
T4_NC_w4_ND,T4,Ci,NC,4,ND,blue,272.4425887265136,0.8
T4_NC_w4_ND,T4,Ci,NC,4,ND,blue,274.3215031315241,0.8
T4_NC_w4_ND,T4,Ci,NC,4,ND,blue,276.2004175365344,0.8
T4_NC_w4_ND,T4,Ci,NC,4,ND,blue,278.0793319415449,0.85
T4_NC_w4_ND,T4,Ci,NC,4,ND,blue,279.9582463465553,0.95
T4_NC_w4_ND,T4,Ci,NC,4,ND,blue,281.83716075156576,0.95
T4_NC_w4_ND,T4,Ci,NC,4,ND,blue,283.7160751565762,1.05
T4_NC_w4_ND,T4,Ci,NC,4,ND,blue,285.59498956158666,1.05
T4_NC_w4_ND,T4,Ci,NC,4,ND,blue,287.47390396659705,1.1
T4_NC_w4_ND,T4,Ci,NC,4,ND,blue,289.3528183716075,1.95
T4_NC_w4_ND,T4,Ci,NC,4,ND,blue,291.23173277661795,2.05
T4_NC_w4_ND,T4,Ci,NC,4,ND,blue,293.1106471816284,2.15
T4_NC_w4_ND,T4,Ci,NC,4,ND,blue,294.98956158663884,2.25
T4_NC_w4_ND,T4,Ci,NC,4,ND,blue,296.8684759916493,2.25
T4_NC_w4_ND,T4,Ci,NC,4,ND,blue,298.7473903966597,2.25
T4_NC_w4_ND,T4,Ci,NC,4,ND,blue,300.62630480167013,2.3
T4_NC_w4_ND,T4,Ci,NC,4,ND,blue,302.5052192066806,2.3
T4_NC_w4_ND,T4,Ci,NC,4,ND,blue,304.384133611691,2.35
T4_NC_w4_ND,T4,Ci,NC,4,ND,blue,306.2630480167015,2.4
T4_NC_w4_ND,T4,Ci,NC,4,ND,blue,308.14196242171187,2.4
T4_NC_w4_ND,T4,Ci,NC,4,ND,blue,310.0208768267224,2.4
T4_NC_w4_ND,T4,Ci,NC,4,ND,blue,311.8997912317328,2.55
T4_NC_w4_ND,T4,Ci,NC,4,ND,blue,313.7787056367432,2.9
T4_NC_w4_ND,T4,Ci,NC,4,ND,blue,315.65762004175366,3.0
T4_NC_w4_ND,T4,Ci,NC,4,ND,blue,317.5365344467641,3.1
T4_NC_w4_ND,T4,Ci,NC,4,ND,blue,319.4154488517745,3.1
T4_NC_w4_ND,T4,Ci,NC,4,ND,blue,321.294363256785,3.1
T4_NC_w4_ND,T4,Ci,NC,4,ND,blue,323.1732776617954,3.2
T4_NC_w4_ND,T4,Ci,NC,4,ND,blue,325.05219206680584,3.2
T4_NC_w4_ND,T4,Ci,NC,4,ND,blue,326.9311064718163,3.6
T4_NC_w4_ND,T4,Ci,NC,4,ND,blue,328.81002087682674,3.6
T4_NC_w4_ND,T4,Ci,NC,4,ND,blue,330.6889352818372,3.7
T4_NC_w4_ND,T4,Ci,NC,4,ND,blue,332.5678496868476,3.7
T4_NC_w4_ND,T4,Ci,NC,4,ND,blue,334.44676409185803,3.8
T4_NC_w4_ND,T4,Ci,NC,4,ND,blue,336.3256784968685,3.9
T4_NC_w4_ND,T4,Ci,NC,4,ND,blue,338.2045929018789,4.05
T4_NC_w4_ND,T4,Ci,NC,4,ND,blue,340.0835073068894,4.1
T4_NC_w4_ND,T4,Ci,NC,4,ND,blue,341.9624217118999,4.1
T4_NC_w4_ND,T4,Ci,NC,4,ND,blue,343.8413361169102,4.15
T4_NC_w4_ND,T4,Ci,NC,4,ND,blue,345.7202505219207,4.25
T4_NC_w4_ND,T4,Ci,NC,4,ND,blue,347.5991649269311,4.3
T4_NC_w4_ND,T4,Ci,NC,4,ND,blue,349.47807933194156,4.35
T4_NC_w4_ND,T4,Ci,NC,4,ND,blue,351.35699373695195,4.65
T4_NC_w4_ND,T4,Ci,NC,4,ND,blue,353.23590814196245,4.7
T4_NC_w4_ND,T4,Ci,NC,4,ND,blue,355.11482254697285,4.7
T4_NC_w4_ND,T4,Ci,NC,4,ND,blue,356.9937369519833,4.7
T4_NC_w4_ND,T4,Ci,NC,4,ND,blue,358.87265135699374,4.7
T4_NC_w4_ND,T4,Ci,NC,4,ND,blue,360.7515657620042,4.7
T4_NC_w4_ND,T4,Ci,NC,4,ND,blue,362.6304801670145,4.7
T4_NC_w4_ND,T4,Ci,NC,4,ND,blue,364.5093945720251,4.75
T4_NC_w4_ND,T4,Ci,NC,4,ND,blue,366.3883089770355,4.75
T4_NC_w4_ND,T4,Ci,NC,4,ND,blue,368.2672233820459,4.75
T4_NC_w4_ND,T4,Ci,NC,4,ND,blue,370.14613778705643,4.75
T4_NC_w4_ND,T4,Ci,NC,4,ND,blue,372.0250521920668,4.75
T4_NC_w4_ND,T4,Ci,NC,4,ND,blue,373.9039665970773,4.75
T4_NC_w4_ND,T4,Ci,NC,4,ND,blue,375.7828810020877,4.75
T4_NC_w4_ND,T4,Ci,NC,4,ND,blue,377.66179540709817,4.75
T4_NC_w4_ND,T4,Ci,NC,4,ND,blue,379.54070981210856,4.75
T4_NC_w4_ND,T4,Ci,NC,4,ND,blue,381.419624217119,4.75
T4_NC_w4_ND,T4,Ci,NC,4,ND,blue,383.2985386221295,5.0
T4_NC_w4_ND,T4,Ci,NC,4,ND,blue,385.1774530271399,5.0
T4_NC_w4_ND,T4,Ci,NC,4,ND,blue,387.0563674321503,5.0
T4_NC_w4_ND,T4,Ci,NC,4,ND,blue,388.9352818371608,5.0
T4_NC_w4_ND,T4,Ci,NC,4,ND,blue,390.8141962421712,4.75
T4_NC_w4_ND,T4,Ci,NC,4,ND,blue,392.6931106471816,4.65
T4_NC_w4_ND,T4,Ci,NC,4,ND,blue,394.572025052192,4.6
T4_NC_w4_ND,T4,Ci,NC,4,ND,blue,396.4509394572025,4.5
T4_NC_w4_ND,T4,Ci,NC,4,ND,blue,398.3298538622129,4.4
T4_NC_w4_ND,T4,Ci,NC,4,ND,blue,400.2087682672234,4.15
T4_NC_w4_ND,T4,Ci,NC,4,ND,blue,402.0876826722339,4.0
T4_NC_w4_ND,T4,Ci,NC,4,ND,blue,403.9665970772443,4.0
T4_NC_w4_ND,T4,Ci,NC,4,ND,blue,405.84551148225466,3.9
T4_NC_w4_ND,T4,Ci,NC,4,ND,blue,407.7244258872651,3.8
T4_NC_w4_ND,T4,Ci,NC,4,ND,blue,409.6033402922756,3.65
T4_NC_w4_ND,T4,Ci,NC,4,ND,blue,411.482254697286,3.6
T4_NC_w4_ND,T4,Ci,NC,4,ND,blue,413.36116910229646,3.5
T4_NC_w4_ND,T4,Ci,NC,4,ND,blue,415.2400835073069,3.4
T4_NC_w4_ND,T4,Ci,NC,4,ND,blue,417.1189979123173,3.2
T4_NC_w4_ND,T4,Ci,NC,4,ND,blue,418.99791231732775,3.15
T4_NC_w4_ND,T4,Ci,NC,4,ND,blue,420.8768267223383,3.1
T4_NC_w4_ND,T4,Ci,NC,4,ND,blue,422.75574112734864,3.0
T4_NC_w4_ND,T4,Ci,NC,4,ND,blue,424.6346555323591,3.0
T4_NC_w4_ND,T4,Ci,NC,4,ND,blue,426.5135699373695,3.1
T4_NC_w4_ND,T4,Ci,NC,4,ND,blue,428.39248434238,3.1
T4_NC_w4_ND,T4,Ci,NC,4,ND,blue,430.2713987473904,3.1
T4_NC_w4_ND,T4,Ci,NC,4,ND,blue,432.1503131524008,3.1
T4_NC_w4_ND,T4,Ci,NC,4,ND,blue,434.0292275574113,3.1
T4_NC_w4_ND,T4,Ci,NC,4,ND,blue,435.9081419624217,2.95
T4_NC_w4_ND,T4,Ci,NC,4,ND,blue,437.7870563674321,2.7
T4_NC_w4_ND,T4,Ci,NC,4,ND,blue,439.6659707724426,2.7
T4_NC_w4_ND,T4,Ci,NC,4,ND,blue,441.544885177453,2.65
T4_NC_w4_ND,T4,Ci,NC,4,ND,blue,443.42379958246346,2.5
T4_NC_w4_ND,T4,Ci,NC,4,ND,blue,445.3027139874739,2.4
T4_NC_w4_ND,T4,Ci,NC,4,ND,blue,447.1816283924844,2.25
T4_NC_w4_ND,T4,Ci,NC,4,ND,blue,449.0605427974948,2.2
T4_NC_w4_ND,T4,Ci,NC,4,ND,blue,450.9394572025052,2.15
T4_NC_w4_ND,T4,Ci,NC,4,ND,blue,452.8183716075157,2.15
T4_NC_w4_ND,T4,Ci,NC,4,ND,blue,454.6972860125261,2.05
T4_NC_w4_ND,T4,Ci,NC,4,ND,blue,456.5762004175365,2.15
T4_NC_w4_ND,T4,Ci,NC,4,ND,blue,458.455114822547,2.05
T4_NC_w4_ND,T4,Ci,NC,4,ND,blue,460.33402922755744,2.05
T4_NC_w4_ND,T4,Ci,NC,4,ND,blue,462.21294363256783,2.05
T4_NC_w4_ND,T4,Ci,NC,4,ND,blue,464.0918580375783,2.05
T4_NC_w4_ND,T4,Ci,NC,4,ND,blue,465.9707724425887,2.3
T4_NC_w4_ND,T4,Ci,NC,4,ND,blue,467.8496868475992,2.3
T4_NC_w4_ND,T4,Ci,NC,4,ND,blue,469.7286012526096,2.3
T4_NC_w4_ND,T4,Ci,NC,4,ND,blue,471.60751565762007,2.3
T4_NC_w4_ND,T4,Ci,NC,4,ND,blue,473.48643006263046,2.3
T4_NC_w4_ND,T4,Ci,NC,4,ND,blue,475.3653444676409,2.3
T4_NC_w4_ND,T4,Ci,NC,4,ND,blue,477.24425887265136,2.3
T4_NC_w4_ND,T4,Ci,NC,4,ND,blue,479.1231732776617,2.3
T4_NC_w4_ND,T4,Ci,NC,4,ND,blue,481.00208768267225,2.3
T4_NC_w4_ND,T4,Ci,NC,4,ND,blue,482.8810020876827,2.3
T4_NC_w4_ND,T4,Ci,NC,4,ND,blue,484.7599164926932,2.45
T4_NC_w4_ND,T4,Ci,NC,4,ND,blue,486.63883089770354,2.45
T4_NC_w4_ND,T4,Ci,NC,4,ND,blue,488.517745302714,2.6
T4_NC_w4_ND,T4,Ci,NC,4,ND,blue,490.3966597077244,2.7
T4_NC_w4_ND,T4,Ci,NC,4,ND,blue,492.2755741127348,2.9
T4_NC_w4_ND,T4,Ci,NC,4,ND,blue,494.1544885177453,3.0
T4_NC_w4_ND,T4,Ci,NC,4,ND,blue,496.0334029227558,3.05
T4_NC_w4_ND,T4,Ci,NC,4,ND,blue,497.9123173277662,3.1
T4_NC_w4_ND,T4,Ci,NC,4,ND,blue,499.7912317327766,3.15
T4_NC_w4_ND,T4,Ci,NC,4,ND,blue,501.670146137787,3.15
T4_NC_w4_ND,T4,Ci,NC,4,ND,blue,503.5490605427975,3.15
T4_NC_w4_ND,T4,Ci,NC,4,ND,blue,505.427974947808,3.15
T4_NC_w4_ND,T4,Ci,NC,4,ND,blue,507.3068893528184,3.15
T4_NC_w4_ND,T4,Ci,NC,4,ND,blue,509.1858037578288,3.05
T4_NC_w4_ND,T4,Ci,NC,4,ND,blue,511.06471816283926,3.05
T4_NC_w4_ND,T4,Ci,NC,4,ND,blue,512.9436325678496,3.05
T4_NC_w4_ND,T4,Ci,NC,4,ND,blue,514.8225469728601,3.05
T4_NC_w4_ND,T4,Ci,NC,4,ND,blue,516.7014613778705,3.05
T4_NC_w4_ND,T4,Ci,NC,4,ND,blue,518.580375782881,3.25
T4_NC_w4_ND,T4,Ci,NC,4,ND,blue,520.4592901878915,3.45
T4_NC_w4_ND,T4,Ci,NC,4,ND,blue,522.3382045929019,3.8
T4_NC_w4_ND,T4,Ci,NC,4,ND,blue,524.2171189979123,3.8
T4_NC_w4_ND,T4,Ci,NC,4,ND,blue,526.0960334029226,3.8
T4_NC_w4_ND,T4,Ci,NC,4,ND,blue,527.9749478079331,4.05
T4_NC_w4_ND,T4,Ci,NC,4,ND,blue,529.8538622129436,4.05
T4_NC_w4_ND,T4,Ci,NC,4,ND,blue,531.7327766179541,4.05
T4_NC_w4_ND,T4,Ci,NC,4,ND,blue,533.6116910229645,4.05
T4_NC_w4_ND,T4,Ci,NC,4,ND,blue,535.4906054279749,4.05
T4_NC_w4_ND,T4,Ci,NC,4,ND,blue,537.3695198329854,4.05
T4_NC_w4_ND,T4,Ci,NC,4,ND,blue,539.2484342379958,4.1
T4_NC_w4_ND,T4,Ci,NC,4,ND,blue,541.1273486430061,4.1
T4_NC_w4_ND,T4,Ci,NC,4,ND,blue,543.0062630480168,4.1
T4_NC_w4_ND,T4,Ci,NC,4,ND,blue,544.8851774530272,4.15
T4_NC_w4_ND,T4,Ci,NC,4,ND,blue,546.7640918580375,4.4
T4_NC_w4_ND,T4,Ci,NC,4,ND,blue,548.6430062630479,4.45
T4_NC_w4_ND,T4,Ci,NC,4,ND,blue,550.5219206680583,4.7
T4_NC_w4_ND,T4,Ci,NC,4,ND,blue,552.4008350730687,4.75
T4_NC_w4_ND,T4,Ci,NC,4,ND,blue,554.2797494780792,5.05
T4_NC_w4_ND,T4,Ci,NC,4,ND,blue,556.1586638830897,5.05
T4_NC_w4_ND,T4,Ci,NC,4,ND,blue,558.0375782881001,5.3
T4_NC_w4_ND,T4,Ci,NC,4,ND,blue,559.9164926931106,5.35
T4_NC_w4_ND,T4,Ci,NC,4,ND,blue,561.795407098121,5.4
T4_NC_w4_ND,T4,Ci,NC,4,ND,blue,563.6743215031314,5.45
T4_NC_w4_ND,T4,Ci,NC,4,ND,blue,565.5532359081419,5.5
T4_NC_w4_ND,T4,Ci,NC,4,ND,blue,567.4321503131523,5.5
T4_NC_w4_ND,T4,Ci,NC,4,ND,blue,569.3110647181628,5.65
T4_NC_w4_ND,T4,Ci,NC,4,ND,blue,571.1899791231732,5.95
T4_NC_w4_ND,T4,Ci,NC,4,ND,blue,573.0688935281837,5.95
T4_NC_w4_ND,T4,Ci,NC,4,ND,blue,574.9478079331941,6.0
T4_NC_w4_ND,T4,Ci,NC,4,ND,blue,576.8267223382045,6.0
T4_NC_w4_ND,T4,Ci,NC,4,ND,blue,578.7056367432149,6.25
T4_NC_w4_ND,T4,Ci,NC,4,ND,blue,580.5845511482255,6.5
T4_NC_w4_ND,T4,Ci,NC,4,ND,blue,582.4634655532359,6.5
T4_NC_w4_ND,T4,Ci,NC,4,ND,blue,584.3423799582463,6.5
T4_NC_w4_ND,T4,Ci,NC,4,ND,blue,586.2212943632567,6.6
T4_NC_w4_ND,T4,Ci,NC,4,ND,blue,588.1002087682672,7.0
T4_NC_w4_ND,T4,Ci,NC,4,ND,blue,589.9791231732777,7.0
T4_NC_w4_ND,T4,Ci,NC,4,ND,blue,591.8580375782881,7.0
T4_NC_w4_ND,T4,Ci,NC,4,ND,blue,593.7369519832985,7.05
T4_NC_w4_ND,T4,Ci,NC,4,ND,blue,595.615866388309,7.05
T4_NC_w4_ND,T4,Ci,NC,4,ND,blue,597.4947807933194,7.1
T4_NC_w4_ND,T4,Ci,NC,4,ND,blue,599.3736951983298,7.05
T4_NC_w4_ND,T4,Ci,NC,4,ND,blue,601.2526096033403,7.05
T4_NC_w4_ND,T4,Ci,NC,4,ND,blue,603.1315240083507,7.05
T4_NC_w4_ND,T4,Ci,NC,4,ND,blue,605.010438413361,7.05
T4_NC_w4_ND,T4,Ci,NC,4,ND,blue,606.8893528183717,7.2
T4_NC_w4_ND,T4,Ci,NC,4,ND,blue,608.768267223382,7.2
T4_NC_w4_ND,T4,Ci,NC,4,ND,blue,610.6471816283924,7.05
T4_NC_w4_ND,T4,Ci,NC,4,ND,blue,612.5260960334028,7.05
T4_NC_w4_ND,T4,Ci,NC,4,ND,blue,614.4050104384132,7.05
T4_NC_w4_ND,T4,Ci,NC,4,ND,blue,616.2839248434236,6.7
T4_NC_w4_ND,T4,Ci,NC,4,ND,blue,618.1628392484342,6.6
T4_NC_w4_ND,T4,Ci,NC,4,ND,blue,620.0417536534446,6.6
T4_NC_w4_ND,T4,Ci,NC,4,ND,blue,621.920668058455,6.6
T4_NC_w4_ND,T4,Ci,NC,4,ND,blue,623.7995824634655,6.6
T4_NC_w4_ND,T4,Ci,NC,4,ND,blue,625.6784968684759,6.55
T4_NC_w4_ND,T4,Ci,NC,4,ND,blue,627.5574112734863,6.55
T4_NC_w4_ND,T4,Ci,NC,4,ND,blue,629.4363256784968,6.6
T4_NC_w4_ND,T4,Ci,NC,4,ND,blue,631.3152400835073,6.6
T4_NC_w4_ND,T4,Ci,NC,4,ND,blue,633.1941544885177,6.6
T4_NC_w4_ND,T4,Ci,NC,4,ND,blue,635.0730688935281,6.6
T4_NC_w4_ND,T4,Ci,NC,4,ND,blue,636.9519832985386,6.6
T4_NC_w4_ND,T4,Ci,NC,4,ND,blue,638.830897703549,6.6
T4_NC_w4_ND,T4,Ci,NC,4,ND,blue,640.7098121085594,6.6
T4_NC_w4_ND,T4,Ci,NC,4,ND,blue,642.5887265135699,6.6
T4_NC_w4_ND,T4,Ci,NC,4,ND,blue,644.4676409185804,6.6
T4_NC_w4_ND,T4,Ci,NC,4,ND,blue,646.3465553235908,6.55
T4_NC_w4_ND,T4,Ci,NC,4,ND,blue,648.2254697286012,6.45
T4_NC_w4_ND,T4,Ci,NC,4,ND,blue,650.1043841336116,6.3
T4_NC_w4_ND,T4,Ci,NC,4,ND,blue,651.9832985386221,6.3
T4_NC_w4_ND,T4,Ci,NC,4,ND,blue,653.8622129436325,6.3
T4_NC_w4_ND,T4,Ci,NC,4,ND,blue,655.741127348643,6.3
T4_NC_w4_ND,T4,Ci,NC,4,ND,blue,657.6200417536534,6.3
T4_NC_w4_ND,T4,Ci,NC,4,ND,blue,659.4989561586639,6.3
T4_NC_w4_ND,T4,Ci,NC,4,ND,blue,661.3778705636744,6.45
T4_NC_w4_ND,T4,Ci,NC,4,ND,blue,663.2567849686847,6.5
T4_NC_w4_ND,T4,Ci,NC,4,ND,blue,665.1356993736952,6.5
T4_NC_w4_ND,T4,Ci,NC,4,ND,blue,667.0146137787056,6.5
T4_NC_w4_ND,T4,Ci,NC,4,ND,blue,668.8935281837161,6.45
T4_NC_w4_ND,T4,Ci,NC,4,ND,blue,670.7724425887264,6.35
T4_NC_w4_ND,T4,Ci,NC,4,ND,blue,672.651356993737,6.35
T4_NC_w4_ND,T4,Ci,NC,4,ND,blue,674.5302713987473,6.35
T4_NC_w4_ND,T4,Ci,NC,4,ND,blue,676.4091858037577,6.4
T4_NC_w4_ND,T4,Ci,NC,4,ND,blue,678.2881002087681,6.35
T4_NC_w4_ND,T4,Ci,NC,4,ND,blue,680.1670146137787,6.1
T4_NC_w4_ND,T4,Ci,NC,4,ND,blue,682.0459290187891,6.35
T4_NC_w4_ND,T4,Ci,NC,4,ND,blue,683.9248434237995,6.4
T4_NC_w4_ND,T4,Ci,NC,4,ND,blue,685.8037578288099,6.4
T4_NC_w4_ND,T4,Ci,NC,4,ND,blue,687.6826722338204,6.4
T4_NC_w4_ND,T4,Ci,NC,4,ND,blue,689.5615866388308,6.4
T4_NC_w4_ND,T4,Ci,NC,4,ND,blue,691.4405010438412,6.4
T4_NC_w4_ND,T4,Ci,NC,4,ND,blue,693.3194154488517,6.4
T4_NC_w4_ND,T4,Ci,NC,4,ND,blue,695.1983298538622,6.4
T4_NC_w4_ND,T4,Ci,NC,4,ND,blue,697.0772442588726,6.4
T4_NC_w4_ND,T4,Ci,NC,4,ND,blue,698.956158663883,6.35
T4_NC_w4_ND,T4,Ci,NC,4,ND,blue,700.8350730688935,6.3
T4_NC_w4_ND,T4,Ci,NC,4,ND,blue,702.7139874739039,6.15
T4_NC_w4_ND,T4,Ci,NC,4,ND,blue,704.5929018789143,6.0
T4_NC_w4_ND,T4,Ci,NC,4,ND,blue,706.4718162839248,5.7
T4_NC_w4_ND,T4,Ci,NC,4,ND,blue,708.3507306889353,5.7
T4_NC_w4_ND,T4,Ci,NC,4,ND,blue,710.2296450939457,5.55
T4_NC_w4_ND,T4,Ci,NC,4,ND,blue,712.1085594989561,5.05
T4_NC_w4_ND,T4,Ci,NC,4,ND,blue,713.9874739039665,5.05
T4_NC_w4_ND,T4,Ci,NC,4,ND,blue,715.866388308977,4.9
T4_NC_w4_ND,T4,Ci,NC,4,ND,blue,717.7453027139875,4.6
T4_NC_w4_ND,T4,Ci,NC,4,ND,blue,719.6242171189979,4.6
T4_NC_w4_ND,T4,Ci,NC,4,ND,blue,721.5031315240083,4.6
T4_NC_w4_ND,T4,Ci,NC,4,ND,blue,723.3820459290188,4.6
T4_NC_w4_ND,T4,Ci,NC,4,ND,blue,725.2609603340293,4.6
T4_NC_w4_ND,T4,Ci,NC,4,ND,blue,727.1398747390397,4.6
T4_NC_w4_ND,T4,Ci,NC,4,ND,blue,729.0187891440501,4.55
T4_NC_w4_ND,T4,Ci,NC,4,ND,blue,730.8977035490606,4.6
T4_NC_w4_ND,T4,Ci,NC,4,ND,blue,732.776617954071,4.55
T4_NC_w4_ND,T4,Ci,NC,4,ND,blue,734.6555323590812,4.4
T4_NC_w4_ND,T4,Ci,NC,4,ND,blue,736.5344467640919,4.4
T4_NC_w4_ND,T4,Ci,NC,4,ND,blue,738.4133611691022,4.4
T4_NC_w4_ND,T4,Ci,NC,4,ND,blue,740.2922755741126,4.35
T4_NC_w4_ND,T4,Ci,NC,4,ND,blue,742.171189979123,4.35
T4_NC_w4_ND,T4,Ci,NC,4,ND,blue,744.0501043841336,4.4
T4_NC_w4_ND,T4,Ci,NC,4,ND,blue,745.929018789144,4.4
T4_NC_w4_ND,T4,Ci,NC,4,ND,blue,747.8079331941544,4.4
T4_NC_w4_ND,T4,Ci,NC,4,ND,blue,749.6868475991648,4.6
T4_NC_w4_ND,T4,Ci,NC,4,ND,blue,751.5657620041753,4.7
T4_NC_w4_ND,T4,Ci,NC,4,ND,blue,753.4446764091857,4.7
T4_NC_w4_ND,T4,Ci,NC,4,ND,blue,755.3235908141962,4.9
T4_NC_w4_ND,T4,Ci,NC,4,ND,blue,757.2025052192066,5.0
T4_NC_w4_ND,T4,Ci,NC,4,ND,blue,759.0814196242171,5.0
T4_NC_w4_ND,T4,Ci,NC,4,ND,blue,760.9603340292275,5.0
T4_NC_w4_ND,T4,Ci,NC,4,ND,blue,762.8392484342379,5.0
T4_NC_w4_ND,T4,Ci,NC,4,ND,blue,764.7181628392484,5.0
T4_NC_w4_ND,T4,Ci,NC,4,ND,blue,766.5970772442588,4.9
T4_NC_w4_ND,T4,Ci,NC,4,ND,blue,768.4759916492693,4.6
T4_NC_w4_ND,T4,Ci,NC,4,ND,blue,770.3549060542797,4.7
T4_NC_w4_ND,T4,Ci,NC,4,ND,blue,772.2338204592902,4.6
T4_NC_w4_ND,T4,Ci,NC,4,ND,blue,774.1127348643006,4.5
T4_NC_w4_ND,T4,Ci,NC,4,ND,blue,775.991649269311,4.3
T4_NC_w4_ND,T4,Ci,NC,4,ND,blue,777.8705636743214,4.25
T4_NC_w4_ND,T4,Ci,NC,4,ND,blue,779.7494780793319,4.25
T4_NC_w4_ND,T4,Ci,NC,4,ND,blue,781.6283924843424,4.25
T4_NC_w4_ND,T4,Ci,NC,4,ND,blue,783.5073068893528,4.3
T4_NC_w4_ND,T4,Ci,NC,4,ND,blue,785.3862212943632,4.6
T4_NC_w4_ND,T4,Ci,NC,4,ND,blue,787.2651356993737,4.35
T4_NC_w4_ND,T4,Ci,NC,4,ND,blue,789.1440501043841,4.6
T4_NC_w4_ND,T4,Ci,NC,4,ND,blue,791.0229645093945,4.6
T4_NC_w4_ND,T4,Ci,NC,4,ND,blue,792.901878914405,4.6
T4_NC_w4_ND,T4,Ci,NC,4,ND,blue,794.7807933194155,4.6
T4_NC_w4_ND,T4,Ci,NC,4,ND,blue,796.6597077244259,4.6
T4_NC_w4_ND,T4,Ci,NC,4,ND,blue,798.5386221294362,4.6
T4_NC_w4_ND,T4,Ci,NC,4,ND,blue,800.4175365344466,4.6
T4_NC_w4_ND,T4,Ci,NC,4,ND,blue,802.2964509394571,4.35
T4_NC_w4_ND,T4,Ci,NC,4,ND,blue,804.1753653444675,3.65
T4_NC_w4_ND,T4,Ci,NC,4,ND,blue,806.054279749478,3.55
T4_NC_w4_ND,T4,Ci,NC,4,ND,blue,807.9331941544885,3.55
T4_NC_w4_ND,T4,Ci,NC,4,ND,blue,809.8121085594989,3.5
T4_NC_w4_ND,T4,Ci,NC,4,ND,blue,811.6910229645093,3.5
T4_NC_w4_ND,T4,Ci,NC,4,ND,blue,813.5699373695197,3.55
T4_NC_w4_ND,T4,Ci,NC,4,ND,blue,815.4488517745302,3.65
T4_NC_w4_ND,T4,Ci,NC,4,ND,blue,817.3277661795406,3.65
T4_NC_w4_ND,T4,Ci,NC,4,ND,blue,819.2066805845511,3.85
T4_NC_w4_ND,T4,Ci,NC,4,ND,blue,821.0855949895615,3.85
T4_NC_w4_ND,T4,Ci,NC,4,ND,blue,822.964509394572,3.85
T4_NC_w4_ND,T4,Ci,NC,4,ND,blue,824.8434237995824,4.0
T4_NC_w4_ND,T4,Ci,NC,4,ND,blue,826.7223382045928,4.0
T4_NC_w4_ND,T4,Ci,NC,4,ND,blue,828.6012526096032,4.0
T4_NC_w4_ND,T4,Ci,NC,4,ND,blue,830.4801670146138,4.0
T4_NC_w4_ND,T4,Ci,NC,4,ND,blue,832.3590814196242,3.7
T4_NC_w4_ND,T4,Ci,NC,4,ND,blue,834.2379958246346,3.6
T4_NC_w4_ND,T4,Ci,NC,4,ND,blue,836.116910229645,3.4
T4_NC_w4_ND,T4,Ci,NC,4,ND,blue,837.9958246346555,3.4
T4_NC_w4_ND,T4,Ci,NC,4,ND,blue,839.8747390396659,3.4
T4_NC_w4_ND,T4,Ci,NC,4,ND,blue,841.7536534446763,3.3
T4_NC_w4_ND,T4,Ci,NC,4,ND,blue,843.6325678496868,3.2
T4_NC_w4_ND,T4,Ci,NC,4,ND,blue,845.5114822546973,3.05
T4_NC_w4_ND,T4,Ci,NC,4,ND,blue,847.3903966597077,2.95
T4_NC_w4_ND,T4,Ci,NC,4,ND,blue,849.2693110647181,2.85
T4_NC_w4_ND,T4,Ci,NC,4,ND,blue,851.1482254697286,2.85
T4_NC_w4_ND,T4,Ci,NC,4,ND,blue,853.027139874739,2.65
T4_NC_w4_ND,T4,Ci,NC,4,ND,blue,854.9060542797494,2.55
T4_NC_w4_ND,T4,Ci,NC,4,ND,blue,856.7849686847599,2.5
T4_NC_w4_ND,T4,Ci,NC,4,ND,blue,858.6638830897705,2.45
T4_NC_w4_ND,T4,Ci,NC,4,ND,blue,860.5427974947809,2.4
T4_NC_w4_ND,T4,Ci,NC,4,ND,blue,862.4217118997913,2.4
T4_NC_w4_ND,T4,Ci,NC,4,ND,blue,864.3006263048017,2.4
T4_NC_w4_ND,T4,Ci,NC,4,ND,blue,866.179540709812,2.3
T4_NC_w4_ND,T4,Ci,NC,4,ND,blue,868.0584551148226,2.2
T4_NC_w4_ND,T4,Ci,NC,4,ND,blue,869.9373695198329,2.2
T4_NC_w4_ND,T4,Ci,NC,4,ND,blue,871.8162839248432,2.15
T4_NC_w4_ND,T4,Ci,NC,4,ND,blue,873.6951983298538,2.1
T4_NC_w4_ND,T4,Ci,NC,4,ND,blue,875.5741127348642,2.15
T4_NC_w4_ND,T4,Ci,NC,4,ND,blue,877.4530271398746,2.15
T4_NC_w4_ND,T4,Ci,NC,4,ND,blue,879.3319415448851,2.05
T4_NC_w4_ND,T4,Ci,NC,4,ND,blue,881.2108559498956,2.15
T4_NC_w4_ND,T4,Ci,NC,4,ND,blue,883.089770354906,2.05
T4_NC_w4_ND,T4,Ci,NC,4,ND,blue,884.9686847599164,1.95
T4_NC_w4_ND,T4,Ci,NC,4,ND,blue,886.8475991649269,1.9
T4_NC_w4_ND,T4,Ci,NC,4,ND,blue,888.7265135699373,1.95
T4_NC_w4_ND,T4,Ci,NC,4,ND,blue,890.6054279749477,1.95
T4_NC_w4_ND,T4,Ci,NC,4,ND,blue,892.4843423799581,1.95
T4_NC_w4_ND,T4,Ci,NC,4,ND,blue,894.3632567849687,2.0
T4_NC_w4_ND,T4,Ci,NC,4,ND,blue,896.2421711899791,2.05
T4_NC_w4_ND,T4,Ci,NC,4,ND,blue,898.1210855949895,2.05
T4_NC_w4_ND,T4,Ci,NC,4,ND,blue,899.9999999999999,2.15
T4_NC_w4_ND,T4,Ci,NC,4,ND,blue,901.8789144050104,2.2
T4_NC_w4_ND,T4,Ci,NC,4,ND,blue,903.7578288100208,2.2
T4_NC_w4_ND,T4,Ci,NC,4,ND,blue,905.6367432150312,2.2
T4_NC_w4_ND,T4,Ci,NC,4,ND,blue,907.5156576200416,2.2
T4_NC_w4_ND,T4,Ci,NC,4,ND,blue,909.3945720250522,2.2
T4_NC_w4_ND,T4,Ci,NC,4,ND,blue,911.2734864300626,2.2
T5_PC_w1_PD,T5,Cii,PC,1,PD,red,0.0,0.0
T5_PC_w1_PD,T5,Cii,PC,1,PD,red,1.8556701030927911,0.0
T5_PC_w1_PD,T5,Cii,PC,1,PD,red,3.7113402061855822,0.05
T5_PC_w1_PD,T5,Cii,PC,1,PD,red,5.567010309278373,0.05
T5_PC_w1_PD,T5,Cii,PC,1,PD,red,7.422680412371108,0.05
T5_PC_w1_PD,T5,Cii,PC,1,PD,red,9.278350515463899,0.1
T5_PC_w1_PD,T5,Cii,PC,1,PD,red,11.13402061855669,0.15
T5_PC_w1_PD,T5,Cii,PC,1,PD,red,12.989690721649481,0.2
T5_PC_w1_PD,T5,Cii,PC,1,PD,red,14.845360824742272,0.2
T5_PC_w1_PD,T5,Cii,PC,1,PD,red,16.701030927835063,0.2
T5_PC_w1_PD,T5,Cii,PC,1,PD,red,18.556701030927826,0.2
T5_PC_w1_PD,T5,Cii,PC,1,PD,red,20.412371134020646,0.2
T5_PC_w1_PD,T5,Cii,PC,1,PD,red,22.26804123711338,0.2
T5_PC_w1_PD,T5,Cii,PC,1,PD,red,24.123711340206242,0.2
T5_PC_w1_PD,T5,Cii,PC,1,PD,red,25.97938144329902,0.1
T5_PC_w1_PD,T5,Cii,PC,1,PD,red,27.835051546391753,0.1
T5_PC_w1_PD,T5,Cii,PC,1,PD,red,29.690721649484544,0.1
T5_PC_w1_PD,T5,Cii,PC,1,PD,red,31.546391752577335,0.1
T5_PC_w1_PD,T5,Cii,PC,1,PD,red,33.40206185567013,0.1
T5_PC_w1_PD,T5,Cii,PC,1,PD,red,35.25773195876286,0.1
T5_PC_w1_PD,T5,Cii,PC,1,PD,red,37.113402061855595,0.1
T5_PC_w1_PD,T5,Cii,PC,1,PD,red,38.9690721649484,0.1
T5_PC_w1_PD,T5,Cii,PC,1,PD,red,40.82474226804118,0.1
T5_PC_w1_PD,T5,Cii,PC,1,PD,red,42.68041237113404,0.1
T5_PC_w1_PD,T5,Cii,PC,1,PD,red,44.536082474226816,0.1
T5_PC_w1_PD,T5,Cii,PC,1,PD,red,46.39175257731959,0.1
T5_PC_w1_PD,T5,Cii,PC,1,PD,red,48.24742268041234,0.1
T5_PC_w1_PD,T5,Cii,PC,1,PD,red,50.10309278350512,0.1
T5_PC_w1_PD,T5,Cii,PC,1,PD,red,51.958762886597924,0.05
T5_PC_w1_PD,T5,Cii,PC,1,PD,red,53.814432989690715,0.0
T5_PC_w1_PD,T5,Cii,PC,1,PD,red,55.670103092783506,0.0
T5_PC_w1_PD,T5,Cii,PC,1,PD,red,57.5257731958763,0.0
T5_PC_w1_PD,T5,Cii,PC,1,PD,red,59.381443298969074,0.0
T5_PC_w1_PD,T5,Cii,PC,1,PD,red,61.23711340206188,0.0
T5_PC_w1_PD,T5,Cii,PC,1,PD,red,63.09278350515473,0.0
T5_PC_w1_PD,T5,Cii,PC,1,PD,red,64.9484536082474,0.05
T5_PC_w1_PD,T5,Cii,PC,1,PD,red,66.8041237113402,0.15
T5_PC_w1_PD,T5,Cii,PC,1,PD,red,68.65979381443299,0.25
T5_PC_w1_PD,T5,Cii,PC,1,PD,red,70.51546391752578,0.3
T5_PC_w1_PD,T5,Cii,PC,1,PD,red,72.37113402061857,0.3
T5_PC_w1_PD,T5,Cii,PC,1,PD,red,74.2268041237113,0.3
T5_PC_w1_PD,T5,Cii,PC,1,PD,red,76.0824742268041,0.3
T5_PC_w1_PD,T5,Cii,PC,1,PD,red,77.93814432989689,0.3
T5_PC_w1_PD,T5,Cii,PC,1,PD,red,79.79381443298968,0.3
T5_PC_w1_PD,T5,Cii,PC,1,PD,red,81.64948453608247,0.3
T5_PC_w1_PD,T5,Cii,PC,1,PD,red,83.5051546391752,0.3
T5_PC_w1_PD,T5,Cii,PC,1,PD,red,85.360824742268,0.3
T5_PC_w1_PD,T5,Cii,PC,1,PD,red,87.21649484536078,0.3
T5_PC_w1_PD,T5,Cii,PC,1,PD,red,89.07216494845358,0.3
T5_PC_w1_PD,T5,Cii,PC,1,PD,red,90.92783505154635,0.35
T5_PC_w1_PD,T5,Cii,PC,1,PD,red,92.78350515463916,0.35
T5_PC_w1_PD,T5,Cii,PC,1,PD,red,94.63917525773195,0.35
T5_PC_w1_PD,T5,Cii,PC,1,PD,red,96.49484536082474,0.35
T5_PC_w1_PD,T5,Cii,PC,1,PD,red,98.35051546391752,0.35
T5_PC_w1_PD,T5,Cii,PC,1,PD,red,100.20618556701032,0.35
T5_PC_w1_PD,T5,Cii,PC,1,PD,red,102.06185567010311,0.35
T5_PC_w1_PD,T5,Cii,PC,1,PD,red,103.9175257731959,0.3
T5_PC_w1_PD,T5,Cii,PC,1,PD,red,105.77319587628864,0.25
T5_PC_w1_PD,T5,Cii,PC,1,PD,red,107.62886597938143,0.15
T5_PC_w1_PD,T5,Cii,PC,1,PD,red,109.48453608247422,0.1
T5_PC_w1_PD,T5,Cii,PC,1,PD,red,111.340206185567,0.1
T5_PC_w1_PD,T5,Cii,PC,1,PD,red,113.1958762886598,0.05
T5_PC_w1_PD,T5,Cii,PC,1,PD,red,115.0515463917526,0.05
T5_PC_w1_PD,T5,Cii,PC,1,PD,red,116.90721649484531,0.05
T5_PC_w1_PD,T5,Cii,PC,1,PD,red,118.76288659793818,0.0
T5_PC_w1_PD,T5,Cii,PC,1,PD,red,120.61855670103093,0.0
T5_PC_w1_PD,T5,Cii,PC,1,PD,red,122.4742268041237,0.0
T5_PC_w1_PD,T5,Cii,PC,1,PD,red,124.3298969072165,0.0
T5_PC_w1_PD,T5,Cii,PC,1,PD,red,126.18556701030928,-0.1
T5_PC_w1_PD,T5,Cii,PC,1,PD,red,128.04123711340208,-0.1
T5_PC_w1_PD,T5,Cii,PC,1,PD,red,129.8969072164948,-0.1
T5_PC_w1_PD,T5,Cii,PC,1,PD,red,131.75257731958766,-0.1
T5_PC_w1_PD,T5,Cii,PC,1,PD,red,133.6082474226804,-0.1
T5_PC_w1_PD,T5,Cii,PC,1,PD,red,135.46391752577318,-0.1
T5_PC_w1_PD,T5,Cii,PC,1,PD,red,137.31958762886595,-0.1
T5_PC_w1_PD,T5,Cii,PC,1,PD,red,139.17525773195882,-0.1
T5_PC_w1_PD,T5,Cii,PC,1,PD,red,141.03092783505156,-0.05
T5_PC_w1_PD,T5,Cii,PC,1,PD,red,142.88659793814435,-0.05
T5_PC_w1_PD,T5,Cii,PC,1,PD,red,144.74226804123714,-0.05
T5_PC_w1_PD,T5,Cii,PC,1,PD,red,146.59793814432987,-0.05
T5_PC_w1_PD,T5,Cii,PC,1,PD,red,148.45360824742272,0.0
T5_PC_w1_PD,T5,Cii,PC,1,PD,red,150.30927835051546,0.0
T5_PC_w1_PD,T5,Cii,PC,1,PD,red,152.1649484536083,0.05
T5_PC_w1_PD,T5,Cii,PC,1,PD,red,154.02061855670104,0.05
T5_PC_w1_PD,T5,Cii,PC,1,PD,red,155.87628865979383,0.1
T5_PC_w1_PD,T5,Cii,PC,1,PD,red,157.73195876288662,0.1
T5_PC_w1_PD,T5,Cii,PC,1,PD,red,159.58762886597935,0.15
T5_PC_w1_PD,T5,Cii,PC,1,PD,red,161.4432989690722,0.15
T5_PC_w1_PD,T5,Cii,PC,1,PD,red,163.29896907216494,0.2
T5_PC_w1_PD,T5,Cii,PC,1,PD,red,165.15463917525773,0.2
T5_PC_w1_PD,T5,Cii,PC,1,PD,red,167.01030927835052,0.3
T5_PC_w1_PD,T5,Cii,PC,1,PD,red,168.8659793814433,0.3
T5_PC_w1_PD,T5,Cii,PC,1,PD,red,170.7216494845361,0.3
T5_PC_w1_PD,T5,Cii,PC,1,PD,red,172.57731958762878,0.3
T5_PC_w1_PD,T5,Cii,PC,1,PD,red,174.43298969072168,0.3
T5_PC_w1_PD,T5,Cii,PC,1,PD,red,176.28865979381442,0.3
T5_PC_w1_PD,T5,Cii,PC,1,PD,red,178.1443298969072,0.35
T5_PC_w1_PD,T5,Cii,PC,1,PD,red,180.0,0.35
T5_PC_w1_PD,T5,Cii,PC,1,PD,red,181.8556701030928,0.35
T5_PC_w1_PD,T5,Cii,PC,1,PD,red,183.7113402061856,0.45
T5_PC_w1_PD,T5,Cii,PC,1,PD,red,185.5670103092784,0.55
T5_PC_w1_PD,T5,Cii,PC,1,PD,red,187.4226804123712,0.7
T5_PC_w1_PD,T5,Cii,PC,1,PD,red,189.278350515464,0.85
T5_PC_w1_PD,T5,Cii,PC,1,PD,red,191.13402061855675,1.0
T5_PC_w1_PD,T5,Cii,PC,1,PD,red,192.98969072164948,1.1
T5_PC_w1_PD,T5,Cii,PC,1,PD,red,194.84536082474227,1.2
T5_PC_w1_PD,T5,Cii,PC,1,PD,red,196.70103092783503,1.3
T5_PC_w1_PD,T5,Cii,PC,1,PD,red,198.55670103092783,1.5
T5_PC_w1_PD,T5,Cii,PC,1,PD,red,200.41237113402067,1.65
T5_PC_w1_PD,T5,Cii,PC,1,PD,red,202.2680412371134,1.75
T5_PC_w1_PD,T5,Cii,PC,1,PD,red,204.1237113402062,1.85
T5_PC_w1_PD,T5,Cii,PC,1,PD,red,205.97938144329896,1.95
T5_PC_w1_PD,T5,Cii,PC,1,PD,red,207.83505154639167,2.1
T5_PC_w1_PD,T5,Cii,PC,1,PD,red,209.6907216494845,2.15
T5_PC_w1_PD,T5,Cii,PC,1,PD,red,211.5463917525773,2.25
T5_PC_w1_PD,T5,Cii,PC,1,PD,red,213.4020618556701,2.3
T5_PC_w1_PD,T5,Cii,PC,1,PD,red,215.2577319587629,2.35
T5_PC_w1_PD,T5,Cii,PC,1,PD,red,217.11340206185568,2.35
T5_PC_w1_PD,T5,Cii,PC,1,PD,red,218.96907216494844,2.4
T5_PC_w1_PD,T5,Cii,PC,1,PD,red,220.8247422680412,2.4
T5_PC_w1_PD,T5,Cii,PC,1,PD,red,222.68041237113405,2.4
T5_PC_w1_PD,T5,Cii,PC,1,PD,red,224.5360824742268,2.5
T5_PC_w1_PD,T5,Cii,PC,1,PD,red,226.3917525773196,2.55
T5_PC_w1_PD,T5,Cii,PC,1,PD,red,228.2474226804124,2.6
T5_PC_w1_PD,T5,Cii,PC,1,PD,red,230.1030927835052,2.75
T5_PC_w1_PD,T5,Cii,PC,1,PD,red,231.95876288659792,2.85
T5_PC_w1_PD,T5,Cii,PC,1,PD,red,233.81443298969072,2.9
T5_PC_w1_PD,T5,Cii,PC,1,PD,red,235.6701030927836,3.05
T5_PC_w1_PD,T5,Cii,PC,1,PD,red,237.5257731958763,3.15
T5_PC_w1_PD,T5,Cii,PC,1,PD,red,239.3814432989691,3.2
T5_PC_w1_PD,T5,Cii,PC,1,PD,red,241.23711340206188,3.25
T5_PC_w1_PD,T5,Cii,PC,1,PD,red,243.09278350515464,3.3
T5_PC_w1_PD,T5,Cii,PC,1,PD,red,244.9484536082474,3.3
T5_PC_w1_PD,T5,Cii,PC,1,PD,red,246.8041237113402,3.35
T5_PC_w1_PD,T5,Cii,PC,1,PD,red,248.65979381443304,3.45
T5_PC_w1_PD,T5,Cii,PC,1,PD,red,250.5154639175258,3.45
T5_PC_w1_PD,T5,Cii,PC,1,PD,red,252.37113402061857,3.55
T5_PC_w1_PD,T5,Cii,PC,1,PD,red,254.22680412371136,3.6
T5_PC_w1_PD,T5,Cii,PC,1,PD,red,256.0824742268041,3.7
T5_PC_w1_PD,T5,Cii,PC,1,PD,red,257.9381443298969,3.75
T5_PC_w1_PD,T5,Cii,PC,1,PD,red,259.7938144329897,3.85
T5_PC_w1_PD,T5,Cii,PC,1,PD,red,261.64948453608247,3.9
T5_PC_w1_PD,T5,Cii,PC,1,PD,red,263.5051546391752,4.05
T5_PC_w1_PD,T5,Cii,PC,1,PD,red,265.36082474226805,4.15
T5_PC_w1_PD,T5,Cii,PC,1,PD,red,267.2164948453608,4.35
T5_PC_w1_PD,T5,Cii,PC,1,PD,red,269.07216494845363,4.5
T5_PC_w1_PD,T5,Cii,PC,1,PD,red,270.9278350515464,4.65
T5_PC_w1_PD,T5,Cii,PC,1,PD,red,272.7835051546392,4.75
T5_PC_w1_PD,T5,Cii,PC,1,PD,red,274.63917525773195,4.85
T5_PC_w1_PD,T5,Cii,PC,1,PD,red,276.4948453608248,5.0
T5_PC_w1_PD,T5,Cii,PC,1,PD,red,278.35051546391753,5.0
T5_PC_w1_PD,T5,Cii,PC,1,PD,red,280.2061855670103,5.0
T5_PC_w1_PD,T5,Cii,PC,1,PD,red,282.0618556701031,5.05
T5_PC_w1_PD,T5,Cii,PC,1,PD,red,283.9175257731959,5.3
T5_PC_w1_PD,T5,Cii,PC,1,PD,red,285.77319587628864,5.4
T5_PC_w1_PD,T5,Cii,PC,1,PD,red,287.62886597938143,5.55
T5_PC_w1_PD,T5,Cii,PC,1,PD,red,289.4845360824742,5.7
T5_PC_w1_PD,T5,Cii,PC,1,PD,red,291.340206185567,5.95
T5_PC_w1_PD,T5,Cii,PC,1,PD,red,293.1958762886598,6.2
T5_PC_w1_PD,T5,Cii,PC,1,PD,red,295.0515463917526,6.35
T5_PC_w1_PD,T5,Cii,PC,1,PD,red,296.9072164948454,6.55
T5_PC_w1_PD,T5,Cii,PC,1,PD,red,298.7628865979381,6.65
T5_PC_w1_PD,T5,Cii,PC,1,PD,red,300.6185567010309,6.85
T5_PC_w1_PD,T5,Cii,PC,1,PD,red,302.4742268041237,7.0
T5_PC_w1_PD,T5,Cii,PC,1,PD,red,304.3298969072165,7.1
T5_PC_w1_PD,T5,Cii,PC,1,PD,red,306.1855670103093,7.2
T5_PC_w1_PD,T5,Cii,PC,1,PD,red,308.0412371134021,7.25
T5_PC_w1_PD,T5,Cii,PC,1,PD,red,309.89690721649487,7.3
T5_PC_w1_PD,T5,Cii,PC,1,PD,red,311.75257731958766,7.45
T5_PC_w1_PD,T5,Cii,PC,1,PD,red,313.6082474226804,7.6
T5_PC_w1_PD,T5,Cii,PC,1,PD,red,315.4639175257732,7.85
T5_PC_w1_PD,T5,Cii,PC,1,PD,red,317.319587628866,8.0
T5_PC_w1_PD,T5,Cii,PC,1,PD,red,319.1752577319588,8.25
T5_PC_w1_PD,T5,Cii,PC,1,PD,red,321.0309278350516,8.55
T5_PC_w1_PD,T5,Cii,PC,1,PD,red,322.88659793814435,8.8
T5_PC_w1_PD,T5,Cii,PC,1,PD,red,324.74226804123714,9.0
T5_PC_w1_PD,T5,Cii,PC,1,PD,red,326.5979381443299,9.25
T5_PC_w1_PD,T5,Cii,PC,1,PD,red,328.45360824742266,9.45
T5_PC_w1_PD,T5,Cii,PC,1,PD,red,330.30927835051546,9.55
T5_PC_w1_PD,T5,Cii,PC,1,PD,red,332.16494845360825,9.7
T5_PC_w1_PD,T5,Cii,PC,1,PD,red,334.02061855670104,9.8
T5_PC_w1_PD,T5,Cii,PC,1,PD,red,335.87628865979383,9.85
T5_PC_w1_PD,T5,Cii,PC,1,PD,red,337.7319587628866,9.9
T5_PC_w1_PD,T5,Cii,PC,1,PD,red,339.5876288659794,9.95
T5_PC_w1_PD,T5,Cii,PC,1,PD,red,341.4432989690721,10.0
T5_PC_w1_PD,T5,Cii,PC,1,PD,red,343.29896907216494,10.15
T5_PC_w1_PD,T5,Cii,PC,1,PD,red,345.1546391752577,10.25
T5_PC_w1_PD,T5,Cii,PC,1,PD,red,347.0103092783505,10.4
T5_PC_w1_PD,T5,Cii,PC,1,PD,red,348.8659793814433,10.5
T5_PC_w1_PD,T5,Cii,PC,1,PD,red,350.7216494845361,10.6
T5_PC_w1_PD,T5,Cii,PC,1,PD,red,352.5773195876289,10.75
T5_PC_w1_PD,T5,Cii,PC,1,PD,red,354.4329896907216,10.8
T5_PC_w1_PD,T5,Cii,PC,1,PD,red,356.2886597938144,10.8
T5_PC_w1_PD,T5,Cii,PC,1,PD,red,358.1443298969072,10.85
T5_PC_w1_PD,T5,Cii,PC,1,PD,red,360.0,10.9
T5_PC_w1_PD,T5,Cii,PC,1,PD,red,361.8556701030928,11.0
T5_PC_w1_PD,T5,Cii,PC,1,PD,red,363.7113402061856,11.15
T5_PC_w1_PD,T5,Cii,PC,1,PD,red,365.56701030927843,11.25
T5_PC_w1_PD,T5,Cii,PC,1,PD,red,367.42268041237116,11.4
T5_PC_w1_PD,T5,Cii,PC,1,PD,red,369.2783505154639,11.4
T5_PC_w1_PD,T5,Cii,PC,1,PD,red,371.1340206185567,11.4
T5_PC_w1_PD,T5,Cii,PC,1,PD,red,372.9896907216495,11.4
T5_PC_w1_PD,T5,Cii,PC,1,PD,red,374.8453608247423,11.4
T5_PC_w1_PD,T5,Cii,PC,1,PD,red,376.7010309278351,11.35
T5_PC_w1_PD,T5,Cii,PC,1,PD,red,378.5567010309279,11.3
T5_PC_w1_PD,T5,Cii,PC,1,PD,red,380.4123711340207,11.15
T5_PC_w1_PD,T5,Cii,PC,1,PD,red,382.2680412371134,11.05
T5_PC_w1_PD,T5,Cii,PC,1,PD,red,384.12371134020617,11.0
T5_PC_w1_PD,T5,Cii,PC,1,PD,red,385.97938144329896,11.0
T5_PC_w1_PD,T5,Cii,PC,1,PD,red,387.8350515463917,11.0
T5_PC_w1_PD,T5,Cii,PC,1,PD,red,389.6907216494845,11.0
T5_PC_w1_PD,T5,Cii,PC,1,PD,red,391.5463917525773,11.0
T5_PC_w1_PD,T5,Cii,PC,1,PD,red,393.4020618556701,11.05
T5_PC_w1_PD,T5,Cii,PC,1,PD,red,395.25773195876286,11.05
T5_PC_w1_PD,T5,Cii,PC,1,PD,red,397.11340206185565,11.05
T5_PC_w1_PD,T5,Cii,PC,1,PD,red,398.9690721649485,11.05
T5_PC_w1_PD,T5,Cii,PC,1,PD,red,400.8247422680412,11.05
T5_PC_w1_PD,T5,Cii,PC,1,PD,red,402.680412371134,10.9
T5_PC_w1_PD,T5,Cii,PC,1,PD,red,404.53608247422676,10.8
T5_PC_w1_PD,T5,Cii,PC,1,PD,red,406.3917525773196,10.6
T5_PC_w1_PD,T5,Cii,PC,1,PD,red,408.2474226804124,10.4
T5_PC_w1_PD,T5,Cii,PC,1,PD,red,410.10309278350513,10.2
T5_PC_w1_PD,T5,Cii,PC,1,PD,red,411.9587628865979,10.1
T5_PC_w1_PD,T5,Cii,PC,1,PD,red,413.8144329896907,9.85
T5_PC_w1_PD,T5,Cii,PC,1,PD,red,415.6701030927835,9.65
T5_PC_w1_PD,T5,Cii,PC,1,PD,red,417.5257731958763,9.55
T5_PC_w1_PD,T5,Cii,PC,1,PD,red,419.3814432989691,9.4
T5_PC_w1_PD,T5,Cii,PC,1,PD,red,421.2371134020619,9.25
T5_PC_w1_PD,T5,Cii,PC,1,PD,red,423.0927835051546,9.05
T5_PC_w1_PD,T5,Cii,PC,1,PD,red,424.9484536082474,8.9
T5_PC_w1_PD,T5,Cii,PC,1,PD,red,426.8041237113402,8.7
T5_PC_w1_PD,T5,Cii,PC,1,PD,red,428.659793814433,8.55
T5_PC_w1_PD,T5,Cii,PC,1,PD,red,430.5154639175258,8.35
T5_PC_w1_PD,T5,Cii,PC,1,PD,red,432.37113402061857,8.15
T5_PC_w1_PD,T5,Cii,PC,1,PD,red,434.22680412371136,8.0
T5_PC_w1_PD,T5,Cii,PC,1,PD,red,436.0824742268041,7.8
T5_PC_w1_PD,T5,Cii,PC,1,PD,red,437.9381443298969,7.6
T5_PC_w1_PD,T5,Cii,PC,1,PD,red,439.7938144329897,7.4
T5_PC_w1_PD,T5,Cii,PC,1,PD,red,441.64948453608247,7.2
T5_PC_w1_PD,T5,Cii,PC,1,PD,red,443.50515463917526,7.0
T5_PC_w1_PD,T5,Cii,PC,1,PD,red,445.3608247422681,6.75
T5_PC_w1_PD,T5,Cii,PC,1,PD,red,447.2164948453608,6.55
T5_PC_w1_PD,T5,Cii,PC,1,PD,red,449.0721649484536,6.35
T5_PC_w1_PD,T5,Cii,PC,1,PD,red,450.9278350515464,6.15
T5_PC_w1_PD,T5,Cii,PC,1,PD,red,452.7835051546392,5.9
T5_PC_w1_PD,T5,Cii,PC,1,PD,red,454.639175257732,5.8
T5_PC_w1_PD,T5,Cii,PC,1,PD,red,456.4948453608248,5.65
T5_PC_w1_PD,T5,Cii,PC,1,PD,red,458.35051546391753,5.5
T5_PC_w1_PD,T5,Cii,PC,1,PD,red,460.2061855670103,5.35
T5_PC_w1_PD,T5,Cii,PC,1,PD,red,462.0618556701031,5.3
T5_PC_w1_PD,T5,Cii,PC,1,PD,red,463.9175257731959,5.15
T5_PC_w1_PD,T5,Cii,PC,1,PD,red,465.77319587628864,4.95
T5_PC_w1_PD,T5,Cii,PC,1,PD,red,467.6288659793815,4.85
T5_PC_w1_PD,T5,Cii,PC,1,PD,red,469.4845360824743,4.7
T5_PC_w1_PD,T5,Cii,PC,1,PD,red,471.3402061855671,4.5
T5_PC_w1_PD,T5,Cii,PC,1,PD,red,473.1958762886598,4.35
T5_PC_w1_PD,T5,Cii,PC,1,PD,red,475.0515463917526,4.25
T5_PC_w1_PD,T5,Cii,PC,1,PD,red,476.9072164948454,4.05
T5_PC_w1_PD,T5,Cii,PC,1,PD,red,478.7628865979382,3.9
T5_PC_w1_PD,T5,Cii,PC,1,PD,red,480.6185567010309,3.8
T5_PC_w1_PD,T5,Cii,PC,1,PD,red,482.4742268041237,3.6
T5_PC_w1_PD,T5,Cii,PC,1,PD,red,484.3298969072165,3.4
T5_PC_w1_PD,T5,Cii,PC,1,PD,red,486.1855670103093,3.2
T5_PC_w1_PD,T5,Cii,PC,1,PD,red,488.041237113402,3.0
T5_PC_w1_PD,T5,Cii,PC,1,PD,red,489.8969072164948,2.8
T5_PC_w1_PD,T5,Cii,PC,1,PD,red,491.7525773195876,2.65
T5_PC_w1_PD,T5,Cii,PC,1,PD,red,493.6082474226804,2.5
T5_PC_w1_PD,T5,Cii,PC,1,PD,red,495.4639175257733,2.3
T5_PC_w1_PD,T5,Cii,PC,1,PD,red,497.319587628866,2.15
T5_PC_w1_PD,T5,Cii,PC,1,PD,red,499.1752577319588,2.05
T5_PC_w1_PD,T5,Cii,PC,1,PD,red,501.0309278350516,1.95
T5_PC_w1_PD,T5,Cii,PC,1,PD,red,502.8865979381444,1.85
T5_PC_w1_PD,T5,Cii,PC,1,PD,red,504.74226804123714,1.75
T5_PC_w1_PD,T5,Cii,PC,1,PD,red,506.59793814433,1.65
T5_PC_w1_PD,T5,Cii,PC,1,PD,red,508.45360824742266,1.55
T5_PC_w1_PD,T5,Cii,PC,1,PD,red,510.30927835051546,1.45
T5_PC_w1_PD,T5,Cii,PC,1,PD,red,512.1649484536082,1.4
T5_PC_w1_PD,T5,Cii,PC,1,PD,red,514.0206185567009,1.3
T5_PC_w1_PD,T5,Cii,PC,1,PD,red,515.8762886597938,1.25
T5_PC_w1_PD,T5,Cii,PC,1,PD,red,517.7319587628865,1.2
T5_PC_w1_PD,T5,Cii,PC,1,PD,red,519.5876288659792,1.15
T5_PC_w1_PD,T5,Cii,PC,1,PD,red,521.4432989690721,1.0
T5_PC_w1_PD,T5,Cii,PC,1,PD,red,523.2989690721649,0.9
T5_PC_w1_PD,T5,Cii,PC,1,PD,red,525.1546391752577,0.8
T5_PC_w1_PD,T5,Cii,PC,1,PD,red,527.0103092783505,0.7
T5_PC_w1_PD,T5,Cii,PC,1,PD,red,528.8659793814433,0.65
T5_PC_w1_PD,T5,Cii,PC,1,PD,red,530.7216494845361,0.6
T5_PC_w1_PD,T5,Cii,PC,1,PD,red,532.5773195876288,0.45
T5_PC_w1_PD,T5,Cii,PC,1,PD,red,534.4329896907216,0.4
T5_PC_w1_PD,T5,Cii,PC,1,PD,red,536.2886597938144,0.3
T5_PC_w1_PD,T5,Cii,PC,1,PD,red,538.1443298969073,0.2
T5_PC_w1_PD,T5,Cii,PC,1,PD,red,539.9999999999999,0.1
T5_PC_w1_PD,T5,Cii,PC,1,PD,red,541.8556701030927,0.0
T5_PC_w1_PD,T5,Cii,PC,1,PD,red,543.7113402061855,0.0
T5_PC_w1_PD,T5,Cii,PC,1,PD,red,545.5670103092783,-0.05
T5_PC_w1_PD,T5,Cii,PC,1,PD,red,547.4226804123712,-0.15
T5_PC_w1_PD,T5,Cii,PC,1,PD,red,549.2783505154638,-0.2
T5_PC_w1_PD,T5,Cii,PC,1,PD,red,551.1340206185569,-0.25
T5_PC_w1_PD,T5,Cii,PC,1,PD,red,552.9896907216495,-0.35
T5_PC_w1_PD,T5,Cii,PC,1,PD,red,554.8453608247422,-0.4
T5_PC_w1_PD,T5,Cii,PC,1,PD,red,556.7010309278351,-0.45
T5_PC_w1_PD,T5,Cii,PC,1,PD,red,558.5567010309278,-0.55
T5_PC_w1_PD,T5,Cii,PC,1,PD,red,560.4123711340205,-0.65
T5_PC_w1_PD,T5,Cii,PC,1,PD,red,562.2680412371134,-0.7
T5_PC_w1_PD,T5,Cii,PC,1,PD,red,564.1237113402061,-0.75
T5_PC_w1_PD,T5,Cii,PC,1,PD,red,565.979381443299,-0.85
T5_PC_w1_PD,T5,Cii,PC,1,PD,red,567.8350515463917,-0.95
T5_PC_w1_PD,T5,Cii,PC,1,PD,red,569.6907216494844,-1.05
T5_PC_w1_PD,T5,Cii,PC,1,PD,red,571.5463917525773,-1.1
T5_PC_w1_PD,T5,Cii,PC,1,PD,red,573.40206185567,-1.1
T5_PC_w1_PD,T5,Cii,PC,1,PD,red,575.2577319587629,-1.1
T5_PC_w1_PD,T5,Cii,PC,1,PD,red,577.1134020618556,-1.1
T5_PC_w1_PD,T5,Cii,PC,1,PD,red,578.9690721649486,-1.1
T5_PC_w1_PD,T5,Cii,PC,1,PD,red,580.8247422680412,-1.15
T5_PC_w1_PD,T5,Cii,PC,1,PD,red,582.680412371134,-1.2
T5_PC_w1_PD,T5,Cii,PC,1,PD,red,584.5360824742268,-1.2
T5_PC_w1_PD,T5,Cii,PC,1,PD,red,586.3917525773196,-1.2
T5_PC_w1_PD,T5,Cii,PC,1,PD,red,588.2474226804123,-1.2
T5_PC_w1_PD,T5,Cii,PC,1,PD,red,590.1030927835051,-1.2
T5_PC_w1_PD,T5,Cii,PC,1,PD,red,591.9587628865979,-1.2
T5_PC_w1_PD,T5,Cii,PC,1,PD,red,593.8144329896907,-1.2
T5_PC_w1_PD,T5,Cii,PC,1,PD,red,595.6701030927834,-1.25
T5_PC_w1_PD,T5,Cii,PC,1,PD,red,597.5257731958761,-1.25
T5_PC_w1_PD,T5,Cii,PC,1,PD,red,599.381443298969,-1.25
T5_PC_w1_PD,T5,Cii,PC,1,PD,red,601.2371134020618,-1.25
T5_PC_w1_PD,T5,Cii,PC,1,PD,red,603.0927835051546,-1.2
T5_PC_w1_PD,T5,Cii,PC,1,PD,red,604.9484536082473,-1.2
T5_PC_w1_PD,T5,Cii,PC,1,PD,red,606.8041237113403,-1.2
T5_PC_w1_PD,T5,Cii,PC,1,PD,red,608.659793814433,-1.2
T5_PC_w1_PD,T5,Cii,PC,1,PD,red,610.5154639175257,-1.2
T5_PC_w1_PD,T5,Cii,PC,1,PD,red,612.3711340206186,-1.2
T5_PC_w1_PD,T5,Cii,PC,1,PD,red,614.2268041237113,-1.2
T5_PC_w1_PD,T5,Cii,PC,1,PD,red,616.0824742268039,-1.2
T5_PC_w1_PD,T5,Cii,PC,1,PD,red,617.9381443298969,-1.2
T5_PC_w1_PD,T5,Cii,PC,1,PD,red,619.7938144329896,-1.2
T5_PC_w1_PD,T5,Cii,PC,1,PD,red,621.6494845360825,-1.2
T5_PC_w1_PD,T5,Cii,PC,1,PD,red,623.5051546391752,-1.2
T5_PC_w1_PD,T5,Cii,PC,1,PD,red,625.360824742268,-1.3
T5_PC_w1_PD,T5,Cii,PC,1,PD,red,627.2164948453608,-1.3
T5_PC_w1_PD,T5,Cii,PC,1,PD,red,629.0721649484535,-1.3
T5_PC_w1_PD,T5,Cii,PC,1,PD,red,630.9278350515463,-1.3
T5_PC_w1_PD,T5,Cii,PC,1,PD,red,632.7835051546391,-1.3
T5_PC_w1_PD,T5,Cii,PC,1,PD,red,634.6391752577318,-1.3
T5_PC_w1_PD,T5,Cii,PC,1,PD,red,636.4948453608247,-1.3
T5_PC_w1_PD,T5,Cii,PC,1,PD,red,638.3505154639175,-1.35
T5_PC_w1_PD,T5,Cii,PC,1,PD,red,640.2061855670104,-1.35
T5_PC_w1_PD,T5,Cii,PC,1,PD,red,642.0618556701031,-1.4
T5_PC_w1_PD,T5,Cii,PC,1,PD,red,643.9175257731958,-1.4
T5_PC_w1_PD,T5,Cii,PC,1,PD,red,645.7731958762886,-1.4
T5_PC_w1_PD,T5,Cii,PC,1,PD,red,647.6288659793814,-1.4
T5_PC_w1_PD,T5,Cii,PC,1,PD,red,649.4845360824742,-1.45
T5_PC_w1_PD,T5,Cii,PC,1,PD,red,651.3402061855669,-1.45
T5_PC_w1_PD,T5,Cii,PC,1,PD,red,653.1958762886597,-1.45
T5_PC_w1_PD,T5,Cii,PC,1,PD,red,655.0515463917525,-1.5
T5_PC_w1_PD,T5,Cii,PC,1,PD,red,656.9072164948452,-1.5
T5_PC_w1_PD,T5,Cii,PC,1,PD,red,658.7628865979381,-1.5
T5_PC_w1_PD,T5,Cii,PC,1,PD,red,660.6185567010308,-1.5
T5_PC_w1_PD,T5,Cii,PC,1,PD,red,662.4742268041236,-1.5
T5_PC_w1_PD,T5,Cii,PC,1,PD,red,664.3298969072165,-1.5
T5_PC_w1_PD,T5,Cii,PC,1,PD,red,666.1855670103092,-1.45
T5_PC_w1_PD,T5,Cii,PC,1,PD,red,668.0412371134021,-1.45
T5_PC_w1_PD,T5,Cii,PC,1,PD,red,669.8969072164948,-1.4
T5_PC_w1_PD,T5,Cii,PC,1,PD,red,671.7525773195875,-1.35
T5_PC_w1_PD,T5,Cii,PC,1,PD,red,673.6082474226804,-1.3
T5_PC_w1_PD,T5,Cii,PC,1,PD,red,675.4639175257731,-1.2
T5_PC_w1_PD,T5,Cii,PC,1,PD,red,677.319587628866,-1.2
T5_PC_w1_PD,T5,Cii,PC,1,PD,red,679.1752577319587,-1.2
T5_PC_w1_PD,T5,Cii,PC,1,PD,red,681.0309278350514,-1.2
T5_PC_w1_PD,T5,Cii,PC,1,PD,red,682.8865979381443,-1.2
T5_PC_w1_PD,T5,Cii,PC,1,PD,red,684.742268041237,-1.2
T5_PC_w1_PD,T5,Cii,PC,1,PD,red,686.5979381443298,-1.2
T5_PC_w1_PD,T5,Cii,PC,1,PD,red,688.4536082474226,-1.2
T5_PC_w1_PD,T5,Cii,PC,1,PD,red,690.3092783505153,-1.25
T5_PC_w1_PD,T5,Cii,PC,1,PD,red,692.1649484536082,-1.3
T5_PC_w1_PD,T5,Cii,PC,1,PD,red,694.020618556701,-1.35
T5_PC_w1_PD,T5,Cii,PC,1,PD,red,695.8762886597938,-1.4
T5_PC_w1_PD,T5,Cii,PC,1,PD,red,697.7319587628866,-1.4
T5_PC_w1_PD,T5,Cii,PC,1,PD,red,699.5876288659794,-1.4
T5_PC_w1_PD,T5,Cii,PC,1,PD,red,701.4432989690721,-1.4
T5_PC_w1_PD,T5,Cii,PC,1,PD,red,703.2989690721649,-1.45
T5_PC_w1_PD,T5,Cii,PC,1,PD,red,705.1546391752577,-1.45
T5_PC_w1_PD,T5,Cii,PC,1,PD,red,707.0103092783504,-1.45
T5_PC_w1_PD,T5,Cii,PC,1,PD,red,708.8659793814433,-1.5
T5_PC_w1_PD,T5,Cii,PC,1,PD,red,710.721649484536,-1.5
T5_PC_w1_PD,T5,Cii,PC,1,PD,red,712.5773195876288,-1.5
T5_PC_w1_PD,T5,Cii,PC,1,PD,red,714.4329896907216,-1.55
T5_PC_w1_PD,T5,Cii,PC,1,PD,red,716.2886597938143,-1.55
T5_PC_w1_PD,T5,Cii,PC,1,PD,red,718.1443298969072,-1.55
T5_PC_w1_PD,T5,Cii,PC,1,PD,red,720.0,-1.55
T5_PC_w1_PD,T5,Cii,PC,1,PD,red,721.8556701030927,-1.55
T5_PC_w1_PD,T5,Cii,PC,1,PD,red,723.7113402061856,-1.5
T5_PC_w1_PD,T5,Cii,PC,1,PD,red,725.5670103092783,-1.5
T5_PC_w1_PD,T5,Cii,PC,1,PD,red,727.422680412371,-1.5
T5_PC_w1_PD,T5,Cii,PC,1,PD,red,729.2783505154639,-1.5
T5_PC_w1_PD,T5,Cii,PC,1,PD,red,731.1340206185566,-1.5
T5_PC_w1_PD,T5,Cii,PC,1,PD,red,732.9896907216495,-1.5
T5_PC_w1_PD,T5,Cii,PC,1,PD,red,734.8453608247422,-1.45
T5_PC_w1_PD,T5,Cii,PC,1,PD,red,736.7010309278348,-1.45
T5_PC_w1_PD,T5,Cii,PC,1,PD,red,738.5567010309278,-1.45
T5_PC_w1_PD,T5,Cii,PC,1,PD,red,740.4123711340205,-1.45
T5_PC_w1_PD,T5,Cii,PC,1,PD,red,742.2680412371133,-1.4
T5_PC_w1_PD,T5,Cii,PC,1,PD,red,744.1237113402061,-1.4
T5_PC_w1_PD,T5,Cii,PC,1,PD,red,745.9793814432988,-1.4
T5_PC_w1_PD,T5,Cii,PC,1,PD,red,747.8350515463917,-1.4
T5_PC_w1_PD,T5,Cii,PC,1,PD,red,749.6907216494845,-1.4
T5_PC_w1_PD,T5,Cii,PC,1,PD,red,751.5463917525773,-1.4
T5_PC_w1_PD,T5,Cii,PC,1,PD,red,753.4020618556701,-1.25
T5_PC_w1_PD,T5,Cii,PC,1,PD,red,755.2577319587629,-1.2
T5_PC_w1_PD,T5,Cii,PC,1,PD,red,757.1134020618556,-1.15
T5_PC_w1_PD,T5,Cii,PC,1,PD,red,758.9690721649484,-1.1
T5_PC_w1_PD,T5,Cii,PC,1,PD,red,760.8247422680412,-1.05
T5_PC_w1_PD,T5,Cii,PC,1,PD,red,762.6804123711339,-1.0
T5_PC_w1_PD,T5,Cii,PC,1,PD,red,764.5360824742268,-1.0
T5_PC_w1_PD,T5,Cii,PC,1,PD,red,766.3917525773195,-1.0
T5_PC_w1_PD,T5,Cii,PC,1,PD,red,768.2474226804123,-0.95
T5_PC_w1_PD,T5,Cii,PC,1,PD,red,770.1030927835051,-0.85
T5_PC_w1_PD,T5,Cii,PC,1,PD,red,771.9587628865978,-0.75
T5_PC_w1_PD,T5,Cii,PC,1,PD,red,773.8144329896907,-0.75
T5_PC_w1_PD,T5,Cii,PC,1,PD,red,775.6701030927835,-0.65
T5_PC_w1_PD,T5,Cii,PC,1,PD,red,777.5257731958762,-0.65
T5_PC_w1_PD,T5,Cii,PC,1,PD,red,779.3814432989691,-0.65
T5_PC_w1_PD,T5,Cii,PC,1,PD,red,781.2371134020618,-0.65
T5_PC_w1_PD,T5,Cii,PC,1,PD,red,783.0927835051546,-0.65
T5_PC_w1_PD,T5,Cii,PC,1,PD,red,784.9484536082474,-0.7
T5_PC_w1_PD,T5,Cii,PC,1,PD,red,786.8041237113401,-0.75
T5_PC_w1_PD,T5,Cii,PC,1,PD,red,788.659793814433,-0.8
T5_PC_w1_PD,T5,Cii,PC,1,PD,red,790.5154639175257,-0.8
T5_PC_w1_PD,T5,Cii,PC,1,PD,red,792.3711340206185,-0.8
T5_PC_w1_PD,T5,Cii,PC,1,PD,red,794.2268041237113,-0.8
T5_PC_w1_PD,T5,Cii,PC,1,PD,red,796.082474226804,-0.8
T5_PC_w1_PD,T5,Cii,PC,1,PD,red,797.9381443298968,-0.8
T5_PC_w1_PD,T5,Cii,PC,1,PD,red,799.7938144329896,-0.8
T5_PC_w1_PD,T5,Cii,PC,1,PD,red,801.6494845360824,-0.8
T5_PC_w1_PD,T5,Cii,PC,1,PD,red,803.5051546391752,-0.8
T5_PC_w1_PD,T5,Cii,PC,1,PD,red,805.360824742268,-0.8
T5_PC_w1_PD,T5,Cii,PC,1,PD,red,807.2164948453608,-0.8
T5_PC_w1_PD,T5,Cii,PC,1,PD,red,809.0721649484536,-0.8
T5_PC_w1_PD,T5,Cii,PC,1,PD,red,810.9278350515465,-0.8
T5_PC_w1_PD,T5,Cii,PC,1,PD,red,812.7835051546391,-0.8
T5_PC_w1_PD,T5,Cii,PC,1,PD,red,814.639175257732,-0.7
T5_PC_w1_PD,T5,Cii,PC,1,PD,red,816.4948453608247,-0.7
T5_PC_w1_PD,T5,Cii,PC,1,PD,red,818.3505154639174,-0.6
T5_PC_w1_PD,T5,Cii,PC,1,PD,red,820.2061855670104,-0.6
T5_PC_w1_PD,T5,Cii,PC,1,PD,red,822.061855670103,-0.5
T5_PC_w1_PD,T5,Cii,PC,1,PD,red,823.9175257731958,-0.5
T5_PC_w1_PD,T5,Cii,PC,1,PD,red,825.7731958762886,-0.5
T5_PC_w1_PD,T5,Cii,PC,1,PD,red,827.6288659793813,-0.5
T5_PC_w1_PD,T5,Cii,PC,1,PD,red,829.4845360824742,-0.5
T5_PC_w1_PD,T5,Cii,PC,1,PD,red,831.3402061855669,-0.5
T5_PC_w1_PD,T5,Cii,PC,1,PD,red,833.1958762886597,-0.5
T5_PC_w1_PD,T5,Cii,PC,1,PD,red,835.0515463917526,-0.5
T5_PC_w1_PD,T5,Cii,PC,1,PD,red,836.9072164948452,-0.5
T5_PC_w1_PD,T5,Cii,PC,1,PD,red,838.7628865979381,-0.5
T5_PC_w1_PD,T5,Cii,PC,1,PD,red,840.6185567010309,-0.5
T5_PC_w1_PD,T5,Cii,PC,1,PD,red,842.4742268041236,-0.5
T5_PC_w1_PD,T5,Cii,PC,1,PD,red,844.3298969072165,-0.55
T5_PC_w1_PD,T5,Cii,PC,1,PD,red,846.1855670103092,-0.55
T5_PC_w1_PD,T5,Cii,PC,1,PD,red,848.0412371134021,-0.55
T5_PC_w1_PD,T5,Cii,PC,1,PD,red,849.8969072164948,-0.6
T5_PC_w1_PD,T5,Cii,PC,1,PD,red,851.7525773195875,-0.6
T5_PC_w1_PD,T5,Cii,PC,1,PD,red,853.6082474226803,-0.65
T5_PC_w1_PD,T5,Cii,PC,1,PD,red,855.4639175257731,-0.7
T5_PC_w1_PD,T5,Cii,PC,1,PD,red,857.3195876288659,-0.7
T5_PC_w1_PD,T5,Cii,PC,1,PD,red,859.1752577319587,-0.7
T5_PC_w1_PD,T5,Cii,PC,1,PD,red,861.0309278350517,-0.7
T5_PC_w1_PD,T5,Cii,PC,1,PD,red,862.8865979381443,-0.7
T5_PC_w1_PD,T5,Cii,PC,1,PD,red,864.7422680412371,-0.7
T5_PC_w1_PD,T5,Cii,PC,1,PD,red,866.5979381443299,-0.7
T5_PC_w1_PD,T5,Cii,PC,1,PD,red,868.4536082474226,-0.65
T5_PC_w1_PD,T5,Cii,PC,1,PD,red,870.3092783505155,-0.6
T5_PC_w1_PD,T5,Cii,PC,1,PD,red,872.1649484536082,-0.5
T5_PC_w1_PD,T5,Cii,PC,1,PD,red,874.0206185567009,-0.5
T5_PC_w1_PD,T5,Cii,PC,1,PD,red,875.8762886597938,-0.4
T5_PC_w1_PD,T5,Cii,PC,1,PD,red,877.7319587628865,-0.4
T5_PC_w1_PD,T5,Cii,PC,1,PD,red,879.5876288659794,-0.4
T5_PC_w1_PD,T5,Cii,PC,1,PD,red,881.4432989690721,-0.4
T5_PC_w1_PD,T5,Cii,PC,1,PD,red,883.2989690721648,-0.4
T5_PC_w1_PD,T5,Cii,PC,1,PD,red,885.1546391752577,-0.4
T5_PC_w1_PD,T5,Cii,PC,1,PD,red,887.0103092783504,-0.35
T5_PC_w1_PD,T5,Cii,PC,1,PD,red,888.8659793814433,-0.35
T5_PC_w1_PD,T5,Cii,PC,1,PD,red,890.7216494845361,-0.3
T5_PC_w1_PD,T5,Cii,PC,1,PD,red,892.5773195876288,-0.25
T5_PC_w1_PD,T5,Cii,PC,1,PD,red,894.4329896907216,-0.15
T5_PC_w1_PD,T5,Cii,PC,1,PD,red,896.2886597938144,-0.05
T5_PC_w1_PD,T5,Cii,PC,1,PD,red,898.1443298969073,0.05
T5_PC_w1_PD,T5,Cii,PC,1,PD,red,900.0,0.05
T5_PC_w1_PD,T5,Cii,PC,1,PD,red,901.855670103093,0.05
T5_PC_w1_ND,T5,Cii,PC,1,ND,blue,0.0,0.0
T5_PC_w1_ND,T5,Cii,PC,1,ND,blue,3.7113402061855822,0.0
T5_PC_w1_ND,T5,Cii,PC,1,ND,blue,5.567010309278373,0.0
T5_PC_w1_ND,T5,Cii,PC,1,ND,blue,7.422680412371108,0.0
T5_PC_w1_ND,T5,Cii,PC,1,ND,blue,9.278350515463899,0.0
T5_PC_w1_ND,T5,Cii,PC,1,ND,blue,11.13402061855669,0.0
T5_PC_w1_ND,T5,Cii,PC,1,ND,blue,18.556701030927826,0.1
T5_PC_w1_ND,T5,Cii,PC,1,ND,blue,20.412371134020646,0.1
T5_PC_w1_ND,T5,Cii,PC,1,ND,blue,24.123711340206242,0.1
T5_PC_w1_ND,T5,Cii,PC,1,ND,blue,25.97938144329902,0.1
T5_PC_w1_ND,T5,Cii,PC,1,ND,blue,27.835051546391753,0.2
T5_PC_w1_ND,T5,Cii,PC,1,ND,blue,31.546391752577335,0.2
T5_PC_w1_ND,T5,Cii,PC,1,ND,blue,33.40206185567013,0.2
T5_PC_w1_ND,T5,Cii,PC,1,ND,blue,35.25773195876286,0.2
T5_PC_w1_ND,T5,Cii,PC,1,ND,blue,40.82474226804118,0.2
T5_PC_w1_ND,T5,Cii,PC,1,ND,blue,42.68041237113404,0.2
T5_PC_w1_ND,T5,Cii,PC,1,ND,blue,44.536082474226816,0.3
T5_PC_w1_ND,T5,Cii,PC,1,ND,blue,51.958762886597924,0.3
T5_PC_w1_ND,T5,Cii,PC,1,ND,blue,53.814432989690715,0.4
T5_PC_w1_ND,T5,Cii,PC,1,ND,blue,61.23711340206188,0.4
T5_PC_w1_ND,T5,Cii,PC,1,ND,blue,74.2268041237113,0.4
T5_PC_w1_ND,T5,Cii,PC,1,ND,blue,76.0824742268041,0.4
T5_PC_w1_ND,T5,Cii,PC,1,ND,blue,77.93814432989689,0.4
T5_PC_w1_ND,T5,Cii,PC,1,ND,blue,79.79381443298968,0.4
T5_PC_w1_ND,T5,Cii,PC,1,ND,blue,81.64948453608247,0.4
T5_PC_w1_ND,T5,Cii,PC,1,ND,blue,83.5051546391752,0.4
T5_PC_w1_ND,T5,Cii,PC,1,ND,blue,87.21649484536078,0.4
T5_PC_w1_ND,T5,Cii,PC,1,ND,blue,92.78350515463916,1.3
T5_PC_w1_ND,T5,Cii,PC,1,ND,blue,94.63917525773195,1.3
T5_PC_w1_ND,T5,Cii,PC,1,ND,blue,96.49484536082474,1.3
T5_PC_w1_ND,T5,Cii,PC,1,ND,blue,100.20618556701032,1.3
T5_PC_w1_ND,T5,Cii,PC,1,ND,blue,102.06185567010311,1.3
T5_PC_w1_ND,T5,Cii,PC,1,ND,blue,103.9175257731959,1.3
T5_PC_w1_ND,T5,Cii,PC,1,ND,blue,107.62886597938143,1.2
T5_PC_w1_ND,T5,Cii,PC,1,ND,blue,111.340206185567,1.2
T5_PC_w1_ND,T5,Cii,PC,1,ND,blue,113.1958762886598,1.15
T5_PC_w1_ND,T5,Cii,PC,1,ND,blue,115.0515463917526,1.05
T5_PC_w1_ND,T5,Cii,PC,1,ND,blue,116.90721649484531,1.15
T5_PC_w1_ND,T5,Cii,PC,1,ND,blue,118.76288659793818,1.05
T5_PC_w1_ND,T5,Cii,PC,1,ND,blue,120.61855670103093,1.05
T5_PC_w1_ND,T5,Cii,PC,1,ND,blue,122.4742268041237,1.05
T5_PC_w1_ND,T5,Cii,PC,1,ND,blue,124.3298969072165,0.95
T5_PC_w1_ND,T5,Cii,PC,1,ND,blue,126.18556701030928,1.0
T5_PC_w1_ND,T5,Cii,PC,1,ND,blue,128.04123711340208,0.95
T5_PC_w1_ND,T5,Cii,PC,1,ND,blue,131.75257731958766,0.85
T5_PC_w1_ND,T5,Cii,PC,1,ND,blue,133.6082474226804,0.8
T5_PC_w1_ND,T5,Cii,PC,1,ND,blue,135.46391752577318,0.8
T5_PC_w1_ND,T5,Cii,PC,1,ND,blue,137.31958762886595,0.8
T5_PC_w1_ND,T5,Cii,PC,1,ND,blue,139.17525773195882,0.8
T5_PC_w1_ND,T5,Cii,PC,1,ND,blue,141.03092783505156,0.7
T5_PC_w1_ND,T5,Cii,PC,1,ND,blue,142.88659793814435,0.75
T5_PC_w1_ND,T5,Cii,PC,1,ND,blue,144.74226804123714,0.75
T5_PC_w1_ND,T5,Cii,PC,1,ND,blue,146.59793814432987,0.75
T5_PC_w1_ND,T5,Cii,PC,1,ND,blue,148.45360824742272,0.75
T5_PC_w1_ND,T5,Cii,PC,1,ND,blue,150.30927835051546,0.75
T5_PC_w1_ND,T5,Cii,PC,1,ND,blue,152.1649484536083,0.75
T5_PC_w1_ND,T5,Cii,PC,1,ND,blue,154.02061855670104,0.85
T5_PC_w1_ND,T5,Cii,PC,1,ND,blue,155.87628865979383,0.9
T5_PC_w1_ND,T5,Cii,PC,1,ND,blue,157.73195876288662,1.0
T5_PC_w1_ND,T5,Cii,PC,1,ND,blue,159.58762886597935,1.05
T5_PC_w1_ND,T5,Cii,PC,1,ND,blue,161.4432989690722,1.05
T5_PC_w1_ND,T5,Cii,PC,1,ND,blue,163.29896907216494,1.05
T5_PC_w1_ND,T5,Cii,PC,1,ND,blue,165.15463917525773,1.1
T5_PC_w1_ND,T5,Cii,PC,1,ND,blue,167.01030927835052,1.1
T5_PC_w1_ND,T5,Cii,PC,1,ND,blue,168.8659793814433,1.2
T5_PC_w1_ND,T5,Cii,PC,1,ND,blue,170.7216494845361,1.4
T5_PC_w1_ND,T5,Cii,PC,1,ND,blue,172.57731958762878,1.6
T5_PC_w1_ND,T5,Cii,PC,1,ND,blue,174.43298969072168,1.65
T5_PC_w1_ND,T5,Cii,PC,1,ND,blue,176.28865979381442,1.8
T5_PC_w1_ND,T5,Cii,PC,1,ND,blue,180.0,2.0
T5_PC_w1_ND,T5,Cii,PC,1,ND,blue,181.8556701030928,2.05
T5_PC_w1_ND,T5,Cii,PC,1,ND,blue,183.7113402061856,2.15
T5_PC_w1_ND,T5,Cii,PC,1,ND,blue,185.5670103092784,2.2
T5_PC_w1_ND,T5,Cii,PC,1,ND,blue,187.4226804123712,2.3
T5_PC_w1_ND,T5,Cii,PC,1,ND,blue,189.278350515464,2.4
T5_PC_w1_ND,T5,Cii,PC,1,ND,blue,191.13402061855675,2.5
T5_PC_w1_ND,T5,Cii,PC,1,ND,blue,192.98969072164948,2.5
T5_PC_w1_ND,T5,Cii,PC,1,ND,blue,194.84536082474227,2.6
T5_PC_w1_ND,T5,Cii,PC,1,ND,blue,196.70103092783503,2.7
T5_PC_w1_ND,T5,Cii,PC,1,ND,blue,198.55670103092783,2.75
T5_PC_w1_ND,T5,Cii,PC,1,ND,blue,200.41237113402067,2.8
T5_PC_w1_ND,T5,Cii,PC,1,ND,blue,202.2680412371134,2.8
T5_PC_w1_ND,T5,Cii,PC,1,ND,blue,204.1237113402062,2.95
T5_PC_w1_ND,T5,Cii,PC,1,ND,blue,205.97938144329896,3.0
T5_PC_w1_ND,T5,Cii,PC,1,ND,blue,207.83505154639167,3.15
T5_PC_w1_ND,T5,Cii,PC,1,ND,blue,209.6907216494845,3.3
T5_PC_w1_ND,T5,Cii,PC,1,ND,blue,211.5463917525773,3.4
T5_PC_w1_ND,T5,Cii,PC,1,ND,blue,213.4020618556701,3.45
T5_PC_w1_ND,T5,Cii,PC,1,ND,blue,215.2577319587629,3.5
T5_PC_w1_ND,T5,Cii,PC,1,ND,blue,217.11340206185568,3.5
T5_PC_w1_ND,T5,Cii,PC,1,ND,blue,218.96907216494844,3.5
T5_PC_w1_ND,T5,Cii,PC,1,ND,blue,220.8247422680412,3.55
T5_PC_w1_ND,T5,Cii,PC,1,ND,blue,222.68041237113405,3.6
T5_PC_w1_ND,T5,Cii,PC,1,ND,blue,224.5360824742268,3.8
T5_PC_w1_ND,T5,Cii,PC,1,ND,blue,226.3917525773196,3.8
T5_PC_w1_ND,T5,Cii,PC,1,ND,blue,228.2474226804124,3.85
T5_PC_w1_ND,T5,Cii,PC,1,ND,blue,230.1030927835052,3.95
T5_PC_w1_ND,T5,Cii,PC,1,ND,blue,231.95876288659792,4.0
T5_PC_w1_ND,T5,Cii,PC,1,ND,blue,233.81443298969072,4.05
T5_PC_w1_ND,T5,Cii,PC,1,ND,blue,235.6701030927836,4.05
T5_PC_w1_ND,T5,Cii,PC,1,ND,blue,237.5257731958763,4.1
T5_PC_w1_ND,T5,Cii,PC,1,ND,blue,239.3814432989691,4.15
T5_PC_w1_ND,T5,Cii,PC,1,ND,blue,241.23711340206188,4.25
T5_PC_w1_ND,T5,Cii,PC,1,ND,blue,243.09278350515464,4.3
T5_PC_w1_ND,T5,Cii,PC,1,ND,blue,244.9484536082474,4.4
T5_PC_w1_ND,T5,Cii,PC,1,ND,blue,246.8041237113402,4.5
T5_PC_w1_ND,T5,Cii,PC,1,ND,blue,248.65979381443304,4.5
T5_PC_w1_ND,T5,Cii,PC,1,ND,blue,250.5154639175258,4.6
T5_PC_w1_ND,T5,Cii,PC,1,ND,blue,252.37113402061857,4.75
T5_PC_w1_ND,T5,Cii,PC,1,ND,blue,254.22680412371136,4.75
T5_PC_w1_ND,T5,Cii,PC,1,ND,blue,256.0824742268041,4.8
T5_PC_w1_ND,T5,Cii,PC,1,ND,blue,257.9381443298969,4.8
T5_PC_w1_ND,T5,Cii,PC,1,ND,blue,259.7938144329897,4.8
T5_PC_w1_ND,T5,Cii,PC,1,ND,blue,261.64948453608247,4.8
T5_PC_w1_ND,T5,Cii,PC,1,ND,blue,263.5051546391752,4.8
T5_PC_w1_ND,T5,Cii,PC,1,ND,blue,270.9278350515464,4.8
T5_PC_w1_ND,T5,Cii,PC,1,ND,blue,272.7835051546392,4.85
T5_PC_w1_ND,T5,Cii,PC,1,ND,blue,274.63917525773195,4.85
T5_PC_w1_ND,T5,Cii,PC,1,ND,blue,276.4948453608248,4.9
T5_PC_w1_ND,T5,Cii,PC,1,ND,blue,278.35051546391753,4.95
T5_PC_w1_ND,T5,Cii,PC,1,ND,blue,280.2061855670103,4.95
T5_PC_w1_ND,T5,Cii,PC,1,ND,blue,282.0618556701031,4.95
T5_PC_w1_ND,T5,Cii,PC,1,ND,blue,283.9175257731959,5.0
T5_PC_w1_ND,T5,Cii,PC,1,ND,blue,285.77319587628864,5.05
T5_PC_w1_ND,T5,Cii,PC,1,ND,blue,287.62886597938143,5.05
T5_PC_w1_ND,T5,Cii,PC,1,ND,blue,289.4845360824742,5.1
T5_PC_w1_ND,T5,Cii,PC,1,ND,blue,293.1958762886598,5.2
T5_PC_w1_ND,T5,Cii,PC,1,ND,blue,295.0515463917526,5.2
T5_PC_w1_ND,T5,Cii,PC,1,ND,blue,296.9072164948454,5.2
T5_PC_w1_ND,T5,Cii,PC,1,ND,blue,298.7628865979381,5.35
T5_PC_w1_ND,T5,Cii,PC,1,ND,blue,300.6185567010309,5.4
T5_PC_w1_ND,T5,Cii,PC,1,ND,blue,302.4742268041237,5.5
T5_PC_w1_ND,T5,Cii,PC,1,ND,blue,304.3298969072165,5.5
T5_PC_w1_ND,T5,Cii,PC,1,ND,blue,306.1855670103093,5.7
T5_PC_w1_ND,T5,Cii,PC,1,ND,blue,308.0412371134021,5.7
T5_PC_w1_ND,T5,Cii,PC,1,ND,blue,311.75257731958766,5.75
T5_PC_w1_ND,T5,Cii,PC,1,ND,blue,315.4639175257732,5.85
T5_PC_w1_ND,T5,Cii,PC,1,ND,blue,317.319587628866,5.85
T5_PC_w1_ND,T5,Cii,PC,1,ND,blue,319.1752577319588,5.85
T5_PC_w1_ND,T5,Cii,PC,1,ND,blue,321.0309278350516,5.75
T5_PC_w1_ND,T5,Cii,PC,1,ND,blue,322.88659793814435,5.75
T5_PC_w1_ND,T5,Cii,PC,1,ND,blue,328.45360824742266,5.75
T5_PC_w1_ND,T5,Cii,PC,1,ND,blue,330.30927835051546,5.75
T5_PC_w1_ND,T5,Cii,PC,1,ND,blue,332.16494845360825,5.75
T5_PC_w1_ND,T5,Cii,PC,1,ND,blue,334.02061855670104,5.7
T5_PC_w1_ND,T5,Cii,PC,1,ND,blue,337.7319587628866,5.7
T5_PC_w1_ND,T5,Cii,PC,1,ND,blue,341.4432989690721,5.65
T5_PC_w1_ND,T5,Cii,PC,1,ND,blue,343.29896907216494,5.65
T5_PC_w1_ND,T5,Cii,PC,1,ND,blue,345.1546391752577,5.5
T5_PC_w1_ND,T5,Cii,PC,1,ND,blue,347.0103092783505,5.15
T5_PC_w1_ND,T5,Cii,PC,1,ND,blue,350.7216494845361,5.15
T5_PC_w1_ND,T5,Cii,PC,1,ND,blue,352.5773195876289,5.1
T5_PC_w1_ND,T5,Cii,PC,1,ND,blue,354.4329896907216,5.05
T5_PC_w1_ND,T5,Cii,PC,1,ND,blue,356.2886597938144,5.0
T5_PC_w1_ND,T5,Cii,PC,1,ND,blue,358.1443298969072,4.95
T5_PC_w1_ND,T5,Cii,PC,1,ND,blue,360.0,4.9
T5_PC_w1_ND,T5,Cii,PC,1,ND,blue,363.7113402061856,4.85
T5_PC_w1_ND,T5,Cii,PC,1,ND,blue,367.42268041237116,4.85
T5_PC_w1_ND,T5,Cii,PC,1,ND,blue,369.2783505154639,4.85
T5_PC_w1_ND,T5,Cii,PC,1,ND,blue,371.1340206185567,4.85
T5_PC_w1_ND,T5,Cii,PC,1,ND,blue,372.9896907216495,4.85
T5_PC_w1_ND,T5,Cii,PC,1,ND,blue,374.8453608247423,4.85
T5_PC_w1_ND,T5,Cii,PC,1,ND,blue,376.7010309278351,4.85
T5_PC_w1_ND,T5,Cii,PC,1,ND,blue,378.5567010309279,4.8
T5_PC_w1_ND,T5,Cii,PC,1,ND,blue,380.4123711340207,4.85
T5_PC_w1_ND,T5,Cii,PC,1,ND,blue,382.2680412371134,4.85
T5_PC_w1_ND,T5,Cii,PC,1,ND,blue,384.12371134020617,4.85
T5_PC_w1_ND,T5,Cii,PC,1,ND,blue,385.97938144329896,4.8
T5_PC_w1_ND,T5,Cii,PC,1,ND,blue,387.8350515463917,4.8
T5_PC_w1_ND,T5,Cii,PC,1,ND,blue,389.6907216494845,4.8
T5_PC_w1_ND,T5,Cii,PC,1,ND,blue,391.5463917525773,4.95
T5_PC_w1_ND,T5,Cii,PC,1,ND,blue,393.4020618556701,5.0
T5_PC_w1_ND,T5,Cii,PC,1,ND,blue,397.11340206185565,5.0
T5_PC_w1_ND,T5,Cii,PC,1,ND,blue,398.9690721649485,5.0
T5_PC_w1_ND,T5,Cii,PC,1,ND,blue,400.8247422680412,5.0
T5_PC_w1_ND,T5,Cii,PC,1,ND,blue,402.680412371134,4.95
T5_PC_w1_ND,T5,Cii,PC,1,ND,blue,404.53608247422676,5.0
T5_PC_w1_ND,T5,Cii,PC,1,ND,blue,406.3917525773196,5.0
T5_PC_w1_ND,T5,Cii,PC,1,ND,blue,408.2474226804124,5.0
T5_PC_w1_ND,T5,Cii,PC,1,ND,blue,410.10309278350513,4.95
T5_PC_w1_ND,T5,Cii,PC,1,ND,blue,411.9587628865979,4.8
T5_PC_w1_ND,T5,Cii,PC,1,ND,blue,413.8144329896907,4.6
T5_PC_w1_ND,T5,Cii,PC,1,ND,blue,415.6701030927835,4.6
T5_PC_w1_ND,T5,Cii,PC,1,ND,blue,417.5257731958763,4.5
T5_PC_w1_ND,T5,Cii,PC,1,ND,blue,419.3814432989691,4.45
T5_PC_w1_ND,T5,Cii,PC,1,ND,blue,421.2371134020619,4.45
T5_PC_w1_ND,T5,Cii,PC,1,ND,blue,423.0927835051546,4.45
T5_PC_w1_ND,T5,Cii,PC,1,ND,blue,424.9484536082474,4.45
T5_PC_w1_ND,T5,Cii,PC,1,ND,blue,426.8041237113402,4.45
T5_PC_w1_ND,T5,Cii,PC,1,ND,blue,430.5154639175258,4.45
T5_PC_w1_ND,T5,Cii,PC,1,ND,blue,432.37113402061857,4.45
T5_PC_w1_ND,T5,Cii,PC,1,ND,blue,434.22680412371136,4.65
T5_PC_w1_ND,T5,Cii,PC,1,ND,blue,436.0824742268041,4.65
T5_PC_w1_ND,T5,Cii,PC,1,ND,blue,437.9381443298969,4.7
T5_PC_w1_ND,T5,Cii,PC,1,ND,blue,439.7938144329897,4.65
T5_PC_w1_ND,T5,Cii,PC,1,ND,blue,441.64948453608247,4.7
T5_PC_w1_ND,T5,Cii,PC,1,ND,blue,443.50515463917526,4.65
T5_PC_w1_ND,T5,Cii,PC,1,ND,blue,445.3608247422681,4.65
T5_PC_w1_ND,T5,Cii,PC,1,ND,blue,449.0721649484536,4.6
T5_PC_w1_ND,T5,Cii,PC,1,ND,blue,450.9278350515464,4.6
T5_PC_w1_ND,T5,Cii,PC,1,ND,blue,452.7835051546392,4.3
T5_PC_w1_ND,T5,Cii,PC,1,ND,blue,454.639175257732,4.2
T5_PC_w1_ND,T5,Cii,PC,1,ND,blue,456.4948453608248,4.2
T5_PC_w1_ND,T5,Cii,PC,1,ND,blue,458.35051546391753,4.15
T5_PC_w1_ND,T5,Cii,PC,1,ND,blue,460.2061855670103,4.1
T5_PC_w1_ND,T5,Cii,PC,1,ND,blue,462.0618556701031,4.05
T5_PC_w1_ND,T5,Cii,PC,1,ND,blue,463.9175257731959,3.95
T5_PC_w1_ND,T5,Cii,PC,1,ND,blue,465.77319587628864,3.65
T5_PC_w1_ND,T5,Cii,PC,1,ND,blue,467.6288659793815,3.5
T5_PC_w1_ND,T5,Cii,PC,1,ND,blue,469.4845360824743,3.5
T5_PC_w1_ND,T5,Cii,PC,1,ND,blue,471.3402061855671,3.4
T5_PC_w1_ND,T5,Cii,PC,1,ND,blue,473.1958762886598,3.3
T5_PC_w1_ND,T5,Cii,PC,1,ND,blue,475.0515463917526,3.1
T5_PC_w1_ND,T5,Cii,PC,1,ND,blue,476.9072164948454,3.1
T5_PC_w1_ND,T5,Cii,PC,1,ND,blue,478.7628865979382,2.95
T5_PC_w1_ND,T5,Cii,PC,1,ND,blue,480.6185567010309,2.95
T5_PC_w1_ND,T5,Cii,PC,1,ND,blue,482.4742268041237,2.95
T5_PC_w1_ND,T5,Cii,PC,1,ND,blue,484.3298969072165,2.85
T5_PC_w1_ND,T5,Cii,PC,1,ND,blue,486.1855670103093,2.7
T5_PC_w1_ND,T5,Cii,PC,1,ND,blue,488.041237113402,2.5
T5_PC_w1_ND,T5,Cii,PC,1,ND,blue,489.8969072164948,2.4
T5_PC_w1_ND,T5,Cii,PC,1,ND,blue,491.7525773195876,2.25
T5_PC_w1_ND,T5,Cii,PC,1,ND,blue,493.6082474226804,2.2
T5_PC_w1_ND,T5,Cii,PC,1,ND,blue,495.4639175257733,2.1
T5_PC_w1_ND,T5,Cii,PC,1,ND,blue,497.319587628866,2.05
T5_PC_w1_ND,T5,Cii,PC,1,ND,blue,499.1752577319588,1.95
T5_PC_w1_ND,T5,Cii,PC,1,ND,blue,501.0309278350516,1.85
T5_PC_w1_ND,T5,Cii,PC,1,ND,blue,502.8865979381444,1.8
T5_PC_w1_ND,T5,Cii,PC,1,ND,blue,504.74226804123714,1.65
T5_PC_w1_ND,T5,Cii,PC,1,ND,blue,506.59793814433,1.6
T5_PC_w1_ND,T5,Cii,PC,1,ND,blue,510.30927835051546,1.5
T5_PC_w1_ND,T5,Cii,PC,1,ND,blue,512.1649484536082,1.4
T5_PC_w1_ND,T5,Cii,PC,1,ND,blue,514.0206185567009,1.35
T5_PC_w1_ND,T5,Cii,PC,1,ND,blue,515.8762886597938,1.25
T5_PC_w1_ND,T5,Cii,PC,1,ND,blue,517.7319587628865,1.1
T5_PC_w1_ND,T5,Cii,PC,1,ND,blue,519.5876288659792,1.0
T5_PC_w1_ND,T5,Cii,PC,1,ND,blue,521.4432989690721,0.9
T5_PC_w1_ND,T5,Cii,PC,1,ND,blue,523.2989690721649,0.8
T5_PC_w1_ND,T5,Cii,PC,1,ND,blue,525.1546391752577,0.7
T5_PC_w1_ND,T5,Cii,PC,1,ND,blue,527.0103092783505,0.6
T5_PC_w1_ND,T5,Cii,PC,1,ND,blue,528.8659793814433,0.55
T5_PC_w1_ND,T5,Cii,PC,1,ND,blue,530.7216494845361,0.45
T5_PC_w1_ND,T5,Cii,PC,1,ND,blue,532.5773195876288,0.35
T5_PC_w1_ND,T5,Cii,PC,1,ND,blue,534.4329896907216,0.25
T5_PC_w1_ND,T5,Cii,PC,1,ND,blue,536.2886597938144,0.25
T5_PC_w1_ND,T5,Cii,PC,1,ND,blue,538.1443298969073,0.25
T5_PC_w1_ND,T5,Cii,PC,1,ND,blue,539.9999999999999,0.25
T5_PC_w1_ND,T5,Cii,PC,1,ND,blue,541.8556701030927,0.2
T5_PC_w1_ND,T5,Cii,PC,1,ND,blue,552.9896907216495,0.2
T5_PC_w1_ND,T5,Cii,PC,1,ND,blue,554.8453608247422,0.2
T5_PC_w1_ND,T5,Cii,PC,1,ND,blue,556.7010309278351,0.25
T5_PC_w1_ND,T5,Cii,PC,1,ND,blue,558.5567010309278,0.25
T5_PC_w1_ND,T5,Cii,PC,1,ND,blue,560.4123711340205,0.25
T5_PC_w1_ND,T5,Cii,PC,1,ND,blue,562.2680412371134,0.2
T5_PC_w1_ND,T5,Cii,PC,1,ND,blue,565.979381443299,0.2
T5_PC_w1_ND,T5,Cii,PC,1,ND,blue,567.8350515463917,0.2
T5_PC_w1_ND,T5,Cii,PC,1,ND,blue,571.5463917525773,0.0
T5_PC_w1_ND,T5,Cii,PC,1,ND,blue,573.40206185567,0.0
T5_PC_w1_ND,T5,Cii,PC,1,ND,blue,578.9690721649486,0.0
T5_PC_w1_ND,T5,Cii,PC,1,ND,blue,580.8247422680412,0.0
T5_PC_w1_ND,T5,Cii,PC,1,ND,blue,582.680412371134,0.05
T5_PC_w1_ND,T5,Cii,PC,1,ND,blue,584.5360824742268,0.05
T5_PC_w1_ND,T5,Cii,PC,1,ND,blue,588.2474226804123,0.05
T5_PC_w1_ND,T5,Cii,PC,1,ND,blue,590.1030927835051,0.05
T5_PC_w1_ND,T5,Cii,PC,1,ND,blue,591.9587628865979,0.05
T5_PC_w1_ND,T5,Cii,PC,1,ND,blue,593.8144329896907,0.05
T5_PC_w1_ND,T5,Cii,PC,1,ND,blue,595.6701030927834,0.05
T5_PC_w1_ND,T5,Cii,PC,1,ND,blue,597.5257731958761,0.05
T5_PC_w1_ND,T5,Cii,PC,1,ND,blue,599.381443298969,0.05
T5_PC_w1_ND,T5,Cii,PC,1,ND,blue,604.9484536082473,0.05
T5_PC_w1_ND,T5,Cii,PC,1,ND,blue,606.8041237113403,0.05
T5_PC_w1_ND,T5,Cii,PC,1,ND,blue,608.659793814433,0.05
T5_PC_w1_ND,T5,Cii,PC,1,ND,blue,610.5154639175257,0.05
T5_PC_w1_ND,T5,Cii,PC,1,ND,blue,612.3711340206186,0.05
T5_PC_w1_ND,T5,Cii,PC,1,ND,blue,614.2268041237113,0.05
T5_PC_w1_ND,T5,Cii,PC,1,ND,blue,616.0824742268039,0.05
T5_PC_w1_ND,T5,Cii,PC,1,ND,blue,621.6494845360825,0.05
T5_PC_w1_ND,T5,Cii,PC,1,ND,blue,623.5051546391752,0.0
T5_PC_w1_ND,T5,Cii,PC,1,ND,blue,625.360824742268,0.1
T5_PC_w1_ND,T5,Cii,PC,1,ND,blue,627.2164948453608,0.3
T5_PC_w1_ND,T5,Cii,PC,1,ND,blue,629.0721649484535,0.3
T5_PC_w1_ND,T5,Cii,PC,1,ND,blue,630.9278350515463,0.3
T5_PC_w1_ND,T5,Cii,PC,1,ND,blue,632.7835051546391,0.35
T5_PC_w1_ND,T5,Cii,PC,1,ND,blue,634.6391752577318,0.35
T5_PC_w1_ND,T5,Cii,PC,1,ND,blue,636.4948453608247,0.35
T5_PC_w1_ND,T5,Cii,PC,1,ND,blue,638.3505154639175,0.35
T5_PC_w1_ND,T5,Cii,PC,1,ND,blue,640.2061855670104,0.35
T5_PC_w1_ND,T5,Cii,PC,1,ND,blue,643.9175257731958,0.35
T5_PC_w1_ND,T5,Cii,PC,1,ND,blue,645.7731958762886,0.35
T5_PC_w1_ND,T5,Cii,PC,1,ND,blue,647.6288659793814,0.35
T5_PC_w1_ND,T5,Cii,PC,1,ND,blue,649.4845360824742,0.4
T5_PC_w1_ND,T5,Cii,PC,1,ND,blue,651.3402061855669,0.5
T5_PC_w1_ND,T5,Cii,PC,1,ND,blue,656.9072164948452,0.3
T5_PC_w1_ND,T5,Cii,PC,1,ND,blue,658.7628865979381,0.3
T5_PC_w1_ND,T5,Cii,PC,1,ND,blue,660.6185567010308,0.3
T5_PC_w1_ND,T5,Cii,PC,1,ND,blue,666.1855670103092,0.45
T5_PC_w1_ND,T5,Cii,PC,1,ND,blue,669.8969072164948,0.2
T5_PC_w1_ND,T5,Cii,PC,1,ND,blue,671.7525773195875,0.35
T5_PC_w1_ND,T5,Cii,PC,1,ND,blue,675.4639175257731,0.25
T5_PC_w1_ND,T5,Cii,PC,1,ND,blue,677.319587628866,0.25
T5_PC_w1_ND,T5,Cii,PC,1,ND,blue,681.0309278350514,0.25
T5_PC_w1_ND,T5,Cii,PC,1,ND,blue,682.8865979381443,0.25
T5_PC_w1_ND,T5,Cii,PC,1,ND,blue,688.4536082474226,0.3
T5_PC_w1_ND,T5,Cii,PC,1,ND,blue,690.3092783505153,0.35
T5_PC_w1_ND,T5,Cii,PC,1,ND,blue,692.1649484536082,0.35
T5_PC_w1_ND,T5,Cii,PC,1,ND,blue,695.8762886597938,0.4
T5_PC_w1_ND,T5,Cii,PC,1,ND,blue,697.7319587628866,0.45
T5_PC_w1_ND,T5,Cii,PC,1,ND,blue,699.5876288659794,0.45
T5_PC_w1_ND,T5,Cii,PC,1,ND,blue,701.4432989690721,0.45
T5_PC_w1_ND,T5,Cii,PC,1,ND,blue,705.1546391752577,0.45
T5_PC_w1_ND,T5,Cii,PC,1,ND,blue,707.0103092783504,0.45
T5_PC_w1_ND,T5,Cii,PC,1,ND,blue,710.721649484536,0.45
T5_PC_w1_ND,T5,Cii,PC,1,ND,blue,712.5773195876288,0.5
T5_PC_w1_ND,T5,Cii,PC,1,ND,blue,714.4329896907216,0.7
T5_PC_w1_ND,T5,Cii,PC,1,ND,blue,716.2886597938143,0.7
T5_PC_w1_ND,T5,Cii,PC,1,ND,blue,720.0,0.75
T5_PC_w1_ND,T5,Cii,PC,1,ND,blue,721.8556701030927,0.8
T5_PC_w1_ND,T5,Cii,PC,1,ND,blue,723.7113402061856,0.8
T5_PC_w1_ND,T5,Cii,PC,1,ND,blue,727.422680412371,0.8
T5_PC_w1_ND,T5,Cii,PC,1,ND,blue,729.2783505154639,0.75
T5_PC_w1_ND,T5,Cii,PC,1,ND,blue,731.1340206185566,0.65
T5_PC_w1_ND,T5,Cii,PC,1,ND,blue,732.9896907216495,0.65
T5_PC_w1_ND,T5,Cii,PC,1,ND,blue,734.8453608247422,0.5
T5_PC_w1_ND,T5,Cii,PC,1,ND,blue,736.7010309278348,0.6
T5_PC_w1_ND,T5,Cii,PC,1,ND,blue,742.2680412371133,0.5
T5_PC_w1_ND,T5,Cii,PC,1,ND,blue,744.1237113402061,0.5
T5_PC_w1_ND,T5,Cii,PC,1,ND,blue,745.9793814432988,0.5
T5_PC_w1_ND,T5,Cii,PC,1,ND,blue,747.8350515463917,0.1
T5_PC_w1_ND,T5,Cii,PC,1,ND,blue,749.6907216494845,0.1
T5_PC_w1_ND,T5,Cii,PC,1,ND,blue,751.5463917525773,0.0
T5_PC_w1_ND,T5,Cii,PC,1,ND,blue,755.2577319587629,-0.15
T5_PC_w1_ND,T5,Cii,PC,1,ND,blue,757.1134020618556,-0.15
T5_PC_w1_ND,T5,Cii,PC,1,ND,blue,758.9690721649484,-0.15
T5_PC_w1_ND,T5,Cii,PC,1,ND,blue,760.8247422680412,-0.15
T5_PC_w1_ND,T5,Cii,PC,1,ND,blue,762.6804123711339,-0.15
T5_PC_w1_ND,T5,Cii,PC,1,ND,blue,764.5360824742268,-0.15
T5_PC_w1_ND,T5,Cii,PC,1,ND,blue,766.3917525773195,-0.15
T5_PC_w1_ND,T5,Cii,PC,1,ND,blue,768.2474226804123,-0.15
T5_PC_w1_ND,T5,Cii,PC,1,ND,blue,770.1030927835051,-0.05
T5_PC_w1_ND,T5,Cii,PC,1,ND,blue,771.9587628865978,0.05
T5_PC_w1_ND,T5,Cii,PC,1,ND,blue,773.8144329896907,0.15
T5_PC_w1_ND,T5,Cii,PC,1,ND,blue,775.6701030927835,0.2
T5_PC_w1_ND,T5,Cii,PC,1,ND,blue,777.5257731958762,0.2
T5_PC_w1_ND,T5,Cii,PC,1,ND,blue,779.3814432989691,0.2
T5_PC_w1_ND,T5,Cii,PC,1,ND,blue,781.2371134020618,0.2
T5_PC_w1_ND,T5,Cii,PC,1,ND,blue,783.0927835051546,0.2
T5_PC_w1_ND,T5,Cii,PC,1,ND,blue,784.9484536082474,0.2
T5_PC_w1_ND,T5,Cii,PC,1,ND,blue,786.8041237113401,0.15
T5_PC_w1_ND,T5,Cii,PC,1,ND,blue,788.659793814433,0.05
T5_PC_w1_ND,T5,Cii,PC,1,ND,blue,790.5154639175257,0.05
T5_PC_w1_ND,T5,Cii,PC,1,ND,blue,792.3711340206185,0.05
T5_PC_w1_ND,T5,Cii,PC,1,ND,blue,794.2268041237113,0.0
T5_PC_w1_ND,T5,Cii,PC,1,ND,blue,796.082474226804,0.0
T5_PC_w1_ND,T5,Cii,PC,1,ND,blue,797.9381443298968,-0.05
T5_PC_w1_ND,T5,Cii,PC,1,ND,blue,799.7938144329896,-0.05
T5_PC_w1_ND,T5,Cii,PC,1,ND,blue,801.6494845360824,-0.05
T5_PC_w1_ND,T5,Cii,PC,1,ND,blue,803.5051546391752,-0.05
T5_PC_w1_ND,T5,Cii,PC,1,ND,blue,805.360824742268,-0.05
T5_PC_w1_ND,T5,Cii,PC,1,ND,blue,807.2164948453608,-0.05
T5_PC_w1_ND,T5,Cii,PC,1,ND,blue,809.0721649484536,0.0
T5_PC_w1_ND,T5,Cii,PC,1,ND,blue,810.9278350515465,0.0
T5_PC_w1_ND,T5,Cii,PC,1,ND,blue,812.7835051546391,0.05
T5_PC_w1_ND,T5,Cii,PC,1,ND,blue,814.639175257732,0.05
T5_PC_w1_ND,T5,Cii,PC,1,ND,blue,816.4948453608247,0.25
T5_PC_w1_ND,T5,Cii,PC,1,ND,blue,818.3505154639174,0.3
T5_PC_w1_ND,T5,Cii,PC,1,ND,blue,820.2061855670104,0.35
T5_PC_w1_ND,T5,Cii,PC,1,ND,blue,822.061855670103,0.35
T5_PC_w1_ND,T5,Cii,PC,1,ND,blue,823.9175257731958,0.35
T5_PC_w1_ND,T5,Cii,PC,1,ND,blue,825.7731958762886,0.35
T5_PC_w1_ND,T5,Cii,PC,1,ND,blue,827.6288659793813,0.35
T5_PC_w1_ND,T5,Cii,PC,1,ND,blue,829.4845360824742,0.35
T5_PC_w1_ND,T5,Cii,PC,1,ND,blue,831.3402061855669,0.35
T5_PC_w1_ND,T5,Cii,PC,1,ND,blue,833.1958762886597,0.35
T5_PC_w1_ND,T5,Cii,PC,1,ND,blue,835.0515463917526,0.3
T5_PC_w1_ND,T5,Cii,PC,1,ND,blue,836.9072164948452,0.3
T5_PC_w1_ND,T5,Cii,PC,1,ND,blue,838.7628865979381,0.3
T5_PC_w1_ND,T5,Cii,PC,1,ND,blue,840.6185567010309,0.3
T5_PC_w1_ND,T5,Cii,PC,1,ND,blue,842.4742268041236,0.3
T5_PC_w1_ND,T5,Cii,PC,1,ND,blue,844.3298969072165,0.3
T5_PC_w1_ND,T5,Cii,PC,1,ND,blue,846.1855670103092,0.3
T5_PC_w1_ND,T5,Cii,PC,1,ND,blue,848.0412371134021,0.35
T5_PC_w1_ND,T5,Cii,PC,1,ND,blue,849.8969072164948,0.45
T5_PC_w1_ND,T5,Cii,PC,1,ND,blue,851.7525773195875,0.55
T5_PC_w1_ND,T5,Cii,PC,1,ND,blue,853.6082474226803,0.6
T5_PC_w1_ND,T5,Cii,PC,1,ND,blue,855.4639175257731,1.1
T5_PC_w1_ND,T5,Cii,PC,1,ND,blue,857.3195876288659,1.3
T5_PC_w1_ND,T5,Cii,PC,1,ND,blue,859.1752577319587,1.3
T5_PC_w1_ND,T5,Cii,PC,1,ND,blue,861.0309278350517,1.5
T5_PC_w1_ND,T5,Cii,PC,1,ND,blue,864.7422680412371,1.65
T5_PC_w1_ND,T5,Cii,PC,1,ND,blue,866.5979381443299,1.65
T5_PC_w1_ND,T5,Cii,PC,1,ND,blue,868.4536082474226,1.65
T5_PC_w1_ND,T5,Cii,PC,1,ND,blue,870.3092783505155,1.65
T5_PC_w1_ND,T5,Cii,PC,1,ND,blue,872.1649484536082,1.65
T5_PC_w1_ND,T5,Cii,PC,1,ND,blue,874.0206185567009,1.65
T5_PC_w1_ND,T5,Cii,PC,1,ND,blue,875.8762886597938,1.65
T5_PC_w1_ND,T5,Cii,PC,1,ND,blue,877.7319587628865,1.65
T5_PC_w1_ND,T5,Cii,PC,1,ND,blue,881.4432989690721,1.6
T5_PC_w1_ND,T5,Cii,PC,1,ND,blue,883.2989690721648,1.35
T5_PC_w1_ND,T5,Cii,PC,1,ND,blue,885.1546391752577,1.3
T5_PC_w1_ND,T5,Cii,PC,1,ND,blue,887.0103092783504,1.25
T5_PC_w1_ND,T5,Cii,PC,1,ND,blue,888.8659793814433,1.25
T5_PC_w1_ND,T5,Cii,PC,1,ND,blue,890.7216494845361,1.05
T5_PC_w1_ND,T5,Cii,PC,1,ND,blue,892.5773195876288,1.05
T5_PC_w1_ND,T5,Cii,PC,1,ND,blue,894.4329896907216,1.05
T5_PC_w1_ND,T5,Cii,PC,1,ND,blue,900.0,1.05
T5_PC_w4_PD,T5,Cii,PC,4,PD,red,0.0,0.0
T5_PC_w4_PD,T5,Cii,PC,4,PD,red,1.8672199170123918,0.0
T5_PC_w4_PD,T5,Cii,PC,4,PD,red,3.734439834024897,0.0
T5_PC_w4_PD,T5,Cii,PC,4,PD,red,5.601659751037346,0.0
T5_PC_w4_PD,T5,Cii,PC,4,PD,red,7.468879668049794,0.05
T5_PC_w4_PD,T5,Cii,PC,4,PD,red,9.336099585062243,0.05
T5_PC_w4_PD,T5,Cii,PC,4,PD,red,11.203319502074692,0.05
T5_PC_w4_PD,T5,Cii,PC,4,PD,red,13.07053941908714,0.05
T5_PC_w4_PD,T5,Cii,PC,4,PD,red,14.937759336099589,0.05
T5_PC_w4_PD,T5,Cii,PC,4,PD,red,16.80497925311198,0.1
T5_PC_w4_PD,T5,Cii,PC,4,PD,red,18.672199170124486,0.15
T5_PC_w4_PD,T5,Cii,PC,4,PD,red,20.539419087136878,0.2
T5_PC_w4_PD,T5,Cii,PC,4,PD,red,22.406639004149383,0.3
T5_PC_w4_PD,T5,Cii,PC,4,PD,red,24.273858921161846,0.35
T5_PC_w4_PD,T5,Cii,PC,4,PD,red,26.14107883817428,0.4
T5_PC_w4_PD,T5,Cii,PC,4,PD,red,28.008298755186715,0.4
T5_PC_w4_PD,T5,Cii,PC,4,PD,red,29.875518672199178,0.4
T5_PC_w4_PD,T5,Cii,PC,4,PD,red,31.74273858921164,0.45
T5_PC_w4_PD,T5,Cii,PC,4,PD,red,33.609958506224075,0.45
T5_PC_w4_PD,T5,Cii,PC,4,PD,red,35.47717842323652,0.45
T5_PC_w4_PD,T5,Cii,PC,4,PD,red,37.34439834024896,0.45
T5_PC_w4_PD,T5,Cii,PC,4,PD,red,39.21161825726142,0.45
T5_PC_w4_PD,T5,Cii,PC,4,PD,red,41.078838174273926,0.5
T5_PC_w4_PD,T5,Cii,PC,4,PD,red,42.94605809128632,0.5
T5_PC_w4_PD,T5,Cii,PC,4,PD,red,44.81327800829882,0.5
T5_PC_w4_PD,T5,Cii,PC,4,PD,red,46.680497925311215,0.5
T5_PC_w4_PD,T5,Cii,PC,4,PD,red,48.547717842323664,0.5
T5_PC_w4_PD,T5,Cii,PC,4,PD,red,50.41493775933613,0.55
T5_PC_w4_PD,T5,Cii,PC,4,PD,red,52.28215767634862,0.6
T5_PC_w4_PD,T5,Cii,PC,4,PD,red,54.149377593360995,0.65
T5_PC_w4_PD,T5,Cii,PC,4,PD,red,56.01659751037346,0.7
T5_PC_w4_PD,T5,Cii,PC,4,PD,red,57.88381742738591,0.75
T5_PC_w4_PD,T5,Cii,PC,4,PD,red,59.7510373443984,0.75
T5_PC_w4_PD,T5,Cii,PC,4,PD,red,61.618257261410804,0.75
T5_PC_w4_PD,T5,Cii,PC,4,PD,red,63.485477178423196,0.75
T5_PC_w4_PD,T5,Cii,PC,4,PD,red,65.3526970954357,0.75
T5_PC_w4_PD,T5,Cii,PC,4,PD,red,67.2199170124481,0.7
T5_PC_w4_PD,T5,Cii,PC,4,PD,red,69.0871369294606,0.65
T5_PC_w4_PD,T5,Cii,PC,4,PD,red,70.95435684647305,0.6
T5_PC_w4_PD,T5,Cii,PC,4,PD,red,72.8215767634855,0.55
T5_PC_w4_PD,T5,Cii,PC,4,PD,red,74.68879668049794,0.5
T5_PC_w4_PD,T5,Cii,PC,4,PD,red,76.55601659751039,0.5
T5_PC_w4_PD,T5,Cii,PC,4,PD,red,78.42323651452278,0.45
T5_PC_w4_PD,T5,Cii,PC,4,PD,red,80.29045643153529,0.45
T5_PC_w4_PD,T5,Cii,PC,4,PD,red,82.15767634854774,0.45
T5_PC_w4_PD,T5,Cii,PC,4,PD,red,84.02489626556019,0.4
T5_PC_w4_PD,T5,Cii,PC,4,PD,red,85.89211618257264,0.4
T5_PC_w4_PD,T5,Cii,PC,4,PD,red,87.75933609958508,0.4
T5_PC_w4_PD,T5,Cii,PC,4,PD,red,89.62655601659753,0.35
T5_PC_w4_PD,T5,Cii,PC,4,PD,red,91.49377593360998,0.35
T5_PC_w4_PD,T5,Cii,PC,4,PD,red,93.36099585062236,0.3
T5_PC_w4_PD,T5,Cii,PC,4,PD,red,95.22821576763482,0.25
T5_PC_w4_PD,T5,Cii,PC,4,PD,red,97.09543568464731,0.25
T5_PC_w4_PD,T5,Cii,PC,4,PD,red,98.96265560165978,0.2
T5_PC_w4_PD,T5,Cii,PC,4,PD,red,100.82987551867222,0.2
T5_PC_w4_PD,T5,Cii,PC,4,PD,red,102.69709543568467,0.15
T5_PC_w4_PD,T5,Cii,PC,4,PD,red,104.56431535269712,0.15
T5_PC_w4_PD,T5,Cii,PC,4,PD,red,106.43153526970954,0.15
T5_PC_w4_PD,T5,Cii,PC,4,PD,red,108.29875518672202,0.1
T5_PC_w4_PD,T5,Cii,PC,4,PD,red,110.16597510373448,0.05
T5_PC_w4_PD,T5,Cii,PC,4,PD,red,112.03319502074686,0.05
T5_PC_w4_PD,T5,Cii,PC,4,PD,red,113.90041493775936,-0.05
T5_PC_w4_PD,T5,Cii,PC,4,PD,red,115.7676348547718,-0.05
T5_PC_w4_PD,T5,Cii,PC,4,PD,red,117.63485477178426,-0.15
T5_PC_w4_PD,T5,Cii,PC,4,PD,red,119.50207468879672,-0.15
T5_PC_w4_PD,T5,Cii,PC,4,PD,red,121.3692946058091,-0.15
T5_PC_w4_PD,T5,Cii,PC,4,PD,red,123.2365145228216,-0.25
T5_PC_w4_PD,T5,Cii,PC,4,PD,red,125.103734439834,-0.25
T5_PC_w4_PD,T5,Cii,PC,4,PD,red,126.9709543568465,-0.25
T5_PC_w4_PD,T5,Cii,PC,4,PD,red,128.83817427385895,-0.3
T5_PC_w4_PD,T5,Cii,PC,4,PD,red,130.7053941908714,-0.3
T5_PC_w4_PD,T5,Cii,PC,4,PD,red,132.5726141078839,-0.35
T5_PC_w4_PD,T5,Cii,PC,4,PD,red,134.4398340248963,-0.35
T5_PC_w4_PD,T5,Cii,PC,4,PD,red,136.30705394190875,-0.35
T5_PC_w4_PD,T5,Cii,PC,4,PD,red,138.1742738589212,-0.35
T5_PC_w4_PD,T5,Cii,PC,4,PD,red,140.0414937759336,-0.35
T5_PC_w4_PD,T5,Cii,PC,4,PD,red,141.9087136929461,-0.35
T5_PC_w4_PD,T5,Cii,PC,4,PD,red,143.77593360995854,-0.35
T5_PC_w4_PD,T5,Cii,PC,4,PD,red,145.643153526971,-0.4
T5_PC_w4_PD,T5,Cii,PC,4,PD,red,147.51037344398338,-0.4
T5_PC_w4_PD,T5,Cii,PC,4,PD,red,149.3775933609959,-0.45
T5_PC_w4_PD,T5,Cii,PC,4,PD,red,151.24481327800834,-0.45
T5_PC_w4_PD,T5,Cii,PC,4,PD,red,153.11203319502073,-0.45
T5_PC_w4_PD,T5,Cii,PC,4,PD,red,154.97925311203318,-0.55
T5_PC_w4_PD,T5,Cii,PC,4,PD,red,156.84647302904563,-0.55
T5_PC_w4_PD,T5,Cii,PC,4,PD,red,158.71369294605813,-0.55
T5_PC_w4_PD,T5,Cii,PC,4,PD,red,160.58091286307052,-0.55
T5_PC_w4_PD,T5,Cii,PC,4,PD,red,162.44813278008303,-0.55
T5_PC_w4_PD,T5,Cii,PC,4,PD,red,164.31535269709548,-0.55
T5_PC_w4_PD,T5,Cii,PC,4,PD,red,166.18257261410787,-0.55
T5_PC_w4_PD,T5,Cii,PC,4,PD,red,168.04979253112032,-0.55
T5_PC_w4_PD,T5,Cii,PC,4,PD,red,169.91701244813282,-0.55
T5_PC_w4_PD,T5,Cii,PC,4,PD,red,171.78423236514527,-0.45
T5_PC_w4_PD,T5,Cii,PC,4,PD,red,173.65145228215766,-0.4
T5_PC_w4_PD,T5,Cii,PC,4,PD,red,175.5186721991701,-0.3
T5_PC_w4_PD,T5,Cii,PC,4,PD,red,177.38589211618262,-0.15
T5_PC_w4_PD,T5,Cii,PC,4,PD,red,179.253112033195,0.05
T5_PC_w4_PD,T5,Cii,PC,4,PD,red,181.1203319502074,0.2
T5_PC_w4_PD,T5,Cii,PC,4,PD,red,182.9875518672199,0.3
T5_PC_w4_PD,T5,Cii,PC,4,PD,red,184.8547717842324,0.5
T5_PC_w4_PD,T5,Cii,PC,4,PD,red,186.7219917012448,0.65
T5_PC_w4_PD,T5,Cii,PC,4,PD,red,188.58921161825725,0.85
T5_PC_w4_PD,T5,Cii,PC,4,PD,red,190.45643153526976,0.95
T5_PC_w4_PD,T5,Cii,PC,4,PD,red,192.3236514522821,1.05
T5_PC_w4_PD,T5,Cii,PC,4,PD,red,194.1908713692946,1.2
T5_PC_w4_PD,T5,Cii,PC,4,PD,red,196.05809128630708,1.4
T5_PC_w4_PD,T5,Cii,PC,4,PD,red,197.92531120331952,1.55
T5_PC_w4_PD,T5,Cii,PC,4,PD,red,199.792531120332,1.7
T5_PC_w4_PD,T5,Cii,PC,4,PD,red,201.6597510373444,1.9
T5_PC_w4_PD,T5,Cii,PC,4,PD,red,203.5269709543568,2.1
T5_PC_w4_PD,T5,Cii,PC,4,PD,red,205.3941908713693,2.3
T5_PC_w4_PD,T5,Cii,PC,4,PD,red,207.2614107883817,2.55
T5_PC_w4_PD,T5,Cii,PC,4,PD,red,209.1286307053942,2.7
T5_PC_w4_PD,T5,Cii,PC,4,PD,red,210.99585062240664,2.85
T5_PC_w4_PD,T5,Cii,PC,4,PD,red,212.8630705394191,3.05
T5_PC_w4_PD,T5,Cii,PC,4,PD,red,214.7302904564316,3.3
T5_PC_w4_PD,T5,Cii,PC,4,PD,red,216.597510373444,3.6
T5_PC_w4_PD,T5,Cii,PC,4,PD,red,218.4647302904564,3.95
T5_PC_w4_PD,T5,Cii,PC,4,PD,red,220.33195020746888,4.25
T5_PC_w4_PD,T5,Cii,PC,4,PD,red,222.19917012448133,4.6
T5_PC_w4_PD,T5,Cii,PC,4,PD,red,224.06639004149372,5.0
T5_PC_w4_PD,T5,Cii,PC,4,PD,red,225.93360995850628,5.45
T5_PC_w4_PD,T5,Cii,PC,4,PD,red,227.80082987551867,5.9
T5_PC_w4_PD,T5,Cii,PC,4,PD,red,229.66804979253112,6.25
T5_PC_w4_PD,T5,Cii,PC,4,PD,red,231.5352697095436,6.65
T5_PC_w4_PD,T5,Cii,PC,4,PD,red,233.402489626556,7.0
T5_PC_w4_PD,T5,Cii,PC,4,PD,red,235.2697095435684,7.45
T5_PC_w4_PD,T5,Cii,PC,4,PD,red,237.1369294605809,8.0
T5_PC_w4_PD,T5,Cii,PC,4,PD,red,239.00414937759336,8.4
T5_PC_w4_PD,T5,Cii,PC,4,PD,red,240.8713692946058,8.75
T5_PC_w4_PD,T5,Cii,PC,4,PD,red,242.73858921161823,9.1
T5_PC_w4_PD,T5,Cii,PC,4,PD,red,244.6058091286307,9.55
T5_PC_w4_PD,T5,Cii,PC,4,PD,red,246.47302904564322,10.0
T5_PC_w4_PD,T5,Cii,PC,4,PD,red,248.3402489626556,10.35
T5_PC_w4_PD,T5,Cii,PC,4,PD,red,250.20746887966808,10.65
T5_PC_w4_PD,T5,Cii,PC,4,PD,red,252.0746887966805,10.95
T5_PC_w4_PD,T5,Cii,PC,4,PD,red,253.9419087136929,11.2
T5_PC_w4_PD,T5,Cii,PC,4,PD,red,255.8091286307054,11.35
T5_PC_w4_PD,T5,Cii,PC,4,PD,red,257.6763485477179,11.55
T5_PC_w4_PD,T5,Cii,PC,4,PD,red,259.54356846473024,11.7
T5_PC_w4_PD,T5,Cii,PC,4,PD,red,261.41078838174275,11.8
T5_PC_w4_PD,T5,Cii,PC,4,PD,red,263.27800829875514,12.05
T5_PC_w4_PD,T5,Cii,PC,4,PD,red,265.1452282157676,12.35
T5_PC_w4_PD,T5,Cii,PC,4,PD,red,267.0124481327801,12.6
T5_PC_w4_PD,T5,Cii,PC,4,PD,red,268.8796680497926,12.75
T5_PC_w4_PD,T5,Cii,PC,4,PD,red,270.746887966805,12.95
T5_PC_w4_PD,T5,Cii,PC,4,PD,red,272.61410788381744,13.2
T5_PC_w4_PD,T5,Cii,PC,4,PD,red,274.4813278008299,13.45
T5_PC_w4_PD,T5,Cii,PC,4,PD,red,276.3485477178423,13.65
T5_PC_w4_PD,T5,Cii,PC,4,PD,red,278.21576763485484,13.75
T5_PC_w4_PD,T5,Cii,PC,4,PD,red,280.08298755186723,13.9
T5_PC_w4_PD,T5,Cii,PC,4,PD,red,281.9502074688797,14.15
T5_PC_w4_PD,T5,Cii,PC,4,PD,red,283.81742738589213,14.35
T5_PC_w4_PD,T5,Cii,PC,4,PD,red,285.6846473029046,14.45
T5_PC_w4_PD,T5,Cii,PC,4,PD,red,287.551867219917,14.65
T5_PC_w4_PD,T5,Cii,PC,4,PD,red,289.4190871369294,14.95
T5_PC_w4_PD,T5,Cii,PC,4,PD,red,291.28630705394187,15.2
T5_PC_w4_PD,T5,Cii,PC,4,PD,red,293.1535269709544,15.5
T5_PC_w4_PD,T5,Cii,PC,4,PD,red,295.0207468879668,15.9
T5_PC_w4_PD,T5,Cii,PC,4,PD,red,296.88796680497927,16.3
T5_PC_w4_PD,T5,Cii,PC,4,PD,red,298.7551867219917,16.7
T5_PC_w4_PD,T5,Cii,PC,4,PD,red,300.62240663900417,17.05
T5_PC_w4_PD,T5,Cii,PC,4,PD,red,302.48962655601656,17.45
T5_PC_w4_PD,T5,Cii,PC,4,PD,red,304.356846473029,17.7
T5_PC_w4_PD,T5,Cii,PC,4,PD,red,306.2240663900415,18.0
T5_PC_w4_PD,T5,Cii,PC,4,PD,red,308.091286307054,18.3
T5_PC_w4_PD,T5,Cii,PC,4,PD,red,309.9585062240664,18.75
T5_PC_w4_PD,T5,Cii,PC,4,PD,red,311.82572614107886,19.1
T5_PC_w4_PD,T5,Cii,PC,4,PD,red,313.6929460580913,19.45
T5_PC_w4_PD,T5,Cii,PC,4,PD,red,315.5601659751037,19.85
T5_PC_w4_PD,T5,Cii,PC,4,PD,red,317.4273858921161,20.15
T5_PC_w4_PD,T5,Cii,PC,4,PD,red,319.2946058091286,20.55
T5_PC_w4_PD,T5,Cii,PC,4,PD,red,321.1618257261411,20.9
T5_PC_w4_PD,T5,Cii,PC,4,PD,red,323.02904564315355,21.25
T5_PC_w4_PD,T5,Cii,PC,4,PD,red,324.896265560166,21.45
T5_PC_w4_PD,T5,Cii,PC,4,PD,red,326.76348547717845,21.65
T5_PC_w4_PD,T5,Cii,PC,4,PD,red,328.63070539419084,21.8
T5_PC_w4_PD,T5,Cii,PC,4,PD,red,330.4979253112033,22.05
T5_PC_w4_PD,T5,Cii,PC,4,PD,red,332.36514522821574,22.25
T5_PC_w4_PD,T5,Cii,PC,4,PD,red,334.23236514522824,22.4
T5_PC_w4_PD,T5,Cii,PC,4,PD,red,336.0995850622407,22.5
T5_PC_w4_PD,T5,Cii,PC,4,PD,red,337.9668049792532,22.85
T5_PC_w4_PD,T5,Cii,PC,4,PD,red,339.8340248962656,23.15
T5_PC_w4_PD,T5,Cii,PC,4,PD,red,341.701244813278,23.3
T5_PC_w4_PD,T5,Cii,PC,4,PD,red,343.56846473029043,23.5
T5_PC_w4_PD,T5,Cii,PC,4,PD,red,345.4356846473029,23.8
T5_PC_w4_PD,T5,Cii,PC,4,PD,red,347.3029045643153,24.05
T5_PC_w4_PD,T5,Cii,PC,4,PD,red,349.17012448132783,24.2
T5_PC_w4_PD,T5,Cii,PC,4,PD,red,351.0373443983403,24.3
T5_PC_w4_PD,T5,Cii,PC,4,PD,red,352.9045643153528,24.5
T5_PC_w4_PD,T5,Cii,PC,4,PD,red,354.7717842323651,24.55
T5_PC_w4_PD,T5,Cii,PC,4,PD,red,356.6390041493776,24.6
T5_PC_w4_PD,T5,Cii,PC,4,PD,red,358.50622406639,24.6
T5_PC_w4_PD,T5,Cii,PC,4,PD,red,360.37344398340247,24.6
T5_PC_w4_PD,T5,Cii,PC,4,PD,red,362.2406639004149,24.65
T5_PC_w4_PD,T5,Cii,PC,4,PD,red,364.1078838174275,24.65
T5_PC_w4_PD,T5,Cii,PC,4,PD,red,365.9751037344399,24.7
T5_PC_w4_PD,T5,Cii,PC,4,PD,red,367.84232365145226,24.95
T5_PC_w4_PD,T5,Cii,PC,4,PD,red,369.7095435684647,25.15
T5_PC_w4_PD,T5,Cii,PC,4,PD,red,371.57676348547716,25.3
T5_PC_w4_PD,T5,Cii,PC,4,PD,red,373.4439834024896,25.45
T5_PC_w4_PD,T5,Cii,PC,4,PD,red,375.31120331950206,25.6
T5_PC_w4_PD,T5,Cii,PC,4,PD,red,377.17842323651456,25.6
T5_PC_w4_PD,T5,Cii,PC,4,PD,red,379.045643153527,25.6
T5_PC_w4_PD,T5,Cii,PC,4,PD,red,380.9128630705394,25.6
T5_PC_w4_PD,T5,Cii,PC,4,PD,red,382.7800829875519,25.6
T5_PC_w4_PD,T5,Cii,PC,4,PD,red,384.6473029045643,25.45
T5_PC_w4_PD,T5,Cii,PC,4,PD,red,386.5145228215768,25.25
T5_PC_w4_PD,T5,Cii,PC,4,PD,red,388.3817427385892,25.1
T5_PC_w4_PD,T5,Cii,PC,4,PD,red,390.2489626556016,24.95
T5_PC_w4_PD,T5,Cii,PC,4,PD,red,392.1161825726141,24.9
T5_PC_w4_PD,T5,Cii,PC,4,PD,red,393.98340248962654,24.85
T5_PC_w4_PD,T5,Cii,PC,4,PD,red,395.850622406639,24.85
T5_PC_w4_PD,T5,Cii,PC,4,PD,red,397.7178423236513,24.8
T5_PC_w4_PD,T5,Cii,PC,4,PD,red,399.5850622406639,24.8
T5_PC_w4_PD,T5,Cii,PC,4,PD,red,401.45228215767634,24.6
T5_PC_w4_PD,T5,Cii,PC,4,PD,red,403.3195020746888,24.4
T5_PC_w4_PD,T5,Cii,PC,4,PD,red,405.1867219917013,24.35
T5_PC_w4_PD,T5,Cii,PC,4,PD,red,407.0539419087137,24.25
T5_PC_w4_PD,T5,Cii,PC,4,PD,red,408.9211618257261,23.9
T5_PC_w4_PD,T5,Cii,PC,4,PD,red,410.7883817427386,23.6
T5_PC_w4_PD,T5,Cii,PC,4,PD,red,412.655601659751,23.55
T5_PC_w4_PD,T5,Cii,PC,4,PD,red,414.5228215767635,23.35
T5_PC_w4_PD,T5,Cii,PC,4,PD,red,416.3900414937759,23.05
T5_PC_w4_PD,T5,Cii,PC,4,PD,red,418.2572614107884,22.7
T5_PC_w4_PD,T5,Cii,PC,4,PD,red,420.1244813278008,22.4
T5_PC_w4_PD,T5,Cii,PC,4,PD,red,421.99170124481327,22.1
T5_PC_w4_PD,T5,Cii,PC,4,PD,red,423.8589211618257,21.9
T5_PC_w4_PD,T5,Cii,PC,4,PD,red,425.72614107883817,21.6
T5_PC_w4_PD,T5,Cii,PC,4,PD,red,427.5933609958506,21.15
T5_PC_w4_PD,T5,Cii,PC,4,PD,red,429.4605809128631,20.75
T5_PC_w4_PD,T5,Cii,PC,4,PD,red,431.3278008298755,20.45
T5_PC_w4_PD,T5,Cii,PC,4,PD,red,433.195020746888,20.15
T5_PC_w4_PD,T5,Cii,PC,4,PD,red,435.0622406639004,19.75
T5_PC_w4_PD,T5,Cii,PC,4,PD,red,436.92946058091286,19.35
T5_PC_w4_PD,T5,Cii,PC,4,PD,red,438.7966804979253,19.05
T5_PC_w4_PD,T5,Cii,PC,4,PD,red,440.66390041493776,18.75
T5_PC_w4_PD,T5,Cii,PC,4,PD,red,442.5311203319502,18.35
T5_PC_w4_PD,T5,Cii,PC,4,PD,red,444.39834024896265,17.95
T5_PC_w4_PD,T5,Cii,PC,4,PD,red,446.2655601659751,17.6
T5_PC_w4_PD,T5,Cii,PC,4,PD,red,448.1327800829876,17.2
T5_PC_w4_PD,T5,Cii,PC,4,PD,red,450.0,16.8
T5_PC_w4_PD,T5,Cii,PC,4,PD,red,451.8672199170125,16.4
T5_PC_w4_PD,T5,Cii,PC,4,PD,red,453.7344398340249,16.0
T5_PC_w4_PD,T5,Cii,PC,4,PD,red,455.60165975103735,15.55
T5_PC_w4_PD,T5,Cii,PC,4,PD,red,457.4688796680498,15.15
T5_PC_w4_PD,T5,Cii,PC,4,PD,red,459.33609958506224,14.75
T5_PC_w4_PD,T5,Cii,PC,4,PD,red,461.2033195020747,14.35
T5_PC_w4_PD,T5,Cii,PC,4,PD,red,463.0705394190871,14.1
T5_PC_w4_PD,T5,Cii,PC,4,PD,red,464.93775933609953,13.7
T5_PC_w4_PD,T5,Cii,PC,4,PD,red,466.804979253112,13.35
T5_PC_w4_PD,T5,Cii,PC,4,PD,red,468.6721991701245,13.05
T5_PC_w4_PD,T5,Cii,PC,4,PD,red,470.539419087137,12.75
T5_PC_w4_PD,T5,Cii,PC,4,PD,red,472.40663900414944,12.35
T5_PC_w4_PD,T5,Cii,PC,4,PD,red,474.2738589211618,12.05
T5_PC_w4_PD,T5,Cii,PC,4,PD,red,476.1410788381743,11.65
T5_PC_w4_PD,T5,Cii,PC,4,PD,red,478.0082987551868,11.3
T5_PC_w4_PD,T5,Cii,PC,4,PD,red,479.8755186721992,11.0
T5_PC_w4_PD,T5,Cii,PC,4,PD,red,481.7427385892116,10.5
T5_PC_w4_PD,T5,Cii,PC,4,PD,red,483.6099585062241,10.1
T5_PC_w4_PD,T5,Cii,PC,4,PD,red,485.4771784232365,9.8
T5_PC_w4_PD,T5,Cii,PC,4,PD,red,487.344398340249,9.45
T5_PC_w4_PD,T5,Cii,PC,4,PD,red,489.21161825726136,9.0
T5_PC_w4_PD,T5,Cii,PC,4,PD,red,491.0788381742738,8.45
T5_PC_w4_PD,T5,Cii,PC,4,PD,red,492.9460580912863,8.0
T5_PC_w4_PD,T5,Cii,PC,4,PD,red,494.8132780082987,7.6
T5_PC_w4_PD,T5,Cii,PC,4,PD,red,496.6804979253113,7.2
T5_PC_w4_PD,T5,Cii,PC,4,PD,red,498.5477178423237,6.8
T5_PC_w4_PD,T5,Cii,PC,4,PD,red,500.4149377593361,6.45
T5_PC_w4_PD,T5,Cii,PC,4,PD,red,502.28215767634856,6.1
T5_PC_w4_PD,T5,Cii,PC,4,PD,red,504.149377593361,5.7
T5_PC_w4_PD,T5,Cii,PC,4,PD,red,506.0165975103735,5.4
T5_PC_w4_PD,T5,Cii,PC,4,PD,red,507.8838174273859,5.1
T5_PC_w4_PD,T5,Cii,PC,4,PD,red,509.7510373443984,4.75
T5_PC_w4_PD,T5,Cii,PC,4,PD,red,511.6182572614108,4.5
T5_PC_w4_PD,T5,Cii,PC,4,PD,red,513.4854771784233,4.15
T5_PC_w4_PD,T5,Cii,PC,4,PD,red,515.3526970954356,3.85
T5_PC_w4_PD,T5,Cii,PC,4,PD,red,517.2199170124481,3.55
T5_PC_w4_PD,T5,Cii,PC,4,PD,red,519.0871369294606,3.3
T5_PC_w4_PD,T5,Cii,PC,4,PD,red,520.954356846473,3.0
T5_PC_w4_PD,T5,Cii,PC,4,PD,red,522.8215767634854,2.75
T5_PC_w4_PD,T5,Cii,PC,4,PD,red,524.688796680498,2.5
T5_PC_w4_PD,T5,Cii,PC,4,PD,red,526.5560165975104,2.25
T5_PC_w4_PD,T5,Cii,PC,4,PD,red,528.4232365145228,2.1
T5_PC_w4_PD,T5,Cii,PC,4,PD,red,530.2904564315353,1.9
T5_PC_w4_PD,T5,Cii,PC,4,PD,red,532.1576763485477,1.7
T5_PC_w4_PD,T5,Cii,PC,4,PD,red,534.0248962655602,1.6
T5_PC_w4_PD,T5,Cii,PC,4,PD,red,535.8921161825726,1.45
T5_PC_w4_PD,T5,Cii,PC,4,PD,red,537.7593360995851,1.35
T5_PC_w4_PD,T5,Cii,PC,4,PD,red,539.6265560165975,1.2
T5_PC_w4_PD,T5,Cii,PC,4,PD,red,541.49377593361,1.05
T5_PC_w4_PD,T5,Cii,PC,4,PD,red,543.3609958506224,0.9
T5_PC_w4_PD,T5,Cii,PC,4,PD,red,545.2282157676349,0.75
T5_PC_w4_PD,T5,Cii,PC,4,PD,red,547.0954356846473,0.55
T5_PC_w4_PD,T5,Cii,PC,4,PD,red,548.9626556016597,0.45
T5_PC_w4_PD,T5,Cii,PC,4,PD,red,550.8298755186721,0.35
T5_PC_w4_PD,T5,Cii,PC,4,PD,red,552.6970954356847,0.2
T5_PC_w4_PD,T5,Cii,PC,4,PD,red,554.5643153526971,0.05
T5_PC_w4_PD,T5,Cii,PC,4,PD,red,556.4315352697097,-0.05
T5_PC_w4_PD,T5,Cii,PC,4,PD,red,558.298755186722,-0.15
T5_PC_w4_PD,T5,Cii,PC,4,PD,red,560.1659751037345,-0.2
T5_PC_w4_PD,T5,Cii,PC,4,PD,red,562.0331950207469,-0.2
T5_PC_w4_PD,T5,Cii,PC,4,PD,red,563.9004149377594,-0.3
T5_PC_w4_PD,T5,Cii,PC,4,PD,red,565.7676348547718,-0.3
T5_PC_w4_PD,T5,Cii,PC,4,PD,red,567.6348547717843,-0.3
T5_PC_w4_PD,T5,Cii,PC,4,PD,red,569.5020746887967,-0.35
T5_PC_w4_PD,T5,Cii,PC,4,PD,red,571.3692946058093,-0.35
T5_PC_w4_PD,T5,Cii,PC,4,PD,red,573.2365145228216,-0.35
T5_PC_w4_PD,T5,Cii,PC,4,PD,red,575.1037344398339,-0.35
T5_PC_w4_PD,T5,Cii,PC,4,PD,red,576.9709543568464,-0.35
T5_PC_w4_PD,T5,Cii,PC,4,PD,red,578.8381742738588,-0.35
T5_PC_w4_PD,T5,Cii,PC,4,PD,red,580.7053941908714,-0.35
T5_PC_w4_PD,T5,Cii,PC,4,PD,red,582.572614107884,-0.35
T5_PC_w4_PD,T5,Cii,PC,4,PD,red,584.4398340248963,-0.4
T5_PC_w4_PD,T5,Cii,PC,4,PD,red,586.3070539419089,-0.45
T5_PC_w4_PD,T5,Cii,PC,4,PD,red,588.1742738589212,-0.5
T5_PC_w4_PD,T5,Cii,PC,4,PD,red,590.0414937759338,-0.6
T5_PC_w4_PD,T5,Cii,PC,4,PD,red,591.9087136929461,-0.7
T5_PC_w4_PD,T5,Cii,PC,4,PD,red,593.7759336099585,-0.75
T5_PC_w4_PD,T5,Cii,PC,4,PD,red,595.643153526971,-0.85
T5_PC_w4_PD,T5,Cii,PC,4,PD,red,597.5103734439833,-0.95
T5_PC_w4_PD,T5,Cii,PC,4,PD,red,599.3775933609959,-1.05
T5_PC_w4_PD,T5,Cii,PC,4,PD,red,601.2448132780082,-1.05
T5_PC_w4_PD,T5,Cii,PC,4,PD,red,603.1120331950207,-1.1
T5_PC_w4_PD,T5,Cii,PC,4,PD,red,604.9792531120331,-1.1
T5_PC_w4_PD,T5,Cii,PC,4,PD,red,606.8464730290457,-1.15
T5_PC_w4_PD,T5,Cii,PC,4,PD,red,608.713692946058,-1.2
T5_PC_w4_PD,T5,Cii,PC,4,PD,red,610.5809128630706,-1.25
T5_PC_w4_PD,T5,Cii,PC,4,PD,red,612.448132780083,-1.3
T5_PC_w4_PD,T5,Cii,PC,4,PD,red,614.3153526970955,-1.4
T5_PC_w4_PD,T5,Cii,PC,4,PD,red,616.1825726141079,-1.5
T5_PC_w4_PD,T5,Cii,PC,4,PD,red,618.0497925311204,-1.55
T5_PC_w4_PD,T5,Cii,PC,4,PD,red,619.9170124481328,-1.6
T5_PC_w4_PD,T5,Cii,PC,4,PD,red,621.7842323651453,-1.7
T5_PC_w4_PD,T5,Cii,PC,4,PD,red,623.6514522821577,-1.75
T5_PC_w4_PD,T5,Cii,PC,4,PD,red,625.5186721991702,-1.8
T5_PC_w4_PD,T5,Cii,PC,4,PD,red,627.3858921161825,-1.85
T5_PC_w4_PD,T5,Cii,PC,4,PD,red,629.253112033195,-1.85
T5_PC_w4_PD,T5,Cii,PC,4,PD,red,631.1203319502074,-1.85
T5_PC_w4_PD,T5,Cii,PC,4,PD,red,632.98755186722,-1.85
T5_PC_w4_PD,T5,Cii,PC,4,PD,red,634.8547717842323,-1.85
T5_PC_w4_PD,T5,Cii,PC,4,PD,red,636.7219917012449,-1.85
T5_PC_w4_PD,T5,Cii,PC,4,PD,red,638.5892116182573,-1.85
T5_PC_w4_PD,T5,Cii,PC,4,PD,red,640.4564315352698,-1.75
T5_PC_w4_PD,T5,Cii,PC,4,PD,red,642.3236514522822,-1.75
T5_PC_w4_PD,T5,Cii,PC,4,PD,red,644.1908713692947,-1.75
T5_PC_w4_PD,T5,Cii,PC,4,PD,red,646.0580912863071,-1.75
T5_PC_w4_PD,T5,Cii,PC,4,PD,red,647.9253112033196,-1.75
T5_PC_w4_PD,T5,Cii,PC,4,PD,red,649.792531120332,-1.85
T5_PC_w4_PD,T5,Cii,PC,4,PD,red,651.6597510373444,-1.9
T5_PC_w4_PD,T5,Cii,PC,4,PD,red,653.5269709543568,-1.9
T5_PC_w4_PD,T5,Cii,PC,4,PD,red,655.3941908713691,-1.9
T5_PC_w4_PD,T5,Cii,PC,4,PD,red,657.2614107883817,-1.9
T5_PC_w4_PD,T5,Cii,PC,4,PD,red,659.128630705394,-1.9
T5_PC_w4_PD,T5,Cii,PC,4,PD,red,660.9958506224066,-1.9
T5_PC_w4_PD,T5,Cii,PC,4,PD,red,662.863070539419,-1.9
T5_PC_w4_PD,T5,Cii,PC,4,PD,red,664.7302904564316,-1.8
T5_PC_w4_PD,T5,Cii,PC,4,PD,red,666.597510373444,-1.75
T5_PC_w4_PD,T5,Cii,PC,4,PD,red,668.4647302904565,-1.65
T5_PC_w4_PD,T5,Cii,PC,4,PD,red,670.3319502074689,-1.65
T5_PC_w4_PD,T5,Cii,PC,4,PD,red,672.1991701244814,-1.65
T5_PC_w4_PD,T5,Cii,PC,4,PD,red,674.0663900414938,-1.65
T5_PC_w4_PD,T5,Cii,PC,4,PD,red,675.9336099585063,-1.65
T5_PC_w4_PD,T5,Cii,PC,4,PD,red,677.8008298755187,-1.65
T5_PC_w4_PD,T5,Cii,PC,4,PD,red,679.6680497925311,-1.65
T5_PC_w4_PD,T5,Cii,PC,4,PD,red,681.5352697095435,-1.65
T5_PC_w4_PD,T5,Cii,PC,4,PD,red,683.402489626556,-1.65
T5_PC_w4_PD,T5,Cii,PC,4,PD,red,685.2697095435684,-1.55
T5_PC_w4_PD,T5,Cii,PC,4,PD,red,687.1369294605809,-1.55
T5_PC_w4_PD,T5,Cii,PC,4,PD,red,689.0041493775933,-1.55
T5_PC_w4_PD,T5,Cii,PC,4,PD,red,690.8713692946058,-1.55
T5_PC_w4_PD,T5,Cii,PC,4,PD,red,692.7385892116182,-1.55
T5_PC_w4_PD,T5,Cii,PC,4,PD,red,694.6058091286308,-1.55
T5_PC_w4_PD,T5,Cii,PC,4,PD,red,696.4730290456432,-1.65
T5_PC_w4_PD,T5,Cii,PC,4,PD,red,698.3402489626557,-1.65
T5_PC_w4_PD,T5,Cii,PC,4,PD,red,700.2074688796681,-1.7
T5_PC_w4_PD,T5,Cii,PC,4,PD,red,702.0746887966806,-1.75
T5_PC_w4_PD,T5,Cii,PC,4,PD,red,703.941908713693,-1.75
T5_PC_w4_PD,T5,Cii,PC,4,PD,red,705.8091286307053,-1.75
T5_PC_w4_PD,T5,Cii,PC,4,PD,red,707.6763485477178,-1.8
T5_PC_w4_PD,T5,Cii,PC,4,PD,red,709.5435684647302,-1.85
T5_PC_w4_PD,T5,Cii,PC,4,PD,red,711.4107883817427,-1.85
T5_PC_w4_PD,T5,Cii,PC,4,PD,red,713.2780082987551,-1.9
T5_PC_w4_PD,T5,Cii,PC,4,PD,red,715.1452282157676,-1.95
T5_PC_w4_PD,T5,Cii,PC,4,PD,red,717.01244813278,-1.95
T5_PC_w4_PD,T5,Cii,PC,4,PD,red,718.8796680497925,-2.05
T5_PC_w4_PD,T5,Cii,PC,4,PD,red,720.7468879668049,-2.05
T5_PC_w4_PD,T5,Cii,PC,4,PD,red,722.6141078838175,-2.05
T5_PC_w4_PD,T5,Cii,PC,4,PD,red,724.48132780083,-2.05
T5_PC_w4_PD,T5,Cii,PC,4,PD,red,726.3485477178424,-2.05
T5_PC_w4_PD,T5,Cii,PC,4,PD,red,728.2157676348548,-2.05
T5_PC_w4_PD,T5,Cii,PC,4,PD,red,730.0829875518673,-2.05
T5_PC_w4_PD,T5,Cii,PC,4,PD,red,731.9502074688796,-2.05
T5_PC_w4_PD,T5,Cii,PC,4,PD,red,733.8174273858921,-2.05
T5_PC_w4_PD,T5,Cii,PC,4,PD,red,735.6846473029045,-2.05
T5_PC_w4_PD,T5,Cii,PC,4,PD,red,737.551867219917,-2.05
T5_PC_w4_PD,T5,Cii,PC,4,PD,red,739.4190871369294,-2.05
T5_PC_w4_PD,T5,Cii,PC,4,PD,red,741.2863070539419,-2.05
T5_PC_w4_PD,T5,Cii,PC,4,PD,red,743.1535269709543,-2.05
T5_PC_w4_PD,T5,Cii,PC,4,PD,red,745.0207468879669,-2.05
T5_PC_w4_PD,T5,Cii,PC,4,PD,red,746.8879668049792,-2.05
T5_PC_w4_PD,T5,Cii,PC,4,PD,red,748.7551867219917,-2.0
T5_PC_w4_PD,T5,Cii,PC,4,PD,red,750.6224066390042,-1.95
T5_PC_w4_PD,T5,Cii,PC,4,PD,red,752.4896265560167,-1.9
T5_PC_w4_PD,T5,Cii,PC,4,PD,red,754.3568464730291,-1.9
T5_PC_w4_PD,T5,Cii,PC,4,PD,red,756.2240663900416,-1.9
T5_PC_w4_PD,T5,Cii,PC,4,PD,red,758.0912863070539,-1.9
T5_PC_w4_PD,T5,Cii,PC,4,PD,red,759.9585062240664,-1.9
T5_PC_w4_PD,T5,Cii,PC,4,PD,red,761.8257261410788,-1.95
T5_PC_w4_PD,T5,Cii,PC,4,PD,red,763.6929460580913,-1.95
T5_PC_w4_PD,T5,Cii,PC,4,PD,red,765.5601659751037,-1.95
T5_PC_w4_PD,T5,Cii,PC,4,PD,red,767.427385892116,-1.95
T5_PC_w4_PD,T5,Cii,PC,4,PD,red,769.2946058091286,-1.95
T5_PC_w4_PD,T5,Cii,PC,4,PD,red,771.161825726141,-1.95
T5_PC_w4_PD,T5,Cii,PC,4,PD,red,773.0290456431535,-2.0
T5_PC_w4_PD,T5,Cii,PC,4,PD,red,774.896265560166,-2.05
T5_PC_w4_PD,T5,Cii,PC,4,PD,red,776.7634854771784,-2.05
T5_PC_w4_PD,T5,Cii,PC,4,PD,red,778.630705394191,-2.05
T5_PC_w4_PD,T5,Cii,PC,4,PD,red,780.4979253112034,-2.05
T5_PC_w4_PD,T5,Cii,PC,4,PD,red,782.3651452282159,-2.05
T5_PC_w4_PD,T5,Cii,PC,4,PD,red,784.2323651452282,-2.05
T5_PC_w4_PD,T5,Cii,PC,4,PD,red,786.0995850622406,-2.05
T5_PC_w4_PD,T5,Cii,PC,4,PD,red,787.9668049792531,-2.15
T5_PC_w4_PD,T5,Cii,PC,4,PD,red,789.8340248962655,-2.15
T5_PC_w4_PD,T5,Cii,PC,4,PD,red,791.701244813278,-2.2
T5_PC_w4_PD,T5,Cii,PC,4,PD,red,793.5684647302904,-2.25
T5_PC_w4_PD,T5,Cii,PC,4,PD,red,795.4356846473029,-2.3
T5_PC_w4_PD,T5,Cii,PC,4,PD,red,797.3029045643153,-2.35
T5_PC_w4_PD,T5,Cii,PC,4,PD,red,799.1701244813278,-2.4
T5_PC_w4_PD,T5,Cii,PC,4,PD,red,801.0373443983402,-2.45
T5_PC_w4_PD,T5,Cii,PC,4,PD,red,802.9045643153527,-2.45
T5_PC_w4_PD,T5,Cii,PC,4,PD,red,804.7717842323651,-2.55
T5_PC_w4_PD,T5,Cii,PC,4,PD,red,806.6390041493777,-2.55
T5_PC_w4_PD,T5,Cii,PC,4,PD,red,808.5062240663901,-2.55
T5_PC_w4_PD,T5,Cii,PC,4,PD,red,810.3734439834025,-2.6
T5_PC_w4_PD,T5,Cii,PC,4,PD,red,812.2406639004149,-2.65
T5_PC_w4_PD,T5,Cii,PC,4,PD,red,814.1078838174274,-2.65
T5_PC_w4_PD,T5,Cii,PC,4,PD,red,815.9751037344398,-2.65
T5_PC_w4_PD,T5,Cii,PC,4,PD,red,817.8423236514523,-2.65
T5_PC_w4_PD,T5,Cii,PC,4,PD,red,819.7095435684647,-2.65
T5_PC_w4_PD,T5,Cii,PC,4,PD,red,821.5767634854772,-2.65
T5_PC_w4_PD,T5,Cii,PC,4,PD,red,823.4439834024896,-2.65
T5_PC_w4_PD,T5,Cii,PC,4,PD,red,825.311203319502,-2.65
T5_PC_w4_PD,T5,Cii,PC,4,PD,red,827.1784232365145,-2.55
T5_PC_w4_PD,T5,Cii,PC,4,PD,red,829.045643153527,-2.55
T5_PC_w4_PD,T5,Cii,PC,4,PD,red,830.9128630705394,-2.5
T5_PC_w4_PD,T5,Cii,PC,4,PD,red,832.7800829875519,-2.45
T5_PC_w4_PD,T5,Cii,PC,4,PD,red,834.6473029045644,-2.45
T5_PC_w4_PD,T5,Cii,PC,4,PD,red,836.5145228215767,-2.45
T5_PC_w4_PD,T5,Cii,PC,4,PD,red,838.3817427385892,-2.45
T5_PC_w4_PD,T5,Cii,PC,4,PD,red,840.2489626556016,-2.45
T5_PC_w4_PD,T5,Cii,PC,4,PD,red,842.1161825726141,-2.45
T5_PC_w4_PD,T5,Cii,PC,4,PD,red,843.9834024896265,-2.45
T5_PC_w4_PD,T5,Cii,PC,4,PD,red,845.850622406639,-2.45
T5_PC_w4_PD,T5,Cii,PC,4,PD,red,847.7178423236514,-2.4
T5_PC_w4_PD,T5,Cii,PC,4,PD,red,849.5850622406639,-2.4
T5_PC_w4_PD,T5,Cii,PC,4,PD,red,851.4522821576763,-2.4
T5_PC_w4_PD,T5,Cii,PC,4,PD,red,853.3195020746888,-2.4
T5_PC_w4_PD,T5,Cii,PC,4,PD,red,855.1867219917012,-2.4
T5_PC_w4_PD,T5,Cii,PC,4,PD,red,857.0539419087137,-2.45
T5_PC_w4_PD,T5,Cii,PC,4,PD,red,858.9211618257261,-2.5
T5_PC_w4_PD,T5,Cii,PC,4,PD,red,860.7883817427386,-2.55
T5_PC_w4_PD,T5,Cii,PC,4,PD,red,862.655601659751,-2.55
T5_PC_w4_PD,T5,Cii,PC,4,PD,red,864.5228215767635,-2.55
T5_PC_w4_PD,T5,Cii,PC,4,PD,red,866.3900414937759,-2.55
T5_PC_w4_PD,T5,Cii,PC,4,PD,red,868.2572614107884,-2.55
T5_PC_w4_PD,T5,Cii,PC,4,PD,red,870.1244813278008,-2.55
T5_PC_w4_PD,T5,Cii,PC,4,PD,red,871.9917012448133,-2.5
T5_PC_w4_PD,T5,Cii,PC,4,PD,red,873.8589211618257,-2.5
T5_PC_w4_PD,T5,Cii,PC,4,PD,red,875.7261410788382,-2.45
T5_PC_w4_PD,T5,Cii,PC,4,PD,red,877.5933609958506,-2.4
T5_PC_w4_PD,T5,Cii,PC,4,PD,red,879.4605809128632,-2.35
T5_PC_w4_PD,T5,Cii,PC,4,PD,red,881.3278008298755,-2.3
T5_PC_w4_PD,T5,Cii,PC,4,PD,red,883.1950207468881,-2.25
T5_PC_w4_PD,T5,Cii,PC,4,PD,red,885.0622406639004,-2.25
T5_PC_w4_PD,T5,Cii,PC,4,PD,red,886.9294605809129,-2.25
T5_PC_w4_PD,T5,Cii,PC,4,PD,red,888.7966804979253,-2.25
T5_PC_w4_PD,T5,Cii,PC,4,PD,red,890.6639004149378,-2.25
T5_PC_w4_PD,T5,Cii,PC,4,PD,red,892.5311203319502,-2.25
T5_PC_w4_PD,T5,Cii,PC,4,PD,red,894.3983402489627,-2.25
T5_PC_w4_PD,T5,Cii,PC,4,PD,red,896.2655601659751,-2.25
T5_PC_w4_PD,T5,Cii,PC,4,PD,red,898.1327800829877,-2.25
T5_PC_w4_PD,T5,Cii,PC,4,PD,red,900.0,-2.2
T5_PC_w4_PD,T5,Cii,PC,4,PD,red,901.8672199170126,-2.2
T5_PC_w4_PD,T5,Cii,PC,4,PD,red,903.7344398340248,-2.2
T5_PC_w4_ND,T5,Cii,PC,4,ND,blue,0.0,0.0
T5_PC_w4_ND,T5,Cii,PC,4,ND,blue,9.336099585062243,0.0
T5_PC_w4_ND,T5,Cii,PC,4,ND,blue,16.80497925311198,0.0
T5_PC_w4_ND,T5,Cii,PC,4,ND,blue,22.406639004149383,-0.15
T5_PC_w4_ND,T5,Cii,PC,4,ND,blue,24.273858921161846,-0.15
T5_PC_w4_ND,T5,Cii,PC,4,ND,blue,29.875518672199178,-0.2
T5_PC_w4_ND,T5,Cii,PC,4,ND,blue,37.34439834024896,-0.2
T5_PC_w4_ND,T5,Cii,PC,4,ND,blue,39.21161825726142,-0.25
T5_PC_w4_ND,T5,Cii,PC,4,ND,blue,41.078838174273926,-0.25
T5_PC_w4_ND,T5,Cii,PC,4,ND,blue,42.94605809128632,-0.2
T5_PC_w4_ND,T5,Cii,PC,4,ND,blue,44.81327800829882,-0.25
T5_PC_w4_ND,T5,Cii,PC,4,ND,blue,46.680497925311215,-0.2
T5_PC_w4_ND,T5,Cii,PC,4,ND,blue,48.547717842323664,-0.2
T5_PC_w4_ND,T5,Cii,PC,4,ND,blue,50.41493775933613,-0.2
T5_PC_w4_ND,T5,Cii,PC,4,ND,blue,54.149377593360995,-0.15
T5_PC_w4_ND,T5,Cii,PC,4,ND,blue,56.01659751037346,-0.05
T5_PC_w4_ND,T5,Cii,PC,4,ND,blue,57.88381742738591,0.0
T5_PC_w4_ND,T5,Cii,PC,4,ND,blue,59.7510373443984,0.0
T5_PC_w4_ND,T5,Cii,PC,4,ND,blue,61.618257261410804,0.0
T5_PC_w4_ND,T5,Cii,PC,4,ND,blue,63.485477178423196,0.0
T5_PC_w4_ND,T5,Cii,PC,4,ND,blue,65.3526970954357,0.0
T5_PC_w4_ND,T5,Cii,PC,4,ND,blue,67.2199170124481,-0.05
T5_PC_w4_ND,T5,Cii,PC,4,ND,blue,69.0871369294606,-0.05
T5_PC_w4_ND,T5,Cii,PC,4,ND,blue,74.68879668049794,-0.15
T5_PC_w4_ND,T5,Cii,PC,4,ND,blue,76.55601659751039,-0.15
T5_PC_w4_ND,T5,Cii,PC,4,ND,blue,80.29045643153529,-0.15
T5_PC_w4_ND,T5,Cii,PC,4,ND,blue,82.15767634854774,-0.15
T5_PC_w4_ND,T5,Cii,PC,4,ND,blue,84.02489626556019,-0.15
T5_PC_w4_ND,T5,Cii,PC,4,ND,blue,85.89211618257264,0.1
T5_PC_w4_ND,T5,Cii,PC,4,ND,blue,87.75933609958508,0.25
T5_PC_w4_ND,T5,Cii,PC,4,ND,blue,89.62655601659753,0.3
T5_PC_w4_ND,T5,Cii,PC,4,ND,blue,91.49377593360998,0.35
T5_PC_w4_ND,T5,Cii,PC,4,ND,blue,93.36099585062236,0.35
T5_PC_w4_ND,T5,Cii,PC,4,ND,blue,95.22821576763488,0.35
T5_PC_w4_ND,T5,Cii,PC,4,ND,blue,97.09543568464731,0.3
T5_PC_w4_ND,T5,Cii,PC,4,ND,blue,98.96265560165978,0.3
T5_PC_w4_ND,T5,Cii,PC,4,ND,blue,100.82987551867222,0.25
T5_PC_w4_ND,T5,Cii,PC,4,ND,blue,102.69709543568467,0.25
T5_PC_w4_ND,T5,Cii,PC,4,ND,blue,104.56431535269712,0.2
T5_PC_w4_ND,T5,Cii,PC,4,ND,blue,106.43153526970954,0.15
T5_PC_w4_ND,T5,Cii,PC,4,ND,blue,110.16597510373448,0.15
T5_PC_w4_ND,T5,Cii,PC,4,ND,blue,113.90041493775936,0.1
T5_PC_w4_ND,T5,Cii,PC,4,ND,blue,117.6348547717842,0.1
T5_PC_w4_ND,T5,Cii,PC,4,ND,blue,119.50207468879672,0.1
T5_PC_w4_ND,T5,Cii,PC,4,ND,blue,121.3692946058091,0.1
T5_PC_w4_ND,T5,Cii,PC,4,ND,blue,123.23651452282157,0.1
T5_PC_w4_ND,T5,Cii,PC,4,ND,blue,125.10373443983406,0.1
T5_PC_w4_ND,T5,Cii,PC,4,ND,blue,126.9709543568465,0.1
T5_PC_w4_ND,T5,Cii,PC,4,ND,blue,130.7053941908714,0.0
T5_PC_w4_ND,T5,Cii,PC,4,ND,blue,132.5726141078839,0.0
T5_PC_w4_ND,T5,Cii,PC,4,ND,blue,134.4398340248963,-0.05
T5_PC_w4_ND,T5,Cii,PC,4,ND,blue,136.30705394190875,-0.1
T5_PC_w4_ND,T5,Cii,PC,4,ND,blue,138.17427385892114,-0.1
T5_PC_w4_ND,T5,Cii,PC,4,ND,blue,140.04149377593365,-0.25
T5_PC_w4_ND,T5,Cii,PC,4,ND,blue,141.9087136929461,-0.25
T5_PC_w4_ND,T5,Cii,PC,4,ND,blue,143.77593360995854,-0.25
T5_PC_w4_ND,T5,Cii,PC,4,ND,blue,145.64315352697088,-0.25
T5_PC_w4_ND,T5,Cii,PC,4,ND,blue,147.51037344398344,-0.25
T5_PC_w4_ND,T5,Cii,PC,4,ND,blue,149.3775933609959,-0.25
T5_PC_w4_ND,T5,Cii,PC,4,ND,blue,151.24481327800828,-0.25
T5_PC_w4_ND,T5,Cii,PC,4,ND,blue,153.1120331950208,-0.2
T5_PC_w4_ND,T5,Cii,PC,4,ND,blue,154.97925311203318,-0.2
T5_PC_w4_ND,T5,Cii,PC,4,ND,blue,156.84647302904563,-0.2
T5_PC_w4_ND,T5,Cii,PC,4,ND,blue,158.71369294605807,-0.15
T5_PC_w4_ND,T5,Cii,PC,4,ND,blue,160.58091286307058,-0.15
T5_PC_w4_ND,T5,Cii,PC,4,ND,blue,162.44813278008303,0.05
T5_PC_w4_ND,T5,Cii,PC,4,ND,blue,164.31535269709542,0.05
T5_PC_w4_ND,T5,Cii,PC,4,ND,blue,166.18257261410787,0.05
T5_PC_w4_ND,T5,Cii,PC,4,ND,blue,168.04979253112035,0.05
T5_PC_w4_ND,T5,Cii,PC,4,ND,blue,171.78423236514516,0.15
T5_PC_w4_ND,T5,Cii,PC,4,ND,blue,175.51867219917017,0.45
T5_PC_w4_ND,T5,Cii,PC,4,ND,blue,182.98755186722,0.95
T5_PC_w4_ND,T5,Cii,PC,4,ND,blue,184.8547717842324,1.0
T5_PC_w4_ND,T5,Cii,PC,4,ND,blue,186.7219917012448,1.35
T5_PC_w4_ND,T5,Cii,PC,4,ND,blue,188.5892116182573,1.45
T5_PC_w4_ND,T5,Cii,PC,4,ND,blue,190.4564315352697,1.45
T5_PC_w4_ND,T5,Cii,PC,4,ND,blue,192.3236514522821,1.95
T5_PC_w4_ND,T5,Cii,PC,4,ND,blue,194.1908713692946,2.5
T5_PC_w4_ND,T5,Cii,PC,4,ND,blue,196.05809128630716,2.75
T5_PC_w4_ND,T5,Cii,PC,4,ND,blue,199.792531120332,2.75
T5_PC_w4_ND,T5,Cii,PC,4,ND,blue,201.6597510373444,2.75
T5_PC_w4_ND,T5,Cii,PC,4,ND,blue,203.5269709543568,2.95
T5_PC_w4_ND,T5,Cii,PC,4,ND,blue,205.3941908713693,3.15
T5_PC_w4_ND,T5,Cii,PC,4,ND,blue,207.2614107883817,3.25
T5_PC_w4_ND,T5,Cii,PC,4,ND,blue,209.1286307053942,3.65
T5_PC_w4_ND,T5,Cii,PC,4,ND,blue,212.8630705394191,3.65
T5_PC_w4_ND,T5,Cii,PC,4,ND,blue,222.19917012448133,3.75
T5_PC_w4_ND,T5,Cii,PC,4,ND,blue,225.93360995850628,3.75
T5_PC_w4_ND,T5,Cii,PC,4,ND,blue,227.80082987551867,3.85
T5_PC_w4_ND,T5,Cii,PC,4,ND,blue,229.66804979253112,4.05
T5_PC_w4_ND,T5,Cii,PC,4,ND,blue,231.5352697095436,4.55
T5_PC_w4_ND,T5,Cii,PC,4,ND,blue,233.402489626556,4.85
T5_PC_w4_ND,T5,Cii,PC,4,ND,blue,235.2697095435685,4.95
T5_PC_w4_ND,T5,Cii,PC,4,ND,blue,237.1369294605809,5.05
T5_PC_w4_ND,T5,Cii,PC,4,ND,blue,239.00414937759336,5.1
T5_PC_w4_ND,T5,Cii,PC,4,ND,blue,240.8713692946058,5.35
T5_PC_w4_ND,T5,Cii,PC,4,ND,blue,242.73858921161823,5.35
T5_PC_w4_ND,T5,Cii,PC,4,ND,blue,244.6058091286307,5.35
T5_PC_w4_ND,T5,Cii,PC,4,ND,blue,246.47302904564322,5.5
T5_PC_w4_ND,T5,Cii,PC,4,ND,blue,248.3402489626556,5.55
T5_PC_w4_ND,T5,Cii,PC,4,ND,blue,250.20746887966808,5.55
T5_PC_w4_ND,T5,Cii,PC,4,ND,blue,252.0746887966805,5.5
T5_PC_w4_ND,T5,Cii,PC,4,ND,blue,253.9419087136929,5.5
T5_PC_w4_ND,T5,Cii,PC,4,ND,blue,255.8091286307054,5.25
T5_PC_w4_ND,T5,Cii,PC,4,ND,blue,259.5435684647303,5.1
T5_PC_w4_ND,T5,Cii,PC,4,ND,blue,263.2780082987552,5.1
T5_PC_w4_ND,T5,Cii,PC,4,ND,blue,265.1452282157676,4.9
T5_PC_w4_ND,T5,Cii,PC,4,ND,blue,268.8796680497926,4.9
T5_PC_w4_ND,T5,Cii,PC,4,ND,blue,270.746887966805,4.9
T5_PC_w4_ND,T5,Cii,PC,4,ND,blue,272.61410788381744,4.9
T5_PC_w4_ND,T5,Cii,PC,4,ND,blue,274.48132780082983,4.95
T5_PC_w4_ND,T5,Cii,PC,4,ND,blue,276.34854771784234,4.95
T5_PC_w4_ND,T5,Cii,PC,4,ND,blue,280.08298755186723,4.95
T5_PC_w4_ND,T5,Cii,PC,4,ND,blue,281.9502074688797,5.05
T5_PC_w4_ND,T5,Cii,PC,4,ND,blue,285.6846473029046,5.05
T5_PC_w4_ND,T5,Cii,PC,4,ND,blue,287.55186721991697,5.05
T5_PC_w4_ND,T5,Cii,PC,4,ND,blue,289.4190871369294,5.05
T5_PC_w4_ND,T5,Cii,PC,4,ND,blue,291.2863070539419,5.05
T5_PC_w4_ND,T5,Cii,PC,4,ND,blue,293.1535269709544,5.25
T5_PC_w4_ND,T5,Cii,PC,4,ND,blue,295.0207468879668,5.35
T5_PC_w4_ND,T5,Cii,PC,4,ND,blue,296.88796680497927,5.35
T5_PC_w4_ND,T5,Cii,PC,4,ND,blue,298.7551867219917,5.45
T5_PC_w4_ND,T5,Cii,PC,4,ND,blue,300.6224066390041,5.55
T5_PC_w4_ND,T5,Cii,PC,4,ND,blue,302.48962655601656,5.7
T5_PC_w4_ND,T5,Cii,PC,4,ND,blue,308.091286307054,5.75
T5_PC_w4_ND,T5,Cii,PC,4,ND,blue,309.9585062240664,5.85
T5_PC_w4_ND,T5,Cii,PC,4,ND,blue,311.82572614107886,5.85
T5_PC_w4_ND,T5,Cii,PC,4,ND,blue,313.69294605809125,5.85
T5_PC_w4_ND,T5,Cii,PC,4,ND,blue,315.5601659751037,5.95
T5_PC_w4_ND,T5,Cii,PC,4,ND,blue,317.4273858921161,6.0
T5_PC_w4_ND,T5,Cii,PC,4,ND,blue,319.2946058091286,6.05
T5_PC_w4_ND,T5,Cii,PC,4,ND,blue,323.02904564315355,6.05
T5_PC_w4_ND,T5,Cii,PC,4,ND,blue,324.896265560166,6.05
T5_PC_w4_ND,T5,Cii,PC,4,ND,blue,328.63070539419084,6.05
T5_PC_w4_ND,T5,Cii,PC,4,ND,blue,334.23236514522824,6.05
T5_PC_w4_ND,T5,Cii,PC,4,ND,blue,336.0995850622407,6.05
T5_PC_w4_ND,T5,Cii,PC,4,ND,blue,337.9668049792532,6.15
T5_PC_w4_ND,T5,Cii,PC,4,ND,blue,339.83402489626553,6.2
T5_PC_w4_ND,T5,Cii,PC,4,ND,blue,341.701244813278,6.25
T5_PC_w4_ND,T5,Cii,PC,4,ND,blue,343.56846473029043,6.35
T5_PC_w4_ND,T5,Cii,PC,4,ND,blue,345.4356846473029,6.45
T5_PC_w4_ND,T5,Cii,PC,4,ND,blue,347.3029045643153,6.45
T5_PC_w4_ND,T5,Cii,PC,4,ND,blue,349.17012448132783,6.45
T5_PC_w4_ND,T5,Cii,PC,4,ND,blue,351.0373443983403,6.45
T5_PC_w4_ND,T5,Cii,PC,4,ND,blue,352.9045643153527,6.5
T5_PC_w4_ND,T5,Cii,PC,4,ND,blue,354.7717842323651,6.6
T5_PC_w4_ND,T5,Cii,PC,4,ND,blue,356.6390041493776,6.5
T5_PC_w4_ND,T5,Cii,PC,4,ND,blue,358.50622406639,6.6
T5_PC_w4_ND,T5,Cii,PC,4,ND,blue,360.37344398340247,6.6
T5_PC_w4_ND,T5,Cii,PC,4,ND,blue,362.240663900415,6.65
T5_PC_w4_ND,T5,Cii,PC,4,ND,blue,364.1078838174275,6.75
T5_PC_w4_ND,T5,Cii,PC,4,ND,blue,365.9751037344398,6.75
T5_PC_w4_ND,T5,Cii,PC,4,ND,blue,367.84232365145226,6.8
T5_PC_w4_ND,T5,Cii,PC,4,ND,blue,373.4439834024896,6.85
T5_PC_w4_ND,T5,Cii,PC,4,ND,blue,375.3112033195021,6.85
T5_PC_w4_ND,T5,Cii,PC,4,ND,blue,377.17842323651456,7.0
T5_PC_w4_ND,T5,Cii,PC,4,ND,blue,379.04564315352695,7.05
T5_PC_w4_ND,T5,Cii,PC,4,ND,blue,380.9128630705394,7.35
T5_PC_w4_ND,T5,Cii,PC,4,ND,blue,382.7800829875519,7.45
T5_PC_w4_ND,T5,Cii,PC,4,ND,blue,384.6473029045643,7.45
T5_PC_w4_ND,T5,Cii,PC,4,ND,blue,386.5145228215768,7.55
T5_PC_w4_ND,T5,Cii,PC,4,ND,blue,388.3817427385892,7.7
T5_PC_w4_ND,T5,Cii,PC,4,ND,blue,390.2489626556017,7.75
T5_PC_w4_ND,T5,Cii,PC,4,ND,blue,392.1161825726141,7.95
T5_PC_w4_ND,T5,Cii,PC,4,ND,blue,393.98340248962654,8.2
T5_PC_w4_ND,T5,Cii,PC,4,ND,blue,395.850622406639,8.45
T5_PC_w4_ND,T5,Cii,PC,4,ND,blue,401.45228215767634,8.45
T5_PC_w4_ND,T5,Cii,PC,4,ND,blue,403.3195020746888,8.5
T5_PC_w4_ND,T5,Cii,PC,4,ND,blue,405.18672199170123,8.65
T5_PC_w4_ND,T5,Cii,PC,4,ND,blue,407.0539419087137,8.75
T5_PC_w4_ND,T5,Cii,PC,4,ND,blue,408.9211618257261,8.85
T5_PC_w4_ND,T5,Cii,PC,4,ND,blue,410.7883817427386,8.9
T5_PC_w4_ND,T5,Cii,PC,4,ND,blue,412.655601659751,9.0
T5_PC_w4_ND,T5,Cii,PC,4,ND,blue,416.3900414937759,9.0
T5_PC_w4_ND,T5,Cii,PC,4,ND,blue,418.2572614107884,9.15
T5_PC_w4_ND,T5,Cii,PC,4,ND,blue,420.1244813278008,9.15
T5_PC_w4_ND,T5,Cii,PC,4,ND,blue,421.99170124481327,9.2
T5_PC_w4_ND,T5,Cii,PC,4,ND,blue,423.8589211618257,9.2
T5_PC_w4_ND,T5,Cii,PC,4,ND,blue,425.72614107883817,9.2
T5_PC_w4_ND,T5,Cii,PC,4,ND,blue,427.5933609958506,9.2
T5_PC_w4_ND,T5,Cii,PC,4,ND,blue,429.4605809128631,9.2
T5_PC_w4_ND,T5,Cii,PC,4,ND,blue,431.3278008298755,9.2
T5_PC_w4_ND,T5,Cii,PC,4,ND,blue,433.195020746888,9.2
T5_PC_w4_ND,T5,Cii,PC,4,ND,blue,435.0622406639004,9.25
T5_PC_w4_ND,T5,Cii,PC,4,ND,blue,436.92946058091286,9.25
T5_PC_w4_ND,T5,Cii,PC,4,ND,blue,438.7966804979253,9.25
T5_PC_w4_ND,T5,Cii,PC,4,ND,blue,442.5311203319502,9.15
T5_PC_w4_ND,T5,Cii,PC,4,ND,blue,444.39834024896265,9.15
T5_PC_w4_ND,T5,Cii,PC,4,ND,blue,446.2655601659751,9.15
T5_PC_w4_ND,T5,Cii,PC,4,ND,blue,448.1327800829876,9.15
T5_PC_w4_ND,T5,Cii,PC,4,ND,blue,451.8672199170125,9.15
T5_PC_w4_ND,T5,Cii,PC,4,ND,blue,453.7344398340249,9.25
T5_PC_w4_ND,T5,Cii,PC,4,ND,blue,455.60165975103735,9.2
T5_PC_w4_ND,T5,Cii,PC,4,ND,blue,457.4688796680498,9.2
T5_PC_w4_ND,T5,Cii,PC,4,ND,blue,459.33609958506224,9.25
T5_PC_w4_ND,T5,Cii,PC,4,ND,blue,461.2033195020746,9.25
T5_PC_w4_ND,T5,Cii,PC,4,ND,blue,463.0705394190871,9.2
T5_PC_w4_ND,T5,Cii,PC,4,ND,blue,464.93775933609953,9.15
T5_PC_w4_ND,T5,Cii,PC,4,ND,blue,466.8049792531121,9.15
T5_PC_w4_ND,T5,Cii,PC,4,ND,blue,468.6721991701245,9.15
T5_PC_w4_ND,T5,Cii,PC,4,ND,blue,470.539419087137,9.0
T5_PC_w4_ND,T5,Cii,PC,4,ND,blue,472.4066390041494,8.95
T5_PC_w4_ND,T5,Cii,PC,4,ND,blue,474.2738589211618,8.8
T5_PC_w4_ND,T5,Cii,PC,4,ND,blue,476.1410788381743,8.7
T5_PC_w4_ND,T5,Cii,PC,4,ND,blue,478.0082987551868,8.6
T5_PC_w4_ND,T5,Cii,PC,4,ND,blue,479.8755186721992,8.45
T5_PC_w4_ND,T5,Cii,PC,4,ND,blue,481.7427385892116,8.3
T5_PC_w4_ND,T5,Cii,PC,4,ND,blue,483.6099585062241,8.05
T5_PC_w4_ND,T5,Cii,PC,4,ND,blue,485.4771784232365,7.8
T5_PC_w4_ND,T5,Cii,PC,4,ND,blue,496.6804979253113,7.65
T5_PC_w4_ND,T5,Cii,PC,4,ND,blue,498.54771784232366,7.4
T5_PC_w4_ND,T5,Cii,PC,4,ND,blue,500.4149377593361,7.4
T5_PC_w4_ND,T5,Cii,PC,4,ND,blue,502.28215767634856,7.35
T5_PC_w4_ND,T5,Cii,PC,4,ND,blue,504.149377593361,7.25
T5_PC_w4_ND,T5,Cii,PC,4,ND,blue,506.0165975103735,7.15
T5_PC_w4_ND,T5,Cii,PC,4,ND,blue,507.8838174273859,6.9
T5_PC_w4_ND,T5,Cii,PC,4,ND,blue,509.7510373443984,6.8
T5_PC_w4_ND,T5,Cii,PC,4,ND,blue,511.6182572614108,6.75
T5_PC_w4_ND,T5,Cii,PC,4,ND,blue,513.4854771784233,6.65
T5_PC_w4_ND,T5,Cii,PC,4,ND,blue,515.3526970954357,6.55
T5_PC_w4_ND,T5,Cii,PC,4,ND,blue,517.2199170124481,6.05
T5_PC_w4_ND,T5,Cii,PC,4,ND,blue,519.0871369294606,6.05
T5_PC_w4_ND,T5,Cii,PC,4,ND,blue,520.9543568464728,6.05
T5_PC_w4_ND,T5,Cii,PC,4,ND,blue,522.8215767634855,5.95
T5_PC_w4_ND,T5,Cii,PC,4,ND,blue,524.688796680498,5.9
T5_PC_w4_ND,T5,Cii,PC,4,ND,blue,526.5560165975104,5.75
T5_PC_w4_ND,T5,Cii,PC,4,ND,blue,528.4232365145228,5.75
T5_PC_w4_ND,T5,Cii,PC,4,ND,blue,530.2904564315353,5.5
T5_PC_w4_ND,T5,Cii,PC,4,ND,blue,532.1576763485477,5.45
T5_PC_w4_ND,T5,Cii,PC,4,ND,blue,535.8921161825726,5.25
T5_PC_w4_ND,T5,Cii,PC,4,ND,blue,537.7593360995851,5.15
T5_PC_w4_ND,T5,Cii,PC,4,ND,blue,539.6265560165975,5.0
T5_PC_w4_ND,T5,Cii,PC,4,ND,blue,541.49377593361,4.95
T5_PC_w4_ND,T5,Cii,PC,4,ND,blue,543.3609958506224,4.85
T5_PC_w4_ND,T5,Cii,PC,4,ND,blue,545.2282157676349,4.85
T5_PC_w4_ND,T5,Cii,PC,4,ND,blue,547.0954356846472,4.75
T5_PC_w4_ND,T5,Cii,PC,4,ND,blue,548.9626556016597,4.75
T5_PC_w4_ND,T5,Cii,PC,4,ND,blue,550.8298755186722,4.35
T5_PC_w4_ND,T5,Cii,PC,4,ND,blue,552.6970954356847,4.25
T5_PC_w4_ND,T5,Cii,PC,4,ND,blue,554.5643153526971,4.15
T5_PC_w4_ND,T5,Cii,PC,4,ND,blue,556.4315352697097,4.15
T5_PC_w4_ND,T5,Cii,PC,4,ND,blue,558.298755186722,3.95
T5_PC_w4_ND,T5,Cii,PC,4,ND,blue,562.0331950207469,3.65
T5_PC_w4_ND,T5,Cii,PC,4,ND,blue,563.9004149377594,3.55
T5_PC_w4_ND,T5,Cii,PC,4,ND,blue,565.7676348547718,3.15
T5_PC_w4_ND,T5,Cii,PC,4,ND,blue,567.6348547717843,3.15
T5_PC_w4_ND,T5,Cii,PC,4,ND,blue,573.2365145228215,3.15
T5_PC_w4_ND,T5,Cii,PC,4,ND,blue,575.1037344398339,3.05
T5_PC_w4_ND,T5,Cii,PC,4,ND,blue,576.9709543568464,3.05
T5_PC_w4_ND,T5,Cii,PC,4,ND,blue,578.838174273859,3.05
T5_PC_w4_ND,T5,Cii,PC,4,ND,blue,580.7053941908714,2.95
T5_PC_w4_ND,T5,Cii,PC,4,ND,blue,582.572614107884,2.95
T5_PC_w4_ND,T5,Cii,PC,4,ND,blue,584.4398340248963,2.85
T5_PC_w4_ND,T5,Cii,PC,4,ND,blue,586.3070539419089,2.65
T5_PC_w4_ND,T5,Cii,PC,4,ND,blue,588.1742738589212,2.65
T5_PC_w4_ND,T5,Cii,PC,4,ND,blue,590.0414937759338,2.55
T5_PC_w4_ND,T5,Cii,PC,4,ND,blue,591.9087136929461,2.4
T5_PC_w4_ND,T5,Cii,PC,4,ND,blue,593.7759336099585,2.35
T5_PC_w4_ND,T5,Cii,PC,4,ND,blue,595.643153526971,2.25
T5_PC_w4_ND,T5,Cii,PC,4,ND,blue,597.5103734439833,2.25
T5_PC_w4_ND,T5,Cii,PC,4,ND,blue,599.3775933609958,2.25
T5_PC_w4_ND,T5,Cii,PC,4,ND,blue,601.2448132780082,2.15
T5_PC_w4_ND,T5,Cii,PC,4,ND,blue,603.1120331950207,2.15
T5_PC_w4_ND,T5,Cii,PC,4,ND,blue,604.9792531120331,2.05
T5_PC_w4_ND,T5,Cii,PC,4,ND,blue,606.8464730290457,1.75
T5_PC_w4_ND,T5,Cii,PC,4,ND,blue,610.5809128630706,1.75
T5_PC_w4_ND,T5,Cii,PC,4,ND,blue,612.448132780083,1.35
T5_PC_w4_ND,T5,Cii,PC,4,ND,blue,614.3153526970955,1.35
T5_PC_w4_ND,T5,Cii,PC,4,ND,blue,616.1825726141079,1.35
T5_PC_w4_ND,T5,Cii,PC,4,ND,blue,618.0497925311204,1.35
T5_PC_w4_ND,T5,Cii,PC,4,ND,blue,619.9170124481328,1.75
T5_PC_w4_ND,T5,Cii,PC,4,ND,blue,621.7842323651453,1.75
T5_PC_w4_ND,T5,Cii,PC,4,ND,blue,623.6514522821577,1.75
T5_PC_w4_ND,T5,Cii,PC,4,ND,blue,625.51867219917,1.75
T5_PC_w4_ND,T5,Cii,PC,4,ND,blue,627.3858921161825,1.75
T5_PC_w4_ND,T5,Cii,PC,4,ND,blue,629.253112033195,1.75
T5_PC_w4_ND,T5,Cii,PC,4,ND,blue,631.1203319502074,1.55
T5_PC_w4_ND,T5,Cii,PC,4,ND,blue,632.98755186722,1.3
T5_PC_w4_ND,T5,Cii,PC,4,ND,blue,634.8547717842324,1.05
T5_PC_w4_ND,T5,Cii,PC,4,ND,blue,636.7219917012449,1.05
T5_PC_w4_ND,T5,Cii,PC,4,ND,blue,642.3236514522822,0.85
T5_PC_w4_ND,T5,Cii,PC,4,ND,blue,644.1908713692947,0.75
T5_PC_w4_ND,T5,Cii,PC,4,ND,blue,646.0580912863071,0.6
T5_PC_w4_ND,T5,Cii,PC,4,ND,blue,647.9253112033196,0.6
T5_PC_w4_ND,T5,Cii,PC,4,ND,blue,651.6597510373443,0.5
T5_PC_w4_ND,T5,Cii,PC,4,ND,blue,653.5269709543568,0.5
T5_PC_w4_ND,T5,Cii,PC,4,ND,blue,655.3941908713691,0.55
T5_PC_w4_ND,T5,Cii,PC,4,ND,blue,657.2614107883817,0.55
T5_PC_w4_ND,T5,Cii,PC,4,ND,blue,660.9958506224066,0.55
T5_PC_w4_ND,T5,Cii,PC,4,ND,blue,662.8630705394191,0.5
T5_PC_w4_ND,T5,Cii,PC,4,ND,blue,664.7302904564316,0.55
T5_PC_w4_ND,T5,Cii,PC,4,ND,blue,666.597510373444,0.7
T5_PC_w4_ND,T5,Cii,PC,4,ND,blue,668.4647302904565,0.7
T5_PC_w4_ND,T5,Cii,PC,4,ND,blue,670.3319502074689,0.75
T5_PC_w4_ND,T5,Cii,PC,4,ND,blue,672.1991701244814,0.75
T5_PC_w4_ND,T5,Cii,PC,4,ND,blue,674.0663900414938,0.85
T5_PC_w4_ND,T5,Cii,PC,4,ND,blue,675.9336099585063,0.75
T5_PC_w4_ND,T5,Cii,PC,4,ND,blue,679.6680497925311,0.85
T5_PC_w4_ND,T5,Cii,PC,4,ND,blue,689.0041493775933,0.85
T5_PC_w4_ND,T5,Cii,PC,4,ND,blue,690.8713692946058,0.75
T5_PC_w4_ND,T5,Cii,PC,4,ND,blue,692.7385892116183,0.75
T5_PC_w4_ND,T5,Cii,PC,4,ND,blue,694.6058091286308,0.75
T5_PC_w4_ND,T5,Cii,PC,4,ND,blue,696.4730290456432,0.75
T5_PC_w4_ND,T5,Cii,PC,4,ND,blue,698.3402489626557,0.75
T5_PC_w4_ND,T5,Cii,PC,4,ND,blue,702.0746887966806,0.65
T5_PC_w4_ND,T5,Cii,PC,4,ND,blue,703.9419087136929,0.55
T5_PC_w4_ND,T5,Cii,PC,4,ND,blue,705.8091286307053,0.55
T5_PC_w4_ND,T5,Cii,PC,4,ND,blue,707.6763485477178,0.5
T5_PC_w4_ND,T5,Cii,PC,4,ND,blue,709.5435684647302,0.5
T5_PC_w4_ND,T5,Cii,PC,4,ND,blue,711.4107883817427,0.5
T5_PC_w4_ND,T5,Cii,PC,4,ND,blue,713.2780082987551,0.5
T5_PC_w4_ND,T5,Cii,PC,4,ND,blue,724.48132780083,0.5
T5_PC_w4_ND,T5,Cii,PC,4,ND,blue,726.3485477178424,0.5
T5_PC_w4_ND,T5,Cii,PC,4,ND,blue,728.2157676348548,0.5
T5_PC_w4_ND,T5,Cii,PC,4,ND,blue,730.0829875518672,0.5
T5_PC_w4_ND,T5,Cii,PC,4,ND,blue,731.9502074688796,0.5
T5_PC_w4_ND,T5,Cii,PC,4,ND,blue,733.8174273858921,0.5
T5_PC_w4_ND,T5,Cii,PC,4,ND,blue,735.6846473029045,0.6
T5_PC_w4_ND,T5,Cii,PC,4,ND,blue,737.551867219917,0.65
T5_PC_w4_ND,T5,Cii,PC,4,ND,blue,739.4190871369294,0.8
T5_PC_w4_ND,T5,Cii,PC,4,ND,blue,741.2863070539419,0.9
T5_PC_w4_ND,T5,Cii,PC,4,ND,blue,743.1535269709543,0.9
T5_PC_w4_ND,T5,Cii,PC,4,ND,blue,752.4896265560167,0.9
T5_PC_w4_ND,T5,Cii,PC,4,ND,blue,754.3568464730291,0.9
T5_PC_w4_ND,T5,Cii,PC,4,ND,blue,756.2240663900415,0.9
T5_PC_w4_ND,T5,Cii,PC,4,ND,blue,758.0912863070539,0.9
T5_PC_w4_ND,T5,Cii,PC,4,ND,blue,759.9585062240664,0.9
T5_PC_w4_ND,T5,Cii,PC,4,ND,blue,761.8257261410788,0.9
T5_PC_w4_ND,T5,Cii,PC,4,ND,blue,763.6929460580913,0.9
T5_PC_w4_ND,T5,Cii,PC,4,ND,blue,765.5601659751037,0.85
T5_PC_w4_ND,T5,Cii,PC,4,ND,blue,767.427385892116,0.85
T5_PC_w4_ND,T5,Cii,PC,4,ND,blue,771.161825726141,0.65
T5_PC_w4_ND,T5,Cii,PC,4,ND,blue,773.0290456431535,0.65
T5_PC_w4_ND,T5,Cii,PC,4,ND,blue,774.896265560166,0.65
T5_PC_w4_ND,T5,Cii,PC,4,ND,blue,776.7634854771785,0.65
T5_PC_w4_ND,T5,Cii,PC,4,ND,blue,778.630705394191,0.65
T5_PC_w4_ND,T5,Cii,PC,4,ND,blue,784.2323651452282,0.65
T5_PC_w4_ND,T5,Cii,PC,4,ND,blue,787.9668049792531,0.45
T5_PC_w4_ND,T5,Cii,PC,4,ND,blue,791.701244813278,0.65
T5_PC_w4_ND,T5,Cii,PC,4,ND,blue,793.5684647302904,0.65
T5_PC_w4_ND,T5,Cii,PC,4,ND,blue,795.4356846473029,0.7
T5_PC_w4_ND,T5,Cii,PC,4,ND,blue,797.3029045643153,0.75
T5_PC_w4_ND,T5,Cii,PC,4,ND,blue,799.1701244813278,0.75
T5_PC_w4_ND,T5,Cii,PC,4,ND,blue,801.0373443983402,0.75
T5_PC_w4_ND,T5,Cii,PC,4,ND,blue,802.9045643153527,0.75
T5_PC_w4_ND,T5,Cii,PC,4,ND,blue,804.7717842323652,0.7
T5_PC_w4_ND,T5,Cii,PC,4,ND,blue,808.50622406639,0.85
T5_PC_w4_ND,T5,Cii,PC,4,ND,blue,810.3734439834025,0.7
T5_PC_w4_ND,T5,Cii,PC,4,ND,blue,812.2406639004149,0.7
T5_PC_w4_ND,T5,Cii,PC,4,ND,blue,814.1078838174274,0.7
T5_PC_w4_ND,T5,Cii,PC,4,ND,blue,815.9751037344398,0.6
T5_PC_w4_ND,T5,Cii,PC,4,ND,blue,817.8423236514523,0.6
T5_PC_w4_ND,T5,Cii,PC,4,ND,blue,819.7095435684647,0.6
T5_PC_w4_ND,T5,Cii,PC,4,ND,blue,821.5767634854772,0.55
T5_PC_w4_ND,T5,Cii,PC,4,ND,blue,823.4439834024896,0.45
T5_PC_w4_ND,T5,Cii,PC,4,ND,blue,825.311203319502,0.45
T5_PC_w4_ND,T5,Cii,PC,4,ND,blue,829.045643153527,0.55
T5_PC_w4_ND,T5,Cii,PC,4,ND,blue,830.9128630705394,0.35
T5_PC_w4_ND,T5,Cii,PC,4,ND,blue,834.6473029045643,0.35
T5_PC_w4_ND,T5,Cii,PC,4,ND,blue,836.5145228215767,0.45
T5_PC_w4_ND,T5,Cii,PC,4,ND,blue,838.3817427385892,0.5
T5_PC_w4_ND,T5,Cii,PC,4,ND,blue,840.2489626556016,0.5
T5_PC_w4_ND,T5,Cii,PC,4,ND,blue,842.1161825726141,0.5
T5_PC_w4_ND,T5,Cii,PC,4,ND,blue,843.9834024896265,0.5
T5_PC_w4_ND,T5,Cii,PC,4,ND,blue,845.850622406639,0.5
T5_PC_w4_ND,T5,Cii,PC,4,ND,blue,847.7178423236514,0.5
T5_PC_w4_ND,T5,Cii,PC,4,ND,blue,849.5850622406639,0.5
T5_PC_w4_ND,T5,Cii,PC,4,ND,blue,851.4522821576763,0.6
T5_PC_w4_ND,T5,Cii,PC,4,ND,blue,853.3195020746888,0.7
T5_PC_w4_ND,T5,Cii,PC,4,ND,blue,857.0539419087137,0.7
T5_PC_w4_ND,T5,Cii,PC,4,ND,blue,858.9211618257261,0.7
T5_PC_w4_ND,T5,Cii,PC,4,ND,blue,860.7883817427386,0.7
T5_PC_w4_ND,T5,Cii,PC,4,ND,blue,862.655601659751,0.7
T5_PC_w4_ND,T5,Cii,PC,4,ND,blue,868.2572614107884,0.7
T5_PC_w4_ND,T5,Cii,PC,4,ND,blue,870.1244813278008,0.55
T5_PC_w4_ND,T5,Cii,PC,4,ND,blue,873.8589211618257,0.55
T5_PC_w4_ND,T5,Cii,PC,4,ND,blue,875.7261410788382,0.55
T5_PC_w4_ND,T5,Cii,PC,4,ND,blue,879.4605809128632,0.45
T5_PC_w4_ND,T5,Cii,PC,4,ND,blue,881.3278008298755,0.45
T5_PC_w4_ND,T5,Cii,PC,4,ND,blue,885.0622406639004,0.5
T5_PC_w4_ND,T5,Cii,PC,4,ND,blue,886.9294605809129,0.5
T5_PC_w4_ND,T5,Cii,PC,4,ND,blue,890.6639004149378,0.5
T5_PC_w4_ND,T5,Cii,PC,4,ND,blue,892.5311203319502,0.55
T5_PC_w4_ND,T5,Cii,PC,4,ND,blue,894.3983402489627,0.55
T5_PC_w4_ND,T5,Cii,PC,4,ND,blue,898.1327800829877,0.6
T5_PC_w4_ND,T5,Cii,PC,4,ND,blue,900.0,0.6
T5_PC_w4_ND,T5,Cii,PC,4,ND,blue,901.8672199170126,0.6
T5_NC_w1_PD,T5,Cii,NC,1,PD,red,0.0,0.0
T5_NC_w1_PD,T5,Cii,NC,1,PD,red,1.8518518518518476,0.0
T5_NC_w1_PD,T5,Cii,NC,1,PD,red,3.7037037037036953,0.0
T5_NC_w1_PD,T5,Cii,NC,1,PD,red,5.555555555555543,0.1
T5_NC_w1_PD,T5,Cii,NC,1,PD,red,7.407407407407391,0.2
T5_NC_w1_PD,T5,Cii,NC,1,PD,red,9.259259259259181,0.35
T5_NC_w1_PD,T5,Cii,NC,1,PD,red,11.111111111111086,0.35
T5_NC_w1_PD,T5,Cii,NC,1,PD,red,12.96296296296299,0.35
T5_NC_w1_PD,T5,Cii,NC,1,PD,red,14.814814814814781,0.35
T5_NC_w1_PD,T5,Cii,NC,1,PD,red,16.666666666666686,0.35
T5_NC_w1_PD,T5,Cii,NC,1,PD,red,18.518518518518476,0.3
T5_NC_w1_PD,T5,Cii,NC,1,PD,red,20.37037037037038,0.3
T5_NC_w1_PD,T5,Cii,NC,1,PD,red,22.222222222222243,0.3
T5_NC_w1_PD,T5,Cii,NC,1,PD,red,24.074074074074076,0.3
T5_NC_w1_PD,T5,Cii,NC,1,PD,red,25.925925925925924,0.3
T5_NC_w1_PD,T5,Cii,NC,1,PD,red,27.777777777777757,0.4
T5_NC_w1_PD,T5,Cii,NC,1,PD,red,29.62962962962962,0.55
T5_NC_w1_PD,T5,Cii,NC,1,PD,red,31.481481481481524,0.6
T5_NC_w1_PD,T5,Cii,NC,1,PD,red,33.333333333333314,0.6
T5_NC_w1_PD,T5,Cii,NC,1,PD,red,35.18518518518522,0.6
T5_NC_w1_PD,T5,Cii,NC,1,PD,red,37.03703703703712,0.6
T5_NC_w1_PD,T5,Cii,NC,1,PD,red,38.888888888888914,0.65
T5_NC_w1_PD,T5,Cii,NC,1,PD,red,40.74074074074082,0.65
T5_NC_w1_PD,T5,Cii,NC,1,PD,red,42.592592592592595,0.7
T5_NC_w1_PD,T5,Cii,NC,1,PD,red,44.44444444444446,0.75
T5_NC_w1_PD,T5,Cii,NC,1,PD,red,46.296296296296305,0.75
T5_NC_w1_PD,T5,Cii,NC,1,PD,red,48.148148148148096,0.75
T5_NC_w1_PD,T5,Cii,NC,1,PD,red,50.0,0.75
T5_NC_w1_PD,T5,Cii,NC,1,PD,red,51.85185185185183,0.75
T5_NC_w1_PD,T5,Cii,NC,1,PD,red,53.703703703703695,0.75
T5_NC_w1_PD,T5,Cii,NC,1,PD,red,55.55555555555554,0.7
T5_NC_w1_PD,T5,Cii,NC,1,PD,red,57.407407407407405,0.6
T5_NC_w1_PD,T5,Cii,NC,1,PD,red,59.25925925925918,0.4
T5_NC_w1_PD,T5,Cii,NC,1,PD,red,61.111111111111086,0.25
T5_NC_w1_PD,T5,Cii,NC,1,PD,red,62.96296296296293,0.15
T5_NC_w1_PD,T5,Cii,NC,1,PD,red,64.81481481481478,0.1
T5_NC_w1_PD,T5,Cii,NC,1,PD,red,66.66666666666663,0.0
T5_NC_w1_PD,T5,Cii,NC,1,PD,red,68.51851851851848,0.0
T5_NC_w1_PD,T5,Cii,NC,1,PD,red,70.37037037037038,0.0
T5_NC_w1_PD,T5,Cii,NC,1,PD,red,72.22222222222223,0.0
T5_NC_w1_PD,T5,Cii,NC,1,PD,red,74.07407407407408,0.0
T5_NC_w1_PD,T5,Cii,NC,1,PD,red,75.92592592592592,0.1
T5_NC_w1_PD,T5,Cii,NC,1,PD,red,77.77777777777777,0.15
T5_NC_w1_PD,T5,Cii,NC,1,PD,red,79.62962962962962,0.3
T5_NC_w1_PD,T5,Cii,NC,1,PD,red,81.48148148148152,0.4
T5_NC_w1_PD,T5,Cii,NC,1,PD,red,83.33333333333331,0.55
T5_NC_w1_PD,T5,Cii,NC,1,PD,red,85.18518518518522,0.6
T5_NC_w1_PD,T5,Cii,NC,1,PD,red,87.03703703703712,0.6
T5_NC_w1_PD,T5,Cii,NC,1,PD,red,88.88888888888891,0.6
T5_NC_w1_PD,T5,Cii,NC,1,PD,red,90.7407407407407,0.6
T5_NC_w1_PD,T5,Cii,NC,1,PD,red,92.5925925925926,0.6
T5_NC_w1_PD,T5,Cii,NC,1,PD,red,94.44444444444446,0.6
T5_NC_w1_PD,T5,Cii,NC,1,PD,red,96.2962962962963,0.6
T5_NC_w1_PD,T5,Cii,NC,1,PD,red,98.14814814814817,0.55
T5_NC_w1_PD,T5,Cii,NC,1,PD,red,100.0,0.55
T5_NC_w1_PD,T5,Cii,NC,1,PD,red,101.8518518518519,0.55
T5_NC_w1_PD,T5,Cii,NC,1,PD,red,103.7037037037037,0.55
T5_NC_w1_PD,T5,Cii,NC,1,PD,red,105.55555555555554,0.5
T5_NC_w1_PD,T5,Cii,NC,1,PD,red,107.40740740740739,0.5
T5_NC_w1_PD,T5,Cii,NC,1,PD,red,109.2592592592593,0.5
T5_NC_w1_PD,T5,Cii,NC,1,PD,red,111.11111111111109,0.5
T5_NC_w1_PD,T5,Cii,NC,1,PD,red,112.96296296296299,0.5
T5_NC_w1_PD,T5,Cii,NC,1,PD,red,114.81481481481478,0.5
T5_NC_w1_PD,T5,Cii,NC,1,PD,red,116.66666666666664,0.55
T5_NC_w1_PD,T5,Cii,NC,1,PD,red,118.51851851851852,0.55
T5_NC_w1_PD,T5,Cii,NC,1,PD,red,120.37037037037038,0.55
T5_NC_w1_PD,T5,Cii,NC,1,PD,red,122.22222222222216,0.6
T5_NC_w1_PD,T5,Cii,NC,1,PD,red,124.07407407407408,0.65
T5_NC_w1_PD,T5,Cii,NC,1,PD,red,125.92592592592592,0.7
T5_NC_w1_PD,T5,Cii,NC,1,PD,red,127.77777777777776,0.8
T5_NC_w1_PD,T5,Cii,NC,1,PD,red,129.62962962962968,0.85
T5_NC_w1_PD,T5,Cii,NC,1,PD,red,131.48148148148152,0.85
T5_NC_w1_PD,T5,Cii,NC,1,PD,red,133.33333333333331,0.85
T5_NC_w1_PD,T5,Cii,NC,1,PD,red,135.18518518518522,0.85
T5_NC_w1_PD,T5,Cii,NC,1,PD,red,137.03703703703707,0.85
T5_NC_w1_PD,T5,Cii,NC,1,PD,red,138.8888888888889,0.8
T5_NC_w1_PD,T5,Cii,NC,1,PD,red,140.74074074074076,0.7
T5_NC_w1_PD,T5,Cii,NC,1,PD,red,142.5925925925926,0.65
T5_NC_w1_PD,T5,Cii,NC,1,PD,red,144.44444444444446,0.55
T5_NC_w1_PD,T5,Cii,NC,1,PD,red,146.2962962962963,0.4
T5_NC_w1_PD,T5,Cii,NC,1,PD,red,148.14814814814815,0.35
T5_NC_w1_PD,T5,Cii,NC,1,PD,red,150.0,0.35
T5_NC_w1_PD,T5,Cii,NC,1,PD,red,151.8518518518519,0.35
T5_NC_w1_PD,T5,Cii,NC,1,PD,red,153.7037037037037,0.35
T5_NC_w1_PD,T5,Cii,NC,1,PD,red,155.55555555555554,0.35
T5_NC_w1_PD,T5,Cii,NC,1,PD,red,157.4074074074074,0.4
T5_NC_w1_PD,T5,Cii,NC,1,PD,red,159.25925925925918,0.4
T5_NC_w1_PD,T5,Cii,NC,1,PD,red,161.1111111111111,0.4
T5_NC_w1_PD,T5,Cii,NC,1,PD,red,162.96296296296293,0.4
T5_NC_w1_PD,T5,Cii,NC,1,PD,red,164.81481481481478,0.4
T5_NC_w1_PD,T5,Cii,NC,1,PD,red,166.66666666666663,0.4
T5_NC_w1_PD,T5,Cii,NC,1,PD,red,168.51851851851853,0.45
T5_NC_w1_PD,T5,Cii,NC,1,PD,red,170.37037037037038,0.4
T5_NC_w1_PD,T5,Cii,NC,1,PD,red,172.22222222222217,0.4
T5_NC_w1_PD,T5,Cii,NC,1,PD,red,174.07407407407408,0.4
T5_NC_w1_PD,T5,Cii,NC,1,PD,red,175.92592592592592,0.4
T5_NC_w1_PD,T5,Cii,NC,1,PD,red,177.77777777777777,0.4
T5_NC_w1_PD,T5,Cii,NC,1,PD,red,179.62962962962968,0.3
T5_NC_w1_PD,T5,Cii,NC,1,PD,red,181.48148148148147,0.25
T5_NC_w1_PD,T5,Cii,NC,1,PD,red,183.3333333333333,0.1
T5_NC_w1_PD,T5,Cii,NC,1,PD,red,185.1851851851852,0.1
T5_NC_w1_PD,T5,Cii,NC,1,PD,red,187.03703703703707,0.0
T5_NC_w1_PD,T5,Cii,NC,1,PD,red,188.8888888888889,-0.05
T5_NC_w1_PD,T5,Cii,NC,1,PD,red,190.7407407407408,-0.1
T5_NC_w1_PD,T5,Cii,NC,1,PD,red,192.59259259259252,-0.1
T5_NC_w1_PD,T5,Cii,NC,1,PD,red,194.4444444444444,-0.1
T5_NC_w1_PD,T5,Cii,NC,1,PD,red,196.2962962962963,-0.1
T5_NC_w1_PD,T5,Cii,NC,1,PD,red,198.14814814814807,-0.1
T5_NC_w1_PD,T5,Cii,NC,1,PD,red,200.0,-0.1
T5_NC_w1_PD,T5,Cii,NC,1,PD,red,201.85185185185188,-0.1
T5_NC_w1_PD,T5,Cii,NC,1,PD,red,203.7037037037037,0.05
T5_NC_w1_PD,T5,Cii,NC,1,PD,red,205.5555555555556,0.1
T5_NC_w1_PD,T5,Cii,NC,1,PD,red,207.40740740740748,0.2
T5_NC_w1_PD,T5,Cii,NC,1,PD,red,209.25925925925924,0.25
T5_NC_w1_PD,T5,Cii,NC,1,PD,red,211.1111111111111,0.3
T5_NC_w1_PD,T5,Cii,NC,1,PD,red,212.96296296296296,0.4
T5_NC_w1_PD,T5,Cii,NC,1,PD,red,214.8148148148148,0.45
T5_NC_w1_PD,T5,Cii,NC,1,PD,red,216.66666666666663,0.5
T5_NC_w1_PD,T5,Cii,NC,1,PD,red,218.51851851851853,0.5
T5_NC_w1_PD,T5,Cii,NC,1,PD,red,220.37037037037035,0.5
T5_NC_w1_PD,T5,Cii,NC,1,PD,red,222.2222222222222,0.5
T5_NC_w1_PD,T5,Cii,NC,1,PD,red,224.07407407407408,0.5
T5_NC_w1_PD,T5,Cii,NC,1,PD,red,225.92592592592595,0.4
T5_NC_w1_PD,T5,Cii,NC,1,PD,red,227.7777777777778,0.3
T5_NC_w1_PD,T5,Cii,NC,1,PD,red,229.62962962962965,0.3
T5_NC_w1_PD,T5,Cii,NC,1,PD,red,231.48148148148147,0.3
T5_NC_w1_PD,T5,Cii,NC,1,PD,red,233.3333333333333,0.3
T5_NC_w1_PD,T5,Cii,NC,1,PD,red,235.1851851851852,0.3
T5_NC_w1_PD,T5,Cii,NC,1,PD,red,237.03703703703707,0.4
T5_NC_w1_PD,T5,Cii,NC,1,PD,red,238.8888888888889,0.5
T5_NC_w1_PD,T5,Cii,NC,1,PD,red,240.74074074074082,0.6
T5_NC_w1_PD,T5,Cii,NC,1,PD,red,242.59259259259252,0.65
T5_NC_w1_PD,T5,Cii,NC,1,PD,red,244.4444444444444,0.65
T5_NC_w1_PD,T5,Cii,NC,1,PD,red,246.29629629629636,0.65
T5_NC_w1_PD,T5,Cii,NC,1,PD,red,248.14814814814812,0.65
T5_NC_w1_PD,T5,Cii,NC,1,PD,red,250.0,0.65
T5_NC_w1_PD,T5,Cii,NC,1,PD,red,251.85185185185188,0.65
T5_NC_w1_PD,T5,Cii,NC,1,PD,red,253.7037037037037,0.65
T5_NC_w1_PD,T5,Cii,NC,1,PD,red,255.5555555555556,0.65
T5_NC_w1_PD,T5,Cii,NC,1,PD,red,257.4074074074074,0.65
T5_NC_w1_PD,T5,Cii,NC,1,PD,red,259.2592592592593,0.55
T5_NC_w1_PD,T5,Cii,NC,1,PD,red,261.1111111111111,0.5
T5_NC_w1_PD,T5,Cii,NC,1,PD,red,262.962962962963,0.4
T5_NC_w1_PD,T5,Cii,NC,1,PD,red,264.8148148148148,0.4
T5_NC_w1_PD,T5,Cii,NC,1,PD,red,266.66666666666663,0.35
T5_NC_w1_PD,T5,Cii,NC,1,PD,red,268.5185185185185,0.35
T5_NC_w1_PD,T5,Cii,NC,1,PD,red,270.3703703703704,0.35
T5_NC_w1_PD,T5,Cii,NC,1,PD,red,272.22222222222223,0.35
T5_NC_w1_PD,T5,Cii,NC,1,PD,red,274.0740740740741,0.35
T5_NC_w1_PD,T5,Cii,NC,1,PD,red,275.9259259259259,0.35
T5_NC_w1_PD,T5,Cii,NC,1,PD,red,277.77777777777777,0.4
T5_NC_w1_PD,T5,Cii,NC,1,PD,red,279.6296296296296,0.4
T5_NC_w1_PD,T5,Cii,NC,1,PD,red,281.4814814814815,0.4
T5_NC_w1_PD,T5,Cii,NC,1,PD,red,283.3333333333333,0.45
T5_NC_w1_PD,T5,Cii,NC,1,PD,red,285.1851851851852,0.45
T5_NC_w1_PD,T5,Cii,NC,1,PD,red,287.037037037037,0.5
T5_NC_w1_PD,T5,Cii,NC,1,PD,red,288.88888888888886,0.55
T5_NC_w1_PD,T5,Cii,NC,1,PD,red,290.7407407407407,0.55
T5_NC_w1_PD,T5,Cii,NC,1,PD,red,292.5925925925926,0.55
T5_NC_w1_PD,T5,Cii,NC,1,PD,red,294.44444444444446,0.55
T5_NC_w1_PD,T5,Cii,NC,1,PD,red,296.2962962962963,0.55
T5_NC_w1_PD,T5,Cii,NC,1,PD,red,298.1481481481481,0.5
T5_NC_w1_PD,T5,Cii,NC,1,PD,red,300.0,0.45
T5_NC_w1_PD,T5,Cii,NC,1,PD,red,301.8518518518519,0.45
T5_NC_w1_PD,T5,Cii,NC,1,PD,red,303.7037037037037,0.4
T5_NC_w1_PD,T5,Cii,NC,1,PD,red,305.55555555555554,0.35
T5_NC_w1_PD,T5,Cii,NC,1,PD,red,307.4074074074074,0.35
T5_NC_w1_PD,T5,Cii,NC,1,PD,red,309.25925925925924,0.25
T5_NC_w1_PD,T5,Cii,NC,1,PD,red,311.1111111111111,0.25
T5_NC_w1_PD,T5,Cii,NC,1,PD,red,312.962962962963,0.15
T5_NC_w1_PD,T5,Cii,NC,1,PD,red,314.81481481481484,0.15
T5_NC_w1_PD,T5,Cii,NC,1,PD,red,316.6666666666667,0.15
T5_NC_w1_PD,T5,Cii,NC,1,PD,red,318.51851851851853,0.15
T5_NC_w1_PD,T5,Cii,NC,1,PD,red,320.3703703703704,0.15
T5_NC_w1_PD,T5,Cii,NC,1,PD,red,322.22222222222223,0.15
T5_NC_w1_PD,T5,Cii,NC,1,PD,red,324.0740740740741,0.1
T5_NC_w1_PD,T5,Cii,NC,1,PD,red,325.9259259259259,0.1
T5_NC_w1_PD,T5,Cii,NC,1,PD,red,327.77777777777777,0.1
T5_NC_w1_PD,T5,Cii,NC,1,PD,red,329.6296296296296,0.15
T5_NC_w1_PD,T5,Cii,NC,1,PD,red,331.48148148148147,0.15
T5_NC_w1_PD,T5,Cii,NC,1,PD,red,333.33333333333326,0.15
T5_NC_w1_PD,T5,Cii,NC,1,PD,red,335.1851851851852,0.15
T5_NC_w1_PD,T5,Cii,NC,1,PD,red,337.03703703703707,0.15
T5_NC_w1_PD,T5,Cii,NC,1,PD,red,338.8888888888889,0.25
T5_NC_w1_PD,T5,Cii,NC,1,PD,red,340.74074074074076,0.4
T5_NC_w1_PD,T5,Cii,NC,1,PD,red,342.5925925925926,0.55
T5_NC_w1_PD,T5,Cii,NC,1,PD,red,344.4444444444444,0.75
T5_NC_w1_PD,T5,Cii,NC,1,PD,red,346.2962962962963,0.85
T5_NC_w1_PD,T5,Cii,NC,1,PD,red,348.1481481481481,0.95
T5_NC_w1_PD,T5,Cii,NC,1,PD,red,350.0,1.05
T5_NC_w1_PD,T5,Cii,NC,1,PD,red,351.85185185185185,1.05
T5_NC_w1_PD,T5,Cii,NC,1,PD,red,353.7037037037037,1.05
T5_NC_w1_PD,T5,Cii,NC,1,PD,red,355.55555555555554,1.05
T5_NC_w1_PD,T5,Cii,NC,1,PD,red,357.40740740740745,1.05
T5_NC_w1_PD,T5,Cii,NC,1,PD,red,359.2592592592593,1.05
T5_NC_w1_PD,T5,Cii,NC,1,PD,red,361.1111111111112,1.05
T5_NC_w1_PD,T5,Cii,NC,1,PD,red,362.9629629629629,1.0
T5_NC_w1_PD,T5,Cii,NC,1,PD,red,364.8148148148148,1.0
T5_NC_w1_PD,T5,Cii,NC,1,PD,red,366.6666666666666,1.0
T5_NC_w1_PD,T5,Cii,NC,1,PD,red,368.5185185185185,1.0
T5_NC_w1_PD,T5,Cii,NC,1,PD,red,370.37037037037044,1.0
T5_NC_w1_PD,T5,Cii,NC,1,PD,red,372.22222222222223,1.05
T5_NC_w1_PD,T5,Cii,NC,1,PD,red,374.0740740740741,1.1
T5_NC_w1_PD,T5,Cii,NC,1,PD,red,375.9259259259259,1.1
T5_NC_w1_PD,T5,Cii,NC,1,PD,red,377.77777777777777,1.1
T5_NC_w1_PD,T5,Cii,NC,1,PD,red,379.6296296296297,1.1
T5_NC_w1_PD,T5,Cii,NC,1,PD,red,381.4814814814815,1.1
T5_NC_w1_PD,T5,Cii,NC,1,PD,red,383.33333333333326,1.1
T5_NC_w1_PD,T5,Cii,NC,1,PD,red,385.1851851851852,1.1
T5_NC_w1_PD,T5,Cii,NC,1,PD,red,387.037037037037,1.1
T5_NC_w1_PD,T5,Cii,NC,1,PD,red,388.8888888888889,1.1
T5_NC_w1_PD,T5,Cii,NC,1,PD,red,390.74074074074076,1.1
T5_NC_w1_PD,T5,Cii,NC,1,PD,red,392.5925925925926,1.2
T5_NC_w1_PD,T5,Cii,NC,1,PD,red,394.44444444444446,1.25
T5_NC_w1_PD,T5,Cii,NC,1,PD,red,396.2962962962963,1.35
T5_NC_w1_PD,T5,Cii,NC,1,PD,red,398.14814814814815,1.5
T5_NC_w1_PD,T5,Cii,NC,1,PD,red,400.0,1.6
T5_NC_w1_PD,T5,Cii,NC,1,PD,red,401.8518518518519,1.7
T5_NC_w1_PD,T5,Cii,NC,1,PD,red,403.7037037037037,1.8
T5_NC_w1_PD,T5,Cii,NC,1,PD,red,405.55555555555554,1.85
T5_NC_w1_PD,T5,Cii,NC,1,PD,red,407.4074074074074,1.9
T5_NC_w1_PD,T5,Cii,NC,1,PD,red,409.2592592592592,1.9
T5_NC_w1_PD,T5,Cii,NC,1,PD,red,411.1111111111111,1.9
T5_NC_w1_PD,T5,Cii,NC,1,PD,red,412.962962962963,2.05
T5_NC_w1_PD,T5,Cii,NC,1,PD,red,414.8148148148149,2.2
T5_NC_w1_PD,T5,Cii,NC,1,PD,red,416.6666666666667,2.3
T5_NC_w1_PD,T5,Cii,NC,1,PD,red,418.5185185185185,2.35
T5_NC_w1_PD,T5,Cii,NC,1,PD,red,420.3703703703704,2.45
T5_NC_w1_PD,T5,Cii,NC,1,PD,red,422.2222222222222,2.55
T5_NC_w1_PD,T5,Cii,NC,1,PD,red,424.0740740740741,2.55
T5_NC_w1_PD,T5,Cii,NC,1,PD,red,425.9259259259259,2.6
T5_NC_w1_PD,T5,Cii,NC,1,PD,red,427.77777777777777,2.7
T5_NC_w1_PD,T5,Cii,NC,1,PD,red,429.6296296296296,2.85
T5_NC_w1_PD,T5,Cii,NC,1,PD,red,431.4814814814815,2.95
T5_NC_w1_PD,T5,Cii,NC,1,PD,red,433.3333333333333,3.05
T5_NC_w1_PD,T5,Cii,NC,1,PD,red,435.1851851851852,3.15
T5_NC_w1_PD,T5,Cii,NC,1,PD,red,437.03703703703707,3.2
T5_NC_w1_PD,T5,Cii,NC,1,PD,red,438.8888888888889,3.2
T5_NC_w1_PD,T5,Cii,NC,1,PD,red,440.7407407407407,3.2
T5_NC_w1_PD,T5,Cii,NC,1,PD,red,442.5925925925925,3.25
T5_NC_w1_PD,T5,Cii,NC,1,PD,red,444.4444444444444,3.25
T5_NC_w1_PD,T5,Cii,NC,1,PD,red,446.2962962962963,3.3
T5_NC_w1_PD,T5,Cii,NC,1,PD,red,448.1481481481481,3.45
T5_NC_w1_PD,T5,Cii,NC,1,PD,red,450.0,3.55
T5_NC_w1_PD,T5,Cii,NC,1,PD,red,451.8518518518519,3.65
T5_NC_w1_PD,T5,Cii,NC,1,PD,red,453.7037037037037,3.75
T5_NC_w1_PD,T5,Cii,NC,1,PD,red,455.5555555555556,3.8
T5_NC_w1_PD,T5,Cii,NC,1,PD,red,457.4074074074074,3.9
T5_NC_w1_PD,T5,Cii,NC,1,PD,red,459.2592592592593,4.05
T5_NC_w1_PD,T5,Cii,NC,1,PD,red,461.1111111111112,4.2
T5_NC_w1_PD,T5,Cii,NC,1,PD,red,462.9629629629629,4.35
T5_NC_w1_PD,T5,Cii,NC,1,PD,red,464.8148148148149,4.45
T5_NC_w1_PD,T5,Cii,NC,1,PD,red,466.6666666666666,4.55
T5_NC_w1_PD,T5,Cii,NC,1,PD,red,468.5185185185185,4.55
T5_NC_w1_PD,T5,Cii,NC,1,PD,red,470.3703703703703,4.55
T5_NC_w1_PD,T5,Cii,NC,1,PD,red,472.22222222222223,4.6
T5_NC_w1_PD,T5,Cii,NC,1,PD,red,474.0740740740741,4.65
T5_NC_w1_PD,T5,Cii,NC,1,PD,red,475.9259259259259,4.65
T5_NC_w1_PD,T5,Cii,NC,1,PD,red,477.7777777777778,4.65
T5_NC_w1_PD,T5,Cii,NC,1,PD,red,479.6296296296296,4.65
T5_NC_w1_PD,T5,Cii,NC,1,PD,red,481.4814814814815,4.65
T5_NC_w1_PD,T5,Cii,NC,1,PD,red,483.33333333333337,4.65
T5_NC_w1_PD,T5,Cii,NC,1,PD,red,485.1851851851852,4.65
T5_NC_w1_PD,T5,Cii,NC,1,PD,red,487.03703703703707,4.7
T5_NC_w1_PD,T5,Cii,NC,1,PD,red,488.88888888888886,4.8
T5_NC_w1_PD,T5,Cii,NC,1,PD,red,490.7407407407408,4.9
T5_NC_w1_PD,T5,Cii,NC,1,PD,red,492.5925925925925,5.05
T5_NC_w1_PD,T5,Cii,NC,1,PD,red,494.44444444444446,5.2
T5_NC_w1_PD,T5,Cii,NC,1,PD,red,496.2962962962964,5.35
T5_NC_w1_PD,T5,Cii,NC,1,PD,red,498.1481481481481,5.55
T5_NC_w1_PD,T5,Cii,NC,1,PD,red,500.0,5.75
T5_NC_w1_PD,T5,Cii,NC,1,PD,red,501.8518518518518,6.0
T5_NC_w1_PD,T5,Cii,NC,1,PD,red,503.7037037037037,6.15
T5_NC_w1_PD,T5,Cii,NC,1,PD,red,505.5555555555556,6.35
T5_NC_w1_PD,T5,Cii,NC,1,PD,red,507.4074074074074,6.75
T5_NC_w1_PD,T5,Cii,NC,1,PD,red,509.2592592592593,6.95
T5_NC_w1_PD,T5,Cii,NC,1,PD,red,511.1111111111111,7.15
T5_NC_w1_PD,T5,Cii,NC,1,PD,red,512.9629629629628,7.35
T5_NC_w1_PD,T5,Cii,NC,1,PD,red,514.8148148148148,7.5
T5_NC_w1_PD,T5,Cii,NC,1,PD,red,516.6666666666665,7.65
T5_NC_w1_PD,T5,Cii,NC,1,PD,red,518.5185185185186,7.65
T5_NC_w1_PD,T5,Cii,NC,1,PD,red,520.3703703703703,7.65
T5_NC_w1_PD,T5,Cii,NC,1,PD,red,522.2222222222223,7.65
T5_NC_w1_PD,T5,Cii,NC,1,PD,red,524.074074074074,7.65
T5_NC_w1_PD,T5,Cii,NC,1,PD,red,525.925925925926,7.65
T5_NC_w1_PD,T5,Cii,NC,1,PD,red,527.7777777777778,7.65
T5_NC_w1_PD,T5,Cii,NC,1,PD,red,529.6296296296296,7.65
T5_NC_w1_PD,T5,Cii,NC,1,PD,red,531.4814814814815,7.65
T5_NC_w1_PD,T5,Cii,NC,1,PD,red,533.3333333333333,7.7
T5_NC_w1_PD,T5,Cii,NC,1,PD,red,535.1851851851852,7.8
T5_NC_w1_PD,T5,Cii,NC,1,PD,red,537.037037037037,7.85
T5_NC_w1_PD,T5,Cii,NC,1,PD,red,538.8888888888889,7.95
T5_NC_w1_PD,T5,Cii,NC,1,PD,red,540.7407407407409,8.0
T5_NC_w1_PD,T5,Cii,NC,1,PD,red,542.5925925925926,8.05
T5_NC_w1_PD,T5,Cii,NC,1,PD,red,544.4444444444445,8.05
T5_NC_w1_PD,T5,Cii,NC,1,PD,red,546.2962962962963,8.05
T5_NC_w1_PD,T5,Cii,NC,1,PD,red,548.1481481481482,8.05
T5_NC_w1_PD,T5,Cii,NC,1,PD,red,550.0,8.05
T5_NC_w1_PD,T5,Cii,NC,1,PD,red,551.851851851852,7.95
T5_NC_w1_PD,T5,Cii,NC,1,PD,red,553.7037037037037,7.9
T5_NC_w1_PD,T5,Cii,NC,1,PD,red,555.5555555555555,7.9
T5_NC_w1_PD,T5,Cii,NC,1,PD,red,557.4074074074074,7.9
T5_NC_w1_PD,T5,Cii,NC,1,PD,red,559.2592592592591,7.9
T5_NC_w1_PD,T5,Cii,NC,1,PD,red,561.1111111111111,7.9
T5_NC_w1_PD,T5,Cii,NC,1,PD,red,562.962962962963,7.9
T5_NC_w1_PD,T5,Cii,NC,1,PD,red,564.8148148148148,7.9
T5_NC_w1_PD,T5,Cii,NC,1,PD,red,566.6666666666665,7.9
T5_NC_w1_PD,T5,Cii,NC,1,PD,red,568.5185185185185,7.9
T5_NC_w1_PD,T5,Cii,NC,1,PD,red,570.3703703703703,7.85
T5_NC_w1_PD,T5,Cii,NC,1,PD,red,572.2222222222223,7.75
T5_NC_w1_PD,T5,Cii,NC,1,PD,red,574.074074074074,7.5
T5_NC_w1_PD,T5,Cii,NC,1,PD,red,575.925925925926,7.4
T5_NC_w1_PD,T5,Cii,NC,1,PD,red,577.7777777777777,7.25
T5_NC_w1_PD,T5,Cii,NC,1,PD,red,579.6296296296297,7.05
T5_NC_w1_PD,T5,Cii,NC,1,PD,red,581.4814814814814,6.8
T5_NC_w1_PD,T5,Cii,NC,1,PD,red,583.3333333333334,6.65
T5_NC_w1_PD,T5,Cii,NC,1,PD,red,585.1851851851852,6.6
T5_NC_w1_PD,T5,Cii,NC,1,PD,red,587.0370370370371,6.4
T5_NC_w1_PD,T5,Cii,NC,1,PD,red,588.8888888888889,6.2
T5_NC_w1_PD,T5,Cii,NC,1,PD,red,590.7407407407406,6.05
T5_NC_w1_PD,T5,Cii,NC,1,PD,red,592.5925925925926,5.85
T5_NC_w1_PD,T5,Cii,NC,1,PD,red,594.4444444444445,5.65
T5_NC_w1_PD,T5,Cii,NC,1,PD,red,596.2962962962963,5.45
T5_NC_w1_PD,T5,Cii,NC,1,PD,red,598.1481481481482,5.3
T5_NC_w1_PD,T5,Cii,NC,1,PD,red,600.0,5.2
T5_NC_w1_PD,T5,Cii,NC,1,PD,red,601.851851851852,5.05
T5_NC_w1_PD,T5,Cii,NC,1,PD,red,603.7037037037038,4.9
T5_NC_w1_PD,T5,Cii,NC,1,PD,red,605.5555555555555,4.8
T5_NC_w1_PD,T5,Cii,NC,1,PD,red,607.4074074074074,4.75
T5_NC_w1_PD,T5,Cii,NC,1,PD,red,609.2592592592591,4.65
T5_NC_w1_PD,T5,Cii,NC,1,PD,red,611.1111111111111,4.55
T5_NC_w1_PD,T5,Cii,NC,1,PD,red,612.9629629629628,4.45
T5_NC_w1_PD,T5,Cii,NC,1,PD,red,614.8148148148148,4.35
T5_NC_w1_PD,T5,Cii,NC,1,PD,red,616.6666666666667,4.35
T5_NC_w1_PD,T5,Cii,NC,1,PD,red,618.5185185185185,4.35
T5_NC_w1_PD,T5,Cii,NC,1,PD,red,620.3703703703704,4.35
T5_NC_w1_PD,T5,Cii,NC,1,PD,red,622.2222222222222,4.35
T5_NC_w1_PD,T5,Cii,NC,1,PD,red,624.0740740740741,4.3
T5_NC_w1_PD,T5,Cii,NC,1,PD,red,625.925925925926,4.2
T5_NC_w1_PD,T5,Cii,NC,1,PD,red,627.7777777777777,4.15
T5_NC_w1_PD,T5,Cii,NC,1,PD,red,629.6296296296297,4.15
T5_NC_w1_PD,T5,Cii,NC,1,PD,red,631.4814814814814,4.15
T5_NC_w1_PD,T5,Cii,NC,1,PD,red,633.3333333333334,4.15
T5_NC_w1_PD,T5,Cii,NC,1,PD,red,635.1851851851851,4.15
T5_NC_w1_PD,T5,Cii,NC,1,PD,red,637.0370370370371,4.05
T5_NC_w1_PD,T5,Cii,NC,1,PD,red,638.8888888888889,3.9
T5_NC_w1_PD,T5,Cii,NC,1,PD,red,640.7407407407409,3.85
T5_NC_w1_PD,T5,Cii,NC,1,PD,red,642.5925925925926,3.7
T5_NC_w1_PD,T5,Cii,NC,1,PD,red,644.4444444444445,3.6
T5_NC_w1_PD,T5,Cii,NC,1,PD,red,646.2962962962963,3.5
T5_NC_w1_PD,T5,Cii,NC,1,PD,red,648.1481481481482,3.45
T5_NC_w1_PD,T5,Cii,NC,1,PD,red,650.0,3.3
T5_NC_w1_PD,T5,Cii,NC,1,PD,red,651.851851851852,3.2
T5_NC_w1_PD,T5,Cii,NC,1,PD,red,653.7037037037037,3.1
T5_NC_w1_PD,T5,Cii,NC,1,PD,red,655.5555555555555,3.0
T5_NC_w1_PD,T5,Cii,NC,1,PD,red,657.4074074074074,2.9
T5_NC_w1_PD,T5,Cii,NC,1,PD,red,659.2592592592591,2.8
T5_NC_w1_PD,T5,Cii,NC,1,PD,red,661.1111111111112,2.75
T5_NC_w1_PD,T5,Cii,NC,1,PD,red,662.9629629629629,2.75
T5_NC_w1_PD,T5,Cii,NC,1,PD,red,664.8148148148148,2.75
T5_NC_w1_PD,T5,Cii,NC,1,PD,red,666.6666666666666,2.75
T5_NC_w1_PD,T5,Cii,NC,1,PD,red,668.5185185185185,2.75
T5_NC_w1_PD,T5,Cii,NC,1,PD,red,670.3703703703704,2.75
T5_NC_w1_PD,T5,Cii,NC,1,PD,red,672.2222222222222,2.75
T5_NC_w1_PD,T5,Cii,NC,1,PD,red,674.0740740740741,2.8
T5_NC_w1_PD,T5,Cii,NC,1,PD,red,675.9259259259259,2.85
T5_NC_w1_PD,T5,Cii,NC,1,PD,red,677.7777777777778,2.85
T5_NC_w1_PD,T5,Cii,NC,1,PD,red,679.6296296296296,2.85
T5_NC_w1_PD,T5,Cii,NC,1,PD,red,681.4814814814815,2.95
T5_NC_w1_PD,T5,Cii,NC,1,PD,red,683.3333333333334,2.95
T5_NC_w1_PD,T5,Cii,NC,1,PD,red,685.1851851851852,2.95
T5_NC_w1_PD,T5,Cii,NC,1,PD,red,687.0370370370371,2.95
T5_NC_w1_PD,T5,Cii,NC,1,PD,red,688.8888888888888,2.95
T5_NC_w1_PD,T5,Cii,NC,1,PD,red,690.7407407407408,2.9
T5_NC_w1_PD,T5,Cii,NC,1,PD,red,692.5925925925926,2.9
T5_NC_w1_PD,T5,Cii,NC,1,PD,red,694.4444444444445,2.85
T5_NC_w1_PD,T5,Cii,NC,1,PD,red,696.2962962962963,2.8
T5_NC_w1_PD,T5,Cii,NC,1,PD,red,698.1481481481482,2.7
T5_NC_w1_PD,T5,Cii,NC,1,PD,red,700.0,2.6
T5_NC_w1_PD,T5,Cii,NC,1,PD,red,701.8518518518518,2.5
T5_NC_w1_PD,T5,Cii,NC,1,PD,red,703.7037037037037,2.5
T5_NC_w1_PD,T5,Cii,NC,1,PD,red,705.5555555555555,2.45
T5_NC_w1_PD,T5,Cii,NC,1,PD,red,707.4074074074074,2.45
T5_NC_w1_PD,T5,Cii,NC,1,PD,red,709.2592592592592,2.45
T5_NC_w1_PD,T5,Cii,NC,1,PD,red,711.1111111111111,2.45
T5_NC_w1_PD,T5,Cii,NC,1,PD,red,712.9629629629629,2.45
T5_NC_w1_PD,T5,Cii,NC,1,PD,red,714.8148148148149,2.5
T5_NC_w1_PD,T5,Cii,NC,1,PD,red,716.6666666666666,2.55
T5_NC_w1_PD,T5,Cii,NC,1,PD,red,718.5185185185186,2.65
T5_NC_w1_PD,T5,Cii,NC,1,PD,red,720.3703703703703,2.75
T5_NC_w1_PD,T5,Cii,NC,1,PD,red,722.2222222222223,2.85
T5_NC_w1_PD,T5,Cii,NC,1,PD,red,724.074074074074,2.9
T5_NC_w1_PD,T5,Cii,NC,1,PD,red,725.9259259259259,2.9
T5_NC_w1_PD,T5,Cii,NC,1,PD,red,727.7777777777778,2.9
T5_NC_w1_PD,T5,Cii,NC,1,PD,red,729.6296296296296,2.9
T5_NC_w1_PD,T5,Cii,NC,1,PD,red,731.4814814814815,2.9
T5_NC_w1_PD,T5,Cii,NC,1,PD,red,733.3333333333333,2.9
T5_NC_w1_PD,T5,Cii,NC,1,PD,red,735.1851851851852,2.9
T5_NC_w1_PD,T5,Cii,NC,1,PD,red,737.0370370370371,2.85
T5_NC_w1_PD,T5,Cii,NC,1,PD,red,738.8888888888889,2.85
T5_NC_w1_PD,T5,Cii,NC,1,PD,red,740.7407407407409,2.85
T5_NC_w1_PD,T5,Cii,NC,1,PD,red,742.5925925925926,2.85
T5_NC_w1_PD,T5,Cii,NC,1,PD,red,744.4444444444445,2.85
T5_NC_w1_PD,T5,Cii,NC,1,PD,red,746.2962962962962,2.85
T5_NC_w1_PD,T5,Cii,NC,1,PD,red,748.148148148148,2.85
T5_NC_w1_PD,T5,Cii,NC,1,PD,red,750.0,2.85
T5_NC_w1_PD,T5,Cii,NC,1,PD,red,751.8518518518518,2.85
T5_NC_w1_PD,T5,Cii,NC,1,PD,red,753.7037037037037,2.8
T5_NC_w1_PD,T5,Cii,NC,1,PD,red,755.5555555555555,2.75
T5_NC_w1_PD,T5,Cii,NC,1,PD,red,757.4074074074074,2.7
T5_NC_w1_PD,T5,Cii,NC,1,PD,red,759.2592592592594,2.65
T5_NC_w1_PD,T5,Cii,NC,1,PD,red,761.1111111111111,2.6
T5_NC_w1_PD,T5,Cii,NC,1,PD,red,762.9629629629629,2.55
T5_NC_w1_PD,T5,Cii,NC,1,PD,red,764.8148148148148,2.5
T5_NC_w1_PD,T5,Cii,NC,1,PD,red,766.6666666666666,2.4
T5_NC_w1_PD,T5,Cii,NC,1,PD,red,768.5185185185186,2.35
T5_NC_w1_PD,T5,Cii,NC,1,PD,red,770.3703703703703,2.25
T5_NC_w1_PD,T5,Cii,NC,1,PD,red,772.2222222222223,2.15
T5_NC_w1_PD,T5,Cii,NC,1,PD,red,774.074074074074,2.0
T5_NC_w1_PD,T5,Cii,NC,1,PD,red,775.925925925926,1.9
T5_NC_w1_PD,T5,Cii,NC,1,PD,red,777.7777777777777,1.9
T5_NC_w1_PD,T5,Cii,NC,1,PD,red,779.6296296296297,1.8
T5_NC_w1_PD,T5,Cii,NC,1,PD,red,781.4814814814815,1.75
T5_NC_w1_PD,T5,Cii,NC,1,PD,red,783.3333333333334,1.75
T5_NC_w1_PD,T5,Cii,NC,1,PD,red,785.1851851851852,1.75
T5_NC_w1_PD,T5,Cii,NC,1,PD,red,787.037037037037,1.65
T5_NC_w1_PD,T5,Cii,NC,1,PD,red,788.8888888888889,1.65
T5_NC_w1_PD,T5,Cii,NC,1,PD,red,790.7407407407409,1.6
T5_NC_w1_PD,T5,Cii,NC,1,PD,red,792.5925925925926,1.55
T5_NC_w1_PD,T5,Cii,NC,1,PD,red,794.4444444444445,1.55
T5_NC_w1_PD,T5,Cii,NC,1,PD,red,796.2962962962963,1.55
T5_NC_w1_PD,T5,Cii,NC,1,PD,red,798.148148148148,1.45
T5_NC_w1_PD,T5,Cii,NC,1,PD,red,800.0,1.45
T5_NC_w1_PD,T5,Cii,NC,1,PD,red,801.8518518518518,1.45
T5_NC_w1_PD,T5,Cii,NC,1,PD,red,803.7037037037037,1.45
T5_NC_w1_PD,T5,Cii,NC,1,PD,red,805.5555555555555,1.45
T5_NC_w1_PD,T5,Cii,NC,1,PD,red,807.4074074074074,1.45
T5_NC_w1_PD,T5,Cii,NC,1,PD,red,809.2592592592592,1.5
T5_NC_w1_PD,T5,Cii,NC,1,PD,red,811.1111111111111,1.7
T5_NC_w1_PD,T5,Cii,NC,1,PD,red,812.962962962963,1.85
T5_NC_w1_PD,T5,Cii,NC,1,PD,red,814.8148148148148,1.95
T5_NC_w1_PD,T5,Cii,NC,1,PD,red,816.6666666666667,2.2
T5_NC_w1_PD,T5,Cii,NC,1,PD,red,818.5185185185185,2.3
T5_NC_w1_PD,T5,Cii,NC,1,PD,red,820.3703703703704,2.3
T5_NC_w1_PD,T5,Cii,NC,1,PD,red,822.2222222222222,2.3
T5_NC_w1_PD,T5,Cii,NC,1,PD,red,824.074074074074,2.3
T5_NC_w1_PD,T5,Cii,NC,1,PD,red,825.925925925926,2.3
T5_NC_w1_PD,T5,Cii,NC,1,PD,red,827.7777777777777,2.2
T5_NC_w1_PD,T5,Cii,NC,1,PD,red,829.6296296296297,2.15
T5_NC_w1_PD,T5,Cii,NC,1,PD,red,831.4814814814814,2.0
T5_NC_w1_PD,T5,Cii,NC,1,PD,red,833.3333333333334,1.9
T5_NC_w1_PD,T5,Cii,NC,1,PD,red,835.1851851851852,1.8
T5_NC_w1_PD,T5,Cii,NC,1,PD,red,837.0370370370371,1.7
T5_NC_w1_PD,T5,Cii,NC,1,PD,red,838.8888888888889,1.7
T5_NC_w1_PD,T5,Cii,NC,1,PD,red,840.7407407407409,1.7
T5_NC_w1_PD,T5,Cii,NC,1,PD,red,842.5925925925926,1.7
T5_NC_w1_PD,T5,Cii,NC,1,PD,red,844.4444444444443,1.7
T5_NC_w1_PD,T5,Cii,NC,1,PD,red,846.2962962962963,1.8
T5_NC_w1_PD,T5,Cii,NC,1,PD,red,848.1481481481482,1.85
T5_NC_w1_PD,T5,Cii,NC,1,PD,red,850.0,1.85
T5_NC_w1_PD,T5,Cii,NC,1,PD,red,851.851851851852,1.85
T5_NC_w1_PD,T5,Cii,NC,1,PD,red,853.7037037037037,1.85
T5_NC_w1_PD,T5,Cii,NC,1,PD,red,855.5555555555555,1.85
T5_NC_w1_PD,T5,Cii,NC,1,PD,red,857.4074074074075,1.8
T5_NC_w1_PD,T5,Cii,NC,1,PD,red,859.2592592592591,1.75
T5_NC_w1_PD,T5,Cii,NC,1,PD,red,861.1111111111111,1.75
T5_NC_w1_PD,T5,Cii,NC,1,PD,red,862.9629629629628,1.75
T5_NC_w1_PD,T5,Cii,NC,1,PD,red,864.8148148148148,1.7
T5_NC_w1_PD,T5,Cii,NC,1,PD,red,866.6666666666665,1.65
T5_NC_w1_PD,T5,Cii,NC,1,PD,red,868.5185185185185,1.5
T5_NC_w1_PD,T5,Cii,NC,1,PD,red,870.3703703703704,1.4
T5_NC_w1_PD,T5,Cii,NC,1,PD,red,872.2222222222222,1.3
T5_NC_w1_PD,T5,Cii,NC,1,PD,red,874.0740740740741,1.2
T5_NC_w1_PD,T5,Cii,NC,1,PD,red,875.9259259259259,1.05
T5_NC_w1_PD,T5,Cii,NC,1,PD,red,877.7777777777778,1.05
T5_NC_w1_PD,T5,Cii,NC,1,PD,red,879.6296296296297,1.0
T5_NC_w1_PD,T5,Cii,NC,1,PD,red,881.4814814814814,1.0
T5_NC_w1_PD,T5,Cii,NC,1,PD,red,883.3333333333334,1.0
T5_NC_w1_PD,T5,Cii,NC,1,PD,red,885.1851851851851,0.9
T5_NC_w1_PD,T5,Cii,NC,1,PD,red,887.0370370370371,0.85
T5_NC_w1_PD,T5,Cii,NC,1,PD,red,888.8888888888888,0.8
T5_NC_w1_PD,T5,Cii,NC,1,PD,red,890.7407407407409,0.7
T5_NC_w1_PD,T5,Cii,NC,1,PD,red,892.5925925925926,0.6
T5_NC_w1_PD,T5,Cii,NC,1,PD,red,894.4444444444445,0.5
T5_NC_w1_PD,T5,Cii,NC,1,PD,red,896.2962962962963,0.35
T5_NC_w1_PD,T5,Cii,NC,1,PD,red,898.1481481481482,0.35
T5_NC_w1_PD,T5,Cii,NC,1,PD,red,900.0,0.35
T5_NC_w1_ND,T5,Cii,NC,1,ND,blue,0.0,0.0
T5_NC_w1_ND,T5,Cii,NC,1,ND,blue,5.555555555555543,0.0
T5_NC_w1_ND,T5,Cii,NC,1,ND,blue,7.407407407407391,0.0
T5_NC_w1_ND,T5,Cii,NC,1,ND,blue,9.259259259259181,0.1
T5_NC_w1_ND,T5,Cii,NC,1,ND,blue,11.111111111111086,0.1
T5_NC_w1_ND,T5,Cii,NC,1,ND,blue,12.96296296296299,0.15
T5_NC_w1_ND,T5,Cii,NC,1,ND,blue,16.666666666666686,0.15
T5_NC_w1_ND,T5,Cii,NC,1,ND,blue,18.518518518518476,0.0
T5_NC_w1_ND,T5,Cii,NC,1,ND,blue,20.37037037037038,0.0
T5_NC_w1_ND,T5,Cii,NC,1,ND,blue,24.074074074074076,-0.05
T5_NC_w1_ND,T5,Cii,NC,1,ND,blue,31.481481481481524,-0.6
T5_NC_w1_ND,T5,Cii,NC,1,ND,blue,33.333333333333314,-0.6
T5_NC_w1_ND,T5,Cii,NC,1,ND,blue,35.18518518518522,-0.7
T5_NC_w1_ND,T5,Cii,NC,1,ND,blue,37.03703703703712,-0.8
T5_NC_w1_ND,T5,Cii,NC,1,ND,blue,40.74074074074082,-0.9
T5_NC_w1_ND,T5,Cii,NC,1,ND,blue,42.592592592592595,-1.0
T5_NC_w1_ND,T5,Cii,NC,1,ND,blue,44.44444444444446,-1.0
T5_NC_w1_ND,T5,Cii,NC,1,ND,blue,46.296296296296305,-1.0
T5_NC_w1_ND,T5,Cii,NC,1,ND,blue,53.703703703703695,-1.1
T5_NC_w1_ND,T5,Cii,NC,1,ND,blue,57.407407407407405,-1.2
T5_NC_w1_ND,T5,Cii,NC,1,ND,blue,59.25925925925918,-1.2
T5_NC_w1_ND,T5,Cii,NC,1,ND,blue,61.111111111111086,-1.3
T5_NC_w1_ND,T5,Cii,NC,1,ND,blue,68.51851851851848,-1.4
T5_NC_w1_ND,T5,Cii,NC,1,ND,blue,74.07407407407408,-1.4
T5_NC_w1_ND,T5,Cii,NC,1,ND,blue,79.62962962962962,-1.5
T5_NC_w1_ND,T5,Cii,NC,1,ND,blue,81.48148148148152,-1.5
T5_NC_w1_ND,T5,Cii,NC,1,ND,blue,85.18518518518522,-1.6
T5_NC_w1_ND,T5,Cii,NC,1,ND,blue,87.03703703703712,-1.65
T5_NC_w1_ND,T5,Cii,NC,1,ND,blue,92.5925925925926,-1.65
T5_NC_w1_ND,T5,Cii,NC,1,ND,blue,94.44444444444446,-1.65
T5_NC_w1_ND,T5,Cii,NC,1,ND,blue,96.2962962962963,-1.65
T5_NC_w1_ND,T5,Cii,NC,1,ND,blue,100.0,-1.65
T5_NC_w1_ND,T5,Cii,NC,1,ND,blue,101.8518518518519,-1.65
T5_NC_w1_ND,T5,Cii,NC,1,ND,blue,103.7037037037037,-1.8
T5_NC_w1_ND,T5,Cii,NC,1,ND,blue,105.55555555555554,-1.8
T5_NC_w1_ND,T5,Cii,NC,1,ND,blue,107.40740740740739,-1.8
T5_NC_w1_ND,T5,Cii,NC,1,ND,blue,109.2592592592593,-1.8
T5_NC_w1_ND,T5,Cii,NC,1,ND,blue,111.11111111111109,-1.8
T5_NC_w1_ND,T5,Cii,NC,1,ND,blue,112.96296296296299,-1.8
T5_NC_w1_ND,T5,Cii,NC,1,ND,blue,114.81481481481478,-1.8
T5_NC_w1_ND,T5,Cii,NC,1,ND,blue,116.66666666666664,-1.8
T5_NC_w1_ND,T5,Cii,NC,1,ND,blue,118.51851851851852,-1.6
T5_NC_w1_ND,T5,Cii,NC,1,ND,blue,122.22222222222216,-1.4
T5_NC_w1_ND,T5,Cii,NC,1,ND,blue,124.07407407407408,-1.2
T5_NC_w1_ND,T5,Cii,NC,1,ND,blue,125.92592592592592,-1.2
T5_NC_w1_ND,T5,Cii,NC,1,ND,blue,127.77777777777776,-1.2
T5_NC_w1_ND,T5,Cii,NC,1,ND,blue,129.62962962962968,-1.05
T5_NC_w1_ND,T5,Cii,NC,1,ND,blue,131.48148148148152,-1.0
T5_NC_w1_ND,T5,Cii,NC,1,ND,blue,133.33333333333331,-1.0
T5_NC_w1_ND,T5,Cii,NC,1,ND,blue,135.18518518518522,-0.95
T5_NC_w1_ND,T5,Cii,NC,1,ND,blue,137.03703703703707,-0.95
T5_NC_w1_ND,T5,Cii,NC,1,ND,blue,138.8888888888889,-0.8
T5_NC_w1_ND,T5,Cii,NC,1,ND,blue,140.74074074074076,-0.8
T5_NC_w1_ND,T5,Cii,NC,1,ND,blue,142.5925925925926,-0.8
T5_NC_w1_ND,T5,Cii,NC,1,ND,blue,146.2962962962963,-0.95
T5_NC_w1_ND,T5,Cii,NC,1,ND,blue,148.14814814814815,-0.95
T5_NC_w1_ND,T5,Cii,NC,1,ND,blue,150.0,-1.0
T5_NC_w1_ND,T5,Cii,NC,1,ND,blue,151.8518518518519,-1.0
T5_NC_w1_ND,T5,Cii,NC,1,ND,blue,155.55555555555554,-1.0
T5_NC_w1_ND,T5,Cii,NC,1,ND,blue,161.1111111111111,-1.1
T5_NC_w1_ND,T5,Cii,NC,1,ND,blue,168.51851851851853,-1.2
T5_NC_w1_ND,T5,Cii,NC,1,ND,blue,172.22222222222217,-1.3
T5_NC_w1_ND,T5,Cii,NC,1,ND,blue,175.92592592592592,-1.6
T5_NC_w1_ND,T5,Cii,NC,1,ND,blue,177.77777777777777,-1.6
T5_NC_w1_ND,T5,Cii,NC,1,ND,blue,185.1851851851852,-1.6
T5_NC_w1_ND,T5,Cii,NC,1,ND,blue,190.7407407407408,-1.65
T5_NC_w1_ND,T5,Cii,NC,1,ND,blue,192.59259259259252,-1.75
T5_NC_w1_ND,T5,Cii,NC,1,ND,blue,200.0,-1.8
T5_NC_w1_ND,T5,Cii,NC,1,ND,blue,203.7037037037037,-1.75
T5_NC_w1_ND,T5,Cii,NC,1,ND,blue,205.5555555555556,-1.65
T5_NC_w1_ND,T5,Cii,NC,1,ND,blue,209.25925925925924,-1.65
T5_NC_w1_ND,T5,Cii,NC,1,ND,blue,211.1111111111111,-1.65
T5_NC_w1_ND,T5,Cii,NC,1,ND,blue,212.96296296296296,-1.8
T5_NC_w1_ND,T5,Cii,NC,1,ND,blue,218.51851851851853,-1.8
T5_NC_w1_ND,T5,Cii,NC,1,ND,blue,220.37037037037035,-1.8
T5_NC_w1_ND,T5,Cii,NC,1,ND,blue,224.07407407407408,-2.0
T5_NC_w1_ND,T5,Cii,NC,1,ND,blue,225.92592592592595,-2.0
T5_NC_w1_ND,T5,Cii,NC,1,ND,blue,227.7777777777778,-2.0
T5_NC_w1_ND,T5,Cii,NC,1,ND,blue,229.62962962962965,-2.0
T5_NC_w1_ND,T5,Cii,NC,1,ND,blue,231.48148148148147,-2.0
T5_NC_w1_ND,T5,Cii,NC,1,ND,blue,233.3333333333333,-1.8
T5_NC_w1_ND,T5,Cii,NC,1,ND,blue,238.8888888888889,-1.8
T5_NC_w1_ND,T5,Cii,NC,1,ND,blue,240.74074074074082,-1.65
T5_NC_w1_ND,T5,Cii,NC,1,ND,blue,242.59259259259252,-1.65
T5_NC_w1_ND,T5,Cii,NC,1,ND,blue,248.14814814814812,-1.65
T5_NC_w1_ND,T5,Cii,NC,1,ND,blue,250.0,-1.7
T5_NC_w1_ND,T5,Cii,NC,1,ND,blue,255.5555555555556,-1.7
T5_NC_w1_ND,T5,Cii,NC,1,ND,blue,262.962962962963,-1.7
T5_NC_w1_ND,T5,Cii,NC,1,ND,blue,264.8148148148148,-1.7
T5_NC_w1_ND,T5,Cii,NC,1,ND,blue,266.66666666666663,-1.7
T5_NC_w1_ND,T5,Cii,NC,1,ND,blue,268.5185185185185,-1.7
T5_NC_w1_ND,T5,Cii,NC,1,ND,blue,270.3703703703704,-1.7
T5_NC_w1_ND,T5,Cii,NC,1,ND,blue,272.22222222222223,-1.65
T5_NC_w1_ND,T5,Cii,NC,1,ND,blue,275.9259259259259,-1.5
T5_NC_w1_ND,T5,Cii,NC,1,ND,blue,279.6296296296296,-1.45
T5_NC_w1_ND,T5,Cii,NC,1,ND,blue,283.3333333333333,-1.3
T5_NC_w1_ND,T5,Cii,NC,1,ND,blue,285.1851851851852,-1.3
T5_NC_w1_ND,T5,Cii,NC,1,ND,blue,287.037037037037,-1.3
T5_NC_w1_ND,T5,Cii,NC,1,ND,blue,288.88888888888886,-1.2
T5_NC_w1_ND,T5,Cii,NC,1,ND,blue,292.5925925925926,-1.1
T5_NC_w1_ND,T5,Cii,NC,1,ND,blue,294.44444444444446,-1.1
T5_NC_w1_ND,T5,Cii,NC,1,ND,blue,296.2962962962963,-1.1
T5_NC_w1_ND,T5,Cii,NC,1,ND,blue,298.1481481481481,-1.0
T5_NC_w1_ND,T5,Cii,NC,1,ND,blue,303.7037037037037,-1.0
T5_NC_w1_ND,T5,Cii,NC,1,ND,blue,305.55555555555554,-1.0
T5_NC_w1_ND,T5,Cii,NC,1,ND,blue,307.4074074074074,-1.0
T5_NC_w1_ND,T5,Cii,NC,1,ND,blue,309.25925925925924,-1.0
T5_NC_w1_ND,T5,Cii,NC,1,ND,blue,311.1111111111111,-1.0
T5_NC_w1_ND,T5,Cii,NC,1,ND,blue,312.962962962963,-1.0
T5_NC_w1_ND,T5,Cii,NC,1,ND,blue,324.0740740740741,-1.0
T5_NC_w1_ND,T5,Cii,NC,1,ND,blue,325.9259259259259,-1.0
T5_NC_w1_ND,T5,Cii,NC,1,ND,blue,327.77777777777777,-1.0
T5_NC_w1_ND,T5,Cii,NC,1,ND,blue,333.33333333333326,-0.9
T5_NC_w1_ND,T5,Cii,NC,1,ND,blue,335.1851851851852,-0.5
T5_NC_w1_ND,T5,Cii,NC,1,ND,blue,337.03703703703707,-0.5
T5_NC_w1_ND,T5,Cii,NC,1,ND,blue,346.2962962962963,-0.5
T5_NC_w1_ND,T5,Cii,NC,1,ND,blue,351.85185185185185,-0.35
T5_NC_w1_ND,T5,Cii,NC,1,ND,blue,355.55555555555554,-0.3
T5_NC_w1_ND,T5,Cii,NC,1,ND,blue,361.1111111111112,-0.3
T5_NC_w1_ND,T5,Cii,NC,1,ND,blue,362.9629629629629,-0.4
T5_NC_w1_ND,T5,Cii,NC,1,ND,blue,368.5185185185185,-0.4
T5_NC_w1_ND,T5,Cii,NC,1,ND,blue,370.37037037037044,-0.4
T5_NC_w1_ND,T5,Cii,NC,1,ND,blue,372.22222222222223,-0.4
T5_NC_w1_ND,T5,Cii,NC,1,ND,blue,374.0740740740741,-0.5
T5_NC_w1_ND,T5,Cii,NC,1,ND,blue,375.9259259259259,-0.4
T5_NC_w1_ND,T5,Cii,NC,1,ND,blue,379.6296296296297,-0.4
T5_NC_w1_ND,T5,Cii,NC,1,ND,blue,381.4814814814815,-0.4
T5_NC_w1_ND,T5,Cii,NC,1,ND,blue,385.1851851851852,-0.4
T5_NC_w1_ND,T5,Cii,NC,1,ND,blue,390.74074074074076,-0.3
T5_NC_w1_ND,T5,Cii,NC,1,ND,blue,394.44444444444446,-0.2
T5_NC_w1_ND,T5,Cii,NC,1,ND,blue,396.2962962962963,0.0
T5_NC_w1_ND,T5,Cii,NC,1,ND,blue,400.0,0.3
T5_NC_w1_ND,T5,Cii,NC,1,ND,blue,401.8518518518519,0.4
T5_NC_w1_ND,T5,Cii,NC,1,ND,blue,403.7037037037037,0.5
T5_NC_w1_ND,T5,Cii,NC,1,ND,blue,405.55555555555554,0.6
T5_NC_w1_ND,T5,Cii,NC,1,ND,blue,407.4074074074074,0.6
T5_NC_w1_ND,T5,Cii,NC,1,ND,blue,409.2592592592592,0.6
T5_NC_w1_ND,T5,Cii,NC,1,ND,blue,411.1111111111111,0.65
T5_NC_w1_ND,T5,Cii,NC,1,ND,blue,414.8148148148149,0.7
T5_NC_w1_ND,T5,Cii,NC,1,ND,blue,416.6666666666667,0.8
T5_NC_w1_ND,T5,Cii,NC,1,ND,blue,418.5185185185185,0.9
T5_NC_w1_ND,T5,Cii,NC,1,ND,blue,420.3703703703704,1.1
T5_NC_w1_ND,T5,Cii,NC,1,ND,blue,422.2222222222222,1.15
T5_NC_w1_ND,T5,Cii,NC,1,ND,blue,424.0740740740741,1.15
T5_NC_w1_ND,T5,Cii,NC,1,ND,blue,425.9259259259259,1.2
T5_NC_w1_ND,T5,Cii,NC,1,ND,blue,427.77777777777777,1.4
T5_NC_w1_ND,T5,Cii,NC,1,ND,blue,431.4814814814815,1.4
T5_NC_w1_ND,T5,Cii,NC,1,ND,blue,433.3333333333333,1.4
T5_NC_w1_ND,T5,Cii,NC,1,ND,blue,435.1851851851852,1.65
T5_NC_w1_ND,T5,Cii,NC,1,ND,blue,437.03703703703707,1.8
T5_NC_w1_ND,T5,Cii,NC,1,ND,blue,438.8888888888889,1.8
T5_NC_w1_ND,T5,Cii,NC,1,ND,blue,440.7407407407407,1.8
T5_NC_w1_ND,T5,Cii,NC,1,ND,blue,442.5925925925925,1.8
T5_NC_w1_ND,T5,Cii,NC,1,ND,blue,444.4444444444444,1.85
T5_NC_w1_ND,T5,Cii,NC,1,ND,blue,446.2962962962963,1.85
T5_NC_w1_ND,T5,Cii,NC,1,ND,blue,448.1481481481481,1.85
T5_NC_w1_ND,T5,Cii,NC,1,ND,blue,451.8518518518519,1.95
T5_NC_w1_ND,T5,Cii,NC,1,ND,blue,453.7037037037037,1.95
T5_NC_w1_ND,T5,Cii,NC,1,ND,blue,455.5555555555556,2.0
T5_NC_w1_ND,T5,Cii,NC,1,ND,blue,457.4074074074074,2.15
T5_NC_w1_ND,T5,Cii,NC,1,ND,blue,459.2592592592593,2.2
T5_NC_w1_ND,T5,Cii,NC,1,ND,blue,461.1111111111112,2.4
T5_NC_w1_ND,T5,Cii,NC,1,ND,blue,464.8148148148149,2.85
T5_NC_w1_ND,T5,Cii,NC,1,ND,blue,466.6666666666666,2.9
T5_NC_w1_ND,T5,Cii,NC,1,ND,blue,468.5185185185185,3.0
T5_NC_w1_ND,T5,Cii,NC,1,ND,blue,470.3703703703703,3.05
T5_NC_w1_ND,T5,Cii,NC,1,ND,blue,472.22222222222223,3.05
T5_NC_w1_ND,T5,Cii,NC,1,ND,blue,474.0740740740741,3.1
T5_NC_w1_ND,T5,Cii,NC,1,ND,blue,475.9259259259259,3.1
T5_NC_w1_ND,T5,Cii,NC,1,ND,blue,477.7777777777778,3.1
T5_NC_w1_ND,T5,Cii,NC,1,ND,blue,479.6296296296296,3.15
T5_NC_w1_ND,T5,Cii,NC,1,ND,blue,481.4814814814815,3.15
T5_NC_w1_ND,T5,Cii,NC,1,ND,blue,483.33333333333337,3.2
T5_NC_w1_ND,T5,Cii,NC,1,ND,blue,485.1851851851852,3.25
T5_NC_w1_ND,T5,Cii,NC,1,ND,blue,487.03703703703707,3.3
T5_NC_w1_ND,T5,Cii,NC,1,ND,blue,488.88888888888886,3.4
T5_NC_w1_ND,T5,Cii,NC,1,ND,blue,490.7407407407408,3.4
T5_NC_w1_ND,T5,Cii,NC,1,ND,blue,492.5925925925925,3.4
T5_NC_w1_ND,T5,Cii,NC,1,ND,blue,494.44444444444446,3.5
T5_NC_w1_ND,T5,Cii,NC,1,ND,blue,496.2962962962964,3.55
T5_NC_w1_ND,T5,Cii,NC,1,ND,blue,498.1481481481481,3.7
T5_NC_w1_ND,T5,Cii,NC,1,ND,blue,500.0,3.75
T5_NC_w1_ND,T5,Cii,NC,1,ND,blue,501.8518518518518,3.8
T5_NC_w1_ND,T5,Cii,NC,1,ND,blue,503.7037037037037,3.8
T5_NC_w1_ND,T5,Cii,NC,1,ND,blue,505.5555555555556,3.8
T5_NC_w1_ND,T5,Cii,NC,1,ND,blue,509.2592592592593,3.8
T5_NC_w1_ND,T5,Cii,NC,1,ND,blue,511.1111111111111,3.8
T5_NC_w1_ND,T5,Cii,NC,1,ND,blue,512.9629629629628,3.8
T5_NC_w1_ND,T5,Cii,NC,1,ND,blue,514.8148148148148,3.8
T5_NC_w1_ND,T5,Cii,NC,1,ND,blue,516.6666666666665,3.9
T5_NC_w1_ND,T5,Cii,NC,1,ND,blue,518.5185185185186,3.9
T5_NC_w1_ND,T5,Cii,NC,1,ND,blue,520.3703703703703,3.95
T5_NC_w1_ND,T5,Cii,NC,1,ND,blue,522.2222222222223,4.2
T5_NC_w1_ND,T5,Cii,NC,1,ND,blue,524.074074074074,4.4
T5_NC_w1_ND,T5,Cii,NC,1,ND,blue,525.925925925926,4.5
T5_NC_w1_ND,T5,Cii,NC,1,ND,blue,527.7777777777778,4.55
T5_NC_w1_ND,T5,Cii,NC,1,ND,blue,529.6296296296296,4.6
T5_NC_w1_ND,T5,Cii,NC,1,ND,blue,531.4814814814815,4.65
T5_NC_w1_ND,T5,Cii,NC,1,ND,blue,533.3333333333333,4.65
T5_NC_w1_ND,T5,Cii,NC,1,ND,blue,535.1851851851852,4.65
T5_NC_w1_ND,T5,Cii,NC,1,ND,blue,537.037037037037,4.7
T5_NC_w1_ND,T5,Cii,NC,1,ND,blue,538.8888888888889,4.65
T5_NC_w1_ND,T5,Cii,NC,1,ND,blue,542.5925925925926,4.6
T5_NC_w1_ND,T5,Cii,NC,1,ND,blue,544.4444444444445,4.55
T5_NC_w1_ND,T5,Cii,NC,1,ND,blue,546.2962962962963,4.3
T5_NC_w1_ND,T5,Cii,NC,1,ND,blue,548.1481481481482,4.3
T5_NC_w1_ND,T5,Cii,NC,1,ND,blue,550.0,4.2
T5_NC_w1_ND,T5,Cii,NC,1,ND,blue,553.7037037037037,4.2
T5_NC_w1_ND,T5,Cii,NC,1,ND,blue,555.5555555555555,4.2
T5_NC_w1_ND,T5,Cii,NC,1,ND,blue,557.4074074074074,4.1
T5_NC_w1_ND,T5,Cii,NC,1,ND,blue,561.1111111111111,4.1
T5_NC_w1_ND,T5,Cii,NC,1,ND,blue,562.962962962963,3.85
T5_NC_w1_ND,T5,Cii,NC,1,ND,blue,564.8148148148148,3.8
T5_NC_w1_ND,T5,Cii,NC,1,ND,blue,566.6666666666665,3.6
T5_NC_w1_ND,T5,Cii,NC,1,ND,blue,568.5185185185185,3.6
T5_NC_w1_ND,T5,Cii,NC,1,ND,blue,570.3703703703703,3.5
T5_NC_w1_ND,T5,Cii,NC,1,ND,blue,572.2222222222223,3.5
T5_NC_w1_ND,T5,Cii,NC,1,ND,blue,574.074074074074,3.5
T5_NC_w1_ND,T5,Cii,NC,1,ND,blue,575.925925925926,3.5
T5_NC_w1_ND,T5,Cii,NC,1,ND,blue,577.7777777777777,3.5
T5_NC_w1_ND,T5,Cii,NC,1,ND,blue,579.6296296296297,3.5
T5_NC_w1_ND,T5,Cii,NC,1,ND,blue,581.4814814814814,3.6
T5_NC_w1_ND,T5,Cii,NC,1,ND,blue,583.3333333333334,4.15
T5_NC_w1_ND,T5,Cii,NC,1,ND,blue,585.1851851851852,4.15
T5_NC_w1_ND,T5,Cii,NC,1,ND,blue,587.0370370370371,4.15
T5_NC_w1_ND,T5,Cii,NC,1,ND,blue,588.8888888888889,4.15
T5_NC_w1_ND,T5,Cii,NC,1,ND,blue,590.7407407407406,4.15
T5_NC_w1_ND,T5,Cii,NC,1,ND,blue,592.5925925925926,4.0
T5_NC_w1_ND,T5,Cii,NC,1,ND,blue,594.4444444444445,4.0
T5_NC_w1_ND,T5,Cii,NC,1,ND,blue,596.2962962962963,3.9
T5_NC_w1_ND,T5,Cii,NC,1,ND,blue,598.1481481481482,3.8
T5_NC_w1_ND,T5,Cii,NC,1,ND,blue,600.0,3.7
T5_NC_w1_ND,T5,Cii,NC,1,ND,blue,601.851851851852,3.7
T5_NC_w1_ND,T5,Cii,NC,1,ND,blue,603.7037037037038,3.55
T5_NC_w1_ND,T5,Cii,NC,1,ND,blue,605.5555555555555,3.4
T5_NC_w1_ND,T5,Cii,NC,1,ND,blue,607.4074074074074,3.15
T5_NC_w1_ND,T5,Cii,NC,1,ND,blue,609.2592592592591,3.0
T5_NC_w1_ND,T5,Cii,NC,1,ND,blue,611.1111111111111,3.0
T5_NC_w1_ND,T5,Cii,NC,1,ND,blue,612.9629629629628,2.95
T5_NC_w1_ND,T5,Cii,NC,1,ND,blue,614.8148148148148,2.9
T5_NC_w1_ND,T5,Cii,NC,1,ND,blue,616.6666666666667,2.7
T5_NC_w1_ND,T5,Cii,NC,1,ND,blue,618.5185185185185,2.65
T5_NC_w1_ND,T5,Cii,NC,1,ND,blue,620.3703703703704,2.6
T5_NC_w1_ND,T5,Cii,NC,1,ND,blue,622.2222222222222,2.5
T5_NC_w1_ND,T5,Cii,NC,1,ND,blue,624.0740740740741,2.3
T5_NC_w1_ND,T5,Cii,NC,1,ND,blue,625.925925925926,2.1
T5_NC_w1_ND,T5,Cii,NC,1,ND,blue,627.7777777777777,2.05
T5_NC_w1_ND,T5,Cii,NC,1,ND,blue,629.6296296296297,1.75
T5_NC_w1_ND,T5,Cii,NC,1,ND,blue,631.4814814814814,1.6
T5_NC_w1_ND,T5,Cii,NC,1,ND,blue,633.3333333333334,1.5
T5_NC_w1_ND,T5,Cii,NC,1,ND,blue,635.1851851851851,1.45
T5_NC_w1_ND,T5,Cii,NC,1,ND,blue,637.0370370370371,1.4
T5_NC_w1_ND,T5,Cii,NC,1,ND,blue,638.8888888888889,1.3
T5_NC_w1_ND,T5,Cii,NC,1,ND,blue,640.7407407407409,1.2
T5_NC_w1_ND,T5,Cii,NC,1,ND,blue,642.5925925925926,1.1
T5_NC_w1_ND,T5,Cii,NC,1,ND,blue,644.4444444444445,1.0
T5_NC_w1_ND,T5,Cii,NC,1,ND,blue,646.2962962962963,1.0
T5_NC_w1_ND,T5,Cii,NC,1,ND,blue,648.1481481481482,0.9
T5_NC_w1_ND,T5,Cii,NC,1,ND,blue,650.0,0.85
T5_NC_w1_ND,T5,Cii,NC,1,ND,blue,651.851851851852,0.5
T5_NC_w1_ND,T5,Cii,NC,1,ND,blue,653.7037037037037,0.5
T5_NC_w1_ND,T5,Cii,NC,1,ND,blue,655.5555555555555,0.5
T5_NC_w1_ND,T5,Cii,NC,1,ND,blue,659.2592592592591,0.5
T5_NC_w1_ND,T5,Cii,NC,1,ND,blue,661.1111111111112,0.9
T5_NC_w1_ND,T5,Cii,NC,1,ND,blue,664.8148148148148,0.9
T5_NC_w1_ND,T5,Cii,NC,1,ND,blue,666.6666666666666,0.9
T5_NC_w1_ND,T5,Cii,NC,1,ND,blue,668.5185185185185,1.0
T5_NC_w1_ND,T5,Cii,NC,1,ND,blue,670.3703703703704,1.1
T5_NC_w1_ND,T5,Cii,NC,1,ND,blue,672.2222222222222,1.2
T5_NC_w1_ND,T5,Cii,NC,1,ND,blue,674.0740740740741,1.3
T5_NC_w1_ND,T5,Cii,NC,1,ND,blue,675.9259259259259,1.35
T5_NC_w1_ND,T5,Cii,NC,1,ND,blue,677.7777777777778,1.4
T5_NC_w1_ND,T5,Cii,NC,1,ND,blue,679.6296296296296,1.45
T5_NC_w1_ND,T5,Cii,NC,1,ND,blue,681.4814814814815,1.55
T5_NC_w1_ND,T5,Cii,NC,1,ND,blue,683.3333333333334,1.55
T5_NC_w1_ND,T5,Cii,NC,1,ND,blue,685.1851851851852,1.55
T5_NC_w1_ND,T5,Cii,NC,1,ND,blue,687.0370370370371,1.6
T5_NC_w1_ND,T5,Cii,NC,1,ND,blue,688.8888888888888,1.6
T5_NC_w1_ND,T5,Cii,NC,1,ND,blue,690.7407407407408,1.6
T5_NC_w1_ND,T5,Cii,NC,1,ND,blue,692.5925925925926,1.55
T5_NC_w1_ND,T5,Cii,NC,1,ND,blue,694.4444444444445,1.55
T5_NC_w1_ND,T5,Cii,NC,1,ND,blue,703.7037037037037,1.2
T5_NC_w1_ND,T5,Cii,NC,1,ND,blue,705.5555555555555,1.2
T5_NC_w1_ND,T5,Cii,NC,1,ND,blue,707.4074074074074,1.2
T5_NC_w1_ND,T5,Cii,NC,1,ND,blue,709.2592592592592,1.2
T5_NC_w1_ND,T5,Cii,NC,1,ND,blue,711.1111111111111,1.15
T5_NC_w1_ND,T5,Cii,NC,1,ND,blue,712.9629629629629,1.15
T5_NC_w1_ND,T5,Cii,NC,1,ND,blue,714.8148148148149,1.15
T5_NC_w1_ND,T5,Cii,NC,1,ND,blue,716.6666666666666,1.2
T5_NC_w1_ND,T5,Cii,NC,1,ND,blue,718.5185185185186,1.15
T5_NC_w1_ND,T5,Cii,NC,1,ND,blue,720.3703703703703,1.0
T5_NC_w1_ND,T5,Cii,NC,1,ND,blue,722.2222222222223,0.9
T5_NC_w1_ND,T5,Cii,NC,1,ND,blue,724.074074074074,0.9
T5_NC_w1_ND,T5,Cii,NC,1,ND,blue,725.9259259259259,0.9
T5_NC_w1_ND,T5,Cii,NC,1,ND,blue,727.7777777777778,1.2
T5_NC_w1_ND,T5,Cii,NC,1,ND,blue,729.6296296296296,1.3
T5_NC_w1_ND,T5,Cii,NC,1,ND,blue,731.4814814814815,1.3
T5_NC_w1_ND,T5,Cii,NC,1,ND,blue,733.3333333333333,1.4
T5_NC_w1_ND,T5,Cii,NC,1,ND,blue,735.1851851851852,1.4
T5_NC_w1_ND,T5,Cii,NC,1,ND,blue,737.0370370370371,1.4
T5_NC_w1_ND,T5,Cii,NC,1,ND,blue,738.8888888888889,1.4
T5_NC_w1_ND,T5,Cii,NC,1,ND,blue,740.7407407407409,1.15
T5_NC_w1_ND,T5,Cii,NC,1,ND,blue,742.5925925925926,1.15
T5_NC_w1_ND,T5,Cii,NC,1,ND,blue,744.4444444444445,1.15
T5_NC_w1_ND,T5,Cii,NC,1,ND,blue,746.2962962962962,1.15
T5_NC_w1_ND,T5,Cii,NC,1,ND,blue,748.148148148148,1.35
T5_NC_w1_ND,T5,Cii,NC,1,ND,blue,750.0,1.35
T5_NC_w1_ND,T5,Cii,NC,1,ND,blue,751.8518518518518,1.35
T5_NC_w1_ND,T5,Cii,NC,1,ND,blue,753.7037037037037,1.35
T5_NC_w1_ND,T5,Cii,NC,1,ND,blue,755.5555555555555,1.35
T5_NC_w1_ND,T5,Cii,NC,1,ND,blue,757.4074074074074,1.35
T5_NC_w1_ND,T5,Cii,NC,1,ND,blue,759.2592592592594,1.35
T5_NC_w1_ND,T5,Cii,NC,1,ND,blue,761.1111111111111,1.3
T5_NC_w1_ND,T5,Cii,NC,1,ND,blue,762.9629629629629,1.25
T5_NC_w1_ND,T5,Cii,NC,1,ND,blue,764.8148148148148,1.15
T5_NC_w1_ND,T5,Cii,NC,1,ND,blue,766.6666666666666,1.15
T5_NC_w1_ND,T5,Cii,NC,1,ND,blue,768.5185185185186,1.15
T5_NC_w1_ND,T5,Cii,NC,1,ND,blue,770.3703703703703,1.15
T5_NC_w1_ND,T5,Cii,NC,1,ND,blue,772.2222222222223,1.15
T5_NC_w1_ND,T5,Cii,NC,1,ND,blue,774.074074074074,1.5
T5_NC_w1_ND,T5,Cii,NC,1,ND,blue,775.925925925926,1.6
T5_NC_w1_ND,T5,Cii,NC,1,ND,blue,777.7777777777777,1.7
T5_NC_w1_ND,T5,Cii,NC,1,ND,blue,779.6296296296297,1.75
T5_NC_w1_ND,T5,Cii,NC,1,ND,blue,781.4814814814815,1.9
T5_NC_w1_ND,T5,Cii,NC,1,ND,blue,783.3333333333334,2.1
T5_NC_w1_ND,T5,Cii,NC,1,ND,blue,787.037037037037,2.2
T5_NC_w1_ND,T5,Cii,NC,1,ND,blue,788.8888888888889,2.2
T5_NC_w1_ND,T5,Cii,NC,1,ND,blue,790.7407407407409,2.3
T5_NC_w1_ND,T5,Cii,NC,1,ND,blue,792.5925925925926,2.3
T5_NC_w1_ND,T5,Cii,NC,1,ND,blue,794.4444444444445,2.3
T5_NC_w1_ND,T5,Cii,NC,1,ND,blue,798.148148148148,2.2
T5_NC_w1_ND,T5,Cii,NC,1,ND,blue,800.0,2.2
T5_NC_w1_ND,T5,Cii,NC,1,ND,blue,801.8518518518518,2.2
T5_NC_w1_ND,T5,Cii,NC,1,ND,blue,803.7037037037037,2.2
T5_NC_w1_ND,T5,Cii,NC,1,ND,blue,805.5555555555555,2.1
T5_NC_w1_ND,T5,Cii,NC,1,ND,blue,807.4074074074074,2.0
T5_NC_w1_ND,T5,Cii,NC,1,ND,blue,809.2592592592592,1.85
T5_NC_w1_ND,T5,Cii,NC,1,ND,blue,811.1111111111111,1.6
T5_NC_w1_ND,T5,Cii,NC,1,ND,blue,820.3703703703704,1.2
T5_NC_w1_ND,T5,Cii,NC,1,ND,blue,822.2222222222222,1.2
T5_NC_w1_ND,T5,Cii,NC,1,ND,blue,824.074074074074,1.0
T5_NC_w1_ND,T5,Cii,NC,1,ND,blue,825.925925925926,0.8
T5_NC_w1_ND,T5,Cii,NC,1,ND,blue,827.7777777777777,0.8
T5_NC_w1_ND,T5,Cii,NC,1,ND,blue,829.6296296296297,0.75
T5_NC_w1_ND,T5,Cii,NC,1,ND,blue,831.4814814814814,0.5
T5_NC_w1_ND,T5,Cii,NC,1,ND,blue,833.3333333333334,0.5
T5_NC_w1_ND,T5,Cii,NC,1,ND,blue,835.1851851851852,0.4
T5_NC_w1_ND,T5,Cii,NC,1,ND,blue,837.0370370370371,0.4
T5_NC_w1_ND,T5,Cii,NC,1,ND,blue,838.8888888888889,0.4
T5_NC_w1_ND,T5,Cii,NC,1,ND,blue,840.7407407407409,0.4
T5_NC_w1_ND,T5,Cii,NC,1,ND,blue,842.5925925925926,0.4
T5_NC_w1_ND,T5,Cii,NC,1,ND,blue,844.4444444444443,0.4
T5_NC_w1_ND,T5,Cii,NC,1,ND,blue,850.0,0.4
T5_NC_w1_ND,T5,Cii,NC,1,ND,blue,851.851851851852,0.4
T5_NC_w1_ND,T5,Cii,NC,1,ND,blue,853.7037037037037,0.4
T5_NC_w1_ND,T5,Cii,NC,1,ND,blue,855.5555555555555,0.45
T5_NC_w1_ND,T5,Cii,NC,1,ND,blue,857.4074074074075,0.4
T5_NC_w1_ND,T5,Cii,NC,1,ND,blue,859.2592592592591,0.4
T5_NC_w1_ND,T5,Cii,NC,1,ND,blue,861.1111111111111,0.4
T5_NC_w1_ND,T5,Cii,NC,1,ND,blue,862.9629629629628,0.4
T5_NC_w1_ND,T5,Cii,NC,1,ND,blue,864.8148148148148,0.45
T5_NC_w1_ND,T5,Cii,NC,1,ND,blue,866.6666666666665,0.5
T5_NC_w1_ND,T5,Cii,NC,1,ND,blue,868.5185185185185,0.5
T5_NC_w1_ND,T5,Cii,NC,1,ND,blue,874.0740740740741,0.4
T5_NC_w1_ND,T5,Cii,NC,1,ND,blue,875.9259259259259,0.2
T5_NC_w1_ND,T5,Cii,NC,1,ND,blue,877.7777777777778,0.2
T5_NC_w1_ND,T5,Cii,NC,1,ND,blue,879.6296296296297,0.1
T5_NC_w1_ND,T5,Cii,NC,1,ND,blue,881.4814814814814,0.2
T5_NC_w1_ND,T5,Cii,NC,1,ND,blue,883.3333333333334,0.2
T5_NC_w1_ND,T5,Cii,NC,1,ND,blue,890.7407407407409,0.1
T5_NC_w1_ND,T5,Cii,NC,1,ND,blue,892.5925925925926,-0.1
T5_NC_w1_ND,T5,Cii,NC,1,ND,blue,894.4444444444445,0.1
T5_NC_w1_ND,T5,Cii,NC,1,ND,blue,896.2962962962963,0.2
T5_NC_w1_ND,T5,Cii,NC,1,ND,blue,898.1481481481482,0.2
T5_NC_w4_PD,T5,Cii,NC,4,PD,red,0.0,0.0
T5_NC_w4_PD,T5,Cii,NC,4,PD,red,1.8633540372670723,0.0
T5_NC_w4_PD,T5,Cii,NC,4,PD,red,3.7267080745341445,0.0
T5_NC_w4_PD,T5,Cii,NC,4,PD,red,5.590062111801217,0.0
T5_NC_w4_PD,T5,Cii,NC,4,PD,red,7.453416149068346,-0.05
T5_NC_w4_PD,T5,Cii,NC,4,PD,red,9.316770186335418,-0.1
T5_NC_w4_PD,T5,Cii,NC,4,PD,red,11.18012422360249,-0.15
T5_NC_w4_PD,T5,Cii,NC,4,PD,red,13.04347826086962,-0.15
T5_NC_w4_PD,T5,Cii,NC,4,PD,red,14.906832298136635,-0.15
T5_NC_w4_PD,T5,Cii,NC,4,PD,red,16.770186335403707,-0.15
T5_NC_w4_PD,T5,Cii,NC,4,PD,red,18.63354037267078,-0.15
T5_NC_w4_PD,T5,Cii,NC,4,PD,red,20.49689440993791,-0.15
T5_NC_w4_PD,T5,Cii,NC,4,PD,red,22.36024844720498,-0.25
T5_NC_w4_PD,T5,Cii,NC,4,PD,red,24.223602484471996,-0.3
T5_NC_w4_PD,T5,Cii,NC,4,PD,red,26.086956521739125,-0.4
T5_NC_w4_PD,T5,Cii,NC,4,PD,red,27.950310559006198,-0.45
T5_NC_w4_PD,T5,Cii,NC,4,PD,red,29.813664596273284,-0.5
T5_NC_w4_PD,T5,Cii,NC,4,PD,red,31.677018633540342,-0.5
T5_NC_w4_PD,T5,Cii,NC,4,PD,red,33.540372670807514,-0.5
T5_NC_w4_PD,T5,Cii,NC,4,PD,red,35.40372670807449,-0.5
T5_NC_w4_PD,T5,Cii,NC,4,PD,red,37.267080745341616,-0.5
T5_NC_w4_PD,T5,Cii,NC,4,PD,red,39.130434782608674,-0.45
T5_NC_w4_PD,T5,Cii,NC,4,PD,red,40.99378881987582,-0.4
T5_NC_w4_PD,T5,Cii,NC,4,PD,red,42.857142857142776,-0.4
T5_NC_w4_PD,T5,Cii,NC,4,PD,red,44.720496894409905,-0.4
T5_NC_w4_PD,T5,Cii,NC,4,PD,red,46.583850931677034,-0.4
T5_NC_w4_PD,T5,Cii,NC,4,PD,red,48.447204968944106,-0.4
T5_NC_w4_PD,T5,Cii,NC,4,PD,red,50.31055900621118,-0.35
T5_NC_w4_PD,T5,Cii,NC,4,PD,red,52.17391304347824,-0.35
T5_NC_w4_PD,T5,Cii,NC,4,PD,red,54.03726708074532,-0.35
T5_NC_w4_PD,T5,Cii,NC,4,PD,red,55.900621118012396,-0.35
T5_NC_w4_PD,T5,Cii,NC,4,PD,red,57.763975155279525,-0.35
T5_NC_w4_PD,T5,Cii,NC,4,PD,red,59.6273291925466,-0.35
T5_NC_w4_PD,T5,Cii,NC,4,PD,red,61.49068322981367,-0.3
T5_NC_w4_PD,T5,Cii,NC,4,PD,red,63.35403726708074,-0.25
T5_NC_w4_PD,T5,Cii,NC,4,PD,red,65.21739130434781,-0.25
T5_NC_w4_PD,T5,Cii,NC,4,PD,red,67.08074534161494,-0.25
T5_NC_w4_PD,T5,Cii,NC,4,PD,red,68.94409937888202,-0.25
T5_NC_w4_PD,T5,Cii,NC,4,PD,red,70.80745341614909,-0.25
T5_NC_w4_PD,T5,Cii,NC,4,PD,red,72.67080745341616,-0.25
T5_NC_w4_PD,T5,Cii,NC,4,PD,red,74.53416149068318,-0.25
T5_NC_w4_PD,T5,Cii,NC,4,PD,red,76.3975155279503,-0.3
T5_NC_w4_PD,T5,Cii,NC,4,PD,red,78.26086956521738,-0.4
T5_NC_w4_PD,T5,Cii,NC,4,PD,red,80.12422360248439,-0.45
T5_NC_w4_PD,T5,Cii,NC,4,PD,red,81.98757763975152,-0.55
T5_NC_w4_PD,T5,Cii,NC,4,PD,red,83.85093167701865,-0.6
T5_NC_w4_PD,T5,Cii,NC,4,PD,red,85.71428571428572,-0.7
T5_NC_w4_PD,T5,Cii,NC,4,PD,red,87.5776397515528,-0.7
T5_NC_w4_PD,T5,Cii,NC,4,PD,red,89.44099378881992,-0.7
T5_NC_w4_PD,T5,Cii,NC,4,PD,red,91.30434782608694,-0.7
T5_NC_w4_PD,T5,Cii,NC,4,PD,red,93.16770186335408,-0.7
T5_NC_w4_PD,T5,Cii,NC,4,PD,red,95.03105590062114,-0.65
T5_NC_w4_PD,T5,Cii,NC,4,PD,red,96.8944099378882,-0.55
T5_NC_w4_PD,T5,Cii,NC,4,PD,red,98.75776397515529,-0.55
T5_NC_w4_PD,T5,Cii,NC,4,PD,red,100.62111801242236,-0.5
T5_NC_w4_PD,T5,Cii,NC,4,PD,red,102.48447204968943,-0.4
T5_NC_w4_PD,T5,Cii,NC,4,PD,red,104.3478260869565,-0.3
T5_NC_w4_PD,T5,Cii,NC,4,PD,red,106.21118012422356,-0.25
T5_NC_w4_PD,T5,Cii,NC,4,PD,red,108.0745341614907,-0.25
T5_NC_w4_PD,T5,Cii,NC,4,PD,red,109.93788819875778,-0.15
T5_NC_w4_PD,T5,Cii,NC,4,PD,red,111.80124223602483,-0.1
T5_NC_w4_PD,T5,Cii,NC,4,PD,red,113.66459627329192,-0.05
T5_NC_w4_PD,T5,Cii,NC,4,PD,red,115.527950310559,-0.05
T5_NC_w4_PD,T5,Cii,NC,4,PD,red,117.39130434782612,-0.05
T5_NC_w4_PD,T5,Cii,NC,4,PD,red,119.2546583850932,-0.05
T5_NC_w4_PD,T5,Cii,NC,4,PD,red,121.11801242236028,-0.05
T5_NC_w4_PD,T5,Cii,NC,4,PD,red,122.98136645962734,-0.1
T5_NC_w4_PD,T5,Cii,NC,4,PD,red,124.8447204968944,-0.15
T5_NC_w4_PD,T5,Cii,NC,4,PD,red,126.70807453416148,-0.2
T5_NC_w4_PD,T5,Cii,NC,4,PD,red,128.57142857142856,-0.2
T5_NC_w4_PD,T5,Cii,NC,4,PD,red,130.43478260869563,-0.25
T5_NC_w4_PD,T5,Cii,NC,4,PD,red,132.2981366459627,-0.3
T5_NC_w4_PD,T5,Cii,NC,4,PD,red,134.16149068322977,-0.35
T5_NC_w4_PD,T5,Cii,NC,4,PD,red,136.0248447204969,-0.45
T5_NC_w4_PD,T5,Cii,NC,4,PD,red,137.88819875776392,-0.5
T5_NC_w4_PD,T5,Cii,NC,4,PD,red,139.7515527950311,-0.55
T5_NC_w4_PD,T5,Cii,NC,4,PD,red,141.61490683229812,-0.6
T5_NC_w4_PD,T5,Cii,NC,4,PD,red,143.47826086956525,-0.7
T5_NC_w4_PD,T5,Cii,NC,4,PD,red,145.34161490683232,-0.8
T5_NC_w4_PD,T5,Cii,NC,4,PD,red,147.2049689440994,-0.85
T5_NC_w4_PD,T5,Cii,NC,4,PD,red,149.06832298136646,-0.9
T5_NC_w4_PD,T5,Cii,NC,4,PD,red,150.93167701863354,-0.95
T5_NC_w4_PD,T5,Cii,NC,4,PD,red,152.7950310559006,-1.0
T5_NC_w4_PD,T5,Cii,NC,4,PD,red,154.65838509316768,-1.0
T5_NC_w4_PD,T5,Cii,NC,4,PD,red,156.52173913043475,-1.1
T5_NC_w4_PD,T5,Cii,NC,4,PD,red,158.38509316770185,-1.15
T5_NC_w4_PD,T5,Cii,NC,4,PD,red,160.24844720496895,-1.15
T5_NC_w4_PD,T5,Cii,NC,4,PD,red,162.11180124223597,-1.15
T5_NC_w4_PD,T5,Cii,NC,4,PD,red,163.9751552795031,-1.15
T5_NC_w4_PD,T5,Cii,NC,4,PD,red,165.83850931677017,-1.15
T5_NC_w4_PD,T5,Cii,NC,4,PD,red,167.7018633540373,-1.15
T5_NC_w4_PD,T5,Cii,NC,4,PD,red,169.56521739130437,-1.15
T5_NC_w4_PD,T5,Cii,NC,4,PD,red,171.42857142857144,-1.05
T5_NC_w4_PD,T5,Cii,NC,4,PD,red,173.29192546583852,-1.0
T5_NC_w4_PD,T5,Cii,NC,4,PD,red,175.1552795031056,-0.9
T5_NC_w4_PD,T5,Cii,NC,4,PD,red,177.01863354037266,-0.75
T5_NC_w4_PD,T5,Cii,NC,4,PD,red,178.88198757763973,-0.65
T5_NC_w4_PD,T5,Cii,NC,4,PD,red,180.7453416149068,-0.6
T5_NC_w4_PD,T5,Cii,NC,4,PD,red,182.60869565217388,-0.55
T5_NC_w4_PD,T5,Cii,NC,4,PD,red,184.472049689441,-0.5
T5_NC_w4_PD,T5,Cii,NC,4,PD,red,186.335403726708,-0.45
T5_NC_w4_PD,T5,Cii,NC,4,PD,red,188.19875776397515,-0.35
T5_NC_w4_PD,T5,Cii,NC,4,PD,red,190.06211180124228,-0.3
T5_NC_w4_PD,T5,Cii,NC,4,PD,red,191.92546583850933,-0.3
T5_NC_w4_PD,T5,Cii,NC,4,PD,red,193.78881987577645,-0.3
T5_NC_w4_PD,T5,Cii,NC,4,PD,red,195.65217391304347,-0.3
T5_NC_w4_PD,T5,Cii,NC,4,PD,red,197.5155279503105,-0.2
T5_NC_w4_PD,T5,Cii,NC,4,PD,red,199.3788819875776,-0.15
T5_NC_w4_PD,T5,Cii,NC,4,PD,red,201.24223602484471,-0.05
T5_NC_w4_PD,T5,Cii,NC,4,PD,red,203.1055900621118,0.05
T5_NC_w4_PD,T5,Cii,NC,4,PD,red,204.9689440993789,0.2
T5_NC_w4_PD,T5,Cii,NC,4,PD,red,206.832298136646,0.3
T5_NC_w4_PD,T5,Cii,NC,4,PD,red,208.69565217391303,0.4
T5_NC_w4_PD,T5,Cii,NC,4,PD,red,210.5590062111801,0.45
T5_NC_w4_PD,T5,Cii,NC,4,PD,red,212.4223602484472,0.5
T5_NC_w4_PD,T5,Cii,NC,4,PD,red,214.2857142857143,0.5
T5_NC_w4_PD,T5,Cii,NC,4,PD,red,216.1490683229813,0.5
T5_NC_w4_PD,T5,Cii,NC,4,PD,red,218.01242236024845,0.5
T5_NC_w4_PD,T5,Cii,NC,4,PD,red,219.87577639751552,0.5
T5_NC_w4_PD,T5,Cii,NC,4,PD,red,221.7391304347826,0.55
T5_NC_w4_PD,T5,Cii,NC,4,PD,red,223.6024844720497,0.55
T5_NC_w4_PD,T5,Cii,NC,4,PD,red,225.4658385093168,0.55
T5_NC_w4_PD,T5,Cii,NC,4,PD,red,227.32919254658384,0.55
T5_NC_w4_PD,T5,Cii,NC,4,PD,red,229.1925465838509,0.55
T5_NC_w4_PD,T5,Cii,NC,4,PD,red,231.055900621118,0.55
T5_NC_w4_PD,T5,Cii,NC,4,PD,red,232.9192546583851,0.55
T5_NC_w4_PD,T5,Cii,NC,4,PD,red,234.7826086956522,0.55
T5_NC_w4_PD,T5,Cii,NC,4,PD,red,236.6459627329192,0.55
T5_NC_w4_PD,T5,Cii,NC,4,PD,red,238.5093167701863,0.55
T5_NC_w4_PD,T5,Cii,NC,4,PD,red,240.37267080745346,0.55
T5_NC_w4_PD,T5,Cii,NC,4,PD,red,242.2360248447205,0.55
T5_NC_w4_PD,T5,Cii,NC,4,PD,red,244.09937888198755,0.55
T5_NC_w4_PD,T5,Cii,NC,4,PD,red,245.96273291925468,0.45
T5_NC_w4_PD,T5,Cii,NC,4,PD,red,247.8260869565217,0.45
T5_NC_w4_PD,T5,Cii,NC,4,PD,red,249.68944099378882,0.4
T5_NC_w4_PD,T5,Cii,NC,4,PD,red,251.5527950310559,0.35
T5_NC_w4_PD,T5,Cii,NC,4,PD,red,253.4161490683229,0.3
T5_NC_w4_PD,T5,Cii,NC,4,PD,red,255.27950310559004,0.2
T5_NC_w4_PD,T5,Cii,NC,4,PD,red,257.1428571428572,0.05
T5_NC_w4_PD,T5,Cii,NC,4,PD,red,259.0062111801242,-0.1
T5_NC_w4_PD,T5,Cii,NC,4,PD,red,260.8695652173913,-0.25
T5_NC_w4_PD,T5,Cii,NC,4,PD,red,262.73291925465844,-0.35
T5_NC_w4_PD,T5,Cii,NC,4,PD,red,264.5962732919255,-0.55
T5_NC_w4_PD,T5,Cii,NC,4,PD,red,266.45962732919253,-0.7
T5_NC_w4_PD,T5,Cii,NC,4,PD,red,268.32298136645966,-0.8
T5_NC_w4_PD,T5,Cii,NC,4,PD,red,270.1863354037268,-0.95
T5_NC_w4_PD,T5,Cii,NC,4,PD,red,272.0496894409938,-1.05
T5_NC_w4_PD,T5,Cii,NC,4,PD,red,273.9130434782608,-1.2
T5_NC_w4_PD,T5,Cii,NC,4,PD,red,275.77639751552795,-1.3
T5_NC_w4_PD,T5,Cii,NC,4,PD,red,277.639751552795,-1.4
T5_NC_w4_PD,T5,Cii,NC,4,PD,red,279.5031055900621,-1.5
T5_NC_w4_PD,T5,Cii,NC,4,PD,red,281.3664596273292,-1.65
T5_NC_w4_PD,T5,Cii,NC,4,PD,red,283.2298136645963,-1.8
T5_NC_w4_PD,T5,Cii,NC,4,PD,red,285.09316770186336,-1.85
T5_NC_w4_PD,T5,Cii,NC,4,PD,red,286.95652173913044,-1.85
T5_NC_w4_PD,T5,Cii,NC,4,PD,red,288.8198757763975,-1.95
T5_NC_w4_PD,T5,Cii,NC,4,PD,red,290.6832298136646,-2.0
T5_NC_w4_PD,T5,Cii,NC,4,PD,red,292.54658385093165,-2.05
T5_NC_w4_PD,T5,Cii,NC,4,PD,red,294.4099378881987,-2.15
T5_NC_w4_PD,T5,Cii,NC,4,PD,red,296.27329192546586,-2.25
T5_NC_w4_PD,T5,Cii,NC,4,PD,red,298.1366459627329,-2.35
T5_NC_w4_PD,T5,Cii,NC,4,PD,red,300.0,-2.45
T5_NC_w4_PD,T5,Cii,NC,4,PD,red,301.8633540372671,-2.55
T5_NC_w4_PD,T5,Cii,NC,4,PD,red,303.7267080745342,-2.65
T5_NC_w4_PD,T5,Cii,NC,4,PD,red,305.5900621118012,-2.7
T5_NC_w4_PD,T5,Cii,NC,4,PD,red,307.4534161490683,-2.85
T5_NC_w4_PD,T5,Cii,NC,4,PD,red,309.31677018633536,-2.95
T5_NC_w4_PD,T5,Cii,NC,4,PD,red,311.1801242236025,-3.05
T5_NC_w4_PD,T5,Cii,NC,4,PD,red,313.0434782608696,-3.1
T5_NC_w4_PD,T5,Cii,NC,4,PD,red,314.90683229813664,-3.15
T5_NC_w4_PD,T5,Cii,NC,4,PD,red,316.7701863354037,-3.25
T5_NC_w4_PD,T5,Cii,NC,4,PD,red,318.63354037267084,-3.35
T5_NC_w4_PD,T5,Cii,NC,4,PD,red,320.4968944099379,-3.45
T5_NC_w4_PD,T5,Cii,NC,4,PD,red,322.3602484472049,-3.45
T5_NC_w4_PD,T5,Cii,NC,4,PD,red,324.223602484472,-3.6
T5_NC_w4_PD,T5,Cii,NC,4,PD,red,326.0869565217391,-3.7
T5_NC_w4_PD,T5,Cii,NC,4,PD,red,327.9503105590062,-3.8
T5_NC_w4_PD,T5,Cii,NC,4,PD,red,329.81366459627327,-3.9
T5_NC_w4_PD,T5,Cii,NC,4,PD,red,331.6770186335404,-4.0
T5_NC_w4_PD,T5,Cii,NC,4,PD,red,333.54037267080747,-4.15
T5_NC_w4_PD,T5,Cii,NC,4,PD,red,335.4037267080745,-4.2
T5_NC_w4_PD,T5,Cii,NC,4,PD,red,337.26708074534156,-4.25
T5_NC_w4_PD,T5,Cii,NC,4,PD,red,339.1304347826087,-4.3
T5_NC_w4_PD,T5,Cii,NC,4,PD,red,340.99378881987576,-4.35
T5_NC_w4_PD,T5,Cii,NC,4,PD,red,342.85714285714283,-4.4
T5_NC_w4_PD,T5,Cii,NC,4,PD,red,344.7204968944099,-4.5
T5_NC_w4_PD,T5,Cii,NC,4,PD,red,346.58385093167703,-4.55
T5_NC_w4_PD,T5,Cii,NC,4,PD,red,348.4472049689441,-4.55
T5_NC_w4_PD,T5,Cii,NC,4,PD,red,350.3105590062112,-4.55
T5_NC_w4_PD,T5,Cii,NC,4,PD,red,352.17391304347825,-4.55
T5_NC_w4_PD,T5,Cii,NC,4,PD,red,354.03726708074527,-4.55
T5_NC_w4_PD,T5,Cii,NC,4,PD,red,355.9006211180124,-4.55
T5_NC_w4_PD,T5,Cii,NC,4,PD,red,357.76397515527947,-4.55
T5_NC_w4_PD,T5,Cii,NC,4,PD,red,359.62732919254654,-4.5
T5_NC_w4_PD,T5,Cii,NC,4,PD,red,361.49068322981367,-4.45
T5_NC_w4_PD,T5,Cii,NC,4,PD,red,363.3540372670808,-4.45
T5_NC_w4_PD,T5,Cii,NC,4,PD,red,365.2173913043478,-4.45
T5_NC_w4_PD,T5,Cii,NC,4,PD,red,367.0807453416149,-4.45
T5_NC_w4_PD,T5,Cii,NC,4,PD,red,368.944099378882,-4.45
T5_NC_w4_PD,T5,Cii,NC,4,PD,red,370.807453416149,-4.45
T5_NC_w4_PD,T5,Cii,NC,4,PD,red,372.6708074534161,-4.5
T5_NC_w4_PD,T5,Cii,NC,4,PD,red,374.53416149068323,-4.5
T5_NC_w4_PD,T5,Cii,NC,4,PD,red,376.3975155279503,-4.5
T5_NC_w4_PD,T5,Cii,NC,4,PD,red,378.2608695652174,-4.5
T5_NC_w4_PD,T5,Cii,NC,4,PD,red,380.1242236024845,-4.5
T5_NC_w4_PD,T5,Cii,NC,4,PD,red,381.98757763975163,-4.5
T5_NC_w4_PD,T5,Cii,NC,4,PD,red,383.85093167701865,-4.35
T5_NC_w4_PD,T5,Cii,NC,4,PD,red,385.71428571428567,-4.25
T5_NC_w4_PD,T5,Cii,NC,4,PD,red,387.5776397515528,-4.15
T5_NC_w4_PD,T5,Cii,NC,4,PD,red,389.4409937888199,-4.05
T5_NC_w4_PD,T5,Cii,NC,4,PD,red,391.3043478260869,-3.9
T5_NC_w4_PD,T5,Cii,NC,4,PD,red,393.167701863354,-3.8
T5_NC_w4_PD,T5,Cii,NC,4,PD,red,395.0310559006211,-3.7
T5_NC_w4_PD,T5,Cii,NC,4,PD,red,396.8944099378882,-3.6
T5_NC_w4_PD,T5,Cii,NC,4,PD,red,398.7577639751553,-3.55
T5_NC_w4_PD,T5,Cii,NC,4,PD,red,400.62111801242236,-3.4
T5_NC_w4_PD,T5,Cii,NC,4,PD,red,402.48447204968943,-3.3
T5_NC_w4_PD,T5,Cii,NC,4,PD,red,404.3478260869565,-3.2
T5_NC_w4_PD,T5,Cii,NC,4,PD,red,406.2111801242236,-3.1
T5_NC_w4_PD,T5,Cii,NC,4,PD,red,408.07453416149065,-2.95
T5_NC_w4_PD,T5,Cii,NC,4,PD,red,409.9378881987578,-2.75
T5_NC_w4_PD,T5,Cii,NC,4,PD,red,411.8012422360249,-2.6
T5_NC_w4_PD,T5,Cii,NC,4,PD,red,413.6645962732919,-2.45
T5_NC_w4_PD,T5,Cii,NC,4,PD,red,415.527950310559,-2.3
T5_NC_w4_PD,T5,Cii,NC,4,PD,red,417.3913043478261,-2.1
T5_NC_w4_PD,T5,Cii,NC,4,PD,red,419.25465838509314,-1.9
T5_NC_w4_PD,T5,Cii,NC,4,PD,red,421.1180124223602,-1.7
T5_NC_w4_PD,T5,Cii,NC,4,PD,red,422.9813664596273,-1.5
T5_NC_w4_PD,T5,Cii,NC,4,PD,red,424.8447204968944,-1.35
T5_NC_w4_PD,T5,Cii,NC,4,PD,red,426.7080745341615,-1.2
T5_NC_w4_PD,T5,Cii,NC,4,PD,red,428.57142857142856,-1.05
T5_NC_w4_PD,T5,Cii,NC,4,PD,red,430.4347826086956,-0.95
T5_NC_w4_PD,T5,Cii,NC,4,PD,red,432.2981366459628,-0.8
T5_NC_w4_PD,T5,Cii,NC,4,PD,red,434.1614906832298,-0.7
T5_NC_w4_PD,T5,Cii,NC,4,PD,red,436.0248447204968,-0.6
T5_NC_w4_PD,T5,Cii,NC,4,PD,red,437.888198757764,-0.5
T5_NC_w4_PD,T5,Cii,NC,4,PD,red,439.7515527950311,-0.4
T5_NC_w4_PD,T5,Cii,NC,4,PD,red,441.6149068322981,-0.3
T5_NC_w4_PD,T5,Cii,NC,4,PD,red,443.4782608695652,-0.1
T5_NC_w4_PD,T5,Cii,NC,4,PD,red,445.3416149068323,0.05
T5_NC_w4_PD,T5,Cii,NC,4,PD,red,447.2049689440994,0.25
T5_NC_w4_PD,T5,Cii,NC,4,PD,red,449.06832298136646,0.45
T5_NC_w4_PD,T5,Cii,NC,4,PD,red,450.9316770186336,0.8
T5_NC_w4_PD,T5,Cii,NC,4,PD,red,452.7950310559006,1.05
T5_NC_w4_PD,T5,Cii,NC,4,PD,red,454.6583850931676,1.25
T5_NC_w4_PD,T5,Cii,NC,4,PD,red,456.5217391304348,1.45
T5_NC_w4_PD,T5,Cii,NC,4,PD,red,458.3850931677019,1.85
T5_NC_w4_PD,T5,Cii,NC,4,PD,red,460.2484472049689,2.05
T5_NC_w4_PD,T5,Cii,NC,4,PD,red,462.111801242236,2.2
T5_NC_w4_PD,T5,Cii,NC,4,PD,red,463.9751552795032,2.35
T5_NC_w4_PD,T5,Cii,NC,4,PD,red,465.83850931677017,2.5
T5_NC_w4_PD,T5,Cii,NC,4,PD,red,467.7018633540373,2.6
T5_NC_w4_PD,T5,Cii,NC,4,PD,red,469.5652173913043,2.7
T5_NC_w4_PD,T5,Cii,NC,4,PD,red,471.4285714285714,2.7
T5_NC_w4_PD,T5,Cii,NC,4,PD,red,473.2919254658385,2.7
T5_NC_w4_PD,T5,Cii,NC,4,PD,red,475.15527950310553,2.7
T5_NC_w4_PD,T5,Cii,NC,4,PD,red,477.0186335403727,2.75
T5_NC_w4_PD,T5,Cii,NC,4,PD,red,478.8819875776398,2.9
T5_NC_w4_PD,T5,Cii,NC,4,PD,red,480.7453416149068,3.05
T5_NC_w4_PD,T5,Cii,NC,4,PD,red,482.60869565217394,3.3
T5_NC_w4_PD,T5,Cii,NC,4,PD,red,484.472049689441,3.55
T5_NC_w4_PD,T5,Cii,NC,4,PD,red,486.335403726708,3.75
T5_NC_w4_PD,T5,Cii,NC,4,PD,red,488.1987577639752,4.05
T5_NC_w4_PD,T5,Cii,NC,4,PD,red,490.06211180124217,4.35
T5_NC_w4_PD,T5,Cii,NC,4,PD,red,491.9254658385093,4.65
T5_NC_w4_PD,T5,Cii,NC,4,PD,red,493.7888198757764,5.0
T5_NC_w4_PD,T5,Cii,NC,4,PD,red,495.6521739130434,5.3
T5_NC_w4_PD,T5,Cii,NC,4,PD,red,497.51552795031057,5.55
T5_NC_w4_PD,T5,Cii,NC,4,PD,red,499.3788819875776,5.8
T5_NC_w4_PD,T5,Cii,NC,4,PD,red,501.2422360248447,6.1
T5_NC_w4_PD,T5,Cii,NC,4,PD,red,503.1055900621118,6.4
T5_NC_w4_PD,T5,Cii,NC,4,PD,red,504.9689440993788,6.7
T5_NC_w4_PD,T5,Cii,NC,4,PD,red,506.83229813664593,6.9
T5_NC_w4_PD,T5,Cii,NC,4,PD,red,508.69565217391306,7.15
T5_NC_w4_PD,T5,Cii,NC,4,PD,red,510.5590062111801,7.4
T5_NC_w4_PD,T5,Cii,NC,4,PD,red,512.4223602484473,7.7
T5_NC_w4_PD,T5,Cii,NC,4,PD,red,514.2857142857143,7.95
T5_NC_w4_PD,T5,Cii,NC,4,PD,red,516.1490683229813,8.2
T5_NC_w4_PD,T5,Cii,NC,4,PD,red,518.0124223602485,8.4
T5_NC_w4_PD,T5,Cii,NC,4,PD,red,519.8757763975157,8.6
T5_NC_w4_PD,T5,Cii,NC,4,PD,red,521.7391304347826,8.85
T5_NC_w4_PD,T5,Cii,NC,4,PD,red,523.6024844720497,9.05
T5_NC_w4_PD,T5,Cii,NC,4,PD,red,525.4658385093169,9.15
T5_NC_w4_PD,T5,Cii,NC,4,PD,red,527.3291925465838,9.35
T5_NC_w4_PD,T5,Cii,NC,4,PD,red,529.1925465838509,9.6
T5_NC_w4_PD,T5,Cii,NC,4,PD,red,531.055900621118,9.95
T5_NC_w4_PD,T5,Cii,NC,4,PD,red,532.9192546583851,10.25
T5_NC_w4_PD,T5,Cii,NC,4,PD,red,534.7826086956522,10.6
T5_NC_w4_PD,T5,Cii,NC,4,PD,red,536.6459627329192,10.9
T5_NC_w4_PD,T5,Cii,NC,4,PD,red,538.5093167701864,11.35
T5_NC_w4_PD,T5,Cii,NC,4,PD,red,540.3726708074533,11.7
T5_NC_w4_PD,T5,Cii,NC,4,PD,red,542.2360248447205,12.05
T5_NC_w4_PD,T5,Cii,NC,4,PD,red,544.0993788819876,12.3
T5_NC_w4_PD,T5,Cii,NC,4,PD,red,545.9627329192546,12.45
T5_NC_w4_PD,T5,Cii,NC,4,PD,red,547.8260869565217,12.5
T5_NC_w4_PD,T5,Cii,NC,4,PD,red,549.6894409937888,12.5
T5_NC_w4_PD,T5,Cii,NC,4,PD,red,551.5527950310559,12.5
T5_NC_w4_PD,T5,Cii,NC,4,PD,red,553.416149068323,12.65
T5_NC_w4_PD,T5,Cii,NC,4,PD,red,555.2795031055902,12.65
T5_NC_w4_PD,T5,Cii,NC,4,PD,red,557.1428571428571,12.7
T5_NC_w4_PD,T5,Cii,NC,4,PD,red,559.0062111801242,12.8
T5_NC_w4_PD,T5,Cii,NC,4,PD,red,560.8695652173913,12.95
T5_NC_w4_PD,T5,Cii,NC,4,PD,red,562.7329192546583,13.05
T5_NC_w4_PD,T5,Cii,NC,4,PD,red,564.5962732919255,13.15
T5_NC_w4_PD,T5,Cii,NC,4,PD,red,566.4596273291925,13.3
T5_NC_w4_PD,T5,Cii,NC,4,PD,red,568.3229813664597,13.35
T5_NC_w4_PD,T5,Cii,NC,4,PD,red,570.1863354037267,13.45
T5_NC_w4_PD,T5,Cii,NC,4,PD,red,572.0496894409938,13.45
T5_NC_w4_PD,T5,Cii,NC,4,PD,red,573.9130434782609,13.55
T5_NC_w4_PD,T5,Cii,NC,4,PD,red,575.7763975155281,13.55
T5_NC_w4_PD,T5,Cii,NC,4,PD,red,577.639751552795,13.55
T5_NC_w4_PD,T5,Cii,NC,4,PD,red,579.5031055900621,13.55
T5_NC_w4_PD,T5,Cii,NC,4,PD,red,581.3664596273293,13.55
T5_NC_w4_PD,T5,Cii,NC,4,PD,red,583.2298136645961,13.55
T5_NC_w4_PD,T5,Cii,NC,4,PD,red,585.0931677018634,13.5
T5_NC_w4_PD,T5,Cii,NC,4,PD,red,586.9565217391304,13.5
T5_NC_w4_PD,T5,Cii,NC,4,PD,red,588.8198757763976,13.45
T5_NC_w4_PD,T5,Cii,NC,4,PD,red,590.6832298136646,13.35
T5_NC_w4_PD,T5,Cii,NC,4,PD,red,592.5465838509316,13.3
T5_NC_w4_PD,T5,Cii,NC,4,PD,red,594.4099378881988,13.2
T5_NC_w4_PD,T5,Cii,NC,4,PD,red,596.2732919254657,13.1
T5_NC_w4_PD,T5,Cii,NC,4,PD,red,598.1366459627329,13.0
T5_NC_w4_PD,T5,Cii,NC,4,PD,red,600.0,12.9
T5_NC_w4_PD,T5,Cii,NC,4,PD,red,601.8633540372671,12.9
T5_NC_w4_PD,T5,Cii,NC,4,PD,red,603.7267080745341,12.8
T5_NC_w4_PD,T5,Cii,NC,4,PD,red,605.5900621118012,12.6
T5_NC_w4_PD,T5,Cii,NC,4,PD,red,607.4534161490683,12.5
T5_NC_w4_PD,T5,Cii,NC,4,PD,red,609.3167701863354,12.4
T5_NC_w4_PD,T5,Cii,NC,4,PD,red,611.1801242236024,12.3
T5_NC_w4_PD,T5,Cii,NC,4,PD,red,613.0434782608695,12.1
T5_NC_w4_PD,T5,Cii,NC,4,PD,red,614.9068322981367,12.05
T5_NC_w4_PD,T5,Cii,NC,4,PD,red,616.7701863354037,12.0
T5_NC_w4_PD,T5,Cii,NC,4,PD,red,618.633540372671,11.95
T5_NC_w4_PD,T5,Cii,NC,4,PD,red,620.4968944099379,11.9
T5_NC_w4_PD,T5,Cii,NC,4,PD,red,622.360248447205,11.75
T5_NC_w4_PD,T5,Cii,NC,4,PD,red,624.223602484472,11.65
T5_NC_w4_PD,T5,Cii,NC,4,PD,red,626.0869565217391,11.5
T5_NC_w4_PD,T5,Cii,NC,4,PD,red,627.9503105590062,11.15
T5_NC_w4_PD,T5,Cii,NC,4,PD,red,629.8136645962733,10.9
T5_NC_w4_PD,T5,Cii,NC,4,PD,red,631.6770186335403,10.75
T5_NC_w4_PD,T5,Cii,NC,4,PD,red,633.5403726708074,10.5
T5_NC_w4_PD,T5,Cii,NC,4,PD,red,635.4037267080746,10.25
T5_NC_w4_PD,T5,Cii,NC,4,PD,red,637.2670807453417,10.05
T5_NC_w4_PD,T5,Cii,NC,4,PD,red,639.1304347826087,9.8
T5_NC_w4_PD,T5,Cii,NC,4,PD,red,640.9937888198758,9.6
T5_NC_w4_PD,T5,Cii,NC,4,PD,red,642.8571428571428,9.35
T5_NC_w4_PD,T5,Cii,NC,4,PD,red,644.72049689441,9.15
T5_NC_w4_PD,T5,Cii,NC,4,PD,red,646.5838509316769,8.9
T5_NC_w4_PD,T5,Cii,NC,4,PD,red,648.4472049689441,8.7
T5_NC_w4_PD,T5,Cii,NC,4,PD,red,650.3105590062112,8.4
T5_NC_w4_PD,T5,Cii,NC,4,PD,red,652.1739130434783,8.15
T5_NC_w4_PD,T5,Cii,NC,4,PD,red,654.0372670807453,8.0
T5_NC_w4_PD,T5,Cii,NC,4,PD,red,655.9006211180124,7.8
T5_NC_w4_PD,T5,Cii,NC,4,PD,red,657.7639751552795,7.6
T5_NC_w4_PD,T5,Cii,NC,4,PD,red,659.6273291925465,7.5
T5_NC_w4_PD,T5,Cii,NC,4,PD,red,661.4906832298137,7.3
T5_NC_w4_PD,T5,Cii,NC,4,PD,red,663.3540372670807,7.15
T5_NC_w4_PD,T5,Cii,NC,4,PD,red,665.2173913043479,7.0
T5_NC_w4_PD,T5,Cii,NC,4,PD,red,667.0807453416148,6.8
T5_NC_w4_PD,T5,Cii,NC,4,PD,red,668.944099378882,6.6
T5_NC_w4_PD,T5,Cii,NC,4,PD,red,670.8074534161491,6.4
T5_NC_w4_PD,T5,Cii,NC,4,PD,red,672.6708074534162,6.2
T5_NC_w4_PD,T5,Cii,NC,4,PD,red,674.5341614906832,6.0
T5_NC_w4_PD,T5,Cii,NC,4,PD,red,676.3975155279503,5.9
T5_NC_w4_PD,T5,Cii,NC,4,PD,red,678.2608695652174,5.85
T5_NC_w4_PD,T5,Cii,NC,4,PD,red,680.1242236024844,5.75
T5_NC_w4_PD,T5,Cii,NC,4,PD,red,681.9875776397515,5.6
T5_NC_w4_PD,T5,Cii,NC,4,PD,red,683.8509316770186,5.5
T5_NC_w4_PD,T5,Cii,NC,4,PD,red,685.7142857142858,5.3
T5_NC_w4_PD,T5,Cii,NC,4,PD,red,687.5776397515527,5.1
T5_NC_w4_PD,T5,Cii,NC,4,PD,red,689.4409937888198,4.95
T5_NC_w4_PD,T5,Cii,NC,4,PD,red,691.304347826087,4.7
T5_NC_w4_PD,T5,Cii,NC,4,PD,red,693.167701863354,4.5
T5_NC_w4_PD,T5,Cii,NC,4,PD,red,695.0310559006211,4.4
T5_NC_w4_PD,T5,Cii,NC,4,PD,red,696.8944099378882,4.3
T5_NC_w4_PD,T5,Cii,NC,4,PD,red,698.7577639751553,4.2
T5_NC_w4_PD,T5,Cii,NC,4,PD,red,700.6211180124224,4.1
T5_NC_w4_PD,T5,Cii,NC,4,PD,red,702.4844720496894,4.05
T5_NC_w4_PD,T5,Cii,NC,4,PD,red,704.3478260869565,3.95
T5_NC_w4_PD,T5,Cii,NC,4,PD,red,706.2111801242236,3.85
T5_NC_w4_PD,T5,Cii,NC,4,PD,red,708.0745341614906,3.7
T5_NC_w4_PD,T5,Cii,NC,4,PD,red,709.9378881987577,3.55
T5_NC_w4_PD,T5,Cii,NC,4,PD,red,711.8012422360249,3.45
T5_NC_w4_PD,T5,Cii,NC,4,PD,red,713.6645962732919,3.3
T5_NC_w4_PD,T5,Cii,NC,4,PD,red,715.527950310559,3.15
T5_NC_w4_PD,T5,Cii,NC,4,PD,red,717.391304347826,3.05
T5_NC_w4_PD,T5,Cii,NC,4,PD,red,719.2546583850932,2.9
T5_NC_w4_PD,T5,Cii,NC,4,PD,red,721.1180124223603,2.85
T5_NC_w4_PD,T5,Cii,NC,4,PD,red,722.9813664596273,2.7
T5_NC_w4_PD,T5,Cii,NC,4,PD,red,724.8447204968944,2.65
T5_NC_w4_PD,T5,Cii,NC,4,PD,red,726.7080745341615,2.65
T5_NC_w4_PD,T5,Cii,NC,4,PD,red,728.5714285714286,2.65
T5_NC_w4_PD,T5,Cii,NC,4,PD,red,730.4347826086956,2.5
T5_NC_w4_PD,T5,Cii,NC,4,PD,red,732.2981366459628,2.45
T5_NC_w4_PD,T5,Cii,NC,4,PD,red,734.1614906832298,2.35
T5_NC_w4_PD,T5,Cii,NC,4,PD,red,736.024844720497,2.25
T5_NC_w4_PD,T5,Cii,NC,4,PD,red,737.8881987577639,2.1
T5_NC_w4_PD,T5,Cii,NC,4,PD,red,739.751552795031,2.05
T5_NC_w4_PD,T5,Cii,NC,4,PD,red,741.6149068322982,2.0
T5_NC_w4_PD,T5,Cii,NC,4,PD,red,743.4782608695651,2.0
T5_NC_w4_PD,T5,Cii,NC,4,PD,red,745.3416149068323,1.95
T5_NC_w4_PD,T5,Cii,NC,4,PD,red,747.2049689440994,1.9
T5_NC_w4_PD,T5,Cii,NC,4,PD,red,749.0683229813665,1.85
T5_NC_w4_PD,T5,Cii,NC,4,PD,red,750.9316770186335,1.8
T5_NC_w4_PD,T5,Cii,NC,4,PD,red,752.7950310559006,1.7
T5_NC_w4_PD,T5,Cii,NC,4,PD,red,754.6583850931677,1.55
T5_NC_w4_PD,T5,Cii,NC,4,PD,red,756.5217391304348,1.45
T5_NC_w4_PD,T5,Cii,NC,4,PD,red,758.3850931677018,1.35
T5_NC_w4_PD,T5,Cii,NC,4,PD,red,760.2484472049689,1.25
T5_NC_w4_PD,T5,Cii,NC,4,PD,red,762.1118012422361,1.15
T5_NC_w4_PD,T5,Cii,NC,4,PD,red,763.975155279503,1.05
T5_NC_w4_PD,T5,Cii,NC,4,PD,red,765.8385093167702,1.05
T5_NC_w4_PD,T5,Cii,NC,4,PD,red,767.7018633540373,1.0
T5_NC_w4_PD,T5,Cii,NC,4,PD,red,769.5652173913044,1.0
T5_NC_w4_PD,T5,Cii,NC,4,PD,red,771.4285714285714,1.0
T5_NC_w4_PD,T5,Cii,NC,4,PD,red,773.2919254658384,1.0
T5_NC_w4_PD,T5,Cii,NC,4,PD,red,775.1552795031056,1.0
T5_NC_w4_PD,T5,Cii,NC,4,PD,red,777.0186335403727,1.0
T5_NC_w4_PD,T5,Cii,NC,4,PD,red,778.8819875776397,0.95
T5_NC_w4_PD,T5,Cii,NC,4,PD,red,780.7453416149068,0.95
T5_NC_w4_PD,T5,Cii,NC,4,PD,red,782.608695652174,0.95
T5_NC_w4_PD,T5,Cii,NC,4,PD,red,784.4720496894408,0.9
T5_NC_w4_PD,T5,Cii,NC,4,PD,red,786.3354037267081,0.75
T5_NC_w4_PD,T5,Cii,NC,4,PD,red,788.1987577639751,0.7
T5_NC_w4_PD,T5,Cii,NC,4,PD,red,790.0621118012422,0.6
T5_NC_w4_PD,T5,Cii,NC,4,PD,red,791.9254658385094,0.5
T5_NC_w4_PD,T5,Cii,NC,4,PD,red,793.7888198757763,0.5
T5_NC_w4_PD,T5,Cii,NC,4,PD,red,795.6521739130435,0.5
T5_NC_w4_PD,T5,Cii,NC,4,PD,red,797.5155279503106,0.5
T5_NC_w4_PD,T5,Cii,NC,4,PD,red,799.3788819875776,0.5
T5_NC_w4_PD,T5,Cii,NC,4,PD,red,801.2422360248447,0.5
T5_NC_w4_PD,T5,Cii,NC,4,PD,red,803.1055900621118,0.5
T5_NC_w4_PD,T5,Cii,NC,4,PD,red,804.9689440993789,0.5
T5_NC_w4_PD,T5,Cii,NC,4,PD,red,806.8322981366459,0.5
T5_NC_w4_PD,T5,Cii,NC,4,PD,red,808.695652173913,0.5
T5_NC_w4_PD,T5,Cii,NC,4,PD,red,810.5590062111801,0.5
T5_NC_w4_PD,T5,Cii,NC,4,PD,red,812.4223602484473,0.5
T5_NC_w4_PD,T5,Cii,NC,4,PD,red,814.2857142857142,0.5
T5_NC_w4_PD,T5,Cii,NC,4,PD,red,816.1490683229814,0.5
T5_NC_w4_PD,T5,Cii,NC,4,PD,red,818.0124223602485,0.4
T5_NC_w4_PD,T5,Cii,NC,4,PD,red,819.8757763975157,0.3
T5_NC_w4_PD,T5,Cii,NC,4,PD,red,821.7391304347826,0.2
T5_NC_w4_PD,T5,Cii,NC,4,PD,red,823.6024844720496,0.1
T5_NC_w4_PD,T5,Cii,NC,4,PD,red,825.4658385093169,-0.05
T5_NC_w4_PD,T5,Cii,NC,4,PD,red,827.3291925465838,-0.15
T5_NC_w4_PD,T5,Cii,NC,4,PD,red,829.1925465838509,-0.2
T5_NC_w4_PD,T5,Cii,NC,4,PD,red,831.055900621118,-0.3
T5_NC_w4_PD,T5,Cii,NC,4,PD,red,832.9192546583852,-0.35
T5_NC_w4_PD,T5,Cii,NC,4,PD,red,834.782608695652,-0.5
T5_NC_w4_PD,T5,Cii,NC,4,PD,red,836.6459627329192,-0.6
T5_NC_w4_PD,T5,Cii,NC,4,PD,red,838.5093167701864,-0.65
T5_NC_w4_PD,T5,Cii,NC,4,PD,red,840.3726708074533,-0.7
T5_NC_w4_PD,T5,Cii,NC,4,PD,red,842.2360248447205,-0.7
T5_NC_w4_PD,T5,Cii,NC,4,PD,red,844.0993788819875,-0.7
T5_NC_w4_PD,T5,Cii,NC,4,PD,red,845.9627329192547,-0.7
T5_NC_w4_PD,T5,Cii,NC,4,PD,red,847.8260869565217,-0.7
T5_NC_w4_PD,T5,Cii,NC,4,PD,red,849.6894409937888,-0.65
T5_NC_w4_PD,T5,Cii,NC,4,PD,red,851.5527950310559,-0.65
T5_NC_w4_PD,T5,Cii,NC,4,PD,red,853.416149068323,-0.65
T5_NC_w4_PD,T5,Cii,NC,4,PD,red,855.27950310559,-0.65
T5_NC_w4_PD,T5,Cii,NC,4,PD,red,857.1428571428571,-0.65
T5_NC_w4_PD,T5,Cii,NC,4,PD,red,859.0062111801242,-0.65
T5_NC_w4_PD,T5,Cii,NC,4,PD,red,860.8695652173913,-0.75
T5_NC_w4_PD,T5,Cii,NC,4,PD,red,862.7329192546583,-0.75
T5_NC_w4_PD,T5,Cii,NC,4,PD,red,864.5962732919254,-0.85
T5_NC_w4_PD,T5,Cii,NC,4,PD,red,866.4596273291926,-0.85
T5_NC_w4_PD,T5,Cii,NC,4,PD,red,868.3229813664597,-0.95
T5_NC_w4_PD,T5,Cii,NC,4,PD,red,870.1863354037266,-0.95
T5_NC_w4_PD,T5,Cii,NC,4,PD,red,872.0496894409938,-0.95
T5_NC_w4_PD,T5,Cii,NC,4,PD,red,873.9130434782609,-1.0
T5_NC_w4_PD,T5,Cii,NC,4,PD,red,875.7763975155281,-1.0
T5_NC_w4_PD,T5,Cii,NC,4,PD,red,877.639751552795,-1.0
T5_NC_w4_PD,T5,Cii,NC,4,PD,red,879.5031055900621,-1.0
T5_NC_w4_PD,T5,Cii,NC,4,PD,red,881.3664596273293,-1.0
T5_NC_w4_PD,T5,Cii,NC,4,PD,red,883.2298136645963,-1.05
T5_NC_w4_PD,T5,Cii,NC,4,PD,red,885.0931677018633,-1.05
T5_NC_w4_PD,T5,Cii,NC,4,PD,red,886.9565217391304,-1.05
T5_NC_w4_PD,T5,Cii,NC,4,PD,red,888.8198757763976,-1.05
T5_NC_w4_PD,T5,Cii,NC,4,PD,red,890.6832298136645,-1.05
T5_NC_w4_PD,T5,Cii,NC,4,PD,red,892.5465838509317,-1.1
T5_NC_w4_PD,T5,Cii,NC,4,PD,red,894.4099378881986,-1.15
T5_NC_w4_PD,T5,Cii,NC,4,PD,red,896.2732919254659,-1.15
T5_NC_w4_PD,T5,Cii,NC,4,PD,red,898.1366459627329,-1.15
T5_NC_w4_PD,T5,Cii,NC,4,PD,red,900.0,-1.15
T5_NC_w4_PD,T5,Cii,NC,4,PD,red,901.8633540372672,-1.15
T5_NC_w4_ND,T5,Cii,NC,4,ND,blue,0.0,0.0
T5_NC_w4_ND,T5,Cii,NC,4,ND,blue,1.8633540372670723,0.0
T5_NC_w4_ND,T5,Cii,NC,4,ND,blue,5.590062111801217,0.0
T5_NC_w4_ND,T5,Cii,NC,4,ND,blue,11.18012422360249,-0.1
T5_NC_w4_ND,T5,Cii,NC,4,ND,blue,13.04347826086962,-0.1
T5_NC_w4_ND,T5,Cii,NC,4,ND,blue,14.906832298136635,-0.1
T5_NC_w4_ND,T5,Cii,NC,4,ND,blue,16.770186335403707,-0.1
T5_NC_w4_ND,T5,Cii,NC,4,ND,blue,18.63354037267078,-0.1
T5_NC_w4_ND,T5,Cii,NC,4,ND,blue,20.49689440993791,-0.1
T5_NC_w4_ND,T5,Cii,NC,4,ND,blue,22.36024844720498,-0.1
T5_NC_w4_ND,T5,Cii,NC,4,ND,blue,24.223602484471996,-0.1
T5_NC_w4_ND,T5,Cii,NC,4,ND,blue,26.086956521739125,-0.1
T5_NC_w4_ND,T5,Cii,NC,4,ND,blue,29.813664596273284,0.0
T5_NC_w4_ND,T5,Cii,NC,4,ND,blue,39.130434782608674,0.0
T5_NC_w4_ND,T5,Cii,NC,4,ND,blue,40.99378881987582,0.0
T5_NC_w4_ND,T5,Cii,NC,4,ND,blue,42.857142857142776,0.0
T5_NC_w4_ND,T5,Cii,NC,4,ND,blue,44.720496894409905,0.0
T5_NC_w4_ND,T5,Cii,NC,4,ND,blue,46.583850931677034,0.0
T5_NC_w4_ND,T5,Cii,NC,4,ND,blue,48.447204968944106,0.0
T5_NC_w4_ND,T5,Cii,NC,4,ND,blue,57.763975155279525,0.0
T5_NC_w4_ND,T5,Cii,NC,4,ND,blue,65.21739130434781,0.1
T5_NC_w4_ND,T5,Cii,NC,4,ND,blue,70.80745341614909,0.3
T5_NC_w4_ND,T5,Cii,NC,4,ND,blue,76.3975155279503,0.5
T5_NC_w4_ND,T5,Cii,NC,4,ND,blue,80.12422360248439,0.5
T5_NC_w4_ND,T5,Cii,NC,4,ND,blue,85.71428571428572,0.5
T5_NC_w4_ND,T5,Cii,NC,4,ND,blue,87.5776397515528,0.5
T5_NC_w4_ND,T5,Cii,NC,4,ND,blue,89.44099378881992,0.6
T5_NC_w4_ND,T5,Cii,NC,4,ND,blue,91.30434782608694,0.6
T5_NC_w4_ND,T5,Cii,NC,4,ND,blue,93.16770186335408,0.6
T5_NC_w4_ND,T5,Cii,NC,4,ND,blue,96.8944099378882,0.8
T5_NC_w4_ND,T5,Cii,NC,4,ND,blue,100.62111801242236,0.9
T5_NC_w4_ND,T5,Cii,NC,4,ND,blue,102.48447204968943,0.9
T5_NC_w4_ND,T5,Cii,NC,4,ND,blue,104.3478260869565,0.9
T5_NC_w4_ND,T5,Cii,NC,4,ND,blue,106.21118012422356,0.9
T5_NC_w4_ND,T5,Cii,NC,4,ND,blue,108.0745341614907,0.9
T5_NC_w4_ND,T5,Cii,NC,4,ND,blue,111.80124223602483,0.9
T5_NC_w4_ND,T5,Cii,NC,4,ND,blue,117.39130434782612,0.9
T5_NC_w4_ND,T5,Cii,NC,4,ND,blue,119.2546583850932,0.9
T5_NC_w4_ND,T5,Cii,NC,4,ND,blue,121.11801242236028,0.75
T5_NC_w4_ND,T5,Cii,NC,4,ND,blue,126.70807453416148,0.5
T5_NC_w4_ND,T5,Cii,NC,4,ND,blue,132.2981366459627,0.5
T5_NC_w4_ND,T5,Cii,NC,4,ND,blue,137.88819875776392,0.75
T5_NC_w4_ND,T5,Cii,NC,4,ND,blue,139.7515527950311,0.9
T5_NC_w4_ND,T5,Cii,NC,4,ND,blue,141.61490683229812,1.0
T5_NC_w4_ND,T5,Cii,NC,4,ND,blue,145.34161490683232,0.9
T5_NC_w4_ND,T5,Cii,NC,4,ND,blue,147.2049689440994,0.9
T5_NC_w4_ND,T5,Cii,NC,4,ND,blue,149.06832298136646,0.75
T5_NC_w4_ND,T5,Cii,NC,4,ND,blue,150.93167701863354,0.7
T5_NC_w4_ND,T5,Cii,NC,4,ND,blue,152.7950310559006,0.9
T5_NC_w4_ND,T5,Cii,NC,4,ND,blue,154.65838509316768,0.9
T5_NC_w4_ND,T5,Cii,NC,4,ND,blue,156.52173913043475,0.9
T5_NC_w4_ND,T5,Cii,NC,4,ND,blue,163.9751552795031,0.9
T5_NC_w4_ND,T5,Cii,NC,4,ND,blue,165.83850931677017,0.7
T5_NC_w4_ND,T5,Cii,NC,4,ND,blue,167.7018633540373,0.7
T5_NC_w4_ND,T5,Cii,NC,4,ND,blue,169.56521739130437,0.7
T5_NC_w4_ND,T5,Cii,NC,4,ND,blue,171.42857142857144,0.7
T5_NC_w4_ND,T5,Cii,NC,4,ND,blue,173.29192546583852,0.8
T5_NC_w4_ND,T5,Cii,NC,4,ND,blue,175.1552795031056,0.8
T5_NC_w4_ND,T5,Cii,NC,4,ND,blue,177.01863354037266,0.8
T5_NC_w4_ND,T5,Cii,NC,4,ND,blue,178.88198757763973,0.8
T5_NC_w4_ND,T5,Cii,NC,4,ND,blue,182.60869565217388,0.7
T5_NC_w4_ND,T5,Cii,NC,4,ND,blue,184.472049689441,0.65
T5_NC_w4_ND,T5,Cii,NC,4,ND,blue,186.335403726708,0.65
T5_NC_w4_ND,T5,Cii,NC,4,ND,blue,190.06211180124228,0.4
T5_NC_w4_ND,T5,Cii,NC,4,ND,blue,199.3788819875776,0.4
T5_NC_w4_ND,T5,Cii,NC,4,ND,blue,201.24223602484471,0.4
T5_NC_w4_ND,T5,Cii,NC,4,ND,blue,203.1055900621118,0.4
T5_NC_w4_ND,T5,Cii,NC,4,ND,blue,204.9689440993789,0.4
T5_NC_w4_ND,T5,Cii,NC,4,ND,blue,206.832298136646,0.5
T5_NC_w4_ND,T5,Cii,NC,4,ND,blue,208.69565217391303,0.6
T5_NC_w4_ND,T5,Cii,NC,4,ND,blue,212.4223602484472,0.6
T5_NC_w4_ND,T5,Cii,NC,4,ND,blue,218.01242236024845,0.6
T5_NC_w4_ND,T5,Cii,NC,4,ND,blue,221.7391304347826,0.7
T5_NC_w4_ND,T5,Cii,NC,4,ND,blue,225.4658385093168,0.7
T5_NC_w4_ND,T5,Cii,NC,4,ND,blue,227.32919254658384,0.7
T5_NC_w4_ND,T5,Cii,NC,4,ND,blue,231.055900621118,0.7
T5_NC_w4_ND,T5,Cii,NC,4,ND,blue,232.9192546583851,0.7
T5_NC_w4_ND,T5,Cii,NC,4,ND,blue,234.7826086956522,0.7
T5_NC_w4_ND,T5,Cii,NC,4,ND,blue,236.6459627329192,0.7
T5_NC_w4_ND,T5,Cii,NC,4,ND,blue,238.5093167701863,0.7
T5_NC_w4_ND,T5,Cii,NC,4,ND,blue,240.37267080745346,0.7
T5_NC_w4_ND,T5,Cii,NC,4,ND,blue,244.09937888198755,0.7
T5_NC_w4_ND,T5,Cii,NC,4,ND,blue,249.68944099378882,0.7
T5_NC_w4_ND,T5,Cii,NC,4,ND,blue,251.5527950310559,0.7
T5_NC_w4_ND,T5,Cii,NC,4,ND,blue,253.4161490683229,0.7
T5_NC_w4_ND,T5,Cii,NC,4,ND,blue,260.8695652173913,0.9
T5_NC_w4_ND,T5,Cii,NC,4,ND,blue,262.73291925465844,1.0
T5_NC_w4_ND,T5,Cii,NC,4,ND,blue,264.5962732919255,1.0
T5_NC_w4_ND,T5,Cii,NC,4,ND,blue,266.45962732919253,1.1
T5_NC_w4_ND,T5,Cii,NC,4,ND,blue,268.32298136645966,1.2
T5_NC_w4_ND,T5,Cii,NC,4,ND,blue,270.1863354037268,1.1
T5_NC_w4_ND,T5,Cii,NC,4,ND,blue,272.0496894409938,1.1
T5_NC_w4_ND,T5,Cii,NC,4,ND,blue,273.9130434782608,1.0
T5_NC_w4_ND,T5,Cii,NC,4,ND,blue,275.77639751552795,0.95
T5_NC_w4_ND,T5,Cii,NC,4,ND,blue,277.639751552795,0.95
T5_NC_w4_ND,T5,Cii,NC,4,ND,blue,279.5031055900621,0.95
T5_NC_w4_ND,T5,Cii,NC,4,ND,blue,281.3664596273292,1.05
T5_NC_w4_ND,T5,Cii,NC,4,ND,blue,283.2298136645963,0.95
T5_NC_w4_ND,T5,Cii,NC,4,ND,blue,285.09316770186336,0.95
T5_NC_w4_ND,T5,Cii,NC,4,ND,blue,286.95652173913044,0.95
T5_NC_w4_ND,T5,Cii,NC,4,ND,blue,288.8198757763975,0.95
T5_NC_w4_ND,T5,Cii,NC,4,ND,blue,290.6832298136646,0.8
T5_NC_w4_ND,T5,Cii,NC,4,ND,blue,296.27329192546586,1.05
T5_NC_w4_ND,T5,Cii,NC,4,ND,blue,298.1366459627329,0.8
T5_NC_w4_ND,T5,Cii,NC,4,ND,blue,300.0,0.8
T5_NC_w4_ND,T5,Cii,NC,4,ND,blue,301.8633540372671,0.8
T5_NC_w4_ND,T5,Cii,NC,4,ND,blue,303.7267080745342,0.8
T5_NC_w4_ND,T5,Cii,NC,4,ND,blue,305.5900621118012,0.85
T5_NC_w4_ND,T5,Cii,NC,4,ND,blue,307.4534161490683,1.0
T5_NC_w4_ND,T5,Cii,NC,4,ND,blue,309.31677018633536,0.85
T5_NC_w4_ND,T5,Cii,NC,4,ND,blue,311.1801242236025,0.85
T5_NC_w4_ND,T5,Cii,NC,4,ND,blue,313.0434782608696,0.85
T5_NC_w4_ND,T5,Cii,NC,4,ND,blue,314.90683229813664,0.85
T5_NC_w4_ND,T5,Cii,NC,4,ND,blue,318.63354037267084,0.85
T5_NC_w4_ND,T5,Cii,NC,4,ND,blue,320.4968944099379,0.8
T5_NC_w4_ND,T5,Cii,NC,4,ND,blue,322.3602484472049,0.8
T5_NC_w4_ND,T5,Cii,NC,4,ND,blue,324.223602484472,0.8
T5_NC_w4_ND,T5,Cii,NC,4,ND,blue,326.0869565217391,0.8
T5_NC_w4_ND,T5,Cii,NC,4,ND,blue,327.9503105590062,0.75
T5_NC_w4_ND,T5,Cii,NC,4,ND,blue,329.81366459627327,0.65
T5_NC_w4_ND,T5,Cii,NC,4,ND,blue,331.6770186335404,0.65
T5_NC_w4_ND,T5,Cii,NC,4,ND,blue,333.54037267080747,0.65
T5_NC_w4_ND,T5,Cii,NC,4,ND,blue,337.26708074534156,0.65
T5_NC_w4_ND,T5,Cii,NC,4,ND,blue,339.1304347826087,0.6
T5_NC_w4_ND,T5,Cii,NC,4,ND,blue,340.99378881987576,0.6
T5_NC_w4_ND,T5,Cii,NC,4,ND,blue,342.85714285714283,0.6
T5_NC_w4_ND,T5,Cii,NC,4,ND,blue,344.7204968944099,0.65
T5_NC_w4_ND,T5,Cii,NC,4,ND,blue,346.58385093167703,0.8
T5_NC_w4_ND,T5,Cii,NC,4,ND,blue,348.4472049689441,0.9
T5_NC_w4_ND,T5,Cii,NC,4,ND,blue,350.3105590062112,0.9
T5_NC_w4_ND,T5,Cii,NC,4,ND,blue,354.03726708074527,1.05
T5_NC_w4_ND,T5,Cii,NC,4,ND,blue,355.9006211180124,1.1
T5_NC_w4_ND,T5,Cii,NC,4,ND,blue,359.62732919254654,1.1
T5_NC_w4_ND,T5,Cii,NC,4,ND,blue,361.49068322981367,1.1
T5_NC_w4_ND,T5,Cii,NC,4,ND,blue,363.3540372670808,1.05
T5_NC_w4_ND,T5,Cii,NC,4,ND,blue,365.2173913043478,1.0
T5_NC_w4_ND,T5,Cii,NC,4,ND,blue,367.0807453416149,0.9
T5_NC_w4_ND,T5,Cii,NC,4,ND,blue,368.944099378882,0.9
T5_NC_w4_ND,T5,Cii,NC,4,ND,blue,374.53416149068323,0.85
T5_NC_w4_ND,T5,Cii,NC,4,ND,blue,376.3975155279503,0.75
T5_NC_w4_ND,T5,Cii,NC,4,ND,blue,380.1242236024845,0.7
T5_NC_w4_ND,T5,Cii,NC,4,ND,blue,381.98757763975163,0.55
T5_NC_w4_ND,T5,Cii,NC,4,ND,blue,383.85093167701865,0.4
T5_NC_w4_ND,T5,Cii,NC,4,ND,blue,385.71428571428567,0.1
T5_NC_w4_ND,T5,Cii,NC,4,ND,blue,387.5776397515528,0.1
T5_NC_w4_ND,T5,Cii,NC,4,ND,blue,389.4409937888199,-0.1
T5_NC_w4_ND,T5,Cii,NC,4,ND,blue,391.3043478260869,-0.1
T5_NC_w4_ND,T5,Cii,NC,4,ND,blue,393.167701863354,-0.1
T5_NC_w4_ND,T5,Cii,NC,4,ND,blue,395.0310559006211,-0.1
T5_NC_w4_ND,T5,Cii,NC,4,ND,blue,396.8944099378882,-0.1
T5_NC_w4_ND,T5,Cii,NC,4,ND,blue,398.7577639751553,-0.1
T5_NC_w4_ND,T5,Cii,NC,4,ND,blue,400.62111801242236,-0.1
T5_NC_w4_ND,T5,Cii,NC,4,ND,blue,402.48447204968943,-0.1
T5_NC_w4_ND,T5,Cii,NC,4,ND,blue,408.07453416149065,0.1
T5_NC_w4_ND,T5,Cii,NC,4,ND,blue,409.9378881987578,0.2
T5_NC_w4_ND,T5,Cii,NC,4,ND,blue,411.8012422360249,0.3
T5_NC_w4_ND,T5,Cii,NC,4,ND,blue,413.6645962732919,0.3
T5_NC_w4_ND,T5,Cii,NC,4,ND,blue,415.527950310559,0.4
T5_NC_w4_ND,T5,Cii,NC,4,ND,blue,417.3913043478261,0.55
T5_NC_w4_ND,T5,Cii,NC,4,ND,blue,419.25465838509314,0.7
T5_NC_w4_ND,T5,Cii,NC,4,ND,blue,421.1180124223602,0.75
T5_NC_w4_ND,T5,Cii,NC,4,ND,blue,422.9813664596273,0.75
T5_NC_w4_ND,T5,Cii,NC,4,ND,blue,424.8447204968944,0.75
T5_NC_w4_ND,T5,Cii,NC,4,ND,blue,426.7080745341615,0.75
T5_NC_w4_ND,T5,Cii,NC,4,ND,blue,428.57142857142856,0.75
T5_NC_w4_ND,T5,Cii,NC,4,ND,blue,430.4347826086956,0.8
T5_NC_w4_ND,T5,Cii,NC,4,ND,blue,432.2981366459628,1.1
T5_NC_w4_ND,T5,Cii,NC,4,ND,blue,434.1614906832298,1.15
T5_NC_w4_ND,T5,Cii,NC,4,ND,blue,436.0248447204968,1.25
T5_NC_w4_ND,T5,Cii,NC,4,ND,blue,437.888198757764,1.35
T5_NC_w4_ND,T5,Cii,NC,4,ND,blue,439.7515527950311,1.45
T5_NC_w4_ND,T5,Cii,NC,4,ND,blue,441.6149068322981,1.45
T5_NC_w4_ND,T5,Cii,NC,4,ND,blue,447.2049689440994,1.9
T5_NC_w4_ND,T5,Cii,NC,4,ND,blue,458.3850931677019,1.9
T5_NC_w4_ND,T5,Cii,NC,4,ND,blue,460.2484472049689,2.1
T5_NC_w4_ND,T5,Cii,NC,4,ND,blue,462.111801242236,2.35
T5_NC_w4_ND,T5,Cii,NC,4,ND,blue,465.83850931677017,2.7
T5_NC_w4_ND,T5,Cii,NC,4,ND,blue,467.7018633540373,2.8
T5_NC_w4_ND,T5,Cii,NC,4,ND,blue,469.5652173913043,3.4
T5_NC_w4_ND,T5,Cii,NC,4,ND,blue,471.4285714285714,3.6
T5_NC_w4_ND,T5,Cii,NC,4,ND,blue,473.2919254658385,4.1
T5_NC_w4_ND,T5,Cii,NC,4,ND,blue,475.15527950310553,4.2
T5_NC_w4_ND,T5,Cii,NC,4,ND,blue,477.0186335403727,4.45
T5_NC_w4_ND,T5,Cii,NC,4,ND,blue,478.8819875776398,4.7
T5_NC_w4_ND,T5,Cii,NC,4,ND,blue,480.7453416149068,4.9
T5_NC_w4_ND,T5,Cii,NC,4,ND,blue,482.60869565217394,4.9
T5_NC_w4_ND,T5,Cii,NC,4,ND,blue,484.472049689441,4.95
T5_NC_w4_ND,T5,Cii,NC,4,ND,blue,493.7888198757764,5.1
T5_NC_w4_ND,T5,Cii,NC,4,ND,blue,497.51552795031057,5.2
T5_NC_w4_ND,T5,Cii,NC,4,ND,blue,501.2422360248447,5.55
T5_NC_w4_ND,T5,Cii,NC,4,ND,blue,503.1055900621118,5.55
T5_NC_w4_ND,T5,Cii,NC,4,ND,blue,504.9689440993788,5.9
T5_NC_w4_ND,T5,Cii,NC,4,ND,blue,506.83229813664593,5.9
T5_NC_w4_ND,T5,Cii,NC,4,ND,blue,508.69565217391306,6.05
T5_NC_w4_ND,T5,Cii,NC,4,ND,blue,510.5590062111801,6.3
T5_NC_w4_ND,T5,Cii,NC,4,ND,blue,512.4223602484473,6.35
T5_NC_w4_ND,T5,Cii,NC,4,ND,blue,514.2857142857143,6.5
T5_NC_w4_ND,T5,Cii,NC,4,ND,blue,516.1490683229813,6.5
T5_NC_w4_ND,T5,Cii,NC,4,ND,blue,518.0124223602485,6.55
T5_NC_w4_ND,T5,Cii,NC,4,ND,blue,519.8757763975157,6.95
T5_NC_w4_ND,T5,Cii,NC,4,ND,blue,521.7391304347826,7.0
T5_NC_w4_ND,T5,Cii,NC,4,ND,blue,523.6024844720497,7.0
T5_NC_w4_ND,T5,Cii,NC,4,ND,blue,525.4658385093169,7.0
T5_NC_w4_ND,T5,Cii,NC,4,ND,blue,527.3291925465838,7.0
T5_NC_w4_ND,T5,Cii,NC,4,ND,blue,531.055900621118,7.0
T5_NC_w4_ND,T5,Cii,NC,4,ND,blue,532.9192546583851,7.1
T5_NC_w4_ND,T5,Cii,NC,4,ND,blue,534.7826086956522,7.0
T5_NC_w4_ND,T5,Cii,NC,4,ND,blue,536.6459627329192,7.1
T5_NC_w4_ND,T5,Cii,NC,4,ND,blue,538.5093167701864,7.1
T5_NC_w4_ND,T5,Cii,NC,4,ND,blue,540.3726708074533,7.2
T5_NC_w4_ND,T5,Cii,NC,4,ND,blue,542.2360248447205,7.25
T5_NC_w4_ND,T5,Cii,NC,4,ND,blue,544.0993788819876,7.4
T5_NC_w4_ND,T5,Cii,NC,4,ND,blue,545.9627329192546,7.7
T5_NC_w4_ND,T5,Cii,NC,4,ND,blue,547.8260869565217,7.7
T5_NC_w4_ND,T5,Cii,NC,4,ND,blue,551.5527950310559,7.7
T5_NC_w4_ND,T5,Cii,NC,4,ND,blue,553.416149068323,7.8
T5_NC_w4_ND,T5,Cii,NC,4,ND,blue,555.2795031055902,7.85
T5_NC_w4_ND,T5,Cii,NC,4,ND,blue,557.1428571428571,8.1
T5_NC_w4_ND,T5,Cii,NC,4,ND,blue,559.0062111801242,8.1
T5_NC_w4_ND,T5,Cii,NC,4,ND,blue,560.8695652173913,8.2
T5_NC_w4_ND,T5,Cii,NC,4,ND,blue,566.4596273291925,8.2
T5_NC_w4_ND,T5,Cii,NC,4,ND,blue,568.3229813664597,8.2
T5_NC_w4_ND,T5,Cii,NC,4,ND,blue,570.1863354037267,8.2
T5_NC_w4_ND,T5,Cii,NC,4,ND,blue,572.0496894409938,8.1
T5_NC_w4_ND,T5,Cii,NC,4,ND,blue,573.9130434782609,7.9
T5_NC_w4_ND,T5,Cii,NC,4,ND,blue,575.7763975155281,7.9
T5_NC_w4_ND,T5,Cii,NC,4,ND,blue,577.639751552795,7.65
T5_NC_w4_ND,T5,Cii,NC,4,ND,blue,579.5031055900621,7.55
T5_NC_w4_ND,T5,Cii,NC,4,ND,blue,581.3664596273293,7.4
T5_NC_w4_ND,T5,Cii,NC,4,ND,blue,583.2298136645961,7.3
T5_NC_w4_ND,T5,Cii,NC,4,ND,blue,585.0931677018634,7.3
T5_NC_w4_ND,T5,Cii,NC,4,ND,blue,586.9565217391304,7.3
T5_NC_w4_ND,T5,Cii,NC,4,ND,blue,588.8198757763976,7.3
T5_NC_w4_ND,T5,Cii,NC,4,ND,blue,590.6832298136646,7.3
T5_NC_w4_ND,T5,Cii,NC,4,ND,blue,592.5465838509316,7.3
T5_NC_w4_ND,T5,Cii,NC,4,ND,blue,594.4099378881988,7.3
T5_NC_w4_ND,T5,Cii,NC,4,ND,blue,596.2732919254657,7.55
T5_NC_w4_ND,T5,Cii,NC,4,ND,blue,598.1366459627329,7.6
T5_NC_w4_ND,T5,Cii,NC,4,ND,blue,600.0,7.6
T5_NC_w4_ND,T5,Cii,NC,4,ND,blue,601.8633540372671,7.55
T5_NC_w4_ND,T5,Cii,NC,4,ND,blue,603.7267080745341,7.55
T5_NC_w4_ND,T5,Cii,NC,4,ND,blue,605.5900621118012,7.3
T5_NC_w4_ND,T5,Cii,NC,4,ND,blue,607.4534161490683,7.1
T5_NC_w4_ND,T5,Cii,NC,4,ND,blue,609.3167701863354,7.1
T5_NC_w4_ND,T5,Cii,NC,4,ND,blue,611.1801242236024,6.9
T5_NC_w4_ND,T5,Cii,NC,4,ND,blue,614.9068322981367,6.8
T5_NC_w4_ND,T5,Cii,NC,4,ND,blue,616.7701863354037,6.6
T5_NC_w4_ND,T5,Cii,NC,4,ND,blue,618.633540372671,6.55
T5_NC_w4_ND,T5,Cii,NC,4,ND,blue,620.4968944099379,6.4
T5_NC_w4_ND,T5,Cii,NC,4,ND,blue,622.360248447205,6.35
T5_NC_w4_ND,T5,Cii,NC,4,ND,blue,624.223602484472,6.1
T5_NC_w4_ND,T5,Cii,NC,4,ND,blue,626.0869565217391,5.95
T5_NC_w4_ND,T5,Cii,NC,4,ND,blue,627.9503105590062,5.8
T5_NC_w4_ND,T5,Cii,NC,4,ND,blue,629.8136645962733,5.8
T5_NC_w4_ND,T5,Cii,NC,4,ND,blue,631.6770186335403,5.65
T5_NC_w4_ND,T5,Cii,NC,4,ND,blue,633.5403726708074,5.6
T5_NC_w4_ND,T5,Cii,NC,4,ND,blue,635.4037267080746,5.6
T5_NC_w4_ND,T5,Cii,NC,4,ND,blue,639.1304347826087,5.1
T5_NC_w4_ND,T5,Cii,NC,4,ND,blue,640.9937888198758,4.95
T5_NC_w4_ND,T5,Cii,NC,4,ND,blue,642.8571428571428,4.9
T5_NC_w4_ND,T5,Cii,NC,4,ND,blue,644.72049689441,4.8
T5_NC_w4_ND,T5,Cii,NC,4,ND,blue,646.5838509316769,4.7
T5_NC_w4_ND,T5,Cii,NC,4,ND,blue,648.4472049689441,4.65
T5_NC_w4_ND,T5,Cii,NC,4,ND,blue,650.3105590062112,4.6
T5_NC_w4_ND,T5,Cii,NC,4,ND,blue,652.1739130434783,4.6
T5_NC_w4_ND,T5,Cii,NC,4,ND,blue,654.0372670807453,4.5
T5_NC_w4_ND,T5,Cii,NC,4,ND,blue,655.9006211180124,4.45
T5_NC_w4_ND,T5,Cii,NC,4,ND,blue,657.7639751552795,4.4
T5_NC_w4_ND,T5,Cii,NC,4,ND,blue,659.6273291925465,4.35
T5_NC_w4_ND,T5,Cii,NC,4,ND,blue,661.4906832298137,4.3
T5_NC_w4_ND,T5,Cii,NC,4,ND,blue,663.3540372670807,4.3
T5_NC_w4_ND,T5,Cii,NC,4,ND,blue,665.2173913043479,4.3
T5_NC_w4_ND,T5,Cii,NC,4,ND,blue,667.0807453416148,4.2
T5_NC_w4_ND,T5,Cii,NC,4,ND,blue,668.944099378882,4.2
T5_NC_w4_ND,T5,Cii,NC,4,ND,blue,670.8074534161491,4.2
T5_NC_w4_ND,T5,Cii,NC,4,ND,blue,672.6708074534162,4.0
T5_NC_w4_ND,T5,Cii,NC,4,ND,blue,676.3975155279503,3.85
T5_NC_w4_ND,T5,Cii,NC,4,ND,blue,680.1242236024844,3.8
T5_NC_w4_ND,T5,Cii,NC,4,ND,blue,681.9875776397515,3.75
T5_NC_w4_ND,T5,Cii,NC,4,ND,blue,687.5776397515527,3.7
T5_NC_w4_ND,T5,Cii,NC,4,ND,blue,689.4409937888198,3.6
T5_NC_w4_ND,T5,Cii,NC,4,ND,blue,691.304347826087,3.55
T5_NC_w4_ND,T5,Cii,NC,4,ND,blue,693.167701863354,3.55
T5_NC_w4_ND,T5,Cii,NC,4,ND,blue,696.8944099378882,3.6
T5_NC_w4_ND,T5,Cii,NC,4,ND,blue,698.7577639751553,3.6
T5_NC_w4_ND,T5,Cii,NC,4,ND,blue,702.4844720496894,3.55
T5_NC_w4_ND,T5,Cii,NC,4,ND,blue,704.3478260869565,3.5
T5_NC_w4_ND,T5,Cii,NC,4,ND,blue,706.2111801242236,3.5
T5_NC_w4_ND,T5,Cii,NC,4,ND,blue,708.0745341614906,3.4
T5_NC_w4_ND,T5,Cii,NC,4,ND,blue,709.9378881987577,3.3
T5_NC_w4_ND,T5,Cii,NC,4,ND,blue,713.6645962732919,3.2
T5_NC_w4_ND,T5,Cii,NC,4,ND,blue,717.391304347826,3.1
T5_NC_w4_ND,T5,Cii,NC,4,ND,blue,719.2546583850932,3.0
T5_NC_w4_ND,T5,Cii,NC,4,ND,blue,721.1180124223603,2.9
T5_NC_w4_ND,T5,Cii,NC,4,ND,blue,724.8447204968944,2.8
T5_NC_w4_ND,T5,Cii,NC,4,ND,blue,726.7080745341615,2.7
T5_NC_w4_ND,T5,Cii,NC,4,ND,blue,728.5714285714286,2.5
T5_NC_w4_ND,T5,Cii,NC,4,ND,blue,732.2981366459628,2.4
T5_NC_w4_ND,T5,Cii,NC,4,ND,blue,734.1614906832298,2.3
T5_NC_w4_ND,T5,Cii,NC,4,ND,blue,745.3416149068323,1.8
T5_NC_w4_ND,T5,Cii,NC,4,ND,blue,750.9316770186335,1.7
T5_NC_w4_ND,T5,Cii,NC,4,ND,blue,756.5217391304348,1.4
T5_NC_w4_ND,T5,Cii,NC,4,ND,blue,758.3850931677018,1.4
T5_NC_w4_ND,T5,Cii,NC,4,ND,blue,762.1118012422361,1.4
T5_NC_w4_ND,T5,Cii,NC,4,ND,blue,769.5652173913044,1.3
T5_NC_w4_ND,T5,Cii,NC,4,ND,blue,771.4285714285714,1.3
T5_NC_w4_ND,T5,Cii,NC,4,ND,blue,773.2919254658384,1.3
T5_NC_w4_ND,T5,Cii,NC,4,ND,blue,775.1552795031056,1.3
T5_NC_w4_ND,T5,Cii,NC,4,ND,blue,777.0186335403727,1.3
T5_NC_w4_ND,T5,Cii,NC,4,ND,blue,784.4720496894408,1.3
T5_NC_w4_ND,T5,Cii,NC,4,ND,blue,786.3354037267081,1.3
T5_NC_w4_ND,T5,Cii,NC,4,ND,blue,795.6521739130435,1.7
T5_NC_w4_ND,T5,Cii,NC,4,ND,blue,799.3788819875776,1.7
T5_NC_w4_ND,T5,Cii,NC,4,ND,blue,803.1055900621118,1.7
T5_NC_w4_ND,T5,Cii,NC,4,ND,blue,806.8322981366459,1.7
T5_NC_w4_ND,T5,Cii,NC,4,ND,blue,812.4223602484473,1.7
T5_NC_w4_ND,T5,Cii,NC,4,ND,blue,814.2857142857142,1.6
T5_NC_w4_ND,T5,Cii,NC,4,ND,blue,816.1490683229814,1.1
T5_NC_w4_ND,T5,Cii,NC,4,ND,blue,827.3291925465838,1.0
T5_NC_w4_ND,T5,Cii,NC,4,ND,blue,834.782608695652,1.0
T5_NC_w4_ND,T5,Cii,NC,4,ND,blue,836.6459627329192,1.0
T5_NC_w4_ND,T5,Cii,NC,4,ND,blue,838.5093167701864,0.9
T5_NC_w4_ND,T5,Cii,NC,4,ND,blue,840.3726708074533,0.9
T5_NC_w4_ND,T5,Cii,NC,4,ND,blue,844.0993788819875,0.8
T5_NC_w4_ND,T5,Cii,NC,4,ND,blue,847.8260869565217,0.75
T5_NC_w4_ND,T5,Cii,NC,4,ND,blue,849.6894409937888,0.7
T5_NC_w4_ND,T5,Cii,NC,4,ND,blue,853.416149068323,0.5
T5_NC_w4_ND,T5,Cii,NC,4,ND,blue,855.27950310559,0.3
T5_NC_w4_ND,T5,Cii,NC,4,ND,blue,857.1428571428571,0.2
T5_NC_w4_ND,T5,Cii,NC,4,ND,blue,859.0062111801242,0.1
T5_NC_w4_ND,T5,Cii,NC,4,ND,blue,862.7329192546583,0.1
T5_NC_w4_ND,T5,Cii,NC,4,ND,blue,864.5962732919254,0.1
T5_NC_w4_ND,T5,Cii,NC,4,ND,blue,870.1863354037266,0.1
T5_NC_w4_ND,T5,Cii,NC,4,ND,blue,877.639751552795,0.1
T5_NC_w4_ND,T5,Cii,NC,4,ND,blue,881.3664596273293,0.1
T5_NC_w4_ND,T5,Cii,NC,4,ND,blue,883.2298136645963,0.2
T5_NC_w4_ND,T5,Cii,NC,4,ND,blue,885.0931677018633,0.3
T5_NC_w4_ND,T5,Cii,NC,4,ND,blue,886.9565217391304,0.4
T5_NC_w4_ND,T5,Cii,NC,4,ND,blue,888.8198757763976,0.5
T5_NC_w4_ND,T5,Cii,NC,4,ND,blue,892.5465838509317,0.5
T5_NC_w4_ND,T5,Cii,NC,4,ND,blue,896.2732919254659,0.5
T5_NC_w4_ND,T5,Cii,NC,4,ND,blue,898.1366459627329,0.6
T5_NC_w4_ND,T5,Cii,NC,4,ND,blue,900.0,0.7
T5_NC_w4_ND,T5,Cii,NC,4,ND,blue,901.8633540372672,0.7
