Job ID: 29562242
Node:   spartan-gpgpu099
GPU:    0
GPU 0: NVIDIA A100 80GB PCIe (UUID: GPU-322f5568-e44f-6ee4-45a8-e5d9489b443e)
GPU 1: NVIDIA A100 80GB PCIe (UUID: GPU-14844a85-9bf8-1cac-86bb-ab42ec5dba78)
  MIG 1g.20gb     Device  0: (UUID: MIG-ca7758cc-36b2-53c8-8bf7-fe711a703942)
GPU 2: NVIDIA A100 80GB PCIe (UUID: GPU-40730cdb-5070-f06f-e8e1-92c3b4bc8f18)
GPU 3: NVIDIA A100 80GB PCIe (UUID: GPU-705f91ce-5278-67b6-77ed-ac45a7d89e43)
cuda: True NVIDIA A100 80GB PCIe MIG 1g.20gb
Start:  Tue 25 Aug 2026 03:41:03 AEST
==== config ====
{'RUN_NAME': '29379579-run-n_iter-300-tasks-spot',
 'RUN_PATH': 'hp_lp/29379579-run-n_iter-300-tasks-spot',
 'MODEL': {'delta_ms': 2.0,
           'delta_ms_pre': 2.0,
           'cap': 40.0,
           'g_leak': 1.0,
           'e_exc': 10.0,
           'e_inh': -70.0,
           'e_h': 50.0,
           'h_g_max': 100.0,
           'gt_amp': 20.0,
           'v_clamp': 1000000.0,
           'a_syn_exc': 0.001,
           'a_syn_inh': 0.001,
           'euler': 'im'},
 'NEURON_SCHEMA': {'model': 'hp_lp',
                   'filter': 'none',
                   'syn_mode': 'per_cell',
                   'a_lo': 0.1,
                   'a_hi': 10.0,
                   'h_cells': ['L1', 'L2', 'L4', 'L5'],
                   'params': {'a_gt': {'lo': 0.5, 'hi': 2.0, 'init': 1.0, 'jit': 0.1, 'mode': 'indi'},
                              'bias_gt': {'lo': -200.0, 'hi': 200.0, 'init': 0.0, 'jit': 1.0, 'mode': 'indi'},
                              'syn_strength_cell': {'lo': 0.1, 'hi': 10.0, 'init': 1.0, 'jit': 0.1, 'mode': 'indi'},
                              'syn_strength_edge': {'lo': 0.1, 'hi': 10.0, 'init': 1.0, 'jit': 0.1, 'mode': 'indi'},
                              'a_in': {'lo': 0.01, 'hi': 100.0, 'init': 1.0, 'jit': 0.1, 'mode': 'shared'},
                              'a_out': {'lo': 0.1, 'hi': 10.0, 'init': 1.0, 'jit': 0.1, 'mode': 'indi'},
                              'e_leak': {'lo': -50.0, 'hi': 50.0, 'init': 0.0, 'jit': 1.0, 'mode': 'indi'},
                              'v_th': {'lo': -100.0, 'hi': 100.0, 'init': -50.0, 'jit': 0.0, 'mode': 'indi'},
                              'tau_lp': {'lo': 10.0, 'hi': 100.0, 'init': 10.0, 'jit': 2.0, 'mode': 'indi'},
                              'tau_hp_rise': {'lo': 100.0, 'hi': 500.0, 'init': 200.0, 'jit': 20.0, 'mode': 'indi'},
                              'tau_hp_fall': {'lo': 100.0, 'hi': 500.0, 'init': 200.0, 'jit': 20.0, 'mode': 'indi'},
                              'a_h': {'lo': 0.0,
                                      'hi': 1.0,
                                      'init': 0.0,
                                      'inits': {'L1': 0.5, 'L2': 0.5, 'L4': 0.5, 'L5': 0.5},
                                      'jit': 0.1,
                                      'mode': 'indi'},
                              'v_mid_h_g': {'lo': -70.0, 'hi': -30.0, 'init': -50.0, 'jit': 5.0, 'mode': 'shared'},
                              'v_mid_h_tau': {'lo': -70.0, 'hi': -40.0, 'init': -50.0, 'jit': 5.0, 'mode': 'shared'},
                              'h_slope': {'lo': -0.4, 'hi': -0.2, 'init': -0.25, 'jit': 0.02, 'mode': 'shared'},
                              'a_h_rev': {'lo': 0.0,
                                          'hi': 1.0,
                                          'init': 0.0,
                                          'jit': 0.1,
                                          'mode': 'fixed',
                                          'modes': {'indi': 'L1,L2,L4,L5'}},
                              'v_mid_h_g_rev': {'lo': -70.0, 'hi': -30.0, 'init': -50.0, 'jit': 5.0, 'mode': 'shared'},
                              'v_mid_h_tau_rev': {'lo': -70.0,
                                                  'hi': -40.0,
                                                  'init': -50.0,
                                                  'jit': 5.0,
                                                  'mode': 'shared'},
                              'h_slope_rev': {'lo': -0.4, 'hi': -0.2, 'init': -0.25, 'jit': 0.02, 'mode': 'shared'},
                              'v_th_ca': {'lo': -100.0, 'hi': 100.0, 'init': -50.0, 'jit': 0.0, 'mode': 'indi'},
                              'a_ca': {'lo': 0.1, 'hi': 10.0, 'init': 1.0, 'jit': 0.1, 'mode': 'indi'},
                              'tau_ca': {'lo': 100.0, 'hi': 1000.0, 'init': 350.0, 'jit': 10.0, 'mode': 'indi'},
                              'a_sti_radius': {'lo': 0.0, 'hi': 1.0, 'init': 0.0, 'jit': 0.05, 'mode': 'indi'}}},
 'NEURON_FORWARD': {'pre_grad': True},
 'NETWORK_PATH': {'network': 'right_min_neuron1_r10'},
 'SPREAD_INPUT_SPEC': {'ms_pre': 20.0, 'ms_sti': 160.0, 'ms_response': 300.0, 'ms_post': 0.0},
 'SPREAD_GT': {'spread_gt_mode': 'pos'},
 'SPOT_INPUT_GEO': {'spot_radius': 1.0, 'fully_inside': True, 'multi_spot': True, 'shift_radius': 1.0},
 'SPOT_PACK': {'spot_cost_radii': [0, 1, 2],
               'a_sti_radii': [1, 2],
               'spot_cost_radius_scale': {0: 1.0, 1: 0.3333333333333333, 2: 0.3333333333333333}},
 'SBAR_INPUT_GEO': {'multi_bar': True, 'bar_dist': 4},
 'MBAR_INPUT_SPEC': {'ms_pre': 20.0, 'bar_ws_deg': [2.25, 9.0], 'bar_directions': ['right', 'left', 'up', 'down']},
 'TRAIN_CONFIG': {'tasks': ['sbar'],
                  'contrasts': ['bright', 'dark'],
                  'i_sti': {'bright': 40.0, 'dark': 0.0},
                  'gt_by_task': {'spread': ['L1',
                                            'L2',
                                            'L3',
                                            'L4',
                                            'L5',
                                            'Mi1',
                                            'Tm3',
                                            'Mi4',
                                            'Mi9',
                                            'Tm1',
                                            'Tm2',
                                            'Tm4',
                                            'Tm9'],
                                 'sbar': ['T4a', 'T4b', 'T4c', 'T4d', 'T5a', 'T5b', 'T5c', 'T5d']},
                  'cost_radius': None},
 'VAL_FROM': {'bias_gt': {'source': 'v_onset', 'enabled': True},
              'v_th_ca': {'source': 'v_th', 'enabled': False},
              'a_ca': {'source': 'a_out', 'enabled': False},
              'a_h_rev': {'source': 'a_h', 'enabled': False},
              'v_mid_h_g_rev': {'source': 'v_mid_h_g', 'enabled': False},
              'h_slope_rev': {'source': 'h_slope', 'enabled': False},
              'v_mid_h_tau_rev': {'source': 'v_mid_h_tau', 'enabled': False}},
 'TRAIN_OPTIMIZATION': {'part_cost_scales': {},
                        'cost_norm': 'a_gt2',
                        'cost_ms': None,
                        'pre_steady': 'solve',
                        'pre_steady_n_iter': 50,
                        'pre_steady_damp': 0.1,
                        'n_run': 1,
                        'n_iter': 0,
                        'lrs': [0.1],
                        'checkpoint_interval': 1000},
 'TRAIN_SESSION': {'fp': 32, 'sequential': False},
 'FIGURE_PLOT': {'html': False, 'plot_right_only': True, 'x': None, 'y': None, 'align_xy': None, 'ms_shown': None},
 'FIGURE_PLOT_STI_SPOT': {'spot_radii': [0.5, 1.0, 1.5, 2.0], 'output': None},
 'FIGURE_PLOT_STI_MBAR': {'output': None,
                          'gif': False,
                          'gif_output': None,
                          't_stride': 2,
                          't': None,
                          'direction': 'left'},
 'ANALYZE_RUNS': ['hp_lp/29379579-run-n_iter-300-tasks-spot'],
 'ANALYZE_CELL_DYNAMICS': {'cells': None,
                           'spec': None,
                           'node': None,
                           'radius': 0,
                           't_rel_start': None,
                           't_rel_stop': None,
                           'figure': True,
                           'json': False},
 'ANALYZE_SYN_SIGN': {'bins': 20, 'after_train': False, 'post': False},
 'ANALYZE_TRACE': {'trace_osc_min_f': 0.5,
                   'trace_osc_max_f': 20.0,
                   'trace_osc_peak_threshold': 0.5,
                   'trace_osc_z_threshold': 2.0,
                   'trace_osc_snr_min': 2.0,
                   'trace_drift_min_slope_mv_over_s': 1.0,
                   'trace_drift_min_r': 0.5,
                   'trace_baseline_ms': 200.0,
                   'trace_flat_max_abs': 0.5,
                   'trace_flat_v_peak_to_peak_max': 1.0,
                   'trace_flat_abs_mean': 0.2,
                   'check': None,
                   'baseline_ms_shown': None},
 'ANALYZE_COST_PART': {'part': None,
                       'cost_norm': None,
                       'stride': 1,
                       'per_node': False,
                       'csv': None,
                       'print_parts': False}}
==== end config ====
config: {'run_name': '29379579-run-n_iter-300-tasks-spot', 'run_path': 'hp_lp/${run_name}', 'delta_ms': 2.0, 'delta_ms_pre': 2.0, 'cap': 40.0, 'g_leak': 1.0, 'e_exc': 10.0, 'e_inh': -70.0, 'e_h': 50.0, 'h_g_max': 100.0, 'gt_amp': 20.0, 'v_clamp': 1000000.0, 'a_syn_exc': 0.001, 'a_syn_inh': 0.001, 'euler': 'im', 'model': 'hp_lp', 'filter': 'none', 'syn_mode': 'per_cell', 'a_lo': 0.1, 'a_hi': 10.0, 'h_cells': 'L1,L2,L4,L5', 'params': {'a_gt': {'lo': 0.5, 'hi': 2.0, 'init': 1.0, 'jit': 0.1, 'mode': 'indi'}, 'bias_gt': {'lo': -200.0, 'hi': 200.0, 'init': 0.0, 'jit': 1.0, 'mode': 'indi'}, 'syn_strength_cell': {'lo': 0.1, 'hi': 10.0, 'init': 1.0, 'jit': 0.1, 'mode': 'indi'}, 'syn_strength_edge': {'lo': 0.1, 'hi': 10.0, 'init': 1.0, 'jit': 0.1, 'mode': 'indi'}, 'a_in': {'lo': 0.01, 'hi': 100.0, 'init': 1.0, 'jit': 0.1, 'mode': 'shared'}, 'a_out': {'lo': 0.1, 'hi': 10.0, 'init': 1.0, 'jit': 0.1, 'mode': 'indi'}, 'e_leak': {'lo': -50.0, 'hi': 50.0, 'init': 0.0, 'jit': 1.0, 'mode': 'indi'}, 'v_th': {'lo': -100.0, 'hi': 100.0, 'init': -50.0, 'jit': 0.0, 'mode': 'indi'}, 'tau_lp': {'lo': 10.0, 'hi': 100.0, 'init': 10.0, 'jit': 2.0, 'mode': 'indi'}, 'tau_hp_rise': {'lo': 100.0, 'hi': 500.0, 'init': 200.0, 'jit': 20.0, 'mode': 'indi'}, 'tau_hp_fall': {'lo': 100.0, 'hi': 500.0, 'init': 200.0, 'jit': 20.0, 'mode': 'indi'}, 'a_h': {'lo': 0.0, 'hi': 1.0, 'init': 0.0, 'inits': {'L1': 0.5, 'L2': 0.5, 'L4': 0.5, 'L5': 0.5}, 'jit': 0.1, 'mode': 'indi'}, 'v_mid_h_g': {'lo': -70.0, 'hi': -30.0, 'init': -50.0, 'jit': 5.0, 'mode': 'shared'}, 'v_mid_h_tau': {'lo': -70.0, 'hi': -40.0, 'init': -50.0, 'jit': 5.0, 'mode': 'shared'}, 'h_slope': {'lo': -0.4, 'hi': -0.2, 'init': -0.25, 'jit': 0.02, 'mode': 'shared'}, 'a_h_rev': {'lo': 0.0, 'hi': 1.0, 'init': 0.0, 'jit': 0.1, 'mode': 'fixed', 'modes': {'indi': '${h_cells}'}}, 'v_mid_h_g_rev': {'lo': -70.0, 'hi': -30.0, 'init': -50.0, 'jit': 5.0, 'mode': 'shared'}, 'v_mid_h_tau_rev': {'lo': -70.0, 'hi': -40.0, 'init': -50.0, 'jit': 5.0, 'mode': 'shared'}, 'h_slope_rev': {'lo': -0.4, 'hi': -0.2, 'init': -0.25, 'jit': 0.02, 'mode': 'shared'}, 'v_th_ca': {'lo': -100.0, 'hi': 100.0, 'init': -50.0, 'jit': 0.0, 'mode': 'indi'}, 'a_ca': {'lo': 0.1, 'hi': 10.0, 'init': 1.0, 'jit': 0.1, 'mode': 'indi'}, 'tau_ca': {'lo': 100.0, 'hi': 1000.0, 'init': 350.0, 'jit': 10.0, 'mode': 'indi'}, 'a_sti_radius': {'lo': 0.0, 'hi': 1.0, 'init': 0.0, 'jit': 0.05, 'mode': 'indi'}}, 'pre_grad': True, 'network': 'right_min_neuron1_r10', 'i_sti': {'bright': 40.0, 'dark': 0.0}, 'contrasts': 'bright,dark', 'ms_pre': 20.0, 'ms_sti': 160.0, 'ms_response': 300.0, 'ms_post': 0.0, 'spread_gt_mode': 'pos', 'spot_radius': 1.0, 'fully_inside': True, 'multi_spot': True, 'shift_radius': 1.0, 'spot_cost_radii': '0,1,2', 'a_sti_radii': '1,2', 'spot_cost_radius_scale': {0: 1.0, 1: 0.3333333333333333, 2: 0.3333333333333333}, 'multi_bar': True, 'bar_dist': 4, 'bar_ws_deg': '2.25,9.0', 'bar_directions': 'right,left,up,down', 'tasks': 'spread,sbar', 'gt_by_task': {'spread': ['L1', 'L2', 'L3', 'L4', 'L5', 'Mi1', 'Tm3', 'Mi4', 'Mi9', 'Tm1', 'Tm2', 'Tm4', 'Tm9'], 'sbar': ['T4a', 'T4b', 'T4c', 'T4d', 'T5a', 'T5b', 'T5c', 'T5d']}, 'cost_radius': None, 'param_vals': {}, 'val_from': {'bias_gt': {'source': 'v_onset', 'enabled': True}, 'v_th_ca': {'source': 'v_th', 'enabled': False}, 'a_ca': {'source': 'a_out', 'enabled': False}, 'a_h_rev': {'source': 'a_h', 'enabled': False}, 'v_mid_h_g_rev': {'source': 'v_mid_h_g', 'enabled': False}, 'h_slope_rev': {'source': 'h_slope', 'enabled': False}, 'v_mid_h_tau_rev': {'source': 'v_mid_h_tau', 'enabled': False}}, 'part_cost_scales': {}, 'cost_norm': 'a_gt2', 'cost_ms': None, 'pre_steady': 'solve', 'pre_steady_n_iter': 50, 'pre_steady_damp': 0.1, 'n_run': 1, 'n_iter': 300, 'lrs': '0.1', 'checkpoint_interval': 1000, 'init_from': None, 'fp': 32, 'sequential': False, 'spot_radii': '0.5,1.0,1.5,2.0', 'spot_plot_output': None, 'mbar_plot_output': None, 'mbar_plot_gif': False, 'mbar_plot_gif_output': None, 'mbar_plot_t_stride': 2, 'mbar_plot_t': None, 'mbar_plot_direction': 'left', 'html': False, 'plot_right_only': True, 'x': None, 'y': None, 'align_xy': None, 'ms_shown': None, 'analyze_runs': None, 'cells': None, 'spec': None, 'node': None, 'radius': 0, 't_rel_start': None, 't_rel_stop': None, 'analyze_figure': True, 'analyze_json': False, 'post': False, 'check': None, 'baseline_ms_shown': None, 'part': None, 'analyze_cost_norm': None, 'stride': 1, 'per_node': False, 'cost_part_csv': None, 'print_parts': False, 'bins': 20, 'after_train': False, 'trace_osc_min_f': 0.5, 'trace_osc_max_f': 20.0, 'trace_osc_peak_threshold': 0.5, 'trace_osc_z_threshold': 2.0, 'trace_osc_snr_min': 2.0, 'trace_drift_min_slope_mv_over_s': 1.0, 'trace_drift_min_r': 0.5, 'trace_baseline_ms': 200.0, 'trace_flat_max_abs': 0.5, 'trace_flat_v_peak_to_peak_max': 1.0, 'trace_flat_abs_mean': 0.2}
param_modes:
  a_gt               indi=56/shared=0/fixed=0/frozen=0 (56)
  bias_gt            indi=0/shared=0/fixed=0/frozen=56 (0)
  syn_strength_cell  indi=1035/shared=0/fixed=0/frozen=0 (1035)
  a_in               indi=0/shared=56/fixed=0/frozen=0 (1)
  a_out              indi=56/shared=0/fixed=0/frozen=0 (56)
  e_leak             indi=56/shared=0/fixed=0/frozen=0 (56)
  v_th               indi=56/shared=0/fixed=0/frozen=0 (56)
  tau_lp             indi=56/shared=0/fixed=0/frozen=0 (56)
  tau_hp_rise        indi=56/shared=0/fixed=0/frozen=0 (56)
  tau_hp_fall        indi=56/shared=0/fixed=0/frozen=0 (56)
  a_h                indi=56/shared=0/fixed=0/frozen=0 (56)
device=cuda, model=hp_lp, syn_mode=per_cell, euler=implicit, pre_steady=solve, n_run=1, n_iter=300, lrs=[0.1], n_z=1484, fname=train_hp_lp.npy
checkpoint_interval=1000

round 0

  0%|          | 0/300 [00:00<?, ?it/s] Cost: 1068122.5000  [spread_bright_L5=9356770.0000  spread_bright_Mi1=8606269.0000  spread_bright_Tm3=8628152.0000  spread_bright_Mi4=8501514.0000  spread_dark_L1=6348586.5000  spread_dark_L2=5939323.5000  spread_dark_L3=6420594.5000  spread_dark_L4=8641416.0000  spread_dark_Mi9=7393244.0000  spread_dark_Tm1=8079860.5000  spread_dark_Tm2=7653619.0000  spread_dark_Tm4=8037897.0000  spread_dark_Tm9=7653628.5000  sbar_bright_T4a_mid+0=1596367.5000  sbar_bright_T4b_mid+0=1614895.5000  sbar_bright_T4c_mid+0=1558108.5000  sbar_bright_T4d_mid+0=1564807.0000  sbar_bright_T5a_mid+0=211611.8750  sbar_bright_T5b_mid+0=215028.1875  sbar_bright_T5c_mid+0=216593.0469  sbar_bright_T5d_mid+0=226462.3906  sbar_bright_T4a_mid+1=362377.5000  sbar_bright_T4b_mid+1=380691.9688  sbar_bright_T4c_mid+1=373265.4375  sbar_bright_T4d_mid+1=373166.1562  sbar_bright_T5a_mid+1=182808.4844  sbar_bright_T5b_mid+1=203779.0000  sbar_bright_T5c_mid+1=190412.6094  sbar_bright_T5d_mid+1=193152.2500  sbar_bright_T4a_mid+2=127444.7891  sbar_bright_T4b_mid+2=126084.1953  sbar_bright_T4c_mid+2=118172.4453  sbar_bright_T4d_mid+2=128532.1875  sbar_bright_T5a_mid+2=348299.7500  sbar_bright_T5b_mid+2=304211.2500  sbar_bright_T5c_mid+2=337375.7812  sbar_bright_T5d_mid+2=338206.4375  sbar_bright_T4a_mid-1=2860477.7500  sbar_bright_T4b_mid-1=2671270.7500  sbar_bright_T4c_mid-1=2809840.5000  sbar_bright_T4d_mid-1=2789020.2500  sbar_bright_T5a_mid-1=456328.7500  sbar_bright_T5b_mid-1=454055.7500  sbar_bright_T5c_mid-1=461647.2188  sbar_bright_T5d_mid-1=459545.8750  sbar_bright_T4a_mid-2=661358.9375  sbar_bright_T4b_mid-2=674868.9375  sbar_bright_T4c_mid-2=657688.8125  sbar_bright_T4d_mid-2=675165.6250  sbar_bright_T5b_mid-2=175069.3594  sbar_bright_T5c_mid-2=152053.7656  sbar_bright_T5d_mid-2=173816.6250  sbar_bright_T5a_mid-2=159456.3906  sbar_bright_T4a_mid-1.5=288393.3125  sbar_bright_T4b_mid-1.5=292745.8750  sbar_bright_T4c_mid-1.5=279938.7188  sbar_bright_T4d_mid-1.5=308978.7500  sbar_bright_T5a_mid-1.5=144547.6406  sbar_bright_T5b_mid-1.5=145389.8125  sbar_bright_T5c_mid-1.5=138104.9531  sbar_bright_T5d_mid-1.5=136248.5781  sbar_bright_T4a_mid-0.5=1549106.1250  sbar_bright_T4b_mid-0.5=1582833.3750  sbar_bright_T4c_mid-0.5=1573579.1250  sbar_bright_T4d_mid-0.5=1585018.6250  sbar_bright_T5a_mid-0.5=175506.9688  sbar_bright_T5b_mid-0.5=177834.2812  sbar_bright_T5c_mid-0.5=179663.1250  sbar_bright_T5d_mid-0.5=170924.2969  sbar_bright_T4a_mid+0.5=348890.1875  sbar_bright_T4b_mid+0.5=327237.3438  sbar_bright_T4c_mid+0.5=352076.2500  sbar_bright_T4d_mid+0.5=340075.4688  sbar_bright_T5a_mid+0.5=74841.3203  sbar_bright_T5b_mid+0.5=76605.9922  sbar_bright_T5c_mid+0.5=74489.2969  sbar_bright_T5d_mid+0.5=71761.2578  sbar_bright_T4b_mid+1.5=35294.1406  sbar_bright_T4c_mid+1.5=35698.8398  sbar_bright_T4d_mid+1.5=34899.5547  sbar_bright_T5a_mid+1.5=70143.6641  sbar_bright_T5b_mid+1.5=71840.2812  sbar_bright_T5c_mid+1.5=69624.7188  sbar_bright_T5d_mid+1.5=58582.2891  sbar_bright_T4a_mid+1.5=33406.5117  sbar_dark_T4a_mid+0=42628.9375  sbar_dark_T4b_mid+0=39274.2656  sbar_dark_T4c_mid+0=40258.1406  sbar_dark_T4d_mid+0=39225.1445  sbar_dark_T5a_mid+0=754914.0000  sbar_dark_T5b_mid+0=765803.5000  sbar_dark_T5c_mid+0=777261.2500  sbar_dark_T5d_mid+0=823865.1875  sbar_dark_T4a_mid+1=41791.5117  sbar_dark_T4b_mid+1=38301.3125  sbar_dark_T4c_mid+1=36337.7461  sbar_dark_T4d_mid+1=35612.0078  sbar_dark_T5a_mid+1=324117.6562  sbar_dark_T5b_mid+1=358717.8125  sbar_dark_T5c_mid+1=334674.8750  sbar_dark_T5d_mid+1=345042.0000  sbar_dark_T4a_mid+2=39302.6328  sbar_dark_T4b_mid+2=36548.3125  sbar_dark_T4c_mid+2=32363.6211  sbar_dark_T4d_mid+2=38288.3320  sbar_dark_T5a_mid+2=428975.6875  sbar_dark_T5b_mid+2=375635.0000  sbar_dark_T5c_mid+2=415663.0625  sbar_dark_T5d_mid+2=417599.7500  sbar_dark_T4a_mid-1=94723.8594  sbar_dark_T4b_mid-1=102600.4688  sbar_dark_T4c_mid-1=99646.3672  sbar_dark_T4d_mid-1=101234.2734  sbar_dark_T5a_mid-1=2366578.5000  sbar_dark_T5b_mid-1=2319066.2500  sbar_dark_T5c_mid-1=2347300.7500  sbar_dark_T5d_mid-1=2397587.7500  sbar_dark_T4a_mid-2=22778.2363  sbar_dark_T4b_mid-2=16078.2246  sbar_dark_T4c_mid-2=21165.7402  sbar_dark_T4d_mid-2=14485.2363  sbar_dark_T5b_mid-2=1282890.6250  sbar_dark_T5c_mid-2=1216003.1250  sbar_dark_T5d_mid-2=1287159.3750  sbar_dark_T5a_mid-2=1206806.7500  sbar_dark_T4a_mid-1.5=11748.9229  sbar_dark_T4b_mid-1.5=8668.2617  sbar_dark_T4c_mid-1.5=11101.9873  sbar_dark_T4d_mid-1.5=6704.1733  sbar_dark_T5a_mid-1.5=384854.5938  sbar_dark_T5b_mid-1.5=395287.7812  sbar_dark_T5c_mid-1.5=368752.2812  sbar_dark_T5d_mid-1.5=368782.1250  sbar_dark_T4a_mid-0.5=35163.4727  sbar_dark_T4b_mid-0.5=32756.1523  sbar_dark_T4c_mid-0.5=32990.4961  sbar_dark_T4d_mid-0.5=31531.4102  sbar_dark_T5a_mid-0.5=917344.4375  sbar_dark_T5b_mid-0.5=948507.0000  sbar_dark_T5c_mid-0.5=956479.8125  sbar_dark_T5d_mid-0.5=881788.3750  sbar_dark_T4a_mid+0.5=11510.5859  sbar_dark_T4b_mid+0.5=7580.5156  sbar_dark_T4c_mid+0.5=12126.8857  sbar_dark_T4d_mid+0.5=8908.7988  sbar_dark_T5a_mid+0.5=210564.5156  sbar_dark_T5b_mid+0.5=218313.6250  sbar_dark_T5c_mid+0.5=209538.9844  sbar_dark_T5d_mid+0.5=198510.9375  sbar_dark_T4b_mid+1.5=16463.3652  sbar_dark_T4c_mid+1.5=14234.1963  sbar_dark_T4d_mid+1.5=15279.0117  sbar_dark_T5a_mid+1.5=60965.9609  sbar_dark_T5b_mid+1.5=62643.4336  sbar_dark_T5c_mid+1.5=61366.3125  sbar_dark_T5d_mid+1.5=51584.8359  sbar_dark_T4a_mid+1.5=16155.1689]  3%|▎         | 10/300 [00:06<03:16,  1.47it/s] Cost: 759836.5625  [spread_bright_L5=2197251.7500  spread_bright_Mi1=4967388.0000  spread_bright_Tm3=2684979.5000  spread_bright_Mi4=7719815.0000  spread_dark_L1=1994650.7500  spread_dark_L2=2987832.5000  spread_dark_L3=4209348.5000  spread_dark_L4=6788263.0000  spread_dark_Mi9=6640178.5000  spread_dark_Tm1=2773810.2500  spread_dark_Tm2=1568593.0000  spread_dark_Tm4=2340753.2500  spread_dark_Tm9=7233218.0000  sbar_bright_T4a_mid+0=1559535.0000  sbar_bright_T4b_mid+0=1564777.8750  sbar_bright_T4c_mid+0=1501665.1250  sbar_bright_T4d_mid+0=1505816.1250  sbar_bright_T5a_mid+0=194609.1719  sbar_bright_T5b_mid+0=186972.1719  sbar_bright_T5c_mid+0=200924.0625  sbar_bright_T5d_mid+0=200037.1406  sbar_bright_T4a_mid+1=349732.7188  sbar_bright_T4b_mid+1=380718.9375  sbar_bright_T4c_mid+1=364303.9062  sbar_bright_T4d_mid+1=364833.5000  sbar_bright_T5a_mid+1=183964.9688  sbar_bright_T5b_mid+1=200442.3125  sbar_bright_T5c_mid+1=180793.1094  sbar_bright_T5d_mid+1=191431.7031  sbar_bright_T4a_mid+2=116561.0312  sbar_bright_T4b_mid+2=118542.0156  sbar_bright_T4c_mid+2=110067.5703  sbar_bright_T4d_mid+2=120176.2969  sbar_bright_T5a_mid+2=333324.2812  sbar_bright_T5b_mid+2=315217.2500  sbar_bright_T5c_mid+2=327331.0312  sbar_bright_T5d_mid+2=331451.5938  sbar_bright_T4a_mid-1=2783594.0000  sbar_bright_T4b_mid-1=2581742.0000  sbar_bright_T4c_mid-1=2749840.5000  sbar_bright_T4d_mid-1=2760300.2500  sbar_bright_T5a_mid-1=443655.8750  sbar_bright_T5b_mid-1=442232.7500  sbar_bright_T5c_mid-1=446564.2188  sbar_bright_T5d_mid-1=443797.0938  sbar_bright_T4a_mid-2=682007.1250  sbar_bright_T4b_mid-2=678279.6250  sbar_bright_T4c_mid-2=660525.5625  sbar_bright_T4d_mid-2=663215.1875  sbar_bright_T5b_mid-2=154261.1250  sbar_bright_T5c_mid-2=155909.7031  sbar_bright_T5d_mid-2=156280.5781  sbar_bright_T5a_mid-2=152605.1562  sbar_bright_T4a_mid-1.5=293482.6875  sbar_bright_T4b_mid-1.5=295027.8438  sbar_bright_T4c_mid-1.5=287403.8750  sbar_bright_T4d_mid-1.5=304059.9688  sbar_bright_T5a_mid-1.5=136688.7031  sbar_bright_T5b_mid-1.5=142243.3438  sbar_bright_T5c_mid-1.5=136887.9531  sbar_bright_T5d_mid-1.5=126320.2656  sbar_bright_T4a_mid-0.5=1575186.1250  sbar_bright_T4b_mid-0.5=1552017.8750  sbar_bright_T4c_mid-0.5=1564059.0000  sbar_bright_T4d_mid-0.5=1584232.1250  sbar_bright_T5a_mid-0.5=174672.2188  sbar_bright_T5b_mid-0.5=175577.7656  sbar_bright_T5c_mid-0.5=173125.7344  sbar_bright_T5d_mid-0.5=173223.3281  sbar_bright_T4a_mid+0.5=342364.9062  sbar_bright_T4b_mid+0.5=320794.5312  sbar_bright_T4c_mid+0.5=334554.9062  sbar_bright_T4d_mid+0.5=333199.7812  sbar_bright_T5a_mid+0.5=73002.6797  sbar_bright_T5b_mid+0.5=74804.4219  sbar_bright_T5c_mid+0.5=74878.1484  sbar_bright_T5d_mid+0.5=74217.6094  sbar_bright_T4b_mid+1.5=36704.6211  sbar_bright_T4c_mid+1.5=34488.4375  sbar_bright_T4d_mid+1.5=34404.1094  sbar_bright_T5a_mid+1.5=68556.6328  sbar_bright_T5b_mid+1.5=71946.8281  sbar_bright_T5c_mid+1.5=68440.5547  sbar_bright_T5d_mid+1.5=61457.3047  sbar_bright_T4a_mid+1.5=30884.5957  sbar_dark_T4a_mid+0=27361.5664  sbar_dark_T4b_mid+0=29128.4043  sbar_dark_T4c_mid+0=28728.2871  sbar_dark_T4d_mid+0=26785.4805  sbar_dark_T5a_mid+0=755735.3125  sbar_dark_T5b_mid+0=731220.1250  sbar_dark_T5c_mid+0=771242.8750  sbar_dark_T5d_mid+0=773450.9375  sbar_dark_T4a_mid+1=32385.3906  sbar_dark_T4b_mid+1=42477.5586  sbar_dark_T4c_mid+1=37135.0625  sbar_dark_T4d_mid+1=33539.8281  sbar_dark_T5a_mid+1=332374.4062  sbar_dark_T5b_mid+1=361071.2500  sbar_dark_T5c_mid+1=323420.0312  sbar_dark_T5d_mid+1=346634.8750  sbar_dark_T4a_mid+2=29915.0020  sbar_dark_T4b_mid+2=34210.3828  sbar_dark_T4c_mid+2=28555.6270  sbar_dark_T4d_mid+2=32405.7051  sbar_dark_T5a_mid+2=413330.5312  sbar_dark_T5b_mid+2=390810.9062  sbar_dark_T5c_mid+2=405244.1250  sbar_dark_T5d_mid+2=411335.2188  sbar_dark_T4a_mid-1=94177.0938  sbar_dark_T4b_mid-1=113003.1406  sbar_dark_T4c_mid-1=100621.6797  sbar_dark_T4d_mid-1=98559.3359  sbar_dark_T5a_mid-1=2327448.7500  sbar_dark_T5b_mid-1=2287327.7500  sbar_dark_T5c_mid-1=2302813.5000  sbar_dark_T5d_mid-1=2331429.0000  sbar_dark_T4a_mid-2=11417.4395  sbar_dark_T4b_mid-2=17804.8926  sbar_dark_T4c_mid-2=18571.6738  sbar_dark_T4d_mid-2=14552.5889  sbar_dark_T5b_mid-2=1234597.5000  sbar_dark_T5c_mid-2=1237974.7500  sbar_dark_T5d_mid-2=1251665.5000  sbar_dark_T5a_mid-2=1211152.7500  sbar_dark_T4a_mid-1.5=6995.8945  sbar_dark_T4b_mid-1.5=8841.5898  sbar_dark_T4c_mid-1.5=8296.4961  sbar_dark_T4d_mid-1.5=6732.7437  sbar_dark_T5a_mid-1.5=372513.5625  sbar_dark_T5b_mid-1.5=388078.0625  sbar_dark_T5c_mid-1.5=370285.5625  sbar_dark_T5d_mid-1.5=345582.9688  sbar_dark_T4a_mid-0.5=30439.4258  sbar_dark_T4b_mid-0.5=34596.5156  sbar_dark_T4c_mid-0.5=32012.1250  sbar_dark_T4d_mid-0.5=29266.5859  sbar_dark_T5a_mid-0.5=937747.1875  sbar_dark_T5b_mid-0.5=945423.1875  sbar_dark_T5c_mid-0.5=918505.1875  sbar_dark_T5d_mid-0.5=928898.1250  sbar_dark_T4a_mid+0.5=8737.1338  sbar_dark_T4b_mid+0.5=7418.7935  sbar_dark_T4c_mid+0.5=10437.2588  sbar_dark_T4d_mid+0.5=7747.5771  sbar_dark_T5a_mid+0.5=210752.2500  sbar_dark_T5b_mid+0.5=214867.2812  sbar_dark_T5c_mid+0.5=217724.4531  sbar_dark_T5d_mid+0.5=216061.7500  sbar_dark_T4b_mid+1.5=16248.3105  sbar_dark_T4c_mid+1.5=13256.2979  sbar_dark_T4d_mid+1.5=15597.3643  sbar_dark_T5a_mid+1.5=59244.6406  sbar_dark_T5b_mid+1.5=61902.9844  sbar_dark_T5c_mid+1.5=59728.9375  sbar_dark_T5d_mid+1.5=53071.2422  sbar_dark_T4a_mid+1.5=12684.3086]:   7%|▋         | 20/300 [00:13<03:08,  1.48it/s] Cost: 688725.8750  [spread_bright_L5=1644737.7500  spread_bright_Mi1=3850027.7500  spread_bright_Tm3=2154477.0000  spread_bright_Mi4=5895494.0000  spread_dark_L1=1851493.1250  spread_dark_L2=2704714.5000  spread_dark_L3=4127578.0000  spread_dark_L4=4750718.5000  spread_dark_Mi9=5551964.5000  spread_dark_Tm1=2247521.7500  spread_dark_Tm2=1901316.8750  spread_dark_Tm4=1841576.0000  spread_dark_Tm9=6440425.0000  sbar_bright_T4a_mid+0=1319495.1250  sbar_bright_T4b_mid+0=1228606.7500  sbar_bright_T4c_mid+0=1305185.5000  sbar_bright_T4d_mid+0=1292957.3750  sbar_bright_T5a_mid+0=166266.1406  sbar_bright_T5b_mid+0=153037.4219  sbar_bright_T5c_mid+0=174328.0000  sbar_bright_T5d_mid+0=183218.4844  sbar_bright_T4a_mid+1=342963.7188  sbar_bright_T4b_mid+1=286650.5938  sbar_bright_T4c_mid+1=294388.0000  sbar_bright_T4d_mid+1=306197.9375  sbar_bright_T5a_mid+1=182393.8750  sbar_bright_T5b_mid+1=201439.6562  sbar_bright_T5c_mid+1=172912.0938  sbar_bright_T5d_mid+1=187521.7969  sbar_bright_T4a_mid+2=138680.2188  sbar_bright_T4b_mid+2=103139.9062  sbar_bright_T4c_mid+2=98446.0391  sbar_bright_T4d_mid+2=112771.3672  sbar_bright_T5a_mid+2=334605.1562  sbar_bright_T5b_mid+2=309860.7500  sbar_bright_T5c_mid+2=326927.9375  sbar_bright_T5d_mid+2=329207.1562  sbar_bright_T4a_mid-1=2753857.2500  sbar_bright_T4b_mid-1=2556429.5000  sbar_bright_T4c_mid-1=2693491.5000  sbar_bright_T4d_mid-1=2724199.2500  sbar_bright_T5a_mid-1=442381.3750  sbar_bright_T5b_mid-1=438569.2188  sbar_bright_T5c_mid-1=436216.4375  sbar_bright_T5d_mid-1=445966.1875  sbar_bright_T4a_mid-2=692659.8125  sbar_bright_T4b_mid-2=684505.2500  sbar_bright_T4c_mid-2=675930.3125  sbar_bright_T4d_mid-2=669594.3125  sbar_bright_T5b_mid-2=161702.5781  sbar_bright_T5c_mid-2=160716.4219  sbar_bright_T5d_mid-2=167961.9531  sbar_bright_T5a_mid-2=165425.8125  sbar_bright_T4a_mid-1.5=291788.0312  sbar_bright_T4b_mid-1.5=296817.4688  sbar_bright_T4c_mid-1.5=293075.5938  sbar_bright_T4d_mid-1.5=301224.4375  sbar_bright_T5a_mid-1.5=135558.8906  sbar_bright_T5b_mid-1.5=142822.3438  sbar_bright_T5c_mid-1.5=140460.3281  sbar_bright_T5d_mid-1.5=128258.1719  sbar_bright_T4a_mid-0.5=1479908.8750  sbar_bright_T4b_mid-0.5=1498478.8750  sbar_bright_T4c_mid-0.5=1558308.1250  sbar_bright_T4d_mid-0.5=1528439.7500  sbar_bright_T5a_mid-0.5=173260.6094  sbar_bright_T5b_mid-0.5=172952.6719  sbar_bright_T5c_mid-0.5=170525.9844  sbar_bright_T5d_mid-0.5=169883.5469  sbar_bright_T4a_mid+0.5=309839.9688  sbar_bright_T4b_mid+0.5=274258.0000  sbar_bright_T4c_mid+0.5=290412.5938  sbar_bright_T4d_mid+0.5=307159.3438  sbar_bright_T5a_mid+0.5=70329.8516  sbar_bright_T5b_mid+0.5=75768.1875  sbar_bright_T5c_mid+0.5=72197.4688  sbar_bright_T5d_mid+0.5=73260.6250  sbar_bright_T4b_mid+1.5=31474.1680  sbar_bright_T4c_mid+1.5=30197.0723  sbar_bright_T4d_mid+1.5=32782.0273  sbar_bright_T5a_mid+1.5=66800.0547  sbar_bright_T5b_mid+1.5=69177.7812  sbar_bright_T5c_mid+1.5=69730.6953  sbar_bright_T5d_mid+1.5=55648.2109  sbar_bright_T4a_mid+1.5=34875.5625  sbar_dark_T4a_mid+0=24234.5820  sbar_dark_T4b_mid+0=140045.8594  sbar_dark_T4c_mid+0=39361.9609  sbar_dark_T4d_mid+0=32075.5684  sbar_dark_T5a_mid+0=704246.5625  sbar_dark_T5b_mid+0=676324.0000  sbar_dark_T5c_mid+0=734784.1875  sbar_dark_T5d_mid+0=739267.9375  sbar_dark_T4a_mid+1=41784.9805  sbar_dark_T4b_mid+1=36196.6445  sbar_dark_T4c_mid+1=31694.2539  sbar_dark_T4d_mid+1=31660.6504  sbar_dark_T5a_mid+1=327522.8125  sbar_dark_T5b_mid+1=361650.2188  sbar_dark_T5c_mid+1=313703.1562  sbar_dark_T5d_mid+1=339604.5000  sbar_dark_T4a_mid+2=50725.0625  sbar_dark_T4b_mid+2=29443.3223  sbar_dark_T4c_mid+2=25899.6934  sbar_dark_T4d_mid+2=31737.3770  sbar_dark_T5a_mid+2=415562.8438  sbar_dark_T5b_mid+2=385527.9375  sbar_dark_T5c_mid+2=406323.1875  sbar_dark_T5d_mid+2=408977.5000  sbar_dark_T4a_mid-1=91136.6484  sbar_dark_T4b_mid-1=89427.4375  sbar_dark_T4c_mid-1=85036.8438  sbar_dark_T4d_mid-1=87137.1953  sbar_dark_T5a_mid-1=2323563.2500  sbar_dark_T5b_mid-1=2259781.5000  sbar_dark_T5c_mid-1=2278342.5000  sbar_dark_T5d_mid-1=2333647.2500  sbar_dark_T4a_mid-2=20559.2559  sbar_dark_T4b_mid-2=12576.3369  sbar_dark_T4c_mid-2=12499.5947  sbar_dark_T4d_mid-2=13211.5654  sbar_dark_T5b_mid-2=1245434.2500  sbar_dark_T5c_mid-2=1251331.6250  sbar_dark_T5d_mid-2=1274766.5000  sbar_dark_T5a_mid-2=1238965.6250  sbar_dark_T4a_mid-1.5=11460.4150  sbar_dark_T4b_mid-1.5=7491.3101  sbar_dark_T4c_mid-1.5=8377.6748  sbar_dark_T4d_mid-1.5=7020.7021  sbar_dark_T5a_mid-1.5=363976.4375  sbar_dark_T5b_mid-1.5=388946.2500  sbar_dark_T5c_mid-1.5=380313.0312  sbar_dark_T5d_mid-1.5=349931.4688  sbar_dark_T4a_mid-0.5=38401.3008  sbar_dark_T4b_mid-0.5=24413.8164  sbar_dark_T4c_mid-0.5=26774.0469  sbar_dark_T4d_mid-0.5=23914.5078  sbar_dark_T5a_mid-0.5=932155.9375  sbar_dark_T5b_mid-0.5=938353.7500  sbar_dark_T5c_mid-0.5=902358.3750  sbar_dark_T5d_mid-0.5=893286.4375  sbar_dark_T4a_mid+0.5=8148.8452  sbar_dark_T4b_mid+0.5=6639.9106  sbar_dark_T4c_mid+0.5=11729.7422  sbar_dark_T4d_mid+0.5=5718.0356  sbar_dark_T5a_mid+0.5=202093.5469  sbar_dark_T5b_mid+0.5=217084.2500  sbar_dark_T5c_mid+0.5=215377.6250  sbar_dark_T5d_mid+0.5=207943.9062  sbar_dark_T4b_mid+1.5=12610.4883  sbar_dark_T4c_mid+1.5=12658.4111  sbar_dark_T4d_mid+1.5=13432.4414  sbar_dark_T5a_mid+1.5=58993.2422  sbar_dark_T5b_mid+1.5=61095.9688  sbar_dark_T5c_mid+1.5=61485.6719  sbar_dark_T5d_mid+1.5=49919.3945  sbar_dark_T4a_mid+1.5=13579.8867]:   10%|█         | 30/300 [00:20<03:01,  1.49it/s] Cost: 596105.8125  [spread_bright_L5=1555572.6250  spread_bright_Mi1=2636390.2500  spread_bright_Tm3=1509407.8750  spread_bright_Mi4=3953833.0000  spread_dark_L1=1719836.6250  spread_dark_L2=2967783.2500  spread_dark_L3=4032291.0000  spread_dark_L4=1961630.5000  spread_dark_Mi9=3825160.5000  spread_dark_Tm1=1294353.3750  spread_dark_Tm2=1304827.6250  spread_dark_Tm4=1384350.8750  spread_dark_Tm9=4743049.5000  sbar_bright_T4a_mid+0=1110009.8750  sbar_bright_T4b_mid+0=1123207.5000  sbar_bright_T4c_mid+0=1123640.1250  sbar_bright_T4d_mid+0=1106430.2500  sbar_bright_T5a_mid+0=71523.7656  sbar_bright_T5b_mid+0=89982.2500  sbar_bright_T5c_mid+0=94545.1094  sbar_bright_T5d_mid+0=154188.6250  sbar_bright_T4a_mid+1=279582.9062  sbar_bright_T4b_mid+1=287668.0312  sbar_bright_T4c_mid+1=264650.1875  sbar_bright_T4d_mid+1=265937.9375  sbar_bright_T5a_mid+1=164104.4844  sbar_bright_T5b_mid+1=187926.5312  sbar_bright_T5c_mid+1=140479.1406  sbar_bright_T5d_mid+1=184865.0938  sbar_bright_T4a_mid+2=107639.3750  sbar_bright_T4b_mid+2=130633.9297  sbar_bright_T4c_mid+2=105970.4219  sbar_bright_T4d_mid+2=125870.4141  sbar_bright_T5a_mid+2=332689.6562  sbar_bright_T5b_mid+2=307439.2500  sbar_bright_T5c_mid+2=320484.9375  sbar_bright_T5d_mid+2=330240.9375  sbar_bright_T4a_mid-1=2558523.7500  sbar_bright_T4b_mid-1=2393225.5000  sbar_bright_T4c_mid-1=2566070.2500  sbar_bright_T4d_mid-1=2627200.0000  sbar_bright_T5a_mid-1=394623.6562  sbar_bright_T5b_mid-1=402657.2812  sbar_bright_T5c_mid-1=381992.8750  sbar_bright_T5d_mid-1=440880.1250  sbar_bright_T4a_mid-2=671028.8750  sbar_bright_T4b_mid-2=676888.7500  sbar_bright_T4c_mid-2=632600.3750  sbar_bright_T4d_mid-2=646454.6875  sbar_bright_T5b_mid-2=161843.1406  sbar_bright_T5c_mid-2=151300.4062  sbar_bright_T5d_mid-2=160359.3281  sbar_bright_T5a_mid-2=154831.0156  sbar_bright_T4a_mid-1.5=281053.0000  sbar_bright_T4b_mid-1.5=270814.0312  sbar_bright_T4c_mid-1.5=281385.9062  sbar_bright_T4d_mid-1.5=286188.7500  sbar_bright_T5a_mid-1.5=132576.8594  sbar_bright_T5b_mid-1.5=139957.7656  sbar_bright_T5c_mid-1.5=139070.7656  sbar_bright_T5d_mid-1.5=126291.7969  sbar_bright_T4a_mid-0.5=1435344.3750  sbar_bright_T4b_mid-0.5=1467464.6250  sbar_bright_T4c_mid-0.5=1501216.2500  sbar_bright_T4d_mid-0.5=1457637.8750  sbar_bright_T5a_mid-0.5=154621.2344  sbar_bright_T5b_mid-0.5=160205.9219  sbar_bright_T5c_mid-0.5=149792.1719  sbar_bright_T5d_mid-0.5=167224.1875  sbar_bright_T4a_mid+0.5=294434.3125  sbar_bright_T4b_mid+0.5=263578.2500  sbar_bright_T4c_mid+0.5=272170.1875  sbar_bright_T4d_mid+0.5=277729.7812  sbar_bright_T5a_mid+0.5=63319.3516  sbar_bright_T5b_mid+0.5=71576.6953  sbar_bright_T5c_mid+0.5=52639.5469  sbar_bright_T5d_mid+0.5=72684.0781  sbar_bright_T4b_mid+1.5=32297.7969  sbar_bright_T4c_mid+1.5=31231.8164  sbar_bright_T4d_mid+1.5=33411.7383  sbar_bright_T5a_mid+1.5=68580.2578  sbar_bright_T5b_mid+1.5=68331.0078  sbar_bright_T5c_mid+1.5=70138.7031  sbar_bright_T5d_mid+1.5=58084.4727  sbar_bright_T4a_mid+1.5=29019.8340  sbar_dark_T4a_mid+0=215583.5156  sbar_dark_T4b_mid+0=108584.2188  sbar_dark_T4c_mid+0=95694.5234  sbar_dark_T4d_mid+0=118769.0469  sbar_dark_T5a_mid+0=745897.9375  sbar_dark_T5b_mid+0=762617.8750  sbar_dark_T5c_mid+0=730621.5625  sbar_dark_T5d_mid+0=668379.6875  sbar_dark_T4a_mid+1=36258.3984  sbar_dark_T4b_mid+1=52956.9219  sbar_dark_T4c_mid+1=52468.9375  sbar_dark_T4d_mid+1=55316.7578  sbar_dark_T5a_mid+1=287507.3750  sbar_dark_T5b_mid+1=327886.9688  sbar_dark_T5c_mid+1=249259.7031  sbar_dark_T5d_mid+1=332304.4688  sbar_dark_T4a_mid+2=36356.8672  sbar_dark_T4b_mid+2=53864.0234  sbar_dark_T4c_mid+2=37014.3867  sbar_dark_T4d_mid+2=47548.3633  sbar_dark_T5a_mid+2=422526.4688  sbar_dark_T5b_mid+2=390744.0938  sbar_dark_T5c_mid+2=406587.8125  sbar_dark_T5d_mid+2=412420.5938  sbar_dark_T4a_mid-1=72143.0234  sbar_dark_T4b_mid-1=106331.6328  sbar_dark_T4c_mid-1=87551.0469  sbar_dark_T4d_mid-1=87048.0781  sbar_dark_T5a_mid-1=2262603.2500  sbar_dark_T5b_mid-1=2207611.7500  sbar_dark_T5c_mid-1=2183963.7500  sbar_dark_T5d_mid-1=2322765.5000  sbar_dark_T4a_mid-2=15489.1113  sbar_dark_T4b_mid-2=31160.1836  sbar_dark_T4c_mid-2=35646.6719  sbar_dark_T4d_mid-2=19980.3906  sbar_dark_T5b_mid-2=1254785.0000  sbar_dark_T5c_mid-2=1231021.7500  sbar_dark_T5d_mid-2=1260013.3750  sbar_dark_T5a_mid-2=1222920.6250  sbar_dark_T4a_mid-1.5=9173.4844  sbar_dark_T4b_mid-1.5=15126.2402  sbar_dark_T4c_mid-1.5=14949.5312  sbar_dark_T4d_mid-1.5=11468.6113  sbar_dark_T5a_mid-1.5=368599.3750  sbar_dark_T5b_mid-1.5=385972.1250  sbar_dark_T5c_mid-1.5=381167.4375  sbar_dark_T5d_mid-1.5=346378.2188  sbar_dark_T4a_mid-0.5=15777.6309  sbar_dark_T4b_mid-0.5=28293.8477  sbar_dark_T4c_mid-0.5=22599.9277  sbar_dark_T4d_mid-0.5=21608.8027  sbar_dark_T5a_mid-0.5=898625.3125  sbar_dark_T5b_mid-0.5=912906.5000  sbar_dark_T5c_mid-0.5=848824.4375  sbar_dark_T5d_mid-0.5=892050.3125  sbar_dark_T4a_mid+0.5=6158.9854  sbar_dark_T4b_mid+0.5=8490.2070  sbar_dark_T4c_mid+0.5=20950.9609  sbar_dark_T4d_mid+0.5=7230.5869  sbar_dark_T5a_mid+0.5=195462.8750  sbar_dark_T5b_mid+0.5=209077.0312  sbar_dark_T5c_mid+0.5=186921.4688  sbar_dark_T5d_mid+0.5=205921.3125  sbar_dark_T4b_mid+1.5=15627.8125  sbar_dark_T4c_mid+1.5=16428.1035  sbar_dark_T4d_mid+1.5=15672.7598  sbar_dark_T5a_mid+1.5=61668.7617  sbar_dark_T5b_mid+1.5=61469.3711  sbar_dark_T5c_mid+1.5=63612.5625  sbar_dark_T5d_mid+1.5=51344.1523  sbar_dark_T4a_mid+1.5=12077.5127]:  13%|█▎        | 40/300 [00:27<02:55,  1.48it/s] Cost: 523860.6562  [spread_bright_L5=1240140.1250  spread_bright_Mi1=2463800.0000  spread_bright_Tm3=1429207.1250  spread_bright_Mi4=2958157.2500  spread_dark_L1=1220025.2500  spread_dark_L2=2109347.2500  spread_dark_L3=3230192.5000  spread_dark_L4=1841691.8750  spread_dark_Mi9=2851071.2500  spread_dark_Tm1=890485.8125  spread_dark_Tm2=1202688.6250  spread_dark_Tm4=1216797.6250  spread_dark_Tm9=3156590.2500  sbar_bright_T4a_mid+0=961544.2500  sbar_bright_T4b_mid+0=1013987.9375  sbar_bright_T4c_mid+0=930984.3125  sbar_bright_T4d_mid+0=864086.2500  sbar_bright_T5a_mid+0=84277.3438  sbar_bright_T5b_mid+0=90929.1484  sbar_bright_T5c_mid+0=100348.1016  sbar_bright_T5d_mid+0=88612.5859  sbar_bright_T4a_mid+1=210343.5469  sbar_bright_T4b_mid+1=193583.9062  sbar_bright_T4c_mid+1=190188.0156  sbar_bright_T4d_mid+1=214905.5312  sbar_bright_T5a_mid+1=165961.4375  sbar_bright_T5b_mid+1=185735.3438  sbar_bright_T5c_mid+1=145215.9844  sbar_bright_T5d_mid+1=165106.9219  sbar_bright_T4a_mid+2=80682.3047  sbar_bright_T4b_mid+2=83992.7500  sbar_bright_T4c_mid+2=91834.1484  sbar_bright_T4d_mid+2=103632.7656  sbar_bright_T5a_mid+2=346395.1562  sbar_bright_T5b_mid+2=305641.0000  sbar_bright_T5c_mid+2=316230.6562  sbar_bright_T5d_mid+2=326546.4688  sbar_bright_T4a_mid-1=2323334.5000  sbar_bright_T4b_mid-1=2098585.2500  sbar_bright_T4c_mid-1=2338726.0000  sbar_bright_T4d_mid-1=2403536.0000  sbar_bright_T5a_mid-1=367038.1562  sbar_bright_T5b_mid-1=385607.2500  sbar_bright_T5c_mid-1=323058.3438  sbar_bright_T5d_mid-1=419097.8438  sbar_bright_T4a_mid-2=657508.0625  sbar_bright_T4b_mid-2=626990.2500  sbar_bright_T4c_mid-2=626803.6250  sbar_bright_T4d_mid-2=596023.0625  sbar_bright_T5b_mid-2=148185.1562  sbar_bright_T5c_mid-2=130631.7734  sbar_bright_T5d_mid-2=166933.9219  sbar_bright_T5a_mid-2=142862.2969  sbar_bright_T4a_mid-1.5=264930.6250  sbar_bright_T4b_mid-1.5=274161.8750  sbar_bright_T4c_mid-1.5=295530.4062  sbar_bright_T4d_mid-1.5=283737.0000  sbar_bright_T5a_mid-1.5=131740.6250  sbar_bright_T5b_mid-1.5=143885.8125  sbar_bright_T5c_mid-1.5=130790.0078  sbar_bright_T5d_mid-1.5=126454.0312  sbar_bright_T4a_mid-0.5=1256517.5000  sbar_bright_T4b_mid-0.5=1302688.7500  sbar_bright_T4c_mid-0.5=1365828.7500  sbar_bright_T4d_mid-0.5=1322133.0000  sbar_bright_T5a_mid-0.5=134195.6562  sbar_bright_T5b_mid-0.5=165660.0156  sbar_bright_T5c_mid-0.5=106265.8047  sbar_bright_T5d_mid-0.5=149260.1719  sbar_bright_T4a_mid+0.5=216708.3125  sbar_bright_T4b_mid+0.5=177228.9844  sbar_bright_T4c_mid+0.5=198100.7969  sbar_bright_T4d_mid+0.5=199535.5625  sbar_bright_T5a_mid+0.5=55989.7773  sbar_bright_T5b_mid+0.5=66332.8672  sbar_bright_T5c_mid+0.5=50968.2969  sbar_bright_T5d_mid+0.5=54660.7617  sbar_bright_T4b_mid+1.5=30598.8105  sbar_bright_T4c_mid+1.5=33331.4922  sbar_bright_T4d_mid+1.5=34127.6875  sbar_bright_T5a_mid+1.5=69544.9766  sbar_bright_T5b_mid+1.5=71397.2109  sbar_bright_T5c_mid+1.5=70179.3594  sbar_bright_T5d_mid+1.5=51629.2422  sbar_bright_T4a_mid+1.5=31532.7578  sbar_dark_T4a_mid+0=154233.5312  sbar_dark_T4b_mid+0=155898.4531  sbar_dark_T4c_mid+0=129573.5859  sbar_dark_T4d_mid+0=144996.2812  sbar_dark_T5a_mid+0=613567.8125  sbar_dark_T5b_mid+0=588469.5000  sbar_dark_T5c_mid+0=719012.6875  sbar_dark_T5d_mid+0=752159.3125  sbar_dark_T4a_mid+1=57405.5820  sbar_dark_T4b_mid+1=44213.9727  sbar_dark_T4c_mid+1=71307.8438  sbar_dark_T4d_mid+1=66422.9531  sbar_dark_T5a_mid+1=265036.5312  sbar_dark_T5b_mid+1=327864.4375  sbar_dark_T5c_mid+1=252938.1562  sbar_dark_T5d_mid+1=292933.5000  sbar_dark_T4a_mid+2=38072.4922  sbar_dark_T4b_mid+2=48039.4219  sbar_dark_T4c_mid+2=59371.8125  sbar_dark_T4d_mid+2=45977.5000  sbar_dark_T5a_mid+2=428696.2500  sbar_dark_T5b_mid+2=384035.7500  sbar_dark_T5c_mid+2=393334.0000  sbar_dark_T5d_mid+2=410311.5000  sbar_dark_T4a_mid-1=83472.7031  sbar_dark_T4b_mid-1=116800.1797  sbar_dark_T4c_mid-1=96874.0000  sbar_dark_T4d_mid-1=91764.1719  sbar_dark_T5a_mid-1=2186543.7500  sbar_dark_T5b_mid-1=2207834.0000  sbar_dark_T5c_mid-1=2111479.7500  sbar_dark_T5d_mid-1=2279780.5000  sbar_dark_T4a_mid-2=30406.0625  sbar_dark_T4b_mid-2=24752.9121  sbar_dark_T4c_mid-2=28213.8887  sbar_dark_T4d_mid-2=28699.5898  sbar_dark_T5b_mid-2=1211307.3750  sbar_dark_T5c_mid-2=1136118.0000  sbar_dark_T5d_mid-2=1242961.7500  sbar_dark_T5a_mid-2=1143649.8750  sbar_dark_T4a_mid-1.5=13288.4707  sbar_dark_T4b_mid-1.5=12031.3047  sbar_dark_T4c_mid-1.5=14986.7188  sbar_dark_T4d_mid-1.5=18870.6406  sbar_dark_T5a_mid-1.5=361914.2500  sbar_dark_T5b_mid-1.5=394069.9375  sbar_dark_T5c_mid-1.5=360447.0938  sbar_dark_T5d_mid-1.5=350221.5938  sbar_dark_T4a_mid-0.5=15845.7734  sbar_dark_T4b_mid-0.5=20285.2402  sbar_dark_T4c_mid-0.5=45333.8477  sbar_dark_T4d_mid-0.5=22417.2266  sbar_dark_T5a_mid-0.5=849847.1875  sbar_dark_T5b_mid-0.5=941093.1875  sbar_dark_T5c_mid-0.5=765509.6875  sbar_dark_T5d_mid-0.5=811036.1875  sbar_dark_T4a_mid+0.5=10222.0166  sbar_dark_T4b_mid+0.5=21679.9688  sbar_dark_T4c_mid+0.5=22773.6660  sbar_dark_T4d_mid+0.5=15166.5820  sbar_dark_T5a_mid+0.5=174694.1406  sbar_dark_T5b_mid+0.5=201214.2344  sbar_dark_T5c_mid+0.5=186479.8906  sbar_dark_T5d_mid+0.5=170983.9531  sbar_dark_T4b_mid+1.5=11664.5498  sbar_dark_T4c_mid+1.5=15884.2549  sbar_dark_T4d_mid+1.5=11930.0195  sbar_dark_T5a_mid+1.5=63228.5586  sbar_dark_T5b_mid+1.5=62097.9062  sbar_dark_T5c_mid+1.5=63720.8477  sbar_dark_T5d_mid+1.5=48001.8047  sbar_dark_T4a_mid+1.5=13106.3438]:    17%|█▋        | 50/300 [00:33<02:48,  1.48it/s] Cost: 466255.0312  [spread_bright_L5=1442930.8750  spread_bright_Mi1=1753703.0000  spread_bright_Tm3=1232367.3750  spread_bright_Mi4=2077685.6250  spread_dark_L1=1152129.2500  spread_dark_L2=1992547.6250  spread_dark_L3=3512392.2500  spread_dark_L4=1657510.5000  spread_dark_Mi9=2003043.5000  spread_dark_Tm1=836881.8125  spread_dark_Tm2=1103227.1250  spread_dark_Tm4=1252940.5000  spread_dark_Tm9=3000004.5000  sbar_bright_T4a_mid+0=819547.6875  sbar_bright_T4b_mid+0=896490.0625  sbar_bright_T4c_mid+0=819783.0625  sbar_bright_T4d_mid+0=435955.4375  sbar_bright_T5a_mid+0=138321.9531  sbar_bright_T5b_mid+0=118999.1328  sbar_bright_T5c_mid+0=179341.0781  sbar_bright_T5d_mid+0=118344.7031  sbar_bright_T4a_mid+1=210724.2812  sbar_bright_T4b_mid+1=217103.1719  sbar_bright_T4c_mid+1=207759.7188  sbar_bright_T4d_mid+1=254072.5156  sbar_bright_T5a_mid+1=208377.0469  sbar_bright_T5b_mid+1=142370.5000  sbar_bright_T5c_mid+1=182416.5781  sbar_bright_T5d_mid+1=144916.2969  sbar_bright_T4a_mid+2=122078.1328  sbar_bright_T4b_mid+2=175521.2031  sbar_bright_T4c_mid+2=176926.2969  sbar_bright_T4d_mid+2=133197.8438  sbar_bright_T5a_mid+2=208597.7500  sbar_bright_T5b_mid+2=228671.1250  sbar_bright_T5c_mid+2=301396.5000  sbar_bright_T5d_mid+2=266666.7500  sbar_bright_T4a_mid-1=2214244.2500  sbar_bright_T4b_mid-1=1840264.3750  sbar_bright_T4c_mid-1=2183470.7500  sbar_bright_T4d_mid-1=1884195.6250  sbar_bright_T5a_mid-1=324063.4375  sbar_bright_T5b_mid-1=296484.0625  sbar_bright_T5c_mid-1=265309.9062  sbar_bright_T5d_mid-1=391719.7812  sbar_bright_T4a_mid-2=649485.6875  sbar_bright_T4b_mid-2=595349.8750  sbar_bright_T4c_mid-2=622056.5625  sbar_bright_T4d_mid-2=399446.5625  sbar_bright_T5b_mid-2=129526.1406  sbar_bright_T5c_mid-2=110689.0234  sbar_bright_T5d_mid-2=141138.9375  sbar_bright_T5a_mid-2=114291.5938  sbar_bright_T4a_mid-1.5=248874.9062  sbar_bright_T4b_mid-1.5=254932.9062  sbar_bright_T4c_mid-1.5=290629.4688  sbar_bright_T4d_mid-1.5=192902.5312  sbar_bright_T5a_mid-1.5=126485.3281  sbar_bright_T5b_mid-1.5=140130.2188  sbar_bright_T5c_mid-1.5=120682.9609  sbar_bright_T5d_mid-1.5=130486.3672  sbar_bright_T4a_mid-0.5=1094890.2500  sbar_bright_T4b_mid-0.5=1193769.7500  sbar_bright_T4c_mid-0.5=1297206.2500  sbar_bright_T4d_mid-0.5=1105258.1250  sbar_bright_T5a_mid-0.5=90336.0312  sbar_bright_T5b_mid-0.5=145599.3750  sbar_bright_T5c_mid-0.5=79907.3594  sbar_bright_T5d_mid-0.5=148269.5938  sbar_bright_T4a_mid+0.5=200685.7656  sbar_bright_T4b_mid+0.5=156368.3594  sbar_bright_T4c_mid+0.5=220405.1562  sbar_bright_T4d_mid+0.5=142239.6250  sbar_bright_T5a_mid+0.5=49585.8633  sbar_bright_T5b_mid+0.5=41498.0586  sbar_bright_T5c_mid+0.5=36375.4062  sbar_bright_T5d_mid+0.5=36455.0742  sbar_bright_T4b_mid+1.5=51873.6953  sbar_bright_T4c_mid+1.5=50127.2891  sbar_bright_T4d_mid+1.5=57550.9219  sbar_bright_T5a_mid+1.5=35510.4688  sbar_bright_T5b_mid+1.5=48572.2734  sbar_bright_T5c_mid+1.5=39428.8984  sbar_bright_T5d_mid+1.5=41766.5430  sbar_bright_T4a_mid+1.5=40089.6484  sbar_dark_T4a_mid+0=82439.6797  sbar_dark_T4b_mid+0=108391.0312  sbar_dark_T4c_mid+0=76770.8047  sbar_dark_T4d_mid+0=79858.2422  sbar_dark_T5a_mid+0=432271.3750  sbar_dark_T5b_mid+0=534324.8125  sbar_dark_T5c_mid+0=436856.1875  sbar_dark_T5d_mid+0=534449.8125  sbar_dark_T4a_mid+1=93950.2188  sbar_dark_T4b_mid+1=90771.5938  sbar_dark_T4c_mid+1=108847.1250  sbar_dark_T4d_mid+1=70531.0469  sbar_dark_T5a_mid+1=243343.0000  sbar_dark_T5b_mid+1=264846.1562  sbar_dark_T5c_mid+1=342469.8438  sbar_dark_T5d_mid+1=222048.4219  sbar_dark_T4a_mid+2=121365.9688  sbar_dark_T4b_mid+2=205381.1562  sbar_dark_T4c_mid+2=158914.4219  sbar_dark_T4d_mid+2=90482.9609  sbar_dark_T5a_mid+2=353761.7812  sbar_dark_T5b_mid+2=327084.8438  sbar_dark_T5c_mid+2=574376.5625  sbar_dark_T5d_mid+2=344876.5625  sbar_dark_T4a_mid-1=96581.7500  sbar_dark_T4b_mid-1=129525.7969  sbar_dark_T4c_mid-1=76136.1484  sbar_dark_T4d_mid-1=193848.1562  sbar_dark_T5a_mid-1=1799518.0000  sbar_dark_T5b_mid-1=1943829.1250  sbar_dark_T5c_mid-1=1631670.3750  sbar_dark_T5d_mid-1=2060788.7500  sbar_dark_T4a_mid-2=83442.7969  sbar_dark_T4b_mid-2=55510.6914  sbar_dark_T4c_mid-2=57835.3086  sbar_dark_T4d_mid-2=161133.7812  sbar_dark_T5b_mid-2=1088101.7500  sbar_dark_T5c_mid-2=865543.1250  sbar_dark_T5d_mid-2=1056384.5000  sbar_dark_T5a_mid-2=880924.5625  sbar_dark_T4a_mid-1.5=11387.6191  sbar_dark_T4b_mid-1.5=16984.5449  sbar_dark_T4c_mid-1.5=11372.1621  sbar_dark_T4d_mid-1.5=86986.0469  sbar_dark_T5a_mid-1.5=309430.3750  sbar_dark_T5b_mid-1.5=375539.4688  sbar_dark_T5c_mid-1.5=280797.4062  sbar_dark_T5d_mid-1.5=342802.8125  sbar_dark_T4a_mid-0.5=18228.8828  sbar_dark_T4b_mid-0.5=20109.8555  sbar_dark_T4c_mid-0.5=30933.8633  sbar_dark_T4d_mid-0.5=41408.5781  sbar_dark_T5a_mid-0.5=603955.6875  sbar_dark_T5b_mid-0.5=843909.5625  sbar_dark_T5c_mid-0.5=541325.6250  sbar_dark_T5d_mid-0.5=691682.6250  sbar_dark_T4a_mid+0.5=29813.8945  sbar_dark_T4b_mid+0.5=51522.9258  sbar_dark_T4c_mid+0.5=34459.7188  sbar_dark_T4d_mid+0.5=15131.7803  sbar_dark_T5a_mid+0.5=104681.3125  sbar_dark_T5b_mid+0.5=119923.2734  sbar_dark_T5c_mid+0.5=119877.0234  sbar_dark_T5d_mid+0.5=95303.2578  sbar_dark_T4b_mid+1.5=51278.1367  sbar_dark_T4c_mid+1.5=58610.1250  sbar_dark_T4d_mid+1.5=14294.7119  sbar_dark_T5a_mid+1.5=115485.7188  sbar_dark_T5b_mid+1.5=66188.1406  sbar_dark_T5c_mid+1.5=141302.8594  sbar_dark_T5d_mid+1.5=55136.6523  sbar_dark_T4a_mid+1.5=27398.9297]:  20%|██        | 60/300 [00:40<02:41,  1.49it/s] Cost: 424227.7188  [spread_bright_L5=1371566.3750  spread_bright_Mi1=1504522.8750  spread_bright_Tm3=1071533.6250  spread_bright_Mi4=2021407.8750  spread_dark_L1=1446615.3750  spread_dark_L2=1578579.2500  spread_dark_L3=3020277.5000  spread_dark_L4=1577748.3750  spread_dark_Mi9=1346981.1250  spread_dark_Tm1=630158.5000  spread_dark_Tm2=1055249.8750  spread_dark_Tm4=1108926.7500  spread_dark_Tm9=1845347.2500  sbar_bright_T4a_mid+0=714969.6875  sbar_bright_T4b_mid+0=753608.1875  sbar_bright_T4c_mid+0=786568.2500  sbar_bright_T4d_mid+0=292207.0000  sbar_bright_T5a_mid+0=184542.6094  sbar_bright_T5b_mid+0=191984.7031  sbar_bright_T5c_mid+0=303530.6875  sbar_bright_T5d_mid+0=145394.1094  sbar_bright_T4a_mid+1=245005.7031  sbar_bright_T4b_mid+1=247848.8281  sbar_bright_T4c_mid+1=216594.3125  sbar_bright_T4d_mid+1=221578.5781  sbar_bright_T5a_mid+1=363733.9688  sbar_bright_T5b_mid+1=147816.3281  sbar_bright_T5c_mid+1=212464.4062  sbar_bright_T5d_mid+1=143127.3906  sbar_bright_T4a_mid+2=168261.7656  sbar_bright_T4b_mid+2=183460.3906  sbar_bright_T4c_mid+2=139934.2031  sbar_bright_T4d_mid+2=79135.9922  sbar_bright_T5a_mid+2=270089.2188  sbar_bright_T5b_mid+2=252782.1562  sbar_bright_T5c_mid+2=249048.6875  sbar_bright_T5d_mid+2=245063.2500  sbar_bright_T4a_mid-1=2258739.0000  sbar_bright_T4b_mid-1=1919067.5000  sbar_bright_T4c_mid-1=2290336.2500  sbar_bright_T4d_mid-1=1490620.8750  sbar_bright_T5a_mid-1=372427.6250  sbar_bright_T5b_mid-1=382536.2188  sbar_bright_T5c_mid-1=310794.5312  sbar_bright_T5d_mid-1=442335.2812  sbar_bright_T4a_mid-2=647029.1875  sbar_bright_T4b_mid-2=642641.7500  sbar_bright_T4c_mid-2=650317.8125  sbar_bright_T4d_mid-2=244301.4844  sbar_bright_T5b_mid-2=143988.5938  sbar_bright_T5c_mid-2=117831.9922  sbar_bright_T5d_mid-2=129326.0703  sbar_bright_T5a_mid-2=142455.5000  sbar_bright_T4a_mid-1.5=259012.0781  sbar_bright_T4b_mid-1.5=266126.8750  sbar_bright_T4c_mid-1.5=292205.5312  sbar_bright_T4d_mid-1.5=117999.0156  sbar_bright_T5a_mid-1.5=125312.1719  sbar_bright_T5b_mid-1.5=126147.1641  sbar_bright_T5c_mid-1.5=121851.2266  sbar_bright_T5d_mid-1.5=113161.8828  sbar_bright_T4a_mid-0.5=1152659.5000  sbar_bright_T4b_mid-0.5=1281720.5000  sbar_bright_T4c_mid-0.5=1416244.3750  sbar_bright_T4d_mid-0.5=967665.7500  sbar_bright_T5a_mid-0.5=124492.4453  sbar_bright_T5b_mid-0.5=143730.8594  sbar_bright_T5c_mid-0.5=107591.5312  sbar_bright_T5d_mid-0.5=253138.7500  sbar_bright_T4a_mid+0.5=255022.7812  sbar_bright_T4b_mid+0.5=202771.7344  sbar_bright_T4c_mid+0.5=233332.3438  sbar_bright_T4d_mid+0.5=119574.1953  sbar_bright_T5a_mid+0.5=65735.4062  sbar_bright_T5b_mid+0.5=61857.1484  sbar_bright_T5c_mid+0.5=42306.7891  sbar_bright_T5d_mid+0.5=42244.5469  sbar_bright_T4b_mid+1.5=41570.1133  sbar_bright_T4c_mid+1.5=41271.0977  sbar_bright_T4d_mid+1.5=69326.5938  sbar_bright_T5a_mid+1.5=55865.7930  sbar_bright_T5b_mid+1.5=57712.5039  sbar_bright_T5c_mid+1.5=48672.7266  sbar_bright_T5d_mid+1.5=41356.9531  sbar_bright_T4a_mid+1.5=35702.7734  sbar_dark_T4a_mid+0=43200.2070  sbar_dark_T4b_mid+0=61818.0430  sbar_dark_T4c_mid+0=35577.8750  sbar_dark_T4d_mid+0=137708.1406  sbar_dark_T5a_mid+0=362515.9375  sbar_dark_T5b_mid+0=397310.9688  sbar_dark_T5c_mid+0=325157.4375  sbar_dark_T5d_mid+0=370051.0625  sbar_dark_T4a_mid+1=106431.6875  sbar_dark_T4b_mid+1=90090.8125  sbar_dark_T4c_mid+1=66171.1719  sbar_dark_T4d_mid+1=65295.5859  sbar_dark_T5a_mid+1=254729.4375  sbar_dark_T5b_mid+1=211922.7344  sbar_dark_T5c_mid+1=259167.6875  sbar_dark_T5d_mid+1=218990.1406  sbar_dark_T4a_mid+2=154362.5938  sbar_dark_T4b_mid+2=157939.5312  sbar_dark_T4c_mid+2=75132.0234  sbar_dark_T4d_mid+2=71124.3750  sbar_dark_T5a_mid+2=271268.5000  sbar_dark_T5b_mid+2=246277.6875  sbar_dark_T5c_mid+2=246473.2500  sbar_dark_T5d_mid+2=260516.0000  sbar_dark_T4a_mid-1=70056.0312  sbar_dark_T4b_mid-1=111495.4297  sbar_dark_T4c_mid-1=60678.9922  sbar_dark_T4d_mid-1=393316.8750  sbar_dark_T5a_mid-1=1803477.8750  sbar_dark_T5b_mid-1=1691108.2500  sbar_dark_T5c_mid-1=1529627.6250  sbar_dark_T5d_mid-1=1555657.2500  sbar_dark_T4a_mid-2=75965.1250  sbar_dark_T4b_mid-2=42053.3828  sbar_dark_T4c_mid-2=20689.0723  sbar_dark_T4d_mid-2=260676.8281  sbar_dark_T5b_mid-2=989270.0000  sbar_dark_T5c_mid-2=864876.7500  sbar_dark_T5d_mid-2=689457.3125  sbar_dark_T5a_mid-2=837930.8750  sbar_dark_T4a_mid-1.5=14700.1768  sbar_dark_T4b_mid-1.5=17797.9102  sbar_dark_T4c_mid-1.5=6644.1372  sbar_dark_T4d_mid-1.5=112593.0391  sbar_dark_T5a_mid-1.5=256032.2188  sbar_dark_T5b_mid-1.5=315083.6875  sbar_dark_T5c_mid-1.5=230187.5000  sbar_dark_T5d_mid-1.5=241198.9062  sbar_dark_T4a_mid-0.5=15665.6582  sbar_dark_T4b_mid-0.5=27206.4707  sbar_dark_T4c_mid-0.5=25082.3027  sbar_dark_T4d_mid-0.5=95445.7266  sbar_dark_T5a_mid-0.5=549191.6250  sbar_dark_T5b_mid-0.5=685029.7500  sbar_dark_T5c_mid-0.5=491769.4688  sbar_dark_T5d_mid-0.5=420690.8438  sbar_dark_T4a_mid+0.5=18833.8027  sbar_dark_T4b_mid+0.5=32148.3242  sbar_dark_T4c_mid+0.5=22628.1562  sbar_dark_T4d_mid+0.5=17947.9082  sbar_dark_T5a_mid+0.5=84116.9609  sbar_dark_T5b_mid+0.5=65140.2578  sbar_dark_T5c_mid+0.5=84918.4844  sbar_dark_T5d_mid+0.5=52775.0898  sbar_dark_T4b_mid+1.5=41399.0000  sbar_dark_T4c_mid+1.5=36976.1523  sbar_dark_T4d_mid+1.5=15058.5479  sbar_dark_T5a_mid+1.5=81478.1172  sbar_dark_T5b_mid+1.5=62771.0859  sbar_dark_T5c_mid+1.5=87534.5469  sbar_dark_T5d_mid+1.5=70308.4297  sbar_dark_T4a_mid+1.5=34034.8047]:          23%|██▎       | 70/300 [00:47<02:34,  1.49it/s] Cost: 387986.0000  [spread_bright_L5=1421236.6250  spread_bright_Mi1=1331272.7500  spread_bright_Tm3=1083090.0000  spread_bright_Mi4=1635928.0000  spread_dark_L1=1574605.1250  spread_dark_L2=1290762.7500  spread_dark_L3=2070140.0000  spread_dark_L4=1618939.3750  spread_dark_Mi9=1192283.6250  spread_dark_Tm1=613780.1875  spread_dark_Tm2=1110095.1250  spread_dark_Tm4=1044582.7500  spread_dark_Tm9=1385279.3750  sbar_bright_T4a_mid+0=639818.3125  sbar_bright_T4b_mid+0=633383.9375  sbar_bright_T4c_mid+0=645013.1250  sbar_bright_T4d_mid+0=294316.1250  sbar_bright_T5a_mid+0=164302.5000  sbar_bright_T5b_mid+0=183370.1406  sbar_bright_T5c_mid+0=239285.4219  sbar_bright_T5d_mid+0=109852.8906  sbar_bright_T4a_mid+1=232790.4688  sbar_bright_T4b_mid+1=218054.2500  sbar_bright_T4c_mid+1=199404.7031  sbar_bright_T4d_mid+1=210829.6250  sbar_bright_T5a_mid+1=247538.4688  sbar_bright_T5b_mid+1=169723.6562  sbar_bright_T5c_mid+1=200955.9844  sbar_bright_T5d_mid+1=113823.7812  sbar_bright_T4a_mid+2=119772.9375  sbar_bright_T4b_mid+2=129664.9844  sbar_bright_T4c_mid+2=109774.0312  sbar_bright_T4d_mid+2=72530.4922  sbar_bright_T5a_mid+2=277660.1875  sbar_bright_T5b_mid+2=272573.9688  sbar_bright_T5c_mid+2=283571.9375  sbar_bright_T5d_mid+2=165844.4844  sbar_bright_T4a_mid-1=2019707.8750  sbar_bright_T4b_mid-1=1805555.7500  sbar_bright_T4c_mid-1=2142974.5000  sbar_bright_T4d_mid-1=1521702.1250  sbar_bright_T5a_mid-1=391713.1250  sbar_bright_T5b_mid-1=377158.1562  sbar_bright_T5c_mid-1=310390.4062  sbar_bright_T5d_mid-1=474589.3125  sbar_bright_T4a_mid-2=584143.1250  sbar_bright_T4b_mid-2=578581.5625  sbar_bright_T4c_mid-2=556330.8125  sbar_bright_T4d_mid-2=259254.2656  sbar_bright_T5b_mid-2=160499.5469  sbar_bright_T5c_mid-2=129528.1328  sbar_bright_T5d_mid-2=72326.7422  sbar_bright_T5a_mid-2=171987.9688  sbar_bright_T4a_mid-1.5=239187.7969  sbar_bright_T4b_mid-1.5=253861.5000  sbar_bright_T4c_mid-1.5=267764.1250  sbar_bright_T4d_mid-1.5=134903.3125  sbar_bright_T5a_mid-1.5=130637.8516  sbar_bright_T5b_mid-1.5=124300.2891  sbar_bright_T5c_mid-1.5=122037.7969  sbar_bright_T5d_mid-1.5=87735.9766  sbar_bright_T4a_mid-0.5=1099313.2500  sbar_bright_T4b_mid-0.5=1156349.1250  sbar_bright_T4c_mid-0.5=1403321.0000  sbar_bright_T4d_mid-0.5=962341.8125  sbar_bright_T5a_mid-0.5=108681.2578  sbar_bright_T5b_mid-0.5=153164.0156  sbar_bright_T5c_mid-0.5=102463.5547  sbar_bright_T5d_mid-0.5=173152.0625  sbar_bright_T4a_mid+0.5=217891.8125  sbar_bright_T4b_mid+0.5=190291.8906  sbar_bright_T4c_mid+0.5=190541.3125  sbar_bright_T4d_mid+0.5=106573.9297  sbar_bright_T5a_mid+0.5=75245.6562  sbar_bright_T5b_mid+0.5=82876.9375  sbar_bright_T5c_mid+0.5=68746.0625  sbar_bright_T5d_mid+0.5=41060.6602  sbar_bright_T4b_mid+1.5=36055.6094  sbar_bright_T4c_mid+1.5=47139.3203  sbar_bright_T4d_mid+1.5=64469.2500  sbar_bright_T5a_mid+1.5=76927.6094  sbar_bright_T5b_mid+1.5=73965.7656  sbar_bright_T5c_mid+1.5=60061.1562  sbar_bright_T5d_mid+1.5=34799.3203  sbar_bright_T4a_mid+1.5=33481.2773  sbar_dark_T4a_mid+0=59945.1172  sbar_dark_T4b_mid+0=61504.8750  sbar_dark_T4c_mid+0=37596.9492  sbar_dark_T4d_mid+0=77039.2266  sbar_dark_T5a_mid+0=356850.1250  sbar_dark_T5b_mid+0=340857.7188  sbar_dark_T5c_mid+0=293258.2812  sbar_dark_T5d_mid+0=195209.5938  sbar_dark_T4a_mid+1=75942.6875  sbar_dark_T4b_mid+1=70513.5078  sbar_dark_T4c_mid+1=48886.8555  sbar_dark_T4d_mid+1=44286.2578  sbar_dark_T5a_mid+1=305780.1875  sbar_dark_T5b_mid+1=262738.4062  sbar_dark_T5c_mid+1=301292.0000  sbar_dark_T5d_mid+1=136731.0000  sbar_dark_T4a_mid+2=93936.4297  sbar_dark_T4b_mid+2=79280.0859  sbar_dark_T4c_mid+2=49293.2656  sbar_dark_T4d_mid+2=53172.2461  sbar_dark_T5a_mid+2=295693.6875  sbar_dark_T5b_mid+2=274540.6875  sbar_dark_T5c_mid+2=305251.0312  sbar_dark_T5d_mid+2=170072.7344  sbar_dark_T4a_mid-1=69577.2109  sbar_dark_T4b_mid-1=123398.0625  sbar_dark_T4c_mid-1=77472.9844  sbar_dark_T4d_mid-1=310234.0625  sbar_dark_T5a_mid-1=1709312.7500  sbar_dark_T5b_mid-1=1481623.8750  sbar_dark_T5c_mid-1=1467908.8750  sbar_dark_T5d_mid-1=1394972.5000  sbar_dark_T4a_mid-2=50556.6719  sbar_dark_T4b_mid-2=32854.1914  sbar_dark_T4c_mid-2=37230.0898  sbar_dark_T4d_mid-2=174434.8750  sbar_dark_T5b_mid-2=902814.9375  sbar_dark_T5c_mid-2=822653.0000  sbar_dark_T5d_mid-2=625475.5000  sbar_dark_T5a_mid-2=786949.5625  sbar_dark_T4a_mid-1.5=16916.1250  sbar_dark_T4b_mid-1.5=18618.0645  sbar_dark_T4c_mid-1.5=10094.9424  sbar_dark_T4d_mid-1.5=76645.4453  sbar_dark_T5a_mid-1.5=243641.5156  sbar_dark_T5b_mid-1.5=287201.0000  sbar_dark_T5c_mid-1.5=215209.5156  sbar_dark_T5d_mid-1.5=175792.7188  sbar_dark_T4a_mid-0.5=12874.3662  sbar_dark_T4b_mid-0.5=29874.9238  sbar_dark_T4c_mid-0.5=20771.4766  sbar_dark_T4d_mid-0.5=72205.3750  sbar_dark_T5a_mid-0.5=500973.3750  sbar_dark_T5b_mid-0.5=563917.9375  sbar_dark_T5c_mid-0.5=446439.3125  sbar_dark_T5d_mid-0.5=554758.1875  sbar_dark_T4a_mid+0.5=10645.2539  sbar_dark_T4b_mid+0.5=24009.3457  sbar_dark_T4c_mid+0.5=20661.6309  sbar_dark_T4d_mid+0.5=13671.7227  sbar_dark_T5a_mid+0.5=84640.5938  sbar_dark_T5b_mid+0.5=48108.2227  sbar_dark_T5c_mid+0.5=96767.8125  sbar_dark_T5d_mid+0.5=56895.7461  sbar_dark_T4b_mid+1.5=27058.1152  sbar_dark_T4c_mid+1.5=28163.6309  sbar_dark_T4d_mid+1.5=12149.0039  sbar_dark_T5a_mid+1.5=115868.4609  sbar_dark_T5b_mid+1.5=100848.6953  sbar_dark_T5c_mid+1.5=117365.8672  sbar_dark_T5d_mid+1.5=48132.9609  sbar_dark_T4a_mid+1.5=24122.0840]:     27%|██▋       | 80/300 [00:53<02:28,  1.48it/s] Cost: 369646.2812  [spread_bright_L5=1272707.5000  spread_bright_Mi1=1226389.7500  spread_bright_Tm3=997386.2500  spread_bright_Mi4=1886883.5000  spread_dark_L1=1449245.8750  spread_dark_L2=1282908.6250  spread_dark_L3=1923138.2500  spread_dark_L4=1630057.5000  spread_dark_Mi9=1466075.6250  spread_dark_Tm1=678417.5625  spread_dark_Tm2=1098137.5000  spread_dark_Tm4=1116131.6250  spread_dark_Tm9=1235906.2500  sbar_bright_T4a_mid+0=627566.0625  sbar_bright_T4b_mid+0=551634.8750  sbar_bright_T4c_mid+0=599552.6875  sbar_bright_T4d_mid+0=326049.2812  sbar_bright_T5a_mid+0=172908.0625  sbar_bright_T5b_mid+0=178460.3594  sbar_bright_T5c_mid+0=220339.5938  sbar_bright_T5d_mid+0=122509.5703  sbar_bright_T4a_mid+1=214111.3906  sbar_bright_T4b_mid+1=208630.3125  sbar_bright_T4c_mid+1=200643.5156  sbar_bright_T4d_mid+1=236841.5469  sbar_bright_T5a_mid+1=224711.6250  sbar_bright_T5b_mid+1=183120.6406  sbar_bright_T5c_mid+1=227463.3750  sbar_bright_T5d_mid+1=118020.5234  sbar_bright_T4a_mid+2=82838.7891  sbar_bright_T4b_mid+2=116222.9531  sbar_bright_T4c_mid+2=91868.5312  sbar_bright_T4d_mid+2=75979.7109  sbar_bright_T5a_mid+2=276182.6250  sbar_bright_T5b_mid+2=292639.7500  sbar_bright_T5c_mid+2=287314.2188  sbar_bright_T5d_mid+2=181077.9375  sbar_bright_T4a_mid-1=1843762.2500  sbar_bright_T4b_mid-1=1648535.6250  sbar_bright_T4c_mid-1=1948063.3750  sbar_bright_T4d_mid-1=1446332.5000  sbar_bright_T5a_mid-1=372247.4062  sbar_bright_T5b_mid-1=358520.2188  sbar_bright_T5c_mid-1=307850.2812  sbar_bright_T5d_mid-1=483373.0625  sbar_bright_T4a_mid-2=517683.9062  sbar_bright_T4b_mid-2=508753.1250  sbar_bright_T4c_mid-2=468361.3438  sbar_bright_T4d_mid-2=254864.2031  sbar_bright_T5b_mid-2=141238.7500  sbar_bright_T5c_mid-2=121180.1953  sbar_bright_T5d_mid-2=95174.6875  sbar_bright_T5a_mid-2=151861.3438  sbar_bright_T4a_mid-1.5=227051.2969  sbar_bright_T4b_mid-1.5=232884.4219  sbar_bright_T4c_mid-1.5=234385.3125  sbar_bright_T4d_mid-1.5=140050.5000  sbar_bright_T5a_mid-1.5=127739.3594  sbar_bright_T5b_mid-1.5=112322.6250  sbar_bright_T5c_mid-1.5=123671.3984  sbar_bright_T5d_mid-1.5=91763.6484  sbar_bright_T4a_mid-0.5=1019248.5000  sbar_bright_T4b_mid-0.5=1080899.2500  sbar_bright_T4c_mid-0.5=1306654.0000  sbar_bright_T4d_mid-0.5=914921.5625  sbar_bright_T5a_mid-0.5=103564.2500  sbar_bright_T5b_mid-0.5=163204.1875  sbar_bright_T5c_mid-0.5=93660.6094  sbar_bright_T5d_mid-0.5=176562.3281  sbar_bright_T4a_mid+0.5=182401.2344  sbar_bright_T4b_mid+0.5=160134.0938  sbar_bright_T4c_mid+0.5=159824.8594  sbar_bright_T4d_mid+0.5=97550.8438  sbar_bright_T5a_mid+0.5=67499.4688  sbar_bright_T5b_mid+0.5=80709.7344  sbar_bright_T5c_mid+0.5=69776.2969  sbar_bright_T5d_mid+0.5=42034.9102  sbar_bright_T4b_mid+1.5=54451.5508  sbar_bright_T4c_mid+1.5=62523.4336  sbar_bright_T4d_mid+1.5=68347.1016  sbar_bright_T5a_mid+1.5=93369.9531  sbar_bright_T5b_mid+1.5=118710.8672  sbar_bright_T5c_mid+1.5=65734.7109  sbar_bright_T5d_mid+1.5=47302.7812  sbar_bright_T4a_mid+1.5=42892.0000  sbar_dark_T4a_mid+0=105279.5859  sbar_dark_T4b_mid+0=81797.1484  sbar_dark_T4c_mid+0=50127.4883  sbar_dark_T4d_mid+0=68908.9531  sbar_dark_T5a_mid+0=315306.0312  sbar_dark_T5b_mid+0=326563.7188  sbar_dark_T5c_mid+0=284019.2812  sbar_dark_T5d_mid+0=161264.5625  sbar_dark_T4a_mid+1=57673.8359  sbar_dark_T4b_mid+1=62871.7812  sbar_dark_T4c_mid+1=41619.8516  sbar_dark_T4d_mid+1=48005.0625  sbar_dark_T5a_mid+1=322799.3438  sbar_dark_T5b_mid+1=316062.8438  sbar_dark_T5c_mid+1=317473.9688  sbar_dark_T5d_mid+1=147601.1094  sbar_dark_T4a_mid+2=58821.2344  sbar_dark_T4b_mid+2=67830.2344  sbar_dark_T4c_mid+2=36787.0234  sbar_dark_T4d_mid+2=50196.8594  sbar_dark_T5a_mid+2=288699.1250  sbar_dark_T5b_mid+2=328608.3125  sbar_dark_T5c_mid+2=306473.6562  sbar_dark_T5d_mid+2=158512.7500  sbar_dark_T4a_mid-1=79728.3047  sbar_dark_T4b_mid-1=159905.3125  sbar_dark_T4c_mid-1=128613.0703  sbar_dark_T4d_mid-1=292083.7188  sbar_dark_T5a_mid-1=1531958.1250  sbar_dark_T5b_mid-1=1309747.5000  sbar_dark_T5c_mid-1=1337837.1250  sbar_dark_T5d_mid-1=1164772.6250  sbar_dark_T4a_mid-2=58987.8398  sbar_dark_T4b_mid-2=54014.1172  sbar_dark_T4c_mid-2=72774.7031  sbar_dark_T4d_mid-2=170997.1094  sbar_dark_T5b_mid-2=797437.0625  sbar_dark_T5c_mid-2=752004.2500  sbar_dark_T5d_mid-2=489436.5938  sbar_dark_T5a_mid-2=680374.3750  sbar_dark_T4a_mid-1.5=13941.5049  sbar_dark_T4b_mid-1.5=27209.7617  sbar_dark_T4c_mid-1.5=19900.6055  sbar_dark_T4d_mid-1.5=74062.1250  sbar_dark_T5a_mid-1.5=215418.5312  sbar_dark_T5b_mid-1.5=231160.2656  sbar_dark_T5c_mid-1.5=178234.4531  sbar_dark_T5d_mid-1.5=147931.6719  sbar_dark_T4a_mid-0.5=13668.9346  sbar_dark_T4b_mid-0.5=33496.0469  sbar_dark_T4c_mid-0.5=25203.6680  sbar_dark_T4d_mid-0.5=60760.0469  sbar_dark_T5a_mid-0.5=480046.8438  sbar_dark_T5b_mid-0.5=474933.7188  sbar_dark_T5c_mid-0.5=406534.5625  sbar_dark_T5d_mid-0.5=416276.4375  sbar_dark_T4a_mid+0.5=5597.6924  sbar_dark_T4b_mid+0.5=17476.4648  sbar_dark_T4c_mid+0.5=15985.0400  sbar_dark_T4d_mid+0.5=14497.2021  sbar_dark_T5a_mid+0.5=79103.9062  sbar_dark_T5b_mid+0.5=40997.0156  sbar_dark_T5c_mid+0.5=83690.5234  sbar_dark_T5d_mid+0.5=39723.7070  sbar_dark_T4b_mid+1.5=15145.3584  sbar_dark_T4c_mid+1.5=13325.0850  sbar_dark_T4d_mid+1.5=9006.9150  sbar_dark_T5a_mid+1.5=124292.6875  sbar_dark_T5b_mid+1.5=153959.1562  sbar_dark_T5c_mid+1.5=128517.4766  sbar_dark_T5d_mid+1.5=71341.1562  sbar_dark_T4a_mid+1.5=9327.0479]:       30%|███       | 90/300 [01:00<02:21,  1.48it/s] Cost: 359064.1875  [spread_bright_L5=1251770.1250  spread_bright_Mi1=1319173.6250  spread_bright_Tm3=943929.5625  spread_bright_Mi4=1979794.7500  spread_dark_L1=1193211.2500  spread_dark_L2=1345969.5000  spread_dark_L3=1864690.2500  spread_dark_L4=1558982.8750  spread_dark_Mi9=1360921.2500  spread_dark_Tm1=708478.0000  spread_dark_Tm2=1054697.5000  spread_dark_Tm4=1207962.1250  spread_dark_Tm9=1105336.3750  sbar_bright_T4a_mid+0=533913.6250  sbar_bright_T4b_mid+0=485146.5625  sbar_bright_T4c_mid+0=555171.8125  sbar_bright_T4d_mid+0=259409.6406  sbar_bright_T5a_mid+0=139196.0938  sbar_bright_T5b_mid+0=149818.5312  sbar_bright_T5c_mid+0=181394.5625  sbar_bright_T5d_mid+0=137080.3750  sbar_bright_T4a_mid+1=226397.9531  sbar_bright_T4b_mid+1=221951.7031  sbar_bright_T4c_mid+1=212856.0938  sbar_bright_T4d_mid+1=280045.8750  sbar_bright_T5a_mid+1=188973.0469  sbar_bright_T5b_mid+1=169215.8750  sbar_bright_T5c_mid+1=205791.9531  sbar_bright_T5d_mid+1=137855.1094  sbar_bright_T4a_mid+2=97311.9219  sbar_bright_T4b_mid+2=127131.0859  sbar_bright_T4c_mid+2=121315.6562  sbar_bright_T4d_mid+2=95544.2500  sbar_bright_T5a_mid+2=248090.0625  sbar_bright_T5b_mid+2=263102.3750  sbar_bright_T5c_mid+2=264645.1250  sbar_bright_T5d_mid+2=182850.4531  sbar_bright_T4a_mid-1=1682283.1250  sbar_bright_T4b_mid-1=1553969.3750  sbar_bright_T4c_mid-1=1796361.1250  sbar_bright_T4d_mid-1=1292051.8750  sbar_bright_T5a_mid-1=358141.3438  sbar_bright_T5b_mid-1=323949.6562  sbar_bright_T5c_mid-1=301202.3750  sbar_bright_T5d_mid-1=533910.0000  sbar_bright_T4a_mid-2=461546.1875  sbar_bright_T4b_mid-2=455657.9688  sbar_bright_T4c_mid-2=431755.5625  sbar_bright_T4d_mid-2=200412.2500  sbar_bright_T5b_mid-2=124260.1250  sbar_bright_T5c_mid-2=111837.5547  sbar_bright_T5d_mid-2=114563.6250  sbar_bright_T5a_mid-2=141344.4375  sbar_bright_T4a_mid-1.5=204958.2500  sbar_bright_T4b_mid-1.5=216890.6875  sbar_bright_T4c_mid-1.5=227545.2969  sbar_bright_T4d_mid-1.5=118124.7812  sbar_bright_T5a_mid-1.5=125852.5859  sbar_bright_T5b_mid-1.5=110324.5859  sbar_bright_T5c_mid-1.5=120756.4766  sbar_bright_T5d_mid-1.5=93747.6406  sbar_bright_T4a_mid-0.5=938241.1875  sbar_bright_T4b_mid-0.5=1032175.1250  sbar_bright_T4c_mid-0.5=1199218.8750  sbar_bright_T4d_mid-0.5=819428.5000  sbar_bright_T5a_mid-0.5=107044.0859  sbar_bright_T5b_mid-0.5=163194.4375  sbar_bright_T5c_mid-0.5=98607.6250  sbar_bright_T5d_mid-0.5=194432.8438  sbar_bright_T4a_mid+0.5=154410.2188  sbar_bright_T4b_mid+0.5=134242.9688  sbar_bright_T4c_mid+0.5=143654.3125  sbar_bright_T4d_mid+0.5=82094.4141  sbar_bright_T5a_mid+0.5=55298.2461  sbar_bright_T5b_mid+0.5=69450.3438  sbar_bright_T5c_mid+0.5=66367.9922  sbar_bright_T5d_mid+0.5=44389.1094  sbar_bright_T4b_mid+1.5=86500.0391  sbar_bright_T4c_mid+1.5=86957.3906  sbar_bright_T4d_mid+1.5=96540.2656  sbar_bright_T5a_mid+1.5=84153.6875  sbar_bright_T5b_mid+1.5=103563.6719  sbar_bright_T5c_mid+1.5=51668.4258  sbar_bright_T5d_mid+1.5=51970.2500  sbar_bright_T4a_mid+1.5=64301.0508  sbar_dark_T4a_mid+0=140132.8125  sbar_dark_T4b_mid+0=100895.8516  sbar_dark_T4c_mid+0=75557.1406  sbar_dark_T4d_mid+0=97496.4062  sbar_dark_T5a_mid+0=317555.2812  sbar_dark_T5b_mid+0=301058.6875  sbar_dark_T5c_mid+0=279921.1875  sbar_dark_T5d_mid+0=133965.4531  sbar_dark_T4a_mid+1=66364.2734  sbar_dark_T4b_mid+1=58594.7695  sbar_dark_T4c_mid+1=56762.3945  sbar_dark_T4d_mid+1=72080.6875  sbar_dark_T5a_mid+1=311834.1875  sbar_dark_T5b_mid+1=314330.0938  sbar_dark_T5c_mid+1=306015.9375  sbar_dark_T5d_mid+1=166639.2031  sbar_dark_T4a_mid+2=75432.1406  sbar_dark_T4b_mid+2=79862.0625  sbar_dark_T4c_mid+2=64852.2539  sbar_dark_T4d_mid+2=76113.0547  sbar_dark_T5a_mid+2=291078.5312  sbar_dark_T5b_mid+2=301529.4688  sbar_dark_T5c_mid+2=293855.3125  sbar_dark_T5d_mid+2=164386.5469  sbar_dark_T4a_mid-1=107037.8906  sbar_dark_T4b_mid-1=172051.2812  sbar_dark_T4c_mid-1=152994.3281  sbar_dark_T4d_mid-1=363348.8125  sbar_dark_T5a_mid-1=1488315.8750  sbar_dark_T5b_mid-1=1360397.8750  sbar_dark_T5c_mid-1=1343075.1250  sbar_dark_T5d_mid-1=1033540.5000  sbar_dark_T4a_mid-2=91416.4141  sbar_dark_T4b_mid-2=71799.9375  sbar_dark_T4c_mid-2=85715.9531  sbar_dark_T4d_mid-2=245260.8281  sbar_dark_T5b_mid-2=802083.6875  sbar_dark_T5c_mid-2=744104.8125  sbar_dark_T5d_mid-2=409209.9375  sbar_dark_T5a_mid-2=663889.1250  sbar_dark_T4a_mid-1.5=22381.1250  sbar_dark_T4b_mid-1.5=26362.1680  sbar_dark_T4c_mid-1.5=20793.4062  sbar_dark_T4d_mid-1.5=98658.2031  sbar_dark_T5a_mid-1.5=226205.6094  sbar_dark_T5b_mid-1.5=245112.6406  sbar_dark_T5c_mid-1.5=188913.2031  sbar_dark_T5d_mid-1.5=125931.6406  sbar_dark_T4a_mid-0.5=15620.9805  sbar_dark_T4b_mid-0.5=30838.7363  sbar_dark_T4c_mid-0.5=25987.9062  sbar_dark_T4d_mid-0.5=81152.1719  sbar_dark_T5a_mid-0.5=490517.0938  sbar_dark_T5b_mid-0.5=500554.8438  sbar_dark_T5c_mid-0.5=400487.8125  sbar_dark_T5d_mid-0.5=385612.6875  sbar_dark_T4a_mid+0.5=6970.1406  sbar_dark_T4b_mid+0.5=14666.1387  sbar_dark_T4c_mid+0.5=15170.1826  sbar_dark_T4d_mid+0.5=16939.6680  sbar_dark_T5a_mid+0.5=77718.0703  sbar_dark_T5b_mid+0.5=48421.2383  sbar_dark_T5c_mid+0.5=85489.6797  sbar_dark_T5d_mid+0.5=37374.0391  sbar_dark_T4b_mid+1.5=12905.1230  sbar_dark_T4c_mid+1.5=17560.3301  sbar_dark_T4d_mid+1.5=15733.4434  sbar_dark_T5a_mid+1.5=117518.9297  sbar_dark_T5b_mid+1.5=142489.0938  sbar_dark_T5c_mid+1.5=98690.2109  sbar_dark_T5d_mid+1.5=82424.7109  sbar_dark_T4a_mid+1.5=8827.5146]:  33%|███▎      | 100/300 [01:07<02:14,  1.49it/s] Cost: 347206.7500  [spread_bright_L5=1260431.2500  spread_bright_Mi1=1388139.8750  spread_bright_Tm3=906373.5000  spread_bright_Mi4=2060884.1250  spread_dark_L1=1118927.5000  spread_dark_L2=1281113.7500  spread_dark_L3=1893387.0000  spread_dark_L4=1588183.3750  spread_dark_Mi9=1241864.3750  spread_dark_Tm1=666752.1250  spread_dark_Tm2=1081295.5000  spread_dark_Tm4=1239451.5000  spread_dark_Tm9=1057909.8750  sbar_bright_T4a_mid+0=491604.0938  sbar_bright_T4b_mid+0=425538.1562  sbar_bright_T4c_mid+0=506903.2812  sbar_bright_T4d_mid+0=277442.9688  sbar_bright_T5a_mid+0=125565.5469  sbar_bright_T5b_mid+0=153139.8594  sbar_bright_T5c_mid+0=187020.9688  sbar_bright_T5d_mid+0=133818.0469  sbar_bright_T4a_mid+1=229144.2656  sbar_bright_T4b_mid+1=240397.2031  sbar_bright_T4c_mid+1=219729.1875  sbar_bright_T4d_mid+1=268642.1875  sbar_bright_T5a_mid+1=179987.4062  sbar_bright_T5b_mid+1=149730.2812  sbar_bright_T5c_mid+1=192279.3594  sbar_bright_T5d_mid+1=129536.5234  sbar_bright_T4a_mid+2=94200.2500  sbar_bright_T4b_mid+2=147071.8594  sbar_bright_T4c_mid+2=130270.0000  sbar_bright_T4d_mid+2=82365.7812  sbar_bright_T5a_mid+2=245131.7969  sbar_bright_T5b_mid+2=244987.4375  sbar_bright_T5c_mid+2=250262.2500  sbar_bright_T5d_mid+2=174276.4062  sbar_bright_T4a_mid-1=1568087.8750  sbar_bright_T4b_mid-1=1434605.2500  sbar_bright_T4c_mid-1=1646599.2500  sbar_bright_T4d_mid-1=1318635.3750  sbar_bright_T5a_mid-1=368068.4688  sbar_bright_T5b_mid-1=319745.8750  sbar_bright_T5c_mid-1=311710.0312  sbar_bright_T5d_mid-1=515520.0000  sbar_bright_T4a_mid-2=410364.5625  sbar_bright_T4b_mid-2=396259.0312  sbar_bright_T4c_mid-2=397634.4688  sbar_bright_T4d_mid-2=214228.3281  sbar_bright_T5b_mid-2=124011.7031  sbar_bright_T5c_mid-2=114983.1641  sbar_bright_T5d_mid-2=107312.0391  sbar_bright_T5a_mid-2=148465.9531  sbar_bright_T4a_mid-1.5=176161.1875  sbar_bright_T4b_mid-1.5=188939.7344  sbar_bright_T4c_mid-1.5=199471.2031  sbar_bright_T4d_mid-1.5=122387.5859  sbar_bright_T5a_mid-1.5=127490.5859  sbar_bright_T5b_mid-1.5=109247.1484  sbar_bright_T5c_mid-1.5=117556.7969  sbar_bright_T5d_mid-1.5=93705.6406  sbar_bright_T4a_mid-0.5=839118.8750  sbar_bright_T4b_mid-0.5=936136.8750  sbar_bright_T4c_mid-0.5=1110114.0000  sbar_bright_T4d_mid-0.5=816002.8750  sbar_bright_T5a_mid-0.5=111179.8281  sbar_bright_T5b_mid-0.5=162325.2656  sbar_bright_T5c_mid-0.5=109480.0859  sbar_bright_T5d_mid-0.5=183005.8438  sbar_bright_T4a_mid+0.5=137436.6406  sbar_bright_T4b_mid+0.5=117914.6328  sbar_bright_T4c_mid+0.5=135648.9062  sbar_bright_T4d_mid+0.5=84980.5078  sbar_bright_T5a_mid+0.5=49710.9336  sbar_bright_T5b_mid+0.5=64786.0820  sbar_bright_T5c_mid+0.5=69530.4141  sbar_bright_T5d_mid+0.5=40988.1992  sbar_bright_T4b_mid+1.5=111622.9219  sbar_bright_T4c_mid+1.5=99991.1016  sbar_bright_T4d_mid+1.5=95504.3359  sbar_bright_T5a_mid+1.5=80003.3984  sbar_bright_T5b_mid+1.5=86361.2266  sbar_bright_T5c_mid+1.5=54605.6562  sbar_bright_T5d_mid+1.5=48990.4844  sbar_bright_T4a_mid+1.5=73810.4219  sbar_dark_T4a_mid+0=99775.8203  sbar_dark_T4b_mid+0=68982.9219  sbar_dark_T4c_mid+0=62611.8398  sbar_dark_T4d_mid+0=81311.1016  sbar_dark_T5a_mid+0=299882.2188  sbar_dark_T5b_mid+0=291391.0938  sbar_dark_T5c_mid+0=268439.2812  sbar_dark_T5d_mid+0=157072.1719  sbar_dark_T4a_mid+1=40810.8984  sbar_dark_T4b_mid+1=40629.8672  sbar_dark_T4c_mid+1=49059.2031  sbar_dark_T4d_mid+1=55546.5000  sbar_dark_T5a_mid+1=304077.9375  sbar_dark_T5b_mid+1=259757.7969  sbar_dark_T5c_mid+1=305894.6562  sbar_dark_T5d_mid+1=155760.8281  sbar_dark_T4a_mid+2=49466.9062  sbar_dark_T4b_mid+2=72457.0156  sbar_dark_T4c_mid+2=71348.7500  sbar_dark_T4d_mid+2=62507.3711  sbar_dark_T5a_mid+2=267994.4688  sbar_dark_T5b_mid+2=252305.1562  sbar_dark_T5c_mid+2=261899.7500  sbar_dark_T5d_mid+2=155597.0312  sbar_dark_T4a_mid-1=120058.7578  sbar_dark_T4b_mid-1=190308.9219  sbar_dark_T4c_mid-1=170558.8750  sbar_dark_T4d_mid-1=323771.2500  sbar_dark_T5a_mid-1=1455382.2500  sbar_dark_T5b_mid-1=1382732.2500  sbar_dark_T5c_mid-1=1286542.2500  sbar_dark_T5d_mid-1=1018825.0625  sbar_dark_T4a_mid-2=88353.9219  sbar_dark_T4b_mid-2=82824.4453  sbar_dark_T4c_mid-2=98306.6484  sbar_dark_T4d_mid-2=203146.5625  sbar_dark_T5b_mid-2=778392.3125  sbar_dark_T5c_mid-2=698706.5000  sbar_dark_T5d_mid-2=400267.8125  sbar_dark_T5a_mid-2=644779.4375  sbar_dark_T4a_mid-1.5=24736.8379  sbar_dark_T4b_mid-1.5=33001.8438  sbar_dark_T4c_mid-1.5=27886.0332  sbar_dark_T4d_mid-1.5=86580.8750  sbar_dark_T5a_mid-1.5=224403.6250  sbar_dark_T5b_mid-1.5=234681.8125  sbar_dark_T5c_mid-1.5=178339.9844  sbar_dark_T5d_mid-1.5=123304.9688  sbar_dark_T4a_mid-0.5=22724.7930  sbar_dark_T4b_mid-0.5=41243.8945  sbar_dark_T4c_mid-0.5=30129.1445  sbar_dark_T4d_mid-0.5=74841.5781  sbar_dark_T5a_mid-0.5=508952.7188  sbar_dark_T5b_mid-0.5=523378.6875  sbar_dark_T5c_mid-0.5=383362.7188  sbar_dark_T5d_mid-0.5=384358.7188  sbar_dark_T4a_mid+0.5=4691.5713  sbar_dark_T4b_mid+0.5=9230.2568  sbar_dark_T4c_mid+0.5=12148.5752  sbar_dark_T4d_mid+0.5=14479.0615  sbar_dark_T5a_mid+0.5=75856.9062  sbar_dark_T5b_mid+0.5=44301.5938  sbar_dark_T5c_mid+0.5=77894.4453  sbar_dark_T5d_mid+0.5=36566.1367  sbar_dark_T4b_mid+1.5=11760.2832  sbar_dark_T4c_mid+1.5=18895.2930  sbar_dark_T4d_mid+1.5=13963.5850  sbar_dark_T5a_mid+1.5=105567.7578  sbar_dark_T5b_mid+1.5=117151.0391  sbar_dark_T5c_mid+1.5=89575.1484  sbar_dark_T5d_mid+1.5=78062.4766  sbar_dark_T4a_mid+1.5=7622.7368]:    37%|███▋      | 110/300 [01:14<02:08,  1.48it/s] Cost: 336357.0000  [spread_bright_L5=1301673.0000  spread_bright_Mi1=1365227.8750  spread_bright_Tm3=866418.4375  spread_bright_Mi4=2119790.7500  spread_dark_L1=1117898.8750  spread_dark_L2=1278730.2500  spread_dark_L3=1899207.5000  spread_dark_L4=1559996.1250  spread_dark_Mi9=1371834.5000  spread_dark_Tm1=652078.1250  spread_dark_Tm2=1037492.2500  spread_dark_Tm4=1277560.5000  spread_dark_Tm9=955676.6875  sbar_bright_T4a_mid+0=395461.0625  sbar_bright_T4b_mid+0=379581.7188  sbar_bright_T4c_mid+0=441871.2188  sbar_bright_T4d_mid+0=286712.1250  sbar_bright_T5a_mid+0=113768.4609  sbar_bright_T5b_mid+0=131269.0938  sbar_bright_T5c_mid+0=163493.2969  sbar_bright_T5d_mid+0=132905.1406  sbar_bright_T4a_mid+1=246172.5312  sbar_bright_T4b_mid+1=258023.2812  sbar_bright_T4c_mid+1=213790.4531  sbar_bright_T4d_mid+1=233888.6719  sbar_bright_T5a_mid+1=161197.5156  sbar_bright_T5b_mid+1=143929.2344  sbar_bright_T5c_mid+1=185408.2188  sbar_bright_T5d_mid+1=121866.9453  sbar_bright_T4a_mid+2=148960.9688  sbar_bright_T4b_mid+2=185538.3438  sbar_bright_T4c_mid+2=116258.5625  sbar_bright_T4d_mid+2=67332.4766  sbar_bright_T5a_mid+2=248654.1094  sbar_bright_T5b_mid+2=243748.9062  sbar_bright_T5c_mid+2=241699.1562  sbar_bright_T5d_mid+2=170793.7656  sbar_bright_T4a_mid-1=1316894.5000  sbar_bright_T4b_mid-1=1273371.7500  sbar_bright_T4c_mid-1=1454888.8750  sbar_bright_T4d_mid-1=1348210.7500  sbar_bright_T5a_mid-1=376030.7500  sbar_bright_T5b_mid-1=305765.0312  sbar_bright_T5c_mid-1=325875.8125  sbar_bright_T5d_mid-1=498994.6875  sbar_bright_T4a_mid-2=311199.4062  sbar_bright_T4b_mid-2=321492.2188  sbar_bright_T4c_mid-2=356345.6250  sbar_bright_T4d_mid-2=215273.0625  sbar_bright_T5b_mid-2=119916.9766  sbar_bright_T5c_mid-2=108115.7422  sbar_bright_T5d_mid-2=102092.4297  sbar_bright_T5a_mid-2=133040.5938  sbar_bright_T4a_mid-1.5=109620.8750  sbar_bright_T4b_mid-1.5=143154.7500  sbar_bright_T4c_mid-1.5=170881.6719  sbar_bright_T4d_mid-1.5=125588.4688  sbar_bright_T5a_mid-1.5=133753.2188  sbar_bright_T5b_mid-1.5=102847.2891  sbar_bright_T5c_mid-1.5=115986.2891  sbar_bright_T5d_mid-1.5=92415.9688  sbar_bright_T4a_mid-0.5=669333.5000  sbar_bright_T4b_mid-0.5=768034.0625  sbar_bright_T4c_mid-0.5=974414.5625  sbar_bright_T4d_mid-0.5=833058.2500  sbar_bright_T5a_mid-0.5=108554.4609  sbar_bright_T5b_mid-0.5=160618.6406  sbar_bright_T5c_mid-0.5=95971.4766  sbar_bright_T5d_mid-0.5=176762.3750  sbar_bright_T4a_mid+0.5=109636.5156  sbar_bright_T4b_mid+0.5=99633.5703  sbar_bright_T4c_mid+0.5=127239.6328  sbar_bright_T4d_mid+0.5=94087.9062  sbar_bright_T5a_mid+0.5=46827.8086  sbar_bright_T5b_mid+0.5=51464.9805  sbar_bright_T5c_mid+0.5=65335.6797  sbar_bright_T5d_mid+0.5=40515.0703  sbar_bright_T4b_mid+1.5=107567.5156  sbar_bright_T4c_mid+1.5=84849.1484  sbar_bright_T4d_mid+1.5=77356.9688  sbar_bright_T5a_mid+1.5=88472.4062  sbar_bright_T5b_mid+1.5=88673.5469  sbar_bright_T5c_mid+1.5=60346.5234  sbar_bright_T5d_mid+1.5=50410.6367  sbar_bright_T4a_mid+1.5=67849.1406  sbar_dark_T4a_mid+0=70666.8359  sbar_dark_T4b_mid+0=59522.3984  sbar_dark_T4c_mid+0=58206.6641  sbar_dark_T4d_mid+0=81597.2031  sbar_dark_T5a_mid+0=283073.5938  sbar_dark_T5b_mid+0=285149.5312  sbar_dark_T5c_mid+0=253676.6250  sbar_dark_T5d_mid+0=155939.6406  sbar_dark_T4a_mid+1=39557.3750  sbar_dark_T4b_mid+1=41394.0469  sbar_dark_T4c_mid+1=54152.7617  sbar_dark_T4d_mid+1=48666.1016  sbar_dark_T5a_mid+1=268475.3438  sbar_dark_T5b_mid+1=245193.5312  sbar_dark_T5c_mid+1=289744.7812  sbar_dark_T5d_mid+1=153149.9688  sbar_dark_T4a_mid+2=72796.2891  sbar_dark_T4b_mid+2=67141.3828  sbar_dark_T4c_mid+2=76508.0000  sbar_dark_T4d_mid+2=54687.7227  sbar_dark_T5a_mid+2=250297.7188  sbar_dark_T5b_mid+2=235714.0938  sbar_dark_T5c_mid+2=234814.6719  sbar_dark_T5d_mid+2=155017.7344  sbar_dark_T4a_mid-1=236806.8594  sbar_dark_T4b_mid-1=273053.8438  sbar_dark_T4c_mid-1=241056.5156  sbar_dark_T4d_mid-1=320030.3750  sbar_dark_T5a_mid-1=1422129.3750  sbar_dark_T5b_mid-1=1375181.7500  sbar_dark_T5c_mid-1=1234627.1250  sbar_dark_T5d_mid-1=1014385.0000  sbar_dark_T4a_mid-2=144189.8125  sbar_dark_T4b_mid-2=116951.3203  sbar_dark_T4c_mid-2=129317.3203  sbar_dark_T4d_mid-2=186763.8906  sbar_dark_T5b_mid-2=748780.5000  sbar_dark_T5c_mid-2=663013.4375  sbar_dark_T5d_mid-2=392388.4688  sbar_dark_T5a_mid-2=631012.1875  sbar_dark_T4a_mid-1.5=71384.4688  sbar_dark_T4b_mid-1.5=50648.1758  sbar_dark_T4c_mid-1.5=37092.0586  sbar_dark_T4d_mid-1.5=80064.1719  sbar_dark_T5a_mid-1.5=213298.3281  sbar_dark_T5b_mid-1.5=230111.6875  sbar_dark_T5c_mid-1.5=168008.2500  sbar_dark_T5d_mid-1.5=123639.7422  sbar_dark_T4a_mid-0.5=72118.8438  sbar_dark_T4b_mid-0.5=77758.7578  sbar_dark_T4c_mid-0.5=50865.1094  sbar_dark_T4d_mid-0.5=77356.8359  sbar_dark_T5a_mid-0.5=496163.9062  sbar_dark_T5b_mid-0.5=506210.5000  sbar_dark_T5c_mid-0.5=354540.1250  sbar_dark_T5d_mid-0.5=379412.9688  sbar_dark_T4a_mid+0.5=7488.6719  sbar_dark_T4b_mid+0.5=5852.0703  sbar_dark_T4c_mid+0.5=9269.4707  sbar_dark_T4d_mid+0.5=13242.4756  sbar_dark_T5a_mid+0.5=74927.5156  sbar_dark_T5b_mid+0.5=45746.4570  sbar_dark_T5c_mid+0.5=77304.1484  sbar_dark_T5d_mid+0.5=37376.9570  sbar_dark_T4b_mid+1.5=11828.4131  sbar_dark_T4c_mid+1.5=13842.1143  sbar_dark_T4d_mid+1.5=11549.9453  sbar_dark_T5a_mid+1.5=108464.0391  sbar_dark_T5b_mid+1.5=107386.6875  sbar_dark_T5c_mid+1.5=94408.6172  sbar_dark_T5d_mid+1.5=82181.0312  sbar_dark_T4a_mid+1.5=9005.3535]:   40%|████      | 120/300 [01:20<02:01,  1.48it/s] Cost: 324268.4688  [spread_bright_L5=1320286.7500  spread_bright_Mi1=1418339.8750  spread_bright_Tm3=885867.3125  spread_bright_Mi4=2121905.2500  spread_dark_L1=1159358.0000  spread_dark_L2=1299221.8750  spread_dark_L3=1753687.6250  spread_dark_L4=1523035.0000  spread_dark_Mi9=1082054.1250  spread_dark_Tm1=642786.3750  spread_dark_Tm2=1003221.0625  spread_dark_Tm4=1235249.6250  spread_dark_Tm9=942202.5000  sbar_bright_T4a_mid+0=309817.4062  sbar_bright_T4b_mid+0=355362.1875  sbar_bright_T4c_mid+0=420136.5000  sbar_bright_T4d_mid+0=277125.7812  sbar_bright_T5a_mid+0=125092.9453  sbar_bright_T5b_mid+0=125979.5156  sbar_bright_T5c_mid+0=164253.3750  sbar_bright_T5d_mid+0=136924.8281  sbar_bright_T4a_mid+1=215082.9844  sbar_bright_T4b_mid+1=227691.2344  sbar_bright_T4c_mid+1=204732.7344  sbar_bright_T4d_mid+1=246569.5312  sbar_bright_T5a_mid+1=165853.9688  sbar_bright_T5b_mid+1=140508.3594  sbar_bright_T5c_mid+1=182670.7188  sbar_bright_T5d_mid+1=122043.1641  sbar_bright_T4a_mid+2=110185.7188  sbar_bright_T4b_mid+2=139902.2812  sbar_bright_T4c_mid+2=93761.8125  sbar_bright_T4d_mid+2=73090.6250  sbar_bright_T5a_mid+2=237347.6875  sbar_bright_T5b_mid+2=225549.3125  sbar_bright_T5c_mid+2=231257.4375  sbar_bright_T5d_mid+2=171594.2656  sbar_bright_T4a_mid-1=1259736.2500  sbar_bright_T4b_mid-1=1233800.1250  sbar_bright_T4c_mid-1=1376653.3750  sbar_bright_T4d_mid-1=1264413.5000  sbar_bright_T5a_mid-1=368189.1875  sbar_bright_T5b_mid-1=312983.7500  sbar_bright_T5c_mid-1=328465.5625  sbar_bright_T5d_mid-1=490325.3750  sbar_bright_T4a_mid-2=273992.5938  sbar_bright_T4b_mid-2=305459.7812  sbar_bright_T4c_mid-2=350334.9062  sbar_bright_T4d_mid-2=194508.1719  sbar_bright_T5b_mid-2=111999.5859  sbar_bright_T5c_mid-2=109818.3906  sbar_bright_T5d_mid-2=102290.4688  sbar_bright_T5a_mid-2=137446.0469  sbar_bright_T4a_mid-1.5=102053.9141  sbar_bright_T4b_mid-1.5=140055.5000  sbar_bright_T4c_mid-1.5=166692.1562  sbar_bright_T4d_mid-1.5=117749.0781  sbar_bright_T5a_mid-1.5=125591.8125  sbar_bright_T5b_mid-1.5=101516.4062  sbar_bright_T5c_mid-1.5=115454.0547  sbar_bright_T5d_mid-1.5=92822.2500  sbar_bright_T4a_mid-0.5=645526.5000  sbar_bright_T4b_mid-0.5=715238.3125  sbar_bright_T4c_mid-0.5=933672.2500  sbar_bright_T4d_mid-0.5=786184.1250  sbar_bright_T5a_mid-0.5=106838.5859  sbar_bright_T5b_mid-0.5=159880.8281  sbar_bright_T5c_mid-0.5=101874.6641  sbar_bright_T5d_mid-0.5=175208.5625  sbar_bright_T4a_mid+0.5=109241.0625  sbar_bright_T4b_mid+0.5=94162.4844  sbar_bright_T4c_mid+0.5=112967.2344  sbar_bright_T4d_mid+0.5=93202.6172  sbar_bright_T5a_mid+0.5=54304.6133  sbar_bright_T5b_mid+0.5=50774.3164  sbar_bright_T5c_mid+0.5=53899.6367  sbar_bright_T5d_mid+0.5=43027.0273  sbar_bright_T4b_mid+1.5=94123.0391  sbar_bright_T4c_mid+1.5=80480.0625  sbar_bright_T4d_mid+1.5=75273.6953  sbar_bright_T5a_mid+1.5=83824.9062  sbar_bright_T5b_mid+1.5=87177.1719  sbar_bright_T5c_mid+1.5=55478.5625  sbar_bright_T5d_mid+1.5=50148.5820  sbar_bright_T4a_mid+1.5=56692.0469  sbar_dark_T4a_mid+0=60445.2031  sbar_dark_T4b_mid+0=46092.8047  sbar_dark_T4c_mid+0=43960.3945  sbar_dark_T4d_mid+0=84478.7578  sbar_dark_T5a_mid+0=289627.3750  sbar_dark_T5b_mid+0=289094.0000  sbar_dark_T5c_mid+0=245163.3750  sbar_dark_T5d_mid+0=156490.2812  sbar_dark_T4a_mid+1=41238.1406  sbar_dark_T4b_mid+1=45587.7734  sbar_dark_T4c_mid+1=44109.7539  sbar_dark_T4d_mid+1=53254.8086  sbar_dark_T5a_mid+1=267808.5312  sbar_dark_T5b_mid+1=248330.5781  sbar_dark_T5c_mid+1=294080.6562  sbar_dark_T5d_mid+1=149717.0156  sbar_dark_T4a_mid+2=78634.1953  sbar_dark_T4b_mid+2=81127.1016  sbar_dark_T4c_mid+2=75731.8516  sbar_dark_T4d_mid+2=61601.1367  sbar_dark_T5a_mid+2=223351.8125  sbar_dark_T5b_mid+2=235501.0156  sbar_dark_T5c_mid+2=226461.9219  sbar_dark_T5d_mid+2=150320.8906  sbar_dark_T4a_mid-1=228431.0625  sbar_dark_T4b_mid-1=220974.0781  sbar_dark_T4c_mid-1=224120.5000  sbar_dark_T4d_mid-1=334395.9688  sbar_dark_T5a_mid-1=1339600.1250  sbar_dark_T5b_mid-1=1334326.3750  sbar_dark_T5c_mid-1=1180850.3750  sbar_dark_T5d_mid-1=1010342.0000  sbar_dark_T4a_mid-2=139435.2031  sbar_dark_T4b_mid-2=110667.6797  sbar_dark_T4c_mid-2=119945.3828  sbar_dark_T4d_mid-2=211942.7031  sbar_dark_T5b_mid-2=703243.1875  sbar_dark_T5c_mid-2=612128.1250  sbar_dark_T5d_mid-2=393450.0312  sbar_dark_T5a_mid-2=600373.9375  sbar_dark_T4a_mid-1.5=70662.7891  sbar_dark_T4b_mid-1.5=43142.0234  sbar_dark_T4c_mid-1.5=30743.4883  sbar_dark_T4d_mid-1.5=88963.6094  sbar_dark_T5a_mid-1.5=199918.2500  sbar_dark_T5b_mid-1.5=211611.6250  sbar_dark_T5c_mid-1.5=157045.6719  sbar_dark_T5d_mid-1.5=122511.0078  sbar_dark_T4a_mid-0.5=73276.8906  sbar_dark_T4b_mid-0.5=63880.1367  sbar_dark_T4c_mid-0.5=51197.0938  sbar_dark_T4d_mid-0.5=82119.4844  sbar_dark_T5a_mid-0.5=480743.5625  sbar_dark_T5b_mid-0.5=489175.4688  sbar_dark_T5c_mid-0.5=340481.3438  sbar_dark_T5d_mid-0.5=382912.6562  sbar_dark_T4a_mid+0.5=8183.1152  sbar_dark_T4b_mid+0.5=8357.4922  sbar_dark_T4c_mid+0.5=9496.9287  sbar_dark_T4d_mid+0.5=15623.4043  sbar_dark_T5a_mid+0.5=71475.5391  sbar_dark_T5b_mid+0.5=35265.2383  sbar_dark_T5c_mid+0.5=65834.6328  sbar_dark_T5d_mid+0.5=36579.3945  sbar_dark_T4b_mid+1.5=14399.6582  sbar_dark_T4c_mid+1.5=11176.2285  sbar_dark_T4d_mid+1.5=11199.4277  sbar_dark_T5a_mid+1.5=98348.8906  sbar_dark_T5b_mid+1.5=103372.8203  sbar_dark_T5c_mid+1.5=92612.8828  sbar_dark_T5d_mid+1.5=81557.8281  sbar_dark_T4a_mid+1.5=10523.1074]:   43%|████▎     | 130/300 [01:27<01:54,  1.49it/s] Cost: 321157.1875  [spread_bright_L5=1335653.3750  spread_bright_Mi1=1469947.6250  spread_bright_Tm3=882335.6250  spread_bright_Mi4=2255225.7500  spread_dark_L1=1199406.8750  spread_dark_L2=1330992.7500  spread_dark_L3=1746031.5000  spread_dark_L4=1499833.6250  spread_dark_Mi9=1019175.6875  spread_dark_Tm1=658460.0000  spread_dark_Tm2=975837.6250  spread_dark_Tm4=1179662.0000  spread_dark_Tm9=908400.6875  sbar_bright_T4a_mid+0=419068.8750  sbar_bright_T4b_mid+0=352863.4688  sbar_bright_T4c_mid+0=391374.9688  sbar_bright_T4d_mid+0=305609.7812  sbar_bright_T5a_mid+0=140986.6719  sbar_bright_T5b_mid+0=115168.2188  sbar_bright_T5c_mid+0=152122.1719  sbar_bright_T5d_mid+0=136225.2188  sbar_bright_T4a_mid+1=213342.3125  sbar_bright_T4b_mid+1=236860.1719  sbar_bright_T4c_mid+1=222138.3281  sbar_bright_T4d_mid+1=254152.3750  sbar_bright_T5a_mid+1=161488.9844  sbar_bright_T5b_mid+1=149963.2188  sbar_bright_T5c_mid+1=174148.8125  sbar_bright_T5d_mid+1=116781.5469  sbar_bright_T4a_mid+2=124126.1719  sbar_bright_T4b_mid+2=160054.1406  sbar_bright_T4c_mid+2=130031.4844  sbar_bright_T4d_mid+2=68435.2891  sbar_bright_T5a_mid+2=240960.5156  sbar_bright_T5b_mid+2=229179.2344  sbar_bright_T5c_mid+2=230675.0469  sbar_bright_T5d_mid+2=163466.2188  sbar_bright_T4a_mid-1=1112035.2500  sbar_bright_T4b_mid-1=1062356.2500  sbar_bright_T4c_mid-1=1198523.1250  sbar_bright_T4d_mid-1=1254891.0000  sbar_bright_T5a_mid-1=369109.6562  sbar_bright_T5b_mid-1=343789.9375  sbar_bright_T5c_mid-1=335407.5938  sbar_bright_T5d_mid-1=471631.8125  sbar_bright_T4a_mid-2=253461.6562  sbar_bright_T4b_mid-2=276680.8125  sbar_bright_T4c_mid-2=307299.7812  sbar_bright_T4d_mid-2=205211.5000  sbar_bright_T5b_mid-2=111812.0391  sbar_bright_T5c_mid-2=114679.7969  sbar_bright_T5d_mid-2=94432.2344  sbar_bright_T5a_mid-2=140512.1406  sbar_bright_T4a_mid-1.5=90211.3047  sbar_bright_T4b_mid-1.5=120355.1250  sbar_bright_T4c_mid-1.5=138873.7344  sbar_bright_T4d_mid-1.5=119722.7109  sbar_bright_T5a_mid-1.5=127840.4766  sbar_bright_T5b_mid-1.5=106320.6250  sbar_bright_T5c_mid-1.5=120061.7656  sbar_bright_T5d_mid-1.5=92683.7891  sbar_bright_T4a_mid-0.5=566832.0625  sbar_bright_T4b_mid-0.5=640389.8125  sbar_bright_T4c_mid-0.5=845827.0625  sbar_bright_T4d_mid-0.5=779589.0625  sbar_bright_T5a_mid-0.5=112748.9219  sbar_bright_T5b_mid-0.5=168677.9688  sbar_bright_T5c_mid-0.5=102081.3203  sbar_bright_T5d_mid-0.5=166342.2812  sbar_bright_T4a_mid+0.5=100393.4062  sbar_bright_T4b_mid+0.5=89618.2188  sbar_bright_T4c_mid+0.5=111079.3672  sbar_bright_T4d_mid+0.5=95085.7109  sbar_bright_T5a_mid+0.5=51825.6523  sbar_bright_T5b_mid+0.5=57406.7930  sbar_bright_T5c_mid+0.5=55922.6211  sbar_bright_T5d_mid+0.5=38992.9258  sbar_bright_T4b_mid+1.5=86902.6094  sbar_bright_T4c_mid+1.5=93798.0469  sbar_bright_T4d_mid+1.5=71431.1016  sbar_bright_T5a_mid+1.5=74821.3906  sbar_bright_T5b_mid+1.5=80192.8203  sbar_bright_T5c_mid+1.5=55805.5742  sbar_bright_T5d_mid+1.5=43523.0742  sbar_bright_T4a_mid+1.5=47594.5781  sbar_dark_T4a_mid+0=65336.0508  sbar_dark_T4b_mid+0=52823.0938  sbar_dark_T4c_mid+0=52332.7070  sbar_dark_T4d_mid+0=73467.6562  sbar_dark_T5a_mid+0=297400.3750  sbar_dark_T5b_mid+0=282292.5938  sbar_dark_T5c_mid+0=238446.6094  sbar_dark_T5d_mid+0=165880.1406  sbar_dark_T4a_mid+1=52904.9961  sbar_dark_T4b_mid+1=61619.8242  sbar_dark_T4c_mid+1=53092.5312  sbar_dark_T4d_mid+1=45386.8242  sbar_dark_T5a_mid+1=257955.4375  sbar_dark_T5b_mid+1=224759.2969  sbar_dark_T5c_mid+1=284164.9062  sbar_dark_T5d_mid+1=135657.8906  sbar_dark_T4a_mid+2=107599.4375  sbar_dark_T4b_mid+2=120628.4766  sbar_dark_T4c_mid+2=126484.5469  sbar_dark_T4d_mid+2=54156.4727  sbar_dark_T5a_mid+2=204042.2500  sbar_dark_T5b_mid+2=221544.4375  sbar_dark_T5c_mid+2=202780.0625  sbar_dark_T5d_mid+2=142575.3750  sbar_dark_T4a_mid-1=232362.4219  sbar_dark_T4b_mid-1=255798.7812  sbar_dark_T4c_mid-1=244925.0312  sbar_dark_T4d_mid-1=305908.0312  sbar_dark_T5a_mid-1=1343240.6250  sbar_dark_T5b_mid-1=1321197.8750  sbar_dark_T5c_mid-1=1186117.0000  sbar_dark_T5d_mid-1=1032193.8125  sbar_dark_T4a_mid-2=160106.6719  sbar_dark_T4b_mid-2=139607.5312  sbar_dark_T4c_mid-2=175789.0312  sbar_dark_T4d_mid-2=190040.8281  sbar_dark_T5b_mid-2=688156.2500  sbar_dark_T5c_mid-2=597599.3125  sbar_dark_T5d_mid-2=408921.0938  sbar_dark_T5a_mid-2=587204.1250  sbar_dark_T4a_mid-1.5=79595.5391  sbar_dark_T4b_mid-1.5=58872.4023  sbar_dark_T4c_mid-1.5=49331.3945  sbar_dark_T4d_mid-1.5=83384.4766  sbar_dark_T5a_mid-1.5=195711.0469  sbar_dark_T5b_mid-1.5=202107.3750  sbar_dark_T5c_mid-1.5=150258.7812  sbar_dark_T5d_mid-1.5=124318.8438  sbar_dark_T4a_mid-0.5=70075.5312  sbar_dark_T4b_mid-0.5=68660.1250  sbar_dark_T4c_mid-0.5=58657.1914  sbar_dark_T4d_mid-0.5=72995.1406  sbar_dark_T5a_mid-0.5=491430.2188  sbar_dark_T5b_mid-0.5=495845.9062  sbar_dark_T5c_mid-0.5=362142.0938  sbar_dark_T5d_mid-0.5=397160.6875  sbar_dark_T4a_mid+0.5=7867.2202  sbar_dark_T4b_mid+0.5=10264.2852  sbar_dark_T4c_mid+0.5=12046.9844  sbar_dark_T4d_mid+0.5=13306.5361  sbar_dark_T5a_mid+0.5=61062.5664  sbar_dark_T5b_mid+0.5=31743.4199  sbar_dark_T5c_mid+0.5=57934.2422  sbar_dark_T5d_mid+0.5=34502.9414  sbar_dark_T4b_mid+1.5=16068.6309  sbar_dark_T4c_mid+1.5=12224.1943  sbar_dark_T4d_mid+1.5=10083.4844  sbar_dark_T5a_mid+1.5=90179.4922  sbar_dark_T5b_mid+1.5=88743.9531  sbar_dark_T5c_mid+1.5=84309.6641  sbar_dark_T5d_mid+1.5=71586.7266  sbar_dark_T4a_mid+1.5=11714.6240]:  47%|████▋     | 140/300 [01:34<01:47,  1.49it/s] Cost: 316434.6562  [spread_bright_L5=1330447.7500  spread_bright_Mi1=1485282.6250  spread_bright_Tm3=868948.5625  spread_bright_Mi4=2048478.1250  spread_dark_L1=1201167.3750  spread_dark_L2=1323258.8750  spread_dark_L3=1602119.6250  spread_dark_L4=1487771.5000  spread_dark_Mi9=1071010.7500  spread_dark_Tm1=681098.1875  spread_dark_Tm2=954390.4375  spread_dark_Tm4=1278283.0000  spread_dark_Tm9=886204.5625  sbar_bright_T4a_mid+0=306826.2500  sbar_bright_T4b_mid+0=302398.5938  sbar_bright_T4c_mid+0=354239.9375  sbar_bright_T4d_mid+0=268252.3750  sbar_bright_T5a_mid+0=114371.7578  sbar_bright_T5b_mid+0=102561.2656  sbar_bright_T5c_mid+0=134962.7500  sbar_bright_T5d_mid+0=114997.0547  sbar_bright_T4a_mid+1=233629.5625  sbar_bright_T4b_mid+1=253037.4844  sbar_bright_T4c_mid+1=225680.6875  sbar_bright_T4d_mid+1=235748.8281  sbar_bright_T5a_mid+1=145597.7344  sbar_bright_T5b_mid+1=133001.5312  sbar_bright_T5c_mid+1=159822.7500  sbar_bright_T5d_mid+1=108789.8984  sbar_bright_T4a_mid+2=127677.1875  sbar_bright_T4b_mid+2=161279.4531  sbar_bright_T4c_mid+2=137460.0938  sbar_bright_T4d_mid+2=64566.8164  sbar_bright_T5a_mid+2=218733.5938  sbar_bright_T5b_mid+2=208444.5469  sbar_bright_T5c_mid+2=219163.7500  sbar_bright_T5d_mid+2=157335.3125  sbar_bright_T4a_mid-1=1156578.2500  sbar_bright_T4b_mid-1=1070764.2500  sbar_bright_T4c_mid-1=1219508.0000  sbar_bright_T4d_mid-1=1340067.5000  sbar_bright_T5a_mid-1=354845.6562  sbar_bright_T5b_mid-1=317632.3438  sbar_bright_T5c_mid-1=327070.0312  sbar_bright_T5d_mid-1=459568.3125  sbar_bright_T4a_mid-2=251719.8281  sbar_bright_T4b_mid-2=264137.7500  sbar_bright_T4c_mid-2=290394.5625  sbar_bright_T4d_mid-2=220548.1562  sbar_bright_T5b_mid-2=97188.3438  sbar_bright_T5c_mid-2=97032.5859  sbar_bright_T5d_mid-2=84421.3047  sbar_bright_T5a_mid-2=120408.1094  sbar_bright_T4a_mid-1.5=91233.0312  sbar_bright_T4b_mid-1.5=120526.1484  sbar_bright_T4c_mid-1.5=138812.4688  sbar_bright_T4d_mid-1.5=131291.6719  sbar_bright_T5a_mid-1.5=118653.7344  sbar_bright_T5b_mid-1.5=98234.5000  sbar_bright_T5c_mid-1.5=107583.5781  sbar_bright_T5d_mid-1.5=86934.8750  sbar_bright_T4a_mid-0.5=576501.3125  sbar_bright_T4b_mid-0.5=642092.8125  sbar_bright_T4c_mid-0.5=840952.8750  sbar_bright_T4d_mid-0.5=814126.3125  sbar_bright_T5a_mid-0.5=111018.5156  sbar_bright_T5b_mid-0.5=158228.8125  sbar_bright_T5c_mid-0.5=95566.3594  sbar_bright_T5d_mid-0.5=159938.0625  sbar_bright_T4a_mid+0.5=103995.8516  sbar_bright_T4b_mid+0.5=89688.7969  sbar_bright_T4c_mid+0.5=106529.9766  sbar_bright_T4d_mid+0.5=98609.2812  sbar_bright_T5a_mid+0.5=45615.9805  sbar_bright_T5b_mid+0.5=49107.1484  sbar_bright_T5c_mid+0.5=49823.9492  sbar_bright_T5d_mid+0.5=35327.3945  sbar_bright_T4b_mid+1.5=102437.4531  sbar_bright_T4c_mid+1.5=98599.0781  sbar_bright_T4d_mid+1.5=68301.2500  sbar_bright_T5a_mid+1.5=77761.6562  sbar_bright_T5b_mid+1.5=74783.1797  sbar_bright_T5c_mid+1.5=52602.7812  sbar_bright_T5d_mid+1.5=39375.6250  sbar_bright_T4a_mid+1.5=54657.3789  sbar_dark_T4a_mid+0=68842.9688  sbar_dark_T4b_mid+0=59275.6055  sbar_dark_T4c_mid+0=59830.6055  sbar_dark_T4d_mid+0=58242.4141  sbar_dark_T5a_mid+0=286840.0312  sbar_dark_T5b_mid+0=267049.2812  sbar_dark_T5c_mid+0=237231.0156  sbar_dark_T5d_mid+0=162653.1562  sbar_dark_T4a_mid+1=55009.1914  sbar_dark_T4b_mid+1=63036.6406  sbar_dark_T4c_mid+1=60189.8164  sbar_dark_T4d_mid+1=38026.8750  sbar_dark_T5a_mid+1=284577.2812  sbar_dark_T5b_mid+1=251783.9531  sbar_dark_T5c_mid+1=312402.8750  sbar_dark_T5d_mid+1=145664.6562  sbar_dark_T4a_mid+2=115089.0469  sbar_dark_T4b_mid+2=116759.3828  sbar_dark_T4c_mid+2=136599.5312  sbar_dark_T4d_mid+2=45843.8750  sbar_dark_T5a_mid+2=229252.9531  sbar_dark_T5b_mid+2=246339.7969  sbar_dark_T5c_mid+2=244126.9219  sbar_dark_T5d_mid+2=150144.0625  sbar_dark_T4a_mid-1=215912.4531  sbar_dark_T4b_mid-1=243107.0000  sbar_dark_T4c_mid-1=235329.3281  sbar_dark_T4d_mid-1=254417.1719  sbar_dark_T5a_mid-1=1273329.7500  sbar_dark_T5b_mid-1=1331691.0000  sbar_dark_T5c_mid-1=1147265.2500  sbar_dark_T5d_mid-1=1018092.6250  sbar_dark_T4a_mid-2=162789.5000  sbar_dark_T4b_mid-2=138131.8281  sbar_dark_T4c_mid-2=183845.0312  sbar_dark_T4d_mid-2=156467.9062  sbar_dark_T5b_mid-2=697789.1875  sbar_dark_T5c_mid-2=574539.9375  sbar_dark_T5d_mid-2=404947.0625  sbar_dark_T5a_mid-2=576912.9375  sbar_dark_T4a_mid-1.5=74901.9062  sbar_dark_T4b_mid-1.5=56955.2656  sbar_dark_T4c_mid-1.5=46175.9844  sbar_dark_T4d_mid-1.5=68622.0000  sbar_dark_T5a_mid-1.5=185782.3125  sbar_dark_T5b_mid-1.5=212987.3125  sbar_dark_T5c_mid-1.5=154116.6875  sbar_dark_T5d_mid-1.5=125994.6719  sbar_dark_T4a_mid-0.5=59067.5312  sbar_dark_T4b_mid-0.5=62164.0938  sbar_dark_T4c_mid-0.5=50761.2891  sbar_dark_T4d_mid-0.5=56609.1250  sbar_dark_T5a_mid-0.5=463354.6562  sbar_dark_T5b_mid-0.5=510088.1875  sbar_dark_T5c_mid-0.5=336208.8125  sbar_dark_T5d_mid-0.5=389641.4375  sbar_dark_T4a_mid+0.5=9188.0713  sbar_dark_T4b_mid+0.5=13093.7617  sbar_dark_T4c_mid+0.5=16126.0049  sbar_dark_T4d_mid+0.5=11842.6426  sbar_dark_T5a_mid+0.5=68132.7969  sbar_dark_T5b_mid+0.5=39912.4609  sbar_dark_T5c_mid+0.5=70520.6172  sbar_dark_T5d_mid+0.5=38201.7109  sbar_dark_T4b_mid+1.5=15973.8379  sbar_dark_T4c_mid+1.5=12168.3311  sbar_dark_T4d_mid+1.5=8304.8652  sbar_dark_T5a_mid+1.5=110364.4453  sbar_dark_T5b_mid+1.5=97121.3672  sbar_dark_T5c_mid+1.5=103888.8672  sbar_dark_T5d_mid+1.5=73443.1172  sbar_dark_T4a_mid+1.5=11324.9121]:    50%|█████     | 150/300 [01:41<01:40,  1.49it/s] Cost: 379641.1875  [spread_bright_L5=1412691.1250  spread_bright_Mi1=1498242.8750  spread_bright_Tm3=894181.0625  spread_bright_Mi4=4705051.5000  spread_dark_L1=1210435.7500  spread_dark_L2=1390514.3750  spread_dark_L3=1604224.8750  spread_dark_L4=1590761.5000  spread_dark_Mi9=1581621.2500  spread_dark_Tm1=824227.8750  spread_dark_Tm2=1079041.7500  spread_dark_Tm4=1379151.1250  spread_dark_Tm9=1432617.5000  sbar_bright_T4a_mid+0=383175.5312  sbar_bright_T4b_mid+0=384254.8438  sbar_bright_T4c_mid+0=471611.2188  sbar_bright_T4d_mid+0=280411.1250  sbar_bright_T5a_mid+0=156628.9531  sbar_bright_T5b_mid+0=146271.7500  sbar_bright_T5c_mid+0=165106.4531  sbar_bright_T5d_mid+0=149958.0938  sbar_bright_T4a_mid+1=295889.2500  sbar_bright_T4b_mid+1=296459.0312  sbar_bright_T4c_mid+1=255104.2500  sbar_bright_T4d_mid+1=242002.7812  sbar_bright_T5a_mid+1=146808.0781  sbar_bright_T5b_mid+1=125177.3047  sbar_bright_T5c_mid+1=156820.4062  sbar_bright_T5d_mid+1=107390.0859  sbar_bright_T4a_mid+2=171114.7500  sbar_bright_T4b_mid+2=239504.3438  sbar_bright_T4c_mid+2=174255.7812  sbar_bright_T4d_mid+2=66694.6484  sbar_bright_T5a_mid+2=188575.2969  sbar_bright_T5b_mid+2=196426.7500  sbar_bright_T5c_mid+2=200296.9688  sbar_bright_T5d_mid+2=145537.5469  sbar_bright_T4a_mid-1=1635132.5000  sbar_bright_T4b_mid-1=1465258.8750  sbar_bright_T4c_mid-1=1788032.3750  sbar_bright_T4d_mid-1=1411322.0000  sbar_bright_T5a_mid-1=298046.4688  sbar_bright_T5b_mid-1=297317.4375  sbar_bright_T5c_mid-1=288028.5000  sbar_bright_T5d_mid-1=469688.7812  sbar_bright_T4a_mid-2=507755.5000  sbar_bright_T4b_mid-2=440875.9062  sbar_bright_T4c_mid-2=484887.6250  sbar_bright_T4d_mid-2=245335.3906  sbar_bright_T5b_mid-2=130421.6328  sbar_bright_T5c_mid-2=128084.5938  sbar_bright_T5d_mid-2=89487.3594  sbar_bright_T5a_mid-2=136786.2812  sbar_bright_T4a_mid-1.5=164089.8438  sbar_bright_T4b_mid-1.5=155881.7812  sbar_bright_T4c_mid-1.5=187376.0156  sbar_bright_T4d_mid-1.5=131351.1406  sbar_bright_T5a_mid-1.5=124643.3516  sbar_bright_T5b_mid-1.5=101636.4531  sbar_bright_T5c_mid-1.5=98703.4609  sbar_bright_T5d_mid-1.5=89593.7109  sbar_bright_T4a_mid-0.5=820150.2500  sbar_bright_T4b_mid-0.5=952259.0625  sbar_bright_T4c_mid-0.5=1112590.7500  sbar_bright_T4d_mid-0.5=858027.0625  sbar_bright_T5a_mid-0.5=104778.0156  sbar_bright_T5b_mid-0.5=146060.9688  sbar_bright_T5c_mid-0.5=102084.0312  sbar_bright_T5d_mid-0.5=160804.5625  sbar_bright_T4a_mid+0.5=140341.8281  sbar_bright_T4b_mid+0.5=109587.1016  sbar_bright_T4c_mid+0.5=108461.2500  sbar_bright_T4d_mid+0.5=96337.8906  sbar_bright_T5a_mid+0.5=35821.1250  sbar_bright_T5b_mid+0.5=48673.2812  sbar_bright_T5c_mid+0.5=38333.9219  sbar_bright_T5d_mid+0.5=38287.9805  sbar_bright_T4b_mid+1.5=102185.5547  sbar_bright_T4c_mid+1.5=87626.4922  sbar_bright_T4d_mid+1.5=65965.9688  sbar_bright_T5a_mid+1.5=50419.3203  sbar_bright_T5b_mid+1.5=47022.0547  sbar_bright_T5c_mid+1.5=30708.4082  sbar_bright_T5d_mid+1.5=37112.9219  sbar_bright_T4a_mid+1.5=61034.5664  sbar_dark_T4a_mid+0=59331.4609  sbar_dark_T4b_mid+0=65191.3945  sbar_dark_T4c_mid+0=76975.6016  sbar_dark_T4d_mid+0=89216.2344  sbar_dark_T5a_mid+0=320853.7812  sbar_dark_T5b_mid+0=305498.6562  sbar_dark_T5c_mid+0=298904.1250  sbar_dark_T5d_mid+0=155170.6562  sbar_dark_T4a_mid+1=33946.8555  sbar_dark_T4b_mid+1=43449.2266  sbar_dark_T4c_mid+1=38220.1523  sbar_dark_T4d_mid+1=40201.4766  sbar_dark_T5a_mid+1=304292.7812  sbar_dark_T5b_mid+1=330229.5000  sbar_dark_T5c_mid+1=323636.5625  sbar_dark_T5d_mid+1=190337.5312  sbar_dark_T4a_mid+2=64924.0977  sbar_dark_T4b_mid+2=46819.8047  sbar_dark_T4c_mid+2=55225.7930  sbar_dark_T4d_mid+2=41744.6562  sbar_dark_T5a_mid+2=312022.0312  sbar_dark_T5b_mid+2=324093.0938  sbar_dark_T5c_mid+2=330392.5000  sbar_dark_T5d_mid+2=186417.8594  sbar_dark_T4a_mid-1=275963.0938  sbar_dark_T4b_mid-1=294746.9688  sbar_dark_T4c_mid-1=326051.7812  sbar_dark_T4d_mid-1=315062.4688  sbar_dark_T5a_mid-1=1420442.2500  sbar_dark_T5b_mid-1=1437727.1250  sbar_dark_T5c_mid-1=1303071.7500  sbar_dark_T5d_mid-1=983317.1250  sbar_dark_T4a_mid-2=125389.1562  sbar_dark_T4b_mid-2=110259.2266  sbar_dark_T4c_mid-2=126897.7578  sbar_dark_T4d_mid-2=184405.8594  sbar_dark_T5b_mid-2=797846.6250  sbar_dark_T5c_mid-2=642964.8750  sbar_dark_T5d_mid-2=395326.6562  sbar_dark_T5a_mid-2=663837.6250  sbar_dark_T4a_mid-1.5=74519.0391  sbar_dark_T4b_mid-1.5=50779.1250  sbar_dark_T4c_mid-1.5=49130.8867  sbar_dark_T4d_mid-1.5=81960.3438  sbar_dark_T5a_mid-1.5=215402.6250  sbar_dark_T5b_mid-1.5=234665.5312  sbar_dark_T5c_mid-1.5=191980.6406  sbar_dark_T5d_mid-1.5=118769.9922  sbar_dark_T4a_mid-0.5=92673.1094  sbar_dark_T4b_mid-0.5=96504.8906  sbar_dark_T4c_mid-0.5=80183.4375  sbar_dark_T4d_mid-0.5=77591.2656  sbar_dark_T5a_mid-0.5=471942.6250  sbar_dark_T5b_mid-0.5=580282.8750  sbar_dark_T5c_mid-0.5=403157.7188  sbar_dark_T5d_mid-0.5=385747.3750  sbar_dark_T4a_mid+0.5=5875.3218  sbar_dark_T4b_mid+0.5=5157.6577  sbar_dark_T4c_mid+0.5=15417.8135  sbar_dark_T4d_mid+0.5=11827.7197  sbar_dark_T5a_mid+0.5=110185.4219  sbar_dark_T5b_mid+0.5=86380.2656  sbar_dark_T5c_mid+0.5=109716.8359  sbar_dark_T5d_mid+0.5=53252.9883  sbar_dark_T4b_mid+1.5=14159.3242  sbar_dark_T4c_mid+1.5=10077.9297  sbar_dark_T4d_mid+1.5=8729.3301  sbar_dark_T5a_mid+1.5=155818.8750  sbar_dark_T5b_mid+1.5=147434.8125  sbar_dark_T5c_mid+1.5=149391.5156  sbar_dark_T5d_mid+1.5=95026.8750  sbar_dark_T4a_mid+1.5=6884.6973]:  53%|█████▎    | 160/300 [01:47<01:34,  1.49it/s] Cost: 322694.1562  [spread_bright_L5=1236658.7500  spread_bright_Mi1=1222101.2500  spread_bright_Tm3=871937.8125  spread_bright_Mi4=2745047.0000  spread_dark_L1=1160613.5000  spread_dark_L2=1356653.6250  spread_dark_L3=1834652.2500  spread_dark_L4=1523599.7500  spread_dark_Mi9=1052640.0000  spread_dark_Tm1=792747.5000  spread_dark_Tm2=1013881.1875  spread_dark_Tm4=1185713.1250  spread_dark_Tm9=916082.3750  sbar_bright_T4a_mid+0=377826.9375  sbar_bright_T4b_mid+0=314263.7188  sbar_bright_T4c_mid+0=377924.2188  sbar_bright_T4d_mid+0=285713.0000  sbar_bright_T5a_mid+0=173540.0156  sbar_bright_T5b_mid+0=119699.4531  sbar_bright_T5c_mid+0=135654.5781  sbar_bright_T5d_mid+0=140143.1406  sbar_bright_T4a_mid+1=219561.0625  sbar_bright_T4b_mid+1=239717.9844  sbar_bright_T4c_mid+1=208051.7188  sbar_bright_T4d_mid+1=242112.5938  sbar_bright_T5a_mid+1=118854.9453  sbar_bright_T5b_mid+1=155079.4844  sbar_bright_T5c_mid+1=176907.7969  sbar_bright_T5d_mid+1=103141.2422  sbar_bright_T4a_mid+2=112247.2578  sbar_bright_T4b_mid+2=133236.7031  sbar_bright_T4c_mid+2=87944.0938  sbar_bright_T4d_mid+2=57682.5742  sbar_bright_T5a_mid+2=223483.8594  sbar_bright_T5b_mid+2=214007.7812  sbar_bright_T5c_mid+2=205944.5156  sbar_bright_T5d_mid+2=153897.7656  sbar_bright_T4a_mid-1=1204250.7500  sbar_bright_T4b_mid-1=1108934.3750  sbar_bright_T4c_mid-1=1346853.8750  sbar_bright_T4d_mid-1=1404323.2500  sbar_bright_T5a_mid-1=389448.1250  sbar_bright_T5b_mid-1=356296.7500  sbar_bright_T5c_mid-1=379638.5625  sbar_bright_T5d_mid-1=454285.9688  sbar_bright_T4a_mid-2=275341.3438  sbar_bright_T4b_mid-2=278943.8750  sbar_bright_T4c_mid-2=313147.1562  sbar_bright_T4d_mid-2=240804.6562  sbar_bright_T5b_mid-2=104248.9453  sbar_bright_T5c_mid-2=116203.1953  sbar_bright_T5d_mid-2=83338.9453  sbar_bright_T5a_mid-2=103541.6094  sbar_bright_T4a_mid-1.5=105871.5469  sbar_bright_T4b_mid-1.5=130326.7422  sbar_bright_T4c_mid-1.5=156542.2188  sbar_bright_T4d_mid-1.5=137119.1719  sbar_bright_T5a_mid-1.5=118960.2109  sbar_bright_T5b_mid-1.5=113028.3906  sbar_bright_T5c_mid-1.5=127653.1172  sbar_bright_T5d_mid-1.5=91508.3516  sbar_bright_T4a_mid-0.5=657068.8125  sbar_bright_T4b_mid-0.5=726547.5000  sbar_bright_T4c_mid-0.5=984459.0000  sbar_bright_T4d_mid-0.5=882091.6250  sbar_bright_T5a_mid-0.5=114623.6797  sbar_bright_T5b_mid-0.5=176098.1719  sbar_bright_T5c_mid-0.5=93364.5312  sbar_bright_T5d_mid-0.5=163016.2031  sbar_bright_T4a_mid+0.5=114593.3906  sbar_bright_T4b_mid+0.5=96267.4922  sbar_bright_T4c_mid+0.5=110539.2109  sbar_bright_T4d_mid+0.5=115379.0469  sbar_bright_T5a_mid+0.5=44824.8203  sbar_bright_T5b_mid+0.5=39006.8789  sbar_bright_T5c_mid+0.5=40650.8477  sbar_bright_T5d_mid+0.5=37746.0000  sbar_bright_T4b_mid+1.5=92784.5703  sbar_bright_T4c_mid+1.5=93225.8750  sbar_bright_T4d_mid+1.5=62556.8633  sbar_bright_T5a_mid+1.5=74235.7500  sbar_bright_T5b_mid+1.5=69948.7812  sbar_bright_T5c_mid+1.5=57651.4453  sbar_bright_T5d_mid+1.5=38895.9258  sbar_bright_T4a_mid+1.5=49958.2109  sbar_dark_T4a_mid+0=54376.1289  sbar_dark_T4b_mid+0=51303.8047  sbar_dark_T4c_mid+0=38931.8867  sbar_dark_T4d_mid+0=56081.8359  sbar_dark_T5a_mid+0=288430.4375  sbar_dark_T5b_mid+0=303783.8125  sbar_dark_T5c_mid+0=259793.6250  sbar_dark_T5d_mid+0=191034.6250  sbar_dark_T4a_mid+1=29804.2090  sbar_dark_T4b_mid+1=41053.7422  sbar_dark_T4c_mid+1=33379.8203  sbar_dark_T4d_mid+1=31332.9590  sbar_dark_T5a_mid+1=269037.6875  sbar_dark_T5b_mid+1=256085.3906  sbar_dark_T5c_mid+1=287199.2812  sbar_dark_T5d_mid+1=132045.6250  sbar_dark_T4a_mid+2=62089.4688  sbar_dark_T4b_mid+2=53763.6797  sbar_dark_T4c_mid+2=54014.8242  sbar_dark_T4d_mid+2=37040.5625  sbar_dark_T5a_mid+2=204085.4062  sbar_dark_T5b_mid+2=221452.3906  sbar_dark_T5c_mid+2=218648.4062  sbar_dark_T5d_mid+2=145363.8125  sbar_dark_T4a_mid-1=235107.3438  sbar_dark_T4b_mid-1=276534.5000  sbar_dark_T4c_mid-1=237017.2500  sbar_dark_T4d_mid-1=258083.5469  sbar_dark_T5a_mid-1=1256583.2500  sbar_dark_T5b_mid-1=1317067.6250  sbar_dark_T5c_mid-1=1095437.2500  sbar_dark_T5d_mid-1=1085682.5000  sbar_dark_T4a_mid-2=127118.1797  sbar_dark_T4b_mid-2=111308.0703  sbar_dark_T4c_mid-2=112603.0781  sbar_dark_T4d_mid-2=149684.8594  sbar_dark_T5b_mid-2=655836.9375  sbar_dark_T5c_mid-2=513073.7188  sbar_dark_T5d_mid-2=436977.9375  sbar_dark_T5a_mid-2=540904.4375  sbar_dark_T4a_mid-1.5=70505.9297  sbar_dark_T4b_mid-1.5=53799.6133  sbar_dark_T4c_mid-1.5=40266.7461  sbar_dark_T4d_mid-1.5=66103.1953  sbar_dark_T5a_mid-1.5=173691.7344  sbar_dark_T5b_mid-1.5=182836.0312  sbar_dark_T5c_mid-1.5=127262.5938  sbar_dark_T5d_mid-1.5=130342.1719  sbar_dark_T4a_mid-0.5=62611.1953  sbar_dark_T4b_mid-0.5=70598.2734  sbar_dark_T4c_mid-0.5=53463.3281  sbar_dark_T4d_mid-0.5=57062.7383  sbar_dark_T5a_mid-0.5=432639.7500  sbar_dark_T5b_mid-0.5=469688.5625  sbar_dark_T5c_mid-0.5=346040.6562  sbar_dark_T5d_mid-0.5=402706.1250  sbar_dark_T4a_mid+0.5=6235.6147  sbar_dark_T4b_mid+0.5=6736.6030  sbar_dark_T4c_mid+0.5=6961.5127  sbar_dark_T4d_mid+0.5=9635.8828  sbar_dark_T5a_mid+0.5=67318.3594  sbar_dark_T5b_mid+0.5=41309.5156  sbar_dark_T5c_mid+0.5=63310.7930  sbar_dark_T5d_mid+0.5=36354.6250  sbar_dark_T4b_mid+1.5=13454.7158  sbar_dark_T4c_mid+1.5=9917.5352  sbar_dark_T4d_mid+1.5=7598.2178  sbar_dark_T5a_mid+1.5=97346.1797  sbar_dark_T5b_mid+1.5=93770.8359  sbar_dark_T5c_mid+1.5=95384.1719  sbar_dark_T5d_mid+1.5=67181.2969  sbar_dark_T4a_mid+1.5=6578.5908]:             57%|█████▋    | 170/300 [01:54<01:27,  1.48it/s] Cost: 309409.8750  [spread_bright_L5=1308278.3750  spread_bright_Mi1=1349692.2500  spread_bright_Tm3=872813.5625  spread_bright_Mi4=2167120.5000  spread_dark_L1=1215746.2500  spread_dark_L2=1374354.3750  spread_dark_L3=1593618.2500  spread_dark_L4=1474374.6250  spread_dark_Mi9=1017432.8125  spread_dark_Tm1=676843.0625  spread_dark_Tm2=949257.4375  spread_dark_Tm4=1153978.1250  spread_dark_Tm9=818300.2500  sbar_bright_T4a_mid+0=413659.3125  sbar_bright_T4b_mid+0=330927.3438  sbar_bright_T4c_mid+0=397673.1875  sbar_bright_T4d_mid+0=288130.4688  sbar_bright_T5a_mid+0=152115.0312  sbar_bright_T5b_mid+0=105750.1172  sbar_bright_T5c_mid+0=131041.7031  sbar_bright_T5d_mid+0=120989.9844  sbar_bright_T4a_mid+1=243400.8125  sbar_bright_T4b_mid+1=269114.5938  sbar_bright_T4c_mid+1=258439.2969  sbar_bright_T4d_mid+1=242976.7188  sbar_bright_T5a_mid+1=114144.4141  sbar_bright_T5b_mid+1=114980.5234  sbar_bright_T5c_mid+1=143719.9844  sbar_bright_T5d_mid+1=108491.7656  sbar_bright_T4a_mid+2=140810.5000  sbar_bright_T4b_mid+2=144537.3594  sbar_bright_T4c_mid+2=134910.4062  sbar_bright_T4d_mid+2=58914.8008  sbar_bright_T5a_mid+2=208710.4219  sbar_bright_T5b_mid+2=171442.9688  sbar_bright_T5c_mid+2=175384.8594  sbar_bright_T5d_mid+2=147168.7812  sbar_bright_T4a_mid-1=1075040.7500  sbar_bright_T4b_mid-1=1015258.1875  sbar_bright_T4c_mid-1=1091561.7500  sbar_bright_T4d_mid-1=1256583.7500  sbar_bright_T5a_mid-1=366735.9688  sbar_bright_T5b_mid-1=341558.0625  sbar_bright_T5c_mid-1=387809.3438  sbar_bright_T5d_mid-1=472821.7188  sbar_bright_T4a_mid-2=230884.5938  sbar_bright_T4b_mid-2=246122.9844  sbar_bright_T4c_mid-2=258439.7969  sbar_bright_T4d_mid-2=205212.5156  sbar_bright_T5b_mid-2=92951.3281  sbar_bright_T5c_mid-2=102090.1172  sbar_bright_T5d_mid-2=91092.1406  sbar_bright_T5a_mid-2=99469.7578  sbar_bright_T4a_mid-1.5=78839.8281  sbar_bright_T4b_mid-1.5=107331.7734  sbar_bright_T4c_mid-1.5=116278.8359  sbar_bright_T4d_mid-1.5=115064.6094  sbar_bright_T5a_mid-1.5=108259.3125  sbar_bright_T5b_mid-1.5=96947.1406  sbar_bright_T5c_mid-1.5=117074.8359  sbar_bright_T5d_mid-1.5=86646.3516  sbar_bright_T4a_mid-0.5=518880.5625  sbar_bright_T4b_mid-0.5=619258.8125  sbar_bright_T4c_mid-0.5=776749.2500  sbar_bright_T4d_mid-0.5=775006.0000  sbar_bright_T5a_mid-0.5=118368.2188  sbar_bright_T5b_mid-0.5=164172.8281  sbar_bright_T5c_mid-0.5=93657.6094  sbar_bright_T5d_mid-0.5=165953.8438  sbar_bright_T4a_mid+0.5=85757.9609  sbar_bright_T4b_mid+0.5=79779.6250  sbar_bright_T4c_mid+0.5=122413.6641  sbar_bright_T4d_mid+0.5=86900.1641  sbar_bright_T5a_mid+0.5=35444.7266  sbar_bright_T5b_mid+0.5=36260.1875  sbar_bright_T5c_mid+0.5=34837.4102  sbar_bright_T5d_mid+0.5=34354.5000  sbar_bright_T4b_mid+1.5=119073.2031  sbar_bright_T4c_mid+1.5=138830.3594  sbar_bright_T4d_mid+1.5=67370.0625  sbar_bright_T5a_mid+1.5=62798.9102  sbar_bright_T5b_mid+1.5=55109.6680  sbar_bright_T5c_mid+1.5=47666.6172  sbar_bright_T5d_mid+1.5=36403.3086  sbar_bright_T4a_mid+1.5=61682.5781  sbar_dark_T4a_mid+0=74371.0938  sbar_dark_T4b_mid+0=61068.1328  sbar_dark_T4c_mid+0=67411.7266  sbar_dark_T4d_mid+0=65294.0352  sbar_dark_T5a_mid+0=301956.1250  sbar_dark_T5b_mid+0=289027.4688  sbar_dark_T5c_mid+0=263974.3125  sbar_dark_T5d_mid+0=160184.2812  sbar_dark_T4a_mid+1=47392.1406  sbar_dark_T4b_mid+1=57293.6602  sbar_dark_T4c_mid+1=58960.4609  sbar_dark_T4d_mid+1=46472.1953  sbar_dark_T5a_mid+1=297251.7188  sbar_dark_T5b_mid+1=282232.0312  sbar_dark_T5c_mid+1=317264.3125  sbar_dark_T5d_mid+1=161448.9219  sbar_dark_T4a_mid+2=94110.5391  sbar_dark_T4b_mid+2=76020.4219  sbar_dark_T4c_mid+2=118920.8672  sbar_dark_T4d_mid+2=53398.1250  sbar_dark_T5a_mid+2=236107.6562  sbar_dark_T5b_mid+2=250933.8438  sbar_dark_T5c_mid+2=236338.4531  sbar_dark_T5d_mid+2=162880.8438  sbar_dark_T4a_mid-1=251783.2812  sbar_dark_T4b_mid-1=265430.9062  sbar_dark_T4c_mid-1=318661.7188  sbar_dark_T4d_mid-1=284900.3750  sbar_dark_T5a_mid-1=1120291.0000  sbar_dark_T5b_mid-1=1305110.1250  sbar_dark_T5c_mid-1=995848.6875  sbar_dark_T5d_mid-1=966872.5000  sbar_dark_T4a_mid-2=160446.8906  sbar_dark_T4b_mid-2=132960.7344  sbar_dark_T4c_mid-2=200793.2031  sbar_dark_T4d_mid-2=185293.5469  sbar_dark_T5b_mid-2=670432.2500  sbar_dark_T5c_mid-2=477157.1250  sbar_dark_T5d_mid-2=378976.5625  sbar_dark_T5a_mid-2=515634.2500  sbar_dark_T4a_mid-1.5=83520.5938  sbar_dark_T4b_mid-1.5=58888.5508  sbar_dark_T4c_mid-1.5=65082.4648  sbar_dark_T4d_mid-1.5=84287.3594  sbar_dark_T5a_mid-1.5=163323.8438  sbar_dark_T5b_mid-1.5=197605.7500  sbar_dark_T5c_mid-1.5=130851.7734  sbar_dark_T5d_mid-1.5=118698.7266  sbar_dark_T4a_mid-0.5=74144.1094  sbar_dark_T4b_mid-0.5=73313.8203  sbar_dark_T4c_mid-0.5=68456.3438  sbar_dark_T4d_mid-0.5=64630.5586  sbar_dark_T5a_mid-0.5=387567.7812  sbar_dark_T5b_mid-0.5=488575.9375  sbar_dark_T5c_mid-0.5=305409.1250  sbar_dark_T5d_mid-0.5=364884.9375  sbar_dark_T4a_mid+0.5=9545.4111  sbar_dark_T4b_mid+0.5=7307.3530  sbar_dark_T4c_mid+0.5=15275.3389  sbar_dark_T4d_mid+0.5=13640.9287  sbar_dark_T5a_mid+0.5=82058.3047  sbar_dark_T5b_mid+0.5=50153.0039  sbar_dark_T5c_mid+0.5=71723.9141  sbar_dark_T5d_mid+0.5=41390.8906  sbar_dark_T4b_mid+1.5=16997.1289  sbar_dark_T4c_mid+1.5=17427.6250  sbar_dark_T4d_mid+1.5=10563.6758  sbar_dark_T5a_mid+1.5=115546.7812  sbar_dark_T5b_mid+1.5=95983.5547  sbar_dark_T5c_mid+1.5=113594.0781  sbar_dark_T5d_mid+1.5=79854.0469  sbar_dark_T4a_mid+1.5=10092.7471]:  60%|██████    | 180/300 [02:01<01:21,  1.48it/s] Cost: 300500.2812  [spread_bright_L5=1340203.2500  spread_bright_Mi1=1442278.8750  spread_bright_Tm3=883549.1250  spread_bright_Mi4=2095331.1250  spread_dark_L1=1176657.3750  spread_dark_L2=1251233.1250  spread_dark_L3=1486144.5000  spread_dark_L4=1523168.0000  spread_dark_Mi9=952792.8125  spread_dark_Tm1=714365.8750  spread_dark_Tm2=986993.5000  spread_dark_Tm4=1146513.6250  spread_dark_Tm9=786400.7500  sbar_bright_T4a_mid+0=319014.2812  sbar_bright_T4b_mid+0=286385.7812  sbar_bright_T4c_mid+0=315475.6562  sbar_bright_T4d_mid+0=282228.9062  sbar_bright_T5a_mid+0=135751.5781  sbar_bright_T5b_mid+0=104111.7578  sbar_bright_T5c_mid+0=138194.2344  sbar_bright_T5d_mid+0=134603.7812  sbar_bright_T4a_mid+1=248917.3438  sbar_bright_T4b_mid+1=265197.8750  sbar_bright_T4c_mid+1=227930.1562  sbar_bright_T4d_mid+1=253993.3906  sbar_bright_T5a_mid+1=128910.6172  sbar_bright_T5b_mid+1=130543.3281  sbar_bright_T5c_mid+1=152139.7656  sbar_bright_T5d_mid+1=114910.9688  sbar_bright_T4a_mid+2=141141.5156  sbar_bright_T4b_mid+2=154845.9375  sbar_bright_T4c_mid+2=120151.2891  sbar_bright_T4d_mid+2=61969.7578  sbar_bright_T5a_mid+2=210924.3750  sbar_bright_T5b_mid+2=185698.4375  sbar_bright_T5c_mid+2=171931.1406  sbar_bright_T5d_mid+2=156414.6094  sbar_bright_T4a_mid-1=1008221.6250  sbar_bright_T4b_mid-1=928146.0000  sbar_bright_T4c_mid-1=1139479.8750  sbar_bright_T4d_mid-1=1219407.2500  sbar_bright_T5a_mid-1=398709.2500  sbar_bright_T5b_mid-1=344717.2500  sbar_bright_T5c_mid-1=407798.7812  sbar_bright_T5d_mid-1=471624.0625  sbar_bright_T4a_mid-2=206277.2031  sbar_bright_T4b_mid-2=210777.9062  sbar_bright_T4c_mid-2=251865.1250  sbar_bright_T4d_mid-2=181508.4531  sbar_bright_T5b_mid-2=104429.2031  sbar_bright_T5c_mid-2=103920.5000  sbar_bright_T5d_mid-2=96707.1484  sbar_bright_T5a_mid-2=104733.2891  sbar_bright_T4a_mid-1.5=72663.1953  sbar_bright_T4b_mid-1.5=98906.1641  sbar_bright_T4c_mid-1.5=123353.5234  sbar_bright_T4d_mid-1.5=118021.8516  sbar_bright_T5a_mid-1.5=115393.9297  sbar_bright_T5b_mid-1.5=96209.2969  sbar_bright_T5c_mid-1.5=126550.5000  sbar_bright_T5d_mid-1.5=88796.1797  sbar_bright_T4a_mid-0.5=485115.0625  sbar_bright_T4b_mid-0.5=574889.6875  sbar_bright_T4c_mid-0.5=796163.2500  sbar_bright_T4d_mid-0.5=748915.3125  sbar_bright_T5a_mid-0.5=128446.1562  sbar_bright_T5b_mid-0.5=178815.6875  sbar_bright_T5c_mid-0.5=101486.7969  sbar_bright_T5d_mid-0.5=166166.5781  sbar_bright_T4a_mid+0.5=83023.4688  sbar_bright_T4b_mid+0.5=75503.4844  sbar_bright_T4c_mid+0.5=102131.1484  sbar_bright_T4d_mid+0.5=86253.9219  sbar_bright_T5a_mid+0.5=46808.6328  sbar_bright_T5b_mid+0.5=44542.0391  sbar_bright_T5c_mid+0.5=43123.5117  sbar_bright_T5d_mid+0.5=37485.6641  sbar_bright_T4b_mid+1.5=114063.4453  sbar_bright_T4c_mid+1.5=111323.5859  sbar_bright_T4d_mid+1.5=68901.2031  sbar_bright_T5a_mid+1.5=68665.8047  sbar_bright_T5b_mid+1.5=71484.8203  sbar_bright_T5c_mid+1.5=61196.2031  sbar_bright_T5d_mid+1.5=41185.0703  sbar_bright_T4a_mid+1.5=60538.9453  sbar_dark_T4a_mid+0=65129.7188  sbar_dark_T4b_mid+0=65828.0391  sbar_dark_T4c_mid+0=47925.0508  sbar_dark_T4d_mid+0=62494.5312  sbar_dark_T5a_mid+0=251315.2969  sbar_dark_T5b_mid+0=281326.5625  sbar_dark_T5c_mid+0=235741.4531  sbar_dark_T5d_mid+0=181150.5781  sbar_dark_T4a_mid+1=47967.9609  sbar_dark_T4b_mid+1=62579.0898  sbar_dark_T4c_mid+1=57871.6758  sbar_dark_T4d_mid+1=45889.0820  sbar_dark_T5a_mid+1=295542.5625  sbar_dark_T5b_mid+1=291550.5938  sbar_dark_T5c_mid+1=319153.7812  sbar_dark_T5d_mid+1=171034.1875  sbar_dark_T4a_mid+2=105234.3281  sbar_dark_T4b_mid+2=86086.4297  sbar_dark_T4c_mid+2=108014.9141  sbar_dark_T4d_mid+2=48783.8516  sbar_dark_T5a_mid+2=246263.9688  sbar_dark_T5b_mid+2=265934.9062  sbar_dark_T5c_mid+2=236298.7188  sbar_dark_T5d_mid+2=163414.8281  sbar_dark_T4a_mid-1=258821.1094  sbar_dark_T4b_mid-1=264110.0625  sbar_dark_T4c_mid-1=259576.6875  sbar_dark_T4d_mid-1=257595.9531  sbar_dark_T5a_mid-1=1024618.4375  sbar_dark_T5b_mid-1=1221852.5000  sbar_dark_T5c_mid-1=903418.9375  sbar_dark_T5d_mid-1=905696.3125  sbar_dark_T4a_mid-2=172609.0469  sbar_dark_T4b_mid-2=134907.9531  sbar_dark_T4c_mid-2=168500.1406  sbar_dark_T4d_mid-2=179271.8594  sbar_dark_T5b_mid-2=633778.1250  sbar_dark_T5c_mid-2=429616.9375  sbar_dark_T5d_mid-2=343149.1875  sbar_dark_T5a_mid-2=469123.5000  sbar_dark_T4a_mid-1.5=84312.3594  sbar_dark_T4b_mid-1.5=61139.8555  sbar_dark_T4c_mid-1.5=47934.3945  sbar_dark_T4d_mid-1.5=74164.2969  sbar_dark_T5a_mid-1.5=150056.8594  sbar_dark_T5b_mid-1.5=179707.8438  sbar_dark_T5c_mid-1.5=111219.5000  sbar_dark_T5d_mid-1.5=112218.2812  sbar_dark_T4a_mid-0.5=75814.5156  sbar_dark_T4b_mid-0.5=76861.6875  sbar_dark_T4c_mid-0.5=56355.9062  sbar_dark_T4d_mid-0.5=54186.4922  sbar_dark_T5a_mid-0.5=360098.9688  sbar_dark_T5b_mid-0.5=443658.2188  sbar_dark_T5c_mid-0.5=273270.1875  sbar_dark_T5d_mid-0.5=331951.2188  sbar_dark_T4a_mid+0.5=9572.1904  sbar_dark_T4b_mid+0.5=8975.0127  sbar_dark_T4c_mid+0.5=13114.9170  sbar_dark_T4d_mid+0.5=11851.0303  sbar_dark_T5a_mid+0.5=77528.2422  sbar_dark_T5b_mid+0.5=43355.9141  sbar_dark_T5c_mid+0.5=72776.9766  sbar_dark_T5d_mid+0.5=45007.0547  sbar_dark_T4b_mid+1.5=17277.2988  sbar_dark_T4c_mid+1.5=12701.2227  sbar_dark_T4d_mid+1.5=9731.3496  sbar_dark_T5a_mid+1.5=119353.0547  sbar_dark_T5b_mid+1.5=108767.0469  sbar_dark_T5c_mid+1.5=124709.0469  sbar_dark_T5d_mid+1.5=87616.4375  sbar_dark_T4a_mid+1.5=12575.4453]:  63%|██████▎   | 190/300 [02:08<01:14,  1.48it/s] Cost: 296468.2188  [spread_bright_L5=1405403.1250  spread_bright_Mi1=1461631.2500  spread_bright_Tm3=902979.4375  spread_bright_Mi4=2171360.2500  spread_dark_L1=1201182.3750  spread_dark_L2=1289927.7500  spread_dark_L3=1480046.1250  spread_dark_L4=1485289.3750  spread_dark_Mi9=822105.8125  spread_dark_Tm1=750915.2500  spread_dark_Tm2=935895.7500  spread_dark_Tm4=1110968.6250  spread_dark_Tm9=786558.5000  sbar_bright_T4a_mid+0=323745.2500  sbar_bright_T4b_mid+0=298638.4375  sbar_bright_T4c_mid+0=322561.3750  sbar_bright_T4d_mid+0=280744.8438  sbar_bright_T5a_mid+0=140443.8594  sbar_bright_T5b_mid+0=104684.0000  sbar_bright_T5c_mid+0=132289.6562  sbar_bright_T5d_mid+0=146060.7969  sbar_bright_T4a_mid+1=193194.3594  sbar_bright_T4b_mid+1=215900.4688  sbar_bright_T4c_mid+1=209865.5312  sbar_bright_T4d_mid+1=256507.4375  sbar_bright_T5a_mid+1=133469.2500  sbar_bright_T5b_mid+1=131194.0312  sbar_bright_T5c_mid+1=135423.8281  sbar_bright_T5d_mid+1=121677.7969  sbar_bright_T4a_mid+2=102572.8359  sbar_bright_T4b_mid+2=122049.2891  sbar_bright_T4c_mid+2=100512.0469  sbar_bright_T4d_mid+2=64423.2070  sbar_bright_T5a_mid+2=217379.0469  sbar_bright_T5b_mid+2=199103.3594  sbar_bright_T5c_mid+2=178449.9062  sbar_bright_T5d_mid+2=163732.3594  sbar_bright_T4a_mid-1=1080985.0000  sbar_bright_T4b_mid-1=937341.1250  sbar_bright_T4c_mid-1=1112464.6250  sbar_bright_T4d_mid-1=1172058.7500  sbar_bright_T5a_mid-1=405916.7188  sbar_bright_T5b_mid-1=357342.7500  sbar_bright_T5c_mid-1=406331.0000  sbar_bright_T5d_mid-1=480575.9375  sbar_bright_T4a_mid-2=233763.7188  sbar_bright_T4b_mid-2=227234.2656  sbar_bright_T4c_mid-2=257587.1406  sbar_bright_T4d_mid-2=179586.8281  sbar_bright_T5b_mid-2=106037.5625  sbar_bright_T5c_mid-2=104363.9453  sbar_bright_T5d_mid-2=103498.5781  sbar_bright_T5a_mid-2=105639.7422  sbar_bright_T4a_mid-1.5=82621.6484  sbar_bright_T4b_mid-1.5=104398.6719  sbar_bright_T4c_mid-1.5=128649.2500  sbar_bright_T4d_mid-1.5=110779.7578  sbar_bright_T5a_mid-1.5=127590.5547  sbar_bright_T5b_mid-1.5=102113.4688  sbar_bright_T5c_mid-1.5=120709.3672  sbar_bright_T5d_mid-1.5=92001.7031  sbar_bright_T4a_mid-0.5=511497.9688  sbar_bright_T4b_mid-0.5=575456.1875  sbar_bright_T4c_mid-0.5=775198.3750  sbar_bright_T4d_mid-0.5=729843.1250  sbar_bright_T5a_mid-0.5=135452.9062  sbar_bright_T5b_mid-0.5=176564.5625  sbar_bright_T5c_mid-0.5=99854.1250  sbar_bright_T5d_mid-0.5=168248.2031  sbar_bright_T4a_mid+0.5=83284.4922  sbar_bright_T4b_mid+0.5=70629.0156  sbar_bright_T4c_mid+0.5=97675.5391  sbar_bright_T4d_mid+0.5=85165.0078  sbar_bright_T5a_mid+0.5=46872.0391  sbar_bright_T5b_mid+0.5=44039.1328  sbar_bright_T5c_mid+0.5=37014.4609  sbar_bright_T5d_mid+0.5=40720.9766  sbar_bright_T4b_mid+1.5=87209.2734  sbar_bright_T4c_mid+1.5=98881.0156  sbar_bright_T4d_mid+1.5=63541.4062  sbar_bright_T5a_mid+1.5=66604.1641  sbar_bright_T5b_mid+1.5=64248.0820  sbar_bright_T5c_mid+1.5=59078.2031  sbar_bright_T5d_mid+1.5=43347.1562  sbar_bright_T4a_mid+1.5=39088.6406  sbar_dark_T4a_mid+0=50685.3242  sbar_dark_T4b_mid+0=55821.1836  sbar_dark_T4c_mid+0=46040.7070  sbar_dark_T4d_mid+0=65879.3672  sbar_dark_T5a_mid+0=260181.8125  sbar_dark_T5b_mid+0=292497.2188  sbar_dark_T5c_mid+0=220493.6875  sbar_dark_T5d_mid+0=188276.1250  sbar_dark_T4a_mid+1=41153.2305  sbar_dark_T4b_mid+1=57082.2578  sbar_dark_T4c_mid+1=54689.4219  sbar_dark_T4d_mid+1=49690.0547  sbar_dark_T5a_mid+1=235494.6094  sbar_dark_T5b_mid+1=265012.1875  sbar_dark_T5c_mid+1=251633.9062  sbar_dark_T5d_mid+1=157441.7500  sbar_dark_T4a_mid+2=85089.8594  sbar_dark_T4b_mid+2=74620.0234  sbar_dark_T4c_mid+2=98135.7344  sbar_dark_T4d_mid+2=54667.0664  sbar_dark_T5a_mid+2=202381.2656  sbar_dark_T5b_mid+2=219399.6562  sbar_dark_T5c_mid+2=184819.0312  sbar_dark_T5d_mid+2=146534.4844  sbar_dark_T4a_mid-1=213490.3438  sbar_dark_T4b_mid-1=243522.9844  sbar_dark_T4c_mid-1=244567.6875  sbar_dark_T4d_mid-1=274338.8125  sbar_dark_T5a_mid-1=1041328.5000  sbar_dark_T5b_mid-1=1260171.5000  sbar_dark_T5c_mid-1=947991.7500  sbar_dark_T5d_mid-1=900934.9375  sbar_dark_T4a_mid-2=139901.6094  sbar_dark_T4b_mid-2=121091.5781  sbar_dark_T4c_mid-2=161878.0312  sbar_dark_T4d_mid-2=190036.2344  sbar_dark_T5b_mid-2=624631.3750  sbar_dark_T5c_mid-2=441678.7812  sbar_dark_T5d_mid-2=345320.9688  sbar_dark_T5a_mid-2=456223.8125  sbar_dark_T4a_mid-1.5=68591.6172  sbar_dark_T4b_mid-1.5=52685.1758  sbar_dark_T4c_mid-1.5=44185.1914  sbar_dark_T4d_mid-1.5=81326.8594  sbar_dark_T5a_mid-1.5=157023.3438  sbar_dark_T5b_mid-1.5=175660.4062  sbar_dark_T5c_mid-1.5=107786.8359  sbar_dark_T5d_mid-1.5=107017.4375  sbar_dark_T4a_mid-0.5=61765.5742  sbar_dark_T4b_mid-0.5=72524.0938  sbar_dark_T4c_mid-0.5=56183.9102  sbar_dark_T4d_mid-0.5=59897.8984  sbar_dark_T5a_mid-0.5=343536.4062  sbar_dark_T5b_mid-0.5=450532.1250  sbar_dark_T5c_mid-0.5=299901.0938  sbar_dark_T5d_mid-0.5=330138.2500  sbar_dark_T4a_mid+0.5=8650.6211  sbar_dark_T4b_mid+0.5=8444.0508  sbar_dark_T4c_mid+0.5=12909.4404  sbar_dark_T4d_mid+0.5=12445.4385  sbar_dark_T5a_mid+0.5=60068.6758  sbar_dark_T5b_mid+0.5=39310.7891  sbar_dark_T5c_mid+0.5=53890.9531  sbar_dark_T5d_mid+0.5=42954.9766  sbar_dark_T4b_mid+1.5=18700.0352  sbar_dark_T4c_mid+1.5=13945.9502  sbar_dark_T4d_mid+1.5=10894.0244  sbar_dark_T5a_mid+1.5=99681.1562  sbar_dark_T5b_mid+1.5=95133.5859  sbar_dark_T5c_mid+1.5=101759.1016  sbar_dark_T5d_mid+1.5=82690.9062  sbar_dark_T4a_mid+1.5=12446.0107]:      67%|██████▋   | 200/300 [02:14<01:07,  1.48it/s] Cost: 291598.0312  [spread_bright_L5=1432157.1250  spread_bright_Mi1=1532584.2500  spread_bright_Tm3=910722.6875  spread_bright_Mi4=2091646.1250  spread_dark_L1=1218226.2500  spread_dark_L2=1318163.8750  spread_dark_L3=1428850.0000  spread_dark_L4=1477341.5000  spread_dark_Mi9=814519.6250  spread_dark_Tm1=792180.5625  spread_dark_Tm2=917802.5625  spread_dark_Tm4=1149171.6250  spread_dark_Tm9=761682.5625  sbar_bright_T4a_mid+0=363298.7500  sbar_bright_T4b_mid+0=290953.7812  sbar_bright_T4c_mid+0=295832.9062  sbar_bright_T4d_mid+0=292552.9688  sbar_bright_T5a_mid+0=132179.0938  sbar_bright_T5b_mid+0=102032.6328  sbar_bright_T5c_mid+0=129066.5547  sbar_bright_T5d_mid+0=125281.1641  sbar_bright_T4a_mid+1=196932.5781  sbar_bright_T4b_mid+1=216654.6094  sbar_bright_T4c_mid+1=216252.6875  sbar_bright_T4d_mid+1=258198.0625  sbar_bright_T5a_mid+1=125775.7109  sbar_bright_T5b_mid+1=127177.4844  sbar_bright_T5c_mid+1=123182.6641  sbar_bright_T5d_mid+1=113662.7578  sbar_bright_T4a_mid+2=104991.6797  sbar_bright_T4b_mid+2=105512.9844  sbar_bright_T4c_mid+2=95482.6172  sbar_bright_T4d_mid+2=62338.3594  sbar_bright_T5a_mid+2=208082.8750  sbar_bright_T5b_mid+2=195980.0625  sbar_bright_T5c_mid+2=169235.4062  sbar_bright_T5d_mid+2=157878.3281  sbar_bright_T4a_mid-1=1041435.3750  sbar_bright_T4b_mid-1=915128.7500  sbar_bright_T4c_mid-1=1077146.7500  sbar_bright_T4d_mid-1=1186496.0000  sbar_bright_T5a_mid-1=405201.9688  sbar_bright_T5b_mid-1=363362.0938  sbar_bright_T5c_mid-1=418348.6250  sbar_bright_T5d_mid-1=466371.9688  sbar_bright_T4a_mid-2=218270.6875  sbar_bright_T4b_mid-2=225723.3750  sbar_bright_T4c_mid-2=228005.6094  sbar_bright_T4d_mid-2=184568.2500  sbar_bright_T5b_mid-2=107552.2656  sbar_bright_T5c_mid-2=102768.2812  sbar_bright_T5d_mid-2=95163.7266  sbar_bright_T5a_mid-2=104187.4375  sbar_bright_T4a_mid-1.5=78689.7109  sbar_bright_T4b_mid-1.5=105603.7656  sbar_bright_T4c_mid-1.5=122245.7344  sbar_bright_T4d_mid-1.5=112904.3203  sbar_bright_T5a_mid-1.5=131409.7656  sbar_bright_T5b_mid-1.5=107067.3750  sbar_bright_T5c_mid-1.5=121978.3281  sbar_bright_T5d_mid-1.5=94841.3594  sbar_bright_T4a_mid-0.5=477020.5312  sbar_bright_T4b_mid-0.5=573169.3125  sbar_bright_T4c_mid-0.5=755279.8750  sbar_bright_T4d_mid-0.5=727725.9375  sbar_bright_T5a_mid-0.5=135109.9062  sbar_bright_T5b_mid-0.5=175708.7188  sbar_bright_T5c_mid-0.5=101673.2578  sbar_bright_T5d_mid-0.5=160487.5000  sbar_bright_T4a_mid+0.5=79410.0312  sbar_bright_T4b_mid+0.5=73292.9219  sbar_bright_T4c_mid+0.5=92443.2266  sbar_bright_T4d_mid+0.5=91097.2578  sbar_bright_T5a_mid+0.5=46901.6797  sbar_bright_T5b_mid+0.5=43584.6367  sbar_bright_T5c_mid+0.5=37945.4531  sbar_bright_T5d_mid+0.5=36159.3008  sbar_bright_T4b_mid+1.5=77049.6406  sbar_bright_T4c_mid+1.5=116698.7422  sbar_bright_T4d_mid+1.5=57954.5469  sbar_bright_T5a_mid+1.5=60717.8203  sbar_bright_T5b_mid+1.5=60470.9922  sbar_bright_T5c_mid+1.5=56020.8516  sbar_bright_T5d_mid+1.5=40049.2344  sbar_bright_T4a_mid+1.5=35763.8125  sbar_dark_T4a_mid+0=51734.4414  sbar_dark_T4b_mid+0=54757.3086  sbar_dark_T4c_mid+0=47497.1641  sbar_dark_T4d_mid+0=59450.0000  sbar_dark_T5a_mid+0=237413.4375  sbar_dark_T5b_mid+0=283122.3438  sbar_dark_T5c_mid+0=205942.6562  sbar_dark_T5d_mid+0=175493.0156  sbar_dark_T4a_mid+1=41838.7461  sbar_dark_T4b_mid+1=55488.3594  sbar_dark_T4c_mid+1=59563.2070  sbar_dark_T4d_mid+1=46687.9531  sbar_dark_T5a_mid+1=225238.4531  sbar_dark_T5b_mid+1=253619.3594  sbar_dark_T5c_mid+1=232228.9219  sbar_dark_T5d_mid+1=146078.2188  sbar_dark_T4a_mid+2=85434.9062  sbar_dark_T4b_mid+2=71559.9453  sbar_dark_T4c_mid+2=96813.6953  sbar_dark_T4d_mid+2=48316.1992  sbar_dark_T5a_mid+2=186012.5781  sbar_dark_T5b_mid+2=207186.1875  sbar_dark_T5c_mid+2=171688.7656  sbar_dark_T5d_mid+2=136563.7812  sbar_dark_T4a_mid-1=198397.5469  sbar_dark_T4b_mid-1=224400.0781  sbar_dark_T4c_mid-1=242657.1250  sbar_dark_T4d_mid-1=237970.6406  sbar_dark_T5a_mid-1=985461.7500  sbar_dark_T5b_mid-1=1247029.2500  sbar_dark_T5c_mid-1=897639.3125  sbar_dark_T5d_mid-1=926785.0000  sbar_dark_T4a_mid-2=132583.3906  sbar_dark_T4b_mid-2=112278.5156  sbar_dark_T4c_mid-2=164055.0781  sbar_dark_T4d_mid-2=162604.7812  sbar_dark_T5b_mid-2=616559.4375  sbar_dark_T5c_mid-2=398886.7500  sbar_dark_T5d_mid-2=366063.3750  sbar_dark_T5a_mid-2=426268.8438  sbar_dark_T4a_mid-1.5=70318.3125  sbar_dark_T4b_mid-1.5=53983.3711  sbar_dark_T4c_mid-1.5=48786.1172  sbar_dark_T4d_mid-1.5=73266.2500  sbar_dark_T5a_mid-1.5=150892.8281  sbar_dark_T5b_mid-1.5=173070.6875  sbar_dark_T5c_mid-1.5=96773.2344  sbar_dark_T5d_mid-1.5=107873.1094  sbar_dark_T4a_mid-0.5=55574.0234  sbar_dark_T4b_mid-0.5=64501.4805  sbar_dark_T4c_mid-0.5=55879.0977  sbar_dark_T4d_mid-0.5=51659.1719  sbar_dark_T5a_mid-0.5=332065.6562  sbar_dark_T5b_mid-0.5=460873.8438  sbar_dark_T5c_mid-0.5=290504.0625  sbar_dark_T5d_mid-0.5=341515.6875  sbar_dark_T4a_mid+0.5=10414.0830  sbar_dark_T4b_mid+0.5=10779.2822  sbar_dark_T4c_mid+0.5=12746.6025  sbar_dark_T4d_mid+0.5=11087.5713  sbar_dark_T5a_mid+0.5=55829.9258  sbar_dark_T5b_mid+0.5=38875.2539  sbar_dark_T5c_mid+0.5=49863.3086  sbar_dark_T5d_mid+0.5=40633.0586  sbar_dark_T4b_mid+1.5=21826.8359  sbar_dark_T4c_mid+1.5=18146.9434  sbar_dark_T4d_mid+1.5=10679.3643  sbar_dark_T5a_mid+1.5=93828.6875  sbar_dark_T5b_mid+1.5=89919.7812  sbar_dark_T5c_mid+1.5=98021.1953  sbar_dark_T5d_mid+1.5=76385.4531  sbar_dark_T4a_mid+1.5=15142.4160]:   70%|███████   | 210/300 [02:21<01:01,  1.47it/s] Cost: 285605.1875  [spread_bright_L5=1392957.2500  spread_bright_Mi1=1510565.0000  spread_bright_Tm3=883942.6250  spread_bright_Mi4=1984317.0000  spread_dark_L1=1196920.1250  spread_dark_L2=1262409.5000  spread_dark_L3=1351691.1250  spread_dark_L4=1463289.7500  spread_dark_Mi9=906229.6250  spread_dark_Tm1=825325.1875  spread_dark_Tm2=910362.4375  spread_dark_Tm4=1140033.2500  spread_dark_Tm9=744205.1875  sbar_bright_T4a_mid+0=324776.8438  sbar_bright_T4b_mid+0=280356.4688  sbar_bright_T4c_mid+0=284390.2812  sbar_bright_T4d_mid+0=279541.4375  sbar_bright_T5a_mid+0=125882.1328  sbar_bright_T5b_mid+0=105962.5000  sbar_bright_T5c_mid+0=142253.2344  sbar_bright_T5d_mid+0=135231.0469  sbar_bright_T4a_mid+1=221039.0312  sbar_bright_T4b_mid+1=254293.4375  sbar_bright_T4c_mid+1=229197.1250  sbar_bright_T4d_mid+1=270845.9062  sbar_bright_T5a_mid+1=113279.1953  sbar_bright_T5b_mid+1=115677.8125  sbar_bright_T5c_mid+1=116201.1562  sbar_bright_T5d_mid+1=114339.8125  sbar_bright_T4a_mid+2=109631.6250  sbar_bright_T4b_mid+2=121599.2266  sbar_bright_T4c_mid+2=94015.2266  sbar_bright_T4d_mid+2=63062.7852  sbar_bright_T5a_mid+2=184813.7188  sbar_bright_T5b_mid+2=177553.4844  sbar_bright_T5c_mid+2=145640.9688  sbar_bright_T5d_mid+2=148994.5625  sbar_bright_T4a_mid-1=990544.6250  sbar_bright_T4b_mid-1=792750.3750  sbar_bright_T4c_mid-1=1046768.0625  sbar_bright_T4d_mid-1=1131840.1250  sbar_bright_T5a_mid-1=382216.6250  sbar_bright_T5b_mid-1=341938.4062  sbar_bright_T5c_mid-1=402264.7188  sbar_bright_T5d_mid-1=450655.8125  sbar_bright_T4a_mid-2=191265.2656  sbar_bright_T4b_mid-2=187681.0938  sbar_bright_T4c_mid-2=208803.0938  sbar_bright_T4d_mid-2=168191.4219  sbar_bright_T5b_mid-2=97528.5625  sbar_bright_T5c_mid-2=98946.8438  sbar_bright_T5d_mid-2=96326.8594  sbar_bright_T5a_mid-2=96290.5000  sbar_bright_T4a_mid-1.5=65537.8672  sbar_bright_T4b_mid-1.5=85756.7656  sbar_bright_T4c_mid-1.5=106781.6797  sbar_bright_T4d_mid-1.5=107155.5234  sbar_bright_T5a_mid-1.5=127034.6094  sbar_bright_T5b_mid-1.5=98394.1484  sbar_bright_T5c_mid-1.5=110840.2188  sbar_bright_T5d_mid-1.5=87833.6016  sbar_bright_T4a_mid-0.5=447871.0938  sbar_bright_T4b_mid-0.5=504188.0312  sbar_bright_T4c_mid-0.5=708987.5000  sbar_bright_T4d_mid-0.5=690823.8125  sbar_bright_T5a_mid-0.5=135208.2500  sbar_bright_T5b_mid-0.5=166742.3906  sbar_bright_T5c_mid-0.5=104783.6484  sbar_bright_T5d_mid-0.5=154162.0000  sbar_bright_T4a_mid+0.5=75598.2500  sbar_bright_T4b_mid+0.5=70996.3984  sbar_bright_T4c_mid+0.5=92451.9062  sbar_bright_T4d_mid+0.5=89020.1953  sbar_bright_T5a_mid+0.5=45310.9102  sbar_bright_T5b_mid+0.5=42976.4180  sbar_bright_T5c_mid+0.5=40226.4805  sbar_bright_T5d_mid+0.5=38845.8398  sbar_bright_T4b_mid+1.5=95654.7031  sbar_bright_T4c_mid+1.5=121733.2188  sbar_bright_T4d_mid+1.5=64215.7500  sbar_bright_T5a_mid+1.5=55017.4609  sbar_bright_T5b_mid+1.5=57757.9570  sbar_bright_T5c_mid+1.5=51470.0742  sbar_bright_T5d_mid+1.5=38784.9062  sbar_bright_T4a_mid+1.5=45805.7070  sbar_dark_T4a_mid+0=62008.0000  sbar_dark_T4b_mid+0=67664.6953  sbar_dark_T4c_mid+0=54548.2383  sbar_dark_T4d_mid+0=59493.1562  sbar_dark_T5a_mid+0=245888.4219  sbar_dark_T5b_mid+0=287578.1875  sbar_dark_T5c_mid+0=198574.0625  sbar_dark_T5d_mid+0=191113.8750  sbar_dark_T4a_mid+1=45202.9453  sbar_dark_T4b_mid+1=67161.8672  sbar_dark_T4c_mid+1=77228.0781  sbar_dark_T4d_mid+1=55438.6289  sbar_dark_T5a_mid+1=255094.3438  sbar_dark_T5b_mid+1=283505.5312  sbar_dark_T5c_mid+1=259404.3750  sbar_dark_T5d_mid+1=187639.1094  sbar_dark_T4a_mid+2=87657.1797  sbar_dark_T4b_mid+2=75606.9609  sbar_dark_T4c_mid+2=99923.6406  sbar_dark_T4d_mid+2=54092.1875  sbar_dark_T5a_mid+2=207257.8906  sbar_dark_T5b_mid+2=251752.5469  sbar_dark_T5c_mid+2=190913.2031  sbar_dark_T5d_mid+2=164670.0000  sbar_dark_T4a_mid-1=199616.4531  sbar_dark_T4b_mid-1=251165.5469  sbar_dark_T4c_mid-1=256815.7344  sbar_dark_T4d_mid-1=234075.4531  sbar_dark_T5a_mid-1=896860.6250  sbar_dark_T5b_mid-1=1210630.3750  sbar_dark_T5c_mid-1=823976.3750  sbar_dark_T5d_mid-1=838016.7500  sbar_dark_T4a_mid-2=146410.8594  sbar_dark_T4b_mid-2=133421.6562  sbar_dark_T4c_mid-2=179483.6250  sbar_dark_T4d_mid-2=176636.0312  sbar_dark_T5b_mid-2=616116.6250  sbar_dark_T5c_mid-2=339208.8438  sbar_dark_T5d_mid-2=326962.8125  sbar_dark_T5a_mid-2=387725.1562  sbar_dark_T4a_mid-1.5=75960.8203  sbar_dark_T4b_mid-1.5=65706.7188  sbar_dark_T4c_mid-1.5=53675.5820  sbar_dark_T4d_mid-1.5=76025.7812  sbar_dark_T5a_mid-1.5=145327.5938  sbar_dark_T5b_mid-1.5=176754.9844  sbar_dark_T5c_mid-1.5=91319.1797  sbar_dark_T5d_mid-1.5=103527.4766  sbar_dark_T4a_mid-0.5=55556.9141  sbar_dark_T4b_mid-0.5=69219.4141  sbar_dark_T4c_mid-0.5=55604.9844  sbar_dark_T4d_mid-0.5=48366.0156  sbar_dark_T5a_mid-0.5=319496.5625  sbar_dark_T5b_mid-0.5=471197.3438  sbar_dark_T5c_mid-0.5=268670.3125  sbar_dark_T5d_mid-0.5=310746.2500  sbar_dark_T4a_mid+0.5=13184.5449  sbar_dark_T4b_mid+0.5=13678.5674  sbar_dark_T4c_mid+0.5=16285.6143  sbar_dark_T4d_mid+0.5=12376.7568  sbar_dark_T5a_mid+0.5=59363.3867  sbar_dark_T5b_mid+0.5=43010.0312  sbar_dark_T5c_mid+0.5=53237.1367  sbar_dark_T5d_mid+0.5=56259.8750  sbar_dark_T4b_mid+1.5=23340.7793  sbar_dark_T4c_mid+1.5=17809.2148  sbar_dark_T4d_mid+1.5=12276.3340  sbar_dark_T5a_mid+1.5=112405.7812  sbar_dark_T5b_mid+1.5=100687.1328  sbar_dark_T5c_mid+1.5=117288.6328  sbar_dark_T5d_mid+1.5=95320.5391  sbar_dark_T4a_mid+1.5=16992.8730]:     73%|███████▎  | 220/300 [02:28<00:54,  1.47it/s] Cost: 282026.0312  [spread_bright_L5=1427786.0000  spread_bright_Mi1=1515496.8750  spread_bright_Tm3=892553.3125  spread_bright_Mi4=2041307.6250  spread_dark_L1=1231978.2500  spread_dark_L2=1274399.5000  spread_dark_L3=1319516.8750  spread_dark_L4=1453815.5000  spread_dark_Mi9=795999.8750  spread_dark_Tm1=848743.2500  spread_dark_Tm2=903648.6875  spread_dark_Tm4=1113873.5000  spread_dark_Tm9=741969.6875  sbar_bright_T4a_mid+0=322116.4375  sbar_bright_T4b_mid+0=266674.9062  sbar_bright_T4c_mid+0=283280.5000  sbar_bright_T4d_mid+0=257144.0781  sbar_bright_T5a_mid+0=126468.2891  sbar_bright_T5b_mid+0=103031.0312  sbar_bright_T5c_mid+0=138589.1719  sbar_bright_T5d_mid+0=104603.0469  sbar_bright_T4a_mid+1=186511.7969  sbar_bright_T4b_mid+1=216527.1094  sbar_bright_T4c_mid+1=205181.9375  sbar_bright_T4d_mid+1=243123.7344  sbar_bright_T5a_mid+1=109308.2188  sbar_bright_T5b_mid+1=118149.6406  sbar_bright_T5c_mid+1=115223.3281  sbar_bright_T5d_mid+1=94884.7031  sbar_bright_T4a_mid+2=80406.2109  sbar_bright_T4b_mid+2=86237.6719  sbar_bright_T4c_mid+2=81660.1797  sbar_bright_T4d_mid+2=63011.0859  sbar_bright_T5a_mid+2=180032.0156  sbar_bright_T5b_mid+2=183510.0625  sbar_bright_T5c_mid+2=145898.2969  sbar_bright_T5d_mid+2=144069.4375  sbar_bright_T4a_mid-1=1041950.6875  sbar_bright_T4b_mid-1=858381.7500  sbar_bright_T4c_mid-1=1070630.0000  sbar_bright_T4d_mid-1=1220688.1250  sbar_bright_T5a_mid-1=404862.2812  sbar_bright_T5b_mid-1=359626.7188  sbar_bright_T5c_mid-1=425528.1562  sbar_bright_T5d_mid-1=405544.5625  sbar_bright_T4a_mid-2=202173.8750  sbar_bright_T4b_mid-2=200245.8125  sbar_bright_T4c_mid-2=205236.0000  sbar_bright_T4d_mid-2=186804.3438  sbar_bright_T5b_mid-2=106523.0391  sbar_bright_T5c_mid-2=98931.8516  sbar_bright_T5d_mid-2=78505.5078  sbar_bright_T5a_mid-2=96870.6406  sbar_bright_T4a_mid-1.5=75371.7188  sbar_bright_T4b_mid-1.5=98494.5703  sbar_bright_T4c_mid-1.5=111753.3750  sbar_bright_T4d_mid-1.5=116311.5234  sbar_bright_T5a_mid-1.5=125753.4609  sbar_bright_T5b_mid-1.5=103408.9922  sbar_bright_T5c_mid-1.5=115185.4453  sbar_bright_T5d_mid-1.5=89548.7500  sbar_bright_T4a_mid-0.5=492907.4688  sbar_bright_T4b_mid-0.5=552635.8125  sbar_bright_T4c_mid-0.5=738890.0625  sbar_bright_T4d_mid-0.5=744323.1250  sbar_bright_T5a_mid-0.5=132433.1719  sbar_bright_T5b_mid-0.5=170357.6094  sbar_bright_T5c_mid-0.5=103862.7500  sbar_bright_T5d_mid-0.5=136790.0625  sbar_bright_T4a_mid+0.5=77908.7422  sbar_bright_T4b_mid+0.5=70968.5625  sbar_bright_T4c_mid+0.5=79239.2969  sbar_bright_T4d_mid+0.5=95038.4766  sbar_bright_T5a_mid+0.5=44382.2539  sbar_bright_T5b_mid+0.5=40663.4883  sbar_bright_T5c_mid+0.5=39508.3945  sbar_bright_T5d_mid+0.5=32156.8398  sbar_bright_T4b_mid+1.5=73067.8672  sbar_bright_T4c_mid+1.5=109124.8203  sbar_bright_T4d_mid+1.5=49921.3711  sbar_bright_T5a_mid+1.5=56079.5625  sbar_bright_T5b_mid+1.5=57491.7578  sbar_bright_T5c_mid+1.5=51320.5156  sbar_bright_T5d_mid+1.5=31412.5547  sbar_bright_T4a_mid+1.5=37192.5664  sbar_dark_T4a_mid+0=52671.9766  sbar_dark_T4b_mid+0=51944.0469  sbar_dark_T4c_mid+0=48117.3008  sbar_dark_T4d_mid+0=50164.2656  sbar_dark_T5a_mid+0=224667.4844  sbar_dark_T5b_mid+0=288156.0938  sbar_dark_T5c_mid+0=173194.5938  sbar_dark_T5d_mid+0=210159.9375  sbar_dark_T4a_mid+1=36191.8828  sbar_dark_T4b_mid+1=53749.7305  sbar_dark_T4c_mid+1=62314.5547  sbar_dark_T4d_mid+1=44890.6719  sbar_dark_T5a_mid+1=215895.4688  sbar_dark_T5b_mid+1=272604.1250  sbar_dark_T5c_mid+1=219349.6406  sbar_dark_T5d_mid+1=141820.0469  sbar_dark_T4a_mid+2=65391.4961  sbar_dark_T4b_mid+2=59599.4414  sbar_dark_T4c_mid+2=76532.2266  sbar_dark_T4d_mid+2=45990.3945  sbar_dark_T5a_mid+2=178956.8906  sbar_dark_T5b_mid+2=227635.1562  sbar_dark_T5c_mid+2=167264.3125  sbar_dark_T5d_mid+2=139504.7344  sbar_dark_T4a_mid-1=175980.4688  sbar_dark_T4b_mid-1=216754.2656  sbar_dark_T4c_mid-1=233302.0312  sbar_dark_T4d_mid-1=204131.4844  sbar_dark_T5a_mid-1=877615.1875  sbar_dark_T5b_mid-1=1200929.2500  sbar_dark_T5c_mid-1=814586.4375  sbar_dark_T5d_mid-1=988761.1250  sbar_dark_T4a_mid-2=117719.1641  sbar_dark_T4b_mid-2=110937.7891  sbar_dark_T4c_mid-2=156849.0938  sbar_dark_T4d_mid-2=144805.7656  sbar_dark_T5b_mid-2=609139.4375  sbar_dark_T5c_mid-2=327686.8125  sbar_dark_T5d_mid-2=408474.9375  sbar_dark_T5a_mid-2=368754.7500  sbar_dark_T4a_mid-1.5=63716.2344  sbar_dark_T4b_mid-1.5=55381.4961  sbar_dark_T4c_mid-1.5=50964.5898  sbar_dark_T4d_mid-1.5=67589.9062  sbar_dark_T5a_mid-1.5=128435.8125  sbar_dark_T5b_mid-1.5=166824.0625  sbar_dark_T5c_mid-1.5=83498.7578  sbar_dark_T5d_mid-1.5=121443.5703  sbar_dark_T4a_mid-0.5=48540.6914  sbar_dark_T4b_mid-0.5=60612.1523  sbar_dark_T4c_mid-0.5=51010.2305  sbar_dark_T4d_mid-0.5=42269.2891  sbar_dark_T5a_mid-0.5=307873.0312  sbar_dark_T5b_mid-0.5=448935.9688  sbar_dark_T5c_mid-0.5=272868.8125  sbar_dark_T5d_mid-0.5=348277.1562  sbar_dark_T4a_mid+0.5=11453.1680  sbar_dark_T4b_mid+0.5=11468.2734  sbar_dark_T4c_mid+0.5=12195.7754  sbar_dark_T4d_mid+0.5=10715.0742  sbar_dark_T5a_mid+0.5=50985.2031  sbar_dark_T5b_mid+0.5=42359.1367  sbar_dark_T5c_mid+0.5=45328.1797  sbar_dark_T5d_mid+0.5=44996.7539  sbar_dark_T4b_mid+1.5=19002.0352  sbar_dark_T4c_mid+1.5=16855.6660  sbar_dark_T4d_mid+1.5=10346.3643  sbar_dark_T5a_mid+1.5=103968.9766  sbar_dark_T5b_mid+1.5=98096.9297  sbar_dark_T5c_mid+1.5=103528.0938  sbar_dark_T5d_mid+1.5=68881.9219  sbar_dark_T4a_mid+1.5=13728.4395]:   77%|███████▋  | 230/300 [02:35<00:47,  1.47it/s] Cost: 277284.1250  [spread_bright_L5=1469319.0000  spread_bright_Mi1=1582537.0000  spread_bright_Tm3=908115.3750  spread_bright_Mi4=1871808.8750  spread_dark_L1=1302700.5000  spread_dark_L2=1223125.6250  spread_dark_L3=1261431.1250  spread_dark_L4=1441957.0000  spread_dark_Mi9=808199.1875  spread_dark_Tm1=867846.3125  spread_dark_Tm2=895140.6875  spread_dark_Tm4=1113984.0000  spread_dark_Tm9=746211.1250  sbar_bright_T4a_mid+0=330601.3438  sbar_bright_T4b_mid+0=263188.1562  sbar_bright_T4c_mid+0=266685.0312  sbar_bright_T4d_mid+0=283290.5312  sbar_bright_T5a_mid+0=121845.1328  sbar_bright_T5b_mid+0=102562.2109  sbar_bright_T5c_mid+0=128948.6953  sbar_bright_T5d_mid+0=144392.2656  sbar_bright_T4a_mid+1=197933.3281  sbar_bright_T4b_mid+1=235793.0625  sbar_bright_T4c_mid+1=223002.2031  sbar_bright_T4d_mid+1=281774.8438  sbar_bright_T5a_mid+1=103144.9219  sbar_bright_T5b_mid+1=112932.7891  sbar_bright_T5c_mid+1=104933.4141  sbar_bright_T5d_mid+1=122593.0781  sbar_bright_T4a_mid+2=99873.7891  sbar_bright_T4b_mid+2=102796.2812  sbar_bright_T4c_mid+2=86971.1250  sbar_bright_T4d_mid+2=73101.8750  sbar_bright_T5a_mid+2=167004.4219  sbar_bright_T5b_mid+2=175955.7812  sbar_bright_T5c_mid+2=142847.8281  sbar_bright_T5d_mid+2=153109.9375  sbar_bright_T4a_mid-1=967435.3125  sbar_bright_T4b_mid-1=765593.8750  sbar_bright_T4c_mid-1=979140.1250  sbar_bright_T4d_mid-1=1033545.3750  sbar_bright_T5a_mid-1=379419.8438  sbar_bright_T5b_mid-1=349356.3438  sbar_bright_T5c_mid-1=398157.0938  sbar_bright_T5d_mid-1=465379.1875  sbar_bright_T4a_mid-2=178746.6875  sbar_bright_T4b_mid-2=176386.4375  sbar_bright_T4c_mid-2=184062.7812  sbar_bright_T4d_mid-2=148838.0312  sbar_bright_T5b_mid-2=103455.9141  sbar_bright_T5c_mid-2=90791.3203  sbar_bright_T5d_mid-2=101418.9062  sbar_bright_T5a_mid-2=90930.4141  sbar_bright_T4a_mid-1.5=69023.0938  sbar_bright_T4b_mid-1.5=88636.0312  sbar_bright_T4c_mid-1.5=101692.7969  sbar_bright_T4d_mid-1.5=96208.8594  sbar_bright_T5a_mid-1.5=113243.9844  sbar_bright_T5b_mid-1.5=98198.4141  sbar_bright_T5c_mid-1.5=104208.7266  sbar_bright_T5d_mid-1.5=95276.7266  sbar_bright_T4a_mid-0.5=476809.4375  sbar_bright_T4b_mid-0.5=521665.8438  sbar_bright_T4c_mid-0.5=690840.5625  sbar_bright_T4d_mid-0.5=654585.1875  sbar_bright_T5a_mid-0.5=126519.5781  sbar_bright_T5b_mid-0.5=160512.1406  sbar_bright_T5c_mid-0.5=99716.6172  sbar_bright_T5d_mid-0.5=166616.5000  sbar_bright_T4a_mid+0.5=75801.2266  sbar_bright_T4b_mid+0.5=70880.8828  sbar_bright_T4c_mid+0.5=77281.9922  sbar_bright_T4d_mid+0.5=87450.6562  sbar_bright_T5a_mid+0.5=43123.3789  sbar_bright_T5b_mid+0.5=41295.5117  sbar_bright_T5c_mid+0.5=35365.1094  sbar_bright_T5d_mid+0.5=43419.9453  sbar_bright_T4b_mid+1.5=77632.5000  sbar_bright_T4c_mid+1.5=116931.4609  sbar_bright_T4d_mid+1.5=59696.7109  sbar_bright_T5a_mid+1.5=49040.0352  sbar_bright_T5b_mid+1.5=53084.7656  sbar_bright_T5c_mid+1.5=43643.8359  sbar_bright_T5d_mid+1.5=40447.7695  sbar_bright_T4a_mid+1.5=39687.1484  sbar_dark_T4a_mid+0=57780.9180  sbar_dark_T4b_mid+0=52556.1055  sbar_dark_T4c_mid+0=56755.9258  sbar_dark_T4d_mid+0=64507.7070  sbar_dark_T5a_mid+0=233208.4375  sbar_dark_T5b_mid+0=282388.6250  sbar_dark_T5c_mid+0=174298.3594  sbar_dark_T5d_mid+0=200048.2188  sbar_dark_T4a_mid+1=41210.3125  sbar_dark_T4b_mid+1=58662.5742  sbar_dark_T4c_mid+1=71073.4609  sbar_dark_T4d_mid+1=59806.1484  sbar_dark_T5a_mid+1=208579.8750  sbar_dark_T5b_mid+1=287239.0312  sbar_dark_T5c_mid+1=209317.6094  sbar_dark_T5d_mid+1=205457.7969  sbar_dark_T4a_mid+2=76910.7266  sbar_dark_T4b_mid+2=72576.4922  sbar_dark_T4c_mid+2=85633.0312  sbar_dark_T4d_mid+2=60641.6523  sbar_dark_T5a_mid+2=176516.2656  sbar_dark_T5b_mid+2=230637.0625  sbar_dark_T5c_mid+2=165420.0469  sbar_dark_T5d_mid+2=173620.0938  sbar_dark_T4a_mid-1=168555.1250  sbar_dark_T4b_mid-1=225780.0938  sbar_dark_T4c_mid-1=233652.6094  sbar_dark_T4d_mid-1=255427.9375  sbar_dark_T5a_mid-1=836665.5000  sbar_dark_T5b_mid-1=1169108.5000  sbar_dark_T5c_mid-1=823661.5000  sbar_dark_T5d_mid-1=762819.7500  sbar_dark_T4a_mid-2=122628.3125  sbar_dark_T4b_mid-2=131425.1562  sbar_dark_T4c_mid-2=179379.7969  sbar_dark_T4d_mid-2=205645.6562  sbar_dark_T5b_mid-2=601523.3750  sbar_dark_T5c_mid-2=322197.2188  sbar_dark_T5d_mid-2=295813.0000  sbar_dark_T5a_mid-2=354288.1250  sbar_dark_T4a_mid-1.5=67338.1094  sbar_dark_T4b_mid-1.5=64747.3516  sbar_dark_T4c_mid-1.5=61468.2109  sbar_dark_T4d_mid-1.5=94790.8125  sbar_dark_T5a_mid-1.5=118265.8906  sbar_dark_T5b_mid-1.5=167087.3750  sbar_dark_T5c_mid-1.5=85522.3906  sbar_dark_T5d_mid-1.5=89420.4453  sbar_dark_T4a_mid-0.5=43836.2305  sbar_dark_T4b_mid-0.5=60246.6289  sbar_dark_T4c_mid-0.5=51114.3125  sbar_dark_T4d_mid-0.5=53604.6133  sbar_dark_T5a_mid-0.5=305593.8438  sbar_dark_T5b_mid-0.5=454137.1875  sbar_dark_T5c_mid-0.5=279355.5000  sbar_dark_T5d_mid-0.5=269470.0938  sbar_dark_T4a_mid+0.5=13413.8525  sbar_dark_T4b_mid+0.5=14008.2178  sbar_dark_T4c_mid+0.5=14579.0049  sbar_dark_T4d_mid+0.5=12738.1680  sbar_dark_T5a_mid+0.5=48365.7812  sbar_dark_T5b_mid+0.5=45154.1016  sbar_dark_T5c_mid+0.5=42998.9492  sbar_dark_T5d_mid+0.5=60453.1484  sbar_dark_T4b_mid+1.5=21200.1074  sbar_dark_T4c_mid+1.5=19454.5352  sbar_dark_T4d_mid+1.5=11543.6602  sbar_dark_T5a_mid+1.5=106348.6016  sbar_dark_T5b_mid+1.5=100367.9609  sbar_dark_T5c_mid+1.5=95937.8906  sbar_dark_T5d_mid+1.5=103140.6484  sbar_dark_T4a_mid+1.5=15636.1094]:    80%|████████  | 240/300 [02:42<00:40,  1.47it/s] Cost: 276010.4062  [spread_bright_L5=1436397.3750  spread_bright_Mi1=1426341.1250  spread_bright_Tm3=878546.7500  spread_bright_Mi4=1916938.0000  spread_dark_L1=1245519.1250  spread_dark_L2=1214360.7500  spread_dark_L3=1267302.3750  spread_dark_L4=1448222.6250  spread_dark_Mi9=742352.2500  spread_dark_Tm1=920554.5625  spread_dark_Tm2=887665.1875  spread_dark_Tm4=1107113.1250  spread_dark_Tm9=728911.6250  sbar_bright_T4a_mid+0=304975.5312  sbar_bright_T4b_mid+0=247647.9062  sbar_bright_T4c_mid+0=253373.3750  sbar_bright_T4d_mid+0=244799.4844  sbar_bright_T5a_mid+0=132344.4688  sbar_bright_T5b_mid+0=96757.8594  sbar_bright_T5c_mid+0=130593.7266  sbar_bright_T5d_mid+0=108078.6484  sbar_bright_T4a_mid+1=184068.2031  sbar_bright_T4b_mid+1=212042.1406  sbar_bright_T4c_mid+1=202143.7031  sbar_bright_T4d_mid+1=231938.5312  sbar_bright_T5a_mid+1=102022.3594  sbar_bright_T5b_mid+1=119311.1172  sbar_bright_T5c_mid+1=105932.7422  sbar_bright_T5d_mid+1=98918.4062  sbar_bright_T4a_mid+2=89784.2500  sbar_bright_T4b_mid+2=91799.7188  sbar_bright_T4c_mid+2=79770.2031  sbar_bright_T4d_mid+2=62206.7344  sbar_bright_T5a_mid+2=163242.7344  sbar_bright_T5b_mid+2=172585.2969  sbar_bright_T5c_mid+2=137591.9531  sbar_bright_T5d_mid+2=140634.4375  sbar_bright_T4a_mid-1=1006268.6875  sbar_bright_T4b_mid-1=803408.1250  sbar_bright_T4c_mid-1=1014573.5000  sbar_bright_T4d_mid-1=1210951.1250  sbar_bright_T5a_mid-1=394121.2188  sbar_bright_T5b_mid-1=358708.2812  sbar_bright_T5c_mid-1=404533.1250  sbar_bright_T5d_mid-1=412459.0000  sbar_bright_T4a_mid-2=176860.5938  sbar_bright_T4b_mid-2=186117.9219  sbar_bright_T4c_mid-2=182120.5625  sbar_bright_T4d_mid-2=183582.9844  sbar_bright_T5b_mid-2=97666.3672  sbar_bright_T5c_mid-2=86292.5078  sbar_bright_T5d_mid-2=76497.4609  sbar_bright_T5a_mid-2=86904.6953  sbar_bright_T4a_mid-1.5=72600.8906  sbar_bright_T4b_mid-1.5=92396.2500  sbar_bright_T4c_mid-1.5=98253.3281  sbar_bright_T4d_mid-1.5=112698.2500  sbar_bright_T5a_mid-1.5=114343.8203  sbar_bright_T5b_mid-1.5=100380.1484  sbar_bright_T5c_mid-1.5=105911.4688  sbar_bright_T5d_mid-1.5=89527.1172  sbar_bright_T4a_mid-0.5=521690.6875  sbar_bright_T4b_mid-0.5=561907.0625  sbar_bright_T4c_mid-0.5=734507.0625  sbar_bright_T4d_mid-0.5=747413.8125  sbar_bright_T5a_mid-0.5=127217.2422  sbar_bright_T5b_mid-0.5=163917.2656  sbar_bright_T5c_mid-0.5=100543.2109  sbar_bright_T5d_mid-0.5=149255.2188  sbar_bright_T4a_mid+0.5=77691.3203  sbar_bright_T4b_mid+0.5=63187.0430  sbar_bright_T4c_mid+0.5=69018.8984  sbar_bright_T4d_mid+0.5=92248.6875  sbar_bright_T5a_mid+0.5=47205.7852  sbar_bright_T5b_mid+0.5=39627.4648  sbar_bright_T5c_mid+0.5=37505.2656  sbar_bright_T5d_mid+0.5=33481.3008  sbar_bright_T4b_mid+1.5=66592.1797  sbar_bright_T4c_mid+1.5=100017.7109  sbar_bright_T4d_mid+1.5=47261.2695  sbar_bright_T5a_mid+1.5=49816.3008  sbar_bright_T5b_mid+1.5=52750.2578  sbar_bright_T5c_mid+1.5=44093.2031  sbar_bright_T5d_mid+1.5=31707.5254  sbar_bright_T4a_mid+1.5=38824.3281  sbar_dark_T4a_mid+0=52970.7773  sbar_dark_T4b_mid+0=46211.1133  sbar_dark_T4c_mid+0=54032.9883  sbar_dark_T4d_mid+0=49830.0977  sbar_dark_T5a_mid+0=202551.9375  sbar_dark_T5b_mid+0=260491.1719  sbar_dark_T5c_mid+0=159236.5312  sbar_dark_T5d_mid+0=183390.5781  sbar_dark_T4a_mid+1=39334.9375  sbar_dark_T4b_mid+1=54905.1562  sbar_dark_T4c_mid+1=67461.1719  sbar_dark_T4d_mid+1=45027.6250  sbar_dark_T5a_mid+1=191748.4375  sbar_dark_T5b_mid+1=287016.8750  sbar_dark_T5c_mid+1=196348.1875  sbar_dark_T5d_mid+1=150797.6250  sbar_dark_T4a_mid+2=73653.6016  sbar_dark_T4b_mid+2=63436.4453  sbar_dark_T4c_mid+2=80259.7031  sbar_dark_T4d_mid+2=45213.1094  sbar_dark_T5a_mid+2=165197.4062  sbar_dark_T5b_mid+2=226880.0781  sbar_dark_T5c_mid+2=158916.1875  sbar_dark_T5d_mid+2=145538.1406  sbar_dark_T4a_mid-1=186398.5781  sbar_dark_T4b_mid-1=227514.9844  sbar_dark_T4c_mid-1=245723.7188  sbar_dark_T4d_mid-1=214536.2969  sbar_dark_T5a_mid-1=861182.1250  sbar_dark_T5b_mid-1=1167217.6250  sbar_dark_T5c_mid-1=848642.9375  sbar_dark_T5d_mid-1=923169.2500  sbar_dark_T4a_mid-2=129745.8047  sbar_dark_T4b_mid-2=127436.5625  sbar_dark_T4c_mid-2=181752.6562  sbar_dark_T4d_mid-2=159570.7812  sbar_dark_T5b_mid-2=603564.6250  sbar_dark_T5c_mid-2=329619.0938  sbar_dark_T5d_mid-2=377921.5625  sbar_dark_T5a_mid-2=356112.4375  sbar_dark_T4a_mid-1.5=70522.2500  sbar_dark_T4b_mid-1.5=63549.3516  sbar_dark_T4c_mid-1.5=65684.8594  sbar_dark_T4d_mid-1.5=74984.1172  sbar_dark_T5a_mid-1.5=115530.5234  sbar_dark_T5b_mid-1.5=165187.0469  sbar_dark_T5c_mid-1.5=87287.2266  sbar_dark_T5d_mid-1.5=110564.4688  sbar_dark_T4a_mid-0.5=47174.5469  sbar_dark_T4b_mid-0.5=60408.6016  sbar_dark_T4c_mid-0.5=53078.5625  sbar_dark_T4d_mid-0.5=45832.5273  sbar_dark_T5a_mid-0.5=317065.7812  sbar_dark_T5b_mid-0.5=459226.0000  sbar_dark_T5c_mid-0.5=289820.0625  sbar_dark_T5d_mid-0.5=318473.9688  sbar_dark_T4a_mid+0.5=13682.0127  sbar_dark_T4b_mid+0.5=12362.5342  sbar_dark_T4c_mid+0.5=12792.2686  sbar_dark_T4d_mid+0.5=10126.0938  sbar_dark_T5a_mid+0.5=44772.2344  sbar_dark_T5b_mid+0.5=47234.9258  sbar_dark_T5c_mid+0.5=41534.5742  sbar_dark_T5d_mid+0.5=45241.5586  sbar_dark_T4b_mid+1.5=19642.3613  sbar_dark_T4c_mid+1.5=19863.4512  sbar_dark_T4d_mid+1.5=9366.6572  sbar_dark_T5a_mid+1.5=98702.1406  sbar_dark_T5b_mid+1.5=97633.2266  sbar_dark_T5c_mid+1.5=91209.0312  sbar_dark_T5d_mid+1.5=73503.7969  sbar_dark_T4a_mid+1.5=13558.7637]:      83%|████████▎ | 250/300 [02:49<00:33,  1.47it/s] Cost: 272162.1875  [spread_bright_L5=1402268.8750  spread_bright_Mi1=1492651.8750  spread_bright_Tm3=908184.6250  spread_bright_Mi4=1990084.0000  spread_dark_L1=1267509.5000  spread_dark_L2=1169225.0000  spread_dark_L3=1232868.2500  spread_dark_L4=1446334.1250  spread_dark_Mi9=733353.8750  spread_dark_Tm1=904440.8125  spread_dark_Tm2=884405.8750  spread_dark_Tm4=1095903.6250  spread_dark_Tm9=729447.8125  sbar_bright_T4a_mid+0=321796.0312  sbar_bright_T4b_mid+0=244668.9375  sbar_bright_T4c_mid+0=253939.0938  sbar_bright_T4d_mid+0=266701.0938  sbar_bright_T5a_mid+0=127507.4844  sbar_bright_T5b_mid+0=101603.2734  sbar_bright_T5c_mid+0=123903.3203  sbar_bright_T5d_mid+0=96072.9375  sbar_bright_T4a_mid+1=210927.9062  sbar_bright_T4b_mid+1=230418.7969  sbar_bright_T4c_mid+1=212208.6250  sbar_bright_T4d_mid+1=251138.8438  sbar_bright_T5a_mid+1=95650.5938  sbar_bright_T5b_mid+1=114808.7812  sbar_bright_T5c_mid+1=101422.9375  sbar_bright_T5d_mid+1=91877.6172  sbar_bright_T4a_mid+2=94220.2031  sbar_bright_T4b_mid+2=94282.7578  sbar_bright_T4c_mid+2=77625.7266  sbar_bright_T4d_mid+2=62287.2773  sbar_bright_T5a_mid+2=155283.2656  sbar_bright_T5b_mid+2=162425.4219  sbar_bright_T5c_mid+2=132731.8438  sbar_bright_T5d_mid+2=137804.2031  sbar_bright_T4a_mid-1=930467.5625  sbar_bright_T4b_mid-1=792048.9375  sbar_bright_T4c_mid-1=994365.5625  sbar_bright_T4d_mid-1=1141744.5000  sbar_bright_T5a_mid-1=378037.5625  sbar_bright_T5b_mid-1=344554.4688  sbar_bright_T5c_mid-1=392639.6250  sbar_bright_T5d_mid-1=379040.2188  sbar_bright_T4a_mid-2=157795.7969  sbar_bright_T4b_mid-2=177644.8750  sbar_bright_T4c_mid-2=181836.6875  sbar_bright_T4d_mid-2=171204.3281  sbar_bright_T5b_mid-2=93727.4375  sbar_bright_T5c_mid-2=81963.0000  sbar_bright_T5d_mid-2=68476.3125  sbar_bright_T5a_mid-2=81925.0781  sbar_bright_T4a_mid-1.5=64497.0586  sbar_bright_T4b_mid-1.5=90790.9844  sbar_bright_T4c_mid-1.5=100483.4609  sbar_bright_T4d_mid-1.5=107051.2578  sbar_bright_T5a_mid-1.5=104427.6172  sbar_bright_T5b_mid-1.5=94668.8125  sbar_bright_T5c_mid-1.5=97469.5781  sbar_bright_T5d_mid-1.5=84163.4844  sbar_bright_T4a_mid-0.5=458760.8125  sbar_bright_T4b_mid-0.5=542526.8125  sbar_bright_T4c_mid-0.5=706930.2500  sbar_bright_T4d_mid-0.5=697698.7500  sbar_bright_T5a_mid-0.5=118310.8906  sbar_bright_T5b_mid-0.5=150247.0781  sbar_bright_T5c_mid-0.5=95460.8516  sbar_bright_T5d_mid-0.5=129486.8594  sbar_bright_T4a_mid+0.5=69907.7109  sbar_bright_T4b_mid+0.5=66438.2109  sbar_bright_T4c_mid+0.5=66977.8828  sbar_bright_T4d_mid+0.5=87708.2344  sbar_bright_T5a_mid+0.5=41166.3242  sbar_bright_T5b_mid+0.5=42128.2266  sbar_bright_T5c_mid+0.5=35175.9180  sbar_bright_T5d_mid+0.5=32937.5117  sbar_bright_T4b_mid+1.5=73475.8203  sbar_bright_T4c_mid+1.5=125382.3203  sbar_bright_T4d_mid+1.5=52604.9805  sbar_bright_T5a_mid+1.5=43806.9922  sbar_bright_T5b_mid+1.5=53060.4414  sbar_bright_T5c_mid+1.5=41019.7305  sbar_bright_T5d_mid+1.5=28114.7578  sbar_bright_T4a_mid+1.5=45947.1250  sbar_dark_T4a_mid+0=51898.6680  sbar_dark_T4b_mid+0=42980.8633  sbar_dark_T4c_mid+0=48582.3789  sbar_dark_T4d_mid+0=49978.3633  sbar_dark_T5a_mid+0=200209.8281  sbar_dark_T5b_mid+0=266175.9688  sbar_dark_T5c_mid+0=154249.2500  sbar_dark_T5d_mid+0=186129.3750  sbar_dark_T4a_mid+1=39103.0117  sbar_dark_T4b_mid+1=46508.8477  sbar_dark_T4c_mid+1=64395.0234  sbar_dark_T4d_mid+1=45804.2578  sbar_dark_T5a_mid+1=188426.9062  sbar_dark_T5b_mid+1=300133.0000  sbar_dark_T5c_mid+1=197585.2500  sbar_dark_T5d_mid+1=136315.6094  sbar_dark_T4a_mid+2=67461.6016  sbar_dark_T4b_mid+2=56320.4453  sbar_dark_T4c_mid+2=70873.2344  sbar_dark_T4d_mid+2=46825.7734  sbar_dark_T5a_mid+2=164670.3281  sbar_dark_T5b_mid+2=236446.1406  sbar_dark_T5c_mid+2=163688.6562  sbar_dark_T5d_mid+2=141786.0469  sbar_dark_T4a_mid-1=190391.0938  sbar_dark_T4b_mid-1=202057.2656  sbar_dark_T4c_mid-1=223293.8750  sbar_dark_T4d_mid-1=208301.3281  sbar_dark_T5a_mid-1=853601.8125  sbar_dark_T5b_mid-1=1119466.8750  sbar_dark_T5c_mid-1=837274.3750  sbar_dark_T5d_mid-1=990064.3750  sbar_dark_T4a_mid-2=133078.3594  sbar_dark_T4b_mid-2=110016.8984  sbar_dark_T4c_mid-2=154930.6719  sbar_dark_T4d_mid-2=153697.6719  sbar_dark_T5b_mid-2=587439.0625  sbar_dark_T5c_mid-2=318848.0312  sbar_dark_T5d_mid-2=416766.0312  sbar_dark_T5a_mid-2=353345.6562  sbar_dark_T4a_mid-1.5=72979.2656  sbar_dark_T4b_mid-1.5=55561.9570  sbar_dark_T4c_mid-1.5=55979.0352  sbar_dark_T4d_mid-1.5=75647.2891  sbar_dark_T5a_mid-1.5=110495.9219  sbar_dark_T5b_mid-1.5=160435.7969  sbar_dark_T5c_mid-1.5=86054.4922  sbar_dark_T5d_mid-1.5=120854.3594  sbar_dark_T4a_mid-0.5=47132.1445  sbar_dark_T4b_mid-0.5=53988.1172  sbar_dark_T4c_mid-0.5=45937.6875  sbar_dark_T4d_mid-0.5=44956.4258  sbar_dark_T5a_mid-0.5=321656.6562  sbar_dark_T5b_mid-0.5=453858.0625  sbar_dark_T5c_mid-0.5=286275.0000  sbar_dark_T5d_mid-0.5=344435.4375  sbar_dark_T4a_mid+0.5=14194.6201  sbar_dark_T4b_mid+0.5=12343.9590  sbar_dark_T4c_mid+0.5=12019.6963  sbar_dark_T4d_mid+0.5=10495.6260  sbar_dark_T5a_mid+0.5=44563.1953  sbar_dark_T5b_mid+0.5=48899.0156  sbar_dark_T5c_mid+0.5=40990.7188  sbar_dark_T5d_mid+0.5=41351.3711  sbar_dark_T4b_mid+1.5=18259.3926  sbar_dark_T4c_mid+1.5=18162.3086  sbar_dark_T4d_mid+1.5=10288.4648  sbar_dark_T5a_mid+1.5=95413.1875  sbar_dark_T5b_mid+1.5=101210.2734  sbar_dark_T5c_mid+1.5=93477.3516  sbar_dark_T5d_mid+1.5=63640.8594  sbar_dark_T4a_mid+1.5=14491.7949]:     87%|████████▋ | 260/300 [02:55<00:27,  1.48it/s] Cost: 276072.5000  [spread_bright_L5=1420917.0000  spread_bright_Mi1=1455717.1250  spread_bright_Tm3=889816.5000  spread_bright_Mi4=2502712.0000  spread_dark_L1=1250395.8750  spread_dark_L2=1135324.7500  spread_dark_L3=1207781.0000  spread_dark_L4=1453031.5000  spread_dark_Mi9=679004.9375  spread_dark_Tm1=958366.1250  spread_dark_Tm2=905649.1250  spread_dark_Tm4=1083823.8750  spread_dark_Tm9=783909.8750  sbar_bright_T4a_mid+0=298010.6250  sbar_bright_T4b_mid+0=247413.5938  sbar_bright_T4c_mid+0=254460.7656  sbar_bright_T4d_mid+0=265631.0625  sbar_bright_T5a_mid+0=134884.9688  sbar_bright_T5b_mid+0=106121.6328  sbar_bright_T5c_mid+0=112852.4531  sbar_bright_T5d_mid+0=103624.9688  sbar_bright_T4a_mid+1=185477.9844  sbar_bright_T4b_mid+1=202976.9062  sbar_bright_T4c_mid+1=197902.8750  sbar_bright_T4d_mid+1=228878.1562  sbar_bright_T5a_mid+1=98460.8359  sbar_bright_T5b_mid+1=132093.2344  sbar_bright_T5c_mid+1=98281.6719  sbar_bright_T5d_mid+1=97964.9531  sbar_bright_T4a_mid+2=99899.4766  sbar_bright_T4b_mid+2=89668.6641  sbar_bright_T4c_mid+2=72836.3281  sbar_bright_T4d_mid+2=60871.2227  sbar_bright_T5a_mid+2=161142.4688  sbar_bright_T5b_mid+2=171871.9062  sbar_bright_T5c_mid+2=135711.9844  sbar_bright_T5d_mid+2=141200.2344  sbar_bright_T4a_mid-1=995923.6250  sbar_bright_T4b_mid-1=779962.3750  sbar_bright_T4c_mid-1=1038953.1250  sbar_bright_T4d_mid-1=1189546.1250  sbar_bright_T5a_mid-1=378995.0625  sbar_bright_T5b_mid-1=347841.4375  sbar_bright_T5c_mid-1=374715.4688  sbar_bright_T5d_mid-1=379022.7812  sbar_bright_T4a_mid-2=175168.9531  sbar_bright_T4b_mid-2=191777.6250  sbar_bright_T4c_mid-2=189187.6875  sbar_bright_T4d_mid-2=190530.5312  sbar_bright_T5b_mid-2=97328.8047  sbar_bright_T5c_mid-2=83508.5938  sbar_bright_T5d_mid-2=72363.9219  sbar_bright_T5a_mid-2=83915.9453  sbar_bright_T4a_mid-1.5=69452.4531  sbar_bright_T4b_mid-1.5=90443.0469  sbar_bright_T4c_mid-1.5=93635.2734  sbar_bright_T4d_mid-1.5=112675.9766  sbar_bright_T5a_mid-1.5=100203.2656  sbar_bright_T5b_mid-1.5=97189.7969  sbar_bright_T5c_mid-1.5=96017.3125  sbar_bright_T5d_mid-1.5=84830.6953  sbar_bright_T4a_mid-0.5=506034.8438  sbar_bright_T4b_mid-0.5=558091.3750  sbar_bright_T4c_mid-0.5=722412.5000  sbar_bright_T4d_mid-0.5=728030.9375  sbar_bright_T5a_mid-0.5=113396.9297  sbar_bright_T5b_mid-0.5=150878.6406  sbar_bright_T5c_mid-0.5=95093.7656  sbar_bright_T5d_mid-0.5=129562.8047  sbar_bright_T4a_mid+0.5=79965.4531  sbar_bright_T4b_mid+0.5=68186.9922  sbar_bright_T4c_mid+0.5=67790.3359  sbar_bright_T4d_mid+0.5=88924.8281  sbar_bright_T5a_mid+0.5=46536.7070  sbar_bright_T5b_mid+0.5=60292.7969  sbar_bright_T5c_mid+0.5=36668.9414  sbar_bright_T5d_mid+0.5=36379.7930  sbar_bright_T4b_mid+1.5=63750.1641  sbar_bright_T4c_mid+1.5=124801.1328  sbar_bright_T4d_mid+1.5=54906.0391  sbar_bright_T5a_mid+1.5=49271.2422  sbar_bright_T5b_mid+1.5=57445.7109  sbar_bright_T5c_mid+1.5=39623.0039  sbar_bright_T5d_mid+1.5=30927.6836  sbar_bright_T4a_mid+1.5=49999.8516  sbar_dark_T4a_mid+0=47718.2305  sbar_dark_T4b_mid+0=38335.3633  sbar_dark_T4c_mid+0=49842.2031  sbar_dark_T4d_mid+0=46443.1719  sbar_dark_T5a_mid+0=206479.0000  sbar_dark_T5b_mid+0=280854.3438  sbar_dark_T5c_mid+0=149770.6250  sbar_dark_T5d_mid+0=196917.1406  sbar_dark_T4a_mid+1=35525.5938  sbar_dark_T4b_mid+1=43216.1250  sbar_dark_T4c_mid+1=71855.7891  sbar_dark_T4d_mid+1=38664.3359  sbar_dark_T5a_mid+1=185229.2344  sbar_dark_T5b_mid+1=293587.3125  sbar_dark_T5c_mid+1=187037.3594  sbar_dark_T5d_mid+1=140787.5156  sbar_dark_T4a_mid+2=73699.8438  sbar_dark_T4b_mid+2=58697.6875  sbar_dark_T4c_mid+2=67355.4844  sbar_dark_T4d_mid+2=39942.5938  sbar_dark_T5a_mid+2=162219.5938  sbar_dark_T5b_mid+2=227493.0469  sbar_dark_T5c_mid+2=154817.8281  sbar_dark_T5d_mid+2=136655.4844  sbar_dark_T4a_mid-1=175105.6250  sbar_dark_T4b_mid-1=207658.0000  sbar_dark_T4c_mid-1=214199.7969  sbar_dark_T4d_mid-1=186635.0156  sbar_dark_T5a_mid-1=838638.1250  sbar_dark_T5b_mid-1=1124810.5000  sbar_dark_T5c_mid-1=859010.0000  sbar_dark_T5d_mid-1=955980.1875  sbar_dark_T4a_mid-2=124427.2344  sbar_dark_T4b_mid-2=117338.4531  sbar_dark_T4c_mid-2=163540.8750  sbar_dark_T4d_mid-2=133013.1094  sbar_dark_T5b_mid-2=583563.3125  sbar_dark_T5c_mid-2=331257.4375  sbar_dark_T5d_mid-2=397613.9688  sbar_dark_T5a_mid-2=345412.4375  sbar_dark_T4a_mid-1.5=65579.1875  sbar_dark_T4b_mid-1.5=60731.2422  sbar_dark_T4c_mid-1.5=60830.9531  sbar_dark_T4d_mid-1.5=63186.3828  sbar_dark_T5a_mid-1.5=115941.3906  sbar_dark_T5b_mid-1.5=161305.3125  sbar_dark_T5c_mid-1.5=88783.0234  sbar_dark_T5d_mid-1.5=115886.3047  sbar_dark_T4a_mid-0.5=40026.0625  sbar_dark_T4b_mid-0.5=51761.8789  sbar_dark_T4c_mid-0.5=45586.1875  sbar_dark_T4d_mid-0.5=39934.4141  sbar_dark_T5a_mid-0.5=325769.8125  sbar_dark_T5b_mid-0.5=454245.8125  sbar_dark_T5c_mid-0.5=294247.9688  sbar_dark_T5d_mid-0.5=328701.5312  sbar_dark_T4a_mid+0.5=12568.2217  sbar_dark_T4b_mid+0.5=12035.1738  sbar_dark_T4c_mid+0.5=12070.2803  sbar_dark_T4d_mid+0.5=8486.2158  sbar_dark_T5a_mid+0.5=42952.8438  sbar_dark_T5b_mid+0.5=51318.1758  sbar_dark_T5c_mid+0.5=42070.4492  sbar_dark_T5d_mid+0.5=40553.0234  sbar_dark_T4b_mid+1.5=17286.8027  sbar_dark_T4c_mid+1.5=17492.2695  sbar_dark_T4d_mid+1.5=9560.4863  sbar_dark_T5a_mid+1.5=98712.6406  sbar_dark_T5b_mid+1.5=106030.5078  sbar_dark_T5c_mid+1.5=89766.1328  sbar_dark_T5d_mid+1.5=67639.7969  sbar_dark_T4a_mid+1.5=14111.4395]:    90%|█████████ | 270/300 [03:02<00:20,  1.48it/s] Cost: 268882.7188  [spread_bright_L5=1395144.2500  spread_bright_Mi1=1524401.7500  spread_bright_Tm3=881316.9375  spread_bright_Mi4=1993431.8750  spread_dark_L1=1207032.7500  spread_dark_L2=1086867.1250  spread_dark_L3=1152604.6250  spread_dark_L4=1450364.2500  spread_dark_Mi9=793091.2500  spread_dark_Tm1=974927.8125  spread_dark_Tm2=898189.1875  spread_dark_Tm4=1077855.3750  spread_dark_Tm9=726904.6875  sbar_bright_T4a_mid+0=332762.5312  sbar_bright_T4b_mid+0=258479.0781  sbar_bright_T4c_mid+0=249166.2812  sbar_bright_T4d_mid+0=264484.1250  sbar_bright_T5a_mid+0=146875.1094  sbar_bright_T5b_mid+0=116530.9609  sbar_bright_T5c_mid+0=134020.9062  sbar_bright_T5d_mid+0=153630.6406  sbar_bright_T4a_mid+1=207447.0469  sbar_bright_T4b_mid+1=254957.3281  sbar_bright_T4c_mid+1=240554.6719  sbar_bright_T4d_mid+1=243643.7656  sbar_bright_T5a_mid+1=93057.0625  sbar_bright_T5b_mid+1=119336.2734  sbar_bright_T5c_mid+1=105561.4844  sbar_bright_T5d_mid+1=118653.9688  sbar_bright_T4a_mid+2=124423.5859  sbar_bright_T4b_mid+2=128417.1172  sbar_bright_T4c_mid+2=89816.2422  sbar_bright_T4d_mid+2=55834.6094  sbar_bright_T5a_mid+2=142840.6562  sbar_bright_T5b_mid+2=155749.0781  sbar_bright_T5c_mid+2=128894.3750  sbar_bright_T5d_mid+2=137406.0469  sbar_bright_T4a_mid-1=920805.3125  sbar_bright_T4b_mid-1=690257.6250  sbar_bright_T4c_mid-1=918477.0000  sbar_bright_T4d_mid-1=1150138.0000  sbar_bright_T5a_mid-1=360643.1562  sbar_bright_T5b_mid-1=314449.0000  sbar_bright_T5c_mid-1=375026.8438  sbar_bright_T5d_mid-1=413698.1875  sbar_bright_T4a_mid-2=153295.1406  sbar_bright_T4b_mid-2=159220.1562  sbar_bright_T4c_mid-2=170837.6562  sbar_bright_T4d_mid-2=185254.2500  sbar_bright_T5b_mid-2=98635.7266  sbar_bright_T5c_mid-2=86372.4922  sbar_bright_T5d_mid-2=89984.7031  sbar_bright_T5a_mid-2=84560.5312  sbar_bright_T4a_mid-1.5=60818.9180  sbar_bright_T4b_mid-1.5=80037.9375  sbar_bright_T4c_mid-1.5=88472.7422  sbar_bright_T4d_mid-1.5=114325.3672  sbar_bright_T5a_mid-1.5=84817.3438  sbar_bright_T5b_mid-1.5=85895.3438  sbar_bright_T5c_mid-1.5=82378.6328  sbar_bright_T5d_mid-1.5=78260.3281  sbar_bright_T4a_mid-0.5=431275.2188  sbar_bright_T4b_mid-0.5=483041.3750  sbar_bright_T4c_mid-0.5=655813.2500  sbar_bright_T4d_mid-0.5=693165.1875  sbar_bright_T5a_mid-0.5=99658.3203  sbar_bright_T5b_mid-0.5=132349.4375  sbar_bright_T5c_mid-0.5=88795.9609  sbar_bright_T5d_mid-0.5=135334.1406  sbar_bright_T4a_mid+0.5=70138.9609  sbar_bright_T4b_mid+0.5=72658.0859  sbar_bright_T4c_mid+0.5=78740.5703  sbar_bright_T4d_mid+0.5=87468.5156  sbar_bright_T5a_mid+0.5=39817.7891  sbar_bright_T5b_mid+0.5=47447.7930  sbar_bright_T5c_mid+0.5=38295.8633  sbar_bright_T5d_mid+0.5=50975.1250  sbar_bright_T4b_mid+1.5=87422.2500  sbar_bright_T4c_mid+1.5=181344.5781  sbar_bright_T4d_mid+1.5=59948.7656  sbar_bright_T5a_mid+1.5=44048.8906  sbar_bright_T5b_mid+1.5=59980.2578  sbar_bright_T5c_mid+1.5=40256.5508  sbar_bright_T5d_mid+1.5=32242.2754  sbar_bright_T4a_mid+1.5=63118.3867  sbar_dark_T4a_mid+0=74293.3203  sbar_dark_T4b_mid+0=61407.6836  sbar_dark_T4c_mid+0=60055.4492  sbar_dark_T4d_mid+0=63688.3203  sbar_dark_T5a_mid+0=246013.4688  sbar_dark_T5b_mid+0=318496.3750  sbar_dark_T5c_mid+0=162612.4688  sbar_dark_T5d_mid+0=215887.7188  sbar_dark_T4a_mid+1=47121.7578  sbar_dark_T4b_mid+1=53451.3594  sbar_dark_T4c_mid+1=99759.5625  sbar_dark_T4d_mid+1=52238.5039  sbar_dark_T5a_mid+1=207313.7969  sbar_dark_T5b_mid+1=318555.4375  sbar_dark_T5c_mid+1=224604.6719  sbar_dark_T5d_mid+1=207535.8750  sbar_dark_T4a_mid+2=81759.3359  sbar_dark_T4b_mid+2=67229.5938  sbar_dark_T4c_mid+2=74291.1250  sbar_dark_T4d_mid+2=41596.5508  sbar_dark_T5a_mid+2=163493.5156  sbar_dark_T5b_mid+2=246258.6406  sbar_dark_T5c_mid+2=166703.1406  sbar_dark_T5d_mid+2=162579.3906  sbar_dark_T4a_mid-1=178868.7812  sbar_dark_T4b_mid-1=225748.6562  sbar_dark_T4c_mid-1=257134.2969  sbar_dark_T4d_mid-1=181006.6719  sbar_dark_T5a_mid-1=751749.0625  sbar_dark_T5b_mid-1=1062979.3750  sbar_dark_T5c_mid-1=760352.1875  sbar_dark_T5d_mid-1=741349.2500  sbar_dark_T4a_mid-2=134825.1250  sbar_dark_T4b_mid-2=135837.7031  sbar_dark_T4c_mid-2=189695.0312  sbar_dark_T4d_mid-2=123356.1875  sbar_dark_T5b_mid-2=565442.3750  sbar_dark_T5c_mid-2=281930.8125  sbar_dark_T5d_mid-2=293453.4375  sbar_dark_T5a_mid-2=310905.9375  sbar_dark_T4a_mid-1.5=70148.9297  sbar_dark_T4b_mid-1.5=65218.2188  sbar_dark_T4c_mid-1.5=68346.6875  sbar_dark_T4d_mid-1.5=56343.7578  sbar_dark_T5a_mid-1.5=97668.0391  sbar_dark_T5b_mid-1.5=156236.1562  sbar_dark_T5c_mid-1.5=78047.9609  sbar_dark_T5d_mid-1.5=87834.2578  sbar_dark_T4a_mid-0.5=36016.7656  sbar_dark_T4b_mid-0.5=50342.1016  sbar_dark_T4c_mid-0.5=48987.5742  sbar_dark_T4d_mid-0.5=36036.9141  sbar_dark_T5a_mid-0.5=292543.9688  sbar_dark_T5b_mid-0.5=435351.5938  sbar_dark_T5c_mid-0.5=261126.9062  sbar_dark_T5d_mid-0.5=253385.5781  sbar_dark_T4a_mid+0.5=14007.0928  sbar_dark_T4b_mid+0.5=18256.2656  sbar_dark_T4c_mid+0.5=18428.3359  sbar_dark_T4d_mid+0.5=10545.1641  sbar_dark_T5a_mid+0.5=45022.9883  sbar_dark_T5b_mid+0.5=49273.5859  sbar_dark_T5c_mid+0.5=41183.9531  sbar_dark_T5d_mid+0.5=58912.8047  sbar_dark_T4b_mid+1.5=21353.9414  sbar_dark_T4c_mid+1.5=20851.2949  sbar_dark_T4d_mid+1.5=12104.4102  sbar_dark_T5a_mid+1.5=101756.7188  sbar_dark_T5b_mid+1.5=113559.5312  sbar_dark_T5c_mid+1.5=96768.5000  sbar_dark_T5d_mid+1.5=88840.6250  sbar_dark_T4a_mid+1.5=13822.6191]:  93%|█████████▎| 280/300 [03:09<00:13,  1.48it/s] Cost: 264962.9375  [spread_bright_L5=1337489.0000  spread_bright_Mi1=1562552.6250  spread_bright_Tm3=891987.8750  spread_bright_Mi4=1951803.1250  spread_dark_L1=1203274.1250  spread_dark_L2=1032843.3125  spread_dark_L3=1127049.7500  spread_dark_L4=1458680.1250  spread_dark_Mi9=751880.5000  spread_dark_Tm1=921913.6250  spread_dark_Tm2=909528.3125  spread_dark_Tm4=1081386.8750  spread_dark_Tm9=715324.2500  sbar_bright_T4a_mid+0=245615.2656  sbar_bright_T4b_mid+0=222363.9375  sbar_bright_T4c_mid+0=249251.6875  sbar_bright_T4d_mid+0=238716.0469  sbar_bright_T5a_mid+0=131980.6250  sbar_bright_T5b_mid+0=113207.5078  sbar_bright_T5c_mid+0=118687.9766  sbar_bright_T5d_mid+0=115703.2891  sbar_bright_T4a_mid+1=199483.0469  sbar_bright_T4b_mid+1=217726.6250  sbar_bright_T4c_mid+1=200514.8281  sbar_bright_T4d_mid+1=255954.7656  sbar_bright_T5a_mid+1=90021.1797  sbar_bright_T5b_mid+1=109342.8984  sbar_bright_T5c_mid+1=95627.7969  sbar_bright_T5d_mid+1=94725.3047  sbar_bright_T4a_mid+2=85122.6094  sbar_bright_T4b_mid+2=98397.9141  sbar_bright_T4c_mid+2=69030.3047  sbar_bright_T4d_mid+2=68843.5625  sbar_bright_T5a_mid+2=135763.1875  sbar_bright_T5b_mid+2=157623.8281  sbar_bright_T5c_mid+2=116674.7422  sbar_bright_T5d_mid+2=124729.1250  sbar_bright_T4a_mid-1=975249.8750  sbar_bright_T4b_mid-1=740737.0000  sbar_bright_T4c_mid-1=1045401.0625  sbar_bright_T4d_mid-1=1044655.1250  sbar_bright_T5a_mid-1=337970.4062  sbar_bright_T5b_mid-1=313065.0938  sbar_bright_T5c_mid-1=348339.8438  sbar_bright_T5d_mid-1=369712.5312  sbar_bright_T4a_mid-2=163528.6250  sbar_bright_T4b_mid-2=166997.8438  sbar_bright_T4c_mid-2=186841.3281  sbar_bright_T4d_mid-2=156480.3750  sbar_bright_T5b_mid-2=103316.1797  sbar_bright_T5c_mid-2=72767.6094  sbar_bright_T5d_mid-2=69760.5859  sbar_bright_T5a_mid-2=76313.6406  sbar_bright_T4a_mid-1.5=65045.1055  sbar_bright_T4b_mid-1.5=77638.6250  sbar_bright_T4c_mid-1.5=94056.3750  sbar_bright_T4d_mid-1.5=95461.3438  sbar_bright_T5a_mid-1.5=89916.9062  sbar_bright_T5b_mid-1.5=92118.5859  sbar_bright_T5c_mid-1.5=77830.8594  sbar_bright_T5d_mid-1.5=74514.3750  sbar_bright_T4a_mid-0.5=477227.3438  sbar_bright_T4b_mid-0.5=517662.5625  sbar_bright_T4c_mid-0.5=701479.6875  sbar_bright_T4d_mid-0.5=638804.2500  sbar_bright_T5a_mid-0.5=107768.3906  sbar_bright_T5b_mid-0.5=134454.7812  sbar_bright_T5c_mid-0.5=85779.6953  sbar_bright_T5d_mid-0.5=120208.5781  sbar_bright_T4a_mid+0.5=72626.1328  sbar_bright_T4b_mid+0.5=63040.6914  sbar_bright_T4c_mid+0.5=69322.6016  sbar_bright_T4d_mid+0.5=80112.7109  sbar_bright_T5a_mid+0.5=38406.4766  sbar_bright_T5b_mid+0.5=45230.6758  sbar_bright_T5c_mid+0.5=34161.0938  sbar_bright_T5d_mid+0.5=35090.0312  sbar_bright_T4b_mid+1.5=79397.2109  sbar_bright_T4c_mid+1.5=143419.1719  sbar_bright_T4d_mid+1.5=65940.9297  sbar_bright_T5a_mid+1.5=38792.8047  sbar_bright_T5b_mid+1.5=58578.5430  sbar_bright_T5c_mid+1.5=32080.8867  sbar_bright_T5d_mid+1.5=27218.3398  sbar_bright_T4a_mid+1.5=66143.8750  sbar_dark_T4a_mid+0=62360.4531  sbar_dark_T4b_mid+0=51241.9531  sbar_dark_T4c_mid+0=51350.5547  sbar_dark_T4d_mid+0=60440.8242  sbar_dark_T5a_mid+0=246822.8906  sbar_dark_T5b_mid+0=305707.8750  sbar_dark_T5c_mid+0=165721.9062  sbar_dark_T5d_mid+0=190674.8594  sbar_dark_T4a_mid+1=38016.4883  sbar_dark_T4b_mid+1=44865.4297  sbar_dark_T4c_mid+1=66591.1953  sbar_dark_T4d_mid+1=53104.8633  sbar_dark_T5a_mid+1=232560.7500  sbar_dark_T5b_mid+1=343077.3125  sbar_dark_T5c_mid+1=227885.2969  sbar_dark_T5d_mid+1=183443.9062  sbar_dark_T4a_mid+2=58042.7734  sbar_dark_T4b_mid+2=57078.7305  sbar_dark_T4c_mid+2=61278.2773  sbar_dark_T4d_mid+2=52860.1055  sbar_dark_T5a_mid+2=181733.1406  sbar_dark_T5b_mid+2=285335.1250  sbar_dark_T5c_mid+2=183388.3594  sbar_dark_T5d_mid+2=162293.5156  sbar_dark_T4a_mid-1=167894.3906  sbar_dark_T4b_mid-1=200579.7656  sbar_dark_T4c_mid-1=193989.0938  sbar_dark_T4d_mid-1=232443.2031  sbar_dark_T5a_mid-1=758653.5000  sbar_dark_T5b_mid-1=1065267.3750  sbar_dark_T5c_mid-1=773561.0000  sbar_dark_T5d_mid-1=839595.6875  sbar_dark_T4a_mid-2=123424.3281  sbar_dark_T4b_mid-2=123174.7344  sbar_dark_T4c_mid-2=144668.1250  sbar_dark_T4d_mid-2=177012.5938  sbar_dark_T5b_mid-2=584352.0000  sbar_dark_T5c_mid-2=297612.7500  sbar_dark_T5d_mid-2=348747.2812  sbar_dark_T5a_mid-2=320956.5000  sbar_dark_T4a_mid-1.5=62153.9062  sbar_dark_T4b_mid-1.5=59302.3672  sbar_dark_T4c_mid-1.5=50031.3359  sbar_dark_T4d_mid-1.5=81753.1016  sbar_dark_T5a_mid-1.5=99488.2109  sbar_dark_T5b_mid-1.5=155333.3906  sbar_dark_T5c_mid-1.5=86689.5547  sbar_dark_T5d_mid-1.5=105062.8906  sbar_dark_T4a_mid-0.5=34766.4102  sbar_dark_T4b_mid-0.5=45051.7539  sbar_dark_T4c_mid-0.5=36931.2422  sbar_dark_T4d_mid-0.5=47854.9258  sbar_dark_T5a_mid-0.5=284063.0000  sbar_dark_T5b_mid-0.5=422151.6562  sbar_dark_T5c_mid-0.5=259181.2188  sbar_dark_T5d_mid-0.5=279602.7188  sbar_dark_T4a_mid+0.5=11705.1328  sbar_dark_T4b_mid+0.5=15140.2393  sbar_dark_T4c_mid+0.5=16182.5420  sbar_dark_T4d_mid+0.5=8962.2256  sbar_dark_T5a_mid+0.5=49295.9688  sbar_dark_T5b_mid+0.5=52897.2773  sbar_dark_T5c_mid+0.5=44891.6602  sbar_dark_T5d_mid+0.5=52109.1367  sbar_dark_T4b_mid+1.5=17832.9688  sbar_dark_T4c_mid+1.5=16520.7734  sbar_dark_T4d_mid+1.5=11901.0068  sbar_dark_T5a_mid+1.5=101753.0312  sbar_dark_T5b_mid+1.5=114878.1484  sbar_dark_T5c_mid+1.5=99048.5469  sbar_dark_T5d_mid+1.5=75681.0703  sbar_dark_T4a_mid+1.5=11676.7324]:    97%|█████████▋| 290/300 [03:15<00:06,  1.48it/s] Cost: 266744.3438  [spread_bright_L5=1345811.7500  spread_bright_Mi1=1555388.0000  spread_bright_Tm3=888262.9375  spread_bright_Mi4=1917773.7500  spread_dark_L1=1238635.0000  spread_dark_L2=1046378.8125  spread_dark_L3=1103920.1250  spread_dark_L4=1445966.1250  spread_dark_Mi9=683918.0000  spread_dark_Tm1=1009167.8125  spread_dark_Tm2=905267.1250  spread_dark_Tm4=1067278.5000  spread_dark_Tm9=738458.9375  sbar_bright_T4a_mid+0=297430.4375  sbar_bright_T4b_mid+0=233302.5625  sbar_bright_T4c_mid+0=240734.6094  sbar_bright_T4d_mid+0=269250.5312  sbar_bright_T5a_mid+0=148478.7500  sbar_bright_T5b_mid+0=114682.6875  sbar_bright_T5c_mid+0=145593.4375  sbar_bright_T5d_mid+0=150763.1094  sbar_bright_T4a_mid+1=224275.3594  sbar_bright_T4b_mid+1=253164.6875  sbar_bright_T4c_mid+1=222792.7656  sbar_bright_T4d_mid+1=265159.1875  sbar_bright_T5a_mid+1=94150.6875  sbar_bright_T5b_mid+1=118606.2266  sbar_bright_T5c_mid+1=120890.8359  sbar_bright_T5d_mid+1=114712.0312  sbar_bright_T4a_mid+2=99641.9688  sbar_bright_T4b_mid+2=115649.2812  sbar_bright_T4c_mid+2=86550.8594  sbar_bright_T4d_mid+2=73004.6016  sbar_bright_T5a_mid+2=142128.9062  sbar_bright_T5b_mid+2=149535.8750  sbar_bright_T5c_mid+2=134232.9688  sbar_bright_T5d_mid+2=141183.0312  sbar_bright_T4a_mid-1=899737.3125  sbar_bright_T4b_mid-1=711130.1250  sbar_bright_T4c_mid-1=945119.5000  sbar_bright_T4d_mid-1=1009157.7500  sbar_bright_T5a_mid-1=374445.8750  sbar_bright_T5b_mid-1=321816.2500  sbar_bright_T5c_mid-1=404758.7188  sbar_bright_T5d_mid-1=407202.7188  sbar_bright_T4a_mid-2=152378.1094  sbar_bright_T4b_mid-2=164762.7500  sbar_bright_T4c_mid-2=166016.7188  sbar_bright_T4d_mid-2=159532.7656  sbar_bright_T5b_mid-2=98325.2656  sbar_bright_T5c_mid-2=96173.6484  sbar_bright_T5d_mid-2=90645.9219  sbar_bright_T5a_mid-2=86565.9844  sbar_bright_T4a_mid-1.5=57990.0898  sbar_bright_T4b_mid-1.5=73617.7734  sbar_bright_T4c_mid-1.5=78669.8750  sbar_bright_T4d_mid-1.5=88832.5547  sbar_bright_T5a_mid-1.5=102434.4297  sbar_bright_T5b_mid-1.5=97171.5781  sbar_bright_T5c_mid-1.5=94347.6406  sbar_bright_T5d_mid-1.5=81475.9922  sbar_bright_T4a_mid-0.5=449278.2500  sbar_bright_T4b_mid-0.5=504499.0312  sbar_bright_T4c_mid-0.5=673764.1875  sbar_bright_T4d_mid-0.5=624147.8750  sbar_bright_T5a_mid-0.5=116401.7344  sbar_bright_T5b_mid-0.5=150843.5625  sbar_bright_T5c_mid-0.5=100996.2031  sbar_bright_T5d_mid-0.5=139387.4688  sbar_bright_T4a_mid+0.5=70907.1562  sbar_bright_T4b_mid+0.5=67310.3281  sbar_bright_T4c_mid+0.5=62629.3125  sbar_bright_T4d_mid+0.5=81630.7656  sbar_bright_T5a_mid+0.5=46063.6562  sbar_bright_T5b_mid+0.5=52192.4648  sbar_bright_T5c_mid+0.5=47106.2227  sbar_bright_T5d_mid+0.5=43527.1602  sbar_bright_T4b_mid+1.5=111516.1719  sbar_bright_T4c_mid+1.5=168610.3281  sbar_bright_T4d_mid+1.5=77726.3203  sbar_bright_T5a_mid+1.5=41634.9883  sbar_bright_T5b_mid+1.5=48011.2031  sbar_bright_T5c_mid+1.5=43395.8281  sbar_bright_T5d_mid+1.5=31477.2988  sbar_bright_T4a_mid+1.5=81490.9219  sbar_dark_T4a_mid+0=52136.5195  sbar_dark_T4b_mid+0=43803.8516  sbar_dark_T4c_mid+0=52942.5625  sbar_dark_T4d_mid+0=60207.1484  sbar_dark_T5a_mid+0=227007.7344  sbar_dark_T5b_mid+0=305575.0312  sbar_dark_T5c_mid+0=167102.9844  sbar_dark_T5d_mid+0=218128.4062  sbar_dark_T4a_mid+1=39312.6953  sbar_dark_T4b_mid+1=47194.7852  sbar_dark_T4c_mid+1=76387.9219  sbar_dark_T4d_mid+1=52395.7617  sbar_dark_T5a_mid+1=234239.3594  sbar_dark_T5b_mid+1=350858.2812  sbar_dark_T5c_mid+1=278827.0312  sbar_dark_T5d_mid+1=232114.6562  sbar_dark_T4a_mid+2=69265.9297  sbar_dark_T4b_mid+2=61881.2617  sbar_dark_T4c_mid+2=70701.4453  sbar_dark_T4d_mid+2=53538.1016  sbar_dark_T5a_mid+2=171543.2031  sbar_dark_T5b_mid+2=269885.5000  sbar_dark_T5c_mid+2=200563.9062  sbar_dark_T5d_mid+2=179418.7031  sbar_dark_T4a_mid-1=212882.7031  sbar_dark_T4b_mid-1=221816.6406  sbar_dark_T4c_mid-1=258138.3281  sbar_dark_T4d_mid-1=237465.8750  sbar_dark_T5a_mid-1=693208.9375  sbar_dark_T5b_mid-1=1032302.1250  sbar_dark_T5c_mid-1=659551.3125  sbar_dark_T5d_mid-1=699821.9375  sbar_dark_T4a_mid-2=148528.7500  sbar_dark_T4b_mid-2=133280.7969  sbar_dark_T4c_mid-2=191341.7656  sbar_dark_T4d_mid-2=184235.3906  sbar_dark_T5b_mid-2=547427.2500  sbar_dark_T5c_mid-2=235175.1250  sbar_dark_T5d_mid-2=283786.5625  sbar_dark_T5a_mid-2=287692.4688  sbar_dark_T4a_mid-1.5=77893.2344  sbar_dark_T4b_mid-1.5=65256.3203  sbar_dark_T4c_mid-1.5=68408.5469  sbar_dark_T4d_mid-1.5=84745.1094  sbar_dark_T5a_mid-1.5=88759.5469  sbar_dark_T5b_mid-1.5=154188.6875  sbar_dark_T5c_mid-1.5=71618.4531  sbar_dark_T5d_mid-1.5=88985.5156  sbar_dark_T4a_mid-0.5=48665.5156  sbar_dark_T4b_mid-0.5=58010.2734  sbar_dark_T4c_mid-0.5=50392.6289  sbar_dark_T4d_mid-0.5=51366.2422  sbar_dark_T5a_mid-0.5=268916.5000  sbar_dark_T5b_mid-0.5=418935.4062  sbar_dark_T5c_mid-0.5=227746.0156  sbar_dark_T5d_mid-0.5=232384.5156  sbar_dark_T4a_mid+0.5=11255.6172  sbar_dark_T4b_mid+0.5=9222.4482  sbar_dark_T4c_mid+0.5=10483.2402  sbar_dark_T4d_mid+0.5=10218.3330  sbar_dark_T5a_mid+0.5=52226.3984  sbar_dark_T5b_mid+0.5=57709.6484  sbar_dark_T5c_mid+0.5=48132.1484  sbar_dark_T5d_mid+0.5=79308.2500  sbar_dark_T4b_mid+1.5=12957.4717  sbar_dark_T4c_mid+1.5=18153.0840  sbar_dark_T4d_mid+1.5=9248.1104  sbar_dark_T5a_mid+1.5=110902.1094  sbar_dark_T5b_mid+1.5=121441.8984  sbar_dark_T5c_mid+1.5=122821.4141  sbar_dark_T5d_mid+1.5=96629.2891  sbar_dark_T4a_mid+1.5=11196.6279]: 100%|██████████| 300/300 [03:22<00:00,  1.48it/s] Cost: 260820.0000  [spread_bright_L5=1363988.0000  spread_bright_Mi1=1479241.3750  spread_bright_Tm3=876106.1875  spread_bright_Mi4=1912982.7500  spread_dark_L1=1199580.0000  spread_dark_L2=1027695.1250  spread_dark_L3=1124733.6250  spread_dark_L4=1426844.5000  spread_dark_Mi9=696098.6250  spread_dark_Tm1=977006.5625  spread_dark_Tm2=887263.6250  spread_dark_Tm4=1072976.3750  spread_dark_Tm9=691483.8750  sbar_bright_T4a_mid+0=330106.6562  sbar_bright_T4b_mid+0=249831.6406  sbar_bright_T4c_mid+0=249433.2344  sbar_bright_T4d_mid+0=291107.2812  sbar_bright_T5a_mid+0=133237.8906  sbar_bright_T5b_mid+0=111943.6328  sbar_bright_T5c_mid+0=119475.5156  sbar_bright_T5d_mid+0=103297.2422  sbar_bright_T4a_mid+1=196473.0156  sbar_bright_T4b_mid+1=228598.8594  sbar_bright_T4c_mid+1=214208.6406  sbar_bright_T4d_mid+1=249217.7500  sbar_bright_T5a_mid+1=89493.3594  sbar_bright_T5b_mid+1=107176.6875  sbar_bright_T5c_mid+1=93058.6875  sbar_bright_T5d_mid+1=89625.6328  sbar_bright_T4a_mid+2=79497.0781  sbar_bright_T4b_mid+2=95838.4219  sbar_bright_T4c_mid+2=74774.0078  sbar_bright_T4d_mid+2=58679.4258  sbar_bright_T5a_mid+2=135801.1719  sbar_bright_T5b_mid+2=152556.0312  sbar_bright_T5c_mid+2=122784.9062  sbar_bright_T5d_mid+2=126693.7734  sbar_bright_T4a_mid-1=939187.1250  sbar_bright_T4b_mid-1=715724.2500  sbar_bright_T4c_mid-1=958784.3750  sbar_bright_T4d_mid-1=1094535.0000  sbar_bright_T5a_mid-1=361537.5000  sbar_bright_T5b_mid-1=315781.1562  sbar_bright_T5c_mid-1=355181.4062  sbar_bright_T5d_mid-1=361429.7812  sbar_bright_T4a_mid-2=154138.1875  sbar_bright_T4b_mid-2=158169.7812  sbar_bright_T4c_mid-2=164416.2969  sbar_bright_T4d_mid-2=171257.4531  sbar_bright_T5b_mid-2=99961.1719  sbar_bright_T5c_mid-2=74979.5703  sbar_bright_T5d_mid-2=70448.6953  sbar_bright_T5a_mid-2=78959.3828  sbar_bright_T4a_mid-1.5=62905.9180  sbar_bright_T4b_mid-1.5=78488.3750  sbar_bright_T4c_mid-1.5=82714.2031  sbar_bright_T4d_mid-1.5=102873.5312  sbar_bright_T5a_mid-1.5=81873.0156  sbar_bright_T5b_mid-1.5=89178.6328  sbar_bright_T5c_mid-1.5=78561.3047  sbar_bright_T5d_mid-1.5=72995.6328  sbar_bright_T4a_mid-0.5=441584.4688  sbar_bright_T4b_mid-0.5=491240.0938  sbar_bright_T4c_mid-0.5=670562.8125  sbar_bright_T4d_mid-0.5=652268.5625  sbar_bright_T5a_mid-0.5=108086.3047  sbar_bright_T5b_mid-0.5=133814.4688  sbar_bright_T5c_mid-0.5=93360.5547  sbar_bright_T5d_mid-0.5=116370.9375  sbar_bright_T4a_mid+0.5=75657.7109  sbar_bright_T4b_mid+0.5=70325.2031  sbar_bright_T4c_mid+0.5=79489.5703  sbar_bright_T4d_mid+0.5=83221.0703  sbar_bright_T5a_mid+0.5=40660.1836  sbar_bright_T5b_mid+0.5=45250.8242  sbar_bright_T5c_mid+0.5=35232.8594  sbar_bright_T5d_mid+0.5=38155.8164  sbar_bright_T4b_mid+1.5=84623.8516  sbar_bright_T4c_mid+1.5=171708.8438  sbar_bright_T4d_mid+1.5=64354.7812  sbar_bright_T5a_mid+1.5=38077.7266  sbar_bright_T5b_mid+1.5=50921.2031  sbar_bright_T5c_mid+1.5=33209.0117  sbar_bright_T5d_mid+1.5=25034.4102  sbar_bright_T4a_mid+1.5=62528.8008  sbar_dark_T4a_mid+0=62022.6133  sbar_dark_T4b_mid+0=48436.5352  sbar_dark_T4c_mid+0=50423.8086  sbar_dark_T4d_mid+0=57257.9727  sbar_dark_T5a_mid+0=189663.0938  sbar_dark_T5b_mid+0=263070.5938  sbar_dark_T5c_mid+0=143913.7344  sbar_dark_T5d_mid+0=161147.5312  sbar_dark_T4a_mid+1=39787.0742  sbar_dark_T4b_mid+1=44071.6680  sbar_dark_T4c_mid+1=76323.5781  sbar_dark_T4d_mid+1=46668.1641  sbar_dark_T5a_mid+1=211933.7500  sbar_dark_T5b_mid+1=303775.0000  sbar_dark_T5c_mid+1=204122.1562  sbar_dark_T5d_mid+1=161019.6719  sbar_dark_T4a_mid+2=54646.5859  sbar_dark_T4b_mid+2=61319.6953  sbar_dark_T4c_mid+2=63591.8867  sbar_dark_T4d_mid+2=42143.4102  sbar_dark_T5a_mid+2=157681.0312  sbar_dark_T5b_mid+2=241046.2812  sbar_dark_T5c_mid+2=163809.7031  sbar_dark_T5d_mid+2=139145.7188  sbar_dark_T4a_mid-1=161047.4844  sbar_dark_T4b_mid-1=182191.9375  sbar_dark_T4c_mid-1=213983.2031  sbar_dark_T4d_mid-1=185871.6719  sbar_dark_T5a_mid-1=742431.7500  sbar_dark_T5b_mid-1=1068819.2500  sbar_dark_T5c_mid-1=793811.0625  sbar_dark_T5d_mid-1=892756.3125  sbar_dark_T4a_mid-2=113266.1719  sbar_dark_T4b_mid-2=109851.0859  sbar_dark_T4c_mid-2=167641.7656  sbar_dark_T4d_mid-2=131971.6250  sbar_dark_T5b_mid-2=576006.1875  sbar_dark_T5c_mid-2=298689.7500  sbar_dark_T5d_mid-2=377976.5625  sbar_dark_T5a_mid-2=306813.0000  sbar_dark_T4a_mid-1.5=58128.5820  sbar_dark_T4b_mid-1.5=53827.9375  sbar_dark_T4c_mid-1.5=57063.3203  sbar_dark_T4d_mid-1.5=62307.5000  sbar_dark_T5a_mid-1.5=90234.4062  sbar_dark_T5b_mid-1.5=161097.5938  sbar_dark_T5c_mid-1.5=83431.9141  sbar_dark_T5d_mid-1.5=106987.7422  sbar_dark_T4a_mid-0.5=32561.1895  sbar_dark_T4b_mid-0.5=41602.9219  sbar_dark_T4c_mid-0.5=39365.7383  sbar_dark_T4d_mid-0.5=38132.7539  sbar_dark_T5a_mid-0.5=288629.0938  sbar_dark_T5b_mid-0.5=436451.6875  sbar_dark_T5c_mid-0.5=268972.7812  sbar_dark_T5d_mid-0.5=301293.2188  sbar_dark_T4a_mid+0.5=14247.6924  sbar_dark_T4b_mid+0.5=15093.8613  sbar_dark_T4c_mid+0.5=14799.1250  sbar_dark_T4d_mid+0.5=8983.2314  sbar_dark_T5a_mid+0.5=44895.7305  sbar_dark_T5b_mid+0.5=49633.7812  sbar_dark_T5c_mid+0.5=41667.2656  sbar_dark_T5d_mid+0.5=42129.8555  sbar_dark_T4b_mid+1.5=20627.3789  sbar_dark_T4c_mid+1.5=17153.1621  sbar_dark_T4d_mid+1.5=10905.0996  sbar_dark_T5a_mid+1.5=95698.6094  sbar_dark_T5b_mid+1.5=101527.9219  sbar_dark_T5c_mid+1.5=93367.6094  sbar_dark_T5d_mid+1.5=65972.2500  sbar_dark_T4a_mid+1.5=13063.6250]:       100%|██████████| 300/300 [03:22<00:00,  1.48it/s] Cost: 260820.0000  [spread_bright_L5=1363988.0000  spread_bright_Mi1=1479241.3750  spread_bright_Tm3=876106.1875  spread_bright_Mi4=1912982.7500  spread_dark_L1=1199580.0000  spread_dark_L2=1027695.1250  spread_dark_L3=1124733.6250  spread_dark_L4=1426844.5000  spread_dark_Mi9=696098.6250  spread_dark_Tm1=977006.5625  spread_dark_Tm2=887263.6250  spread_dark_Tm4=1072976.3750  spread_dark_Tm9=691483.8750  sbar_bright_T4a_mid+0=330106.6562  sbar_bright_T4b_mid+0=249831.6406  sbar_bright_T4c_mid+0=249433.2344  sbar_bright_T4d_mid+0=291107.2812  sbar_bright_T5a_mid+0=133237.8906  sbar_bright_T5b_mid+0=111943.6328  sbar_bright_T5c_mid+0=119475.5156  sbar_bright_T5d_mid+0=103297.2422  sbar_bright_T4a_mid+1=196473.0156  sbar_bright_T4b_mid+1=228598.8594  sbar_bright_T4c_mid+1=214208.6406  sbar_bright_T4d_mid+1=249217.7500  sbar_bright_T5a_mid+1=89493.3594  sbar_bright_T5b_mid+1=107176.6875  sbar_bright_T5c_mid+1=93058.6875  sbar_bright_T5d_mid+1=89625.6328  sbar_bright_T4a_mid+2=79497.0781  sbar_bright_T4b_mid+2=95838.4219  sbar_bright_T4c_mid+2=74774.0078  sbar_bright_T4d_mid+2=58679.4258  sbar_bright_T5a_mid+2=135801.1719  sbar_bright_T5b_mid+2=152556.0312  sbar_bright_T5c_mid+2=122784.9062  sbar_bright_T5d_mid+2=126693.7734  sbar_bright_T4a_mid-1=939187.1250  sbar_bright_T4b_mid-1=715724.2500  sbar_bright_T4c_mid-1=958784.3750  sbar_bright_T4d_mid-1=1094535.0000  sbar_bright_T5a_mid-1=361537.5000  sbar_bright_T5b_mid-1=315781.1562  sbar_bright_T5c_mid-1=355181.4062  sbar_bright_T5d_mid-1=361429.7812  sbar_bright_T4a_mid-2=154138.1875  sbar_bright_T4b_mid-2=158169.7812  sbar_bright_T4c_mid-2=164416.2969  sbar_bright_T4d_mid-2=171257.4531  sbar_bright_T5b_mid-2=99961.1719  sbar_bright_T5c_mid-2=74979.5703  sbar_bright_T5d_mid-2=70448.6953  sbar_bright_T5a_mid-2=78959.3828  sbar_bright_T4a_mid-1.5=62905.9180  sbar_bright_T4b_mid-1.5=78488.3750  sbar_bright_T4c_mid-1.5=82714.2031  sbar_bright_T4d_mid-1.5=102873.5312  sbar_bright_T5a_mid-1.5=81873.0156  sbar_bright_T5b_mid-1.5=89178.6328  sbar_bright_T5c_mid-1.5=78561.3047  sbar_bright_T5d_mid-1.5=72995.6328  sbar_bright_T4a_mid-0.5=441584.4688  sbar_bright_T4b_mid-0.5=491240.0938  sbar_bright_T4c_mid-0.5=670562.8125  sbar_bright_T4d_mid-0.5=652268.5625  sbar_bright_T5a_mid-0.5=108086.3047  sbar_bright_T5b_mid-0.5=133814.4688  sbar_bright_T5c_mid-0.5=93360.5547  sbar_bright_T5d_mid-0.5=116370.9375  sbar_bright_T4a_mid+0.5=75657.7109  sbar_bright_T4b_mid+0.5=70325.2031  sbar_bright_T4c_mid+0.5=79489.5703  sbar_bright_T4d_mid+0.5=83221.0703  sbar_bright_T5a_mid+0.5=40660.1836  sbar_bright_T5b_mid+0.5=45250.8242  sbar_bright_T5c_mid+0.5=35232.8594  sbar_bright_T5d_mid+0.5=38155.8164  sbar_bright_T4b_mid+1.5=84623.8516  sbar_bright_T4c_mid+1.5=171708.8438  sbar_bright_T4d_mid+1.5=64354.7812  sbar_bright_T5a_mid+1.5=38077.7266  sbar_bright_T5b_mid+1.5=50921.2031  sbar_bright_T5c_mid+1.5=33209.0117  sbar_bright_T5d_mid+1.5=25034.4102  sbar_bright_T4a_mid+1.5=62528.8008  sbar_dark_T4a_mid+0=62022.6133  sbar_dark_T4b_mid+0=48436.5352  sbar_dark_T4c_mid+0=50423.8086  sbar_dark_T4d_mid+0=57257.9727  sbar_dark_T5a_mid+0=189663.0938  sbar_dark_T5b_mid+0=263070.5938  sbar_dark_T5c_mid+0=143913.7344  sbar_dark_T5d_mid+0=161147.5312  sbar_dark_T4a_mid+1=39787.0742  sbar_dark_T4b_mid+1=44071.6680  sbar_dark_T4c_mid+1=76323.5781  sbar_dark_T4d_mid+1=46668.1641  sbar_dark_T5a_mid+1=211933.7500  sbar_dark_T5b_mid+1=303775.0000  sbar_dark_T5c_mid+1=204122.1562  sbar_dark_T5d_mid+1=161019.6719  sbar_dark_T4a_mid+2=54646.5859  sbar_dark_T4b_mid+2=61319.6953  sbar_dark_T4c_mid+2=63591.8867  sbar_dark_T4d_mid+2=42143.4102  sbar_dark_T5a_mid+2=157681.0312  sbar_dark_T5b_mid+2=241046.2812  sbar_dark_T5c_mid+2=163809.7031  sbar_dark_T5d_mid+2=139145.7188  sbar_dark_T4a_mid-1=161047.4844  sbar_dark_T4b_mid-1=182191.9375  sbar_dark_T4c_mid-1=213983.2031  sbar_dark_T4d_mid-1=185871.6719  sbar_dark_T5a_mid-1=742431.7500  sbar_dark_T5b_mid-1=1068819.2500  sbar_dark_T5c_mid-1=793811.0625  sbar_dark_T5d_mid-1=892756.3125  sbar_dark_T4a_mid-2=113266.1719  sbar_dark_T4b_mid-2=109851.0859  sbar_dark_T4c_mid-2=167641.7656  sbar_dark_T4d_mid-2=131971.6250  sbar_dark_T5b_mid-2=576006.1875  sbar_dark_T5c_mid-2=298689.7500  sbar_dark_T5d_mid-2=377976.5625  sbar_dark_T5a_mid-2=306813.0000  sbar_dark_T4a_mid-1.5=58128.5820  sbar_dark_T4b_mid-1.5=53827.9375  sbar_dark_T4c_mid-1.5=57063.3203  sbar_dark_T4d_mid-1.5=62307.5000  sbar_dark_T5a_mid-1.5=90234.4062  sbar_dark_T5b_mid-1.5=161097.5938  sbar_dark_T5c_mid-1.5=83431.9141  sbar_dark_T5d_mid-1.5=106987.7422  sbar_dark_T4a_mid-0.5=32561.1895  sbar_dark_T4b_mid-0.5=41602.9219  sbar_dark_T4c_mid-0.5=39365.7383  sbar_dark_T4d_mid-0.5=38132.7539  sbar_dark_T5a_mid-0.5=288629.0938  sbar_dark_T5b_mid-0.5=436451.6875  sbar_dark_T5c_mid-0.5=268972.7812  sbar_dark_T5d_mid-0.5=301293.2188  sbar_dark_T4a_mid+0.5=14247.6924  sbar_dark_T4b_mid+0.5=15093.8613  sbar_dark_T4c_mid+0.5=14799.1250  sbar_dark_T4d_mid+0.5=8983.2314  sbar_dark_T5a_mid+0.5=44895.7305  sbar_dark_T5b_mid+0.5=49633.7812  sbar_dark_T5c_mid+0.5=41667.2656  sbar_dark_T5d_mid+0.5=42129.8555  sbar_dark_T4b_mid+1.5=20627.3789  sbar_dark_T4c_mid+1.5=17153.1621  sbar_dark_T4d_mid+1.5=10905.0996  sbar_dark_T5a_mid+1.5=95698.6094  sbar_dark_T5b_mid+1.5=101527.9219  sbar_dark_T5c_mid+1.5=93367.6094  sbar_dark_T5d_mid+1.5=65972.2500  sbar_dark_T4a_mid+1.5=13063.6250]: 

Initl cost = 1068122.5000  [spread_bright_L5=9356770.0000  spread_bright_Mi1=8606269.0000  spread_bright_Tm3=8628152.0000  spread_bright_Mi4=8501514.0000  spread_dark_L1=6348586.5000  spread_dark_L2=5939323.5000  spread_dark_L3=6420594.5000  spread_dark_L4=8641416.0000  spread_dark_Mi9=7393244.0000  spread_dark_Tm1=8079860.5000  spread_dark_Tm2=7653619.0000  spread_dark_Tm4=8037897.0000  spread_dark_Tm9=7653628.5000  sbar_bright_T4a_mid+0=1596367.5000  sbar_bright_T4b_mid+0=1614895.5000  sbar_bright_T4c_mid+0=1558108.5000  sbar_bright_T4d_mid+0=1564807.0000  sbar_bright_T5a_mid+0=211611.8750  sbar_bright_T5b_mid+0=215028.1875  sbar_bright_T5c_mid+0=216593.0469  sbar_bright_T5d_mid+0=226462.3906  sbar_bright_T4a_mid+1=362377.5000  sbar_bright_T4b_mid+1=380691.9688  sbar_bright_T4c_mid+1=373265.4375  sbar_bright_T4d_mid+1=373166.1562  sbar_bright_T5a_mid+1=182808.4844  sbar_bright_T5b_mid+1=203779.0000  sbar_bright_T5c_mid+1=190412.6094  sbar_bright_T5d_mid+1=193152.2500  sbar_bright_T4a_mid+2=127444.7891  sbar_bright_T4b_mid+2=126084.1953  sbar_bright_T4c_mid+2=118172.4453  sbar_bright_T4d_mid+2=128532.1875  sbar_bright_T5a_mid+2=348299.7500  sbar_bright_T5b_mid+2=304211.2500  sbar_bright_T5c_mid+2=337375.7812  sbar_bright_T5d_mid+2=338206.4375  sbar_bright_T4a_mid-1=2860477.7500  sbar_bright_T4b_mid-1=2671270.7500  sbar_bright_T4c_mid-1=2809840.5000  sbar_bright_T4d_mid-1=2789020.2500  sbar_bright_T5a_mid-1=456328.7500  sbar_bright_T5b_mid-1=454055.7500  sbar_bright_T5c_mid-1=461647.2188  sbar_bright_T5d_mid-1=459545.8750  sbar_bright_T4a_mid-2=661358.9375  sbar_bright_T4b_mid-2=674868.9375  sbar_bright_T4c_mid-2=657688.8125  sbar_bright_T4d_mid-2=675165.6250  sbar_bright_T5b_mid-2=175069.3594  sbar_bright_T5c_mid-2=152053.7656  sbar_bright_T5d_mid-2=173816.6250  sbar_bright_T5a_mid-2=159456.3906  sbar_bright_T4a_mid-1.5=288393.3125  sbar_bright_T4b_mid-1.5=292745.8750  sbar_bright_T4c_mid-1.5=279938.7188  sbar_bright_T4d_mid-1.5=308978.7500  sbar_bright_T5a_mid-1.5=144547.6406  sbar_bright_T5b_mid-1.5=145389.8125  sbar_bright_T5c_mid-1.5=138104.9531  sbar_bright_T5d_mid-1.5=136248.5781  sbar_bright_T4a_mid-0.5=1549106.1250  sbar_bright_T4b_mid-0.5=1582833.3750  sbar_bright_T4c_mid-0.5=1573579.1250  sbar_bright_T4d_mid-0.5=1585018.6250  sbar_bright_T5a_mid-0.5=175506.9688  sbar_bright_T5b_mid-0.5=177834.2812  sbar_bright_T5c_mid-0.5=179663.1250  sbar_bright_T5d_mid-0.5=170924.2969  sbar_bright_T4a_mid+0.5=348890.1875  sbar_bright_T4b_mid+0.5=327237.3438  sbar_bright_T4c_mid+0.5=352076.2500  sbar_bright_T4d_mid+0.5=340075.4688  sbar_bright_T5a_mid+0.5=74841.3203  sbar_bright_T5b_mid+0.5=76605.9922  sbar_bright_T5c_mid+0.5=74489.2969  sbar_bright_T5d_mid+0.5=71761.2578  sbar_bright_T4b_mid+1.5=35294.1406  sbar_bright_T4c_mid+1.5=35698.8398  sbar_bright_T4d_mid+1.5=34899.5547  sbar_bright_T5a_mid+1.5=70143.6641  sbar_bright_T5b_mid+1.5=71840.2812  sbar_bright_T5c_mid+1.5=69624.7188  sbar_bright_T5d_mid+1.5=58582.2891  sbar_bright_T4a_mid+1.5=33406.5117  sbar_dark_T4a_mid+0=42628.9375  sbar_dark_T4b_mid+0=39274.2656  sbar_dark_T4c_mid+0=40258.1406  sbar_dark_T4d_mid+0=39225.1445  sbar_dark_T5a_mid+0=754914.0000  sbar_dark_T5b_mid+0=765803.5000  sbar_dark_T5c_mid+0=777261.2500  sbar_dark_T5d_mid+0=823865.1875  sbar_dark_T4a_mid+1=41791.5117  sbar_dark_T4b_mid+1=38301.3125  sbar_dark_T4c_mid+1=36337.7461  sbar_dark_T4d_mid+1=35612.0078  sbar_dark_T5a_mid+1=324117.6562  sbar_dark_T5b_mid+1=358717.8125  sbar_dark_T5c_mid+1=334674.8750  sbar_dark_T5d_mid+1=345042.0000  sbar_dark_T4a_mid+2=39302.6328  sbar_dark_T4b_mid+2=36548.3125  sbar_dark_T4c_mid+2=32363.6211  sbar_dark_T4d_mid+2=38288.3320  sbar_dark_T5a_mid+2=428975.6875  sbar_dark_T5b_mid+2=375635.0000  sbar_dark_T5c_mid+2=415663.0625  sbar_dark_T5d_mid+2=417599.7500  sbar_dark_T4a_mid-1=94723.8594  sbar_dark_T4b_mid-1=102600.4688  sbar_dark_T4c_mid-1=99646.3672  sbar_dark_T4d_mid-1=101234.2734  sbar_dark_T5a_mid-1=2366578.5000  sbar_dark_T5b_mid-1=2319066.2500  sbar_dark_T5c_mid-1=2347300.7500  sbar_dark_T5d_mid-1=2397587.7500  sbar_dark_T4a_mid-2=22778.2363  sbar_dark_T4b_mid-2=16078.2246  sbar_dark_T4c_mid-2=21165.7402  sbar_dark_T4d_mid-2=14485.2363  sbar_dark_T5b_mid-2=1282890.6250  sbar_dark_T5c_mid-2=1216003.1250  sbar_dark_T5d_mid-2=1287159.3750  sbar_dark_T5a_mid-2=1206806.7500  sbar_dark_T4a_mid-1.5=11748.9229  sbar_dark_T4b_mid-1.5=8668.2617  sbar_dark_T4c_mid-1.5=11101.9873  sbar_dark_T4d_mid-1.5=6704.1733  sbar_dark_T5a_mid-1.5=384854.5938  sbar_dark_T5b_mid-1.5=395287.7812  sbar_dark_T5c_mid-1.5=368752.2812  sbar_dark_T5d_mid-1.5=368782.1250  sbar_dark_T4a_mid-0.5=35163.4727  sbar_dark_T4b_mid-0.5=32756.1523  sbar_dark_T4c_mid-0.5=32990.4961  sbar_dark_T4d_mid-0.5=31531.4102  sbar_dark_T5a_mid-0.5=917344.4375  sbar_dark_T5b_mid-0.5=948507.0000  sbar_dark_T5c_mid-0.5=956479.8125  sbar_dark_T5d_mid-0.5=881788.3750  sbar_dark_T4a_mid+0.5=11510.5859  sbar_dark_T4b_mid+0.5=7580.5156  sbar_dark_T4c_mid+0.5=12126.8857  sbar_dark_T4d_mid+0.5=8908.7988  sbar_dark_T5a_mid+0.5=210564.5156  sbar_dark_T5b_mid+0.5=218313.6250  sbar_dark_T5c_mid+0.5=209538.9844  sbar_dark_T5d_mid+0.5=198510.9375  sbar_dark_T4b_mid+1.5=16463.3652  sbar_dark_T4c_mid+1.5=14234.1963  sbar_dark_T4d_mid+1.5=15279.0117  sbar_dark_T5a_mid+1.5=60965.9609  sbar_dark_T5b_mid+1.5=62643.4336  sbar_dark_T5c_mid+1.5=61366.3125  sbar_dark_T5d_mid+1.5=51584.8359  sbar_dark_T4a_mid+1.5=16155.1689]
Final cost = 259998.7344  [spread_bright_L5=1349283.2500  spread_bright_Mi1=1458902.6250  spread_bright_Tm3=872856.4375  spread_bright_Mi4=1899122.3750  spread_dark_L1=1210727.5000  spread_dark_L2=1024357.3750  spread_dark_L3=1115181.7500  spread_dark_L4=1422754.6250  spread_dark_Mi9=689715.1250  spread_dark_Tm1=976228.2500  spread_dark_Tm2=884956.9375  spread_dark_Tm4=1073362.0000  spread_dark_Tm9=686661.4375  sbar_bright_T4a_mid+0=298474.4375  sbar_bright_T4b_mid+0=232115.6562  sbar_bright_T4c_mid+0=244577.5469  sbar_bright_T4d_mid+0=267480.8438  sbar_bright_T5a_mid+0=124142.4688  sbar_bright_T5b_mid+0=106254.3594  sbar_bright_T5c_mid+0=113505.1016  sbar_bright_T5d_mid+0=124465.3594  sbar_bright_T4a_mid+1=186052.4375  sbar_bright_T4b_mid+1=207776.5156  sbar_bright_T4c_mid+1=198318.1719  sbar_bright_T4d_mid+1=237245.0938  sbar_bright_T5a_mid+1=88308.9141  sbar_bright_T5b_mid+1=105807.3125  sbar_bright_T5c_mid+1=90412.8750  sbar_bright_T5d_mid+1=101732.1094  sbar_bright_T4a_mid+2=72278.3359  sbar_bright_T4b_mid+2=86578.4375  sbar_bright_T4c_mid+2=69102.2266  sbar_bright_T4d_mid+2=59480.5078  sbar_bright_T5a_mid+2=135865.4062  sbar_bright_T5b_mid+2=144911.4062  sbar_bright_T5c_mid+2=121960.2031  sbar_bright_T5d_mid+2=128732.8125  sbar_bright_T4a_mid-1=982564.6250  sbar_bright_T4b_mid-1=749557.5625  sbar_bright_T4c_mid-1=993961.0000  sbar_bright_T4d_mid-1=1098418.8750  sbar_bright_T5a_mid-1=365367.3750  sbar_bright_T5b_mid-1=321357.1875  sbar_bright_T5c_mid-1=357650.0938  sbar_bright_T5d_mid-1=397242.3750  sbar_bright_T4a_mid-2=166503.2344  sbar_bright_T4b_mid-2=166050.2656  sbar_bright_T4c_mid-2=169730.1094  sbar_bright_T4d_mid-2=170100.0156  sbar_bright_T5b_mid-2=99302.5625  sbar_bright_T5c_mid-2=72482.0312  sbar_bright_T5d_mid-2=78245.2031  sbar_bright_T5a_mid-2=76244.4297  sbar_bright_T4a_mid-1.5=67573.0234  sbar_bright_T4b_mid-1.5=80487.0469  sbar_bright_T4c_mid-1.5=83352.2266  sbar_bright_T4d_mid-1.5=99443.2266  sbar_bright_T5a_mid-1.5=82377.8672  sbar_bright_T5b_mid-1.5=90284.1875  sbar_bright_T5c_mid-1.5=80491.3672  sbar_bright_T5d_mid-1.5=74781.1094  sbar_bright_T4a_mid-0.5=475359.3125  sbar_bright_T4b_mid-0.5=517738.6875  sbar_bright_T4c_mid-0.5=699365.6875  sbar_bright_T4d_mid-0.5=665841.1875  sbar_bright_T5a_mid-0.5=109352.5000  sbar_bright_T5b_mid-0.5=134692.1562  sbar_bright_T5c_mid-0.5=93105.0938  sbar_bright_T5d_mid-0.5=129286.2812  sbar_bright_T4a_mid+0.5=80647.4062  sbar_bright_T4b_mid+0.5=65941.5156  sbar_bright_T4c_mid+0.5=72881.0234  sbar_bright_T4d_mid+0.5=78856.7344  sbar_bright_T5a_mid+0.5=40552.9570  sbar_bright_T5b_mid+0.5=44830.0898  sbar_bright_T5c_mid+0.5=34081.2969  sbar_bright_T5d_mid+0.5=41482.9258  sbar_bright_T4b_mid+1.5=78248.5234  sbar_bright_T4c_mid+1.5=152472.5625  sbar_bright_T4d_mid+1.5=63265.1328  sbar_bright_T5a_mid+1.5=37550.1953  sbar_bright_T5b_mid+1.5=51587.6797  sbar_bright_T5c_mid+1.5=33361.5117  sbar_bright_T5d_mid+1.5=27748.9121  sbar_bright_T4a_mid+1.5=54598.0508  sbar_dark_T4a_mid+0=58343.4258  sbar_dark_T4b_mid+0=45272.0820  sbar_dark_T4c_mid+0=47966.0000  sbar_dark_T4d_mid+0=55070.6484  sbar_dark_T5a_mid+0=179512.8906  sbar_dark_T5b_mid+0=259627.7188  sbar_dark_T5c_mid+0=143132.3125  sbar_dark_T5d_mid+0=162414.2188  sbar_dark_T4a_mid+1=37921.7422  sbar_dark_T4b_mid+1=42507.2188  sbar_dark_T4c_mid+1=74856.5156  sbar_dark_T4d_mid+1=45306.6875  sbar_dark_T5a_mid+1=200578.3906  sbar_dark_T5b_mid+1=300752.5000  sbar_dark_T5c_mid+1=197172.2969  sbar_dark_T5d_mid+1=184036.8125  sbar_dark_T4a_mid+2=50044.8359  sbar_dark_T4b_mid+2=59669.1406  sbar_dark_T4c_mid+2=60465.2422  sbar_dark_T4d_mid+2=42798.5195  sbar_dark_T5a_mid+2=152632.4219  sbar_dark_T5b_mid+2=237025.8125  sbar_dark_T5c_mid+2=160934.9688  sbar_dark_T5d_mid+2=149825.5625  sbar_dark_T4a_mid-1=152748.9375  sbar_dark_T4b_mid-1=175540.4062  sbar_dark_T4c_mid-1=200390.6562  sbar_dark_T4d_mid-1=194749.2188  sbar_dark_T5a_mid-1=770799.1875  sbar_dark_T5b_mid-1=1070511.1250  sbar_dark_T5c_mid-1=809595.5625  sbar_dark_T5d_mid-1=801570.0000  sbar_dark_T4a_mid-2=104250.1641  sbar_dark_T4b_mid-2=105360.6172  sbar_dark_T4c_mid-2=155839.8438  sbar_dark_T4d_mid-2=138345.7969  sbar_dark_T5b_mid-2=580725.3750  sbar_dark_T5c_mid-2=308851.5625  sbar_dark_T5d_mid-2=329328.1250  sbar_dark_T5a_mid-2=322078.7188  sbar_dark_T4a_mid-1.5=53326.9258  sbar_dark_T4b_mid-1.5=51548.0352  sbar_dark_T4c_mid-1.5=53333.1445  sbar_dark_T4d_mid-1.5=64812.1992  sbar_dark_T5a_mid-1.5=94093.6875  sbar_dark_T5b_mid-1.5=162897.5156  sbar_dark_T5c_mid-1.5=86179.6328  sbar_dark_T5d_mid-1.5=95052.8047  sbar_dark_T4a_mid-0.5=30936.5781  sbar_dark_T4b_mid-0.5=40670.0117  sbar_dark_T4c_mid-0.5=36847.6562  sbar_dark_T4d_mid-0.5=40279.2109  sbar_dark_T5a_mid-0.5=299204.0312  sbar_dark_T5b_mid-0.5=438508.5000  sbar_dark_T5c_mid-0.5=273329.4062  sbar_dark_T5d_mid-0.5=269353.8750  sbar_dark_T4a_mid+0.5=13892.0615  sbar_dark_T4b_mid+0.5=13989.9404  sbar_dark_T4c_mid+0.5=14222.4658  sbar_dark_T4d_mid+0.5=8560.8008  sbar_dark_T5a_mid+0.5=44120.1992  sbar_dark_T5b_mid+0.5=49599.9414  sbar_dark_T5c_mid+0.5=41076.5703  sbar_dark_T5d_mid+0.5=49783.0352  sbar_dark_T4b_mid+1.5=18430.5938  sbar_dark_T4c_mid+1.5=16330.8291  sbar_dark_T4d_mid+1.5=9867.3193  sbar_dark_T5a_mid+1.5=90365.3594  sbar_dark_T5b_mid+1.5=98555.0859  sbar_dark_T5c_mid+1.5=89158.0781  sbar_dark_T5d_mid+1.5=74694.5938  sbar_dark_T4a_mid+1.5=12126.6299]
Best  cost = 259998.7344  [spread_bright_L5=1349283.2500  spread_bright_Mi1=1458902.6250  spread_bright_Tm3=872856.4375  spread_bright_Mi4=1899122.3750  spread_dark_L1=1210727.5000  spread_dark_L2=1024357.3750  spread_dark_L3=1115181.7500  spread_dark_L4=1422754.6250  spread_dark_Mi9=689715.1250  spread_dark_Tm1=976228.2500  spread_dark_Tm2=884956.9375  spread_dark_Tm4=1073362.0000  spread_dark_Tm9=686661.4375  sbar_bright_T4a_mid+0=298474.4375  sbar_bright_T4b_mid+0=232115.6562  sbar_bright_T4c_mid+0=244577.5469  sbar_bright_T4d_mid+0=267480.8438  sbar_bright_T5a_mid+0=124142.4688  sbar_bright_T5b_mid+0=106254.3594  sbar_bright_T5c_mid+0=113505.1016  sbar_bright_T5d_mid+0=124465.3594  sbar_bright_T4a_mid+1=186052.4375  sbar_bright_T4b_mid+1=207776.5156  sbar_bright_T4c_mid+1=198318.1719  sbar_bright_T4d_mid+1=237245.0938  sbar_bright_T5a_mid+1=88308.9141  sbar_bright_T5b_mid+1=105807.3125  sbar_bright_T5c_mid+1=90412.8750  sbar_bright_T5d_mid+1=101732.1094  sbar_bright_T4a_mid+2=72278.3359  sbar_bright_T4b_mid+2=86578.4375  sbar_bright_T4c_mid+2=69102.2266  sbar_bright_T4d_mid+2=59480.5078  sbar_bright_T5a_mid+2=135865.4062  sbar_bright_T5b_mid+2=144911.4062  sbar_bright_T5c_mid+2=121960.2031  sbar_bright_T5d_mid+2=128732.8125  sbar_bright_T4a_mid-1=982564.6250  sbar_bright_T4b_mid-1=749557.5625  sbar_bright_T4c_mid-1=993961.0000  sbar_bright_T4d_mid-1=1098418.8750  sbar_bright_T5a_mid-1=365367.3750  sbar_bright_T5b_mid-1=321357.1875  sbar_bright_T5c_mid-1=357650.0938  sbar_bright_T5d_mid-1=397242.3750  sbar_bright_T4a_mid-2=166503.2344  sbar_bright_T4b_mid-2=166050.2656  sbar_bright_T4c_mid-2=169730.1094  sbar_bright_T4d_mid-2=170100.0156  sbar_bright_T5b_mid-2=99302.5625  sbar_bright_T5c_mid-2=72482.0312  sbar_bright_T5d_mid-2=78245.2031  sbar_bright_T5a_mid-2=76244.4297  sbar_bright_T4a_mid-1.5=67573.0234  sbar_bright_T4b_mid-1.5=80487.0469  sbar_bright_T4c_mid-1.5=83352.2266  sbar_bright_T4d_mid-1.5=99443.2266  sbar_bright_T5a_mid-1.5=82377.8672  sbar_bright_T5b_mid-1.5=90284.1875  sbar_bright_T5c_mid-1.5=80491.3672  sbar_bright_T5d_mid-1.5=74781.1094  sbar_bright_T4a_mid-0.5=475359.3125  sbar_bright_T4b_mid-0.5=517738.6875  sbar_bright_T4c_mid-0.5=699365.6875  sbar_bright_T4d_mid-0.5=665841.1875  sbar_bright_T5a_mid-0.5=109352.5000  sbar_bright_T5b_mid-0.5=134692.1562  sbar_bright_T5c_mid-0.5=93105.0938  sbar_bright_T5d_mid-0.5=129286.2812  sbar_bright_T4a_mid+0.5=80647.4062  sbar_bright_T4b_mid+0.5=65941.5156  sbar_bright_T4c_mid+0.5=72881.0234  sbar_bright_T4d_mid+0.5=78856.7344  sbar_bright_T5a_mid+0.5=40552.9570  sbar_bright_T5b_mid+0.5=44830.0898  sbar_bright_T5c_mid+0.5=34081.2969  sbar_bright_T5d_mid+0.5=41482.9258  sbar_bright_T4b_mid+1.5=78248.5234  sbar_bright_T4c_mid+1.5=152472.5625  sbar_bright_T4d_mid+1.5=63265.1328  sbar_bright_T5a_mid+1.5=37550.1953  sbar_bright_T5b_mid+1.5=51587.6797  sbar_bright_T5c_mid+1.5=33361.5117  sbar_bright_T5d_mid+1.5=27748.9121  sbar_bright_T4a_mid+1.5=54598.0508  sbar_dark_T4a_mid+0=58343.4258  sbar_dark_T4b_mid+0=45272.0820  sbar_dark_T4c_mid+0=47966.0000  sbar_dark_T4d_mid+0=55070.6484  sbar_dark_T5a_mid+0=179512.8906  sbar_dark_T5b_mid+0=259627.7188  sbar_dark_T5c_mid+0=143132.3125  sbar_dark_T5d_mid+0=162414.2188  sbar_dark_T4a_mid+1=37921.7422  sbar_dark_T4b_mid+1=42507.2188  sbar_dark_T4c_mid+1=74856.5156  sbar_dark_T4d_mid+1=45306.6875  sbar_dark_T5a_mid+1=200578.3906  sbar_dark_T5b_mid+1=300752.5000  sbar_dark_T5c_mid+1=197172.2969  sbar_dark_T5d_mid+1=184036.8125  sbar_dark_T4a_mid+2=50044.8359  sbar_dark_T4b_mid+2=59669.1406  sbar_dark_T4c_mid+2=60465.2422  sbar_dark_T4d_mid+2=42798.5195  sbar_dark_T5a_mid+2=152632.4219  sbar_dark_T5b_mid+2=237025.8125  sbar_dark_T5c_mid+2=160934.9688  sbar_dark_T5d_mid+2=149825.5625  sbar_dark_T4a_mid-1=152748.9375  sbar_dark_T4b_mid-1=175540.4062  sbar_dark_T4c_mid-1=200390.6562  sbar_dark_T4d_mid-1=194749.2188  sbar_dark_T5a_mid-1=770799.1875  sbar_dark_T5b_mid-1=1070511.1250  sbar_dark_T5c_mid-1=809595.5625  sbar_dark_T5d_mid-1=801570.0000  sbar_dark_T4a_mid-2=104250.1641  sbar_dark_T4b_mid-2=105360.6172  sbar_dark_T4c_mid-2=155839.8438  sbar_dark_T4d_mid-2=138345.7969  sbar_dark_T5b_mid-2=580725.3750  sbar_dark_T5c_mid-2=308851.5625  sbar_dark_T5d_mid-2=329328.1250  sbar_dark_T5a_mid-2=322078.7188  sbar_dark_T4a_mid-1.5=53326.9258  sbar_dark_T4b_mid-1.5=51548.0352  sbar_dark_T4c_mid-1.5=53333.1445  sbar_dark_T4d_mid-1.5=64812.1992  sbar_dark_T5a_mid-1.5=94093.6875  sbar_dark_T5b_mid-1.5=162897.5156  sbar_dark_T5c_mid-1.5=86179.6328  sbar_dark_T5d_mid-1.5=95052.8047  sbar_dark_T4a_mid-0.5=30936.5781  sbar_dark_T4b_mid-0.5=40670.0117  sbar_dark_T4c_mid-0.5=36847.6562  sbar_dark_T4d_mid-0.5=40279.2109  sbar_dark_T5a_mid-0.5=299204.0312  sbar_dark_T5b_mid-0.5=438508.5000  sbar_dark_T5c_mid-0.5=273329.4062  sbar_dark_T5d_mid-0.5=269353.8750  sbar_dark_T4a_mid+0.5=13892.0615  sbar_dark_T4b_mid+0.5=13989.9404  sbar_dark_T4c_mid+0.5=14222.4658  sbar_dark_T4d_mid+0.5=8560.8008  sbar_dark_T5a_mid+0.5=44120.1992  sbar_dark_T5b_mid+0.5=49599.9414  sbar_dark_T5c_mid+0.5=41076.5703  sbar_dark_T5d_mid+0.5=49783.0352  sbar_dark_T4b_mid+1.5=18430.5938  sbar_dark_T4c_mid+1.5=16330.8291  sbar_dark_T4d_mid+1.5=9867.3193  sbar_dark_T5a_mid+1.5=90365.3594  sbar_dark_T5b_mid+1.5=98555.0859  sbar_dark_T5c_mid+1.5=89158.0781  sbar_dark_T5d_mid+1.5=74694.5938  sbar_dark_T4a_mid+1.5=12126.6299]
time needed  = 206.84  sec

done in 0.06 hours
wrote /home/yitai/drosophila_vision/vision/simulation/0_runs/hp_lp/29562242-run-n_iter-300-tasks-spread,sbar/data/best_adam.npz (best run #0)
wrote table: /home/yitai/drosophila_vision/vision/simulation/0_runs/hp_lp/29562242-run-n_iter-300-tasks-spread,sbar/param.csv (best run #0, cost=259998.7344)
wrote table: /home/yitai/drosophila_vision/vision/simulation/0_runs/hp_lp/29562242-run-n_iter-300-tasks-spread,sbar/syn_strength_cell.csv
/home/yitai/drosophila_vision/vision/simulation/5_figure/1_panel.py:834: UserWarning: This figure includes Axes that are not compatible with tight_layout, so results might be incorrect.
  fig.tight_layout()
plot /home/yitai/drosophila_vision/vision/simulation/0_runs/hp_lp/29562242-run-n_iter-300-tasks-spread,sbar/cost.png: prep=0.0s  plot_s=0.5s  save=4.4s  elapsed_s=4.9s
plot device=cuda (NVIDIA A100 80GB PCIe MIG 1g.20gb)
1 trained set(s); costs min=259998.7344 max=259998.7344; selected #0 (from saved final costs)
plot /home/yitai/drosophila_vision/vision/simulation/0_runs/hp_lp/29562242-run-n_iter-300-tasks-spread,sbar/spread_gt_v.png: prep=0.3s  plot_s=0.1s  save=0.7s  elapsed_s=1.1s
plot /home/yitai/drosophila_vision/vision/simulation/0_runs/hp_lp/29562242-run-n_iter-300-tasks-spread,sbar/spread_all_v.png: prep=0.0s  plot_s=0.8s  save=2.7s  elapsed_s=3.5s
plot /home/yitai/drosophila_vision/vision/simulation/0_runs/hp_lp/29562242-run-n_iter-300-tasks-spread,sbar/sbar_gt_v.png: prep=0.4s  plot_s=87.0s  save=25.9s  elapsed_s=113.4s
