Job ID: 29562400
Node:   spartan-gpgpu099
GPU:    0
GPU 0: NVIDIA A100 80GB PCIe (UUID: GPU-322f5568-e44f-6ee4-45a8-e5d9489b443e)
GPU 1: NVIDIA A100 80GB PCIe (UUID: GPU-14844a85-9bf8-1cac-86bb-ab42ec5dba78)
  MIG 1g.20gb     Device  0: (UUID: MIG-ca7758cc-36b2-53c8-8bf7-fe711a703942)
GPU 2: NVIDIA A100 80GB PCIe (UUID: GPU-40730cdb-5070-f06f-e8e1-92c3b4bc8f18)
GPU 3: NVIDIA A100 80GB PCIe (UUID: GPU-705f91ce-5278-67b6-77ed-ac45a7d89e43)
cuda: True NVIDIA A100 80GB PCIe MIG 1g.20gb
Start:  Tue 25 Aug 2026 03:59:17 AEST
==== config ====
{'RUN_NAME': '29562242-run-n_iter-300-tasks-spread,sbar',
 'RUN_PATH': 'hp_lp/29562242-run-n_iter-300-tasks-spread,sbar',
 'MODEL': {'delta_ms': 2.0,
           'delta_ms_pre': 2.0,
           'cap': 40.0,
           'g_leak': 1.0,
           'e_exc': 10.0,
           'e_inh': -70.0,
           'e_h': 50.0,
           'h_g_max': 100.0,
           'gt_amp': 20.0,
           'v_clamp': 1000000.0,
           'a_syn_exc': 0.001,
           'a_syn_inh': 0.001,
           'euler': 'im'},
 'NEURON_SCHEMA': {'model': 'hp_lp',
                   'filter': 'none',
                   'syn_mode': 'per_cell',
                   'a_lo': 0.1,
                   'a_hi': 10.0,
                   'h_cells': ['L1', 'L2', 'L4', 'L5'],
                   'params': {'a_gt': {'lo': 0.5, 'hi': 2.0, 'init': 1.0, 'jit': 0.1, 'mode': 'indi'},
                              'bias_gt': {'lo': -200.0, 'hi': 200.0, 'init': 0.0, 'jit': 1.0, 'mode': 'indi'},
                              'syn_strength_cell': {'lo': 0.1, 'hi': 10.0, 'init': 1.0, 'jit': 0.1, 'mode': 'shared'},
                              'syn_strength_edge': {'lo': 0.1, 'hi': 10.0, 'init': 1.0, 'jit': 0.1, 'mode': 'indi'},
                              'a_in': {'lo': 0.01, 'hi': 100.0, 'init': 1.0, 'jit': 0.1, 'mode': 'shared'},
                              'a_out': {'lo': 0.1, 'hi': 10.0, 'init': 1.0, 'jit': 0.1, 'mode': 'indi'},
                              'e_leak': {'lo': -50.0, 'hi': 50.0, 'init': 0.0, 'jit': 1.0, 'mode': 'indi'},
                              'v_th': {'lo': -100.0, 'hi': 100.0, 'init': -50.0, 'jit': 0.0, 'mode': 'indi'},
                              'tau_lp': {'lo': 10.0, 'hi': 100.0, 'init': 10.0, 'jit': 2.0, 'mode': 'indi'},
                              'tau_hp_rise': {'lo': 100.0, 'hi': 500.0, 'init': 200.0, 'jit': 20.0, 'mode': 'indi'},
                              'tau_hp_fall': {'lo': 100.0, 'hi': 500.0, 'init': 200.0, 'jit': 20.0, 'mode': 'indi'},
                              'a_h': {'lo': 0.0,
                                      'hi': 1.0,
                                      'init': 0.0,
                                      'inits': {'L1': 0.5, 'L2': 0.5, 'L4': 0.5, 'L5': 0.5},
                                      'jit': 0.1,
                                      'mode': 'indi'},
                              'v_mid_h_g': {'lo': -70.0, 'hi': -30.0, 'init': -50.0, 'jit': 5.0, 'mode': 'shared'},
                              'v_mid_h_tau': {'lo': -70.0, 'hi': -40.0, 'init': -50.0, 'jit': 5.0, 'mode': 'shared'},
                              'h_slope': {'lo': -0.4, 'hi': -0.2, 'init': -0.25, 'jit': 0.02, 'mode': 'shared'},
                              'a_h_rev': {'lo': 0.0,
                                          'hi': 1.0,
                                          'init': 0.0,
                                          'jit': 0.1,
                                          'mode': 'fixed',
                                          'modes': {'indi': 'L1,L2,L4,L5'}},
                              'v_mid_h_g_rev': {'lo': -70.0, 'hi': -30.0, 'init': -50.0, 'jit': 5.0, 'mode': 'shared'},
                              'v_mid_h_tau_rev': {'lo': -70.0,
                                                  'hi': -40.0,
                                                  'init': -50.0,
                                                  'jit': 5.0,
                                                  'mode': 'shared'},
                              'h_slope_rev': {'lo': -0.4, 'hi': -0.2, 'init': -0.25, 'jit': 0.02, 'mode': 'shared'},
                              'v_th_ca': {'lo': -100.0, 'hi': 100.0, 'init': -50.0, 'jit': 0.0, 'mode': 'indi'},
                              'a_ca': {'lo': 0.1, 'hi': 10.0, 'init': 1.0, 'jit': 0.1, 'mode': 'indi'},
                              'tau_ca': {'lo': 100.0, 'hi': 1000.0, 'init': 350.0, 'jit': 10.0, 'mode': 'indi'},
                              'a_sti_radius': {'lo': 0.0, 'hi': 1.0, 'init': 0.0, 'jit': 0.05, 'mode': 'indi'}}},
 'NEURON_FORWARD': {'pre_grad': True},
 'NETWORK_PATH': {'network': 'right_min_neuron1_r10'},
 'SPREAD_INPUT_SPEC': {'ms_pre': 20.0, 'ms_sti': 160.0, 'ms_response': 300.0, 'ms_post': 0.0},
 'SPREAD_GT': {'spread_gt_mode': 'pos'},
 'SPOT_INPUT_GEO': {'spot_radius': 1.0, 'fully_inside': True, 'multi_spot': True, 'shift_radius': 1.0},
 'SPOT_PACK': {'spot_cost_radii': [0, 1, 2],
               'a_sti_radii': [1, 2],
               'spot_cost_radius_scale': {0: 1.0, 1: 0.3333333333333333, 2: 0.3333333333333333}},
 'SBAR_INPUT_GEO': {'multi_bar': True, 'bar_dist': 4},
 'MBAR_INPUT_SPEC': {'ms_pre': 20.0, 'bar_ws_deg': [2.25, 9.0], 'bar_directions': ['right', 'left', 'up', 'down']},
 'TRAIN_CONFIG': {'tasks': ['sbar'],
                  'contrasts': ['bright', 'dark'],
                  'i_sti': {'bright': 40.0, 'dark': 0.0},
                  'gt_by_task': {'spread': ['L1',
                                            'L2',
                                            'L3',
                                            'L4',
                                            'L5',
                                            'Mi1',
                                            'Tm3',
                                            'Mi4',
                                            'Mi9',
                                            'Tm1',
                                            'Tm2',
                                            'Tm4',
                                            'Tm9'],
                                 'sbar': ['T4a', 'T4b', 'T4c', 'T4d', 'T5a', 'T5b', 'T5c', 'T5d']},
                  'cost_radius': None},
 'VAL_FROM': {'bias_gt': {'source': 'v_onset', 'enabled': True},
              'v_th_ca': {'source': 'v_th', 'enabled': False},
              'a_ca': {'source': 'a_out', 'enabled': False},
              'a_h_rev': {'source': 'a_h', 'enabled': False},
              'v_mid_h_g_rev': {'source': 'v_mid_h_g', 'enabled': False},
              'h_slope_rev': {'source': 'h_slope', 'enabled': False},
              'v_mid_h_tau_rev': {'source': 'v_mid_h_tau', 'enabled': False}},
 'TRAIN_OPTIMIZATION': {'part_cost_scales': {},
                        'cost_norm': 'a_gt2',
                        'cost_ms': None,
                        'pre_steady': 'solve',
                        'pre_steady_n_iter': 50,
                        'pre_steady_damp': 0.1,
                        'n_run': 1,
                        'n_iter': 0,
                        'lrs': [0.1],
                        'checkpoint_interval': 1000},
 'TRAIN_SESSION': {'fp': 32, 'sequential': False},
 'FIGURE_PLOT': {'html': False, 'plot_right_only': True, 'x': None, 'y': None, 'align_xy': None, 'ms_shown': None},
 'FIGURE_PLOT_STI_SPOT': {'spot_radii': [0.5, 1.0, 1.5, 2.0], 'output': None},
 'FIGURE_PLOT_STI_MBAR': {'output': None,
                          'gif': False,
                          'gif_output': None,
                          't_stride': 2,
                          't': None,
                          'direction': 'left'},
 'ANALYZE_RUNS': ['hp_lp/29562242-run-n_iter-300-tasks-spread,sbar'],
 'ANALYZE_CELL_DYNAMICS': {'cells': None,
                           'spec': None,
                           'node': None,
                           'radius': 0,
                           't_rel_start': None,
                           't_rel_stop': None,
                           'figure': True,
                           'json': False},
 'ANALYZE_SYN_SIGN': {'bins': 20, 'after_train': False, 'post': False},
 'ANALYZE_TRACE': {'trace_osc_min_f': 0.5,
                   'trace_osc_max_f': 20.0,
                   'trace_osc_peak_threshold': 0.5,
                   'trace_osc_z_threshold': 2.0,
                   'trace_osc_snr_min': 2.0,
                   'trace_drift_min_slope_mv_over_s': 1.0,
                   'trace_drift_min_r': 0.5,
                   'trace_baseline_ms': 200.0,
                   'trace_flat_max_abs': 0.5,
                   'trace_flat_v_peak_to_peak_max': 1.0,
                   'trace_flat_abs_mean': 0.2,
                   'check': None,
                   'baseline_ms_shown': None},
 'ANALYZE_COST_PART': {'part': None,
                       'cost_norm': None,
                       'stride': 1,
                       'per_node': False,
                       'csv': None,
                       'print_parts': False}}
==== end config ====
config: {'run_name': '29562242-run-n_iter-300-tasks-spread,sbar', 'run_path': 'hp_lp/${run_name}', 'delta_ms': 2.0, 'delta_ms_pre': 2.0, 'cap': 40.0, 'g_leak': 1.0, 'e_exc': 10.0, 'e_inh': -70.0, 'e_h': 50.0, 'h_g_max': 100.0, 'gt_amp': 20.0, 'v_clamp': 1000000.0, 'a_syn_exc': 0.001, 'a_syn_inh': 0.001, 'euler': 'im', 'model': 'hp_lp', 'filter': 'none', 'syn_mode': 'per_cell', 'a_lo': 0.1, 'a_hi': 10.0, 'h_cells': 'L1,L2,L4,L5', 'params': {'a_gt': {'lo': 0.5, 'hi': 2.0, 'init': 1.0, 'jit': 0.1, 'mode': 'indi'}, 'bias_gt': {'lo': -200.0, 'hi': 200.0, 'init': 0.0, 'jit': 1.0, 'mode': 'indi'}, 'syn_strength_cell': {'lo': 0.1, 'hi': 10.0, 'init': 1.0, 'jit': 0.1, 'mode': 'shared'}, 'syn_strength_edge': {'lo': 0.1, 'hi': 10.0, 'init': 1.0, 'jit': 0.1, 'mode': 'indi'}, 'a_in': {'lo': 0.01, 'hi': 100.0, 'init': 1.0, 'jit': 0.1, 'mode': 'shared'}, 'a_out': {'lo': 0.1, 'hi': 10.0, 'init': 1.0, 'jit': 0.1, 'mode': 'indi'}, 'e_leak': {'lo': -50.0, 'hi': 50.0, 'init': 0.0, 'jit': 1.0, 'mode': 'indi'}, 'v_th': {'lo': -100.0, 'hi': 100.0, 'init': -50.0, 'jit': 0.0, 'mode': 'indi'}, 'tau_lp': {'lo': 10.0, 'hi': 100.0, 'init': 10.0, 'jit': 2.0, 'mode': 'indi'}, 'tau_hp_rise': {'lo': 100.0, 'hi': 500.0, 'init': 200.0, 'jit': 20.0, 'mode': 'indi'}, 'tau_hp_fall': {'lo': 100.0, 'hi': 500.0, 'init': 200.0, 'jit': 20.0, 'mode': 'indi'}, 'a_h': {'lo': 0.0, 'hi': 1.0, 'init': 0.0, 'inits': {'L1': 0.5, 'L2': 0.5, 'L4': 0.5, 'L5': 0.5}, 'jit': 0.1, 'mode': 'indi'}, 'v_mid_h_g': {'lo': -70.0, 'hi': -30.0, 'init': -50.0, 'jit': 5.0, 'mode': 'shared'}, 'v_mid_h_tau': {'lo': -70.0, 'hi': -40.0, 'init': -50.0, 'jit': 5.0, 'mode': 'shared'}, 'h_slope': {'lo': -0.4, 'hi': -0.2, 'init': -0.25, 'jit': 0.02, 'mode': 'shared'}, 'a_h_rev': {'lo': 0.0, 'hi': 1.0, 'init': 0.0, 'jit': 0.1, 'mode': 'fixed', 'modes': {'indi': '${h_cells}'}}, 'v_mid_h_g_rev': {'lo': -70.0, 'hi': -30.0, 'init': -50.0, 'jit': 5.0, 'mode': 'shared'}, 'v_mid_h_tau_rev': {'lo': -70.0, 'hi': -40.0, 'init': -50.0, 'jit': 5.0, 'mode': 'shared'}, 'h_slope_rev': {'lo': -0.4, 'hi': -0.2, 'init': -0.25, 'jit': 0.02, 'mode': 'shared'}, 'v_th_ca': {'lo': -100.0, 'hi': 100.0, 'init': -50.0, 'jit': 0.0, 'mode': 'indi'}, 'a_ca': {'lo': 0.1, 'hi': 10.0, 'init': 1.0, 'jit': 0.1, 'mode': 'indi'}, 'tau_ca': {'lo': 100.0, 'hi': 1000.0, 'init': 350.0, 'jit': 10.0, 'mode': 'indi'}, 'a_sti_radius': {'lo': 0.0, 'hi': 1.0, 'init': 0.0, 'jit': 0.05, 'mode': 'indi'}}, 'pre_grad': True, 'network': 'right_min_neuron1_r10', 'i_sti': {'bright': 40.0, 'dark': 0.0}, 'contrasts': 'bright,dark', 'ms_pre': 20.0, 'ms_sti': 160.0, 'ms_response': 300.0, 'ms_post': 0.0, 'spread_gt_mode': 'pos', 'spot_radius': 1.0, 'fully_inside': True, 'multi_spot': True, 'shift_radius': 1.0, 'spot_cost_radii': '0,1,2', 'a_sti_radii': '1,2', 'spot_cost_radius_scale': {0: 1.0, 1: 0.3333333333333333, 2: 0.3333333333333333}, 'multi_bar': True, 'bar_dist': 4, 'bar_ws_deg': '2.25,9.0', 'bar_directions': 'right,left,up,down', 'tasks': 'spread,sbar', 'gt_by_task': {'spread': ['L1', 'L2', 'L3', 'L4', 'L5', 'Mi1', 'Tm3', 'Mi4', 'Mi9', 'Tm1', 'Tm2', 'Tm4', 'Tm9'], 'sbar': ['T4a', 'T4b', 'T4c', 'T4d', 'T5a', 'T5b', 'T5c', 'T5d']}, 'cost_radius': None, 'param_vals': {}, 'val_from': {'bias_gt': {'source': 'v_onset', 'enabled': True}, 'v_th_ca': {'source': 'v_th', 'enabled': False}, 'a_ca': {'source': 'a_out', 'enabled': False}, 'a_h_rev': {'source': 'a_h', 'enabled': False}, 'v_mid_h_g_rev': {'source': 'v_mid_h_g', 'enabled': False}, 'h_slope_rev': {'source': 'h_slope', 'enabled': False}, 'v_mid_h_tau_rev': {'source': 'v_mid_h_tau', 'enabled': False}}, 'part_cost_scales': {}, 'cost_norm': 'a_gt2', 'cost_ms': None, 'pre_steady': 'solve', 'pre_steady_n_iter': 50, 'pre_steady_damp': 0.1, 'n_run': 1, 'n_iter': 300, 'lrs': '0.1', 'checkpoint_interval': 1000, 'init_from': None, 'fp': 32, 'sequential': False, 'spot_radii': '0.5,1.0,1.5,2.0', 'spot_plot_output': None, 'mbar_plot_output': None, 'mbar_plot_gif': False, 'mbar_plot_gif_output': None, 'mbar_plot_t_stride': 2, 'mbar_plot_t': None, 'mbar_plot_direction': 'left', 'html': False, 'plot_right_only': True, 'x': None, 'y': None, 'align_xy': None, 'ms_shown': None, 'analyze_runs': None, 'cells': None, 'spec': None, 'node': None, 'radius': 0, 't_rel_start': None, 't_rel_stop': None, 'analyze_figure': True, 'analyze_json': False, 'post': False, 'check': None, 'baseline_ms_shown': None, 'part': None, 'analyze_cost_norm': None, 'stride': 1, 'per_node': False, 'cost_part_csv': None, 'print_parts': False, 'bins': 20, 'after_train': False, 'trace_osc_min_f': 0.5, 'trace_osc_max_f': 20.0, 'trace_osc_peak_threshold': 0.5, 'trace_osc_z_threshold': 2.0, 'trace_osc_snr_min': 2.0, 'trace_drift_min_slope_mv_over_s': 1.0, 'trace_drift_min_r': 0.5, 'trace_baseline_ms': 200.0, 'trace_flat_max_abs': 0.5, 'trace_flat_v_peak_to_peak_max': 1.0, 'trace_flat_abs_mean': 0.2}
param_modes:
  a_gt               indi=56/shared=0/fixed=0/frozen=0 (56)
  bias_gt            indi=0/shared=0/fixed=0/frozen=56 (0)
  syn_strength_cell  indi=0/shared=1035/fixed=0/frozen=0 (1)
  a_in               indi=0/shared=56/fixed=0/frozen=0 (1)
  a_out              indi=56/shared=0/fixed=0/frozen=0 (56)
  e_leak             indi=56/shared=0/fixed=0/frozen=0 (56)
  v_th               indi=56/shared=0/fixed=0/frozen=0 (56)
  tau_lp             indi=56/shared=0/fixed=0/frozen=0 (56)
  tau_hp_rise        indi=56/shared=0/fixed=0/frozen=0 (56)
  tau_hp_fall        indi=56/shared=0/fixed=0/frozen=0 (56)
  a_h                indi=56/shared=0/fixed=0/frozen=0 (56)
device=cuda, model=hp_lp, syn_mode=per_cell, euler=implicit, pre_steady=solve, n_run=1, n_iter=300, lrs=[0.1], n_z=450, fname=train_hp_lp.npy
checkpoint_interval=1000

round 0

  0%|          | 0/300 [00:00<?, ?it/s] Cost: 1064719.6250  [spread_bright_L5=9363540.0000  spread_bright_Mi1=8631481.0000  spread_bright_Tm3=8605933.0000  spread_bright_Mi4=8516716.0000  spread_dark_L1=6153688.5000  spread_dark_L2=5788354.5000  spread_dark_L3=6382285.5000  spread_dark_L4=8634683.0000  spread_dark_Mi9=7378378.5000  spread_dark_Tm1=7965717.0000  spread_dark_Tm2=7595455.5000  spread_dark_Tm4=8002535.5000  spread_dark_Tm9=7647269.0000  sbar_bright_T4a_mid+0=1593137.3750  sbar_bright_T4b_mid+0=1615635.2500  sbar_bright_T4c_mid+0=1558596.6250  sbar_bright_T4d_mid+0=1567733.2500  sbar_bright_T5a_mid+0=212160.4688  sbar_bright_T5b_mid+0=215982.5625  sbar_bright_T5c_mid+0=217878.5000  sbar_bright_T5d_mid+0=229901.3125  sbar_bright_T4a_mid+1=361787.7188  sbar_bright_T4b_mid+1=381124.5625  sbar_bright_T4c_mid+1=373487.4375  sbar_bright_T4d_mid+1=373549.0000  sbar_bright_T5a_mid+1=182876.3125  sbar_bright_T5b_mid+1=204543.2031  sbar_bright_T5c_mid+1=191244.9375  sbar_bright_T5d_mid+1=193506.0781  sbar_bright_T4a_mid+2=127096.9453  sbar_bright_T4b_mid+2=126800.6953  sbar_bright_T4c_mid+2=119512.6797  sbar_bright_T4d_mid+2=129954.1953  sbar_bright_T5a_mid+2=349987.3438  sbar_bright_T5b_mid+2=304149.9062  sbar_bright_T5c_mid+2=338569.8125  sbar_bright_T5d_mid+2=340011.4688  sbar_bright_T4a_mid-1=2856525.2500  sbar_bright_T4b_mid-1=2670592.5000  sbar_bright_T4c_mid-1=2814455.5000  sbar_bright_T4d_mid-1=2793288.0000  sbar_bright_T5a_mid-1=456908.9688  sbar_bright_T5b_mid-1=454245.9375  sbar_bright_T5c_mid-1=463239.0625  sbar_bright_T5d_mid-1=462491.7188  sbar_bright_T4a_mid-2=661292.6250  sbar_bright_T4b_mid-2=674061.8125  sbar_bright_T4c_mid-2=656886.8750  sbar_bright_T4d_mid-2=673665.9375  sbar_bright_T5b_mid-2=175779.7031  sbar_bright_T5c_mid-2=152606.2656  sbar_bright_T5d_mid-2=177444.8906  sbar_bright_T5a_mid-2=160015.2188  sbar_bright_T4a_mid-1.5=287922.0000  sbar_bright_T4b_mid-1.5=292333.8125  sbar_bright_T4c_mid-1.5=279041.0938  sbar_bright_T4d_mid-1.5=309988.4062  sbar_bright_T5a_mid-1.5=145009.7031  sbar_bright_T5b_mid-1.5=145292.7812  sbar_bright_T5c_mid-1.5=137734.9844  sbar_bright_T5d_mid-1.5=137650.0312  sbar_bright_T4a_mid-0.5=1553568.5000  sbar_bright_T4b_mid-0.5=1582726.6250  sbar_bright_T4c_mid-0.5=1571378.7500  sbar_bright_T4d_mid-0.5=1584033.8750  sbar_bright_T5a_mid-0.5=175715.1094  sbar_bright_T5b_mid-0.5=177946.2812  sbar_bright_T5c_mid-0.5=179980.8750  sbar_bright_T5d_mid-0.5=170612.4219  sbar_bright_T4a_mid+0.5=348608.4062  sbar_bright_T4b_mid+0.5=326542.4062  sbar_bright_T4c_mid+0.5=352126.9688  sbar_bright_T4d_mid+0.5=339494.1562  sbar_bright_T5a_mid+0.5=74876.2656  sbar_bright_T5b_mid+0.5=76673.0625  sbar_bright_T5c_mid+0.5=74157.4922  sbar_bright_T5d_mid+0.5=71871.6562  sbar_bright_T4b_mid+1.5=35382.6016  sbar_bright_T4c_mid+1.5=35908.2422  sbar_bright_T4d_mid+1.5=35066.1680  sbar_bright_T5a_mid+1.5=70223.8047  sbar_bright_T5b_mid+1.5=72169.4141  sbar_bright_T5c_mid+1.5=69939.0312  sbar_bright_T5d_mid+1.5=58496.5703  sbar_bright_T4a_mid+1.5=33259.5625  sbar_dark_T4a_mid+0=41750.6836  sbar_dark_T4b_mid+0=39699.2969  sbar_dark_T4c_mid+0=40865.2148  sbar_dark_T4d_mid+0=40191.2852  sbar_dark_T5a_mid+0=754325.1250  sbar_dark_T5b_mid+0=768325.5000  sbar_dark_T5c_mid+0=779243.2500  sbar_dark_T5d_mid+0=828989.5625  sbar_dark_T4a_mid+1=41236.2930  sbar_dark_T4b_mid+1=38666.0977  sbar_dark_T4c_mid+1=36751.0469  sbar_dark_T4d_mid+1=36216.8164  sbar_dark_T5a_mid+1=323788.9688  sbar_dark_T5b_mid+1=359491.8750  sbar_dark_T5c_mid+1=334846.8125  sbar_dark_T5d_mid+1=344719.4688  sbar_dark_T4a_mid+2=38646.0469  sbar_dark_T4b_mid+2=37120.2773  sbar_dark_T4c_mid+2=33257.5195  sbar_dark_T4d_mid+2=39400.0977  sbar_dark_T5a_mid+2=430869.0000  sbar_dark_T5b_mid+2=375493.4375  sbar_dark_T5c_mid+2=416772.3438  sbar_dark_T5d_mid+2=419369.3125  sbar_dark_T4a_mid-1=94386.3672  sbar_dark_T4b_mid-1=103211.6016  sbar_dark_T4c_mid-1=99765.8125  sbar_dark_T4d_mid-1=101467.1875  sbar_dark_T5a_mid-1=2366273.7500  sbar_dark_T5b_mid-1=2320831.5000  sbar_dark_T5c_mid-1=2346796.5000  sbar_dark_T5d_mid-1=2406570.0000  sbar_dark_T4a_mid-2=21608.3477  sbar_dark_T4b_mid-2=16606.4160  sbar_dark_T4c_mid-2=22050.9668  sbar_dark_T4d_mid-2=14995.3691  sbar_dark_T5b_mid-2=1284279.5000  sbar_dark_T5c_mid-2=1215417.1250  sbar_dark_T5d_mid-2=1293542.0000  sbar_dark_T5a_mid-2=1206259.1250  sbar_dark_T4a_mid-1.5=11418.3984  sbar_dark_T4b_mid-1.5=8905.6260  sbar_dark_T4c_mid-1.5=11501.8398  sbar_dark_T4d_mid-1.5=6816.5791  sbar_dark_T5a_mid-1.5=385498.6250  sbar_dark_T5b_mid-1.5=394934.7500  sbar_dark_T5c_mid-1.5=366809.6250  sbar_dark_T5d_mid-1.5=371830.7812  sbar_dark_T4a_mid-0.5=34673.5938  sbar_dark_T4b_mid-0.5=32942.9883  sbar_dark_T4c_mid-0.5=33225.7734  sbar_dark_T4d_mid-0.5=31636.4707  sbar_dark_T5a_mid-0.5=917539.5000  sbar_dark_T5b_mid-0.5=948445.3125  sbar_dark_T5c_mid-0.5=956984.1250  sbar_dark_T5d_mid-0.5=874395.6250  sbar_dark_T4a_mid+0.5=11322.2471  sbar_dark_T4b_mid+0.5=7546.2046  sbar_dark_T4c_mid+0.5=12384.7793  sbar_dark_T4d_mid+0.5=8876.9023  sbar_dark_T5a_mid+0.5=210269.2656  sbar_dark_T5b_mid+0.5=218569.5156  sbar_dark_T5c_mid+0.5=208184.0625  sbar_dark_T5d_mid+0.5=197297.7031  sbar_dark_T4b_mid+1.5=16684.1328  sbar_dark_T4c_mid+1.5=14540.2920  sbar_dark_T4d_mid+1.5=15522.7129  sbar_dark_T5a_mid+1.5=61089.0625  sbar_dark_T5b_mid+1.5=62930.9766  sbar_dark_T5c_mid+1.5=61729.0312  sbar_dark_T5d_mid+1.5=51662.7500  sbar_dark_T4a_mid+1.5=16123.1309]  3%|▎         | 10/300 [00:06<03:09,  1.53it/s] Cost: 793393.2500  [spread_bright_L5=4907146.5000  spread_bright_Mi1=5250657.0000  spread_bright_Tm3=2963377.0000  spread_bright_Mi4=7974709.5000  spread_dark_L1=1775949.7500  spread_dark_L2=2938565.5000  spread_dark_L3=4490321.0000  spread_dark_L4=7089932.5000  spread_dark_Mi9=6748178.0000  spread_dark_Tm1=3108744.0000  spread_dark_Tm2=1641841.8750  spread_dark_Tm4=2715843.7500  spread_dark_Tm9=7256881.0000  sbar_bright_T4a_mid+0=1574919.3750  sbar_bright_T4b_mid+0=1597925.1250  sbar_bright_T4c_mid+0=1532846.7500  sbar_bright_T4d_mid+0=1532764.3750  sbar_bright_T5a_mid+0=202212.1875  sbar_bright_T5b_mid+0=197620.6875  sbar_bright_T5c_mid+0=206054.9688  sbar_bright_T5d_mid+0=204839.6406  sbar_bright_T4a_mid+1=347643.4688  sbar_bright_T4b_mid+1=378581.1250  sbar_bright_T4c_mid+1=366633.1562  sbar_bright_T4d_mid+1=368391.9375  sbar_bright_T5a_mid+1=185910.7344  sbar_bright_T5b_mid+1=199032.3281  sbar_bright_T5c_mid+1=189237.3125  sbar_bright_T5d_mid+1=192995.6406  sbar_bright_T4a_mid+2=114956.8516  sbar_bright_T4b_mid+2=114164.7422  sbar_bright_T4c_mid+2=110307.0625  sbar_bright_T4d_mid+2=115039.1406  sbar_bright_T5a_mid+2=334159.9375  sbar_bright_T5b_mid+2=317584.2812  sbar_bright_T5c_mid+2=331426.5312  sbar_bright_T5d_mid+2=333026.6562  sbar_bright_T4a_mid-1=2789121.0000  sbar_bright_T4b_mid-1=2631172.0000  sbar_bright_T4c_mid-1=2767999.2500  sbar_bright_T4d_mid-1=2769890.7500  sbar_bright_T5a_mid-1=443198.4688  sbar_bright_T5b_mid-1=442795.2812  sbar_bright_T5c_mid-1=443322.2812  sbar_bright_T5d_mid-1=443703.8438  sbar_bright_T4a_mid-2=681718.8125  sbar_bright_T4b_mid-2=680277.9375  sbar_bright_T4c_mid-2=678699.8125  sbar_bright_T4d_mid-2=679838.1875  sbar_bright_T5b_mid-2=152402.1094  sbar_bright_T5c_mid-2=151948.1719  sbar_bright_T5d_mid-2=154321.2500  sbar_bright_T5a_mid-2=147842.7969  sbar_bright_T4a_mid-1.5=294611.5625  sbar_bright_T4b_mid-1.5=295929.8750  sbar_bright_T4c_mid-1.5=292741.4062  sbar_bright_T4d_mid-1.5=301002.1562  sbar_bright_T5a_mid-1.5=139044.6250  sbar_bright_T5b_mid-1.5=140957.1094  sbar_bright_T5c_mid-1.5=135901.1250  sbar_bright_T5d_mid-1.5=126208.3281  sbar_bright_T4a_mid-0.5=1580389.5000  sbar_bright_T4b_mid-0.5=1571978.0000  sbar_bright_T4c_mid-0.5=1586932.2500  sbar_bright_T4d_mid-0.5=1593508.5000  sbar_bright_T5a_mid-0.5=175408.2656  sbar_bright_T5b_mid-0.5=176300.8906  sbar_bright_T5c_mid-0.5=175298.4688  sbar_bright_T5d_mid-0.5=174747.6875  sbar_bright_T4a_mid+0.5=347337.0312  sbar_bright_T4b_mid+0.5=336749.4688  sbar_bright_T4c_mid+0.5=342634.0000  sbar_bright_T4d_mid+0.5=341961.6562  sbar_bright_T5a_mid+0.5=74977.5938  sbar_bright_T5b_mid+0.5=74879.7266  sbar_bright_T5c_mid+0.5=75094.1250  sbar_bright_T5d_mid+0.5=74923.9844  sbar_bright_T4b_mid+1.5=34874.7695  sbar_bright_T4c_mid+1.5=34022.6328  sbar_bright_T4d_mid+1.5=34173.4609  sbar_bright_T5a_mid+1.5=70756.1328  sbar_bright_T5b_mid+1.5=72120.5859  sbar_bright_T5c_mid+1.5=70156.2891  sbar_bright_T5d_mid+1.5=63418.8516  sbar_bright_T4a_mid+1.5=30796.3223  sbar_dark_T4a_mid+0=27154.1289  sbar_dark_T4b_mid+0=29780.5625  sbar_dark_T4c_mid+0=28720.7090  sbar_dark_T4d_mid+0=28283.4082  sbar_dark_T5a_mid+0=773511.8750  sbar_dark_T5b_mid+0=753358.0000  sbar_dark_T5c_mid+0=785227.7500  sbar_dark_T5d_mid+0=780851.8750  sbar_dark_T4a_mid+1=31232.9922  sbar_dark_T4b_mid+1=37214.3672  sbar_dark_T4c_mid+1=32535.2832  sbar_dark_T4d_mid+1=32602.6094  sbar_dark_T5a_mid+1=336332.3750  sbar_dark_T5b_mid+1=359965.8125  sbar_dark_T5c_mid+1=342343.5938  sbar_dark_T5d_mid+1=349181.1250  sbar_dark_T4a_mid+2=28961.3711  sbar_dark_T4b_mid+2=29362.1523  sbar_dark_T4c_mid+2=26759.8867  sbar_dark_T4d_mid+2=28962.3848  sbar_dark_T5a_mid+2=414555.8125  sbar_dark_T5b_mid+2=394052.4375  sbar_dark_T5c_mid+2=411068.8750  sbar_dark_T5d_mid+2=413187.0625  sbar_dark_T4a_mid-1=94504.5547  sbar_dark_T4b_mid-1=102728.3359  sbar_dark_T4c_mid-1=97530.8906  sbar_dark_T4d_mid-1=97707.6797  sbar_dark_T5a_mid-1=2327917.7500  sbar_dark_T5b_mid-1=2322626.2500  sbar_dark_T5c_mid-1=2329028.2500  sbar_dark_T5d_mid-1=2333419.7500  sbar_dark_T4a_mid-2=11450.3105  sbar_dark_T4b_mid-2=12963.8896  sbar_dark_T4c_mid-2=12073.2891  sbar_dark_T4d_mid-2=11421.3984  sbar_dark_T5b_mid-2=1238221.6250  sbar_dark_T5c_mid-2=1237199.2500  sbar_dark_T5d_mid-2=1246152.3750  sbar_dark_T5a_mid-2=1199593.0000  sbar_dark_T4a_mid-1.5=6815.4673  sbar_dark_T4b_mid-1.5=7220.9810  sbar_dark_T4c_mid-1.5=6974.7490  sbar_dark_T4d_mid-1.5=6101.8374  sbar_dark_T5a_mid-1.5=380454.1875  sbar_dark_T5b_mid-1.5=385530.3750  sbar_dark_T5c_mid-1.5=371708.3750  sbar_dark_T5d_mid-1.5=345294.7812  sbar_dark_T4a_mid-0.5=30280.6270  sbar_dark_T4b_mid-0.5=31560.3984  sbar_dark_T4c_mid-0.5=30600.8184  sbar_dark_T4d_mid-0.5=29484.3438  sbar_dark_T5a_mid-0.5=943580.3750  sbar_dark_T5b_mid-0.5=949695.3125  sbar_dark_T5c_mid-0.5=944119.3750  sbar_dark_T5d_mid-0.5=938223.6875  sbar_dark_T4a_mid+0.5=9258.4805  sbar_dark_T4b_mid+0.5=8246.8926  sbar_dark_T4c_mid+0.5=8846.5635  sbar_dark_T4d_mid+0.5=8553.5938  sbar_dark_T5a_mid+0.5=217823.9375  sbar_dark_T5b_mid+0.5=217416.7969  sbar_dark_T5c_mid+0.5=218369.6562  sbar_dark_T5d_mid+0.5=218402.7656  sbar_dark_T4b_mid+1.5=13581.8672  sbar_dark_T4c_mid+1.5=13054.4922  sbar_dark_T4d_mid+1.5=14115.5283  sbar_dark_T5a_mid+1.5=60635.3828  sbar_dark_T5b_mid+1.5=61631.6172  sbar_dark_T5c_mid+1.5=60264.6836  sbar_dark_T5d_mid+1.5=54381.8984  sbar_dark_T4a_mid+1.5=12260.9902]:   7%|▋         | 20/300 [00:12<03:01,  1.54it/s] Cost: 732607.6250  [spread_bright_L5=2521592.0000  spread_bright_Mi1=4027074.5000  spread_bright_Tm3=2496108.5000  spread_bright_Mi4=7757158.0000  spread_dark_L1=1787872.7500  spread_dark_L2=2480940.5000  spread_dark_L3=4061141.5000  spread_dark_L4=6464460.5000  spread_dark_Mi9=6306784.5000  spread_dark_Tm1=2056407.5000  spread_dark_Tm2=1496345.0000  spread_dark_Tm4=1646708.1250  spread_dark_Tm9=6909009.0000  sbar_bright_T4a_mid+0=1500048.3750  sbar_bright_T4b_mid+0=1473224.6250  sbar_bright_T4c_mid+0=1451853.6250  sbar_bright_T4d_mid+0=1465419.6250  sbar_bright_T5a_mid+0=200309.8906  sbar_bright_T5b_mid+0=196968.4375  sbar_bright_T5c_mid+0=213471.6719  sbar_bright_T5d_mid+0=203771.0156  sbar_bright_T4a_mid+1=339937.2188  sbar_bright_T4b_mid+1=357433.2188  sbar_bright_T4c_mid+1=343566.8125  sbar_bright_T4d_mid+1=353773.0938  sbar_bright_T5a_mid+1=187846.2031  sbar_bright_T5b_mid+1=199714.6094  sbar_bright_T5c_mid+1=189256.0312  sbar_bright_T5d_mid+1=192919.5312  sbar_bright_T4a_mid+2=114651.8984  sbar_bright_T4b_mid+2=113205.6094  sbar_bright_T4c_mid+2=105680.3594  sbar_bright_T4d_mid+2=119197.9453  sbar_bright_T5a_mid+2=334914.7188  sbar_bright_T5b_mid+2=316132.4375  sbar_bright_T5c_mid+2=333056.1875  sbar_bright_T5d_mid+2=332687.7500  sbar_bright_T4a_mid-1=2782570.5000  sbar_bright_T4b_mid-1=2628617.2500  sbar_bright_T4c_mid-1=2743990.5000  sbar_bright_T4d_mid-1=2755728.7500  sbar_bright_T5a_mid-1=442270.6562  sbar_bright_T5b_mid-1=442382.6250  sbar_bright_T5c_mid-1=445277.7500  sbar_bright_T5d_mid-1=442677.9688  sbar_bright_T4a_mid-2=681969.3750  sbar_bright_T4b_mid-2=683943.2500  sbar_bright_T4c_mid-2=669671.4375  sbar_bright_T4d_mid-2=668741.1250  sbar_bright_T5b_mid-2=149852.2969  sbar_bright_T5c_mid-2=148627.5469  sbar_bright_T5d_mid-2=153839.0625  sbar_bright_T5a_mid-2=148276.0000  sbar_bright_T4a_mid-1.5=295976.4688  sbar_bright_T4b_mid-1.5=298566.2500  sbar_bright_T4c_mid-1.5=291236.0938  sbar_bright_T4d_mid-1.5=314968.0000  sbar_bright_T5a_mid-1.5=137793.9531  sbar_bright_T5b_mid-1.5=142556.8281  sbar_bright_T5c_mid-1.5=131436.6406  sbar_bright_T5d_mid-1.5=125417.5469  sbar_bright_T4a_mid-0.5=1562319.5000  sbar_bright_T4b_mid-0.5=1546663.3750  sbar_bright_T4c_mid-0.5=1569394.1250  sbar_bright_T4d_mid-0.5=1581362.3750  sbar_bright_T5a_mid-0.5=175613.4375  sbar_bright_T5b_mid-0.5=177176.7344  sbar_bright_T5c_mid-0.5=174019.2188  sbar_bright_T5d_mid-0.5=175496.5469  sbar_bright_T4a_mid+0.5=343712.9062  sbar_bright_T4b_mid+0.5=314343.6562  sbar_bright_T4c_mid+0.5=324759.4688  sbar_bright_T4d_mid+0.5=331638.1562  sbar_bright_T5a_mid+0.5=73935.9922  sbar_bright_T5b_mid+0.5=74703.6641  sbar_bright_T5c_mid+0.5=76920.0859  sbar_bright_T5d_mid+0.5=75188.3750  sbar_bright_T4b_mid+1.5=34574.8633  sbar_bright_T4c_mid+1.5=33851.8984  sbar_bright_T4d_mid+1.5=34210.0898  sbar_bright_T5a_mid+1.5=70839.1875  sbar_bright_T5b_mid+1.5=73397.1328  sbar_bright_T5c_mid+1.5=70234.0547  sbar_bright_T5d_mid+1.5=64104.5664  sbar_bright_T4a_mid+1.5=30663.9141  sbar_dark_T4a_mid+0=16911.9746  sbar_dark_T4b_mid+0=18468.0098  sbar_dark_T4c_mid+0=23572.7070  sbar_dark_T4d_mid+0=22219.4297  sbar_dark_T5a_mid+0=763666.0000  sbar_dark_T5b_mid+0=747127.6250  sbar_dark_T5c_mid+0=806468.5625  sbar_dark_T5d_mid+0=777207.5625  sbar_dark_T4a_mid+1=30529.1973  sbar_dark_T4b_mid+1=35923.6641  sbar_dark_T4c_mid+1=33864.9336  sbar_dark_T4d_mid+1=33058.3945  sbar_dark_T5a_mid+1=338808.7812  sbar_dark_T5b_mid+1=360450.1562  sbar_dark_T5c_mid+1=338062.9375  sbar_dark_T5d_mid+1=349085.3750  sbar_dark_T4a_mid+2=29620.3242  sbar_dark_T4b_mid+2=30179.4082  sbar_dark_T4c_mid+2=27385.1875  sbar_dark_T4d_mid+2=33233.6445  sbar_dark_T5a_mid+2=415586.1875  sbar_dark_T5b_mid+2=392233.8750  sbar_dark_T5c_mid+2=411946.1562  sbar_dark_T5d_mid+2=412985.4688  sbar_dark_T4a_mid-1=90035.0938  sbar_dark_T4b_mid-1=95117.1797  sbar_dark_T4c_mid-1=96815.9688  sbar_dark_T4d_mid-1=98112.5781  sbar_dark_T5a_mid-1=2322048.5000  sbar_dark_T5b_mid-1=2313555.0000  sbar_dark_T5c_mid-1=2330675.7500  sbar_dark_T5d_mid-1=2326683.0000  sbar_dark_T4a_mid-2=12084.9102  sbar_dark_T4b_mid-2=13324.1846  sbar_dark_T4c_mid-2=17883.3809  sbar_dark_T4d_mid-2=14794.0225  sbar_dark_T5b_mid-2=1225772.8750  sbar_dark_T5c_mid-2=1216530.2500  sbar_dark_T5d_mid-2=1245022.2500  sbar_dark_T5a_mid-2=1199512.1250  sbar_dark_T4a_mid-1.5=6926.6372  sbar_dark_T4b_mid-1.5=7841.9648  sbar_dark_T4c_mid-1.5=8172.8135  sbar_dark_T4d_mid-1.5=6060.1255  sbar_dark_T5a_mid-1.5=376686.1562  sbar_dark_T5b_mid-1.5=389625.8125  sbar_dark_T5c_mid-1.5=357415.0000  sbar_dark_T5d_mid-1.5=343277.1875  sbar_dark_T4a_mid-0.5=28977.0625  sbar_dark_T4b_mid-0.5=29389.4258  sbar_dark_T4c_mid-0.5=31773.9512  sbar_dark_T4d_mid-0.5=27764.8320  sbar_dark_T5a_mid-0.5=946841.8750  sbar_dark_T5b_mid-0.5=955429.6250  sbar_dark_T5c_mid-0.5=926412.7500  sbar_dark_T5d_mid-0.5=944967.0625  sbar_dark_T4a_mid+0.5=8943.1523  sbar_dark_T4b_mid+0.5=6303.2812  sbar_dark_T4c_mid+0.5=10288.3818  sbar_dark_T4d_mid+0.5=8160.0034  sbar_dark_T5a_mid+0.5=214407.3438  sbar_dark_T5b_mid+0.5=216526.1719  sbar_dark_T5c_mid+0.5=223091.5469  sbar_dark_T5d_mid+0.5=219325.2500  sbar_dark_T4b_mid+1.5=13669.6875  sbar_dark_T4c_mid+1.5=12700.5010  sbar_dark_T4d_mid+1.5=14702.3047  sbar_dark_T5a_mid+1.5=60789.1953  sbar_dark_T5b_mid+1.5=62692.6875  sbar_dark_T5c_mid+1.5=60630.5156  sbar_dark_T5d_mid+1.5=54956.2422  sbar_dark_T4a_mid+1.5=11895.4453]:  10%|█         | 30/300 [00:19<02:54,  1.55it/s] Cost: 673958.6250  [spread_bright_L5=2144548.5000  spread_bright_Mi1=3483166.5000  spread_bright_Tm3=2139374.0000  spread_bright_Mi4=6503329.0000  spread_dark_L1=1341148.0000  spread_dark_L2=2541271.5000  spread_dark_L3=4165413.0000  spread_dark_L4=5553343.0000  spread_dark_Mi9=5264458.5000  spread_dark_Tm1=1227333.2500  spread_dark_Tm2=1250917.6250  spread_dark_Tm4=1272287.0000  spread_dark_Tm9=6021581.0000  sbar_bright_T4a_mid+0=1232716.3750  sbar_bright_T4b_mid+0=1212196.7500  sbar_bright_T4c_mid+0=1196848.6250  sbar_bright_T4d_mid+0=1225766.1250  sbar_bright_T5a_mid+0=190065.7500  sbar_bright_T5b_mid+0=193165.2969  sbar_bright_T5c_mid+0=207029.3281  sbar_bright_T5d_mid+0=198332.3906  sbar_bright_T4a_mid+1=291316.0312  sbar_bright_T4b_mid+1=297692.8750  sbar_bright_T4c_mid+1=256826.6562  sbar_bright_T4d_mid+1=271555.7188  sbar_bright_T5a_mid+1=190403.3438  sbar_bright_T5b_mid+1=201032.1562  sbar_bright_T5c_mid+1=187405.3281  sbar_bright_T5d_mid+1=191791.7344  sbar_bright_T4a_mid+2=107326.3594  sbar_bright_T4b_mid+2=112280.6016  sbar_bright_T4c_mid+2=106236.5312  sbar_bright_T4d_mid+2=105708.4609  sbar_bright_T5a_mid+2=347271.3438  sbar_bright_T5b_mid+2=313042.7188  sbar_bright_T5c_mid+2=333969.4688  sbar_bright_T5d_mid+2=332386.6562  sbar_bright_T4a_mid-1=2661833.7500  sbar_bright_T4b_mid-1=2560741.7500  sbar_bright_T4c_mid-1=2639103.0000  sbar_bright_T4d_mid-1=2684645.5000  sbar_bright_T5a_mid-1=444969.2500  sbar_bright_T5b_mid-1=441885.1562  sbar_bright_T5c_mid-1=442620.1562  sbar_bright_T5d_mid-1=441588.4688  sbar_bright_T4a_mid-2=679728.9375  sbar_bright_T4b_mid-2=678416.0000  sbar_bright_T4c_mid-2=654783.3125  sbar_bright_T4d_mid-2=679937.5000  sbar_bright_T5b_mid-2=150069.8594  sbar_bright_T5c_mid-2=145757.0938  sbar_bright_T5d_mid-2=153532.6094  sbar_bright_T5a_mid-2=152917.3125  sbar_bright_T4a_mid-1.5=293726.6250  sbar_bright_T4b_mid-1.5=290412.8438  sbar_bright_T4c_mid-1.5=287527.5000  sbar_bright_T4d_mid-1.5=296315.9375  sbar_bright_T5a_mid-1.5=138160.4219  sbar_bright_T5b_mid-1.5=144627.4688  sbar_bright_T5c_mid-1.5=133111.4531  sbar_bright_T5d_mid-1.5=125397.5156  sbar_bright_T4a_mid-0.5=1501438.6250  sbar_bright_T4b_mid-0.5=1511150.7500  sbar_bright_T4c_mid-0.5=1539579.8750  sbar_bright_T4d_mid-0.5=1510682.5000  sbar_bright_T5a_mid-0.5=175120.3750  sbar_bright_T5b_mid-0.5=177710.9844  sbar_bright_T5c_mid-0.5=170960.4375  sbar_bright_T5d_mid-0.5=174747.4531  sbar_bright_T4a_mid+0.5=321686.5312  sbar_bright_T4b_mid+0.5=274813.9688  sbar_bright_T4c_mid+0.5=265693.2188  sbar_bright_T4d_mid+0.5=299254.9688  sbar_bright_T5a_mid+0.5=71414.0234  sbar_bright_T5b_mid+0.5=74146.8906  sbar_bright_T5c_mid+0.5=74730.2109  sbar_bright_T5d_mid+0.5=74348.0547  sbar_bright_T4b_mid+1.5=32786.6328  sbar_bright_T4c_mid+1.5=30014.0234  sbar_bright_T4d_mid+1.5=31831.5645  sbar_bright_T5a_mid+1.5=69411.6406  sbar_bright_T5b_mid+1.5=74919.5469  sbar_bright_T5c_mid+1.5=70405.5781  sbar_bright_T5d_mid+1.5=64050.2578  sbar_bright_T4a_mid+1.5=28983.1836  sbar_dark_T4a_mid+0=120411.7734  sbar_dark_T4b_mid+0=94228.9062  sbar_dark_T4c_mid+0=75180.0547  sbar_dark_T4d_mid+0=83641.5078  sbar_dark_T5a_mid+0=704288.8125  sbar_dark_T5b_mid+0=730533.7500  sbar_dark_T5c_mid+0=785040.6250  sbar_dark_T5d_mid+0=764194.0000  sbar_dark_T4a_mid+1=27223.6758  sbar_dark_T4b_mid+1=34106.8047  sbar_dark_T4c_mid+1=40491.6055  sbar_dark_T4d_mid+1=43180.1719  sbar_dark_T5a_mid+1=335949.8125  sbar_dark_T5b_mid+1=359885.5000  sbar_dark_T5c_mid+1=331389.5000  sbar_dark_T5d_mid+1=346272.6875  sbar_dark_T4a_mid+2=27893.7520  sbar_dark_T4b_mid+2=32457.0039  sbar_dark_T4c_mid+2=32018.7070  sbar_dark_T4d_mid+2=27052.8711  sbar_dark_T5a_mid+2=429449.9375  sbar_dark_T5b_mid+2=388054.1562  sbar_dark_T5c_mid+2=412210.4375  sbar_dark_T5d_mid+2=412794.3750  sbar_dark_T4a_mid-1=84311.5078  sbar_dark_T4b_mid-1=82259.4609  sbar_dark_T4c_mid-1=86669.3594  sbar_dark_T4d_mid-1=87475.9688  sbar_dark_T5a_mid-1=2312720.7500  sbar_dark_T5b_mid-1=2296072.0000  sbar_dark_T5c_mid-1=2302515.7500  sbar_dark_T5d_mid-1=2324432.0000  sbar_dark_T4a_mid-2=11109.4854  sbar_dark_T4b_mid-2=13842.6367  sbar_dark_T4c_mid-2=24077.6523  sbar_dark_T4d_mid-2=11159.0820  sbar_dark_T5b_mid-2=1215341.8750  sbar_dark_T5c_mid-2=1201923.2500  sbar_dark_T5d_mid-2=1244525.3750  sbar_dark_T5a_mid-2=1193817.7500  sbar_dark_T4a_mid-1.5=6896.0894  sbar_dark_T4b_mid-1.5=8967.3271  sbar_dark_T4c_mid-1.5=12080.7324  sbar_dark_T4d_mid-1.5=6586.8047  sbar_dark_T5a_mid-1.5=371819.5625  sbar_dark_T5b_mid-1.5=394340.2812  sbar_dark_T5c_mid-1.5=361206.6875  sbar_dark_T5d_mid-1.5=343372.4062  sbar_dark_T4a_mid-0.5=19763.5566  sbar_dark_T4b_mid-0.5=21674.3477  sbar_dark_T4c_mid-0.5=25218.5898  sbar_dark_T4d_mid-0.5=20744.8965  sbar_dark_T5a_mid-0.5=942085.8125  sbar_dark_T5b_mid-0.5=958772.9375  sbar_dark_T5c_mid-0.5=905619.4375  sbar_dark_T5d_mid-0.5=943572.9375  sbar_dark_T4a_mid+0.5=7566.7148  sbar_dark_T4b_mid+0.5=6562.7012  sbar_dark_T4c_mid+0.5=17933.0645  sbar_dark_T4d_mid+0.5=7074.0234  sbar_dark_T5a_mid+0.5=201867.0156  sbar_dark_T5b_mid+0.5=213763.1406  sbar_dark_T5c_mid+0.5=219158.0312  sbar_dark_T5d_mid+0.5=217305.0156  sbar_dark_T4b_mid+1.5=14945.2129  sbar_dark_T4c_mid+1.5=15573.8330  sbar_dark_T4d_mid+1.5=12967.7773  sbar_dark_T5a_mid+1.5=60112.7852  sbar_dark_T5b_mid+1.5=64148.2773  sbar_dark_T5c_mid+1.5=60824.0273  sbar_dark_T5d_mid+1.5=54885.6328  sbar_dark_T4a_mid+1.5=11661.0322]:  13%|█▎        | 40/300 [00:25<02:48,  1.54it/s] Cost: 619820.8750  [spread_bright_L5=2650594.2500  spread_bright_Mi1=3091667.0000  spread_bright_Tm3=1692530.0000  spread_bright_Mi4=4066975.7500  spread_dark_L1=1326684.1250  spread_dark_L2=2432942.0000  spread_dark_L3=4128957.7500  spread_dark_L4=4617806.0000  spread_dark_Mi9=4169321.0000  spread_dark_Tm1=1283195.3750  spread_dark_Tm2=1241299.5000  spread_dark_Tm4=1238449.7500  spread_dark_Tm9=5245814.5000  sbar_bright_T4a_mid+0=1008944.0625  sbar_bright_T4b_mid+0=1031426.7500  sbar_bright_T4c_mid+0=1016021.4375  sbar_bright_T4d_mid+0=1020178.1875  sbar_bright_T5a_mid+0=89168.3984  sbar_bright_T5b_mid+0=160982.6562  sbar_bright_T5c_mid+0=127459.3125  sbar_bright_T5d_mid+0=174433.6406  sbar_bright_T4a_mid+1=269107.2812  sbar_bright_T4b_mid+1=277029.5000  sbar_bright_T4c_mid+1=229508.9062  sbar_bright_T4d_mid+1=247818.2344  sbar_bright_T5a_mid+1=173997.0312  sbar_bright_T5b_mid+1=198610.0938  sbar_bright_T5c_mid+1=164349.0938  sbar_bright_T5d_mid+1=189130.1719  sbar_bright_T4a_mid+2=116312.6094  sbar_bright_T4b_mid+2=109450.1406  sbar_bright_T4c_mid+2=116707.1406  sbar_bright_T4d_mid+2=111706.9609  sbar_bright_T5a_mid+2=344437.0625  sbar_bright_T5b_mid+2=310143.0312  sbar_bright_T5c_mid+2=329089.5625  sbar_bright_T5d_mid+2=332037.4688  sbar_bright_T4a_mid-1=2568243.2500  sbar_bright_T4b_mid-1=2439899.2500  sbar_bright_T4c_mid-1=2501583.7500  sbar_bright_T4d_mid-1=2612924.0000  sbar_bright_T5a_mid-1=417535.0000  sbar_bright_T5b_mid-1=432220.8125  sbar_bright_T5c_mid-1=408124.4062  sbar_bright_T5d_mid-1=438284.6250  sbar_bright_T4a_mid-2=667471.3750  sbar_bright_T4b_mid-2=674264.8750  sbar_bright_T4c_mid-2=636197.1250  sbar_bright_T4d_mid-2=673729.6875  sbar_bright_T5b_mid-2=152461.8594  sbar_bright_T5c_mid-2=137610.3438  sbar_bright_T5d_mid-2=152903.1406  sbar_bright_T5a_mid-2=153763.6719  sbar_bright_T4a_mid-1.5=286305.1562  sbar_bright_T4b_mid-1.5=287980.1250  sbar_bright_T4c_mid-1.5=279600.8750  sbar_bright_T4d_mid-1.5=291460.4375  sbar_bright_T5a_mid-1.5=134862.3750  sbar_bright_T5b_mid-1.5=145600.3125  sbar_bright_T5c_mid-1.5=134926.6406  sbar_bright_T5d_mid-1.5=126858.5234  sbar_bright_T4a_mid-0.5=1460481.7500  sbar_bright_T4b_mid-0.5=1466342.7500  sbar_bright_T4c_mid-0.5=1524673.2500  sbar_bright_T4d_mid-0.5=1459823.8750  sbar_bright_T5a_mid-0.5=161512.1094  sbar_bright_T5b_mid-0.5=175752.4375  sbar_bright_T5c_mid-0.5=152765.3750  sbar_bright_T5d_mid-0.5=170395.1719  sbar_bright_T4a_mid+0.5=322819.6250  sbar_bright_T4b_mid+0.5=267539.1875  sbar_bright_T4c_mid+0.5=239790.1094  sbar_bright_T4d_mid+0.5=295808.2188  sbar_bright_T5a_mid+0.5=65239.7227  sbar_bright_T5b_mid+0.5=71704.7266  sbar_bright_T5c_mid+0.5=61865.1523  sbar_bright_T5d_mid+0.5=69873.6172  sbar_bright_T4b_mid+1.5=33381.2969  sbar_bright_T4c_mid+1.5=32175.5840  sbar_bright_T4d_mid+1.5=32598.9590  sbar_bright_T5a_mid+1.5=68293.3828  sbar_bright_T5b_mid+1.5=73978.7188  sbar_bright_T5c_mid+1.5=70455.0781  sbar_bright_T5d_mid+1.5=61476.5312  sbar_bright_T4a_mid+1.5=30853.4648  sbar_dark_T4a_mid+0=52235.3281  sbar_dark_T4b_mid+0=42868.5234  sbar_dark_T4c_mid+0=35967.0586  sbar_dark_T4d_mid+0=45801.9531  sbar_dark_T5a_mid+0=609427.5000  sbar_dark_T5b_mid+0=671444.8125  sbar_dark_T5c_mid+0=679440.0000  sbar_dark_T5d_mid+0=723824.5625  sbar_dark_T4a_mid+1=31554.0586  sbar_dark_T4b_mid+1=27352.6230  sbar_dark_T4c_mid+1=33704.9883  sbar_dark_T4d_mid+1=37452.7656  sbar_dark_T5a_mid+1=304808.3125  sbar_dark_T5b_mid+1=353318.9375  sbar_dark_T5c_mid+1=288335.9062  sbar_dark_T5d_mid+1=339557.2812  sbar_dark_T4a_mid+2=32444.2812  sbar_dark_T4b_mid+2=32304.1934  sbar_dark_T4c_mid+2=38232.4258  sbar_dark_T4d_mid+2=29220.9902  sbar_dark_T5a_mid+2=428064.1875  sbar_dark_T5b_mid+2=384188.9688  sbar_dark_T5c_mid+2=406021.9688  sbar_dark_T5d_mid+2=412054.0625  sbar_dark_T4a_mid-1=100434.1406  sbar_dark_T4b_mid-1=82113.0156  sbar_dark_T4c_mid-1=91348.6094  sbar_dark_T4d_mid-1=93586.2891  sbar_dark_T5a_mid-1=2284241.7500  sbar_dark_T5b_mid-1=2271523.5000  sbar_dark_T5c_mid-1=2250503.5000  sbar_dark_T5d_mid-1=2328274.0000  sbar_dark_T4a_mid-2=16685.9902  sbar_dark_T4b_mid-2=12551.5811  sbar_dark_T4c_mid-2=32162.5254  sbar_dark_T4d_mid-2=12543.5361  sbar_dark_T5b_mid-2=1214882.0000  sbar_dark_T5c_mid-2=1178295.0000  sbar_dark_T5d_mid-2=1241248.7500  sbar_dark_T5a_mid-2=1194329.7500  sbar_dark_T4a_mid-1.5=8565.9102  sbar_dark_T4b_mid-1.5=7900.0171  sbar_dark_T4c_mid-1.5=12735.9961  sbar_dark_T4d_mid-1.5=7539.0132  sbar_dark_T5a_mid-1.5=363414.2500  sbar_dark_T5b_mid-1.5=396196.3750  sbar_dark_T5c_mid-1.5=364833.8125  sbar_dark_T5d_mid-1.5=347196.6875  sbar_dark_T4a_mid-0.5=17463.6230  sbar_dark_T4b_mid-0.5=21623.6523  sbar_dark_T4c_mid-0.5=22135.4844  sbar_dark_T4d_mid-0.5=23037.0820  sbar_dark_T5a_mid-0.5=908653.2500  sbar_dark_T5b_mid-0.5=956579.9375  sbar_dark_T5c_mid-0.5=870933.2500  sbar_dark_T5d_mid-0.5=926008.1875  sbar_dark_T4a_mid+0.5=10669.1367  sbar_dark_T4b_mid+0.5=10718.1592  sbar_dark_T4c_mid+0.5=8884.1611  sbar_dark_T4d_mid+0.5=12483.0635  sbar_dark_T5a_mid+0.5=192474.0156  sbar_dark_T5b_mid+0.5=207435.9531  sbar_dark_T5c_mid+0.5=202640.2812  sbar_dark_T5d_mid+0.5=207375.5156  sbar_dark_T4b_mid+1.5=15130.1152  sbar_dark_T4c_mid+1.5=17067.2090  sbar_dark_T4d_mid+1.5=14282.3545  sbar_dark_T5a_mid+1.5=60434.6914  sbar_dark_T5b_mid+1.5=63933.7930  sbar_dark_T5c_mid+1.5=61712.4062  sbar_dark_T5d_mid+1.5=53154.7656  sbar_dark_T4a_mid+1.5=15619.6123]:  17%|█▋        | 50/300 [00:32<02:41,  1.55it/s] Cost: 591129.0000  [spread_bright_L5=2476321.2500  spread_bright_Mi1=2936051.2500  spread_bright_Tm3=1468597.8750  spread_bright_Mi4=3570124.2500  spread_dark_L1=1284097.2500  spread_dark_L2=2511205.5000  spread_dark_L3=3874804.0000  spread_dark_L4=4248031.0000  spread_dark_Mi9=3718946.0000  spread_dark_Tm1=1021095.3750  spread_dark_Tm2=1290283.5000  spread_dark_Tm4=1238199.6250  spread_dark_Tm9=4825030.0000  sbar_bright_T4a_mid+0=1007908.7500  sbar_bright_T4b_mid+0=990592.1875  sbar_bright_T4c_mid+0=971959.1250  sbar_bright_T4d_mid+0=1005432.5625  sbar_bright_T5a_mid+0=65332.2461  sbar_bright_T5b_mid+0=72548.3672  sbar_bright_T5c_mid+0=93037.8203  sbar_bright_T5d_mid+0=115417.9375  sbar_bright_T4a_mid+1=259699.8750  sbar_bright_T4b_mid+1=264662.5938  sbar_bright_T4c_mid+1=213776.7188  sbar_bright_T4d_mid+1=247616.6875  sbar_bright_T5a_mid+1=166234.9531  sbar_bright_T5b_mid+1=180615.1562  sbar_bright_T5c_mid+1=153739.3594  sbar_bright_T5d_mid+1=174056.0469  sbar_bright_T4a_mid+2=108026.9141  sbar_bright_T4b_mid+2=104600.9141  sbar_bright_T4c_mid+2=110163.0625  sbar_bright_T4d_mid+2=107033.2188  sbar_bright_T5a_mid+2=345373.3438  sbar_bright_T5b_mid+2=307665.5938  sbar_bright_T5c_mid+2=325206.2812  sbar_bright_T5d_mid+2=328532.2188  sbar_bright_T4a_mid-1=2500024.7500  sbar_bright_T4b_mid-1=2360346.2500  sbar_bright_T4c_mid-1=2443475.0000  sbar_bright_T4d_mid-1=2556829.5000  sbar_bright_T5a_mid-1=394321.1562  sbar_bright_T5b_mid-1=368163.3438  sbar_bright_T5c_mid-1=378081.8438  sbar_bright_T5d_mid-1=420493.4062  sbar_bright_T4a_mid-2=674755.6250  sbar_bright_T4b_mid-2=671907.6250  sbar_bright_T4c_mid-2=639013.3750  sbar_bright_T4d_mid-2=671562.5625  sbar_bright_T5b_mid-2=146894.8438  sbar_bright_T5c_mid-2=132713.5938  sbar_bright_T5d_mid-2=149009.9375  sbar_bright_T5a_mid-2=145782.0156  sbar_bright_T4a_mid-1.5=289562.7812  sbar_bright_T4b_mid-1.5=290284.0000  sbar_bright_T4c_mid-1.5=286555.8125  sbar_bright_T4d_mid-1.5=295467.8750  sbar_bright_T5a_mid-1.5=133499.1094  sbar_bright_T5b_mid-1.5=143118.8281  sbar_bright_T5c_mid-1.5=133212.1875  sbar_bright_T5d_mid-1.5=125873.0781  sbar_bright_T4a_mid-0.5=1421917.3750  sbar_bright_T4b_mid-0.5=1429877.3750  sbar_bright_T4c_mid-0.5=1513765.8750  sbar_bright_T4d_mid-0.5=1420325.6250  sbar_bright_T5a_mid-0.5=150194.2344  sbar_bright_T5b_mid-0.5=163324.8750  sbar_bright_T5c_mid-0.5=137918.7969  sbar_bright_T5d_mid-0.5=162212.0000  sbar_bright_T4a_mid+0.5=306982.8750  sbar_bright_T4b_mid+0.5=257166.2031  sbar_bright_T4c_mid+0.5=227794.5156  sbar_bright_T4d_mid+0.5=278569.5625  sbar_bright_T5a_mid+0.5=61546.7031  sbar_bright_T5b_mid+0.5=59795.9023  sbar_bright_T5c_mid+0.5=54289.1484  sbar_bright_T5d_mid+0.5=58065.6133  sbar_bright_T4b_mid+1.5=33212.4844  sbar_bright_T4c_mid+1.5=32316.3438  sbar_bright_T4d_mid+1.5=32707.5781  sbar_bright_T5a_mid+1.5=69622.7031  sbar_bright_T5b_mid+1.5=71684.2578  sbar_bright_T5c_mid+1.5=70795.3359  sbar_bright_T5d_mid+1.5=62530.2070  sbar_bright_T4a_mid+1.5=30114.3418  sbar_dark_T4a_mid+0=57330.8789  sbar_dark_T4b_mid+0=49730.1992  sbar_dark_T4c_mid+0=44770.4609  sbar_dark_T4d_mid+0=61374.6758  sbar_dark_T5a_mid+0=633393.8750  sbar_dark_T5b_mid+0=597989.8125  sbar_dark_T5c_mid+0=617171.1250  sbar_dark_T5d_mid+0=625276.1875  sbar_dark_T4a_mid+1=32463.1465  sbar_dark_T4b_mid+1=25884.5176  sbar_dark_T4c_mid+1=34173.8945  sbar_dark_T4d_mid+1=41742.6875  sbar_dark_T5a_mid+1=281534.3125  sbar_dark_T5b_mid+1=319793.2188  sbar_dark_T5c_mid+1=268408.6875  sbar_dark_T5d_mid+1=303794.9688  sbar_dark_T4a_mid+2=28005.4648  sbar_dark_T4b_mid+2=34666.0312  sbar_dark_T4c_mid+2=35490.2539  sbar_dark_T4d_mid+2=26632.6484  sbar_dark_T5a_mid+2=430736.2812  sbar_dark_T5b_mid+2=385249.8438  sbar_dark_T5c_mid+2=404193.4688  sbar_dark_T5d_mid+2=407782.1250  sbar_dark_T4a_mid-1=103928.0312  sbar_dark_T4b_mid-1=83904.9219  sbar_dark_T4c_mid-1=89695.5234  sbar_dark_T4d_mid-1=95331.7812  sbar_dark_T5a_mid-1=2241247.7500  sbar_dark_T5b_mid-1=2186342.5000  sbar_dark_T5c_mid-1=2210092.2500  sbar_dark_T5d_mid-1=2290669.2500  sbar_dark_T4a_mid-2=11635.5996  sbar_dark_T4b_mid-2=12575.6064  sbar_dark_T4c_mid-2=26341.3555  sbar_dark_T4d_mid-2=10957.1436  sbar_dark_T5b_mid-2=1216503.5000  sbar_dark_T5c_mid-2=1173285.6250  sbar_dark_T5d_mid-2=1234115.6250  sbar_dark_T5a_mid-2=1171977.7500  sbar_dark_T4a_mid-1.5=7264.6567  sbar_dark_T4b_mid-1.5=7410.7007  sbar_dark_T4c_mid-1.5=12063.7139  sbar_dark_T4d_mid-1.5=6714.5879  sbar_dark_T5a_mid-1.5=365762.9375  sbar_dark_T5b_mid-1.5=393205.4688  sbar_dark_T5c_mid-1.5=365550.2188  sbar_dark_T5d_mid-1.5=346029.7500  sbar_dark_T4a_mid-0.5=17150.6406  sbar_dark_T4b_mid-0.5=21165.0664  sbar_dark_T4c_mid-0.5=25081.3105  sbar_dark_T4d_mid-0.5=23837.2051  sbar_dark_T5a_mid-0.5=882937.8125  sbar_dark_T5b_mid-0.5=932982.7500  sbar_dark_T5c_mid-0.5=848119.1250  sbar_dark_T5d_mid-0.5=914801.5625  sbar_dark_T4a_mid+0.5=10044.8975  sbar_dark_T4b_mid+0.5=18328.9277  sbar_dark_T4c_mid+0.5=8214.4795  sbar_dark_T4d_mid+0.5=16402.0527  sbar_dark_T5a_mid+0.5=185433.4688  sbar_dark_T5b_mid+0.5=186350.3594  sbar_dark_T5c_mid+0.5=187426.5781  sbar_dark_T5d_mid+0.5=184163.1250  sbar_dark_T4b_mid+1.5=14180.9189  sbar_dark_T4c_mid+1.5=15363.6875  sbar_dark_T4d_mid+1.5=13067.8750  sbar_dark_T5a_mid+1.5=61466.1055  sbar_dark_T5b_mid+1.5=62279.3242  sbar_dark_T5c_mid+1.5=62036.5625  sbar_dark_T5d_mid+1.5=53793.0547  sbar_dark_T4a_mid+1.5=12723.3398]:      20%|██        | 60/300 [00:38<02:34,  1.55it/s] Cost: 568840.1875  [spread_bright_L5=2079922.6250  spread_bright_Mi1=2734445.0000  spread_bright_Tm3=1546712.0000  spread_bright_Mi4=3390743.2500  spread_dark_L1=1275775.7500  spread_dark_L2=2613027.5000  spread_dark_L3=3600981.7500  spread_dark_L4=3919075.7500  spread_dark_Mi9=3390944.7500  spread_dark_Tm1=962080.0000  spread_dark_Tm2=1148708.0000  spread_dark_Tm4=1261517.8750  spread_dark_Tm9=4383003.5000  sbar_bright_T4a_mid+0=884780.6250  sbar_bright_T4b_mid+0=906508.1250  sbar_bright_T4c_mid+0=900091.8125  sbar_bright_T4d_mid+0=926028.5000  sbar_bright_T5a_mid+0=81029.7031  sbar_bright_T5b_mid+0=98660.6172  sbar_bright_T5c_mid+0=112909.5469  sbar_bright_T5d_mid+0=98064.6250  sbar_bright_T4a_mid+1=264681.0938  sbar_bright_T4b_mid+1=277315.7500  sbar_bright_T4c_mid+1=216274.1406  sbar_bright_T4d_mid+1=255162.6719  sbar_bright_T5a_mid+1=161042.2344  sbar_bright_T5b_mid+1=183978.2188  sbar_bright_T5c_mid+1=160672.1250  sbar_bright_T5d_mid+1=160205.4531  sbar_bright_T4a_mid+2=106946.8359  sbar_bright_T4b_mid+2=102964.7109  sbar_bright_T4c_mid+2=105053.0859  sbar_bright_T4d_mid+2=106328.9844  sbar_bright_T5a_mid+2=342064.5312  sbar_bright_T5b_mid+2=310521.8438  sbar_bright_T5c_mid+2=329273.0000  sbar_bright_T5d_mid+2=325319.5000  sbar_bright_T4a_mid-1=2509824.2500  sbar_bright_T4b_mid-1=2276414.0000  sbar_bright_T4c_mid-1=2392802.0000  sbar_bright_T4d_mid-1=2552076.7500  sbar_bright_T5a_mid-1=382566.4375  sbar_bright_T5b_mid-1=353034.6562  sbar_bright_T5c_mid-1=367489.3125  sbar_bright_T5d_mid-1=397781.7500  sbar_bright_T4a_mid-2=661065.0000  sbar_bright_T4b_mid-2=663009.8750  sbar_bright_T4c_mid-2=632694.3125  sbar_bright_T4d_mid-2=667788.0000  sbar_bright_T5b_mid-2=146322.4844  sbar_bright_T5c_mid-2=130893.4844  sbar_bright_T5d_mid-2=145686.1406  sbar_bright_T5a_mid-2=139941.7031  sbar_bright_T4a_mid-1.5=283830.8750  sbar_bright_T4b_mid-1.5=292884.2812  sbar_bright_T4c_mid-1.5=286303.0000  sbar_bright_T4d_mid-1.5=298207.6875  sbar_bright_T5a_mid-1.5=134181.5469  sbar_bright_T5b_mid-1.5=143627.4062  sbar_bright_T5c_mid-1.5=130990.8906  sbar_bright_T5d_mid-1.5=125004.3750  sbar_bright_T4a_mid-0.5=1395965.6250  sbar_bright_T4b_mid-0.5=1436390.5000  sbar_bright_T4c_mid-0.5=1489273.8750  sbar_bright_T4d_mid-0.5=1434098.8750  sbar_bright_T5a_mid-0.5=138057.0781  sbar_bright_T5b_mid-0.5=163062.1562  sbar_bright_T5c_mid-0.5=128086.6484  sbar_bright_T5d_mid-0.5=158533.8906  sbar_bright_T4a_mid+0.5=303762.5312  sbar_bright_T4b_mid+0.5=257218.7344  sbar_bright_T4c_mid+0.5=224070.1094  sbar_bright_T4d_mid+0.5=274728.6562  sbar_bright_T5a_mid+0.5=58431.1797  sbar_bright_T5b_mid+0.5=54800.7578  sbar_bright_T5c_mid+0.5=57481.0859  sbar_bright_T5d_mid+0.5=47795.4180  sbar_bright_T4b_mid+1.5=33789.6641  sbar_bright_T4c_mid+1.5=33687.7969  sbar_bright_T4d_mid+1.5=33233.4453  sbar_bright_T5a_mid+1.5=70666.0234  sbar_bright_T5b_mid+1.5=72284.6953  sbar_bright_T5c_mid+1.5=71806.7656  sbar_bright_T5d_mid+1.5=62640.4375  sbar_bright_T4a_mid+1.5=30309.2891  sbar_dark_T4a_mid+0=44803.0117  sbar_dark_T4b_mid+0=46330.6523  sbar_dark_T4c_mid+0=51471.8594  sbar_dark_T4d_mid+0=49176.4766  sbar_dark_T5a_mid+0=564243.8750  sbar_dark_T5b_mid+0=541668.0625  sbar_dark_T5c_mid+0=567996.6875  sbar_dark_T5d_mid+0=565345.0625  sbar_dark_T4a_mid+1=43654.7227  sbar_dark_T4b_mid+1=26478.5586  sbar_dark_T4c_mid+1=39536.0547  sbar_dark_T4d_mid+1=44668.3750  sbar_dark_T5a_mid+1=253999.8281  sbar_dark_T5b_mid+1=317057.7188  sbar_dark_T5c_mid+1=265692.7188  sbar_dark_T5d_mid+1=252580.2188  sbar_dark_T4a_mid+2=30552.6895  sbar_dark_T4b_mid+2=41683.4102  sbar_dark_T4c_mid+2=35282.7031  sbar_dark_T4d_mid+2=26589.7773  sbar_dark_T5a_mid+2=423136.3438  sbar_dark_T5b_mid+2=385754.7812  sbar_dark_T5c_mid+2=402901.7188  sbar_dark_T5d_mid+2=397738.0938  sbar_dark_T4a_mid-1=110685.8906  sbar_dark_T4b_mid-1=88838.1719  sbar_dark_T4c_mid-1=86098.3203  sbar_dark_T4d_mid-1=97149.0938  sbar_dark_T5a_mid-1=2195192.2500  sbar_dark_T5b_mid-1=2117684.0000  sbar_dark_T5c_mid-1=2164220.2500  sbar_dark_T5d_mid-1=2224640.2500  sbar_dark_T4a_mid-2=19535.5664  sbar_dark_T4b_mid-2=14930.0771  sbar_dark_T4c_mid-2=27046.2402  sbar_dark_T4d_mid-2=10684.3184  sbar_dark_T5b_mid-2=1198789.3750  sbar_dark_T5c_mid-2=1155933.7500  sbar_dark_T5d_mid-2=1218326.1250  sbar_dark_T5a_mid-2=1153093.8750  sbar_dark_T4a_mid-1.5=8982.5977  sbar_dark_T4b_mid-1.5=7395.0732  sbar_dark_T4c_mid-1.5=11799.4521  sbar_dark_T4d_mid-1.5=6653.2822  sbar_dark_T5a_mid-1.5=372990.3750  sbar_dark_T5b_mid-1.5=394364.3125  sbar_dark_T5c_mid-1.5=361067.1250  sbar_dark_T5d_mid-1.5=344594.1250  sbar_dark_T4a_mid-0.5=18901.9043  sbar_dark_T4b_mid-0.5=24918.6738  sbar_dark_T4c_mid-0.5=32533.6250  sbar_dark_T4d_mid-0.5=25578.0527  sbar_dark_T5a_mid-0.5=843800.5000  sbar_dark_T5b_mid-0.5=923342.9375  sbar_dark_T5c_mid-0.5=809281.1250  sbar_dark_T5d_mid-0.5=909040.2500  sbar_dark_T4a_mid+0.5=14749.0605  sbar_dark_T4b_mid+0.5=28738.1973  sbar_dark_T4c_mid+0.5=7882.1621  sbar_dark_T4d_mid+0.5=20478.9414  sbar_dark_T5a_mid+0.5=173776.8906  sbar_dark_T5b_mid+0.5=164331.0156  sbar_dark_T5c_mid+0.5=186339.6562  sbar_dark_T5d_mid+0.5=152979.8125  sbar_dark_T4b_mid+1.5=14495.7930  sbar_dark_T4c_mid+1.5=14706.2285  sbar_dark_T4d_mid+1.5=12790.5664  sbar_dark_T5a_mid+1.5=61580.6484  sbar_dark_T5b_mid+1.5=62133.5469  sbar_dark_T5c_mid+1.5=62439.6055  sbar_dark_T5d_mid+1.5=52738.0547  sbar_dark_T4a_mid+1.5=13892.4414]:     23%|██▎       | 70/300 [00:45<02:28,  1.55it/s] Cost: 550854.1875  [spread_bright_L5=2300383.5000  spread_bright_Mi1=2433018.7500  spread_bright_Tm3=1560042.3750  spread_bright_Mi4=2864132.5000  spread_dark_L1=1204547.3750  spread_dark_L2=2488949.2500  spread_dark_L3=3500347.5000  spread_dark_L4=3537584.2500  spread_dark_Mi9=3036434.5000  spread_dark_Tm1=1112911.7500  spread_dark_Tm2=1170964.1250  spread_dark_Tm4=1361419.6250  spread_dark_Tm9=3838839.0000  sbar_bright_T4a_mid+0=853495.3125  sbar_bright_T4b_mid+0=838296.8125  sbar_bright_T4c_mid+0=841462.3750  sbar_bright_T4d_mid+0=879219.0625  sbar_bright_T5a_mid+0=85937.4062  sbar_bright_T5b_mid+0=99186.5469  sbar_bright_T5c_mid+0=113282.5312  sbar_bright_T5d_mid+0=98484.0547  sbar_bright_T4a_mid+1=247183.9844  sbar_bright_T4b_mid+1=284531.7188  sbar_bright_T4c_mid+1=219544.1562  sbar_bright_T4d_mid+1=254565.0938  sbar_bright_T5a_mid+1=172144.0156  sbar_bright_T5b_mid+1=182981.6875  sbar_bright_T5c_mid+1=164521.5312  sbar_bright_T5d_mid+1=163850.5938  sbar_bright_T4a_mid+2=94468.0000  sbar_bright_T4b_mid+2=99010.7891  sbar_bright_T4c_mid+2=93897.7969  sbar_bright_T4d_mid+2=100504.7422  sbar_bright_T5a_mid+2=357391.4062  sbar_bright_T5b_mid+2=325386.6562  sbar_bright_T5c_mid+2=340625.4062  sbar_bright_T5d_mid+2=332711.8125  sbar_bright_T4a_mid-1=2474714.0000  sbar_bright_T4b_mid-1=2173221.5000  sbar_bright_T4c_mid-1=2352268.5000  sbar_bright_T4d_mid-1=2511612.0000  sbar_bright_T5a_mid-1=374512.0000  sbar_bright_T5b_mid-1=328614.2500  sbar_bright_T5c_mid-1=346299.0938  sbar_bright_T5d_mid-1=386691.8125  sbar_bright_T4a_mid-2=653501.8750  sbar_bright_T4b_mid-2=641959.8750  sbar_bright_T4c_mid-2=618405.0000  sbar_bright_T4d_mid-2=653523.7500  sbar_bright_T5b_mid-2=149405.7812  sbar_bright_T5c_mid-2=131055.1016  sbar_bright_T5d_mid-2=146290.2812  sbar_bright_T5a_mid-2=141388.5312  sbar_bright_T4a_mid-1.5=285078.2500  sbar_bright_T4b_mid-1.5=295681.0000  sbar_bright_T4c_mid-1.5=282422.8750  sbar_bright_T4d_mid-1.5=300850.3125  sbar_bright_T5a_mid-1.5=133378.5938  sbar_bright_T5b_mid-1.5=139964.5938  sbar_bright_T5c_mid-1.5=128773.1641  sbar_bright_T5d_mid-1.5=124794.9844  sbar_bright_T4a_mid-0.5=1321000.0000  sbar_bright_T4b_mid-0.5=1418702.3750  sbar_bright_T4c_mid-0.5=1417753.5000  sbar_bright_T4d_mid-0.5=1428104.7500  sbar_bright_T5a_mid-0.5=127421.0234  sbar_bright_T5b_mid-0.5=153364.4688  sbar_bright_T5c_mid-0.5=118689.8516  sbar_bright_T5d_mid-0.5=156571.4844  sbar_bright_T4a_mid+0.5=278108.6250  sbar_bright_T4b_mid+0.5=241637.2031  sbar_bright_T4c_mid+0.5=216293.7656  sbar_bright_T4d_mid+0.5=250863.6250  sbar_bright_T5a_mid+0.5=57873.0508  sbar_bright_T5b_mid+0.5=54467.2266  sbar_bright_T5c_mid+0.5=57556.0391  sbar_bright_T5d_mid+0.5=48460.6758  sbar_bright_T4b_mid+1.5=34637.1953  sbar_bright_T4c_mid+1.5=33382.9453  sbar_bright_T4d_mid+1.5=33254.6016  sbar_bright_T5a_mid+1.5=73739.1094  sbar_bright_T5b_mid+1.5=74024.4453  sbar_bright_T5c_mid+1.5=76574.3516  sbar_bright_T5d_mid+1.5=63011.8984  sbar_bright_T4a_mid+1.5=30244.7578  sbar_dark_T4a_mid+0=48887.7031  sbar_dark_T4b_mid+0=46360.1953  sbar_dark_T4c_mid+0=71581.7031  sbar_dark_T4d_mid+0=61411.8320  sbar_dark_T5a_mid+0=612866.0000  sbar_dark_T5b_mid+0=550817.2500  sbar_dark_T5c_mid+0=560487.6250  sbar_dark_T5d_mid+0=569911.3125  sbar_dark_T4a_mid+1=61908.6836  sbar_dark_T4b_mid+1=29274.9375  sbar_dark_T4c_mid+1=51268.2148  sbar_dark_T4d_mid+1=68860.9062  sbar_dark_T5a_mid+1=243021.5312  sbar_dark_T5b_mid+1=310382.8750  sbar_dark_T5c_mid+1=264002.0312  sbar_dark_T5d_mid+1=237786.0000  sbar_dark_T4a_mid+2=29194.1992  sbar_dark_T4b_mid+2=59420.7148  sbar_dark_T4c_mid+2=35802.4844  sbar_dark_T4d_mid+2=26462.7891  sbar_dark_T5a_mid+2=433612.7500  sbar_dark_T5b_mid+2=403063.7500  sbar_dark_T5c_mid+2=412567.7812  sbar_dark_T5d_mid+2=400061.5938  sbar_dark_T4a_mid-1=127630.5391  sbar_dark_T4b_mid-1=119536.0859  sbar_dark_T4c_mid-1=84317.0469  sbar_dark_T4d_mid-1=108735.6875  sbar_dark_T5a_mid-1=2156095.5000  sbar_dark_T5b_mid-1=2036180.5000  sbar_dark_T5c_mid-1=2097052.8750  sbar_dark_T5d_mid-1=2185134.2500  sbar_dark_T4a_mid-2=16639.5371  sbar_dark_T4b_mid-2=21084.3301  sbar_dark_T4c_mid-2=23948.6367  sbar_dark_T4d_mid-2=11512.3359  sbar_dark_T5b_mid-2=1204298.2500  sbar_dark_T5c_mid-2=1144329.6250  sbar_dark_T5d_mid-2=1208022.7500  sbar_dark_T5a_mid-2=1126904.6250  sbar_dark_T4a_mid-1.5=7593.7778  sbar_dark_T4b_mid-1.5=7115.3247  sbar_dark_T4c_mid-1.5=10982.0420  sbar_dark_T4d_mid-1.5=6494.9790  sbar_dark_T5a_mid-1.5=369707.8125  sbar_dark_T5b_mid-1.5=388523.8125  sbar_dark_T5c_mid-1.5=356915.5312  sbar_dark_T5d_mid-1.5=344808.7188  sbar_dark_T4a_mid-0.5=32592.8555  sbar_dark_T4b_mid-0.5=33770.6133  sbar_dark_T4c_mid-0.5=57918.6133  sbar_dark_T4d_mid-0.5=26002.4473  sbar_dark_T5a_mid-0.5=778036.4375  sbar_dark_T5b_mid-0.5=882472.5000  sbar_dark_T5c_mid-0.5=760502.7500  sbar_dark_T5d_mid-0.5=907160.5625  sbar_dark_T4a_mid+0.5=22085.2012  sbar_dark_T4b_mid+0.5=58286.6992  sbar_dark_T4c_mid+0.5=10965.3057  sbar_dark_T4d_mid+0.5=39366.1172  sbar_dark_T5a_mid+0.5=157001.6562  sbar_dark_T5b_mid+0.5=147700.5000  sbar_dark_T5c_mid+0.5=187476.4531  sbar_dark_T5d_mid+0.5=139692.2500  sbar_dark_T4b_mid+1.5=14391.5508  sbar_dark_T4c_mid+1.5=12284.7539  sbar_dark_T4d_mid+1.5=12484.7490  sbar_dark_T5a_mid+1.5=64337.6523  sbar_dark_T5b_mid+1.5=63359.7852  sbar_dark_T5c_mid+1.5=67101.6328  sbar_dark_T5d_mid+1.5=52392.6758  sbar_dark_T4a_mid+1.5=11719.4268]:  27%|██▋       | 80/300 [00:51<02:22,  1.54it/s] Cost: 532983.3750  [spread_bright_L5=2035085.1250  spread_bright_Mi1=2181897.2500  spread_bright_Tm3=1405323.2500  spread_bright_Mi4=2675906.7500  spread_dark_L1=986312.0000  spread_dark_L2=2399036.2500  spread_dark_L3=3309432.5000  spread_dark_L4=3191262.7500  spread_dark_Mi9=2491352.0000  spread_dark_Tm1=1420357.5000  spread_dark_Tm2=1219207.3750  spread_dark_Tm4=1466195.7500  spread_dark_Tm9=3233299.7500  sbar_bright_T4a_mid+0=773412.1250  sbar_bright_T4b_mid+0=757897.2500  sbar_bright_T4c_mid+0=730114.9375  sbar_bright_T4d_mid+0=811524.9375  sbar_bright_T5a_mid+0=97837.6562  sbar_bright_T5b_mid+0=117806.8125  sbar_bright_T5c_mid+0=123342.5938  sbar_bright_T5d_mid+0=115080.8828  sbar_bright_T4a_mid+1=240125.1406  sbar_bright_T4b_mid+1=268929.0938  sbar_bright_T4c_mid+1=213551.1250  sbar_bright_T4d_mid+1=246520.1406  sbar_bright_T5a_mid+1=197307.3594  sbar_bright_T5b_mid+1=194187.3906  sbar_bright_T5c_mid+1=174096.2188  sbar_bright_T5d_mid+1=178610.5469  sbar_bright_T4a_mid+2=83218.3828  sbar_bright_T4b_mid+2=91722.9375  sbar_bright_T4c_mid+2=83537.8281  sbar_bright_T4d_mid+2=90412.6719  sbar_bright_T5a_mid+2=373781.6875  sbar_bright_T5b_mid+2=340056.2500  sbar_bright_T5c_mid+2=353528.4062  sbar_bright_T5d_mid+2=348029.5938  sbar_bright_T4a_mid-1=2383479.7500  sbar_bright_T4b_mid-1=2041622.1250  sbar_bright_T4c_mid-1=2248648.5000  sbar_bright_T4d_mid-1=2437683.5000  sbar_bright_T5a_mid-1=370992.0938  sbar_bright_T5b_mid-1=335071.4062  sbar_bright_T5c_mid-1=336716.8750  sbar_bright_T5d_mid-1=386806.2500  sbar_bright_T4a_mid-2=615416.4375  sbar_bright_T4b_mid-2=597918.0625  sbar_bright_T4c_mid-2=562598.4375  sbar_bright_T4d_mid-2=624373.8750  sbar_bright_T5b_mid-2=155225.9062  sbar_bright_T5c_mid-2=136668.4688  sbar_bright_T5d_mid-2=149253.4219  sbar_bright_T5a_mid-2=150049.0625  sbar_bright_T4a_mid-1.5=277852.8438  sbar_bright_T4b_mid-1.5=289317.9062  sbar_bright_T4c_mid-1.5=270105.3750  sbar_bright_T4d_mid-1.5=300811.4375  sbar_bright_T5a_mid-1.5=135302.8906  sbar_bright_T5b_mid-1.5=142148.6250  sbar_bright_T5c_mid-1.5=132072.4062  sbar_bright_T5d_mid-1.5=125644.1484  sbar_bright_T4a_mid-0.5=1247199.2500  sbar_bright_T4b_mid-0.5=1381733.7500  sbar_bright_T4c_mid-0.5=1334424.3750  sbar_bright_T4d_mid-0.5=1410001.5000  sbar_bright_T5a_mid-0.5=129542.4062  sbar_bright_T5b_mid-0.5=154512.9531  sbar_bright_T5c_mid-0.5=117323.6484  sbar_bright_T5d_mid-0.5=156576.2656  sbar_bright_T4a_mid+0.5=262944.4062  sbar_bright_T4b_mid+0.5=223230.4062  sbar_bright_T4c_mid+0.5=200564.7344  sbar_bright_T4d_mid+0.5=229378.8438  sbar_bright_T5a_mid+0.5=60954.4883  sbar_bright_T5b_mid+0.5=60084.9570  sbar_bright_T5c_mid+0.5=60484.9531  sbar_bright_T5d_mid+0.5=53623.4492  sbar_bright_T4b_mid+1.5=38178.7188  sbar_bright_T4c_mid+1.5=39049.9727  sbar_bright_T4d_mid+1.5=33501.1328  sbar_bright_T5a_mid+1.5=82437.4688  sbar_bright_T5b_mid+1.5=80512.2344  sbar_bright_T5c_mid+1.5=84398.2031  sbar_bright_T5d_mid+1.5=65758.9922  sbar_bright_T4a_mid+1.5=31772.1680  sbar_dark_T4a_mid+0=73351.8828  sbar_dark_T4b_mid+0=59691.4141  sbar_dark_T4c_mid+0=134064.0469  sbar_dark_T4d_mid+0=95368.6797  sbar_dark_T5a_mid+0=627448.1250  sbar_dark_T5b_mid+0=554616.8125  sbar_dark_T5c_mid+0=554173.9375  sbar_dark_T5d_mid+0=562904.8750  sbar_dark_T4a_mid+1=98003.5781  sbar_dark_T4b_mid+1=32617.7930  sbar_dark_T4c_mid+1=78385.8750  sbar_dark_T4d_mid+1=97979.3203  sbar_dark_T5a_mid+1=249594.8281  sbar_dark_T5b_mid+1=318712.5312  sbar_dark_T5c_mid+1=267756.9062  sbar_dark_T5d_mid+1=248134.0625  sbar_dark_T4a_mid+2=34523.5938  sbar_dark_T4b_mid+2=80324.2266  sbar_dark_T4c_mid+2=46828.3594  sbar_dark_T4d_mid+2=27100.5996  sbar_dark_T5a_mid+2=444048.4062  sbar_dark_T5b_mid+2=415242.9062  sbar_dark_T5c_mid+2=420368.6875  sbar_dark_T5d_mid+2=411177.0938  sbar_dark_T4a_mid-1=145733.1250  sbar_dark_T4b_mid-1=173004.0000  sbar_dark_T4c_mid-1=104746.0000  sbar_dark_T4d_mid-1=131660.3750  sbar_dark_T5a_mid-1=2142400.5000  sbar_dark_T5b_mid-1=2000575.2500  sbar_dark_T5c_mid-1=2069397.5000  sbar_dark_T5d_mid-1=2167216.0000  sbar_dark_T4a_mid-2=25516.3887  sbar_dark_T4b_mid-2=32232.1055  sbar_dark_T4c_mid-2=43411.9453  sbar_dark_T4d_mid-2=13873.4775  sbar_dark_T5b_mid-2=1195494.2500  sbar_dark_T5c_mid-2=1162905.3750  sbar_dark_T5d_mid-2=1203505.8750  sbar_dark_T5a_mid-2=1132948.0000  sbar_dark_T4a_mid-1.5=9154.1104  sbar_dark_T4b_mid-1.5=8628.0127  sbar_dark_T4c_mid-1.5=16681.8965  sbar_dark_T4d_mid-1.5=6684.4766  sbar_dark_T5a_mid-1.5=376539.4062  sbar_dark_T5b_mid-1.5=395994.2188  sbar_dark_T5c_mid-1.5=372002.4688  sbar_dark_T5d_mid-1.5=348894.1875  sbar_dark_T4a_mid-0.5=62418.6172  sbar_dark_T4b_mid-0.5=47582.1250  sbar_dark_T4c_mid-0.5=105307.6562  sbar_dark_T4d_mid-0.5=26796.9668  sbar_dark_T5a_mid-0.5=751596.5000  sbar_dark_T5b_mid-0.5=881763.3125  sbar_dark_T5c_mid-0.5=746921.3125  sbar_dark_T5d_mid-0.5=921414.0625  sbar_dark_T4a_mid+0.5=37237.5898  sbar_dark_T4b_mid+0.5=93064.9531  sbar_dark_T4c_mid+0.5=21551.5840  sbar_dark_T4d_mid+0.5=63607.2578  sbar_dark_T5a_mid+0.5=154871.1406  sbar_dark_T5b_mid+0.5=142595.3281  sbar_dark_T5c_mid+0.5=196629.0781  sbar_dark_T5d_mid+0.5=138204.7969  sbar_dark_T4b_mid+1.5=14792.3672  sbar_dark_T4c_mid+1.5=10330.9482  sbar_dark_T4d_mid+1.5=12233.6152  sbar_dark_T5a_mid+1.5=69839.5312  sbar_dark_T5b_mid+1.5=68050.8594  sbar_dark_T5c_mid+1.5=72468.7031  sbar_dark_T5d_mid+1.5=54332.9531  sbar_dark_T4a_mid+1.5=9909.5859]:  30%|███       | 90/300 [00:58<02:15,  1.55it/s] Cost: 523037.7812  [spread_bright_L5=1780559.1250  spread_bright_Mi1=2105555.0000  spread_bright_Tm3=1420089.8750  spread_bright_Mi4=2687524.2500  spread_dark_L1=894250.1250  spread_dark_L2=2002463.8750  spread_dark_L3=3115961.0000  spread_dark_L4=3227401.5000  spread_dark_Mi9=2261801.0000  spread_dark_Tm1=1386768.2500  spread_dark_Tm2=1255888.1250  spread_dark_Tm4=1598565.7500  spread_dark_Tm9=2892604.0000  sbar_bright_T4a_mid+0=741760.5625  sbar_bright_T4b_mid+0=730144.6875  sbar_bright_T4c_mid+0=720328.1875  sbar_bright_T4d_mid+0=785271.4375  sbar_bright_T5a_mid+0=101408.8906  sbar_bright_T5b_mid+0=115511.3828  sbar_bright_T5c_mid+0=124462.7969  sbar_bright_T5d_mid+0=115189.7031  sbar_bright_T4a_mid+1=243670.5312  sbar_bright_T4b_mid+1=253566.4844  sbar_bright_T4c_mid+1=209608.5156  sbar_bright_T4d_mid+1=238447.5938  sbar_bright_T5a_mid+1=198870.0781  sbar_bright_T5b_mid+1=197524.6250  sbar_bright_T5c_mid+1=176954.8438  sbar_bright_T5d_mid+1=182358.2656  sbar_bright_T4a_mid+2=83652.4141  sbar_bright_T4b_mid+2=90198.3281  sbar_bright_T4c_mid+2=75313.4531  sbar_bright_T4d_mid+2=88016.1484  sbar_bright_T5a_mid+2=375231.9062  sbar_bright_T5b_mid+2=346354.9375  sbar_bright_T5c_mid+2=359611.9062  sbar_bright_T5d_mid+2=353992.8438  sbar_bright_T4a_mid-1=2323908.0000  sbar_bright_T4b_mid-1=1951754.3750  sbar_bright_T4c_mid-1=2197952.0000  sbar_bright_T4d_mid-1=2381026.0000  sbar_bright_T5a_mid-1=379171.6562  sbar_bright_T5b_mid-1=336353.4688  sbar_bright_T5c_mid-1=336272.0312  sbar_bright_T5d_mid-1=388169.8125  sbar_bright_T4a_mid-2=594025.7500  sbar_bright_T4b_mid-2=563233.4375  sbar_bright_T4c_mid-2=549933.8125  sbar_bright_T4d_mid-2=603260.6875  sbar_bright_T5b_mid-2=158926.9688  sbar_bright_T5c_mid-2=134519.4531  sbar_bright_T5d_mid-2=150171.8750  sbar_bright_T5a_mid-2=149656.5625  sbar_bright_T4a_mid-1.5=275126.5312  sbar_bright_T4b_mid-1.5=281601.6875  sbar_bright_T4c_mid-1.5=266848.7500  sbar_bright_T4d_mid-1.5=297664.9375  sbar_bright_T5a_mid-1.5=137197.5156  sbar_bright_T5b_mid-1.5=142887.7344  sbar_bright_T5c_mid-1.5=131087.0938  sbar_bright_T5d_mid-1.5=126715.2109  sbar_bright_T4a_mid-0.5=1231109.8750  sbar_bright_T4b_mid-0.5=1335754.5000  sbar_bright_T4c_mid-0.5=1300463.3750  sbar_bright_T4d_mid-0.5=1397579.2500  sbar_bright_T5a_mid-0.5=136681.6719  sbar_bright_T5b_mid-0.5=155998.9688  sbar_bright_T5c_mid-0.5=115877.2344  sbar_bright_T5d_mid-0.5=155499.0625  sbar_bright_T4a_mid+0.5=257503.8594  sbar_bright_T4b_mid+0.5=209123.4062  sbar_bright_T4c_mid+0.5=191254.0938  sbar_bright_T4d_mid+0.5=214972.1094  sbar_bright_T5a_mid+0.5=61972.6484  sbar_bright_T5b_mid+0.5=61455.0547  sbar_bright_T5c_mid+0.5=60820.7109  sbar_bright_T5d_mid+0.5=53495.3672  sbar_bright_T4b_mid+1.5=41980.7812  sbar_bright_T4c_mid+1.5=47445.5703  sbar_bright_T4d_mid+1.5=33762.9609  sbar_bright_T5a_mid+1.5=83065.1562  sbar_bright_T5b_mid+1.5=83754.0859  sbar_bright_T5c_mid+1.5=87656.7188  sbar_bright_T5d_mid+1.5=66139.1172  sbar_bright_T4a_mid+1.5=35666.2305  sbar_dark_T4a_mid+0=93452.1719  sbar_dark_T4b_mid+0=80526.9688  sbar_dark_T4c_mid+0=162986.0781  sbar_dark_T4d_mid+0=120869.0078  sbar_dark_T5a_mid+0=603870.0625  sbar_dark_T5b_mid+0=567611.4375  sbar_dark_T5c_mid+0=569732.3125  sbar_dark_T5d_mid+0=578476.6250  sbar_dark_T4a_mid+1=104809.9844  sbar_dark_T4b_mid+1=32349.2324  sbar_dark_T4c_mid+1=74400.4453  sbar_dark_T4d_mid+1=111439.1797  sbar_dark_T5a_mid+1=253936.4688  sbar_dark_T5b_mid+1=318993.5312  sbar_dark_T5c_mid+1=272390.8438  sbar_dark_T5d_mid+1=248589.6406  sbar_dark_T4a_mid+2=39154.7773  sbar_dark_T4b_mid+2=92858.7266  sbar_dark_T4c_mid+2=50355.0859  sbar_dark_T4d_mid+2=27843.6094  sbar_dark_T5a_mid+2=446610.6875  sbar_dark_T5b_mid+2=423005.3750  sbar_dark_T5c_mid+2=428212.2812  sbar_dark_T5d_mid+2=417137.2500  sbar_dark_T4a_mid-1=145924.2812  sbar_dark_T4b_mid-1=197048.4531  sbar_dark_T4c_mid-1=112318.8594  sbar_dark_T4d_mid-1=141724.2969  sbar_dark_T5a_mid-1=2165860.5000  sbar_dark_T5b_mid-1=2004217.6250  sbar_dark_T5c_mid-1=2069504.2500  sbar_dark_T5d_mid-1=2165029.0000  sbar_dark_T4a_mid-2=30479.2402  sbar_dark_T4b_mid-2=36163.4023  sbar_dark_T4c_mid-2=39561.3594  sbar_dark_T4d_mid-2=16509.3633  sbar_dark_T5b_mid-2=1200864.2500  sbar_dark_T5c_mid-2=1153540.5000  sbar_dark_T5d_mid-2=1203691.8750  sbar_dark_T5a_mid-2=1139052.8750  sbar_dark_T4a_mid-1.5=10167.8613  sbar_dark_T4b_mid-1.5=10120.2070  sbar_dark_T4c_mid-1.5=16103.0332  sbar_dark_T4d_mid-1.5=7199.3159  sbar_dark_T5a_mid-1.5=381298.1250  sbar_dark_T5b_mid-1.5=399961.4375  sbar_dark_T5c_mid-1.5=369384.4375  sbar_dark_T5d_mid-1.5=353335.0625  sbar_dark_T4a_mid-0.5=76774.8828  sbar_dark_T4b_mid-0.5=54749.5547  sbar_dark_T4c_mid-0.5=118363.0859  sbar_dark_T4d_mid-0.5=26369.5469  sbar_dark_T5a_mid-0.5=775222.8750  sbar_dark_T5b_mid-0.5=886091.3750  sbar_dark_T5c_mid-0.5=742423.0625  sbar_dark_T5d_mid-0.5=927150.8750  sbar_dark_T4a_mid+0.5=45028.3828  sbar_dark_T4b_mid+0.5=114609.6953  sbar_dark_T4c_mid+0.5=26952.1504  sbar_dark_T4d_mid+0.5=75466.0859  sbar_dark_T5a_mid+0.5=159908.0938  sbar_dark_T5b_mid+0.5=143567.0938  sbar_dark_T5c_mid+0.5=197143.2812  sbar_dark_T5d_mid+0.5=136409.0625  sbar_dark_T4b_mid+1.5=15422.2559  sbar_dark_T4c_mid+1.5=7669.6719  sbar_dark_T4d_mid+1.5=12024.7217  sbar_dark_T5a_mid+1.5=68565.7188  sbar_dark_T5b_mid+1.5=69047.5547  sbar_dark_T5c_mid+1.5=73900.5938  sbar_dark_T5d_mid+1.5=53889.5625  sbar_dark_T4a_mid+1.5=8116.3315]:  33%|███▎      | 100/300 [01:04<02:08,  1.55it/s] Cost: 512766.7812  [spread_bright_L5=1733164.5000  spread_bright_Mi1=2044729.5000  spread_bright_Tm3=1437035.7500  spread_bright_Mi4=2588838.0000  spread_dark_L1=874491.4375  spread_dark_L2=1940501.2500  spread_dark_L3=3002523.5000  spread_dark_L4=3346778.0000  spread_dark_Mi9=1978497.7500  spread_dark_Tm1=1196147.3750  spread_dark_Tm2=1344967.6250  spread_dark_Tm4=1608534.1250  spread_dark_Tm9=2513474.7500  sbar_bright_T4a_mid+0=720276.2500  sbar_bright_T4b_mid+0=698605.6250  sbar_bright_T4c_mid+0=701774.8750  sbar_bright_T4d_mid+0=751368.8750  sbar_bright_T5a_mid+0=103478.7734  sbar_bright_T5b_mid+0=112836.6562  sbar_bright_T5c_mid+0=123711.6250  sbar_bright_T5d_mid+0=113608.5469  sbar_bright_T4a_mid+1=244846.2188  sbar_bright_T4b_mid+1=252332.3750  sbar_bright_T4c_mid+1=213595.5469  sbar_bright_T4d_mid+1=241198.1562  sbar_bright_T5a_mid+1=187517.2812  sbar_bright_T5b_mid+1=193726.5781  sbar_bright_T5c_mid+1=171176.1250  sbar_bright_T5d_mid+1=179056.3594  sbar_bright_T4a_mid+2=80744.4531  sbar_bright_T4b_mid+2=87626.6016  sbar_bright_T4c_mid+2=72636.6328  sbar_bright_T4d_mid+2=85871.9531  sbar_bright_T5a_mid+2=366949.8125  sbar_bright_T5b_mid+2=338376.2500  sbar_bright_T5c_mid+2=355283.3125  sbar_bright_T5d_mid+2=347260.0625  sbar_bright_T4a_mid-1=2303544.0000  sbar_bright_T4b_mid-1=1898992.5000  sbar_bright_T4c_mid-1=2171742.5000  sbar_bright_T4d_mid-1=2357860.7500  sbar_bright_T5a_mid-1=381464.5000  sbar_bright_T5b_mid-1=338012.2812  sbar_bright_T5c_mid-1=344438.0625  sbar_bright_T5d_mid-1=389886.8125  sbar_bright_T4a_mid-2=598780.5625  sbar_bright_T4b_mid-2=548879.9375  sbar_bright_T4c_mid-2=548931.1875  sbar_bright_T4d_mid-2=599723.6875  sbar_bright_T5b_mid-2=152690.8750  sbar_bright_T5c_mid-2=134779.6094  sbar_bright_T5d_mid-2=148700.0781  sbar_bright_T5a_mid-2=147367.1875  sbar_bright_T4a_mid-1.5=276043.4375  sbar_bright_T4b_mid-1.5=274633.2188  sbar_bright_T4c_mid-1.5=263486.4688  sbar_bright_T4d_mid-1.5=296329.5938  sbar_bright_T5a_mid-1.5=137500.7344  sbar_bright_T5b_mid-1.5=143792.3125  sbar_bright_T5c_mid-1.5=132536.0000  sbar_bright_T5d_mid-1.5=127009.8438  sbar_bright_T4a_mid-0.5=1217227.8750  sbar_bright_T4b_mid-0.5=1320431.5000  sbar_bright_T4c_mid-0.5=1290893.1250  sbar_bright_T4d_mid-0.5=1377049.7500  sbar_bright_T5a_mid-0.5=138252.8750  sbar_bright_T5b_mid-0.5=157528.4375  sbar_bright_T5c_mid-0.5=119151.6172  sbar_bright_T5d_mid-0.5=156478.9531  sbar_bright_T4a_mid+0.5=261409.7656  sbar_bright_T4b_mid+0.5=199309.8281  sbar_bright_T4c_mid+0.5=188469.0625  sbar_bright_T4d_mid+0.5=210340.1250  sbar_bright_T5a_mid+0.5=60773.2031  sbar_bright_T5b_mid+0.5=59118.1328  sbar_bright_T5c_mid+0.5=59985.7852  sbar_bright_T5d_mid+0.5=53274.9180  sbar_bright_T4b_mid+1.5=42296.3125  sbar_bright_T4c_mid+1.5=48606.3164  sbar_bright_T4d_mid+1.5=33923.1680  sbar_bright_T5a_mid+1.5=80522.3594  sbar_bright_T5b_mid+1.5=80648.9062  sbar_bright_T5c_mid+1.5=84870.3672  sbar_bright_T5d_mid+1.5=64546.6211  sbar_bright_T4a_mid+1.5=36440.1484  sbar_dark_T4a_mid+0=90642.6094  sbar_dark_T4b_mid+0=81581.5625  sbar_dark_T4c_mid+0=147239.6406  sbar_dark_T4d_mid+0=119704.0078  sbar_dark_T5a_mid+0=601707.5000  sbar_dark_T5b_mid+0=563759.1875  sbar_dark_T5c_mid+0=558564.3125  sbar_dark_T5d_mid+0=573412.9375  sbar_dark_T4a_mid+1=99988.8047  sbar_dark_T4b_mid+1=32775.8164  sbar_dark_T4c_mid+1=67618.0938  sbar_dark_T4d_mid+1=110324.0703  sbar_dark_T5a_mid+1=247330.1406  sbar_dark_T5b_mid+1=311131.5938  sbar_dark_T5c_mid+1=264649.5938  sbar_dark_T5d_mid+1=243840.4375  sbar_dark_T4a_mid+2=37345.3203  sbar_dark_T4b_mid+2=90625.0938  sbar_dark_T4c_mid+2=46693.2969  sbar_dark_T4d_mid+2=26213.1738  sbar_dark_T5a_mid+2=437271.5938  sbar_dark_T5b_mid+2=411788.3438  sbar_dark_T5c_mid+2=418543.0938  sbar_dark_T5d_mid+2=407978.0000  sbar_dark_T4a_mid-1=146615.0469  sbar_dark_T4b_mid-1=197528.5938  sbar_dark_T4c_mid-1=106693.4375  sbar_dark_T4d_mid-1=141742.2188  sbar_dark_T5a_mid-1=2154541.5000  sbar_dark_T5b_mid-1=2006434.5000  sbar_dark_T5c_mid-1=2064561.2500  sbar_dark_T5d_mid-1=2163084.2500  sbar_dark_T4a_mid-2=27590.8906  sbar_dark_T4b_mid-2=38750.0039  sbar_dark_T4c_mid-2=37866.0000  sbar_dark_T4d_mid-2=16849.5078  sbar_dark_T5b_mid-2=1186126.8750  sbar_dark_T5c_mid-2=1148318.0000  sbar_dark_T5d_mid-2=1193885.1250  sbar_dark_T5a_mid-2=1135267.7500  sbar_dark_T4a_mid-1.5=9705.3838  sbar_dark_T4b_mid-1.5=11660.9219  sbar_dark_T4c_mid-1.5=15760.4863  sbar_dark_T4d_mid-1.5=7120.2188  sbar_dark_T5a_mid-1.5=379305.9062  sbar_dark_T5b_mid-1.5=399762.7500  sbar_dark_T5c_mid-1.5=371978.8750  sbar_dark_T5d_mid-1.5=352694.1875  sbar_dark_T4a_mid-0.5=70874.7891  sbar_dark_T4b_mid-0.5=57570.0742  sbar_dark_T4c_mid-0.5=108284.5000  sbar_dark_T4d_mid-0.5=26492.5586  sbar_dark_T5a_mid-0.5=781049.2500  sbar_dark_T5b_mid-0.5=890752.7500  sbar_dark_T5c_mid-0.5=746176.2500  sbar_dark_T5d_mid-0.5=923047.5625  sbar_dark_T4a_mid+0.5=41153.6328  sbar_dark_T4b_mid+0.5=111581.4375  sbar_dark_T4c_mid+0.5=25926.5176  sbar_dark_T4d_mid+0.5=76980.8516  sbar_dark_T5a_mid+0.5=157863.7500  sbar_dark_T5b_mid+0.5=142346.5469  sbar_dark_T5c_mid+0.5=192540.0625  sbar_dark_T5d_mid+0.5=135766.8438  sbar_dark_T4b_mid+1.5=14686.3613  sbar_dark_T4c_mid+1.5=7442.2583  sbar_dark_T4d_mid+1.5=12345.9629  sbar_dark_T5a_mid+1.5=66752.7969  sbar_dark_T5b_mid+1.5=66521.5156  sbar_dark_T5c_mid+1.5=71116.7656  sbar_dark_T5d_mid+1.5=52192.2031  sbar_dark_T4a_mid+1.5=8128.5493]:   37%|███▋      | 110/300 [01:11<02:03,  1.54it/s] Cost: 502740.8438  [spread_bright_L5=1612561.6250  spread_bright_Mi1=1999401.1250  spread_bright_Tm3=1433012.1250  spread_bright_Mi4=2491556.7500  spread_dark_L1=850144.1250  spread_dark_L2=1766492.8750  spread_dark_L3=2881809.5000  spread_dark_L4=3116447.0000  spread_dark_Mi9=1852755.5000  spread_dark_Tm1=1322473.0000  spread_dark_Tm2=1354636.2500  spread_dark_Tm4=1669366.7500  spread_dark_Tm9=2377348.7500  sbar_bright_T4a_mid+0=668985.3125  sbar_bright_T4b_mid+0=652558.4375  sbar_bright_T4c_mid+0=650517.8125  sbar_bright_T4d_mid+0=705851.4375  sbar_bright_T5a_mid+0=93298.7891  sbar_bright_T5b_mid+0=103867.8359  sbar_bright_T5c_mid+0=120239.3594  sbar_bright_T5d_mid+0=104740.1328  sbar_bright_T4a_mid+1=248349.4844  sbar_bright_T4b_mid+1=252507.0000  sbar_bright_T4c_mid+1=218836.6875  sbar_bright_T4d_mid+1=243496.0156  sbar_bright_T5a_mid+1=175159.4062  sbar_bright_T5b_mid+1=184720.8125  sbar_bright_T5c_mid+1=162470.5312  sbar_bright_T5d_mid+1=171631.2812  sbar_bright_T4a_mid+2=81849.3047  sbar_bright_T4b_mid+2=85433.7969  sbar_bright_T4c_mid+2=74435.8438  sbar_bright_T4d_mid+2=86315.4922  sbar_bright_T5a_mid+2=358066.8438  sbar_bright_T5b_mid+2=328378.2812  sbar_bright_T5c_mid+2=343632.8438  sbar_bright_T5d_mid+2=338452.9688  sbar_bright_T4a_mid-1=2279589.2500  sbar_bright_T4b_mid-1=1861385.7500  sbar_bright_T4c_mid-1=2143156.0000  sbar_bright_T4d_mid-1=2333266.7500  sbar_bright_T5a_mid-1=368386.7812  sbar_bright_T5b_mid-1=332303.1562  sbar_bright_T5c_mid-1=341257.1875  sbar_bright_T5d_mid-1=384920.9062  sbar_bright_T4a_mid-2=595378.5000  sbar_bright_T4b_mid-2=545735.0000  sbar_bright_T4c_mid-2=538742.1250  sbar_bright_T4d_mid-2=597664.6250  sbar_bright_T5b_mid-2=147258.2969  sbar_bright_T5c_mid-2=130508.7578  sbar_bright_T5d_mid-2=145442.6094  sbar_bright_T5a_mid-2=145043.9531  sbar_bright_T4a_mid-1.5=276187.3125  sbar_bright_T4b_mid-1.5=271677.6250  sbar_bright_T4c_mid-1.5=259987.1562  sbar_bright_T4d_mid-1.5=296738.6875  sbar_bright_T5a_mid-1.5=136602.2969  sbar_bright_T5b_mid-1.5=143659.7031  sbar_bright_T5c_mid-1.5=131770.1250  sbar_bright_T5d_mid-1.5=126788.6562  sbar_bright_T4a_mid-0.5=1217821.5000  sbar_bright_T4b_mid-0.5=1312572.0000  sbar_bright_T4c_mid-0.5=1293486.8750  sbar_bright_T4d_mid-0.5=1366826.2500  sbar_bright_T5a_mid-0.5=135296.4375  sbar_bright_T5b_mid-0.5=158750.2344  sbar_bright_T5c_mid-0.5=115039.9844  sbar_bright_T5d_mid-0.5=154386.5625  sbar_bright_T4a_mid+0.5=262279.0625  sbar_bright_T4b_mid+0.5=198371.8594  sbar_bright_T4c_mid+0.5=185436.8750  sbar_bright_T4d_mid+0.5=209395.2812  sbar_bright_T5a_mid+0.5=57531.5781  sbar_bright_T5b_mid+0.5=56421.8398  sbar_bright_T5c_mid+0.5=57786.9141  sbar_bright_T5d_mid+0.5=50299.3789  sbar_bright_T4b_mid+1.5=40819.3789  sbar_bright_T4c_mid+1.5=47730.7812  sbar_bright_T4d_mid+1.5=34996.9766  sbar_bright_T5a_mid+1.5=77280.6562  sbar_bright_T5b_mid+1.5=77412.7969  sbar_bright_T5c_mid+1.5=79900.3438  sbar_bright_T5d_mid+1.5=63034.9883  sbar_bright_T4a_mid+1.5=37338.1055  sbar_dark_T4a_mid+0=75392.2344  sbar_dark_T4b_mid+0=69641.5547  sbar_dark_T4c_mid+0=135086.9219  sbar_dark_T4d_mid+0=104644.6641  sbar_dark_T5a_mid+0=643212.2500  sbar_dark_T5b_mid+0=578075.2500  sbar_dark_T5c_mid+0=570014.0000  sbar_dark_T5d_mid+0=586060.3125  sbar_dark_T4a_mid+1=101803.7969  sbar_dark_T4b_mid+1=31124.1562  sbar_dark_T4c_mid+1=67431.0078  sbar_dark_T4d_mid+1=105301.8359  sbar_dark_T5a_mid+1=240135.6406  sbar_dark_T5b_mid+1=298479.6875  sbar_dark_T5c_mid+1=260260.5312  sbar_dark_T5d_mid+1=240907.8125  sbar_dark_T4a_mid+2=35781.5859  sbar_dark_T4b_mid+2=91784.8281  sbar_dark_T4c_mid+2=46613.4336  sbar_dark_T4d_mid+2=25568.0254  sbar_dark_T5a_mid+2=432004.9688  sbar_dark_T5b_mid+2=404057.1250  sbar_dark_T5c_mid+2=408291.1250  sbar_dark_T5d_mid+2=400938.6562  sbar_dark_T4a_mid-1=151910.2188  sbar_dark_T4b_mid-1=190677.1562  sbar_dark_T4c_mid-1=104850.0234  sbar_dark_T4d_mid-1=142810.7188  sbar_dark_T5a_mid-1=2120427.5000  sbar_dark_T5b_mid-1=2014080.2500  sbar_dark_T5c_mid-1=2051215.7500  sbar_dark_T5d_mid-1=2152047.0000  sbar_dark_T4a_mid-2=27333.9746  sbar_dark_T4b_mid-2=38708.4492  sbar_dark_T4c_mid-2=43288.1211  sbar_dark_T4d_mid-2=16942.9902  sbar_dark_T5b_mid-2=1177330.1250  sbar_dark_T5c_mid-2=1129514.5000  sbar_dark_T5d_mid-2=1182863.8750  sbar_dark_T5a_mid-2=1136567.0000  sbar_dark_T4a_mid-1.5=9690.4639  sbar_dark_T4b_mid-1.5=12014.7197  sbar_dark_T4c_mid-1.5=16444.9355  sbar_dark_T4d_mid-1.5=7001.0293  sbar_dark_T5a_mid-1.5=377719.7500  sbar_dark_T5b_mid-1.5=398531.8438  sbar_dark_T5c_mid-1.5=368302.8125  sbar_dark_T5d_mid-1.5=351933.4688  sbar_dark_T4a_mid-0.5=68896.5000  sbar_dark_T4b_mid-0.5=58205.5469  sbar_dark_T4c_mid-0.5=106390.8047  sbar_dark_T4d_mid-0.5=27860.7754  sbar_dark_T5a_mid-0.5=782728.8125  sbar_dark_T5b_mid-0.5=895876.5000  sbar_dark_T5c_mid-0.5=737725.1250  sbar_dark_T5d_mid-0.5=912990.0625  sbar_dark_T4a_mid+0.5=42096.5273  sbar_dark_T4b_mid+0.5=105577.0703  sbar_dark_T4c_mid+0.5=26612.9746  sbar_dark_T4d_mid+0.5=75754.4219  sbar_dark_T5a_mid+0.5=155081.2188  sbar_dark_T5b_mid+0.5=142771.7969  sbar_dark_T5c_mid+0.5=186474.1562  sbar_dark_T5d_mid+0.5=136612.5000  sbar_dark_T4b_mid+1.5=13714.0527  sbar_dark_T4c_mid+1.5=7247.0562  sbar_dark_T4d_mid+1.5=12700.7705  sbar_dark_T5a_mid+1.5=64371.3984  sbar_dark_T5b_mid+1.5=63867.1797  sbar_dark_T5c_mid+1.5=67438.5391  sbar_dark_T5d_mid+1.5=50591.7070  sbar_dark_T4a_mid+1.5=8417.8145]:  40%|████      | 120/300 [01:17<01:56,  1.55it/s] Cost: 496342.7188  [spread_bright_L5=1587930.0000  spread_bright_Mi1=2041208.2500  spread_bright_Tm3=1455972.6250  spread_bright_Mi4=2309350.7500  spread_dark_L1=811967.1250  spread_dark_L2=1653187.2500  spread_dark_L3=2761686.0000  spread_dark_L4=3092268.0000  spread_dark_Mi9=1744260.0000  spread_dark_Tm1=1307152.8750  spread_dark_Tm2=1371451.6250  spread_dark_Tm4=1779350.8750  spread_dark_Tm9=2204534.2500  sbar_bright_T4a_mid+0=642990.0625  sbar_bright_T4b_mid+0=626196.7500  sbar_bright_T4c_mid+0=637037.5000  sbar_bright_T4d_mid+0=687347.8125  sbar_bright_T5a_mid+0=94458.1875  sbar_bright_T5b_mid+0=105384.3125  sbar_bright_T5c_mid+0=121797.1719  sbar_bright_T5d_mid+0=105299.3047  sbar_bright_T4a_mid+1=252917.3281  sbar_bright_T4b_mid+1=254149.7031  sbar_bright_T4c_mid+1=225251.3125  sbar_bright_T4d_mid+1=243552.9062  sbar_bright_T5a_mid+1=168572.8594  sbar_bright_T5b_mid+1=184100.6562  sbar_bright_T5c_mid+1=161256.5000  sbar_bright_T5d_mid+1=170790.1406  sbar_bright_T4a_mid+2=84947.4141  sbar_bright_T4b_mid+2=88643.6094  sbar_bright_T4c_mid+2=72634.7109  sbar_bright_T4d_mid+2=85630.6875  sbar_bright_T5a_mid+2=352639.8750  sbar_bright_T5b_mid+2=326359.8125  sbar_bright_T5c_mid+2=341508.9375  sbar_bright_T5d_mid+2=335547.2500  sbar_bright_T4a_mid-1=2251939.0000  sbar_bright_T4b_mid-1=1784948.5000  sbar_bright_T4c_mid-1=2098326.7500  sbar_bright_T4d_mid-1=2306327.7500  sbar_bright_T5a_mid-1=368198.7812  sbar_bright_T5b_mid-1=338252.3125  sbar_bright_T5c_mid-1=347337.5000  sbar_bright_T5d_mid-1=387258.3125  sbar_bright_T4a_mid-2=584478.6250  sbar_bright_T4b_mid-2=519211.4062  sbar_bright_T4c_mid-2=527352.6250  sbar_bright_T4d_mid-2=580421.5000  sbar_bright_T5b_mid-2=145670.0156  sbar_bright_T5c_mid-2=130213.1016  sbar_bright_T5d_mid-2=144886.1875  sbar_bright_T5a_mid-2=144659.7031  sbar_bright_T4a_mid-1.5=274892.8750  sbar_bright_T4b_mid-1.5=271480.5000  sbar_bright_T4c_mid-1.5=258626.0625  sbar_bright_T4d_mid-1.5=296994.2812  sbar_bright_T5a_mid-1.5=137114.5625  sbar_bright_T5b_mid-1.5=144560.1562  sbar_bright_T5c_mid-1.5=133059.4531  sbar_bright_T5d_mid-1.5=127285.8125  sbar_bright_T4a_mid-0.5=1188072.7500  sbar_bright_T4b_mid-0.5=1286569.2500  sbar_bright_T4c_mid-0.5=1256518.7500  sbar_bright_T4d_mid-0.5=1352327.1250  sbar_bright_T5a_mid-0.5=136614.9375  sbar_bright_T5b_mid-0.5=161221.2656  sbar_bright_T5c_mid-0.5=117370.9062  sbar_bright_T5d_mid-0.5=154653.3125  sbar_bright_T4a_mid+0.5=253609.7188  sbar_bright_T4b_mid+0.5=189572.8438  sbar_bright_T4c_mid+0.5=179876.0781  sbar_bright_T4d_mid+0.5=198623.6562  sbar_bright_T5a_mid+0.5=57249.0391  sbar_bright_T5b_mid+0.5=56618.5977  sbar_bright_T5c_mid+0.5=58153.5703  sbar_bright_T5d_mid+0.5=50359.6719  sbar_bright_T4b_mid+1.5=43325.9844  sbar_bright_T4c_mid+1.5=53778.6914  sbar_bright_T4d_mid+1.5=35972.4805  sbar_bright_T5a_mid+1.5=76222.3281  sbar_bright_T5b_mid+1.5=77179.4375  sbar_bright_T5c_mid+1.5=78878.1172  sbar_bright_T5d_mid+1.5=62079.4961  sbar_bright_T4a_mid+1.5=42132.0156  sbar_dark_T4a_mid+0=91629.5547  sbar_dark_T4b_mid+0=83623.9531  sbar_dark_T4c_mid+0=142839.7812  sbar_dark_T4d_mid+0=118357.6172  sbar_dark_T5a_mid+0=663677.2500  sbar_dark_T5b_mid+0=582614.0625  sbar_dark_T5c_mid+0=570865.1250  sbar_dark_T5d_mid+0=591714.3125  sbar_dark_T4a_mid+1=105339.3516  sbar_dark_T4b_mid+1=32598.8008  sbar_dark_T4c_mid+1=66348.5625  sbar_dark_T4d_mid+1=111130.8750  sbar_dark_T5a_mid+1=234531.6719  sbar_dark_T5b_mid+1=291384.0625  sbar_dark_T5c_mid+1=258113.4219  sbar_dark_T5d_mid+1=239949.9062  sbar_dark_T4a_mid+2=35758.8086  sbar_dark_T4b_mid+2=102629.0312  sbar_dark_T4c_mid+2=48965.0195  sbar_dark_T4d_mid+2=26977.4531  sbar_dark_T5a_mid+2=426064.8125  sbar_dark_T5b_mid+2=399437.2500  sbar_dark_T5c_mid+2=403460.9688  sbar_dark_T5d_mid+2=397474.1250  sbar_dark_T4a_mid-1=158069.4844  sbar_dark_T4b_mid-1=205476.0625  sbar_dark_T4c_mid-1=106201.7109  sbar_dark_T4d_mid-1=143000.9688  sbar_dark_T5a_mid-1=2099696.2500  sbar_dark_T5b_mid-1=2015809.7500  sbar_dark_T5c_mid-1=2043400.6250  sbar_dark_T5d_mid-1=2142117.0000  sbar_dark_T4a_mid-2=31559.4336  sbar_dark_T4b_mid-2=39905.5508  sbar_dark_T4c_mid-2=41195.3672  sbar_dark_T4d_mid-2=18964.2012  sbar_dark_T5b_mid-2=1169267.8750  sbar_dark_T5c_mid-2=1118853.8750  sbar_dark_T5d_mid-2=1174675.7500  sbar_dark_T5a_mid-2=1141709.5000  sbar_dark_T4a_mid-1.5=10628.7598  sbar_dark_T4b_mid-1.5=13277.9326  sbar_dark_T4c_mid-1.5=16348.6143  sbar_dark_T4d_mid-1.5=7146.6553  sbar_dark_T5a_mid-1.5=376961.3125  sbar_dark_T5b_mid-1.5=398972.0938  sbar_dark_T5c_mid-1.5=369416.0625  sbar_dark_T5d_mid-1.5=352699.6875  sbar_dark_T4a_mid-0.5=71264.7656  sbar_dark_T4b_mid-0.5=62381.1328  sbar_dark_T4c_mid-0.5=107065.2422  sbar_dark_T4d_mid-0.5=27273.6777  sbar_dark_T5a_mid-0.5=784368.1875  sbar_dark_T5b_mid-0.5=898248.6250  sbar_dark_T5c_mid-0.5=733438.8750  sbar_dark_T5d_mid-0.5=904223.7500  sbar_dark_T4a_mid+0.5=41859.4297  sbar_dark_T4b_mid+0.5=107818.3516  sbar_dark_T4c_mid+0.5=27439.6016  sbar_dark_T4d_mid+0.5=78533.8125  sbar_dark_T5a_mid+0.5=154991.9219  sbar_dark_T5b_mid+0.5=142464.7344  sbar_dark_T5c_mid+0.5=183866.2812  sbar_dark_T5d_mid+0.5=136398.9375  sbar_dark_T4b_mid+1.5=14147.4512  sbar_dark_T4c_mid+1.5=7866.6323  sbar_dark_T4d_mid+1.5=11683.1650  sbar_dark_T5a_mid+1.5=63064.2930  sbar_dark_T5b_mid+1.5=63316.1992  sbar_dark_T5c_mid+1.5=65914.5000  sbar_dark_T5d_mid+1.5=49487.8086  sbar_dark_T4a_mid+1.5=8058.1978]:  43%|████▎     | 130/300 [01:24<01:49,  1.55it/s] Cost: 488782.6250  [spread_bright_L5=1564771.0000  spread_bright_Mi1=1927935.2500  spread_bright_Tm3=1474346.8750  spread_bright_Mi4=2183676.0000  spread_dark_L1=836996.3125  spread_dark_L2=1526526.1250  spread_dark_L3=2636042.2500  spread_dark_L4=3102961.5000  spread_dark_Mi9=1656204.1250  spread_dark_Tm1=1245570.6250  spread_dark_Tm2=1366560.6250  spread_dark_Tm4=1844367.2500  spread_dark_Tm9=2107981.5000  sbar_bright_T4a_mid+0=598717.6875  sbar_bright_T4b_mid+0=582221.5000  sbar_bright_T4c_mid+0=594059.9375  sbar_bright_T4d_mid+0=654736.3125  sbar_bright_T5a_mid+0=94586.4688  sbar_bright_T5b_mid+0=102620.2109  sbar_bright_T5c_mid+0=121290.1797  sbar_bright_T5d_mid+0=102587.5703  sbar_bright_T4a_mid+1=259661.3750  sbar_bright_T4b_mid+1=265981.3438  sbar_bright_T4c_mid+1=235745.5625  sbar_bright_T4d_mid+1=253002.0469  sbar_bright_T5a_mid+1=160039.3281  sbar_bright_T5b_mid+1=176908.1250  sbar_bright_T5c_mid+1=154723.3438  sbar_bright_T5d_mid+1=165836.6875  sbar_bright_T4a_mid+2=93039.6250  sbar_bright_T4b_mid+2=98383.7344  sbar_bright_T4c_mid+2=77925.6719  sbar_bright_T4d_mid+2=89550.2656  sbar_bright_T5a_mid+2=341713.4375  sbar_bright_T5b_mid+2=318442.5312  sbar_bright_T5c_mid+2=331556.4688  sbar_bright_T5d_mid+2=327711.7812  sbar_bright_T4a_mid-1=2227451.7500  sbar_bright_T4b_mid-1=1727263.2500  sbar_bright_T4c_mid-1=2038731.6250  sbar_bright_T4d_mid-1=2294168.2500  sbar_bright_T5a_mid-1=369490.8438  sbar_bright_T5b_mid-1=345690.0625  sbar_bright_T5c_mid-1=353038.0625  sbar_bright_T5d_mid-1=388180.8125  sbar_bright_T4a_mid-2=572539.6250  sbar_bright_T4b_mid-2=506799.1562  sbar_bright_T4c_mid-2=514310.3125  sbar_bright_T4d_mid-2=568492.3750  sbar_bright_T5b_mid-2=142612.6094  sbar_bright_T5c_mid-2=126663.7969  sbar_bright_T5d_mid-2=141601.0156  sbar_bright_T5a_mid-2=141931.1094  sbar_bright_T4a_mid-1.5=272095.6250  sbar_bright_T4b_mid-1.5=273827.8438  sbar_bright_T4c_mid-1.5=253647.0000  sbar_bright_T4d_mid-1.5=297795.5000  sbar_bright_T5a_mid-1.5=136115.2812  sbar_bright_T5b_mid-1.5=143481.9688  sbar_bright_T5c_mid-1.5=132321.5156  sbar_bright_T5d_mid-1.5=127220.5625  sbar_bright_T4a_mid-0.5=1165076.5000  sbar_bright_T4b_mid-0.5=1285574.7500  sbar_bright_T4c_mid-0.5=1231466.2500  sbar_bright_T4d_mid-0.5=1349460.1250  sbar_bright_T5a_mid-0.5=139631.1562  sbar_bright_T5b_mid-0.5=162523.9844  sbar_bright_T5c_mid-0.5=118338.5547  sbar_bright_T5d_mid-0.5=152983.2344  sbar_bright_T4a_mid+0.5=246336.6250  sbar_bright_T4b_mid+0.5=191165.6094  sbar_bright_T4c_mid+0.5=174834.0312  sbar_bright_T4d_mid+0.5=191412.8906  sbar_bright_T5a_mid+0.5=56404.3789  sbar_bright_T5b_mid+0.5=55868.5078  sbar_bright_T5c_mid+0.5=56335.9883  sbar_bright_T5d_mid+0.5=48157.5117  sbar_bright_T4b_mid+1.5=47297.3438  sbar_bright_T4c_mid+1.5=56024.7383  sbar_bright_T4d_mid+1.5=38212.4453  sbar_bright_T5a_mid+1.5=72527.2344  sbar_bright_T5b_mid+1.5=73288.2109  sbar_bright_T5c_mid+1.5=74844.3750  sbar_bright_T5d_mid+1.5=59056.1172  sbar_bright_T4a_mid+1.5=44174.7617  sbar_dark_T4a_mid+0=78546.3281  sbar_dark_T4b_mid+0=72935.0547  sbar_dark_T4c_mid+0=136972.1250  sbar_dark_T4d_mid+0=100531.6484  sbar_dark_T5a_mid+0=660861.3125  sbar_dark_T5b_mid+0=584286.8125  sbar_dark_T5c_mid+0=579970.5000  sbar_dark_T5d_mid+0=604048.9375  sbar_dark_T4a_mid+1=111131.6250  sbar_dark_T4b_mid+1=32714.5215  sbar_dark_T4c_mid+1=67883.5469  sbar_dark_T4d_mid+1=110686.3203  sbar_dark_T5a_mid+1=233339.6719  sbar_dark_T5b_mid+1=278824.5312  sbar_dark_T5c_mid+1=253749.6250  sbar_dark_T5d_mid+1=239378.2812  sbar_dark_T4a_mid+2=34200.7695  sbar_dark_T4b_mid+2=109725.4219  sbar_dark_T4c_mid+2=52508.6523  sbar_dark_T4d_mid+2=29012.7148  sbar_dark_T5a_mid+2=417236.0312  sbar_dark_T5b_mid+2=390762.0312  sbar_dark_T5c_mid+2=392894.1250  sbar_dark_T5d_mid+2=390811.0312  sbar_dark_T4a_mid-1=170605.1875  sbar_dark_T4b_mid-1=205582.5000  sbar_dark_T4c_mid-1=107445.7812  sbar_dark_T4d_mid-1=143710.8438  sbar_dark_T5a_mid-1=2086139.0000  sbar_dark_T5b_mid-1=2026691.2500  sbar_dark_T5c_mid-1=2041537.5000  sbar_dark_T5d_mid-1=2136915.7500  sbar_dark_T4a_mid-2=34226.8594  sbar_dark_T4b_mid-2=39292.3438  sbar_dark_T4c_mid-2=45113.8477  sbar_dark_T4d_mid-2=19699.1953  sbar_dark_T5b_mid-2=1167604.1250  sbar_dark_T5c_mid-2=1101832.2500  sbar_dark_T5d_mid-2=1163644.2500  sbar_dark_T5a_mid-2=1144382.7500  sbar_dark_T4a_mid-1.5=10886.4883  sbar_dark_T4b_mid-1.5=12801.0439  sbar_dark_T4c_mid-1.5=16583.0977  sbar_dark_T4d_mid-1.5=7279.6621  sbar_dark_T5a_mid-1.5=374038.5000  sbar_dark_T5b_mid-1.5=395128.8750  sbar_dark_T5c_mid-1.5=364845.2188  sbar_dark_T5d_mid-1.5=352189.6250  sbar_dark_T4a_mid-0.5=76829.8828  sbar_dark_T4b_mid-0.5=62001.1523  sbar_dark_T4c_mid-0.5=115911.8359  sbar_dark_T4d_mid-0.5=28473.9922  sbar_dark_T5a_mid-0.5=798654.8750  sbar_dark_T5b_mid-0.5=899050.6875  sbar_dark_T5c_mid-0.5=730948.4375  sbar_dark_T5d_mid-0.5=886949.3750  sbar_dark_T4a_mid+0.5=42955.4570  sbar_dark_T4b_mid+0.5=107922.1094  sbar_dark_T4c_mid+0.5=27701.9453  sbar_dark_T4d_mid+0.5=80669.2969  sbar_dark_T5a_mid+0.5=155144.7656  sbar_dark_T5b_mid+0.5=144699.9375  sbar_dark_T5c_mid+0.5=177344.0469  sbar_dark_T5d_mid+0.5=136851.2344  sbar_dark_T4b_mid+1.5=16643.6777  sbar_dark_T4c_mid+1.5=8015.3291  sbar_dark_T4d_mid+1.5=11558.6201  sbar_dark_T5a_mid+1.5=60055.1836  sbar_dark_T5b_mid+1.5=60141.1250  sbar_dark_T5c_mid+1.5=62137.7578  sbar_dark_T5d_mid+1.5=47022.1641  sbar_dark_T4a_mid+1.5=8531.6455]:  47%|████▋     | 140/300 [01:30<01:43,  1.55it/s] Cost: 482454.6250  [spread_bright_L5=1559854.3750  spread_bright_Mi1=1892335.8750  spread_bright_Tm3=1504049.6250  spread_bright_Mi4=2050468.7500  spread_dark_L1=838693.4375  spread_dark_L2=1456362.3750  spread_dark_L3=2545483.0000  spread_dark_L4=3024670.5000  spread_dark_Mi9=1569803.0000  spread_dark_Tm1=1323687.3750  spread_dark_Tm2=1381853.2500  spread_dark_Tm4=1932941.0000  spread_dark_Tm9=2000229.1250  sbar_bright_T4a_mid+0=569719.0625  sbar_bright_T4b_mid+0=552619.5625  sbar_bright_T4c_mid+0=564474.0000  sbar_bright_T4d_mid+0=631297.6875  sbar_bright_T5a_mid+0=92042.8750  sbar_bright_T5b_mid+0=100360.0469  sbar_bright_T5c_mid+0=117877.5156  sbar_bright_T5d_mid+0=98728.6484  sbar_bright_T4a_mid+1=265658.3125  sbar_bright_T4b_mid+1=277773.6875  sbar_bright_T4c_mid+1=250989.0156  sbar_bright_T4d_mid+1=259235.8750  sbar_bright_T5a_mid+1=147054.9844  sbar_bright_T5b_mid+1=165853.6562  sbar_bright_T5c_mid+1=143346.9531  sbar_bright_T5d_mid+1=155828.2812  sbar_bright_T4a_mid+2=104812.7031  sbar_bright_T4b_mid+2=111923.0625  sbar_bright_T4c_mid+2=86169.5781  sbar_bright_T4d_mid+2=96925.3359  sbar_bright_T5a_mid+2=322743.2812  sbar_bright_T5b_mid+2=302461.5000  sbar_bright_T5c_mid+2=312023.5625  sbar_bright_T5d_mid+2=312913.0938  sbar_bright_T4a_mid-1=2218930.5000  sbar_bright_T4b_mid-1=1675305.6250  sbar_bright_T4c_mid-1=1977963.3750  sbar_bright_T4d_mid-1=2281140.0000  sbar_bright_T5a_mid-1=359996.1250  sbar_bright_T5b_mid-1=352095.5000  sbar_bright_T5c_mid-1=352874.0000  sbar_bright_T5d_mid-1=384918.2812  sbar_bright_T4a_mid-2=563734.7500  sbar_bright_T4b_mid-2=478790.5938  sbar_bright_T4c_mid-2=498802.5625  sbar_bright_T4d_mid-2=545838.3750  sbar_bright_T5b_mid-2=136773.0469  sbar_bright_T5c_mid-2=120022.9531  sbar_bright_T5d_mid-2=135784.0156  sbar_bright_T5a_mid-2=137129.7188  sbar_bright_T4a_mid-1.5=271783.5625  sbar_bright_T4b_mid-1.5=277966.3750  sbar_bright_T4c_mid-1.5=249223.3281  sbar_bright_T4d_mid-1.5=300213.4062  sbar_bright_T5a_mid-1.5=133321.0938  sbar_bright_T5b_mid-1.5=142460.0781  sbar_bright_T5c_mid-1.5=130879.5781  sbar_bright_T5d_mid-1.5=126061.0859  sbar_bright_T4a_mid-0.5=1153460.0000  sbar_bright_T4b_mid-0.5=1282435.2500  sbar_bright_T4c_mid-0.5=1207564.5000  sbar_bright_T4d_mid-0.5=1342780.7500  sbar_bright_T5a_mid-0.5=138875.6719  sbar_bright_T5b_mid-0.5=163042.2344  sbar_bright_T5c_mid-0.5=115173.2969  sbar_bright_T5d_mid-0.5=149563.0625  sbar_bright_T4a_mid+0.5=242767.3906  sbar_bright_T4b_mid+0.5=189329.8750  sbar_bright_T4c_mid+0.5=170464.0469  sbar_bright_T4d_mid+0.5=183334.8125  sbar_bright_T5a_mid+0.5=52796.2266  sbar_bright_T5b_mid+0.5=52932.3203  sbar_bright_T5c_mid+0.5=52276.0195  sbar_bright_T5d_mid+0.5=44047.5156  sbar_bright_T4b_mid+1.5=52243.0938  sbar_bright_T4c_mid+1.5=57156.1914  sbar_bright_T4d_mid+1.5=40614.3945  sbar_bright_T5a_mid+1.5=67719.7031  sbar_bright_T5b_mid+1.5=69095.1875  sbar_bright_T5c_mid+1.5=68218.5781  sbar_bright_T5d_mid+1.5=54632.5820  sbar_bright_T4a_mid+1.5=45886.8242  sbar_dark_T4a_mid+0=84757.2266  sbar_dark_T4b_mid+0=82430.9141  sbar_dark_T4c_mid+0=133995.2188  sbar_dark_T4d_mid+0=97899.0000  sbar_dark_T5a_mid+0=704196.3125  sbar_dark_T5b_mid+0=587380.0625  sbar_dark_T5c_mid+0=591284.2500  sbar_dark_T5d_mid+0=626557.5000  sbar_dark_T4a_mid+1=112825.4453  sbar_dark_T4b_mid+1=37133.5742  sbar_dark_T4c_mid+1=64014.1094  sbar_dark_T4d_mid+1=108065.9609  sbar_dark_T5a_mid+1=229911.8125  sbar_dark_T5b_mid+1=264610.9062  sbar_dark_T5c_mid+1=250546.1406  sbar_dark_T5d_mid+1=238127.8906  sbar_dark_T4a_mid+2=36198.2461  sbar_dark_T4b_mid+2=123653.3125  sbar_dark_T4c_mid+2=59264.3242  sbar_dark_T4d_mid+2=33150.3789  sbar_dark_T5a_mid+2=406378.9375  sbar_dark_T5b_mid+2=380833.3125  sbar_dark_T5c_mid+2=378630.8125  sbar_dark_T5d_mid+2=382134.0000  sbar_dark_T4a_mid-1=184125.3125  sbar_dark_T4b_mid-1=208876.2344  sbar_dark_T4c_mid-1=109655.2891  sbar_dark_T4d_mid-1=143479.8438  sbar_dark_T5a_mid-1=2044365.2500  sbar_dark_T5b_mid-1=2023188.2500  sbar_dark_T5c_mid-1=2028678.0000  sbar_dark_T5d_mid-1=2117517.2500  sbar_dark_T4a_mid-2=37945.4062  sbar_dark_T4b_mid-2=46506.6836  sbar_dark_T4c_mid-2=52400.8125  sbar_dark_T4d_mid-2=24078.7578  sbar_dark_T5b_mid-2=1157418.7500  sbar_dark_T5c_mid-2=1078119.3750  sbar_dark_T5d_mid-2=1146180.8750  sbar_dark_T5a_mid-2=1144296.5000  sbar_dark_T4a_mid-1.5=11619.7490  sbar_dark_T4b_mid-1.5=14058.2939  sbar_dark_T4c_mid-1.5=19059.7402  sbar_dark_T4d_mid-1.5=7313.5356  sbar_dark_T5a_mid-1.5=369909.8750  sbar_dark_T5b_mid-1.5=392537.5625  sbar_dark_T5c_mid-1.5=361918.4688  sbar_dark_T5d_mid-1.5=350018.5625  sbar_dark_T4a_mid-0.5=73110.0234  sbar_dark_T4b_mid-0.5=63679.1367  sbar_dark_T4c_mid-0.5=115431.0312  sbar_dark_T4d_mid-0.5=29091.9531  sbar_dark_T5a_mid-0.5=799665.0000  sbar_dark_T5b_mid-0.5=900392.4375  sbar_dark_T5c_mid-0.5=719830.8750  sbar_dark_T5d_mid-0.5=866121.0625  sbar_dark_T4a_mid+0.5=40362.5898  sbar_dark_T4b_mid+0.5=103957.9531  sbar_dark_T4c_mid+0.5=28357.0781  sbar_dark_T4d_mid+0.5=77698.3828  sbar_dark_T5a_mid+0.5=151720.1406  sbar_dark_T5b_mid+0.5=144654.1875  sbar_dark_T5c_mid+0.5=168135.7500  sbar_dark_T5d_mid+0.5=138104.4688  sbar_dark_T4b_mid+1.5=17260.8652  sbar_dark_T4c_mid+1.5=8662.1611  sbar_dark_T4d_mid+1.5=12086.5605  sbar_dark_T5a_mid+1.5=57582.4961  sbar_dark_T5b_mid+1.5=58075.2969  sbar_dark_T5c_mid+1.5=58428.1758  sbar_dark_T5d_mid+1.5=45038.3320  sbar_dark_T4a_mid+1.5=8981.9883]:  50%|█████     | 150/300 [01:36<01:36,  1.55it/s] Cost: 475195.6250  [spread_bright_L5=1551505.0000  spread_bright_Mi1=1873709.6250  spread_bright_Tm3=1611410.0000  spread_bright_Mi4=1918440.3750  spread_dark_L1=844898.2500  spread_dark_L2=1371402.7500  spread_dark_L3=2461348.5000  spread_dark_L4=3080403.5000  spread_dark_Mi9=1450807.7500  spread_dark_Tm1=1261550.5000  spread_dark_Tm2=1365252.5000  spread_dark_Tm4=2026581.1250  spread_dark_Tm9=1848981.3750  sbar_bright_T4a_mid+0=534072.5625  sbar_bright_T4b_mid+0=537688.5625  sbar_bright_T4c_mid+0=535802.2500  sbar_bright_T4d_mid+0=607411.0625  sbar_bright_T5a_mid+0=93951.7500  sbar_bright_T5b_mid+0=102486.1094  sbar_bright_T5c_mid+0=118878.4141  sbar_bright_T5d_mid+0=101209.6328  sbar_bright_T4a_mid+1=271323.7812  sbar_bright_T4b_mid+1=286662.7500  sbar_bright_T4c_mid+1=270505.4062  sbar_bright_T4d_mid+1=262534.0312  sbar_bright_T5a_mid+1=136535.7031  sbar_bright_T5b_mid+1=156077.6250  sbar_bright_T5c_mid+1=134141.3281  sbar_bright_T5d_mid+1=148088.8281  sbar_bright_T4a_mid+2=102067.1875  sbar_bright_T4b_mid+2=118290.2500  sbar_bright_T4c_mid+2=90736.0391  sbar_bright_T4d_mid+2=109385.4688  sbar_bright_T5a_mid+2=300266.0625  sbar_bright_T5b_mid+2=283471.9375  sbar_bright_T5c_mid+2=289486.7188  sbar_bright_T5d_mid+2=295299.9688  sbar_bright_T4a_mid-1=2222666.2500  sbar_bright_T4b_mid-1=1679545.1250  sbar_bright_T4c_mid-1=1943982.6250  sbar_bright_T4d_mid-1=2276799.2500  sbar_bright_T5a_mid-1=357032.9375  sbar_bright_T5b_mid-1=361308.5938  sbar_bright_T5c_mid-1=357471.9375  sbar_bright_T5d_mid-1=385248.2188  sbar_bright_T4a_mid-2=562809.1250  sbar_bright_T4b_mid-2=442512.5000  sbar_bright_T4c_mid-2=480984.7812  sbar_bright_T4d_mid-2=518820.4375  sbar_bright_T5b_mid-2=128961.2656  sbar_bright_T5c_mid-2=111316.2578  sbar_bright_T5d_mid-2=128687.8203  sbar_bright_T5a_mid-2=130089.7344  sbar_bright_T4a_mid-1.5=268580.5938  sbar_bright_T4b_mid-1.5=271684.4375  sbar_bright_T4c_mid-1.5=240846.4219  sbar_bright_T4d_mid-1.5=303769.2188  sbar_bright_T5a_mid-1.5=127826.4531  sbar_bright_T5b_mid-1.5=139141.8750  sbar_bright_T5c_mid-1.5=127630.6641  sbar_bright_T5d_mid-1.5=123454.2031  sbar_bright_T4a_mid-0.5=1173512.1250  sbar_bright_T4b_mid-0.5=1280515.3750  sbar_bright_T4c_mid-0.5=1204046.5000  sbar_bright_T4d_mid-0.5=1339091.1250  sbar_bright_T5a_mid-0.5=138488.1875  sbar_bright_T5b_mid-0.5=160693.6094  sbar_bright_T5c_mid-0.5=115741.6016  sbar_bright_T5d_mid-0.5=146394.0625  sbar_bright_T4a_mid+0.5=245751.6562  sbar_bright_T4b_mid+0.5=191403.0625  sbar_bright_T4c_mid+0.5=168764.9531  sbar_bright_T4d_mid+0.5=177493.7344  sbar_bright_T5a_mid+0.5=49161.6250  sbar_bright_T5b_mid+0.5=48919.9727  sbar_bright_T5c_mid+0.5=49005.0352  sbar_bright_T5d_mid+0.5=41407.2891  sbar_bright_T4b_mid+1.5=53321.1719  sbar_bright_T4c_mid+1.5=63984.2461  sbar_bright_T4d_mid+1.5=42354.8086  sbar_bright_T5a_mid+1.5=61250.4023  sbar_bright_T5b_mid+1.5=61767.8281  sbar_bright_T5c_mid+1.5=58939.8008  sbar_bright_T5d_mid+1.5=48240.7773  sbar_bright_T4a_mid+1.5=50420.1406  sbar_dark_T4a_mid+0=86187.9453  sbar_dark_T4b_mid+0=89884.8594  sbar_dark_T4c_mid+0=119766.6953  sbar_dark_T4d_mid+0=99619.8281  sbar_dark_T5a_mid+0=722123.8750  sbar_dark_T5b_mid+0=572992.0000  sbar_dark_T5c_mid+0=588389.5000  sbar_dark_T5d_mid+0=634302.6250  sbar_dark_T4a_mid+1=112889.8281  sbar_dark_T4b_mid+1=38322.1328  sbar_dark_T4c_mid+1=54950.2578  sbar_dark_T4d_mid+1=100975.4844  sbar_dark_T5a_mid+1=224300.0000  sbar_dark_T5b_mid+1=253054.2344  sbar_dark_T5c_mid+1=245344.1562  sbar_dark_T5d_mid+1=234418.9219  sbar_dark_T4a_mid+2=39341.3750  sbar_dark_T4b_mid+2=131742.3438  sbar_dark_T4c_mid+2=64692.0664  sbar_dark_T4d_mid+2=36295.0234  sbar_dark_T5a_mid+2=388357.0000  sbar_dark_T5b_mid+2=365294.1250  sbar_dark_T5c_mid+2=361796.9062  sbar_dark_T5d_mid+2=369724.7812  sbar_dark_T4a_mid-1=193639.7656  sbar_dark_T4b_mid-1=195561.6250  sbar_dark_T4c_mid-1=111891.7422  sbar_dark_T4d_mid-1=144652.4844  sbar_dark_T5a_mid-1=1995956.2500  sbar_dark_T5b_mid-1=1997683.7500  sbar_dark_T5c_mid-1=2002481.6250  sbar_dark_T5d_mid-1=2090018.1250  sbar_dark_T4a_mid-2=47376.4609  sbar_dark_T4b_mid-2=63956.0859  sbar_dark_T4c_mid-2=67822.4453  sbar_dark_T4d_mid-2=34033.7969  sbar_dark_T5b_mid-2=1143186.0000  sbar_dark_T5c_mid-2=1047540.3125  sbar_dark_T5d_mid-2=1121234.5000  sbar_dark_T5a_mid-2=1130627.1250  sbar_dark_T4a_mid-1.5=12544.6426  sbar_dark_T4b_mid-1.5=15644.6729  sbar_dark_T4c_mid-1.5=21668.4121  sbar_dark_T4d_mid-1.5=7615.4111  sbar_dark_T5a_mid-1.5=362438.5312  sbar_dark_T5b_mid-1.5=386612.7500  sbar_dark_T5c_mid-1.5=357278.8125  sbar_dark_T5d_mid-1.5=345000.6250  sbar_dark_T4a_mid-0.5=64403.5430  sbar_dark_T4b_mid-0.5=61569.6992  sbar_dark_T4c_mid-0.5=107534.1797  sbar_dark_T4d_mid-0.5=30921.9492  sbar_dark_T5a_mid-0.5=787979.5000  sbar_dark_T5b_mid-0.5=892555.2500  sbar_dark_T5c_mid-0.5=704450.4375  sbar_dark_T5d_mid-0.5=844455.8750  sbar_dark_T4a_mid+0.5=37245.0703  sbar_dark_T4b_mid+0.5=93387.4688  sbar_dark_T4c_mid+0.5=25594.7949  sbar_dark_T4d_mid+0.5=69001.7188  sbar_dark_T5a_mid+0.5=145682.7812  sbar_dark_T5b_mid+0.5=141122.2188  sbar_dark_T5c_mid+0.5=159405.6250  sbar_dark_T5d_mid+0.5=136416.6406  sbar_dark_T4b_mid+1.5=13965.3145  sbar_dark_T4c_mid+1.5=8972.8105  sbar_dark_T4d_mid+1.5=12744.7705  sbar_dark_T5a_mid+1.5=55409.9531  sbar_dark_T5b_mid+1.5=57483.9023  sbar_dark_T5c_mid+1.5=56075.5742  sbar_dark_T5d_mid+1.5=44493.8242  sbar_dark_T4a_mid+1.5=9116.6738]:  53%|█████▎    | 160/300 [01:43<01:30,  1.55it/s] Cost: 468481.7500  [spread_bright_L5=1606170.3750  spread_bright_Mi1=1790293.8750  spread_bright_Tm3=1578396.2500  spread_bright_Mi4=1874708.7500  spread_dark_L1=846864.0000  spread_dark_L2=1295471.6250  spread_dark_L3=2371520.0000  spread_dark_L4=3151933.7500  spread_dark_Mi9=1350795.1250  spread_dark_Tm1=1254080.6250  spread_dark_Tm2=1390423.3750  spread_dark_Tm4=2067237.5000  spread_dark_Tm9=1790930.2500  sbar_bright_T4a_mid+0=506247.8438  sbar_bright_T4b_mid+0=533085.6875  sbar_bright_T4c_mid+0=505117.7500  sbar_bright_T4d_mid+0=592346.1250  sbar_bright_T5a_mid+0=93961.4297  sbar_bright_T5b_mid+0=100699.9062  sbar_bright_T5c_mid+0=113828.2266  sbar_bright_T5d_mid+0=97889.6250  sbar_bright_T4a_mid+1=275678.4688  sbar_bright_T4b_mid+1=303541.0625  sbar_bright_T4c_mid+1=287895.7500  sbar_bright_T4d_mid+1=268687.6250  sbar_bright_T5a_mid+1=128839.5859  sbar_bright_T5b_mid+1=148304.2031  sbar_bright_T5c_mid+1=128522.0391  sbar_bright_T5d_mid+1=140165.8281  sbar_bright_T4a_mid+2=107091.7266  sbar_bright_T4b_mid+2=131157.0312  sbar_bright_T4c_mid+2=102966.5469  sbar_bright_T4d_mid+2=123586.1719  sbar_bright_T5a_mid+2=283524.6875  sbar_bright_T5b_mid+2=268207.8438  sbar_bright_T5c_mid+2=275669.4375  sbar_bright_T5d_mid+2=278641.3125  sbar_bright_T4a_mid-1=2209797.0000  sbar_bright_T4b_mid-1=1657878.5000  sbar_bright_T4c_mid-1=1917599.0000  sbar_bright_T4d_mid-1=2284600.0000  sbar_bright_T5a_mid-1=353106.6250  sbar_bright_T5b_mid-1=356178.0938  sbar_bright_T5c_mid-1=354023.2188  sbar_bright_T5d_mid-1=377289.2812  sbar_bright_T4a_mid-2=545500.3125  sbar_bright_T4b_mid-2=425008.3438  sbar_bright_T4c_mid-2=463486.6875  sbar_bright_T4d_mid-2=499162.8750  sbar_bright_T5b_mid-2=123191.0703  sbar_bright_T5c_mid-2=104206.1641  sbar_bright_T5d_mid-2=121373.1172  sbar_bright_T5a_mid-2=124415.4609  sbar_bright_T4a_mid-1.5=263900.3125  sbar_bright_T4b_mid-1.5=261680.9375  sbar_bright_T4c_mid-1.5=233140.7031  sbar_bright_T4d_mid-1.5=307907.6250  sbar_bright_T5a_mid-1.5=121513.5859  sbar_bright_T5b_mid-1.5=134929.7188  sbar_bright_T5c_mid-1.5=121178.5469  sbar_bright_T5d_mid-1.5=119887.1875  sbar_bright_T4a_mid-0.5=1161340.5000  sbar_bright_T4b_mid-0.5=1269019.7500  sbar_bright_T4c_mid-0.5=1170275.0000  sbar_bright_T4d_mid-0.5=1357709.3750  sbar_bright_T5a_mid-0.5=135947.3125  sbar_bright_T5b_mid-0.5=155843.1406  sbar_bright_T5c_mid-0.5=113488.0391  sbar_bright_T5d_mid-0.5=140232.3906  sbar_bright_T4a_mid+0.5=239479.8281  sbar_bright_T4b_mid+0.5=191619.7500  sbar_bright_T4c_mid+0.5=170271.2344  sbar_bright_T4d_mid+0.5=173087.1875  sbar_bright_T5a_mid+0.5=47987.7812  sbar_bright_T5b_mid+0.5=47093.4141  sbar_bright_T5c_mid+0.5=45416.7500  sbar_bright_T5d_mid+0.5=38462.6680  sbar_bright_T4b_mid+1.5=58809.3281  sbar_bright_T4c_mid+1.5=74537.7500  sbar_bright_T4d_mid+1.5=46227.6602  sbar_bright_T5a_mid+1.5=57569.7734  sbar_bright_T5b_mid+1.5=57600.3984  sbar_bright_T5c_mid+1.5=53852.5391  sbar_bright_T5d_mid+1.5=43806.1562  sbar_bright_T4a_mid+1.5=59728.8281  sbar_dark_T4a_mid+0=92554.3359  sbar_dark_T4b_mid+0=106591.8906  sbar_dark_T4c_mid+0=114364.1172  sbar_dark_T4d_mid+0=100169.0078  sbar_dark_T5a_mid+0=709776.6875  sbar_dark_T5b_mid+0=554935.8125  sbar_dark_T5c_mid+0=565102.1250  sbar_dark_T5d_mid+0=634469.8750  sbar_dark_T4a_mid+1=109881.0312  sbar_dark_T4b_mid+1=40436.3945  sbar_dark_T4c_mid+1=52796.4883  sbar_dark_T4d_mid+1=91835.9844  sbar_dark_T5a_mid+1=224073.9375  sbar_dark_T5b_mid+1=250802.3438  sbar_dark_T5c_mid+1=249711.7969  sbar_dark_T5d_mid+1=225112.2500  sbar_dark_T4a_mid+2=44940.8672  sbar_dark_T4b_mid+2=129553.2266  sbar_dark_T4c_mid+2=73412.8984  sbar_dark_T4d_mid+2=41840.8125  sbar_dark_T5a_mid+2=379477.8125  sbar_dark_T5b_mid+2=358207.8750  sbar_dark_T5c_mid+2=356876.1875  sbar_dark_T5d_mid+2=361061.0000  sbar_dark_T4a_mid-1=205446.2812  sbar_dark_T4b_mid-1=189833.5312  sbar_dark_T4c_mid-1=117091.9766  sbar_dark_T4d_mid-1=147867.2812  sbar_dark_T5a_mid-1=1963358.6250  sbar_dark_T5b_mid-1=1944213.3750  sbar_dark_T5c_mid-1=1965781.3750  sbar_dark_T5d_mid-1=2057085.6250  sbar_dark_T4a_mid-2=54294.9922  sbar_dark_T4b_mid-2=82481.2500  sbar_dark_T4c_mid-2=82524.0234  sbar_dark_T4d_mid-2=43428.0078  sbar_dark_T5b_mid-2=1128667.0000  sbar_dark_T5c_mid-2=1019850.8125  sbar_dark_T5d_mid-2=1099191.8750  sbar_dark_T5a_mid-2=1111064.1250  sbar_dark_T4a_mid-1.5=14141.7275  sbar_dark_T4b_mid-1.5=22222.2637  sbar_dark_T4c_mid-1.5=26355.7988  sbar_dark_T4d_mid-1.5=7839.1270  sbar_dark_T5a_mid-1.5=356717.8125  sbar_dark_T5b_mid-1.5=382374.3125  sbar_dark_T5c_mid-1.5=349152.1562  sbar_dark_T5d_mid-1.5=339396.4688  sbar_dark_T4a_mid-0.5=56498.1094  sbar_dark_T4b_mid-0.5=57659.2109  sbar_dark_T4c_mid-0.5=97666.3984  sbar_dark_T4d_mid-0.5=32295.9727  sbar_dark_T5a_mid-0.5=771530.3125  sbar_dark_T5b_mid-0.5=880587.5625  sbar_dark_T5c_mid-0.5=680219.6250  sbar_dark_T5d_mid-0.5=819855.8750  sbar_dark_T4a_mid+0.5=31618.1992  sbar_dark_T4b_mid+0.5=81775.4453  sbar_dark_T4c_mid+0.5=25130.0527  sbar_dark_T4d_mid+0.5=60469.5547  sbar_dark_T5a_mid+0.5=141764.9844  sbar_dark_T5b_mid+0.5=134901.1875  sbar_dark_T5c_mid+0.5=150287.4844  sbar_dark_T5d_mid+0.5=129535.5234  sbar_dark_T4b_mid+1.5=14809.8555  sbar_dark_T4c_mid+1.5=10686.0137  sbar_dark_T4d_mid+1.5=13003.2500  sbar_dark_T5a_mid+1.5=55592.6875  sbar_dark_T5b_mid+1.5=59770.1797  sbar_dark_T5c_mid+1.5=56999.6133  sbar_dark_T5d_mid+1.5=46088.6953  sbar_dark_T4a_mid+1.5=9690.4033]:  57%|█████▋    | 170/300 [01:49<01:24,  1.55it/s] Cost: 461605.5625  [spread_bright_L5=1654761.6250  spread_bright_Mi1=1727508.5000  spread_bright_Tm3=1578757.0000  spread_bright_Mi4=1866040.1250  spread_dark_L1=856314.4375  spread_dark_L2=1298596.6250  spread_dark_L3=2299026.5000  spread_dark_L4=3231367.7500  spread_dark_Mi9=1249339.3750  spread_dark_Tm1=1253706.3750  spread_dark_Tm2=1401821.5000  spread_dark_Tm4=1951510.0000  spread_dark_Tm9=1683821.3750  sbar_bright_T4a_mid+0=489862.6250  sbar_bright_T4b_mid+0=524141.8438  sbar_bright_T4c_mid+0=482240.7500  sbar_bright_T4d_mid+0=579971.1250  sbar_bright_T5a_mid+0=91471.1641  sbar_bright_T5b_mid+0=98388.0859  sbar_bright_T5c_mid+0=110423.9922  sbar_bright_T5d_mid+0=97420.2578  sbar_bright_T4a_mid+1=276632.1562  sbar_bright_T4b_mid+1=304159.0312  sbar_bright_T4c_mid+1=291005.7500  sbar_bright_T4d_mid+1=265920.7500  sbar_bright_T5a_mid+1=127640.7969  sbar_bright_T5b_mid+1=145834.6406  sbar_bright_T5c_mid+1=129483.8047  sbar_bright_T5d_mid+1=140986.5000  sbar_bright_T4a_mid+2=102723.9062  sbar_bright_T4b_mid+2=135833.6562  sbar_bright_T4c_mid+2=105637.3828  sbar_bright_T4d_mid+2=124191.5391  sbar_bright_T5a_mid+2=273842.1562  sbar_bright_T5b_mid+2=259716.3750  sbar_bright_T5c_mid+2=272101.2188  sbar_bright_T5d_mid+2=272520.0312  sbar_bright_T4a_mid-1=2169231.2500  sbar_bright_T4b_mid-1=1625183.0000  sbar_bright_T4c_mid-1=1900926.0000  sbar_bright_T4d_mid-1=2258013.7500  sbar_bright_T5a_mid-1=355325.0312  sbar_bright_T5b_mid-1=355959.2500  sbar_bright_T5c_mid-1=359550.5000  sbar_bright_T5d_mid-1=378067.3750  sbar_bright_T4a_mid-2=536239.2500  sbar_bright_T4b_mid-2=411133.9375  sbar_bright_T4c_mid-2=454965.7812  sbar_bright_T4d_mid-2=490049.0312  sbar_bright_T5b_mid-2=120432.1172  sbar_bright_T5c_mid-2=101354.0312  sbar_bright_T5d_mid-2=118500.8906  sbar_bright_T5a_mid-2=121511.3359  sbar_bright_T4a_mid-1.5=257871.7656  sbar_bright_T4b_mid-1.5=247623.4219  sbar_bright_T4c_mid-1.5=223337.4375  sbar_bright_T4d_mid-1.5=306104.2188  sbar_bright_T5a_mid-1.5=118227.1406  sbar_bright_T5b_mid-1.5=131042.9453  sbar_bright_T5c_mid-1.5=112720.2188  sbar_bright_T5d_mid-1.5=115905.6250  sbar_bright_T4a_mid-0.5=1156537.1250  sbar_bright_T4b_mid-0.5=1234782.7500  sbar_bright_T4c_mid-0.5=1171851.8750  sbar_bright_T4d_mid-0.5=1341871.2500  sbar_bright_T5a_mid-0.5=136660.9844  sbar_bright_T5b_mid-0.5=154196.8281  sbar_bright_T5c_mid-0.5=115999.1953  sbar_bright_T5d_mid-0.5=137552.3438  sbar_bright_T4a_mid+0.5=239349.4531  sbar_bright_T4b_mid+0.5=184165.5938  sbar_bright_T4c_mid+0.5=166358.9844  sbar_bright_T4d_mid+0.5=165626.1094  sbar_bright_T5a_mid+0.5=49480.6680  sbar_bright_T5b_mid+0.5=48885.1719  sbar_bright_T5c_mid+0.5=44008.3984  sbar_bright_T5d_mid+0.5=37462.1523  sbar_bright_T4b_mid+1.5=58963.6172  sbar_bright_T4c_mid+1.5=72122.4844  sbar_bright_T4d_mid+1.5=45434.9883  sbar_bright_T5a_mid+1.5=57489.7266  sbar_bright_T5b_mid+1.5=57630.6797  sbar_bright_T5c_mid+1.5=54176.2109  sbar_bright_T5d_mid+1.5=44097.0703  sbar_bright_T4a_mid+1.5=60839.4609  sbar_dark_T4a_mid+0=96329.0547  sbar_dark_T4b_mid+0=115120.9609  sbar_dark_T4c_mid+0=113474.1172  sbar_dark_T4d_mid+0=108776.0391  sbar_dark_T5a_mid+0=684733.1875  sbar_dark_T5b_mid+0=518807.0312  sbar_dark_T5c_mid+0=529544.5000  sbar_dark_T5d_mid+0=613938.9375  sbar_dark_T4a_mid+1=116792.6953  sbar_dark_T4b_mid+1=38607.9258  sbar_dark_T4c_mid+1=51958.6719  sbar_dark_T4d_mid+1=91559.2031  sbar_dark_T5a_mid+1=224661.2656  sbar_dark_T5b_mid+1=250758.4375  sbar_dark_T5c_mid+1=251301.6719  sbar_dark_T5d_mid+1=220078.7969  sbar_dark_T4a_mid+2=47145.4141  sbar_dark_T4b_mid+2=122529.1016  sbar_dark_T4c_mid+2=75678.8281  sbar_dark_T4d_mid+2=40978.7148  sbar_dark_T5a_mid+2=368260.8438  sbar_dark_T5b_mid+2=349111.1250  sbar_dark_T5c_mid+2=352325.6875  sbar_dark_T5d_mid+2=355376.0625  sbar_dark_T4a_mid-1=213183.5781  sbar_dark_T4b_mid-1=199474.8125  sbar_dark_T4c_mid-1=129339.2891  sbar_dark_T4d_mid-1=153931.3438  sbar_dark_T5a_mid-1=1939600.3750  sbar_dark_T5b_mid-1=1892042.7500  sbar_dark_T5c_mid-1=1932864.8750  sbar_dark_T5d_mid-1=2024423.3750  sbar_dark_T4a_mid-2=58743.2461  sbar_dark_T4b_mid-2=104539.5000  sbar_dark_T4c_mid-2=85618.2734  sbar_dark_T4d_mid-2=50124.3320  sbar_dark_T5b_mid-2=1117883.5000  sbar_dark_T5c_mid-2=997234.1250  sbar_dark_T5d_mid-2=1085154.6250  sbar_dark_T5a_mid-2=1095806.0000  sbar_dark_T4a_mid-1.5=15484.3438  sbar_dark_T4b_mid-1.5=26959.4141  sbar_dark_T4c_mid-1.5=30931.0332  sbar_dark_T4d_mid-1.5=7906.6792  sbar_dark_T5a_mid-1.5=348772.8125  sbar_dark_T5b_mid-1.5=376597.2188  sbar_dark_T5c_mid-1.5=330534.4688  sbar_dark_T5d_mid-1.5=330020.8750  sbar_dark_T4a_mid-0.5=59269.1172  sbar_dark_T4b_mid-0.5=59892.4375  sbar_dark_T4c_mid-0.5=103879.7266  sbar_dark_T4d_mid-0.5=35225.9531  sbar_dark_T5a_mid-0.5=756376.6250  sbar_dark_T5b_mid-0.5=871025.9375  sbar_dark_T5c_mid-0.5=659054.8125  sbar_dark_T5d_mid-0.5=782469.7500  sbar_dark_T4a_mid+0.5=31963.2461  sbar_dark_T4b_mid+0.5=83187.0000  sbar_dark_T4c_mid+0.5=25085.3438  sbar_dark_T4d_mid+0.5=59571.1914  sbar_dark_T5a_mid+0.5=140790.8594  sbar_dark_T5b_mid+0.5=131834.2812  sbar_dark_T5c_mid+0.5=141433.2812  sbar_dark_T5d_mid+0.5=123447.0938  sbar_dark_T4b_mid+1.5=12773.1641  sbar_dark_T4c_mid+1.5=9782.0713  sbar_dark_T4d_mid+1.5=13025.7744  sbar_dark_T5a_mid+1.5=55267.4375  sbar_dark_T5b_mid+1.5=58258.8711  sbar_dark_T5c_mid+1.5=57944.5195  sbar_dark_T5d_mid+1.5=46538.5508  sbar_dark_T4a_mid+1.5=9411.1719]:   60%|██████    | 180/300 [01:56<01:17,  1.55it/s] Cost: 452753.3750  [spread_bright_L5=1706692.6250  spread_bright_Mi1=1666726.7500  spread_bright_Tm3=1570525.6250  spread_bright_Mi4=1904706.6250  spread_dark_L1=867018.5000  spread_dark_L2=1233386.5000  spread_dark_L3=2202621.0000  spread_dark_L4=3262101.0000  spread_dark_Mi9=1186522.3750  spread_dark_Tm1=1302975.3750  spread_dark_Tm2=1420408.3750  spread_dark_Tm4=1701575.2500  spread_dark_Tm9=1681097.3750  sbar_bright_T4a_mid+0=470041.2812  sbar_bright_T4b_mid+0=546436.3125  sbar_bright_T4c_mid+0=465827.1562  sbar_bright_T4d_mid+0=582302.0000  sbar_bright_T5a_mid+0=93824.9062  sbar_bright_T5b_mid+0=100660.4922  sbar_bright_T5c_mid+0=110100.1094  sbar_bright_T5d_mid+0=99855.2656  sbar_bright_T4a_mid+1=284435.2188  sbar_bright_T4b_mid+1=332846.4062  sbar_bright_T4c_mid+1=313035.4062  sbar_bright_T4d_mid+1=276441.8125  sbar_bright_T5a_mid+1=123408.4609  sbar_bright_T5b_mid+1=134157.2188  sbar_bright_T5c_mid+1=122590.9141  sbar_bright_T5d_mid+1=134418.0156  sbar_bright_T4a_mid+2=111533.0781  sbar_bright_T4b_mid+2=168782.2969  sbar_bright_T4c_mid+2=125730.6875  sbar_bright_T4d_mid+2=139364.4062  sbar_bright_T5a_mid+2=249292.0156  sbar_bright_T5b_mid+2=232511.2500  sbar_bright_T5c_mid+2=251553.6719  sbar_bright_T5d_mid+2=249782.5312  sbar_bright_T4a_mid-1=2111308.5000  sbar_bright_T4b_mid-1=1592462.2500  sbar_bright_T4c_mid-1=1872054.6250  sbar_bright_T4d_mid-1=2226969.2500  sbar_bright_T5a_mid-1=357253.5000  sbar_bright_T5b_mid-1=353612.3750  sbar_bright_T5c_mid-1=368518.8750  sbar_bright_T5d_mid-1=379308.8750  sbar_bright_T4a_mid-2=513878.4062  sbar_bright_T4b_mid-2=397186.5312  sbar_bright_T4c_mid-2=434821.4688  sbar_bright_T4d_mid-2=471085.4062  sbar_bright_T5b_mid-2=108321.8672  sbar_bright_T5c_mid-2=88056.2891  sbar_bright_T5d_mid-2=106354.0234  sbar_bright_T5a_mid-2=110904.6406  sbar_bright_T4a_mid-1.5=247520.0156  sbar_bright_T4b_mid-1.5=231486.5625  sbar_bright_T4c_mid-1.5=208012.1250  sbar_bright_T4d_mid-1.5=302803.9688  sbar_bright_T5a_mid-1.5=111786.7031  sbar_bright_T5b_mid-1.5=122787.7734  sbar_bright_T5c_mid-1.5=97798.1953  sbar_bright_T5d_mid-1.5=107077.1875  sbar_bright_T4a_mid-0.5=1144662.5000  sbar_bright_T4b_mid-0.5=1209570.8750  sbar_bright_T4c_mid-0.5=1155963.2500  sbar_bright_T4d_mid-0.5=1335097.2500  sbar_bright_T5a_mid-0.5=139555.9844  sbar_bright_T5b_mid-0.5=152367.0000  sbar_bright_T5c_mid-0.5=121516.3906  sbar_bright_T5d_mid-0.5=134607.0156  sbar_bright_T4a_mid+0.5=233164.9062  sbar_bright_T4b_mid+0.5=186471.4531  sbar_bright_T4c_mid+0.5=163481.7500  sbar_bright_T4d_mid+0.5=160354.1875  sbar_bright_T5a_mid+0.5=52360.8086  sbar_bright_T5b_mid+0.5=49936.4414  sbar_bright_T5c_mid+0.5=40563.3516  sbar_bright_T5d_mid+0.5=38008.7383  sbar_bright_T4b_mid+1.5=63244.6953  sbar_bright_T4c_mid+1.5=76893.2578  sbar_bright_T4d_mid+1.5=46599.9883  sbar_bright_T5a_mid+1.5=55632.2344  sbar_bright_T5b_mid+1.5=54884.9297  sbar_bright_T5c_mid+1.5=51871.0820  sbar_bright_T5d_mid+1.5=43272.5898  sbar_bright_T4a_mid+1.5=65670.0078  sbar_dark_T4a_mid+0=113380.0547  sbar_dark_T4b_mid+0=131374.4062  sbar_dark_T4c_mid+0=111242.7812  sbar_dark_T4d_mid+0=116298.3984  sbar_dark_T5a_mid+0=608542.2500  sbar_dark_T5b_mid+0=484656.5000  sbar_dark_T5c_mid+0=457342.7188  sbar_dark_T5d_mid+0=565287.8125  sbar_dark_T4a_mid+1=129788.8203  sbar_dark_T4b_mid+1=46277.7617  sbar_dark_T4c_mid+1=51631.5898  sbar_dark_T4d_mid+1=91416.6797  sbar_dark_T5a_mid+1=228753.1875  sbar_dark_T5b_mid+1=244489.0312  sbar_dark_T5c_mid+1=262104.8750  sbar_dark_T5d_mid+1=208414.0625  sbar_dark_T4a_mid+2=62636.7656  sbar_dark_T4b_mid+2=108881.6797  sbar_dark_T4c_mid+2=87000.8984  sbar_dark_T4d_mid+2=56388.0078  sbar_dark_T5a_mid+2=349557.3438  sbar_dark_T5b_mid+2=326683.8750  sbar_dark_T5c_mid+2=340553.2500  sbar_dark_T5d_mid+2=341398.7500  sbar_dark_T4a_mid-1=241068.7188  sbar_dark_T4b_mid-1=206654.0312  sbar_dark_T4c_mid-1=149100.1094  sbar_dark_T4d_mid-1=160659.1875  sbar_dark_T5a_mid-1=1898369.7500  sbar_dark_T5b_mid-1=1822357.0000  sbar_dark_T5c_mid-1=1856788.7500  sbar_dark_T5d_mid-1=1946483.2500  sbar_dark_T4a_mid-2=75912.8672  sbar_dark_T4b_mid-2=130205.6719  sbar_dark_T4c_mid-2=98319.2109  sbar_dark_T4d_mid-2=71219.0234  sbar_dark_T5b_mid-2=1088967.2500  sbar_dark_T5c_mid-2=946215.1875  sbar_dark_T5d_mid-2=1051008.0000  sbar_dark_T5a_mid-2=1063423.0000  sbar_dark_T4a_mid-1.5=21062.9609  sbar_dark_T4b_mid-1.5=31649.3867  sbar_dark_T4c_mid-1.5=43139.8789  sbar_dark_T4d_mid-1.5=8222.4434  sbar_dark_T5a_mid-1.5=336224.3125  sbar_dark_T5b_mid-1.5=362054.1562  sbar_dark_T5c_mid-1.5=297840.2812  sbar_dark_T5d_mid-1.5=313852.3438  sbar_dark_T4a_mid-0.5=65639.4609  sbar_dark_T4b_mid-0.5=63856.4492  sbar_dark_T4c_mid-0.5=110680.2812  sbar_dark_T4d_mid-0.5=40332.8125  sbar_dark_T5a_mid-0.5=742409.4375  sbar_dark_T5b_mid-0.5=853536.1875  sbar_dark_T5c_mid-0.5=629608.1875  sbar_dark_T5d_mid-0.5=733692.4375  sbar_dark_T4a_mid+0.5=31676.6465  sbar_dark_T4b_mid+0.5=79919.8828  sbar_dark_T4c_mid+0.5=25353.7734  sbar_dark_T4d_mid+0.5=59654.5703  sbar_dark_T5a_mid+0.5=139549.8281  sbar_dark_T5b_mid+0.5=128840.3594  sbar_dark_T5c_mid+0.5=122154.2500  sbar_dark_T5d_mid+0.5=114639.2031  sbar_dark_T4b_mid+1.5=12238.5840  sbar_dark_T4c_mid+1.5=12042.9170  sbar_dark_T4d_mid+1.5=14843.8076  sbar_dark_T5a_mid+1.5=56084.7461  sbar_dark_T5b_mid+1.5=57788.8945  sbar_dark_T5c_mid+1.5=61400.1758  sbar_dark_T5d_mid+1.5=48027.7344  sbar_dark_T4a_mid+1.5=10989.0361]:  63%|██████▎   | 190/300 [02:02<01:10,  1.55it/s] Cost: 444958.4688  [spread_bright_L5=1754245.5000  spread_bright_Mi1=1585572.7500  spread_bright_Tm3=1578698.5000  spread_bright_Mi4=1820654.0000  spread_dark_L1=887721.8125  spread_dark_L2=1134217.0000  spread_dark_L3=2118534.2500  spread_dark_L4=3239681.5000  spread_dark_Mi9=1167134.5000  spread_dark_Tm1=1310016.5000  spread_dark_Tm2=1423501.7500  spread_dark_Tm4=1600045.3750  spread_dark_Tm9=1685203.0000  sbar_bright_T4a_mid+0=457135.9062  sbar_bright_T4b_mid+0=533920.0000  sbar_bright_T4c_mid+0=453467.5625  sbar_bright_T4d_mid+0=574519.2500  sbar_bright_T5a_mid+0=105920.1094  sbar_bright_T5b_mid+0=109703.7188  sbar_bright_T5c_mid+0=134728.6719  sbar_bright_T5d_mid+0=111123.4844  sbar_bright_T4a_mid+1=282313.2812  sbar_bright_T4b_mid+1=341031.3750  sbar_bright_T4c_mid+1=313927.9375  sbar_bright_T4d_mid+1=276899.5312  sbar_bright_T5a_mid+1=129002.2188  sbar_bright_T5b_mid+1=130074.6719  sbar_bright_T5c_mid+1=115102.7031  sbar_bright_T5d_mid+1=126609.5938  sbar_bright_T4a_mid+2=108522.1406  sbar_bright_T4b_mid+2=168510.3125  sbar_bright_T4c_mid+2=132750.2812  sbar_bright_T4d_mid+2=141789.5000  sbar_bright_T5a_mid+2=234206.1406  sbar_bright_T5b_mid+2=219066.2812  sbar_bright_T5c_mid+2=226442.9375  sbar_bright_T5d_mid+2=231917.1719  sbar_bright_T4a_mid-1=2096497.0000  sbar_bright_T4b_mid-1=1591918.7500  sbar_bright_T4c_mid-1=1862187.3750  sbar_bright_T4d_mid-1=2216041.7500  sbar_bright_T5a_mid-1=373332.4688  sbar_bright_T5b_mid-1=373366.2500  sbar_bright_T5c_mid-1=396673.4062  sbar_bright_T5d_mid-1=385305.8125  sbar_bright_T4a_mid-2=491673.0000  sbar_bright_T4b_mid-2=397677.9062  sbar_bright_T4c_mid-2=419876.0625  sbar_bright_T4d_mid-2=469571.3438  sbar_bright_T5b_mid-2=102577.9844  sbar_bright_T5c_mid-2=81845.2266  sbar_bright_T5d_mid-2=101602.4062  sbar_bright_T5a_mid-2=104404.2812  sbar_bright_T4a_mid-1.5=243391.6250  sbar_bright_T4b_mid-1.5=214850.1719  sbar_bright_T4c_mid-1.5=192560.1406  sbar_bright_T4d_mid-1.5=296427.0312  sbar_bright_T5a_mid-1.5=107030.7734  sbar_bright_T5b_mid-1.5=117644.6172  sbar_bright_T5c_mid-1.5=91512.9062  sbar_bright_T5d_mid-1.5=97777.3281  sbar_bright_T4a_mid-0.5=1144956.0000  sbar_bright_T4b_mid-0.5=1201229.6250  sbar_bright_T4c_mid-0.5=1158857.8750  sbar_bright_T4d_mid-0.5=1328114.6250  sbar_bright_T5a_mid-0.5=146425.5156  sbar_bright_T5b_mid-0.5=154370.2188  sbar_bright_T5c_mid-0.5=129357.2109  sbar_bright_T5d_mid-0.5=137065.4219  sbar_bright_T4a_mid+0.5=230204.9531  sbar_bright_T4b_mid+0.5=188031.1094  sbar_bright_T4c_mid+0.5=161375.7656  sbar_bright_T4d_mid+0.5=159165.8594  sbar_bright_T5a_mid+0.5=55328.4766  sbar_bright_T5b_mid+0.5=53176.4805  sbar_bright_T5c_mid+0.5=39796.3398  sbar_bright_T5d_mid+0.5=43047.8672  sbar_bright_T4b_mid+1.5=62836.3906  sbar_bright_T4c_mid+1.5=76667.8125  sbar_bright_T4d_mid+1.5=47180.7109  sbar_bright_T5a_mid+1.5=54110.6406  sbar_bright_T5b_mid+1.5=54624.1641  sbar_bright_T5c_mid+1.5=49163.3281  sbar_bright_T5d_mid+1.5=40221.7148  sbar_bright_T4a_mid+1.5=66279.5469  sbar_dark_T4a_mid+0=111440.2891  sbar_dark_T4b_mid+0=121528.8984  sbar_dark_T4c_mid+0=115930.5547  sbar_dark_T4d_mid+0=111228.9141  sbar_dark_T5a_mid+0=538952.6250  sbar_dark_T5b_mid+0=489072.5938  sbar_dark_T5c_mid+0=378109.0938  sbar_dark_T5d_mid+0=505037.7188  sbar_dark_T4a_mid+1=135971.1094  sbar_dark_T4b_mid+1=52870.0039  sbar_dark_T4c_mid+1=47487.9141  sbar_dark_T4d_mid+1=87532.7656  sbar_dark_T5a_mid+1=240220.6875  sbar_dark_T5b_mid+1=240116.7656  sbar_dark_T5c_mid+1=288785.3750  sbar_dark_T5d_mid+1=201454.0781  sbar_dark_T4a_mid+2=65964.2969  sbar_dark_T4b_mid+2=117435.8594  sbar_dark_T4c_mid+2=86107.9297  sbar_dark_T4d_mid+2=59191.7461  sbar_dark_T5a_mid+2=334175.6562  sbar_dark_T5b_mid+2=307667.5625  sbar_dark_T5c_mid+2=331584.7188  sbar_dark_T5d_mid+2=330558.0625  sbar_dark_T4a_mid-1=246535.1875  sbar_dark_T4b_mid-1=228186.4531  sbar_dark_T4c_mid-1=155245.6719  sbar_dark_T4d_mid-1=163491.6094  sbar_dark_T5a_mid-1=1860113.0000  sbar_dark_T5b_mid-1=1772500.1250  sbar_dark_T5c_mid-1=1787294.5000  sbar_dark_T5d_mid-1=1872698.6250  sbar_dark_T4a_mid-2=81924.8438  sbar_dark_T4b_mid-2=133477.9219  sbar_dark_T4c_mid-2=105798.1953  sbar_dark_T4d_mid-2=78305.6016  sbar_dark_T5b_mid-2=1065083.5000  sbar_dark_T5c_mid-2=908400.9375  sbar_dark_T5d_mid-2=1028794.1875  sbar_dark_T5a_mid-2=1027274.5000  sbar_dark_T4a_mid-1.5=22361.1309  sbar_dark_T4b_mid-1.5=36599.9844  sbar_dark_T4c_mid-1.5=46918.9844  sbar_dark_T4d_mid-1.5=8822.5303  sbar_dark_T5a_mid-1.5=322947.6875  sbar_dark_T5b_mid-1.5=349823.7812  sbar_dark_T5c_mid-1.5=290967.5312  sbar_dark_T5d_mid-1.5=301226.2812  sbar_dark_T4a_mid-0.5=70723.4688  sbar_dark_T4b_mid-0.5=67710.1328  sbar_dark_T4c_mid-0.5=121021.7500  sbar_dark_T4d_mid-0.5=40618.5586  sbar_dark_T5a_mid-0.5=716878.1875  sbar_dark_T5b_mid-0.5=826339.5625  sbar_dark_T5c_mid-0.5=606218.8125  sbar_dark_T5d_mid-0.5=691493.8750  sbar_dark_T4a_mid+0.5=32769.1094  sbar_dark_T4b_mid+0.5=87781.9531  sbar_dark_T4c_mid+0.5=26163.1621  sbar_dark_T4d_mid+0.5=68723.7422  sbar_dark_T5a_mid+0.5=132051.0469  sbar_dark_T5b_mid+0.5=121256.9219  sbar_dark_T5c_mid+0.5=102903.9922  sbar_dark_T5d_mid+0.5=105390.0703  sbar_dark_T4b_mid+1.5=10698.4014  sbar_dark_T4c_mid+1.5=11612.9023  sbar_dark_T4d_mid+1.5=13879.5977  sbar_dark_T5a_mid+1.5=55936.1172  sbar_dark_T5b_mid+1.5=55622.3359  sbar_dark_T5c_mid+1.5=68462.2109  sbar_dark_T5d_mid+1.5=49711.3555  sbar_dark_T4a_mid+1.5=10054.4795]:  67%|██████▋   | 200/300 [02:09<01:04,  1.55it/s] Cost: 439799.1875  [spread_bright_L5=1737551.7500  spread_bright_Mi1=1549266.0000  spread_bright_Tm3=1597574.1250  spread_bright_Mi4=1799575.5000  spread_dark_L1=936505.8750  spread_dark_L2=1108473.2500  spread_dark_L3=2048800.0000  spread_dark_L4=3186192.0000  spread_dark_Mi9=1135652.1250  spread_dark_Tm1=1308176.5000  spread_dark_Tm2=1452987.2500  spread_dark_Tm4=1555989.8750  spread_dark_Tm9=1598889.1250  sbar_bright_T4a_mid+0=446681.5625  sbar_bright_T4b_mid+0=538208.6250  sbar_bright_T4c_mid+0=463869.8125  sbar_bright_T4d_mid+0=552923.1875  sbar_bright_T5a_mid+0=99515.9609  sbar_bright_T5b_mid+0=107493.4141  sbar_bright_T5c_mid+0=129073.2734  sbar_bright_T5d_mid+0=106506.6797  sbar_bright_T4a_mid+1=278406.7500  sbar_bright_T4b_mid+1=326278.9062  sbar_bright_T4c_mid+1=298318.1562  sbar_bright_T4d_mid+1=269653.5938  sbar_bright_T5a_mid+1=140760.8438  sbar_bright_T5b_mid+1=133328.6562  sbar_bright_T5c_mid+1=118588.9766  sbar_bright_T5d_mid+1=125610.2344  sbar_bright_T4a_mid+2=96502.8047  sbar_bright_T4b_mid+2=145220.2188  sbar_bright_T4c_mid+2=121919.8047  sbar_bright_T4d_mid+2=129755.1250  sbar_bright_T5a_mid+2=242999.5469  sbar_bright_T5b_mid+2=232217.7812  sbar_bright_T5c_mid+2=242335.9375  sbar_bright_T5d_mid+2=242698.6094  sbar_bright_T4a_mid-1=2122916.7500  sbar_bright_T4b_mid-1=1611919.7500  sbar_bright_T4c_mid-1=1885238.3750  sbar_bright_T4d_mid-1=2219716.0000  sbar_bright_T5a_mid-1=368590.5625  sbar_bright_T5b_mid-1=373406.3125  sbar_bright_T5c_mid-1=395714.8125  sbar_bright_T5d_mid-1=386106.1562  sbar_bright_T4a_mid-2=473608.0938  sbar_bright_T4b_mid-2=407081.8438  sbar_bright_T4c_mid-2=427341.2500  sbar_bright_T4d_mid-2=470362.8125  sbar_bright_T5b_mid-2=105967.3984  sbar_bright_T5c_mid-2=78508.7266  sbar_bright_T5d_mid-2=102763.1797  sbar_bright_T5a_mid-2=100241.3125  sbar_bright_T4a_mid-1.5=240795.0938  sbar_bright_T4b_mid-1.5=195459.2500  sbar_bright_T4c_mid-1.5=182826.6250  sbar_bright_T4d_mid-1.5=289382.4688  sbar_bright_T5a_mid-1.5=109108.7109  sbar_bright_T5b_mid-1.5=122433.8750  sbar_bright_T5c_mid-1.5=97885.1406  sbar_bright_T5d_mid-1.5=96667.4297  sbar_bright_T4a_mid-0.5=1169471.8750  sbar_bright_T4b_mid-0.5=1196055.5000  sbar_bright_T4c_mid-0.5=1194573.3750  sbar_bright_T4d_mid-0.5=1314770.6250  sbar_bright_T5a_mid-0.5=144282.4375  sbar_bright_T5b_mid-0.5=157652.0000  sbar_bright_T5c_mid-0.5=132183.5469  sbar_bright_T5d_mid-0.5=138460.7969  sbar_bright_T4a_mid+0.5=239014.4219  sbar_bright_T4b_mid+0.5=192325.6719  sbar_bright_T4c_mid+0.5=164361.6094  sbar_bright_T4d_mid+0.5=159609.6250  sbar_bright_T5a_mid+0.5=53872.8984  sbar_bright_T5b_mid+0.5=54458.1719  sbar_bright_T5c_mid+0.5=41762.2305  sbar_bright_T5d_mid+0.5=42146.7852  sbar_bright_T4b_mid+1.5=56988.6094  sbar_bright_T4c_mid+1.5=67974.4141  sbar_bright_T4d_mid+1.5=45672.3047  sbar_bright_T5a_mid+1.5=55342.2070  sbar_bright_T5b_mid+1.5=56600.5000  sbar_bright_T5c_mid+1.5=53893.4883  sbar_bright_T5d_mid+1.5=39661.4375  sbar_bright_T4a_mid+1.5=60547.7188  sbar_dark_T4a_mid+0=91740.6328  sbar_dark_T4b_mid+0=96675.0469  sbar_dark_T4c_mid+0=112056.8594  sbar_dark_T4d_mid+0=102511.9375  sbar_dark_T5a_mid+0=530790.3750  sbar_dark_T5b_mid+0=445975.2812  sbar_dark_T5c_mid+0=334630.5000  sbar_dark_T5d_mid+0=452919.4375  sbar_dark_T4a_mid+1=139177.0781  sbar_dark_T4b_mid+1=46888.9531  sbar_dark_T4c_mid+1=41283.3672  sbar_dark_T4d_mid+1=80470.5156  sbar_dark_T5a_mid+1=264241.6250  sbar_dark_T5b_mid+1=242801.6719  sbar_dark_T5c_mid+1=317494.9688  sbar_dark_T5d_mid+1=216724.0000  sbar_dark_T4a_mid+2=56530.2617  sbar_dark_T4b_mid+2=116466.5000  sbar_dark_T4c_mid+2=78540.3047  sbar_dark_T4d_mid+2=50293.1094  sbar_dark_T5a_mid+2=341036.1250  sbar_dark_T5b_mid+2=316553.4688  sbar_dark_T5c_mid+2=350502.7188  sbar_dark_T5d_mid+2=345166.0938  sbar_dark_T4a_mid-1=228375.7031  sbar_dark_T4b_mid-1=222314.4531  sbar_dark_T4c_mid-1=149262.3438  sbar_dark_T4d_mid-1=169376.9375  sbar_dark_T5a_mid-1=1803017.8750  sbar_dark_T5b_mid-1=1782867.1250  sbar_dark_T5c_mid-1=1724873.2500  sbar_dark_T5d_mid-1=1831499.6250  sbar_dark_T4a_mid-2=79869.1328  sbar_dark_T4b_mid-2=116842.6406  sbar_dark_T4c_mid-2=93127.5234  sbar_dark_T4d_mid-2=79255.4375  sbar_dark_T5b_mid-2=1068885.2500  sbar_dark_T5c_mid-2=859682.5000  sbar_dark_T5d_mid-2=993212.6250  sbar_dark_T5a_mid-2=986454.1250  sbar_dark_T4a_mid-1.5=21382.0527  sbar_dark_T4b_mid-1.5=46917.1836  sbar_dark_T4c_mid-1.5=51148.5664  sbar_dark_T4d_mid-1.5=9977.1641  sbar_dark_T5a_mid-1.5=310692.4062  sbar_dark_T5b_mid-1.5=351278.6250  sbar_dark_T5c_mid-1.5=291249.4688  sbar_dark_T5d_mid-1.5=291727.6250  sbar_dark_T4a_mid-0.5=68800.3516  sbar_dark_T4b_mid-0.5=65341.8945  sbar_dark_T4c_mid-0.5=119359.8828  sbar_dark_T4d_mid-0.5=39854.7930  sbar_dark_T5a_mid-0.5=693527.7500  sbar_dark_T5b_mid-0.5=839493.9375  sbar_dark_T5c_mid-0.5=548189.6875  sbar_dark_T5d_mid-0.5=667242.5625  sbar_dark_T4a_mid+0.5=32740.5723  sbar_dark_T4b_mid+0.5=81403.1797  sbar_dark_T4c_mid+0.5=24142.3457  sbar_dark_T4d_mid+0.5=78096.9609  sbar_dark_T5a_mid+0.5=135090.8750  sbar_dark_T5b_mid+0.5=126641.8281  sbar_dark_T5c_mid+0.5=111486.7578  sbar_dark_T5d_mid+0.5=108143.1406  sbar_dark_T4b_mid+1.5=8116.4126  sbar_dark_T4c_mid+1.5=7998.2490  sbar_dark_T4d_mid+1.5=11865.6719  sbar_dark_T5a_mid+1.5=56778.0391  sbar_dark_T5b_mid+1.5=55071.8359  sbar_dark_T5c_mid+1.5=70999.5234  sbar_dark_T5d_mid+1.5=55414.9062  sbar_dark_T4a_mid+1.5=7675.6357]:            70%|███████   | 210/300 [02:15<00:58,  1.54it/s] Cost: 438870.3125  [spread_bright_L5=1714605.3750  spread_bright_Mi1=1468605.8750  spread_bright_Tm3=1597273.6250  spread_bright_Mi4=1765659.6250  spread_dark_L1=988351.5000  spread_dark_L2=981494.1250  spread_dark_L3=1976217.0000  spread_dark_L4=3163477.7500  spread_dark_Mi9=1196297.5000  spread_dark_Tm1=1281094.5000  spread_dark_Tm2=1444587.3750  spread_dark_Tm4=1558741.8750  spread_dark_Tm9=1786568.3750  sbar_bright_T4a_mid+0=451858.8125  sbar_bright_T4b_mid+0=538852.5625  sbar_bright_T4c_mid+0=476175.4062  sbar_bright_T4d_mid+0=575940.8750  sbar_bright_T5a_mid+0=103327.5781  sbar_bright_T5b_mid+0=105672.7344  sbar_bright_T5c_mid+0=129440.0156  sbar_bright_T5d_mid+0=106158.0703  sbar_bright_T4a_mid+1=281242.0000  sbar_bright_T4b_mid+1=341079.7188  sbar_bright_T4c_mid+1=313665.1562  sbar_bright_T4d_mid+1=280091.1250  sbar_bright_T5a_mid+1=138599.9844  sbar_bright_T5b_mid+1=132527.0625  sbar_bright_T5c_mid+1=114929.6328  sbar_bright_T5d_mid+1=120752.1641  sbar_bright_T4a_mid+2=101189.0781  sbar_bright_T4b_mid+2=161658.2812  sbar_bright_T4c_mid+2=139625.2031  sbar_bright_T4d_mid+2=144456.5312  sbar_bright_T5a_mid+2=239327.9531  sbar_bright_T5b_mid+2=232222.7031  sbar_bright_T5c_mid+2=231972.6719  sbar_bright_T5d_mid+2=237889.1719  sbar_bright_T4a_mid-1=2109128.5000  sbar_bright_T4b_mid-1=1617185.3750  sbar_bright_T4c_mid-1=1857882.7500  sbar_bright_T4d_mid-1=2210036.5000  sbar_bright_T5a_mid-1=359856.2188  sbar_bright_T5b_mid-1=363852.3438  sbar_bright_T5c_mid-1=386408.7500  sbar_bright_T5d_mid-1=370826.6562  sbar_bright_T4a_mid-2=470484.3125  sbar_bright_T4b_mid-2=408168.0312  sbar_bright_T4c_mid-2=434489.0312  sbar_bright_T4d_mid-2=463203.8125  sbar_bright_T5b_mid-2=105765.3281  sbar_bright_T5c_mid-2=77709.8125  sbar_bright_T5d_mid-2=96259.9922  sbar_bright_T5a_mid-2=97973.8359  sbar_bright_T4a_mid-1.5=244045.9219  sbar_bright_T4b_mid-1.5=198537.3906  sbar_bright_T4c_mid-1.5=182768.7188  sbar_bright_T4d_mid-1.5=290077.2812  sbar_bright_T5a_mid-1.5=110607.6484  sbar_bright_T5b_mid-1.5=122948.9844  sbar_bright_T5c_mid-1.5=95166.9766  sbar_bright_T5d_mid-1.5=95836.5938  sbar_bright_T4a_mid-0.5=1168950.2500  sbar_bright_T4b_mid-0.5=1198813.1250  sbar_bright_T4c_mid-0.5=1184297.7500  sbar_bright_T4d_mid-0.5=1313302.2500  sbar_bright_T5a_mid-0.5=139905.5156  sbar_bright_T5b_mid-0.5=157768.5312  sbar_bright_T5c_mid-0.5=124268.2578  sbar_bright_T5d_mid-0.5=137960.2969  sbar_bright_T4a_mid+0.5=243544.0938  sbar_bright_T4b_mid+0.5=203203.4375  sbar_bright_T4c_mid+0.5=172122.5312  sbar_bright_T4d_mid+0.5=158997.5469  sbar_bright_T5a_mid+0.5=51111.5273  sbar_bright_T5b_mid+0.5=51141.8320  sbar_bright_T5c_mid+0.5=39000.3320  sbar_bright_T5d_mid+0.5=40740.2109  sbar_bright_T4b_mid+1.5=56537.0117  sbar_bright_T4c_mid+1.5=69731.1953  sbar_bright_T4d_mid+1.5=43083.7969  sbar_bright_T5a_mid+1.5=54577.1367  sbar_bright_T5b_mid+1.5=57177.6758  sbar_bright_T5c_mid+1.5=51703.7031  sbar_bright_T5d_mid+1.5=38433.1953  sbar_bright_T4a_mid+1.5=61503.7656  sbar_dark_T4a_mid+0=95797.7812  sbar_dark_T4b_mid+0=112086.1406  sbar_dark_T4c_mid+0=106197.7734  sbar_dark_T4d_mid+0=106638.7812  sbar_dark_T5a_mid+0=495065.6250  sbar_dark_T5b_mid+0=420699.8125  sbar_dark_T5c_mid+0=329390.1250  sbar_dark_T5d_mid+0=450776.7500  sbar_dark_T4a_mid+1=124943.6172  sbar_dark_T4b_mid+1=55539.3242  sbar_dark_T4c_mid+1=39004.7070  sbar_dark_T4d_mid+1=76581.5156  sbar_dark_T5a_mid+1=285879.4375  sbar_dark_T5b_mid+1=250268.5156  sbar_dark_T5c_mid+1=331786.3438  sbar_dark_T5d_mid+1=225657.2344  sbar_dark_T4a_mid+2=50541.1172  sbar_dark_T4b_mid+2=118186.4844  sbar_dark_T4c_mid+2=79114.2891  sbar_dark_T4d_mid+2=54484.6797  sbar_dark_T5a_mid+2=348793.9375  sbar_dark_T5b_mid+2=323909.1250  sbar_dark_T5c_mid+2=348675.3125  sbar_dark_T5d_mid+2=352684.5938  sbar_dark_T4a_mid-1=237690.0000  sbar_dark_T4b_mid-1=197743.5625  sbar_dark_T4c_mid-1=141482.0625  sbar_dark_T4d_mid-1=165328.0000  sbar_dark_T5a_mid-1=1783180.8750  sbar_dark_T5b_mid-1=1785297.8750  sbar_dark_T5c_mid-1=1679148.5000  sbar_dark_T5d_mid-1=1826591.3750  sbar_dark_T4a_mid-2=80448.2031  sbar_dark_T4b_mid-2=113084.1172  sbar_dark_T4c_mid-2=93118.7422  sbar_dark_T4d_mid-2=76201.9531  sbar_dark_T5b_mid-2=1073609.3750  sbar_dark_T5c_mid-2=853936.3750  sbar_dark_T5d_mid-2=987376.5625  sbar_dark_T5a_mid-2=977822.3750  sbar_dark_T4a_mid-1.5=21904.2930  sbar_dark_T4b_mid-1.5=45095.6211  sbar_dark_T4c_mid-1.5=55181.6797  sbar_dark_T4d_mid-1.5=11015.5068  sbar_dark_T5a_mid-1.5=319686.6562  sbar_dark_T5b_mid-1.5=355149.9688  sbar_dark_T5c_mid-1.5=297309.3125  sbar_dark_T5d_mid-1.5=299726.2500  sbar_dark_T4a_mid-0.5=67512.6797  sbar_dark_T4b_mid-0.5=59647.4922  sbar_dark_T4c_mid-0.5=114870.8203  sbar_dark_T4d_mid-0.5=44630.7695  sbar_dark_T5a_mid-0.5=699340.7500  sbar_dark_T5b_mid-0.5=852233.3125  sbar_dark_T5c_mid-0.5=531798.3750  sbar_dark_T5d_mid-0.5=679619.8750  sbar_dark_T4a_mid+0.5=34383.2734  sbar_dark_T4b_mid+0.5=79344.7109  sbar_dark_T4c_mid+0.5=19009.6484  sbar_dark_T4d_mid+0.5=71868.0000  sbar_dark_T5a_mid+0.5=135356.2656  sbar_dark_T5b_mid+0.5=128432.4141  sbar_dark_T5c_mid+0.5=106008.1406  sbar_dark_T5d_mid+0.5=117130.7891  sbar_dark_T4b_mid+1.5=11254.5576  sbar_dark_T4c_mid+1.5=8136.6084  sbar_dark_T4d_mid+1.5=13198.7373  sbar_dark_T5a_mid+1.5=58474.1406  sbar_dark_T5b_mid+1.5=58365.5586  sbar_dark_T5c_mid+1.5=74981.1641  sbar_dark_T5d_mid+1.5=61112.3242  sbar_dark_T4a_mid+1.5=7403.9609]:  73%|███████▎  | 220/300 [02:22<00:51,  1.55it/s] Cost: 434607.9688  [spread_bright_L5=1777498.2500  spread_bright_Mi1=1491189.1250  spread_bright_Tm3=1748757.0000  spread_bright_Mi4=1799603.0000  spread_dark_L1=1019649.0625  spread_dark_L2=1020016.5625  spread_dark_L3=1923606.3750  spread_dark_L4=3157558.5000  spread_dark_Mi9=1108996.6250  spread_dark_Tm1=1281112.7500  spread_dark_Tm2=1439460.0000  spread_dark_Tm4=1530541.1250  spread_dark_Tm9=1578418.0000  sbar_bright_T4a_mid+0=421566.5312  sbar_bright_T4b_mid+0=502258.0938  sbar_bright_T4c_mid+0=443859.6562  sbar_bright_T4d_mid+0=543139.3125  sbar_bright_T5a_mid+0=104457.4375  sbar_bright_T5b_mid+0=113605.4219  sbar_bright_T5c_mid+0=132811.6094  sbar_bright_T5d_mid+0=107520.4141  sbar_bright_T4a_mid+1=276413.7500  sbar_bright_T4b_mid+1=323255.8750  sbar_bright_T4c_mid+1=295610.6875  sbar_bright_T4d_mid+1=265627.7188  sbar_bright_T5a_mid+1=140488.2656  sbar_bright_T5b_mid+1=134388.0312  sbar_bright_T5c_mid+1=113384.6875  sbar_bright_T5d_mid+1=121199.6406  sbar_bright_T4a_mid+2=96750.9609  sbar_bright_T4b_mid+2=136534.8438  sbar_bright_T4c_mid+2=120308.6016  sbar_bright_T4d_mid+2=129847.9766  sbar_bright_T5a_mid+2=241331.7031  sbar_bright_T5b_mid+2=234978.4375  sbar_bright_T5c_mid+2=231838.5625  sbar_bright_T5d_mid+2=234985.0625  sbar_bright_T4a_mid-1=2086456.8750  sbar_bright_T4b_mid-1=1593791.6250  sbar_bright_T4c_mid-1=1866460.8750  sbar_bright_T4d_mid-1=2170725.0000  sbar_bright_T5a_mid-1=372482.4375  sbar_bright_T5b_mid-1=379565.6562  sbar_bright_T5c_mid-1=397299.2188  sbar_bright_T5d_mid-1=383234.4688  sbar_bright_T4a_mid-2=450212.5312  sbar_bright_T4b_mid-2=409952.4062  sbar_bright_T4c_mid-2=418459.0625  sbar_bright_T4d_mid-2=453563.7500  sbar_bright_T5b_mid-2=106784.4297  sbar_bright_T5c_mid-2=78891.4844  sbar_bright_T5d_mid-2=100094.0703  sbar_bright_T5a_mid-2=101045.1016  sbar_bright_T4a_mid-1.5=233598.7031  sbar_bright_T4b_mid-1.5=197074.5000  sbar_bright_T4c_mid-1.5=173346.5938  sbar_bright_T4d_mid-1.5=282679.4062  sbar_bright_T5a_mid-1.5=111976.0391  sbar_bright_T5b_mid-1.5=124166.9297  sbar_bright_T5c_mid-1.5=99182.7734  sbar_bright_T5d_mid-1.5=97113.0938  sbar_bright_T4a_mid-0.5=1143348.1250  sbar_bright_T4b_mid-0.5=1183073.8750  sbar_bright_T4c_mid-0.5=1192408.3750  sbar_bright_T4d_mid-0.5=1282311.0000  sbar_bright_T5a_mid-0.5=143321.3125  sbar_bright_T5b_mid-0.5=159909.6094  sbar_bright_T5c_mid-0.5=130438.3750  sbar_bright_T5d_mid-0.5=139226.8438  sbar_bright_T4a_mid+0.5=231291.8750  sbar_bright_T4b_mid+0.5=182359.5156  sbar_bright_T4c_mid+0.5=157042.5938  sbar_bright_T4d_mid+0.5=150052.7031  sbar_bright_T5a_mid+0.5=53160.6562  sbar_bright_T5b_mid+0.5=54185.0898  sbar_bright_T5c_mid+0.5=40570.4609  sbar_bright_T5d_mid+0.5=39674.1367  sbar_bright_T4b_mid+1.5=59687.3672  sbar_bright_T4c_mid+1.5=72724.6719  sbar_bright_T4d_mid+1.5=47158.4492  sbar_bright_T5a_mid+1.5=53306.7305  sbar_bright_T5b_mid+1.5=57052.4922  sbar_bright_T5c_mid+1.5=49554.4336  sbar_bright_T5d_mid+1.5=36508.9531  sbar_bright_T4a_mid+1.5=63886.7070  sbar_dark_T4a_mid+0=89105.8594  sbar_dark_T4b_mid+0=93135.7422  sbar_dark_T4c_mid+0=114821.7812  sbar_dark_T4d_mid+0=105503.2578  sbar_dark_T5a_mid+0=508976.5000  sbar_dark_T5b_mid+0=426571.0625  sbar_dark_T5c_mid+0=363700.5938  sbar_dark_T5d_mid+0=487443.0938  sbar_dark_T4a_mid+1=149567.9844  sbar_dark_T4b_mid+1=44867.3789  sbar_dark_T4c_mid+1=44744.0664  sbar_dark_T4d_mid+1=83438.2734  sbar_dark_T5a_mid+1=304598.0625  sbar_dark_T5b_mid+1=241778.3125  sbar_dark_T5c_mid+1=341414.7188  sbar_dark_T5d_mid+1=217588.9844  sbar_dark_T4a_mid+2=60110.0703  sbar_dark_T4b_mid+2=140815.9844  sbar_dark_T4c_mid+2=78187.7578  sbar_dark_T4d_mid+2=48713.5547  sbar_dark_T5a_mid+2=337659.4375  sbar_dark_T5b_mid+2=316495.2188  sbar_dark_T5c_mid+2=339338.4062  sbar_dark_T5d_mid+2=337457.2500  sbar_dark_T4a_mid-1=225778.6562  sbar_dark_T4b_mid-1=261174.7188  sbar_dark_T4c_mid-1=145726.4062  sbar_dark_T4d_mid-1=169698.7812  sbar_dark_T5a_mid-1=1728664.1250  sbar_dark_T5b_mid-1=1753443.6250  sbar_dark_T5c_mid-1=1628944.7500  sbar_dark_T5d_mid-1=1793195.8750  sbar_dark_T4a_mid-2=85652.6953  sbar_dark_T4b_mid-2=130511.9375  sbar_dark_T4c_mid-2=90619.8438  sbar_dark_T4d_mid-2=76838.9922  sbar_dark_T5b_mid-2=1054903.3750  sbar_dark_T5c_mid-2=825766.4375  sbar_dark_T5d_mid-2=962528.2500  sbar_dark_T5a_mid-2=956453.8750  sbar_dark_T4a_mid-1.5=21563.0234  sbar_dark_T4b_mid-1.5=49848.5859  sbar_dark_T4c_mid-1.5=52550.5156  sbar_dark_T4d_mid-1.5=11168.7568  sbar_dark_T5a_mid-1.5=311141.4062  sbar_dark_T5b_mid-1.5=352065.5000  sbar_dark_T5c_mid-1.5=292492.9375  sbar_dark_T5d_mid-1.5=293200.7188  sbar_dark_T4a_mid-0.5=74006.7266  sbar_dark_T4b_mid-0.5=70380.3984  sbar_dark_T4c_mid-0.5=121954.7891  sbar_dark_T4d_mid-0.5=41906.1484  sbar_dark_T5a_mid-0.5=672272.3125  sbar_dark_T5b_mid-0.5=842662.8750  sbar_dark_T5c_mid-0.5=487251.9688  sbar_dark_T5d_mid-0.5=650495.8750  sbar_dark_T4a_mid+0.5=33510.7617  sbar_dark_T4b_mid+0.5=90936.8203  sbar_dark_T4c_mid+0.5=23099.3125  sbar_dark_T4d_mid+0.5=84033.8906  sbar_dark_T5a_mid+0.5=128339.0000  sbar_dark_T5b_mid+0.5=122349.0859  sbar_dark_T5c_mid+0.5=103581.6250  sbar_dark_T5d_mid+0.5=110171.9141  sbar_dark_T4b_mid+1.5=7684.7690  sbar_dark_T4c_mid+1.5=7893.4082  sbar_dark_T4d_mid+1.5=9698.8018  sbar_dark_T5a_mid+1.5=56981.7773  sbar_dark_T5b_mid+1.5=55639.0547  sbar_dark_T5c_mid+1.5=69849.8203  sbar_dark_T5d_mid+1.5=57702.6328  sbar_dark_T4a_mid+1.5=8069.1133]:  77%|███████▋  | 230/300 [02:28<00:45,  1.55it/s] Cost: 428653.4062  [spread_bright_L5=1793060.8750  spread_bright_Mi1=1421698.2500  spread_bright_Tm3=1571376.7500  spread_bright_Mi4=1732472.2500  spread_dark_L1=999918.8125  spread_dark_L2=937070.5625  spread_dark_L3=1811107.6250  spread_dark_L4=3152421.0000  spread_dark_Mi9=1178310.5000  spread_dark_Tm1=1258368.7500  spread_dark_Tm2=1460850.0000  spread_dark_Tm4=1556149.8750  spread_dark_Tm9=1671203.6250  sbar_bright_T4a_mid+0=418820.6875  sbar_bright_T4b_mid+0=499691.0938  sbar_bright_T4c_mid+0=423263.5312  sbar_bright_T4d_mid+0=531152.2500  sbar_bright_T5a_mid+0=109911.9922  sbar_bright_T5b_mid+0=122348.8828  sbar_bright_T5c_mid+0=142301.5625  sbar_bright_T5d_mid+0=111650.5703  sbar_bright_T4a_mid+1=279196.3750  sbar_bright_T4b_mid+1=331514.2188  sbar_bright_T4c_mid+1=314600.7812  sbar_bright_T4d_mid+1=276739.9375  sbar_bright_T5a_mid+1=141328.5625  sbar_bright_T5b_mid+1=134379.5000  sbar_bright_T5c_mid+1=108099.0547  sbar_bright_T5d_mid+1=118420.0156  sbar_bright_T4a_mid+2=108415.8594  sbar_bright_T4b_mid+2=174729.9531  sbar_bright_T4c_mid+2=139300.9219  sbar_bright_T4d_mid+2=151468.6250  sbar_bright_T5a_mid+2=225257.1719  sbar_bright_T5b_mid+2=223339.9531  sbar_bright_T5c_mid+2=212658.4844  sbar_bright_T5d_mid+2=219467.6250  sbar_bright_T4a_mid-1=2026185.8750  sbar_bright_T4b_mid-1=1496502.5000  sbar_bright_T4c_mid-1=1781868.8750  sbar_bright_T4d_mid-1=2132406.0000  sbar_bright_T5a_mid-1=374421.5312  sbar_bright_T5b_mid-1=386329.3438  sbar_bright_T5c_mid-1=404295.0312  sbar_bright_T5d_mid-1=379068.3750  sbar_bright_T4a_mid-2=431845.3750  sbar_bright_T4b_mid-2=366116.4375  sbar_bright_T4c_mid-2=388022.9688  sbar_bright_T4d_mid-2=432704.9688  sbar_bright_T5b_mid-2=103431.1562  sbar_bright_T5c_mid-2=76111.0547  sbar_bright_T5d_mid-2=92559.3203  sbar_bright_T5a_mid-2=95129.2578  sbar_bright_T4a_mid-1.5=224504.6875  sbar_bright_T4b_mid-1.5=188553.0938  sbar_bright_T4c_mid-1.5=169261.8125  sbar_bright_T4d_mid-1.5=278854.8750  sbar_bright_T5a_mid-1.5=109353.2656  sbar_bright_T5b_mid-1.5=121923.6406  sbar_bright_T5c_mid-1.5=94108.4609  sbar_bright_T5d_mid-1.5=92052.2031  sbar_bright_T4a_mid-0.5=1100652.1250  sbar_bright_T4b_mid-0.5=1138221.5000  sbar_bright_T4c_mid-0.5=1133963.1250  sbar_bright_T4d_mid-0.5=1265877.1250  sbar_bright_T5a_mid-0.5=146472.3750  sbar_bright_T5b_mid-0.5=160635.8281  sbar_bright_T5c_mid-0.5=130861.6719  sbar_bright_T5d_mid-0.5=140004.0469  sbar_bright_T4a_mid+0.5=220313.4531  sbar_bright_T4b_mid+0.5=174999.0938  sbar_bright_T4c_mid+0.5=156176.7500  sbar_bright_T4d_mid+0.5=141208.7656  sbar_bright_T5a_mid+0.5=54724.8789  sbar_bright_T5b_mid+0.5=57746.7227  sbar_bright_T5c_mid+0.5=42655.5586  sbar_bright_T5d_mid+0.5=43458.8008  sbar_bright_T4b_mid+1.5=68198.8594  sbar_bright_T4c_mid+1.5=82468.7266  sbar_bright_T4d_mid+1.5=48892.6914  sbar_bright_T5a_mid+1.5=52005.7031  sbar_bright_T5b_mid+1.5=57548.0430  sbar_bright_T5c_mid+1.5=47112.2812  sbar_bright_T5d_mid+1.5=35855.9844  sbar_bright_T4a_mid+1.5=73724.4531  sbar_dark_T4a_mid+0=108933.1562  sbar_dark_T4b_mid+0=117614.4844  sbar_dark_T4c_mid+0=115390.1484  sbar_dark_T4d_mid+0=114401.8828  sbar_dark_T5a_mid+0=462160.4375  sbar_dark_T5b_mid+0=405793.0938  sbar_dark_T5c_mid+0=355112.3438  sbar_dark_T5d_mid+0=471038.5000  sbar_dark_T4a_mid+1=139060.0625  sbar_dark_T4b_mid+1=59968.8906  sbar_dark_T4c_mid+1=43396.9023  sbar_dark_T4d_mid+1=81916.4922  sbar_dark_T5a_mid+1=315626.1875  sbar_dark_T5b_mid+1=240353.0000  sbar_dark_T5c_mid+1=331972.7500  sbar_dark_T5d_mid+1=212435.9375  sbar_dark_T4a_mid+2=74373.7422  sbar_dark_T4b_mid+2=130936.1562  sbar_dark_T4c_mid+2=92272.9297  sbar_dark_T4d_mid+2=68828.5625  sbar_dark_T5a_mid+2=329566.0938  sbar_dark_T5b_mid+2=308715.1875  sbar_dark_T5c_mid+2=324263.0312  sbar_dark_T5d_mid+2=326077.0000  sbar_dark_T4a_mid-1=267434.6562  sbar_dark_T4b_mid-1=248470.7344  sbar_dark_T4c_mid-1=166582.7969  sbar_dark_T4d_mid-1=176223.0156  sbar_dark_T5a_mid-1=1718098.1250  sbar_dark_T5b_mid-1=1728224.8750  sbar_dark_T5c_mid-1=1619267.8750  sbar_dark_T5d_mid-1=1760937.7500  sbar_dark_T4a_mid-2=101000.7422  sbar_dark_T4b_mid-2=137666.9531  sbar_dark_T4c_mid-2=115346.5234  sbar_dark_T4d_mid-2=97242.6719  sbar_dark_T5b_mid-2=1043440.7500  sbar_dark_T5c_mid-2=824739.4375  sbar_dark_T5d_mid-2=952791.0625  sbar_dark_T5a_mid-2=937953.3125  sbar_dark_T4a_mid-1.5=27183.9883  sbar_dark_T4b_mid-1.5=52886.6445  sbar_dark_T4c_mid-1.5=58963.0742  sbar_dark_T4d_mid-1.5=11970.8975  sbar_dark_T5a_mid-1.5=309930.5312  sbar_dark_T5b_mid-1.5=349543.7500  sbar_dark_T5c_mid-1.5=293121.0312  sbar_dark_T5d_mid-1.5=290235.1875  sbar_dark_T4a_mid-0.5=73172.0234  sbar_dark_T4b_mid-0.5=72965.9453  sbar_dark_T4c_mid-0.5=122400.7344  sbar_dark_T4d_mid-0.5=47651.5938  sbar_dark_T5a_mid-0.5=656911.2500  sbar_dark_T5b_mid-0.5=827682.7500  sbar_dark_T5c_mid-0.5=499624.7500  sbar_dark_T5d_mid-0.5=638620.7500  sbar_dark_T4a_mid+0.5=33627.1992  sbar_dark_T4b_mid+0.5=85533.9375  sbar_dark_T4c_mid+0.5=23556.5879  sbar_dark_T4d_mid+0.5=78300.6719  sbar_dark_T5a_mid+0.5=124294.0547  sbar_dark_T5b_mid+0.5=118174.6875  sbar_dark_T5c_mid+0.5=96957.6875  sbar_dark_T5d_mid+0.5=111913.5781  sbar_dark_T4b_mid+1.5=10784.7402  sbar_dark_T4c_mid+1.5=10948.0098  sbar_dark_T4d_mid+1.5=12817.5996  sbar_dark_T5a_mid+1.5=56740.0938  sbar_dark_T5b_mid+1.5=55453.3477  sbar_dark_T5c_mid+1.5=71016.8984  sbar_dark_T5d_mid+1.5=58387.8672  sbar_dark_T4a_mid+1.5=10147.7188]:  80%|████████  | 240/300 [02:34<00:38,  1.55it/s] Cost: 424980.1875  [spread_bright_L5=1849615.5000  spread_bright_Mi1=1378781.8750  spread_bright_Tm3=1603641.6250  spread_bright_Mi4=1697578.6250  spread_dark_L1=1043089.8125  spread_dark_L2=928007.6250  spread_dark_L3=1739427.7500  spread_dark_L4=3177635.7500  spread_dark_Mi9=1159772.1250  spread_dark_Tm1=1279723.2500  spread_dark_Tm2=1459280.7500  spread_dark_Tm4=1566514.2500  spread_dark_Tm9=1644423.1250  sbar_bright_T4a_mid+0=409880.9688  sbar_bright_T4b_mid+0=501474.1562  sbar_bright_T4c_mid+0=415108.5000  sbar_bright_T4d_mid+0=519659.2812  sbar_bright_T5a_mid+0=112551.8984  sbar_bright_T5b_mid+0=127982.2422  sbar_bright_T5c_mid+0=143553.3281  sbar_bright_T5d_mid+0=113803.5391  sbar_bright_T4a_mid+1=275516.0938  sbar_bright_T4b_mid+1=317540.0938  sbar_bright_T4c_mid+1=302680.7188  sbar_bright_T4d_mid+1=268024.4375  sbar_bright_T5a_mid+1=136099.2969  sbar_bright_T5b_mid+1=133363.0781  sbar_bright_T5c_mid+1=105503.7422  sbar_bright_T5d_mid+1=117726.9375  sbar_bright_T4a_mid+2=106819.8906  sbar_bright_T4b_mid+2=173572.7656  sbar_bright_T4c_mid+2=138742.1562  sbar_bright_T4d_mid+2=145393.7500  sbar_bright_T5a_mid+2=218627.2031  sbar_bright_T5b_mid+2=216750.8750  sbar_bright_T5c_mid+2=207191.6562  sbar_bright_T5d_mid+2=214768.5781  sbar_bright_T4a_mid-1=1983530.3750  sbar_bright_T4b_mid-1=1490218.2500  sbar_bright_T4c_mid-1=1758574.2500  sbar_bright_T4d_mid-1=2109486.0000  sbar_bright_T5a_mid-1=379737.9375  sbar_bright_T5b_mid-1=391167.2812  sbar_bright_T5c_mid-1=409003.8125  sbar_bright_T5d_mid-1=385135.0938  sbar_bright_T4a_mid-2=412295.6250  sbar_bright_T4b_mid-2=360635.1562  sbar_bright_T4c_mid-2=378792.5000  sbar_bright_T4d_mid-2=417983.6250  sbar_bright_T5b_mid-2=99823.8281  sbar_bright_T5c_mid-2=74320.7656  sbar_bright_T5d_mid-2=89102.1250  sbar_bright_T5a_mid-2=91479.9062  sbar_bright_T4a_mid-1.5=220960.4844  sbar_bright_T4b_mid-1.5=182438.7812  sbar_bright_T4c_mid-1.5=165148.4844  sbar_bright_T4d_mid-1.5=271252.5312  sbar_bright_T5a_mid-1.5=108665.8984  sbar_bright_T5b_mid-1.5=120764.6641  sbar_bright_T5c_mid-1.5=93315.8672  sbar_bright_T5d_mid-1.5=91125.8047  sbar_bright_T4a_mid-0.5=1080809.2500  sbar_bright_T4b_mid-0.5=1124356.6250  sbar_bright_T4c_mid-0.5=1125398.5000  sbar_bright_T4d_mid-0.5=1260721.5000  sbar_bright_T5a_mid-0.5=148515.5156  sbar_bright_T5b_mid-0.5=160946.4688  sbar_bright_T5c_mid-0.5=135239.6094  sbar_bright_T5d_mid-0.5=140613.2500  sbar_bright_T4a_mid+0.5=219851.2031  sbar_bright_T4b_mid+0.5=171428.8438  sbar_bright_T4c_mid+0.5=155021.7031  sbar_bright_T4d_mid+0.5=135397.5938  sbar_bright_T5a_mid+0.5=55732.7617  sbar_bright_T5b_mid+0.5=59576.0391  sbar_bright_T5c_mid+0.5=43129.7031  sbar_bright_T5d_mid+0.5=44935.9297  sbar_bright_T4b_mid+1.5=65934.2031  sbar_bright_T4c_mid+1.5=81221.6875  sbar_bright_T4d_mid+1.5=46608.1133  sbar_bright_T5a_mid+1.5=51364.2812  sbar_bright_T5b_mid+1.5=56520.2969  sbar_bright_T5c_mid+1.5=46179.4766  sbar_bright_T5d_mid+1.5=35940.0234  sbar_bright_T4a_mid+1.5=73016.8125  sbar_dark_T4a_mid+0=113592.4766  sbar_dark_T4b_mid+0=113752.7109  sbar_dark_T4c_mid+0=119620.0781  sbar_dark_T4d_mid+0=117246.5000  sbar_dark_T5a_mid+0=458405.6875  sbar_dark_T5b_mid+0=403139.3125  sbar_dark_T5c_mid+0=347457.3125  sbar_dark_T5d_mid+0=457836.7500  sbar_dark_T4a_mid+1=139390.2500  sbar_dark_T4b_mid+1=57903.2578  sbar_dark_T4c_mid+1=43638.5430  sbar_dark_T4d_mid+1=83716.8125  sbar_dark_T5a_mid+1=316456.3438  sbar_dark_T5b_mid+1=237337.7188  sbar_dark_T5c_mid+1=321413.5312  sbar_dark_T5d_mid+1=207167.5781  sbar_dark_T4a_mid+2=76584.1016  sbar_dark_T4b_mid+2=128451.8516  sbar_dark_T4c_mid+2=99472.8281  sbar_dark_T4d_mid+2=65372.2383  sbar_dark_T5a_mid+2=319801.4062  sbar_dark_T5b_mid+2=301780.4375  sbar_dark_T5c_mid+2=316799.3125  sbar_dark_T5d_mid+2=318085.0625  sbar_dark_T4a_mid-1=279658.8438  sbar_dark_T4b_mid-1=240889.8906  sbar_dark_T4c_mid-1=171250.3594  sbar_dark_T4d_mid-1=184284.2188  sbar_dark_T5a_mid-1=1693902.8750  sbar_dark_T5b_mid-1=1699194.2500  sbar_dark_T5c_mid-1=1609235.7500  sbar_dark_T5d_mid-1=1734329.6250  sbar_dark_T4a_mid-2=109847.7969  sbar_dark_T4b_mid-2=133802.7812  sbar_dark_T4c_mid-2=120100.6641  sbar_dark_T4d_mid-2=103272.4219  sbar_dark_T5b_mid-2=1025635.3750  sbar_dark_T5c_mid-2=810262.0000  sbar_dark_T5d_mid-2=934311.8125  sbar_dark_T5a_mid-2=918161.7500  sbar_dark_T4a_mid-1.5=28659.0918  sbar_dark_T4b_mid-1.5=55853.2109  sbar_dark_T4c_mid-1.5=64074.6445  sbar_dark_T4d_mid-1.5=13286.1338  sbar_dark_T5a_mid-1.5=302773.5000  sbar_dark_T5b_mid-1.5=343569.5938  sbar_dark_T5c_mid-1.5=287928.5938  sbar_dark_T5d_mid-1.5=282751.1875  sbar_dark_T4a_mid-0.5=74275.1719  sbar_dark_T4b_mid-0.5=73187.3672  sbar_dark_T4c_mid-0.5=125421.6562  sbar_dark_T4d_mid-0.5=47566.3633  sbar_dark_T5a_mid-0.5=645417.1875  sbar_dark_T5b_mid-0.5=817091.6875  sbar_dark_T5c_mid-0.5=491553.1875  sbar_dark_T5d_mid-0.5=631171.7500  sbar_dark_T4a_mid+0.5=34807.4219  sbar_dark_T4b_mid+0.5=84450.6250  sbar_dark_T4c_mid+0.5=23788.2578  sbar_dark_T4d_mid+0.5=82309.6250  sbar_dark_T5a_mid+0.5=121896.9375  sbar_dark_T5b_mid+0.5=115433.0469  sbar_dark_T5c_mid+0.5=96773.1797  sbar_dark_T5d_mid+0.5=110028.5078  sbar_dark_T4b_mid+1.5=10552.2119  sbar_dark_T4c_mid+1.5=10773.1484  sbar_dark_T4d_mid+1.5=13240.5693  sbar_dark_T5a_mid+1.5=56001.8008  sbar_dark_T5b_mid+1.5=54732.4258  sbar_dark_T5c_mid+1.5=69018.8906  sbar_dark_T5d_mid+1.5=56920.8711  sbar_dark_T4a_mid+1.5=10797.2266]:  83%|████████▎ | 250/300 [02:41<00:32,  1.55it/s] Cost: 421723.3438  [spread_bright_L5=1917700.3750  spread_bright_Mi1=1390160.8750  spread_bright_Tm3=1635327.6250  spread_bright_Mi4=1725122.7500  spread_dark_L1=1068450.0000  spread_dark_L2=887218.9375  spread_dark_L3=1672363.0000  spread_dark_L4=3142371.5000  spread_dark_Mi9=1142824.2500  spread_dark_Tm1=1290823.2500  spread_dark_Tm2=1453624.8750  spread_dark_Tm4=1544681.8750  spread_dark_Tm9=1645259.6250  sbar_bright_T4a_mid+0=401177.0312  sbar_bright_T4b_mid+0=504874.0000  sbar_bright_T4c_mid+0=411454.5312  sbar_bright_T4d_mid+0=519085.3438  sbar_bright_T5a_mid+0=110365.0156  sbar_bright_T5b_mid+0=124749.1562  sbar_bright_T5c_mid+0=142075.6562  sbar_bright_T5d_mid+0=113487.3281  sbar_bright_T4a_mid+1=273163.1875  sbar_bright_T4b_mid+1=313557.8438  sbar_bright_T4c_mid+1=302103.4688  sbar_bright_T4d_mid+1=264690.7188  sbar_bright_T5a_mid+1=132849.0312  sbar_bright_T5b_mid+1=130000.7734  sbar_bright_T5c_mid+1=104037.0078  sbar_bright_T5d_mid+1=115810.6875  sbar_bright_T4a_mid+2=104584.3438  sbar_bright_T4b_mid+2=167452.2812  sbar_bright_T4c_mid+2=138073.7188  sbar_bright_T4d_mid+2=142690.7656  sbar_bright_T5a_mid+2=212759.2188  sbar_bright_T5b_mid+2=211252.6094  sbar_bright_T5c_mid+2=202617.9219  sbar_bright_T5d_mid+2=208541.8594  sbar_bright_T4a_mid-1=1946168.8750  sbar_bright_T4b_mid-1=1495422.8750  sbar_bright_T4c_mid-1=1746753.5000  sbar_bright_T4d_mid-1=2074129.2500  sbar_bright_T5a_mid-1=376815.5938  sbar_bright_T5b_mid-1=388466.0625  sbar_bright_T5c_mid-1=407828.8438  sbar_bright_T5d_mid-1=385453.5938  sbar_bright_T4a_mid-2=393085.9062  sbar_bright_T4b_mid-2=361050.7500  sbar_bright_T4c_mid-2=370013.1562  sbar_bright_T4d_mid-2=410412.1562  sbar_bright_T5b_mid-2=96576.8359  sbar_bright_T5c_mid-2=71808.1250  sbar_bright_T5d_mid-2=84926.2422  sbar_bright_T5a_mid-2=88723.6016  sbar_bright_T4a_mid-1.5=217102.8125  sbar_bright_T4b_mid-1.5=179246.5781  sbar_bright_T4c_mid-1.5=160270.5312  sbar_bright_T4d_mid-1.5=264542.3125  sbar_bright_T5a_mid-1.5=107074.9766  sbar_bright_T5b_mid-1.5=119799.2031  sbar_bright_T5c_mid-1.5=92342.7422  sbar_bright_T5d_mid-1.5=90116.5547  sbar_bright_T4a_mid-0.5=1068528.2500  sbar_bright_T4b_mid-0.5=1119859.2500  sbar_bright_T4c_mid-0.5=1120172.3750  sbar_bright_T4d_mid-0.5=1247956.8750  sbar_bright_T5a_mid-0.5=147405.7656  sbar_bright_T5b_mid-0.5=160543.1406  sbar_bright_T5c_mid-0.5=133480.8594  sbar_bright_T5d_mid-0.5=139995.2344  sbar_bright_T4a_mid+0.5=215744.5625  sbar_bright_T4b_mid+0.5=169349.0312  sbar_bright_T4c_mid+0.5=150064.9062  sbar_bright_T4d_mid+0.5=132225.0000  sbar_bright_T5a_mid+0.5=54682.5703  sbar_bright_T5b_mid+0.5=58560.7656  sbar_bright_T5c_mid+0.5=41826.5156  sbar_bright_T5d_mid+0.5=45009.2109  sbar_bright_T4b_mid+1.5=63680.3320  sbar_bright_T4c_mid+1.5=82899.8047  sbar_bright_T4d_mid+1.5=45793.1172  sbar_bright_T5a_mid+1.5=50262.6953  sbar_bright_T5b_mid+1.5=55270.5352  sbar_bright_T5c_mid+1.5=45134.0273  sbar_bright_T5d_mid+1.5=34676.5586  sbar_bright_T4a_mid+1.5=74329.9922  sbar_dark_T4a_mid+0=110799.8047  sbar_dark_T4b_mid+0=104897.7500  sbar_dark_T4c_mid+0=117588.0391  sbar_dark_T4d_mid+0=114936.7188  sbar_dark_T5a_mid+0=460923.9375  sbar_dark_T5b_mid+0=407582.5000  sbar_dark_T5c_mid+0=353288.0938  sbar_dark_T5d_mid+0=459689.6875  sbar_dark_T4a_mid+1=145859.5312  sbar_dark_T4b_mid+1=53112.9102  sbar_dark_T4c_mid+1=43969.8008  sbar_dark_T4d_mid+1=85514.3281  sbar_dark_T5a_mid+1=335351.1250  sbar_dark_T5b_mid+1=235742.2500  sbar_dark_T5c_mid+1=323044.5312  sbar_dark_T5d_mid+1=206337.7656  sbar_dark_T4a_mid+2=77794.5938  sbar_dark_T4b_mid+2=125498.4375  sbar_dark_T4c_mid+2=97611.7031  sbar_dark_T4d_mid+2=64961.9727  sbar_dark_T5a_mid+2=318173.6875  sbar_dark_T5b_mid+2=299670.4062  sbar_dark_T5c_mid+2=312978.6250  sbar_dark_T5d_mid+2=311576.1875  sbar_dark_T4a_mid-1=292405.5938  sbar_dark_T4b_mid-1=243458.0312  sbar_dark_T4c_mid-1=167412.9219  sbar_dark_T4d_mid-1=186103.5781  sbar_dark_T5a_mid-1=1663934.3750  sbar_dark_T5b_mid-1=1665538.6250  sbar_dark_T5c_mid-1=1593541.3750  sbar_dark_T5d_mid-1=1702871.7500  sbar_dark_T4a_mid-2=115386.9062  sbar_dark_T4b_mid-2=136130.6719  sbar_dark_T4c_mid-2=122178.3047  sbar_dark_T4d_mid-2=105727.9531  sbar_dark_T5b_mid-2=1005589.3750  sbar_dark_T5c_mid-2=790583.3750  sbar_dark_T5d_mid-2=911591.9375  sbar_dark_T5a_mid-2=896038.1875  sbar_dark_T4a_mid-1.5=29100.9766  sbar_dark_T4b_mid-1.5=57317.9141  sbar_dark_T4c_mid-1.5=66574.6562  sbar_dark_T4d_mid-1.5=14384.2822  sbar_dark_T5a_mid-1.5=296607.4375  sbar_dark_T5b_mid-1.5=339919.0625  sbar_dark_T5c_mid-1.5=279929.4688  sbar_dark_T5d_mid-1.5=276703.1250  sbar_dark_T4a_mid-0.5=79012.4922  sbar_dark_T4b_mid-0.5=71528.6250  sbar_dark_T4c_mid-0.5=128076.3828  sbar_dark_T4d_mid-0.5=48667.5391  sbar_dark_T5a_mid-0.5=632523.8750  sbar_dark_T5b_mid-0.5=808088.5000  sbar_dark_T5c_mid-0.5=485814.1250  sbar_dark_T5d_mid-0.5=623184.7500  sbar_dark_T4a_mid+0.5=36264.8281  sbar_dark_T4b_mid+0.5=87146.3594  sbar_dark_T4c_mid+0.5=22760.5586  sbar_dark_T4d_mid+0.5=86995.7578  sbar_dark_T5a_mid+0.5=121102.1562  sbar_dark_T5b_mid+0.5=112596.6094  sbar_dark_T5c_mid+0.5=96411.6016  sbar_dark_T5d_mid+0.5=110406.2812  sbar_dark_T4b_mid+1.5=8703.1309  sbar_dark_T4c_mid+1.5=11104.5918  sbar_dark_T4d_mid+1.5=12544.0547  sbar_dark_T5a_mid+1.5=56978.4805  sbar_dark_T5b_mid+1.5=55238.2227  sbar_dark_T5c_mid+1.5=69198.0469  sbar_dark_T5d_mid+1.5=56252.3281  sbar_dark_T4a_mid+1.5=11044.7051]:   87%|████████▋ | 260/300 [02:47<00:25,  1.55it/s] Cost: 418518.0938  [spread_bright_L5=1925227.0000  spread_bright_Mi1=1365444.8750  spread_bright_Tm3=1611490.6250  spread_bright_Mi4=1740695.2500  spread_dark_L1=1094481.6250  spread_dark_L2=864929.0625  spread_dark_L3=1599674.7500  spread_dark_L4=3126683.7500  spread_dark_Mi9=1153081.2500  spread_dark_Tm1=1282738.2500  spread_dark_Tm2=1440984.1250  spread_dark_Tm4=1534336.2500  spread_dark_Tm9=1673352.5000  sbar_bright_T4a_mid+0=391174.4688  sbar_bright_T4b_mid+0=494374.7188  sbar_bright_T4c_mid+0=402701.5000  sbar_bright_T4d_mid+0=515551.8438  sbar_bright_T5a_mid+0=112007.5078  sbar_bright_T5b_mid+0=128198.7812  sbar_bright_T5c_mid+0=144975.0469  sbar_bright_T5d_mid+0=114180.1250  sbar_bright_T4a_mid+1=270283.0000  sbar_bright_T4b_mid+1=308843.1250  sbar_bright_T4c_mid+1=300345.2500  sbar_bright_T4d_mid+1=261064.7969  sbar_bright_T5a_mid+1=128769.2969  sbar_bright_T5b_mid+1=129882.0781  sbar_bright_T5c_mid+1=101924.1797  sbar_bright_T5d_mid+1=115081.3281  sbar_bright_T4a_mid+2=102963.2656  sbar_bright_T4b_mid+2=166316.3906  sbar_bright_T4c_mid+2=137155.4375  sbar_bright_T4d_mid+2=143108.8750  sbar_bright_T5a_mid+2=206969.2188  sbar_bright_T5b_mid+2=208284.3438  sbar_bright_T5c_mid+2=196210.3281  sbar_bright_T5d_mid+2=201100.0625  sbar_bright_T4a_mid-1=1917476.5000  sbar_bright_T4b_mid-1=1476031.0000  sbar_bright_T4c_mid-1=1726714.1250  sbar_bright_T4d_mid-1=2049293.1250  sbar_bright_T5a_mid-1=380635.1562  sbar_bright_T5b_mid-1=393828.1562  sbar_bright_T5c_mid-1=411358.1875  sbar_bright_T5d_mid-1=387993.7812  sbar_bright_T4a_mid-2=378840.4688  sbar_bright_T4b_mid-2=354168.5625  sbar_bright_T4c_mid-2=359029.1875  sbar_bright_T4d_mid-2=402518.3750  sbar_bright_T5b_mid-2=95054.8438  sbar_bright_T5c_mid-2=70775.9297  sbar_bright_T5d_mid-2=81466.0000  sbar_bright_T5a_mid-2=86317.5312  sbar_bright_T4a_mid-1.5=214703.9062  sbar_bright_T4b_mid-1.5=173968.8438  sbar_bright_T4c_mid-1.5=154761.8281  sbar_bright_T4d_mid-1.5=260032.5781  sbar_bright_T5a_mid-1.5=106541.4219  sbar_bright_T5b_mid-1.5=119380.8359  sbar_bright_T5c_mid-1.5=92457.3516  sbar_bright_T5d_mid-1.5=88810.0000  sbar_bright_T4a_mid-0.5=1067262.7500  sbar_bright_T4b_mid-0.5=1107859.0000  sbar_bright_T4c_mid-0.5=1114403.3750  sbar_bright_T4d_mid-0.5=1240088.5000  sbar_bright_T5a_mid-0.5=148706.5469  sbar_bright_T5b_mid-0.5=160718.5312  sbar_bright_T5c_mid-0.5=135417.3281  sbar_bright_T5d_mid-0.5=140387.3125  sbar_bright_T4a_mid+0.5=218522.3438  sbar_bright_T4b_mid+0.5=167988.3438  sbar_bright_T4c_mid+0.5=147816.4688  sbar_bright_T4d_mid+0.5=129863.5625  sbar_bright_T5a_mid+0.5=54981.4883  sbar_bright_T5b_mid+0.5=59489.6055  sbar_bright_T5c_mid+0.5=42537.5039  sbar_bright_T5d_mid+0.5=46384.8672  sbar_bright_T4b_mid+1.5=62300.4219  sbar_bright_T4c_mid+1.5=81283.1562  sbar_bright_T4d_mid+1.5=44383.0820  sbar_bright_T5a_mid+1.5=49218.9453  sbar_bright_T5b_mid+1.5=54698.1562  sbar_bright_T5c_mid+1.5=43828.3242  sbar_bright_T5d_mid+1.5=33922.3164  sbar_bright_T4a_mid+1.5=72349.9688  sbar_dark_T4a_mid+0=112241.3047  sbar_dark_T4b_mid+0=107997.1797  sbar_dark_T4c_mid+0=119201.7969  sbar_dark_T4d_mid+0=115631.8438  sbar_dark_T5a_mid+0=455247.8750  sbar_dark_T5b_mid+0=390440.6875  sbar_dark_T5c_mid+0=353642.5312  sbar_dark_T5d_mid+0=458894.7188  sbar_dark_T4a_mid+1=147102.6719  sbar_dark_T4b_mid+1=54466.2734  sbar_dark_T4c_mid+1=44790.6836  sbar_dark_T4d_mid+1=85956.1562  sbar_dark_T5a_mid+1=339222.5625  sbar_dark_T5b_mid+1=235371.7969  sbar_dark_T5c_mid+1=319689.5312  sbar_dark_T5d_mid+1=205152.7344  sbar_dark_T4a_mid+2=79601.6406  sbar_dark_T4b_mid+2=131424.5469  sbar_dark_T4c_mid+2=99509.1875  sbar_dark_T4d_mid+2=68340.4219  sbar_dark_T5a_mid+2=311624.7500  sbar_dark_T5b_mid+2=296276.7812  sbar_dark_T5c_mid+2=304120.5312  sbar_dark_T5d_mid+2=301542.4062  sbar_dark_T4a_mid-1=306835.4062  sbar_dark_T4b_mid-1=250685.2812  sbar_dark_T4c_mid-1=170637.6719  sbar_dark_T4d_mid-1=188572.4375  sbar_dark_T5a_mid-1=1641492.0000  sbar_dark_T5b_mid-1=1648556.3750  sbar_dark_T5c_mid-1=1570849.5000  sbar_dark_T5d_mid-1=1671485.7500  sbar_dark_T4a_mid-2=123110.0156  sbar_dark_T4b_mid-2=141505.3750  sbar_dark_T4c_mid-2=132095.7188  sbar_dark_T4d_mid-2=111350.8750  sbar_dark_T5b_mid-2=994097.2500  sbar_dark_T5c_mid-2=774578.9375  sbar_dark_T5d_mid-2=891759.9375  sbar_dark_T5a_mid-2=880892.9375  sbar_dark_T4a_mid-1.5=30219.5547  sbar_dark_T4b_mid-1.5=60839.8125  sbar_dark_T4c_mid-1.5=71583.8047  sbar_dark_T4d_mid-1.5=15661.6172  sbar_dark_T5a_mid-1.5=291608.5000  sbar_dark_T5b_mid-1.5=336951.5000  sbar_dark_T5c_mid-1.5=276038.2188  sbar_dark_T5d_mid-1.5=269927.3750  sbar_dark_T4a_mid-0.5=79162.5703  sbar_dark_T4b_mid-0.5=73743.3516  sbar_dark_T4c_mid-0.5=130140.2109  sbar_dark_T4d_mid-0.5=50713.8555  sbar_dark_T5a_mid-0.5=624486.0625  sbar_dark_T5b_mid-0.5=802713.3125  sbar_dark_T5c_mid-0.5=481513.3125  sbar_dark_T5d_mid-0.5=619247.7500  sbar_dark_T4a_mid+0.5=37280.3125  sbar_dark_T4b_mid+0.5=89949.8359  sbar_dark_T4c_mid+0.5=23345.8398  sbar_dark_T4d_mid+0.5=88214.7422  sbar_dark_T5a_mid+0.5=118898.9688  sbar_dark_T5b_mid+0.5=111851.5781  sbar_dark_T5c_mid+0.5=94887.9844  sbar_dark_T5d_mid+0.5=110161.5469  sbar_dark_T4b_mid+1.5=8663.0479  sbar_dark_T4c_mid+1.5=11502.7383  sbar_dark_T4d_mid+1.5=13104.4268  sbar_dark_T5a_mid+1.5=56665.7969  sbar_dark_T5b_mid+1.5=55265.2891  sbar_dark_T5c_mid+1.5=68932.9609  sbar_dark_T5d_mid+1.5=56087.2383  sbar_dark_T4a_mid+1.5=10830.1221]:   90%|█████████ | 270/300 [02:54<00:19,  1.55it/s] Cost: 415247.6562  [spread_bright_L5=1933941.8750  spread_bright_Mi1=1395560.1250  spread_bright_Tm3=1635807.1250  spread_bright_Mi4=1751573.7500  spread_dark_L1=1121532.3750  spread_dark_L2=837800.1875  spread_dark_L3=1526495.0000  spread_dark_L4=3112674.7500  spread_dark_Mi9=1141883.3750  spread_dark_Tm1=1283881.6250  spread_dark_Tm2=1420130.0000  spread_dark_Tm4=1517238.6250  spread_dark_Tm9=1672529.3750  sbar_bright_T4a_mid+0=378969.1250  sbar_bright_T4b_mid+0=483616.4688  sbar_bright_T4c_mid+0=388243.9062  sbar_bright_T4d_mid+0=502919.0000  sbar_bright_T5a_mid+0=112439.3359  sbar_bright_T5b_mid+0=130374.0234  sbar_bright_T5c_mid+0=146687.1875  sbar_bright_T5d_mid+0=114983.4766  sbar_bright_T4a_mid+1=273611.6250  sbar_bright_T4b_mid+1=310452.4688  sbar_bright_T4c_mid+1=303456.5000  sbar_bright_T4d_mid+1=266028.5625  sbar_bright_T5a_mid+1=125887.0781  sbar_bright_T5b_mid+1=129041.9688  sbar_bright_T5c_mid+1=99049.1250  sbar_bright_T5d_mid+1=113674.2734  sbar_bright_T4a_mid+2=103682.3906  sbar_bright_T4b_mid+2=168873.1250  sbar_bright_T4c_mid+2=140326.7969  sbar_bright_T4d_mid+2=145908.6250  sbar_bright_T5a_mid+2=201110.7969  sbar_bright_T5b_mid+2=204619.2656  sbar_bright_T5c_mid+2=188761.5469  sbar_bright_T5d_mid+2=193490.8906  sbar_bright_T4a_mid-1=1893351.0000  sbar_bright_T4b_mid-1=1455450.2500  sbar_bright_T4c_mid-1=1711255.8750  sbar_bright_T4d_mid-1=2023887.1250  sbar_bright_T5a_mid-1=381386.5938  sbar_bright_T5b_mid-1=396316.7188  sbar_bright_T5c_mid-1=412978.1875  sbar_bright_T5d_mid-1=388976.0000  sbar_bright_T4a_mid-2=367449.2812  sbar_bright_T4b_mid-2=346851.7500  sbar_bright_T4c_mid-2=349580.5938  sbar_bright_T4d_mid-2=394715.0000  sbar_bright_T5b_mid-2=93091.6719  sbar_bright_T5c_mid-2=68023.0938  sbar_bright_T5d_mid-2=77443.7500  sbar_bright_T5a_mid-2=83574.4453  sbar_bright_T4a_mid-1.5=212251.1250  sbar_bright_T4b_mid-1.5=169820.6562  sbar_bright_T4c_mid-1.5=151044.7812  sbar_bright_T4d_mid-1.5=253623.1875  sbar_bright_T5a_mid-1.5=105544.0312  sbar_bright_T5b_mid-1.5=118608.2500  sbar_bright_T5c_mid-1.5=91889.5703  sbar_bright_T5d_mid-1.5=88171.3203  sbar_bright_T4a_mid-0.5=1061991.7500  sbar_bright_T4b_mid-0.5=1094689.5000  sbar_bright_T4c_mid-0.5=1106069.7500  sbar_bright_T4d_mid-0.5=1236656.7500  sbar_bright_T5a_mid-0.5=148741.9531  sbar_bright_T5b_mid-0.5=160493.8125  sbar_bright_T5c_mid-0.5=136830.4531  sbar_bright_T5d_mid-0.5=140186.2656  sbar_bright_T4a_mid+0.5=218802.0000  sbar_bright_T4b_mid+0.5=165025.8750  sbar_bright_T4c_mid+0.5=146891.6875  sbar_bright_T4d_mid+0.5=128718.9922  sbar_bright_T5a_mid+0.5=54568.3867  sbar_bright_T5b_mid+0.5=59452.8242  sbar_bright_T5c_mid+0.5=43210.3984  sbar_bright_T5d_mid+0.5=46712.3008  sbar_bright_T4b_mid+1.5=64462.2500  sbar_bright_T4c_mid+1.5=85055.1016  sbar_bright_T4d_mid+1.5=45818.4844  sbar_bright_T5a_mid+1.5=47559.1953  sbar_bright_T5b_mid+1.5=53980.1445  sbar_bright_T5c_mid+1.5=42547.1367  sbar_bright_T5d_mid+1.5=33190.8984  sbar_bright_T4a_mid+1.5=73710.0391  sbar_dark_T4a_mid+0=107449.1406  sbar_dark_T4b_mid+0=109852.6094  sbar_dark_T4c_mid+0=120463.9844  sbar_dark_T4d_mid+0=113606.6562  sbar_dark_T5a_mid+0=439808.7188  sbar_dark_T5b_mid+0=367968.7500  sbar_dark_T5c_mid+0=350784.5000  sbar_dark_T5d_mid+0=449855.4688  sbar_dark_T4a_mid+1=149538.3594  sbar_dark_T4b_mid+1=54094.1758  sbar_dark_T4c_mid+1=45694.1875  sbar_dark_T4d_mid+1=88720.8438  sbar_dark_T5a_mid+1=341490.6250  sbar_dark_T5b_mid+1=235062.7344  sbar_dark_T5c_mid+1=313111.1562  sbar_dark_T5d_mid+1=203624.0156  sbar_dark_T4a_mid+2=78931.6953  sbar_dark_T4b_mid+2=136111.9062  sbar_dark_T4c_mid+2=98348.6094  sbar_dark_T4d_mid+2=68091.8047  sbar_dark_T5a_mid+2=307851.7812  sbar_dark_T5b_mid+2=293757.9688  sbar_dark_T5c_mid+2=295591.5000  sbar_dark_T5d_mid+2=292401.5938  sbar_dark_T4a_mid-1=314951.8125  sbar_dark_T4b_mid-1=253937.8281  sbar_dark_T4c_mid-1=170828.6875  sbar_dark_T4d_mid-1=192540.4375  sbar_dark_T5a_mid-1=1620795.3750  sbar_dark_T5b_mid-1=1638825.1250  sbar_dark_T5c_mid-1=1541197.6250  sbar_dark_T5d_mid-1=1642812.2500  sbar_dark_T4a_mid-2=125033.5469  sbar_dark_T4b_mid-2=145148.8594  sbar_dark_T4c_mid-2=138215.0156  sbar_dark_T4d_mid-2=114728.5391  sbar_dark_T5b_mid-2=983424.1250  sbar_dark_T5c_mid-2=752691.3125  sbar_dark_T5d_mid-2=870826.3125  sbar_dark_T5a_mid-2=866501.2500  sbar_dark_T4a_mid-1.5=30116.7500  sbar_dark_T4b_mid-1.5=62961.1523  sbar_dark_T4c_mid-1.5=72805.5078  sbar_dark_T4d_mid-1.5=16798.7129  sbar_dark_T5a_mid-1.5=286025.7188  sbar_dark_T5b_mid-1.5=334075.2188  sbar_dark_T5c_mid-1.5=272523.4375  sbar_dark_T5d_mid-1.5=263321.3125  sbar_dark_T4a_mid-0.5=79618.2500  sbar_dark_T4b_mid-0.5=75208.9922  sbar_dark_T4c_mid-0.5=134793.9375  sbar_dark_T4d_mid-0.5=49943.0234  sbar_dark_T5a_mid-0.5=617208.1250  sbar_dark_T5b_mid-0.5=800045.8750  sbar_dark_T5c_mid-0.5=470947.3438  sbar_dark_T5d_mid-0.5=618737.6250  sbar_dark_T4a_mid+0.5=39462.8633  sbar_dark_T4b_mid+0.5=92873.6953  sbar_dark_T4c_mid+0.5=24144.3066  sbar_dark_T4d_mid+0.5=92851.6797  sbar_dark_T5a_mid+0.5=117582.9688  sbar_dark_T5b_mid+0.5=110910.7891  sbar_dark_T5c_mid+0.5=94813.0625  sbar_dark_T5d_mid+0.5=108530.1953  sbar_dark_T4b_mid+1.5=8941.5762  sbar_dark_T4c_mid+1.5=11805.9580  sbar_dark_T4d_mid+1.5=12844.7324  sbar_dark_T5a_mid+1.5=57216.1211  sbar_dark_T5b_mid+1.5=56112.4570  sbar_dark_T5c_mid+1.5=69811.2969  sbar_dark_T5d_mid+1.5=57179.8086  sbar_dark_T4a_mid+1.5=11097.8418]:   93%|█████████▎| 280/300 [03:00<00:12,  1.55it/s] Cost: 412279.8750  [spread_bright_L5=1951321.2500  spread_bright_Mi1=1325201.5000  spread_bright_Tm3=1567856.6250  spread_bright_Mi4=1754494.1250  spread_dark_L1=1146420.8750  spread_dark_L2=815358.0000  spread_dark_L3=1447719.1250  spread_dark_L4=3038483.0000  spread_dark_Mi9=1119772.0000  spread_dark_Tm1=1279615.7500  spread_dark_Tm2=1417975.8750  spread_dark_Tm4=1496805.3750  spread_dark_Tm9=1663448.7500  sbar_bright_T4a_mid+0=386966.3125  sbar_bright_T4b_mid+0=496523.6250  sbar_bright_T4c_mid+0=395259.4062  sbar_bright_T4d_mid+0=508744.8125  sbar_bright_T5a_mid+0=112040.2891  sbar_bright_T5b_mid+0=130820.2812  sbar_bright_T5c_mid+0=148884.6875  sbar_bright_T5d_mid+0=116389.7578  sbar_bright_T4a_mid+1=271635.0000  sbar_bright_T4b_mid+1=310600.5000  sbar_bright_T4c_mid+1=299757.6250  sbar_bright_T4d_mid+1=265963.0312  sbar_bright_T5a_mid+1=121345.1484  sbar_bright_T5b_mid+1=128009.9375  sbar_bright_T5c_mid+1=98291.8438  sbar_bright_T5d_mid+1=112674.1328  sbar_bright_T4a_mid+2=103416.0938  sbar_bright_T4b_mid+2=169304.3594  sbar_bright_T4c_mid+2=139318.2500  sbar_bright_T4d_mid+2=148062.7344  sbar_bright_T5a_mid+2=198577.8750  sbar_bright_T5b_mid+2=201766.7656  sbar_bright_T5c_mid+2=184555.7344  sbar_bright_T5d_mid+2=190066.0469  sbar_bright_T4a_mid-1=1887882.2500  sbar_bright_T4b_mid-1=1457222.6250  sbar_bright_T4c_mid-1=1704903.6250  sbar_bright_T4d_mid-1=2011876.3750  sbar_bright_T5a_mid-1=384257.6250  sbar_bright_T5b_mid-1=399276.3125  sbar_bright_T5c_mid-1=418574.8125  sbar_bright_T5d_mid-1=392859.9062  sbar_bright_T4a_mid-2=355702.3125  sbar_bright_T4b_mid-2=345962.5625  sbar_bright_T4c_mid-2=345488.0938  sbar_bright_T4d_mid-2=393316.9375  sbar_bright_T5b_mid-2=91765.5156  sbar_bright_T5c_mid-2=68173.5000  sbar_bright_T5d_mid-2=77122.8984  sbar_bright_T5a_mid-2=82783.9609  sbar_bright_T4a_mid-1.5=209428.6875  sbar_bright_T4b_mid-1.5=167189.7656  sbar_bright_T4c_mid-1.5=148096.0000  sbar_bright_T4d_mid-1.5=249154.8438  sbar_bright_T5a_mid-1.5=105067.3359  sbar_bright_T5b_mid-1.5=118181.4688  sbar_bright_T5c_mid-1.5=92414.2578  sbar_bright_T5d_mid-1.5=88079.4531  sbar_bright_T4a_mid-0.5=1062785.8750  sbar_bright_T4b_mid-0.5=1090138.2500  sbar_bright_T4c_mid-0.5=1099840.1250  sbar_bright_T4d_mid-0.5=1235141.0000  sbar_bright_T5a_mid-0.5=149012.1094  sbar_bright_T5b_mid-0.5=160185.3438  sbar_bright_T5c_mid-0.5=139369.4844  sbar_bright_T5d_mid-0.5=140645.6562  sbar_bright_T4a_mid+0.5=223035.7188  sbar_bright_T4b_mid+0.5=166879.7031  sbar_bright_T4c_mid+0.5=151062.5781  sbar_bright_T4d_mid+0.5=127525.5859  sbar_bright_T5a_mid+0.5=54392.4219  sbar_bright_T5b_mid+0.5=59282.2148  sbar_bright_T5c_mid+0.5=42994.1992  sbar_bright_T5d_mid+0.5=45788.1016  sbar_bright_T4b_mid+1.5=64821.1836  sbar_bright_T4c_mid+1.5=85195.9844  sbar_bright_T4d_mid+1.5=46074.1445  sbar_bright_T5a_mid+1.5=46746.9844  sbar_bright_T5b_mid+1.5=53732.8672  sbar_bright_T5c_mid+1.5=41107.8242  sbar_bright_T5d_mid+1.5=32672.7656  sbar_bright_T4a_mid+1.5=74412.4453  sbar_dark_T4a_mid+0=109994.4844  sbar_dark_T4b_mid+0=110259.7031  sbar_dark_T4c_mid+0=124427.4219  sbar_dark_T4d_mid+0=121473.3281  sbar_dark_T5a_mid+0=444513.2188  sbar_dark_T5b_mid+0=371901.1562  sbar_dark_T5c_mid+0=371537.9688  sbar_dark_T5d_mid+0=470303.0312  sbar_dark_T4a_mid+1=151875.7969  sbar_dark_T4b_mid+1=55855.6680  sbar_dark_T4c_mid+1=46257.7617  sbar_dark_T4d_mid+1=92606.4219  sbar_dark_T5a_mid+1=336438.7188  sbar_dark_T5b_mid+1=232694.4375  sbar_dark_T5c_mid+1=307036.9375  sbar_dark_T5d_mid+1=199293.6406  sbar_dark_T4a_mid+2=81032.6250  sbar_dark_T4b_mid+2=135396.1094  sbar_dark_T4c_mid+2=100210.5938  sbar_dark_T4d_mid+2=70951.4062  sbar_dark_T5a_mid+2=306068.0938  sbar_dark_T5b_mid+2=290413.0625  sbar_dark_T5c_mid+2=288078.5312  sbar_dark_T5d_mid+2=285855.5938  sbar_dark_T4a_mid-1=329731.7500  sbar_dark_T4b_mid-1=261439.0000  sbar_dark_T4c_mid-1=176701.5938  sbar_dark_T4d_mid-1=194747.9062  sbar_dark_T5a_mid-1=1602331.6250  sbar_dark_T5b_mid-1=1613033.5000  sbar_dark_T5c_mid-1=1502173.6250  sbar_dark_T5d_mid-1=1612676.2500  sbar_dark_T4a_mid-2=129810.1875  sbar_dark_T4b_mid-2=148667.4688  sbar_dark_T4c_mid-2=144124.6875  sbar_dark_T4d_mid-2=121475.0156  sbar_dark_T5b_mid-2=970620.3750  sbar_dark_T5c_mid-2=736787.0000  sbar_dark_T5d_mid-2=857506.0625  sbar_dark_T5a_mid-2=860285.5000  sbar_dark_T4a_mid-1.5=31563.1895  sbar_dark_T4b_mid-1.5=65451.6758  sbar_dark_T4c_mid-1.5=77100.1797  sbar_dark_T4d_mid-1.5=17973.6777  sbar_dark_T5a_mid-1.5=280358.3125  sbar_dark_T5b_mid-1.5=329813.2188  sbar_dark_T5c_mid-1.5=265609.7500  sbar_dark_T5d_mid-1.5=255924.7188  sbar_dark_T4a_mid-0.5=80407.3516  sbar_dark_T4b_mid-0.5=76483.0469  sbar_dark_T4c_mid-0.5=138994.7656  sbar_dark_T4d_mid-0.5=51511.3242  sbar_dark_T5a_mid-0.5=609250.6250  sbar_dark_T5b_mid-0.5=790982.3750  sbar_dark_T5c_mid-0.5=462469.4688  sbar_dark_T5d_mid-0.5=604466.8125  sbar_dark_T4a_mid+0.5=40749.5547  sbar_dark_T4b_mid+0.5=95395.3359  sbar_dark_T4c_mid+0.5=24038.2520  sbar_dark_T4d_mid+0.5=99229.5469  sbar_dark_T5a_mid+0.5=116404.5625  sbar_dark_T5b_mid+0.5=108845.5781  sbar_dark_T5c_mid+0.5=91215.9453  sbar_dark_T5d_mid+0.5=108482.5625  sbar_dark_T4b_mid+1.5=9504.0967  sbar_dark_T4c_mid+1.5=12271.8223  sbar_dark_T4d_mid+1.5=13215.3438  sbar_dark_T5a_mid+1.5=57665.3164  sbar_dark_T5b_mid+1.5=56434.2109  sbar_dark_T5c_mid+1.5=69272.0938  sbar_dark_T5d_mid+1.5=57281.4180  sbar_dark_T4a_mid+1.5=11920.6709]:  97%|█████████▋| 290/300 [03:07<00:06,  1.55it/s] Cost: 408313.9062  [spread_bright_L5=1998719.8750  spread_bright_Mi1=1346891.7500  spread_bright_Tm3=1610978.6250  spread_bright_Mi4=1737747.2500  spread_dark_L1=1176170.7500  spread_dark_L2=776127.0625  spread_dark_L3=1371695.7500  spread_dark_L4=3040842.2500  spread_dark_Mi9=1057497.5000  spread_dark_Tm1=1287035.5000  spread_dark_Tm2=1442968.0000  spread_dark_Tm4=1497744.8750  spread_dark_Tm9=1665661.1250  sbar_bright_T4a_mid+0=382207.6562  sbar_bright_T4b_mid+0=489932.5000  sbar_bright_T4c_mid+0=392949.6562  sbar_bright_T4d_mid+0=506038.0625  sbar_bright_T5a_mid+0=112732.7266  sbar_bright_T5b_mid+0=135175.2031  sbar_bright_T5c_mid+0=147824.5312  sbar_bright_T5d_mid+0=115611.0625  sbar_bright_T4a_mid+1=272469.2500  sbar_bright_T4b_mid+1=305889.6562  sbar_bright_T4c_mid+1=296080.0312  sbar_bright_T4d_mid+1=263867.3750  sbar_bright_T5a_mid+1=118287.9844  sbar_bright_T5b_mid+1=127723.3359  sbar_bright_T5c_mid+1=97451.5625  sbar_bright_T5d_mid+1=112670.8438  sbar_bright_T4a_mid+2=100295.9375  sbar_bright_T4b_mid+2=160710.2969  sbar_bright_T4c_mid+2=135187.0625  sbar_bright_T4d_mid+2=144214.6250  sbar_bright_T5a_mid+2=194183.6875  sbar_bright_T5b_mid+2=196728.6094  sbar_bright_T5c_mid+2=183319.9219  sbar_bright_T5d_mid+2=189681.6562  sbar_bright_T4a_mid-1=1860696.5000  sbar_bright_T4b_mid-1=1461780.8750  sbar_bright_T4c_mid-1=1699143.6250  sbar_bright_T4d_mid-1=1999047.6250  sbar_bright_T5a_mid-1=392843.1562  sbar_bright_T5b_mid-1=410809.9688  sbar_bright_T5c_mid-1=426218.4375  sbar_bright_T5d_mid-1=401927.0312  sbar_bright_T4a_mid-2=347455.1875  sbar_bright_T4b_mid-2=344139.9062  sbar_bright_T4c_mid-2=341883.0000  sbar_bright_T4d_mid-2=386333.3125  sbar_bright_T5b_mid-2=89723.1484  sbar_bright_T5c_mid-2=67059.7266  sbar_bright_T5d_mid-2=75717.8672  sbar_bright_T5a_mid-2=80169.9219  sbar_bright_T4a_mid-1.5=207640.4062  sbar_bright_T4b_mid-1.5=164847.7031  sbar_bright_T4c_mid-1.5=146821.3438  sbar_bright_T4d_mid-1.5=243960.9219  sbar_bright_T5a_mid-1.5=105025.5391  sbar_bright_T5b_mid-1.5=117880.9219  sbar_bright_T5c_mid-1.5=94794.6250  sbar_bright_T5d_mid-1.5=90511.5234  sbar_bright_T4a_mid-0.5=1060022.1250  sbar_bright_T4b_mid-0.5=1084722.0000  sbar_bright_T4c_mid-0.5=1102862.8750  sbar_bright_T4d_mid-0.5=1230855.7500  sbar_bright_T5a_mid-0.5=151083.6875  sbar_bright_T5b_mid-0.5=160621.9375  sbar_bright_T5c_mid-0.5=145908.0000  sbar_bright_T5d_mid-0.5=143498.6406  sbar_bright_T4a_mid+0.5=221296.4219  sbar_bright_T4b_mid+0.5=166499.3438  sbar_bright_T4c_mid+0.5=149838.0000  sbar_bright_T4d_mid+0.5=127546.9766  sbar_bright_T5a_mid+0.5=55153.8047  sbar_bright_T5b_mid+0.5=60252.5586  sbar_bright_T5c_mid+0.5=42981.5547  sbar_bright_T5d_mid+0.5=45281.2969  sbar_bright_T4b_mid+1.5=64181.1172  sbar_bright_T4c_mid+1.5=84324.3828  sbar_bright_T4d_mid+1.5=45047.3828  sbar_bright_T5a_mid+1.5=45981.1250  sbar_bright_T5b_mid+1.5=53161.8711  sbar_bright_T5c_mid+1.5=40534.2695  sbar_bright_T5d_mid+1.5=33355.4141  sbar_bright_T4a_mid+1.5=73103.6250  sbar_dark_T4a_mid+0=109041.4922  sbar_dark_T4b_mid+0=107228.7656  sbar_dark_T4c_mid+0=121776.4375  sbar_dark_T4d_mid+0=119521.9297  sbar_dark_T5a_mid+0=424909.9062  sbar_dark_T5b_mid+0=378570.7500  sbar_dark_T5c_mid+0=348254.6250  sbar_dark_T5d_mid+0=454671.6562  sbar_dark_T4a_mid+1=147784.7500  sbar_dark_T4b_mid+1=54368.4062  sbar_dark_T4c_mid+1=46866.8242  sbar_dark_T4d_mid+1=93623.7188  sbar_dark_T5a_mid+1=333048.7188  sbar_dark_T5b_mid+1=226181.5625  sbar_dark_T5c_mid+1=275187.2500  sbar_dark_T5d_mid+1=190078.7188  sbar_dark_T4a_mid+2=78088.8594  sbar_dark_T4b_mid+2=135706.1406  sbar_dark_T4c_mid+2=96197.6094  sbar_dark_T4d_mid+2=69475.4844  sbar_dark_T5a_mid+2=301031.1250  sbar_dark_T5b_mid+2=279038.0000  sbar_dark_T5c_mid+2=276827.1875  sbar_dark_T5d_mid+2=277747.4375  sbar_dark_T4a_mid-1=338669.5312  sbar_dark_T4b_mid-1=262567.7500  sbar_dark_T4c_mid-1=174623.8125  sbar_dark_T4d_mid-1=195254.2031  sbar_dark_T5a_mid-1=1565925.1250  sbar_dark_T5b_mid-1=1553461.6250  sbar_dark_T5c_mid-1=1457008.6250  sbar_dark_T5d_mid-1=1579508.6250  sbar_dark_T4a_mid-2=130259.7422  sbar_dark_T4b_mid-2=149788.8906  sbar_dark_T4c_mid-2=144916.3281  sbar_dark_T4d_mid-2=121675.5469  sbar_dark_T5b_mid-2=938170.3750  sbar_dark_T5c_mid-2=717553.1875  sbar_dark_T5d_mid-2=836534.3125  sbar_dark_T5a_mid-2=839751.6875  sbar_dark_T4a_mid-1.5=31663.8027  sbar_dark_T4b_mid-1.5=66663.4141  sbar_dark_T4c_mid-1.5=76598.9141  sbar_dark_T4d_mid-1.5=18912.3711  sbar_dark_T5a_mid-1.5=271022.1562  sbar_dark_T5b_mid-1.5=320913.2812  sbar_dark_T5c_mid-1.5=255788.7656  sbar_dark_T5d_mid-1.5=247090.2812  sbar_dark_T4a_mid-0.5=80455.6953  sbar_dark_T4b_mid-0.5=77551.9141  sbar_dark_T4c_mid-0.5=137988.0156  sbar_dark_T4d_mid-0.5=51867.3984  sbar_dark_T5a_mid-0.5=596747.1250  sbar_dark_T5b_mid-0.5=769833.4375  sbar_dark_T5c_mid-0.5=465160.4688  sbar_dark_T5d_mid-0.5=593885.4375  sbar_dark_T4a_mid+0.5=40584.1328  sbar_dark_T4b_mid+0.5=97493.6328  sbar_dark_T4c_mid+0.5=24311.4980  sbar_dark_T4d_mid+0.5=101699.2422  sbar_dark_T5a_mid+0.5=115323.1719  sbar_dark_T5b_mid+0.5=104197.6406  sbar_dark_T5c_mid+0.5=86398.9922  sbar_dark_T5d_mid+0.5=102077.8594  sbar_dark_T4b_mid+1.5=9622.3438  sbar_dark_T4c_mid+1.5=12924.0107  sbar_dark_T4d_mid+1.5=12925.9365  sbar_dark_T5a_mid+1.5=58393.1914  sbar_dark_T5b_mid+1.5=56097.7461  sbar_dark_T5c_mid+1.5=66432.0625  sbar_dark_T5d_mid+1.5=55383.6406  sbar_dark_T4a_mid+1.5=12530.0371]: 100%|██████████| 300/300 [03:13<00:00,  1.55it/s] Cost: 408021.9375  [spread_bright_L5=2013296.1250  spread_bright_Mi1=1288080.1250  spread_bright_Tm3=1492039.5000  spread_bright_Mi4=1751618.5000  spread_dark_L1=1209332.0000  spread_dark_L2=761533.0000  spread_dark_L3=1295482.8750  spread_dark_L4=2999352.2500  spread_dark_Mi9=1029829.6250  spread_dark_Tm1=1286104.7500  spread_dark_Tm2=1415775.3750  spread_dark_Tm4=1482871.7500  spread_dark_Tm9=1622615.6250  sbar_bright_T4a_mid+0=415533.1250  sbar_bright_T4b_mid+0=544870.4375  sbar_bright_T4c_mid+0=424834.0625  sbar_bright_T4d_mid+0=551034.2500  sbar_bright_T5a_mid+0=112887.7969  sbar_bright_T5b_mid+0=140142.6094  sbar_bright_T5c_mid+0=151446.2969  sbar_bright_T5d_mid+0=119957.3359  sbar_bright_T4a_mid+1=272075.8438  sbar_bright_T4b_mid+1=313371.0625  sbar_bright_T4c_mid+1=293038.5000  sbar_bright_T4d_mid+1=269023.7812  sbar_bright_T5a_mid+1=112014.3359  sbar_bright_T5b_mid+1=124590.8125  sbar_bright_T5c_mid+1=95675.6797  sbar_bright_T5d_mid+1=109893.8203  sbar_bright_T4a_mid+2=108037.3906  sbar_bright_T4b_mid+2=165634.7344  sbar_bright_T4c_mid+2=137133.2344  sbar_bright_T4d_mid+2=145467.8594  sbar_bright_T5a_mid+2=189499.4219  sbar_bright_T5b_mid+2=188505.3750  sbar_bright_T5c_mid+2=175463.9375  sbar_bright_T5d_mid+2=183328.8906  sbar_bright_T4a_mid-1=1900826.3750  sbar_bright_T4b_mid-1=1526188.2500  sbar_bright_T4c_mid-1=1723732.2500  sbar_bright_T4d_mid-1=2036248.5000  sbar_bright_T5a_mid-1=390492.7188  sbar_bright_T5b_mid-1=411848.8125  sbar_bright_T5c_mid-1=424245.3750  sbar_bright_T5d_mid-1=402561.7812  sbar_bright_T4a_mid-2=347387.7812  sbar_bright_T4b_mid-2=348664.9062  sbar_bright_T4c_mid-2=344101.6875  sbar_bright_T4d_mid-2=395986.8125  sbar_bright_T5b_mid-2=87699.1719  sbar_bright_T5c_mid-2=64543.9375  sbar_bright_T5d_mid-2=72044.7031  sbar_bright_T5a_mid-2=76575.1562  sbar_bright_T4a_mid-1.5=205571.0312  sbar_bright_T4b_mid-1.5=170715.8594  sbar_bright_T4c_mid-1.5=149327.6094  sbar_bright_T4d_mid-1.5=244404.2500  sbar_bright_T5a_mid-1.5=101665.5000  sbar_bright_T5b_mid-1.5=114293.6406  sbar_bright_T5c_mid-1.5=90938.1562  sbar_bright_T5d_mid-1.5=87725.3750  sbar_bright_T4a_mid-0.5=1057985.2500  sbar_bright_T4b_mid-0.5=1108574.7500  sbar_bright_T4c_mid-0.5=1094772.5000  sbar_bright_T4d_mid-0.5=1258379.6250  sbar_bright_T5a_mid-0.5=149540.9375  sbar_bright_T5b_mid-0.5=158612.8125  sbar_bright_T5c_mid-0.5=148031.9688  sbar_bright_T5d_mid-0.5=142413.3281  sbar_bright_T4a_mid+0.5=221612.4219  sbar_bright_T4b_mid+0.5=170315.7812  sbar_bright_T4c_mid+0.5=160529.2344  sbar_bright_T4d_mid+0.5=133134.1250  sbar_bright_T5a_mid+0.5=54583.3828  sbar_bright_T5b_mid+0.5=58068.3828  sbar_bright_T5c_mid+0.5=41337.3203  sbar_bright_T5d_mid+0.5=43432.6992  sbar_bright_T4b_mid+1.5=66044.5391  sbar_bright_T4c_mid+1.5=90929.6719  sbar_bright_T4d_mid+1.5=45251.3672  sbar_bright_T5a_mid+1.5=44657.2422  sbar_bright_T5b_mid+1.5=52639.4453  sbar_bright_T5c_mid+1.5=38886.9688  sbar_bright_T5d_mid+1.5=35049.1172  sbar_bright_T4a_mid+1.5=77492.5547  sbar_dark_T4a_mid+0=96919.5469  sbar_dark_T4b_mid+0=93530.3047  sbar_dark_T4c_mid+0=130585.4922  sbar_dark_T4d_mid+0=118024.4531  sbar_dark_T5a_mid+0=407251.5312  sbar_dark_T5b_mid+0=394411.2500  sbar_dark_T5c_mid+0=366007.4688  sbar_dark_T5d_mid+0=510330.7500  sbar_dark_T4a_mid+1=155338.0625  sbar_dark_T4b_mid+1=53529.4102  sbar_dark_T4c_mid+1=48631.0664  sbar_dark_T4d_mid+1=96918.8594  sbar_dark_T5a_mid+1=314027.8438  sbar_dark_T5b_mid+1=225924.3750  sbar_dark_T5c_mid+1=266087.6250  sbar_dark_T5d_mid+1=188756.0938  sbar_dark_T4a_mid+2=81663.3438  sbar_dark_T4b_mid+2=129580.8047  sbar_dark_T4c_mid+2=99405.0234  sbar_dark_T4d_mid+2=67752.1172  sbar_dark_T5a_mid+2=309038.4062  sbar_dark_T5b_mid+2=279838.9375  sbar_dark_T5c_mid+2=276158.4688  sbar_dark_T5d_mid+2=276235.5000  sbar_dark_T4a_mid-1=330323.5000  sbar_dark_T4b_mid-1=254984.4375  sbar_dark_T4c_mid-1=184857.5312  sbar_dark_T4d_mid-1=191766.2031  sbar_dark_T5a_mid-1=1588812.2500  sbar_dark_T5b_mid-1=1513216.8750  sbar_dark_T5c_mid-1=1421722.6250  sbar_dark_T5d_mid-1=1568173.6250  sbar_dark_T4a_mid-2=129434.1406  sbar_dark_T4b_mid-2=141926.9062  sbar_dark_T4c_mid-2=144347.0000  sbar_dark_T4d_mid-2=113672.3359  sbar_dark_T5b_mid-2=934108.2500  sbar_dark_T5c_mid-2=726553.0000  sbar_dark_T5d_mid-2=837231.6875  sbar_dark_T5a_mid-2=852806.1250  sbar_dark_T4a_mid-1.5=32430.4590  sbar_dark_T4b_mid-1.5=62606.5273  sbar_dark_T4c_mid-1.5=73101.9688  sbar_dark_T4d_mid-1.5=18308.1562  sbar_dark_T5a_mid-1.5=270003.9062  sbar_dark_T5b_mid-1.5=317590.4062  sbar_dark_T5c_mid-1.5=257040.6719  sbar_dark_T5d_mid-1.5=242771.7344  sbar_dark_T4a_mid-0.5=81278.7656  sbar_dark_T4b_mid-0.5=72917.3125  sbar_dark_T4c_mid-0.5=147715.2812  sbar_dark_T4d_mid-0.5=47839.0781  sbar_dark_T5a_mid-0.5=599969.7500  sbar_dark_T5b_mid-0.5=745377.3750  sbar_dark_T5c_mid-0.5=459886.4062  sbar_dark_T5d_mid-0.5=576343.5000  sbar_dark_T4a_mid+0.5=44482.2539  sbar_dark_T4b_mid+0.5=99546.7734  sbar_dark_T4c_mid+0.5=25561.8691  sbar_dark_T4d_mid+0.5=105786.1797  sbar_dark_T5a_mid+0.5=117333.2969  sbar_dark_T5b_mid+0.5=101587.7188  sbar_dark_T5c_mid+0.5=80978.0156  sbar_dark_T5d_mid+0.5=102180.5781  sbar_dark_T4b_mid+1.5=10287.0176  sbar_dark_T4c_mid+1.5=13897.0479  sbar_dark_T4d_mid+1.5=13213.0342  sbar_dark_T5a_mid+1.5=60198.6992  sbar_dark_T5b_mid+1.5=59074.9297  sbar_dark_T5c_mid+1.5=66541.7266  sbar_dark_T5d_mid+1.5=57637.2539  sbar_dark_T4a_mid+1.5=14609.4492]:  100%|██████████| 300/300 [03:13<00:00,  1.55it/s] Cost: 408021.9375  [spread_bright_L5=2013296.1250  spread_bright_Mi1=1288080.1250  spread_bright_Tm3=1492039.5000  spread_bright_Mi4=1751618.5000  spread_dark_L1=1209332.0000  spread_dark_L2=761533.0000  spread_dark_L3=1295482.8750  spread_dark_L4=2999352.2500  spread_dark_Mi9=1029829.6250  spread_dark_Tm1=1286104.7500  spread_dark_Tm2=1415775.3750  spread_dark_Tm4=1482871.7500  spread_dark_Tm9=1622615.6250  sbar_bright_T4a_mid+0=415533.1250  sbar_bright_T4b_mid+0=544870.4375  sbar_bright_T4c_mid+0=424834.0625  sbar_bright_T4d_mid+0=551034.2500  sbar_bright_T5a_mid+0=112887.7969  sbar_bright_T5b_mid+0=140142.6094  sbar_bright_T5c_mid+0=151446.2969  sbar_bright_T5d_mid+0=119957.3359  sbar_bright_T4a_mid+1=272075.8438  sbar_bright_T4b_mid+1=313371.0625  sbar_bright_T4c_mid+1=293038.5000  sbar_bright_T4d_mid+1=269023.7812  sbar_bright_T5a_mid+1=112014.3359  sbar_bright_T5b_mid+1=124590.8125  sbar_bright_T5c_mid+1=95675.6797  sbar_bright_T5d_mid+1=109893.8203  sbar_bright_T4a_mid+2=108037.3906  sbar_bright_T4b_mid+2=165634.7344  sbar_bright_T4c_mid+2=137133.2344  sbar_bright_T4d_mid+2=145467.8594  sbar_bright_T5a_mid+2=189499.4219  sbar_bright_T5b_mid+2=188505.3750  sbar_bright_T5c_mid+2=175463.9375  sbar_bright_T5d_mid+2=183328.8906  sbar_bright_T4a_mid-1=1900826.3750  sbar_bright_T4b_mid-1=1526188.2500  sbar_bright_T4c_mid-1=1723732.2500  sbar_bright_T4d_mid-1=2036248.5000  sbar_bright_T5a_mid-1=390492.7188  sbar_bright_T5b_mid-1=411848.8125  sbar_bright_T5c_mid-1=424245.3750  sbar_bright_T5d_mid-1=402561.7812  sbar_bright_T4a_mid-2=347387.7812  sbar_bright_T4b_mid-2=348664.9062  sbar_bright_T4c_mid-2=344101.6875  sbar_bright_T4d_mid-2=395986.8125  sbar_bright_T5b_mid-2=87699.1719  sbar_bright_T5c_mid-2=64543.9375  sbar_bright_T5d_mid-2=72044.7031  sbar_bright_T5a_mid-2=76575.1562  sbar_bright_T4a_mid-1.5=205571.0312  sbar_bright_T4b_mid-1.5=170715.8594  sbar_bright_T4c_mid-1.5=149327.6094  sbar_bright_T4d_mid-1.5=244404.2500  sbar_bright_T5a_mid-1.5=101665.5000  sbar_bright_T5b_mid-1.5=114293.6406  sbar_bright_T5c_mid-1.5=90938.1562  sbar_bright_T5d_mid-1.5=87725.3750  sbar_bright_T4a_mid-0.5=1057985.2500  sbar_bright_T4b_mid-0.5=1108574.7500  sbar_bright_T4c_mid-0.5=1094772.5000  sbar_bright_T4d_mid-0.5=1258379.6250  sbar_bright_T5a_mid-0.5=149540.9375  sbar_bright_T5b_mid-0.5=158612.8125  sbar_bright_T5c_mid-0.5=148031.9688  sbar_bright_T5d_mid-0.5=142413.3281  sbar_bright_T4a_mid+0.5=221612.4219  sbar_bright_T4b_mid+0.5=170315.7812  sbar_bright_T4c_mid+0.5=160529.2344  sbar_bright_T4d_mid+0.5=133134.1250  sbar_bright_T5a_mid+0.5=54583.3828  sbar_bright_T5b_mid+0.5=58068.3828  sbar_bright_T5c_mid+0.5=41337.3203  sbar_bright_T5d_mid+0.5=43432.6992  sbar_bright_T4b_mid+1.5=66044.5391  sbar_bright_T4c_mid+1.5=90929.6719  sbar_bright_T4d_mid+1.5=45251.3672  sbar_bright_T5a_mid+1.5=44657.2422  sbar_bright_T5b_mid+1.5=52639.4453  sbar_bright_T5c_mid+1.5=38886.9688  sbar_bright_T5d_mid+1.5=35049.1172  sbar_bright_T4a_mid+1.5=77492.5547  sbar_dark_T4a_mid+0=96919.5469  sbar_dark_T4b_mid+0=93530.3047  sbar_dark_T4c_mid+0=130585.4922  sbar_dark_T4d_mid+0=118024.4531  sbar_dark_T5a_mid+0=407251.5312  sbar_dark_T5b_mid+0=394411.2500  sbar_dark_T5c_mid+0=366007.4688  sbar_dark_T5d_mid+0=510330.7500  sbar_dark_T4a_mid+1=155338.0625  sbar_dark_T4b_mid+1=53529.4102  sbar_dark_T4c_mid+1=48631.0664  sbar_dark_T4d_mid+1=96918.8594  sbar_dark_T5a_mid+1=314027.8438  sbar_dark_T5b_mid+1=225924.3750  sbar_dark_T5c_mid+1=266087.6250  sbar_dark_T5d_mid+1=188756.0938  sbar_dark_T4a_mid+2=81663.3438  sbar_dark_T4b_mid+2=129580.8047  sbar_dark_T4c_mid+2=99405.0234  sbar_dark_T4d_mid+2=67752.1172  sbar_dark_T5a_mid+2=309038.4062  sbar_dark_T5b_mid+2=279838.9375  sbar_dark_T5c_mid+2=276158.4688  sbar_dark_T5d_mid+2=276235.5000  sbar_dark_T4a_mid-1=330323.5000  sbar_dark_T4b_mid-1=254984.4375  sbar_dark_T4c_mid-1=184857.5312  sbar_dark_T4d_mid-1=191766.2031  sbar_dark_T5a_mid-1=1588812.2500  sbar_dark_T5b_mid-1=1513216.8750  sbar_dark_T5c_mid-1=1421722.6250  sbar_dark_T5d_mid-1=1568173.6250  sbar_dark_T4a_mid-2=129434.1406  sbar_dark_T4b_mid-2=141926.9062  sbar_dark_T4c_mid-2=144347.0000  sbar_dark_T4d_mid-2=113672.3359  sbar_dark_T5b_mid-2=934108.2500  sbar_dark_T5c_mid-2=726553.0000  sbar_dark_T5d_mid-2=837231.6875  sbar_dark_T5a_mid-2=852806.1250  sbar_dark_T4a_mid-1.5=32430.4590  sbar_dark_T4b_mid-1.5=62606.5273  sbar_dark_T4c_mid-1.5=73101.9688  sbar_dark_T4d_mid-1.5=18308.1562  sbar_dark_T5a_mid-1.5=270003.9062  sbar_dark_T5b_mid-1.5=317590.4062  sbar_dark_T5c_mid-1.5=257040.6719  sbar_dark_T5d_mid-1.5=242771.7344  sbar_dark_T4a_mid-0.5=81278.7656  sbar_dark_T4b_mid-0.5=72917.3125  sbar_dark_T4c_mid-0.5=147715.2812  sbar_dark_T4d_mid-0.5=47839.0781  sbar_dark_T5a_mid-0.5=599969.7500  sbar_dark_T5b_mid-0.5=745377.3750  sbar_dark_T5c_mid-0.5=459886.4062  sbar_dark_T5d_mid-0.5=576343.5000  sbar_dark_T4a_mid+0.5=44482.2539  sbar_dark_T4b_mid+0.5=99546.7734  sbar_dark_T4c_mid+0.5=25561.8691  sbar_dark_T4d_mid+0.5=105786.1797  sbar_dark_T5a_mid+0.5=117333.2969  sbar_dark_T5b_mid+0.5=101587.7188  sbar_dark_T5c_mid+0.5=80978.0156  sbar_dark_T5d_mid+0.5=102180.5781  sbar_dark_T4b_mid+1.5=10287.0176  sbar_dark_T4c_mid+1.5=13897.0479  sbar_dark_T4d_mid+1.5=13213.0342  sbar_dark_T5a_mid+1.5=60198.6992  sbar_dark_T5b_mid+1.5=59074.9297  sbar_dark_T5c_mid+1.5=66541.7266  sbar_dark_T5d_mid+1.5=57637.2539  sbar_dark_T4a_mid+1.5=14609.4492]: 

Initl cost = 1064719.6250  [spread_bright_L5=9363540.0000  spread_bright_Mi1=8631481.0000  spread_bright_Tm3=8605933.0000  spread_bright_Mi4=8516716.0000  spread_dark_L1=6153688.5000  spread_dark_L2=5788354.5000  spread_dark_L3=6382285.5000  spread_dark_L4=8634683.0000  spread_dark_Mi9=7378378.5000  spread_dark_Tm1=7965717.0000  spread_dark_Tm2=7595455.5000  spread_dark_Tm4=8002535.5000  spread_dark_Tm9=7647269.0000  sbar_bright_T4a_mid+0=1593137.3750  sbar_bright_T4b_mid+0=1615635.2500  sbar_bright_T4c_mid+0=1558596.6250  sbar_bright_T4d_mid+0=1567733.2500  sbar_bright_T5a_mid+0=212160.4688  sbar_bright_T5b_mid+0=215982.5625  sbar_bright_T5c_mid+0=217878.5000  sbar_bright_T5d_mid+0=229901.3125  sbar_bright_T4a_mid+1=361787.7188  sbar_bright_T4b_mid+1=381124.5625  sbar_bright_T4c_mid+1=373487.4375  sbar_bright_T4d_mid+1=373549.0000  sbar_bright_T5a_mid+1=182876.3125  sbar_bright_T5b_mid+1=204543.2031  sbar_bright_T5c_mid+1=191244.9375  sbar_bright_T5d_mid+1=193506.0781  sbar_bright_T4a_mid+2=127096.9453  sbar_bright_T4b_mid+2=126800.6953  sbar_bright_T4c_mid+2=119512.6797  sbar_bright_T4d_mid+2=129954.1953  sbar_bright_T5a_mid+2=349987.3438  sbar_bright_T5b_mid+2=304149.9062  sbar_bright_T5c_mid+2=338569.8125  sbar_bright_T5d_mid+2=340011.4688  sbar_bright_T4a_mid-1=2856525.2500  sbar_bright_T4b_mid-1=2670592.5000  sbar_bright_T4c_mid-1=2814455.5000  sbar_bright_T4d_mid-1=2793288.0000  sbar_bright_T5a_mid-1=456908.9688  sbar_bright_T5b_mid-1=454245.9375  sbar_bright_T5c_mid-1=463239.0625  sbar_bright_T5d_mid-1=462491.7188  sbar_bright_T4a_mid-2=661292.6250  sbar_bright_T4b_mid-2=674061.8125  sbar_bright_T4c_mid-2=656886.8750  sbar_bright_T4d_mid-2=673665.9375  sbar_bright_T5b_mid-2=175779.7031  sbar_bright_T5c_mid-2=152606.2656  sbar_bright_T5d_mid-2=177444.8906  sbar_bright_T5a_mid-2=160015.2188  sbar_bright_T4a_mid-1.5=287922.0000  sbar_bright_T4b_mid-1.5=292333.8125  sbar_bright_T4c_mid-1.5=279041.0938  sbar_bright_T4d_mid-1.5=309988.4062  sbar_bright_T5a_mid-1.5=145009.7031  sbar_bright_T5b_mid-1.5=145292.7812  sbar_bright_T5c_mid-1.5=137734.9844  sbar_bright_T5d_mid-1.5=137650.0312  sbar_bright_T4a_mid-0.5=1553568.5000  sbar_bright_T4b_mid-0.5=1582726.6250  sbar_bright_T4c_mid-0.5=1571378.7500  sbar_bright_T4d_mid-0.5=1584033.8750  sbar_bright_T5a_mid-0.5=175715.1094  sbar_bright_T5b_mid-0.5=177946.2812  sbar_bright_T5c_mid-0.5=179980.8750  sbar_bright_T5d_mid-0.5=170612.4219  sbar_bright_T4a_mid+0.5=348608.4062  sbar_bright_T4b_mid+0.5=326542.4062  sbar_bright_T4c_mid+0.5=352126.9688  sbar_bright_T4d_mid+0.5=339494.1562  sbar_bright_T5a_mid+0.5=74876.2656  sbar_bright_T5b_mid+0.5=76673.0625  sbar_bright_T5c_mid+0.5=74157.4922  sbar_bright_T5d_mid+0.5=71871.6562  sbar_bright_T4b_mid+1.5=35382.6016  sbar_bright_T4c_mid+1.5=35908.2422  sbar_bright_T4d_mid+1.5=35066.1680  sbar_bright_T5a_mid+1.5=70223.8047  sbar_bright_T5b_mid+1.5=72169.4141  sbar_bright_T5c_mid+1.5=69939.0312  sbar_bright_T5d_mid+1.5=58496.5703  sbar_bright_T4a_mid+1.5=33259.5625  sbar_dark_T4a_mid+0=41750.6836  sbar_dark_T4b_mid+0=39699.2969  sbar_dark_T4c_mid+0=40865.2148  sbar_dark_T4d_mid+0=40191.2852  sbar_dark_T5a_mid+0=754325.1250  sbar_dark_T5b_mid+0=768325.5000  sbar_dark_T5c_mid+0=779243.2500  sbar_dark_T5d_mid+0=828989.5625  sbar_dark_T4a_mid+1=41236.2930  sbar_dark_T4b_mid+1=38666.0977  sbar_dark_T4c_mid+1=36751.0469  sbar_dark_T4d_mid+1=36216.8164  sbar_dark_T5a_mid+1=323788.9688  sbar_dark_T5b_mid+1=359491.8750  sbar_dark_T5c_mid+1=334846.8125  sbar_dark_T5d_mid+1=344719.4688  sbar_dark_T4a_mid+2=38646.0469  sbar_dark_T4b_mid+2=37120.2773  sbar_dark_T4c_mid+2=33257.5195  sbar_dark_T4d_mid+2=39400.0977  sbar_dark_T5a_mid+2=430869.0000  sbar_dark_T5b_mid+2=375493.4375  sbar_dark_T5c_mid+2=416772.3438  sbar_dark_T5d_mid+2=419369.3125  sbar_dark_T4a_mid-1=94386.3672  sbar_dark_T4b_mid-1=103211.6016  sbar_dark_T4c_mid-1=99765.8125  sbar_dark_T4d_mid-1=101467.1875  sbar_dark_T5a_mid-1=2366273.7500  sbar_dark_T5b_mid-1=2320831.5000  sbar_dark_T5c_mid-1=2346796.5000  sbar_dark_T5d_mid-1=2406570.0000  sbar_dark_T4a_mid-2=21608.3477  sbar_dark_T4b_mid-2=16606.4160  sbar_dark_T4c_mid-2=22050.9668  sbar_dark_T4d_mid-2=14995.3691  sbar_dark_T5b_mid-2=1284279.5000  sbar_dark_T5c_mid-2=1215417.1250  sbar_dark_T5d_mid-2=1293542.0000  sbar_dark_T5a_mid-2=1206259.1250  sbar_dark_T4a_mid-1.5=11418.3984  sbar_dark_T4b_mid-1.5=8905.6260  sbar_dark_T4c_mid-1.5=11501.8398  sbar_dark_T4d_mid-1.5=6816.5791  sbar_dark_T5a_mid-1.5=385498.6250  sbar_dark_T5b_mid-1.5=394934.7500  sbar_dark_T5c_mid-1.5=366809.6250  sbar_dark_T5d_mid-1.5=371830.7812  sbar_dark_T4a_mid-0.5=34673.5938  sbar_dark_T4b_mid-0.5=32942.9883  sbar_dark_T4c_mid-0.5=33225.7734  sbar_dark_T4d_mid-0.5=31636.4707  sbar_dark_T5a_mid-0.5=917539.5000  sbar_dark_T5b_mid-0.5=948445.3125  sbar_dark_T5c_mid-0.5=956984.1250  sbar_dark_T5d_mid-0.5=874395.6250  sbar_dark_T4a_mid+0.5=11322.2471  sbar_dark_T4b_mid+0.5=7546.2046  sbar_dark_T4c_mid+0.5=12384.7793  sbar_dark_T4d_mid+0.5=8876.9023  sbar_dark_T5a_mid+0.5=210269.2656  sbar_dark_T5b_mid+0.5=218569.5156  sbar_dark_T5c_mid+0.5=208184.0625  sbar_dark_T5d_mid+0.5=197297.7031  sbar_dark_T4b_mid+1.5=16684.1328  sbar_dark_T4c_mid+1.5=14540.2920  sbar_dark_T4d_mid+1.5=15522.7129  sbar_dark_T5a_mid+1.5=61089.0625  sbar_dark_T5b_mid+1.5=62930.9766  sbar_dark_T5c_mid+1.5=61729.0312  sbar_dark_T5d_mid+1.5=51662.7500  sbar_dark_T4a_mid+1.5=16123.1309]
Final cost = 407513.5625  [spread_bright_L5=1984957.1250  spread_bright_Mi1=1295937.2500  spread_bright_Tm3=1549536.7500  spread_bright_Mi4=1736548.2500  spread_dark_L1=1222732.8750  spread_dark_L2=771358.8750  spread_dark_L3=1288431.6250  spread_dark_L4=3007343.7500  spread_dark_Mi9=1031647.3125  spread_dark_Tm1=1280621.0000  spread_dark_Tm2=1418165.0000  spread_dark_Tm4=1485335.1250  spread_dark_Tm9=1656916.7500  sbar_bright_T4a_mid+0=405943.2812  sbar_bright_T4b_mid+0=530141.8750  sbar_bright_T4c_mid+0=405538.9062  sbar_bright_T4d_mid+0=537253.0000  sbar_bright_T5a_mid+0=115740.9922  sbar_bright_T5b_mid+0=145135.6719  sbar_bright_T5c_mid+0=156955.4688  sbar_bright_T5d_mid+0=121172.2969  sbar_bright_T4a_mid+1=272851.6562  sbar_bright_T4b_mid+1=314364.0312  sbar_bright_T4c_mid+1=297347.9375  sbar_bright_T4d_mid+1=270695.3438  sbar_bright_T5a_mid+1=111490.5859  sbar_bright_T5b_mid+1=123741.6016  sbar_bright_T5c_mid+1=95770.6641  sbar_bright_T5d_mid+1=109494.2734  sbar_bright_T4a_mid+2=110429.1484  sbar_bright_T4b_mid+2=166541.4844  sbar_bright_T4c_mid+2=140589.5938  sbar_bright_T4d_mid+2=147570.3750  sbar_bright_T5a_mid+2=185518.2969  sbar_bright_T5b_mid+2=186005.0781  sbar_bright_T5c_mid+2=173506.5000  sbar_bright_T5d_mid+2=181721.9531  sbar_bright_T4a_mid-1=1882289.0000  sbar_bright_T4b_mid-1=1507931.5000  sbar_bright_T4c_mid-1=1700850.8750  sbar_bright_T4d_mid-1=2020840.0000  sbar_bright_T5a_mid-1=393992.3125  sbar_bright_T5b_mid-1=417182.3750  sbar_bright_T5c_mid-1=430475.7188  sbar_bright_T5d_mid-1=405494.7812  sbar_bright_T4a_mid-2=342603.6250  sbar_bright_T4b_mid-2=346254.4688  sbar_bright_T4c_mid-2=336054.9375  sbar_bright_T4d_mid-2=390554.5625  sbar_bright_T5b_mid-2=87578.0000  sbar_bright_T5c_mid-2=65434.2461  sbar_bright_T5d_mid-2=73334.7109  sbar_bright_T5a_mid-2=76155.1953  sbar_bright_T4a_mid-1.5=203658.9062  sbar_bright_T4b_mid-1.5=168434.3281  sbar_bright_T4c_mid-1.5=145787.5781  sbar_bright_T4d_mid-1.5=241658.8438  sbar_bright_T5a_mid-1.5=101155.1562  sbar_bright_T5b_mid-1.5=113983.3125  sbar_bright_T5c_mid-1.5=91293.6641  sbar_bright_T5d_mid-1.5=87923.6797  sbar_bright_T4a_mid-0.5=1049750.6250  sbar_bright_T4b_mid-0.5=1100828.2500  sbar_bright_T4c_mid-0.5=1085828.1250  sbar_bright_T4d_mid-0.5=1251359.8750  sbar_bright_T5a_mid-0.5=150707.8750  sbar_bright_T5b_mid-0.5=158977.0000  sbar_bright_T5c_mid-0.5=150614.3906  sbar_bright_T5d_mid-0.5=143254.4688  sbar_bright_T4a_mid+0.5=221954.7188  sbar_bright_T4b_mid+0.5=170443.1562  sbar_bright_T4c_mid+0.5=158733.0781  sbar_bright_T4d_mid+0.5=130888.0078  sbar_bright_T5a_mid+0.5=54829.3828  sbar_bright_T5b_mid+0.5=58997.4180  sbar_bright_T5c_mid+0.5=42105.3516  sbar_bright_T5d_mid+0.5=43991.9648  sbar_bright_T4b_mid+1.5=66623.5547  sbar_bright_T4c_mid+1.5=92410.5781  sbar_bright_T4d_mid+1.5=45718.0156  sbar_bright_T5a_mid+1.5=43403.4375  sbar_bright_T5b_mid+1.5=52509.4961  sbar_bright_T5c_mid+1.5=38376.8438  sbar_bright_T5d_mid+1.5=34674.2500  sbar_bright_T4a_mid+1.5=77217.5234  sbar_dark_T4a_mid+0=101126.3359  sbar_dark_T4b_mid+0=99133.7734  sbar_dark_T4c_mid+0=135722.0000  sbar_dark_T4d_mid+0=121015.5469  sbar_dark_T5a_mid+0=410843.0312  sbar_dark_T5b_mid+0=402039.5625  sbar_dark_T5c_mid+0=369462.4688  sbar_dark_T5d_mid+0=503753.4688  sbar_dark_T4a_mid+1=155420.3594  sbar_dark_T4b_mid+1=54821.6094  sbar_dark_T4c_mid+1=50258.2695  sbar_dark_T4d_mid+1=98611.5547  sbar_dark_T5a_mid+1=316581.2812  sbar_dark_T5b_mid+1=226249.8125  sbar_dark_T5c_mid+1=265816.4688  sbar_dark_T5d_mid+1=188360.1719  sbar_dark_T4a_mid+2=83232.9531  sbar_dark_T4b_mid+2=131129.7031  sbar_dark_T4c_mid+2=99733.5156  sbar_dark_T4d_mid+2=68350.9766  sbar_dark_T5a_mid+2=305931.0625  sbar_dark_T5b_mid+2=278177.8438  sbar_dark_T5c_mid+2=273952.6562  sbar_dark_T5d_mid+2=274445.7188  sbar_dark_T4a_mid-1=338611.3438  sbar_dark_T4b_mid-1=259975.0312  sbar_dark_T4c_mid-1=190612.4531  sbar_dark_T4d_mid-1=194896.8594  sbar_dark_T5a_mid-1=1575428.1250  sbar_dark_T5b_mid-1=1495805.3750  sbar_dark_T5c_mid-1=1411372.8750  sbar_dark_T5d_mid-1=1562077.3750  sbar_dark_T4a_mid-2=132181.1875  sbar_dark_T4b_mid-2=145545.4531  sbar_dark_T4c_mid-2=152432.8438  sbar_dark_T4d_mid-2=116076.5000  sbar_dark_T5b_mid-2=925069.1875  sbar_dark_T5c_mid-2=722671.6250  sbar_dark_T5d_mid-2=836582.0625  sbar_dark_T5a_mid-2=846072.3750  sbar_dark_T4a_mid-1.5=32941.1680  sbar_dark_T4b_mid-1.5=64393.7656  sbar_dark_T4c_mid-1.5=76422.1016  sbar_dark_T4d_mid-1.5=19225.8379  sbar_dark_T5a_mid-1.5=266038.0625  sbar_dark_T5b_mid-1.5=315335.1875  sbar_dark_T5c_mid-1.5=255564.3125  sbar_dark_T5d_mid-1.5=240796.0312  sbar_dark_T4a_mid-0.5=82437.3203  sbar_dark_T4b_mid-0.5=73704.5000  sbar_dark_T4c_mid-0.5=152196.9844  sbar_dark_T4d_mid-0.5=49364.2422  sbar_dark_T5a_mid-0.5=594743.3750  sbar_dark_T5b_mid-0.5=738791.5625  sbar_dark_T5c_mid-0.5=459549.2812  sbar_dark_T5d_mid-0.5=575617.1875  sbar_dark_T4a_mid+0.5=45280.9570  sbar_dark_T4b_mid+0.5=100314.8672  sbar_dark_T4c_mid+0.5=26162.0957  sbar_dark_T4d_mid+0.5=106869.2109  sbar_dark_T5a_mid+0.5=115840.7656  sbar_dark_T5b_mid+0.5=99335.1719  sbar_dark_T5c_mid+0.5=79445.2188  sbar_dark_T5d_mid+0.5=100293.1953  sbar_dark_T4b_mid+1.5=10419.1670  sbar_dark_T4c_mid+1.5=13778.0029  sbar_dark_T4d_mid+1.5=12990.4189  sbar_dark_T5a_mid+1.5=60784.1797  sbar_dark_T5b_mid+1.5=60609.4453  sbar_dark_T5c_mid+1.5=67550.9531  sbar_dark_T5d_mid+1.5=58344.6719  sbar_dark_T4a_mid+1.5=14740.5762]
Best  cost = 405407.2812  [spread_bright_L5=2003085.1250  spread_bright_Mi1=1350687.3750  spread_bright_Tm3=1587831.0000  spread_bright_Mi4=1764029.0000  spread_dark_L1=1177747.0000  spread_dark_L2=759363.9375  spread_dark_L3=1319200.2500  spread_dark_L4=3011795.2500  spread_dark_Mi9=1006631.7500  spread_dark_Tm1=1285833.3750  spread_dark_Tm2=1387378.6250  spread_dark_Tm4=1497526.2500  spread_dark_Tm9=1669583.0000  sbar_bright_T4a_mid+0=384137.0625  sbar_bright_T4b_mid+0=490958.6875  sbar_bright_T4c_mid+0=393743.2500  sbar_bright_T4d_mid+0=509721.9375  sbar_bright_T5a_mid+0=114391.6484  sbar_bright_T5b_mid+0=139702.1250  sbar_bright_T5c_mid+0=151809.5781  sbar_bright_T5d_mid+0=117883.0312  sbar_bright_T4a_mid+1=270440.6875  sbar_bright_T4b_mid+1=303206.3125  sbar_bright_T4c_mid+1=293188.2500  sbar_bright_T4d_mid+1=262701.4062  sbar_bright_T5a_mid+1=117550.6250  sbar_bright_T5b_mid+1=129192.3672  sbar_bright_T5c_mid+1=98030.0391  sbar_bright_T5d_mid+1=113409.8516  sbar_bright_T4a_mid+2=100478.7344  sbar_bright_T4b_mid+2=158295.3906  sbar_bright_T4c_mid+2=134144.3594  sbar_bright_T4d_mid+2=144522.7812  sbar_bright_T5a_mid+2=191662.6406  sbar_bright_T5b_mid+2=195181.2344  sbar_bright_T5c_mid+2=180481.2344  sbar_bright_T5d_mid+2=189342.7969  sbar_bright_T4a_mid-1=1843244.8750  sbar_bright_T4b_mid-1=1474080.1250  sbar_bright_T4c_mid-1=1695344.7500  sbar_bright_T4d_mid-1=1996379.3750  sbar_bright_T5a_mid-1=400011.2500  sbar_bright_T5b_mid-1=422937.1562  sbar_bright_T5c_mid-1=434617.7500  sbar_bright_T5d_mid-1=409993.4375  sbar_bright_T4a_mid-2=339917.8438  sbar_bright_T4b_mid-2=344264.4375  sbar_bright_T4c_mid-2=336891.1875  sbar_bright_T4d_mid-2=384693.8125  sbar_bright_T5b_mid-2=89610.5703  sbar_bright_T5c_mid-2=66648.0391  sbar_bright_T5d_mid-2=74349.8984  sbar_bright_T5a_mid-2=77679.8359  sbar_bright_T4a_mid-1.5=205103.1406  sbar_bright_T4b_mid-1.5=163950.4844  sbar_bright_T4c_mid-1.5=145172.0469  sbar_bright_T4d_mid-1.5=239842.5938  sbar_bright_T5a_mid-1.5=105451.2344  sbar_bright_T5b_mid-1.5=118715.1172  sbar_bright_T5c_mid-1.5=96023.5547  sbar_bright_T5d_mid-1.5=92869.2656  sbar_bright_T4a_mid-0.5=1053336.8750  sbar_bright_T4b_mid-0.5=1084993.1250  sbar_bright_T4c_mid-0.5=1099864.0000  sbar_bright_T4d_mid-0.5=1230658.2500  sbar_bright_T5a_mid-0.5=152554.4219  sbar_bright_T5b_mid-0.5=161944.2500  sbar_bright_T5c_mid-0.5=150439.5000  sbar_bright_T5d_mid-0.5=145798.5781  sbar_bright_T4a_mid+0.5=218368.2344  sbar_bright_T4b_mid+0.5=165020.7969  sbar_bright_T4c_mid+0.5=149982.7188  sbar_bright_T4d_mid+0.5=128147.8281  sbar_bright_T5a_mid+0.5=56009.0391  sbar_bright_T5b_mid+0.5=61183.3047  sbar_bright_T5c_mid+0.5=42390.0195  sbar_bright_T5d_mid+0.5=44919.4883  sbar_bright_T4b_mid+1.5=64287.4219  sbar_bright_T4c_mid+1.5=87155.7188  sbar_bright_T4d_mid+1.5=44445.3750  sbar_bright_T5a_mid+1.5=45842.4531  sbar_bright_T5b_mid+1.5=54079.0781  sbar_bright_T5c_mid+1.5=40161.2891  sbar_bright_T5d_mid+1.5=35389.0078  sbar_bright_T4a_mid+1.5=74657.7031  sbar_dark_T4a_mid+0=110997.9688  sbar_dark_T4b_mid+0=106167.3984  sbar_dark_T4c_mid+0=123613.8750  sbar_dark_T4d_mid+0=119263.8438  sbar_dark_T5a_mid+0=421637.4375  sbar_dark_T5b_mid+0=382616.8750  sbar_dark_T5c_mid+0=364695.4375  sbar_dark_T5d_mid+0=481887.7500  sbar_dark_T4a_mid+1=150197.8281  sbar_dark_T4b_mid+1=55363.2188  sbar_dark_T4c_mid+1=48117.5352  sbar_dark_T4d_mid+1=95478.4453  sbar_dark_T5a_mid+1=333216.2500  sbar_dark_T5b_mid+1=220306.7031  sbar_dark_T5c_mid+1=265065.3750  sbar_dark_T5d_mid+1=183284.1094  sbar_dark_T4a_mid+2=80258.7266  sbar_dark_T4b_mid+2=137507.7031  sbar_dark_T4c_mid+2=98336.3281  sbar_dark_T4d_mid+2=71536.4766  sbar_dark_T5a_mid+2=296323.5625  sbar_dark_T5b_mid+2=270128.8438  sbar_dark_T5c_mid+2=266580.7500  sbar_dark_T5d_mid+2=269110.8438  sbar_dark_T4a_mid-1=349345.6562  sbar_dark_T4b_mid-1=270819.1250  sbar_dark_T4c_mid-1=179495.6094  sbar_dark_T4d_mid-1=199787.3594  sbar_dark_T5a_mid-1=1533887.7500  sbar_dark_T5b_mid-1=1508416.2500  sbar_dark_T5c_mid-1=1396349.1250  sbar_dark_T5d_mid-1=1545538.3750  sbar_dark_T4a_mid-2=134531.8281  sbar_dark_T4b_mid-2=154415.7344  sbar_dark_T4c_mid-2=151609.4219  sbar_dark_T4d_mid-2=125547.3281  sbar_dark_T5b_mid-2=916784.8750  sbar_dark_T5c_mid-2=695941.7500  sbar_dark_T5d_mid-2=818582.2500  sbar_dark_T5a_mid-2=822315.2500  sbar_dark_T4a_mid-1.5=32522.4062  sbar_dark_T4b_mid-1.5=67720.0156  sbar_dark_T4c_mid-1.5=75899.7422  sbar_dark_T4d_mid-1.5=19608.8418  sbar_dark_T5a_mid-1.5=265966.5625  sbar_dark_T5b_mid-1.5=316055.0312  sbar_dark_T5c_mid-1.5=245657.1406  sbar_dark_T5d_mid-1.5=240360.0625  sbar_dark_T4a_mid-0.5=80413.9531  sbar_dark_T4b_mid-0.5=78702.8203  sbar_dark_T4c_mid-0.5=141110.5312  sbar_dark_T4d_mid-0.5=51719.5664  sbar_dark_T5a_mid-0.5=587637.5625  sbar_dark_T5b_mid-0.5=751501.6250  sbar_dark_T5c_mid-0.5=455886.5000  sbar_dark_T5d_mid-0.5=581149.0625  sbar_dark_T4a_mid+0.5=41964.7109  sbar_dark_T4b_mid+0.5=99538.0312  sbar_dark_T4c_mid+0.5=25867.2949  sbar_dark_T4d_mid+0.5=105228.3438  sbar_dark_T5a_mid+0.5=112974.7031  sbar_dark_T5b_mid+0.5=100288.9219  sbar_dark_T5c_mid+0.5=78849.1250  sbar_dark_T5d_mid+0.5=99195.7266  sbar_dark_T4b_mid+1.5=10284.3379  sbar_dark_T4c_mid+1.5=14626.4258  sbar_dark_T4d_mid+1.5=13674.8125  sbar_dark_T5a_mid+1.5=58046.1016  sbar_dark_T5b_mid+1.5=55578.2031  sbar_dark_T5c_mid+1.5=63452.4023  sbar_dark_T5d_mid+1.5=53582.1562  sbar_dark_T4a_mid+1.5=14520.9766]
time needed  = 197.81  sec

done in 0.06 hours
wrote /home/yitai/drosophila_vision/vision/simulation/0_runs/hp_lp/29562400-run-n_iter-300-tasks-spread,sbar/data/best_adam.npz (best run #0)
wrote table: /home/yitai/drosophila_vision/vision/simulation/0_runs/hp_lp/29562400-run-n_iter-300-tasks-spread,sbar/param.csv (best run #0, cost=405407.3438)
wrote table: /home/yitai/drosophila_vision/vision/simulation/0_runs/hp_lp/29562400-run-n_iter-300-tasks-spread,sbar/syn_strength_cell.csv
/home/yitai/drosophila_vision/vision/simulation/5_figure/1_panel.py:834: UserWarning: This figure includes Axes that are not compatible with tight_layout, so results might be incorrect.
  fig.tight_layout()
plot /home/yitai/drosophila_vision/vision/simulation/0_runs/hp_lp/29562400-run-n_iter-300-tasks-spread,sbar/cost.png: prep=0.0s  plot_s=0.5s  save=4.3s  elapsed_s=4.8s
plot device=cuda (NVIDIA A100 80GB PCIe MIG 1g.20gb)
1 trained set(s); costs min=405407.3438 max=405407.3438; selected #0 (from saved final costs)
plot /home/yitai/drosophila_vision/vision/simulation/0_runs/hp_lp/29562400-run-n_iter-300-tasks-spread,sbar/spread_gt_v.png: prep=0.2s  plot_s=0.1s  save=0.6s  elapsed_s=1.0s
plot /home/yitai/drosophila_vision/vision/simulation/0_runs/hp_lp/29562400-run-n_iter-300-tasks-spread,sbar/spread_all_v.png: prep=0.0s  plot_s=0.8s  save=2.6s  elapsed_s=3.4s
plot /home/yitai/drosophila_vision/vision/simulation/0_runs/hp_lp/29562400-run-n_iter-300-tasks-spread,sbar/sbar_gt_v.png: prep=0.4s  plot_s=87.7s  save=25.9s  elapsed_s=114.0s
