Job ID: 29561980
Node:   spartan-gpgpu099
GPU:    0
GPU 0: NVIDIA A100 80GB PCIe (UUID: GPU-322f5568-e44f-6ee4-45a8-e5d9489b443e)
GPU 1: NVIDIA A100 80GB PCIe (UUID: GPU-14844a85-9bf8-1cac-86bb-ab42ec5dba78)
  MIG 1g.20gb     Device  0: (UUID: MIG-ca7758cc-36b2-53c8-8bf7-fe711a703942)
GPU 2: NVIDIA A100 80GB PCIe (UUID: GPU-40730cdb-5070-f06f-e8e1-92c3b4bc8f18)
GPU 3: NVIDIA A100 80GB PCIe (UUID: GPU-705f91ce-5278-67b6-77ed-ac45a7d89e43)
cuda: True NVIDIA A100 80GB PCIe MIG 1g.20gb
Start:  Tue 25 Aug 2026 03:23:57 AEST
==== config ====
{'RUN_NAME': '29104256-run-n-iter-300-a-h-init.L1,L2,L4,L5-0.5',
 'RUN_PATH': 'hp_lp/29104256-run-n-iter-300-a-h-init.L1,L2,L4,L5-0.5',
 'MODEL': {'delta_ms': 2.0,
           'delta_ms_pre': 2.0,
           'cap': 40.0,
           'g_leak': 1.0,
           'e_exc': 10.0,
           'e_inh': -70.0,
           'e_h': 50.0,
           'h_g_max': 100.0,
           'gt_amp': 20.0,
           'v_clamp': 1000000.0,
           'a_syn_exc': 0.001,
           'a_syn_inh': 0.001,
           'euler': 'im'},
 'NEURON_SCHEMA': {'model': 'hp_lp',
                   'filter': 'none',
                   'syn_mode': 'per_cell',
                   'a_lo': 0.1,
                   'a_hi': 10.0,
                   'h_cells': ['L1', 'L2', 'L4', 'L5'],
                   'params': {'a_gt': {'lo': 0.5, 'hi': 2.0, 'init': 1.0, 'jit': 0.1, 'mode': 'indi'},
                              'bias_gt': {'lo': -200.0, 'hi': 200.0, 'init': 0.0, 'jit': 1.0, 'mode': 'indi'},
                              'syn_strength_cell': {'lo': 0.1, 'hi': 10.0, 'init': 1.0, 'jit': 0.1, 'mode': 'indi'},
                              'syn_strength_edge': {'lo': 0.1, 'hi': 10.0, 'init': 1.0, 'jit': 0.1, 'mode': 'indi'},
                              'a_in': {'lo': 0.01, 'hi': 100.0, 'init': 1.0, 'jit': 0.1, 'mode': 'shared'},
                              'a_out': {'lo': 0.1, 'hi': 10.0, 'init': 1.0, 'jit': 0.1, 'mode': 'indi'},
                              'e_leak': {'lo': -50.0, 'hi': 50.0, 'init': 0.0, 'jit': 1.0, 'mode': 'indi'},
                              'v_th': {'lo': -100.0, 'hi': 100.0, 'init': -50.0, 'jit': 0.0, 'mode': 'indi'},
                              'tau_lp': {'lo': 10.0, 'hi': 100.0, 'init': 10.0, 'jit': 2.0, 'mode': 'indi'},
                              'tau_hp_rise': {'lo': 100.0, 'hi': 500.0, 'init': 200.0, 'jit': 20.0, 'mode': 'indi'},
                              'tau_hp_fall': {'lo': 100.0, 'hi': 500.0, 'init': 200.0, 'jit': 20.0, 'mode': 'indi'},
                              'a_h': {'lo': 0.0,
                                      'hi': 1.0,
                                      'init': 0.0,
                                      'inits': {'L1': 0.5, 'L2': 0.5, 'L4': 0.5, 'L5': 0.5},
                                      'jit': 0.1,
                                      'mode': 'indi'},
                              'v_mid_h_g': {'lo': -70.0, 'hi': -30.0, 'init': -50.0, 'jit': 5.0, 'mode': 'shared'},
                              'v_mid_h_tau': {'lo': -70.0, 'hi': -40.0, 'init': -50.0, 'jit': 5.0, 'mode': 'shared'},
                              'h_slope': {'lo': -0.4, 'hi': -0.2, 'init': -0.25, 'jit': 0.02, 'mode': 'shared'},
                              'a_h_rev': {'lo': 0.0,
                                          'hi': 1.0,
                                          'init': 0.0,
                                          'jit': 0.1,
                                          'mode': 'fixed',
                                          'modes': {'indi': 'L1,L2,L4,L5'}},
                              'v_mid_h_g_rev': {'lo': -70.0, 'hi': -30.0, 'init': -50.0, 'jit': 5.0, 'mode': 'shared'},
                              'v_mid_h_tau_rev': {'lo': -70.0,
                                                  'hi': -40.0,
                                                  'init': -50.0,
                                                  'jit': 5.0,
                                                  'mode': 'shared'},
                              'h_slope_rev': {'lo': -0.4, 'hi': -0.2, 'init': -0.25, 'jit': 0.02, 'mode': 'shared'},
                              'v_th_ca': {'lo': -100.0, 'hi': 100.0, 'init': -50.0, 'jit': 0.0, 'mode': 'indi'},
                              'a_ca': {'lo': 0.1, 'hi': 10.0, 'init': 1.0, 'jit': 0.1, 'mode': 'indi'},
                              'tau_ca': {'lo': 100.0, 'hi': 1000.0, 'init': 350.0, 'jit': 10.0, 'mode': 'indi'},
                              'a_sti_radius': {'lo': 0.0, 'hi': 1.0, 'init': 0.0, 'jit': 0.05, 'mode': 'indi'}}},
 'NEURON_FORWARD': {'pre_grad': True},
 'NETWORK_PATH': {'network': 'right_min_neuron1_r10'},
 'SPREAD_INPUT_SPEC': {'ms_pre': 20.0, 'ms_sti': 160.0, 'ms_response': 300.0, 'ms_post': 0.0},
 'SPREAD_GT': {'spread_gt_mode': 'pos'},
 'SPOT_INPUT_GEO': {'spot_radius': 1.0, 'fully_inside': True, 'multi_spot': True, 'shift_radius': 1.0},
 'SPOT_PACK': {'spot_cost_radii': [0, 1, 2],
               'a_sti_radii': [1, 2],
               'spot_cost_radius_scale': {0: 1.0, 1: 0.3333333333333333, 2: 0.3333333333333333}},
 'SBAR_INPUT_GEO': {'multi_bar': True, 'bar_dist': 4},
 'MBAR_INPUT_SPEC': {'ms_pre': 20.0, 'bar_ws_deg': [2.25, 9.0], 'bar_directions': ['right', 'left', 'up', 'down']},
 'TRAIN_CONFIG': {'tasks': ['sbar'],
                  'contrasts': ['bright', 'dark'],
                  'i_sti': {'bright': 40.0, 'dark': 0.0},
                  'gt_by_task': {'spread': ['L1',
                                            'L2',
                                            'L3',
                                            'L4',
                                            'L5',
                                            'Mi1',
                                            'Tm3',
                                            'Mi4',
                                            'Mi9',
                                            'Tm1',
                                            'Tm2',
                                            'Tm4',
                                            'Tm9'],
                                 'sbar': ['T4a', 'T4b', 'T4c', 'T4d', 'T5a', 'T5b', 'T5c', 'T5d']},
                  'cost_radius': None},
 'VAL_FROM': {'bias_gt': {'source': 'v_onset', 'enabled': True},
              'v_th_ca': {'source': 'v_th', 'enabled': False},
              'a_ca': {'source': 'a_out', 'enabled': False},
              'a_h_rev': {'source': 'a_h', 'enabled': False},
              'v_mid_h_g_rev': {'source': 'v_mid_h_g', 'enabled': False},
              'h_slope_rev': {'source': 'h_slope', 'enabled': False},
              'v_mid_h_tau_rev': {'source': 'v_mid_h_tau', 'enabled': False}},
 'TRAIN_OPTIMIZATION': {'part_cost_scales': {},
                        'cost_norm': 'a_gt2',
                        'cost_ms': None,
                        'pre_steady': 'solve',
                        'pre_steady_n_iter': 50,
                        'pre_steady_damp': 0.1,
                        'n_run': 1,
                        'n_iter': 0,
                        'lrs': [0.1],
                        'checkpoint_interval': 1000},
 'TRAIN_SESSION': {'fp': 32, 'sequential': False},
 'FIGURE_PLOT': {'html': False, 'plot_right_only': True, 'x': None, 'y': None, 'align_xy': None, 'ms_shown': None},
 'FIGURE_PLOT_STI_SPOT': {'spot_radii': [0.5, 1.0, 1.5, 2.0], 'output': None},
 'FIGURE_PLOT_STI_MBAR': {'output': None,
                          'gif': False,
                          'gif_output': None,
                          't_stride': 2,
                          't': None,
                          'direction': 'left'},
 'ANALYZE_RUNS': ['hp_lp/29104256-run-n-iter-300-a-h-init.L1,L2,L4,L5-0.5'],
 'ANALYZE_CELL_DYNAMICS': {'cells': None,
                           'spec': None,
                           'node': None,
                           'radius': 0,
                           't_rel_start': None,
                           't_rel_stop': None,
                           'figure': True,
                           'json': False},
 'ANALYZE_SYN_SIGN': {'bins': 20, 'after_train': False, 'post': False},
 'ANALYZE_TRACE': {'trace_osc_min_f': 0.5,
                   'trace_osc_max_f': 20.0,
                   'trace_osc_peak_threshold': 0.5,
                   'trace_osc_z_threshold': 2.0,
                   'trace_osc_snr_min': 2.0,
                   'trace_drift_min_slope_mv_over_s': 1.0,
                   'trace_drift_min_r': 0.5,
                   'trace_baseline_ms': 200.0,
                   'trace_flat_max_abs': 0.5,
                   'trace_flat_v_peak_to_peak_max': 1.0,
                   'trace_flat_abs_mean': 0.2,
                   'check': None,
                   'baseline_ms_shown': None},
 'ANALYZE_COST_PART': {'part': None,
                       'cost_norm': None,
                       'stride': 1,
                       'per_node': False,
                       'csv': None,
                       'print_parts': False}}
==== end config ====
config: {'run_name': '29104256-run-n-iter-300-a-h-init.L1,L2,L4,L5-0.5', 'run_path': 'hp_lp/${run_name}', 'delta_ms': 2.0, 'delta_ms_pre': 2.0, 'cap': 40.0, 'g_leak': 1.0, 'e_exc': 10.0, 'e_inh': -70.0, 'e_h': 50.0, 'h_g_max': 100.0, 'gt_amp': 20.0, 'v_clamp': 1000000.0, 'a_syn_exc': 0.001, 'a_syn_inh': 0.001, 'euler': 'im', 'model': 'hp_lp', 'filter': 'none', 'syn_mode': 'per_cell', 'a_lo': 0.1, 'a_hi': 10.0, 'h_cells': 'L1,L2,L4,L5', 'params': {'a_gt': {'lo': 0.5, 'hi': 2.0, 'init': 1.0, 'jit': 0.1, 'mode': 'indi'}, 'bias_gt': {'lo': -200.0, 'hi': 200.0, 'init': 0.0, 'jit': 1.0, 'mode': 'indi'}, 'syn_strength_cell': {'lo': 0.1, 'hi': 10.0, 'init': 1.0, 'jit': 0.1, 'mode': 'indi'}, 'syn_strength_edge': {'lo': 0.1, 'hi': 10.0, 'init': 1.0, 'jit': 0.1, 'mode': 'indi'}, 'a_in': {'lo': 0.01, 'hi': 100.0, 'init': 1.0, 'jit': 0.1, 'mode': 'shared'}, 'a_out': {'lo': 0.1, 'hi': 10.0, 'init': 1.0, 'jit': 0.1, 'mode': 'indi'}, 'e_leak': {'lo': -50.0, 'hi': 50.0, 'init': 0.0, 'jit': 1.0, 'mode': 'indi'}, 'v_th': {'lo': -100.0, 'hi': 100.0, 'init': -50.0, 'jit': 0.0, 'mode': 'indi'}, 'tau_lp': {'lo': 10.0, 'hi': 100.0, 'init': 10.0, 'jit': 2.0, 'mode': 'indi'}, 'tau_hp_rise': {'lo': 100.0, 'hi': 500.0, 'init': 200.0, 'jit': 20.0, 'mode': 'indi'}, 'tau_hp_fall': {'lo': 100.0, 'hi': 500.0, 'init': 200.0, 'jit': 20.0, 'mode': 'indi'}, 'a_h': {'lo': 0.0, 'hi': 1.0, 'init': 0.0, 'inits': {'L1': 0.5, 'L2': 0.5, 'L4': 0.5, 'L5': 0.5}, 'jit': 0.1, 'mode': 'indi'}, 'v_mid_h_g': {'lo': -70.0, 'hi': -30.0, 'init': -50.0, 'jit': 5.0, 'mode': 'shared'}, 'v_mid_h_tau': {'lo': -70.0, 'hi': -40.0, 'init': -50.0, 'jit': 5.0, 'mode': 'shared'}, 'h_slope': {'lo': -0.4, 'hi': -0.2, 'init': -0.25, 'jit': 0.02, 'mode': 'shared'}, 'a_h_rev': {'lo': 0.0, 'hi': 1.0, 'init': 0.0, 'jit': 0.1, 'mode': 'fixed', 'modes': {'indi': '${h_cells}'}}, 'v_mid_h_g_rev': {'lo': -70.0, 'hi': -30.0, 'init': -50.0, 'jit': 5.0, 'mode': 'shared'}, 'v_mid_h_tau_rev': {'lo': -70.0, 'hi': -40.0, 'init': -50.0, 'jit': 5.0, 'mode': 'shared'}, 'h_slope_rev': {'lo': -0.4, 'hi': -0.2, 'init': -0.25, 'jit': 0.02, 'mode': 'shared'}, 'v_th_ca': {'lo': -100.0, 'hi': 100.0, 'init': -50.0, 'jit': 0.0, 'mode': 'indi'}, 'a_ca': {'lo': 0.1, 'hi': 10.0, 'init': 1.0, 'jit': 0.1, 'mode': 'indi'}, 'tau_ca': {'lo': 100.0, 'hi': 1000.0, 'init': 350.0, 'jit': 10.0, 'mode': 'indi'}, 'a_sti_radius': {'lo': 0.0, 'hi': 1.0, 'init': 0.0, 'jit': 0.05, 'mode': 'indi'}}, 'pre_grad': True, 'network': 'right_min_neuron1_r10', 'i_sti': {'bright': 40.0, 'dark': 0.0}, 'contrasts': 'bright,dark', 'ms_pre': 20.0, 'ms_sti': 160.0, 'ms_response': 300.0, 'ms_post': 0.0, 'spread_gt_mode': 'pos', 'spot_radius': 1.0, 'fully_inside': True, 'multi_spot': True, 'shift_radius': 1.0, 'spot_cost_radii': '0,1,2', 'a_sti_radii': '1,2', 'spot_cost_radius_scale': {0: 1.0, 1: 0.3333333333333333, 2: 0.3333333333333333}, 'multi_bar': True, 'bar_dist': 4, 'bar_ws_deg': '2.25,9.0', 'bar_directions': 'right,left,up,down', 'tasks': 'sbar', 'gt_by_task': {'spread': ['L1', 'L2', 'L3', 'L4', 'L5', 'Mi1', 'Tm3', 'Mi4', 'Mi9', 'Tm1', 'Tm2', 'Tm4', 'Tm9'], 'sbar': ['T4a', 'T4b', 'T4c', 'T4d', 'T5a', 'T5b', 'T5c', 'T5d']}, 'cost_radius': None, 'param_vals': {}, 'val_from': {'bias_gt': {'source': 'v_onset', 'enabled': True}, 'v_th_ca': {'source': 'v_th', 'enabled': False}, 'a_ca': {'source': 'a_out', 'enabled': False}, 'a_h_rev': {'source': 'a_h', 'enabled': False}, 'v_mid_h_g_rev': {'source': 'v_mid_h_g', 'enabled': False}, 'h_slope_rev': {'source': 'h_slope', 'enabled': False}, 'v_mid_h_tau_rev': {'source': 'v_mid_h_tau', 'enabled': False}}, 'part_cost_scales': {}, 'cost_norm': 'a_gt2', 'cost_ms': None, 'pre_steady': 'solve', 'pre_steady_n_iter': 50, 'pre_steady_damp': 0.1, 'n_run': 1, 'n_iter': 300, 'lrs': '0.1', 'checkpoint_interval': 1000, 'init_from': None, 'fp': 32, 'sequential': False, 'spot_radii': '0.5,1.0,1.5,2.0', 'spot_plot_output': None, 'mbar_plot_output': None, 'mbar_plot_gif': False, 'mbar_plot_gif_output': None, 'mbar_plot_t_stride': 2, 'mbar_plot_t': None, 'mbar_plot_direction': 'left', 'html': False, 'plot_right_only': True, 'x': None, 'y': None, 'align_xy': None, 'ms_shown': None, 'analyze_runs': None, 'cells': None, 'spec': None, 'node': None, 'radius': 0, 't_rel_start': None, 't_rel_stop': None, 'analyze_figure': True, 'analyze_json': False, 'post': False, 'check': None, 'baseline_ms_shown': None, 'part': None, 'analyze_cost_norm': None, 'stride': 1, 'per_node': False, 'cost_part_csv': None, 'print_parts': False, 'bins': 20, 'after_train': False, 'trace_osc_min_f': 0.5, 'trace_osc_max_f': 20.0, 'trace_osc_peak_threshold': 0.5, 'trace_osc_z_threshold': 2.0, 'trace_osc_snr_min': 2.0, 'trace_drift_min_slope_mv_over_s': 1.0, 'trace_drift_min_r': 0.5, 'trace_baseline_ms': 200.0, 'trace_flat_max_abs': 0.5, 'trace_flat_v_peak_to_peak_max': 1.0, 'trace_flat_abs_mean': 0.2}
param_modes:
  a_gt               indi=56/shared=0/fixed=0/frozen=0 (56)
  bias_gt            indi=0/shared=0/fixed=0/frozen=56 (0)
  syn_strength_cell  indi=1035/shared=0/fixed=0/frozen=0 (1035)
  a_in               indi=0/shared=56/fixed=0/frozen=0 (1)
  a_out              indi=56/shared=0/fixed=0/frozen=0 (56)
  e_leak             indi=56/shared=0/fixed=0/frozen=0 (56)
  v_th               indi=56/shared=0/fixed=0/frozen=0 (56)
  tau_lp             indi=56/shared=0/fixed=0/frozen=0 (56)
  tau_hp_rise        indi=56/shared=0/fixed=0/frozen=0 (56)
  tau_hp_fall        indi=56/shared=0/fixed=0/frozen=0 (56)
  a_h                indi=56/shared=0/fixed=0/frozen=0 (56)
device=cuda, model=hp_lp, syn_mode=per_cell, euler=implicit, pre_steady=solve, n_run=1, n_iter=300, lrs=[0.1], n_z=1484, fname=train_hp_lp.npy
checkpoint_interval=1000

round 0

  0%|          | 0/300 [00:00<?, ?it/s] Cost: 462203.8438  [sbar_bright_T4a_mid+0=1592066.5000  sbar_bright_T4b_mid+0=1616443.1250  sbar_bright_T4c_mid+0=1557939.8750  sbar_bright_T4d_mid+0=1570425.3750  sbar_bright_T5a_mid+0=212959.8438  sbar_bright_T5b_mid+0=217850.8125  sbar_bright_T5c_mid+0=219717.5781  sbar_bright_T5d_mid+0=227392.9688  sbar_bright_T4a_mid+1=362916.1875  sbar_bright_T4b_mid+1=382166.9688  sbar_bright_T4c_mid+1=373406.8125  sbar_bright_T4d_mid+1=374152.0938  sbar_bright_T5a_mid+1=182471.5156  sbar_bright_T5b_mid+1=205957.1094  sbar_bright_T5c_mid+1=192431.5000  sbar_bright_T5d_mid+1=192642.9688  sbar_bright_T4a_mid+2=128006.0000  sbar_bright_T4b_mid+2=129179.7188  sbar_bright_T4c_mid+2=120994.7656  sbar_bright_T4d_mid+2=132220.6406  sbar_bright_T5a_mid+2=351386.4062  sbar_bright_T5b_mid+2=304132.5625  sbar_bright_T5c_mid+2=340031.6250  sbar_bright_T5d_mid+2=338716.1875  sbar_bright_T4a_mid-1=2862623.0000  sbar_bright_T4b_mid-1=2671045.2500  sbar_bright_T4c_mid-1=2817156.7500  sbar_bright_T4d_mid-1=2796555.5000  sbar_bright_T5a_mid-1=458323.1250  sbar_bright_T5b_mid-1=455735.4375  sbar_bright_T5c_mid-1=466744.5625  sbar_bright_T5d_mid-1=460437.6875  sbar_bright_T4a_mid-2=660474.9375  sbar_bright_T4b_mid-2=673031.4375  sbar_bright_T4c_mid-2=656180.4375  sbar_bright_T4d_mid-2=673051.3750  sbar_bright_T5b_mid-2=178185.8750  sbar_bright_T5c_mid-2=153814.5156  sbar_bright_T5d_mid-2=175597.2188  sbar_bright_T5a_mid-2=162621.3750  sbar_bright_T4a_mid-1.5=287937.0938  sbar_bright_T4b_mid-1.5=292018.7500  sbar_bright_T4c_mid-1.5=277857.3750  sbar_bright_T4d_mid-1.5=311374.3125  sbar_bright_T5a_mid-1.5=145724.2656  sbar_bright_T5b_mid-1.5=145603.7500  sbar_bright_T5c_mid-1.5=138595.6719  sbar_bright_T5d_mid-1.5=136683.2344  sbar_bright_T4a_mid-0.5=1553248.0000  sbar_bright_T4b_mid-0.5=1583649.2500  sbar_bright_T4c_mid-0.5=1571330.5000  sbar_bright_T4d_mid-0.5=1585283.5000  sbar_bright_T5a_mid-0.5=175838.9844  sbar_bright_T5b_mid-0.5=178234.8750  sbar_bright_T5c_mid-0.5=180562.3125  sbar_bright_T5d_mid-0.5=170692.2500  sbar_bright_T4a_mid+0.5=349593.8125  sbar_bright_T4b_mid+0.5=324586.5000  sbar_bright_T4c_mid+0.5=353466.8750  sbar_bright_T4d_mid+0.5=340232.4688  sbar_bright_T5a_mid+0.5=74996.5547  sbar_bright_T5b_mid+0.5=76851.7266  sbar_bright_T5c_mid+0.5=74362.6016  sbar_bright_T5d_mid+0.5=71819.5469  sbar_bright_T4b_mid+1.5=35679.1133  sbar_bright_T4c_mid+1.5=36142.4727  sbar_bright_T4d_mid+1.5=35287.6211  sbar_bright_T5a_mid+1.5=70371.9297  sbar_bright_T5b_mid+1.5=72430.7656  sbar_bright_T5c_mid+1.5=70456.3281  sbar_bright_T5d_mid+1.5=58736.6719  sbar_bright_T4a_mid+1.5=33608.6602  sbar_dark_T4a_mid+0=42393.8203  sbar_dark_T4b_mid+0=40939.5195  sbar_dark_T4c_mid+0=41395.2578  sbar_dark_T4d_mid+0=41408.1836  sbar_dark_T5a_mid+0=751798.3750  sbar_dark_T5b_mid+0=769289.7500  sbar_dark_T5c_mid+0=778614.7500  sbar_dark_T5d_mid+0=824672.1250  sbar_dark_T4a_mid+1=42338.9023  sbar_dark_T4b_mid+1=39704.6875  sbar_dark_T4c_mid+1=36950.0156  sbar_dark_T4d_mid+1=37006.3438  sbar_dark_T5a_mid+1=322514.7812  sbar_dark_T5b_mid+1=360604.9375  sbar_dark_T5c_mid+1=334839.4688  sbar_dark_T5d_mid+1=343893.3750  sbar_dark_T4a_mid+2=39464.9219  sbar_dark_T4b_mid+2=38926.1484  sbar_dark_T4c_mid+2=34218.7031  sbar_dark_T4d_mid+2=41097.4844  sbar_dark_T5a_mid+2=432246.1562  sbar_dark_T5b_mid+2=375183.9062  sbar_dark_T5c_mid+2=418010.3125  sbar_dark_T5d_mid+2=418059.3750  sbar_dark_T4a_mid-1=94390.4062  sbar_dark_T4b_mid-1=104739.5547  sbar_dark_T4c_mid-1=99922.7812  sbar_dark_T4d_mid-1=102227.2031  sbar_dark_T5a_mid-1=2368832.7500  sbar_dark_T5b_mid-1=2320022.2500  sbar_dark_T5c_mid-1=2347138.7500  sbar_dark_T5d_mid-1=2399506.7500  sbar_dark_T4a_mid-2=22581.9199  sbar_dark_T4b_mid-2=17887.8105  sbar_dark_T4c_mid-2=23114.4219  sbar_dark_T4d_mid-2=15569.7510  sbar_dark_T5b_mid-2=1287600.3750  sbar_dark_T5c_mid-2=1214888.5000  sbar_dark_T5d_mid-2=1290789.2500  sbar_dark_T5a_mid-2=1210946.0000  sbar_dark_T4a_mid-1.5=11891.5762  sbar_dark_T4b_mid-1.5=9454.2686  sbar_dark_T4c_mid-1.5=11977.4346  sbar_dark_T4d_mid-1.5=6969.7109  sbar_dark_T5a_mid-1.5=386051.8750  sbar_dark_T5b_mid-1.5=395470.3438  sbar_dark_T5c_mid-1.5=366982.6875  sbar_dark_T5d_mid-1.5=369709.3125  sbar_dark_T4a_mid-0.5=34805.7305  sbar_dark_T4b_mid-0.5=33247.7734  sbar_dark_T4c_mid-0.5=33372.5625  sbar_dark_T4d_mid-0.5=31567.0996  sbar_dark_T5a_mid-0.5=916249.4375  sbar_dark_T5b_mid-0.5=948572.0625  sbar_dark_T5c_mid-0.5=957496.8125  sbar_dark_T5d_mid-0.5=878374.8125  sbar_dark_T4a_mid+0.5=11657.0332  sbar_dark_T4b_mid+0.5=7539.5049  sbar_dark_T4c_mid+0.5=12622.6523  sbar_dark_T4d_mid+0.5=9008.9404  sbar_dark_T5a_mid+0.5=210006.0156  sbar_dark_T5b_mid+0.5=218544.2344  sbar_dark_T5c_mid+0.5=207480.8438  sbar_dark_T5d_mid+0.5=198227.6562  sbar_dark_T4b_mid+1.5=17500.7754  sbar_dark_T4c_mid+1.5=15017.4326  sbar_dark_T4d_mid+1.5=15959.9600  sbar_dark_T5a_mid+1.5=61300.5312  sbar_dark_T5b_mid+1.5=63296.1641  sbar_dark_T5c_mid+1.5=62399.4766  sbar_dark_T5d_mid+1.5=51728.4375  sbar_dark_T4a_mid+1.5=16672.8535]  3%|▎         | 10/300 [00:04<02:01,  2.40it/s] Cost: 456431.5625  [sbar_bright_T4a_mid+0=1595305.0000  sbar_bright_T4b_mid+0=1623643.8750  sbar_bright_T4c_mid+0=1547557.7500  sbar_bright_T4d_mid+0=1544915.5000  sbar_bright_T5a_mid+0=205928.1719  sbar_bright_T5b_mid+0=199760.8594  sbar_bright_T5c_mid+0=207433.7812  sbar_bright_T5d_mid+0=206890.3594  sbar_bright_T4a_mid+1=350856.5000  sbar_bright_T4b_mid+1=381994.5625  sbar_bright_T4c_mid+1=374318.4375  sbar_bright_T4d_mid+1=372964.4062  sbar_bright_T5a_mid+1=184455.9219  sbar_bright_T5b_mid+1=200257.1719  sbar_bright_T5c_mid+1=184916.3438  sbar_bright_T5d_mid+1=192298.3906  sbar_bright_T4a_mid+2=113995.4219  sbar_bright_T4b_mid+2=113643.0234  sbar_bright_T4c_mid+2=110135.5938  sbar_bright_T4d_mid+2=116087.9531  sbar_bright_T5a_mid+2=332376.6250  sbar_bright_T5b_mid+2=316458.2812  sbar_bright_T5c_mid+2=328071.9062  sbar_bright_T5d_mid+2=331532.9375  sbar_bright_T4a_mid-1=2784470.7500  sbar_bright_T4b_mid-1=2614104.5000  sbar_bright_T4c_mid-1=2776218.0000  sbar_bright_T4d_mid-1=2771429.7500  sbar_bright_T5a_mid-1=444376.6562  sbar_bright_T5b_mid-1=443577.3438  sbar_bright_T5c_mid-1=446108.9062  sbar_bright_T5d_mid-1=444123.2812  sbar_bright_T4a_mid-2=683952.8125  sbar_bright_T4b_mid-2=682377.8125  sbar_bright_T4c_mid-2=678459.3750  sbar_bright_T4d_mid-2=675544.1250  sbar_bright_T5b_mid-2=154765.0938  sbar_bright_T5c_mid-2=155408.7812  sbar_bright_T5d_mid-2=155810.0781  sbar_bright_T5a_mid-2=151172.2188  sbar_bright_T4a_mid-1.5=294396.4688  sbar_bright_T4b_mid-1.5=297137.8125  sbar_bright_T4c_mid-1.5=292544.5312  sbar_bright_T4d_mid-1.5=299952.1562  sbar_bright_T5a_mid-1.5=137559.5469  sbar_bright_T5b_mid-1.5=140342.5938  sbar_bright_T5c_mid-1.5=138566.6094  sbar_bright_T5d_mid-1.5=126072.6484  sbar_bright_T4a_mid-0.5=1588843.0000  sbar_bright_T4b_mid-0.5=1569384.0000  sbar_bright_T4c_mid-0.5=1573965.5000  sbar_bright_T4d_mid-0.5=1593421.1250  sbar_bright_T5a_mid-0.5=175294.3125  sbar_bright_T5b_mid-0.5=175793.0469  sbar_bright_T5c_mid-0.5=175081.7344  sbar_bright_T5d_mid-0.5=174629.9688  sbar_bright_T4a_mid+0.5=343908.6250  sbar_bright_T4b_mid+0.5=334106.0000  sbar_bright_T4c_mid+0.5=340518.5625  sbar_bright_T4d_mid+0.5=339960.0938  sbar_bright_T5a_mid+0.5=74443.3750  sbar_bright_T5b_mid+0.5=75138.8125  sbar_bright_T5c_mid+0.5=75469.5000  sbar_bright_T5d_mid+0.5=74944.5078  sbar_bright_T4b_mid+1.5=35452.1758  sbar_bright_T4c_mid+1.5=34520.6406  sbar_bright_T4d_mid+1.5=34270.2031  sbar_bright_T5a_mid+1.5=69493.0469  sbar_bright_T5b_mid+1.5=70565.1641  sbar_bright_T5c_mid+1.5=68776.4219  sbar_bright_T5d_mid+1.5=62066.9336  sbar_bright_T4a_mid+1.5=30792.3320  sbar_dark_T4a_mid+0=34431.2109  sbar_dark_T4b_mid+0=37924.9219  sbar_dark_T4c_mid+0=35576.2227  sbar_dark_T4d_mid+0=33895.7188  sbar_dark_T5a_mid+0=772613.6250  sbar_dark_T5b_mid+0=746509.7500  sbar_dark_T5c_mid+0=771985.6875  sbar_dark_T5d_mid+0=779539.0625  sbar_dark_T4a_mid+1=31749.3984  sbar_dark_T4b_mid+1=38364.6719  sbar_dark_T4c_mid+1=34738.2031  sbar_dark_T4d_mid+1=33392.4609  sbar_dark_T5a_mid+1=333556.1250  sbar_dark_T5b_mid+1=361232.9062  sbar_dark_T5c_mid+1=333025.3750  sbar_dark_T5d_mid+1=347785.7188  sbar_dark_T4a_mid+2=28264.1602  sbar_dark_T4b_mid+2=30157.3848  sbar_dark_T4c_mid+2=26986.7598  sbar_dark_T4d_mid+2=29516.1562  sbar_dark_T5a_mid+2=412258.4688  sbar_dark_T5b_mid+2=392464.9062  sbar_dark_T5c_mid+2=406634.0000  sbar_dark_T5d_mid+2=411328.8750  sbar_dark_T4a_mid-1=96586.2031  sbar_dark_T4b_mid-1=109493.7109  sbar_dark_T4c_mid-1=99054.1328  sbar_dark_T4d_mid-1=98768.6484  sbar_dark_T5a_mid-1=2329800.2500  sbar_dark_T5b_mid-1=2301162.2500  sbar_dark_T5c_mid-1=2310142.5000  sbar_dark_T5d_mid-1=2330567.5000  sbar_dark_T4a_mid-2=10868.6689  sbar_dark_T4b_mid-2=14420.3486  sbar_dark_T4c_mid-2=12725.9473  sbar_dark_T4d_mid-2=12164.4180  sbar_dark_T5b_mid-2=1242950.1250  sbar_dark_T5c_mid-2=1243884.6250  sbar_dark_T5d_mid-2=1250383.3750  sbar_dark_T5a_mid-2=1209670.6250  sbar_dark_T4a_mid-1.5=6729.1807  sbar_dark_T4b_mid-1.5=7165.7285  sbar_dark_T4c_mid-1.5=7170.4199  sbar_dark_T4d_mid-1.5=6343.2622  sbar_dark_T5a_mid-1.5=375934.8750  sbar_dark_T5b_mid-1.5=383521.5938  sbar_dark_T5c_mid-1.5=377119.0625  sbar_dark_T5d_mid-1.5=344910.0938  sbar_dark_T4a_mid-0.5=30762.5996  sbar_dark_T4b_mid-0.5=33517.6680  sbar_dark_T4c_mid-0.5=31980.6680  sbar_dark_T4d_mid-0.5=30496.6406  sbar_dark_T5a_mid-0.5=939298.6250  sbar_dark_T5b_mid-0.5=943106.1875  sbar_dark_T5c_mid-0.5=932759.2500  sbar_dark_T5d_mid-0.5=934460.8125  sbar_dark_T4a_mid+0.5=8844.3320  sbar_dark_T4b_mid+0.5=8279.7012  sbar_dark_T4c_mid+0.5=9391.1865  sbar_dark_T4d_mid+0.5=8387.3984  sbar_dark_T5a_mid+0.5=215542.3438  sbar_dark_T5b_mid+0.5=216923.8438  sbar_dark_T5c_mid+0.5=218092.1562  sbar_dark_T5d_mid+0.5=217309.7500  sbar_dark_T4b_mid+1.5=13892.8359  sbar_dark_T4c_mid+1.5=12449.8652  sbar_dark_T4d_mid+1.5=14361.3848  sbar_dark_T5a_mid+1.5=59766.5312  sbar_dark_T5b_mid+1.5=60631.9141  sbar_dark_T5c_mid+1.5=59504.6406  sbar_dark_T5d_mid+1.5=53440.8633  sbar_dark_T4a_mid+1.5=12375.7891]:   7%|▋         | 20/300 [00:08<01:55,  2.43it/s] Cost: 449346.4062  [sbar_bright_T4a_mid+0=1557588.6250  sbar_bright_T4b_mid+0=1577951.8750  sbar_bright_T4c_mid+0=1529226.1250  sbar_bright_T4d_mid+0=1517972.6250  sbar_bright_T5a_mid+0=188352.1719  sbar_bright_T5b_mid+0=173900.6406  sbar_bright_T5c_mid+0=192101.6250  sbar_bright_T5d_mid+0=183572.0625  sbar_bright_T4a_mid+1=358498.9688  sbar_bright_T4b_mid+1=390988.8438  sbar_bright_T4c_mid+1=370367.3750  sbar_bright_T4d_mid+1=370184.4688  sbar_bright_T5a_mid+1=193130.0781  sbar_bright_T5b_mid+1=217033.1719  sbar_bright_T5c_mid+1=184052.6562  sbar_bright_T5d_mid+1=194585.4375  sbar_bright_T4a_mid+2=121845.6953  sbar_bright_T4b_mid+2=132257.4375  sbar_bright_T4c_mid+2=106420.9766  sbar_bright_T4d_mid+2=130572.6719  sbar_bright_T5a_mid+2=346463.9062  sbar_bright_T5b_mid+2=326305.0312  sbar_bright_T5c_mid+2=339383.4688  sbar_bright_T5d_mid+2=343606.1250  sbar_bright_T4a_mid-1=2780756.0000  sbar_bright_T4b_mid-1=2547893.7500  sbar_bright_T4c_mid-1=2773685.0000  sbar_bright_T4d_mid-1=2758345.7500  sbar_bright_T5a_mid-1=451482.3125  sbar_bright_T5b_mid-1=451846.7500  sbar_bright_T5c_mid-1=457406.5000  sbar_bright_T5d_mid-1=448678.5625  sbar_bright_T4a_mid-2=675397.6250  sbar_bright_T4b_mid-2=682413.8125  sbar_bright_T4c_mid-2=676101.5625  sbar_bright_T4d_mid-2=651283.2500  sbar_bright_T5b_mid-2=168465.0000  sbar_bright_T5c_mid-2=158256.1719  sbar_bright_T5d_mid-2=165269.3125  sbar_bright_T5a_mid-2=167322.3906  sbar_bright_T4a_mid-1.5=287910.4062  sbar_bright_T4b_mid-1.5=286101.2188  sbar_bright_T4c_mid-1.5=294153.1250  sbar_bright_T4d_mid-1.5=305663.7812  sbar_bright_T5a_mid-1.5=129887.3594  sbar_bright_T5b_mid-1.5=137552.9844  sbar_bright_T5c_mid-1.5=135784.7812  sbar_bright_T5d_mid-1.5=124120.8281  sbar_bright_T4a_mid-0.5=1568498.5000  sbar_bright_T4b_mid-0.5=1530792.5000  sbar_bright_T4c_mid-0.5=1562470.1250  sbar_bright_T4d_mid-0.5=1559106.8750  sbar_bright_T5a_mid-0.5=175994.2656  sbar_bright_T5b_mid-0.5=175501.0156  sbar_bright_T5c_mid-0.5=177576.9062  sbar_bright_T5d_mid-0.5=172735.7500  sbar_bright_T4a_mid+0.5=332881.5625  sbar_bright_T4b_mid+0.5=316606.2812  sbar_bright_T4c_mid+0.5=331214.2812  sbar_bright_T4d_mid+0.5=318379.8125  sbar_bright_T5a_mid+0.5=75702.1797  sbar_bright_T5b_mid+0.5=82626.4375  sbar_bright_T5c_mid+0.5=74107.0547  sbar_bright_T5d_mid+0.5=77359.0859  sbar_bright_T4b_mid+1.5=36550.4688  sbar_bright_T4c_mid+1.5=34981.4609  sbar_bright_T4d_mid+1.5=35335.8203  sbar_bright_T5a_mid+1.5=73925.8516  sbar_bright_T5b_mid+1.5=82898.5312  sbar_bright_T5c_mid+1.5=74961.3125  sbar_bright_T5d_mid+1.5=60316.6094  sbar_bright_T4a_mid+1.5=31178.5391  sbar_dark_T4a_mid+0=35092.1367  sbar_dark_T4b_mid+0=41350.1680  sbar_dark_T4c_mid+0=36162.0938  sbar_dark_T4d_mid+0=36755.9805  sbar_dark_T5a_mid+0=633746.9375  sbar_dark_T5b_mid+0=578186.5625  sbar_dark_T5c_mid+0=668760.8125  sbar_dark_T5d_mid+0=656723.4375  sbar_dark_T4a_mid+1=36681.4375  sbar_dark_T4b_mid+1=47290.2070  sbar_dark_T4c_mid+1=35974.7188  sbar_dark_T4d_mid+1=37724.6719  sbar_dark_T5a_mid+1=339016.7188  sbar_dark_T5b_mid+1=378576.0312  sbar_dark_T5c_mid+1=315061.5938  sbar_dark_T5d_mid+1=345027.1875  sbar_dark_T4a_mid+2=33967.5508  sbar_dark_T4b_mid+2=42006.4805  sbar_dark_T4c_mid+2=26548.3184  sbar_dark_T4d_mid+2=40097.0078  sbar_dark_T5a_mid+2=428060.9375  sbar_dark_T5b_mid+2=403180.5938  sbar_dark_T5c_mid+2=417964.0938  sbar_dark_T5d_mid+2=426380.8750  sbar_dark_T4a_mid-1=98749.9375  sbar_dark_T4b_mid-1=124068.2812  sbar_dark_T4c_mid-1=99829.6562  sbar_dark_T4d_mid-1=103437.5859  sbar_dark_T5a_mid-1=2308679.7500  sbar_dark_T5b_mid-1=2222568.0000  sbar_dark_T5c_mid-1=2238702.2500  sbar_dark_T5d_mid-1=2317006.7500  sbar_dark_T4a_mid-2=13741.9785  sbar_dark_T4b_mid-2=22847.2578  sbar_dark_T4c_mid-2=14501.8486  sbar_dark_T4d_mid-2=20342.2422  sbar_dark_T5b_mid-2=1246190.5000  sbar_dark_T5c_mid-2=1232158.5000  sbar_dark_T5d_mid-2=1248974.0000  sbar_dark_T5a_mid-2=1233351.3750  sbar_dark_T4a_mid-1.5=8137.9019  sbar_dark_T4b_mid-1.5=11417.4033  sbar_dark_T4c_mid-1.5=7170.8184  sbar_dark_T4d_mid-1.5=9705.9033  sbar_dark_T5a_mid-1.5=339786.0000  sbar_dark_T5b_mid-1.5=367966.8750  sbar_dark_T5c_mid-1.5=358771.9062  sbar_dark_T5d_mid-1.5=336770.1875  sbar_dark_T4a_mid-0.5=32449.0078  sbar_dark_T4b_mid-0.5=41968.8750  sbar_dark_T4c_mid-0.5=32799.3281  sbar_dark_T4d_mid-0.5=33121.0000  sbar_dark_T5a_mid-0.5=920411.8125  sbar_dark_T5b_mid-0.5=918900.0000  sbar_dark_T5c_mid-0.5=891550.5000  sbar_dark_T5d_mid-0.5=873369.3750  sbar_dark_T4a_mid+0.5=8578.9834  sbar_dark_T4b_mid+0.5=7069.1567  sbar_dark_T4c_mid+0.5=10118.6221  sbar_dark_T4d_mid+0.5=7378.5449  sbar_dark_T5a_mid+0.5=215703.3438  sbar_dark_T5b_mid+0.5=227036.8594  sbar_dark_T5c_mid+0.5=209838.6250  sbar_dark_T5d_mid+0.5=219121.0312  sbar_dark_T4b_mid+1.5=14082.0518  sbar_dark_T4c_mid+1.5=11298.9707  sbar_dark_T4d_mid+1.5=15961.5703  sbar_dark_T5a_mid+1.5=63918.7656  sbar_dark_T5b_mid+1.5=71726.9688  sbar_dark_T5c_mid+1.5=64706.0625  sbar_dark_T5d_mid+1.5=52840.8281  sbar_dark_T4a_mid+1.5=12863.9736]:  10%|█         | 30/300 [00:12<01:50,  2.43it/s] Cost: 392801.0625  [sbar_bright_T4a_mid+0=703225.1875  sbar_bright_T4b_mid+0=910920.0625  sbar_bright_T4c_mid+0=940764.3125  sbar_bright_T4d_mid+0=910077.1250  sbar_bright_T5a_mid+0=165569.9062  sbar_bright_T5b_mid+0=149346.0469  sbar_bright_T5c_mid+0=169305.5000  sbar_bright_T5d_mid+0=164822.5625  sbar_bright_T4a_mid+1=279037.6250  sbar_bright_T4b_mid+1=240103.1719  sbar_bright_T4c_mid+1=223687.9688  sbar_bright_T4d_mid+1=272830.5312  sbar_bright_T5a_mid+1=191206.7188  sbar_bright_T5b_mid+1=203708.4062  sbar_bright_T5c_mid+1=178756.5781  sbar_bright_T5d_mid+1=188523.2031  sbar_bright_T4a_mid+2=137115.7500  sbar_bright_T4b_mid+2=123108.7031  sbar_bright_T4c_mid+2=109868.1875  sbar_bright_T4d_mid+2=116149.6328  sbar_bright_T5a_mid+2=343973.5000  sbar_bright_T5b_mid+2=322264.5938  sbar_bright_T5c_mid+2=340466.1250  sbar_bright_T5d_mid+2=334747.0000  sbar_bright_T4a_mid-1=2207756.7500  sbar_bright_T4b_mid-1=2179419.7500  sbar_bright_T4c_mid-1=2311199.0000  sbar_bright_T4d_mid-1=2403138.2500  sbar_bright_T5a_mid-1=435617.9375  sbar_bright_T5b_mid-1=441780.6250  sbar_bright_T5c_mid-1=455151.6875  sbar_bright_T5d_mid-1=441940.7188  sbar_bright_T4a_mid-2=700859.0000  sbar_bright_T4b_mid-2=664318.4375  sbar_bright_T4c_mid-2=626336.5000  sbar_bright_T4d_mid-2=619942.3750  sbar_bright_T5b_mid-2=161118.9531  sbar_bright_T5c_mid-2=154883.2656  sbar_bright_T5d_mid-2=156350.5781  sbar_bright_T5a_mid-2=153075.9844  sbar_bright_T4a_mid-1.5=270151.9062  sbar_bright_T4b_mid-1.5=275046.4688  sbar_bright_T4c_mid-1.5=293848.6250  sbar_bright_T4d_mid-1.5=287990.9062  sbar_bright_T5a_mid-1.5=130979.3438  sbar_bright_T5b_mid-1.5=140545.9688  sbar_bright_T5c_mid-1.5=133202.6094  sbar_bright_T5d_mid-1.5=123838.6328  sbar_bright_T4a_mid-0.5=1296165.3750  sbar_bright_T4b_mid-0.5=1320412.7500  sbar_bright_T4c_mid-0.5=1480053.3750  sbar_bright_T4d_mid-0.5=1290764.7500  sbar_bright_T5a_mid-0.5=165968.6719  sbar_bright_T5b_mid-0.5=167186.9844  sbar_bright_T5c_mid-0.5=173082.3438  sbar_bright_T5d_mid-0.5=165060.9688  sbar_bright_T4a_mid+0.5=293894.1250  sbar_bright_T4b_mid+0.5=230990.7031  sbar_bright_T4c_mid+0.5=208432.1094  sbar_bright_T4d_mid+0.5=259819.8750  sbar_bright_T5a_mid+0.5=67648.7422  sbar_bright_T5b_mid+0.5=72950.0703  sbar_bright_T5c_mid+0.5=56979.3125  sbar_bright_T5d_mid+0.5=73220.8047  sbar_bright_T4b_mid+1.5=35350.6172  sbar_bright_T4c_mid+1.5=44092.1641  sbar_bright_T4d_mid+1.5=33581.4453  sbar_bright_T5a_mid+1.5=67230.3750  sbar_bright_T5b_mid+1.5=75851.0781  sbar_bright_T5c_mid+1.5=70033.3750  sbar_bright_T5d_mid+1.5=61798.9102  sbar_bright_T4a_mid+1.5=32563.4160  sbar_dark_T4a_mid+0=80431.9141  sbar_dark_T4b_mid+0=89160.8594  sbar_dark_T4c_mid+0=64338.3398  sbar_dark_T4d_mid+0=79433.0234  sbar_dark_T5a_mid+0=428726.1562  sbar_dark_T5b_mid+0=397755.4062  sbar_dark_T5c_mid+0=484117.7188  sbar_dark_T5d_mid+0=489327.6562  sbar_dark_T4a_mid+1=46544.2266  sbar_dark_T4b_mid+1=34954.9766  sbar_dark_T4c_mid+1=33202.3164  sbar_dark_T4d_mid+1=34592.4375  sbar_dark_T5a_mid+1=288674.0000  sbar_dark_T5b_mid+1=312167.8750  sbar_dark_T5c_mid+1=214040.6719  sbar_dark_T5d_mid+1=313066.0625  sbar_dark_T4a_mid+2=58872.6602  sbar_dark_T4b_mid+2=44949.8125  sbar_dark_T4c_mid+2=37217.5273  sbar_dark_T4d_mid+2=41056.4062  sbar_dark_T5a_mid+2=421941.7500  sbar_dark_T5b_mid+2=394370.7812  sbar_dark_T5c_mid+2=399436.0938  sbar_dark_T5d_mid+2=415329.9375  sbar_dark_T4a_mid-1=124788.5234  sbar_dark_T4b_mid-1=138920.7344  sbar_dark_T4c_mid-1=119973.0391  sbar_dark_T4d_mid-1=106599.3516  sbar_dark_T5a_mid-1=2135237.7500  sbar_dark_T5b_mid-1=2143630.0000  sbar_dark_T5c_mid-1=2032053.2500  sbar_dark_T5d_mid-1=2307013.2500  sbar_dark_T4a_mid-2=90955.4375  sbar_dark_T4b_mid-2=49005.6289  sbar_dark_T4c_mid-2=39352.9336  sbar_dark_T4d_mid-2=34386.0664  sbar_dark_T5b_mid-2=1241406.6250  sbar_dark_T5c_mid-2=1182128.0000  sbar_dark_T5d_mid-2=1251401.7500  sbar_dark_T5a_mid-2=1178300.3750  sbar_dark_T4a_mid-1.5=16782.4355  sbar_dark_T4b_mid-1.5=13275.0449  sbar_dark_T4c_mid-1.5=11631.9287  sbar_dark_T4d_mid-1.5=9305.8145  sbar_dark_T5a_mid-1.5=345944.4375  sbar_dark_T5b_mid-1.5=379498.1250  sbar_dark_T5c_mid-1.5=355490.0625  sbar_dark_T5d_mid-1.5=338975.5312  sbar_dark_T4a_mid-0.5=38774.9375  sbar_dark_T4b_mid-0.5=34343.3008  sbar_dark_T4c_mid-0.5=29860.6582  sbar_dark_T4d_mid-0.5=32469.8496  sbar_dark_T5a_mid-0.5=851410.6250  sbar_dark_T5b_mid-0.5=869730.1250  sbar_dark_T5c_mid-0.5=752966.8750  sbar_dark_T5d_mid-0.5=843469.0625  sbar_dark_T4a_mid+0.5=7817.0210  sbar_dark_T4b_mid+0.5=6739.9819  sbar_dark_T4c_mid+0.5=7883.0186  sbar_dark_T4d_mid+0.5=6295.0845  sbar_dark_T5a_mid+0.5=171656.0156  sbar_dark_T5b_mid+0.5=195809.3438  sbar_dark_T5c_mid+0.5=138007.5938  sbar_dark_T5d_mid+0.5=196676.4844  sbar_dark_T4b_mid+1.5=15150.7188  sbar_dark_T4c_mid+1.5=13030.8955  sbar_dark_T4d_mid+1.5=14674.4961  sbar_dark_T5a_mid+1.5=58337.9492  sbar_dark_T5b_mid+1.5=64772.4102  sbar_dark_T5c_mid+1.5=61287.2109  sbar_dark_T5d_mid+1.5=53645.2773  sbar_dark_T4a_mid+1.5=17590.8242]:   13%|█▎        | 40/300 [00:16<01:46,  2.44it/s] Cost: 379653.9375  [sbar_bright_T4a_mid+0=796936.2500  sbar_bright_T4b_mid+0=843903.8125  sbar_bright_T4c_mid+0=970246.6875  sbar_bright_T4d_mid+0=805609.6875  sbar_bright_T5a_mid+0=129368.6719  sbar_bright_T5b_mid+0=83388.0547  sbar_bright_T5c_mid+0=131132.8438  sbar_bright_T5d_mid+0=120914.6953  sbar_bright_T4a_mid+1=263313.1875  sbar_bright_T4b_mid+1=284815.1562  sbar_bright_T4c_mid+1=255690.5312  sbar_bright_T4d_mid+1=245902.9219  sbar_bright_T5a_mid+1=159564.0312  sbar_bright_T5b_mid+1=175176.0156  sbar_bright_T5c_mid+1=159522.4219  sbar_bright_T5d_mid+1=190583.0625  sbar_bright_T4a_mid+2=111977.5625  sbar_bright_T4b_mid+2=124937.7266  sbar_bright_T4c_mid+2=103798.8516  sbar_bright_T4d_mid+2=107104.3203  sbar_bright_T5a_mid+2=345858.7500  sbar_bright_T5b_mid+2=304345.8750  sbar_bright_T5c_mid+2=344309.8438  sbar_bright_T5d_mid+2=376918.2188  sbar_bright_T4a_mid-1=2432542.2500  sbar_bright_T4b_mid-1=2037507.3750  sbar_bright_T4c_mid-1=2482099.7500  sbar_bright_T4d_mid-1=2484355.5000  sbar_bright_T5a_mid-1=351039.0625  sbar_bright_T5b_mid-1=379270.0000  sbar_bright_T5c_mid-1=419661.8125  sbar_bright_T5d_mid-1=451667.1250  sbar_bright_T4a_mid-2=634442.8750  sbar_bright_T4b_mid-2=637402.5000  sbar_bright_T4c_mid-2=606952.8125  sbar_bright_T4d_mid-2=592675.0000  sbar_bright_T5b_mid-2=147293.6719  sbar_bright_T5c_mid-2=144127.4844  sbar_bright_T5d_mid-2=214129.5156  sbar_bright_T5a_mid-2=135520.5938  sbar_bright_T4a_mid-1.5=278849.4062  sbar_bright_T4b_mid-1.5=260084.9219  sbar_bright_T4c_mid-1.5=274917.6562  sbar_bright_T4d_mid-1.5=272678.5625  sbar_bright_T5a_mid-1.5=126139.3125  sbar_bright_T5b_mid-1.5=144264.9531  sbar_bright_T5c_mid-1.5=124590.0391  sbar_bright_T5d_mid-1.5=119213.1797  sbar_bright_T4a_mid-0.5=1368820.6250  sbar_bright_T4b_mid-0.5=1356153.1250  sbar_bright_T4c_mid-0.5=1458472.6250  sbar_bright_T4d_mid-0.5=1353531.0000  sbar_bright_T5a_mid-0.5=122080.8828  sbar_bright_T5b_mid-0.5=159163.9688  sbar_bright_T5c_mid-0.5=143617.7188  sbar_bright_T5d_mid-0.5=158927.1719  sbar_bright_T4a_mid+0.5=293227.4375  sbar_bright_T4b_mid+0.5=256003.0469  sbar_bright_T4c_mid+0.5=224136.2656  sbar_bright_T4d_mid+0.5=259786.9844  sbar_bright_T5a_mid+0.5=49685.3281  sbar_bright_T5b_mid+0.5=55060.9297  sbar_bright_T5c_mid+0.5=43164.4414  sbar_bright_T5d_mid+0.5=55213.9844  sbar_bright_T4b_mid+1.5=38263.0664  sbar_bright_T4c_mid+1.5=32222.7715  sbar_bright_T4d_mid+1.5=32519.5176  sbar_bright_T5a_mid+1.5=60014.2734  sbar_bright_T5b_mid+1.5=80725.1094  sbar_bright_T5c_mid+1.5=78829.6406  sbar_bright_T5d_mid+1.5=64912.7812  sbar_bright_T4a_mid+1.5=30885.8047  sbar_dark_T4a_mid+0=50351.5820  sbar_dark_T4b_mid+0=50119.5898  sbar_dark_T4c_mid+0=26051.9316  sbar_dark_T4d_mid+0=30585.3574  sbar_dark_T5a_mid+0=756885.8750  sbar_dark_T5b_mid+0=495732.2812  sbar_dark_T5c_mid+0=678291.6250  sbar_dark_T5d_mid+0=549950.1875  sbar_dark_T4a_mid+1=31112.3418  sbar_dark_T4b_mid+1=48794.9180  sbar_dark_T4c_mid+1=26001.6035  sbar_dark_T4d_mid+1=26358.2793  sbar_dark_T5a_mid+1=250276.8906  sbar_dark_T5b_mid+1=291022.5625  sbar_dark_T5c_mid+1=305989.7812  sbar_dark_T5d_mid+1=289987.2812  sbar_dark_T4a_mid+2=32849.9336  sbar_dark_T4b_mid+2=48082.0742  sbar_dark_T4c_mid+2=30363.9375  sbar_dark_T4d_mid+2=32846.9219  sbar_dark_T5a_mid+2=416902.7812  sbar_dark_T5b_mid+2=375508.1250  sbar_dark_T5c_mid+2=408461.3125  sbar_dark_T5d_mid+2=450604.6875  sbar_dark_T4a_mid-1=103339.3750  sbar_dark_T4b_mid-1=210336.5000  sbar_dark_T4c_mid-1=103656.2109  sbar_dark_T4d_mid-1=112804.2500  sbar_dark_T5a_mid-1=1915754.7500  sbar_dark_T5b_mid-1=1980779.6250  sbar_dark_T5c_mid-1=1862090.7500  sbar_dark_T5d_mid-1=2100386.0000  sbar_dark_T4a_mid-2=28387.8203  sbar_dark_T4b_mid-2=63203.9453  sbar_dark_T4c_mid-2=28467.3105  sbar_dark_T4d_mid-2=36681.2109  sbar_dark_T5b_mid-2=1139923.1250  sbar_dark_T5c_mid-2=988075.2500  sbar_dark_T5d_mid-2=1142990.8750  sbar_dark_T5a_mid-2=1011116.4375  sbar_dark_T4a_mid-1.5=9867.9961  sbar_dark_T4b_mid-1.5=18747.2324  sbar_dark_T4c_mid-1.5=9777.9727  sbar_dark_T4d_mid-1.5=12296.9141  sbar_dark_T5a_mid-1.5=335053.3438  sbar_dark_T5b_mid-1.5=388835.5938  sbar_dark_T5c_mid-1.5=298430.0938  sbar_dark_T5d_mid-1.5=303507.4688  sbar_dark_T4a_mid-0.5=23609.9023  sbar_dark_T4b_mid-0.5=38349.8672  sbar_dark_T4c_mid-0.5=22536.8711  sbar_dark_T4d_mid-0.5=30900.0957  sbar_dark_T5a_mid-0.5=731833.8125  sbar_dark_T5b_mid-0.5=889662.8125  sbar_dark_T5c_mid-0.5=539337.5625  sbar_dark_T5d_mid-0.5=590037.3750  sbar_dark_T4a_mid+0.5=7068.2163  sbar_dark_T4b_mid+0.5=10739.7295  sbar_dark_T4c_mid+0.5=8339.0859  sbar_dark_T4d_mid+0.5=3992.5293  sbar_dark_T5a_mid+0.5=144497.5938  sbar_dark_T5b_mid+0.5=161826.7031  sbar_dark_T5c_mid+0.5=138325.5156  sbar_dark_T5d_mid+0.5=143730.0156  sbar_dark_T4b_mid+1.5=19588.6191  sbar_dark_T4c_mid+1.5=13748.9766  sbar_dark_T4d_mid+1.5=13696.8740  sbar_dark_T5a_mid+1.5=53361.6953  sbar_dark_T5b_mid+1.5=70469.7031  sbar_dark_T5c_mid+1.5=70323.6250  sbar_dark_T5d_mid+1.5=57393.9102  sbar_dark_T4a_mid+1.5=17000.7930]:    17%|█▋        | 50/300 [00:20<01:42,  2.44it/s] Cost: 322437.4062  [sbar_bright_T4a_mid+0=447762.9375  sbar_bright_T4b_mid+0=592568.1875  sbar_bright_T4c_mid+0=452305.5625  sbar_bright_T4d_mid+0=293816.1250  sbar_bright_T5a_mid+0=148007.9844  sbar_bright_T5b_mid+0=172145.1875  sbar_bright_T5c_mid+0=125638.2578  sbar_bright_T5d_mid+0=119279.2500  sbar_bright_T4a_mid+1=256681.7188  sbar_bright_T4b_mid+1=240127.6719  sbar_bright_T4c_mid+1=242990.6250  sbar_bright_T4d_mid+1=257685.2188  sbar_bright_T5a_mid+1=132545.5625  sbar_bright_T5b_mid+1=147738.8125  sbar_bright_T5c_mid+1=145374.3750  sbar_bright_T5d_mid+1=121853.0000  sbar_bright_T4a_mid+2=126024.9922  sbar_bright_T4b_mid+2=118110.1094  sbar_bright_T4c_mid+2=119309.0938  sbar_bright_T4d_mid+2=86187.6250  sbar_bright_T5a_mid+2=309621.5625  sbar_bright_T5b_mid+2=291779.1875  sbar_bright_T5c_mid+2=308198.6562  sbar_bright_T5d_mid+2=279999.0312  sbar_bright_T4a_mid-1=2078420.0000  sbar_bright_T4b_mid-1=1971985.0000  sbar_bright_T4c_mid-1=1945545.6250  sbar_bright_T4d_mid-1=1625773.0000  sbar_bright_T5a_mid-1=328734.9375  sbar_bright_T5b_mid-1=337495.9062  sbar_bright_T5c_mid-1=341693.2500  sbar_bright_T5d_mid-1=378726.1250  sbar_bright_T4a_mid-2=578319.5000  sbar_bright_T4b_mid-2=610337.6250  sbar_bright_T4c_mid-2=500979.7500  sbar_bright_T4d_mid-2=331408.6562  sbar_bright_T5b_mid-2=133498.1562  sbar_bright_T5c_mid-2=128557.9688  sbar_bright_T5d_mid-2=121920.3359  sbar_bright_T5a_mid-2=117771.7031  sbar_bright_T4a_mid-1.5=236776.7969  sbar_bright_T4b_mid-1.5=248803.7812  sbar_bright_T4c_mid-1.5=231892.5781  sbar_bright_T4d_mid-1.5=166312.3594  sbar_bright_T5a_mid-1.5=121986.0078  sbar_bright_T5b_mid-1.5=136956.4844  sbar_bright_T5c_mid-1.5=121795.9453  sbar_bright_T5d_mid-1.5=107019.7266  sbar_bright_T4a_mid-0.5=1068208.3750  sbar_bright_T4b_mid-0.5=1205324.6250  sbar_bright_T4c_mid-0.5=1123087.8750  sbar_bright_T4d_mid-0.5=893081.9375  sbar_bright_T5a_mid-0.5=116103.4766  sbar_bright_T5b_mid-0.5=138932.2500  sbar_bright_T5c_mid-0.5=110384.5234  sbar_bright_T5d_mid-0.5=147806.0625  sbar_bright_T4a_mid+0.5=257909.8281  sbar_bright_T4b_mid+0.5=180752.4375  sbar_bright_T4c_mid+0.5=149586.4688  sbar_bright_T4d_mid+0.5=104698.0234  sbar_bright_T5a_mid+0.5=55770.0078  sbar_bright_T5b_mid+0.5=40953.0977  sbar_bright_T5c_mid+0.5=40870.7969  sbar_bright_T5d_mid+0.5=31580.7871  sbar_bright_T4b_mid+1.5=34264.9336  sbar_bright_T4c_mid+1.5=64969.6875  sbar_bright_T4d_mid+1.5=48460.3125  sbar_bright_T5a_mid+1.5=56055.5156  sbar_bright_T5b_mid+1.5=61911.7734  sbar_bright_T5c_mid+1.5=63459.6484  sbar_bright_T5d_mid+1.5=50538.5977  sbar_bright_T4a_mid+1.5=33398.0312  sbar_dark_T4a_mid+0=139413.1250  sbar_dark_T4b_mid+0=107567.8125  sbar_dark_T4c_mid+0=132963.7188  sbar_dark_T4d_mid+0=220029.5625  sbar_dark_T5a_mid+0=634517.3750  sbar_dark_T5b_mid+0=606290.1250  sbar_dark_T5c_mid+0=490944.6875  sbar_dark_T5d_mid+0=377103.8125  sbar_dark_T4a_mid+1=43122.7148  sbar_dark_T4b_mid+1=32427.6836  sbar_dark_T4c_mid+1=44444.2539  sbar_dark_T4d_mid+1=61353.3867  sbar_dark_T5a_mid+1=211476.9844  sbar_dark_T5b_mid+1=238528.0156  sbar_dark_T5c_mid+1=302928.5000  sbar_dark_T5d_mid+1=186068.3594  sbar_dark_T4a_mid+2=51985.8984  sbar_dark_T4b_mid+2=45190.7344  sbar_dark_T4c_mid+2=53709.8203  sbar_dark_T4d_mid+2=52844.9141  sbar_dark_T5a_mid+2=343490.1562  sbar_dark_T5b_mid+2=331541.1250  sbar_dark_T5c_mid+2=342966.7188  sbar_dark_T5d_mid+2=312248.9375  sbar_dark_T4a_mid-1=127009.3047  sbar_dark_T4b_mid-1=160913.5000  sbar_dark_T4c_mid-1=190624.0938  sbar_dark_T4d_mid-1=341084.7500  sbar_dark_T5a_mid-1=1710982.7500  sbar_dark_T5b_mid-1=1828104.7500  sbar_dark_T5c_mid-1=1655574.0000  sbar_dark_T5d_mid-1=1612491.0000  sbar_dark_T4a_mid-2=72018.3672  sbar_dark_T4b_mid-2=43915.9102  sbar_dark_T4c_mid-2=145630.0469  sbar_dark_T4d_mid-2=224074.8281  sbar_dark_T5b_mid-2=1057480.6250  sbar_dark_T5c_mid-2=899655.5625  sbar_dark_T5d_mid-2=812676.2500  sbar_dark_T5a_mid-2=924387.0625  sbar_dark_T4a_mid-1.5=16594.7227  sbar_dark_T4b_mid-1.5=13915.7744  sbar_dark_T4c_mid-1.5=25035.0137  sbar_dark_T4d_mid-1.5=54834.0820  sbar_dark_T5a_mid-1.5=326570.1250  sbar_dark_T5b_mid-1.5=365843.2188  sbar_dark_T5c_mid-1.5=302675.0625  sbar_dark_T5d_mid-1.5=272516.0000  sbar_dark_T4a_mid-0.5=28613.2266  sbar_dark_T4b_mid-0.5=31909.3008  sbar_dark_T4c_mid-0.5=31295.3008  sbar_dark_T4d_mid-0.5=95818.4375  sbar_dark_T5a_mid-0.5=641956.4375  sbar_dark_T5b_mid-0.5=775734.8750  sbar_dark_T5c_mid-0.5=488935.2500  sbar_dark_T5d_mid-0.5=515258.3125  sbar_dark_T4a_mid+0.5=8960.4648  sbar_dark_T4b_mid+0.5=6058.7739  sbar_dark_T4c_mid+0.5=22187.4141  sbar_dark_T4d_mid+0.5=15608.6250  sbar_dark_T5a_mid+0.5=128837.3438  sbar_dark_T5b_mid+0.5=105836.5938  sbar_dark_T5c_mid+0.5=111531.5234  sbar_dark_T5d_mid+0.5=70109.8203  sbar_dark_T4b_mid+1.5=16799.7949  sbar_dark_T4c_mid+1.5=26487.7832  sbar_dark_T4d_mid+1.5=7689.6001  sbar_dark_T5a_mid+1.5=50967.7500  sbar_dark_T5b_mid+1.5=58909.9062  sbar_dark_T5c_mid+1.5=57783.8828  sbar_dark_T5d_mid+1.5=47622.4727  sbar_dark_T4a_mid+1.5=21728.6270]:  20%|██        | 60/300 [00:24<01:38,  2.44it/s] Cost: 290315.9062  [sbar_bright_T4a_mid+0=444187.9688  sbar_bright_T4b_mid+0=480561.4062  sbar_bright_T4c_mid+0=475479.3438  sbar_bright_T4d_mid+0=313306.6875  sbar_bright_T5a_mid+0=207901.6406  sbar_bright_T5b_mid+0=172921.0156  sbar_bright_T5c_mid+0=164228.5625  sbar_bright_T5d_mid+0=310677.3438  sbar_bright_T4a_mid+1=326408.0938  sbar_bright_T4b_mid+1=289675.8438  sbar_bright_T4c_mid+1=283132.4688  sbar_bright_T4d_mid+1=260166.3594  sbar_bright_T5a_mid+1=132619.0625  sbar_bright_T5b_mid+1=137334.4219  sbar_bright_T5c_mid+1=155489.4844  sbar_bright_T5d_mid+1=138472.0781  sbar_bright_T4a_mid+2=149122.2500  sbar_bright_T4b_mid+2=177150.1250  sbar_bright_T4c_mid+2=113021.2188  sbar_bright_T4d_mid+2=73029.7344  sbar_bright_T5a_mid+2=281228.5000  sbar_bright_T5b_mid+2=252608.2344  sbar_bright_T5c_mid+2=279602.0000  sbar_bright_T5d_mid+2=143459.8594  sbar_bright_T4a_mid-1=1771026.5000  sbar_bright_T4b_mid-1=1424374.6250  sbar_bright_T4c_mid-1=1879217.6250  sbar_bright_T4d_mid-1=1522496.0000  sbar_bright_T5a_mid-1=316689.6250  sbar_bright_T5b_mid-1=340077.8750  sbar_bright_T5c_mid-1=354187.0625  sbar_bright_T5d_mid-1=503727.3750  sbar_bright_T4a_mid-2=525415.5000  sbar_bright_T4b_mid-2=537927.4375  sbar_bright_T4c_mid-2=460034.4375  sbar_bright_T4d_mid-2=258962.4219  sbar_bright_T5b_mid-2=110651.8047  sbar_bright_T5c_mid-2=146344.8906  sbar_bright_T5d_mid-2=143971.0156  sbar_bright_T5a_mid-2=120307.8359  sbar_bright_T4a_mid-1.5=211684.3281  sbar_bright_T4b_mid-1.5=201072.7500  sbar_bright_T4c_mid-1.5=221595.5781  sbar_bright_T4d_mid-1.5=136279.2656  sbar_bright_T5a_mid-1.5=108311.8359  sbar_bright_T5b_mid-1.5=129113.9844  sbar_bright_T5c_mid-1.5=108818.1484  sbar_bright_T5d_mid-1.5=80653.4062  sbar_bright_T4a_mid-0.5=840580.0625  sbar_bright_T4b_mid-0.5=898491.2500  sbar_bright_T4c_mid-0.5=1049045.6250  sbar_bright_T4d_mid-0.5=902886.2500  sbar_bright_T5a_mid-0.5=96935.0859  sbar_bright_T5b_mid-0.5=131336.5938  sbar_bright_T5c_mid-0.5=116345.9141  sbar_bright_T5d_mid-0.5=175221.4531  sbar_bright_T4a_mid+0.5=222865.9844  sbar_bright_T4b_mid+0.5=130030.3203  sbar_bright_T4c_mid+0.5=147285.4375  sbar_bright_T4d_mid+0.5=95844.0078  sbar_bright_T5a_mid+0.5=54984.8086  sbar_bright_T5b_mid+0.5=42269.7734  sbar_bright_T5c_mid+0.5=40309.8477  sbar_bright_T5d_mid+0.5=57072.4219  sbar_bright_T4b_mid+1.5=44011.2734  sbar_bright_T4c_mid+1.5=54878.9102  sbar_bright_T4d_mid+1.5=71195.9609  sbar_bright_T5a_mid+1.5=44535.9453  sbar_bright_T5b_mid+1.5=60489.8359  sbar_bright_T5c_mid+1.5=58060.9414  sbar_bright_T5d_mid+1.5=31227.5293  sbar_bright_T4a_mid+1.5=37277.6406  sbar_dark_T4a_mid+0=141468.4219  sbar_dark_T4b_mid+0=152986.3594  sbar_dark_T4c_mid+0=48377.2422  sbar_dark_T4d_mid+0=189847.2344  sbar_dark_T5a_mid+0=450631.4375  sbar_dark_T5b_mid+0=435878.2812  sbar_dark_T5c_mid+0=445212.6875  sbar_dark_T5d_mid+0=203075.3438  sbar_dark_T4a_mid+1=54327.5938  sbar_dark_T4b_mid+1=56308.7227  sbar_dark_T4c_mid+1=33116.7734  sbar_dark_T4d_mid+1=70606.1562  sbar_dark_T5a_mid+1=257248.5938  sbar_dark_T5b_mid+1=263585.2500  sbar_dark_T5c_mid+1=300277.5000  sbar_dark_T5d_mid+1=186415.7969  sbar_dark_T4a_mid+2=81120.7656  sbar_dark_T4b_mid+2=94210.0547  sbar_dark_T4c_mid+2=38731.7773  sbar_dark_T4d_mid+2=56062.0508  sbar_dark_T5a_mid+2=345297.1250  sbar_dark_T5b_mid+2=315378.5625  sbar_dark_T5c_mid+2=347120.1250  sbar_dark_T5d_mid+2=184956.9531  sbar_dark_T4a_mid-1=159938.4062  sbar_dark_T4b_mid-1=266362.3125  sbar_dark_T4c_mid-1=160602.0000  sbar_dark_T4d_mid-1=392576.8750  sbar_dark_T5a_mid-1=1497531.6250  sbar_dark_T5b_mid-1=1694369.0000  sbar_dark_T5c_mid-1=1430293.8750  sbar_dark_T5d_mid-1=919797.9375  sbar_dark_T4a_mid-2=128635.9609  sbar_dark_T4b_mid-2=124807.0547  sbar_dark_T4c_mid-2=117997.5781  sbar_dark_T4d_mid-2=221654.9219  sbar_dark_T5b_mid-2=929480.8750  sbar_dark_T5c_mid-2=721116.2500  sbar_dark_T5d_mid-2=388517.8438  sbar_dark_T5a_mid-2=801526.9375  sbar_dark_T4a_mid-1.5=20203.3691  sbar_dark_T4b_mid-1.5=29117.2305  sbar_dark_T4c_mid-1.5=21942.5059  sbar_dark_T4d_mid-1.5=72229.2109  sbar_dark_T5a_mid-1.5=267694.7812  sbar_dark_T5b_mid-1.5=333244.5000  sbar_dark_T5c_mid-1.5=255278.7031  sbar_dark_T5d_mid-1.5=138941.0000  sbar_dark_T4a_mid-0.5=23585.0605  sbar_dark_T4b_mid-0.5=43236.0977  sbar_dark_T4c_mid-0.5=25043.1621  sbar_dark_T4d_mid-0.5=99924.0156  sbar_dark_T5a_mid-0.5=577046.3750  sbar_dark_T5b_mid-0.5=753818.0000  sbar_dark_T5c_mid-0.5=385882.9688  sbar_dark_T5d_mid-0.5=382431.0312  sbar_dark_T4a_mid+0.5=13137.1562  sbar_dark_T4b_mid+0.5=11914.1270  sbar_dark_T4c_mid+0.5=11404.9229  sbar_dark_T4d_mid+0.5=20162.1211  sbar_dark_T5a_mid+0.5=137591.7031  sbar_dark_T5b_mid+0.5=119146.8906  sbar_dark_T5c_mid+0.5=122965.3750  sbar_dark_T5d_mid+0.5=52896.8164  sbar_dark_T4b_mid+1.5=26816.8398  sbar_dark_T4c_mid+1.5=16531.9531  sbar_dark_T4d_mid+1.5=13435.0713  sbar_dark_T5a_mid+1.5=76425.0156  sbar_dark_T5b_mid+1.5=87392.8984  sbar_dark_T5c_mid+1.5=77852.9141  sbar_dark_T5d_mid+1.5=76482.8672  sbar_dark_T4a_mid+1.5=26354.5312]:     23%|██▎       | 70/300 [00:28<01:34,  2.44it/s] Cost: 266971.1562  [sbar_bright_T4a_mid+0=412313.6875  sbar_bright_T4b_mid+0=412700.9375  sbar_bright_T4c_mid+0=392123.0625  sbar_bright_T4d_mid+0=338153.6250  sbar_bright_T5a_mid+0=199630.7656  sbar_bright_T5b_mid+0=217691.0312  sbar_bright_T5c_mid+0=139367.5000  sbar_bright_T5d_mid+0=241684.4688  sbar_bright_T4a_mid+1=320177.3750  sbar_bright_T4b_mid+1=293319.7500  sbar_bright_T4c_mid+1=318018.0625  sbar_bright_T4d_mid+1=280725.4375  sbar_bright_T5a_mid+1=94012.2344  sbar_bright_T5b_mid+1=103613.7344  sbar_bright_T5c_mid+1=99351.6641  sbar_bright_T5d_mid+1=138049.7031  sbar_bright_T4a_mid+2=131301.9688  sbar_bright_T4b_mid+2=170837.7188  sbar_bright_T4c_mid+2=131189.9844  sbar_bright_T4d_mid+2=72599.0000  sbar_bright_T5a_mid+2=218994.4062  sbar_bright_T5b_mid+2=189807.0000  sbar_bright_T5c_mid+2=197024.6094  sbar_bright_T5d_mid+2=134841.9531  sbar_bright_T4a_mid-1=1607195.0000  sbar_bright_T4b_mid-1=1396237.0000  sbar_bright_T4c_mid-1=1583461.0000  sbar_bright_T4d_mid-1=1468717.8750  sbar_bright_T5a_mid-1=371511.0625  sbar_bright_T5b_mid-1=367720.7812  sbar_bright_T5c_mid-1=378146.5000  sbar_bright_T5d_mid-1=521242.1875  sbar_bright_T4a_mid-2=454445.6875  sbar_bright_T4b_mid-2=487183.6875  sbar_bright_T4c_mid-2=337054.1250  sbar_bright_T4d_mid-2=271975.2500  sbar_bright_T5b_mid-2=93669.2109  sbar_bright_T5c_mid-2=101433.9531  sbar_bright_T5d_mid-2=93921.6641  sbar_bright_T5a_mid-2=101320.3047  sbar_bright_T4a_mid-1.5=179710.4531  sbar_bright_T4b_mid-1.5=187629.8594  sbar_bright_T4c_mid-1.5=172803.3906  sbar_bright_T4d_mid-1.5=147813.2656  sbar_bright_T5a_mid-1.5=93509.8359  sbar_bright_T5b_mid-1.5=100245.5938  sbar_bright_T5c_mid-1.5=78381.0781  sbar_bright_T5d_mid-1.5=71954.2344  sbar_bright_T4a_mid-0.5=740651.1875  sbar_bright_T4b_mid-0.5=829980.5625  sbar_bright_T4c_mid-0.5=823059.0625  sbar_bright_T4d_mid-0.5=771297.9375  sbar_bright_T5a_mid-0.5=85422.9766  sbar_bright_T5b_mid-0.5=107595.1094  sbar_bright_T5c_mid-0.5=132417.1250  sbar_bright_T5d_mid-0.5=158143.8125  sbar_bright_T4a_mid+0.5=185163.6094  sbar_bright_T4b_mid+0.5=129856.4375  sbar_bright_T4c_mid+0.5=164082.6250  sbar_bright_T4d_mid+0.5=89921.1172  sbar_bright_T5a_mid+0.5=46773.2422  sbar_bright_T5b_mid+0.5=29730.9492  sbar_bright_T5c_mid+0.5=28957.0762  sbar_bright_T5d_mid+0.5=61387.2266  sbar_bright_T4b_mid+1.5=60891.1211  sbar_bright_T4c_mid+1.5=109509.9688  sbar_bright_T4d_mid+1.5=82140.7891  sbar_bright_T5a_mid+1.5=28172.2871  sbar_bright_T5b_mid+1.5=43314.8203  sbar_bright_T5c_mid+1.5=32105.1016  sbar_bright_T5d_mid+1.5=28978.4434  sbar_bright_T4a_mid+1.5=46852.4414  sbar_dark_T4a_mid+0=179072.5469  sbar_dark_T4b_mid+0=126406.9844  sbar_dark_T4c_mid+0=88625.9297  sbar_dark_T4d_mid+0=216757.5000  sbar_dark_T5a_mid+0=385896.8125  sbar_dark_T5b_mid+0=356365.8750  sbar_dark_T5c_mid+0=343923.4062  sbar_dark_T5d_mid+0=90202.8828  sbar_dark_T4a_mid+1=35297.5820  sbar_dark_T4b_mid+1=41245.4727  sbar_dark_T4c_mid+1=32071.9023  sbar_dark_T4d_mid+1=60813.2891  sbar_dark_T5a_mid+1=203185.4062  sbar_dark_T5b_mid+1=210666.6562  sbar_dark_T5c_mid+1=219911.7344  sbar_dark_T5d_mid+1=136432.4219  sbar_dark_T4a_mid+2=56998.7930  sbar_dark_T4b_mid+2=69908.3125  sbar_dark_T4c_mid+2=40308.2930  sbar_dark_T4d_mid+2=35252.4609  sbar_dark_T5a_mid+2=298683.5000  sbar_dark_T5b_mid+2=270964.9375  sbar_dark_T5c_mid+2=277375.0625  sbar_dark_T5d_mid+2=150475.7812  sbar_dark_T4a_mid-1=174479.0781  sbar_dark_T4b_mid-1=220127.6875  sbar_dark_T4c_mid-1=196141.4375  sbar_dark_T4d_mid-1=325631.9688  sbar_dark_T5a_mid-1=1473136.3750  sbar_dark_T5b_mid-1=1543884.8750  sbar_dark_T5c_mid-1=1415308.8750  sbar_dark_T5d_mid-1=1063464.8750  sbar_dark_T4a_mid-2=89237.8516  sbar_dark_T4b_mid-2=87450.1562  sbar_dark_T4c_mid-2=156727.0469  sbar_dark_T4d_mid-2=174040.0781  sbar_dark_T5b_mid-2=861168.8125  sbar_dark_T5c_mid-2=702627.5000  sbar_dark_T5d_mid-2=440714.7500  sbar_dark_T5a_mid-2=789003.0625  sbar_dark_T4a_mid-1.5=23311.1816  sbar_dark_T4b_mid-1.5=21332.8340  sbar_dark_T4c_mid-1.5=38667.9531  sbar_dark_T4d_mid-1.5=53180.8281  sbar_dark_T5a_mid-1.5=248380.4688  sbar_dark_T5b_mid-1.5=287918.7500  sbar_dark_T5c_mid-1.5=236116.9219  sbar_dark_T5d_mid-1.5=130291.8047  sbar_dark_T4a_mid-0.5=38515.2305  sbar_dark_T4b_mid-0.5=44402.8945  sbar_dark_T4c_mid-0.5=30555.9590  sbar_dark_T4d_mid-0.5=92962.8828  sbar_dark_T5a_mid-0.5=577470.1250  sbar_dark_T5b_mid-0.5=690369.3125  sbar_dark_T5c_mid-0.5=413133.0312  sbar_dark_T5d_mid-0.5=407813.9375  sbar_dark_T4a_mid+0.5=9380.8682  sbar_dark_T4b_mid+0.5=8954.1348  sbar_dark_T4c_mid+0.5=22032.7578  sbar_dark_T4d_mid+0.5=17051.3145  sbar_dark_T5a_mid+0.5=109393.1484  sbar_dark_T5b_mid+0.5=104601.3984  sbar_dark_T5c_mid+0.5=107530.8594  sbar_dark_T5d_mid+0.5=44157.7383  sbar_dark_T4b_mid+1.5=20003.4023  sbar_dark_T4c_mid+1.5=16852.6230  sbar_dark_T4d_mid+1.5=9204.5420  sbar_dark_T5a_mid+1.5=61974.3516  sbar_dark_T5b_mid+1.5=70430.5938  sbar_dark_T5c_mid+1.5=59328.0664  sbar_dark_T5d_mid+1.5=61801.0352  sbar_dark_T4a_mid+1.5=15518.5752]:             27%|██▋       | 80/300 [00:32<01:30,  2.44it/s] Cost: 241299.2031  [sbar_bright_T4a_mid+0=436147.5000  sbar_bright_T4b_mid+0=422647.7812  sbar_bright_T4c_mid+0=332105.0625  sbar_bright_T4d_mid+0=327275.6875  sbar_bright_T5a_mid+0=255387.6875  sbar_bright_T5b_mid+0=173873.1875  sbar_bright_T5c_mid+0=143569.7500  sbar_bright_T5d_mid+0=261297.0938  sbar_bright_T4a_mid+1=291023.9375  sbar_bright_T4b_mid+1=275885.5938  sbar_bright_T4c_mid+1=282921.3750  sbar_bright_T4d_mid+1=276388.1875  sbar_bright_T5a_mid+1=84223.3828  sbar_bright_T5b_mid+1=100534.4688  sbar_bright_T5c_mid+1=104078.3281  sbar_bright_T5d_mid+1=132653.8125  sbar_bright_T4a_mid+2=104089.1094  sbar_bright_T4b_mid+2=160942.9062  sbar_bright_T4c_mid+2=110804.4453  sbar_bright_T4d_mid+2=67735.3359  sbar_bright_T5a_mid+2=192969.7969  sbar_bright_T5b_mid+2=174029.0000  sbar_bright_T5c_mid+2=168777.0000  sbar_bright_T5d_mid+2=117246.4844  sbar_bright_T4a_mid-1=1435072.0000  sbar_bright_T4b_mid-1=1253477.0000  sbar_bright_T4c_mid-1=1416959.7500  sbar_bright_T4d_mid-1=1335311.2500  sbar_bright_T5a_mid-1=342201.3750  sbar_bright_T5b_mid-1=308154.1875  sbar_bright_T5c_mid-1=354904.1562  sbar_bright_T5d_mid-1=477397.5625  sbar_bright_T4a_mid-2=371551.1875  sbar_bright_T4b_mid-2=406912.0000  sbar_bright_T4c_mid-2=268018.9062  sbar_bright_T4d_mid-2=235882.6250  sbar_bright_T5b_mid-2=74308.4141  sbar_bright_T5c_mid-2=105768.7422  sbar_bright_T5d_mid-2=109165.8125  sbar_bright_T5a_mid-2=94443.5000  sbar_bright_T4a_mid-1.5=141256.3125  sbar_bright_T4b_mid-1.5=156369.4062  sbar_bright_T4c_mid-1.5=143693.7188  sbar_bright_T4d_mid-1.5=131258.9375  sbar_bright_T5a_mid-1.5=80113.8750  sbar_bright_T5b_mid-1.5=78731.6641  sbar_bright_T5c_mid-1.5=60633.7266  sbar_bright_T5d_mid-1.5=57976.3594  sbar_bright_T4a_mid-0.5=678493.6875  sbar_bright_T4b_mid-0.5=743597.6250  sbar_bright_T4c_mid-0.5=758035.0625  sbar_bright_T4d_mid-0.5=699299.9375  sbar_bright_T5a_mid-0.5=70785.9297  sbar_bright_T5b_mid-0.5=101460.7500  sbar_bright_T5c_mid-0.5=113646.6953  sbar_bright_T5d_mid-0.5=134671.9688  sbar_bright_T4a_mid+0.5=154648.1406  sbar_bright_T4b_mid+0.5=139685.6094  sbar_bright_T4c_mid+0.5=119027.5625  sbar_bright_T4d_mid+0.5=104907.8828  sbar_bright_T5a_mid+0.5=41584.6406  sbar_bright_T5b_mid+0.5=33648.4258  sbar_bright_T5c_mid+0.5=30395.5625  sbar_bright_T5d_mid+0.5=56898.2031  sbar_bright_T4b_mid+1.5=69640.0078  sbar_bright_T4c_mid+1.5=133795.5469  sbar_bright_T4d_mid+1.5=84929.9297  sbar_bright_T5a_mid+1.5=34496.0391  sbar_bright_T5b_mid+1.5=40254.8164  sbar_bright_T5c_mid+1.5=28758.0742  sbar_bright_T5d_mid+1.5=27525.9746  sbar_bright_T4a_mid+1.5=47216.9922  sbar_dark_T4a_mid+0=202610.0938  sbar_dark_T4b_mid+0=140886.4531  sbar_dark_T4c_mid+0=83223.5859  sbar_dark_T4d_mid+0=228866.7500  sbar_dark_T5a_mid+0=295387.6875  sbar_dark_T5b_mid+0=259415.1406  sbar_dark_T5c_mid+0=234640.9375  sbar_dark_T5d_mid+0=103301.4688  sbar_dark_T4a_mid+1=51929.5195  sbar_dark_T4b_mid+1=46976.6953  sbar_dark_T4c_mid+1=33525.2461  sbar_dark_T4d_mid+1=67112.3359  sbar_dark_T5a_mid+1=198530.9219  sbar_dark_T5b_mid+1=211482.3750  sbar_dark_T5c_mid+1=221320.8906  sbar_dark_T5d_mid+1=150228.4844  sbar_dark_T4a_mid+2=74343.1250  sbar_dark_T4b_mid+2=84738.7422  sbar_dark_T4c_mid+2=45262.8281  sbar_dark_T4d_mid+2=40018.0352  sbar_dark_T5a_mid+2=260976.6875  sbar_dark_T5b_mid+2=243668.5469  sbar_dark_T5c_mid+2=228298.4219  sbar_dark_T5d_mid+2=146152.0781  sbar_dark_T4a_mid-1=174118.5000  sbar_dark_T4b_mid-1=208983.7656  sbar_dark_T4c_mid-1=197256.4375  sbar_dark_T4d_mid-1=303323.0000  sbar_dark_T5a_mid-1=1227189.0000  sbar_dark_T5b_mid-1=1395123.6250  sbar_dark_T5c_mid-1=1206635.3750  sbar_dark_T5d_mid-1=931153.3750  sbar_dark_T4a_mid-2=73438.7734  sbar_dark_T4b_mid-2=85344.8516  sbar_dark_T4c_mid-2=140786.2656  sbar_dark_T4d_mid-2=157507.1719  sbar_dark_T5b_mid-2=778831.0000  sbar_dark_T5c_mid-2=575855.5625  sbar_dark_T5d_mid-2=378539.1562  sbar_dark_T5a_mid-2=619904.9375  sbar_dark_T4a_mid-1.5=26269.0293  sbar_dark_T4b_mid-1.5=22121.0566  sbar_dark_T4c_mid-1.5=46809.2500  sbar_dark_T4d_mid-1.5=50567.0469  sbar_dark_T5a_mid-1.5=192835.5625  sbar_dark_T5b_mid-1.5=238666.2188  sbar_dark_T5c_mid-1.5=177560.1875  sbar_dark_T5d_mid-1.5=109275.3281  sbar_dark_T4a_mid-0.5=29266.3418  sbar_dark_T4b_mid-0.5=40927.3203  sbar_dark_T4c_mid-0.5=32472.1094  sbar_dark_T4d_mid-0.5=85496.8281  sbar_dark_T5a_mid-0.5=497648.1562  sbar_dark_T5b_mid-0.5=650117.0000  sbar_dark_T5c_mid-0.5=396166.2188  sbar_dark_T5d_mid-0.5=349065.6250  sbar_dark_T4a_mid+0.5=21143.5273  sbar_dark_T4b_mid+0.5=12789.1787  sbar_dark_T4c_mid+0.5=18325.7617  sbar_dark_T4d_mid+0.5=24081.6992  sbar_dark_T5a_mid+0.5=103386.5234  sbar_dark_T5b_mid+0.5=103793.0312  sbar_dark_T5c_mid+0.5=88445.8359  sbar_dark_T5d_mid+0.5=40429.9531  sbar_dark_T4b_mid+1.5=27069.7461  sbar_dark_T4c_mid+1.5=24631.9844  sbar_dark_T4d_mid+1.5=12986.7500  sbar_dark_T5a_mid+1.5=90279.3359  sbar_dark_T5b_mid+1.5=73144.3125  sbar_dark_T5c_mid+1.5=73040.2188  sbar_dark_T5d_mid+1.5=76487.0547  sbar_dark_T4a_mid+1.5=21334.5137]:  30%|███       | 90/300 [00:36<01:25,  2.45it/s] Cost: 231924.2656  [sbar_bright_T4a_mid+0=348898.0000  sbar_bright_T4b_mid+0=397196.1250  sbar_bright_T4c_mid+0=306595.9062  sbar_bright_T4d_mid+0=241132.8594  sbar_bright_T5a_mid+0=185873.0469  sbar_bright_T5b_mid+0=170577.4062  sbar_bright_T5c_mid+0=151068.7500  sbar_bright_T5d_mid+0=250555.8125  sbar_bright_T4a_mid+1=278450.2500  sbar_bright_T4b_mid+1=256197.8438  sbar_bright_T4c_mid+1=279591.1875  sbar_bright_T4d_mid+1=272629.6562  sbar_bright_T5a_mid+1=106266.5547  sbar_bright_T5b_mid+1=133405.4844  sbar_bright_T5c_mid+1=104644.4922  sbar_bright_T5d_mid+1=118617.7734  sbar_bright_T4a_mid+2=101044.8203  sbar_bright_T4b_mid+2=148655.8906  sbar_bright_T4c_mid+2=106524.7109  sbar_bright_T4d_mid+2=77819.6094  sbar_bright_T5a_mid+2=258121.1250  sbar_bright_T5b_mid+2=220022.5938  sbar_bright_T5c_mid+2=174308.9531  sbar_bright_T5d_mid+2=125919.0859  sbar_bright_T4a_mid-1=1457179.2500  sbar_bright_T4b_mid-1=1307098.7500  sbar_bright_T4c_mid-1=1383776.1250  sbar_bright_T4d_mid-1=1225219.7500  sbar_bright_T5a_mid-1=258858.5469  sbar_bright_T5b_mid-1=269306.9688  sbar_bright_T5c_mid-1=341321.7188  sbar_bright_T5d_mid-1=431505.2812  sbar_bright_T4a_mid-2=363591.8125  sbar_bright_T4b_mid-2=403692.2188  sbar_bright_T4c_mid-2=274351.6562  sbar_bright_T4d_mid-2=187450.0000  sbar_bright_T5b_mid-2=94171.9375  sbar_bright_T5c_mid-2=112886.9922  sbar_bright_T5d_mid-2=101104.4453  sbar_bright_T5a_mid-2=78574.2734  sbar_bright_T4a_mid-1.5=144653.5625  sbar_bright_T4b_mid-1.5=163706.4531  sbar_bright_T4c_mid-1.5=152672.4375  sbar_bright_T4d_mid-1.5=111576.0625  sbar_bright_T5a_mid-1.5=80067.6328  sbar_bright_T5b_mid-1.5=83634.1094  sbar_bright_T5c_mid-1.5=61096.7109  sbar_bright_T5d_mid-1.5=55887.7266  sbar_bright_T4a_mid-0.5=701180.1875  sbar_bright_T4b_mid-0.5=759349.1250  sbar_bright_T4c_mid-0.5=738737.0000  sbar_bright_T4d_mid-0.5=692047.7500  sbar_bright_T5a_mid-0.5=76415.5469  sbar_bright_T5b_mid-0.5=95109.9062  sbar_bright_T5c_mid-0.5=106688.8281  sbar_bright_T5d_mid-0.5=130238.7969  sbar_bright_T4a_mid+0.5=164023.0469  sbar_bright_T4b_mid+0.5=149103.9375  sbar_bright_T4c_mid+0.5=121676.5938  sbar_bright_T4d_mid+0.5=100836.3281  sbar_bright_T5a_mid+0.5=43174.7695  sbar_bright_T5b_mid+0.5=39332.1055  sbar_bright_T5c_mid+0.5=29671.6543  sbar_bright_T5d_mid+0.5=51271.2812  sbar_bright_T4b_mid+1.5=85749.1797  sbar_bright_T4c_mid+1.5=141499.6250  sbar_bright_T4d_mid+1.5=107483.3984  sbar_bright_T5a_mid+1.5=63322.4648  sbar_bright_T5b_mid+1.5=49911.5898  sbar_bright_T5c_mid+1.5=41393.3906  sbar_bright_T5d_mid+1.5=27416.6270  sbar_bright_T4a_mid+1.5=50278.1016  sbar_dark_T4a_mid+0=160625.8438  sbar_dark_T4b_mid+0=107299.6875  sbar_dark_T4c_mid+0=73365.5000  sbar_dark_T4d_mid+0=232322.2031  sbar_dark_T5a_mid+0=214272.0938  sbar_dark_T5b_mid+0=255592.5781  sbar_dark_T5c_mid+0=202297.9375  sbar_dark_T5d_mid+0=99344.7734  sbar_dark_T4a_mid+1=42006.5039  sbar_dark_T4b_mid+1=41225.3125  sbar_dark_T4c_mid+1=29625.1602  sbar_dark_T4d_mid+1=76446.6562  sbar_dark_T5a_mid+1=241007.9219  sbar_dark_T5b_mid+1=265034.0312  sbar_dark_T5c_mid+1=232526.5781  sbar_dark_T5d_mid+1=162279.9219  sbar_dark_T4a_mid+2=54444.1328  sbar_dark_T4b_mid+2=59160.5625  sbar_dark_T4c_mid+2=36750.9609  sbar_dark_T4d_mid+2=50903.6055  sbar_dark_T5a_mid+2=274294.3750  sbar_dark_T5b_mid+2=270578.7500  sbar_dark_T5c_mid+2=212431.2500  sbar_dark_T5d_mid+2=158605.3438  sbar_dark_T4a_mid-1=150233.0625  sbar_dark_T4b_mid-1=187389.7812  sbar_dark_T4c_mid-1=188106.6094  sbar_dark_T4d_mid-1=359950.2500  sbar_dark_T5a_mid-1=1112514.3750  sbar_dark_T5b_mid-1=1183239.5000  sbar_dark_T5c_mid-1=1000416.6875  sbar_dark_T5d_mid-1=868137.3750  sbar_dark_T4a_mid-2=55468.8672  sbar_dark_T4b_mid-2=67720.4219  sbar_dark_T4c_mid-2=112180.5781  sbar_dark_T4d_mid-2=190865.6875  sbar_dark_T5b_mid-2=684824.9375  sbar_dark_T5c_mid-2=485159.6875  sbar_dark_T5d_mid-2=370970.8750  sbar_dark_T5a_mid-2=565659.8750  sbar_dark_T4a_mid-1.5=16826.8477  sbar_dark_T4b_mid-1.5=19038.2793  sbar_dark_T4c_mid-1.5=37053.9219  sbar_dark_T4d_mid-1.5=63693.8750  sbar_dark_T5a_mid-1.5=180498.2500  sbar_dark_T5b_mid-1.5=211614.7500  sbar_dark_T5c_mid-1.5=136851.4062  sbar_dark_T5d_mid-1.5=103523.3047  sbar_dark_T4a_mid-0.5=28339.6016  sbar_dark_T4b_mid-0.5=35829.7891  sbar_dark_T4c_mid-0.5=31616.0176  sbar_dark_T4d_mid-0.5=90800.5391  sbar_dark_T5a_mid-0.5=482556.4688  sbar_dark_T5b_mid-0.5=597002.0625  sbar_dark_T5c_mid-0.5=380493.7500  sbar_dark_T5d_mid-0.5=346762.3125  sbar_dark_T4a_mid+0.5=18758.1680  sbar_dark_T4b_mid+0.5=13789.4512  sbar_dark_T4c_mid+0.5=27491.0352  sbar_dark_T4d_mid+0.5=26399.8242  sbar_dark_T5a_mid+0.5=120733.0859  sbar_dark_T5b_mid+0.5=113780.4844  sbar_dark_T5c_mid+0.5=82527.6953  sbar_dark_T5d_mid+0.5=43196.1289  sbar_dark_T4b_mid+1.5=19073.5449  sbar_dark_T4c_mid+1.5=20521.8965  sbar_dark_T4d_mid+1.5=15544.3213  sbar_dark_T5a_mid+1.5=131596.4531  sbar_dark_T5b_mid+1.5=118878.1484  sbar_dark_T5c_mid+1.5=108347.9062  sbar_dark_T5d_mid+1.5=96314.5781  sbar_dark_T4a_mid+1.5=18949.2969]:  33%|███▎      | 100/300 [00:40<01:21,  2.45it/s] Cost: 213467.1719  [sbar_bright_T4a_mid+0=357178.8125  sbar_bright_T4b_mid+0=384943.1875  sbar_bright_T4c_mid+0=291972.8438  sbar_bright_T4d_mid+0=291606.0312  sbar_bright_T5a_mid+0=202330.8594  sbar_bright_T5b_mid+0=198142.7500  sbar_bright_T5c_mid+0=191468.0312  sbar_bright_T5d_mid+0=250167.2500  sbar_bright_T4a_mid+1=330674.2812  sbar_bright_T4b_mid+1=283860.3438  sbar_bright_T4c_mid+1=298168.5000  sbar_bright_T4d_mid+1=315902.8125  sbar_bright_T5a_mid+1=73794.6797  sbar_bright_T5b_mid+1=117981.5703  sbar_bright_T5c_mid+1=101397.4688  sbar_bright_T5d_mid+1=97783.1562  sbar_bright_T4a_mid+2=107225.9297  sbar_bright_T4b_mid+2=146711.2344  sbar_bright_T4c_mid+2=120369.1562  sbar_bright_T4d_mid+2=67715.5938  sbar_bright_T5a_mid+2=180335.6562  sbar_bright_T5b_mid+2=188075.7344  sbar_bright_T5c_mid+2=113399.1953  sbar_bright_T5d_mid+2=106608.2266  sbar_bright_T4a_mid-1=1296220.5000  sbar_bright_T4b_mid-1=1163009.2500  sbar_bright_T4c_mid-1=1228507.0000  sbar_bright_T4d_mid-1=1164649.7500  sbar_bright_T5a_mid-1=284957.8125  sbar_bright_T5b_mid-1=265018.0312  sbar_bright_T5c_mid-1=415639.5000  sbar_bright_T5d_mid-1=392395.2188  sbar_bright_T4a_mid-2=311951.6250  sbar_bright_T4b_mid-2=363948.5625  sbar_bright_T4c_mid-2=244050.8281  sbar_bright_T4d_mid-2=209883.2812  sbar_bright_T5b_mid-2=99045.0000  sbar_bright_T5c_mid-2=108755.6875  sbar_bright_T5d_mid-2=100309.8438  sbar_bright_T5a_mid-2=65305.2461  sbar_bright_T4a_mid-1.5=118019.4609  sbar_bright_T4b_mid-1.5=146328.3438  sbar_bright_T4c_mid-1.5=147196.9375  sbar_bright_T4d_mid-1.5=115430.4766  sbar_bright_T5a_mid-1.5=63620.8086  sbar_bright_T5b_mid-1.5=65650.4219  sbar_bright_T5c_mid-1.5=55328.7227  sbar_bright_T5d_mid-1.5=47245.7422  sbar_bright_T4a_mid-0.5=623983.2500  sbar_bright_T4b_mid-0.5=670997.6875  sbar_bright_T4c_mid-0.5=656316.1250  sbar_bright_T4d_mid-0.5=642349.5000  sbar_bright_T5a_mid-0.5=68474.0703  sbar_bright_T5b_mid-0.5=80863.5312  sbar_bright_T5c_mid-0.5=117606.5781  sbar_bright_T5d_mid-0.5=114089.7578  sbar_bright_T4a_mid+0.5=147918.2656  sbar_bright_T4b_mid+0.5=155986.7500  sbar_bright_T4c_mid+0.5=113583.0156  sbar_bright_T4d_mid+0.5=115492.7031  sbar_bright_T5a_mid+0.5=32381.4023  sbar_bright_T5b_mid+0.5=29574.6719  sbar_bright_T5c_mid+0.5=40001.3867  sbar_bright_T5d_mid+0.5=44658.9180  sbar_bright_T4b_mid+1.5=66436.7109  sbar_bright_T4c_mid+1.5=138146.3906  sbar_bright_T4d_mid+1.5=83045.9375  sbar_bright_T5a_mid+1.5=55126.4609  sbar_bright_T5b_mid+1.5=47918.1445  sbar_bright_T5c_mid+1.5=35073.3789  sbar_bright_T5d_mid+1.5=21715.2441  sbar_bright_T4a_mid+1.5=46590.2617  sbar_dark_T4a_mid+0=104216.7109  sbar_dark_T4b_mid+0=75262.4766  sbar_dark_T4c_mid+0=58641.5156  sbar_dark_T4d_mid+0=175235.1562  sbar_dark_T5a_mid+0=142225.6406  sbar_dark_T5b_mid+0=232107.3750  sbar_dark_T5c_mid+0=142332.0469  sbar_dark_T5d_mid+0=109249.2422  sbar_dark_T4a_mid+1=49893.2383  sbar_dark_T4b_mid+1=44038.3438  sbar_dark_T4c_mid+1=28269.3086  sbar_dark_T4d_mid+1=53620.7148  sbar_dark_T5a_mid+1=158617.0156  sbar_dark_T5b_mid+1=228072.3594  sbar_dark_T5c_mid+1=160390.1094  sbar_dark_T5d_mid+1=127185.4844  sbar_dark_T4a_mid+2=61954.5781  sbar_dark_T4b_mid+2=75225.6016  sbar_dark_T4c_mid+2=33387.4805  sbar_dark_T4d_mid+2=36243.6445  sbar_dark_T5a_mid+2=196144.4688  sbar_dark_T5b_mid+2=223411.7969  sbar_dark_T5c_mid+2=132379.4375  sbar_dark_T5d_mid+2=123441.4609  sbar_dark_T4a_mid-1=140006.9062  sbar_dark_T4b_mid-1=151544.0156  sbar_dark_T4c_mid-1=178329.7812  sbar_dark_T4d_mid-1=292788.1875  sbar_dark_T5a_mid-1=1066817.6250  sbar_dark_T5b_mid-1=1129246.7500  sbar_dark_T5c_mid-1=907035.5000  sbar_dark_T5d_mid-1=933941.0000  sbar_dark_T4a_mid-2=63223.3672  sbar_dark_T4b_mid-2=61681.1133  sbar_dark_T4c_mid-2=100452.0469  sbar_dark_T4d_mid-2=148275.4375  sbar_dark_T5b_mid-2=668457.1875  sbar_dark_T5c_mid-2=429114.0000  sbar_dark_T5d_mid-2=404788.3438  sbar_dark_T5a_mid-2=533026.2500  sbar_dark_T4a_mid-1.5=17673.1934  sbar_dark_T4b_mid-1.5=16777.1230  sbar_dark_T4c_mid-1.5=29129.5508  sbar_dark_T4d_mid-1.5=44981.5938  sbar_dark_T5a_mid-1.5=173411.9531  sbar_dark_T5b_mid-1.5=204054.7969  sbar_dark_T5c_mid-1.5=104994.0781  sbar_dark_T5d_mid-1.5=111909.6953  sbar_dark_T4a_mid-0.5=24269.8340  sbar_dark_T4b_mid-0.5=28317.9023  sbar_dark_T4c_mid-0.5=32088.5273  sbar_dark_T4d_mid-0.5=68486.0234  sbar_dark_T5a_mid-0.5=458515.8438  sbar_dark_T5b_mid-0.5=571178.5000  sbar_dark_T5c_mid-0.5=349284.6250  sbar_dark_T5d_mid-0.5=354705.7188  sbar_dark_T4a_mid+0.5=12271.5850  sbar_dark_T4b_mid+0.5=14236.3848  sbar_dark_T4c_mid+0.5=9474.8535  sbar_dark_T4d_mid+0.5=17327.0820  sbar_dark_T5a_mid+0.5=80667.9375  sbar_dark_T5b_mid+0.5=89225.6875  sbar_dark_T5c_mid+0.5=43244.1406  sbar_dark_T5d_mid+0.5=31166.5215  sbar_dark_T4b_mid+1.5=25914.2168  sbar_dark_T4c_mid+1.5=22508.9453  sbar_dark_T4d_mid+1.5=11754.0117  sbar_dark_T5a_mid+1.5=99909.6172  sbar_dark_T5b_mid+1.5=94519.5781  sbar_dark_T5c_mid+1.5=83625.2500  sbar_dark_T5d_mid+1.5=68998.2344  sbar_dark_T4a_mid+1.5=25760.9492]:           37%|███▋      | 110/300 [00:45<01:18,  2.43it/s] Cost: 196486.0312  [sbar_bright_T4a_mid+0=317230.0938  sbar_bright_T4b_mid+0=326070.2188  sbar_bright_T4c_mid+0=243444.0156  sbar_bright_T4d_mid+0=267657.4375  sbar_bright_T5a_mid+0=227191.5156  sbar_bright_T5b_mid+0=170012.0938  sbar_bright_T5c_mid+0=195929.7812  sbar_bright_T5d_mid+0=227726.4844  sbar_bright_T4a_mid+1=297468.0312  sbar_bright_T4b_mid+1=272937.5625  sbar_bright_T4c_mid+1=266085.0625  sbar_bright_T4d_mid+1=310909.1250  sbar_bright_T5a_mid+1=79468.1250  sbar_bright_T5b_mid+1=129780.5469  sbar_bright_T5c_mid+1=108098.0156  sbar_bright_T5d_mid+1=110234.0938  sbar_bright_T4a_mid+2=101553.3047  sbar_bright_T4b_mid+2=141657.7188  sbar_bright_T4c_mid+2=117313.2031  sbar_bright_T4d_mid+2=73344.4219  sbar_bright_T5a_mid+2=129185.6719  sbar_bright_T5b_mid+2=181729.8750  sbar_bright_T5c_mid+2=102992.5312  sbar_bright_T5d_mid+2=109750.4062  sbar_bright_T4a_mid-1=1160729.8750  sbar_bright_T4b_mid-1=1087469.7500  sbar_bright_T4c_mid-1=1137118.8750  sbar_bright_T4d_mid-1=1070651.8750  sbar_bright_T5a_mid-1=300298.9062  sbar_bright_T5b_mid-1=242080.4531  sbar_bright_T5c_mid-1=384269.8438  sbar_bright_T5d_mid-1=362288.2500  sbar_bright_T4a_mid-2=253111.8281  sbar_bright_T4b_mid-2=308466.8750  sbar_bright_T4c_mid-2=190821.4219  sbar_bright_T4d_mid-2=180559.2656  sbar_bright_T5b_mid-2=93897.4219  sbar_bright_T5c_mid-2=85782.0000  sbar_bright_T5d_mid-2=93366.9375  sbar_bright_T5a_mid-2=62862.1367  sbar_bright_T4a_mid-1.5=103779.3672  sbar_bright_T4b_mid-1.5=133997.5000  sbar_bright_T4c_mid-1.5=120137.7188  sbar_bright_T4d_mid-1.5=107654.4766  sbar_bright_T5a_mid-1.5=51846.8125  sbar_bright_T5b_mid-1.5=61505.5898  sbar_bright_T5c_mid-1.5=49774.5820  sbar_bright_T5d_mid-1.5=44143.3242  sbar_bright_T4a_mid-0.5=538118.7500  sbar_bright_T4b_mid-0.5=586723.1875  sbar_bright_T4c_mid-0.5=576307.1875  sbar_bright_T4d_mid-0.5=590609.5000  sbar_bright_T5a_mid-0.5=76086.1328  sbar_bright_T5b_mid-0.5=78628.6562  sbar_bright_T5c_mid-0.5=107603.4062  sbar_bright_T5d_mid-0.5=112207.7734  sbar_bright_T4a_mid+0.5=115932.1953  sbar_bright_T4b_mid+0.5=144579.6094  sbar_bright_T4c_mid+0.5=89827.3438  sbar_bright_T4d_mid+0.5=103590.1250  sbar_bright_T5a_mid+0.5=36490.4062  sbar_bright_T5b_mid+0.5=28141.5195  sbar_bright_T5c_mid+0.5=46896.7188  sbar_bright_T5d_mid+0.5=57765.9570  sbar_bright_T4b_mid+1.5=73586.2891  sbar_bright_T4c_mid+1.5=155337.5469  sbar_bright_T4d_mid+1.5=87864.2266  sbar_bright_T5a_mid+1.5=48493.8125  sbar_bright_T5b_mid+1.5=52203.3359  sbar_bright_T5c_mid+1.5=20696.4238  sbar_bright_T5d_mid+1.5=24419.3730  sbar_bright_T4a_mid+1.5=47163.9453  sbar_dark_T4a_mid+0=90040.4766  sbar_dark_T4b_mid+0=58507.8398  sbar_dark_T4c_mid+0=72470.2578  sbar_dark_T4d_mid+0=152669.1250  sbar_dark_T5a_mid+0=114963.7734  sbar_dark_T5b_mid+0=237895.2812  sbar_dark_T5c_mid+0=129344.4297  sbar_dark_T5d_mid+0=97138.4453  sbar_dark_T4a_mid+1=51373.6641  sbar_dark_T4b_mid+1=46875.9727  sbar_dark_T4c_mid+1=30249.9355  sbar_dark_T4d_mid+1=54178.1523  sbar_dark_T5a_mid+1=165069.2812  sbar_dark_T5b_mid+1=229708.8281  sbar_dark_T5c_mid+1=153101.9062  sbar_dark_T5d_mid+1=151659.5156  sbar_dark_T4a_mid+2=70100.9609  sbar_dark_T4b_mid+2=90921.7031  sbar_dark_T4c_mid+2=39865.3398  sbar_dark_T4d_mid+2=41993.1836  sbar_dark_T5a_mid+2=149000.7344  sbar_dark_T5b_mid+2=206769.1875  sbar_dark_T5c_mid+2=107583.5703  sbar_dark_T5d_mid+2=121822.7422  sbar_dark_T4a_mid-1=148595.8438  sbar_dark_T4b_mid-1=139416.5312  sbar_dark_T4c_mid-1=180491.2812  sbar_dark_T4d_mid-1=280516.0938  sbar_dark_T5a_mid-1=889665.6250  sbar_dark_T5b_mid-1=1046129.8750  sbar_dark_T5c_mid-1=867068.5000  sbar_dark_T5d_mid-1=862658.1250  sbar_dark_T4a_mid-2=54065.9102  sbar_dark_T4b_mid-2=50092.7383  sbar_dark_T4c_mid-2=124636.6016  sbar_dark_T4d_mid-2=138997.0156  sbar_dark_T5b_mid-2=609406.0625  sbar_dark_T5c_mid-2=379335.3125  sbar_dark_T5d_mid-2=373520.8125  sbar_dark_T5a_mid-2=418698.0625  sbar_dark_T4a_mid-1.5=19540.0020  sbar_dark_T4b_mid-1.5=16885.6406  sbar_dark_T4c_mid-1.5=38326.7578  sbar_dark_T4d_mid-1.5=44690.9453  sbar_dark_T5a_mid-1.5=136012.6406  sbar_dark_T5b_mid-1.5=189025.9219  sbar_dark_T5c_mid-1.5=105051.5078  sbar_dark_T5d_mid-1.5=100576.7578  sbar_dark_T4a_mid-0.5=29391.4590  sbar_dark_T4b_mid-0.5=30694.6289  sbar_dark_T4c_mid-0.5=36001.0078  sbar_dark_T4d_mid-0.5=62423.6094  sbar_dark_T5a_mid-0.5=381418.3125  sbar_dark_T5b_mid-0.5=535329.5000  sbar_dark_T5c_mid-0.5=335134.5938  sbar_dark_T5d_mid-0.5=315458.4375  sbar_dark_T4a_mid+0.5=14037.1953  sbar_dark_T4b_mid+0.5=13779.0654  sbar_dark_T4c_mid+0.5=10901.6270  sbar_dark_T4d_mid+0.5=17545.2676  sbar_dark_T5a_mid+0.5=60739.1875  sbar_dark_T5b_mid+0.5=71149.4922  sbar_dark_T5c_mid+0.5=35676.2852  sbar_dark_T5d_mid+0.5=31638.4434  sbar_dark_T4b_mid+1.5=30203.2793  sbar_dark_T4c_mid+1.5=26240.4512  sbar_dark_T4d_mid+1.5=13866.3359  sbar_dark_T5a_mid+1.5=105640.2500  sbar_dark_T5b_mid+1.5=100099.1250  sbar_dark_T5c_mid+1.5=67688.8047  sbar_dark_T5d_mid+1.5=75359.1016  sbar_dark_T4a_mid+1.5=23205.4375]:    40%|████      | 120/300 [00:49<01:13,  2.43it/s] Cost: 181249.8438  [sbar_bright_T4a_mid+0=274691.4688  sbar_bright_T4b_mid+0=310204.5312  sbar_bright_T4c_mid+0=231904.2344  sbar_bright_T4d_mid+0=278217.9375  sbar_bright_T5a_mid+0=238301.3594  sbar_bright_T5b_mid+0=147316.2031  sbar_bright_T5c_mid+0=187921.5781  sbar_bright_T5d_mid+0=185985.1250  sbar_bright_T4a_mid+1=220219.2500  sbar_bright_T4b_mid+1=223058.3750  sbar_bright_T4c_mid+1=197785.3750  sbar_bright_T4d_mid+1=255143.9688  sbar_bright_T5a_mid+1=86593.0078  sbar_bright_T5b_mid+1=128061.3828  sbar_bright_T5c_mid+1=112581.8125  sbar_bright_T5d_mid+1=96762.3828  sbar_bright_T4a_mid+2=77723.8750  sbar_bright_T4b_mid+2=99049.6562  sbar_bright_T4c_mid+2=73864.8047  sbar_bright_T4d_mid+2=57492.1016  sbar_bright_T5a_mid+2=112164.8750  sbar_bright_T5b_mid+2=163566.0156  sbar_bright_T5c_mid+2=94900.6484  sbar_bright_T5d_mid+2=108268.0312  sbar_bright_T4a_mid-1=1051733.3750  sbar_bright_T4b_mid-1=983897.5625  sbar_bright_T4c_mid-1=1119503.8750  sbar_bright_T4d_mid-1=1129700.5000  sbar_bright_T5a_mid-1=309426.7188  sbar_bright_T5b_mid-1=238403.2500  sbar_bright_T5c_mid-1=383585.3750  sbar_bright_T5d_mid-1=308221.1250  sbar_bright_T4a_mid-2=201663.6250  sbar_bright_T4b_mid-2=271052.6875  sbar_bright_T4c_mid-2=222772.3594  sbar_bright_T4d_mid-2=208105.1406  sbar_bright_T5b_mid-2=85776.5859  sbar_bright_T5c_mid-2=78419.7500  sbar_bright_T5d_mid-2=76949.2734  sbar_bright_T5a_mid-2=59775.5234  sbar_bright_T4a_mid-1.5=85391.3672  sbar_bright_T4b_mid-1.5=117513.9844  sbar_bright_T4c_mid-1.5=127187.6953  sbar_bright_T4d_mid-1.5=117846.8906  sbar_bright_T5a_mid-1.5=48684.6211  sbar_bright_T5b_mid-1.5=56227.0000  sbar_bright_T5c_mid-1.5=47081.9219  sbar_bright_T5d_mid-1.5=41083.0938  sbar_bright_T4a_mid-0.5=473237.5938  sbar_bright_T4b_mid-0.5=517118.3125  sbar_bright_T4c_mid-0.5=551823.3750  sbar_bright_T4d_mid-0.5=570847.2500  sbar_bright_T5a_mid-0.5=81767.8750  sbar_bright_T5b_mid-0.5=78332.3281  sbar_bright_T5c_mid-0.5=104998.4531  sbar_bright_T5d_mid-0.5=102635.7656  sbar_bright_T4a_mid+0.5=96243.1875  sbar_bright_T4b_mid+0.5=97809.5469  sbar_bright_T4c_mid+0.5=73217.7500  sbar_bright_T4d_mid+0.5=84844.5391  sbar_bright_T5a_mid+0.5=44874.3398  sbar_bright_T5b_mid+0.5=28478.1055  sbar_bright_T5c_mid+0.5=56928.0664  sbar_bright_T5d_mid+0.5=51860.9414  sbar_bright_T4b_mid+1.5=61240.2227  sbar_bright_T4c_mid+1.5=135849.9844  sbar_bright_T4d_mid+1.5=70585.3750  sbar_bright_T5a_mid+1.5=33837.2422  sbar_bright_T5b_mid+1.5=48556.0781  sbar_bright_T5c_mid+1.5=17063.5078  sbar_bright_T5d_mid+1.5=22823.3047  sbar_bright_T4a_mid+1.5=39564.7305  sbar_dark_T4a_mid+0=87467.9375  sbar_dark_T4b_mid+0=57472.7266  sbar_dark_T4c_mid+0=60866.4531  sbar_dark_T4d_mid+0=100219.4141  sbar_dark_T5a_mid+0=128614.6016  sbar_dark_T5b_mid+0=245808.0312  sbar_dark_T5c_mid+0=111790.4375  sbar_dark_T5d_mid+0=124762.8281  sbar_dark_T4a_mid+1=44567.7148  sbar_dark_T4b_mid+1=41707.7109  sbar_dark_T4c_mid+1=27231.8789  sbar_dark_T4d_mid+1=36373.8672  sbar_dark_T5a_mid+1=181514.8125  sbar_dark_T5b_mid+1=255418.8906  sbar_dark_T5c_mid+1=191200.8125  sbar_dark_T5d_mid+1=173222.2969  sbar_dark_T4a_mid+2=60795.5195  sbar_dark_T4b_mid+2=75793.9453  sbar_dark_T4c_mid+2=37277.3555  sbar_dark_T4d_mid+2=33572.9414  sbar_dark_T5a_mid+2=133750.5938  sbar_dark_T5b_mid+2=193667.6562  sbar_dark_T5c_mid+2=108919.4219  sbar_dark_T5d_mid+2=129150.5078  sbar_dark_T4a_mid-1=161252.9375  sbar_dark_T4b_mid-1=158194.5469  sbar_dark_T4c_mid-1=167589.3438  sbar_dark_T4d_mid-1=202459.4375  sbar_dark_T5a_mid-1=765155.5625  sbar_dark_T5b_mid-1=934971.3125  sbar_dark_T5c_mid-1=752216.3125  sbar_dark_T5d_mid-1=876803.2500  sbar_dark_T4a_mid-2=70456.3594  sbar_dark_T4b_mid-2=58408.7891  sbar_dark_T4c_mid-2=106594.2891  sbar_dark_T4d_mid-2=87039.6797  sbar_dark_T5b_mid-2=509690.9375  sbar_dark_T5c_mid-2=302126.1250  sbar_dark_T5d_mid-2=379354.9062  sbar_dark_T5a_mid-2=348641.6250  sbar_dark_T4a_mid-1.5=22111.1543  sbar_dark_T4b_mid-1.5=19491.1367  sbar_dark_T4c_mid-1.5=29187.7031  sbar_dark_T4d_mid-1.5=29776.0918  sbar_dark_T5a_mid-1.5=113430.2344  sbar_dark_T5b_mid-1.5=162411.7031  sbar_dark_T5c_mid-1.5=90430.9219  sbar_dark_T5d_mid-1.5=108194.4141  sbar_dark_T4a_mid-0.5=29883.5625  sbar_dark_T4b_mid-0.5=33163.5898  sbar_dark_T4c_mid-0.5=33548.6562  sbar_dark_T4d_mid-0.5=45637.5859  sbar_dark_T5a_mid-0.5=325857.5625  sbar_dark_T5b_mid-0.5=473783.3438  sbar_dark_T5c_mid-0.5=300553.9688  sbar_dark_T5d_mid-0.5=297227.2500  sbar_dark_T4a_mid+0.5=17338.0059  sbar_dark_T4b_mid+0.5=11051.0420  sbar_dark_T4c_mid+0.5=11720.7168  sbar_dark_T4d_mid+0.5=15164.7783  sbar_dark_T5a_mid+0.5=50934.6836  sbar_dark_T5b_mid+0.5=60689.5039  sbar_dark_T5c_mid+0.5=39996.1953  sbar_dark_T5d_mid+0.5=32811.8242  sbar_dark_T4b_mid+1.5=24599.0762  sbar_dark_T4c_mid+1.5=23888.0020  sbar_dark_T4d_mid+1.5=14613.6514  sbar_dark_T5a_mid+1.5=91658.9922  sbar_dark_T5b_mid+1.5=117173.3906  sbar_dark_T5c_mid+1.5=82530.0781  sbar_dark_T5d_mid+1.5=72403.0547  sbar_dark_T4a_mid+1.5=20270.3984]:               43%|████▎     | 130/300 [00:53<01:09,  2.44it/s] Cost: 175667.0781  [sbar_bright_T4a_mid+0=231355.7656  sbar_bright_T4b_mid+0=268281.2188  sbar_bright_T4c_mid+0=226725.3594  sbar_bright_T4d_mid+0=273756.6875  sbar_bright_T5a_mid+0=199554.2500  sbar_bright_T5b_mid+0=108351.0625  sbar_bright_T5c_mid+0=139224.1406  sbar_bright_T5d_mid+0=135769.3906  sbar_bright_T4a_mid+1=203090.5000  sbar_bright_T4b_mid+1=199541.7969  sbar_bright_T4c_mid+1=182338.1094  sbar_bright_T4d_mid+1=221264.8750  sbar_bright_T5a_mid+1=71541.2031  sbar_bright_T5b_mid+1=106460.5000  sbar_bright_T5c_mid+1=84738.1172  sbar_bright_T5d_mid+1=69883.5938  sbar_bright_T4a_mid+2=69236.5938  sbar_bright_T4b_mid+2=100863.0938  sbar_bright_T4c_mid+2=70851.1094  sbar_bright_T4d_mid+2=55770.6445  sbar_bright_T5a_mid+2=104229.7500  sbar_bright_T5b_mid+2=165601.7969  sbar_bright_T5c_mid+2=94251.9922  sbar_bright_T5d_mid+2=106439.3438  sbar_bright_T4a_mid-1=1068486.3750  sbar_bright_T4b_mid-1=959628.5000  sbar_bright_T4c_mid-1=1150561.3750  sbar_bright_T4d_mid-1=1232478.7500  sbar_bright_T5a_mid-1=295699.4688  sbar_bright_T5b_mid-1=227227.1094  sbar_bright_T5c_mid-1=347487.7812  sbar_bright_T5d_mid-1=285042.1875  sbar_bright_T4a_mid-2=190843.5156  sbar_bright_T4b_mid-2=236059.8750  sbar_bright_T4c_mid-2=190490.8438  sbar_bright_T4d_mid-2=220680.5625  sbar_bright_T5b_mid-2=81974.8203  sbar_bright_T5c_mid-2=60539.9961  sbar_bright_T5d_mid-2=60402.3984  sbar_bright_T5a_mid-2=52138.5820  sbar_bright_T4a_mid-1.5=77260.7188  sbar_bright_T4b_mid-1.5=109859.9062  sbar_bright_T4c_mid-1.5=118460.9531  sbar_bright_T4d_mid-1.5=136268.6719  sbar_bright_T5a_mid-1.5=51312.0977  sbar_bright_T5b_mid-1.5=66060.6328  sbar_bright_T5c_mid-1.5=50622.4180  sbar_bright_T5d_mid-1.5=49250.4219  sbar_bright_T4a_mid-0.5=495565.8125  sbar_bright_T4b_mid-0.5=532124.1875  sbar_bright_T4c_mid-0.5=593444.8750  sbar_bright_T4d_mid-0.5=636930.4375  sbar_bright_T5a_mid-0.5=80724.7109  sbar_bright_T5b_mid-0.5=86402.6016  sbar_bright_T5c_mid-0.5=92386.3984  sbar_bright_T5d_mid-0.5=99553.8516  sbar_bright_T4a_mid+0.5=81729.0312  sbar_bright_T4b_mid+0.5=67172.3516  sbar_bright_T4c_mid+0.5=65593.1094  sbar_bright_T4d_mid+0.5=89427.5703  sbar_bright_T5a_mid+0.5=30450.3672  sbar_bright_T5b_mid+0.5=18881.6836  sbar_bright_T5c_mid+0.5=34421.2812  sbar_bright_T5d_mid+0.5=27054.5781  sbar_bright_T4b_mid+1.5=64032.3203  sbar_bright_T4c_mid+1.5=129692.7578  sbar_bright_T4d_mid+1.5=63458.8008  sbar_bright_T5a_mid+1.5=22287.8652  sbar_bright_T5b_mid+1.5=32340.9160  sbar_bright_T5c_mid+1.5=12593.2412  sbar_bright_T5d_mid+1.5=14424.8682  sbar_bright_T4a_mid+1.5=48011.0039  sbar_dark_T4a_mid+0=68898.4766  sbar_dark_T4b_mid+0=51948.0898  sbar_dark_T4c_mid+0=57597.3320  sbar_dark_T4d_mid+0=63463.9609  sbar_dark_T5a_mid+0=144457.0625  sbar_dark_T5b_mid+0=247729.4375  sbar_dark_T5c_mid+0=118045.2109  sbar_dark_T5d_mid+0=138409.9062  sbar_dark_T4a_mid+1=44769.5742  sbar_dark_T4b_mid+1=46900.7578  sbar_dark_T4c_mid+1=28877.1055  sbar_dark_T4d_mid+1=27762.1309  sbar_dark_T5a_mid+1=191734.6094  sbar_dark_T5b_mid+1=264136.0312  sbar_dark_T5c_mid+1=210070.8125  sbar_dark_T5d_mid+1=151414.2031  sbar_dark_T4a_mid+2=54683.7070  sbar_dark_T4b_mid+2=73008.9141  sbar_dark_T4c_mid+2=37416.2344  sbar_dark_T4d_mid+2=31380.8438  sbar_dark_T5a_mid+2=134218.2344  sbar_dark_T5b_mid+2=197962.1094  sbar_dark_T5c_mid+2=116720.6094  sbar_dark_T5d_mid+2=132358.5469  sbar_dark_T4a_mid-1=161702.7969  sbar_dark_T4b_mid-1=183440.8438  sbar_dark_T4c_mid-1=164654.8281  sbar_dark_T4d_mid-1=172516.0781  sbar_dark_T5a_mid-1=717580.2500  sbar_dark_T5b_mid-1=903066.5000  sbar_dark_T5c_mid-1=707212.4375  sbar_dark_T5d_mid-1=947815.7500  sbar_dark_T4a_mid-2=69136.3594  sbar_dark_T4b_mid-2=66196.0234  sbar_dark_T4c_mid-2=103454.6797  sbar_dark_T4d_mid-2=63920.2969  sbar_dark_T5b_mid-2=476244.5000  sbar_dark_T5c_mid-2=272390.9062  sbar_dark_T5d_mid-2=391325.5312  sbar_dark_T5a_mid-2=319824.2812  sbar_dark_T4a_mid-1.5=27485.4629  sbar_dark_T4b_mid-1.5=26659.7012  sbar_dark_T4c_mid-1.5=32526.9297  sbar_dark_T4d_mid-1.5=22321.4473  sbar_dark_T5a_mid-1.5=99830.2500  sbar_dark_T5b_mid-1.5=142275.9844  sbar_dark_T5c_mid-1.5=87321.3438  sbar_dark_T5d_mid-1.5=122481.4609  sbar_dark_T4a_mid-0.5=34114.1797  sbar_dark_T4b_mid-0.5=42967.9219  sbar_dark_T4c_mid-0.5=37019.6719  sbar_dark_T4d_mid-0.5=41810.8711  sbar_dark_T5a_mid-0.5=305056.5000  sbar_dark_T5b_mid-0.5=452709.1250  sbar_dark_T5c_mid-0.5=283859.2812  sbar_dark_T5d_mid-0.5=303295.0312  sbar_dark_T4a_mid+0.5=16943.1582  sbar_dark_T4b_mid+0.5=11264.1875  sbar_dark_T4c_mid+0.5=10111.3037  sbar_dark_T4d_mid+0.5=9771.2080  sbar_dark_T5a_mid+0.5=53589.6211  sbar_dark_T5b_mid+0.5=65325.7031  sbar_dark_T5c_mid+0.5=45388.6719  sbar_dark_T5d_mid+0.5=28385.8301  sbar_dark_T4b_mid+1.5=21836.1719  sbar_dark_T4c_mid+1.5=22005.0156  sbar_dark_T4d_mid+1.5=13778.4658  sbar_dark_T5a_mid+1.5=87072.6641  sbar_dark_T5b_mid+1.5=106941.2344  sbar_dark_T5c_mid+1.5=82483.0000  sbar_dark_T5d_mid+1.5=59596.9453  sbar_dark_T4a_mid+1.5=18724.5254]:       47%|████▋     | 140/300 [00:57<01:05,  2.44it/s] Cost: 166846.0625  [sbar_bright_T4a_mid+0=282188.9688  sbar_bright_T4b_mid+0=295561.8125  sbar_bright_T4c_mid+0=220361.7812  sbar_bright_T4d_mid+0=296282.2188  sbar_bright_T5a_mid+0=225286.2969  sbar_bright_T5b_mid+0=135448.4062  sbar_bright_T5c_mid+0=147162.2656  sbar_bright_T5d_mid+0=191181.7188  sbar_bright_T4a_mid+1=238952.7031  sbar_bright_T4b_mid+1=250590.0000  sbar_bright_T4c_mid+1=223437.2656  sbar_bright_T4d_mid+1=303262.9375  sbar_bright_T5a_mid+1=73980.5859  sbar_bright_T5b_mid+1=116442.8672  sbar_bright_T5c_mid+1=94963.7344  sbar_bright_T5d_mid+1=94941.2266  sbar_bright_T4a_mid+2=84587.1406  sbar_bright_T4b_mid+2=116650.2422  sbar_bright_T4c_mid+2=112487.4453  sbar_bright_T4d_mid+2=80636.8594  sbar_bright_T5a_mid+2=97285.5781  sbar_bright_T5b_mid+2=151872.2500  sbar_bright_T5c_mid+2=91792.3203  sbar_bright_T5d_mid+2=100649.4844  sbar_bright_T4a_mid-1=891810.1250  sbar_bright_T4b_mid-1=811533.9375  sbar_bright_T4c_mid-1=906056.3125  sbar_bright_T4d_mid-1=933446.4375  sbar_bright_T5a_mid-1=290876.4688  sbar_bright_T5b_mid-1=215878.4219  sbar_bright_T5c_mid-1=339080.3750  sbar_bright_T5d_mid-1=321135.5000  sbar_bright_T4a_mid-2=139089.2500  sbar_bright_T4b_mid-2=178435.0000  sbar_bright_T4c_mid-2=173587.4062  sbar_bright_T4d_mid-2=179903.1875  sbar_bright_T5b_mid-2=84348.8281  sbar_bright_T5c_mid-2=64633.1914  sbar_bright_T5d_mid-2=79056.8047  sbar_bright_T5a_mid-2=49138.9297  sbar_bright_T4a_mid-1.5=58945.7930  sbar_bright_T4b_mid-1.5=75442.0156  sbar_bright_T4c_mid-1.5=94067.9609  sbar_bright_T4d_mid-1.5=95231.3828  sbar_bright_T5a_mid-1.5=43931.0898  sbar_bright_T5b_mid-1.5=57115.4258  sbar_bright_T5c_mid-1.5=44023.7656  sbar_bright_T5d_mid-1.5=43275.5742  sbar_bright_T4a_mid-0.5=309544.1250  sbar_bright_T4b_mid-0.5=346723.8125  sbar_bright_T4c_mid-0.5=391764.3125  sbar_bright_T4d_mid-0.5=431165.9375  sbar_bright_T5a_mid-0.5=76084.7734  sbar_bright_T5b_mid-0.5=72229.7734  sbar_bright_T5c_mid-0.5=88650.5938  sbar_bright_T5d_mid-0.5=100742.8750  sbar_bright_T4a_mid+0.5=85468.1562  sbar_bright_T4b_mid+0.5=108652.1797  sbar_bright_T4c_mid+0.5=112902.9062  sbar_bright_T4d_mid+0.5=99137.5781  sbar_bright_T5a_mid+0.5=35469.3359  sbar_bright_T5b_mid+0.5=21709.4629  sbar_bright_T5c_mid+0.5=34711.2969  sbar_bright_T5d_mid+0.5=46125.7578  sbar_bright_T4b_mid+1.5=91331.1875  sbar_bright_T4c_mid+1.5=213103.2812  sbar_bright_T4d_mid+1.5=90242.7969  sbar_bright_T5a_mid+1.5=22445.1172  sbar_bright_T5b_mid+1.5=34144.7891  sbar_bright_T5c_mid+1.5=12267.7188  sbar_bright_T5d_mid+1.5=17809.3867  sbar_bright_T4a_mid+1.5=58473.5859  sbar_dark_T4a_mid+0=72336.9609  sbar_dark_T4b_mid+0=63132.5781  sbar_dark_T4c_mid+0=62084.6133  sbar_dark_T4d_mid+0=76697.6719  sbar_dark_T5a_mid+0=162221.2031  sbar_dark_T5b_mid+0=225750.5000  sbar_dark_T5c_mid+0=114009.5391  sbar_dark_T5d_mid+0=141607.0156  sbar_dark_T4a_mid+1=46047.8359  sbar_dark_T4b_mid+1=50020.6562  sbar_dark_T4c_mid+1=31083.0020  sbar_dark_T4d_mid+1=35713.4961  sbar_dark_T5a_mid+1=175248.1719  sbar_dark_T5b_mid+1=260873.0156  sbar_dark_T5c_mid+1=215620.5000  sbar_dark_T5d_mid+1=181967.0469  sbar_dark_T4a_mid+2=55404.6172  sbar_dark_T4b_mid+2=70003.3906  sbar_dark_T4c_mid+2=40703.4180  sbar_dark_T4d_mid+2=35804.7188  sbar_dark_T5a_mid+2=131166.4688  sbar_dark_T5b_mid+2=181471.6875  sbar_dark_T5c_mid+2=125387.9375  sbar_dark_T5d_mid+2=129684.7578  sbar_dark_T4a_mid-1=174447.9219  sbar_dark_T4b_mid-1=189176.7500  sbar_dark_T4c_mid-1=181487.5000  sbar_dark_T4d_mid-1=203294.8125  sbar_dark_T5a_mid-1=720041.0625  sbar_dark_T5b_mid-1=897688.2500  sbar_dark_T5c_mid-1=678157.9375  sbar_dark_T5d_mid-1=807646.3125  sbar_dark_T4a_mid-2=84369.1641  sbar_dark_T4b_mid-2=82665.4531  sbar_dark_T4c_mid-2=116366.4766  sbar_dark_T4d_mid-2=91347.6797  sbar_dark_T5b_mid-2=477140.2500  sbar_dark_T5c_mid-2=259389.0312  sbar_dark_T5d_mid-2=325409.3125  sbar_dark_T5a_mid-2=323933.3438  sbar_dark_T4a_mid-1.5=28331.4629  sbar_dark_T4b_mid-1.5=28611.3730  sbar_dark_T4c_mid-1.5=32283.5918  sbar_dark_T4d_mid-1.5=26123.0527  sbar_dark_T5a_mid-1.5=91747.5547  sbar_dark_T5b_mid-1.5=133374.5156  sbar_dark_T5c_mid-1.5=80518.8516  sbar_dark_T5d_mid-1.5=94122.6641  sbar_dark_T4a_mid-0.5=37760.8203  sbar_dark_T4b_mid-0.5=45830.5859  sbar_dark_T4c_mid-0.5=42226.0781  sbar_dark_T4d_mid-0.5=50291.2148  sbar_dark_T5a_mid-0.5=301484.8750  sbar_dark_T5b_mid-0.5=449298.6875  sbar_dark_T5c_mid-0.5=290420.5312  sbar_dark_T5d_mid-0.5=247696.7969  sbar_dark_T4a_mid+0.5=17635.2656  sbar_dark_T4b_mid+0.5=14321.2344  sbar_dark_T4c_mid+0.5=11912.8027  sbar_dark_T4d_mid+0.5=11169.5830  sbar_dark_T5a_mid+0.5=50554.8008  sbar_dark_T5b_mid+0.5=50893.5703  sbar_dark_T5c_mid+0.5=44755.2109  sbar_dark_T5d_mid+0.5=27552.5664  sbar_dark_T4b_mid+1.5=23590.0781  sbar_dark_T4c_mid+1.5=21258.0605  sbar_dark_T4d_mid+1.5=15008.2285  sbar_dark_T5a_mid+1.5=86444.6328  sbar_dark_T5b_mid+1.5=100102.9062  sbar_dark_T5c_mid+1.5=86058.2891  sbar_dark_T5d_mid+1.5=71221.9766  sbar_dark_T4a_mid+1.5=19678.9609]:     50%|█████     | 150/300 [01:01<01:01,  2.44it/s] Cost: 165262.7969  [sbar_bright_T4a_mid+0=239912.5625  sbar_bright_T4b_mid+0=256863.6406  sbar_bright_T4c_mid+0=217284.8438  sbar_bright_T4d_mid+0=291045.2188  sbar_bright_T5a_mid+0=218021.1094  sbar_bright_T5b_mid+0=129395.8125  sbar_bright_T5c_mid+0=137441.0781  sbar_bright_T5d_mid+0=153901.3125  sbar_bright_T4a_mid+1=200238.3750  sbar_bright_T4b_mid+1=206975.1250  sbar_bright_T4c_mid+1=182473.1719  sbar_bright_T4d_mid+1=253097.6875  sbar_bright_T5a_mid+1=80970.1719  sbar_bright_T5b_mid+1=119128.3516  sbar_bright_T5c_mid+1=89366.0781  sbar_bright_T5d_mid+1=83969.1953  sbar_bright_T4a_mid+2=71941.7812  sbar_bright_T4b_mid+2=83883.1719  sbar_bright_T4c_mid+2=81513.7109  sbar_bright_T4d_mid+2=63978.3750  sbar_bright_T5a_mid+2=100539.1328  sbar_bright_T5b_mid+2=164742.2031  sbar_bright_T5c_mid+2=94762.6797  sbar_bright_T5d_mid+2=102971.1562  sbar_bright_T4a_mid-1=944659.6875  sbar_bright_T4b_mid-1=870218.1250  sbar_bright_T4c_mid-1=1006793.6250  sbar_bright_T4d_mid-1=1030014.8125  sbar_bright_T5a_mid-1=304591.6562  sbar_bright_T5b_mid-1=223726.7031  sbar_bright_T5c_mid-1=344487.9062  sbar_bright_T5d_mid-1=305048.0938  sbar_bright_T4a_mid-2=146227.7969  sbar_bright_T4b_mid-2=180064.3906  sbar_bright_T4c_mid-2=169152.3125  sbar_bright_T4d_mid-2=191099.7812  sbar_bright_T5b_mid-2=90783.7031  sbar_bright_T5c_mid-2=63302.0000  sbar_bright_T5d_mid-2=70652.4609  sbar_bright_T5a_mid-2=58226.6211  sbar_bright_T4a_mid-1.5=63265.0547  sbar_bright_T4b_mid-1.5=84944.3906  sbar_bright_T4c_mid-1.5=105259.8125  sbar_bright_T4d_mid-1.5=111264.9688  sbar_bright_T5a_mid-1.5=44544.0391  sbar_bright_T5b_mid-1.5=60441.1289  sbar_bright_T5c_mid-1.5=47341.8281  sbar_bright_T5d_mid-1.5=49118.8008  sbar_bright_T4a_mid-0.5=356904.7188  sbar_bright_T4b_mid-0.5=395702.1250  sbar_bright_T4c_mid-0.5=437865.6250  sbar_bright_T4d_mid-0.5=494914.5938  sbar_bright_T5a_mid-0.5=81502.7812  sbar_bright_T5b_mid-0.5=72164.3594  sbar_bright_T5c_mid-0.5=85966.0312  sbar_bright_T5d_mid-0.5=93048.4453  sbar_bright_T4a_mid+0.5=78400.3906  sbar_bright_T4b_mid+0.5=82333.4062  sbar_bright_T4c_mid+0.5=102998.9375  sbar_bright_T4d_mid+0.5=101429.0312  sbar_bright_T5a_mid+0.5=37862.3789  sbar_bright_T5b_mid+0.5=20131.6113  sbar_bright_T5c_mid+0.5=35380.1016  sbar_bright_T5d_mid+0.5=35301.4180  sbar_bright_T4b_mid+1.5=64871.9883  sbar_bright_T4c_mid+1.5=151576.1094  sbar_bright_T4d_mid+1.5=57847.7031  sbar_bright_T5a_mid+1.5=19720.1875  sbar_bright_T5b_mid+1.5=37502.7773  sbar_bright_T5c_mid+1.5=13282.6738  sbar_bright_T5d_mid+1.5=17048.2598  sbar_bright_T4a_mid+1.5=40853.0781  sbar_dark_T4a_mid+0=64781.2891  sbar_dark_T4b_mid+0=62374.6484  sbar_dark_T4c_mid+0=48445.1875  sbar_dark_T4d_mid+0=51591.3086  sbar_dark_T5a_mid+0=138382.5938  sbar_dark_T5b_mid+0=235938.8125  sbar_dark_T5c_mid+0=98878.8281  sbar_dark_T5d_mid+0=145392.9844  sbar_dark_T4a_mid+1=44175.8008  sbar_dark_T4b_mid+1=45898.6523  sbar_dark_T4c_mid+1=31411.1191  sbar_dark_T4d_mid+1=40419.7031  sbar_dark_T5a_mid+1=156358.0625  sbar_dark_T5b_mid+1=246132.3750  sbar_dark_T5c_mid+1=185100.7969  sbar_dark_T5d_mid+1=158464.4219  sbar_dark_T4a_mid+2=52386.8984  sbar_dark_T4b_mid+2=57455.1445  sbar_dark_T4c_mid+2=37511.9570  sbar_dark_T4d_mid+2=37541.8320  sbar_dark_T5a_mid+2=116278.4141  sbar_dark_T5b_mid+2=166768.1250  sbar_dark_T5c_mid+2=107318.4141  sbar_dark_T5d_mid+2=119954.1016  sbar_dark_T4a_mid-1=158731.2031  sbar_dark_T4b_mid-1=173812.7969  sbar_dark_T4c_mid-1=152992.8594  sbar_dark_T4d_mid-1=154271.9844  sbar_dark_T5a_mid-1=739165.2500  sbar_dark_T5b_mid-1=929176.4375  sbar_dark_T5c_mid-1=706751.8125  sbar_dark_T5d_mid-1=870846.4375  sbar_dark_T4a_mid-2=82250.9766  sbar_dark_T4b_mid-2=73781.5703  sbar_dark_T4c_mid-2=91412.2812  sbar_dark_T4d_mid-2=56268.9102  sbar_dark_T5b_mid-2=468926.6875  sbar_dark_T5c_mid-2=273214.6250  sbar_dark_T5d_mid-2=354028.1875  sbar_dark_T5a_mid-2=338321.6562  sbar_dark_T4a_mid-1.5=25788.0957  sbar_dark_T4b_mid-1.5=27066.8555  sbar_dark_T4c_mid-1.5=26828.7715  sbar_dark_T4d_mid-1.5=19316.2109  sbar_dark_T5a_mid-1.5=91480.8203  sbar_dark_T5b_mid-1.5=141122.1719  sbar_dark_T5c_mid-1.5=79715.4141  sbar_dark_T5d_mid-1.5=103090.9219  sbar_dark_T4a_mid-0.5=31540.5469  sbar_dark_T4b_mid-0.5=38883.8477  sbar_dark_T4c_mid-0.5=34220.2852  sbar_dark_T4d_mid-0.5=35462.8125  sbar_dark_T5a_mid-0.5=315625.4688  sbar_dark_T5b_mid-0.5=451953.6875  sbar_dark_T5c_mid-0.5=316457.0625  sbar_dark_T5d_mid-0.5=261366.2500  sbar_dark_T4a_mid+0.5=17006.4824  sbar_dark_T4b_mid+0.5=14623.6309  sbar_dark_T4c_mid+0.5=12823.7617  sbar_dark_T4d_mid+0.5=15005.6191  sbar_dark_T5a_mid+0.5=51432.6680  sbar_dark_T5b_mid+0.5=54633.4922  sbar_dark_T5c_mid+0.5=40800.4766  sbar_dark_T5d_mid+0.5=25894.4473  sbar_dark_T4b_mid+1.5=23984.5098  sbar_dark_T4c_mid+1.5=23549.3750  sbar_dark_T4d_mid+1.5=18275.0645  sbar_dark_T5a_mid+1.5=75785.8047  sbar_dark_T5b_mid+1.5=93803.4219  sbar_dark_T5c_mid+1.5=73782.9844  sbar_dark_T5d_mid+1.5=59315.6602  sbar_dark_T4a_mid+1.5=20042.1172]:  53%|█████▎    | 160/300 [01:05<00:57,  2.45it/s] Cost: 159117.6875  [sbar_bright_T4a_mid+0=266372.4062  sbar_bright_T4b_mid+0=258174.6406  sbar_bright_T4c_mid+0=199884.2344  sbar_bright_T4d_mid+0=306633.9375  sbar_bright_T5a_mid+0=218597.7656  sbar_bright_T5b_mid+0=124612.7422  sbar_bright_T5c_mid+0=141836.6094  sbar_bright_T5d_mid+0=163504.3906  sbar_bright_T4a_mid+1=196504.7188  sbar_bright_T4b_mid+1=204243.0312  sbar_bright_T4c_mid+1=200129.2031  sbar_bright_T4d_mid+1=246649.9531  sbar_bright_T5a_mid+1=79095.2422  sbar_bright_T5b_mid+1=118883.2500  sbar_bright_T5c_mid+1=94804.2266  sbar_bright_T5d_mid+1=85794.0156  sbar_bright_T4a_mid+2=74382.7188  sbar_bright_T4b_mid+2=88311.9453  sbar_bright_T4c_mid+2=93210.9219  sbar_bright_T4d_mid+2=71276.0234  sbar_bright_T5a_mid+2=105840.2188  sbar_bright_T5b_mid+2=167491.3594  sbar_bright_T5c_mid+2=102275.2812  sbar_bright_T5d_mid+2=105160.0703  sbar_bright_T4a_mid-1=879864.9375  sbar_bright_T4b_mid-1=797723.5000  sbar_bright_T4c_mid-1=895944.5625  sbar_bright_T4d_mid-1=984051.7500  sbar_bright_T5a_mid-1=307783.9062  sbar_bright_T5b_mid-1=206278.4375  sbar_bright_T5c_mid-1=343058.8125  sbar_bright_T5d_mid-1=312498.6562  sbar_bright_T4a_mid-2=155719.7031  sbar_bright_T4b_mid-2=178908.3438  sbar_bright_T4c_mid-2=193944.5312  sbar_bright_T4d_mid-2=199205.5781  sbar_bright_T5b_mid-2=81757.3047  sbar_bright_T5c_mid-2=65539.4375  sbar_bright_T5d_mid-2=68525.2344  sbar_bright_T5a_mid-2=55804.2344  sbar_bright_T4a_mid-1.5=55152.0508  sbar_bright_T4b_mid-1.5=73975.4453  sbar_bright_T4c_mid-1.5=89961.3750  sbar_bright_T4d_mid-1.5=92576.5469  sbar_bright_T5a_mid-1.5=46236.0664  sbar_bright_T5b_mid-1.5=58763.7070  sbar_bright_T5c_mid-1.5=47717.5234  sbar_bright_T5d_mid-1.5=52279.1406  sbar_bright_T4a_mid-0.5=301884.1875  sbar_bright_T4b_mid-0.5=341228.6250  sbar_bright_T4c_mid-0.5=344985.1250  sbar_bright_T4d_mid-0.5=426498.4062  sbar_bright_T5a_mid-0.5=82563.5703  sbar_bright_T5b_mid-0.5=69428.5547  sbar_bright_T5c_mid-0.5=87922.8438  sbar_bright_T5d_mid-0.5=100392.8906  sbar_bright_T4a_mid+0.5=67292.9609  sbar_bright_T4b_mid+0.5=79293.5312  sbar_bright_T4c_mid+0.5=97570.3438  sbar_bright_T4d_mid+0.5=81726.7656  sbar_bright_T5a_mid+0.5=36699.8242  sbar_bright_T5b_mid+0.5=18483.1035  sbar_bright_T5c_mid+0.5=37574.6797  sbar_bright_T5d_mid+0.5=39824.6406  sbar_bright_T4b_mid+1.5=55417.3711  sbar_bright_T4c_mid+1.5=165707.6875  sbar_bright_T4d_mid+1.5=57562.3555  sbar_bright_T5a_mid+1.5=18504.1621  sbar_bright_T5b_mid+1.5=23775.3242  sbar_bright_T5c_mid+1.5=14775.5908  sbar_bright_T5d_mid+1.5=17585.0566  sbar_bright_T4a_mid+1.5=36971.8359  sbar_dark_T4a_mid+0=57619.2695  sbar_dark_T4b_mid+0=54638.8945  sbar_dark_T4c_mid+0=53765.4609  sbar_dark_T4d_mid+0=55477.5703  sbar_dark_T5a_mid+0=142744.6719  sbar_dark_T5b_mid+0=217532.9375  sbar_dark_T5c_mid+0=99448.9062  sbar_dark_T5d_mid+0=139498.6406  sbar_dark_T4a_mid+1=42803.1094  sbar_dark_T4b_mid+1=41240.1758  sbar_dark_T4c_mid+1=30448.2031  sbar_dark_T4d_mid+1=38672.7930  sbar_dark_T5a_mid+1=160094.7969  sbar_dark_T5b_mid+1=246498.2969  sbar_dark_T5c_mid+1=205893.8594  sbar_dark_T5d_mid+1=174917.8281  sbar_dark_T4a_mid+2=46160.7266  sbar_dark_T4b_mid+2=49213.4492  sbar_dark_T4c_mid+2=37404.0508  sbar_dark_T4d_mid+2=33628.0508  sbar_dark_T5a_mid+2=125695.9141  sbar_dark_T5b_mid+2=167046.2031  sbar_dark_T5c_mid+2=120950.1797  sbar_dark_T5d_mid+2=127298.1094  sbar_dark_T4a_mid-1=149553.6562  sbar_dark_T4b_mid-1=167256.0312  sbar_dark_T4c_mid-1=162394.6562  sbar_dark_T4d_mid-1=167530.5469  sbar_dark_T5a_mid-1=713769.2500  sbar_dark_T5b_mid-1=917704.6875  sbar_dark_T5c_mid-1=637546.4375  sbar_dark_T5d_mid-1=819407.7500  sbar_dark_T4a_mid-2=71033.0781  sbar_dark_T4b_mid-2=62809.1133  sbar_dark_T4c_mid-2=94083.0938  sbar_dark_T4d_mid-2=60934.4922  sbar_dark_T5b_mid-2=462064.5000  sbar_dark_T5c_mid-2=242887.4375  sbar_dark_T5d_mid-2=313356.7812  sbar_dark_T5a_mid-2=321715.1562  sbar_dark_T4a_mid-1.5=24868.7832  sbar_dark_T4b_mid-1.5=26314.4219  sbar_dark_T4c_mid-1.5=28570.6309  sbar_dark_T4d_mid-1.5=23029.0410  sbar_dark_T5a_mid-1.5=88671.8047  sbar_dark_T5b_mid-1.5=134519.8750  sbar_dark_T5c_mid-1.5=71135.6562  sbar_dark_T5d_mid-1.5=93889.0938  sbar_dark_T4a_mid-0.5=33682.8789  sbar_dark_T4b_mid-0.5=40663.0078  sbar_dark_T4c_mid-0.5=39644.9219  sbar_dark_T4d_mid-0.5=41234.1875  sbar_dark_T5a_mid-0.5=303384.5312  sbar_dark_T5b_mid-0.5=439582.2812  sbar_dark_T5c_mid-0.5=282869.2188  sbar_dark_T5d_mid-0.5=225536.7812  sbar_dark_T4a_mid+0.5=15554.4805  sbar_dark_T4b_mid+0.5=13824.9365  sbar_dark_T4c_mid+0.5=12482.7188  sbar_dark_T4d_mid+0.5=15394.9756  sbar_dark_T5a_mid+0.5=50367.8516  sbar_dark_T5b_mid+0.5=50391.4453  sbar_dark_T5c_mid+0.5=41987.7539  sbar_dark_T5d_mid+0.5=26428.3320  sbar_dark_T4b_mid+1.5=23761.9277  sbar_dark_T4c_mid+1.5=20595.5234  sbar_dark_T4d_mid+1.5=15461.6270  sbar_dark_T5a_mid+1.5=80064.3750  sbar_dark_T5b_mid+1.5=88682.5234  sbar_dark_T5c_mid+1.5=79633.1953  sbar_dark_T5d_mid+1.5=65393.5508  sbar_dark_T4a_mid+1.5=21973.8477]:       57%|█████▋    | 170/300 [01:09<00:53,  2.45it/s] Cost: 154011.0781  [sbar_bright_T4a_mid+0=242038.1562  sbar_bright_T4b_mid+0=243347.2969  sbar_bright_T4c_mid+0=192572.6094  sbar_bright_T4d_mid+0=287739.4062  sbar_bright_T5a_mid+0=196747.8750  sbar_bright_T5b_mid+0=114120.0859  sbar_bright_T5c_mid+0=126833.1641  sbar_bright_T5d_mid+0=175250.2188  sbar_bright_T4a_mid+1=185408.7500  sbar_bright_T4b_mid+1=201782.4375  sbar_bright_T4c_mid+1=190085.7656  sbar_bright_T4d_mid+1=250414.3125  sbar_bright_T5a_mid+1=79200.2344  sbar_bright_T5b_mid+1=129470.7422  sbar_bright_T5c_mid+1=93319.3359  sbar_bright_T5d_mid+1=98125.2109  sbar_bright_T4a_mid+2=71586.4062  sbar_bright_T4b_mid+2=80012.8906  sbar_bright_T4c_mid+2=81367.7266  sbar_bright_T4d_mid+2=74317.2344  sbar_bright_T5a_mid+2=102525.0781  sbar_bright_T5b_mid+2=160058.8125  sbar_bright_T5c_mid+2=96629.9531  sbar_bright_T5d_mid+2=98929.7188  sbar_bright_T4a_mid-1=844613.5625  sbar_bright_T4b_mid-1=798081.3125  sbar_bright_T4c_mid-1=899742.6250  sbar_bright_T4d_mid-1=880440.9375  sbar_bright_T5a_mid-1=305024.5312  sbar_bright_T5b_mid-1=207975.0312  sbar_bright_T5c_mid-1=323768.8750  sbar_bright_T5d_mid-1=330933.8750  sbar_bright_T4a_mid-2=130834.9688  sbar_bright_T4b_mid-2=158482.5625  sbar_bright_T4c_mid-2=161826.1250  sbar_bright_T4d_mid-2=176830.0469  sbar_bright_T5b_mid-2=85307.2344  sbar_bright_T5c_mid-2=59811.2070  sbar_bright_T5d_mid-2=77860.8516  sbar_bright_T5a_mid-2=61254.3945  sbar_bright_T4a_mid-1.5=56381.3789  sbar_bright_T4b_mid-1.5=75589.1953  sbar_bright_T4c_mid-1.5=94265.9922  sbar_bright_T4d_mid-1.5=81545.4531  sbar_bright_T5a_mid-1.5=45115.0156  sbar_bright_T5b_mid-1.5=55532.9922  sbar_bright_T5c_mid-1.5=45859.6562  sbar_bright_T5d_mid-1.5=52418.4375  sbar_bright_T4a_mid-0.5=295637.2188  sbar_bright_T4b_mid-0.5=344117.4375  sbar_bright_T4c_mid-0.5=367474.8438  sbar_bright_T4d_mid-0.5=386323.0625  sbar_bright_T5a_mid-0.5=82984.5625  sbar_bright_T5b_mid-0.5=68818.6719  sbar_bright_T5c_mid-0.5=83841.8516  sbar_bright_T5d_mid-0.5=109315.4453  sbar_bright_T4a_mid+0.5=63729.6797  sbar_bright_T4b_mid+0.5=71994.9844  sbar_bright_T4c_mid+0.5=93653.1953  sbar_bright_T4d_mid+0.5=72842.0469  sbar_bright_T5a_mid+0.5=34081.7578  sbar_bright_T5b_mid+0.5=18248.4238  sbar_bright_T5c_mid+0.5=35111.4414  sbar_bright_T5d_mid+0.5=44441.6016  sbar_bright_T4b_mid+1.5=52148.4609  sbar_bright_T4c_mid+1.5=141978.7500  sbar_bright_T4d_mid+1.5=56944.0898  sbar_bright_T5a_mid+1.5=21479.7383  sbar_bright_T5b_mid+1.5=21571.9141  sbar_bright_T5c_mid+1.5=13406.7363  sbar_bright_T5d_mid+1.5=19486.5801  sbar_bright_T4a_mid+1.5=31986.8184  sbar_dark_T4a_mid+0=55345.3398  sbar_dark_T4b_mid+0=50066.9297  sbar_dark_T4c_mid+0=39484.6016  sbar_dark_T4d_mid+0=66368.2656  sbar_dark_T5a_mid+0=135879.4531  sbar_dark_T5b_mid+0=215394.0156  sbar_dark_T5c_mid+0=100387.1953  sbar_dark_T5d_mid+0=143013.9062  sbar_dark_T4a_mid+1=38195.3867  sbar_dark_T4b_mid+1=36345.1602  sbar_dark_T4c_mid+1=28988.8047  sbar_dark_T4d_mid+1=33787.8984  sbar_dark_T5a_mid+1=163542.5781  sbar_dark_T5b_mid+1=256591.7500  sbar_dark_T5c_mid+1=197826.8906  sbar_dark_T5d_mid+1=199351.9375  sbar_dark_T4a_mid+2=44339.2500  sbar_dark_T4b_mid+2=44973.7266  sbar_dark_T4c_mid+2=34801.4375  sbar_dark_T4d_mid+2=31857.0000  sbar_dark_T5a_mid+2=127112.8438  sbar_dark_T5b_mid+2=167061.4062  sbar_dark_T5c_mid+2=115191.9141  sbar_dark_T5d_mid+2=136175.0938  sbar_dark_T4a_mid-1=143621.4531  sbar_dark_T4b_mid-1=161893.6406  sbar_dark_T4c_mid-1=133179.4844  sbar_dark_T4d_mid-1=190330.6406  sbar_dark_T5a_mid-1=703185.7500  sbar_dark_T5b_mid-1=872795.9375  sbar_dark_T5c_mid-1=637081.0000  sbar_dark_T5d_mid-1=753035.7500  sbar_dark_T4a_mid-2=67461.7578  sbar_dark_T4b_mid-2=59939.1758  sbar_dark_T4c_mid-2=72885.9531  sbar_dark_T4d_mid-2=72918.6953  sbar_dark_T5b_mid-2=445767.5312  sbar_dark_T5c_mid-2=250306.4688  sbar_dark_T5d_mid-2=284901.9375  sbar_dark_T5a_mid-2=324122.7812  sbar_dark_T4a_mid-1.5=25111.0410  sbar_dark_T4b_mid-1.5=25858.5723  sbar_dark_T4c_mid-1.5=21809.1113  sbar_dark_T4d_mid-1.5=28781.2891  sbar_dark_T5a_mid-1.5=86941.2891  sbar_dark_T5b_mid-1.5=125069.8203  sbar_dark_T5c_mid-1.5=71143.0703  sbar_dark_T5d_mid-1.5=83007.5312  sbar_dark_T4a_mid-0.5=33141.1328  sbar_dark_T4b_mid-0.5=38963.2422  sbar_dark_T4c_mid-0.5=32255.0391  sbar_dark_T4d_mid-0.5=45985.7969  sbar_dark_T5a_mid-0.5=295893.0312  sbar_dark_T5b_mid-0.5=417040.0312  sbar_dark_T5c_mid-0.5=294676.5000  sbar_dark_T5d_mid-0.5=198594.5625  sbar_dark_T4a_mid+0.5=15304.5527  sbar_dark_T4b_mid+0.5=13378.4473  sbar_dark_T4c_mid+0.5=12889.5000  sbar_dark_T4d_mid+0.5=14432.2031  sbar_dark_T5a_mid+0.5=46480.5977  sbar_dark_T5b_mid+0.5=45775.3125  sbar_dark_T5c_mid+0.5=39649.7188  sbar_dark_T5d_mid+0.5=28681.4668  sbar_dark_T4b_mid+1.5=19359.1836  sbar_dark_T4c_mid+1.5=18984.1738  sbar_dark_T4d_mid+1.5=13250.0879  sbar_dark_T5a_mid+1.5=80291.9062  sbar_dark_T5b_mid+1.5=91645.7656  sbar_dark_T5c_mid+1.5=75294.8516  sbar_dark_T5d_mid+1.5=71420.7109  sbar_dark_T4a_mid+1.5=17972.4355]:   60%|██████    | 180/300 [01:13<00:48,  2.45it/s] Cost: 153056.5156  [sbar_bright_T4a_mid+0=306956.6250  sbar_bright_T4b_mid+0=285809.5938  sbar_bright_T4c_mid+0=218266.2812  sbar_bright_T4d_mid+0=362209.1562  sbar_bright_T5a_mid+0=208938.1562  sbar_bright_T5b_mid+0=118963.3047  sbar_bright_T5c_mid+0=128221.1484  sbar_bright_T5d_mid+0=184215.4688  sbar_bright_T4a_mid+1=219972.7812  sbar_bright_T4b_mid+1=228864.1406  sbar_bright_T4c_mid+1=220934.1250  sbar_bright_T4d_mid+1=301143.7812  sbar_bright_T5a_mid+1=85259.8594  sbar_bright_T5b_mid+1=136528.9531  sbar_bright_T5c_mid+1=100987.9297  sbar_bright_T5d_mid+1=107913.3125  sbar_bright_T4a_mid+2=81245.0391  sbar_bright_T4b_mid+2=92420.4531  sbar_bright_T4c_mid+2=102753.7656  sbar_bright_T4d_mid+2=90128.0469  sbar_bright_T5a_mid+2=100338.6328  sbar_bright_T5b_mid+2=152378.5469  sbar_bright_T5c_mid+2=94642.3125  sbar_bright_T5d_mid+2=98016.3047  sbar_bright_T4a_mid-1=806984.3750  sbar_bright_T4b_mid-1=775685.3125  sbar_bright_T4c_mid-1=790178.6250  sbar_bright_T4d_mid-1=801265.3750  sbar_bright_T5a_mid-1=297931.9375  sbar_bright_T5b_mid-1=206070.6250  sbar_bright_T5c_mid-1=321995.3750  sbar_bright_T5d_mid-1=324805.7500  sbar_bright_T4a_mid-2=152534.3750  sbar_bright_T4b_mid-2=153839.9219  sbar_bright_T4c_mid-2=167853.5156  sbar_bright_T4d_mid-2=178657.9844  sbar_bright_T5b_mid-2=83769.5938  sbar_bright_T5c_mid-2=56416.1523  sbar_bright_T5d_mid-2=76516.3906  sbar_bright_T5a_mid-2=59213.0820  sbar_bright_T4a_mid-1.5=58551.8398  sbar_bright_T4b_mid-1.5=64473.4180  sbar_bright_T4c_mid-1.5=67898.4141  sbar_bright_T4d_mid-1.5=62471.5859  sbar_bright_T5a_mid-1.5=41146.1797  sbar_bright_T5b_mid-1.5=54688.4961  sbar_bright_T5c_mid-1.5=44486.2500  sbar_bright_T5d_mid-1.5=48696.4180  sbar_bright_T4a_mid-0.5=222539.1719  sbar_bright_T4b_mid-0.5=254703.8750  sbar_bright_T4c_mid-0.5=276614.0938  sbar_bright_T4d_mid-0.5=319387.7188  sbar_bright_T5a_mid-0.5=81501.7656  sbar_bright_T5b_mid-0.5=69047.4297  sbar_bright_T5c_mid-0.5=82571.1484  sbar_bright_T5d_mid-0.5=105595.2188  sbar_bright_T4a_mid+0.5=62882.9141  sbar_bright_T4b_mid+0.5=101382.8281  sbar_bright_T4c_mid+0.5=137847.6875  sbar_bright_T4d_mid+0.5=91957.0234  sbar_bright_T5a_mid+0.5=37245.8398  sbar_bright_T5b_mid+0.5=20013.0918  sbar_bright_T5c_mid+0.5=39145.1953  sbar_bright_T5d_mid+0.5=47281.3438  sbar_bright_T4b_mid+1.5=54256.8984  sbar_bright_T4c_mid+1.5=174919.6406  sbar_bright_T4d_mid+1.5=62574.0391  sbar_bright_T5a_mid+1.5=24139.3652  sbar_bright_T5b_mid+1.5=20078.1855  sbar_bright_T5c_mid+1.5=15420.7314  sbar_bright_T5d_mid+1.5=21920.5605  sbar_bright_T4a_mid+1.5=37476.6211  sbar_dark_T4a_mid+0=55176.2930  sbar_dark_T4b_mid+0=53946.3867  sbar_dark_T4c_mid+0=45677.4219  sbar_dark_T4d_mid+0=68477.8984  sbar_dark_T5a_mid+0=152875.2969  sbar_dark_T5b_mid+0=222864.1094  sbar_dark_T5c_mid+0=101375.2812  sbar_dark_T5d_mid+0=147439.3125  sbar_dark_T4a_mid+1=40333.1484  sbar_dark_T4b_mid+1=37482.3438  sbar_dark_T4c_mid+1=27493.7227  sbar_dark_T4d_mid+1=34852.2344  sbar_dark_T5a_mid+1=153625.2656  sbar_dark_T5b_mid+1=236354.1094  sbar_dark_T5c_mid+1=187025.4531  sbar_dark_T5d_mid+1=186585.7031  sbar_dark_T4a_mid+2=43361.8477  sbar_dark_T4b_mid+2=46310.2422  sbar_dark_T4c_mid+2=33536.3555  sbar_dark_T4d_mid+2=33164.9844  sbar_dark_T5a_mid+2=118418.6562  sbar_dark_T5b_mid+2=154417.4062  sbar_dark_T5c_mid+2=105669.3203  sbar_dark_T5d_mid+2=123434.5469  sbar_dark_T4a_mid-1=145587.2031  sbar_dark_T4b_mid-1=161413.0156  sbar_dark_T4c_mid-1=150607.6406  sbar_dark_T4d_mid-1=194558.0000  sbar_dark_T5a_mid-1=682345.2500  sbar_dark_T5b_mid-1=844436.1250  sbar_dark_T5c_mid-1=633069.6250  sbar_dark_T5d_mid-1=753834.0000  sbar_dark_T4a_mid-2=71973.1641  sbar_dark_T4b_mid-2=63133.8398  sbar_dark_T4c_mid-2=84528.8906  sbar_dark_T4d_mid-2=77172.1406  sbar_dark_T5b_mid-2=445442.5000  sbar_dark_T5c_mid-2=251904.2344  sbar_dark_T5d_mid-2=291739.4375  sbar_dark_T5a_mid-2=322459.3125  sbar_dark_T4a_mid-1.5=25517.7305  sbar_dark_T4b_mid-1.5=26141.1504  sbar_dark_T4c_mid-1.5=25480.9629  sbar_dark_T4d_mid-1.5=29928.4863  sbar_dark_T5a_mid-1.5=83626.5312  sbar_dark_T5b_mid-1.5=123568.4297  sbar_dark_T5c_mid-1.5=70747.3750  sbar_dark_T5d_mid-1.5=84841.6016  sbar_dark_T4a_mid-0.5=33108.6641  sbar_dark_T4b_mid-0.5=38540.8438  sbar_dark_T4c_mid-0.5=35370.2734  sbar_dark_T4d_mid-0.5=46147.9727  sbar_dark_T5a_mid-0.5=289578.1875  sbar_dark_T5b_mid-0.5=409962.7500  sbar_dark_T5c_mid-0.5=291391.7188  sbar_dark_T5d_mid-0.5=196401.2812  sbar_dark_T4a_mid+0.5=16113.7568  sbar_dark_T4b_mid+0.5=14092.7051  sbar_dark_T4c_mid+0.5=12725.6045  sbar_dark_T4d_mid+0.5=16599.1035  sbar_dark_T5a_mid+0.5=42623.4570  sbar_dark_T5b_mid+0.5=40028.1914  sbar_dark_T5c_mid+0.5=35961.9883  sbar_dark_T5d_mid+0.5=26128.7188  sbar_dark_T4b_mid+1.5=18743.4531  sbar_dark_T4c_mid+1.5=18010.8887  sbar_dark_T4d_mid+1.5=13817.2861  sbar_dark_T5a_mid+1.5=74567.7109  sbar_dark_T5b_mid+1.5=81888.8984  sbar_dark_T5c_mid+1.5=68507.4609  sbar_dark_T5d_mid+1.5=65296.4297  sbar_dark_T4a_mid+1.5=16841.3281]:  63%|██████▎   | 190/300 [01:17<00:44,  2.45it/s] Cost: 159549.7500  [sbar_bright_T4a_mid+0=402018.8438  sbar_bright_T4b_mid+0=347243.3750  sbar_bright_T4c_mid+0=262639.6250  sbar_bright_T4d_mid+0=416249.9375  sbar_bright_T5a_mid+0=269275.2812  sbar_bright_T5b_mid+0=139357.3438  sbar_bright_T5c_mid+0=184746.6406  sbar_bright_T5d_mid+0=196754.7812  sbar_bright_T4a_mid+1=245622.8125  sbar_bright_T4b_mid+1=257861.0312  sbar_bright_T4c_mid+1=276062.2188  sbar_bright_T4d_mid+1=339874.2188  sbar_bright_T5a_mid+1=103431.1406  sbar_bright_T5b_mid+1=141071.5781  sbar_bright_T5c_mid+1=132180.7188  sbar_bright_T5d_mid+1=111873.7891  sbar_bright_T4a_mid+2=93048.4844  sbar_bright_T4b_mid+2=105274.9844  sbar_bright_T4c_mid+2=128425.0078  sbar_bright_T4d_mid+2=92775.7656  sbar_bright_T5a_mid+2=105524.3828  sbar_bright_T5b_mid+2=151015.9531  sbar_bright_T5c_mid+2=102708.2812  sbar_bright_T5d_mid+2=101138.0000  sbar_bright_T4a_mid-1=735149.2500  sbar_bright_T4b_mid-1=703384.6875  sbar_bright_T4c_mid-1=723049.5000  sbar_bright_T4d_mid-1=742759.8125  sbar_bright_T5a_mid-1=330856.7500  sbar_bright_T5b_mid-1=215064.8438  sbar_bright_T5c_mid-1=370550.6562  sbar_bright_T5d_mid-1=323973.4375  sbar_bright_T4a_mid-2=184206.4531  sbar_bright_T4b_mid-2=174633.1562  sbar_bright_T4c_mid-2=207313.8125  sbar_bright_T4d_mid-2=219824.9531  sbar_bright_T5b_mid-2=92320.1484  sbar_bright_T5c_mid-2=86386.1719  sbar_bright_T5d_mid-2=81105.9219  sbar_bright_T5a_mid-2=72355.4375  sbar_bright_T4a_mid-1.5=56749.8359  sbar_bright_T4b_mid-1.5=58410.2422  sbar_bright_T4c_mid-1.5=61812.1055  sbar_bright_T4d_mid-1.5=57397.1992  sbar_bright_T5a_mid-1.5=40081.6172  sbar_bright_T5b_mid-1.5=56118.2617  sbar_bright_T5c_mid-1.5=43330.5977  sbar_bright_T5d_mid-1.5=46992.5977  sbar_bright_T4a_mid-0.5=179826.4531  sbar_bright_T4b_mid-0.5=207588.7031  sbar_bright_T4c_mid-0.5=234717.9375  sbar_bright_T4d_mid-0.5=282910.9375  sbar_bright_T5a_mid-0.5=82026.2969  sbar_bright_T5b_mid-0.5=70773.8125  sbar_bright_T5c_mid-0.5=91606.6016  sbar_bright_T5d_mid-0.5=103557.8906  sbar_bright_T4a_mid+0.5=68368.7812  sbar_bright_T4b_mid+0.5=129819.1094  sbar_bright_T4c_mid+0.5=196719.3281  sbar_bright_T4d_mid+0.5=108272.6250  sbar_bright_T5a_mid+0.5=39856.9961  sbar_bright_T5b_mid+0.5=20131.9844  sbar_bright_T5c_mid+0.5=45400.6445  sbar_bright_T5d_mid+0.5=46797.0430  sbar_bright_T4b_mid+1.5=77381.3750  sbar_bright_T4c_mid+1.5=235636.7344  sbar_bright_T4d_mid+1.5=86213.8672  sbar_bright_T5a_mid+1.5=25803.1582  sbar_bright_T5b_mid+1.5=20657.5000  sbar_bright_T5c_mid+1.5=20094.6270  sbar_bright_T5d_mid+1.5=20012.2383  sbar_bright_T4a_mid+1.5=55385.9922  sbar_dark_T4a_mid+0=79902.1953  sbar_dark_T4b_mid+0=74060.2812  sbar_dark_T4c_mid+0=62512.2031  sbar_dark_T4d_mid+0=81868.4141  sbar_dark_T5a_mid+0=232304.5000  sbar_dark_T5b_mid+0=242160.8594  sbar_dark_T5c_mid+0=148822.9219  sbar_dark_T5d_mid+0=155687.3125  sbar_dark_T4a_mid+1=43725.7109  sbar_dark_T4b_mid+1=43107.7305  sbar_dark_T4c_mid+1=32535.0449  sbar_dark_T4d_mid+1=43745.3242  sbar_dark_T5a_mid+1=184044.6875  sbar_dark_T5b_mid+1=234789.2188  sbar_dark_T5c_mid+1=241194.7188  sbar_dark_T5d_mid+1=194889.9688  sbar_dark_T4a_mid+2=45559.5312  sbar_dark_T4b_mid+2=51054.3438  sbar_dark_T4c_mid+2=39788.1523  sbar_dark_T4d_mid+2=37035.1797  sbar_dark_T5a_mid+2=124855.9375  sbar_dark_T5b_mid+2=154600.6250  sbar_dark_T5c_mid+2=110988.9531  sbar_dark_T5d_mid+2=121247.6875  sbar_dark_T4a_mid-1=175185.2031  sbar_dark_T4b_mid-1=193363.7500  sbar_dark_T4c_mid-1=174703.8594  sbar_dark_T4d_mid-1=210889.6562  sbar_dark_T5a_mid-1=575811.5625  sbar_dark_T5b_mid-1=805192.7500  sbar_dark_T5c_mid-1=530327.3750  sbar_dark_T5d_mid-1=726515.8125  sbar_dark_T4a_mid-2=101223.2578  sbar_dark_T4b_mid-2=85473.0703  sbar_dark_T4c_mid-2=108018.6250  sbar_dark_T4d_mid-2=89539.7031  sbar_dark_T5b_mid-2=437597.4688  sbar_dark_T5c_mid-2=222657.3906  sbar_dark_T5d_mid-2=278302.2188  sbar_dark_T5a_mid-2=285714.5938  sbar_dark_T4a_mid-1.5=33442.8711  sbar_dark_T4b_mid-1.5=32626.5566  sbar_dark_T4c_mid-1.5=30694.8281  sbar_dark_T4d_mid-1.5=32729.4922  sbar_dark_T5a_mid-1.5=65689.1406  sbar_dark_T5b_mid-1.5=118622.9609  sbar_dark_T5c_mid-1.5=64622.7422  sbar_dark_T5d_mid-1.5=80491.5312  sbar_dark_T4a_mid-0.5=41585.9688  sbar_dark_T4b_mid-0.5=47233.8867  sbar_dark_T4c_mid-0.5=42010.6797  sbar_dark_T4d_mid-0.5=50682.1367  sbar_dark_T5a_mid-0.5=248987.9531  sbar_dark_T5b_mid-0.5=400938.8125  sbar_dark_T5c_mid-0.5=241783.4844  sbar_dark_T5d_mid-0.5=189128.1719  sbar_dark_T4a_mid+0.5=20752.6602  sbar_dark_T4b_mid+0.5=20520.0879  sbar_dark_T4c_mid+0.5=23115.6973  sbar_dark_T4d_mid+0.5=25056.6875  sbar_dark_T5a_mid+0.5=42468.2812  sbar_dark_T5b_mid+0.5=42485.5000  sbar_dark_T5c_mid+0.5=39123.9961  sbar_dark_T5d_mid+0.5=29579.6816  sbar_dark_T4b_mid+1.5=20529.2539  sbar_dark_T4c_mid+1.5=20067.8516  sbar_dark_T4d_mid+1.5=14469.5049  sbar_dark_T5a_mid+1.5=86545.6094  sbar_dark_T5b_mid+1.5=80687.1797  sbar_dark_T5c_mid+1.5=82009.6406  sbar_dark_T5d_mid+1.5=67918.0391  sbar_dark_T4a_mid+1.5=18000.1367]:  67%|██████▋   | 200/300 [01:21<00:41,  2.43it/s] Cost: 155093.8750  [sbar_bright_T4a_mid+0=236972.9531  sbar_bright_T4b_mid+0=230249.3594  sbar_bright_T4c_mid+0=192059.3125  sbar_bright_T4d_mid+0=305445.0000  sbar_bright_T5a_mid+0=193643.5156  sbar_bright_T5b_mid+0=128470.5469  sbar_bright_T5c_mid+0=132896.9062  sbar_bright_T5d_mid+0=154324.1406  sbar_bright_T4a_mid+1=177929.6406  sbar_bright_T4b_mid+1=185865.1094  sbar_bright_T4c_mid+1=182474.0625  sbar_bright_T4d_mid+1=223488.4844  sbar_bright_T5a_mid+1=82192.5000  sbar_bright_T5b_mid+1=126548.2109  sbar_bright_T5c_mid+1=100125.6719  sbar_bright_T5d_mid+1=96539.2500  sbar_bright_T4a_mid+2=68491.3438  sbar_bright_T4b_mid+2=71139.0625  sbar_bright_T4c_mid+2=76091.0078  sbar_bright_T4d_mid+2=66949.7422  sbar_bright_T5a_mid+2=112776.0312  sbar_bright_T5b_mid+2=177920.3750  sbar_bright_T5c_mid+2=113705.0781  sbar_bright_T5d_mid+2=112195.6250  sbar_bright_T4a_mid-1=839994.0625  sbar_bright_T4b_mid-1=759997.4375  sbar_bright_T4c_mid-1=848964.0625  sbar_bright_T4d_mid-1=925459.8125  sbar_bright_T5a_mid-1=328746.3438  sbar_bright_T5b_mid-1=234526.3594  sbar_bright_T5c_mid-1=359930.4688  sbar_bright_T5d_mid-1=323826.2812  sbar_bright_T4a_mid-2=129133.5000  sbar_bright_T4b_mid-2=159587.7188  sbar_bright_T4c_mid-2=166561.8281  sbar_bright_T4d_mid-2=175528.4219  sbar_bright_T5b_mid-2=90880.8828  sbar_bright_T5c_mid-2=60041.1055  sbar_bright_T5d_mid-2=74081.7500  sbar_bright_T5a_mid-2=62705.5664  sbar_bright_T4a_mid-1.5=55399.1836  sbar_bright_T4b_mid-1.5=70431.3359  sbar_bright_T4c_mid-1.5=74283.3984  sbar_bright_T4d_mid-1.5=84253.4062  sbar_bright_T5a_mid-1.5=58981.5547  sbar_bright_T5b_mid-1.5=75643.5859  sbar_bright_T5c_mid-1.5=61381.2344  sbar_bright_T5d_mid-1.5=59608.7617  sbar_bright_T4a_mid-0.5=322867.5938  sbar_bright_T4b_mid-0.5=346267.4062  sbar_bright_T4c_mid-0.5=345846.4688  sbar_bright_T4d_mid-0.5=397832.9375  sbar_bright_T5a_mid-0.5=86691.5234  sbar_bright_T5b_mid-0.5=90031.8516  sbar_bright_T5c_mid-0.5=93751.6250  sbar_bright_T5d_mid-0.5=107287.8594  sbar_bright_T4a_mid+0.5=70434.5625  sbar_bright_T4b_mid+0.5=78240.8438  sbar_bright_T4c_mid+0.5=74442.8750  sbar_bright_T4d_mid+0.5=80339.2109  sbar_bright_T5a_mid+0.5=33861.7109  sbar_bright_T5b_mid+0.5=21181.2285  sbar_bright_T5c_mid+0.5=39706.2344  sbar_bright_T5d_mid+0.5=37846.2695  sbar_bright_T4b_mid+1.5=45448.7109  sbar_bright_T4c_mid+1.5=155701.7188  sbar_bright_T4d_mid+1.5=43193.7148  sbar_bright_T5a_mid+1.5=23702.6113  sbar_bright_T5b_mid+1.5=25784.3008  sbar_bright_T5c_mid+1.5=18254.4766  sbar_bright_T5d_mid+1.5=19940.7402  sbar_bright_T4a_mid+1.5=30083.6836  sbar_dark_T4a_mid+0=51705.9922  sbar_dark_T4b_mid+0=54401.9531  sbar_dark_T4c_mid+0=42695.1836  sbar_dark_T4d_mid+0=55033.8477  sbar_dark_T5a_mid+0=213760.9219  sbar_dark_T5b_mid+0=243177.4219  sbar_dark_T5c_mid+0=114284.2031  sbar_dark_T5d_mid+0=154993.4375  sbar_dark_T4a_mid+1=36732.5352  sbar_dark_T4b_mid+1=40539.5898  sbar_dark_T4c_mid+1=32895.2812  sbar_dark_T4d_mid+1=38392.8906  sbar_dark_T5a_mid+1=167452.7344  sbar_dark_T5b_mid+1=248914.2500  sbar_dark_T5c_mid+1=234575.6875  sbar_dark_T5d_mid+1=192427.9844  sbar_dark_T4a_mid+2=42374.3750  sbar_dark_T4b_mid+2=43733.5898  sbar_dark_T4c_mid+2=40279.9922  sbar_dark_T4d_mid+2=34469.8281  sbar_dark_T5a_mid+2=129081.8438  sbar_dark_T5b_mid+2=163202.2812  sbar_dark_T5c_mid+2=112791.7578  sbar_dark_T5d_mid+2=128431.7266  sbar_dark_T4a_mid-1=152835.6562  sbar_dark_T4b_mid-1=161056.2188  sbar_dark_T4c_mid-1=138819.2031  sbar_dark_T4d_mid-1=162785.8594  sbar_dark_T5a_mid-1=666206.6250  sbar_dark_T5b_mid-1=829029.7500  sbar_dark_T5c_mid-1=610243.5000  sbar_dark_T5d_mid-1=786537.8750  sbar_dark_T4a_mid-2=67589.4062  sbar_dark_T4b_mid-2=60276.0586  sbar_dark_T4c_mid-2=72789.1484  sbar_dark_T4d_mid-2=55335.8320  sbar_dark_T5b_mid-2=438524.3438  sbar_dark_T5c_mid-2=243932.4062  sbar_dark_T5d_mid-2=314979.8750  sbar_dark_T5a_mid-2=327488.6562  sbar_dark_T4a_mid-1.5=26910.5293  sbar_dark_T4b_mid-1.5=27735.2930  sbar_dark_T4c_mid-1.5=25018.4395  sbar_dark_T4d_mid-1.5=24285.6309  sbar_dark_T5a_mid-1.5=86314.2578  sbar_dark_T5b_mid-1.5=130037.1406  sbar_dark_T5c_mid-1.5=72714.2500  sbar_dark_T5d_mid-1.5=95268.5859  sbar_dark_T4a_mid-0.5=33565.0820  sbar_dark_T4b_mid-0.5=39446.3281  sbar_dark_T4c_mid-0.5=33921.9297  sbar_dark_T4d_mid-0.5=40148.2852  sbar_dark_T5a_mid-0.5=269040.0938  sbar_dark_T5b_mid-0.5=403393.7188  sbar_dark_T5c_mid-0.5=270651.1562  sbar_dark_T5d_mid-0.5=202659.0312  sbar_dark_T4a_mid+0.5=16217.8828  sbar_dark_T4b_mid+0.5=16169.5996  sbar_dark_T4c_mid+0.5=14457.4717  sbar_dark_T4d_mid+0.5=14949.3623  sbar_dark_T5a_mid+0.5=50961.7930  sbar_dark_T5b_mid+0.5=57434.9023  sbar_dark_T5c_mid+0.5=43971.6523  sbar_dark_T5d_mid+0.5=34952.0312  sbar_dark_T4b_mid+1.5=21671.7441  sbar_dark_T4c_mid+1.5=21117.0000  sbar_dark_T4d_mid+1.5=15006.2500  sbar_dark_T5a_mid+1.5=75511.7344  sbar_dark_T5b_mid+1.5=87528.4531  sbar_dark_T5c_mid+1.5=73004.8672  sbar_dark_T5d_mid+1.5=66449.6250  sbar_dark_T4a_mid+1.5=21038.0879]:           70%|███████   | 210/300 [01:26<00:36,  2.44it/s] Cost: 150341.1094  [sbar_bright_T4a_mid+0=232938.2656  sbar_bright_T4b_mid+0=231440.0781  sbar_bright_T4c_mid+0=193003.4219  sbar_bright_T4d_mid+0=287014.8125  sbar_bright_T5a_mid+0=191272.1875  sbar_bright_T5b_mid+0=122607.3828  sbar_bright_T5c_mid+0=136260.5000  sbar_bright_T5d_mid+0=168413.8750  sbar_bright_T4a_mid+1=175823.8906  sbar_bright_T4b_mid+1=171746.0625  sbar_bright_T4c_mid+1=167939.9062  sbar_bright_T4d_mid+1=211893.6250  sbar_bright_T5a_mid+1=78723.3672  sbar_bright_T5b_mid+1=139231.8594  sbar_bright_T5c_mid+1=100569.5234  sbar_bright_T5d_mid+1=99561.6797  sbar_bright_T4a_mid+2=62692.6289  sbar_bright_T4b_mid+2=63854.2969  sbar_bright_T4c_mid+2=71005.4219  sbar_bright_T4d_mid+2=64684.7031  sbar_bright_T5a_mid+2=103063.9922  sbar_bright_T5b_mid+2=169855.5469  sbar_bright_T5c_mid+2=103663.9688  sbar_bright_T5d_mid+2=101531.8359  sbar_bright_T4a_mid-1=812043.2500  sbar_bright_T4b_mid-1=755111.5625  sbar_bright_T4c_mid-1=853491.4375  sbar_bright_T4d_mid-1=880383.8125  sbar_bright_T5a_mid-1=309281.8750  sbar_bright_T5b_mid-1=225641.0000  sbar_bright_T5c_mid-1=353487.5938  sbar_bright_T5d_mid-1=335906.9688  sbar_bright_T4a_mid-2=126951.4297  sbar_bright_T4b_mid-2=152068.1562  sbar_bright_T4c_mid-2=149232.0625  sbar_bright_T4d_mid-2=168411.5000  sbar_bright_T5b_mid-2=93944.3984  sbar_bright_T5c_mid-2=58782.8984  sbar_bright_T5d_mid-2=70642.1953  sbar_bright_T5a_mid-2=59950.2656  sbar_bright_T4a_mid-1.5=51702.9609  sbar_bright_T4b_mid-1.5=72407.0312  sbar_bright_T4c_mid-1.5=76361.0703  sbar_bright_T4d_mid-1.5=80928.4609  sbar_bright_T5a_mid-1.5=50219.0938  sbar_bright_T5b_mid-1.5=65303.8711  sbar_bright_T5c_mid-1.5=54224.2539  sbar_bright_T5d_mid-1.5=54930.2656  sbar_bright_T4a_mid-0.5=309128.5938  sbar_bright_T4b_mid-0.5=344567.8438  sbar_bright_T4c_mid-0.5=363392.6562  sbar_bright_T4d_mid-0.5=394355.6875  sbar_bright_T5a_mid-0.5=83694.4375  sbar_bright_T5b_mid-0.5=81295.1406  sbar_bright_T5c_mid-0.5=88366.7344  sbar_bright_T5d_mid-0.5=112071.8984  sbar_bright_T4a_mid+0.5=62999.4102  sbar_bright_T4b_mid+0.5=62453.9023  sbar_bright_T4c_mid+0.5=79195.0156  sbar_bright_T4d_mid+0.5=78611.2031  sbar_bright_T5a_mid+0.5=30294.4062  sbar_bright_T5b_mid+0.5=18681.8340  sbar_bright_T5c_mid+0.5=38938.6758  sbar_bright_T5d_mid+0.5=37860.3398  sbar_bright_T4b_mid+1.5=40764.7266  sbar_bright_T4c_mid+1.5=132978.8125  sbar_bright_T4d_mid+1.5=46605.5938  sbar_bright_T5a_mid+1.5=20530.0703  sbar_bright_T5b_mid+1.5=23812.7305  sbar_bright_T5c_mid+1.5=18076.8828  sbar_bright_T5d_mid+1.5=17629.5527  sbar_bright_T4a_mid+1.5=32677.6582  sbar_dark_T4a_mid+0=52221.7188  sbar_dark_T4b_mid+0=53780.1992  sbar_dark_T4c_mid+0=41692.2930  sbar_dark_T4d_mid+0=59935.6680  sbar_dark_T5a_mid+0=147875.7656  sbar_dark_T5b_mid+0=226199.4688  sbar_dark_T5c_mid+0=95605.0469  sbar_dark_T5d_mid+0=128767.4688  sbar_dark_T4a_mid+1=35997.3438  sbar_dark_T4b_mid+1=38410.1562  sbar_dark_T4c_mid+1=29282.4277  sbar_dark_T4d_mid+1=35349.5469  sbar_dark_T5a_mid+1=163343.9844  sbar_dark_T5b_mid+1=254656.7188  sbar_dark_T5c_mid+1=214481.9844  sbar_dark_T5d_mid+1=187284.0938  sbar_dark_T4a_mid+2=40647.5703  sbar_dark_T4b_mid+2=41559.8711  sbar_dark_T4c_mid+2=36573.0938  sbar_dark_T4d_mid+2=31377.7227  sbar_dark_T5a_mid+2=125420.1016  sbar_dark_T5b_mid+2=165664.6094  sbar_dark_T5c_mid+2=111112.4766  sbar_dark_T5d_mid+2=120870.7344  sbar_dark_T4a_mid-1=144929.1562  sbar_dark_T4b_mid-1=155392.7812  sbar_dark_T4c_mid-1=137827.0000  sbar_dark_T4d_mid-1=174347.4688  sbar_dark_T5a_mid-1=683810.5000  sbar_dark_T5b_mid-1=819458.3750  sbar_dark_T5c_mid-1=599184.3125  sbar_dark_T5d_mid-1=769024.3125  sbar_dark_T4a_mid-2=64008.9297  sbar_dark_T4b_mid-2=57147.9141  sbar_dark_T4c_mid-2=73384.1484  sbar_dark_T4d_mid-2=62611.3281  sbar_dark_T5b_mid-2=422631.9375  sbar_dark_T5c_mid-2=227607.3594  sbar_dark_T5d_mid-2=304270.1250  sbar_dark_T5a_mid-2=309986.0000  sbar_dark_T4a_mid-1.5=24740.8555  sbar_dark_T4b_mid-1.5=26288.1602  sbar_dark_T4c_mid-1.5=23951.5098  sbar_dark_T4d_mid-1.5=26328.3340  sbar_dark_T5a_mid-1.5=83323.3750  sbar_dark_T5b_mid-1.5=118189.8047  sbar_dark_T5c_mid-1.5=62497.9805  sbar_dark_T5d_mid-1.5=86846.7812  sbar_dark_T4a_mid-0.5=30978.9023  sbar_dark_T4b_mid-0.5=36333.3086  sbar_dark_T4c_mid-0.5=31893.7832  sbar_dark_T4d_mid-0.5=40455.2500  sbar_dark_T5a_mid-0.5=272706.3125  sbar_dark_T5b_mid-0.5=383517.2812  sbar_dark_T5c_mid-0.5=274166.9375  sbar_dark_T5d_mid-0.5=198230.9531  sbar_dark_T4a_mid+0.5=14363.3506  sbar_dark_T4b_mid+0.5=14977.4932  sbar_dark_T4c_mid+0.5=12007.0635  sbar_dark_T4d_mid+0.5=14822.8018  sbar_dark_T5a_mid+0.5=42620.8398  sbar_dark_T5b_mid+0.5=48961.1758  sbar_dark_T5c_mid+0.5=41247.5664  sbar_dark_T5d_mid+0.5=29956.2090  sbar_dark_T4b_mid+1.5=22302.6895  sbar_dark_T4c_mid+1.5=18981.3984  sbar_dark_T4d_mid+1.5=13297.6035  sbar_dark_T5a_mid+1.5=77569.9453  sbar_dark_T5b_mid+1.5=85409.1953  sbar_dark_T5c_mid+1.5=80069.1562  sbar_dark_T5d_mid+1.5=65864.4062  sbar_dark_T4a_mid+1.5=23302.1953]:   73%|███████▎  | 220/300 [01:30<00:32,  2.44it/s] Cost: 145623.9219  [sbar_bright_T4a_mid+0=223820.8750  sbar_bright_T4b_mid+0=230115.5781  sbar_bright_T4c_mid+0=177867.1719  sbar_bright_T4d_mid+0=302361.5312  sbar_bright_T5a_mid+0=192657.3281  sbar_bright_T5b_mid+0=115951.9688  sbar_bright_T5c_mid+0=128618.9297  sbar_bright_T5d_mid+0=146005.2656  sbar_bright_T4a_mid+1=181133.1562  sbar_bright_T4b_mid+1=190435.2969  sbar_bright_T4c_mid+1=187984.1094  sbar_bright_T4d_mid+1=217134.8906  sbar_bright_T5a_mid+1=78248.0234  sbar_bright_T5b_mid+1=125732.4297  sbar_bright_T5c_mid+1=99715.3594  sbar_bright_T5d_mid+1=85697.6094  sbar_bright_T4a_mid+2=64862.7188  sbar_bright_T4b_mid+2=67700.2734  sbar_bright_T4c_mid+2=74234.8125  sbar_bright_T4d_mid+2=65883.9609  sbar_bright_T5a_mid+2=99182.0312  sbar_bright_T5b_mid+2=150729.5000  sbar_bright_T5c_mid+2=100719.8906  sbar_bright_T5d_mid+2=98893.1250  sbar_bright_T4a_mid-1=769913.1250  sbar_bright_T4b_mid-1=737819.5000  sbar_bright_T4c_mid-1=794568.5000  sbar_bright_T4d_mid-1=854610.6250  sbar_bright_T5a_mid-1=307579.6875  sbar_bright_T5b_mid-1=210463.4375  sbar_bright_T5c_mid-1=330429.5938  sbar_bright_T5d_mid-1=315443.2188  sbar_bright_T4a_mid-2=136197.5000  sbar_bright_T4b_mid-2=157522.4062  sbar_bright_T4c_mid-2=159137.0938  sbar_bright_T4d_mid-2=186423.6719  sbar_bright_T5b_mid-2=79215.2344  sbar_bright_T5c_mid-2=54946.3867  sbar_bright_T5d_mid-2=65329.1094  sbar_bright_T5a_mid-2=54368.5117  sbar_bright_T4a_mid-1.5=50591.3164  sbar_bright_T4b_mid-1.5=67129.6016  sbar_bright_T4c_mid-1.5=68134.1094  sbar_bright_T4d_mid-1.5=74234.9922  sbar_bright_T5a_mid-1.5=41311.1523  sbar_bright_T5b_mid-1.5=53316.8281  sbar_bright_T5c_mid-1.5=44311.5508  sbar_bright_T5d_mid-1.5=49228.4297  sbar_bright_T4a_mid-0.5=276363.2500  sbar_bright_T4b_mid-0.5=285644.1875  sbar_bright_T4c_mid-0.5=312699.8750  sbar_bright_T4d_mid-0.5=347284.9375  sbar_bright_T5a_mid-0.5=82528.7188  sbar_bright_T5b_mid-0.5=71326.6562  sbar_bright_T5c_mid-0.5=83787.7109  sbar_bright_T5d_mid-0.5=98708.0312  sbar_bright_T4a_mid+0.5=56515.7500  sbar_bright_T4b_mid+0.5=72429.2422  sbar_bright_T4c_mid+0.5=90719.5469  sbar_bright_T4d_mid+0.5=80004.7188  sbar_bright_T5a_mid+0.5=31760.5293  sbar_bright_T5b_mid+0.5=17432.3086  sbar_bright_T5c_mid+0.5=34903.6055  sbar_bright_T5d_mid+0.5=34793.2969  sbar_bright_T4b_mid+1.5=44044.9531  sbar_bright_T4c_mid+1.5=157900.2812  sbar_bright_T4d_mid+1.5=47145.7656  sbar_bright_T5a_mid+1.5=23776.5664  sbar_bright_T5b_mid+1.5=17722.4141  sbar_bright_T5c_mid+1.5=18024.2070  sbar_bright_T5d_mid+1.5=18425.7715  sbar_bright_T4a_mid+1.5=32038.4570  sbar_dark_T4a_mid+0=47382.8047  sbar_dark_T4b_mid+0=48326.4102  sbar_dark_T4c_mid+0=38766.3711  sbar_dark_T4d_mid+0=52543.3086  sbar_dark_T5a_mid+0=177405.5312  sbar_dark_T5b_mid+0=233948.7812  sbar_dark_T5c_mid+0=114674.4219  sbar_dark_T5d_mid+0=130247.2031  sbar_dark_T4a_mid+1=39159.4844  sbar_dark_T4b_mid+1=38889.1562  sbar_dark_T4c_mid+1=31429.1289  sbar_dark_T4d_mid+1=38269.6836  sbar_dark_T5a_mid+1=153628.4688  sbar_dark_T5b_mid+1=222389.8906  sbar_dark_T5c_mid+1=186833.4688  sbar_dark_T5d_mid+1=166605.5312  sbar_dark_T4a_mid+2=43339.8516  sbar_dark_T4b_mid+2=44041.2969  sbar_dark_T4c_mid+2=35634.0312  sbar_dark_T4d_mid+2=33837.2969  sbar_dark_T5a_mid+2=117261.1016  sbar_dark_T5b_mid+2=142493.5156  sbar_dark_T5c_mid+2=94157.3750  sbar_dark_T5d_mid+2=110273.9453  sbar_dark_T4a_mid-1=136345.2969  sbar_dark_T4b_mid-1=150935.4375  sbar_dark_T4c_mid-1=132260.9219  sbar_dark_T4d_mid-1=168128.2188  sbar_dark_T5a_mid-1=652750.2500  sbar_dark_T5b_mid-1=804787.5000  sbar_dark_T5c_mid-1=597081.5625  sbar_dark_T5d_mid-1=795294.2500  sbar_dark_T4a_mid-2=66226.9219  sbar_dark_T4b_mid-2=57171.6562  sbar_dark_T4c_mid-2=70587.7266  sbar_dark_T4d_mid-2=63507.3711  sbar_dark_T5b_mid-2=429577.9688  sbar_dark_T5c_mid-2=242618.7500  sbar_dark_T5d_mid-2=311576.0312  sbar_dark_T5a_mid-2=307211.5938  sbar_dark_T4a_mid-1.5=24982.2441  sbar_dark_T4b_mid-1.5=24519.5820  sbar_dark_T4c_mid-1.5=20776.9785  sbar_dark_T4d_mid-1.5=23454.2969  sbar_dark_T5a_mid-1.5=76644.9531  sbar_dark_T5b_mid-1.5=117652.1719  sbar_dark_T5c_mid-1.5=65158.0742  sbar_dark_T5d_mid-1.5=91132.9062  sbar_dark_T4a_mid-0.5=30802.0176  sbar_dark_T4b_mid-0.5=36759.1328  sbar_dark_T4c_mid-0.5=32758.2559  sbar_dark_T4d_mid-0.5=39908.0273  sbar_dark_T5a_mid-0.5=267387.5312  sbar_dark_T5b_mid-0.5=390597.8750  sbar_dark_T5c_mid-0.5=265490.5000  sbar_dark_T5d_mid-0.5=200161.2188  sbar_dark_T4a_mid+0.5=15203.2725  sbar_dark_T4b_mid+0.5=14614.6387  sbar_dark_T4c_mid+0.5=12531.5547  sbar_dark_T4d_mid+0.5=17049.8477  sbar_dark_T5a_mid+0.5=40831.8906  sbar_dark_T5b_mid+0.5=45357.4297  sbar_dark_T5c_mid+0.5=35467.1250  sbar_dark_T5d_mid+0.5=27184.8164  sbar_dark_T4b_mid+1.5=19253.5176  sbar_dark_T4c_mid+1.5=18725.7051  sbar_dark_T4d_mid+1.5=13751.7334  sbar_dark_T5a_mid+1.5=67010.5391  sbar_dark_T5b_mid+1.5=68234.9688  sbar_dark_T5c_mid+1.5=60865.5039  sbar_dark_T5d_mid+1.5=55910.7031  sbar_dark_T4a_mid+1.5=18177.3711]:      77%|███████▋  | 230/300 [01:34<00:28,  2.44it/s] Cost: 144089.5312  [sbar_bright_T4a_mid+0=230183.1250  sbar_bright_T4b_mid+0=237492.4062  sbar_bright_T4c_mid+0=177640.2500  sbar_bright_T4d_mid+0=318235.6562  sbar_bright_T5a_mid+0=174068.9062  sbar_bright_T5b_mid+0=98752.7656  sbar_bright_T5c_mid+0=117496.7500  sbar_bright_T5d_mid+0=141902.6094  sbar_bright_T4a_mid+1=185620.0156  sbar_bright_T4b_mid+1=182202.5625  sbar_bright_T4c_mid+1=177887.9531  sbar_bright_T4d_mid+1=217317.3438  sbar_bright_T5a_mid+1=71764.1641  sbar_bright_T5b_mid+1=117924.7031  sbar_bright_T5c_mid+1=88569.6562  sbar_bright_T5d_mid+1=84964.3438  sbar_bright_T4a_mid+2=60083.3281  sbar_bright_T4b_mid+2=59427.3633  sbar_bright_T4c_mid+2=72681.8828  sbar_bright_T4d_mid+2=62725.7148  sbar_bright_T5a_mid+2=103153.3984  sbar_bright_T5b_mid+2=155480.7344  sbar_bright_T5c_mid+2=102629.5312  sbar_bright_T5d_mid+2=103027.8203  sbar_bright_T4a_mid-1=761149.3750  sbar_bright_T4b_mid-1=727491.3125  sbar_bright_T4c_mid-1=783474.0625  sbar_bright_T4d_mid-1=812587.3125  sbar_bright_T5a_mid-1=300366.2500  sbar_bright_T5b_mid-1=209888.5469  sbar_bright_T5c_mid-1=324920.2500  sbar_bright_T5d_mid-1=312141.6250  sbar_bright_T4a_mid-2=126931.3281  sbar_bright_T4b_mid-2=153287.8438  sbar_bright_T4c_mid-2=166050.2969  sbar_bright_T4d_mid-2=186325.2812  sbar_bright_T5b_mid-2=83700.4062  sbar_bright_T5c_mid-2=49811.5352  sbar_bright_T5d_mid-2=67402.0312  sbar_bright_T5a_mid-2=52471.5039  sbar_bright_T4a_mid-1.5=49639.8320  sbar_bright_T4b_mid-1.5=66342.2344  sbar_bright_T4c_mid-1.5=66282.1484  sbar_bright_T4d_mid-1.5=69894.9766  sbar_bright_T5a_mid-1.5=46503.8750  sbar_bright_T5b_mid-1.5=61176.1250  sbar_bright_T5c_mid-1.5=50176.5000  sbar_bright_T5d_mid-1.5=51651.0898  sbar_bright_T4a_mid-0.5=266378.2188  sbar_bright_T4b_mid-0.5=273597.3750  sbar_bright_T4c_mid-0.5=300793.3750  sbar_bright_T4d_mid-0.5=316006.5625  sbar_bright_T5a_mid-0.5=82512.7266  sbar_bright_T5b_mid-0.5=78922.0547  sbar_bright_T5c_mid-0.5=85174.2734  sbar_bright_T5d_mid-0.5=100154.6797  sbar_bright_T4a_mid+0.5=58578.5938  sbar_bright_T4b_mid+0.5=65140.7617  sbar_bright_T4c_mid+0.5=88157.5625  sbar_bright_T4d_mid+0.5=74826.2422  sbar_bright_T5a_mid+0.5=29518.7969  sbar_bright_T5b_mid+0.5=17023.5234  sbar_bright_T5c_mid+0.5=33603.4453  sbar_bright_T5d_mid+0.5=31999.8711  sbar_bright_T4b_mid+1.5=37660.9258  sbar_bright_T4c_mid+1.5=136184.7188  sbar_bright_T4d_mid+1.5=40249.1602  sbar_bright_T5a_mid+1.5=19614.8770  sbar_bright_T5b_mid+1.5=19542.1836  sbar_bright_T5c_mid+1.5=21184.7051  sbar_bright_T5d_mid+1.5=17818.1777  sbar_bright_T4a_mid+1.5=27430.5430  sbar_dark_T4a_mid+0=51950.9492  sbar_dark_T4b_mid+0=50599.9219  sbar_dark_T4c_mid+0=42589.0273  sbar_dark_T4d_mid+0=56868.9375  sbar_dark_T5a_mid+0=136703.3906  sbar_dark_T5b_mid+0=211551.6250  sbar_dark_T5c_mid+0=91039.7969  sbar_dark_T5d_mid+0=133951.7188  sbar_dark_T4a_mid+1=34799.2617  sbar_dark_T4b_mid+1=36237.2656  sbar_dark_T4c_mid+1=27337.9961  sbar_dark_T4d_mid+1=33381.0859  sbar_dark_T5a_mid+1=139783.6562  sbar_dark_T5b_mid+1=216400.3281  sbar_dark_T5c_mid+1=174223.6562  sbar_dark_T5d_mid+1=178570.9219  sbar_dark_T4a_mid+2=40342.6875  sbar_dark_T4b_mid+2=39630.4258  sbar_dark_T4c_mid+2=33655.7031  sbar_dark_T4d_mid+2=31893.9531  sbar_dark_T5a_mid+2=113944.8750  sbar_dark_T5b_mid+2=142833.5625  sbar_dark_T5c_mid+2=93990.0234  sbar_dark_T5d_mid+2=111238.1797  sbar_dark_T4a_mid-1=141298.6875  sbar_dark_T4b_mid-1=149180.7031  sbar_dark_T4c_mid-1=143524.7656  sbar_dark_T4d_mid-1=170053.6094  sbar_dark_T5a_mid-1=691639.6875  sbar_dark_T5b_mid-1=849097.2500  sbar_dark_T5c_mid-1=633512.2500  sbar_dark_T5d_mid-1=793612.8125  sbar_dark_T4a_mid-2=64413.1094  sbar_dark_T4b_mid-2=54348.7695  sbar_dark_T4c_mid-2=75344.2969  sbar_dark_T4d_mid-2=59582.8438  sbar_dark_T5b_mid-2=421910.7812  sbar_dark_T5c_mid-2=239056.6875  sbar_dark_T5d_mid-2=307971.1562  sbar_dark_T5a_mid-2=316419.9375  sbar_dark_T4a_mid-1.5=24145.2656  sbar_dark_T4b_mid-1.5=24018.6523  sbar_dark_T4c_mid-1.5=23697.3086  sbar_dark_T4d_mid-1.5=24688.6660  sbar_dark_T5a_mid-1.5=84464.8438  sbar_dark_T5b_mid-1.5=115342.0625  sbar_dark_T5c_mid-1.5=66866.7578  sbar_dark_T5d_mid-1.5=91810.2266  sbar_dark_T4a_mid-0.5=29797.4746  sbar_dark_T4b_mid-0.5=33891.9375  sbar_dark_T4c_mid-0.5=32491.5781  sbar_dark_T4d_mid-0.5=38616.5820  sbar_dark_T5a_mid-0.5=287490.7812  sbar_dark_T5b_mid-0.5=391519.5000  sbar_dark_T5c_mid-0.5=285756.0312  sbar_dark_T5d_mid-0.5=197757.9531  sbar_dark_T4a_mid+0.5=14357.3945  sbar_dark_T4b_mid+0.5=14863.6641  sbar_dark_T4c_mid+0.5=12864.0010  sbar_dark_T4d_mid+0.5=15526.8730  sbar_dark_T5a_mid+0.5=40390.3281  sbar_dark_T5b_mid+0.5=40183.0820  sbar_dark_T5c_mid+0.5=36744.0742  sbar_dark_T5d_mid+0.5=27000.4043  sbar_dark_T4b_mid+1.5=18391.6602  sbar_dark_T4c_mid+1.5=17250.0781  sbar_dark_T4d_mid+1.5=14491.0254  sbar_dark_T5a_mid+1.5=64396.2148  sbar_dark_T5b_mid+1.5=62178.6211  sbar_dark_T5c_mid+1.5=59841.7031  sbar_dark_T5d_mid+1.5=63819.6250  sbar_dark_T4a_mid+1.5=16775.1309]:  80%|████████  | 240/300 [01:38<00:24,  2.45it/s] Cost: 144571.7500  [sbar_bright_T4a_mid+0=225967.7031  sbar_bright_T4b_mid+0=229980.8281  sbar_bright_T4c_mid+0=199951.5625  sbar_bright_T4d_mid+0=283907.4688  sbar_bright_T5a_mid+0=178380.5469  sbar_bright_T5b_mid+0=95884.6328  sbar_bright_T5c_mid+0=119613.8984  sbar_bright_T5d_mid+0=133633.0312  sbar_bright_T4a_mid+1=182293.6875  sbar_bright_T4b_mid+1=181920.0156  sbar_bright_T4c_mid+1=184652.1406  sbar_bright_T4d_mid+1=217833.8125  sbar_bright_T5a_mid+1=77736.2422  sbar_bright_T5b_mid+1=105091.4297  sbar_bright_T5c_mid+1=86147.6172  sbar_bright_T5d_mid+1=78391.2734  sbar_bright_T4a_mid+2=55707.2266  sbar_bright_T4b_mid+2=61839.5156  sbar_bright_T4c_mid+2=75762.7734  sbar_bright_T4d_mid+2=61744.0234  sbar_bright_T5a_mid+2=99531.6016  sbar_bright_T5b_mid+2=125373.3516  sbar_bright_T5c_mid+2=91238.9609  sbar_bright_T5d_mid+2=97918.8125  sbar_bright_T4a_mid-1=736929.1250  sbar_bright_T4b_mid-1=732273.5000  sbar_bright_T4c_mid-1=800558.0625  sbar_bright_T4d_mid-1=814616.5000  sbar_bright_T5a_mid-1=317947.3750  sbar_bright_T5b_mid-1=211981.6250  sbar_bright_T5c_mid-1=336111.1875  sbar_bright_T5d_mid-1=306033.4062  sbar_bright_T4a_mid-2=126246.0781  sbar_bright_T4b_mid-2=147558.6250  sbar_bright_T4c_mid-2=152700.2812  sbar_bright_T4d_mid-2=171895.0156  sbar_bright_T5b_mid-2=82209.7422  sbar_bright_T5c_mid-2=48566.5977  sbar_bright_T5d_mid-2=63049.2695  sbar_bright_T5a_mid-2=54410.5078  sbar_bright_T4a_mid-1.5=47758.2852  sbar_bright_T4b_mid-1.5=65447.2617  sbar_bright_T4c_mid-1.5=67742.3516  sbar_bright_T4d_mid-1.5=72855.3750  sbar_bright_T5a_mid-1.5=47048.5430  sbar_bright_T5b_mid-1.5=58803.7500  sbar_bright_T5c_mid-1.5=50564.9453  sbar_bright_T5d_mid-1.5=51517.6328  sbar_bright_T4a_mid-0.5=266899.0625  sbar_bright_T4b_mid-0.5=290057.7188  sbar_bright_T4c_mid-0.5=319118.3750  sbar_bright_T4d_mid-0.5=347426.6250  sbar_bright_T5a_mid-0.5=88955.6875  sbar_bright_T5b_mid-0.5=77154.4375  sbar_bright_T5c_mid-0.5=89528.3125  sbar_bright_T5d_mid-0.5=95136.8438  sbar_bright_T4a_mid+0.5=60557.7930  sbar_bright_T4b_mid+0.5=67129.9375  sbar_bright_T4c_mid+0.5=76427.2422  sbar_bright_T4d_mid+0.5=66002.0000  sbar_bright_T5a_mid+0.5=31926.0996  sbar_bright_T5b_mid+0.5=16254.9746  sbar_bright_T5c_mid+0.5=34241.9844  sbar_bright_T5d_mid+0.5=28992.1035  sbar_bright_T4b_mid+1.5=41761.3945  sbar_bright_T4c_mid+1.5=124623.5859  sbar_bright_T4d_mid+1.5=40537.1641  sbar_bright_T5a_mid+1.5=21742.0000  sbar_bright_T5b_mid+1.5=19488.1484  sbar_bright_T5c_mid+1.5=22449.2812  sbar_bright_T5d_mid+1.5=16930.2871  sbar_bright_T4a_mid+1.5=29758.1875  sbar_dark_T4a_mid+0=63865.9258  sbar_dark_T4b_mid+0=59605.8242  sbar_dark_T4c_mid+0=48558.8555  sbar_dark_T4d_mid+0=56618.4102  sbar_dark_T5a_mid+0=129030.6562  sbar_dark_T5b_mid+0=206307.6875  sbar_dark_T5c_mid+0=86552.1719  sbar_dark_T5d_mid+0=126023.7891  sbar_dark_T4a_mid+1=35157.2656  sbar_dark_T4b_mid+1=39964.0469  sbar_dark_T4c_mid+1=31364.6973  sbar_dark_T4d_mid+1=37489.7734  sbar_dark_T5a_mid+1=146458.2969  sbar_dark_T5b_mid+1=206156.0000  sbar_dark_T5c_mid+1=168091.3438  sbar_dark_T5d_mid+1=156348.9688  sbar_dark_T4a_mid+2=35586.3438  sbar_dark_T4b_mid+2=40782.5234  sbar_dark_T4c_mid+2=33616.0586  sbar_dark_T4d_mid+2=31742.6426  sbar_dark_T5a_mid+2=117286.6172  sbar_dark_T5b_mid+2=137453.1094  sbar_dark_T5c_mid+2=95048.5781  sbar_dark_T5d_mid+2=107805.5781  sbar_dark_T4a_mid-1=155688.9844  sbar_dark_T4b_mid-1=159511.6562  sbar_dark_T4c_mid-1=139642.2031  sbar_dark_T4d_mid-1=168355.6875  sbar_dark_T5a_mid-1=700739.6875  sbar_dark_T5b_mid-1=856525.2500  sbar_dark_T5c_mid-1=649080.2500  sbar_dark_T5d_mid-1=840377.8750  sbar_dark_T4a_mid-2=74957.5312  sbar_dark_T4b_mid-2=61482.4922  sbar_dark_T4c_mid-2=76489.1328  sbar_dark_T4d_mid-2=58512.2422  sbar_dark_T5b_mid-2=422645.9375  sbar_dark_T5c_mid-2=248815.4844  sbar_dark_T5d_mid-2=330079.5938  sbar_dark_T5a_mid-2=308328.4688  sbar_dark_T4a_mid-1.5=27759.7656  sbar_dark_T4b_mid-1.5=27536.7051  sbar_dark_T4c_mid-1.5=24158.5547  sbar_dark_T4d_mid-1.5=24838.6289  sbar_dark_T5a_mid-1.5=81509.8594  sbar_dark_T5b_mid-1.5=118212.9453  sbar_dark_T5c_mid-1.5=65850.0547  sbar_dark_T5d_mid-1.5=97213.0781  sbar_dark_T4a_mid-0.5=30050.5781  sbar_dark_T4b_mid-0.5=34727.7227  sbar_dark_T4c_mid-0.5=30913.8965  sbar_dark_T4d_mid-0.5=35914.0469  sbar_dark_T5a_mid-0.5=282451.0000  sbar_dark_T5b_mid-0.5=392253.9062  sbar_dark_T5c_mid-0.5=280378.5938  sbar_dark_T5d_mid-0.5=215936.5000  sbar_dark_T4a_mid+0.5=14049.7305  sbar_dark_T4b_mid+0.5=14989.9678  sbar_dark_T4c_mid+0.5=12350.1162  sbar_dark_T4d_mid+0.5=16737.0762  sbar_dark_T5a_mid+0.5=39141.4648  sbar_dark_T5b_mid+0.5=43885.8164  sbar_dark_T5c_mid+0.5=34018.8398  sbar_dark_T5d_mid+0.5=23089.4258  sbar_dark_T4b_mid+1.5=17853.1758  sbar_dark_T4c_mid+1.5=18917.4902  sbar_dark_T4d_mid+1.5=14100.2793  sbar_dark_T5a_mid+1.5=69150.1875  sbar_dark_T5b_mid+1.5=61957.0117  sbar_dark_T5c_mid+1.5=63632.9883  sbar_dark_T5d_mid+1.5=54177.9805  sbar_dark_T4a_mid+1.5=13997.7285]:      83%|████████▎ | 250/300 [01:42<00:20,  2.45it/s] Cost: 150621.9688  [sbar_bright_T4a_mid+0=280092.5000  sbar_bright_T4b_mid+0=295130.1875  sbar_bright_T4c_mid+0=235322.4531  sbar_bright_T4d_mid+0=413843.7188  sbar_bright_T5a_mid+0=161306.0938  sbar_bright_T5b_mid+0=100992.4531  sbar_bright_T5c_mid+0=107363.6953  sbar_bright_T5d_mid+0=159300.4844  sbar_bright_T4a_mid+1=231211.0781  sbar_bright_T4b_mid+1=253735.7500  sbar_bright_T4c_mid+1=289159.5938  sbar_bright_T4d_mid+1=310097.5625  sbar_bright_T5a_mid+1=68215.0859  sbar_bright_T5b_mid+1=121849.5938  sbar_bright_T5c_mid+1=76396.8203  sbar_bright_T5d_mid+1=90591.4219  sbar_bright_T4a_mid+2=70469.8984  sbar_bright_T4b_mid+2=70491.5938  sbar_bright_T4c_mid+2=91882.3047  sbar_bright_T4d_mid+2=71944.6250  sbar_bright_T5a_mid+2=100719.8438  sbar_bright_T5b_mid+2=122989.2500  sbar_bright_T5c_mid+2=91857.5625  sbar_bright_T5d_mid+2=98638.4297  sbar_bright_T4a_mid-1=726674.7500  sbar_bright_T4b_mid-1=709325.0625  sbar_bright_T4c_mid-1=719241.1875  sbar_bright_T4d_mid-1=700550.3125  sbar_bright_T5a_mid-1=307795.9375  sbar_bright_T5b_mid-1=212262.4219  sbar_bright_T5c_mid-1=317073.6562  sbar_bright_T5d_mid-1=313588.5625  sbar_bright_T4a_mid-2=203689.0469  sbar_bright_T4b_mid-2=181681.2188  sbar_bright_T4c_mid-2=199879.1406  sbar_bright_T4d_mid-2=257187.2500  sbar_bright_T5b_mid-2=86160.2031  sbar_bright_T5c_mid-2=44925.1367  sbar_bright_T5d_mid-2=70171.5781  sbar_bright_T5a_mid-2=52985.8555  sbar_bright_T4a_mid-1.5=71384.1484  sbar_bright_T4b_mid-1.5=53494.3594  sbar_bright_T4c_mid-1.5=51601.9258  sbar_bright_T4d_mid-1.5=50623.6484  sbar_bright_T5a_mid-1.5=49277.4258  sbar_bright_T5b_mid-1.5=60524.8008  sbar_bright_T5c_mid-1.5=52632.0391  sbar_bright_T5d_mid-1.5=50944.2617  sbar_bright_T4a_mid-0.5=195343.5312  sbar_bright_T4b_mid-0.5=183253.0781  sbar_bright_T4c_mid-0.5=221197.9375  sbar_bright_T4d_mid-0.5=244775.9688  sbar_bright_T5a_mid-0.5=86719.5547  sbar_bright_T5b_mid-0.5=78061.7891  sbar_bright_T5c_mid-0.5=84758.8594  sbar_bright_T5d_mid-0.5=105442.9922  sbar_bright_T4a_mid+0.5=64793.1211  sbar_bright_T4b_mid+0.5=128658.5703  sbar_bright_T4c_mid+0.5=162533.7812  sbar_bright_T4d_mid+0.5=113031.3125  sbar_bright_T5a_mid+0.5=29387.2773  sbar_bright_T5b_mid+0.5=17866.1172  sbar_bright_T5c_mid+0.5=29712.4746  sbar_bright_T5d_mid+0.5=34716.6406  sbar_bright_T4b_mid+1.5=86988.5312  sbar_bright_T4c_mid+1.5=243911.1094  sbar_bright_T4d_mid+1.5=100368.9844  sbar_bright_T5a_mid+1.5=19421.8848  sbar_bright_T5b_mid+1.5=20385.5859  sbar_bright_T5c_mid+1.5=13806.8145  sbar_bright_T5d_mid+1.5=18955.9238  sbar_bright_T4a_mid+1.5=65927.7734  sbar_dark_T4a_mid+0=66046.3047  sbar_dark_T4b_mid+0=62874.6992  sbar_dark_T4c_mid+0=53065.9414  sbar_dark_T4d_mid+0=68216.1797  sbar_dark_T5a_mid+0=117082.9766  sbar_dark_T5b_mid+0=219017.4062  sbar_dark_T5c_mid+0=94657.6875  sbar_dark_T5d_mid+0=135646.3594  sbar_dark_T4a_mid+1=33187.4102  sbar_dark_T4b_mid+1=37467.7578  sbar_dark_T4c_mid+1=31395.8320  sbar_dark_T4d_mid+1=36403.3398  sbar_dark_T5a_mid+1=138829.6562  sbar_dark_T5b_mid+1=211093.7344  sbar_dark_T5c_mid+1=146457.6406  sbar_dark_T5d_mid+1=176783.2500  sbar_dark_T4a_mid+2=44959.5469  sbar_dark_T4b_mid+2=42734.8750  sbar_dark_T4c_mid+2=44046.4414  sbar_dark_T4d_mid+2=38303.4727  sbar_dark_T5a_mid+2=114490.4531  sbar_dark_T5b_mid+2=146877.0000  sbar_dark_T5c_mid+2=94990.7500  sbar_dark_T5d_mid+2=109014.2578  sbar_dark_T4a_mid-1=152501.4375  sbar_dark_T4b_mid-1=171929.7656  sbar_dark_T4c_mid-1=145031.7656  sbar_dark_T4d_mid-1=186570.7500  sbar_dark_T5a_mid-1=731160.7500  sbar_dark_T5b_mid-1=832855.8125  sbar_dark_T5c_mid-1=688380.5625  sbar_dark_T5d_mid-1=764318.9375  sbar_dark_T4a_mid-2=70737.8125  sbar_dark_T4b_mid-2=65654.1719  sbar_dark_T4c_mid-2=83317.1094  sbar_dark_T4d_mid-2=67556.2031  sbar_dark_T5b_mid-2=416008.4375  sbar_dark_T5c_mid-2=270360.6875  sbar_dark_T5d_mid-2=303310.9375  sbar_dark_T5a_mid-2=319879.1250  sbar_dark_T4a_mid-1.5=28871.7988  sbar_dark_T4b_mid-1.5=28826.8418  sbar_dark_T4c_mid-1.5=26585.4883  sbar_dark_T4d_mid-1.5=26993.6445  sbar_dark_T5a_mid-1.5=86103.4531  sbar_dark_T5b_mid-1.5=119344.9609  sbar_dark_T5c_mid-1.5=73257.4922  sbar_dark_T5d_mid-1.5=86200.8516  sbar_dark_T4a_mid-0.5=33219.8594  sbar_dark_T4b_mid-0.5=40983.6719  sbar_dark_T4c_mid-0.5=33040.9414  sbar_dark_T4d_mid-0.5=40747.7188  sbar_dark_T5a_mid-0.5=298218.9062  sbar_dark_T5b_mid-0.5=387761.5625  sbar_dark_T5c_mid-0.5=307949.3438  sbar_dark_T5d_mid-0.5=191257.5781  sbar_dark_T4a_mid+0.5=15402.1592  sbar_dark_T4b_mid+0.5=16540.6172  sbar_dark_T4c_mid+0.5=19116.9238  sbar_dark_T4d_mid+0.5=17200.4492  sbar_dark_T5a_mid+0.5=40250.4570  sbar_dark_T5b_mid+0.5=38964.3750  sbar_dark_T5c_mid+0.5=36467.4219  sbar_dark_T5d_mid+0.5=27451.0430  sbar_dark_T4b_mid+1.5=18768.2832  sbar_dark_T4c_mid+1.5=17817.0137  sbar_dark_T4d_mid+1.5=15730.7471  sbar_dark_T5a_mid+1.5=67425.8438  sbar_dark_T5b_mid+1.5=67517.5000  sbar_dark_T5c_mid+1.5=59313.6328  sbar_dark_T5d_mid+1.5=63961.5117  sbar_dark_T4a_mid+1.5=17759.1680]:  87%|████████▋ | 260/300 [01:46<00:16,  2.45it/s] Cost: 159021.7656  [sbar_bright_T4a_mid+0=253492.1875  sbar_bright_T4b_mid+0=231078.9219  sbar_bright_T4c_mid+0=209413.9844  sbar_bright_T4d_mid+0=291382.6250  sbar_bright_T5a_mid+0=208216.9844  sbar_bright_T5b_mid+0=136012.6875  sbar_bright_T5c_mid+0=125594.1172  sbar_bright_T5d_mid+0=198156.7500  sbar_bright_T4a_mid+1=203250.0000  sbar_bright_T4b_mid+1=199679.4688  sbar_bright_T4c_mid+1=192136.5000  sbar_bright_T4d_mid+1=236729.2969  sbar_bright_T5a_mid+1=87057.6328  sbar_bright_T5b_mid+1=137483.5312  sbar_bright_T5c_mid+1=105562.7656  sbar_bright_T5d_mid+1=123177.0703  sbar_bright_T4a_mid+2=59742.8750  sbar_bright_T4b_mid+2=53921.7930  sbar_bright_T4c_mid+2=71053.5938  sbar_bright_T4d_mid+2=61355.8945  sbar_bright_T5a_mid+2=110794.6953  sbar_bright_T5b_mid+2=148953.4844  sbar_bright_T5c_mid+2=105652.3594  sbar_bright_T5d_mid+2=132255.3906  sbar_bright_T4a_mid-1=803221.1250  sbar_bright_T4b_mid-1=783821.8750  sbar_bright_T4c_mid-1=857277.5625  sbar_bright_T4d_mid-1=873890.4375  sbar_bright_T5a_mid-1=319705.4688  sbar_bright_T5b_mid-1=227283.5156  sbar_bright_T5c_mid-1=353578.9375  sbar_bright_T5d_mid-1=323381.0312  sbar_bright_T4a_mid-2=144398.8281  sbar_bright_T4b_mid-2=164558.2500  sbar_bright_T4c_mid-2=158718.2344  sbar_bright_T4d_mid-2=173266.8438  sbar_bright_T5b_mid-2=109942.1250  sbar_bright_T5c_mid-2=65481.2109  sbar_bright_T5d_mid-2=90282.0859  sbar_bright_T5a_mid-2=69075.3203  sbar_bright_T4a_mid-1.5=47373.0430  sbar_bright_T4b_mid-1.5=64247.8281  sbar_bright_T4c_mid-1.5=55850.7578  sbar_bright_T4d_mid-1.5=67195.5391  sbar_bright_T5a_mid-1.5=55036.8125  sbar_bright_T5b_mid-1.5=72165.3516  sbar_bright_T5c_mid-1.5=60559.7109  sbar_bright_T5d_mid-1.5=58012.8594  sbar_bright_T4a_mid-0.5=288979.3438  sbar_bright_T4b_mid-0.5=328419.9062  sbar_bright_T4c_mid-0.5=339178.8438  sbar_bright_T4d_mid-0.5=370805.2500  sbar_bright_T5a_mid-0.5=91433.6172  sbar_bright_T5b_mid-0.5=75840.9609  sbar_bright_T5c_mid-0.5=86982.3047  sbar_bright_T5d_mid-0.5=120906.9531  sbar_bright_T4a_mid+0.5=63502.8945  sbar_bright_T4b_mid+0.5=82875.6016  sbar_bright_T4c_mid+0.5=99002.3984  sbar_bright_T4d_mid+0.5=87585.5312  sbar_bright_T5a_mid+0.5=34282.3203  sbar_bright_T5b_mid+0.5=19993.5898  sbar_bright_T5c_mid+0.5=41846.4492  sbar_bright_T5d_mid+0.5=46881.4375  sbar_bright_T4b_mid+1.5=62828.7344  sbar_bright_T4c_mid+1.5=179168.5156  sbar_bright_T4d_mid+1.5=67302.5078  sbar_bright_T5a_mid+1.5=23323.2520  sbar_bright_T5b_mid+1.5=25672.4570  sbar_bright_T5c_mid+1.5=23531.3164  sbar_bright_T5d_mid+1.5=27725.1465  sbar_bright_T4a_mid+1.5=45407.6797  sbar_dark_T4a_mid+0=73403.6641  sbar_dark_T4b_mid+0=66694.6016  sbar_dark_T4c_mid+0=45674.4258  sbar_dark_T4d_mid+0=67046.4375  sbar_dark_T5a_mid+0=257200.1875  sbar_dark_T5b_mid+0=275037.3125  sbar_dark_T5c_mid+0=122892.9766  sbar_dark_T5d_mid+0=235393.7031  sbar_dark_T4a_mid+1=34141.4180  sbar_dark_T4b_mid+1=34845.2070  sbar_dark_T4c_mid+1=28874.3594  sbar_dark_T4d_mid+1=37469.0742  sbar_dark_T5a_mid+1=235745.9219  sbar_dark_T5b_mid+1=282106.4375  sbar_dark_T5c_mid+1=296785.2188  sbar_dark_T5d_mid+1=284208.7812  sbar_dark_T4a_mid+2=48159.9219  sbar_dark_T4b_mid+2=48063.5898  sbar_dark_T4c_mid+2=40488.2422  sbar_dark_T4d_mid+2=40720.4883  sbar_dark_T5a_mid+2=166568.0625  sbar_dark_T5b_mid+2=204664.4531  sbar_dark_T5c_mid+2=151728.5938  sbar_dark_T5d_mid+2=167161.7500  sbar_dark_T4a_mid-1=153169.9062  sbar_dark_T4b_mid-1=166328.5156  sbar_dark_T4c_mid-1=142149.7969  sbar_dark_T4d_mid-1=187299.2969  sbar_dark_T5a_mid-1=605423.1250  sbar_dark_T5b_mid-1=788501.8750  sbar_dark_T5c_mid-1=564943.8750  sbar_dark_T5d_mid-1=684262.5000  sbar_dark_T4a_mid-2=66767.9688  sbar_dark_T4b_mid-2=66381.8047  sbar_dark_T4c_mid-2=78859.7031  sbar_dark_T4d_mid-2=72315.5625  sbar_dark_T5b_mid-2=433933.5000  sbar_dark_T5c_mid-2=260722.1406  sbar_dark_T5d_mid-2=297354.7500  sbar_dark_T5a_mid-2=389025.2500  sbar_dark_T4a_mid-1.5=26818.0820  sbar_dark_T4b_mid-1.5=29093.9395  sbar_dark_T4c_mid-1.5=25811.7422  sbar_dark_T4d_mid-1.5=28248.6016  sbar_dark_T5a_mid-1.5=76303.1875  sbar_dark_T5b_mid-1.5=107587.4219  sbar_dark_T5c_mid-1.5=73091.2031  sbar_dark_T5d_mid-1.5=85460.3750  sbar_dark_T4a_mid-0.5=27250.8418  sbar_dark_T4b_mid-0.5=35144.5859  sbar_dark_T4c_mid-0.5=29686.6816  sbar_dark_T4d_mid-0.5=39169.2227  sbar_dark_T5a_mid-0.5=234377.6562  sbar_dark_T5b_mid-0.5=347104.2188  sbar_dark_T5c_mid-0.5=230631.0156  sbar_dark_T5d_mid-0.5=150378.0000  sbar_dark_T4a_mid+0.5=13271.5352  sbar_dark_T4b_mid+0.5=13432.8643  sbar_dark_T4c_mid+0.5=9524.6045  sbar_dark_T4d_mid+0.5=12176.5693  sbar_dark_T5a_mid+0.5=49986.9883  sbar_dark_T5b_mid+0.5=85904.4688  sbar_dark_T5c_mid+0.5=44655.8203  sbar_dark_T5d_mid+0.5=65193.3945  sbar_dark_T4b_mid+1.5=18299.8418  sbar_dark_T4c_mid+1.5=18458.7363  sbar_dark_T4d_mid+1.5=13760.9395  sbar_dark_T5a_mid+1.5=131623.8906  sbar_dark_T5b_mid+1.5=124069.6250  sbar_dark_T5c_mid+1.5=121289.4531  sbar_dark_T5d_mid+1.5=99490.8594  sbar_dark_T4a_mid+1.5=15367.3857]:  90%|█████████ | 270/300 [01:50<00:12,  2.45it/s] Cost: 147246.9688  [sbar_bright_T4a_mid+0=207082.1406  sbar_bright_T4b_mid+0=210115.1875  sbar_bright_T4c_mid+0=203383.2344  sbar_bright_T4d_mid+0=272530.0938  sbar_bright_T5a_mid+0=174138.2500  sbar_bright_T5b_mid+0=90021.7344  sbar_bright_T5c_mid+0=113851.3047  sbar_bright_T5d_mid+0=160322.0469  sbar_bright_T4a_mid+1=182798.1562  sbar_bright_T4b_mid+1=181227.4844  sbar_bright_T4c_mid+1=169184.4531  sbar_bright_T4d_mid+1=230195.6719  sbar_bright_T5a_mid+1=75174.0000  sbar_bright_T5b_mid+1=95139.2500  sbar_bright_T5c_mid+1=75437.3047  sbar_bright_T5d_mid+1=89742.2969  sbar_bright_T4a_mid+2=61570.0898  sbar_bright_T4b_mid+2=65276.0703  sbar_bright_T4c_mid+2=60267.1250  sbar_bright_T4d_mid+2=59793.6328  sbar_bright_T5a_mid+2=107747.0312  sbar_bright_T5b_mid+2=132416.3438  sbar_bright_T5c_mid+2=99114.6406  sbar_bright_T5d_mid+2=102099.0234  sbar_bright_T4a_mid-1=797678.0625  sbar_bright_T4b_mid-1=719681.5625  sbar_bright_T4c_mid-1=868528.0000  sbar_bright_T4d_mid-1=851174.8750  sbar_bright_T5a_mid-1=321223.0938  sbar_bright_T5b_mid-1=209753.9375  sbar_bright_T5c_mid-1=333621.1875  sbar_bright_T5d_mid-1=328108.5312  sbar_bright_T4a_mid-2=128895.7422  sbar_bright_T4b_mid-2=143894.6250  sbar_bright_T4c_mid-2=152097.5469  sbar_bright_T4d_mid-2=156214.7500  sbar_bright_T5b_mid-2=82150.5781  sbar_bright_T5c_mid-2=50713.9922  sbar_bright_T5d_mid-2=69742.6250  sbar_bright_T5a_mid-2=55090.1562  sbar_bright_T4a_mid-1.5=52850.5508  sbar_bright_T4b_mid-1.5=60699.2656  sbar_bright_T4c_mid-1.5=59477.3750  sbar_bright_T4d_mid-1.5=67446.6719  sbar_bright_T5a_mid-1.5=50210.8750  sbar_bright_T5b_mid-1.5=64687.3086  sbar_bright_T5c_mid-1.5=53181.4219  sbar_bright_T5d_mid-1.5=53050.6055  sbar_bright_T4a_mid-0.5=301134.0625  sbar_bright_T4b_mid-0.5=318613.9375  sbar_bright_T4c_mid-0.5=355376.0938  sbar_bright_T4d_mid-0.5=360546.7188  sbar_bright_T5a_mid-0.5=89613.7969  sbar_bright_T5b_mid-0.5=78888.9453  sbar_bright_T5c_mid-0.5=88077.0000  sbar_bright_T5d_mid-0.5=104583.2422  sbar_bright_T4a_mid+0.5=69145.7891  sbar_bright_T4b_mid+0.5=65305.5117  sbar_bright_T4c_mid+0.5=75111.8047  sbar_bright_T4d_mid+0.5=70176.7656  sbar_bright_T5a_mid+0.5=31462.7344  sbar_bright_T5b_mid+0.5=14441.1533  sbar_bright_T5c_mid+0.5=28372.8105  sbar_bright_T5d_mid+0.5=34015.6836  sbar_bright_T4b_mid+1.5=45156.0352  sbar_bright_T4c_mid+1.5=120390.1797  sbar_bright_T4d_mid+1.5=42769.9023  sbar_bright_T5a_mid+1.5=17332.4863  sbar_bright_T5b_mid+1.5=20127.2129  sbar_bright_T5c_mid+1.5=16044.7188  sbar_bright_T5d_mid+1.5=18225.3516  sbar_bright_T4a_mid+1.5=32066.7441  sbar_dark_T4a_mid+0=41704.1367  sbar_dark_T4b_mid+0=44913.6016  sbar_dark_T4c_mid+0=40701.6875  sbar_dark_T4d_mid+0=49306.5625  sbar_dark_T5a_mid+0=143710.0938  sbar_dark_T5b_mid+0=205169.6250  sbar_dark_T5c_mid+0=105215.4219  sbar_dark_T5d_mid+0=127011.4375  sbar_dark_T4a_mid+1=39092.4414  sbar_dark_T4b_mid+1=39800.0312  sbar_dark_T4c_mid+1=31639.5273  sbar_dark_T4d_mid+1=37958.0781  sbar_dark_T5a_mid+1=143275.9219  sbar_dark_T5b_mid+1=238963.2812  sbar_dark_T5c_mid+1=186327.5625  sbar_dark_T5d_mid+1=178568.5625  sbar_dark_T4a_mid+2=42644.8594  sbar_dark_T4b_mid+2=42473.0625  sbar_dark_T4c_mid+2=35506.7852  sbar_dark_T4d_mid+2=36084.7422  sbar_dark_T5a_mid+2=121173.9531  sbar_dark_T5b_mid+2=151468.4688  sbar_dark_T5c_mid+2=115257.9844  sbar_dark_T5d_mid+2=114504.5469  sbar_dark_T4a_mid-1=144084.9062  sbar_dark_T4b_mid-1=170084.0938  sbar_dark_T4c_mid-1=134004.0000  sbar_dark_T4d_mid-1=177213.5469  sbar_dark_T5a_mid-1=705536.4375  sbar_dark_T5b_mid-1=907532.8125  sbar_dark_T5c_mid-1=635129.0000  sbar_dark_T5d_mid-1=775521.2500  sbar_dark_T4a_mid-2=66414.8672  sbar_dark_T4b_mid-2=62058.2891  sbar_dark_T4c_mid-2=70154.2891  sbar_dark_T4d_mid-2=64162.3398  sbar_dark_T5b_mid-2=439981.8125  sbar_dark_T5c_mid-2=265057.4688  sbar_dark_T5d_mid-2=300450.3750  sbar_dark_T5a_mid-2=318325.3438  sbar_dark_T4a_mid-1.5=25800.2656  sbar_dark_T4b_mid-1.5=27251.4102  sbar_dark_T4c_mid-1.5=23563.3047  sbar_dark_T4d_mid-1.5=25451.1270  sbar_dark_T5a_mid-1.5=77825.7891  sbar_dark_T5b_mid-1.5=121422.5000  sbar_dark_T5c_mid-1.5=71144.3906  sbar_dark_T5d_mid-1.5=83381.7656  sbar_dark_T4a_mid-0.5=30392.9668  sbar_dark_T4b_mid-0.5=38414.9688  sbar_dark_T4c_mid-0.5=32234.7441  sbar_dark_T4d_mid-0.5=40048.9609  sbar_dark_T5a_mid-0.5=277298.5938  sbar_dark_T5b_mid-0.5=411023.6875  sbar_dark_T5c_mid-0.5=269744.4062  sbar_dark_T5d_mid-0.5=200525.1562  sbar_dark_T4a_mid+0.5=16163.4805  sbar_dark_T4b_mid+0.5=15723.9385  sbar_dark_T4c_mid+0.5=12708.7383  sbar_dark_T4d_mid+0.5=15137.8721  sbar_dark_T5a_mid+0.5=41010.0977  sbar_dark_T5b_mid+0.5=47676.5859  sbar_dark_T5c_mid+0.5=38737.8086  sbar_dark_T5d_mid+0.5=27136.9473  sbar_dark_T4b_mid+1.5=17381.2246  sbar_dark_T4c_mid+1.5=18711.1465  sbar_dark_T4d_mid+1.5=15315.6406  sbar_dark_T5a_mid+1.5=72719.0156  sbar_dark_T5b_mid+1.5=67741.6875  sbar_dark_T5c_mid+1.5=66988.4609  sbar_dark_T5d_mid+1.5=64119.1562  sbar_dark_T4a_mid+1.5=16803.1270]:          93%|█████████▎| 280/300 [01:54<00:08,  2.45it/s] Cost: 162314.3750  [sbar_bright_T4a_mid+0=209365.0156  sbar_bright_T4b_mid+0=229712.6406  sbar_bright_T4c_mid+0=189331.0469  sbar_bright_T4d_mid+0=273681.5312  sbar_bright_T5a_mid+0=212204.6094  sbar_bright_T5b_mid+0=130933.0547  sbar_bright_T5c_mid+0=171130.6562  sbar_bright_T5d_mid+0=190651.2031  sbar_bright_T4a_mid+1=189798.2656  sbar_bright_T4b_mid+1=178916.1562  sbar_bright_T4c_mid+1=173128.8125  sbar_bright_T4d_mid+1=236665.3125  sbar_bright_T5a_mid+1=92236.6094  sbar_bright_T5b_mid+1=144738.5000  sbar_bright_T5c_mid+1=110700.6094  sbar_bright_T5d_mid+1=115649.2578  sbar_bright_T4a_mid+2=71004.9688  sbar_bright_T4b_mid+2=71003.5156  sbar_bright_T4c_mid+2=78427.2344  sbar_bright_T4d_mid+2=62120.8711  sbar_bright_T5a_mid+2=132069.5156  sbar_bright_T5b_mid+2=198220.7812  sbar_bright_T5c_mid+2=137793.0156  sbar_bright_T5d_mid+2=127140.3203  sbar_bright_T4a_mid-1=757385.4375  sbar_bright_T4b_mid-1=700802.2500  sbar_bright_T4c_mid-1=837574.9375  sbar_bright_T4d_mid-1=766161.6250  sbar_bright_T5a_mid-1=396609.5312  sbar_bright_T5b_mid-1=259280.2500  sbar_bright_T5c_mid-1=425108.7812  sbar_bright_T5d_mid-1=400807.3438  sbar_bright_T4a_mid-2=117169.7109  sbar_bright_T4b_mid-2=137369.1719  sbar_bright_T4c_mid-2=147904.5938  sbar_bright_T4d_mid-2=167867.7344  sbar_bright_T5b_mid-2=109677.4062  sbar_bright_T5c_mid-2=80876.2422  sbar_bright_T5d_mid-2=92294.9375  sbar_bright_T5a_mid-2=79032.7656  sbar_bright_T4a_mid-1.5=56981.2969  sbar_bright_T4b_mid-1.5=69099.4375  sbar_bright_T4c_mid-1.5=73381.6406  sbar_bright_T4d_mid-1.5=76955.8516  sbar_bright_T5a_mid-1.5=55068.8086  sbar_bright_T5b_mid-1.5=67648.0312  sbar_bright_T5c_mid-1.5=55520.5781  sbar_bright_T5d_mid-1.5=61477.4336  sbar_bright_T4a_mid-0.5=341897.2500  sbar_bright_T4b_mid-0.5=356398.8438  sbar_bright_T4c_mid-0.5=392785.7500  sbar_bright_T4d_mid-0.5=375688.5625  sbar_bright_T5a_mid-0.5=99336.7031  sbar_bright_T5b_mid-0.5=86352.8125  sbar_bright_T5c_mid-0.5=99714.6406  sbar_bright_T5d_mid-0.5=130699.9766  sbar_bright_T4a_mid+0.5=62640.7852  sbar_bright_T4b_mid+0.5=55402.7734  sbar_bright_T4c_mid+0.5=77839.7109  sbar_bright_T4d_mid+0.5=69414.4531  sbar_bright_T5a_mid+0.5=39219.6562  sbar_bright_T5b_mid+0.5=26968.5625  sbar_bright_T5c_mid+0.5=47499.7031  sbar_bright_T5d_mid+0.5=47074.6953  sbar_bright_T4b_mid+1.5=61307.8398  sbar_bright_T4c_mid+1.5=136766.6406  sbar_bright_T4d_mid+1.5=69503.7969  sbar_bright_T5a_mid+1.5=28104.3984  sbar_bright_T5b_mid+1.5=40625.0742  sbar_bright_T5c_mid+1.5=23988.0566  sbar_bright_T5d_mid+1.5=26047.7754  sbar_bright_T4a_mid+1.5=56609.3203  sbar_dark_T4a_mid+0=138100.6719  sbar_dark_T4b_mid+0=130209.3125  sbar_dark_T4c_mid+0=86610.2266  sbar_dark_T4d_mid+0=122891.5781  sbar_dark_T5a_mid+0=190858.2656  sbar_dark_T5b_mid+0=233693.9844  sbar_dark_T5c_mid+0=122137.7578  sbar_dark_T5d_mid+0=148533.4375  sbar_dark_T4a_mid+1=40197.0078  sbar_dark_T4b_mid+1=43633.4766  sbar_dark_T4c_mid+1=35381.4453  sbar_dark_T4d_mid+1=52663.2930  sbar_dark_T5a_mid+1=216732.9219  sbar_dark_T5b_mid+1=275054.2812  sbar_dark_T5c_mid+1=260107.0156  sbar_dark_T5d_mid+1=272015.7812  sbar_dark_T4a_mid+2=52591.1094  sbar_dark_T4b_mid+2=56834.9727  sbar_dark_T4c_mid+2=42534.9336  sbar_dark_T4d_mid+2=35752.1562  sbar_dark_T5a_mid+2=162061.5625  sbar_dark_T5b_mid+2=193358.3125  sbar_dark_T5c_mid+2=165970.0312  sbar_dark_T5d_mid+2=151390.0938  sbar_dark_T4a_mid-1=182726.2344  sbar_dark_T4b_mid-1=186977.5938  sbar_dark_T4c_mid-1=170595.2969  sbar_dark_T4d_mid-1=209841.8281  sbar_dark_T5a_mid-1=624209.3750  sbar_dark_T5b_mid-1=909882.8750  sbar_dark_T5c_mid-1=546098.9375  sbar_dark_T5d_mid-1=675958.5625  sbar_dark_T4a_mid-2=89222.5000  sbar_dark_T4b_mid-2=78191.3594  sbar_dark_T4c_mid-2=96668.7734  sbar_dark_T4d_mid-2=86441.8125  sbar_dark_T5b_mid-2=448078.1562  sbar_dark_T5c_mid-2=212008.6562  sbar_dark_T5d_mid-2=268818.6875  sbar_dark_T5a_mid-2=282417.5625  sbar_dark_T4a_mid-1.5=33712.2852  sbar_dark_T4b_mid-1.5=31101.0391  sbar_dark_T4c_mid-1.5=35138.4648  sbar_dark_T4d_mid-1.5=31700.1562  sbar_dark_T5a_mid-1.5=69550.4922  sbar_dark_T5b_mid-1.5=145106.3438  sbar_dark_T5c_mid-1.5=62407.0234  sbar_dark_T5d_mid-1.5=74601.1562  sbar_dark_T4a_mid-0.5=35454.8906  sbar_dark_T4b_mid-0.5=40683.4961  sbar_dark_T4c_mid-0.5=36157.8984  sbar_dark_T4d_mid-0.5=46933.8789  sbar_dark_T5a_mid-0.5=250885.5625  sbar_dark_T5b_mid-0.5=427407.3438  sbar_dark_T5c_mid-0.5=281767.0938  sbar_dark_T5d_mid-0.5=173197.5469  sbar_dark_T4a_mid+0.5=23240.1426  sbar_dark_T4b_mid+0.5=27830.1211  sbar_dark_T4c_mid+0.5=30917.0469  sbar_dark_T4d_mid+0.5=22012.4609  sbar_dark_T5a_mid+0.5=54581.9258  sbar_dark_T5b_mid+0.5=62705.8867  sbar_dark_T5c_mid+0.5=78446.6719  sbar_dark_T5d_mid+0.5=49345.2148  sbar_dark_T4b_mid+1.5=25465.9727  sbar_dark_T4c_mid+1.5=21825.4102  sbar_dark_T4d_mid+1.5=18070.4062  sbar_dark_T5a_mid+1.5=106606.2891  sbar_dark_T5b_mid+1.5=86054.1172  sbar_dark_T5c_mid+1.5=107575.7734  sbar_dark_T5d_mid+1.5=95847.3047  sbar_dark_T4a_mid+1.5=18920.9102]:  97%|█████████▋| 290/300 [01:58<00:04,  2.46it/s] Cost: 146388.5469  [sbar_bright_T4a_mid+0=215986.9375  sbar_bright_T4b_mid+0=222599.2344  sbar_bright_T4c_mid+0=204734.1875  sbar_bright_T4d_mid+0=292673.3125  sbar_bright_T5a_mid+0=185692.8281  sbar_bright_T5b_mid+0=106488.3750  sbar_bright_T5c_mid+0=129526.6719  sbar_bright_T5d_mid+0=173474.2188  sbar_bright_T4a_mid+1=182993.9219  sbar_bright_T4b_mid+1=187373.1875  sbar_bright_T4c_mid+1=182082.8750  sbar_bright_T4d_mid+1=233105.6406  sbar_bright_T5a_mid+1=74642.3281  sbar_bright_T5b_mid+1=94922.0391  sbar_bright_T5c_mid+1=83477.2109  sbar_bright_T5d_mid+1=88592.6562  sbar_bright_T4a_mid+2=62601.7422  sbar_bright_T4b_mid+2=67554.4062  sbar_bright_T4c_mid+2=75935.9375  sbar_bright_T4d_mid+2=63352.3320  sbar_bright_T5a_mid+2=104065.1250  sbar_bright_T5b_mid+2=130495.0078  sbar_bright_T5c_mid+2=103363.3203  sbar_bright_T5d_mid+2=101074.8906  sbar_bright_T4a_mid-1=752567.4375  sbar_bright_T4b_mid-1=716741.0625  sbar_bright_T4c_mid-1=805509.1250  sbar_bright_T4d_mid-1=804671.9375  sbar_bright_T5a_mid-1=337647.2500  sbar_bright_T5b_mid-1=212973.3594  sbar_bright_T5c_mid-1=343290.9062  sbar_bright_T5d_mid-1=342994.7188  sbar_bright_T4a_mid-2=114472.1328  sbar_bright_T4b_mid-2=137651.9531  sbar_bright_T4c_mid-2=142204.4219  sbar_bright_T4d_mid-2=149663.9688  sbar_bright_T5b_mid-2=84202.7500  sbar_bright_T5c_mid-2=55232.6484  sbar_bright_T5d_mid-2=68632.0703  sbar_bright_T5a_mid-2=55343.9648  sbar_bright_T4a_mid-1.5=53437.6992  sbar_bright_T4b_mid-1.5=64581.4688  sbar_bright_T4c_mid-1.5=58403.4453  sbar_bright_T4d_mid-1.5=66084.9609  sbar_bright_T5a_mid-1.5=49199.4180  sbar_bright_T5b_mid-1.5=56418.5430  sbar_bright_T5c_mid-1.5=47959.4688  sbar_bright_T5d_mid-1.5=52001.7500  sbar_bright_T4a_mid-0.5=297230.1250  sbar_bright_T4b_mid-0.5=309536.2812  sbar_bright_T4c_mid-0.5=343597.5312  sbar_bright_T4d_mid-0.5=352329.6250  sbar_bright_T5a_mid-0.5=90503.2969  sbar_bright_T5b_mid-0.5=68057.1484  sbar_bright_T5c_mid-0.5=86614.3438  sbar_bright_T5d_mid-0.5=105386.8125  sbar_bright_T4a_mid+0.5=59849.7969  sbar_bright_T4b_mid+0.5=55552.7617  sbar_bright_T4c_mid+0.5=79242.6719  sbar_bright_T4d_mid+0.5=64432.1289  sbar_bright_T5a_mid+0.5=31553.0000  sbar_bright_T5b_mid+0.5=15315.2607  sbar_bright_T5c_mid+0.5=33933.9375  sbar_bright_T5d_mid+0.5=36592.7969  sbar_bright_T4b_mid+1.5=50982.4648  sbar_bright_T4c_mid+1.5=147469.2656  sbar_bright_T4d_mid+1.5=55064.3359  sbar_bright_T5a_mid+1.5=18015.5723  sbar_bright_T5b_mid+1.5=21201.2324  sbar_bright_T5c_mid+1.5=15283.0146  sbar_bright_T5d_mid+1.5=17502.5977  sbar_bright_T4a_mid+1.5=36890.0430  sbar_dark_T4a_mid+0=43656.0234  sbar_dark_T4b_mid+0=47518.6680  sbar_dark_T4c_mid+0=45659.7500  sbar_dark_T4d_mid+0=54491.8633  sbar_dark_T5a_mid+0=118102.8359  sbar_dark_T5b_mid+0=193461.0781  sbar_dark_T5c_mid+0=111705.6172  sbar_dark_T5d_mid+0=112228.0938  sbar_dark_T4a_mid+1=37389.3633  sbar_dark_T4b_mid+1=37475.5273  sbar_dark_T4c_mid+1=30634.1113  sbar_dark_T4d_mid+1=35104.6914  sbar_dark_T5a_mid+1=153802.3750  sbar_dark_T5b_mid+1=217479.4844  sbar_dark_T5c_mid+1=182978.2656  sbar_dark_T5d_mid+1=180408.8750  sbar_dark_T4a_mid+2=42251.1797  sbar_dark_T4b_mid+2=44247.5938  sbar_dark_T4c_mid+2=37310.0586  sbar_dark_T4d_mid+2=34267.6406  sbar_dark_T5a_mid+2=131070.4141  sbar_dark_T5b_mid+2=170763.8906  sbar_dark_T5c_mid+2=123662.7188  sbar_dark_T5d_mid+2=125726.6172  sbar_dark_T4a_mid-1=150495.6562  sbar_dark_T4b_mid-1=161570.4844  sbar_dark_T4c_mid-1=132311.6094  sbar_dark_T4d_mid-1=188438.5938  sbar_dark_T5a_mid-1=739315.2500  sbar_dark_T5b_mid-1=828584.1875  sbar_dark_T5c_mid-1=620146.8125  sbar_dark_T5d_mid-1=762345.5000  sbar_dark_T4a_mid-2=68146.3750  sbar_dark_T4b_mid-2=63950.0430  sbar_dark_T4c_mid-2=78858.3203  sbar_dark_T4d_mid-2=71030.6953  sbar_dark_T5b_mid-2=425046.1250  sbar_dark_T5c_mid-2=249091.6406  sbar_dark_T5d_mid-2=301775.1250  sbar_dark_T5a_mid-2=309664.0938  sbar_dark_T4a_mid-1.5=28643.6875  sbar_dark_T4b_mid-1.5=27395.5098  sbar_dark_T4c_mid-1.5=25135.4668  sbar_dark_T4d_mid-1.5=28414.4375  sbar_dark_T5a_mid-1.5=75586.4375  sbar_dark_T5b_mid-1.5=121614.1406  sbar_dark_T5c_mid-1.5=63259.7891  sbar_dark_T5d_mid-1.5=79982.1250  sbar_dark_T4a_mid-0.5=31618.4238  sbar_dark_T4b_mid-0.5=40133.6992  sbar_dark_T4c_mid-0.5=33651.7734  sbar_dark_T4d_mid-0.5=46435.2578  sbar_dark_T5a_mid-0.5=289606.8750  sbar_dark_T5b_mid-0.5=395803.0938  sbar_dark_T5c_mid-0.5=265798.8125  sbar_dark_T5d_mid-0.5=200578.5625  sbar_dark_T4a_mid+0.5=14770.2900  sbar_dark_T4b_mid+0.5=13848.0703  sbar_dark_T4c_mid+0.5=10996.7100  sbar_dark_T4d_mid+0.5=11443.3975  sbar_dark_T5a_mid+0.5=43856.8750  sbar_dark_T5b_mid+0.5=38171.3750  sbar_dark_T5c_mid+0.5=50091.8945  sbar_dark_T5d_mid+0.5=24642.0195  sbar_dark_T4b_mid+1.5=16285.4316  sbar_dark_T4c_mid+1.5=14778.5020  sbar_dark_T4d_mid+1.5=11768.1250  sbar_dark_T5a_mid+1.5=67326.7812  sbar_dark_T5b_mid+1.5=64752.1719  sbar_dark_T5c_mid+1.5=68493.2344  sbar_dark_T5d_mid+1.5=66664.4688  sbar_dark_T4a_mid+1.5=15405.3789]:          100%|██████████| 300/300 [02:02<00:00,  2.45it/s] Cost: 141689.5000  [sbar_bright_T4a_mid+0=235558.9375  sbar_bright_T4b_mid+0=242139.0312  sbar_bright_T4c_mid+0=193630.6094  sbar_bright_T4d_mid+0=311766.7812  sbar_bright_T5a_mid+0=205885.6875  sbar_bright_T5b_mid+0=102311.8125  sbar_bright_T5c_mid+0=119798.4062  sbar_bright_T5d_mid+0=150283.7188  sbar_bright_T4a_mid+1=194122.2500  sbar_bright_T4b_mid+1=182402.1719  sbar_bright_T4c_mid+1=180130.1250  sbar_bright_T4d_mid+1=249146.0625  sbar_bright_T5a_mid+1=67500.8672  sbar_bright_T5b_mid+1=93196.9688  sbar_bright_T5c_mid+1=76102.3359  sbar_bright_T5d_mid+1=86597.7109  sbar_bright_T4a_mid+2=62997.4531  sbar_bright_T4b_mid+2=63862.2148  sbar_bright_T4c_mid+2=75392.9062  sbar_bright_T4d_mid+2=56896.3594  sbar_bright_T5a_mid+2=108743.2891  sbar_bright_T5b_mid+2=152375.3125  sbar_bright_T5c_mid+2=104603.0234  sbar_bright_T5d_mid+2=103511.9609  sbar_bright_T4a_mid-1=721300.1250  sbar_bright_T4b_mid-1=668616.1875  sbar_bright_T4c_mid-1=752723.5625  sbar_bright_T4d_mid-1=753601.3125  sbar_bright_T5a_mid-1=287523.5000  sbar_bright_T5b_mid-1=205920.7188  sbar_bright_T5c_mid-1=313780.8750  sbar_bright_T5d_mid-1=299953.9062  sbar_bright_T4a_mid-2=129726.8281  sbar_bright_T4b_mid-2=143923.7344  sbar_bright_T4c_mid-2=152160.5156  sbar_bright_T4d_mid-2=180314.5781  sbar_bright_T5b_mid-2=82739.5625  sbar_bright_T5c_mid-2=49848.0859  sbar_bright_T5d_mid-2=70908.6250  sbar_bright_T5a_mid-2=56342.9844  sbar_bright_T4a_mid-1.5=44240.0430  sbar_bright_T4b_mid-1.5=60721.1250  sbar_bright_T4c_mid-1.5=59028.6445  sbar_bright_T4d_mid-1.5=64950.7812  sbar_bright_T5a_mid-1.5=38148.1797  sbar_bright_T5b_mid-1.5=49456.0312  sbar_bright_T5c_mid-1.5=38994.2109  sbar_bright_T5d_mid-1.5=43905.1523  sbar_bright_T4a_mid-0.5=280111.7188  sbar_bright_T4b_mid-0.5=283025.8750  sbar_bright_T4c_mid-0.5=295518.0000  sbar_bright_T4d_mid-0.5=325372.9688  sbar_bright_T5a_mid-0.5=71544.0000  sbar_bright_T5b_mid-0.5=67679.1172  sbar_bright_T5c_mid-0.5=75430.8594  sbar_bright_T5d_mid-0.5=88967.9062  sbar_bright_T4a_mid+0.5=60873.2266  sbar_bright_T4b_mid+0.5=52034.3711  sbar_bright_T4c_mid+0.5=88691.8828  sbar_bright_T4d_mid+0.5=74870.3438  sbar_bright_T5a_mid+0.5=29010.9609  sbar_bright_T5b_mid+0.5=14319.0137  sbar_bright_T5c_mid+0.5=31898.3594  sbar_bright_T5d_mid+0.5=32337.6777  sbar_bright_T4b_mid+1.5=37317.9219  sbar_bright_T4c_mid+1.5=148654.2969  sbar_bright_T4d_mid+1.5=45093.5352  sbar_bright_T5a_mid+1.5=19437.7695  sbar_bright_T5b_mid+1.5=21760.9219  sbar_bright_T5c_mid+1.5=15111.8418  sbar_bright_T5d_mid+1.5=17836.7773  sbar_bright_T4a_mid+1.5=30094.1523  sbar_dark_T4a_mid+0=40103.5938  sbar_dark_T4b_mid+0=43911.7930  sbar_dark_T4c_mid+0=39548.8945  sbar_dark_T4d_mid+0=48965.1289  sbar_dark_T5a_mid+0=194737.6562  sbar_dark_T5b_mid+0=209721.6875  sbar_dark_T5c_mid+0=97866.1875  sbar_dark_T5d_mid+0=140149.9844  sbar_dark_T4a_mid+1=35324.4961  sbar_dark_T4b_mid+1=37842.9219  sbar_dark_T4c_mid+1=26928.8105  sbar_dark_T4d_mid+1=35465.4023  sbar_dark_T5a_mid+1=179720.3750  sbar_dark_T5b_mid+1=220727.5938  sbar_dark_T5c_mid+1=177083.6406  sbar_dark_T5d_mid+1=201291.9062  sbar_dark_T4a_mid+2=38610.8203  sbar_dark_T4b_mid+2=41842.1680  sbar_dark_T4c_mid+2=33576.7930  sbar_dark_T4d_mid+2=32103.0996  sbar_dark_T5a_mid+2=128725.9375  sbar_dark_T5b_mid+2=166264.1094  sbar_dark_T5c_mid+2=102194.2500  sbar_dark_T5d_mid+2=124843.5547  sbar_dark_T4a_mid-1=137353.5000  sbar_dark_T4b_mid-1=152128.4375  sbar_dark_T4c_mid-1=134260.8594  sbar_dark_T4d_mid-1=166917.9375  sbar_dark_T5a_mid-1=638703.2500  sbar_dark_T5b_mid-1=798174.1875  sbar_dark_T5c_mid-1=609395.7500  sbar_dark_T5d_mid-1=740268.2500  sbar_dark_T4a_mid-2=59466.2305  sbar_dark_T4b_mid-2=52482.1211  sbar_dark_T4c_mid-2=66774.9688  sbar_dark_T4d_mid-2=56727.5352  sbar_dark_T5b_mid-2=404204.6562  sbar_dark_T5c_mid-2=244155.5156  sbar_dark_T5d_mid-2=301251.1562  sbar_dark_T5a_mid-2=299831.2812  sbar_dark_T4a_mid-1.5=24840.6016  sbar_dark_T4b_mid-1.5=23372.0195  sbar_dark_T4c_mid-1.5=22127.1758  sbar_dark_T4d_mid-1.5=25442.2637  sbar_dark_T5a_mid-1.5=66247.2422  sbar_dark_T5b_mid-1.5=119192.9141  sbar_dark_T5c_mid-1.5=62911.7695  sbar_dark_T5d_mid-1.5=78821.6875  sbar_dark_T4a_mid-0.5=29864.8594  sbar_dark_T4b_mid-0.5=36379.2695  sbar_dark_T4c_mid-0.5=34332.6133  sbar_dark_T4d_mid-0.5=40314.0586  sbar_dark_T5a_mid-0.5=249047.4219  sbar_dark_T5b_mid-0.5=391344.0312  sbar_dark_T5c_mid-0.5=285319.6875  sbar_dark_T5d_mid-0.5=183108.2344  sbar_dark_T4a_mid+0.5=13287.9160  sbar_dark_T4b_mid+0.5=13617.5850  sbar_dark_T4c_mid+0.5=9214.6309  sbar_dark_T4d_mid+0.5=11029.5586  sbar_dark_T5a_mid+0.5=46429.5664  sbar_dark_T5b_mid+0.5=45004.6094  sbar_dark_T5c_mid+0.5=55648.6719  sbar_dark_T5d_mid+0.5=32643.0059  sbar_dark_T4b_mid+1.5=22792.8223  sbar_dark_T4c_mid+1.5=17392.2637  sbar_dark_T4d_mid+1.5=13681.8916  sbar_dark_T5a_mid+1.5=70830.8125  sbar_dark_T5b_mid+1.5=70109.7188  sbar_dark_T5c_mid+1.5=64626.9219  sbar_dark_T5d_mid+1.5=68458.4219  sbar_dark_T4a_mid+1.5=21430.9180]:    100%|██████████| 300/300 [02:02<00:00,  2.44it/s] Cost: 141689.5000  [sbar_bright_T4a_mid+0=235558.9375  sbar_bright_T4b_mid+0=242139.0312  sbar_bright_T4c_mid+0=193630.6094  sbar_bright_T4d_mid+0=311766.7812  sbar_bright_T5a_mid+0=205885.6875  sbar_bright_T5b_mid+0=102311.8125  sbar_bright_T5c_mid+0=119798.4062  sbar_bright_T5d_mid+0=150283.7188  sbar_bright_T4a_mid+1=194122.2500  sbar_bright_T4b_mid+1=182402.1719  sbar_bright_T4c_mid+1=180130.1250  sbar_bright_T4d_mid+1=249146.0625  sbar_bright_T5a_mid+1=67500.8672  sbar_bright_T5b_mid+1=93196.9688  sbar_bright_T5c_mid+1=76102.3359  sbar_bright_T5d_mid+1=86597.7109  sbar_bright_T4a_mid+2=62997.4531  sbar_bright_T4b_mid+2=63862.2148  sbar_bright_T4c_mid+2=75392.9062  sbar_bright_T4d_mid+2=56896.3594  sbar_bright_T5a_mid+2=108743.2891  sbar_bright_T5b_mid+2=152375.3125  sbar_bright_T5c_mid+2=104603.0234  sbar_bright_T5d_mid+2=103511.9609  sbar_bright_T4a_mid-1=721300.1250  sbar_bright_T4b_mid-1=668616.1875  sbar_bright_T4c_mid-1=752723.5625  sbar_bright_T4d_mid-1=753601.3125  sbar_bright_T5a_mid-1=287523.5000  sbar_bright_T5b_mid-1=205920.7188  sbar_bright_T5c_mid-1=313780.8750  sbar_bright_T5d_mid-1=299953.9062  sbar_bright_T4a_mid-2=129726.8281  sbar_bright_T4b_mid-2=143923.7344  sbar_bright_T4c_mid-2=152160.5156  sbar_bright_T4d_mid-2=180314.5781  sbar_bright_T5b_mid-2=82739.5625  sbar_bright_T5c_mid-2=49848.0859  sbar_bright_T5d_mid-2=70908.6250  sbar_bright_T5a_mid-2=56342.9844  sbar_bright_T4a_mid-1.5=44240.0430  sbar_bright_T4b_mid-1.5=60721.1250  sbar_bright_T4c_mid-1.5=59028.6445  sbar_bright_T4d_mid-1.5=64950.7812  sbar_bright_T5a_mid-1.5=38148.1797  sbar_bright_T5b_mid-1.5=49456.0312  sbar_bright_T5c_mid-1.5=38994.2109  sbar_bright_T5d_mid-1.5=43905.1523  sbar_bright_T4a_mid-0.5=280111.7188  sbar_bright_T4b_mid-0.5=283025.8750  sbar_bright_T4c_mid-0.5=295518.0000  sbar_bright_T4d_mid-0.5=325372.9688  sbar_bright_T5a_mid-0.5=71544.0000  sbar_bright_T5b_mid-0.5=67679.1172  sbar_bright_T5c_mid-0.5=75430.8594  sbar_bright_T5d_mid-0.5=88967.9062  sbar_bright_T4a_mid+0.5=60873.2266  sbar_bright_T4b_mid+0.5=52034.3711  sbar_bright_T4c_mid+0.5=88691.8828  sbar_bright_T4d_mid+0.5=74870.3438  sbar_bright_T5a_mid+0.5=29010.9609  sbar_bright_T5b_mid+0.5=14319.0137  sbar_bright_T5c_mid+0.5=31898.3594  sbar_bright_T5d_mid+0.5=32337.6777  sbar_bright_T4b_mid+1.5=37317.9219  sbar_bright_T4c_mid+1.5=148654.2969  sbar_bright_T4d_mid+1.5=45093.5352  sbar_bright_T5a_mid+1.5=19437.7695  sbar_bright_T5b_mid+1.5=21760.9219  sbar_bright_T5c_mid+1.5=15111.8418  sbar_bright_T5d_mid+1.5=17836.7773  sbar_bright_T4a_mid+1.5=30094.1523  sbar_dark_T4a_mid+0=40103.5938  sbar_dark_T4b_mid+0=43911.7930  sbar_dark_T4c_mid+0=39548.8945  sbar_dark_T4d_mid+0=48965.1289  sbar_dark_T5a_mid+0=194737.6562  sbar_dark_T5b_mid+0=209721.6875  sbar_dark_T5c_mid+0=97866.1875  sbar_dark_T5d_mid+0=140149.9844  sbar_dark_T4a_mid+1=35324.4961  sbar_dark_T4b_mid+1=37842.9219  sbar_dark_T4c_mid+1=26928.8105  sbar_dark_T4d_mid+1=35465.4023  sbar_dark_T5a_mid+1=179720.3750  sbar_dark_T5b_mid+1=220727.5938  sbar_dark_T5c_mid+1=177083.6406  sbar_dark_T5d_mid+1=201291.9062  sbar_dark_T4a_mid+2=38610.8203  sbar_dark_T4b_mid+2=41842.1680  sbar_dark_T4c_mid+2=33576.7930  sbar_dark_T4d_mid+2=32103.0996  sbar_dark_T5a_mid+2=128725.9375  sbar_dark_T5b_mid+2=166264.1094  sbar_dark_T5c_mid+2=102194.2500  sbar_dark_T5d_mid+2=124843.5547  sbar_dark_T4a_mid-1=137353.5000  sbar_dark_T4b_mid-1=152128.4375  sbar_dark_T4c_mid-1=134260.8594  sbar_dark_T4d_mid-1=166917.9375  sbar_dark_T5a_mid-1=638703.2500  sbar_dark_T5b_mid-1=798174.1875  sbar_dark_T5c_mid-1=609395.7500  sbar_dark_T5d_mid-1=740268.2500  sbar_dark_T4a_mid-2=59466.2305  sbar_dark_T4b_mid-2=52482.1211  sbar_dark_T4c_mid-2=66774.9688  sbar_dark_T4d_mid-2=56727.5352  sbar_dark_T5b_mid-2=404204.6562  sbar_dark_T5c_mid-2=244155.5156  sbar_dark_T5d_mid-2=301251.1562  sbar_dark_T5a_mid-2=299831.2812  sbar_dark_T4a_mid-1.5=24840.6016  sbar_dark_T4b_mid-1.5=23372.0195  sbar_dark_T4c_mid-1.5=22127.1758  sbar_dark_T4d_mid-1.5=25442.2637  sbar_dark_T5a_mid-1.5=66247.2422  sbar_dark_T5b_mid-1.5=119192.9141  sbar_dark_T5c_mid-1.5=62911.7695  sbar_dark_T5d_mid-1.5=78821.6875  sbar_dark_T4a_mid-0.5=29864.8594  sbar_dark_T4b_mid-0.5=36379.2695  sbar_dark_T4c_mid-0.5=34332.6133  sbar_dark_T4d_mid-0.5=40314.0586  sbar_dark_T5a_mid-0.5=249047.4219  sbar_dark_T5b_mid-0.5=391344.0312  sbar_dark_T5c_mid-0.5=285319.6875  sbar_dark_T5d_mid-0.5=183108.2344  sbar_dark_T4a_mid+0.5=13287.9160  sbar_dark_T4b_mid+0.5=13617.5850  sbar_dark_T4c_mid+0.5=9214.6309  sbar_dark_T4d_mid+0.5=11029.5586  sbar_dark_T5a_mid+0.5=46429.5664  sbar_dark_T5b_mid+0.5=45004.6094  sbar_dark_T5c_mid+0.5=55648.6719  sbar_dark_T5d_mid+0.5=32643.0059  sbar_dark_T4b_mid+1.5=22792.8223  sbar_dark_T4c_mid+1.5=17392.2637  sbar_dark_T4d_mid+1.5=13681.8916  sbar_dark_T5a_mid+1.5=70830.8125  sbar_dark_T5b_mid+1.5=70109.7188  sbar_dark_T5c_mid+1.5=64626.9219  sbar_dark_T5d_mid+1.5=68458.4219  sbar_dark_T4a_mid+1.5=21430.9180]: 

Initl cost = 462203.8438  [sbar_bright_T4a_mid+0=1592066.5000  sbar_bright_T4b_mid+0=1616443.1250  sbar_bright_T4c_mid+0=1557939.8750  sbar_bright_T4d_mid+0=1570425.3750  sbar_bright_T5a_mid+0=212959.8438  sbar_bright_T5b_mid+0=217850.8125  sbar_bright_T5c_mid+0=219717.5781  sbar_bright_T5d_mid+0=227392.9688  sbar_bright_T4a_mid+1=362916.1875  sbar_bright_T4b_mid+1=382166.9688  sbar_bright_T4c_mid+1=373406.8125  sbar_bright_T4d_mid+1=374152.0938  sbar_bright_T5a_mid+1=182471.5156  sbar_bright_T5b_mid+1=205957.1094  sbar_bright_T5c_mid+1=192431.5000  sbar_bright_T5d_mid+1=192642.9688  sbar_bright_T4a_mid+2=128006.0000  sbar_bright_T4b_mid+2=129179.7188  sbar_bright_T4c_mid+2=120994.7656  sbar_bright_T4d_mid+2=132220.6406  sbar_bright_T5a_mid+2=351386.4062  sbar_bright_T5b_mid+2=304132.5625  sbar_bright_T5c_mid+2=340031.6250  sbar_bright_T5d_mid+2=338716.1875  sbar_bright_T4a_mid-1=2862623.0000  sbar_bright_T4b_mid-1=2671045.2500  sbar_bright_T4c_mid-1=2817156.7500  sbar_bright_T4d_mid-1=2796555.5000  sbar_bright_T5a_mid-1=458323.1250  sbar_bright_T5b_mid-1=455735.4375  sbar_bright_T5c_mid-1=466744.5625  sbar_bright_T5d_mid-1=460437.6875  sbar_bright_T4a_mid-2=660474.9375  sbar_bright_T4b_mid-2=673031.4375  sbar_bright_T4c_mid-2=656180.4375  sbar_bright_T4d_mid-2=673051.3750  sbar_bright_T5b_mid-2=178185.8750  sbar_bright_T5c_mid-2=153814.5156  sbar_bright_T5d_mid-2=175597.2188  sbar_bright_T5a_mid-2=162621.3750  sbar_bright_T4a_mid-1.5=287937.0938  sbar_bright_T4b_mid-1.5=292018.7500  sbar_bright_T4c_mid-1.5=277857.3750  sbar_bright_T4d_mid-1.5=311374.3125  sbar_bright_T5a_mid-1.5=145724.2656  sbar_bright_T5b_mid-1.5=145603.7500  sbar_bright_T5c_mid-1.5=138595.6719  sbar_bright_T5d_mid-1.5=136683.2344  sbar_bright_T4a_mid-0.5=1553248.0000  sbar_bright_T4b_mid-0.5=1583649.2500  sbar_bright_T4c_mid-0.5=1571330.5000  sbar_bright_T4d_mid-0.5=1585283.5000  sbar_bright_T5a_mid-0.5=175838.9844  sbar_bright_T5b_mid-0.5=178234.8750  sbar_bright_T5c_mid-0.5=180562.3125  sbar_bright_T5d_mid-0.5=170692.2500  sbar_bright_T4a_mid+0.5=349593.8125  sbar_bright_T4b_mid+0.5=324586.5000  sbar_bright_T4c_mid+0.5=353466.8750  sbar_bright_T4d_mid+0.5=340232.4688  sbar_bright_T5a_mid+0.5=74996.5547  sbar_bright_T5b_mid+0.5=76851.7266  sbar_bright_T5c_mid+0.5=74362.6016  sbar_bright_T5d_mid+0.5=71819.5469  sbar_bright_T4b_mid+1.5=35679.1133  sbar_bright_T4c_mid+1.5=36142.4727  sbar_bright_T4d_mid+1.5=35287.6211  sbar_bright_T5a_mid+1.5=70371.9297  sbar_bright_T5b_mid+1.5=72430.7656  sbar_bright_T5c_mid+1.5=70456.3281  sbar_bright_T5d_mid+1.5=58736.6719  sbar_bright_T4a_mid+1.5=33608.6602  sbar_dark_T4a_mid+0=42393.8203  sbar_dark_T4b_mid+0=40939.5195  sbar_dark_T4c_mid+0=41395.2578  sbar_dark_T4d_mid+0=41408.1836  sbar_dark_T5a_mid+0=751798.3750  sbar_dark_T5b_mid+0=769289.7500  sbar_dark_T5c_mid+0=778614.7500  sbar_dark_T5d_mid+0=824672.1250  sbar_dark_T4a_mid+1=42338.9023  sbar_dark_T4b_mid+1=39704.6875  sbar_dark_T4c_mid+1=36950.0156  sbar_dark_T4d_mid+1=37006.3438  sbar_dark_T5a_mid+1=322514.7812  sbar_dark_T5b_mid+1=360604.9375  sbar_dark_T5c_mid+1=334839.4688  sbar_dark_T5d_mid+1=343893.3750  sbar_dark_T4a_mid+2=39464.9219  sbar_dark_T4b_mid+2=38926.1484  sbar_dark_T4c_mid+2=34218.7031  sbar_dark_T4d_mid+2=41097.4844  sbar_dark_T5a_mid+2=432246.1562  sbar_dark_T5b_mid+2=375183.9062  sbar_dark_T5c_mid+2=418010.3125  sbar_dark_T5d_mid+2=418059.3750  sbar_dark_T4a_mid-1=94390.4062  sbar_dark_T4b_mid-1=104739.5547  sbar_dark_T4c_mid-1=99922.7812  sbar_dark_T4d_mid-1=102227.2031  sbar_dark_T5a_mid-1=2368832.7500  sbar_dark_T5b_mid-1=2320022.2500  sbar_dark_T5c_mid-1=2347138.7500  sbar_dark_T5d_mid-1=2399506.7500  sbar_dark_T4a_mid-2=22581.9199  sbar_dark_T4b_mid-2=17887.8105  sbar_dark_T4c_mid-2=23114.4219  sbar_dark_T4d_mid-2=15569.7510  sbar_dark_T5b_mid-2=1287600.3750  sbar_dark_T5c_mid-2=1214888.5000  sbar_dark_T5d_mid-2=1290789.2500  sbar_dark_T5a_mid-2=1210946.0000  sbar_dark_T4a_mid-1.5=11891.5762  sbar_dark_T4b_mid-1.5=9454.2686  sbar_dark_T4c_mid-1.5=11977.4346  sbar_dark_T4d_mid-1.5=6969.7109  sbar_dark_T5a_mid-1.5=386051.8750  sbar_dark_T5b_mid-1.5=395470.3438  sbar_dark_T5c_mid-1.5=366982.6875  sbar_dark_T5d_mid-1.5=369709.3125  sbar_dark_T4a_mid-0.5=34805.7305  sbar_dark_T4b_mid-0.5=33247.7734  sbar_dark_T4c_mid-0.5=33372.5625  sbar_dark_T4d_mid-0.5=31567.0996  sbar_dark_T5a_mid-0.5=916249.4375  sbar_dark_T5b_mid-0.5=948572.0625  sbar_dark_T5c_mid-0.5=957496.8125  sbar_dark_T5d_mid-0.5=878374.8125  sbar_dark_T4a_mid+0.5=11657.0332  sbar_dark_T4b_mid+0.5=7539.5049  sbar_dark_T4c_mid+0.5=12622.6523  sbar_dark_T4d_mid+0.5=9008.9404  sbar_dark_T5a_mid+0.5=210006.0156  sbar_dark_T5b_mid+0.5=218544.2344  sbar_dark_T5c_mid+0.5=207480.8438  sbar_dark_T5d_mid+0.5=198227.6562  sbar_dark_T4b_mid+1.5=17500.7754  sbar_dark_T4c_mid+1.5=15017.4326  sbar_dark_T4d_mid+1.5=15959.9600  sbar_dark_T5a_mid+1.5=61300.5312  sbar_dark_T5b_mid+1.5=63296.1641  sbar_dark_T5c_mid+1.5=62399.4766  sbar_dark_T5d_mid+1.5=51728.4375  sbar_dark_T4a_mid+1.5=16672.8535]
Final cost = 140850.7031  [sbar_bright_T4a_mid+0=226384.5625  sbar_bright_T4b_mid+0=237701.5781  sbar_bright_T4c_mid+0=189593.9688  sbar_bright_T4d_mid+0=295636.6562  sbar_bright_T5a_mid+0=205268.2500  sbar_bright_T5b_mid+0=105154.6484  sbar_bright_T5c_mid+0=119755.5312  sbar_bright_T5d_mid+0=141111.5312  sbar_bright_T4a_mid+1=189351.4219  sbar_bright_T4b_mid+1=178625.0312  sbar_bright_T4c_mid+1=175875.5156  sbar_bright_T4d_mid+1=228421.0781  sbar_bright_T5a_mid+1=66922.3750  sbar_bright_T5b_mid+1=93524.0234  sbar_bright_T5c_mid+1=76249.2891  sbar_bright_T5d_mid+1=81207.1250  sbar_bright_T4a_mid+2=62819.3711  sbar_bright_T4b_mid+2=60724.6953  sbar_bright_T4c_mid+2=69197.1875  sbar_bright_T4d_mid+2=54434.9141  sbar_bright_T5a_mid+2=106454.8672  sbar_bright_T5b_mid+2=147303.3906  sbar_bright_T5c_mid+2=102594.6953  sbar_bright_T5d_mid+2=102009.0000  sbar_bright_T4a_mid-1=720981.3125  sbar_bright_T4b_mid-1=665309.9375  sbar_bright_T4c_mid-1=757966.1250  sbar_bright_T4d_mid-1=785397.3125  sbar_bright_T5a_mid-1=294468.0000  sbar_bright_T5b_mid-1=205416.4219  sbar_bright_T5c_mid-1=315894.6562  sbar_bright_T5d_mid-1=293910.2188  sbar_bright_T4a_mid-2=129092.4844  sbar_bright_T4b_mid-2=141297.4219  sbar_bright_T4c_mid-2=148366.2969  sbar_bright_T4d_mid-2=171120.8594  sbar_bright_T5b_mid-2=82628.2109  sbar_bright_T5c_mid-2=49184.3984  sbar_bright_T5d_mid-2=67788.5469  sbar_bright_T5a_mid-2=56899.3164  sbar_bright_T4a_mid-1.5=45128.0586  sbar_bright_T4b_mid-1.5=60151.6562  sbar_bright_T4c_mid-1.5=57550.0625  sbar_bright_T4d_mid-1.5=68219.9609  sbar_bright_T5a_mid-1.5=38752.7969  sbar_bright_T5b_mid-1.5=47939.4961  sbar_bright_T5c_mid-1.5=39690.7578  sbar_bright_T5d_mid-1.5=44752.9375  sbar_bright_T4a_mid-0.5=286454.0312  sbar_bright_T4b_mid-0.5=287953.3125  sbar_bright_T4c_mid-0.5=305471.4375  sbar_bright_T4d_mid-0.5=342678.8750  sbar_bright_T5a_mid-0.5=73644.3984  sbar_bright_T5b_mid-0.5=67110.0391  sbar_bright_T5c_mid-0.5=76193.2188  sbar_bright_T5d_mid-0.5=87227.2188  sbar_bright_T4a_mid+0.5=59103.5508  sbar_bright_T4b_mid+0.5=51494.1836  sbar_bright_T4c_mid+0.5=84497.8672  sbar_bright_T4d_mid+0.5=73486.6172  sbar_bright_T5a_mid+0.5=28815.0176  sbar_bright_T5b_mid+0.5=14278.5752  sbar_bright_T5c_mid+0.5=32128.0547  sbar_bright_T5d_mid+0.5=29893.8594  sbar_bright_T4b_mid+1.5=39567.3125  sbar_bright_T4c_mid+1.5=147149.5156  sbar_bright_T4d_mid+1.5=44392.2539  sbar_bright_T5a_mid+1.5=19325.1953  sbar_bright_T5b_mid+1.5=22449.3613  sbar_bright_T5c_mid+1.5=14679.1846  sbar_bright_T5d_mid+1.5=17646.4492  sbar_bright_T4a_mid+1.5=31074.4668  sbar_dark_T4a_mid+0=40823.0273  sbar_dark_T4b_mid+0=44085.6211  sbar_dark_T4c_mid+0=38602.0430  sbar_dark_T4d_mid+0=45386.7812  sbar_dark_T5a_mid+0=192239.6094  sbar_dark_T5b_mid+0=209655.2656  sbar_dark_T5c_mid+0=95840.4062  sbar_dark_T5d_mid+0=139825.8125  sbar_dark_T4a_mid+1=34896.0703  sbar_dark_T4b_mid+1=37952.1367  sbar_dark_T4c_mid+1=26818.0312  sbar_dark_T4d_mid+1=34162.2891  sbar_dark_T5a_mid+1=178846.1250  sbar_dark_T5b_mid+1=216009.0469  sbar_dark_T5c_mid+1=174400.4219  sbar_dark_T5d_mid+1=191347.9375  sbar_dark_T4a_mid+2=38906.0000  sbar_dark_T4b_mid+2=43258.4531  sbar_dark_T4c_mid+2=33444.7109  sbar_dark_T4d_mid+2=32472.7969  sbar_dark_T5a_mid+2=127251.4922  sbar_dark_T5b_mid+2=162327.8594  sbar_dark_T5c_mid+2=99106.2578  sbar_dark_T5d_mid+2=123272.7578  sbar_dark_T4a_mid-1=138991.1719  sbar_dark_T4b_mid-1=150102.7500  sbar_dark_T4c_mid-1=131187.1406  sbar_dark_T4d_mid-1=159379.4219  sbar_dark_T5a_mid-1=635234.8750  sbar_dark_T5b_mid-1=791196.6250  sbar_dark_T5c_mid-1=609568.2500  sbar_dark_T5d_mid-1=761603.6250  sbar_dark_T4a_mid-2=59959.8086  sbar_dark_T4b_mid-2=51829.4297  sbar_dark_T4c_mid-2=65503.2148  sbar_dark_T4d_mid-2=52022.7617  sbar_dark_T5b_mid-2=402249.0938  sbar_dark_T5c_mid-2=243393.1562  sbar_dark_T5d_mid-2=310705.7188  sbar_dark_T5a_mid-2=294091.4375  sbar_dark_T4a_mid-1.5=25379.6211  sbar_dark_T4b_mid-1.5=23472.9961  sbar_dark_T4c_mid-1.5=21683.0840  sbar_dark_T4d_mid-1.5=23501.4238  sbar_dark_T5a_mid-1.5=65177.1445  sbar_dark_T5b_mid-1.5=117373.9531  sbar_dark_T5c_mid-1.5=62189.6445  sbar_dark_T5d_mid-1.5=81744.1719  sbar_dark_T4a_mid-0.5=29588.9219  sbar_dark_T4b_mid-0.5=35181.4219  sbar_dark_T4c_mid-0.5=33097.5898  sbar_dark_T4d_mid-0.5=38033.0625  sbar_dark_T5a_mid-0.5=246666.6562  sbar_dark_T5b_mid-0.5=388490.5000  sbar_dark_T5c_mid-0.5=284220.1250  sbar_dark_T5d_mid-0.5=185653.1094  sbar_dark_T4a_mid+0.5=12778.5820  sbar_dark_T4b_mid+0.5=13813.0088  sbar_dark_T4c_mid+0.5=9615.5645  sbar_dark_T4d_mid+0.5=11282.2236  sbar_dark_T5a_mid+0.5=45812.6953  sbar_dark_T5b_mid+0.5=43834.7852  sbar_dark_T5c_mid+0.5=54132.2148  sbar_dark_T5d_mid+0.5=30603.3828  sbar_dark_T4b_mid+1.5=21450.9141  sbar_dark_T4c_mid+1.5=17393.7852  sbar_dark_T4d_mid+1.5=13772.8535  sbar_dark_T5a_mid+1.5=70598.6641  sbar_dark_T5b_mid+1.5=69763.9141  sbar_dark_T5c_mid+1.5=63242.9766  sbar_dark_T5d_mid+1.5=64683.0039  sbar_dark_T4a_mid+1.5=19378.4727]
Best  cost = 140850.7031  [sbar_bright_T4a_mid+0=226384.5625  sbar_bright_T4b_mid+0=237701.5781  sbar_bright_T4c_mid+0=189593.9688  sbar_bright_T4d_mid+0=295636.6562  sbar_bright_T5a_mid+0=205268.2500  sbar_bright_T5b_mid+0=105154.6484  sbar_bright_T5c_mid+0=119755.5312  sbar_bright_T5d_mid+0=141111.5312  sbar_bright_T4a_mid+1=189351.4219  sbar_bright_T4b_mid+1=178625.0312  sbar_bright_T4c_mid+1=175875.5156  sbar_bright_T4d_mid+1=228421.0781  sbar_bright_T5a_mid+1=66922.3750  sbar_bright_T5b_mid+1=93524.0234  sbar_bright_T5c_mid+1=76249.2891  sbar_bright_T5d_mid+1=81207.1250  sbar_bright_T4a_mid+2=62819.3711  sbar_bright_T4b_mid+2=60724.6953  sbar_bright_T4c_mid+2=69197.1875  sbar_bright_T4d_mid+2=54434.9141  sbar_bright_T5a_mid+2=106454.8672  sbar_bright_T5b_mid+2=147303.3906  sbar_bright_T5c_mid+2=102594.6953  sbar_bright_T5d_mid+2=102009.0000  sbar_bright_T4a_mid-1=720981.3125  sbar_bright_T4b_mid-1=665309.9375  sbar_bright_T4c_mid-1=757966.1250  sbar_bright_T4d_mid-1=785397.3125  sbar_bright_T5a_mid-1=294468.0000  sbar_bright_T5b_mid-1=205416.4219  sbar_bright_T5c_mid-1=315894.6562  sbar_bright_T5d_mid-1=293910.2188  sbar_bright_T4a_mid-2=129092.4844  sbar_bright_T4b_mid-2=141297.4219  sbar_bright_T4c_mid-2=148366.2969  sbar_bright_T4d_mid-2=171120.8594  sbar_bright_T5b_mid-2=82628.2109  sbar_bright_T5c_mid-2=49184.3984  sbar_bright_T5d_mid-2=67788.5469  sbar_bright_T5a_mid-2=56899.3164  sbar_bright_T4a_mid-1.5=45128.0586  sbar_bright_T4b_mid-1.5=60151.6562  sbar_bright_T4c_mid-1.5=57550.0625  sbar_bright_T4d_mid-1.5=68219.9609  sbar_bright_T5a_mid-1.5=38752.7969  sbar_bright_T5b_mid-1.5=47939.4961  sbar_bright_T5c_mid-1.5=39690.7578  sbar_bright_T5d_mid-1.5=44752.9375  sbar_bright_T4a_mid-0.5=286454.0312  sbar_bright_T4b_mid-0.5=287953.3125  sbar_bright_T4c_mid-0.5=305471.4375  sbar_bright_T4d_mid-0.5=342678.8750  sbar_bright_T5a_mid-0.5=73644.3984  sbar_bright_T5b_mid-0.5=67110.0391  sbar_bright_T5c_mid-0.5=76193.2188  sbar_bright_T5d_mid-0.5=87227.2188  sbar_bright_T4a_mid+0.5=59103.5508  sbar_bright_T4b_mid+0.5=51494.1836  sbar_bright_T4c_mid+0.5=84497.8672  sbar_bright_T4d_mid+0.5=73486.6172  sbar_bright_T5a_mid+0.5=28815.0176  sbar_bright_T5b_mid+0.5=14278.5752  sbar_bright_T5c_mid+0.5=32128.0547  sbar_bright_T5d_mid+0.5=29893.8594  sbar_bright_T4b_mid+1.5=39567.3125  sbar_bright_T4c_mid+1.5=147149.5156  sbar_bright_T4d_mid+1.5=44392.2539  sbar_bright_T5a_mid+1.5=19325.1953  sbar_bright_T5b_mid+1.5=22449.3613  sbar_bright_T5c_mid+1.5=14679.1846  sbar_bright_T5d_mid+1.5=17646.4492  sbar_bright_T4a_mid+1.5=31074.4668  sbar_dark_T4a_mid+0=40823.0273  sbar_dark_T4b_mid+0=44085.6211  sbar_dark_T4c_mid+0=38602.0430  sbar_dark_T4d_mid+0=45386.7812  sbar_dark_T5a_mid+0=192239.6094  sbar_dark_T5b_mid+0=209655.2656  sbar_dark_T5c_mid+0=95840.4062  sbar_dark_T5d_mid+0=139825.8125  sbar_dark_T4a_mid+1=34896.0703  sbar_dark_T4b_mid+1=37952.1367  sbar_dark_T4c_mid+1=26818.0312  sbar_dark_T4d_mid+1=34162.2891  sbar_dark_T5a_mid+1=178846.1250  sbar_dark_T5b_mid+1=216009.0469  sbar_dark_T5c_mid+1=174400.4219  sbar_dark_T5d_mid+1=191347.9375  sbar_dark_T4a_mid+2=38906.0000  sbar_dark_T4b_mid+2=43258.4531  sbar_dark_T4c_mid+2=33444.7109  sbar_dark_T4d_mid+2=32472.7969  sbar_dark_T5a_mid+2=127251.4922  sbar_dark_T5b_mid+2=162327.8594  sbar_dark_T5c_mid+2=99106.2578  sbar_dark_T5d_mid+2=123272.7578  sbar_dark_T4a_mid-1=138991.1719  sbar_dark_T4b_mid-1=150102.7500  sbar_dark_T4c_mid-1=131187.1406  sbar_dark_T4d_mid-1=159379.4219  sbar_dark_T5a_mid-1=635234.8750  sbar_dark_T5b_mid-1=791196.6250  sbar_dark_T5c_mid-1=609568.2500  sbar_dark_T5d_mid-1=761603.6250  sbar_dark_T4a_mid-2=59959.8086  sbar_dark_T4b_mid-2=51829.4297  sbar_dark_T4c_mid-2=65503.2148  sbar_dark_T4d_mid-2=52022.7617  sbar_dark_T5b_mid-2=402249.0938  sbar_dark_T5c_mid-2=243393.1562  sbar_dark_T5d_mid-2=310705.7188  sbar_dark_T5a_mid-2=294091.4375  sbar_dark_T4a_mid-1.5=25379.6211  sbar_dark_T4b_mid-1.5=23472.9961  sbar_dark_T4c_mid-1.5=21683.0840  sbar_dark_T4d_mid-1.5=23501.4238  sbar_dark_T5a_mid-1.5=65177.1445  sbar_dark_T5b_mid-1.5=117373.9531  sbar_dark_T5c_mid-1.5=62189.6445  sbar_dark_T5d_mid-1.5=81744.1719  sbar_dark_T4a_mid-0.5=29588.9219  sbar_dark_T4b_mid-0.5=35181.4219  sbar_dark_T4c_mid-0.5=33097.5898  sbar_dark_T4d_mid-0.5=38033.0625  sbar_dark_T5a_mid-0.5=246666.6562  sbar_dark_T5b_mid-0.5=388490.5000  sbar_dark_T5c_mid-0.5=284220.1250  sbar_dark_T5d_mid-0.5=185653.1094  sbar_dark_T4a_mid+0.5=12778.5820  sbar_dark_T4b_mid+0.5=13813.0088  sbar_dark_T4c_mid+0.5=9615.5645  sbar_dark_T4d_mid+0.5=11282.2236  sbar_dark_T5a_mid+0.5=45812.6953  sbar_dark_T5b_mid+0.5=43834.7852  sbar_dark_T5c_mid+0.5=54132.2148  sbar_dark_T5d_mid+0.5=30603.3828  sbar_dark_T4b_mid+1.5=21450.9141  sbar_dark_T4c_mid+1.5=17393.7852  sbar_dark_T4d_mid+1.5=13772.8535  sbar_dark_T5a_mid+1.5=70598.6641  sbar_dark_T5b_mid+1.5=69763.9141  sbar_dark_T5c_mid+1.5=63242.9766  sbar_dark_T5d_mid+1.5=64683.0039  sbar_dark_T4a_mid+1.5=19378.4727]
time needed  = 126.55  sec

done in 0.04 hours
wrote /home/yitai/drosophila_vision/vision/simulation/0_runs/hp_lp/29561980-run-n_iter-300/data/best_adam.npz (best run #0)
wrote table: /home/yitai/drosophila_vision/vision/simulation/0_runs/hp_lp/29561980-run-n_iter-300/param.csv (best run #0, cost=140850.6875)
wrote table: /home/yitai/drosophila_vision/vision/simulation/0_runs/hp_lp/29561980-run-n_iter-300/syn_strength_cell.csv
/home/yitai/drosophila_vision/vision/simulation/5_figure/1_panel.py:834: UserWarning: This figure includes Axes that are not compatible with tight_layout, so results might be incorrect.
  fig.tight_layout()
plot /home/yitai/drosophila_vision/vision/simulation/0_runs/hp_lp/29561980-run-n_iter-300/cost.png: prep=0.0s  plot_s=0.2s  save=2.0s  elapsed_s=2.3s
plot device=cuda (NVIDIA A100 80GB PCIe MIG 1g.20gb)
1 trained set(s); costs min=140850.6875 max=140850.6875; selected #0 (from saved final costs)
plot /home/yitai/drosophila_vision/vision/simulation/0_runs/hp_lp/29561980-run-n_iter-300/sbar_gt_v.png: prep=0.4s  plot_s=86.5s  save=25.5s  elapsed_s=112.5s
