Job ID: 29562559
Node:   spartan-gpgpu099
GPU:    0
GPU 0: NVIDIA A100 80GB PCIe (UUID: GPU-322f5568-e44f-6ee4-45a8-e5d9489b443e)
GPU 1: NVIDIA A100 80GB PCIe (UUID: GPU-14844a85-9bf8-1cac-86bb-ab42ec5dba78)
  MIG 1g.20gb     Device  0: (UUID: MIG-ca7758cc-36b2-53c8-8bf7-fe711a703942)
GPU 2: NVIDIA A100 80GB PCIe (UUID: GPU-40730cdb-5070-f06f-e8e1-92c3b4bc8f18)
GPU 3: NVIDIA A100 80GB PCIe (UUID: GPU-705f91ce-5278-67b6-77ed-ac45a7d89e43)
cuda: True NVIDIA A100 80GB PCIe MIG 1g.20gb
Start:  Tue 25 Aug 2026 04:16:32 AEST
==== config ====
{'RUN_NAME': '29562242-run-n_iter-300-tasks-spread,sbar',
 'RUN_PATH': 'hp_lp/29562242-run-n_iter-300-tasks-spread,sbar',
 'MODEL': {'delta_ms': 2.0,
           'delta_ms_pre': 2.0,
           'cap': 40.0,
           'g_leak': 1.0,
           'e_exc': 10.0,
           'e_inh': -70.0,
           'e_h': 50.0,
           'h_g_max': 100.0,
           'gt_amp': 20.0,
           'v_clamp': 1000000.0,
           'a_syn_exc': 0.001,
           'a_syn_inh': 0.001,
           'euler': 'im'},
 'NEURON_SCHEMA': {'model': 'hp_lp',
                   'filter': 'none',
                   'syn_mode': 'per_cell',
                   'a_lo': 0.1,
                   'a_hi': 10.0,
                   'h_cells': ['L1', 'L2', 'L4', 'L5'],
                   'params': {'a_gt': {'lo': 0.5, 'hi': 2.0, 'init': 1.0, 'jit': 0.1, 'mode': 'indi'},
                              'bias_gt': {'lo': -200.0, 'hi': 200.0, 'init': 0.0, 'jit': 1.0, 'mode': 'indi'},
                              'syn_strength_cell': {'lo': 0.1, 'hi': 10.0, 'init': 1.0, 'jit': 0.1, 'mode': 'shared'},
                              'syn_strength_edge': {'lo': 0.1, 'hi': 10.0, 'init': 1.0, 'jit': 0.1, 'mode': 'indi'},
                              'a_in': {'lo': 0.01, 'hi': 100.0, 'init': 1.0, 'jit': 0.1, 'mode': 'shared'},
                              'a_out': {'lo': 0.1, 'hi': 10.0, 'init': 1.0, 'jit': 0.1, 'mode': 'indi'},
                              'e_leak': {'lo': -50.0, 'hi': 50.0, 'init': 0.0, 'jit': 1.0, 'mode': 'indi'},
                              'v_th': {'lo': -100.0, 'hi': 100.0, 'init': -50.0, 'jit': 0.0, 'mode': 'indi'},
                              'tau_lp': {'lo': 10.0, 'hi': 100.0, 'init': 10.0, 'jit': 2.0, 'mode': 'indi'},
                              'tau_hp_rise': {'lo': 100.0, 'hi': 500.0, 'init': 200.0, 'jit': 20.0, 'mode': 'indi'},
                              'tau_hp_fall': {'lo': 100.0, 'hi': 500.0, 'init': 200.0, 'jit': 20.0, 'mode': 'indi'},
                              'a_h': {'lo': 0.0,
                                      'hi': 1.0,
                                      'init': 0.0,
                                      'inits': {'L1': 0.5, 'L2': 0.5, 'L4': 0.5, 'L5': 0.5},
                                      'jit': 0.1,
                                      'mode': 'indi'},
                              'v_mid_h_g': {'lo': -70.0, 'hi': -30.0, 'init': -50.0, 'jit': 5.0, 'mode': 'shared'},
                              'v_mid_h_tau': {'lo': -70.0, 'hi': -40.0, 'init': -50.0, 'jit': 5.0, 'mode': 'shared'},
                              'h_slope': {'lo': -0.4, 'hi': -0.2, 'init': -0.25, 'jit': 0.02, 'mode': 'shared'},
                              'a_h_rev': {'lo': 0.0,
                                          'hi': 1.0,
                                          'init': 0.0,
                                          'jit': 0.1,
                                          'mode': 'fixed',
                                          'modes': {'indi': 'L1,L2,L4,L5'}},
                              'v_mid_h_g_rev': {'lo': -70.0, 'hi': -30.0, 'init': -50.0, 'jit': 5.0, 'mode': 'shared'},
                              'v_mid_h_tau_rev': {'lo': -70.0,
                                                  'hi': -40.0,
                                                  'init': -50.0,
                                                  'jit': 5.0,
                                                  'mode': 'shared'},
                              'h_slope_rev': {'lo': -0.4, 'hi': -0.2, 'init': -0.25, 'jit': 0.02, 'mode': 'shared'},
                              'v_th_ca': {'lo': -100.0, 'hi': 100.0, 'init': -50.0, 'jit': 0.0, 'mode': 'indi'},
                              'a_ca': {'lo': 0.1, 'hi': 10.0, 'init': 1.0, 'jit': 0.1, 'mode': 'indi'},
                              'tau_ca': {'lo': 100.0, 'hi': 1000.0, 'init': 350.0, 'jit': 10.0, 'mode': 'indi'},
                              'a_sti_radius': {'lo': 0.0, 'hi': 1.0, 'init': 0.0, 'jit': 0.05, 'mode': 'indi'}}},
 'NEURON_FORWARD': {'pre_grad': True},
 'NETWORK_PATH': {'network': 'right_min_neuron1_r10'},
 'SPREAD_INPUT_SPEC': {'ms_pre': 20.0, 'ms_sti': 160.0, 'ms_response': 300.0, 'ms_post': 0.0},
 'SPREAD_GT': {'spread_gt_mode': 'pos'},
 'SPOT_INPUT_GEO': {'spot_radius': 1.0, 'fully_inside': True, 'multi_spot': True, 'shift_radius': 1.0},
 'SPOT_PACK': {'spot_cost_radii': [0, 1, 2],
               'a_sti_radii': [1, 2],
               'spot_cost_radius_scale': {0: 1.0, 1: 0.3333333333333333, 2: 0.3333333333333333}},
 'SBAR_INPUT_GEO': {'multi_bar': True, 'bar_dist': 4},
 'MBAR_INPUT_SPEC': {'ms_pre': 20.0, 'bar_ws_deg': [2.25, 9.0], 'bar_directions': ['right', 'left', 'up', 'down']},
 'TRAIN_CONFIG': {'tasks': ['sbar'],
                  'contrasts': ['bright', 'dark'],
                  'i_sti': {'bright': 40.0, 'dark': 0.0},
                  'gt_by_task': {'spread': ['L1',
                                            'L2',
                                            'L3',
                                            'L4',
                                            'L5',
                                            'Mi1',
                                            'Tm3',
                                            'Mi4',
                                            'Mi9',
                                            'Tm1',
                                            'Tm2',
                                            'Tm4',
                                            'Tm9'],
                                 'sbar': ['T4a', 'T4b', 'T4c', 'T4d', 'T5a', 'T5b', 'T5c', 'T5d']},
                  'cost_radius': None},
 'VAL_FROM': {'bias_gt': {'source': 'v_onset', 'enabled': True},
              'v_th_ca': {'source': 'v_th', 'enabled': False},
              'a_ca': {'source': 'a_out', 'enabled': False},
              'a_h_rev': {'source': 'a_h', 'enabled': False},
              'v_mid_h_g_rev': {'source': 'v_mid_h_g', 'enabled': False},
              'h_slope_rev': {'source': 'h_slope', 'enabled': False},
              'v_mid_h_tau_rev': {'source': 'v_mid_h_tau', 'enabled': False}},
 'TRAIN_OPTIMIZATION': {'part_cost_scales': {},
                        'cost_norm': 'a_gt2',
                        'cost_ms': None,
                        'pre_steady': 'solve',
                        'pre_steady_n_iter': 50,
                        'pre_steady_damp': 0.1,
                        'n_run': 1,
                        'n_iter': 0,
                        'lrs': [0.1],
                        'checkpoint_interval': 1000},
 'TRAIN_SESSION': {'fp': 32, 'sequential': False},
 'FIGURE_PLOT': {'html': False, 'plot_right_only': True, 'x': None, 'y': None, 'align_xy': None, 'ms_shown': None},
 'FIGURE_PLOT_STI_SPOT': {'spot_radii': [0.5, 1.0, 1.5, 2.0], 'output': None},
 'FIGURE_PLOT_STI_MBAR': {'output': None,
                          'gif': False,
                          'gif_output': None,
                          't_stride': 2,
                          't': None,
                          'direction': 'left'},
 'ANALYZE_RUNS': ['hp_lp/29562242-run-n_iter-300-tasks-spread,sbar'],
 'ANALYZE_CELL_DYNAMICS': {'cells': None,
                           'spec': None,
                           'node': None,
                           'radius': 0,
                           't_rel_start': None,
                           't_rel_stop': None,
                           'figure': True,
                           'json': False},
 'ANALYZE_SYN_SIGN': {'bins': 20, 'after_train': False, 'post': False},
 'ANALYZE_TRACE': {'trace_osc_min_f': 0.5,
                   'trace_osc_max_f': 20.0,
                   'trace_osc_peak_threshold': 0.5,
                   'trace_osc_z_threshold': 2.0,
                   'trace_osc_snr_min': 2.0,
                   'trace_drift_min_slope_mv_over_s': 1.0,
                   'trace_drift_min_r': 0.5,
                   'trace_baseline_ms': 200.0,
                   'trace_flat_max_abs': 0.5,
                   'trace_flat_v_peak_to_peak_max': 1.0,
                   'trace_flat_abs_mean': 0.2,
                   'check': None,
                   'baseline_ms_shown': None},
 'ANALYZE_COST_PART': {'part': None,
                       'cost_norm': None,
                       'stride': 1,
                       'per_node': False,
                       'csv': None,
                       'print_parts': False}}
==== end config ====
config: {'run_name': '29562242-run-n_iter-300-tasks-spread,sbar', 'run_path': 'hp_lp/${run_name}', 'delta_ms': 2.0, 'delta_ms_pre': 2.0, 'cap': 40.0, 'g_leak': 1.0, 'e_exc': 10.0, 'e_inh': -70.0, 'e_h': 50.0, 'h_g_max': 100.0, 'gt_amp': 20.0, 'v_clamp': 1000000.0, 'a_syn_exc': 0.001, 'a_syn_inh': 0.001, 'euler': 'im', 'model': 'hp_lp', 'filter': 'none', 'syn_mode': 'per_cell', 'a_lo': 0.1, 'a_hi': 10.0, 'h_cells': 'L1,L2,L4,L5', 'params': {'a_gt': {'lo': 0.5, 'hi': 2.0, 'init': 1.0, 'jit': 0.1, 'mode': 'indi'}, 'bias_gt': {'lo': -200.0, 'hi': 200.0, 'init': 0.0, 'jit': 1.0, 'mode': 'indi'}, 'syn_strength_cell': {'lo': 0.1, 'hi': 10.0, 'init': 1.0, 'jit': 0.1, 'mode': 'shared'}, 'syn_strength_edge': {'lo': 0.1, 'hi': 10.0, 'init': 1.0, 'jit': 0.1, 'mode': 'indi'}, 'a_in': {'lo': 0.01, 'hi': 100.0, 'init': 1.0, 'jit': 0.1, 'mode': 'shared'}, 'a_out': {'lo': 0.1, 'hi': 10.0, 'init': 1.0, 'jit': 0.1, 'mode': 'indi'}, 'e_leak': {'lo': -50.0, 'hi': 50.0, 'init': 0.0, 'jit': 1.0, 'mode': 'indi'}, 'v_th': {'lo': -100.0, 'hi': 100.0, 'init': -50.0, 'jit': 0.0, 'mode': 'indi'}, 'tau_lp': {'lo': 10.0, 'hi': 100.0, 'init': 10.0, 'jit': 2.0, 'mode': 'indi'}, 'tau_hp_rise': {'lo': 100.0, 'hi': 500.0, 'init': 200.0, 'jit': 20.0, 'mode': 'indi'}, 'tau_hp_fall': {'lo': 100.0, 'hi': 500.0, 'init': 200.0, 'jit': 20.0, 'mode': 'indi'}, 'a_h': {'lo': 0.0, 'hi': 1.0, 'init': 0.0, 'inits': {'L1': 0.5, 'L2': 0.5, 'L4': 0.5, 'L5': 0.5}, 'jit': 0.1, 'mode': 'indi'}, 'v_mid_h_g': {'lo': -70.0, 'hi': -30.0, 'init': -50.0, 'jit': 5.0, 'mode': 'shared'}, 'v_mid_h_tau': {'lo': -70.0, 'hi': -40.0, 'init': -50.0, 'jit': 5.0, 'mode': 'shared'}, 'h_slope': {'lo': -0.4, 'hi': -0.2, 'init': -0.25, 'jit': 0.02, 'mode': 'shared'}, 'a_h_rev': {'lo': 0.0, 'hi': 1.0, 'init': 0.0, 'jit': 0.1, 'mode': 'fixed', 'modes': {'indi': '${h_cells}'}}, 'v_mid_h_g_rev': {'lo': -70.0, 'hi': -30.0, 'init': -50.0, 'jit': 5.0, 'mode': 'shared'}, 'v_mid_h_tau_rev': {'lo': -70.0, 'hi': -40.0, 'init': -50.0, 'jit': 5.0, 'mode': 'shared'}, 'h_slope_rev': {'lo': -0.4, 'hi': -0.2, 'init': -0.25, 'jit': 0.02, 'mode': 'shared'}, 'v_th_ca': {'lo': -100.0, 'hi': 100.0, 'init': -50.0, 'jit': 0.0, 'mode': 'indi'}, 'a_ca': {'lo': 0.1, 'hi': 10.0, 'init': 1.0, 'jit': 0.1, 'mode': 'indi'}, 'tau_ca': {'lo': 100.0, 'hi': 1000.0, 'init': 350.0, 'jit': 10.0, 'mode': 'indi'}, 'a_sti_radius': {'lo': 0.0, 'hi': 1.0, 'init': 0.0, 'jit': 0.05, 'mode': 'indi'}}, 'pre_grad': True, 'network': 'right_min_neuron1_r10', 'i_sti': {'bright': 40.0, 'dark': 0.0}, 'contrasts': 'bright,dark', 'ms_pre': 20.0, 'ms_sti': 160.0, 'ms_response': 300.0, 'ms_post': 0.0, 'spread_gt_mode': 'pos', 'spot_radius': 1.0, 'fully_inside': True, 'multi_spot': True, 'shift_radius': 1.0, 'spot_cost_radii': '0,1,2', 'a_sti_radii': '1,2', 'spot_cost_radius_scale': {0: 1.0, 1: 0.3333333333333333, 2: 0.3333333333333333}, 'multi_bar': True, 'bar_dist': 4, 'bar_ws_deg': '2.25,9.0', 'bar_directions': 'right,left,up,down', 'tasks': 'spread,sbar', 'gt_by_task': {'spread': ['L1', 'L2', 'L3', 'L4', 'L5', 'Mi1', 'Tm3', 'Mi4', 'Mi9', 'Tm1', 'Tm2', 'Tm4', 'Tm9'], 'sbar': ['T4a', 'T4b', 'T4c', 'T4d', 'T5a', 'T5b', 'T5c', 'T5d']}, 'cost_radius': None, 'param_vals': {}, 'val_from': {'bias_gt': {'source': 'v_onset', 'enabled': True}, 'v_th_ca': {'source': 'v_th', 'enabled': False}, 'a_ca': {'source': 'a_out', 'enabled': False}, 'a_h_rev': {'source': 'a_h', 'enabled': False}, 'v_mid_h_g_rev': {'source': 'v_mid_h_g', 'enabled': False}, 'h_slope_rev': {'source': 'h_slope', 'enabled': False}, 'v_mid_h_tau_rev': {'source': 'v_mid_h_tau', 'enabled': False}}, 'part_cost_scales': {}, 'cost_norm': 'a_gt2', 'cost_ms': None, 'pre_steady': 'solve', 'pre_steady_n_iter': 50, 'pre_steady_damp': 0.1, 'n_run': 1, 'n_iter': 1000, 'lrs': '0.1', 'checkpoint_interval': 1000, 'init_from': None, 'fp': 32, 'sequential': False, 'spot_radii': '0.5,1.0,1.5,2.0', 'spot_plot_output': None, 'mbar_plot_output': None, 'mbar_plot_gif': False, 'mbar_plot_gif_output': None, 'mbar_plot_t_stride': 2, 'mbar_plot_t': None, 'mbar_plot_direction': 'left', 'html': False, 'plot_right_only': True, 'x': None, 'y': None, 'align_xy': None, 'ms_shown': None, 'analyze_runs': None, 'cells': None, 'spec': None, 'node': None, 'radius': 0, 't_rel_start': None, 't_rel_stop': None, 'analyze_figure': True, 'analyze_json': False, 'post': False, 'check': None, 'baseline_ms_shown': None, 'part': None, 'analyze_cost_norm': None, 'stride': 1, 'per_node': False, 'cost_part_csv': None, 'print_parts': False, 'bins': 20, 'after_train': False, 'trace_osc_min_f': 0.5, 'trace_osc_max_f': 20.0, 'trace_osc_peak_threshold': 0.5, 'trace_osc_z_threshold': 2.0, 'trace_osc_snr_min': 2.0, 'trace_drift_min_slope_mv_over_s': 1.0, 'trace_drift_min_r': 0.5, 'trace_baseline_ms': 200.0, 'trace_flat_max_abs': 0.5, 'trace_flat_v_peak_to_peak_max': 1.0, 'trace_flat_abs_mean': 0.2}
param_modes:
  a_gt               indi=56/shared=0/fixed=0/frozen=0 (56)
  bias_gt            indi=0/shared=0/fixed=0/frozen=56 (0)
  syn_strength_cell  indi=0/shared=1035/fixed=0/frozen=0 (1)
  a_in               indi=0/shared=56/fixed=0/frozen=0 (1)
  a_out              indi=56/shared=0/fixed=0/frozen=0 (56)
  e_leak             indi=56/shared=0/fixed=0/frozen=0 (56)
  v_th               indi=56/shared=0/fixed=0/frozen=0 (56)
  tau_lp             indi=56/shared=0/fixed=0/frozen=0 (56)
  tau_hp_rise        indi=56/shared=0/fixed=0/frozen=0 (56)
  tau_hp_fall        indi=56/shared=0/fixed=0/frozen=0 (56)
  a_h                indi=56/shared=0/fixed=0/frozen=0 (56)
device=cuda, model=hp_lp, syn_mode=per_cell, euler=implicit, pre_steady=solve, n_run=1, n_iter=1000, lrs=[0.1], n_z=450, fname=train_hp_lp.npy
checkpoint_interval=1000

round 0

  0%|          | 0/1000 [00:00<?, ?it/s] Cost: 1065310.7500  [spread_bright_L5=9359570.0000  spread_bright_Mi1=8628525.0000  spread_bright_Tm3=8608873.0000  spread_bright_Mi4=8498138.0000  spread_dark_L1=6219779.5000  spread_dark_L2=5853193.5000  spread_dark_L3=6361284.5000  spread_dark_L4=8634600.0000  spread_dark_Mi9=7393386.5000  spread_dark_Tm1=7977012.0000  spread_dark_Tm2=7627131.0000  spread_dark_Tm4=8024267.0000  spread_dark_Tm9=7649673.5000  sbar_bright_T4a_mid+0=1594979.3750  sbar_bright_T4b_mid+0=1617553.8750  sbar_bright_T4c_mid+0=1558692.7500  sbar_bright_T4d_mid+0=1569347.3750  sbar_bright_T5a_mid+0=211767.7969  sbar_bright_T5b_mid+0=212171.4531  sbar_bright_T5c_mid+0=217595.1406  sbar_bright_T5d_mid+0=222757.3125  sbar_bright_T4a_mid+1=362049.8438  sbar_bright_T4b_mid+1=382133.0000  sbar_bright_T4c_mid+1=373383.2500  sbar_bright_T4d_mid+1=374026.7500  sbar_bright_T5a_mid+1=182396.9688  sbar_bright_T5b_mid+1=202284.8281  sbar_bright_T5c_mid+1=190547.5781  sbar_bright_T5d_mid+1=192376.9219  sbar_bright_T4a_mid+2=127391.0938  sbar_bright_T4b_mid+2=128170.3672  sbar_bright_T4c_mid+2=119385.6797  sbar_bright_T4d_mid+2=131947.3594  sbar_bright_T5a_mid+2=349064.1250  sbar_bright_T5b_mid+2=304750.8438  sbar_bright_T5c_mid+2=337636.4062  sbar_bright_T5d_mid+2=336881.5000  sbar_bright_T4a_mid-1=2856116.7500  sbar_bright_T4b_mid-1=2668898.5000  sbar_bright_T4c_mid-1=2813013.7500  sbar_bright_T4d_mid-1=2792624.0000  sbar_bright_T5a_mid-1=456877.4062  sbar_bright_T5b_mid-1=451710.2812  sbar_bright_T5c_mid-1=462540.2188  sbar_bright_T5d_mid-1=456728.8125  sbar_bright_T4a_mid-2=661289.1875  sbar_bright_T4b_mid-2=673517.4375  sbar_bright_T4c_mid-2=656473.8750  sbar_bright_T4d_mid-2=673294.0625  sbar_bright_T5b_mid-2=171650.3750  sbar_bright_T5c_mid-2=152803.0469  sbar_bright_T5d_mid-2=171316.4531  sbar_bright_T5a_mid-2=161092.7969  sbar_bright_T4a_mid-1.5=287608.1875  sbar_bright_T4b_mid-1.5=292256.5312  sbar_bright_T4c_mid-1.5=278877.2500  sbar_bright_T4d_mid-1.5=311217.1875  sbar_bright_T5a_mid-1.5=144781.7969  sbar_bright_T5b_mid-1.5=144515.8750  sbar_bright_T5c_mid-1.5=138006.5000  sbar_bright_T5d_mid-1.5=134813.2812  sbar_bright_T4a_mid-0.5=1552741.8750  sbar_bright_T4b_mid-0.5=1582151.7500  sbar_bright_T4c_mid-0.5=1572816.7500  sbar_bright_T4d_mid-0.5=1583777.0000  sbar_bright_T5a_mid-0.5=175600.4688  sbar_bright_T5b_mid-0.5=177377.8750  sbar_bright_T5c_mid-0.5=179663.5000  sbar_bright_T5d_mid-0.5=171146.3906  sbar_bright_T4a_mid+0.5=349150.2500  sbar_bright_T4b_mid+0.5=326351.8125  sbar_bright_T4c_mid+0.5=352990.3438  sbar_bright_T4d_mid+0.5=339701.8125  sbar_bright_T5a_mid+0.5=74691.3672  sbar_bright_T5b_mid+0.5=76508.6562  sbar_bright_T5c_mid+0.5=74401.2031  sbar_bright_T5d_mid+0.5=71895.6875  sbar_bright_T4b_mid+1.5=35495.5156  sbar_bright_T4c_mid+1.5=35905.2734  sbar_bright_T4d_mid+1.5=35164.4805  sbar_bright_T5a_mid+1.5=70109.9844  sbar_bright_T5b_mid+1.5=71471.5234  sbar_bright_T5c_mid+1.5=69789.4922  sbar_bright_T5d_mid+1.5=58727.5273  sbar_bright_T4a_mid+1.5=33268.4688  sbar_dark_T4a_mid+0=42060.2305  sbar_dark_T4b_mid+0=40348.0352  sbar_dark_T4c_mid+0=40959.3906  sbar_dark_T4d_mid+0=41158.1445  sbar_dark_T5a_mid+0=753249.4375  sbar_dark_T5b_mid+0=763506.8750  sbar_dark_T5c_mid+0=778695.4375  sbar_dark_T5d_mid+0=816166.5625  sbar_dark_T4a_mid+1=41430.1914  sbar_dark_T4b_mid+1=39332.9336  sbar_dark_T4c_mid+1=36701.6445  sbar_dark_T4d_mid+1=36775.1133  sbar_dark_T5a_mid+1=323239.1250  sbar_dark_T5b_mid+1=358042.6250  sbar_dark_T5c_mid+1=334124.0312  sbar_dark_T5d_mid+1=344639.5000  sbar_dark_T4a_mid+2=38984.3086  sbar_dark_T4b_mid+2=38069.7266  sbar_dark_T4c_mid+2=33198.0508  sbar_dark_T4d_mid+2=40916.7891  sbar_dark_T5a_mid+2=429780.2812  sbar_dark_T5b_mid+2=376721.3438  sbar_dark_T5c_mid+2=415805.4688  sbar_dark_T5d_mid+2=416353.6562  sbar_dark_T4a_mid-1=94600.9297  sbar_dark_T4b_mid-1=104214.2266  sbar_dark_T4c_mid-1=100025.9609  sbar_dark_T4d_mid-1=102494.6562  sbar_dark_T5a_mid-1=2366445.0000  sbar_dark_T5b_mid-1=2318912.0000  sbar_dark_T5c_mid-1=2345494.7500  sbar_dark_T5d_mid-1=2388078.0000  sbar_dark_T4a_mid-2=22067.2969  sbar_dark_T4b_mid-2=17164.5781  sbar_dark_T4c_mid-2=22189.7852  sbar_dark_T4d_mid-2=15581.7363  sbar_dark_T5b_mid-2=1278330.5000  sbar_dark_T5c_mid-2=1216848.5000  sbar_dark_T5d_mid-2=1283052.2500  sbar_dark_T5a_mid-2=1210444.8750  sbar_dark_T4a_mid-1.5=11549.9834  sbar_dark_T4b_mid-1.5=9125.7627  sbar_dark_T4c_mid-1.5=11580.0498  sbar_dark_T4d_mid-1.5=6982.5308  sbar_dark_T5a_mid-1.5=385026.0000  sbar_dark_T5b_mid-1.5=393401.0625  sbar_dark_T5c_mid-1.5=367863.2500  sbar_dark_T5d_mid-1.5=365687.4375  sbar_dark_T4a_mid-0.5=34724.8906  sbar_dark_T4b_mid-0.5=33172.8008  sbar_dark_T4c_mid-0.5=33170.7891  sbar_dark_T4d_mid-0.5=31782.1621  sbar_dark_T5a_mid-0.5=917388.8125  sbar_dark_T5b_mid-0.5=947549.6875  sbar_dark_T5c_mid-0.5=954768.9375  sbar_dark_T5d_mid-0.5=887865.6875  sbar_dark_T4a_mid+0.5=11424.0898  sbar_dark_T4b_mid+0.5=7630.0605  sbar_dark_T4c_mid+0.5=12431.8096  sbar_dark_T4d_mid+0.5=9054.3066  sbar_dark_T5a_mid+0.5=209727.4688  sbar_dark_T5b_mid+0.5=218902.7969  sbar_dark_T5c_mid+0.5=209049.1250  sbar_dark_T5d_mid+0.5=200576.8750  sbar_dark_T4b_mid+1.5=16841.4551  sbar_dark_T4c_mid+1.5=14553.1416  sbar_dark_T4d_mid+1.5=15727.2051  sbar_dark_T5a_mid+1.5=61006.1797  sbar_dark_T5b_mid+1.5=62125.5664  sbar_dark_T5c_mid+1.5=61587.8867  sbar_dark_T5d_mid+1.5=51602.3711  sbar_dark_T4a_mid+1.5=16094.3975]  1%|          | 10/1000 [00:06<10:49,  1.52it/s] Cost: 796809.5625  [spread_bright_L5=5059983.5000  spread_bright_Mi1=5038950.0000  spread_bright_Tm3=2951099.7500  spread_bright_Mi4=7973143.0000  spread_dark_L1=1693938.7500  spread_dark_L2=3425595.5000  spread_dark_L3=4599161.5000  spread_dark_L4=7094635.5000  spread_dark_Mi9=6794803.5000  spread_dark_Tm1=3122523.7500  spread_dark_Tm2=1620607.0000  spread_dark_Tm4=2727878.2500  spread_dark_Tm9=7314601.5000  sbar_bright_T4a_mid+0=1573348.7500  sbar_bright_T4b_mid+0=1596668.5000  sbar_bright_T4c_mid+0=1532374.3750  sbar_bright_T4d_mid+0=1530621.7500  sbar_bright_T5a_mid+0=201757.1562  sbar_bright_T5b_mid+0=197299.0469  sbar_bright_T5c_mid+0=206759.5156  sbar_bright_T5d_mid+0=204672.4844  sbar_bright_T4a_mid+1=347310.3438  sbar_bright_T4b_mid+1=378039.2812  sbar_bright_T4c_mid+1=366641.8750  sbar_bright_T4d_mid+1=367998.0312  sbar_bright_T5a_mid+1=186053.8125  sbar_bright_T5b_mid+1=199152.1094  sbar_bright_T5c_mid+1=188942.5625  sbar_bright_T5d_mid+1=193204.9531  sbar_bright_T4a_mid+2=114633.2109  sbar_bright_T4b_mid+2=113760.1406  sbar_bright_T4c_mid+2=110067.1094  sbar_bright_T4d_mid+2=115221.0000  sbar_bright_T5a_mid+2=334090.5000  sbar_bright_T5b_mid+2=317477.5000  sbar_bright_T5c_mid+2=331311.6250  sbar_bright_T5d_mid+2=333034.4688  sbar_bright_T4a_mid-1=2786851.7500  sbar_bright_T4b_mid-1=2634473.2500  sbar_bright_T4c_mid-1=2767950.0000  sbar_bright_T4d_mid-1=2769150.5000  sbar_bright_T5a_mid-1=443044.2812  sbar_bright_T5b_mid-1=442658.0938  sbar_bright_T5c_mid-1=443321.3438  sbar_bright_T5d_mid-1=443502.6875  sbar_bright_T4a_mid-2=682477.8125  sbar_bright_T4b_mid-2=681145.0000  sbar_bright_T4c_mid-2=678957.0625  sbar_bright_T4d_mid-2=679439.1875  sbar_bright_T5b_mid-2=152261.3594  sbar_bright_T5c_mid-2=151489.1875  sbar_bright_T5d_mid-2=154104.5000  sbar_bright_T5a_mid-2=148184.3438  sbar_bright_T4a_mid-1.5=294704.2500  sbar_bright_T4b_mid-1.5=296232.8125  sbar_bright_T4c_mid-1.5=292838.8125  sbar_bright_T4d_mid-1.5=301529.6562  sbar_bright_T5a_mid-1.5=138889.2500  sbar_bright_T5b_mid-1.5=140903.7188  sbar_bright_T5c_mid-1.5=135555.6562  sbar_bright_T5d_mid-1.5=125936.6953  sbar_bright_T4a_mid-0.5=1581556.2500  sbar_bright_T4b_mid-0.5=1572398.2500  sbar_bright_T4c_mid-0.5=1586212.8750  sbar_bright_T4d_mid-0.5=1592024.2500  sbar_bright_T5a_mid-0.5=175464.6562  sbar_bright_T5b_mid-0.5=176290.5625  sbar_bright_T5c_mid-0.5=175050.3906  sbar_bright_T5d_mid-0.5=175031.5000  sbar_bright_T4a_mid+0.5=346754.8438  sbar_bright_T4b_mid+0.5=336489.0312  sbar_bright_T4c_mid+0.5=342209.4375  sbar_bright_T4d_mid+0.5=341188.2188  sbar_bright_T5a_mid+0.5=74823.4609  sbar_bright_T5b_mid+0.5=74991.8906  sbar_bright_T5c_mid+0.5=75316.6016  sbar_bright_T5d_mid+0.5=75099.1094  sbar_bright_T4b_mid+1.5=34815.4727  sbar_bright_T4c_mid+1.5=34044.0977  sbar_bright_T4d_mid+1.5=34173.5273  sbar_bright_T5a_mid+1.5=70741.5703  sbar_bright_T5b_mid+1.5=72065.9844  sbar_bright_T5c_mid+1.5=70101.5156  sbar_bright_T5d_mid+1.5=63470.9922  sbar_bright_T4a_mid+1.5=30766.0625  sbar_dark_T4a_mid+0=26757.6289  sbar_dark_T4b_mid+0=29727.5527  sbar_dark_T4c_mid+0=28920.3672  sbar_dark_T4d_mid+0=28197.9023  sbar_dark_T5a_mid+0=772427.8750  sbar_dark_T5b_mid+0=752782.5625  sbar_dark_T5c_mid+0=787400.4375  sbar_dark_T5d_mid+0=780090.0000  sbar_dark_T4a_mid+1=31095.3145  sbar_dark_T4b_mid+1=36838.5078  sbar_dark_T4c_mid+1=32560.1055  sbar_dark_T4d_mid+1=32567.6758  sbar_dark_T5a_mid+1=336597.5625  sbar_dark_T5b_mid+1=360227.5312  sbar_dark_T5c_mid+1=341613.8750  sbar_dark_T5d_mid+1=349598.2188  sbar_dark_T4a_mid+2=28758.0859  sbar_dark_T4b_mid+2=29072.8340  sbar_dark_T4c_mid+2=26685.9707  sbar_dark_T4d_mid+2=29105.9609  sbar_dark_T5a_mid+2=414503.1562  sbar_dark_T5b_mid+2=393964.0938  sbar_dark_T5c_mid+2=410887.3125  sbar_dark_T5d_mid+2=413235.4688  sbar_dark_T4a_mid-1=94708.8516  sbar_dark_T4b_mid-1=102082.8906  sbar_dark_T4c_mid-1=97615.4062  sbar_dark_T4d_mid-1=97782.3281  sbar_dark_T5a_mid-1=2327158.7500  sbar_dark_T5b_mid-1=2322532.0000  sbar_dark_T5c_mid-1=2328054.2500  sbar_dark_T5d_mid-1=2331409.0000  sbar_dark_T4a_mid-2=11255.2500  sbar_dark_T4b_mid-2=12682.8027  sbar_dark_T4c_mid-2=12083.6172  sbar_dark_T4d_mid-2=11511.4199  sbar_dark_T5b_mid-2=1237989.7500  sbar_dark_T5c_mid-2=1235170.8750  sbar_dark_T5d_mid-2=1245536.2500  sbar_dark_T5a_mid-2=1200711.0000  sbar_dark_T4a_mid-1.5=6763.7583  sbar_dark_T4b_mid-1.5=7106.7485  sbar_dark_T4c_mid-1.5=6975.5640  sbar_dark_T4d_mid-1.5=6069.3325  sbar_dark_T5a_mid-1.5=380030.5312  sbar_dark_T5b_mid-1.5=385405.7500  sbar_dark_T5c_mid-1.5=370659.5938  sbar_dark_T5d_mid-1.5=344589.2188  sbar_dark_T4a_mid-0.5=30143.9082  sbar_dark_T4b_mid-0.5=31503.6387  sbar_dark_T4c_mid-0.5=30651.8887  sbar_dark_T4d_mid-0.5=29522.9062  sbar_dark_T5a_mid-0.5=944315.1250  sbar_dark_T5b_mid-0.5=949830.3750  sbar_dark_T5c_mid-0.5=941436.6250  sbar_dark_T5d_mid-0.5=940708.5625  sbar_dark_T4a_mid+0.5=9166.9463  sbar_dark_T4b_mid+0.5=8169.5195  sbar_dark_T4c_mid+0.5=8848.2451  sbar_dark_T4d_mid+0.5=8488.9326  sbar_dark_T5a_mid+0.5=217360.4844  sbar_dark_T5b_mid+0.5=217854.5156  sbar_dark_T5c_mid+0.5=219042.0156  sbar_dark_T5d_mid+0.5=218927.3281  sbar_dark_T4b_mid+1.5=13423.9414  sbar_dark_T4c_mid+1.5=12930.7715  sbar_dark_T4d_mid+1.5=14088.3682  sbar_dark_T5a_mid+1.5=60636.5547  sbar_dark_T5b_mid+1.5=61596.3906  sbar_dark_T5c_mid+1.5=60244.7852  sbar_dark_T5d_mid+1.5=54427.0469  sbar_dark_T4a_mid+1.5=12212.1445]:   2%|▏         | 20/1000 [00:13<10:38,  1.53it/s] Cost: 732789.6875  [spread_bright_L5=2242662.5000  spread_bright_Mi1=3867346.0000  spread_bright_Tm3=2376611.5000  spread_bright_Mi4=7717748.5000  spread_dark_L1=2117198.0000  spread_dark_L2=2590857.0000  spread_dark_L3=4202035.0000  spread_dark_L4=6500877.0000  spread_dark_Mi9=6294435.0000  spread_dark_Tm1=2096589.1250  spread_dark_Tm2=1461941.0000  spread_dark_Tm4=1700641.0000  spread_dark_Tm9=6919972.0000  sbar_bright_T4a_mid+0=1484557.1250  sbar_bright_T4b_mid+0=1482959.6250  sbar_bright_T4c_mid+0=1451102.7500  sbar_bright_T4d_mid+0=1456514.8750  sbar_bright_T5a_mid+0=199816.2656  sbar_bright_T5b_mid+0=197875.7344  sbar_bright_T5c_mid+0=215980.2031  sbar_bright_T5d_mid+0=203621.7500  sbar_bright_T4a_mid+1=338558.2500  sbar_bright_T4b_mid+1=360715.2812  sbar_bright_T4c_mid+1=342855.0312  sbar_bright_T4d_mid+1=352049.2188  sbar_bright_T5a_mid+1=188880.1875  sbar_bright_T5b_mid+1=200946.6406  sbar_bright_T5c_mid+1=190715.2812  sbar_bright_T5d_mid+1=192859.6562  sbar_bright_T4a_mid+2=115525.6484  sbar_bright_T4b_mid+2=112262.7266  sbar_bright_T4c_mid+2=104211.0938  sbar_bright_T4d_mid+2=119097.9531  sbar_bright_T5a_mid+2=336363.9375  sbar_bright_T5b_mid+2=312941.2812  sbar_bright_T5c_mid+2=334493.2812  sbar_bright_T5d_mid+2=332683.3750  sbar_bright_T4a_mid-1=2784443.7500  sbar_bright_T4b_mid-1=2624672.2500  sbar_bright_T4c_mid-1=2743652.5000  sbar_bright_T4d_mid-1=2751366.5000  sbar_bright_T5a_mid-1=442321.0312  sbar_bright_T5b_mid-1=444052.8750  sbar_bright_T5c_mid-1=446109.7812  sbar_bright_T5d_mid-1=442532.2188  sbar_bright_T4a_mid-2=681775.3125  sbar_bright_T4b_mid-2=686322.8750  sbar_bright_T4c_mid-2=675394.8750  sbar_bright_T4d_mid-2=669245.0000  sbar_bright_T5b_mid-2=149421.2031  sbar_bright_T5c_mid-2=147335.0781  sbar_bright_T5d_mid-2=153816.4062  sbar_bright_T5a_mid-2=147833.7188  sbar_bright_T4a_mid-1.5=296838.6875  sbar_bright_T4b_mid-1.5=301205.0938  sbar_bright_T4c_mid-1.5=293667.1562  sbar_bright_T4d_mid-1.5=316146.4375  sbar_bright_T5a_mid-1.5=137469.3438  sbar_bright_T5b_mid-1.5=144878.1562  sbar_bright_T5c_mid-1.5=131118.6250  sbar_bright_T5d_mid-1.5=125411.5000  sbar_bright_T4a_mid-0.5=1551405.5000  sbar_bright_T4b_mid-0.5=1541350.5000  sbar_bright_T4c_mid-0.5=1570432.5000  sbar_bright_T4d_mid-0.5=1576002.7500  sbar_bright_T5a_mid-0.5=175688.7812  sbar_bright_T5b_mid-0.5=178571.6875  sbar_bright_T5c_mid-0.5=173649.4531  sbar_bright_T5d_mid-0.5=175469.4062  sbar_bright_T4a_mid+0.5=342285.3750  sbar_bright_T4b_mid+0.5=313650.5625  sbar_bright_T4c_mid+0.5=323303.1875  sbar_bright_T4d_mid+0.5=328918.0312  sbar_bright_T5a_mid+0.5=73536.2266  sbar_bright_T5b_mid+0.5=74485.2422  sbar_bright_T5c_mid+0.5=77211.8047  sbar_bright_T5d_mid+0.5=75150.1016  sbar_bright_T4b_mid+1.5=35121.0117  sbar_bright_T4c_mid+1.5=33907.6445  sbar_bright_T4d_mid+1.5=34214.1484  sbar_bright_T5a_mid+1.5=70792.3984  sbar_bright_T5b_mid+1.5=75020.1250  sbar_bright_T5c_mid+1.5=70573.7344  sbar_bright_T5d_mid+1.5=64126.4688  sbar_bright_T4a_mid+1.5=30745.7246  sbar_dark_T4a_mid+0=16669.4160  sbar_dark_T4b_mid+0=19002.9863  sbar_dark_T4c_mid+0=23155.6348  sbar_dark_T4d_mid+0=21820.9238  sbar_dark_T5a_mid+0=760123.5625  sbar_dark_T5b_mid+0=744995.9375  sbar_dark_T5c_mid+0=813375.3125  sbar_dark_T5d_mid+0=776792.2500  sbar_dark_T4a_mid+1=30700.8438  sbar_dark_T4b_mid+1=36871.7734  sbar_dark_T4c_mid+1=33146.1836  sbar_dark_T4d_mid+1=32965.0898  sbar_dark_T5a_mid+1=339978.8438  sbar_dark_T5b_mid+1=361142.6250  sbar_dark_T5c_mid+1=339639.7812  sbar_dark_T5d_mid+1=348958.0312  sbar_dark_T4a_mid+2=30711.0684  sbar_dark_T4b_mid+2=30109.4160  sbar_dark_T4c_mid+2=26894.5820  sbar_dark_T4d_mid+2=33513.1523  sbar_dark_T5a_mid+2=417319.3750  sbar_dark_T5b_mid+2=387879.7188  sbar_dark_T5c_mid+2=413356.6250  sbar_dark_T5d_mid+2=413035.7188  sbar_dark_T4a_mid-1=89595.8906  sbar_dark_T4b_mid-1=97181.1484  sbar_dark_T4c_mid-1=96716.8750  sbar_dark_T4d_mid-1=98511.7656  sbar_dark_T5a_mid-1=2319734.2500  sbar_dark_T5b_mid-1=2308390.5000  sbar_dark_T5c_mid-1=2328144.0000  sbar_dark_T5d_mid-1=2326485.2500  sbar_dark_T4a_mid-2=12928.0381  sbar_dark_T4b_mid-2=13567.2705  sbar_dark_T4c_mid-2=16252.9688  sbar_dark_T4d_mid-2=15133.8115  sbar_dark_T5b_mid-2=1215134.2500  sbar_dark_T5c_mid-2=1208093.6250  sbar_dark_T5d_mid-2=1244934.7500  sbar_dark_T5a_mid-2=1196351.5000  sbar_dark_T4a_mid-1.5=7059.0640  sbar_dark_T4b_mid-1.5=7721.4961  sbar_dark_T4c_mid-1.5=7740.4009  sbar_dark_T4d_mid-1.5=6025.6050  sbar_dark_T5a_mid-1.5=375350.8438  sbar_dark_T5b_mid-1.5=395165.7500  sbar_dark_T5c_mid-1.5=355965.0625  sbar_dark_T5d_mid-1.5=343284.8125  sbar_dark_T4a_mid-0.5=29640.7832  sbar_dark_T4b_mid-0.5=30760.6230  sbar_dark_T4c_mid-0.5=31741.8926  sbar_dark_T4d_mid-0.5=28099.7480  sbar_dark_T5a_mid-0.5=947537.6250  sbar_dark_T5b_mid-0.5=963188.1875  sbar_dark_T5c_mid-0.5=919370.5000  sbar_dark_T5d_mid-0.5=944927.0625  sbar_dark_T4a_mid+0.5=8838.5039  sbar_dark_T4b_mid+0.5=6442.6284  sbar_dark_T4c_mid+0.5=9880.0820  sbar_dark_T4d_mid+0.5=8035.6216  sbar_dark_T5a_mid+0.5=212774.7500  sbar_dark_T5b_mid+0.5=214828.2500  sbar_dark_T5c_mid+0.5=223991.9688  sbar_dark_T5d_mid+0.5=219234.4062  sbar_dark_T4b_mid+1.5=13111.5234  sbar_dark_T4c_mid+1.5=12185.2920  sbar_dark_T4d_mid+1.5=14317.1416  sbar_dark_T5a_mid+1.5=60805.0000  sbar_dark_T5b_mid+1.5=64127.8945  sbar_dark_T5c_mid+1.5=60896.0039  sbar_dark_T5d_mid+1.5=55009.2422  sbar_dark_T4a_mid+1.5=11427.7705]:    3%|▎         | 30/1000 [00:19<10:30,  1.54it/s] Cost: 677364.3125  [spread_bright_L5=1898473.6250  spread_bright_Mi1=3420879.7500  spread_bright_Tm3=1985793.8750  spread_bright_Mi4=6613895.5000  spread_dark_L1=1499850.6250  spread_dark_L2=2555662.7500  spread_dark_L3=4254862.0000  spread_dark_L4=5633239.5000  spread_dark_Mi9=5325315.5000  spread_dark_Tm1=1214835.1250  spread_dark_Tm2=1268577.2500  spread_dark_Tm4=1397138.7500  spread_dark_Tm9=6060284.0000  sbar_bright_T4a_mid+0=1227005.2500  sbar_bright_T4b_mid+0=1224709.3750  sbar_bright_T4c_mid+0=1216801.6250  sbar_bright_T4d_mid+0=1208900.2500  sbar_bright_T5a_mid+0=188467.2500  sbar_bright_T5b_mid+0=190331.4219  sbar_bright_T5c_mid+0=206551.0625  sbar_bright_T5d_mid+0=198468.0312  sbar_bright_T4a_mid+1=290109.0625  sbar_bright_T4b_mid+1=306350.7188  sbar_bright_T4c_mid+1=258220.9844  sbar_bright_T4d_mid+1=272798.0312  sbar_bright_T5a_mid+1=188754.5781  sbar_bright_T5b_mid+1=198880.4375  sbar_bright_T5c_mid+1=187738.0000  sbar_bright_T5d_mid+1=191715.5781  sbar_bright_T4a_mid+2=108676.5234  sbar_bright_T4b_mid+2=114783.4609  sbar_bright_T4c_mid+2=98601.9453  sbar_bright_T4d_mid+2=106732.3828  sbar_bright_T5a_mid+2=346594.1250  sbar_bright_T5b_mid+2=315776.9688  sbar_bright_T5c_mid+2=334024.9375  sbar_bright_T5d_mid+2=332384.7500  sbar_bright_T4a_mid-1=2685781.5000  sbar_bright_T4b_mid-1=2570265.2500  sbar_bright_T4c_mid-1=2651349.0000  sbar_bright_T4d_mid-1=2683997.0000  sbar_bright_T5a_mid-1=442603.1562  sbar_bright_T5b_mid-1=438504.6250  sbar_bright_T5c_mid-1=441553.1875  sbar_bright_T5d_mid-1=441468.1250  sbar_bright_T4a_mid-2=675340.3125  sbar_bright_T4b_mid-2=683101.6250  sbar_bright_T4c_mid-2=668467.8750  sbar_bright_T4d_mid-2=675892.4375  sbar_bright_T5b_mid-2=150266.7656  sbar_bright_T5c_mid-2=145897.1250  sbar_bright_T5d_mid-2=153498.8281  sbar_bright_T5a_mid-2=149839.0156  sbar_bright_T4a_mid-1.5=293132.6250  sbar_bright_T4b_mid-1.5=294144.5938  sbar_bright_T4c_mid-1.5=291043.1250  sbar_bright_T4d_mid-1.5=301139.4688  sbar_bright_T5a_mid-1.5=138954.0938  sbar_bright_T5b_mid-1.5=141770.2188  sbar_bright_T5c_mid-1.5=133563.1250  sbar_bright_T5d_mid-1.5=125384.7344  sbar_bright_T4a_mid-0.5=1494877.0000  sbar_bright_T4b_mid-0.5=1511377.7500  sbar_bright_T4c_mid-0.5=1542953.8750  sbar_bright_T4d_mid-0.5=1514281.0000  sbar_bright_T5a_mid-0.5=174683.7656  sbar_bright_T5b_mid-0.5=175987.7812  sbar_bright_T5c_mid-0.5=170794.7656  sbar_bright_T5d_mid-0.5=174748.8281  sbar_bright_T4a_mid+0.5=322235.4062  sbar_bright_T4b_mid+0.5=271020.3438  sbar_bright_T4c_mid+0.5=270116.7500  sbar_bright_T4d_mid+0.5=300078.1250  sbar_bright_T5a_mid+0.5=71493.8438  sbar_bright_T5b_mid+0.5=74285.2188  sbar_bright_T5c_mid+0.5=74459.9141  sbar_bright_T5d_mid+0.5=74317.2734  sbar_bright_T4b_mid+1.5=33229.4180  sbar_bright_T4c_mid+1.5=29559.6777  sbar_bright_T4d_mid+1.5=31882.8789  sbar_bright_T5a_mid+1.5=69847.7578  sbar_bright_T5b_mid+1.5=72629.2500  sbar_bright_T5c_mid+1.5=70641.7188  sbar_bright_T5d_mid+1.5=64057.7969  sbar_bright_T4a_mid+1.5=28965.5488  sbar_dark_T4a_mid+0=203299.0312  sbar_dark_T4b_mid+0=138418.4688  sbar_dark_T4c_mid+0=110529.3906  sbar_dark_T4d_mid+0=123296.2031  sbar_dark_T5a_mid+0=709130.2500  sbar_dark_T5b_mid+0=734004.9375  sbar_dark_T5c_mid+0=786196.4375  sbar_dark_T5d_mid+0=765008.3750  sbar_dark_T4a_mid+1=28042.8750  sbar_dark_T4b_mid+1=37460.4688  sbar_dark_T4c_mid+1=38899.2227  sbar_dark_T4d_mid+1=43381.0078  sbar_dark_T5a_mid+1=335100.5000  sbar_dark_T5b_mid+1=358497.4375  sbar_dark_T5c_mid+1=333428.1875  sbar_dark_T5d_mid+1=346238.7812  sbar_dark_T4a_mid+2=29884.0820  sbar_dark_T4b_mid+2=35554.4531  sbar_dark_T4c_mid+2=28380.2070  sbar_dark_T4d_mid+2=28530.3926  sbar_dark_T5a_mid+2=429401.4375  sbar_dark_T5b_mid+2=392496.6875  sbar_dark_T5c_mid+2=412859.4375  sbar_dark_T5d_mid+2=412980.0938  sbar_dark_T4a_mid-1=81344.4609  sbar_dark_T4b_mid-1=85656.6328  sbar_dark_T4c_mid-1=86834.6641  sbar_dark_T4d_mid-1=86554.9375  sbar_dark_T5a_mid-1=2313328.5000  sbar_dark_T5b_mid-1=2308351.7500  sbar_dark_T5c_mid-1=2303238.7500  sbar_dark_T5d_mid-1=2324723.2500  sbar_dark_T4a_mid-2=12569.9229  sbar_dark_T4b_mid-2=15277.2744  sbar_dark_T4c_mid-2=16467.3145  sbar_dark_T4d_mid-2=11989.4287  sbar_dark_T5b_mid-2=1229311.6250  sbar_dark_T5c_mid-2=1204859.2500  sbar_dark_T5d_mid-2=1244684.1250  sbar_dark_T5a_mid-2=1189242.3750  sbar_dark_T4a_mid-1.5=7501.5674  sbar_dark_T4b_mid-1.5=10095.1719  sbar_dark_T4c_mid-1.5=12653.5811  sbar_dark_T4d_mid-1.5=6419.4478  sbar_dark_T5a_mid-1.5=376018.6875  sbar_dark_T5b_mid-1.5=387731.6875  sbar_dark_T5c_mid-1.5=363096.5625  sbar_dark_T5d_mid-1.5=343381.7812  sbar_dark_T4a_mid-0.5=18985.6230  sbar_dark_T4b_mid-0.5=24269.1758  sbar_dark_T4c_mid-0.5=25527.5742  sbar_dark_T4d_mid-0.5=19799.9902  sbar_dark_T5a_mid-0.5=943139.2500  sbar_dark_T5b_mid-0.5=951186.4375  sbar_dark_T5c_mid-0.5=907984.3125  sbar_dark_T5d_mid-0.5=943712.1875  sbar_dark_T4a_mid+0.5=7758.1431  sbar_dark_T4b_mid+0.5=7094.5762  sbar_dark_T4c_mid+0.5=22327.9844  sbar_dark_T4d_mid+0.5=7706.8105  sbar_dark_T5a_mid+0.5=204132.9375  sbar_dark_T5b_mid+0.5=216358.5781  sbar_dark_T5c_mid+0.5=218417.6875  sbar_dark_T5d_mid+0.5=217331.5312  sbar_dark_T4b_mid+1.5=13980.4561  sbar_dark_T4c_mid+1.5=13653.5117  sbar_dark_T4d_mid+1.5=12835.3232  sbar_dark_T5a_mid+1.5=60420.7227  sbar_dark_T5b_mid+1.5=62204.9414  sbar_dark_T5c_mid+1.5=61002.3828  sbar_dark_T5d_mid+1.5=54949.5234  sbar_dark_T4a_mid+1.5=11427.7764]:   4%|▍         | 40/1000 [00:26<10:27,  1.53it/s] Cost: 619911.2500  [spread_bright_L5=2200121.7500  spread_bright_Mi1=2899877.7500  spread_bright_Tm3=1792074.1250  spread_bright_Mi4=4299060.0000  spread_dark_L1=1234279.5000  spread_dark_L2=2931608.7500  spread_dark_L3=4162849.5000  spread_dark_L4=4768984.5000  spread_dark_Mi9=4222019.5000  spread_dark_Tm1=1057464.1250  spread_dark_Tm2=1172931.5000  spread_dark_Tm4=1249373.0000  spread_dark_Tm9=5323246.5000  sbar_bright_T4a_mid+0=1037844.1250  sbar_bright_T4b_mid+0=1031497.7500  sbar_bright_T4c_mid+0=1008695.8125  sbar_bright_T4d_mid+0=991042.5000  sbar_bright_T5a_mid+0=101075.4141  sbar_bright_T5b_mid+0=152570.9531  sbar_bright_T5c_mid+0=143269.3125  sbar_bright_T5d_mid+0=176023.5625  sbar_bright_T4a_mid+1=266844.4375  sbar_bright_T4b_mid+1=288992.0938  sbar_bright_T4c_mid+1=233626.8438  sbar_bright_T4d_mid+1=255990.8281  sbar_bright_T5a_mid+1=170334.4844  sbar_bright_T5b_mid+1=194367.4062  sbar_bright_T5c_mid+1=169931.4844  sbar_bright_T5d_mid+1=188324.5781  sbar_bright_T4a_mid+2=109166.3594  sbar_bright_T4b_mid+2=103881.6484  sbar_bright_T4c_mid+2=108273.1562  sbar_bright_T4d_mid+2=105956.2422  sbar_bright_T5a_mid+2=335583.9375  sbar_bright_T5b_mid+2=313185.6875  sbar_bright_T5c_mid+2=332497.4375  sbar_bright_T5d_mid+2=331970.5000  sbar_bright_T4a_mid-1=2541795.0000  sbar_bright_T4b_mid-1=2456307.7500  sbar_bright_T4c_mid-1=2521748.2500  sbar_bright_T4d_mid-1=2601101.0000  sbar_bright_T5a_mid-1=412390.8125  sbar_bright_T5b_mid-1=422008.2188  sbar_bright_T5c_mid-1=412809.9062  sbar_bright_T5d_mid-1=437522.1250  sbar_bright_T4a_mid-2=669039.2500  sbar_bright_T4b_mid-2=675328.1250  sbar_bright_T4c_mid-2=646555.6875  sbar_bright_T4d_mid-2=673404.6250  sbar_bright_T5b_mid-2=149847.2344  sbar_bright_T5c_mid-2=138226.7656  sbar_bright_T5d_mid-2=152615.8125  sbar_bright_T5a_mid-2=146014.0469  sbar_bright_T4a_mid-1.5=286982.8125  sbar_bright_T4b_mid-1.5=289778.9062  sbar_bright_T4c_mid-1.5=281517.7188  sbar_bright_T4d_mid-1.5=294836.0000  sbar_bright_T5a_mid-1.5=135515.0469  sbar_bright_T5b_mid-1.5=142196.8438  sbar_bright_T5c_mid-1.5=134318.7188  sbar_bright_T5d_mid-1.5=126606.9609  sbar_bright_T4a_mid-0.5=1446582.7500  sbar_bright_T4b_mid-0.5=1475515.8750  sbar_bright_T4c_mid-0.5=1538199.7500  sbar_bright_T4d_mid-0.5=1461618.5000  sbar_bright_T5a_mid-0.5=160064.1719  sbar_bright_T5b_mid-0.5=172703.1250  sbar_bright_T5c_mid-0.5=154374.8438  sbar_bright_T5d_mid-0.5=170699.2031  sbar_bright_T4a_mid+0.5=317468.6250  sbar_bright_T4b_mid+0.5=276196.9688  sbar_bright_T4c_mid+0.5=242015.1875  sbar_bright_T4d_mid+0.5=296456.3438  sbar_bright_T5a_mid+0.5=66376.7656  sbar_bright_T5b_mid+0.5=70475.7578  sbar_bright_T5c_mid+0.5=63329.0977  sbar_bright_T5d_mid+0.5=69859.1094  sbar_bright_T4b_mid+1.5=32545.5742  sbar_bright_T4c_mid+1.5=31220.7910  sbar_bright_T4d_mid+1.5=32537.1738  sbar_bright_T5a_mid+1.5=69452.6328  sbar_bright_T5b_mid+1.5=71613.4297  sbar_bright_T5c_mid+1.5=70862.0234  sbar_bright_T5d_mid+1.5=62180.0898  sbar_bright_T4a_mid+1.5=29322.1758  sbar_dark_T4a_mid+0=68916.3281  sbar_dark_T4b_mid+0=31773.8887  sbar_dark_T4c_mid+0=29817.1211  sbar_dark_T4d_mid+0=38282.8594  sbar_dark_T5a_mid+0=612021.6875  sbar_dark_T5b_mid+0=659528.8750  sbar_dark_T5c_mid+0=673873.7500  sbar_dark_T5d_mid+0=715063.6250  sbar_dark_T4a_mid+1=31042.9863  sbar_dark_T4b_mid+1=28673.7617  sbar_dark_T4c_mid+1=30904.7617  sbar_dark_T4d_mid+1=34439.1836  sbar_dark_T5a_mid+1=297936.7812  sbar_dark_T5b_mid+1=346502.2812  sbar_dark_T5c_mid+1=287655.2812  sbar_dark_T5d_mid+1=335571.0312  sbar_dark_T4a_mid+2=30804.2031  sbar_dark_T4b_mid+2=30351.6562  sbar_dark_T4c_mid+2=33530.0469  sbar_dark_T4d_mid+2=27296.4043  sbar_dark_T5a_mid+2=418903.9062  sbar_dark_T5b_mid+2=389583.3125  sbar_dark_T5c_mid+2=408191.7188  sbar_dark_T5d_mid+2=411782.2500  sbar_dark_T4a_mid-1=105663.4531  sbar_dark_T4b_mid-1=81029.0312  sbar_dark_T4c_mid-1=86540.3281  sbar_dark_T4d_mid-1=93721.5938  sbar_dark_T5a_mid-1=2274228.7500  sbar_dark_T5b_mid-1=2272523.0000  sbar_dark_T5c_mid-1=2241286.0000  sbar_dark_T5d_mid-1=2322601.2500  sbar_dark_T4a_mid-2=14347.8564  sbar_dark_T4b_mid-2=11649.8721  sbar_dark_T4c_mid-2=22201.3477  sbar_dark_T4d_mid-2=11242.9697  sbar_dark_T5b_mid-2=1224674.3750  sbar_dark_T5c_mid-2=1172553.2500  sbar_dark_T5d_mid-2=1240037.3750  sbar_dark_T5a_mid-2=1190955.8750  sbar_dark_T4a_mid-1.5=8306.5684  sbar_dark_T4b_mid-1.5=7611.9556  sbar_dark_T4c_mid-1.5=11128.6074  sbar_dark_T4d_mid-1.5=6893.2827  sbar_dark_T5a_mid-1.5=373390.7812  sbar_dark_T5b_mid-1.5=389107.5312  sbar_dark_T5c_mid-1.5=363730.8438  sbar_dark_T5d_mid-1.5=346772.9062  sbar_dark_T4a_mid-0.5=18596.6426  sbar_dark_T4b_mid-0.5=22813.7949  sbar_dark_T4c_mid-0.5=22817.5938  sbar_dark_T4d_mid-0.5=24013.5293  sbar_dark_T5a_mid-0.5=911220.1250  sbar_dark_T5b_mid-0.5=947017.0625  sbar_dark_T5c_mid-0.5=867492.2500  sbar_dark_T5d_mid-0.5=927434.4375  sbar_dark_T4a_mid+0.5=10237.3877  sbar_dark_T4b_mid+0.5=9414.8965  sbar_dark_T4c_mid+0.5=7521.6162  sbar_dark_T4d_mid+0.5=10428.9980  sbar_dark_T5a_mid+0.5=199228.8438  sbar_dark_T5b_mid+0.5=207173.7344  sbar_dark_T5c_mid+0.5=200963.7812  sbar_dark_T5d_mid+0.5=206036.3281  sbar_dark_T4b_mid+1.5=14030.4199  sbar_dark_T4c_mid+1.5=15797.4131  sbar_dark_T4d_mid+1.5=13413.1885  sbar_dark_T5a_mid+1.5=60433.9922  sbar_dark_T5b_mid+1.5=61565.3984  sbar_dark_T5c_mid+1.5=61760.2734  sbar_dark_T5d_mid+1.5=53483.4492  sbar_dark_T4a_mid+1.5=13517.0693]:      5%|▌         | 50/1000 [00:32<10:19,  1.53it/s] Cost: 586997.6250  [spread_bright_L5=1892796.3750  spread_bright_Mi1=2793722.2500  spread_bright_Tm3=1451987.3750  spread_bright_Mi4=3760985.5000  spread_dark_L1=1195571.7500  spread_dark_L2=2916167.0000  spread_dark_L3=3913746.7500  spread_dark_L4=4158891.2500  spread_dark_Mi9=3825420.2500  spread_dark_Tm1=1030239.5625  spread_dark_Tm2=1214316.6250  spread_dark_Tm4=1240056.0000  spread_dark_Tm9=4906819.5000  sbar_bright_T4a_mid+0=898759.6250  sbar_bright_T4b_mid+0=922466.8750  sbar_bright_T4c_mid+0=910979.4375  sbar_bright_T4d_mid+0=895510.6875  sbar_bright_T5a_mid+0=65657.4531  sbar_bright_T5b_mid+0=76641.5000  sbar_bright_T5c_mid+0=97527.3516  sbar_bright_T5d_mid+0=86708.9062  sbar_bright_T4a_mid+1=274694.0000  sbar_bright_T4b_mid+1=272873.3125  sbar_bright_T4c_mid+1=218362.1562  sbar_bright_T4d_mid+1=251726.5000  sbar_bright_T5a_mid+1=158514.2188  sbar_bright_T5b_mid+1=178878.9375  sbar_bright_T5c_mid+1=154613.1719  sbar_bright_T5d_mid+1=160684.6094  sbar_bright_T4a_mid+2=109191.1172  sbar_bright_T4b_mid+2=101904.9453  sbar_bright_T4c_mid+2=107176.3203  sbar_bright_T4d_mid+2=106719.5547  sbar_bright_T5a_mid+2=338023.5625  sbar_bright_T5b_mid+2=314899.8125  sbar_bright_T5c_mid+2=326948.0312  sbar_bright_T5d_mid+2=325632.5000  sbar_bright_T4a_mid-1=2520045.0000  sbar_bright_T4b_mid-1=2360591.0000  sbar_bright_T4c_mid-1=2439483.5000  sbar_bright_T4d_mid-1=2541590.5000  sbar_bright_T5a_mid-1=386530.7812  sbar_bright_T5b_mid-1=358153.5312  sbar_bright_T5c_mid-1=373842.7812  sbar_bright_T5d_mid-1=403606.3125  sbar_bright_T4a_mid-2=669213.8125  sbar_bright_T4b_mid-2=672110.1250  sbar_bright_T4c_mid-2=639445.4375  sbar_bright_T4d_mid-2=666724.0625  sbar_bright_T5b_mid-2=146652.7969  sbar_bright_T5c_mid-2=132460.4375  sbar_bright_T5d_mid-2=146673.5938  sbar_bright_T5a_mid-2=141944.9375  sbar_bright_T4a_mid-1.5=285062.8125  sbar_bright_T4b_mid-1.5=289757.3438  sbar_bright_T4c_mid-1.5=277965.5625  sbar_bright_T4d_mid-1.5=294324.0000  sbar_bright_T5a_mid-1.5=134163.7188  sbar_bright_T5b_mid-1.5=139926.3281  sbar_bright_T5c_mid-1.5=132440.4219  sbar_bright_T5d_mid-1.5=124921.0156  sbar_bright_T4a_mid-0.5=1451532.8750  sbar_bright_T4b_mid-0.5=1438178.2500  sbar_bright_T4c_mid-0.5=1521963.3750  sbar_bright_T4d_mid-0.5=1425110.6250  sbar_bright_T5a_mid-0.5=145903.8750  sbar_bright_T5b_mid-0.5=160717.7500  sbar_bright_T5c_mid-0.5=136037.3125  sbar_bright_T5d_mid-0.5=156931.6406  sbar_bright_T4a_mid+0.5=319755.1875  sbar_bright_T4b_mid+0.5=268154.9062  sbar_bright_T4c_mid+0.5=227436.7812  sbar_bright_T4d_mid+0.5=286168.2188  sbar_bright_T5a_mid+0.5=60665.7656  sbar_bright_T5b_mid+0.5=58528.2422  sbar_bright_T5c_mid+0.5=54878.6680  sbar_bright_T5d_mid+0.5=49661.5586  sbar_bright_T4b_mid+1.5=33110.4219  sbar_bright_T4c_mid+1.5=31968.7305  sbar_bright_T4d_mid+1.5=33093.1523  sbar_bright_T5a_mid+1.5=69901.1641  sbar_bright_T5b_mid+1.5=70382.6641  sbar_bright_T5c_mid+1.5=71024.1562  sbar_bright_T5d_mid+1.5=62893.0664  sbar_bright_T4a_mid+1.5=30147.1191  sbar_dark_T4a_mid+0=38403.2930  sbar_dark_T4b_mid+0=41176.9453  sbar_dark_T4c_mid+0=46163.0781  sbar_dark_T4d_mid+0=53173.2188  sbar_dark_T5a_mid+0=641349.1875  sbar_dark_T5b_mid+0=610467.8125  sbar_dark_T5c_mid+0=612432.3125  sbar_dark_T5d_mid+0=608167.2500  sbar_dark_T4a_mid+1=35973.0898  sbar_dark_T4b_mid+1=26679.2559  sbar_dark_T4c_mid+1=33932.9492  sbar_dark_T4d_mid+1=41896.1719  sbar_dark_T5a_mid+1=267614.9375  sbar_dark_T5b_mid+1=319498.1562  sbar_dark_T5c_mid+1=267472.1875  sbar_dark_T5d_mid+1=269898.8750  sbar_dark_T4a_mid+2=30265.7480  sbar_dark_T4b_mid+2=35505.8047  sbar_dark_T4c_mid+2=34416.6250  sbar_dark_T4d_mid+2=27115.7617  sbar_dark_T5a_mid+2=425256.1875  sbar_dark_T5b_mid+2=398215.2188  sbar_dark_T5c_mid+2=407955.5312  sbar_dark_T5d_mid+2=405607.3750  sbar_dark_T4a_mid-1=106586.2031  sbar_dark_T4b_mid-1=86564.5469  sbar_dark_T4c_mid-1=87937.2812  sbar_dark_T4d_mid-1=96400.4844  sbar_dark_T5a_mid-1=2236572.0000  sbar_dark_T5b_mid-1=2189790.7500  sbar_dark_T5c_mid-1=2205993.5000  sbar_dark_T5d_mid-1=2254220.7500  sbar_dark_T4a_mid-2=14701.4951  sbar_dark_T4b_mid-2=13410.8984  sbar_dark_T4c_mid-2=23475.2207  sbar_dark_T4d_mid-2=11766.5254  sbar_dark_T5b_mid-2=1230285.8750  sbar_dark_T5c_mid-2=1173912.2500  sbar_dark_T5d_mid-2=1230474.7500  sbar_dark_T5a_mid-2=1176574.3750  sbar_dark_T4a_mid-1.5=8435.7236  sbar_dark_T4b_mid-1.5=7503.2109  sbar_dark_T4c_mid-1.5=12540.1982  sbar_dark_T4d_mid-1.5=6879.1479  sbar_dark_T5a_mid-1.5=374460.0938  sbar_dark_T5b_mid-1.5=387235.8125  sbar_dark_T5c_mid-1.5=365417.7500  sbar_dark_T5d_mid-1.5=345231.5000  sbar_dark_T4a_mid-0.5=17874.5039  sbar_dark_T4b_mid-0.5=22661.1016  sbar_dark_T4c_mid-0.5=28552.5840  sbar_dark_T4d_mid-0.5=25040.2227  sbar_dark_T5a_mid-0.5=879582.7500  sbar_dark_T5b_mid-0.5=924738.6250  sbar_dark_T5c_mid-0.5=844372.6875  sbar_dark_T5d_mid-0.5=912586.3750  sbar_dark_T4a_mid+0.5=12303.5088  sbar_dark_T4b_mid+0.5=20586.8672  sbar_dark_T4c_mid+0.5=7175.7949  sbar_dark_T4d_mid+0.5=18938.2734  sbar_dark_T5a_mid+0.5=186909.9531  sbar_dark_T5b_mid+0.5=185923.2656  sbar_dark_T5c_mid+0.5=187350.0469  sbar_dark_T5d_mid+0.5=166564.2500  sbar_dark_T4b_mid+1.5=13932.6543  sbar_dark_T4c_mid+1.5=14861.1475  sbar_dark_T4d_mid+1.5=13362.4043  sbar_dark_T5a_mid+1.5=61661.1328  sbar_dark_T5b_mid+1.5=61007.0312  sbar_dark_T5c_mid+1.5=62553.2969  sbar_dark_T5d_mid+1.5=54078.0078  sbar_dark_T4a_mid+1.5=13412.7217]:         6%|▌         | 60/1000 [00:39<10:11,  1.54it/s] Cost: 564759.3125  [spread_bright_L5=1626956.5000  spread_bright_Mi1=2521617.2500  spread_bright_Tm3=1315707.6250  spread_bright_Mi4=3508631.5000  spread_dark_L1=1002010.1875  spread_dark_L2=2736694.5000  spread_dark_L3=3753039.5000  spread_dark_L4=3482322.2500  spread_dark_Mi9=3477603.0000  spread_dark_Tm1=1218649.8750  spread_dark_Tm2=1230622.7500  spread_dark_Tm4=1409484.1250  spread_dark_Tm9=4457610.5000  sbar_bright_T4a_mid+0=869794.0625  sbar_bright_T4b_mid+0=903379.6875  sbar_bright_T4c_mid+0=879194.7500  sbar_bright_T4d_mid+0=873448.1875  sbar_bright_T5a_mid+0=77525.8203  sbar_bright_T5b_mid+0=88504.3203  sbar_bright_T5c_mid+0=100027.8984  sbar_bright_T5d_mid+0=86641.7969  sbar_bright_T4a_mid+1=252367.0312  sbar_bright_T4b_mid+1=231528.5938  sbar_bright_T4c_mid+1=197948.5781  sbar_bright_T4d_mid+1=237222.6562  sbar_bright_T5a_mid+1=163517.6406  sbar_bright_T5b_mid+1=182540.4375  sbar_bright_T5c_mid+1=157792.7812  sbar_bright_T5d_mid+1=154509.9219  sbar_bright_T4a_mid+2=95536.3359  sbar_bright_T4b_mid+2=88515.2422  sbar_bright_T4c_mid+2=88128.0781  sbar_bright_T4d_mid+2=92094.7344  sbar_bright_T5a_mid+2=355889.5625  sbar_bright_T5b_mid+2=311455.1250  sbar_bright_T5c_mid+2=331943.1250  sbar_bright_T5d_mid+2=325344.3438  sbar_bright_T4a_mid-1=2430436.2500  sbar_bright_T4b_mid-1=2279183.2500  sbar_bright_T4c_mid-1=2375765.2500  sbar_bright_T4d_mid-1=2467330.2500  sbar_bright_T5a_mid-1=372004.5625  sbar_bright_T5b_mid-1=331643.9375  sbar_bright_T5c_mid-1=348869.9688  sbar_bright_T5d_mid-1=385625.9688  sbar_bright_T4a_mid-2=658200.7500  sbar_bright_T4b_mid-2=654253.9375  sbar_bright_T4c_mid-2=623342.0000  sbar_bright_T4d_mid-2=649170.1875  sbar_bright_T5b_mid-2=145346.4531  sbar_bright_T5c_mid-2=127367.8594  sbar_bright_T5d_mid-2=143980.5625  sbar_bright_T5a_mid-2=136496.8281  sbar_bright_T4a_mid-1.5=284391.2500  sbar_bright_T4b_mid-1.5=286704.3125  sbar_bright_T4c_mid-1.5=281074.9375  sbar_bright_T4d_mid-1.5=296144.7188  sbar_bright_T5a_mid-1.5=132247.9688  sbar_bright_T5b_mid-1.5=143336.0156  sbar_bright_T5c_mid-1.5=128597.9531  sbar_bright_T5d_mid-1.5=124142.6797  sbar_bright_T4a_mid-0.5=1390532.0000  sbar_bright_T4b_mid-0.5=1402062.0000  sbar_bright_T4c_mid-0.5=1478579.6250  sbar_bright_T4d_mid-0.5=1392063.6250  sbar_bright_T5a_mid-0.5=132515.3125  sbar_bright_T5b_mid-0.5=158973.7656  sbar_bright_T5c_mid-0.5=119783.3516  sbar_bright_T5d_mid-0.5=154588.4531  sbar_bright_T4a_mid+0.5=297884.9375  sbar_bright_T4b_mid+0.5=240922.1719  sbar_bright_T4c_mid+0.5=212909.7812  sbar_bright_T4d_mid+0.5=254359.3750  sbar_bright_T5a_mid+0.5=56290.3438  sbar_bright_T5b_mid+0.5=51659.5430  sbar_bright_T5c_mid+0.5=55396.9492  sbar_bright_T5d_mid+0.5=45978.1602  sbar_bright_T4b_mid+1.5=31438.4531  sbar_bright_T4c_mid+1.5=31470.5957  sbar_bright_T4d_mid+1.5=31816.0312  sbar_bright_T5a_mid+1.5=72781.3828  sbar_bright_T5b_mid+1.5=74028.2812  sbar_bright_T5c_mid+1.5=74419.3750  sbar_bright_T5d_mid+1.5=63013.1602  sbar_bright_T4a_mid+1.5=28224.8789  sbar_dark_T4a_mid+0=100757.0625  sbar_dark_T4b_mid+0=115784.7734  sbar_dark_T4c_mid+0=126428.1250  sbar_dark_T4d_mid+0=146586.6250  sbar_dark_T5a_mid+0=666227.6875  sbar_dark_T5b_mid+0=599477.5625  sbar_dark_T5c_mid+0=592402.3125  sbar_dark_T5d_mid+0=597141.0625  sbar_dark_T4a_mid+1=44457.3516  sbar_dark_T4b_mid+1=25074.4434  sbar_dark_T4c_mid+1=44896.3828  sbar_dark_T4d_mid+1=67027.3984  sbar_dark_T5a_mid+1=258239.6094  sbar_dark_T5b_mid+1=326961.5938  sbar_dark_T5c_mid+1=275231.7188  sbar_dark_T5d_mid+1=245252.9375  sbar_dark_T4a_mid+2=29266.4629  sbar_dark_T4b_mid+2=42517.0430  sbar_dark_T4c_mid+2=32609.1836  sbar_dark_T4d_mid+2=25478.8691  sbar_dark_T5a_mid+2=448315.6250  sbar_dark_T5b_mid+2=400177.1562  sbar_dark_T5c_mid+2=421049.5312  sbar_dark_T5d_mid+2=406824.0312  sbar_dark_T4a_mid-1=108758.8516  sbar_dark_T4b_mid-1=115081.3984  sbar_dark_T4c_mid-1=100377.4766  sbar_dark_T4d_mid-1=109375.5391  sbar_dark_T5a_mid-1=2201949.2500  sbar_dark_T5b_mid-1=2119825.0000  sbar_dark_T5c_mid-1=2163041.0000  sbar_dark_T5d_mid-1=2223668.7500  sbar_dark_T4a_mid-2=17494.8887  sbar_dark_T4b_mid-2=17755.1973  sbar_dark_T4c_mid-2=24827.4062  sbar_dark_T4d_mid-2=14180.3164  sbar_dark_T5b_mid-2=1206819.8750  sbar_dark_T5c_mid-2=1160662.3750  sbar_dark_T5d_mid-2=1220647.7500  sbar_dark_T5a_mid-2=1133043.8750  sbar_dark_T4a_mid-1.5=9708.2227  sbar_dark_T4b_mid-1.5=8547.9482  sbar_dark_T4c_mid-1.5=15466.0430  sbar_dark_T4d_mid-1.5=6735.8789  sbar_dark_T5a_mid-1.5=371651.0312  sbar_dark_T5b_mid-1.5=397561.8125  sbar_dark_T5c_mid-1.5=359900.6875  sbar_dark_T5d_mid-1.5=345335.0000  sbar_dark_T4a_mid-0.5=20153.7852  sbar_dark_T4b_mid-0.5=26675.8730  sbar_dark_T4c_mid-0.5=37705.8047  sbar_dark_T4d_mid-0.5=24484.4062  sbar_dark_T5a_mid-0.5=824033.8125  sbar_dark_T5b_mid-0.5=919735.9375  sbar_dark_T5c_mid-0.5=796969.5000  sbar_dark_T5d_mid-0.5=912750.5000  sbar_dark_T4a_mid+0.5=14387.0928  sbar_dark_T4b_mid+0.5=36953.2344  sbar_dark_T4c_mid+0.5=15875.7236  sbar_dark_T4d_mid+0.5=26982.2695  sbar_dark_T5a_mid+0.5=169567.7188  sbar_dark_T5b_mid+0.5=160228.7812  sbar_dark_T5c_mid+0.5=189430.9688  sbar_dark_T5d_mid+0.5=150645.7500  sbar_dark_T4b_mid+1.5=12941.7236  sbar_dark_T4c_mid+1.5=11939.2305  sbar_dark_T4d_mid+1.5=12194.3320  sbar_dark_T5a_mid+1.5=67274.6562  sbar_dark_T5b_mid+1.5=66948.4531  sbar_dark_T5c_mid+1.5=68662.4297  sbar_dark_T5d_mid+1.5=55833.8867  sbar_dark_T4a_mid+1.5=11105.1973]:   7%|▋         | 70/1000 [00:45<10:04,  1.54it/s] Cost: 546638.7500  [spread_bright_L5=1589057.5000  spread_bright_Mi1=2299709.0000  spread_bright_Tm3=1316297.0000  spread_bright_Mi4=3088202.0000  spread_dark_L1=1017447.1250  spread_dark_L2=2400054.2500  spread_dark_L3=3595277.0000  spread_dark_L4=3261737.7500  spread_dark_Mi9=3209073.0000  spread_dark_Tm1=1248610.3750  spread_dark_Tm2=1201400.8750  spread_dark_Tm4=1396033.1250  spread_dark_Tm9=4158652.7500  sbar_bright_T4a_mid+0=808997.1875  sbar_bright_T4b_mid+0=815481.6875  sbar_bright_T4c_mid+0=799958.1250  sbar_bright_T4d_mid+0=796760.8750  sbar_bright_T5a_mid+0=83437.5703  sbar_bright_T5b_mid+0=98011.3203  sbar_bright_T5c_mid+0=109120.8828  sbar_bright_T5d_mid+0=97187.0391  sbar_bright_T4a_mid+1=254241.6562  sbar_bright_T4b_mid+1=236698.0625  sbar_bright_T4c_mid+1=210214.9375  sbar_bright_T4d_mid+1=245364.5781  sbar_bright_T5a_mid+1=158976.9062  sbar_bright_T5b_mid+1=180208.4219  sbar_bright_T5c_mid+1=159295.2656  sbar_bright_T5d_mid+1=158393.6406  sbar_bright_T4a_mid+2=98526.7266  sbar_bright_T4b_mid+2=96648.0547  sbar_bright_T4c_mid+2=96881.5469  sbar_bright_T4d_mid+2=98907.2734  sbar_bright_T5a_mid+2=347282.1250  sbar_bright_T5b_mid+2=318639.1562  sbar_bright_T5c_mid+2=332303.6875  sbar_bright_T5d_mid+2=326948.6250  sbar_bright_T4a_mid-1=2376876.0000  sbar_bright_T4b_mid-1=2235431.7500  sbar_bright_T4c_mid-1=2362880.5000  sbar_bright_T4d_mid-1=2445662.2500  sbar_bright_T5a_mid-1=368767.3125  sbar_bright_T5b_mid-1=320496.8750  sbar_bright_T5c_mid-1=341943.0000  sbar_bright_T5d_mid-1=384526.5000  sbar_bright_T4a_mid-2=657845.4375  sbar_bright_T4b_mid-2=653163.6875  sbar_bright_T4c_mid-2=616879.0625  sbar_bright_T4d_mid-2=652706.5000  sbar_bright_T5b_mid-2=147063.4531  sbar_bright_T5c_mid-2=130220.2031  sbar_bright_T5d_mid-2=145497.7500  sbar_bright_T5a_mid-2=138646.6406  sbar_bright_T4a_mid-1.5=279824.9062  sbar_bright_T4b_mid-1.5=281400.5938  sbar_bright_T4c_mid-1.5=272411.5938  sbar_bright_T4d_mid-1.5=294305.4062  sbar_bright_T5a_mid-1.5=132847.4219  sbar_bright_T5b_mid-1.5=140092.0781  sbar_bright_T5c_mid-1.5=128421.3594  sbar_bright_T5d_mid-1.5=124380.6094  sbar_bright_T4a_mid-0.5=1363724.1250  sbar_bright_T4b_mid-0.5=1386786.7500  sbar_bright_T4c_mid-0.5=1480958.2500  sbar_bright_T4d_mid-0.5=1372908.6250  sbar_bright_T5a_mid-0.5=128274.3359  sbar_bright_T5b_mid-0.5=152843.4844  sbar_bright_T5c_mid-0.5=118902.9609  sbar_bright_T5d_mid-0.5=157269.4219  sbar_bright_T4a_mid+0.5=298052.0625  sbar_bright_T4b_mid+0.5=243336.5938  sbar_bright_T4c_mid+0.5=211848.9219  sbar_bright_T4d_mid+0.5=258478.5469  sbar_bright_T5a_mid+0.5=55098.1172  sbar_bright_T5b_mid+0.5=52640.3984  sbar_bright_T5c_mid+0.5=56943.8633  sbar_bright_T5d_mid+0.5=50369.7031  sbar_bright_T4b_mid+1.5=32814.8555  sbar_bright_T4c_mid+1.5=33327.3594  sbar_bright_T4d_mid+1.5=32966.0430  sbar_bright_T5a_mid+1.5=71747.8516  sbar_bright_T5b_mid+1.5=72476.7734  sbar_bright_T5c_mid+1.5=74771.0859  sbar_bright_T5d_mid+1.5=62877.3633  sbar_bright_T4a_mid+1.5=29343.3066  sbar_dark_T4a_mid+0=86435.1953  sbar_dark_T4b_mid+0=83410.8203  sbar_dark_T4c_mid+0=81210.5000  sbar_dark_T4d_mid+0=109467.8594  sbar_dark_T5a_mid+0=663553.3125  sbar_dark_T5b_mid+0=592940.5625  sbar_dark_T5c_mid+0=584548.5625  sbar_dark_T5d_mid+0=584911.5625  sbar_dark_T4a_mid+1=50710.7500  sbar_dark_T4b_mid+1=24247.3242  sbar_dark_T4c_mid+1=41755.6992  sbar_dark_T4d_mid+1=59796.4727  sbar_dark_T5a_mid+1=239052.2656  sbar_dark_T5b_mid+1=318935.8750  sbar_dark_T5c_mid+1=267841.1562  sbar_dark_T5d_mid+1=238438.0781  sbar_dark_T4a_mid+2=30023.2598  sbar_dark_T4b_mid+2=45930.2266  sbar_dark_T4c_mid+2=33426.0352  sbar_dark_T4d_mid+2=25371.9043  sbar_dark_T5a_mid+2=433329.2812  sbar_dark_T5b_mid+2=408119.0625  sbar_dark_T5c_mid+2=415668.8750  sbar_dark_T5d_mid+2=402394.5938  sbar_dark_T4a_mid-1=108778.7266  sbar_dark_T4b_mid-1=112463.7109  sbar_dark_T4c_mid-1=89338.7656  sbar_dark_T4d_mid-1=104211.7188  sbar_dark_T5a_mid-1=2180599.2500  sbar_dark_T5b_mid-1=2081544.6250  sbar_dark_T5c_mid-1=2116048.2500  sbar_dark_T5d_mid-1=2202158.5000  sbar_dark_T4a_mid-2=18309.3789  sbar_dark_T4b_mid-2=19606.8848  sbar_dark_T4c_mid-2=28261.3496  sbar_dark_T4d_mid-2=12752.7920  sbar_dark_T5b_mid-2=1219074.3750  sbar_dark_T5c_mid-2=1161609.6250  sbar_dark_T5d_mid-2=1215649.5000  sbar_dark_T5a_mid-2=1137018.1250  sbar_dark_T4a_mid-1.5=9992.3369  sbar_dark_T4b_mid-1.5=9545.5674  sbar_dark_T4c_mid-1.5=15078.3037  sbar_dark_T4d_mid-1.5=6848.0850  sbar_dark_T5a_mid-1.5=376273.5938  sbar_dark_T5b_mid-1.5=392538.4375  sbar_dark_T5c_mid-1.5=361706.8438  sbar_dark_T5d_mid-1.5=346375.8750  sbar_dark_T4a_mid-0.5=19782.1230  sbar_dark_T4b_mid-0.5=26372.3555  sbar_dark_T4c_mid-0.5=33336.1562  sbar_dark_T4d_mid-0.5=25561.0332  sbar_dark_T5a_mid-0.5=792934.3125  sbar_dark_T5b_mid-0.5=894555.2500  sbar_dark_T5c_mid-0.5=774632.6250  sbar_dark_T5d_mid-0.5=923020.3750  sbar_dark_T4a_mid+0.5=16638.7246  sbar_dark_T4b_mid+0.5=34967.5703  sbar_dark_T4c_mid+0.5=11777.0566  sbar_dark_T4d_mid+0.5=26397.5156  sbar_dark_T5a_mid+0.5=159917.5938  sbar_dark_T5b_mid+0.5=153009.9531  sbar_dark_T5c_mid+0.5=189486.8594  sbar_dark_T5d_mid+0.5=144415.1719  sbar_dark_T4b_mid+1.5=14359.6943  sbar_dark_T4c_mid+1.5=13692.7070  sbar_dark_T4d_mid+1.5=13119.1318  sbar_dark_T5a_mid+1.5=65726.2109  sbar_dark_T5b_mid+1.5=64396.8047  sbar_dark_T5c_mid+1.5=68385.8047  sbar_dark_T5d_mid+1.5=54506.9766  sbar_dark_T4a_mid+1.5=12863.4785]:       8%|▊         | 80/1000 [00:52<10:00,  1.53it/s] Cost: 533820.4375  [spread_bright_L5=1525578.6250  spread_bright_Mi1=2196054.0000  spread_bright_Tm3=1323697.7500  spread_bright_Mi4=2945760.7500  spread_dark_L1=957825.7500  spread_dark_L2=2284084.7500  spread_dark_L3=3325464.7500  spread_dark_L4=3121074.2500  spread_dark_Mi9=2941596.5000  spread_dark_Tm1=1230637.8750  spread_dark_Tm2=1221223.7500  spread_dark_Tm4=1408368.6250  spread_dark_Tm9=3818893.7500  sbar_bright_T4a_mid+0=759558.6250  sbar_bright_T4b_mid+0=775443.9375  sbar_bright_T4c_mid+0=759554.6875  sbar_bright_T4d_mid+0=757646.0000  sbar_bright_T5a_mid+0=93978.1562  sbar_bright_T5b_mid+0=110204.8672  sbar_bright_T5c_mid+0=118949.6562  sbar_bright_T5d_mid+0=108426.9297  sbar_bright_T4a_mid+1=252807.5312  sbar_bright_T4b_mid+1=234771.4219  sbar_bright_T4c_mid+1=210942.1406  sbar_bright_T4d_mid+1=244304.0781  sbar_bright_T5a_mid+1=167466.9688  sbar_bright_T5b_mid+1=181310.1875  sbar_bright_T5c_mid+1=163271.6094  sbar_bright_T5d_mid+1=162151.4219  sbar_bright_T4a_mid+2=98843.2500  sbar_bright_T4b_mid+2=94304.9766  sbar_bright_T4c_mid+2=94604.7812  sbar_bright_T4d_mid+2=96473.8984  sbar_bright_T5a_mid+2=353179.9375  sbar_bright_T5b_mid+2=318607.4375  sbar_bright_T5c_mid+2=336679.8125  sbar_bright_T5d_mid+2=331021.2188  sbar_bright_T4a_mid-1=2337907.2500  sbar_bright_T4b_mid-1=2174612.0000  sbar_bright_T4c_mid-1=2323900.0000  sbar_bright_T4d_mid-1=2423141.2500  sbar_bright_T5a_mid-1=367665.7812  sbar_bright_T5b_mid-1=311222.6875  sbar_bright_T5c_mid-1=333104.1250  sbar_bright_T5d_mid-1=381711.6250  sbar_bright_T4a_mid-2=652048.5000  sbar_bright_T4b_mid-2=645162.6875  sbar_bright_T4c_mid-2=608805.4375  sbar_bright_T4d_mid-2=648249.5625  sbar_bright_T5b_mid-2=146241.5469  sbar_bright_T5c_mid-2=131718.9219  sbar_bright_T5d_mid-2=145868.3125  sbar_bright_T5a_mid-2=138392.4062  sbar_bright_T4a_mid-1.5=274928.6875  sbar_bright_T4b_mid-1.5=277914.6250  sbar_bright_T4c_mid-1.5=269977.0938  sbar_bright_T4d_mid-1.5=293951.3750  sbar_bright_T5a_mid-1.5=132802.5000  sbar_bright_T5b_mid-1.5=140298.2812  sbar_bright_T5c_mid-1.5=127845.8281  sbar_bright_T5d_mid-1.5=124279.9609  sbar_bright_T4a_mid-0.5=1332071.2500  sbar_bright_T4b_mid-0.5=1367606.2500  sbar_bright_T4c_mid-0.5=1462854.6250  sbar_bright_T4d_mid-0.5=1363912.0000  sbar_bright_T5a_mid-0.5=123002.2969  sbar_bright_T5b_mid-0.5=149577.7344  sbar_bright_T5c_mid-0.5=115014.3281  sbar_bright_T5d_mid-0.5=158620.3438  sbar_bright_T4a_mid+0.5=295681.9062  sbar_bright_T4b_mid+0.5=233940.5625  sbar_bright_T4c_mid+0.5=206612.4062  sbar_bright_T4d_mid+0.5=251030.5938  sbar_bright_T5a_mid+0.5=54111.9648  sbar_bright_T5b_mid+0.5=51905.9727  sbar_bright_T5c_mid+0.5=59127.8945  sbar_bright_T5d_mid+0.5=53220.2812  sbar_bright_T4b_mid+1.5=32867.7852  sbar_bright_T4c_mid+1.5=34018.8516  sbar_bright_T4d_mid+1.5=33015.2500  sbar_bright_T5a_mid+1.5=72933.2109  sbar_bright_T5b_mid+1.5=73666.5391  sbar_bright_T5c_mid+1.5=76254.7344  sbar_bright_T5d_mid+1.5=63538.6719  sbar_bright_T4a_mid+1.5=29454.2402  sbar_dark_T4a_mid+0=98693.2578  sbar_dark_T4b_mid+0=89051.7656  sbar_dark_T4c_mid+0=91240.5781  sbar_dark_T4d_mid+0=110219.8203  sbar_dark_T5a_mid+0=645393.6875  sbar_dark_T5b_mid+0=601157.3750  sbar_dark_T5c_mid+0=586020.0625  sbar_dark_T5d_mid+0=575891.2500  sbar_dark_T4a_mid+1=63259.6641  sbar_dark_T4b_mid+1=25043.1855  sbar_dark_T4c_mid+1=46721.9922  sbar_dark_T4d_mid+1=63605.9883  sbar_dark_T5a_mid+1=248275.1406  sbar_dark_T5b_mid+1=320015.0312  sbar_dark_T5c_mid+1=265950.5312  sbar_dark_T5d_mid+1=246620.2812  sbar_dark_T4a_mid+2=34372.1836  sbar_dark_T4b_mid+2=50241.9453  sbar_dark_T4c_mid+2=34660.6953  sbar_dark_T4d_mid+2=25013.5371  sbar_dark_T5a_mid+2=435605.3750  sbar_dark_T5b_mid+2=408426.6562  sbar_dark_T5c_mid+2=416890.3438  sbar_dark_T5d_mid+2=403496.6875  sbar_dark_T4a_mid-1=113082.3750  sbar_dark_T4b_mid-1=123529.3984  sbar_dark_T4c_mid-1=90195.5391  sbar_dark_T4d_mid-1=105268.4844  sbar_dark_T5a_mid-1=2155326.2500  sbar_dark_T5b_mid-1=2051495.1250  sbar_dark_T5c_mid-1=2075541.5000  sbar_dark_T5d_mid-1=2182992.7500  sbar_dark_T4a_mid-2=27890.2148  sbar_dark_T4b_mid-2=22815.5352  sbar_dark_T4c_mid-2=33152.0117  sbar_dark_T4d_mid-2=12837.3037  sbar_dark_T5b_mid-2=1205004.0000  sbar_dark_T5c_mid-2=1157354.6250  sbar_dark_T5d_mid-2=1208163.0000  sbar_dark_T5a_mid-2=1117348.0000  sbar_dark_T4a_mid-1.5=13160.0391  sbar_dark_T4b_mid-1.5=10704.1777  sbar_dark_T4c_mid-1.5=16020.7949  sbar_dark_T4d_mid-1.5=6907.6680  sbar_dark_T5a_mid-1.5=374845.8125  sbar_dark_T5b_mid-1.5=393548.4688  sbar_dark_T5c_mid-1.5=360534.0000  sbar_dark_T5d_mid-1.5=346009.7500  sbar_dark_T4a_mid-0.5=23362.1797  sbar_dark_T4b_mid-0.5=29283.3555  sbar_dark_T4c_mid-0.5=38584.7617  sbar_dark_T4d_mid-0.5=25345.2930  sbar_dark_T5a_mid-0.5=759027.9375  sbar_dark_T5b_mid-0.5=883134.5000  sbar_dark_T5c_mid-0.5=751577.0000  sbar_dark_T5d_mid-0.5=931252.8750  sbar_dark_T4a_mid+0.5=22262.9258  sbar_dark_T4b_mid+0.5=42018.5859  sbar_dark_T4c_mid+0.5=13454.4707  sbar_dark_T4d_mid+0.5=29709.0352  sbar_dark_T5a_mid+0.5=151785.8750  sbar_dark_T5b_mid+0.5=142556.3750  sbar_dark_T5c_mid+0.5=194190.1875  sbar_dark_T5d_mid+0.5=142006.3906  sbar_dark_T4b_mid+1.5=14109.0918  sbar_dark_T4c_mid+1.5=12957.6934  sbar_dark_T4d_mid+1.5=12625.4814  sbar_dark_T5a_mid+1.5=66993.2578  sbar_dark_T5b_mid+1.5=65452.0703  sbar_dark_T5c_mid+1.5=69979.8438  sbar_dark_T5d_mid+1.5=54710.8086  sbar_dark_T4a_mid+1.5=13273.8594]:   9%|▉         | 90/1000 [00:58<09:52,  1.54it/s] Cost: 522110.1875  [spread_bright_L5=1512195.5000  spread_bright_Mi1=2109982.2500  spread_bright_Tm3=1343757.6250  spread_bright_Mi4=2769315.2500  spread_dark_L1=897639.5000  spread_dark_L2=2047729.5000  spread_dark_L3=3199959.2500  spread_dark_L4=3134589.7500  spread_dark_Mi9=2564297.2500  spread_dark_Tm1=1194306.0000  spread_dark_Tm2=1259852.7500  spread_dark_Tm4=1455533.3750  spread_dark_Tm9=3340300.7500  sbar_bright_T4a_mid+0=743489.0625  sbar_bright_T4b_mid+0=740928.0000  sbar_bright_T4c_mid+0=722395.6250  sbar_bright_T4d_mid+0=729089.1250  sbar_bright_T5a_mid+0=99838.7188  sbar_bright_T5b_mid+0=119539.4219  sbar_bright_T5c_mid+0=130962.8984  sbar_bright_T5d_mid+0=119905.5625  sbar_bright_T4a_mid+1=249708.0469  sbar_bright_T4b_mid+1=239667.2031  sbar_bright_T4c_mid+1=212701.0625  sbar_bright_T4d_mid+1=242380.2500  sbar_bright_T5a_mid+1=186388.2500  sbar_bright_T5b_mid+1=186345.7031  sbar_bright_T5c_mid+1=171872.4688  sbar_bright_T5d_mid+1=172051.3594  sbar_bright_T4a_mid+2=90180.0234  sbar_bright_T4b_mid+2=88120.3516  sbar_bright_T4c_mid+2=87186.4609  sbar_bright_T4d_mid+2=91585.1562  sbar_bright_T5a_mid+2=361546.7812  sbar_bright_T5b_mid+2=326098.4375  sbar_bright_T5c_mid+2=348237.4062  sbar_bright_T5d_mid+2=341309.4688  sbar_bright_T4a_mid-1=2321327.0000  sbar_bright_T4b_mid-1=2069881.6250  sbar_bright_T4c_mid-1=2270707.2500  sbar_bright_T4d_mid-1=2381328.0000  sbar_bright_T5a_mid-1=366167.2188  sbar_bright_T5b_mid-1=314125.2188  sbar_bright_T5c_mid-1=331639.6250  sbar_bright_T5d_mid-1=381348.3750  sbar_bright_T4a_mid-2=645528.5000  sbar_bright_T4b_mid-2=622766.2500  sbar_bright_T4c_mid-2=596798.3125  sbar_bright_T4d_mid-2=635210.6250  sbar_bright_T5b_mid-2=148893.9688  sbar_bright_T5c_mid-2=134302.8750  sbar_bright_T5d_mid-2=148309.2188  sbar_bright_T5a_mid-2=142697.6406  sbar_bright_T4a_mid-1.5=278537.1250  sbar_bright_T4b_mid-1.5=274615.1250  sbar_bright_T4c_mid-1.5=267411.6250  sbar_bright_T4d_mid-1.5=294920.7812  sbar_bright_T5a_mid-1.5=133739.4531  sbar_bright_T5b_mid-1.5=141013.0156  sbar_bright_T5c_mid-1.5=127944.4062  sbar_bright_T5d_mid-1.5=124746.8594  sbar_bright_T4a_mid-0.5=1302935.1250  sbar_bright_T4b_mid-0.5=1352741.7500  sbar_bright_T4c_mid-0.5=1411599.0000  sbar_bright_T4d_mid-0.5=1354125.5000  sbar_bright_T5a_mid-0.5=123853.0703  sbar_bright_T5b_mid-0.5=148540.7656  sbar_bright_T5c_mid-0.5=114764.7578  sbar_bright_T5d_mid-0.5=157761.1875  sbar_bright_T4a_mid+0.5=289662.8125  sbar_bright_T4b_mid+0.5=222852.5000  sbar_bright_T4c_mid+0.5=199110.3906  sbar_bright_T4d_mid+0.5=238295.4375  sbar_bright_T5a_mid+0.5=55476.9062  sbar_bright_T5b_mid+0.5=55346.1992  sbar_bright_T5c_mid+0.5=61361.5039  sbar_bright_T5d_mid+0.5=57257.5117  sbar_bright_T4b_mid+1.5=34058.4414  sbar_bright_T4c_mid+1.5=35274.3945  sbar_bright_T4d_mid+1.5=33553.9961  sbar_bright_T5a_mid+1.5=77287.5781  sbar_bright_T5b_mid+1.5=77097.8672  sbar_bright_T5c_mid+1.5=81276.9922  sbar_bright_T5d_mid+1.5=65063.2812  sbar_bright_T4a_mid+1.5=29619.7539  sbar_dark_T4a_mid+0=92310.2266  sbar_dark_T4b_mid+0=85968.6484  sbar_dark_T4c_mid+0=108193.1797  sbar_dark_T4d_mid+0=114879.6250  sbar_dark_T5a_mid+0=636796.7500  sbar_dark_T5b_mid+0=592710.1250  sbar_dark_T5c_mid+0=571375.9375  sbar_dark_T5d_mid+0=563668.6875  sbar_dark_T4a_mid+1=70840.1328  sbar_dark_T4b_mid+1=27783.5312  sbar_dark_T4c_mid+1=56341.5586  sbar_dark_T4d_mid+1=77479.0312  sbar_dark_T5a_mid+1=255942.8281  sbar_dark_T5b_mid+1=323186.7812  sbar_dark_T5c_mid+1=270524.6875  sbar_dark_T5d_mid+1=251622.9062  sbar_dark_T4a_mid+2=32732.4590  sbar_dark_T4b_mid+2=60759.0195  sbar_dark_T4c_mid+2=38014.7578  sbar_dark_T4d_mid+2=24733.0000  sbar_dark_T5a_mid+2=439862.7812  sbar_dark_T5b_mid+2=414031.1250  sbar_dark_T5c_mid+2=423300.0625  sbar_dark_T5d_mid+2=408550.2812  sbar_dark_T4a_mid-1=123651.0547  sbar_dark_T4b_mid-1=146667.4062  sbar_dark_T4c_mid-1=91934.2422  sbar_dark_T4d_mid-1=115561.8516  sbar_dark_T5a_mid-1=2145575.7500  sbar_dark_T5b_mid-1=2017875.5000  sbar_dark_T5c_mid-1=2044648.2500  sbar_dark_T5d_mid-1=2168924.7500  sbar_dark_T4a_mid-2=20891.7773  sbar_dark_T4b_mid-2=29280.3262  sbar_dark_T4c_mid-2=37534.7422  sbar_dark_T4d_mid-2=13897.0664  sbar_dark_T5b_mid-2=1194785.0000  sbar_dark_T5c_mid-2=1155879.2500  sbar_dark_T5d_mid-2=1204961.8750  sbar_dark_T5a_mid-2=1111370.6250  sbar_dark_T4a_mid-1.5=10125.4238  sbar_dark_T4b_mid-1.5=11958.9609  sbar_dark_T4c_mid-1.5=16796.7871  sbar_dark_T4d_mid-1.5=6820.7900  sbar_dark_T5a_mid-1.5=377758.1875  sbar_dark_T5b_mid-1.5=395986.5938  sbar_dark_T5c_mid-1.5=364108.4688  sbar_dark_T5d_mid-1.5=347951.9062  sbar_dark_T4a_mid-0.5=30231.3789  sbar_dark_T4b_mid-0.5=38280.5703  sbar_dark_T4c_mid-0.5=53052.7383  sbar_dark_T4d_mid-0.5=26249.2930  sbar_dark_T5a_mid-0.5=738220.6250  sbar_dark_T5b_mid-0.5=876967.6250  sbar_dark_T5c_mid-0.5=731223.8125  sbar_dark_T5d_mid-0.5=937565.3750  sbar_dark_T4a_mid+0.5=25067.8594  sbar_dark_T4b_mid+0.5=56972.7891  sbar_dark_T4c_mid+0.5=17667.7461  sbar_dark_T4d_mid+0.5=40875.0781  sbar_dark_T5a_mid+0.5=149162.0469  sbar_dark_T5b_mid+0.5=136558.2031  sbar_dark_T5c_mid+0.5=198004.3438  sbar_dark_T5d_mid+0.5=137913.0156  sbar_dark_T4b_mid+1.5=13683.5537  sbar_dark_T4c_mid+1.5=11577.5078  sbar_dark_T4d_mid+1.5=12635.1465  sbar_dark_T5a_mid+1.5=70474.2109  sbar_dark_T5b_mid+1.5=68127.9297  sbar_dark_T5c_mid+1.5=73851.7344  sbar_dark_T5d_mid+1.5=55590.9023  sbar_dark_T4a_mid+1.5=10918.5859]:  10%|█         | 100/1000 [01:05<09:45,  1.54it/s] Cost: 511096.5625  [spread_bright_L5=1541984.6250  spread_bright_Mi1=2014974.2500  spread_bright_Tm3=1421031.2500  spread_bright_Mi4=2610404.7500  spread_dark_L1=884399.6875  spread_dark_L2=1873690.1250  spread_dark_L3=3024061.5000  spread_dark_L4=3113973.2500  spread_dark_Mi9=2178869.2500  spread_dark_Tm1=1209572.6250  spread_dark_Tm2=1268623.0000  spread_dark_Tm4=1510306.5000  spread_dark_Tm9=2825309.7500  sbar_bright_T4a_mid+0=690148.9375  sbar_bright_T4b_mid+0=697493.4375  sbar_bright_T4c_mid+0=688109.5000  sbar_bright_T4d_mid+0=690936.0000  sbar_bright_T5a_mid+0=103597.2734  sbar_bright_T5b_mid+0=121772.7812  sbar_bright_T5c_mid+0=133722.0625  sbar_bright_T5d_mid+0=124048.9062  sbar_bright_T4a_mid+1=257153.9688  sbar_bright_T4b_mid+1=245289.1875  sbar_bright_T4c_mid+1=218260.4688  sbar_bright_T4d_mid+1=244251.6094  sbar_bright_T5a_mid+1=193457.5312  sbar_bright_T5b_mid+1=192014.5938  sbar_bright_T5c_mid+1=176218.0781  sbar_bright_T5d_mid+1=179204.0312  sbar_bright_T4a_mid+2=89176.0000  sbar_bright_T4b_mid+2=86404.4141  sbar_bright_T4c_mid+2=81945.3281  sbar_bright_T4d_mid+2=89919.3438  sbar_bright_T5a_mid+2=366055.2188  sbar_bright_T5b_mid+2=331287.4375  sbar_bright_T5c_mid+2=354416.5625  sbar_bright_T5d_mid+2=347219.6250  sbar_bright_T4a_mid-1=2309719.5000  sbar_bright_T4b_mid-1=1979348.0000  sbar_bright_T4c_mid-1=2231229.5000  sbar_bright_T4d_mid-1=2350962.0000  sbar_bright_T5a_mid-1=371771.2188  sbar_bright_T5b_mid-1=323040.5625  sbar_bright_T5c_mid-1=335559.2812  sbar_bright_T5d_mid-1=385442.1875  sbar_bright_T4a_mid-2=635617.1875  sbar_bright_T4b_mid-2=591353.7500  sbar_bright_T4c_mid-2=579994.5625  sbar_bright_T4d_mid-2=620654.3750  sbar_bright_T5b_mid-2=151195.2188  sbar_bright_T5c_mid-2=137521.4688  sbar_bright_T5d_mid-2=150328.1250  sbar_bright_T5a_mid-2=145845.0312  sbar_bright_T4a_mid-1.5=277852.4688  sbar_bright_T4b_mid-1.5=271759.2812  sbar_bright_T4c_mid-1.5=264277.0625  sbar_bright_T4d_mid-1.5=295353.7188  sbar_bright_T5a_mid-1.5=135493.3125  sbar_bright_T5b_mid-1.5=142911.1875  sbar_bright_T5c_mid-1.5=130772.2109  sbar_bright_T5d_mid-1.5=125897.0781  sbar_bright_T4a_mid-0.5=1287951.3750  sbar_bright_T4b_mid-0.5=1340193.1250  sbar_bright_T4c_mid-0.5=1382664.7500  sbar_bright_T4d_mid-0.5=1345119.0000  sbar_bright_T5a_mid-0.5=129003.4219  sbar_bright_T5b_mid-0.5=151863.4844  sbar_bright_T5c_mid-0.5=117252.1484  sbar_bright_T5d_mid-0.5=157440.4844  sbar_bright_T4a_mid+0.5=290637.1875  sbar_bright_T4b_mid+0.5=214082.3281  sbar_bright_T4c_mid+0.5=194050.1562  sbar_bright_T4d_mid+0.5=229132.5625  sbar_bright_T5a_mid+0.5=57567.3906  sbar_bright_T5b_mid+0.5=56910.6836  sbar_bright_T5c_mid+0.5=62031.8672  sbar_bright_T5d_mid+0.5=57778.4180  sbar_bright_T4b_mid+1.5=35287.4766  sbar_bright_T4c_mid+1.5=37857.3828  sbar_bright_T4d_mid+1.5=33801.8398  sbar_bright_T5a_mid+1.5=79324.0312  sbar_bright_T5b_mid+1.5=79105.4453  sbar_bright_T5c_mid+1.5=83893.2109  sbar_bright_T5d_mid+1.5=65255.5938  sbar_bright_T4a_mid+1.5=31243.2754  sbar_dark_T4a_mid+0=71061.3125  sbar_dark_T4b_mid+0=70794.2969  sbar_dark_T4c_mid+0=105652.6094  sbar_dark_T4d_mid+0=101927.6094  sbar_dark_T5a_mid+0=623978.8125  sbar_dark_T5b_mid+0=585922.5625  sbar_dark_T5c_mid+0=551552.8750  sbar_dark_T5d_mid+0=556538.8750  sbar_dark_T4a_mid+1=83437.5938  sbar_dark_T4b_mid+1=29774.0859  sbar_dark_T4c_mid+1=59332.5312  sbar_dark_T4d_mid+1=86757.9453  sbar_dark_T5a_mid+1=247869.7812  sbar_dark_T5b_mid+1=321291.1562  sbar_dark_T5c_mid+1=267707.6562  sbar_dark_T5d_mid+1=249603.7344  sbar_dark_T4a_mid+2=35584.5000  sbar_dark_T4b_mid+2=70468.1172  sbar_dark_T4c_mid+2=39319.3398  sbar_dark_T4d_mid+2=24753.5781  sbar_dark_T5a_mid+2=439022.6562  sbar_dark_T5b_mid+2=413205.2500  sbar_dark_T5c_mid+2=421223.4375  sbar_dark_T5d_mid+2=408103.0938  sbar_dark_T4a_mid-1=129974.1172  sbar_dark_T4b_mid-1=162288.9844  sbar_dark_T4c_mid-1=89387.1875  sbar_dark_T4d_mid-1=123236.9922  sbar_dark_T5a_mid-1=2142658.5000  sbar_dark_T5b_mid-1=1999992.2500  sbar_dark_T5c_mid-1=2034244.8750  sbar_dark_T5d_mid-1=2159246.0000  sbar_dark_T4a_mid-2=23853.0664  sbar_dark_T4b_mid-2=35099.9883  sbar_dark_T4c_mid-2=36936.5586  sbar_dark_T4d_mid-2=14590.2383  sbar_dark_T5b_mid-2=1184146.8750  sbar_dark_T5c_mid-2=1160251.5000  sbar_dark_T5d_mid-2=1201405.2500  sbar_dark_T5a_mid-2=1115467.1250  sbar_dark_T4a_mid-1.5=9989.6064  sbar_dark_T4b_mid-1.5=12673.2949  sbar_dark_T4c_mid-1.5=15818.7012  sbar_dark_T4d_mid-1.5=6865.1792  sbar_dark_T5a_mid-1.5=380136.6875  sbar_dark_T5b_mid-1.5=400014.9375  sbar_dark_T5c_mid-1.5=372635.8125  sbar_dark_T5d_mid-1.5=351195.9062  sbar_dark_T4a_mid-0.5=39982.3984  sbar_dark_T4b_mid-0.5=46694.4883  sbar_dark_T4c_mid-0.5=69178.4375  sbar_dark_T4d_mid-0.5=27408.9414  sbar_dark_T5a_mid-0.5=743684.6875  sbar_dark_T5b_mid-0.5=880219.0000  sbar_dark_T5c_mid-0.5=725328.0625  sbar_dark_T5d_mid-0.5=936286.3750  sbar_dark_T4a_mid+0.5=32749.2852  sbar_dark_T4b_mid+0.5=73585.3906  sbar_dark_T4c_mid+0.5=20111.3379  sbar_dark_T4d_mid+0.5=52439.1758  sbar_dark_T5a_mid+0.5=149296.9531  sbar_dark_T5b_mid+0.5=133069.0625  sbar_dark_T5c_mid+0.5=196456.2344  sbar_dark_T5d_mid+0.5=134214.6406  sbar_dark_T4b_mid+1.5=13279.3027  sbar_dark_T4c_mid+1.5=9832.0088  sbar_dark_T4d_mid+1.5=13032.2432  sbar_dark_T5a_mid+1.5=69631.7188  sbar_dark_T5b_mid+1.5=67854.2578  sbar_dark_T5c_mid+1.5=73334.8203  sbar_dark_T5d_mid+1.5=54413.1523  sbar_dark_T4a_mid+1.5=10437.7285]:  11%|█         | 110/1000 [01:11<09:40,  1.53it/s] Cost: 502143.0312  [spread_bright_L5=1577211.6250  spread_bright_Mi1=1927467.3750  spread_bright_Tm3=1413749.1250  spread_bright_Mi4=2521563.7500  spread_dark_L1=873660.6250  spread_dark_L2=1784436.1250  spread_dark_L3=2867436.5000  spread_dark_L4=3106882.5000  spread_dark_Mi9=1935434.2500  spread_dark_Tm1=1214251.6250  spread_dark_Tm2=1305458.7500  spread_dark_Tm4=1575892.5000  spread_dark_Tm9=2450043.7500  sbar_bright_T4a_mid+0=671386.1875  sbar_bright_T4b_mid+0=663572.6875  sbar_bright_T4c_mid+0=657249.8750  sbar_bright_T4d_mid+0=660240.1875  sbar_bright_T5a_mid+0=102510.9062  sbar_bright_T5b_mid+0=119846.8984  sbar_bright_T5c_mid+0=136676.7344  sbar_bright_T5d_mid+0=123167.0234  sbar_bright_T4a_mid+1=254677.1094  sbar_bright_T4b_mid+1=242730.2969  sbar_bright_T4c_mid+1=219933.5156  sbar_bright_T4d_mid+1=243853.2188  sbar_bright_T5a_mid+1=191980.5000  sbar_bright_T5b_mid+1=192924.2344  sbar_bright_T5c_mid+1=176978.2969  sbar_bright_T5d_mid+1=181722.3594  sbar_bright_T4a_mid+2=85231.5156  sbar_bright_T4b_mid+2=83233.1797  sbar_bright_T4c_mid+2=77726.7188  sbar_bright_T4d_mid+2=86587.2266  sbar_bright_T5a_mid+2=366347.2500  sbar_bright_T5b_mid+2=333482.3750  sbar_bright_T5c_mid+2=356963.8438  sbar_bright_T5d_mid+2=347101.0312  sbar_bright_T4a_mid-1=2264174.0000  sbar_bright_T4b_mid-1=1880269.1250  sbar_bright_T4c_mid-1=2161638.2500  sbar_bright_T4d_mid-1=2300930.0000  sbar_bright_T5a_mid-1=370592.9688  sbar_bright_T5b_mid-1=329077.4375  sbar_bright_T5c_mid-1=342356.9688  sbar_bright_T5d_mid-1=388099.1875  sbar_bright_T4a_mid-2=618381.3750  sbar_bright_T4b_mid-2=559053.3750  sbar_bright_T4c_mid-2=559876.3750  sbar_bright_T4d_mid-2=599653.2500  sbar_bright_T5b_mid-2=151766.1094  sbar_bright_T5c_mid-2=137771.7500  sbar_bright_T5d_mid-2=150421.4062  sbar_bright_T5a_mid-2=147413.9062  sbar_bright_T4a_mid-1.5=277212.6875  sbar_bright_T4b_mid-1.5=267049.0625  sbar_bright_T4c_mid-1.5=260319.7969  sbar_bright_T4d_mid-1.5=294600.1250  sbar_bright_T5a_mid-1.5=136798.0938  sbar_bright_T5b_mid-1.5=143505.5938  sbar_bright_T5c_mid-1.5=131627.9062  sbar_bright_T5d_mid-1.5=126737.2500  sbar_bright_T4a_mid-0.5=1250065.3750  sbar_bright_T4b_mid-0.5=1309545.0000  sbar_bright_T4c_mid-0.5=1335218.2500  sbar_bright_T4d_mid-0.5=1328544.1250  sbar_bright_T5a_mid-0.5=130954.7969  sbar_bright_T5b_mid-0.5=154934.0469  sbar_bright_T5c_mid-0.5=118954.8281  sbar_bright_T5d_mid-0.5=157388.7031  sbar_bright_T4a_mid+0.5=280876.5625  sbar_bright_T4b_mid+0.5=200828.7812  sbar_bright_T4c_mid+0.5=187838.3281  sbar_bright_T4d_mid+0.5=211595.6562  sbar_bright_T5a_mid+0.5=58262.4570  sbar_bright_T5b_mid+0.5=57406.0469  sbar_bright_T5c_mid+0.5=62168.3320  sbar_bright_T5d_mid+0.5=56790.3672  sbar_bright_T4b_mid+1.5=36543.1406  sbar_bright_T4c_mid+1.5=41157.0430  sbar_bright_T4d_mid+1.5=34417.3750  sbar_bright_T5a_mid+1.5=79148.9844  sbar_bright_T5b_mid+1.5=79026.6641  sbar_bright_T5c_mid+1.5=83837.5469  sbar_bright_T5d_mid+1.5=65228.7852  sbar_bright_T4a_mid+1.5=33473.0312  sbar_dark_T4a_mid+0=74300.2656  sbar_dark_T4b_mid+0=73570.7031  sbar_dark_T4c_mid+0=126335.0547  sbar_dark_T4d_mid+0=115074.3594  sbar_dark_T5a_mid+0=634299.3750  sbar_dark_T5b_mid+0=577347.1875  sbar_dark_T5c_mid+0=544849.6875  sbar_dark_T5d_mid+0=552079.0000  sbar_dark_T4a_mid+1=99058.9219  sbar_dark_T4b_mid+1=31901.4023  sbar_dark_T4c_mid+1=65685.9531  sbar_dark_T4d_mid+1=104659.7266  sbar_dark_T5a_mid+1=241180.1875  sbar_dark_T5b_mid+1=312598.6875  sbar_dark_T5c_mid+1=262554.9688  sbar_dark_T5d_mid+1=244842.2031  sbar_dark_T4a_mid+2=38284.3750  sbar_dark_T4b_mid+2=86239.4297  sbar_dark_T4c_mid+2=42498.0664  sbar_dark_T4d_mid+2=24665.0605  sbar_dark_T5a_mid+2=433570.2188  sbar_dark_T5b_mid+2=408378.2188  sbar_dark_T5c_mid+2=415395.9688  sbar_dark_T5d_mid+2=403316.2812  sbar_dark_T4a_mid-1=142049.6719  sbar_dark_T4b_mid-1=196727.6719  sbar_dark_T4c_mid-1=99209.0156  sbar_dark_T4d_mid-1=141217.9844  sbar_dark_T5a_mid-1=2122293.7500  sbar_dark_T5b_mid-1=1993555.2500  sbar_dark_T5c_mid-1=2022838.2500  sbar_dark_T5d_mid-1=2150780.0000  sbar_dark_T4a_mid-2=25057.4414  sbar_dark_T4b_mid-2=41251.9609  sbar_dark_T4c_mid-2=37896.3086  sbar_dark_T4d_mid-2=15915.4043  sbar_dark_T5b_mid-2=1177440.5000  sbar_dark_T5c_mid-2=1146464.1250  sbar_dark_T5d_mid-2=1192109.0000  sbar_dark_T5a_mid-2=1117232.5000  sbar_dark_T4a_mid-1.5=9620.2490  sbar_dark_T4b_mid-1.5=13214.8174  sbar_dark_T4c_mid-1.5=15603.1133  sbar_dark_T4d_mid-1.5=7092.8774  sbar_dark_T5a_mid-1.5=380264.6562  sbar_dark_T5b_mid-1.5=399757.0625  sbar_dark_T5c_mid-1.5=371190.3438  sbar_dark_T5d_mid-1.5=352673.3125  sbar_dark_T4a_mid-0.5=58698.7148  sbar_dark_T4b_mid-0.5=57034.5586  sbar_dark_T4c_mid-0.5=91815.5312  sbar_dark_T4d_mid-0.5=28335.4570  sbar_dark_T5a_mid-0.5=747716.9375  sbar_dark_T5b_mid-0.5=884477.7500  sbar_dark_T5c_mid-0.5=724398.1875  sbar_dark_T5d_mid-0.5=928973.5625  sbar_dark_T4a_mid+0.5=42213.4453  sbar_dark_T4b_mid+0.5=98084.8906  sbar_dark_T4c_mid+0.5=24794.8984  sbar_dark_T4d_mid+0.5=71015.1250  sbar_dark_T5a_mid+0.5=149120.0469  sbar_dark_T5b_mid+0.5=134892.2969  sbar_dark_T5c_mid+0.5=192161.9375  sbar_dark_T5d_mid+0.5=132602.5625  sbar_dark_T4b_mid+1.5=12779.0605  sbar_dark_T4c_mid+1.5=8848.8770  sbar_dark_T4d_mid+1.5=13107.2188  sbar_dark_T5a_mid+1.5=67785.3281  sbar_dark_T5b_mid+1.5=66385.2422  sbar_dark_T5c_mid+1.5=71376.9141  sbar_dark_T5d_mid+1.5=53130.2930  sbar_dark_T4a_mid+1.5=9432.5557]:  12%|█▏        | 120/1000 [01:18<09:32,  1.54it/s] Cost: 494846.7812  [spread_bright_L5=1548229.5000  spread_bright_Mi1=1896486.3750  spread_bright_Tm3=1436256.1250  spread_bright_Mi4=2401374.0000  spread_dark_L1=844521.5000  spread_dark_L2=1647887.1250  spread_dark_L3=2711701.7500  spread_dark_L4=3105453.7500  spread_dark_Mi9=1810543.2500  spread_dark_Tm1=1200152.8750  spread_dark_Tm2=1320020.6250  spread_dark_Tm4=1650189.7500  spread_dark_Tm9=2287176.5000  sbar_bright_T4a_mid+0=640759.1250  sbar_bright_T4b_mid+0=631646.8125  sbar_bright_T4c_mid+0=629533.7500  sbar_bright_T4d_mid+0=639614.0625  sbar_bright_T5a_mid+0=101834.3125  sbar_bright_T5b_mid+0=117116.0859  sbar_bright_T5c_mid+0=136191.9531  sbar_bright_T5d_mid+0=120608.6016  sbar_bright_T4a_mid+1=254016.7031  sbar_bright_T4b_mid+1=245794.3438  sbar_bright_T4c_mid+1=222347.0156  sbar_bright_T4d_mid+1=245432.9844  sbar_bright_T5a_mid+1=187484.2500  sbar_bright_T5b_mid+1=191359.4375  sbar_bright_T5c_mid+1=175827.3125  sbar_bright_T5d_mid+1=181577.2969  sbar_bright_T4a_mid+2=84088.9141  sbar_bright_T4b_mid+2=83614.0547  sbar_bright_T4c_mid+2=75489.5625  sbar_bright_T4d_mid+2=84877.2188  sbar_bright_T5a_mid+2=365779.8438  sbar_bright_T5b_mid+2=335232.2500  sbar_bright_T5c_mid+2=357763.5000  sbar_bright_T5d_mid+2=347739.6562  sbar_bright_T4a_mid-1=2249333.0000  sbar_bright_T4b_mid-1=1824274.8750  sbar_bright_T4c_mid-1=2120059.0000  sbar_bright_T4d_mid-1=2282183.7500  sbar_bright_T5a_mid-1=369461.5000  sbar_bright_T5b_mid-1=328870.9688  sbar_bright_T5c_mid-1=342110.5938  sbar_bright_T5d_mid-1=387511.7188  sbar_bright_T4a_mid-2=603737.0000  sbar_bright_T4b_mid-2=544398.9375  sbar_bright_T4c_mid-2=543973.8750  sbar_bright_T4d_mid-2=588514.8125  sbar_bright_T5b_mid-2=150771.7656  sbar_bright_T5c_mid-2=136962.7344  sbar_bright_T5d_mid-2=149532.4688  sbar_bright_T5a_mid-2=147769.4531  sbar_bright_T4a_mid-1.5=276381.5312  sbar_bright_T4b_mid-1.5=267269.3438  sbar_bright_T4c_mid-1.5=260143.1562  sbar_bright_T4d_mid-1.5=295283.9375  sbar_bright_T5a_mid-1.5=137151.4688  sbar_bright_T5b_mid-1.5=143844.5625  sbar_bright_T5c_mid-1.5=132359.6094  sbar_bright_T5d_mid-1.5=126998.8828  sbar_bright_T4a_mid-0.5=1221414.7500  sbar_bright_T4b_mid-0.5=1294956.8750  sbar_bright_T4c_mid-0.5=1303273.3750  sbar_bright_T4d_mid-0.5=1330884.8750  sbar_bright_T5a_mid-0.5=132241.3281  sbar_bright_T5b_mid-0.5=156396.0312  sbar_bright_T5c_mid-0.5=117683.7500  sbar_bright_T5d_mid-0.5=157078.6875  sbar_bright_T4a_mid+0.5=268323.4062  sbar_bright_T4b_mid+0.5=194991.0469  sbar_bright_T4c_mid+0.5=182082.0312  sbar_bright_T4d_mid+0.5=202213.6719  sbar_bright_T5a_mid+0.5=58522.2266  sbar_bright_T5b_mid+0.5=57512.3555  sbar_bright_T5c_mid+0.5=62028.0625  sbar_bright_T5d_mid+0.5=55755.6680  sbar_bright_T4b_mid+1.5=38590.3438  sbar_bright_T4c_mid+1.5=45378.6406  sbar_bright_T4d_mid+1.5=34866.7344  sbar_bright_T5a_mid+1.5=79267.4062  sbar_bright_T5b_mid+1.5=79758.5625  sbar_bright_T5c_mid+1.5=84189.0000  sbar_bright_T5d_mid+1.5=65241.3281  sbar_bright_T4a_mid+1.5=35686.2500  sbar_dark_T4a_mid+0=70234.5938  sbar_dark_T4b_mid+0=68623.3047  sbar_dark_T4c_mid+0=127336.0703  sbar_dark_T4d_mid+0=107832.8047  sbar_dark_T5a_mid+0=631842.5625  sbar_dark_T5b_mid+0=585211.6875  sbar_dark_T5c_mid+0=552043.8750  sbar_dark_T5d_mid+0=561500.3125  sbar_dark_T4a_mid+1=97005.2422  sbar_dark_T4b_mid+1=30271.0742  sbar_dark_T4c_mid+1=65345.6602  sbar_dark_T4d_mid+1=105477.9453  sbar_dark_T5a_mid+1=237537.2500  sbar_dark_T5b_mid+1=304362.3438  sbar_dark_T5c_mid+1=258617.5000  sbar_dark_T5d_mid+1=242917.5312  sbar_dark_T4a_mid+2=36210.6719  sbar_dark_T4b_mid+2=90777.5625  sbar_dark_T4c_mid+2=43156.7227  sbar_dark_T4d_mid+2=24434.0078  sbar_dark_T5a_mid+2=431816.1562  sbar_dark_T5b_mid+2=407066.2812  sbar_dark_T5c_mid+2=411583.7188  sbar_dark_T5d_mid+2=402425.6250  sbar_dark_T4a_mid-1=146354.2500  sbar_dark_T4b_mid-1=189562.6406  sbar_dark_T4c_mid-1=99137.1875  sbar_dark_T4d_mid-1=139390.1719  sbar_dark_T5a_mid-1=2112924.7500  sbar_dark_T5b_mid-1=2003452.0000  sbar_dark_T5c_mid-1=2020926.1250  sbar_dark_T5d_mid-1=2144532.2500  sbar_dark_T4a_mid-2=26608.8652  sbar_dark_T4b_mid-2=39112.0469  sbar_dark_T4c_mid-2=39443.1875  sbar_dark_T4d_mid-2=16307.6758  sbar_dark_T5b_mid-2=1173683.5000  sbar_dark_T5c_mid-2=1136740.6250  sbar_dark_T5d_mid-2=1183840.6250  sbar_dark_T5a_mid-2=1123432.3750  sbar_dark_T4a_mid-1.5=9762.2529  sbar_dark_T4b_mid-1.5=13189.5098  sbar_dark_T4c_mid-1.5=15202.7686  sbar_dark_T4d_mid-1.5=7150.6392  sbar_dark_T5a_mid-1.5=378856.0312  sbar_dark_T5b_mid-1.5=399502.5938  sbar_dark_T5c_mid-1.5=370123.6875  sbar_dark_T5d_mid-1.5=352471.6875  sbar_dark_T4a_mid-0.5=60419.8750  sbar_dark_T4b_mid-0.5=57011.2422  sbar_dark_T4c_mid-0.5=95508.8281  sbar_dark_T4d_mid-0.5=28427.3652  sbar_dark_T5a_mid-0.5=758330.8750  sbar_dark_T5b_mid-0.5=887866.6250  sbar_dark_T5c_mid-0.5=722915.0000  sbar_dark_T5d_mid-0.5=921576.6250  sbar_dark_T4a_mid+0.5=40378.8906  sbar_dark_T4b_mid+0.5=98060.1875  sbar_dark_T4c_mid+0.5=24572.3633  sbar_dark_T4d_mid+0.5=70951.2188  sbar_dark_T5a_mid+0.5=150687.4219  sbar_dark_T5b_mid+0.5=137099.7500  sbar_dark_T5c_mid+0.5=189807.1562  sbar_dark_T5d_mid+0.5=133328.4844  sbar_dark_T4b_mid+1.5=12708.2773  sbar_dark_T4c_mid+1.5=7788.1577  sbar_dark_T4d_mid+1.5=12476.3496  sbar_dark_T5a_mid+1.5=66089.6719  sbar_dark_T5b_mid+1.5=65787.8672  sbar_dark_T5c_mid+1.5=70106.5781  sbar_dark_T5d_mid+1.5=52100.7539  sbar_dark_T4a_mid+1.5=8651.4307]:  13%|█▎        | 130/1000 [01:24<09:25,  1.54it/s] Cost: 488964.5312  [spread_bright_L5=1545242.6250  spread_bright_Mi1=1870004.3750  spread_bright_Tm3=1408166.3750  spread_bright_Mi4=2308694.0000  spread_dark_L1=822957.9375  spread_dark_L2=1541985.8750  spread_dark_L3=2606366.2500  spread_dark_L4=3061173.7500  spread_dark_Mi9=1716078.5000  spread_dark_Tm1=1194413.5000  spread_dark_Tm2=1343001.1250  spread_dark_Tm4=1735869.6250  spread_dark_Tm9=2147528.0000  sbar_bright_T4a_mid+0=626843.2500  sbar_bright_T4b_mid+0=607320.1250  sbar_bright_T4c_mid+0=613191.4375  sbar_bright_T4d_mid+0=622990.3750  sbar_bright_T5a_mid+0=101436.7969  sbar_bright_T5b_mid+0=114989.8516  sbar_bright_T5c_mid+0=136407.2188  sbar_bright_T5d_mid+0=118317.7109  sbar_bright_T4a_mid+1=253216.3438  sbar_bright_T4b_mid+1=248634.4844  sbar_bright_T4c_mid+1=227528.5156  sbar_bright_T4d_mid+1=245818.2969  sbar_bright_T5a_mid+1=180357.3125  sbar_bright_T5b_mid+1=188053.6719  sbar_bright_T5c_mid+1=172572.2031  sbar_bright_T5d_mid+1=179410.7656  sbar_bright_T4a_mid+2=82955.0938  sbar_bright_T4b_mid+2=85006.0625  sbar_bright_T4c_mid+2=74199.4688  sbar_bright_T4d_mid+2=84323.4062  sbar_bright_T5a_mid+2=362045.2812  sbar_bright_T5b_mid+2=332745.3750  sbar_bright_T5c_mid+2=353658.7188  sbar_bright_T5d_mid+2=344176.9688  sbar_bright_T4a_mid-1=2236435.5000  sbar_bright_T4b_mid-1=1764594.5000  sbar_bright_T4c_mid-1=2084453.0000  sbar_bright_T4d_mid-1=2264753.0000  sbar_bright_T5a_mid-1=366973.5625  sbar_bright_T5b_mid-1=331994.0000  sbar_bright_T5c_mid-1=345177.0625  sbar_bright_T5d_mid-1=387708.6875  sbar_bright_T4a_mid-2=594790.6875  sbar_bright_T4b_mid-2=525548.1875  sbar_bright_T4c_mid-2=534016.7500  sbar_bright_T4d_mid-2=576085.9375  sbar_bright_T5b_mid-2=148828.8438  sbar_bright_T5c_mid-2=135904.0625  sbar_bright_T5d_mid-2=148530.5156  sbar_bright_T5a_mid-2=147330.7500  sbar_bright_T4a_mid-1.5=275356.6875  sbar_bright_T4b_mid-1.5=264577.4688  sbar_bright_T4c_mid-1.5=258663.1094  sbar_bright_T4d_mid-1.5=295679.6250  sbar_bright_T5a_mid-1.5=137401.7656  sbar_bright_T5b_mid-1.5=143774.0312  sbar_bright_T5c_mid-1.5=132906.9844  sbar_bright_T5d_mid-1.5=127202.7188  sbar_bright_T4a_mid-0.5=1202870.1250  sbar_bright_T4b_mid-0.5=1280122.1250  sbar_bright_T4c_mid-0.5=1283071.5000  sbar_bright_T4d_mid-0.5=1325301.0000  sbar_bright_T5a_mid-0.5=133366.6719  sbar_bright_T5b_mid-0.5=158283.0000  sbar_bright_T5c_mid-0.5=118292.9219  sbar_bright_T5d_mid-0.5=156997.2188  sbar_bright_T4a_mid+0.5=261154.4219  sbar_bright_T4b_mid+0.5=190368.6562  sbar_bright_T4c_mid+0.5=179108.1875  sbar_bright_T4d_mid+0.5=194604.1406  sbar_bright_T5a_mid+0.5=58079.1094  sbar_bright_T5b_mid+0.5=57471.7773  sbar_bright_T5c_mid+0.5=61661.4688  sbar_bright_T5d_mid+0.5=54925.2539  sbar_bright_T4b_mid+1.5=39550.0078  sbar_bright_T4c_mid+1.5=49565.7461  sbar_bright_T4d_mid+1.5=35306.6406  sbar_bright_T5a_mid+1.5=78426.9609  sbar_bright_T5b_mid+1.5=78825.0469  sbar_bright_T5c_mid+1.5=82503.8594  sbar_bright_T5d_mid+1.5=64601.9844  sbar_bright_T4a_mid+1.5=38171.7656  sbar_dark_T4a_mid+0=77844.6172  sbar_dark_T4b_mid+0=73222.2031  sbar_dark_T4c_mid+0=132507.7969  sbar_dark_T4d_mid+0=113137.9531  sbar_dark_T5a_mid+0=645798.8750  sbar_dark_T5b_mid+0=589273.7500  sbar_dark_T5c_mid+0=556876.6250  sbar_dark_T5d_mid+0=566352.0000  sbar_dark_T4a_mid+1=97362.4141  sbar_dark_T4b_mid+1=30592.1270  sbar_dark_T4c_mid+1=64615.2539  sbar_dark_T4d_mid+1=109710.3125  sbar_dark_T5a_mid+1=233224.6250  sbar_dark_T5b_mid+1=295789.9375  sbar_dark_T5c_mid+1=255675.3906  sbar_dark_T5d_mid+1=241718.0938  sbar_dark_T4a_mid+2=34467.0195  sbar_dark_T4b_mid+2=100167.7891  sbar_dark_T4c_mid+2=45295.3594  sbar_dark_T4d_mid+2=24981.8613  sbar_dark_T5a_mid+2=429276.3438  sbar_dark_T5b_mid+2=403666.6250  sbar_dark_T5c_mid+2=405983.3438  sbar_dark_T5d_mid+2=399021.5312  sbar_dark_T4a_mid-1=150585.2031  sbar_dark_T4b_mid-1=196148.8125  sbar_dark_T4c_mid-1=100523.9219  sbar_dark_T4d_mid-1=142395.7031  sbar_dark_T5a_mid-1=2089882.0000  sbar_dark_T5b_mid-1=2012999.5000  sbar_dark_T5c_mid-1=2013103.5000  sbar_dark_T5d_mid-1=2137127.5000  sbar_dark_T4a_mid-2=26937.6152  sbar_dark_T4b_mid-2=39935.2852  sbar_dark_T4c_mid-2=38800.4883  sbar_dark_T4d_mid-2=17404.4043  sbar_dark_T5b_mid-2=1171349.0000  sbar_dark_T5c_mid-2=1124175.2500  sbar_dark_T5d_mid-2=1175735.2500  sbar_dark_T5a_mid-2=1127131.6250  sbar_dark_T4a_mid-1.5=9866.3818  sbar_dark_T4b_mid-1.5=14281.4697  sbar_dark_T4c_mid-1.5=15217.2998  sbar_dark_T4d_mid-1.5=7299.9478  sbar_dark_T5a_mid-1.5=377787.0625  sbar_dark_T5b_mid-1.5=398213.3125  sbar_dark_T5c_mid-1.5=369338.5625  sbar_dark_T5d_mid-1.5=352493.3125  sbar_dark_T4a_mid-0.5=62295.8828  sbar_dark_T4b_mid-0.5=59392.2070  sbar_dark_T4c_mid-0.5=96239.7969  sbar_dark_T4d_mid-0.5=28153.0293  sbar_dark_T5a_mid-0.5=762017.5625  sbar_dark_T5b_mid-0.5=890314.1250  sbar_dark_T5c_mid-0.5=717731.3125  sbar_dark_T5d_mid-0.5=913282.7500  sbar_dark_T4a_mid+0.5=39502.8164  sbar_dark_T4b_mid+0.5=99330.8594  sbar_dark_T4c_mid+0.5=25253.5898  sbar_dark_T4d_mid+0.5=72721.6250  sbar_dark_T5a_mid+0.5=150697.6875  sbar_dark_T5b_mid+0.5=138912.8750  sbar_dark_T5c_mid+0.5=185760.7031  sbar_dark_T5d_mid+0.5=133487.5469  sbar_dark_T4b_mid+1.5=12402.0264  sbar_dark_T4c_mid+1.5=7208.2734  sbar_dark_T4d_mid+1.5=12060.5557  sbar_dark_T5a_mid+1.5=64608.4688  sbar_dark_T5b_mid+1.5=64329.7500  sbar_dark_T5c_mid+1.5=68235.2578  sbar_dark_T5d_mid+1.5=51114.3555  sbar_dark_T4a_mid+1.5=8111.6436]:  14%|█▍        | 140/1000 [01:31<09:18,  1.54it/s] Cost: 483216.4062  [spread_bright_L5=1538084.5000  spread_bright_Mi1=1808821.3750  spread_bright_Tm3=1424378.7500  spread_bright_Mi4=2199178.0000  spread_dark_L1=844332.3750  spread_dark_L2=1431870.2500  spread_dark_L3=2518327.7500  spread_dark_L4=3052653.7500  spread_dark_Mi9=1636824.8750  spread_dark_Tm1=1170658.3750  spread_dark_Tm2=1339441.6250  spread_dark_Tm4=1810735.3750  spread_dark_Tm9=2054776.3750  sbar_bright_T4a_mid+0=596594.5625  sbar_bright_T4b_mid+0=573931.4375  sbar_bright_T4c_mid+0=588448.1250  sbar_bright_T4d_mid+0=602332.8125  sbar_bright_T5a_mid+0=101378.9922  sbar_bright_T5b_mid+0=113902.7031  sbar_bright_T5c_mid+0=137518.6094  sbar_bright_T5d_mid+0=117054.9531  sbar_bright_T4a_mid+1=258928.2656  sbar_bright_T4b_mid+1=254898.7812  sbar_bright_T4c_mid+1=234392.1250  sbar_bright_T4d_mid+1=251923.0625  sbar_bright_T5a_mid+1=174656.4688  sbar_bright_T5b_mid+1=184740.5938  sbar_bright_T5c_mid+1=168975.0938  sbar_bright_T5d_mid+1=177877.9531  sbar_bright_T4a_mid+2=86162.8359  sbar_bright_T4b_mid+2=90843.3281  sbar_bright_T4c_mid+2=76470.1719  sbar_bright_T4d_mid+2=86544.0078  sbar_bright_T5a_mid+2=359322.0000  sbar_bright_T5b_mid+2=330129.7812  sbar_bright_T5c_mid+2=349385.6250  sbar_bright_T5d_mid+2=341288.4375  sbar_bright_T4a_mid-1=2222207.7500  sbar_bright_T4b_mid-1=1688570.6250  sbar_bright_T4c_mid-1=2053355.7500  sbar_bright_T4d_mid-1=2257027.7500  sbar_bright_T5a_mid-1=365180.0625  sbar_bright_T5b_mid-1=336482.2188  sbar_bright_T5c_mid-1=348147.1875  sbar_bright_T5d_mid-1=388252.6250  sbar_bright_T4a_mid-2=589756.0000  sbar_bright_T4b_mid-2=509446.2500  sbar_bright_T4c_mid-2=531056.0000  sbar_bright_T4d_mid-2=569330.4375  sbar_bright_T5b_mid-2=146773.0000  sbar_bright_T5c_mid-2=134170.5000  sbar_bright_T5d_mid-2=146801.1250  sbar_bright_T5a_mid-2=145935.0469  sbar_bright_T4a_mid-1.5=273599.3438  sbar_bright_T4b_mid-1.5=263196.5312  sbar_bright_T4c_mid-1.5=255949.7188  sbar_bright_T4d_mid-1.5=296768.1875  sbar_bright_T5a_mid-1.5=137198.6406  sbar_bright_T5b_mid-1.5=143829.6719  sbar_bright_T5c_mid-1.5=132925.9375  sbar_bright_T5d_mid-1.5=127439.5625  sbar_bright_T4a_mid-0.5=1185633.6250  sbar_bright_T4b_mid-0.5=1270203.5000  sbar_bright_T4c_mid-0.5=1267118.3750  sbar_bright_T4d_mid-0.5=1322502.2500  sbar_bright_T5a_mid-0.5=135287.1875  sbar_bright_T5b_mid-0.5=160541.8125  sbar_bright_T5c_mid-0.5=118640.3438  sbar_bright_T5d_mid-0.5=156507.0312  sbar_bright_T4a_mid+0.5=256621.3906  sbar_bright_T4b_mid+0.5=188833.4062  sbar_bright_T4c_mid+0.5=176509.9688  sbar_bright_T4d_mid+0.5=189743.5000  sbar_bright_T5a_mid+0.5=57473.3984  sbar_bright_T5b_mid+0.5=57159.7148  sbar_bright_T5c_mid+0.5=61036.9141  sbar_bright_T5d_mid+0.5=53805.7148  sbar_bright_T4b_mid+1.5=41404.4336  sbar_bright_T4c_mid+1.5=53337.5312  sbar_bright_T4d_mid+1.5=36390.9609  sbar_bright_T5a_mid+1.5=76904.8281  sbar_bright_T5b_mid+1.5=77561.6406  sbar_bright_T5c_mid+1.5=80944.1484  sbar_bright_T5d_mid+1.5=63417.5547  sbar_bright_T4a_mid+1.5=40068.5820  sbar_dark_T4a_mid+0=70430.7578  sbar_dark_T4b_mid+0=69402.4922  sbar_dark_T4c_mid+0=125128.3516  sbar_dark_T4d_mid+0=101744.8516  sbar_dark_T5a_mid+0=651485.3125  sbar_dark_T5b_mid+0=593184.3125  sbar_dark_T5c_mid+0=564692.7500  sbar_dark_T5d_mid+0=572766.1875  sbar_dark_T4a_mid+1=98529.4375  sbar_dark_T4b_mid+1=29980.3867  sbar_dark_T4c_mid+1=62844.4805  sbar_dark_T4d_mid+1=106528.5312  sbar_dark_T5a_mid+1=230540.9219  sbar_dark_T5b_mid+1=286768.0938  sbar_dark_T5c_mid+1=251427.8281  sbar_dark_T5d_mid+1=241779.3750  sbar_dark_T4a_mid+2=33555.0547  sbar_dark_T4b_mid+2=110167.9453  sbar_dark_T4c_mid+2=46543.3281  sbar_dark_T4d_mid+2=25730.7031  sbar_dark_T5a_mid+2=425913.6562  sbar_dark_T5b_mid+2=398524.0312  sbar_dark_T5c_mid+2=398069.8438  sbar_dark_T5d_mid+2=395313.5625  sbar_dark_T4a_mid-1=153082.1875  sbar_dark_T4b_mid-1=202998.7500  sbar_dark_T4c_mid-1=97681.6094  sbar_dark_T4d_mid-1=138079.9375  sbar_dark_T5a_mid-1=2068188.1250  sbar_dark_T5b_mid-1=2024686.2500  sbar_dark_T5c_mid-1=2007165.0000  sbar_dark_T5d_mid-1=2132134.5000  sbar_dark_T4a_mid-2=27982.2324  sbar_dark_T4b_mid-2=41555.1562  sbar_dark_T4c_mid-2=37830.9180  sbar_dark_T4d_mid-2=17358.1953  sbar_dark_T5b_mid-2=1168024.5000  sbar_dark_T5c_mid-2=1110929.8750  sbar_dark_T5d_mid-2=1167396.5000  sbar_dark_T5a_mid-2=1128429.5000  sbar_dark_T4a_mid-1.5=10099.9629  sbar_dark_T4b_mid-1.5=15386.1016  sbar_dark_T4c_mid-1.5=14793.3262  sbar_dark_T4d_mid-1.5=7320.0254  sbar_dark_T5a_mid-1.5=375772.3750  sbar_dark_T5b_mid-1.5=396966.4688  sbar_dark_T5c_mid-1.5=366555.1562  sbar_dark_T5d_mid-1.5=352609.7188  sbar_dark_T4a_mid-0.5=60687.9023  sbar_dark_T4b_mid-0.5=59470.3633  sbar_dark_T4c_mid-0.5=92747.8594  sbar_dark_T4d_mid-0.5=28487.1797  sbar_dark_T5a_mid-0.5=768702.5625  sbar_dark_T5b_mid-0.5=893128.6250  sbar_dark_T5c_mid-0.5=713328.4375  sbar_dark_T5d_mid-0.5=901443.6250  sbar_dark_T4a_mid+0.5=38522.1367  sbar_dark_T4b_mid+0.5=95319.6094  sbar_dark_T4c_mid+0.5=24347.4688  sbar_dark_T4d_mid+0.5=70233.1484  sbar_dark_T5a_mid+0.5=150187.1562  sbar_dark_T5b_mid+0.5=140149.3750  sbar_dark_T5c_mid+0.5=181561.3594  sbar_dark_T5d_mid+0.5=133747.5469  sbar_dark_T4b_mid+1.5=13336.8848  sbar_dark_T4c_mid+1.5=6497.9644  sbar_dark_T4d_mid+1.5=11947.5010  sbar_dark_T5a_mid+1.5=62570.5781  sbar_dark_T5b_mid+1.5=62437.4258  sbar_dark_T5c_mid+1.5=65801.3359  sbar_dark_T5d_mid+1.5=49588.6797  sbar_dark_T4a_mid+1.5=7848.6875]:  15%|█▌        | 150/1000 [01:37<09:11,  1.54it/s] Cost: 477845.3438  [spread_bright_L5=1506095.2500  spread_bright_Mi1=1783612.2500  spread_bright_Tm3=1420105.8750  spread_bright_Mi4=2107829.5000  spread_dark_L1=837669.5625  spread_dark_L2=1392588.1250  spread_dark_L3=2405006.5000  spread_dark_L4=3067496.2500  spread_dark_Mi9=1582998.6250  spread_dark_Tm1=1127595.7500  spread_dark_Tm2=1340861.0000  spread_dark_Tm4=1900632.6250  spread_dark_Tm9=1988317.7500  sbar_bright_T4a_mid+0=581789.3750  sbar_bright_T4b_mid+0=553752.2500  sbar_bright_T4c_mid+0=567860.2500  sbar_bright_T4d_mid+0=589529.4375  sbar_bright_T5a_mid+0=101069.3672  sbar_bright_T5b_mid+0=114219.4922  sbar_bright_T5c_mid+0=138847.3750  sbar_bright_T5d_mid+0=116715.9062  sbar_bright_T4a_mid+1=259741.0469  sbar_bright_T4b_mid+1=259258.4531  sbar_bright_T4c_mid+1=242501.8125  sbar_bright_T4d_mid+1=257990.5625  sbar_bright_T5a_mid+1=166440.7031  sbar_bright_T5b_mid+1=180747.7969  sbar_bright_T5c_mid+1=165081.4844  sbar_bright_T5d_mid+1=175075.7812  sbar_bright_T4a_mid+2=89727.4688  sbar_bright_T4b_mid+2=96905.9688  sbar_bright_T4c_mid+2=78858.3438  sbar_bright_T4d_mid+2=88548.5234  sbar_bright_T5a_mid+2=353416.4688  sbar_bright_T5b_mid+2=326557.3750  sbar_bright_T5c_mid+2=344362.5625  sbar_bright_T5d_mid+2=336894.0625  sbar_bright_T4a_mid-1=2203126.0000  sbar_bright_T4b_mid-1=1633494.1250  sbar_bright_T4c_mid-1=2003200.7500  sbar_bright_T4d_mid-1=2237036.5000  sbar_bright_T5a_mid-1=361773.5312  sbar_bright_T5b_mid-1=341121.7500  sbar_bright_T5c_mid-1=350622.5000  sbar_bright_T5d_mid-1=388673.5625  sbar_bright_T4a_mid-2=579762.3750  sbar_bright_T4b_mid-2=492384.0000  sbar_bright_T4c_mid-2=514812.5000  sbar_bright_T4d_mid-2=553501.2500  sbar_bright_T5b_mid-2=144075.8281  sbar_bright_T5c_mid-2=132036.8281  sbar_bright_T5d_mid-2=144730.8906  sbar_bright_T5a_mid-2=144049.1406  sbar_bright_T4a_mid-1.5=272073.9062  sbar_bright_T4b_mid-1.5=263646.8438  sbar_bright_T4c_mid-1.5=254294.9062  sbar_bright_T4d_mid-1.5=297605.5000  sbar_bright_T5a_mid-1.5=136806.5469  sbar_bright_T5b_mid-1.5=143720.7031  sbar_bright_T5c_mid-1.5=132794.5000  sbar_bright_T5d_mid-1.5=127479.9766  sbar_bright_T4a_mid-0.5=1163993.1250  sbar_bright_T4b_mid-0.5=1249425.8750  sbar_bright_T4c_mid-0.5=1241370.6250  sbar_bright_T4d_mid-0.5=1310832.1250  sbar_bright_T5a_mid-0.5=135597.2031  sbar_bright_T5b_mid-0.5=162248.8594  sbar_bright_T5c_mid-0.5=117990.7656  sbar_bright_T5d_mid-0.5=155682.6406  sbar_bright_T4a_mid+0.5=250303.6250  sbar_bright_T4b_mid+0.5=182094.5469  sbar_bright_T4c_mid+0.5=173363.8906  sbar_bright_T4d_mid+0.5=181777.4219  sbar_bright_T5a_mid+0.5=56392.6875  sbar_bright_T5b_mid+0.5=56335.8086  sbar_bright_T5c_mid+0.5=60068.3242  sbar_bright_T5d_mid+0.5=52389.8789  sbar_bright_T4b_mid+1.5=43834.5781  sbar_bright_T4c_mid+1.5=57656.8047  sbar_bright_T4d_mid+1.5=37633.3984  sbar_bright_T5a_mid+1.5=75085.2578  sbar_bright_T5b_mid+1.5=76246.2578  sbar_bright_T5c_mid+1.5=79159.8672  sbar_bright_T5d_mid+1.5=62183.1914  sbar_bright_T4a_mid+1.5=42491.0977  sbar_dark_T4a_mid+0=76488.0078  sbar_dark_T4b_mid+0=72574.7500  sbar_dark_T4c_mid+0=128485.6875  sbar_dark_T4d_mid+0=103690.0312  sbar_dark_T5a_mid+0=665306.8125  sbar_dark_T5b_mid+0=595785.4375  sbar_dark_T5c_mid+0=575407.0000  sbar_dark_T5d_mid+0=578310.3750  sbar_dark_T4a_mid+1=98699.4375  sbar_dark_T4b_mid+1=29443.1504  sbar_dark_T4c_mid+1=65386.0312  sbar_dark_T4d_mid+1=107491.9297  sbar_dark_T5a_mid+1=227765.5312  sbar_dark_T5b_mid+1=276675.6875  sbar_dark_T5c_mid+1=247548.8594  sbar_dark_T5d_mid+1=244308.8281  sbar_dark_T4a_mid+2=32347.2148  sbar_dark_T4b_mid+2=113672.0938  sbar_dark_T4c_mid+2=48534.8320  sbar_dark_T4d_mid+2=26845.9863  sbar_dark_T5a_mid+2=421565.6562  sbar_dark_T5b_mid+2=394942.2188  sbar_dark_T5c_mid+2=391022.4062  sbar_dark_T5d_mid+2=392564.5312  sbar_dark_T4a_mid-1=158446.0938  sbar_dark_T4b_mid-1=195082.1875  sbar_dark_T4c_mid-1=98883.2188  sbar_dark_T4d_mid-1=138021.7031  sbar_dark_T5a_mid-1=2036592.6250  sbar_dark_T5b_mid-1=2034593.0000  sbar_dark_T5c_mid-1=1995547.8750  sbar_dark_T5d_mid-1=2120995.2500  sbar_dark_T4a_mid-2=29840.0938  sbar_dark_T4b_mid-2=39461.5586  sbar_dark_T4c_mid-2=41353.5508  sbar_dark_T4d_mid-2=18598.2910  sbar_dark_T5b_mid-2=1164023.7500  sbar_dark_T5c_mid-2=1092377.8750  sbar_dark_T5d_mid-2=1155745.7500  sbar_dark_T5a_mid-2=1130894.8750  sbar_dark_T4a_mid-1.5=10571.4180  sbar_dark_T4b_mid-1.5=14978.3652  sbar_dark_T4c_mid-1.5=15440.1055  sbar_dark_T4d_mid-1.5=7477.9507  sbar_dark_T5a_mid-1.5=373330.9688  sbar_dark_T5b_mid-1.5=395467.3750  sbar_dark_T5c_mid-1.5=363839.4062  sbar_dark_T5d_mid-1.5=352430.7812  sbar_dark_T4a_mid-0.5=58774.5820  sbar_dark_T4b_mid-0.5=58002.3320  sbar_dark_T4c_mid-0.5=94346.6094  sbar_dark_T4d_mid-0.5=28266.2305  sbar_dark_T5a_mid-0.5=771225.5625  sbar_dark_T5b_mid-0.5=896697.9375  sbar_dark_T5c_mid-0.5=704725.0625  sbar_dark_T5d_mid-0.5=887972.5000  sbar_dark_T4a_mid+0.5=35839.5000  sbar_dark_T4b_mid+0.5=91602.8281  sbar_dark_T4c_mid+0.5=24970.6426  sbar_dark_T4d_mid+0.5=69076.3828  sbar_dark_T5a_mid+0.5=149265.4219  sbar_dark_T5b_mid+0.5=142003.3750  sbar_dark_T5c_mid+0.5=176044.5781  sbar_dark_T5d_mid+0.5=134523.8906  sbar_dark_T4b_mid+1.5=14536.1631  sbar_dark_T4c_mid+1.5=6700.1328  sbar_dark_T4d_mid+1.5=11554.3418  sbar_dark_T5a_mid+1.5=61163.1523  sbar_dark_T5b_mid+1.5=61398.0508  sbar_dark_T5c_mid+1.5=64263.6562  sbar_dark_T5d_mid+1.5=48682.3555  sbar_dark_T4a_mid+1.5=7556.6011]:  16%|█▌        | 160/1000 [01:44<09:04,  1.54it/s] Cost: 472137.7500  [spread_bright_L5=1505617.6250  spread_bright_Mi1=1737230.8750  spread_bright_Tm3=1430227.3750  spread_bright_Mi4=2012262.3750  spread_dark_L1=856649.0625  spread_dark_L2=1315195.8750  spread_dark_L3=2325643.7500  spread_dark_L4=3078252.2500  spread_dark_Mi9=1502776.2500  spread_dark_Tm1=1102451.2500  spread_dark_Tm2=1334548.2500  spread_dark_Tm4=2002619.2500  spread_dark_Tm9=1922995.6250  sbar_bright_T4a_mid+0=547157.3750  sbar_bright_T4b_mid+0=520367.9688  sbar_bright_T4c_mid+0=548868.6250  sbar_bright_T4d_mid+0=575277.7500  sbar_bright_T5a_mid+0=98034.6328  sbar_bright_T5b_mid+0=110621.3359  sbar_bright_T5c_mid+0=135208.3750  sbar_bright_T5d_mid+0=112693.3438  sbar_bright_T4a_mid+1=262363.9688  sbar_bright_T4b_mid+1=270424.5938  sbar_bright_T4c_mid+1=249638.6094  sbar_bright_T4d_mid+1=263061.7812  sbar_bright_T5a_mid+1=152491.9375  sbar_bright_T5b_mid+1=170171.4219  sbar_bright_T5c_mid+1=154510.5625  sbar_bright_T5d_mid+1=167668.9219  sbar_bright_T4a_mid+2=93505.6250  sbar_bright_T4b_mid+2=109822.4609  sbar_bright_T4c_mid+2=81166.2188  sbar_bright_T4d_mid+2=93248.0859  sbar_bright_T5a_mid+2=337446.1562  sbar_bright_T5b_mid+2=314067.1875  sbar_bright_T5c_mid+2=330074.2500  sbar_bright_T5d_mid+2=326796.1562  sbar_bright_T4a_mid-1=2210104.2500  sbar_bright_T4b_mid-1=1573980.2500  sbar_bright_T4c_mid-1=1969195.3750  sbar_bright_T4d_mid-1=2236349.2500  sbar_bright_T5a_mid-1=354510.6250  sbar_bright_T5b_mid-1=344888.5000  sbar_bright_T5c_mid-1=350313.9375  sbar_bright_T5d_mid-1=386311.5938  sbar_bright_T4a_mid-2=572865.3750  sbar_bright_T4b_mid-2=469768.3750  sbar_bright_T4c_mid-2=509087.9062  sbar_bright_T4d_mid-2=539297.3750  sbar_bright_T5b_mid-2=138457.2344  sbar_bright_T5c_mid-2=127144.0391  sbar_bright_T5d_mid-2=140223.8281  sbar_bright_T5a_mid-2=139371.9531  sbar_bright_T4a_mid-1.5=271209.5000  sbar_bright_T4b_mid-1.5=263544.3750  sbar_bright_T4c_mid-1.5=251171.7812  sbar_bright_T4d_mid-1.5=299562.9062  sbar_bright_T5a_mid-1.5=134403.5625  sbar_bright_T5b_mid-1.5=142450.5312  sbar_bright_T5c_mid-1.5=130790.4766  sbar_bright_T5d_mid-1.5=126497.6094  sbar_bright_T4a_mid-0.5=1157118.2500  sbar_bright_T4b_mid-0.5=1241456.7500  sbar_bright_T4c_mid-0.5=1226781.8750  sbar_bright_T4d_mid-0.5=1312030.5000  sbar_bright_T5a_mid-0.5=135159.0156  sbar_bright_T5b_mid-0.5=162726.9219  sbar_bright_T5c_mid-0.5=115290.2969  sbar_bright_T5d_mid-0.5=152649.3281  sbar_bright_T4a_mid+0.5=249604.8281  sbar_bright_T4b_mid+0.5=180887.5000  sbar_bright_T4c_mid+0.5=171200.3125  sbar_bright_T4d_mid+0.5=177079.0156  sbar_bright_T5a_mid+0.5=53392.9883  sbar_bright_T5b_mid+0.5=53502.1367  sbar_bright_T5c_mid+0.5=57061.0391  sbar_bright_T5d_mid+0.5=48744.9766  sbar_bright_T4b_mid+1.5=46946.6914  sbar_bright_T4c_mid+1.5=58689.0117  sbar_bright_T4d_mid+1.5=39857.8828  sbar_bright_T5a_mid+1.5=70846.9062  sbar_bright_T5b_mid+1.5=72203.6484  sbar_bright_T5c_mid+1.5=74075.4453  sbar_bright_T5d_mid+1.5=58575.5156  sbar_bright_T4a_mid+1.5=43388.5742  sbar_dark_T4a_mid+0=73407.3672  sbar_dark_T4b_mid+0=71058.7812  sbar_dark_T4c_mid+0=121709.1562  sbar_dark_T4d_mid+0=96091.3281  sbar_dark_T5a_mid+0=689619.6875  sbar_dark_T5b_mid+0=600942.2500  sbar_dark_T5c_mid+0=586021.5000  sbar_dark_T5d_mid+0=589621.5625  sbar_dark_T4a_mid+1=101951.1797  sbar_dark_T4b_mid+1=30101.3125  sbar_dark_T4c_mid+1=61143.8555  sbar_dark_T4d_mid+1=104442.1484  sbar_dark_T5a_mid+1=225805.3125  sbar_dark_T5b_mid+1=263347.5938  sbar_dark_T5c_mid+1=243831.9844  sbar_dark_T5d_mid+1=246216.0156  sbar_dark_T4a_mid+2=30452.6074  sbar_dark_T4b_mid+2=121248.9766  sbar_dark_T4c_mid+2=49202.3633  sbar_dark_T4d_mid+2=28057.5801  sbar_dark_T5a_mid+2=414237.1562  sbar_dark_T5b_mid+2=388665.2812  sbar_dark_T5c_mid+2=380533.0625  sbar_dark_T5d_mid+2=388099.6250  sbar_dark_T4a_mid-1=161403.6562  sbar_dark_T4b_mid-1=196313.3594  sbar_dark_T4c_mid-1=97529.8594  sbar_dark_T4d_mid-1=136102.5469  sbar_dark_T5a_mid-1=1997385.3750  sbar_dark_T5b_mid-1=2044258.0000  sbar_dark_T5c_mid-1=1983041.2500  sbar_dark_T5d_mid-1=2103182.0000  sbar_dark_T4a_mid-2=32031.0684  sbar_dark_T4b_mid-2=45187.6758  sbar_dark_T4c_mid-2=41252.0430  sbar_dark_T4d_mid-2=20076.0117  sbar_dark_T5b_mid-2=1159739.0000  sbar_dark_T5c_mid-2=1069882.5000  sbar_dark_T5d_mid-2=1139296.2500  sbar_dark_T5a_mid-2=1131306.8750  sbar_dark_T4a_mid-1.5=10944.4434  sbar_dark_T4b_mid-1.5=17528.5918  sbar_dark_T4c_mid-1.5=15868.1260  sbar_dark_T4d_mid-1.5=7532.3657  sbar_dark_T5a_mid-1.5=369794.8750  sbar_dark_T5b_mid-1.5=392407.1250  sbar_dark_T5c_mid-1.5=359371.4375  sbar_dark_T5d_mid-1.5=350610.2500  sbar_dark_T4a_mid-0.5=56905.6797  sbar_dark_T4b_mid-0.5=58646.6992  sbar_dark_T4c_mid-0.5=90292.1797  sbar_dark_T4d_mid-0.5=28331.3906  sbar_dark_T5a_mid-0.5=774803.2500  sbar_dark_T5b_mid-0.5=899914.1875  sbar_dark_T5c_mid-0.5=692054.3125  sbar_dark_T5d_mid-0.5=866792.6875  sbar_dark_T4a_mid+0.5=34852.4609  sbar_dark_T4b_mid+0.5=89614.3828  sbar_dark_T4c_mid+0.5=24033.5586  sbar_dark_T4d_mid+0.5=66710.2734  sbar_dark_T5a_mid+0.5=146722.6094  sbar_dark_T5b_mid+0.5=143648.0312  sbar_dark_T5c_mid+0.5=167907.9062  sbar_dark_T5d_mid+0.5=135037.1406  sbar_dark_T4b_mid+1.5=16113.6523  sbar_dark_T4c_mid+1.5=7345.0640  sbar_dark_T4d_mid+1.5=11070.1553  sbar_dark_T5a_mid+1.5=58975.1953  sbar_dark_T5b_mid+1.5=59048.2227  sbar_dark_T5c_mid+1.5=61428.2344  sbar_dark_T5d_mid+1.5=47381.7109  sbar_dark_T4a_mid+1.5=8219.1445]:  17%|█▋        | 170/1000 [01:50<09:00,  1.53it/s] Cost: 464309.5000  [spread_bright_L5=1499902.6250  spread_bright_Mi1=1715718.8750  spread_bright_Tm3=1433579.1250  spread_bright_Mi4=1890961.5000  spread_dark_L1=849983.5625  spread_dark_L2=1296114.0000  spread_dark_L3=2257230.7500  spread_dark_L4=3119707.2500  spread_dark_Mi9=1399197.3750  spread_dark_Tm1=1069744.3750  spread_dark_Tm2=1331768.0000  spread_dark_Tm4=2154745.0000  spread_dark_Tm9=1818171.0000  sbar_bright_T4a_mid+0=506702.2812  sbar_bright_T4b_mid+0=493925.4375  sbar_bright_T4c_mid+0=514719.8125  sbar_bright_T4d_mid+0=554151.0625  sbar_bright_T5a_mid+0=97941.5938  sbar_bright_T5b_mid+0=112093.1172  sbar_bright_T5c_mid+0=135145.0469  sbar_bright_T5d_mid+0=115040.8281  sbar_bright_T4a_mid+1=269556.4062  sbar_bright_T4b_mid+1=282341.5625  sbar_bright_T4c_mid+1=273705.8125  sbar_bright_T4d_mid+1=269012.2500  sbar_bright_T5a_mid+1=139476.6875  sbar_bright_T5b_mid+1=157743.7500  sbar_bright_T5c_mid+1=143371.8125  sbar_bright_T5d_mid+1=161722.8750  sbar_bright_T4a_mid+2=101051.0625  sbar_bright_T4b_mid+2=129149.1016  sbar_bright_T4c_mid+2=92701.9062  sbar_bright_T4d_mid+2=108647.7656  sbar_bright_T5a_mid+2=313574.1250  sbar_bright_T5b_mid+2=295071.3125  sbar_bright_T5c_mid+2=307140.9062  sbar_bright_T5d_mid+2=312019.9375  sbar_bright_T4a_mid-1=2208014.2500  sbar_bright_T4b_mid-1=1505480.1250  sbar_bright_T4c_mid-1=1910062.8750  sbar_bright_T4d_mid-1=2231905.7500  sbar_bright_T5a_mid-1=350436.6250  sbar_bright_T5b_mid-1=355875.0938  sbar_bright_T5c_mid-1=354340.8750  sbar_bright_T5d_mid-1=388131.5625  sbar_bright_T4a_mid-2=560305.4375  sbar_bright_T4b_mid-2=418646.1875  sbar_bright_T4c_mid-2=487220.1875  sbar_bright_T4d_mid-2=505038.0312  sbar_bright_T5b_mid-2=129963.0078  sbar_bright_T5c_mid-2=119531.0391  sbar_bright_T5d_mid-2=134347.0469  sbar_bright_T5a_mid-2=132403.8281  sbar_bright_T4a_mid-1.5=268391.8438  sbar_bright_T4b_mid-1.5=254769.7656  sbar_bright_T4c_mid-1.5=245444.2188  sbar_bright_T4d_mid-1.5=303574.1875  sbar_bright_T5a_mid-1.5=129337.3906  sbar_bright_T5b_mid-1.5=139756.2656  sbar_bright_T5c_mid-1.5=126604.8438  sbar_bright_T5d_mid-1.5=123716.3125  sbar_bright_T4a_mid-0.5=1148793.2500  sbar_bright_T4b_mid-0.5=1224557.5000  sbar_bright_T4c_mid-0.5=1192994.3750  sbar_bright_T4d_mid-0.5=1320041.7500  sbar_bright_T5a_mid-0.5=136522.5469  sbar_bright_T5b_mid-0.5=162142.5625  sbar_bright_T5c_mid-0.5=114043.5234  sbar_bright_T5d_mid-0.5=149594.3750  sbar_bright_T4a_mid+0.5=244217.2344  sbar_bright_T4b_mid+0.5=175293.2344  sbar_bright_T4c_mid+0.5=167505.6250  sbar_bright_T4d_mid+0.5=168318.4844  sbar_bright_T5a_mid+0.5=49541.5547  sbar_bright_T5b_mid+0.5=49814.4531  sbar_bright_T5c_mid+0.5=53954.4062  sbar_bright_T5d_mid+0.5=45405.3398  sbar_bright_T4b_mid+1.5=55499.2383  sbar_bright_T4c_mid+1.5=64232.1367  sbar_bright_T4d_mid+1.5=44913.3945  sbar_bright_T5a_mid+1.5=64067.4023  sbar_bright_T5b_mid+1.5=64526.8164  sbar_bright_T5c_mid+1.5=64714.0273  sbar_bright_T5d_mid+1.5=52592.7695  sbar_bright_T4a_mid+1.5=46967.3984  sbar_dark_T4a_mid+0=85458.5156  sbar_dark_T4b_mid+0=87572.9766  sbar_dark_T4c_mid+0=116491.8906  sbar_dark_T4d_mid+0=97982.1016  sbar_dark_T5a_mid+0=688725.3750  sbar_dark_T5b_mid+0=589045.7500  sbar_dark_T5c_mid+0=581878.1875  sbar_dark_T5d_mid+0=588995.5000  sbar_dark_T4a_mid+1=102527.6094  sbar_dark_T4b_mid+1=36420.3438  sbar_dark_T4c_mid+1=52869.3750  sbar_dark_T4d_mid+1=97873.2109  sbar_dark_T5a_mid+1=222169.3438  sbar_dark_T5b_mid+1=246809.2656  sbar_dark_T5c_mid+1=237707.6250  sbar_dark_T5d_mid+1=248411.4688  sbar_dark_T4a_mid+2=34605.4570  sbar_dark_T4b_mid+2=123547.9375  sbar_dark_T4c_mid+2=63114.3477  sbar_dark_T4d_mid+2=34601.8828  sbar_dark_T5a_mid+2=397758.4688  sbar_dark_T5b_mid+2=375308.3125  sbar_dark_T5c_mid+2=361810.6562  sbar_dark_T5d_mid+2=380879.2812  sbar_dark_T4a_mid-1=179087.0938  sbar_dark_T4b_mid-1=186244.2656  sbar_dark_T4c_mid-1=99065.8047  sbar_dark_T4d_mid-1=139944.0312  sbar_dark_T5a_mid-1=1939846.0000  sbar_dark_T5b_mid-1=2027310.0000  sbar_dark_T5c_mid-1=1946150.3750  sbar_dark_T5d_mid-1=2060572.7500  sbar_dark_T4a_mid-2=40586.9453  sbar_dark_T4b_mid-2=59517.2500  sbar_dark_T4c_mid-2=58670.5352  sbar_dark_T4d_mid-2=29220.4297  sbar_dark_T5b_mid-2=1146431.7500  sbar_dark_T5c_mid-2=1030546.5625  sbar_dark_T5d_mid-2=1106345.0000  sbar_dark_T5a_mid-2=1124084.0000  sbar_dark_T4a_mid-1.5=12019.4268  sbar_dark_T4b_mid-1.5=19450.0879  sbar_dark_T4c_mid-1.5=18600.4785  sbar_dark_T4d_mid-1.5=7754.5078  sbar_dark_T5a_mid-1.5=361400.0938  sbar_dark_T5b_mid-1.5=387017.4062  sbar_dark_T5c_mid-1.5=350077.3125  sbar_dark_T5d_mid-1.5=342152.9375  sbar_dark_T4a_mid-0.5=50371.2773  sbar_dark_T4b_mid-0.5=57624.4961  sbar_dark_T4c_mid-0.5=83982.1875  sbar_dark_T4d_mid-0.5=28737.8965  sbar_dark_T5a_mid-0.5=769357.9375  sbar_dark_T5b_mid-0.5=897171.1875  sbar_dark_T5c_mid-0.5=659919.4375  sbar_dark_T5d_mid-0.5=831664.8125  sbar_dark_T4a_mid+0.5=29744.5840  sbar_dark_T4b_mid+0.5=80035.9219  sbar_dark_T4c_mid+0.5=22812.5684  sbar_dark_T4d_mid+0.5=60214.1641  sbar_dark_T5a_mid+0.5=141504.7656  sbar_dark_T5b_mid+0.5=139873.1250  sbar_dark_T5c_mid+0.5=156934.9531  sbar_dark_T5d_mid+0.5=132015.7500  sbar_dark_T4b_mid+1.5=14005.6572  sbar_dark_T4c_mid+1.5=8200.3223  sbar_dark_T4d_mid+1.5=12280.5947  sbar_dark_T5a_mid+1.5=56835.9453  sbar_dark_T5b_mid+1.5=57255.3750  sbar_dark_T5c_mid+1.5=59034.0156  sbar_dark_T5d_mid+1.5=47674.4258  sbar_dark_T4a_mid+1.5=8298.1992]:  18%|█▊        | 180/1000 [01:57<08:53,  1.54it/s] Cost: 458052.0938  [spread_bright_L5=1538899.8750  spread_bright_Mi1=1643799.0000  spread_bright_Tm3=1497803.6250  spread_bright_Mi4=1842104.1250  spread_dark_L1=879599.8125  spread_dark_L2=1220514.8750  spread_dark_L3=2184627.2500  spread_dark_L4=3152667.0000  spread_dark_Mi9=1305480.0000  spread_dark_Tm1=1072643.1250  spread_dark_Tm2=1330109.1250  spread_dark_Tm4=2045871.6250  spread_dark_Tm9=1762091.5000  sbar_bright_T4a_mid+0=493808.7500  sbar_bright_T4b_mid+0=478230.6562  sbar_bright_T4c_mid+0=489594.7188  sbar_bright_T4d_mid+0=537204.9375  sbar_bright_T5a_mid+0=95662.1016  sbar_bright_T5b_mid+0=108577.7422  sbar_bright_T5c_mid+0=127443.7031  sbar_bright_T5d_mid+0=111906.6484  sbar_bright_T4a_mid+1=270790.1250  sbar_bright_T4b_mid+1=285724.2500  sbar_bright_T4c_mid+1=279436.4688  sbar_bright_T4d_mid+1=270454.0000  sbar_bright_T5a_mid+1=137851.9844  sbar_bright_T5b_mid+1=154076.2500  sbar_bright_T5c_mid+1=142816.1562  sbar_bright_T5d_mid+1=161452.9844  sbar_bright_T4a_mid+2=99749.0234  sbar_bright_T4b_mid+2=142210.0312  sbar_bright_T4c_mid+2=96626.3281  sbar_bright_T4d_mid+2=113314.7578  sbar_bright_T5a_mid+2=307591.3750  sbar_bright_T5b_mid+2=285833.6250  sbar_bright_T5c_mid+2=303427.6875  sbar_bright_T5d_mid+2=308044.3125  sbar_bright_T4a_mid-1=2163227.7500  sbar_bright_T4b_mid-1=1483954.0000  sbar_bright_T4c_mid-1=1882792.0000  sbar_bright_T4d_mid-1=2229549.7500  sbar_bright_T5a_mid-1=350942.6250  sbar_bright_T5b_mid-1=352453.0625  sbar_bright_T5c_mid-1=352482.7812  sbar_bright_T5d_mid-1=386059.6562  sbar_bright_T4a_mid-2=548226.1875  sbar_bright_T4b_mid-2=403613.7500  sbar_bright_T4c_mid-2=476638.0000  sbar_bright_T4d_mid-2=488861.1562  sbar_bright_T5b_mid-2=128356.8906  sbar_bright_T5c_mid-2=116948.7656  sbar_bright_T5d_mid-2=132997.2344  sbar_bright_T5a_mid-2=131652.1875  sbar_bright_T4a_mid-1.5=262901.9062  sbar_bright_T4b_mid-1.5=246814.9062  sbar_bright_T4c_mid-1.5=238105.9375  sbar_bright_T4d_mid-1.5=305642.9062  sbar_bright_T5a_mid-1.5=125462.9844  sbar_bright_T5b_mid-1.5=137518.6250  sbar_bright_T5c_mid-1.5=121375.4375  sbar_bright_T5d_mid-1.5=122371.1094  sbar_bright_T4a_mid-0.5=1143951.7500  sbar_bright_T4b_mid-0.5=1199934.2500  sbar_bright_T4c_mid-0.5=1182536.0000  sbar_bright_T4d_mid-0.5=1320570.1250  sbar_bright_T5a_mid-0.5=137153.2969  sbar_bright_T5b_mid-0.5=160804.6875  sbar_bright_T5c_mid-0.5=111599.6719  sbar_bright_T5d_mid-0.5=144471.4062  sbar_bright_T4a_mid+0.5=240919.9688  sbar_bright_T4b_mid+0.5=173255.8750  sbar_bright_T4c_mid+0.5=165548.8594  sbar_bright_T4d_mid+0.5=162431.2188  sbar_bright_T5a_mid+0.5=51951.1758  sbar_bright_T5b_mid+0.5=49768.9062  sbar_bright_T5c_mid+0.5=50871.2773  sbar_bright_T5d_mid+0.5=42323.9375  sbar_bright_T4b_mid+1.5=57186.8516  sbar_bright_T4c_mid+1.5=68315.2266  sbar_bright_T4d_mid+1.5=45282.5938  sbar_bright_T5a_mid+1.5=64040.8398  sbar_bright_T5b_mid+1.5=61888.4023  sbar_bright_T5c_mid+1.5=64000.7344  sbar_bright_T5d_mid+1.5=54228.4453  sbar_bright_T4a_mid+1.5=51345.6758  sbar_dark_T4a_mid+0=88600.6562  sbar_dark_T4b_mid+0=98873.9688  sbar_dark_T4c_mid+0=109729.7422  sbar_dark_T4d_mid+0=101077.4609  sbar_dark_T5a_mid+0=654010.1875  sbar_dark_T5b_mid+0=581005.3125  sbar_dark_T5c_mid+0=550322.3125  sbar_dark_T5d_mid+0=594826.0000  sbar_dark_T4a_mid+1=108518.1641  sbar_dark_T4b_mid+1=36050.4102  sbar_dark_T4c_mid+1=47804.4805  sbar_dark_T4d_mid+1=93779.7734  sbar_dark_T5a_mid+1=223993.1094  sbar_dark_T5b_mid+1=244522.6094  sbar_dark_T5c_mid+1=243378.1406  sbar_dark_T5d_mid+1=242282.8438  sbar_dark_T4a_mid+2=37873.9102  sbar_dark_T4b_mid+2=120561.7578  sbar_dark_T4c_mid+2=68046.1953  sbar_dark_T4d_mid+2=35725.4844  sbar_dark_T5a_mid+2=392515.6562  sbar_dark_T5b_mid+2=363409.1875  sbar_dark_T5c_mid+2=357372.8125  sbar_dark_T5d_mid+2=377131.5312  sbar_dark_T4a_mid-1=188383.5938  sbar_dark_T4b_mid-1=181424.3750  sbar_dark_T4c_mid-1=104703.1641  sbar_dark_T4d_mid-1=143117.9375  sbar_dark_T5a_mid-1=1934864.0000  sbar_dark_T5b_mid-1=2006952.1250  sbar_dark_T5c_mid-1=1911472.1250  sbar_dark_T5d_mid-1=2032020.5000  sbar_dark_T4a_mid-2=48239.6641  sbar_dark_T4b_mid-2=66766.1172  sbar_dark_T4c_mid-2=68560.5469  sbar_dark_T4d_mid-2=34566.9570  sbar_dark_T5b_mid-2=1139386.6250  sbar_dark_T5c_mid-2=1009478.5625  sbar_dark_T5d_mid-2=1094759.8750  sbar_dark_T5a_mid-2=1114282.7500  sbar_dark_T4a_mid-1.5=12427.9844  sbar_dark_T4b_mid-1.5=22542.8008  sbar_dark_T4c_mid-1.5=21723.7578  sbar_dark_T4d_mid-1.5=7975.0742  sbar_dark_T5a_mid-1.5=358162.2500  sbar_dark_T5b_mid-1.5=384766.3125  sbar_dark_T5c_mid-1.5=336046.1562  sbar_dark_T5d_mid-1.5=334542.4688  sbar_dark_T4a_mid-0.5=52409.7266  sbar_dark_T4b_mid-0.5=55369.7656  sbar_dark_T4c_mid-0.5=86192.1719  sbar_dark_T4d_mid-0.5=30710.6562  sbar_dark_T5a_mid-0.5=761981.6250  sbar_dark_T5b_mid-0.5=892716.8750  sbar_dark_T5c_mid-0.5=636144.2500  sbar_dark_T5d_mid-0.5=792646.3125  sbar_dark_T4a_mid+0.5=29703.9434  sbar_dark_T4b_mid+0.5=78062.0078  sbar_dark_T4c_mid+0.5=21657.2246  sbar_dark_T4d_mid+0.5=58953.8750  sbar_dark_T5a_mid+0.5=141882.0469  sbar_dark_T5b_mid+0.5=136792.1719  sbar_dark_T5c_mid+0.5=147005.4375  sbar_dark_T5d_mid+0.5=128177.0625  sbar_dark_T4b_mid+1.5=11793.0000  sbar_dark_T4c_mid+1.5=8519.1348  sbar_dark_T4d_mid+1.5=12587.7266  sbar_dark_T5a_mid+1.5=56737.6016  sbar_dark_T5b_mid+1.5=57563.5195  sbar_dark_T5c_mid+1.5=60339.6094  sbar_dark_T5d_mid+1.5=48741.9531  sbar_dark_T4a_mid+1.5=7546.9907]:  19%|█▉        | 190/1000 [02:03<08:47,  1.54it/s] Cost: 451187.2188  [spread_bright_L5=1606039.2500  spread_bright_Mi1=1582695.2500  spread_bright_Tm3=1484270.2500  spread_bright_Mi4=1871853.2500  spread_dark_L1=906507.1250  spread_dark_L2=1171579.8750  spread_dark_L3=2105431.7500  spread_dark_L4=3118985.5000  spread_dark_Mi9=1227355.3750  spread_dark_Tm1=1149872.5000  spread_dark_Tm2=1330913.8750  spread_dark_Tm4=1479972.6250  spread_dark_Tm9=1676686.0000  sbar_bright_T4a_mid+0=477755.3125  sbar_bright_T4b_mid+0=465349.1562  sbar_bright_T4c_mid+0=469571.7812  sbar_bright_T4d_mid+0=520421.9688  sbar_bright_T5a_mid+0=95066.7344  sbar_bright_T5b_mid+0=107494.2578  sbar_bright_T5c_mid+0=115913.6641  sbar_bright_T5d_mid+0=109729.0000  sbar_bright_T4a_mid+1=273257.4062  sbar_bright_T4b_mid+1=284572.9688  sbar_bright_T4c_mid+1=278503.9688  sbar_bright_T4d_mid+1=272256.9375  sbar_bright_T5a_mid+1=144832.1406  sbar_bright_T5b_mid+1=152294.5156  sbar_bright_T5c_mid+1=137512.2656  sbar_bright_T5d_mid+1=154188.2500  sbar_bright_T4a_mid+2=99827.4688  sbar_bright_T4b_mid+2=150836.0312  sbar_bright_T4c_mid+2=94524.4297  sbar_bright_T4d_mid+2=110715.4141  sbar_bright_T5a_mid+2=303703.2188  sbar_bright_T5b_mid+2=280041.5938  sbar_bright_T5c_mid+2=296834.2500  sbar_bright_T5d_mid+2=299471.1250  sbar_bright_T4a_mid-1=2127506.2500  sbar_bright_T4b_mid-1=1440129.3750  sbar_bright_T4c_mid-1=1861170.5000  sbar_bright_T4d_mid-1=2209629.7500  sbar_bright_T5a_mid-1=360724.0938  sbar_bright_T5b_mid-1=357999.7500  sbar_bright_T5c_mid-1=364055.2812  sbar_bright_T5d_mid-1=390691.5625  sbar_bright_T4a_mid-2=536399.0000  sbar_bright_T4b_mid-2=391027.1875  sbar_bright_T4c_mid-2=467786.3438  sbar_bright_T4d_mid-2=484045.2188  sbar_bright_T5b_mid-2=125672.7188  sbar_bright_T5c_mid-2=112931.7500  sbar_bright_T5d_mid-2=135824.2656  sbar_bright_T5a_mid-2=132461.1250  sbar_bright_T4a_mid-1.5=258548.3906  sbar_bright_T4b_mid-1.5=234461.8906  sbar_bright_T4c_mid-1.5=231255.0469  sbar_bright_T4d_mid-1.5=302622.4375  sbar_bright_T5a_mid-1.5=124254.5078  sbar_bright_T5b_mid-1.5=135899.7969  sbar_bright_T5c_mid-1.5=117566.3438  sbar_bright_T5d_mid-1.5=124113.5156  sbar_bright_T4a_mid-0.5=1132387.3750  sbar_bright_T4b_mid-0.5=1170312.0000  sbar_bright_T4c_mid-0.5=1172640.1250  sbar_bright_T4d_mid-0.5=1310371.7500  sbar_bright_T5a_mid-0.5=137929.4062  sbar_bright_T5b_mid-0.5=158795.9688  sbar_bright_T5c_mid-0.5=115292.0781  sbar_bright_T5d_mid-0.5=140458.1250  sbar_bright_T4a_mid+0.5=239335.4531  sbar_bright_T4b_mid+0.5=169846.3750  sbar_bright_T4c_mid+0.5=162957.3906  sbar_bright_T4d_mid+0.5=159129.2188  sbar_bright_T5a_mid+0.5=53828.2930  sbar_bright_T5b_mid+0.5=51184.6797  sbar_bright_T5c_mid+0.5=45183.3320  sbar_bright_T5d_mid+0.5=39295.7422  sbar_bright_T4b_mid+1.5=57876.0820  sbar_bright_T4c_mid+1.5=67136.5547  sbar_bright_T4d_mid+1.5=44444.2422  sbar_bright_T5a_mid+1.5=66697.0312  sbar_bright_T5b_mid+1.5=64068.7109  sbar_bright_T5c_mid+1.5=61511.4609  sbar_bright_T5d_mid+1.5=53416.2070  sbar_bright_T4a_mid+1.5=52107.2461  sbar_dark_T4a_mid+0=82911.8984  sbar_dark_T4b_mid+0=95062.5000  sbar_dark_T4c_mid+0=113130.8594  sbar_dark_T4d_mid+0=104850.2656  sbar_dark_T5a_mid+0=573270.4375  sbar_dark_T5b_mid+0=578871.0000  sbar_dark_T5c_mid+0=474602.0312  sbar_dark_T5d_mid+0=563450.5000  sbar_dark_T4a_mid+1=119820.3750  sbar_dark_T4b_mid+1=36101.3789  sbar_dark_T4c_mid+1=51434.7344  sbar_dark_T4d_mid+1=93825.5000  sbar_dark_T5a_mid+1=227708.6094  sbar_dark_T5b_mid+1=245994.1094  sbar_dark_T5c_mid+1=247832.5156  sbar_dark_T5d_mid+1=226053.4844  sbar_dark_T4a_mid+2=40507.1523  sbar_dark_T4b_mid+2=115703.5078  sbar_dark_T4c_mid+2=71805.5625  sbar_dark_T4d_mid+2=34975.6133  sbar_dark_T5a_mid+2=386329.2812  sbar_dark_T5b_mid+2=354323.4375  sbar_dark_T5c_mid+2=357233.5000  sbar_dark_T5d_mid+2=371005.5000  sbar_dark_T4a_mid-1=194928.5156  sbar_dark_T4b_mid-1=192560.0625  sbar_dark_T4c_mid-1=117367.0547  sbar_dark_T4d_mid-1=150836.4844  sbar_dark_T5a_mid-1=1978174.6250  sbar_dark_T5b_mid-1=2002326.8750  sbar_dark_T5c_mid-1=1951840.2500  sbar_dark_T5d_mid-1=2022329.6250  sbar_dark_T4a_mid-2=52710.0117  sbar_dark_T4b_mid-2=81252.9922  sbar_dark_T4c_mid-2=73728.8672  sbar_dark_T4d_mid-2=39692.8047  sbar_dark_T5b_mid-2=1139538.2500  sbar_dark_T5c_mid-2=1019964.6875  sbar_dark_T5d_mid-2=1123906.0000  sbar_dark_T5a_mid-2=1117889.2500  sbar_dark_T4a_mid-1.5=13663.7871  sbar_dark_T4b_mid-1.5=24742.7090  sbar_dark_T4c_mid-1.5=24690.2246  sbar_dark_T4d_mid-1.5=8085.2305  sbar_dark_T5a_mid-1.5=360554.9688  sbar_dark_T5b_mid-1.5=383229.5625  sbar_dark_T5c_mid-1.5=329524.1562  sbar_dark_T5d_mid-1.5=337462.7812  sbar_dark_T4a_mid-0.5=63678.5781  sbar_dark_T4b_mid-0.5=57005.3672  sbar_dark_T4c_mid-0.5=103654.1328  sbar_dark_T4d_mid-0.5=31589.7578  sbar_dark_T5a_mid-0.5=772378.9375  sbar_dark_T5b_mid-0.5=897520.6875  sbar_dark_T5c_mid-0.5=670419.6250  sbar_dark_T5d_mid-0.5=759343.8750  sbar_dark_T4a_mid+0.5=34041.5352  sbar_dark_T4b_mid+0.5=85664.5547  sbar_dark_T4c_mid+0.5=20943.0332  sbar_dark_T4d_mid+0.5=68004.6797  sbar_dark_T5a_mid+0.5=151406.0000  sbar_dark_T5b_mid+0.5=139862.0625  sbar_dark_T5c_mid+0.5=133224.8594  sbar_dark_T5d_mid+0.5=119200.8359  sbar_dark_T4b_mid+1.5=11013.4160  sbar_dark_T4c_mid+1.5=8644.0176  sbar_dark_T4d_mid+1.5=12997.0410  sbar_dark_T5a_mid+1.5=57595.3516  sbar_dark_T5b_mid+1.5=56957.1445  sbar_dark_T5c_mid+1.5=59147.1953  sbar_dark_T5d_mid+1.5=47177.1133  sbar_dark_T4a_mid+1.5=7291.6035]:  20%|██        | 200/1000 [02:10<08:43,  1.53it/s] Cost: 443920.6562  [spread_bright_L5=1591984.7500  spread_bright_Mi1=1556109.6250  spread_bright_Tm3=1452783.1250  spread_bright_Mi4=1869324.8750  spread_dark_L1=914361.3125  spread_dark_L2=1104337.0000  spread_dark_L3=2022577.5000  spread_dark_L4=3138857.0000  spread_dark_Mi9=1208280.2500  spread_dark_Tm1=1159339.0000  spread_dark_Tm2=1336765.5000  spread_dark_Tm4=1452555.1250  spread_dark_Tm9=1671831.8750  sbar_bright_T4a_mid+0=454281.9688  sbar_bright_T4b_mid+0=453343.0312  sbar_bright_T4c_mid+0=450196.5938  sbar_bright_T4d_mid+0=505529.0625  sbar_bright_T5a_mid+0=98311.0547  sbar_bright_T5b_mid+0=110726.2109  sbar_bright_T5c_mid+0=120638.9609  sbar_bright_T5d_mid+0=111878.3906  sbar_bright_T4a_mid+1=273909.0312  sbar_bright_T4b_mid+1=294914.7500  sbar_bright_T4c_mid+1=291894.2500  sbar_bright_T4d_mid+1=274353.8438  sbar_bright_T5a_mid+1=164059.3281  sbar_bright_T5b_mid+1=152544.3281  sbar_bright_T5c_mid+1=136201.9688  sbar_bright_T5d_mid+1=151572.8906  sbar_bright_T4a_mid+2=101609.0312  sbar_bright_T4b_mid+2=157844.7031  sbar_bright_T4c_mid+2=101286.3281  sbar_bright_T4d_mid+2=121183.2500  sbar_bright_T5a_mid+2=299768.7500  sbar_bright_T5b_mid+2=277978.6250  sbar_bright_T5c_mid+2=296790.8438  sbar_bright_T5d_mid+2=295511.1250  sbar_bright_T4a_mid-1=2097764.2500  sbar_bright_T4b_mid-1=1450279.2500  sbar_bright_T4c_mid-1=1839106.6250  sbar_bright_T4d_mid-1=2187393.2500  sbar_bright_T5a_mid-1=360244.3750  sbar_bright_T5b_mid-1=364609.6250  sbar_bright_T5c_mid-1=373386.0000  sbar_bright_T5d_mid-1=392650.7812  sbar_bright_T4a_mid-2=520902.9375  sbar_bright_T4b_mid-2=382185.6875  sbar_bright_T4c_mid-2=447802.7500  sbar_bright_T4d_mid-2=472809.6250  sbar_bright_T5b_mid-2=124056.1719  sbar_bright_T5c_mid-2=105138.6094  sbar_bright_T5d_mid-2=135275.8906  sbar_bright_T5a_mid-2=127086.3359  sbar_bright_T4a_mid-1.5=252800.5000  sbar_bright_T4b_mid-1.5=228939.8750  sbar_bright_T4c_mid-1.5=217025.9531  sbar_bright_T4d_mid-1.5=300770.1875  sbar_bright_T5a_mid-1.5=121160.0391  sbar_bright_T5b_mid-1.5=134707.0000  sbar_bright_T5c_mid-1.5=115334.9062  sbar_bright_T5d_mid-1.5=122153.9844  sbar_bright_T4a_mid-0.5=1118991.0000  sbar_bright_T4b_mid-0.5=1159821.2500  sbar_bright_T4c_mid-0.5=1158720.8750  sbar_bright_T4d_mid-0.5=1296561.0000  sbar_bright_T5a_mid-0.5=137923.2656  sbar_bright_T5b_mid-0.5=159638.8281  sbar_bright_T5c_mid-0.5=119570.6094  sbar_bright_T5d_mid-0.5=140192.3281  sbar_bright_T4a_mid+0.5=229751.6875  sbar_bright_T4b_mid+0.5=163946.2656  sbar_bright_T4c_mid+0.5=157638.1250  sbar_bright_T4d_mid+0.5=152992.0938  sbar_bright_T5a_mid+0.5=54332.4844  sbar_bright_T5b_mid+0.5=53064.1914  sbar_bright_T5c_mid+0.5=45181.1758  sbar_bright_T5d_mid+0.5=40823.6367  sbar_bright_T4b_mid+1.5=62691.0977  sbar_bright_T4c_mid+1.5=74652.1016  sbar_bright_T4d_mid+1.5=47359.3477  sbar_bright_T5a_mid+1.5=65575.0391  sbar_bright_T5b_mid+1.5=64024.2500  sbar_bright_T5c_mid+1.5=61209.6211  sbar_bright_T5d_mid+1.5=50343.7539  sbar_bright_T4a_mid+1.5=57792.3359  sbar_dark_T4a_mid+0=89813.2812  sbar_dark_T4b_mid+0=108306.6484  sbar_dark_T4c_mid+0=115965.5312  sbar_dark_T4d_mid+0=107227.2969  sbar_dark_T5a_mid+0=536252.2500  sbar_dark_T5b_mid+0=531698.3750  sbar_dark_T5c_mid+0=379033.6875  sbar_dark_T5d_mid+0=486019.2812  sbar_dark_T4a_mid+1=123430.6953  sbar_dark_T4b_mid+1=36929.8867  sbar_dark_T4c_mid+1=51020.1406  sbar_dark_T4d_mid+1=83538.3594  sbar_dark_T5a_mid+1=247784.9062  sbar_dark_T5b_mid+1=248645.7031  sbar_dark_T5c_mid+1=263937.1250  sbar_dark_T5d_mid+1=226214.8281  sbar_dark_T4a_mid+2=46017.4609  sbar_dark_T4b_mid+2=124397.3359  sbar_dark_T4c_mid+2=76208.4609  sbar_dark_T4d_mid+2=40661.6914  sbar_dark_T5a_mid+2=383452.3750  sbar_dark_T5b_mid+2=350541.5938  sbar_dark_T5c_mid+2=361583.1875  sbar_dark_T5d_mid+2=371660.8750  sbar_dark_T4a_mid-1=198983.7969  sbar_dark_T4b_mid-1=200522.7188  sbar_dark_T4c_mid-1=123495.8828  sbar_dark_T4d_mid-1=159641.7188  sbar_dark_T5a_mid-1=1899184.2500  sbar_dark_T5b_mid-1=1973297.6250  sbar_dark_T5c_mid-1=1850505.2500  sbar_dark_T5d_mid-1=1969578.7500  sbar_dark_T4a_mid-2=59044.5156  sbar_dark_T4b_mid-2=95958.5312  sbar_dark_T4c_mid-2=79110.8516  sbar_dark_T4d_mid-2=47168.5664  sbar_dark_T5b_mid-2=1132241.0000  sbar_dark_T5c_mid-2=947655.3750  sbar_dark_T5d_mid-2=1088208.6250  sbar_dark_T5a_mid-2=1060832.6250  sbar_dark_T4a_mid-1.5=14286.1582  sbar_dark_T4b_mid-1.5=30504.4277  sbar_dark_T4c_mid-1.5=30369.0469  sbar_dark_T4d_mid-1.5=8385.0938  sbar_dark_T5a_mid-1.5=349487.9375  sbar_dark_T5b_mid-1.5=380957.5938  sbar_dark_T5c_mid-1.5=324748.1875  sbar_dark_T5d_mid-1.5=335714.1250  sbar_dark_T4a_mid-0.5=65611.0938  sbar_dark_T4b_mid-0.5=60833.5430  sbar_dark_T4c_mid-0.5=105495.8047  sbar_dark_T4d_mid-0.5=34529.0391  sbar_dark_T5a_mid-0.5=730300.2500  sbar_dark_T5b_mid-0.5=894253.6250  sbar_dark_T5c_mid-0.5=600510.7500  sbar_dark_T5d_mid-0.5=729065.5000  sbar_dark_T4a_mid+0.5=32502.8008  sbar_dark_T4b_mid+0.5=86772.8438  sbar_dark_T4c_mid+0.5=23927.8633  sbar_dark_T4d_mid+0.5=69903.9062  sbar_dark_T5a_mid+0.5=146386.1094  sbar_dark_T5b_mid+0.5=140090.0469  sbar_dark_T5c_mid+0.5=125190.7422  sbar_dark_T5d_mid+0.5=109636.9219  sbar_dark_T4b_mid+1.5=10745.7373  sbar_dark_T4c_mid+1.5=9674.2148  sbar_dark_T4d_mid+1.5=12313.1318  sbar_dark_T5a_mid+1.5=57755.2891  sbar_dark_T5b_mid+1.5=57232.9375  sbar_dark_T5c_mid+1.5=63150.5898  sbar_dark_T5d_mid+1.5=49588.4531  sbar_dark_T4a_mid+1.5=8040.1553]:  21%|██        | 210/1000 [02:17<08:41,  1.51it/s] Cost: 437871.5938  [spread_bright_L5=1641530.6250  spread_bright_Mi1=1528232.5000  spread_bright_Tm3=1493450.5000  spread_bright_Mi4=1830038.2500  spread_dark_L1=963373.8125  spread_dark_L2=1071519.5000  spread_dark_L3=1948587.1250  spread_dark_L4=3102915.7500  spread_dark_Mi9=1212765.6250  spread_dark_Tm1=1149014.7500  spread_dark_Tm2=1351956.2500  spread_dark_Tm4=1552378.7500  spread_dark_Tm9=1702410.0000  sbar_bright_T4a_mid+0=445947.5938  sbar_bright_T4b_mid+0=448999.1875  sbar_bright_T4c_mid+0=432097.3438  sbar_bright_T4d_mid+0=492602.7188  sbar_bright_T5a_mid+0=103062.6953  sbar_bright_T5b_mid+0=114866.6797  sbar_bright_T5c_mid+0=119291.2969  sbar_bright_T5d_mid+0=107134.6562  sbar_bright_T4a_mid+1=277046.6250  sbar_bright_T4b_mid+1=304013.2188  sbar_bright_T4c_mid+1=296676.7500  sbar_bright_T4d_mid+1=275501.5625  sbar_bright_T5a_mid+1=157553.0625  sbar_bright_T5b_mid+1=151684.0000  sbar_bright_T5c_mid+1=127531.9453  sbar_bright_T5d_mid+1=136703.1406  sbar_bright_T4a_mid+2=102854.4375  sbar_bright_T4b_mid+2=156391.0000  sbar_bright_T4c_mid+2=104927.6797  sbar_bright_T4d_mid+2=127214.4844  sbar_bright_T5a_mid+2=292851.9688  sbar_bright_T5b_mid+2=278686.6250  sbar_bright_T5c_mid+2=276790.8438  sbar_bright_T5d_mid+2=281710.9688  sbar_bright_T4a_mid-1=2081739.5000  sbar_bright_T4b_mid-1=1452398.2500  sbar_bright_T4c_mid-1=1808592.7500  sbar_bright_T4d_mid-1=2147535.5000  sbar_bright_T5a_mid-1=359993.1875  sbar_bright_T5b_mid-1=372215.1562  sbar_bright_T5c_mid-1=368960.1875  sbar_bright_T5d_mid-1=381326.7188  sbar_bright_T4a_mid-2=499150.4375  sbar_bright_T4b_mid-2=372331.2188  sbar_bright_T4c_mid-2=429566.1562  sbar_bright_T4d_mid-2=458238.8125  sbar_bright_T5b_mid-2=123571.9062  sbar_bright_T5c_mid-2=98371.5859  sbar_bright_T5d_mid-2=124556.7266  sbar_bright_T5a_mid-2=119358.3125  sbar_bright_T4a_mid-1.5=244680.1094  sbar_bright_T4b_mid-1.5=223469.2969  sbar_bright_T4c_mid-1.5=200959.5938  sbar_bright_T4d_mid-1.5=297339.7188  sbar_bright_T5a_mid-1.5=121397.3594  sbar_bright_T5b_mid-1.5=134748.3281  sbar_bright_T5c_mid-1.5=117267.9688  sbar_bright_T5d_mid-1.5=118427.7891  sbar_bright_T4a_mid-0.5=1106473.3750  sbar_bright_T4b_mid-0.5=1149071.8750  sbar_bright_T4c_mid-0.5=1155604.8750  sbar_bright_T4d_mid-0.5=1265756.5000  sbar_bright_T5a_mid-0.5=136266.4688  sbar_bright_T5b_mid-0.5=161608.8594  sbar_bright_T5c_mid-0.5=116061.7500  sbar_bright_T5d_mid-0.5=141692.1562  sbar_bright_T4a_mid+0.5=225838.9219  sbar_bright_T4b_mid+0.5=161951.1719  sbar_bright_T4c_mid+0.5=153760.7500  sbar_bright_T4d_mid+0.5=146776.8438  sbar_bright_T5a_mid+0.5=51016.1172  sbar_bright_T5b_mid+0.5=53381.1289  sbar_bright_T5c_mid+0.5=44416.2617  sbar_bright_T5d_mid+0.5=37421.7734  sbar_bright_T4b_mid+1.5=67183.0469  sbar_bright_T4c_mid+1.5=78125.1719  sbar_bright_T4d_mid+1.5=49626.3672  sbar_bright_T5a_mid+1.5=63059.9297  sbar_bright_T5b_mid+1.5=65515.1484  sbar_bright_T5c_mid+1.5=56878.3359  sbar_bright_T5d_mid+1.5=43462.4258  sbar_bright_T4a_mid+1.5=58776.0156  sbar_dark_T4a_mid+0=97291.5547  sbar_dark_T4b_mid+0=113737.7656  sbar_dark_T4c_mid+0=117771.6172  sbar_dark_T4d_mid+0=114846.9688  sbar_dark_T5a_mid+0=480447.8750  sbar_dark_T5b_mid+0=505784.3125  sbar_dark_T5c_mid+0=336601.9375  sbar_dark_T5d_mid+0=455783.3125  sbar_dark_T4a_mid+1=127775.5859  sbar_dark_T4b_mid+1=35947.0820  sbar_dark_T4c_mid+1=51474.2461  sbar_dark_T4d_mid+1=83679.0234  sbar_dark_T5a_mid+1=276497.8438  sbar_dark_T5b_mid+1=246860.0781  sbar_dark_T5c_mid+1=286619.1562  sbar_dark_T5d_mid+1=217163.9375  sbar_dark_T4a_mid+2=50276.5391  sbar_dark_T4b_mid+2=121138.5938  sbar_dark_T4c_mid+2=78830.9922  sbar_dark_T4d_mid+2=42040.4688  sbar_dark_T5a_mid+2=370447.5625  sbar_dark_T5b_mid+2=345919.3750  sbar_dark_T5c_mid+2=345079.2188  sbar_dark_T5d_mid+2=358635.5000  sbar_dark_T4a_mid-1=198470.7812  sbar_dark_T4b_mid-1=200695.0625  sbar_dark_T4c_mid-1=135001.6094  sbar_dark_T4d_mid-1=163091.1250  sbar_dark_T5a_mid-1=1800181.3750  sbar_dark_T5b_mid-1=1945592.5000  sbar_dark_T5c_mid-1=1719450.6250  sbar_dark_T5d_mid-1=1909858.3750  sbar_dark_T4a_mid-2=64734.9844  sbar_dark_T4b_mid-2=106052.4297  sbar_dark_T4c_mid-2=82935.6484  sbar_dark_T4d_mid-2=55397.4258  sbar_dark_T5b_mid-2=1122948.2500  sbar_dark_T5c_mid-2=904719.6875  sbar_dark_T5d_mid-2=1044721.5625  sbar_dark_T5a_mid-2=1007060.1875  sbar_dark_T4a_mid-1.5=16970.4707  sbar_dark_T4b_mid-1.5=33052.0234  sbar_dark_T4c_mid-1.5=36970.5938  sbar_dark_T4d_mid-1.5=9204.1934  sbar_dark_T5a_mid-1.5=346157.5312  sbar_dark_T5b_mid-1.5=379775.0625  sbar_dark_T5c_mid-1.5=340320.0000  sbar_dark_T5d_mid-1.5=339121.0312  sbar_dark_T4a_mid-0.5=67878.3984  sbar_dark_T4b_mid-0.5=61343.4961  sbar_dark_T4c_mid-0.5=104746.3125  sbar_dark_T4d_mid-0.5=38625.4180  sbar_dark_T5a_mid-0.5=706610.5000  sbar_dark_T5b_mid-0.5=889431.0000  sbar_dark_T5c_mid-0.5=548849.0625  sbar_dark_T5d_mid-0.5=729620.6875  sbar_dark_T4a_mid+0.5=33425.7422  sbar_dark_T4b_mid+0.5=81583.1562  sbar_dark_T4c_mid+0.5=24938.7285  sbar_dark_T4d_mid+0.5=72997.1797  sbar_dark_T5a_mid+0.5=135554.5938  sbar_dark_T5b_mid+0.5=137278.9375  sbar_dark_T5c_mid+0.5=114906.3125  sbar_dark_T5d_mid+0.5=104976.6641  sbar_dark_T4b_mid+1.5=11102.3301  sbar_dark_T4c_mid+1.5=10282.5420  sbar_dark_T4d_mid+1.5=10846.1367  sbar_dark_T5a_mid+1.5=55875.3281  sbar_dark_T5b_mid+1.5=55981.4141  sbar_dark_T5c_mid+1.5=61697.9688  sbar_dark_T5d_mid+1.5=49265.3125  sbar_dark_T4a_mid+1.5=8650.1201]:  22%|██▏       | 220/1000 [02:23<08:35,  1.51it/s] Cost: 433224.7812  [spread_bright_L5=1683295.5000  spread_bright_Mi1=1462145.0000  spread_bright_Tm3=1501678.6250  spread_bright_Mi4=1844039.0000  spread_dark_L1=994116.8750  spread_dark_L2=995496.1875  spread_dark_L3=1878844.8750  spread_dark_L4=3096274.7500  spread_dark_Mi9=1184678.8750  spread_dark_Tm1=1154408.0000  spread_dark_Tm2=1360014.8750  spread_dark_Tm4=1547342.8750  spread_dark_Tm9=1661610.8750  sbar_bright_T4a_mid+0=430742.4375  sbar_bright_T4b_mid+0=440575.1250  sbar_bright_T4c_mid+0=427570.5625  sbar_bright_T4d_mid+0=484560.5625  sbar_bright_T5a_mid+0=102355.5156  sbar_bright_T5b_mid+0=112966.8438  sbar_bright_T5c_mid+0=116379.1484  sbar_bright_T5d_mid+0=104150.2344  sbar_bright_T4a_mid+1=275262.5312  sbar_bright_T4b_mid+1=306311.8125  sbar_bright_T4c_mid+1=293341.5312  sbar_bright_T4d_mid+1=274137.5312  sbar_bright_T5a_mid+1=137393.0781  sbar_bright_T5b_mid+1=147863.3125  sbar_bright_T5c_mid+1=123398.5391  sbar_bright_T5d_mid+1=129140.1328  sbar_bright_T4a_mid+2=98386.2656  sbar_bright_T4b_mid+2=151023.7969  sbar_bright_T4c_mid+2=103287.6953  sbar_bright_T4d_mid+2=127089.4297  sbar_bright_T5a_mid+2=284456.0000  sbar_bright_T5b_mid+2=271916.6875  sbar_bright_T5c_mid+2=265713.6875  sbar_bright_T5d_mid+2=271580.2188  sbar_bright_T4a_mid-1=2075857.0000  sbar_bright_T4b_mid-1=1480410.0000  sbar_bright_T4c_mid-1=1821211.6250  sbar_bright_T4d_mid-1=2144989.5000  sbar_bright_T5a_mid-1=354990.7188  sbar_bright_T5b_mid-1=369718.2812  sbar_bright_T5c_mid-1=361361.0000  sbar_bright_T5d_mid-1=368098.9375  sbar_bright_T4a_mid-2=485258.7188  sbar_bright_T4b_mid-2=369188.9062  sbar_bright_T4c_mid-2=426329.9688  sbar_bright_T4d_mid-2=461052.7500  sbar_bright_T5b_mid-2=122508.5625  sbar_bright_T5c_mid-2=90888.9688  sbar_bright_T5d_mid-2=115337.4141  sbar_bright_T5a_mid-2=114954.8516  sbar_bright_T4a_mid-1.5=242019.3125  sbar_bright_T4b_mid-1.5=204406.2344  sbar_bright_T4c_mid-1.5=196172.5781  sbar_bright_T4d_mid-1.5=294690.5625  sbar_bright_T5a_mid-1.5=117069.7812  sbar_bright_T5b_mid-1.5=133254.0938  sbar_bright_T5c_mid-1.5=109985.1406  sbar_bright_T5d_mid-1.5=111404.4375  sbar_bright_T4a_mid-0.5=1113230.6250  sbar_bright_T4b_mid-0.5=1153420.3750  sbar_bright_T4c_mid-0.5=1161166.2500  sbar_bright_T4d_mid-0.5=1265896.1250  sbar_bright_T5a_mid-0.5=135809.2031  sbar_bright_T5b_mid-0.5=161292.4062  sbar_bright_T5c_mid-0.5=110894.6641  sbar_bright_T5d_mid-0.5=137854.0938  sbar_bright_T4a_mid+0.5=226303.1250  sbar_bright_T4b_mid+0.5=162281.8594  sbar_bright_T4c_mid+0.5=153286.0000  sbar_bright_T4d_mid+0.5=147001.6406  sbar_bright_T5a_mid+0.5=50350.4023  sbar_bright_T5b_mid+0.5=53059.8438  sbar_bright_T5c_mid+0.5=41695.9336  sbar_bright_T5d_mid+0.5=35244.2617  sbar_bright_T4b_mid+1.5=64058.7109  sbar_bright_T4c_mid+1.5=78053.4297  sbar_bright_T4d_mid+1.5=49460.2266  sbar_bright_T5a_mid+1.5=61526.0391  sbar_bright_T5b_mid+1.5=64900.4883  sbar_bright_T5c_mid+1.5=54115.4883  sbar_bright_T5d_mid+1.5=41679.5469  sbar_bright_T4a_mid+1.5=59810.4297  sbar_dark_T4a_mid+0=87947.5703  sbar_dark_T4b_mid+0=104880.6953  sbar_dark_T4c_mid+0=117961.4453  sbar_dark_T4d_mid+0=110275.8984  sbar_dark_T5a_mid+0=462548.3438  sbar_dark_T5b_mid+0=519523.1875  sbar_dark_T5c_mid+0=364305.1875  sbar_dark_T5d_mid+0=519104.5312  sbar_dark_T4a_mid+1=133528.4531  sbar_dark_T4b_mid+1=34859.3398  sbar_dark_T4c_mid+1=51645.2461  sbar_dark_T4d_mid+1=86109.5156  sbar_dark_T5a_mid+1=294593.0625  sbar_dark_T5b_mid+1=242652.8750  sbar_dark_T5c_mid+1=320874.3750  sbar_dark_T5d_mid+1=213541.6406  sbar_dark_T4a_mid+2=48776.8047  sbar_dark_T4b_mid+2=123213.7500  sbar_dark_T4c_mid+2=76783.8516  sbar_dark_T4d_mid+2=41013.1172  sbar_dark_T5a_mid+2=365781.8438  sbar_dark_T5b_mid+2=343826.1875  sbar_dark_T5c_mid+2=343730.4688  sbar_dark_T5d_mid+2=352923.2812  sbar_dark_T4a_mid-1=197442.7656  sbar_dark_T4b_mid-1=202041.4688  sbar_dark_T4c_mid-1=134275.3906  sbar_dark_T4d_mid-1=165453.8750  sbar_dark_T5a_mid-1=1732083.1250  sbar_dark_T5b_mid-1=1900896.5000  sbar_dark_T5c_mid-1=1658413.1250  sbar_dark_T5d_mid-1=1859493.7500  sbar_dark_T4a_mid-2=64094.2188  sbar_dark_T4b_mid-2=107522.6094  sbar_dark_T4c_mid-2=81962.7578  sbar_dark_T4d_mid-2=55301.9609  sbar_dark_T5b_mid-2=1111458.0000  sbar_dark_T5c_mid-2=875743.6875  sbar_dark_T5d_mid-2=1013828.6875  sbar_dark_T5a_mid-2=973069.8750  sbar_dark_T4a_mid-1.5=15852.3232  sbar_dark_T4b_mid-1.5=37209.7891  sbar_dark_T4c_mid-1.5=36884.3359  sbar_dark_T4d_mid-1.5=9010.3779  sbar_dark_T5a_mid-1.5=336494.6875  sbar_dark_T5b_mid-1.5=379055.0000  sbar_dark_T5c_mid-1.5=327400.7812  sbar_dark_T5d_mid-1.5=327685.3125  sbar_dark_T4a_mid-0.5=75413.3516  sbar_dark_T4b_mid-0.5=58191.9727  sbar_dark_T4c_mid-0.5=114040.0156  sbar_dark_T4d_mid-0.5=37851.8984  sbar_dark_T5a_mid-0.5=691230.1875  sbar_dark_T5b_mid-0.5=881516.6250  sbar_dark_T5c_mid-0.5=513513.9688  sbar_dark_T5d_mid-0.5=708221.1250  sbar_dark_T4a_mid+0.5=35029.7500  sbar_dark_T4b_mid+0.5=88609.6016  sbar_dark_T4c_mid+0.5=25103.3867  sbar_dark_T4d_mid+0.5=84246.6875  sbar_dark_T5a_mid+0.5=131797.7656  sbar_dark_T5b_mid+0.5=132282.3281  sbar_dark_T5c_mid+0.5=108742.7188  sbar_dark_T5d_mid+0.5=107421.6719  sbar_dark_T4b_mid+1.5=8735.3262  sbar_dark_T4c_mid+1.5=8977.3955  sbar_dark_T4d_mid+1.5=10279.3809  sbar_dark_T5a_mid+1.5=57165.4727  sbar_dark_T5b_mid+1.5=57321.5078  sbar_dark_T5c_mid+1.5=61943.1211  sbar_dark_T5d_mid+1.5=50383.8125  sbar_dark_T4a_mid+1.5=8099.6040]:       23%|██▎       | 230/1000 [02:30<08:30,  1.51it/s] Cost: 429477.5000  [spread_bright_L5=1693421.7500  spread_bright_Mi1=1416692.2500  spread_bright_Tm3=1503955.1250  spread_bright_Mi4=1803687.5000  spread_dark_L1=1040414.0000  spread_dark_L2=949860.7500  spread_dark_L3=1800407.1250  spread_dark_L4=3119905.7500  spread_dark_Mi9=1182925.6250  spread_dark_Tm1=1119451.0000  spread_dark_Tm2=1354983.1250  spread_dark_Tm4=1548530.3750  spread_dark_Tm9=1664963.8750  sbar_bright_T4a_mid+0=422053.2188  sbar_bright_T4b_mid+0=430328.7500  sbar_bright_T4c_mid+0=415122.4375  sbar_bright_T4d_mid+0=479251.7188  sbar_bright_T5a_mid+0=104513.8516  sbar_bright_T5b_mid+0=119614.9609  sbar_bright_T5c_mid+0=118443.4062  sbar_bright_T5d_mid+0=104698.1797  sbar_bright_T4a_mid+1=274650.0938  sbar_bright_T4b_mid+1=311451.0312  sbar_bright_T4c_mid+1=301611.2188  sbar_bright_T4d_mid+1=276347.7500  sbar_bright_T5a_mid+1=125939.7031  sbar_bright_T5b_mid+1=150888.8438  sbar_bright_T5c_mid+1=121268.1953  sbar_bright_T5d_mid+1=130475.8672  sbar_bright_T4a_mid+2=99072.0234  sbar_bright_T4b_mid+2=160952.5469  sbar_bright_T4c_mid+2=110830.6094  sbar_bright_T4d_mid+2=133978.3750  sbar_bright_T5a_mid+2=275692.7188  sbar_bright_T5b_mid+2=270105.5000  sbar_bright_T5c_mid+2=258954.5156  sbar_bright_T5d_mid+2=267624.9688  sbar_bright_T4a_mid-1=2045085.8750  sbar_bright_T4b_mid-1=1473614.1250  sbar_bright_T4c_mid-1=1789548.1250  sbar_bright_T4d_mid-1=2116306.5000  sbar_bright_T5a_mid-1=360071.5625  sbar_bright_T5b_mid-1=380160.6875  sbar_bright_T5c_mid-1=366067.6875  sbar_bright_T5d_mid-1=371773.8438  sbar_bright_T4a_mid-2=473442.0938  sbar_bright_T4b_mid-2=357585.6562  sbar_bright_T4c_mid-2=413317.6875  sbar_bright_T4d_mid-2=447458.5938  sbar_bright_T5b_mid-2=124444.4766  sbar_bright_T5c_mid-2=92151.2812  sbar_bright_T5d_mid-2=116045.8047  sbar_bright_T5a_mid-2=113399.8516  sbar_bright_T4a_mid-1.5=234966.7500  sbar_bright_T4b_mid-1.5=202339.1875  sbar_bright_T4c_mid-1.5=187736.3906  sbar_bright_T4d_mid-1.5=293164.7812  sbar_bright_T5a_mid-1.5=116343.5547  sbar_bright_T5b_mid-1.5=134420.4062  sbar_bright_T5c_mid-1.5=109397.8438  sbar_bright_T5d_mid-1.5=110429.5234  sbar_bright_T4a_mid-0.5=1099095.6250  sbar_bright_T4b_mid-0.5=1138136.6250  sbar_bright_T4c_mid-0.5=1149701.5000  sbar_bright_T4d_mid-0.5=1241488.8750  sbar_bright_T5a_mid-0.5=138488.8594  sbar_bright_T5b_mid-0.5=163648.8125  sbar_bright_T5c_mid-0.5=115897.5625  sbar_bright_T5d_mid-0.5=139531.9531  sbar_bright_T4a_mid+0.5=222070.3125  sbar_bright_T4b_mid+0.5=159994.5312  sbar_bright_T4c_mid+0.5=150406.2188  sbar_bright_T4d_mid+0.5=141176.6875  sbar_bright_T5a_mid+0.5=51393.5820  sbar_bright_T5b_mid+0.5=56080.6367  sbar_bright_T5c_mid+0.5=43441.0156  sbar_bright_T5d_mid+0.5=36787.8125  sbar_bright_T4b_mid+1.5=64578.7070  sbar_bright_T4c_mid+1.5=82751.8281  sbar_bright_T4d_mid+1.5=49504.6445  sbar_bright_T5a_mid+1.5=59940.1133  sbar_bright_T5b_mid+1.5=66819.9922  sbar_bright_T5c_mid+1.5=52772.7031  sbar_bright_T5d_mid+1.5=41496.8125  sbar_bright_T4a_mid+1.5=62919.8125  sbar_dark_T4a_mid+0=92860.1328  sbar_dark_T4b_mid+0=107958.8984  sbar_dark_T4c_mid+0=116970.3438  sbar_dark_T4d_mid+0=115113.0781  sbar_dark_T5a_mid+0=441414.8438  sbar_dark_T5b_mid+0=453085.5625  sbar_dark_T5c_mid+0=364957.9375  sbar_dark_T5d_mid+0=492822.6562  sbar_dark_T4a_mid+1=136312.5938  sbar_dark_T4b_mid+1=39115.8438  sbar_dark_T4c_mid+1=51261.0977  sbar_dark_T4d_mid+1=87353.1250  sbar_dark_T5a_mid+1=305025.0000  sbar_dark_T5b_mid+1=244722.9844  sbar_dark_T5c_mid+1=308052.4688  sbar_dark_T5d_mid+1=210181.9844  sbar_dark_T4a_mid+2=53172.7695  sbar_dark_T4b_mid+2=126907.6328  sbar_dark_T4c_mid+2=79146.3906  sbar_dark_T4d_mid+2=46363.6055  sbar_dark_T5a_mid+2=358177.1250  sbar_dark_T5b_mid+2=345921.5000  sbar_dark_T5c_mid+2=331001.0312  sbar_dark_T5d_mid+2=345799.7812  sbar_dark_T4a_mid-1=205160.8750  sbar_dark_T4b_mid-1=211482.9844  sbar_dark_T4c_mid-1=141947.3125  sbar_dark_T4d_mid-1=168182.8281  sbar_dark_T5a_mid-1=1680694.2500  sbar_dark_T5b_mid-1=1874787.6250  sbar_dark_T5c_mid-1=1644972.5000  sbar_dark_T5d_mid-1=1855070.7500  sbar_dark_T4a_mid-2=70193.0234  sbar_dark_T4b_mid-2=115681.8594  sbar_dark_T4c_mid-2=86179.6016  sbar_dark_T4d_mid-2=63286.9453  sbar_dark_T5b_mid-2=1105039.6250  sbar_dark_T5c_mid-2=875619.2500  sbar_dark_T5d_mid-2=1015986.4375  sbar_dark_T5a_mid-2=953647.5625  sbar_dark_T4a_mid-1.5=18081.6699  sbar_dark_T4b_mid-1.5=38902.2344  sbar_dark_T4c_mid-1.5=42242.8516  sbar_dark_T4d_mid-1.5=9314.1660  sbar_dark_T5a_mid-1.5=329983.1562  sbar_dark_T5b_mid-1.5=381011.3750  sbar_dark_T5c_mid-1.5=327807.5000  sbar_dark_T5d_mid-1.5=326225.2812  sbar_dark_T4a_mid-0.5=77132.6953  sbar_dark_T4b_mid-0.5=59040.4297  sbar_dark_T4c_mid-0.5=113425.8906  sbar_dark_T4d_mid-0.5=41140.5625  sbar_dark_T5a_mid-0.5=668191.7500  sbar_dark_T5b_mid-0.5=874473.2500  sbar_dark_T5c_mid-0.5=509176.9375  sbar_dark_T5d_mid-0.5=708496.9375  sbar_dark_T4a_mid+0.5=34644.5078  sbar_dark_T4b_mid+0.5=88378.5391  sbar_dark_T4c_mid+0.5=24072.9395  sbar_dark_T4d_mid+0.5=82844.5781  sbar_dark_T5a_mid+0.5=126057.8984  sbar_dark_T5b_mid+0.5=130372.9141  sbar_dark_T5c_mid+0.5=107553.1875  sbar_dark_T5d_mid+0.5=103475.6875  sbar_dark_T4b_mid+1.5=8295.0635  sbar_dark_T4c_mid+1.5=9785.7168  sbar_dark_T4d_mid+1.5=10341.0381  sbar_dark_T5a_mid+1.5=57559.9102  sbar_dark_T5b_mid+1.5=59360.0195  sbar_dark_T5c_mid+1.5=60294.7422  sbar_dark_T5d_mid+1.5=49677.7070  sbar_dark_T4a_mid+1.5=8528.1445]:  24%|██▍       | 240/1000 [02:36<08:23,  1.51it/s] Cost: 424496.1562  [spread_bright_L5=1741201.6250  spread_bright_Mi1=1378242.8750  spread_bright_Tm3=1492341.7500  spread_bright_Mi4=1820642.2500  spread_dark_L1=1050620.0000  spread_dark_L2=939559.7500  spread_dark_L3=1734145.0000  spread_dark_L4=3106100.7500  spread_dark_Mi9=1148762.8750  spread_dark_Tm1=1128509.0000  spread_dark_Tm2=1363985.2500  spread_dark_Tm4=1561685.1250  spread_dark_Tm9=1619802.8750  sbar_bright_T4a_mid+0=410080.7188  sbar_bright_T4b_mid+0=433386.1562  sbar_bright_T4c_mid+0=408004.5312  sbar_bright_T4d_mid+0=464402.4375  sbar_bright_T5a_mid+0=105857.1016  sbar_bright_T5b_mid+0=120731.4766  sbar_bright_T5c_mid+0=117733.4531  sbar_bright_T5d_mid+0=104852.1641  sbar_bright_T4a_mid+1=273756.3750  sbar_bright_T4b_mid+1=310179.6562  sbar_bright_T4c_mid+1=302137.6250  sbar_bright_T4d_mid+1=274255.0000  sbar_bright_T5a_mid+1=119597.9375  sbar_bright_T5b_mid+1=147158.6719  sbar_bright_T5c_mid+1=117050.9531  sbar_bright_T5d_mid+1=127605.1094  sbar_bright_T4a_mid+2=98071.8359  sbar_bright_T4b_mid+2=162708.8125  sbar_bright_T4c_mid+2=113983.5000  sbar_bright_T4d_mid+2=135034.9688  sbar_bright_T5a_mid+2=263913.2500  sbar_bright_T5b_mid+2=253125.5938  sbar_bright_T5c_mid+2=249947.5781  sbar_bright_T5d_mid+2=261269.0781  sbar_bright_T4a_mid-1=2036860.7500  sbar_bright_T4b_mid-1=1477999.6250  sbar_bright_T4c_mid-1=1774538.8750  sbar_bright_T4d_mid-1=2091723.3750  sbar_bright_T5a_mid-1=363273.8750  sbar_bright_T5b_mid-1=375891.1875  sbar_bright_T5c_mid-1=369175.0938  sbar_bright_T5d_mid-1=373556.2188  sbar_bright_T4a_mid-2=456017.3125  sbar_bright_T4b_mid-2=352864.3438  sbar_bright_T4c_mid-2=403094.3125  sbar_bright_T4d_mid-2=443863.1562  sbar_bright_T5b_mid-2=123287.4219  sbar_bright_T5c_mid-2=90807.2500  sbar_bright_T5d_mid-2=113266.9297  sbar_bright_T5a_mid-2=109535.9062  sbar_bright_T4a_mid-1.5=229310.7188  sbar_bright_T4b_mid-1.5=198463.7812  sbar_bright_T4c_mid-1.5=182376.1875  sbar_bright_T4d_mid-1.5=287949.6562  sbar_bright_T5a_mid-1.5=115935.8281  sbar_bright_T5b_mid-1.5=128254.9375  sbar_bright_T5c_mid-1.5=110123.2812  sbar_bright_T5d_mid-1.5=108672.0312  sbar_bright_T4a_mid-0.5=1078468.8750  sbar_bright_T4b_mid-0.5=1124048.8750  sbar_bright_T4c_mid-0.5=1136329.5000  sbar_bright_T4d_mid-0.5=1226742.1250  sbar_bright_T5a_mid-0.5=138283.3438  sbar_bright_T5b_mid-0.5=159343.0938  sbar_bright_T5c_mid-0.5=117143.5078  sbar_bright_T5d_mid-0.5=140675.5469  sbar_bright_T4a_mid+0.5=216235.5000  sbar_bright_T4b_mid+0.5=154571.6406  sbar_bright_T4c_mid+0.5=147650.8906  sbar_bright_T4d_mid+0.5=135439.2031  sbar_bright_T5a_mid+0.5=50966.9336  sbar_bright_T5b_mid+0.5=57543.5000  sbar_bright_T5c_mid+0.5=43143.2578  sbar_bright_T5d_mid+0.5=36999.2812  sbar_bright_T4b_mid+1.5=67573.8516  sbar_bright_T4c_mid+1.5=84086.6797  sbar_bright_T4d_mid+1.5=51150.0117  sbar_bright_T5a_mid+1.5=57974.2734  sbar_bright_T5b_mid+1.5=59242.1758  sbar_bright_T5c_mid+1.5=51211.4648  sbar_bright_T5d_mid+1.5=40506.8477  sbar_bright_T4a_mid+1.5=63049.8047  sbar_dark_T4a_mid+0=93988.6719  sbar_dark_T4b_mid+0=103474.5234  sbar_dark_T4c_mid+0=121236.7891  sbar_dark_T4d_mid+0=120893.4297  sbar_dark_T5a_mid+0=450567.8438  sbar_dark_T5b_mid+0=355523.6250  sbar_dark_T5c_mid+0=354211.8438  sbar_dark_T5d_mid+0=475028.1562  sbar_dark_T4a_mid+1=138068.7500  sbar_dark_T4b_mid+1=43219.1055  sbar_dark_T4c_mid+1=51644.1055  sbar_dark_T4d_mid+1=91541.2578  sbar_dark_T5a_mid+1=290093.2500  sbar_dark_T5b_mid+1=248328.0312  sbar_dark_T5c_mid+1=299127.0938  sbar_dark_T5d_mid+1=205214.5781  sbar_dark_T4a_mid+2=56303.3828  sbar_dark_T4b_mid+2=122543.7734  sbar_dark_T4c_mid+2=81077.3594  sbar_dark_T4d_mid+2=47607.3945  sbar_dark_T5a_mid+2=345516.0000  sbar_dark_T5b_mid+2=340552.6250  sbar_dark_T5c_mid+2=320809.0312  sbar_dark_T5d_mid+2=338091.8125  sbar_dark_T4a_mid-1=207473.6562  sbar_dark_T4b_mid-1=208700.0469  sbar_dark_T4c_mid-1=145046.9375  sbar_dark_T4d_mid-1=174643.6250  sbar_dark_T5a_mid-1=1655383.0000  sbar_dark_T5b_mid-1=1790785.3750  sbar_dark_T5c_mid-1=1625190.5000  sbar_dark_T5d_mid-1=1831817.1250  sbar_dark_T4a_mid-2=75183.3359  sbar_dark_T4b_mid-2=114853.2031  sbar_dark_T4c_mid-2=89405.8438  sbar_dark_T4d_mid-2=69035.0938  sbar_dark_T5b_mid-2=1108125.5000  sbar_dark_T5c_mid-2=864205.6875  sbar_dark_T5d_mid-2=1009616.6875  sbar_dark_T5a_mid-2=942212.0000  sbar_dark_T4a_mid-1.5=18756.1797  sbar_dark_T4b_mid-1.5=42861.4219  sbar_dark_T4c_mid-1.5=44865.2617  sbar_dark_T4d_mid-1.5=9780.1982  sbar_dark_T5a_mid-1.5=325350.4062  sbar_dark_T5b_mid-1.5=369416.1250  sbar_dark_T5c_mid-1.5=332631.1250  sbar_dark_T5d_mid-1.5=322300.5938  sbar_dark_T4a_mid-0.5=78576.1562  sbar_dark_T4b_mid-0.5=55666.9492  sbar_dark_T4c_mid-0.5=114952.5156  sbar_dark_T4d_mid-0.5=40914.7578  sbar_dark_T5a_mid-0.5=651953.6875  sbar_dark_T5b_mid-0.5=840433.6250  sbar_dark_T5c_mid-0.5=509711.3438  sbar_dark_T5d_mid-0.5=707943.9375  sbar_dark_T4a_mid+0.5=34207.5352  sbar_dark_T4b_mid+0.5=87504.5156  sbar_dark_T4c_mid+0.5=23514.3652  sbar_dark_T4d_mid+0.5=88751.4844  sbar_dark_T5a_mid+0.5=122434.7734  sbar_dark_T5b_mid+0.5=130850.3750  sbar_dark_T5c_mid+0.5=105380.3906  sbar_dark_T5d_mid+0.5=103368.4844  sbar_dark_T4b_mid+1.5=8849.8877  sbar_dark_T4c_mid+1.5=9633.7373  sbar_dark_T4d_mid+1.5=10006.6973  sbar_dark_T5a_mid+1.5=56371.3516  sbar_dark_T5b_mid+1.5=58783.6562  sbar_dark_T5c_mid+1.5=59707.5312  sbar_dark_T5d_mid+1.5=49918.0117  sbar_dark_T4a_mid+1.5=8480.5625]:  25%|██▌       | 250/1000 [02:43<08:23,  1.49it/s] Cost: 425587.8750  [spread_bright_L5=1790066.2500  spread_bright_Mi1=1347843.3750  spread_bright_Tm3=1567161.7500  spread_bright_Mi4=1960610.8750  spread_dark_L1=1114154.5000  spread_dark_L2=899173.6250  spread_dark_L3=1660801.5000  spread_dark_L4=3088648.0000  spread_dark_Mi9=1266744.3750  spread_dark_Tm1=1146279.8750  spread_dark_Tm2=1354037.6250  spread_dark_Tm4=1494263.6250  spread_dark_Tm9=1888918.3750  sbar_bright_T4a_mid+0=422390.2188  sbar_bright_T4b_mid+0=420833.0000  sbar_bright_T4c_mid+0=377918.0312  sbar_bright_T4d_mid+0=477155.0625  sbar_bright_T5a_mid+0=108083.8281  sbar_bright_T5b_mid+0=130450.8516  sbar_bright_T5c_mid+0=119188.0156  sbar_bright_T5d_mid+0=104362.8750  sbar_bright_T4a_mid+1=292456.6250  sbar_bright_T4b_mid+1=338908.4062  sbar_bright_T4c_mid+1=357083.9375  sbar_bright_T4d_mid+1=302190.2500  sbar_bright_T5a_mid+1=116082.8203  sbar_bright_T5b_mid+1=142634.1406  sbar_bright_T5c_mid+1=113764.7109  sbar_bright_T5d_mid+1=124459.6406  sbar_bright_T4a_mid+2=132847.1719  sbar_bright_T4b_mid+2=208390.0000  sbar_bright_T4c_mid+2=153182.9688  sbar_bright_T4d_mid+2=172173.5781  sbar_bright_T5a_mid+2=249416.6250  sbar_bright_T5b_mid+2=231336.2031  sbar_bright_T5c_mid+2=239951.2812  sbar_bright_T5d_mid+2=249574.5469  sbar_bright_T4a_mid-1=1932236.7500  sbar_bright_T4b_mid-1=1385963.6250  sbar_bright_T4c_mid-1=1660501.7500  sbar_bright_T4d_mid-1=2036629.2500  sbar_bright_T5a_mid-1=356749.7500  sbar_bright_T5b_mid-1=372691.8125  sbar_bright_T5c_mid-1=365834.2500  sbar_bright_T5d_mid-1=368076.3125  sbar_bright_T4a_mid-2=438495.5000  sbar_bright_T4b_mid-2=332754.1250  sbar_bright_T4c_mid-2=377010.9688  sbar_bright_T4d_mid-2=416376.6250  sbar_bright_T5b_mid-2=115064.8438  sbar_bright_T5c_mid-2=83480.2656  sbar_bright_T5d_mid-2=104079.7109  sbar_bright_T5a_mid-2=102144.8906  sbar_bright_T4a_mid-1.5=214013.4688  sbar_bright_T4b_mid-1.5=206278.9219  sbar_bright_T4c_mid-1.5=174388.5469  sbar_bright_T4d_mid-1.5=288290.6875  sbar_bright_T5a_mid-1.5=113207.6562  sbar_bright_T5b_mid-1.5=126093.4062  sbar_bright_T5c_mid-1.5=104907.6953  sbar_bright_T5d_mid-1.5=106058.5312  sbar_bright_T4a_mid-0.5=1020841.9375  sbar_bright_T4b_mid-0.5=1090326.2500  sbar_bright_T4c_mid-0.5=1077075.7500  sbar_bright_T4d_mid-0.5=1186130.7500  sbar_bright_T5a_mid-0.5=135514.9375  sbar_bright_T5b_mid-0.5=154917.9844  sbar_bright_T5c_mid-0.5=116342.0625  sbar_bright_T5d_mid-0.5=137382.3750  sbar_bright_T4a_mid+0.5=205082.2812  sbar_bright_T4b_mid+0.5=153796.9219  sbar_bright_T4c_mid+0.5=142529.7969  sbar_bright_T4d_mid+0.5=128322.6719  sbar_bright_T5a_mid+0.5=50172.7656  sbar_bright_T5b_mid+0.5=56176.0859  sbar_bright_T5c_mid+0.5=43191.2383  sbar_bright_T5d_mid+0.5=36460.9766  sbar_bright_T4b_mid+1.5=80105.9141  sbar_bright_T4c_mid+1.5=110662.6953  sbar_bright_T4d_mid+1.5=55935.3516  sbar_bright_T5a_mid+1.5=56277.6953  sbar_bright_T5b_mid+1.5=60964.1953  sbar_bright_T5c_mid+1.5=50003.7891  sbar_bright_T5d_mid+1.5=39933.8203  sbar_bright_T4a_mid+1.5=80572.7969  sbar_dark_T4a_mid+0=131003.2656  sbar_dark_T4b_mid+0=139745.3125  sbar_dark_T4c_mid+0=123608.4297  sbar_dark_T4d_mid+0=135921.1562  sbar_dark_T5a_mid+0=460368.9062  sbar_dark_T5b_mid+0=373366.7812  sbar_dark_T5c_mid+0=373411.7500  sbar_dark_T5d_mid+0=470245.1875  sbar_dark_T4a_mid+1=131964.7656  sbar_dark_T4b_mid+1=54623.0312  sbar_dark_T4c_mid+1=54576.3086  sbar_dark_T4d_mid+1=87715.2500  sbar_dark_T5a_mid+1=300161.8125  sbar_dark_T5b_mid+1=265525.4062  sbar_dark_T5c_mid+1=303900.4688  sbar_dark_T5d_mid+1=206702.5156  sbar_dark_T4a_mid+2=81458.2422  sbar_dark_T4b_mid+2=126252.7109  sbar_dark_T4c_mid+2=101899.4062  sbar_dark_T4d_mid+2=78295.7266  sbar_dark_T5a_mid+2=342128.4688  sbar_dark_T5b_mid+2=342635.0312  sbar_dark_T5c_mid+2=318041.5312  sbar_dark_T5d_mid+2=332904.0625  sbar_dark_T4a_mid-1=254750.2188  sbar_dark_T4b_mid-1=243528.4062  sbar_dark_T4c_mid-1=167527.5469  sbar_dark_T4d_mid-1=174014.0156  sbar_dark_T5a_mid-1=1629234.1250  sbar_dark_T5b_mid-1=1694010.5000  sbar_dark_T5c_mid-1=1594876.5000  sbar_dark_T5d_mid-1=1809565.2500  sbar_dark_T4a_mid-2=103559.5078  sbar_dark_T4b_mid-2=147691.1562  sbar_dark_T4c_mid-2=122409.1641  sbar_dark_T4d_mid-2=96962.9375  sbar_dark_T5b_mid-2=1077220.6250  sbar_dark_T5c_mid-2=840925.9375  sbar_dark_T5d_mid-2=987885.8125  sbar_dark_T5a_mid-2=929217.6875  sbar_dark_T4a_mid-1.5=27314.2773  sbar_dark_T4b_mid-1.5=44065.5938  sbar_dark_T4c_mid-1.5=59864.7812  sbar_dark_T4d_mid-1.5=10874.9209  sbar_dark_T5a_mid-1.5=319504.1875  sbar_dark_T5b_mid-1.5=368673.5000  sbar_dark_T5c_mid-1.5=321212.1562  sbar_dark_T5d_mid-1.5=317896.4688  sbar_dark_T4a_mid-0.5=79061.3203  sbar_dark_T4b_mid-0.5=67433.2969  sbar_dark_T4c_mid-0.5=110127.3906  sbar_dark_T4d_mid-0.5=56378.9375  sbar_dark_T5a_mid-0.5=642860.1875  sbar_dark_T5b_mid-0.5=814551.6250  sbar_dark_T5c_mid-0.5=483187.8125  sbar_dark_T5d_mid-0.5=703925.7500  sbar_dark_T4a_mid+0.5=38534.3984  sbar_dark_T4b_mid+0.5=81074.9062  sbar_dark_T4c_mid+0.5=23372.8184  sbar_dark_T4d_mid+0.5=66168.1094  sbar_dark_T5a_mid+0.5=119803.3906  sbar_dark_T5b_mid+0.5=127725.4453  sbar_dark_T5c_mid+0.5=104954.6875  sbar_dark_T5d_mid+0.5=103713.1328  sbar_dark_T4b_mid+1.5=16180.3584  sbar_dark_T4c_mid+1.5=15882.9023  sbar_dark_T4d_mid+1.5=13680.5635  sbar_dark_T5a_mid+1.5=57187.4023  sbar_dark_T5b_mid+1.5=70610.9297  sbar_dark_T5c_mid+1.5=62444.1094  sbar_dark_T5d_mid+1.5=52829.5938  sbar_dark_T4a_mid+1.5=12783.6250]:  26%|██▌       | 260/1000 [02:50<08:17,  1.49it/s] Cost: 418580.0000  [spread_bright_L5=1815380.1250  spread_bright_Mi1=1346864.1250  spread_bright_Tm3=1561397.5000  spread_bright_Mi4=1764614.5000  spread_dark_L1=1133623.1250  spread_dark_L2=864133.5000  spread_dark_L3=1587871.5000  spread_dark_L4=3146635.5000  spread_dark_Mi9=1165554.1250  spread_dark_Tm1=1123293.5000  spread_dark_Tm2=1340650.2500  spread_dark_Tm4=1521675.7500  spread_dark_Tm9=1696062.1250  sbar_bright_T4a_mid+0=400946.3750  sbar_bright_T4b_mid+0=414998.9062  sbar_bright_T4c_mid+0=393124.6250  sbar_bright_T4d_mid+0=448903.2812  sbar_bright_T5a_mid+0=106271.3906  sbar_bright_T5b_mid+0=125793.4219  sbar_bright_T5c_mid+0=118386.3125  sbar_bright_T5d_mid+0=103845.6250  sbar_bright_T4a_mid+1=276279.9375  sbar_bright_T4b_mid+1=315184.6562  sbar_bright_T4c_mid+1=312025.8750  sbar_bright_T4d_mid+1=280579.5312  sbar_bright_T5a_mid+1=115891.5000  sbar_bright_T5b_mid+1=139494.2812  sbar_bright_T5c_mid+1=111463.0547  sbar_bright_T5d_mid+1=123829.4844  sbar_bright_T4a_mid+2=99426.0547  sbar_bright_T4b_mid+2=165067.2344  sbar_bright_T4c_mid+2=119778.1406  sbar_bright_T4d_mid+2=141801.5156  sbar_bright_T5a_mid+2=248482.3906  sbar_bright_T5b_mid+2=232528.7500  sbar_bright_T5c_mid+2=235266.7969  sbar_bright_T5d_mid+2=245459.7656  sbar_bright_T4a_mid-1=1964080.5000  sbar_bright_T4b_mid-1=1444537.3750  sbar_bright_T4c_mid-1=1733463.0000  sbar_bright_T4d_mid-1=2042844.8750  sbar_bright_T5a_mid-1=365336.5938  sbar_bright_T5b_mid-1=377627.3125  sbar_bright_T5c_mid-1=371076.6875  sbar_bright_T5d_mid-1=372523.4688  sbar_bright_T4a_mid-2=441293.0000  sbar_bright_T4b_mid-2=339576.5000  sbar_bright_T4c_mid-2=391680.2812  sbar_bright_T4d_mid-2=420168.6562  sbar_bright_T5b_mid-2=115817.7109  sbar_bright_T5c_mid-2=85598.6016  sbar_bright_T5d_mid-2=104481.2422  sbar_bright_T5a_mid-2=103313.8438  sbar_bright_T4a_mid-1.5=220059.6094  sbar_bright_T4b_mid-1.5=196076.6875  sbar_bright_T4c_mid-1.5=172744.9688  sbar_bright_T4d_mid-1.5=279953.8750  sbar_bright_T5a_mid-1.5=114468.9922  sbar_bright_T5b_mid-1.5=126215.8828  sbar_bright_T5c_mid-1.5=106105.9453  sbar_bright_T5d_mid-1.5=103902.3203  sbar_bright_T4a_mid-0.5=1056959.6250  sbar_bright_T4b_mid-0.5=1103700.6250  sbar_bright_T4c_mid-0.5=1127414.0000  sbar_bright_T4d_mid-0.5=1197088.3750  sbar_bright_T5a_mid-0.5=140292.2188  sbar_bright_T5b_mid-0.5=156614.5156  sbar_bright_T5c_mid-0.5=119066.8359  sbar_bright_T5d_mid-0.5=141180.6875  sbar_bright_T4a_mid+0.5=208817.5938  sbar_bright_T4b_mid+0.5=152410.7969  sbar_bright_T4c_mid+0.5=142490.3750  sbar_bright_T4d_mid+0.5=129775.4844  sbar_bright_T5a_mid+0.5=51674.6133  sbar_bright_T5b_mid+0.5=56560.6172  sbar_bright_T5c_mid+0.5=43240.5352  sbar_bright_T5d_mid+0.5=37183.8125  sbar_bright_T4b_mid+1.5=68278.4297  sbar_bright_T4c_mid+1.5=89987.0625  sbar_bright_T4d_mid+1.5=50570.4570  sbar_bright_T5a_mid+1.5=55461.2539  sbar_bright_T5b_mid+1.5=58810.3906  sbar_bright_T5c_mid+1.5=48023.6289  sbar_bright_T5d_mid+1.5=39187.2383  sbar_bright_T4a_mid+1.5=67669.8984  sbar_dark_T4a_mid+0=96231.7734  sbar_dark_T4b_mid+0=104629.8281  sbar_dark_T4c_mid+0=105338.7188  sbar_dark_T4d_mid+0=114382.1953  sbar_dark_T5a_mid+0=420182.6562  sbar_dark_T5b_mid+0=348263.8750  sbar_dark_T5c_mid+0=363674.0312  sbar_dark_T5d_mid+0=439722.3125  sbar_dark_T4a_mid+1=130913.0781  sbar_dark_T4b_mid+1=46889.8125  sbar_dark_T4c_mid+1=44393.9336  sbar_dark_T4d_mid+1=91206.5625  sbar_dark_T5a_mid+1=286776.5000  sbar_dark_T5b_mid+1=256352.3750  sbar_dark_T5c_mid+1=287204.8750  sbar_dark_T5d_mid+1=198005.1250  sbar_dark_T4a_mid+2=60654.4961  sbar_dark_T4b_mid+2=124224.1406  sbar_dark_T4c_mid+2=76543.8984  sbar_dark_T4d_mid+2=53396.0312  sbar_dark_T5a_mid+2=331587.8750  sbar_dark_T5b_mid+2=337660.7812  sbar_dark_T5c_mid+2=306856.8438  sbar_dark_T5d_mid+2=322389.2188  sbar_dark_T4a_mid-1=236271.3281  sbar_dark_T4b_mid-1=231004.3281  sbar_dark_T4c_mid-1=148534.9375  sbar_dark_T4d_mid-1=173481.6406  sbar_dark_T5a_mid-1=1647855.3750  sbar_dark_T5b_mid-1=1692761.8750  sbar_dark_T5c_mid-1=1602110.5000  sbar_dark_T5d_mid-1=1800295.5000  sbar_dark_T4a_mid-2=83915.9688  sbar_dark_T4b_mid-2=127562.7188  sbar_dark_T4c_mid-2=95184.2578  sbar_dark_T4d_mid-2=85075.5781  sbar_dark_T5b_mid-2=1074963.8750  sbar_dark_T5c_mid-2=845773.2500  sbar_dark_T5d_mid-2=989277.4375  sbar_dark_T5a_mid-2=929495.0000  sbar_dark_T4a_mid-1.5=23069.3359  sbar_dark_T4b_mid-1.5=40704.0391  sbar_dark_T4c_mid-1.5=52074.3438  sbar_dark_T4d_mid-1.5=10219.8867  sbar_dark_T5a_mid-1.5=318428.8438  sbar_dark_T5b_mid-1.5=367071.3125  sbar_dark_T5c_mid-1.5=323050.8750  sbar_dark_T5d_mid-1.5=312249.0938  sbar_dark_T4a_mid-0.5=76459.1641  sbar_dark_T4b_mid-0.5=61094.1406  sbar_dark_T4c_mid-0.5=104316.8125  sbar_dark_T4d_mid-0.5=46623.3008  sbar_dark_T5a_mid-0.5=643796.8125  sbar_dark_T5b_mid-0.5=810212.0625  sbar_dark_T5c_mid-0.5=497466.5625  sbar_dark_T5d_mid-0.5=701829.3125  sbar_dark_T4a_mid+0.5=33118.6914  sbar_dark_T4b_mid+0.5=88450.8516  sbar_dark_T4c_mid+0.5=19270.5273  sbar_dark_T4d_mid+0.5=82288.5312  sbar_dark_T5a_mid+0.5=119232.6797  sbar_dark_T5b_mid+0.5=124073.6797  sbar_dark_T5c_mid+0.5=102786.2656  sbar_dark_T5d_mid+0.5=100220.3594  sbar_dark_T4b_mid+1.5=10535.2568  sbar_dark_T4c_mid+1.5=9632.8877  sbar_dark_T4d_mid+1.5=10408.7236  sbar_dark_T5a_mid+1.5=55468.5977  sbar_dark_T5b_mid+1.5=65920.4219  sbar_dark_T5c_mid+1.5=59278.3438  sbar_dark_T5d_mid+1.5=49534.4961  sbar_dark_T4a_mid+1.5=9131.3965]:          27%|██▋       | 270/1000 [02:57<08:07,  1.50it/s] Cost: 414747.7812  [spread_bright_L5=1841145.6250  spread_bright_Mi1=1339783.0000  spread_bright_Tm3=1526108.6250  spread_bright_Mi4=1695090.0000  spread_dark_L1=1147891.5000  spread_dark_L2=863158.2500  spread_dark_L3=1505585.0000  spread_dark_L4=3073384.5000  spread_dark_Mi9=1172786.0000  spread_dark_Tm1=1144082.8750  spread_dark_Tm2=1341432.7500  spread_dark_Tm4=1512230.5000  spread_dark_Tm9=1673501.3750  sbar_bright_T4a_mid+0=386128.1875  sbar_bright_T4b_mid+0=423840.1562  sbar_bright_T4c_mid+0=376529.0312  sbar_bright_T4d_mid+0=457003.3750  sbar_bright_T5a_mid+0=108973.9219  sbar_bright_T5b_mid+0=126411.3203  sbar_bright_T5c_mid+0=120947.6250  sbar_bright_T5d_mid+0=105007.3594  sbar_bright_T4a_mid+1=269354.6250  sbar_bright_T4b_mid+1=310198.0938  sbar_bright_T4c_mid+1=305822.5312  sbar_bright_T4d_mid+1=266577.7500  sbar_bright_T5a_mid+1=112176.7812  sbar_bright_T5b_mid+1=134971.7344  sbar_bright_T5c_mid+1=107109.9062  sbar_bright_T5d_mid+1=120767.1016  sbar_bright_T4a_mid+2=97198.6875  sbar_bright_T4b_mid+2=160928.7656  sbar_bright_T4c_mid+2=119034.6875  sbar_bright_T4d_mid+2=135175.5938  sbar_bright_T5a_mid+2=236090.6250  sbar_bright_T5b_mid+2=220997.6875  sbar_bright_T5c_mid+2=225410.2344  sbar_bright_T5d_mid+2=237774.9219  sbar_bright_T4a_mid-1=1958179.1250  sbar_bright_T4b_mid-1=1465734.7500  sbar_bright_T4c_mid-1=1716500.1250  sbar_bright_T4d_mid-1=2046401.0000  sbar_bright_T5a_mid-1=365486.9375  sbar_bright_T5b_mid-1=380880.2188  sbar_bright_T5c_mid-1=375377.7812  sbar_bright_T5d_mid-1=374425.4688  sbar_bright_T4a_mid-2=423949.5625  sbar_bright_T4b_mid-2=343614.9375  sbar_bright_T4c_mid-2=373593.0312  sbar_bright_T4d_mid-2=418202.6562  sbar_bright_T5b_mid-2=109795.7656  sbar_bright_T5c_mid-2=81537.8750  sbar_bright_T5d_mid-2=98693.7500  sbar_bright_T5a_mid-2=96913.6719  sbar_bright_T4a_mid-1.5=215154.4688  sbar_bright_T4b_mid-1.5=187746.5312  sbar_bright_T4c_mid-1.5=164611.1250  sbar_bright_T4d_mid-1.5=275884.0000  sbar_bright_T5a_mid-1.5=112408.8906  sbar_bright_T5b_mid-1.5=124610.0625  sbar_bright_T5c_mid-1.5=103613.3594  sbar_bright_T5d_mid-1.5=101047.4141  sbar_bright_T4a_mid-0.5=1060911.2500  sbar_bright_T4b_mid-0.5=1098567.0000  sbar_bright_T4c_mid-0.5=1117744.2500  sbar_bright_T4d_mid-0.5=1193418.8750  sbar_bright_T5a_mid-0.5=139808.7969  sbar_bright_T5b_mid-0.5=156138.5000  sbar_bright_T5c_mid-0.5=119671.9922  sbar_bright_T5d_mid-0.5=140840.1719  sbar_bright_T4a_mid+0.5=210356.4844  sbar_bright_T4b_mid+0.5=152570.3125  sbar_bright_T4c_mid+0.5=139223.0000  sbar_bright_T4d_mid+0.5=126790.7578  sbar_bright_T5a_mid+0.5=50835.7188  sbar_bright_T5b_mid+0.5=56718.5977  sbar_bright_T5c_mid+0.5=42863.6797  sbar_bright_T5d_mid+0.5=36990.0977  sbar_bright_T4b_mid+1.5=64072.3945  sbar_bright_T4c_mid+1.5=87824.9609  sbar_bright_T4d_mid+1.5=47235.8945  sbar_bright_T5a_mid+1.5=54129.6133  sbar_bright_T5b_mid+1.5=58142.9297  sbar_bright_T5c_mid+1.5=46542.9688  sbar_bright_T5d_mid+1.5=38722.9336  sbar_bright_T4a_mid+1.5=66079.2109  sbar_dark_T4a_mid+0=96139.1719  sbar_dark_T4b_mid+0=98105.3281  sbar_dark_T4c_mid+0=119547.4766  sbar_dark_T4d_mid+0=112664.9844  sbar_dark_T5a_mid+0=488872.2500  sbar_dark_T5b_mid+0=356532.0625  sbar_dark_T5c_mid+0=381107.8125  sbar_dark_T5d_mid+0=444309.3750  sbar_dark_T4a_mid+1=145136.5312  sbar_dark_T4b_mid+1=48121.2812  sbar_dark_T4c_mid+1=47098.6602  sbar_dark_T4d_mid+1=91355.8672  sbar_dark_T5a_mid+1=319110.2500  sbar_dark_T5b_mid+1=249692.1875  sbar_dark_T5c_mid+1=292237.9375  sbar_dark_T5d_mid+1=191865.2344  sbar_dark_T4a_mid+2=67462.9453  sbar_dark_T4b_mid+2=126719.9297  sbar_dark_T4c_mid+2=86596.8359  sbar_dark_T4d_mid+2=54393.4453  sbar_dark_T5a_mid+2=317058.3750  sbar_dark_T5b_mid+2=329634.8125  sbar_dark_T5c_mid+2=295006.4062  sbar_dark_T5d_mid+2=311885.9375  sbar_dark_T4a_mid-1=244491.9844  sbar_dark_T4b_mid-1=238187.3438  sbar_dark_T4c_mid-1=161492.7656  sbar_dark_T4d_mid-1=172952.9531  sbar_dark_T5a_mid-1=1582855.3750  sbar_dark_T5b_mid-1=1670768.5000  sbar_dark_T5c_mid-1=1567362.7500  sbar_dark_T5d_mid-1=1760592.1250  sbar_dark_T4a_mid-2=94607.4375  sbar_dark_T4b_mid-2=129821.6953  sbar_dark_T4c_mid-2=111591.5547  sbar_dark_T4d_mid-2=90378.4531  sbar_dark_T5b_mid-2=1054476.1250  sbar_dark_T5c_mid-2=821599.1250  sbar_dark_T5d_mid-2=966389.1250  sbar_dark_T5a_mid-2=895886.5625  sbar_dark_T4a_mid-1.5=24451.9941  sbar_dark_T4b_mid-1.5=49807.8984  sbar_dark_T4c_mid-1.5=60023.1484  sbar_dark_T4d_mid-1.5=10849.8193  sbar_dark_T5a_mid-1.5=307347.0938  sbar_dark_T5b_mid-1.5=361935.8750  sbar_dark_T5c_mid-1.5=314309.8438  sbar_dark_T5d_mid-1.5=303254.8125  sbar_dark_T4a_mid-0.5=81961.5234  sbar_dark_T4b_mid-0.5=62708.9453  sbar_dark_T4c_mid-0.5=118600.2188  sbar_dark_T4d_mid-0.5=49598.7344  sbar_dark_T5a_mid-0.5=615762.0625  sbar_dark_T5b_mid-0.5=800781.5625  sbar_dark_T5c_mid-0.5=482646.5312  sbar_dark_T5d_mid-0.5=693349.6250  sbar_dark_T4a_mid+0.5=33983.8555  sbar_dark_T4b_mid+0.5=90273.0938  sbar_dark_T4c_mid+0.5=21966.6035  sbar_dark_T4d_mid+0.5=83381.9219  sbar_dark_T5a_mid+0.5=112367.2266  sbar_dark_T5b_mid+0.5=120817.6797  sbar_dark_T5c_mid+0.5=98388.1797  sbar_dark_T5d_mid+0.5=97107.1953  sbar_dark_T4b_mid+1.5=9715.2617  sbar_dark_T4c_mid+1.5=9654.5732  sbar_dark_T4d_mid+1.5=11208.4854  sbar_dark_T5a_mid+1.5=54616.8477  sbar_dark_T5b_mid+1.5=64843.2070  sbar_dark_T5c_mid+1.5=58086.9375  sbar_dark_T5d_mid+1.5=47428.6055  sbar_dark_T4a_mid+1.5=8882.5312]:       28%|██▊       | 280/1000 [03:03<07:59,  1.50it/s] Cost: 412056.1562  [spread_bright_L5=1907924.0000  spread_bright_Mi1=1320026.8750  spread_bright_Tm3=1534050.7500  spread_bright_Mi4=1683102.0000  spread_dark_L1=1184433.6250  spread_dark_L2=825439.5625  spread_dark_L3=1417600.6250  spread_dark_L4=3087788.2500  spread_dark_Mi9=1115673.7500  spread_dark_Tm1=1156628.6250  spread_dark_Tm2=1344610.8750  spread_dark_Tm4=1505462.6250  spread_dark_Tm9=1615917.7500  sbar_bright_T4a_mid+0=380767.2188  sbar_bright_T4b_mid+0=432104.9375  sbar_bright_T4c_mid+0=377323.3125  sbar_bright_T4d_mid+0=452542.9375  sbar_bright_T5a_mid+0=107807.0625  sbar_bright_T5b_mid+0=127140.1641  sbar_bright_T5c_mid+0=123323.8906  sbar_bright_T5d_mid+0=104729.0859  sbar_bright_T4a_mid+1=265557.2500  sbar_bright_T4b_mid+1=308645.5938  sbar_bright_T4c_mid+1=297230.6250  sbar_bright_T4d_mid+1=264615.1250  sbar_bright_T5a_mid+1=109654.0078  sbar_bright_T5b_mid+1=131273.3594  sbar_bright_T5c_mid+1=102468.0000  sbar_bright_T5d_mid+1=116691.6406  sbar_bright_T4a_mid+2=98025.4375  sbar_bright_T4b_mid+2=164994.6250  sbar_bright_T4c_mid+2=122954.7266  sbar_bright_T4d_mid+2=137589.7344  sbar_bright_T5a_mid+2=227974.2344  sbar_bright_T5b_mid+2=210796.4062  sbar_bright_T5c_mid+2=214399.5469  sbar_bright_T5d_mid+2=227631.6719  sbar_bright_T4a_mid-1=1944771.8750  sbar_bright_T4b_mid-1=1472052.6250  sbar_bright_T4c_mid-1=1709108.2500  sbar_bright_T4d_mid-1=2033777.5000  sbar_bright_T5a_mid-1=369499.2188  sbar_bright_T5b_mid-1=381775.2188  sbar_bright_T5c_mid-1=381886.5938  sbar_bright_T5d_mid-1=376700.0625  sbar_bright_T4a_mid-2=398400.0625  sbar_bright_T4b_mid-2=346276.9375  sbar_bright_T4c_mid-2=367766.0625  sbar_bright_T4d_mid-2=415026.1562  sbar_bright_T5b_mid-2=105360.3516  sbar_bright_T5c_mid-2=77594.1484  sbar_bright_T5d_mid-2=92942.5078  sbar_bright_T5a_mid-2=93670.9922  sbar_bright_T4a_mid-1.5=213835.3125  sbar_bright_T4b_mid-1.5=182636.6875  sbar_bright_T4c_mid-1.5=162397.9062  sbar_bright_T4d_mid-1.5=269624.4375  sbar_bright_T5a_mid-1.5=110063.1172  sbar_bright_T5b_mid-1.5=120771.7188  sbar_bright_T5c_mid-1.5=99523.4062  sbar_bright_T5d_mid-1.5=96828.7422  sbar_bright_T4a_mid-0.5=1048107.6250  sbar_bright_T4b_mid-0.5=1098395.6250  sbar_bright_T4c_mid-0.5=1107871.2500  sbar_bright_T4d_mid-0.5=1201571.3750  sbar_bright_T5a_mid-0.5=140395.6406  sbar_bright_T5b_mid-0.5=154185.9375  sbar_bright_T5c_mid-0.5=122259.3438  sbar_bright_T5d_mid-0.5=138661.8281  sbar_bright_T4a_mid+0.5=210844.2969  sbar_bright_T4b_mid+0.5=152960.0000  sbar_bright_T4c_mid+0.5=140173.2656  sbar_bright_T4d_mid+0.5=124052.1953  sbar_bright_T5a_mid+0.5=50944.8945  sbar_bright_T5b_mid+0.5=56556.1094  sbar_bright_T5c_mid+0.5=42035.8633  sbar_bright_T5d_mid+0.5=37102.6992  sbar_bright_T4b_mid+1.5=63469.7109  sbar_bright_T4c_mid+1.5=87926.3906  sbar_bright_T4d_mid+1.5=47526.0820  sbar_bright_T5a_mid+1.5=52193.7266  sbar_bright_T5b_mid+1.5=56114.2344  sbar_bright_T5c_mid+1.5=44122.5273  sbar_bright_T5d_mid+1.5=36628.4805  sbar_bright_T4a_mid+1.5=67124.5234  sbar_dark_T4a_mid+0=95772.8516  sbar_dark_T4b_mid+0=96569.6016  sbar_dark_T4c_mid+0=123802.2969  sbar_dark_T4d_mid+0=117605.2812  sbar_dark_T5a_mid+0=439953.0938  sbar_dark_T5b_mid+0=353710.7500  sbar_dark_T5c_mid+0=391894.2812  sbar_dark_T5d_mid+0=441049.0938  sbar_dark_T4a_mid+1=153106.0000  sbar_dark_T4b_mid+1=48969.7422  sbar_dark_T4c_mid+1=48662.1172  sbar_dark_T4d_mid+1=95762.1797  sbar_dark_T5a_mid+1=310377.9375  sbar_dark_T5b_mid+1=251725.7188  sbar_dark_T5c_mid+1=287295.5312  sbar_dark_T5d_mid+1=189749.5625  sbar_dark_T4a_mid+2=70088.8984  sbar_dark_T4b_mid+2=122368.0781  sbar_dark_T4c_mid+2=91745.9297  sbar_dark_T4d_mid+2=54033.1914  sbar_dark_T5a_mid+2=313626.2188  sbar_dark_T5b_mid+2=324755.0312  sbar_dark_T5c_mid+2=290905.6875  sbar_dark_T5d_mid+2=305997.0625  sbar_dark_T4a_mid-1=251964.0938  sbar_dark_T4b_mid-1=239443.5625  sbar_dark_T4c_mid-1=160659.0000  sbar_dark_T4d_mid-1=178451.2812  sbar_dark_T5a_mid-1=1597190.2500  sbar_dark_T5b_mid-1=1658591.3750  sbar_dark_T5c_mid-1=1552783.8750  sbar_dark_T5d_mid-1=1733431.0000  sbar_dark_T4a_mid-2=104218.4141  sbar_dark_T4b_mid-2=130850.0703  sbar_dark_T4c_mid-2=116317.0078  sbar_dark_T4d_mid-2=94883.1562  sbar_dark_T5b_mid-2=1044221.5000  sbar_dark_T5c_mid-2=806421.9375  sbar_dark_T5d_mid-2=949486.4375  sbar_dark_T5a_mid-2=890689.8125  sbar_dark_T4a_mid-1.5=25140.5781  sbar_dark_T4b_mid-1.5=53476.8672  sbar_dark_T4c_mid-1.5=62922.4648  sbar_dark_T4d_mid-1.5=12214.9346  sbar_dark_T5a_mid-1.5=301937.0938  sbar_dark_T5b_mid-1.5=354691.0000  sbar_dark_T5c_mid-1.5=304433.9688  sbar_dark_T5d_mid-1.5=293864.1562  sbar_dark_T4a_mid-0.5=83643.9531  sbar_dark_T4b_mid-0.5=61872.4609  sbar_dark_T4c_mid-0.5=123775.6172  sbar_dark_T4d_mid-0.5=47003.0547  sbar_dark_T5a_mid-0.5=622454.5000  sbar_dark_T5b_mid-0.5=793338.3750  sbar_dark_T5c_mid-0.5=481801.3125  sbar_dark_T5d_mid-0.5=683106.5000  sbar_dark_T4a_mid+0.5=36450.7969  sbar_dark_T4b_mid+0.5=93843.0859  sbar_dark_T4c_mid+0.5=22698.0938  sbar_dark_T4d_mid+0.5=94455.5078  sbar_dark_T5a_mid+0.5=114039.5859  sbar_dark_T5b_mid+0.5=121112.7734  sbar_dark_T5c_mid+0.5=96788.8672  sbar_dark_T5d_mid+0.5=98335.7734  sbar_dark_T4b_mid+1.5=10129.0488  sbar_dark_T4c_mid+1.5=10320.5088  sbar_dark_T4d_mid+1.5=11243.7852  sbar_dark_T5a_mid+1.5=55207.9414  sbar_dark_T5b_mid+1.5=66196.7422  sbar_dark_T5c_mid+1.5=60059.5000  sbar_dark_T5d_mid+1.5=49287.1250  sbar_dark_T4a_mid+1.5=9413.1035]:  29%|██▉       | 290/1000 [03:10<07:53,  1.50it/s] Cost: 408908.0000  [spread_bright_L5=1912341.5000  spread_bright_Mi1=1290188.0000  spread_bright_Tm3=1563696.5000  spread_bright_Mi4=1680353.8750  spread_dark_L1=1219829.8750  spread_dark_L2=795157.1250  spread_dark_L3=1331011.6250  spread_dark_L4=3089931.5000  spread_dark_Mi9=1087104.5000  spread_dark_Tm1=1158463.3750  spread_dark_Tm2=1342115.5000  spread_dark_Tm4=1494989.0000  spread_dark_Tm9=1659487.8750  sbar_bright_T4a_mid+0=370018.7500  sbar_bright_T4b_mid+0=424080.9062  sbar_bright_T4c_mid+0=367653.0625  sbar_bright_T4d_mid+0=452336.6250  sbar_bright_T5a_mid+0=107996.2578  sbar_bright_T5b_mid+0=131774.2500  sbar_bright_T5c_mid+0=128109.8672  sbar_bright_T5d_mid+0=105632.0625  sbar_bright_T4a_mid+1=265420.8125  sbar_bright_T4b_mid+1=307689.5625  sbar_bright_T4c_mid+1=298849.0938  sbar_bright_T4d_mid+1=264628.3750  sbar_bright_T5a_mid+1=107752.4609  sbar_bright_T5b_mid+1=129634.9375  sbar_bright_T5c_mid+1=100652.9141  sbar_bright_T5d_mid+1=115780.6250  sbar_bright_T4a_mid+2=97514.3047  sbar_bright_T4b_mid+2=161917.1875  sbar_bright_T4c_mid+2=121767.3281  sbar_bright_T4d_mid+2=139924.1719  sbar_bright_T5a_mid+2=219115.0781  sbar_bright_T5b_mid+2=200856.6562  sbar_bright_T5c_mid+2=206229.1094  sbar_bright_T5d_mid+2=219067.6406  sbar_bright_T4a_mid-1=1910467.6250  sbar_bright_T4b_mid-1=1452143.7500  sbar_bright_T4c_mid-1=1688844.5000  sbar_bright_T4d_mid-1=2018688.7500  sbar_bright_T5a_mid-1=377582.8125  sbar_bright_T5b_mid-1=388454.9688  sbar_bright_T5c_mid-1=392447.3438  sbar_bright_T5d_mid-1=383025.2500  sbar_bright_T4a_mid-2=384068.2500  sbar_bright_T4b_mid-2=339679.8750  sbar_bright_T4c_mid-2=359709.3750  sbar_bright_T4d_mid-2=409370.5625  sbar_bright_T5b_mid-2=100747.8594  sbar_bright_T5c_mid-2=75111.4453  sbar_bright_T5d_mid-2=89355.6016  sbar_bright_T5a_mid-2=90392.6719  sbar_bright_T4a_mid-1.5=210809.8906  sbar_bright_T4b_mid-1.5=177398.9062  sbar_bright_T4c_mid-1.5=157637.7969  sbar_bright_T4d_mid-1.5=264911.0625  sbar_bright_T5a_mid-1.5=108591.0938  sbar_bright_T5b_mid-1.5=117417.5000  sbar_bright_T5c_mid-1.5=97926.3672  sbar_bright_T5d_mid-1.5=94350.5625  sbar_bright_T4a_mid-0.5=1050677.0000  sbar_bright_T4b_mid-0.5=1091041.3750  sbar_bright_T4c_mid-0.5=1103862.8750  sbar_bright_T4d_mid-0.5=1198927.3750  sbar_bright_T5a_mid-0.5=143347.4375  sbar_bright_T5b_mid-0.5=153746.6094  sbar_bright_T5c_mid-0.5=128061.3047  sbar_bright_T5d_mid-0.5=139550.0469  sbar_bright_T4a_mid+0.5=213924.2344  sbar_bright_T4b_mid+0.5=156316.8750  sbar_bright_T4c_mid+0.5=139217.0312  sbar_bright_T4d_mid+0.5=123591.0078  sbar_bright_T5a_mid+0.5=52095.3516  sbar_bright_T5b_mid+0.5=58554.7031  sbar_bright_T5c_mid+0.5=42307.8008  sbar_bright_T5d_mid+0.5=38454.1094  sbar_bright_T4b_mid+1.5=62272.8594  sbar_bright_T4c_mid+1.5=83877.3281  sbar_bright_T4d_mid+1.5=44814.8555  sbar_bright_T5a_mid+1.5=50373.1758  sbar_bright_T5b_mid+1.5=54237.1953  sbar_bright_T5c_mid+1.5=41893.3594  sbar_bright_T5d_mid+1.5=35506.9727  sbar_bright_T4a_mid+1.5=64325.9062  sbar_dark_T4a_mid+0=96114.1953  sbar_dark_T4b_mid+0=100963.9141  sbar_dark_T4c_mid+0=120628.9688  sbar_dark_T4d_mid+0=115066.1406  sbar_dark_T5a_mid+0=418684.0000  sbar_dark_T5b_mid+0=352561.5000  sbar_dark_T5c_mid+0=398224.4062  sbar_dark_T5d_mid+0=440015.5625  sbar_dark_T4a_mid+1=156827.2188  sbar_dark_T4b_mid+1=49940.1758  sbar_dark_T4c_mid+1=47120.6602  sbar_dark_T4d_mid+1=95577.0000  sbar_dark_T5a_mid+1=315364.2188  sbar_dark_T5b_mid+1=248224.0938  sbar_dark_T5c_mid+1=278097.8438  sbar_dark_T5d_mid+1=184876.8125  sbar_dark_T4a_mid+2=73249.8984  sbar_dark_T4b_mid+2=128094.0938  sbar_dark_T4c_mid+2=90340.8359  sbar_dark_T4d_mid+2=58334.4922  sbar_dark_T5a_mid+2=303958.0938  sbar_dark_T5b_mid+2=316029.6562  sbar_dark_T5c_mid+2=282684.5000  sbar_dark_T5d_mid+2=295508.9062  sbar_dark_T4a_mid-1=277346.7812  sbar_dark_T4b_mid-1=243782.3906  sbar_dark_T4c_mid-1=166888.7969  sbar_dark_T4d_mid-1=175151.5625  sbar_dark_T5a_mid-1=1587837.3750  sbar_dark_T5b_mid-1=1634565.2500  sbar_dark_T5c_mid-1=1525026.3750  sbar_dark_T5d_mid-1=1703218.5000  sbar_dark_T4a_mid-2=114930.2969  sbar_dark_T4b_mid-2=137827.0469  sbar_dark_T4c_mid-2=125800.8203  sbar_dark_T4d_mid-2=101627.5859  sbar_dark_T5b_mid-2=1027303.6250  sbar_dark_T5c_mid-2=790118.8750  sbar_dark_T5d_mid-2=930525.0000  sbar_dark_T5a_mid-2=874657.5625  sbar_dark_T4a_mid-1.5=27589.9902  sbar_dark_T4b_mid-1.5=58071.3984  sbar_dark_T4c_mid-1.5=67864.0234  sbar_dark_T4d_mid-1.5=13582.7354  sbar_dark_T5a_mid-1.5=294698.9062  sbar_dark_T5b_mid-1.5=344520.5625  sbar_dark_T5c_mid-1.5=293854.8125  sbar_dark_T5d_mid-1.5=284520.0000  sbar_dark_T4a_mid-0.5=84036.7344  sbar_dark_T4b_mid-0.5=65894.9609  sbar_dark_T4c_mid-0.5=124673.7031  sbar_dark_T4d_mid-0.5=50135.5859  sbar_dark_T5a_mid-0.5=613928.3125  sbar_dark_T5b_mid-0.5=776110.6875  sbar_dark_T5c_mid-0.5=481386.8125  sbar_dark_T5d_mid-0.5=663301.7500  sbar_dark_T4a_mid+0.5=37908.9492  sbar_dark_T4b_mid+0.5=96416.2344  sbar_dark_T4c_mid+0.5=22569.0879  sbar_dark_T4d_mid+0.5=96198.6172  sbar_dark_T5a_mid+0.5=111693.0312  sbar_dark_T5b_mid+0.5=118680.0469  sbar_dark_T5c_mid+0.5=91223.1953  sbar_dark_T5d_mid+0.5=96071.9766  sbar_dark_T4b_mid+1.5=11150.4854  sbar_dark_T4c_mid+1.5=9880.1748  sbar_dark_T4d_mid+1.5=11552.8096  sbar_dark_T5a_mid+1.5=54886.8750  sbar_dark_T5b_mid+1.5=66108.5547  sbar_dark_T5c_mid+1.5=60005.4336  sbar_dark_T5d_mid+1.5=49042.9414  sbar_dark_T4a_mid+1.5=8719.4150]:  30%|███       | 300/1000 [03:17<07:45,  1.50it/s] Cost: 405149.9062  [spread_bright_L5=1934696.3750  spread_bright_Mi1=1285672.7500  spread_bright_Tm3=1553621.8750  spread_bright_Mi4=1708793.3750  spread_dark_L1=1226275.3750  spread_dark_L2=764053.1250  spread_dark_L3=1250329.6250  spread_dark_L4=3047514.7500  spread_dark_Mi9=1040273.3750  spread_dark_Tm1=1171329.8750  spread_dark_Tm2=1356644.7500  spread_dark_Tm4=1487228.1250  spread_dark_Tm9=1701160.7500  sbar_bright_T4a_mid+0=372519.5625  sbar_bright_T4b_mid+0=430511.2500  sbar_bright_T4c_mid+0=366811.4688  sbar_bright_T4d_mid+0=455592.5000  sbar_bright_T5a_mid+0=109926.7344  sbar_bright_T5b_mid+0=138260.3281  sbar_bright_T5c_mid+0=132817.5938  sbar_bright_T5d_mid+0=107545.2422  sbar_bright_T4a_mid+1=265980.1250  sbar_bright_T4b_mid+1=306418.0625  sbar_bright_T4c_mid+1=299727.6250  sbar_bright_T4d_mid+1=266474.4688  sbar_bright_T5a_mid+1=106148.1484  sbar_bright_T5b_mid+1=126388.5391  sbar_bright_T5c_mid+1=97536.9609  sbar_bright_T5d_mid+1=114389.0391  sbar_bright_T4a_mid+2=99686.0078  sbar_bright_T4b_mid+2=168039.2656  sbar_bright_T4c_mid+2=127657.3984  sbar_bright_T4d_mid+2=145260.9219  sbar_bright_T5a_mid+2=211714.2656  sbar_bright_T5b_mid+2=190766.9219  sbar_bright_T5c_mid+2=197527.8906  sbar_bright_T5d_mid+2=211414.4688  sbar_bright_T4a_mid-1=1875598.2500  sbar_bright_T4b_mid-1=1430631.6250  sbar_bright_T4c_mid-1=1665077.8750  sbar_bright_T4d_mid-1=1987824.5000  sbar_bright_T5a_mid-1=386613.2500  sbar_bright_T5b_mid-1=394740.4062  sbar_bright_T5c_mid-1=402939.3750  sbar_bright_T5d_mid-1=390660.0000  sbar_bright_T4a_mid-2=365575.7812  sbar_bright_T4b_mid-2=333019.0000  sbar_bright_T4c_mid-2=347629.2500  sbar_bright_T4d_mid-2=401880.0000  sbar_bright_T5b_mid-2=93143.3125  sbar_bright_T5c_mid-2=69291.0469  sbar_bright_T5d_mid-2=81964.9922  sbar_bright_T5a_mid-2=83487.6484  sbar_bright_T4a_mid-1.5=206848.5625  sbar_bright_T4b_mid-1.5=170916.0312  sbar_bright_T4c_mid-1.5=153736.5469  sbar_bright_T4d_mid-1.5=257797.7344  sbar_bright_T5a_mid-1.5=106451.0000  sbar_bright_T5b_mid-1.5=112477.4062  sbar_bright_T5c_mid-1.5=94796.3516  sbar_bright_T5d_mid-1.5=92040.8281  sbar_bright_T4a_mid-0.5=1032566.0000  sbar_bright_T4b_mid-0.5=1068979.7500  sbar_bright_T4c_mid-0.5=1083718.6250  sbar_bright_T4d_mid-0.5=1190795.1250  sbar_bright_T5a_mid-0.5=145892.6875  sbar_bright_T5b_mid-0.5=153639.5938  sbar_bright_T5c_mid-0.5=135168.0156  sbar_bright_T5d_mid-0.5=140736.3438  sbar_bright_T4a_mid+0.5=212567.3125  sbar_bright_T4b_mid+0.5=153600.0000  sbar_bright_T4c_mid+0.5=139002.8906  sbar_bright_T4d_mid+0.5=119641.0703  sbar_bright_T5a_mid+0.5=53275.3242  sbar_bright_T5b_mid+0.5=60180.3242  sbar_bright_T5c_mid+0.5=41204.4727  sbar_bright_T5d_mid+0.5=39817.2969  sbar_bright_T4b_mid+1.5=65167.3516  sbar_bright_T4c_mid+1.5=89809.9609  sbar_bright_T4d_mid+1.5=45810.3125  sbar_bright_T5a_mid+1.5=49627.2383  sbar_bright_T5b_mid+1.5=52869.2812  sbar_bright_T5c_mid+1.5=40577.6289  sbar_bright_T5d_mid+1.5=36392.1211  sbar_bright_T4a_mid+1.5=68943.0000  sbar_dark_T4a_mid+0=100348.6406  sbar_dark_T4b_mid+0=104417.0234  sbar_dark_T4c_mid+0=123603.0156  sbar_dark_T4d_mid+0=121245.8516  sbar_dark_T5a_mid+0=430831.6562  sbar_dark_T5b_mid+0=386727.4688  sbar_dark_T5c_mid+0=418036.0938  sbar_dark_T5d_mid+0=479420.0000  sbar_dark_T4a_mid+1=158577.3906  sbar_dark_T4b_mid+1=54407.7656  sbar_dark_T4c_mid+1=47940.3320  sbar_dark_T4d_mid+1=100159.7656  sbar_dark_T5a_mid+1=314642.2188  sbar_dark_T5b_mid+1=243212.8125  sbar_dark_T5c_mid+1=272398.9062  sbar_dark_T5d_mid+1=179967.5000  sbar_dark_T4a_mid+2=79739.9453  sbar_dark_T4b_mid+2=128048.2266  sbar_dark_T4c_mid+2=96960.0312  sbar_dark_T4d_mid+2=66126.2031  sbar_dark_T5a_mid+2=296306.0312  sbar_dark_T5b_mid+2=308706.8125  sbar_dark_T5c_mid+2=275269.2500  sbar_dark_T5d_mid+2=286710.0938  sbar_dark_T4a_mid-1=304866.9688  sbar_dark_T4b_mid-1=257646.5938  sbar_dark_T4c_mid-1=178245.7500  sbar_dark_T4d_mid-1=183868.8594  sbar_dark_T5a_mid-1=1552960.6250  sbar_dark_T5b_mid-1=1580112.0000  sbar_dark_T5c_mid-1=1448120.6250  sbar_dark_T5d_mid-1=1646890.7500  sbar_dark_T4a_mid-2=125396.5547  sbar_dark_T4b_mid-2=147501.3906  sbar_dark_T4c_mid-2=138013.5469  sbar_dark_T4d_mid-2=111824.3906  sbar_dark_T5b_mid-2=996856.1250  sbar_dark_T5c_mid-2=755681.8750  sbar_dark_T5d_mid-2=891625.3125  sbar_dark_T5a_mid-2=843115.1250  sbar_dark_T4a_mid-1.5=30154.4453  sbar_dark_T4b_mid-1.5=63838.5000  sbar_dark_T4c_mid-1.5=72086.7969  sbar_dark_T4d_mid-1.5=15314.6289  sbar_dark_T5a_mid-1.5=283406.6250  sbar_dark_T5b_mid-1.5=328912.5938  sbar_dark_T5c_mid-1.5=276132.9375  sbar_dark_T5d_mid-1.5=270467.8125  sbar_dark_T4a_mid-0.5=85512.6953  sbar_dark_T4b_mid-0.5=70697.3516  sbar_dark_T4c_mid-0.5=131493.8125  sbar_dark_T4d_mid-0.5=52766.4414  sbar_dark_T5a_mid-0.5=599652.8750  sbar_dark_T5b_mid-0.5=747499.8125  sbar_dark_T5c_mid-0.5=464836.2500  sbar_dark_T5d_mid-0.5=633357.3750  sbar_dark_T4a_mid+0.5=39868.3828  sbar_dark_T4b_mid+0.5=100207.2422  sbar_dark_T4c_mid+0.5=24254.1562  sbar_dark_T4d_mid+0.5=101922.2656  sbar_dark_T5a_mid+0.5=109024.8984  sbar_dark_T5b_mid+0.5=114346.5625  sbar_dark_T5c_mid+0.5=80496.4766  sbar_dark_T5d_mid+0.5=97503.3594  sbar_dark_T4b_mid+1.5=11982.7100  sbar_dark_T4c_mid+1.5=12565.7549  sbar_dark_T4d_mid+1.5=12895.3662  sbar_dark_T5a_mid+1.5=54180.7031  sbar_dark_T5b_mid+1.5=65516.1250  sbar_dark_T5c_mid+1.5=59464.2969  sbar_dark_T5d_mid+1.5=48732.3711  sbar_dark_T4a_mid+1.5=11083.6768]:  31%|███       | 310/1000 [03:23<07:38,  1.51it/s] Cost: 402552.9688  [spread_bright_L5=1942314.5000  spread_bright_Mi1=1270373.3750  spread_bright_Tm3=1565101.8750  spread_bright_Mi4=1689555.3750  spread_dark_L1=1238145.7500  spread_dark_L2=739211.3750  spread_dark_L3=1165697.2500  spread_dark_L4=3071368.0000  spread_dark_Mi9=999082.0625  spread_dark_Tm1=1151206.0000  spread_dark_Tm2=1322164.5000  spread_dark_Tm4=1469282.2500  spread_dark_Tm9=1734546.5000  sbar_bright_T4a_mid+0=372180.5312  sbar_bright_T4b_mid+0=437100.5312  sbar_bright_T4c_mid+0=364282.1875  sbar_bright_T4d_mid+0=457354.0938  sbar_bright_T5a_mid+0=114078.5703  sbar_bright_T5b_mid+0=146980.2812  sbar_bright_T5c_mid+0=141607.7500  sbar_bright_T5d_mid+0=112670.8281  sbar_bright_T4a_mid+1=265701.5000  sbar_bright_T4b_mid+1=305299.2500  sbar_bright_T4c_mid+1=299904.5938  sbar_bright_T4d_mid+1=266444.0312  sbar_bright_T5a_mid+1=107248.5234  sbar_bright_T5b_mid+1=127346.4453  sbar_bright_T5c_mid+1=100177.9844  sbar_bright_T5d_mid+1=116649.7969  sbar_bright_T4a_mid+2=95698.6875  sbar_bright_T4b_mid+2=162299.3906  sbar_bright_T4c_mid+2=128443.4219  sbar_bright_T4d_mid+2=144270.7812  sbar_bright_T5a_mid+2=208708.6250  sbar_bright_T5b_mid+2=185438.3281  sbar_bright_T5c_mid+2=193822.7344  sbar_bright_T5d_mid+2=207465.6250  sbar_bright_T4a_mid-1=1862165.6250  sbar_bright_T4b_mid-1=1441526.2500  sbar_bright_T4c_mid-1=1659054.6250  sbar_bright_T4d_mid-1=1979244.1250  sbar_bright_T5a_mid-1=401070.8438  sbar_bright_T5b_mid-1=407740.3750  sbar_bright_T5c_mid-1=418477.5000  sbar_bright_T5d_mid-1=403198.1875  sbar_bright_T4a_mid-2=357457.9688  sbar_bright_T4b_mid-2=336072.1875  sbar_bright_T4c_mid-2=340200.5938  sbar_bright_T4d_mid-2=391457.5625  sbar_bright_T5b_mid-2=90123.4297  sbar_bright_T5c_mid-2=71211.7734  sbar_bright_T5d_mid-2=83071.2891  sbar_bright_T5a_mid-2=82802.5625  sbar_bright_T4a_mid-1.5=207181.8594  sbar_bright_T4b_mid-1.5=169156.1875  sbar_bright_T4c_mid-1.5=153382.2344  sbar_bright_T4d_mid-1.5=252743.3594  sbar_bright_T5a_mid-1.5=107478.1797  sbar_bright_T5b_mid-1.5=110557.0781  sbar_bright_T5c_mid-1.5=97571.8828  sbar_bright_T5d_mid-1.5=92490.6875  sbar_bright_T4a_mid-0.5=1040102.3750  sbar_bright_T4b_mid-0.5=1076150.0000  sbar_bright_T4c_mid-0.5=1085740.1250  sbar_bright_T4d_mid-0.5=1196087.1250  sbar_bright_T5a_mid-0.5=150731.0625  sbar_bright_T5b_mid-0.5=155285.0156  sbar_bright_T5c_mid-0.5=145344.2656  sbar_bright_T5d_mid-0.5=145400.0156  sbar_bright_T4a_mid+0.5=215027.5312  sbar_bright_T4b_mid+0.5=158291.2188  sbar_bright_T4c_mid+0.5=140429.9844  sbar_bright_T4d_mid+0.5=122186.7656  sbar_bright_T5a_mid+0.5=55434.8594  sbar_bright_T5b_mid+0.5=61685.7695  sbar_bright_T5c_mid+0.5=43452.7227  sbar_bright_T5d_mid+0.5=41821.1367  sbar_bright_T4b_mid+1.5=62830.3164  sbar_bright_T4c_mid+1.5=85666.9844  sbar_bright_T4d_mid+1.5=43603.9883  sbar_bright_T5a_mid+1.5=48502.1094  sbar_bright_T5b_mid+1.5=50632.4102  sbar_bright_T5c_mid+1.5=40230.6250  sbar_bright_T5d_mid+1.5=36359.5586  sbar_bright_T4a_mid+1.5=65403.6719  sbar_dark_T4a_mid+0=98520.1250  sbar_dark_T4b_mid+0=101316.4375  sbar_dark_T4c_mid+0=120951.0781  sbar_dark_T4d_mid+0=116932.8594  sbar_dark_T5a_mid+0=407015.7500  sbar_dark_T5b_mid+0=396840.0312  sbar_dark_T5c_mid+0=423118.7812  sbar_dark_T5d_mid+0=493244.1250  sbar_dark_T4a_mid+1=153882.3125  sbar_dark_T4b_mid+1=54087.6641  sbar_dark_T4c_mid+1=47025.7031  sbar_dark_T4d_mid+1=100147.0703  sbar_dark_T5a_mid+1=290195.3438  sbar_dark_T5b_mid+1=238531.5625  sbar_dark_T5c_mid+1=259569.7500  sbar_dark_T5d_mid+1=177018.6250  sbar_dark_T4a_mid+2=78439.5156  sbar_dark_T4b_mid+2=123783.5547  sbar_dark_T4c_mid+2=93274.8594  sbar_dark_T4d_mid+2=66169.4531  sbar_dark_T5a_mid+2=286711.9062  sbar_dark_T5b_mid+2=296080.1562  sbar_dark_T5c_mid+2=263943.3438  sbar_dark_T5d_mid+2=274755.8438  sbar_dark_T4a_mid-1=317630.7500  sbar_dark_T4b_mid-1=253394.5938  sbar_dark_T4c_mid-1=180448.4531  sbar_dark_T4d_mid-1=190310.2500  sbar_dark_T5a_mid-1=1554523.6250  sbar_dark_T5b_mid-1=1549495.6250  sbar_dark_T5c_mid-1=1408596.6250  sbar_dark_T5d_mid-1=1624798.8750  sbar_dark_T4a_mid-2=129925.4922  sbar_dark_T4b_mid-2=146931.3594  sbar_dark_T4c_mid-2=145653.3750  sbar_dark_T4d_mid-2=114350.2422  sbar_dark_T5b_mid-2=979079.6875  sbar_dark_T5c_mid-2=745566.5625  sbar_dark_T5d_mid-2=880246.1250  sbar_dark_T5a_mid-2=841384.2500  sbar_dark_T4a_mid-1.5=30955.5332  sbar_dark_T4b_mid-1.5=65524.4961  sbar_dark_T4c_mid-1.5=72304.5391  sbar_dark_T4d_mid-1.5=16731.3320  sbar_dark_T5a_mid-1.5=279172.7500  sbar_dark_T5b_mid-1.5=317839.8438  sbar_dark_T5c_mid-1.5=274953.0000  sbar_dark_T5d_mid-1.5=264306.0938  sbar_dark_T4a_mid-0.5=80963.2656  sbar_dark_T4b_mid-0.5=71154.3516  sbar_dark_T4c_mid-0.5=131020.6641  sbar_dark_T4d_mid-0.5=52739.3164  sbar_dark_T5a_mid-0.5=596223.4375  sbar_dark_T5b_mid-0.5=724293.8750  sbar_dark_T5c_mid-0.5=460678.2188  sbar_dark_T5d_mid-0.5=615772.1250  sbar_dark_T4a_mid+0.5=39130.8555  sbar_dark_T4b_mid+0.5=98292.3750  sbar_dark_T4c_mid+0.5=23787.0371  sbar_dark_T4d_mid+0.5=100894.9219  sbar_dark_T5a_mid+0.5=106617.4922  sbar_dark_T5b_mid+0.5=111684.5703  sbar_dark_T5c_mid+0.5=76878.0078  sbar_dark_T5d_mid+0.5=92418.8750  sbar_dark_T4b_mid+1.5=11807.6172  sbar_dark_T4c_mid+1.5=12377.4961  sbar_dark_T4d_mid+1.5=12651.8105  sbar_dark_T5a_mid+1.5=53377.2812  sbar_dark_T5b_mid+1.5=64461.0273  sbar_dark_T5c_mid+1.5=58017.8477  sbar_dark_T5d_mid+1.5=47766.9219  sbar_dark_T4a_mid+1.5=11047.6641]:    32%|███▏      | 320/1000 [03:30<07:30,  1.51it/s] Cost: 400244.4062  [spread_bright_L5=1978066.2500  spread_bright_Mi1=1288139.0000  spread_bright_Tm3=1576219.6250  spread_bright_Mi4=1677154.7500  spread_dark_L1=1242068.5000  spread_dark_L2=729991.8750  spread_dark_L3=1074537.1250  spread_dark_L4=3070769.0000  spread_dark_Mi9=1023841.5625  spread_dark_Tm1=1175267.5000  spread_dark_Tm2=1322478.6250  spread_dark_Tm4=1470206.1250  spread_dark_Tm9=1735644.3750  sbar_bright_T4a_mid+0=372529.8750  sbar_bright_T4b_mid+0=439685.1562  sbar_bright_T4c_mid+0=364473.7188  sbar_bright_T4d_mid+0=459892.7500  sbar_bright_T5a_mid+0=117102.3984  sbar_bright_T5b_mid+0=150169.1094  sbar_bright_T5c_mid+0=146580.3750  sbar_bright_T5d_mid+0=114459.9688  sbar_bright_T4a_mid+1=266861.8125  sbar_bright_T4b_mid+1=306234.1875  sbar_bright_T4c_mid+1=301975.9062  sbar_bright_T4d_mid+1=269425.0625  sbar_bright_T5a_mid+1=104990.1406  sbar_bright_T5b_mid+1=125075.5703  sbar_bright_T5c_mid+1=99596.0859  sbar_bright_T5d_mid+1=115824.2500  sbar_bright_T4a_mid+2=100204.0859  sbar_bright_T4b_mid+2=166901.6406  sbar_bright_T4c_mid+2=137200.4062  sbar_bright_T4d_mid+2=148813.1719  sbar_bright_T5a_mid+2=198737.1562  sbar_bright_T5b_mid+2=179155.0312  sbar_bright_T5c_mid+2=187574.9531  sbar_bright_T5d_mid+2=200015.1719  sbar_bright_T4a_mid-1=1831618.3750  sbar_bright_T4b_mid-1=1433682.3750  sbar_bright_T4c_mid-1=1647230.3750  sbar_bright_T4d_mid-1=1958008.1250  sbar_bright_T5a_mid-1=406931.8125  sbar_bright_T5b_mid-1=412608.9375  sbar_bright_T5c_mid-1=428983.1562  sbar_bright_T5d_mid-1=407052.4688  sbar_bright_T4a_mid-2=343204.2500  sbar_bright_T4b_mid-2=333299.5938  sbar_bright_T4c_mid-2=329486.5312  sbar_bright_T4d_mid-2=381490.6250  sbar_bright_T5b_mid-2=86123.0703  sbar_bright_T5c_mid-2=69567.5000  sbar_bright_T5d_mid-2=78926.2266  sbar_bright_T5a_mid-2=78312.4297  sbar_bright_T4a_mid-1.5=204877.4688  sbar_bright_T4b_mid-1.5=165995.8906  sbar_bright_T4c_mid-1.5=151691.0781  sbar_bright_T4d_mid-1.5=246703.0938  sbar_bright_T5a_mid-1.5=105429.1484  sbar_bright_T5b_mid-1.5=109141.2266  sbar_bright_T5c_mid-1.5=96376.0469  sbar_bright_T5d_mid-1.5=91419.2188  sbar_bright_T4a_mid-0.5=1026043.3125  sbar_bright_T4b_mid-0.5=1069046.5000  sbar_bright_T4c_mid-0.5=1077027.0000  sbar_bright_T4d_mid-0.5=1194607.8750  sbar_bright_T5a_mid-0.5=152178.8750  sbar_bright_T5b_mid-0.5=155257.0156  sbar_bright_T5c_mid-0.5=148917.7500  sbar_bright_T5d_mid-0.5=146076.3125  sbar_bright_T4a_mid+0.5=210940.4531  sbar_bright_T4b_mid+0.5=156465.5469  sbar_bright_T4c_mid+0.5=138259.7500  sbar_bright_T4d_mid+0.5=121430.0312  sbar_bright_T5a_mid+0.5=55992.1875  sbar_bright_T5b_mid+0.5=61693.0898  sbar_bright_T5c_mid+0.5=43355.0039  sbar_bright_T5d_mid+0.5=42436.8750  sbar_bright_T4b_mid+1.5=64772.4297  sbar_bright_T4c_mid+1.5=90157.8125  sbar_bright_T4d_mid+1.5=44398.4883  sbar_bright_T5a_mid+1.5=46880.2070  sbar_bright_T5b_mid+1.5=50252.5703  sbar_bright_T5c_mid+1.5=39841.3320  sbar_bright_T5d_mid+1.5=35927.6172  sbar_bright_T4a_mid+1.5=70360.5156  sbar_dark_T4a_mid+0=101242.7344  sbar_dark_T4b_mid+0=102191.4922  sbar_dark_T4c_mid+0=119280.4062  sbar_dark_T4d_mid+0=118185.5625  sbar_dark_T5a_mid+0=438839.8438  sbar_dark_T5b_mid+0=396629.9062  sbar_dark_T5c_mid+0=412796.2188  sbar_dark_T5d_mid+0=492471.5625  sbar_dark_T4a_mid+1=150192.2188  sbar_dark_T4b_mid+1=56369.3945  sbar_dark_T4c_mid+1=47148.7695  sbar_dark_T4d_mid+1=100036.8750  sbar_dark_T5a_mid+1=289354.1875  sbar_dark_T5b_mid+1=237839.2656  sbar_dark_T5c_mid+1=257061.5625  sbar_dark_T5d_mid+1=177997.8438  sbar_dark_T4a_mid+2=83825.5469  sbar_dark_T4b_mid+2=123406.5703  sbar_dark_T4c_mid+2=99120.3594  sbar_dark_T4d_mid+2=71862.8281  sbar_dark_T5a_mid+2=278662.2500  sbar_dark_T5b_mid+2=290703.9688  sbar_dark_T5c_mid+2=259606.6406  sbar_dark_T5d_mid+2=268962.3750  sbar_dark_T4a_mid-1=334282.5938  sbar_dark_T4b_mid-1=260433.2031  sbar_dark_T4c_mid-1=178626.2969  sbar_dark_T4d_mid-1=195528.8750  sbar_dark_T5a_mid-1=1512174.7500  sbar_dark_T5b_mid-1=1518564.0000  sbar_dark_T5c_mid-1=1383691.7500  sbar_dark_T5d_mid-1=1585167.6250  sbar_dark_T4a_mid-2=136568.2812  sbar_dark_T4b_mid-2=152853.9688  sbar_dark_T4c_mid-2=154213.4219  sbar_dark_T4d_mid-2=123370.4219  sbar_dark_T5b_mid-2=956175.1875  sbar_dark_T5c_mid-2=724262.0625  sbar_dark_T5d_mid-2=854955.5000  sbar_dark_T5a_mid-2=814550.6875  sbar_dark_T4a_mid-1.5=32533.6055  sbar_dark_T4b_mid-1.5=68847.3594  sbar_dark_T4c_mid-1.5=74966.4375  sbar_dark_T4d_mid-1.5=18132.0996  sbar_dark_T5a_mid-1.5=268418.0625  sbar_dark_T5b_mid-1.5=311809.2188  sbar_dark_T5c_mid-1.5=266785.1562  sbar_dark_T5d_mid-1.5=257562.9688  sbar_dark_T4a_mid-0.5=78957.1562  sbar_dark_T4b_mid-0.5=74048.6172  sbar_dark_T4c_mid-0.5=131252.5312  sbar_dark_T4d_mid-0.5=53599.9805  sbar_dark_T5a_mid-0.5=574954.0000  sbar_dark_T5b_mid-0.5=709341.5000  sbar_dark_T5c_mid-0.5=455155.9688  sbar_dark_T5d_mid-0.5=598334.1250  sbar_dark_T4a_mid+0.5=38003.4453  sbar_dark_T4b_mid+0.5=98543.7812  sbar_dark_T4c_mid+0.5=25032.7754  sbar_dark_T4d_mid+0.5=99321.9062  sbar_dark_T5a_mid+0.5=103157.9297  sbar_dark_T5b_mid+0.5=109134.5703  sbar_dark_T5c_mid+0.5=75528.9844  sbar_dark_T5d_mid+0.5=94167.1016  sbar_dark_T4b_mid+1.5=12164.5439  sbar_dark_T4c_mid+1.5=14865.4141  sbar_dark_T4d_mid+1.5=13342.6553  sbar_dark_T5a_mid+1.5=54045.5391  sbar_dark_T5b_mid+1.5=66392.4375  sbar_dark_T5c_mid+1.5=59867.7734  sbar_dark_T5d_mid+1.5=49522.6914  sbar_dark_T4a_mid+1.5=13026.3467]:  33%|███▎      | 330/1000 [03:36<07:23,  1.51it/s] Cost: 400360.5938  [spread_bright_L5=1910540.2500  spread_bright_Mi1=1253045.1250  spread_bright_Tm3=1522409.5000  spread_bright_Mi4=1735566.2500  spread_dark_L1=1241882.3750  spread_dark_L2=745516.5625  spread_dark_L3=990094.8750  spread_dark_L4=3088939.5000  spread_dark_Mi9=942056.4375  spread_dark_Tm1=1184445.6250  spread_dark_Tm2=1309287.0000  spread_dark_Tm4=1472834.6250  spread_dark_Tm9=1566502.7500  sbar_bright_T4a_mid+0=370751.9375  sbar_bright_T4b_mid+0=455536.0625  sbar_bright_T4c_mid+0=391172.2500  sbar_bright_T4d_mid+0=461594.3750  sbar_bright_T5a_mid+0=107419.0469  sbar_bright_T5b_mid+0=133461.4688  sbar_bright_T5c_mid+0=133109.7969  sbar_bright_T5d_mid+0=108832.8438  sbar_bright_T4a_mid+1=265987.5312  sbar_bright_T4b_mid+1=303128.5000  sbar_bright_T4c_mid+1=289792.9688  sbar_bright_T4d_mid+1=263936.8125  sbar_bright_T5a_mid+1=104542.1406  sbar_bright_T5b_mid+1=121321.5078  sbar_bright_T5c_mid+1=98107.8672  sbar_bright_T5d_mid+1=114289.8906  sbar_bright_T4a_mid+2=92242.6875  sbar_bright_T4b_mid+2=139648.3281  sbar_bright_T4c_mid+2=118522.2578  sbar_bright_T4d_mid+2=129800.7812  sbar_bright_T5a_mid+2=208730.5469  sbar_bright_T5b_mid+2=189446.3281  sbar_bright_T5c_mid+2=195700.3125  sbar_bright_T5d_mid+2=207841.8750  sbar_bright_T4a_mid-1=1897256.5000  sbar_bright_T4b_mid-1=1526682.6250  sbar_bright_T4c_mid-1=1728705.5000  sbar_bright_T4d_mid-1=2012026.6250  sbar_bright_T5a_mid-1=398188.3125  sbar_bright_T5b_mid-1=404740.1250  sbar_bright_T5c_mid-1=415173.5000  sbar_bright_T5d_mid-1=403156.4375  sbar_bright_T4a_mid-2=359960.0000  sbar_bright_T4b_mid-2=365749.1562  sbar_bright_T4c_mid-2=352501.6562  sbar_bright_T4d_mid-2=402311.4062  sbar_bright_T5b_mid-2=90421.5000  sbar_bright_T5c_mid-2=70929.4297  sbar_bright_T5d_mid-2=81524.8281  sbar_bright_T5a_mid-2=81543.7266  sbar_bright_T4a_mid-1.5=210330.5156  sbar_bright_T4b_mid-1.5=173425.5312  sbar_bright_T4c_mid-1.5=154562.7969  sbar_bright_T4d_mid-1.5=246173.0156  sbar_bright_T5a_mid-1.5=106880.2031  sbar_bright_T5b_mid-1.5=111987.4609  sbar_bright_T5c_mid-1.5=98209.8438  sbar_bright_T5d_mid-1.5=93960.8125  sbar_bright_T4a_mid-0.5=1081949.3750  sbar_bright_T4b_mid-0.5=1113111.0000  sbar_bright_T4c_mid-0.5=1143009.0000  sbar_bright_T4d_mid-0.5=1226510.3750  sbar_bright_T5a_mid-0.5=150262.4375  sbar_bright_T5b_mid-0.5=154637.1094  sbar_bright_T5c_mid-0.5=143613.6250  sbar_bright_T5d_mid-0.5=145799.3125  sbar_bright_T4a_mid+0.5=227552.8594  sbar_bright_T4b_mid+0.5=172956.4688  sbar_bright_T4c_mid+0.5=148979.0781  sbar_bright_T4d_mid+0.5=136508.2344  sbar_bright_T5a_mid+0.5=53464.1211  sbar_bright_T5b_mid+0.5=57008.4492  sbar_bright_T5c_mid+0.5=42152.3047  sbar_bright_T5d_mid+0.5=40322.3164  sbar_bright_T4b_mid+1.5=56385.2188  sbar_bright_T4c_mid+1.5=74271.6094  sbar_bright_T4d_mid+1.5=40282.4648  sbar_bright_T5a_mid+1.5=47587.1406  sbar_bright_T5b_mid+1.5=49437.7656  sbar_bright_T5c_mid+1.5=39712.0859  sbar_bright_T5d_mid+1.5=34420.4023  sbar_bright_T4a_mid+1.5=60982.4531  sbar_dark_T4a_mid+0=78910.3359  sbar_dark_T4b_mid+0=73085.1328  sbar_dark_T4c_mid+0=109689.0078  sbar_dark_T4d_mid+0=104001.4219  sbar_dark_T5a_mid+0=394529.0938  sbar_dark_T5b_mid+0=358054.0938  sbar_dark_T5c_mid+0=368737.4062  sbar_dark_T5d_mid+0=452191.4375  sbar_dark_T4a_mid+1=157611.1094  sbar_dark_T4b_mid+1=43070.8711  sbar_dark_T4c_mid+1=44947.9883  sbar_dark_T4d_mid+1=101268.5078  sbar_dark_T5a_mid+1=262293.7812  sbar_dark_T5b_mid+1=232599.6094  sbar_dark_T5c_mid+1=246152.7500  sbar_dark_T5d_mid+1=177227.5000  sbar_dark_T4a_mid+2=69317.9141  sbar_dark_T4b_mid+2=121101.1797  sbar_dark_T4c_mid+2=78518.2422  sbar_dark_T4d_mid+2=51082.2031  sbar_dark_T5a_mid+2=292806.3125  sbar_dark_T5b_mid+2=302404.6875  sbar_dark_T5c_mid+2=271914.8125  sbar_dark_T5d_mid+2=280404.7188  sbar_dark_T4a_mid-1=293572.7812  sbar_dark_T4b_mid-1=240602.7188  sbar_dark_T4c_mid-1=160832.7969  sbar_dark_T4d_mid-1=191537.0312  sbar_dark_T5a_mid-1=1576973.1250  sbar_dark_T5b_mid-1=1565929.2500  sbar_dark_T5c_mid-1=1441903.0000  sbar_dark_T5d_mid-1=1621921.1250  sbar_dark_T4a_mid-2=117838.2578  sbar_dark_T4b_mid-2=131142.6250  sbar_dark_T4c_mid-2=130467.6406  sbar_dark_T4d_mid-2=103286.4453  sbar_dark_T5b_mid-2=981534.1875  sbar_dark_T5c_mid-2=753549.0000  sbar_dark_T5d_mid-2=879211.1875  sbar_dark_T5a_mid-2=845429.8750  sbar_dark_T4a_mid-1.5=28109.9355  sbar_dark_T4b_mid-1.5=58294.5312  sbar_dark_T4c_mid-1.5=65998.9219  sbar_dark_T4d_mid-1.5=17714.2402  sbar_dark_T5a_mid-1.5=273059.2500  sbar_dark_T5b_mid-1.5=317756.4375  sbar_dark_T5c_mid-1.5=269389.4062  sbar_dark_T5d_mid-1.5=260762.4531  sbar_dark_T4a_mid-0.5=83229.3672  sbar_dark_T4b_mid-0.5=67270.9844  sbar_dark_T4c_mid-0.5=131395.5312  sbar_dark_T4d_mid-0.5=45951.2930  sbar_dark_T5a_mid-0.5=597546.6875  sbar_dark_T5b_mid-0.5=726519.6250  sbar_dark_T5c_mid-0.5=475440.1875  sbar_dark_T5d_mid-0.5=607868.0000  sbar_dark_T4a_mid+0.5=36648.8320  sbar_dark_T4b_mid+0.5=103238.5078  sbar_dark_T4c_mid+0.5=21423.4277  sbar_dark_T4d_mid+0.5=108762.2109  sbar_dark_T5a_mid+0.5=108668.3828  sbar_dark_T5b_mid+0.5=112816.3828  sbar_dark_T5c_mid+0.5=79677.8750  sbar_dark_T5d_mid+0.5=89294.8125  sbar_dark_T4b_mid+1.5=8533.9883  sbar_dark_T4c_mid+1.5=8630.8066  sbar_dark_T4d_mid+1.5=10183.2666  sbar_dark_T5a_mid+1.5=55741.5430  sbar_dark_T5b_mid+1.5=65621.3516  sbar_dark_T5c_mid+1.5=60602.8125  sbar_dark_T5d_mid+1.5=49578.7461  sbar_dark_T4a_mid+1.5=7878.4028]:        34%|███▍      | 340/1000 [03:43<07:19,  1.50it/s] Cost: 395725.1875  [spread_bright_L5=1917859.6250  spread_bright_Mi1=1344345.7500  spread_bright_Tm3=1701143.2500  spread_bright_Mi4=1669684.6250  spread_dark_L1=1251709.0000  spread_dark_L2=769149.0000  spread_dark_L3=893133.7500  spread_dark_L4=3078787.7500  spread_dark_Mi9=1022007.2500  spread_dark_Tm1=1148600.8750  spread_dark_Tm2=1330934.7500  spread_dark_Tm4=1420754.1250  spread_dark_Tm9=1751214.1250  sbar_bright_T4a_mid+0=378797.4062  sbar_bright_T4b_mid+0=407387.1875  sbar_bright_T4c_mid+0=343953.3750  sbar_bright_T4d_mid+0=443941.4375  sbar_bright_T5a_mid+0=124773.7969  sbar_bright_T5b_mid+0=159305.6094  sbar_bright_T5c_mid+0=161889.6719  sbar_bright_T5d_mid+0=124594.2891  sbar_bright_T4a_mid+1=267837.8125  sbar_bright_T4b_mid+1=316237.5938  sbar_bright_T4c_mid+1=329210.8125  sbar_bright_T4d_mid+1=286773.0000  sbar_bright_T5a_mid+1=106389.6875  sbar_bright_T5b_mid+1=126054.3750  sbar_bright_T5c_mid+1=104753.9062  sbar_bright_T5d_mid+1=121482.8672  sbar_bright_T4a_mid+2=117703.5000  sbar_bright_T4b_mid+2=197124.4688  sbar_bright_T4c_mid+2=172307.6719  sbar_bright_T4d_mid+2=172841.6250  sbar_bright_T5a_mid+2=193056.4531  sbar_bright_T5b_mid+2=173105.7031  sbar_bright_T5c_mid+2=183507.6406  sbar_bright_T5d_mid+2=192957.5469  sbar_bright_T4a_mid-1=1755561.1250  sbar_bright_T4b_mid-1=1350977.1250  sbar_bright_T4c_mid-1=1566883.1250  sbar_bright_T4d_mid-1=1883010.2500  sbar_bright_T5a_mid-1=416040.6562  sbar_bright_T5b_mid-1=419451.4062  sbar_bright_T5c_mid-1=445264.5312  sbar_bright_T5d_mid-1=415122.1875  sbar_bright_T4a_mid-2=316728.9375  sbar_bright_T4b_mid-2=317603.3750  sbar_bright_T4c_mid-2=305644.8438  sbar_bright_T4d_mid-2=382547.8438  sbar_bright_T5b_mid-2=83555.9375  sbar_bright_T5c_mid-2=71069.8047  sbar_bright_T5d_mid-2=76738.7344  sbar_bright_T5a_mid-2=77591.7891  sbar_bright_T4a_mid-1.5=193661.8438  sbar_bright_T4b_mid-1.5=156319.5000  sbar_bright_T4c_mid-1.5=149686.0000  sbar_bright_T4d_mid-1.5=234828.1250  sbar_bright_T5a_mid-1.5=106904.6406  sbar_bright_T5b_mid-1.5=109564.5000  sbar_bright_T5c_mid-1.5=95042.3438  sbar_bright_T5d_mid-1.5=93652.6641  sbar_bright_T4a_mid-0.5=962490.1250  sbar_bright_T4b_mid-0.5=1005115.0625  sbar_bright_T4c_mid-0.5=1013568.5000  sbar_bright_T4d_mid-0.5=1146111.0000  sbar_bright_T5a_mid-0.5=156446.0625  sbar_bright_T5b_mid-0.5=157466.6250  sbar_bright_T5c_mid-0.5=150989.8750  sbar_bright_T5d_mid-0.5=149002.5312  sbar_bright_T4a_mid+0.5=184846.7344  sbar_bright_T4b_mid+0.5=135226.6562  sbar_bright_T4c_mid+0.5=127188.6875  sbar_bright_T4d_mid+0.5=108501.6016  sbar_bright_T5a_mid+0.5=57379.6523  sbar_bright_T5b_mid+0.5=62364.3516  sbar_bright_T5c_mid+0.5=46285.1680  sbar_bright_T5d_mid+0.5=43276.1680  sbar_bright_T4b_mid+1.5=84951.2734  sbar_bright_T4c_mid+1.5=115859.6250  sbar_bright_T4d_mid+1.5=53851.3672  sbar_bright_T5a_mid+1.5=44293.4766  sbar_bright_T5b_mid+1.5=47911.4414  sbar_bright_T5c_mid+1.5=38439.0430  sbar_bright_T5d_mid+1.5=36040.4258  sbar_bright_T4a_mid+1.5=90379.6328  sbar_dark_T4a_mid+0=107229.3203  sbar_dark_T4b_mid+0=110153.4062  sbar_dark_T4c_mid+0=115810.7031  sbar_dark_T4d_mid+0=119913.8906  sbar_dark_T5a_mid+0=436517.0000  sbar_dark_T5b_mid+0=403151.3125  sbar_dark_T5c_mid+0=403274.9375  sbar_dark_T5d_mid+0=468864.3750  sbar_dark_T4a_mid+1=138274.7344  sbar_dark_T4b_mid+1=71578.4062  sbar_dark_T4c_mid+1=54272.9180  sbar_dark_T4d_mid+1=96974.9375  sbar_dark_T5a_mid+1=288815.5312  sbar_dark_T5b_mid+1=234753.5469  sbar_dark_T5c_mid+1=267916.0625  sbar_dark_T5d_mid+1=178658.5469  sbar_dark_T4a_mid+2=101527.0391  sbar_dark_T4b_mid+2=126278.4375  sbar_dark_T4c_mid+2=126908.9297  sbar_dark_T4d_mid+2=92017.3281  sbar_dark_T5a_mid+2=266167.8750  sbar_dark_T5b_mid+2=280242.3438  sbar_dark_T5c_mid+2=250135.0781  sbar_dark_T5d_mid+2=257582.8281  sbar_dark_T4a_mid-1=370678.1250  sbar_dark_T4b_mid-1=290676.2812  sbar_dark_T4c_mid-1=188530.7812  sbar_dark_T4d_mid-1=201600.8281  sbar_dark_T5a_mid-1=1465774.6250  sbar_dark_T5b_mid-1=1475091.8750  sbar_dark_T5c_mid-1=1336482.8750  sbar_dark_T5d_mid-1=1532545.1250  sbar_dark_T4a_mid-2=153344.1094  sbar_dark_T4b_mid-2=182466.3906  sbar_dark_T4c_mid-2=175884.1875  sbar_dark_T4d_mid-2=147384.7031  sbar_dark_T5b_mid-2=931011.1250  sbar_dark_T5c_mid-2=698917.3125  sbar_dark_T5d_mid-2=828780.6250  sbar_dark_T5a_mid-2=796684.6875  sbar_dark_T4a_mid-1.5=38778.0039  sbar_dark_T4b_mid-1.5=79268.6016  sbar_dark_T4c_mid-1.5=81505.8672  sbar_dark_T4d_mid-1.5=20813.1855  sbar_dark_T5a_mid-1.5=262125.0938  sbar_dark_T5b_mid-1.5=307243.1250  sbar_dark_T5c_mid-1.5=260139.6406  sbar_dark_T5d_mid-1.5=253611.2812  sbar_dark_T4a_mid-0.5=69297.8359  sbar_dark_T4b_mid-0.5=82717.2344  sbar_dark_T4c_mid-0.5=124159.5938  sbar_dark_T4d_mid-0.5=62057.0820  sbar_dark_T5a_mid-0.5=549944.6250  sbar_dark_T5b_mid-0.5=693763.6250  sbar_dark_T5c_mid-0.5=438482.6562  sbar_dark_T5d_mid-0.5=574881.2500  sbar_dark_T4a_mid+0.5=32604.9766  sbar_dark_T4b_mid+0.5=89901.7812  sbar_dark_T4c_mid+0.5=27074.1758  sbar_dark_T4d_mid+0.5=93961.4219  sbar_dark_T5a_mid+0.5=94061.9141  sbar_dark_T5b_mid+0.5=101336.4688  sbar_dark_T5c_mid+0.5=68434.0469  sbar_dark_T5d_mid+0.5=82353.6484  sbar_dark_T4b_mid+1.5=20423.6621  sbar_dark_T4c_mid+1.5=24421.5156  sbar_dark_T4d_mid+1.5=14877.9170  sbar_dark_T5a_mid+1.5=54266.8242  sbar_dark_T5b_mid+1.5=67512.2266  sbar_dark_T5c_mid+1.5=62661.6602  sbar_dark_T5d_mid+1.5=53632.4805  sbar_dark_T4a_mid+1.5=22912.7598]:  35%|███▌      | 350/1000 [03:50<07:11,  1.50it/s] Cost: 390657.0625  [spread_bright_L5=1704959.6250  spread_bright_Mi1=1229892.3750  spread_bright_Tm3=1588315.8750  spread_bright_Mi4=1562521.0000  spread_dark_L1=1173486.3750  spread_dark_L2=847938.0625  spread_dark_L3=846236.3125  spread_dark_L4=3243239.5000  spread_dark_Mi9=888214.2500  spread_dark_Tm1=1209200.8750  spread_dark_Tm2=1355751.3750  spread_dark_Tm4=1433290.5000  spread_dark_Tm9=1538450.1250  sbar_bright_T4a_mid+0=342076.4062  sbar_bright_T4b_mid+0=434106.7500  sbar_bright_T4c_mid+0=368203.5312  sbar_bright_T4d_mid+0=456303.2812  sbar_bright_T5a_mid+0=126921.3281  sbar_bright_T5b_mid+0=154182.6094  sbar_bright_T5c_mid+0=159278.8438  sbar_bright_T5d_mid+0=132193.3906  sbar_bright_T4a_mid+1=258328.4844  sbar_bright_T4b_mid+1=296679.8438  sbar_bright_T4c_mid+1=297618.7812  sbar_bright_T4d_mid+1=261785.7500  sbar_bright_T5a_mid+1=108031.3281  sbar_bright_T5b_mid+1=124192.7266  sbar_bright_T5c_mid+1=108599.0703  sbar_bright_T5d_mid+1=121864.8438  sbar_bright_T4a_mid+2=96876.4531  sbar_bright_T4b_mid+2=149954.1875  sbar_bright_T4c_mid+2=128596.2891  sbar_bright_T4d_mid+2=138022.6250  sbar_bright_T5a_mid+2=195494.4062  sbar_bright_T5b_mid+2=179745.9688  sbar_bright_T5c_mid+2=189385.9688  sbar_bright_T5d_mid+2=193726.5469  sbar_bright_T4a_mid-1=1814489.1250  sbar_bright_T4b_mid-1=1474472.5000  sbar_bright_T4c_mid-1=1653039.7500  sbar_bright_T4d_mid-1=1968936.7500  sbar_bright_T5a_mid-1=419711.0312  sbar_bright_T5b_mid-1=418761.8438  sbar_bright_T5c_mid-1=441107.1875  sbar_bright_T5d_mid-1=421781.2812  sbar_bright_T4a_mid-2=328834.4062  sbar_bright_T4b_mid-2=347118.3750  sbar_bright_T4c_mid-2=329060.2188  sbar_bright_T4d_mid-2=380974.2188  sbar_bright_T5b_mid-2=85466.6797  sbar_bright_T5c_mid-2=72632.5000  sbar_bright_T5d_mid-2=76520.9453  sbar_bright_T5a_mid-2=78976.4922  sbar_bright_T4a_mid-1.5=198153.1250  sbar_bright_T4b_mid-1.5=164760.9375  sbar_bright_T4c_mid-1.5=147395.4375  sbar_bright_T4d_mid-1.5=242747.0156  sbar_bright_T5a_mid-1.5=106546.3125  sbar_bright_T5b_mid-1.5=109980.5312  sbar_bright_T5c_mid-1.5=97043.5156  sbar_bright_T5d_mid-1.5=91945.6719  sbar_bright_T4a_mid-0.5=1031680.2500  sbar_bright_T4b_mid-0.5=1069572.8750  sbar_bright_T4c_mid-0.5=1095053.2500  sbar_bright_T4d_mid-0.5=1199461.6250  sbar_bright_T5a_mid-0.5=157944.9688  sbar_bright_T5b_mid-0.5=158900.0625  sbar_bright_T5c_mid-0.5=150043.1250  sbar_bright_T5d_mid-0.5=152183.7812  sbar_bright_T4a_mid+0.5=204535.3438  sbar_bright_T4b_mid+0.5=154992.2656  sbar_bright_T4c_mid+0.5=133120.0312  sbar_bright_T4d_mid+0.5=122125.8438  sbar_bright_T5a_mid+0.5=57386.6953  sbar_bright_T5b_mid+0.5=58803.6250  sbar_bright_T5c_mid+0.5=46901.4180  sbar_bright_T5d_mid+0.5=43455.6016  sbar_bright_T4b_mid+1.5=65130.6680  sbar_bright_T4c_mid+1.5=81640.8359  sbar_bright_T4d_mid+1.5=43862.6680  sbar_bright_T5a_mid+1.5=43989.3203  sbar_bright_T5b_mid+1.5=45098.0469  sbar_bright_T5c_mid+1.5=38270.4375  sbar_bright_T5d_mid+1.5=34502.6289  sbar_bright_T4a_mid+1.5=70873.8516  sbar_dark_T4a_mid+0=84426.1875  sbar_dark_T4b_mid+0=76903.1797  sbar_dark_T4c_mid+0=108551.0234  sbar_dark_T4d_mid+0=103020.8828  sbar_dark_T5a_mid+0=414995.5312  sbar_dark_T5b_mid+0=333603.1250  sbar_dark_T5c_mid+0=328827.1562  sbar_dark_T5d_mid+0=429486.1250  sbar_dark_T4a_mid+1=156534.1562  sbar_dark_T4b_mid+1=53058.7539  sbar_dark_T4c_mid+1=51658.7305  sbar_dark_T4d_mid+1=90401.6172  sbar_dark_T5a_mid+1=276154.1250  sbar_dark_T5b_mid+1=222831.7969  sbar_dark_T5c_mid+1=240772.1875  sbar_dark_T5d_mid+1=172724.2344  sbar_dark_T4a_mid+2=90802.5547  sbar_dark_T4b_mid+2=111610.9531  sbar_dark_T4c_mid+2=102246.3438  sbar_dark_T4d_mid+2=70250.2500  sbar_dark_T5a_mid+2=259789.3125  sbar_dark_T5b_mid+2=276321.4688  sbar_dark_T5c_mid+2=242075.8906  sbar_dark_T5d_mid+2=249662.0312  sbar_dark_T4a_mid-1=334503.2812  sbar_dark_T4b_mid-1=258780.7188  sbar_dark_T4c_mid-1=179989.0625  sbar_dark_T4d_mid-1=190499.5000  sbar_dark_T5a_mid-1=1467363.0000  sbar_dark_T5b_mid-1=1503870.3750  sbar_dark_T5c_mid-1=1361850.5000  sbar_dark_T5d_mid-1=1531094.5000  sbar_dark_T4a_mid-2=149323.6562  sbar_dark_T4b_mid-2=144901.1875  sbar_dark_T4c_mid-2=155003.7031  sbar_dark_T4d_mid-2=122870.7109  sbar_dark_T5b_mid-2=938315.9375  sbar_dark_T5c_mid-2=712804.5000  sbar_dark_T5d_mid-2=822184.2500  sbar_dark_T5a_mid-2=796258.8125  sbar_dark_T4a_mid-1.5=35141.1367  sbar_dark_T4b_mid-1.5=66629.8516  sbar_dark_T4c_mid-1.5=75778.9844  sbar_dark_T4d_mid-1.5=18249.7852  sbar_dark_T5a_mid-1.5=260140.8281  sbar_dark_T5b_mid-1.5=308516.6875  sbar_dark_T5c_mid-1.5=264498.3750  sbar_dark_T5d_mid-1.5=251626.5312  sbar_dark_T4a_mid-0.5=77275.1641  sbar_dark_T4b_mid-0.5=73886.0156  sbar_dark_T4c_mid-0.5=129866.2422  sbar_dark_T4d_mid-0.5=54341.4805  sbar_dark_T5a_mid-0.5=550285.3750  sbar_dark_T5b_mid-0.5=706448.0000  sbar_dark_T5c_mid-0.5=451644.8438  sbar_dark_T5d_mid-0.5=574902.9375  sbar_dark_T4a_mid+0.5=32463.1270  sbar_dark_T4b_mid+0.5=87102.6250  sbar_dark_T4c_mid+0.5=24859.9902  sbar_dark_T4d_mid+0.5=90942.1406  sbar_dark_T5a_mid+0.5=93943.0391  sbar_dark_T5b_mid+0.5=101652.4062  sbar_dark_T5c_mid+0.5=69222.4766  sbar_dark_T5d_mid+0.5=76381.7031  sbar_dark_T4b_mid+1.5=11317.1836  sbar_dark_T4c_mid+1.5=13308.3477  sbar_dark_T4d_mid+1.5=11493.4648  sbar_dark_T5a_mid+1.5=52032.6719  sbar_dark_T5b_mid+1.5=60186.6758  sbar_dark_T5c_mid+1.5=57201.2695  sbar_dark_T5d_mid+1.5=49250.3164  sbar_dark_T4a_mid+1.5=12575.1035]:       36%|███▌      | 360/1000 [03:56<07:03,  1.51it/s] Cost: 387223.6250  [spread_bright_L5=1584713.6250  spread_bright_Mi1=1216820.2500  spread_bright_Tm3=1658523.2500  spread_bright_Mi4=1493585.6250  spread_dark_L1=1123387.1250  spread_dark_L2=892226.1250  spread_dark_L3=846652.3125  spread_dark_L4=3225587.7500  spread_dark_Mi9=882129.6875  spread_dark_Tm1=1200059.5000  spread_dark_Tm2=1357408.5000  spread_dark_Tm4=1425549.8750  spread_dark_Tm9=1526626.5000  sbar_bright_T4a_mid+0=348328.4062  sbar_bright_T4b_mid+0=414128.6562  sbar_bright_T4c_mid+0=371467.2812  sbar_bright_T4d_mid+0=443518.7500  sbar_bright_T5a_mid+0=138935.8281  sbar_bright_T5b_mid+0=170821.2188  sbar_bright_T5c_mid+0=174798.6406  sbar_bright_T5d_mid+0=144153.1406  sbar_bright_T4a_mid+1=261159.1875  sbar_bright_T4b_mid+1=295431.3125  sbar_bright_T4c_mid+1=296473.8125  sbar_bright_T4d_mid+1=264087.8438  sbar_bright_T5a_mid+1=112844.0703  sbar_bright_T5b_mid+1=126995.1328  sbar_bright_T5c_mid+1=114430.1641  sbar_bright_T5d_mid+1=126225.7656  sbar_bright_T4a_mid+2=96731.3203  sbar_bright_T4b_mid+2=157213.2188  sbar_bright_T4c_mid+2=134129.6719  sbar_bright_T4d_mid+2=144282.0625  sbar_bright_T5a_mid+2=194686.0469  sbar_bright_T5b_mid+2=175701.7812  sbar_bright_T5c_mid+2=187894.3594  sbar_bright_T5d_mid+2=191905.7344  sbar_bright_T4a_mid-1=1801094.3750  sbar_bright_T4b_mid-1=1437259.6250  sbar_bright_T4c_mid-1=1648905.7500  sbar_bright_T4d_mid-1=1951746.0000  sbar_bright_T5a_mid-1=432106.8125  sbar_bright_T5b_mid-1=430367.8750  sbar_bright_T5c_mid-1=461055.6875  sbar_bright_T5d_mid-1=433101.2812  sbar_bright_T4a_mid-2=332116.4062  sbar_bright_T4b_mid-2=337712.4062  sbar_bright_T4c_mid-2=331468.3438  sbar_bright_T4d_mid-2=379484.1250  sbar_bright_T5b_mid-2=83296.3203  sbar_bright_T5c_mid-2=75601.4688  sbar_bright_T5d_mid-2=76121.3672  sbar_bright_T5a_mid-2=78167.1250  sbar_bright_T4a_mid-1.5=202286.2656  sbar_bright_T4b_mid-1.5=160230.4062  sbar_bright_T4c_mid-1.5=145790.3594  sbar_bright_T4d_mid-1.5=241737.8281  sbar_bright_T5a_mid-1.5=108379.8281  sbar_bright_T5b_mid-1.5=110393.5781  sbar_bright_T5c_mid-1.5=99048.4062  sbar_bright_T5d_mid-1.5=94086.9375  sbar_bright_T4a_mid-0.5=1033733.8750  sbar_bright_T4b_mid-0.5=1054462.8750  sbar_bright_T4c_mid-0.5=1097881.6250  sbar_bright_T4d_mid-0.5=1200232.3750  sbar_bright_T5a_mid-0.5=164505.2969  sbar_bright_T5b_mid-0.5=162798.0469  sbar_bright_T5c_mid-0.5=159130.7188  sbar_bright_T5d_mid-0.5=158067.3125  sbar_bright_T4a_mid+0.5=197005.2344  sbar_bright_T4b_mid+0.5=149760.4375  sbar_bright_T4c_mid+0.5=129219.2266  sbar_bright_T4d_mid+0.5=120197.0156  sbar_bright_T5a_mid+0.5=60869.1875  sbar_bright_T5b_mid+0.5=62262.6211  sbar_bright_T5c_mid+0.5=49426.5859  sbar_bright_T5d_mid+0.5=47230.6406  sbar_bright_T4b_mid+1.5=67274.3984  sbar_bright_T4c_mid+1.5=82869.4766  sbar_bright_T4d_mid+1.5=46038.6172  sbar_bright_T5a_mid+1.5=43999.4883  sbar_bright_T5b_mid+1.5=44691.8125  sbar_bright_T5c_mid+1.5=38852.6602  sbar_bright_T5d_mid+1.5=35550.7734  sbar_bright_T4a_mid+1.5=72907.2266  sbar_dark_T4a_mid+0=85454.2891  sbar_dark_T4b_mid+0=80937.2031  sbar_dark_T4c_mid+0=104113.7031  sbar_dark_T4d_mid+0=105598.4922  sbar_dark_T5a_mid+0=393346.0312  sbar_dark_T5b_mid+0=365354.1562  sbar_dark_T5c_mid+0=334990.5000  sbar_dark_T5d_mid+0=409675.0000  sbar_dark_T4a_mid+1=138373.0000  sbar_dark_T4b_mid+1=59026.6094  sbar_dark_T4c_mid+1=53405.5273  sbar_dark_T4d_mid+1=91435.6953  sbar_dark_T5a_mid+1=268663.5938  sbar_dark_T5b_mid+1=217812.4375  sbar_dark_T5c_mid+1=244840.9062  sbar_dark_T5d_mid+1=171042.9062  sbar_dark_T4a_mid+2=91934.8359  sbar_dark_T4b_mid+2=118712.0547  sbar_dark_T4c_mid+2=113288.2891  sbar_dark_T4d_mid+2=82251.3516  sbar_dark_T5a_mid+2=246514.4062  sbar_dark_T5b_mid+2=260208.1562  sbar_dark_T5c_mid+2=228805.7031  sbar_dark_T5d_mid+2=236040.5000  sbar_dark_T4a_mid-1=352426.9688  sbar_dark_T4b_mid-1=284994.6875  sbar_dark_T4c_mid-1=182888.4531  sbar_dark_T4d_mid-1=198122.2969  sbar_dark_T5a_mid-1=1432563.5000  sbar_dark_T5b_mid-1=1438359.6250  sbar_dark_T5c_mid-1=1307488.2500  sbar_dark_T5d_mid-1=1484288.6250  sbar_dark_T4a_mid-2=148670.1875  sbar_dark_T4b_mid-2=157662.5469  sbar_dark_T4c_mid-2=155980.7812  sbar_dark_T4d_mid-2=138509.4531  sbar_dark_T5b_mid-2=902557.6250  sbar_dark_T5c_mid-2=677632.2500  sbar_dark_T5d_mid-2=796810.9375  sbar_dark_T5a_mid-2=780425.2500  sbar_dark_T4a_mid-1.5=34503.9297  sbar_dark_T4b_mid-1.5=73230.6172  sbar_dark_T4c_mid-1.5=78641.2891  sbar_dark_T4d_mid-1.5=18615.2246  sbar_dark_T5a_mid-1.5=250656.9688  sbar_dark_T5b_mid-1.5=297244.0312  sbar_dark_T5c_mid-1.5=250520.9219  sbar_dark_T5d_mid-1.5=242083.1250  sbar_dark_T4a_mid-0.5=66374.4922  sbar_dark_T4b_mid-0.5=80671.8828  sbar_dark_T4c_mid-0.5=122343.3438  sbar_dark_T4d_mid-0.5=55554.6875  sbar_dark_T5a_mid-0.5=534281.5000  sbar_dark_T5b_mid-0.5=680111.2500  sbar_dark_T5c_mid-0.5=434958.3750  sbar_dark_T5d_mid-0.5=559319.7500  sbar_dark_T4a_mid+0.5=25979.6113  sbar_dark_T4b_mid+0.5=86787.6172  sbar_dark_T4c_mid+0.5=26057.1582  sbar_dark_T4d_mid+0.5=90992.0938  sbar_dark_T5a_mid+0.5=90811.1328  sbar_dark_T5b_mid+0.5=94711.8750  sbar_dark_T5c_mid+0.5=64488.0781  sbar_dark_T5d_mid+0.5=75255.7891  sbar_dark_T4b_mid+1.5=11591.8320  sbar_dark_T4c_mid+1.5=15796.0303  sbar_dark_T4d_mid+1.5=12227.6895  sbar_dark_T5a_mid+1.5=50366.9922  sbar_dark_T5b_mid+1.5=59594.4141  sbar_dark_T5c_mid+1.5=55801.9219  sbar_dark_T5d_mid+1.5=47814.4219  sbar_dark_T4a_mid+1.5=15348.3076]:   37%|███▋      | 370/1000 [04:03<06:56,  1.51it/s] Cost: 384802.7812  [spread_bright_L5=1579463.6250  spread_bright_Mi1=1216059.8750  spread_bright_Tm3=1624087.5000  spread_bright_Mi4=1495679.8750  spread_dark_L1=1073459.2500  spread_dark_L2=889884.9375  spread_dark_L3=841844.6875  spread_dark_L4=3053579.7500  spread_dark_Mi9=881392.4375  spread_dark_Tm1=1160140.0000  spread_dark_Tm2=1330776.2500  spread_dark_Tm4=1388977.6250  spread_dark_Tm9=1543865.1250  sbar_bright_T4a_mid+0=335313.5938  sbar_bright_T4b_mid+0=423568.6562  sbar_bright_T4c_mid+0=377013.5312  sbar_bright_T4d_mid+0=443032.2188  sbar_bright_T5a_mid+0=137515.7344  sbar_bright_T5b_mid+0=171948.9531  sbar_bright_T5c_mid+0=175371.9219  sbar_bright_T5d_mid+0=143981.4219  sbar_bright_T4a_mid+1=260493.1406  sbar_bright_T4b_mid+1=292561.2812  sbar_bright_T4c_mid+1=292605.8125  sbar_bright_T4d_mid+1=262309.9688  sbar_bright_T5a_mid+1=111752.4688  sbar_bright_T5b_mid+1=126288.4688  sbar_bright_T5c_mid+1=113213.3047  sbar_bright_T5d_mid+1=124232.3125  sbar_bright_T4a_mid+2=101671.1797  sbar_bright_T4b_mid+2=156663.2812  sbar_bright_T4c_mid+2=133057.9531  sbar_bright_T4d_mid+2=142791.1094  sbar_bright_T5a_mid+2=194484.5781  sbar_bright_T5b_mid+2=175016.2969  sbar_bright_T5c_mid+2=186425.3438  sbar_bright_T5d_mid+2=191464.2500  sbar_bright_T4a_mid-1=1780732.7500  sbar_bright_T4b_mid-1=1449444.8750  sbar_bright_T4c_mid-1=1648666.5000  sbar_bright_T4d_mid-1=1946283.7500  sbar_bright_T5a_mid-1=432029.2188  sbar_bright_T5b_mid-1=430984.7188  sbar_bright_T5c_mid-1=461653.6562  sbar_bright_T5d_mid-1=433496.3750  sbar_bright_T4a_mid-2=315745.9062  sbar_bright_T4b_mid-2=337077.0938  sbar_bright_T4c_mid-2=328462.0000  sbar_bright_T4d_mid-2=369944.8750  sbar_bright_T5b_mid-2=82900.0938  sbar_bright_T5c_mid-2=74883.1875  sbar_bright_T5d_mid-2=75958.3906  sbar_bright_T5a_mid-2=77593.3906  sbar_bright_T4a_mid-1.5=196672.5781  sbar_bright_T4b_mid-1.5=161212.8125  sbar_bright_T4c_mid-1.5=146468.7344  sbar_bright_T4d_mid-1.5=238535.5000  sbar_bright_T5a_mid-1.5=107978.8438  sbar_bright_T5b_mid-1.5=110191.5938  sbar_bright_T5c_mid-1.5=98267.8125  sbar_bright_T5d_mid-1.5=93945.6797  sbar_bright_T4a_mid-0.5=1018960.7500  sbar_bright_T4b_mid-0.5=1053837.1250  sbar_bright_T4c_mid-0.5=1096300.5000  sbar_bright_T4d_mid-0.5=1200279.1250  sbar_bright_T5a_mid-0.5=164825.5938  sbar_bright_T5b_mid-0.5=162899.0156  sbar_bright_T5c_mid-0.5=159684.8906  sbar_bright_T5d_mid-0.5=158470.8125  sbar_bright_T4a_mid+0.5=195660.2500  sbar_bright_T4b_mid+0.5=147936.5625  sbar_bright_T4c_mid+0.5=131322.3750  sbar_bright_T4d_mid+0.5=121211.3516  sbar_bright_T5a_mid+0.5=60537.9336  sbar_bright_T5b_mid+0.5=62843.8555  sbar_bright_T5c_mid+0.5=49349.5312  sbar_bright_T5d_mid+0.5=47699.6836  sbar_bright_T4b_mid+1.5=68390.2969  sbar_bright_T4c_mid+1.5=85033.8203  sbar_bright_T4d_mid+1.5=47824.5352  sbar_bright_T5a_mid+1.5=43888.0859  sbar_bright_T5b_mid+1.5=44119.5547  sbar_bright_T5c_mid+1.5=38011.1094  sbar_bright_T5d_mid+1.5=35251.2734  sbar_bright_T4a_mid+1.5=77113.7109  sbar_dark_T4a_mid+0=85179.8203  sbar_dark_T4b_mid+0=78632.3516  sbar_dark_T4c_mid+0=100560.4609  sbar_dark_T4d_mid+0=102013.6484  sbar_dark_T5a_mid+0=398929.9375  sbar_dark_T5b_mid+0=382597.5625  sbar_dark_T5c_mid+0=350907.0000  sbar_dark_T5d_mid+0=406375.9062  sbar_dark_T4a_mid+1=140374.4531  sbar_dark_T4b_mid+1=58116.9688  sbar_dark_T4c_mid+1=53054.9453  sbar_dark_T4d_mid+1=88431.5781  sbar_dark_T5a_mid+1=250773.9844  sbar_dark_T5b_mid+1=216422.7969  sbar_dark_T5c_mid+1=245562.2656  sbar_dark_T5d_mid+1=170592.3125  sbar_dark_T4a_mid+2=97591.7188  sbar_dark_T4b_mid+2=111307.6016  sbar_dark_T4c_mid+2=110885.3828  sbar_dark_T4d_mid+2=82760.1484  sbar_dark_T5a_mid+2=246087.1094  sbar_dark_T5b_mid+2=257484.8281  sbar_dark_T5c_mid+2=229318.6406  sbar_dark_T5d_mid+2=236734.2656  sbar_dark_T4a_mid-1=359096.5625  sbar_dark_T4b_mid-1=272770.5000  sbar_dark_T4c_mid-1=183432.1719  sbar_dark_T4d_mid-1=199956.0938  sbar_dark_T5a_mid-1=1450368.6250  sbar_dark_T5b_mid-1=1437825.6250  sbar_dark_T5c_mid-1=1305045.5000  sbar_dark_T5d_mid-1=1491189.0000  sbar_dark_T4a_mid-2=160746.1719  sbar_dark_T4b_mid-2=155038.9844  sbar_dark_T4c_mid-2=157030.0000  sbar_dark_T4d_mid-2=141312.8438  sbar_dark_T5b_mid-2=901866.6875  sbar_dark_T5c_mid-2=682385.6250  sbar_dark_T5d_mid-2=801690.8125  sbar_dark_T5a_mid-2=789314.1250  sbar_dark_T4a_mid-1.5=37014.3984  sbar_dark_T4b_mid-1.5=71640.2734  sbar_dark_T4c_mid-1.5=76756.6250  sbar_dark_T4d_mid-1.5=19329.5410  sbar_dark_T5a_mid-1.5=252175.8125  sbar_dark_T5b_mid-1.5=296644.6250  sbar_dark_T5c_mid-1.5=250829.6875  sbar_dark_T5d_mid-1.5=242056.0000  sbar_dark_T4a_mid-0.5=66525.1719  sbar_dark_T4b_mid-0.5=78967.0156  sbar_dark_T4c_mid-0.5=115853.6094  sbar_dark_T4d_mid-0.5=55484.8281  sbar_dark_T5a_mid-0.5=542637.4375  sbar_dark_T5b_mid-0.5=680490.3125  sbar_dark_T5c_mid-0.5=441429.8438  sbar_dark_T5d_mid-0.5=560234.8125  sbar_dark_T4a_mid+0.5=29075.9160  sbar_dark_T4b_mid+0.5=79675.5156  sbar_dark_T4c_mid+0.5=25306.1816  sbar_dark_T4d_mid+0.5=86808.0625  sbar_dark_T5a_mid+0.5=91777.1484  sbar_dark_T5b_mid+0.5=94813.0312  sbar_dark_T5c_mid+0.5=64133.6875  sbar_dark_T5d_mid+0.5=74430.7109  sbar_dark_T4b_mid+1.5=11418.4678  sbar_dark_T4c_mid+1.5=16078.3408  sbar_dark_T4d_mid+1.5=12261.0547  sbar_dark_T5a_mid+1.5=50175.0312  sbar_dark_T5b_mid+1.5=58837.3984  sbar_dark_T5c_mid+1.5=55403.0664  sbar_dark_T5d_mid+1.5=47430.5312  sbar_dark_T4a_mid+1.5=16013.9355]:  38%|███▊      | 380/1000 [04:10<06:50,  1.51it/s] Cost: 382635.8438  [spread_bright_L5=1562452.1250  spread_bright_Mi1=1225900.2500  spread_bright_Tm3=1622805.0000  spread_bright_Mi4=1465600.1250  spread_dark_L1=1032815.3750  spread_dark_L2=884798.8750  spread_dark_L3=846557.4375  spread_dark_L4=3010356.0000  spread_dark_Mi9=895805.5625  spread_dark_Tm1=1180970.7500  spread_dark_Tm2=1308417.8750  spread_dark_Tm4=1378078.7500  spread_dark_Tm9=1577231.7500  sbar_bright_T4a_mid+0=331694.0625  sbar_bright_T4b_mid+0=410128.3125  sbar_bright_T4c_mid+0=362893.1875  sbar_bright_T4d_mid+0=436868.1250  sbar_bright_T5a_mid+0=135761.3750  sbar_bright_T5b_mid+0=172270.6875  sbar_bright_T5c_mid+0=177222.4688  sbar_bright_T5d_mid+0=143560.2500  sbar_bright_T4a_mid+1=264723.3438  sbar_bright_T4b_mid+1=293490.4688  sbar_bright_T4c_mid+1=298795.5938  sbar_bright_T4d_mid+1=262095.4375  sbar_bright_T5a_mid+1=110270.2734  sbar_bright_T5b_mid+1=125165.4297  sbar_bright_T5c_mid+1=112445.7734  sbar_bright_T5d_mid+1=122391.3125  sbar_bright_T4a_mid+2=101615.8047  sbar_bright_T4b_mid+2=154796.4062  sbar_bright_T4c_mid+2=137331.4219  sbar_bright_T4d_mid+2=142799.4375  sbar_bright_T5a_mid+2=189751.0781  sbar_bright_T5b_mid+2=172416.8125  sbar_bright_T5c_mid+2=184123.4531  sbar_bright_T5d_mid+2=188069.7188  sbar_bright_T4a_mid-1=1756927.1250  sbar_bright_T4b_mid-1=1435923.1250  sbar_bright_T4c_mid-1=1619743.3750  sbar_bright_T4d_mid-1=1936349.6250  sbar_bright_T5a_mid-1=432674.7188  sbar_bright_T5b_mid-1=430039.8750  sbar_bright_T5c_mid-1=462684.8438  sbar_bright_T5d_mid-1=436098.3438  sbar_bright_T4a_mid-2=311677.1875  sbar_bright_T4b_mid-2=329911.7188  sbar_bright_T4c_mid-2=318825.8438  sbar_bright_T4d_mid-2=366868.3750  sbar_bright_T5b_mid-2=81035.8203  sbar_bright_T5c_mid-2=74376.8438  sbar_bright_T5d_mid-2=74763.1797  sbar_bright_T5a_mid-2=76240.1953  sbar_bright_T4a_mid-1.5=195894.1875  sbar_bright_T4b_mid-1.5=159828.5781  sbar_bright_T4c_mid-1.5=144183.6562  sbar_bright_T4d_mid-1.5=234291.7188  sbar_bright_T5a_mid-1.5=106597.3984  sbar_bright_T5b_mid-1.5=109865.4688  sbar_bright_T5c_mid-1.5=96412.7969  sbar_bright_T5d_mid-1.5=93196.3125  sbar_bright_T4a_mid-0.5=1013209.1875  sbar_bright_T4b_mid-0.5=1048501.1250  sbar_bright_T4c_mid-0.5=1082335.5000  sbar_bright_T4d_mid-0.5=1195665.6250  sbar_bright_T5a_mid-0.5=165907.0469  sbar_bright_T5b_mid-0.5=163096.8438  sbar_bright_T5c_mid-0.5=160008.7188  sbar_bright_T5d_mid-0.5=159245.7500  sbar_bright_T4a_mid+0.5=189098.9062  sbar_bright_T4b_mid+0.5=144385.0312  sbar_bright_T4c_mid+0.5=128066.1953  sbar_bright_T4d_mid+0.5=121326.6484  sbar_bright_T5a_mid+0.5=60486.7617  sbar_bright_T5b_mid+0.5=62945.6055  sbar_bright_T5c_mid+0.5=49007.0938  sbar_bright_T5d_mid+0.5=48203.0547  sbar_bright_T4b_mid+1.5=68497.6094  sbar_bright_T4c_mid+1.5=88265.4922  sbar_bright_T4d_mid+1.5=48849.7031  sbar_bright_T5a_mid+1.5=44020.8125  sbar_bright_T5b_mid+1.5=44361.9375  sbar_bright_T5c_mid+1.5=37887.8125  sbar_bright_T5d_mid+1.5=35272.0625  sbar_bright_T4a_mid+1.5=77562.0547  sbar_dark_T4a_mid+0=90852.9531  sbar_dark_T4b_mid+0=83693.1094  sbar_dark_T4c_mid+0=106414.9844  sbar_dark_T4d_mid+0=104028.5234  sbar_dark_T5a_mid+0=421598.7500  sbar_dark_T5b_mid+0=395560.8438  sbar_dark_T5c_mid+0=362622.0312  sbar_dark_T5d_mid+0=416407.0625  sbar_dark_T4a_mid+1=137458.2344  sbar_dark_T4b_mid+1=60648.1680  sbar_dark_T4c_mid+1=57467.5859  sbar_dark_T4d_mid+1=88853.6641  sbar_dark_T5a_mid+1=258590.7500  sbar_dark_T5b_mid+1=216577.7344  sbar_dark_T5c_mid+1=253437.9688  sbar_dark_T5d_mid+1=171686.3438  sbar_dark_T4a_mid+2=94769.6484  sbar_dark_T4b_mid+2=114690.0312  sbar_dark_T4c_mid+2=114468.8594  sbar_dark_T4d_mid+2=84882.2812  sbar_dark_T5a_mid+2=240802.9688  sbar_dark_T5b_mid+2=253554.4219  sbar_dark_T5c_mid+2=228106.5000  sbar_dark_T5d_mid+2=234010.9375  sbar_dark_T4a_mid-1=373744.1562  sbar_dark_T4b_mid-1=284930.9375  sbar_dark_T4c_mid-1=191508.4062  sbar_dark_T4d_mid-1=207265.2188  sbar_dark_T5a_mid-1=1419381.1250  sbar_dark_T5b_mid-1=1409822.0000  sbar_dark_T5c_mid-1=1279758.2500  sbar_dark_T5d_mid-1=1461173.0000  sbar_dark_T4a_mid-2=162985.5781  sbar_dark_T4b_mid-2=169082.8125  sbar_dark_T4c_mid-2=169973.4375  sbar_dark_T4d_mid-2=147870.3750  sbar_dark_T5b_mid-2=883999.8750  sbar_dark_T5c_mid-2=661730.6875  sbar_dark_T5d_mid-2=779781.5625  sbar_dark_T5a_mid-2=768042.3125  sbar_dark_T4a_mid-1.5=37615.3086  sbar_dark_T4b_mid-1.5=74120.3438  sbar_dark_T4c_mid-1.5=79648.0938  sbar_dark_T4d_mid-1.5=20474.3477  sbar_dark_T5a_mid-1.5=247198.2969  sbar_dark_T5b_mid-1.5=293538.8438  sbar_dark_T5c_mid-1.5=244984.7812  sbar_dark_T5d_mid-1.5=239210.3750  sbar_dark_T4a_mid-0.5=65902.9219  sbar_dark_T4b_mid-0.5=82446.0859  sbar_dark_T4c_mid-0.5=121290.6406  sbar_dark_T4d_mid-0.5=57400.5195  sbar_dark_T5a_mid-0.5=528245.7500  sbar_dark_T5b_mid-0.5=673812.1875  sbar_dark_T5c_mid-0.5=433380.0312  sbar_dark_T5d_mid-0.5=549667.0625  sbar_dark_T4a_mid+0.5=29687.6016  sbar_dark_T4b_mid+0.5=81898.3359  sbar_dark_T4c_mid+0.5=26987.1484  sbar_dark_T4d_mid+0.5=88578.5781  sbar_dark_T5a_mid+0.5=90439.2969  sbar_dark_T5b_mid+0.5=92831.8516  sbar_dark_T5c_mid+0.5=63191.0547  sbar_dark_T5d_mid+0.5=74602.6250  sbar_dark_T4b_mid+1.5=11259.6016  sbar_dark_T4c_mid+1.5=16935.5605  sbar_dark_T4d_mid+1.5=12583.8955  sbar_dark_T5a_mid+1.5=50411.0547  sbar_dark_T5b_mid+1.5=59605.3516  sbar_dark_T5c_mid+1.5=55769.8281  sbar_dark_T5d_mid+1.5=47792.5156  sbar_dark_T4a_mid+1.5=16985.3281]:  39%|███▉      | 390/1000 [04:16<06:43,  1.51it/s] Cost: 380963.0000  [spread_bright_L5=1529088.8750  spread_bright_Mi1=1233417.2500  spread_bright_Tm3=1583566.7500  spread_bright_Mi4=1481490.0000  spread_dark_L1=1010064.6250  spread_dark_L2=893488.6875  spread_dark_L3=851935.3750  spread_dark_L4=2990198.2500  spread_dark_Mi9=899705.8125  spread_dark_Tm1=1176945.3750  spread_dark_Tm2=1297556.3750  spread_dark_Tm4=1370804.2500  spread_dark_Tm9=1591349.8750  sbar_bright_T4a_mid+0=334433.5625  sbar_bright_T4b_mid+0=416163.0000  sbar_bright_T4c_mid+0=362869.9375  sbar_bright_T4d_mid+0=434547.9375  sbar_bright_T5a_mid+0=137668.3438  sbar_bright_T5b_mid+0=177104.7812  sbar_bright_T5c_mid+0=184302.2344  sbar_bright_T5d_mid+0=145185.1094  sbar_bright_T4a_mid+1=262399.9375  sbar_bright_T4b_mid+1=293023.5625  sbar_bright_T4c_mid+1=300252.7188  sbar_bright_T4d_mid+1=264548.9375  sbar_bright_T5a_mid+1=110771.1797  sbar_bright_T5b_mid+1=125834.0234  sbar_bright_T5c_mid+1=112322.1484  sbar_bright_T5d_mid+1=121872.5547  sbar_bright_T4a_mid+2=109225.0938  sbar_bright_T4b_mid+2=164182.9688  sbar_bright_T4c_mid+2=145048.5469  sbar_bright_T4d_mid+2=146927.1406  sbar_bright_T5a_mid+2=184363.7969  sbar_bright_T5b_mid+2=169403.5938  sbar_bright_T5c_mid+2=181686.4219  sbar_bright_T5d_mid+2=185725.5000  sbar_bright_T4a_mid-1=1731808.8750  sbar_bright_T4b_mid-1=1424354.6250  sbar_bright_T4c_mid-1=1600729.1250  sbar_bright_T4d_mid-1=1910559.6250  sbar_bright_T5a_mid-1=440489.7812  sbar_bright_T5b_mid-1=437419.1562  sbar_bright_T5c_mid-1=472898.9062  sbar_bright_T5d_mid-1=441613.5000  sbar_bright_T4a_mid-2=298448.6250  sbar_bright_T4b_mid-2=328589.8125  sbar_bright_T4c_mid-2=311357.7812  sbar_bright_T4d_mid-2=357657.4688  sbar_bright_T5b_mid-2=80075.7031  sbar_bright_T5c_mid-2=74712.3125  sbar_bright_T5d_mid-2=74786.7969  sbar_bright_T5a_mid-2=75562.7422  sbar_bright_T4a_mid-1.5=190632.3906  sbar_bright_T4b_mid-1.5=157511.6250  sbar_bright_T4c_mid-1.5=140601.8438  sbar_bright_T4d_mid-1.5=230960.2188  sbar_bright_T5a_mid-1.5=105772.5703  sbar_bright_T5b_mid-1.5=109543.6953  sbar_bright_T5c_mid-1.5=95874.0156  sbar_bright_T5d_mid-1.5=93253.8594  sbar_bright_T4a_mid-0.5=995758.5000  sbar_bright_T4b_mid-0.5=1034212.8125  sbar_bright_T4c_mid-0.5=1069000.5000  sbar_bright_T4d_mid-0.5=1188579.2500  sbar_bright_T5a_mid-0.5=167090.8906  sbar_bright_T5b_mid-0.5=163192.6875  sbar_bright_T5c_mid-0.5=161094.7188  sbar_bright_T5d_mid-0.5=159768.7188  sbar_bright_T4a_mid+0.5=184340.4375  sbar_bright_T4b_mid+0.5=139572.9219  sbar_bright_T4c_mid+0.5=125572.1719  sbar_bright_T4d_mid+0.5=117756.4688  sbar_bright_T5a_mid+0.5=61159.9141  sbar_bright_T5b_mid+0.5=63652.5938  sbar_bright_T5c_mid+0.5=48744.2891  sbar_bright_T5d_mid+0.5=48643.2188  sbar_bright_T4b_mid+1.5=71568.8359  sbar_bright_T4c_mid+1.5=95935.1484  sbar_bright_T4d_mid+1.5=52275.8672  sbar_bright_T5a_mid+1.5=43981.2812  sbar_bright_T5b_mid+1.5=44929.5117  sbar_bright_T5c_mid+1.5=38059.6523  sbar_bright_T5d_mid+1.5=35401.2266  sbar_bright_T4a_mid+1.5=84612.7578  sbar_dark_T4a_mid+0=94156.1250  sbar_dark_T4b_mid+0=86468.4453  sbar_dark_T4c_mid+0=108767.3359  sbar_dark_T4d_mid+0=106633.1250  sbar_dark_T5a_mid+0=460212.9688  sbar_dark_T5b_mid+0=399301.8125  sbar_dark_T5c_mid+0=365522.8438  sbar_dark_T5d_mid+0=420666.0625  sbar_dark_T4a_mid+1=137402.0625  sbar_dark_T4b_mid+1=64627.7422  sbar_dark_T4c_mid+1=60056.7891  sbar_dark_T4d_mid+1=90557.9688  sbar_dark_T5a_mid+1=279275.9375  sbar_dark_T5b_mid+1=218176.2031  sbar_dark_T5c_mid+1=259387.9375  sbar_dark_T5d_mid+1=173205.6719  sbar_dark_T4a_mid+2=103213.4688  sbar_dark_T4b_mid+2=114519.4375  sbar_dark_T4c_mid+2=120591.5391  sbar_dark_T4d_mid+2=91026.0703  sbar_dark_T5a_mid+2=234578.4375  sbar_dark_T5b_mid+2=250030.3281  sbar_dark_T5c_mid+2=226263.5312  sbar_dark_T5d_mid+2=231087.5000  sbar_dark_T4a_mid-1=388735.1562  sbar_dark_T4b_mid-1=287718.8750  sbar_dark_T4c_mid-1=196954.1875  sbar_dark_T4d_mid-1=214005.0312  sbar_dark_T5a_mid-1=1375003.8750  sbar_dark_T5b_mid-1=1387224.8750  sbar_dark_T5c_mid-1=1256095.2500  sbar_dark_T5d_mid-1=1436879.0000  sbar_dark_T4a_mid-2=173134.5625  sbar_dark_T4b_mid-2=172446.5469  sbar_dark_T4c_mid-2=175743.1406  sbar_dark_T4d_mid-2=157147.6875  sbar_dark_T5b_mid-2=866553.8125  sbar_dark_T5c_mid-2=642729.0625  sbar_dark_T5d_mid-2=761182.0000  sbar_dark_T5a_mid-2=742194.7500  sbar_dark_T4a_mid-1.5=39889.4375  sbar_dark_T4b_mid-1.5=74971.9219  sbar_dark_T4c_mid-1.5=82703.5312  sbar_dark_T4d_mid-1.5=21425.7715  sbar_dark_T5a_mid-1.5=238793.5000  sbar_dark_T5b_mid-1.5=290537.0625  sbar_dark_T5c_mid-1.5=239511.7812  sbar_dark_T5d_mid-1.5=235803.0312  sbar_dark_T4a_mid-0.5=65409.5508  sbar_dark_T4b_mid-0.5=84071.0625  sbar_dark_T4c_mid-0.5=121156.9922  sbar_dark_T4d_mid-0.5=58979.0000  sbar_dark_T5a_mid-0.5=508185.8750  sbar_dark_T5b_mid-0.5=667652.1875  sbar_dark_T5c_mid-0.5=425587.7188  sbar_dark_T5d_mid-0.5=540999.5000  sbar_dark_T4a_mid+0.5=30387.5430  sbar_dark_T4b_mid+0.5=79110.7031  sbar_dark_T4c_mid+0.5=27821.2363  sbar_dark_T4d_mid+0.5=88818.1641  sbar_dark_T5a_mid+0.5=87613.2734  sbar_dark_T5b_mid+0.5=91364.7969  sbar_dark_T5c_mid+0.5=62272.3984  sbar_dark_T5d_mid+0.5=74324.1172  sbar_dark_T4b_mid+1.5=11993.9609  sbar_dark_T4c_mid+1.5=20072.1055  sbar_dark_T4d_mid+1.5=13431.5010  sbar_dark_T5a_mid+1.5=51548.9844  sbar_dark_T5b_mid+1.5=61486.1562  sbar_dark_T5c_mid+1.5=56925.5938  sbar_dark_T5d_mid+1.5=48895.0820  sbar_dark_T4a_mid+1.5=20376.9707]:  40%|████      | 400/1000 [04:23<06:35,  1.52it/s] Cost: 381634.8750  [spread_bright_L5=1535051.6250  spread_bright_Mi1=1231776.6250  spread_bright_Tm3=1609976.2500  spread_bright_Mi4=1484577.7500  spread_dark_L1=1005303.5625  spread_dark_L2=892062.5000  spread_dark_L3=849005.6875  spread_dark_L4=2990438.0000  spread_dark_Mi9=1030633.9375  spread_dark_Tm1=1166373.6250  spread_dark_Tm2=1298586.7500  spread_dark_Tm4=1353983.5000  spread_dark_Tm9=1745886.0000  sbar_bright_T4a_mid+0=337394.8750  sbar_bright_T4b_mid+0=398470.9062  sbar_bright_T4c_mid+0=350530.2500  sbar_bright_T4d_mid+0=429849.2500  sbar_bright_T5a_mid+0=142318.7500  sbar_bright_T5b_mid+0=188231.3750  sbar_bright_T5c_mid+0=193463.5781  sbar_bright_T5d_mid+0=149755.7500  sbar_bright_T4a_mid+1=270929.8750  sbar_bright_T4b_mid+1=297194.7188  sbar_bright_T4c_mid+1=307650.1250  sbar_bright_T4d_mid+1=268830.0312  sbar_bright_T5a_mid+1=113307.8906  sbar_bright_T5b_mid+1=129417.3047  sbar_bright_T5c_mid+1=115673.2109  sbar_bright_T5d_mid+1=123703.3594  sbar_bright_T4a_mid+2=118364.8672  sbar_bright_T4b_mid+2=184592.7344  sbar_bright_T4c_mid+2=161548.8281  sbar_bright_T4d_mid+2=159063.3281  sbar_bright_T5a_mid+2=180872.5625  sbar_bright_T5b_mid+2=166599.3125  sbar_bright_T5c_mid+2=178643.0781  sbar_bright_T5d_mid+2=182249.2344  sbar_bright_T4a_mid-1=1684550.0000  sbar_bright_T4b_mid-1=1374352.7500  sbar_bright_T4c_mid-1=1562300.8750  sbar_bright_T4d_mid-1=1881801.3750  sbar_bright_T5a_mid-1=445590.6875  sbar_bright_T5b_mid-1=439928.5000  sbar_bright_T5c_mid-1=482021.6250  sbar_bright_T5d_mid-1=446590.1875  sbar_bright_T4a_mid-2=292035.2188  sbar_bright_T4b_mid-2=306760.6875  sbar_bright_T4c_mid-2=299143.9375  sbar_bright_T4d_mid-2=350905.4375  sbar_bright_T5b_mid-2=78983.3828  sbar_bright_T5c_mid-2=77498.3047  sbar_bright_T5d_mid-2=75977.4453  sbar_bright_T5a_mid-2=76346.3125  sbar_bright_T4a_mid-1.5=188445.9062  sbar_bright_T4b_mid-1.5=152733.1719  sbar_bright_T4c_mid-1.5=138762.0938  sbar_bright_T4d_mid-1.5=228128.4531  sbar_bright_T5a_mid-1.5=104899.3672  sbar_bright_T5b_mid-1.5=108722.0156  sbar_bright_T5c_mid-1.5=94632.9141  sbar_bright_T5d_mid-1.5=92451.0078  sbar_bright_T4a_mid-0.5=971939.0000  sbar_bright_T4b_mid-0.5=1007981.0625  sbar_bright_T4c_mid-0.5=1043505.8750  sbar_bright_T4d_mid-0.5=1174229.7500  sbar_bright_T5a_mid-0.5=169232.2031  sbar_bright_T5b_mid-0.5=163941.1250  sbar_bright_T5c_mid-0.5=165309.8906  sbar_bright_T5d_mid-0.5=160948.3438  sbar_bright_T4a_mid+0.5=178793.7969  sbar_bright_T4b_mid+0.5=131656.2031  sbar_bright_T4c_mid+0.5=120479.2812  sbar_bright_T4d_mid+0.5=111043.4844  sbar_bright_T5a_mid+0.5=62876.0703  sbar_bright_T5b_mid+0.5=65749.2188  sbar_bright_T5c_mid+0.5=49252.0703  sbar_bright_T5d_mid+0.5=50108.0117  sbar_bright_T4b_mid+1.5=77201.3828  sbar_bright_T4c_mid+1.5=104213.5859  sbar_bright_T4d_mid+1.5=54315.5898  sbar_bright_T5a_mid+1.5=43831.6680  sbar_bright_T5b_mid+1.5=45754.6719  sbar_bright_T5c_mid+1.5=38718.1758  sbar_bright_T5d_mid+1.5=36484.5352  sbar_bright_T4a_mid+1.5=90455.5312  sbar_dark_T4a_mid+0=104289.6172  sbar_dark_T4b_mid+0=97343.6250  sbar_dark_T4c_mid+0=111737.2891  sbar_dark_T4d_mid+0=110962.6484  sbar_dark_T5a_mid+0=454506.7812  sbar_dark_T5b_mid+0=403465.7500  sbar_dark_T5c_mid+0=372042.6562  sbar_dark_T5d_mid+0=421563.8125  sbar_dark_T4a_mid+1=132479.3750  sbar_dark_T4b_mid+1=75719.7188  sbar_dark_T4c_mid+1=64685.5195  sbar_dark_T4d_mid+1=91430.7656  sbar_dark_T5a_mid+1=285700.4375  sbar_dark_T5b_mid+1=222144.8750  sbar_dark_T5c_mid+1=264568.0312  sbar_dark_T5d_mid+1=176134.3281  sbar_dark_T4a_mid+2=115672.4766  sbar_dark_T4b_mid+2=123908.9141  sbar_dark_T4c_mid+2=139269.5469  sbar_dark_T4d_mid+2=106523.3438  sbar_dark_T5a_mid+2=228632.3906  sbar_dark_T5b_mid+2=245298.8750  sbar_dark_T5c_mid+2=222296.9688  sbar_dark_T5d_mid+2=226625.0625  sbar_dark_T4a_mid-1=422432.0000  sbar_dark_T4b_mid-1=304694.7188  sbar_dark_T4c_mid-1=205323.8281  sbar_dark_T4d_mid-1=220925.2812  sbar_dark_T5a_mid-1=1346745.0000  sbar_dark_T5b_mid-1=1358350.0000  sbar_dark_T5c_mid-1=1226787.0000  sbar_dark_T5d_mid-1=1407874.5000  sbar_dark_T4a_mid-2=188106.9219  sbar_dark_T4b_mid-2=192751.3594  sbar_dark_T4c_mid-2=193146.6875  sbar_dark_T4d_mid-2=175039.7031  sbar_dark_T5b_mid-2=848133.5625  sbar_dark_T5c_mid-2=623935.2500  sbar_dark_T5d_mid-2=743392.1875  sbar_dark_T5a_mid-2=725013.7500  sbar_dark_T4a_mid-1.5=42925.3125  sbar_dark_T4b_mid-1.5=82111.7812  sbar_dark_T4c_mid-1.5=88360.5234  sbar_dark_T4d_mid-1.5=22648.7344  sbar_dark_T5a_mid-1.5=234141.2812  sbar_dark_T5b_mid-1.5=287139.7500  sbar_dark_T5c_mid-1.5=234373.5625  sbar_dark_T5d_mid-1.5=232191.0625  sbar_dark_T4a_mid-0.5=61269.3633  sbar_dark_T4b_mid-0.5=89941.5156  sbar_dark_T4c_mid-0.5=120713.5469  sbar_dark_T4d_mid-0.5=63884.0273  sbar_dark_T5a_mid-0.5=495913.0312  sbar_dark_T5b_mid-0.5=654853.6250  sbar_dark_T5c_mid-0.5=415399.2188  sbar_dark_T5d_mid-0.5=528470.5625  sbar_dark_T4a_mid+0.5=29930.6152  sbar_dark_T4b_mid+0.5=77972.5234  sbar_dark_T4c_mid+0.5=29714.4844  sbar_dark_T4d_mid+0.5=83648.2812  sbar_dark_T5a_mid+0.5=85332.3203  sbar_dark_T5b_mid+0.5=89428.7812  sbar_dark_T5c_mid+0.5=60644.9453  sbar_dark_T5d_mid+0.5=74170.2734  sbar_dark_T4b_mid+1.5=15075.9355  sbar_dark_T4c_mid+1.5=25599.4531  sbar_dark_T4d_mid+1.5=15603.1084  sbar_dark_T5a_mid+1.5=52419.5703  sbar_dark_T5b_mid+1.5=64027.2891  sbar_dark_T5c_mid+1.5=58706.5156  sbar_dark_T5d_mid+1.5=50617.6875  sbar_dark_T4a_mid+1.5=25909.7676]:  41%|████      | 410/1000 [04:29<06:28,  1.52it/s] Cost: 377826.8750  [spread_bright_L5=1483854.5000  spread_bright_Mi1=1206839.6250  spread_bright_Tm3=1532162.6250  spread_bright_Mi4=1490044.0000  spread_dark_L1=970391.0000  spread_dark_L2=922320.1875  spread_dark_L3=859834.5625  spread_dark_L4=3031117.5000  spread_dark_Mi9=898956.6250  spread_dark_Tm1=1159749.8750  spread_dark_Tm2=1283543.6250  spread_dark_Tm4=1358344.2500  spread_dark_Tm9=1619317.2500  sbar_bright_T4a_mid+0=324387.0625  sbar_bright_T4b_mid+0=399579.4688  sbar_bright_T4c_mid+0=359003.8750  sbar_bright_T4d_mid+0=418909.0312  sbar_bright_T5a_mid+0=137389.7500  sbar_bright_T5b_mid+0=181413.9375  sbar_bright_T5c_mid+0=187025.8438  sbar_bright_T5d_mid+0=145968.2500  sbar_bright_T4a_mid+1=263263.4375  sbar_bright_T4b_mid+1=288056.8750  sbar_bright_T4c_mid+1=294865.2188  sbar_bright_T4d_mid+1=262224.9688  sbar_bright_T5a_mid+1=112413.7812  sbar_bright_T5b_mid+1=128761.2734  sbar_bright_T5c_mid+1=113926.2422  sbar_bright_T5d_mid+1=122369.6406  sbar_bright_T4a_mid+2=107034.9141  sbar_bright_T4b_mid+2=162507.0938  sbar_bright_T4c_mid+2=145111.5938  sbar_bright_T4d_mid+2=146486.1719  sbar_bright_T5a_mid+2=185488.5156  sbar_bright_T5b_mid+2=170174.3125  sbar_bright_T5c_mid+2=181437.7344  sbar_bright_T5d_mid+2=185790.7344  sbar_bright_T4a_mid-1=1704844.2500  sbar_bright_T4b_mid-1=1402320.7500  sbar_bright_T4c_mid-1=1595196.1250  sbar_bright_T4d_mid-1=1889870.3750  sbar_bright_T5a_mid-1=445145.5312  sbar_bright_T5b_mid-1=444617.0938  sbar_bright_T5c_mid-1=480830.9688  sbar_bright_T5d_mid-1=447827.3750  sbar_bright_T4a_mid-2=296650.7188  sbar_bright_T4b_mid-2=321312.7188  sbar_bright_T4c_mid-2=307569.9688  sbar_bright_T4d_mid-2=348773.0000  sbar_bright_T5b_mid-2=80086.4141  sbar_bright_T5c_mid-2=76735.2266  sbar_bright_T5d_mid-2=75708.9688  sbar_bright_T5a_mid-2=75900.8516  sbar_bright_T4a_mid-1.5=190855.8438  sbar_bright_T4b_mid-1.5=155679.0312  sbar_bright_T4c_mid-1.5=139231.4375  sbar_bright_T4d_mid-1.5=228028.8125  sbar_bright_T5a_mid-1.5=107166.6172  sbar_bright_T5b_mid-1.5=110684.3281  sbar_bright_T5c_mid-1.5=97646.0156  sbar_bright_T5d_mid-1.5=94762.7031  sbar_bright_T4a_mid-0.5=993920.8750  sbar_bright_T4b_mid-0.5=1022684.0625  sbar_bright_T4c_mid-0.5=1073908.1250  sbar_bright_T4d_mid-0.5=1184762.5000  sbar_bright_T5a_mid-0.5=167340.9844  sbar_bright_T5b_mid-0.5=164744.0625  sbar_bright_T5c_mid-0.5=162213.2188  sbar_bright_T5d_mid-0.5=161567.0625  sbar_bright_T4a_mid+0.5=178226.2344  sbar_bright_T4b_mid+0.5=133415.0312  sbar_bright_T4c_mid+0.5=122814.3906  sbar_bright_T4d_mid+0.5=115283.4453  sbar_bright_T5a_mid+0.5=62245.7031  sbar_bright_T5b_mid+0.5=65486.4609  sbar_bright_T5c_mid+0.5=48204.6797  sbar_bright_T5d_mid+0.5=48858.0625  sbar_bright_T4b_mid+1.5=73862.2266  sbar_bright_T4c_mid+1.5=95941.9375  sbar_bright_T4d_mid+1.5=53911.9570  sbar_bright_T5a_mid+1.5=44648.2578  sbar_bright_T5b_mid+1.5=46337.9141  sbar_bright_T5c_mid+1.5=39243.1836  sbar_bright_T5d_mid+1.5=36535.0391  sbar_bright_T4a_mid+1.5=85360.2656  sbar_dark_T4a_mid+0=95520.6094  sbar_dark_T4b_mid+0=88860.0547  sbar_dark_T4c_mid+0=109731.6016  sbar_dark_T4d_mid+0=105624.2578  sbar_dark_T5a_mid+0=405404.5000  sbar_dark_T5b_mid+0=373991.4375  sbar_dark_T5c_mid+0=346150.9375  sbar_dark_T5d_mid+0=398395.9375  sbar_dark_T4a_mid+1=135279.5938  sbar_dark_T4b_mid+1=68990.8047  sbar_dark_T4c_mid+1=61685.4883  sbar_dark_T4d_mid+1=90458.4141  sbar_dark_T5a_mid+1=269284.3750  sbar_dark_T5b_mid+1=216507.5000  sbar_dark_T5c_mid+1=254784.7969  sbar_dark_T5d_mid+1=171145.0625  sbar_dark_T4a_mid+2=105153.6484  sbar_dark_T4b_mid+2=108481.4844  sbar_dark_T4c_mid+2=117066.8984  sbar_dark_T4d_mid+2=95150.4609  sbar_dark_T5a_mid+2=227860.4062  sbar_dark_T5b_mid+2=241656.3125  sbar_dark_T5c_mid+2=218103.1406  sbar_dark_T5d_mid+2=224774.6094  sbar_dark_T4a_mid-1=397888.0312  sbar_dark_T4b_mid-1=290349.2500  sbar_dark_T4c_mid-1=198559.7656  sbar_dark_T4d_mid-1=219320.3750  sbar_dark_T5a_mid-1=1366868.2500  sbar_dark_T5b_mid-1=1366088.2500  sbar_dark_T5c_mid-1=1240389.5000  sbar_dark_T5d_mid-1=1415345.2500  sbar_dark_T4a_mid-2=178773.9375  sbar_dark_T4b_mid-2=177583.8594  sbar_dark_T4c_mid-2=180257.9219  sbar_dark_T4d_mid-2=162338.8594  sbar_dark_T5b_mid-2=849280.0625  sbar_dark_T5c_mid-2=628220.8125  sbar_dark_T5d_mid-2=745336.0625  sbar_dark_T5a_mid-2=734528.6875  sbar_dark_T4a_mid-1.5=40444.5352  sbar_dark_T4b_mid-1.5=76993.2031  sbar_dark_T4c_mid-1.5=82651.5859  sbar_dark_T4d_mid-1.5=22432.7148  sbar_dark_T5a_mid-1.5=237944.9375  sbar_dark_T5b_mid-1.5=288659.1562  sbar_dark_T5c_mid-1.5=234849.5781  sbar_dark_T5d_mid-1.5=234138.6875  sbar_dark_T4a_mid-0.5=64200.1289  sbar_dark_T4b_mid-0.5=86342.0234  sbar_dark_T4c_mid-0.5=119809.5312  sbar_dark_T4d_mid-0.5=59547.0742  sbar_dark_T5a_mid-0.5=506820.9375  sbar_dark_T5b_mid-0.5=665277.6875  sbar_dark_T5c_mid-0.5=424635.4688  sbar_dark_T5d_mid-0.5=537724.4375  sbar_dark_T4a_mid+0.5=29195.9570  sbar_dark_T4b_mid+0.5=76682.8438  sbar_dark_T4c_mid+0.5=28673.4316  sbar_dark_T4d_mid+0.5=86373.4453  sbar_dark_T5a_mid+0.5=87368.6562  sbar_dark_T5b_mid+0.5=89750.5156  sbar_dark_T5c_mid+0.5=61390.5312  sbar_dark_T5d_mid+0.5=71477.3281  sbar_dark_T4b_mid+1.5=12587.2305  sbar_dark_T4c_mid+1.5=21093.8691  sbar_dark_T4d_mid+1.5=14049.1328  sbar_dark_T5a_mid+1.5=50470.2305  sbar_dark_T5b_mid+1.5=61121.5156  sbar_dark_T5c_mid+1.5=55875.8945  sbar_dark_T5d_mid+1.5=48051.1680  sbar_dark_T4a_mid+1.5=21976.9375]:       42%|████▏     | 420/1000 [04:36<06:22,  1.51it/s] Cost: 377177.7500  [spread_bright_L5=1445860.1250  spread_bright_Mi1=1166121.1250  spread_bright_Tm3=1419986.3750  spread_bright_Mi4=1500103.0000  spread_dark_L1=947858.9375  spread_dark_L2=941524.5000  spread_dark_L3=883183.5000  spread_dark_L4=3014810.2500  spread_dark_Mi9=860040.7500  spread_dark_Tm1=1143893.0000  spread_dark_Tm2=1284859.6250  spread_dark_Tm4=1350799.0000  spread_dark_Tm9=1527664.7500  sbar_bright_T4a_mid+0=326083.1875  sbar_bright_T4b_mid+0=412667.7500  sbar_bright_T4c_mid+0=376512.9375  sbar_bright_T4d_mid+0=423336.1250  sbar_bright_T5a_mid+0=139564.5156  sbar_bright_T5b_mid+0=179257.2500  sbar_bright_T5c_mid+0=182988.3750  sbar_bright_T5d_mid+0=148137.2031  sbar_bright_T4a_mid+1=268726.5938  sbar_bright_T4b_mid+1=284211.1562  sbar_bright_T4c_mid+1=284141.5625  sbar_bright_T4d_mid+1=257100.3438  sbar_bright_T5a_mid+1=112041.3359  sbar_bright_T5b_mid+1=126695.8125  sbar_bright_T5c_mid+1=114119.2656  sbar_bright_T5d_mid+1=120934.3047  sbar_bright_T4a_mid+2=104663.2969  sbar_bright_T4b_mid+2=151383.7031  sbar_bright_T4c_mid+2=141324.5781  sbar_bright_T4d_mid+2=140789.7500  sbar_bright_T5a_mid+2=187947.1250  sbar_bright_T5b_mid+2=173486.8438  sbar_bright_T5c_mid+2=184233.7656  sbar_bright_T5d_mid+2=189574.5781  sbar_bright_T4a_mid-1=1733483.6250  sbar_bright_T4b_mid-1=1433149.3750  sbar_bright_T4c_mid-1=1631995.0000  sbar_bright_T4d_mid-1=1909317.3750  sbar_bright_T5a_mid-1=446319.4688  sbar_bright_T5b_mid-1=442947.2812  sbar_bright_T5c_mid-1=478396.4062  sbar_bright_T5d_mid-1=446186.7500  sbar_bright_T4a_mid-2=305169.5312  sbar_bright_T4b_mid-2=316448.5312  sbar_bright_T4c_mid-2=309655.6562  sbar_bright_T4d_mid-2=352224.6562  sbar_bright_T5b_mid-2=80300.7891  sbar_bright_T5c_mid-2=76372.5781  sbar_bright_T5d_mid-2=74808.1406  sbar_bright_T5a_mid-2=75502.1094  sbar_bright_T4a_mid-1.5=192458.8438  sbar_bright_T4b_mid-1.5=160964.7188  sbar_bright_T4c_mid-1.5=141008.9062  sbar_bright_T4d_mid-1.5=229893.8281  sbar_bright_T5a_mid-1.5=109542.4844  sbar_bright_T5b_mid-1.5=111764.6094  sbar_bright_T5c_mid-1.5=98571.4766  sbar_bright_T5d_mid-1.5=96026.4688  sbar_bright_T4a_mid-0.5=1003315.3750  sbar_bright_T4b_mid-0.5=1028601.8125  sbar_bright_T4c_mid-0.5=1093400.3750  sbar_bright_T4d_mid-0.5=1193885.0000  sbar_bright_T5a_mid-0.5=167382.8906  sbar_bright_T5b_mid-0.5=165751.3281  sbar_bright_T5c_mid-0.5=164022.0156  sbar_bright_T5d_mid-0.5=163235.8750  sbar_bright_T4a_mid+0.5=180687.5781  sbar_bright_T4b_mid+0.5=133512.1719  sbar_bright_T4c_mid+0.5=127542.9688  sbar_bright_T4d_mid+0.5=117348.8906  sbar_bright_T5a_mid+0.5=62763.1445  sbar_bright_T5b_mid+0.5=64040.8242  sbar_bright_T5c_mid+0.5=48664.1367  sbar_bright_T5d_mid+0.5=48520.9609  sbar_bright_T4b_mid+1.5=75456.2188  sbar_bright_T4c_mid+1.5=93457.7812  sbar_bright_T4d_mid+1.5=53347.7891  sbar_bright_T5a_mid+1.5=45123.3906  sbar_bright_T5b_mid+1.5=47008.8984  sbar_bright_T5c_mid+1.5=40467.3242  sbar_bright_T5d_mid+1.5=36699.9180  sbar_bright_T4a_mid+1.5=84614.3672  sbar_dark_T4a_mid+0=85757.7109  sbar_dark_T4b_mid+0=78062.5234  sbar_dark_T4c_mid+0=107631.4375  sbar_dark_T4d_mid+0=104490.0625  sbar_dark_T5a_mid+0=424169.5312  sbar_dark_T5b_mid+0=366919.5625  sbar_dark_T5c_mid+0=338700.0312  sbar_dark_T5d_mid+0=396472.1562  sbar_dark_T4a_mid+1=133005.8281  sbar_dark_T4b_mid+1=62417.3242  sbar_dark_T4c_mid+1=60124.6289  sbar_dark_T4d_mid+1=89935.4688  sbar_dark_T5a_mid+1=264366.6250  sbar_dark_T5b_mid+1=214529.4531  sbar_dark_T5c_mid+1=246619.0625  sbar_dark_T5d_mid+1=168620.5938  sbar_dark_T4a_mid+2=101580.1875  sbar_dark_T4b_mid+2=112879.2500  sbar_dark_T4c_mid+2=114990.5312  sbar_dark_T4d_mid+2=88671.1406  sbar_dark_T5a_mid+2=229415.1250  sbar_dark_T5b_mid+2=240834.6875  sbar_dark_T5c_mid+2=219021.0938  sbar_dark_T5d_mid+2=226684.9219  sbar_dark_T4a_mid-1=377895.4062  sbar_dark_T4b_mid-1=288878.9375  sbar_dark_T4c_mid-1=195181.1719  sbar_dark_T4d_mid-1=225127.6250  sbar_dark_T5a_mid-1=1370936.7500  sbar_dark_T5b_mid-1=1374499.2500  sbar_dark_T5c_mid-1=1247131.8750  sbar_dark_T5d_mid-1=1435643.0000  sbar_dark_T4a_mid-2=177288.7656  sbar_dark_T4b_mid-2=174892.3906  sbar_dark_T4c_mid-2=178779.6719  sbar_dark_T4d_mid-2=156574.9062  sbar_dark_T5b_mid-2=852528.1875  sbar_dark_T5c_mid-2=638376.9375  sbar_dark_T5d_mid-2=753149.7500  sbar_dark_T5a_mid-2=736376.0000  sbar_dark_T4a_mid-1.5=40121.8008  sbar_dark_T4b_mid-1.5=73985.9609  sbar_dark_T4c_mid-1.5=80844.9297  sbar_dark_T4d_mid-1.5=22414.5898  sbar_dark_T5a_mid-1.5=244180.3125  sbar_dark_T5b_mid-1.5=292170.5938  sbar_dark_T5c_mid-1.5=241281.1094  sbar_dark_T5d_mid-1.5=237324.0938  sbar_dark_T4a_mid-0.5=64682.9922  sbar_dark_T4b_mid-0.5=86403.1094  sbar_dark_T4c_mid-0.5=120396.6641  sbar_dark_T4d_mid-0.5=56310.7383  sbar_dark_T5a_mid-0.5=515668.7188  sbar_dark_T5b_mid-0.5=677399.8750  sbar_dark_T5c_mid-0.5=436344.5312  sbar_dark_T5d_mid-0.5=551458.8750  sbar_dark_T4a_mid+0.5=28452.9688  sbar_dark_T4b_mid+0.5=76484.0000  sbar_dark_T4c_mid+0.5=27144.5703  sbar_dark_T4d_mid+0.5=86520.7031  sbar_dark_T5a_mid+0.5=87686.0781  sbar_dark_T5b_mid+0.5=91765.6953  sbar_dark_T5c_mid+0.5=63871.9102  sbar_dark_T5d_mid+0.5=73949.1016  sbar_dark_T4b_mid+1.5=12744.6582  sbar_dark_T4c_mid+1.5=19702.6543  sbar_dark_T4d_mid+1.5=12713.2441  sbar_dark_T5a_mid+1.5=48917.2773  sbar_dark_T5b_mid+1.5=58566.8984  sbar_dark_T5c_mid+1.5=53733.0664  sbar_dark_T5d_mid+1.5=45748.4727  sbar_dark_T4a_mid+1.5=20766.9961]:  43%|████▎     | 430/1000 [04:42<06:15,  1.52it/s] Cost: 374997.6250  [spread_bright_L5=1472769.1250  spread_bright_Mi1=1168790.2500  spread_bright_Tm3=1495058.5000  spread_bright_Mi4=1494832.2500  spread_dark_L1=951897.1250  spread_dark_L2=933966.5000  spread_dark_L3=857545.9375  spread_dark_L4=2912250.2500  spread_dark_Mi9=855966.6250  spread_dark_Tm1=1141067.5000  spread_dark_Tm2=1271091.0000  spread_dark_Tm4=1353929.8750  spread_dark_Tm9=1503578.2500  sbar_bright_T4a_mid+0=325317.8438  sbar_bright_T4b_mid+0=405720.5312  sbar_bright_T4c_mid+0=382084.3125  sbar_bright_T4d_mid+0=408501.7188  sbar_bright_T5a_mid+0=132876.1719  sbar_bright_T5b_mid+0=177243.5781  sbar_bright_T5c_mid+0=176821.7031  sbar_bright_T5d_mid+0=142078.8906  sbar_bright_T4a_mid+1=262505.5625  sbar_bright_T4b_mid+1=279947.2812  sbar_bright_T4c_mid+1=278166.0938  sbar_bright_T4d_mid+1=255550.1094  sbar_bright_T5a_mid+1=109815.2891  sbar_bright_T5b_mid+1=126226.5078  sbar_bright_T5c_mid+1=110714.3828  sbar_bright_T5d_mid+1=118211.4297  sbar_bright_T4a_mid+2=97303.2734  sbar_bright_T4b_mid+2=153913.5469  sbar_bright_T4c_mid+2=134858.9844  sbar_bright_T4d_mid+2=140786.8281  sbar_bright_T5a_mid+2=185341.3125  sbar_bright_T5b_mid+2=173165.8281  sbar_bright_T5c_mid+2=181442.0781  sbar_bright_T5d_mid+2=187490.0625  sbar_bright_T4a_mid-1=1724364.1250  sbar_bright_T4b_mid-1=1423995.5000  sbar_bright_T4c_mid-1=1646111.2500  sbar_bright_T4d_mid-1=1889481.6250  sbar_bright_T5a_mid-1=442772.0000  sbar_bright_T5b_mid-1=438837.0000  sbar_bright_T5c_mid-1=470097.2812  sbar_bright_T5d_mid-1=443597.1250  sbar_bright_T4a_mid-2=313125.0938  sbar_bright_T4b_mid-2=319226.7812  sbar_bright_T4c_mid-2=323756.6562  sbar_bright_T4d_mid-2=349426.3438  sbar_bright_T5b_mid-2=79408.6172  sbar_bright_T5c_mid-2=74262.6953  sbar_bright_T5d_mid-2=73914.6250  sbar_bright_T5a_mid-2=75397.7969  sbar_bright_T4a_mid-1.5=196252.5938  sbar_bright_T4b_mid-1.5=158525.4219  sbar_bright_T4c_mid-1.5=144331.9375  sbar_bright_T4d_mid-1.5=229067.5312  sbar_bright_T5a_mid-1.5=108073.7266  sbar_bright_T5b_mid-1.5=111185.4062  sbar_bright_T5c_mid-1.5=98447.4297  sbar_bright_T5d_mid-1.5=95289.3438  sbar_bright_T4a_mid-0.5=1012887.3125  sbar_bright_T4b_mid-0.5=1029281.3125  sbar_bright_T4c_mid-0.5=1105907.1250  sbar_bright_T4d_mid-0.5=1180025.1250  sbar_bright_T5a_mid-0.5=164633.6562  sbar_bright_T5b_mid-0.5=164065.1406  sbar_bright_T5c_mid-0.5=158876.7344  sbar_bright_T5d_mid-0.5=159943.3281  sbar_bright_T4a_mid+0.5=177677.4375  sbar_bright_T4b_mid+0.5=133558.0938  sbar_bright_T4c_mid+0.5=124855.7031  sbar_bright_T4d_mid+0.5=113527.0000  sbar_bright_T5a_mid+0.5=61902.8203  sbar_bright_T5b_mid+0.5=64120.5820  sbar_bright_T5c_mid+0.5=46206.3438  sbar_bright_T5d_mid+0.5=46976.7617  sbar_bright_T4b_mid+1.5=71908.0625  sbar_bright_T4c_mid+1.5=87023.2344  sbar_bright_T4d_mid+1.5=53023.8633  sbar_bright_T5a_mid+1.5=45021.7734  sbar_bright_T5b_mid+1.5=46800.3125  sbar_bright_T5c_mid+1.5=40094.2969  sbar_bright_T5d_mid+1.5=36502.4336  sbar_bright_T4a_mid+1.5=80483.0938  sbar_dark_T4a_mid+0=89993.2891  sbar_dark_T4b_mid+0=83600.7109  sbar_dark_T4c_mid+0=102871.4141  sbar_dark_T4d_mid+0=108630.4297  sbar_dark_T5a_mid+0=467271.5000  sbar_dark_T5b_mid+0=382135.6250  sbar_dark_T5c_mid+0=349836.9375  sbar_dark_T5d_mid+0=408071.5312  sbar_dark_T4a_mid+1=130569.9062  sbar_dark_T4b_mid+1=64668.9688  sbar_dark_T4c_mid+1=54543.1289  sbar_dark_T4d_mid+1=92996.6406  sbar_dark_T5a_mid+1=278022.9688  sbar_dark_T5b_mid+1=212783.7031  sbar_dark_T5c_mid+1=251930.3438  sbar_dark_T5d_mid+1=166360.6719  sbar_dark_T4a_mid+2=97313.0312  sbar_dark_T4b_mid+2=105210.8516  sbar_dark_T4c_mid+2=108754.6562  sbar_dark_T4d_mid+2=91125.5938  sbar_dark_T5a_mid+2=225169.1875  sbar_dark_T5b_mid+2=240648.2500  sbar_dark_T5c_mid+2=216780.8125  sbar_dark_T5d_mid+2=225017.2188  sbar_dark_T4a_mid-1=384820.8125  sbar_dark_T4b_mid-1=273817.7812  sbar_dark_T4c_mid-1=184215.6719  sbar_dark_T4d_mid-1=219583.6719  sbar_dark_T5a_mid-1=1343253.2500  sbar_dark_T5b_mid-1=1365021.7500  sbar_dark_T5c_mid-1=1243741.1250  sbar_dark_T5d_mid-1=1420784.2500  sbar_dark_T4a_mid-2=166541.6719  sbar_dark_T4b_mid-2=159839.5312  sbar_dark_T4c_mid-2=155085.9844  sbar_dark_T4d_mid-2=157400.0625  sbar_dark_T5b_mid-2=852486.1250  sbar_dark_T5c_mid-2=635988.8125  sbar_dark_T5d_mid-2=747640.3750  sbar_dark_T5a_mid-2=727525.0625  sbar_dark_T4a_mid-1.5=37812.1758  sbar_dark_T4b_mid-1.5=71366.6172  sbar_dark_T4c_mid-1.5=76269.7344  sbar_dark_T4d_mid-1.5=22213.0879  sbar_dark_T5a_mid-1.5=239422.1875  sbar_dark_T5b_mid-1.5=291255.0312  sbar_dark_T5c_mid-1.5=240729.8438  sbar_dark_T5d_mid-1.5=236967.5938  sbar_dark_T4a_mid-0.5=64078.5078  sbar_dark_T4b_mid-0.5=82903.3281  sbar_dark_T4c_mid-0.5=115104.5625  sbar_dark_T4d_mid-0.5=58597.5625  sbar_dark_T5a_mid-0.5=501884.5625  sbar_dark_T5b_mid-0.5=675415.7500  sbar_dark_T5c_mid-0.5=432032.2188  sbar_dark_T5d_mid-0.5=545356.6250  sbar_dark_T4a_mid+0.5=27846.1367  sbar_dark_T4b_mid+0.5=76521.1641  sbar_dark_T4c_mid+0.5=25690.4609  sbar_dark_T4d_mid+0.5=89016.2109  sbar_dark_T5a_mid+0.5=85825.1250  sbar_dark_T5b_mid+0.5=89975.0859  sbar_dark_T5c_mid+0.5=60926.9062  sbar_dark_T5d_mid+0.5=71020.8828  sbar_dark_T4b_mid+1.5=11710.6787  sbar_dark_T4c_mid+1.5=19157.3047  sbar_dark_T4d_mid+1.5=13356.1328  sbar_dark_T5a_mid+1.5=49482.3477  sbar_dark_T5b_mid+1.5=58704.9414  sbar_dark_T5c_mid+1.5=53532.2617  sbar_dark_T5d_mid+1.5=45232.4727  sbar_dark_T4a_mid+1.5=20093.3477]:    44%|████▍     | 440/1000 [04:49<06:07,  1.52it/s] Cost: 372538.5000  [spread_bright_L5=1461360.3750  spread_bright_Mi1=1145366.1250  spread_bright_Tm3=1371284.8750  spread_bright_Mi4=1488778.6250  spread_dark_L1=921730.3125  spread_dark_L2=955264.4375  spread_dark_L3=861944.6250  spread_dark_L4=2936760.2500  spread_dark_Mi9=834941.7500  spread_dark_Tm1=1089010.7500  spread_dark_Tm2=1235307.7500  spread_dark_Tm4=1321037.0000  spread_dark_Tm9=1571533.5000  sbar_bright_T4a_mid+0=303583.0312  sbar_bright_T4b_mid+0=389735.0938  sbar_bright_T4c_mid+0=352611.9062  sbar_bright_T4d_mid+0=410630.7812  sbar_bright_T5a_mid+0=132471.0938  sbar_bright_T5b_mid+0=177890.4062  sbar_bright_T5c_mid+0=179032.4219  sbar_bright_T5d_mid+0=142517.5469  sbar_bright_T4a_mid+1=265663.3438  sbar_bright_T4b_mid+1=285114.2188  sbar_bright_T4c_mid+1=289742.5938  sbar_bright_T4d_mid+1=256901.5938  sbar_bright_T5a_mid+1=111189.4531  sbar_bright_T5b_mid+1=128060.2656  sbar_bright_T5c_mid+1=111780.5547  sbar_bright_T5d_mid+1=118667.5938  sbar_bright_T4a_mid+2=107165.9766  sbar_bright_T4b_mid+2=160213.7344  sbar_bright_T4c_mid+2=144983.6719  sbar_bright_T4d_mid+2=143892.7656  sbar_bright_T5a_mid+2=186127.4844  sbar_bright_T5b_mid+2=171901.7188  sbar_bright_T5c_mid+2=179668.9062  sbar_bright_T5d_mid+2=185812.6875  sbar_bright_T4a_mid-1=1691904.2500  sbar_bright_T4b_mid-1=1392404.5000  sbar_bright_T4c_mid-1=1600799.1250  sbar_bright_T4d_mid-1=1887484.0000  sbar_bright_T5a_mid-1=442806.7188  sbar_bright_T5b_mid-1=444161.8750  sbar_bright_T5c_mid-1=475161.3438  sbar_bright_T5d_mid-1=446096.5625  sbar_bright_T4a_mid-2=294858.4062  sbar_bright_T4b_mid-2=307426.5000  sbar_bright_T4c_mid-2=301962.7188  sbar_bright_T4d_mid-2=341469.3125  sbar_bright_T5b_mid-2=79124.1406  sbar_bright_T5c_mid-2=75048.3594  sbar_bright_T5d_mid-2=73639.7109  sbar_bright_T5a_mid-2=74906.2500  sbar_bright_T4a_mid-1.5=190558.3594  sbar_bright_T4b_mid-1.5=156813.1562  sbar_bright_T4c_mid-1.5=138897.6562  sbar_bright_T4d_mid-1.5=227903.6562  sbar_bright_T5a_mid-1.5=108228.1562  sbar_bright_T5b_mid-1.5=111196.6484  sbar_bright_T5c_mid-1.5=97680.9219  sbar_bright_T5d_mid-1.5=94887.4297  sbar_bright_T4a_mid-0.5=997121.3125  sbar_bright_T4b_mid-0.5=1018941.1250  sbar_bright_T4c_mid-0.5=1080623.0000  sbar_bright_T4d_mid-0.5=1184036.8750  sbar_bright_T5a_mid-0.5=163593.0938  sbar_bright_T5b_mid-0.5=164066.7188  sbar_bright_T5c_mid-0.5=158628.5000  sbar_bright_T5d_mid-0.5=159643.6250  sbar_bright_T4a_mid+0.5=174538.2031  sbar_bright_T4b_mid+0.5=126944.8438  sbar_bright_T4c_mid+0.5=121973.7812  sbar_bright_T4d_mid+0.5=114964.7188  sbar_bright_T5a_mid+0.5=61867.9414  sbar_bright_T5b_mid+0.5=65447.8281  sbar_bright_T5c_mid+0.5=46069.6523  sbar_bright_T5d_mid+0.5=46758.8398  sbar_bright_T4b_mid+1.5=77951.1406  sbar_bright_T4c_mid+1.5=97219.3516  sbar_bright_T4d_mid+1.5=55400.4922  sbar_bright_T5a_mid+1.5=44374.6406  sbar_bright_T5b_mid+1.5=47162.0312  sbar_bright_T5c_mid+1.5=40036.1992  sbar_bright_T5d_mid+1.5=36698.2266  sbar_bright_T4a_mid+1.5=88599.5234  sbar_dark_T4a_mid+0=93067.8906  sbar_dark_T4b_mid+0=90180.3516  sbar_dark_T4c_mid+0=113609.3750  sbar_dark_T4d_mid+0=101581.1641  sbar_dark_T5a_mid+0=385856.0312  sbar_dark_T5b_mid+0=363791.6875  sbar_dark_T5c_mid+0=340929.6562  sbar_dark_T5d_mid+0=393540.1250  sbar_dark_T4a_mid+1=135124.9062  sbar_dark_T4b_mid+1=68197.7500  sbar_dark_T4c_mid+1=63358.2891  sbar_dark_T4d_mid+1=86530.7500  sbar_dark_T5a_mid+1=264896.1562  sbar_dark_T5b_mid+1=217581.4375  sbar_dark_T5c_mid+1=254552.8906  sbar_dark_T5d_mid+1=169514.0156  sbar_dark_T4a_mid+2=109656.0312  sbar_dark_T4b_mid+2=118260.0547  sbar_dark_T4c_mid+2=118353.6094  sbar_dark_T4d_mid+2=94681.3438  sbar_dark_T5a_mid+2=224852.7344  sbar_dark_T5b_mid+2=237275.4062  sbar_dark_T5c_mid+2=215245.7656  sbar_dark_T5d_mid+2=222052.6094  sbar_dark_T4a_mid-1=399172.2500  sbar_dark_T4b_mid-1=284644.0625  sbar_dark_T4c_mid-1=200564.0625  sbar_dark_T4d_mid-1=220014.1250  sbar_dark_T5a_mid-1=1363336.5000  sbar_dark_T5b_mid-1=1348267.1250  sbar_dark_T5c_mid-1=1233224.5000  sbar_dark_T5d_mid-1=1408894.0000  sbar_dark_T4a_mid-2=180220.9844  sbar_dark_T4b_mid-2=174042.7344  sbar_dark_T4c_mid-2=182435.8125  sbar_dark_T4d_mid-2=160130.2812  sbar_dark_T5b_mid-2=843750.1875  sbar_dark_T5c_mid-2=629289.0000  sbar_dark_T5d_mid-2=742197.0625  sbar_dark_T5a_mid-2=734609.9375  sbar_dark_T4a_mid-1.5=40733.5664  sbar_dark_T4b_mid-1.5=74848.2891  sbar_dark_T4c_mid-1.5=79134.3672  sbar_dark_T4d_mid-1.5=22461.6309  sbar_dark_T5a_mid-1.5=244655.4688  sbar_dark_T5b_mid-1.5=292171.7188  sbar_dark_T5c_mid-1.5=239803.3281  sbar_dark_T5d_mid-1.5=237324.9375  sbar_dark_T4a_mid-0.5=63771.7266  sbar_dark_T4b_mid-0.5=88028.7656  sbar_dark_T4c_mid-0.5=123824.9844  sbar_dark_T4d_mid-0.5=58538.1680  sbar_dark_T5a_mid-0.5=512653.1562  sbar_dark_T5b_mid-0.5=673518.5000  sbar_dark_T5c_mid-0.5=429681.6875  sbar_dark_T5d_mid-0.5=549218.0000  sbar_dark_T4a_mid+0.5=30214.1445  sbar_dark_T4b_mid+0.5=75506.0391  sbar_dark_T4c_mid+0.5=30403.6602  sbar_dark_T4d_mid+0.5=83024.6641  sbar_dark_T5a_mid+0.5=87161.1953  sbar_dark_T5b_mid+0.5=89829.1797  sbar_dark_T5c_mid+0.5=61607.3242  sbar_dark_T5d_mid+0.5=70563.2188  sbar_dark_T4b_mid+1.5=13310.8594  sbar_dark_T4c_mid+1.5=21250.8242  sbar_dark_T4d_mid+1.5=13675.4404  sbar_dark_T5a_mid+1.5=49927.7812  sbar_dark_T5b_mid+1.5=61057.1602  sbar_dark_T5c_mid+1.5=55422.1094  sbar_dark_T5d_mid+1.5=47110.5625  sbar_dark_T4a_mid+1.5=22873.4141]:  45%|████▌     | 450/1000 [04:56<06:01,  1.52it/s] Cost: 370561.7500  [spread_bright_L5=1439615.2500  spread_bright_Mi1=1136240.7500  spread_bright_Tm3=1384228.8750  spread_bright_Mi4=1473512.2500  spread_dark_L1=918148.9375  spread_dark_L2=942269.4375  spread_dark_L3=853786.6250  spread_dark_L4=2924498.7500  spread_dark_Mi9=838288.8750  spread_dark_Tm1=1081529.8750  spread_dark_Tm2=1204608.3750  spread_dark_Tm4=1317760.0000  spread_dark_Tm9=1557480.8750  sbar_bright_T4a_mid+0=316966.0938  sbar_bright_T4b_mid+0=391643.0938  sbar_bright_T4c_mid+0=365758.1562  sbar_bright_T4d_mid+0=404534.3438  sbar_bright_T5a_mid+0=131573.0938  sbar_bright_T5b_mid+0=176932.5156  sbar_bright_T5c_mid+0=178587.3906  sbar_bright_T5d_mid+0=141720.7344  sbar_bright_T4a_mid+1=262037.9219  sbar_bright_T4b_mid+1=282046.5312  sbar_bright_T4c_mid+1=285853.2188  sbar_bright_T4d_mid+1=258116.7656  sbar_bright_T5a_mid+1=111645.2188  sbar_bright_T5b_mid+1=127799.8516  sbar_bright_T5c_mid+1=112668.9062  sbar_bright_T5d_mid+1=117941.0234  sbar_bright_T4a_mid+2=100130.7734  sbar_bright_T4b_mid+2=159765.2656  sbar_bright_T4c_mid+2=142125.2812  sbar_bright_T4d_mid+2=143363.9531  sbar_bright_T5a_mid+2=185271.3594  sbar_bright_T5b_mid+2=171819.9062  sbar_bright_T5c_mid+2=177092.6875  sbar_bright_T5d_mid+2=184349.2969  sbar_bright_T4a_mid-1=1692132.2500  sbar_bright_T4b_mid-1=1402712.0000  sbar_bright_T4c_mid-1=1615735.3750  sbar_bright_T4d_mid-1=1875045.8750  sbar_bright_T5a_mid-1=445678.5938  sbar_bright_T5b_mid-1=447534.5938  sbar_bright_T5c_mid-1=476074.0312  sbar_bright_T5d_mid-1=449874.8750  sbar_bright_T4a_mid-2=302855.7500  sbar_bright_T4b_mid-2=311813.9688  sbar_bright_T4c_mid-2=306813.0000  sbar_bright_T4d_mid-2=340272.7188  sbar_bright_T5b_mid-2=78546.1250  sbar_bright_T5c_mid-2=76528.2188  sbar_bright_T5d_mid-2=74374.0703  sbar_bright_T5a_mid-2=76059.7031  sbar_bright_T4a_mid-1.5=193939.7812  sbar_bright_T4b_mid-1.5=157019.9531  sbar_bright_T4c_mid-1.5=140706.3594  sbar_bright_T4d_mid-1.5=226520.4531  sbar_bright_T5a_mid-1.5=108691.9766  sbar_bright_T5b_mid-1.5=111863.0391  sbar_bright_T5c_mid-1.5=98503.5859  sbar_bright_T5d_mid-1.5=95634.6406  sbar_bright_T4a_mid-0.5=1008696.0625  sbar_bright_T4b_mid-0.5=1019275.3750  sbar_bright_T4c_mid-0.5=1094166.8750  sbar_bright_T4d_mid-0.5=1178007.6250  sbar_bright_T5a_mid-0.5=162572.0625  sbar_bright_T5b_mid-0.5=164232.7500  sbar_bright_T5c_mid-0.5=157808.9375  sbar_bright_T5d_mid-0.5=159702.7656  sbar_bright_T4a_mid+0.5=174150.9375  sbar_bright_T4b_mid+0.5=127442.4141  sbar_bright_T4c_mid+0.5=122152.4141  sbar_bright_T4d_mid+0.5=114969.5781  sbar_bright_T5a_mid+0.5=61938.2891  sbar_bright_T5b_mid+0.5=64264.3320  sbar_bright_T5c_mid+0.5=45284.1445  sbar_bright_T5d_mid+0.5=46250.3789  sbar_bright_T4b_mid+1.5=76415.8594  sbar_bright_T4c_mid+1.5=94537.1641  sbar_bright_T4d_mid+1.5=55435.4883  sbar_bright_T5a_mid+1.5=44175.4297  sbar_bright_T5b_mid+1.5=47352.7773  sbar_bright_T5c_mid+1.5=40610.1562  sbar_bright_T5d_mid+1.5=37024.8320  sbar_bright_T4a_mid+1.5=85542.0078  sbar_dark_T4a_mid+0=93409.2969  sbar_dark_T4b_mid+0=88266.8672  sbar_dark_T4c_mid+0=107317.2734  sbar_dark_T4d_mid+0=102014.7500  sbar_dark_T5a_mid+0=379485.5938  sbar_dark_T5b_mid+0=361560.7188  sbar_dark_T5c_mid+0=340678.0000  sbar_dark_T5d_mid+0=393817.9375  sbar_dark_T4a_mid+1=124988.8203  sbar_dark_T4b_mid+1=67863.5938  sbar_dark_T4c_mid+1=58610.3672  sbar_dark_T4d_mid+1=88284.9688  sbar_dark_T5a_mid+1=259815.0625  sbar_dark_T5b_mid+1=215323.2344  sbar_dark_T5c_mid+1=255516.6406  sbar_dark_T5d_mid+1=167549.2188  sbar_dark_T4a_mid+2=101008.1484  sbar_dark_T4b_mid+2=113476.5078  sbar_dark_T4c_mid+2=114986.2188  sbar_dark_T4d_mid+2=94772.9141  sbar_dark_T5a_mid+2=220531.9531  sbar_dark_T5b_mid+2=233264.6250  sbar_dark_T5c_mid+2=211554.8281  sbar_dark_T5d_mid+2=218504.8594  sbar_dark_T4a_mid-1=402615.5938  sbar_dark_T4b_mid-1=273828.5000  sbar_dark_T4c_mid-1=191028.8594  sbar_dark_T4d_mid-1=224100.2031  sbar_dark_T5a_mid-1=1347429.2500  sbar_dark_T5b_mid-1=1335565.6250  sbar_dark_T5c_mid-1=1222717.3750  sbar_dark_T5d_mid-1=1390386.5000  sbar_dark_T4a_mid-2=171056.5312  sbar_dark_T4b_mid-2=168072.1406  sbar_dark_T4c_mid-2=169117.2656  sbar_dark_T4d_mid-2=163249.7031  sbar_dark_T5b_mid-2=831028.0000  sbar_dark_T5c_mid-2=618021.0625  sbar_dark_T5d_mid-2=730602.1875  sbar_dark_T5a_mid-2=725292.6250  sbar_dark_T4a_mid-1.5=38581.5469  sbar_dark_T4b_mid-1.5=72584.0547  sbar_dark_T4c_mid-1.5=76639.9844  sbar_dark_T4d_mid-1.5=22811.5293  sbar_dark_T5a_mid-1.5=244863.2344  sbar_dark_T5b_mid-1.5=291619.1875  sbar_dark_T5c_mid-1.5=237650.6562  sbar_dark_T5d_mid-1.5=236530.5469  sbar_dark_T4a_mid-0.5=60762.1445  sbar_dark_T4b_mid-0.5=86240.7031  sbar_dark_T4c_mid-0.5=118488.1250  sbar_dark_T4d_mid-0.5=58511.2109  sbar_dark_T5a_mid-0.5=512460.3750  sbar_dark_T5b_mid-0.5=673983.2500  sbar_dark_T5c_mid-0.5=429557.9688  sbar_dark_T5d_mid-0.5=546929.5625  sbar_dark_T4a_mid+0.5=27565.8848  sbar_dark_T4b_mid+0.5=75137.2109  sbar_dark_T4c_mid+0.5=28134.5098  sbar_dark_T4d_mid+0.5=85434.5703  sbar_dark_T5a_mid+0.5=86258.7031  sbar_dark_T5b_mid+0.5=88651.0625  sbar_dark_T5c_mid+0.5=59836.4844  sbar_dark_T5d_mid+0.5=68835.5391  sbar_dark_T4b_mid+1.5=12973.2510  sbar_dark_T4c_mid+1.5=21169.9473  sbar_dark_T4d_mid+1.5=13211.6260  sbar_dark_T5a_mid+1.5=50263.1797  sbar_dark_T5b_mid+1.5=61542.6172  sbar_dark_T5c_mid+1.5=56064.8867  sbar_dark_T5d_mid+1.5=47059.0547  sbar_dark_T4a_mid+1.5=22471.1660]:  46%|████▌     | 460/1000 [05:02<05:53,  1.53it/s] Cost: 368823.1250  [spread_bright_L5=1460525.7500  spread_bright_Mi1=1113481.1250  spread_bright_Tm3=1381977.7500  spread_bright_Mi4=1469019.0000  spread_dark_L1=919575.1250  spread_dark_L2=959748.3750  spread_dark_L3=858566.5625  spread_dark_L4=2863924.0000  spread_dark_Mi9=832295.5000  spread_dark_Tm1=1042512.1875  spread_dark_Tm2=1192247.2500  spread_dark_Tm4=1300394.3750  spread_dark_Tm9=1550169.8750  sbar_bright_T4a_mid+0=305408.0938  sbar_bright_T4b_mid+0=382169.8438  sbar_bright_T4c_mid+0=360352.8125  sbar_bright_T4d_mid+0=400473.4062  sbar_bright_T5a_mid+0=130563.6875  sbar_bright_T5b_mid+0=174631.6406  sbar_bright_T5c_mid+0=176036.1094  sbar_bright_T5d_mid+0=140646.0625  sbar_bright_T4a_mid+1=268162.2500  sbar_bright_T4b_mid+1=282661.8438  sbar_bright_T4c_mid+1=286561.5312  sbar_bright_T4d_mid+1=257694.2656  sbar_bright_T5a_mid+1=112000.2500  sbar_bright_T5b_mid+1=127211.2188  sbar_bright_T5c_mid+1=111945.8828  sbar_bright_T5d_mid+1=116419.7734  sbar_bright_T4a_mid+2=106674.5938  sbar_bright_T4b_mid+2=163898.3281  sbar_bright_T4c_mid+2=146689.8125  sbar_bright_T4d_mid+2=144596.4062  sbar_bright_T5a_mid+2=182954.4062  sbar_bright_T5b_mid+2=172148.3438  sbar_bright_T5c_mid+2=175416.7188  sbar_bright_T5d_mid+2=184074.8281  sbar_bright_T4a_mid-1=1660719.3750  sbar_bright_T4b_mid-1=1386785.7500  sbar_bright_T4c_mid-1=1604007.0000  sbar_bright_T4d_mid-1=1858774.6250  sbar_bright_T5a_mid-1=448833.0312  sbar_bright_T5b_mid-1=448371.2500  sbar_bright_T5c_mid-1=473580.6562  sbar_bright_T5d_mid-1=449409.4688  sbar_bright_T4a_mid-2=291342.0625  sbar_bright_T4b_mid-2=304433.2812  sbar_bright_T4c_mid-2=301332.7500  sbar_bright_T4d_mid-2=339348.3125  sbar_bright_T5b_mid-2=78042.1562  sbar_bright_T5c_mid-2=75674.9453  sbar_bright_T5d_mid-2=73958.3125  sbar_bright_T5a_mid-2=76025.1094  sbar_bright_T4a_mid-1.5=189413.2969  sbar_bright_T4b_mid-1.5=155440.7344  sbar_bright_T4c_mid-1.5=138717.5938  sbar_bright_T4d_mid-1.5=225123.1562  sbar_bright_T5a_mid-1.5=108406.5703  sbar_bright_T5b_mid-1.5=111722.8516  sbar_bright_T5c_mid-1.5=98580.7109  sbar_bright_T5d_mid-1.5=95602.0156  sbar_bright_T4a_mid-0.5=992173.6250  sbar_bright_T4b_mid-0.5=1008131.1875  sbar_bright_T4c_mid-0.5=1090823.8750  sbar_bright_T4d_mid-0.5=1166358.6250  sbar_bright_T5a_mid-0.5=160841.2812  sbar_bright_T5b_mid-0.5=163371.5938  sbar_bright_T5c_mid-0.5=155525.5938  sbar_bright_T5d_mid-0.5=158200.0625  sbar_bright_T4a_mid+0.5=169887.3906  sbar_bright_T4b_mid+0.5=123107.0859  sbar_bright_T4c_mid+0.5=120142.2656  sbar_bright_T4d_mid+0.5=111692.4062  sbar_bright_T5a_mid+0.5=62146.4922  sbar_bright_T5b_mid+0.5=63765.3203  sbar_bright_T5c_mid+0.5=43991.3672  sbar_bright_T5d_mid+0.5=44953.7070  sbar_bright_T4b_mid+1.5=80517.8594  sbar_bright_T4c_mid+1.5=99012.1797  sbar_bright_T4d_mid+1.5=57706.7188  sbar_bright_T5a_mid+1.5=43478.4453  sbar_bright_T5b_mid+1.5=47342.9727  sbar_bright_T5c_mid+1.5=40302.8359  sbar_bright_T5d_mid+1.5=36558.0898  sbar_bright_T4a_mid+1.5=92280.3984  sbar_dark_T4a_mid+0=95809.5547  sbar_dark_T4b_mid+0=88519.5781  sbar_dark_T4c_mid+0=108887.7812  sbar_dark_T4d_mid+0=102537.4609  sbar_dark_T5a_mid+0=410364.9688  sbar_dark_T5b_mid+0=352582.7188  sbar_dark_T5c_mid+0=335423.7500  sbar_dark_T5d_mid+0=387526.8750  sbar_dark_T4a_mid+1=128969.9922  sbar_dark_T4b_mid+1=69335.3438  sbar_dark_T4c_mid+1=59849.3242  sbar_dark_T4d_mid+1=87377.7891  sbar_dark_T5a_mid+1=268818.0312  sbar_dark_T5b_mid+1=216710.1719  sbar_dark_T5c_mid+1=255722.9688  sbar_dark_T5d_mid+1=167242.9688  sbar_dark_T4a_mid+2=108908.6953  sbar_dark_T4b_mid+2=116411.6094  sbar_dark_T4c_mid+2=117866.2578  sbar_dark_T4d_mid+2=98149.8984  sbar_dark_T5a_mid+2=216146.6406  sbar_dark_T5b_mid+2=232079.8906  sbar_dark_T5c_mid+2=210930.0469  sbar_dark_T5d_mid+2=217739.1875  sbar_dark_T4a_mid-1=414575.8125  sbar_dark_T4b_mid-1=275707.8438  sbar_dark_T4c_mid-1=192813.5625  sbar_dark_T4d_mid-1=226366.3906  sbar_dark_T5a_mid-1=1319287.1250  sbar_dark_T5b_mid-1=1329382.2500  sbar_dark_T5c_mid-1=1219028.7500  sbar_dark_T5d_mid-1=1389279.2500  sbar_dark_T4a_mid-2=180934.2031  sbar_dark_T4b_mid-2=169724.6875  sbar_dark_T4c_mid-2=171865.5156  sbar_dark_T4d_mid-2=165276.4219  sbar_dark_T5b_mid-2=828168.5000  sbar_dark_T5c_mid-2=618658.5625  sbar_dark_T5d_mid-2=729975.6875  sbar_dark_T5a_mid-2=714149.4375  sbar_dark_T4a_mid-1.5=40539.6719  sbar_dark_T4b_mid-1.5=73278.9453  sbar_dark_T4c_mid-1.5=77459.1016  sbar_dark_T4d_mid-1.5=23064.0371  sbar_dark_T5a_mid-1.5=242850.3906  sbar_dark_T5b_mid-1.5=292076.0938  sbar_dark_T5c_mid-1.5=239087.3594  sbar_dark_T5d_mid-1.5=237421.3281  sbar_dark_T4a_mid-0.5=62150.6523  sbar_dark_T4b_mid-0.5=87668.8984  sbar_dark_T4c_mid-0.5=118078.5703  sbar_dark_T4d_mid-0.5=60265.6250  sbar_dark_T5a_mid-0.5=503204.5938  sbar_dark_T5b_mid-0.5=676024.3750  sbar_dark_T5c_mid-0.5=432584.1875  sbar_dark_T5d_mid-0.5=550731.0625  sbar_dark_T4a_mid+0.5=28737.0547  sbar_dark_T4b_mid+0.5=74000.3047  sbar_dark_T4c_mid+0.5=28586.8438  sbar_dark_T4d_mid+0.5=83265.9922  sbar_dark_T5a_mid+0.5=84813.0469  sbar_dark_T5b_mid+0.5=89364.1562  sbar_dark_T5c_mid+0.5=59660.5078  sbar_dark_T5d_mid+0.5=67810.4531  sbar_dark_T4b_mid+1.5=13956.7129  sbar_dark_T4c_mid+1.5=21992.6914  sbar_dark_T4d_mid+1.5=13404.3877  sbar_dark_T5a_mid+1.5=51613.9375  sbar_dark_T5b_mid+1.5=62894.0586  sbar_dark_T5c_mid+1.5=57295.0859  sbar_dark_T5d_mid+1.5=47504.9258  sbar_dark_T4a_mid+1.5=24949.7441]:   47%|████▋     | 470/1000 [05:09<05:46,  1.53it/s] Cost: 367095.4062  [spread_bright_L5=1438166.3750  spread_bright_Mi1=1103110.0000  spread_bright_Tm3=1309843.1250  spread_bright_Mi4=1473460.6250  spread_dark_L1=906173.1875  spread_dark_L2=965653.8125  spread_dark_L3=862881.0000  spread_dark_L4=2852610.2500  spread_dark_Mi9=824863.9375  spread_dark_Tm1=1008327.6875  spread_dark_Tm2=1163872.2500  spread_dark_Tm4=1289706.7500  spread_dark_Tm9=1554637.8750  sbar_bright_T4a_mid+0=309330.7500  sbar_bright_T4b_mid+0=381743.5312  sbar_bright_T4c_mid+0=357947.4062  sbar_bright_T4d_mid+0=398046.6875  sbar_bright_T5a_mid+0=132206.4062  sbar_bright_T5b_mid+0=174013.8281  sbar_bright_T5c_mid+0=176224.9531  sbar_bright_T5d_mid+0=142408.3125  sbar_bright_T4a_mid+1=265902.0938  sbar_bright_T4b_mid+1=280423.3438  sbar_bright_T4c_mid+1=285270.2500  sbar_bright_T4d_mid+1=256237.9531  sbar_bright_T5a_mid+1=113684.5625  sbar_bright_T5b_mid+1=127577.4922  sbar_bright_T5c_mid+1=112619.8594  sbar_bright_T5d_mid+1=116402.3828  sbar_bright_T4a_mid+2=101101.3438  sbar_bright_T4b_mid+2=154582.9375  sbar_bright_T4c_mid+2=140222.9531  sbar_bright_T4d_mid+2=138267.3281  sbar_bright_T5a_mid+2=184016.9844  sbar_bright_T5b_mid+2=174244.6250  sbar_bright_T5c_mid+2=176241.6562  sbar_bright_T5d_mid+2=184953.8281  sbar_bright_T4a_mid-1=1669926.5000  sbar_bright_T4b_mid-1=1393233.7500  sbar_bright_T4c_mid-1=1605680.6250  sbar_bright_T4d_mid-1=1857285.2500  sbar_bright_T5a_mid-1=452290.5625  sbar_bright_T5b_mid-1=452393.2812  sbar_bright_T5c_mid-1=474056.8750  sbar_bright_T5d_mid-1=452663.3438  sbar_bright_T4a_mid-2=295407.9062  sbar_bright_T4b_mid-2=307778.8750  sbar_bright_T4c_mid-2=299174.6562  sbar_bright_T4d_mid-2=339556.3125  sbar_bright_T5b_mid-2=78908.0625  sbar_bright_T5c_mid-2=76216.0078  sbar_bright_T5d_mid-2=75339.2031  sbar_bright_T5a_mid-2=77194.2422  sbar_bright_T4a_mid-1.5=190490.5156  sbar_bright_T4b_mid-1.5=155444.3281  sbar_bright_T4c_mid-1.5=138015.6562  sbar_bright_T4d_mid-1.5=224637.0938  sbar_bright_T5a_mid-1.5=108723.7188  sbar_bright_T5b_mid-1.5=112130.3125  sbar_bright_T5c_mid-1.5=99559.3125  sbar_bright_T5d_mid-1.5=96223.9453  sbar_bright_T4a_mid-0.5=1003701.3750  sbar_bright_T4b_mid-0.5=1010301.6875  sbar_bright_T4c_mid-0.5=1094739.0000  sbar_bright_T4d_mid-0.5=1163681.3750  sbar_bright_T5a_mid-0.5=160225.6719  sbar_bright_T5b_mid-0.5=163267.0625  sbar_bright_T5c_mid-0.5=155034.4844  sbar_bright_T5d_mid-0.5=158055.8750  sbar_bright_T4a_mid+0.5=171333.2656  sbar_bright_T4b_mid+0.5=122804.4219  sbar_bright_T4c_mid+0.5=119892.9062  sbar_bright_T4d_mid+0.5=113736.1719  sbar_bright_T5a_mid+0.5=62453.6172  sbar_bright_T5b_mid+0.5=63236.7461  sbar_bright_T5c_mid+0.5=43889.0898  sbar_bright_T5d_mid+0.5=45087.9883  sbar_bright_T4b_mid+1.5=79019.0078  sbar_bright_T4c_mid+1.5=98796.4062  sbar_bright_T4d_mid+1.5=58228.0625  sbar_bright_T5a_mid+1.5=43292.3008  sbar_bright_T5b_mid+1.5=47568.1406  sbar_bright_T5c_mid+1.5=40968.7148  sbar_bright_T5d_mid+1.5=36160.0781  sbar_bright_T4a_mid+1.5=88916.4062  sbar_dark_T4a_mid+0=93404.6406  sbar_dark_T4b_mid+0=86309.7344  sbar_dark_T4c_mid+0=110242.2812  sbar_dark_T4d_mid+0=101612.1484  sbar_dark_T5a_mid+0=396305.6562  sbar_dark_T5b_mid+0=338732.9688  sbar_dark_T5c_mid+0=323043.5625  sbar_dark_T5d_mid+0=373673.7188  sbar_dark_T4a_mid+1=124728.3125  sbar_dark_T4b_mid+1=66634.4766  sbar_dark_T4c_mid+1=60673.7305  sbar_dark_T4d_mid+1=87196.2891  sbar_dark_T5a_mid+1=260575.6719  sbar_dark_T5b_mid+1=214837.1875  sbar_dark_T5c_mid+1=251186.4375  sbar_dark_T5d_mid+1=165267.9688  sbar_dark_T4a_mid+2=101488.4766  sbar_dark_T4b_mid+2=115770.0078  sbar_dark_T4c_mid+2=113217.4531  sbar_dark_T4d_mid+2=92385.7266  sbar_dark_T5a_mid+2=214801.4844  sbar_dark_T5b_mid+2=230996.6250  sbar_dark_T5c_mid+2=210109.5781  sbar_dark_T5d_mid+2=216631.1562  sbar_dark_T4a_mid-1=406499.3125  sbar_dark_T4b_mid-1=267230.5312  sbar_dark_T4c_mid-1=188977.3438  sbar_dark_T4d_mid-1=228682.3438  sbar_dark_T5a_mid-1=1319452.5000  sbar_dark_T5b_mid-1=1328574.8750  sbar_dark_T5c_mid-1=1224876.6250  sbar_dark_T5d_mid-1=1390588.6250  sbar_dark_T4a_mid-2=172704.7969  sbar_dark_T4b_mid-2=166635.3281  sbar_dark_T4c_mid-2=171985.9531  sbar_dark_T4d_mid-2=162555.0938  sbar_dark_T5b_mid-2=829236.5000  sbar_dark_T5c_mid-2=622997.3125  sbar_dark_T5d_mid-2=732619.6875  sbar_dark_T5a_mid-2=715611.0000  sbar_dark_T4a_mid-1.5=39164.5039  sbar_dark_T4b_mid-1.5=71753.1484  sbar_dark_T4c_mid-1.5=76725.2656  sbar_dark_T4d_mid-1.5=23916.5078  sbar_dark_T5a_mid-1.5=244943.7656  sbar_dark_T5b_mid-1.5=294620.9375  sbar_dark_T5c_mid-1.5=240907.5469  sbar_dark_T5d_mid-1.5=237697.0469  sbar_dark_T4a_mid-0.5=60472.2031  sbar_dark_T4b_mid-0.5=87549.1641  sbar_dark_T4c_mid-0.5=119605.0156  sbar_dark_T4d_mid-0.5=60252.8477  sbar_dark_T5a_mid-0.5=507207.2500  sbar_dark_T5b_mid-0.5=677673.7500  sbar_dark_T5c_mid-0.5=438125.0000  sbar_dark_T5d_mid-0.5=557114.8750  sbar_dark_T4a_mid+0.5=28703.3379  sbar_dark_T4b_mid+0.5=74087.6875  sbar_dark_T4c_mid+0.5=28903.8359  sbar_dark_T4d_mid+0.5=83106.0078  sbar_dark_T5a_mid+0.5=84187.6172  sbar_dark_T5b_mid+0.5=89286.9062  sbar_dark_T5c_mid+0.5=59683.1875  sbar_dark_T5d_mid+0.5=65652.7344  sbar_dark_T4b_mid+1.5=12809.5781  sbar_dark_T4c_mid+1.5=20782.7949  sbar_dark_T4d_mid+1.5=12855.9443  sbar_dark_T5a_mid+1.5=52076.9531  sbar_dark_T5b_mid+1.5=63244.8711  sbar_dark_T5c_mid+1.5=57884.7148  sbar_dark_T5d_mid+1.5=47057.3242  sbar_dark_T4a_mid+1.5=23205.1934]:  48%|████▊     | 480/1000 [05:15<05:39,  1.53it/s] Cost: 366911.3750  [spread_bright_L5=1468650.8750  spread_bright_Mi1=1110192.0000  spread_bright_Tm3=1413010.3750  spread_bright_Mi4=1426108.2500  spread_dark_L1=911212.0625  spread_dark_L2=980044.5000  spread_dark_L3=864003.3750  spread_dark_L4=2760184.0000  spread_dark_Mi9=871372.5000  spread_dark_Tm1=974780.7500  spread_dark_Tm2=1145009.5000  spread_dark_Tm4=1267692.8750  spread_dark_Tm9=1669187.7500  sbar_bright_T4a_mid+0=297201.8125  sbar_bright_T4b_mid+0=352976.2500  sbar_bright_T4c_mid+0=334340.3438  sbar_bright_T4d_mid+0=377986.9062  sbar_bright_T5a_mid+0=141349.2031  sbar_bright_T5b_mid+0=188580.3750  sbar_bright_T5c_mid+0=188390.7812  sbar_bright_T5d_mid+0=149345.5938  sbar_bright_T4a_mid+1=274407.8125  sbar_bright_T4b_mid+1=284384.3750  sbar_bright_T4c_mid+1=301530.8438  sbar_bright_T4d_mid+1=268194.0938  sbar_bright_T5a_mid+1=120867.2266  sbar_bright_T5b_mid+1=132906.0938  sbar_bright_T5c_mid+1=117501.4922  sbar_bright_T5d_mid+1=116829.3672  sbar_bright_T4a_mid+2=116238.0078  sbar_bright_T4b_mid+2=181607.2500  sbar_bright_T4c_mid+2=162214.9531  sbar_bright_T4d_mid+2=155621.4531  sbar_bright_T5a_mid+2=176668.7500  sbar_bright_T5b_mid+2=171043.1562  sbar_bright_T5c_mid+2=170084.7969  sbar_bright_T5d_mid+2=178238.2031  sbar_bright_T4a_mid-1=1591521.0000  sbar_bright_T4b_mid-1=1316516.3750  sbar_bright_T4c_mid-1=1535500.0000  sbar_bright_T4d_mid-1=1797665.3750  sbar_bright_T5a_mid-1=466353.2500  sbar_bright_T5b_mid-1=463221.2812  sbar_bright_T5c_mid-1=486934.1250  sbar_bright_T5d_mid-1=462959.6250  sbar_bright_T4a_mid-2=272382.9062  sbar_bright_T4b_mid-2=284865.7188  sbar_bright_T4c_mid-2=278600.7188  sbar_bright_T4d_mid-2=323392.2188  sbar_bright_T5b_mid-2=77658.2422  sbar_bright_T5c_mid-2=80269.9219  sbar_bright_T5d_mid-2=77446.8750  sbar_bright_T5a_mid-2=80350.5625  sbar_bright_T4a_mid-1.5=180849.7812  sbar_bright_T4b_mid-1.5=146604.5000  sbar_bright_T4c_mid-1.5=132156.3594  sbar_bright_T4d_mid-1.5=217278.3125  sbar_bright_T5a_mid-1.5=106968.7969  sbar_bright_T5b_mid-1.5=110326.9297  sbar_bright_T5c_mid-1.5=98238.6406  sbar_bright_T5d_mid-1.5=94901.2969  sbar_bright_T4a_mid-0.5=955589.7500  sbar_bright_T4b_mid-0.5=967912.8750  sbar_bright_T4c_mid-0.5=1052409.2500  sbar_bright_T4d_mid-0.5=1134785.6250  sbar_bright_T5a_mid-0.5=162205.5000  sbar_bright_T5b_mid-0.5=162621.2500  sbar_bright_T5c_mid-0.5=158349.7031  sbar_bright_T5d_mid-0.5=158057.1094  sbar_bright_T4a_mid+0.5=161325.5000  sbar_bright_T4b_mid+0.5=110824.5781  sbar_bright_T4c_mid+0.5=112286.1953  sbar_bright_T4d_mid+0.5=105026.4375  sbar_bright_T5a_mid+0.5=65497.7070  sbar_bright_T5b_mid+0.5=66471.2812  sbar_bright_T5c_mid+0.5=45054.5586  sbar_bright_T5d_mid+0.5=45693.9297  sbar_bright_T4b_mid+1.5=88187.7422  sbar_bright_T4c_mid+1.5=113259.6719  sbar_bright_T4d_mid+1.5=63615.6758  sbar_bright_T5a_mid+1.5=42173.9688  sbar_bright_T5b_mid+1.5=48032.3125  sbar_bright_T5c_mid+1.5=41550.9023  sbar_bright_T5d_mid+1.5=37193.4766  sbar_bright_T4a_mid+1.5=101721.1094  sbar_dark_T4a_mid+0=107389.8281  sbar_dark_T4b_mid+0=103460.6875  sbar_dark_T4c_mid+0=116641.3281  sbar_dark_T4d_mid+0=108937.1875  sbar_dark_T5a_mid+0=466278.0312  sbar_dark_T5b_mid+0=391215.8750  sbar_dark_T5c_mid+0=365248.5938  sbar_dark_T5d_mid+0=411888.0625  sbar_dark_T4a_mid+1=128344.0938  sbar_dark_T4b_mid+1=83450.8438  sbar_dark_T4c_mid+1=69580.2266  sbar_dark_T4d_mid+1=94239.6172  sbar_dark_T5a_mid+1=289388.6250  sbar_dark_T5b_mid+1=221214.8594  sbar_dark_T5c_mid+1=274556.0312  sbar_dark_T5d_mid+1=171522.0000  sbar_dark_T4a_mid+2=120083.7109  sbar_dark_T4b_mid+2=129618.6172  sbar_dark_T4c_mid+2=133681.5156  sbar_dark_T4d_mid+2=114951.8047  sbar_dark_T5a_mid+2=204071.1875  sbar_dark_T5b_mid+2=227282.5469  sbar_dark_T5c_mid+2=207155.8594  sbar_dark_T5d_mid+2=211738.0000  sbar_dark_T4a_mid-1=448833.6875  sbar_dark_T4b_mid-1=290579.2812  sbar_dark_T4c_mid-1=207254.6094  sbar_dark_T4d_mid-1=249065.8750  sbar_dark_T5a_mid-1=1260462.2500  sbar_dark_T5b_mid-1=1287845.0000  sbar_dark_T5c_mid-1=1180023.2500  sbar_dark_T5d_mid-1=1348349.0000  sbar_dark_T4a_mid-2=196983.1719  sbar_dark_T4b_mid-2=190865.0469  sbar_dark_T4c_mid-2=191726.9688  sbar_dark_T4d_mid-2=184574.8125  sbar_dark_T5b_mid-2=808568.1250  sbar_dark_T5c_mid-2=603837.8125  sbar_dark_T5d_mid-2=715362.4375  sbar_dark_T5a_mid-2=690513.3750  sbar_dark_T4a_mid-1.5=44384.9688  sbar_dark_T4b_mid-1.5=80079.1562  sbar_dark_T4c_mid-1.5=82517.6172  sbar_dark_T4d_mid-1.5=25355.1602  sbar_dark_T5a_mid-1.5=235827.2500  sbar_dark_T5b_mid-1.5=286519.9375  sbar_dark_T5c_mid-1.5=236816.6094  sbar_dark_T5d_mid-1.5=231822.7969  sbar_dark_T4a_mid-0.5=61320.9258  sbar_dark_T4b_mid-0.5=95372.1797  sbar_dark_T4c_mid-0.5=122503.3203  sbar_dark_T4d_mid-0.5=65457.0352  sbar_dark_T5a_mid-0.5=475501.6562  sbar_dark_T5b_mid-0.5=657008.9375  sbar_dark_T5c_mid-0.5=416157.3125  sbar_dark_T5d_mid-0.5=531736.8750  sbar_dark_T4a_mid+0.5=31536.3320  sbar_dark_T4b_mid+0.5=74842.0391  sbar_dark_T4c_mid+0.5=32062.3223  sbar_dark_T4d_mid+0.5=85601.7500  sbar_dark_T5a_mid+0.5=80229.3594  sbar_dark_T5b_mid+0.5=85875.7500  sbar_dark_T5c_mid+0.5=56208.6445  sbar_dark_T5d_mid+0.5=66175.5781  sbar_dark_T4b_mid+1.5=17442.4434  sbar_dark_T4c_mid+1.5=27813.8867  sbar_dark_T4d_mid+1.5=15744.4150  sbar_dark_T5a_mid+1.5=56008.5820  sbar_dark_T5b_mid+1.5=69302.0078  sbar_dark_T5c_mid+1.5=64253.0078  sbar_dark_T5d_mid+1.5=52414.6250  sbar_dark_T4a_mid+1.5=31663.0742]:  49%|████▉     | 490/1000 [05:22<05:32,  1.53it/s] Cost: 370244.3125  [spread_bright_L5=1418114.2500  spread_bright_Mi1=1105252.0000  spread_bright_Tm3=1399928.8750  spread_bright_Mi4=1460358.7500  spread_dark_L1=881323.3125  spread_dark_L2=971627.1250  spread_dark_L3=910488.4375  spread_dark_L4=2948773.5000  spread_dark_Mi9=860039.9375  spread_dark_Tm1=910372.6250  spread_dark_Tm2=1157309.0000  spread_dark_Tm4=1264427.6250  spread_dark_Tm9=1681145.0000  sbar_bright_T4a_mid+0=310254.7500  sbar_bright_T4b_mid+0=361431.8750  sbar_bright_T4c_mid+0=335897.9375  sbar_bright_T4d_mid+0=377477.4062  sbar_bright_T5a_mid+0=130921.4609  sbar_bright_T5b_mid+0=175534.6719  sbar_bright_T5c_mid+0=177945.8750  sbar_bright_T5d_mid+0=143252.3906  sbar_bright_T4a_mid+1=273217.6875  sbar_bright_T4b_mid+1=282263.8438  sbar_bright_T4c_mid+1=297737.4375  sbar_bright_T4d_mid+1=274682.7500  sbar_bright_T5a_mid+1=109860.2422  sbar_bright_T5b_mid+1=124048.6641  sbar_bright_T5c_mid+1=110295.7188  sbar_bright_T5d_mid+1=111845.1641  sbar_bright_T4a_mid+2=110746.2422  sbar_bright_T4b_mid+2=172433.2812  sbar_bright_T4c_mid+2=158098.7500  sbar_bright_T4d_mid+2=150318.9375  sbar_bright_T5a_mid+2=185924.1719  sbar_bright_T5b_mid+2=171174.0312  sbar_bright_T5c_mid+2=169194.2188  sbar_bright_T5d_mid+2=178944.0156  sbar_bright_T4a_mid-1=1641375.6250  sbar_bright_T4b_mid-1=1354522.6250  sbar_bright_T4c_mid-1=1578468.8750  sbar_bright_T4d_mid-1=1838129.0000  sbar_bright_T5a_mid-1=428719.5625  sbar_bright_T5b_mid-1=435735.5000  sbar_bright_T5c_mid-1=456983.2500  sbar_bright_T5d_mid-1=439423.9688  sbar_bright_T4a_mid-2=306409.9375  sbar_bright_T4b_mid-2=301476.9688  sbar_bright_T4c_mid-2=300805.7188  sbar_bright_T4d_mid-2=351053.5625  sbar_bright_T5b_mid-2=79228.6484  sbar_bright_T5c_mid-2=72941.9609  sbar_bright_T5d_mid-2=73849.7969  sbar_bright_T5a_mid-2=77897.3047  sbar_bright_T4a_mid-1.5=193968.5312  sbar_bright_T4b_mid-1.5=160520.4219  sbar_bright_T4c_mid-1.5=145697.0469  sbar_bright_T4d_mid-1.5=227660.2344  sbar_bright_T5a_mid-1.5=103751.8125  sbar_bright_T5b_mid-1.5=106199.4766  sbar_bright_T5c_mid-1.5=91262.5938  sbar_bright_T5d_mid-1.5=88860.4219  sbar_bright_T4a_mid-0.5=967771.3750  sbar_bright_T4b_mid-0.5=1004007.2500  sbar_bright_T4c_mid-0.5=1066175.6250  sbar_bright_T4d_mid-0.5=1143176.6250  sbar_bright_T5a_mid-0.5=151536.8906  sbar_bright_T5b_mid-0.5=155986.3125  sbar_bright_T5c_mid-0.5=147798.1094  sbar_bright_T5d_mid-0.5=148553.5781  sbar_bright_T4a_mid+0.5=167313.2969  sbar_bright_T4b_mid+0.5=117806.0469  sbar_bright_T4c_mid+0.5=118192.0625  sbar_bright_T4d_mid+0.5=112070.7656  sbar_bright_T5a_mid+0.5=57132.9141  sbar_bright_T5b_mid+0.5=59795.6172  sbar_bright_T5c_mid+0.5=41989.5078  sbar_bright_T5d_mid+0.5=40868.9961  sbar_bright_T4b_mid+1.5=82994.9375  sbar_bright_T4c_mid+1.5=107420.2266  sbar_bright_T4d_mid+1.5=61916.6289  sbar_bright_T5a_mid+1.5=40833.1367  sbar_bright_T5b_mid+1.5=45993.4336  sbar_bright_T5c_mid+1.5=38451.0195  sbar_bright_T5d_mid+1.5=35517.0938  sbar_bright_T4a_mid+1.5=97795.2578  sbar_dark_T4a_mid+0=99011.5547  sbar_dark_T4b_mid+0=98674.8516  sbar_dark_T4c_mid+0=107358.6250  sbar_dark_T4d_mid+0=102802.7656  sbar_dark_T5a_mid+0=278705.4375  sbar_dark_T5b_mid+0=304826.8750  sbar_dark_T5c_mid+0=312368.7188  sbar_dark_T5d_mid+0=364017.1562  sbar_dark_T4a_mid+1=112921.0625  sbar_dark_T4b_mid+1=67280.4141  sbar_dark_T4c_mid+1=57171.7578  sbar_dark_T4d_mid+1=83389.5859  sbar_dark_T5a_mid+1=216206.3906  sbar_dark_T5b_mid+1=221320.7344  sbar_dark_T5c_mid+1=247352.4844  sbar_dark_T5d_mid+1=168596.6094  sbar_dark_T4a_mid+2=96279.1406  sbar_dark_T4b_mid+2=122599.4922  sbar_dark_T4c_mid+2=112151.6719  sbar_dark_T4d_mid+2=99384.9141  sbar_dark_T5a_mid+2=244676.4375  sbar_dark_T5b_mid+2=249514.7344  sbar_dark_T5c_mid+2=226666.5156  sbar_dark_T5d_mid+2=230370.4375  sbar_dark_T4a_mid-1=405652.0625  sbar_dark_T4b_mid-1=232021.1250  sbar_dark_T4c_mid-1=184412.7656  sbar_dark_T4d_mid-1=230393.2812  sbar_dark_T5a_mid-1=1462752.3750  sbar_dark_T5b_mid-1=1386342.0000  sbar_dark_T5c_mid-1=1261887.2500  sbar_dark_T5d_mid-1=1450679.3750  sbar_dark_T4a_mid-2=156385.7031  sbar_dark_T4b_mid-2=160557.9062  sbar_dark_T4c_mid-2=168564.3281  sbar_dark_T4d_mid-2=136041.2969  sbar_dark_T5b_mid-2=885708.9375  sbar_dark_T5c_mid-2=683859.8125  sbar_dark_T5d_mid-2=790105.1250  sbar_dark_T5a_mid-2=802797.8125  sbar_dark_T4a_mid-1.5=39586.8047  sbar_dark_T4b_mid-1.5=64213.3242  sbar_dark_T4c_mid-1.5=68226.2344  sbar_dark_T4d_mid-1.5=23791.7383  sbar_dark_T5a_mid-1.5=272329.1875  sbar_dark_T5b_mid-1.5=309840.5938  sbar_dark_T5c_mid-1.5=267546.1562  sbar_dark_T5d_mid-1.5=252996.3438  sbar_dark_T4a_mid-0.5=54181.4766  sbar_dark_T4b_mid-0.5=82201.5469  sbar_dark_T4c_mid-0.5=120026.0234  sbar_dark_T4d_mid-0.5=61826.3594  sbar_dark_T5a_mid-0.5=570924.8750  sbar_dark_T5b_mid-0.5=688402.1250  sbar_dark_T5c_mid-0.5=458108.4062  sbar_dark_T5d_mid-0.5=580528.5625  sbar_dark_T4a_mid+0.5=37564.6055  sbar_dark_T4b_mid+0.5=70135.4453  sbar_dark_T4c_mid+0.5=31351.4180  sbar_dark_T4d_mid+0.5=79593.1719  sbar_dark_T5a_mid+0.5=94306.4688  sbar_dark_T5b_mid+0.5=98985.6250  sbar_dark_T5c_mid+0.5=61671.0625  sbar_dark_T5d_mid+0.5=65788.1016  sbar_dark_T4b_mid+1.5=14799.3721  sbar_dark_T4c_mid+1.5=23371.8418  sbar_dark_T4d_mid+1.5=13317.1328  sbar_dark_T5a_mid+1.5=55162.3594  sbar_dark_T5b_mid+1.5=69272.5703  sbar_dark_T5c_mid+1.5=66378.8828  sbar_dark_T5d_mid+1.5=53969.9609  sbar_dark_T4a_mid+1.5=27454.6758]:      50%|█████     | 500/1000 [05:28<05:26,  1.53it/s] Cost: 364966.0000  [spread_bright_L5=1402121.6250  spread_bright_Mi1=1057416.7500  spread_bright_Tm3=1286490.8750  spread_bright_Mi4=1376714.8750  spread_dark_L1=897229.1875  spread_dark_L2=977197.7500  spread_dark_L3=919879.0625  spread_dark_L4=2831463.7500  spread_dark_Mi9=874338.0000  spread_dark_Tm1=874450.9375  spread_dark_Tm2=1111059.6250  spread_dark_Tm4=1244215.3750  spread_dark_Tm9=1623501.6250  sbar_bright_T4a_mid+0=307911.3125  sbar_bright_T4b_mid+0=366122.1250  sbar_bright_T4c_mid+0=349525.6562  sbar_bright_T4d_mid+0=383279.7812  sbar_bright_T5a_mid+0=137101.5312  sbar_bright_T5b_mid+0=187439.2656  sbar_bright_T5c_mid+0=184589.4375  sbar_bright_T5d_mid+0=152374.2500  sbar_bright_T4a_mid+1=269156.2500  sbar_bright_T4b_mid+1=274369.6875  sbar_bright_T4c_mid+1=284033.2188  sbar_bright_T4d_mid+1=257571.7500  sbar_bright_T5a_mid+1=116112.8516  sbar_bright_T5b_mid+1=132361.7656  sbar_bright_T5c_mid+1=114611.6250  sbar_bright_T5d_mid+1=116245.8438  sbar_bright_T4a_mid+2=105281.0547  sbar_bright_T4b_mid+2=153997.7344  sbar_bright_T4c_mid+2=140326.3594  sbar_bright_T4d_mid+2=137200.9375  sbar_bright_T5a_mid+2=188019.0469  sbar_bright_T5b_mid+2=176125.4219  sbar_bright_T5c_mid+2=174501.5156  sbar_bright_T5d_mid+2=183034.7031  sbar_bright_T4a_mid-1=1659053.7500  sbar_bright_T4b_mid-1=1345329.8750  sbar_bright_T4c_mid-1=1596449.6250  sbar_bright_T4d_mid-1=1839050.0000  sbar_bright_T5a_mid-1=446856.0312  sbar_bright_T5b_mid-1=460910.9688  sbar_bright_T5c_mid-1=476315.3125  sbar_bright_T5d_mid-1=453296.8125  sbar_bright_T4a_mid-2=296530.8750  sbar_bright_T4b_mid-2=295820.4375  sbar_bright_T4c_mid-2=299987.3125  sbar_bright_T4d_mid-2=337066.2812  sbar_bright_T5b_mid-2=80153.9219  sbar_bright_T5c_mid-2=77329.4297  sbar_bright_T5d_mid-2=77997.0781  sbar_bright_T5a_mid-2=80066.9609  sbar_bright_T4a_mid-1.5=188101.3750  sbar_bright_T4b_mid-1.5=153968.5469  sbar_bright_T4c_mid-1.5=138604.9531  sbar_bright_T4d_mid-1.5=225363.7969  sbar_bright_T5a_mid-1.5=107695.9922  sbar_bright_T5b_mid-1.5=110002.0859  sbar_bright_T5c_mid-1.5=97215.7969  sbar_bright_T5d_mid-1.5=93610.6562  sbar_bright_T4a_mid-0.5=986010.2500  sbar_bright_T4b_mid-0.5=1002622.3750  sbar_bright_T4c_mid-0.5=1078653.0000  sbar_bright_T4d_mid-0.5=1153881.5000  sbar_bright_T5a_mid-0.5=155048.4688  sbar_bright_T5b_mid-0.5=158726.0312  sbar_bright_T5c_mid-0.5=155520.9688  sbar_bright_T5d_mid-0.5=151858.3750  sbar_bright_T4a_mid+0.5=172535.0625  sbar_bright_T4b_mid+0.5=120145.1797  sbar_bright_T4c_mid+0.5=114686.7891  sbar_bright_T4d_mid+0.5=112748.9062  sbar_bright_T5a_mid+0.5=61649.4062  sbar_bright_T5b_mid+0.5=65259.4727  sbar_bright_T5c_mid+0.5=43268.8164  sbar_bright_T5d_mid+0.5=43431.3594  sbar_bright_T4b_mid+1.5=80591.1172  sbar_bright_T4c_mid+1.5=101806.7109  sbar_bright_T4d_mid+1.5=60236.1797  sbar_bright_T5a_mid+1.5=41946.8828  sbar_bright_T5b_mid+1.5=49115.9141  sbar_bright_T5c_mid+1.5=41350.9961  sbar_bright_T5d_mid+1.5=37221.8477  sbar_bright_T4a_mid+1.5=90598.5234  sbar_dark_T4a_mid+0=90427.8281  sbar_dark_T4b_mid+0=89706.0391  sbar_dark_T4c_mid+0=105576.4453  sbar_dark_T4d_mid+0=96405.7344  sbar_dark_T5a_mid+0=289829.8438  sbar_dark_T5b_mid+0=347718.2500  sbar_dark_T5c_mid+0=327442.5938  sbar_dark_T5d_mid+0=381969.0625  sbar_dark_T4a_mid+1=114444.3750  sbar_dark_T4b_mid+1=71560.3594  sbar_dark_T4c_mid+1=64588.4844  sbar_dark_T4d_mid+1=86316.0234  sbar_dark_T5a_mid+1=229763.1406  sbar_dark_T5b_mid+1=213871.5156  sbar_dark_T5c_mid+1=253906.0781  sbar_dark_T5d_mid+1=163905.8594  sbar_dark_T4a_mid+2=104175.0078  sbar_dark_T4b_mid+2=115759.0391  sbar_dark_T4c_mid+2=117579.9297  sbar_dark_T4d_mid+2=99121.9844  sbar_dark_T5a_mid+2=219157.6250  sbar_dark_T5b_mid+2=227979.4531  sbar_dark_T5c_mid+2=207093.1406  sbar_dark_T5d_mid+2=211653.6562  sbar_dark_T4a_mid-1=405287.5625  sbar_dark_T4b_mid-1=258915.4375  sbar_dark_T4c_mid-1=190035.8750  sbar_dark_T4d_mid-1=240973.3281  sbar_dark_T5a_mid-1=1393740.8750  sbar_dark_T5b_mid-1=1320568.1250  sbar_dark_T5c_mid-1=1212935.7500  sbar_dark_T5d_mid-1=1408092.7500  sbar_dark_T4a_mid-2=168024.0625  sbar_dark_T4b_mid-2=170821.1094  sbar_dark_T4c_mid-2=169473.8906  sbar_dark_T4d_mid-2=159212.6250  sbar_dark_T5b_mid-2=844853.2500  sbar_dark_T5c_mid-2=642769.3125  sbar_dark_T5d_mid-2=758272.0000  sbar_dark_T5a_mid-2=772187.5625  sbar_dark_T4a_mid-1.5=40616.8164  sbar_dark_T4b_mid-1.5=70411.2891  sbar_dark_T4c_mid-1.5=73380.3594  sbar_dark_T4d_mid-1.5=24280.0723  sbar_dark_T5a_mid-1.5=257585.3750  sbar_dark_T5b_mid-1.5=296062.4688  sbar_dark_T5c_mid-1.5=249664.1719  sbar_dark_T5d_mid-1.5=239072.3438  sbar_dark_T4a_mid-0.5=54204.8203  sbar_dark_T4b_mid-0.5=86702.5234  sbar_dark_T4c_mid-0.5=115392.9688  sbar_dark_T4d_mid-0.5=63370.5078  sbar_dark_T5a_mid-0.5=538449.7500  sbar_dark_T5b_mid-0.5=665589.5625  sbar_dark_T5c_mid-0.5=419875.1250  sbar_dark_T5d_mid-0.5=559395.1875  sbar_dark_T4a_mid+0.5=32276.8770  sbar_dark_T4b_mid+0.5=68871.9609  sbar_dark_T4c_mid+0.5=29468.8398  sbar_dark_T4d_mid+0.5=78192.1172  sbar_dark_T5a_mid+0.5=87050.4688  sbar_dark_T5b_mid+0.5=90109.2422  sbar_dark_T5c_mid+0.5=58071.4844  sbar_dark_T5d_mid+0.5=64017.1641  sbar_dark_T4b_mid+1.5=14544.3438  sbar_dark_T4c_mid+1.5=23572.7227  sbar_dark_T4d_mid+1.5=14394.0488  sbar_dark_T5a_mid+1.5=50933.8438  sbar_dark_T5b_mid+1.5=67166.6094  sbar_dark_T5c_mid+1.5=61526.3477  sbar_dark_T5d_mid+1.5=49589.4844  sbar_dark_T4a_mid+1.5=26649.2871]:  51%|█████     | 510/1000 [05:35<05:22,  1.52it/s] Cost: 370452.9375  [spread_bright_L5=1429231.0000  spread_bright_Mi1=1074621.0000  spread_bright_Tm3=1125207.1250  spread_bright_Mi4=1551015.6250  spread_dark_L1=901738.0625  spread_dark_L2=1003706.7500  spread_dark_L3=911570.3750  spread_dark_L4=2961221.7500  spread_dark_Mi9=773659.0000  spread_dark_Tm1=949389.3125  spread_dark_Tm2=1145530.7500  spread_dark_Tm4=1276571.1250  spread_dark_Tm9=1375310.0000  sbar_bright_T4a_mid+0=326021.8438  sbar_bright_T4b_mid+0=403197.4688  sbar_bright_T4c_mid+0=391597.0625  sbar_bright_T4d_mid+0=398168.0312  sbar_bright_T5a_mid+0=127833.0391  sbar_bright_T5b_mid+0=157245.6094  sbar_bright_T5c_mid+0=152940.9844  sbar_bright_T5d_mid+0=137374.9062  sbar_bright_T4a_mid+1=250379.8438  sbar_bright_T4b_mid+1=258850.2969  sbar_bright_T4c_mid+1=251542.7656  sbar_bright_T4d_mid+1=237935.1406  sbar_bright_T5a_mid+1=114655.8125  sbar_bright_T5b_mid+1=129137.5859  sbar_bright_T5c_mid+1=115159.3516  sbar_bright_T5d_mid+1=122579.8906  sbar_bright_T4a_mid+2=79103.4219  sbar_bright_T4b_mid+2=112311.9922  sbar_bright_T4c_mid+2=100884.5469  sbar_bright_T4d_mid+2=104335.9844  sbar_bright_T5a_mid+2=218159.5938  sbar_bright_T5b_mid+2=202811.8594  sbar_bright_T5c_mid+2=210593.9844  sbar_bright_T5d_mid+2=215516.4531  sbar_bright_T4a_mid-1=1758949.2500  sbar_bright_T4b_mid-1=1452575.3750  sbar_bright_T4c_mid-1=1696469.6250  sbar_bright_T4d_mid-1=1909930.6250  sbar_bright_T5a_mid-1=431362.5000  sbar_bright_T5b_mid-1=431113.9062  sbar_bright_T5c_mid-1=442392.4688  sbar_bright_T5d_mid-1=434654.4375  sbar_bright_T4a_mid-2=332156.9688  sbar_bright_T4b_mid-2=330480.8438  sbar_bright_T4c_mid-2=334351.3438  sbar_bright_T4d_mid-2=358976.5000  sbar_bright_T5b_mid-2=90191.0859  sbar_bright_T5c_mid-2=77144.0469  sbar_bright_T5d_mid-2=80431.7109  sbar_bright_T5a_mid-2=83955.5000  sbar_bright_T4a_mid-1.5=198043.6094  sbar_bright_T4b_mid-1.5=166226.4219  sbar_bright_T4c_mid-1.5=149353.6719  sbar_bright_T4d_mid-1.5=232093.9375  sbar_bright_T5a_mid-1.5=113944.4609  sbar_bright_T5b_mid-1.5=116243.9062  sbar_bright_T5c_mid-1.5=104560.0000  sbar_bright_T5d_mid-1.5=99824.2344  sbar_bright_T4a_mid-0.5=1043520.3125  sbar_bright_T4b_mid-0.5=1041463.5000  sbar_bright_T4c_mid-0.5=1135011.0000  sbar_bright_T4d_mid-0.5=1180508.5000  sbar_bright_T5a_mid-0.5=154238.7031  sbar_bright_T5b_mid-0.5=162907.8125  sbar_bright_T5c_mid-0.5=146391.4062  sbar_bright_T5d_mid-0.5=155301.7812  sbar_bright_T4a_mid+0.5=190747.5156  sbar_bright_T4b_mid+0.5=131040.1328  sbar_bright_T4c_mid+0.5=126415.5391  sbar_bright_T4d_mid+0.5=126673.4062  sbar_bright_T5a_mid+0.5=58529.9258  sbar_bright_T5b_mid+0.5=58545.5898  sbar_bright_T5c_mid+0.5=42792.3320  sbar_bright_T5d_mid+0.5=43273.9023  sbar_bright_T4b_mid+1.5=65057.2188  sbar_bright_T4c_mid+1.5=82304.0000  sbar_bright_T4d_mid+1.5=50858.2461  sbar_bright_T5a_mid+1.5=49603.1211  sbar_bright_T5b_mid+1.5=50831.0234  sbar_bright_T5c_mid+1.5=44670.4141  sbar_bright_T5d_mid+1.5=39465.1172  sbar_bright_T4a_mid+1.5=68694.8594  sbar_dark_T4a_mid+0=62472.1719  sbar_dark_T4b_mid+0=60887.4688  sbar_dark_T4c_mid+0=94103.1641  sbar_dark_T4d_mid+0=87207.0703  sbar_dark_T5a_mid+0=255630.8750  sbar_dark_T5b_mid+0=225193.8438  sbar_dark_T5c_mid+0=223143.6875  sbar_dark_T5d_mid+0=275821.8438  sbar_dark_T4a_mid+1=113063.0312  sbar_dark_T4b_mid+1=48053.6875  sbar_dark_T4c_mid+1=52783.5430  sbar_dark_T4d_mid+1=85051.2344  sbar_dark_T5a_mid+1=199272.9531  sbar_dark_T5b_mid+1=204155.2656  sbar_dark_T5c_mid+1=199570.0000  sbar_dark_T5d_mid+1=158797.8906  sbar_dark_T4a_mid+2=72749.5703  sbar_dark_T4b_mid+2=92950.7578  sbar_dark_T4c_mid+2=86903.2578  sbar_dark_T4d_mid+2=59785.8711  sbar_dark_T5a_mid+2=251113.5156  sbar_dark_T5b_mid+2=255258.4531  sbar_dark_T5c_mid+2=233458.3750  sbar_dark_T5d_mid+2=242011.3281  sbar_dark_T4a_mid-1=334886.4062  sbar_dark_T4b_mid-1=231121.9531  sbar_dark_T4c_mid-1=166848.5156  sbar_dark_T4d_mid-1=221346.5469  sbar_dark_T5a_mid-1=1505467.5000  sbar_dark_T5b_mid-1=1456236.3750  sbar_dark_T5c_mid-1=1375414.5000  sbar_dark_T5d_mid-1=1556784.6250  sbar_dark_T4a_mid-2=133241.7500  sbar_dark_T4b_mid-2=137141.8906  sbar_dark_T4c_mid-2=133689.2812  sbar_dark_T4d_mid-2=125550.6016  sbar_dark_T5b_mid-2=933760.5625  sbar_dark_T5c_mid-2=752614.5000  sbar_dark_T5d_mid-2=847730.6875  sbar_dark_T5a_mid-2=834242.1875  sbar_dark_T4a_mid-1.5=33866.1367  sbar_dark_T4b_mid-1.5=57918.0039  sbar_dark_T4c_mid-1.5=61537.2188  sbar_dark_T4d_mid-1.5=22803.2070  sbar_dark_T5a_mid-1.5=276246.2188  sbar_dark_T5b_mid-1.5=315440.7812  sbar_dark_T5c_mid-1.5=274519.7188  sbar_dark_T5d_mid-1.5=260577.9219  sbar_dark_T4a_mid-0.5=59881.0586  sbar_dark_T4b_mid-0.5=77450.8516  sbar_dark_T4c_mid-0.5=115585.8750  sbar_dark_T4d_mid-0.5=54167.9570  sbar_dark_T5a_mid-0.5=577391.6250  sbar_dark_T5b_mid-0.5=716200.7500  sbar_dark_T5c_mid-0.5=495981.0625  sbar_dark_T5d_mid-0.5=620120.6250  sbar_dark_T4a_mid+0.5=31287.3281  sbar_dark_T4b_mid+0.5=72549.7109  sbar_dark_T4c_mid+0.5=23354.0371  sbar_dark_T4d_mid+0.5=84626.4688  sbar_dark_T5a_mid+0.5=98941.8281  sbar_dark_T5b_mid+0.5=98262.3281  sbar_dark_T5c_mid+0.5=71070.7734  sbar_dark_T5d_mid+0.5=64810.6094  sbar_dark_T4b_mid+1.5=8968.2930  sbar_dark_T4c_mid+1.5=15424.5400  sbar_dark_T4d_mid+1.5=10042.5322  sbar_dark_T5a_mid+1.5=47815.1953  sbar_dark_T5b_mid+1.5=53474.5312  sbar_dark_T5c_mid+1.5=48456.8945  sbar_dark_T5d_mid+1.5=38806.6875  sbar_dark_T4a_mid+1.5=16621.9160]:      52%|█████▏    | 520/1000 [05:41<05:16,  1.52it/s] Cost: 362690.6875  [spread_bright_L5=1426016.8750  spread_bright_Mi1=1027774.5625  spread_bright_Tm3=1223901.1250  spread_bright_Mi4=1363601.6250  spread_dark_L1=880915.5625  spread_dark_L2=993159.3125  spread_dark_L3=938175.3750  spread_dark_L4=2830036.5000  spread_dark_Mi9=820583.6250  spread_dark_Tm1=890860.9375  spread_dark_Tm2=1112594.5000  spread_dark_Tm4=1232055.6250  spread_dark_Tm9=1527298.1250  sbar_bright_T4a_mid+0=304674.3125  sbar_bright_T4b_mid+0=354348.4688  sbar_bright_T4c_mid+0=335519.3750  sbar_bright_T4d_mid+0=359041.9062  sbar_bright_T5a_mid+0=150254.7812  sbar_bright_T5b_mid+0=187520.2500  sbar_bright_T5c_mid+0=183931.9531  sbar_bright_T5d_mid+0=152841.0469  sbar_bright_T4a_mid+1=269142.4375  sbar_bright_T4b_mid+1=265602.7500  sbar_bright_T4c_mid+1=284372.7500  sbar_bright_T4d_mid+1=259617.7344  sbar_bright_T5a_mid+1=131784.5781  sbar_bright_T5b_mid+1=134199.0781  sbar_bright_T5c_mid+1=117391.2500  sbar_bright_T5d_mid+1=117920.3047  sbar_bright_T4a_mid+2=99646.8281  sbar_bright_T4b_mid+2=150977.8281  sbar_bright_T4c_mid+2=138886.2188  sbar_bright_T4d_mid+2=131982.6250  sbar_bright_T5a_mid+2=180837.2031  sbar_bright_T5b_mid+2=179500.7656  sbar_bright_T5c_mid+2=178052.1875  sbar_bright_T5d_mid+2=186955.9688  sbar_bright_T4a_mid-1=1615258.6250  sbar_bright_T4b_mid-1=1317604.7500  sbar_bright_T4c_mid-1=1564438.5000  sbar_bright_T4d_mid-1=1787754.0000  sbar_bright_T5a_mid-1=485458.2500  sbar_bright_T5b_mid-1=467952.0000  sbar_bright_T5c_mid-1=479566.4375  sbar_bright_T5d_mid-1=463961.9375  sbar_bright_T4a_mid-2=289753.1250  sbar_bright_T4b_mid-2=293127.2188  sbar_bright_T4c_mid-2=291530.1875  sbar_bright_T4d_mid-2=326024.0312  sbar_bright_T5b_mid-2=77824.9688  sbar_bright_T5c_mid-2=74679.5469  sbar_bright_T5d_mid-2=77844.2422  sbar_bright_T5a_mid-2=82459.6562  sbar_bright_T4a_mid-1.5=181343.6094  sbar_bright_T4b_mid-1.5=146580.7031  sbar_bright_T4c_mid-1.5=131034.2109  sbar_bright_T4d_mid-1.5=218341.2969  sbar_bright_T5a_mid-1.5=104460.1641  sbar_bright_T5b_mid-1.5=110157.6719  sbar_bright_T5c_mid-1.5=96586.3359  sbar_bright_T5d_mid-1.5=93816.3516  sbar_bright_T4a_mid-0.5=964841.8125  sbar_bright_T4b_mid-0.5=968790.6875  sbar_bright_T4c_mid-0.5=1069007.3750  sbar_bright_T4d_mid-0.5=1120886.3750  sbar_bright_T5a_mid-0.5=162071.8438  sbar_bright_T5b_mid-0.5=159754.9219  sbar_bright_T5c_mid-0.5=155861.1094  sbar_bright_T5d_mid-0.5=156291.2969  sbar_bright_T4a_mid+0.5=165701.0312  sbar_bright_T4b_mid+0.5=112722.5469  sbar_bright_T4c_mid+0.5=110975.0859  sbar_bright_T4d_mid+0.5=107898.2422  sbar_bright_T5a_mid+0.5=72349.7969  sbar_bright_T5b_mid+0.5=66092.8672  sbar_bright_T5c_mid+0.5=43563.4062  sbar_bright_T5d_mid+0.5=43177.0820  sbar_bright_T4b_mid+1.5=78438.1875  sbar_bright_T4c_mid+1.5=105777.5703  sbar_bright_T4d_mid+1.5=62731.4062  sbar_bright_T5a_mid+1.5=44891.4531  sbar_bright_T5b_mid+1.5=49291.8828  sbar_bright_T5c_mid+1.5=42324.5664  sbar_bright_T5d_mid+1.5=36844.6562  sbar_bright_T4a_mid+1.5=90581.8047  sbar_dark_T4a_mid+0=92965.6328  sbar_dark_T4b_mid+0=85797.8281  sbar_dark_T4c_mid+0=112799.8594  sbar_dark_T4d_mid+0=103098.3203  sbar_dark_T5a_mid+0=670948.5000  sbar_dark_T5b_mid+0=394169.7812  sbar_dark_T5c_mid+0=360035.0938  sbar_dark_T5d_mid+0=409497.3750  sbar_dark_T4a_mid+1=120949.1484  sbar_dark_T4b_mid+1=75814.4453  sbar_dark_T4c_mid+1=70318.6016  sbar_dark_T4d_mid+1=94820.7578  sbar_dark_T5a_mid+1=321669.8438  sbar_dark_T5b_mid+1=209799.8125  sbar_dark_T5c_mid+1=263772.5312  sbar_dark_T5d_mid+1=163753.9688  sbar_dark_T4a_mid+2=104259.2969  sbar_dark_T4b_mid+2=117598.2500  sbar_dark_T4c_mid+2=120056.1016  sbar_dark_T4d_mid+2=95339.3672  sbar_dark_T5a_mid+2=192452.7500  sbar_dark_T5b_mid+2=223934.2344  sbar_dark_T5c_mid+2=204920.5469  sbar_dark_T5d_mid+2=210953.2500  sbar_dark_T4a_mid-1=420309.3750  sbar_dark_T4b_mid-1=263064.9688  sbar_dark_T4c_mid-1=198379.0156  sbar_dark_T4d_mid-1=260384.5781  sbar_dark_T5a_mid-1=1195028.5000  sbar_dark_T5b_mid-1=1295896.2500  sbar_dark_T5c_mid-1=1196317.6250  sbar_dark_T5d_mid-1=1374344.1250  sbar_dark_T4a_mid-2=173800.3594  sbar_dark_T4b_mid-2=174033.2656  sbar_dark_T4c_mid-2=173668.3438  sbar_dark_T4d_mid-2=162858.5156  sbar_dark_T5b_mid-2=832478.5625  sbar_dark_T5c_mid-2=627698.3750  sbar_dark_T5d_mid-2=742730.5625  sbar_dark_T5a_mid-2=682135.8750  sbar_dark_T4a_mid-1.5=43554.1836  sbar_dark_T4b_mid-1.5=73887.9219  sbar_dark_T4c_mid-1.5=79319.1562  sbar_dark_T4d_mid-1.5=27004.6836  sbar_dark_T5a_mid-1.5=223528.7344  sbar_dark_T5b_mid-1.5=289292.3438  sbar_dark_T5c_mid-1.5=235289.0625  sbar_dark_T5d_mid-1.5=230915.8594  sbar_dark_T4a_mid-0.5=61864.7305  sbar_dark_T4b_mid-0.5=92717.8516  sbar_dark_T4c_mid-0.5=124144.5859  sbar_dark_T4d_mid-0.5=66933.6875  sbar_dark_T5a_mid-0.5=455496.8750  sbar_dark_T5b_mid-0.5=657071.1250  sbar_dark_T5c_mid-0.5=424128.4062  sbar_dark_T5d_mid-0.5=540352.4375  sbar_dark_T4a_mid+0.5=37196.3516  sbar_dark_T4b_mid+0.5=74864.3281  sbar_dark_T4c_mid+0.5=31314.0312  sbar_dark_T4d_mid+0.5=88706.0781  sbar_dark_T5a_mid+0.5=82669.1484  sbar_dark_T5b_mid+0.5=90881.9453  sbar_dark_T5c_mid+0.5=57587.8047  sbar_dark_T5d_mid+0.5=64752.4648  sbar_dark_T4b_mid+1.5=14392.4365  sbar_dark_T4c_mid+1.5=23567.0430  sbar_dark_T4d_mid+1.5=14719.9756  sbar_dark_T5a_mid+1.5=54847.7188  sbar_dark_T5b_mid+1.5=63549.1328  sbar_dark_T5c_mid+1.5=59192.2422  sbar_dark_T5d_mid+1.5=46657.8711  sbar_dark_T4a_mid+1.5=28795.6836]:  53%|█████▎    | 530/1000 [05:48<05:10,  1.52it/s] Cost: 368403.4062  [spread_bright_L5=1432169.1250  spread_bright_Mi1=1030575.6875  spread_bright_Tm3=1326593.8750  spread_bright_Mi4=1408572.7500  spread_dark_L1=898392.6875  spread_dark_L2=1006015.0000  spread_dark_L3=930673.5625  spread_dark_L4=2800848.2500  spread_dark_Mi9=1260174.8750  spread_dark_Tm1=901341.7500  spread_dark_Tm2=1113118.6250  spread_dark_Tm4=1190637.2500  spread_dark_Tm9=2026411.8750  sbar_bright_T4a_mid+0=296566.8125  sbar_bright_T4b_mid+0=323222.5312  sbar_bright_T4c_mid+0=322946.0938  sbar_bright_T4d_mid+0=373346.0000  sbar_bright_T5a_mid+0=152699.6562  sbar_bright_T5b_mid+0=203784.3281  sbar_bright_T5c_mid+0=192222.8125  sbar_bright_T5d_mid+0=158977.5625  sbar_bright_T4a_mid+1=280169.0625  sbar_bright_T4b_mid+1=283391.9375  sbar_bright_T4c_mid+1=300817.8438  sbar_bright_T4d_mid+1=271716.0938  sbar_bright_T5a_mid+1=132982.6875  sbar_bright_T5b_mid+1=142432.0000  sbar_bright_T5c_mid+1=125723.5781  sbar_bright_T5d_mid+1=123396.5469  sbar_bright_T4a_mid+2=128035.6562  sbar_bright_T4b_mid+2=196836.5156  sbar_bright_T4c_mid+2=165619.4219  sbar_bright_T4d_mid+2=163219.0312  sbar_bright_T5a_mid+2=184617.4688  sbar_bright_T5b_mid+2=179757.1406  sbar_bright_T5c_mid+2=180397.9375  sbar_bright_T5d_mid+2=185245.8594  sbar_bright_T4a_mid-1=1532071.7500  sbar_bright_T4b_mid-1=1210836.3750  sbar_bright_T4c_mid-1=1495335.1250  sbar_bright_T4d_mid-1=1749575.3750  sbar_bright_T5a_mid-1=472801.5625  sbar_bright_T5b_mid-1=467674.8438  sbar_bright_T5c_mid-1=482641.0000  sbar_bright_T5d_mid-1=469170.9688  sbar_bright_T4a_mid-2=258453.7656  sbar_bright_T4b_mid-2=260118.1094  sbar_bright_T4c_mid-2=270607.3125  sbar_bright_T4d_mid-2=315439.7188  sbar_bright_T5b_mid-2=78291.3672  sbar_bright_T5c_mid-2=78225.6875  sbar_bright_T5d_mid-2=77148.9922  sbar_bright_T5a_mid-2=80317.1953  sbar_bright_T4a_mid-1.5=168259.3438  sbar_bright_T4b_mid-1.5=140833.8594  sbar_bright_T4c_mid-1.5=125005.3672  sbar_bright_T4d_mid-1.5=213427.8438  sbar_bright_T5a_mid-1.5=104261.0781  sbar_bright_T5b_mid-1.5=108396.5469  sbar_bright_T5c_mid-1.5=94992.7188  sbar_bright_T5d_mid-1.5=93724.7422  sbar_bright_T4a_mid-0.5=906293.9375  sbar_bright_T4b_mid-0.5=920265.5000  sbar_bright_T4c_mid-0.5=1015938.9375  sbar_bright_T4d_mid-0.5=1098085.0000  sbar_bright_T5a_mid-0.5=162456.1719  sbar_bright_T5b_mid-0.5=160088.4062  sbar_bright_T5c_mid-0.5=157966.1875  sbar_bright_T5d_mid-0.5=156620.3750  sbar_bright_T4a_mid+0.5=156361.8125  sbar_bright_T4b_mid+0.5=101051.9609  sbar_bright_T4c_mid+0.5=105671.6719  sbar_bright_T4d_mid+0.5=98565.3516  sbar_bright_T5a_mid+0.5=70747.0234  sbar_bright_T5b_mid+0.5=68230.9141  sbar_bright_T5c_mid+0.5=47525.7344  sbar_bright_T5d_mid+0.5=46176.9375  sbar_bright_T4b_mid+1.5=93603.7734  sbar_bright_T4c_mid+1.5=121046.6641  sbar_bright_T4d_mid+1.5=66982.8047  sbar_bright_T5a_mid+1.5=44613.9375  sbar_bright_T5b_mid+1.5=48942.1641  sbar_bright_T5c_mid+1.5=43381.6367  sbar_bright_T5d_mid+1.5=40473.7695  sbar_bright_T4a_mid+1.5=108740.7031  sbar_dark_T4a_mid+0=111536.4453  sbar_dark_T4b_mid+0=114654.5469  sbar_dark_T4c_mid+0=110247.9688  sbar_dark_T4d_mid+0=101768.8906  sbar_dark_T5a_mid+0=441378.8438  sbar_dark_T5b_mid+0=347987.3438  sbar_dark_T5c_mid+0=333986.7812  sbar_dark_T5d_mid+0=372738.9375  sbar_dark_T4a_mid+1=120649.2500  sbar_dark_T4b_mid+1=98246.9609  sbar_dark_T4c_mid+1=75889.9531  sbar_dark_T4d_mid+1=90768.1641  sbar_dark_T5a_mid+1=288350.2500  sbar_dark_T5b_mid+1=219134.7812  sbar_dark_T5c_mid+1=268237.7500  sbar_dark_T5d_mid+1=171278.3594  sbar_dark_T4a_mid+2=139625.2969  sbar_dark_T4b_mid+2=140527.8750  sbar_dark_T4c_mid+2=150394.9375  sbar_dark_T4d_mid+2=131256.2969  sbar_dark_T5a_mid+2=197764.4062  sbar_dark_T5b_mid+2=224236.0938  sbar_dark_T5c_mid+2=202550.2031  sbar_dark_T5d_mid+2=206046.2344  sbar_dark_T4a_mid-1=488690.3750  sbar_dark_T4b_mid-1=303568.3438  sbar_dark_T4c_mid-1=214388.2656  sbar_dark_T4d_mid-1=263426.5625  sbar_dark_T5a_mid-1=1263245.7500  sbar_dark_T5b_mid-1=1292344.2500  sbar_dark_T5c_mid-1=1189785.7500  sbar_dark_T5d_mid-1=1368886.7500  sbar_dark_T4a_mid-2=213033.6875  sbar_dark_T4b_mid-2=213308.5625  sbar_dark_T4c_mid-2=196905.7188  sbar_dark_T4d_mid-2=195438.5781  sbar_dark_T5b_mid-2=832086.2500  sbar_dark_T5c_mid-2=626332.2500  sbar_dark_T5d_mid-2=733968.7500  sbar_dark_T5a_mid-2=703710.1875  sbar_dark_T4a_mid-1.5=52514.6172  sbar_dark_T4b_mid-1.5=87666.2734  sbar_dark_T4c_mid-1.5=86118.5000  sbar_dark_T4d_mid-1.5=25426.5410  sbar_dark_T5a_mid-1.5=232084.0312  sbar_dark_T5b_mid-1.5=283888.5938  sbar_dark_T5c_mid-1.5=238437.2344  sbar_dark_T5d_mid-1.5=231980.1562  sbar_dark_T4a_mid-0.5=54079.9883  sbar_dark_T4b_mid-0.5=106261.2266  sbar_dark_T4c_mid-0.5=113079.9688  sbar_dark_T4d_mid-0.5=77180.1328  sbar_dark_T5a_mid-0.5=462761.8750  sbar_dark_T5b_mid-0.5=649925.8750  sbar_dark_T5c_mid-0.5=412956.8750  sbar_dark_T5d_mid-0.5=527125.9375  sbar_dark_T4a_mid+0.5=37042.1250  sbar_dark_T4b_mid+0.5=68686.1641  sbar_dark_T4c_mid+0.5=34229.8906  sbar_dark_T4d_mid+0.5=73391.8984  sbar_dark_T5a_mid+0.5=84351.7031  sbar_dark_T5b_mid+0.5=87260.1094  sbar_dark_T5c_mid+0.5=57338.3281  sbar_dark_T5d_mid+0.5=62683.4570  sbar_dark_T4b_mid+1.5=23114.0000  sbar_dark_T4c_mid+1.5=32830.5430  sbar_dark_T4d_mid+1.5=19547.1035  sbar_dark_T5a_mid+1.5=55780.2109  sbar_dark_T5b_mid+1.5=67177.5000  sbar_dark_T5c_mid+1.5=63325.7734  sbar_dark_T5d_mid+1.5=50537.1250  sbar_dark_T4a_mid+1.5=41083.2031]:  54%|█████▍    | 540/1000 [05:55<05:03,  1.52it/s] Cost: 365530.9375  [spread_bright_L5=1456664.1250  spread_bright_Mi1=992370.5625  spread_bright_Tm3=1091469.8750  spread_bright_Mi4=1384015.8750  spread_dark_L1=899749.1250  spread_dark_L2=1013064.0000  spread_dark_L3=1011687.4375  spread_dark_L4=3036731.2500  spread_dark_Mi9=891421.8750  spread_dark_Tm1=944893.4375  spread_dark_Tm2=1115825.5000  spread_dark_Tm4=1272376.2500  spread_dark_Tm9=1481224.7500  sbar_bright_T4a_mid+0=298727.3438  sbar_bright_T4b_mid+0=366347.0000  sbar_bright_T4c_mid+0=354345.6250  sbar_bright_T4d_mid+0=375725.7188  sbar_bright_T5a_mid+0=130376.2656  sbar_bright_T5b_mid+0=165327.7500  sbar_bright_T5c_mid+0=161088.6719  sbar_bright_T5d_mid+0=140556.7031  sbar_bright_T4a_mid+1=261204.7500  sbar_bright_T4b_mid+1=255801.9062  sbar_bright_T4c_mid+1=270468.4062  sbar_bright_T4d_mid+1=245379.7969  sbar_bright_T5a_mid+1=116514.8984  sbar_bright_T5b_mid+1=128531.1562  sbar_bright_T5c_mid+1=115957.7656  sbar_bright_T5d_mid+1=121388.5391  sbar_bright_T4a_mid+2=93643.2500  sbar_bright_T4b_mid+2=130607.6016  sbar_bright_T4c_mid+2=127436.0156  sbar_bright_T4d_mid+2=120124.8281  sbar_bright_T5a_mid+2=207383.0625  sbar_bright_T5b_mid+2=194733.6562  sbar_bright_T5c_mid+2=202032.7812  sbar_bright_T5d_mid+2=204457.7031  sbar_bright_T4a_mid-1=1650801.2500  sbar_bright_T4b_mid-1=1362136.1250  sbar_bright_T4c_mid-1=1592838.1250  sbar_bright_T4d_mid-1=1841984.0000  sbar_bright_T5a_mid-1=442674.2812  sbar_bright_T5b_mid-1=444026.2500  sbar_bright_T5c_mid-1=455663.1250  sbar_bright_T5d_mid-1=449290.5938  sbar_bright_T4a_mid-2=301831.5938  sbar_bright_T4b_mid-2=309014.0938  sbar_bright_T4c_mid-2=309275.0312  sbar_bright_T4d_mid-2=346458.0312  sbar_bright_T5b_mid-2=87609.3594  sbar_bright_T5c_mid-2=74649.8672  sbar_bright_T5d_mid-2=79194.3203  sbar_bright_T5a_mid-2=82639.5156  sbar_bright_T4a_mid-1.5=182033.6719  sbar_bright_T4b_mid-1.5=150755.2344  sbar_bright_T4c_mid-1.5=134464.3125  sbar_bright_T4d_mid-1.5=231873.1719  sbar_bright_T5a_mid-1.5=109092.8281  sbar_bright_T5b_mid-1.5=113088.0938  sbar_bright_T5c_mid-1.5=100416.5234  sbar_bright_T5d_mid-1.5=97016.9375  sbar_bright_T4a_mid-0.5=973269.8750  sbar_bright_T4b_mid-0.5=985694.5000  sbar_bright_T4c_mid-0.5=1084375.5000  sbar_bright_T4d_mid-0.5=1132801.3750  sbar_bright_T5a_mid-0.5=155637.2344  sbar_bright_T5b_mid-0.5=162352.3281  sbar_bright_T5c_mid-0.5=149028.2188  sbar_bright_T5d_mid-0.5=156942.3125  sbar_bright_T4a_mid+0.5=171114.4219  sbar_bright_T4b_mid+0.5=115866.6094  sbar_bright_T4c_mid+0.5=112292.2422  sbar_bright_T4d_mid+0.5=110255.6016  sbar_bright_T5a_mid+0.5=60516.2305  sbar_bright_T5b_mid+0.5=58388.3711  sbar_bright_T5c_mid+0.5=43678.2500  sbar_bright_T5d_mid+0.5=43402.9688  sbar_bright_T4b_mid+1.5=74831.5703  sbar_bright_T4c_mid+1.5=98867.6406  sbar_bright_T4d_mid+1.5=56821.7578  sbar_bright_T5a_mid+1.5=46915.8594  sbar_bright_T5b_mid+1.5=49389.6680  sbar_bright_T5c_mid+1.5=43338.7461  sbar_bright_T5d_mid+1.5=37567.2500  sbar_bright_T4a_mid+1.5=82804.7578  sbar_dark_T4a_mid+0=75512.6016  sbar_dark_T4b_mid+0=73020.8750  sbar_dark_T4c_mid+0=100070.9766  sbar_dark_T4d_mid+0=92076.8359  sbar_dark_T5a_mid+0=281077.5938  sbar_dark_T5b_mid+0=257249.9688  sbar_dark_T5c_mid+0=252131.6719  sbar_dark_T5d_mid+0=298352.6250  sbar_dark_T4a_mid+1=114052.9688  sbar_dark_T4b_mid+1=62071.4141  sbar_dark_T4c_mid+1=62269.2461  sbar_dark_T4d_mid+1=81715.7656  sbar_dark_T5a_mid+1=208066.2969  sbar_dark_T5b_mid+1=199060.9219  sbar_dark_T5c_mid+1=217716.2500  sbar_dark_T5d_mid+1=157710.0312  sbar_dark_T4a_mid+2=95638.9688  sbar_dark_T4b_mid+2=122466.7500  sbar_dark_T4c_mid+2=110925.0156  sbar_dark_T4d_mid+2=81926.1016  sbar_dark_T5a_mid+2=234644.1406  sbar_dark_T5b_mid+2=242000.4688  sbar_dark_T5c_mid+2=217569.3281  sbar_dark_T5d_mid+2=224358.5156  sbar_dark_T4a_mid-1=388694.5625  sbar_dark_T4b_mid-1=245230.8125  sbar_dark_T4c_mid-1=183929.0625  sbar_dark_T4d_mid-1=231916.7969  sbar_dark_T5a_mid-1=1445013.2500  sbar_dark_T5b_mid-1=1403116.6250  sbar_dark_T5c_mid-1=1315864.5000  sbar_dark_T5d_mid-1=1482534.5000  sbar_dark_T4a_mid-2=158115.9062  sbar_dark_T4b_mid-2=154963.9531  sbar_dark_T4c_mid-2=152547.4688  sbar_dark_T4d_mid-2=143054.4531  sbar_dark_T5b_mid-2=892260.5625  sbar_dark_T5c_mid-2=700865.8750  sbar_dark_T5d_mid-2=800433.0625  sbar_dark_T5a_mid-2=796887.1250  sbar_dark_T4a_mid-1.5=41737.1953  sbar_dark_T4b_mid-1.5=68346.4453  sbar_dark_T4c_mid-1.5=75858.2422  sbar_dark_T4d_mid-1.5=22002.4277  sbar_dark_T5a_mid-1.5=257807.2656  sbar_dark_T5b_mid-1.5=302201.0625  sbar_dark_T5c_mid-1.5=252651.1094  sbar_dark_T5d_mid-1.5=245913.0312  sbar_dark_T4a_mid-0.5=62021.8281  sbar_dark_T4b_mid-0.5=88966.7891  sbar_dark_T4c_mid-0.5=117803.6250  sbar_dark_T4d_mid-0.5=64615.3555  sbar_dark_T5a_mid-0.5=554986.1875  sbar_dark_T5b_mid-0.5=692387.6875  sbar_dark_T5c_mid-0.5=470290.2500  sbar_dark_T5d_mid-0.5=587551.7500  sbar_dark_T4a_mid+0.5=31477.6270  sbar_dark_T4b_mid+0.5=70658.9609  sbar_dark_T4c_mid+0.5=27725.1973  sbar_dark_T4d_mid+0.5=75601.4922  sbar_dark_T5a_mid+0.5=95555.3672  sbar_dark_T5b_mid+0.5=96361.5703  sbar_dark_T5c_mid+0.5=68176.0156  sbar_dark_T5d_mid+0.5=64115.0039  sbar_dark_T4b_mid+1.5=13305.4160  sbar_dark_T4c_mid+1.5=20957.2656  sbar_dark_T4d_mid+1.5=12247.2910  sbar_dark_T5a_mid+1.5=47212.7695  sbar_dark_T5b_mid+1.5=54468.6406  sbar_dark_T5c_mid+1.5=50754.7734  sbar_dark_T5d_mid+1.5=39508.7578  sbar_dark_T4a_mid+1.5=23337.2188]:          55%|█████▌    | 550/1000 [06:01<04:58,  1.51it/s] Cost: 359489.0625  [spread_bright_L5=1413838.1250  spread_bright_Mi1=990978.4375  spread_bright_Tm3=1310136.6250  spread_bright_Mi4=1368636.2500  spread_dark_L1=879071.0000  spread_dark_L2=1064590.2500  spread_dark_L3=951652.1250  spread_dark_L4=2786244.0000  spread_dark_Mi9=830759.0000  spread_dark_Tm1=855868.0625  spread_dark_Tm2=1035443.6250  spread_dark_Tm4=1202662.5000  spread_dark_Tm9=1486613.7500  sbar_bright_T4a_mid+0=301773.3125  sbar_bright_T4b_mid+0=332409.3438  sbar_bright_T4c_mid+0=323733.7812  sbar_bright_T4d_mid+0=353091.2188  sbar_bright_T5a_mid+0=133403.1562  sbar_bright_T5b_mid+0=181860.7812  sbar_bright_T5c_mid+0=174392.4531  sbar_bright_T5d_mid+0=145335.4844  sbar_bright_T4a_mid+1=263426.3438  sbar_bright_T4b_mid+1=269241.7500  sbar_bright_T4c_mid+1=285302.6875  sbar_bright_T4d_mid+1=263802.7812  sbar_bright_T5a_mid+1=120813.5234  sbar_bright_T5b_mid+1=133709.1562  sbar_bright_T5c_mid+1=117250.6719  sbar_bright_T5d_mid+1=119249.0000  sbar_bright_T4a_mid+2=107553.3203  sbar_bright_T4b_mid+2=183120.0156  sbar_bright_T4c_mid+2=149887.3594  sbar_bright_T4d_mid+2=146821.2344  sbar_bright_T5a_mid+2=191657.7344  sbar_bright_T5b_mid+2=184352.5625  sbar_bright_T5c_mid+2=185148.9688  sbar_bright_T5d_mid+2=191501.6250  sbar_bright_T4a_mid-1=1586600.8750  sbar_bright_T4b_mid-1=1244920.1250  sbar_bright_T4c_mid-1=1536635.5000  sbar_bright_T4d_mid-1=1739324.1250  sbar_bright_T5a_mid-1=459025.9688  sbar_bright_T5b_mid-1=461616.3438  sbar_bright_T5c_mid-1=470940.0625  sbar_bright_T5d_mid-1=459413.0938  sbar_bright_T4a_mid-2=281496.3750  sbar_bright_T4b_mid-2=275858.8125  sbar_bright_T4c_mid-2=289136.9375  sbar_bright_T4d_mid-2=319096.2812  sbar_bright_T5b_mid-2=83536.8125  sbar_bright_T5c_mid-2=75262.8281  sbar_bright_T5d_mid-2=79810.2734  sbar_bright_T5a_mid-2=81898.7812  sbar_bright_T4a_mid-1.5=176473.4844  sbar_bright_T4b_mid-1.5=138049.9688  sbar_bright_T4c_mid-1.5=127636.1875  sbar_bright_T4d_mid-1.5=219736.5938  sbar_bright_T5a_mid-1.5=104587.1172  sbar_bright_T5b_mid-1.5=109844.6172  sbar_bright_T5c_mid-1.5=98871.7500  sbar_bright_T5d_mid-1.5=94375.9062  sbar_bright_T4a_mid-0.5=926504.3125  sbar_bright_T4b_mid-0.5=924488.3750  sbar_bright_T4c_mid-0.5=1043902.0000  sbar_bright_T4d_mid-0.5=1077361.6250  sbar_bright_T5a_mid-0.5=155129.2656  sbar_bright_T5b_mid-0.5=159046.8906  sbar_bright_T5c_mid-0.5=151201.6875  sbar_bright_T5d_mid-0.5=155228.6875  sbar_bright_T4a_mid+0.5=160882.8594  sbar_bright_T4b_mid+0.5=100487.0312  sbar_bright_T4c_mid+0.5=104714.3203  sbar_bright_T4d_mid+0.5=94257.1797  sbar_bright_T5a_mid+0.5=65407.1836  sbar_bright_T5b_mid+0.5=63311.9766  sbar_bright_T5c_mid+0.5=42591.7109  sbar_bright_T5d_mid+0.5=41913.0391  sbar_bright_T4b_mid+1.5=85859.9297  sbar_bright_T4c_mid+1.5=113243.6172  sbar_bright_T4d_mid+1.5=64748.6367  sbar_bright_T5a_mid+1.5=44983.4453  sbar_bright_T5b_mid+1.5=50225.4102  sbar_bright_T5c_mid+1.5=43606.1680  sbar_bright_T5d_mid+1.5=38475.0547  sbar_bright_T4a_mid+1.5=94637.7734  sbar_dark_T4a_mid+0=92615.9375  sbar_dark_T4b_mid+0=96622.2578  sbar_dark_T4c_mid+0=115560.8984  sbar_dark_T4d_mid+0=111564.1328  sbar_dark_T5a_mid+0=384901.6875  sbar_dark_T5b_mid+0=321257.9062  sbar_dark_T5c_mid+0=311417.0312  sbar_dark_T5d_mid+0=358702.0625  sbar_dark_T4a_mid+1=116340.9297  sbar_dark_T4b_mid+1=81496.6328  sbar_dark_T4c_mid+1=70641.4766  sbar_dark_T4d_mid+1=99756.6484  sbar_dark_T5a_mid+1=246226.8906  sbar_dark_T5b_mid+1=202327.5000  sbar_dark_T5c_mid+1=240967.8906  sbar_dark_T5d_mid+1=156705.8125  sbar_dark_T4a_mid+2=112516.8047  sbar_dark_T4b_mid+2=129265.9141  sbar_dark_T4c_mid+2=132453.3125  sbar_dark_T4d_mid+2=109415.0469  sbar_dark_T5a_mid+2=206240.0000  sbar_dark_T5b_mid+2=224446.9062  sbar_dark_T5c_mid+2=202026.1094  sbar_dark_T5d_mid+2=206836.0625  sbar_dark_T4a_mid-1=428301.3750  sbar_dark_T4b_mid-1=277996.7812  sbar_dark_T4c_mid-1=199414.9531  sbar_dark_T4d_mid-1=267486.3438  sbar_dark_T5a_mid-1=1331634.1250  sbar_dark_T5b_mid-1=1328345.8750  sbar_dark_T5c_mid-1=1225247.6250  sbar_dark_T5d_mid-1=1420572.2500  sbar_dark_T4a_mid-2=178058.1094  sbar_dark_T4b_mid-2=182120.5938  sbar_dark_T4c_mid-2=173310.6875  sbar_dark_T4d_mid-2=171799.0938  sbar_dark_T5b_mid-2=852540.5625  sbar_dark_T5c_mid-2=651447.7500  sbar_dark_T5d_mid-2=762300.8750  sbar_dark_T5a_mid-2=747286.5000  sbar_dark_T4a_mid-1.5=46925.6367  sbar_dark_T4b_mid-1.5=79210.2344  sbar_dark_T4c_mid-1.5=80195.8828  sbar_dark_T4d_mid-1.5=26731.0645  sbar_dark_T5a_mid-1.5=237826.6719  sbar_dark_T5b_mid-1.5=290976.4688  sbar_dark_T5c_mid-1.5=238324.8594  sbar_dark_T5d_mid-1.5=234513.4219  sbar_dark_T4a_mid-0.5=62791.3438  sbar_dark_T4b_mid-0.5=95385.8203  sbar_dark_T4c_mid-0.5=124209.4219  sbar_dark_T4d_mid-0.5=73406.8516  sbar_dark_T5a_mid-0.5=501992.0312  sbar_dark_T5b_mid-0.5=662284.2500  sbar_dark_T5c_mid-0.5=420795.7812  sbar_dark_T5d_mid-0.5=553836.5000  sbar_dark_T4a_mid+0.5=35476.0586  sbar_dark_T4b_mid+0.5=77171.6562  sbar_dark_T4c_mid+0.5=31874.4219  sbar_dark_T4d_mid+0.5=88834.4062  sbar_dark_T5a_mid+0.5=85256.6484  sbar_dark_T5b_mid+0.5=88781.1875  sbar_dark_T5c_mid+0.5=59815.8906  sbar_dark_T5d_mid+0.5=61431.9922  sbar_dark_T4b_mid+1.5=18676.0684  sbar_dark_T4c_mid+1.5=26025.9668  sbar_dark_T4d_mid+1.5=16818.9277  sbar_dark_T5a_mid+1.5=49538.1328  sbar_dark_T5b_mid+1.5=60346.7031  sbar_dark_T5c_mid+1.5=55590.5117  sbar_dark_T5d_mid+1.5=43497.6055  sbar_dark_T4a_mid+1.5=31387.1992]:  56%|█████▌    | 560/1000 [06:08<04:51,  1.51it/s] Cost: 357644.2188  [spread_bright_L5=1381608.0000  spread_bright_Mi1=973343.1875  spread_bright_Tm3=1301735.8750  spread_bright_Mi4=1346911.0000  spread_dark_L1=888120.0625  spread_dark_L2=1016724.5000  spread_dark_L3=954702.3125  spread_dark_L4=2814826.5000  spread_dark_Mi9=842767.7500  spread_dark_Tm1=879153.1875  spread_dark_Tm2=1042056.2500  spread_dark_Tm4=1206502.2500  spread_dark_Tm9=1545686.7500  sbar_bright_T4a_mid+0=297460.5312  sbar_bright_T4b_mid+0=328406.9062  sbar_bright_T4c_mid+0=344852.0312  sbar_bright_T4d_mid+0=367302.2500  sbar_bright_T5a_mid+0=138626.4375  sbar_bright_T5b_mid+0=188613.1875  sbar_bright_T5c_mid+0=182157.7969  sbar_bright_T5d_mid+0=149270.8125  sbar_bright_T4a_mid+1=257823.6719  sbar_bright_T4b_mid+1=260525.5625  sbar_bright_T4c_mid+1=267605.3750  sbar_bright_T4d_mid+1=250116.4531  sbar_bright_T5a_mid+1=124130.8594  sbar_bright_T5b_mid+1=138738.4531  sbar_bright_T5c_mid+1=121626.6250  sbar_bright_T5d_mid+1=122161.0000  sbar_bright_T4a_mid+2=103435.9766  sbar_bright_T4b_mid+2=168776.5469  sbar_bright_T4c_mid+2=137091.4375  sbar_bright_T4d_mid+2=137872.8281  sbar_bright_T5a_mid+2=192229.6562  sbar_bright_T5b_mid+2=185989.6875  sbar_bright_T5c_mid+2=187267.4531  sbar_bright_T5d_mid+2=189416.2500  sbar_bright_T4a_mid-1=1594559.0000  sbar_bright_T4b_mid-1=1252400.5000  sbar_bright_T4c_mid-1=1551072.1250  sbar_bright_T4d_mid-1=1758204.8750  sbar_bright_T5a_mid-1=469975.9062  sbar_bright_T5b_mid-1=475257.8750  sbar_bright_T5c_mid-1=489890.8125  sbar_bright_T5d_mid-1=472834.5000  sbar_bright_T4a_mid-2=277422.1875  sbar_bright_T4b_mid-2=279044.6250  sbar_bright_T4c_mid-2=296235.9375  sbar_bright_T4d_mid-2=323719.7188  sbar_bright_T5b_mid-2=84137.6797  sbar_bright_T5c_mid-2=79814.0938  sbar_bright_T5d_mid-2=81932.5781  sbar_bright_T5a_mid-2=84016.2969  sbar_bright_T4a_mid-1.5=173287.8594  sbar_bright_T4b_mid-1.5=135722.7344  sbar_bright_T4c_mid-1.5=126843.5156  sbar_bright_T4d_mid-1.5=217803.9375  sbar_bright_T5a_mid-1.5=107771.1719  sbar_bright_T5b_mid-1.5=111836.6094  sbar_bright_T5c_mid-1.5=101495.2344  sbar_bright_T5d_mid-1.5=98927.4688  sbar_bright_T4a_mid-0.5=938162.9375  sbar_bright_T4b_mid-0.5=924152.5000  sbar_bright_T4c_mid-0.5=1055627.1250  sbar_bright_T4d_mid-0.5=1083688.6250  sbar_bright_T5a_mid-0.5=160147.2969  sbar_bright_T5b_mid-0.5=163228.5156  sbar_bright_T5c_mid-0.5=160877.5156  sbar_bright_T5d_mid-0.5=160106.6250  sbar_bright_T4a_mid+0.5=161167.7344  sbar_bright_T4b_mid+0.5=100909.0000  sbar_bright_T4c_mid+0.5=105980.7812  sbar_bright_T4d_mid+0.5=98016.4297  sbar_bright_T5a_mid+0.5=67575.6953  sbar_bright_T5b_mid+0.5=65680.8047  sbar_bright_T5c_mid+0.5=44649.9883  sbar_bright_T5d_mid+0.5=44555.6680  sbar_bright_T4b_mid+1.5=84325.8203  sbar_bright_T4c_mid+1.5=107580.2812  sbar_bright_T4d_mid+1.5=59474.6406  sbar_bright_T5a_mid+1.5=44970.9453  sbar_bright_T5b_mid+1.5=50188.6602  sbar_bright_T5c_mid+1.5=45649.4102  sbar_bright_T5d_mid+1.5=40253.2969  sbar_bright_T4a_mid+1.5=89538.6719  sbar_dark_T4a_mid+0=86274.9766  sbar_dark_T4b_mid+0=88933.4688  sbar_dark_T4c_mid+0=98652.6719  sbar_dark_T4d_mid+0=98535.4375  sbar_dark_T5a_mid+0=384572.8750  sbar_dark_T5b_mid+0=359460.8125  sbar_dark_T5c_mid+0=341142.8125  sbar_dark_T5d_mid+0=381307.4375  sbar_dark_T4a_mid+1=110357.2969  sbar_dark_T4b_mid+1=81186.0000  sbar_dark_T4c_mid+1=63577.3320  sbar_dark_T4d_mid+1=89157.6250  sbar_dark_T5a_mid+1=242513.9531  sbar_dark_T5b_mid+1=201511.4688  sbar_dark_T5c_mid+1=249393.2188  sbar_dark_T5d_mid+1=158967.5312  sbar_dark_T4a_mid+2=109342.0625  sbar_dark_T4b_mid+2=122425.5547  sbar_dark_T4c_mid+2=123454.7969  sbar_dark_T4d_mid+2=107688.2188  sbar_dark_T5a_mid+2=195491.8750  sbar_dark_T5b_mid+2=215077.0781  sbar_dark_T5c_mid+2=194951.7344  sbar_dark_T5d_mid+2=197862.0469  sbar_dark_T4a_mid-1=421623.8750  sbar_dark_T4b_mid-1=266338.9688  sbar_dark_T4c_mid-1=192358.2500  sbar_dark_T4d_mid-1=259206.6250  sbar_dark_T5a_mid-1=1312972.6250  sbar_dark_T5b_mid-1=1287681.0000  sbar_dark_T5c_mid-1=1190109.2500  sbar_dark_T5d_mid-1=1377820.7500  sbar_dark_T4a_mid-2=175228.7188  sbar_dark_T4b_mid-2=184813.1406  sbar_dark_T4c_mid-2=163284.1719  sbar_dark_T4d_mid-2=171956.1875  sbar_dark_T5b_mid-2=827892.8125  sbar_dark_T5c_mid-2=624775.9375  sbar_dark_T5d_mid-2=737441.9375  sbar_dark_T5a_mid-2=727118.5625  sbar_dark_T4a_mid-1.5=47197.4375  sbar_dark_T4b_mid-1.5=80126.7500  sbar_dark_T4c_mid-1.5=79271.5391  sbar_dark_T4d_mid-1.5=26474.0312  sbar_dark_T5a_mid-1.5=233035.0938  sbar_dark_T5b_mid-1.5=283494.1250  sbar_dark_T5c_mid-1.5=226315.2500  sbar_dark_T5d_mid-1.5=223201.5000  sbar_dark_T4a_mid-0.5=56676.9258  sbar_dark_T4b_mid-0.5=97291.5156  sbar_dark_T4c_mid-0.5=109432.0156  sbar_dark_T4d_mid-0.5=74744.8750  sbar_dark_T5a_mid-0.5=487350.6562  sbar_dark_T5b_mid-0.5=638380.5000  sbar_dark_T5c_mid-0.5=401049.4375  sbar_dark_T5d_mid-0.5=533286.5625  sbar_dark_T4a_mid+0.5=33312.2852  sbar_dark_T4b_mid+0.5=70632.5703  sbar_dark_T4c_mid+0.5=28434.8535  sbar_dark_T4d_mid+0.5=76797.6719  sbar_dark_T5a_mid+0.5=81265.1562  sbar_dark_T5b_mid+0.5=83729.3125  sbar_dark_T5c_mid+0.5=57807.3438  sbar_dark_T5d_mid+0.5=62704.7461  sbar_dark_T4b_mid+1.5=19871.9395  sbar_dark_T4c_mid+1.5=25799.5469  sbar_dark_T4d_mid+1.5=15779.5820  sbar_dark_T5a_mid+1.5=48805.5898  sbar_dark_T5b_mid+1.5=58659.7109  sbar_dark_T5c_mid+1.5=56841.8867  sbar_dark_T5d_mid+1.5=44259.4141  sbar_dark_T4a_mid+1.5=29311.1855]:   57%|█████▋    | 570/1000 [06:15<04:44,  1.51it/s] Cost: 356549.3438  [spread_bright_L5=1391114.5000  spread_bright_Mi1=947968.4375  spread_bright_Tm3=1269340.1250  spread_bright_Mi4=1334899.5000  spread_dark_L1=898084.2500  spread_dark_L2=1014381.5000  spread_dark_L3=961592.5000  spread_dark_L4=2753110.7500  spread_dark_Mi9=815465.1250  spread_dark_Tm1=858706.1250  spread_dark_Tm2=1013714.6875  spread_dark_Tm4=1195629.5000  spread_dark_Tm9=1477462.2500  sbar_bright_T4a_mid+0=284003.7500  sbar_bright_T4b_mid+0=318558.8750  sbar_bright_T4c_mid+0=321571.8125  sbar_bright_T4d_mid+0=361048.7188  sbar_bright_T5a_mid+0=138525.2656  sbar_bright_T5b_mid+0=180644.8750  sbar_bright_T5c_mid+0=178693.2812  sbar_bright_T5d_mid+0=148751.7812  sbar_bright_T4a_mid+1=262499.0625  sbar_bright_T4b_mid+1=261737.1719  sbar_bright_T4c_mid+1=278390.7188  sbar_bright_T4d_mid+1=249500.2344  sbar_bright_T5a_mid+1=123239.6953  sbar_bright_T5b_mid+1=134373.1406  sbar_bright_T5c_mid+1=119281.9297  sbar_bright_T5d_mid+1=120776.0859  sbar_bright_T4a_mid+2=113319.0234  sbar_bright_T4b_mid+2=158899.5000  sbar_bright_T4c_mid+2=145808.9375  sbar_bright_T4d_mid+2=134103.8438  sbar_bright_T5a_mid+2=192630.0938  sbar_bright_T5b_mid+2=185827.7812  sbar_bright_T5c_mid+2=186742.6719  sbar_bright_T5d_mid+2=190118.0156  sbar_bright_T4a_mid-1=1568382.7500  sbar_bright_T4b_mid-1=1270733.7500  sbar_bright_T4c_mid-1=1508529.5000  sbar_bright_T4d_mid-1=1776038.7500  sbar_bright_T5a_mid-1=469915.2500  sbar_bright_T5b_mid-1=473547.5625  sbar_bright_T5c_mid-1=484293.4688  sbar_bright_T5d_mid-1=470579.8750  sbar_bright_T4a_mid-2=263002.0312  sbar_bright_T4b_mid-2=282293.9688  sbar_bright_T4c_mid-2=283383.8438  sbar_bright_T4d_mid-2=324736.2500  sbar_bright_T5b_mid-2=84611.3594  sbar_bright_T5c_mid-2=78385.6250  sbar_bright_T5d_mid-2=81480.2734  sbar_bright_T5a_mid-2=84134.0547  sbar_bright_T4a_mid-1.5=166818.0625  sbar_bright_T4b_mid-1.5=139392.9062  sbar_bright_T4c_mid-1.5=119631.7422  sbar_bright_T4d_mid-1.5=218587.1250  sbar_bright_T5a_mid-1.5=108384.0859  sbar_bright_T5b_mid-1.5=112822.1328  sbar_bright_T5c_mid-1.5=101978.6875  sbar_bright_T5d_mid-1.5=99853.1641  sbar_bright_T4a_mid-0.5=916597.0000  sbar_bright_T4b_mid-0.5=928354.9375  sbar_bright_T4c_mid-0.5=1034047.1875  sbar_bright_T4d_mid-0.5=1090621.2500  sbar_bright_T5a_mid-0.5=161228.9844  sbar_bright_T5b_mid-0.5=163599.1250  sbar_bright_T5c_mid-0.5=159692.5781  sbar_bright_T5d_mid-0.5=160080.3438  sbar_bright_T4a_mid+0.5=158277.9688  sbar_bright_T4b_mid+0.5=100785.5547  sbar_bright_T4c_mid+0.5=103245.2266  sbar_bright_T4d_mid+0.5=101351.1094  sbar_bright_T5a_mid+0.5=67816.4062  sbar_bright_T5b_mid+0.5=63611.5078  sbar_bright_T5c_mid+0.5=44576.7109  sbar_bright_T5d_mid+0.5=44374.8672  sbar_bright_T4b_mid+1.5=85198.4766  sbar_bright_T4c_mid+1.5=116927.2266  sbar_bright_T4d_mid+1.5=61133.6914  sbar_bright_T5a_mid+1.5=44823.2773  sbar_bright_T5b_mid+1.5=49566.7539  sbar_bright_T5c_mid+1.5=44488.7188  sbar_bright_T5d_mid+1.5=39703.7383  sbar_bright_T4a_mid+1.5=96107.9141  sbar_dark_T4a_mid+0=85440.8906  sbar_dark_T4b_mid+0=83910.3906  sbar_dark_T4c_mid+0=109970.7578  sbar_dark_T4d_mid+0=93288.6719  sbar_dark_T5a_mid+0=406279.6875  sbar_dark_T5b_mid+0=346881.1875  sbar_dark_T5c_mid+0=325008.6875  sbar_dark_T5d_mid+0=365538.9375  sbar_dark_T4a_mid+1=121635.6797  sbar_dark_T4b_mid+1=79988.1797  sbar_dark_T4c_mid+1=71495.5391  sbar_dark_T4d_mid+1=86711.9297  sbar_dark_T5a_mid+1=226578.8125  sbar_dark_T5b_mid+1=195039.0156  sbar_dark_T5c_mid+1=233281.6250  sbar_dark_T5d_mid+1=154831.1250  sbar_dark_T4a_mid+2=119271.7031  sbar_dark_T4b_mid+2=125267.1016  sbar_dark_T4c_mid+2=131293.5625  sbar_dark_T4d_mid+2=102399.3828  sbar_dark_T5a_mid+2=195280.4062  sbar_dark_T5b_mid+2=214033.9062  sbar_dark_T5c_mid+2=193851.2500  sbar_dark_T5d_mid+2=198405.0000  sbar_dark_T4a_mid-1=429479.5000  sbar_dark_T4b_mid-1=270118.2500  sbar_dark_T4c_mid-1=205724.0625  sbar_dark_T4d_mid-1=256891.7812  sbar_dark_T5a_mid-1=1328687.2500  sbar_dark_T5b_mid-1=1313644.6250  sbar_dark_T5c_mid-1=1221468.3750  sbar_dark_T5d_mid-1=1403974.0000  sbar_dark_T4a_mid-2=189251.5781  sbar_dark_T4b_mid-2=183521.0156  sbar_dark_T4c_mid-2=179841.4219  sbar_dark_T4d_mid-2=164007.6875  sbar_dark_T5b_mid-2=842027.0000  sbar_dark_T5c_mid-2=647511.5000  sbar_dark_T5d_mid-2=754268.0000  sbar_dark_T5a_mid-2=738628.7500  sbar_dark_T4a_mid-1.5=51044.2344  sbar_dark_T4b_mid-1.5=78499.6875  sbar_dark_T4c_mid-1.5=84280.4062  sbar_dark_T4d_mid-1.5=26819.3613  sbar_dark_T5a_mid-1.5=233429.5625  sbar_dark_T5b_mid-1.5=286713.6250  sbar_dark_T5c_mid-1.5=229952.2031  sbar_dark_T5d_mid-1.5=224741.2344  sbar_dark_T4a_mid-0.5=61011.6016  sbar_dark_T4b_mid-0.5=99048.4844  sbar_dark_T4c_mid-0.5=120558.9609  sbar_dark_T4d_mid-0.5=71595.2109  sbar_dark_T5a_mid-0.5=491910.5938  sbar_dark_T5b_mid-0.5=645769.0625  sbar_dark_T5c_mid-0.5=417530.0000  sbar_dark_T5d_mid-0.5=539994.2500  sbar_dark_T4a_mid+0.5=36185.2188  sbar_dark_T4b_mid+0.5=72482.0000  sbar_dark_T4c_mid+0.5=31809.8262  sbar_dark_T4d_mid+0.5=77567.4375  sbar_dark_T5a_mid+0.5=79717.0000  sbar_dark_T5b_mid+0.5=83788.8984  sbar_dark_T5c_mid+0.5=56740.2773  sbar_dark_T5d_mid+0.5=61145.5391  sbar_dark_T4b_mid+1.5=19692.9492  sbar_dark_T4c_mid+1.5=27151.2461  sbar_dark_T4d_mid+1.5=15080.5889  sbar_dark_T5a_mid+1.5=47325.2422  sbar_dark_T5b_mid+1.5=56058.4609  sbar_dark_T5c_mid+1.5=54300.1445  sbar_dark_T5d_mid+1.5=42434.4258  sbar_dark_T4a_mid+1.5=30901.2344]:  58%|█████▊    | 580/1000 [06:21<04:37,  1.51it/s] Cost: 355792.8750  [spread_bright_L5=1358087.5000  spread_bright_Mi1=929645.3125  spread_bright_Tm3=1206883.2500  spread_bright_Mi4=1353014.8750  spread_dark_L1=876564.5625  spread_dark_L2=1024675.9375  spread_dark_L3=971563.0625  spread_dark_L4=2770690.0000  spread_dark_Mi9=779536.8125  spread_dark_Tm1=864096.1250  spread_dark_Tm2=1006413.7500  spread_dark_Tm4=1192114.1250  spread_dark_Tm9=1435072.2500  sbar_bright_T4a_mid+0=294581.9375  sbar_bright_T4b_mid+0=337772.5625  sbar_bright_T4c_mid+0=336351.0625  sbar_bright_T4d_mid+0=351308.9062  sbar_bright_T5a_mid+0=136093.4531  sbar_bright_T5b_mid+0=176592.9844  sbar_bright_T5c_mid+0=175309.2500  sbar_bright_T5d_mid+0=147966.5000  sbar_bright_T4a_mid+1=252769.6406  sbar_bright_T4b_mid+1=258069.1719  sbar_bright_T4c_mid+1=267362.4688  sbar_bright_T4d_mid+1=250177.8594  sbar_bright_T5a_mid+1=121086.3906  sbar_bright_T5b_mid+1=132643.7031  sbar_bright_T5c_mid+1=118350.3125  sbar_bright_T5d_mid+1=119621.6719  sbar_bright_T4a_mid+2=92990.9062  sbar_bright_T4b_mid+2=136297.5625  sbar_bright_T4c_mid+2=123886.1953  sbar_bright_T4d_mid+2=121448.1641  sbar_bright_T5a_mid+2=196182.4531  sbar_bright_T5b_mid+2=188094.5312  sbar_bright_T5c_mid+2=188496.1094  sbar_bright_T5d_mid+2=193208.1562  sbar_bright_T4a_mid-1=1640093.1250  sbar_bright_T4b_mid-1=1336057.2500  sbar_bright_T4c_mid-1=1615312.2500  sbar_bright_T4d_mid-1=1795086.7500  sbar_bright_T5a_mid-1=467968.5000  sbar_bright_T5b_mid-1=471003.0938  sbar_bright_T5c_mid-1=480031.0312  sbar_bright_T5d_mid-1=470095.2812  sbar_bright_T4a_mid-2=299072.8125  sbar_bright_T4b_mid-2=298999.3750  sbar_bright_T4c_mid-2=300647.1562  sbar_bright_T4d_mid-2=329655.3750  sbar_bright_T5b_mid-2=84490.4609  sbar_bright_T5c_mid-2=77098.1875  sbar_bright_T5d_mid-2=80778.7500  sbar_bright_T5a_mid-2=83058.5156  sbar_bright_T4a_mid-1.5=177858.4219  sbar_bright_T4b_mid-1.5=145002.3438  sbar_bright_T4c_mid-1.5=127558.1719  sbar_bright_T4d_mid-1.5=216446.6875  sbar_bright_T5a_mid-1.5=108503.9609  sbar_bright_T5b_mid-1.5=113682.7344  sbar_bright_T5c_mid-1.5=101946.9453  sbar_bright_T5d_mid-1.5=99605.9062  sbar_bright_T4a_mid-0.5=965406.5000  sbar_bright_T4b_mid-0.5=959725.7500  sbar_bright_T4c_mid-0.5=1072146.1250  sbar_bright_T4d_mid-0.5=1101079.0000  sbar_bright_T5a_mid-0.5=161292.7500  sbar_bright_T5b_mid-0.5=162940.9531  sbar_bright_T5c_mid-0.5=157504.5000  sbar_bright_T5d_mid-0.5=160734.1250  sbar_bright_T4a_mid+0.5=164288.0156  sbar_bright_T4b_mid+0.5=107807.0156  sbar_bright_T4c_mid+0.5=107712.9297  sbar_bright_T4d_mid+0.5=107804.3828  sbar_bright_T5a_mid+0.5=66359.0547  sbar_bright_T5b_mid+0.5=63503.7734  sbar_bright_T5c_mid+0.5=44307.7695  sbar_bright_T5d_mid+0.5=43990.5039  sbar_bright_T4b_mid+1.5=77513.6641  sbar_bright_T4c_mid+1.5=104387.8047  sbar_bright_T4d_mid+1.5=62201.5547  sbar_bright_T5a_mid+1.5=45918.1836  sbar_bright_T5b_mid+1.5=49398.1758  sbar_bright_T5c_mid+1.5=44269.8047  sbar_bright_T5d_mid+1.5=38819.4922  sbar_bright_T4a_mid+1.5=83091.6172  sbar_dark_T4a_mid+0=78035.1719  sbar_dark_T4b_mid+0=78607.0156  sbar_dark_T4c_mid+0=101307.0547  sbar_dark_T4d_mid+0=91023.0547  sbar_dark_T5a_mid+0=382595.6562  sbar_dark_T5b_mid+0=326305.9688  sbar_dark_T5c_mid+0=308094.6250  sbar_dark_T5d_mid+0=348281.8750  sbar_dark_T4a_mid+1=108405.4922  sbar_dark_T4b_mid+1=70493.5312  sbar_dark_T4c_mid+1=63952.5938  sbar_dark_T4d_mid+1=85238.4141  sbar_dark_T5a_mid+1=215203.8281  sbar_dark_T5b_mid+1=195403.5156  sbar_dark_T5c_mid+1=229781.4688  sbar_dark_T5d_mid+1=153003.4375  sbar_dark_T4a_mid+2=94516.3906  sbar_dark_T4b_mid+2=111855.3047  sbar_dark_T4c_mid+2=109618.2734  sbar_dark_T4d_mid+2=88030.3047  sbar_dark_T5a_mid+2=201604.4688  sbar_dark_T5b_mid+2=217630.6562  sbar_dark_T5c_mid+2=195930.3750  sbar_dark_T5d_mid+2=202478.5312  sbar_dark_T4a_mid-1=398145.6875  sbar_dark_T4b_mid-1=247055.6406  sbar_dark_T4c_mid-1=190902.2969  sbar_dark_T4d_mid-1=255275.2188  sbar_dark_T5a_mid-1=1340213.8750  sbar_dark_T5b_mid-1=1319830.7500  sbar_dark_T5c_mid-1=1230274.7500  sbar_dark_T5d_mid-1=1406932.7500  sbar_dark_T4a_mid-2=161748.6094  sbar_dark_T4b_mid-2=165877.5625  sbar_dark_T4c_mid-2=161356.5938  sbar_dark_T4d_mid-2=154400.2969  sbar_dark_T5b_mid-2=848627.5625  sbar_dark_T5c_mid-2=651382.0625  sbar_dark_T5d_mid-2=756089.6250  sbar_dark_T5a_mid-2=746439.8750  sbar_dark_T4a_mid-1.5=44313.7148  sbar_dark_T4b_mid-1.5=72298.7812  sbar_dark_T4c_mid-1.5=77363.0938  sbar_dark_T4d_mid-1.5=26772.5215  sbar_dark_T5a_mid-1.5=235499.6719  sbar_dark_T5b_mid-1.5=285950.0625  sbar_dark_T5c_mid-1.5=229259.1250  sbar_dark_T5d_mid-1.5=225397.3281  sbar_dark_T4a_mid-0.5=54615.3164  sbar_dark_T4b_mid-0.5=94255.9922  sbar_dark_T4c_mid-0.5=111843.5156  sbar_dark_T4d_mid-0.5=70311.8906  sbar_dark_T5a_mid-0.5=498309.9062  sbar_dark_T5b_mid-0.5=652415.8750  sbar_dark_T5c_mid-0.5=424594.0625  sbar_dark_T5d_mid-0.5=543766.0625  sbar_dark_T4a_mid+0.5=31880.8262  sbar_dark_T4b_mid+0.5=68292.7109  sbar_dark_T4c_mid+0.5=29919.0801  sbar_dark_T4d_mid+0.5=77682.0781  sbar_dark_T5a_mid+0.5=81728.3750  sbar_dark_T5b_mid+0.5=85720.9766  sbar_dark_T5c_mid+0.5=56922.7734  sbar_dark_T5d_mid+0.5=60495.5547  sbar_dark_T4b_mid+1.5=15100.8965  sbar_dark_T4c_mid+1.5=21691.8848  sbar_dark_T4d_mid+1.5=14034.9551  sbar_dark_T5a_mid+1.5=46686.0742  sbar_dark_T5b_mid+1.5=55097.2383  sbar_dark_T5c_mid+1.5=52845.0586  sbar_dark_T5d_mid+1.5=40820.7852  sbar_dark_T4a_mid+1.5=24358.0000]:     59%|█████▉    | 590/1000 [06:28<04:31,  1.51it/s] Cost: 388151.1250  [spread_bright_L5=1345927.7500  spread_bright_Mi1=1001749.1250  spread_bright_Tm3=1301703.5000  spread_bright_Mi4=1880346.7500  spread_dark_L1=809801.3750  spread_dark_L2=939618.7500  spread_dark_L3=1159704.7500  spread_dark_L4=2822094.5000  spread_dark_Mi9=1326811.1250  spread_dark_Tm1=717779.6250  spread_dark_Tm2=873726.3750  spread_dark_Tm4=1138689.5000  spread_dark_Tm9=2007172.5000  sbar_bright_T4a_mid+0=338133.5938  sbar_bright_T4b_mid+0=377946.0000  sbar_bright_T4c_mid+0=366374.1875  sbar_bright_T4d_mid+0=377032.3438  sbar_bright_T5a_mid+0=146130.9375  sbar_bright_T5b_mid+0=174431.2344  sbar_bright_T5c_mid+0=169741.2969  sbar_bright_T5d_mid+0=157168.1875  sbar_bright_T4a_mid+1=267418.1562  sbar_bright_T4b_mid+1=278172.1250  sbar_bright_T4c_mid+1=280165.4688  sbar_bright_T4d_mid+1=296583.8438  sbar_bright_T5a_mid+1=123920.4062  sbar_bright_T5b_mid+1=136911.0625  sbar_bright_T5c_mid+1=123468.5625  sbar_bright_T5d_mid+1=126989.5938  sbar_bright_T4a_mid+2=108942.8047  sbar_bright_T4b_mid+2=157564.2812  sbar_bright_T4c_mid+2=127303.5391  sbar_bright_T4d_mid+2=139080.0938  sbar_bright_T5a_mid+2=216898.5469  sbar_bright_T5b_mid+2=200998.6719  sbar_bright_T5c_mid+2=199214.2656  sbar_bright_T5d_mid+2=209248.8438  sbar_bright_T4a_mid-1=1773909.8750  sbar_bright_T4b_mid-1=1501631.7500  sbar_bright_T4c_mid-1=1667597.0000  sbar_bright_T4d_mid-1=1944105.5000  sbar_bright_T5a_mid-1=425420.6562  sbar_bright_T5b_mid-1=428582.2188  sbar_bright_T5c_mid-1=422646.4688  sbar_bright_T5d_mid-1=434094.8438  sbar_bright_T4a_mid-2=418061.7188  sbar_bright_T4b_mid-2=358793.5938  sbar_bright_T4c_mid-2=347540.9688  sbar_bright_T4d_mid-2=413630.1250  sbar_bright_T5b_mid-2=99078.7969  sbar_bright_T5c_mid-2=85118.0391  sbar_bright_T5d_mid-2=92915.0859  sbar_bright_T5a_mid-2=96907.0625  sbar_bright_T4a_mid-1.5=226052.6875  sbar_bright_T4b_mid-1.5=205058.4688  sbar_bright_T4c_mid-1.5=191437.4844  sbar_bright_T4d_mid-1.5=260322.3125  sbar_bright_T5a_mid-1.5=112863.6641  sbar_bright_T5b_mid-1.5=121519.3672  sbar_bright_T5c_mid-1.5=108740.4609  sbar_bright_T5d_mid-1.5=102440.0469  sbar_bright_T4a_mid-0.5=1013541.9375  sbar_bright_T4b_mid-0.5=1093549.2500  sbar_bright_T4c_mid-0.5=1118781.2500  sbar_bright_T4d_mid-0.5=1190062.8750  sbar_bright_T5a_mid-0.5=150517.1719  sbar_bright_T5b_mid-0.5=155002.2031  sbar_bright_T5c_mid-0.5=145498.9219  sbar_bright_T5d_mid-0.5=149770.8906  sbar_bright_T4a_mid+0.5=183043.6875  sbar_bright_T4b_mid+0.5=131129.7188  sbar_bright_T4c_mid+0.5=137523.9062  sbar_bright_T4d_mid+0.5=126468.6875  sbar_bright_T5a_mid+0.5=56775.9844  sbar_bright_T5b_mid+0.5=55932.1719  sbar_bright_T5c_mid+0.5=43217.3164  sbar_bright_T5d_mid+0.5=42620.4688  sbar_bright_T4b_mid+1.5=82775.8047  sbar_bright_T4c_mid+1.5=109413.5000  sbar_bright_T4d_mid+1.5=72154.6406  sbar_bright_T5a_mid+1.5=39851.1992  sbar_bright_T5b_mid+1.5=44065.5586  sbar_bright_T5c_mid+1.5=36260.0859  sbar_bright_T5d_mid+1.5=35727.2266  sbar_bright_T4a_mid+1.5=87184.0625  sbar_dark_T4a_mid+0=64616.3672  sbar_dark_T4b_mid+0=89570.2422  sbar_dark_T4c_mid+0=89008.6172  sbar_dark_T4d_mid+0=74560.1875  sbar_dark_T5a_mid+0=292057.2188  sbar_dark_T5b_mid+0=308192.0312  sbar_dark_T5c_mid+0=288451.1250  sbar_dark_T5d_mid+0=334927.1250  sbar_dark_T4a_mid+1=73662.3281  sbar_dark_T4b_mid+1=55200.0938  sbar_dark_T4c_mid+1=52721.9102  sbar_dark_T4d_mid+1=76717.1875  sbar_dark_T5a_mid+1=180736.5000  sbar_dark_T5b_mid+1=212513.7812  sbar_dark_T5c_mid+1=213459.0156  sbar_dark_T5d_mid+1=165937.3281  sbar_dark_T4a_mid+2=72704.8359  sbar_dark_T4b_mid+2=93999.8984  sbar_dark_T4c_mid+2=73229.6875  sbar_dark_T4d_mid+2=86165.5703  sbar_dark_T5a_mid+2=277017.7188  sbar_dark_T5b_mid+2=271901.2188  sbar_dark_T5c_mid+2=259801.7031  sbar_dark_T5d_mid+2=256048.9219  sbar_dark_T4a_mid-1=313317.4375  sbar_dark_T4b_mid-1=142951.2656  sbar_dark_T4c_mid-1=144768.9375  sbar_dark_T4d_mid-1=194193.1406  sbar_dark_T5a_mid-1=1667956.7500  sbar_dark_T5b_mid-1=1540022.1250  sbar_dark_T5c_mid-1=1493758.3750  sbar_dark_T5d_mid-1=1681413.6250  sbar_dark_T4a_mid-2=96494.7266  sbar_dark_T4b_mid-2=97149.8906  sbar_dark_T4c_mid-2=134289.7812  sbar_dark_T4d_mid-2=78073.7578  sbar_dark_T5b_mid-2=1000065.5625  sbar_dark_T5c_mid-2=849116.9375  sbar_dark_T5d_mid-2=944890.1250  sbar_dark_T5a_mid-2=926937.6250  sbar_dark_T4a_mid-1.5=27494.1602  sbar_dark_T4b_mid-1.5=32680.8223  sbar_dark_T4c_mid-1.5=36482.7031  sbar_dark_T4d_mid-1.5=16458.3945  sbar_dark_T5a_mid-1.5=319056.8125  sbar_dark_T5b_mid-1.5=351032.0938  sbar_dark_T5c_mid-1.5=323048.8750  sbar_dark_T5d_mid-1.5=299376.8125  sbar_dark_T4a_mid-0.5=34881.0820  sbar_dark_T4b_mid-0.5=56144.8047  sbar_dark_T4c_mid-0.5=91131.7188  sbar_dark_T4d_mid-0.5=45125.1250  sbar_dark_T5a_mid-0.5=655394.7500  sbar_dark_T5b_mid-0.5=746694.5000  sbar_dark_T5c_mid-0.5=576949.1875  sbar_dark_T5d_mid-0.5=667065.8125  sbar_dark_T4a_mid+0.5=28209.6738  sbar_dark_T4b_mid+0.5=52296.2617  sbar_dark_T4c_mid+0.5=34586.7461  sbar_dark_T4d_mid+0.5=62978.9180  sbar_dark_T5a_mid+0.5=103876.4844  sbar_dark_T5b_mid+0.5=108959.7188  sbar_dark_T5c_mid+0.5=77628.3203  sbar_dark_T5d_mid+0.5=71178.0000  sbar_dark_T4b_mid+1.5=16860.6758  sbar_dark_T4c_mid+1.5=18230.7012  sbar_dark_T4d_mid+1.5=13184.1709  sbar_dark_T5a_mid+1.5=53519.8711  sbar_dark_T5b_mid+1.5=62007.6797  sbar_dark_T5c_mid+1.5=58877.5234  sbar_dark_T5d_mid+1.5=49502.8008  sbar_dark_T4a_mid+1.5=15942.5635]:  60%|██████    | 600/1000 [06:34<04:24,  1.51it/s] Cost: 369101.3438  [spread_bright_L5=1391904.1250  spread_bright_Mi1=905149.6250  spread_bright_Tm3=1034542.5000  spread_bright_Mi4=1419204.5000  spread_dark_L1=876471.1250  spread_dark_L2=1025062.5625  spread_dark_L3=1056906.0000  spread_dark_L4=2719733.0000  spread_dark_Mi9=977890.0000  spread_dark_Tm1=874588.6875  spread_dark_Tm2=948638.1250  spread_dark_Tm4=1205524.0000  spread_dark_Tm9=1687697.6250  sbar_bright_T4a_mid+0=313357.1875  sbar_bright_T4b_mid+0=408566.4062  sbar_bright_T4c_mid+0=404553.2500  sbar_bright_T4d_mid+0=382720.8125  sbar_bright_T5a_mid+0=140703.2344  sbar_bright_T5b_mid+0=160126.3906  sbar_bright_T5c_mid+0=176100.4219  sbar_bright_T5d_mid+0=153315.4219  sbar_bright_T4a_mid+1=272311.5312  sbar_bright_T4b_mid+1=272687.9688  sbar_bright_T4c_mid+1=271625.4062  sbar_bright_T4d_mid+1=260308.8594  sbar_bright_T5a_mid+1=123708.6406  sbar_bright_T5b_mid+1=130226.7891  sbar_bright_T5c_mid+1=121243.8438  sbar_bright_T5d_mid+1=125414.3516  sbar_bright_T4a_mid+2=98807.0547  sbar_bright_T4b_mid+2=84735.0156  sbar_bright_T4c_mid+2=94637.9219  sbar_bright_T4d_mid+2=112438.7734  sbar_bright_T5a_mid+2=213858.0625  sbar_bright_T5b_mid+2=196129.8281  sbar_bright_T5c_mid+2=202421.6250  sbar_bright_T5d_mid+2=207151.0312  sbar_bright_T4a_mid-1=1776221.6250  sbar_bright_T4b_mid-1=1606050.7500  sbar_bright_T4c_mid-1=1758075.5000  sbar_bright_T4d_mid-1=1918012.0000  sbar_bright_T5a_mid-1=448649.2812  sbar_bright_T5b_mid-1=456888.6875  sbar_bright_T5c_mid-1=465124.5000  sbar_bright_T5d_mid-1=456171.9062  sbar_bright_T4a_mid-2=335085.8438  sbar_bright_T4b_mid-2=348397.1875  sbar_bright_T4c_mid-2=333154.5000  sbar_bright_T4d_mid-2=352905.8750  sbar_bright_T5b_mid-2=86790.3594  sbar_bright_T5c_mid-2=75897.0625  sbar_bright_T5d_mid-2=83299.3438  sbar_bright_T5a_mid-2=84175.9219  sbar_bright_T4a_mid-1.5=188764.0469  sbar_bright_T4b_mid-1.5=180373.0781  sbar_bright_T4c_mid-1.5=150025.0469  sbar_bright_T4d_mid-1.5=233577.5312  sbar_bright_T5a_mid-1.5=109098.7734  sbar_bright_T5b_mid-1.5=114546.5391  sbar_bright_T5c_mid-1.5=100204.2734  sbar_bright_T5d_mid-1.5=98750.8750  sbar_bright_T4a_mid-0.5=1046742.0625  sbar_bright_T4b_mid-0.5=1111382.8750  sbar_bright_T4c_mid-0.5=1157659.8750  sbar_bright_T4d_mid-0.5=1190551.0000  sbar_bright_T5a_mid-0.5=156733.2344  sbar_bright_T5b_mid-0.5=160783.6562  sbar_bright_T5c_mid-0.5=157030.2656  sbar_bright_T5d_mid-0.5=156390.6875  sbar_bright_T4a_mid+0.5=183443.5000  sbar_bright_T4b_mid+0.5=138115.9844  sbar_bright_T4c_mid+0.5=135761.4062  sbar_bright_T4d_mid+0.5=131031.2578  sbar_bright_T5a_mid+0.5=63481.6797  sbar_bright_T5b_mid+0.5=56942.7578  sbar_bright_T5c_mid+0.5=42715.5117  sbar_bright_T5d_mid+0.5=44374.0664  sbar_bright_T4b_mid+1.5=72732.5000  sbar_bright_T4c_mid+1.5=90682.9062  sbar_bright_T4d_mid+1.5=65599.1797  sbar_bright_T5a_mid+1.5=46182.4688  sbar_bright_T5b_mid+1.5=49211.6953  sbar_bright_T5c_mid+1.5=42952.6406  sbar_bright_T5d_mid+1.5=39123.2617  sbar_bright_T4a_mid+1.5=78499.8906  sbar_dark_T4a_mid+0=55907.6992  sbar_dark_T4b_mid+0=62697.1719  sbar_dark_T4c_mid+0=93157.9922  sbar_dark_T4d_mid+0=80148.5391  sbar_dark_T5a_mid+0=400186.2188  sbar_dark_T5b_mid+0=435808.1250  sbar_dark_T5c_mid+0=398998.2812  sbar_dark_T5d_mid+0=461142.3750  sbar_dark_T4a_mid+1=102989.0078  sbar_dark_T4b_mid+1=50895.8672  sbar_dark_T4c_mid+1=63922.0078  sbar_dark_T4d_mid+1=83987.5703  sbar_dark_T5a_mid+1=243285.3594  sbar_dark_T5b_mid+1=193879.2656  sbar_dark_T5c_mid+1=265707.0625  sbar_dark_T5d_mid+1=158059.7969  sbar_dark_T4a_mid+2=91076.4844  sbar_dark_T4b_mid+2=120035.7422  sbar_dark_T4c_mid+2=77340.5469  sbar_dark_T4d_mid+2=69927.9766  sbar_dark_T5a_mid+2=223062.0938  sbar_dark_T5b_mid+2=225321.2344  sbar_dark_T5c_mid+2=208143.7656  sbar_dark_T5d_mid+2=209060.9375  sbar_dark_T4a_mid-1=336664.9688  sbar_dark_T4b_mid-1=229826.3125  sbar_dark_T4c_mid-1=172544.0938  sbar_dark_T4d_mid-1=241691.3281  sbar_dark_T5a_mid-1=1391156.5000  sbar_dark_T5b_mid-1=1320045.7500  sbar_dark_T5c_mid-1=1207193.8750  sbar_dark_T5d_mid-1=1428638.1250  sbar_dark_T4a_mid-2=138796.8750  sbar_dark_T4b_mid-2=130040.9531  sbar_dark_T4c_mid-2=142771.1719  sbar_dark_T4d_mid-2=120251.6406  sbar_dark_T5b_mid-2=861956.7500  sbar_dark_T5c_mid-2=658370.2500  sbar_dark_T5d_mid-2=775497.0625  sbar_dark_T5a_mid-2=778591.3125  sbar_dark_T4a_mid-1.5=40417.5781  sbar_dark_T4b_mid-1.5=58156.8438  sbar_dark_T4c_mid-1.5=60185.7891  sbar_dark_T4d_mid-1.5=25430.6328  sbar_dark_T5a_mid-1.5=250482.7969  sbar_dark_T5b_mid-1.5=289645.1562  sbar_dark_T5c_mid-1.5=236841.5156  sbar_dark_T5d_mid-1.5=231433.5312  sbar_dark_T4a_mid-0.5=58788.1641  sbar_dark_T4b_mid-0.5=88713.2969  sbar_dark_T4c_mid-0.5=111100.3594  sbar_dark_T4d_mid-0.5=58479.7695  sbar_dark_T5a_mid-0.5=524351.8750  sbar_dark_T5b_mid-0.5=664162.7500  sbar_dark_T5c_mid-0.5=406789.8125  sbar_dark_T5d_mid-0.5=552909.8125  sbar_dark_T4a_mid+0.5=31243.0664  sbar_dark_T4b_mid+0.5=66161.7422  sbar_dark_T4c_mid+0.5=27234.4551  sbar_dark_T4d_mid+0.5=81278.6250  sbar_dark_T5a_mid+0.5=88998.2266  sbar_dark_T5b_mid+0.5=87847.8359  sbar_dark_T5c_mid+0.5=58159.8164  sbar_dark_T5d_mid+0.5=64671.7148  sbar_dark_T4b_mid+1.5=9614.1562  sbar_dark_T4c_mid+1.5=13863.7480  sbar_dark_T4d_mid+1.5=11623.6475  sbar_dark_T5a_mid+1.5=46429.5977  sbar_dark_T5b_mid+1.5=55334.2852  sbar_dark_T5c_mid+1.5=52262.4570  sbar_dark_T5d_mid+1.5=41347.1055  sbar_dark_T4a_mid+1.5=17329.0664]:      61%|██████    | 610/1000 [06:41<04:17,  1.51it/s] Cost: 358342.8750  [spread_bright_L5=1335728.6250  spread_bright_Mi1=903214.0000  spread_bright_Tm3=1154722.0000  spread_bright_Mi4=1240340.6250  spread_dark_L1=862182.0625  spread_dark_L2=1040978.8750  spread_dark_L3=977866.3750  spread_dark_L4=2917627.7500  spread_dark_Mi9=836117.8750  spread_dark_Tm1=777772.0000  spread_dark_Tm2=969596.7500  spread_dark_Tm4=1172937.5000  spread_dark_Tm9=1510273.2500  sbar_bright_T4a_mid+0=291716.0625  sbar_bright_T4b_mid+0=311063.4062  sbar_bright_T4c_mid+0=320979.4375  sbar_bright_T4d_mid+0=339213.4375  sbar_bright_T5a_mid+0=123956.5547  sbar_bright_T5b_mid+0=149980.1406  sbar_bright_T5c_mid+0=160493.7812  sbar_bright_T5d_mid+0=132028.4062  sbar_bright_T4a_mid+1=264706.8125  sbar_bright_T4b_mid+1=275606.0625  sbar_bright_T4c_mid+1=295180.5000  sbar_bright_T4d_mid+1=268593.0312  sbar_bright_T5a_mid+1=115167.3281  sbar_bright_T5b_mid+1=122706.6172  sbar_bright_T5c_mid+1=108374.5391  sbar_bright_T5d_mid+1=114312.7109  sbar_bright_T4a_mid+2=122478.4219  sbar_bright_T4b_mid+2=162357.1562  sbar_bright_T4c_mid+2=161151.2188  sbar_bright_T4d_mid+2=144314.9062  sbar_bright_T5a_mid+2=186145.5469  sbar_bright_T5b_mid+2=180825.0938  sbar_bright_T5c_mid+2=180032.3438  sbar_bright_T5d_mid+2=188096.3906  sbar_bright_T4a_mid-1=1615627.3750  sbar_bright_T4b_mid-1=1315317.6250  sbar_bright_T4c_mid-1=1513664.8750  sbar_bright_T4d_mid-1=1823603.3750  sbar_bright_T5a_mid-1=444377.3125  sbar_bright_T5b_mid-1=438104.4375  sbar_bright_T5c_mid-1=442252.1250  sbar_bright_T5d_mid-1=439627.9688  sbar_bright_T4a_mid-2=289250.6250  sbar_bright_T4b_mid-2=288667.8750  sbar_bright_T4c_mid-2=292979.7812  sbar_bright_T4d_mid-2=329712.7812  sbar_bright_T5b_mid-2=87175.6641  sbar_bright_T5c_mid-2=73503.1328  sbar_bright_T5d_mid-2=81567.2734  sbar_bright_T5a_mid-2=84832.8203  sbar_bright_T4a_mid-1.5=175823.0625  sbar_bright_T4b_mid-1.5=151163.8438  sbar_bright_T4c_mid-1.5=128043.5391  sbar_bright_T4d_mid-1.5=235788.8438  sbar_bright_T5a_mid-1.5=101571.4766  sbar_bright_T5b_mid-1.5=107499.1641  sbar_bright_T5c_mid-1.5=97416.1094  sbar_bright_T5d_mid-1.5=92714.5391  sbar_bright_T4a_mid-0.5=930664.3125  sbar_bright_T4b_mid-0.5=969952.6875  sbar_bright_T4c_mid-0.5=1035392.2500  sbar_bright_T4d_mid-0.5=1117671.1250  sbar_bright_T5a_mid-0.5=143790.3438  sbar_bright_T5b_mid-0.5=153232.9219  sbar_bright_T5c_mid-0.5=139278.4375  sbar_bright_T5d_mid-0.5=144491.0781  sbar_bright_T4a_mid+0.5=158517.9219  sbar_bright_T4b_mid+0.5=104951.2969  sbar_bright_T4c_mid+0.5=101327.6641  sbar_bright_T4d_mid+0.5=109474.8594  sbar_bright_T5a_mid+0.5=62779.2344  sbar_bright_T5b_mid+0.5=53017.5547  sbar_bright_T5c_mid+0.5=36948.7852  sbar_bright_T5d_mid+0.5=37368.0625  sbar_bright_T4b_mid+1.5=91206.8281  sbar_bright_T4c_mid+1.5=121362.4453  sbar_bright_T4d_mid+1.5=67608.5234  sbar_bright_T5a_mid+1.5=42191.6641  sbar_bright_T5b_mid+1.5=47474.8242  sbar_bright_T5c_mid+1.5=40533.1758  sbar_bright_T5d_mid+1.5=37472.8125  sbar_bright_T4a_mid+1.5=102562.7969  sbar_dark_T4a_mid+0=83061.9531  sbar_dark_T4b_mid+0=93414.3516  sbar_dark_T4c_mid+0=113082.7734  sbar_dark_T4d_mid+0=85519.1406  sbar_dark_T5a_mid+0=398426.7188  sbar_dark_T5b_mid+0=284307.9375  sbar_dark_T5c_mid+0=271490.6875  sbar_dark_T5d_mid+0=319755.1250  sbar_dark_T4a_mid+1=107434.1250  sbar_dark_T4b_mid+1=81839.3672  sbar_dark_T4c_mid+1=75475.7891  sbar_dark_T4d_mid+1=83844.8594  sbar_dark_T5a_mid+1=245512.4688  sbar_dark_T5b_mid+1=195964.5938  sbar_dark_T5c_mid+1=215749.6719  sbar_dark_T5d_mid+1=155908.1094  sbar_dark_T4a_mid+2=122823.5469  sbar_dark_T4b_mid+2=137164.2031  sbar_dark_T4c_mid+2=140967.6562  sbar_dark_T4d_mid+2=99001.0000  sbar_dark_T5a_mid+2=205759.9844  sbar_dark_T5b_mid+2=228447.6562  sbar_dark_T5c_mid+2=206962.5781  sbar_dark_T5d_mid+2=209568.4062  sbar_dark_T4a_mid-1=422864.9375  sbar_dark_T4b_mid-1=269468.8438  sbar_dark_T4c_mid-1=197208.9375  sbar_dark_T4d_mid-1=248882.9688  sbar_dark_T5a_mid-1=1352998.5000  sbar_dark_T5b_mid-1=1402825.8750  sbar_dark_T5c_mid-1=1285513.8750  sbar_dark_T5d_mid-1=1501263.8750  sbar_dark_T4a_mid-2=174596.0469  sbar_dark_T4b_mid-2=178767.9062  sbar_dark_T4c_mid-2=178386.4219  sbar_dark_T4d_mid-2=142012.3125  sbar_dark_T5b_mid-2=898023.7500  sbar_dark_T5c_mid-2=704082.8125  sbar_dark_T5d_mid-2=811455.1250  sbar_dark_T5a_mid-2=776217.1250  sbar_dark_T4a_mid-1.5=49718.2891  sbar_dark_T4b_mid-1.5=74340.8359  sbar_dark_T4c_mid-1.5=80163.1953  sbar_dark_T4d_mid-1.5=24750.8516  sbar_dark_T5a_mid-1.5=243466.1094  sbar_dark_T5b_mid-1.5=297172.8750  sbar_dark_T5c_mid-1.5=255108.7812  sbar_dark_T5d_mid-1.5=242404.9844  sbar_dark_T4a_mid-0.5=55131.1680  sbar_dark_T4b_mid-0.5=94925.3359  sbar_dark_T4c_mid-0.5=118726.8750  sbar_dark_T4d_mid-0.5=67355.6250  sbar_dark_T5a_mid-0.5=513434.8750  sbar_dark_T5b_mid-0.5=675417.5000  sbar_dark_T5c_mid-0.5=436911.4375  sbar_dark_T5d_mid-0.5=576037.9375  sbar_dark_T4a_mid+0.5=32749.9043  sbar_dark_T4b_mid+0.5=68621.0000  sbar_dark_T4c_mid+0.5=34314.9258  sbar_dark_T4d_mid+0.5=72917.8984  sbar_dark_T5a_mid+0.5=85880.4219  sbar_dark_T5b_mid+0.5=95332.7578  sbar_dark_T5c_mid+0.5=63815.0508  sbar_dark_T5d_mid+0.5=61962.0352  sbar_dark_T4b_mid+1.5=23511.3047  sbar_dark_T4c_mid+1.5=30061.5820  sbar_dark_T4d_mid+1.5=14983.7295  sbar_dark_T5a_mid+1.5=52482.3203  sbar_dark_T5b_mid+1.5=58469.0977  sbar_dark_T5c_mid+1.5=57192.5977  sbar_dark_T5d_mid+1.5=45031.8945  sbar_dark_T4a_mid+1.5=32984.0703]:  62%|██████▏   | 620/1000 [06:48<04:11,  1.51it/s] Cost: 354667.2188  [spread_bright_L5=1352811.5000  spread_bright_Mi1=840931.0000  spread_bright_Tm3=1164937.3750  spread_bright_Mi4=1339666.3750  spread_dark_L1=906622.7500  spread_dark_L2=1071722.0000  spread_dark_L3=983033.8125  spread_dark_L4=2903832.5000  spread_dark_Mi9=768226.3125  spread_dark_Tm1=838988.8125  spread_dark_Tm2=991733.9375  spread_dark_Tm4=1178704.6250  spread_dark_Tm9=1391683.2500  sbar_bright_T4a_mid+0=292717.5312  sbar_bright_T4b_mid+0=320645.0000  sbar_bright_T4c_mid+0=342380.9062  sbar_bright_T4d_mid+0=342285.8125  sbar_bright_T5a_mid+0=117909.6562  sbar_bright_T5b_mid+0=159357.1250  sbar_bright_T5c_mid+0=157057.8750  sbar_bright_T5d_mid+0=130110.0469  sbar_bright_T4a_mid+1=253015.1719  sbar_bright_T4b_mid+1=256212.7188  sbar_bright_T4c_mid+1=264577.3125  sbar_bright_T4d_mid+1=253139.6094  sbar_bright_T5a_mid+1=115826.3203  sbar_bright_T5b_mid+1=128855.0703  sbar_bright_T5c_mid+1=108863.2891  sbar_bright_T5d_mid+1=115775.9922  sbar_bright_T4a_mid+2=95259.2734  sbar_bright_T4b_mid+2=162578.4844  sbar_bright_T4c_mid+2=124575.3672  sbar_bright_T4d_mid+2=132101.8594  sbar_bright_T5a_mid+2=192384.6719  sbar_bright_T5b_mid+2=185502.6719  sbar_bright_T5c_mid+2=181065.9062  sbar_bright_T5d_mid+2=187887.2656  sbar_bright_T4a_mid-1=1642767.5000  sbar_bright_T4b_mid-1=1289631.0000  sbar_bright_T4c_mid-1=1607545.3750  sbar_bright_T4d_mid-1=1790888.3750  sbar_bright_T5a_mid-1=446189.1562  sbar_bright_T5b_mid-1=450183.1875  sbar_bright_T5c_mid-1=454233.4688  sbar_bright_T5d_mid-1=448327.5000  sbar_bright_T4a_mid-2=308533.7812  sbar_bright_T4b_mid-2=295036.7188  sbar_bright_T4c_mid-2=316919.6562  sbar_bright_T4d_mid-2=331508.8125  sbar_bright_T5b_mid-2=87018.7656  sbar_bright_T5c_mid-2=75024.2500  sbar_bright_T5d_mid-2=81919.0391  sbar_bright_T5a_mid-2=84879.9062  sbar_bright_T4a_mid-1.5=184839.7812  sbar_bright_T4b_mid-1.5=141388.5000  sbar_bright_T4c_mid-1.5=135862.5000  sbar_bright_T4d_mid-1.5=229526.3906  sbar_bright_T5a_mid-1.5=105685.4609  sbar_bright_T5b_mid-1.5=111606.2266  sbar_bright_T5c_mid-1.5=101784.9766  sbar_bright_T5d_mid-1.5=97728.1719  sbar_bright_T4a_mid-0.5=970414.0625  sbar_bright_T4b_mid-0.5=942817.8750  sbar_bright_T4c_mid-0.5=1098601.3750  sbar_bright_T4d_mid-0.5=1093563.1250  sbar_bright_T5a_mid-0.5=147812.9844  sbar_bright_T5b_mid-0.5=155726.0938  sbar_bright_T5c_mid-0.5=143611.3438  sbar_bright_T5d_mid-0.5=148425.1562  sbar_bright_T4a_mid+0.5=165085.6719  sbar_bright_T4b_mid+0.5=103160.1641  sbar_bright_T4c_mid+0.5=107788.1406  sbar_bright_T4d_mid+0.5=103408.1328  sbar_bright_T5a_mid+0.5=63901.4062  sbar_bright_T5b_mid+0.5=60109.9219  sbar_bright_T5c_mid+0.5=37385.0391  sbar_bright_T5d_mid+0.5=38730.4648  sbar_bright_T4b_mid+1.5=84878.8125  sbar_bright_T4c_mid+1.5=103315.8672  sbar_bright_T4d_mid+1.5=60792.0977  sbar_bright_T5a_mid+1.5=43002.9141  sbar_bright_T5b_mid+1.5=48854.6875  sbar_bright_T5c_mid+1.5=42886.7266  sbar_bright_T5d_mid+1.5=38388.5859  sbar_bright_T4a_mid+1.5=85811.3750  sbar_dark_T4a_mid+0=69966.8594  sbar_dark_T4b_mid+0=81563.3594  sbar_dark_T4c_mid+0=94364.1797  sbar_dark_T4d_mid+0=86579.5234  sbar_dark_T5a_mid+0=376841.5312  sbar_dark_T5b_mid+0=352720.8125  sbar_dark_T5c_mid+0=321572.5312  sbar_dark_T5d_mid+0=364979.0938  sbar_dark_T4a_mid+1=97507.2344  sbar_dark_T4b_mid+1=75561.2969  sbar_dark_T4c_mid+1=61204.3789  sbar_dark_T4d_mid+1=84691.4141  sbar_dark_T5a_mid+1=249506.7812  sbar_dark_T5b_mid+1=200971.5625  sbar_dark_T5c_mid+1=248676.4219  sbar_dark_T5d_mid+1=159499.6562  sbar_dark_T4a_mid+2=99405.9922  sbar_dark_T4b_mid+2=117373.5312  sbar_dark_T4c_mid+2=112478.5234  sbar_dark_T4d_mid+2=97482.0703  sbar_dark_T5a_mid+2=200342.2656  sbar_dark_T5b_mid+2=217594.3125  sbar_dark_T5c_mid+2=200789.4375  sbar_dark_T5d_mid+2=200640.5781  sbar_dark_T4a_mid-1=392149.7188  sbar_dark_T4b_mid-1=239765.8594  sbar_dark_T4c_mid-1=178481.0938  sbar_dark_T4d_mid-1=250251.2969  sbar_dark_T5a_mid-1=1337081.6250  sbar_dark_T5b_mid-1=1322241.8750  sbar_dark_T5c_mid-1=1224414.1250  sbar_dark_T5d_mid-1=1420098.2500  sbar_dark_T4a_mid-2=149693.5938  sbar_dark_T4b_mid-2=160539.0312  sbar_dark_T4c_mid-2=147347.1875  sbar_dark_T4d_mid-2=146161.7188  sbar_dark_T5b_mid-2=860896.1875  sbar_dark_T5c_mid-2=659863.9375  sbar_dark_T5d_mid-2=771145.2500  sbar_dark_T5a_mid-2=762782.6250  sbar_dark_T4a_mid-1.5=43079.3516  sbar_dark_T4b_mid-1.5=72337.6953  sbar_dark_T4c_mid-1.5=69274.9766  sbar_dark_T4d_mid-1.5=24476.8105  sbar_dark_T5a_mid-1.5=241461.2188  sbar_dark_T5b_mid-1.5=291282.0938  sbar_dark_T5c_mid-1.5=237481.9062  sbar_dark_T5d_mid-1.5=229285.6875  sbar_dark_T4a_mid-0.5=54040.8477  sbar_dark_T4b_mid-0.5=91951.9375  sbar_dark_T4c_mid-0.5=105102.4531  sbar_dark_T4d_mid-0.5=72381.7344  sbar_dark_T5a_mid-0.5=501797.7812  sbar_dark_T5b_mid-0.5=656022.5000  sbar_dark_T5c_mid-0.5=401030.4062  sbar_dark_T5d_mid-0.5=549732.3125  sbar_dark_T4a_mid+0.5=31232.0195  sbar_dark_T4b_mid+0.5=64500.2109  sbar_dark_T4c_mid+0.5=28998.4414  sbar_dark_T4d_mid+0.5=72804.8672  sbar_dark_T5a_mid+0.5=84357.5781  sbar_dark_T5b_mid+0.5=87345.1016  sbar_dark_T5c_mid+0.5=60424.6328  sbar_dark_T5d_mid+0.5=63490.2148  sbar_dark_T4b_mid+1.5=21599.5996  sbar_dark_T4c_mid+1.5=22389.0000  sbar_dark_T4d_mid+1.5=14426.9707  sbar_dark_T5a_mid+1.5=49769.6719  sbar_dark_T5b_mid+1.5=56988.8750  sbar_dark_T5c_mid+1.5=57807.7773  sbar_dark_T5d_mid+1.5=43506.6836  sbar_dark_T4a_mid+1.5=26662.2715]:      63%|██████▎   | 630/1000 [06:54<04:04,  1.51it/s] Cost: 353236.0938  [spread_bright_L5=1340473.1250  spread_bright_Mi1=862552.4375  spread_bright_Tm3=1279750.3750  spread_bright_Mi4=1322450.0000  spread_dark_L1=926488.9375  spread_dark_L2=1062034.8750  spread_dark_L3=988773.0625  spread_dark_L4=2731609.5000  spread_dark_Mi9=788596.0625  spread_dark_Tm1=784877.4375  spread_dark_Tm2=920225.7500  spread_dark_Tm4=1163087.6250  spread_dark_Tm9=1382942.5000  sbar_bright_T4a_mid+0=290438.9688  sbar_bright_T4b_mid+0=310342.5000  sbar_bright_T4c_mid+0=334183.6875  sbar_bright_T4d_mid+0=347967.6562  sbar_bright_T5a_mid+0=120024.8203  sbar_bright_T5b_mid+0=164431.9531  sbar_bright_T5c_mid+0=153389.2344  sbar_bright_T5d_mid+0=129886.5703  sbar_bright_T4a_mid+1=252146.8594  sbar_bright_T4b_mid+1=254246.8281  sbar_bright_T4c_mid+1=263060.8750  sbar_bright_T4d_mid+1=249343.5781  sbar_bright_T5a_mid+1=117153.5547  sbar_bright_T5b_mid+1=128942.4531  sbar_bright_T5c_mid+1=108865.4688  sbar_bright_T5d_mid+1=117947.7109  sbar_bright_T4a_mid+2=96599.0312  sbar_bright_T4b_mid+2=152384.1406  sbar_bright_T4c_mid+2=126232.9219  sbar_bright_T4d_mid+2=134433.4062  sbar_bright_T5a_mid+2=195599.8281  sbar_bright_T5b_mid+2=192623.2656  sbar_bright_T5c_mid+2=188192.9688  sbar_bright_T5d_mid+2=194909.3594  sbar_bright_T4a_mid-1=1626331.8750  sbar_bright_T4b_mid-1=1279000.7500  sbar_bright_T4c_mid-1=1572041.8750  sbar_bright_T4d_mid-1=1758989.5000  sbar_bright_T5a_mid-1=451028.0312  sbar_bright_T5b_mid-1=449178.2500  sbar_bright_T5c_mid-1=449468.2812  sbar_bright_T5d_mid-1=446480.1562  sbar_bright_T4a_mid-2=295003.7500  sbar_bright_T4b_mid-2=288688.8125  sbar_bright_T4c_mid-2=306959.3438  sbar_bright_T4d_mid-2=330424.5000  sbar_bright_T5b_mid-2=87327.2656  sbar_bright_T5c_mid-2=74061.8672  sbar_bright_T5d_mid-2=81387.6484  sbar_bright_T5a_mid-2=84362.1797  sbar_bright_T4a_mid-1.5=175007.3750  sbar_bright_T4b_mid-1.5=142545.2969  sbar_bright_T4c_mid-1.5=128768.6562  sbar_bright_T4d_mid-1.5=224554.2656  sbar_bright_T5a_mid-1.5=108200.6719  sbar_bright_T5b_mid-1.5=114721.2578  sbar_bright_T5c_mid-1.5=102805.2656  sbar_bright_T5d_mid-1.5=100226.3281  sbar_bright_T4a_mid-0.5=951101.2500  sbar_bright_T4b_mid-0.5=934580.3125  sbar_bright_T4c_mid-0.5=1079173.5000  sbar_bright_T4d_mid-0.5=1072332.1250  sbar_bright_T5a_mid-0.5=149684.9688  sbar_bright_T5b_mid-0.5=157815.0000  sbar_bright_T5c_mid-0.5=143972.6719  sbar_bright_T5d_mid-0.5=149897.5625  sbar_bright_T4a_mid+0.5=167201.5156  sbar_bright_T4b_mid+0.5=103324.3672  sbar_bright_T4c_mid+0.5=107049.5547  sbar_bright_T4d_mid+0.5=97887.1328  sbar_bright_T5a_mid+0.5=64443.0508  sbar_bright_T5b_mid+0.5=60769.9219  sbar_bright_T5c_mid+0.5=37807.5195  sbar_bright_T5d_mid+0.5=39151.2344  sbar_bright_T4b_mid+1.5=83316.0469  sbar_bright_T4c_mid+1.5=110596.5156  sbar_bright_T4d_mid+1.5=59145.1797  sbar_bright_T5a_mid+1.5=44386.8906  sbar_bright_T5b_mid+1.5=50615.7383  sbar_bright_T5c_mid+1.5=43442.6836  sbar_bright_T5d_mid+1.5=39048.0273  sbar_bright_T4a_mid+1.5=86204.7969  sbar_dark_T4a_mid+0=63092.0000  sbar_dark_T4b_mid+0=71978.4141  sbar_dark_T4c_mid+0=95195.9219  sbar_dark_T4d_mid+0=87428.5234  sbar_dark_T5a_mid+0=472856.0312  sbar_dark_T5b_mid+0=332594.0625  sbar_dark_T5c_mid+0=308178.6875  sbar_dark_T5d_mid+0=360492.7500  sbar_dark_T4a_mid+1=97083.7891  sbar_dark_T4b_mid+1=67241.9141  sbar_dark_T4c_mid+1=61870.9336  sbar_dark_T4d_mid+1=85695.3672  sbar_dark_T5a_mid+1=244789.3594  sbar_dark_T5b_mid+1=195351.6250  sbar_dark_T5c_mid+1=234842.6875  sbar_dark_T5d_mid+1=155047.8281  sbar_dark_T4a_mid+2=99930.8125  sbar_dark_T4b_mid+2=111952.0391  sbar_dark_T4c_mid+2=113421.0938  sbar_dark_T4d_mid+2=99834.4141  sbar_dark_T5a_mid+2=195604.7969  sbar_dark_T5b_mid+2=221101.0781  sbar_dark_T5c_mid+2=202879.2344  sbar_dark_T5d_mid+2=203076.8281  sbar_dark_T4a_mid-1=387710.5625  sbar_dark_T4b_mid-1=240361.2188  sbar_dark_T4c_mid-1=187981.7031  sbar_dark_T4d_mid-1=257841.3906  sbar_dark_T5a_mid-1=1312047.2500  sbar_dark_T5b_mid-1=1342036.0000  sbar_dark_T5c_mid-1=1252128.2500  sbar_dark_T5d_mid-1=1451366.3750  sbar_dark_T4a_mid-2=159092.9531  sbar_dark_T4b_mid-2=158653.5000  sbar_dark_T4c_mid-2=152932.5156  sbar_dark_T4d_mid-2=149058.7969  sbar_dark_T5b_mid-2=869535.3750  sbar_dark_T5c_mid-2=680270.0000  sbar_dark_T5d_mid-2=788856.0000  sbar_dark_T5a_mid-2=751771.0625  sbar_dark_T4a_mid-1.5=46638.8828  sbar_dark_T4b_mid-1.5=71280.6641  sbar_dark_T4c_mid-1.5=73179.9062  sbar_dark_T4d_mid-1.5=25541.1445  sbar_dark_T5a_mid-1.5=241588.3125  sbar_dark_T5b_mid-1.5=298553.5000  sbar_dark_T5c_mid-1.5=243813.1406  sbar_dark_T5d_mid-1.5=234897.3281  sbar_dark_T4a_mid-0.5=55887.1094  sbar_dark_T4b_mid-0.5=91169.3672  sbar_dark_T4c_mid-0.5=107690.0547  sbar_dark_T4d_mid-0.5=73687.6484  sbar_dark_T5a_mid-0.5=483616.9062  sbar_dark_T5b_mid-0.5=665743.1875  sbar_dark_T5c_mid-0.5=412030.1875  sbar_dark_T5d_mid-0.5=562460.7500  sbar_dark_T4a_mid+0.5=30129.1973  sbar_dark_T4b_mid+0.5=63615.1758  sbar_dark_T4c_mid+0.5=27269.8750  sbar_dark_T4d_mid+0.5=73545.5469  sbar_dark_T5a_mid+0.5=79745.7812  sbar_dark_T5b_mid+0.5=85124.0312  sbar_dark_T5c_mid+0.5=60258.3750  sbar_dark_T5d_mid+0.5=62088.4883  sbar_dark_T4b_mid+1.5=18904.5527  sbar_dark_T4c_mid+1.5=23005.2812  sbar_dark_T4d_mid+1.5=13940.1660  sbar_dark_T5a_mid+1.5=47615.6250  sbar_dark_T5b_mid+1.5=55009.2656  sbar_dark_T5c_mid+1.5=53286.1289  sbar_dark_T5d_mid+1.5=40158.6641  sbar_dark_T4a_mid+1.5=25700.9219]:  64%|██████▍   | 640/1000 [07:01<03:58,  1.51it/s] Cost: 352163.4688  [spread_bright_L5=1327859.8750  spread_bright_Mi1=830372.8125  spread_bright_Tm3=1219055.3750  spread_bright_Mi4=1279081.5000  spread_dark_L1=911069.0000  spread_dark_L2=1064106.5000  spread_dark_L3=1004885.1250  spread_dark_L4=2713941.0000  spread_dark_Mi9=770828.0625  spread_dark_Tm1=776043.3750  spread_dark_Tm2=917274.2500  spread_dark_Tm4=1144273.1250  spread_dark_Tm9=1381836.5000  sbar_bright_T4a_mid+0=277334.8438  sbar_bright_T4b_mid+0=297994.5625  sbar_bright_T4c_mid+0=324423.5938  sbar_bright_T4d_mid+0=343367.9062  sbar_bright_T5a_mid+0=122897.3203  sbar_bright_T5b_mid+0=164324.7656  sbar_bright_T5c_mid+0=161801.5000  sbar_bright_T5d_mid+0=136581.3750  sbar_bright_T4a_mid+1=256348.4375  sbar_bright_T4b_mid+1=259115.0312  sbar_bright_T4c_mid+1=270054.4688  sbar_bright_T4d_mid+1=250178.1719  sbar_bright_T5a_mid+1=117850.6953  sbar_bright_T5b_mid+1=127414.7656  sbar_bright_T5c_mid+1=110835.0938  sbar_bright_T5d_mid+1=117524.5859  sbar_bright_T4a_mid+2=102643.6016  sbar_bright_T4b_mid+2=146305.7656  sbar_bright_T4c_mid+2=131144.6719  sbar_bright_T4d_mid+2=131886.3750  sbar_bright_T5a_mid+2=193075.7500  sbar_bright_T5b_mid+2=187837.8281  sbar_bright_T5c_mid+2=183841.0469  sbar_bright_T5d_mid+2=189621.9375  sbar_bright_T4a_mid-1=1614801.6250  sbar_bright_T4b_mid-1=1299574.0000  sbar_bright_T4c_mid-1=1570955.1250  sbar_bright_T4d_mid-1=1794615.0000  sbar_bright_T5a_mid-1=455829.2812  sbar_bright_T5b_mid-1=457841.0938  sbar_bright_T5c_mid-1=459569.2500  sbar_bright_T5d_mid-1=456059.8125  sbar_bright_T4a_mid-2=289442.4062  sbar_bright_T4b_mid-2=290537.4375  sbar_bright_T4c_mid-2=303378.8750  sbar_bright_T4d_mid-2=333690.6250  sbar_bright_T5b_mid-2=86695.4375  sbar_bright_T5c_mid-2=75468.1016  sbar_bright_T5d_mid-2=82089.2656  sbar_bright_T5a_mid-2=85176.1328  sbar_bright_T4a_mid-1.5=174932.4688  sbar_bright_T4b_mid-1.5=147625.2344  sbar_bright_T4c_mid-1.5=128143.8438  sbar_bright_T4d_mid-1.5=226651.3906  sbar_bright_T5a_mid-1.5=107634.5625  sbar_bright_T5b_mid-1.5=113165.9531  sbar_bright_T5c_mid-1.5=102489.6328  sbar_bright_T5d_mid-1.5=99821.2109  sbar_bright_T4a_mid-0.5=944329.7500  sbar_bright_T4b_mid-0.5=944337.2500  sbar_bright_T4c_mid-0.5=1074515.2500  sbar_bright_T4d_mid-0.5=1094171.2500  sbar_bright_T5a_mid-0.5=151979.0938  sbar_bright_T5b_mid-0.5=158216.1562  sbar_bright_T5c_mid-0.5=147550.5625  sbar_bright_T5d_mid-0.5=152105.1562  sbar_bright_T4a_mid+0.5=160645.5000  sbar_bright_T4b_mid+0.5=102651.6328  sbar_bright_T4c_mid+0.5=104890.5156  sbar_bright_T4d_mid+0.5=103172.5000  sbar_bright_T5a_mid+0.5=64892.4805  sbar_bright_T5b_mid+0.5=60111.7422  sbar_bright_T5c_mid+0.5=39130.8047  sbar_bright_T5d_mid+0.5=40534.1289  sbar_bright_T4b_mid+1.5=84061.5078  sbar_bright_T4c_mid+1.5=114625.1562  sbar_bright_T4d_mid+1.5=62986.9805  sbar_bright_T5a_mid+1.5=43596.5078  sbar_bright_T5b_mid+1.5=49545.3242  sbar_bright_T5c_mid+1.5=43285.5625  sbar_bright_T5d_mid+1.5=38660.6211  sbar_bright_T4a_mid+1.5=91635.9844  sbar_dark_T4a_mid+0=69078.4453  sbar_dark_T4b_mid+0=76677.6328  sbar_dark_T4c_mid+0=99622.0234  sbar_dark_T4d_mid+0=81363.7031  sbar_dark_T5a_mid+0=431086.9688  sbar_dark_T5b_mid+0=349830.1250  sbar_dark_T5c_mid+0=326580.0938  sbar_dark_T5d_mid+0=372536.9062  sbar_dark_T4a_mid+1=100300.6719  sbar_dark_T4b_mid+1=71442.9297  sbar_dark_T4c_mid+1=65798.1641  sbar_dark_T4d_mid+1=80210.0547  sbar_dark_T5a_mid+1=224020.0312  sbar_dark_T5b_mid+1=193885.3281  sbar_dark_T5c_mid+1=239625.5000  sbar_dark_T5d_mid+1=155838.3750  sbar_dark_T4a_mid+2=104175.3516  sbar_dark_T4b_mid+2=117658.2656  sbar_dark_T4c_mid+2=114578.1562  sbar_dark_T4d_mid+2=95541.8047  sbar_dark_T5a_mid+2=197726.7656  sbar_dark_T5b_mid+2=217714.0469  sbar_dark_T5c_mid+2=201392.7969  sbar_dark_T5d_mid+2=199887.2969  sbar_dark_T4a_mid-1=400531.0000  sbar_dark_T4b_mid-1=246128.0625  sbar_dark_T4c_mid-1=189063.7656  sbar_dark_T4d_mid-1=249990.7031  sbar_dark_T5a_mid-1=1335448.0000  sbar_dark_T5b_mid-1=1320928.6250  sbar_dark_T5c_mid-1=1235384.0000  sbar_dark_T5d_mid-1=1428399.1250  sbar_dark_T4a_mid-2=162248.2188  sbar_dark_T4b_mid-2=162040.4375  sbar_dark_T4c_mid-2=157364.8906  sbar_dark_T4d_mid-2=140006.5781  sbar_dark_T5b_mid-2=863194.8750  sbar_dark_T5c_mid-2=670556.1250  sbar_dark_T5d_mid-2=777007.3750  sbar_dark_T5a_mid-2=760152.0625  sbar_dark_T4a_mid-1.5=46939.1133  sbar_dark_T4b_mid-1.5=70269.4375  sbar_dark_T4c_mid-1.5=72890.9844  sbar_dark_T4d_mid-1.5=25019.2520  sbar_dark_T5a_mid-1.5=241551.4531  sbar_dark_T5b_mid-1.5=293186.7500  sbar_dark_T5c_mid-1.5=239517.8438  sbar_dark_T5d_mid-1.5=230682.1094  sbar_dark_T4a_mid-0.5=55095.5195  sbar_dark_T4b_mid-0.5=92902.0078  sbar_dark_T4c_mid-0.5=109149.1328  sbar_dark_T4d_mid-0.5=70821.4844  sbar_dark_T5a_mid-0.5=492935.5000  sbar_dark_T5b_mid-0.5=654187.4375  sbar_dark_T5c_mid-0.5=412736.3125  sbar_dark_T5d_mid-0.5=551328.9375  sbar_dark_T4a_mid+0.5=31705.7969  sbar_dark_T4b_mid+0.5=65791.1484  sbar_dark_T4c_mid+0.5=29650.3223  sbar_dark_T4d_mid+0.5=70303.4609  sbar_dark_T5a_mid+0.5=79835.3750  sbar_dark_T5b_mid+0.5=84949.5938  sbar_dark_T5c_mid+0.5=60315.7383  sbar_dark_T5d_mid+0.5=63574.9805  sbar_dark_T4b_mid+1.5=18417.5859  sbar_dark_T4c_mid+1.5=23626.8594  sbar_dark_T4d_mid+1.5=14210.3945  sbar_dark_T5a_mid+1.5=48320.5469  sbar_dark_T5b_mid+1.5=56380.4062  sbar_dark_T5c_mid+1.5=56014.0234  sbar_dark_T5d_mid+1.5=42182.9297  sbar_dark_T4a_mid+1.5=27275.7402]:  65%|██████▌   | 650/1000 [07:07<03:51,  1.51it/s] Cost: 352634.7500  [spread_bright_L5=1293291.5000  spread_bright_Mi1=851301.5625  spread_bright_Tm3=1316020.8750  spread_bright_Mi4=1247324.2500  spread_dark_L1=932756.5000  spread_dark_L2=1067099.8750  spread_dark_L3=1009848.6250  spread_dark_L4=2755842.0000  spread_dark_Mi9=828860.1250  spread_dark_Tm1=780776.5000  spread_dark_Tm2=913155.0000  spread_dark_Tm4=1139503.1250  spread_dark_Tm9=1435487.1250  sbar_bright_T4a_mid+0=273589.9062  sbar_bright_T4b_mid+0=288985.1875  sbar_bright_T4c_mid+0=312032.5625  sbar_bright_T4d_mid+0=335041.5625  sbar_bright_T5a_mid+0=121236.3125  sbar_bright_T5b_mid+0=168302.1875  sbar_bright_T5c_mid+0=159980.5781  sbar_bright_T5d_mid+0=134417.5625  sbar_bright_T4a_mid+1=255114.6719  sbar_bright_T4b_mid+1=260026.2188  sbar_bright_T4c_mid+1=275149.9375  sbar_bright_T4d_mid+1=252720.5938  sbar_bright_T5a_mid+1=116492.8672  sbar_bright_T5b_mid+1=128772.5234  sbar_bright_T5c_mid+1=111529.3672  sbar_bright_T5d_mid+1=117652.0078  sbar_bright_T4a_mid+2=108539.1953  sbar_bright_T4b_mid+2=163684.4844  sbar_bright_T4c_mid+2=137136.1094  sbar_bright_T4d_mid+2=137877.6719  sbar_bright_T5a_mid+2=193086.2344  sbar_bright_T5b_mid+2=186831.4219  sbar_bright_T5c_mid+2=185427.4062  sbar_bright_T5d_mid+2=188947.5938  sbar_bright_T4a_mid-1=1590154.5000  sbar_bright_T4b_mid-1=1255414.8750  sbar_bright_T4c_mid-1=1534686.3750  sbar_bright_T4d_mid-1=1797256.1250  sbar_bright_T5a_mid-1=453480.3438  sbar_bright_T5b_mid-1=454071.8750  sbar_bright_T5c_mid-1=461741.0938  sbar_bright_T5d_mid-1=455880.6562  sbar_bright_T4a_mid-2=278388.6875  sbar_bright_T4b_mid-2=281082.0312  sbar_bright_T4c_mid-2=289889.9062  sbar_bright_T4d_mid-2=329442.4688  sbar_bright_T5b_mid-2=86193.1719  sbar_bright_T5c_mid-2=75090.7578  sbar_bright_T5d_mid-2=80740.0391  sbar_bright_T5a_mid-2=84416.5234  sbar_bright_T4a_mid-1.5=170604.4844  sbar_bright_T4b_mid-1.5=143624.2188  sbar_bright_T4c_mid-1.5=124997.6797  sbar_bright_T4d_mid-1.5=224871.0312  sbar_bright_T5a_mid-1.5=107935.1016  sbar_bright_T5b_mid-1.5=112932.6250  sbar_bright_T5c_mid-1.5=101858.1641  sbar_bright_T5d_mid-1.5=100008.7578  sbar_bright_T4a_mid-0.5=927003.8750  sbar_bright_T4b_mid-0.5=922037.7500  sbar_bright_T4c_mid-0.5=1053257.5000  sbar_bright_T4d_mid-0.5=1101677.0000  sbar_bright_T5a_mid-0.5=153133.4062  sbar_bright_T5b_mid-0.5=159363.6406  sbar_bright_T5c_mid-0.5=148765.2344  sbar_bright_T5d_mid-0.5=153289.5938  sbar_bright_T4a_mid+0.5=163319.8906  sbar_bright_T4b_mid+0.5=99544.4922  sbar_bright_T4c_mid+0.5=104900.6953  sbar_bright_T4d_mid+0.5=105296.6875  sbar_bright_T5a_mid+0.5=63673.3008  sbar_bright_T5b_mid+0.5=61309.0117  sbar_bright_T5c_mid+0.5=39448.7344  sbar_bright_T5d_mid+0.5=40583.2930  sbar_bright_T4b_mid+1.5=85539.5625  sbar_bright_T4c_mid+1.5=118440.7109  sbar_bright_T4d_mid+1.5=61587.6367  sbar_bright_T5a_mid+1.5=43931.3125  sbar_bright_T5b_mid+1.5=48757.5859  sbar_bright_T5c_mid+1.5=43342.6211  sbar_bright_T5d_mid+1.5=39264.5508  sbar_bright_T4a_mid+1.5=93313.1562  sbar_dark_T4a_mid+0=70590.4141  sbar_dark_T4b_mid+0=79620.4766  sbar_dark_T4c_mid+0=100872.7812  sbar_dark_T4d_mid+0=77433.1797  sbar_dark_T5a_mid+0=371776.7500  sbar_dark_T5b_mid+0=315563.4062  sbar_dark_T5c_mid+0=299773.3750  sbar_dark_T5d_mid+0=339880.6875  sbar_dark_T4a_mid+1=102035.0859  sbar_dark_T4b_mid+1=75666.1172  sbar_dark_T4c_mid+1=68068.4453  sbar_dark_T4d_mid+1=80314.5156  sbar_dark_T5a_mid+1=206447.2812  sbar_dark_T5b_mid+1=192959.1250  sbar_dark_T5c_mid+1=227174.3906  sbar_dark_T5d_mid+1=154121.8906  sbar_dark_T4a_mid+2=112671.9375  sbar_dark_T4b_mid+2=120077.7812  sbar_dark_T4c_mid+2=120938.7031  sbar_dark_T4d_mid+2=99396.0469  sbar_dark_T5a_mid+2=199425.4219  sbar_dark_T5b_mid+2=216744.7188  sbar_dark_T5c_mid+2=199358.0781  sbar_dark_T5d_mid+2=199114.0312  sbar_dark_T4a_mid-1=414144.4688  sbar_dark_T4b_mid-1=259439.5938  sbar_dark_T4c_mid-1=201722.2500  sbar_dark_T4d_mid-1=249313.4844  sbar_dark_T5a_mid-1=1360958.8750  sbar_dark_T5b_mid-1=1344694.3750  sbar_dark_T5c_mid-1=1250860.5000  sbar_dark_T5d_mid-1=1436236.0000  sbar_dark_T4a_mid-2=176368.9531  sbar_dark_T4b_mid-2=170679.5469  sbar_dark_T4c_mid-2=170048.2031  sbar_dark_T4d_mid-2=143381.3438  sbar_dark_T5b_mid-2=864252.5000  sbar_dark_T5c_mid-2=673746.1875  sbar_dark_T5d_mid-2=778494.8125  sbar_dark_T5a_mid-2=767455.0000  sbar_dark_T4a_mid-1.5=49129.3867  sbar_dark_T4b_mid-1.5=74108.8438  sbar_dark_T4c_mid-1.5=75696.9922  sbar_dark_T4d_mid-1.5=25317.1133  sbar_dark_T5a_mid-1.5=241782.5625  sbar_dark_T5b_mid-1.5=291523.3750  sbar_dark_T5c_mid-1.5=241167.9219  sbar_dark_T5d_mid-1.5=231889.8281  sbar_dark_T4a_mid-0.5=55296.5547  sbar_dark_T4b_mid-0.5=95011.7578  sbar_dark_T4c_mid-0.5=111846.1562  sbar_dark_T4d_mid-0.5=67433.5312  sbar_dark_T5a_mid-0.5=501689.3750  sbar_dark_T5b_mid-0.5=656663.8750  sbar_dark_T5c_mid-0.5=419482.0938  sbar_dark_T5d_mid-0.5=550968.3750  sbar_dark_T4a_mid+0.5=33284.7344  sbar_dark_T4b_mid+0.5=65542.4453  sbar_dark_T4c_mid+0.5=29527.3887  sbar_dark_T4d_mid+0.5=70337.4219  sbar_dark_T5a_mid+0.5=79711.0938  sbar_dark_T5b_mid+0.5=85057.2266  sbar_dark_T5c_mid+0.5=60625.0312  sbar_dark_T5d_mid+0.5=62028.5781  sbar_dark_T4b_mid+1.5=20814.1699  sbar_dark_T4c_mid+1.5=25502.8809  sbar_dark_T4d_mid+1.5=14071.0361  sbar_dark_T5a_mid+1.5=47388.5391  sbar_dark_T5b_mid+1.5=54738.1719  sbar_dark_T5c_mid+1.5=54417.0859  sbar_dark_T5d_mid+1.5=41386.2969  sbar_dark_T4a_mid+1.5=29019.7832]:  66%|██████▌   | 660/1000 [07:14<03:44,  1.52it/s] Cost: 351117.1250  [spread_bright_L5=1285052.7500  spread_bright_Mi1=806119.1250  spread_bright_Tm3=1193297.0000  spread_bright_Mi4=1316304.1250  spread_dark_L1=933322.5000  spread_dark_L2=1060096.3750  spread_dark_L3=1016993.4375  spread_dark_L4=2731369.5000  spread_dark_Mi9=787335.1250  spread_dark_Tm1=783476.8125  spread_dark_Tm2=906327.4375  spread_dark_Tm4=1147165.0000  spread_dark_Tm9=1365156.6250  sbar_bright_T4a_mid+0=276596.1875  sbar_bright_T4b_mid+0=297836.1875  sbar_bright_T4c_mid+0=323679.2188  sbar_bright_T4d_mid+0=336846.9688  sbar_bright_T5a_mid+0=125499.2500  sbar_bright_T5b_mid+0=170521.8438  sbar_bright_T5c_mid+0=163939.9844  sbar_bright_T5d_mid+0=138892.3750  sbar_bright_T4a_mid+1=256224.4375  sbar_bright_T4b_mid+1=257539.7969  sbar_bright_T4c_mid+1=270793.6562  sbar_bright_T4d_mid+1=253168.0000  sbar_bright_T5a_mid+1=119702.4375  sbar_bright_T5b_mid+1=129618.6875  sbar_bright_T5c_mid+1=112857.0391  sbar_bright_T5d_mid+1=118416.6094  sbar_bright_T4a_mid+2=104083.6797  sbar_bright_T4b_mid+2=156562.7656  sbar_bright_T4c_mid+2=135168.6875  sbar_bright_T4d_mid+2=135645.8906  sbar_bright_T5a_mid+2=193062.5469  sbar_bright_T5b_mid+2=188982.1250  sbar_bright_T5c_mid+2=185499.3594  sbar_bright_T5d_mid+2=190028.5469  sbar_bright_T4a_mid-1=1596269.5000  sbar_bright_T4b_mid-1=1276331.8750  sbar_bright_T4c_mid-1=1553232.1250  sbar_bright_T4d_mid-1=1770346.5000  sbar_bright_T5a_mid-1=462370.0938  sbar_bright_T5b_mid-1=460744.0625  sbar_bright_T5c_mid-1=464787.1562  sbar_bright_T5d_mid-1=461949.3125  sbar_bright_T4a_mid-2=282409.0938  sbar_bright_T4b_mid-2=287797.4375  sbar_bright_T4c_mid-2=299371.4375  sbar_bright_T4d_mid-2=328620.3438  sbar_bright_T5b_mid-2=86608.2031  sbar_bright_T5c_mid-2=76366.4453  sbar_bright_T5d_mid-2=82581.4453  sbar_bright_T5a_mid-2=85735.9844  sbar_bright_T4a_mid-1.5=171610.1250  sbar_bright_T4b_mid-1.5=140687.5781  sbar_bright_T4c_mid-1.5=123911.8906  sbar_bright_T4d_mid-1.5=221295.0625  sbar_bright_T5a_mid-1.5=108747.1328  sbar_bright_T5b_mid-1.5=114099.4062  sbar_bright_T5c_mid-1.5=102737.0859  sbar_bright_T5d_mid-1.5=101313.3047  sbar_bright_T4a_mid-0.5=937964.9375  sbar_bright_T4b_mid-0.5=923556.0625  sbar_bright_T4c_mid-0.5=1065562.8750  sbar_bright_T4d_mid-0.5=1083950.0000  sbar_bright_T5a_mid-0.5=154977.1406  sbar_bright_T5b_mid-0.5=159759.7656  sbar_bright_T5c_mid-0.5=149490.6406  sbar_bright_T5d_mid-0.5=155155.1875  sbar_bright_T4a_mid+0.5=159005.4688  sbar_bright_T4b_mid+0.5=100661.1250  sbar_bright_T4c_mid+0.5=103352.2500  sbar_bright_T4d_mid+0.5=100774.8359  sbar_bright_T5a_mid+0.5=66547.7969  sbar_bright_T5b_mid+0.5=62318.2188  sbar_bright_T5c_mid+0.5=39936.2852  sbar_bright_T5d_mid+0.5=41868.1211  sbar_bright_T4b_mid+1.5=84860.1875  sbar_bright_T4c_mid+1.5=116957.3828  sbar_bright_T4d_mid+1.5=64053.0703  sbar_bright_T5a_mid+1.5=43800.6094  sbar_bright_T5b_mid+1.5=49355.3125  sbar_bright_T5c_mid+1.5=43801.0078  sbar_bright_T5d_mid+1.5=38782.9609  sbar_bright_T4a_mid+1.5=92410.5547  sbar_dark_T4a_mid+0=72423.8828  sbar_dark_T4b_mid+0=79322.8359  sbar_dark_T4c_mid+0=100201.3984  sbar_dark_T4d_mid+0=85503.4297  sbar_dark_T5a_mid+0=401394.0938  sbar_dark_T5b_mid+0=310738.4062  sbar_dark_T5c_mid+0=301206.1250  sbar_dark_T5d_mid+0=344075.0938  sbar_dark_T4a_mid+1=100009.0703  sbar_dark_T4b_mid+1=75278.9375  sbar_dark_T4c_mid+1=66624.3203  sbar_dark_T4d_mid+1=83389.2109  sbar_dark_T5a_mid+1=220335.1875  sbar_dark_T5b_mid+1=193191.4688  sbar_dark_T5c_mid+1=231548.0469  sbar_dark_T5d_mid+1=153662.6875  sbar_dark_T4a_mid+2=107277.8672  sbar_dark_T4b_mid+2=118696.9219  sbar_dark_T4c_mid+2=118957.3438  sbar_dark_T4d_mid+2=101331.4141  sbar_dark_T5a_mid+2=193721.4375  sbar_dark_T5b_mid+2=214741.9688  sbar_dark_T5c_mid+2=198279.8750  sbar_dark_T5d_mid+2=197866.7969  sbar_dark_T4a_mid-1=411844.3750  sbar_dark_T4b_mid-1=249636.2969  sbar_dark_T4c_mid-1=193082.8750  sbar_dark_T4d_mid-1=257838.1250  sbar_dark_T5a_mid-1=1327942.2500  sbar_dark_T5b_mid-1=1327806.6250  sbar_dark_T5c_mid-1=1245530.3750  sbar_dark_T5d_mid-1=1422919.2500  sbar_dark_T4a_mid-2=168107.6094  sbar_dark_T4b_mid-2=165158.7812  sbar_dark_T4c_mid-2=159928.3438  sbar_dark_T4d_mid-2=148777.6875  sbar_dark_T5b_mid-2=859706.3750  sbar_dark_T5c_mid-2=669517.2500  sbar_dark_T5d_mid-2=773002.6875  sbar_dark_T5a_mid-2=752082.6875  sbar_dark_T4a_mid-1.5=47878.2617  sbar_dark_T4b_mid-1.5=73713.2188  sbar_dark_T4c_mid-1.5=77524.5312  sbar_dark_T4d_mid-1.5=26277.2266  sbar_dark_T5a_mid-1.5=238554.7969  sbar_dark_T5b_mid-1.5=290875.9375  sbar_dark_T5c_mid-1.5=236687.6094  sbar_dark_T5d_mid-1.5=229313.0938  sbar_dark_T4a_mid-0.5=55812.5430  sbar_dark_T4b_mid-0.5=95439.0391  sbar_dark_T4c_mid-0.5=110545.8359  sbar_dark_T4d_mid-0.5=73270.7188  sbar_dark_T5a_mid-0.5=490050.1875  sbar_dark_T5b_mid-0.5=653339.4375  sbar_dark_T5c_mid-0.5=420987.5312  sbar_dark_T5d_mid-0.5=551646.8125  sbar_dark_T4a_mid+0.5=32924.2422  sbar_dark_T4b_mid+0.5=65546.7812  sbar_dark_T4c_mid+0.5=29733.6426  sbar_dark_T4d_mid+0.5=71852.5234  sbar_dark_T5a_mid+0.5=78986.5938  sbar_dark_T5b_mid+0.5=85424.1016  sbar_dark_T5c_mid+0.5=61963.2617  sbar_dark_T5d_mid+0.5=63649.1641  sbar_dark_T4b_mid+1.5=19533.2207  sbar_dark_T4c_mid+1.5=25127.1016  sbar_dark_T4d_mid+1.5=15067.5303  sbar_dark_T5a_mid+1.5=48554.5664  sbar_dark_T5b_mid+1.5=55233.9648  sbar_dark_T5c_mid+1.5=55386.8125  sbar_dark_T5d_mid+1.5=41198.3867  sbar_dark_T4a_mid+1.5=28599.9746]:  67%|██████▋   | 670/1000 [07:21<03:37,  1.52it/s] Cost: 351230.5312  [spread_bright_L5=1281127.1250  spread_bright_Mi1=816845.5625  spread_bright_Tm3=1265927.5000  spread_bright_Mi4=1265865.8750  spread_dark_L1=938066.9375  spread_dark_L2=1077776.6250  spread_dark_L3=1002269.7500  spread_dark_L4=2709877.5000  spread_dark_Mi9=787825.8750  spread_dark_Tm1=788943.8125  spread_dark_Tm2=910499.5625  spread_dark_Tm4=1148576.5000  spread_dark_Tm9=1388576.0000  sbar_bright_T4a_mid+0=273080.5938  sbar_bright_T4b_mid+0=293119.6250  sbar_bright_T4c_mid+0=323507.1250  sbar_bright_T4d_mid+0=335283.7812  sbar_bright_T5a_mid+0=116910.5469  sbar_bright_T5b_mid+0=159371.8281  sbar_bright_T5c_mid+0=153116.1094  sbar_bright_T5d_mid+0=129607.7188  sbar_bright_T4a_mid+1=249482.2500  sbar_bright_T4b_mid+1=255233.7031  sbar_bright_T4c_mid+1=263206.4062  sbar_bright_T4d_mid+1=249370.2500  sbar_bright_T5a_mid+1=113575.5859  sbar_bright_T5b_mid+1=125150.9922  sbar_bright_T5c_mid+1=108486.7578  sbar_bright_T5d_mid+1=116479.1406  sbar_bright_T4a_mid+2=100337.9609  sbar_bright_T4b_mid+2=146363.1406  sbar_bright_T4c_mid+2=125108.5547  sbar_bright_T4d_mid+2=133732.6094  sbar_bright_T5a_mid+2=195232.0469  sbar_bright_T5b_mid+2=189426.6250  sbar_bright_T5c_mid+2=187975.3906  sbar_bright_T5d_mid+2=191017.0938  sbar_bright_T4a_mid-1=1621076.8750  sbar_bright_T4b_mid-1=1295612.1250  sbar_bright_T4c_mid-1=1571826.0000  sbar_bright_T4d_mid-1=1788268.6250  sbar_bright_T5a_mid-1=446349.2500  sbar_bright_T5b_mid-1=446521.1250  sbar_bright_T5c_mid-1=455684.5938  sbar_bright_T5d_mid-1=450540.1875  sbar_bright_T4a_mid-2=287438.3750  sbar_bright_T4b_mid-2=293961.0312  sbar_bright_T4c_mid-2=305543.3750  sbar_bright_T4d_mid-2=331039.7500  sbar_bright_T5b_mid-2=88179.8125  sbar_bright_T5c_mid-2=74294.1328  sbar_bright_T5d_mid-2=80163.5156  sbar_bright_T5a_mid-2=84630.7031  sbar_bright_T4a_mid-1.5=174016.7812  sbar_bright_T4b_mid-1.5=145766.0938  sbar_bright_T4c_mid-1.5=127708.1484  sbar_bright_T4d_mid-1.5=224058.2812  sbar_bright_T5a_mid-1.5=108669.1875  sbar_bright_T5b_mid-1.5=113945.1406  sbar_bright_T5c_mid-1.5=102826.1875  sbar_bright_T5d_mid-1.5=101149.2891  sbar_bright_T4a_mid-0.5=946220.0000  sbar_bright_T4b_mid-0.5=936311.8125  sbar_bright_T4c_mid-0.5=1074184.0000  sbar_bright_T4d_mid-0.5=1089627.1250  sbar_bright_T5a_mid-0.5=152074.9062  sbar_bright_T5b_mid-0.5=159055.2969  sbar_bright_T5c_mid-0.5=146188.2812  sbar_bright_T5d_mid-0.5=152386.9531  sbar_bright_T4a_mid+0.5=163943.3594  sbar_bright_T4b_mid+0.5=102729.6094  sbar_bright_T4c_mid+0.5=105998.5078  sbar_bright_T4d_mid+0.5=102243.1641  sbar_bright_T5a_mid+0.5=61876.3633  sbar_bright_T5b_mid+0.5=58893.3789  sbar_bright_T5c_mid+0.5=38633.9297  sbar_bright_T5d_mid+0.5=40201.3750  sbar_bright_T4b_mid+1.5=82408.9531  sbar_bright_T4c_mid+1.5=111941.0078  sbar_bright_T4d_mid+1.5=61921.0781  sbar_bright_T5a_mid+1.5=43530.6602  sbar_bright_T5b_mid+1.5=47795.9688  sbar_bright_T5c_mid+1.5=42360.3516  sbar_bright_T5d_mid+1.5=38270.3203  sbar_bright_T4a_mid+1.5=88189.2500  sbar_dark_T4a_mid+0=64416.7383  sbar_dark_T4b_mid+0=73473.5312  sbar_dark_T4c_mid+0=92669.5625  sbar_dark_T4d_mid+0=80733.7500  sbar_dark_T5a_mid+0=366277.4688  sbar_dark_T5b_mid+0=302529.6562  sbar_dark_T5c_mid+0=285680.3125  sbar_dark_T5d_mid+0=325124.6250  sbar_dark_T4a_mid+1=94739.3906  sbar_dark_T4b_mid+1=68947.6484  sbar_dark_T4c_mid+1=61544.1367  sbar_dark_T4d_mid+1=79772.0547  sbar_dark_T5a_mid+1=201409.7188  sbar_dark_T5b_mid+1=189863.1562  sbar_dark_T5c_mid+1=220849.3594  sbar_dark_T5d_mid+1=152176.9062  sbar_dark_T4a_mid+2=101758.3203  sbar_dark_T4b_mid+2=111706.5625  sbar_dark_T4c_mid+2=107687.7500  sbar_dark_T4d_mid+2=97729.4609  sbar_dark_T5a_mid+2=203110.8125  sbar_dark_T5b_mid+2=220008.8594  sbar_dark_T5c_mid+2=202502.1875  sbar_dark_T5d_mid+2=202349.0938  sbar_dark_T4a_mid-1=390689.1562  sbar_dark_T4b_mid-1=242791.0938  sbar_dark_T4c_mid-1=188680.7031  sbar_dark_T4d_mid-1=247594.7656  sbar_dark_T5a_mid-1=1381784.2500  sbar_dark_T5b_mid-1=1360794.5000  sbar_dark_T5c_mid-1=1271904.6250  sbar_dark_T5d_mid-1=1457728.2500  sbar_dark_T4a_mid-2=162128.7031  sbar_dark_T4b_mid-2=158956.8906  sbar_dark_T4c_mid-2=155052.7344  sbar_dark_T4d_mid-2=142958.3125  sbar_dark_T5b_mid-2=877790.9375  sbar_dark_T5c_mid-2=690789.6250  sbar_dark_T5d_mid-2=789904.8125  sbar_dark_T5a_mid-2=778210.0000  sbar_dark_T4a_mid-1.5=45682.6641  sbar_dark_T4b_mid-1.5=70443.8281  sbar_dark_T4c_mid-1.5=72485.7969  sbar_dark_T4d_mid-1.5=25611.0723  sbar_dark_T5a_mid-1.5=244253.9688  sbar_dark_T5b_mid-1.5=293938.4375  sbar_dark_T5c_mid-1.5=243736.4688  sbar_dark_T5d_mid-1.5=232417.6875  sbar_dark_T4a_mid-0.5=52954.6562  sbar_dark_T4b_mid-0.5=91873.0781  sbar_dark_T4c_mid-0.5=105262.6250  sbar_dark_T4d_mid-0.5=69805.3281  sbar_dark_T5a_mid-0.5=506353.9688  sbar_dark_T5b_mid-0.5=660691.4375  sbar_dark_T5c_mid-0.5=426001.3750  sbar_dark_T5d_mid-0.5=560546.3750  sbar_dark_T4a_mid+0.5=30774.9375  sbar_dark_T4b_mid+0.5=62855.8203  sbar_dark_T4c_mid+0.5=27145.9883  sbar_dark_T4d_mid+0.5=69842.9609  sbar_dark_T5a_mid+0.5=80113.2500  sbar_dark_T5b_mid+0.5=85487.3516  sbar_dark_T5c_mid+0.5=62221.4102  sbar_dark_T5d_mid+0.5=62322.4375  sbar_dark_T4b_mid+1.5=18873.2695  sbar_dark_T4c_mid+1.5=22766.1875  sbar_dark_T4d_mid+1.5=14251.5020  sbar_dark_T5a_mid+1.5=46871.8008  sbar_dark_T5b_mid+1.5=52371.5742  sbar_dark_T5c_mid+1.5=52224.4414  sbar_dark_T5d_mid+1.5=39666.5352  sbar_dark_T4a_mid+1.5=25928.1699]:     68%|██████▊   | 680/1000 [07:27<03:31,  1.51it/s] Cost: 351992.5312  [spread_bright_L5=1272005.5000  spread_bright_Mi1=777774.0625  spread_bright_Tm3=1273000.0000  spread_bright_Mi4=1320518.2500  spread_dark_L1=939749.6250  spread_dark_L2=1075606.6250  spread_dark_L3=995480.8125  spread_dark_L4=2725383.7500  spread_dark_Mi9=754003.9375  spread_dark_Tm1=770559.6875  spread_dark_Tm2=901652.6250  spread_dark_Tm4=1130116.1250  spread_dark_Tm9=1324910.7500  sbar_bright_T4a_mid+0=268424.9062  sbar_bright_T4b_mid+0=288534.3438  sbar_bright_T4c_mid+0=317946.4062  sbar_bright_T4d_mid+0=326741.5000  sbar_bright_T5a_mid+0=128545.6797  sbar_bright_T5b_mid+0=174079.3438  sbar_bright_T5c_mid+0=169813.9688  sbar_bright_T5d_mid+0=143622.5312  sbar_bright_T4a_mid+1=264575.2188  sbar_bright_T4b_mid+1=266211.4062  sbar_bright_T4c_mid+1=284390.2812  sbar_bright_T4d_mid+1=262323.2812  sbar_bright_T5a_mid+1=124444.6719  sbar_bright_T5b_mid+1=132103.1406  sbar_bright_T5c_mid+1=116836.2812  sbar_bright_T5d_mid+1=119564.6953  sbar_bright_T4a_mid+2=106027.7500  sbar_bright_T4b_mid+2=148167.9062  sbar_bright_T4c_mid+2=135232.8125  sbar_bright_T4d_mid+2=137855.5156  sbar_bright_T5a_mid+2=191408.7500  sbar_bright_T5b_mid+2=187956.0469  sbar_bright_T5c_mid+2=181348.8438  sbar_bright_T5d_mid+2=187722.6094  sbar_bright_T4a_mid-1=1601941.1250  sbar_bright_T4b_mid-1=1304973.1250  sbar_bright_T4c_mid-1=1579198.3750  sbar_bright_T4d_mid-1=1792352.1250  sbar_bright_T5a_mid-1=470095.3438  sbar_bright_T5b_mid-1=468753.7812  sbar_bright_T5c_mid-1=467879.5000  sbar_bright_T5d_mid-1=467089.4375  sbar_bright_T4a_mid-2=289688.2812  sbar_bright_T4b_mid-2=287808.8125  sbar_bright_T4c_mid-2=293203.7500  sbar_bright_T4d_mid-2=325992.7812  sbar_bright_T5b_mid-2=83577.6094  sbar_bright_T5c_mid-2=75420.7422  sbar_bright_T5d_mid-2=82374.6094  sbar_bright_T5a_mid-2=83570.7344  sbar_bright_T4a_mid-1.5=173724.9062  sbar_bright_T4b_mid-1.5=148406.1406  sbar_bright_T4c_mid-1.5=127043.0781  sbar_bright_T4d_mid-1.5=221447.6250  sbar_bright_T5a_mid-1.5=109126.5469  sbar_bright_T5b_mid-1.5=114785.2188  sbar_bright_T5c_mid-1.5=101749.4297  sbar_bright_T5d_mid-1.5=100149.0312  sbar_bright_T4a_mid-0.5=956911.7500  sbar_bright_T4b_mid-0.5=948689.9375  sbar_bright_T4c_mid-0.5=1086822.0000  sbar_bright_T4d_mid-0.5=1105347.7500  sbar_bright_T5a_mid-0.5=154120.3438  sbar_bright_T5b_mid-0.5=158777.4062  sbar_bright_T5c_mid-0.5=147618.6094  sbar_bright_T5d_mid-0.5=154395.7500  sbar_bright_T4a_mid+0.5=166856.0781  sbar_bright_T4b_mid+0.5=106023.7734  sbar_bright_T4c_mid+0.5=109412.5703  sbar_bright_T4d_mid+0.5=108061.3828  sbar_bright_T5a_mid+0.5=69058.4531  sbar_bright_T5b_mid+0.5=63876.5547  sbar_bright_T5c_mid+0.5=40390.2148  sbar_bright_T5d_mid+0.5=41469.8906  sbar_bright_T4b_mid+1.5=88052.8984  sbar_bright_T4c_mid+1.5=118914.5703  sbar_bright_T4d_mid+1.5=66102.8594  sbar_bright_T5a_mid+1.5=42899.8906  sbar_bright_T5b_mid+1.5=49684.9727  sbar_bright_T5c_mid+1.5=44094.8477  sbar_bright_T5d_mid+1.5=39257.4961  sbar_bright_T4a_mid+1.5=96188.2812  sbar_dark_T4a_mid+0=66666.4766  sbar_dark_T4b_mid+0=75126.5547  sbar_dark_T4c_mid+0=100123.4531  sbar_dark_T4d_mid+0=76301.3594  sbar_dark_T5a_mid+0=420769.3125  sbar_dark_T5b_mid+0=331598.1562  sbar_dark_T5c_mid+0=318317.2812  sbar_dark_T5d_mid+0=354347.6875  sbar_dark_T4a_mid+1=100977.0625  sbar_dark_T4b_mid+1=72722.8125  sbar_dark_T4c_mid+1=69549.7188  sbar_dark_T4d_mid+1=81691.6250  sbar_dark_T5a_mid+1=228737.9219  sbar_dark_T5b_mid+1=197311.2969  sbar_dark_T5c_mid+1=242772.0312  sbar_dark_T5d_mid+1=157603.1875  sbar_dark_T4a_mid+2=107704.2734  sbar_dark_T4b_mid+2=117110.0234  sbar_dark_T4c_mid+2=114406.7422  sbar_dark_T4d_mid+2=101297.6719  sbar_dark_T5a_mid+2=190511.4844  sbar_dark_T5b_mid+2=210087.9844  sbar_dark_T5c_mid+2=193939.4062  sbar_dark_T5d_mid+2=193554.3438  sbar_dark_T4a_mid-1=404656.6562  sbar_dark_T4b_mid-1=244178.5469  sbar_dark_T4c_mid-1=195168.5938  sbar_dark_T4d_mid-1=254592.5312  sbar_dark_T5a_mid-1=1307592.3750  sbar_dark_T5b_mid-1=1309036.2500  sbar_dark_T5c_mid-1=1228302.7500  sbar_dark_T5d_mid-1=1408716.2500  sbar_dark_T4a_mid-2=167701.4844  sbar_dark_T4b_mid-2=160457.3125  sbar_dark_T4c_mid-2=163170.9531  sbar_dark_T4d_mid-2=140461.7344  sbar_dark_T5b_mid-2=853190.0000  sbar_dark_T5c_mid-2=664763.7500  sbar_dark_T5d_mid-2=771695.9375  sbar_dark_T5a_mid-2=749059.0625  sbar_dark_T4a_mid-1.5=47424.5039  sbar_dark_T4b_mid-1.5=70072.7422  sbar_dark_T4c_mid-1.5=72961.2188  sbar_dark_T4d_mid-1.5=26472.0664  sbar_dark_T5a_mid-1.5=242697.9688  sbar_dark_T5b_mid-1.5=292777.1250  sbar_dark_T5c_mid-1.5=239291.2969  sbar_dark_T5d_mid-1.5=232841.9688  sbar_dark_T4a_mid-0.5=56033.5391  sbar_dark_T4b_mid-0.5=94494.4922  sbar_dark_T4c_mid-0.5=110812.2188  sbar_dark_T4d_mid-0.5=67940.5938  sbar_dark_T5a_mid-0.5=492789.7500  sbar_dark_T5b_mid-0.5=656465.5000  sbar_dark_T5c_mid-0.5=424626.4688  sbar_dark_T5d_mid-0.5=553455.4375  sbar_dark_T4a_mid+0.5=31914.9043  sbar_dark_T4b_mid+0.5=64663.3320  sbar_dark_T4c_mid+0.5=29731.0957  sbar_dark_T4d_mid+0.5=72141.2500  sbar_dark_T5a_mid+0.5=79312.3125  sbar_dark_T5b_mid+0.5=85916.5000  sbar_dark_T5c_mid+0.5=61365.6016  sbar_dark_T5d_mid+0.5=63057.6289  sbar_dark_T4b_mid+1.5=18615.9121  sbar_dark_T4c_mid+1.5=23436.9414  sbar_dark_T4d_mid+1.5=13670.5596  sbar_dark_T5a_mid+1.5=48394.7891  sbar_dark_T5b_mid+1.5=56860.6523  sbar_dark_T5c_mid+1.5=57476.0273  sbar_dark_T5d_mid+1.5=42448.7656  sbar_dark_T4a_mid+1.5=28682.7734]:  69%|██████▉   | 690/1000 [07:34<03:24,  1.52it/s] Cost: 350170.7500  [spread_bright_L5=1299557.6250  spread_bright_Mi1=775015.8125  spread_bright_Tm3=1199675.2500  spread_bright_Mi4=1336449.3750  spread_dark_L1=959899.4375  spread_dark_L2=1070576.5000  spread_dark_L3=1005410.0625  spread_dark_L4=2596765.0000  spread_dark_Mi9=759532.8125  spread_dark_Tm1=781447.0625  spread_dark_Tm2=908890.7500  spread_dark_Tm4=1146246.5000  spread_dark_Tm9=1347392.6250  sbar_bright_T4a_mid+0=269421.7812  sbar_bright_T4b_mid+0=290089.0625  sbar_bright_T4c_mid+0=322163.8750  sbar_bright_T4d_mid+0=334315.3750  sbar_bright_T5a_mid+0=115343.8516  sbar_bright_T5b_mid+0=161014.1094  sbar_bright_T5c_mid+0=151998.0781  sbar_bright_T5d_mid+0=128456.6562  sbar_bright_T4a_mid+1=255255.6250  sbar_bright_T4b_mid+1=255670.4844  sbar_bright_T4c_mid+1=268580.0312  sbar_bright_T4d_mid+1=250282.0000  sbar_bright_T5a_mid+1=112460.6484  sbar_bright_T5b_mid+1=124519.1406  sbar_bright_T5c_mid+1=106639.4219  sbar_bright_T5d_mid+1=114237.2656  sbar_bright_T4a_mid+2=100805.4297  sbar_bright_T4b_mid+2=152697.1562  sbar_bright_T4c_mid+2=130367.3672  sbar_bright_T4d_mid+2=128406.0391  sbar_bright_T5a_mid+2=193905.2812  sbar_bright_T5b_mid+2=189641.5625  sbar_bright_T5c_mid+2=186470.2969  sbar_bright_T5d_mid+2=190128.9062  sbar_bright_T4a_mid-1=1606117.2500  sbar_bright_T4b_mid-1=1289224.8750  sbar_bright_T4c_mid-1=1566157.8750  sbar_bright_T4d_mid-1=1788697.7500  sbar_bright_T5a_mid-1=444529.0312  sbar_bright_T5b_mid-1=446023.3438  sbar_bright_T5c_mid-1=450581.5000  sbar_bright_T5d_mid-1=449064.9375  sbar_bright_T4a_mid-2=286833.5938  sbar_bright_T4b_mid-2=294352.7188  sbar_bright_T4c_mid-2=306094.5312  sbar_bright_T4d_mid-2=333633.4688  sbar_bright_T5b_mid-2=87242.1719  sbar_bright_T5c_mid-2=73230.9609  sbar_bright_T5d_mid-2=80448.6016  sbar_bright_T5a_mid-2=84410.6016  sbar_bright_T4a_mid-1.5=175056.1094  sbar_bright_T4b_mid-1.5=141893.0625  sbar_bright_T4c_mid-1.5=126163.2266  sbar_bright_T4d_mid-1.5=223172.9844  sbar_bright_T5a_mid-1.5=107743.1641  sbar_bright_T5b_mid-1.5=113661.6562  sbar_bright_T5c_mid-1.5=102776.2656  sbar_bright_T5d_mid-1.5=100841.4219  sbar_bright_T4a_mid-0.5=947847.0000  sbar_bright_T4b_mid-0.5=925115.1250  sbar_bright_T4c_mid-0.5=1078340.8750  sbar_bright_T4d_mid-0.5=1093814.6250  sbar_bright_T5a_mid-0.5=149296.5156  sbar_bright_T5b_mid-0.5=156918.9219  sbar_bright_T5c_mid-0.5=143642.6719  sbar_bright_T5d_mid-0.5=149776.9375  sbar_bright_T4a_mid+0.5=161036.3750  sbar_bright_T4b_mid+0.5=101001.3125  sbar_bright_T4c_mid+0.5=104043.9531  sbar_bright_T4d_mid+0.5=103495.2031  sbar_bright_T5a_mid+0.5=61759.9609  sbar_bright_T5b_mid+0.5=58707.6250  sbar_bright_T5c_mid+0.5=37644.2461  sbar_bright_T5d_mid+0.5=39884.1250  sbar_bright_T4b_mid+1.5=85690.9219  sbar_bright_T4c_mid+1.5=114840.9062  sbar_bright_T4d_mid+1.5=63315.9961  sbar_bright_T5a_mid+1.5=43009.5703  sbar_bright_T5b_mid+1.5=47793.4062  sbar_bright_T5c_mid+1.5=42245.5430  sbar_bright_T5d_mid+1.5=37960.0039  sbar_bright_T4a_mid+1.5=90853.9453  sbar_dark_T4a_mid+0=67960.2344  sbar_dark_T4b_mid+0=77115.0391  sbar_dark_T4c_mid+0=97406.9375  sbar_dark_T4d_mid+0=82126.3594  sbar_dark_T5a_mid+0=427073.0625  sbar_dark_T5b_mid+0=340834.0625  sbar_dark_T5c_mid+0=317107.3438  sbar_dark_T5d_mid+0=365494.5625  sbar_dark_T4a_mid+1=98643.6328  sbar_dark_T4b_mid+1=73852.4766  sbar_dark_T4c_mid+1=64603.7891  sbar_dark_T4d_mid+1=79754.9609  sbar_dark_T5a_mid+1=216094.0469  sbar_dark_T5b_mid+1=191535.4375  sbar_dark_T5c_mid+1=235812.7969  sbar_dark_T5d_mid+1=153132.6250  sbar_dark_T4a_mid+2=102312.7500  sbar_dark_T4b_mid+2=117289.9531  sbar_dark_T4c_mid+2=112847.0703  sbar_dark_T4d_mid+2=95333.7266  sbar_dark_T5a_mid+2=200462.3438  sbar_dark_T5b_mid+2=219821.9844  sbar_dark_T5c_mid+2=204332.9844  sbar_dark_T5d_mid+2=202415.3906  sbar_dark_T4a_mid-1=396633.4375  sbar_dark_T4b_mid-1=244608.1875  sbar_dark_T4c_mid-1=188287.0312  sbar_dark_T4d_mid-1=247916.6562  sbar_dark_T5a_mid-1=1354098.2500  sbar_dark_T5b_mid-1=1331635.8750  sbar_dark_T5c_mid-1=1249016.1250  sbar_dark_T5d_mid-1=1441701.1250  sbar_dark_T4a_mid-2=161505.6875  sbar_dark_T4b_mid-2=159372.6250  sbar_dark_T4c_mid-2=153620.8594  sbar_dark_T4d_mid-2=140753.4375  sbar_dark_T5b_mid-2=870030.6250  sbar_dark_T5c_mid-2=678239.9375  sbar_dark_T5d_mid-2=779569.7500  sbar_dark_T5a_mid-2=764335.4375  sbar_dark_T4a_mid-1.5=45171.9648  sbar_dark_T4b_mid-1.5=71545.8594  sbar_dark_T4c_mid-1.5=74851.7656  sbar_dark_T4d_mid-1.5=25415.1934  sbar_dark_T5a_mid-1.5=242576.9219  sbar_dark_T5b_mid-1.5=291549.4688  sbar_dark_T5c_mid-1.5=240540.0000  sbar_dark_T5d_mid-1.5=231084.4219  sbar_dark_T4a_mid-0.5=56025.7852  sbar_dark_T4b_mid-0.5=93835.3281  sbar_dark_T4c_mid-0.5=109800.5078  sbar_dark_T4d_mid-0.5=70423.0938  sbar_dark_T5a_mid-0.5=492618.5312  sbar_dark_T5b_mid-0.5=654953.1875  sbar_dark_T5c_mid-0.5=414709.1562  sbar_dark_T5d_mid-0.5=555010.6875  sbar_dark_T4a_mid+0.5=32347.5156  sbar_dark_T4b_mid+0.5=66140.8828  sbar_dark_T4c_mid+0.5=29132.6230  sbar_dark_T4d_mid+0.5=69813.4844  sbar_dark_T5a_mid+0.5=79823.6328  sbar_dark_T5b_mid+0.5=84253.3828  sbar_dark_T5c_mid+0.5=62204.3672  sbar_dark_T5d_mid+0.5=64464.0781  sbar_dark_T4b_mid+1.5=19620.2363  sbar_dark_T4c_mid+1.5=23945.7656  sbar_dark_T4d_mid+1.5=14397.5986  sbar_dark_T5a_mid+1.5=47535.6484  sbar_dark_T5b_mid+1.5=53095.9141  sbar_dark_T5c_mid+1.5=52605.6836  sbar_dark_T5d_mid+1.5=40072.6250  sbar_dark_T4a_mid+1.5=26852.2188]:    70%|███████   | 700/1000 [07:40<03:17,  1.52it/s] Cost: 349258.3125  [spread_bright_L5=1271177.7500  spread_bright_Mi1=780978.0625  spread_bright_Tm3=1231816.6250  spread_bright_Mi4=1303211.6250  spread_dark_L1=957792.6875  spread_dark_L2=1092027.0000  spread_dark_L3=994426.6250  spread_dark_L4=2629478.2500  spread_dark_Mi9=767066.8750  spread_dark_Tm1=791605.5000  spread_dark_Tm2=911429.8750  spread_dark_Tm4=1160059.1250  spread_dark_Tm9=1360429.8750  sbar_bright_T4a_mid+0=267227.0625  sbar_bright_T4b_mid+0=284666.8125  sbar_bright_T4c_mid+0=316203.5938  sbar_bright_T4d_mid+0=328901.1250  sbar_bright_T5a_mid+0=122854.5469  sbar_bright_T5b_mid+0=164705.2344  sbar_bright_T5c_mid+0=159971.7656  sbar_bright_T5d_mid+0=135091.5312  sbar_bright_T4a_mid+1=254221.5625  sbar_bright_T4b_mid+1=258343.0938  sbar_bright_T4c_mid+1=268062.0625  sbar_bright_T4d_mid+1=253890.4375  sbar_bright_T5a_mid+1=116050.3594  sbar_bright_T5b_mid+1=125863.8750  sbar_bright_T5c_mid+1=109276.6328  sbar_bright_T5d_mid+1=115655.0703  sbar_bright_T4a_mid+2=103921.1641  sbar_bright_T4b_mid+2=153911.6875  sbar_bright_T4c_mid+2=130384.3828  sbar_bright_T4d_mid+2=136607.5156  sbar_bright_T5a_mid+2=191380.8281  sbar_bright_T5b_mid+2=188429.6406  sbar_bright_T5c_mid+2=185601.6094  sbar_bright_T5d_mid+2=188221.0781  sbar_bright_T4a_mid-1=1594048.1250  sbar_bright_T4b_mid-1=1280607.7500  sbar_bright_T4c_mid-1=1559724.7500  sbar_bright_T4d_mid-1=1759192.0000  sbar_bright_T5a_mid-1=458839.9688  sbar_bright_T5b_mid-1=456709.8750  sbar_bright_T5c_mid-1=466879.9062  sbar_bright_T5d_mid-1=458168.3125  sbar_bright_T4a_mid-2=279384.5312  sbar_bright_T4b_mid-2=289444.6250  sbar_bright_T4c_mid-2=301248.4688  sbar_bright_T4d_mid-2=326051.6562  sbar_bright_T5b_mid-2=87166.9219  sbar_bright_T5c_mid-2=75331.2578  sbar_bright_T5d_mid-2=80731.2969  sbar_bright_T5a_mid-2=85635.2422  sbar_bright_T4a_mid-1.5=170096.1562  sbar_bright_T4b_mid-1.5=140050.6094  sbar_bright_T4c_mid-1.5=123489.9766  sbar_bright_T4d_mid-1.5=218537.0938  sbar_bright_T5a_mid-1.5=109289.1328  sbar_bright_T5b_mid-1.5=114616.0000  sbar_bright_T5c_mid-1.5=103402.8047  sbar_bright_T5d_mid-1.5=102681.5469  sbar_bright_T4a_mid-0.5=931715.6250  sbar_bright_T4b_mid-0.5=915920.1250  sbar_bright_T4c_mid-0.5=1065080.1250  sbar_bright_T4d_mid-0.5=1072933.1250  sbar_bright_T5a_mid-0.5=155070.4062  sbar_bright_T5b_mid-0.5=159828.5938  sbar_bright_T5c_mid-0.5=149855.7344  sbar_bright_T5d_mid-0.5=155168.9531  sbar_bright_T4a_mid+0.5=159561.3906  sbar_bright_T4b_mid+0.5=99375.3828  sbar_bright_T4c_mid+0.5=103715.1016  sbar_bright_T4d_mid+0.5=98697.7422  sbar_bright_T5a_mid+0.5=65938.9531  sbar_bright_T5b_mid+0.5=60547.3594  sbar_bright_T5c_mid+0.5=39537.0898  sbar_bright_T5d_mid+0.5=41700.4531  sbar_bright_T4b_mid+1.5=86384.7031  sbar_bright_T4c_mid+1.5=117021.3281  sbar_bright_T4d_mid+1.5=65152.6445  sbar_bright_T5a_mid+1.5=43687.9922  sbar_bright_T5b_mid+1.5=49256.3359  sbar_bright_T5c_mid+1.5=43954.0859  sbar_bright_T5d_mid+1.5=38481.1211  sbar_bright_T4a_mid+1.5=91513.1875  sbar_dark_T4a_mid+0=69177.9375  sbar_dark_T4b_mid+0=79219.7578  sbar_dark_T4c_mid+0=97436.3125  sbar_dark_T4d_mid+0=86777.6875  sbar_dark_T5a_mid+0=432033.9688  sbar_dark_T5b_mid+0=332573.5938  sbar_dark_T5c_mid+0=316753.0938  sbar_dark_T5d_mid+0=360095.0625  sbar_dark_T4a_mid+1=97946.8125  sbar_dark_T4b_mid+1=74980.0469  sbar_dark_T4c_mid+1=64710.7422  sbar_dark_T4d_mid+1=83821.9688  sbar_dark_T5a_mid+1=221125.2344  sbar_dark_T5b_mid+1=190136.1406  sbar_dark_T5c_mid+1=235043.5000  sbar_dark_T5d_mid+1=152885.4062  sbar_dark_T4a_mid+2=106093.0469  sbar_dark_T4b_mid+2=118321.3828  sbar_dark_T4c_mid+2=111471.0312  sbar_dark_T4d_mid+2=102012.4141  sbar_dark_T5a_mid+2=192127.6094  sbar_dark_T5b_mid+2=213001.8438  sbar_dark_T5c_mid+2=198048.3906  sbar_dark_T5d_mid+2=197093.9219  sbar_dark_T4a_mid-1=404032.1562  sbar_dark_T4b_mid-1=252830.8125  sbar_dark_T4c_mid-1=193199.8750  sbar_dark_T4d_mid-1=259322.1406  sbar_dark_T5a_mid-1=1316640.5000  sbar_dark_T5b_mid-1=1308005.6250  sbar_dark_T5c_mid-1=1231433.1250  sbar_dark_T5d_mid-1=1411167.2500  sbar_dark_T4a_mid-2=168637.9844  sbar_dark_T4b_mid-2=166275.0781  sbar_dark_T4c_mid-2=158632.4219  sbar_dark_T4d_mid-2=150153.2500  sbar_dark_T5b_mid-2=854339.2500  sbar_dark_T5c_mid-2=666347.6250  sbar_dark_T5d_mid-2=767762.5625  sbar_dark_T5a_mid-2=747692.1875  sbar_dark_T4a_mid-1.5=47639.5742  sbar_dark_T4b_mid-1.5=74514.3672  sbar_dark_T4c_mid-1.5=76369.2031  sbar_dark_T4d_mid-1.5=27322.3086  sbar_dark_T5a_mid-1.5=235982.0000  sbar_dark_T5b_mid-1.5=287481.6250  sbar_dark_T5c_mid-1.5=232966.4688  sbar_dark_T5d_mid-1.5=225428.2500  sbar_dark_T4a_mid-0.5=56305.6953  sbar_dark_T4b_mid-0.5=96567.0547  sbar_dark_T4c_mid-0.5=110234.9688  sbar_dark_T4d_mid-0.5=73544.0781  sbar_dark_T5a_mid-0.5=476090.5938  sbar_dark_T5b_mid-0.5=644082.3125  sbar_dark_T5c_mid-0.5=406833.6562  sbar_dark_T5d_mid-0.5=544255.1250  sbar_dark_T4a_mid+0.5=33194.7227  sbar_dark_T4b_mid+0.5=66869.0781  sbar_dark_T4c_mid+0.5=28849.2812  sbar_dark_T4d_mid+0.5=72785.0859  sbar_dark_T5a_mid+0.5=75630.1953  sbar_dark_T5b_mid+0.5=81262.1641  sbar_dark_T5c_mid+0.5=60938.0234  sbar_dark_T5d_mid+0.5=64361.1523  sbar_dark_T4b_mid+1.5=20012.5723  sbar_dark_T4c_mid+1.5=23803.5273  sbar_dark_T4d_mid+1.5=15354.8984  sbar_dark_T5a_mid+1.5=47851.7734  sbar_dark_T5b_mid+1.5=53782.3594  sbar_dark_T5c_mid+1.5=53825.2891  sbar_dark_T5d_mid+1.5=40288.4844  sbar_dark_T4a_mid+1.5=27405.5801]:    71%|███████   | 710/1000 [07:47<03:10,  1.52it/s] Cost: 350369.4375  [spread_bright_L5=1300002.0000  spread_bright_Mi1=770997.6250  spread_bright_Tm3=1250556.1250  spread_bright_Mi4=1226316.5000  spread_dark_L1=975584.5625  spread_dark_L2=1095596.2500  spread_dark_L3=983420.1250  spread_dark_L4=2574300.5000  spread_dark_Mi9=801778.1875  spread_dark_Tm1=766223.8750  spread_dark_Tm2=941071.7500  spread_dark_Tm4=1124433.2500  spread_dark_Tm9=1406694.8750  sbar_bright_T4a_mid+0=266595.5312  sbar_bright_T4b_mid+0=289619.3750  sbar_bright_T4c_mid+0=322190.4688  sbar_bright_T4d_mid+0=335633.5312  sbar_bright_T5a_mid+0=117595.9844  sbar_bright_T5b_mid+0=164303.7500  sbar_bright_T5c_mid+0=157421.2969  sbar_bright_T5d_mid+0=132105.7969  sbar_bright_T4a_mid+1=253388.0938  sbar_bright_T4b_mid+1=260395.2656  sbar_bright_T4c_mid+1=273655.2812  sbar_bright_T4d_mid+1=256345.9062  sbar_bright_T5a_mid+1=114427.7109  sbar_bright_T5b_mid+1=126238.2031  sbar_bright_T5c_mid+1=110353.7109  sbar_bright_T5d_mid+1=115494.2734  sbar_bright_T4a_mid+2=103917.0312  sbar_bright_T4b_mid+2=154361.3125  sbar_bright_T4c_mid+2=132970.5469  sbar_bright_T4d_mid+2=139866.7656  sbar_bright_T5a_mid+2=191859.6094  sbar_bright_T5b_mid+2=185805.1250  sbar_bright_T5c_mid+2=183451.0312  sbar_bright_T5d_mid+2=186297.0625  sbar_bright_T4a_mid-1=1611739.1250  sbar_bright_T4b_mid-1=1301192.0000  sbar_bright_T4c_mid-1=1563379.6250  sbar_bright_T4d_mid-1=1794527.5000  sbar_bright_T5a_mid-1=448245.2812  sbar_bright_T5b_mid-1=452736.3438  sbar_bright_T5c_mid-1=457254.8438  sbar_bright_T5d_mid-1=455262.1562  sbar_bright_T4a_mid-2=284713.6562  sbar_bright_T4b_mid-2=288887.8125  sbar_bright_T4c_mid-2=297007.4375  sbar_bright_T4d_mid-2=326107.1875  sbar_bright_T5b_mid-2=84565.1094  sbar_bright_T5c_mid-2=72618.0625  sbar_bright_T5d_mid-2=77963.2891  sbar_bright_T5a_mid-2=82195.3828  sbar_bright_T4a_mid-1.5=172505.1250  sbar_bright_T4b_mid-1.5=145781.6875  sbar_bright_T4c_mid-1.5=127570.5391  sbar_bright_T4d_mid-1.5=222718.9531  sbar_bright_T5a_mid-1.5=107353.2109  sbar_bright_T5b_mid-1.5=112580.4375  sbar_bright_T5c_mid-1.5=101861.4531  sbar_bright_T5d_mid-1.5=99704.2266  sbar_bright_T4a_mid-0.5=941116.8750  sbar_bright_T4b_mid-0.5=936763.6250  sbar_bright_T4c_mid-0.5=1066932.1250  sbar_bright_T4d_mid-0.5=1098370.8750  sbar_bright_T5a_mid-0.5=152151.1406  sbar_bright_T5b_mid-0.5=158504.8438  sbar_bright_T5c_mid-0.5=146722.7188  sbar_bright_T5d_mid-0.5=152369.2969  sbar_bright_T4a_mid+0.5=166477.3906  sbar_bright_T4b_mid+0.5=104189.6484  sbar_bright_T4c_mid+0.5=107838.7344  sbar_bright_T4d_mid+0.5=104007.1172  sbar_bright_T5a_mid+0.5=62012.2539  sbar_bright_T5b_mid+0.5=59547.5117  sbar_bright_T5c_mid+0.5=39480.3164  sbar_bright_T5d_mid+0.5=40573.8672  sbar_bright_T4b_mid+1.5=86689.5703  sbar_bright_T4c_mid+1.5=117850.8203  sbar_bright_T4d_mid+1.5=63599.6758  sbar_bright_T5a_mid+1.5=43234.1172  sbar_bright_T5b_mid+1.5=47839.7734  sbar_bright_T5c_mid+1.5=42589.6367  sbar_bright_T5d_mid+1.5=38632.6016  sbar_bright_T4a_mid+1.5=92213.6250  sbar_dark_T4a_mid+0=65495.3633  sbar_dark_T4b_mid+0=78976.0391  sbar_dark_T4c_mid+0=92918.9609  sbar_dark_T4d_mid+0=76576.0938  sbar_dark_T5a_mid+0=392846.9062  sbar_dark_T5b_mid+0=350498.1875  sbar_dark_T5c_mid+0=322631.7812  sbar_dark_T5d_mid+0=360636.4375  sbar_dark_T4a_mid+1=90968.7578  sbar_dark_T4b_mid+1=73270.1484  sbar_dark_T4c_mid+1=64118.7031  sbar_dark_T4d_mid+1=78789.3359  sbar_dark_T5a_mid+1=201092.8594  sbar_dark_T5b_mid+1=191272.6562  sbar_dark_T5c_mid+1=232406.3281  sbar_dark_T5d_mid+1=155111.6875  sbar_dark_T4a_mid+2=106069.6641  sbar_dark_T4b_mid+2=114234.0234  sbar_dark_T4c_mid+2=114979.4141  sbar_dark_T4d_mid+2=107222.2891  sbar_dark_T5a_mid+2=202156.0625  sbar_dark_T5b_mid+2=217335.1719  sbar_dark_T5c_mid+2=199623.5156  sbar_dark_T5d_mid+2=198685.2656  sbar_dark_T4a_mid-1=406911.0000  sbar_dark_T4b_mid-1=251248.9844  sbar_dark_T4c_mid-1=198981.2344  sbar_dark_T4d_mid-1=248779.9688  sbar_dark_T5a_mid-1=1369559.1250  sbar_dark_T5b_mid-1=1330338.3750  sbar_dark_T5c_mid-1=1239338.7500  sbar_dark_T5d_mid-1=1423440.6250  sbar_dark_T4a_mid-2=172066.1875  sbar_dark_T4b_mid-2=161754.7188  sbar_dark_T4c_mid-2=159002.8750  sbar_dark_T4d_mid-2=149646.3750  sbar_dark_T5b_mid-2=857653.9375  sbar_dark_T5c_mid-2=671769.1250  sbar_dark_T5d_mid-2=772410.8125  sbar_dark_T5a_mid-2=768284.0625  sbar_dark_T4a_mid-1.5=47111.5234  sbar_dark_T4b_mid-1.5=70916.0156  sbar_dark_T4c_mid-1.5=72394.9141  sbar_dark_T4d_mid-1.5=23189.7207  sbar_dark_T5a_mid-1.5=241889.4688  sbar_dark_T5b_mid-1.5=286073.3125  sbar_dark_T5c_mid-1.5=240158.7656  sbar_dark_T5d_mid-1.5=231144.7812  sbar_dark_T4a_mid-0.5=51071.4453  sbar_dark_T4b_mid-0.5=93352.2266  sbar_dark_T4c_mid-0.5=105066.2422  sbar_dark_T4d_mid-0.5=68784.6562  sbar_dark_T5a_mid-0.5=497859.1562  sbar_dark_T5b_mid-0.5=652042.6875  sbar_dark_T5c_mid-0.5=418754.7812  sbar_dark_T5d_mid-0.5=536590.6250  sbar_dark_T4a_mid+0.5=29058.4648  sbar_dark_T4b_mid+0.5=61278.4531  sbar_dark_T4c_mid+0.5=27875.5508  sbar_dark_T4d_mid+0.5=67074.6953  sbar_dark_T5a_mid+0.5=79878.4609  sbar_dark_T5b_mid+0.5=82691.4453  sbar_dark_T5c_mid+0.5=59503.0859  sbar_dark_T5d_mid+0.5=61751.4297  sbar_dark_T4b_mid+1.5=20091.9492  sbar_dark_T4c_mid+1.5=25097.4688  sbar_dark_T4d_mid+1.5=14463.7021  sbar_dark_T5a_mid+1.5=46841.0312  sbar_dark_T5b_mid+1.5=54287.2344  sbar_dark_T5c_mid+1.5=53740.0508  sbar_dark_T5d_mid+1.5=41363.8398  sbar_dark_T4a_mid+1.5=28025.3633]:  72%|███████▏  | 720/1000 [07:54<03:04,  1.52it/s] Cost: 348981.7500  [spread_bright_L5=1242893.3750  spread_bright_Mi1=767059.9375  spread_bright_Tm3=1223623.3750  spread_bright_Mi4=1303403.1250  spread_dark_L1=977235.8750  spread_dark_L2=1081721.0000  spread_dark_L3=991846.3750  spread_dark_L4=2663910.5000  spread_dark_Mi9=771781.3750  spread_dark_Tm1=797877.6875  spread_dark_Tm2=913521.8125  spread_dark_Tm4=1153920.8750  spread_dark_Tm9=1327563.1250  sbar_bright_T4a_mid+0=266168.2812  sbar_bright_T4b_mid+0=283844.0000  sbar_bright_T4c_mid+0=313828.4375  sbar_bright_T4d_mid+0=327519.4062  sbar_bright_T5a_mid+0=122204.4375  sbar_bright_T5b_mid+0=170025.7969  sbar_bright_T5c_mid+0=162948.0781  sbar_bright_T5d_mid+0=136838.8438  sbar_bright_T4a_mid+1=256383.1562  sbar_bright_T4b_mid+1=261403.9844  sbar_bright_T4c_mid+1=275454.2188  sbar_bright_T4d_mid+1=257489.4375  sbar_bright_T5a_mid+1=114733.8906  sbar_bright_T5b_mid+1=127141.7344  sbar_bright_T5c_mid+1=111429.2969  sbar_bright_T5d_mid+1=115483.7578  sbar_bright_T4a_mid+2=107339.5547  sbar_bright_T4b_mid+2=163249.0469  sbar_bright_T4c_mid+2=140134.6094  sbar_bright_T4d_mid+2=138759.0781  sbar_bright_T5a_mid+2=192908.5469  sbar_bright_T5b_mid+2=187099.8750  sbar_bright_T5c_mid+2=186224.5781  sbar_bright_T5d_mid+2=187415.0469  sbar_bright_T4a_mid-1=1583437.2500  sbar_bright_T4b_mid-1=1265395.1250  sbar_bright_T4c_mid-1=1531421.2500  sbar_bright_T4d_mid-1=1757775.0000  sbar_bright_T5a_mid-1=455212.7812  sbar_bright_T5b_mid-1=457811.3750  sbar_bright_T5c_mid-1=468338.3750  sbar_bright_T5d_mid-1=462654.6562  sbar_bright_T4a_mid-2=275014.9062  sbar_bright_T4b_mid-2=286024.4375  sbar_bright_T4c_mid-2=294605.7188  sbar_bright_T4d_mid-2=323608.2188  sbar_bright_T5b_mid-2=86751.8047  sbar_bright_T5c_mid-2=76009.6797  sbar_bright_T5d_mid-2=81049.5938  sbar_bright_T5a_mid-2=85202.7812  sbar_bright_T4a_mid-1.5=169143.3750  sbar_bright_T4b_mid-1.5=136406.8594  sbar_bright_T4c_mid-1.5=120550.9922  sbar_bright_T4d_mid-1.5=217753.3594  sbar_bright_T5a_mid-1.5=108767.6562  sbar_bright_T5b_mid-1.5=113708.9609  sbar_bright_T5c_mid-1.5=102825.4531  sbar_bright_T5d_mid-1.5=101496.7891  sbar_bright_T4a_mid-0.5=929987.9375  sbar_bright_T4b_mid-0.5=907744.2500  sbar_bright_T4c_mid-0.5=1052144.6250  sbar_bright_T4d_mid-0.5=1078403.1250  sbar_bright_T5a_mid-0.5=154475.2656  sbar_bright_T5b_mid-0.5=160078.5000  sbar_bright_T5c_mid-0.5=149751.5312  sbar_bright_T5d_mid-0.5=156070.9062  sbar_bright_T4a_mid+0.5=159733.6875  sbar_bright_T4b_mid+0.5=98764.8516  sbar_bright_T4c_mid+0.5=101247.6875  sbar_bright_T4d_mid+0.5=99304.2578  sbar_bright_T5a_mid+0.5=63832.1484  sbar_bright_T5b_mid+0.5=60953.2734  sbar_bright_T5c_mid+0.5=40143.0742  sbar_bright_T5d_mid+0.5=41892.0156  sbar_bright_T4b_mid+1.5=88955.5625  sbar_bright_T4c_mid+1.5=121397.2891  sbar_bright_T4d_mid+1.5=65799.4844  sbar_bright_T5a_mid+1.5=43722.8984  sbar_bright_T5b_mid+1.5=48467.1523  sbar_bright_T5c_mid+1.5=43823.7227  sbar_bright_T5d_mid+1.5=38084.6484  sbar_bright_T4a_mid+1.5=94252.4844  sbar_dark_T4a_mid+0=74677.4844  sbar_dark_T4b_mid+0=84478.5625  sbar_dark_T4c_mid+0=101872.4375  sbar_dark_T4d_mid+0=87722.4531  sbar_dark_T5a_mid+0=331775.3438  sbar_dark_T5b_mid+0=302719.2812  sbar_dark_T5c_mid+0=297988.5625  sbar_dark_T5d_mid+0=337047.5000  sbar_dark_T4a_mid+1=98844.8125  sbar_dark_T4b_mid+1=80131.7656  sbar_dark_T4c_mid+1=68109.9766  sbar_dark_T4d_mid+1=84613.3906  sbar_dark_T5a_mid+1=206439.4844  sbar_dark_T5b_mid+1=191972.6094  sbar_dark_T5c_mid+1=229959.7344  sbar_dark_T5d_mid+1=152855.5781  sbar_dark_T4a_mid+2=110331.8516  sbar_dark_T4b_mid+2=123603.8828  sbar_dark_T4c_mid+2=121200.3281  sbar_dark_T4d_mid+2=105418.6172  sbar_dark_T5a_mid+2=199699.6562  sbar_dark_T5b_mid+2=214802.1250  sbar_dark_T5c_mid+2=198570.7656  sbar_dark_T5d_mid+2=198017.2344  sbar_dark_T4a_mid-1=416453.1875  sbar_dark_T4b_mid-1=259944.5312  sbar_dark_T4c_mid-1=197197.1562  sbar_dark_T4d_mid-1=260128.9375  sbar_dark_T5a_mid-1=1360729.5000  sbar_dark_T5b_mid-1=1311862.6250  sbar_dark_T5c_mid-1=1233991.7500  sbar_dark_T5d_mid-1=1411084.7500  sbar_dark_T4a_mid-2=174074.8750  sbar_dark_T4b_mid-2=171005.6719  sbar_dark_T4c_mid-2=163497.3281  sbar_dark_T4d_mid-2=154274.4062  sbar_dark_T5b_mid-2=853914.6250  sbar_dark_T5c_mid-2=663539.9375  sbar_dark_T5d_mid-2=764157.1250  sbar_dark_T5a_mid-2=760301.5000  sbar_dark_T4a_mid-1.5=47798.9844  sbar_dark_T4b_mid-1.5=77281.4219  sbar_dark_T4c_mid-1.5=81349.3047  sbar_dark_T4d_mid-1.5=27234.7852  sbar_dark_T5a_mid-1.5=241030.0625  sbar_dark_T5b_mid-1.5=286230.7812  sbar_dark_T5c_mid-1.5=233607.9531  sbar_dark_T5d_mid-1.5=227397.3125  sbar_dark_T4a_mid-0.5=56575.1172  sbar_dark_T4b_mid-0.5=98709.4141  sbar_dark_T4c_mid-0.5=113763.2344  sbar_dark_T4d_mid-0.5=72849.5781  sbar_dark_T5a_mid-0.5=497476.4375  sbar_dark_T5b_mid-0.5=645466.0000  sbar_dark_T5c_mid-0.5=415636.9062  sbar_dark_T5d_mid-0.5=547203.4375  sbar_dark_T4a_mid+0.5=31741.5000  sbar_dark_T4b_mid+0.5=68262.8594  sbar_dark_T4c_mid+0.5=30093.8711  sbar_dark_T4d_mid+0.5=72398.0547  sbar_dark_T5a_mid+0.5=79425.4297  sbar_dark_T5b_mid+0.5=82908.9766  sbar_dark_T5c_mid+0.5=61970.0352  sbar_dark_T5d_mid+0.5=64111.3711  sbar_dark_T4b_mid+1.5=20797.6211  sbar_dark_T4c_mid+1.5=26412.9062  sbar_dark_T4d_mid+1.5=15578.3760  sbar_dark_T5a_mid+1.5=47651.6016  sbar_dark_T5b_mid+1.5=54185.7734  sbar_dark_T5c_mid+1.5=53985.9883  sbar_dark_T5d_mid+1.5=40596.6602  sbar_dark_T4a_mid+1.5=29020.8203]:  73%|███████▎  | 730/1000 [08:00<02:57,  1.52it/s] Cost: 348336.2188  [spread_bright_L5=1262853.2500  spread_bright_Mi1=755450.7500  spread_bright_Tm3=1246174.0000  spread_bright_Mi4=1266549.2500  spread_dark_L1=972288.1250  spread_dark_L2=1097426.3750  spread_dark_L3=981532.9375  spread_dark_L4=2645544.0000  spread_dark_Mi9=766749.5625  spread_dark_Tm1=805096.6250  spread_dark_Tm2=933988.6250  spread_dark_Tm4=1165749.1250  spread_dark_Tm9=1355041.1250  sbar_bright_T4a_mid+0=262909.8438  sbar_bright_T4b_mid+0=278079.2500  sbar_bright_T4c_mid+0=309400.6875  sbar_bright_T4d_mid+0=323462.6250  sbar_bright_T5a_mid+0=121343.5391  sbar_bright_T5b_mid+0=166982.1250  sbar_bright_T5c_mid+0=161113.4219  sbar_bright_T5d_mid+0=134974.0312  sbar_bright_T4a_mid+1=256666.5469  sbar_bright_T4b_mid+1=260008.2656  sbar_bright_T4c_mid+1=274099.0000  sbar_bright_T4d_mid+1=259157.4219  sbar_bright_T5a_mid+1=113761.0312  sbar_bright_T5b_mid+1=124884.8906  sbar_bright_T5c_mid+1=109420.0000  sbar_bright_T5d_mid+1=114302.3594  sbar_bright_T4a_mid+2=105525.7422  sbar_bright_T4b_mid+2=156352.0000  sbar_bright_T4c_mid+2=133707.7969  sbar_bright_T4d_mid+2=138966.3438  sbar_bright_T5a_mid+2=190367.7656  sbar_bright_T5b_mid+2=186107.4688  sbar_bright_T5c_mid+2=184137.1719  sbar_bright_T5d_mid+2=185502.0156  sbar_bright_T4a_mid-1=1576689.1250  sbar_bright_T4b_mid-1=1278988.3750  sbar_bright_T4c_mid-1=1552102.5000  sbar_bright_T4d_mid-1=1757819.6250  sbar_bright_T5a_mid-1=456330.9688  sbar_bright_T5b_mid-1=458712.6562  sbar_bright_T5c_mid-1=470337.1562  sbar_bright_T5d_mid-1=461078.4062  sbar_bright_T4a_mid-2=277705.9375  sbar_bright_T4b_mid-2=289829.1562  sbar_bright_T4c_mid-2=296810.4688  sbar_bright_T4d_mid-2=321165.9688  sbar_bright_T5b_mid-2=86315.4844  sbar_bright_T5c_mid-2=75201.5703  sbar_bright_T5d_mid-2=80151.7031  sbar_bright_T5a_mid-2=84709.1094  sbar_bright_T4a_mid-1.5=171568.7031  sbar_bright_T4b_mid-1.5=138306.8594  sbar_bright_T4c_mid-1.5=123735.2266  sbar_bright_T4d_mid-1.5=217023.5312  sbar_bright_T5a_mid-1.5=108613.7500  sbar_bright_T5b_mid-1.5=114141.0391  sbar_bright_T5c_mid-1.5=103415.8906  sbar_bright_T5d_mid-1.5=102102.7656  sbar_bright_T4a_mid-0.5=929692.5000  sbar_bright_T4b_mid-0.5=914745.6250  sbar_bright_T4c_mid-0.5=1062376.0000  sbar_bright_T4d_mid-0.5=1074423.3750  sbar_bright_T5a_mid-0.5=155941.0938  sbar_bright_T5b_mid-0.5=160227.2031  sbar_bright_T5c_mid-0.5=151863.4531  sbar_bright_T5d_mid-0.5=156307.5938  sbar_bright_T4a_mid+0.5=156996.5781  sbar_bright_T4b_mid+0.5=99451.5312  sbar_bright_T4c_mid+0.5=101362.4375  sbar_bright_T4d_mid+0.5=99144.1328  sbar_bright_T5a_mid+0.5=64864.3164  sbar_bright_T5b_mid+0.5=60432.0273  sbar_bright_T5c_mid+0.5=40359.5703  sbar_bright_T5d_mid+0.5=42139.8828  sbar_bright_T4b_mid+1.5=86030.0000  sbar_bright_T4c_mid+1.5=117115.7812  sbar_bright_T4d_mid+1.5=66650.5547  sbar_bright_T5a_mid+1.5=43411.2148  sbar_bright_T5b_mid+1.5=48494.4258  sbar_bright_T5c_mid+1.5=43766.6016  sbar_bright_T5d_mid+1.5=38246.7070  sbar_bright_T4a_mid+1.5=91926.0625  sbar_dark_T4a_mid+0=78903.0859  sbar_dark_T4b_mid+0=85534.2422  sbar_dark_T4c_mid+0=99152.8203  sbar_dark_T4d_mid+0=87641.7500  sbar_dark_T5a_mid+0=359445.6250  sbar_dark_T5b_mid+0=312514.3750  sbar_dark_T5c_mid+0=299866.6250  sbar_dark_T5d_mid+0=335133.2188  sbar_dark_T4a_mid+1=98248.5156  sbar_dark_T4b_mid+1=79470.9531  sbar_dark_T4c_mid+1=66435.5547  sbar_dark_T4d_mid+1=83773.9141  sbar_dark_T5a_mid+1=205290.0469  sbar_dark_T5b_mid+1=189532.2031  sbar_dark_T5c_mid+1=227173.1875  sbar_dark_T5d_mid+1=152666.2344  sbar_dark_T4a_mid+2=108627.9141  sbar_dark_T4b_mid+2=119284.2422  sbar_dark_T4c_mid+2=114513.6719  sbar_dark_T4d_mid+2=107197.2422  sbar_dark_T5a_mid+2=195301.5938  sbar_dark_T5b_mid+2=211666.3906  sbar_dark_T5c_mid+2=195062.3594  sbar_dark_T5d_mid+2=195649.1562  sbar_dark_T4a_mid-1=419198.5938  sbar_dark_T4b_mid-1=250571.4375  sbar_dark_T4c_mid-1=193011.7656  sbar_dark_T4d_mid-1=258013.5469  sbar_dark_T5a_mid-1=1342819.6250  sbar_dark_T5b_mid-1=1305956.3750  sbar_dark_T5c_mid-1=1226695.2500  sbar_dark_T5d_mid-1=1405147.6250  sbar_dark_T4a_mid-2=171251.7969  sbar_dark_T4b_mid-2=167053.5156  sbar_dark_T4c_mid-2=160918.7969  sbar_dark_T4d_mid-2=157399.5625  sbar_dark_T5b_mid-2=844755.6250  sbar_dark_T5c_mid-2=660523.8125  sbar_dark_T5d_mid-2=760241.3125  sbar_dark_T5a_mid-2=752403.0000  sbar_dark_T4a_mid-1.5=46544.3086  sbar_dark_T4b_mid-1.5=75434.3672  sbar_dark_T4c_mid-1.5=77893.5859  sbar_dark_T4d_mid-1.5=27158.8652  sbar_dark_T5a_mid-1.5=236534.8125  sbar_dark_T5b_mid-1.5=284252.1875  sbar_dark_T5c_mid-1.5=230508.8594  sbar_dark_T5d_mid-1.5=223783.3906  sbar_dark_T4a_mid-0.5=54767.6992  sbar_dark_T4b_mid-0.5=98978.2656  sbar_dark_T4c_mid-0.5=108741.9922  sbar_dark_T4d_mid-0.5=74264.4297  sbar_dark_T5a_mid-0.5=490040.0000  sbar_dark_T5b_mid-0.5=643336.5000  sbar_dark_T5c_mid-0.5=411348.9375  sbar_dark_T5d_mid-0.5=542444.1875  sbar_dark_T4a_mid+0.5=34600.2930  sbar_dark_T4b_mid+0.5=65608.6797  sbar_dark_T4c_mid+0.5=30389.3828  sbar_dark_T4d_mid+0.5=69880.2031  sbar_dark_T5a_mid+0.5=76864.0469  sbar_dark_T5b_mid+0.5=80738.2266  sbar_dark_T5c_mid+0.5=60309.1719  sbar_dark_T5d_mid+0.5=62702.0703  sbar_dark_T4b_mid+1.5=20054.8125  sbar_dark_T4c_mid+1.5=24541.4434  sbar_dark_T4d_mid+1.5=16137.1523  sbar_dark_T5a_mid+1.5=46738.1719  sbar_dark_T5b_mid+1.5=53420.4531  sbar_dark_T5c_mid+1.5=53586.5977  sbar_dark_T5d_mid+1.5=40392.9531  sbar_dark_T4a_mid+1.5=28223.9883]:   74%|███████▍  | 740/1000 [08:07<02:50,  1.52it/s] Cost: 365503.2812  [spread_bright_L5=1259958.3750  spread_bright_Mi1=785220.0625  spread_bright_Tm3=1268717.8750  spread_bright_Mi4=1441623.5000  spread_dark_L1=931707.9375  spread_dark_L2=993470.6875  spread_dark_L3=1059576.7500  spread_dark_L4=2908029.2500  spread_dark_Mi9=927812.0625  spread_dark_Tm1=784322.8125  spread_dark_Tm2=939996.2500  spread_dark_Tm4=1169421.7500  spread_dark_Tm9=1470209.7500  sbar_bright_T4a_mid+0=265702.5938  sbar_bright_T4b_mid+0=299009.4688  sbar_bright_T4c_mid+0=301731.7812  sbar_bright_T4d_mid+0=316814.6562  sbar_bright_T5a_mid+0=139183.4375  sbar_bright_T5b_mid+0=183735.1719  sbar_bright_T5c_mid+0=177591.3438  sbar_bright_T5d_mid+0=154586.1094  sbar_bright_T4a_mid+1=266982.0000  sbar_bright_T4b_mid+1=267444.5312  sbar_bright_T4c_mid+1=294628.6562  sbar_bright_T4d_mid+1=286598.3125  sbar_bright_T5a_mid+1=124073.1406  sbar_bright_T5b_mid+1=137242.5156  sbar_bright_T5c_mid+1=125436.2969  sbar_bright_T5d_mid+1=123678.3203  sbar_bright_T4a_mid+2=110873.6484  sbar_bright_T4b_mid+2=149807.7031  sbar_bright_T4c_mid+2=148127.6250  sbar_bright_T4d_mid+2=149846.8281  sbar_bright_T5a_mid+2=201981.8125  sbar_bright_T5b_mid+2=183332.0625  sbar_bright_T5c_mid+2=183038.4062  sbar_bright_T5d_mid+2=192046.4219  sbar_bright_T4a_mid-1=1635891.3750  sbar_bright_T4b_mid-1=1415884.3750  sbar_bright_T4c_mid-1=1562461.5000  sbar_bright_T4d_mid-1=1818413.6250  sbar_bright_T5a_mid-1=437478.7812  sbar_bright_T5b_mid-1=450929.5625  sbar_bright_T5c_mid-1=447149.5625  sbar_bright_T5d_mid-1=452872.2812  sbar_bright_T4a_mid-2=327609.0312  sbar_bright_T4b_mid-2=302622.3750  sbar_bright_T4c_mid-2=293711.8125  sbar_bright_T4d_mid-2=342093.4375  sbar_bright_T5b_mid-2=88087.2422  sbar_bright_T5c_mid-2=78242.4531  sbar_bright_T5d_mid-2=84669.4219  sbar_bright_T5a_mid-2=90654.3125  sbar_bright_T4a_mid-1.5=190009.0312  sbar_bright_T4b_mid-1.5=176199.6094  sbar_bright_T4c_mid-1.5=150697.4531  sbar_bright_T4d_mid-1.5=236118.4375  sbar_bright_T5a_mid-1.5=108215.3750  sbar_bright_T5b_mid-1.5=110487.2812  sbar_bright_T5c_mid-1.5=97494.2891  sbar_bright_T5d_mid-1.5=93547.8203  sbar_bright_T4a_mid-0.5=951057.1250  sbar_bright_T4b_mid-0.5=1030940.5625  sbar_bright_T4c_mid-0.5=1069057.6250  sbar_bright_T4d_mid-0.5=1119483.7500  sbar_bright_T5a_mid-0.5=152866.0625  sbar_bright_T5b_mid-0.5=156452.8750  sbar_bright_T5c_mid-0.5=147743.9531  sbar_bright_T5d_mid-0.5=151650.8438  sbar_bright_T4a_mid+0.5=170604.2500  sbar_bright_T4b_mid+0.5=115664.6016  sbar_bright_T4c_mid+0.5=118386.7969  sbar_bright_T4d_mid+0.5=107360.1562  sbar_bright_T5a_mid+0.5=61261.7266  sbar_bright_T5b_mid+0.5=59771.1172  sbar_bright_T5c_mid+0.5=44646.7422  sbar_bright_T5d_mid+0.5=42563.4102  sbar_bright_T4b_mid+1.5=84340.5938  sbar_bright_T4c_mid+1.5=124243.4141  sbar_bright_T4d_mid+1.5=72817.4062  sbar_bright_T5a_mid+1.5=40685.9453  sbar_bright_T5b_mid+1.5=47267.8867  sbar_bright_T5c_mid+1.5=40573.9648  sbar_bright_T5d_mid+1.5=39398.5469  sbar_bright_T4a_mid+1.5=104806.1719  sbar_dark_T4a_mid+0=69070.2734  sbar_dark_T4b_mid+0=80276.3594  sbar_dark_T4c_mid+0=101562.8516  sbar_dark_T4d_mid+0=73082.5312  sbar_dark_T5a_mid+0=231582.9844  sbar_dark_T5b_mid+0=291857.6250  sbar_dark_T5c_mid+0=286566.6562  sbar_dark_T5d_mid+0=312322.5000  sbar_dark_T4a_mid+1=94848.1016  sbar_dark_T4b_mid+1=56330.4141  sbar_dark_T4c_mid+1=67669.7969  sbar_dark_T4d_mid+1=78963.7109  sbar_dark_T5a_mid+1=181069.2656  sbar_dark_T5b_mid+1=201358.2188  sbar_dark_T5c_mid+1=213261.7500  sbar_dark_T5d_mid+1=159471.0312  sbar_dark_T4a_mid+2=99832.7812  sbar_dark_T4b_mid+2=105061.8750  sbar_dark_T4c_mid+2=105924.1953  sbar_dark_T4d_mid+2=102741.7031  sbar_dark_T5a_mid+2=243483.0156  sbar_dark_T5b_mid+2=233791.6406  sbar_dark_T5c_mid+2=219582.9531  sbar_dark_T5d_mid+2=225000.9688  sbar_dark_T4a_mid-1=383360.1250  sbar_dark_T4b_mid-1=177407.5938  sbar_dark_T4c_mid-1=184705.3438  sbar_dark_T4d_mid-1=239370.3281  sbar_dark_T5a_mid-1=1586395.2500  sbar_dark_T5b_mid-1=1415090.3750  sbar_dark_T5c_mid-1=1366360.8750  sbar_dark_T5d_mid-1=1553782.2500  sbar_dark_T4a_mid-2=149644.1562  sbar_dark_T4b_mid-2=123522.2969  sbar_dark_T4c_mid-2=161507.7344  sbar_dark_T4d_mid-2=106798.2266  sbar_dark_T5b_mid-2=928453.0625  sbar_dark_T5c_mid-2=790201.5625  sbar_dark_T5d_mid-2=878874.6250  sbar_dark_T5a_mid-2=867453.6250  sbar_dark_T4a_mid-1.5=39696.6367  sbar_dark_T4b_mid-1.5=48111.5508  sbar_dark_T4c_mid-1.5=57340.9453  sbar_dark_T4d_mid-1.5=22079.9922  sbar_dark_T5a_mid-1.5=297711.9062  sbar_dark_T5b_mid-1.5=321114.8750  sbar_dark_T5c_mid-1.5=286814.1562  sbar_dark_T5d_mid-1.5=271243.7188  sbar_dark_T4a_mid-0.5=47401.6758  sbar_dark_T4b_mid-0.5=69172.9688  sbar_dark_T4c_mid-0.5=110525.4219  sbar_dark_T4d_mid-0.5=58375.2695  sbar_dark_T5a_mid-0.5=606556.1250  sbar_dark_T5b_mid-0.5=690586.3125  sbar_dark_T5c_mid-0.5=517986.7812  sbar_dark_T5d_mid-0.5=616488.0000  sbar_dark_T4a_mid+0.5=33598.1562  sbar_dark_T4b_mid+0.5=52536.3281  sbar_dark_T4c_mid+0.5=30228.5059  sbar_dark_T4d_mid+0.5=68195.6250  sbar_dark_T5a_mid+0.5=92883.8984  sbar_dark_T5b_mid+0.5=94534.8359  sbar_dark_T5c_mid+0.5=67717.5547  sbar_dark_T5d_mid+0.5=64053.2031  sbar_dark_T4b_mid+1.5=16827.7852  sbar_dark_T4c_mid+1.5=24366.1504  sbar_dark_T4d_mid+1.5=15715.9473  sbar_dark_T5a_mid+1.5=49692.1133  sbar_dark_T5b_mid+1.5=60844.2617  sbar_dark_T5c_mid+1.5=59112.7500  sbar_dark_T5d_mid+1.5=47763.4062  sbar_dark_T4a_mid+1.5=28330.5312]:  75%|███████▌  | 750/1000 [08:13<02:44,  1.52it/s] Cost: 353525.3125  [spread_bright_L5=1192942.6250  spread_bright_Mi1=775293.1875  spread_bright_Tm3=1265759.2500  spread_bright_Mi4=1316644.2500  spread_dark_L1=1007759.0625  spread_dark_L2=1050601.5000  spread_dark_L3=1042813.1875  spread_dark_L4=2649067.0000  spread_dark_Mi9=739632.8125  spread_dark_Tm1=785306.6875  spread_dark_Tm2=897867.3750  spread_dark_Tm4=1149644.2500  spread_dark_Tm9=1248554.8750  sbar_bright_T4a_mid+0=267295.9062  sbar_bright_T4b_mid+0=309507.1562  sbar_bright_T4c_mid+0=339323.2500  sbar_bright_T4d_mid+0=325901.4062  sbar_bright_T5a_mid+0=129290.0859  sbar_bright_T5b_mid+0=163565.1094  sbar_bright_T5c_mid+0=164598.2344  sbar_bright_T5d_mid+0=143984.9375  sbar_bright_T4a_mid+1=249399.6094  sbar_bright_T4b_mid+1=252228.4062  sbar_bright_T4c_mid+1=256414.7500  sbar_bright_T4d_mid+1=249148.3750  sbar_bright_T5a_mid+1=117687.3359  sbar_bright_T5b_mid+1=127649.3203  sbar_bright_T5c_mid+1=112900.3047  sbar_bright_T5d_mid+1=120834.7891  sbar_bright_T4a_mid+2=86127.4062  sbar_bright_T4b_mid+2=106523.9922  sbar_bright_T4c_mid+2=105201.1328  sbar_bright_T4d_mid+2=118378.5781  sbar_bright_T5a_mid+2=199570.0156  sbar_bright_T5b_mid+2=190902.1406  sbar_bright_T5c_mid+2=192503.8906  sbar_bright_T5d_mid+2=195914.6094  sbar_bright_T4a_mid-1=1690401.5000  sbar_bright_T4b_mid-1=1423664.1250  sbar_bright_T4c_mid-1=1661225.2500  sbar_bright_T4d_mid-1=1851333.0000  sbar_bright_T5a_mid-1=455340.3750  sbar_bright_T5b_mid-1=462370.6250  sbar_bright_T5c_mid-1=469475.1875  sbar_bright_T5d_mid-1=460338.2500  sbar_bright_T4a_mid-2=322725.4688  sbar_bright_T4b_mid-2=324146.9062  sbar_bright_T4c_mid-2=329497.0938  sbar_bright_T4d_mid-2=344503.0938  sbar_bright_T5b_mid-2=90403.0156  sbar_bright_T5c_mid-2=76974.0000  sbar_bright_T5d_mid-2=85735.2422  sbar_bright_T5a_mid-2=87994.3750  sbar_bright_T4a_mid-1.5=184164.4688  sbar_bright_T4b_mid-1.5=165461.3438  sbar_bright_T4c_mid-1.5=139098.0938  sbar_bright_T4d_mid-1.5=232481.2812  sbar_bright_T5a_mid-1.5=109678.0625  sbar_bright_T5b_mid-1.5=115384.6484  sbar_bright_T5c_mid-1.5=103357.4766  sbar_bright_T5d_mid-1.5=101535.1172  sbar_bright_T4a_mid-0.5=986821.4375  sbar_bright_T4b_mid-0.5=1010466.3750  sbar_bright_T4c_mid-0.5=1120230.6250  sbar_bright_T4d_mid-0.5=1135601.7500  sbar_bright_T5a_mid-0.5=153376.6875  sbar_bright_T5b_mid-0.5=160303.5312  sbar_bright_T5c_mid-0.5=150674.6094  sbar_bright_T5d_mid-0.5=156469.1875  sbar_bright_T4a_mid+0.5=174017.2656  sbar_bright_T4b_mid+0.5=115815.9531  sbar_bright_T4c_mid+0.5=115427.4922  sbar_bright_T4d_mid+0.5=115253.4453  sbar_bright_T5a_mid+0.5=63282.3711  sbar_bright_T5b_mid+0.5=57685.2656  sbar_bright_T5c_mid+0.5=40814.5938  sbar_bright_T5d_mid+0.5=42457.4023  sbar_bright_T4b_mid+1.5=76786.3984  sbar_bright_T4c_mid+1.5=103489.5156  sbar_bright_T4d_mid+1.5=62895.7539  sbar_bright_T5a_mid+1.5=43803.9062  sbar_bright_T5b_mid+1.5=49791.8281  sbar_bright_T5c_mid+1.5=42935.8086  sbar_bright_T5d_mid+1.5=37502.3320  sbar_bright_T4a_mid+1.5=80344.0234  sbar_dark_T4a_mid+0=52010.3125  sbar_dark_T4b_mid+0=58747.4336  sbar_dark_T4c_mid+0=85647.7812  sbar_dark_T4d_mid+0=68488.4922  sbar_dark_T5a_mid+0=400589.7812  sbar_dark_T5b_mid+0=375205.6250  sbar_dark_T5c_mid+0=345591.8125  sbar_dark_T5d_mid+0=398402.5000  sbar_dark_T4a_mid+1=89287.1797  sbar_dark_T4b_mid+1=53200.3438  sbar_dark_T4c_mid+1=57092.2852  sbar_dark_T4d_mid+1=74720.7812  sbar_dark_T5a_mid+1=217005.7344  sbar_dark_T5b_mid+1=185628.9062  sbar_dark_T5c_mid+1=228144.2812  sbar_dark_T5d_mid+1=150501.5312  sbar_dark_T4a_mid+2=86129.0078  sbar_dark_T4b_mid+2=106167.8594  sbar_dark_T4c_mid+2=85825.4219  sbar_dark_T4d_mid+2=80381.5391  sbar_dark_T5a_mid+2=205263.9688  sbar_dark_T5b_mid+2=213165.8125  sbar_dark_T5c_mid+2=201083.0312  sbar_dark_T5d_mid+2=202443.0469  sbar_dark_T4a_mid-1=344929.9062  sbar_dark_T4b_mid-1=212958.1250  sbar_dark_T4c_mid-1=170580.1406  sbar_dark_T4d_mid-1=235906.7656  sbar_dark_T5a_mid-1=1397245.1250  sbar_dark_T5b_mid-1=1332189.1250  sbar_dark_T5c_mid-1=1253582.2500  sbar_dark_T5d_mid-1=1438240.7500  sbar_dark_T4a_mid-2=137766.6562  sbar_dark_T4b_mid-2=132832.6875  sbar_dark_T4c_mid-2=132634.2969  sbar_dark_T4d_mid-2=129706.2344  sbar_dark_T5b_mid-2=865072.0000  sbar_dark_T5c_mid-2=687012.4375  sbar_dark_T5d_mid-2=792918.4375  sbar_dark_T5a_mid-2=778443.8125  sbar_dark_T4a_mid-1.5=39953.5469  sbar_dark_T4b_mid-1.5=58644.5820  sbar_dark_T4c_mid-1.5=60224.9141  sbar_dark_T4d_mid-1.5=24613.2539  sbar_dark_T5a_mid-1.5=248201.1250  sbar_dark_T5b_mid-1.5=292536.6562  sbar_dark_T5c_mid-1.5=240946.5312  sbar_dark_T5d_mid-1.5=233121.9219  sbar_dark_T4a_mid-0.5=54764.1289  sbar_dark_T4b_mid-0.5=80100.2422  sbar_dark_T4c_mid-0.5=101651.9297  sbar_dark_T4d_mid-0.5=59753.7812  sbar_dark_T5a_mid-0.5=525074.5000  sbar_dark_T5b_mid-0.5=663572.5000  sbar_dark_T5c_mid-0.5=432410.8750  sbar_dark_T5d_mid-0.5=562692.7500  sbar_dark_T4a_mid+0.5=26793.2559  sbar_dark_T4b_mid+0.5=59656.1758  sbar_dark_T4c_mid+0.5=24564.8809  sbar_dark_T4d_mid+0.5=71168.4141  sbar_dark_T5a_mid+0.5=82700.5859  sbar_dark_T5b_mid+0.5=84141.8672  sbar_dark_T5c_mid+0.5=65011.6562  sbar_dark_T5d_mid+0.5=67108.3203  sbar_dark_T4b_mid+1.5=13946.5195  sbar_dark_T4c_mid+1.5=17867.8418  sbar_dark_T4d_mid+1.5=12138.7031  sbar_dark_T5a_mid+1.5=46260.6289  sbar_dark_T5b_mid+1.5=52164.5156  sbar_dark_T5c_mid+1.5=50641.8984  sbar_dark_T5d_mid+1.5=38334.5352  sbar_dark_T4a_mid+1.5=19703.0098]:   76%|███████▌  | 760/1000 [08:20<02:39,  1.51it/s] Cost: 349398.1250  [spread_bright_L5=1237476.8750  spread_bright_Mi1=738961.1875  spread_bright_Tm3=1226372.6250  spread_bright_Mi4=1292431.5000  spread_dark_L1=1028206.2500  spread_dark_L2=1115378.3750  spread_dark_L3=958755.1875  spread_dark_L4=2618086.5000  spread_dark_Mi9=778452.0000  spread_dark_Tm1=749993.1875  spread_dark_Tm2=877112.5625  spread_dark_Tm4=1139358.0000  spread_dark_Tm9=1322997.1250  sbar_bright_T4a_mid+0=269954.0938  sbar_bright_T4b_mid+0=273730.1875  sbar_bright_T4c_mid+0=321997.8750  sbar_bright_T4d_mid+0=325824.0938  sbar_bright_T5a_mid+0=125397.7344  sbar_bright_T5b_mid+0=156055.0938  sbar_bright_T5c_mid+0=150674.3281  sbar_bright_T5d_mid+0=127490.6797  sbar_bright_T4a_mid+1=259706.7031  sbar_bright_T4b_mid+1=268439.1562  sbar_bright_T4c_mid+1=274328.2812  sbar_bright_T4d_mid+1=256599.2500  sbar_bright_T5a_mid+1=115523.1953  sbar_bright_T5b_mid+1=120667.6562  sbar_bright_T5c_mid+1=104910.6641  sbar_bright_T5d_mid+1=111256.7812  sbar_bright_T4a_mid+2=100875.6016  sbar_bright_T4b_mid+2=162658.5469  sbar_bright_T4c_mid+2=135026.6875  sbar_bright_T4d_mid+2=127665.6406  sbar_bright_T5a_mid+2=179890.0781  sbar_bright_T5b_mid+2=182548.6250  sbar_bright_T5c_mid+2=178956.0469  sbar_bright_T5d_mid+2=182885.5781  sbar_bright_T4a_mid-1=1608558.1250  sbar_bright_T4b_mid-1=1285440.5000  sbar_bright_T4c_mid-1=1601429.8750  sbar_bright_T4d_mid-1=1793335.0000  sbar_bright_T5a_mid-1=447994.2188  sbar_bright_T5b_mid-1=437154.8438  sbar_bright_T5c_mid-1=440196.9688  sbar_bright_T5d_mid-1=441124.2188  sbar_bright_T4a_mid-2=302830.0938  sbar_bright_T4b_mid-2=283383.4375  sbar_bright_T4c_mid-2=308704.7188  sbar_bright_T4d_mid-2=334678.9688  sbar_bright_T5b_mid-2=86241.9062  sbar_bright_T5c_mid-2=71287.5469  sbar_bright_T5d_mid-2=78622.3203  sbar_bright_T5a_mid-2=84934.1562  sbar_bright_T4a_mid-1.5=176573.1562  sbar_bright_T4b_mid-1.5=145446.0625  sbar_bright_T4c_mid-1.5=131585.5938  sbar_bright_T4d_mid-1.5=223761.8281  sbar_bright_T5a_mid-1.5=102678.5078  sbar_bright_T5b_mid-1.5=112404.0703  sbar_bright_T5c_mid-1.5=98423.1328  sbar_bright_T5d_mid-1.5=97567.9219  sbar_bright_T4a_mid-0.5=939839.3750  sbar_bright_T4b_mid-0.5=927431.1250  sbar_bright_T4c_mid-0.5=1077042.2500  sbar_bright_T4d_mid-0.5=1093788.8750  sbar_bright_T5a_mid-0.5=147718.8438  sbar_bright_T5b_mid-0.5=152288.0000  sbar_bright_T5c_mid-0.5=139232.9219  sbar_bright_T5d_mid-0.5=145535.9531  sbar_bright_T4a_mid+0.5=164694.7031  sbar_bright_T4b_mid+0.5=98512.6562  sbar_bright_T4c_mid+0.5=106659.7812  sbar_bright_T4d_mid+0.5=105148.7656  sbar_bright_T5a_mid+0.5=67849.6719  sbar_bright_T5b_mid+0.5=56413.1523  sbar_bright_T5c_mid+0.5=36931.4805  sbar_bright_T5d_mid+0.5=39414.4336  sbar_bright_T4b_mid+1.5=93808.1094  sbar_bright_T4c_mid+1.5=117593.6250  sbar_bright_T4d_mid+1.5=63926.3320  sbar_bright_T5a_mid+1.5=41319.8945  sbar_bright_T5b_mid+1.5=47071.6367  sbar_bright_T5c_mid+1.5=40946.4414  sbar_bright_T5d_mid+1.5=36880.3438  sbar_bright_T4a_mid+1.5=94795.6797  sbar_dark_T4a_mid+0=65003.6445  sbar_dark_T4b_mid+0=80576.1719  sbar_dark_T4c_mid+0=90270.1953  sbar_dark_T4d_mid+0=71060.1484  sbar_dark_T5a_mid+0=512861.1875  sbar_dark_T5b_mid+0=299617.8125  sbar_dark_T5c_mid+0=284338.8125  sbar_dark_T5d_mid+0=329788.4375  sbar_dark_T4a_mid+1=90006.1484  sbar_dark_T4b_mid+1=75341.1406  sbar_dark_T4c_mid+1=60715.4492  sbar_dark_T4d_mid+1=72582.3125  sbar_dark_T5a_mid+1=285770.5312  sbar_dark_T5b_mid+1=196086.3438  sbar_dark_T5c_mid+1=232403.5938  sbar_dark_T5d_mid+1=157375.5156  sbar_dark_T4a_mid+2=97870.6719  sbar_dark_T4b_mid+2=120612.1250  sbar_dark_T4c_mid+2=111073.7500  sbar_dark_T4d_mid+2=88147.7344  sbar_dark_T5a_mid+2=194127.0156  sbar_dark_T5b_mid+2=226550.4688  sbar_dark_T5c_mid+2=206923.1719  sbar_dark_T5d_mid+2=205224.3594  sbar_dark_T4a_mid-1=391807.9688  sbar_dark_T4b_mid-1=249599.3438  sbar_dark_T4c_mid-1=181345.5000  sbar_dark_T4d_mid-1=240226.8594  sbar_dark_T5a_mid-1=1279125.1250  sbar_dark_T5b_mid-1=1359035.7500  sbar_dark_T5c_mid-1=1275436.8750  sbar_dark_T5d_mid-1=1459510.5000  sbar_dark_T4a_mid-2=157743.6719  sbar_dark_T4b_mid-2=165915.5469  sbar_dark_T4c_mid-2=147502.3438  sbar_dark_T4d_mid-2=130705.2578  sbar_dark_T5b_mid-2=876966.3125  sbar_dark_T5c_mid-2=690624.4375  sbar_dark_T5d_mid-2=790748.0000  sbar_dark_T5a_mid-2=733879.9375  sbar_dark_T4a_mid-1.5=45550.8086  sbar_dark_T4b_mid-1.5=71670.2109  sbar_dark_T4c_mid-1.5=69320.6562  sbar_dark_T4d_mid-1.5=25197.4023  sbar_dark_T5a_mid-1.5=234101.4688  sbar_dark_T5b_mid-1.5=296586.2500  sbar_dark_T5c_mid-1.5=247479.8125  sbar_dark_T5d_mid-1.5=237124.0000  sbar_dark_T4a_mid-0.5=52357.1797  sbar_dark_T4b_mid-0.5=94087.6641  sbar_dark_T4c_mid-0.5=102997.6641  sbar_dark_T4d_mid-0.5=68214.7969  sbar_dark_T5a_mid-0.5=464971.8750  sbar_dark_T5b_mid-0.5=674105.0000  sbar_dark_T5c_mid-0.5=425018.5312  sbar_dark_T5d_mid-0.5=566472.6875  sbar_dark_T4a_mid+0.5=28189.1250  sbar_dark_T4b_mid+0.5=65157.6836  sbar_dark_T4c_mid+0.5=26966.7500  sbar_dark_T4d_mid+0.5=60664.5703  sbar_dark_T5a_mid+0.5=79475.3984  sbar_dark_T5b_mid+0.5=87073.6172  sbar_dark_T5c_mid+0.5=63406.6484  sbar_dark_T5d_mid+0.5=62458.3828  sbar_dark_T4b_mid+1.5=21478.9707  sbar_dark_T4c_mid+1.5=24070.5645  sbar_dark_T4d_mid+1.5=13073.0361  sbar_dark_T5a_mid+1.5=53452.7422  sbar_dark_T5b_mid+1.5=56790.7305  sbar_dark_T5c_mid+1.5=56310.4297  sbar_dark_T5d_mid+1.5=43445.6211  sbar_dark_T4a_mid+1.5=27876.1504]:     77%|███████▋  | 770/1000 [08:27<02:32,  1.51it/s] Cost: 347541.5312  [spread_bright_L5=1250285.5000  spread_bright_Mi1=731472.8125  spread_bright_Tm3=1230646.3750  spread_bright_Mi4=1287072.3750  spread_dark_L1=1026407.7500  spread_dark_L2=1145064.6250  spread_dark_L3=959453.9375  spread_dark_L4=2658097.5000  spread_dark_Mi9=764239.6875  spread_dark_Tm1=770219.5625  spread_dark_Tm2=914106.6875  spread_dark_Tm4=1155969.7500  spread_dark_Tm9=1363760.2500  sbar_bright_T4a_mid+0=254926.4688  sbar_bright_T4b_mid+0=267651.7812  sbar_bright_T4c_mid+0=304353.7500  sbar_bright_T4d_mid+0=320233.2812  sbar_bright_T5a_mid+0=120722.8281  sbar_bright_T5b_mid+0=170342.9219  sbar_bright_T5c_mid+0=157093.3438  sbar_bright_T5d_mid+0=128717.5234  sbar_bright_T4a_mid+1=256852.3125  sbar_bright_T4b_mid+1=260586.1250  sbar_bright_T4c_mid+1=273268.4375  sbar_bright_T4d_mid+1=254702.4219  sbar_bright_T5a_mid+1=113171.0234  sbar_bright_T5b_mid+1=126261.8984  sbar_bright_T5c_mid+1=107008.8594  sbar_bright_T5d_mid+1=112212.3906  sbar_bright_T4a_mid+2=104459.0547  sbar_bright_T4b_mid+2=166509.2031  sbar_bright_T4c_mid+2=133080.0781  sbar_bright_T4d_mid+2=135801.5000  sbar_bright_T5a_mid+2=189304.8438  sbar_bright_T5b_mid+2=187153.8438  sbar_bright_T5c_mid+2=181813.5469  sbar_bright_T5d_mid+2=185338.4062  sbar_bright_T4a_mid-1=1579423.6250  sbar_bright_T4b_mid-1=1241689.3750  sbar_bright_T4c_mid-1=1534529.0000  sbar_bright_T4d_mid-1=1753617.7500  sbar_bright_T5a_mid-1=450611.1250  sbar_bright_T5b_mid-1=450053.6875  sbar_bright_T5c_mid-1=460990.1875  sbar_bright_T5d_mid-1=452171.2500  sbar_bright_T4a_mid-2=278341.3125  sbar_bright_T4b_mid-2=281026.5000  sbar_bright_T4c_mid-2=295962.3750  sbar_bright_T4d_mid-2=328009.0000  sbar_bright_T5b_mid-2=86809.6875  sbar_bright_T5c_mid-2=74093.7891  sbar_bright_T5d_mid-2=79412.6250  sbar_bright_T5a_mid-2=85666.3281  sbar_bright_T4a_mid-1.5=170333.9844  sbar_bright_T4b_mid-1.5=136871.7969  sbar_bright_T4c_mid-1.5=123779.3203  sbar_bright_T4d_mid-1.5=221675.5000  sbar_bright_T5a_mid-1.5=107766.3828  sbar_bright_T5b_mid-1.5=113588.5078  sbar_bright_T5c_mid-1.5=102691.7188  sbar_bright_T5d_mid-1.5=101667.8984  sbar_bright_T4a_mid-0.5=922860.3750  sbar_bright_T4b_mid-0.5=897724.7500  sbar_bright_T4c_mid-0.5=1057357.6250  sbar_bright_T4d_mid-0.5=1064643.0000  sbar_bright_T5a_mid-0.5=151054.1562  sbar_bright_T5b_mid-0.5=156920.3438  sbar_bright_T5c_mid-0.5=146872.6250  sbar_bright_T5d_mid-0.5=151640.1562  sbar_bright_T4a_mid+0.5=161984.8906  sbar_bright_T4b_mid+0.5=95429.8672  sbar_bright_T4c_mid+0.5=102238.6719  sbar_bright_T4d_mid+0.5=97236.4219  sbar_bright_T5a_mid+0.5=66486.1328  sbar_bright_T5b_mid+0.5=62005.6953  sbar_bright_T5c_mid+0.5=38828.6055  sbar_bright_T5d_mid+0.5=40983.9648  sbar_bright_T4b_mid+1.5=91728.5781  sbar_bright_T4c_mid+1.5=122266.2500  sbar_bright_T4d_mid+1.5=63153.6016  sbar_bright_T5a_mid+1.5=43536.6562  sbar_bright_T5b_mid+1.5=48984.5898  sbar_bright_T5c_mid+1.5=44613.8672  sbar_bright_T5d_mid+1.5=39388.4062  sbar_bright_T4a_mid+1.5=94722.7266  sbar_dark_T4a_mid+0=69575.1094  sbar_dark_T4b_mid+0=84249.1406  sbar_dark_T4c_mid+0=94801.5938  sbar_dark_T4d_mid+0=80409.2578  sbar_dark_T5a_mid+0=395104.7812  sbar_dark_T5b_mid+0=335645.7812  sbar_dark_T5c_mid+0=311183.0625  sbar_dark_T5d_mid+0=350579.5000  sbar_dark_T4a_mid+1=96439.3438  sbar_dark_T4b_mid+1=78341.6875  sbar_dark_T4c_mid+1=65684.5703  sbar_dark_T4d_mid+1=78502.5234  sbar_dark_T5a_mid+1=235089.6875  sbar_dark_T5b_mid+1=191987.5156  sbar_dark_T5c_mid+1=236456.7656  sbar_dark_T5d_mid+1=154995.8750  sbar_dark_T4a_mid+2=108526.8750  sbar_dark_T4b_mid+2=120125.0625  sbar_dark_T4c_mid+2=116487.7344  sbar_dark_T4d_mid+2=103285.7266  sbar_dark_T5a_mid+2=190568.9844  sbar_dark_T5b_mid+2=211625.9062  sbar_dark_T5c_mid+2=195258.9531  sbar_dark_T5d_mid+2=194599.1250  sbar_dark_T4a_mid-1=404940.7500  sbar_dark_T4b_mid-1=245915.4062  sbar_dark_T4c_mid-1=195328.8438  sbar_dark_T4d_mid-1=253881.9375  sbar_dark_T5a_mid-1=1319685.5000  sbar_dark_T5b_mid-1=1304507.8750  sbar_dark_T5c_mid-1=1226240.8750  sbar_dark_T5d_mid-1=1410403.5000  sbar_dark_T4a_mid-2=171050.8906  sbar_dark_T4b_mid-2=169797.3281  sbar_dark_T4c_mid-2=160895.0469  sbar_dark_T4d_mid-2=152391.2656  sbar_dark_T5b_mid-2=850987.8750  sbar_dark_T5c_mid-2=666076.1875  sbar_dark_T5d_mid-2=767075.9375  sbar_dark_T5a_mid-2=747326.1875  sbar_dark_T4a_mid-1.5=48023.2578  sbar_dark_T4b_mid-1.5=75266.9844  sbar_dark_T4c_mid-1.5=75196.9766  sbar_dark_T4d_mid-1.5=26468.0469  sbar_dark_T5a_mid-1.5=237965.0000  sbar_dark_T5b_mid-1.5=286027.7812  sbar_dark_T5c_mid-1.5=236388.4688  sbar_dark_T5d_mid-1.5=226277.3750  sbar_dark_T4a_mid-0.5=53610.3984  sbar_dark_T4b_mid-0.5=95484.2891  sbar_dark_T4c_mid-0.5=106508.5391  sbar_dark_T4d_mid-0.5=74012.5156  sbar_dark_T5a_mid-0.5=481761.1875  sbar_dark_T5b_mid-0.5=647067.6875  sbar_dark_T5c_mid-0.5=402267.3750  sbar_dark_T5d_mid-0.5=546738.5000  sbar_dark_T4a_mid+0.5=32161.4531  sbar_dark_T4b_mid+0.5=60501.4336  sbar_dark_T4c_mid+0.5=29056.8594  sbar_dark_T4d_mid+0.5=63801.6211  sbar_dark_T5a_mid+0.5=76221.6719  sbar_dark_T5b_mid+0.5=80796.5156  sbar_dark_T5c_mid+0.5=60527.4102  sbar_dark_T5d_mid+0.5=62991.6250  sbar_dark_T4b_mid+1.5=22971.3047  sbar_dark_T4c_mid+1.5=25586.8516  sbar_dark_T4d_mid+1.5=14841.0107  sbar_dark_T5a_mid+1.5=48071.9414  sbar_dark_T5b_mid+1.5=54481.1797  sbar_dark_T5c_mid+1.5=54626.4844  sbar_dark_T5d_mid+1.5=41432.1680  sbar_dark_T4a_mid+1.5=29063.4551]:  78%|███████▊  | 780/1000 [08:33<02:25,  1.51it/s] Cost: 347148.7188  [spread_bright_L5=1238431.2500  spread_bright_Mi1=737819.6875  spread_bright_Tm3=1223200.2500  spread_bright_Mi4=1261326.1250  spread_dark_L1=1030582.9375  spread_dark_L2=1099456.0000  spread_dark_L3=943510.6875  spread_dark_L4=2589920.5000  spread_dark_Mi9=767592.3125  spread_dark_Tm1=752945.5000  spread_dark_Tm2=894467.5625  spread_dark_Tm4=1143297.3750  spread_dark_Tm9=1320402.1250  sbar_bright_T4a_mid+0=264957.3125  sbar_bright_T4b_mid+0=281526.6562  sbar_bright_T4c_mid+0=310421.0000  sbar_bright_T4d_mid+0=328194.3125  sbar_bright_T5a_mid+0=116907.8125  sbar_bright_T5b_mid+0=168342.9688  sbar_bright_T5c_mid+0=149707.8438  sbar_bright_T5d_mid+0=124277.4062  sbar_bright_T4a_mid+1=247798.4688  sbar_bright_T4b_mid+1=254284.5312  sbar_bright_T4c_mid+1=268512.0625  sbar_bright_T4d_mid+1=252684.9062  sbar_bright_T5a_mid+1=110290.3984  sbar_bright_T5b_mid+1=125289.8281  sbar_bright_T5c_mid+1=105217.1719  sbar_bright_T5d_mid+1=112476.2500  sbar_bright_T4a_mid+2=101294.0938  sbar_bright_T4b_mid+2=159623.8594  sbar_bright_T4c_mid+2=125224.4062  sbar_bright_T4d_mid+2=127226.4062  sbar_bright_T5a_mid+2=193904.0625  sbar_bright_T5b_mid+2=190030.3281  sbar_bright_T5c_mid+2=185051.1406  sbar_bright_T5d_mid+2=189409.5312  sbar_bright_T4a_mid-1=1607199.1250  sbar_bright_T4b_mid-1=1274432.1250  sbar_bright_T4c_mid-1=1548802.3750  sbar_bright_T4d_mid-1=1770433.8750  sbar_bright_T5a_mid-1=440201.9375  sbar_bright_T5b_mid-1=442063.5938  sbar_bright_T5c_mid-1=450012.7812  sbar_bright_T5d_mid-1=443815.0625  sbar_bright_T4a_mid-2=286273.4375  sbar_bright_T4b_mid-2=288516.1250  sbar_bright_T4c_mid-2=302847.9688  sbar_bright_T4d_mid-2=333411.3750  sbar_bright_T5b_mid-2=89620.9531  sbar_bright_T5c_mid-2=74516.0625  sbar_bright_T5d_mid-2=80573.0234  sbar_bright_T5a_mid-2=87288.6875  sbar_bright_T4a_mid-1.5=171814.8438  sbar_bright_T4b_mid-1.5=144387.9219  sbar_bright_T4c_mid-1.5=127224.8047  sbar_bright_T4d_mid-1.5=225516.2812  sbar_bright_T5a_mid-1.5=108402.8047  sbar_bright_T5b_mid-1.5=114676.2109  sbar_bright_T5c_mid-1.5=103272.5078  sbar_bright_T5d_mid-1.5=101465.1016  sbar_bright_T4a_mid-0.5=923635.1250  sbar_bright_T4b_mid-0.5=923884.5000  sbar_bright_T4c_mid-0.5=1056834.0000  sbar_bright_T4d_mid-0.5=1071355.2500  sbar_bright_T5a_mid-0.5=149965.2812  sbar_bright_T5b_mid-0.5=156922.1562  sbar_bright_T5c_mid-0.5=144532.5312  sbar_bright_T5d_mid-0.5=150164.7500  sbar_bright_T4a_mid+0.5=164452.1875  sbar_bright_T4b_mid+0.5=99718.7188  sbar_bright_T4c_mid+0.5=104329.2812  sbar_bright_T4d_mid+0.5=97938.0391  sbar_bright_T5a_mid+0.5=62865.6797  sbar_bright_T5b_mid+0.5=60940.9961  sbar_bright_T5c_mid+0.5=38353.9570  sbar_bright_T5d_mid+0.5=39725.5938  sbar_bright_T4b_mid+1.5=86121.6406  sbar_bright_T4c_mid+1.5=120765.5469  sbar_bright_T4d_mid+1.5=60639.4375  sbar_bright_T5a_mid+1.5=42888.1758  sbar_bright_T5b_mid+1.5=48547.8594  sbar_bright_T5c_mid+1.5=42963.8984  sbar_bright_T5d_mid+1.5=38773.2148  sbar_bright_T4a_mid+1.5=91425.4531  sbar_dark_T4a_mid+0=61068.5703  sbar_dark_T4b_mid+0=73419.1094  sbar_dark_T4c_mid+0=90058.2891  sbar_dark_T4d_mid+0=75337.6016  sbar_dark_T5a_mid+0=366632.5938  sbar_dark_T5b_mid+0=308508.8125  sbar_dark_T5c_mid+0=284510.2188  sbar_dark_T5d_mid+0=322663.6250  sbar_dark_T4a_mid+1=90803.9766  sbar_dark_T4b_mid+1=67896.3047  sbar_dark_T4c_mid+1=61666.3594  sbar_dark_T4d_mid+1=76869.6016  sbar_dark_T5a_mid+1=206278.5781  sbar_dark_T5b_mid+1=188021.4062  sbar_dark_T5c_mid+1=217064.7969  sbar_dark_T5d_mid+1=151291.1562  sbar_dark_T4a_mid+2=100270.6719  sbar_dark_T4b_mid+2=106456.9609  sbar_dark_T4c_mid+2=110400.4844  sbar_dark_T4d_mid+2=96910.4531  sbar_dark_T5a_mid+2=200027.4531  sbar_dark_T5b_mid+2=219160.3281  sbar_dark_T5c_mid+2=197749.6875  sbar_dark_T5d_mid+2=201265.1719  sbar_dark_T4a_mid-1=391839.3125  sbar_dark_T4b_mid-1=231433.1875  sbar_dark_T4c_mid-1=190109.6719  sbar_dark_T4d_mid-1=246744.0938  sbar_dark_T5a_mid-1=1386150.6250  sbar_dark_T5b_mid-1=1352252.8750  sbar_dark_T5c_mid-1=1274043.2500  sbar_dark_T5d_mid-1=1468061.6250  sbar_dark_T4a_mid-2=163291.4375  sbar_dark_T4b_mid-2=155538.1719  sbar_dark_T4c_mid-2=153100.9375  sbar_dark_T4d_mid-2=145337.4219  sbar_dark_T5b_mid-2=872306.2500  sbar_dark_T5c_mid-2=701775.3125  sbar_dark_T5d_mid-2=798637.3750  sbar_dark_T5a_mid-2=780666.5000  sbar_dark_T4a_mid-1.5=46111.0938  sbar_dark_T4b_mid-1.5=67226.1250  sbar_dark_T4c_mid-1.5=70034.8203  sbar_dark_T4d_mid-1.5=25237.1621  sbar_dark_T5a_mid-1.5=247137.6875  sbar_dark_T5b_mid-1.5=295687.7500  sbar_dark_T5c_mid-1.5=250167.2500  sbar_dark_T5d_mid-1.5=235109.2344  sbar_dark_T4a_mid-0.5=51916.3867  sbar_dark_T4b_mid-0.5=86110.9844  sbar_dark_T4c_mid-0.5=105220.5703  sbar_dark_T4d_mid-0.5=70448.2578  sbar_dark_T5a_mid-0.5=500404.9688  sbar_dark_T5b_mid-0.5=658193.3125  sbar_dark_T5c_mid-0.5=419306.7500  sbar_dark_T5d_mid-0.5=564806.3750  sbar_dark_T4a_mid+0.5=31042.0020  sbar_dark_T4b_mid+0.5=57210.2812  sbar_dark_T4c_mid+0.5=26900.0098  sbar_dark_T4d_mid+0.5=64557.6914  sbar_dark_T5a_mid+0.5=76270.5312  sbar_dark_T5b_mid+0.5=79756.1484  sbar_dark_T5c_mid+0.5=61979.1523  sbar_dark_T5d_mid+0.5=61142.1680  sbar_dark_T4b_mid+1.5=20391.8535  sbar_dark_T4c_mid+1.5=24571.0703  sbar_dark_T4d_mid+1.5=14307.2979  sbar_dark_T5a_mid+1.5=45588.2188  sbar_dark_T5b_mid+1.5=52631.8789  sbar_dark_T5c_mid+1.5=50821.2109  sbar_dark_T5d_mid+1.5=39553.3594  sbar_dark_T4a_mid+1.5=26777.2285]:   79%|███████▉  | 790/1000 [08:40<02:19,  1.51it/s] Cost: 347187.7188  [spread_bright_L5=1206715.5000  spread_bright_Mi1=718504.5000  spread_bright_Tm3=1219869.8750  spread_bright_Mi4=1280391.8750  spread_dark_L1=1030935.8750  spread_dark_L2=1106014.1250  spread_dark_L3=946958.2500  spread_dark_L4=2597930.0000  spread_dark_Mi9=757669.5625  spread_dark_Tm1=756905.5000  spread_dark_Tm2=896321.0625  spread_dark_Tm4=1155005.1250  spread_dark_Tm9=1289917.1250  sbar_bright_T4a_mid+0=261565.9219  sbar_bright_T4b_mid+0=275761.4062  sbar_bright_T4c_mid+0=305189.8750  sbar_bright_T4d_mid+0=315702.8750  sbar_bright_T5a_mid+0=125969.0391  sbar_bright_T5b_mid+0=179190.5312  sbar_bright_T5c_mid+0=163212.4844  sbar_bright_T5d_mid+0=135738.2500  sbar_bright_T4a_mid+1=255555.8750  sbar_bright_T4b_mid+1=256503.4219  sbar_bright_T4c_mid+1=276007.0625  sbar_bright_T4d_mid+1=259375.5469  sbar_bright_T5a_mid+1=119662.4844  sbar_bright_T5b_mid+1=130436.2500  sbar_bright_T5c_mid+1=112159.9062  sbar_bright_T5d_mid+1=116319.9062  sbar_bright_T4a_mid+2=105931.2656  sbar_bright_T4b_mid+2=162236.3594  sbar_bright_T4c_mid+2=132370.7344  sbar_bright_T4d_mid+2=128514.1094  sbar_bright_T5a_mid+2=195746.7656  sbar_bright_T5b_mid+2=193471.5625  sbar_bright_T5c_mid+2=187206.1875  sbar_bright_T5d_mid+2=191936.7969  sbar_bright_T4a_mid-1=1575496.1250  sbar_bright_T4b_mid-1=1261430.7500  sbar_bright_T4c_mid-1=1555032.7500  sbar_bright_T4d_mid-1=1743762.8750  sbar_bright_T5a_mid-1=459257.7188  sbar_bright_T5b_mid-1=460480.8125  sbar_bright_T5c_mid-1=467609.0938  sbar_bright_T5d_mid-1=460682.0312  sbar_bright_T4a_mid-2=282821.0625  sbar_bright_T4b_mid-2=283865.5312  sbar_bright_T4c_mid-2=296877.2188  sbar_bright_T4d_mid-2=323802.3438  sbar_bright_T5b_mid-2=90067.4297  sbar_bright_T5c_mid-2=77661.8281  sbar_bright_T5d_mid-2=83761.1016  sbar_bright_T5a_mid-2=89337.5547  sbar_bright_T4a_mid-1.5=167306.9688  sbar_bright_T4b_mid-1.5=138683.4531  sbar_bright_T4c_mid-1.5=121863.1016  sbar_bright_T4d_mid-1.5=216911.4375  sbar_bright_T5a_mid-1.5=110683.5703  sbar_bright_T5b_mid-1.5=116925.4062  sbar_bright_T5c_mid-1.5=103749.1719  sbar_bright_T5d_mid-1.5=103965.8984  sbar_bright_T4a_mid-0.5=917919.6875  sbar_bright_T4b_mid-0.5=905872.7500  sbar_bright_T4c_mid-0.5=1053781.0000  sbar_bright_T4d_mid-0.5=1061983.8750  sbar_bright_T5a_mid-0.5=154876.4688  sbar_bright_T5b_mid-0.5=158527.7656  sbar_bright_T5c_mid-0.5=148076.4219  sbar_bright_T5d_mid-0.5=154188.3438  sbar_bright_T4a_mid+0.5=159077.2031  sbar_bright_T4b_mid+0.5=96260.4844  sbar_bright_T4c_mid+0.5=101589.2344  sbar_bright_T4d_mid+0.5=97603.3906  sbar_bright_T5a_mid+0.5=68584.4766  sbar_bright_T5b_mid+0.5=64649.6211  sbar_bright_T5c_mid+0.5=40140.1953  sbar_bright_T5d_mid+0.5=42440.7500  sbar_bright_T4b_mid+1.5=91041.3828  sbar_bright_T4c_mid+1.5=126376.0312  sbar_bright_T4d_mid+1.5=65048.9492  sbar_bright_T5a_mid+1.5=44295.1172  sbar_bright_T5b_mid+1.5=50744.6445  sbar_bright_T5c_mid+1.5=45765.9023  sbar_bright_T5d_mid+1.5=40314.1328  sbar_bright_T4a_mid+1.5=97284.1719  sbar_dark_T4a_mid+0=66158.7188  sbar_dark_T4b_mid+0=78757.4688  sbar_dark_T4c_mid+0=96440.4219  sbar_dark_T4d_mid+0=78163.1484  sbar_dark_T5a_mid+0=378342.5938  sbar_dark_T5b_mid+0=319224.5938  sbar_dark_T5c_mid+0=304025.1562  sbar_dark_T5d_mid+0=341819.0938  sbar_dark_T4a_mid+1=96381.5000  sbar_dark_T4b_mid+1=75320.6875  sbar_dark_T4c_mid+1=67778.6250  sbar_dark_T4d_mid+1=81333.2891  sbar_dark_T5a_mid+1=221375.9531  sbar_dark_T5b_mid+1=188755.6875  sbar_dark_T5c_mid+1=231216.8750  sbar_dark_T5d_mid+1=153542.9531  sbar_dark_T4a_mid+2=107873.9141  sbar_dark_T4b_mid+2=117073.3984  sbar_dark_T4c_mid+2=115970.2969  sbar_dark_T4d_mid+2=102237.4062  sbar_dark_T5a_mid+2=190618.3906  sbar_dark_T5b_mid+2=210781.3281  sbar_dark_T5c_mid+2=192788.9375  sbar_dark_T5d_mid+2=193943.9844  sbar_dark_T4a_mid-1=406006.9062  sbar_dark_T4b_mid-1=243312.0000  sbar_dark_T4c_mid-1=195704.5312  sbar_dark_T4d_mid-1=259341.7188  sbar_dark_T5a_mid-1=1340591.8750  sbar_dark_T5b_mid-1=1305235.2500  sbar_dark_T5c_mid-1=1243900.0000  sbar_dark_T5d_mid-1=1431309.7500  sbar_dark_T4a_mid-2=168645.8906  sbar_dark_T4b_mid-2=164458.7188  sbar_dark_T4c_mid-2=157514.6406  sbar_dark_T4d_mid-2=148963.2656  sbar_dark_T5b_mid-2=859825.2500  sbar_dark_T5c_mid-2=679745.5000  sbar_dark_T5d_mid-2=783913.9375  sbar_dark_T5a_mid-2=762342.0000  sbar_dark_T4a_mid-1.5=48591.1523  sbar_dark_T4b_mid-1.5=72245.3828  sbar_dark_T4c_mid-1.5=75156.5078  sbar_dark_T4d_mid-1.5=27474.7441  sbar_dark_T5a_mid-1.5=243960.9688  sbar_dark_T5b_mid-1.5=292264.5000  sbar_dark_T5c_mid-1.5=240882.3906  sbar_dark_T5d_mid-1.5=231307.4062  sbar_dark_T4a_mid-0.5=55703.9648  sbar_dark_T4b_mid-0.5=93848.5625  sbar_dark_T4c_mid-0.5=109797.5469  sbar_dark_T4d_mid-0.5=73012.9531  sbar_dark_T5a_mid-0.5=481975.9688  sbar_dark_T5b_mid-0.5=648293.0625  sbar_dark_T5c_mid-0.5=412054.6562  sbar_dark_T5d_mid-0.5=556558.7500  sbar_dark_T4a_mid+0.5=33614.7227  sbar_dark_T4b_mid+0.5=62529.4336  sbar_dark_T4c_mid+0.5=29077.6406  sbar_dark_T4d_mid+0.5=69014.7344  sbar_dark_T5a_mid+0.5=74417.2109  sbar_dark_T5b_mid+0.5=78539.6562  sbar_dark_T5c_mid+0.5=60528.4727  sbar_dark_T5d_mid+0.5=62551.4297  sbar_dark_T4b_mid+1.5=22102.9883  sbar_dark_T4c_mid+1.5=25942.1953  sbar_dark_T4d_mid+1.5=14927.8154  sbar_dark_T5a_mid+1.5=46173.8867  sbar_dark_T5b_mid+1.5=54192.0625  sbar_dark_T5c_mid+1.5=53534.5508  sbar_dark_T5d_mid+1.5=40275.2500  sbar_dark_T4a_mid+1.5=29817.1953]:  80%|████████  | 800/1000 [08:47<02:12,  1.51it/s] Cost: 346324.7188  [spread_bright_L5=1226714.6250  spread_bright_Mi1=704344.5000  spread_bright_Tm3=1177493.6250  spread_bright_Mi4=1257349.1250  spread_dark_L1=1016758.5000  spread_dark_L2=1137155.6250  spread_dark_L3=939702.1875  spread_dark_L4=2592075.7500  spread_dark_Mi9=745666.5625  spread_dark_Tm1=774487.5000  spread_dark_Tm2=910405.7500  spread_dark_Tm4=1169321.5000  spread_dark_Tm9=1314724.1250  sbar_bright_T4a_mid+0=254838.2656  sbar_bright_T4b_mid+0=265374.0000  sbar_bright_T4c_mid+0=310985.4688  sbar_bright_T4d_mid+0=317982.9375  sbar_bright_T5a_mid+0=114180.1562  sbar_bright_T5b_mid+0=164663.3906  sbar_bright_T5c_mid+0=150081.0156  sbar_bright_T5d_mid+0=124445.2812  sbar_bright_T4a_mid+1=247788.3125  sbar_bright_T4b_mid+1=254208.8438  sbar_bright_T4c_mid+1=264070.8125  sbar_bright_T4d_mid+1=251267.1719  sbar_bright_T5a_mid+1=110663.9219  sbar_bright_T5b_mid+1=123444.3125  sbar_bright_T5c_mid+1=104825.9453  sbar_bright_T5d_mid+1=112391.6641  sbar_bright_T4a_mid+2=95797.7188  sbar_bright_T4b_mid+2=146989.4688  sbar_bright_T4c_mid+2=117736.3984  sbar_bright_T4d_mid+2=120247.9297  sbar_bright_T5a_mid+2=196544.7812  sbar_bright_T5b_mid+2=192306.0938  sbar_bright_T5c_mid+2=186654.1094  sbar_bright_T5d_mid+2=192074.3594  sbar_bright_T4a_mid-1=1611636.8750  sbar_bright_T4b_mid-1=1275928.8750  sbar_bright_T4c_mid-1=1571292.3750  sbar_bright_T4d_mid-1=1780870.1250  sbar_bright_T5a_mid-1=443564.4688  sbar_bright_T5b_mid-1=447173.2188  sbar_bright_T5c_mid-1=456325.7812  sbar_bright_T5d_mid-1=447719.0312  sbar_bright_T4a_mid-2=291007.1250  sbar_bright_T4b_mid-2=292904.4375  sbar_bright_T4c_mid-2=310114.5625  sbar_bright_T4d_mid-2=330983.0000  sbar_bright_T5b_mid-2=90615.0391  sbar_bright_T5c_mid-2=75003.0312  sbar_bright_T5d_mid-2=82647.6016  sbar_bright_T5a_mid-2=88195.3359  sbar_bright_T4a_mid-1.5=175343.8906  sbar_bright_T4b_mid-1.5=140964.4219  sbar_bright_T4c_mid-1.5=128205.1797  sbar_bright_T4d_mid-1.5=223715.7031  sbar_bright_T5a_mid-1.5=109603.5000  sbar_bright_T5b_mid-1.5=116051.5156  sbar_bright_T5c_mid-1.5=104790.6172  sbar_bright_T5d_mid-1.5=104000.8594  sbar_bright_T4a_mid-0.5=941504.5625  sbar_bright_T4b_mid-0.5=914721.0625  sbar_bright_T4c_mid-0.5=1075512.7500  sbar_bright_T4d_mid-0.5=1076013.0000  sbar_bright_T5a_mid-0.5=150545.0312  sbar_bright_T5b_mid-0.5=158066.4375  sbar_bright_T5c_mid-0.5=145800.9062  sbar_bright_T5d_mid-0.5=152227.1094  sbar_bright_T4a_mid+0.5=161954.8750  sbar_bright_T4b_mid+0.5=98213.0859  sbar_bright_T4c_mid+0.5=102848.8906  sbar_bright_T4d_mid+0.5=100745.9062  sbar_bright_T5a_mid+0.5=63307.6133  sbar_bright_T5b_mid+0.5=59800.9297  sbar_bright_T5c_mid+0.5=38096.6094  sbar_bright_T5d_mid+0.5=40117.0234  sbar_bright_T4b_mid+1.5=85636.4141  sbar_bright_T4c_mid+1.5=114638.7734  sbar_bright_T4d_mid+1.5=61888.5859  sbar_bright_T5a_mid+1.5=44019.6016  sbar_bright_T5b_mid+1.5=50350.1406  sbar_bright_T5c_mid+1.5=44238.9570  sbar_bright_T5d_mid+1.5=38761.8398  sbar_bright_T4a_mid+1.5=87150.5000  sbar_dark_T4a_mid+0=66405.5312  sbar_dark_T4b_mid+0=79237.4219  sbar_dark_T4c_mid+0=91942.3281  sbar_dark_T4d_mid+0=78709.0781  sbar_dark_T5a_mid+0=360263.0625  sbar_dark_T5b_mid+0=314046.6250  sbar_dark_T5c_mid+0=290753.1250  sbar_dark_T5d_mid+0=329921.4688  sbar_dark_T4a_mid+1=91721.9375  sbar_dark_T4b_mid+1=72411.0938  sbar_dark_T4c_mid+1=62299.3594  sbar_dark_T4d_mid+1=79395.9922  sbar_dark_T5a_mid+1=201699.3906  sbar_dark_T5b_mid+1=184503.8281  sbar_dark_T5c_mid+1=218674.7188  sbar_dark_T5d_mid+1=149592.7969  sbar_dark_T4a_mid+2=97659.7812  sbar_dark_T4b_mid+2=113175.4297  sbar_dark_T4c_mid+2=104498.2734  sbar_dark_T4d_mid+2=93308.1484  sbar_dark_T5a_mid+2=197330.4531  sbar_dark_T5b_mid+2=213168.8125  sbar_dark_T5c_mid+2=194672.9531  sbar_dark_T5d_mid+2=198615.5312  sbar_dark_T4a_mid-1=388161.9062  sbar_dark_T4b_mid-1=238547.7812  sbar_dark_T4c_mid-1=185469.5156  sbar_dark_T4d_mid-1=246010.5469  sbar_dark_T5a_mid-1=1378421.6250  sbar_dark_T5b_mid-1=1323263.8750  sbar_dark_T5c_mid-1=1260332.6250  sbar_dark_T5d_mid-1=1453801.3750  sbar_dark_T4a_mid-2=155546.4062  sbar_dark_T4b_mid-2=157102.6406  sbar_dark_T4c_mid-2=146118.9844  sbar_dark_T4d_mid-2=143713.5156  sbar_dark_T5b_mid-2=862121.5625  sbar_dark_T5c_mid-2=689775.8125  sbar_dark_T5d_mid-2=792267.5000  sbar_dark_T5a_mid-2=777866.1875  sbar_dark_T4a_mid-1.5=43889.5898  sbar_dark_T4b_mid-1.5=70217.6172  sbar_dark_T4c_mid-1.5=70604.3125  sbar_dark_T4d_mid-1.5=25606.1387  sbar_dark_T5a_mid-1.5=244728.9375  sbar_dark_T5b_mid-1.5=292586.1875  sbar_dark_T5c_mid-1.5=241958.6094  sbar_dark_T5d_mid-1.5=231003.1250  sbar_dark_T4a_mid-0.5=53837.6797  sbar_dark_T4b_mid-0.5=92177.7500  sbar_dark_T4c_mid-0.5=105388.1641  sbar_dark_T4d_mid-0.5=71019.7422  sbar_dark_T5a_mid-0.5=495944.9688  sbar_dark_T5b_mid-0.5=653910.3125  sbar_dark_T5c_mid-0.5=411559.6562  sbar_dark_T5d_mid-0.5=560720.7500  sbar_dark_T4a_mid+0.5=33226.1055  sbar_dark_T4b_mid+0.5=62896.4453  sbar_dark_T4c_mid+0.5=27921.6230  sbar_dark_T4d_mid+0.5=67119.1094  sbar_dark_T5a_mid+0.5=75504.2969  sbar_dark_T5b_mid+0.5=77771.9688  sbar_dark_T5c_mid+0.5=61389.1953  sbar_dark_T5d_mid+0.5=62589.9453  sbar_dark_T4b_mid+1.5=20564.8613  sbar_dark_T4c_mid+1.5=22832.6797  sbar_dark_T4d_mid+1.5=14370.8623  sbar_dark_T5a_mid+1.5=44151.6523  sbar_dark_T5b_mid+1.5=51876.3906  sbar_dark_T5c_mid+1.5=49732.2461  sbar_dark_T5d_mid+1.5=37571.4688  sbar_dark_T4a_mid+1.5=25203.4609]:    81%|████████  | 810/1000 [08:53<02:05,  1.51it/s] Cost: 348049.0625  [spread_bright_L5=1220764.5000  spread_bright_Mi1=731635.9375  spread_bright_Tm3=1344047.0000  spread_bright_Mi4=1211281.7500  spread_dark_L1=1047673.3750  spread_dark_L2=1089614.1250  spread_dark_L3=938887.2500  spread_dark_L4=2663927.5000  spread_dark_Mi9=802370.6875  spread_dark_Tm1=740484.0625  spread_dark_Tm2=887116.1875  spread_dark_Tm4=1121383.7500  spread_dark_Tm9=1342750.0000  sbar_bright_T4a_mid+0=270750.2500  sbar_bright_T4b_mid+0=271842.2812  sbar_bright_T4c_mid+0=306282.1250  sbar_bright_T4d_mid+0=319828.4062  sbar_bright_T5a_mid+0=122155.8984  sbar_bright_T5b_mid+0=183510.8594  sbar_bright_T5c_mid+0=165123.3594  sbar_bright_T5d_mid+0=135773.5312  sbar_bright_T4a_mid+1=257934.2656  sbar_bright_T4b_mid+1=266991.5625  sbar_bright_T4c_mid+1=287032.4062  sbar_bright_T4d_mid+1=268352.5312  sbar_bright_T5a_mid+1=116050.2031  sbar_bright_T5b_mid+1=130226.8047  sbar_bright_T5c_mid+1=113074.4766  sbar_bright_T5d_mid+1=115286.8828  sbar_bright_T4a_mid+2=114338.3516  sbar_bright_T4b_mid+2=172568.3281  sbar_bright_T4c_mid+2=147607.7969  sbar_bright_T4d_mid+2=147830.2031  sbar_bright_T5a_mid+2=189764.9844  sbar_bright_T5b_mid+2=182685.9062  sbar_bright_T5c_mid+2=178672.0781  sbar_bright_T5d_mid+2=183620.7500  sbar_bright_T4a_mid-1=1574932.6250  sbar_bright_T4b_mid-1=1259498.2500  sbar_bright_T4c_mid-1=1509483.3750  sbar_bright_T4d_mid-1=1767641.2500  sbar_bright_T5a_mid-1=448983.8750  sbar_bright_T5b_mid-1=456446.8438  sbar_bright_T5c_mid-1=461876.6250  sbar_bright_T5d_mid-1=457932.8125  sbar_bright_T4a_mid-2=280943.6875  sbar_bright_T4b_mid-2=278153.4062  sbar_bright_T4c_mid-2=289992.8438  sbar_bright_T4d_mid-2=326660.8125  sbar_bright_T5b_mid-2=85774.8438  sbar_bright_T5c_mid-2=75707.7031  sbar_bright_T5d_mid-2=80348.3750  sbar_bright_T5a_mid-2=85698.7969  sbar_bright_T4a_mid-1.5=166572.2188  sbar_bright_T4b_mid-1.5=147101.7969  sbar_bright_T4c_mid-1.5=125101.5078  sbar_bright_T4d_mid-1.5=224992.6875  sbar_bright_T5a_mid-1.5=107020.2812  sbar_bright_T5b_mid-1.5=112646.8828  sbar_bright_T5c_mid-1.5=100705.1719  sbar_bright_T5d_mid-1.5=100245.6797  sbar_bright_T4a_mid-0.5=898570.2500  sbar_bright_T4b_mid-0.5=917033.6875  sbar_bright_T4c_mid-0.5=1033783.9375  sbar_bright_T4d_mid-0.5=1074515.2500  sbar_bright_T5a_mid-0.5=152129.1719  sbar_bright_T5b_mid-0.5=156511.7812  sbar_bright_T5c_mid-0.5=147553.8125  sbar_bright_T5d_mid-0.5=151696.7656  sbar_bright_T4a_mid+0.5=165569.8125  sbar_bright_T4b_mid+0.5=99592.2656  sbar_bright_T4c_mid+0.5=106181.6328  sbar_bright_T4d_mid+0.5=100769.9766  sbar_bright_T5a_mid+0.5=65270.6211  sbar_bright_T5b_mid+0.5=63565.3984  sbar_bright_T5c_mid+0.5=41076.5117  sbar_bright_T5d_mid+0.5=41995.0781  sbar_bright_T4b_mid+1.5=93190.6016  sbar_bright_T4c_mid+1.5=132756.5000  sbar_bright_T4d_mid+1.5=65636.1094  sbar_bright_T5a_mid+1.5=42271.4688  sbar_bright_T5b_mid+1.5=49296.4336  sbar_bright_T5c_mid+1.5=44426.7070  sbar_bright_T5d_mid+1.5=40067.0625  sbar_bright_T4a_mid+1.5=103320.2188  sbar_dark_T4a_mid+0=61808.8164  sbar_dark_T4b_mid+0=74391.9531  sbar_dark_T4c_mid+0=91957.7578  sbar_dark_T4d_mid+0=66222.4375  sbar_dark_T5a_mid+0=290687.7188  sbar_dark_T5b_mid+0=295275.9688  sbar_dark_T5c_mid+0=282127.3438  sbar_dark_T5d_mid+0=310940.4062  sbar_dark_T4a_mid+1=90827.6953  sbar_dark_T4b_mid+1=72058.1484  sbar_dark_T4c_mid+1=65202.5156  sbar_dark_T4d_mid+1=74871.3281  sbar_dark_T5a_mid+1=200014.7500  sbar_dark_T5b_mid+1=195607.7656  sbar_dark_T5c_mid+1=225497.7812  sbar_dark_T5d_mid+1=157947.6250  sbar_dark_T4a_mid+2=112823.1641  sbar_dark_T4b_mid+2=114571.2578  sbar_dark_T4c_mid+2=122048.7969  sbar_dark_T4d_mid+2=109774.3828  sbar_dark_T5a_mid+2=200868.9219  sbar_dark_T5b_mid+2=211811.1406  sbar_dark_T5c_mid+2=195511.3906  sbar_dark_T5d_mid+2=195053.6719  sbar_dark_T4a_mid-1=410651.5000  sbar_dark_T4b_mid-1=236750.5625  sbar_dark_T4c_mid-1=199528.0469  sbar_dark_T4d_mid-1=248616.7500  sbar_dark_T5a_mid-1=1403295.5000  sbar_dark_T5b_mid-1=1308137.3750  sbar_dark_T5c_mid-1=1260236.0000  sbar_dark_T5d_mid-1=1441782.8750  sbar_dark_T4a_mid-2=172034.5000  sbar_dark_T4b_mid-2=161250.7812  sbar_dark_T4c_mid-2=162038.6250  sbar_dark_T4d_mid-2=141712.8125  sbar_dark_T5b_mid-2=853178.8125  sbar_dark_T5c_mid-2=687022.0625  sbar_dark_T5d_mid-2=787459.0000  sbar_dark_T5a_mid-2=785378.5625  sbar_dark_T4a_mid-1.5=50109.4180  sbar_dark_T4b_mid-1.5=67617.1875  sbar_dark_T4c_mid-1.5=71744.6641  sbar_dark_T4d_mid-1.5=25410.3594  sbar_dark_T5a_mid-1.5=250001.7812  sbar_dark_T5b_mid-1.5=293018.8750  sbar_dark_T5c_mid-1.5=247541.2188  sbar_dark_T5d_mid-1.5=235507.9375  sbar_dark_T4a_mid-0.5=50766.0000  sbar_dark_T4b_mid-0.5=89074.4922  sbar_dark_T4c_mid-0.5=106572.1797  sbar_dark_T4d_mid-0.5=67224.9375  sbar_dark_T5a_mid-0.5=512304.9688  sbar_dark_T5b_mid-0.5=649446.5625  sbar_dark_T5c_mid-0.5=426347.4062  sbar_dark_T5d_mid-0.5=557482.1875  sbar_dark_T4a_mid+0.5=31318.8711  sbar_dark_T4b_mid+0.5=57227.5547  sbar_dark_T4c_mid+0.5=27655.0488  sbar_dark_T4d_mid+0.5=63187.7109  sbar_dark_T5a_mid+0.5=78263.7969  sbar_dark_T5b_mid+0.5=79646.5469  sbar_dark_T5c_mid+0.5=61058.2930  sbar_dark_T5d_mid+0.5=61018.2422  sbar_dark_T4b_mid+1.5=22251.8984  sbar_dark_T4c_mid+1.5=28328.9648  sbar_dark_T4d_mid+1.5=14835.1152  sbar_dark_T5a_mid+1.5=47847.4922  sbar_dark_T5b_mid+1.5=58543.4531  sbar_dark_T5c_mid+1.5=57729.9648  sbar_dark_T5d_mid+1.5=44681.3164  sbar_dark_T4a_mid+1.5=32471.1992]:  82%|████████▏ | 820/1000 [09:00<01:58,  1.51it/s] Cost: 345511.5312  [spread_bright_L5=1218469.5000  spread_bright_Mi1=720516.6250  spread_bright_Tm3=1279375.3750  spread_bright_Mi4=1249230.3750  spread_dark_L1=1040565.2500  spread_dark_L2=1102246.5000  spread_dark_L3=934886.8125  spread_dark_L4=2570872.7500  spread_dark_Mi9=772146.5000  spread_dark_Tm1=769165.5625  spread_dark_Tm2=902029.2500  spread_dark_Tm4=1160866.6250  spread_dark_Tm9=1304320.1250  sbar_bright_T4a_mid+0=264078.0000  sbar_bright_T4b_mid+0=264684.5312  sbar_bright_T4c_mid+0=302626.0938  sbar_bright_T4d_mid+0=314108.2812  sbar_bright_T5a_mid+0=111731.2734  sbar_bright_T5b_mid+0=170991.9844  sbar_bright_T5c_mid+0=151597.5156  sbar_bright_T5d_mid+0=124340.8281  sbar_bright_T4a_mid+1=250426.0312  sbar_bright_T4b_mid+1=253869.5625  sbar_bright_T4c_mid+1=273867.8125  sbar_bright_T4d_mid+1=254735.1875  sbar_bright_T5a_mid+1=108957.0938  sbar_bright_T5b_mid+1=123475.0547  sbar_bright_T5c_mid+1=104386.6016  sbar_bright_T5d_mid+1=111190.1094  sbar_bright_T4a_mid+2=97699.8672  sbar_bright_T4b_mid+2=150111.3594  sbar_bright_T4c_mid+2=127567.6484  sbar_bright_T4d_mid+2=128792.8984  sbar_bright_T5a_mid+2=197758.3281  sbar_bright_T5b_mid+2=186700.3281  sbar_bright_T5c_mid+2=185456.0312  sbar_bright_T5d_mid+2=190058.0469  sbar_bright_T4a_mid-1=1583770.2500  sbar_bright_T4b_mid-1=1264397.8750  sbar_bright_T4c_mid-1=1534482.5000  sbar_bright_T4d_mid-1=1767882.8750  sbar_bright_T5a_mid-1=439891.6875  sbar_bright_T5b_mid-1=444055.4062  sbar_bright_T5c_mid-1=457097.0938  sbar_bright_T5d_mid-1=448675.6875  sbar_bright_T4a_mid-2=287320.1562  sbar_bright_T4b_mid-2=292836.0000  sbar_bright_T4c_mid-2=302082.1875  sbar_bright_T4d_mid-2=328706.8125  sbar_bright_T5b_mid-2=87277.8359  sbar_bright_T5c_mid-2=74023.1484  sbar_bright_T5d_mid-2=81797.5859  sbar_bright_T5a_mid-2=86961.8906  sbar_bright_T4a_mid-1.5=172736.6250  sbar_bright_T4b_mid-1.5=140224.3750  sbar_bright_T4c_mid-1.5=124005.6562  sbar_bright_T4d_mid-1.5=223393.5781  sbar_bright_T5a_mid-1.5=109420.5625  sbar_bright_T5b_mid-1.5=113568.4062  sbar_bright_T5c_mid-1.5=104306.1719  sbar_bright_T5d_mid-1.5=102994.0391  sbar_bright_T4a_mid-0.5=927646.3750  sbar_bright_T4b_mid-0.5=907153.2500  sbar_bright_T4c_mid-0.5=1060460.0000  sbar_bright_T4d_mid-0.5=1068836.1250  sbar_bright_T5a_mid-0.5=149529.0312  sbar_bright_T5b_mid-0.5=156962.1094  sbar_bright_T5c_mid-0.5=146046.4688  sbar_bright_T5d_mid-0.5=152007.4688  sbar_bright_T4a_mid+0.5=159135.5000  sbar_bright_T4b_mid+0.5=96866.5000  sbar_bright_T4c_mid+0.5=99275.8906  sbar_bright_T4d_mid+0.5=98786.7344  sbar_bright_T5a_mid+0.5=61737.7227  sbar_bright_T5b_mid+0.5=58222.5586  sbar_bright_T5c_mid+0.5=38116.7305  sbar_bright_T5d_mid+0.5=40751.8477  sbar_bright_T4b_mid+1.5=85922.8125  sbar_bright_T4c_mid+1.5=120495.7266  sbar_bright_T4d_mid+1.5=63256.2617  sbar_bright_T5a_mid+1.5=43863.1328  sbar_bright_T5b_mid+1.5=49381.8750  sbar_bright_T5c_mid+1.5=44472.8398  sbar_bright_T5d_mid+1.5=38840.8203  sbar_bright_T4a_mid+1.5=90458.8906  sbar_dark_T4a_mid+0=69931.8984  sbar_dark_T4b_mid+0=80736.3359  sbar_dark_T4c_mid+0=97397.3828  sbar_dark_T4d_mid+0=80437.6875  sbar_dark_T5a_mid+0=311386.1562  sbar_dark_T5b_mid+0=328738.2812  sbar_dark_T5c_mid+0=302122.0312  sbar_dark_T5d_mid+0=343183.1250  sbar_dark_T4a_mid+1=93495.3984  sbar_dark_T4b_mid+1=74232.8125  sbar_dark_T4c_mid+1=65876.4297  sbar_dark_T4d_mid+1=79926.6562  sbar_dark_T5a_mid+1=199403.2969  sbar_dark_T5b_mid+1=186632.0625  sbar_dark_T5c_mid+1=227515.0938  sbar_dark_T5d_mid+1=150863.5156  sbar_dark_T4a_mid+2=101742.6562  sbar_dark_T4b_mid+2=115243.5859  sbar_dark_T4c_mid+2=110269.9531  sbar_dark_T4d_mid+2=96701.8984  sbar_dark_T5a_mid+2=202442.2500  sbar_dark_T5b_mid+2=206439.8438  sbar_dark_T5c_mid+2=196064.7188  sbar_dark_T5d_mid+2=197608.5469  sbar_dark_T4a_mid-1=398364.8125  sbar_dark_T4b_mid-1=243021.9219  sbar_dark_T4c_mid-1=191254.2031  sbar_dark_T4d_mid-1=247654.7656  sbar_dark_T5a_mid-1=1404158.3750  sbar_dark_T5b_mid-1=1243335.0000  sbar_dark_T5c_mid-1=1246617.3750  sbar_dark_T5d_mid-1=1437785.6250  sbar_dark_T4a_mid-2=160199.5625  sbar_dark_T4b_mid-2=159801.8750  sbar_dark_T4c_mid-2=152253.1406  sbar_dark_T4d_mid-2=145125.9219  sbar_dark_T5b_mid-2=838579.4375  sbar_dark_T5c_mid-2=679815.7500  sbar_dark_T5d_mid-2=782284.4375  sbar_dark_T5a_mid-2=781409.9375  sbar_dark_T4a_mid-1.5=44856.7109  sbar_dark_T4b_mid-1.5=71902.0078  sbar_dark_T4c_mid-1.5=74584.6719  sbar_dark_T4d_mid-1.5=25549.5059  sbar_dark_T5a_mid-1.5=249722.4219  sbar_dark_T5b_mid-1.5=284536.0625  sbar_dark_T5c_mid-1.5=240541.5625  sbar_dark_T5d_mid-1.5=230867.5469  sbar_dark_T4a_mid-0.5=55995.0469  sbar_dark_T4b_mid-0.5=93721.1406  sbar_dark_T4c_mid-0.5=109868.5625  sbar_dark_T4d_mid-0.5=71472.5156  sbar_dark_T5a_mid-0.5=508107.7188  sbar_dark_T5b_mid-0.5=638311.7500  sbar_dark_T5c_mid-0.5=407503.5938  sbar_dark_T5d_mid-0.5=559323.7500  sbar_dark_T4a_mid+0.5=30381.1094  sbar_dark_T4b_mid+0.5=65324.6797  sbar_dark_T4c_mid+0.5=29109.4414  sbar_dark_T4d_mid+0.5=67725.6250  sbar_dark_T5a_mid+0.5=78338.6875  sbar_dark_T5b_mid+0.5=75697.6953  sbar_dark_T5c_mid+0.5=62256.1953  sbar_dark_T5d_mid+0.5=64628.0625  sbar_dark_T4b_mid+1.5=20010.5684  sbar_dark_T4c_mid+1.5=24397.8906  sbar_dark_T4d_mid+1.5=14847.6523  sbar_dark_T5a_mid+1.5=43723.8086  sbar_dark_T5b_mid+1.5=52912.3789  sbar_dark_T5c_mid+1.5=50234.8633  sbar_dark_T5d_mid+1.5=38023.1289  sbar_dark_T4a_mid+1.5=26740.3770]:       83%|████████▎ | 830/1000 [09:06<01:52,  1.52it/s] Cost: 344053.1250  [spread_bright_L5=1225157.1250  spread_bright_Mi1=698181.7500  spread_bright_Tm3=1217742.8750  spread_bright_Mi4=1236380.6250  spread_dark_L1=1033493.6875  spread_dark_L2=1111347.0000  spread_dark_L3=919750.1250  spread_dark_L4=2596724.2500  spread_dark_Mi9=775578.6875  spread_dark_Tm1=754902.5625  spread_dark_Tm2=905292.1250  spread_dark_Tm4=1147091.5000  spread_dark_Tm9=1358824.2500  sbar_bright_T4a_mid+0=259485.8906  sbar_bright_T4b_mid+0=260257.6875  sbar_bright_T4c_mid+0=301555.7188  sbar_bright_T4d_mid+0=314472.6875  sbar_bright_T5a_mid+0=117271.3750  sbar_bright_T5b_mid+0=175583.8438  sbar_bright_T5c_mid+0=152238.2812  sbar_bright_T5d_mid+0=125025.2422  sbar_bright_T4a_mid+1=254746.7969  sbar_bright_T4b_mid+1=259538.9844  sbar_bright_T4c_mid+1=276912.6562  sbar_bright_T4d_mid+1=261125.3438  sbar_bright_T5a_mid+1=111044.3281  sbar_bright_T5b_mid+1=121820.6250  sbar_bright_T5c_mid+1=105461.6875  sbar_bright_T5d_mid+1=111297.7031  sbar_bright_T4a_mid+2=104435.5938  sbar_bright_T4b_mid+2=161635.5156  sbar_bright_T4c_mid+2=133491.7969  sbar_bright_T4d_mid+2=138451.3906  sbar_bright_T5a_mid+2=192533.5938  sbar_bright_T5b_mid+2=182416.0625  sbar_bright_T5c_mid+2=183939.3906  sbar_bright_T5d_mid+2=188663.7969  sbar_bright_T4a_mid-1=1566110.2500  sbar_bright_T4b_mid-1=1247053.8750  sbar_bright_T4c_mid-1=1523460.8750  sbar_bright_T4d_mid-1=1744987.6250  sbar_bright_T5a_mid-1=445084.6562  sbar_bright_T5b_mid-1=446404.9062  sbar_bright_T5c_mid-1=454391.6875  sbar_bright_T5d_mid-1=448165.3125  sbar_bright_T4a_mid-2=276083.9688  sbar_bright_T4b_mid-2=283394.8750  sbar_bright_T4c_mid-2=295471.5938  sbar_bright_T4d_mid-2=322140.7500  sbar_bright_T5b_mid-2=83795.0078  sbar_bright_T5c_mid-2=73128.4766  sbar_bright_T5d_mid-2=79521.5781  sbar_bright_T5a_mid-2=85836.1328  sbar_bright_T4a_mid-1.5=167606.1562  sbar_bright_T4b_mid-1.5=139857.4219  sbar_bright_T4c_mid-1.5=122767.4453  sbar_bright_T4d_mid-1.5=218741.0312  sbar_bright_T5a_mid-1.5=108605.0000  sbar_bright_T5b_mid-1.5=112502.1328  sbar_bright_T5c_mid-1.5=103021.4531  sbar_bright_T5d_mid-1.5=102669.0938  sbar_bright_T4a_mid-0.5=912285.8750  sbar_bright_T4b_mid-0.5=895806.3125  sbar_bright_T4c_mid-0.5=1049447.7500  sbar_bright_T4d_mid-0.5=1055885.2500  sbar_bright_T5a_mid-0.5=150357.9844  sbar_bright_T5b_mid-0.5=155987.0625  sbar_bright_T5c_mid-0.5=144601.0625  sbar_bright_T5d_mid-0.5=151953.3594  sbar_bright_T4a_mid+0.5=160024.4375  sbar_bright_T4b_mid+0.5=95897.9688  sbar_bright_T4c_mid+0.5=101231.1953  sbar_bright_T4d_mid+0.5=97180.2266  sbar_bright_T5a_mid+0.5=64715.0352  sbar_bright_T5b_mid+0.5=57227.6211  sbar_bright_T5c_mid+0.5=38405.4375  sbar_bright_T5d_mid+0.5=40543.8633  sbar_bright_T4b_mid+1.5=88632.2031  sbar_bright_T4c_mid+1.5=125129.5625  sbar_bright_T4d_mid+1.5=64811.0039  sbar_bright_T5a_mid+1.5=44115.7031  sbar_bright_T5b_mid+1.5=51495.7617  sbar_bright_T5c_mid+1.5=44703.4766  sbar_bright_T5d_mid+1.5=39375.9961  sbar_bright_T4a_mid+1.5=95331.6172  sbar_dark_T4a_mid+0=68534.6875  sbar_dark_T4b_mid+0=81865.2969  sbar_dark_T4c_mid+0=93644.6406  sbar_dark_T4d_mid+0=78312.6484  sbar_dark_T5a_mid+0=351532.5938  sbar_dark_T5b_mid+0=317725.4375  sbar_dark_T5c_mid+0=282576.5625  sbar_dark_T5d_mid+0=321573.7188  sbar_dark_T4a_mid+1=92683.3984  sbar_dark_T4b_mid+1=76927.3047  sbar_dark_T4c_mid+1=65325.0820  sbar_dark_T4d_mid+1=79808.5859  sbar_dark_T5a_mid+1=215387.7500  sbar_dark_T5b_mid+1=187781.2656  sbar_dark_T5c_mid+1=223774.7656  sbar_dark_T5d_mid+1=152304.9531  sbar_dark_T4a_mid+2=108464.6562  sbar_dark_T4b_mid+2=117176.5469  sbar_dark_T4c_mid+2=114611.7578  sbar_dark_T4d_mid+2=105299.4844  sbar_dark_T5a_mid+2=194309.1406  sbar_dark_T5b_mid+2=203978.3594  sbar_dark_T5c_mid+2=194674.1094  sbar_dark_T5d_mid+2=196573.6094  sbar_dark_T4a_mid-1=411959.1875  sbar_dark_T4b_mid-1=249241.7188  sbar_dark_T4c_mid-1=197739.6719  sbar_dark_T4d_mid-1=257398.4219  sbar_dark_T5a_mid-1=1352541.1250  sbar_dark_T5b_mid-1=1202509.5000  sbar_dark_T5c_mid-1=1251345.7500  sbar_dark_T5d_mid-1=1437798.3750  sbar_dark_T4a_mid-2=172332.1250  sbar_dark_T4b_mid-2=170218.8906  sbar_dark_T4c_mid-2=158961.7344  sbar_dark_T4d_mid-2=155510.2500  sbar_dark_T5b_mid-2=806881.0000  sbar_dark_T5c_mid-2=680535.0000  sbar_dark_T5d_mid-2=782226.0000  sbar_dark_T5a_mid-2=762748.4375  sbar_dark_T4a_mid-1.5=48713.7109  sbar_dark_T4b_mid-1.5=73962.0156  sbar_dark_T4c_mid-1.5=74585.5469  sbar_dark_T4d_mid-1.5=27403.2500  sbar_dark_T5a_mid-1.5=243416.0938  sbar_dark_T5b_mid-1.5=281528.9375  sbar_dark_T5c_mid-1.5=241690.7500  sbar_dark_T5d_mid-1.5=231562.1875  sbar_dark_T4a_mid-0.5=54528.5664  sbar_dark_T4b_mid-0.5=95828.2734  sbar_dark_T4c_mid-0.5=107257.2266  sbar_dark_T4d_mid-0.5=74007.3438  sbar_dark_T5a_mid-0.5=490647.0000  sbar_dark_T5b_mid-0.5=633225.2500  sbar_dark_T5c_mid-0.5=410428.0312  sbar_dark_T5d_mid-0.5=557440.6250  sbar_dark_T4a_mid+0.5=32255.2754  sbar_dark_T4b_mid+0.5=61992.5547  sbar_dark_T4c_mid+0.5=28209.8242  sbar_dark_T4d_mid+0.5=65626.5312  sbar_dark_T5a_mid+0.5=75932.9688  sbar_dark_T5b_mid+0.5=72274.2109  sbar_dark_T5c_mid+0.5=62028.5547  sbar_dark_T5d_mid+0.5=62176.0273  sbar_dark_T4b_mid+1.5=21729.1289  sbar_dark_T4c_mid+1.5=25586.0137  sbar_dark_T4d_mid+1.5=15269.2070  sbar_dark_T5a_mid+1.5=45329.9297  sbar_dark_T5b_mid+1.5=57078.0312  sbar_dark_T5c_mid+1.5=51439.6875  sbar_dark_T5d_mid+1.5=39270.5078  sbar_dark_T4a_mid+1.5=29313.9746]:  84%|████████▍ | 840/1000 [09:13<01:45,  1.51it/s] Cost: 343338.9062  [spread_bright_L5=1217734.8750  spread_bright_Mi1=699762.5000  spread_bright_Tm3=1238000.2500  spread_bright_Mi4=1280801.8750  spread_dark_L1=1036395.1875  spread_dark_L2=1142033.0000  spread_dark_L3=919403.7500  spread_dark_L4=2560444.7500  spread_dark_Mi9=711968.1250  spread_dark_Tm1=775261.1875  spread_dark_Tm2=905895.3750  spread_dark_Tm4=1163152.2500  spread_dark_Tm9=1253753.5000  sbar_bright_T4a_mid+0=255834.3906  sbar_bright_T4b_mid+0=262084.5312  sbar_bright_T4c_mid+0=307344.2188  sbar_bright_T4d_mid+0=314487.0000  sbar_bright_T5a_mid+0=117043.4453  sbar_bright_T5b_mid+0=169525.4375  sbar_bright_T5c_mid+0=151067.8594  sbar_bright_T5d_mid+0=126401.9531  sbar_bright_T4a_mid+1=250463.4375  sbar_bright_T4b_mid+1=253904.6094  sbar_bright_T4c_mid+1=267299.4375  sbar_bright_T4d_mid+1=254112.2812  sbar_bright_T5a_mid+1=110461.8203  sbar_bright_T5b_mid+1=119518.3281  sbar_bright_T5c_mid+1=104631.1719  sbar_bright_T5d_mid+1=112102.4297  sbar_bright_T4a_mid+2=96206.1719  sbar_bright_T4b_mid+2=148543.7969  sbar_bright_T4c_mid+2=122757.2344  sbar_bright_T4d_mid+2=129306.1328  sbar_bright_T5a_mid+2=195829.6094  sbar_bright_T5b_mid+2=184669.4688  sbar_bright_T5c_mid+2=186452.8125  sbar_bright_T5d_mid+2=191907.4688  sbar_bright_T4a_mid-1=1584784.2500  sbar_bright_T4b_mid-1=1269436.8750  sbar_bright_T4c_mid-1=1554804.7500  sbar_bright_T4d_mid-1=1749705.8750  sbar_bright_T5a_mid-1=448368.1562  sbar_bright_T5b_mid-1=447033.1250  sbar_bright_T5c_mid-1=458058.5625  sbar_bright_T5d_mid-1=449740.7812  sbar_bright_T4a_mid-2=285183.1875  sbar_bright_T4b_mid-2=292878.7500  sbar_bright_T4c_mid-2=307511.4375  sbar_bright_T4d_mid-2=327864.2500  sbar_bright_T5b_mid-2=84552.1719  sbar_bright_T5c_mid-2=73871.9844  sbar_bright_T5d_mid-2=80790.2109  sbar_bright_T5a_mid-2=87156.0312  sbar_bright_T4a_mid-1.5=170091.6094  sbar_bright_T4b_mid-1.5=141051.7969  sbar_bright_T4c_mid-1.5=125704.2656  sbar_bright_T4d_mid-1.5=220436.4062  sbar_bright_T5a_mid-1.5=109792.5391  sbar_bright_T5b_mid-1.5=113113.5859  sbar_bright_T5c_mid-1.5=104887.7188  sbar_bright_T5d_mid-1.5=103485.1562  sbar_bright_T4a_mid-0.5=923361.9375  sbar_bright_T4b_mid-0.5=902055.5625  sbar_bright_T4c_mid-0.5=1068248.0000  sbar_bright_T4d_mid-0.5=1053547.8750  sbar_bright_T5a_mid-0.5=150729.2656  sbar_bright_T5b_mid-0.5=156828.8750  sbar_bright_T5c_mid-0.5=145710.9219  sbar_bright_T5d_mid-0.5=153789.8125  sbar_bright_T4a_mid+0.5=159910.5938  sbar_bright_T4b_mid+0.5=96216.2578  sbar_bright_T4c_mid+0.5=101868.8203  sbar_bright_T4d_mid+0.5=97321.4531  sbar_bright_T5a_mid+0.5=63795.5977  sbar_bright_T5b_mid+0.5=54899.8516  sbar_bright_T5c_mid+0.5=38854.2891  sbar_bright_T5d_mid+0.5=40180.4961  sbar_bright_T4b_mid+1.5=86843.9531  sbar_bright_T4c_mid+1.5=120583.9062  sbar_bright_T4d_mid+1.5=63796.1094  sbar_bright_T5a_mid+1.5=44207.1797  sbar_bright_T5b_mid+1.5=51993.1484  sbar_bright_T5c_mid+1.5=44437.5625  sbar_bright_T5d_mid+1.5=38999.0547  sbar_bright_T4a_mid+1.5=90584.8125  sbar_dark_T4a_mid+0=62681.3828  sbar_dark_T4b_mid+0=75479.8516  sbar_dark_T4c_mid+0=91665.0703  sbar_dark_T4d_mid+0=80679.9609  sbar_dark_T5a_mid+0=363766.3125  sbar_dark_T5b_mid+0=300139.4688  sbar_dark_T5c_mid+0=286678.0000  sbar_dark_T5d_mid+0=324035.6875  sbar_dark_T4a_mid+1=93642.7578  sbar_dark_T4b_mid+1=70934.1250  sbar_dark_T4c_mid+1=62282.0547  sbar_dark_T4d_mid+1=80723.4219  sbar_dark_T5a_mid+1=208209.0312  sbar_dark_T5b_mid+1=183484.9062  sbar_dark_T5c_mid+1=217518.3750  sbar_dark_T5d_mid+1=148675.3750  sbar_dark_T4a_mid+2=99634.1406  sbar_dark_T4b_mid+2=112792.2500  sbar_dark_T4c_mid+2=105350.3750  sbar_dark_T4d_mid+2=95339.1953  sbar_dark_T5a_mid+2=197337.4688  sbar_dark_T5b_mid+2=205250.5781  sbar_dark_T5c_mid+2=193806.6562  sbar_dark_T5d_mid+2=198182.6250  sbar_dark_T4a_mid-1=392913.0000  sbar_dark_T4b_mid-1=243750.6406  sbar_dark_T4c_mid-1=189121.2969  sbar_dark_T4d_mid-1=252821.0938  sbar_dark_T5a_mid-1=1365739.2500  sbar_dark_T5b_mid-1=1180739.1250  sbar_dark_T5c_mid-1=1254332.0000  sbar_dark_T5d_mid-1=1447312.5000  sbar_dark_T4a_mid-2=160297.8750  sbar_dark_T4b_mid-2=159260.2188  sbar_dark_T4c_mid-2=144952.1719  sbar_dark_T4d_mid-2=145318.7656  sbar_dark_T5b_mid-2=793165.2500  sbar_dark_T5c_mid-2=691617.6875  sbar_dark_T5d_mid-2=792625.4375  sbar_dark_T5a_mid-2=771949.1250  sbar_dark_T4a_mid-1.5=45894.4492  sbar_dark_T4b_mid-1.5=70765.8672  sbar_dark_T4c_mid-1.5=71786.3672  sbar_dark_T4d_mid-1.5=26392.2578  sbar_dark_T5a_mid-1.5=243932.0781  sbar_dark_T5b_mid-1.5=280424.9062  sbar_dark_T5c_mid-1.5=241006.2500  sbar_dark_T5d_mid-1.5=230351.4375  sbar_dark_T4a_mid-0.5=56757.4141  sbar_dark_T4b_mid-0.5=93892.0234  sbar_dark_T4c_mid-0.5=107072.4844  sbar_dark_T4d_mid-0.5=72976.6875  sbar_dark_T5a_mid-0.5=497182.0625  sbar_dark_T5b_mid-0.5=636129.1250  sbar_dark_T5c_mid-0.5=413969.7188  sbar_dark_T5d_mid-0.5=561346.3125  sbar_dark_T4a_mid+0.5=32645.7891  sbar_dark_T4b_mid+0.5=64528.3398  sbar_dark_T4c_mid+0.5=27553.0137  sbar_dark_T4d_mid+0.5=68549.8281  sbar_dark_T5a_mid+0.5=75707.7266  sbar_dark_T5b_mid+0.5=70450.8281  sbar_dark_T5c_mid+0.5=62496.0234  sbar_dark_T5d_mid+0.5=61954.9492  sbar_dark_T4b_mid+1.5=20317.0566  sbar_dark_T4c_mid+1.5=23197.8281  sbar_dark_T4d_mid+1.5=14584.1816  sbar_dark_T5a_mid+1.5=44032.5039  sbar_dark_T5b_mid+1.5=55734.5234  sbar_dark_T5c_mid+1.5=49218.5000  sbar_dark_T5d_mid+1.5=37310.0625  sbar_dark_T4a_mid+1.5=26216.1582]:     85%|████████▌ | 850/1000 [09:20<01:39,  1.50it/s] Cost: 343425.7188  [spread_bright_L5=1245521.5000  spread_bright_Mi1=710918.1250  spread_bright_Tm3=1256043.1250  spread_bright_Mi4=1255243.0000  spread_dark_L1=1044808.1875  spread_dark_L2=1113853.7500  spread_dark_L3=917299.3750  spread_dark_L4=2478160.7500  spread_dark_Mi9=738640.8125  spread_dark_Tm1=764286.2500  spread_dark_Tm2=894407.6875  spread_dark_Tm4=1145971.8750  spread_dark_Tm9=1273092.0000  sbar_bright_T4a_mid+0=261972.3438  sbar_bright_T4b_mid+0=275169.9375  sbar_bright_T4c_mid+0=314535.1875  sbar_bright_T4d_mid+0=326589.7500  sbar_bright_T5a_mid+0=112903.5312  sbar_bright_T5b_mid+0=164364.0625  sbar_bright_T5c_mid+0=146200.6250  sbar_bright_T5d_mid+0=120727.4219  sbar_bright_T4a_mid+1=247068.3125  sbar_bright_T4b_mid+1=251994.0938  sbar_bright_T4c_mid+1=265902.0000  sbar_bright_T4d_mid+1=249773.2344  sbar_bright_T5a_mid+1=107590.8594  sbar_bright_T5b_mid+1=117015.0859  sbar_bright_T5c_mid+1=102342.1875  sbar_bright_T5d_mid+1=110320.6094  sbar_bright_T4a_mid+2=96275.4297  sbar_bright_T4b_mid+2=152446.0312  sbar_bright_T4c_mid+2=124325.3906  sbar_bright_T4d_mid+2=126124.0859  sbar_bright_T5a_mid+2=195366.2812  sbar_bright_T5b_mid+2=183038.4062  sbar_bright_T5c_mid+2=184336.6562  sbar_bright_T5d_mid+2=190791.2969  sbar_bright_T4a_mid-1=1607980.7500  sbar_bright_T4b_mid-1=1279381.3750  sbar_bright_T4c_mid-1=1552778.8750  sbar_bright_T4d_mid-1=1781165.6250  sbar_bright_T5a_mid-1=436779.0312  sbar_bright_T5b_mid-1=437620.5312  sbar_bright_T5c_mid-1=448120.5000  sbar_bright_T5d_mid-1=440457.2500  sbar_bright_T4a_mid-2=288178.0625  sbar_bright_T4b_mid-2=295054.1250  sbar_bright_T4c_mid-2=309593.6250  sbar_bright_T4d_mid-2=335162.5938  sbar_bright_T5b_mid-2=82286.9922  sbar_bright_T5c_mid-2=72081.6953  sbar_bright_T5d_mid-2=79285.0703  sbar_bright_T5a_mid-2=85840.2500  sbar_bright_T4a_mid-1.5=169516.8281  sbar_bright_T4b_mid-1.5=143898.3594  sbar_bright_T4c_mid-1.5=125932.8594  sbar_bright_T4d_mid-1.5=224625.0312  sbar_bright_T5a_mid-1.5=109257.6250  sbar_bright_T5b_mid-1.5=112676.0312  sbar_bright_T5c_mid-1.5=103305.8438  sbar_bright_T5d_mid-1.5=102219.1719  sbar_bright_T4a_mid-0.5=922776.5625  sbar_bright_T4b_mid-0.5=905855.5625  sbar_bright_T4c_mid-0.5=1059948.3750  sbar_bright_T4d_mid-0.5=1066951.7500  sbar_bright_T5a_mid-0.5=149212.1094  sbar_bright_T5b_mid-0.5=154691.5938  sbar_bright_T5c_mid-0.5=143857.8594  sbar_bright_T5d_mid-0.5=150890.0156  sbar_bright_T4a_mid+0.5=165753.5625  sbar_bright_T4b_mid+0.5=98344.2344  sbar_bright_T4c_mid+0.5=103578.8203  sbar_bright_T4d_mid+0.5=100720.1953  sbar_bright_T5a_mid+0.5=61638.3203  sbar_bright_T5b_mid+0.5=52661.6758  sbar_bright_T5c_mid+0.5=37782.1758  sbar_bright_T5d_mid+0.5=39290.4062  sbar_bright_T4b_mid+1.5=84676.9375  sbar_bright_T4c_mid+1.5=121427.4375  sbar_bright_T4d_mid+1.5=59949.7461  sbar_bright_T5a_mid+1.5=43405.3516  sbar_bright_T5b_mid+1.5=52527.2539  sbar_bright_T5c_mid+1.5=43343.0703  sbar_bright_T5d_mid+1.5=38596.2031  sbar_bright_T4a_mid+1.5=89487.4141  sbar_dark_T4a_mid+0=55797.6172  sbar_dark_T4b_mid+0=69485.6094  sbar_dark_T4c_mid+0=87160.0781  sbar_dark_T4d_mid+0=71231.2812  sbar_dark_T5a_mid+0=360466.2812  sbar_dark_T5b_mid+0=279069.5000  sbar_dark_T5c_mid+0=291300.1562  sbar_dark_T5d_mid+0=326479.2188  sbar_dark_T4a_mid+1=88070.8516  sbar_dark_T4b_mid+1=67889.5234  sbar_dark_T4c_mid+1=59462.0078  sbar_dark_T4d_mid+1=74970.3203  sbar_dark_T5a_mid+1=203961.5469  sbar_dark_T5b_mid+1=186765.5938  sbar_dark_T5c_mid+1=219737.9375  sbar_dark_T5d_mid+1=150855.9844  sbar_dark_T4a_mid+2=97957.7109  sbar_dark_T4b_mid+2=108990.1953  sbar_dark_T4c_mid+2=107035.2188  sbar_dark_T4d_mid+2=92751.8594  sbar_dark_T5a_mid+2=203802.7344  sbar_dark_T5b_mid+2=215994.8594  sbar_dark_T5c_mid+2=199778.8750  sbar_dark_T5d_mid+2=203224.6094  sbar_dark_T4a_mid-1=384718.4688  sbar_dark_T4b_mid-1=241386.5312  sbar_dark_T4c_mid-1=189722.9844  sbar_dark_T4d_mid-1=241665.8125  sbar_dark_T5a_mid-1=1397292.6250  sbar_dark_T5b_mid-1=1180769.1250  sbar_dark_T5c_mid-1=1271071.2500  sbar_dark_T5d_mid-1=1467264.0000  sbar_dark_T4a_mid-2=160344.7031  sbar_dark_T4b_mid-2=158996.5938  sbar_dark_T4c_mid-2=144563.0469  sbar_dark_T4d_mid-2=141953.1562  sbar_dark_T5b_mid-2=782094.1250  sbar_dark_T5c_mid-2=702525.1250  sbar_dark_T5d_mid-2=802145.2500  sbar_dark_T5a_mid-2=783720.0000  sbar_dark_T4a_mid-1.5=46388.3906  sbar_dark_T4b_mid-1.5=69234.3906  sbar_dark_T4c_mid-1.5=70783.6875  sbar_dark_T4d_mid-1.5=25088.3809  sbar_dark_T5a_mid-1.5=248984.6094  sbar_dark_T5b_mid-1.5=286477.1250  sbar_dark_T5c_mid-1.5=246709.2812  sbar_dark_T5d_mid-1.5=234359.9062  sbar_dark_T4a_mid-0.5=54096.2422  sbar_dark_T4b_mid-0.5=91130.7656  sbar_dark_T4c_mid-0.5=104663.4297  sbar_dark_T4d_mid-0.5=69495.5000  sbar_dark_T5a_mid-0.5=505519.0625  sbar_dark_T5b_mid-0.5=645775.0000  sbar_dark_T5c_mid-0.5=417784.1875  sbar_dark_T5d_mid-0.5=565904.9375  sbar_dark_T4a_mid+0.5=29458.9043  sbar_dark_T4b_mid+0.5=62376.2031  sbar_dark_T4c_mid+0.5=25633.8906  sbar_dark_T4d_mid+0.5=63710.0664  sbar_dark_T5a_mid+0.5=76910.4297  sbar_dark_T5b_mid+0.5=70578.1250  sbar_dark_T5c_mid+0.5=63332.5664  sbar_dark_T5d_mid+0.5=62787.3008  sbar_dark_T4b_mid+1.5=19806.7930  sbar_dark_T4c_mid+1.5=23578.6484  sbar_dark_T4d_mid+1.5=13350.7969  sbar_dark_T5a_mid+1.5=44345.4453  sbar_dark_T5b_mid+1.5=57510.1094  sbar_dark_T5c_mid+1.5=49825.4180  sbar_dark_T5d_mid+1.5=38204.1953  sbar_dark_T4a_mid+1.5=25567.8945]:  86%|████████▌ | 860/1000 [09:26<01:32,  1.51it/s] Cost: 342427.0938  [spread_bright_L5=1212618.2500  spread_bright_Mi1=692990.6875  spread_bright_Tm3=1270339.7500  spread_bright_Mi4=1290320.2500  spread_dark_L1=1031894.8750  spread_dark_L2=1119870.0000  spread_dark_L3=911047.4375  spread_dark_L4=2555336.0000  spread_dark_Mi9=712852.1250  spread_dark_Tm1=763871.6250  spread_dark_Tm2=892878.5625  spread_dark_Tm4=1144490.8750  spread_dark_Tm9=1273546.7500  sbar_bright_T4a_mid+0=260842.5469  sbar_bright_T4b_mid+0=259373.2188  sbar_bright_T4c_mid+0=301299.5625  sbar_bright_T4d_mid+0=310652.0625  sbar_bright_T5a_mid+0=118335.2578  sbar_bright_T5b_mid+0=178221.0312  sbar_bright_T5c_mid+0=157355.1250  sbar_bright_T5d_mid+0=129860.8828  sbar_bright_T4a_mid+1=254778.3281  sbar_bright_T4b_mid+1=255983.2500  sbar_bright_T4c_mid+1=278319.6250  sbar_bright_T4d_mid+1=258816.8594  sbar_bright_T5a_mid+1=113704.2500  sbar_bright_T5b_mid+1=120341.0312  sbar_bright_T5c_mid+1=107789.3047  sbar_bright_T5d_mid+1=112275.3828  sbar_bright_T4a_mid+2=101200.5156  sbar_bright_T4b_mid+2=155177.0625  sbar_bright_T4c_mid+2=132761.9375  sbar_bright_T4d_mid+2=130580.4141  sbar_bright_T5a_mid+2=193367.9844  sbar_bright_T5b_mid+2=183463.7812  sbar_bright_T5c_mid+2=182292.7031  sbar_bright_T5d_mid+2=188433.2812  sbar_bright_T4a_mid-1=1564643.6250  sbar_bright_T4b_mid-1=1252772.1250  sbar_bright_T4c_mid-1=1521792.8750  sbar_bright_T4d_mid-1=1750082.7500  sbar_bright_T5a_mid-1=451323.8438  sbar_bright_T5b_mid-1=461280.0000  sbar_bright_T5c_mid-1=461808.0938  sbar_bright_T5d_mid-1=454152.6562  sbar_bright_T4a_mid-2=280891.5625  sbar_bright_T4b_mid-2=287118.3438  sbar_bright_T4c_mid-2=298127.4688  sbar_bright_T4d_mid-2=325534.3438  sbar_bright_T5b_mid-2=81908.1797  sbar_bright_T5c_mid-2=74036.3516  sbar_bright_T5d_mid-2=80683.1562  sbar_bright_T5a_mid-2=86494.9375  sbar_bright_T4a_mid-1.5=166626.0469  sbar_bright_T4b_mid-1.5=140370.5781  sbar_bright_T4c_mid-1.5=121476.1953  sbar_bright_T4d_mid-1.5=218778.4062  sbar_bright_T5a_mid-1.5=109708.7969  sbar_bright_T5b_mid-1.5=113012.1875  sbar_bright_T5c_mid-1.5=103898.6250  sbar_bright_T5d_mid-1.5=103281.0625  sbar_bright_T4a_mid-0.5=914870.2500  sbar_bright_T4b_mid-0.5=895250.6875  sbar_bright_T4c_mid-0.5=1054402.1250  sbar_bright_T4d_mid-0.5=1055648.6250  sbar_bright_T5a_mid-0.5=150823.4844  sbar_bright_T5b_mid-0.5=155601.3281  sbar_bright_T5c_mid-0.5=146293.6562  sbar_bright_T5d_mid-0.5=153277.4688  sbar_bright_T4a_mid+0.5=159478.1719  sbar_bright_T4b_mid+0.5=95836.5391  sbar_bright_T4c_mid+0.5=99857.4688  sbar_bright_T4d_mid+0.5=99455.4688  sbar_bright_T5a_mid+0.5=65226.3281  sbar_bright_T5b_mid+0.5=54950.3516  sbar_bright_T5c_mid+0.5=39652.2500  sbar_bright_T5d_mid+0.5=41004.5000  sbar_bright_T4b_mid+1.5=89281.4609  sbar_bright_T4c_mid+1.5=128795.3281  sbar_bright_T4d_mid+1.5=64802.3711  sbar_bright_T5a_mid+1.5=43301.1602  sbar_bright_T5b_mid+1.5=57300.5938  sbar_bright_T5c_mid+1.5=44926.8789  sbar_bright_T5d_mid+1.5=39574.7227  sbar_bright_T4a_mid+1.5=95894.6016  sbar_dark_T4a_mid+0=63556.9062  sbar_dark_T4b_mid+0=76829.9609  sbar_dark_T4c_mid+0=94633.4375  sbar_dark_T4d_mid+0=74257.0156  sbar_dark_T5a_mid+0=339850.0625  sbar_dark_T5b_mid+0=279591.4062  sbar_dark_T5c_mid+0=295570.0312  sbar_dark_T5d_mid+0=324876.5938  sbar_dark_T4a_mid+1=93251.7969  sbar_dark_T4b_mid+1=72872.2891  sbar_dark_T4c_mid+1=66461.6328  sbar_dark_T4d_mid+1=77290.3125  sbar_dark_T5a_mid+1=208799.4688  sbar_dark_T5b_mid+1=187263.1875  sbar_dark_T5c_mid+1=227132.2500  sbar_dark_T5d_mid+1=152196.2969  sbar_dark_T4a_mid+2=104510.6875  sbar_dark_T4b_mid+2=114732.1797  sbar_dark_T4c_mid+2=112542.1172  sbar_dark_T4d_mid+2=96596.6406  sbar_dark_T5a_mid+2=195399.5156  sbar_dark_T5b_mid+2=212812.7031  sbar_dark_T5c_mid+2=190679.3750  sbar_dark_T5d_mid+2=193924.7656  sbar_dark_T4a_mid-1=402891.3750  sbar_dark_T4b_mid-1=245737.6562  sbar_dark_T4c_mid-1=197418.7344  sbar_dark_T4d_mid-1=253272.4219  sbar_dark_T5a_mid-1=1363041.1250  sbar_dark_T5b_mid-1=1146449.0000  sbar_dark_T5c_mid-1=1243938.5000  sbar_dark_T5d_mid-1=1429680.2500  sbar_dark_T4a_mid-2=165084.9062  sbar_dark_T4b_mid-2=165503.0156  sbar_dark_T4c_mid-2=153346.1719  sbar_dark_T4d_mid-2=143604.7344  sbar_dark_T5b_mid-2=745855.3125  sbar_dark_T5c_mid-2=678222.3125  sbar_dark_T5d_mid-2=784209.1250  sbar_dark_T5a_mid-2=772052.8125  sbar_dark_T4a_mid-1.5=48175.9805  sbar_dark_T4b_mid-1.5=72035.6094  sbar_dark_T4c_mid-1.5=74560.4219  sbar_dark_T4d_mid-1.5=26981.7207  sbar_dark_T5a_mid-1.5=246027.4531  sbar_dark_T5b_mid-1.5=282054.2812  sbar_dark_T5c_mid-1.5=238737.3281  sbar_dark_T5d_mid-1.5=230205.3594  sbar_dark_T4a_mid-0.5=55757.4102  sbar_dark_T4b_mid-0.5=94728.9609  sbar_dark_T4c_mid-0.5=108193.6562  sbar_dark_T4d_mid-0.5=72157.2812  sbar_dark_T5a_mid-0.5=501764.5625  sbar_dark_T5b_mid-0.5=636434.9375  sbar_dark_T5c_mid-0.5=411098.8750  sbar_dark_T5d_mid-0.5=557078.8125  sbar_dark_T4a_mid+0.5=32264.0781  sbar_dark_T4b_mid+0.5=62795.2852  sbar_dark_T4c_mid+0.5=28626.6777  sbar_dark_T4d_mid+0.5=65380.0273  sbar_dark_T5a_mid+0.5=76794.4531  sbar_dark_T5b_mid+0.5=67791.7578  sbar_dark_T5c_mid+0.5=61931.8594  sbar_dark_T5d_mid+0.5=62563.9219  sbar_dark_T4b_mid+1.5=20879.0195  sbar_dark_T4c_mid+1.5=25071.9395  sbar_dark_T4d_mid+1.5=14169.5410  sbar_dark_T5a_mid+1.5=44877.0898  sbar_dark_T5b_mid+1.5=62654.3516  sbar_dark_T5c_mid+1.5=52537.2461  sbar_dark_T5d_mid+1.5=39750.5234  sbar_dark_T4a_mid+1.5=28440.7148]:  87%|████████▋ | 870/1000 [09:33<01:25,  1.51it/s] Cost: 341844.8125  [spread_bright_L5=1228957.0000  spread_bright_Mi1=691357.0000  spread_bright_Tm3=1255782.0000  spread_bright_Mi4=1270060.8750  spread_dark_L1=1022363.1250  spread_dark_L2=1120024.2500  spread_dark_L3=903666.5625  spread_dark_L4=2531223.7500  spread_dark_Mi9=716171.4375  spread_dark_Tm1=774187.3125  spread_dark_Tm2=907255.0625  spread_dark_Tm4=1155689.0000  spread_dark_Tm9=1276133.2500  sbar_bright_T4a_mid+0=261196.6094  sbar_bright_T4b_mid+0=255841.1719  sbar_bright_T4c_mid+0=300181.0312  sbar_bright_T4d_mid+0=309227.7812  sbar_bright_T5a_mid+0=115155.8125  sbar_bright_T5b_mid+0=166971.8438  sbar_bright_T5c_mid+0=150614.0000  sbar_bright_T5d_mid+0=122603.2891  sbar_bright_T4a_mid+1=251059.7969  sbar_bright_T4b_mid+1=254941.0781  sbar_bright_T4c_mid+1=274028.1875  sbar_bright_T4d_mid+1=257858.0781  sbar_bright_T5a_mid+1=109444.7031  sbar_bright_T5b_mid+1=116700.0781  sbar_bright_T5c_mid+1=103557.1719  sbar_bright_T5d_mid+1=109693.7578  sbar_bright_T4a_mid+2=97597.1016  sbar_bright_T4b_mid+2=152647.1250  sbar_bright_T4c_mid+2=126164.3906  sbar_bright_T4d_mid+2=128888.6094  sbar_bright_T5a_mid+2=194472.2031  sbar_bright_T5b_mid+2=184806.6875  sbar_bright_T5c_mid+2=182357.3438  sbar_bright_T5d_mid+2=189183.0781  sbar_bright_T4a_mid-1=1568193.1250  sbar_bright_T4b_mid-1=1250204.3750  sbar_bright_T4c_mid-1=1531265.8750  sbar_bright_T4d_mid-1=1748016.1250  sbar_bright_T5a_mid-1=443247.5000  sbar_bright_T5b_mid-1=443743.1562  sbar_bright_T5c_mid-1=454550.9062  sbar_bright_T5d_mid-1=446375.1875  sbar_bright_T4a_mid-2=282996.6875  sbar_bright_T4b_mid-2=289178.2188  sbar_bright_T4c_mid-2=301125.8438  sbar_bright_T4d_mid-2=325226.3438  sbar_bright_T5b_mid-2=83227.6797  sbar_bright_T5c_mid-2=72854.6641  sbar_bright_T5d_mid-2=80241.6250  sbar_bright_T5a_mid-2=86804.1484  sbar_bright_T4a_mid-1.5=169059.1094  sbar_bright_T4b_mid-1.5=139991.7969  sbar_bright_T4c_mid-1.5=123302.7812  sbar_bright_T4d_mid-1.5=220005.5000  sbar_bright_T5a_mid-1.5=109293.0234  sbar_bright_T5b_mid-1.5=113181.4141  sbar_bright_T5c_mid-1.5=104748.2578  sbar_bright_T5d_mid-1.5=103129.1016  sbar_bright_T4a_mid-0.5=916895.1875  sbar_bright_T4b_mid-0.5=895734.5000  sbar_bright_T4c_mid-0.5=1059868.2500  sbar_bright_T4d_mid-0.5=1051878.1250  sbar_bright_T5a_mid-0.5=149714.9688  sbar_bright_T5b_mid-0.5=155006.8906  sbar_bright_T5c_mid-0.5=144861.7969  sbar_bright_T5d_mid-0.5=152429.5000  sbar_bright_T4a_mid+0.5=159128.2969  sbar_bright_T4b_mid+0.5=95481.5156  sbar_bright_T4c_mid+0.5=99696.2031  sbar_bright_T4d_mid+0.5=98121.0078  sbar_bright_T5a_mid+0.5=63451.2539  sbar_bright_T5b_mid+0.5=52528.3945  sbar_bright_T5c_mid+0.5=38557.5391  sbar_bright_T5d_mid+0.5=40277.5078  sbar_bright_T4b_mid+1.5=86541.1797  sbar_bright_T4c_mid+1.5=123728.0625  sbar_bright_T4d_mid+1.5=63541.1250  sbar_bright_T5a_mid+1.5=43580.9102  sbar_bright_T5b_mid+1.5=55556.6719  sbar_bright_T5c_mid+1.5=44483.0312  sbar_bright_T5d_mid+1.5=39167.7852  sbar_bright_T4a_mid+1.5=90958.8125  sbar_dark_T4a_mid+0=66225.4766  sbar_dark_T4b_mid+0=79327.4453  sbar_dark_T4c_mid+0=95263.8359  sbar_dark_T4d_mid+0=78980.6172  sbar_dark_T5a_mid+0=356306.7812  sbar_dark_T5b_mid+0=260746.5312  sbar_dark_T5c_mid+0=295303.4375  sbar_dark_T5d_mid+0=325181.6875  sbar_dark_T4a_mid+1=93933.3125  sbar_dark_T4b_mid+1=73160.3672  sbar_dark_T4c_mid+1=64914.9414  sbar_dark_T4d_mid+1=81092.2031  sbar_dark_T5a_mid+1=207798.2031  sbar_dark_T5b_mid+1=185627.2188  sbar_dark_T5c_mid+1=224215.7188  sbar_dark_T5d_mid+1=150623.6562  sbar_dark_T4a_mid+2=101133.5781  sbar_dark_T4b_mid+2=113339.9062  sbar_dark_T4c_mid+2=108374.6562  sbar_dark_T4d_mid+2=93824.4219  sbar_dark_T5a_mid+2=197872.1562  sbar_dark_T5b_mid+2=218297.5156  sbar_dark_T5c_mid+2=192675.0156  sbar_dark_T5d_mid+2=197241.9219  sbar_dark_T4a_mid-1=403785.1875  sbar_dark_T4b_mid-1=250064.1875  sbar_dark_T4c_mid-1=195402.8281  sbar_dark_T4d_mid-1=255124.0000  sbar_dark_T5a_mid-1=1366673.3750  sbar_dark_T5b_mid-1=1152199.7500  sbar_dark_T5c_mid-1=1247519.6250  sbar_dark_T5d_mid-1=1438110.5000  sbar_dark_T4a_mid-2=162747.5781  sbar_dark_T4b_mid-2=165312.6094  sbar_dark_T4c_mid-2=150527.9375  sbar_dark_T4d_mid-2=147956.8906  sbar_dark_T5b_mid-2=750718.3750  sbar_dark_T5c_mid-2=683015.6875  sbar_dark_T5d_mid-2=787688.6875  sbar_dark_T5a_mid-2=771543.3750  sbar_dark_T4a_mid-1.5=46571.7773  sbar_dark_T4b_mid-1.5=72146.5938  sbar_dark_T4c_mid-1.5=73082.8125  sbar_dark_T4d_mid-1.5=26762.3359  sbar_dark_T5a_mid-1.5=245365.0469  sbar_dark_T5b_mid-1.5=284090.8125  sbar_dark_T5c_mid-1.5=240454.6250  sbar_dark_T5d_mid-1.5=231066.2188  sbar_dark_T4a_mid-0.5=57629.7734  sbar_dark_T4b_mid-0.5=94686.6016  sbar_dark_T4c_mid-0.5=110120.8906  sbar_dark_T4d_mid-0.5=73089.3906  sbar_dark_T5a_mid-0.5=497055.6875  sbar_dark_T5b_mid-0.5=641549.4375  sbar_dark_T5c_mid-0.5=408442.3438  sbar_dark_T5d_mid-0.5=556659.8750  sbar_dark_T4a_mid+0.5=34004.5117  sbar_dark_T4b_mid+0.5=65414.5469  sbar_dark_T4c_mid+0.5=28612.5566  sbar_dark_T4d_mid+0.5=68380.5000  sbar_dark_T5a_mid+0.5=76710.6484  sbar_dark_T5b_mid+0.5=68392.2188  sbar_dark_T5c_mid+0.5=62115.8438  sbar_dark_T5d_mid+0.5=62862.5977  sbar_dark_T4b_mid+1.5=20622.4570  sbar_dark_T4c_mid+1.5=23873.5547  sbar_dark_T4d_mid+1.5=14353.6611  sbar_dark_T5a_mid+1.5=43688.7852  sbar_dark_T5b_mid+1.5=58603.4961  sbar_dark_T5c_mid+1.5=49833.3164  sbar_dark_T5d_mid+1.5=37768.8906  sbar_dark_T4a_mid+1.5=26559.1680]:   88%|████████▊ | 880/1000 [09:39<01:19,  1.52it/s] Cost: 346459.9062  [spread_bright_L5=1300486.1250  spread_bright_Mi1=717099.5625  spread_bright_Tm3=1228662.1250  spread_bright_Mi4=1236517.3750  spread_dark_L1=1047199.8125  spread_dark_L2=1117710.6250  spread_dark_L3=905416.9375  spread_dark_L4=2464149.2500  spread_dark_Mi9=942267.5000  spread_dark_Tm1=780890.0625  spread_dark_Tm2=922561.6250  spread_dark_Tm4=1158596.7500  spread_dark_Tm9=1456686.5000  sbar_bright_T4a_mid+0=267734.2812  sbar_bright_T4b_mid+0=270314.0625  sbar_bright_T4c_mid+0=305491.2500  sbar_bright_T4d_mid+0=327995.0000  sbar_bright_T5a_mid+0=115722.2344  sbar_bright_T5b_mid+0=168790.9844  sbar_bright_T5c_mid+0=142280.0000  sbar_bright_T5d_mid+0=112391.8906  sbar_bright_T4a_mid+1=243924.1094  sbar_bright_T4b_mid+1=258499.9688  sbar_bright_T4c_mid+1=274754.3750  sbar_bright_T4d_mid+1=257070.9531  sbar_bright_T5a_mid+1=104068.8672  sbar_bright_T5b_mid+1=116625.2812  sbar_bright_T5c_mid+1=100410.4844  sbar_bright_T5d_mid+1=106919.2812  sbar_bright_T4a_mid+2=102009.8594  sbar_bright_T4b_mid+2=169323.7656  sbar_bright_T4c_mid+2=133487.5781  sbar_bright_T4d_mid+2=145827.6406  sbar_bright_T5a_mid+2=190702.7500  sbar_bright_T5b_mid+2=181773.8281  sbar_bright_T5c_mid+2=181746.9375  sbar_bright_T5d_mid+2=187028.3750  sbar_bright_T4a_mid-1=1594581.1250  sbar_bright_T4b_mid-1=1240838.0000  sbar_bright_T4c_mid-1=1509263.8750  sbar_bright_T4d_mid-1=1774687.5000  sbar_bright_T5a_mid-1=421283.1562  sbar_bright_T5b_mid-1=422626.6562  sbar_bright_T5c_mid-1=438113.1250  sbar_bright_T5d_mid-1=428908.3750  sbar_bright_T4a_mid-2=281360.5938  sbar_bright_T4b_mid-2=286871.4375  sbar_bright_T4c_mid-2=295431.2500  sbar_bright_T4d_mid-2=327925.2188  sbar_bright_T5b_mid-2=82120.1562  sbar_bright_T5c_mid-2=70820.8281  sbar_bright_T5d_mid-2=76134.2812  sbar_bright_T5a_mid-2=84438.6562  sbar_bright_T4a_mid-1.5=169251.0000  sbar_bright_T4b_mid-1.5=139241.2188  sbar_bright_T4c_mid-1.5=122978.7422  sbar_bright_T4d_mid-1.5=225825.8281  sbar_bright_T5a_mid-1.5=108643.2422  sbar_bright_T5b_mid-1.5=112923.1719  sbar_bright_T5c_mid-1.5=102082.7578  sbar_bright_T5d_mid-1.5=101806.9609  sbar_bright_T4a_mid-0.5=911071.8750  sbar_bright_T4b_mid-0.5=897565.8125  sbar_bright_T4c_mid-0.5=1030698.0000  sbar_bright_T4d_mid-0.5=1063836.5000  sbar_bright_T5a_mid-0.5=149993.8125  sbar_bright_T5b_mid-0.5=153592.6562  sbar_bright_T5c_mid-0.5=144049.9531  sbar_bright_T5d_mid-0.5=150198.1250  sbar_bright_T4a_mid+0.5=167587.7656  sbar_bright_T4b_mid+0.5=98064.5000  sbar_bright_T4c_mid+0.5=101149.0000  sbar_bright_T4d_mid+0.5=96507.6406  sbar_bright_T5a_mid+0.5=60929.0039  sbar_bright_T5b_mid+0.5=51713.2500  sbar_bright_T5c_mid+0.5=37025.2148  sbar_bright_T5d_mid+0.5=38815.4453  sbar_bright_T4b_mid+1.5=83660.7188  sbar_bright_T4c_mid+1.5=123839.8125  sbar_bright_T4d_mid+1.5=58297.9844  sbar_bright_T5a_mid+1.5=42978.9492  sbar_bright_T5b_mid+1.5=53135.4531  sbar_bright_T5c_mid+1.5=42723.0039  sbar_bright_T5d_mid+1.5=39491.0625  sbar_bright_T4a_mid+1.5=88960.7500  sbar_dark_T4a_mid+0=69569.9375  sbar_dark_T4b_mid+0=86516.6953  sbar_dark_T4c_mid+0=92299.1641  sbar_dark_T4d_mid+0=78144.3984  sbar_dark_T5a_mid+0=372967.0000  sbar_dark_T5b_mid+0=265888.8125  sbar_dark_T5c_mid+0=289947.8750  sbar_dark_T5d_mid+0=321579.5625  sbar_dark_T4a_mid+1=89605.2109  sbar_dark_T4b_mid+1=78306.8906  sbar_dark_T4c_mid+1=63395.4766  sbar_dark_T4d_mid+1=81742.3438  sbar_dark_T5a_mid+1=204925.8438  sbar_dark_T5b_mid+1=188086.1562  sbar_dark_T5c_mid+1=216362.0625  sbar_dark_T5d_mid+1=150683.3438  sbar_dark_T4a_mid+2=110583.7812  sbar_dark_T4b_mid+2=117541.4062  sbar_dark_T4c_mid+2=119765.9219  sbar_dark_T4d_mid+2=115760.6953  sbar_dark_T5a_mid+2=199802.5469  sbar_dark_T5b_mid+2=230249.2656  sbar_dark_T5c_mid+2=199607.1250  sbar_dark_T5d_mid+2=203657.5000  sbar_dark_T4a_mid-1=414987.2500  sbar_dark_T4b_mid-1=268264.5000  sbar_dark_T4c_mid-1=209319.6094  sbar_dark_T4d_mid-1=244003.5312  sbar_dark_T5a_mid-1=1407554.0000  sbar_dark_T5b_mid-1=1157482.0000  sbar_dark_T5c_mid-1=1279063.5000  sbar_dark_T5d_mid-1=1478142.6250  sbar_dark_T4a_mid-2=175925.8125  sbar_dark_T4b_mid-2=176555.8125  sbar_dark_T4c_mid-2=158962.3906  sbar_dark_T4d_mid-2=178185.4062  sbar_dark_T5b_mid-2=750297.3125  sbar_dark_T5c_mid-2=707620.4375  sbar_dark_T5d_mid-2=805206.5625  sbar_dark_T5a_mid-2=779956.6250  sbar_dark_T4a_mid-1.5=47705.4609  sbar_dark_T4b_mid-1.5=76973.5312  sbar_dark_T4c_mid-1.5=75701.7969  sbar_dark_T4d_mid-1.5=21986.9707  sbar_dark_T5a_mid-1.5=245915.5469  sbar_dark_T5b_mid-1.5=285277.1562  sbar_dark_T5c_mid-1.5=251656.9375  sbar_dark_T5d_mid-1.5=235946.4375  sbar_dark_T4a_mid-0.5=54045.2656  sbar_dark_T4b_mid-0.5=95203.7344  sbar_dark_T4c_mid-0.5=109755.4375  sbar_dark_T4d_mid-0.5=71539.9375  sbar_dark_T5a_mid-0.5=488823.1875  sbar_dark_T5b_mid-0.5=644670.5625  sbar_dark_T5c_mid-0.5=412370.5938  sbar_dark_T5d_mid-0.5=556418.5000  sbar_dark_T4a_mid+0.5=31388.2246  sbar_dark_T4b_mid+0.5=62696.7266  sbar_dark_T4c_mid+0.5=27075.8379  sbar_dark_T4d_mid+0.5=66435.7344  sbar_dark_T5a_mid+0.5=76355.3750  sbar_dark_T5b_mid+0.5=67333.1719  sbar_dark_T5c_mid+0.5=62929.2773  sbar_dark_T5d_mid+0.5=63268.8125  sbar_dark_T4b_mid+1.5=22178.5273  sbar_dark_T4c_mid+1.5=27191.2031  sbar_dark_T4d_mid+1.5=15368.5137  sbar_dark_T5a_mid+1.5=43122.7031  sbar_dark_T5b_mid+1.5=56110.0234  sbar_dark_T5c_mid+1.5=47383.5664  sbar_dark_T5d_mid+1.5=37678.7500  sbar_dark_T4a_mid+1.5=27999.0879]:  89%|████████▉ | 890/1000 [09:46<01:12,  1.51it/s] Cost: 342107.4375  [spread_bright_L5=1181064.2500  spread_bright_Mi1=688654.7500  spread_bright_Tm3=1255438.5000  spread_bright_Mi4=1284075.5000  spread_dark_L1=1038937.6875  spread_dark_L2=1110211.7500  spread_dark_L3=899844.5625  spread_dark_L4=2645670.5000  spread_dark_Mi9=699165.1250  spread_dark_Tm1=775010.0000  spread_dark_Tm2=905647.7500  spread_dark_Tm4=1152032.1250  spread_dark_Tm9=1225449.1250  sbar_bright_T4a_mid+0=261535.3750  sbar_bright_T4b_mid+0=252410.4531  sbar_bright_T4c_mid+0=298604.0312  sbar_bright_T4d_mid+0=307224.9688  sbar_bright_T5a_mid+0=123326.1016  sbar_bright_T5b_mid+0=188348.1875  sbar_bright_T5c_mid+0=160368.5781  sbar_bright_T5d_mid+0=133603.3438  sbar_bright_T4a_mid+1=256895.9688  sbar_bright_T4b_mid+1=256254.1562  sbar_bright_T4c_mid+1=279312.4688  sbar_bright_T4d_mid+1=263889.5625  sbar_bright_T5a_mid+1=117747.1250  sbar_bright_T5b_mid+1=124483.4453  sbar_bright_T5c_mid+1=110660.2031  sbar_bright_T5d_mid+1=113772.2969  sbar_bright_T4a_mid+2=100504.8203  sbar_bright_T4b_mid+2=154903.0781  sbar_bright_T4c_mid+2=126610.5781  sbar_bright_T4d_mid+2=129072.2500  sbar_bright_T5a_mid+2=191310.9688  sbar_bright_T5b_mid+2=184967.3750  sbar_bright_T5c_mid+2=180781.7656  sbar_bright_T5d_mid+2=188557.3594  sbar_bright_T4a_mid-1=1556373.6250  sbar_bright_T4b_mid-1=1232599.5000  sbar_bright_T4c_mid-1=1527125.6250  sbar_bright_T4d_mid-1=1725288.3750  sbar_bright_T5a_mid-1=459954.2188  sbar_bright_T5b_mid-1=477261.5000  sbar_bright_T5c_mid-1=466269.2812  sbar_bright_T5d_mid-1=461515.3125  sbar_bright_T4a_mid-2=284162.1250  sbar_bright_T4b_mid-2=282635.7500  sbar_bright_T4c_mid-2=301144.2188  sbar_bright_T4d_mid-2=324485.7812  sbar_bright_T5b_mid-2=85575.8203  sbar_bright_T5c_mid-2=75556.0938  sbar_bright_T5d_mid-2=81660.5469  sbar_bright_T5a_mid-2=88124.2266  sbar_bright_T4a_mid-1.5=168191.5469  sbar_bright_T4b_mid-1.5=139740.0781  sbar_bright_T4c_mid-1.5=123936.5000  sbar_bright_T4d_mid-1.5=221347.0469  sbar_bright_T5a_mid-1.5=108807.9609  sbar_bright_T5b_mid-1.5=112378.8438  sbar_bright_T5c_mid-1.5=104420.0234  sbar_bright_T5d_mid-1.5=102893.8438  sbar_bright_T4a_mid-0.5=907947.1250  sbar_bright_T4b_mid-0.5=890008.9375  sbar_bright_T4c_mid-0.5=1060429.0000  sbar_bright_T4d_mid-0.5=1037000.2500  sbar_bright_T5a_mid-0.5=152835.4062  sbar_bright_T5b_mid-0.5=157150.9219  sbar_bright_T5c_mid-0.5=147648.0156  sbar_bright_T5d_mid-0.5=155783.5156  sbar_bright_T4a_mid+0.5=157186.6719  sbar_bright_T4b_mid+0.5=93179.6484  sbar_bright_T4c_mid+0.5=99651.5938  sbar_bright_T4d_mid+0.5=94069.1719  sbar_bright_T5a_mid+0.5=67729.2031  sbar_bright_T5b_mid+0.5=57855.8633  sbar_bright_T5c_mid+0.5=40628.0859  sbar_bright_T5d_mid+0.5=42448.1797  sbar_bright_T4b_mid+1.5=92167.7500  sbar_bright_T4c_mid+1.5=128074.5469  sbar_bright_T4d_mid+1.5=66583.6016  sbar_bright_T5a_mid+1.5=42450.5547  sbar_bright_T5b_mid+1.5=60552.8398  sbar_bright_T5c_mid+1.5=43969.8164  sbar_bright_T5d_mid+1.5=38739.7383  sbar_bright_T4a_mid+1.5=96926.3438  sbar_dark_T4a_mid+0=64194.3281  sbar_dark_T4b_mid+0=79649.7266  sbar_dark_T4c_mid+0=94995.0547  sbar_dark_T4d_mid+0=79574.4453  sbar_dark_T5a_mid+0=355509.0000  sbar_dark_T5b_mid+0=294996.1875  sbar_dark_T5c_mid+0=282906.5938  sbar_dark_T5d_mid+0=308068.4375  sbar_dark_T4a_mid+1=94139.6250  sbar_dark_T4b_mid+1=73379.0625  sbar_dark_T4c_mid+1=66097.9062  sbar_dark_T4d_mid+1=80667.7031  sbar_dark_T5a_mid+1=213782.8906  sbar_dark_T5b_mid+1=185592.0781  sbar_dark_T5c_mid+1=218701.1406  sbar_dark_T5d_mid+1=150262.5625  sbar_dark_T4a_mid+2=102923.1562  sbar_dark_T4b_mid+2=118335.1719  sbar_dark_T4c_mid+2=108120.3516  sbar_dark_T4d_mid+2=99439.1484  sbar_dark_T5a_mid+2=193932.2344  sbar_dark_T5b_mid+2=214844.7031  sbar_dark_T5c_mid+2=188330.2812  sbar_dark_T5d_mid+2=194606.5469  sbar_dark_T4a_mid-1=400454.7812  sbar_dark_T4b_mid-1=246645.0312  sbar_dark_T4c_mid-1=193441.4844  sbar_dark_T4d_mid-1=256189.2969  sbar_dark_T5a_mid-1=1351839.3750  sbar_dark_T5b_mid-1=1129646.6250  sbar_dark_T5c_mid-1=1258173.5000  sbar_dark_T5d_mid-1=1431312.5000  sbar_dark_T4a_mid-2=160722.6875  sbar_dark_T4b_mid-2=163276.1250  sbar_dark_T4c_mid-2=148113.6875  sbar_dark_T4d_mid-2=148318.8438  sbar_dark_T5b_mid-2=719951.2500  sbar_dark_T5c_mid-2=683300.2500  sbar_dark_T5d_mid-2=785664.7500  sbar_dark_T5a_mid-2=767475.2500  sbar_dark_T4a_mid-1.5=46929.5195  sbar_dark_T4b_mid-1.5=71349.8594  sbar_dark_T4c_mid-1.5=71142.5703  sbar_dark_T4d_mid-1.5=26381.6250  sbar_dark_T5a_mid-1.5=241470.0938  sbar_dark_T5b_mid-1.5=277908.4375  sbar_dark_T5c_mid-1.5=238140.4062  sbar_dark_T5d_mid-1.5=229076.0781  sbar_dark_T4a_mid-0.5=56990.8320  sbar_dark_T4b_mid-0.5=92814.2969  sbar_dark_T4c_mid-0.5=107393.7344  sbar_dark_T4d_mid-0.5=74635.4766  sbar_dark_T5a_mid-0.5=502910.1250  sbar_dark_T5b_mid-0.5=629482.0625  sbar_dark_T5c_mid-0.5=423344.6875  sbar_dark_T5d_mid-0.5=554400.6875  sbar_dark_T4a_mid+0.5=31413.8047  sbar_dark_T4b_mid+0.5=63199.4609  sbar_dark_T4c_mid+0.5=28803.2500  sbar_dark_T4d_mid+0.5=67627.6406  sbar_dark_T5a_mid+0.5=78323.4688  sbar_dark_T5b_mid+0.5=65407.2930  sbar_dark_T5c_mid+0.5=62444.7305  sbar_dark_T5d_mid+0.5=62508.0859  sbar_dark_T4b_mid+1.5=21372.2754  sbar_dark_T4c_mid+1.5=24320.3262  sbar_dark_T4d_mid+1.5=15289.8555  sbar_dark_T5a_mid+1.5=45227.3867  sbar_dark_T5b_mid+1.5=64785.1250  sbar_dark_T5c_mid+1.5=51893.7656  sbar_dark_T5d_mid+1.5=39140.8242  sbar_dark_T4a_mid+1.5=28349.8574]:    90%|█████████ | 900/1000 [09:52<01:05,  1.52it/s] Cost: 344666.5625  [spread_bright_L5=1225221.6250  spread_bright_Mi1=743992.1250  spread_bright_Tm3=1293297.7500  spread_bright_Mi4=1242986.1250  spread_dark_L1=1061697.0000  spread_dark_L2=1109580.0000  spread_dark_L3=896623.7500  spread_dark_L4=2506923.7500  spread_dark_Mi9=827175.0625  spread_dark_Tm1=767650.6875  spread_dark_Tm2=902689.5625  spread_dark_Tm4=1162908.6250  spread_dark_Tm9=1351291.3750  sbar_bright_T4a_mid+0=274209.3125  sbar_bright_T4b_mid+0=272870.2812  sbar_bright_T4c_mid+0=309463.5938  sbar_bright_T4d_mid+0=327819.1250  sbar_bright_T5a_mid+0=114318.6641  sbar_bright_T5b_mid+0=169008.6250  sbar_bright_T5c_mid+0=140720.3438  sbar_bright_T5d_mid+0=114656.3750  sbar_bright_T4a_mid+1=243945.0938  sbar_bright_T4b_mid+1=253980.6094  sbar_bright_T4c_mid+1=268876.9062  sbar_bright_T4d_mid+1=251245.8906  sbar_bright_T5a_mid+1=103360.7188  sbar_bright_T5b_mid+1=115785.7344  sbar_bright_T5c_mid+1=100180.6094  sbar_bright_T5d_mid+1=108878.6250  sbar_bright_T4a_mid+2=100188.5391  sbar_bright_T4b_mid+2=164827.7500  sbar_bright_T4c_mid+2=128320.2734  sbar_bright_T4d_mid+2=134235.2969  sbar_bright_T5a_mid+2=193456.9375  sbar_bright_T5b_mid+2=183564.0469  sbar_bright_T5c_mid+2=183802.1562  sbar_bright_T5d_mid+2=191167.4219  sbar_bright_T4a_mid-1=1594083.0000  sbar_bright_T4b_mid-1=1237064.2500  sbar_bright_T4c_mid-1=1512662.8750  sbar_bright_T4d_mid-1=1777510.2500  sbar_bright_T5a_mid-1=429189.5938  sbar_bright_T5b_mid-1=432766.8438  sbar_bright_T5c_mid-1=444751.4062  sbar_bright_T5d_mid-1=432952.9062  sbar_bright_T4a_mid-2=282632.0625  sbar_bright_T4b_mid-2=290212.0312  sbar_bright_T4c_mid-2=302034.5625  sbar_bright_T4d_mid-2=335007.8750  sbar_bright_T5b_mid-2=83527.0312  sbar_bright_T5c_mid-2=71765.7500  sbar_bright_T5d_mid-2=77522.4375  sbar_bright_T5a_mid-2=85925.1328  sbar_bright_T4a_mid-1.5=169667.7500  sbar_bright_T4b_mid-1.5=141115.4375  sbar_bright_T4c_mid-1.5=123842.1562  sbar_bright_T4d_mid-1.5=229266.5469  sbar_bright_T5a_mid-1.5=109500.7109  sbar_bright_T5b_mid-1.5=113144.2656  sbar_bright_T5c_mid-1.5=102503.0000  sbar_bright_T5d_mid-1.5=101912.1641  sbar_bright_T4a_mid-0.5=901241.7500  sbar_bright_T4b_mid-0.5=886028.2500  sbar_bright_T4c_mid-0.5=1034653.8750  sbar_bright_T4d_mid-0.5=1059290.1250  sbar_bright_T5a_mid-0.5=149910.6875  sbar_bright_T5b_mid-0.5=154992.1562  sbar_bright_T5c_mid-0.5=143686.7188  sbar_bright_T5d_mid-0.5=151885.5156  sbar_bright_T4a_mid+0.5=166619.4062  sbar_bright_T4b_mid+0.5=94480.3438  sbar_bright_T4c_mid+0.5=100877.1953  sbar_bright_T4d_mid+0.5=96737.9766  sbar_bright_T5a_mid+0.5=61262.8984  sbar_bright_T5b_mid+0.5=51946.2227  sbar_bright_T5c_mid+0.5=37444.7305  sbar_bright_T5d_mid+0.5=38629.5859  sbar_bright_T4b_mid+1.5=83488.1406  sbar_bright_T4c_mid+1.5=123376.7656  sbar_bright_T4d_mid+1.5=57372.2148  sbar_bright_T5a_mid+1.5=43344.9766  sbar_bright_T5b_mid+1.5=56705.6250  sbar_bright_T5c_mid+1.5=43275.7617  sbar_bright_T5d_mid+1.5=38813.9609  sbar_bright_T4a_mid+1.5=88687.0547  sbar_dark_T4a_mid+0=56893.2500  sbar_dark_T4b_mid+0=76904.6875  sbar_dark_T4c_mid+0=90564.5859  sbar_dark_T4d_mid+0=74434.1094  sbar_dark_T5a_mid+0=384091.6875  sbar_dark_T5b_mid+0=286063.4062  sbar_dark_T5c_mid+0=277070.5312  sbar_dark_T5d_mid+0=311699.5625  sbar_dark_T4a_mid+1=93463.4219  sbar_dark_T4b_mid+1=73797.4297  sbar_dark_T4c_mid+1=60176.4375  sbar_dark_T4d_mid+1=79528.3047  sbar_dark_T5a_mid+1=210282.7500  sbar_dark_T5b_mid+1=185161.5312  sbar_dark_T5c_mid+1=210503.2188  sbar_dark_T5d_mid+1=147945.5625  sbar_dark_T4a_mid+2=107878.0000  sbar_dark_T4b_mid+2=117159.6797  sbar_dark_T4c_mid+2=115787.7656  sbar_dark_T4d_mid+2=99913.8984  sbar_dark_T5a_mid+2=201668.7188  sbar_dark_T5b_mid+2=229917.6562  sbar_dark_T5c_mid+2=201582.0000  sbar_dark_T5d_mid+2=207550.1406  sbar_dark_T4a_mid-1=393773.0312  sbar_dark_T4b_mid-1=275154.8125  sbar_dark_T4c_mid-1=204826.5625  sbar_dark_T4d_mid-1=236394.8438  sbar_dark_T5a_mid-1=1388972.0000  sbar_dark_T5b_mid-1=1151403.1250  sbar_dark_T5c_mid-1=1289078.0000  sbar_dark_T5d_mid-1=1481681.2500  sbar_dark_T4a_mid-2=173571.7656  sbar_dark_T4b_mid-2=173502.7500  sbar_dark_T4c_mid-2=152307.1875  sbar_dark_T4d_mid-2=157488.6875  sbar_dark_T5b_mid-2=736483.8750  sbar_dark_T5c_mid-2=711201.0000  sbar_dark_T5d_mid-2=811846.8125  sbar_dark_T5a_mid-2=779686.7500  sbar_dark_T4a_mid-1.5=47049.5586  sbar_dark_T4b_mid-1.5=75980.7031  sbar_dark_T4c_mid-1.5=74394.6719  sbar_dark_T4d_mid-1.5=21193.0605  sbar_dark_T5a_mid-1.5=245716.0156  sbar_dark_T5b_mid-1.5=283258.2500  sbar_dark_T5c_mid-1.5=253119.3438  sbar_dark_T5d_mid-1.5=237352.7812  sbar_dark_T4a_mid-0.5=56650.3086  sbar_dark_T4b_mid-0.5=93213.1328  sbar_dark_T4c_mid-0.5=110033.2422  sbar_dark_T4d_mid-0.5=68425.3594  sbar_dark_T5a_mid-0.5=492173.5625  sbar_dark_T5b_mid-0.5=640359.5625  sbar_dark_T5c_mid-0.5=415031.9375  sbar_dark_T5d_mid-0.5=562098.6875  sbar_dark_T4a_mid+0.5=32354.8496  sbar_dark_T4b_mid+0.5=65415.7422  sbar_dark_T4c_mid+0.5=25297.5469  sbar_dark_T4d_mid+0.5=66610.2422  sbar_dark_T5a_mid+0.5=76594.5625  sbar_dark_T5b_mid+0.5=64646.5547  sbar_dark_T5c_mid+0.5=65535.7930  sbar_dark_T5d_mid+0.5=63808.6914  sbar_dark_T4b_mid+1.5=21839.4805  sbar_dark_T4c_mid+1.5=25487.6484  sbar_dark_T4d_mid+1.5=14808.7500  sbar_dark_T5a_mid+1.5=42879.9492  sbar_dark_T5b_mid+1.5=57784.1953  sbar_dark_T5c_mid+1.5=46966.9023  sbar_dark_T5d_mid+1.5=36223.7461  sbar_dark_T4a_mid+1.5=26704.8750]:  91%|█████████ | 910/1000 [09:59<00:59,  1.52it/s] Cost: 341588.1562  [spread_bright_L5=1206441.8750  spread_bright_Mi1=684138.1875  spread_bright_Tm3=1221359.2500  spread_bright_Mi4=1287859.3750  spread_dark_L1=1040309.6875  spread_dark_L2=1115851.1250  spread_dark_L3=890134.3750  spread_dark_L4=2569973.2500  spread_dark_Mi9=727371.6875  spread_dark_Tm1=760601.0000  spread_dark_Tm2=887900.6875  spread_dark_Tm4=1143763.0000  spread_dark_Tm9=1279024.1250  sbar_bright_T4a_mid+0=256408.8594  sbar_bright_T4b_mid+0=252954.6094  sbar_bright_T4c_mid+0=297452.5000  sbar_bright_T4d_mid+0=309407.8750  sbar_bright_T5a_mid+0=121972.7500  sbar_bright_T5b_mid+0=184611.1875  sbar_bright_T5c_mid+0=157587.6250  sbar_bright_T5d_mid+0=129377.5078  sbar_bright_T4a_mid+1=254637.7969  sbar_bright_T4b_mid+1=252238.2969  sbar_bright_T4c_mid+1=279926.7188  sbar_bright_T4d_mid+1=262218.6250  sbar_bright_T5a_mid+1=115528.6328  sbar_bright_T5b_mid+1=123476.5469  sbar_bright_T5c_mid+1=110069.1328  sbar_bright_T5d_mid+1=112954.3281  sbar_bright_T4a_mid+2=98587.5078  sbar_bright_T4b_mid+2=157769.0938  sbar_bright_T4c_mid+2=125458.3047  sbar_bright_T4d_mid+2=128400.0547  sbar_bright_T5a_mid+2=192121.7656  sbar_bright_T5b_mid+2=185809.1250  sbar_bright_T5c_mid+2=182193.0625  sbar_bright_T5d_mid+2=188334.1094  sbar_bright_T4a_mid-1=1560988.1250  sbar_bright_T4b_mid-1=1232067.5000  sbar_bright_T4c_mid-1=1522973.1250  sbar_bright_T4d_mid-1=1733389.8750  sbar_bright_T5a_mid-1=450216.4688  sbar_bright_T5b_mid-1=468994.2188  sbar_bright_T5c_mid-1=461367.3438  sbar_bright_T5d_mid-1=456938.9062  sbar_bright_T4a_mid-2=283638.6250  sbar_bright_T4b_mid-2=283346.7812  sbar_bright_T4c_mid-2=300104.5938  sbar_bright_T4d_mid-2=327549.1562  sbar_bright_T5b_mid-2=86259.8984  sbar_bright_T5c_mid-2=75773.7266  sbar_bright_T5d_mid-2=81752.2578  sbar_bright_T5a_mid-2=88636.8672  sbar_bright_T4a_mid-1.5=170995.1719  sbar_bright_T4b_mid-1.5=137405.4062  sbar_bright_T4c_mid-1.5=124722.1094  sbar_bright_T4d_mid-1.5=222806.5000  sbar_bright_T5a_mid-1.5=108488.2109  sbar_bright_T5b_mid-1.5=112562.7031  sbar_bright_T5c_mid-1.5=104338.2500  sbar_bright_T5d_mid-1.5=103486.6250  sbar_bright_T4a_mid-0.5=911107.7500  sbar_bright_T4b_mid-0.5=890554.1875  sbar_bright_T4c_mid-0.5=1055142.6250  sbar_bright_T4d_mid-0.5=1038933.6250  sbar_bright_T5a_mid-0.5=152359.4844  sbar_bright_T5b_mid-0.5=156662.1562  sbar_bright_T5c_mid-0.5=148435.5625  sbar_bright_T5d_mid-0.5=155559.7344  sbar_bright_T4a_mid+0.5=155993.2031  sbar_bright_T4b_mid+0.5=92255.1875  sbar_bright_T4c_mid+0.5=98547.2656  sbar_bright_T4d_mid+0.5=93798.1016  sbar_bright_T5a_mid+0.5=67184.3125  sbar_bright_T5b_mid+0.5=56929.5938  sbar_bright_T5c_mid+0.5=39991.0156  sbar_bright_T5d_mid+0.5=42407.3359  sbar_bright_T4b_mid+1.5=90505.5078  sbar_bright_T4c_mid+1.5=127448.1797  sbar_bright_T4d_mid+1.5=64908.4492  sbar_bright_T5a_mid+1.5=42751.9531  sbar_bright_T5b_mid+1.5=61440.1445  sbar_bright_T5c_mid+1.5=44426.1250  sbar_bright_T5d_mid+1.5=39599.3047  sbar_bright_T4a_mid+1.5=94987.7500  sbar_dark_T4a_mid+0=70391.6484  sbar_dark_T4b_mid+0=85611.5469  sbar_dark_T4c_mid+0=95408.1719  sbar_dark_T4d_mid+0=80541.2734  sbar_dark_T5a_mid+0=352933.0000  sbar_dark_T5b_mid+0=280968.0312  sbar_dark_T5c_mid+0=289688.8750  sbar_dark_T5d_mid+0=318093.6562  sbar_dark_T4a_mid+1=92905.2578  sbar_dark_T4b_mid+1=75615.2422  sbar_dark_T4c_mid+1=66861.3828  sbar_dark_T4d_mid+1=80282.4531  sbar_dark_T5a_mid+1=214611.0000  sbar_dark_T5b_mid+1=183297.6250  sbar_dark_T5c_mid+1=220756.7344  sbar_dark_T5d_mid+1=148509.2656  sbar_dark_T4a_mid+2=102719.2422  sbar_dark_T4b_mid+2=117574.7656  sbar_dark_T4c_mid+2=112905.4062  sbar_dark_T4d_mid+2=103361.7031  sbar_dark_T5a_mid+2=193892.1719  sbar_dark_T5b_mid+2=219297.8594  sbar_dark_T5c_mid+2=186974.2344  sbar_dark_T5d_mid+2=192893.3750  sbar_dark_T4a_mid-1=404387.0938  sbar_dark_T4b_mid-1=244564.7812  sbar_dark_T4c_mid-1=193860.4219  sbar_dark_T4d_mid-1=250252.8750  sbar_dark_T5a_mid-1=1361132.1250  sbar_dark_T5b_mid-1=1137951.1250  sbar_dark_T5c_mid-1=1251303.5000  sbar_dark_T5d_mid-1=1431329.0000  sbar_dark_T4a_mid-2=161529.2812  sbar_dark_T4b_mid-2=164495.5625  sbar_dark_T4c_mid-2=148864.3594  sbar_dark_T4d_mid-2=152783.8281  sbar_dark_T5b_mid-2=714568.4375  sbar_dark_T5c_mid-2=682250.6250  sbar_dark_T5d_mid-2=784200.5000  sbar_dark_T5a_mid-2=772461.4375  sbar_dark_T4a_mid-1.5=45844.8086  sbar_dark_T4b_mid-1.5=72104.1641  sbar_dark_T4c_mid-1.5=71568.2031  sbar_dark_T4d_mid-1.5=25500.9297  sbar_dark_T5a_mid-1.5=241451.4688  sbar_dark_T5b_mid-1.5=277369.8438  sbar_dark_T5c_mid-1.5=237967.2656  sbar_dark_T5d_mid-1.5=227303.8438  sbar_dark_T4a_mid-0.5=54665.1914  sbar_dark_T4b_mid-0.5=92844.3438  sbar_dark_T4c_mid-0.5=105551.0938  sbar_dark_T4d_mid-0.5=75375.9531  sbar_dark_T5a_mid-0.5=504966.8438  sbar_dark_T5b_mid-0.5=634970.6875  sbar_dark_T5c_mid-0.5=413959.5000  sbar_dark_T5d_mid-0.5=548110.8125  sbar_dark_T4a_mid+0.5=33311.0312  sbar_dark_T4b_mid+0.5=60700.2656  sbar_dark_T4c_mid+0.5=29669.6855  sbar_dark_T4d_mid+0.5=64346.2656  sbar_dark_T5a_mid+0.5=78151.7578  sbar_dark_T5b_mid+0.5=63470.7852  sbar_dark_T5c_mid+0.5=60404.7969  sbar_dark_T5d_mid+0.5=61626.7266  sbar_dark_T4b_mid+1.5=23305.9492  sbar_dark_T4c_mid+1.5=25958.3242  sbar_dark_T4d_mid+1.5=16061.5957  sbar_dark_T5a_mid+1.5=44035.8125  sbar_dark_T5b_mid+1.5=63319.2695  sbar_dark_T5c_mid+1.5=50838.6602  sbar_dark_T5d_mid+1.5=38426.2969  sbar_dark_T4a_mid+1.5=29175.7500]:   92%|█████████▏| 920/1000 [10:05<00:52,  1.53it/s] Cost: 341378.4062  [spread_bright_L5=1223202.0000  spread_bright_Mi1=700041.5625  spread_bright_Tm3=1264918.6250  spread_bright_Mi4=1311373.6250  spread_dark_L1=1039322.5625  spread_dark_L2=1101411.6250  spread_dark_L3=886101.8750  spread_dark_L4=2483731.7500  spread_dark_Mi9=738223.9375  spread_dark_Tm1=754936.6250  spread_dark_Tm2=895051.7500  spread_dark_Tm4=1140503.6250  spread_dark_Tm9=1249753.1250  sbar_bright_T4a_mid+0=262878.2500  sbar_bright_T4b_mid+0=264744.5000  sbar_bright_T4c_mid+0=302513.6562  sbar_bright_T4d_mid+0=308677.0625  sbar_bright_T5a_mid+0=121487.2422  sbar_bright_T5b_mid+0=175599.5938  sbar_bright_T5c_mid+0=151542.9688  sbar_bright_T5d_mid+0=124639.2266  sbar_bright_T4a_mid+1=250767.7812  sbar_bright_T4b_mid+1=251994.8594  sbar_bright_T4c_mid+1=269240.6250  sbar_bright_T4d_mid+1=260086.5000  sbar_bright_T5a_mid+1=109969.2891  sbar_bright_T5b_mid+1=117579.6016  sbar_bright_T5c_mid+1=103733.7969  sbar_bright_T5d_mid+1=108362.6406  sbar_bright_T4a_mid+2=96769.3125  sbar_bright_T4b_mid+2=147216.7031  sbar_bright_T4c_mid+2=120196.1250  sbar_bright_T4d_mid+2=121305.0156  sbar_bright_T5a_mid+2=188323.4531  sbar_bright_T5b_mid+2=183254.4688  sbar_bright_T5c_mid+2=179684.7812  sbar_bright_T5d_mid+2=186394.2812  sbar_bright_T4a_mid-1=1586801.3750  sbar_bright_T4b_mid-1=1267314.3750  sbar_bright_T4c_mid-1=1564294.3750  sbar_bright_T4d_mid-1=1729353.2500  sbar_bright_T5a_mid-1=442686.5625  sbar_bright_T5b_mid-1=450034.7812  sbar_bright_T5c_mid-1=451405.0312  sbar_bright_T5d_mid-1=446233.5938  sbar_bright_T4a_mid-2=294734.0000  sbar_bright_T4b_mid-2=287751.1875  sbar_bright_T4c_mid-2=305091.6875  sbar_bright_T4d_mid-2=328972.2500  sbar_bright_T5b_mid-2=84634.0781  sbar_bright_T5c_mid-2=72760.9297  sbar_bright_T5d_mid-2=79281.5391  sbar_bright_T5a_mid-2=88471.0312  sbar_bright_T4a_mid-1.5=167185.1094  sbar_bright_T4b_mid-1.5=142277.2500  sbar_bright_T4c_mid-1.5=123572.9375  sbar_bright_T4d_mid-1.5=217228.5938  sbar_bright_T5a_mid-1.5=107844.0469  sbar_bright_T5b_mid-1.5=112867.6719  sbar_bright_T5c_mid-1.5=102157.6875  sbar_bright_T5d_mid-1.5=102551.8438  sbar_bright_T4a_mid-0.5=908555.9375  sbar_bright_T4b_mid-0.5=897803.3125  sbar_bright_T4c_mid-0.5=1052691.3750  sbar_bright_T4d_mid-0.5=1033027.0625  sbar_bright_T5a_mid-0.5=150512.7188  sbar_bright_T5b_mid-0.5=154132.6875  sbar_bright_T5c_mid-0.5=143456.9844  sbar_bright_T5d_mid-0.5=151587.7656  sbar_bright_T4a_mid+0.5=160814.4062  sbar_bright_T4b_mid+0.5=94243.8828  sbar_bright_T4c_mid+0.5=100729.2266  sbar_bright_T4d_mid+0.5=95436.3672  sbar_bright_T5a_mid+0.5=65711.2031  sbar_bright_T5b_mid+0.5=54202.2852  sbar_bright_T5c_mid+0.5=38844.9297  sbar_bright_T5d_mid+0.5=41120.4453  sbar_bright_T4b_mid+1.5=88035.8125  sbar_bright_T4c_mid+1.5=128145.6719  sbar_bright_T4d_mid+1.5=64148.9766  sbar_bright_T5a_mid+1.5=42122.6367  sbar_bright_T5b_mid+1.5=59004.7227  sbar_bright_T5c_mid+1.5=43158.4414  sbar_bright_T5d_mid+1.5=38758.2891  sbar_bright_T4a_mid+1.5=92322.5781  sbar_dark_T4a_mid+0=56394.5469  sbar_dark_T4b_mid+0=73637.1953  sbar_dark_T4c_mid+0=89972.6016  sbar_dark_T4d_mid+0=75151.0938  sbar_dark_T5a_mid+0=411271.3750  sbar_dark_T5b_mid+0=299664.7812  sbar_dark_T5c_mid+0=305883.7188  sbar_dark_T5d_mid+0=337573.1875  sbar_dark_T4a_mid+1=89310.1250  sbar_dark_T4b_mid+1=68190.3906  sbar_dark_T4c_mid+1=59820.4922  sbar_dark_T4d_mid+1=78641.3906  sbar_dark_T5a_mid+1=225670.3594  sbar_dark_T5b_mid+1=182570.6719  sbar_dark_T5c_mid+1=228222.4219  sbar_dark_T5d_mid+1=149860.7969  sbar_dark_T4a_mid+2=95616.7812  sbar_dark_T4b_mid+2=116990.1406  sbar_dark_T4c_mid+2=105078.2500  sbar_dark_T4d_mid+2=93458.9219  sbar_dark_T5a_mid+2=195790.9219  sbar_dark_T5b_mid+2=222100.8906  sbar_dark_T5c_mid+2=195174.9062  sbar_dark_T5d_mid+2=198944.7188  sbar_dark_T4a_mid-1=385374.7812  sbar_dark_T4b_mid-1=247499.2031  sbar_dark_T4c_mid-1=192777.0312  sbar_dark_T4d_mid-1=253375.0625  sbar_dark_T5a_mid-1=1345832.1250  sbar_dark_T5b_mid-1=1138636.0000  sbar_dark_T5c_mid-1=1258677.1250  sbar_dark_T5d_mid-1=1438728.8750  sbar_dark_T4a_mid-2=158181.5156  sbar_dark_T4b_mid-2=164016.9062  sbar_dark_T4c_mid-2=144757.4219  sbar_dark_T4d_mid-2=141902.8438  sbar_dark_T5b_mid-2=723852.8750  sbar_dark_T5c_mid-2=686624.3125  sbar_dark_T5d_mid-2=790608.2500  sbar_dark_T5a_mid-2=767297.1875  sbar_dark_T4a_mid-1.5=47314.2656  sbar_dark_T4b_mid-1.5=70448.4766  sbar_dark_T4c_mid-1.5=71023.7578  sbar_dark_T4d_mid-1.5=26853.8906  sbar_dark_T5a_mid-1.5=241139.7188  sbar_dark_T5b_mid-1.5=279630.2500  sbar_dark_T5c_mid-1.5=240920.3438  sbar_dark_T5d_mid-1.5=229583.9531  sbar_dark_T4a_mid-0.5=55255.7656  sbar_dark_T4b_mid-0.5=91518.1250  sbar_dark_T4c_mid-0.5=105786.2578  sbar_dark_T4d_mid-0.5=73155.5078  sbar_dark_T5a_mid-0.5=491200.6562  sbar_dark_T5b_mid-0.5=633446.1250  sbar_dark_T5c_mid-0.5=411274.2500  sbar_dark_T5d_mid-0.5=547991.5625  sbar_dark_T4a_mid+0.5=30967.8789  sbar_dark_T4b_mid+0.5=63697.4375  sbar_dark_T4c_mid+0.5=26388.4062  sbar_dark_T4d_mid+0.5=66484.7031  sbar_dark_T5a_mid+0.5=76772.7812  sbar_dark_T5b_mid+0.5=64463.8945  sbar_dark_T5c_mid+0.5=62099.4062  sbar_dark_T5d_mid+0.5=63384.8008  sbar_dark_T4b_mid+1.5=20619.0645  sbar_dark_T4c_mid+1.5=23608.5156  sbar_dark_T4d_mid+1.5=14063.5293  sbar_dark_T5a_mid+1.5=45617.1133  sbar_dark_T5b_mid+1.5=61963.2500  sbar_dark_T5c_mid+1.5=51902.1211  sbar_dark_T5d_mid+1.5=39418.6523  sbar_dark_T4a_mid+1.5=25654.9922]:   93%|█████████▎| 930/1000 [10:12<00:46,  1.52it/s] Cost: 340342.6562  [spread_bright_L5=1253545.7500  spread_bright_Mi1=691832.3750  spread_bright_Tm3=1234588.3750  spread_bright_Mi4=1277510.1250  spread_dark_L1=1051207.3750  spread_dark_L2=1097912.3750  spread_dark_L3=881394.8125  spread_dark_L4=2454803.7500  spread_dark_Mi9=735476.3125  spread_dark_Tm1=754280.3750  spread_dark_Tm2=886147.6250  spread_dark_Tm4=1143173.3750  spread_dark_Tm9=1249884.8750  sbar_bright_T4a_mid+0=260604.7500  sbar_bright_T4b_mid+0=266509.8438  sbar_bright_T4c_mid+0=313364.3750  sbar_bright_T4d_mid+0=317738.4062  sbar_bright_T5a_mid+0=118125.1172  sbar_bright_T5b_mid+0=172184.0781  sbar_bright_T5c_mid+0=148427.4375  sbar_bright_T5d_mid+0=120587.7969  sbar_bright_T4a_mid+1=245517.6719  sbar_bright_T4b_mid+1=247795.3594  sbar_bright_T4c_mid+1=262305.4062  sbar_bright_T4d_mid+1=250100.9062  sbar_bright_T5a_mid+1=108603.1953  sbar_bright_T5b_mid+1=118540.0312  sbar_bright_T5c_mid+1=103878.5625  sbar_bright_T5d_mid+1=108225.0625  sbar_bright_T4a_mid+2=90577.2656  sbar_bright_T4b_mid+2=149617.3281  sbar_bright_T4c_mid+2=113121.9297  sbar_bright_T4d_mid+2=115215.1094  sbar_bright_T5a_mid+2=191609.3906  sbar_bright_T5b_mid+2=185551.4375  sbar_bright_T5c_mid+2=181753.8125  sbar_bright_T5d_mid+2=188144.7812  sbar_bright_T4a_mid-1=1607923.8750  sbar_bright_T4b_mid-1=1250399.5000  sbar_bright_T4c_mid-1=1551188.0000  sbar_bright_T4d_mid-1=1762227.5000  sbar_bright_T5a_mid-1=435543.0312  sbar_bright_T5b_mid-1=445162.3438  sbar_bright_T5c_mid-1=446763.8750  sbar_bright_T5d_mid-1=442540.7812  sbar_bright_T4a_mid-2=294122.3125  sbar_bright_T4b_mid-2=291380.9375  sbar_bright_T4c_mid-2=314771.2812  sbar_bright_T4d_mid-2=336548.6250  sbar_bright_T5b_mid-2=84203.2891  sbar_bright_T5c_mid-2=72846.7578  sbar_bright_T5d_mid-2=79787.3047  sbar_bright_T5a_mid-2=87982.2656  sbar_bright_T4a_mid-1.5=169895.0469  sbar_bright_T4b_mid-1.5=139580.9062  sbar_bright_T4c_mid-1.5=126889.6406  sbar_bright_T4d_mid-1.5=224460.5469  sbar_bright_T5a_mid-1.5=108795.7812  sbar_bright_T5b_mid-1.5=113263.6172  sbar_bright_T5c_mid-1.5=103590.5859  sbar_bright_T5d_mid-1.5=103515.5938  sbar_bright_T4a_mid-0.5=923196.6875  sbar_bright_T4b_mid-0.5=891795.4375  sbar_bright_T4c_mid-0.5=1063055.1250  sbar_bright_T4d_mid-0.5=1047290.4375  sbar_bright_T5a_mid-0.5=149561.0469  sbar_bright_T5b_mid-0.5=154895.0000  sbar_bright_T5c_mid-0.5=143996.4219  sbar_bright_T5d_mid-0.5=152172.4062  sbar_bright_T4a_mid+0.5=167174.0938  sbar_bright_T4b_mid+0.5=96094.5000  sbar_bright_T4c_mid+0.5=103341.6484  sbar_bright_T4d_mid+0.5=98972.5078  sbar_bright_T5a_mid+0.5=64171.0898  sbar_bright_T5b_mid+0.5=54532.5312  sbar_bright_T5c_mid+0.5=38262.4297  sbar_bright_T5d_mid+0.5=40683.6562  sbar_bright_T4b_mid+1.5=85136.6562  sbar_bright_T4c_mid+1.5=120413.7266  sbar_bright_T4d_mid+1.5=58277.5820  sbar_bright_T5a_mid+1.5=42637.7812  sbar_bright_T5b_mid+1.5=58707.4219  sbar_bright_T5c_mid+1.5=43384.1719  sbar_bright_T5d_mid+1.5=39170.3516  sbar_bright_T4a_mid+1.5=86555.0781  sbar_dark_T4a_mid+0=52280.1836  sbar_dark_T4b_mid+0=69781.5391  sbar_dark_T4c_mid+0=83550.1328  sbar_dark_T4d_mid+0=69221.5625  sbar_dark_T5a_mid+0=376247.6875  sbar_dark_T5b_mid+0=261379.7344  sbar_dark_T5c_mid+0=295654.1875  sbar_dark_T5d_mid+0=328125.9375  sbar_dark_T4a_mid+1=84987.4609  sbar_dark_T4b_mid+1=66314.9609  sbar_dark_T4c_mid+1=57035.0547  sbar_dark_T4d_mid+1=74365.2812  sbar_dark_T5a_mid+1=210791.8594  sbar_dark_T5b_mid+1=180249.3281  sbar_dark_T5c_mid+1=220603.2344  sbar_dark_T5d_mid+1=146694.6250  sbar_dark_T4a_mid+2=92439.3984  sbar_dark_T4b_mid+2=107471.1250  sbar_dark_T4c_mid+2=101795.7188  sbar_dark_T4d_mid+2=87508.6641  sbar_dark_T5a_mid+2=197218.3125  sbar_dark_T5b_mid+2=222550.5000  sbar_dark_T5c_mid+2=192694.6406  sbar_dark_T5d_mid+2=197153.7344  sbar_dark_T4a_mid-1=375653.8750  sbar_dark_T4b_mid-1=238903.7188  sbar_dark_T4c_mid-1=186673.6719  sbar_dark_T4d_mid-1=240224.0000  sbar_dark_T5a_mid-1=1377127.8750  sbar_dark_T5b_mid-1=1155415.3750  sbar_dark_T5c_mid-1=1269949.5000  sbar_dark_T5d_mid-1=1454459.3750  sbar_dark_T4a_mid-2=153054.1094  sbar_dark_T4b_mid-2=158141.4531  sbar_dark_T4c_mid-2=137007.7188  sbar_dark_T4d_mid-2=139383.6250  sbar_dark_T5b_mid-2=728647.1875  sbar_dark_T5c_mid-2=694522.5625  sbar_dark_T5d_mid-2=797616.8750  sbar_dark_T5a_mid-2=782002.3125  sbar_dark_T4a_mid-1.5=45721.4023  sbar_dark_T4b_mid-1.5=69667.4688  sbar_dark_T4c_mid-1.5=68785.1484  sbar_dark_T4d_mid-1.5=25102.0859  sbar_dark_T5a_mid-1.5=245329.6562  sbar_dark_T5b_mid-1.5=282719.9062  sbar_dark_T5c_mid-1.5=242780.1875  sbar_dark_T5d_mid-1.5=231064.4844  sbar_dark_T4a_mid-0.5=53393.5664  sbar_dark_T4b_mid-0.5=90041.5156  sbar_dark_T4c_mid-0.5=100928.7734  sbar_dark_T4d_mid-0.5=70953.5000  sbar_dark_T5a_mid-0.5=506331.3438  sbar_dark_T5b_mid-0.5=647507.7500  sbar_dark_T5c_mid-0.5=417283.9688  sbar_dark_T5d_mid-0.5=553077.0625  sbar_dark_T4a_mid+0.5=29390.1562  sbar_dark_T4b_mid+0.5=60820.8047  sbar_dark_T4c_mid+0.5=24577.5273  sbar_dark_T4d_mid+0.5=61878.3281  sbar_dark_T5a_mid+0.5=77814.1562  sbar_dark_T5b_mid+0.5=64574.2812  sbar_dark_T5c_mid+0.5=60941.2617  sbar_dark_T5d_mid+0.5=61744.2070  sbar_dark_T4b_mid+1.5=20486.9219  sbar_dark_T4c_mid+1.5=22668.6777  sbar_dark_T4d_mid+1.5=13138.6035  sbar_dark_T5a_mid+1.5=43450.4219  sbar_dark_T5b_mid+1.5=59152.5664  sbar_dark_T5c_mid+1.5=49365.8516  sbar_dark_T5d_mid+1.5=37255.3594  sbar_dark_T4a_mid+1.5=24224.9297]:  94%|█████████▍| 940/1000 [10:19<00:39,  1.52it/s] Cost: 340649.0000  [spread_bright_L5=1232910.5000  spread_bright_Mi1=688029.9375  spread_bright_Tm3=1303716.1250  spread_bright_Mi4=1244471.5000  spread_dark_L1=1035099.2500  spread_dark_L2=1087608.7500  spread_dark_L3=876607.8125  spread_dark_L4=2503197.0000  spread_dark_Mi9=736611.6250  spread_dark_Tm1=751037.5625  spread_dark_Tm2=877303.1875  spread_dark_Tm4=1123828.1250  spread_dark_Tm9=1299235.8750  sbar_bright_T4a_mid+0=267710.4062  sbar_bright_T4b_mid+0=249251.5000  sbar_bright_T4c_mid+0=297909.8438  sbar_bright_T4d_mid+0=303996.7188  sbar_bright_T5a_mid+0=118249.8828  sbar_bright_T5b_mid+0=172302.3906  sbar_bright_T5c_mid+0=153501.3438  sbar_bright_T5d_mid+0=124102.2500  sbar_bright_T4a_mid+1=255283.4062  sbar_bright_T4b_mid+1=256631.1719  sbar_bright_T4c_mid+1=285327.6562  sbar_bright_T4d_mid+1=264040.2812  sbar_bright_T5a_mid+1=111805.7500  sbar_bright_T5b_mid+1=118726.0000  sbar_bright_T5c_mid+1=105813.1250  sbar_bright_T5d_mid+1=108189.3828  sbar_bright_T4a_mid+2=98125.1172  sbar_bright_T4b_mid+2=150768.8906  sbar_bright_T4c_mid+2=128425.9531  sbar_bright_T4d_mid+2=128605.1250  sbar_bright_T5a_mid+2=187397.0000  sbar_bright_T5b_mid+2=185132.0938  sbar_bright_T5c_mid+2=175055.7031  sbar_bright_T5d_mid+2=184216.3281  sbar_bright_T4a_mid-1=1563932.1250  sbar_bright_T4b_mid-1=1235926.6250  sbar_bright_T4c_mid-1=1506843.1250  sbar_bright_T4d_mid-1=1750802.3750  sbar_bright_T5a_mid-1=439719.3750  sbar_bright_T5b_mid-1=450634.1250  sbar_bright_T5c_mid-1=446032.5312  sbar_bright_T5d_mid-1=447351.2188  sbar_bright_T4a_mid-2=287207.3750  sbar_bright_T4b_mid-2=283505.1562  sbar_bright_T4c_mid-2=295849.3750  sbar_bright_T4d_mid-2=328181.1875  sbar_bright_T5b_mid-2=82566.5469  sbar_bright_T5c_mid-2=72404.8047  sbar_bright_T5d_mid-2=80589.8047  sbar_bright_T5a_mid-2=86100.7891  sbar_bright_T4a_mid-1.5=167997.8594  sbar_bright_T4b_mid-1.5=142417.0625  sbar_bright_T4c_mid-1.5=123712.5312  sbar_bright_T4d_mid-1.5=221736.4375  sbar_bright_T5a_mid-1.5=107501.8125  sbar_bright_T5b_mid-1.5=113155.3359  sbar_bright_T5c_mid-1.5=103056.9375  sbar_bright_T5d_mid-1.5=103004.9453  sbar_bright_T4a_mid-0.5=913763.9375  sbar_bright_T4b_mid-0.5=897330.7500  sbar_bright_T4c_mid-0.5=1056268.3750  sbar_bright_T4d_mid-0.5=1047777.9375  sbar_bright_T5a_mid-0.5=147751.5312  sbar_bright_T5b_mid-0.5=152930.3438  sbar_bright_T5c_mid-0.5=143063.3125  sbar_bright_T5d_mid-0.5=149836.9844  sbar_bright_T4a_mid+0.5=163968.0625  sbar_bright_T4b_mid+0.5=95836.1250  sbar_bright_T4c_mid+0.5=100894.4453  sbar_bright_T4d_mid+0.5=100207.4141  sbar_bright_T5a_mid+0.5=65315.9102  sbar_bright_T5b_mid+0.5=54210.1172  sbar_bright_T5c_mid+0.5=38530.8984  sbar_bright_T5d_mid+0.5=41023.9531  sbar_bright_T4b_mid+1.5=88995.6641  sbar_bright_T4c_mid+1.5=129268.5938  sbar_bright_T4d_mid+1.5=63100.3711  sbar_bright_T5a_mid+1.5=41468.1133  sbar_bright_T5b_mid+1.5=59507.8320  sbar_bright_T5c_mid+1.5=43720.3672  sbar_bright_T5d_mid+1.5=39444.9062  sbar_bright_T4a_mid+1.5=94561.7109  sbar_dark_T4a_mid+0=60529.3984  sbar_dark_T4b_mid+0=76418.9531  sbar_dark_T4c_mid+0=91819.7031  sbar_dark_T4d_mid+0=66998.6953  sbar_dark_T5a_mid+0=349470.6562  sbar_dark_T5b_mid+0=238274.6719  sbar_dark_T5c_mid+0=289924.6875  sbar_dark_T5d_mid+0=315406.9375  sbar_dark_T4a_mid+1=88304.2266  sbar_dark_T4b_mid+1=69422.7578  sbar_dark_T4c_mid+1=65881.5547  sbar_dark_T4d_mid+1=73317.9375  sbar_dark_T5a_mid+1=210774.6406  sbar_dark_T5b_mid+1=182782.6719  sbar_dark_T5c_mid+1=225291.5625  sbar_dark_T5d_mid+1=151505.9844  sbar_dark_T4a_mid+2=100570.9141  sbar_dark_T4b_mid+2=109725.6641  sbar_dark_T4c_mid+2=108813.8125  sbar_dark_T4d_mid+2=94046.4766  sbar_dark_T5a_mid+2=195524.2500  sbar_dark_T5b_mid+2=219914.2500  sbar_dark_T5c_mid+2=190960.6562  sbar_dark_T5d_mid+2=193527.7812  sbar_dark_T4a_mid-1=395314.8125  sbar_dark_T4b_mid-1=237900.5156  sbar_dark_T4c_mid-1=198150.0938  sbar_dark_T4d_mid-1=247833.4688  sbar_dark_T5a_mid-1=1369276.0000  sbar_dark_T5b_mid-1=1171018.6250  sbar_dark_T5c_mid-1=1264908.0000  sbar_dark_T5d_mid-1=1442845.3750  sbar_dark_T4a_mid-2=160070.5156  sbar_dark_T4b_mid-2=162011.6406  sbar_dark_T4c_mid-2=151783.6719  sbar_dark_T4d_mid-2=139485.2656  sbar_dark_T5b_mid-2=736856.4375  sbar_dark_T5c_mid-2=685774.3125  sbar_dark_T5d_mid-2=790924.3750  sbar_dark_T5a_mid-2=779981.3750  sbar_dark_T4a_mid-1.5=47564.9609  sbar_dark_T4b_mid-1.5=69280.4062  sbar_dark_T4c_mid-1.5=70248.5547  sbar_dark_T4d_mid-1.5=26183.9297  sbar_dark_T5a_mid-1.5=247613.4688  sbar_dark_T5b_mid-1.5=286670.5000  sbar_dark_T5c_mid-1.5=242900.2344  sbar_dark_T5d_mid-1.5=231572.8906  sbar_dark_T4a_mid-0.5=52846.5586  sbar_dark_T4b_mid-0.5=91352.7656  sbar_dark_T4c_mid-0.5=103750.6094  sbar_dark_T4d_mid-0.5=71499.0859  sbar_dark_T5a_mid-0.5=516098.6562  sbar_dark_T5b_mid-0.5=658755.0000  sbar_dark_T5c_mid-0.5=420457.0000  sbar_dark_T5d_mid-0.5=553190.0625  sbar_dark_T4a_mid+0.5=29619.8984  sbar_dark_T4b_mid+0.5=58304.6992  sbar_dark_T4c_mid+0.5=27992.3867  sbar_dark_T4d_mid+0.5=59987.9062  sbar_dark_T5a_mid+0.5=79172.0078  sbar_dark_T5b_mid+0.5=67566.4375  sbar_dark_T5c_mid+0.5=61144.6250  sbar_dark_T5d_mid+0.5=61222.6680  sbar_dark_T4b_mid+1.5=20641.0938  sbar_dark_T4c_mid+1.5=24287.8887  sbar_dark_T4d_mid+1.5=13338.4775  sbar_dark_T5a_mid+1.5=44736.3438  sbar_dark_T5b_mid+1.5=61147.5391  sbar_dark_T5c_mid+1.5=53049.1758  sbar_dark_T5d_mid+1.5=40112.1836  sbar_dark_T4a_mid+1.5=26997.6680]:  95%|█████████▌| 950/1000 [10:25<00:33,  1.51it/s] Cost: 340485.6875  [spread_bright_L5=1231826.3750  spread_bright_Mi1=693123.4375  spread_bright_Tm3=1284667.6250  spread_bright_Mi4=1315840.2500  spread_dark_L1=1022037.6875  spread_dark_L2=1084581.3750  spread_dark_L3=874026.1875  spread_dark_L4=2481520.2500  spread_dark_Mi9=720116.1875  spread_dark_Tm1=756889.1875  spread_dark_Tm2=889802.9375  spread_dark_Tm4=1143412.8750  spread_dark_Tm9=1244411.3750  sbar_bright_T4a_mid+0=270495.0000  sbar_bright_T4b_mid+0=256324.7031  sbar_bright_T4c_mid+0=301090.2500  sbar_bright_T4d_mid+0=303629.5312  sbar_bright_T5a_mid+0=119232.5781  sbar_bright_T5b_mid+0=176315.8438  sbar_bright_T5c_mid+0=154723.7344  sbar_bright_T5d_mid+0=126098.3984  sbar_bright_T4a_mid+1=251838.9844  sbar_bright_T4b_mid+1=253182.2656  sbar_bright_T4c_mid+1=272439.3125  sbar_bright_T4d_mid+1=258797.0469  sbar_bright_T5a_mid+1=110350.7734  sbar_bright_T5b_mid+1=118591.2578  sbar_bright_T5c_mid+1=106151.6094  sbar_bright_T5d_mid+1=108376.4297  sbar_bright_T4a_mid+2=96851.1875  sbar_bright_T4b_mid+2=144592.6094  sbar_bright_T4c_mid+2=118182.3516  sbar_bright_T4d_mid+2=117398.0312  sbar_bright_T5a_mid+2=189812.4688  sbar_bright_T5b_mid+2=186129.1719  sbar_bright_T5c_mid+2=178717.9531  sbar_bright_T5d_mid+2=185929.5625  sbar_bright_T4a_mid-1=1568738.2500  sbar_bright_T4b_mid-1=1245140.2500  sbar_bright_T4c_mid-1=1551112.0000  sbar_bright_T4d_mid-1=1743582.0000  sbar_bright_T5a_mid-1=441488.0312  sbar_bright_T5b_mid-1=456006.4688  sbar_bright_T5c_mid-1=454577.0938  sbar_bright_T5d_mid-1=450893.2188  sbar_bright_T4a_mid-2=292734.8438  sbar_bright_T4b_mid-2=285945.0000  sbar_bright_T4c_mid-2=304532.2812  sbar_bright_T4d_mid-2=331699.9062  sbar_bright_T5b_mid-2=85124.3750  sbar_bright_T5c_mid-2=74383.2812  sbar_bright_T5d_mid-2=81162.7812  sbar_bright_T5a_mid-2=89260.9844  sbar_bright_T4a_mid-1.5=166587.3906  sbar_bright_T4b_mid-1.5=140912.4688  sbar_bright_T4c_mid-1.5=122631.2500  sbar_bright_T4d_mid-1.5=218790.9219  sbar_bright_T5a_mid-1.5=108548.0781  sbar_bright_T5b_mid-1.5=113898.9766  sbar_bright_T5c_mid-1.5=103340.7188  sbar_bright_T5d_mid-1.5=103755.6797  sbar_bright_T4a_mid-0.5=905972.9375  sbar_bright_T4b_mid-0.5=896097.3750  sbar_bright_T4c_mid-0.5=1055776.3750  sbar_bright_T4d_mid-0.5=1039683.5000  sbar_bright_T5a_mid-0.5=150455.8750  sbar_bright_T5b_mid-0.5=154752.0625  sbar_bright_T5c_mid-0.5=145385.0781  sbar_bright_T5d_mid-0.5=152986.5938  sbar_bright_T4a_mid+0.5=159121.0781  sbar_bright_T4b_mid+0.5=94692.0000  sbar_bright_T4c_mid+0.5=98683.0703  sbar_bright_T4d_mid+0.5=98347.5312  sbar_bright_T5a_mid+0.5=65502.5742  sbar_bright_T5b_mid+0.5=55307.5898  sbar_bright_T5c_mid+0.5=39345.3477  sbar_bright_T5d_mid+0.5=42153.2539  sbar_bright_T4b_mid+1.5=87394.7578  sbar_bright_T4c_mid+1.5=127065.6406  sbar_bright_T4d_mid+1.5=62716.7461  sbar_bright_T5a_mid+1.5=41943.7422  sbar_bright_T5b_mid+1.5=60520.4492  sbar_bright_T5c_mid+1.5=43781.5039  sbar_bright_T5d_mid+1.5=39327.0391  sbar_bright_T4a_mid+1.5=92537.4297  sbar_dark_T4a_mid+0=60425.8203  sbar_dark_T4b_mid+0=75965.7656  sbar_dark_T4c_mid+0=91575.7109  sbar_dark_T4d_mid+0=71847.3828  sbar_dark_T5a_mid+0=360234.9062  sbar_dark_T5b_mid+0=253362.2500  sbar_dark_T5c_mid+0=304995.7812  sbar_dark_T5d_mid+0=333183.7812  sbar_dark_T4a_mid+1=90552.6719  sbar_dark_T4b_mid+1=67616.4688  sbar_dark_T4c_mid+1=62474.0000  sbar_dark_T4d_mid+1=76193.8672  sbar_dark_T5a_mid+1=213543.4375  sbar_dark_T5b_mid+1=181234.0781  sbar_dark_T5c_mid+1=230287.2969  sbar_dark_T5d_mid+1=149598.2969  sbar_dark_T4a_mid+2=98341.0859  sbar_dark_T4b_mid+2=116017.6719  sbar_dark_T4c_mid+2=105761.3359  sbar_dark_T4d_mid+2=89799.9297  sbar_dark_T5a_mid+2=197305.4062  sbar_dark_T5b_mid+2=221262.7656  sbar_dark_T5c_mid+2=191607.1875  sbar_dark_T5d_mid+2=195594.1094  sbar_dark_T4a_mid-1=392635.6250  sbar_dark_T4b_mid-1=244277.9688  sbar_dark_T4c_mid-1=193562.6406  sbar_dark_T4d_mid-1=248233.0625  sbar_dark_T5a_mid-1=1365822.7500  sbar_dark_T5b_mid-1=1154655.2500  sbar_dark_T5c_mid-1=1251671.3750  sbar_dark_T5d_mid-1=1429232.5000  sbar_dark_T4a_mid-2=158766.5625  sbar_dark_T4b_mid-2=162547.4375  sbar_dark_T4c_mid-2=145170.3125  sbar_dark_T4d_mid-2=138141.6406  sbar_dark_T5b_mid-2=725273.8125  sbar_dark_T5c_mid-2=680093.6250  sbar_dark_T5d_mid-2=785743.8750  sbar_dark_T5a_mid-2=777981.3750  sbar_dark_T4a_mid-1.5=47543.8672  sbar_dark_T4b_mid-1.5=70498.2891  sbar_dark_T4c_mid-1.5=71590.7031  sbar_dark_T4d_mid-1.5=26346.8223  sbar_dark_T5a_mid-1.5=244389.0000  sbar_dark_T5b_mid-1.5=282662.2500  sbar_dark_T5c_mid-1.5=238517.0781  sbar_dark_T5d_mid-1.5=227745.2500  sbar_dark_T4a_mid-0.5=56085.2383  sbar_dark_T4b_mid-0.5=91112.2344  sbar_dark_T4c_mid-0.5=105795.3750  sbar_dark_T4d_mid-0.5=72215.3906  sbar_dark_T5a_mid-0.5=504687.0000  sbar_dark_T5b_mid-0.5=645471.6875  sbar_dark_T5c_mid-0.5=409281.2812  sbar_dark_T5d_mid-0.5=543567.3125  sbar_dark_T4a_mid+0.5=31533.1816  sbar_dark_T4b_mid+0.5=62503.5820  sbar_dark_T4c_mid+0.5=27148.1348  sbar_dark_T4d_mid+0.5=63732.1914  sbar_dark_T5a_mid+0.5=78629.1250  sbar_dark_T5b_mid+0.5=64522.7109  sbar_dark_T5c_mid+0.5=61334.7188  sbar_dark_T5d_mid+0.5=63345.8594  sbar_dark_T4b_mid+1.5=20043.6094  sbar_dark_T4c_mid+1.5=23665.1699  sbar_dark_T4d_mid+1.5=13403.2715  sbar_dark_T5a_mid+1.5=44739.2305  sbar_dark_T5b_mid+1.5=61716.2266  sbar_dark_T5c_mid+1.5=52503.2109  sbar_dark_T5d_mid+1.5=39272.9062  sbar_dark_T4a_mid+1.5=26156.3887]:     96%|█████████▌| 960/1000 [10:32<00:26,  1.51it/s] Cost: 339387.5000  [spread_bright_L5=1239910.1250  spread_bright_Mi1=693217.8750  spread_bright_Tm3=1252297.3750  spread_bright_Mi4=1241025.2500  spread_dark_L1=1044626.3125  spread_dark_L2=1073323.5000  spread_dark_L3=871082.2500  spread_dark_L4=2488642.7500  spread_dark_Mi9=741024.1875  spread_dark_Tm1=751678.9375  spread_dark_Tm2=891175.9375  spread_dark_Tm4=1144395.8750  spread_dark_Tm9=1272072.3750  sbar_bright_T4a_mid+0=265832.5625  sbar_bright_T4b_mid+0=258496.2031  sbar_bright_T4c_mid+0=305549.0312  sbar_bright_T4d_mid+0=314731.4062  sbar_bright_T5a_mid+0=121192.3516  sbar_bright_T5b_mid+0=171600.0938  sbar_bright_T5c_mid+0=149433.9219  sbar_bright_T5d_mid+0=122344.9141  sbar_bright_T4a_mid+1=247109.9062  sbar_bright_T4b_mid+1=250216.5938  sbar_bright_T4c_mid+1=267338.8750  sbar_bright_T4d_mid+1=256049.8906  sbar_bright_T5a_mid+1=107764.3125  sbar_bright_T5b_mid+1=117278.1641  sbar_bright_T5c_mid+1=103105.4453  sbar_bright_T5d_mid+1=107459.1328  sbar_bright_T4a_mid+2=93246.1172  sbar_bright_T4b_mid+2=151243.4062  sbar_bright_T4c_mid+2=114358.3047  sbar_bright_T4d_mid+2=119386.7969  sbar_bright_T5a_mid+2=188892.2969  sbar_bright_T5b_mid+2=184483.3906  sbar_bright_T5c_mid+2=178857.3281  sbar_bright_T5d_mid+2=187024.8594  sbar_bright_T4a_mid-1=1586899.8750  sbar_bright_T4b_mid-1=1226936.0000  sbar_bright_T4c_mid-1=1525361.1250  sbar_bright_T4d_mid-1=1737158.1250  sbar_bright_T5a_mid-1=437876.9688  sbar_bright_T5b_mid-1=443694.2188  sbar_bright_T5c_mid-1=448562.5312  sbar_bright_T5d_mid-1=443443.5938  sbar_bright_T4a_mid-2=288216.5625  sbar_bright_T4b_mid-2=286152.4375  sbar_bright_T4c_mid-2=307663.2812  sbar_bright_T4d_mid-2=331693.4688  sbar_bright_T5b_mid-2=83897.6484  sbar_bright_T5c_mid-2=72261.5703  sbar_bright_T5d_mid-2=79567.6328  sbar_bright_T5a_mid-2=87875.9062  sbar_bright_T4a_mid-1.5=166924.9062  sbar_bright_T4b_mid-1.5=138214.5625  sbar_bright_T4c_mid-1.5=124057.3359  sbar_bright_T4d_mid-1.5=222054.6094  sbar_bright_T5a_mid-1.5=108596.4453  sbar_bright_T5b_mid-1.5=113386.1484  sbar_bright_T5c_mid-1.5=103464.3203  sbar_bright_T5d_mid-1.5=103981.4688  sbar_bright_T4a_mid-0.5=909625.1250  sbar_bright_T4b_mid-0.5=880288.1250  sbar_bright_T4c_mid-0.5=1053319.5000  sbar_bright_T4d_mid-0.5=1027600.0625  sbar_bright_T5a_mid-0.5=149916.5938  sbar_bright_T5b_mid-0.5=155193.7656  sbar_bright_T5c_mid-0.5=145278.6406  sbar_bright_T5d_mid-0.5=153196.9531  sbar_bright_T4a_mid+0.5=165094.4844  sbar_bright_T4b_mid+0.5=93784.9375  sbar_bright_T4c_mid+0.5=101390.1719  sbar_bright_T4d_mid+0.5=95872.8281  sbar_bright_T5a_mid+0.5=64866.6914  sbar_bright_T5b_mid+0.5=54682.6094  sbar_bright_T5c_mid+0.5=38500.9570  sbar_bright_T5d_mid+0.5=40723.0664  sbar_bright_T4b_mid+1.5=86304.8516  sbar_bright_T4c_mid+1.5=123625.2734  sbar_bright_T4d_mid+1.5=59624.5078  sbar_bright_T5a_mid+1.5=41903.8711  sbar_bright_T5b_mid+1.5=58545.8516  sbar_bright_T5c_mid+1.5=43154.7617  sbar_bright_T5d_mid+1.5=39083.9023  sbar_bright_T4a_mid+1.5=87930.9453  sbar_dark_T4a_mid+0=54807.1562  sbar_dark_T4b_mid+0=72741.2891  sbar_dark_T4c_mid+0=86824.5625  sbar_dark_T4d_mid+0=72166.1328  sbar_dark_T5a_mid+0=378515.5938  sbar_dark_T5b_mid+0=243301.7500  sbar_dark_T5c_mid+0=283825.3125  sbar_dark_T5d_mid+0=315765.0312  sbar_dark_T4a_mid+1=86988.0625  sbar_dark_T4b_mid+1=68203.9141  sbar_dark_T4c_mid+1=58940.7031  sbar_dark_T4d_mid+1=77390.6797  sbar_dark_T5a_mid+1=210243.4062  sbar_dark_T5b_mid+1=179639.8594  sbar_dark_T5c_mid+1=217921.6562  sbar_dark_T5d_mid+1=147586.0781  sbar_dark_T4a_mid+2=95157.4062  sbar_dark_T4b_mid+2=109846.4219  sbar_dark_T4c_mid+2=102843.5000  sbar_dark_T4d_mid+2=90287.1797  sbar_dark_T5a_mid+2=196808.4062  sbar_dark_T5b_mid+2=219151.1562  sbar_dark_T5c_mid+2=192650.5156  sbar_dark_T5d_mid+2=198839.8594  sbar_dark_T4a_mid-1=383195.5625  sbar_dark_T4b_mid-1=245055.2812  sbar_dark_T4c_mid-1=192183.0469  sbar_dark_T4d_mid-1=248223.2031  sbar_dark_T5a_mid-1=1361788.3750  sbar_dark_T5b_mid-1=1163144.5000  sbar_dark_T5c_mid-1=1271895.7500  sbar_dark_T5d_mid-1=1451484.2500  sbar_dark_T4a_mid-2=157555.5469  sbar_dark_T4b_mid-2=164077.7031  sbar_dark_T4c_mid-2=142021.7500  sbar_dark_T4d_mid-2=145844.9062  sbar_dark_T5b_mid-2=733359.5000  sbar_dark_T5c_mid-2=691051.5625  sbar_dark_T5d_mid-2=795215.4375  sbar_dark_T5a_mid-2=776471.5000  sbar_dark_T4a_mid-1.5=47255.8906  sbar_dark_T4b_mid-1.5=71496.3203  sbar_dark_T4c_mid-1.5=70405.4297  sbar_dark_T4d_mid-1.5=26123.0117  sbar_dark_T5a_mid-1.5=242647.7188  sbar_dark_T5b_mid-1.5=283280.3750  sbar_dark_T5c_mid-1.5=242302.1875  sbar_dark_T5d_mid-1.5=230282.7344  sbar_dark_T4a_mid-0.5=54343.8555  sbar_dark_T4b_mid-0.5=91742.4844  sbar_dark_T4c_mid-0.5=103269.5312  sbar_dark_T4d_mid-0.5=73212.4453  sbar_dark_T5a_mid-0.5=503086.0312  sbar_dark_T5b_mid-0.5=649258.7500  sbar_dark_T5c_mid-0.5=416990.5000  sbar_dark_T5d_mid-0.5=550346.0000  sbar_dark_T4a_mid+0.5=29585.7695  sbar_dark_T4b_mid+0.5=61691.8320  sbar_dark_T4c_mid+0.5=25122.8691  sbar_dark_T4d_mid+0.5=63850.5312  sbar_dark_T5a_mid+0.5=77509.6641  sbar_dark_T5b_mid+0.5=65287.7344  sbar_dark_T5c_mid+0.5=61574.3789  sbar_dark_T5d_mid+0.5=61821.1758  sbar_dark_T4b_mid+1.5=20785.0938  sbar_dark_T4c_mid+1.5=22914.4297  sbar_dark_T4d_mid+1.5=13697.8271  sbar_dark_T5a_mid+1.5=44071.0625  sbar_dark_T5b_mid+1.5=59075.4258  sbar_dark_T5c_mid+1.5=50336.8750  sbar_dark_T5d_mid+1.5=38025.7656  sbar_dark_T4a_mid+1.5=24505.0137]:  97%|█████████▋| 970/1000 [10:39<00:19,  1.51it/s] Cost: 339977.9688  [spread_bright_L5=1234544.6250  spread_bright_Mi1=692993.3750  spread_bright_Tm3=1262709.2500  spread_bright_Mi4=1189538.8750  spread_dark_L1=1041348.1875  spread_dark_L2=1050979.8750  spread_dark_L3=860057.7500  spread_dark_L4=2470488.7500  spread_dark_Mi9=791396.6875  spread_dark_Tm1=756005.2500  spread_dark_Tm2=887118.7500  spread_dark_Tm4=1137333.5000  spread_dark_Tm9=1329992.5000  sbar_bright_T4a_mid+0=262774.0938  sbar_bright_T4b_mid+0=254470.7656  sbar_bright_T4c_mid+0=297219.3125  sbar_bright_T4d_mid+0=312416.9062  sbar_bright_T5a_mid+0=118735.6953  sbar_bright_T5b_mid+0=169004.6719  sbar_bright_T5c_mid+0=148872.8594  sbar_bright_T5d_mid+0=120329.4531  sbar_bright_T4a_mid+1=247582.3594  sbar_bright_T4b_mid+1=252557.3125  sbar_bright_T4c_mid+1=277694.2500  sbar_bright_T4d_mid+1=258979.8906  sbar_bright_T5a_mid+1=107204.8438  sbar_bright_T5b_mid+1=116615.4375  sbar_bright_T5c_mid+1=103483.2344  sbar_bright_T5d_mid+1=107311.7734  sbar_bright_T4a_mid+2=94475.6094  sbar_bright_T4b_mid+2=146299.3438  sbar_bright_T4c_mid+2=123281.5547  sbar_bright_T4d_mid+2=130224.8438  sbar_bright_T5a_mid+2=187513.8750  sbar_bright_T5b_mid+2=183736.0156  sbar_bright_T5c_mid+2=175673.6406  sbar_bright_T5d_mid+2=184806.2969  sbar_bright_T4a_mid-1=1583551.3750  sbar_bright_T4b_mid-1=1243741.0000  sbar_bright_T4c_mid-1=1508407.1250  sbar_bright_T4d_mid-1=1755578.3750  sbar_bright_T5a_mid-1=433367.0312  sbar_bright_T5b_mid-1=442581.7188  sbar_bright_T5c_mid-1=446411.6562  sbar_bright_T5d_mid-1=440690.9062  sbar_bright_T4a_mid-2=287759.0000  sbar_bright_T4b_mid-2=288462.1875  sbar_bright_T4c_mid-2=297325.5312  sbar_bright_T4d_mid-2=328264.6562  sbar_bright_T5b_mid-2=83697.2812  sbar_bright_T5c_mid-2=72437.1016  sbar_bright_T5d_mid-2=79856.7656  sbar_bright_T5a_mid-2=87143.1875  sbar_bright_T4a_mid-1.5=168445.5469  sbar_bright_T4b_mid-1.5=141708.1719  sbar_bright_T4c_mid-1.5=123508.3906  sbar_bright_T4d_mid-1.5=223969.7969  sbar_bright_T5a_mid-1.5=108569.3594  sbar_bright_T5b_mid-1.5=113669.3672  sbar_bright_T5c_mid-1.5=103103.6328  sbar_bright_T5d_mid-1.5=103368.9062  sbar_bright_T4a_mid-0.5=912827.0625  sbar_bright_T4b_mid-0.5=900171.9375  sbar_bright_T4c_mid-0.5=1044798.1875  sbar_bright_T4d_mid-0.5=1042343.6875  sbar_bright_T5a_mid-0.5=149865.2969  sbar_bright_T5b_mid-0.5=154729.9688  sbar_bright_T5c_mid-0.5=146480.7656  sbar_bright_T5d_mid-0.5=152343.3281  sbar_bright_T4a_mid+0.5=165222.4219  sbar_bright_T4b_mid+0.5=96153.1406  sbar_bright_T4c_mid+0.5=100089.3828  sbar_bright_T4d_mid+0.5=97980.3438  sbar_bright_T5a_mid+0.5=64093.0156  sbar_bright_T5b_mid+0.5=53389.0469  sbar_bright_T5c_mid+0.5=38058.0977  sbar_bright_T5d_mid+0.5=40758.6094  sbar_bright_T4b_mid+1.5=84540.5938  sbar_bright_T4c_mid+1.5=125669.6172  sbar_bright_T4d_mid+1.5=60276.4727  sbar_bright_T5a_mid+1.5=41498.0312  sbar_bright_T5b_mid+1.5=58300.1406  sbar_bright_T5c_mid+1.5=43105.3047  sbar_bright_T5d_mid+1.5=39475.3164  sbar_bright_T4a_mid+1.5=88532.4141  sbar_dark_T4a_mid+0=59591.7500  sbar_dark_T4b_mid+0=77866.7500  sbar_dark_T4c_mid+0=91175.9922  sbar_dark_T4d_mid+0=70130.9219  sbar_dark_T5a_mid+0=345067.9375  sbar_dark_T5b_mid+0=234983.1719  sbar_dark_T5c_mid+0=280197.3125  sbar_dark_T5d_mid+0=307809.7188  sbar_dark_T4a_mid+1=85936.5859  sbar_dark_T4b_mid+1=69726.0391  sbar_dark_T4c_mid+1=62554.1211  sbar_dark_T4d_mid+1=75800.4453  sbar_dark_T5a_mid+1=208741.5781  sbar_dark_T5b_mid+1=182451.2344  sbar_dark_T5c_mid+1=220442.9688  sbar_dark_T5d_mid+1=150152.5781  sbar_dark_T4a_mid+2=98935.7734  sbar_dark_T4b_mid+2=107243.2734  sbar_dark_T4c_mid+2=107857.2266  sbar_dark_T4d_mid+2=96869.7109  sbar_dark_T5a_mid+2=199109.2500  sbar_dark_T5b_mid+2=222481.7656  sbar_dark_T5c_mid+2=193895.0781  sbar_dark_T5d_mid+2=198534.2500  sbar_dark_T4a_mid-1=393787.3750  sbar_dark_T4b_mid-1=248354.9219  sbar_dark_T4c_mid-1=198806.4219  sbar_dark_T4d_mid-1=246317.7344  sbar_dark_T5a_mid-1=1379126.2500  sbar_dark_T5b_mid-1=1166447.2500  sbar_dark_T5c_mid-1=1275730.5000  sbar_dark_T5d_mid-1=1454258.8750  sbar_dark_T4a_mid-2=162039.4844  sbar_dark_T4b_mid-2=165397.5469  sbar_dark_T4c_mid-2=150834.4531  sbar_dark_T4d_mid-2=149357.8750  sbar_dark_T5b_mid-2=732877.0000  sbar_dark_T5c_mid-2=690657.8750  sbar_dark_T5d_mid-2=794387.1250  sbar_dark_T5a_mid-2=778212.8125  sbar_dark_T4a_mid-1.5=46737.1836  sbar_dark_T4b_mid-1.5=70797.8047  sbar_dark_T4c_mid-1.5=70579.1328  sbar_dark_T4d_mid-1.5=23857.3574  sbar_dark_T5a_mid-1.5=247003.5469  sbar_dark_T5b_mid-1.5=285631.2500  sbar_dark_T5c_mid-1.5=244179.1094  sbar_dark_T5d_mid-1.5=232664.3281  sbar_dark_T4a_mid-0.5=52593.5898  sbar_dark_T4b_mid-0.5=91167.9453  sbar_dark_T4c_mid-0.5=104785.3750  sbar_dark_T4d_mid-0.5=71898.3672  sbar_dark_T5a_mid-0.5=507522.3125  sbar_dark_T5b_mid-0.5=654447.7500  sbar_dark_T5c_mid-0.5=415294.3125  sbar_dark_T5d_mid-0.5=551917.3125  sbar_dark_T4a_mid+0.5=27694.0156  sbar_dark_T4b_mid+0.5=59506.0469  sbar_dark_T4c_mid+0.5=26795.7441  sbar_dark_T4d_mid+0.5=61149.3320  sbar_dark_T5a_mid+0.5=78172.9297  sbar_dark_T5b_mid+0.5=65571.0000  sbar_dark_T5c_mid+0.5=61561.1953  sbar_dark_T5d_mid+0.5=62172.6016  sbar_dark_T4b_mid+1.5=20205.4668  sbar_dark_T4c_mid+1.5=24144.0977  sbar_dark_T4d_mid+1.5=13978.3779  sbar_dark_T5a_mid+1.5=44076.6055  sbar_dark_T5b_mid+1.5=59121.1328  sbar_dark_T5c_mid+1.5=50970.0000  sbar_dark_T5d_mid+1.5=38869.6875  sbar_dark_T4a_mid+1.5=25233.7715]:  98%|█████████▊| 980/1000 [10:45<00:13,  1.51it/s] Cost: 340264.3125  [spread_bright_L5=1199978.1250  spread_bright_Mi1=686822.0000  spread_bright_Tm3=1288897.0000  spread_bright_Mi4=1268846.7500  spread_dark_L1=1020110.8750  spread_dark_L2=1063003.5000  spread_dark_L3=855196.8750  spread_dark_L4=2565374.0000  spread_dark_Mi9=711306.3750  spread_dark_Tm1=766123.0000  spread_dark_Tm2=898113.2500  spread_dark_Tm4=1142507.2500  spread_dark_Tm9=1228146.3750  sbar_bright_T4a_mid+0=270963.3125  sbar_bright_T4b_mid+0=253227.3750  sbar_bright_T4c_mid+0=298419.3125  sbar_bright_T4d_mid+0=297871.9062  sbar_bright_T5a_mid+0=123445.3125  sbar_bright_T5b_mid+0=182205.6406  sbar_bright_T5c_mid+0=161671.5625  sbar_bright_T5d_mid+0=133411.0469  sbar_bright_T4a_mid+1=253774.3281  sbar_bright_T4b_mid+1=254161.0312  sbar_bright_T4c_mid+1=280276.5312  sbar_bright_T4d_mid+1=265998.7500  sbar_bright_T5a_mid+1=116435.4766  sbar_bright_T5b_mid+1=125805.5469  sbar_bright_T5c_mid+1=110511.3750  sbar_bright_T5d_mid+1=114313.0469  sbar_bright_T4a_mid+2=93451.1094  sbar_bright_T4b_mid+2=140261.5469  sbar_bright_T4c_mid+2=119247.4844  sbar_bright_T4d_mid+2=119867.6250  sbar_bright_T5a_mid+2=189462.3438  sbar_bright_T5b_mid+2=186812.9375  sbar_bright_T5c_mid+2=178559.5938  sbar_bright_T5d_mid+2=187654.9688  sbar_bright_T4a_mid-1=1554464.6250  sbar_bright_T4b_mid-1=1241318.7500  sbar_bright_T4c_mid-1=1517854.3750  sbar_bright_T4d_mid-1=1740789.3750  sbar_bright_T5a_mid-1=454099.1250  sbar_bright_T5b_mid-1=472057.7188  sbar_bright_T5c_mid-1=466582.2188  sbar_bright_T5d_mid-1=459902.8125  sbar_bright_T4a_mid-2=289466.0625  sbar_bright_T4b_mid-2=286505.2812  sbar_bright_T4c_mid-2=299847.9375  sbar_bright_T4d_mid-2=328418.5938  sbar_bright_T5b_mid-2=86755.4844  sbar_bright_T5c_mid-2=76477.5547  sbar_bright_T5d_mid-2=83983.0312  sbar_bright_T5a_mid-2=90651.1719  sbar_bright_T4a_mid-1.5=170423.3750  sbar_bright_T4b_mid-1.5=143049.6406  sbar_bright_T4c_mid-1.5=124697.4219  sbar_bright_T4d_mid-1.5=222905.9531  sbar_bright_T5a_mid-1.5=109187.0625  sbar_bright_T5b_mid-1.5=113690.7891  sbar_bright_T5c_mid-1.5=104593.9766  sbar_bright_T5d_mid-1.5=104123.4688  sbar_bright_T4a_mid-0.5=910959.5625  sbar_bright_T4b_mid-0.5=903046.0000  sbar_bright_T4c_mid-0.5=1062278.6250  sbar_bright_T4d_mid-0.5=1039360.7500  sbar_bright_T5a_mid-0.5=151855.5469  sbar_bright_T5b_mid-0.5=157231.5000  sbar_bright_T5c_mid-0.5=149319.4375  sbar_bright_T5d_mid-0.5=156592.5156  sbar_bright_T4a_mid+0.5=158795.8750  sbar_bright_T4b_mid+0.5=95800.0234  sbar_bright_T4c_mid+0.5=97865.3203  sbar_bright_T4d_mid+0.5=98018.4688  sbar_bright_T5a_mid+0.5=68098.1406  sbar_bright_T5b_mid+0.5=57516.9570  sbar_bright_T5c_mid+0.5=40648.6602  sbar_bright_T5d_mid+0.5=43105.5977  sbar_bright_T4b_mid+1.5=86600.0469  sbar_bright_T4c_mid+1.5=126112.3438  sbar_bright_T4d_mid+1.5=64745.1562  sbar_bright_T5a_mid+1.5=41930.0234  sbar_bright_T5b_mid+1.5=62302.5742  sbar_bright_T5c_mid+1.5=44634.7070  sbar_bright_T5d_mid+1.5=40119.3633  sbar_bright_T4a_mid+1.5=92637.2734  sbar_dark_T4a_mid+0=66717.4688  sbar_dark_T4b_mid+0=79314.8828  sbar_dark_T4c_mid+0=96381.6719  sbar_dark_T4d_mid+0=74154.0156  sbar_dark_T5a_mid+0=336756.9688  sbar_dark_T5b_mid+0=251223.0938  sbar_dark_T5c_mid+0=290948.9375  sbar_dark_T5d_mid+0=313563.3125  sbar_dark_T4a_mid+1=92404.6953  sbar_dark_T4b_mid+1=68168.9141  sbar_dark_T4c_mid+1=65982.5156  sbar_dark_T4d_mid+1=79350.4062  sbar_dark_T5a_mid+1=215571.7344  sbar_dark_T5b_mid+1=180684.2500  sbar_dark_T5c_mid+1=226601.4062  sbar_dark_T5d_mid+1=150671.6719  sbar_dark_T4a_mid+2=98148.2188  sbar_dark_T4b_mid+2=115528.3047  sbar_dark_T4c_mid+2=106999.1641  sbar_dark_T4d_mid+2=95792.5000  sbar_dark_T5a_mid+2=194663.5938  sbar_dark_T5b_mid+2=213366.5781  sbar_dark_T5c_mid+2=186547.7188  sbar_dark_T5d_mid+2=192619.8281  sbar_dark_T4a_mid-1=397110.6562  sbar_dark_T4b_mid-1=237764.8125  sbar_dark_T4c_mid-1=191445.3594  sbar_dark_T4d_mid-1=250952.7812  sbar_dark_T5a_mid-1=1351680.0000  sbar_dark_T5b_mid-1=1150842.3750  sbar_dark_T5c_mid-1=1256875.8750  sbar_dark_T5d_mid-1=1423475.1250  sbar_dark_T4a_mid-2=155837.9688  sbar_dark_T4b_mid-2=158182.7188  sbar_dark_T4c_mid-2=146620.3594  sbar_dark_T4d_mid-2=138764.7500  sbar_dark_T5b_mid-2=722331.4375  sbar_dark_T5c_mid-2=675421.7500  sbar_dark_T5d_mid-2=785923.6250  sbar_dark_T5a_mid-2=771394.1875  sbar_dark_T4a_mid-1.5=45519.6406  sbar_dark_T4b_mid-1.5=68417.9141  sbar_dark_T4c_mid-1.5=69573.8281  sbar_dark_T4d_mid-1.5=26084.3867  sbar_dark_T5a_mid-1.5=244166.8125  sbar_dark_T5b_mid-1.5=282046.3125  sbar_dark_T5c_mid-1.5=236753.1094  sbar_dark_T5d_mid-1.5=229244.0938  sbar_dark_T4a_mid-0.5=56049.4062  sbar_dark_T4b_mid-0.5=89119.8984  sbar_dark_T4c_mid-0.5=107385.9062  sbar_dark_T4d_mid-0.5=71569.7188  sbar_dark_T5a_mid-0.5=507530.4688  sbar_dark_T5b_mid-0.5=641293.2500  sbar_dark_T5c_mid-0.5=414236.3125  sbar_dark_T5d_mid-0.5=544547.0625  sbar_dark_T4a_mid+0.5=31538.7441  sbar_dark_T4b_mid+0.5=61685.7969  sbar_dark_T4c_mid+0.5=28736.3926  sbar_dark_T4d_mid+0.5=66469.8203  sbar_dark_T5a_mid+0.5=78988.8516  sbar_dark_T5b_mid+0.5=63873.9062  sbar_dark_T5c_mid+0.5=61528.3828  sbar_dark_T5d_mid+0.5=62544.4180  sbar_dark_T4b_mid+1.5=19516.1719  sbar_dark_T4c_mid+1.5=23456.5742  sbar_dark_T4d_mid+1.5=14333.1104  sbar_dark_T5a_mid+1.5=44221.3867  sbar_dark_T5b_mid+1.5=62046.6406  sbar_dark_T5c_mid+1.5=52619.2578  sbar_dark_T5d_mid+1.5=39579.3047  sbar_dark_T4a_mid+1.5=26380.2168]:   99%|█████████▉| 990/1000 [10:52<00:06,  1.51it/s] Cost: 339261.5000  [spread_bright_L5=1259032.6250  spread_bright_Mi1=693342.6875  spread_bright_Tm3=1245828.0000  spread_bright_Mi4=1229442.6250  spread_dark_L1=1038385.5625  spread_dark_L2=1058590.1250  spread_dark_L3=864161.3125  spread_dark_L4=2424303.0000  spread_dark_Mi9=764866.5000  spread_dark_Tm1=753378.5000  spread_dark_Tm2=899318.5000  spread_dark_Tm4=1143337.5000  spread_dark_Tm9=1312085.5000  sbar_bright_T4a_mid+0=268298.9062  sbar_bright_T4b_mid+0=254375.8906  sbar_bright_T4c_mid+0=301055.6875  sbar_bright_T4d_mid+0=309953.6875  sbar_bright_T5a_mid+0=128214.4375  sbar_bright_T5b_mid+0=188168.0625  sbar_bright_T5c_mid+0=154569.8594  sbar_bright_T5d_mid+0=124334.4922  sbar_bright_T4a_mid+1=248420.4062  sbar_bright_T4b_mid+1=250308.0938  sbar_bright_T4c_mid+1=272332.3438  sbar_bright_T4d_mid+1=258107.0469  sbar_bright_T5a_mid+1=107420.9453  sbar_bright_T5b_mid+1=117478.0859  sbar_bright_T5c_mid+1=103192.9219  sbar_bright_T5d_mid+1=105086.1953  sbar_bright_T4a_mid+2=93734.4297  sbar_bright_T4b_mid+2=149225.5000  sbar_bright_T4c_mid+2=117265.6172  sbar_bright_T4d_mid+2=119159.3438  sbar_bright_T5a_mid+2=185339.8438  sbar_bright_T5b_mid+2=182369.3125  sbar_bright_T5c_mid+2=174520.9062  sbar_bright_T5d_mid+2=184055.7031  sbar_bright_T4a_mid-1=1575722.2500  sbar_bright_T4b_mid-1=1216346.0000  sbar_bright_T4c_mid-1=1507131.7500  sbar_bright_T4d_mid-1=1735929.2500  sbar_bright_T5a_mid-1=435503.0625  sbar_bright_T5b_mid-1=448150.3750  sbar_bright_T5c_mid-1=448151.5312  sbar_bright_T5d_mid-1=441536.1250  sbar_bright_T4a_mid-2=286594.2188  sbar_bright_T4b_mid-2=284733.9375  sbar_bright_T4c_mid-2=302802.5000  sbar_bright_T4d_mid-2=329613.5938  sbar_bright_T5b_mid-2=83993.0781  sbar_bright_T5c_mid-2=71586.9141  sbar_bright_T5d_mid-2=79206.3203  sbar_bright_T5a_mid-2=87648.2656  sbar_bright_T4a_mid-1.5=166683.9688  sbar_bright_T4b_mid-1.5=136626.9219  sbar_bright_T4c_mid-1.5=121875.8594  sbar_bright_T4d_mid-1.5=221789.6562  sbar_bright_T5a_mid-1.5=108061.9609  sbar_bright_T5b_mid-1.5=112903.7578  sbar_bright_T5c_mid-1.5=103056.7031  sbar_bright_T5d_mid-1.5=104086.8516  sbar_bright_T4a_mid-0.5=908594.8750  sbar_bright_T4b_mid-0.5=875782.6250  sbar_bright_T4c_mid-0.5=1047903.1250  sbar_bright_T4d_mid-0.5=1029404.7500  sbar_bright_T5a_mid-0.5=149114.1875  sbar_bright_T5b_mid-0.5=154079.5625  sbar_bright_T5c_mid-0.5=145889.7969  sbar_bright_T5d_mid-0.5=152143.4531  sbar_bright_T4a_mid+0.5=164137.8906  sbar_bright_T4b_mid+0.5=93316.7188  sbar_bright_T4c_mid+0.5=99368.9922  sbar_bright_T4d_mid+0.5=96073.1875  sbar_bright_T5a_mid+0.5=65551.3359  sbar_bright_T5b_mid+0.5=56436.2539  sbar_bright_T5c_mid+0.5=38281.7500  sbar_bright_T5d_mid+0.5=41379.3477  sbar_bright_T4b_mid+1.5=86003.6719  sbar_bright_T4c_mid+1.5=126635.0234  sbar_bright_T4d_mid+1.5=60467.1680  sbar_bright_T5a_mid+1.5=41453.4570  sbar_bright_T5b_mid+1.5=61183.9922  sbar_bright_T5c_mid+1.5=43334.0703  sbar_bright_T5d_mid+1.5=39257.0312  sbar_bright_T4a_mid+1.5=88821.2891  sbar_dark_T4a_mid+0=59100.8828  sbar_dark_T4b_mid+0=76776.0312  sbar_dark_T4c_mid+0=91310.1250  sbar_dark_T4d_mid+0=73904.2109  sbar_dark_T5a_mid+0=419378.8438  sbar_dark_T5b_mid+0=300249.5625  sbar_dark_T5c_mid+0=311745.3125  sbar_dark_T5d_mid+0=345415.5938  sbar_dark_T4a_mid+1=87097.2734  sbar_dark_T4b_mid+1=70588.0547  sbar_dark_T4c_mid+1=62295.8633  sbar_dark_T4d_mid+1=78868.1484  sbar_dark_T5a_mid+1=224991.5312  sbar_dark_T5b_mid+1=180815.0469  sbar_dark_T5c_mid+1=232578.3125  sbar_dark_T5d_mid+1=149745.3438  sbar_dark_T4a_mid+2=98671.7109  sbar_dark_T4b_mid+2=112062.8828  sbar_dark_T4c_mid+2=106248.3125  sbar_dark_T4d_mid+2=92563.5547  sbar_dark_T5a_mid+2=193918.3906  sbar_dark_T5b_mid+2=221021.5625  sbar_dark_T5c_mid+2=193178.9688  sbar_dark_T5d_mid+2=197299.0000  sbar_dark_T4a_mid-1=390629.7812  sbar_dark_T4b_mid-1=247131.9375  sbar_dark_T4c_mid-1=196559.2500  sbar_dark_T4d_mid-1=251117.4062  sbar_dark_T5a_mid-1=1336151.8750  sbar_dark_T5b_mid-1=1134208.0000  sbar_dark_T5c_mid-1=1250451.1250  sbar_dark_T5d_mid-1=1429154.3750  sbar_dark_T4a_mid-2=159814.7031  sbar_dark_T4b_mid-2=166553.6250  sbar_dark_T4c_mid-2=146560.3906  sbar_dark_T4d_mid-2=148242.2656  sbar_dark_T5b_mid-2=710949.0000  sbar_dark_T5c_mid-2=675044.8750  sbar_dark_T5d_mid-2=782861.1875  sbar_dark_T5a_mid-2=764680.9375  sbar_dark_T4a_mid-1.5=47598.9805  sbar_dark_T4b_mid-1.5=73050.7422  sbar_dark_T4c_mid-1.5=72700.3906  sbar_dark_T4d_mid-1.5=26257.6543  sbar_dark_T5a_mid-1.5=240157.8906  sbar_dark_T5b_mid-1.5=278747.4062  sbar_dark_T5c_mid-1.5=238401.2031  sbar_dark_T5d_mid-1.5=228362.6719  sbar_dark_T4a_mid-0.5=55041.4766  sbar_dark_T4b_mid-0.5=92962.8203  sbar_dark_T4c_mid-0.5=106585.1562  sbar_dark_T4d_mid-0.5=73269.1406  sbar_dark_T5a_mid-0.5=493946.4062  sbar_dark_T5b_mid-0.5=635281.1250  sbar_dark_T5c_mid-0.5=405934.2812  sbar_dark_T5d_mid-0.5=539558.1250  sbar_dark_T4a_mid+0.5=29545.6523  sbar_dark_T4b_mid+0.5=62083.9492  sbar_dark_T4c_mid+0.5=26332.8730  sbar_dark_T4d_mid+0.5=65134.9805  sbar_dark_T5a_mid+0.5=77808.1484  sbar_dark_T5b_mid+0.5=62461.0391  sbar_dark_T5c_mid+0.5=60519.4297  sbar_dark_T5d_mid+0.5=63577.1094  sbar_dark_T4b_mid+1.5=20688.4551  sbar_dark_T4c_mid+1.5=23806.3906  sbar_dark_T4d_mid+1.5=14051.4844  sbar_dark_T5a_mid+1.5=44682.2305  sbar_dark_T5b_mid+1.5=62531.4688  sbar_dark_T5c_mid+1.5=51533.0234  sbar_dark_T5d_mid+1.5=38883.0234  sbar_dark_T4a_mid+1.5=25223.1211]: wrote checkpoint best_adam_iter_01000.npz
wrote checkpoint csv: /home/yitai/drosophila_vision/vision/simulation/0_runs/hp_lp/29562559-run-n_iter-1000-tasks-spread,sbar/csv/param_01000.csv
wrote checkpoint csv: /home/yitai/drosophila_vision/vision/simulation/0_runs/hp_lp/29562559-run-n_iter-1000-tasks-spread,sbar/csv/syn_strength_cell_01000.csv
plot device=cuda (NVIDIA A100 80GB PCIe MIG 1g.20gb)
1 trained set(s); costs min=338642.0312 max=338642.0312; selected #0 (from saved final costs)
plot /home/yitai/drosophila_vision/vision/simulation/0_runs/hp_lp/29562559-run-n_iter-1000-tasks-spread,sbar/png/spread_gt_v_01000.png: prep=0.2s  plot_s=0.3s  save=0.7s  elapsed_s=1.2s
plot /home/yitai/drosophila_vision/vision/simulation/0_runs/hp_lp/29562559-run-n_iter-1000-tasks-spread,sbar/png/spread_all_v_01000.png: prep=0.0s  plot_s=0.7s  save=2.7s  elapsed_s=3.4s
 99%|█████████▉| 990/1000 [12:00<00:06,  1.51it/s] Cost: 339261.5000  [spread_bright_L5=1259032.6250  spread_bright_Mi1=693342.6875  spread_bright_Tm3=1245828.0000  spread_bright_Mi4=1229442.6250  spread_dark_L1=1038385.5625  spread_dark_L2=1058590.1250  spread_dark_L3=864161.3125  spread_dark_L4=2424303.0000  spread_dark_Mi9=764866.5000  spread_dark_Tm1=753378.5000  spread_dark_Tm2=899318.5000  spread_dark_Tm4=1143337.5000  spread_dark_Tm9=1312085.5000  sbar_bright_T4a_mid+0=268298.9062  sbar_bright_T4b_mid+0=254375.8906  sbar_bright_T4c_mid+0=301055.6875  sbar_bright_T4d_mid+0=309953.6875  sbar_bright_T5a_mid+0=128214.4375  sbar_bright_T5b_mid+0=188168.0625  sbar_bright_T5c_mid+0=154569.8594  sbar_bright_T5d_mid+0=124334.4922  sbar_bright_T4a_mid+1=248420.4062  sbar_bright_T4b_mid+1=250308.0938  sbar_bright_T4c_mid+1=272332.3438  sbar_bright_T4d_mid+1=258107.0469  sbar_bright_T5a_mid+1=107420.9453  sbar_bright_T5b_mid+1=117478.0859  sbar_bright_T5c_mid+1=103192.9219  sbar_bright_T5d_mid+1=105086.1953  sbar_bright_T4a_mid+2=93734.4297  sbar_bright_T4b_mid+2=149225.5000  sbar_bright_T4c_mid+2=117265.6172  sbar_bright_T4d_mid+2=119159.3438  sbar_bright_T5a_mid+2=185339.8438  sbar_bright_T5b_mid+2=182369.3125  sbar_bright_T5c_mid+2=174520.9062  sbar_bright_T5d_mid+2=184055.7031  sbar_bright_T4a_mid-1=1575722.2500  sbar_bright_T4b_mid-1=1216346.0000  sbar_bright_T4c_mid-1=1507131.7500  sbar_bright_T4d_mid-1=1735929.2500  sbar_bright_T5a_mid-1=435503.0625  sbar_bright_T5b_mid-1=448150.3750  sbar_bright_T5c_mid-1=448151.5312  sbar_bright_T5d_mid-1=441536.1250  sbar_bright_T4a_mid-2=286594.2188  sbar_bright_T4b_mid-2=284733.9375  sbar_bright_T4c_mid-2=302802.5000  sbar_bright_T4d_mid-2=329613.5938  sbar_bright_T5b_mid-2=83993.0781  sbar_bright_T5c_mid-2=71586.9141  sbar_bright_T5d_mid-2=79206.3203  sbar_bright_T5a_mid-2=87648.2656  sbar_bright_T4a_mid-1.5=166683.9688  sbar_bright_T4b_mid-1.5=136626.9219  sbar_bright_T4c_mid-1.5=121875.8594  sbar_bright_T4d_mid-1.5=221789.6562  sbar_bright_T5a_mid-1.5=108061.9609  sbar_bright_T5b_mid-1.5=112903.7578  sbar_bright_T5c_mid-1.5=103056.7031  sbar_bright_T5d_mid-1.5=104086.8516  sbar_bright_T4a_mid-0.5=908594.8750  sbar_bright_T4b_mid-0.5=875782.6250  sbar_bright_T4c_mid-0.5=1047903.1250  sbar_bright_T4d_mid-0.5=1029404.7500  sbar_bright_T5a_mid-0.5=149114.1875  sbar_bright_T5b_mid-0.5=154079.5625  sbar_bright_T5c_mid-0.5=145889.7969  sbar_bright_T5d_mid-0.5=152143.4531  sbar_bright_T4a_mid+0.5=164137.8906  sbar_bright_T4b_mid+0.5=93316.7188  sbar_bright_T4c_mid+0.5=99368.9922  sbar_bright_T4d_mid+0.5=96073.1875  sbar_bright_T5a_mid+0.5=65551.3359  sbar_bright_T5b_mid+0.5=56436.2539  sbar_bright_T5c_mid+0.5=38281.7500  sbar_bright_T5d_mid+0.5=41379.3477  sbar_bright_T4b_mid+1.5=86003.6719  sbar_bright_T4c_mid+1.5=126635.0234  sbar_bright_T4d_mid+1.5=60467.1680  sbar_bright_T5a_mid+1.5=41453.4570  sbar_bright_T5b_mid+1.5=61183.9922  sbar_bright_T5c_mid+1.5=43334.0703  sbar_bright_T5d_mid+1.5=39257.0312  sbar_bright_T4a_mid+1.5=88821.2891  sbar_dark_T4a_mid+0=59100.8828  sbar_dark_T4b_mid+0=76776.0312  sbar_dark_T4c_mid+0=91310.1250  sbar_dark_T4d_mid+0=73904.2109  sbar_dark_T5a_mid+0=419378.8438  sbar_dark_T5b_mid+0=300249.5625  sbar_dark_T5c_mid+0=311745.3125  sbar_dark_T5d_mid+0=345415.5938  sbar_dark_T4a_mid+1=87097.2734  sbar_dark_T4b_mid+1=70588.0547  sbar_dark_T4c_mid+1=62295.8633  sbar_dark_T4d_mid+1=78868.1484  sbar_dark_T5a_mid+1=224991.5312  sbar_dark_T5b_mid+1=180815.0469  sbar_dark_T5c_mid+1=232578.3125  sbar_dark_T5d_mid+1=149745.3438  sbar_dark_T4a_mid+2=98671.7109  sbar_dark_T4b_mid+2=112062.8828  sbar_dark_T4c_mid+2=106248.3125  sbar_dark_T4d_mid+2=92563.5547  sbar_dark_T5a_mid+2=193918.3906  sbar_dark_T5b_mid+2=221021.5625  sbar_dark_T5c_mid+2=193178.9688  sbar_dark_T5d_mid+2=197299.0000  sbar_dark_T4a_mid-1=390629.7812  sbar_dark_T4b_mid-1=247131.9375  sbar_dark_T4c_mid-1=196559.2500  sbar_dark_T4d_mid-1=251117.4062  sbar_dark_T5a_mid-1=1336151.8750  sbar_dark_T5b_mid-1=1134208.0000  sbar_dark_T5c_mid-1=1250451.1250  sbar_dark_T5d_mid-1=1429154.3750  sbar_dark_T4a_mid-2=159814.7031  sbar_dark_T4b_mid-2=166553.6250  sbar_dark_T4c_mid-2=146560.3906  sbar_dark_T4d_mid-2=148242.2656  sbar_dark_T5b_mid-2=710949.0000  sbar_dark_T5c_mid-2=675044.8750  sbar_dark_T5d_mid-2=782861.1875  sbar_dark_T5a_mid-2=764680.9375  sbar_dark_T4a_mid-1.5=47598.9805  sbar_dark_T4b_mid-1.5=73050.7422  sbar_dark_T4c_mid-1.5=72700.3906  sbar_dark_T4d_mid-1.5=26257.6543  sbar_dark_T5a_mid-1.5=240157.8906  sbar_dark_T5b_mid-1.5=278747.4062  sbar_dark_T5c_mid-1.5=238401.2031  sbar_dark_T5d_mid-1.5=228362.6719  sbar_dark_T4a_mid-0.5=55041.4766  sbar_dark_T4b_mid-0.5=92962.8203  sbar_dark_T4c_mid-0.5=106585.1562  sbar_dark_T4d_mid-0.5=73269.1406  sbar_dark_T5a_mid-0.5=493946.4062  sbar_dark_T5b_mid-0.5=635281.1250  sbar_dark_T5c_mid-0.5=405934.2812  sbar_dark_T5d_mid-0.5=539558.1250  sbar_dark_T4a_mid+0.5=29545.6523  sbar_dark_T4b_mid+0.5=62083.9492  sbar_dark_T4c_mid+0.5=26332.8730  sbar_dark_T4d_mid+0.5=65134.9805  sbar_dark_T5a_mid+0.5=77808.1484  sbar_dark_T5b_mid+0.5=62461.0391  sbar_dark_T5c_mid+0.5=60519.4297  sbar_dark_T5d_mid+0.5=63577.1094  sbar_dark_T4b_mid+1.5=20688.4551  sbar_dark_T4c_mid+1.5=23806.3906  sbar_dark_T4d_mid+1.5=14051.4844  sbar_dark_T5a_mid+1.5=44682.2305  sbar_dark_T5b_mid+1.5=62531.4688  sbar_dark_T5c_mid+1.5=51533.0234  sbar_dark_T5d_mid+1.5=38883.0234  sbar_dark_T4a_mid+1.5=25223.1211]: plot /home/yitai/drosophila_vision/vision/simulation/0_runs/hp_lp/29562559-run-n_iter-1000-tasks-spread,sbar/png/sbar_gt_v_01000.png: prep=0.4s  plot_s=88.5s  save=25.6s  elapsed_s=114.6s
wrote checkpoint png: /home/yitai/drosophila_vision/vision/simulation/0_runs/hp_lp/29562559-run-n_iter-1000-tasks-spread,sbar/png/*_01000.png
wrote checkpoint best_param_iter_01000.npz (cost=338642.0312)
100%|██████████| 1000/1000 [13:03<00:00,  4.39s/it] Cost: 341955.1875  [spread_bright_L5=1219002.3750  spread_bright_Mi1=688451.0000  spread_bright_Tm3=1228325.2500  spread_bright_Mi4=1267708.7500  spread_dark_L1=1054019.6250  spread_dark_L2=1071456.0000  spread_dark_L3=852852.0625  spread_dark_L4=2490339.0000  spread_dark_Mi9=725105.1250  spread_dark_Tm1=745058.3125  spread_dark_Tm2=889488.1250  spread_dark_Tm4=1140744.5000  spread_dark_Tm9=1240361.6250  sbar_bright_T4a_mid+0=262712.2500  sbar_bright_T4b_mid+0=258763.7500  sbar_bright_T4c_mid+0=308652.2500  sbar_bright_T4d_mid+0=313318.3125  sbar_bright_T5a_mid+0=115769.4297  sbar_bright_T5b_mid+0=166065.6094  sbar_bright_T5c_mid+0=147563.7656  sbar_bright_T5d_mid+0=120742.3047  sbar_bright_T4a_mid+1=246277.4219  sbar_bright_T4b_mid+1=247245.2969  sbar_bright_T4c_mid+1=262138.4219  sbar_bright_T4d_mid+1=252138.9688  sbar_bright_T5a_mid+1=106370.4922  sbar_bright_T5b_mid+1=115852.1562  sbar_bright_T5c_mid+1=102780.1172  sbar_bright_T5d_mid+1=107499.3906  sbar_bright_T4a_mid+2=88903.2266  sbar_bright_T4b_mid+2=141314.4219  sbar_bright_T4c_mid+2=109678.9141  sbar_bright_T4d_mid+2=112518.8906  sbar_bright_T5a_mid+2=188934.0781  sbar_bright_T5b_mid+2=184226.8906  sbar_bright_T5c_mid+2=177975.9219  sbar_bright_T5d_mid+2=186323.1719  sbar_bright_T4a_mid-1=1600967.5000  sbar_bright_T4b_mid-1=1249549.8750  sbar_bright_T4c_mid-1=1539891.8750  sbar_bright_T4d_mid-1=1750685.5000  sbar_bright_T5a_mid-1=433003.4062  sbar_bright_T5b_mid-1=439911.3750  sbar_bright_T5c_mid-1=445573.5000  sbar_bright_T5d_mid-1=441123.8438  sbar_bright_T4a_mid-2=295479.0938  sbar_bright_T4b_mid-2=292470.0625  sbar_bright_T4c_mid-2=313459.7812  sbar_bright_T4d_mid-2=336605.8125  sbar_bright_T5b_mid-2=83364.1016  sbar_bright_T5c_mid-2=71457.7109  sbar_bright_T5d_mid-2=79302.5625  sbar_bright_T5a_mid-2=87141.3750  sbar_bright_T4a_mid-1.5=169223.9531  sbar_bright_T4b_mid-1.5=141168.4844  sbar_bright_T4c_mid-1.5=126034.4453  sbar_bright_T4d_mid-1.5=223266.3594  sbar_bright_T5a_mid-1.5=107974.3672  sbar_bright_T5b_mid-1.5=113137.6562  sbar_bright_T5c_mid-1.5=102882.1641  sbar_bright_T5d_mid-1.5=103270.8359  sbar_bright_T4a_mid-0.5=920301.6250  sbar_bright_T4b_mid-0.5=891518.6250  sbar_bright_T4c_mid-0.5=1062696.6250  sbar_bright_T4d_mid-0.5=1035552.8750  sbar_bright_T5a_mid-0.5=147005.0469  sbar_bright_T5b_mid-0.5=154183.8906  sbar_bright_T5c_mid-0.5=142692.0312  sbar_bright_T5d_mid-0.5=150736.3125  sbar_bright_T4a_mid+0.5=167068.1875  sbar_bright_T4b_mid+0.5=96158.1172  sbar_bright_T4c_mid+0.5=102459.3516  sbar_bright_T4d_mid+0.5=98334.8359  sbar_bright_T5a_mid+0.5=62884.6641  sbar_bright_T5b_mid+0.5=53141.0117  sbar_bright_T5c_mid+0.5=37837.9961  sbar_bright_T5d_mid+0.5=39961.9062  sbar_bright_T4b_mid+1.5=83980.1953  sbar_bright_T4c_mid+1.5=122521.8438  sbar_bright_T4d_mid+1.5=58428.8672  sbar_bright_T5a_mid+1.5=41464.0664  sbar_bright_T5b_mid+1.5=58409.0781  sbar_bright_T5c_mid+1.5=42552.5117  sbar_bright_T5d_mid+1.5=38960.3047  sbar_bright_T4a_mid+1.5=86245.2344  sbar_dark_T4a_mid+0=51898.7148  sbar_dark_T4b_mid+0=68873.3828  sbar_dark_T4c_mid+0=85344.2500  sbar_dark_T4d_mid+0=69004.0312  sbar_dark_T5a_mid+0=335294.8750  sbar_dark_T5b_mid+0=228064.7969  sbar_dark_T5c_mid+0=278020.4062  sbar_dark_T5d_mid+0=310337.5312  sbar_dark_T4a_mid+1=84567.4375  sbar_dark_T4b_mid+1=64252.3789  sbar_dark_T4c_mid+1=57026.9648  sbar_dark_T4d_mid+1=74499.5000  sbar_dark_T5a_mid+1=209046.4531  sbar_dark_T5b_mid+1=181017.1250  sbar_dark_T5c_mid+1=219458.0625  sbar_dark_T5d_mid+1=149239.8438  sbar_dark_T4a_mid+2=91144.2031  sbar_dark_T4b_mid+2=105959.0547  sbar_dark_T4c_mid+2=98526.5312  sbar_dark_T4d_mid+2=84489.7188  sbar_dark_T5a_mid+2=203555.1562  sbar_dark_T5b_mid+2=221867.6875  sbar_dark_T5c_mid+2=194417.5000  sbar_dark_T5d_mid+2=199946.0469  sbar_dark_T4a_mid-1=373524.7500  sbar_dark_T4b_mid-1=234927.8906  sbar_dark_T4c_mid-1=188313.7031  sbar_dark_T4d_mid-1=242742.1875  sbar_dark_T5a_mid-1=1384286.7500  sbar_dark_T5b_mid-1=1174179.8750  sbar_dark_T5c_mid-1=1273702.2500  sbar_dark_T5d_mid-1=1456167.8750  sbar_dark_T4a_mid-2=151057.3906  sbar_dark_T4b_mid-2=156269.9531  sbar_dark_T4c_mid-2=136061.7344  sbar_dark_T4d_mid-2=137784.8906  sbar_dark_T5b_mid-2=741781.0000  sbar_dark_T5c_mid-2=691665.1875  sbar_dark_T5d_mid-2=796843.3750  sbar_dark_T5a_mid-2=787320.8750  sbar_dark_T4a_mid-1.5=45886.4062  sbar_dark_T4b_mid-1.5=68369.5312  sbar_dark_T4c_mid-1.5=68428.0156  sbar_dark_T4d_mid-1.5=25403.7305  sbar_dark_T5a_mid-1.5=247429.3438  sbar_dark_T5b_mid-1.5=285190.3750  sbar_dark_T5c_mid-1.5=242852.3906  sbar_dark_T5d_mid-1.5=231389.2344  sbar_dark_T4a_mid-0.5=52983.0547  sbar_dark_T4b_mid-0.5=88891.1172  sbar_dark_T4c_mid-0.5=102012.4297  sbar_dark_T4d_mid-0.5=71846.8750  sbar_dark_T5a_mid-0.5=517180.4375  sbar_dark_T5b_mid-0.5=658560.9375  sbar_dark_T5c_mid-0.5=419041.8125  sbar_dark_T5d_mid-0.5=554579.1875  sbar_dark_T4a_mid+0.5=28407.1562  sbar_dark_T4b_mid+0.5=59387.8945  sbar_dark_T4c_mid+0.5=24507.4141  sbar_dark_T4d_mid+0.5=61622.3789  sbar_dark_T5a_mid+0.5=80147.8750  sbar_dark_T5b_mid+0.5=67174.1875  sbar_dark_T5c_mid+0.5=62088.1172  sbar_dark_T5d_mid+0.5=61317.8086  sbar_dark_T4b_mid+1.5=19560.0938  sbar_dark_T4c_mid+1.5=22117.3066  sbar_dark_T4d_mid+1.5=12942.3984  sbar_dark_T5a_mid+1.5=44324.4297  sbar_dark_T5b_mid+1.5=59135.6562  sbar_dark_T5c_mid+1.5=50856.2227  sbar_dark_T5d_mid+1.5=38514.2500  sbar_dark_T4a_mid+1.5=23456.9824]: 100%|██████████| 1000/1000 [13:03<00:00,  1.28it/s] Cost: 341955.1875  [spread_bright_L5=1219002.3750  spread_bright_Mi1=688451.0000  spread_bright_Tm3=1228325.2500  spread_bright_Mi4=1267708.7500  spread_dark_L1=1054019.6250  spread_dark_L2=1071456.0000  spread_dark_L3=852852.0625  spread_dark_L4=2490339.0000  spread_dark_Mi9=725105.1250  spread_dark_Tm1=745058.3125  spread_dark_Tm2=889488.1250  spread_dark_Tm4=1140744.5000  spread_dark_Tm9=1240361.6250  sbar_bright_T4a_mid+0=262712.2500  sbar_bright_T4b_mid+0=258763.7500  sbar_bright_T4c_mid+0=308652.2500  sbar_bright_T4d_mid+0=313318.3125  sbar_bright_T5a_mid+0=115769.4297  sbar_bright_T5b_mid+0=166065.6094  sbar_bright_T5c_mid+0=147563.7656  sbar_bright_T5d_mid+0=120742.3047  sbar_bright_T4a_mid+1=246277.4219  sbar_bright_T4b_mid+1=247245.2969  sbar_bright_T4c_mid+1=262138.4219  sbar_bright_T4d_mid+1=252138.9688  sbar_bright_T5a_mid+1=106370.4922  sbar_bright_T5b_mid+1=115852.1562  sbar_bright_T5c_mid+1=102780.1172  sbar_bright_T5d_mid+1=107499.3906  sbar_bright_T4a_mid+2=88903.2266  sbar_bright_T4b_mid+2=141314.4219  sbar_bright_T4c_mid+2=109678.9141  sbar_bright_T4d_mid+2=112518.8906  sbar_bright_T5a_mid+2=188934.0781  sbar_bright_T5b_mid+2=184226.8906  sbar_bright_T5c_mid+2=177975.9219  sbar_bright_T5d_mid+2=186323.1719  sbar_bright_T4a_mid-1=1600967.5000  sbar_bright_T4b_mid-1=1249549.8750  sbar_bright_T4c_mid-1=1539891.8750  sbar_bright_T4d_mid-1=1750685.5000  sbar_bright_T5a_mid-1=433003.4062  sbar_bright_T5b_mid-1=439911.3750  sbar_bright_T5c_mid-1=445573.5000  sbar_bright_T5d_mid-1=441123.8438  sbar_bright_T4a_mid-2=295479.0938  sbar_bright_T4b_mid-2=292470.0625  sbar_bright_T4c_mid-2=313459.7812  sbar_bright_T4d_mid-2=336605.8125  sbar_bright_T5b_mid-2=83364.1016  sbar_bright_T5c_mid-2=71457.7109  sbar_bright_T5d_mid-2=79302.5625  sbar_bright_T5a_mid-2=87141.3750  sbar_bright_T4a_mid-1.5=169223.9531  sbar_bright_T4b_mid-1.5=141168.4844  sbar_bright_T4c_mid-1.5=126034.4453  sbar_bright_T4d_mid-1.5=223266.3594  sbar_bright_T5a_mid-1.5=107974.3672  sbar_bright_T5b_mid-1.5=113137.6562  sbar_bright_T5c_mid-1.5=102882.1641  sbar_bright_T5d_mid-1.5=103270.8359  sbar_bright_T4a_mid-0.5=920301.6250  sbar_bright_T4b_mid-0.5=891518.6250  sbar_bright_T4c_mid-0.5=1062696.6250  sbar_bright_T4d_mid-0.5=1035552.8750  sbar_bright_T5a_mid-0.5=147005.0469  sbar_bright_T5b_mid-0.5=154183.8906  sbar_bright_T5c_mid-0.5=142692.0312  sbar_bright_T5d_mid-0.5=150736.3125  sbar_bright_T4a_mid+0.5=167068.1875  sbar_bright_T4b_mid+0.5=96158.1172  sbar_bright_T4c_mid+0.5=102459.3516  sbar_bright_T4d_mid+0.5=98334.8359  sbar_bright_T5a_mid+0.5=62884.6641  sbar_bright_T5b_mid+0.5=53141.0117  sbar_bright_T5c_mid+0.5=37837.9961  sbar_bright_T5d_mid+0.5=39961.9062  sbar_bright_T4b_mid+1.5=83980.1953  sbar_bright_T4c_mid+1.5=122521.8438  sbar_bright_T4d_mid+1.5=58428.8672  sbar_bright_T5a_mid+1.5=41464.0664  sbar_bright_T5b_mid+1.5=58409.0781  sbar_bright_T5c_mid+1.5=42552.5117  sbar_bright_T5d_mid+1.5=38960.3047  sbar_bright_T4a_mid+1.5=86245.2344  sbar_dark_T4a_mid+0=51898.7148  sbar_dark_T4b_mid+0=68873.3828  sbar_dark_T4c_mid+0=85344.2500  sbar_dark_T4d_mid+0=69004.0312  sbar_dark_T5a_mid+0=335294.8750  sbar_dark_T5b_mid+0=228064.7969  sbar_dark_T5c_mid+0=278020.4062  sbar_dark_T5d_mid+0=310337.5312  sbar_dark_T4a_mid+1=84567.4375  sbar_dark_T4b_mid+1=64252.3789  sbar_dark_T4c_mid+1=57026.9648  sbar_dark_T4d_mid+1=74499.5000  sbar_dark_T5a_mid+1=209046.4531  sbar_dark_T5b_mid+1=181017.1250  sbar_dark_T5c_mid+1=219458.0625  sbar_dark_T5d_mid+1=149239.8438  sbar_dark_T4a_mid+2=91144.2031  sbar_dark_T4b_mid+2=105959.0547  sbar_dark_T4c_mid+2=98526.5312  sbar_dark_T4d_mid+2=84489.7188  sbar_dark_T5a_mid+2=203555.1562  sbar_dark_T5b_mid+2=221867.6875  sbar_dark_T5c_mid+2=194417.5000  sbar_dark_T5d_mid+2=199946.0469  sbar_dark_T4a_mid-1=373524.7500  sbar_dark_T4b_mid-1=234927.8906  sbar_dark_T4c_mid-1=188313.7031  sbar_dark_T4d_mid-1=242742.1875  sbar_dark_T5a_mid-1=1384286.7500  sbar_dark_T5b_mid-1=1174179.8750  sbar_dark_T5c_mid-1=1273702.2500  sbar_dark_T5d_mid-1=1456167.8750  sbar_dark_T4a_mid-2=151057.3906  sbar_dark_T4b_mid-2=156269.9531  sbar_dark_T4c_mid-2=136061.7344  sbar_dark_T4d_mid-2=137784.8906  sbar_dark_T5b_mid-2=741781.0000  sbar_dark_T5c_mid-2=691665.1875  sbar_dark_T5d_mid-2=796843.3750  sbar_dark_T5a_mid-2=787320.8750  sbar_dark_T4a_mid-1.5=45886.4062  sbar_dark_T4b_mid-1.5=68369.5312  sbar_dark_T4c_mid-1.5=68428.0156  sbar_dark_T4d_mid-1.5=25403.7305  sbar_dark_T5a_mid-1.5=247429.3438  sbar_dark_T5b_mid-1.5=285190.3750  sbar_dark_T5c_mid-1.5=242852.3906  sbar_dark_T5d_mid-1.5=231389.2344  sbar_dark_T4a_mid-0.5=52983.0547  sbar_dark_T4b_mid-0.5=88891.1172  sbar_dark_T4c_mid-0.5=102012.4297  sbar_dark_T4d_mid-0.5=71846.8750  sbar_dark_T5a_mid-0.5=517180.4375  sbar_dark_T5b_mid-0.5=658560.9375  sbar_dark_T5c_mid-0.5=419041.8125  sbar_dark_T5d_mid-0.5=554579.1875  sbar_dark_T4a_mid+0.5=28407.1562  sbar_dark_T4b_mid+0.5=59387.8945  sbar_dark_T4c_mid+0.5=24507.4141  sbar_dark_T4d_mid+0.5=61622.3789  sbar_dark_T5a_mid+0.5=80147.8750  sbar_dark_T5b_mid+0.5=67174.1875  sbar_dark_T5c_mid+0.5=62088.1172  sbar_dark_T5d_mid+0.5=61317.8086  sbar_dark_T4b_mid+1.5=19560.0938  sbar_dark_T4c_mid+1.5=22117.3066  sbar_dark_T4d_mid+1.5=12942.3984  sbar_dark_T5a_mid+1.5=44324.4297  sbar_dark_T5b_mid+1.5=59135.6562  sbar_dark_T5c_mid+1.5=50856.2227  sbar_dark_T5d_mid+1.5=38514.2500  sbar_dark_T4a_mid+1.5=23456.9824]: 

Initl cost = 1065310.7500  [spread_bright_L5=9359570.0000  spread_bright_Mi1=8628525.0000  spread_bright_Tm3=8608873.0000  spread_bright_Mi4=8498138.0000  spread_dark_L1=6219779.5000  spread_dark_L2=5853193.5000  spread_dark_L3=6361284.5000  spread_dark_L4=8634600.0000  spread_dark_Mi9=7393386.5000  spread_dark_Tm1=7977012.0000  spread_dark_Tm2=7627131.0000  spread_dark_Tm4=8024267.0000  spread_dark_Tm9=7649673.5000  sbar_bright_T4a_mid+0=1594979.3750  sbar_bright_T4b_mid+0=1617553.8750  sbar_bright_T4c_mid+0=1558692.7500  sbar_bright_T4d_mid+0=1569347.3750  sbar_bright_T5a_mid+0=211767.7969  sbar_bright_T5b_mid+0=212171.4531  sbar_bright_T5c_mid+0=217595.1406  sbar_bright_T5d_mid+0=222757.3125  sbar_bright_T4a_mid+1=362049.8438  sbar_bright_T4b_mid+1=382133.0000  sbar_bright_T4c_mid+1=373383.2500  sbar_bright_T4d_mid+1=374026.7500  sbar_bright_T5a_mid+1=182396.9688  sbar_bright_T5b_mid+1=202284.8281  sbar_bright_T5c_mid+1=190547.5781  sbar_bright_T5d_mid+1=192376.9219  sbar_bright_T4a_mid+2=127391.0938  sbar_bright_T4b_mid+2=128170.3672  sbar_bright_T4c_mid+2=119385.6797  sbar_bright_T4d_mid+2=131947.3594  sbar_bright_T5a_mid+2=349064.1250  sbar_bright_T5b_mid+2=304750.8438  sbar_bright_T5c_mid+2=337636.4062  sbar_bright_T5d_mid+2=336881.5000  sbar_bright_T4a_mid-1=2856116.7500  sbar_bright_T4b_mid-1=2668898.5000  sbar_bright_T4c_mid-1=2813013.7500  sbar_bright_T4d_mid-1=2792624.0000  sbar_bright_T5a_mid-1=456877.4062  sbar_bright_T5b_mid-1=451710.2812  sbar_bright_T5c_mid-1=462540.2188  sbar_bright_T5d_mid-1=456728.8125  sbar_bright_T4a_mid-2=661289.1875  sbar_bright_T4b_mid-2=673517.4375  sbar_bright_T4c_mid-2=656473.8750  sbar_bright_T4d_mid-2=673294.0625  sbar_bright_T5b_mid-2=171650.3750  sbar_bright_T5c_mid-2=152803.0469  sbar_bright_T5d_mid-2=171316.4531  sbar_bright_T5a_mid-2=161092.7969  sbar_bright_T4a_mid-1.5=287608.1875  sbar_bright_T4b_mid-1.5=292256.5312  sbar_bright_T4c_mid-1.5=278877.2500  sbar_bright_T4d_mid-1.5=311217.1875  sbar_bright_T5a_mid-1.5=144781.7969  sbar_bright_T5b_mid-1.5=144515.8750  sbar_bright_T5c_mid-1.5=138006.5000  sbar_bright_T5d_mid-1.5=134813.2812  sbar_bright_T4a_mid-0.5=1552741.8750  sbar_bright_T4b_mid-0.5=1582151.7500  sbar_bright_T4c_mid-0.5=1572816.7500  sbar_bright_T4d_mid-0.5=1583777.0000  sbar_bright_T5a_mid-0.5=175600.4688  sbar_bright_T5b_mid-0.5=177377.8750  sbar_bright_T5c_mid-0.5=179663.5000  sbar_bright_T5d_mid-0.5=171146.3906  sbar_bright_T4a_mid+0.5=349150.2500  sbar_bright_T4b_mid+0.5=326351.8125  sbar_bright_T4c_mid+0.5=352990.3438  sbar_bright_T4d_mid+0.5=339701.8125  sbar_bright_T5a_mid+0.5=74691.3672  sbar_bright_T5b_mid+0.5=76508.6562  sbar_bright_T5c_mid+0.5=74401.2031  sbar_bright_T5d_mid+0.5=71895.6875  sbar_bright_T4b_mid+1.5=35495.5156  sbar_bright_T4c_mid+1.5=35905.2734  sbar_bright_T4d_mid+1.5=35164.4805  sbar_bright_T5a_mid+1.5=70109.9844  sbar_bright_T5b_mid+1.5=71471.5234  sbar_bright_T5c_mid+1.5=69789.4922  sbar_bright_T5d_mid+1.5=58727.5273  sbar_bright_T4a_mid+1.5=33268.4688  sbar_dark_T4a_mid+0=42060.2305  sbar_dark_T4b_mid+0=40348.0352  sbar_dark_T4c_mid+0=40959.3906  sbar_dark_T4d_mid+0=41158.1445  sbar_dark_T5a_mid+0=753249.4375  sbar_dark_T5b_mid+0=763506.8750  sbar_dark_T5c_mid+0=778695.4375  sbar_dark_T5d_mid+0=816166.5625  sbar_dark_T4a_mid+1=41430.1914  sbar_dark_T4b_mid+1=39332.9336  sbar_dark_T4c_mid+1=36701.6445  sbar_dark_T4d_mid+1=36775.1133  sbar_dark_T5a_mid+1=323239.1250  sbar_dark_T5b_mid+1=358042.6250  sbar_dark_T5c_mid+1=334124.0312  sbar_dark_T5d_mid+1=344639.5000  sbar_dark_T4a_mid+2=38984.3086  sbar_dark_T4b_mid+2=38069.7266  sbar_dark_T4c_mid+2=33198.0508  sbar_dark_T4d_mid+2=40916.7891  sbar_dark_T5a_mid+2=429780.2812  sbar_dark_T5b_mid+2=376721.3438  sbar_dark_T5c_mid+2=415805.4688  sbar_dark_T5d_mid+2=416353.6562  sbar_dark_T4a_mid-1=94600.9297  sbar_dark_T4b_mid-1=104214.2266  sbar_dark_T4c_mid-1=100025.9609  sbar_dark_T4d_mid-1=102494.6562  sbar_dark_T5a_mid-1=2366445.0000  sbar_dark_T5b_mid-1=2318912.0000  sbar_dark_T5c_mid-1=2345494.7500  sbar_dark_T5d_mid-1=2388078.0000  sbar_dark_T4a_mid-2=22067.2969  sbar_dark_T4b_mid-2=17164.5781  sbar_dark_T4c_mid-2=22189.7852  sbar_dark_T4d_mid-2=15581.7363  sbar_dark_T5b_mid-2=1278330.5000  sbar_dark_T5c_mid-2=1216848.5000  sbar_dark_T5d_mid-2=1283052.2500  sbar_dark_T5a_mid-2=1210444.8750  sbar_dark_T4a_mid-1.5=11549.9834  sbar_dark_T4b_mid-1.5=9125.7627  sbar_dark_T4c_mid-1.5=11580.0498  sbar_dark_T4d_mid-1.5=6982.5308  sbar_dark_T5a_mid-1.5=385026.0000  sbar_dark_T5b_mid-1.5=393401.0625  sbar_dark_T5c_mid-1.5=367863.2500  sbar_dark_T5d_mid-1.5=365687.4375  sbar_dark_T4a_mid-0.5=34724.8906  sbar_dark_T4b_mid-0.5=33172.8008  sbar_dark_T4c_mid-0.5=33170.7891  sbar_dark_T4d_mid-0.5=31782.1621  sbar_dark_T5a_mid-0.5=917388.8125  sbar_dark_T5b_mid-0.5=947549.6875  sbar_dark_T5c_mid-0.5=954768.9375  sbar_dark_T5d_mid-0.5=887865.6875  sbar_dark_T4a_mid+0.5=11424.0898  sbar_dark_T4b_mid+0.5=7630.0605  sbar_dark_T4c_mid+0.5=12431.8096  sbar_dark_T4d_mid+0.5=9054.3066  sbar_dark_T5a_mid+0.5=209727.4688  sbar_dark_T5b_mid+0.5=218902.7969  sbar_dark_T5c_mid+0.5=209049.1250  sbar_dark_T5d_mid+0.5=200576.8750  sbar_dark_T4b_mid+1.5=16841.4551  sbar_dark_T4c_mid+1.5=14553.1416  sbar_dark_T4d_mid+1.5=15727.2051  sbar_dark_T5a_mid+1.5=61006.1797  sbar_dark_T5b_mid+1.5=62125.5664  sbar_dark_T5c_mid+1.5=61587.8867  sbar_dark_T5d_mid+1.5=51602.3711  sbar_dark_T4a_mid+1.5=16094.3975]
Final cost = 338642.0312  [spread_bright_L5=1219002.2500  spread_bright_Mi1=688450.9375  spread_bright_Tm3=1228325.1250  spread_bright_Mi4=1267708.5000  spread_dark_L1=1054019.6250  spread_dark_L2=1071456.0000  spread_dark_L3=852852.1250  spread_dark_L4=2490339.0000  spread_dark_Mi9=725105.0625  spread_dark_Tm1=745058.5625  spread_dark_Tm2=889488.0625  spread_dark_Tm4=1140744.6250  spread_dark_Tm9=1240361.6250  sbar_bright_T4a_mid+0=262712.2500  sbar_bright_T4b_mid+0=258763.7500  sbar_bright_T4c_mid+0=308652.4062  sbar_bright_T4d_mid+0=313318.4062  sbar_bright_T5a_mid+0=115769.4297  sbar_bright_T5b_mid+0=166065.6094  sbar_bright_T5c_mid+0=147563.7344  sbar_bright_T5d_mid+0=120742.2969  sbar_bright_T4a_mid+1=246277.4531  sbar_bright_T4b_mid+1=247245.2656  sbar_bright_T4c_mid+1=262138.3281  sbar_bright_T4d_mid+1=252138.9531  sbar_bright_T5a_mid+1=106370.4766  sbar_bright_T5b_mid+1=115852.1719  sbar_bright_T5c_mid+1=102780.0938  sbar_bright_T5d_mid+1=107499.3750  sbar_bright_T4a_mid+2=88903.2188  sbar_bright_T4b_mid+2=141314.4688  sbar_bright_T4c_mid+2=109678.8438  sbar_bright_T4d_mid+2=112518.9062  sbar_bright_T5a_mid+2=188934.0625  sbar_bright_T5b_mid+2=184226.8750  sbar_bright_T5c_mid+2=177975.9375  sbar_bright_T5d_mid+2=186323.1719  sbar_bright_T4a_mid-1=1600967.5000  sbar_bright_T4b_mid-1=1249549.8750  sbar_bright_T4c_mid-1=1539892.3750  sbar_bright_T4d_mid-1=1750686.0000  sbar_bright_T5a_mid-1=433003.4062  sbar_bright_T5b_mid-1=439911.3438  sbar_bright_T5c_mid-1=445573.5312  sbar_bright_T5d_mid-1=441123.8750  sbar_bright_T4a_mid-2=295479.0938  sbar_bright_T4b_mid-2=292470.1250  sbar_bright_T4c_mid-2=313459.8750  sbar_bright_T4d_mid-2=336605.9062  sbar_bright_T5b_mid-2=83364.1016  sbar_bright_T5c_mid-2=71457.6875  sbar_bright_T5d_mid-2=79302.5547  sbar_bright_T5a_mid-2=87141.3750  sbar_bright_T4a_mid-1.5=169223.9375  sbar_bright_T4b_mid-1.5=141168.5000  sbar_bright_T4c_mid-1.5=126034.4766  sbar_bright_T4d_mid-1.5=223266.4531  sbar_bright_T5a_mid-1.5=107974.3594  sbar_bright_T5b_mid-1.5=113137.6562  sbar_bright_T5c_mid-1.5=102882.1562  sbar_bright_T5d_mid-1.5=103270.8359  sbar_bright_T4a_mid-0.5=920301.5625  sbar_bright_T4b_mid-0.5=891518.5625  sbar_bright_T4c_mid-0.5=1062696.7500  sbar_bright_T4d_mid-0.5=1035553.0625  sbar_bright_T5a_mid-0.5=147005.0312  sbar_bright_T5b_mid-0.5=154183.8750  sbar_bright_T5c_mid-0.5=142692.0312  sbar_bright_T5d_mid-0.5=150736.3281  sbar_bright_T4a_mid+0.5=167068.1875  sbar_bright_T4b_mid+0.5=96158.1250  sbar_bright_T4c_mid+0.5=102459.3828  sbar_bright_T4d_mid+0.5=98334.8828  sbar_bright_T5a_mid+0.5=62884.6602  sbar_bright_T5b_mid+0.5=53141.0156  sbar_bright_T5c_mid+0.5=37838.0000  sbar_bright_T5d_mid+0.5=39961.9062  sbar_bright_T4b_mid+1.5=83980.1875  sbar_bright_T4c_mid+1.5=122521.8047  sbar_bright_T4d_mid+1.5=58428.8281  sbar_bright_T5a_mid+1.5=41464.0625  sbar_bright_T5b_mid+1.5=58409.0742  sbar_bright_T5c_mid+1.5=42552.5117  sbar_bright_T5d_mid+1.5=38960.3086  sbar_bright_T4a_mid+1.5=86245.2266  sbar_dark_T4a_mid+0=51898.7109  sbar_dark_T4b_mid+0=68873.3984  sbar_dark_T4c_mid+0=85344.2266  sbar_dark_T4d_mid+0=69004.0156  sbar_dark_T5a_mid+0=335294.8750  sbar_dark_T5b_mid+0=228064.8125  sbar_dark_T5c_mid+0=278020.4062  sbar_dark_T5d_mid+0=310337.5000  sbar_dark_T4a_mid+1=84567.4766  sbar_dark_T4b_mid+1=64252.3906  sbar_dark_T4c_mid+1=57026.9297  sbar_dark_T4d_mid+1=74499.4922  sbar_dark_T5a_mid+1=209046.4844  sbar_dark_T5b_mid+1=181017.1250  sbar_dark_T5c_mid+1=219458.0625  sbar_dark_T5d_mid+1=149239.8125  sbar_dark_T4a_mid+2=91144.2188  sbar_dark_T4b_mid+2=105959.0625  sbar_dark_T4c_mid+2=98526.5000  sbar_dark_T4d_mid+2=84489.6719  sbar_dark_T5a_mid+2=203555.1719  sbar_dark_T5b_mid+2=221867.6875  sbar_dark_T5c_mid+2=194417.5000  sbar_dark_T5d_mid+2=199946.0469  sbar_dark_T4a_mid-1=373524.7812  sbar_dark_T4b_mid-1=234927.9219  sbar_dark_T4c_mid-1=188313.5938  sbar_dark_T4d_mid-1=242742.0781  sbar_dark_T5a_mid-1=1384286.7500  sbar_dark_T5b_mid-1=1174179.7500  sbar_dark_T5c_mid-1=1273702.5000  sbar_dark_T5d_mid-1=1456167.7500  sbar_dark_T4a_mid-2=151057.3750  sbar_dark_T4b_mid-2=156269.9688  sbar_dark_T4c_mid-2=136061.6406  sbar_dark_T4d_mid-2=137784.7656  sbar_dark_T5b_mid-2=741781.0000  sbar_dark_T5c_mid-2=691665.1875  sbar_dark_T5d_mid-2=796843.3750  sbar_dark_T5a_mid-2=787320.8750  sbar_dark_T4a_mid-1.5=45886.4062  sbar_dark_T4b_mid-1.5=68369.5391  sbar_dark_T4c_mid-1.5=68427.9922  sbar_dark_T4d_mid-1.5=25403.7031  sbar_dark_T5a_mid-1.5=247429.3438  sbar_dark_T5b_mid-1.5=285190.3750  sbar_dark_T5c_mid-1.5=242852.4062  sbar_dark_T5d_mid-1.5=231389.2500  sbar_dark_T4a_mid-0.5=52983.0547  sbar_dark_T4b_mid-0.5=88891.1172  sbar_dark_T4c_mid-0.5=102012.4141  sbar_dark_T4d_mid-0.5=71846.8516  sbar_dark_T5a_mid-0.5=517180.4062  sbar_dark_T5b_mid-0.5=658560.9375  sbar_dark_T5c_mid-0.5=419041.8750  sbar_dark_T5d_mid-0.5=554579.1875  sbar_dark_T4a_mid+0.5=28407.1602  sbar_dark_T4b_mid+0.5=59387.8984  sbar_dark_T4c_mid+0.5=24507.4004  sbar_dark_T4d_mid+0.5=61622.4062  sbar_dark_T5a_mid+0.5=80147.8828  sbar_dark_T5b_mid+0.5=67174.1875  sbar_dark_T5c_mid+0.5=62088.1211  sbar_dark_T5d_mid+0.5=61317.8203  sbar_dark_T4b_mid+1.5=19560.0977  sbar_dark_T4c_mid+1.5=22117.2891  sbar_dark_T4d_mid+1.5=12942.3857  sbar_dark_T5a_mid+1.5=44324.4258  sbar_dark_T5b_mid+1.5=59135.6680  sbar_dark_T5c_mid+1.5=50856.2266  sbar_dark_T5d_mid+1.5=38514.2500  sbar_dark_T4a_mid+1.5=23456.9805]
Best  cost = 338642.0312  [spread_bright_L5=1219002.3750  spread_bright_Mi1=688451.0000  spread_bright_Tm3=1228325.5000  spread_bright_Mi4=1267709.0000  spread_dark_L1=1054019.7500  spread_dark_L2=1071456.0000  spread_dark_L3=852852.0625  spread_dark_L4=2490339.0000  spread_dark_Mi9=725105.0000  spread_dark_Tm1=745058.4375  spread_dark_Tm2=889488.2500  spread_dark_Tm4=1140744.6250  spread_dark_Tm9=1240361.6250  sbar_bright_T4a_mid+0=262712.2500  sbar_bright_T4b_mid+0=258763.7344  sbar_bright_T4c_mid+0=308652.3750  sbar_bright_T4d_mid+0=313318.4062  sbar_bright_T5a_mid+0=115769.4297  sbar_bright_T5b_mid+0=166065.5938  sbar_bright_T5c_mid+0=147563.7344  sbar_bright_T5d_mid+0=120742.3047  sbar_bright_T4a_mid+1=246277.4219  sbar_bright_T4b_mid+1=247245.2500  sbar_bright_T4c_mid+1=262138.3281  sbar_bright_T4d_mid+1=252138.9219  sbar_bright_T5a_mid+1=106370.4844  sbar_bright_T5b_mid+1=115852.1719  sbar_bright_T5c_mid+1=102780.1094  sbar_bright_T5d_mid+1=107499.3750  sbar_bright_T4a_mid+2=88903.2344  sbar_bright_T4b_mid+2=141314.4062  sbar_bright_T4c_mid+2=109678.8516  sbar_bright_T4d_mid+2=112518.8594  sbar_bright_T5a_mid+2=188934.0781  sbar_bright_T5b_mid+2=184226.8906  sbar_bright_T5c_mid+2=177975.9062  sbar_bright_T5d_mid+2=186323.1719  sbar_bright_T4a_mid-1=1600967.5000  sbar_bright_T4b_mid-1=1249549.8750  sbar_bright_T4c_mid-1=1539892.5000  sbar_bright_T4d_mid-1=1750686.0000  sbar_bright_T5a_mid-1=433003.4062  sbar_bright_T5b_mid-1=439911.3438  sbar_bright_T5c_mid-1=445573.5625  sbar_bright_T5d_mid-1=441123.8750  sbar_bright_T4a_mid-2=295479.0938  sbar_bright_T4b_mid-2=292470.0938  sbar_bright_T4c_mid-2=313459.8750  sbar_bright_T4d_mid-2=336605.8750  sbar_bright_T5b_mid-2=83364.1016  sbar_bright_T5c_mid-2=71457.6797  sbar_bright_T5d_mid-2=79302.5469  sbar_bright_T5a_mid-2=87141.3672  sbar_bright_T4a_mid-1.5=169223.9688  sbar_bright_T4b_mid-1.5=141168.5000  sbar_bright_T4c_mid-1.5=126034.5000  sbar_bright_T4d_mid-1.5=223266.4531  sbar_bright_T5a_mid-1.5=107974.3516  sbar_bright_T5b_mid-1.5=113137.6641  sbar_bright_T5c_mid-1.5=102882.1562  sbar_bright_T5d_mid-1.5=103270.8359  sbar_bright_T4a_mid-0.5=920301.6250  sbar_bright_T4b_mid-0.5=891518.5625  sbar_bright_T4c_mid-0.5=1062696.7500  sbar_bright_T4d_mid-0.5=1035553.0625  sbar_bright_T5a_mid-0.5=147005.0469  sbar_bright_T5b_mid-0.5=154183.8594  sbar_bright_T5c_mid-0.5=142692.0156  sbar_bright_T5d_mid-0.5=150736.3281  sbar_bright_T4a_mid+0.5=167068.2031  sbar_bright_T4b_mid+0.5=96158.1328  sbar_bright_T4c_mid+0.5=102459.3750  sbar_bright_T4d_mid+0.5=98334.8906  sbar_bright_T5a_mid+0.5=62884.6641  sbar_bright_T5b_mid+0.5=53141.0078  sbar_bright_T5c_mid+0.5=37838.0039  sbar_bright_T5d_mid+0.5=39961.9062  sbar_bright_T4b_mid+1.5=83980.1797  sbar_bright_T4c_mid+1.5=122521.7891  sbar_bright_T4d_mid+1.5=58428.8281  sbar_bright_T5a_mid+1.5=41464.0664  sbar_bright_T5b_mid+1.5=58409.0742  sbar_bright_T5c_mid+1.5=42552.5117  sbar_bright_T5d_mid+1.5=38960.3086  sbar_bright_T4a_mid+1.5=86245.2266  sbar_dark_T4a_mid+0=51898.7070  sbar_dark_T4b_mid+0=68873.3906  sbar_dark_T4c_mid+0=85344.2266  sbar_dark_T4d_mid+0=69004.0156  sbar_dark_T5a_mid+0=335294.8750  sbar_dark_T5b_mid+0=228064.8281  sbar_dark_T5c_mid+0=278020.4062  sbar_dark_T5d_mid+0=310337.5312  sbar_dark_T4a_mid+1=84567.4688  sbar_dark_T4b_mid+1=64252.3711  sbar_dark_T4c_mid+1=57026.9414  sbar_dark_T4d_mid+1=74499.4922  sbar_dark_T5a_mid+1=209046.4688  sbar_dark_T5b_mid+1=181017.1094  sbar_dark_T5c_mid+1=219458.0312  sbar_dark_T5d_mid+1=149239.8125  sbar_dark_T4a_mid+2=91144.2188  sbar_dark_T4b_mid+2=105959.0469  sbar_dark_T4c_mid+2=98526.4844  sbar_dark_T4d_mid+2=84489.6562  sbar_dark_T5a_mid+2=203555.1406  sbar_dark_T5b_mid+2=221867.6875  sbar_dark_T5c_mid+2=194417.5000  sbar_dark_T5d_mid+2=199946.0625  sbar_dark_T4a_mid-1=373524.7812  sbar_dark_T4b_mid-1=234927.8750  sbar_dark_T4c_mid-1=188313.5938  sbar_dark_T4d_mid-1=242742.0625  sbar_dark_T5a_mid-1=1384286.7500  sbar_dark_T5b_mid-1=1174179.8750  sbar_dark_T5c_mid-1=1273702.3750  sbar_dark_T5d_mid-1=1456168.1250  sbar_dark_T4a_mid-2=151057.3594  sbar_dark_T4b_mid-2=156269.9688  sbar_dark_T4c_mid-2=136061.6562  sbar_dark_T4d_mid-2=137784.7656  sbar_dark_T5b_mid-2=741781.0000  sbar_dark_T5c_mid-2=691665.1250  sbar_dark_T5d_mid-2=796843.3750  sbar_dark_T5a_mid-2=787320.8750  sbar_dark_T4a_mid-1.5=45886.4141  sbar_dark_T4b_mid-1.5=68369.5469  sbar_dark_T4c_mid-1.5=68428.0000  sbar_dark_T4d_mid-1.5=25403.7031  sbar_dark_T5a_mid-1.5=247429.3281  sbar_dark_T5b_mid-1.5=285190.3750  sbar_dark_T5c_mid-1.5=242852.3750  sbar_dark_T5d_mid-1.5=231389.2344  sbar_dark_T4a_mid-0.5=52983.0508  sbar_dark_T4b_mid-0.5=88891.1406  sbar_dark_T4c_mid-0.5=102012.4141  sbar_dark_T4d_mid-0.5=71846.8359  sbar_dark_T5a_mid-0.5=517180.3750  sbar_dark_T5b_mid-0.5=658560.9375  sbar_dark_T5c_mid-0.5=419041.8125  sbar_dark_T5d_mid-0.5=554579.1250  sbar_dark_T4a_mid+0.5=28407.1699  sbar_dark_T4b_mid+0.5=59387.8945  sbar_dark_T4c_mid+0.5=24507.4023  sbar_dark_T4d_mid+0.5=61622.3984  sbar_dark_T5a_mid+0.5=80147.8672  sbar_dark_T5b_mid+0.5=67174.1953  sbar_dark_T5c_mid+0.5=62088.1172  sbar_dark_T5d_mid+0.5=61317.8125  sbar_dark_T4b_mid+1.5=19560.1016  sbar_dark_T4c_mid+1.5=22117.2852  sbar_dark_T4d_mid+1.5=12942.3828  sbar_dark_T5a_mid+1.5=44324.4258  sbar_dark_T5b_mid+1.5=59135.6680  sbar_dark_T5c_mid+1.5=50856.2266  sbar_dark_T5d_mid+1.5=38514.2461  sbar_dark_T4a_mid+1.5=23456.9824]
time needed  = 787.44  sec

done in 0.22 hours
wrote /home/yitai/drosophila_vision/vision/simulation/0_runs/hp_lp/29562559-run-n_iter-1000-tasks-spread,sbar/data/best_adam.npz (best run #0)
wrote table: /home/yitai/drosophila_vision/vision/simulation/0_runs/hp_lp/29562559-run-n_iter-1000-tasks-spread,sbar/param.csv (best run #0, cost=338642.0312)
wrote table: /home/yitai/drosophila_vision/vision/simulation/0_runs/hp_lp/29562559-run-n_iter-1000-tasks-spread,sbar/syn_strength_cell.csv
/home/yitai/drosophila_vision/vision/simulation/5_figure/1_panel.py:834: UserWarning: This figure includes Axes that are not compatible with tight_layout, so results might be incorrect.
  fig.tight_layout()
plot /home/yitai/drosophila_vision/vision/simulation/0_runs/hp_lp/29562559-run-n_iter-1000-tasks-spread,sbar/cost.png: prep=0.0s  plot_s=0.5s  save=4.2s  elapsed_s=4.7s
plot device=cuda (NVIDIA A100 80GB PCIe MIG 1g.20gb)
1 trained set(s); costs min=338642.0312 max=338642.0312; selected #0 (from saved final costs)
plot /home/yitai/drosophila_vision/vision/simulation/0_runs/hp_lp/29562559-run-n_iter-1000-tasks-spread,sbar/spread_gt_v.png: prep=0.2s  plot_s=0.1s  save=0.9s  elapsed_s=1.3s
plot /home/yitai/drosophila_vision/vision/simulation/0_runs/hp_lp/29562559-run-n_iter-1000-tasks-spread,sbar/spread_all_v.png: prep=0.0s  plot_s=0.7s  save=2.6s  elapsed_s=3.3s
plot /home/yitai/drosophila_vision/vision/simulation/0_runs/hp_lp/29562559-run-n_iter-1000-tasks-spread,sbar/sbar_gt_v.png: prep=0.4s  plot_s=91.3s  save=26.4s  elapsed_s=118.2s
