Job ID: 29562508
Node:   spartan-gpgpu099
GPU:    0
GPU 0: NVIDIA A100 80GB PCIe (UUID: GPU-322f5568-e44f-6ee4-45a8-e5d9489b443e)
GPU 1: NVIDIA A100 80GB PCIe (UUID: GPU-14844a85-9bf8-1cac-86bb-ab42ec5dba78)
  MIG 1g.20gb     Device  0: (UUID: MIG-ca7758cc-36b2-53c8-8bf7-fe711a703942)
GPU 2: NVIDIA A100 80GB PCIe (UUID: GPU-40730cdb-5070-f06f-e8e1-92c3b4bc8f18)
GPU 3: NVIDIA A100 80GB PCIe (UUID: GPU-705f91ce-5278-67b6-77ed-ac45a7d89e43)
cuda: True NVIDIA A100 80GB PCIe MIG 1g.20gb
Start:  Tue 25 Aug 2026 04:10:02 AEST
==== config ====
{'RUN_NAME': '29562242-run-n_iter-300-tasks-spread,sbar',
 'RUN_PATH': 'hp_lp/29562242-run-n_iter-300-tasks-spread,sbar',
 'MODEL': {'delta_ms': 2.0,
           'delta_ms_pre': 2.0,
           'cap': 40.0,
           'g_leak': 1.0,
           'e_exc': 10.0,
           'e_inh': -70.0,
           'e_h': 50.0,
           'h_g_max': 100.0,
           'gt_amp': 20.0,
           'v_clamp': 1000000.0,
           'a_syn_exc': 0.001,
           'a_syn_inh': 0.001,
           'euler': 'im'},
 'NEURON_SCHEMA': {'model': 'hp_lp',
                   'filter': 'none',
                   'syn_mode': 'per_cell',
                   'a_lo': 0.1,
                   'a_hi': 10.0,
                   'h_cells': ['L1', 'L2', 'L4', 'L5'],
                   'params': {'a_gt': {'lo': 0.5, 'hi': 2.0, 'init': 1.0, 'jit': 0.1, 'mode': 'indi'},
                              'bias_gt': {'lo': -200.0, 'hi': 200.0, 'init': 0.0, 'jit': 1.0, 'mode': 'indi'},
                              'syn_strength_cell': {'lo': 0.1, 'hi': 10.0, 'init': 1.0, 'jit': 0.1, 'mode': 'shared'},
                              'syn_strength_edge': {'lo': 0.1, 'hi': 10.0, 'init': 1.0, 'jit': 0.1, 'mode': 'indi'},
                              'a_in': {'lo': 0.01, 'hi': 100.0, 'init': 1.0, 'jit': 0.1, 'mode': 'shared'},
                              'a_out': {'lo': 0.1, 'hi': 10.0, 'init': 1.0, 'jit': 0.1, 'mode': 'indi'},
                              'e_leak': {'lo': -50.0, 'hi': 50.0, 'init': 0.0, 'jit': 1.0, 'mode': 'indi'},
                              'v_th': {'lo': -100.0, 'hi': 100.0, 'init': -50.0, 'jit': 0.0, 'mode': 'indi'},
                              'tau_lp': {'lo': 10.0, 'hi': 100.0, 'init': 10.0, 'jit': 2.0, 'mode': 'indi'},
                              'tau_hp_rise': {'lo': 100.0, 'hi': 500.0, 'init': 200.0, 'jit': 20.0, 'mode': 'indi'},
                              'tau_hp_fall': {'lo': 100.0, 'hi': 500.0, 'init': 200.0, 'jit': 20.0, 'mode': 'indi'},
                              'a_h': {'lo': 0.0,
                                      'hi': 1.0,
                                      'init': 0.0,
                                      'inits': {'L1': 0.5, 'L2': 0.5, 'L4': 0.5, 'L5': 0.5},
                                      'jit': 0.1,
                                      'mode': 'indi'},
                              'v_mid_h_g': {'lo': -70.0, 'hi': -30.0, 'init': -50.0, 'jit': 5.0, 'mode': 'shared'},
                              'v_mid_h_tau': {'lo': -70.0, 'hi': -40.0, 'init': -50.0, 'jit': 5.0, 'mode': 'shared'},
                              'h_slope': {'lo': -0.4, 'hi': -0.2, 'init': -0.25, 'jit': 0.02, 'mode': 'shared'},
                              'a_h_rev': {'lo': 0.0,
                                          'hi': 1.0,
                                          'init': 0.0,
                                          'jit': 0.1,
                                          'mode': 'fixed',
                                          'modes': {'indi': 'L1,L2,L4,L5'}},
                              'v_mid_h_g_rev': {'lo': -70.0, 'hi': -30.0, 'init': -50.0, 'jit': 5.0, 'mode': 'shared'},
                              'v_mid_h_tau_rev': {'lo': -70.0,
                                                  'hi': -40.0,
                                                  'init': -50.0,
                                                  'jit': 5.0,
                                                  'mode': 'shared'},
                              'h_slope_rev': {'lo': -0.4, 'hi': -0.2, 'init': -0.25, 'jit': 0.02, 'mode': 'shared'},
                              'v_th_ca': {'lo': -100.0, 'hi': 100.0, 'init': -50.0, 'jit': 0.0, 'mode': 'indi'},
                              'a_ca': {'lo': 0.1, 'hi': 10.0, 'init': 1.0, 'jit': 0.1, 'mode': 'indi'},
                              'tau_ca': {'lo': 100.0, 'hi': 1000.0, 'init': 350.0, 'jit': 10.0, 'mode': 'indi'},
                              'a_sti_radius': {'lo': 0.0, 'hi': 1.0, 'init': 0.0, 'jit': 0.05, 'mode': 'indi'}}},
 'NEURON_FORWARD': {'pre_grad': True},
 'NETWORK_PATH': {'network': 'right_min_neuron1_r10'},
 'SPREAD_INPUT_SPEC': {'ms_pre': 20.0, 'ms_sti': 160.0, 'ms_response': 300.0, 'ms_post': 0.0},
 'SPREAD_GT': {'spread_gt_mode': 'pos'},
 'SPOT_INPUT_GEO': {'spot_radius': 1.0, 'fully_inside': True, 'multi_spot': True, 'shift_radius': 1.0},
 'SPOT_PACK': {'spot_cost_radii': [0, 1, 2],
               'a_sti_radii': [1, 2],
               'spot_cost_radius_scale': {0: 1.0, 1: 0.3333333333333333, 2: 0.3333333333333333}},
 'SBAR_INPUT_GEO': {'multi_bar': True, 'bar_dist': 4},
 'MBAR_INPUT_SPEC': {'ms_pre': 20.0, 'bar_ws_deg': [2.25, 9.0], 'bar_directions': ['right', 'left', 'up', 'down']},
 'TRAIN_CONFIG': {'tasks': ['sbar'],
                  'contrasts': ['bright', 'dark'],
                  'i_sti': {'bright': 40.0, 'dark': 0.0},
                  'gt_by_task': {'spread': ['L1',
                                            'L2',
                                            'L3',
                                            'L4',
                                            'L5',
                                            'Mi1',
                                            'Tm3',
                                            'Mi4',
                                            'Mi9',
                                            'Tm1',
                                            'Tm2',
                                            'Tm4',
                                            'Tm9'],
                                 'sbar': ['T4a', 'T4b', 'T4c', 'T4d', 'T5a', 'T5b', 'T5c', 'T5d']},
                  'cost_radius': None},
 'VAL_FROM': {'bias_gt': {'source': 'v_onset', 'enabled': True},
              'v_th_ca': {'source': 'v_th', 'enabled': False},
              'a_ca': {'source': 'a_out', 'enabled': False},
              'a_h_rev': {'source': 'a_h', 'enabled': False},
              'v_mid_h_g_rev': {'source': 'v_mid_h_g', 'enabled': False},
              'h_slope_rev': {'source': 'h_slope', 'enabled': False},
              'v_mid_h_tau_rev': {'source': 'v_mid_h_tau', 'enabled': False}},
 'TRAIN_OPTIMIZATION': {'part_cost_scales': {},
                        'cost_norm': 'a_gt2',
                        'cost_ms': None,
                        'pre_steady': 'solve',
                        'pre_steady_n_iter': 50,
                        'pre_steady_damp': 0.1,
                        'n_run': 1,
                        'n_iter': 0,
                        'lrs': [0.1],
                        'checkpoint_interval': 1000},
 'TRAIN_SESSION': {'fp': 32, 'sequential': False},
 'FIGURE_PLOT': {'html': False, 'plot_right_only': True, 'x': None, 'y': None, 'align_xy': None, 'ms_shown': None},
 'FIGURE_PLOT_STI_SPOT': {'spot_radii': [0.5, 1.0, 1.5, 2.0], 'output': None},
 'FIGURE_PLOT_STI_MBAR': {'output': None,
                          'gif': False,
                          'gif_output': None,
                          't_stride': 2,
                          't': None,
                          'direction': 'left'},
 'ANALYZE_RUNS': ['hp_lp/29562242-run-n_iter-300-tasks-spread,sbar'],
 'ANALYZE_CELL_DYNAMICS': {'cells': None,
                           'spec': None,
                           'node': None,
                           'radius': 0,
                           't_rel_start': None,
                           't_rel_stop': None,
                           'figure': True,
                           'json': False},
 'ANALYZE_SYN_SIGN': {'bins': 20, 'after_train': False, 'post': False},
 'ANALYZE_TRACE': {'trace_osc_min_f': 0.5,
                   'trace_osc_max_f': 20.0,
                   'trace_osc_peak_threshold': 0.5,
                   'trace_osc_z_threshold': 2.0,
                   'trace_osc_snr_min': 2.0,
                   'trace_drift_min_slope_mv_over_s': 1.0,
                   'trace_drift_min_r': 0.5,
                   'trace_baseline_ms': 200.0,
                   'trace_flat_max_abs': 0.5,
                   'trace_flat_v_peak_to_peak_max': 1.0,
                   'trace_flat_abs_mean': 0.2,
                   'check': None,
                   'baseline_ms_shown': None},
 'ANALYZE_COST_PART': {'part': None,
                       'cost_norm': None,
                       'stride': 1,
                       'per_node': False,
                       'csv': None,
                       'print_parts': False}}
==== end config ====
config: {'run_name': '29562242-run-n_iter-300-tasks-spread,sbar', 'run_path': 'hp_lp/${run_name}', 'delta_ms': 2.0, 'delta_ms_pre': 2.0, 'cap': 40.0, 'g_leak': 1.0, 'e_exc': 10.0, 'e_inh': -70.0, 'e_h': 50.0, 'h_g_max': 100.0, 'gt_amp': 20.0, 'v_clamp': 1000000.0, 'a_syn_exc': 0.001, 'a_syn_inh': 0.001, 'euler': 'im', 'model': 'hp_lp', 'filter': 'none', 'syn_mode': 'per_cell', 'a_lo': 0.1, 'a_hi': 10.0, 'h_cells': 'L1,L2,L4,L5', 'params': {'a_gt': {'lo': 0.5, 'hi': 2.0, 'init': 1.0, 'jit': 0.1, 'mode': 'indi'}, 'bias_gt': {'lo': -200.0, 'hi': 200.0, 'init': 0.0, 'jit': 1.0, 'mode': 'indi'}, 'syn_strength_cell': {'lo': 0.1, 'hi': 10.0, 'init': 1.0, 'jit': 0.1, 'mode': 'shared'}, 'syn_strength_edge': {'lo': 0.1, 'hi': 10.0, 'init': 1.0, 'jit': 0.1, 'mode': 'indi'}, 'a_in': {'lo': 0.01, 'hi': 100.0, 'init': 1.0, 'jit': 0.1, 'mode': 'shared'}, 'a_out': {'lo': 0.1, 'hi': 10.0, 'init': 1.0, 'jit': 0.1, 'mode': 'indi'}, 'e_leak': {'lo': -50.0, 'hi': 50.0, 'init': 0.0, 'jit': 1.0, 'mode': 'indi'}, 'v_th': {'lo': -100.0, 'hi': 100.0, 'init': -50.0, 'jit': 0.0, 'mode': 'indi'}, 'tau_lp': {'lo': 10.0, 'hi': 100.0, 'init': 10.0, 'jit': 2.0, 'mode': 'indi'}, 'tau_hp_rise': {'lo': 100.0, 'hi': 500.0, 'init': 200.0, 'jit': 20.0, 'mode': 'indi'}, 'tau_hp_fall': {'lo': 100.0, 'hi': 500.0, 'init': 200.0, 'jit': 20.0, 'mode': 'indi'}, 'a_h': {'lo': 0.0, 'hi': 1.0, 'init': 0.0, 'inits': {'L1': 0.5, 'L2': 0.5, 'L4': 0.5, 'L5': 0.5}, 'jit': 0.1, 'mode': 'indi'}, 'v_mid_h_g': {'lo': -70.0, 'hi': -30.0, 'init': -50.0, 'jit': 5.0, 'mode': 'shared'}, 'v_mid_h_tau': {'lo': -70.0, 'hi': -40.0, 'init': -50.0, 'jit': 5.0, 'mode': 'shared'}, 'h_slope': {'lo': -0.4, 'hi': -0.2, 'init': -0.25, 'jit': 0.02, 'mode': 'shared'}, 'a_h_rev': {'lo': 0.0, 'hi': 1.0, 'init': 0.0, 'jit': 0.1, 'mode': 'fixed', 'modes': {'indi': '${h_cells}'}}, 'v_mid_h_g_rev': {'lo': -70.0, 'hi': -30.0, 'init': -50.0, 'jit': 5.0, 'mode': 'shared'}, 'v_mid_h_tau_rev': {'lo': -70.0, 'hi': -40.0, 'init': -50.0, 'jit': 5.0, 'mode': 'shared'}, 'h_slope_rev': {'lo': -0.4, 'hi': -0.2, 'init': -0.25, 'jit': 0.02, 'mode': 'shared'}, 'v_th_ca': {'lo': -100.0, 'hi': 100.0, 'init': -50.0, 'jit': 0.0, 'mode': 'indi'}, 'a_ca': {'lo': 0.1, 'hi': 10.0, 'init': 1.0, 'jit': 0.1, 'mode': 'indi'}, 'tau_ca': {'lo': 100.0, 'hi': 1000.0, 'init': 350.0, 'jit': 10.0, 'mode': 'indi'}, 'a_sti_radius': {'lo': 0.0, 'hi': 1.0, 'init': 0.0, 'jit': 0.05, 'mode': 'indi'}}, 'pre_grad': True, 'network': 'right_min_neuron1_r10', 'i_sti': {'bright': 40.0, 'dark': 0.0}, 'contrasts': 'bright,dark', 'ms_pre': 20.0, 'ms_sti': 160.0, 'ms_response': 300.0, 'ms_post': 0.0, 'spread_gt_mode': 'pos', 'spot_radius': 1.0, 'fully_inside': True, 'multi_spot': True, 'shift_radius': 1.0, 'spot_cost_radii': '0,1,2', 'a_sti_radii': '1,2', 'spot_cost_radius_scale': {0: 1.0, 1: 0.3333333333333333, 2: 0.3333333333333333}, 'multi_bar': True, 'bar_dist': 4, 'bar_ws_deg': '2.25,9.0', 'bar_directions': 'right,left,up,down', 'tasks': 'spread,sbar', 'gt_by_task': {'spread': ['L1', 'L2', 'L3', 'L4', 'L5', 'Mi1', 'Tm3', 'Mi4', 'Mi9', 'Tm1', 'Tm2', 'Tm4', 'Tm9'], 'sbar': ['T4a', 'T4b', 'T4c', 'T4d', 'T5a', 'T5b', 'T5c', 'T5d']}, 'cost_radius': None, 'param_vals': {}, 'val_from': {'bias_gt': {'source': 'v_onset', 'enabled': True}, 'v_th_ca': {'source': 'v_th', 'enabled': False}, 'a_ca': {'source': 'a_out', 'enabled': False}, 'a_h_rev': {'source': 'a_h', 'enabled': False}, 'v_mid_h_g_rev': {'source': 'v_mid_h_g', 'enabled': False}, 'h_slope_rev': {'source': 'h_slope', 'enabled': False}, 'v_mid_h_tau_rev': {'source': 'v_mid_h_tau', 'enabled': False}}, 'part_cost_scales': {}, 'cost_norm': 'a_gt2', 'cost_ms': None, 'pre_steady': 'solve', 'pre_steady_n_iter': 50, 'pre_steady_damp': 0.1, 'n_run': 1, 'n_iter': 1000, 'lrs': '0.1', 'checkpoint_interval': 1000, 'init_from': None, 'fp': 32, 'sequential': False, 'spot_radii': '0.5,1.0,1.5,2.0', 'spot_plot_output': None, 'mbar_plot_output': None, 'mbar_plot_gif': False, 'mbar_plot_gif_output': None, 'mbar_plot_t_stride': 2, 'mbar_plot_t': None, 'mbar_plot_direction': 'left', 'html': False, 'plot_right_only': True, 'x': None, 'y': None, 'align_xy': None, 'ms_shown': None, 'analyze_runs': None, 'cells': None, 'spec': None, 'node': None, 'radius': 0, 't_rel_start': None, 't_rel_stop': None, 'analyze_figure': True, 'analyze_json': False, 'post': False, 'check': None, 'baseline_ms_shown': None, 'part': None, 'analyze_cost_norm': None, 'stride': 1, 'per_node': False, 'cost_part_csv': None, 'print_parts': False, 'bins': 20, 'after_train': False, 'trace_osc_min_f': 0.5, 'trace_osc_max_f': 20.0, 'trace_osc_peak_threshold': 0.5, 'trace_osc_z_threshold': 2.0, 'trace_osc_snr_min': 2.0, 'trace_drift_min_slope_mv_over_s': 1.0, 'trace_drift_min_r': 0.5, 'trace_baseline_ms': 200.0, 'trace_flat_max_abs': 0.5, 'trace_flat_v_peak_to_peak_max': 1.0, 'trace_flat_abs_mean': 0.2}
param_modes:
  a_gt               indi=56/shared=0/fixed=0/frozen=0 (56)
  bias_gt            indi=0/shared=0/fixed=0/frozen=56 (0)
  syn_strength_cell  indi=0/shared=1035/fixed=0/frozen=0 (1)
  a_in               indi=0/shared=56/fixed=0/frozen=0 (1)
  a_out              indi=56/shared=0/fixed=0/frozen=0 (56)
  e_leak             indi=56/shared=0/fixed=0/frozen=0 (56)
  v_th               indi=56/shared=0/fixed=0/frozen=0 (56)
  tau_lp             indi=56/shared=0/fixed=0/frozen=0 (56)
  tau_hp_rise        indi=56/shared=0/fixed=0/frozen=0 (56)
  tau_hp_fall        indi=56/shared=0/fixed=0/frozen=0 (56)
  a_h                indi=56/shared=0/fixed=0/frozen=0 (56)
device=cuda, model=hp_lp, syn_mode=per_cell, euler=implicit, pre_steady=solve, n_run=1, n_iter=1000, lrs=[0.1], n_z=450, fname=train_hp_lp.npy
checkpoint_interval=1000

round 0

  0%|          | 0/1000 [00:00<?, ?it/s] Cost: 1065676.1250  [spread_bright_L5=9388314.0000  spread_bright_Mi1=8623900.0000  spread_bright_Tm3=8615745.0000  spread_bright_Mi4=8501814.0000  spread_dark_L1=6266140.0000  spread_dark_L2=5918260.5000  spread_dark_L3=6406244.5000  spread_dark_L4=8634520.0000  spread_dark_Mi9=7374269.5000  spread_dark_Tm1=7918458.5000  spread_dark_Tm2=7590802.0000  spread_dark_Tm4=7994866.5000  spread_dark_Tm9=7646706.5000  sbar_bright_T4a_mid+0=1593412.3750  sbar_bright_T4b_mid+0=1615543.7500  sbar_bright_T4c_mid+0=1557391.8750  sbar_bright_T4d_mid+0=1568373.1250  sbar_bright_T5a_mid+0=211828.2031  sbar_bright_T5b_mid+0=212918.9844  sbar_bright_T5c_mid+0=217072.7656  sbar_bright_T5d_mid+0=225183.7031  sbar_bright_T4a_mid+1=362164.6250  sbar_bright_T4b_mid+1=381552.2188  sbar_bright_T4c_mid+1=372897.9375  sbar_bright_T4d_mid+1=373651.5312  sbar_bright_T5a_mid+1=182256.1875  sbar_bright_T5b_mid+1=202927.1250  sbar_bright_T5c_mid+1=190172.3438  sbar_bright_T5d_mid+1=192744.2656  sbar_bright_T4a_mid+2=127730.5312  sbar_bright_T4b_mid+2=128763.5312  sbar_bright_T4c_mid+2=119759.9297  sbar_bright_T4d_mid+2=130918.7109  sbar_bright_T5a_mid+2=349352.4688  sbar_bright_T5b_mid+2=304507.0312  sbar_bright_T5c_mid+2=337014.5000  sbar_bright_T5d_mid+2=338092.0938  sbar_bright_T4a_mid-1=2856894.2500  sbar_bright_T4b_mid-1=2672227.0000  sbar_bright_T4c_mid-1=2813632.7500  sbar_bright_T4d_mid-1=2791838.7500  sbar_bright_T5a_mid-1=457065.2500  sbar_bright_T5b_mid-1=452225.8750  sbar_bright_T5c_mid-1=461679.7812  sbar_bright_T5d_mid-1=458952.4688  sbar_bright_T4a_mid-2=660958.1250  sbar_bright_T4b_mid-2=673651.0625  sbar_bright_T4c_mid-2=658371.1875  sbar_bright_T4d_mid-2=674333.5625  sbar_bright_T5b_mid-2=172215.1719  sbar_bright_T5c_mid-2=152729.4844  sbar_bright_T5d_mid-2=173970.0000  sbar_bright_T5a_mid-2=161579.1562  sbar_bright_T4a_mid-1.5=287172.0625  sbar_bright_T4b_mid-1.5=291989.6250  sbar_bright_T4c_mid-1.5=279091.2188  sbar_bright_T4d_mid-1.5=310445.2812  sbar_bright_T5a_mid-1.5=144853.7812  sbar_bright_T5b_mid-1.5=144675.1875  sbar_bright_T5c_mid-1.5=138107.7656  sbar_bright_T5d_mid-1.5=135886.0469  sbar_bright_T4a_mid-0.5=1553147.1250  sbar_bright_T4b_mid-0.5=1582620.8750  sbar_bright_T4c_mid-0.5=1572052.8750  sbar_bright_T4d_mid-0.5=1583828.6250  sbar_bright_T5a_mid-0.5=175631.3750  sbar_bright_T5b_mid-0.5=177467.2031  sbar_bright_T5c_mid-0.5=179387.8281  sbar_bright_T5d_mid-0.5=170929.6250  sbar_bright_T4a_mid+0.5=349259.4688  sbar_bright_T4b_mid+0.5=325937.9062  sbar_bright_T4c_mid+0.5=352676.7812  sbar_bright_T4d_mid+0.5=340019.7188  sbar_bright_T5a_mid+0.5=74655.0078  sbar_bright_T5b_mid+0.5=76613.6641  sbar_bright_T5c_mid+0.5=74465.8359  sbar_bright_T5d_mid+0.5=71922.6094  sbar_bright_T4b_mid+1.5=35447.5156  sbar_bright_T4c_mid+1.5=35920.7188  sbar_bright_T4d_mid+1.5=35096.2539  sbar_bright_T5a_mid+1.5=70034.4297  sbar_bright_T5b_mid+1.5=71674.9453  sbar_bright_T5c_mid+1.5=69751.9375  sbar_bright_T5d_mid+1.5=58354.0664  sbar_bright_T4a_mid+1.5=33344.4570  sbar_dark_T4a_mid+0=42158.1562  sbar_dark_T4b_mid+0=40310.7266  sbar_dark_T4c_mid+0=40745.9297  sbar_dark_T4d_mid+0=40471.8984  sbar_dark_T5a_mid+0=752548.5625  sbar_dark_T5b_mid+0=764267.2500  sbar_dark_T5c_mid+0=778602.3750  sbar_dark_T5d_mid+0=819700.6875  sbar_dark_T4a_mid+1=41631.1875  sbar_dark_T4b_mid+1=39075.3125  sbar_dark_T4c_mid+1=36437.6641  sbar_dark_T4d_mid+1=36370.1484  sbar_dark_T5a_mid+1=322915.7500  sbar_dark_T5b_mid+1=358686.5312  sbar_dark_T5c_mid+1=334008.0312  sbar_dark_T5d_mid+1=344604.6875  sbar_dark_T4a_mid+2=39172.9609  sbar_dark_T4b_mid+2=38437.0352  sbar_dark_T4c_mid+2=33386.2852  sbar_dark_T4d_mid+2=40088.8086  sbar_dark_T5a_mid+2=430088.2500  sbar_dark_T5b_mid+2=376312.3438  sbar_dark_T5c_mid+2=415204.8438  sbar_dark_T5d_mid+2=417525.2812  sbar_dark_T4a_mid-1=94579.0078  sbar_dark_T4b_mid-1=103817.0781  sbar_dark_T4c_mid-1=99797.9062  sbar_dark_T4d_mid-1=102093.6953  sbar_dark_T5a_mid-1=2366176.5000  sbar_dark_T5b_mid-1=2317188.7500  sbar_dark_T5c_mid-1=2342752.7500  sbar_dark_T5d_mid-1=2395014.5000  sbar_dark_T4a_mid-2=22117.9375  sbar_dark_T4b_mid-2=17171.4395  sbar_dark_T4c_mid-2=21743.9609  sbar_dark_T4d_mid-2=15204.0986  sbar_dark_T5b_mid-2=1278354.1250  sbar_dark_T5c_mid-2=1217377.5000  sbar_dark_T5d_mid-2=1287482.8750  sbar_dark_T5a_mid-2=1211163.0000  sbar_dark_T4a_mid-1.5=11654.5303  sbar_dark_T4b_mid-1.5=9174.0664  sbar_dark_T4c_mid-1.5=11500.9004  sbar_dark_T4d_mid-1.5=6847.5615  sbar_dark_T5a_mid-1.5=384989.1562  sbar_dark_T5b_mid-1.5=393678.5625  sbar_dark_T5c_mid-1.5=368436.8438  sbar_dark_T5d_mid-1.5=368072.3438  sbar_dark_T4a_mid-0.5=34703.6016  sbar_dark_T4b_mid-0.5=33131.8906  sbar_dark_T4c_mid-0.5=33157.4375  sbar_dark_T4d_mid-0.5=31696.6875  sbar_dark_T5a_mid-0.5=917520.0625  sbar_dark_T5b_mid-0.5=947620.3750  sbar_dark_T5c_mid-0.5=953135.7500  sbar_dark_T5d_mid-0.5=882891.4375  sbar_dark_T4a_mid+0.5=11465.0479  sbar_dark_T4b_mid+0.5=7569.8271  sbar_dark_T4c_mid+0.5=12282.7988  sbar_dark_T4d_mid+0.5=9007.6826  sbar_dark_T5a_mid+0.5=209490.6875  sbar_dark_T5b_mid+0.5=219019.0469  sbar_dark_T5c_mid+0.5=209474.4688  sbar_dark_T5d_mid+0.5=199359.4688  sbar_dark_T4b_mid+1.5=16841.9141  sbar_dark_T4c_mid+1.5=14608.9287  sbar_dark_T4d_mid+1.5=15538.9160  sbar_dark_T5a_mid+1.5=60972.5547  sbar_dark_T5b_mid+1.5=62353.1133  sbar_dark_T5c_mid+1.5=61492.6836  sbar_dark_T5d_mid+1.5=51467.1523  sbar_dark_T4a_mid+1.5=16197.3604]  1%|          | 10/1000 [00:06<10:47,  1.53it/s] Cost: 794551.3750  [spread_bright_L5=5138740.0000  spread_bright_Mi1=4983513.5000  spread_bright_Tm3=2914311.5000  spread_bright_Mi4=7967255.5000  spread_dark_L1=1915606.1250  spread_dark_L2=3344513.5000  spread_dark_L3=4582809.5000  spread_dark_L4=7044177.0000  spread_dark_Mi9=6662749.5000  spread_dark_Tm1=3046724.0000  spread_dark_Tm2=1583025.3750  spread_dark_Tm4=2662896.5000  spread_dark_Tm9=7217511.0000  sbar_bright_T4a_mid+0=1570967.7500  sbar_bright_T4b_mid+0=1593606.7500  sbar_bright_T4c_mid+0=1531514.2500  sbar_bright_T4d_mid+0=1530213.1250  sbar_bright_T5a_mid+0=201320.5469  sbar_bright_T5b_mid+0=196878.2188  sbar_bright_T5c_mid+0=206315.7344  sbar_bright_T5d_mid+0=204475.4688  sbar_bright_T4a_mid+1=347358.9688  sbar_bright_T4b_mid+1=377107.3438  sbar_bright_T4c_mid+1=366788.8750  sbar_bright_T4d_mid+1=368274.5312  sbar_bright_T5a_mid+1=185919.1250  sbar_bright_T5b_mid+1=199125.2812  sbar_bright_T5c_mid+1=188669.7344  sbar_bright_T5d_mid+1=193137.9688  sbar_bright_T4a_mid+2=114777.1016  sbar_bright_T4b_mid+2=114056.5234  sbar_bright_T4c_mid+2=110884.8594  sbar_bright_T4d_mid+2=114849.0938  sbar_bright_T5a_mid+2=333974.8125  sbar_bright_T5b_mid+2=317564.9062  sbar_bright_T5c_mid+2=331197.1562  sbar_bright_T5d_mid+2=333071.3438  sbar_bright_T4a_mid-1=2786530.2500  sbar_bright_T4b_mid-1=2636234.5000  sbar_bright_T4c_mid-1=2768645.2500  sbar_bright_T4d_mid-1=2769969.0000  sbar_bright_T5a_mid-1=443029.1875  sbar_bright_T5b_mid-1=442562.9688  sbar_bright_T5c_mid-1=443240.7188  sbar_bright_T5d_mid-1=443575.5312  sbar_bright_T4a_mid-2=682013.5000  sbar_bright_T4b_mid-2=680652.9375  sbar_bright_T4c_mid-2=679278.2500  sbar_bright_T4d_mid-2=680548.1250  sbar_bright_T5b_mid-2=152273.1250  sbar_bright_T5c_mid-2=151510.3438  sbar_bright_T5d_mid-2=154184.4531  sbar_bright_T5a_mid-2=148334.5000  sbar_bright_T4a_mid-1.5=294473.5000  sbar_bright_T4b_mid-1.5=295137.1250  sbar_bright_T4c_mid-1.5=292751.6250  sbar_bright_T4d_mid-1.5=300314.2812  sbar_bright_T5a_mid-1.5=138877.2969  sbar_bright_T5b_mid-1.5=140895.9375  sbar_bright_T5c_mid-1.5=135573.4375  sbar_bright_T5d_mid-1.5=126059.6328  sbar_bright_T4a_mid-0.5=1583138.6250  sbar_bright_T4b_mid-0.5=1576106.7500  sbar_bright_T4c_mid-0.5=1587576.0000  sbar_bright_T4d_mid-0.5=1593443.8750  sbar_bright_T5a_mid-0.5=175441.6562  sbar_bright_T5b_mid-0.5=176247.1719  sbar_bright_T5c_mid-0.5=175028.7969  sbar_bright_T5d_mid-0.5=174895.2500  sbar_bright_T4a_mid+0.5=347272.3125  sbar_bright_T4b_mid+0.5=337848.0312  sbar_bright_T4c_mid+0.5=342552.6562  sbar_bright_T4d_mid+0.5=342339.5000  sbar_bright_T5a_mid+0.5=74844.6250  sbar_bright_T5b_mid+0.5=74987.1328  sbar_bright_T5c_mid+0.5=75265.3750  sbar_bright_T5d_mid+0.5=75019.5547  sbar_bright_T4b_mid+1.5=34692.3711  sbar_bright_T4c_mid+1.5=34019.5625  sbar_bright_T4d_mid+1.5=34164.0234  sbar_bright_T5a_mid+1.5=70718.9531  sbar_bright_T5b_mid+1.5=72075.3047  sbar_bright_T5c_mid+1.5=70049.8438  sbar_bright_T5d_mid+1.5=63297.0000  sbar_bright_T4a_mid+1.5=30778.3320  sbar_dark_T4a_mid+0=27159.5703  sbar_dark_T4b_mid+0=29608.8809  sbar_dark_T4c_mid+0=28911.6758  sbar_dark_T4d_mid+0=28334.8496  sbar_dark_T5a_mid+0=772005.3125  sbar_dark_T5b_mid+0=752274.2500  sbar_dark_T5c_mid+0=786557.5000  sbar_dark_T5d_mid+0=780000.3125  sbar_dark_T4a_mid+1=31096.7441  sbar_dark_T4b_mid+1=36360.8828  sbar_dark_T4c_mid+1=32495.1172  sbar_dark_T4d_mid+1=32541.3926  sbar_dark_T5a_mid+1=336407.0000  sbar_dark_T5b_mid+1=360217.0938  sbar_dark_T5c_mid+1=341186.5312  sbar_dark_T5d_mid+1=349475.4688  sbar_dark_T4a_mid+2=28798.1777  sbar_dark_T4b_mid+2=29081.3984  sbar_dark_T4c_mid+2=26990.5938  sbar_dark_T4d_mid+2=28824.6426  sbar_dark_T5a_mid+2=414376.5625  sbar_dark_T5b_mid+2=394084.7812  sbar_dark_T5c_mid+2=410759.5625  sbar_dark_T5d_mid+2=413280.2812  sbar_dark_T4a_mid-1=94678.0000  sbar_dark_T4b_mid-1=101431.7109  sbar_dark_T4c_mid-1=97284.7266  sbar_dark_T4d_mid-1=97573.3906  sbar_dark_T5a_mid-1=2327313.0000  sbar_dark_T5b_mid-1=2322024.7500  sbar_dark_T5c_mid-1=2327644.7500  sbar_dark_T5d_mid-1=2332356.7500  sbar_dark_T4a_mid-2=11271.2871  sbar_dark_T4b_mid-2=12550.0967  sbar_dark_T4c_mid-2=11908.7559  sbar_dark_T4d_mid-2=11272.5332  sbar_dark_T5b_mid-2=1238042.5000  sbar_dark_T5c_mid-2=1235221.6250  sbar_dark_T5d_mid-2=1245734.8750  sbar_dark_T5a_mid-2=1201258.3750  sbar_dark_T4a_mid-1.5=6791.3911  sbar_dark_T4b_mid-1.5=7147.5366  sbar_dark_T4c_mid-1.5=6943.6807  sbar_dark_T4d_mid-1.5=6146.7202  sbar_dark_T5a_mid-1.5=380004.9688  sbar_dark_T5b_mid-1.5=385389.7812  sbar_dark_T5c_mid-1.5=370694.9375  sbar_dark_T5d_mid-1.5=344913.1562  sbar_dark_T4a_mid-0.5=30050.0332  sbar_dark_T4b_mid-0.5=31172.0410  sbar_dark_T4c_mid-0.5=30521.7305  sbar_dark_T4d_mid-0.5=29464.2949  sbar_dark_T5a_mid-0.5=944122.5000  sbar_dark_T5b_mid-0.5=949625.6875  sbar_dark_T5c_mid-0.5=941279.4375  sbar_dark_T5d_mid-0.5=939625.0000  sbar_dark_T4a_mid+0.5=9242.7490  sbar_dark_T4b_mid+0.5=8266.4688  sbar_dark_T4c_mid+0.5=8842.4912  sbar_dark_T4d_mid+0.5=8591.7471  sbar_dark_T5a_mid+0.5=217448.6719  sbar_dark_T5b_mid+0.5=217850.0625  sbar_dark_T5c_mid+0.5=218960.9062  sbar_dark_T5d_mid+0.5=218645.2344  sbar_dark_T4b_mid+1.5=13587.5830  sbar_dark_T4c_mid+1.5=13248.0498  sbar_dark_T4d_mid+1.5=14093.2568  sbar_dark_T5a_mid+1.5=60624.1719  sbar_dark_T5b_mid+1.5=61607.0547  sbar_dark_T5c_mid+1.5=60215.6875  sbar_dark_T5d_mid+1.5=54308.6367  sbar_dark_T4a_mid+1.5=12374.1660]:   2%|▏         | 20/1000 [00:13<10:36,  1.54it/s] Cost: 729936.8750  [spread_bright_L5=2238888.7500  spread_bright_Mi1=3878270.0000  spread_bright_Tm3=2412746.2500  spread_bright_Mi4=7729282.0000  spread_dark_L1=2072897.0000  spread_dark_L2=2496200.7500  spread_dark_L3=4039650.5000  spread_dark_L4=6456676.0000  spread_dark_Mi9=6215458.0000  spread_dark_Tm1=2085849.7500  spread_dark_Tm2=1440855.3750  spread_dark_Tm4=1678734.2500  spread_dark_Tm9=6878937.5000  sbar_bright_T4a_mid+0=1491101.0000  sbar_bright_T4b_mid+0=1480152.1250  sbar_bright_T4c_mid+0=1453284.8750  sbar_bright_T4d_mid+0=1458577.0000  sbar_bright_T5a_mid+0=199900.7812  sbar_bright_T5b_mid+0=197682.5781  sbar_bright_T5c_mid+0=216749.0000  sbar_bright_T5d_mid+0=203719.9375  sbar_bright_T4a_mid+1=339102.7500  sbar_bright_T4b_mid+1=359752.8438  sbar_bright_T4c_mid+1=344643.2812  sbar_bright_T4d_mid+1=352996.5000  sbar_bright_T5a_mid+1=188568.7656  sbar_bright_T5b_mid+1=200645.5156  sbar_bright_T5c_mid+1=191003.6875  sbar_bright_T5d_mid+1=192879.7812  sbar_bright_T4a_mid+2=114826.9297  sbar_bright_T4b_mid+2=112451.9531  sbar_bright_T4c_mid+2=105220.5078  sbar_bright_T4d_mid+2=119689.9766  sbar_bright_T5a_mid+2=335944.6875  sbar_bright_T5b_mid+2=313217.4688  sbar_bright_T5c_mid+2=334934.8125  sbar_bright_T5d_mid+2=332683.8125  sbar_bright_T4a_mid-1=2783779.7500  sbar_bright_T4b_mid-1=2618169.2500  sbar_bright_T4c_mid-1=2744317.5000  sbar_bright_T4d_mid-1=2751905.2500  sbar_bright_T5a_mid-1=442276.6250  sbar_bright_T5b_mid-1=443802.3438  sbar_bright_T5c_mid-1=446663.9688  sbar_bright_T5d_mid-1=442589.1562  sbar_bright_T4a_mid-2=681666.1875  sbar_bright_T4b_mid-2=684303.3125  sbar_bright_T4c_mid-2=672403.8125  sbar_bright_T4d_mid-2=667762.2500  sbar_bright_T5b_mid-2=149425.1406  sbar_bright_T5c_mid-2=147129.5000  sbar_bright_T5d_mid-2=153825.3281  sbar_bright_T5a_mid-2=147869.7656  sbar_bright_T4a_mid-1.5=296297.9688  sbar_bright_T4b_mid-1.5=299675.1875  sbar_bright_T4c_mid-1.5=292532.8125  sbar_bright_T4d_mid-1.5=317177.6250  sbar_bright_T5a_mid-1.5=137448.0625  sbar_bright_T5b_mid-1.5=144606.1719  sbar_bright_T5c_mid-1.5=130834.6797  sbar_bright_T5d_mid-1.5=125412.8750  sbar_bright_T4a_mid-0.5=1557834.6250  sbar_bright_T4b_mid-0.5=1544332.5000  sbar_bright_T4c_mid-0.5=1566856.0000  sbar_bright_T4d_mid-0.5=1578605.7500  sbar_bright_T5a_mid-0.5=175626.6719  sbar_bright_T5b_mid-0.5=178408.0781  sbar_bright_T5c_mid-0.5=173671.2812  sbar_bright_T5d_mid-0.5=175480.7812  sbar_bright_T4a_mid+0.5=343138.5312  sbar_bright_T4b_mid+0.5=315071.7500  sbar_bright_T4c_mid+0.5=324204.2500  sbar_bright_T4d_mid+0.5=329692.5312  sbar_bright_T5a_mid+0.5=73640.0625  sbar_bright_T5b_mid+0.5=74394.0234  sbar_bright_T5c_mid+0.5=77338.9141  sbar_bright_T5d_mid+0.5=75165.4688  sbar_bright_T4b_mid+1.5=34935.0977  sbar_bright_T4c_mid+1.5=34114.6445  sbar_bright_T4d_mid+1.5=34246.4297  sbar_bright_T5a_mid+1.5=70778.5547  sbar_bright_T5b_mid+1.5=74861.8516  sbar_bright_T5c_mid+1.5=70583.2031  sbar_bright_T5d_mid+1.5=64121.1992  sbar_bright_T4a_mid+1.5=30686.8320  sbar_dark_T4a_mid+0=16993.0176  sbar_dark_T4b_mid+0=19081.7754  sbar_dark_T4c_mid+0=24941.8848  sbar_dark_T4d_mid+0=22746.3496  sbar_dark_T5a_mid+0=760806.6250  sbar_dark_T5b_mid+0=744858.9375  sbar_dark_T5c_mid+0=814826.6875  sbar_dark_T5d_mid+0=777017.6250  sbar_dark_T4a_mid+1=30468.9668  sbar_dark_T4b_mid+1=36237.9453  sbar_dark_T4c_mid+1=34149.4375  sbar_dark_T4d_mid+1=33189.9258  sbar_dark_T5a_mid+1=339542.0312  sbar_dark_T5b_mid+1=360809.0938  sbar_dark_T5c_mid+1=339477.6250  sbar_dark_T5d_mid+1=348972.9062  sbar_dark_T4a_mid+2=29939.1387  sbar_dark_T4b_mid+2=30127.4473  sbar_dark_T4c_mid+2=27574.6406  sbar_dark_T4d_mid+2=33863.6797  sbar_dark_T5a_mid+2=416804.1562  sbar_dark_T5b_mid+2=388280.5625  sbar_dark_T5c_mid+2=413687.4688  sbar_dark_T5d_mid+2=413010.6562  sbar_dark_T4a_mid-1=90207.4453  sbar_dark_T4b_mid-1=98024.4062  sbar_dark_T4c_mid-1=97721.5312  sbar_dark_T4d_mid-1=99231.3516  sbar_dark_T5a_mid-1=2320174.2500  sbar_dark_T5b_mid-1=2308949.2500  sbar_dark_T5c_mid-1=2328209.2500  sbar_dark_T5d_mid-1=2326544.0000  sbar_dark_T4a_mid-2=12389.5049  sbar_dark_T4b_mid-2=13676.0156  sbar_dark_T4c_mid-2=17694.5332  sbar_dark_T4d_mid-2=15456.3896  sbar_dark_T5b_mid-2=1216343.7500  sbar_dark_T5c_mid-2=1205750.6250  sbar_dark_T5d_mid-2=1244956.6250  sbar_dark_T5a_mid-2=1196923.6250  sbar_dark_T4a_mid-1.5=6966.0869  sbar_dark_T4b_mid-1.5=7674.8037  sbar_dark_T4c_mid-1.5=8161.4209  sbar_dark_T4d_mid-1.5=6011.8252  sbar_dark_T5a_mid-1.5=375420.6562  sbar_dark_T5b_mid-1.5=394545.0000  sbar_dark_T5c_mid-1.5=354809.4062  sbar_dark_T5d_mid-1.5=343280.5312  sbar_dark_T4a_mid-0.5=29268.9277  sbar_dark_T4b_mid-0.5=30307.5254  sbar_dark_T4c_mid-0.5=32127.8027  sbar_dark_T4d_mid-0.5=28012.6602  sbar_dark_T5a_mid-0.5=947047.3125  sbar_dark_T5b_mid-0.5=962301.3125  sbar_dark_T5c_mid-0.5=917882.0625  sbar_dark_T5d_mid-0.5=944946.1250  sbar_dark_T4a_mid+0.5=8879.7705  sbar_dark_T4b_mid+0.5=6399.2461  sbar_dark_T4c_mid+0.5=10445.6660  sbar_dark_T4d_mid+0.5=8086.5679  sbar_dark_T5a_mid+0.5=213184.2656  sbar_dark_T5b_mid+0.5=214580.3281  sbar_dark_T5c_mid+0.5=224279.2812  sbar_dark_T5d_mid+0.5=219263.5312  sbar_dark_T4b_mid+1.5=13351.0176  sbar_dark_T4c_mid+1.5=12374.7725  sbar_dark_T4d_mid+1.5=14568.3701  sbar_dark_T5a_mid+1.5=60781.0195  sbar_dark_T5b_mid+1.5=63970.2188  sbar_dark_T5c_mid+1.5=60932.1445  sbar_dark_T5d_mid+1.5=54991.0898  sbar_dark_T4a_mid+1.5=11716.7031]:   3%|▎         | 30/1000 [00:19<10:28,  1.54it/s] Cost: 673242.7500  [spread_bright_L5=1974672.0000  spread_bright_Mi1=3386287.7500  spread_bright_Tm3=2042274.8750  spread_bright_Mi4=6571041.0000  spread_dark_L1=1572103.0000  spread_dark_L2=2303917.2500  spread_dark_L3=4142001.7500  spread_dark_L4=5445490.5000  spread_dark_Mi9=5267024.5000  spread_dark_Tm1=1364986.6250  spread_dark_Tm2=1251559.1250  spread_dark_Tm4=1431396.7500  spread_dark_Tm9=5982912.5000  sbar_bright_T4a_mid+0=1201645.5000  sbar_bright_T4b_mid+0=1185799.1250  sbar_bright_T4c_mid+0=1190472.3750  sbar_bright_T4d_mid+0=1195046.5000  sbar_bright_T5a_mid+0=186417.7500  sbar_bright_T5b_mid+0=188585.9844  sbar_bright_T5c_mid+0=202908.8438  sbar_bright_T5d_mid+0=197515.7344  sbar_bright_T4a_mid+1=289413.9375  sbar_bright_T4b_mid+1=301452.1562  sbar_bright_T4c_mid+1=256336.5625  sbar_bright_T4d_mid+1=271526.8750  sbar_bright_T5a_mid+1=189468.3281  sbar_bright_T5b_mid+1=198677.5000  sbar_bright_T5c_mid+1=186883.8438  sbar_bright_T5d_mid+1=191588.9062  sbar_bright_T4a_mid+2=107988.3438  sbar_bright_T4b_mid+2=115196.2812  sbar_bright_T4c_mid+2=103181.3984  sbar_bright_T4d_mid+2=104513.7578  sbar_bright_T5a_mid+2=347218.3750  sbar_bright_T5b_mid+2=315289.2812  sbar_bright_T5c_mid+2=333510.7188  sbar_bright_T5d_mid+2=332335.1250  sbar_bright_T4a_mid-1=2669156.0000  sbar_bright_T4b_mid-1=2557068.7500  sbar_bright_T4c_mid-1=2644530.2500  sbar_bright_T4d_mid-1=2676743.5000  sbar_bright_T5a_mid-1=443306.2812  sbar_bright_T5b_mid-1=438116.6562  sbar_bright_T5c_mid-1=439992.7812  sbar_bright_T5d_mid-1=441298.7500  sbar_bright_T4a_mid-2=676722.5625  sbar_bright_T4b_mid-2=681717.5625  sbar_bright_T4c_mid-2=659807.1250  sbar_bright_T4d_mid-2=677484.3750  sbar_bright_T5b_mid-2=149971.9062  sbar_bright_T5c_mid-2=145079.7812  sbar_bright_T5d_mid-2=153444.4375  sbar_bright_T5a_mid-2=150607.7969  sbar_bright_T4a_mid-1.5=293530.1562  sbar_bright_T4b_mid-1.5=293111.6875  sbar_bright_T4c_mid-1.5=289978.1875  sbar_bright_T4d_mid-1.5=296707.2500  sbar_bright_T5a_mid-1.5=138236.7812  sbar_bright_T5b_mid-1.5=142051.5625  sbar_bright_T5c_mid-1.5=133702.8281  sbar_bright_T5d_mid-1.5=125373.8672  sbar_bright_T4a_mid-0.5=1495573.1250  sbar_bright_T4b_mid-0.5=1506474.3750  sbar_bright_T4c_mid-0.5=1537880.6250  sbar_bright_T4d_mid-0.5=1511009.3750  sbar_bright_T5a_mid-0.5=174566.1562  sbar_bright_T5b_mid-0.5=176080.0938  sbar_bright_T5c_mid-0.5=170072.1250  sbar_bright_T5d_mid-0.5=174660.6875  sbar_bright_T4a_mid+0.5=321464.4375  sbar_bright_T4b_mid+0.5=267332.8750  sbar_bright_T4c_mid+0.5=266337.6562  sbar_bright_T4d_mid+0.5=299227.0000  sbar_bright_T5a_mid+0.5=71258.3125  sbar_bright_T5b_mid+0.5=73979.3906  sbar_bright_T5c_mid+0.5=74124.4297  sbar_bright_T5d_mid+0.5=74209.2188  sbar_bright_T4b_mid+1.5=33483.0859  sbar_bright_T4c_mid+1.5=30136.1738  sbar_bright_T4d_mid+1.5=31774.9062  sbar_bright_T5a_mid+1.5=69488.8047  sbar_bright_T5b_mid+1.5=72665.7344  sbar_bright_T5c_mid+1.5=70531.6875  sbar_bright_T5d_mid+1.5=64048.9414  sbar_bright_T4a_mid+1.5=28933.4668  sbar_dark_T4a_mid+0=175767.0469  sbar_dark_T4b_mid+0=127912.5391  sbar_dark_T4c_mid+0=104650.0938  sbar_dark_T4d_mid+0=109265.2812  sbar_dark_T5a_mid+0=708052.6875  sbar_dark_T5b_mid+0=732443.5000  sbar_dark_T5c_mid+0=782247.5625  sbar_dark_T5d_mid+0=766276.3750  sbar_dark_T4a_mid+1=27464.5918  sbar_dark_T4b_mid+1=37241.8438  sbar_dark_T4c_mid+1=42167.8516  sbar_dark_T4d_mid+1=43111.7617  sbar_dark_T5a_mid+1=335761.4375  sbar_dark_T5b_mid+1=358473.5312  sbar_dark_T5c_mid+1=332984.0625  sbar_dark_T5d_mid+1=346459.8125  sbar_dark_T4a_mid+2=28963.2676  sbar_dark_T4b_mid+2=35910.2461  sbar_dark_T4c_mid+2=31675.2578  sbar_dark_T4d_mid+2=26892.8340  sbar_dark_T5a_mid+2=429850.7500  sbar_dark_T5b_mid+2=391817.0312  sbar_dark_T5c_mid+2=412391.3750  sbar_dark_T5d_mid+2=412910.7500  sbar_dark_T4a_mid-1=82817.2812  sbar_dark_T4b_mid-1=87105.0938  sbar_dark_T4c_mid-1=88939.7500  sbar_dark_T4d_mid-1=88096.0938  sbar_dark_T5a_mid-1=2314149.2500  sbar_dark_T5b_mid-1=2306897.2500  sbar_dark_T5c_mid-1=2303456.0000  sbar_dark_T5d_mid-1=2325023.2500  sbar_dark_T4a_mid-2=11947.1963  sbar_dark_T4b_mid-2=16359.2041  sbar_dark_T4c_mid-2=24200.8105  sbar_dark_T4d_mid-2=11552.9229  sbar_dark_T5b_mid-2=1227283.5000  sbar_dark_T5c_mid-2=1203226.5000  sbar_dark_T5d_mid-2=1244668.6250  sbar_dark_T5a_mid-2=1188485.8750  sbar_dark_T4a_mid-1.5=7205.8789  sbar_dark_T4b_mid-1.5=10742.0781  sbar_dark_T4c_mid-1.5=13554.9678  sbar_dark_T4d_mid-1.5=6568.0757  sbar_dark_T5a_mid-1.5=373156.7812  sbar_dark_T5b_mid-1.5=388396.3125  sbar_dark_T5c_mid-1.5=363464.7812  sbar_dark_T5d_mid-1.5=343319.6250  sbar_dark_T4a_mid-0.5=19218.9473  sbar_dark_T4b_mid-0.5=24357.7305  sbar_dark_T4c_mid-0.5=26136.0605  sbar_dark_T4d_mid-0.5=20439.6094  sbar_dark_T5a_mid-0.5=941581.6875  sbar_dark_T5b_mid-0.5=952107.8125  sbar_dark_T5c_mid-0.5=907675.2500  sbar_dark_T5d_mid-0.5=943762.1875  sbar_dark_T4a_mid+0.5=7632.1240  sbar_dark_T4b_mid+0.5=6737.1831  sbar_dark_T4c_mid+0.5=22767.8027  sbar_dark_T4d_mid+0.5=7070.9556  sbar_dark_T5a_mid+0.5=202754.8125  sbar_dark_T5b_mid+0.5=215521.5312  sbar_dark_T5c_mid+0.5=218466.1250  sbar_dark_T5d_mid+0.5=217436.7812  sbar_dark_T4b_mid+1.5=14736.8418  sbar_dark_T4c_mid+1.5=14840.9805  sbar_dark_T4d_mid+1.5=12776.7568  sbar_dark_T5a_mid+1.5=60284.1914  sbar_dark_T5b_mid+1.5=62312.9023  sbar_dark_T5c_mid+1.5=60989.7344  sbar_dark_T5d_mid+1.5=54981.6211  sbar_dark_T4a_mid+1.5=11552.9014]:   4%|▍         | 40/1000 [00:26<10:25,  1.54it/s] Cost: 619839.7500  [spread_bright_L5=2234475.5000  spread_bright_Mi1=2848560.2500  spread_bright_Tm3=1803408.5000  spread_bright_Mi4=4274782.5000  spread_dark_L1=1339107.2500  spread_dark_L2=2991438.2500  spread_dark_L3=4110252.7500  spread_dark_L4=4765693.0000  spread_dark_Mi9=4114657.0000  spread_dark_Tm1=1116071.6250  spread_dark_Tm2=1186823.1250  spread_dark_Tm4=1275547.6250  spread_dark_Tm9=5204036.0000  sbar_bright_T4a_mid+0=1095344.3750  sbar_bright_T4b_mid+0=1032296.3125  sbar_bright_T4c_mid+0=1035809.8750  sbar_bright_T4d_mid+0=1006791.1875  sbar_bright_T5a_mid+0=103683.4219  sbar_bright_T5b_mid+0=152481.2969  sbar_bright_T5c_mid+0=147473.5938  sbar_bright_T5d_mid+0=180049.6719  sbar_bright_T4a_mid+1=257502.0781  sbar_bright_T4b_mid+1=272300.4688  sbar_bright_T4c_mid+1=222844.0781  sbar_bright_T4d_mid+1=249009.3906  sbar_bright_T5a_mid+1=171863.7031  sbar_bright_T5b_mid+1=194543.5312  sbar_bright_T5c_mid+1=172248.1719  sbar_bright_T5d_mid+1=189358.6406  sbar_bright_T4a_mid+2=108090.2500  sbar_bright_T4b_mid+2=100124.9844  sbar_bright_T4c_mid+2=101656.6250  sbar_bright_T4d_mid+2=103519.4141  sbar_bright_T5a_mid+2=337776.7500  sbar_bright_T5b_mid+2=313144.0312  sbar_bright_T5c_mid+2=335051.0000  sbar_bright_T5d_mid+2=332224.7188  sbar_bright_T4a_mid-1=2517398.2500  sbar_bright_T4b_mid-1=2451849.0000  sbar_bright_T4c_mid-1=2530818.0000  sbar_bright_T4d_mid-1=2591267.2500  sbar_bright_T5a_mid-1=415218.6875  sbar_bright_T5b_mid-1=423078.9688  sbar_bright_T5c_mid-1=418740.9062  sbar_bright_T5d_mid-1=438667.1562  sbar_bright_T4a_mid-2=667467.1250  sbar_bright_T4b_mid-2=674892.7500  sbar_bright_T4c_mid-2=653150.3750  sbar_bright_T4d_mid-2=670779.1250  sbar_bright_T5b_mid-2=149972.5781  sbar_bright_T5c_mid-2=138188.6094  sbar_bright_T5d_mid-2=152903.8594  sbar_bright_T5a_mid-2=146580.1719  sbar_bright_T4a_mid-1.5=287837.4375  sbar_bright_T4b_mid-1.5=292386.5312  sbar_bright_T4c_mid-1.5=286141.5312  sbar_bright_T4d_mid-1.5=295444.3125  sbar_bright_T5a_mid-1.5=135007.5312  sbar_bright_T5b_mid-1.5=142389.0938  sbar_bright_T5c_mid-1.5=134199.4375  sbar_bright_T5d_mid-1.5=126714.9766  sbar_bright_T4a_mid-0.5=1429088.5000  sbar_bright_T4b_mid-0.5=1457871.8750  sbar_bright_T4c_mid-0.5=1533081.2500  sbar_bright_T4d_mid-0.5=1448546.2500  sbar_bright_T5a_mid-0.5=161301.7656  sbar_bright_T5b_mid-0.5=172934.7344  sbar_bright_T5c_mid-0.5=156516.7031  sbar_bright_T5d_mid-0.5=171160.6406  sbar_bright_T4a_mid+0.5=309888.4375  sbar_bright_T4b_mid+0.5=266804.5000  sbar_bright_T4c_mid+0.5=236290.7188  sbar_bright_T4d_mid+0.5=288528.5938  sbar_bright_T5a_mid+0.5=66611.2734  sbar_bright_T5b_mid+0.5=70585.3516  sbar_bright_T5c_mid+0.5=63958.1484  sbar_bright_T5d_mid+0.5=70469.0703  sbar_bright_T4b_mid+1.5=32029.5215  sbar_bright_T4c_mid+1.5=30153.7402  sbar_bright_T4d_mid+1.5=31965.2891  sbar_bright_T5a_mid+1.5=69230.6719  sbar_bright_T5b_mid+1.5=71787.1797  sbar_bright_T5c_mid+1.5=71198.2188  sbar_bright_T5d_mid+1.5=62089.3203  sbar_bright_T4a_mid+1.5=28841.5156  sbar_dark_T4a_mid+0=127913.9609  sbar_dark_T4b_mid+0=58457.6250  sbar_dark_T4c_mid+0=48111.6016  sbar_dark_T4d_mid+0=62019.0625  sbar_dark_T5a_mid+0=597328.0000  sbar_dark_T5b_mid+0=648148.2500  sbar_dark_T5c_mid+0=665548.6875  sbar_dark_T5d_mid+0=721057.4375  sbar_dark_T4a_mid+1=29580.0273  sbar_dark_T4b_mid+1=26430.2402  sbar_dark_T4c_mid+1=29948.9512  sbar_dark_T4d_mid+1=36560.6523  sbar_dark_T5a_mid+1=298806.7500  sbar_dark_T5b_mid+1=346233.0312  sbar_dark_T5c_mid+1=288660.6562  sbar_dark_T5d_mid+1=337310.1562  sbar_dark_T4a_mid+2=30650.3340  sbar_dark_T4b_mid+2=28001.3711  sbar_dark_T4c_mid+2=29982.7324  sbar_dark_T4d_mid+2=26537.2910  sbar_dark_T5a_mid+2=421267.8438  sbar_dark_T5b_mid+2=389454.2188  sbar_dark_T5c_mid+2=410462.6250  sbar_dark_T5d_mid+2=412050.1562  sbar_dark_T4a_mid-1=102727.7422  sbar_dark_T4b_mid-1=83133.2500  sbar_dark_T4c_mid-1=87680.5391  sbar_dark_T4d_mid-1=94458.1328  sbar_dark_T5a_mid-1=2273593.7500  sbar_dark_T5b_mid-1=2267755.5000  sbar_dark_T5c_mid-1=2240088.2500  sbar_dark_T5d_mid-1=2325270.2500  sbar_dark_T4a_mid-2=14092.6406  sbar_dark_T4b_mid-2=11049.9902  sbar_dark_T4c_mid-2=17612.2129  sbar_dark_T4d_mid-2=11535.6836  sbar_dark_T5b_mid-2=1224075.7500  sbar_dark_T5c_mid-2=1165137.5000  sbar_dark_T5d_mid-2=1240557.6250  sbar_dark_T5a_mid-2=1188965.8750  sbar_dark_T4a_mid-1.5=8333.0449  sbar_dark_T4b_mid-1.5=7129.0967  sbar_dark_T4c_mid-1.5=11188.4834  sbar_dark_T4d_mid-1.5=6755.1328  sbar_dark_T5a_mid-1.5=370865.3125  sbar_dark_T5b_mid-1.5=389597.0312  sbar_dark_T5c_mid-1.5=361441.7500  sbar_dark_T5d_mid-1.5=346993.9688  sbar_dark_T4a_mid-0.5=18816.7539  sbar_dark_T4b_mid-0.5=22284.4023  sbar_dark_T4c_mid-0.5=22478.3320  sbar_dark_T4d_mid-0.5=23469.7871  sbar_dark_T5a_mid-0.5=909194.6875  sbar_dark_T5b_mid-0.5=946857.1250  sbar_dark_T5c_mid-0.5=863072.0000  sbar_dark_T5d_mid-0.5=927253.0000  sbar_dark_T4a_mid+0.5=9256.5732  sbar_dark_T4b_mid+0.5=8732.7285  sbar_dark_T4c_mid+0.5=9200.7285  sbar_dark_T4d_mid+0.5=9398.3506  sbar_dark_T5a_mid+0.5=197629.4688  sbar_dark_T5b_mid+0.5=206841.6250  sbar_dark_T5c_mid+0.5=200628.6875  sbar_dark_T5d_mid+0.5=206660.0312  sbar_dark_T4b_mid+1.5=12993.4893  sbar_dark_T4c_mid+1.5=13915.1680  sbar_dark_T4d_mid+1.5=12785.4834  sbar_dark_T5a_mid+1.5=60385.9336  sbar_dark_T5b_mid+1.5=61751.5039  sbar_dark_T5c_mid+1.5=62205.1328  sbar_dark_T5d_mid+1.5=53434.0547  sbar_dark_T4a_mid+1.5=12944.6719]:       5%|▌         | 50/1000 [00:32<10:16,  1.54it/s] Cost: 588737.4375  [spread_bright_L5=2158849.2500  spread_bright_Mi1=2753489.2500  spread_bright_Tm3=1478439.5000  spread_bright_Mi4=3711790.2500  spread_dark_L1=1398817.1250  spread_dark_L2=2675773.5000  spread_dark_L3=3770444.7500  spread_dark_L4=4317953.0000  spread_dark_Mi9=3796593.2500  spread_dark_Tm1=1033649.6875  spread_dark_Tm2=1214677.3750  spread_dark_Tm4=1256106.2500  spread_dark_Tm9=4899068.0000  sbar_bright_T4a_mid+0=913393.6250  sbar_bright_T4b_mid+0=918129.1875  sbar_bright_T4c_mid+0=932218.5000  sbar_bright_T4d_mid+0=920877.3125  sbar_bright_T5a_mid+0=65516.6680  sbar_bright_T5b_mid+0=76155.0625  sbar_bright_T5c_mid+0=99351.8594  sbar_bright_T5d_mid+0=88640.8281  sbar_bright_T4a_mid+1=271166.6875  sbar_bright_T4b_mid+1=263997.0312  sbar_bright_T4c_mid+1=218253.4062  sbar_bright_T4d_mid+1=248424.2812  sbar_bright_T5a_mid+1=159704.0312  sbar_bright_T5b_mid+1=179892.2656  sbar_bright_T5c_mid+1=155902.8594  sbar_bright_T5d_mid+1=162468.4844  sbar_bright_T4a_mid+2=110212.1797  sbar_bright_T4b_mid+2=106904.7969  sbar_bright_T4c_mid+2=113687.2734  sbar_bright_T4d_mid+2=107129.5781  sbar_bright_T5a_mid+2=337322.5938  sbar_bright_T5b_mid+2=313689.9375  sbar_bright_T5c_mid+2=327787.4375  sbar_bright_T5d_mid+2=325771.7500  sbar_bright_T4a_mid-1=2512939.0000  sbar_bright_T4b_mid-1=2361423.7500  sbar_bright_T4c_mid-1=2445803.7500  sbar_bright_T4d_mid-1=2551084.5000  sbar_bright_T5a_mid-1=390489.1875  sbar_bright_T5b_mid-1=363609.7188  sbar_bright_T5c_mid-1=381316.1562  sbar_bright_T5d_mid-1=407099.7500  sbar_bright_T4a_mid-2=670188.7500  sbar_bright_T4b_mid-2=670071.1250  sbar_bright_T4c_mid-2=632132.6875  sbar_bright_T4d_mid-2=669083.5000  sbar_bright_T5b_mid-2=146555.7500  sbar_bright_T5c_mid-2=131833.9062  sbar_bright_T5d_mid-2=146923.7031  sbar_bright_T5a_mid-2=141995.6719  sbar_bright_T4a_mid-1.5=286638.3125  sbar_bright_T4b_mid-1.5=286967.2812  sbar_bright_T4c_mid-1.5=279008.3125  sbar_bright_T4d_mid-1.5=294608.5312  sbar_bright_T5a_mid-1.5=134227.7188  sbar_bright_T5b_mid-1.5=140083.1094  sbar_bright_T5c_mid-1.5=131990.2812  sbar_bright_T5d_mid-1.5=125388.7500  sbar_bright_T4a_mid-0.5=1449343.8750  sbar_bright_T4b_mid-0.5=1438032.8750  sbar_bright_T4c_mid-0.5=1529694.1250  sbar_bright_T4d_mid-0.5=1425428.1250  sbar_bright_T5a_mid-0.5=148439.2188  sbar_bright_T5b_mid-0.5=161724.0156  sbar_bright_T5c_mid-0.5=139268.0625  sbar_bright_T5d_mid-0.5=157344.1719  sbar_bright_T4a_mid+0.5=315872.5000  sbar_bright_T4b_mid+0.5=263470.6562  sbar_bright_T4c_mid+0.5=228821.0312  sbar_bright_T4d_mid+0.5=284323.6562  sbar_bright_T5a_mid+0.5=61496.2227  sbar_bright_T5b_mid+0.5=59274.5742  sbar_bright_T5c_mid+0.5=55054.9180  sbar_bright_T5d_mid+0.5=50787.4922  sbar_bright_T4b_mid+1.5=33286.8711  sbar_bright_T4c_mid+1.5=32406.7871  sbar_bright_T4d_mid+1.5=32891.3281  sbar_bright_T5a_mid+1.5=69821.9922  sbar_bright_T5b_mid+1.5=70309.2812  sbar_bright_T5c_mid+1.5=70919.7812  sbar_bright_T5d_mid+1.5=62512.7422  sbar_bright_T4a_mid+1.5=30282.9727  sbar_dark_T4a_mid+0=46003.2578  sbar_dark_T4b_mid+0=47450.6758  sbar_dark_T4c_mid+0=47575.7422  sbar_dark_T4d_mid+0=55308.4648  sbar_dark_T5a_mid+0=633045.0000  sbar_dark_T5b_mid+0=586985.2500  sbar_dark_T5c_mid+0=607387.2500  sbar_dark_T5d_mid+0=624790.4375  sbar_dark_T4a_mid+1=32830.2656  sbar_dark_T4b_mid+1=24897.9922  sbar_dark_T4c_mid+1=35384.4062  sbar_dark_T4d_mid+1=38877.9688  sbar_dark_T5a_mid+1=271930.8750  sbar_dark_T5b_mid+1=320555.6250  sbar_dark_T5c_mid+1=268793.6875  sbar_dark_T5d_mid+1=275463.4062  sbar_dark_T4a_mid+2=29643.1504  sbar_dark_T4b_mid+2=36142.0859  sbar_dark_T4c_mid+2=38174.4883  sbar_dark_T4d_mid+2=26782.5078  sbar_dark_T5a_mid+2=424295.6562  sbar_dark_T5b_mid+2=395763.5938  sbar_dark_T5c_mid+2=408028.8125  sbar_dark_T5d_mid+2=405834.9375  sbar_dark_T4a_mid-1=102142.2578  sbar_dark_T4b_mid-1=88176.7188  sbar_dark_T4c_mid-1=91470.3047  sbar_dark_T4d_mid-1=95176.8750  sbar_dark_T5a_mid-1=2242127.5000  sbar_dark_T5b_mid-1=2186339.0000  sbar_dark_T5c_mid-1=2209028.0000  sbar_dark_T5d_mid-1=2267100.7500  sbar_dark_T4a_mid-2=14015.8643  sbar_dark_T4b_mid-2=14315.6914  sbar_dark_T4c_mid-2=31794.6250  sbar_dark_T4d_mid-2=11320.6494  sbar_dark_T5b_mid-2=1229067.1250  sbar_dark_T5c_mid-2=1166454.6250  sbar_dark_T5d_mid-2=1231606.5000  sbar_dark_T5a_mid-2=1177339.8750  sbar_dark_T4a_mid-1.5=7975.6343  sbar_dark_T4b_mid-1.5=8194.9893  sbar_dark_T4c_mid-1.5=13459.2637  sbar_dark_T4d_mid-1.5=6760.9561  sbar_dark_T5a_mid-1.5=373984.4375  sbar_dark_T5b_mid-1.5=387200.9688  sbar_dark_T5c_mid-1.5=362134.5625  sbar_dark_T5d_mid-1.5=346305.2188  sbar_dark_T4a_mid-0.5=17073.7969  sbar_dark_T4b_mid-0.5=20769.6816  sbar_dark_T4c_mid-0.5=26622.7520  sbar_dark_T4d_mid-0.5=23914.2441  sbar_dark_T5a_mid-0.5=883743.0000  sbar_dark_T5b_mid-0.5=925576.5625  sbar_dark_T5c_mid-0.5=843966.1250  sbar_dark_T5d_mid-0.5=908898.0000  sbar_dark_T4a_mid+0.5=10893.9209  sbar_dark_T4b_mid+0.5=18276.3340  sbar_dark_T4c_mid+0.5=8171.5688  sbar_dark_T4d_mid+0.5=15616.4932  sbar_dark_T5a_mid+0.5=188659.2812  sbar_dark_T5b_mid+0.5=187261.9375  sbar_dark_T5c_mid+0.5=186708.6562  sbar_dark_T5d_mid+0.5=169314.0938  sbar_dark_T4b_mid+1.5=14590.0010  sbar_dark_T4c_mid+1.5=16004.0928  sbar_dark_T4d_mid+1.5=13163.6953  sbar_dark_T5a_mid+1.5=61616.2695  sbar_dark_T5b_mid+1.5=61042.2227  sbar_dark_T5c_mid+1.5=62526.2617  sbar_dark_T5d_mid+1.5=53938.2383  sbar_dark_T4a_mid+1.5=13500.8857]:         6%|▌         | 60/1000 [00:38<10:08,  1.54it/s] Cost: 563769.6875  [spread_bright_L5=1634890.6250  spread_bright_Mi1=2498761.2500  spread_bright_Tm3=1312194.8750  spread_bright_Mi4=3464159.0000  spread_dark_L1=1202208.2500  spread_dark_L2=2700735.7500  spread_dark_L3=3474220.0000  spread_dark_L4=3585038.7500  spread_dark_Mi9=3521172.5000  spread_dark_Tm1=1160570.6250  spread_dark_Tm2=1250212.2500  spread_dark_Tm4=1374197.5000  spread_dark_Tm9=4541592.5000  sbar_bright_T4a_mid+0=841397.6875  sbar_bright_T4b_mid+0=826766.6875  sbar_bright_T4c_mid+0=849968.0625  sbar_bright_T4d_mid+0=844791.5000  sbar_bright_T5a_mid+0=76297.8203  sbar_bright_T5b_mid+0=86970.8125  sbar_bright_T5c_mid+0=99453.7969  sbar_bright_T5d_mid+0=85488.1719  sbar_bright_T4a_mid+1=260077.1406  sbar_bright_T4b_mid+1=249331.6406  sbar_bright_T4c_mid+1=209708.5469  sbar_bright_T4d_mid+1=247908.5781  sbar_bright_T5a_mid+1=159975.6250  sbar_bright_T5b_mid+1=182008.8906  sbar_bright_T5c_mid+1=157268.5938  sbar_bright_T5d_mid+1=151571.0938  sbar_bright_T4a_mid+2=101046.0859  sbar_bright_T4b_mid+2=102048.1641  sbar_bright_T4c_mid+2=104955.2109  sbar_bright_T4d_mid+2=100822.1250  sbar_bright_T5a_mid+2=353287.5000  sbar_bright_T5b_mid+2=309431.3750  sbar_bright_T5c_mid+2=331107.2188  sbar_bright_T5d_mid+2=323830.5312  sbar_bright_T4a_mid-1=2424472.0000  sbar_bright_T4b_mid-1=2269506.0000  sbar_bright_T4c_mid-1=2386790.2500  sbar_bright_T4d_mid-1=2494846.7500  sbar_bright_T5a_mid-1=373821.3750  sbar_bright_T5b_mid-1=330643.3125  sbar_bright_T5c_mid-1=352603.1562  sbar_bright_T5d_mid-1=386929.8750  sbar_bright_T4a_mid-2=662929.1875  sbar_bright_T4b_mid-2=658490.6250  sbar_bright_T4c_mid-2=624900.5000  sbar_bright_T4d_mid-2=658153.1250  sbar_bright_T5b_mid-2=144286.9062  sbar_bright_T5c_mid-2=125243.5156  sbar_bright_T5d_mid-2=143614.7812  sbar_bright_T5a_mid-2=134341.8906  sbar_bright_T4a_mid-1.5=281335.8750  sbar_bright_T4b_mid-1.5=281142.3750  sbar_bright_T4c_mid-1.5=273184.7500  sbar_bright_T4d_mid-1.5=294555.3125  sbar_bright_T5a_mid-1.5=132451.1719  sbar_bright_T5b_mid-1.5=143072.0000  sbar_bright_T5c_mid-1.5=127721.5312  sbar_bright_T5d_mid-1.5=124144.1094  sbar_bright_T4a_mid-0.5=1399795.8750  sbar_bright_T4b_mid-0.5=1411551.5000  sbar_bright_T4c_mid-0.5=1507816.5000  sbar_bright_T4d_mid-0.5=1393533.7500  sbar_bright_T5a_mid-0.5=131377.4219  sbar_bright_T5b_mid-0.5=159147.3125  sbar_bright_T5c_mid-0.5=119712.2891  sbar_bright_T5d_mid-0.5=155601.4219  sbar_bright_T4a_mid+0.5=304893.6875  sbar_bright_T4b_mid+0.5=256887.8906  sbar_bright_T4c_mid+0.5=215706.7344  sbar_bright_T4d_mid+0.5=273745.9062  sbar_bright_T5a_mid+0.5=55332.4922  sbar_bright_T5b_mid+0.5=50312.3125  sbar_bright_T5c_mid+0.5=54951.4375  sbar_bright_T5d_mid+0.5=44982.2812  sbar_bright_T4b_mid+1.5=33288.3984  sbar_bright_T4c_mid+1.5=33205.9531  sbar_bright_T4d_mid+1.5=32770.9023  sbar_bright_T5a_mid+1.5=72258.2969  sbar_bright_T5b_mid+1.5=72889.9141  sbar_bright_T5c_mid+1.5=72917.3672  sbar_bright_T5d_mid+1.5=63044.5078  sbar_bright_T4a_mid+1.5=29594.7012  sbar_dark_T4a_mid+0=97058.5391  sbar_dark_T4b_mid+0=90029.0469  sbar_dark_T4c_mid+0=96144.6875  sbar_dark_T4d_mid+0=108994.0156  sbar_dark_T5a_mid+0=641209.3125  sbar_dark_T5b_mid+0=576874.1250  sbar_dark_T5c_mid+0=592136.3750  sbar_dark_T5d_mid+0=611920.3125  sbar_dark_T4a_mid+1=42313.5938  sbar_dark_T4b_mid+1=25462.9805  sbar_dark_T4c_mid+1=43442.2891  sbar_dark_T4d_mid+1=53602.7031  sbar_dark_T5a_mid+1=259256.6406  sbar_dark_T5b_mid+1=326765.8750  sbar_dark_T5c_mid+1=275410.5312  sbar_dark_T5d_mid+1=249830.2969  sbar_dark_T4a_mid+2=28810.4082  sbar_dark_T4b_mid+2=41966.7969  sbar_dark_T4c_mid+2=36313.2305  sbar_dark_T4d_mid+2=25735.0059  sbar_dark_T5a_mid+2=443920.0000  sbar_dark_T5b_mid+2=395186.2188  sbar_dark_T5c_mid+2=417376.4062  sbar_dark_T5d_mid+2=404495.5938  sbar_dark_T4a_mid-1=109135.2266  sbar_dark_T4b_mid-1=108965.0781  sbar_dark_T4c_mid-1=96485.2656  sbar_dark_T4d_mid-1=102614.7344  sbar_dark_T5a_mid-1=2204810.5000  sbar_dark_T5b_mid-1=2116914.7500  sbar_dark_T5c_mid-1=2169533.7500  sbar_dark_T5d_mid-1=2235632.5000  sbar_dark_T4a_mid-2=18486.7012  sbar_dark_T4b_mid-2=19318.3340  sbar_dark_T4c_mid-2=32722.1602  sbar_dark_T4d_mid-2=12572.3369  sbar_dark_T5b_mid-2=1204226.1250  sbar_dark_T5c_mid-2=1147832.6250  sbar_dark_T5d_mid-2=1223251.2500  sbar_dark_T5a_mid-2=1128927.7500  sbar_dark_T4a_mid-1.5=9859.2754  sbar_dark_T4b_mid-1.5=10258.9092  sbar_dark_T4c_mid-1.5=17282.6914  sbar_dark_T4d_mid-1.5=6927.4438  sbar_dark_T5a_mid-1.5=371416.1562  sbar_dark_T5b_mid-1.5=395953.1562  sbar_dark_T5c_mid-1.5=354263.0000  sbar_dark_T5d_mid-1.5=344413.9062  sbar_dark_T4a_mid-0.5=20259.3359  sbar_dark_T4b_mid-0.5=25578.0488  sbar_dark_T4c_mid-0.5=33545.6914  sbar_dark_T4d_mid-0.5=25359.9453  sbar_dark_T5a_mid-0.5=829515.9375  sbar_dark_T5b_mid-0.5=921632.5625  sbar_dark_T5c_mid-0.5=798809.5625  sbar_dark_T5d_mid-0.5=913254.6875  sbar_dark_T4a_mid+0.5=14735.0020  sbar_dark_T4b_mid+0.5=31529.1934  sbar_dark_T4c_mid+0.5=11433.5244  sbar_dark_T4d_mid+0.5=23140.1191  sbar_dark_T5a_mid+0.5=170870.0938  sbar_dark_T5b_mid+0.5=161604.8438  sbar_dark_T5c_mid+0.5=188298.2500  sbar_dark_T5d_mid+0.5=155033.2812  sbar_dark_T4b_mid+1.5=15832.3857  sbar_dark_T4c_mid+1.5=15430.1113  sbar_dark_T4d_mid+1.5=12981.6562  sbar_dark_T5a_mid+1.5=66170.3281  sbar_dark_T5b_mid+1.5=65373.2656  sbar_dark_T5c_mid+1.5=66456.7891  sbar_dark_T5d_mid+1.5=55570.7656  sbar_dark_T4a_mid+1.5=13407.5273]:   7%|▋         | 70/1000 [00:45<10:02,  1.54it/s] Cost: 546429.1875  [spread_bright_L5=1513873.6250  spread_bright_Mi1=2291004.0000  spread_bright_Tm3=1267697.2500  spread_bright_Mi4=3231017.0000  spread_dark_L1=1119420.3750  spread_dark_L2=2415161.7500  spread_dark_L3=3498703.2500  spread_dark_L4=3330812.0000  spread_dark_Mi9=3153135.2500  spread_dark_Tm1=1245507.5000  spread_dark_Tm2=1217905.8750  spread_dark_Tm4=1436159.6250  spread_dark_Tm9=4087763.7500  sbar_bright_T4a_mid+0=788283.1250  sbar_bright_T4b_mid+0=787911.3750  sbar_bright_T4c_mid+0=803696.1875  sbar_bright_T4d_mid+0=787922.5000  sbar_bright_T5a_mid+0=83853.9766  sbar_bright_T5b_mid+0=97385.0547  sbar_bright_T5c_mid+0=104850.5234  sbar_bright_T5d_mid+0=95047.8281  sbar_bright_T4a_mid+1=253597.3750  sbar_bright_T4b_mid+1=233945.4219  sbar_bright_T4c_mid+1=208875.0156  sbar_bright_T4d_mid+1=243039.7969  sbar_bright_T5a_mid+1=160557.0938  sbar_bright_T5b_mid+1=182050.0469  sbar_bright_T5c_mid+1=157164.3125  sbar_bright_T5d_mid+1=157009.9062  sbar_bright_T4a_mid+2=98720.9062  sbar_bright_T4b_mid+2=95661.8516  sbar_bright_T4c_mid+2=98416.4531  sbar_bright_T4d_mid+2=98890.9922  sbar_bright_T5a_mid+2=352100.3750  sbar_bright_T5b_mid+2=312923.7188  sbar_bright_T5c_mid+2=330471.9688  sbar_bright_T5d_mid+2=325855.6875  sbar_bright_T4a_mid-1=2367251.2500  sbar_bright_T4b_mid-1=2230114.2500  sbar_bright_T4c_mid-1=2372634.5000  sbar_bright_T4d_mid-1=2454973.2500  sbar_bright_T5a_mid-1=372487.3438  sbar_bright_T5b_mid-1=322165.9062  sbar_bright_T5c_mid-1=342320.0312  sbar_bright_T5d_mid-1=384649.1250  sbar_bright_T4a_mid-2=657561.5000  sbar_bright_T4b_mid-2=653018.0000  sbar_bright_T4c_mid-2=617012.3125  sbar_bright_T4d_mid-2=653240.1250  sbar_bright_T5b_mid-2=144935.0000  sbar_bright_T5c_mid-2=128240.4531  sbar_bright_T5d_mid-2=145286.1719  sbar_bright_T5a_mid-2=136994.0312  sbar_bright_T4a_mid-1.5=279068.6562  sbar_bright_T4b_mid-1.5=281626.2188  sbar_bright_T4c_mid-1.5=271870.2500  sbar_bright_T4d_mid-1.5=294656.3438  sbar_bright_T5a_mid-1.5=132718.8281  sbar_bright_T5b_mid-1.5=141661.4375  sbar_bright_T5c_mid-1.5=127474.2188  sbar_bright_T5d_mid-1.5=124188.1250  sbar_bright_T4a_mid-0.5=1359557.1250  sbar_bright_T4b_mid-0.5=1386209.6250  sbar_bright_T4c_mid-0.5=1486970.3750  sbar_bright_T4d_mid-0.5=1374247.8750  sbar_bright_T5a_mid-0.5=128965.9141  sbar_bright_T5b_mid-0.5=153970.5312  sbar_bright_T5c_mid-0.5=118189.5078  sbar_bright_T5d_mid-0.5=157237.3906  sbar_bright_T4a_mid+0.5=299702.5000  sbar_bright_T4b_mid+0.5=242706.5469  sbar_bright_T4c_mid+0.5=212093.9375  sbar_bright_T4d_mid+0.5=258946.1875  sbar_bright_T5a_mid+0.5=55513.5508  sbar_bright_T5b_mid+0.5=50515.8984  sbar_bright_T5c_mid+0.5=56185.3906  sbar_bright_T5d_mid+0.5=50032.9492  sbar_bright_T4b_mid+1.5=32773.8516  sbar_bright_T4c_mid+1.5=33216.8203  sbar_bright_T4d_mid+1.5=32958.2891  sbar_bright_T5a_mid+1.5=72014.5625  sbar_bright_T5b_mid+1.5=73061.9297  sbar_bright_T5c_mid+1.5=74404.3125  sbar_bright_T5d_mid+1.5=62852.4297  sbar_bright_T4a_mid+1.5=29333.9180  sbar_dark_T4a_mid+0=115363.1328  sbar_dark_T4b_mid+0=103458.3984  sbar_dark_T4c_mid+0=104820.2734  sbar_dark_T4d_mid+0=127009.6172  sbar_dark_T5a_mid+0=649474.7500  sbar_dark_T5b_mid+0=572195.1250  sbar_dark_T5c_mid+0=574489.7500  sbar_dark_T5d_mid+0=600731.2500  sbar_dark_T4a_mid+1=51933.7930  sbar_dark_T4b_mid+1=23003.8516  sbar_dark_T4c_mid+1=44714.2383  sbar_dark_T4d_mid+1=60824.5508  sbar_dark_T5a_mid+1=243704.1406  sbar_dark_T5b_mid+1=322376.5000  sbar_dark_T5c_mid+1=267539.8438  sbar_dark_T5d_mid+1=238699.0781  sbar_dark_T4a_mid+2=30440.0332  sbar_dark_T4b_mid+2=46762.3047  sbar_dark_T4c_mid+2=35194.2578  sbar_dark_T4d_mid+2=25099.5859  sbar_dark_T5a_mid+2=437717.5625  sbar_dark_T5b_mid+2=400235.0625  sbar_dark_T5c_mid+2=414602.8125  sbar_dark_T5d_mid+2=401499.2188  sbar_dark_T4a_mid-1=109253.0312  sbar_dark_T4b_mid-1=119281.8203  sbar_dark_T4c_mid-1=93340.3047  sbar_dark_T4d_mid-1=106062.2969  sbar_dark_T5a_mid-1=2180746.0000  sbar_dark_T5b_mid-1=2048249.1250  sbar_dark_T5c_mid-1=2106304.2500  sbar_dark_T5d_mid-1=2208862.5000  sbar_dark_T4a_mid-2=19239.2812  sbar_dark_T4b_mid-2=19276.4199  sbar_dark_T4c_mid-2=30249.1465  sbar_dark_T4d_mid-2=13057.2295  sbar_dark_T5b_mid-2=1203580.2500  sbar_dark_T5c_mid-2=1155410.6250  sbar_dark_T5d_mid-2=1218037.5000  sbar_dark_T5a_mid-2=1124308.8750  sbar_dark_T4a_mid-1.5=10387.0898  sbar_dark_T4b_mid-1.5=9398.9961  sbar_dark_T4c_mid-1.5=16496.2461  sbar_dark_T4d_mid-1.5=6844.4146  sbar_dark_T5a_mid-1.5=374604.0000  sbar_dark_T5b_mid-1.5=395902.7812  sbar_dark_T5c_mid-1.5=358248.5938  sbar_dark_T5d_mid-1.5=345648.8125  sbar_dark_T4a_mid-0.5=20950.6875  sbar_dark_T4b_mid-0.5=26921.9648  sbar_dark_T4c_mid-0.5=35147.6562  sbar_dark_T4d_mid-0.5=26021.2949  sbar_dark_T5a_mid-0.5=785874.8750  sbar_dark_T5b_mid-0.5=896562.9375  sbar_dark_T5c_mid-0.5=766033.0000  sbar_dark_T5d_mid-0.5=922760.5625  sbar_dark_T4a_mid+0.5=17729.2578  sbar_dark_T4b_mid+0.5=35987.0234  sbar_dark_T4c_mid+0.5=13844.5947  sbar_dark_T4d_mid+0.5=25901.0176  sbar_dark_T5a_mid+0.5=158627.2344  sbar_dark_T5b_mid+0.5=145258.7031  sbar_dark_T5c_mid+0.5=188283.3438  sbar_dark_T5d_mid+0.5=146097.2344  sbar_dark_T4b_mid+1.5=14086.6406  sbar_dark_T4c_mid+1.5=14052.9609  sbar_dark_T4d_mid+1.5=12862.1406  sbar_dark_T5a_mid+1.5=66060.9453  sbar_dark_T5b_mid+1.5=65190.9844  sbar_dark_T5c_mid+1.5=68446.1172  sbar_dark_T5d_mid+1.5=54893.8086  sbar_dark_T4a_mid+1.5=12906.3330]:   8%|▊         | 80/1000 [00:51<09:57,  1.54it/s] Cost: 533223.8750  [spread_bright_L5=1486934.0000  spread_bright_Mi1=2147865.2500  spread_bright_Tm3=1304386.3750  spread_bright_Mi4=2968308.7500  spread_dark_L1=1092449.8750  spread_dark_L2=2282676.2500  spread_dark_L3=3268581.0000  spread_dark_L4=3272797.0000  spread_dark_Mi9=2907063.7500  spread_dark_Tm1=1109696.2500  spread_dark_Tm2=1202713.8750  spread_dark_Tm4=1390697.5000  spread_dark_Tm9=3831691.7500  sbar_bright_T4a_mid+0=745800.0000  sbar_bright_T4b_mid+0=749621.8750  sbar_bright_T4c_mid+0=763191.0000  sbar_bright_T4d_mid+0=748729.6875  sbar_bright_T5a_mid+0=94975.2188  sbar_bright_T5b_mid+0=111825.6562  sbar_bright_T5c_mid+0=109226.9062  sbar_bright_T5d_mid+0=108425.7266  sbar_bright_T4a_mid+1=260068.4375  sbar_bright_T4b_mid+1=237527.0938  sbar_bright_T4c_mid+1=216237.1250  sbar_bright_T4d_mid+1=250474.6406  sbar_bright_T5a_mid+1=158795.5938  sbar_bright_T5b_mid+1=182919.5312  sbar_bright_T5c_mid+1=156276.2500  sbar_bright_T5d_mid+1=161257.5000  sbar_bright_T4a_mid+2=102346.7188  sbar_bright_T4b_mid+2=101215.6016  sbar_bright_T4c_mid+2=101651.2969  sbar_bright_T4d_mid+2=102669.0859  sbar_bright_T5a_mid+2=342640.1562  sbar_bright_T5b_mid+2=316308.4062  sbar_bright_T5c_mid+2=327700.9062  sbar_bright_T5d_mid+2=329178.3750  sbar_bright_T4a_mid-1=2346990.2500  sbar_bright_T4b_mid-1=2167323.0000  sbar_bright_T4c_mid-1=2337048.5000  sbar_bright_T4d_mid-1=2433716.0000  sbar_bright_T5a_mid-1=372629.4375  sbar_bright_T5b_mid-1=317985.9375  sbar_bright_T5c_mid-1=335187.6875  sbar_bright_T5d_mid-1=386198.0625  sbar_bright_T4a_mid-2=655619.9375  sbar_bright_T4b_mid-2=644768.6875  sbar_bright_T4c_mid-2=611071.6250  sbar_bright_T4d_mid-2=650412.6250  sbar_bright_T5b_mid-2=145794.6250  sbar_bright_T5c_mid-2=133466.2344  sbar_bright_T5d_mid-2=146562.4688  sbar_bright_T5a_mid-2=140009.8281  sbar_bright_T4a_mid-1.5=279014.9062  sbar_bright_T4b_mid-1.5=277339.4688  sbar_bright_T4c_mid-1.5=269546.2812  sbar_bright_T4d_mid-1.5=294212.0625  sbar_bright_T5a_mid-1.5=133330.2656  sbar_bright_T5b_mid-1.5=140962.0625  sbar_bright_T5c_mid-1.5=130453.3750  sbar_bright_T5d_mid-1.5=124322.9766  sbar_bright_T4a_mid-0.5=1365115.8750  sbar_bright_T4b_mid-0.5=1372936.3750  sbar_bright_T4c_mid-0.5=1483505.6250  sbar_bright_T4d_mid-0.5=1366686.3750  sbar_bright_T5a_mid-0.5=125795.6875  sbar_bright_T5b_mid-0.5=151289.7344  sbar_bright_T5c_mid-0.5=117816.6094  sbar_bright_T5d_mid-0.5=159913.8438  sbar_bright_T4a_mid+0.5=306485.5000  sbar_bright_T4b_mid+0.5=247619.2812  sbar_bright_T4c_mid+0.5=212499.1719  sbar_bright_T4d_mid+0.5=265062.7812  sbar_bright_T5a_mid+0.5=54487.8594  sbar_bright_T5b_mid+0.5=51397.2188  sbar_bright_T5c_mid+0.5=58038.1406  sbar_bright_T5d_mid+0.5=53797.0742  sbar_bright_T4b_mid+1.5=33549.8711  sbar_bright_T4c_mid+1.5=34564.7188  sbar_bright_T4d_mid+1.5=33521.6719  sbar_bright_T5a_mid+1.5=71803.6719  sbar_bright_T5b_mid+1.5=73216.2109  sbar_bright_T5c_mid+1.5=73776.8594  sbar_bright_T5d_mid+1.5=63057.7812  sbar_bright_T4a_mid+1.5=30258.7578  sbar_dark_T4a_mid+0=96887.2031  sbar_dark_T4b_mid+0=97217.2188  sbar_dark_T4c_mid+0=88920.4531  sbar_dark_T4d_mid+0=104478.3281  sbar_dark_T5a_mid+0=636659.4375  sbar_dark_T5b_mid+0=569315.8125  sbar_dark_T5c_mid+0=557040.8750  sbar_dark_T5d_mid+0=584955.0625  sbar_dark_T4a_mid+1=51185.5898  sbar_dark_T4b_mid+1=23915.3301  sbar_dark_T4c_mid+1=43880.4258  sbar_dark_T4d_mid+1=57223.9453  sbar_dark_T5a_mid+1=237447.5312  sbar_dark_T5b_mid+1=319450.5000  sbar_dark_T5c_mid+1=257619.1406  sbar_dark_T5d_mid+1=241723.7031  sbar_dark_T4a_mid+2=31056.5449  sbar_dark_T4b_mid+2=48998.5156  sbar_dark_T4c_mid+2=36124.1172  sbar_dark_T4d_mid+2=25658.6055  sbar_dark_T5a_mid+2=422700.1250  sbar_dark_T5b_mid+2=402603.8750  sbar_dark_T5c_mid+2=407203.7500  sbar_dark_T5d_mid+2=400899.3438  sbar_dark_T4a_mid-1=110429.0625  sbar_dark_T4b_mid-1=119490.8672  sbar_dark_T4c_mid-1=90100.6016  sbar_dark_T4d_mid-1=103123.0625  sbar_dark_T5a_mid-1=2162195.2500  sbar_dark_T5b_mid-1=2013330.2500  sbar_dark_T5c_mid-1=2070569.0000  sbar_dark_T5d_mid-1=2192068.7500  sbar_dark_T4a_mid-2=19332.8730  sbar_dark_T4b_mid-2=22164.1309  sbar_dark_T4c_mid-2=35328.0469  sbar_dark_T4d_mid-2=12874.4424  sbar_dark_T5b_mid-2=1197913.5000  sbar_dark_T5c_mid-2=1171806.1250  sbar_dark_T5d_mid-2=1212232.1250  sbar_dark_T5a_mid-2=1128914.2500  sbar_dark_T4a_mid-1.5=10202.1875  sbar_dark_T4b_mid-1.5=10965.2998  sbar_dark_T4c_mid-1.5=16782.9707  sbar_dark_T4d_mid-1.5=6833.7222  sbar_dark_T5a_mid-1.5=376229.5312  sbar_dark_T5b_mid-1.5=394600.2500  sbar_dark_T5c_mid-1.5=368856.4062  sbar_dark_T5d_mid-1.5=345597.3750  sbar_dark_T4a_mid-0.5=19293.2910  sbar_dark_T4b_mid-0.5=26611.4141  sbar_dark_T4c_mid-0.5=34094.5117  sbar_dark_T4d_mid-0.5=25781.4922  sbar_dark_T5a_mid-0.5=760748.8125  sbar_dark_T5b_mid-0.5=882251.7500  sbar_dark_T5c_mid-0.5=752565.0000  sbar_dark_T5d_mid-0.5=929731.9375  sbar_dark_T4a_mid+0.5=17643.7305  sbar_dark_T4b_mid+0.5=38815.4531  sbar_dark_T4c_mid+0.5=11972.0850  sbar_dark_T4d_mid+0.5=25487.3320  sbar_dark_T5a_mid+0.5=152255.6250  sbar_dark_T5b_mid+0.5=137675.2656  sbar_dark_T5c_mid+0.5=190134.5781  sbar_dark_T5d_mid+0.5=142548.6250  sbar_dark_T4b_mid+1.5=15093.6787  sbar_dark_T4c_mid+1.5=14563.2607  sbar_dark_T4d_mid+1.5=13410.0322  sbar_dark_T5a_mid+1.5=65417.4375  sbar_dark_T5b_mid+1.5=64639.7148  sbar_dark_T5c_mid+1.5=67509.1797  sbar_dark_T5d_mid+1.5=54078.2500  sbar_dark_T4a_mid+1.5=13599.7344]:   9%|▉         | 90/1000 [00:58<09:50,  1.54it/s] Cost: 522626.5625  [spread_bright_L5=1453594.0000  spread_bright_Mi1=2048293.0000  spread_bright_Tm3=1324335.0000  spread_bright_Mi4=2914664.5000  spread_dark_L1=1005444.8750  spread_dark_L2=1970918.3750  spread_dark_L3=3045736.5000  spread_dark_L4=3112985.5000  spread_dark_Mi9=2708396.7500  spread_dark_Tm1=1231937.3750  spread_dark_Tm2=1271447.6250  spread_dark_Tm4=1432558.0000  spread_dark_Tm9=3525808.0000  sbar_bright_T4a_mid+0=722700.7500  sbar_bright_T4b_mid+0=716374.4375  sbar_bright_T4c_mid+0=743545.6250  sbar_bright_T4d_mid+0=718363.7500  sbar_bright_T5a_mid+0=95173.4609  sbar_bright_T5b_mid+0=115619.2500  sbar_bright_T5c_mid+0=113450.5469  sbar_bright_T5d_mid+0=111306.6484  sbar_bright_T4a_mid+1=254367.3750  sbar_bright_T4b_mid+1=233339.7188  sbar_bright_T4c_mid+1=212176.6250  sbar_bright_T4d_mid+1=246786.4844  sbar_bright_T5a_mid+1=168958.5781  sbar_bright_T5b_mid+1=182519.4062  sbar_bright_T5c_mid+1=159539.3750  sbar_bright_T5d_mid+1=162517.5312  sbar_bright_T4a_mid+2=97960.1719  sbar_bright_T4b_mid+2=96173.7578  sbar_bright_T4c_mid+2=95460.2969  sbar_bright_T4d_mid+2=97079.8672  sbar_bright_T5a_mid+2=350077.4375  sbar_bright_T5b_mid+2=318110.8438  sbar_bright_T5c_mid+2=331862.3125  sbar_bright_T5d_mid+2=332880.9375  sbar_bright_T4a_mid-1=2317211.7500  sbar_bright_T4b_mid-1=2099637.2500  sbar_bright_T4c_mid-1=2312271.2500  sbar_bright_T4d_mid-1=2405423.5000  sbar_bright_T5a_mid-1=363141.1250  sbar_bright_T5b_mid-1=305984.6562  sbar_bright_T5c_mid-1=322014.9375  sbar_bright_T5d_mid-1=378363.5000  sbar_bright_T4a_mid-2=656196.0000  sbar_bright_T4b_mid-2=636773.7500  sbar_bright_T4c_mid-2=612184.0000  sbar_bright_T4d_mid-2=644737.6875  sbar_bright_T5b_mid-2=146014.6094  sbar_bright_T5c_mid-2=131942.9375  sbar_bright_T5d_mid-2=145891.0938  sbar_bright_T5a_mid-2=138850.9219  sbar_bright_T4a_mid-1.5=279323.5312  sbar_bright_T4b_mid-1.5=274042.0938  sbar_bright_T4c_mid-1.5=270621.7812  sbar_bright_T4d_mid-1.5=294045.7188  sbar_bright_T5a_mid-1.5=132616.8125  sbar_bright_T5b_mid-1.5=141275.1250  sbar_bright_T5c_mid-1.5=128770.7656  sbar_bright_T5d_mid-1.5=124200.5703  sbar_bright_T4a_mid-0.5=1335512.6250  sbar_bright_T4b_mid-0.5=1348002.3750  sbar_bright_T4c_mid-0.5=1464086.8750  sbar_bright_T4d_mid-0.5=1352959.1250  sbar_bright_T5a_mid-0.5=119651.3594  sbar_bright_T5b_mid-0.5=147826.5781  sbar_bright_T5c_mid-0.5=110480.2656  sbar_bright_T5d_mid-0.5=158560.3438  sbar_bright_T4a_mid+0.5=296808.0000  sbar_bright_T4b_mid+0.5=232064.1875  sbar_bright_T4c_mid+0.5=204348.7344  sbar_bright_T4d_mid+0.5=251805.3281  sbar_bright_T5a_mid+0.5=52683.0977  sbar_bright_T5b_mid+0.5=51478.7305  sbar_bright_T5c_mid+0.5=58614.9609  sbar_bright_T5d_mid+0.5=55199.1719  sbar_bright_T4b_mid+1.5=33414.8711  sbar_bright_T4c_mid+1.5=34571.4688  sbar_bright_T4d_mid+1.5=33299.4844  sbar_bright_T5a_mid+1.5=73425.1328  sbar_bright_T5b_mid+1.5=75042.7266  sbar_bright_T5c_mid+1.5=75809.7734  sbar_bright_T5d_mid+1.5=63693.4805  sbar_bright_T4a_mid+1.5=29743.2734  sbar_dark_T4a_mid+0=104948.5391  sbar_dark_T4b_mid+0=103403.7266  sbar_dark_T4c_mid+0=103828.8047  sbar_dark_T4d_mid+0=118126.4922  sbar_dark_T5a_mid+0=653239.3750  sbar_dark_T5b_mid+0=583877.3125  sbar_dark_T5c_mid+0=561788.1875  sbar_dark_T5d_mid+0=588401.5625  sbar_dark_T4a_mid+1=57442.3359  sbar_dark_T4b_mid+1=24755.7754  sbar_dark_T4c_mid+1=48462.6992  sbar_dark_T4d_mid+1=66723.9297  sbar_dark_T5a_mid+1=261502.4219  sbar_dark_T5b_mid+1=321255.4375  sbar_dark_T5c_mid+1=263746.4688  sbar_dark_T5d_mid+1=253692.3125  sbar_dark_T4a_mid+2=31301.2734  sbar_dark_T4b_mid+2=55631.5234  sbar_dark_T4c_mid+2=35132.3789  sbar_dark_T4d_mid+2=24881.5039  sbar_dark_T5a_mid+2=429198.3125  sbar_dark_T5b_mid+2=405587.7500  sbar_dark_T5c_mid+2=410704.5000  sbar_dark_T5d_mid+2=402062.4688  sbar_dark_T4a_mid-1=112885.7656  sbar_dark_T4b_mid-1=138236.1875  sbar_dark_T4c_mid-1=89648.4844  sbar_dark_T4d_mid-1=106069.7969  sbar_dark_T5a_mid-1=2140952.0000  sbar_dark_T5b_mid-1=1990888.5000  sbar_dark_T5c_mid-1=2034845.1250  sbar_dark_T5d_mid-1=2176788.2500  sbar_dark_T4a_mid-2=18921.3418  sbar_dark_T4b_mid-2=27016.7207  sbar_dark_T4c_mid-2=31462.5332  sbar_dark_T4d_mid-2=13119.7412  sbar_dark_T5b_mid-2=1188645.8750  sbar_dark_T5c_mid-2=1163723.8750  sbar_dark_T5d_mid-2=1207288.1250  sbar_dark_T5a_mid-2=1107246.8750  sbar_dark_T4a_mid-1.5=9935.3164  sbar_dark_T4b_mid-1.5=12727.0752  sbar_dark_T4c_mid-1.5=16191.2539  sbar_dark_T4d_mid-1.5=6873.7808  sbar_dark_T5a_mid-1.5=375724.2188  sbar_dark_T5b_mid-1.5=396830.9688  sbar_dark_T5c_mid-1.5=366119.4062  sbar_dark_T5d_mid-1.5=345738.5938  sbar_dark_T4a_mid-0.5=23528.3789  sbar_dark_T4b_mid-0.5=31225.8633  sbar_dark_T4c_mid-0.5=42225.6484  sbar_dark_T4d_mid-0.5=25699.8750  sbar_dark_T5a_mid-0.5=728714.3750  sbar_dark_T5b_mid-0.5=869624.0625  sbar_dark_T5c_mid-0.5=726907.1875  sbar_dark_T5d_mid-0.5=935953.4375  sbar_dark_T4a_mid+0.5=20303.6211  sbar_dark_T4b_mid+0.5=48754.8359  sbar_dark_T4c_mid+0.5=14329.1016  sbar_dark_T4d_mid+0.5=31661.4375  sbar_dark_T5a_mid+0.5=147048.8594  sbar_dark_T5b_mid+0.5=129941.4766  sbar_dark_T5c_mid+0.5=193675.6094  sbar_dark_T5d_mid+0.5=139763.0781  sbar_dark_T4b_mid+1.5=14817.7734  sbar_dark_T4c_mid+1.5=13297.4062  sbar_dark_T4d_mid+1.5=12982.6299  sbar_dark_T5a_mid+1.5=67485.0156  sbar_dark_T5b_mid+1.5=66544.6406  sbar_dark_T5c_mid+1.5=69944.1406  sbar_dark_T5d_mid+1.5=54869.5742  sbar_dark_T4a_mid+1.5=12418.4326]:    10%|█         | 100/1000 [01:04<09:42,  1.54it/s] Cost: 513858.5000  [spread_bright_L5=1468330.3750  spread_bright_Mi1=1961208.0000  spread_bright_Tm3=1371824.5000  spread_bright_Mi4=2724100.5000  spread_dark_L1=1017371.7500  spread_dark_L2=1722943.2500  spread_dark_L3=2934856.0000  spread_dark_L4=3014797.0000  spread_dark_Mi9=2373647.0000  spread_dark_Tm1=1388532.3750  spread_dark_Tm2=1359346.5000  spread_dark_Tm4=1503857.3750  spread_dark_Tm9=3129846.0000  sbar_bright_T4a_mid+0=679902.1250  sbar_bright_T4b_mid+0=682494.9375  sbar_bright_T4c_mid+0=704249.4375  sbar_bright_T4d_mid+0=693679.0000  sbar_bright_T5a_mid+0=93968.3203  sbar_bright_T5b_mid+0=114692.2422  sbar_bright_T5c_mid+0=119450.0312  sbar_bright_T5d_mid+0=114963.5703  sbar_bright_T4a_mid+1=263300.6875  sbar_bright_T4b_mid+1=248251.7188  sbar_bright_T4c_mid+1=224986.6562  sbar_bright_T4d_mid+1=252178.5000  sbar_bright_T5a_mid+1=178708.6094  sbar_bright_T5b_mid+1=181429.9062  sbar_bright_T5c_mid+1=163244.5312  sbar_bright_T5d_mid+1=168519.3125  sbar_bright_T4a_mid+2=99083.1562  sbar_bright_T4b_mid+2=98854.4297  sbar_bright_T4c_mid+2=95879.7188  sbar_bright_T4d_mid+2=100061.2266  sbar_bright_T5a_mid+2=352320.1875  sbar_bright_T5b_mid+2=322615.5000  sbar_bright_T5c_mid+2=336732.1562  sbar_bright_T5d_mid+2=337747.3125  sbar_bright_T4a_mid-1=2317642.7500  sbar_bright_T4b_mid-1=2022538.8750  sbar_bright_T4c_mid-1=2280655.5000  sbar_bright_T4d_mid-1=2380345.5000  sbar_bright_T5a_mid-1=357143.3750  sbar_bright_T5b_mid-1=304973.7188  sbar_bright_T5c_mid-1=317706.7812  sbar_bright_T5d_mid-1=374363.9688  sbar_bright_T4a_mid-2=648545.4375  sbar_bright_T4b_mid-2=617877.8750  sbar_bright_T4c_mid-2=600994.1250  sbar_bright_T4d_mid-2=638221.0625  sbar_bright_T5b_mid-2=146596.5156  sbar_bright_T5c_mid-2=131208.0625  sbar_bright_T5d_mid-2=146661.4688  sbar_bright_T5a_mid-2=141883.1875  sbar_bright_T4a_mid-1.5=278277.6875  sbar_bright_T4b_mid-1.5=271122.3125  sbar_bright_T4c_mid-1.5=265090.5312  sbar_bright_T4d_mid-1.5=294707.8438  sbar_bright_T5a_mid-1.5=133368.7344  sbar_bright_T5b_mid-1.5=140505.4062  sbar_bright_T5c_mid-1.5=128738.0156  sbar_bright_T5d_mid-1.5=124570.1250  sbar_bright_T4a_mid-0.5=1333541.5000  sbar_bright_T4b_mid-0.5=1355122.5000  sbar_bright_T4c_mid-0.5=1443029.8750  sbar_bright_T4d_mid-0.5=1355834.0000  sbar_bright_T5a_mid-0.5=122110.5078  sbar_bright_T5b_mid-0.5=147142.9688  sbar_bright_T5c_mid-0.5=107979.5625  sbar_bright_T5d_mid-0.5=156317.7500  sbar_bright_T4a_mid+0.5=307329.0312  sbar_bright_T4b_mid+0.5=239727.6875  sbar_bright_T4c_mid+0.5=207560.1875  sbar_bright_T4d_mid+0.5=249789.7812  sbar_bright_T5a_mid+0.5=53566.6016  sbar_bright_T5b_mid+0.5=53792.2109  sbar_bright_T5c_mid+0.5=58902.5234  sbar_bright_T5d_mid+0.5=56679.9141  sbar_bright_T4b_mid+1.5=34332.5391  sbar_bright_T4c_mid+1.5=35821.6680  sbar_bright_T4d_mid+1.5=33853.1875  sbar_bright_T5a_mid+1.5=75233.5703  sbar_bright_T5b_mid+1.5=75094.3359  sbar_bright_T5c_mid+1.5=77811.2969  sbar_bright_T5d_mid+1.5=64070.5820  sbar_bright_T4a_mid+1.5=30641.6680  sbar_dark_T4a_mid+0=82912.1016  sbar_dark_T4b_mid+0=79709.7031  sbar_dark_T4c_mid+0=92253.6406  sbar_dark_T4d_mid+0=96038.9531  sbar_dark_T5a_mid+0=650223.4375  sbar_dark_T5b_mid+0=584481.0625  sbar_dark_T5c_mid+0=554820.8125  sbar_dark_T5d_mid+0=589898.2500  sbar_dark_T4a_mid+1=66775.1562  sbar_dark_T4b_mid+1=26478.4746  sbar_dark_T4c_mid+1=51988.0586  sbar_dark_T4d_mid+1=70751.2812  sbar_dark_T5a_mid+1=254397.2188  sbar_dark_T5b_mid+1=319516.9688  sbar_dark_T5c_mid+1=268935.2188  sbar_dark_T5d_mid+1=254938.7188  sbar_dark_T4a_mid+2=34033.1914  sbar_dark_T4b_mid+2=61742.2930  sbar_dark_T4c_mid+2=38515.9805  sbar_dark_T4d_mid+2=25417.3789  sbar_dark_T5a_mid+2=429827.5312  sbar_dark_T5b_mid+2=409751.9375  sbar_dark_T5c_mid+2=412923.7500  sbar_dark_T5d_mid+2=402622.9688  sbar_dark_T4a_mid-1=118719.5156  sbar_dark_T4b_mid-1=141581.3906  sbar_dark_T4c_mid-1=85878.3906  sbar_dark_T4d_mid-1=110170.7500  sbar_dark_T5a_mid-1=2138565.5000  sbar_dark_T5b_mid-1=1977797.0000  sbar_dark_T5c_mid-1=2009707.3750  sbar_dark_T5d_mid-1=2167105.0000  sbar_dark_T4a_mid-2=21697.4922  sbar_dark_T4b_mid-2=30358.9004  sbar_dark_T4c_mid-2=38814.8242  sbar_dark_T4d_mid-2=13486.1543  sbar_dark_T5b_mid-2=1187794.3750  sbar_dark_T5c_mid-2=1159487.3750  sbar_dark_T5d_mid-2=1205448.3750  sbar_dark_T5a_mid-2=1109439.8750  sbar_dark_T4a_mid-1.5=10082.6074  sbar_dark_T4b_mid-1.5=13209.4941  sbar_dark_T4c_mid-1.5=16593.8477  sbar_dark_T4d_mid-1.5=6787.1904  sbar_dark_T5a_mid-1.5=378563.2812  sbar_dark_T5b_mid-1.5=395821.4375  sbar_dark_T5c_mid-1.5=368991.3125  sbar_dark_T5d_mid-1.5=347573.0000  sbar_dark_T4a_mid-0.5=26380.8672  sbar_dark_T4b_mid-0.5=35220.7148  sbar_dark_T4c_mid-0.5=48367.3867  sbar_dark_T4d_mid-0.5=26325.5195  sbar_dark_T5a_mid-0.5=725578.2500  sbar_dark_T5b_mid-0.5=861990.8750  sbar_dark_T5c_mid-0.5=709597.4375  sbar_dark_T5d_mid-0.5=936526.5625  sbar_dark_T4a_mid+0.5=24959.6602  sbar_dark_T4b_mid+0.5=55962.2305  sbar_dark_T4c_mid+0.5=14357.9580  sbar_dark_T4d_mid+0.5=37176.8359  sbar_dark_T5a_mid+0.5=148151.0469  sbar_dark_T5b_mid+0.5=128739.6719  sbar_dark_T5c_mid+0.5=193849.3906  sbar_dark_T5d_mid+0.5=136420.5781  sbar_dark_T4b_mid+1.5=15454.0547  sbar_dark_T4c_mid+1.5=13575.4434  sbar_dark_T4d_mid+1.5=13625.7764  sbar_dark_T5a_mid+1.5=68488.2344  sbar_dark_T5b_mid+1.5=66325.3047  sbar_dark_T5c_mid+1.5=70962.4922  sbar_dark_T5d_mid+1.5=54885.2266  sbar_dark_T4a_mid+1.5=13234.1074]:   11%|█         | 110/1000 [01:11<09:38,  1.54it/s] Cost: 503699.2812  [spread_bright_L5=1474955.8750  spread_bright_Mi1=1915111.0000  spread_bright_Tm3=1374514.7500  spread_bright_Mi4=2635514.7500  spread_dark_L1=932342.4375  spread_dark_L2=1681023.7500  spread_dark_L3=2782686.0000  spread_dark_L4=3047105.0000  spread_dark_Mi9=2116979.2500  spread_dark_Tm1=1240363.2500  spread_dark_Tm2=1343254.8750  spread_dark_Tm4=1501577.7500  spread_dark_Tm9=2771688.0000  sbar_bright_T4a_mid+0=686113.0625  sbar_bright_T4b_mid+0=660929.5625  sbar_bright_T4c_mid+0=703000.3750  sbar_bright_T4d_mid+0=665653.4375  sbar_bright_T5a_mid+0=101998.1719  sbar_bright_T5b_mid+0=118709.8438  sbar_bright_T5c_mid+0=128733.2656  sbar_bright_T5d_mid+0=123051.6641  sbar_bright_T4a_mid+1=255368.3281  sbar_bright_T4b_mid+1=237778.1250  sbar_bright_T4c_mid+1=217071.1094  sbar_bright_T4d_mid+1=244750.0781  sbar_bright_T5a_mid+1=184521.4531  sbar_bright_T5b_mid+1=184383.7188  sbar_bright_T5c_mid+1=168158.1875  sbar_bright_T5d_mid+1=174456.2969  sbar_bright_T4a_mid+2=89596.6797  sbar_bright_T4b_mid+2=87600.4375  sbar_bright_T4c_mid+2=83287.8516  sbar_bright_T4d_mid+2=91462.4609  sbar_bright_T5a_mid+2=357955.1875  sbar_bright_T5b_mid+2=325222.7500  sbar_bright_T5c_mid+2=343885.4688  sbar_bright_T5d_mid+2=343458.8438  sbar_bright_T4a_mid-1=2268482.5000  sbar_bright_T4b_mid-1=1937985.0000  sbar_bright_T4c_mid-1=2257471.7500  sbar_bright_T4d_mid-1=2334077.2500  sbar_bright_T5a_mid-1=366598.4062  sbar_bright_T5b_mid-1=312612.4375  sbar_bright_T5c_mid-1=328102.0312  sbar_bright_T5d_mid-1=381274.8750  sbar_bright_T4a_mid-2=646643.5000  sbar_bright_T4b_mid-2=599521.4375  sbar_bright_T4c_mid-2=610460.2500  sbar_bright_T4d_mid-2=624945.0000  sbar_bright_T5b_mid-2=145762.5625  sbar_bright_T5c_mid-2=134295.3594  sbar_bright_T5d_mid-2=148677.6250  sbar_bright_T5a_mid-2=144306.5625  sbar_bright_T4a_mid-1.5=281147.0000  sbar_bright_T4b_mid-1.5=267663.0000  sbar_bright_T4c_mid-1.5=268194.7188  sbar_bright_T4d_mid-1.5=294280.1250  sbar_bright_T5a_mid-1.5=134881.5469  sbar_bright_T5b_mid-1.5=141434.5312  sbar_bright_T5c_mid-1.5=129561.1719  sbar_bright_T5d_mid-1.5=125444.8594  sbar_bright_T4a_mid-0.5=1297258.8750  sbar_bright_T4b_mid-0.5=1323124.7500  sbar_bright_T4c_mid-0.5=1414742.1250  sbar_bright_T4d_mid-0.5=1326578.0000  sbar_bright_T5a_mid-0.5=127103.8359  sbar_bright_T5b_mid-0.5=148869.1250  sbar_bright_T5c_mid-0.5=113126.6953  sbar_bright_T5d_mid-0.5=157531.7031  sbar_bright_T4a_mid+0.5=290064.2188  sbar_bright_T4b_mid+0.5=215883.9844  sbar_bright_T4c_mid+0.5=195368.7031  sbar_bright_T4d_mid+0.5=230648.1719  sbar_bright_T5a_mid+0.5=55490.5195  sbar_bright_T5b_mid+0.5=53773.5352  sbar_bright_T5c_mid+0.5=60530.7422  sbar_bright_T5d_mid+0.5=57910.4766  sbar_bright_T4b_mid+1.5=34646.5000  sbar_bright_T4c_mid+1.5=36760.8047  sbar_bright_T4d_mid+1.5=34027.2812  sbar_bright_T5a_mid+1.5=76786.7188  sbar_bright_T5b_mid+1.5=76504.1016  sbar_bright_T5c_mid+1.5=79849.7109  sbar_bright_T5d_mid+1.5=64878.3594  sbar_bright_T4a_mid+1.5=30353.3223  sbar_dark_T4a_mid+0=96149.8047  sbar_dark_T4b_mid+0=96098.8516  sbar_dark_T4c_mid+0=104147.3750  sbar_dark_T4d_mid+0=120543.4688  sbar_dark_T5a_mid+0=620725.5000  sbar_dark_T5b_mid+0=577454.2500  sbar_dark_T5c_mid+0=539314.2500  sbar_dark_T5d_mid+0=569874.6250  sbar_dark_T4a_mid+1=69604.0000  sbar_dark_T4b_mid+1=27381.3633  sbar_dark_T4c_mid+1=51517.0078  sbar_dark_T4d_mid+1=82686.2891  sbar_dark_T5a_mid+1=249506.5312  sbar_dark_T5b_mid+1=316761.9062  sbar_dark_T5c_mid+1=266775.0625  sbar_dark_T5d_mid+1=252371.4375  sbar_dark_T4a_mid+2=31014.3438  sbar_dark_T4b_mid+2=69689.7266  sbar_dark_T4c_mid+2=34836.5000  sbar_dark_T4d_mid+2=24812.1211  sbar_dark_T5a_mid+2=430814.5000  sbar_dark_T5b_mid+2=408012.9375  sbar_dark_T5c_mid+2=412637.8750  sbar_dark_T5d_mid+2=403892.0000  sbar_dark_T4a_mid-1=125111.6484  sbar_dark_T4b_mid-1=163277.5938  sbar_dark_T4c_mid-1=84268.1094  sbar_dark_T4d_mid-1=118086.3594  sbar_dark_T5a_mid-1=2127797.2500  sbar_dark_T5b_mid-1=1963858.8750  sbar_dark_T5c_mid-1=1992047.5000  sbar_dark_T5d_mid-1=2158033.0000  sbar_dark_T4a_mid-2=17074.0215  sbar_dark_T4b_mid-2=34131.3516  sbar_dark_T4c_mid-2=23876.6992  sbar_dark_T4d_mid-2=14422.0938  sbar_dark_T5b_mid-2=1174493.5000  sbar_dark_T5c_mid-2=1154871.3750  sbar_dark_T5d_mid-2=1200902.3750  sbar_dark_T5a_mid-2=1107556.5000  sbar_dark_T4a_mid-1.5=8653.5879  sbar_dark_T4b_mid-1.5=14542.7607  sbar_dark_T4c_mid-1.5=14371.8828  sbar_dark_T4d_mid-1.5=6930.1821  sbar_dark_T5a_mid-1.5=379382.1875  sbar_dark_T5b_mid-1.5=397068.7188  sbar_dark_T5c_mid-1.5=370329.1875  sbar_dark_T5d_mid-1.5=349798.5625  sbar_dark_T4a_mid-0.5=31561.8359  sbar_dark_T4b_mid-0.5=42875.7461  sbar_dark_T4c_mid-0.5=53442.6953  sbar_dark_T4d_mid-0.5=27071.8418  sbar_dark_T5a_mid-0.5=727299.0000  sbar_dark_T5b_mid-0.5=862650.3125  sbar_dark_T5c_mid-0.5=702988.8125  sbar_dark_T5d_mid-0.5=937090.1250  sbar_dark_T4a_mid+0.5=26256.0566  sbar_dark_T4b_mid+0.5=63817.1992  sbar_dark_T4c_mid+0.5=17507.9824  sbar_dark_T4d_mid+0.5=44795.0859  sbar_dark_T5a_mid+0.5=147046.2344  sbar_dark_T5b_mid+0.5=125398.6172  sbar_dark_T5c_mid+0.5=193384.6875  sbar_dark_T5d_mid+0.5=133528.9688  sbar_dark_T4b_mid+1.5=13752.5273  sbar_dark_T4c_mid+1.5=10788.5518  sbar_dark_T4d_mid+1.5=12793.7354  sbar_dark_T5a_mid+1.5=68092.7969  sbar_dark_T5b_mid+1.5=66116.3750  sbar_dark_T5c_mid+1.5=70786.3984  sbar_dark_T5d_mid+1.5=54025.6484  sbar_dark_T4a_mid+1.5=10292.1865]:  12%|█▏        | 120/1000 [01:17<09:30,  1.54it/s] Cost: 496721.6250  [spread_bright_L5=1520676.1250  spread_bright_Mi1=1948349.0000  spread_bright_Tm3=1394020.3750  spread_bright_Mi4=2620008.2500  spread_dark_L1=871169.6875  spread_dark_L2=1572348.8750  spread_dark_L3=2636274.7500  spread_dark_L4=3089237.2500  spread_dark_Mi9=1953907.7500  spread_dark_Tm1=1174493.8750  spread_dark_Tm2=1357524.2500  spread_dark_Tm4=1575056.6250  spread_dark_Tm9=2455712.5000  sbar_bright_T4a_mid+0=659285.3750  sbar_bright_T4b_mid+0=643626.5000  sbar_bright_T4c_mid+0=665500.9375  sbar_bright_T4d_mid+0=647867.5625  sbar_bright_T5a_mid+0=104775.3906  sbar_bright_T5b_mid+0=121592.9688  sbar_bright_T5c_mid+0=134181.7656  sbar_bright_T5d_mid+0=127419.8438  sbar_bright_T4a_mid+1=251020.1250  sbar_bright_T4b_mid+1=230578.7188  sbar_bright_T4c_mid+1=216348.2344  sbar_bright_T4d_mid+1=235396.9219  sbar_bright_T5a_mid+1=189198.9062  sbar_bright_T5b_mid+1=186975.7812  sbar_bright_T5c_mid+1=172029.2188  sbar_bright_T5d_mid+1=178513.3125  sbar_bright_T4a_mid+2=84796.3984  sbar_bright_T4b_mid+2=78681.0625  sbar_bright_T4c_mid+2=76227.0312  sbar_bright_T4d_mid+2=83302.6641  sbar_bright_T5a_mid+2=361866.9688  sbar_bright_T5b_mid+2=330615.5000  sbar_bright_T5c_mid+2=348802.8750  sbar_bright_T5d_mid+2=347005.1562  sbar_bright_T4a_mid-1=2238713.7500  sbar_bright_T4b_mid-1=1873922.7500  sbar_bright_T4c_mid-1=2201292.2500  sbar_bright_T4d_mid-1=2282993.0000  sbar_bright_T5a_mid-1=368231.4688  sbar_bright_T5b_mid-1=319586.3438  sbar_bright_T5c_mid-1=333624.0312  sbar_bright_T5d_mid-1=384932.6875  sbar_bright_T4a_mid-2=617464.6875  sbar_bright_T4b_mid-2=563415.8750  sbar_bright_T4c_mid-2=564723.0000  sbar_bright_T4d_mid-2=597285.8125  sbar_bright_T5b_mid-2=148369.3906  sbar_bright_T5c_mid-2=136067.4531  sbar_bright_T5d_mid-2=149993.9375  sbar_bright_T5a_mid-2=146350.5781  sbar_bright_T4a_mid-1.5=278981.2500  sbar_bright_T4b_mid-1.5=265527.1562  sbar_bright_T4c_mid-1.5=266334.6250  sbar_bright_T4d_mid-1.5=292987.0312  sbar_bright_T5a_mid-1.5=135579.2344  sbar_bright_T5b_mid-1.5=141096.2031  sbar_bright_T5c_mid-1.5=130066.0781  sbar_bright_T5d_mid-1.5=126042.1641  sbar_bright_T4a_mid-0.5=1262983.0000  sbar_bright_T4b_mid-0.5=1299380.7500  sbar_bright_T4c_mid-0.5=1371724.5000  sbar_bright_T4d_mid-0.5=1317485.2500  sbar_bright_T5a_mid-0.5=128043.6172  sbar_bright_T5b_mid-0.5=149625.9219  sbar_bright_T5c_mid-0.5=115298.4141  sbar_bright_T5d_mid-0.5=157740.5938  sbar_bright_T4a_mid+0.5=280088.3125  sbar_bright_T4b_mid+0.5=198790.8281  sbar_bright_T4c_mid+0.5=189989.8750  sbar_bright_T4d_mid+0.5=211908.5781  sbar_bright_T5a_mid+0.5=56081.1953  sbar_bright_T5b_mid+0.5=54872.4688  sbar_bright_T5c_mid+0.5=61544.3203  sbar_bright_T5d_mid+0.5=58485.9219  sbar_bright_T4b_mid+1.5=36348.0859  sbar_bright_T4c_mid+1.5=41357.9883  sbar_bright_T4d_mid+1.5=33809.9570  sbar_bright_T5a_mid+1.5=77941.3594  sbar_bright_T5b_mid+1.5=77336.3125  sbar_bright_T5c_mid+1.5=81569.2344  sbar_bright_T5d_mid+1.5=65555.2031  sbar_bright_T4a_mid+1.5=32178.6602  sbar_dark_T4a_mid+0=113158.2734  sbar_dark_T4b_mid+0=110153.7422  sbar_dark_T4c_mid+0=137197.9219  sbar_dark_T4d_mid+0=144654.4062  sbar_dark_T5a_mid+0=614304.3750  sbar_dark_T5b_mid+0=559968.5000  sbar_dark_T5c_mid+0=527419.0000  sbar_dark_T5d_mid+0=557407.5000  sbar_dark_T4a_mid+1=77845.3828  sbar_dark_T4b_mid+1=29200.4688  sbar_dark_T4c_mid+1=64922.1328  sbar_dark_T4d_mid+1=99436.5625  sbar_dark_T5a_mid+1=249057.5000  sbar_dark_T5b_mid+1=312939.9062  sbar_dark_T5c_mid+1=263911.3125  sbar_dark_T5d_mid+1=252148.7656  sbar_dark_T4a_mid+2=34661.0977  sbar_dark_T4b_mid+2=77794.8047  sbar_dark_T4c_mid+2=40086.2734  sbar_dark_T4d_mid+2=24118.7773  sbar_dark_T5a_mid+2=430960.2812  sbar_dark_T5b_mid+2=409711.9062  sbar_dark_T5c_mid+2=411250.5625  sbar_dark_T5d_mid+2=404103.1562  sbar_dark_T4a_mid-1=128868.2578  sbar_dark_T4b_mid-1=179201.8750  sbar_dark_T4c_mid-1=93584.9062  sbar_dark_T4d_mid-1=130048.8203  sbar_dark_T5a_mid-1=2109906.5000  sbar_dark_T5b_mid-1=1946321.0000  sbar_dark_T5c_mid-1=1974837.2500  sbar_dark_T5d_mid-1=2146857.7500  sbar_dark_T4a_mid-2=23088.2754  sbar_dark_T4b_mid-2=36827.8281  sbar_dark_T4c_mid-2=38037.4766  sbar_dark_T4d_mid-2=16885.1348  sbar_dark_T5b_mid-2=1172231.3750  sbar_dark_T5c_mid-2=1146218.6250  sbar_dark_T5d_mid-2=1194044.3750  sbar_dark_T5a_mid-2=1104143.6250  sbar_dark_T4a_mid-1.5=9708.9814  sbar_dark_T4b_mid-1.5=15354.3447  sbar_dark_T4c_mid-1.5=16190.1758  sbar_dark_T4d_mid-1.5=7212.1021  sbar_dark_T5a_mid-1.5=379268.3125  sbar_dark_T5b_mid-1.5=395506.2812  sbar_dark_T5c_mid-1.5=370413.2812  sbar_dark_T5d_mid-1.5=351375.3125  sbar_dark_T4a_mid-0.5=40163.8203  sbar_dark_T4b_mid-0.5=51231.0039  sbar_dark_T4c_mid-0.5=69276.6641  sbar_dark_T4d_mid-0.5=26020.3398  sbar_dark_T5a_mid-0.5=721267.5000  sbar_dark_T5b_mid-0.5=860831.2500  sbar_dark_T5c_mid-0.5=694552.9375  sbar_dark_T5d_mid-0.5=934636.2500  sbar_dark_T4a_mid+0.5=31881.0059  sbar_dark_T4b_mid+0.5=78024.8750  sbar_dark_T4c_mid+0.5=26419.7832  sbar_dark_T4d_mid+0.5=54280.4297  sbar_dark_T5a_mid+0.5=145319.9844  sbar_dark_T5b_mid+0.5=125888.6797  sbar_dark_T5c_mid+0.5=192067.1406  sbar_dark_T5d_mid+0.5=130646.5391  sbar_dark_T4b_mid+1.5=11777.8018  sbar_dark_T4c_mid+1.5=9685.4395  sbar_dark_T4d_mid+1.5=11666.6201  sbar_dark_T5a_mid+1.5=68084.7422  sbar_dark_T5b_mid+1.5=66369.0781  sbar_dark_T5c_mid+1.5=71214.8516  sbar_dark_T5d_mid+1.5=53837.6211  sbar_dark_T4a_mid+1.5=9494.7842]:  13%|█▎        | 130/1000 [01:24<09:23,  1.54it/s] Cost: 489103.4062  [spread_bright_L5=1524811.3750  spread_bright_Mi1=1858088.6250  spread_bright_Tm3=1385614.3750  spread_bright_Mi4=2494330.7500  spread_dark_L1=880425.8750  spread_dark_L2=1524880.8750  spread_dark_L3=2524985.2500  spread_dark_L4=3103603.5000  spread_dark_Mi9=1794925.6250  spread_dark_Tm1=1123100.2500  spread_dark_Tm2=1349140.2500  spread_dark_Tm4=1604721.5000  spread_dark_Tm9=2224912.7500  sbar_bright_T4a_mid+0=630606.6875  sbar_bright_T4b_mid+0=600773.9375  sbar_bright_T4c_mid+0=644392.5000  sbar_bright_T4d_mid+0=613417.5625  sbar_bright_T5a_mid+0=107359.3516  sbar_bright_T5b_mid+0=124416.8516  sbar_bright_T5c_mid+0=138750.7812  sbar_bright_T5d_mid+0=130425.8438  sbar_bright_T4a_mid+1=253452.2500  sbar_bright_T4b_mid+1=237733.6094  sbar_bright_T4c_mid+1=219234.0312  sbar_bright_T4d_mid+1=241082.4688  sbar_bright_T5a_mid+1=191098.2188  sbar_bright_T5b_mid+1=189351.1719  sbar_bright_T5c_mid+1=173652.2969  sbar_bright_T5d_mid+1=182215.3281  sbar_bright_T4a_mid+2=84504.9766  sbar_bright_T4b_mid+2=80280.4844  sbar_bright_T4c_mid+2=75528.8047  sbar_bright_T4d_mid+2=84328.5078  sbar_bright_T5a_mid+2=363279.8438  sbar_bright_T5b_mid+2=330186.5312  sbar_bright_T5c_mid+2=350774.8125  sbar_bright_T5d_mid+2=347759.7188  sbar_bright_T4a_mid-1=2213102.2500  sbar_bright_T4b_mid-1=1802721.5000  sbar_bright_T4c_mid-1=2173248.2500  sbar_bright_T4d_mid-1=2262430.2500  sbar_bright_T5a_mid-1=369697.0938  sbar_bright_T5b_mid-1=326299.3125  sbar_bright_T5c_mid-1=339105.6562  sbar_bright_T5d_mid-1=388448.3438  sbar_bright_T4a_mid-2=612865.9375  sbar_bright_T4b_mid-2=548727.7500  sbar_bright_T4c_mid-2=569461.5625  sbar_bright_T4d_mid-2=591363.1875  sbar_bright_T5b_mid-2=147682.3594  sbar_bright_T5c_mid-2=136765.0156  sbar_bright_T5d_mid-2=150148.1094  sbar_bright_T5a_mid-2=147438.9688  sbar_bright_T4a_mid-1.5=277315.9375  sbar_bright_T4b_mid-1.5=261722.9844  sbar_bright_T4c_mid-1.5=264406.9062  sbar_bright_T4d_mid-1.5=293079.5938  sbar_bright_T5a_mid-1.5=136200.1250  sbar_bright_T5b_mid-1.5=142833.9844  sbar_bright_T5c_mid-1.5=130910.8359  sbar_bright_T5d_mid-1.5=126542.9375  sbar_bright_T4a_mid-0.5=1236594.8750  sbar_bright_T4b_mid-0.5=1288253.7500  sbar_bright_T4c_mid-0.5=1352367.6250  sbar_bright_T4d_mid-0.5=1306818.1250  sbar_bright_T5a_mid-0.5=129604.7188  sbar_bright_T5b_mid-0.5=152993.9688  sbar_bright_T5c_mid-0.5=117550.3594  sbar_bright_T5d_mid-0.5=158253.1250  sbar_bright_T4a_mid+0.5=274773.0938  sbar_bright_T4b_mid+0.5=194458.7188  sbar_bright_T4c_mid+0.5=185664.7500  sbar_bright_T4d_mid+0.5=204460.4219  sbar_bright_T5a_mid+0.5=56824.7344  sbar_bright_T5b_mid+0.5=55212.7500  sbar_bright_T5c_mid+0.5=61906.2344  sbar_bright_T5d_mid+0.5=58807.9414  sbar_bright_T4b_mid+1.5=36944.5273  sbar_bright_T4c_mid+1.5=42491.6250  sbar_bright_T4d_mid+1.5=34562.5469  sbar_bright_T5a_mid+1.5=77812.1406  sbar_bright_T5b_mid+1.5=78662.3672  sbar_bright_T5c_mid+1.5=81770.8125  sbar_bright_T5d_mid+1.5=65672.7109  sbar_bright_T4a_mid+1.5=32869.1133  sbar_dark_T4a_mid+0=100426.7969  sbar_dark_T4b_mid+0=95088.0234  sbar_dark_T4c_mid+0=125883.6172  sbar_dark_T4d_mid+0=133162.2656  sbar_dark_T5a_mid+0=618182.1875  sbar_dark_T5b_mid+0=557608.5000  sbar_dark_T5c_mid+0=519603.1562  sbar_dark_T5d_mid+0=551251.1875  sbar_dark_T4a_mid+1=88439.7812  sbar_dark_T4b_mid+1=30642.0684  sbar_dark_T4c_mid+1=60769.4102  sbar_dark_T4d_mid+1=104552.6406  sbar_dark_T5a_mid+1=244920.9531  sbar_dark_T5b_mid+1=307414.1250  sbar_dark_T5c_mid+1=258111.7344  sbar_dark_T5d_mid+1=248047.1406  sbar_dark_T4a_mid+2=36428.1992  sbar_dark_T4b_mid+2=92555.7266  sbar_dark_T4c_mid+2=39357.5547  sbar_dark_T4d_mid+2=24590.6074  sbar_dark_T5a_mid+2=426551.0938  sbar_dark_T5b_mid+2=402527.2500  sbar_dark_T5c_mid+2=405204.3750  sbar_dark_T5d_mid+2=399386.8438  sbar_dark_T4a_mid-1=137293.7031  sbar_dark_T4b_mid-1=202056.7344  sbar_dark_T4c_mid-1=92538.3281  sbar_dark_T4d_mid-1=137396.0312  sbar_dark_T5a_mid-1=2090105.6250  sbar_dark_T5b_mid-1=1931643.0000  sbar_dark_T5c_mid-1=1958556.6250  sbar_dark_T5d_mid-1=2138054.2500  sbar_dark_T4a_mid-2=23520.2012  sbar_dark_T4b_mid-2=43005.5586  sbar_dark_T4c_mid-2=30082.8691  sbar_dark_T4d_mid-2=16146.4170  sbar_dark_T5b_mid-2=1155871.6250  sbar_dark_T5c_mid-2=1136531.8750  sbar_dark_T5d_mid-2=1185823.1250  sbar_dark_T5a_mid-2=1099364.8750  sbar_dark_T4a_mid-1.5=9565.3076  sbar_dark_T4b_mid-1.5=16670.0195  sbar_dark_T4c_mid-1.5=14270.6553  sbar_dark_T4d_mid-1.5=7288.8926  sbar_dark_T5a_mid-1.5=377499.8438  sbar_dark_T5b_mid-1.5=398289.3750  sbar_dark_T5c_mid-1.5=370044.9375  sbar_dark_T5d_mid-1.5=352165.3438  sbar_dark_T4a_mid-0.5=50355.0078  sbar_dark_T4b_mid-0.5=58198.6406  sbar_dark_T4c_mid-0.5=76857.9453  sbar_dark_T4d_mid-0.5=27814.7422  sbar_dark_T5a_mid-0.5=718282.3750  sbar_dark_T5b_mid-0.5=866102.0625  sbar_dark_T5c_mid-0.5=690432.4375  sbar_dark_T5d_mid-0.5=929253.8125  sbar_dark_T4a_mid+0.5=38213.9766  sbar_dark_T4b_mid+0.5=87396.0625  sbar_dark_T4c_mid+0.5=24346.7832  sbar_dark_T4d_mid+0.5=61805.3672  sbar_dark_T5a_mid+0.5=143347.2500  sbar_dark_T5b_mid+0.5=122713.1875  sbar_dark_T5c_mid+0.5=188394.2812  sbar_dark_T5d_mid+0.5=129182.2266  sbar_dark_T4b_mid+1.5=11839.0010  sbar_dark_T4c_mid+1.5=9038.9893  sbar_dark_T4d_mid+1.5=12274.7842  sbar_dark_T5a_mid+1.5=65925.9609  sbar_dark_T5b_mid+1.5=65567.7188  sbar_dark_T5c_mid+1.5=69116.0859  sbar_dark_T5d_mid+1.5=52649.1953  sbar_dark_T4a_mid+1.5=9623.1592]:  14%|█▍        | 140/1000 [01:30<09:16,  1.55it/s] Cost: 483400.9688  [spread_bright_L5=1498037.1250  spread_bright_Mi1=1832413.1250  spread_bright_Tm3=1405978.8750  spread_bright_Mi4=2408148.2500  spread_dark_L1=862633.0000  spread_dark_L2=1450775.0000  spread_dark_L3=2418748.0000  spread_dark_L4=3113166.7500  spread_dark_Mi9=1703054.0000  spread_dark_Tm1=1087600.1250  spread_dark_Tm2=1353704.7500  spread_dark_Tm4=1663199.1250  spread_dark_Tm9=2096803.5000  sbar_bright_T4a_mid+0=624025.8750  sbar_bright_T4b_mid+0=579674.5625  sbar_bright_T4c_mid+0=619807.3750  sbar_bright_T4d_mid+0=597410.4375  sbar_bright_T5a_mid+0=108111.2578  sbar_bright_T5b_mid+0=124147.7422  sbar_bright_T5c_mid+0=140621.1250  sbar_bright_T5d_mid+0=130894.1719  sbar_bright_T4a_mid+1=254552.6406  sbar_bright_T4b_mid+1=243933.2344  sbar_bright_T4c_mid+1=224073.5312  sbar_bright_T4d_mid+1=244461.4844  sbar_bright_T5a_mid+1=191801.7031  sbar_bright_T5b_mid+1=189420.6250  sbar_bright_T5c_mid+1=174915.1406  sbar_bright_T5d_mid+1=185365.4062  sbar_bright_T4a_mid+2=83513.2891  sbar_bright_T4b_mid+2=81194.8203  sbar_bright_T4c_mid+2=76201.2812  sbar_bright_T4d_mid+2=84351.2734  sbar_bright_T5a_mid+2=365218.1250  sbar_bright_T5b_mid+2=332772.5938  sbar_bright_T5c_mid+2=352483.0000  sbar_bright_T5d_mid+2=349349.4688  sbar_bright_T4a_mid-1=2211755.7500  sbar_bright_T4b_mid-1=1753484.7500  sbar_bright_T4c_mid-1=2148161.7500  sbar_bright_T4d_mid-1=2259386.0000  sbar_bright_T5a_mid-1=368232.7188  sbar_bright_T5b_mid-1=326615.0625  sbar_bright_T5c_mid-1=337730.1875  sbar_bright_T5d_mid-1=387565.7188  sbar_bright_T4a_mid-2=614200.8125  sbar_bright_T4b_mid-2=539109.7500  sbar_bright_T4c_mid-2=561974.2500  sbar_bright_T4d_mid-2=586535.5000  sbar_bright_T5b_mid-2=148782.6094  sbar_bright_T5c_mid-2=137395.0625  sbar_bright_T5d_mid-2=150346.1250  sbar_bright_T5a_mid-2=148020.5312  sbar_bright_T4a_mid-1.5=278674.0625  sbar_bright_T4b_mid-1.5=260315.2031  sbar_bright_T4c_mid-1.5=263556.5000  sbar_bright_T4d_mid-1.5=294097.5625  sbar_bright_T5a_mid-1.5=136598.0000  sbar_bright_T5b_mid-1.5=142603.4844  sbar_bright_T5c_mid-1.5=131489.6406  sbar_bright_T5d_mid-1.5=126849.4609  sbar_bright_T4a_mid-0.5=1225259.8750  sbar_bright_T4b_mid-0.5=1280136.5000  sbar_bright_T4c_mid-0.5=1337116.5000  sbar_bright_T4d_mid-0.5=1303618.7500  sbar_bright_T5a_mid-0.5=130174.7891  sbar_bright_T5b_mid-0.5=153360.0625  sbar_bright_T5c_mid-0.5=116534.7109  sbar_bright_T5d_mid-0.5=157876.1250  sbar_bright_T4a_mid+0.5=268960.0938  sbar_bright_T4b_mid+0.5=191045.3750  sbar_bright_T4c_mid+0.5=183569.6719  sbar_bright_T4d_mid+0.5=200968.2500  sbar_bright_T5a_mid+0.5=57657.8359  sbar_bright_T5b_mid+0.5=56238.0742  sbar_bright_T5c_mid+0.5=61789.1875  sbar_bright_T5d_mid+0.5=59008.8828  sbar_bright_T4b_mid+1.5=37410.3047  sbar_bright_T4c_mid+1.5=43926.9883  sbar_bright_T4d_mid+1.5=34997.6562  sbar_bright_T5a_mid+1.5=78074.3047  sbar_bright_T5b_mid+1.5=78762.1406  sbar_bright_T5c_mid+1.5=82180.6328  sbar_bright_T5d_mid+1.5=66004.9531  sbar_bright_T4a_mid+1.5=33110.4648  sbar_dark_T4a_mid+0=90318.6250  sbar_dark_T4b_mid+0=87697.6016  sbar_dark_T4c_mid+0=117311.3984  sbar_dark_T4d_mid+0=118802.6484  sbar_dark_T5a_mid+0=613836.6250  sbar_dark_T5b_mid+0=555430.8750  sbar_dark_T5c_mid+0=516095.7812  sbar_dark_T5d_mid+0=551147.3750  sbar_dark_T4a_mid+1=81710.3594  sbar_dark_T4b_mid+1=30941.3359  sbar_dark_T4c_mid+1=59809.8047  sbar_dark_T4d_mid+1=98809.7109  sbar_dark_T5a_mid+1=243548.9062  sbar_dark_T5b_mid+1=301383.0312  sbar_dark_T5c_mid+1=255903.9375  sbar_dark_T5d_mid+1=246372.7656  sbar_dark_T4a_mid+2=33128.5039  sbar_dark_T4b_mid+2=95898.4688  sbar_dark_T4c_mid+2=39712.7109  sbar_dark_T4d_mid+2=24501.1680  sbar_dark_T5a_mid+2=425369.9375  sbar_dark_T5b_mid+2=401016.4062  sbar_dark_T5c_mid+2=401047.5625  sbar_dark_T5d_mid+2=396774.7188  sbar_dark_T4a_mid-1=139524.3594  sbar_dark_T4b_mid-1=195289.5938  sbar_dark_T4c_mid-1=89638.4062  sbar_dark_T4d_mid-1=134394.0781  sbar_dark_T5a_mid-1=2073843.6250  sbar_dark_T5b_mid-1=1923951.5000  sbar_dark_T5c_mid-1=1941528.0000  sbar_dark_T5d_mid-1=2127313.2500  sbar_dark_T4a_mid-2=20339.1270  sbar_dark_T4b_mid-2=44058.4961  sbar_dark_T4c_mid-2=32004.9941  sbar_dark_T4d_mid-2=15635.6172  sbar_dark_T5b_mid-2=1153485.3750  sbar_dark_T5c_mid-2=1127457.2500  sbar_dark_T5d_mid-2=1177800.7500  sbar_dark_T5a_mid-2=1095702.8750  sbar_dark_T4a_mid-1.5=8836.9434  sbar_dark_T4b_mid-1.5=17863.0039  sbar_dark_T4c_mid-1.5=14283.5752  sbar_dark_T4d_mid-1.5=7304.6436  sbar_dark_T5a_mid-1.5=376421.4375  sbar_dark_T5b_mid-1.5=397256.4375  sbar_dark_T5c_mid-1.5=369943.5938  sbar_dark_T5d_mid-1.5=352457.8125  sbar_dark_T4a_mid-0.5=46773.3477  sbar_dark_T4b_mid-0.5=58523.9180  sbar_dark_T4c_mid-0.5=73066.3516  sbar_dark_T4d_mid-0.5=28262.2363  sbar_dark_T5a_mid-0.5=719201.7500  sbar_dark_T5b_mid-0.5=864343.2500  sbar_dark_T5c_mid-0.5=683155.0000  sbar_dark_T5d_mid-0.5=923993.1250  sbar_dark_T4a_mid+0.5=34041.5508  sbar_dark_T4b_mid+0.5=82250.3438  sbar_dark_T4c_mid+0.5=23552.0020  sbar_dark_T4d_mid+0.5=58423.4297  sbar_dark_T5a_mid+0.5=143292.8125  sbar_dark_T5b_mid+0.5=122758.4453  sbar_dark_T5c_mid+0.5=185168.4531  sbar_dark_T5d_mid+0.5=127957.3359  sbar_dark_T4b_mid+1.5=11974.9619  sbar_dark_T4c_mid+1.5=8853.8320  sbar_dark_T4d_mid+1.5=12254.6123  sbar_dark_T5a_mid+1.5=65039.4102  sbar_dark_T5b_mid+1.5=64679.2891  sbar_dark_T5c_mid+1.5=68374.9844  sbar_dark_T5d_mid+1.5=52133.9414  sbar_dark_T4a_mid+1.5=9133.5479]:    15%|█▌        | 150/1000 [01:37<09:09,  1.55it/s] Cost: 478501.1562  [spread_bright_L5=1490878.6250  spread_bright_Mi1=1782071.3750  spread_bright_Tm3=1401570.3750  spread_bright_Mi4=2370011.0000  spread_dark_L1=859188.5000  spread_dark_L2=1370061.3750  spread_dark_L3=2321155.5000  spread_dark_L4=3128557.5000  spread_dark_Mi9=1630964.3750  spread_dark_Tm1=1043492.4375  spread_dark_Tm2=1352414.8750  spread_dark_Tm4=1690791.1250  spread_dark_Tm9=2001220.7500  sbar_bright_T4a_mid+0=603959.0625  sbar_bright_T4b_mid+0=560103.0625  sbar_bright_T4c_mid+0=605872.2500  sbar_bright_T4d_mid+0=580601.6250  sbar_bright_T5a_mid+0=108117.7578  sbar_bright_T5b_mid+0=122764.1953  sbar_bright_T5c_mid+0=140778.4219  sbar_bright_T5d_mid+0=129481.3750  sbar_bright_T4a_mid+1=255952.9219  sbar_bright_T4b_mid+1=247681.7656  sbar_bright_T4c_mid+1=227665.8906  sbar_bright_T4d_mid+1=247017.0938  sbar_bright_T5a_mid+1=189156.7188  sbar_bright_T5b_mid+1=187425.7969  sbar_bright_T5c_mid+1=173384.3281  sbar_bright_T5d_mid+1=185438.2344  sbar_bright_T4a_mid+2=84654.5000  sbar_bright_T4b_mid+2=81753.4922  sbar_bright_T4c_mid+2=76509.1719  sbar_bright_T4d_mid+2=84482.5391  sbar_bright_T5a_mid+2=364019.2812  sbar_bright_T5b_mid+2=332685.5625  sbar_bright_T5c_mid+2=350762.1875  sbar_bright_T5d_mid+2=348064.8125  sbar_bright_T4a_mid-1=2207247.2500  sbar_bright_T4b_mid-1=1714994.0000  sbar_bright_T4c_mid-1=2129560.7500  sbar_bright_T4d_mid-1=2254918.5000  sbar_bright_T5a_mid-1=366574.9688  sbar_bright_T5b_mid-1=327202.9375  sbar_bright_T5c_mid-1=337513.3438  sbar_bright_T5d_mid-1=386819.2188  sbar_bright_T4a_mid-2=612367.9375  sbar_bright_T4b_mid-2=530331.9375  sbar_bright_T4c_mid-2=561888.6250  sbar_bright_T4d_mid-2=582369.2500  sbar_bright_T5b_mid-2=149414.9844  sbar_bright_T5c_mid-2=137283.3906  sbar_bright_T5d_mid-2=150121.8125  sbar_bright_T5a_mid-2=147748.7656  sbar_bright_T4a_mid-1.5=277710.0312  sbar_bright_T4b_mid-1.5=257874.8438  sbar_bright_T4c_mid-1.5=262840.7812  sbar_bright_T4d_mid-1.5=294658.4375  sbar_bright_T5a_mid-1.5=136665.6719  sbar_bright_T5b_mid-1.5=141821.5156  sbar_bright_T5c_mid-1.5=131615.0156  sbar_bright_T5d_mid-1.5=126958.4922  sbar_bright_T4a_mid-0.5=1215402.6250  sbar_bright_T4b_mid-0.5=1271572.5000  sbar_bright_T4c_mid-0.5=1330439.2500  sbar_bright_T4d_mid-0.5=1300998.8750  sbar_bright_T5a_mid-0.5=130378.1406  sbar_bright_T5b_mid-0.5=153481.2500  sbar_bright_T5c_mid-0.5=116363.6562  sbar_bright_T5d_mid-0.5=157760.7188  sbar_bright_T4a_mid+0.5=268246.7812  sbar_bright_T4b_mid+0.5=188993.2812  sbar_bright_T4c_mid+0.5=182729.9375  sbar_bright_T4d_mid+0.5=197551.9531  sbar_bright_T5a_mid+0.5=57753.1055  sbar_bright_T5b_mid+0.5=56885.0859  sbar_bright_T5c_mid+0.5=61334.8320  sbar_bright_T5d_mid+0.5=58987.4180  sbar_bright_T4b_mid+1.5=37279.7188  sbar_bright_T4c_mid+1.5=44351.6992  sbar_bright_T4d_mid+1.5=35421.5508  sbar_bright_T5a_mid+1.5=77564.6484  sbar_bright_T5b_mid+1.5=77656.1484  sbar_bright_T5c_mid+1.5=81234.9219  sbar_bright_T5d_mid+1.5=65888.2031  sbar_bright_T4a_mid+1.5=33316.4961  sbar_dark_T4a_mid+0=88219.2031  sbar_dark_T4b_mid+0=83343.7500  sbar_dark_T4c_mid+0=114937.3828  sbar_dark_T4d_mid+0=114213.5312  sbar_dark_T5a_mid+0=613241.6250  sbar_dark_T5b_mid+0=551682.7500  sbar_dark_T5c_mid+0=512418.4062  sbar_dark_T5d_mid+0=550271.0625  sbar_dark_T4a_mid+1=83853.1797  sbar_dark_T4b_mid+1=30428.2812  sbar_dark_T4c_mid+1=59366.5156  sbar_dark_T4d_mid+1=99160.6641  sbar_dark_T5a_mid+1=243359.7812  sbar_dark_T5b_mid+1=295434.2188  sbar_dark_T5c_mid+1=253231.5781  sbar_dark_T5d_mid+1=243791.4219  sbar_dark_T4a_mid+2=34713.5273  sbar_dark_T4b_mid+2=102007.6094  sbar_dark_T4c_mid+2=40227.0625  sbar_dark_T4d_mid+2=24709.8477  sbar_dark_T5a_mid+2=421790.8125  sbar_dark_T5b_mid+2=397789.5312  sbar_dark_T5c_mid+2=395164.8125  sbar_dark_T5d_mid+2=392125.5625  sbar_dark_T4a_mid-1=140798.0469  sbar_dark_T4b_mid-1=195189.2344  sbar_dark_T4c_mid-1=89133.7188  sbar_dark_T4d_mid-1=134212.5469  sbar_dark_T5a_mid-1=2059869.0000  sbar_dark_T5b_mid-1=1920408.1250  sbar_dark_T5c_mid-1=1928430.3750  sbar_dark_T5d_mid-1=2120705.7500  sbar_dark_T4a_mid-2=21232.0566  sbar_dark_T4b_mid-2=44236.5000  sbar_dark_T4c_mid-2=30621.6348  sbar_dark_T4d_mid-2=15259.1777  sbar_dark_T5b_mid-2=1154154.6250  sbar_dark_T5c_mid-2=1120363.2500  sbar_dark_T5d_mid-2=1171946.5000  sbar_dark_T5a_mid-2=1090602.2500  sbar_dark_T4a_mid-1.5=9129.6250  sbar_dark_T4b_mid-1.5=18028.7129  sbar_dark_T4c_mid-1.5=13928.6914  sbar_dark_T4d_mid-1.5=7366.3779  sbar_dark_T5a_mid-1.5=375358.9688  sbar_dark_T5b_mid-1.5=394833.3125  sbar_dark_T5c_mid-1.5=368572.6562  sbar_dark_T5d_mid-1.5=352140.1875  sbar_dark_T4a_mid-0.5=47501.4961  sbar_dark_T4b_mid-0.5=57870.7969  sbar_dark_T4c_mid-0.5=72335.7188  sbar_dark_T4d_mid-0.5=28618.8633  sbar_dark_T5a_mid-0.5=718229.0000  sbar_dark_T5b_mid-0.5=861749.2500  sbar_dark_T5c_mid-0.5=678190.1250  sbar_dark_T5d_mid-0.5=919325.0625  sbar_dark_T4a_mid+0.5=34701.6445  sbar_dark_T4b_mid+0.5=81630.1562  sbar_dark_T4c_mid+0.5=22581.1855  sbar_dark_T4d_mid+0.5=57885.5703  sbar_dark_T5a_mid+0.5=142410.8125  sbar_dark_T5b_mid+0.5=123428.2656  sbar_dark_T5c_mid+0.5=181732.4219  sbar_dark_T5d_mid+0.5=127264.5625  sbar_dark_T4b_mid+1.5=11892.3496  sbar_dark_T4c_mid+1.5=8929.2383  sbar_dark_T4d_mid+1.5=12405.9814  sbar_dark_T5a_mid+1.5=63981.0195  sbar_dark_T5b_mid+1.5=63164.2266  sbar_dark_T5c_mid+1.5=67108.1250  sbar_dark_T5d_mid+1.5=51483.5000  sbar_dark_T4a_mid+1.5=9408.8984]:  16%|█▌        | 160/1000 [01:43<09:02,  1.55it/s] Cost: 473935.6875  [spread_bright_L5=1492167.2500  spread_bright_Mi1=1739746.8750  spread_bright_Tm3=1418309.1250  spread_bright_Mi4=2306085.7500  spread_dark_L1=864170.8750  spread_dark_L2=1289530.3750  spread_dark_L3=2226997.7500  spread_dark_L4=3079358.5000  spread_dark_Mi9=1567126.7500  spread_dark_Tm1=1066064.1250  spread_dark_Tm2=1342020.2500  spread_dark_Tm4=1702538.6250  spread_dark_Tm9=1918388.3750  sbar_bright_T4a_mid+0=577548.4375  sbar_bright_T4b_mid+0=544666.3750  sbar_bright_T4c_mid+0=591442.3125  sbar_bright_T4d_mid+0=568026.7500  sbar_bright_T5a_mid+0=106042.1094  sbar_bright_T5b_mid+0=121658.5547  sbar_bright_T5c_mid+0=139812.0781  sbar_bright_T5d_mid+0=126690.4453  sbar_bright_T4a_mid+1=258498.4375  sbar_bright_T4b_mid+1=246841.9531  sbar_bright_T4c_mid+1=231290.6875  sbar_bright_T4d_mid+1=249262.0000  sbar_bright_T5a_mid+1=187384.4062  sbar_bright_T5b_mid+1=186979.7969  sbar_bright_T5c_mid+1=172540.5000  sbar_bright_T5d_mid+1=185542.7969  sbar_bright_T4a_mid+2=85822.4375  sbar_bright_T4b_mid+2=81132.4375  sbar_bright_T4c_mid+2=76873.6797  sbar_bright_T4d_mid+2=85160.6641  sbar_bright_T5a_mid+2=365814.1250  sbar_bright_T5b_mid+2=333165.8438  sbar_bright_T5c_mid+2=351734.7188  sbar_bright_T5d_mid+2=348564.1562  sbar_bright_T4a_mid-1=2221069.7500  sbar_bright_T4b_mid-1=1701056.0000  sbar_bright_T4c_mid-1=2113734.2500  sbar_bright_T4d_mid-1=2251991.2500  sbar_bright_T5a_mid-1=361612.8125  sbar_bright_T5b_mid-1=325167.2188  sbar_bright_T5c_mid-1=334717.5625  sbar_bright_T5d_mid-1=384293.4375  sbar_bright_T4a_mid-2=615807.4375  sbar_bright_T4b_mid-2=522052.3125  sbar_bright_T4c_mid-2=559546.7500  sbar_bright_T4d_mid-2=577993.1250  sbar_bright_T5b_mid-2=148115.7500  sbar_bright_T5c_mid-2=136822.6562  sbar_bright_T5d_mid-2=149637.2969  sbar_bright_T5a_mid-2=147458.2500  sbar_bright_T4a_mid-1.5=278093.5000  sbar_bright_T4b_mid-1.5=257954.8125  sbar_bright_T4c_mid-1.5=261495.4844  sbar_bright_T4d_mid-1.5=295314.9062  sbar_bright_T5a_mid-1.5=136978.9844  sbar_bright_T5b_mid-1.5=143046.9688  sbar_bright_T5c_mid-1.5=131870.5156  sbar_bright_T5d_mid-1.5=127094.3594  sbar_bright_T4a_mid-0.5=1223605.8750  sbar_bright_T4b_mid-0.5=1262094.1250  sbar_bright_T4c_mid-0.5=1326712.7500  sbar_bright_T4d_mid-0.5=1296997.5000  sbar_bright_T5a_mid-0.5=129036.0234  sbar_bright_T5b_mid-0.5=154607.4219  sbar_bright_T5c_mid-0.5=114871.8984  sbar_bright_T5d_mid-0.5=157385.9844  sbar_bright_T4a_mid+0.5=270168.4062  sbar_bright_T4b_mid+0.5=186475.7656  sbar_bright_T4c_mid+0.5=181516.7188  sbar_bright_T4d_mid+0.5=194964.3594  sbar_bright_T5a_mid+0.5=57511.9727  sbar_bright_T5b_mid+0.5=56665.6016  sbar_bright_T5c_mid+0.5=61029.9414  sbar_bright_T5d_mid+0.5=58602.1328  sbar_bright_T4b_mid+1.5=36770.1680  sbar_bright_T4c_mid+1.5=45696.7227  sbar_bright_T4d_mid+1.5=35459.7578  sbar_bright_T5a_mid+1.5=78107.4844  sbar_bright_T5b_mid+1.5=79181.8438  sbar_bright_T5c_mid+1.5=81819.8281  sbar_bright_T5d_mid+1.5=65970.6562  sbar_bright_T4a_mid+1.5=33448.3320  sbar_dark_T4a_mid+0=78783.1797  sbar_dark_T4b_mid+0=78289.2500  sbar_dark_T4c_mid+0=111421.8203  sbar_dark_T4d_mid+0=108652.1875  sbar_dark_T5a_mid+0=626410.6250  sbar_dark_T5b_mid+0=557875.3750  sbar_dark_T5c_mid+0=511186.4375  sbar_dark_T5d_mid+0=555376.6875  sbar_dark_T4a_mid+1=78603.3906  sbar_dark_T4b_mid+1=27239.3594  sbar_dark_T4c_mid+1=58556.3711  sbar_dark_T4d_mid+1=97313.7734  sbar_dark_T5a_mid+1=245174.6562  sbar_dark_T5b_mid+1=293359.2500  sbar_dark_T5c_mid+1=253154.9688  sbar_dark_T5d_mid+1=242424.8438  sbar_dark_T4a_mid+2=33500.1680  sbar_dark_T4b_mid+2=99211.7344  sbar_dark_T4c_mid+2=39608.0000  sbar_dark_T4d_mid+2=24876.3750  sbar_dark_T5a_mid+2=421185.2188  sbar_dark_T5b_mid+2=396239.8750  sbar_dark_T5c_mid+2=393648.7812  sbar_dark_T5d_mid+2=390718.1250  sbar_dark_T4a_mid-1=138064.4531  sbar_dark_T4b_mid-1=176872.3125  sbar_dark_T4c_mid-1=87168.2812  sbar_dark_T4d_mid-1=130969.8438  sbar_dark_T5a_mid-1=2046708.5000  sbar_dark_T5b_mid-1=1915700.3750  sbar_dark_T5c_mid-1=1916854.2500  sbar_dark_T5d_mid-1=2114389.0000  sbar_dark_T4a_mid-2=20136.2949  sbar_dark_T4b_mid-2=37870.1016  sbar_dark_T4c_mid-2=30247.3965  sbar_dark_T4d_mid-2=15127.0801  sbar_dark_T5b_mid-2=1143878.5000  sbar_dark_T5c_mid-2=1115963.0000  sbar_dark_T5d_mid-2=1167913.6250  sbar_dark_T5a_mid-2=1085171.5000  sbar_dark_T4a_mid-1.5=8990.5518  sbar_dark_T4b_mid-1.5=15256.3994  sbar_dark_T4c_mid-1.5=13751.6494  sbar_dark_T4d_mid-1.5=7445.7964  sbar_dark_T5a_mid-1.5=375622.9375  sbar_dark_T5b_mid-1.5=397239.0000  sbar_dark_T5c_mid-1.5=367701.5625  sbar_dark_T5d_mid-1.5=352141.5000  sbar_dark_T4a_mid-0.5=42476.1797  sbar_dark_T4b_mid-0.5=51539.0234  sbar_dark_T4c_mid-0.5=69842.8203  sbar_dark_T4d_mid-0.5=28669.4434  sbar_dark_T5a_mid-0.5=713085.3125  sbar_dark_T5b_mid-0.5=862513.0000  sbar_dark_T5c_mid-0.5=671828.1250  sbar_dark_T5d_mid-0.5=916524.5625  sbar_dark_T4a_mid+0.5=31401.9609  sbar_dark_T4b_mid+0.5=77044.1719  sbar_dark_T4c_mid+0.5=21567.8555  sbar_dark_T4d_mid+0.5=55691.7734  sbar_dark_T5a_mid+0.5=141479.6406  sbar_dark_T5b_mid+0.5=120243.9141  sbar_dark_T5c_mid+0.5=179488.0469  sbar_dark_T5d_mid+0.5=126476.4609  sbar_dark_T4b_mid+1.5=11213.3613  sbar_dark_T4c_mid+1.5=8883.7920  sbar_dark_T4d_mid+1.5=12574.1123  sbar_dark_T5a_mid+1.5=63610.4102  sbar_dark_T5b_mid+1.5=63645.2773  sbar_dark_T5c_mid+1.5=66840.3359  sbar_dark_T5d_mid+1.5=51094.2500  sbar_dark_T4a_mid+1.5=9537.0791]:   17%|█▋        | 170/1000 [01:50<08:59,  1.54it/s] Cost: 469638.4375  [spread_bright_L5=1490562.5000  spread_bright_Mi1=1775988.6250  spread_bright_Tm3=1434272.1250  spread_bright_Mi4=2280217.2500  spread_dark_L1=859797.6875  spread_dark_L2=1242801.2500  spread_dark_L3=2139160.0000  spread_dark_L4=3046833.5000  spread_dark_Mi9=1514900.3750  spread_dark_Tm1=1072595.1250  spread_dark_Tm2=1342400.5000  spread_dark_Tm4=1727034.6250  spread_dark_Tm9=1848080.7500  sbar_bright_T4a_mid+0=577127.7500  sbar_bright_T4b_mid+0=522154.8438  sbar_bright_T4c_mid+0=574090.8750  sbar_bright_T4d_mid+0=558155.4375  sbar_bright_T5a_mid+0=105638.4375  sbar_bright_T5b_mid+0=122082.2812  sbar_bright_T5c_mid+0=140864.3125  sbar_bright_T5d_mid+0=126536.2266  sbar_bright_T4a_mid+1=257362.0781  sbar_bright_T4b_mid+1=246261.8906  sbar_bright_T4c_mid+1=234088.0000  sbar_bright_T4d_mid+1=252204.2500  sbar_bright_T5a_mid+1=187283.0000  sbar_bright_T5b_mid+1=187766.4062  sbar_bright_T5c_mid+1=173777.7188  sbar_bright_T5d_mid+1=187566.8750  sbar_bright_T4a_mid+2=83832.3125  sbar_bright_T4b_mid+2=81130.7734  sbar_bright_T4c_mid+2=75619.0078  sbar_bright_T4d_mid+2=84159.7812  sbar_bright_T5a_mid+2=368468.9688  sbar_bright_T5b_mid+2=336388.8125  sbar_bright_T5c_mid+2=354870.5312  sbar_bright_T5d_mid+2=351402.0625  sbar_bright_T4a_mid-1=2174115.0000  sbar_bright_T4b_mid-1=1650761.8750  sbar_bright_T4c_mid-1=2095284.7500  sbar_bright_T4d_mid-1=2215653.0000  sbar_bright_T5a_mid-1=359188.5938  sbar_bright_T5b_mid-1=325666.0625  sbar_bright_T5c_mid-1=334451.5625  sbar_bright_T5d_mid-1=383642.8125  sbar_bright_T4a_mid-2=604468.1250  sbar_bright_T4b_mid-2=506998.5625  sbar_bright_T4c_mid-2=554048.9375  sbar_bright_T4d_mid-2=565097.0625  sbar_bright_T5b_mid-2=148628.7969  sbar_bright_T5c_mid-2=137177.4688  sbar_bright_T5d_mid-2=149411.6875  sbar_bright_T5a_mid-2=147918.8594  sbar_bright_T4a_mid-1.5=275220.0000  sbar_bright_T4b_mid-1.5=254000.2500  sbar_bright_T4c_mid-1.5=259071.2188  sbar_bright_T4d_mid-1.5=294054.4688  sbar_bright_T5a_mid-1.5=137452.8906  sbar_bright_T5b_mid-1.5=143519.9062  sbar_bright_T5c_mid-1.5=132152.9688  sbar_bright_T5d_mid-1.5=127453.1406  sbar_bright_T4a_mid-0.5=1185643.7500  sbar_bright_T4b_mid-0.5=1237227.8750  sbar_bright_T4c_mid-0.5=1314277.2500  sbar_bright_T4d_mid-0.5=1274058.1250  sbar_bright_T5a_mid-0.5=128982.4219  sbar_bright_T5b_mid-0.5=155433.5000  sbar_bright_T5c_mid-0.5=114607.2578  sbar_bright_T5d_mid-0.5=156899.0938  sbar_bright_T4a_mid+0.5=259656.3125  sbar_bright_T4b_mid+0.5=178247.2031  sbar_bright_T4c_mid+0.5=178735.1094  sbar_bright_T4d_mid+0.5=184640.5156  sbar_bright_T5a_mid+0.5=58031.2031  sbar_bright_T5b_mid+0.5=57241.0664  sbar_bright_T5c_mid+0.5=61011.1523  sbar_bright_T5d_mid+0.5=58663.8867  sbar_bright_T4b_mid+1.5=37765.1484  sbar_bright_T4c_mid+1.5=48164.1484  sbar_bright_T4d_mid+1.5=36462.0898  sbar_bright_T5a_mid+1.5=78874.8516  sbar_bright_T5b_mid+1.5=80326.6250  sbar_bright_T5c_mid+1.5=83252.3672  sbar_bright_T5d_mid+1.5=66550.9297  sbar_bright_T4a_mid+1.5=34670.8359  sbar_dark_T4a_mid+0=87624.1406  sbar_dark_T4b_mid+0=76334.6250  sbar_dark_T4c_mid+0=105210.9766  sbar_dark_T4d_mid+0=118206.3750  sbar_dark_T5a_mid+0=631138.5625  sbar_dark_T5b_mid+0=559019.1250  sbar_dark_T5c_mid+0=507461.0000  sbar_dark_T5d_mid+0=558180.7500  sbar_dark_T4a_mid+1=82870.8828  sbar_dark_T4b_mid+1=26269.3867  sbar_dark_T4c_mid+1=57800.3594  sbar_dark_T4d_mid+1=102822.5859  sbar_dark_T5a_mid+1=247578.4219  sbar_dark_T5b_mid+1=291248.5312  sbar_dark_T5c_mid+1=253617.2812  sbar_dark_T5d_mid+1=242176.2344  sbar_dark_T4a_mid+2=33649.8438  sbar_dark_T4b_mid+2=98398.5234  sbar_dark_T4c_mid+2=38841.9297  sbar_dark_T4d_mid+2=25274.1445  sbar_dark_T5a_mid+2=420259.2812  sbar_dark_T5b_mid+2=396203.5625  sbar_dark_T5c_mid+2=392119.5625  sbar_dark_T5d_mid+2=390013.5938  sbar_dark_T4a_mid-1=138776.4062  sbar_dark_T4b_mid-1=170334.6250  sbar_dark_T4c_mid-1=84963.5859  sbar_dark_T4d_mid-1=132598.5156  sbar_dark_T5a_mid-1=2033856.2500  sbar_dark_T5b_mid-1=1909886.6250  sbar_dark_T5c_mid-1=1902400.0000  sbar_dark_T5d_mid-1=2108962.0000  sbar_dark_T4a_mid-2=21694.7500  sbar_dark_T4b_mid-2=37794.1445  sbar_dark_T4c_mid-2=29371.0000  sbar_dark_T4d_mid-2=15666.1680  sbar_dark_T5b_mid-2=1138318.3750  sbar_dark_T5c_mid-2=1109747.3750  sbar_dark_T5d_mid-2=1161883.1250  sbar_dark_T5a_mid-2=1079168.1250  sbar_dark_T4a_mid-1.5=9343.7539  sbar_dark_T4b_mid-1.5=15389.5508  sbar_dark_T4c_mid-1.5=13395.6826  sbar_dark_T4d_mid-1.5=7721.1187  sbar_dark_T5a_mid-1.5=375354.0938  sbar_dark_T5b_mid-1.5=397693.6562  sbar_dark_T5c_mid-1.5=366392.3750  sbar_dark_T5d_mid-1.5=352554.3750  sbar_dark_T4a_mid-0.5=45516.3359  sbar_dark_T4b_mid-0.5=49909.5547  sbar_dark_T4c_mid-0.5=66067.5391  sbar_dark_T4d_mid-0.5=28606.4785  sbar_dark_T5a_mid-0.5=708843.0000  sbar_dark_T5b_mid-0.5=860883.6875  sbar_dark_T5c_mid-0.5=666201.3750  sbar_dark_T5d_mid-0.5=909679.3125  sbar_dark_T4a_mid+0.5=31753.6543  sbar_dark_T4b_mid+0.5=74143.1406  sbar_dark_T4c_mid+0.5=20783.1699  sbar_dark_T4d_mid+0.5=58092.4922  sbar_dark_T5a_mid+0.5=141149.5781  sbar_dark_T5b_mid+0.5=118894.2812  sbar_dark_T5c_mid+0.5=176998.0781  sbar_dark_T5d_mid+0.5=125490.4844  sbar_dark_T4b_mid+1.5=10666.4980  sbar_dark_T4c_mid+1.5=8571.6592  sbar_dark_T4d_mid+1.5=12360.9697  sbar_dark_T5a_mid+1.5=63466.2344  sbar_dark_T5b_mid+1.5=63884.9961  sbar_dark_T5c_mid+1.5=67010.3750  sbar_dark_T5d_mid+1.5=51144.2539  sbar_dark_T4a_mid+1.5=9178.9795]:  18%|█▊        | 180/1000 [01:56<08:51,  1.54it/s] Cost: 466083.4688  [spread_bright_L5=1540290.7500  spread_bright_Mi1=1778532.8750  spread_bright_Tm3=1442293.5000  spread_bright_Mi4=2308683.7500  spread_dark_L1=839991.0625  spread_dark_L2=1232746.0000  spread_dark_L3=2058272.8750  spread_dark_L4=2997875.7500  spread_dark_Mi9=1454323.2500  spread_dark_Tm1=1107997.8750  spread_dark_Tm2=1355040.1250  spread_dark_Tm4=1735949.7500  spread_dark_Tm9=1751291.5000  sbar_bright_T4a_mid+0=591146.0625  sbar_bright_T4b_mid+0=509901.0938  sbar_bright_T4c_mid+0=578354.9375  sbar_bright_T4d_mid+0=555637.9375  sbar_bright_T5a_mid+0=104898.0000  sbar_bright_T5b_mid+0=120379.2656  sbar_bright_T5c_mid+0=140473.1875  sbar_bright_T5d_mid+0=125442.2812  sbar_bright_T4a_mid+1=252447.5938  sbar_bright_T4b_mid+1=241252.6562  sbar_bright_T4c_mid+1=230042.9531  sbar_bright_T4d_mid+1=245641.7344  sbar_bright_T5a_mid+1=183982.0000  sbar_bright_T5b_mid+1=186186.1094  sbar_bright_T5c_mid+1=173418.2344  sbar_bright_T5d_mid+1=186936.4219  sbar_bright_T4a_mid+2=78811.3594  sbar_bright_T4b_mid+2=78298.1328  sbar_bright_T4c_mid+2=70546.2969  sbar_bright_T4d_mid+2=79662.3984  sbar_bright_T5a_mid+2=368614.2188  sbar_bright_T5b_mid+2=337512.0312  sbar_bright_T5c_mid+2=355820.4688  sbar_bright_T5d_mid+2=351838.9688  sbar_bright_T4a_mid-1=2143620.2500  sbar_bright_T4b_mid-1=1577437.5000  sbar_bright_T4c_mid-1=2074512.3750  sbar_bright_T4d_mid-1=2193386.5000  sbar_bright_T5a_mid-1=357069.7812  sbar_bright_T5b_mid-1=325551.0312  sbar_bright_T5c_mid-1=334287.8438  sbar_bright_T5d_mid-1=382637.6250  sbar_bright_T4a_mid-2=590857.5625  sbar_bright_T4b_mid-2=481595.0938  sbar_bright_T4c_mid-2=544299.1250  sbar_bright_T4d_mid-2=549878.8750  sbar_bright_T5b_mid-2=149202.0938  sbar_bright_T5c_mid-2=137383.2969  sbar_bright_T5d_mid-2=148999.6562  sbar_bright_T5a_mid-2=147688.7656  sbar_bright_T4a_mid-1.5=272005.1875  sbar_bright_T4b_mid-1.5=246182.1562  sbar_bright_T4c_mid-1.5=257243.7188  sbar_bright_T4d_mid-1.5=289829.3750  sbar_bright_T5a_mid-1.5=137744.8438  sbar_bright_T5b_mid-1.5=142620.2812  sbar_bright_T5c_mid-1.5=132338.5156  sbar_bright_T5d_mid-1.5=127669.7891  sbar_bright_T4a_mid-0.5=1163088.5000  sbar_bright_T4b_mid-0.5=1199777.7500  sbar_bright_T4c_mid-0.5=1303196.6250  sbar_bright_T4d_mid-0.5=1263919.7500  sbar_bright_T5a_mid-0.5=128592.6797  sbar_bright_T5b_mid-0.5=154950.1250  sbar_bright_T5c_mid-0.5=114052.9141  sbar_bright_T5d_mid-0.5=156477.9844  sbar_bright_T4a_mid+0.5=251656.7656  sbar_bright_T4b_mid+0.5=165137.9219  sbar_bright_T4c_mid+0.5=176667.5156  sbar_bright_T4d_mid+0.5=178834.9062  sbar_bright_T5a_mid+0.5=57872.3398  sbar_bright_T5b_mid+0.5=56934.6719  sbar_bright_T5c_mid+0.5=60114.5703  sbar_bright_T5d_mid+0.5=58107.0312  sbar_bright_T4b_mid+1.5=39974.8359  sbar_bright_T4c_mid+1.5=50320.4805  sbar_bright_T4d_mid+1.5=36916.1836  sbar_bright_T5a_mid+1.5=78843.8594  sbar_bright_T5b_mid+1.5=79368.5234  sbar_bright_T5c_mid+1.5=83903.6016  sbar_bright_T5d_mid+1.5=66648.6875  sbar_bright_T4a_mid+1.5=35920.4102  sbar_dark_T4a_mid+0=127573.4844  sbar_dark_T4b_mid+0=99771.6562  sbar_dark_T4c_mid+0=123414.9375  sbar_dark_T4d_mid+0=147659.8594  sbar_dark_T5a_mid+0=635836.2500  sbar_dark_T5b_mid+0=558088.0000  sbar_dark_T5c_mid+0=503041.9375  sbar_dark_T5d_mid+0=561235.1875  sbar_dark_T4a_mid+1=81012.1406  sbar_dark_T4b_mid+1=26149.2812  sbar_dark_T4c_mid+1=62302.0664  sbar_dark_T4d_mid+1=108740.3516  sbar_dark_T5a_mid+1=249069.9375  sbar_dark_T5b_mid+1=287746.6562  sbar_dark_T5c_mid+1=254987.8281  sbar_dark_T5d_mid+1=241374.5781  sbar_dark_T4a_mid+2=32006.8262  sbar_dark_T4b_mid+2=77798.7031  sbar_dark_T4c_mid+2=39631.1836  sbar_dark_T4d_mid+2=25683.9023  sbar_dark_T5a_mid+2=419120.8750  sbar_dark_T5b_mid+2=396380.5938  sbar_dark_T5c_mid+2=391348.6250  sbar_dark_T5d_mid+2=389172.9688  sbar_dark_T4a_mid-1=134938.1562  sbar_dark_T4b_mid-1=167854.5781  sbar_dark_T4c_mid-1=87760.2344  sbar_dark_T4d_mid-1=132769.9219  sbar_dark_T5a_mid-1=2020746.6250  sbar_dark_T5b_mid-1=1903550.5000  sbar_dark_T5c_mid-1=1885801.0000  sbar_dark_T5d_mid-1=2101388.2500  sbar_dark_T4a_mid-2=22646.7461  sbar_dark_T4b_mid-2=37095.7227  sbar_dark_T4c_mid-2=29579.9648  sbar_dark_T4d_mid-2=16886.4219  sbar_dark_T5b_mid-2=1138946.3750  sbar_dark_T5c_mid-2=1102518.8750  sbar_dark_T5d_mid-2=1154674.6250  sbar_dark_T5a_mid-2=1073234.6250  sbar_dark_T4a_mid-1.5=9674.4932  sbar_dark_T4b_mid-1.5=16870.1895  sbar_dark_T4c_mid-1.5=14365.9844  sbar_dark_T4d_mid-1.5=8323.7754  sbar_dark_T5a_mid-1.5=375568.5625  sbar_dark_T5b_mid-1.5=395504.8125  sbar_dark_T5c_mid-1.5=366103.6250  sbar_dark_T5d_mid-1.5=352885.4375  sbar_dark_T4a_mid-0.5=46325.3789  sbar_dark_T4b_mid-0.5=48402.7969  sbar_dark_T4c_mid-0.5=62784.5391  sbar_dark_T4d_mid-0.5=27117.9180  sbar_dark_T5a_mid-0.5=704448.8750  sbar_dark_T5b_mid-0.5=856042.5000  sbar_dark_T5c_mid-0.5=660367.4375  sbar_dark_T5d_mid-0.5=906254.4375  sbar_dark_T4a_mid+0.5=29257.3730  sbar_dark_T4b_mid+0.5=68398.0312  sbar_dark_T4c_mid+0.5=20675.5098  sbar_dark_T4d_mid+0.5=58447.2500  sbar_dark_T5a_mid+0.5=141114.5469  sbar_dark_T5b_mid+0.5=119424.5234  sbar_dark_T5c_mid+0.5=173742.6094  sbar_dark_T5d_mid+0.5=124626.8281  sbar_dark_T4b_mid+1.5=8573.2588  sbar_dark_T4c_mid+1.5=8267.0332  sbar_dark_T4d_mid+1.5=11231.3223  sbar_dark_T5a_mid+1.5=63687.9375  sbar_dark_T5b_mid+1.5=63656.9102  sbar_dark_T5c_mid+1.5=67568.5938  sbar_dark_T5d_mid+1.5=51689.4102  sbar_dark_T4a_mid+1.5=8315.2236]:  19%|█▉        | 190/1000 [02:03<08:44,  1.54it/s] Cost: 462118.7188  [spread_bright_L5=1494614.7500  spread_bright_Mi1=1711268.1250  spread_bright_Tm3=1470056.2500  spread_bright_Mi4=2272741.5000  spread_dark_L1=862765.6250  spread_dark_L2=1151378.7500  spread_dark_L3=1991670.6250  spread_dark_L4=3070955.5000  spread_dark_Mi9=1424914.0000  spread_dark_Tm1=1006742.3750  spread_dark_Tm2=1316874.1250  spread_dark_Tm4=1738161.6250  spread_dark_Tm9=1730831.3750  sbar_bright_T4a_mid+0=560152.9375  sbar_bright_T4b_mid+0=490138.2812  sbar_bright_T4c_mid+0=557083.3750  sbar_bright_T4d_mid+0=538267.8750  sbar_bright_T5a_mid+0=105166.8125  sbar_bright_T5b_mid+0=120150.3125  sbar_bright_T5c_mid+0=139974.4375  sbar_bright_T5d_mid+0=123924.8828  sbar_bright_T4a_mid+1=257883.1562  sbar_bright_T4b_mid+1=250522.7812  sbar_bright_T4c_mid+1=236681.4531  sbar_bright_T4d_mid+1=256618.6094  sbar_bright_T5a_mid+1=181193.4844  sbar_bright_T5b_mid+1=183979.3438  sbar_bright_T5c_mid+1=171210.7969  sbar_bright_T5d_mid+1=184587.3281  sbar_bright_T4a_mid+2=84689.6875  sbar_bright_T4b_mid+2=84412.7344  sbar_bright_T4c_mid+2=75637.7500  sbar_bright_T4d_mid+2=84207.3125  sbar_bright_T5a_mid+2=364318.8438  sbar_bright_T5b_mid+2=333023.5312  sbar_bright_T5c_mid+2=352650.3750  sbar_bright_T5d_mid+2=348752.2812  sbar_bright_T4a_mid-1=2158509.7500  sbar_bright_T4b_mid-1=1543047.6250  sbar_bright_T4c_mid-1=2079852.2500  sbar_bright_T4d_mid-1=2210539.7500  sbar_bright_T5a_mid-1=357631.5312  sbar_bright_T5b_mid-1=324576.8438  sbar_bright_T5c_mid-1=333066.6562  sbar_bright_T5d_mid-1=381560.8750  sbar_bright_T4a_mid-2=606017.5000  sbar_bright_T4b_mid-2=483780.7812  sbar_bright_T4c_mid-2=556862.0625  sbar_bright_T4d_mid-2=560038.1875  sbar_bright_T5b_mid-2=147748.9531  sbar_bright_T5c_mid-2=136122.0469  sbar_bright_T5d_mid-2=148819.1875  sbar_bright_T5a_mid-2=145478.8750  sbar_bright_T4a_mid-1.5=275452.9062  sbar_bright_T4b_mid-1.5=245310.2500  sbar_bright_T4c_mid-1.5=259499.9219  sbar_bright_T4d_mid-1.5=294848.1250  sbar_bright_T5a_mid-1.5=136193.0156  sbar_bright_T5b_mid-1.5=143031.5938  sbar_bright_T5c_mid-1.5=130782.0312  sbar_bright_T5d_mid-1.5=127219.0391  sbar_bright_T4a_mid-0.5=1183166.6250  sbar_bright_T4b_mid-0.5=1204654.2500  sbar_bright_T4c_mid-0.5=1321435.3750  sbar_bright_T4d_mid-0.5=1264994.5000  sbar_bright_T5a_mid-0.5=128574.1484  sbar_bright_T5b_mid-0.5=154774.2969  sbar_bright_T5c_mid-0.5=113398.1797  sbar_bright_T5d_mid-0.5=156033.4219  sbar_bright_T4a_mid+0.5=260197.8281  sbar_bright_T4b_mid+0.5=171886.8125  sbar_bright_T4c_mid+0.5=176220.3125  sbar_bright_T4d_mid+0.5=181923.8125  sbar_bright_T5a_mid+0.5=57465.3203  sbar_bright_T5b_mid+0.5=55480.3320  sbar_bright_T5c_mid+0.5=58655.8320  sbar_bright_T5d_mid+0.5=57138.3164  sbar_bright_T4b_mid+1.5=38218.0156  sbar_bright_T4c_mid+1.5=47802.3164  sbar_bright_T4d_mid+1.5=36672.9766  sbar_bright_T5a_mid+1.5=76777.6016  sbar_bright_T5b_mid+1.5=78430.5000  sbar_bright_T5c_mid+1.5=82405.2266  sbar_bright_T5d_mid+1.5=65340.9570  sbar_bright_T4a_mid+1.5=33957.0547  sbar_dark_T4a_mid+0=79993.9688  sbar_dark_T4b_mid+0=70988.3516  sbar_dark_T4c_mid+0=97497.0625  sbar_dark_T4d_mid+0=107000.5156  sbar_dark_T5a_mid+0=609377.4375  sbar_dark_T5b_mid+0=551558.5000  sbar_dark_T5c_mid+0=496972.9688  sbar_dark_T5d_mid+0=554459.4375  sbar_dark_T4a_mid+1=81034.2344  sbar_dark_T4b_mid+1=26523.2031  sbar_dark_T4c_mid+1=57736.9844  sbar_dark_T4d_mid+1=99177.9844  sbar_dark_T5a_mid+1=247181.5156  sbar_dark_T5b_mid+1=284995.4688  sbar_dark_T5c_mid+1=250972.2812  sbar_dark_T5d_mid+1=238558.4531  sbar_dark_T4a_mid+2=34107.9766  sbar_dark_T4b_mid+2=88328.1328  sbar_dark_T4c_mid+2=39829.0273  sbar_dark_T4d_mid+2=27000.2461  sbar_dark_T5a_mid+2=416195.2500  sbar_dark_T5b_mid+2=391167.1875  sbar_dark_T5c_mid+2=386482.7812  sbar_dark_T5d_mid+2=384483.2812  sbar_dark_T4a_mid-1=136727.5625  sbar_dark_T4b_mid-1=168412.7031  sbar_dark_T4c_mid-1=80531.1016  sbar_dark_T4d_mid-1=129747.8203  sbar_dark_T5a_mid-1=2015361.1250  sbar_dark_T5b_mid-1=1896201.5000  sbar_dark_T5c_mid-1=1877329.1250  sbar_dark_T5d_mid-1=2097234.2500  sbar_dark_T4a_mid-2=21104.2090  sbar_dark_T4b_mid-2=41527.7695  sbar_dark_T4c_mid-2=27516.8320  sbar_dark_T4d_mid-2=14682.2773  sbar_dark_T5b_mid-2=1131774.5000  sbar_dark_T5c_mid-2=1095841.3750  sbar_dark_T5d_mid-2=1151504.1250  sbar_dark_T5a_mid-2=1065612.1250  sbar_dark_T4a_mid-1.5=9133.4990  sbar_dark_T4b_mid-1.5=19118.2793  sbar_dark_T4c_mid-1.5=12643.0371  sbar_dark_T4d_mid-1.5=7797.2563  sbar_dark_T5a_mid-1.5=374061.7188  sbar_dark_T5b_mid-1.5=396580.6250  sbar_dark_T5c_mid-1.5=363429.5938  sbar_dark_T5d_mid-1.5=352150.4062  sbar_dark_T4a_mid-0.5=44413.5977  sbar_dark_T4b_mid-0.5=52651.1133  sbar_dark_T4c_mid-0.5=63222.3984  sbar_dark_T4d_mid-0.5=29175.3711  sbar_dark_T5a_mid-0.5=706998.6875  sbar_dark_T5b_mid-0.5=857433.5000  sbar_dark_T5c_mid-0.5=656692.1250  sbar_dark_T5d_mid-0.5=905216.6250  sbar_dark_T4a_mid+0.5=31039.2773  sbar_dark_T4b_mid+0.5=69875.4844  sbar_dark_T4c_mid+0.5=18693.8066  sbar_dark_T4d_mid+0.5=56750.9922  sbar_dark_T5a_mid+0.5=140365.8125  sbar_dark_T5b_mid+0.5=116503.8438  sbar_dark_T5c_mid+0.5=168579.2656  sbar_dark_T5d_mid+0.5=123632.1094  sbar_dark_T4b_mid+1.5=10392.8594  sbar_dark_T4c_mid+1.5=8708.1494  sbar_dark_T4d_mid+1.5=12910.2236  sbar_dark_T5a_mid+1.5=62461.0156  sbar_dark_T5b_mid+1.5=62870.5117  sbar_dark_T5c_mid+1.5=66515.8281  sbar_dark_T5d_mid+1.5=50705.5820  sbar_dark_T4a_mid+1.5=9359.5986]:    20%|██        | 200/1000 [02:09<08:37,  1.55it/s] Cost: 457565.2500  [spread_bright_L5=1517350.8750  spread_bright_Mi1=1709437.5000  spread_bright_Tm3=1456040.6250  spread_bright_Mi4=2216389.0000  spread_dark_L1=847151.8750  spread_dark_L2=1140351.6250  spread_dark_L3=1920378.0000  spread_dark_L4=2988907.2500  spread_dark_Mi9=1391363.1250  spread_dark_Tm1=1078264.1250  spread_dark_Tm2=1325034.5000  spread_dark_Tm4=1693386.2500  spread_dark_Tm9=1667849.0000  sbar_bright_T4a_mid+0=542535.6875  sbar_bright_T4b_mid+0=481404.6875  sbar_bright_T4c_mid+0=547088.7500  sbar_bright_T4d_mid+0=525514.8125  sbar_bright_T5a_mid+0=103580.2891  sbar_bright_T5b_mid+0=117897.8203  sbar_bright_T5c_mid+0=143014.8750  sbar_bright_T5d_mid+0=125234.7656  sbar_bright_T4a_mid+1=255518.0156  sbar_bright_T4b_mid+1=244762.5156  sbar_bright_T4c_mid+1=234064.8906  sbar_bright_T4d_mid+1=251440.9844  sbar_bright_T5a_mid+1=183918.5625  sbar_bright_T5b_mid+1=184972.1719  sbar_bright_T5c_mid+1=173110.2812  sbar_bright_T5d_mid+1=187492.3125  sbar_bright_T4a_mid+2=79724.8672  sbar_bright_T4b_mid+2=83581.5859  sbar_bright_T4c_mid+2=70870.5547  sbar_bright_T4d_mid+2=79927.1094  sbar_bright_T5a_mid+2=367709.6875  sbar_bright_T5b_mid+2=336275.8438  sbar_bright_T5c_mid+2=357489.9688  sbar_bright_T5d_mid+2=352782.2812  sbar_bright_T4a_mid-1=2136629.5000  sbar_bright_T4b_mid-1=1549378.6250  sbar_bright_T4c_mid-1=2050696.0000  sbar_bright_T4d_mid-1=2186681.7500  sbar_bright_T5a_mid-1=351476.2500  sbar_bright_T5b_mid-1=322518.7812  sbar_bright_T5c_mid-1=329787.6250  sbar_bright_T5d_mid-1=378995.8438  sbar_bright_T4a_mid-2=587582.0000  sbar_bright_T4b_mid-2=474175.7812  sbar_bright_T4c_mid-2=540798.8750  sbar_bright_T4d_mid-2=542974.1250  sbar_bright_T5b_mid-2=149579.2812  sbar_bright_T5c_mid-2=136908.6250  sbar_bright_T5d_mid-2=148944.5312  sbar_bright_T5a_mid-2=146029.8281  sbar_bright_T4a_mid-1.5=271020.4062  sbar_bright_T4b_mid-1.5=247161.0000  sbar_bright_T4c_mid-1.5=255480.5000  sbar_bright_T4d_mid-1.5=291720.2188  sbar_bright_T5a_mid-1.5=136142.2500  sbar_bright_T5b_mid-1.5=142489.5469  sbar_bright_T5c_mid-1.5=130630.4844  sbar_bright_T5d_mid-1.5=127357.8594  sbar_bright_T4a_mid-0.5=1157076.3750  sbar_bright_T4b_mid-0.5=1194952.2500  sbar_bright_T4c_mid-0.5=1299338.7500  sbar_bright_T4d_mid-0.5=1255899.8750  sbar_bright_T5a_mid-0.5=129754.5781  sbar_bright_T5b_mid-0.5=154212.2812  sbar_bright_T5c_mid-0.5=113035.0547  sbar_bright_T5d_mid-0.5=154287.2031  sbar_bright_T4a_mid+0.5=250647.5469  sbar_bright_T4b_mid+0.5=163970.1406  sbar_bright_T4c_mid+0.5=172925.8125  sbar_bright_T4d_mid+0.5=174288.7500  sbar_bright_T5a_mid+0.5=59352.7461  sbar_bright_T5b_mid+0.5=59607.4531  sbar_bright_T5c_mid+0.5=58160.0352  sbar_bright_T5d_mid+0.5=58050.4844  sbar_bright_T4b_mid+1.5=40554.8672  sbar_bright_T4c_mid+1.5=50839.4609  sbar_bright_T4d_mid+1.5=37656.0391  sbar_bright_T5a_mid+1.5=78519.2891  sbar_bright_T5b_mid+1.5=78961.0625  sbar_bright_T5c_mid+1.5=85335.2734  sbar_bright_T5d_mid+1.5=66588.6328  sbar_bright_T4a_mid+1.5=35983.5898  sbar_dark_T4a_mid+0=97392.7031  sbar_dark_T4b_mid+0=80764.5625  sbar_dark_T4c_mid+0=107406.5859  sbar_dark_T4d_mid+0=121895.3125  sbar_dark_T5a_mid+0=606086.1875  sbar_dark_T5b_mid+0=541536.6250  sbar_dark_T5c_mid+0=480669.6875  sbar_dark_T5d_mid+0=555146.1250  sbar_dark_T4a_mid+1=80105.5859  sbar_dark_T4b_mid+1=24138.1230  sbar_dark_T4c_mid+1=61394.0625  sbar_dark_T4d_mid+1=103408.7578  sbar_dark_T5a_mid+1=247313.5000  sbar_dark_T5b_mid+1=281621.0000  sbar_dark_T5c_mid+1=253016.2812  sbar_dark_T5d_mid+1=240571.2500  sbar_dark_T4a_mid+2=31916.5898  sbar_dark_T4b_mid+2=75254.3672  sbar_dark_T4c_mid+2=41214.0820  sbar_dark_T4d_mid+2=26546.1035  sbar_dark_T5a_mid+2=416994.0312  sbar_dark_T5b_mid+2=391968.8750  sbar_dark_T5c_mid+2=386761.5938  sbar_dark_T5d_mid+2=385691.6250  sbar_dark_T4a_mid-1=135047.5000  sbar_dark_T4b_mid-1=149525.4844  sbar_dark_T4c_mid-1=82605.4688  sbar_dark_T4d_mid-1=131004.1094  sbar_dark_T5a_mid-1=1998114.1250  sbar_dark_T5b_mid-1=1883786.0000  sbar_dark_T5c_mid-1=1852070.3750  sbar_dark_T5d_mid-1=2088210.3750  sbar_dark_T4a_mid-2=22246.3691  sbar_dark_T4b_mid-2=33458.5156  sbar_dark_T4c_mid-2=28642.1836  sbar_dark_T4d_mid-2=15814.0518  sbar_dark_T5b_mid-2=1133199.3750  sbar_dark_T5c_mid-2=1091155.7500  sbar_dark_T5d_mid-2=1145961.6250  sbar_dark_T5a_mid-2=1052267.6250  sbar_dark_T4a_mid-1.5=9338.0303  sbar_dark_T4b_mid-1.5=14678.3945  sbar_dark_T4c_mid-1.5=13345.6699  sbar_dark_T4d_mid-1.5=8173.5068  sbar_dark_T5a_mid-1.5=374443.8750  sbar_dark_T5b_mid-1.5=395391.3125  sbar_dark_T5c_mid-1.5=362547.5625  sbar_dark_T5d_mid-1.5=352717.9062  sbar_dark_T4a_mid-0.5=45228.7266  sbar_dark_T4b_mid-0.5=45003.2812  sbar_dark_T4c_mid-0.5=63447.4219  sbar_dark_T4d_mid-0.5=28186.7031  sbar_dark_T5a_mid-0.5=698024.9375  sbar_dark_T5b_mid-0.5=851966.8750  sbar_dark_T5c_mid-0.5=651188.5000  sbar_dark_T5d_mid-0.5=897680.5000  sbar_dark_T4a_mid+0.5=29101.5312  sbar_dark_T4b_mid+0.5=67929.9531  sbar_dark_T4c_mid+0.5=19455.6328  sbar_dark_T4d_mid+0.5=58438.1328  sbar_dark_T5a_mid+0.5=140601.5469  sbar_dark_T5b_mid+0.5=114204.0625  sbar_dark_T5c_mid+0.5=165230.3906  sbar_dark_T5d_mid+0.5=122526.7734  sbar_dark_T4b_mid+1.5=8264.7334  sbar_dark_T4c_mid+1.5=7725.3486  sbar_dark_T4d_mid+1.5=11802.6016  sbar_dark_T5a_mid+1.5=62487.1055  sbar_dark_T5b_mid+1.5=62933.9844  sbar_dark_T5c_mid+1.5=67236.4922  sbar_dark_T5d_mid+1.5=51201.4023  sbar_dark_T4a_mid+1.5=8313.7959]:  21%|██        | 210/1000 [02:16<08:33,  1.54it/s] Cost: 451255.1875  [spread_bright_L5=1546797.3750  spread_bright_Mi1=1707699.8750  spread_bright_Tm3=1458295.3750  spread_bright_Mi4=2170497.2500  spread_dark_L1=852263.3750  spread_dark_L2=1145318.5000  spread_dark_L3=1846520.2500  spread_dark_L4=2893116.7500  spread_dark_Mi9=1376068.2500  spread_dark_Tm1=1194466.3750  spread_dark_Tm2=1330789.3750  spread_dark_Tm4=1364018.0000  spread_dark_Tm9=1619958.3750  sbar_bright_T4a_mid+0=546442.3750  sbar_bright_T4b_mid+0=467433.1250  sbar_bright_T4c_mid+0=528841.9375  sbar_bright_T4d_mid+0=511581.5000  sbar_bright_T5a_mid+0=104279.1953  sbar_bright_T5b_mid+0=116327.9375  sbar_bright_T5c_mid+0=136944.5781  sbar_bright_T5d_mid+0=122370.3047  sbar_bright_T4a_mid+1=254121.1562  sbar_bright_T4b_mid+1=246430.8906  sbar_bright_T4c_mid+1=235831.9688  sbar_bright_T4d_mid+1=252430.0625  sbar_bright_T5a_mid+1=182198.8438  sbar_bright_T5b_mid+1=184946.1250  sbar_bright_T5c_mid+1=170900.0625  sbar_bright_T5d_mid+1=186397.6719  sbar_bright_T4a_mid+2=78459.2422  sbar_bright_T4b_mid+2=87722.4531  sbar_bright_T4c_mid+2=69430.5625  sbar_bright_T4d_mid+2=79478.0547  sbar_bright_T5a_mid+2=366588.4688  sbar_bright_T5b_mid+2=335085.3125  sbar_bright_T5c_mid+2=352823.8438  sbar_bright_T5d_mid+2=351988.8438  sbar_bright_T4a_mid-1=2102894.5000  sbar_bright_T4b_mid-1=1504165.3750  sbar_bright_T4c_mid-1=2022902.7500  sbar_bright_T4d_mid-1=2162345.2500  sbar_bright_T5a_mid-1=352286.3750  sbar_bright_T5b_mid-1=323197.2812  sbar_bright_T5c_mid-1=331342.2188  sbar_bright_T5d_mid-1=379652.5312  sbar_bright_T4a_mid-2=570737.9375  sbar_bright_T4b_mid-2=460241.4375  sbar_bright_T4c_mid-2=527935.6875  sbar_bright_T4d_mid-2=532977.5000  sbar_bright_T5b_mid-2=148854.0781  sbar_bright_T5c_mid-2=135967.9375  sbar_bright_T5d_mid-2=146973.9531  sbar_bright_T5a_mid-2=144631.1875  sbar_bright_T4a_mid-1.5=267392.6875  sbar_bright_T4b_mid-1.5=241943.7188  sbar_bright_T4c_mid-1.5=252728.2812  sbar_bright_T4d_mid-1.5=289095.0625  sbar_bright_T5a_mid-1.5=137113.2656  sbar_bright_T5b_mid-1.5=143387.7656  sbar_bright_T5c_mid-1.5=131386.7500  sbar_bright_T5d_mid-1.5=127269.6719  sbar_bright_T4a_mid-0.5=1129345.5000  sbar_bright_T4b_mid-0.5=1171696.3750  sbar_bright_T4c_mid-0.5=1288327.7500  sbar_bright_T4d_mid-0.5=1243314.0000  sbar_bright_T5a_mid-0.5=127764.6797  sbar_bright_T5b_mid-0.5=155130.7656  sbar_bright_T5c_mid-0.5=111986.1875  sbar_bright_T5d_mid-0.5=155648.5156  sbar_bright_T4a_mid+0.5=242091.6250  sbar_bright_T4b_mid+0.5=156918.1875  sbar_bright_T4c_mid+0.5=169123.7656  sbar_bright_T4d_mid+0.5=169303.8594  sbar_bright_T5a_mid+0.5=59104.3828  sbar_bright_T5b_mid+0.5=58218.5195  sbar_bright_T5c_mid+0.5=58276.5742  sbar_bright_T5d_mid+0.5=54084.0977  sbar_bright_T4b_mid+1.5=42166.1797  sbar_bright_T4c_mid+1.5=53098.5781  sbar_bright_T4d_mid+1.5=38569.6016  sbar_bright_T5a_mid+1.5=79371.8672  sbar_bright_T5b_mid+1.5=81241.5000  sbar_bright_T5c_mid+1.5=85265.5156  sbar_bright_T5d_mid+1.5=66976.6406  sbar_bright_T4a_mid+1.5=37747.7891  sbar_dark_T4a_mid+0=108098.5391  sbar_dark_T4b_mid+0=83025.5078  sbar_dark_T4c_mid+0=113652.7031  sbar_dark_T4d_mid+0=118618.6875  sbar_dark_T5a_mid+0=562932.5625  sbar_dark_T5b_mid+0=496379.2500  sbar_dark_T5c_mid+0=447668.1562  sbar_dark_T5d_mid+0=514339.1875  sbar_dark_T4a_mid+1=88065.9062  sbar_dark_T4b_mid+1=24850.2695  sbar_dark_T4c_mid+1=65223.2422  sbar_dark_T4d_mid+1=96708.2578  sbar_dark_T5a_mid+1=246387.2656  sbar_dark_T5b_mid+1=284720.0625  sbar_dark_T5c_mid+1=243010.1250  sbar_dark_T5d_mid+1=233110.8438  sbar_dark_T4a_mid+2=34450.6797  sbar_dark_T4b_mid+2=78756.4062  sbar_dark_T4c_mid+2=44424.4648  sbar_dark_T4d_mid+2=26155.2285  sbar_dark_T5a_mid+2=407321.6875  sbar_dark_T5b_mid+2=384622.4375  sbar_dark_T5c_mid+2=380433.3750  sbar_dark_T5d_mid+2=383044.7188  sbar_dark_T4a_mid-1=139038.5781  sbar_dark_T4b_mid-1=158452.1250  sbar_dark_T4c_mid-1=86306.2812  sbar_dark_T4d_mid-1=134474.2812  sbar_dark_T5a_mid-1=1988162.2500  sbar_dark_T5b_mid-1=1853126.1250  sbar_dark_T5c_mid-1=1851471.0000  sbar_dark_T5d_mid-1=2088826.2500  sbar_dark_T4a_mid-2=24556.7500  sbar_dark_T4b_mid-2=37050.6172  sbar_dark_T4c_mid-2=30744.0332  sbar_dark_T4d_mid-2=16314.6357  sbar_dark_T5b_mid-2=1122813.6250  sbar_dark_T5c_mid-2=1098533.2500  sbar_dark_T5d_mid-2=1153006.6250  sbar_dark_T5a_mid-2=1023989.5000  sbar_dark_T4a_mid-1.5=9627.4092  sbar_dark_T4b_mid-1.5=15714.6035  sbar_dark_T4c_mid-1.5=13674.5596  sbar_dark_T4d_mid-1.5=8451.1201  sbar_dark_T5a_mid-1.5=376527.3750  sbar_dark_T5b_mid-1.5=395814.5000  sbar_dark_T5c_mid-1.5=363288.6250  sbar_dark_T5d_mid-1.5=350745.9688  sbar_dark_T4a_mid-0.5=53219.2461  sbar_dark_T4b_mid-0.5=46634.7773  sbar_dark_T4c_mid-0.5=69280.5938  sbar_dark_T4d_mid-0.5=28427.0312  sbar_dark_T5a_mid-0.5=684073.3125  sbar_dark_T5b_mid-0.5=854729.8750  sbar_dark_T5c_mid-0.5=659417.5000  sbar_dark_T5d_mid-0.5=903798.6875  sbar_dark_T4a_mid+0.5=31647.5137  sbar_dark_T4b_mid+0.5=71672.2734  sbar_dark_T4c_mid+0.5=19808.9473  sbar_dark_T4d_mid+0.5=62209.5625  sbar_dark_T5a_mid+0.5=136625.4531  sbar_dark_T5b_mid+0.5=112603.5234  sbar_dark_T5c_mid+0.5=162267.5625  sbar_dark_T5d_mid+0.5=118819.6250  sbar_dark_T4b_mid+1.5=7759.6294  sbar_dark_T4c_mid+1.5=7849.5874  sbar_dark_T4d_mid+1.5=11869.8252  sbar_dark_T5a_mid+1.5=61900.8672  sbar_dark_T5b_mid+1.5=64088.9648  sbar_dark_T5c_mid+1.5=65958.5156  sbar_dark_T5d_mid+1.5=50189.9414  sbar_dark_T4a_mid+1.5=8441.1162]:  22%|██▏       | 220/1000 [02:22<08:25,  1.54it/s] Cost: 447501.7188  [spread_bright_L5=1546224.8750  spread_bright_Mi1=1741679.2500  spread_bright_Tm3=1471447.7500  spread_bright_Mi4=2225794.5000  spread_dark_L1=868331.7500  spread_dark_L2=1045918.2500  spread_dark_L3=1776247.0000  spread_dark_L4=2968452.0000  spread_dark_Mi9=1401324.0000  spread_dark_Tm1=1047500.9375  spread_dark_Tm2=1314069.1250  spread_dark_Tm4=1360904.5000  spread_dark_Tm9=1641958.6250  sbar_bright_T4a_mid+0=545395.6250  sbar_bright_T4b_mid+0=453841.2500  sbar_bright_T4c_mid+0=514329.9688  sbar_bright_T4d_mid+0=495207.4375  sbar_bright_T5a_mid+0=106486.5781  sbar_bright_T5b_mid+0=116744.5156  sbar_bright_T5c_mid+0=140757.1719  sbar_bright_T5d_mid+0=123322.1172  sbar_bright_T4a_mid+1=256515.1562  sbar_bright_T4b_mid+1=247436.6406  sbar_bright_T4c_mid+1=238978.5469  sbar_bright_T4d_mid+1=257103.7344  sbar_bright_T5a_mid+1=181498.7812  sbar_bright_T5b_mid+1=183687.7656  sbar_bright_T5c_mid+1=174156.5938  sbar_bright_T5d_mid+1=187397.1094  sbar_bright_T4a_mid+2=78043.9062  sbar_bright_T4b_mid+2=87769.8203  sbar_bright_T4c_mid+2=69702.2266  sbar_bright_T4d_mid+2=79662.3516  sbar_bright_T5a_mid+2=368122.8125  sbar_bright_T5b_mid+2=334464.5625  sbar_bright_T5c_mid+2=357127.7812  sbar_bright_T5d_mid+2=353034.1562  sbar_bright_T4a_mid-1=2064088.1250  sbar_bright_T4b_mid-1=1475966.8750  sbar_bright_T4c_mid-1=2020581.6250  sbar_bright_T4d_mid-1=2146268.0000  sbar_bright_T5a_mid-1=354250.1562  sbar_bright_T5b_mid-1=320047.5312  sbar_bright_T5c_mid-1=327834.5312  sbar_bright_T5d_mid-1=377089.3750  sbar_bright_T4a_mid-2=571136.9375  sbar_bright_T4b_mid-2=461047.9375  sbar_bright_T4c_mid-2=531332.5625  sbar_bright_T4d_mid-2=534549.7500  sbar_bright_T5b_mid-2=149981.8281  sbar_bright_T5c_mid-2=134793.5469  sbar_bright_T5d_mid-2=147127.0000  sbar_bright_T5a_mid-2=143213.6406  sbar_bright_T4a_mid-1.5=267069.8125  sbar_bright_T4b_mid-1.5=238690.2188  sbar_bright_T4c_mid-1.5=252184.2656  sbar_bright_T4d_mid-1.5=289142.8125  sbar_bright_T5a_mid-1.5=136707.6875  sbar_bright_T5b_mid-1.5=142241.7031  sbar_bright_T5c_mid-1.5=130090.7656  sbar_bright_T5d_mid-1.5=127260.0000  sbar_bright_T4a_mid-0.5=1117023.7500  sbar_bright_T4b_mid-0.5=1160829.2500  sbar_bright_T4c_mid-0.5=1291548.7500  sbar_bright_T4d_mid-0.5=1233067.5000  sbar_bright_T5a_mid-0.5=129509.4531  sbar_bright_T5b_mid-0.5=152529.6406  sbar_bright_T5c_mid-0.5=110326.0156  sbar_bright_T5d_mid-0.5=153754.1875  sbar_bright_T4a_mid+0.5=238361.3438  sbar_bright_T4b_mid+0.5=152505.9219  sbar_bright_T4c_mid+0.5=165813.1875  sbar_bright_T4d_mid+0.5=169265.5781  sbar_bright_T5a_mid+0.5=60138.9688  sbar_bright_T5b_mid+0.5=58938.8867  sbar_bright_T5c_mid+0.5=57852.6484  sbar_bright_T5d_mid+0.5=54818.6406  sbar_bright_T4b_mid+1.5=42464.0547  sbar_bright_T4c_mid+1.5=54027.0547  sbar_bright_T4d_mid+1.5=39994.8320  sbar_bright_T5a_mid+1.5=78924.5078  sbar_bright_T5b_mid+1.5=80129.5781  sbar_bright_T5c_mid+1.5=86926.0938  sbar_bright_T5d_mid+1.5=67166.2266  sbar_bright_T4a_mid+1.5=38287.3008  sbar_dark_T4a_mid+0=90864.5312  sbar_dark_T4b_mid+0=69690.5547  sbar_dark_T4c_mid+0=98967.3984  sbar_dark_T4d_mid+0=96199.9688  sbar_dark_T5a_mid+0=549357.9375  sbar_dark_T5b_mid+0=512048.8438  sbar_dark_T5c_mid+0=442393.7812  sbar_dark_T5d_mid+0=531425.8125  sbar_dark_T4a_mid+1=86401.1562  sbar_dark_T4b_mid+1=24661.1836  sbar_dark_T4c_mid+1=62236.1445  sbar_dark_T4d_mid+1=84843.3906  sbar_dark_T5a_mid+1=270128.6250  sbar_dark_T5b_mid+1=277116.8750  sbar_dark_T5c_mid+1=255710.0938  sbar_dark_T5d_mid+1=234251.1719  sbar_dark_T4a_mid+2=35111.1523  sbar_dark_T4b_mid+2=79166.6406  sbar_dark_T4c_mid+2=42095.5312  sbar_dark_T4d_mid+2=25804.1582  sbar_dark_T5a_mid+2=407275.6875  sbar_dark_T5b_mid+2=381190.0625  sbar_dark_T5c_mid+2=378727.2812  sbar_dark_T5d_mid+2=379962.6562  sbar_dark_T4a_mid-1=139576.8438  sbar_dark_T4b_mid-1=158575.2188  sbar_dark_T4c_mid-1=82564.3906  sbar_dark_T4d_mid-1=132477.0156  sbar_dark_T5a_mid-1=1958746.5000  sbar_dark_T5b_mid-1=1836077.2500  sbar_dark_T5c_mid-1=1796146.7500  sbar_dark_T5d_mid-1=2065041.3750  sbar_dark_T4a_mid-2=23660.1562  sbar_dark_T4b_mid-2=38676.4102  sbar_dark_T4c_mid-2=28779.0625  sbar_dark_T4d_mid-2=15781.6348  sbar_dark_T5b_mid-2=1115822.2500  sbar_dark_T5c_mid-2=1074596.8750  sbar_dark_T5d_mid-2=1141912.6250  sbar_dark_T5a_mid-2=1003988.6875  sbar_dark_T4a_mid-1.5=9521.9004  sbar_dark_T4b_mid-1.5=17212.5801  sbar_dark_T4c_mid-1.5=12799.3467  sbar_dark_T4d_mid-1.5=8232.9600  sbar_dark_T5a_mid-1.5=374037.6250  sbar_dark_T5b_mid-1.5=394139.9375  sbar_dark_T5c_mid-1.5=360148.7812  sbar_dark_T5d_mid-1.5=351164.6562  sbar_dark_T4a_mid-0.5=52183.9883  sbar_dark_T4b_mid-0.5=49013.6797  sbar_dark_T4c_mid-0.5=65934.2969  sbar_dark_T4d_mid-0.5=29017.2715  sbar_dark_T5a_mid-0.5=675796.6875  sbar_dark_T5b_mid-0.5=843073.9375  sbar_dark_T5c_mid-0.5=627134.6250  sbar_dark_T5d_mid-0.5=894277.8125  sbar_dark_T4a_mid+0.5=32443.5020  sbar_dark_T4b_mid+0.5=68197.5547  sbar_dark_T4c_mid+0.5=18744.5664  sbar_dark_T4d_mid+0.5=57853.8242  sbar_dark_T5a_mid+0.5=134657.9062  sbar_dark_T5b_mid+0.5=108528.4922  sbar_dark_T5c_mid+0.5=156222.6250  sbar_dark_T5d_mid+0.5=114828.6406  sbar_dark_T4b_mid+1.5=7685.0391  sbar_dark_T4c_mid+1.5=8233.0039  sbar_dark_T4d_mid+1.5=11634.1719  sbar_dark_T5a_mid+1.5=61171.1328  sbar_dark_T5b_mid+1.5=63022.0273  sbar_dark_T5c_mid+1.5=66477.7734  sbar_dark_T5d_mid+1.5=50242.8047  sbar_dark_T4a_mid+1.5=8551.4111]:     23%|██▎       | 230/1000 [02:29<08:18,  1.54it/s] Cost: 444110.8438  [spread_bright_L5=1529656.1250  spread_bright_Mi1=1695346.0000  spread_bright_Tm3=1476555.3750  spread_bright_Mi4=2290167.0000  spread_dark_L1=877836.4375  spread_dark_L2=1043415.4375  spread_dark_L3=1729137.5000  spread_dark_L4=2941347.0000  spread_dark_Mi9=1355505.8750  spread_dark_Tm1=1058230.5000  spread_dark_Tm2=1315630.8750  spread_dark_Tm4=1431759.2500  spread_dark_Tm9=1595753.3750  sbar_bright_T4a_mid+0=517268.0000  sbar_bright_T4b_mid+0=449680.6562  sbar_bright_T4c_mid+0=509236.7500  sbar_bright_T4d_mid+0=484092.1875  sbar_bright_T5a_mid+0=104819.7812  sbar_bright_T5b_mid+0=114441.4375  sbar_bright_T5c_mid+0=137621.1875  sbar_bright_T5d_mid+0=118929.6875  sbar_bright_T4a_mid+1=256185.3906  sbar_bright_T4b_mid+1=245518.4844  sbar_bright_T4c_mid+1=237648.3594  sbar_bright_T4d_mid+1=251472.2812  sbar_bright_T5a_mid+1=169460.4062  sbar_bright_T5b_mid+1=179679.7500  sbar_bright_T5c_mid+1=172989.6719  sbar_bright_T5d_mid+1=184082.3594  sbar_bright_T4a_mid+2=78207.0000  sbar_bright_T4b_mid+2=84296.9453  sbar_bright_T4c_mid+2=68797.4453  sbar_bright_T4d_mid+2=77104.7734  sbar_bright_T5a_mid+2=356001.5312  sbar_bright_T5b_mid+2=331627.7812  sbar_bright_T5c_mid+2=361543.6250  sbar_bright_T5d_mid+2=351554.3750  sbar_bright_T4a_mid-1=2063998.2500  sbar_bright_T4b_mid-1=1463976.6250  sbar_bright_T4c_mid-1=2021617.7500  sbar_bright_T4d_mid-1=2135025.2500  sbar_bright_T5a_mid-1=354267.7812  sbar_bright_T5b_mid-1=320351.7188  sbar_bright_T5c_mid-1=331096.6250  sbar_bright_T5d_mid-1=376592.2812  sbar_bright_T4a_mid-2=576086.5000  sbar_bright_T4b_mid-2=455139.1875  sbar_bright_T4c_mid-2=534432.9375  sbar_bright_T4d_mid-2=529648.8750  sbar_bright_T5b_mid-2=148735.7031  sbar_bright_T5c_mid-2=131447.1094  sbar_bright_T5d_mid-2=146594.5469  sbar_bright_T5a_mid-2=145746.4375  sbar_bright_T4a_mid-1.5=265880.2500  sbar_bright_T4b_mid-1.5=235908.5000  sbar_bright_T4c_mid-1.5=250770.6875  sbar_bright_T4d_mid-1.5=287300.9688  sbar_bright_T5a_mid-1.5=136592.0000  sbar_bright_T5b_mid-1.5=143293.2812  sbar_bright_T5c_mid-1.5=130948.0469  sbar_bright_T5d_mid-1.5=127499.2891  sbar_bright_T4a_mid-0.5=1130448.7500  sbar_bright_T4b_mid-0.5=1143547.8750  sbar_bright_T4c_mid-0.5=1295138.2500  sbar_bright_T4d_mid-0.5=1221182.8750  sbar_bright_T5a_mid-0.5=127412.5469  sbar_bright_T5b_mid-0.5=153775.0938  sbar_bright_T5c_mid-0.5=109835.6484  sbar_bright_T5d_mid-0.5=153103.0469  sbar_bright_T4a_mid+0.5=240150.7344  sbar_bright_T4b_mid+0.5=145363.7188  sbar_bright_T4c_mid+0.5=163629.0469  sbar_bright_T4d_mid+0.5=166510.0938  sbar_bright_T5a_mid+0.5=57119.1992  sbar_bright_T5b_mid+0.5=55772.1211  sbar_bright_T5c_mid+0.5=57823.2812  sbar_bright_T5d_mid+0.5=51596.0039  sbar_bright_T4b_mid+1.5=43621.4727  sbar_bright_T4c_mid+1.5=55526.8750  sbar_bright_T4d_mid+1.5=40384.8359  sbar_bright_T5a_mid+1.5=77357.3906  sbar_bright_T5b_mid+1.5=80701.0000  sbar_bright_T5c_mid+1.5=88309.5156  sbar_bright_T5d_mid+1.5=66375.8047  sbar_bright_T4a_mid+1.5=38538.3477  sbar_dark_T4a_mid+0=89083.4297  sbar_dark_T4b_mid+0=74181.8047  sbar_dark_T4c_mid+0=103356.2344  sbar_dark_T4d_mid+0=99851.3750  sbar_dark_T5a_mid+0=546595.0000  sbar_dark_T5b_mid+0=503628.0312  sbar_dark_T5c_mid+0=414463.1250  sbar_dark_T5d_mid+0=526790.6250  sbar_dark_T4a_mid+1=86184.3281  sbar_dark_T4b_mid+1=25189.1797  sbar_dark_T4c_mid+1=67710.8750  sbar_dark_T4d_mid+1=85832.8750  sbar_dark_T5a_mid+1=287746.1562  sbar_dark_T5b_mid+1=274794.7500  sbar_dark_T5c_mid+1=258808.5781  sbar_dark_T5d_mid+1=233248.4531  sbar_dark_T4a_mid+2=37572.7500  sbar_dark_T4b_mid+2=83849.1797  sbar_dark_T4c_mid+2=45079.9727  sbar_dark_T4d_mid+2=28142.9805  sbar_dark_T5a_mid+2=392230.0938  sbar_dark_T5b_mid+2=375976.4062  sbar_dark_T5c_mid+2=378114.0312  sbar_dark_T5d_mid+2=376314.9688  sbar_dark_T4a_mid-1=136913.3906  sbar_dark_T4b_mid-1=162478.4531  sbar_dark_T4c_mid-1=82642.0078  sbar_dark_T4d_mid-1=136691.9219  sbar_dark_T5a_mid-1=1940226.0000  sbar_dark_T5b_mid-1=1800272.0000  sbar_dark_T5c_mid-1=1732677.0000  sbar_dark_T5d_mid-1=2046902.6250  sbar_dark_T4a_mid-2=23023.6035  sbar_dark_T4b_mid-2=39332.3359  sbar_dark_T4c_mid-2=26352.9258  sbar_dark_T4d_mid-2=16425.1777  sbar_dark_T5b_mid-2=1098026.3750  sbar_dark_T5c_mid-2=1052118.1250  sbar_dark_T5d_mid-2=1133721.2500  sbar_dark_T5a_mid-2=999887.5000  sbar_dark_T4a_mid-1.5=9798.6475  sbar_dark_T4b_mid-1.5=17270.5703  sbar_dark_T4c_mid-1.5=13301.7158  sbar_dark_T4d_mid-1.5=8499.9951  sbar_dark_T5a_mid-1.5=373877.8438  sbar_dark_T5b_mid-1.5=397291.3125  sbar_dark_T5c_mid-1.5=361279.4688  sbar_dark_T5d_mid-1.5=351256.4375  sbar_dark_T4a_mid-0.5=50224.5508  sbar_dark_T4b_mid-0.5=49439.7930  sbar_dark_T4c_mid-0.5=64680.2266  sbar_dark_T4d_mid-0.5=29641.0820  sbar_dark_T5a_mid-0.5=659931.8125  sbar_dark_T5b_mid-0.5=831704.1250  sbar_dark_T5c_mid-0.5=595978.9375  sbar_dark_T5d_mid-0.5=886189.6875  sbar_dark_T4a_mid+0.5=32101.5430  sbar_dark_T4b_mid+0.5=67681.2109  sbar_dark_T4c_mid+0.5=19113.6172  sbar_dark_T4d_mid+0.5=58907.0039  sbar_dark_T5a_mid+0.5=127714.8125  sbar_dark_T5b_mid+0.5=99344.1953  sbar_dark_T5c_mid+0.5=152711.0625  sbar_dark_T5d_mid+0.5=110154.2344  sbar_dark_T4b_mid+1.5=7642.2949  sbar_dark_T4c_mid+1.5=8054.3091  sbar_dark_T4d_mid+1.5=11525.9365  sbar_dark_T5a_mid+1.5=60064.0586  sbar_dark_T5b_mid+1.5=63047.5625  sbar_dark_T5c_mid+1.5=66728.0938  sbar_dark_T5d_mid+1.5=50227.1094  sbar_dark_T4a_mid+1.5=8797.0830]:   24%|██▍       | 240/1000 [02:35<08:11,  1.55it/s] Cost: 435190.4375  [spread_bright_L5=1537617.5000  spread_bright_Mi1=1697797.3750  spread_bright_Tm3=1453406.7500  spread_bright_Mi4=2120303.0000  spread_dark_L1=873287.5625  spread_dark_L2=1036819.0625  spread_dark_L3=1643515.2500  spread_dark_L4=2971550.5000  spread_dark_Mi9=1350196.2500  spread_dark_Tm1=1040518.1875  spread_dark_Tm2=1317385.5000  spread_dark_Tm4=1405379.8750  spread_dark_Tm9=1509688.0000  sbar_bright_T4a_mid+0=512314.2188  sbar_bright_T4b_mid+0=438093.5312  sbar_bright_T4c_mid+0=496859.6562  sbar_bright_T4d_mid+0=477014.8438  sbar_bright_T5a_mid+0=103906.6172  sbar_bright_T5b_mid+0=119227.5703  sbar_bright_T5c_mid+0=136137.3906  sbar_bright_T5d_mid+0=124220.5703  sbar_bright_T4a_mid+1=253412.7344  sbar_bright_T4b_mid+1=244398.2656  sbar_bright_T4c_mid+1=239011.3906  sbar_bright_T4d_mid+1=251910.3906  sbar_bright_T5a_mid+1=148897.2812  sbar_bright_T5b_mid+1=166306.6094  sbar_bright_T5c_mid+1=156375.1094  sbar_bright_T5d_mid+1=175250.5938  sbar_bright_T4a_mid+2=74046.9062  sbar_bright_T4b_mid+2=88686.8828  sbar_bright_T4c_mid+2=66066.3359  sbar_bright_T4d_mid+2=75284.1562  sbar_bright_T5a_mid+2=339245.6875  sbar_bright_T5b_mid+2=313316.1875  sbar_bright_T5c_mid+2=348714.9062  sbar_bright_T5d_mid+2=341584.0000  sbar_bright_T4a_mid-1=2051505.3750  sbar_bright_T4b_mid-1=1414581.6250  sbar_bright_T4c_mid-1=1967111.2500  sbar_bright_T4d_mid-1=2118002.0000  sbar_bright_T5a_mid-1=359797.0938  sbar_bright_T5b_mid-1=351573.4375  sbar_bright_T5c_mid-1=355209.1562  sbar_bright_T5d_mid-1=390350.3125  sbar_bright_T4a_mid-2=556419.3125  sbar_bright_T4b_mid-2=424554.6562  sbar_bright_T4c_mid-2=517357.5000  sbar_bright_T4d_mid-2=503433.2812  sbar_bright_T5b_mid-2=140580.4531  sbar_bright_T5c_mid-2=127714.1953  sbar_bright_T5d_mid-2=144667.8125  sbar_bright_T5a_mid-2=140961.5000  sbar_bright_T4a_mid-1.5=258990.7500  sbar_bright_T4b_mid-1.5=228351.1094  sbar_bright_T4c_mid-1.5=244476.7656  sbar_bright_T4d_mid-1.5=286012.7500  sbar_bright_T5a_mid-1.5=136727.0312  sbar_bright_T5b_mid-1.5=143169.1250  sbar_bright_T5c_mid-1.5=137166.5469  sbar_bright_T5d_mid-1.5=126087.6484  sbar_bright_T4a_mid-0.5=1111301.2500  sbar_bright_T4b_mid-0.5=1124716.0000  sbar_bright_T4c_mid-0.5=1267166.5000  sbar_bright_T4d_mid-0.5=1208389.8750  sbar_bright_T5a_mid-0.5=139622.7031  sbar_bright_T5b_mid-0.5=164073.7656  sbar_bright_T5c_mid-0.5=116475.7969  sbar_bright_T5d_mid-0.5=155562.2500  sbar_bright_T4a_mid+0.5=225460.8906  sbar_bright_T4b_mid+0.5=137582.7500  sbar_bright_T4c_mid+0.5=156263.4688  sbar_bright_T4d_mid+0.5=157891.7188  sbar_bright_T5a_mid+0.5=56751.6484  sbar_bright_T5b_mid+0.5=57251.0273  sbar_bright_T5c_mid+0.5=59729.9062  sbar_bright_T5d_mid+0.5=49078.1367  sbar_bright_T4b_mid+1.5=49992.6211  sbar_bright_T4c_mid+1.5=62907.1836  sbar_bright_T4d_mid+1.5=41569.7266  sbar_bright_T5a_mid+1.5=72867.8984  sbar_bright_T5b_mid+1.5=73114.3125  sbar_bright_T5c_mid+1.5=83754.4531  sbar_bright_T5d_mid+1.5=65055.6875  sbar_bright_T4a_mid+1.5=43597.7500  sbar_dark_T4a_mid+0=106791.5312  sbar_dark_T4b_mid+0=85535.8047  sbar_dark_T4c_mid+0=110551.8047  sbar_dark_T4d_mid+0=110248.2109  sbar_dark_T5a_mid+0=501379.0000  sbar_dark_T5b_mid+0=505770.3750  sbar_dark_T5c_mid+0=369409.5000  sbar_dark_T5d_mid+0=487448.1875  sbar_dark_T4a_mid+1=85308.3594  sbar_dark_T4b_mid+1=25656.6289  sbar_dark_T4c_mid+1=65518.1055  sbar_dark_T4d_mid+1=85693.3203  sbar_dark_T5a_mid+1=328964.0000  sbar_dark_T5b_mid+1=261105.5312  sbar_dark_T5c_mid+1=263751.5000  sbar_dark_T5d_mid+1=233212.1719  sbar_dark_T4a_mid+2=33722.9297  sbar_dark_T4b_mid+2=89363.7188  sbar_dark_T4c_mid+2=44151.5977  sbar_dark_T4d_mid+2=26474.9395  sbar_dark_T5a_mid+2=384222.8438  sbar_dark_T5b_mid+2=371652.9375  sbar_dark_T5c_mid+2=376297.9688  sbar_dark_T5d_mid+2=383398.7500  sbar_dark_T4a_mid-1=144830.3281  sbar_dark_T4b_mid-1=161138.8750  sbar_dark_T4c_mid-1=86197.0625  sbar_dark_T4d_mid-1=143633.6406  sbar_dark_T5a_mid-1=1884619.7500  sbar_dark_T5b_mid-1=1755686.6250  sbar_dark_T5c_mid-1=1609709.0000  sbar_dark_T5d_mid-1=1988613.7500  sbar_dark_T4a_mid-2=25072.1758  sbar_dark_T4b_mid-2=42405.5273  sbar_dark_T4c_mid-2=26879.7012  sbar_dark_T4d_mid-2=19433.1582  sbar_dark_T5b_mid-2=1090696.8750  sbar_dark_T5c_mid-2=989572.7500  sbar_dark_T5d_mid-2=1121848.2500  sbar_dark_T5a_mid-2=982318.4375  sbar_dark_T4a_mid-1.5=10319.9492  sbar_dark_T4b_mid-1.5=18123.1543  sbar_dark_T4c_mid-1.5=14261.8369  sbar_dark_T4d_mid-1.5=9049.0996  sbar_dark_T5a_mid-1.5=368775.1875  sbar_dark_T5b_mid-1.5=396097.9375  sbar_dark_T5c_mid-1.5=362204.8750  sbar_dark_T5d_mid-1.5=345448.5000  sbar_dark_T4a_mid-0.5=50334.5117  sbar_dark_T4b_mid-0.5=50255.8750  sbar_dark_T4c_mid-0.5=62950.4336  sbar_dark_T4d_mid-0.5=30269.2344  sbar_dark_T5a_mid-0.5=637335.6875  sbar_dark_T5b_mid-0.5=824815.6875  sbar_dark_T5c_mid-0.5=511397.1875  sbar_dark_T5d_mid-0.5=854437.8125  sbar_dark_T4a_mid+0.5=28607.2051  sbar_dark_T4b_mid+0.5=63934.8711  sbar_dark_T4c_mid+0.5=19271.7969  sbar_dark_T4d_mid+0.5=59133.6719  sbar_dark_T5a_mid+0.5=123514.3594  sbar_dark_T5b_mid+0.5=94798.8438  sbar_dark_T5c_mid+0.5=156153.1719  sbar_dark_T5d_mid+0.5=105594.6562  sbar_dark_T4b_mid+1.5=7002.1592  sbar_dark_T4c_mid+1.5=6808.4712  sbar_dark_T4d_mid+1.5=10012.3936  sbar_dark_T5a_mid+1.5=58510.0898  sbar_dark_T5b_mid+1.5=59733.7461  sbar_dark_T5c_mid+1.5=64770.4062  sbar_dark_T5d_mid+1.5=52089.6992  sbar_dark_T4a_mid+1.5=7870.7749]:  25%|██▌       | 250/1000 [02:42<08:06,  1.54it/s] Cost: 427922.4375  [spread_bright_L5=1543719.0000  spread_bright_Mi1=1656594.1250  spread_bright_Tm3=1440263.7500  spread_bright_Mi4=2041297.3750  spread_dark_L1=881621.0625  spread_dark_L2=1018875.3125  spread_dark_L3=1555556.8750  spread_dark_L4=2923520.2500  spread_dark_Mi9=1367498.0000  spread_dark_Tm1=1043207.8750  spread_dark_Tm2=1294704.6250  spread_dark_Tm4=1463705.0000  spread_dark_Tm9=1557519.0000  sbar_bright_T4a_mid+0=460927.4375  sbar_bright_T4b_mid+0=415734.9375  sbar_bright_T4c_mid+0=463018.4688  sbar_bright_T4d_mid+0=471897.0000  sbar_bright_T5a_mid+0=104643.8594  sbar_bright_T5b_mid+0=122931.7578  sbar_bright_T5c_mid+0=132401.9219  sbar_bright_T5d_mid+0=124935.5703  sbar_bright_T4a_mid+1=265811.4375  sbar_bright_T4b_mid+1=262405.2812  sbar_bright_T4c_mid+1=261272.3750  sbar_bright_T4d_mid+1=275299.2500  sbar_bright_T5a_mid+1=158424.0312  sbar_bright_T5b_mid+1=161177.0156  sbar_bright_T5c_mid+1=133550.9844  sbar_bright_T5d_mid+1=163570.5156  sbar_bright_T4a_mid+2=82348.0781  sbar_bright_T4b_mid+2=127468.1484  sbar_bright_T4c_mid+2=76917.2266  sbar_bright_T4d_mid+2=89197.7422  sbar_bright_T5a_mid+2=329937.1562  sbar_bright_T5b_mid+2=303232.4062  sbar_bright_T5c_mid+2=314632.3125  sbar_bright_T5d_mid+2=326489.0312  sbar_bright_T4a_mid-1=2076518.7500  sbar_bright_T4b_mid-1=1334028.1250  sbar_bright_T4c_mid-1=1886463.7500  sbar_bright_T4d_mid-1=2116113.0000  sbar_bright_T5a_mid-1=362552.7500  sbar_bright_T5b_mid-1=370781.3438  sbar_bright_T5c_mid-1=359762.4062  sbar_bright_T5d_mid-1=395069.8125  sbar_bright_T4a_mid-2=527505.9375  sbar_bright_T4b_mid-2=398063.3125  sbar_bright_T4c_mid-2=483607.7188  sbar_bright_T4d_mid-2=483779.6875  sbar_bright_T5b_mid-2=133460.7969  sbar_bright_T5c_mid-2=122741.5938  sbar_bright_T5d_mid-2=143865.0625  sbar_bright_T5a_mid-2=135555.2031  sbar_bright_T4a_mid-1.5=254620.8281  sbar_bright_T4b_mid-1.5=230470.0000  sbar_bright_T4c_mid-1.5=241242.7656  sbar_bright_T4d_mid-1.5=293370.1250  sbar_bright_T5a_mid-1.5=136320.4062  sbar_bright_T5b_mid-1.5=141322.8438  sbar_bright_T5c_mid-1.5=140939.2344  sbar_bright_T5d_mid-1.5=128686.5156  sbar_bright_T4a_mid-0.5=1059710.6250  sbar_bright_T4b_mid-0.5=1137989.3750  sbar_bright_T4c_mid-0.5=1203437.7500  sbar_bright_T4d_mid-0.5=1226434.8750  sbar_bright_T5a_mid-0.5=140313.6250  sbar_bright_T5b_mid-0.5=165801.6406  sbar_bright_T5c_mid-0.5=114878.6406  sbar_bright_T5d_mid-0.5=155602.4062  sbar_bright_T4a_mid+0.5=210760.3125  sbar_bright_T4b_mid+0.5=140269.4688  sbar_bright_T4c_mid+0.5=151591.8750  sbar_bright_T4d_mid+0.5=146192.5156  sbar_bright_T5a_mid+0.5=54169.3750  sbar_bright_T5b_mid+0.5=55530.2070  sbar_bright_T5c_mid+0.5=57370.4961  sbar_bright_T5d_mid+0.5=45667.3906  sbar_bright_T4b_mid+1.5=56372.6172  sbar_bright_T4c_mid+1.5=73060.9219  sbar_bright_T4d_mid+1.5=45881.4609  sbar_bright_T5a_mid+1.5=69652.3125  sbar_bright_T5b_mid+1.5=69349.5547  sbar_bright_T5c_mid+1.5=71025.2422  sbar_bright_T5d_mid+1.5=59632.1484  sbar_bright_T4a_mid+1.5=50369.3594  sbar_dark_T4a_mid+0=93734.0938  sbar_dark_T4b_mid+0=87101.8828  sbar_dark_T4c_mid+0=121688.3594  sbar_dark_T4d_mid+0=106222.6719  sbar_dark_T5a_mid+0=434807.2812  sbar_dark_T5b_mid+0=509120.0938  sbar_dark_T5c_mid+0=386739.9688  sbar_dark_T5d_mid+0=478876.5312  sbar_dark_T4a_mid+1=89384.8047  sbar_dark_T4b_mid+1=28347.8438  sbar_dark_T4c_mid+1=63875.4258  sbar_dark_T4d_mid+1=84127.6406  sbar_dark_T5a_mid+1=428831.7812  sbar_dark_T5b_mid+1=254734.9844  sbar_dark_T5c_mid+1=317167.6875  sbar_dark_T5d_mid+1=241735.9062  sbar_dark_T4a_mid+2=33836.9492  sbar_dark_T4b_mid+2=94213.2891  sbar_dark_T4c_mid+2=47982.8359  sbar_dark_T4d_mid+2=27269.2539  sbar_dark_T5a_mid+2=375528.8750  sbar_dark_T5b_mid+2=365187.8750  sbar_dark_T5c_mid+2=343587.1562  sbar_dark_T5d_mid+2=373278.1250  sbar_dark_T4a_mid-1=150286.9688  sbar_dark_T4b_mid-1=166337.1250  sbar_dark_T4c_mid-1=90897.1562  sbar_dark_T4d_mid-1=141458.7500  sbar_dark_T5a_mid-1=1776712.8750  sbar_dark_T5b_mid-1=1781128.0000  sbar_dark_T5c_mid-1=1459736.3750  sbar_dark_T5d_mid-1=1906954.6250  sbar_dark_T4a_mid-2=30926.1289  sbar_dark_T4b_mid-2=46900.7422  sbar_dark_T4c_mid-2=36682.4453  sbar_dark_T4d_mid-2=21277.0586  sbar_dark_T5b_mid-2=1096072.1250  sbar_dark_T5c_mid-2=897167.7500  sbar_dark_T5d_mid-2=1089851.6250  sbar_dark_T5a_mid-2=950383.1250  sbar_dark_T4a_mid-1.5=10480.7910  sbar_dark_T4b_mid-1.5=18726.1582  sbar_dark_T4c_mid-1.5=14703.7129  sbar_dark_T4d_mid-1.5=8978.9717  sbar_dark_T5a_mid-1.5=363687.3125  sbar_dark_T5b_mid-1.5=389028.0000  sbar_dark_T5c_mid-1.5=371136.0000  sbar_dark_T5d_mid-1.5=346905.9375  sbar_dark_T4a_mid-0.5=51422.5078  sbar_dark_T4b_mid-0.5=47522.9453  sbar_dark_T4c_mid-0.5=67710.8203  sbar_dark_T4d_mid-0.5=29463.5176  sbar_dark_T5a_mid-0.5=610038.3125  sbar_dark_T5b_mid-0.5=833116.6875  sbar_dark_T5c_mid-0.5=421808.0625  sbar_dark_T5d_mid-0.5=800036.9375  sbar_dark_T4a_mid+0.5=29557.9160  sbar_dark_T4b_mid+0.5=72428.0547  sbar_dark_T4c_mid+0.5=21053.0938  sbar_dark_T4d_mid+0.5=63683.0938  sbar_dark_T5a_mid+0.5=115762.8438  sbar_dark_T5b_mid+0.5=98161.8906  sbar_dark_T5c_mid+0.5=135163.1875  sbar_dark_T5d_mid+0.5=99065.8672  sbar_dark_T4b_mid+1.5=8179.0640  sbar_dark_T4c_mid+1.5=6445.6558  sbar_dark_T4d_mid+1.5=10538.6445  sbar_dark_T5a_mid+1.5=56858.5391  sbar_dark_T5b_mid+1.5=56919.8203  sbar_dark_T5c_mid+1.5=60906.1758  sbar_dark_T5d_mid+1.5=51500.2070  sbar_dark_T4a_mid+1.5=8457.9033]:   26%|██▌       | 260/1000 [02:48<07:59,  1.54it/s] Cost: 422598.3750  [spread_bright_L5=1553208.0000  spread_bright_Mi1=1567474.0000  spread_bright_Tm3=1410792.2500  spread_bright_Mi4=1897138.5000  spread_dark_L1=890295.5000  spread_dark_L2=1005173.1250  spread_dark_L3=1494635.6250  spread_dark_L4=2917637.2500  spread_dark_Mi9=1322731.7500  spread_dark_Tm1=1028135.8125  spread_dark_Tm2=1272204.5000  spread_dark_Tm4=1495249.8750  spread_dark_Tm9=1556910.1250  sbar_bright_T4a_mid+0=457611.6875  sbar_bright_T4b_mid+0=407224.2500  sbar_bright_T4c_mid+0=454268.6562  sbar_bright_T4d_mid+0=463494.4062  sbar_bright_T5a_mid+0=104655.4219  sbar_bright_T5b_mid+0=125127.6172  sbar_bright_T5c_mid+0=130426.2500  sbar_bright_T5d_mid+0=122430.7500  sbar_bright_T4a_mid+1=258659.3906  sbar_bright_T4b_mid+1=263771.4062  sbar_bright_T4c_mid+1=256563.9062  sbar_bright_T4d_mid+1=266376.7812  sbar_bright_T5a_mid+1=148406.8281  sbar_bright_T5b_mid+1=163402.1875  sbar_bright_T5c_mid+1=128575.3906  sbar_bright_T5d_mid+1=155949.7344  sbar_bright_T4a_mid+2=80306.8281  sbar_bright_T4b_mid+2=126666.3438  sbar_bright_T4c_mid+2=73897.8516  sbar_bright_T4d_mid+2=87543.2188  sbar_bright_T5a_mid+2=327961.8438  sbar_bright_T5b_mid+2=305873.8750  sbar_bright_T5c_mid+2=304619.8750  sbar_bright_T5d_mid+2=321228.9062  sbar_bright_T4a_mid-1=2084654.6250  sbar_bright_T4b_mid-1=1342691.0000  sbar_bright_T4c_mid-1=1882186.5000  sbar_bright_T4d_mid-1=2116891.7500  sbar_bright_T5a_mid-1=368351.6250  sbar_bright_T5b_mid-1=380950.7812  sbar_bright_T5c_mid-1=361606.8750  sbar_bright_T5d_mid-1=395561.8125  sbar_bright_T4a_mid-2=531613.6875  sbar_bright_T4b_mid-2=387740.1875  sbar_bright_T4c_mid-2=482322.7188  sbar_bright_T4d_mid-2=476440.1250  sbar_bright_T5b_mid-2=135951.4844  sbar_bright_T5c_mid-2=123079.0938  sbar_bright_T5d_mid-2=145280.7188  sbar_bright_T5a_mid-2=135758.6250  sbar_bright_T4a_mid-1.5=255745.3594  sbar_bright_T4b_mid-1.5=227980.7812  sbar_bright_T4c_mid-1.5=239643.7812  sbar_bright_T4d_mid-1.5=293908.8125  sbar_bright_T5a_mid-1.5=136508.1406  sbar_bright_T5b_mid-1.5=142230.9375  sbar_bright_T5c_mid-1.5=142865.7188  sbar_bright_T5d_mid-1.5=129977.1250  sbar_bright_T4a_mid-0.5=1070916.6250  sbar_bright_T4b_mid-0.5=1139598.3750  sbar_bright_T4c_mid-0.5=1198524.0000  sbar_bright_T4d_mid-0.5=1227240.2500  sbar_bright_T5a_mid-0.5=139711.4219  sbar_bright_T5b_mid-0.5=169532.0625  sbar_bright_T5c_mid-0.5=115876.5000  sbar_bright_T5d_mid-0.5=161825.5938  sbar_bright_T4a_mid+0.5=212980.4062  sbar_bright_T4b_mid+0.5=137592.1250  sbar_bright_T4c_mid+0.5=150417.6719  sbar_bright_T4d_mid+0.5=140639.2656  sbar_bright_T5a_mid+0.5=53500.3242  sbar_bright_T5b_mid+0.5=55721.8516  sbar_bright_T5c_mid+0.5=54078.0820  sbar_bright_T5d_mid+0.5=44032.7031  sbar_bright_T4b_mid+1.5=58676.2617  sbar_bright_T4c_mid+1.5=75876.5547  sbar_bright_T4d_mid+1.5=46469.4844  sbar_bright_T5a_mid+1.5=68882.5156  sbar_bright_T5b_mid+1.5=70471.0938  sbar_bright_T5c_mid+1.5=67441.0938  sbar_bright_T5d_mid+1.5=55798.5859  sbar_bright_T4a_mid+1.5=50214.5117  sbar_dark_T4a_mid+0=99716.3125  sbar_dark_T4b_mid+0=89155.5078  sbar_dark_T4c_mid+0=117236.2969  sbar_dark_T4d_mid+0=108351.5312  sbar_dark_T5a_mid+0=414500.5625  sbar_dark_T5b_mid+0=484618.2188  sbar_dark_T5c_mid+0=384216.4062  sbar_dark_T5d_mid+0=415204.1562  sbar_dark_T4a_mid+1=85947.9219  sbar_dark_T4b_mid+1=28109.0566  sbar_dark_T4c_mid+1=59148.8477  sbar_dark_T4d_mid+1=81582.9141  sbar_dark_T5a_mid+1=420859.2188  sbar_dark_T5b_mid+1=257016.3750  sbar_dark_T5c_mid+1=312005.7812  sbar_dark_T5d_mid+1=251017.7969  sbar_dark_T4a_mid+2=32963.3594  sbar_dark_T4b_mid+2=98998.1719  sbar_dark_T4c_mid+2=48605.1953  sbar_dark_T4d_mid+2=27507.3574  sbar_dark_T5a_mid+2=372534.2812  sbar_dark_T5b_mid+2=369387.6875  sbar_dark_T5c_mid+2=335589.9375  sbar_dark_T5d_mid+2=366033.4062  sbar_dark_T4a_mid-1=151298.6250  sbar_dark_T4b_mid-1=155266.6875  sbar_dark_T4c_mid-1=89333.4531  sbar_dark_T4d_mid-1=145436.9688  sbar_dark_T5a_mid-1=1716380.5000  sbar_dark_T5b_mid-1=1760084.0000  sbar_dark_T5c_mid-1=1454953.7500  sbar_dark_T5d_mid-1=1852747.3750  sbar_dark_T4a_mid-2=29235.5391  sbar_dark_T4b_mid-2=48096.8633  sbar_dark_T4c_mid-2=34114.3594  sbar_dark_T4d_mid-2=22002.1113  sbar_dark_T5b_mid-2=1100339.3750  sbar_dark_T5c_mid-2=896247.9375  sbar_dark_T5d_mid-2=1057725.7500  sbar_dark_T5a_mid-2=929033.9375  sbar_dark_T4a_mid-1.5=9891.4873  sbar_dark_T4b_mid-1.5=19023.0332  sbar_dark_T4c_mid-1.5=15544.3369  sbar_dark_T4d_mid-1.5=9131.7266  sbar_dark_T5a_mid-1.5=359629.0625  sbar_dark_T5b_mid-1.5=389008.6250  sbar_dark_T5c_mid-1.5=373257.5312  sbar_dark_T5d_mid-1.5=353400.3438  sbar_dark_T4a_mid-0.5=49400.2422  sbar_dark_T4b_mid-0.5=46372.6953  sbar_dark_T4c_mid-0.5=64262.2031  sbar_dark_T4d_mid-0.5=30962.5879  sbar_dark_T5a_mid-0.5=583397.3125  sbar_dark_T5b_mid-0.5=834343.1250  sbar_dark_T5c_mid-0.5=427278.5000  sbar_dark_T5d_mid-0.5=780207.2500  sbar_dark_T4a_mid+0.5=26830.2891  sbar_dark_T4b_mid+0.5=67169.5000  sbar_dark_T4c_mid+0.5=20908.8340  sbar_dark_T4d_mid+0.5=60905.0898  sbar_dark_T5a_mid+0.5=110826.2656  sbar_dark_T5b_mid+0.5=96944.7812  sbar_dark_T5c_mid+0.5=129792.4062  sbar_dark_T5d_mid+0.5=93261.3203  sbar_dark_T4b_mid+1.5=9396.1025  sbar_dark_T4c_mid+1.5=7261.1284  sbar_dark_T4d_mid+1.5=11210.6279  sbar_dark_T5a_mid+1.5=56930.6914  sbar_dark_T5b_mid+1.5=57915.5938  sbar_dark_T5c_mid+1.5=60740.1641  sbar_dark_T5d_mid+1.5=48923.7305  sbar_dark_T4a_mid+1.5=8634.5107]:   27%|██▋       | 270/1000 [02:55<07:52,  1.54it/s] Cost: 417783.2188  [spread_bright_L5=1581811.0000  spread_bright_Mi1=1535131.0000  spread_bright_Tm3=1401213.0000  spread_bright_Mi4=1878880.1250  spread_dark_L1=908707.2500  spread_dark_L2=991722.5000  spread_dark_L3=1459179.0000  spread_dark_L4=2879560.2500  spread_dark_Mi9=1300200.5000  spread_dark_Tm1=1036557.8125  spread_dark_Tm2=1250296.8750  spread_dark_Tm4=1489557.5000  spread_dark_Tm9=1551686.0000  sbar_bright_T4a_mid+0=439049.0000  sbar_bright_T4b_mid+0=396693.8438  sbar_bright_T4c_mid+0=435246.8438  sbar_bright_T4d_mid+0=451889.2812  sbar_bright_T5a_mid+0=105019.3750  sbar_bright_T5b_mid+0=127504.4453  sbar_bright_T5c_mid+0=129169.2109  sbar_bright_T5d_mid+0=119321.4531  sbar_bright_T4a_mid+1=263527.1250  sbar_bright_T4b_mid+1=261456.8125  sbar_bright_T4c_mid+1=261054.3281  sbar_bright_T4d_mid+1=266997.0938  sbar_bright_T5a_mid+1=136548.5625  sbar_bright_T5b_mid+1=165018.7812  sbar_bright_T5c_mid+1=128007.5312  sbar_bright_T5d_mid+1=153066.8281  sbar_bright_T4a_mid+2=83850.0312  sbar_bright_T4b_mid+2=139062.5938  sbar_bright_T4c_mid+2=77552.2422  sbar_bright_T4d_mid+2=88055.7891  sbar_bright_T5a_mid+2=324876.6562  sbar_bright_T5b_mid+2=306513.7188  sbar_bright_T5c_mid+2=302443.9375  sbar_bright_T5d_mid+2=318986.9688  sbar_bright_T4a_mid-1=2045559.6250  sbar_bright_T4b_mid-1=1330256.6250  sbar_bright_T4c_mid-1=1840475.0000  sbar_bright_T4d_mid-1=2082094.3750  sbar_bright_T5a_mid-1=370077.5312  sbar_bright_T5b_mid-1=387096.1875  sbar_bright_T5c_mid-1=362633.1562  sbar_bright_T5d_mid-1=393253.6875  sbar_bright_T4a_mid-2=514223.6562  sbar_bright_T4b_mid-2=373098.4062  sbar_bright_T4c_mid-2=464534.6875  sbar_bright_T4d_mid-2=462882.5312  sbar_bright_T5b_mid-2=138241.5781  sbar_bright_T5c_mid-2=120404.9453  sbar_bright_T5d_mid-2=144699.1250  sbar_bright_T5a_mid-2=135314.1250  sbar_bright_T4a_mid-1.5=249424.6875  sbar_bright_T4b_mid-1.5=224454.2656  sbar_bright_T4c_mid-1.5=233743.3438  sbar_bright_T4d_mid-1.5=289560.8438  sbar_bright_T5a_mid-1.5=135779.8438  sbar_bright_T5b_mid-1.5=143924.3750  sbar_bright_T5c_mid-1.5=141415.6094  sbar_bright_T5d_mid-1.5=129975.9375  sbar_bright_T4a_mid-0.5=1046114.0000  sbar_bright_T4b_mid-0.5=1114942.1250  sbar_bright_T4c_mid-0.5=1168908.6250  sbar_bright_T4d_mid-0.5=1214364.8750  sbar_bright_T5a_mid-0.5=138511.9688  sbar_bright_T5b_mid-0.5=170871.3125  sbar_bright_T5c_mid-0.5=115217.9219  sbar_bright_T5d_mid-0.5=163141.7188  sbar_bright_T4a_mid+0.5=205748.6875  sbar_bright_T4b_mid+0.5=130122.1328  sbar_bright_T4c_mid+0.5=145133.2031  sbar_bright_T4d_mid+0.5=135171.1094  sbar_bright_T5a_mid+0.5=52631.6406  sbar_bright_T5b_mid+0.5=56706.7930  sbar_bright_T5c_mid+0.5=52838.6523  sbar_bright_T5d_mid+0.5=42376.5586  sbar_bright_T4b_mid+1.5=64527.8047  sbar_bright_T4c_mid+1.5=85759.0625  sbar_bright_T4d_mid+1.5=50499.0312  sbar_bright_T5a_mid+1.5=68030.5391  sbar_bright_T5b_mid+1.5=71824.2422  sbar_bright_T5c_mid+1.5=67046.2578  sbar_bright_T5d_mid+1.5=55538.4844  sbar_bright_T4a_mid+1.5=56285.5938  sbar_dark_T4a_mid+0=105754.4688  sbar_dark_T4b_mid+0=90599.3281  sbar_dark_T4c_mid+0=122087.6250  sbar_dark_T4d_mid+0=112153.4688  sbar_dark_T5a_mid+0=412402.8750  sbar_dark_T5b_mid+0=450003.1562  sbar_dark_T5c_mid+0=379759.5625  sbar_dark_T5d_mid+0=431394.0000  sbar_dark_T4a_mid+1=89766.0703  sbar_dark_T4b_mid+1=27644.5215  sbar_dark_T4c_mid+1=57506.5586  sbar_dark_T4d_mid+1=80729.2188  sbar_dark_T5a_mid+1=389027.8750  sbar_dark_T5b_mid+1=257290.3438  sbar_dark_T5c_mid+1=309056.5000  sbar_dark_T5d_mid+1=254325.2812  sbar_dark_T4a_mid+2=33639.6484  sbar_dark_T4b_mid+2=100832.5156  sbar_dark_T4c_mid+2=51073.4961  sbar_dark_T4d_mid+2=26623.6035  sbar_dark_T5a_mid+2=370542.1562  sbar_dark_T5b_mid+2=375372.7500  sbar_dark_T5c_mid+2=334326.1250  sbar_dark_T5d_mid+2=365476.7188  sbar_dark_T4a_mid-1=150703.1094  sbar_dark_T4b_mid-1=148452.4844  sbar_dark_T4c_mid-1=92586.4844  sbar_dark_T4d_mid-1=145535.1719  sbar_dark_T5a_mid-1=1646443.2500  sbar_dark_T5b_mid-1=1715353.0000  sbar_dark_T5c_mid-1=1447837.3750  sbar_dark_T5d_mid-1=1832761.5000  sbar_dark_T4a_mid-2=33198.4844  sbar_dark_T4b_mid-2=48362.3945  sbar_dark_T4c_mid-2=37212.7305  sbar_dark_T4d_mid-2=23795.0039  sbar_dark_T5b_mid-2=1099851.0000  sbar_dark_T5c_mid-2=885920.9375  sbar_dark_T5d_mid-2=1050887.5000  sbar_dark_T5a_mid-2=912496.6875  sbar_dark_T4a_mid-1.5=10708.9238  sbar_dark_T4b_mid-1.5=19178.6914  sbar_dark_T4c_mid-1.5=17136.3789  sbar_dark_T4d_mid-1.5=9332.6699  sbar_dark_T5a_mid-1.5=355050.0938  sbar_dark_T5b_mid-1.5=392828.2500  sbar_dark_T5c_mid-1.5=368778.2500  sbar_dark_T5d_mid-1.5=354596.5938  sbar_dark_T4a_mid-0.5=51037.8750  sbar_dark_T4b_mid-0.5=44528.6641  sbar_dark_T4c_mid-0.5=67167.1094  sbar_dark_T4d_mid-0.5=30949.9023  sbar_dark_T5a_mid-0.5=557114.7500  sbar_dark_T5b_mid-0.5=827500.1250  sbar_dark_T5c_mid-0.5=422264.5000  sbar_dark_T5d_mid-0.5=771250.6250  sbar_dark_T4a_mid+0.5=27512.6191  sbar_dark_T4b_mid+0.5=67523.8516  sbar_dark_T4c_mid+0.5=23038.7695  sbar_dark_T4d_mid+0.5=61726.3789  sbar_dark_T5a_mid+0.5=106222.3281  sbar_dark_T5b_mid+0.5=94228.0234  sbar_dark_T5c_mid+0.5=129086.2812  sbar_dark_T5d_mid+0.5=90252.7422  sbar_dark_T4b_mid+1.5=10304.8994  sbar_dark_T4c_mid+1.5=9440.1133  sbar_dark_T4d_mid+1.5=10109.1182  sbar_dark_T5a_mid+1.5=56911.2930  sbar_dark_T5b_mid+1.5=59179.0469  sbar_dark_T5c_mid+1.5=59761.5977  sbar_dark_T5d_mid+1.5=47664.2305  sbar_dark_T4a_mid+1.5=9923.3145]:  28%|██▊       | 280/1000 [03:01<07:49,  1.53it/s] Cost: 413395.5938  [spread_bright_L5=1597555.5000  spread_bright_Mi1=1478496.8750  spread_bright_Tm3=1397964.0000  spread_bright_Mi4=1846056.2500  spread_dark_L1=935398.5625  spread_dark_L2=990114.0625  spread_dark_L3=1408003.3750  spread_dark_L4=2867310.5000  spread_dark_Mi9=1271178.5000  spread_dark_Tm1=1014973.2500  spread_dark_Tm2=1227445.5000  spread_dark_Tm4=1484121.1250  spread_dark_Tm9=1544601.5000  sbar_bright_T4a_mid+0=427978.1250  sbar_bright_T4b_mid+0=384558.6250  sbar_bright_T4c_mid+0=422232.5938  sbar_bright_T4d_mid+0=440380.3125  sbar_bright_T5a_mid+0=105747.5234  sbar_bright_T5b_mid+0=124995.4219  sbar_bright_T5c_mid+0=128284.8516  sbar_bright_T5d_mid+0=118303.5859  sbar_bright_T4a_mid+1=264933.2188  sbar_bright_T4b_mid+1=264429.3438  sbar_bright_T4c_mid+1=264011.5938  sbar_bright_T4d_mid+1=269655.6562  sbar_bright_T5a_mid+1=134418.4531  sbar_bright_T5b_mid+1=163278.4844  sbar_bright_T5c_mid+1=127427.6172  sbar_bright_T5d_mid+1=152471.9688  sbar_bright_T4a_mid+2=86833.5312  sbar_bright_T4b_mid+2=151251.1094  sbar_bright_T4c_mid+2=80183.0156  sbar_bright_T4d_mid+2=90885.7500  sbar_bright_T5a_mid+2=321131.4375  sbar_bright_T5b_mid+2=302694.7188  sbar_bright_T5c_mid+2=299094.8125  sbar_bright_T5d_mid+2=316685.0938  sbar_bright_T4a_mid-1=2025222.7500  sbar_bright_T4b_mid-1=1330189.2500  sbar_bright_T4c_mid-1=1822489.0000  sbar_bright_T4d_mid-1=2066522.8750  sbar_bright_T5a_mid-1=364216.3125  sbar_bright_T5b_mid-1=381603.0000  sbar_bright_T5c_mid-1=357951.0312  sbar_bright_T5d_mid-1=390784.2500  sbar_bright_T4a_mid-2=506004.8438  sbar_bright_T4b_mid-2=366707.7500  sbar_bright_T4c_mid-2=458900.1250  sbar_bright_T4d_mid-2=457869.5938  sbar_bright_T5b_mid-2=142377.9219  sbar_bright_T5c_mid-2=118017.3828  sbar_bright_T5d_mid-2=142119.8125  sbar_bright_T5a_mid-2=135486.7969  sbar_bright_T4a_mid-1.5=243083.3281  sbar_bright_T4b_mid-1.5=221737.3594  sbar_bright_T4c_mid-1.5=227229.6719  sbar_bright_T4d_mid-1.5=286774.3750  sbar_bright_T5a_mid-1.5=134415.1719  sbar_bright_T5b_mid-1.5=142088.2812  sbar_bright_T5c_mid-1.5=140550.4219  sbar_bright_T5d_mid-1.5=130021.0234  sbar_bright_T4a_mid-0.5=1027286.1875  sbar_bright_T4b_mid-0.5=1099261.1250  sbar_bright_T4c_mid-0.5=1145425.6250  sbar_bright_T4d_mid-0.5=1206505.0000  sbar_bright_T5a_mid-0.5=135664.6562  sbar_bright_T5b_mid-0.5=168738.2812  sbar_bright_T5c_mid-0.5=112940.7812  sbar_bright_T5d_mid-0.5=162401.4062  sbar_bright_T4a_mid+0.5=204058.9688  sbar_bright_T4b_mid+0.5=129353.4375  sbar_bright_T4c_mid+0.5=143705.8906  sbar_bright_T4d_mid+0.5=133290.7031  sbar_bright_T5a_mid+0.5=50669.0156  sbar_bright_T5b_mid+0.5=58782.1055  sbar_bright_T5c_mid+0.5=52112.8047  sbar_bright_T5d_mid+0.5=41796.7383  sbar_bright_T4b_mid+1.5=65433.1172  sbar_bright_T4c_mid+1.5=88051.8984  sbar_bright_T4d_mid+1.5=51899.4609  sbar_bright_T5a_mid+1.5=66580.4922  sbar_bright_T5b_mid+1.5=66921.6484  sbar_bright_T5c_mid+1.5=65897.8516  sbar_bright_T5d_mid+1.5=54725.2148  sbar_bright_T4a_mid+1.5=59397.8594  sbar_dark_T4a_mid+0=98949.8906  sbar_dark_T4b_mid+0=84586.9062  sbar_dark_T4c_mid+0=120432.2969  sbar_dark_T4d_mid+0=109020.2188  sbar_dark_T5a_mid+0=452010.2812  sbar_dark_T5b_mid+0=385026.7500  sbar_dark_T5c_mid+0=381999.5625  sbar_dark_T5d_mid+0=428448.7812  sbar_dark_T4a_mid+1=97854.7188  sbar_dark_T4b_mid+1=27898.4453  sbar_dark_T4c_mid+1=52437.6094  sbar_dark_T4d_mid+1=80871.7500  sbar_dark_T5a_mid+1=369094.4688  sbar_dark_T5b_mid+1=256657.3125  sbar_dark_T5c_mid+1=302842.5312  sbar_dark_T5d_mid+1=250654.0781  sbar_dark_T4a_mid+2=34469.4062  sbar_dark_T4b_mid+2=105279.4297  sbar_dark_T4c_mid+2=53909.4258  sbar_dark_T4d_mid+2=26904.4453  sbar_dark_T5a_mid+2=369494.4062  sbar_dark_T5b_mid+2=379983.4688  sbar_dark_T5c_mid+2=331034.6875  sbar_dark_T5d_mid+2=364354.5000  sbar_dark_T4a_mid-1=151050.4375  sbar_dark_T4b_mid-1=148168.1094  sbar_dark_T4c_mid-1=94578.5312  sbar_dark_T4d_mid-1=146612.6562  sbar_dark_T5a_mid-1=1596664.2500  sbar_dark_T5b_mid-1=1608088.0000  sbar_dark_T5c_mid-1=1456440.0000  sbar_dark_T5d_mid-1=1838822.0000  sbar_dark_T4a_mid-2=34173.8672  sbar_dark_T4b_mid-2=48562.3516  sbar_dark_T4c_mid-2=36477.6367  sbar_dark_T4d_mid-2=24135.3594  sbar_dark_T5b_mid-2=1113131.1250  sbar_dark_T5c_mid-2=886958.5000  sbar_dark_T5d_mid-2=1049813.1250  sbar_dark_T5a_mid-2=907983.0625  sbar_dark_T4a_mid-1.5=10945.8037  sbar_dark_T4b_mid-1.5=19628.4492  sbar_dark_T4c_mid-1.5=18668.0762  sbar_dark_T4d_mid-1.5=9373.8408  sbar_dark_T5a_mid-1.5=350621.0000  sbar_dark_T5b_mid-1.5=389437.5938  sbar_dark_T5c_mid-1.5=368244.7188  sbar_dark_T5d_mid-1.5=355072.8750  sbar_dark_T4a_mid-0.5=57647.6562  sbar_dark_T4b_mid-0.5=43568.4961  sbar_dark_T4c_mid-0.5=73376.1562  sbar_dark_T4d_mid-0.5=32225.5645  sbar_dark_T5a_mid-0.5=536220.2500  sbar_dark_T5b_mid-0.5=785058.8750  sbar_dark_T5c_mid-0.5=422839.2812  sbar_dark_T5d_mid-0.5=769215.3125  sbar_dark_T4a_mid+0.5=28688.1895  sbar_dark_T4b_mid+0.5=71784.7500  sbar_dark_T4c_mid+0.5=23512.8535  sbar_dark_T4d_mid+0.5=67066.0938  sbar_dark_T5a_mid+0.5=101721.6797  sbar_dark_T5b_mid+0.5=94779.2500  sbar_dark_T5c_mid+0.5=127922.0469  sbar_dark_T5d_mid+0.5=90399.8750  sbar_dark_T4b_mid+1.5=10331.8545  sbar_dark_T4c_mid+1.5=9510.3223  sbar_dark_T4d_mid+1.5=9620.1787  sbar_dark_T5a_mid+1.5=56880.5781  sbar_dark_T5b_mid+1.5=57290.5781  sbar_dark_T5c_mid+1.5=59445.3750  sbar_dark_T5d_mid+1.5=47763.0117  sbar_dark_T4a_mid+1.5=10032.1016]:   29%|██▉       | 290/1000 [03:08<07:42,  1.54it/s] Cost: 410187.7812  [spread_bright_L5=1607990.1250  spread_bright_Mi1=1504840.5000  spread_bright_Tm3=1388601.8750  spread_bright_Mi4=1818490.5000  spread_dark_L1=940471.4375  spread_dark_L2=985649.4375  spread_dark_L3=1367873.7500  spread_dark_L4=2868112.0000  spread_dark_Mi9=1241028.2500  spread_dark_Tm1=999256.8750  spread_dark_Tm2=1208880.8750  spread_dark_Tm4=1479082.3750  spread_dark_Tm9=1516517.1250  sbar_bright_T4a_mid+0=408397.7500  sbar_bright_T4b_mid+0=377568.4062  sbar_bright_T4c_mid+0=409513.9375  sbar_bright_T4d_mid+0=428757.2500  sbar_bright_T5a_mid+0=105152.8359  sbar_bright_T5b_mid+0=125527.0703  sbar_bright_T5c_mid+0=126983.3672  sbar_bright_T5d_mid+0=117662.4297  sbar_bright_T4a_mid+1=266054.7188  sbar_bright_T4b_mid+1=264596.6250  sbar_bright_T4c_mid+1=268574.9062  sbar_bright_T4d_mid+1=270570.7500  sbar_bright_T5a_mid+1=133627.1562  sbar_bright_T5b_mid+1=162599.0312  sbar_bright_T5c_mid+1=126538.3594  sbar_bright_T5d_mid+1=150893.5781  sbar_bright_T4a_mid+2=86812.6406  sbar_bright_T4b_mid+2=149255.6719  sbar_bright_T4c_mid+2=83228.8594  sbar_bright_T4d_mid+2=90595.2656  sbar_bright_T5a_mid+2=318788.1250  sbar_bright_T5b_mid+2=300733.6250  sbar_bright_T5c_mid+2=295143.0312  sbar_bright_T5d_mid+2=313861.6562  sbar_bright_T4a_mid-1=2011420.8750  sbar_bright_T4b_mid-1=1334396.7500  sbar_bright_T4c_mid-1=1796849.1250  sbar_bright_T4d_mid-1=2033335.5000  sbar_bright_T5a_mid-1=363087.4688  sbar_bright_T5b_mid-1=382315.0938  sbar_bright_T5c_mid-1=354940.5312  sbar_bright_T5d_mid-1=390237.3125  sbar_bright_T4a_mid-2=500126.5938  sbar_bright_T4b_mid-2=356562.1250  sbar_bright_T4c_mid-2=446558.8125  sbar_bright_T4d_mid-2=446251.0000  sbar_bright_T5b_mid-2=143626.7188  sbar_bright_T5c_mid-2=115216.5234  sbar_bright_T5d_mid-2=138427.2969  sbar_bright_T5a_mid-2=133637.7969  sbar_bright_T4a_mid-1.5=237304.1875  sbar_bright_T4b_mid-1.5=219460.5469  sbar_bright_T4c_mid-1.5=222018.6719  sbar_bright_T4d_mid-1.5=282476.5312  sbar_bright_T5a_mid-1.5=133066.6719  sbar_bright_T5b_mid-1.5=143730.5469  sbar_bright_T5c_mid-1.5=139974.7812  sbar_bright_T5d_mid-1.5=128836.9766  sbar_bright_T4a_mid-0.5=1017605.0625  sbar_bright_T4b_mid-0.5=1081634.7500  sbar_bright_T4c_mid-0.5=1126816.1250  sbar_bright_T4d_mid-0.5=1187688.8750  sbar_bright_T5a_mid-0.5=136242.8438  sbar_bright_T5b_mid-0.5=170121.8594  sbar_bright_T5c_mid-0.5=112969.3359  sbar_bright_T5d_mid-0.5=162848.7031  sbar_bright_T4a_mid+0.5=198929.5938  sbar_bright_T4b_mid+0.5=121706.1016  sbar_bright_T4c_mid+0.5=138310.7344  sbar_bright_T4d_mid+0.5=129364.0781  sbar_bright_T5a_mid+0.5=50404.2812  sbar_bright_T5b_mid+0.5=58290.5469  sbar_bright_T5c_mid+0.5=51159.9883  sbar_bright_T5d_mid+0.5=41489.6367  sbar_bright_T4b_mid+1.5=70437.3828  sbar_bright_T4c_mid+1.5=94818.1172  sbar_bright_T4d_mid+1.5=55099.5859  sbar_bright_T5a_mid+1.5=65934.5469  sbar_bright_T5b_mid+1.5=67364.5469  sbar_bright_T5c_mid+1.5=64822.1641  sbar_bright_T5d_mid+1.5=54309.9531  sbar_bright_T4a_mid+1.5=59985.8750  sbar_dark_T4a_mid+0=98265.0938  sbar_dark_T4b_mid+0=86996.5312  sbar_dark_T4c_mid+0=129555.6719  sbar_dark_T4d_mid+0=118540.9922  sbar_dark_T5a_mid+0=442196.9688  sbar_dark_T5b_mid+0=395414.5312  sbar_dark_T5c_mid+0=380957.7188  sbar_dark_T5d_mid+0=428951.6250  sbar_dark_T4a_mid+1=102435.2031  sbar_dark_T4b_mid+1=28775.2422  sbar_dark_T4c_mid+1=53016.1211  sbar_dark_T4d_mid+1=86408.0703  sbar_dark_T5a_mid+1=356225.9688  sbar_dark_T5b_mid+1=260552.9062  sbar_dark_T5c_mid+1=305150.5000  sbar_dark_T5d_mid+1=249045.2031  sbar_dark_T4a_mid+2=34885.6914  sbar_dark_T4b_mid+2=110185.4688  sbar_dark_T4c_mid+2=59354.7031  sbar_dark_T4d_mid+2=27472.7871  sbar_dark_T5a_mid+2=367590.6250  sbar_dark_T5b_mid+2=380060.0000  sbar_dark_T5c_mid+2=326669.7500  sbar_dark_T5d_mid+2=359985.2812  sbar_dark_T4a_mid-1=153418.6250  sbar_dark_T4b_mid-1=160345.1875  sbar_dark_T4c_mid-1=100056.5938  sbar_dark_T4d_mid-1=151680.2812  sbar_dark_T5a_mid-1=1601421.6250  sbar_dark_T5b_mid-1=1514658.8750  sbar_dark_T5c_mid-1=1445462.2500  sbar_dark_T5d_mid-1=1828842.3750  sbar_dark_T4a_mid-2=35236.4844  sbar_dark_T4b_mid-2=50856.3086  sbar_dark_T4c_mid-2=40283.6211  sbar_dark_T4d_mid-2=26091.8281  sbar_dark_T5b_mid-2=1091036.7500  sbar_dark_T5c_mid-2=881676.9375  sbar_dark_T5d_mid-2=1045024.5625  sbar_dark_T5a_mid-2=907142.7500  sbar_dark_T4a_mid-1.5=11359.9014  sbar_dark_T4b_mid-1.5=20052.8789  sbar_dark_T4c_mid-1.5=20077.7480  sbar_dark_T4d_mid-1.5=9655.5791  sbar_dark_T5a_mid-1.5=348156.1875  sbar_dark_T5b_mid-1.5=393783.5938  sbar_dark_T5c_mid-1.5=367895.6562  sbar_dark_T5d_mid-1.5=351983.1875  sbar_dark_T4a_mid-0.5=60855.4180  sbar_dark_T4b_mid-0.5=45439.7188  sbar_dark_T4c_mid-0.5=81471.0312  sbar_dark_T4d_mid-0.5=33010.6289  sbar_dark_T5a_mid-0.5=540320.3125  sbar_dark_T5b_mid-0.5=749786.1875  sbar_dark_T5c_mid-0.5=418854.8750  sbar_dark_T5d_mid-0.5=766246.6875  sbar_dark_T4a_mid+0.5=29151.2891  sbar_dark_T4b_mid+0.5=77666.0469  sbar_dark_T4c_mid+0.5=24791.7578  sbar_dark_T4d_mid+0.5=72253.2500  sbar_dark_T5a_mid+0.5=101821.8516  sbar_dark_T5b_mid+0.5=93528.3203  sbar_dark_T5c_mid+0.5=125517.5938  sbar_dark_T5d_mid+0.5=90482.2734  sbar_dark_T4b_mid+1.5=10696.8633  sbar_dark_T4c_mid+1.5=11271.8105  sbar_dark_T4d_mid+1.5=9392.0508  sbar_dark_T5a_mid+1.5=56111.8398  sbar_dark_T5b_mid+1.5=59064.9258  sbar_dark_T5c_mid+1.5=58809.7031  sbar_dark_T5d_mid+1.5=47667.3398  sbar_dark_T4a_mid+1.5=9926.7666]:  30%|███       | 300/1000 [03:14<07:34,  1.54it/s] Cost: 408083.8438  [spread_bright_L5=1619186.2500  spread_bright_Mi1=1456204.3750  spread_bright_Tm3=1372881.3750  spread_bright_Mi4=1771910.6250  spread_dark_L1=956545.8125  spread_dark_L2=980775.0625  spread_dark_L3=1321251.2500  spread_dark_L4=2882344.5000  spread_dark_Mi9=1228243.5000  spread_dark_Tm1=959341.2500  spread_dark_Tm2=1184321.2500  spread_dark_Tm4=1465913.0000  spread_dark_Tm9=1509869.6250  sbar_bright_T4a_mid+0=410031.9688  sbar_bright_T4b_mid+0=374830.8438  sbar_bright_T4c_mid+0=406601.5312  sbar_bright_T4d_mid+0=424781.1875  sbar_bright_T5a_mid+0=105026.5547  sbar_bright_T5b_mid+0=124505.7031  sbar_bright_T5c_mid+0=127700.9219  sbar_bright_T5d_mid+0=116963.1719  sbar_bright_T4a_mid+1=268174.5000  sbar_bright_T4b_mid+1=264341.5000  sbar_bright_T4c_mid+1=266802.4688  sbar_bright_T4d_mid+1=270135.5000  sbar_bright_T5a_mid+1=133527.8750  sbar_bright_T5b_mid+1=162720.7656  sbar_bright_T5c_mid+1=126897.0391  sbar_bright_T5d_mid+1=150365.0781  sbar_bright_T4a_mid+2=87642.8516  sbar_bright_T4b_mid+2=145788.6406  sbar_bright_T4c_mid+2=83089.3594  sbar_bright_T4d_mid+2=90652.8672  sbar_bright_T5a_mid+2=318088.8750  sbar_bright_T5b_mid+2=300573.5000  sbar_bright_T5c_mid+2=294218.7500  sbar_bright_T5d_mid+2=312479.9375  sbar_bright_T4a_mid-1=2006612.5000  sbar_bright_T4b_mid-1=1341240.3750  sbar_bright_T4c_mid-1=1796349.8750  sbar_bright_T4d_mid-1=2032737.2500  sbar_bright_T5a_mid-1=361837.4688  sbar_bright_T5b_mid-1=380933.9688  sbar_bright_T5c_mid-1=354864.8750  sbar_bright_T5d_mid-1=389103.9375  sbar_bright_T4a_mid-2=497605.8125  sbar_bright_T4b_mid-2=355693.1562  sbar_bright_T4c_mid-2=446265.0938  sbar_bright_T4d_mid-2=445192.3750  sbar_bright_T5b_mid-2=141808.0781  sbar_bright_T5c_mid-2=113441.1094  sbar_bright_T5d_mid-2=136749.0469  sbar_bright_T5a_mid-2=132801.9375  sbar_bright_T4a_mid-1.5=237195.9062  sbar_bright_T4b_mid-1.5=222865.9844  sbar_bright_T4c_mid-1.5=222890.4688  sbar_bright_T4d_mid-1.5=282481.9375  sbar_bright_T5a_mid-1.5=132360.7656  sbar_bright_T5b_mid-1.5=143024.3750  sbar_bright_T5c_mid-1.5=138717.3281  sbar_bright_T5d_mid-1.5=128342.2344  sbar_bright_T4a_mid-0.5=1010896.0625  sbar_bright_T4b_mid-0.5=1083869.0000  sbar_bright_T4c_mid-0.5=1125575.5000  sbar_bright_T4d_mid-0.5=1188059.0000  sbar_bright_T5a_mid-0.5=136210.4219  sbar_bright_T5b_mid-0.5=169201.4062  sbar_bright_T5c_mid-0.5=112228.2656  sbar_bright_T5d_mid-0.5=161652.0938  sbar_bright_T4a_mid+0.5=198023.0625  sbar_bright_T4b_mid+0.5=122258.1016  sbar_bright_T4c_mid+0.5=138698.9375  sbar_bright_T4d_mid+0.5=129996.5156  sbar_bright_T5a_mid+0.5=50056.4609  sbar_bright_T5b_mid+0.5=57544.0977  sbar_bright_T5c_mid+0.5=50827.9453  sbar_bright_T5d_mid+0.5=41004.2812  sbar_bright_T4b_mid+1.5=69307.1406  sbar_bright_T4c_mid+1.5=92846.0703  sbar_bright_T4d_mid+1.5=55020.6719  sbar_bright_T5a_mid+1.5=65493.1172  sbar_bright_T5b_mid+1.5=66800.7812  sbar_bright_T5c_mid+1.5=64381.5898  sbar_bright_T5d_mid+1.5=53946.2461  sbar_bright_T4a_mid+1.5=58706.2773  sbar_dark_T4a_mid+0=99124.1016  sbar_dark_T4b_mid+0=85730.6875  sbar_dark_T4c_mid+0=129862.8125  sbar_dark_T4d_mid+0=117087.4062  sbar_dark_T5a_mid+0=438839.4375  sbar_dark_T5b_mid+0=391113.7812  sbar_dark_T5c_mid+0=380053.5625  sbar_dark_T5d_mid+0=438639.4688  sbar_dark_T4a_mid+1=104575.6562  sbar_dark_T4b_mid+1=27752.2637  sbar_dark_T4c_mid+1=51553.3711  sbar_dark_T4d_mid+1=86980.0938  sbar_dark_T5a_mid+1=371696.4375  sbar_dark_T5b_mid+1=260520.1250  sbar_dark_T5c_mid+1=305777.3125  sbar_dark_T5d_mid+1=252172.2344  sbar_dark_T4a_mid+2=34611.9453  sbar_dark_T4b_mid+2=109477.6172  sbar_dark_T4c_mid+2=58932.1914  sbar_dark_T4d_mid+2=27206.7617  sbar_dark_T5a_mid+2=366779.3438  sbar_dark_T5b_mid+2=380251.2812  sbar_dark_T5c_mid+2=326323.1250  sbar_dark_T5d_mid+2=357481.9688  sbar_dark_T4a_mid-1=155873.6719  sbar_dark_T4b_mid-1=160323.9844  sbar_dark_T4c_mid-1=98466.4141  sbar_dark_T4d_mid-1=148975.6406  sbar_dark_T5a_mid-1=1594529.2500  sbar_dark_T5b_mid-1=1508717.6250  sbar_dark_T5c_mid-1=1435482.8750  sbar_dark_T5d_mid-1=1811318.6250  sbar_dark_T4a_mid-2=35424.8008  sbar_dark_T4b_mid-2=50038.7227  sbar_dark_T4c_mid-2=41331.9727  sbar_dark_T4d_mid-2=26160.3770  sbar_dark_T5b_mid-2=1087181.1250  sbar_dark_T5c_mid-2=878955.7500  sbar_dark_T5d_mid-2=1038637.4375  sbar_dark_T5a_mid-2=900029.9375  sbar_dark_T4a_mid-1.5=11190.1484  sbar_dark_T4b_mid-1.5=19359.2930  sbar_dark_T4c_mid-1.5=19575.1758  sbar_dark_T4d_mid-1.5=9577.4629  sbar_dark_T5a_mid-1.5=347251.7500  sbar_dark_T5b_mid-1.5=392138.8438  sbar_dark_T5c_mid-1.5=367214.1562  sbar_dark_T5d_mid-1.5=349941.6562  sbar_dark_T4a_mid-0.5=62955.3477  sbar_dark_T4b_mid-0.5=45070.7773  sbar_dark_T4c_mid-0.5=82566.0625  sbar_dark_T4d_mid-0.5=32541.3906  sbar_dark_T5a_mid-0.5=536072.1250  sbar_dark_T5b_mid-0.5=747118.2500  sbar_dark_T5c_mid-0.5=414238.8438  sbar_dark_T5d_mid-0.5=762153.8750  sbar_dark_T4a_mid+0.5=30224.1641  sbar_dark_T4b_mid+0.5=78871.4609  sbar_dark_T4c_mid+0.5=24317.7227  sbar_dark_T4d_mid+0.5=72503.0156  sbar_dark_T5a_mid+0.5=100619.7500  sbar_dark_T5b_mid+0.5=92740.9219  sbar_dark_T5c_mid+0.5=124600.5547  sbar_dark_T5d_mid+0.5=91949.3984  sbar_dark_T4b_mid+1.5=10335.5938  sbar_dark_T4c_mid+1.5=10233.2871  sbar_dark_T4d_mid+1.5=9246.7773  sbar_dark_T5a_mid+1.5=55943.7617  sbar_dark_T5b_mid+1.5=58940.0547  sbar_dark_T5c_mid+1.5=59260.3945  sbar_dark_T5d_mid+1.5=48291.6328  sbar_dark_T4a_mid+1.5=9687.3076]:   31%|███       | 310/1000 [03:21<07:30,  1.53it/s] Cost: 406131.1250  [spread_bright_L5=1644101.7500  spread_bright_Mi1=1442868.2500  spread_bright_Tm3=1362860.5000  spread_bright_Mi4=1757654.8750  spread_dark_L1=974853.1250  spread_dark_L2=970928.6250  spread_dark_L3=1267188.0000  spread_dark_L4=2861986.2500  spread_dark_Mi9=1211766.8750  spread_dark_Tm1=959347.0625  spread_dark_Tm2=1183689.7500  spread_dark_Tm4=1448786.6250  spread_dark_Tm9=1500805.3750  sbar_bright_T4a_mid+0=401248.9688  sbar_bright_T4b_mid+0=368528.4688  sbar_bright_T4c_mid+0=398920.0000  sbar_bright_T4d_mid+0=417992.8438  sbar_bright_T5a_mid+0=105294.6172  sbar_bright_T5b_mid+0=124345.0000  sbar_bright_T5c_mid+0=127596.1328  sbar_bright_T5d_mid+0=117472.8047  sbar_bright_T4a_mid+1=270974.6562  sbar_bright_T4b_mid+1=265611.8750  sbar_bright_T4c_mid+1=267197.4062  sbar_bright_T4d_mid+1=269145.8125  sbar_bright_T5a_mid+1=133164.2188  sbar_bright_T5b_mid+1=161841.6406  sbar_bright_T5c_mid+1=126593.2656  sbar_bright_T5d_mid+1=150708.8438  sbar_bright_T4a_mid+2=88614.3750  sbar_bright_T4b_mid+2=149889.5469  sbar_bright_T4c_mid+2=83894.7812  sbar_bright_T4d_mid+2=89499.4688  sbar_bright_T5a_mid+2=317620.6875  sbar_bright_T5b_mid+2=299808.0312  sbar_bright_T5c_mid+2=293131.5000  sbar_bright_T5d_mid+2=311606.6875  sbar_bright_T4a_mid-1=1993119.0000  sbar_bright_T4b_mid-1=1328626.7500  sbar_bright_T4c_mid-1=1787383.0000  sbar_bright_T4d_mid-1=2026078.7500  sbar_bright_T5a_mid-1=360035.5312  sbar_bright_T5b_mid-1=378705.1562  sbar_bright_T5c_mid-1=352622.9375  sbar_bright_T5d_mid-1=388312.0000  sbar_bright_T4a_mid-2=488405.0938  sbar_bright_T4b_mid-2=349196.4375  sbar_bright_T4c_mid-2=441166.3125  sbar_bright_T4d_mid-2=441832.6250  sbar_bright_T5b_mid-2=140074.7188  sbar_bright_T5c_mid-2=112230.0234  sbar_bright_T5d_mid-2=134898.1719  sbar_bright_T5a_mid-2=131557.4844  sbar_bright_T4a_mid-1.5=235388.1875  sbar_bright_T4b_mid-1.5=221603.6406  sbar_bright_T4c_mid-1.5=222090.2344  sbar_bright_T4d_mid-1.5=281987.5625  sbar_bright_T5a_mid-1.5=131949.0938  sbar_bright_T5b_mid-1.5=142465.7344  sbar_bright_T5c_mid-1.5=137943.1719  sbar_bright_T5d_mid-1.5=126895.1250  sbar_bright_T4a_mid-0.5=1001447.4375  sbar_bright_T4b_mid-0.5=1075311.6250  sbar_bright_T4c_mid-0.5=1119484.8750  sbar_bright_T4d_mid-0.5=1184957.5000  sbar_bright_T5a_mid-0.5=135879.1562  sbar_bright_T5b_mid-0.5=168617.2344  sbar_bright_T5c_mid-0.5=110627.4531  sbar_bright_T5d_mid-0.5=160990.7656  sbar_bright_T4a_mid+0.5=194637.9219  sbar_bright_T4b_mid+0.5=119435.6719  sbar_bright_T4c_mid+0.5=136918.3281  sbar_bright_T4d_mid+0.5=129109.3125  sbar_bright_T5a_mid+0.5=49628.7578  sbar_bright_T5b_mid+0.5=57064.5078  sbar_bright_T5c_mid+0.5=50054.8867  sbar_bright_T5d_mid+0.5=41076.4336  sbar_bright_T4b_mid+1.5=70410.9219  sbar_bright_T4c_mid+1.5=94919.0469  sbar_bright_T4d_mid+1.5=55634.2539  sbar_bright_T5a_mid+1.5=65296.8125  sbar_bright_T5b_mid+1.5=66493.0781  sbar_bright_T5c_mid+1.5=64352.8203  sbar_bright_T5d_mid+1.5=54230.4102  sbar_bright_T4a_mid+1.5=60159.2461  sbar_dark_T4a_mid+0=98405.1094  sbar_dark_T4b_mid+0=84735.9141  sbar_dark_T4c_mid+0=129437.5469  sbar_dark_T4d_mid+0=113969.9219  sbar_dark_T5a_mid+0=439334.6875  sbar_dark_T5b_mid+0=396941.2500  sbar_dark_T5c_mid+0=382622.6250  sbar_dark_T5d_mid+0=432957.0312  sbar_dark_T4a_mid+1=108550.6641  sbar_dark_T4b_mid+1=27121.4414  sbar_dark_T4c_mid+1=51781.3281  sbar_dark_T4d_mid+1=85864.5625  sbar_dark_T5a_mid+1=376138.5312  sbar_dark_T5b_mid+1=259084.9531  sbar_dark_T5c_mid+1=308649.6875  sbar_dark_T5d_mid+1=248898.7344  sbar_dark_T4a_mid+2=36140.5469  sbar_dark_T4b_mid+2=110242.5469  sbar_dark_T4c_mid+2=59345.1875  sbar_dark_T4d_mid+2=27299.5273  sbar_dark_T5a_mid+2=365899.2188  sbar_dark_T5b_mid+2=378967.0625  sbar_dark_T5c_mid+2=324874.5312  sbar_dark_T5d_mid+2=355777.4375  sbar_dark_T4a_mid-1=159599.3906  sbar_dark_T4b_mid-1=161810.2031  sbar_dark_T4c_mid-1=99522.4766  sbar_dark_T4d_mid-1=148803.9219  sbar_dark_T5a_mid-1=1586656.1250  sbar_dark_T5b_mid-1=1505086.6250  sbar_dark_T5c_mid-1=1427023.1250  sbar_dark_T5d_mid-1=1807855.2500  sbar_dark_T4a_mid-2=37534.3633  sbar_dark_T4b_mid-2=51276.7656  sbar_dark_T4c_mid-2=42647.1875  sbar_dark_T4d_mid-2=27229.2109  sbar_dark_T5b_mid-2=1081915.6250  sbar_dark_T5c_mid-2=875383.8750  sbar_dark_T5d_mid-2=1033178.5625  sbar_dark_T5a_mid-2=896741.1875  sbar_dark_T4a_mid-1.5=11642.0234  sbar_dark_T4b_mid-1.5=19576.8203  sbar_dark_T4c_mid-1.5=19789.3535  sbar_dark_T4d_mid-1.5=9575.1006  sbar_dark_T5a_mid-1.5=346560.1562  sbar_dark_T5b_mid-1.5=390922.6250  sbar_dark_T5c_mid-1.5=366495.5000  sbar_dark_T5d_mid-1.5=345498.0938  sbar_dark_T4a_mid-0.5=64352.0273  sbar_dark_T4b_mid-0.5=46012.3672  sbar_dark_T4c_mid-0.5=82618.5156  sbar_dark_T4d_mid-0.5=32641.3105  sbar_dark_T5a_mid-0.5=538748.5000  sbar_dark_T5b_mid-0.5=747250.8125  sbar_dark_T5c_mid-0.5=409219.9375  sbar_dark_T5d_mid-0.5=762090.1250  sbar_dark_T4a_mid+0.5=31698.6641  sbar_dark_T4b_mid+0.5=77677.6250  sbar_dark_T4c_mid+0.5=24474.8066  sbar_dark_T4d_mid+0.5=71858.1719  sbar_dark_T5a_mid+0.5=99956.2188  sbar_dark_T5b_mid+0.5=92430.0469  sbar_dark_T5c_mid+0.5=122782.1406  sbar_dark_T5d_mid+0.5=92971.6484  sbar_dark_T4b_mid+1.5=10027.9297  sbar_dark_T4c_mid+1.5=9982.8203  sbar_dark_T4d_mid+1.5=9028.4521  sbar_dark_T5a_mid+1.5=55562.6367  sbar_dark_T5b_mid+1.5=58548.0820  sbar_dark_T5c_mid+1.5=59319.7148  sbar_dark_T5d_mid+1.5=49505.2852  sbar_dark_T4a_mid+1.5=9601.1045]:    32%|███▏      | 320/1000 [03:27<07:24,  1.53it/s] Cost: 404283.6250  [spread_bright_L5=1642086.2500  spread_bright_Mi1=1424890.1250  spread_bright_Tm3=1346720.0000  spread_bright_Mi4=1755218.6250  spread_dark_L1=992266.8750  spread_dark_L2=945164.0625  spread_dark_L3=1210753.8750  spread_dark_L4=2858243.5000  spread_dark_Mi9=1207328.8750  spread_dark_Tm1=953790.7500  spread_dark_Tm2=1180517.6250  spread_dark_Tm4=1433974.6250  spread_dark_Tm9=1499216.2500  sbar_bright_T4a_mid+0=399006.2500  sbar_bright_T4b_mid+0=362576.1875  sbar_bright_T4c_mid+0=394925.0625  sbar_bright_T4d_mid+0=414399.2188  sbar_bright_T5a_mid+0=104961.0938  sbar_bright_T5b_mid+0=124285.1875  sbar_bright_T5c_mid+0=127280.9297  sbar_bright_T5d_mid+0=116598.8906  sbar_bright_T4a_mid+1=271745.1562  sbar_bright_T4b_mid+1=266281.3125  sbar_bright_T4c_mid+1=268177.0938  sbar_bright_T4d_mid+1=270303.2812  sbar_bright_T5a_mid+1=133298.2969  sbar_bright_T5b_mid+1=161472.8906  sbar_bright_T5c_mid+1=126688.9844  sbar_bright_T5d_mid+1=150148.0625  sbar_bright_T4a_mid+2=90178.4922  sbar_bright_T4b_mid+2=155116.6094  sbar_bright_T4c_mid+2=84969.3281  sbar_bright_T4d_mid+2=91327.1953  sbar_bright_T5a_mid+2=318441.0312  sbar_bright_T5b_mid+2=300497.8438  sbar_bright_T5c_mid+2=293185.2500  sbar_bright_T5d_mid+2=311340.9688  sbar_bright_T4a_mid-1=1977996.0000  sbar_bright_T4b_mid-1=1321656.5000  sbar_bright_T4c_mid-1=1778471.1250  sbar_bright_T4d_mid-1=2018555.1250  sbar_bright_T5a_mid-1=359936.9375  sbar_bright_T5b_mid-1=376486.2188  sbar_bright_T5c_mid-1=351212.8125  sbar_bright_T5d_mid-1=387390.5938  sbar_bright_T4a_mid-2=481704.1250  sbar_bright_T4b_mid-2=346624.9375  sbar_bright_T4c_mid-2=437847.9375  sbar_bright_T4d_mid-2=438970.4688  sbar_bright_T5b_mid-2=138345.7969  sbar_bright_T5c_mid-2=110783.5781  sbar_bright_T5d_mid-2=133933.5781  sbar_bright_T5a_mid-2=130335.2266  sbar_bright_T4a_mid-1.5=233697.6406  sbar_bright_T4b_mid-1.5=221662.9688  sbar_bright_T4c_mid-1.5=221622.6094  sbar_bright_T4d_mid-1.5=281796.9062  sbar_bright_T5a_mid-1.5=131622.9219  sbar_bright_T5b_mid-1.5=142075.9531  sbar_bright_T5c_mid-1.5=136862.0000  sbar_bright_T5d_mid-1.5=127017.4219  sbar_bright_T4a_mid-0.5=990078.3750  sbar_bright_T4b_mid-0.5=1072303.0000  sbar_bright_T4c_mid-0.5=1113316.8750  sbar_bright_T4d_mid-0.5=1183076.1250  sbar_bright_T5a_mid-0.5=136077.5938  sbar_bright_T5b_mid-0.5=168125.8594  sbar_bright_T5c_mid-0.5=108937.8125  sbar_bright_T5d_mid-0.5=161199.5312  sbar_bright_T4a_mid+0.5=191276.3906  sbar_bright_T4b_mid+0.5=119289.7109  sbar_bright_T4c_mid+0.5=135583.9844  sbar_bright_T4d_mid+0.5=127975.1797  sbar_bright_T5a_mid+0.5=49597.9766  sbar_bright_T5b_mid+0.5=56582.3008  sbar_bright_T5c_mid+0.5=49863.6719  sbar_bright_T5d_mid+0.5=40802.0195  sbar_bright_T4b_mid+1.5=70828.3828  sbar_bright_T4c_mid+1.5=95830.8828  sbar_bright_T4d_mid+1.5=55514.0000  sbar_bright_T5a_mid+1.5=65250.6758  sbar_bright_T5b_mid+1.5=66363.6172  sbar_bright_T5c_mid+1.5=64696.0000  sbar_bright_T5d_mid+1.5=54303.0898  sbar_bright_T4a_mid+1.5=61017.8906  sbar_dark_T4a_mid+0=99778.5312  sbar_dark_T4b_mid+0=83307.0469  sbar_dark_T4c_mid+0=129834.9375  sbar_dark_T4d_mid+0=113243.8672  sbar_dark_T5a_mid+0=425073.9062  sbar_dark_T5b_mid+0=400997.1875  sbar_dark_T5c_mid+0=383527.5938  sbar_dark_T5d_mid+0=428855.1875  sbar_dark_T4a_mid+1=110003.4609  sbar_dark_T4b_mid+1=27652.6523  sbar_dark_T4c_mid+1=50489.1836  sbar_dark_T4d_mid+1=85587.3906  sbar_dark_T5a_mid+1=374942.6250  sbar_dark_T5b_mid+1=258996.0469  sbar_dark_T5c_mid+1=313245.2812  sbar_dark_T5d_mid+1=250176.3125  sbar_dark_T4a_mid+2=37237.9219  sbar_dark_T4b_mid+2=108496.8906  sbar_dark_T4c_mid+2=60763.8398  sbar_dark_T4d_mid+2=28456.2539  sbar_dark_T5a_mid+2=366692.6250  sbar_dark_T5b_mid+2=379731.2812  sbar_dark_T5c_mid+2=325983.6875  sbar_dark_T5d_mid+2=354952.0000  sbar_dark_T4a_mid-1=164248.0781  sbar_dark_T4b_mid-1=160262.9062  sbar_dark_T4c_mid-1=99973.2188  sbar_dark_T4d_mid-1=148489.9844  sbar_dark_T5a_mid-1=1586422.2500  sbar_dark_T5b_mid-1=1494954.3750  sbar_dark_T5c_mid-1=1413186.0000  sbar_dark_T5d_mid-1=1801502.6250  sbar_dark_T4a_mid-2=39439.9922  sbar_dark_T4b_mid-2=51889.5430  sbar_dark_T4c_mid-2=44939.6406  sbar_dark_T4d_mid-2=28636.9844  sbar_dark_T5b_mid-2=1076147.7500  sbar_dark_T5c_mid-2=871181.5625  sbar_dark_T5d_mid-2=1029215.3125  sbar_dark_T5a_mid-2=893460.3750  sbar_dark_T4a_mid-1.5=11921.8740  sbar_dark_T4b_mid-1.5=19399.6738  sbar_dark_T4c_mid-1.5=20075.3789  sbar_dark_T4d_mid-1.5=9562.6064  sbar_dark_T5a_mid-1.5=346313.9062  sbar_dark_T5b_mid-1.5=390014.5000  sbar_dark_T5c_mid-1.5=365256.2500  sbar_dark_T5d_mid-1.5=345682.1250  sbar_dark_T4a_mid-0.5=66829.3750  sbar_dark_T4b_mid-0.5=46073.1484  sbar_dark_T4c_mid-0.5=84258.6719  sbar_dark_T4d_mid-0.5=32877.9805  sbar_dark_T5a_mid-0.5=540467.0000  sbar_dark_T5b_mid-0.5=741873.4375  sbar_dark_T5c_mid-0.5=401249.8750  sbar_dark_T5d_mid-0.5=762781.6250  sbar_dark_T4a_mid+0.5=32256.3516  sbar_dark_T4b_mid+0.5=77189.8281  sbar_dark_T4c_mid+0.5=24715.6836  sbar_dark_T4d_mid+0.5=72234.3125  sbar_dark_T5a_mid+0.5=100203.2109  sbar_dark_T5b_mid+0.5=90619.9375  sbar_dark_T5c_mid+0.5=121889.1406  sbar_dark_T5d_mid+0.5=92486.9297  sbar_dark_T4b_mid+1.5=10261.0527  sbar_dark_T4c_mid+1.5=10013.7705  sbar_dark_T4d_mid+1.5=8945.0479  sbar_dark_T5a_mid+1.5=55659.7500  sbar_dark_T5b_mid+1.5=58609.7812  sbar_dark_T5c_mid+1.5=59819.7344  sbar_dark_T5d_mid+1.5=49720.5703  sbar_dark_T4a_mid+1.5=9431.7930]:  33%|███▎      | 330/1000 [03:34<07:18,  1.53it/s] Cost: 402755.9688  [spread_bright_L5=1642503.0000  spread_bright_Mi1=1416627.5000  spread_bright_Tm3=1334091.8750  spread_bright_Mi4=1752114.8750  spread_dark_L1=1011151.5000  spread_dark_L2=934242.8750  spread_dark_L3=1145919.1250  spread_dark_L4=2837644.2500  spread_dark_Mi9=1198999.2500  spread_dark_Tm1=955012.0000  spread_dark_Tm2=1176525.7500  spread_dark_Tm4=1415519.3750  spread_dark_Tm9=1494235.2500  sbar_bright_T4a_mid+0=394318.7188  sbar_bright_T4b_mid+0=358299.3438  sbar_bright_T4c_mid+0=388342.5625  sbar_bright_T4d_mid+0=409895.3750  sbar_bright_T5a_mid+0=104516.0078  sbar_bright_T5b_mid+0=124064.4688  sbar_bright_T5c_mid+0=126970.8984  sbar_bright_T5d_mid+0=116365.2031  sbar_bright_T4a_mid+1=270857.2812  sbar_bright_T4b_mid+1=265598.5000  sbar_bright_T4c_mid+1=268404.6875  sbar_bright_T4d_mid+1=269053.4062  sbar_bright_T5a_mid+1=133232.9375  sbar_bright_T5b_mid+1=160832.2344  sbar_bright_T5c_mid+1=127348.8281  sbar_bright_T5d_mid+1=150031.9688  sbar_bright_T4a_mid+2=89469.6328  sbar_bright_T4b_mid+2=156612.2031  sbar_bright_T4c_mid+2=84426.8906  sbar_bright_T4d_mid+2=90666.4922  sbar_bright_T5a_mid+2=318741.8750  sbar_bright_T5b_mid+2=300420.1562  sbar_bright_T5c_mid+2=293219.8438  sbar_bright_T5d_mid+2=310666.5000  sbar_bright_T4a_mid-1=1964853.2500  sbar_bright_T4b_mid-1=1311949.1250  sbar_bright_T4c_mid-1=1771145.7500  sbar_bright_T4d_mid-1=2010720.8750  sbar_bright_T5a_mid-1=359661.3125  sbar_bright_T5b_mid-1=375421.0938  sbar_bright_T5c_mid-1=350835.8125  sbar_bright_T5d_mid-1=387478.5000  sbar_bright_T4a_mid-2=476790.4688  sbar_bright_T4b_mid-2=342680.2500  sbar_bright_T4c_mid-2=432604.3438  sbar_bright_T4d_mid-2=436913.7812  sbar_bright_T5b_mid-2=137777.0469  sbar_bright_T5c_mid-2=110878.2891  sbar_bright_T5d_mid-2=132819.1406  sbar_bright_T5a_mid-2=129779.8750  sbar_bright_T4a_mid-1.5=232150.6250  sbar_bright_T4b_mid-1.5=218587.7344  sbar_bright_T4c_mid-1.5=220508.2031  sbar_bright_T4d_mid-1.5=280959.3438  sbar_bright_T5a_mid-1.5=131648.8125  sbar_bright_T5b_mid-1.5=142021.4375  sbar_bright_T5c_mid-1.5=136805.1562  sbar_bright_T5d_mid-1.5=126445.3672  sbar_bright_T4a_mid-0.5=983360.1250  sbar_bright_T4b_mid-0.5=1062632.6250  sbar_bright_T4c_mid-0.5=1109473.5000  sbar_bright_T4d_mid-0.5=1178332.3750  sbar_bright_T5a_mid-0.5=136183.9375  sbar_bright_T5b_mid-0.5=167725.0469  sbar_bright_T5c_mid-0.5=108973.7188  sbar_bright_T5d_mid-0.5=160113.4375  sbar_bright_T4a_mid+0.5=189479.5781  sbar_bright_T4b_mid+0.5=116906.4297  sbar_bright_T4c_mid+0.5=134049.0781  sbar_bright_T4d_mid+0.5=126289.6797  sbar_bright_T5a_mid+0.5=49651.9023  sbar_bright_T5b_mid+0.5=56610.5703  sbar_bright_T5c_mid+0.5=49659.5703  sbar_bright_T5d_mid+0.5=40637.4297  sbar_bright_T4b_mid+1.5=71552.9062  sbar_bright_T4c_mid+1.5=96709.2344  sbar_bright_T4d_mid+1.5=55101.5703  sbar_bright_T5a_mid+1.5=65411.5742  sbar_bright_T5b_mid+1.5=66461.0078  sbar_bright_T5c_mid+1.5=64969.8984  sbar_bright_T5d_mid+1.5=54725.8828  sbar_bright_T4a_mid+1.5=61678.9766  sbar_dark_T4a_mid+0=98583.7266  sbar_dark_T4b_mid+0=82795.9531  sbar_dark_T4c_mid+0=128912.1641  sbar_dark_T4d_mid+0=111650.4375  sbar_dark_T5a_mid+0=432920.1562  sbar_dark_T5b_mid+0=401961.3438  sbar_dark_T5c_mid+0=379906.9062  sbar_dark_T5d_mid+0=430724.0312  sbar_dark_T4a_mid+1=110713.9297  sbar_dark_T4b_mid+1=28029.7012  sbar_dark_T4c_mid+1=49881.6602  sbar_dark_T4d_mid+1=84892.5234  sbar_dark_T5a_mid+1=372373.5312  sbar_dark_T5b_mid+1=256625.4062  sbar_dark_T5c_mid+1=310330.0625  sbar_dark_T5d_mid+1=248944.6250  sbar_dark_T4a_mid+2=38021.1641  sbar_dark_T4b_mid+2=109341.0859  sbar_dark_T4c_mid+2=61881.7891  sbar_dark_T4d_mid+2=28307.6914  sbar_dark_T5a_mid+2=366814.0938  sbar_dark_T5b_mid+2=379016.5938  sbar_dark_T5c_mid+2=324842.6875  sbar_dark_T5d_mid+2=353831.5000  sbar_dark_T4a_mid-1=167308.5938  sbar_dark_T4b_mid-1=160157.7969  sbar_dark_T4c_mid-1=100641.2812  sbar_dark_T4d_mid-1=148912.5625  sbar_dark_T5a_mid-1=1583714.6250  sbar_dark_T5b_mid-1=1503691.1250  sbar_dark_T5c_mid-1=1415316.7500  sbar_dark_T5d_mid-1=1798503.5000  sbar_dark_T4a_mid-2=40914.5859  sbar_dark_T4b_mid-2=52324.9883  sbar_dark_T4c_mid-2=47449.0430  sbar_dark_T4d_mid-2=29762.6230  sbar_dark_T5b_mid-2=1078033.8750  sbar_dark_T5c_mid-2=871367.5000  sbar_dark_T5d_mid-2=1026281.4375  sbar_dark_T5a_mid-2=894190.7500  sbar_dark_T4a_mid-1.5=12237.4590  sbar_dark_T4b_mid-1.5=19857.4844  sbar_dark_T4c_mid-1.5=20513.5137  sbar_dark_T4d_mid-1.5=9659.6260  sbar_dark_T5a_mid-1.5=346291.4688  sbar_dark_T5b_mid-1.5=389841.4375  sbar_dark_T5c_mid-1.5=367003.5625  sbar_dark_T5d_mid-1.5=343944.5625  sbar_dark_T4a_mid-0.5=67565.2969  sbar_dark_T4b_mid-0.5=46941.3203  sbar_dark_T4c_mid-0.5=85499.5781  sbar_dark_T4d_mid-0.5=33520.5039  sbar_dark_T5a_mid-0.5=539466.0000  sbar_dark_T5b_mid-0.5=744669.0625  sbar_dark_T5c_mid-0.5=402129.7500  sbar_dark_T5d_mid-0.5=764882.9375  sbar_dark_T4a_mid+0.5=32549.0000  sbar_dark_T4b_mid+0.5=77116.5312  sbar_dark_T4c_mid+0.5=25196.8418  sbar_dark_T4d_mid+0.5=71676.4297  sbar_dark_T5a_mid+0.5=100118.3594  sbar_dark_T5b_mid+0.5=90192.7031  sbar_dark_T5c_mid+0.5=120831.5781  sbar_dark_T5d_mid+0.5=93000.0391  sbar_dark_T4b_mid+1.5=10473.8506  sbar_dark_T4c_mid+1.5=10134.0039  sbar_dark_T4d_mid+1.5=9071.1113  sbar_dark_T5a_mid+1.5=55510.2539  sbar_dark_T5b_mid+1.5=58330.6641  sbar_dark_T5c_mid+1.5=59638.1836  sbar_dark_T5d_mid+1.5=50165.6758  sbar_dark_T4a_mid+1.5=9748.4131]:  34%|███▍      | 340/1000 [03:41<07:14,  1.52it/s] Cost: 400928.1562  [spread_bright_L5=1647151.5000  spread_bright_Mi1=1395311.2500  spread_bright_Tm3=1317351.5000  spread_bright_Mi4=1740965.7500  spread_dark_L1=1024968.0625  spread_dark_L2=916743.6250  spread_dark_L3=1070927.7500  spread_dark_L4=2834312.2500  spread_dark_Mi9=1195110.0000  spread_dark_Tm1=949065.3750  spread_dark_Tm2=1176038.3750  spread_dark_Tm4=1417248.0000  spread_dark_Tm9=1491454.1250  sbar_bright_T4a_mid+0=387817.7188  sbar_bright_T4b_mid+0=353301.1562  sbar_bright_T4c_mid+0=382259.6875  sbar_bright_T4d_mid+0=406295.4688  sbar_bright_T5a_mid+0=102992.4219  sbar_bright_T5b_mid+0=123048.8750  sbar_bright_T5c_mid+0=125783.0625  sbar_bright_T5d_mid+0=114802.5625  sbar_bright_T4a_mid+1=270646.3750  sbar_bright_T4b_mid+1=266605.9062  sbar_bright_T4c_mid+1=269907.9688  sbar_bright_T4d_mid+1=270145.4375  sbar_bright_T5a_mid+1=131332.1719  sbar_bright_T5b_mid+1=158266.2188  sbar_bright_T5c_mid+1=125438.6016  sbar_bright_T5d_mid+1=148513.1719  sbar_bright_T4a_mid+2=89768.7344  sbar_bright_T4b_mid+2=158260.9688  sbar_bright_T4c_mid+2=84959.9609  sbar_bright_T4d_mid+2=92365.3984  sbar_bright_T5a_mid+2=316655.5312  sbar_bright_T5b_mid+2=298170.1250  sbar_bright_T5c_mid+2=290687.1562  sbar_bright_T5d_mid+2=308764.9375  sbar_bright_T4a_mid-1=1951656.6250  sbar_bright_T4b_mid-1=1303521.7500  sbar_bright_T4c_mid-1=1759091.0000  sbar_bright_T4d_mid-1=1999905.7500  sbar_bright_T5a_mid-1=357724.9062  sbar_bright_T5b_mid-1=373271.6250  sbar_bright_T5c_mid-1=349388.5000  sbar_bright_T5d_mid-1=386069.8750  sbar_bright_T4a_mid-2=471245.0312  sbar_bright_T4b_mid-2=338027.3438  sbar_bright_T4c_mid-2=426845.6562  sbar_bright_T4d_mid-2=432980.5312  sbar_bright_T5b_mid-2=136580.0156  sbar_bright_T5c_mid-2=109195.4141  sbar_bright_T5d_mid-2=131267.1562  sbar_bright_T5a_mid-2=127945.4375  sbar_bright_T4a_mid-1.5=230662.4688  sbar_bright_T4b_mid-1.5=216513.9219  sbar_bright_T4c_mid-1.5=218437.6875  sbar_bright_T4d_mid-1.5=280831.7188  sbar_bright_T5a_mid-1.5=131319.9688  sbar_bright_T5b_mid-1.5=142346.1406  sbar_bright_T5c_mid-1.5=136715.6250  sbar_bright_T5d_mid-1.5=126566.4688  sbar_bright_T4a_mid-0.5=978011.8125  sbar_bright_T4b_mid-0.5=1056110.6250  sbar_bright_T4c_mid-0.5=1102964.6250  sbar_bright_T4d_mid-0.5=1173179.7500  sbar_bright_T5a_mid-0.5=135393.7500  sbar_bright_T5b_mid-0.5=167686.4375  sbar_bright_T5c_mid-0.5=108282.9297  sbar_bright_T5d_mid-0.5=159569.4375  sbar_bright_T4a_mid+0.5=188506.3125  sbar_bright_T4b_mid+0.5=115420.0703  sbar_bright_T4c_mid+0.5=132620.0625  sbar_bright_T4d_mid+0.5=124645.2344  sbar_bright_T5a_mid+0.5=48931.5586  sbar_bright_T5b_mid+0.5=56175.7539  sbar_bright_T5c_mid+0.5=48936.0703  sbar_bright_T5d_mid+0.5=39654.1914  sbar_bright_T4b_mid+1.5=72961.5078  sbar_bright_T4c_mid+1.5=97816.2656  sbar_bright_T4d_mid+1.5=55782.5703  sbar_bright_T5a_mid+1.5=65017.4688  sbar_bright_T5b_mid+1.5=66009.0000  sbar_bright_T5c_mid+1.5=64091.7422  sbar_bright_T5d_mid+1.5=54124.7812  sbar_bright_T4a_mid+1.5=62222.8203  sbar_dark_T4a_mid+0=95787.2500  sbar_dark_T4b_mid+0=82520.8828  sbar_dark_T4c_mid+0=129255.1953  sbar_dark_T4d_mid+0=111004.8906  sbar_dark_T5a_mid+0=430690.2812  sbar_dark_T5b_mid+0=401332.3125  sbar_dark_T5c_mid+0=377973.7188  sbar_dark_T5d_mid+0=433058.6250  sbar_dark_T4a_mid+1=111057.9141  sbar_dark_T4b_mid+1=28577.8945  sbar_dark_T4c_mid+1=49298.8477  sbar_dark_T4d_mid+1=84772.6016  sbar_dark_T5a_mid+1=377231.8750  sbar_dark_T5b_mid+1=255333.7344  sbar_dark_T5c_mid+1=309360.4375  sbar_dark_T5d_mid+1=250029.2031  sbar_dark_T4a_mid+2=39223.6875  sbar_dark_T4b_mid+2=110314.4922  sbar_dark_T4c_mid+2=63607.7070  sbar_dark_T4d_mid+2=28714.7559  sbar_dark_T5a_mid+2=365437.4375  sbar_dark_T5b_mid+2=376852.9375  sbar_dark_T5c_mid+2=322398.4062  sbar_dark_T5d_mid+2=352475.8750  sbar_dark_T4a_mid-1=172824.6875  sbar_dark_T4b_mid-1=163714.8281  sbar_dark_T4c_mid-1=102450.1094  sbar_dark_T4d_mid-1=150000.7188  sbar_dark_T5a_mid-1=1579706.3750  sbar_dark_T5b_mid-1=1506807.2500  sbar_dark_T5c_mid-1=1411191.5000  sbar_dark_T5d_mid-1=1793408.2500  sbar_dark_T4a_mid-2=42831.4492  sbar_dark_T4b_mid-2=54515.5117  sbar_dark_T4c_mid-2=51123.8359  sbar_dark_T4d_mid-2=32407.0039  sbar_dark_T5b_mid-2=1075627.7500  sbar_dark_T5c_mid-2=868233.6875  sbar_dark_T5d_mid-2=1022091.0625  sbar_dark_T5a_mid-2=891136.5000  sbar_dark_T4a_mid-1.5=12691.3125  sbar_dark_T4b_mid-1.5=20503.0684  sbar_dark_T4c_mid-1.5=21342.7188  sbar_dark_T4d_mid-1.5=9688.7930  sbar_dark_T5a_mid-1.5=345942.4688  sbar_dark_T5b_mid-1.5=390684.3125  sbar_dark_T5c_mid-1.5=367929.5625  sbar_dark_T5d_mid-1.5=343982.9375  sbar_dark_T4a_mid-0.5=68485.4609  sbar_dark_T4b_mid-0.5=48225.5938  sbar_dark_T4c_mid-0.5=87811.0156  sbar_dark_T4d_mid-0.5=34428.7109  sbar_dark_T5a_mid-0.5=537253.3750  sbar_dark_T5b_mid-0.5=744948.0625  sbar_dark_T5c_mid-0.5=402449.7188  sbar_dark_T5d_mid-0.5=765571.2500  sbar_dark_T4a_mid+0.5=32570.2656  sbar_dark_T4b_mid+0.5=78183.6719  sbar_dark_T4c_mid+0.5=25298.2695  sbar_dark_T4d_mid+0.5=71703.9141  sbar_dark_T5a_mid+0.5=99264.5312  sbar_dark_T5b_mid+0.5=89318.1562  sbar_dark_T5c_mid+0.5=119858.7344  sbar_dark_T5d_mid+0.5=93049.1484  sbar_dark_T4b_mid+1.5=10874.2500  sbar_dark_T4c_mid+1.5=10449.6514  sbar_dark_T4d_mid+1.5=9194.0215  sbar_dark_T5a_mid+1.5=55383.3672  sbar_dark_T5b_mid+1.5=58186.1953  sbar_dark_T5c_mid+1.5=59814.4414  sbar_dark_T5d_mid+1.5=50667.0273  sbar_dark_T4a_mid+1.5=9908.7031]:   35%|███▌      | 350/1000 [03:47<07:05,  1.53it/s] Cost: 399183.1875  [spread_bright_L5=1648592.6250  spread_bright_Mi1=1370675.6250  spread_bright_Tm3=1296422.7500  spread_bright_Mi4=1732974.8750  spread_dark_L1=1033070.6875  spread_dark_L2=900690.1875  spread_dark_L3=995939.0000  spread_dark_L4=2821375.0000  spread_dark_Mi9=1174574.0000  spread_dark_Tm1=957001.6250  spread_dark_Tm2=1178115.7500  spread_dark_Tm4=1407611.7500  spread_dark_Tm9=1485610.0000  sbar_bright_T4a_mid+0=383697.9375  sbar_bright_T4b_mid+0=349335.4375  sbar_bright_T4c_mid+0=378346.2188  sbar_bright_T4d_mid+0=402533.6250  sbar_bright_T5a_mid+0=101244.6172  sbar_bright_T5b_mid+0=121213.6953  sbar_bright_T5c_mid+0=124112.2578  sbar_bright_T5d_mid+0=113309.0703  sbar_bright_T4a_mid+1=268652.5625  sbar_bright_T4b_mid+1=264412.0000  sbar_bright_T4c_mid+1=267627.5625  sbar_bright_T4d_mid+1=267591.0000  sbar_bright_T5a_mid+1=130672.4766  sbar_bright_T5b_mid+1=157161.9531  sbar_bright_T5c_mid+1=124446.5547  sbar_bright_T5d_mid+1=148320.5156  sbar_bright_T4a_mid+2=88287.3672  sbar_bright_T4b_mid+2=157567.7031  sbar_bright_T4c_mid+2=84445.1406  sbar_bright_T4d_mid+2=91842.0547  sbar_bright_T5a_mid+2=315993.8125  sbar_bright_T5b_mid+2=297627.5312  sbar_bright_T5c_mid+2=289492.6562  sbar_bright_T5d_mid+2=308212.1875  sbar_bright_T4a_mid-1=1938566.7500  sbar_bright_T4b_mid-1=1303337.2500  sbar_bright_T4c_mid-1=1754782.0000  sbar_bright_T4d_mid-1=1996982.7500  sbar_bright_T5a_mid-1=357592.9062  sbar_bright_T5b_mid-1=371401.2188  sbar_bright_T5c_mid-1=348616.9062  sbar_bright_T5d_mid-1=386245.6875  sbar_bright_T4a_mid-2=466990.6250  sbar_bright_T4b_mid-2=336405.6562  sbar_bright_T4c_mid-2=424308.4375  sbar_bright_T4d_mid-2=431656.1875  sbar_bright_T5b_mid-2=136219.4688  sbar_bright_T5c_mid-2=108754.9531  sbar_bright_T5d_mid-2=130783.3984  sbar_bright_T5a_mid-2=127664.2031  sbar_bright_T4a_mid-1.5=229459.8750  sbar_bright_T4b_mid-1.5=216102.9531  sbar_bright_T4c_mid-1.5=217772.6562  sbar_bright_T4d_mid-1.5=280451.2812  sbar_bright_T5a_mid-1.5=131140.4219  sbar_bright_T5b_mid-1.5=142049.7188  sbar_bright_T5c_mid-1.5=136395.8125  sbar_bright_T5d_mid-1.5=126383.5156  sbar_bright_T4a_mid-0.5=972797.0625  sbar_bright_T4b_mid-0.5=1052386.5000  sbar_bright_T4c_mid-0.5=1101065.1250  sbar_bright_T4d_mid-0.5=1171795.1250  sbar_bright_T5a_mid-0.5=135460.2656  sbar_bright_T5b_mid-0.5=166606.9531  sbar_bright_T5c_mid-0.5=107888.0234  sbar_bright_T5d_mid-0.5=158410.5000  sbar_bright_T4a_mid+0.5=187099.9531  sbar_bright_T4b_mid+0.5=113788.5703  sbar_bright_T4c_mid+0.5=131417.2031  sbar_bright_T4d_mid+0.5=123316.1406  sbar_bright_T5a_mid+0.5=48889.2344  sbar_bright_T5b_mid+0.5=55995.6172  sbar_bright_T5c_mid+0.5=48076.7344  sbar_bright_T5d_mid+0.5=39634.9531  sbar_bright_T4b_mid+1.5=73668.4922  sbar_bright_T4c_mid+1.5=96569.6641  sbar_bright_T4d_mid+1.5=55477.8125  sbar_bright_T5a_mid+1.5=64932.1406  sbar_bright_T5b_mid+1.5=65729.1328  sbar_bright_T5c_mid+1.5=63946.1211  sbar_bright_T5d_mid+1.5=54046.7773  sbar_bright_T4a_mid+1.5=62144.4531  sbar_dark_T4a_mid+0=95548.6953  sbar_dark_T4b_mid+0=82457.2266  sbar_dark_T4c_mid+0=126362.2031  sbar_dark_T4d_mid+0=109066.3125  sbar_dark_T5a_mid+0=434829.4062  sbar_dark_T5b_mid+0=407439.6562  sbar_dark_T5c_mid+0=380646.2500  sbar_dark_T5d_mid+0=432176.0938  sbar_dark_T4a_mid+1=110403.4219  sbar_dark_T4b_mid+1=28691.3594  sbar_dark_T4c_mid+1=47922.0938  sbar_dark_T4d_mid+1=83559.2344  sbar_dark_T5a_mid+1=370711.9062  sbar_dark_T5b_mid+1=253263.5312  sbar_dark_T5c_mid+1=310364.3750  sbar_dark_T5d_mid+1=247156.3281  sbar_dark_T4a_mid+2=39991.9023  sbar_dark_T4b_mid+2=110445.0234  sbar_dark_T4c_mid+2=64491.5273  sbar_dark_T4d_mid+2=28743.2910  sbar_dark_T5a_mid+2=364608.4688  sbar_dark_T5b_mid+2=375324.1250  sbar_dark_T5c_mid+2=321198.2500  sbar_dark_T5d_mid+2=351604.2188  sbar_dark_T4a_mid-1=179298.1719  sbar_dark_T4b_mid-1=162710.5156  sbar_dark_T4c_mid-1=103444.7891  sbar_dark_T4d_mid-1=150215.5312  sbar_dark_T5a_mid-1=1581061.5000  sbar_dark_T5b_mid-1=1506224.8750  sbar_dark_T5c_mid-1=1407546.2500  sbar_dark_T5d_mid-1=1793593.2500  sbar_dark_T4a_mid-2=45630.5781  sbar_dark_T4b_mid-2=55326.0586  sbar_dark_T4c_mid-2=53631.3945  sbar_dark_T4d_mid-2=34999.8008  sbar_dark_T5b_mid-2=1076390.8750  sbar_dark_T5c_mid-2=867475.3750  sbar_dark_T5d_mid-2=1022042.0000  sbar_dark_T5a_mid-2=893771.0625  sbar_dark_T4a_mid-1.5=13278.5156  sbar_dark_T4b_mid-1.5=20991.9473  sbar_dark_T4c_mid-1.5=21871.1719  sbar_dark_T4d_mid-1.5=9764.4668  sbar_dark_T5a_mid-1.5=345722.8750  sbar_dark_T5b_mid-1.5=389867.5000  sbar_dark_T5c_mid-1.5=368444.5312  sbar_dark_T5d_mid-1.5=343280.2500  sbar_dark_T4a_mid-0.5=68914.7500  sbar_dark_T4b_mid-0.5=49035.5469  sbar_dark_T4c_mid-0.5=88391.4531  sbar_dark_T4d_mid-0.5=35111.9102  sbar_dark_T5a_mid-0.5=538554.3750  sbar_dark_T5b_mid-0.5=743551.9375  sbar_dark_T5c_mid-0.5=401283.2500  sbar_dark_T5d_mid-0.5=764446.1875  sbar_dark_T4a_mid+0.5=32350.4961  sbar_dark_T4b_mid+0.5=77925.1953  sbar_dark_T4c_mid+0.5=25039.8594  sbar_dark_T4d_mid+0.5=70521.9141  sbar_dark_T5a_mid+0.5=99341.5391  sbar_dark_T5b_mid+0.5=88658.7031  sbar_dark_T5c_mid+0.5=117908.4375  sbar_dark_T5d_mid+0.5=92903.5547  sbar_dark_T4b_mid+1.5=11310.5977  sbar_dark_T4c_mid+1.5=10460.1201  sbar_dark_T4d_mid+1.5=9360.8301  sbar_dark_T5a_mid+1.5=55086.9219  sbar_dark_T5b_mid+1.5=57663.1172  sbar_dark_T5c_mid+1.5=59487.3047  sbar_dark_T5d_mid+1.5=50833.9219  sbar_dark_T4a_mid+1.5=9999.2949]:   36%|███▌      | 360/1000 [03:53<06:56,  1.53it/s] Cost: 397236.5312  [spread_bright_L5=1656112.5000  spread_bright_Mi1=1339653.0000  spread_bright_Tm3=1281516.2500  spread_bright_Mi4=1720926.2500  spread_dark_L1=1042271.6250  spread_dark_L2=885358.5000  spread_dark_L3=911108.0625  spread_dark_L4=2820887.0000  spread_dark_Mi9=1147664.1250  spread_dark_Tm1=955342.0625  spread_dark_Tm2=1181886.3750  spread_dark_Tm4=1393232.6250  spread_dark_Tm9=1479470.5000  sbar_bright_T4a_mid+0=383552.8125  sbar_bright_T4b_mid+0=344607.9375  sbar_bright_T4c_mid+0=373168.3438  sbar_bright_T4d_mid+0=399214.0938  sbar_bright_T5a_mid+0=98658.2266  sbar_bright_T5b_mid+0=119684.3906  sbar_bright_T5c_mid+0=122161.1406  sbar_bright_T5d_mid+0=111659.7344  sbar_bright_T4a_mid+1=268141.1875  sbar_bright_T4b_mid+1=262832.8125  sbar_bright_T4c_mid+1=268598.3438  sbar_bright_T4d_mid+1=268122.0938  sbar_bright_T5a_mid+1=131194.1094  sbar_bright_T5b_mid+1=156985.6250  sbar_bright_T5c_mid+1=124653.0859  sbar_bright_T5d_mid+1=148622.0312  sbar_bright_T4a_mid+2=88411.7344  sbar_bright_T4b_mid+2=159147.6875  sbar_bright_T4c_mid+2=85602.6406  sbar_bright_T4d_mid+2=93672.3984  sbar_bright_T5a_mid+2=314321.1562  sbar_bright_T5b_mid+2=295595.8125  sbar_bright_T5c_mid+2=288074.2500  sbar_bright_T5d_mid+2=306790.4375  sbar_bright_T4a_mid-1=1912812.2500  sbar_bright_T4b_mid-1=1292982.6250  sbar_bright_T4c_mid-1=1730881.0000  sbar_bright_T4d_mid-1=1978966.0000  sbar_bright_T5a_mid-1=361589.2188  sbar_bright_T5b_mid-1=371196.4688  sbar_bright_T5c_mid-1=349119.7188  sbar_bright_T5d_mid-1=388288.9375  sbar_bright_T4a_mid-2=457945.1562  sbar_bright_T4b_mid-2=330786.1875  sbar_bright_T4c_mid-2=416940.0000  sbar_bright_T4d_mid-2=425302.3750  sbar_bright_T5b_mid-2=135371.7812  sbar_bright_T5c_mid-2=107961.7969  sbar_bright_T5d_mid-2=130370.8359  sbar_bright_T5a_mid-2=126965.1875  sbar_bright_T4a_mid-1.5=226169.4062  sbar_bright_T4b_mid-1.5=214031.8750  sbar_bright_T4c_mid-1.5=214056.9688  sbar_bright_T4d_mid-1.5=279817.5312  sbar_bright_T5a_mid-1.5=131031.8047  sbar_bright_T5b_mid-1.5=141659.7500  sbar_bright_T5c_mid-1.5=135486.6250  sbar_bright_T5d_mid-1.5=126078.8984  sbar_bright_T4a_mid-0.5=961417.4375  sbar_bright_T4b_mid-0.5=1041884.2500  sbar_bright_T4c_mid-0.5=1093460.5000  sbar_bright_T4d_mid-0.5=1158597.6250  sbar_bright_T5a_mid-0.5=137189.8438  sbar_bright_T5b_mid-0.5=165514.4844  sbar_bright_T5c_mid-0.5=109641.3828  sbar_bright_T5d_mid-0.5=157631.7812  sbar_bright_T4a_mid+0.5=184475.8125  sbar_bright_T4b_mid+0.5=112215.7969  sbar_bright_T4c_mid+0.5=129462.1875  sbar_bright_T4d_mid+0.5=120445.3281  sbar_bright_T5a_mid+0.5=49703.0508  sbar_bright_T5b_mid+0.5=56363.9609  sbar_bright_T5c_mid+0.5=47512.2109  sbar_bright_T5d_mid+0.5=40074.3516  sbar_bright_T4b_mid+1.5=74831.3594  sbar_bright_T4c_mid+1.5=96639.6875  sbar_bright_T4d_mid+1.5=55429.7734  sbar_bright_T5a_mid+1.5=64944.1953  sbar_bright_T5b_mid+1.5=65600.5000  sbar_bright_T5c_mid+1.5=63607.4727  sbar_bright_T5d_mid+1.5=54191.6211  sbar_bright_T4a_mid+1.5=63077.3672  sbar_dark_T4a_mid+0=99579.1250  sbar_dark_T4b_mid+0=85366.3438  sbar_dark_T4c_mid+0=127260.5859  sbar_dark_T4d_mid+0=113297.9453  sbar_dark_T5a_mid+0=441589.7812  sbar_dark_T5b_mid+0=419632.5000  sbar_dark_T5c_mid+0=384114.4688  sbar_dark_T5d_mid+0=444787.3750  sbar_dark_T4a_mid+1=110983.8359  sbar_dark_T4b_mid+1=29576.7051  sbar_dark_T4c_mid+1=47125.6406  sbar_dark_T4d_mid+1=83784.9375  sbar_dark_T5a_mid+1=369039.0312  sbar_dark_T5b_mid+1=250674.5000  sbar_dark_T5c_mid+1=313824.2812  sbar_dark_T5d_mid+1=245021.9688  sbar_dark_T4a_mid+2=42986.2656  sbar_dark_T4b_mid+2=112428.3203  sbar_dark_T4c_mid+2=67388.1406  sbar_dark_T4d_mid+2=30086.4082  sbar_dark_T5a_mid+2=362107.6875  sbar_dark_T5b_mid+2=371578.8750  sbar_dark_T5c_mid+2=318511.5000  sbar_dark_T5d_mid+2=349666.5625  sbar_dark_T4a_mid-1=192730.3281  sbar_dark_T4b_mid-1=167187.6250  sbar_dark_T4c_mid-1=108399.4453  sbar_dark_T4d_mid-1=152492.4062  sbar_dark_T5a_mid-1=1578178.0000  sbar_dark_T5b_mid-1=1503133.8750  sbar_dark_T5c_mid-1=1400966.7500  sbar_dark_T5d_mid-1=1792110.0000  sbar_dark_T4a_mid-2=51887.8555  sbar_dark_T4b_mid-2=58918.1953  sbar_dark_T4c_mid-2=59736.8516  sbar_dark_T4d_mid-2=40965.3047  sbar_dark_T5b_mid-2=1072432.7500  sbar_dark_T5c_mid-2=863650.8125  sbar_dark_T5d_mid-2=1017078.5625  sbar_dark_T5a_mid-2=893329.6250  sbar_dark_T4a_mid-1.5=14602.2246  sbar_dark_T4b_mid-1.5=22621.1602  sbar_dark_T4c_mid-1.5=23616.7598  sbar_dark_T4d_mid-1.5=9927.2920  sbar_dark_T5a_mid-1.5=345569.8438  sbar_dark_T5b_mid-1.5=389261.7188  sbar_dark_T5c_mid-1.5=368108.4688  sbar_dark_T5d_mid-1.5=342269.3125  sbar_dark_T4a_mid-0.5=70186.3359  sbar_dark_T4b_mid-0.5=51471.6055  sbar_dark_T4c_mid-0.5=91993.4141  sbar_dark_T4d_mid-0.5=36955.6445  sbar_dark_T5a_mid-0.5=541518.3125  sbar_dark_T5b_mid-0.5=741877.3750  sbar_dark_T5c_mid-0.5=401642.9375  sbar_dark_T5d_mid-0.5=756077.3750  sbar_dark_T4a_mid+0.5=32462.7559  sbar_dark_T4b_mid+0.5=78639.8281  sbar_dark_T4c_mid+0.5=25005.7441  sbar_dark_T4d_mid+0.5=70917.9062  sbar_dark_T5a_mid+0.5=99604.6797  sbar_dark_T5b_mid+0.5=88251.7656  sbar_dark_T5c_mid+0.5=113653.6328  sbar_dark_T5d_mid+0.5=92616.0156  sbar_dark_T4b_mid+1.5=11778.4551  sbar_dark_T4c_mid+1.5=11029.2832  sbar_dark_T4d_mid+1.5=9925.2871  sbar_dark_T5a_mid+1.5=54723.8672  sbar_dark_T5b_mid+1.5=57314.0469  sbar_dark_T5c_mid+1.5=59076.7852  sbar_dark_T5d_mid+1.5=50914.5078  sbar_dark_T4a_mid+1.5=10296.6387]:  37%|███▋      | 370/1000 [04:00<06:49,  1.54it/s] Cost: 394300.9375  [spread_bright_L5=1650397.7500  spread_bright_Mi1=1293611.7500  spread_bright_Tm3=1257227.7500  spread_bright_Mi4=1719529.0000  spread_dark_L1=1048597.3750  spread_dark_L2=889248.8125  spread_dark_L3=834049.2500  spread_dark_L4=2836500.5000  spread_dark_Mi9=1088846.2500  spread_dark_Tm1=929886.8125  spread_dark_Tm2=1178606.1250  spread_dark_Tm4=1397009.2500  spread_dark_Tm9=1449797.2500  sbar_bright_T4a_mid+0=361834.9375  sbar_bright_T4b_mid+0=338211.4062  sbar_bright_T4c_mid+0=371000.5625  sbar_bright_T4d_mid+0=392144.9375  sbar_bright_T5a_mid+0=96840.1094  sbar_bright_T5b_mid+0=116975.3047  sbar_bright_T5c_mid+0=118967.8672  sbar_bright_T5d_mid+0=110610.8750  sbar_bright_T4a_mid+1=257561.6719  sbar_bright_T4b_mid+1=254733.3906  sbar_bright_T4c_mid+1=260863.5312  sbar_bright_T4d_mid+1=258289.5938  sbar_bright_T5a_mid+1=133166.3125  sbar_bright_T5b_mid+1=156313.9375  sbar_bright_T5c_mid+1=126613.8750  sbar_bright_T5d_mid+1=150421.5000  sbar_bright_T4a_mid+2=81001.7891  sbar_bright_T4b_mid+2=148063.7969  sbar_bright_T4c_mid+2=82013.5859  sbar_bright_T4d_mid+2=89162.8203  sbar_bright_T5a_mid+2=317197.0312  sbar_bright_T5b_mid+2=298145.7812  sbar_bright_T5c_mid+2=291222.2188  sbar_bright_T5d_mid+2=309405.4062  sbar_bright_T4a_mid-1=1918911.6250  sbar_bright_T4b_mid-1=1308207.3750  sbar_bright_T4c_mid-1=1722772.6250  sbar_bright_T4d_mid-1=1969772.5000  sbar_bright_T5a_mid-1=364200.7812  sbar_bright_T5b_mid-1=370000.8125  sbar_bright_T5c_mid-1=349290.6250  sbar_bright_T5d_mid-1=390318.6250  sbar_bright_T4a_mid-2=457345.0938  sbar_bright_T4b_mid-2=331632.7500  sbar_bright_T4c_mid-2=411508.8438  sbar_bright_T4d_mid-2=423608.0000  sbar_bright_T5b_mid-2=134501.4844  sbar_bright_T5c_mid-2=107426.3125  sbar_bright_T5d_mid-2=129646.1562  sbar_bright_T5a_mid-2=124854.8672  sbar_bright_T4a_mid-1.5=224921.4062  sbar_bright_T4b_mid-1.5=211183.9844  sbar_bright_T4c_mid-1.5=211881.7969  sbar_bright_T4d_mid-1.5=278690.4062  sbar_bright_T5a_mid-1.5=131734.6250  sbar_bright_T5b_mid-1.5=141445.6875  sbar_bright_T5c_mid-1.5=134165.8594  sbar_bright_T5d_mid-1.5=125749.1016  sbar_bright_T4a_mid-0.5=973260.1250  sbar_bright_T4b_mid-0.5=1038933.3750  sbar_bright_T4c_mid-0.5=1092936.7500  sbar_bright_T4d_mid-0.5=1150879.3750  sbar_bright_T5a_mid-0.5=138505.3125  sbar_bright_T5b_mid-0.5=164678.9844  sbar_bright_T5c_mid-0.5=110139.9375  sbar_bright_T5d_mid-0.5=156168.3438  sbar_bright_T4a_mid+0.5=184501.6719  sbar_bright_T4b_mid+0.5=111590.6016  sbar_bright_T4c_mid+0.5=127368.7109  sbar_bright_T4d_mid+0.5=117264.7188  sbar_bright_T5a_mid+0.5=50706.6953  sbar_bright_T5b_mid+0.5=56525.6016  sbar_bright_T5c_mid+0.5=46136.0039  sbar_bright_T5d_mid+0.5=40875.8086  sbar_bright_T4b_mid+1.5=72210.5547  sbar_bright_T4c_mid+1.5=94535.0547  sbar_bright_T4d_mid+1.5=53019.4727  sbar_bright_T5a_mid+1.5=66541.4922  sbar_bright_T5b_mid+1.5=67333.0469  sbar_bright_T5c_mid+1.5=65377.0508  sbar_bright_T5d_mid+1.5=56797.2305  sbar_bright_T4a_mid+1.5=59358.5391  sbar_dark_T4a_mid+0=85573.0000  sbar_dark_T4b_mid+0=78539.8047  sbar_dark_T4c_mid+0=121437.3047  sbar_dark_T4d_mid+0=110611.4922  sbar_dark_T5a_mid+0=420291.5000  sbar_dark_T5b_mid+0=410369.9062  sbar_dark_T5c_mid+0=365639.1562  sbar_dark_T5d_mid+0=421713.8438  sbar_dark_T4a_mid+1=103208.2109  sbar_dark_T4b_mid+1=28443.5137  sbar_dark_T4c_mid+1=47261.0586  sbar_dark_T4d_mid+1=83945.5703  sbar_dark_T5a_mid+1=349091.1250  sbar_dark_T5b_mid+1=244729.7344  sbar_dark_T5c_mid+1=300224.4062  sbar_dark_T5d_mid+1=232846.5000  sbar_dark_T4a_mid+2=41063.3438  sbar_dark_T4b_mid+2=107326.5859  sbar_dark_T4c_mid+2=67561.8281  sbar_dark_T4d_mid+2=30194.9238  sbar_dark_T5a_mid+2=363322.2500  sbar_dark_T5b_mid+2=371459.2188  sbar_dark_T5c_mid+2=320361.3438  sbar_dark_T5d_mid+2=351085.4688  sbar_dark_T4a_mid-1=195614.9062  sbar_dark_T4b_mid-1=162420.6094  sbar_dark_T4c_mid-1=112877.7500  sbar_dark_T4d_mid-1=154368.7188  sbar_dark_T5a_mid-1=1590383.1250  sbar_dark_T5b_mid-1=1510593.8750  sbar_dark_T5c_mid-1=1407168.7500  sbar_dark_T5d_mid-1=1802887.2500  sbar_dark_T4a_mid-2=53666.0664  sbar_dark_T4b_mid-2=59786.6602  sbar_dark_T4c_mid-2=63382.4648  sbar_dark_T4d_mid-2=45034.9258  sbar_dark_T5b_mid-2=1071567.7500  sbar_dark_T5c_mid-2=867454.3125  sbar_dark_T5d_mid-2=1018307.9375  sbar_dark_T5a_mid-2=891479.0625  sbar_dark_T4a_mid-1.5=15226.5400  sbar_dark_T4b_mid-1.5=23761.5781  sbar_dark_T4c_mid-1.5=24621.8125  sbar_dark_T4d_mid-1.5=10123.3340  sbar_dark_T5a_mid-1.5=346867.0000  sbar_dark_T5b_mid-1.5=388434.5312  sbar_dark_T5c_mid-1.5=365923.1250  sbar_dark_T5d_mid-1.5=340974.8438  sbar_dark_T4a_mid-0.5=64976.0000  sbar_dark_T4b_mid-0.5=51508.6406  sbar_dark_T4c_mid-0.5=94625.9531  sbar_dark_T4d_mid-0.5=38011.9492  sbar_dark_T5a_mid-0.5=553728.1250  sbar_dark_T5b_mid-0.5=744373.2500  sbar_dark_T5c_mid-0.5=409257.4688  sbar_dark_T5d_mid-0.5=755043.5625  sbar_dark_T4a_mid+0.5=30002.5488  sbar_dark_T4b_mid+0.5=75564.9375  sbar_dark_T4c_mid+0.5=24903.1016  sbar_dark_T4d_mid+0.5=70955.4922  sbar_dark_T5a_mid+0.5=100883.1094  sbar_dark_T5b_mid+0.5=86014.2656  sbar_dark_T5c_mid+0.5=108183.7500  sbar_dark_T5d_mid+0.5=89756.5781  sbar_dark_T4b_mid+1.5=11739.7812  sbar_dark_T4c_mid+1.5=11293.8535  sbar_dark_T4d_mid+1.5=9967.9131  sbar_dark_T5a_mid+1.5=55150.5664  sbar_dark_T5b_mid+1.5=57573.0938  sbar_dark_T5c_mid+1.5=59258.4922  sbar_dark_T5d_mid+1.5=50072.3711  sbar_dark_T4a_mid+1.5=9691.5967]:  38%|███▊      | 380/1000 [04:06<06:43,  1.54it/s] Cost: 389129.0000  [spread_bright_L5=1623302.8750  spread_bright_Mi1=1253360.6250  spread_bright_Tm3=1247639.5000  spread_bright_Mi4=1678861.7500  spread_dark_L1=1055334.2500  spread_dark_L2=907916.6250  spread_dark_L3=748412.4375  spread_dark_L4=2896385.7500  spread_dark_Mi9=1015691.8750  spread_dark_Tm1=858727.3750  spread_dark_Tm2=1146345.3750  spread_dark_Tm4=1375113.7500  spread_dark_Tm9=1399549.8750  sbar_bright_T4a_mid+0=346018.7500  sbar_bright_T4b_mid+0=329144.4062  sbar_bright_T4c_mid+0=369598.2188  sbar_bright_T4d_mid+0=388169.5000  sbar_bright_T5a_mid+0=94411.1016  sbar_bright_T5b_mid+0=117296.5938  sbar_bright_T5c_mid+0=118339.3438  sbar_bright_T5d_mid+0=109445.2031  sbar_bright_T4a_mid+1=249377.7031  sbar_bright_T4b_mid+1=249726.7188  sbar_bright_T4c_mid+1=256282.4062  sbar_bright_T4d_mid+1=251574.4062  sbar_bright_T5a_mid+1=130468.5391  sbar_bright_T5b_mid+1=154322.8125  sbar_bright_T5c_mid+1=124156.4844  sbar_bright_T5d_mid+1=148597.7188  sbar_bright_T4a_mid+2=77993.8203  sbar_bright_T4b_mid+2=148554.9531  sbar_bright_T4c_mid+2=82278.6328  sbar_bright_T4d_mid+2=87467.4609  sbar_bright_T5a_mid+2=313034.2188  sbar_bright_T5b_mid+2=294812.5000  sbar_bright_T5c_mid+2=287129.3750  sbar_bright_T5d_mid+2=305394.3438  sbar_bright_T4a_mid-1=1893136.8750  sbar_bright_T4b_mid-1=1301749.7500  sbar_bright_T4c_mid-1=1692116.1250  sbar_bright_T4d_mid-1=1944511.6250  sbar_bright_T5a_mid-1=365890.4375  sbar_bright_T5b_mid-1=370086.1562  sbar_bright_T5c_mid-1=351941.5312  sbar_bright_T5d_mid-1=391608.6875  sbar_bright_T4a_mid-2=444441.1250  sbar_bright_T4b_mid-2=325751.5312  sbar_bright_T4c_mid-2=401222.6875  sbar_bright_T4d_mid-2=416551.9688  sbar_bright_T5b_mid-2=133626.6406  sbar_bright_T5c_mid-2=107145.2500  sbar_bright_T5d_mid-2=128591.1719  sbar_bright_T5a_mid-2=124026.1953  sbar_bright_T4a_mid-1.5=220305.0938  sbar_bright_T4b_mid-1.5=207170.3594  sbar_bright_T4c_mid-1.5=207986.2188  sbar_bright_T4d_mid-1.5=277087.0938  sbar_bright_T5a_mid-1.5=131823.6562  sbar_bright_T5b_mid-1.5=140795.1562  sbar_bright_T5c_mid-1.5=133748.5469  sbar_bright_T5d_mid-1.5=125240.1250  sbar_bright_T4a_mid-0.5=958156.1875  sbar_bright_T4b_mid-0.5=1021402.5000  sbar_bright_T4c_mid-0.5=1075493.5000  sbar_bright_T4d_mid-0.5=1140166.1250  sbar_bright_T5a_mid-0.5=138359.0938  sbar_bright_T5b_mid-0.5=163657.6875  sbar_bright_T5c_mid-0.5=111025.6719  sbar_bright_T5d_mid-0.5=154628.0781  sbar_bright_T4a_mid+0.5=177660.4844  sbar_bright_T4b_mid+0.5=106231.0703  sbar_bright_T4c_mid+0.5=122834.0469  sbar_bright_T4d_mid+0.5=109679.8750  sbar_bright_T5a_mid+0.5=50254.9062  sbar_bright_T5b_mid+0.5=56591.2461  sbar_bright_T5c_mid+0.5=44856.2227  sbar_bright_T5d_mid+0.5=40349.8672  sbar_bright_T4b_mid+1.5=72038.2344  sbar_bright_T4c_mid+1.5=96587.4531  sbar_bright_T4d_mid+1.5=52600.4844  sbar_bright_T5a_mid+1.5=65871.9219  sbar_bright_T5b_mid+1.5=66766.2266  sbar_bright_T5c_mid+1.5=64763.3789  sbar_bright_T5d_mid+1.5=56251.5352  sbar_bright_T4a_mid+1.5=60349.3281  sbar_dark_T4a_mid+0=72374.8047  sbar_dark_T4b_mid+0=69541.1406  sbar_dark_T4c_mid+0=112976.5156  sbar_dark_T4d_mid+0=103130.3359  sbar_dark_T5a_mid+0=422297.1250  sbar_dark_T5b_mid+0=409871.6562  sbar_dark_T5c_mid+0=355207.2812  sbar_dark_T5d_mid+0=420343.7500  sbar_dark_T4a_mid+1=99723.3984  sbar_dark_T4b_mid+1=30094.2168  sbar_dark_T4c_mid+1=47029.6250  sbar_dark_T4d_mid+1=82357.5469  sbar_dark_T5a_mid+1=352557.1875  sbar_dark_T5b_mid+1=238458.6406  sbar_dark_T5c_mid+1=288726.5938  sbar_dark_T5d_mid+1=225270.6562  sbar_dark_T4a_mid+2=45032.4648  sbar_dark_T4b_mid+2=100916.3672  sbar_dark_T4c_mid+2=71525.3984  sbar_dark_T4d_mid+2=33198.6328  sbar_dark_T5a_mid+2=355420.2500  sbar_dark_T5b_mid+2=363358.1875  sbar_dark_T5c_mid+2=314297.8750  sbar_dark_T5d_mid+2=345361.6250  sbar_dark_T4a_mid-1=206128.1250  sbar_dark_T4b_mid-1=158344.0469  sbar_dark_T4c_mid-1=117607.5156  sbar_dark_T4d_mid-1=159426.5000  sbar_dark_T5a_mid-1=1578071.0000  sbar_dark_T5b_mid-1=1507117.8750  sbar_dark_T5c_mid-1=1402058.7500  sbar_dark_T5d_mid-1=1801129.0000  sbar_dark_T4a_mid-2=61400.6328  sbar_dark_T4b_mid-2=62821.6367  sbar_dark_T4c_mid-2=69427.3672  sbar_dark_T4d_mid-2=51030.1406  sbar_dark_T5b_mid-2=1071084.0000  sbar_dark_T5c_mid-2=871686.7500  sbar_dark_T5d_mid-2=1015076.0000  sbar_dark_T5a_mid-2=889897.8750  sbar_dark_T4a_mid-1.5=16877.4297  sbar_dark_T4b_mid-1.5=25459.3340  sbar_dark_T4c_mid-1.5=26164.2363  sbar_dark_T4d_mid-1.5=10530.5352  sbar_dark_T5a_mid-1.5=345601.3438  sbar_dark_T5b_mid-1.5=386750.1875  sbar_dark_T5c_mid-1.5=366741.8750  sbar_dark_T5d_mid-1.5=339589.9375  sbar_dark_T4a_mid-0.5=61042.5664  sbar_dark_T4b_mid-0.5=52220.5938  sbar_dark_T4c_mid-0.5=95480.5781  sbar_dark_T4d_mid-0.5=39407.3555  sbar_dark_T5a_mid-0.5=545015.6250  sbar_dark_T5b_mid-0.5=739404.2500  sbar_dark_T5c_mid-0.5=406508.5625  sbar_dark_T5d_mid-0.5=745247.8125  sbar_dark_T4a_mid+0.5=28021.7246  sbar_dark_T4b_mid+0.5=69357.5078  sbar_dark_T4c_mid+0.5=24233.5527  sbar_dark_T4d_mid+0.5=68703.0703  sbar_dark_T5a_mid+0.5=97238.1172  sbar_dark_T5b_mid+0.5=82747.1406  sbar_dark_T5c_mid+0.5=101864.4531  sbar_dark_T5d_mid+0.5=88585.1016  sbar_dark_T4b_mid+1.5=12662.3281  sbar_dark_T4c_mid+1.5=12875.1494  sbar_dark_T4d_mid+1.5=10626.2998  sbar_dark_T5a_mid+1.5=54573.0352  sbar_dark_T5b_mid+1.5=56904.0039  sbar_dark_T5c_mid+1.5=58277.4922  sbar_dark_T5d_mid+1.5=49296.6094  sbar_dark_T4a_mid+1.5=10500.4609]:  39%|███▉      | 390/1000 [04:13<06:36,  1.54it/s] Cost: 385593.8438  [spread_bright_L5=1576171.0000  spread_bright_Mi1=1200673.0000  spread_bright_Tm3=1245915.5000  spread_bright_Mi4=1597411.7500  spread_dark_L1=1075388.5000  spread_dark_L2=938521.4375  spread_dark_L3=693410.8750  spread_dark_L4=2944969.5000  spread_dark_Mi9=1018145.8125  spread_dark_Tm1=828584.6875  spread_dark_Tm2=1139484.2500  spread_dark_Tm4=1348145.1250  spread_dark_Tm9=1392494.0000  sbar_bright_T4a_mid+0=365052.5625  sbar_bright_T4b_mid+0=322447.9062  sbar_bright_T4c_mid+0=368936.1250  sbar_bright_T4d_mid+0=389110.1250  sbar_bright_T5a_mid+0=94450.7188  sbar_bright_T5b_mid+0=120968.2969  sbar_bright_T5c_mid+0=121385.6406  sbar_bright_T5d_mid+0=111174.4297  sbar_bright_T4a_mid+1=246906.8594  sbar_bright_T4b_mid+1=246375.4531  sbar_bright_T4c_mid+1=255475.8438  sbar_bright_T4d_mid+1=252667.3906  sbar_bright_T5a_mid+1=130064.7109  sbar_bright_T5b_mid+1=153542.4375  sbar_bright_T5c_mid+1=122768.5859  sbar_bright_T5d_mid+1=148479.6094  sbar_bright_T4a_mid+2=87103.1406  sbar_bright_T4b_mid+2=162879.4375  sbar_bright_T4c_mid+2=83470.7188  sbar_bright_T4d_mid+2=91262.4219  sbar_bright_T5a_mid+2=312225.9062  sbar_bright_T5b_mid+2=293978.7500  sbar_bright_T5c_mid+2=284393.3750  sbar_bright_T5d_mid+2=303222.9688  sbar_bright_T4a_mid-1=1828162.2500  sbar_bright_T4b_mid-1=1260836.0000  sbar_bright_T4c_mid-1=1660939.5000  sbar_bright_T4d_mid-1=1915224.8750  sbar_bright_T5a_mid-1=368076.7500  sbar_bright_T5b_mid-1=371214.6250  sbar_bright_T5c_mid-1=353167.4688  sbar_bright_T5d_mid-1=394211.4062  sbar_bright_T4a_mid-2=428789.5000  sbar_bright_T4b_mid-2=310685.9062  sbar_bright_T4c_mid-2=390330.2812  sbar_bright_T4d_mid-2=408090.7812  sbar_bright_T5b_mid-2=133119.7500  sbar_bright_T5c_mid-2=106521.1250  sbar_bright_T5d_mid-2=128785.7031  sbar_bright_T5a_mid-2=122703.5469  sbar_bright_T4a_mid-1.5=213399.4531  sbar_bright_T4b_mid-1.5=203427.4844  sbar_bright_T4c_mid-1.5=203364.3125  sbar_bright_T4d_mid-1.5=277309.8750  sbar_bright_T5a_mid-1.5=130906.4688  sbar_bright_T5b_mid-1.5=140893.1875  sbar_bright_T5c_mid-1.5=132924.6406  sbar_bright_T5d_mid-1.5=125257.6562  sbar_bright_T4a_mid-0.5=914318.3125  sbar_bright_T4b_mid-0.5=993966.0625  sbar_bright_T4c_mid-0.5=1051653.6250  sbar_bright_T4d_mid-0.5=1136278.3750  sbar_bright_T5a_mid-0.5=139024.9844  sbar_bright_T5b_mid-0.5=163034.5000  sbar_bright_T5c_mid-0.5=112053.2500  sbar_bright_T5d_mid-0.5=154264.6875  sbar_bright_T4a_mid+0.5=165053.7969  sbar_bright_T4b_mid+0.5=99501.6641  sbar_bright_T4c_mid+0.5=120164.9609  sbar_bright_T4d_mid+0.5=103620.8828  sbar_bright_T5a_mid+0.5=50363.3750  sbar_bright_T5b_mid+0.5=57359.0703  sbar_bright_T5c_mid+0.5=43844.0781  sbar_bright_T5d_mid+0.5=41017.4062  sbar_bright_T4b_mid+1.5=76708.8047  sbar_bright_T4c_mid+1.5=100602.4609  sbar_bright_T4d_mid+1.5=53749.5078  sbar_bright_T5a_mid+1.5=65190.0039  sbar_bright_T5b_mid+1.5=65944.5469  sbar_bright_T5c_mid+1.5=64265.1055  sbar_bright_T5d_mid+1.5=55868.8867  sbar_bright_T4a_mid+1.5=64822.8867  sbar_dark_T4a_mid+0=74611.2188  sbar_dark_T4b_mid+0=71751.2422  sbar_dark_T4c_mid+0=104678.2578  sbar_dark_T4d_mid+0=97231.8906  sbar_dark_T5a_mid+0=402229.4688  sbar_dark_T5b_mid+0=409388.6250  sbar_dark_T5c_mid+0=352763.1562  sbar_dark_T5d_mid+0=409065.5625  sbar_dark_T4a_mid+1=95917.9297  sbar_dark_T4b_mid+1=36827.7383  sbar_dark_T4c_mid+1=46160.4336  sbar_dark_T4d_mid+1=79505.6797  sbar_dark_T5a_mid+1=358435.9375  sbar_dark_T5b_mid+1=235355.2344  sbar_dark_T5c_mid+1=291046.2500  sbar_dark_T5d_mid+1=225884.0469  sbar_dark_T4a_mid+2=56987.2031  sbar_dark_T4b_mid+2=103597.0156  sbar_dark_T4c_mid+2=78340.0625  sbar_dark_T4d_mid+2=40818.0547  sbar_dark_T5a_mid+2=353562.2812  sbar_dark_T5b_mid+2=361113.7500  sbar_dark_T5c_mid+2=311285.3438  sbar_dark_T5d_mid+2=343800.3438  sbar_dark_T4a_mid-1=232782.3281  sbar_dark_T4b_mid-1=164245.4531  sbar_dark_T4c_mid-1=121260.3516  sbar_dark_T4d_mid-1=161291.3438  sbar_dark_T5a_mid-1=1571284.5000  sbar_dark_T5b_mid-1=1491603.5000  sbar_dark_T5c_mid-1=1385765.7500  sbar_dark_T5d_mid-1=1796495.3750  sbar_dark_T4a_mid-2=73250.5234  sbar_dark_T4b_mid-2=71764.6328  sbar_dark_T4c_mid-2=79971.0625  sbar_dark_T4d_mid-2=59555.1484  sbar_dark_T5b_mid-2=1068027.8750  sbar_dark_T5c_mid-2=870319.3750  sbar_dark_T5d_mid-2=1013842.6250  sbar_dark_T5a_mid-2=882940.9375  sbar_dark_T4a_mid-1.5=19743.9062  sbar_dark_T4b_mid-1.5=28846.5410  sbar_dark_T4c_mid-1.5=28364.1719  sbar_dark_T4d_mid-1.5=10742.5605  sbar_dark_T5a_mid-1.5=342922.5625  sbar_dark_T5b_mid-1.5=386342.3125  sbar_dark_T5c_mid-1.5=365156.6875  sbar_dark_T5d_mid-1.5=339594.9062  sbar_dark_T4a_mid-0.5=59080.8008  sbar_dark_T4b_mid-0.5=55051.3594  sbar_dark_T4c_mid-0.5=89865.6172  sbar_dark_T4d_mid-0.5=40626.4922  sbar_dark_T5a_mid-0.5=538086.0625  sbar_dark_T5b_mid-0.5=729836.1875  sbar_dark_T5c_mid-0.5=398689.3750  sbar_dark_T5d_mid-0.5=737718.3750  sbar_dark_T4a_mid+0.5=26197.0488  sbar_dark_T4b_mid+0.5=64135.7070  sbar_dark_T4c_mid+0.5=23124.7676  sbar_dark_T4d_mid+0.5=61305.2930  sbar_dark_T5a_mid+0.5=95433.5312  sbar_dark_T5b_mid+0.5=79778.5000  sbar_dark_T5c_mid+0.5=99118.7031  sbar_dark_T5d_mid+0.5=88162.2266  sbar_dark_T4b_mid+1.5=17039.6348  sbar_dark_T4c_mid+1.5=15770.5039  sbar_dark_T4d_mid+1.5=12556.0020  sbar_dark_T5a_mid+1.5=54157.3242  sbar_dark_T5b_mid+1.5=56724.5352  sbar_dark_T5c_mid+1.5=57865.0781  sbar_dark_T5d_mid+1.5=48995.1328  sbar_dark_T4a_mid+1.5=13764.5801]:     40%|████      | 400/1000 [04:19<06:29,  1.54it/s] Cost: 384070.8438  [spread_bright_L5=1565102.5000  spread_bright_Mi1=1155251.5000  spread_bright_Tm3=1233399.8750  spread_bright_Mi4=1578784.0000  spread_dark_L1=1080894.0000  spread_dark_L2=960368.1250  spread_dark_L3=666392.6250  spread_dark_L4=2861696.5000  spread_dark_Mi9=1031706.9375  spread_dark_Tm1=855132.8125  spread_dark_Tm2=1132602.2500  spread_dark_Tm4=1342263.8750  spread_dark_Tm9=1375025.2500  sbar_bright_T4a_mid+0=367226.5625  sbar_bright_T4b_mid+0=320805.3750  sbar_bright_T4c_mid+0=370897.9062  sbar_bright_T4d_mid+0=385809.0000  sbar_bright_T5a_mid+0=93444.7656  sbar_bright_T5b_mid+0=121736.8594  sbar_bright_T5c_mid+0=120216.4375  sbar_bright_T5d_mid+0=108652.1172  sbar_bright_T4a_mid+1=245637.8281  sbar_bright_T4b_mid+1=242222.3438  sbar_bright_T4c_mid+1=253510.8125  sbar_bright_T4d_mid+1=248417.3594  sbar_bright_T5a_mid+1=128230.2266  sbar_bright_T5b_mid+1=152247.7500  sbar_bright_T5c_mid+1=120716.5391  sbar_bright_T5d_mid+1=146233.3125  sbar_bright_T4a_mid+2=89352.5234  sbar_bright_T4b_mid+2=160923.8438  sbar_bright_T4c_mid+2=79681.4766  sbar_bright_T4d_mid+2=87777.7266  sbar_bright_T5a_mid+2=311205.6250  sbar_bright_T5b_mid+2=293709.6250  sbar_bright_T5c_mid+2=281655.4062  sbar_bright_T5d_mid+2=300788.5938  sbar_bright_T4a_mid-1=1803696.5000  sbar_bright_T4b_mid-1=1247634.7500  sbar_bright_T4c_mid-1=1654412.5000  sbar_bright_T4d_mid-1=1902032.5000  sbar_bright_T5a_mid-1=364642.2812  sbar_bright_T5b_mid-1=369683.2500  sbar_bright_T5c_mid-1=351017.0625  sbar_bright_T5d_mid-1=392822.2500  sbar_bright_T4a_mid-2=419742.0938  sbar_bright_T4b_mid-2=303067.0938  sbar_bright_T4c_mid-2=384106.3750  sbar_bright_T4d_mid-2=406400.3750  sbar_bright_T5b_mid-2=132619.8906  sbar_bright_T5c_mid-2=106823.6719  sbar_bright_T5d_mid-2=127786.8828  sbar_bright_T5a_mid-2=122176.5078  sbar_bright_T4a_mid-1.5=209185.6562  sbar_bright_T4b_mid-1.5=201712.8906  sbar_bright_T4c_mid-1.5=201379.2812  sbar_bright_T4d_mid-1.5=276717.4688  sbar_bright_T5a_mid-1.5=129877.3594  sbar_bright_T5b_mid-1.5=140332.9375  sbar_bright_T5c_mid-1.5=131766.9219  sbar_bright_T5d_mid-1.5=124887.9141  sbar_bright_T4a_mid-0.5=901721.2500  sbar_bright_T4b_mid-0.5=981041.4375  sbar_bright_T4c_mid-0.5=1048143.5625  sbar_bright_T4d_mid-0.5=1137194.5000  sbar_bright_T5a_mid-0.5=137097.0312  sbar_bright_T5b_mid-0.5=161943.7344  sbar_bright_T5c_mid-0.5=110891.3047  sbar_bright_T5d_mid-0.5=151230.9375  sbar_bright_T4a_mid+0.5=161515.9688  sbar_bright_T4b_mid+0.5=96905.0234  sbar_bright_T4c_mid+0.5=121413.5703  sbar_bright_T4d_mid+0.5=101975.7734  sbar_bright_T5a_mid+0.5=48959.2578  sbar_bright_T5b_mid+0.5=56978.6211  sbar_bright_T5c_mid+0.5=42278.6016  sbar_bright_T5d_mid+0.5=39902.1055  sbar_bright_T4b_mid+1.5=76855.0938  sbar_bright_T4c_mid+1.5=100539.6562  sbar_bright_T4d_mid+1.5=53032.2617  sbar_bright_T5a_mid+1.5=64892.8945  sbar_bright_T5b_mid+1.5=65644.6328  sbar_bright_T5c_mid+1.5=64070.5664  sbar_bright_T5d_mid+1.5=55300.3828  sbar_bright_T4a_mid+1.5=65300.5703  sbar_dark_T4a_mid+0=72965.9609  sbar_dark_T4b_mid+0=71112.3203  sbar_dark_T4c_mid+0=106261.9062  sbar_dark_T4d_mid+0=95897.2109  sbar_dark_T5a_mid+0=419033.1562  sbar_dark_T5b_mid+0=406796.0625  sbar_dark_T5c_mid+0=353129.3438  sbar_dark_T5d_mid+0=434067.2188  sbar_dark_T4a_mid+1=97532.6172  sbar_dark_T4b_mid+1=37554.6250  sbar_dark_T4c_mid+1=48195.4023  sbar_dark_T4d_mid+1=81250.5938  sbar_dark_T5a_mid+1=363011.4688  sbar_dark_T5b_mid+1=234071.9375  sbar_dark_T5c_mid+1=289657.0938  sbar_dark_T5d_mid+1=227896.0156  sbar_dark_T4a_mid+2=61368.8086  sbar_dark_T4b_mid+2=107880.7891  sbar_dark_T4c_mid+2=79740.5000  sbar_dark_T4d_mid+2=40357.5273  sbar_dark_T5a_mid+2=352524.4375  sbar_dark_T5b_mid+2=360593.8438  sbar_dark_T5c_mid+2=309908.7500  sbar_dark_T5d_mid+2=342458.2812  sbar_dark_T4a_mid-1=233632.9844  sbar_dark_T4b_mid-1=173630.5938  sbar_dark_T4c_mid-1=124174.2109  sbar_dark_T4d_mid-1=163809.1094  sbar_dark_T5a_mid-1=1566029.0000  sbar_dark_T5b_mid-1=1501608.0000  sbar_dark_T5c_mid-1=1393195.7500  sbar_dark_T5d_mid-1=1789737.7500  sbar_dark_T4a_mid-2=78515.1719  sbar_dark_T4b_mid-2=77819.7734  sbar_dark_T4c_mid-2=82818.0078  sbar_dark_T4d_mid-2=61646.1211  sbar_dark_T5b_mid-2=1069206.7500  sbar_dark_T5c_mid-2=875433.6875  sbar_dark_T5d_mid-2=1009090.4375  sbar_dark_T5a_mid-2=885941.7500  sbar_dark_T4a_mid-1.5=21539.2461  sbar_dark_T4b_mid-1.5=30442.3418  sbar_dark_T4c_mid-1.5=29909.0332  sbar_dark_T4d_mid-1.5=10949.4209  sbar_dark_T5a_mid-1.5=341278.5938  sbar_dark_T5b_mid-1.5=384610.7812  sbar_dark_T5c_mid-1.5=363216.1250  sbar_dark_T5d_mid-1.5=338391.5625  sbar_dark_T4a_mid-0.5=62149.9531  sbar_dark_T4b_mid-0.5=56584.8906  sbar_dark_T4c_mid-0.5=92157.2266  sbar_dark_T4d_mid-0.5=40430.9883  sbar_dark_T5a_mid-0.5=535980.0625  sbar_dark_T5b_mid-0.5=736564.8750  sbar_dark_T5c_mid-0.5=404041.8438  sbar_dark_T5d_mid-0.5=732999.8750  sbar_dark_T4a_mid+0.5=27498.6172  sbar_dark_T4b_mid+0.5=66178.6250  sbar_dark_T4c_mid+0.5=23132.4004  sbar_dark_T4d_mid+0.5=60636.1641  sbar_dark_T5a_mid+0.5=94847.9219  sbar_dark_T5b_mid+0.5=80741.3906  sbar_dark_T5c_mid+0.5=98213.6719  sbar_dark_T5d_mid+0.5=87499.9531  sbar_dark_T4b_mid+1.5=18427.8672  sbar_dark_T4c_mid+1.5=16567.4766  sbar_dark_T4d_mid+1.5=12953.4111  sbar_dark_T5a_mid+1.5=54009.7031  sbar_dark_T5b_mid+1.5=56650.5117  sbar_dark_T5c_mid+1.5=57699.3438  sbar_dark_T5d_mid+1.5=49053.3281  sbar_dark_T4a_mid+1.5=15142.7441]:  41%|████      | 410/1000 [04:26<06:22,  1.54it/s] Cost: 382545.6250  [spread_bright_L5=1563138.0000  spread_bright_Mi1=1170175.1250  spread_bright_Tm3=1214107.1250  spread_bright_Mi4=1570162.7500  spread_dark_L1=1045862.7500  spread_dark_L2=983354.4375  spread_dark_L3=660755.8750  spread_dark_L4=2784742.7500  spread_dark_Mi9=1042425.1250  spread_dark_Tm1=867427.5625  spread_dark_Tm2=1100791.8750  spread_dark_Tm4=1336641.7500  spread_dark_Tm9=1387132.8750  sbar_bright_T4a_mid+0=356856.3125  sbar_bright_T4b_mid+0=319815.8438  sbar_bright_T4c_mid+0=368783.0312  sbar_bright_T4d_mid+0=383071.0000  sbar_bright_T5a_mid+0=91519.0391  sbar_bright_T5b_mid+0=119871.4688  sbar_bright_T5c_mid+0=119745.4531  sbar_bright_T5d_mid+0=108036.5547  sbar_bright_T4a_mid+1=247589.9219  sbar_bright_T4b_mid+1=240765.4531  sbar_bright_T4c_mid+1=254340.0000  sbar_bright_T4d_mid+1=251222.9531  sbar_bright_T5a_mid+1=127315.0469  sbar_bright_T5b_mid+1=151532.9375  sbar_bright_T5c_mid+1=120868.0469  sbar_bright_T5d_mid+1=146308.2969  sbar_bright_T4a_mid+2=89881.0625  sbar_bright_T4b_mid+2=154476.2344  sbar_bright_T4c_mid+2=78311.3828  sbar_bright_T4d_mid+2=86689.3984  sbar_bright_T5a_mid+2=311168.7188  sbar_bright_T5b_mid+2=293403.9375  sbar_bright_T5c_mid+2=281399.4062  sbar_bright_T5d_mid+2=300607.0000  sbar_bright_T4a_mid-1=1793329.8750  sbar_bright_T4b_mid-1=1250084.8750  sbar_bright_T4c_mid-1=1648738.1250  sbar_bright_T4d_mid-1=1878218.7500  sbar_bright_T5a_mid-1=363385.3125  sbar_bright_T5b_mid-1=369664.2812  sbar_bright_T5c_mid-1=351674.5000  sbar_bright_T5d_mid-1=393287.3750  sbar_bright_T4a_mid-2=415143.5938  sbar_bright_T4b_mid-2=303584.1875  sbar_bright_T4c_mid-2=380670.6250  sbar_bright_T4d_mid-2=402740.0938  sbar_bright_T5b_mid-2=131885.8438  sbar_bright_T5c_mid-2=105845.9844  sbar_bright_T5d_mid-2=127180.8203  sbar_bright_T5a_mid-2=120790.0156  sbar_bright_T4a_mid-1.5=206491.4688  sbar_bright_T4b_mid-1.5=201411.2969  sbar_bright_T4c_mid-1.5=199552.8281  sbar_bright_T4d_mid-1.5=273774.0938  sbar_bright_T5a_mid-1.5=129843.3047  sbar_bright_T5b_mid-1.5=140521.3594  sbar_bright_T5c_mid-1.5=131546.5938  sbar_bright_T5d_mid-1.5=124731.6719  sbar_bright_T4a_mid-0.5=894334.6875  sbar_bright_T4b_mid-0.5=978087.6250  sbar_bright_T4c_mid-0.5=1042790.1250  sbar_bright_T4d_mid-0.5=1123680.0000  sbar_bright_T5a_mid-0.5=136782.5625  sbar_bright_T5b_mid-0.5=162114.2656  sbar_bright_T5c_mid-0.5=110984.6172  sbar_bright_T5d_mid-0.5=151138.4062  sbar_bright_T4a_mid+0.5=159034.0938  sbar_bright_T4b_mid+0.5=95311.7266  sbar_bright_T4c_mid+0.5=121727.7969  sbar_bright_T4d_mid+0.5=100393.1719  sbar_bright_T5a_mid+0.5=48411.3867  sbar_bright_T5b_mid+0.5=56950.9336  sbar_bright_T5c_mid+0.5=41881.1641  sbar_bright_T5d_mid+0.5=39684.3867  sbar_bright_T4b_mid+1.5=77542.5938  sbar_bright_T4c_mid+1.5=104335.3125  sbar_bright_T4d_mid+1.5=55049.3398  sbar_bright_T5a_mid+1.5=64890.3828  sbar_bright_T5b_mid+1.5=65916.8516  sbar_bright_T5c_mid+1.5=64508.5000  sbar_bright_T5d_mid+1.5=55357.5664  sbar_bright_T4a_mid+1.5=67417.6406  sbar_dark_T4a_mid+0=69214.9453  sbar_dark_T4b_mid+0=67581.3828  sbar_dark_T4c_mid+0=106950.2500  sbar_dark_T4d_mid+0=96995.0391  sbar_dark_T5a_mid+0=434018.3125  sbar_dark_T5b_mid+0=399196.7500  sbar_dark_T5c_mid+0=348733.5938  sbar_dark_T5d_mid+0=441343.2188  sbar_dark_T4a_mid+1=97384.0000  sbar_dark_T4b_mid+1=35821.4102  sbar_dark_T4c_mid+1=48839.2969  sbar_dark_T4d_mid+1=83374.0547  sbar_dark_T5a_mid+1=369196.1250  sbar_dark_T5b_mid+1=233560.9375  sbar_dark_T5c_mid+1=287357.4062  sbar_dark_T5d_mid+1=228189.7500  sbar_dark_T4a_mid+2=61551.7109  sbar_dark_T4b_mid+2=104253.6328  sbar_dark_T4c_mid+2=78323.7344  sbar_dark_T4d_mid+2=40398.9258  sbar_dark_T5a_mid+2=352551.7188  sbar_dark_T5b_mid+2=361202.7812  sbar_dark_T5c_mid+2=309723.7812  sbar_dark_T5d_mid+2=344097.5000  sbar_dark_T4a_mid-1=229578.5156  sbar_dark_T4b_mid-1=172271.3750  sbar_dark_T4c_mid-1=124345.2578  sbar_dark_T4d_mid-1=166249.1875  sbar_dark_T5a_mid-1=1556647.5000  sbar_dark_T5b_mid-1=1503024.1250  sbar_dark_T5c_mid-1=1392622.2500  sbar_dark_T5d_mid-1=1786766.6250  sbar_dark_T4a_mid-2=78663.3125  sbar_dark_T4b_mid-2=77162.8828  sbar_dark_T4c_mid-2=80238.3750  sbar_dark_T4d_mid-2=62095.5586  sbar_dark_T5b_mid-2=1066655.7500  sbar_dark_T5c_mid-2=874792.3750  sbar_dark_T5d_mid-2=1006486.5000  sbar_dark_T5a_mid-2=881765.6875  sbar_dark_T4a_mid-1.5=22173.1738  sbar_dark_T4b_mid-1.5=30103.5000  sbar_dark_T4c_mid-1.5=30513.4238  sbar_dark_T4d_mid-1.5=11216.9883  sbar_dark_T5a_mid-1.5=340091.4062  sbar_dark_T5b_mid-1.5=384596.9062  sbar_dark_T5c_mid-1.5=362207.8125  sbar_dark_T5d_mid-1.5=337617.3438  sbar_dark_T4a_mid-0.5=63573.2305  sbar_dark_T4b_mid-0.5=55751.3750  sbar_dark_T4c_mid-0.5=94054.5156  sbar_dark_T4d_mid-0.5=41314.5117  sbar_dark_T5a_mid-0.5=533120.9375  sbar_dark_T5b_mid-0.5=739651.9375  sbar_dark_T5c_mid-0.5=405215.9375  sbar_dark_T5d_mid-0.5=732635.0000  sbar_dark_T4a_mid+0.5=28500.9590  sbar_dark_T4b_mid+0.5=65496.8477  sbar_dark_T4c_mid+0.5=23058.6289  sbar_dark_T4d_mid+0.5=62169.7422  sbar_dark_T5a_mid+0.5=93950.1172  sbar_dark_T5b_mid+0.5=80811.9375  sbar_dark_T5c_mid+0.5=98645.0078  sbar_dark_T5d_mid+0.5=87463.8359  sbar_dark_T4b_mid+1.5=18402.6309  sbar_dark_T4c_mid+1.5=17566.0254  sbar_dark_T4d_mid+1.5=13029.4131  sbar_dark_T5a_mid+1.5=54232.2227  sbar_dark_T5b_mid+1.5=57057.6719  sbar_dark_T5c_mid+1.5=58079.5312  sbar_dark_T5d_mid+1.5=49633.8984  sbar_dark_T4a_mid+1.5=15768.1729]:  42%|████▏     | 420/1000 [04:32<06:17,  1.54it/s] Cost: 381241.2188  [spread_bright_L5=1548536.0000  spread_bright_Mi1=1149827.7500  spread_bright_Tm3=1174019.0000  spread_bright_Mi4=1553895.2500  spread_dark_L1=1006667.6250  spread_dark_L2=995497.4375  spread_dark_L3=655424.5625  spread_dark_L4=2766856.0000  spread_dark_Mi9=1031495.7500  spread_dark_Tm1=850362.1250  spread_dark_Tm2=1073087.5000  spread_dark_Tm4=1320102.0000  spread_dark_Tm9=1363364.5000  sbar_bright_T4a_mid+0=347548.0312  sbar_bright_T4b_mid+0=320404.0938  sbar_bright_T4c_mid+0=368318.5625  sbar_bright_T4d_mid+0=379133.9375  sbar_bright_T5a_mid+0=92175.3516  sbar_bright_T5b_mid+0=118880.6328  sbar_bright_T5c_mid+0=120802.1250  sbar_bright_T5d_mid+0=110346.1406  sbar_bright_T4a_mid+1=245346.2500  sbar_bright_T4b_mid+1=240064.3906  sbar_bright_T4c_mid+1=249091.6406  sbar_bright_T4d_mid+1=248188.7188  sbar_bright_T5a_mid+1=129464.5391  sbar_bright_T5b_mid+1=152444.7344  sbar_bright_T5c_mid+1=121640.0391  sbar_bright_T5d_mid+1=148262.4219  sbar_bright_T4a_mid+2=85056.5781  sbar_bright_T4b_mid+2=144656.2188  sbar_bright_T4c_mid+2=74345.5391  sbar_bright_T4d_mid+2=84241.1250  sbar_bright_T5a_mid+2=311790.1875  sbar_bright_T5b_mid+2=294111.2500  sbar_bright_T5c_mid+2=282024.5000  sbar_bright_T5d_mid+2=302039.3438  sbar_bright_T4a_mid-1=1809556.3750  sbar_bright_T4b_mid-1=1267044.0000  sbar_bright_T4c_mid-1=1666214.3750  sbar_bright_T4d_mid-1=1882032.2500  sbar_bright_T5a_mid-1=368545.7500  sbar_bright_T5b_mid-1=371061.4062  sbar_bright_T5c_mid-1=353974.9375  sbar_bright_T5d_mid-1=396772.7188  sbar_bright_T4a_mid-2=421993.2500  sbar_bright_T4b_mid-2=308611.9688  sbar_bright_T4c_mid-2=385796.0000  sbar_bright_T4d_mid-2=404008.9062  sbar_bright_T5b_mid-2=131788.7812  sbar_bright_T5c_mid-2=106752.3828  sbar_bright_T5d_mid-2=128263.6016  sbar_bright_T5a_mid-2=122130.3594  sbar_bright_T4a_mid-1.5=207610.6406  sbar_bright_T4b_mid-1.5=201705.4375  sbar_bright_T4c_mid-1.5=200305.1406  sbar_bright_T4d_mid-1.5=273324.4062  sbar_bright_T5a_mid-1.5=130011.6094  sbar_bright_T5b_mid-1.5=139854.6562  sbar_bright_T5c_mid-1.5=130683.7109  sbar_bright_T5d_mid-1.5=124444.2344  sbar_bright_T4a_mid-0.5=912773.5625  sbar_bright_T4b_mid-0.5=985962.0000  sbar_bright_T4c_mid-0.5=1054716.0000  sbar_bright_T4d_mid-0.5=1123097.1250  sbar_bright_T5a_mid-0.5=139264.6094  sbar_bright_T5b_mid-0.5=161826.0312  sbar_bright_T5c_mid-0.5=112975.6328  sbar_bright_T5d_mid-0.5=151344.7500  sbar_bright_T4a_mid+0.5=161216.4688  sbar_bright_T4b_mid+0.5=96604.0938  sbar_bright_T4c_mid+0.5=121932.5156  sbar_bright_T4d_mid+0.5=100874.4141  sbar_bright_T5a_mid+0.5=50008.8320  sbar_bright_T5b_mid+0.5=57260.6211  sbar_bright_T5c_mid+0.5=41955.1797  sbar_bright_T5d_mid+0.5=41244.1055  sbar_bright_T4b_mid+1.5=75001.3516  sbar_bright_T4c_mid+1.5=100630.9453  sbar_bright_T4d_mid+1.5=55076.2969  sbar_bright_T5a_mid+1.5=65458.6680  sbar_bright_T5b_mid+1.5=66517.2500  sbar_bright_T5c_mid+1.5=64934.0742  sbar_bright_T5d_mid+1.5=56527.8828  sbar_bright_T4a_mid+1.5=66104.0234  sbar_dark_T4a_mid+0=65806.6094  sbar_dark_T4b_mid+0=65836.8750  sbar_dark_T4c_mid+0=103223.5234  sbar_dark_T4d_mid+0=95520.3125  sbar_dark_T5a_mid+0=397741.0625  sbar_dark_T5b_mid+0=395044.6562  sbar_dark_T5c_mid+0=347642.0312  sbar_dark_T5d_mid+0=415071.4062  sbar_dark_T4a_mid+1=93606.2031  sbar_dark_T4b_mid+1=34236.3320  sbar_dark_T4c_mid+1=47928.0195  sbar_dark_T4d_mid+1=83090.2344  sbar_dark_T5a_mid+1=343349.7500  sbar_dark_T5b_mid+1=232391.3594  sbar_dark_T5c_mid+1=285595.3750  sbar_dark_T5d_mid+1=222275.0469  sbar_dark_T4a_mid+2=58423.6914  sbar_dark_T4b_mid+2=101962.2031  sbar_dark_T4c_mid+2=74925.5078  sbar_dark_T4d_mid+2=39054.3516  sbar_dark_T5a_mid+2=353586.4375  sbar_dark_T5b_mid+2=361195.9688  sbar_dark_T5c_mid+2=309676.4375  sbar_dark_T5d_mid+2=344056.6875  sbar_dark_T4a_mid-1=225287.4062  sbar_dark_T4b_mid-1=170673.7188  sbar_dark_T4c_mid-1=121252.4141  sbar_dark_T4d_mid-1=167849.9688  sbar_dark_T5a_mid-1=1581875.7500  sbar_dark_T5b_mid-1=1507402.2500  sbar_dark_T5c_mid-1=1396813.8750  sbar_dark_T5d_mid-1=1799101.1250  sbar_dark_T4a_mid-2=75186.2344  sbar_dark_T4b_mid-2=76548.6328  sbar_dark_T4c_mid-2=76233.1875  sbar_dark_T4d_mid-2=60056.4180  sbar_dark_T5b_mid-2=1067863.8750  sbar_dark_T5c_mid-2=875591.0625  sbar_dark_T5d_mid-2=1012582.7500  sbar_dark_T5a_mid-2=890234.0625  sbar_dark_T4a_mid-1.5=21619.4609  sbar_dark_T4b_mid-1.5=30230.3438  sbar_dark_T4c_mid-1.5=30098.5859  sbar_dark_T4d_mid-1.5=11325.3994  sbar_dark_T5a_mid-1.5=341280.0938  sbar_dark_T5b_mid-1.5=382867.4375  sbar_dark_T5c_mid-1.5=360791.0625  sbar_dark_T5d_mid-1.5=336870.3750  sbar_dark_T4a_mid-0.5=61873.2578  sbar_dark_T4b_mid-0.5=55298.2812  sbar_dark_T4c_mid-0.5=91873.4453  sbar_dark_T4d_mid-0.5=42094.0547  sbar_dark_T5a_mid-0.5=547584.9375  sbar_dark_T5b_mid-0.5=741963.0625  sbar_dark_T5c_mid-0.5=409025.0625  sbar_dark_T5d_mid-0.5=738278.0625  sbar_dark_T4a_mid+0.5=28366.6758  sbar_dark_T4b_mid+0.5=64528.2578  sbar_dark_T4c_mid+0.5=22159.3984  sbar_dark_T4d_mid+0.5=61596.4023  sbar_dark_T5a_mid+0.5=96929.2969  sbar_dark_T5b_mid+0.5=82041.3438  sbar_dark_T5c_mid+0.5=97769.0469  sbar_dark_T5d_mid+0.5=85597.8281  sbar_dark_T4b_mid+1.5=17352.2285  sbar_dark_T4c_mid+1.5=16734.8008  sbar_dark_T4d_mid+1.5=13030.7949  sbar_dark_T5a_mid+1.5=54538.2656  sbar_dark_T5b_mid+1.5=57110.6641  sbar_dark_T5c_mid+1.5=58246.9023  sbar_dark_T5d_mid+1.5=49310.6914  sbar_dark_T4a_mid+1.5=15377.2207]:  43%|████▎     | 430/1000 [04:39<06:10,  1.54it/s] Cost: 380361.5938  [spread_bright_L5=1532141.5000  spread_bright_Mi1=1140093.3750  spread_bright_Tm3=1158710.3750  spread_bright_Mi4=1530897.1250  spread_dark_L1=1004897.0625  spread_dark_L2=996391.6875  spread_dark_L3=652229.7500  spread_dark_L4=2763956.2500  spread_dark_Mi9=1032879.8750  spread_dark_Tm1=824957.3125  spread_dark_Tm2=1053144.7500  spread_dark_Tm4=1314991.3750  spread_dark_Tm9=1375471.1250  sbar_bright_T4a_mid+0=353025.5312  sbar_bright_T4b_mid+0=322251.9062  sbar_bright_T4c_mid+0=370451.2188  sbar_bright_T4d_mid+0=380622.2812  sbar_bright_T5a_mid+0=90838.8359  sbar_bright_T5b_mid+0=119548.7109  sbar_bright_T5c_mid+0=121774.0469  sbar_bright_T5d_mid+0=110154.8750  sbar_bright_T4a_mid+1=245585.9531  sbar_bright_T4b_mid+1=239965.5781  sbar_bright_T4c_mid+1=249069.5938  sbar_bright_T4d_mid+1=249305.4844  sbar_bright_T5a_mid+1=127798.2734  sbar_bright_T5b_mid+1=152113.8594  sbar_bright_T5c_mid+1=120702.3359  sbar_bright_T5d_mid+1=148165.0469  sbar_bright_T4a_mid+2=87806.2109  sbar_bright_T4b_mid+2=150590.7031  sbar_bright_T4c_mid+2=75769.0234  sbar_bright_T4d_mid+2=85122.2656  sbar_bright_T5a_mid+2=310198.8438  sbar_bright_T5b_mid+2=292060.6875  sbar_bright_T5c_mid+2=280482.1875  sbar_bright_T5d_mid+2=301463.5938  sbar_bright_T4a_mid-1=1795788.8750  sbar_bright_T4b_mid-1=1253720.7500  sbar_bright_T4c_mid-1=1656582.7500  sbar_bright_T4d_mid-1=1876258.6250  sbar_bright_T5a_mid-1=366076.5625  sbar_bright_T5b_mid-1=371430.4375  sbar_bright_T5c_mid-1=355590.8438  sbar_bright_T5d_mid-1=397235.3438  sbar_bright_T4a_mid-2=419028.8750  sbar_bright_T4b_mid-2=302429.7812  sbar_bright_T4c_mid-2=382150.0938  sbar_bright_T4d_mid-2=401192.9375  sbar_bright_T5b_mid-2=131569.5000  sbar_bright_T5c_mid-2=106298.0391  sbar_bright_T5d_mid-2=128321.3906  sbar_bright_T5a_mid-2=120900.0781  sbar_bright_T4a_mid-1.5=206103.5000  sbar_bright_T4b_mid-1.5=200751.6875  sbar_bright_T4c_mid-1.5=199205.7344  sbar_bright_T4d_mid-1.5=272848.8438  sbar_bright_T5a_mid-1.5=130137.8203  sbar_bright_T5b_mid-1.5=140505.4531  sbar_bright_T5c_mid-1.5=130352.6641  sbar_bright_T5d_mid-1.5=124886.8203  sbar_bright_T4a_mid-0.5=901279.8125  sbar_bright_T4b_mid-0.5=979684.0625  sbar_bright_T4c_mid-0.5=1047286.1875  sbar_bright_T4d_mid-0.5=1121715.3750  sbar_bright_T5a_mid-0.5=138261.8594  sbar_bright_T5b_mid-0.5=162143.3281  sbar_bright_T5c_mid-0.5=113115.4766  sbar_bright_T5d_mid-0.5=151184.1875  sbar_bright_T4a_mid+0.5=158874.4844  sbar_bright_T4b_mid+0.5=95074.1562  sbar_bright_T4c_mid+0.5=121661.0938  sbar_bright_T4d_mid+0.5=100114.9141  sbar_bright_T5a_mid+0.5=49012.9492  sbar_bright_T5b_mid+0.5=57409.6602  sbar_bright_T5c_mid+0.5=42073.8672  sbar_bright_T5d_mid+0.5=40751.5664  sbar_bright_T4b_mid+1.5=77612.7891  sbar_bright_T4c_mid+1.5=103236.0938  sbar_bright_T4d_mid+1.5=56074.0586  sbar_bright_T5a_mid+1.5=64788.5586  sbar_bright_T5b_mid+1.5=65772.8984  sbar_bright_T5c_mid+1.5=64091.1406  sbar_bright_T5d_mid+1.5=55431.1016  sbar_bright_T4a_mid+1.5=67842.3984  sbar_dark_T4a_mid+0=68188.0000  sbar_dark_T4b_mid+0=68634.8047  sbar_dark_T4c_mid+0=100662.6250  sbar_dark_T4d_mid+0=95019.5000  sbar_dark_T5a_mid+0=426293.6875  sbar_dark_T5b_mid+0=394318.6875  sbar_dark_T5c_mid+0=351125.5312  sbar_dark_T5d_mid+0=423958.6562  sbar_dark_T4a_mid+1=90783.2656  sbar_dark_T4b_mid+1=35702.7969  sbar_dark_T4c_mid+1=47742.6914  sbar_dark_T4d_mid+1=81353.2109  sbar_dark_T5a_mid+1=358444.4062  sbar_dark_T5b_mid+1=232932.7031  sbar_dark_T5c_mid+1=283010.2812  sbar_dark_T5d_mid+1=222601.2031  sbar_dark_T4a_mid+2=60923.5938  sbar_dark_T4b_mid+2=102746.7891  sbar_dark_T4c_mid+2=76312.3906  sbar_dark_T4d_mid+2=40818.0039  sbar_dark_T5a_mid+2=352543.0625  sbar_dark_T5b_mid+2=359740.2500  sbar_dark_T5c_mid+2=308632.5000  sbar_dark_T5d_mid+2=343693.5938  sbar_dark_T4a_mid-1=228689.3750  sbar_dark_T4b_mid-1=171605.4375  sbar_dark_T4c_mid-1=120625.0312  sbar_dark_T4d_mid-1=167184.3438  sbar_dark_T5a_mid-1=1562448.2500  sbar_dark_T5b_mid-1=1515936.6250  sbar_dark_T5c_mid-1=1402282.6250  sbar_dark_T5d_mid-1=1799524.1250  sbar_dark_T4a_mid-2=77341.6953  sbar_dark_T4b_mid-2=78479.1094  sbar_dark_T4c_mid-2=77705.8281  sbar_dark_T4d_mid-2=61627.6797  sbar_dark_T5b_mid-2=1066758.2500  sbar_dark_T5c_mid-2=875965.8125  sbar_dark_T5d_mid-2=1012497.3750  sbar_dark_T5a_mid-2=884760.0000  sbar_dark_T4a_mid-1.5=21897.9883  sbar_dark_T4b_mid-1.5=30898.0156  sbar_dark_T4c_mid-1.5=30756.8301  sbar_dark_T4d_mid-1.5=11489.9688  sbar_dark_T5a_mid-1.5=340776.0625  sbar_dark_T5b_mid-1.5=384381.3438  sbar_dark_T5c_mid-1.5=360407.2812  sbar_dark_T5d_mid-1.5=338130.7188  sbar_dark_T4a_mid-0.5=60022.4609  sbar_dark_T4b_mid-0.5=55596.5195  sbar_dark_T4c_mid-0.5=89517.4375  sbar_dark_T4d_mid-0.5=41856.2812  sbar_dark_T5a_mid-0.5=540394.3125  sbar_dark_T5b_mid-0.5=745427.5625  sbar_dark_T5c_mid-0.5=411218.0000  sbar_dark_T5d_mid-0.5=737016.2500  sbar_dark_T4a_mid+0.5=27647.8965  sbar_dark_T4b_mid+0.5=62728.2734  sbar_dark_T4c_mid+0.5=22106.9492  sbar_dark_T4d_mid+0.5=59146.7539  sbar_dark_T5a_mid+0.5=94588.8906  sbar_dark_T5b_mid+0.5=82237.5703  sbar_dark_T5c_mid+0.5=97914.2422  sbar_dark_T5d_mid+0.5=85374.0234  sbar_dark_T4b_mid+1.5=18779.3320  sbar_dark_T4c_mid+1.5=17896.4883  sbar_dark_T4d_mid+1.5=13218.0537  sbar_dark_T5a_mid+1.5=54594.2617  sbar_dark_T5b_mid+1.5=57259.1953  sbar_dark_T5c_mid+1.5=58590.6445  sbar_dark_T5d_mid+1.5=49425.1211  sbar_dark_T4a_mid+1.5=16370.3281]:  44%|████▍     | 440/1000 [04:45<06:03,  1.54it/s] Cost: 378995.6250  [spread_bright_L5=1514746.2500  spread_bright_Mi1=1123962.1250  spread_bright_Tm3=1137577.0000  spread_bright_Mi4=1511576.6250  spread_dark_L1=998616.1250  spread_dark_L2=1008491.8125  spread_dark_L3=650049.5625  spread_dark_L4=2747242.0000  spread_dark_Mi9=1036297.1875  spread_dark_Tm1=809861.9375  spread_dark_Tm2=1035445.3750  spread_dark_Tm4=1295927.3750  spread_dark_Tm9=1377729.1250  sbar_bright_T4a_mid+0=356078.8438  sbar_bright_T4b_mid+0=319882.0938  sbar_bright_T4c_mid+0=368442.3750  sbar_bright_T4d_mid+0=377285.2500  sbar_bright_T5a_mid+0=92201.4062  sbar_bright_T5b_mid+0=120421.7422  sbar_bright_T5c_mid+0=122959.5000  sbar_bright_T5d_mid+0=112852.9922  sbar_bright_T4a_mid+1=247223.7188  sbar_bright_T4b_mid+1=239564.1719  sbar_bright_T4c_mid+1=252123.9219  sbar_bright_T4d_mid+1=249482.6719  sbar_bright_T5a_mid+1=129114.8828  sbar_bright_T5b_mid+1=152610.5156  sbar_bright_T5c_mid+1=122587.9219  sbar_bright_T5d_mid+1=149083.7188  sbar_bright_T4a_mid+2=91312.3906  sbar_bright_T4b_mid+2=153134.2500  sbar_bright_T4c_mid+2=77616.6172  sbar_bright_T4d_mid+2=85951.2891  sbar_bright_T5a_mid+2=310567.6562  sbar_bright_T5b_mid+2=293136.2812  sbar_bright_T5c_mid+2=281522.5625  sbar_bright_T5d_mid+2=301552.6562  sbar_bright_T4a_mid-1=1776232.1250  sbar_bright_T4b_mid-1=1248826.0000  sbar_bright_T4c_mid-1=1645293.5000  sbar_bright_T4d_mid-1=1875643.5000  sbar_bright_T5a_mid-1=370629.8125  sbar_bright_T5b_mid-1=373824.5625  sbar_bright_T5c_mid-1=357825.3438  sbar_bright_T5d_mid-1=400048.7188  sbar_bright_T4a_mid-2=416356.1875  sbar_bright_T4b_mid-2=301598.7812  sbar_bright_T4c_mid-2=379285.0938  sbar_bright_T4d_mid-2=401220.2812  sbar_bright_T5b_mid-2=131495.4062  sbar_bright_T5c_mid-2=106661.5703  sbar_bright_T5d_mid-2=128747.4531  sbar_bright_T5a_mid-2=120618.2656  sbar_bright_T4a_mid-1.5=203616.9375  sbar_bright_T4b_mid-1.5=199792.5625  sbar_bright_T4c_mid-1.5=199016.2969  sbar_bright_T4d_mid-1.5=272679.3125  sbar_bright_T5a_mid-1.5=130009.1875  sbar_bright_T5b_mid-1.5=140016.4375  sbar_bright_T5c_mid-1.5=130682.1953  sbar_bright_T5d_mid-1.5=124653.0078  sbar_bright_T4a_mid-0.5=890960.8750  sbar_bright_T4b_mid-0.5=977026.2500  sbar_bright_T4c_mid-0.5=1040086.8125  sbar_bright_T4d_mid-0.5=1121858.0000  sbar_bright_T5a_mid-0.5=139650.5312  sbar_bright_T5b_mid-0.5=162267.1719  sbar_bright_T5c_mid-0.5=114512.9453  sbar_bright_T5d_mid-0.5=152229.9062  sbar_bright_T4a_mid+0.5=155690.6250  sbar_bright_T4b_mid+0.5=94533.4297  sbar_bright_T4c_mid+0.5=120626.9844  sbar_bright_T4d_mid+0.5=100348.3203  sbar_bright_T5a_mid+0.5=49993.4609  sbar_bright_T5b_mid+0.5=57763.6602  sbar_bright_T5c_mid+0.5=42197.9414  sbar_bright_T5d_mid+0.5=41665.8398  sbar_bright_T4b_mid+1.5=78676.8438  sbar_bright_T4c_mid+1.5=104660.9297  sbar_bright_T4d_mid+1.5=56539.9297  sbar_bright_T5a_mid+1.5=65060.8516  sbar_bright_T5b_mid+1.5=66082.1875  sbar_bright_T5c_mid+1.5=64921.4609  sbar_bright_T5d_mid+1.5=56354.1953  sbar_bright_T4a_mid+1.5=70169.5312  sbar_dark_T4a_mid+0=68994.5391  sbar_dark_T4b_mid+0=69990.4219  sbar_dark_T4c_mid+0=100152.7266  sbar_dark_T4d_mid+0=92695.8281  sbar_dark_T5a_mid+0=409320.0625  sbar_dark_T5b_mid+0=391761.0625  sbar_dark_T5c_mid+0=346387.5312  sbar_dark_T5d_mid+0=411399.6875  sbar_dark_T4a_mid+1=90231.8125  sbar_dark_T4b_mid+1=37438.6289  sbar_dark_T4c_mid+1=48211.8789  sbar_dark_T4d_mid+1=79580.2422  sbar_dark_T5a_mid+1=350849.7812  sbar_dark_T5b_mid+1=231762.2969  sbar_dark_T5c_mid+1=283191.0000  sbar_dark_T5d_mid+1=220893.3438  sbar_dark_T4a_mid+2=64346.3242  sbar_dark_T4b_mid+2=104220.5312  sbar_dark_T4c_mid+2=77449.7656  sbar_dark_T4d_mid+2=42496.5039  sbar_dark_T5a_mid+2=351862.3438  sbar_dark_T5b_mid+2=359864.8750  sbar_dark_T5c_mid+2=308379.6875  sbar_dark_T5d_mid+2=342958.7812  sbar_dark_T4a_mid-1=236927.0000  sbar_dark_T4b_mid-1=172439.1406  sbar_dark_T4c_mid-1=122667.8203  sbar_dark_T4d_mid-1=167895.3125  sbar_dark_T5a_mid-1=1563859.8750  sbar_dark_T5b_mid-1=1505748.7500  sbar_dark_T5c_mid-1=1394483.0000  sbar_dark_T5d_mid-1=1799981.3750  sbar_dark_T4a_mid-2=79437.0156  sbar_dark_T4b_mid-2=79002.5000  sbar_dark_T4c_mid-2=79143.6406  sbar_dark_T4d_mid-2=63355.1758  sbar_dark_T5b_mid-2=1065497.5000  sbar_dark_T5c_mid-2=873334.3750  sbar_dark_T5d_mid-2=1012248.4375  sbar_dark_T5a_mid-2=880785.1875  sbar_dark_T4a_mid-1.5=22983.3828  sbar_dark_T4b_mid-1.5=31435.4531  sbar_dark_T4c_mid-1.5=31247.5488  sbar_dark_T4d_mid-1.5=11613.5625  sbar_dark_T5a_mid-1.5=340380.6875  sbar_dark_T5b_mid-1.5=383507.5625  sbar_dark_T5c_mid-1.5=361566.5312  sbar_dark_T5d_mid-1.5=337409.2500  sbar_dark_T4a_mid-0.5=60201.5273  sbar_dark_T4b_mid-0.5=56734.4766  sbar_dark_T4c_mid-0.5=90885.3984  sbar_dark_T4d_mid-0.5=42511.8086  sbar_dark_T5a_mid-0.5=539590.9375  sbar_dark_T5b_mid-0.5=738960.6875  sbar_dark_T5c_mid-0.5=406802.7188  sbar_dark_T5d_mid-0.5=736695.2500  sbar_dark_T4a_mid+0.5=27997.4805  sbar_dark_T4b_mid+0.5=61436.7852  sbar_dark_T4c_mid+0.5=22525.3281  sbar_dark_T4d_mid+0.5=57262.8828  sbar_dark_T5a_mid+0.5=94968.6094  sbar_dark_T5b_mid+0.5=80974.0312  sbar_dark_T5c_mid+0.5=97147.3594  sbar_dark_T5d_mid+0.5=84821.6094  sbar_dark_T4b_mid+1.5=19637.2402  sbar_dark_T4c_mid+1.5=18717.7656  sbar_dark_T4d_mid+1.5=13653.2324  sbar_dark_T5a_mid+1.5=54424.5039  sbar_dark_T5b_mid+1.5=57082.4922  sbar_dark_T5c_mid+1.5=58154.1406  sbar_dark_T5d_mid+1.5=49294.9766  sbar_dark_T4a_mid+1.5=17558.2969]:  45%|████▌     | 450/1000 [04:52<05:57,  1.54it/s] Cost: 378120.5938  [spread_bright_L5=1498328.0000  spread_bright_Mi1=1110125.0000  spread_bright_Tm3=1116716.5000  spread_bright_Mi4=1519622.5000  spread_dark_L1=989636.6875  spread_dark_L2=1020911.5000  spread_dark_L3=654119.6250  spread_dark_L4=2720476.5000  spread_dark_Mi9=1019693.7500  spread_dark_Tm1=801464.9375  spread_dark_Tm2=1018743.8125  spread_dark_Tm4=1292153.8750  spread_dark_Tm9=1359779.1250  sbar_bright_T4a_mid+0=348211.9688  sbar_bright_T4b_mid+0=315913.0625  sbar_bright_T4c_mid+0=366726.5625  sbar_bright_T4d_mid+0=372643.9062  sbar_bright_T5a_mid+0=91284.4844  sbar_bright_T5b_mid+0=120147.7422  sbar_bright_T5c_mid+0=123525.1875  sbar_bright_T5d_mid+0=111907.7891  sbar_bright_T4a_mid+1=243802.7812  sbar_bright_T4b_mid+1=238683.1719  sbar_bright_T4c_mid+1=250697.0781  sbar_bright_T4d_mid+1=245574.4219  sbar_bright_T5a_mid+1=127823.6719  sbar_bright_T5b_mid+1=151922.2344  sbar_bright_T5c_mid+1=120965.9297  sbar_bright_T5d_mid+1=147873.9531  sbar_bright_T4a_mid+2=86390.5938  sbar_bright_T4b_mid+2=147333.8438  sbar_bright_T4c_mid+2=75107.7422  sbar_bright_T4d_mid+2=83114.2344  sbar_bright_T5a_mid+2=308942.4375  sbar_bright_T5b_mid+2=292127.4062  sbar_bright_T5c_mid+2=279034.1562  sbar_bright_T5d_mid+2=300062.5312  sbar_bright_T4a_mid-1=1783027.5000  sbar_bright_T4b_mid-1=1258748.5000  sbar_bright_T4c_mid-1=1649051.3750  sbar_bright_T4d_mid-1=1880592.0000  sbar_bright_T5a_mid-1=369489.1875  sbar_bright_T5b_mid-1=373721.7812  sbar_bright_T5c_mid-1=358983.8125  sbar_bright_T5d_mid-1=399836.5625  sbar_bright_T4a_mid-2=418366.7188  sbar_bright_T4b_mid-2=304059.0938  sbar_bright_T4c_mid-2=379515.6875  sbar_bright_T4d_mid-2=404021.8438  sbar_bright_T5b_mid-2=131248.1250  sbar_bright_T5c_mid-2=106518.1719  sbar_bright_T5d_mid-2=127840.2031  sbar_bright_T5a_mid-2=120319.1016  sbar_bright_T4a_mid-1.5=203812.6250  sbar_bright_T4b_mid-1.5=200643.4062  sbar_bright_T4c_mid-1.5=198878.0781  sbar_bright_T4d_mid-1.5=272115.3750  sbar_bright_T5a_mid-1.5=130286.3672  sbar_bright_T5b_mid-1.5=140035.4062  sbar_bright_T5c_mid-1.5=129973.2812  sbar_bright_T5d_mid-1.5=124364.8281  sbar_bright_T4a_mid-0.5=898389.6875  sbar_bright_T4b_mid-0.5=981525.0625  sbar_bright_T4c_mid-0.5=1044870.9375  sbar_bright_T4d_mid-0.5=1125291.7500  sbar_bright_T5a_mid-0.5=138931.4531  sbar_bright_T5b_mid-0.5=161853.0312  sbar_bright_T5c_mid-0.5=114324.0703  sbar_bright_T5d_mid-0.5=150156.8125  sbar_bright_T4a_mid+0.5=157112.0469  sbar_bright_T4b_mid+0.5=95014.1016  sbar_bright_T4c_mid+0.5=120891.9453  sbar_bright_T4d_mid+0.5=100609.6797  sbar_bright_T5a_mid+0.5=49402.5508  sbar_bright_T5b_mid+0.5=57466.4336  sbar_bright_T5c_mid+0.5=41737.4297  sbar_bright_T5d_mid+0.5=40632.9336  sbar_bright_T4b_mid+1.5=76787.4375  sbar_bright_T4c_mid+1.5=102891.7031  sbar_bright_T4d_mid+1.5=55634.2500  sbar_bright_T5a_mid+1.5=64836.5898  sbar_bright_T5b_mid+1.5=66078.2891  sbar_bright_T5c_mid+1.5=64221.1055  sbar_bright_T5d_mid+1.5=55840.0508  sbar_bright_T4a_mid+1.5=68289.8594  sbar_dark_T4a_mid+0=65333.7695  sbar_dark_T4b_mid+0=66712.3984  sbar_dark_T4c_mid+0=100791.6172  sbar_dark_T4d_mid+0=90716.5156  sbar_dark_T5a_mid+0=422540.0000  sbar_dark_T5b_mid+0=387884.6250  sbar_dark_T5c_mid+0=347263.7500  sbar_dark_T5d_mid+0=431456.6562  sbar_dark_T4a_mid+1=89474.5391  sbar_dark_T4b_mid+1=36448.4219  sbar_dark_T4c_mid+1=48596.4336  sbar_dark_T4d_mid+1=79492.0625  sbar_dark_T5a_mid+1=350912.9375  sbar_dark_T5b_mid+1=230695.8125  sbar_dark_T5c_mid+1=280044.4375  sbar_dark_T5d_mid+1=220996.7500  sbar_dark_T4a_mid+2=61153.3672  sbar_dark_T4b_mid+2=102408.9062  sbar_dark_T4c_mid+2=75439.9688  sbar_dark_T4d_mid+2=40620.2734  sbar_dark_T5a_mid+2=350707.3750  sbar_dark_T5b_mid+2=358724.8125  sbar_dark_T5c_mid+2=307063.4688  sbar_dark_T5d_mid+2=341914.8438  sbar_dark_T4a_mid-1=233588.8281  sbar_dark_T4b_mid-1=171188.3594  sbar_dark_T4c_mid-1=122783.7031  sbar_dark_T4d_mid-1=169427.4062  sbar_dark_T5a_mid-1=1559634.0000  sbar_dark_T5b_mid-1=1518801.6250  sbar_dark_T5c_mid-1=1401612.8750  sbar_dark_T5d_mid-1=1793826.5000  sbar_dark_T4a_mid-2=77453.3438  sbar_dark_T4b_mid-2=77482.1719  sbar_dark_T4c_mid-2=77424.4922  sbar_dark_T4d_mid-2=61800.6016  sbar_dark_T5b_mid-2=1065588.6250  sbar_dark_T5c_mid-2=874710.3750  sbar_dark_T5d_mid-2=1007939.5625  sbar_dark_T5a_mid-2=882127.0625  sbar_dark_T4a_mid-1.5=22580.8027  sbar_dark_T4b_mid-1.5=31213.4043  sbar_dark_T4c_mid-1.5=31148.3691  sbar_dark_T4d_mid-1.5=11738.2910  sbar_dark_T5a_mid-1.5=340525.9688  sbar_dark_T5b_mid-1.5=383189.0938  sbar_dark_T5c_mid-1.5=360328.6875  sbar_dark_T5d_mid-1.5=336527.5625  sbar_dark_T4a_mid-0.5=60560.9023  sbar_dark_T4b_mid-0.5=56775.2852  sbar_dark_T4c_mid-0.5=93544.9375  sbar_dark_T4d_mid-0.5=42242.3984  sbar_dark_T5a_mid-0.5=537444.1250  sbar_dark_T5b_mid-0.5=746160.5000  sbar_dark_T5c_mid-0.5=410764.5312  sbar_dark_T5d_mid-0.5=734149.2500  sbar_dark_T4a_mid+0.5=28200.6719  sbar_dark_T4b_mid+0.5=61299.3281  sbar_dark_T4c_mid+0.5=22815.1621  sbar_dark_T4d_mid+0.5=57816.7070  sbar_dark_T5a_mid+0.5=93934.8438  sbar_dark_T5b_mid+0.5=82056.9609  sbar_dark_T5c_mid+0.5=95815.2109  sbar_dark_T5d_mid+0.5=85085.0078  sbar_dark_T4b_mid+1.5=18525.9160  sbar_dark_T4c_mid+1.5=18175.2969  sbar_dark_T4d_mid+1.5=13192.7461  sbar_dark_T5a_mid+1.5=54508.7109  sbar_dark_T5b_mid+1.5=57090.3867  sbar_dark_T5c_mid+1.5=58339.8555  sbar_dark_T5d_mid+1.5=49567.8438  sbar_dark_T4a_mid+1.5=17012.9297]:  46%|████▌     | 460/1000 [04:58<05:50,  1.54it/s] Cost: 377204.9688  [spread_bright_L5=1495195.2500  spread_bright_Mi1=1120216.0000  spread_bright_Tm3=1108505.6250  spread_bright_Mi4=1502206.0000  spread_dark_L1=988635.3750  spread_dark_L2=1027230.4375  spread_dark_L3=656417.1250  spread_dark_L4=2703695.5000  spread_dark_Mi9=1022914.2500  spread_dark_Tm1=786567.3750  spread_dark_Tm2=1002273.4375  spread_dark_Tm4=1277808.0000  spread_dark_Tm9=1369153.8750  sbar_bright_T4a_mid+0=339795.3750  sbar_bright_T4b_mid+0=318298.5938  sbar_bright_T4c_mid+0=369561.9062  sbar_bright_T4d_mid+0=373799.9062  sbar_bright_T5a_mid+0=92632.1016  sbar_bright_T5b_mid+0=121812.5156  sbar_bright_T5c_mid+0=125143.2031  sbar_bright_T5d_mid+0=114715.0078  sbar_bright_T4a_mid+1=242495.6250  sbar_bright_T4b_mid+1=237870.2500  sbar_bright_T4c_mid+1=248420.2812  sbar_bright_T4d_mid+1=249602.7500  sbar_bright_T5a_mid+1=128399.1016  sbar_bright_T5b_mid+1=152188.2188  sbar_bright_T5c_mid+1=121615.1953  sbar_bright_T5d_mid+1=149062.5625  sbar_bright_T4a_mid+2=86998.5703  sbar_bright_T4b_mid+2=150624.4688  sbar_bright_T4c_mid+2=76068.8984  sbar_bright_T4d_mid+2=84627.6172  sbar_bright_T5a_mid+2=308009.2500  sbar_bright_T5b_mid+2=290738.7812  sbar_bright_T5c_mid+2=278219.6875  sbar_bright_T5d_mid+2=300231.7500  sbar_bright_T4a_mid-1=1786856.5000  sbar_bright_T4b_mid-1=1255768.0000  sbar_bright_T4c_mid-1=1646817.0000  sbar_bright_T4d_mid-1=1862534.2500  sbar_bright_T5a_mid-1=372077.8125  sbar_bright_T5b_mid-1=375824.0625  sbar_bright_T5c_mid-1=361612.6875  sbar_bright_T5d_mid-1=402708.9375  sbar_bright_T4a_mid-2=416231.9062  sbar_bright_T4b_mid-2=302159.4375  sbar_bright_T4c_mid-2=378964.0938  sbar_bright_T4d_mid-2=396749.9688  sbar_bright_T5b_mid-2=131108.0312  sbar_bright_T5c_mid-2=106737.3594  sbar_bright_T5d_mid-2=128350.4453  sbar_bright_T5a_mid-2=120020.1172  sbar_bright_T4a_mid-1.5=203392.9688  sbar_bright_T4b_mid-1.5=199768.8750  sbar_bright_T4c_mid-1.5=196651.2812  sbar_bright_T4d_mid-1.5=270195.7812  sbar_bright_T5a_mid-1.5=130174.5625  sbar_bright_T5b_mid-1.5=140003.9219  sbar_bright_T5c_mid-1.5=130009.2188  sbar_bright_T5d_mid-1.5=124248.4531  sbar_bright_T4a_mid-0.5=898412.5000  sbar_bright_T4b_mid-0.5=979098.7500  sbar_bright_T4c_mid-0.5=1041367.5000  sbar_bright_T4d_mid-0.5=1118841.3750  sbar_bright_T5a_mid-0.5=139580.4844  sbar_bright_T5b_mid-0.5=161981.2500  sbar_bright_T5c_mid-0.5=115518.2578  sbar_bright_T5d_mid-0.5=150794.8594  sbar_bright_T4a_mid+0.5=157191.5469  sbar_bright_T4b_mid+0.5=94048.7500  sbar_bright_T4c_mid+0.5=121024.8516  sbar_bright_T4d_mid+0.5=99541.4297  sbar_bright_T5a_mid+0.5=49634.1797  sbar_bright_T5b_mid+0.5=57656.2422  sbar_bright_T5c_mid+0.5=42030.4414  sbar_bright_T5d_mid+0.5=41264.4062  sbar_bright_T4b_mid+1.5=78248.2500  sbar_bright_T4c_mid+1.5=106902.4375  sbar_bright_T4d_mid+1.5=57891.4219  sbar_bright_T5a_mid+1.5=64483.5859  sbar_bright_T5b_mid+1.5=65715.3359  sbar_bright_T5c_mid+1.5=63955.5859  sbar_bright_T5d_mid+1.5=55852.8047  sbar_bright_T4a_mid+1.5=68723.8828  sbar_dark_T4a_mid+0=65007.3789  sbar_dark_T4b_mid+0=65904.7422  sbar_dark_T4c_mid+0=97155.1172  sbar_dark_T4d_mid+0=92662.9219  sbar_dark_T5a_mid+0=415836.3125  sbar_dark_T5b_mid+0=383944.3750  sbar_dark_T5c_mid+0=345988.4062  sbar_dark_T5d_mid+0=414997.2500  sbar_dark_T4a_mid+1=84862.3828  sbar_dark_T4b_mid+1=36607.5078  sbar_dark_T4c_mid+1=47416.3516  sbar_dark_T4d_mid+1=79306.0938  sbar_dark_T5a_mid+1=343195.5625  sbar_dark_T5b_mid+1=230763.4844  sbar_dark_T5c_mid+1=278432.2188  sbar_dark_T5d_mid+1=218774.9688  sbar_dark_T4a_mid+2=60306.1211  sbar_dark_T4b_mid+2=98021.7969  sbar_dark_T4c_mid+2=75932.4375  sbar_dark_T4d_mid+2=42125.0234  sbar_dark_T5a_mid+2=350861.9062  sbar_dark_T5b_mid+2=358521.5000  sbar_dark_T5c_mid+2=306513.3438  sbar_dark_T5d_mid+2=342481.3750  sbar_dark_T4a_mid-1=230686.5156  sbar_dark_T4b_mid-1=167120.2812  sbar_dark_T4c_mid-1=120334.7422  sbar_dark_T4d_mid-1=169667.6094  sbar_dark_T5a_mid-1=1562636.7500  sbar_dark_T5b_mid-1=1518736.0000  sbar_dark_T5c_mid-1=1400913.8750  sbar_dark_T5d_mid-1=1801028.5000  sbar_dark_T4a_mid-2=76703.9609  sbar_dark_T4b_mid-2=78534.9609  sbar_dark_T4c_mid-2=76744.0781  sbar_dark_T4d_mid-2=63613.7188  sbar_dark_T5b_mid-2=1065173.6250  sbar_dark_T5c_mid-2=873734.7500  sbar_dark_T5d_mid-2=1011776.1875  sbar_dark_T5a_mid-2=882493.9375  sbar_dark_T4a_mid-1.5=22281.0918  sbar_dark_T4b_mid-1.5=30822.5645  sbar_dark_T4c_mid-1.5=31227.4648  sbar_dark_T4d_mid-1.5=11934.4346  sbar_dark_T5a_mid-1.5=339907.8125  sbar_dark_T5b_mid-1.5=383217.7500  sbar_dark_T5c_mid-1.5=360160.1875  sbar_dark_T5d_mid-1.5=336417.8125  sbar_dark_T4a_mid-0.5=56555.3125  sbar_dark_T4b_mid-0.5=55050.7461  sbar_dark_T4c_mid-0.5=88830.4062  sbar_dark_T4d_mid-0.5=41836.2188  sbar_dark_T5a_mid-0.5=538824.8125  sbar_dark_T5b_mid-0.5=745170.7500  sbar_dark_T5c_mid-0.5=410122.4062  sbar_dark_T5d_mid-0.5=734379.5000  sbar_dark_T4a_mid+0.5=26583.7324  sbar_dark_T4b_mid+0.5=58254.6289  sbar_dark_T4c_mid+0.5=21788.2168  sbar_dark_T4d_mid+0.5=56993.3320  sbar_dark_T5a_mid+0.5=93958.7812  sbar_dark_T5b_mid+0.5=82359.0078  sbar_dark_T5c_mid+0.5=95650.0703  sbar_dark_T5d_mid+0.5=84497.3203  sbar_dark_T4b_mid+1.5=19063.8984  sbar_dark_T4c_mid+1.5=19238.6426  sbar_dark_T4d_mid+1.5=13308.7637  sbar_dark_T5a_mid+1.5=54475.7812  sbar_dark_T5b_mid+1.5=57159.9609  sbar_dark_T5c_mid+1.5=58372.1367  sbar_dark_T5d_mid+1.5=49756.3320  sbar_dark_T4a_mid+1.5=16983.7227]:     47%|████▋     | 470/1000 [05:05<05:43,  1.54it/s] Cost: 376501.3125  [spread_bright_L5=1482215.5000  spread_bright_Mi1=1129008.7500  spread_bright_Tm3=1095254.2500  spread_bright_Mi4=1477312.3750  spread_dark_L1=984694.0000  spread_dark_L2=1040416.8750  spread_dark_L3=659475.0625  spread_dark_L4=2680362.5000  spread_dark_Mi9=1027953.5000  spread_dark_Tm1=774532.4375  spread_dark_Tm2=985713.7500  spread_dark_Tm4=1260575.7500  spread_dark_Tm9=1383483.5000  sbar_bright_T4a_mid+0=339607.3125  sbar_bright_T4b_mid+0=313560.1875  sbar_bright_T4c_mid+0=361038.6875  sbar_bright_T4d_mid+0=371252.5938  sbar_bright_T5a_mid+0=94195.1719  sbar_bright_T5b_mid+0=123429.1719  sbar_bright_T5c_mid+0=127219.9844  sbar_bright_T5d_mid+0=116668.5000  sbar_bright_T4a_mid+1=247172.9531  sbar_bright_T4b_mid+1=240064.8906  sbar_bright_T4c_mid+1=255310.7969  sbar_bright_T4d_mid+1=253094.5000  sbar_bright_T5a_mid+1=129170.8984  sbar_bright_T5b_mid+1=153342.6094  sbar_bright_T5c_mid+1=123963.5312  sbar_bright_T5d_mid+1=149241.2344  sbar_bright_T4a_mid+2=92913.6172  sbar_bright_T4b_mid+2=158441.1094  sbar_bright_T4c_mid+2=80877.6094  sbar_bright_T4d_mid+2=86219.3203  sbar_bright_T5a_mid+2=308362.1562  sbar_bright_T5b_mid+2=291947.1875  sbar_bright_T5c_mid+2=279825.4375  sbar_bright_T5d_mid+2=300100.2188  sbar_bright_T4a_mid-1=1763366.8750  sbar_bright_T4b_mid-1=1240209.1250  sbar_bright_T4c_mid-1=1631709.8750  sbar_bright_T4d_mid-1=1850810.3750  sbar_bright_T5a_mid-1=375108.9062  sbar_bright_T5b_mid-1=378660.2500  sbar_bright_T5c_mid-1=364565.2500  sbar_bright_T5d_mid-1=404757.6562  sbar_bright_T4a_mid-2=412181.7812  sbar_bright_T4b_mid-2=297292.0312  sbar_bright_T4c_mid-2=371501.4375  sbar_bright_T4d_mid-2=394369.1875  sbar_bright_T5b_mid-2=131532.4219  sbar_bright_T5c_mid-2=107691.5781  sbar_bright_T5d_mid-2=129089.3359  sbar_bright_T5a_mid-2=119916.7188  sbar_bright_T4a_mid-1.5=200758.9062  sbar_bright_T4b_mid-1.5=197844.4375  sbar_bright_T4c_mid-1.5=195386.9062  sbar_bright_T4d_mid-1.5=268432.0312  sbar_bright_T5a_mid-1.5=130134.0000  sbar_bright_T5b_mid-1.5=139949.3281  sbar_bright_T5c_mid-1.5=130126.9609  sbar_bright_T5d_mid-1.5=124415.0312  sbar_bright_T4a_mid-0.5=884566.8125  sbar_bright_T4b_mid-0.5=967814.9375  sbar_bright_T4c_mid-0.5=1030176.8750  sbar_bright_T4d_mid-0.5=1112223.6250  sbar_bright_T5a_mid-0.5=140209.9219  sbar_bright_T5b_mid-0.5=162389.1094  sbar_bright_T5c_mid-0.5=117196.3203  sbar_bright_T5d_mid-0.5=152041.3750  sbar_bright_T4a_mid+0.5=152460.0312  sbar_bright_T4b_mid+0.5=90903.1328  sbar_bright_T4c_mid+0.5=119976.3594  sbar_bright_T4d_mid+0.5=98969.8047  sbar_bright_T5a_mid+0.5=50238.8008  sbar_bright_T5b_mid+0.5=57954.8438  sbar_bright_T5c_mid+0.5=42389.4531  sbar_bright_T5d_mid+0.5=41419.7969  sbar_bright_T4b_mid+1.5=83380.4375  sbar_bright_T4c_mid+1.5=112807.0781  sbar_bright_T4d_mid+1.5=60352.8438  sbar_bright_T5a_mid+1.5=64719.8867  sbar_bright_T5b_mid+1.5=66114.1016  sbar_bright_T5c_mid+1.5=64499.2344  sbar_bright_T5d_mid+1.5=56380.9414  sbar_bright_T4a_mid+1.5=73537.7031  sbar_dark_T4a_mid+0=64894.1836  sbar_dark_T4b_mid+0=69275.0156  sbar_dark_T4c_mid+0=96642.8125  sbar_dark_T4d_mid+0=90679.8281  sbar_dark_T5a_mid+0=425708.2188  sbar_dark_T5b_mid+0=384233.6875  sbar_dark_T5c_mid+0=345588.8125  sbar_dark_T5d_mid+0=429397.7500  sbar_dark_T4a_mid+1=84757.9922  sbar_dark_T4b_mid+1=39550.1680  sbar_dark_T4c_mid+1=49016.9805  sbar_dark_T4d_mid+1=78446.8125  sbar_dark_T5a_mid+1=354475.8125  sbar_dark_T5b_mid+1=230775.8281  sbar_dark_T5c_mid+1=281493.8438  sbar_dark_T5d_mid+1=220363.6875  sbar_dark_T4a_mid+2=65335.1836  sbar_dark_T4b_mid+2=103695.3906  sbar_dark_T4c_mid+2=79650.9688  sbar_dark_T4d_mid+2=44673.4922  sbar_dark_T5a_mid+2=350294.6562  sbar_dark_T5b_mid+2=359751.6250  sbar_dark_T5c_mid+2=307198.0938  sbar_dark_T5d_mid+2=341912.5000  sbar_dark_T4a_mid-1=241586.7188  sbar_dark_T4b_mid-1=172236.0000  sbar_dark_T4c_mid-1=123100.3359  sbar_dark_T4d_mid-1=171936.5625  sbar_dark_T5a_mid-1=1551132.3750  sbar_dark_T5b_mid-1=1508388.2500  sbar_dark_T5c_mid-1=1392858.6250  sbar_dark_T5d_mid-1=1792480.8750  sbar_dark_T4a_mid-2=80198.1484  sbar_dark_T4b_mid-2=81581.3828  sbar_dark_T4c_mid-2=80366.4375  sbar_dark_T4d_mid-2=66650.4609  sbar_dark_T5b_mid-2=1065302.0000  sbar_dark_T5c_mid-2=871832.3125  sbar_dark_T5d_mid-2=1008426.1875  sbar_dark_T5a_mid-2=877966.5000  sbar_dark_T4a_mid-1.5=23339.3906  sbar_dark_T4b_mid-1.5=32124.3633  sbar_dark_T4c_mid-1.5=32223.8945  sbar_dark_T4d_mid-1.5=12216.0254  sbar_dark_T5a_mid-1.5=339172.1562  sbar_dark_T5b_mid-1.5=383520.1875  sbar_dark_T5c_mid-1.5=360167.9062  sbar_dark_T5d_mid-1.5=336799.4062  sbar_dark_T4a_mid-0.5=56819.3867  sbar_dark_T4b_mid-0.5=57440.8984  sbar_dark_T4c_mid-0.5=90230.1406  sbar_dark_T4d_mid-0.5=43837.6484  sbar_dark_T5a_mid-0.5=531558.6875  sbar_dark_T5b_mid-0.5=739691.1250  sbar_dark_T5c_mid-0.5=405544.6250  sbar_dark_T5d_mid-0.5=728456.8750  sbar_dark_T4a_mid+0.5=27211.6914  sbar_dark_T4b_mid+0.5=58054.5859  sbar_dark_T4c_mid+0.5=22747.6953  sbar_dark_T4d_mid+0.5=55271.9258  sbar_dark_T5a_mid+0.5=93278.5391  sbar_dark_T5b_mid+0.5=81281.5156  sbar_dark_T5c_mid+0.5=95163.4688  sbar_dark_T5d_mid+0.5=85097.1328  sbar_dark_T4b_mid+1.5=21194.2656  sbar_dark_T4c_mid+1.5=20965.9336  sbar_dark_T4d_mid+1.5=14338.5234  sbar_dark_T5a_mid+1.5=54391.7539  sbar_dark_T5b_mid+1.5=57247.5547  sbar_dark_T5c_mid+1.5=58350.7969  sbar_dark_T5d_mid+1.5=49691.2305  sbar_dark_T4a_mid+1.5=18854.9316]:  48%|████▊     | 480/1000 [05:11<05:36,  1.54it/s] Cost: 375450.1562  [spread_bright_L5=1455775.5000  spread_bright_Mi1=1091069.0000  spread_bright_Tm3=1069637.6250  spread_bright_Mi4=1476316.6250  spread_dark_L1=983759.7500  spread_dark_L2=1050830.6250  spread_dark_L3=662822.8125  spread_dark_L4=2664462.7500  spread_dark_Mi9=1014300.5625  spread_dark_Tm1=761513.8750  spread_dark_Tm2=965309.6875  spread_dark_Tm4=1257497.0000  spread_dark_Tm9=1360473.7500  sbar_bright_T4a_mid+0=335136.9688  sbar_bright_T4b_mid+0=310745.0625  sbar_bright_T4c_mid+0=360684.3750  sbar_bright_T4d_mid+0=367667.5625  sbar_bright_T5a_mid+0=94863.9141  sbar_bright_T5b_mid+0=123869.2188  sbar_bright_T5c_mid+0=128274.3594  sbar_bright_T5d_mid+0=117431.6641  sbar_bright_T4a_mid+1=241269.2188  sbar_bright_T4b_mid+1=237573.3750  sbar_bright_T4c_mid+1=251059.3750  sbar_bright_T4d_mid+1=244419.2500  sbar_bright_T5a_mid+1=129241.5156  sbar_bright_T5b_mid+1=152602.5000  sbar_bright_T5c_mid+1=122856.3281  sbar_bright_T5d_mid+1=148930.9688  sbar_bright_T4a_mid+2=83590.7344  sbar_bright_T4b_mid+2=145483.7500  sbar_bright_T4c_mid+2=76026.5625  sbar_bright_T4d_mid+2=81859.1641  sbar_bright_T5a_mid+2=306949.5312  sbar_bright_T5b_mid+2=290187.6875  sbar_bright_T5c_mid+2=276948.4062  sbar_bright_T5d_mid+2=298519.0938  sbar_bright_T4a_mid-1=1781992.3750  sbar_bright_T4b_mid-1=1261807.6250  sbar_bright_T4c_mid-1=1644877.6250  sbar_bright_T4d_mid-1=1868482.1250  sbar_bright_T5a_mid-1=375439.2188  sbar_bright_T5b_mid-1=378983.5625  sbar_bright_T5c_mid-1=366356.9688  sbar_bright_T5d_mid-1=405255.0312  sbar_bright_T4a_mid-2=421037.8438  sbar_bright_T4b_mid-2=303171.0625  sbar_bright_T4c_mid-2=375360.5625  sbar_bright_T4d_mid-2=399881.4688  sbar_bright_T5b_mid-2=130979.6172  sbar_bright_T5c_mid-2=107387.0703  sbar_bright_T5d_mid-2=128081.3438  sbar_bright_T5a_mid-2=119786.6250  sbar_bright_T4a_mid-1.5=203786.0469  sbar_bright_T4b_mid-1.5=199854.6250  sbar_bright_T4c_mid-1.5=196351.8438  sbar_bright_T4d_mid-1.5=269790.2188  sbar_bright_T5a_mid-1.5=130061.7734  sbar_bright_T5b_mid-1.5=139873.1094  sbar_bright_T5c_mid-1.5=129202.0000  sbar_bright_T5d_mid-1.5=124001.9297  sbar_bright_T4a_mid-0.5=907245.5000  sbar_bright_T4b_mid-0.5=982083.8125  sbar_bright_T4c_mid-0.5=1043346.5625  sbar_bright_T4d_mid-0.5=1123268.6250  sbar_bright_T5a_mid-0.5=140386.9062  sbar_bright_T5b_mid-0.5=162278.1562  sbar_bright_T5c_mid-0.5=117409.3125  sbar_bright_T5d_mid-0.5=150544.3594  sbar_bright_T4a_mid+0.5=157939.3906  sbar_bright_T4b_mid+0.5=94039.8125  sbar_bright_T4c_mid+0.5=121237.3984  sbar_bright_T4d_mid+0.5=100245.5859  sbar_bright_T5a_mid+0.5=50022.6602  sbar_bright_T5b_mid+0.5=57842.2539  sbar_bright_T5c_mid+0.5=42049.8984  sbar_bright_T5d_mid+0.5=41275.7031  sbar_bright_T4b_mid+1.5=77156.8047  sbar_bright_T4c_mid+1.5=105724.9609  sbar_bright_T4d_mid+1.5=56516.9102  sbar_bright_T5a_mid+1.5=64271.6406  sbar_bright_T5b_mid+1.5=65603.3516  sbar_bright_T5c_mid+1.5=63513.7227  sbar_bright_T5d_mid+1.5=55748.4922  sbar_bright_T4a_mid+1.5=67919.3203  sbar_dark_T4a_mid+0=60783.4961  sbar_dark_T4b_mid+0=65427.9258  sbar_dark_T4c_mid+0=96197.8125  sbar_dark_T4d_mid+0=87859.3750  sbar_dark_T5a_mid+0=416705.4688  sbar_dark_T5b_mid+0=377002.7500  sbar_dark_T5c_mid+0=343599.6562  sbar_dark_T5d_mid+0=427069.0625  sbar_dark_T4a_mid+1=82482.7500  sbar_dark_T4b_mid+1=37191.0508  sbar_dark_T4c_mid+1=48658.2539  sbar_dark_T4d_mid+1=77395.4375  sbar_dark_T5a_mid+1=343080.0938  sbar_dark_T5b_mid+1=229472.9531  sbar_dark_T5c_mid+1=276846.4375  sbar_dark_T5d_mid+1=218125.3438  sbar_dark_T4a_mid+2=59321.2344  sbar_dark_T4b_mid+2=100448.8594  sbar_dark_T4c_mid+2=76489.5391  sbar_dark_T4d_mid+2=41207.4531  sbar_dark_T5a_mid+2=349783.6250  sbar_dark_T5b_mid+2=357394.4688  sbar_dark_T5c_mid+2=304997.9375  sbar_dark_T5d_mid+2=340159.0938  sbar_dark_T4a_mid-1=236557.1562  sbar_dark_T4b_mid-1=169219.1875  sbar_dark_T4c_mid-1=122739.3281  sbar_dark_T4d_mid-1=171870.9844  sbar_dark_T5a_mid-1=1558443.3750  sbar_dark_T5b_mid-1=1518649.1250  sbar_dark_T5c_mid-1=1398488.6250  sbar_dark_T5d_mid-1=1792291.7500  sbar_dark_T4a_mid-2=76718.6328  sbar_dark_T4b_mid-2=79619.7031  sbar_dark_T4c_mid-2=78492.5156  sbar_dark_T4d_mid-2=65046.9727  sbar_dark_T5b_mid-2=1064014.8750  sbar_dark_T5c_mid-2=872868.6875  sbar_dark_T5d_mid-2=1007275.0000  sbar_dark_T5a_mid-2=881428.1250  sbar_dark_T4a_mid-1.5=22693.6816  sbar_dark_T4b_mid-1.5=31868.3340  sbar_dark_T4c_mid-1.5=32352.3711  sbar_dark_T4d_mid-1.5=12130.3408  sbar_dark_T5a_mid-1.5=338794.0312  sbar_dark_T5b_mid-1.5=382784.7812  sbar_dark_T5c_mid-1.5=358617.5938  sbar_dark_T5d_mid-1.5=335497.4375  sbar_dark_T4a_mid-0.5=56287.9492  sbar_dark_T4b_mid-0.5=57093.6211  sbar_dark_T4c_mid-0.5=91083.5234  sbar_dark_T4d_mid-0.5=43467.7422  sbar_dark_T5a_mid-0.5=535246.8750  sbar_dark_T5b_mid-0.5=745376.7500  sbar_dark_T5c_mid-0.5=409574.5938  sbar_dark_T5d_mid-0.5=728842.6250  sbar_dark_T4a_mid+0.5=27113.1543  sbar_dark_T4b_mid+0.5=57932.6602  sbar_dark_T4c_mid+0.5=22550.3242  sbar_dark_T4d_mid+0.5=54251.6406  sbar_dark_T5a_mid+0.5=92858.3125  sbar_dark_T5b_mid+0.5=82379.9688  sbar_dark_T5c_mid+0.5=94049.6094  sbar_dark_T5d_mid+0.5=84508.8906  sbar_dark_T4b_mid+1.5=19097.8184  sbar_dark_T4c_mid+1.5=19016.3223  sbar_dark_T4d_mid+1.5=13612.4717  sbar_dark_T5a_mid+1.5=54223.6680  sbar_dark_T5b_mid+1.5=56887.8438  sbar_dark_T5c_mid+1.5=58292.3828  sbar_dark_T5d_mid+1.5=49568.9922  sbar_dark_T4a_mid+1.5=16756.9629]:  49%|████▉     | 490/1000 [05:18<05:30,  1.55it/s] Cost: 374600.4375  [spread_bright_L5=1461402.0000  spread_bright_Mi1=1095681.1250  spread_bright_Tm3=1071075.6250  spread_bright_Mi4=1467865.5000  spread_dark_L1=989351.2500  spread_dark_L2=1059166.3750  spread_dark_L3=665657.7500  spread_dark_L4=2629159.2500  spread_dark_Mi9=1014996.5625  spread_dark_Tm1=751774.6250  spread_dark_Tm2=951313.5000  spread_dark_Tm4=1244222.6250  spread_dark_Tm9=1369069.8750  sbar_bright_T4a_mid+0=327422.1875  sbar_bright_T4b_mid+0=311579.2812  sbar_bright_T4c_mid+0=363856.6562  sbar_bright_T4d_mid+0=366538.5000  sbar_bright_T5a_mid+0=96615.9688  sbar_bright_T5b_mid+0=125481.9609  sbar_bright_T5c_mid+0=129410.2109  sbar_bright_T5d_mid+0=119138.8672  sbar_bright_T4a_mid+1=240953.0469  sbar_bright_T4b_mid+1=236787.2812  sbar_bright_T4c_mid+1=248986.7969  sbar_bright_T4d_mid+1=250109.6250  sbar_bright_T5a_mid+1=129640.7266  sbar_bright_T5b_mid+1=152099.3906  sbar_bright_T5c_mid+1=123074.7656  sbar_bright_T5d_mid+1=148630.0938  sbar_bright_T4a_mid+2=84972.1406  sbar_bright_T4b_mid+2=148295.8438  sbar_bright_T4c_mid+2=76262.0078  sbar_bright_T4d_mid+2=84083.2109  sbar_bright_T5a_mid+2=305856.3438  sbar_bright_T5b_mid+2=288575.0625  sbar_bright_T5c_mid+2=275601.3125  sbar_bright_T5d_mid+2=297393.2188  sbar_bright_T4a_mid-1=1780885.7500  sbar_bright_T4b_mid-1=1254966.0000  sbar_bright_T4c_mid-1=1641679.8750  sbar_bright_T4d_mid-1=1848371.0000  sbar_bright_T5a_mid-1=377336.3125  sbar_bright_T5b_mid-1=380092.1875  sbar_bright_T5c_mid-1=367908.1562  sbar_bright_T5d_mid-1=406425.1250  sbar_bright_T4a_mid-2=415979.8750  sbar_bright_T4b_mid-2=299844.7812  sbar_bright_T4c_mid-2=374517.0000  sbar_bright_T4d_mid-2=393131.4688  sbar_bright_T5b_mid-2=130641.6094  sbar_bright_T5c_mid-2=107406.0469  sbar_bright_T5d_mid-2=128044.1250  sbar_bright_T5a_mid-2=119841.7344  sbar_bright_T4a_mid-1.5=202876.2031  sbar_bright_T4b_mid-1.5=199555.8750  sbar_bright_T4c_mid-1.5=195081.1406  sbar_bright_T4d_mid-1.5=268314.8750  sbar_bright_T5a_mid-1.5=130251.2578  sbar_bright_T5b_mid-1.5=139796.7188  sbar_bright_T5c_mid-1.5=129271.6094  sbar_bright_T5d_mid-1.5=123880.3281  sbar_bright_T4a_mid-0.5=901031.5625  sbar_bright_T4b_mid-0.5=977190.4375  sbar_bright_T4c_mid-0.5=1038787.6875  sbar_bright_T4d_mid-0.5=1116971.0000  sbar_bright_T5a_mid-0.5=141088.7812  sbar_bright_T5b_mid-0.5=162169.6875  sbar_bright_T5c_mid-0.5=118189.6328  sbar_bright_T5d_mid-0.5=150753.8125  sbar_bright_T4a_mid+0.5=157619.2500  sbar_bright_T4b_mid+0.5=92486.8438  sbar_bright_T4c_mid+0.5=120957.1484  sbar_bright_T4d_mid+0.5=98926.1641  sbar_bright_T5a_mid+0.5=50183.9805  sbar_bright_T5b_mid+0.5=57884.7383  sbar_bright_T5c_mid+0.5=42117.2539  sbar_bright_T5d_mid+0.5=41409.1758  sbar_bright_T4b_mid+1.5=79132.1562  sbar_bright_T4c_mid+1.5=109434.7734  sbar_bright_T4d_mid+1.5=59006.4062  sbar_bright_T5a_mid+1.5=63808.6523  sbar_bright_T5b_mid+1.5=65075.7930  sbar_bright_T5c_mid+1.5=63144.1289  sbar_bright_T5d_mid+1.5=55297.9844  sbar_bright_T4a_mid+1.5=68863.0469  sbar_dark_T4a_mid+0=60756.9414  sbar_dark_T4b_mid+0=63795.9570  sbar_dark_T4c_mid+0=94219.8125  sbar_dark_T4d_mid+0=89353.5469  sbar_dark_T5a_mid+0=409994.6562  sbar_dark_T5b_mid+0=379979.4062  sbar_dark_T5c_mid+0=344034.1250  sbar_dark_T5d_mid+0=424612.6562  sbar_dark_T4a_mid+1=80282.9531  sbar_dark_T4b_mid+1=37280.1289  sbar_dark_T4c_mid+1=47613.4961  sbar_dark_T4d_mid+1=77574.3438  sbar_dark_T5a_mid+1=335863.4688  sbar_dark_T5b_mid+1=228817.9531  sbar_dark_T5c_mid+1=276751.8438  sbar_dark_T5d_mid+1=216708.7656  sbar_dark_T4a_mid+2=59339.0078  sbar_dark_T4b_mid+2=98100.9453  sbar_dark_T4c_mid+2=76097.1172  sbar_dark_T4d_mid+2=43005.1172  sbar_dark_T5a_mid+2=349992.1875  sbar_dark_T5b_mid+2=356799.3750  sbar_dark_T5c_mid+2=304020.6250  sbar_dark_T5d_mid+2=338907.4375  sbar_dark_T4a_mid-1=232605.7031  sbar_dark_T4b_mid-1=166532.6250  sbar_dark_T4c_mid-1=120873.1328  sbar_dark_T4d_mid-1=173509.0000  sbar_dark_T5a_mid-1=1564844.1250  sbar_dark_T5b_mid-1=1518116.1250  sbar_dark_T5c_mid-1=1395086.6250  sbar_dark_T5d_mid-1=1792864.7500  sbar_dark_T4a_mid-2=77615.6719  sbar_dark_T4b_mid-2=79251.5781  sbar_dark_T4c_mid-2=78228.2422  sbar_dark_T4d_mid-2=66078.6094  sbar_dark_T5b_mid-2=1062566.2500  sbar_dark_T5c_mid-2=871333.7500  sbar_dark_T5d_mid-2=1007076.4375  sbar_dark_T5a_mid-2=884572.5625  sbar_dark_T4a_mid-1.5=22585.8945  sbar_dark_T4b_mid-1.5=31257.2441  sbar_dark_T4c_mid-1.5=31947.8145  sbar_dark_T4d_mid-1.5=12361.9346  sbar_dark_T5a_mid-1.5=339055.6250  sbar_dark_T5b_mid-1.5=382571.7812  sbar_dark_T5c_mid-1.5=359230.0000  sbar_dark_T5d_mid-1.5=335189.4688  sbar_dark_T4a_mid-0.5=53877.6094  sbar_dark_T4b_mid-0.5=55767.3242  sbar_dark_T4c_mid-0.5=87696.8594  sbar_dark_T4d_mid-0.5=42274.5000  sbar_dark_T5a_mid-0.5=538491.6250  sbar_dark_T5b_mid-0.5=745668.6250  sbar_dark_T5c_mid-0.5=408296.0000  sbar_dark_T5d_mid-0.5=729474.1875  sbar_dark_T4a_mid+0.5=26090.1211  sbar_dark_T4b_mid+0.5=56039.1562  sbar_dark_T4c_mid+0.5=21816.7441  sbar_dark_T4d_mid+0.5=54977.5586  sbar_dark_T5a_mid+0.5=93157.2656  sbar_dark_T5b_mid+0.5=82572.2891  sbar_dark_T5c_mid+0.5=93174.9688  sbar_dark_T5d_mid+0.5=84116.7969  sbar_dark_T4b_mid+1.5=19824.4414  sbar_dark_T4c_mid+1.5=20019.5762  sbar_dark_T4d_mid+1.5=13726.1172  sbar_dark_T5a_mid+1.5=54228.2578  sbar_dark_T5b_mid+1.5=56965.7539  sbar_dark_T5c_mid+1.5=58203.8633  sbar_dark_T5d_mid+1.5=49664.1992  sbar_dark_T4a_mid+1.5=17162.7676]:    50%|█████     | 500/1000 [05:24<05:23,  1.55it/s] Cost: 373850.0938  [spread_bright_L5=1447637.6250  spread_bright_Mi1=1091430.1250  spread_bright_Tm3=1056916.1250  spread_bright_Mi4=1444375.3750  spread_dark_L1=981704.6250  spread_dark_L2=1072047.8750  spread_dark_L3=668368.5000  spread_dark_L4=2609815.0000  spread_dark_Mi9=1022631.9375  spread_dark_Tm1=745057.3125  spread_dark_Tm2=939880.9375  spread_dark_Tm4=1236565.7500  spread_dark_Tm9=1380029.1250  sbar_bright_T4a_mid+0=333172.2812  sbar_bright_T4b_mid+0=308711.4062  sbar_bright_T4c_mid+0=357372.4688  sbar_bright_T4d_mid+0=363412.3750  sbar_bright_T5a_mid+0=96825.9453  sbar_bright_T5b_mid+0=126022.1562  sbar_bright_T5c_mid+0=130246.8906  sbar_bright_T5d_mid+0=120133.8281  sbar_bright_T4a_mid+1=245166.7812  sbar_bright_T4b_mid+1=238644.9375  sbar_bright_T4c_mid+1=254127.2812  sbar_bright_T4d_mid+1=250737.6875  sbar_bright_T5a_mid+1=129050.6562  sbar_bright_T5b_mid+1=152421.8438  sbar_bright_T5c_mid+1=124236.4062  sbar_bright_T5d_mid+1=148866.7188  sbar_bright_T4a_mid+2=89953.6953  sbar_bright_T4b_mid+2=153446.3125  sbar_bright_T4c_mid+2=79690.7734  sbar_bright_T4d_mid+2=84553.1016  sbar_bright_T5a_mid+2=305212.7188  sbar_bright_T5b_mid+2=289092.4375  sbar_bright_T5c_mid+2=276638.4375  sbar_bright_T5d_mid+2=297693.8438  sbar_bright_T4a_mid-1=1753480.6250  sbar_bright_T4b_mid-1=1242021.7500  sbar_bright_T4c_mid-1=1625500.8750  sbar_bright_T4d_mid-1=1843432.5000  sbar_bright_T5a_mid-1=377904.9688  sbar_bright_T5b_mid-1=380854.8750  sbar_bright_T5c_mid-1=368487.0000  sbar_bright_T5d_mid-1=407299.6562  sbar_bright_T4a_mid-2=409783.6875  sbar_bright_T4b_mid-2=295871.1875  sbar_bright_T4c_mid-2=368166.9688  sbar_bright_T4d_mid-2=391304.4375  sbar_bright_T5b_mid-2=130700.0781  sbar_bright_T5c_mid-2=107748.3594  sbar_bright_T5d_mid-2=128419.3359  sbar_bright_T5a_mid-2=119616.9844  sbar_bright_T4a_mid-1.5=199521.3281  sbar_bright_T4b_mid-1.5=196628.0156  sbar_bright_T4c_mid-1.5=192825.9062  sbar_bright_T4d_mid-1.5=267529.1250  sbar_bright_T5a_mid-1.5=130214.6641  sbar_bright_T5b_mid-1.5=139579.4375  sbar_bright_T5c_mid-1.5=129670.9688  sbar_bright_T5d_mid-1.5=123935.5469  sbar_bright_T4a_mid-0.5=887021.3125  sbar_bright_T4b_mid-0.5=967500.8125  sbar_bright_T4c_mid-0.5=1029485.8750  sbar_bright_T4d_mid-0.5=1113381.3750  sbar_bright_T5a_mid-0.5=140920.7969  sbar_bright_T5b_mid-0.5=162327.5625  sbar_bright_T5c_mid-0.5=118346.7422  sbar_bright_T5d_mid-0.5=151434.2656  sbar_bright_T4a_mid+0.5=152865.7656  sbar_bright_T4b_mid+0.5=90465.9219  sbar_bright_T4c_mid+0.5=119945.8906  sbar_bright_T4d_mid+0.5=98683.0938  sbar_bright_T5a_mid+0.5=50234.4648  sbar_bright_T5b_mid+0.5=58022.8438  sbar_bright_T5c_mid+0.5=42155.3906  sbar_bright_T5d_mid+0.5=41512.8906  sbar_bright_T4b_mid+1.5=81305.9688  sbar_bright_T4c_mid+1.5=112793.3906  sbar_bright_T4d_mid+1.5=59794.9570  sbar_bright_T5a_mid+1.5=63908.2461  sbar_bright_T5b_mid+1.5=65210.9141  sbar_bright_T5c_mid+1.5=63612.0234  sbar_bright_T5d_mid+1.5=55755.0742  sbar_bright_T4a_mid+1.5=72835.4062  sbar_dark_T4a_mid+0=62484.7188  sbar_dark_T4b_mid+0=67997.8281  sbar_dark_T4c_mid+0=94814.8281  sbar_dark_T4d_mid+0=88006.8906  sbar_dark_T5a_mid+0=414712.5938  sbar_dark_T5b_mid+0=378869.9062  sbar_dark_T5c_mid+0=341902.0312  sbar_dark_T5d_mid+0=422943.4688  sbar_dark_T4a_mid+1=82495.6562  sbar_dark_T4b_mid+1=39597.5859  sbar_dark_T4c_mid+1=49257.9531  sbar_dark_T4d_mid+1=77146.7500  sbar_dark_T5a_mid+1=345371.2500  sbar_dark_T5b_mid+1=229384.9688  sbar_dark_T5c_mid+1=277735.8125  sbar_dark_T5d_mid+1=216890.1719  sbar_dark_T4a_mid+2=65031.7539  sbar_dark_T4b_mid+2=102664.5547  sbar_dark_T4c_mid+2=80213.7266  sbar_dark_T4d_mid+2=44763.9336  sbar_dark_T5a_mid+2=348845.0938  sbar_dark_T5b_mid+2=357183.4375  sbar_dark_T5c_mid+2=304613.2812  sbar_dark_T5d_mid+2=339431.1250  sbar_dark_T4a_mid-1=245903.0000  sbar_dark_T4b_mid-1=172667.7969  sbar_dark_T4c_mid-1=124956.0000  sbar_dark_T4d_mid-1=176126.9531  sbar_dark_T5a_mid-1=1552763.1250  sbar_dark_T5b_mid-1=1508885.1250  sbar_dark_T5c_mid-1=1388362.2500  sbar_dark_T5d_mid-1=1790905.6250  sbar_dark_T4a_mid-2=82205.7578  sbar_dark_T4b_mid-2=84500.1953  sbar_dark_T4c_mid-2=81863.3359  sbar_dark_T4d_mid-2=69362.4531  sbar_dark_T5b_mid-2=1062032.1250  sbar_dark_T5c_mid-2=869054.4375  sbar_dark_T5d_mid-2=1007023.6250  sbar_dark_T5a_mid-2=881509.1250  sbar_dark_T4a_mid-1.5=24109.7754  sbar_dark_T4b_mid-1.5=33143.1094  sbar_dark_T4c_mid-1.5=33731.0547  sbar_dark_T4d_mid-1.5=12483.4658  sbar_dark_T5a_mid-1.5=338434.1875  sbar_dark_T5b_mid-1.5=382039.7812  sbar_dark_T5c_mid-1.5=359990.8125  sbar_dark_T5d_mid-1.5=335158.0312  sbar_dark_T4a_mid-0.5=56281.3750  sbar_dark_T4b_mid-0.5=58367.0898  sbar_dark_T4c_mid-0.5=90316.5938  sbar_dark_T4d_mid-0.5=44250.7539  sbar_dark_T5a_mid-0.5=533365.1875  sbar_dark_T5b_mid-0.5=741259.0625  sbar_dark_T5c_mid-0.5=404143.7812  sbar_dark_T5d_mid-0.5=726859.1875  sbar_dark_T4a_mid+0.5=27528.6797  sbar_dark_T4b_mid+0.5=56857.3320  sbar_dark_T4c_mid+0.5=22575.8379  sbar_dark_T4d_mid+0.5=53542.3555  sbar_dark_T5a_mid+0.5=92577.6016  sbar_dark_T5b_mid+0.5=82393.9844  sbar_dark_T5c_mid+0.5=93107.5391  sbar_dark_T5d_mid+0.5=84303.2344  sbar_dark_T4b_mid+1.5=21056.8965  sbar_dark_T4c_mid+1.5=21124.9219  sbar_dark_T4d_mid+1.5=14632.2178  sbar_dark_T5a_mid+1.5=54338.3398  sbar_dark_T5b_mid+1.5=57084.4727  sbar_dark_T5c_mid+1.5=58293.5742  sbar_dark_T5d_mid+1.5=49808.4258  sbar_dark_T4a_mid+1.5=18923.7480]:  51%|█████     | 510/1000 [05:31<05:18,  1.54it/s] Cost: 372982.5000  [spread_bright_L5=1440358.6250  spread_bright_Mi1=1072418.7500  spread_bright_Tm3=1050259.0000  spread_bright_Mi4=1429676.3750  spread_dark_L1=989364.3750  spread_dark_L2=1071807.7500  spread_dark_L3=671723.8125  spread_dark_L4=2594536.7500  spread_dark_Mi9=1021678.9375  spread_dark_Tm1=732098.5000  spread_dark_Tm2=926426.3125  spread_dark_Tm4=1226708.3750  spread_dark_Tm9=1385104.1250  sbar_bright_T4a_mid+0=332262.6562  sbar_bright_T4b_mid+0=308162.5938  sbar_bright_T4c_mid+0=358334.1250  sbar_bright_T4d_mid+0=365450.0312  sbar_bright_T5a_mid+0=96453.8438  sbar_bright_T5b_mid+0=126707.7031  sbar_bright_T5c_mid+0=130907.3984  sbar_bright_T5d_mid+0=120337.1562  sbar_bright_T4a_mid+1=244126.8750  sbar_bright_T4b_mid+1=238260.7500  sbar_bright_T4c_mid+1=253435.1719  sbar_bright_T4d_mid+1=248500.8125  sbar_bright_T5a_mid+1=128260.4844  sbar_bright_T5b_mid+1=152084.8750  sbar_bright_T5c_mid+1=123671.8750  sbar_bright_T5d_mid+1=148220.9531  sbar_bright_T4a_mid+2=89651.2422  sbar_bright_T4b_mid+2=151521.2031  sbar_bright_T4c_mid+2=79273.7266  sbar_bright_T4d_mid+2=83252.1250  sbar_bright_T5a_mid+2=303606.9062  sbar_bright_T5b_mid+2=288175.0938  sbar_bright_T5c_mid+2=274991.9375  sbar_bright_T5d_mid+2=296464.3125  sbar_bright_T4a_mid-1=1751584.0000  sbar_bright_T4b_mid-1=1240322.0000  sbar_bright_T4c_mid-1=1621004.0000  sbar_bright_T4d_mid-1=1842241.5000  sbar_bright_T5a_mid-1=377213.3125  sbar_bright_T5b_mid-1=381417.8125  sbar_bright_T5c_mid-1=369396.8750  sbar_bright_T5d_mid-1=407456.2188  sbar_bright_T4a_mid-2=407621.3750  sbar_bright_T4b_mid-2=293785.2188  sbar_bright_T4c_mid-2=366233.1250  sbar_bright_T4d_mid-2=390094.2812  sbar_bright_T5b_mid-2=130432.7422  sbar_bright_T5c_mid-2=107612.1875  sbar_bright_T5d_mid-2=128046.6172  sbar_bright_T5a_mid-2=118719.8750  sbar_bright_T4a_mid-1.5=199139.0938  sbar_bright_T4b_mid-1.5=197041.2188  sbar_bright_T4c_mid-1.5=191887.8438  sbar_bright_T4d_mid-1.5=268071.5312  sbar_bright_T5a_mid-1.5=129845.1875  sbar_bright_T5b_mid-1.5=139669.5312  sbar_bright_T5c_mid-1.5=129023.4609  sbar_bright_T5d_mid-1.5=123863.3125  sbar_bright_T4a_mid-0.5=885907.5000  sbar_bright_T4b_mid-0.5=968566.5000  sbar_bright_T4c_mid-0.5=1027858.3750  sbar_bright_T4d_mid-0.5=1116142.6250  sbar_bright_T5a_mid-0.5=140494.8281  sbar_bright_T5b_mid-0.5=162414.7344  sbar_bright_T5c_mid-0.5=118631.0469  sbar_bright_T5d_mid-0.5=151197.0312  sbar_bright_T4a_mid+0.5=154064.2969  sbar_bright_T4b_mid+0.5=91166.4766  sbar_bright_T4c_mid+0.5=120447.9453  sbar_bright_T4d_mid+0.5=98451.5156  sbar_bright_T5a_mid+0.5=49755.6445  sbar_bright_T5b_mid+0.5=57938.3320  sbar_bright_T5c_mid+0.5=41964.6445  sbar_bright_T5d_mid+0.5=41286.1914  sbar_bright_T4b_mid+1.5=80412.1719  sbar_bright_T4c_mid+1.5=112892.8906  sbar_bright_T4d_mid+1.5=58489.5898  sbar_bright_T5a_mid+1.5=63355.0664  sbar_bright_T5b_mid+1.5=65081.0508  sbar_bright_T5c_mid+1.5=62914.1875  sbar_bright_T5d_mid+1.5=55356.5898  sbar_bright_T4a_mid+1.5=71900.9688  sbar_dark_T4a_mid+0=62664.7109  sbar_dark_T4b_mid+0=67379.4062  sbar_dark_T4c_mid+0=94265.7188  sbar_dark_T4d_mid+0=87942.1875  sbar_dark_T5a_mid+0=428973.5000  sbar_dark_T5b_mid+0=374978.7188  sbar_dark_T5c_mid+0=340883.3125  sbar_dark_T5d_mid+0=424671.8125  sbar_dark_T4a_mid+1=81420.7188  sbar_dark_T4b_mid+1=39087.1289  sbar_dark_T4c_mid+1=49295.4570  sbar_dark_T4d_mid+1=76277.2109  sbar_dark_T5a_mid+1=347044.4375  sbar_dark_T5b_mid+1=229322.6406  sbar_dark_T5c_mid+1=276701.4375  sbar_dark_T5d_mid+1=215827.9688  sbar_dark_T4a_mid+2=64404.3984  sbar_dark_T4b_mid+2=101526.3594  sbar_dark_T4c_mid+2=79955.6641  sbar_dark_T4d_mid+2=44286.6836  sbar_dark_T5a_mid+2=347739.4062  sbar_dark_T5b_mid+2=356740.4688  sbar_dark_T5c_mid+2=303764.0000  sbar_dark_T5d_mid+2=337972.7500  sbar_dark_T4a_mid-1=244667.5000  sbar_dark_T4b_mid-1=171933.8750  sbar_dark_T4c_mid-1=125291.4062  sbar_dark_T4d_mid-1=175069.8281  sbar_dark_T5a_mid-1=1545093.6250  sbar_dark_T5b_mid-1=1512600.2500  sbar_dark_T5c_mid-1=1390687.7500  sbar_dark_T5d_mid-1=1789363.2500  sbar_dark_T4a_mid-2=83416.4609  sbar_dark_T4b_mid-2=85285.4141  sbar_dark_T4c_mid-2=83077.3594  sbar_dark_T4d_mid-2=70089.6562  sbar_dark_T5b_mid-2=1061159.5000  sbar_dark_T5c_mid-2=869040.5000  sbar_dark_T5d_mid-2=1005718.8125  sbar_dark_T5a_mid-2=878776.0625  sbar_dark_T4a_mid-1.5=24255.4551  sbar_dark_T4b_mid-1.5=33139.4414  sbar_dark_T4c_mid-1.5=34222.5352  sbar_dark_T4d_mid-1.5=12394.3037  sbar_dark_T5a_mid-1.5=337215.4062  sbar_dark_T5b_mid-1.5=382297.7500  sbar_dark_T5c_mid-1.5=358031.8438  sbar_dark_T5d_mid-1.5=335013.6250  sbar_dark_T4a_mid-0.5=55102.6133  sbar_dark_T4b_mid-0.5=57880.6094  sbar_dark_T4c_mid-0.5=89298.9922  sbar_dark_T4d_mid-0.5=43662.4102  sbar_dark_T5a_mid-0.5=530341.1250  sbar_dark_T5b_mid-0.5=743899.5000  sbar_dark_T5c_mid-0.5=406375.8750  sbar_dark_T5d_mid-0.5=724989.2500  sbar_dark_T4a_mid+0.5=26939.4531  sbar_dark_T4b_mid+0.5=55877.1680  sbar_dark_T4c_mid+0.5=22364.8105  sbar_dark_T4d_mid+0.5=52203.7578  sbar_dark_T5a_mid+0.5=91833.3438  sbar_dark_T5b_mid+0.5=82824.3125  sbar_dark_T5c_mid+0.5=92403.2031  sbar_dark_T5d_mid+0.5=83811.1328  sbar_dark_T4b_mid+1.5=20983.4414  sbar_dark_T4c_mid+1.5=21140.6426  sbar_dark_T4d_mid+1.5=14337.1162  sbar_dark_T5a_mid+1.5=54192.6055  sbar_dark_T5b_mid+1.5=57239.3125  sbar_dark_T5c_mid+1.5=58448.2461  sbar_dark_T5d_mid+1.5=49780.8398  sbar_dark_T4a_mid+1.5=18656.8262]:  52%|█████▏    | 520/1000 [05:37<05:11,  1.54it/s] Cost: 372359.2812  [spread_bright_L5=1435234.3750  spread_bright_Mi1=1058453.0000  spread_bright_Tm3=1043661.6875  spread_bright_Mi4=1425218.7500  spread_dark_L1=990146.9375  spread_dark_L2=1080630.6250  spread_dark_L3=674440.3750  spread_dark_L4=2556496.5000  spread_dark_Mi9=1016940.6250  spread_dark_Tm1=733098.0625  spread_dark_Tm2=915145.6250  spread_dark_Tm4=1219154.8750  spread_dark_Tm9=1377545.2500  sbar_bright_T4a_mid+0=328821.0312  sbar_bright_T4b_mid+0=307389.7812  sbar_bright_T4c_mid+0=358614.6875  sbar_bright_T4d_mid+0=360329.3125  sbar_bright_T5a_mid+0=96701.8750  sbar_bright_T5b_mid+0=126700.6562  sbar_bright_T5c_mid+0=130928.3828  sbar_bright_T5d_mid+0=120675.3203  sbar_bright_T4a_mid+1=244027.2188  sbar_bright_T4b_mid+1=237626.1719  sbar_bright_T4c_mid+1=251720.5000  sbar_bright_T4d_mid+1=251215.1875  sbar_bright_T5a_mid+1=128744.8125  sbar_bright_T5b_mid+1=151645.3281  sbar_bright_T5c_mid+1=123202.7500  sbar_bright_T5d_mid+1=148066.0625  sbar_bright_T4a_mid+2=88723.5547  sbar_bright_T4b_mid+2=148375.6094  sbar_bright_T4c_mid+2=77527.9922  sbar_bright_T4d_mid+2=84345.0391  sbar_bright_T5a_mid+2=304120.9062  sbar_bright_T5b_mid+2=287921.3438  sbar_bright_T5c_mid+2=274349.8750  sbar_bright_T5d_mid+2=296316.8750  sbar_bright_T4a_mid-1=1749177.3750  sbar_bright_T4b_mid-1=1244842.8750  sbar_bright_T4c_mid-1=1623687.5000  sbar_bright_T4d_mid-1=1835656.8750  sbar_bright_T5a_mid-1=377725.0000  sbar_bright_T5b_mid-1=381273.4062  sbar_bright_T5c_mid-1=369276.6250  sbar_bright_T5d_mid-1=407807.4062  sbar_bright_T4a_mid-2=406169.7500  sbar_bright_T4b_mid-2=295210.1562  sbar_bright_T4c_mid-2=367767.1562  sbar_bright_T4d_mid-2=388490.9062  sbar_bright_T5b_mid-2=130229.1641  sbar_bright_T5c_mid-2=107516.1953  sbar_bright_T5d_mid-2=128041.9062  sbar_bright_T5a_mid-2=119026.2344  sbar_bright_T4a_mid-1.5=198899.2188  sbar_bright_T4b_mid-1.5=197129.7188  sbar_bright_T4c_mid-1.5=191668.8438  sbar_bright_T4d_mid-1.5=267700.5312  sbar_bright_T5a_mid-1.5=129903.3047  sbar_bright_T5b_mid-1.5=139612.4062  sbar_bright_T5c_mid-1.5=128867.4688  sbar_bright_T5d_mid-1.5=123830.4766  sbar_bright_T4a_mid-0.5=887085.3750  sbar_bright_T4b_mid-0.5=970359.0000  sbar_bright_T4c_mid-0.5=1031613.1250  sbar_bright_T4d_mid-0.5=1113764.1250  sbar_bright_T5a_mid-0.5=140670.6406  sbar_bright_T5b_mid-0.5=162176.8750  sbar_bright_T5c_mid-0.5=118332.8125  sbar_bright_T5d_mid-0.5=150913.1875  sbar_bright_T4a_mid+0.5=154857.2031  sbar_bright_T4b_mid+0.5=91688.6797  sbar_bright_T4c_mid+0.5=120468.2656  sbar_bright_T4d_mid+0.5=98331.6562  sbar_bright_T5a_mid+0.5=49803.1523  sbar_bright_T5b_mid+0.5=57778.6289  sbar_bright_T5c_mid+0.5=41666.3984  sbar_bright_T5d_mid+0.5=41236.6875  sbar_bright_T4b_mid+1.5=78827.9766  sbar_bright_T4c_mid+1.5=111222.4844  sbar_bright_T4d_mid+1.5=59176.7930  sbar_bright_T5a_mid+1.5=63382.7773  sbar_bright_T5b_mid+1.5=64906.7891  sbar_bright_T5c_mid+1.5=62743.4062  sbar_bright_T5d_mid+1.5=55337.1055  sbar_bright_T4a_mid+1.5=71441.0391  sbar_dark_T4a_mid+0=62076.1562  sbar_dark_T4b_mid+0=66302.2578  sbar_dark_T4c_mid+0=93997.4531  sbar_dark_T4d_mid+0=88599.1328  sbar_dark_T5a_mid+0=426610.2812  sbar_dark_T5b_mid+0=380355.7500  sbar_dark_T5c_mid+0=344241.6875  sbar_dark_T5d_mid+0=423071.0625  sbar_dark_T4a_mid+1=81890.8438  sbar_dark_T4b_mid+1=38472.1250  sbar_dark_T4c_mid+1=48992.4141  sbar_dark_T4d_mid+1=77058.3047  sbar_dark_T5a_mid+1=343578.9062  sbar_dark_T5b_mid+1=228717.4062  sbar_dark_T5c_mid+1=279498.8438  sbar_dark_T5d_mid+1=214888.8438  sbar_dark_T4a_mid+2=64130.9531  sbar_dark_T4b_mid+2=100061.8438  sbar_dark_T4c_mid+2=78971.0547  sbar_dark_T4d_mid+2=44876.3008  sbar_dark_T5a_mid+2=348331.9375  sbar_dark_T5b_mid+2=356376.8750  sbar_dark_T5c_mid+2=303533.6562  sbar_dark_T5d_mid+2=337555.2500  sbar_dark_T4a_mid-1=244475.7656  sbar_dark_T4b_mid-1=171670.6250  sbar_dark_T4c_mid-1=125377.3828  sbar_dark_T4d_mid-1=178550.6875  sbar_dark_T5a_mid-1=1550240.6250  sbar_dark_T5b_mid-1=1510196.2500  sbar_dark_T5c_mid-1=1386156.3750  sbar_dark_T5d_mid-1=1789907.7500  sbar_dark_T4a_mid-2=84135.2422  sbar_dark_T4b_mid-2=85671.8359  sbar_dark_T4c_mid-2=82666.8516  sbar_dark_T4d_mid-2=70637.7969  sbar_dark_T5b_mid-2=1059993.7500  sbar_dark_T5c_mid-2=867479.6250  sbar_dark_T5d_mid-2=1005870.0000  sbar_dark_T5a_mid-2=880823.0000  sbar_dark_T4a_mid-1.5=24443.0703  sbar_dark_T4b_mid-1.5=33111.4922  sbar_dark_T4c_mid-1.5=34332.4883  sbar_dark_T4d_mid-1.5=12596.2979  sbar_dark_T5a_mid-1.5=337511.6562  sbar_dark_T5b_mid-1.5=382023.9688  sbar_dark_T5c_mid-1.5=357933.2188  sbar_dark_T5d_mid-1.5=334928.6562  sbar_dark_T4a_mid-0.5=55492.8203  sbar_dark_T4b_mid-0.5=57599.2734  sbar_dark_T4c_mid-0.5=89525.1250  sbar_dark_T4d_mid-0.5=43201.1719  sbar_dark_T5a_mid-0.5=532602.5000  sbar_dark_T5b_mid-0.5=744116.1250  sbar_dark_T5c_mid-0.5=404942.8750  sbar_dark_T5d_mid-0.5=725809.7500  sbar_dark_T4a_mid+0.5=27132.2910  sbar_dark_T4b_mid+0.5=55949.0273  sbar_dark_T4c_mid+0.5=21966.1699  sbar_dark_T4d_mid+0.5=53616.6562  sbar_dark_T5a_mid+0.5=92196.6484  sbar_dark_T5b_mid+0.5=83258.9297  sbar_dark_T5c_mid+0.5=91369.2656  sbar_dark_T5d_mid+0.5=83469.7422  sbar_dark_T4b_mid+1.5=20380.3340  sbar_dark_T4c_mid+1.5=20598.1562  sbar_dark_T4d_mid+1.5=14387.9902  sbar_dark_T5a_mid+1.5=54238.2500  sbar_dark_T5b_mid+1.5=57250.6719  sbar_dark_T5c_mid+1.5=58543.6016  sbar_dark_T5d_mid+1.5=49801.3438  sbar_dark_T4a_mid+1.5=18480.9531]:  53%|█████▎    | 530/1000 [05:44<05:04,  1.54it/s] Cost: 371663.3750  [spread_bright_L5=1402209.7500  spread_bright_Mi1=1070377.8750  spread_bright_Tm3=1040357.3125  spread_bright_Mi4=1417340.8750  spread_dark_L1=986575.6250  spread_dark_L2=1090301.8750  spread_dark_L3=678264.6250  spread_dark_L4=2557681.0000  spread_dark_Mi9=1016342.3750  spread_dark_Tm1=715911.5000  spread_dark_Tm2=901024.4375  spread_dark_Tm4=1209753.5000  spread_dark_Tm9=1386887.1250  sbar_bright_T4a_mid+0=325178.1562  sbar_bright_T4b_mid+0=304725.7188  sbar_bright_T4c_mid+0=354489.5312  sbar_bright_T4d_mid+0=357812.0000  sbar_bright_T5a_mid+0=98638.1406  sbar_bright_T5b_mid+0=127816.8047  sbar_bright_T5c_mid+0=132691.6719  sbar_bright_T5d_mid+0=121759.9375  sbar_bright_T4a_mid+1=243877.6562  sbar_bright_T4b_mid+1=238474.8281  sbar_bright_T4c_mid+1=252391.2344  sbar_bright_T4d_mid+1=250993.3125  sbar_bright_T5a_mid+1=128971.1797  sbar_bright_T5b_mid+1=151894.2500  sbar_bright_T5c_mid+1=124041.9062  sbar_bright_T5d_mid+1=147962.5781  sbar_bright_T4a_mid+2=88680.7344  sbar_bright_T4b_mid+2=148988.3750  sbar_bright_T4c_mid+2=77877.0938  sbar_bright_T4d_mid+2=83248.9922  sbar_bright_T5a_mid+2=303077.3125  sbar_bright_T5b_mid+2=286985.9062  sbar_bright_T5c_mid+2=274160.2812  sbar_bright_T5d_mid+2=295781.1875  sbar_bright_T4a_mid-1=1745498.8750  sbar_bright_T4b_mid-1=1239332.2500  sbar_bright_T4c_mid-1=1620499.0000  sbar_bright_T4d_mid-1=1831608.6250  sbar_bright_T5a_mid-1=379140.9062  sbar_bright_T5b_mid-1=382457.8125  sbar_bright_T5c_mid-1=370933.1562  sbar_bright_T5d_mid-1=408329.1875  sbar_bright_T4a_mid-2=405655.9375  sbar_bright_T4b_mid-2=292677.9688  sbar_bright_T4c_mid-2=365738.1250  sbar_bright_T4d_mid-2=387409.1250  sbar_bright_T5b_mid-2=130203.7578  sbar_bright_T5c_mid-2=107458.3203  sbar_bright_T5d_mid-2=127615.8359  sbar_bright_T5a_mid-2=119032.6406  sbar_bright_T4a_mid-1.5=198043.6250  sbar_bright_T4b_mid-1.5=195355.4219  sbar_bright_T4c_mid-1.5=190081.7812  sbar_bright_T4d_mid-1.5=266131.0938  sbar_bright_T5a_mid-1.5=130034.2578  sbar_bright_T5b_mid-1.5=139502.0312  sbar_bright_T5c_mid-1.5=128698.0234  sbar_bright_T5d_mid-1.5=123654.9609  sbar_bright_T4a_mid-0.5=886077.7500  sbar_bright_T4b_mid-0.5=966479.8125  sbar_bright_T4c_mid-0.5=1027677.1875  sbar_bright_T4d_mid-0.5=1112807.6250  sbar_bright_T5a_mid-0.5=141281.6250  sbar_bright_T5b_mid-0.5=162312.7656  sbar_bright_T5c_mid-0.5=118697.3594  sbar_bright_T5d_mid-0.5=150822.5312  sbar_bright_T4a_mid+0.5=153933.7031  sbar_bright_T4b_mid+0.5=90159.5703  sbar_bright_T4c_mid+0.5=119851.8672  sbar_bright_T4d_mid+0.5=98234.7812  sbar_bright_T5a_mid+0.5=50162.5938  sbar_bright_T5b_mid+0.5=58081.7070  sbar_bright_T5c_mid+0.5=41987.4531  sbar_bright_T5d_mid+0.5=41194.0898  sbar_bright_T4b_mid+1.5=79922.9688  sbar_bright_T4c_mid+1.5=113207.5781  sbar_bright_T4d_mid+1.5=59674.4375  sbar_bright_T5a_mid+1.5=63036.9531  sbar_bright_T5b_mid+1.5=64518.8320  sbar_bright_T5c_mid+1.5=62427.7422  sbar_bright_T5d_mid+1.5=54887.9180  sbar_bright_T4a_mid+1.5=71912.3750  sbar_dark_T4a_mid+0=60327.1758  sbar_dark_T4b_mid+0=67016.0391  sbar_dark_T4c_mid+0=92359.1719  sbar_dark_T4d_mid+0=86715.2031  sbar_dark_T5a_mid+0=410500.7812  sbar_dark_T5b_mid+0=376445.8750  sbar_dark_T5c_mid+0=341401.3438  sbar_dark_T5d_mid+0=425519.4375  sbar_dark_T4a_mid+1=80711.2578  sbar_dark_T4b_mid+1=39288.0898  sbar_dark_T4c_mid+1=48973.9805  sbar_dark_T4d_mid+1=76805.7500  sbar_dark_T5a_mid+1=338560.4375  sbar_dark_T5b_mid+1=229061.5938  sbar_dark_T5c_mid+1=276432.4688  sbar_dark_T5d_mid+1=215199.3125  sbar_dark_T4a_mid+2=64129.2266  sbar_dark_T4b_mid+2=100980.2812  sbar_dark_T4c_mid+2=78797.7500  sbar_dark_T4d_mid+2=45088.7812  sbar_dark_T5a_mid+2=348394.8125  sbar_dark_T5b_mid+2=355663.3750  sbar_dark_T5c_mid+2=302692.5000  sbar_dark_T5d_mid+2=336690.2500  sbar_dark_T4a_mid-1=246862.4531  sbar_dark_T4b_mid-1=172753.4062  sbar_dark_T4c_mid-1=126030.8359  sbar_dark_T4d_mid-1=179492.2500  sbar_dark_T5a_mid-1=1555465.6250  sbar_dark_T5b_mid-1=1513080.7500  sbar_dark_T5c_mid-1=1385517.2500  sbar_dark_T5d_mid-1=1787558.8750  sbar_dark_T4a_mid-2=83927.3281  sbar_dark_T4b_mid-2=87621.3672  sbar_dark_T4c_mid-2=82971.9609  sbar_dark_T4d_mid-2=71152.4062  sbar_dark_T5b_mid-2=1059313.3750  sbar_dark_T5c_mid-2=866129.2500  sbar_dark_T5d_mid-2=1003646.1875  sbar_dark_T5a_mid-2=883156.5625  sbar_dark_T4a_mid-1.5=24736.3242  sbar_dark_T4b_mid-1.5=33869.5625  sbar_dark_T4c_mid-1.5=34825.9844  sbar_dark_T4d_mid-1.5=12769.8662  sbar_dark_T5a_mid-1.5=337767.3750  sbar_dark_T5b_mid-1.5=381798.1562  sbar_dark_T5c_mid-1.5=358110.4375  sbar_dark_T5d_mid-1.5=334624.4062  sbar_dark_T4a_mid-0.5=54651.2188  sbar_dark_T4b_mid-0.5=58235.3711  sbar_dark_T4c_mid-0.5=88854.4844  sbar_dark_T4d_mid-0.5=43852.4688  sbar_dark_T5a_mid-0.5=537257.4375  sbar_dark_T5b_mid-0.5=745420.1875  sbar_dark_T5c_mid-0.5=405589.2500  sbar_dark_T5d_mid-0.5=724258.9375  sbar_dark_T4a_mid+0.5=27179.0645  sbar_dark_T4b_mid+0.5=55484.5039  sbar_dark_T4c_mid+0.5=21911.6973  sbar_dark_T4d_mid+0.5=52625.1641  sbar_dark_T5a_mid+0.5=92364.9297  sbar_dark_T5b_mid+0.5=83890.4141  sbar_dark_T5c_mid+0.5=91370.8047  sbar_dark_T5d_mid+0.5=83835.2891  sbar_dark_T4b_mid+1.5=20791.1328  sbar_dark_T4c_mid+1.5=20993.5723  sbar_dark_T4d_mid+1.5=14735.6396  sbar_dark_T5a_mid+1.5=54315.5078  sbar_dark_T5b_mid+1.5=57385.6328  sbar_dark_T5c_mid+1.5=58623.7656  sbar_dark_T5d_mid+1.5=49875.9570  sbar_dark_T4a_mid+1.5=18723.9434]:  54%|█████▍    | 540/1000 [05:50<04:57,  1.55it/s] Cost: 370953.8750  [spread_bright_L5=1389555.0000  spread_bright_Mi1=1064863.8750  spread_bright_Tm3=1038605.7500  spread_bright_Mi4=1407311.3750  spread_dark_L1=993607.8125  spread_dark_L2=1099656.7500  spread_dark_L3=679978.5000  spread_dark_L4=2548551.5000  spread_dark_Mi9=1015352.1250  spread_dark_Tm1=703994.6250  spread_dark_Tm2=890697.6250  spread_dark_Tm4=1199125.6250  spread_dark_Tm9=1384470.6250  sbar_bright_T4a_mid+0=325461.1250  sbar_bright_T4b_mid+0=302907.2500  sbar_bright_T4c_mid+0=352455.3438  sbar_bright_T4d_mid+0=359194.6250  sbar_bright_T5a_mid+0=100214.3906  sbar_bright_T5b_mid+0=129806.9766  sbar_bright_T5c_mid+0=135165.8438  sbar_bright_T5d_mid+0=123585.4297  sbar_bright_T4a_mid+1=244862.7344  sbar_bright_T4b_mid+1=237990.0938  sbar_bright_T4c_mid+1=252642.2188  sbar_bright_T4d_mid+1=250217.3438  sbar_bright_T5a_mid+1=129045.2812  sbar_bright_T5b_mid+1=152253.2500  sbar_bright_T5c_mid+1=125481.5156  sbar_bright_T5d_mid+1=148132.7656  sbar_bright_T4a_mid+2=89773.3203  sbar_bright_T4b_mid+2=148995.9219  sbar_bright_T4c_mid+2=78435.8516  sbar_bright_T4d_mid+2=82697.0781  sbar_bright_T5a_mid+2=302137.6875  sbar_bright_T5b_mid+2=286417.5625  sbar_bright_T5c_mid+2=274149.8750  sbar_bright_T5d_mid+2=295313.4375  sbar_bright_T4a_mid-1=1732754.0000  sbar_bright_T4b_mid-1=1238884.7500  sbar_bright_T4c_mid-1=1616685.5000  sbar_bright_T4d_mid-1=1823409.7500  sbar_bright_T5a_mid-1=380461.1562  sbar_bright_T5b_mid-1=384516.3438  sbar_bright_T5c_mid-1=373659.2500  sbar_bright_T5d_mid-1=409255.5312  sbar_bright_T4a_mid-2=401616.0312  sbar_bright_T4b_mid-2=291543.6250  sbar_bright_T4c_mid-2=363469.6250  sbar_bright_T4d_mid-2=384972.5000  sbar_bright_T5b_mid-2=130004.2812  sbar_bright_T5c_mid-2=107905.6719  sbar_bright_T5d_mid-2=127422.1406  sbar_bright_T5a_mid-2=118573.5859  sbar_bright_T4a_mid-1.5=196342.7031  sbar_bright_T4b_mid-1.5=194835.1250  sbar_bright_T4c_mid-1.5=189387.8594  sbar_bright_T4d_mid-1.5=265630.4375  sbar_bright_T5a_mid-1.5=129869.1094  sbar_bright_T5b_mid-1.5=139357.9531  sbar_bright_T5c_mid-1.5=128738.9375  sbar_bright_T5d_mid-1.5=123504.0938  sbar_bright_T4a_mid-0.5=878767.2500  sbar_bright_T4b_mid-0.5=964161.3125  sbar_bright_T4c_mid-0.5=1025855.2500  sbar_bright_T4d_mid-0.5=1108966.2500  sbar_bright_T5a_mid-0.5=141886.8750  sbar_bright_T5b_mid-0.5=162597.0938  sbar_bright_T5c_mid-0.5=119719.9688  sbar_bright_T5d_mid-0.5=151307.3438  sbar_bright_T4a_mid+0.5=152047.4219  sbar_bright_T4b_mid+0.5=89715.3125  sbar_bright_T4c_mid+0.5=119614.4141  sbar_bright_T4d_mid+0.5=97411.2422  sbar_bright_T5a_mid+0.5=50365.6484  sbar_bright_T5b_mid+0.5=58554.6758  sbar_bright_T5c_mid+0.5=42300.1172  sbar_bright_T5d_mid+0.5=41427.6406  sbar_bright_T4b_mid+1.5=79843.3984  sbar_bright_T4c_mid+1.5=114720.9375  sbar_bright_T4d_mid+1.5=59691.9609  sbar_bright_T5a_mid+1.5=62618.3203  sbar_bright_T5b_mid+1.5=64252.5586  sbar_bright_T5c_mid+1.5=62208.6914  sbar_bright_T5d_mid+1.5=54629.2891  sbar_bright_T4a_mid+1.5=73561.8828  sbar_dark_T4a_mid+0=60454.5352  sbar_dark_T4b_mid+0=66543.4766  sbar_dark_T4c_mid+0=90698.1719  sbar_dark_T4d_mid+0=86965.4062  sbar_dark_T5a_mid+0=420864.4375  sbar_dark_T5b_mid+0=375705.6562  sbar_dark_T5c_mid+0=339356.9688  sbar_dark_T5d_mid+0=429755.4062  sbar_dark_T4a_mid+1=81019.1016  sbar_dark_T4b_mid+1=39553.3711  sbar_dark_T4c_mid+1=49059.5898  sbar_dark_T4d_mid+1=76685.4531  sbar_dark_T5a_mid+1=342243.4375  sbar_dark_T5b_mid+1=228472.2969  sbar_dark_T5c_mid+1=275573.7500  sbar_dark_T5d_mid+1=214657.7500  sbar_dark_T4a_mid+2=65797.1406  sbar_dark_T4b_mid+2=100515.2422  sbar_dark_T4c_mid+2=79412.6875  sbar_dark_T4d_mid+2=45688.2422  sbar_dark_T5a_mid+2=347151.4375  sbar_dark_T5b_mid+2=354600.8438  sbar_dark_T5c_mid+2=301178.2500  sbar_dark_T5d_mid+2=335372.4375  sbar_dark_T4a_mid-1=250496.9531  sbar_dark_T4b_mid-1=172049.6406  sbar_dark_T4c_mid-1=126769.1406  sbar_dark_T4d_mid-1=180618.4688  sbar_dark_T5a_mid-1=1546494.2500  sbar_dark_T5b_mid-1=1512553.5000  sbar_dark_T5c_mid-1=1381240.0000  sbar_dark_T5d_mid-1=1781986.8750  sbar_dark_T4a_mid-2=86038.9609  sbar_dark_T4b_mid-2=88666.1875  sbar_dark_T4c_mid-2=83802.9609  sbar_dark_T4d_mid-2=73132.9297  sbar_dark_T5b_mid-2=1057600.0000  sbar_dark_T5c_mid-2=864169.6875  sbar_dark_T5d_mid-2=1001019.3125  sbar_dark_T5a_mid-2=880623.7500  sbar_dark_T4a_mid-1.5=25459.0938  sbar_dark_T4b_mid-1.5=34263.2969  sbar_dark_T4c_mid-1.5=35374.4141  sbar_dark_T4d_mid-1.5=12864.3398  sbar_dark_T5a_mid-1.5=336643.6875  sbar_dark_T5b_mid-1.5=381361.0000  sbar_dark_T5c_mid-1.5=358234.6562  sbar_dark_T5d_mid-1.5=334070.2812  sbar_dark_T4a_mid-0.5=54637.3711  sbar_dark_T4b_mid-0.5=58529.8164  sbar_dark_T4c_mid-0.5=88047.2812  sbar_dark_T4d_mid-0.5=44568.0820  sbar_dark_T5a_mid-0.5=533838.3750  sbar_dark_T5b_mid-0.5=745621.8125  sbar_dark_T5c_mid-0.5=405024.8438  sbar_dark_T5d_mid-0.5=722180.9375  sbar_dark_T4a_mid+0.5=27565.2715  sbar_dark_T4b_mid+0.5=54359.9961  sbar_dark_T4c_mid+0.5=21809.0957  sbar_dark_T4d_mid+0.5=51814.5859  sbar_dark_T5a_mid+0.5=91382.1172  sbar_dark_T5b_mid+0.5=84137.4922  sbar_dark_T5c_mid+0.5=90615.0391  sbar_dark_T5d_mid+0.5=83997.2812  sbar_dark_T4b_mid+1.5=21019.8047  sbar_dark_T4c_mid+1.5=21328.3008  sbar_dark_T4d_mid+1.5=15102.0752  sbar_dark_T5a_mid+1.5=54046.1953  sbar_dark_T5b_mid+1.5=57361.4102  sbar_dark_T5c_mid+1.5=58482.9766  sbar_dark_T5d_mid+1.5=49788.9922  sbar_dark_T4a_mid+1.5=19496.1309]: [2026-08-25T04:16:18.105] error: *** JOB 29562508 ON spartan-gpgpu099 CANCELLED AT 2026-08-25T04:16:18 DUE to SIGNAL Terminated ***
