Job ID: 29586491
Node:   spartan-gpgpu099
GPU:    0
GPU 0: NVIDIA A100 80GB PCIe (UUID: GPU-322f5568-e44f-6ee4-45a8-e5d9489b443e)
GPU 1: NVIDIA A100 80GB PCIe (UUID: GPU-14844a85-9bf8-1cac-86bb-ab42ec5dba78)
  MIG 1g.20gb     Device  0: (UUID: MIG-ca7758cc-36b2-53c8-8bf7-fe711a703942)
GPU 2: NVIDIA A100 80GB PCIe (UUID: GPU-40730cdb-5070-f06f-e8e1-92c3b4bc8f18)
GPU 3: NVIDIA A100 80GB PCIe (UUID: GPU-705f91ce-5278-67b6-77ed-ac45a7d89e43)
cuda: True NVIDIA A100 80GB PCIe MIG 1g.20gb
Start:  Tue 25 Aug 2026 18:23:04 AEST
==== config ====
{'RUN_NAME': '29562242-run-n_iter-300-tasks-spread,sbar',
 'RUN_PATH': 'hp_lp/29562242-run-n_iter-300-tasks-spread,sbar',
 'MODEL': {'delta_ms': 2.0,
           'delta_ms_pre': 2.0,
           'cap': 40.0,
           'g_leak': 1.0,
           'e_exc': 10.0,
           'e_inh': -70.0,
           'e_h': 50.0,
           'h_g_max': 100.0,
           'gt_amp': 20.0,
           'v_clamp': 1000000.0,
           'a_syn_exc': 0.001,
           'a_syn_inh': 0.001,
           'euler': 'im'},
 'NEURON_SCHEMA': {'model': 'hp_lp',
                   'filter': 'none',
                   'syn_mode': 'per_cell',
                   'a_lo': 0.1,
                   'a_hi': 10.0,
                   'h_cells': ['L1', 'L2', 'L4', 'L5'],
                   'params': {'a_gt': {'lo': 0.5, 'hi': 2.0, 'init': 1.0, 'jit': 0.1, 'mode': 'indi'},
                              'bias_gt': {'lo': -200.0, 'hi': 200.0, 'init': 0.0, 'jit': 1.0, 'mode': 'indi'},
                              'syn_strength_cell': {'lo': 0.1,
                                                    'hi': 10.0,
                                                    'init': 1.0,
                                                    'jit': 0.1,
                                                    'mode': 'shared',
                                                    'modes': {'indi': 'Mi4:T4a,Mi4:T4b,Mi4:T4c,Mi4:T4d,Mi9:T4a,Mi9:T4b,Mi9:T4c,Mi9:T4d'}},
                              'syn_strength_edge': {'lo': 0.1, 'hi': 10.0, 'init': 1.0, 'jit': 0.1, 'mode': 'indi'},
                              'a_in': {'lo': 0.01, 'hi': 100.0, 'init': 1.0, 'jit': 0.1, 'mode': 'shared'},
                              'a_out': {'lo': 0.1, 'hi': 10.0, 'init': 1.0, 'jit': 0.1, 'mode': 'indi'},
                              'e_leak': {'lo': -50.0, 'hi': 50.0, 'init': 0.0, 'jit': 1.0, 'mode': 'indi'},
                              'v_th': {'lo': -100.0, 'hi': 100.0, 'init': -50.0, 'jit': 0.0, 'mode': 'indi'},
                              'tau_lp': {'lo': 10.0, 'hi': 100.0, 'init': 10.0, 'jit': 2.0, 'mode': 'indi'},
                              'tau_hp_rise': {'lo': 100.0, 'hi': 500.0, 'init': 200.0, 'jit': 20.0, 'mode': 'indi'},
                              'tau_hp_fall': {'lo': 100.0, 'hi': 500.0, 'init': 200.0, 'jit': 20.0, 'mode': 'indi'},
                              'a_h': {'lo': 0.0,
                                      'hi': 1.0,
                                      'init': 0.0,
                                      'inits': {'L1': 0.5, 'L2': 0.5, 'L4': 0.5, 'L5': 0.5},
                                      'jit': 0.1,
                                      'mode': 'indi'},
                              'v_mid_h_g': {'lo': -70.0, 'hi': -30.0, 'init': -50.0, 'jit': 5.0, 'mode': 'shared'},
                              'v_mid_h_tau': {'lo': -70.0, 'hi': -40.0, 'init': -50.0, 'jit': 5.0, 'mode': 'shared'},
                              'h_slope': {'lo': -0.4, 'hi': -0.2, 'init': -0.25, 'jit': 0.02, 'mode': 'shared'},
                              'a_h_rev': {'lo': 0.0,
                                          'hi': 1.0,
                                          'init': 0.0,
                                          'jit': 0.1,
                                          'mode': 'fixed',
                                          'modes': {'indi': 'L1,L2,L4,L5'}},
                              'v_mid_h_g_rev': {'lo': -70.0, 'hi': -30.0, 'init': -50.0, 'jit': 5.0, 'mode': 'shared'},
                              'v_mid_h_tau_rev': {'lo': -70.0,
                                                  'hi': -40.0,
                                                  'init': -50.0,
                                                  'jit': 5.0,
                                                  'mode': 'shared'},
                              'h_slope_rev': {'lo': -0.4, 'hi': -0.2, 'init': -0.25, 'jit': 0.02, 'mode': 'shared'},
                              'v_th_ca': {'lo': -100.0, 'hi': 100.0, 'init': -50.0, 'jit': 0.0, 'mode': 'indi'},
                              'a_ca': {'lo': 0.1, 'hi': 10.0, 'init': 1.0, 'jit': 0.1, 'mode': 'indi'},
                              'tau_ca': {'lo': 100.0, 'hi': 1000.0, 'init': 350.0, 'jit': 10.0, 'mode': 'indi'},
                              'a_sti_radius': {'lo': 0.0, 'hi': 1.0, 'init': 0.0, 'jit': 0.05, 'mode': 'indi'}}},
 'NEURON_FORWARD': {'pre_grad': True},
 'NETWORK_PATH': {'network': 'right_min_neuron1_r10'},
 'SPREAD_INPUT_SPEC': {'ms_pre': 20.0, 'ms_sti': 160.0, 'ms_response': 300.0, 'ms_post': 0.0},
 'SPREAD_GT': {'spread_gt_mode': 'pos'},
 'SPOT_INPUT_GEO': {'spot_radius': 1.0, 'fully_inside': True, 'multi_spot': True, 'shift_radius': 1.0},
 'SPOT_PACK': {'spot_cost_radii': [0, 1, 2],
               'a_sti_radii': [1, 2],
               'spot_cost_radius_scale': {0: 1.0, 1: 0.3333333333333333, 2: 0.3333333333333333}},
 'SBAR_INPUT_GEO': {'multi_bar': True, 'bar_dist': 4},
 'MBAR_INPUT_SPEC': {'ms_pre': 20.0, 'bar_ws_deg': [2.25, 9.0], 'bar_directions': ['right', 'left', 'up', 'down']},
 'TRAIN_CONFIG': {'tasks': ['sbar'],
                  'contrasts': ['bright', 'dark'],
                  'i_sti': {'bright': 40.0, 'dark': 0.0},
                  'gt_by_task': {'spread': ['L1',
                                            'L2',
                                            'L3',
                                            'L4',
                                            'L5',
                                            'Mi1',
                                            'Tm3',
                                            'Mi4',
                                            'Mi9',
                                            'Tm1',
                                            'Tm2',
                                            'Tm4',
                                            'Tm9'],
                                 'sbar': ['T4a', 'T4b', 'T4c', 'T4d', 'T5a', 'T5b', 'T5c', 'T5d']},
                  'cost_radius': None},
 'VAL_FROM': {'bias_gt': {'source': 'v_onset', 'enabled': True},
              'v_th_ca': {'source': 'v_th', 'enabled': False},
              'a_ca': {'source': 'a_out', 'enabled': False},
              'a_h_rev': {'source': 'a_h', 'enabled': False},
              'v_mid_h_g_rev': {'source': 'v_mid_h_g', 'enabled': False},
              'h_slope_rev': {'source': 'h_slope', 'enabled': False},
              'v_mid_h_tau_rev': {'source': 'v_mid_h_tau', 'enabled': False}},
 'TRAIN_OPTIMIZATION': {'part_cost_scales': {},
                        'cost_norm': 'a_gt2',
                        'cost_ms': None,
                        'pre_steady': 'solve',
                        'pre_steady_n_iter': 50,
                        'pre_steady_damp': 0.1,
                        'n_run': 1,
                        'n_iter': 0,
                        'lrs': [0.1],
                        'checkpoint_interval': 1000},
 'TRAIN_SESSION': {'fp': 32, 'sequential': False},
 'FIGURE_PLOT': {'html': False, 'plot_right_only': True, 'x': None, 'y': None, 'align_xy': None, 'ms_shown': None},
 'FIGURE_PLOT_STI_SPOT': {'spot_radii': [0.5, 1.0, 1.5, 2.0], 'output': None},
 'FIGURE_PLOT_STI_MBAR': {'output': None,
                          'gif': False,
                          'gif_output': None,
                          't_stride': 2,
                          't': None,
                          'direction': 'left'},
 'ANALYZE_RUNS': ['hp_lp/29562242-run-n_iter-300-tasks-spread,sbar'],
 'ANALYZE_CELL_DYNAMICS': {'cells': None,
                           'spec': None,
                           'node': None,
                           'radius': 0,
                           't_rel_start': None,
                           't_rel_stop': None,
                           'figure': True,
                           'json': False},
 'ANALYZE_SYN_SIGN': {'bins': 20, 'after_train': False, 'post': False},
 'ANALYZE_TRACE': {'trace_osc_min_f': 0.5,
                   'trace_osc_max_f': 20.0,
                   'trace_osc_peak_threshold': 0.5,
                   'trace_osc_z_threshold': 2.0,
                   'trace_osc_snr_min': 2.0,
                   'trace_drift_min_slope_mv_over_s': 1.0,
                   'trace_drift_min_r': 0.5,
                   'trace_baseline_ms': 200.0,
                   'trace_flat_max_abs': 0.5,
                   'trace_flat_v_peak_to_peak_max': 1.0,
                   'trace_flat_abs_mean': 0.2,
                   'check': None,
                   'baseline_ms_shown': None},
 'ANALYZE_COST_PART': {'part': None,
                       'cost_norm': None,
                       'stride': 1,
                       'per_node': False,
                       'csv': None,
                       'print_parts': False}}
==== end config ====
config: {'run_name': '29562242-run-n_iter-300-tasks-spread,sbar', 'run_path': 'hp_lp/${run_name}', 'delta_ms': 2.0, 'delta_ms_pre': 2.0, 'cap': 40.0, 'g_leak': 1.0, 'e_exc': 10.0, 'e_inh': -70.0, 'e_h': 50.0, 'h_g_max': 100.0, 'gt_amp': 20.0, 'v_clamp': 1000000.0, 'a_syn_exc': 0.001, 'a_syn_inh': 0.001, 'euler': 'im', 'model': 'hp_lp', 'filter': 'none', 'syn_mode': 'per_cell', 'a_lo': 0.1, 'a_hi': 10.0, 'h_cells': 'L1,L2,L4,L5', 'params': {'a_gt': {'lo': 0.5, 'hi': 2.0, 'init': 1.0, 'jit': 0.1, 'mode': 'indi'}, 'bias_gt': {'lo': -200.0, 'hi': 200.0, 'init': 0.0, 'jit': 1.0, 'mode': 'indi'}, 'syn_strength_cell': {'lo': 0.1, 'hi': 10.0, 'init': 1.0, 'jit': 0.1, 'mode': 'shared', 'modes': {'indi': 'Mi4:T4a,Mi4:T4b,Mi4:T4c,Mi4:T4d,Mi9:T4a,Mi9:T4b,Mi9:T4c,Mi9:T4d'}}, 'syn_strength_edge': {'lo': 0.1, 'hi': 10.0, 'init': 1.0, 'jit': 0.1, 'mode': 'indi'}, 'a_in': {'lo': 0.01, 'hi': 100.0, 'init': 1.0, 'jit': 0.1, 'mode': 'shared'}, 'a_out': {'lo': 0.1, 'hi': 10.0, 'init': 1.0, 'jit': 0.1, 'mode': 'indi'}, 'e_leak': {'lo': -50.0, 'hi': 50.0, 'init': 0.0, 'jit': 1.0, 'mode': 'indi'}, 'v_th': {'lo': -100.0, 'hi': 100.0, 'init': -50.0, 'jit': 0.0, 'mode': 'indi'}, 'tau_lp': {'lo': 10.0, 'hi': 100.0, 'init': 10.0, 'jit': 2.0, 'mode': 'indi'}, 'tau_hp_rise': {'lo': 100.0, 'hi': 500.0, 'init': 200.0, 'jit': 20.0, 'mode': 'indi'}, 'tau_hp_fall': {'lo': 100.0, 'hi': 500.0, 'init': 200.0, 'jit': 20.0, 'mode': 'indi'}, 'a_h': {'lo': 0.0, 'hi': 1.0, 'init': 0.0, 'inits': {'L1': 0.5, 'L2': 0.5, 'L4': 0.5, 'L5': 0.5}, 'jit': 0.1, 'mode': 'indi'}, 'v_mid_h_g': {'lo': -70.0, 'hi': -30.0, 'init': -50.0, 'jit': 5.0, 'mode': 'shared'}, 'v_mid_h_tau': {'lo': -70.0, 'hi': -40.0, 'init': -50.0, 'jit': 5.0, 'mode': 'shared'}, 'h_slope': {'lo': -0.4, 'hi': -0.2, 'init': -0.25, 'jit': 0.02, 'mode': 'shared'}, 'a_h_rev': {'lo': 0.0, 'hi': 1.0, 'init': 0.0, 'jit': 0.1, 'mode': 'fixed', 'modes': {'indi': '${h_cells}'}}, 'v_mid_h_g_rev': {'lo': -70.0, 'hi': -30.0, 'init': -50.0, 'jit': 5.0, 'mode': 'shared'}, 'v_mid_h_tau_rev': {'lo': -70.0, 'hi': -40.0, 'init': -50.0, 'jit': 5.0, 'mode': 'shared'}, 'h_slope_rev': {'lo': -0.4, 'hi': -0.2, 'init': -0.25, 'jit': 0.02, 'mode': 'shared'}, 'v_th_ca': {'lo': -100.0, 'hi': 100.0, 'init': -50.0, 'jit': 0.0, 'mode': 'indi'}, 'a_ca': {'lo': 0.1, 'hi': 10.0, 'init': 1.0, 'jit': 0.1, 'mode': 'indi'}, 'tau_ca': {'lo': 100.0, 'hi': 1000.0, 'init': 350.0, 'jit': 10.0, 'mode': 'indi'}, 'a_sti_radius': {'lo': 0.0, 'hi': 1.0, 'init': 0.0, 'jit': 0.05, 'mode': 'indi'}}, 'pre_grad': True, 'network': 'right_min_neuron1_r10', 'i_sti': {'bright': 40.0, 'dark': 0.0}, 'contrasts': 'bright,dark', 'ms_pre': 20.0, 'ms_sti': 160.0, 'ms_response': 300.0, 'ms_post': 0.0, 'spread_gt_mode': 'pos', 'spot_radius': 1.0, 'fully_inside': True, 'multi_spot': True, 'shift_radius': 1.0, 'spot_cost_radii': '0,1,2', 'a_sti_radii': '1,2', 'spot_cost_radius_scale': {0: 1.0, 1: 0.3333333333333333, 2: 0.3333333333333333}, 'multi_bar': True, 'bar_dist': 4, 'bar_ws_deg': '2.25,9.0', 'bar_directions': 'right,left,up,down', 'tasks': 'spread,sbar', 'gt_by_task': {'spread': ['L1', 'L2', 'L3', 'L4', 'L5', 'Mi1', 'Tm3', 'Mi4', 'Mi9', 'Tm1', 'Tm2', 'Tm4', 'Tm9'], 'sbar': ['T4a', 'T4b', 'T4c', 'T4d', 'T5a', 'T5b', 'T5c', 'T5d']}, 'cost_radius': None, 'param_vals': {}, 'val_from': {'bias_gt': {'source': 'v_onset', 'enabled': True}, 'v_th_ca': {'source': 'v_th', 'enabled': False}, 'a_ca': {'source': 'a_out', 'enabled': False}, 'a_h_rev': {'source': 'a_h', 'enabled': False}, 'v_mid_h_g_rev': {'source': 'v_mid_h_g', 'enabled': False}, 'h_slope_rev': {'source': 'h_slope', 'enabled': False}, 'v_mid_h_tau_rev': {'source': 'v_mid_h_tau', 'enabled': False}}, 'part_cost_scales': {}, 'cost_norm': 'a_gt2', 'cost_ms': None, 'pre_steady': 'solve', 'pre_steady_n_iter': 50, 'pre_steady_damp': 0.1, 'n_run': 1, 'n_iter': 1000, 'lrs': '0.1', 'checkpoint_interval': 1000, 'init_from': None, 'fp': 32, 'sequential': False, 'spot_radii': '0.5,1.0,1.5,2.0', 'spot_plot_output': None, 'mbar_plot_output': None, 'mbar_plot_gif': False, 'mbar_plot_gif_output': None, 'mbar_plot_t_stride': 2, 'mbar_plot_t': None, 'mbar_plot_direction': 'left', 'html': False, 'plot_right_only': True, 'x': None, 'y': None, 'align_xy': None, 'ms_shown': None, 'analyze_runs': None, 'cells': None, 'spec': None, 'node': None, 'radius': 0, 't_rel_start': None, 't_rel_stop': None, 'analyze_figure': True, 'analyze_json': False, 'post': False, 'check': None, 'baseline_ms_shown': None, 'part': None, 'analyze_cost_norm': None, 'stride': 1, 'per_node': False, 'cost_part_csv': None, 'print_parts': False, 'bins': 20, 'after_train': False, 'trace_osc_min_f': 0.5, 'trace_osc_max_f': 20.0, 'trace_osc_peak_threshold': 0.5, 'trace_osc_z_threshold': 2.0, 'trace_osc_snr_min': 2.0, 'trace_drift_min_slope_mv_over_s': 1.0, 'trace_drift_min_r': 0.5, 'trace_baseline_ms': 200.0, 'trace_flat_max_abs': 0.5, 'trace_flat_v_peak_to_peak_max': 1.0, 'trace_flat_abs_mean': 0.2}
param_modes:
  a_gt               indi=56/shared=0/fixed=0/frozen=0 (56)
  bias_gt            indi=0/shared=0/fixed=0/frozen=56 (0)
  syn_strength_cell  indi=8/shared=1027/fixed=0/frozen=0 (9)
  a_in               indi=0/shared=56/fixed=0/frozen=0 (1)
  a_out              indi=56/shared=0/fixed=0/frozen=0 (56)
  e_leak             indi=56/shared=0/fixed=0/frozen=0 (56)
  v_th               indi=56/shared=0/fixed=0/frozen=0 (56)
  tau_lp             indi=56/shared=0/fixed=0/frozen=0 (56)
  tau_hp_rise        indi=56/shared=0/fixed=0/frozen=0 (56)
  tau_hp_fall        indi=56/shared=0/fixed=0/frozen=0 (56)
  a_h                indi=56/shared=0/fixed=0/frozen=0 (56)
device=cuda, model=hp_lp, syn_mode=per_cell, euler=implicit, pre_steady=solve, n_run=1, n_iter=1000, lrs=[0.1], n_z=458, fname=train_hp_lp.npy
checkpoint_interval=1000

round 0

  0%|          | 0/1000 [00:00<?, ?it/s] Cost: 1064980.2500  [spread_bright_L5=9356058.0000  spread_bright_Mi1=8619226.0000  spread_bright_Tm3=8590343.0000  spread_bright_Mi4=8556814.0000  spread_dark_L1=6168524.0000  spread_dark_L2=5890536.0000  spread_dark_L3=6342611.0000  spread_dark_L4=8630850.0000  spread_dark_Mi9=7388719.0000  spread_dark_Tm1=7922305.0000  spread_dark_Tm2=7579889.5000  spread_dark_Tm4=8006095.5000  spread_dark_Tm9=7647116.0000  sbar_bright_T4a_mid+0=1594435.3750  sbar_bright_T4b_mid+0=1617766.2500  sbar_bright_T4c_mid+0=1558621.8750  sbar_bright_T4d_mid+0=1567722.7500  sbar_bright_T5a_mid+0=212879.5938  sbar_bright_T5b_mid+0=215652.3750  sbar_bright_T5c_mid+0=220448.7188  sbar_bright_T5d_mid+0=227872.3438  sbar_bright_T4a_mid+1=361825.8438  sbar_bright_T4b_mid+1=382365.0625  sbar_bright_T4c_mid+1=373822.6875  sbar_bright_T4d_mid+1=373861.3750  sbar_bright_T5a_mid+1=182777.2656  sbar_bright_T5b_mid+1=204613.8125  sbar_bright_T5c_mid+1=192258.5156  sbar_bright_T5d_mid+1=193362.1875  sbar_bright_T4a_mid+2=126958.0781  sbar_bright_T4b_mid+2=128379.9531  sbar_bright_T4c_mid+2=119435.4766  sbar_bright_T4d_mid+2=131496.9531  sbar_bright_T5a_mid+2=350735.8750  sbar_bright_T5b_mid+2=303815.8438  sbar_bright_T5c_mid+2=339723.1562  sbar_bright_T5d_mid+2=338962.9688  sbar_bright_T4a_mid-1=2856161.7500  sbar_bright_T4b_mid-1=2670795.2500  sbar_bright_T4c_mid-1=2812131.0000  sbar_bright_T4d_mid-1=2793487.7500  sbar_bright_T5a_mid-1=458300.0938  sbar_bright_T5b_mid-1=454364.7188  sbar_bright_T5c_mid-1=467079.0000  sbar_bright_T5d_mid-1=461155.7188  sbar_bright_T4a_mid-2=661728.8750  sbar_bright_T4b_mid-2=674058.1875  sbar_bright_T4c_mid-2=656390.3125  sbar_bright_T4d_mid-2=672473.9375  sbar_bright_T5b_mid-2=175438.0469  sbar_bright_T5c_mid-2=153694.7344  sbar_bright_T5d_mid-2=176289.5000  sbar_bright_T5a_mid-2=162806.0625  sbar_bright_T4a_mid-1.5=288235.6562  sbar_bright_T4b_mid-1.5=292854.1875  sbar_bright_T4c_mid-1.5=279197.5000  sbar_bright_T4d_mid-1.5=310809.0938  sbar_bright_T5a_mid-1.5=145172.0312  sbar_bright_T5b_mid-1.5=145286.6250  sbar_bright_T5c_mid-1.5=138706.1094  sbar_bright_T5d_mid-1.5=136776.9062  sbar_bright_T4a_mid-0.5=1552579.2500  sbar_bright_T4b_mid-0.5=1579980.7500  sbar_bright_T4c_mid-0.5=1570788.1250  sbar_bright_T4d_mid-0.5=1583748.6250  sbar_bright_T5a_mid-0.5=175883.2500  sbar_bright_T5b_mid-0.5=177883.5938  sbar_bright_T5c_mid-0.5=180381.9531  sbar_bright_T5d_mid-0.5=170726.6875  sbar_bright_T4a_mid+0.5=348248.4375  sbar_bright_T4b_mid+0.5=323575.9062  sbar_bright_T4c_mid+0.5=352266.5000  sbar_bright_T4d_mid+0.5=338956.6875  sbar_bright_T5a_mid+0.5=74812.4219  sbar_bright_T5b_mid+0.5=76849.0156  sbar_bright_T5c_mid+0.5=74750.5547  sbar_bright_T5d_mid+0.5=71973.5703  sbar_bright_T4b_mid+1.5=35682.4531  sbar_bright_T4c_mid+1.5=35916.4609  sbar_bright_T4d_mid+1.5=35162.3828  sbar_bright_T5a_mid+1.5=70237.6641  sbar_bright_T5b_mid+1.5=72008.4375  sbar_bright_T5c_mid+1.5=70417.4453  sbar_bright_T5d_mid+1.5=58096.6602  sbar_bright_T4a_mid+1.5=33239.7031  sbar_dark_T4a_mid+0=41861.3008  sbar_dark_T4b_mid+0=40818.7695  sbar_dark_T4c_mid+0=41135.0273  sbar_dark_T4d_mid+0=41130.3477  sbar_dark_T5a_mid+0=752652.7500  sbar_dark_T5b_mid+0=766064.5000  sbar_dark_T5c_mid+0=780239.5000  sbar_dark_T5d_mid+0=824032.8125  sbar_dark_T4a_mid+1=41227.0664  sbar_dark_T4b_mid+1=39649.6289  sbar_dark_T4c_mid+1=37055.9141  sbar_dark_T4d_mid+1=36722.1602  sbar_dark_T5a_mid+1=323052.9375  sbar_dark_T5b_mid+1=359797.7188  sbar_dark_T5c_mid+1=334446.7188  sbar_dark_T5d_mid+1=344963.8750  sbar_dark_T4a_mid+2=38643.9883  sbar_dark_T4b_mid+2=38399.6992  sbar_dark_T4c_mid+2=33313.6523  sbar_dark_T4d_mid+2=40622.7383  sbar_dark_T5a_mid+2=431484.0312  sbar_dark_T5b_mid+2=375039.9375  sbar_dark_T5c_mid+2=417655.8125  sbar_dark_T5d_mid+2=418294.8438  sbar_dark_T4a_mid-1=94474.0000  sbar_dark_T4b_mid-1=104574.6875  sbar_dark_T4c_mid-1=100315.8047  sbar_dark_T4d_mid-1=102224.1875  sbar_dark_T5a_mid-1=2368003.7500  sbar_dark_T5b_mid-1=2317830.5000  sbar_dark_T5c_mid-1=2348200.2500  sbar_dark_T5d_mid-1=2400924.0000  sbar_dark_T4a_mid-2=21642.4688  sbar_dark_T4b_mid-2=17516.9648  sbar_dark_T4c_mid-2=22261.5547  sbar_dark_T4d_mid-2=15530.7705  sbar_dark_T5b_mid-2=1282976.1250  sbar_dark_T5c_mid-2=1213930.5000  sbar_dark_T5d_mid-2=1291037.2500  sbar_dark_T5a_mid-2=1212006.2500  sbar_dark_T4a_mid-1.5=11413.6924  sbar_dark_T4b_mid-1.5=9245.1455  sbar_dark_T4c_mid-1.5=11513.8760  sbar_dark_T4d_mid-1.5=7010.3447  sbar_dark_T5a_mid-1.5=384857.4375  sbar_dark_T5b_mid-1.5=394871.6250  sbar_dark_T5c_mid-1.5=367183.9688  sbar_dark_T5d_mid-1.5=369922.0312  sbar_dark_T4a_mid-0.5=34743.8438  sbar_dark_T4b_mid-0.5=33555.3867  sbar_dark_T4c_mid-0.5=33269.0430  sbar_dark_T4d_mid-0.5=31753.5156  sbar_dark_T5a_mid-0.5=916817.6250  sbar_dark_T5b_mid-0.5=948478.3125  sbar_dark_T5c_mid-0.5=954899.8125  sbar_dark_T5d_mid-0.5=877782.0000  sbar_dark_T4a_mid+0.5=11300.9492  sbar_dark_T4b_mid+0.5=7474.3643  sbar_dark_T4c_mid+0.5=12521.7998  sbar_dark_T4d_mid+0.5=8909.5127  sbar_dark_T5a_mid+0.5=209230.6719  sbar_dark_T5b_mid+0.5=218930.4062  sbar_dark_T5c_mid+0.5=208621.0938  sbar_dark_T5d_mid+0.5=198119.1250  sbar_dark_T4b_mid+1.5=17084.8281  sbar_dark_T4c_mid+1.5=14464.0459  sbar_dark_T4d_mid+1.5=15772.2549  sbar_dark_T5a_mid+1.5=61214.4922  sbar_dark_T5b_mid+1.5=62825.2773  sbar_dark_T5c_mid+1.5=62413.2188  sbar_dark_T5d_mid+1.5=51387.9609  sbar_dark_T4a_mid+1.5=16098.7139]  1%|          | 10/1000 [00:06<10:54,  1.51it/s] Cost: 792450.1875  [spread_bright_L5=4794853.0000  spread_bright_Mi1=4949062.5000  spread_bright_Tm3=2832002.2500  spread_bright_Mi4=7961860.5000  spread_dark_L1=1880738.6250  spread_dark_L2=3118030.0000  spread_dark_L3=4498728.0000  spread_dark_L4=7087769.5000  spread_dark_Mi9=6748458.5000  spread_dark_Tm1=3292093.0000  spread_dark_Tm2=1579947.8750  spread_dark_Tm4=2710231.2500  spread_dark_Tm9=7313821.5000  sbar_bright_T4a_mid+0=1572657.3750  sbar_bright_T4b_mid+0=1595993.8750  sbar_bright_T4c_mid+0=1532007.8750  sbar_bright_T4d_mid+0=1526906.0000  sbar_bright_T5a_mid+0=201398.5156  sbar_bright_T5b_mid+0=196919.0312  sbar_bright_T5c_mid+0=205611.8281  sbar_bright_T5d_mid+0=204418.8281  sbar_bright_T4a_mid+1=348180.0938  sbar_bright_T4b_mid+1=382339.3750  sbar_bright_T4c_mid+1=366618.9062  sbar_bright_T4d_mid+1=367859.5625  sbar_bright_T5a_mid+1=185728.4531  sbar_bright_T5b_mid+1=199115.8906  sbar_bright_T5c_mid+1=188831.9062  sbar_bright_T5d_mid+1=193124.4062  sbar_bright_T4a_mid+2=115130.4688  sbar_bright_T4b_mid+2=113573.0156  sbar_bright_T4c_mid+2=109607.5781  sbar_bright_T4d_mid+2=115728.2188  sbar_bright_T5a_mid+2=334021.1250  sbar_bright_T5b_mid+2=317465.4688  sbar_bright_T5c_mid+2=331188.9375  sbar_bright_T5d_mid+2=333021.9062  sbar_bright_T4a_mid-1=2787534.5000  sbar_bright_T4b_mid-1=2616822.7500  sbar_bright_T4c_mid-1=2766899.2500  sbar_bright_T4d_mid-1=2766861.7500  sbar_bright_T5a_mid-1=443122.5625  sbar_bright_T5b_mid-1=442606.9688  sbar_bright_T5c_mid-1=443094.5312  sbar_bright_T5d_mid-1=443659.7188  sbar_bright_T4a_mid-2=682194.2500  sbar_bright_T4b_mid-2=681545.0625  sbar_bright_T4c_mid-2=679784.7500  sbar_bright_T4d_mid-2=676519.6250  sbar_bright_T5b_mid-2=152191.7344  sbar_bright_T5c_mid-2=151830.1250  sbar_bright_T5d_mid-2=154297.9375  sbar_bright_T5a_mid-2=148336.6719  sbar_bright_T4a_mid-1.5=295168.1250  sbar_bright_T4b_mid-1.5=298075.8125  sbar_bright_T4c_mid-1.5=293283.0312  sbar_bright_T4d_mid-1.5=303107.0625  sbar_bright_T5a_mid-1.5=138945.7344  sbar_bright_T5b_mid-1.5=140988.0469  sbar_bright_T5c_mid-1.5=135954.9219  sbar_bright_T5d_mid-1.5=126164.0000  sbar_bright_T4a_mid-0.5=1577097.1250  sbar_bright_T4b_mid-0.5=1558905.2500  sbar_bright_T4c_mid-0.5=1586568.6250  sbar_bright_T4d_mid-0.5=1588756.7500  sbar_bright_T5a_mid-0.5=175424.0469  sbar_bright_T5b_mid-0.5=176268.8594  sbar_bright_T5c_mid-0.5=175066.3750  sbar_bright_T5d_mid-0.5=174729.3750  sbar_bright_T4a_mid+0.5=346427.8750  sbar_bright_T4b_mid+0.5=332893.7500  sbar_bright_T4c_mid+0.5=342033.9688  sbar_bright_T4d_mid+0.5=339054.6562  sbar_bright_T5a_mid+0.5=74859.3203  sbar_bright_T5b_mid+0.5=74911.3750  sbar_bright_T5c_mid+0.5=75160.7188  sbar_bright_T5d_mid+0.5=74938.0859  sbar_bright_T4b_mid+1.5=35478.6523  sbar_bright_T4c_mid+1.5=34049.5312  sbar_bright_T4d_mid+1.5=34215.9805  sbar_bright_T5a_mid+1.5=70672.9922  sbar_bright_T5b_mid+1.5=72109.6250  sbar_bright_T5c_mid+1.5=70090.7734  sbar_bright_T5d_mid+1.5=63239.5508  sbar_bright_T4a_mid+1.5=30784.0254  sbar_dark_T4a_mid+0=27126.2969  sbar_dark_T4b_mid+0=30525.5859  sbar_dark_T4c_mid+0=28999.5566  sbar_dark_T4d_mid+0=28180.8574  sbar_dark_T5a_mid+0=772383.5625  sbar_dark_T5b_mid+0=752400.8125  sbar_dark_T5c_mid+0=785136.0625  sbar_dark_T5d_mid+0=780129.8125  sbar_dark_T4a_mid+1=31470.0508  sbar_dark_T4b_mid+1=39367.9414  sbar_dark_T4c_mid+1=32600.5469  sbar_dark_T4d_mid+1=32778.8516  sbar_dark_T5a_mid+1=336072.1562  sbar_dark_T5b_mid+1=360130.8438  sbar_dark_T5c_mid+1=341691.3750  sbar_dark_T5d_mid+1=349428.6875  sbar_dark_T4a_mid+2=29128.7148  sbar_dark_T4b_mid+2=29732.9434  sbar_dark_T4c_mid+2=26484.7676  sbar_dark_T4d_mid+2=29521.0684  sbar_dark_T5a_mid+2=414410.2812  sbar_dark_T5b_mid+2=393927.8438  sbar_dark_T5c_mid+2=410804.9062  sbar_dark_T5d_mid+2=413202.1875  sbar_dark_T4a_mid-1=94893.1484  sbar_dark_T4b_mid-1=106458.6406  sbar_dark_T4c_mid-1=97882.4609  sbar_dark_T4d_mid-1=98171.1250  sbar_dark_T5a_mid-1=2327566.5000  sbar_dark_T5b_mid-1=2320877.7500  sbar_dark_T5c_mid-1=2327521.2500  sbar_dark_T5d_mid-1=2332976.2500  sbar_dark_T4a_mid-2=11512.4512  sbar_dark_T4b_mid-2=13852.3213  sbar_dark_T4c_mid-2=12030.5986  sbar_dark_T4d_mid-2=12086.1592  sbar_dark_T5b_mid-2=1237379.1250  sbar_dark_T5c_mid-2=1236718.6250  sbar_dark_T5d_mid-2=1246045.7500  sbar_dark_T5a_mid-2=1201231.0000  sbar_dark_T4a_mid-1.5=6754.1348  sbar_dark_T4b_mid-1.5=7458.2812  sbar_dark_T4c_mid-1.5=6921.4214  sbar_dark_T4d_mid-1.5=6008.7290  sbar_dark_T5a_mid-1.5=380176.6875  sbar_dark_T5b_mid-1.5=385608.4375  sbar_dark_T5c_mid-1.5=371823.0000  sbar_dark_T5d_mid-1.5=345183.2500  sbar_dark_T4a_mid-0.5=30621.7266  sbar_dark_T4b_mid-0.5=33097.3125  sbar_dark_T4c_mid-0.5=30699.5254  sbar_dark_T4d_mid-0.5=29695.6973  sbar_dark_T5a_mid-0.5=943806.8125  sbar_dark_T5b_mid-0.5=949715.5625  sbar_dark_T5c_mid-0.5=942343.3125  sbar_dark_T5d_mid-0.5=938439.6250  sbar_dark_T4a_mid+0.5=9145.0732  sbar_dark_T4b_mid+0.5=8144.2090  sbar_dark_T4c_mid+0.5=8851.1777  sbar_dark_T4d_mid+0.5=8330.1055  sbar_dark_T5a_mid+0.5=217456.1250  sbar_dark_T5b_mid+0.5=217535.8281  sbar_dark_T5c_mid+0.5=218729.2656  sbar_dark_T5d_mid+0.5=218448.1562  sbar_dark_T4b_mid+1.5=13357.5234  sbar_dark_T4c_mid+1.5=12842.6250  sbar_dark_T4d_mid+1.5=14153.9795  sbar_dark_T5a_mid+1.5=60586.8906  sbar_dark_T5b_mid+1.5=61637.1719  sbar_dark_T5c_mid+1.5=60229.3398  sbar_dark_T5d_mid+1.5=54264.1016  sbar_dark_T4a_mid+1.5=12021.8223]:   2%|▏         | 20/1000 [00:13<10:41,  1.53it/s] Cost: 730980.3125  [spread_bright_L5=2068568.7500  spread_bright_Mi1=3815800.5000  spread_bright_Tm3=2252892.5000  spread_bright_Mi4=7691019.0000  spread_dark_L1=2400030.0000  spread_dark_L2=2507273.0000  spread_dark_L3=4091879.0000  spread_dark_L4=6512646.5000  spread_dark_Mi9=6247347.5000  spread_dark_Tm1=2129237.0000  spread_dark_Tm2=1493538.8750  spread_dark_Tm4=1746498.5000  spread_dark_Tm9=6925647.5000  sbar_bright_T4a_mid+0=1480783.8750  sbar_bright_T4b_mid+0=1446236.7500  sbar_bright_T4c_mid+0=1447231.5000  sbar_bright_T4d_mid+0=1436308.3750  sbar_bright_T5a_mid+0=200119.1406  sbar_bright_T5b_mid+0=197243.6250  sbar_bright_T5c_mid+0=212810.6719  sbar_bright_T5d_mid+0=203832.0312  sbar_bright_T4a_mid+1=340596.0000  sbar_bright_T4b_mid+1=355511.5938  sbar_bright_T4c_mid+1=340739.3125  sbar_bright_T4d_mid+1=347999.5000  sbar_bright_T5a_mid+1=187673.5625  sbar_bright_T5b_mid+1=200291.3750  sbar_bright_T5c_mid+1=188953.3906  sbar_bright_T5d_mid+1=192953.8750  sbar_bright_T4a_mid+2=116979.9844  sbar_bright_T4b_mid+2=110660.0234  sbar_bright_T4c_mid+2=104589.3750  sbar_bright_T4d_mid+2=119383.9766  sbar_bright_T5a_mid+2=335198.0625  sbar_bright_T5b_mid+2=315514.8750  sbar_bright_T5c_mid+2=332853.1875  sbar_bright_T5d_mid+2=332718.8125  sbar_bright_T4a_mid-1=2786110.5000  sbar_bright_T4b_mid-1=2623985.2500  sbar_bright_T4c_mid-1=2747582.0000  sbar_bright_T4d_mid-1=2749242.2500  sbar_bright_T5a_mid-1=442089.7500  sbar_bright_T5b_mid-1=442705.1250  sbar_bright_T5c_mid-1=444812.1250  sbar_bright_T5d_mid-1=442669.0000  sbar_bright_T4a_mid-2=684335.7500  sbar_bright_T4b_mid-2=689845.0625  sbar_bright_T4c_mid-2=675369.2500  sbar_bright_T4d_mid-2=666458.0000  sbar_bright_T5b_mid-2=149522.0000  sbar_bright_T5c_mid-2=149058.8125  sbar_bright_T5d_mid-2=153861.4062  sbar_bright_T5a_mid-2=148229.2344  sbar_bright_T4a_mid-1.5=298829.2812  sbar_bright_T4b_mid-1.5=302866.2500  sbar_bright_T4c_mid-1.5=293043.0625  sbar_bright_T4d_mid-1.5=317369.3438  sbar_bright_T5a_mid-1.5=138411.0469  sbar_bright_T5b_mid-1.5=143322.4844  sbar_bright_T5c_mid-1.5=131723.7344  sbar_bright_T5d_mid-1.5=125418.0781  sbar_bright_T4a_mid-0.5=1542787.7500  sbar_bright_T4b_mid-0.5=1532489.8750  sbar_bright_T4c_mid-0.5=1570128.7500  sbar_bright_T4d_mid-0.5=1565246.1250  sbar_bright_T5a_mid-0.5=175648.5312  sbar_bright_T5b_mid-0.5=177527.4062  sbar_bright_T5c_mid-0.5=173886.0625  sbar_bright_T5d_mid-0.5=175493.9688  sbar_bright_T4a_mid+0.5=339809.2812  sbar_bright_T4b_mid+0.5=308903.3125  sbar_bright_T4c_mid+0.5=324456.0000  sbar_bright_T4d_mid+0.5=322760.6562  sbar_bright_T5a_mid+0.5=74169.7656  sbar_bright_T5b_mid+0.5=74861.3750  sbar_bright_T5c_mid+0.5=76736.9141  sbar_bright_T5d_mid+0.5=75214.5547  sbar_bright_T4b_mid+1.5=35048.2695  sbar_bright_T4c_mid+1.5=33800.8984  sbar_bright_T4d_mid+1.5=34363.9727  sbar_bright_T5a_mid+1.5=71130.0234  sbar_bright_T5b_mid+1.5=74393.2344  sbar_bright_T5c_mid+1.5=70387.1172  sbar_bright_T5d_mid+1.5=64125.7500  sbar_bright_T4a_mid+1.5=30918.3203  sbar_dark_T4a_mid+0=17927.5684  sbar_dark_T4b_mid+0=20635.0547  sbar_dark_T4c_mid+0=23448.9375  sbar_dark_T4d_mid+0=20840.8691  sbar_dark_T5a_mid+0=763544.1250  sbar_dark_T5b_mid+0=746834.7500  sbar_dark_T5c_mid+0=805363.5625  sbar_dark_T5d_mid+0=777391.5625  sbar_dark_T4a_mid+1=31652.8262  sbar_dark_T4b_mid+1=36589.3164  sbar_dark_T4c_mid+1=32369.4941  sbar_dark_T4d_mid+1=33199.4102  sbar_dark_T5a_mid+1=338785.3750  sbar_dark_T5b_mid+1=361030.9375  sbar_dark_T5c_mid+1=338121.6250  sbar_dark_T5d_mid+1=349160.5938  sbar_dark_T4a_mid+2=32068.0684  sbar_dark_T4b_mid+2=29594.9902  sbar_dark_T4c_mid+2=27067.7188  sbar_dark_T4d_mid+2=34333.7500  sbar_dark_T5a_mid+2=416036.6562  sbar_dark_T5b_mid+2=391384.9062  sbar_dark_T5c_mid+2=411888.2188  sbar_dark_T5d_mid+2=413065.6562  sbar_dark_T4a_mid-1=90604.1172  sbar_dark_T4b_mid-1=96957.5625  sbar_dark_T4c_mid-1=96213.7734  sbar_dark_T4d_mid-1=97797.1641  sbar_dark_T5a_mid-1=2322111.7500  sbar_dark_T5b_mid-1=2310016.2500  sbar_dark_T5c_mid-1=2329291.7500  sbar_dark_T5d_mid-1=2326774.2500  sbar_dark_T4a_mid-2=13508.1836  sbar_dark_T4b_mid-2=13146.8945  sbar_dark_T4c_mid-2=16410.5977  sbar_dark_T4d_mid-2=16266.9609  sbar_dark_T5b_mid-2=1222050.8750  sbar_dark_T5c_mid-2=1218874.8750  sbar_dark_T5d_mid-2=1245058.7500  sbar_dark_T5a_mid-2=1199825.6250  sbar_dark_T4a_mid-1.5=7031.0195  sbar_dark_T4b_mid-1.5=7527.3291  sbar_dark_T4c_mid-1.5=8076.0444  sbar_dark_T4d_mid-1.5=6142.7959  sbar_dark_T5a_mid-1.5=378492.8125  sbar_dark_T5b_mid-1.5=391515.1875  sbar_dark_T5c_mid-1.5=358450.7812  sbar_dark_T5d_mid-1.5=343291.8750  sbar_dark_T4a_mid-0.5=31223.0312  sbar_dark_T4b_mid-0.5=31103.1992  sbar_dark_T4c_mid-0.5=31745.0352  sbar_dark_T4d_mid-0.5=28533.0371  sbar_dark_T5a_mid-0.5=947459.4375  sbar_dark_T5b_mid-0.5=957173.0625  sbar_dark_T5c_mid-0.5=926223.0000  sbar_dark_T5d_mid-0.5=945022.0000  sbar_dark_T4a_mid+0.5=8619.2646  sbar_dark_T4b_mid+0.5=6170.2148  sbar_dark_T4c_mid+0.5=10064.1396  sbar_dark_T4d_mid+0.5=7703.9180  sbar_dark_T5a_mid+0.5=215367.9531  sbar_dark_T5b_mid+0.5=216755.9219  sbar_dark_T5c_mid+0.5=222658.2031  sbar_dark_T5d_mid+0.5=219386.7656  sbar_dark_T4b_mid+1.5=12864.4287  sbar_dark_T4c_mid+1.5=12141.3721  sbar_dark_T4d_mid+1.5=14169.2129  sbar_dark_T5a_mid+1.5=61004.7109  sbar_dark_T5b_mid+1.5=63492.2578  sbar_dark_T5c_mid+1.5=60709.3125  sbar_dark_T5d_mid+1.5=54991.2266  sbar_dark_T4a_mid+1.5=10875.0605]:   3%|▎         | 30/1000 [00:19<10:33,  1.53it/s] Cost: 676150.1875  [spread_bright_L5=1845314.5000  spread_bright_Mi1=3415287.7500  spread_bright_Tm3=1953869.1250  spread_bright_Mi4=6516172.5000  spread_dark_L1=1665776.2500  spread_dark_L2=2542649.5000  spread_dark_L3=4183591.0000  spread_dark_L4=5568160.0000  spread_dark_Mi9=5273359.5000  spread_dark_Tm1=1269721.2500  spread_dark_Tm2=1310019.2500  spread_dark_Tm4=1351264.3750  spread_dark_Tm9=6026092.0000  sbar_bright_T4a_mid+0=1219444.3750  sbar_bright_T4b_mid+0=1214973.5000  sbar_bright_T4c_mid+0=1221419.2500  sbar_bright_T4d_mid+0=1190512.3750  sbar_bright_T5a_mid+0=187113.3906  sbar_bright_T5b_mid+0=190349.7812  sbar_bright_T5c_mid+0=208617.0781  sbar_bright_T5d_mid+0=197658.6250  sbar_bright_T4a_mid+1=297343.3750  sbar_bright_T4b_mid+1=310717.1875  sbar_bright_T4c_mid+1=255960.9531  sbar_bright_T4d_mid+1=275352.0000  sbar_bright_T5a_mid+1=188071.6875  sbar_bright_T5b_mid+1=199932.3125  sbar_bright_T5c_mid+1=186930.1250  sbar_bright_T5d_mid+1=191723.0625  sbar_bright_T4a_mid+2=114814.0156  sbar_bright_T4b_mid+2=112079.1406  sbar_bright_T4c_mid+2=98326.3125  sbar_bright_T4d_mid+2=110238.6562  sbar_bright_T5a_mid+2=346511.4062  sbar_bright_T5b_mid+2=313909.2500  sbar_bright_T5c_mid+2=334803.7188  sbar_bright_T5d_mid+2=332434.5625  sbar_bright_T4a_mid-1=2695038.0000  sbar_bright_T4b_mid-1=2547879.5000  sbar_bright_T4c_mid-1=2647077.0000  sbar_bright_T4d_mid-1=2684875.5000  sbar_bright_T5a_mid-1=442483.4688  sbar_bright_T5b_mid-1=439453.8438  sbar_bright_T5c_mid-1=443513.2500  sbar_bright_T5d_mid-1=441438.2188  sbar_bright_T4a_mid-2=678926.1875  sbar_bright_T4b_mid-2=690424.6875  sbar_bright_T4c_mid-2=669725.3125  sbar_bright_T4d_mid-2=668167.1875  sbar_bright_T5b_mid-2=149755.7031  sbar_bright_T5c_mid-2=147133.3281  sbar_bright_T5d_mid-2=153522.2969  sbar_bright_T5a_mid-2=151488.5938  sbar_bright_T4a_mid-1.5=296304.6562  sbar_bright_T4b_mid-1.5=298501.6250  sbar_bright_T4c_mid-1.5=291144.9375  sbar_bright_T4d_mid-1.5=305790.9375  sbar_bright_T5a_mid-1.5=140034.9375  sbar_bright_T5b_mid-1.5=143280.2344  sbar_bright_T5c_mid-1.5=132691.6875  sbar_bright_T5d_mid-1.5=125384.8672  sbar_bright_T4a_mid-0.5=1486173.3750  sbar_bright_T4b_mid-0.5=1490282.5000  sbar_bright_T4c_mid-0.5=1538918.0000  sbar_bright_T4d_mid-0.5=1502513.3750  sbar_bright_T5a_mid-0.5=175011.7500  sbar_bright_T5b_mid-0.5=176641.6406  sbar_bright_T5c_mid-0.5=170940.1250  sbar_bright_T5d_mid-0.5=174666.9688  sbar_bright_T4a_mid+0.5=320679.4375  sbar_bright_T4b_mid+0.5=270390.1875  sbar_bright_T4c_mid+0.5=271903.5000  sbar_bright_T4d_mid+0.5=297196.2812  sbar_bright_T5a_mid+0.5=71691.0234  sbar_bright_T5b_mid+0.5=74492.7266  sbar_bright_T5c_mid+0.5=74633.9609  sbar_bright_T5d_mid+0.5=74327.5156  sbar_bright_T4b_mid+1.5=34845.4102  sbar_bright_T4c_mid+1.5=29015.4688  sbar_bright_T4d_mid+1.5=32368.6719  sbar_bright_T5a_mid+1.5=70330.8750  sbar_bright_T5b_mid+1.5=74415.4219  sbar_bright_T5c_mid+1.5=70756.4297  sbar_bright_T5d_mid+1.5=64069.2969  sbar_bright_T4a_mid+1.5=29844.4824  sbar_dark_T4a_mid+0=228287.3750  sbar_dark_T4b_mid+0=149388.1562  sbar_dark_T4c_mid+0=123442.1641  sbar_dark_T4d_mid+0=128591.6719  sbar_dark_T5a_mid+0=704241.3125  sbar_dark_T5b_mid+0=730239.0000  sbar_dark_T5c_mid+0=789278.8750  sbar_dark_T5d_mid+0=764318.3125  sbar_dark_T4a_mid+1=29947.5645  sbar_dark_T4b_mid+1=40892.7031  sbar_dark_T4c_mid+1=38588.9883  sbar_dark_T4d_mid+1=42613.1133  sbar_dark_T5a_mid+1=334813.0625  sbar_dark_T5b_mid+1=359543.3125  sbar_dark_T5c_mid+1=330624.2500  sbar_dark_T5d_mid+1=346509.0000  sbar_dark_T4a_mid+2=33767.0625  sbar_dark_T4b_mid+2=33103.2969  sbar_dark_T4c_mid+2=28775.9082  sbar_dark_T4d_mid+2=31002.9180  sbar_dark_T5a_mid+2=429379.0000  sbar_dark_T5b_mid+2=389924.8125  sbar_dark_T5c_mid+2=413376.0938  sbar_dark_T5d_mid+2=413113.1250  sbar_dark_T4a_mid-1=81765.6094  sbar_dark_T4b_mid-1=92705.7578  sbar_dark_T4c_mid-1=87394.3125  sbar_dark_T4d_mid-1=87598.7812  sbar_dark_T5a_mid-1=2313694.0000  sbar_dark_T5b_mid-1=2300425.7500  sbar_dark_T5c_mid-1=2300491.7500  sbar_dark_T5d_mid-1=2325000.7500  sbar_dark_T4a_mid-2=14166.2471  sbar_dark_T4b_mid-2=16109.0693  sbar_dark_T4c_mid-2=15119.4297  sbar_dark_T4d_mid-2=14037.4863  sbar_dark_T5b_mid-2=1222285.1250  sbar_dark_T5c_mid-2=1203534.0000  sbar_dark_T5d_mid-2=1244816.2500  sbar_dark_T5a_mid-2=1195184.5000  sbar_dark_T4a_mid-1.5=8239.3838  sbar_dark_T4b_mid-1.5=10357.8379  sbar_dark_T4c_mid-1.5=13002.8447  sbar_dark_T4d_mid-1.5=6596.2036  sbar_dark_T5a_mid-1.5=378665.3438  sbar_dark_T5b_mid-1.5=391348.1250  sbar_dark_T5c_mid-1.5=359351.9688  sbar_dark_T5d_mid-1.5=343391.7812  sbar_dark_T4a_mid-0.5=23157.4414  sbar_dark_T4b_mid-0.5=29265.4766  sbar_dark_T4c_mid-0.5=24177.3672  sbar_dark_T4d_mid-0.5=20849.5195  sbar_dark_T5a_mid-0.5=945256.8125  sbar_dark_T5b_mid-0.5=954102.0000  sbar_dark_T5c_mid-0.5=901205.1875  sbar_dark_T5d_mid-0.5=943540.4375  sbar_dark_T4a_mid+0.5=7552.6489  sbar_dark_T4b_mid+0.5=7373.7793  sbar_dark_T4c_mid+0.5=22998.4590  sbar_dark_T4d_mid+0.5=6552.7876  sbar_dark_T5a_mid+0.5=205233.9844  sbar_dark_T5b_mid+0.5=216258.1719  sbar_dark_T5c_mid+0.5=218751.6406  sbar_dark_T5d_mid+0.5=217437.1562  sbar_dark_T4b_mid+1.5=13795.5605  sbar_dark_T4c_mid+1.5=13553.7080  sbar_dark_T4d_mid+1.5=12985.7812  sbar_dark_T5a_mid+1.5=60773.0938  sbar_dark_T5b_mid+1.5=63700.5039  sbar_dark_T5c_mid+1.5=61264.5938  sbar_dark_T5d_mid+1.5=55000.1406  sbar_dark_T4a_mid+1.5=11053.6426]:   4%|▍         | 40/1000 [00:26<10:25,  1.53it/s] Cost: 620154.1250  [spread_bright_L5=2131776.7500  spread_bright_Mi1=2899118.2500  spread_bright_Tm3=1772696.7500  spread_bright_Mi4=4346281.5000  spread_dark_L1=1416248.7500  spread_dark_L2=2940260.7500  spread_dark_L3=4061410.5000  spread_dark_L4=4542271.5000  spread_dark_Mi9=4221099.5000  spread_dark_Tm1=1243118.5000  spread_dark_Tm2=1228097.1250  spread_dark_Tm4=1250512.7500  spread_dark_Tm9=5340472.5000  sbar_bright_T4a_mid+0=1030392.4375  sbar_bright_T4b_mid+0=981533.8750  sbar_bright_T4c_mid+0=1002016.5000  sbar_bright_T4d_mid+0=955847.1875  sbar_bright_T5a_mid+0=107058.0859  sbar_bright_T5b_mid+0=158312.4375  sbar_bright_T5c_mid+0=127558.0625  sbar_bright_T5d_mid+0=175270.9688  sbar_bright_T4a_mid+1=271607.3438  sbar_bright_T4b_mid+1=296036.6562  sbar_bright_T4c_mid+1=228399.3438  sbar_bright_T4d_mid+1=260724.6094  sbar_bright_T5a_mid+1=174698.0625  sbar_bright_T5b_mid+1=197747.3594  sbar_bright_T5c_mid+1=164189.7344  sbar_bright_T5d_mid+1=188504.0781  sbar_bright_T4a_mid+2=108007.6484  sbar_bright_T4b_mid+2=113907.2578  sbar_bright_T4c_mid+2=101804.2656  sbar_bright_T4d_mid+2=107570.2734  sbar_bright_T5a_mid+2=342536.3750  sbar_bright_T5b_mid+2=310930.2812  sbar_bright_T5c_mid+2=328532.5938  sbar_bright_T5d_mid+2=331956.6562  sbar_bright_T4a_mid-1=2530011.0000  sbar_bright_T4b_mid-1=2413504.0000  sbar_bright_T4c_mid-1=2495130.7500  sbar_bright_T4d_mid-1=2591651.5000  sbar_bright_T5a_mid-1=420984.9375  sbar_bright_T5b_mid-1=428667.0000  sbar_bright_T5c_mid-1=404469.6875  sbar_bright_T5d_mid-1=437580.5938  sbar_bright_T4a_mid-2=669958.1875  sbar_bright_T4b_mid-2=674250.9375  sbar_bright_T4c_mid-2=646489.5000  sbar_bright_T4d_mid-2=670830.4375  sbar_bright_T5b_mid-2=151745.5156  sbar_bright_T5c_mid-2=138339.0469  sbar_bright_T5d_mid-2=152692.1406  sbar_bright_T5a_mid-2=151120.2969  sbar_bright_T4a_mid-1.5=287728.5000  sbar_bright_T4b_mid-1.5=278516.2812  sbar_bright_T4c_mid-1.5=283871.7500  sbar_bright_T4d_mid-1.5=293339.7188  sbar_bright_T5a_mid-1.5=134642.5000  sbar_bright_T5b_mid-1.5=145190.3594  sbar_bright_T5c_mid-1.5=134896.3594  sbar_bright_T5d_mid-1.5=126322.8750  sbar_bright_T4a_mid-0.5=1448773.3750  sbar_bright_T4b_mid-0.5=1474351.7500  sbar_bright_T4c_mid-0.5=1509931.8750  sbar_bright_T4d_mid-0.5=1460704.6250  sbar_bright_T5a_mid-0.5=163060.5000  sbar_bright_T5b_mid-0.5=174834.7344  sbar_bright_T5c_mid-0.5=152379.2656  sbar_bright_T5d_mid-0.5=170786.0312  sbar_bright_T4a_mid+0.5=316861.1562  sbar_bright_T4b_mid+0.5=290168.5312  sbar_bright_T4c_mid+0.5=238703.5312  sbar_bright_T4d_mid+0.5=303614.4375  sbar_bright_T5a_mid+0.5=66636.8281  sbar_bright_T5b_mid+0.5=71120.0156  sbar_bright_T5c_mid+0.5=61737.0430  sbar_bright_T5d_mid+0.5=70351.1719  sbar_bright_T4b_mid+1.5=33437.1562  sbar_bright_T4c_mid+1.5=30165.4062  sbar_bright_T4d_mid+1.5=32691.8652  sbar_bright_T5a_mid+1.5=68677.0547  sbar_bright_T5b_mid+1.5=74134.0000  sbar_bright_T5c_mid+1.5=70629.3828  sbar_bright_T5d_mid+1.5=62357.4883  sbar_bright_T4a_mid+1.5=28891.6992  sbar_dark_T4a_mid+0=71717.0078  sbar_dark_T4b_mid+0=32157.2402  sbar_dark_T4c_mid+0=48444.0156  sbar_dark_T4d_mid+0=36018.0781  sbar_dark_T5a_mid+0=602473.1875  sbar_dark_T5b_mid+0=661939.2500  sbar_dark_T5c_mid+0=676621.8125  sbar_dark_T5d_mid+0=722099.2500  sbar_dark_T4a_mid+1=30240.3125  sbar_dark_T4b_mid+1=33394.2617  sbar_dark_T4c_mid+1=36191.5039  sbar_dark_T4d_mid+1=31585.6270  sbar_dark_T5a_mid+1=305805.2188  sbar_dark_T5b_mid+1=351102.6562  sbar_dark_T5c_mid+1=286458.5312  sbar_dark_T5d_mid+1=337582.5938  sbar_dark_T4a_mid+2=30541.0605  sbar_dark_T4b_mid+2=33276.4258  sbar_dark_T4c_mid+2=34537.8203  sbar_dark_T4d_mid+2=28230.8633  sbar_dark_T5a_mid+2=427031.3750  sbar_dark_T5b_mid+2=386194.9688  sbar_dark_T5c_mid+2=407022.4688  sbar_dark_T5d_mid+2=412340.8125  sbar_dark_T4a_mid-1=105460.3359  sbar_dark_T4b_mid-1=100239.6875  sbar_dark_T4c_mid-1=88660.9531  sbar_dark_T4d_mid-1=93979.4844  sbar_dark_T5a_mid-1=2285701.0000  sbar_dark_T5b_mid-1=2264911.0000  sbar_dark_T5c_mid-1=2246985.5000  sbar_dark_T5d_mid-1=2323689.0000  sbar_dark_T4a_mid-2=13609.2393  sbar_dark_T4b_mid-2=20387.7988  sbar_dark_T4c_mid-2=19245.5371  sbar_dark_T4d_mid-2=12205.8945  sbar_dark_T5b_mid-2=1214856.6250  sbar_dark_T5c_mid-2=1185536.5000  sbar_dark_T5d_mid-2=1241501.3750  sbar_dark_T5a_mid-2=1194349.2500  sbar_dark_T4a_mid-1.5=8164.0591  sbar_dark_T4b_mid-1.5=12412.8652  sbar_dark_T4c_mid-1.5=11192.2734  sbar_dark_T4d_mid-1.5=7269.1177  sbar_dark_T5a_mid-1.5=366330.8750  sbar_dark_T5b_mid-1.5=395726.9688  sbar_dark_T5c_mid-1.5=368310.6562  sbar_dark_T5d_mid-1.5=346138.0625  sbar_dark_T4a_mid-0.5=19039.3750  sbar_dark_T4b_mid-0.5=27701.6523  sbar_dark_T4c_mid-0.5=32854.9766  sbar_dark_T4d_mid-0.5=24216.0527  sbar_dark_T5a_mid-0.5=912537.6250  sbar_dark_T5b_mid-0.5=954922.6875  sbar_dark_T5c_mid-0.5=873948.9375  sbar_dark_T5d_mid-0.5=930262.3750  sbar_dark_T4a_mid+0.5=9736.8711  sbar_dark_T4b_mid+0.5=7855.2710  sbar_dark_T4c_mid+0.5=7873.1743  sbar_dark_T4d_mid+0.5=9217.6523  sbar_dark_T5a_mid+0.5=195964.5625  sbar_dark_T5b_mid+0.5=205947.0000  sbar_dark_T5c_mid+0.5=202230.3438  sbar_dark_T5d_mid+0.5=208056.8125  sbar_dark_T4b_mid+1.5=15739.2676  sbar_dark_T4c_mid+1.5=14188.0332  sbar_dark_T4d_mid+1.5=13775.5869  sbar_dark_T5a_mid+1.5=60399.5977  sbar_dark_T5b_mid+1.5=63983.6055  sbar_dark_T5c_mid+1.5=61873.7383  sbar_dark_T5d_mid+1.5=53741.4688  sbar_dark_T4a_mid+1.5=12765.9775]:       5%|▌         | 50/1000 [00:32<10:22,  1.53it/s] Cost: 584076.0625  [spread_bright_L5=1706539.5000  spread_bright_Mi1=2708769.7500  spread_bright_Tm3=1356556.3750  spread_bright_Mi4=3799671.5000  spread_dark_L1=1253145.2500  spread_dark_L2=2848598.5000  spread_dark_L3=3913340.2500  spread_dark_L4=4056578.2500  spread_dark_Mi9=3774692.5000  spread_dark_Tm1=1092604.8750  spread_dark_Tm2=1257812.3750  spread_dark_Tm4=1259545.8750  spread_dark_Tm9=4874915.5000  sbar_bright_T4a_mid+0=893171.1250  sbar_bright_T4b_mid+0=867980.5625  sbar_bright_T4c_mid+0=898864.4375  sbar_bright_T4d_mid+0=850490.1250  sbar_bright_T5a_mid+0=68459.0312  sbar_bright_T5b_mid+0=76740.9141  sbar_bright_T5c_mid+0=96117.0703  sbar_bright_T5d_mid+0=111614.0234  sbar_bright_T4a_mid+1=259648.5625  sbar_bright_T4b_mid+1=263958.9688  sbar_bright_T4c_mid+1=209037.7656  sbar_bright_T4d_mid+1=247100.4219  sbar_bright_T5a_mid+1=164233.0312  sbar_bright_T5b_mid+1=180507.6562  sbar_bright_T5c_mid+1=154316.2031  sbar_bright_T5d_mid+1=172154.9688  sbar_bright_T4a_mid+2=107253.1328  sbar_bright_T4b_mid+2=110449.6641  sbar_bright_T4c_mid+2=97996.7031  sbar_bright_T4d_mid+2=104971.3281  sbar_bright_T5a_mid+2=346399.9688  sbar_bright_T5b_mid+2=309584.2188  sbar_bright_T5c_mid+2=327327.7500  sbar_bright_T5d_mid+2=329167.7812  sbar_bright_T4a_mid-1=2453609.5000  sbar_bright_T4b_mid-1=2291123.7500  sbar_bright_T4c_mid-1=2395711.5000  sbar_bright_T4d_mid-1=2503606.2500  sbar_bright_T5a_mid-1=394100.1250  sbar_bright_T5b_mid-1=361317.0938  sbar_bright_T5c_mid-1=376190.0938  sbar_bright_T5d_mid-1=417144.5938  sbar_bright_T4a_mid-2=660748.4375  sbar_bright_T4b_mid-2=666846.2500  sbar_bright_T4c_mid-2=631705.6250  sbar_bright_T4d_mid-2=661614.0625  sbar_bright_T5b_mid-2=145423.9219  sbar_bright_T5c_mid-2=132877.6406  sbar_bright_T5d_mid-2=148816.5000  sbar_bright_T5a_mid-2=143888.9844  sbar_bright_T4a_mid-1.5=280344.1875  sbar_bright_T4b_mid-1.5=276257.0625  sbar_bright_T4c_mid-1.5=278051.9688  sbar_bright_T4d_mid-1.5=291081.8438  sbar_bright_T5a_mid-1.5=133276.8594  sbar_bright_T5b_mid-1.5=142700.2344  sbar_bright_T5c_mid-1.5=132822.3906  sbar_bright_T5d_mid-1.5=126430.4766  sbar_bright_T4a_mid-0.5=1409366.3750  sbar_bright_T4b_mid-0.5=1425575.6250  sbar_bright_T4c_mid-0.5=1467116.1250  sbar_bright_T4d_mid-0.5=1412184.2500  sbar_bright_T5a_mid-0.5=148787.3906  sbar_bright_T5b_mid-0.5=162089.5625  sbar_bright_T5c_mid-0.5=138851.8438  sbar_bright_T5d_mid-0.5=160976.0625  sbar_bright_T4a_mid+0.5=309198.8125  sbar_bright_T4b_mid+0.5=275965.2188  sbar_bright_T4c_mid+0.5=220149.5625  sbar_bright_T4d_mid+0.5=280477.1250  sbar_bright_T5a_mid+0.5=61589.5977  sbar_bright_T5b_mid+0.5=58438.7188  sbar_bright_T5c_mid+0.5=55597.0391  sbar_bright_T5d_mid+0.5=56339.9648  sbar_bright_T4b_mid+1.5=33832.5977  sbar_bright_T4c_mid+1.5=30267.0332  sbar_bright_T4d_mid+1.5=32818.5586  sbar_bright_T5a_mid+1.5=70106.6953  sbar_bright_T5b_mid+1.5=72062.6719  sbar_bright_T5c_mid+1.5=71309.2969  sbar_bright_T5d_mid+1.5=61912.8789  sbar_bright_T4a_mid+1.5=29242.6875  sbar_dark_T4a_mid+0=65095.8828  sbar_dark_T4b_mid+0=58398.6680  sbar_dark_T4c_mid+0=114227.0703  sbar_dark_T4d_mid+0=75786.6328  sbar_dark_T5a_mid+0=630612.5000  sbar_dark_T5b_mid+0=594226.7500  sbar_dark_T5c_mid+0=623925.3125  sbar_dark_T5d_mid+0=618182.8750  sbar_dark_T4a_mid+1=49593.0547  sbar_dark_T4b_mid+1=30383.3047  sbar_dark_T4c_mid+1=52986.6680  sbar_dark_T4d_mid+1=48383.3516  sbar_dark_T5a_mid+1=274169.3125  sbar_dark_T5b_mid+1=321407.4375  sbar_dark_T5c_mid+1=269745.1562  sbar_dark_T5d_mid+1=293003.5938  sbar_dark_T4a_mid+2=34286.7344  sbar_dark_T4b_mid+2=36699.1992  sbar_dark_T4c_mid+2=39618.6016  sbar_dark_T4d_mid+2=27447.1562  sbar_dark_T5a_mid+2=435032.9688  sbar_dark_T5b_mid+2=392073.1562  sbar_dark_T5c_mid+2=410366.0938  sbar_dark_T5d_mid+2=409840.5312  sbar_dark_T4a_mid-1=107769.2578  sbar_dark_T4b_mid-1=103472.1250  sbar_dark_T4c_mid-1=111702.1562  sbar_dark_T4d_mid-1=96996.0234  sbar_dark_T5a_mid-1=2243067.0000  sbar_dark_T5b_mid-1=2170511.7500  sbar_dark_T5c_mid-1=2214650.5000  sbar_dark_T5d_mid-1=2288877.2500  sbar_dark_T4a_mid-2=18814.4609  sbar_dark_T4b_mid-2=23060.3164  sbar_dark_T4c_mid-2=24228.6133  sbar_dark_T4d_mid-2=13083.6465  sbar_dark_T5b_mid-2=1217061.2500  sbar_dark_T5c_mid-2=1178814.3750  sbar_dark_T5d_mid-2=1233659.1250  sbar_dark_T5a_mid-2=1168639.8750  sbar_dark_T4a_mid-1.5=9844.0117  sbar_dark_T4b_mid-1.5=14239.2744  sbar_dark_T4c_mid-1.5=14565.1221  sbar_dark_T4d_mid-1.5=7492.1694  sbar_dark_T5a_mid-1.5=368869.5000  sbar_dark_T5b_mid-1.5=394160.4688  sbar_dark_T5c_mid-1.5=367565.5000  sbar_dark_T5d_mid-1.5=348509.2500  sbar_dark_T4a_mid-0.5=27627.1348  sbar_dark_T4b_mid-0.5=24329.4121  sbar_dark_T4c_mid-0.5=71828.1875  sbar_dark_T4d_mid-0.5=24798.1680  sbar_dark_T5a_mid-0.5=876580.0625  sbar_dark_T5b_mid-0.5=930425.4375  sbar_dark_T5c_mid-0.5=849297.0000  sbar_dark_T5d_mid-0.5=910599.9375  sbar_dark_T4a_mid+0.5=18855.4824  sbar_dark_T4b_mid+0.5=14557.6582  sbar_dark_T4c_mid+0.5=12296.7822  sbar_dark_T4d_mid+0.5=23068.3984  sbar_dark_T5a_mid+0.5=184069.4688  sbar_dark_T5b_mid+0.5=181918.2969  sbar_dark_T5c_mid+0.5=190834.6094  sbar_dark_T5d_mid+0.5=177257.8281  sbar_dark_T4b_mid+1.5=15377.6348  sbar_dark_T4c_mid+1.5=12857.2061  sbar_dark_T4d_mid+1.5=13304.6855  sbar_dark_T5a_mid+1.5=62357.7305  sbar_dark_T5b_mid+1.5=62752.4102  sbar_dark_T5c_mid+1.5=63065.8203  sbar_dark_T5d_mid+1.5=53534.5820  sbar_dark_T4a_mid+1.5=12910.9717]:   6%|▌         | 60/1000 [00:39<10:12,  1.54it/s] Cost: 559356.7500  [spread_bright_L5=1456130.3750  spread_bright_Mi1=2509830.0000  spread_bright_Tm3=1252625.7500  spread_bright_Mi4=3338597.7500  spread_dark_L1=1127591.8750  spread_dark_L2=2569844.5000  spread_dark_L3=3685749.5000  spread_dark_L4=3597866.7500  spread_dark_Mi9=3547471.5000  spread_dark_Tm1=1132694.5000  spread_dark_Tm2=1181606.3750  spread_dark_Tm4=1385065.2500  spread_dark_Tm9=4477304.5000  sbar_bright_T4a_mid+0=816323.7500  sbar_bright_T4b_mid+0=857204.8750  sbar_bright_T4c_mid+0=824325.0000  sbar_bright_T4d_mid+0=803650.6250  sbar_bright_T5a_mid+0=75553.5234  sbar_bright_T5b_mid+0=89138.6406  sbar_bright_T5c_mid+0=99305.5234  sbar_bright_T5d_mid+0=93467.2031  sbar_bright_T4a_mid+1=249902.3281  sbar_bright_T4b_mid+1=218743.7031  sbar_bright_T4c_mid+1=211980.8281  sbar_bright_T4d_mid+1=243135.0938  sbar_bright_T5a_mid+1=156550.7969  sbar_bright_T5b_mid+1=181849.6094  sbar_bright_T5c_mid+1=156927.2500  sbar_bright_T5d_mid+1=159598.8750  sbar_bright_T4a_mid+2=99170.7812  sbar_bright_T4b_mid+2=92861.4844  sbar_bright_T4c_mid+2=95633.9375  sbar_bright_T4d_mid+2=100566.3047  sbar_bright_T5a_mid+2=341510.7812  sbar_bright_T5b_mid+2=314154.0312  sbar_bright_T5c_mid+2=329061.5000  sbar_bright_T5d_mid+2=328016.8125  sbar_bright_T4a_mid-1=2370820.0000  sbar_bright_T4b_mid-1=2197530.5000  sbar_bright_T4c_mid-1=2394989.7500  sbar_bright_T4d_mid-1=2445487.7500  sbar_bright_T5a_mid-1=375807.5000  sbar_bright_T5b_mid-1=333159.4375  sbar_bright_T5c_mid-1=354518.0000  sbar_bright_T5d_mid-1=392657.2188  sbar_bright_T4a_mid-2=651443.5000  sbar_bright_T4b_mid-2=658043.1250  sbar_bright_T4c_mid-2=616085.1250  sbar_bright_T4d_mid-2=649130.8750  sbar_bright_T5b_mid-2=143840.1562  sbar_bright_T5c_mid-2=131909.5156  sbar_bright_T5d_mid-2=145566.6250  sbar_bright_T5a_mid-2=140217.2500  sbar_bright_T4a_mid-1.5=278552.6250  sbar_bright_T4b_mid-1.5=280974.2812  sbar_bright_T4c_mid-1.5=276887.5312  sbar_bright_T4d_mid-1.5=291322.9375  sbar_bright_T5a_mid-1.5=133401.8438  sbar_bright_T5b_mid-1.5=141766.1875  sbar_bright_T5c_mid-1.5=131724.7656  sbar_bright_T5d_mid-1.5=125034.3359  sbar_bright_T4a_mid-0.5=1349000.0000  sbar_bright_T4b_mid-0.5=1349754.3750  sbar_bright_T4c_mid-0.5=1487307.7500  sbar_bright_T4d_mid-0.5=1372950.2500  sbar_bright_T5a_mid-0.5=136002.6719  sbar_bright_T5b_mid-0.5=158589.9375  sbar_bright_T5c_mid-0.5=126021.3047  sbar_bright_T5d_mid-0.5=157171.5156  sbar_bright_T4a_mid+0.5=289297.6562  sbar_bright_T4b_mid+0.5=233203.2812  sbar_bright_T4c_mid+0.5=216302.3438  sbar_bright_T4d_mid+0.5=262880.4375  sbar_bright_T5a_mid+0.5=58030.0391  sbar_bright_T5b_mid+0.5=53288.6992  sbar_bright_T5c_mid+0.5=57424.0391  sbar_bright_T5d_mid+0.5=48735.4141  sbar_bright_T4b_mid+1.5=32354.8457  sbar_bright_T4c_mid+1.5=31394.9688  sbar_bright_T4d_mid+1.5=32545.0664  sbar_bright_T5a_mid+1.5=71972.3984  sbar_bright_T5b_mid+1.5=73414.2812  sbar_bright_T5c_mid+1.5=73744.3984  sbar_bright_T5d_mid+1.5=62751.5508  sbar_bright_T4a_mid+1.5=28274.0918  sbar_dark_T4a_mid+0=92984.7109  sbar_dark_T4b_mid+0=128028.4688  sbar_dark_T4c_mid+0=93273.6797  sbar_dark_T4d_mid+0=140426.3281  sbar_dark_T5a_mid+0=623547.3125  sbar_dark_T5b_mid+0=562135.2500  sbar_dark_T5c_mid+0=581923.6250  sbar_dark_T5d_mid+0=591350.3125  sbar_dark_T4a_mid+1=70681.5312  sbar_dark_T4b_mid+1=25162.7969  sbar_dark_T4c_mid+1=46528.5781  sbar_dark_T4d_mid+1=56750.7617  sbar_dark_T5a_mid+1=250062.8281  sbar_dark_T5b_mid+1=326383.7500  sbar_dark_T5c_mid+1=272306.2188  sbar_dark_T5d_mid+1=250334.6875  sbar_dark_T4a_mid+2=37180.0469  sbar_dark_T4b_mid+2=43804.3906  sbar_dark_T4c_mid+2=34912.8320  sbar_dark_T4d_mid+2=27197.3535  sbar_dark_T5a_mid+2=431366.6562  sbar_dark_T5b_mid+2=402865.1875  sbar_dark_T5c_mid+2=416977.5625  sbar_dark_T5d_mid+2=408426.9688  sbar_dark_T4a_mid-1=108423.3828  sbar_dark_T4b_mid-1=124035.5312  sbar_dark_T4c_mid-1=92795.0938  sbar_dark_T4d_mid-1=99778.1797  sbar_dark_T5a_mid-1=2218051.7500  sbar_dark_T5b_mid-1=2106582.2500  sbar_dark_T5c_mid-1=2179917.7500  sbar_dark_T5d_mid-1=2238560.7500  sbar_dark_T4a_mid-2=24900.6641  sbar_dark_T4b_mid-2=21377.6895  sbar_dark_T4c_mid-2=34242.9922  sbar_dark_T4d_mid-2=15617.2021  sbar_dark_T5b_mid-2=1211105.0000  sbar_dark_T5c_mid-2=1185669.6250  sbar_dark_T5d_mid-2=1224939.3750  sbar_dark_T5a_mid-2=1160855.0000  sbar_dark_T4a_mid-1.5=11386.0273  sbar_dark_T4b_mid-1.5=11888.6572  sbar_dark_T4c_mid-1.5=15862.2598  sbar_dark_T4d_mid-1.5=8137.9468  sbar_dark_T5a_mid-1.5=377580.0312  sbar_dark_T5b_mid-1.5=394733.9688  sbar_dark_T5c_mid-1.5=370144.7812  sbar_dark_T5d_mid-1.5=347387.0938  sbar_dark_T4a_mid-0.5=40577.8086  sbar_dark_T4b_mid-0.5=24817.5938  sbar_dark_T4c_mid-0.5=39210.8164  sbar_dark_T4d_mid-0.5=24716.1836  sbar_dark_T5a_mid-0.5=833974.2500  sbar_dark_T5b_mid-0.5=914675.5625  sbar_dark_T5c_mid-0.5=816243.3750  sbar_dark_T5d_mid-0.5=913526.5000  sbar_dark_T4a_mid+0.5=27337.5352  sbar_dark_T4b_mid+0.5=37734.3711  sbar_dark_T4c_mid+0.5=12763.2451  sbar_dark_T4d_mid+0.5=22184.2168  sbar_dark_T5a_mid+0.5=174720.6562  sbar_dark_T5b_mid+0.5=162517.9375  sbar_dark_T5c_mid+0.5=194279.2500  sbar_dark_T5d_mid+0.5=152758.0938  sbar_dark_T4b_mid+1.5=13319.3672  sbar_dark_T4c_mid+1.5=12160.9365  sbar_dark_T4d_mid+1.5=13185.6836  sbar_dark_T5a_mid+1.5=65868.5234  sbar_dark_T5b_mid+1.5=65701.0312  sbar_dark_T5c_mid+1.5=67532.5391  sbar_dark_T5d_mid+1.5=55052.1211  sbar_dark_T4a_mid+1.5=11260.0322]:     7%|▋         | 70/1000 [00:45<10:04,  1.54it/s] Cost: 542045.5625  [spread_bright_L5=1503130.5000  spread_bright_Mi1=2278550.7500  spread_bright_Tm3=1281169.3750  spread_bright_Mi4=2997458.7500  spread_dark_L1=1065605.0000  spread_dark_L2=2486337.5000  spread_dark_L3=3482726.7500  spread_dark_L4=3360262.0000  spread_dark_Mi9=3138950.2500  spread_dark_Tm1=1180742.6250  spread_dark_Tm2=1182984.3750  spread_dark_Tm4=1379263.8750  spread_dark_Tm9=4023646.0000  sbar_bright_T4a_mid+0=775284.0000  sbar_bright_T4b_mid+0=770971.6250  sbar_bright_T4c_mid+0=776290.3125  sbar_bright_T4d_mid+0=746746.7500  sbar_bright_T5a_mid+0=89243.9375  sbar_bright_T5b_mid+0=102045.9453  sbar_bright_T5c_mid+0=116084.2578  sbar_bright_T5d_mid+0=105549.3672  sbar_bright_T4a_mid+1=238315.3281  sbar_bright_T4b_mid+1=222756.9844  sbar_bright_T4c_mid+1=206021.5781  sbar_bright_T4d_mid+1=241408.8594  sbar_bright_T5a_mid+1=165797.5156  sbar_bright_T5b_mid+1=184076.6562  sbar_bright_T5c_mid+1=165637.1875  sbar_bright_T5d_mid+1=166077.4688  sbar_bright_T4a_mid+2=91101.8125  sbar_bright_T4b_mid+2=87724.8828  sbar_bright_T4c_mid+2=86919.2969  sbar_bright_T4d_mid+2=99199.7969  sbar_bright_T5a_mid+2=351405.3125  sbar_bright_T5b_mid+2=322310.3750  sbar_bright_T5c_mid+2=341835.6562  sbar_bright_T5d_mid+2=335031.3750  sbar_bright_T4a_mid-1=2277485.2500  sbar_bright_T4b_mid-1=2153552.5000  sbar_bright_T4c_mid-1=2321922.2500  sbar_bright_T4d_mid-1=2402074.5000  sbar_bright_T5a_mid-1=376625.5312  sbar_bright_T5b_mid-1=322732.3125  sbar_bright_T5c_mid-1=350779.8125  sbar_bright_T5d_mid-1=390604.1250  sbar_bright_T4a_mid-2=627112.8750  sbar_bright_T4b_mid-2=639876.3750  sbar_bright_T4c_mid-2=598371.0625  sbar_bright_T4d_mid-2=636612.3125  sbar_bright_T5b_mid-2=147142.9062  sbar_bright_T5c_mid-2=132373.3125  sbar_bright_T5d_mid-2=148357.4688  sbar_bright_T5a_mid-2=141837.1719  sbar_bright_T4a_mid-1.5=275880.4375  sbar_bright_T4b_mid-1.5=280844.9375  sbar_bright_T4c_mid-1.5=275734.4688  sbar_bright_T4d_mid-1.5=290424.1875  sbar_bright_T5a_mid-1.5=133597.9062  sbar_bright_T5b_mid-1.5=140467.3281  sbar_bright_T5c_mid-1.5=128678.8672  sbar_bright_T5d_mid-1.5=124708.2031  sbar_bright_T4a_mid-0.5=1274803.5000  sbar_bright_T4b_mid-0.5=1337210.2500  sbar_bright_T4c_mid-0.5=1457310.3750  sbar_bright_T4d_mid-0.5=1358679.7500  sbar_bright_T5a_mid-0.5=130400.3281  sbar_bright_T5b_mid-0.5=152687.9375  sbar_bright_T5c_mid-0.5=124429.3359  sbar_bright_T5d_mid-0.5=159321.5312  sbar_bright_T4a_mid+0.5=276513.4062  sbar_bright_T4b_mid+0.5=222627.9219  sbar_bright_T4c_mid+0.5=203284.2500  sbar_bright_T4d_mid+0.5=253809.5625  sbar_bright_T5a_mid+0.5=57433.2656  sbar_bright_T5b_mid+0.5=53867.5117  sbar_bright_T5c_mid+0.5=60021.5391  sbar_bright_T5d_mid+0.5=53195.1992  sbar_bright_T4b_mid+1.5=33366.8984  sbar_bright_T4c_mid+1.5=33597.3477  sbar_bright_T4d_mid+1.5=32930.2891  sbar_bright_T5a_mid+1.5=74291.6875  sbar_bright_T5b_mid+1.5=74763.6406  sbar_bright_T5c_mid+1.5=77738.9453  sbar_bright_T5d_mid+1.5=63862.9805  sbar_bright_T4a_mid+1.5=29089.9141  sbar_dark_T4a_mid+0=113026.0391  sbar_dark_T4b_mid+0=95435.1641  sbar_dark_T4c_mid+0=110725.5078  sbar_dark_T4d_mid+0=132036.6562  sbar_dark_T5a_mid+0=630544.8750  sbar_dark_T5b_mid+0=568757.1250  sbar_dark_T5c_mid+0=585526.3750  sbar_dark_T5d_mid+0=579317.3750  sbar_dark_T4a_mid+1=95799.3984  sbar_dark_T4b_mid+1=24340.4180  sbar_dark_T4c_mid+1=50210.1992  sbar_dark_T4d_mid+1=56591.2969  sbar_dark_T5a_mid+1=244285.6719  sbar_dark_T5b_mid+1=325384.7188  sbar_dark_T5c_mid+1=273451.0000  sbar_dark_T5d_mid+1=246700.5781  sbar_dark_T4a_mid+2=40824.1094  sbar_dark_T4b_mid+2=47162.3594  sbar_dark_T4c_mid+2=33404.5742  sbar_dark_T4d_mid+2=27406.8691  sbar_dark_T5a_mid+2=437711.5625  sbar_dark_T5b_mid+2=413462.5938  sbar_dark_T5c_mid+2=427034.4688  sbar_dark_T5d_mid+2=411591.8438  sbar_dark_T4a_mid-1=114532.6562  sbar_dark_T4b_mid-1=121638.3594  sbar_dark_T4c_mid-1=93895.6641  sbar_dark_T4d_mid-1=97583.6719  sbar_dark_T5a_mid-1=2195113.5000  sbar_dark_T5b_mid-1=2063029.6250  sbar_dark_T5c_mid-1=2137558.5000  sbar_dark_T5d_mid-1=2210441.7500  sbar_dark_T4a_mid-2=31187.5996  sbar_dark_T4b_mid-2=24156.0195  sbar_dark_T4c_mid-2=43050.5430  sbar_dark_T4d_mid-2=17695.2598  sbar_dark_T5b_mid-2=1213091.5000  sbar_dark_T5c_mid-2=1166536.0000  sbar_dark_T5d_mid-2=1223290.0000  sbar_dark_T5a_mid-2=1143166.1250  sbar_dark_T4a_mid-1.5=12078.9766  sbar_dark_T4b_mid-1.5=12035.5488  sbar_dark_T4c_mid-1.5=16733.4453  sbar_dark_T4d_mid-1.5=8855.3389  sbar_dark_T5a_mid-1.5=377827.4375  sbar_dark_T5b_mid-1.5=394047.2500  sbar_dark_T5c_mid-1.5=362368.4062  sbar_dark_T5d_mid-1.5=347421.7500  sbar_dark_T4a_mid-0.5=62630.1445  sbar_dark_T4b_mid-0.5=25457.5938  sbar_dark_T4c_mid-0.5=39174.4023  sbar_dark_T4d_mid-0.5=23856.8945  sbar_dark_T5a_mid-0.5=791977.1250  sbar_dark_T5b_mid-0.5=894772.0000  sbar_dark_T5c_mid-0.5=784604.6250  sbar_dark_T5d_mid-0.5=929325.5625  sbar_dark_T4a_mid+0.5=37403.2383  sbar_dark_T4b_mid+0.5=45433.8203  sbar_dark_T4c_mid+0.5=16232.7744  sbar_dark_T4d_mid+0.5=23324.0215  sbar_dark_T5a_mid+0.5=162096.8125  sbar_dark_T5b_mid+0.5=151336.1250  sbar_dark_T5c_mid+0.5=197861.9219  sbar_dark_T5d_mid+0.5=146814.3906  sbar_dark_T4b_mid+1.5=12738.3613  sbar_dark_T4c_mid+1.5=11422.3037  sbar_dark_T4d_mid+1.5=13301.1113  sbar_dark_T5a_mid+1.5=68030.7734  sbar_dark_T5b_mid+1.5=66745.6562  sbar_dark_T5c_mid+1.5=71218.1250  sbar_dark_T5d_mid+1.5=55288.1602  sbar_dark_T4a_mid+1.5=10350.6289]:   8%|▊         | 80/1000 [00:52<09:57,  1.54it/s] Cost: 524451.8750  [spread_bright_L5=1524565.2500  spread_bright_Mi1=2136651.7500  spread_bright_Tm3=1343273.3750  spread_bright_Mi4=2581751.5000  spread_dark_L1=1027667.3750  spread_dark_L2=2237359.5000  spread_dark_L3=3379655.0000  spread_dark_L4=3178839.2500  spread_dark_Mi9=2528422.0000  spread_dark_Tm1=1376596.7500  spread_dark_Tm2=1227943.6250  spread_dark_Tm4=1443582.3750  spread_dark_Tm9=3341216.7500  sbar_bright_T4a_mid+0=710932.7500  sbar_bright_T4b_mid+0=714749.2500  sbar_bright_T4c_mid+0=717394.4375  sbar_bright_T4d_mid+0=684154.5000  sbar_bright_T5a_mid+0=91222.7344  sbar_bright_T5b_mid+0=110563.0312  sbar_bright_T5c_mid+0=124599.4297  sbar_bright_T5d_mid+0=116570.8672  sbar_bright_T4a_mid+1=246805.9844  sbar_bright_T4b_mid+1=219763.9844  sbar_bright_T4c_mid+1=208141.7188  sbar_bright_T4d_mid+1=241849.4375  sbar_bright_T5a_mid+1=191499.9062  sbar_bright_T5b_mid+1=193390.2500  sbar_bright_T5c_mid+1=177327.9531  sbar_bright_T5d_mid+1=180665.2812  sbar_bright_T4a_mid+2=92780.1016  sbar_bright_T4b_mid+2=82764.8047  sbar_bright_T4c_mid+2=77479.8516  sbar_bright_T4d_mid+2=93288.1250  sbar_bright_T5a_mid+2=367012.9062  sbar_bright_T5b_mid+2=334095.1562  sbar_bright_T5c_mid+2=357195.5312  sbar_bright_T5d_mid+2=350591.8438  sbar_bright_T4a_mid-1=2198732.2500  sbar_bright_T4b_mid-1=1981782.1250  sbar_bright_T4c_mid-1=2197140.2500  sbar_bright_T4d_mid-1=2307934.5000  sbar_bright_T5a_mid-1=371346.8125  sbar_bright_T5b_mid-1=325398.9688  sbar_bright_T5c_mid-1=343585.5625  sbar_bright_T5d_mid-1=390845.4688  sbar_bright_T4a_mid-2=598411.6875  sbar_bright_T4b_mid-2=585094.0000  sbar_bright_T4c_mid-2=562009.5000  sbar_bright_T4d_mid-2=604571.3125  sbar_bright_T5b_mid-2=152162.4219  sbar_bright_T5c_mid-2=137929.7188  sbar_bright_T5d_mid-2=151747.1406  sbar_bright_T5a_mid-2=147383.5000  sbar_bright_T4a_mid-1.5=270213.9375  sbar_bright_T4b_mid-1.5=275915.6250  sbar_bright_T4c_mid-1.5=265854.5000  sbar_bright_T4d_mid-1.5=287270.2500  sbar_bright_T5a_mid-1.5=136007.3125  sbar_bright_T5b_mid-1.5=142865.8750  sbar_bright_T5c_mid-1.5=131992.9375  sbar_bright_T5d_mid-1.5=126166.2656  sbar_bright_T4a_mid-0.5=1214303.6250  sbar_bright_T4b_mid-0.5=1272907.0000  sbar_bright_T4c_mid-0.5=1372475.1250  sbar_bright_T4d_mid-0.5=1337025.8750  sbar_bright_T5a_mid-0.5=128825.0234  sbar_bright_T5b_mid-0.5=152772.4844  sbar_bright_T5c_mid-0.5=121687.9609  sbar_bright_T5d_mid-0.5=158172.0000  sbar_bright_T4a_mid+0.5=274762.8125  sbar_bright_T4b_mid+0.5=197717.2344  sbar_bright_T4c_mid+0.5=191004.7812  sbar_bright_T4d_mid+0.5=226808.7188  sbar_bright_T5a_mid+0.5=59044.1992  sbar_bright_T5b_mid+0.5=57213.8828  sbar_bright_T5c_mid+0.5=62087.1602  sbar_bright_T5d_mid+0.5=55751.6133  sbar_bright_T4b_mid+1.5=37220.7969  sbar_bright_T4c_mid+1.5=36029.2266  sbar_bright_T4d_mid+1.5=33449.4062  sbar_bright_T5a_mid+1.5=81018.4375  sbar_bright_T5b_mid+1.5=80869.0859  sbar_bright_T5c_mid+1.5=85718.0938  sbar_bright_T5d_mid+1.5=65251.4531  sbar_bright_T4a_mid+1.5=31956.4648  sbar_dark_T4a_mid+0=96566.6094  sbar_dark_T4b_mid+0=89343.0547  sbar_dark_T4c_mid+0=130910.7422  sbar_dark_T4d_mid+0=114551.3594  sbar_dark_T5a_mid+0=634541.3125  sbar_dark_T5b_mid+0=567850.3750  sbar_dark_T5c_mid+0=569019.0625  sbar_dark_T5d_mid+0=567545.8125  sbar_dark_T4a_mid+1=115417.7578  sbar_dark_T4b_mid+1=24847.0195  sbar_dark_T4c_mid+1=59472.6445  sbar_dark_T4d_mid+1=85832.8281  sbar_dark_T5a_mid+1=248698.8438  sbar_dark_T5b_mid+1=331798.6875  sbar_dark_T5c_mid+1=276026.4375  sbar_dark_T5d_mid+1=253062.8281  sbar_dark_T4a_mid+2=48272.3672  sbar_dark_T4b_mid+2=59239.8711  sbar_dark_T4c_mid+2=40097.8984  sbar_dark_T4d_mid+2=25960.8945  sbar_dark_T5a_mid+2=446118.1250  sbar_dark_T5b_mid+2=421874.8750  sbar_dark_T5c_mid+2=434032.9062  sbar_dark_T5d_mid+2=420011.2812  sbar_dark_T4a_mid-1=126110.8281  sbar_dark_T4b_mid-1=155931.9844  sbar_dark_T4c_mid-1=100238.3438  sbar_dark_T4d_mid-1=113748.1953  sbar_dark_T5a_mid-1=2187530.2500  sbar_dark_T5b_mid-1=2025479.0000  sbar_dark_T5c_mid-1=2113371.5000  sbar_dark_T5d_mid-1=2194523.2500  sbar_dark_T4a_mid-2=36674.6484  sbar_dark_T4b_mid-2=37057.4180  sbar_dark_T4c_mid-2=49485.2070  sbar_dark_T4d_mid-2=18762.8730  sbar_dark_T5b_mid-2=1201036.0000  sbar_dark_T5c_mid-2=1178930.3750  sbar_dark_T5d_mid-2=1221256.1250  sbar_dark_T5a_mid-2=1142133.2500  sbar_dark_T4a_mid-1.5=12271.7959  sbar_dark_T4b_mid-1.5=13039.1836  sbar_dark_T4c_mid-1.5=17587.2383  sbar_dark_T4d_mid-1.5=8486.5137  sbar_dark_T5a_mid-1.5=383588.0000  sbar_dark_T5b_mid-1.5=400404.7188  sbar_dark_T5c_mid-1.5=375166.6250  sbar_dark_T5d_mid-1.5=351939.3125  sbar_dark_T4a_mid-0.5=77303.3438  sbar_dark_T4b_mid-0.5=35338.2539  sbar_dark_T4c_mid-0.5=82051.4219  sbar_dark_T4d_mid-0.5=25383.2363  sbar_dark_T5a_mid-0.5=769343.5000  sbar_dark_T5b_mid-0.5=895961.7500  sbar_dark_T5c_mid-0.5=772216.0000  sbar_dark_T5d_mid-0.5=941500.3750  sbar_dark_T4a_mid+0.5=48486.5742  sbar_dark_T4b_mid+0.5=81330.7031  sbar_dark_T4c_mid+0.5=18741.2637  sbar_dark_T4d_mid+0.5=51686.6562  sbar_dark_T5a_mid+0.5=160071.6875  sbar_dark_T5b_mid+0.5=144736.5000  sbar_dark_T5c_mid+0.5=204703.2812  sbar_dark_T5d_mid+0.5=144516.5781  sbar_dark_T4b_mid+1.5=12740.0996  sbar_dark_T4c_mid+1.5=8865.3877  sbar_dark_T4d_mid+1.5=12590.5518  sbar_dark_T5a_mid+1.5=72927.2578  sbar_dark_T5b_mid+1.5=71208.7031  sbar_dark_T5c_mid+1.5=76390.5391  sbar_dark_T5d_mid+1.5=56188.5781  sbar_dark_T4a_mid+1.5=9997.2168]:   9%|▉         | 90/1000 [00:58<09:53,  1.53it/s] Cost: 512188.1250  [spread_bright_L5=1568941.8750  spread_bright_Mi1=2109294.0000  spread_bright_Tm3=1346876.8750  spread_bright_Mi4=2615006.5000  spread_dark_L1=925262.0625  spread_dark_L2=2055444.0000  spread_dark_L3=3191063.2500  spread_dark_L4=3203118.0000  spread_dark_Mi9=2116820.2500  spread_dark_Tm1=1462498.1250  spread_dark_Tm2=1282338.8750  spread_dark_Tm4=1568061.2500  spread_dark_Tm9=2732665.2500  sbar_bright_T4a_mid+0=689438.3750  sbar_bright_T4b_mid+0=691397.2500  sbar_bright_T4c_mid+0=681379.1875  sbar_bright_T4d_mid+0=667185.3750  sbar_bright_T5a_mid+0=92732.1719  sbar_bright_T5b_mid+0=104775.3047  sbar_bright_T5c_mid+0=123469.6172  sbar_bright_T5d_mid+0=111197.7812  sbar_bright_T4a_mid+1=244159.0625  sbar_bright_T4b_mid+1=206423.2031  sbar_bright_T4c_mid+1=211113.1875  sbar_bright_T4d_mid+1=235498.9844  sbar_bright_T5a_mid+1=188102.0938  sbar_bright_T5b_mid+1=194600.0781  sbar_bright_T5c_mid+1=178235.6719  sbar_bright_T5d_mid+1=182009.4375  sbar_bright_T4a_mid+2=90304.0078  sbar_bright_T4b_mid+2=74079.6875  sbar_bright_T4c_mid+2=70180.5703  sbar_bright_T4d_mid+2=83969.4609  sbar_bright_T5a_mid+2=370858.8125  sbar_bright_T5b_mid+2=337579.3125  sbar_bright_T5c_mid+2=366075.4062  sbar_bright_T5d_mid+2=351186.2188  sbar_bright_T4a_mid-1=2120351.0000  sbar_bright_T4b_mid-1=1842595.8750  sbar_bright_T4c_mid-1=2129616.5000  sbar_bright_T4d_mid-1=2247143.5000  sbar_bright_T5a_mid-1=378030.7188  sbar_bright_T5b_mid-1=329294.9688  sbar_bright_T5c_mid-1=350190.4688  sbar_bright_T5d_mid-1=392461.9062  sbar_bright_T4a_mid-2=578455.2500  sbar_bright_T4b_mid-2=544652.7500  sbar_bright_T4c_mid-2=534545.8750  sbar_bright_T4d_mid-2=586551.5000  sbar_bright_T5b_mid-2=152987.4688  sbar_bright_T5c_mid-2=136995.5156  sbar_bright_T5d_mid-2=151069.2656  sbar_bright_T5a_mid-2=146249.3438  sbar_bright_T4a_mid-1.5=269980.8750  sbar_bright_T4b_mid-1.5=270937.9375  sbar_bright_T4c_mid-1.5=263900.1562  sbar_bright_T4d_mid-1.5=287486.9062  sbar_bright_T5a_mid-1.5=137704.4062  sbar_bright_T5b_mid-1.5=144384.0000  sbar_bright_T5c_mid-1.5=132636.4688  sbar_bright_T5d_mid-1.5=127636.2266  sbar_bright_T4a_mid-0.5=1162719.5000  sbar_bright_T4b_mid-0.5=1207855.3750  sbar_bright_T4c_mid-0.5=1309974.6250  sbar_bright_T4d_mid-0.5=1307853.0000  sbar_bright_T5a_mid-0.5=135418.0469  sbar_bright_T5b_mid-0.5=155332.9375  sbar_bright_T5c_mid-0.5=122793.2578  sbar_bright_T5d_mid-0.5=156684.8594  sbar_bright_T4a_mid+0.5=254378.3125  sbar_bright_T4b_mid+0.5=172321.6719  sbar_bright_T4c_mid+0.5=180861.5312  sbar_bright_T4d_mid+0.5=209405.6094  sbar_bright_T5a_mid+0.5=60118.0312  sbar_bright_T5b_mid+0.5=56944.6914  sbar_bright_T5c_mid+0.5=61049.8164  sbar_bright_T5d_mid+0.5=53630.0625  sbar_bright_T4b_mid+1.5=47273.5625  sbar_bright_T4c_mid+1.5=50685.8828  sbar_bright_T4d_mid+1.5=35222.2031  sbar_bright_T5a_mid+1.5=81597.3750  sbar_bright_T5b_mid+1.5=81171.6953  sbar_bright_T5c_mid+1.5=87959.7891  sbar_bright_T5d_mid+1.5=64609.7500  sbar_bright_T4a_mid+1.5=41908.8438  sbar_dark_T4a_mid+0=117313.7578  sbar_dark_T4b_mid+0=121170.2109  sbar_dark_T4c_mid+0=144545.5938  sbar_dark_T4d_mid+0=132735.0781  sbar_dark_T5a_mid+0=638856.5000  sbar_dark_T5b_mid+0=584487.9375  sbar_dark_T5c_mid+0=574758.8750  sbar_dark_T5d_mid+0=588102.6875  sbar_dark_T4a_mid+1=98359.0391  sbar_dark_T4b_mid+1=27017.4941  sbar_dark_T4c_mid+1=59526.9297  sbar_dark_T4d_mid+1=74050.8359  sbar_dark_T5a_mid+1=249964.8906  sbar_dark_T5b_mid+1=319825.2500  sbar_dark_T5c_mid+1=276321.7188  sbar_dark_T5d_mid+1=246761.3594  sbar_dark_T4a_mid+2=47871.1953  sbar_dark_T4b_mid+2=64709.5547  sbar_dark_T4c_mid+2=46242.1875  sbar_dark_T4d_mid+2=25905.4570  sbar_dark_T5a_mid+2=446892.0625  sbar_dark_T5b_mid+2=419567.6875  sbar_dark_T5c_mid+2=435879.5938  sbar_dark_T5d_mid+2=417103.9375  sbar_dark_T4a_mid-1=129776.4062  sbar_dark_T4b_mid-1=163105.3906  sbar_dark_T4c_mid-1=104857.9141  sbar_dark_T4d_mid-1=114641.5156  sbar_dark_T5a_mid-1=2177178.7500  sbar_dark_T5b_mid-1=2035243.0000  sbar_dark_T5c_mid-1=2105353.5000  sbar_dark_T5d_mid-1=2182887.5000  sbar_dark_T4a_mid-2=37055.3086  sbar_dark_T4b_mid-2=38429.7656  sbar_dark_T4c_mid-2=48278.0859  sbar_dark_T4d_mid-2=19689.5605  sbar_dark_T5b_mid-2=1193530.6250  sbar_dark_T5c_mid-2=1159564.1250  sbar_dark_T5d_mid-2=1209125.5000  sbar_dark_T5a_mid-2=1137917.6250  sbar_dark_T4a_mid-1.5=13055.8779  sbar_dark_T4b_mid-1.5=15564.4668  sbar_dark_T4c_mid-1.5=17404.4043  sbar_dark_T4d_mid-1.5=8448.0371  sbar_dark_T5a_mid-1.5=382967.8125  sbar_dark_T5b_mid-1.5=402920.8125  sbar_dark_T5c_mid-1.5=373070.6250  sbar_dark_T5d_mid-1.5=355091.3125  sbar_dark_T4a_mid-0.5=64939.1992  sbar_dark_T4b_mid-0.5=43952.3203  sbar_dark_T4c_mid-0.5=89322.8438  sbar_dark_T4d_mid-0.5=24685.9160  sbar_dark_T5a_mid-0.5=783747.1250  sbar_dark_T5b_mid-0.5=897117.1875  sbar_dark_T5c_mid-0.5=767848.8125  sbar_dark_T5d_mid-0.5=931926.1875  sbar_dark_T4a_mid+0.5=43882.1680  sbar_dark_T4b_mid+0.5=79882.3750  sbar_dark_T4c_mid+0.5=26673.4219  sbar_dark_T4d_mid+0.5=45447.1875  sbar_dark_T5a_mid+0.5=160044.0312  sbar_dark_T5b_mid+0.5=144311.9688  sbar_dark_T5c_mid+0.5=197248.0312  sbar_dark_T5d_mid+0.5=139826.7656  sbar_dark_T4b_mid+1.5=14036.9141  sbar_dark_T4c_mid+1.5=9907.0801  sbar_dark_T4d_mid+1.5=11688.2051  sbar_dark_T5a_mid+1.5=69776.3047  sbar_dark_T5b_mid+1.5=68897.6328  sbar_dark_T5c_mid+1.5=75409.2422  sbar_dark_T5d_mid+1.5=54124.7344  sbar_dark_T4a_mid+1.5=8740.6172]:  10%|█         | 100/1000 [01:05<09:44,  1.54it/s] Cost: 500073.7812  [spread_bright_L5=1597676.6250  spread_bright_Mi1=1970270.6250  spread_bright_Tm3=1348263.1250  spread_bright_Mi4=2417198.7500  spread_dark_L1=901835.6875  spread_dark_L2=1845389.2500  spread_dark_L3=3051308.0000  spread_dark_L4=3193980.7500  spread_dark_Mi9=1939877.1250  spread_dark_Tm1=1487665.7500  spread_dark_Tm2=1333713.5000  spread_dark_Tm4=1679363.5000  spread_dark_Tm9=2531905.0000  sbar_bright_T4a_mid+0=622523.1250  sbar_bright_T4b_mid+0=617204.5000  sbar_bright_T4c_mid+0=629434.9375  sbar_bright_T4d_mid+0=630130.2500  sbar_bright_T5a_mid+0=86192.6953  sbar_bright_T5b_mid+0=91434.7500  sbar_bright_T5c_mid+0=109686.3984  sbar_bright_T5d_mid+0=95266.9375  sbar_bright_T4a_mid+1=249106.0156  sbar_bright_T4b_mid+1=223873.2344  sbar_bright_T4c_mid+1=227472.8594  sbar_bright_T4d_mid+1=245905.8438  sbar_bright_T5a_mid+1=165619.1406  sbar_bright_T5b_mid+1=181595.7500  sbar_bright_T5c_mid+1=162949.5938  sbar_bright_T5d_mid+1=165341.5938  sbar_bright_T4a_mid+2=94101.7344  sbar_bright_T4b_mid+2=82054.2188  sbar_bright_T4c_mid+2=74006.6328  sbar_bright_T4d_mid+2=86135.5391  sbar_bright_T5a_mid+2=348413.4688  sbar_bright_T5b_mid+2=317854.9062  sbar_bright_T5c_mid+2=343352.3750  sbar_bright_T5d_mid+2=332068.6875  sbar_bright_T4a_mid-1=2097633.2500  sbar_bright_T4b_mid-1=1751040.7500  sbar_bright_T4c_mid-1=2072279.7500  sbar_bright_T4d_mid-1=2226069.5000  sbar_bright_T5a_mid-1=373332.3750  sbar_bright_T5b_mid-1=330823.1250  sbar_bright_T5c_mid-1=351732.2500  sbar_bright_T5d_mid-1=389087.9062  sbar_bright_T4a_mid-2=555381.8750  sbar_bright_T4b_mid-2=505829.0000  sbar_bright_T4c_mid-2=517078.4375  sbar_bright_T4d_mid-2=566822.3750  sbar_bright_T5b_mid-2=145170.8594  sbar_bright_T5c_mid-2=131348.1562  sbar_bright_T5d_mid-2=145649.9375  sbar_bright_T5a_mid-2=142675.3906  sbar_bright_T4a_mid-1.5=263537.5625  sbar_bright_T4b_mid-1.5=265238.5625  sbar_bright_T4c_mid-1.5=250056.8438  sbar_bright_T4d_mid-1.5=286813.7812  sbar_bright_T5a_mid-1.5=137408.7812  sbar_bright_T5b_mid-1.5=144214.8438  sbar_bright_T5c_mid-1.5=133645.7812  sbar_bright_T5d_mid-1.5=127895.9453  sbar_bright_T4a_mid-0.5=1142366.6250  sbar_bright_T4b_mid-0.5=1184022.5000  sbar_bright_T4c_mid-0.5=1286125.6250  sbar_bright_T4d_mid-0.5=1285924.5000  sbar_bright_T5a_mid-0.5=136410.6094  sbar_bright_T5b_mid-0.5=157443.9375  sbar_bright_T5c_mid-0.5=120883.9375  sbar_bright_T5d_mid-0.5=153513.2812  sbar_bright_T4a_mid+0.5=249500.9062  sbar_bright_T4b_mid+0.5=172401.9844  sbar_bright_T4c_mid+0.5=174860.0312  sbar_bright_T4d_mid+0.5=200154.2500  sbar_bright_T5a_mid+0.5=56734.2461  sbar_bright_T5b_mid+0.5=53214.0703  sbar_bright_T5c_mid+0.5=56146.5234  sbar_bright_T5d_mid+0.5=47641.2148  sbar_bright_T4b_mid+1.5=52987.5938  sbar_bright_T4c_mid+1.5=51672.4102  sbar_bright_T4d_mid+1.5=36510.5078  sbar_bright_T5a_mid+1.5=75226.4297  sbar_bright_T5b_mid+1.5=74811.9766  sbar_bright_T5c_mid+1.5=77301.7188  sbar_bright_T5d_mid+1.5=59945.3281  sbar_bright_T4a_mid+1.5=46064.0234  sbar_dark_T4a_mid+0=90600.1406  sbar_dark_T4b_mid+0=97425.8906  sbar_dark_T4c_mid+0=119868.3828  sbar_dark_T4d_mid+0=105687.6797  sbar_dark_T5a_mid+0=673028.5000  sbar_dark_T5b_mid+0=607313.2500  sbar_dark_T5c_mid+0=588827.8750  sbar_dark_T5d_mid+0=618107.1875  sbar_dark_T4a_mid+1=100967.6641  sbar_dark_T4b_mid+1=26776.0059  sbar_dark_T4c_mid+1=51796.5391  sbar_dark_T4d_mid+1=72654.4375  sbar_dark_T5a_mid+1=242640.2812  sbar_dark_T5b_mid+1=298521.0625  sbar_dark_T5c_mid+1=269053.9375  sbar_dark_T5d_mid+1=240137.4375  sbar_dark_T4a_mid+2=42943.8516  sbar_dark_T4b_mid+2=70757.5000  sbar_dark_T4c_mid+2=45978.0469  sbar_dark_T4d_mid+2=24105.6758  sbar_dark_T5a_mid+2=430024.1250  sbar_dark_T5b_mid+2=399558.0312  sbar_dark_T5c_mid+2=415547.2188  sbar_dark_T5d_mid+2=400894.1562  sbar_dark_T4a_mid-1=139502.4688  sbar_dark_T4b_mid-1=162479.3281  sbar_dark_T4c_mid-1=101761.4609  sbar_dark_T4d_mid-1=111427.5000  sbar_dark_T5a_mid-1=2150842.7500  sbar_dark_T5b_mid-1=2065442.7500  sbar_dark_T5c_mid-1=2109901.7500  sbar_dark_T5d_mid-1=2170354.7500  sbar_dark_T4a_mid-2=36963.0312  sbar_dark_T4b_mid-2=40267.9258  sbar_dark_T4c_mid-2=54590.3438  sbar_dark_T4d_mid-2=20975.9336  sbar_dark_T5b_mid-2=1186336.7500  sbar_dark_T5c_mid-2=1139438.8750  sbar_dark_T5d_mid-2=1192635.2500  sbar_dark_T5a_mid-2=1145668.1250  sbar_dark_T4a_mid-1.5=12803.2422  sbar_dark_T4b_mid-1.5=15657.5742  sbar_dark_T4c_mid-1.5=19152.3945  sbar_dark_T4d_mid-1.5=7807.5737  sbar_dark_T5a_mid-1.5=379287.7188  sbar_dark_T5b_mid-1.5=399360.0312  sbar_dark_T5c_mid-1.5=371665.5625  sbar_dark_T5d_mid-1.5=354184.1875  sbar_dark_T4a_mid-0.5=77312.8516  sbar_dark_T4b_mid-0.5=46252.5898  sbar_dark_T4c_mid-0.5=88704.9453  sbar_dark_T4d_mid-0.5=26336.4805  sbar_dark_T5a_mid-0.5=800540.7500  sbar_dark_T5b_mid-0.5=901993.5625  sbar_dark_T5c_mid-0.5=773916.5000  sbar_dark_T5d_mid-0.5=909586.1875  sbar_dark_T4a_mid+0.5=44928.8477  sbar_dark_T4b_mid+0.5=80841.9844  sbar_dark_T4c_mid+0.5=24196.1562  sbar_dark_T4d_mid+0.5=54178.0078  sbar_dark_T5a_mid+0.5=159129.0625  sbar_dark_T5b_mid+0.5=148124.0625  sbar_dark_T5c_mid+0.5=184922.0469  sbar_dark_T5d_mid+0.5=140330.5469  sbar_dark_T4b_mid+1.5=13544.3564  sbar_dark_T4c_mid+1.5=9277.8662  sbar_dark_T4d_mid+1.5=10840.3223  sbar_dark_T5a_mid+1.5=63693.6562  sbar_dark_T5b_mid+1.5=62464.3359  sbar_dark_T5c_mid+1.5=66769.5312  sbar_dark_T5d_mid+1.5=49661.4727  sbar_dark_T4a_mid+1.5=9522.0801]:    11%|█         | 110/1000 [01:11<09:38,  1.54it/s] Cost: 488075.9688  [spread_bright_L5=1576004.0000  spread_bright_Mi1=2011695.1250  spread_bright_Tm3=1365883.1250  spread_bright_Mi4=2228640.0000  spread_dark_L1=850246.1250  spread_dark_L2=1790635.5000  spread_dark_L3=2894851.2500  spread_dark_L4=3175161.5000  spread_dark_Mi9=1727419.3750  spread_dark_Tm1=1584957.7500  spread_dark_Tm2=1352109.6250  spread_dark_Tm4=1824541.8750  spread_dark_Tm9=2150151.2500  sbar_bright_T4a_mid+0=596201.8125  sbar_bright_T4b_mid+0=575595.2500  sbar_bright_T4c_mid+0=579954.5625  sbar_bright_T4d_mid+0=575928.1250  sbar_bright_T5a_mid+0=93711.0625  sbar_bright_T5b_mid+0=95655.3906  sbar_bright_T5c_mid+0=113578.7031  sbar_bright_T5d_mid+0=96695.3125  sbar_bright_T4a_mid+1=250438.2812  sbar_bright_T4b_mid+1=226578.7188  sbar_bright_T4c_mid+1=248041.2969  sbar_bright_T4d_mid+1=255298.4688  sbar_bright_T5a_mid+1=151047.5000  sbar_bright_T5b_mid+1=167959.1094  sbar_bright_T5c_mid+1=150413.1406  sbar_bright_T5d_mid+1=154554.9219  sbar_bright_T4a_mid+2=106273.6875  sbar_bright_T4b_mid+2=93911.5781  sbar_bright_T4c_mid+2=81747.8047  sbar_bright_T4d_mid+2=96678.1172  sbar_bright_T5a_mid+2=313735.7500  sbar_bright_T5b_mid+2=291409.5312  sbar_bright_T5c_mid+2=313850.9375  sbar_bright_T5d_mid+2=307307.8750  sbar_bright_T4a_mid-1=2009701.7500  sbar_bright_T4b_mid-1=1664621.3750  sbar_bright_T4c_mid-1=1983252.8750  sbar_bright_T4d_mid-1=2158291.0000  sbar_bright_T5a_mid-1=377458.2500  sbar_bright_T5b_mid-1=352430.0000  sbar_bright_T5c_mid-1=370093.8750  sbar_bright_T5d_mid-1=394897.0312  sbar_bright_T4a_mid-2=531820.4375  sbar_bright_T4b_mid-2=455539.0312  sbar_bright_T4c_mid-2=476002.0938  sbar_bright_T4d_mid-2=517731.5625  sbar_bright_T5b_mid-2=136924.2969  sbar_bright_T5c_mid-2=122396.6641  sbar_bright_T5d_mid-2=138263.4375  sbar_bright_T5a_mid-2=137594.9531  sbar_bright_T4a_mid-1.5=258908.4688  sbar_bright_T4b_mid-1.5=270377.8125  sbar_bright_T4c_mid-1.5=243100.4844  sbar_bright_T4d_mid-1.5=287133.5625  sbar_bright_T5a_mid-1.5=133442.5625  sbar_bright_T5b_mid-1.5=143390.1250  sbar_bright_T5c_mid-1.5=132250.1094  sbar_bright_T5d_mid-1.5=126835.2969  sbar_bright_T4a_mid-0.5=1094309.5000  sbar_bright_T4b_mid-0.5=1142305.0000  sbar_bright_T4c_mid-0.5=1238862.1250  sbar_bright_T4d_mid-0.5=1267364.2500  sbar_bright_T5a_mid-0.5=142678.7969  sbar_bright_T5b_mid-0.5=159520.9688  sbar_bright_T5c_mid-0.5=126236.6250  sbar_bright_T5d_mid-0.5=151547.3281  sbar_bright_T4a_mid+0.5=228344.5938  sbar_bright_T4b_mid+0.5=156163.6562  sbar_bright_T4c_mid+0.5=163764.1406  sbar_bright_T4d_mid+0.5=180811.2031  sbar_bright_T5a_mid+0.5=55097.0586  sbar_bright_T5b_mid+0.5=52250.8828  sbar_bright_T5c_mid+0.5=53181.5117  sbar_bright_T5d_mid+0.5=45263.6133  sbar_bright_T4b_mid+1.5=62676.0156  sbar_bright_T4c_mid+1.5=67066.6953  sbar_bright_T4d_mid+1.5=41180.2500  sbar_bright_T5a_mid+1.5=68034.1328  sbar_bright_T5b_mid+1.5=68268.8750  sbar_bright_T5c_mid+1.5=67324.5703  sbar_bright_T5d_mid+1.5=53986.1758  sbar_bright_T4a_mid+1.5=55651.3047  sbar_dark_T4a_mid+0=118527.4375  sbar_dark_T4b_mid+0=122559.0547  sbar_dark_T4c_mid+0=120925.2109  sbar_dark_T4d_mid+0=111288.2500  sbar_dark_T5a_mid+0=702150.5000  sbar_dark_T5b_mid+0=638158.2500  sbar_dark_T5c_mid+0=591962.5000  sbar_dark_T5d_mid+0=639629.3125  sbar_dark_T4a_mid+1=85935.6172  sbar_dark_T4b_mid+1=29281.4551  sbar_dark_T4c_mid+1=52076.3945  sbar_dark_T4d_mid+1=73418.3672  sbar_dark_T5a_mid+1=232288.8594  sbar_dark_T5b_mid+1=271241.7500  sbar_dark_T5c_mid+1=257663.6406  sbar_dark_T5d_mid+1=231561.2344  sbar_dark_T4a_mid+2=45857.0391  sbar_dark_T4b_mid+2=81847.9219  sbar_dark_T4c_mid+2=58201.7734  sbar_dark_T4d_mid+2=29530.7480  sbar_dark_T5a_mid+2=397592.9375  sbar_dark_T5b_mid+2=368874.6250  sbar_dark_T5c_mid+2=387645.5625  sbar_dark_T5d_mid+2=377929.7188  sbar_dark_T4a_mid-1=153935.1094  sbar_dark_T4b_mid-1=167038.0625  sbar_dark_T4c_mid-1=109113.9219  sbar_dark_T4d_mid-1=121031.3047  sbar_dark_T5a_mid-1=2115857.5000  sbar_dark_T5b_mid-1=2063633.5000  sbar_dark_T5c_mid-1=2098087.2500  sbar_dark_T5d_mid-1=2146784.0000  sbar_dark_T4a_mid-2=52982.2344  sbar_dark_T4b_mid-2=51897.0273  sbar_dark_T4c_mid-2=75569.4453  sbar_dark_T4d_mid-2=33402.5078  sbar_dark_T5b_mid-2=1167255.8750  sbar_dark_T5c_mid-2=1103623.7500  sbar_dark_T5d_mid-2=1168693.8750  sbar_dark_T5a_mid-2=1145434.5000  sbar_dark_T4a_mid-1.5=15485.2725  sbar_dark_T4b_mid-1.5=19755.4141  sbar_dark_T4c_mid-1.5=22126.4297  sbar_dark_T4d_mid-1.5=9419.7549  sbar_dark_T5a_mid-1.5=371643.1562  sbar_dark_T5b_mid-1.5=394353.0938  sbar_dark_T5c_mid-1.5=366918.7500  sbar_dark_T5d_mid-1.5=351358.0312  sbar_dark_T4a_mid-0.5=57609.3594  sbar_dark_T4b_mid-0.5=49054.9727  sbar_dark_T4c_mid-0.5=96546.0469  sbar_dark_T4d_mid-0.5=25366.7754  sbar_dark_T5a_mid-0.5=803530.0000  sbar_dark_T5b_mid-0.5=892676.6875  sbar_dark_T5c_mid-0.5=768271.3125  sbar_dark_T5d_mid-0.5=883437.5000  sbar_dark_T4a_mid+0.5=35790.1797  sbar_dark_T4b_mid+0.5=68944.5547  sbar_dark_T4c_mid+0.5=27000.2578  sbar_dark_T4d_mid+0.5=57311.0547  sbar_dark_T5a_mid+0.5=155076.3906  sbar_dark_T5b_mid+0.5=144129.9062  sbar_dark_T5c_mid+0.5=175468.4688  sbar_dark_T5d_mid+0.5=137286.5781  sbar_dark_T4b_mid+1.5=13816.5264  sbar_dark_T4c_mid+1.5=11990.7285  sbar_dark_T4d_mid+1.5=10571.0342  sbar_dark_T5a_mid+1.5=57381.9766  sbar_dark_T5b_mid+1.5=57211.6914  sbar_dark_T5c_mid+1.5=58498.3945  sbar_dark_T5d_mid+1.5=44918.7266  sbar_dark_T4a_mid+1.5=11274.0488]:  12%|█▏        | 120/1000 [01:18<09:32,  1.54it/s] Cost: 479687.6562  [spread_bright_L5=1606150.1250  spread_bright_Mi1=2073620.0000  spread_bright_Tm3=1438884.5000  spread_bright_Mi4=2559155.0000  spread_dark_L1=873852.8125  spread_dark_L2=1549021.2500  spread_dark_L3=2740404.5000  spread_dark_L4=3109540.7500  spread_dark_Mi9=1581260.1250  spread_dark_Tm1=2112550.5000  spread_dark_Tm2=1429901.1250  spread_dark_Tm4=2061739.8750  spread_dark_Tm9=2166196.7500  sbar_bright_T4a_mid+0=481509.4375  sbar_bright_T4b_mid+0=519508.3438  sbar_bright_T4c_mid+0=524934.0625  sbar_bright_T4d_mid+0=558219.3750  sbar_bright_T5a_mid+0=110230.6094  sbar_bright_T5b_mid+0=113200.5000  sbar_bright_T5c_mid+0=123963.8281  sbar_bright_T5d_mid+0=101989.2031  sbar_bright_T4a_mid+1=278859.5312  sbar_bright_T4b_mid+1=247721.1562  sbar_bright_T4c_mid+1=288235.5938  sbar_bright_T4d_mid+1=275608.8750  sbar_bright_T5a_mid+1=126290.0547  sbar_bright_T5b_mid+1=136962.2188  sbar_bright_T5c_mid+1=123836.5625  sbar_bright_T5d_mid+1=129845.0234  sbar_bright_T4a_mid+2=124953.0703  sbar_bright_T4b_mid+2=121622.1328  sbar_bright_T4c_mid+2=103018.2031  sbar_bright_T4d_mid+2=118151.2422  sbar_bright_T5a_mid+2=244955.0000  sbar_bright_T5b_mid+2=231417.1719  sbar_bright_T5c_mid+2=250670.2031  sbar_bright_T5d_mid+2=244144.5781  sbar_bright_T4a_mid-1=1962969.6250  sbar_bright_T4b_mid-1=1601494.2500  sbar_bright_T4c_mid-1=1922769.6250  sbar_bright_T4d_mid-1=2165699.5000  sbar_bright_T5a_mid-1=346294.8438  sbar_bright_T5b_mid-1=352853.7812  sbar_bright_T5c_mid-1=360909.7500  sbar_bright_T5d_mid-1=370234.9375  sbar_bright_T4a_mid-2=492291.9062  sbar_bright_T4b_mid-2=435415.0000  sbar_bright_T4c_mid-2=482975.9688  sbar_bright_T4d_mid-2=479338.5938  sbar_bright_T5b_mid-2=108524.4375  sbar_bright_T5c_mid-2=91788.1719  sbar_bright_T5d_mid-2=108696.6094  sbar_bright_T5a_mid-2=121103.9062  sbar_bright_T4a_mid-1.5=240806.3906  sbar_bright_T4b_mid-1.5=261949.0312  sbar_bright_T4c_mid-1.5=252243.6406  sbar_bright_T4d_mid-1.5=284265.1875  sbar_bright_T5a_mid-1.5=116469.2891  sbar_bright_T5b_mid-1.5=132384.6875  sbar_bright_T5c_mid-1.5=118424.4922  sbar_bright_T5d_mid-1.5=121694.0625  sbar_bright_T4a_mid-0.5=1047175.5625  sbar_bright_T4b_mid-0.5=1117829.3750  sbar_bright_T4c_mid-0.5=1201845.6250  sbar_bright_T4d_mid-0.5=1251199.3750  sbar_bright_T5a_mid-0.5=140043.8438  sbar_bright_T5b_mid-0.5=153857.0312  sbar_bright_T5c_mid-0.5=122470.4141  sbar_bright_T5d_mid-0.5=135342.7031  sbar_bright_T4a_mid+0.5=213168.2969  sbar_bright_T4b_mid+0.5=155817.5312  sbar_bright_T4c_mid+0.5=159162.4531  sbar_bright_T4d_mid+0.5=173318.2031  sbar_bright_T5a_mid+0.5=53671.1133  sbar_bright_T5b_mid+0.5=48334.2656  sbar_bright_T5c_mid+0.5=41145.6562  sbar_bright_T5d_mid+0.5=44023.0859  sbar_bright_T4b_mid+1.5=77687.8672  sbar_bright_T4c_mid+1.5=78260.0547  sbar_bright_T4d_mid+1.5=46700.3555  sbar_bright_T5a_mid+1.5=49819.2188  sbar_bright_T5b_mid+1.5=53248.5312  sbar_bright_T5c_mid+1.5=42937.1289  sbar_bright_T5d_mid+1.5=39967.4844  sbar_bright_T4a_mid+1.5=72134.7734  sbar_dark_T4a_mid+0=123356.6641  sbar_dark_T4b_mid+0=130145.2344  sbar_dark_T4c_mid+0=87782.3438  sbar_dark_T4d_mid+0=94633.1719  sbar_dark_T5a_mid+0=714409.9375  sbar_dark_T5b_mid+0=621051.8125  sbar_dark_T5c_mid+0=573181.1875  sbar_dark_T5d_mid+0=652953.1875  sbar_dark_T4a_mid+1=84792.5312  sbar_dark_T4b_mid+1=40267.8633  sbar_dark_T4c_mid+1=49834.7734  sbar_dark_T4d_mid+1=49474.0703  sbar_dark_T5a_mid+1=219231.0156  sbar_dark_T5b_mid+1=241328.2969  sbar_dark_T5c_mid+1=241528.8438  sbar_dark_T5d_mid+1=210996.5625  sbar_dark_T4a_mid+2=58894.5664  sbar_dark_T4b_mid+2=76247.6875  sbar_dark_T4c_mid+2=65160.8984  sbar_dark_T4d_mid+2=43588.9453  sbar_dark_T5a_mid+2=359125.5938  sbar_dark_T5b_mid+2=333257.5312  sbar_dark_T5c_mid+2=342594.4688  sbar_dark_T5d_mid+2=349554.5312  sbar_dark_T4a_mid-1=186748.9062  sbar_dark_T4b_mid-1=157348.2500  sbar_dark_T4c_mid-1=110813.4766  sbar_dark_T4d_mid-1=104026.7188  sbar_dark_T5a_mid-1=2069494.0000  sbar_dark_T5b_mid-1=2027329.0000  sbar_dark_T5c_mid-1=2059650.7500  sbar_dark_T5d_mid-1=2097041.7500  sbar_dark_T4a_mid-2=75937.8828  sbar_dark_T4b_mid-2=52383.0273  sbar_dark_T4c_mid-2=62914.3789  sbar_dark_T4d_mid-2=34655.1758  sbar_dark_T5b_mid-2=1133143.3750  sbar_dark_T5c_mid-2=1048246.8125  sbar_dark_T5d_mid-2=1103559.1250  sbar_dark_T5a_mid-2=1120867.7500  sbar_dark_T4a_mid-1.5=23077.2207  sbar_dark_T4b_mid-1.5=19268.1992  sbar_dark_T4c_mid-1.5=22103.4766  sbar_dark_T4d_mid-1.5=8637.1621  sbar_dark_T5a_mid-1.5=361818.7188  sbar_dark_T5b_mid-1.5=380430.5000  sbar_dark_T5c_mid-1.5=356229.4688  sbar_dark_T5d_mid-1.5=349425.4062  sbar_dark_T4a_mid-0.5=37708.5508  sbar_dark_T4b_mid-0.5=43821.7969  sbar_dark_T4c_mid-0.5=59612.5391  sbar_dark_T4d_mid-0.5=31666.3516  sbar_dark_T5a_mid-0.5=762573.5625  sbar_dark_T5b_mid-0.5=851444.3125  sbar_dark_T5c_mid-0.5=732763.5625  sbar_dark_T5d_mid-0.5=816431.1250  sbar_dark_T4a_mid+0.5=23760.4941  sbar_dark_T4b_mid+0.5=35959.4609  sbar_dark_T4c_mid+0.5=22377.6602  sbar_dark_T4d_mid+0.5=30874.5918  sbar_dark_T5a_mid+0.5=129348.3516  sbar_dark_T5b_mid+0.5=122091.9141  sbar_dark_T5c_mid+0.5=138820.2188  sbar_dark_T5d_mid+0.5=122817.8594  sbar_dark_T4b_mid+1.5=21663.8789  sbar_dark_T4c_mid+1.5=19883.7031  sbar_dark_T4d_mid+1.5=11095.7900  sbar_dark_T5a_mid+1.5=52928.1250  sbar_dark_T5b_mid+1.5=57085.8906  sbar_dark_T5c_mid+1.5=56530.9180  sbar_dark_T5d_mid+1.5=50328.7305  sbar_dark_T4a_mid+1.5=17933.7031]:  13%|█▎        | 130/1000 [01:24<09:29,  1.53it/s] Cost: 473431.0312  [spread_bright_L5=1653246.8750  spread_bright_Mi1=1895821.5000  spread_bright_Tm3=1360645.2500  spread_bright_Mi4=2345566.5000  spread_dark_L1=830664.8125  spread_dark_L2=1587386.7500  spread_dark_L3=2628616.0000  spread_dark_L4=3111045.0000  spread_dark_Mi9=1988781.5000  spread_dark_Tm1=2495061.7500  spread_dark_Tm2=1628742.7500  spread_dark_Tm4=1981644.8750  spread_dark_Tm9=1766357.5000  sbar_bright_T4a_mid+0=477691.7500  sbar_bright_T4b_mid+0=538894.0000  sbar_bright_T4c_mid+0=512564.9062  sbar_bright_T4d_mid+0=558951.5000  sbar_bright_T5a_mid+0=98467.4141  sbar_bright_T5b_mid+0=102505.5000  sbar_bright_T5c_mid+0=109188.2500  sbar_bright_T5d_mid+0=98760.3516  sbar_bright_T4a_mid+1=265296.5938  sbar_bright_T4b_mid+1=236088.0156  sbar_bright_T4c_mid+1=251409.6406  sbar_bright_T4d_mid+1=240954.9062  sbar_bright_T5a_mid+1=126934.0469  sbar_bright_T5b_mid+1=135202.1875  sbar_bright_T5c_mid+1=120315.7031  sbar_bright_T5d_mid+1=132127.2969  sbar_bright_T4a_mid+2=104852.2656  sbar_bright_T4b_mid+2=84000.0000  sbar_bright_T4c_mid+2=84639.2422  sbar_bright_T4d_mid+2=88592.9766  sbar_bright_T5a_mid+2=233846.4531  sbar_bright_T5b_mid+2=218109.3438  sbar_bright_T5c_mid+2=233971.2031  sbar_bright_T5d_mid+2=233071.3594  sbar_bright_T4a_mid-1=1940368.0000  sbar_bright_T4b_mid-1=1737212.1250  sbar_bright_T4c_mid-1=1945625.7500  sbar_bright_T4d_mid-1=2153965.0000  sbar_bright_T5a_mid-1=374825.6562  sbar_bright_T5b_mid-1=380141.5625  sbar_bright_T5c_mid-1=386132.9375  sbar_bright_T5d_mid-1=393306.8750  sbar_bright_T4a_mid-2=498705.8438  sbar_bright_T4b_mid-2=454871.8750  sbar_bright_T4c_mid-2=449219.4375  sbar_bright_T4d_mid-2=484107.3438  sbar_bright_T5b_mid-2=104330.1562  sbar_bright_T5c_mid-2=90536.7344  sbar_bright_T5d_mid-2=102206.7656  sbar_bright_T5a_mid-2=106394.3516  sbar_bright_T4a_mid-1.5=243693.6250  sbar_bright_T4b_mid-1.5=223325.2812  sbar_bright_T4c_mid-1.5=213240.5469  sbar_bright_T4d_mid-1.5=281192.7188  sbar_bright_T5a_mid-1.5=107836.7656  sbar_bright_T5b_mid-1.5=121398.7109  sbar_bright_T5c_mid-1.5=103557.3750  sbar_bright_T5d_mid-1.5=99545.7344  sbar_bright_T4a_mid-0.5=1120210.2500  sbar_bright_T4b_mid-0.5=1129359.0000  sbar_bright_T4c_mid-0.5=1284770.8750  sbar_bright_T4d_mid-0.5=1231400.7500  sbar_bright_T5a_mid-0.5=151535.4062  sbar_bright_T5b_mid-0.5=158042.6562  sbar_bright_T5c_mid-0.5=128733.6406  sbar_bright_T5d_mid-0.5=144058.2188  sbar_bright_T4a_mid+0.5=234744.8906  sbar_bright_T4b_mid+0.5=171417.8906  sbar_bright_T4c_mid+0.5=162940.8750  sbar_bright_T4d_mid+0.5=179125.5781  sbar_bright_T5a_mid+0.5=57559.7852  sbar_bright_T5b_mid+0.5=51829.0039  sbar_bright_T5c_mid+0.5=40017.8711  sbar_bright_T5d_mid+0.5=39116.2656  sbar_bright_T4b_mid+1.5=49666.0820  sbar_bright_T4c_mid+1.5=57796.5938  sbar_bright_T4d_mid+1.5=36685.8203  sbar_bright_T5a_mid+1.5=53221.7852  sbar_bright_T5b_mid+1.5=57516.0859  sbar_bright_T5c_mid+1.5=48326.6836  sbar_bright_T5d_mid+1.5=42380.2891  sbar_bright_T4a_mid+1.5=60739.1758  sbar_dark_T4a_mid+0=119085.4219  sbar_dark_T4b_mid+0=105346.7031  sbar_dark_T4c_mid+0=95915.8359  sbar_dark_T4d_mid+0=99159.7188  sbar_dark_T5a_mid+0=834132.8750  sbar_dark_T5b_mid+0=715104.1875  sbar_dark_T5c_mid+0=614101.4375  sbar_dark_T5d_mid+0=692765.2500  sbar_dark_T4a_mid+1=111195.5938  sbar_dark_T4b_mid+1=25196.3418  sbar_dark_T4c_mid+1=45314.1523  sbar_dark_T4d_mid+1=56674.2812  sbar_dark_T5a_mid+1=206957.7031  sbar_dark_T5b_mid+1=227309.6875  sbar_dark_T5c_mid+1=253627.7812  sbar_dark_T5d_mid+1=203501.0625  sbar_dark_T4a_mid+2=62773.0742  sbar_dark_T4b_mid+2=53088.0781  sbar_dark_T4c_mid+2=60009.1562  sbar_dark_T4d_mid+2=27168.3867  sbar_dark_T5a_mid+2=318582.3750  sbar_dark_T5b_mid+2=297081.6875  sbar_dark_T5c_mid+2=321996.5312  sbar_dark_T5d_mid+2=319526.1562  sbar_dark_T4a_mid-1=185570.6250  sbar_dark_T4b_mid-1=148521.5781  sbar_dark_T4c_mid-1=133952.4062  sbar_dark_T4d_mid-1=119230.5234  sbar_dark_T5a_mid-1=1936834.5000  sbar_dark_T5b_mid-1=1904617.7500  sbar_dark_T5c_mid-1=1958969.2500  sbar_dark_T5d_mid-1=1955790.6250  sbar_dark_T4a_mid-2=90019.3359  sbar_dark_T4b_mid-2=68688.3984  sbar_dark_T4c_mid-2=110364.0625  sbar_dark_T4d_mid-2=45055.4336  sbar_dark_T5b_mid-2=1064339.0000  sbar_dark_T5c_mid-2=981552.0000  sbar_dark_T5d_mid-2=1040643.0000  sbar_dark_T5a_mid-2=1037237.8750  sbar_dark_T4a_mid-1.5=26597.1680  sbar_dark_T4b_mid-1.5=26671.8477  sbar_dark_T4c_mid-1.5=32867.7969  sbar_dark_T4d_mid-1.5=9126.5029  sbar_dark_T5a_mid-1.5=310061.0938  sbar_dark_T5b_mid-1.5=350657.3438  sbar_dark_T5c_mid-1.5=312836.0312  sbar_dark_T5d_mid-1.5=303683.4688  sbar_dark_T4a_mid-0.5=61074.1250  sbar_dark_T4b_mid-0.5=45557.6836  sbar_dark_T4c_mid-0.5=88834.8438  sbar_dark_T4d_mid-0.5=31270.1406  sbar_dark_T5a_mid-0.5=711011.2500  sbar_dark_T5b_mid-0.5=801540.8750  sbar_dark_T5c_mid-0.5=696740.3125  sbar_dark_T5d_mid-0.5=750986.8750  sbar_dark_T4a_mid+0.5=36115.5508  sbar_dark_T4b_mid+0.5=40982.5859  sbar_dark_T4c_mid+0.5=23413.1113  sbar_dark_T4d_mid+0.5=35402.6016  sbar_dark_T5a_mid+0.5=126706.5234  sbar_dark_T5b_mid+0.5=120279.9844  sbar_dark_T5c_mid+0.5=144460.4688  sbar_dark_T5d_mid+0.5=121441.8125  sbar_dark_T4b_mid+1.5=7368.5386  sbar_dark_T4c_mid+1.5=7615.6431  sbar_dark_T4d_mid+1.5=10680.3877  sbar_dark_T5a_mid+1.5=49389.1445  sbar_dark_T5b_mid+1.5=51999.9492  sbar_dark_T5c_mid+1.5=50076.4609  sbar_dark_T5d_mid+1.5=41634.5117  sbar_dark_T4a_mid+1.5=7645.2783]:          14%|█▍        | 140/1000 [01:31<09:21,  1.53it/s] Cost: 455696.5312  [spread_bright_L5=1694020.7500  spread_bright_Mi1=1797147.3750  spread_bright_Tm3=1347697.7500  spread_bright_Mi4=2108426.2500  spread_dark_L1=812287.3750  spread_dark_L2=1411207.1250  spread_dark_L3=2578316.7500  spread_dark_L4=3145409.7500  spread_dark_Mi9=1314350.3750  spread_dark_Tm1=1892935.3750  spread_dark_Tm2=1544133.2500  spread_dark_Tm4=1795005.2500  spread_dark_Tm9=1788426.7500  sbar_bright_T4a_mid+0=435497.7500  sbar_bright_T4b_mid+0=507305.1875  sbar_bright_T4c_mid+0=497480.5000  sbar_bright_T4d_mid+0=518786.8438  sbar_bright_T5a_mid+0=106325.2266  sbar_bright_T5b_mid+0=117071.8750  sbar_bright_T5c_mid+0=129053.0234  sbar_bright_T5d_mid+0=112853.1562  sbar_bright_T4a_mid+1=279321.6875  sbar_bright_T4b_mid+1=247967.5938  sbar_bright_T4c_mid+1=264183.0000  sbar_bright_T4d_mid+1=262078.8438  sbar_bright_T5a_mid+1=121781.1094  sbar_bright_T5b_mid+1=131967.5000  sbar_bright_T5c_mid+1=121186.7031  sbar_bright_T5d_mid+1=124241.1875  sbar_bright_T4a_mid+2=116930.7656  sbar_bright_T4b_mid+2=95956.3438  sbar_bright_T4c_mid+2=94712.9062  sbar_bright_T4d_mid+2=103320.6875  sbar_bright_T5a_mid+2=217307.1562  sbar_bright_T5b_mid+2=206734.2656  sbar_bright_T5c_mid+2=225303.8906  sbar_bright_T5d_mid+2=215208.9844  sbar_bright_T4a_mid-1=1985897.0000  sbar_bright_T4b_mid-1=1669681.8750  sbar_bright_T4c_mid-1=1967282.6250  sbar_bright_T4d_mid-1=2121248.2500  sbar_bright_T5a_mid-1=377096.7188  sbar_bright_T5b_mid-1=385672.7812  sbar_bright_T5c_mid-1=394096.3125  sbar_bright_T5d_mid-1=389071.2812  sbar_bright_T4a_mid-2=475708.4062  sbar_bright_T4b_mid-2=434940.0312  sbar_bright_T4c_mid-2=439275.3750  sbar_bright_T4d_mid-2=473695.3125  sbar_bright_T5b_mid-2=101602.3672  sbar_bright_T5c_mid-2=89526.3594  sbar_bright_T5d_mid-2=99403.7969  sbar_bright_T5a_mid-2=106304.1016  sbar_bright_T4a_mid-1.5=242547.0938  sbar_bright_T4b_mid-1.5=228520.2188  sbar_bright_T4c_mid-1.5=216293.2031  sbar_bright_T4d_mid-1.5=284654.9062  sbar_bright_T5a_mid-1.5=104718.0156  sbar_bright_T5b_mid-1.5=115736.2656  sbar_bright_T5c_mid-1.5=99152.7656  sbar_bright_T5d_mid-1.5=96695.3828  sbar_bright_T4a_mid-0.5=1102636.6250  sbar_bright_T4b_mid-0.5=1123147.0000  sbar_bright_T4c_mid-0.5=1243039.0000  sbar_bright_T4d_mid-0.5=1236153.8750  sbar_bright_T5a_mid-0.5=153975.7500  sbar_bright_T5b_mid-0.5=156381.9219  sbar_bright_T5c_mid-0.5=138393.7500  sbar_bright_T5d_mid-0.5=143910.5938  sbar_bright_T4a_mid+0.5=225355.9062  sbar_bright_T4b_mid+0.5=162055.0938  sbar_bright_T4c_mid+0.5=160077.9531  sbar_bright_T4d_mid+0.5=169093.3438  sbar_bright_T5a_mid+0.5=57239.3789  sbar_bright_T5b_mid+0.5=52913.9922  sbar_bright_T5c_mid+0.5=41372.7148  sbar_bright_T5d_mid+0.5=46333.8516  sbar_bright_T4b_mid+1.5=65205.4883  sbar_bright_T4c_mid+1.5=76189.1016  sbar_bright_T4d_mid+1.5=45982.4102  sbar_bright_T5a_mid+1.5=48296.5898  sbar_bright_T5b_mid+1.5=51649.8555  sbar_bright_T5c_mid+1.5=42626.2734  sbar_bright_T5d_mid+1.5=39440.6680  sbar_bright_T4a_mid+1.5=73418.9766  sbar_dark_T4a_mid+0=92524.2734  sbar_dark_T4b_mid+0=111482.8906  sbar_dark_T4c_mid+0=76013.4609  sbar_dark_T4d_mid+0=97852.7188  sbar_dark_T5a_mid+0=650119.8125  sbar_dark_T5b_mid+0=624053.3125  sbar_dark_T5c_mid+0=526707.3125  sbar_dark_T5d_mid+0=604431.1875  sbar_dark_T4a_mid+1=85589.2891  sbar_dark_T4b_mid+1=26569.0273  sbar_dark_T4c_mid+1=40126.4844  sbar_dark_T4d_mid+1=44029.8320  sbar_dark_T5a_mid+1=210022.6250  sbar_dark_T5b_mid+1=238947.7344  sbar_dark_T5c_mid+1=247306.0156  sbar_dark_T5d_mid+1=198184.0625  sbar_dark_T4a_mid+2=57762.4062  sbar_dark_T4b_mid+2=46540.0703  sbar_dark_T4c_mid+2=53737.9023  sbar_dark_T4d_mid+2=33699.3789  sbar_dark_T5a_mid+2=309801.6875  sbar_dark_T5b_mid+2=297342.5000  sbar_dark_T5c_mid+2=319131.9688  sbar_dark_T5d_mid+2=310479.6562  sbar_dark_T4a_mid-1=189567.1719  sbar_dark_T4b_mid-1=155787.1875  sbar_dark_T4c_mid-1=119446.9922  sbar_dark_T4d_mid-1=114499.3516  sbar_dark_T5a_mid-1=1993318.0000  sbar_dark_T5b_mid-1=1861484.0000  sbar_dark_T5c_mid-1=1964410.5000  sbar_dark_T5d_mid-1=1953507.6250  sbar_dark_T4a_mid-2=87569.1016  sbar_dark_T4b_mid-2=74071.7500  sbar_dark_T4c_mid-2=105351.7500  sbar_dark_T4d_mid-2=51275.9023  sbar_dark_T5b_mid-2=1069983.6250  sbar_dark_T5c_mid-2=981059.5000  sbar_dark_T5d_mid-2=1054345.6250  sbar_dark_T5a_mid-2=1057929.0000  sbar_dark_T4a_mid-1.5=24171.4238  sbar_dark_T4b_mid-1.5=26506.7695  sbar_dark_T4c_mid-1.5=29415.6348  sbar_dark_T4d_mid-1.5=11021.3545  sbar_dark_T5a_mid-1.5=317005.7188  sbar_dark_T5b_mid-1.5=348512.3750  sbar_dark_T5c_mid-1.5=312997.3125  sbar_dark_T5d_mid-1.5=302612.0000  sbar_dark_T4a_mid-0.5=36724.2500  sbar_dark_T4b_mid-0.5=44491.8516  sbar_dark_T4c_mid-0.5=58738.0820  sbar_dark_T4d_mid-0.5=30031.8027  sbar_dark_T5a_mid-0.5=732906.7500  sbar_dark_T5b_mid-0.5=797063.7500  sbar_dark_T5c_mid-0.5=704615.6250  sbar_dark_T5d_mid-0.5=756454.0000  sbar_dark_T4a_mid+0.5=25598.7305  sbar_dark_T4b_mid+0.5=26350.7695  sbar_dark_T4c_mid+0.5=22110.0332  sbar_dark_T4d_mid+0.5=26247.8066  sbar_dark_T5a_mid+0.5=133542.5312  sbar_dark_T5b_mid+0.5=116612.8203  sbar_dark_T5c_mid+0.5=127065.3203  sbar_dark_T5d_mid+0.5=105307.6953  sbar_dark_T4b_mid+1.5=8447.3184  sbar_dark_T4c_mid+1.5=10080.6230  sbar_dark_T4d_mid+1.5=9223.4863  sbar_dark_T5a_mid+1.5=51973.8594  sbar_dark_T5b_mid+1.5=57879.7344  sbar_dark_T5c_mid+1.5=57872.6094  sbar_dark_T5d_mid+1.5=48525.9023  sbar_dark_T4a_mid+1.5=12524.7715]:  15%|█▌        | 150/1000 [01:37<09:15,  1.53it/s] Cost: 445944.5625  [spread_bright_L5=1702758.5000  spread_bright_Mi1=1696959.0000  spread_bright_Tm3=1368909.0000  spread_bright_Mi4=2074165.6250  spread_dark_L1=849946.8125  spread_dark_L2=1171538.3750  spread_dark_L3=2501266.0000  spread_dark_L4=3112703.2500  spread_dark_Mi9=1339447.0000  spread_dark_Tm1=2196900.2500  spread_dark_Tm2=1637355.5000  spread_dark_Tm4=1947770.7500  spread_dark_Tm9=1801492.8750  sbar_bright_T4a_mid+0=442180.5938  sbar_bright_T4b_mid+0=480406.9062  sbar_bright_T4c_mid+0=426455.3125  sbar_bright_T4d_mid+0=489756.7188  sbar_bright_T5a_mid+0=129157.6953  sbar_bright_T5b_mid+0=136533.3281  sbar_bright_T5c_mid+0=152735.0312  sbar_bright_T5d_mid+0=132627.7344  sbar_bright_T4a_mid+1=282804.9062  sbar_bright_T4b_mid+1=253483.5469  sbar_bright_T4c_mid+1=297481.0000  sbar_bright_T4d_mid+1=274250.5312  sbar_bright_T5a_mid+1=118955.6016  sbar_bright_T5b_mid+1=125766.3359  sbar_bright_T5c_mid+1=119334.7500  sbar_bright_T5d_mid+1=121867.9531  sbar_bright_T4a_mid+2=119322.1406  sbar_bright_T4b_mid+2=119078.6172  sbar_bright_T4c_mid+2=122940.2344  sbar_bright_T4d_mid+2=117103.9297  sbar_bright_T5a_mid+2=193799.1562  sbar_bright_T5b_mid+2=181447.7656  sbar_bright_T5c_mid+2=200090.0156  sbar_bright_T5d_mid+2=191200.7812  sbar_bright_T4a_mid-1=1794430.5000  sbar_bright_T4b_mid-1=1522302.7500  sbar_bright_T4c_mid-1=1793836.0000  sbar_bright_T4d_mid-1=2018491.0000  sbar_bright_T5a_mid-1=398468.6562  sbar_bright_T5b_mid-1=413746.7500  sbar_bright_T5c_mid-1=420832.1250  sbar_bright_T5d_mid-1=409867.2812  sbar_bright_T4a_mid-2=448584.8125  sbar_bright_T4b_mid-2=385071.1562  sbar_bright_T4c_mid-2=385145.6875  sbar_bright_T4d_mid-2=430838.1250  sbar_bright_T5b_mid-2=91750.5703  sbar_bright_T5c_mid-2=82910.7656  sbar_bright_T5d_mid-2=87989.8125  sbar_bright_T5a_mid-2=92637.8359  sbar_bright_T4a_mid-1.5=228588.9219  sbar_bright_T4b_mid-1.5=199802.4688  sbar_bright_T4c_mid-1.5=178805.7812  sbar_bright_T4d_mid-1.5=271480.6562  sbar_bright_T5a_mid-1.5=101688.2422  sbar_bright_T5b_mid-1.5=108023.6172  sbar_bright_T5c_mid-1.5=90788.6172  sbar_bright_T5d_mid-1.5=85709.3828  sbar_bright_T4a_mid-0.5=1018162.1250  sbar_bright_T4b_mid-0.5=1039514.1250  sbar_bright_T4c_mid-0.5=1165034.7500  sbar_bright_T4d_mid-0.5=1184756.8750  sbar_bright_T5a_mid-0.5=166535.7812  sbar_bright_T5b_mid-0.5=162274.3281  sbar_bright_T5c_mid-0.5=153060.1250  sbar_bright_T5d_mid-0.5=152824.4688  sbar_bright_T4a_mid+0.5=206991.5625  sbar_bright_T4b_mid+0.5=144183.7969  sbar_bright_T4c_mid+0.5=149560.7344  sbar_bright_T4d_mid+0.5=148382.7344  sbar_bright_T5a_mid+0.5=61901.1719  sbar_bright_T5b_mid+0.5=57927.1992  sbar_bright_T5c_mid+0.5=46739.7578  sbar_bright_T5d_mid+0.5=61758.4922  sbar_bright_T4b_mid+1.5=75660.6172  sbar_bright_T4c_mid+1.5=97069.8750  sbar_bright_T4d_mid+1.5=50689.5781  sbar_bright_T5a_mid+1.5=45586.5391  sbar_bright_T5b_mid+1.5=49327.9492  sbar_bright_T5c_mid+1.5=42475.4531  sbar_bright_T5d_mid+1.5=39208.9023  sbar_bright_T4a_mid+1.5=83053.0156  sbar_dark_T4a_mid+0=161750.1719  sbar_dark_T4b_mid+0=164735.6406  sbar_dark_T4c_mid+0=118079.1875  sbar_dark_T4d_mid+0=124642.4844  sbar_dark_T5a_mid+0=606049.0625  sbar_dark_T5b_mid+0=561375.6250  sbar_dark_T5c_mid+0=461316.6875  sbar_dark_T5d_mid+0=537422.0000  sbar_dark_T4a_mid+1=89596.9844  sbar_dark_T4b_mid+1=36035.3359  sbar_dark_T4c_mid+1=48219.6992  sbar_dark_T4d_mid+1=49281.9492  sbar_dark_T5a_mid+1=208242.0312  sbar_dark_T5b_mid+1=244262.7031  sbar_dark_T5c_mid+1=248159.5000  sbar_dark_T5d_mid+1=200839.0469  sbar_dark_T4a_mid+2=63843.2969  sbar_dark_T4b_mid+2=54999.6992  sbar_dark_T4c_mid+2=80656.8750  sbar_dark_T4d_mid+2=48196.8047  sbar_dark_T5a_mid+2=287216.5312  sbar_dark_T5b_mid+2=281640.3438  sbar_dark_T5c_mid+2=310039.0000  sbar_dark_T5d_mid+2=299099.8750  sbar_dark_T4a_mid-1=213942.3438  sbar_dark_T4b_mid-1=196202.1719  sbar_dark_T4c_mid-1=159536.9531  sbar_dark_T4d_mid-1=135433.0938  sbar_dark_T5a_mid-1=1902760.8750  sbar_dark_T5b_mid-1=1774917.2500  sbar_dark_T5c_mid-1=1901914.1250  sbar_dark_T5d_mid-1=1856901.7500  sbar_dark_T4a_mid-2=118534.5312  sbar_dark_T4b_mid-2=104357.5312  sbar_dark_T4c_mid-2=143947.5781  sbar_dark_T4d_mid-2=83132.3047  sbar_dark_T5b_mid-2=1026168.2500  sbar_dark_T5c_mid-2=924368.0000  sbar_dark_T5d_mid-2=981599.0000  sbar_dark_T5a_mid-2=991454.3750  sbar_dark_T4a_mid-1.5=31398.4316  sbar_dark_T4b_mid-1.5=37155.8945  sbar_dark_T4c_mid-1.5=51241.1328  sbar_dark_T4d_mid-1.5=13181.6045  sbar_dark_T5a_mid-1.5=282499.1562  sbar_dark_T5b_mid-1.5=319637.3750  sbar_dark_T5c_mid-1.5=277457.2188  sbar_dark_T5d_mid-1.5=267422.7500  sbar_dark_T4a_mid-0.5=33666.6953  sbar_dark_T4b_mid-0.5=56445.1836  sbar_dark_T4c_mid-0.5=81721.2734  sbar_dark_T4d_mid-0.5=35582.3516  sbar_dark_T5a_mid-0.5=677533.6250  sbar_dark_T5b_mid-0.5=747543.4375  sbar_dark_T5c_mid-0.5=672426.2500  sbar_dark_T5d_mid-0.5=710823.3125  sbar_dark_T4a_mid+0.5=23629.0430  sbar_dark_T4b_mid+0.5=29100.1211  sbar_dark_T4c_mid+0.5=31323.7578  sbar_dark_T4d_mid+0.5=30332.3828  sbar_dark_T5a_mid+0.5=120758.4375  sbar_dark_T5b_mid+0.5=108015.3516  sbar_dark_T5c_mid+0.5=117788.0156  sbar_dark_T5d_mid+0.5=96196.5625  sbar_dark_T4b_mid+1.5=10596.3770  sbar_dark_T4c_mid+1.5=16682.5449  sbar_dark_T4d_mid+1.5=9468.0332  sbar_dark_T5a_mid+1.5=54220.7773  sbar_dark_T5b_mid+1.5=58726.5547  sbar_dark_T5c_mid+1.5=64490.0234  sbar_dark_T5d_mid+1.5=54899.2695  sbar_dark_T4a_mid+1.5=15977.1309]:  16%|█▌        | 160/1000 [01:44<09:12,  1.52it/s] Cost: 438404.2812  [spread_bright_L5=1752642.6250  spread_bright_Mi1=1618734.1250  spread_bright_Tm3=1336671.8750  spread_bright_Mi4=2030245.2500  spread_dark_L1=890737.6875  spread_dark_L2=1092890.0000  spread_dark_L3=2386458.0000  spread_dark_L4=2992928.2500  spread_dark_Mi9=1408230.1250  spread_dark_Tm1=2297115.0000  spread_dark_Tm2=1653814.3750  spread_dark_Tm4=1797751.7500  spread_dark_Tm9=1685133.1250  sbar_bright_T4a_mid+0=424592.8750  sbar_bright_T4b_mid+0=460444.7812  sbar_bright_T4c_mid+0=449860.7500  sbar_bright_T4d_mid+0=466132.4062  sbar_bright_T5a_mid+0=124164.9922  sbar_bright_T5b_mid+0=124150.4688  sbar_bright_T5c_mid+0=147522.1719  sbar_bright_T5d_mid+0=129466.4609  sbar_bright_T4a_mid+1=270793.6562  sbar_bright_T4b_mid+1=253849.0938  sbar_bright_T4c_mid+1=265035.0000  sbar_bright_T4d_mid+1=270938.7812  sbar_bright_T5a_mid+1=120954.2109  sbar_bright_T5b_mid+1=126725.9453  sbar_bright_T5c_mid+1=121873.8359  sbar_bright_T5d_mid+1=124433.3906  sbar_bright_T4a_mid+2=93583.9375  sbar_bright_T4b_mid+2=112666.5859  sbar_bright_T4c_mid+2=97977.7891  sbar_bright_T4d_mid+2=106708.5547  sbar_bright_T5a_mid+2=196987.7812  sbar_bright_T5b_mid+2=187771.2500  sbar_bright_T5c_mid+2=204257.8906  sbar_bright_T5d_mid+2=198045.0625  sbar_bright_T4a_mid-1=1836981.8750  sbar_bright_T4b_mid-1=1531610.2500  sbar_bright_T4c_mid-1=1843393.2500  sbar_bright_T4d_mid-1=2010278.2500  sbar_bright_T5a_mid-1=419170.0312  sbar_bright_T5b_mid-1=424366.8125  sbar_bright_T5c_mid-1=442056.4688  sbar_bright_T5d_mid-1=430487.8438  sbar_bright_T4a_mid-2=436001.1562  sbar_bright_T4b_mid-2=395556.7188  sbar_bright_T4c_mid-2=412580.6250  sbar_bright_T4d_mid-2=425928.5000  sbar_bright_T5b_mid-2=90456.2656  sbar_bright_T5c_mid-2=77527.8594  sbar_bright_T5d_mid-2=83107.3672  sbar_bright_T5a_mid-2=84020.9922  sbar_bright_T4a_mid-1.5=228257.9062  sbar_bright_T4b_mid-1.5=188417.9219  sbar_bright_T4c_mid-1.5=185278.2500  sbar_bright_T4d_mid-1.5=255989.7500  sbar_bright_T5a_mid-1.5=108368.6484  sbar_bright_T5b_mid-1.5=112681.6719  sbar_bright_T5c_mid-1.5=95097.4609  sbar_bright_T5d_mid-1.5=91349.4531  sbar_bright_T4a_mid-0.5=1079398.1250  sbar_bright_T4b_mid-0.5=1038023.4375  sbar_bright_T4c_mid-0.5=1236937.3750  sbar_bright_T4d_mid-0.5=1169657.2500  sbar_bright_T5a_mid-0.5=170713.2031  sbar_bright_T5b_mid-0.5=167455.0312  sbar_bright_T5c_mid-0.5=162655.8438  sbar_bright_T5d_mid-0.5=159379.6406  sbar_bright_T4a_mid+0.5=209788.7500  sbar_bright_T4b_mid+0.5=147028.7188  sbar_bright_T4c_mid+0.5=148155.5625  sbar_bright_T4d_mid+0.5=151506.0938  sbar_bright_T5a_mid+0.5=63343.6680  sbar_bright_T5b_mid+0.5=59761.6172  sbar_bright_T5c_mid+0.5=48401.4141  sbar_bright_T5d_mid+0.5=58609.3984  sbar_bright_T4b_mid+1.5=68572.3125  sbar_bright_T4c_mid+1.5=74514.5859  sbar_bright_T4d_mid+1.5=46871.2148  sbar_bright_T5a_mid+1.5=49058.0742  sbar_bright_T5b_mid+1.5=51525.2891  sbar_bright_T5c_mid+1.5=47006.3906  sbar_bright_T5d_mid+1.5=39979.5820  sbar_bright_T4a_mid+1.5=70502.2422  sbar_dark_T4a_mid+0=120413.8047  sbar_dark_T4b_mid+0=136087.8594  sbar_dark_T4c_mid+0=86601.1484  sbar_dark_T4d_mid+0=105235.1172  sbar_dark_T5a_mid+0=646099.7500  sbar_dark_T5b_mid+0=570288.6875  sbar_dark_T5c_mid+0=434699.4062  sbar_dark_T5d_mid+0=514008.3750  sbar_dark_T4a_mid+1=78822.2578  sbar_dark_T4b_mid+1=34117.1289  sbar_dark_T4c_mid+1=34116.8203  sbar_dark_T4d_mid+1=51163.0117  sbar_dark_T5a_mid+1=206295.9531  sbar_dark_T5b_mid+1=234626.7188  sbar_dark_T5c_mid+1=259581.2031  sbar_dark_T5d_mid+1=198783.1719  sbar_dark_T4a_mid+2=45100.1641  sbar_dark_T4b_mid+2=50963.1172  sbar_dark_T4c_mid+2=51473.7891  sbar_dark_T4d_mid+2=40838.1094  sbar_dark_T5a_mid+2=270733.0000  sbar_dark_T5b_mid+2=272785.9062  sbar_dark_T5c_mid+2=312523.1250  sbar_dark_T5d_mid+2=298800.6875  sbar_dark_T4a_mid-1=209632.8906  sbar_dark_T4b_mid-1=193202.3125  sbar_dark_T4c_mid-1=134633.7500  sbar_dark_T4d_mid-1=136119.6719  sbar_dark_T5a_mid-1=1843279.7500  sbar_dark_T5b_mid-1=1739432.6250  sbar_dark_T5c_mid-1=1873209.5000  sbar_dark_T5d_mid-1=1799276.5000  sbar_dark_T4a_mid-2=86868.1016  sbar_dark_T4b_mid-2=98954.3516  sbar_dark_T4c_mid-2=103725.8203  sbar_dark_T4d_mid-2=86832.3672  sbar_dark_T5b_mid-2=999487.7500  sbar_dark_T5c_mid-2=882020.7500  sbar_dark_T5d_mid-2=944773.1875  sbar_dark_T5a_mid-2=943162.0625  sbar_dark_T4a_mid-1.5=25979.5664  sbar_dark_T4b_mid-1.5=39746.1328  sbar_dark_T4c_mid-1.5=41843.5938  sbar_dark_T4d_mid-1.5=16311.3330  sbar_dark_T5a_mid-1.5=271840.7812  sbar_dark_T5b_mid-1.5=311892.1562  sbar_dark_T5c_mid-1.5=261148.9062  sbar_dark_T5d_mid-1.5=254914.6875  sbar_dark_T4a_mid-0.5=32449.5918  sbar_dark_T4b_mid-0.5=56765.6758  sbar_dark_T4c_mid-0.5=64450.8672  sbar_dark_T4d_mid-0.5=37661.7812  sbar_dark_T5a_mid-0.5=658129.2500  sbar_dark_T5b_mid-0.5=733168.0625  sbar_dark_T5c_mid-0.5=660406.6250  sbar_dark_T5d_mid-0.5=677046.6250  sbar_dark_T4a_mid+0.5=15834.5791  sbar_dark_T4b_mid+0.5=31550.4941  sbar_dark_T4c_mid+0.5=21610.8203  sbar_dark_T4d_mid+0.5=38198.7656  sbar_dark_T5a_mid+0.5=119691.3750  sbar_dark_T5b_mid+0.5=111717.8516  sbar_dark_T5c_mid+0.5=118389.5469  sbar_dark_T5d_mid+0.5=94636.5781  sbar_dark_T4b_mid+1.5=8674.6719  sbar_dark_T4c_mid+1.5=9909.0342  sbar_dark_T4d_mid+1.5=8804.7178  sbar_dark_T5a_mid+1.5=50437.5391  sbar_dark_T5b_mid+1.5=51979.7109  sbar_dark_T5c_mid+1.5=62681.9609  sbar_dark_T5d_mid+1.5=51958.7227  sbar_dark_T4a_mid+1.5=10787.3213]:          17%|█▋        | 170/1000 [01:51<09:04,  1.52it/s] Cost: 431132.3750  [spread_bright_L5=1747969.0000  spread_bright_Mi1=1519198.6250  spread_bright_Tm3=1300171.5000  spread_bright_Mi4=1993212.3750  spread_dark_L1=876857.8125  spread_dark_L2=1065798.2500  spread_dark_L3=2347885.5000  spread_dark_L4=2960620.7500  spread_dark_Mi9=1347539.0000  spread_dark_Tm1=2310427.0000  spread_dark_Tm2=1683236.2500  spread_dark_Tm4=1837521.7500  spread_dark_Tm9=1648362.7500  sbar_bright_T4a_mid+0=431669.1875  sbar_bright_T4b_mid+0=457860.7812  sbar_bright_T4c_mid+0=432725.1250  sbar_bright_T4d_mid+0=449617.5312  sbar_bright_T5a_mid+0=127064.1406  sbar_bright_T5b_mid+0=128709.1484  sbar_bright_T5c_mid+0=155204.0000  sbar_bright_T5d_mid+0=133224.2031  sbar_bright_T4a_mid+1=271464.1250  sbar_bright_T4b_mid+1=249156.6719  sbar_bright_T4c_mid+1=277120.9688  sbar_bright_T4d_mid+1=272939.2500  sbar_bright_T5a_mid+1=116504.6328  sbar_bright_T5b_mid+1=123017.7031  sbar_bright_T5c_mid+1=118153.0156  sbar_bright_T5d_mid+1=121919.1172  sbar_bright_T4a_mid+2=101240.4375  sbar_bright_T4b_mid+2=124551.3984  sbar_bright_T4c_mid+2=118279.1797  sbar_bright_T4d_mid+2=110256.3047  sbar_bright_T5a_mid+2=192604.2656  sbar_bright_T5b_mid+2=181939.3125  sbar_bright_T5c_mid+2=196075.6719  sbar_bright_T5d_mid+2=191314.6406  sbar_bright_T4a_mid-1=1744672.7500  sbar_bright_T4b_mid-1=1506241.3750  sbar_bright_T4c_mid-1=1781784.7500  sbar_bright_T4d_mid-1=1961981.2500  sbar_bright_T5a_mid-1=422783.1875  sbar_bright_T5b_mid-1=431287.9062  sbar_bright_T5c_mid-1=450152.1562  sbar_bright_T5d_mid-1=431938.4375  sbar_bright_T4a_mid-2=389778.1875  sbar_bright_T4b_mid-2=382859.0000  sbar_bright_T4c_mid-2=383682.6250  sbar_bright_T4d_mid-2=408172.6562  sbar_bright_T5b_mid-2=87000.3359  sbar_bright_T5c_mid-2=73363.7578  sbar_bright_T5d_mid-2=79069.4297  sbar_bright_T5a_mid-2=79227.6875  sbar_bright_T4a_mid-1.5=219630.5156  sbar_bright_T4b_mid-1.5=184232.3125  sbar_bright_T4c_mid-1.5=170976.8281  sbar_bright_T4d_mid-1.5=246643.5156  sbar_bright_T5a_mid-1.5=111000.6406  sbar_bright_T5b_mid-1.5=112843.6250  sbar_bright_T5c_mid-1.5=96472.0391  sbar_bright_T5d_mid-1.5=90608.1562  sbar_bright_T4a_mid-0.5=1035259.8750  sbar_bright_T4b_mid-0.5=1020216.0625  sbar_bright_T4c_mid-0.5=1198935.2500  sbar_bright_T4d_mid-0.5=1152636.1250  sbar_bright_T5a_mid-0.5=171842.3594  sbar_bright_T5b_mid-0.5=169028.5156  sbar_bright_T5c_mid-0.5=165860.5938  sbar_bright_T5d_mid-0.5=162081.0625  sbar_bright_T4a_mid+0.5=201306.3906  sbar_bright_T4b_mid+0.5=143104.2344  sbar_bright_T4c_mid+0.5=143517.4219  sbar_bright_T4d_mid+0.5=143484.4844  sbar_bright_T5a_mid+0.5=63100.8438  sbar_bright_T5b_mid+0.5=60583.6055  sbar_bright_T5c_mid+0.5=49827.5547  sbar_bright_T5d_mid+0.5=64296.4609  sbar_bright_T4b_mid+1.5=72982.5312  sbar_bright_T4c_mid+1.5=82829.0938  sbar_bright_T4d_mid+1.5=50441.7891  sbar_bright_T5a_mid+1.5=47124.6562  sbar_bright_T5b_mid+1.5=49289.0938  sbar_bright_T5c_mid+1.5=45136.5625  sbar_bright_T5d_mid+1.5=37515.8906  sbar_bright_T4a_mid+1.5=83951.5703  sbar_dark_T4a_mid+0=159524.4844  sbar_dark_T4b_mid+0=151539.2812  sbar_dark_T4c_mid+0=101999.7031  sbar_dark_T4d_mid+0=122575.2969  sbar_dark_T5a_mid+0=580906.0625  sbar_dark_T5b_mid+0=527706.6875  sbar_dark_T5c_mid+0=396977.2812  sbar_dark_T5d_mid+0=463413.6250  sbar_dark_T4a_mid+1=86384.2031  sbar_dark_T4b_mid+1=34952.9297  sbar_dark_T4c_mid+1=39800.5625  sbar_dark_T4d_mid+1=55690.7734  sbar_dark_T5a_mid+1=210092.7812  sbar_dark_T5b_mid+1=236582.6250  sbar_dark_T5c_mid+1=260779.2500  sbar_dark_T5d_mid+1=207188.3125  sbar_dark_T4a_mid+2=56993.2305  sbar_dark_T4b_mid+2=52932.0508  sbar_dark_T4c_mid+2=70633.6797  sbar_dark_T4d_mid+2=43581.8711  sbar_dark_T5a_mid+2=265461.3125  sbar_dark_T5b_mid+2=270291.0000  sbar_dark_T5c_mid+2=308326.5000  sbar_dark_T5d_mid+2=301653.6250  sbar_dark_T4a_mid-1=244706.1406  sbar_dark_T4b_mid-1=188140.1094  sbar_dark_T4c_mid-1=149670.7500  sbar_dark_T4d_mid-1=141974.4531  sbar_dark_T5a_mid-1=1800231.8750  sbar_dark_T5b_mid-1=1679542.2500  sbar_dark_T5c_mid-1=1805402.2500  sbar_dark_T5d_mid-1=1749671.8750  sbar_dark_T4a_mid-2=103170.7188  sbar_dark_T4b_mid-2=97020.8047  sbar_dark_T4c_mid-2=116840.7656  sbar_dark_T4d_mid-2=94970.3594  sbar_dark_T5b_mid-2=970976.4375  sbar_dark_T5c_mid-2=841212.9375  sbar_dark_T5d_mid-2=898889.7500  sbar_dark_T5a_mid-2=916185.6875  sbar_dark_T4a_mid-1.5=29398.6445  sbar_dark_T4b_mid-1.5=40554.8828  sbar_dark_T4c_mid-1.5=51148.0742  sbar_dark_T4d_mid-1.5=18882.8066  sbar_dark_T5a_mid-1.5=265543.0312  sbar_dark_T5b_mid-1.5=303361.0312  sbar_dark_T5c_mid-1.5=249769.0781  sbar_dark_T5d_mid-1.5=242365.2812  sbar_dark_T4a_mid-0.5=38662.5625  sbar_dark_T4b_mid-0.5=56450.3281  sbar_dark_T4c_mid-0.5=77483.0234  sbar_dark_T4d_mid-0.5=39463.7422  sbar_dark_T5a_mid-0.5=647516.0625  sbar_dark_T5b_mid-0.5=724548.4375  sbar_dark_T5c_mid-0.5=638812.1875  sbar_dark_T5d_mid-0.5=655611.3125  sbar_dark_T4a_mid+0.5=16215.7217  sbar_dark_T4b_mid+0.5=31225.7363  sbar_dark_T4c_mid+0.5=23858.1465  sbar_dark_T4d_mid+0.5=41615.8203  sbar_dark_T5a_mid+0.5=118008.2891  sbar_dark_T5b_mid+0.5=107569.2891  sbar_dark_T5c_mid+0.5=113751.8047  sbar_dark_T5d_mid+0.5=95463.0078  sbar_dark_T4b_mid+1.5=9033.9297  sbar_dark_T4c_mid+1.5=13310.5859  sbar_dark_T4d_mid+1.5=7786.9111  sbar_dark_T5a_mid+1.5=50745.6992  sbar_dark_T5b_mid+1.5=53001.8555  sbar_dark_T5c_mid+1.5=66182.4609  sbar_dark_T5d_mid+1.5=57608.3516  sbar_dark_T4a_mid+1.5=16072.0840]:  18%|█▊        | 180/1000 [01:57<08:56,  1.53it/s] Cost: 426941.5938  [spread_bright_L5=1706565.6250  spread_bright_Mi1=1514257.6250  spread_bright_Tm3=1297873.3750  spread_bright_Mi4=2011428.7500  spread_dark_L1=871351.2500  spread_dark_L2=1291580.2500  spread_dark_L3=2355654.5000  spread_dark_L4=2900487.0000  spread_dark_Mi9=1374360.3750  spread_dark_Tm1=2088869.2500  spread_dark_Tm2=1668279.6250  spread_dark_Tm4=1765900.2500  spread_dark_Tm9=1773236.6250  sbar_bright_T4a_mid+0=446278.5000  sbar_bright_T4b_mid+0=447255.0312  sbar_bright_T4c_mid+0=448319.5000  sbar_bright_T4d_mid+0=437057.1875  sbar_bright_T5a_mid+0=142828.4219  sbar_bright_T5b_mid+0=148501.4062  sbar_bright_T5c_mid+0=175671.8750  sbar_bright_T5d_mid+0=143052.2812  sbar_bright_T4a_mid+1=267528.5938  sbar_bright_T4b_mid+1=255645.4844  sbar_bright_T4c_mid+1=280595.0312  sbar_bright_T4d_mid+1=282053.9062  sbar_bright_T5a_mid+1=119544.4375  sbar_bright_T5b_mid+1=123133.4688  sbar_bright_T5c_mid+1=115792.8203  sbar_bright_T5d_mid+1=119820.3203  sbar_bright_T4a_mid+2=101413.0156  sbar_bright_T4b_mid+2=142516.5156  sbar_bright_T4c_mid+2=125914.7656  sbar_bright_T4d_mid+2=120477.6172  sbar_bright_T5a_mid+2=190737.9531  sbar_bright_T5b_mid+2=177701.3281  sbar_bright_T5c_mid+2=186510.2031  sbar_bright_T5d_mid+2=178893.5781  sbar_bright_T4a_mid-1=1750282.2500  sbar_bright_T4b_mid-1=1439887.8750  sbar_bright_T4c_mid-1=1765815.7500  sbar_bright_T4d_mid-1=1923049.6250  sbar_bright_T5a_mid-1=429123.5625  sbar_bright_T5b_mid-1=440757.3125  sbar_bright_T5c_mid-1=456218.7812  sbar_bright_T5d_mid-1=430660.0938  sbar_bright_T4a_mid-2=398454.8125  sbar_bright_T4b_mid-2=364812.4062  sbar_bright_T4c_mid-2=391095.3125  sbar_bright_T4d_mid-2=399594.5000  sbar_bright_T5b_mid-2=85400.6875  sbar_bright_T5c_mid-2=73491.7656  sbar_bright_T5d_mid-2=77375.3203  sbar_bright_T5a_mid-2=79764.8359  sbar_bright_T4a_mid-1.5=220754.2031  sbar_bright_T4b_mid-1.5=178506.1875  sbar_bright_T4c_mid-1.5=176789.0312  sbar_bright_T4d_mid-1.5=242292.3438  sbar_bright_T5a_mid-1.5=112096.4375  sbar_bright_T5b_mid-1.5=113153.0938  sbar_bright_T5c_mid-1.5=95889.8984  sbar_bright_T5d_mid-1.5=88376.1406  sbar_bright_T4a_mid-0.5=1028598.5000  sbar_bright_T4b_mid-0.5=981731.1875  sbar_bright_T4c_mid-0.5=1195289.7500  sbar_bright_T4d_mid-0.5=1125280.3750  sbar_bright_T5a_mid-0.5=171962.6719  sbar_bright_T5b_mid-0.5=169721.9844  sbar_bright_T5c_mid-0.5=164476.5469  sbar_bright_T5d_mid-0.5=162323.7344  sbar_bright_T4a_mid+0.5=195842.8594  sbar_bright_T4b_mid+0.5=130544.3828  sbar_bright_T4c_mid+0.5=141337.7344  sbar_bright_T4d_mid+0.5=137890.9844  sbar_bright_T5a_mid+0.5=64318.3867  sbar_bright_T5b_mid+0.5=61925.3203  sbar_bright_T5c_mid+0.5=53501.1328  sbar_bright_T5d_mid+0.5=70820.5547  sbar_bright_T4b_mid+1.5=84182.2500  sbar_bright_T4c_mid+1.5=92861.9453  sbar_bright_T4d_mid+1.5=57817.0977  sbar_bright_T5a_mid+1.5=45175.6211  sbar_bright_T5b_mid+1.5=47810.1836  sbar_bright_T5c_mid+1.5=41959.1719  sbar_bright_T5d_mid+1.5=35249.9805  sbar_bright_T4a_mid+1.5=86393.7266  sbar_dark_T4a_mid+0=171507.0156  sbar_dark_T4b_mid+0=180223.2969  sbar_dark_T4c_mid+0=111849.9531  sbar_dark_T4d_mid+0=139467.4688  sbar_dark_T5a_mid+0=539778.2500  sbar_dark_T5b_mid+0=491718.0938  sbar_dark_T5c_mid+0=367161.1562  sbar_dark_T5d_mid+0=422747.5625  sbar_dark_T4a_mid+1=62424.1016  sbar_dark_T4b_mid+1=39879.3789  sbar_dark_T4c_mid+1=41371.9727  sbar_dark_T4d_mid+1=51881.1602  sbar_dark_T5a_mid+1=229703.8906  sbar_dark_T5b_mid+1=239181.5312  sbar_dark_T5c_mid+1=280430.2812  sbar_dark_T5d_mid+1=215652.8438  sbar_dark_T4a_mid+2=50344.6211  sbar_dark_T4b_mid+2=57090.5430  sbar_dark_T4c_mid+2=67804.9297  sbar_dark_T4d_mid+2=48243.6914  sbar_dark_T5a_mid+2=266429.0000  sbar_dark_T5b_mid+2=268615.2500  sbar_dark_T5c_mid+2=305121.0000  sbar_dark_T5d_mid+2=298804.4688  sbar_dark_T4a_mid-1=238958.8438  sbar_dark_T4b_mid-1=201129.0312  sbar_dark_T4c_mid-1=142648.4219  sbar_dark_T4d_mid-1=146190.5156  sbar_dark_T5a_mid-1=1731856.1250  sbar_dark_T5b_mid-1=1617498.6250  sbar_dark_T5c_mid-1=1694201.8750  sbar_dark_T5d_mid-1=1694952.0000  sbar_dark_T4a_mid-2=95344.5625  sbar_dark_T4b_mid-2=105996.2734  sbar_dark_T4c_mid-2=104603.1250  sbar_dark_T4d_mid-2=97781.3203  sbar_dark_T5b_mid-2=952432.1875  sbar_dark_T5c_mid-2=808875.9375  sbar_dark_T5d_mid-2=873483.3750  sbar_dark_T5a_mid-2=904442.1250  sbar_dark_T4a_mid-1.5=28646.6641  sbar_dark_T4b_mid-1.5=43393.9062  sbar_dark_T4c_mid-1.5=49935.9414  sbar_dark_T4d_mid-1.5=19877.3828  sbar_dark_T5a_mid-1.5=265557.7188  sbar_dark_T5b_mid-1.5=300970.8125  sbar_dark_T5c_mid-1.5=251131.5469  sbar_dark_T5d_mid-1.5=240713.1094  sbar_dark_T4a_mid-0.5=23712.2402  sbar_dark_T4b_mid-0.5=63006.5898  sbar_dark_T4c_mid-0.5=54217.8672  sbar_dark_T4d_mid-0.5=42704.5781  sbar_dark_T5a_mid-0.5=639043.9375  sbar_dark_T5b_mid-0.5=723628.9375  sbar_dark_T5c_mid-0.5=593903.4375  sbar_dark_T5d_mid-0.5=627539.6875  sbar_dark_T4a_mid+0.5=11739.5957  sbar_dark_T4b_mid+0.5=25798.3320  sbar_dark_T4c_mid+0.5=28098.5566  sbar_dark_T4d_mid+0.5=34168.6875  sbar_dark_T5a_mid+0.5=115643.0859  sbar_dark_T5b_mid+0.5=103269.0469  sbar_dark_T5c_mid+0.5=103525.9453  sbar_dark_T5d_mid+0.5=102807.8984  sbar_dark_T4b_mid+1.5=12303.4141  sbar_dark_T4c_mid+1.5=14660.6436  sbar_dark_T4d_mid+1.5=8533.4688  sbar_dark_T5a_mid+1.5=53152.2461  sbar_dark_T5b_mid+1.5=57222.7383  sbar_dark_T5c_mid+1.5=72931.3594  sbar_dark_T5d_mid+1.5=65928.5625  sbar_dark_T4a_mid+1.5=16493.6270]:  19%|█▉        | 190/1000 [02:04<08:49,  1.53it/s] Cost: 422014.6250  [spread_bright_L5=1694274.7500  spread_bright_Mi1=1454841.1250  spread_bright_Tm3=1307634.6250  spread_bright_Mi4=1954658.6250  spread_dark_L1=909516.5000  spread_dark_L2=1042464.2500  spread_dark_L3=2196825.5000  spread_dark_L4=2935215.7500  spread_dark_Mi9=1583316.7500  spread_dark_Tm1=2191421.7500  spread_dark_Tm2=1726824.8750  spread_dark_Tm4=1744091.7500  spread_dark_Tm9=1966368.7500  sbar_bright_T4a_mid+0=388265.2188  sbar_bright_T4b_mid+0=414640.6562  sbar_bright_T4c_mid+0=386452.0938  sbar_bright_T4d_mid+0=420340.9062  sbar_bright_T5a_mid+0=168466.0625  sbar_bright_T5b_mid+0=159220.8594  sbar_bright_T5c_mid+0=203490.9688  sbar_bright_T5d_mid+0=153184.7344  sbar_bright_T4a_mid+1=283631.3125  sbar_bright_T4b_mid+1=271103.2812  sbar_bright_T4c_mid+1=304014.1250  sbar_bright_T4d_mid+1=284080.6875  sbar_bright_T5a_mid+1=130455.6719  sbar_bright_T5b_mid+1=131432.7969  sbar_bright_T5c_mid+1=120917.3281  sbar_bright_T5d_mid+1=127100.4219  sbar_bright_T4a_mid+2=120689.2500  sbar_bright_T4b_mid+2=164496.0000  sbar_bright_T4c_mid+2=146931.7500  sbar_bright_T4d_mid+2=120040.8672  sbar_bright_T5a_mid+2=184077.9375  sbar_bright_T5b_mid+2=178447.0469  sbar_bright_T5c_mid+2=171503.0156  sbar_bright_T5d_mid+2=168417.6406  sbar_bright_T4a_mid-1=1645446.6250  sbar_bright_T4b_mid-1=1325906.5000  sbar_bright_T4c_mid-1=1674126.1250  sbar_bright_T4d_mid-1=1887943.1250  sbar_bright_T5a_mid-1=460462.2188  sbar_bright_T5b_mid-1=456391.9375  sbar_bright_T5c_mid-1=487513.3750  sbar_bright_T5d_mid-1=441401.6250  sbar_bright_T4a_mid-2=366365.7188  sbar_bright_T4b_mid-2=340167.7500  sbar_bright_T4c_mid-2=342474.5000  sbar_bright_T4d_mid-2=372761.5312  sbar_bright_T5b_mid-2=85270.7891  sbar_bright_T5c_mid-2=79501.1406  sbar_bright_T5d_mid-2=77259.5547  sbar_bright_T5a_mid-2=82455.4766  sbar_bright_T4a_mid-1.5=203516.1250  sbar_bright_T4b_mid-1.5=190110.6562  sbar_bright_T4c_mid-1.5=155840.8906  sbar_bright_T4d_mid-1.5=229850.6406  sbar_bright_T5a_mid-1.5=117551.8828  sbar_bright_T5b_mid-1.5=115474.3750  sbar_bright_T5c_mid-1.5=94495.7500  sbar_bright_T5d_mid-1.5=85730.2656  sbar_bright_T4a_mid-0.5=993313.0625  sbar_bright_T4b_mid-0.5=956138.7500  sbar_bright_T4c_mid-0.5=1151075.5000  sbar_bright_T4d_mid-0.5=1126618.8750  sbar_bright_T5a_mid-0.5=182414.2344  sbar_bright_T5b_mid-0.5=172185.9531  sbar_bright_T5c_mid-0.5=162264.3125  sbar_bright_T5d_mid-0.5=162122.5625  sbar_bright_T4a_mid+0.5=189822.5156  sbar_bright_T4b_mid+0.5=126950.9453  sbar_bright_T4c_mid+0.5=133196.3438  sbar_bright_T4d_mid+0.5=134068.2969  sbar_bright_T5a_mid+0.5=74078.6172  sbar_bright_T5b_mid+0.5=65149.4180  sbar_bright_T5c_mid+0.5=55829.2773  sbar_bright_T5d_mid+0.5=79482.0938  sbar_bright_T4b_mid+1.5=87863.4141  sbar_bright_T4c_mid+1.5=100642.1328  sbar_bright_T4d_mid+1.5=54806.0703  sbar_bright_T5a_mid+1.5=46794.0586  sbar_bright_T5b_mid+1.5=53894.7617  sbar_bright_T5c_mid+1.5=46541.1172  sbar_bright_T5d_mid+1.5=39102.0664  sbar_bright_T4a_mid+1.5=98936.6797  sbar_dark_T4a_mid+0=173380.2031  sbar_dark_T4b_mid+0=173549.5625  sbar_dark_T4c_mid+0=117583.2656  sbar_dark_T4d_mid+0=121021.3281  sbar_dark_T5a_mid+0=639539.3750  sbar_dark_T5b_mid+0=440778.1250  sbar_dark_T5c_mid+0=333220.0625  sbar_dark_T5d_mid+0=383764.2500  sbar_dark_T4a_mid+1=91867.6016  sbar_dark_T4b_mid+1=43377.9219  sbar_dark_T4c_mid+1=48235.5781  sbar_dark_T4d_mid+1=51594.3086  sbar_dark_T5a_mid+1=265000.9062  sbar_dark_T5b_mid+1=225762.7344  sbar_dark_T5c_mid+1=302282.0000  sbar_dark_T5d_mid+1=232756.6875  sbar_dark_T4a_mid+2=75148.1406  sbar_dark_T4b_mid+2=69279.5625  sbar_dark_T4c_mid+2=93201.7266  sbar_dark_T4d_mid+2=48576.0742  sbar_dark_T5a_mid+2=242364.8750  sbar_dark_T5b_mid+2=255633.3438  sbar_dark_T5c_mid+2=297849.4062  sbar_dark_T5d_mid+2=300894.2812  sbar_dark_T4a_mid-1=302394.8125  sbar_dark_T4b_mid-1=250377.9219  sbar_dark_T4c_mid-1=168119.6406  sbar_dark_T4d_mid-1=156716.8281  sbar_dark_T5a_mid-1=1603566.6250  sbar_dark_T5b_mid-1=1581681.0000  sbar_dark_T5c_mid-1=1588221.5000  sbar_dark_T5d_mid-1=1602584.8750  sbar_dark_T4a_mid-2=133120.8281  sbar_dark_T4b_mid-2=133346.5469  sbar_dark_T4c_mid-2=148514.9062  sbar_dark_T4d_mid-2=106430.6797  sbar_dark_T5b_mid-2=900321.9375  sbar_dark_T5c_mid-2=736242.0625  sbar_dark_T5d_mid-2=802123.3125  sbar_dark_T5a_mid-2=811400.4375  sbar_dark_T4a_mid-1.5=36530.4414  sbar_dark_T4b_mid-1.5=52256.4609  sbar_dark_T4c_mid-1.5=62339.7070  sbar_dark_T4d_mid-1.5=23167.2285  sbar_dark_T5a_mid-1.5=245130.8750  sbar_dark_T5b_mid-1.5=299046.9375  sbar_dark_T5c_mid-1.5=234749.5469  sbar_dark_T5d_mid-1.5=232782.3750  sbar_dark_T4a_mid-0.5=39817.0430  sbar_dark_T4b_mid-0.5=75676.8750  sbar_dark_T4c_mid-0.5=83440.9609  sbar_dark_T4d_mid-0.5=42770.9727  sbar_dark_T5a_mid-0.5=567626.0625  sbar_dark_T5b_mid-0.5=713254.1250  sbar_dark_T5c_mid-0.5=544267.3125  sbar_dark_T5d_mid-0.5=578582.5625  sbar_dark_T4a_mid+0.5=18776.6289  sbar_dark_T4b_mid+0.5=31024.9883  sbar_dark_T4c_mid+0.5=27591.5371  sbar_dark_T4d_mid+0.5=39664.9453  sbar_dark_T5a_mid+0.5=98298.8828  sbar_dark_T5b_mid+0.5=94830.0234  sbar_dark_T5c_mid+0.5=99247.3672  sbar_dark_T5d_mid+0.5=114555.6406  sbar_dark_T4b_mid+1.5=12568.3350  sbar_dark_T4c_mid+1.5=18413.4004  sbar_dark_T4d_mid+1.5=7889.3916  sbar_dark_T5a_mid+1.5=50578.3984  sbar_dark_T5b_mid+1.5=56626.3516  sbar_dark_T5c_mid+1.5=83337.1406  sbar_dark_T5d_mid+1.5=78813.7031  sbar_dark_T4a_mid+1.5=20631.8828]:   20%|██        | 200/1000 [02:10<08:44,  1.53it/s] Cost: 427751.5000  [spread_bright_L5=1889063.6250  spread_bright_Mi1=1421260.2500  spread_bright_Tm3=1346143.2500  spread_bright_Mi4=2039863.5000  spread_dark_L1=987595.5625  spread_dark_L2=961573.3125  spread_dark_L3=2127661.7500  spread_dark_L4=2819051.0000  spread_dark_Mi9=1325412.5000  spread_dark_Tm1=1896655.8750  spread_dark_Tm2=1679877.8750  spread_dark_Tm4=1630735.1250  spread_dark_Tm9=1817681.8750  sbar_bright_T4a_mid+0=436697.0938  sbar_bright_T4b_mid+0=413538.8125  sbar_bright_T4c_mid+0=428820.3750  sbar_bright_T4d_mid+0=434348.5312  sbar_bright_T5a_mid+0=120867.3906  sbar_bright_T5b_mid+0=121144.4062  sbar_bright_T5c_mid+0=151312.9844  sbar_bright_T5d_mid+0=120587.0469  sbar_bright_T4a_mid+1=292334.5625  sbar_bright_T4b_mid+1=289379.4062  sbar_bright_T4c_mid+1=296404.3750  sbar_bright_T4d_mid+1=294884.4688  sbar_bright_T5a_mid+1=108183.9375  sbar_bright_T5b_mid+1=117871.1016  sbar_bright_T5c_mid+1=107229.9688  sbar_bright_T5d_mid+1=109653.0781  sbar_bright_T4a_mid+2=127696.5234  sbar_bright_T4b_mid+2=150212.0469  sbar_bright_T4c_mid+2=148652.3125  sbar_bright_T4d_mid+2=125727.9375  sbar_bright_T5a_mid+2=171631.2812  sbar_bright_T5b_mid+2=176247.4219  sbar_bright_T5c_mid+2=183328.2969  sbar_bright_T5d_mid+2=181390.9219  sbar_bright_T4a_mid-1=1759809.7500  sbar_bright_T4b_mid-1=1448633.0000  sbar_bright_T4c_mid-1=1751006.2500  sbar_bright_T4d_mid-1=1979456.3750  sbar_bright_T5a_mid-1=363523.7812  sbar_bright_T5b_mid-1=369238.5938  sbar_bright_T5c_mid-1=386594.7188  sbar_bright_T5d_mid-1=367895.2812  sbar_bright_T4a_mid-2=383810.0938  sbar_bright_T4b_mid-2=376638.2188  sbar_bright_T4c_mid-2=386427.6562  sbar_bright_T4d_mid-2=418735.5000  sbar_bright_T5b_mid-2=89604.7969  sbar_bright_T5c_mid-2=73901.9688  sbar_bright_T5d_mid-2=81576.0156  sbar_bright_T5a_mid-2=86134.0625  sbar_bright_T4a_mid-1.5=219056.5781  sbar_bright_T4b_mid-1.5=191012.3438  sbar_bright_T4c_mid-1.5=184640.6875  sbar_bright_T4d_mid-1.5=254047.1406  sbar_bright_T5a_mid-1.5=97807.2109  sbar_bright_T5b_mid-1.5=108541.4922  sbar_bright_T5c_mid-1.5=83353.7734  sbar_bright_T5d_mid-1.5=79889.2109  sbar_bright_T4a_mid-0.5=977777.3750  sbar_bright_T4b_mid-0.5=1016680.1250  sbar_bright_T4c_mid-0.5=1165352.2500  sbar_bright_T4d_mid-0.5=1172143.6250  sbar_bright_T5a_mid-0.5=143920.8906  sbar_bright_T5b_mid-0.5=147692.9219  sbar_bright_T5c_mid-0.5=132923.3281  sbar_bright_T5d_mid-0.5=134231.1250  sbar_bright_T4a_mid+0.5=200976.1094  sbar_bright_T4b_mid+0.5=136077.4062  sbar_bright_T4c_mid+0.5=152369.4531  sbar_bright_T4d_mid+0.5=151087.1094  sbar_bright_T5a_mid+0.5=50769.3008  sbar_bright_T5b_mid+0.5=47635.6250  sbar_bright_T5c_mid+0.5=40238.4688  sbar_bright_T5d_mid+0.5=52675.8789  sbar_bright_T4b_mid+1.5=90095.3672  sbar_bright_T4c_mid+1.5=116668.1250  sbar_bright_T4d_mid+1.5=60878.9531  sbar_bright_T5a_mid+1.5=39844.0273  sbar_bright_T5b_mid+1.5=46357.6094  sbar_bright_T5c_mid+1.5=38648.4609  sbar_bright_T5d_mid+1.5=33126.0508  sbar_bright_T4a_mid+1.5=102889.4219  sbar_dark_T4a_mid+0=177455.7812  sbar_dark_T4b_mid+0=139843.7188  sbar_dark_T4c_mid+0=112420.1641  sbar_dark_T4d_mid+0=103453.5625  sbar_dark_T5a_mid+0=575163.8125  sbar_dark_T5b_mid+0=440487.8750  sbar_dark_T5c_mid+0=325697.5625  sbar_dark_T5d_mid+0=396788.0000  sbar_dark_T4a_mid+1=77233.6875  sbar_dark_T4b_mid+1=31216.9414  sbar_dark_T4c_mid+1=47272.2734  sbar_dark_T4d_mid+1=47851.5820  sbar_dark_T5a_mid+1=264176.2500  sbar_dark_T5b_mid+1=259825.5938  sbar_dark_T5c_mid+1=324443.4062  sbar_dark_T5d_mid+1=255322.5938  sbar_dark_T4a_mid+2=48244.2148  sbar_dark_T4b_mid+2=55122.6328  sbar_dark_T4c_mid+2=62733.2500  sbar_dark_T4d_mid+2=28658.7578  sbar_dark_T5a_mid+2=323360.8125  sbar_dark_T5b_mid+2=315251.1250  sbar_dark_T5c_mid+2=349635.2812  sbar_dark_T5d_mid+2=349771.1875  sbar_dark_T4a_mid-1=219434.1562  sbar_dark_T4b_mid-1=171271.3750  sbar_dark_T4c_mid-1=132249.5000  sbar_dark_T4d_mid-1=117221.4688  sbar_dark_T5a_mid-1=1836416.5000  sbar_dark_T5b_mid-1=1734472.2500  sbar_dark_T5c_mid-1=1769630.5000  sbar_dark_T5d_mid-1=1815206.3750  sbar_dark_T4a_mid-2=97775.6484  sbar_dark_T4b_mid-2=88107.8438  sbar_dark_T4c_mid-2=102678.6172  sbar_dark_T4d_mid-2=53516.3555  sbar_dark_T5b_mid-2=1042463.8750  sbar_dark_T5c_mid-2=883648.9375  sbar_dark_T5d_mid-2=979279.0000  sbar_dark_T5a_mid-2=987085.2500  sbar_dark_T4a_mid-1.5=26914.1680  sbar_dark_T4b_mid-1.5=34366.4727  sbar_dark_T4c_mid-1.5=40890.9492  sbar_dark_T4d_mid-1.5=14454.2500  sbar_dark_T5a_mid-1.5=301060.6875  sbar_dark_T5b_mid-1.5=334237.2812  sbar_dark_T5c_mid-1.5=287073.3750  sbar_dark_T5d_mid-1.5=275378.4375  sbar_dark_T4a_mid-0.5=31060.8887  sbar_dark_T4b_mid-0.5=47249.9805  sbar_dark_T4c_mid-0.5=53093.1523  sbar_dark_T4d_mid-0.5=29290.3105  sbar_dark_T5a_mid-0.5=680579.8750  sbar_dark_T5b_mid-0.5=802884.3125  sbar_dark_T5c_mid-0.5=599006.6875  sbar_dark_T5d_mid-0.5=662494.8750  sbar_dark_T4a_mid+0.5=21803.0000  sbar_dark_T4b_mid+0.5=27376.5195  sbar_dark_T4c_mid+0.5=25512.4160  sbar_dark_T4d_mid+0.5=31184.7754  sbar_dark_T5a_mid+0.5=132790.3281  sbar_dark_T5b_mid+0.5=126412.1172  sbar_dark_T5c_mid+0.5=117586.0625  sbar_dark_T5d_mid+0.5=110076.1797  sbar_dark_T4b_mid+1.5=7862.8564  sbar_dark_T4c_mid+1.5=13577.7393  sbar_dark_T4d_mid+1.5=5675.5112  sbar_dark_T5a_mid+1.5=63739.7461  sbar_dark_T5b_mid+1.5=71940.0625  sbar_dark_T5c_mid+1.5=94280.0312  sbar_dark_T5d_mid+1.5=86986.0312  sbar_dark_T4a_mid+1.5=15139.2373]:  21%|██        | 210/1000 [02:17<08:37,  1.53it/s] Cost: 418213.2500  [spread_bright_L5=1759943.7500  spread_bright_Mi1=1501092.0000  spread_bright_Tm3=1447445.5000  spread_bright_Mi4=1840904.3750  spread_dark_L1=1002265.7500  spread_dark_L2=936389.6875  spread_dark_L3=2200064.5000  spread_dark_L4=2891648.5000  spread_dark_Mi9=1158225.5000  spread_dark_Tm1=2144527.5000  spread_dark_Tm2=1736108.1250  spread_dark_Tm4=1734880.5000  spread_dark_Tm9=1523289.7500  sbar_bright_T4a_mid+0=413155.4062  sbar_bright_T4b_mid+0=426083.7188  sbar_bright_T4c_mid+0=394044.3438  sbar_bright_T4d_mid+0=433841.9062  sbar_bright_T5a_mid+0=126775.0703  sbar_bright_T5b_mid+0=129686.9688  sbar_bright_T5c_mid+0=151834.8125  sbar_bright_T5d_mid+0=129065.1797  sbar_bright_T4a_mid+1=280444.6875  sbar_bright_T4b_mid+1=256561.5312  sbar_bright_T4c_mid+1=287603.7812  sbar_bright_T4d_mid+1=281307.9688  sbar_bright_T5a_mid+1=105522.6406  sbar_bright_T5b_mid+1=110553.9531  sbar_bright_T5c_mid+1=100074.6484  sbar_bright_T5d_mid+1=104607.0469  sbar_bright_T4a_mid+2=112586.6406  sbar_bright_T4b_mid+2=108411.9531  sbar_bright_T4c_mid+2=121470.5625  sbar_bright_T4d_mid+2=105479.7969  sbar_bright_T5a_mid+2=186290.7656  sbar_bright_T5b_mid+2=184090.4531  sbar_bright_T5c_mid+2=185766.1875  sbar_bright_T5d_mid+2=174658.5938  sbar_bright_T4a_mid-1=1717631.8750  sbar_bright_T4b_mid-1=1412937.7500  sbar_bright_T4c_mid-1=1734483.7500  sbar_bright_T4d_mid-1=1957438.5000  sbar_bright_T5a_mid-1=405861.7812  sbar_bright_T5b_mid-1=402193.1875  sbar_bright_T5c_mid-1=428402.1875  sbar_bright_T5d_mid-1=401882.0312  sbar_bright_T4a_mid-2=368450.9375  sbar_bright_T4b_mid-2=394368.9062  sbar_bright_T4c_mid-2=387613.6875  sbar_bright_T4d_mid-2=414428.4375  sbar_bright_T5b_mid-2=86506.7266  sbar_bright_T5c_mid-2=72800.6250  sbar_bright_T5d_mid-2=74924.8828  sbar_bright_T5a_mid-2=79778.0078  sbar_bright_T4a_mid-1.5=207686.0312  sbar_bright_T4b_mid-1.5=181273.3281  sbar_bright_T4c_mid-1.5=169313.1250  sbar_bright_T4d_mid-1.5=248137.8594  sbar_bright_T5a_mid-1.5=111903.9219  sbar_bright_T5b_mid-1.5=113901.0625  sbar_bright_T5c_mid-1.5=93541.1016  sbar_bright_T5d_mid-1.5=84952.6562  sbar_bright_T4a_mid-0.5=1010710.1250  sbar_bright_T4b_mid-0.5=1015627.0000  sbar_bright_T4c_mid-0.5=1196796.0000  sbar_bright_T4d_mid-0.5=1148052.7500  sbar_bright_T5a_mid-0.5=161495.5469  sbar_bright_T5b_mid-0.5=162259.8750  sbar_bright_T5c_mid-0.5=148805.5312  sbar_bright_T5d_mid-0.5=147041.5156  sbar_bright_T4a_mid+0.5=217399.6875  sbar_bright_T4b_mid+0.5=146199.6250  sbar_bright_T4c_mid+0.5=144853.9062  sbar_bright_T4d_mid+0.5=153563.8750  sbar_bright_T5a_mid+0.5=59019.8008  sbar_bright_T5b_mid+0.5=55856.0273  sbar_bright_T5c_mid+0.5=44670.1367  sbar_bright_T5d_mid+0.5=57573.7734  sbar_bright_T4b_mid+1.5=59383.9805  sbar_bright_T4c_mid+1.5=78100.7891  sbar_bright_T4d_mid+1.5=43915.4297  sbar_bright_T5a_mid+1.5=42976.1719  sbar_bright_T5b_mid+1.5=47997.2578  sbar_bright_T5c_mid+1.5=39872.3906  sbar_bright_T5d_mid+1.5=31564.4941  sbar_bright_T4a_mid+1.5=72995.0000  sbar_dark_T4a_mid+0=99396.6094  sbar_dark_T4b_mid+0=101869.3125  sbar_dark_T4c_mid+0=93811.6172  sbar_dark_T4d_mid+0=82346.4766  sbar_dark_T5a_mid+0=534314.6875  sbar_dark_T5b_mid+0=409925.3125  sbar_dark_T5c_mid+0=305582.0000  sbar_dark_T5d_mid+0=397359.4375  sbar_dark_T4a_mid+1=102994.7734  sbar_dark_T4b_mid+1=26084.1992  sbar_dark_T4c_mid+1=39033.0664  sbar_dark_T4d_mid+1=47045.0234  sbar_dark_T5a_mid+1=253474.1562  sbar_dark_T5b_mid+1=247888.4688  sbar_dark_T5c_mid+1=292120.0000  sbar_dark_T5d_mid+1=230848.7188  sbar_dark_T4a_mid+2=52712.5742  sbar_dark_T4b_mid+2=47123.8203  sbar_dark_T4c_mid+2=57411.6484  sbar_dark_T4d_mid+2=22500.5645  sbar_dark_T5a_mid+2=291540.5625  sbar_dark_T5b_mid+2=293875.8750  sbar_dark_T5c_mid+2=319107.8750  sbar_dark_T5d_mid+2=311851.5312  sbar_dark_T4a_mid-1=213217.1719  sbar_dark_T4b_mid-1=166923.2812  sbar_dark_T4c_mid-1=132725.7812  sbar_dark_T4d_mid-1=123844.8906  sbar_dark_T5a_mid-1=1738815.8750  sbar_dark_T5b_mid-1=1685606.0000  sbar_dark_T5c_mid-1=1672482.7500  sbar_dark_T5d_mid-1=1717953.8750  sbar_dark_T4a_mid-2=110299.1719  sbar_dark_T4b_mid-2=80051.0156  sbar_dark_T4c_mid-2=126602.1953  sbar_dark_T4d_mid-2=58924.5117  sbar_dark_T5b_mid-2=979526.4375  sbar_dark_T5c_mid-2=822284.7500  sbar_dark_T5d_mid-2=884500.3125  sbar_dark_T5a_mid-2=919665.0000  sbar_dark_T4a_mid-1.5=29384.3711  sbar_dark_T4b_mid-1.5=38135.4844  sbar_dark_T4c_mid-1.5=48780.5703  sbar_dark_T4d_mid-1.5=18691.9160  sbar_dark_T5a_mid-1.5=270529.8750  sbar_dark_T5b_mid-1.5=312796.6250  sbar_dark_T5c_mid-1.5=269416.7500  sbar_dark_T5d_mid-1.5=252588.2188  sbar_dark_T4a_mid-0.5=47709.7422  sbar_dark_T4b_mid-0.5=49609.9492  sbar_dark_T4c_mid-0.5=69889.5625  sbar_dark_T4d_mid-0.5=30314.1016  sbar_dark_T5a_mid-0.5=658769.3125  sbar_dark_T5b_mid-0.5=781428.6875  sbar_dark_T5c_mid-0.5=557946.0625  sbar_dark_T5d_mid-0.5=643771.1875  sbar_dark_T4a_mid+0.5=25164.3672  sbar_dark_T4b_mid+0.5=27556.7480  sbar_dark_T4c_mid+0.5=18491.3438  sbar_dark_T4d_mid+0.5=39429.6875  sbar_dark_T5a_mid+0.5=120586.3281  sbar_dark_T5b_mid+0.5=111215.8750  sbar_dark_T5c_mid+0.5=112934.3750  sbar_dark_T5d_mid+0.5=107406.0234  sbar_dark_T4b_mid+1.5=5144.8594  sbar_dark_T4c_mid+1.5=4353.8462  sbar_dark_T4d_mid+1.5=7120.4390  sbar_dark_T5a_mid+1.5=56969.9414  sbar_dark_T5b_mid+1.5=62929.3086  sbar_dark_T5c_mid+1.5=79735.1172  sbar_dark_T5d_mid+1.5=75486.9062  sbar_dark_T4a_mid+1.5=7717.6216]:     22%|██▏       | 220/1000 [02:23<08:32,  1.52it/s] Cost: 407004.9375  [spread_bright_L5=1752040.5000  spread_bright_Mi1=1441447.6250  spread_bright_Tm3=1395208.1250  spread_bright_Mi4=1811296.8750  spread_dark_L1=968072.5625  spread_dark_L2=895146.9375  spread_dark_L3=2057158.8750  spread_dark_L4=2939812.5000  spread_dark_Mi9=1070005.2500  spread_dark_Tm1=1918724.3750  spread_dark_Tm2=1684560.3750  spread_dark_Tm4=1704826.6250  spread_dark_Tm9=1493567.2500  sbar_bright_T4a_mid+0=427643.4688  sbar_bright_T4b_mid+0=384975.1875  sbar_bright_T4c_mid+0=384136.0000  sbar_bright_T4d_mid+0=406778.6250  sbar_bright_T5a_mid+0=140500.7500  sbar_bright_T5b_mid+0=150879.3750  sbar_bright_T5c_mid+0=185069.8750  sbar_bright_T5d_mid+0=140647.4375  sbar_bright_T4a_mid+1=273539.2812  sbar_bright_T4b_mid+1=264243.7812  sbar_bright_T4c_mid+1=292123.1562  sbar_bright_T4d_mid+1=287237.4062  sbar_bright_T5a_mid+1=115944.8203  sbar_bright_T5b_mid+1=121561.0703  sbar_bright_T5c_mid+1=105967.4609  sbar_bright_T5d_mid+1=113380.0859  sbar_bright_T4a_mid+2=99920.0234  sbar_bright_T4b_mid+2=135397.2656  sbar_bright_T4c_mid+2=133228.7500  sbar_bright_T4d_mid+2=113520.3516  sbar_bright_T5a_mid+2=177427.3750  sbar_bright_T5b_mid+2=174678.1406  sbar_bright_T5c_mid+2=170436.3906  sbar_bright_T5d_mid+2=167244.0938  sbar_bright_T4a_mid-1=1689387.0000  sbar_bright_T4b_mid-1=1269639.8750  sbar_bright_T4c_mid-1=1666084.6250  sbar_bright_T4d_mid-1=1873112.2500  sbar_bright_T5a_mid-1=421439.9688  sbar_bright_T5b_mid-1=422767.5938  sbar_bright_T5c_mid-1=459895.7812  sbar_bright_T5d_mid-1=411761.7812  sbar_bright_T4a_mid-2=364537.1562  sbar_bright_T4b_mid-2=337093.1250  sbar_bright_T4c_mid-2=354422.6875  sbar_bright_T4d_mid-2=369398.7500  sbar_bright_T5b_mid-2=84049.7109  sbar_bright_T5c_mid-2=74828.3672  sbar_bright_T5d_mid-2=77297.1875  sbar_bright_T5a_mid-2=77921.0156  sbar_bright_T4a_mid-1.5=211399.0312  sbar_bright_T4b_mid-1.5=163305.5469  sbar_bright_T4c_mid-1.5=165488.9375  sbar_bright_T4d_mid-1.5=234969.5625  sbar_bright_T5a_mid-1.5=111208.9609  sbar_bright_T5b_mid-1.5=112433.7266  sbar_bright_T5c_mid-1.5=87653.2891  sbar_bright_T5d_mid-1.5=80168.5703  sbar_bright_T4a_mid-0.5=1000312.2500  sbar_bright_T4b_mid-0.5=949778.3750  sbar_bright_T4c_mid-0.5=1164154.2500  sbar_bright_T4d_mid-0.5=1127276.8750  sbar_bright_T5a_mid-0.5=169839.1094  sbar_bright_T5b_mid-0.5=165106.6094  sbar_bright_T5c_mid-0.5=162214.6875  sbar_bright_T5d_mid-0.5=152755.8438  sbar_bright_T4a_mid+0.5=198823.5625  sbar_bright_T4b_mid+0.5=124277.6172  sbar_bright_T4c_mid+0.5=134142.3438  sbar_bright_T4d_mid+0.5=135754.7500  sbar_bright_T5a_mid+0.5=67406.5938  sbar_bright_T5b_mid+0.5=62667.8516  sbar_bright_T5c_mid+0.5=47563.3281  sbar_bright_T5d_mid+0.5=67188.4375  sbar_bright_T4b_mid+1.5=74198.3984  sbar_bright_T4c_mid+1.5=91004.8984  sbar_bright_T4d_mid+1.5=50643.1250  sbar_bright_T5a_mid+1.5=43478.2422  sbar_bright_T5b_mid+1.5=51878.1602  sbar_bright_T5c_mid+1.5=42725.4570  sbar_bright_T5d_mid+1.5=36453.8438  sbar_bright_T4a_mid+1.5=76148.8906  sbar_dark_T4a_mid+0=127799.6797  sbar_dark_T4b_mid+0=125950.7891  sbar_dark_T4c_mid+0=94343.1953  sbar_dark_T4d_mid+0=92006.7031  sbar_dark_T5a_mid+0=565065.9375  sbar_dark_T5b_mid+0=435372.6562  sbar_dark_T5c_mid+0=327520.3750  sbar_dark_T5d_mid+0=399383.0938  sbar_dark_T4a_mid+1=66913.1875  sbar_dark_T4b_mid+1=30430.9082  sbar_dark_T4c_mid+1=37997.3711  sbar_dark_T4d_mid+1=44579.6172  sbar_dark_T5a_mid+1=274239.3750  sbar_dark_T5b_mid+1=241404.8438  sbar_dark_T5c_mid+1=337362.5938  sbar_dark_T5d_mid+1=249307.4375  sbar_dark_T4a_mid+2=44620.3711  sbar_dark_T4b_mid+2=49534.6953  sbar_dark_T4c_mid+2=64725.9453  sbar_dark_T4d_mid+2=31468.2285  sbar_dark_T5a_mid+2=276240.8750  sbar_dark_T5b_mid+2=278183.5312  sbar_dark_T5c_mid+2=316785.9062  sbar_dark_T5d_mid+2=312174.9375  sbar_dark_T4a_mid-1=228490.5469  sbar_dark_T4b_mid-1=208119.8125  sbar_dark_T4c_mid-1=144933.1875  sbar_dark_T4d_mid-1=143374.0469  sbar_dark_T5a_mid-1=1646045.2500  sbar_dark_T5b_mid-1=1593904.7500  sbar_dark_T5c_mid-1=1571128.0000  sbar_dark_T5d_mid-1=1618282.7500  sbar_dark_T4a_mid-2=100661.0312  sbar_dark_T4b_mid-2=109593.4453  sbar_dark_T4c_mid-2=126007.9531  sbar_dark_T4d_mid-2=75744.0469  sbar_dark_T5b_mid-2=941189.6875  sbar_dark_T5c_mid-2=756588.0000  sbar_dark_T5d_mid-2=842011.2500  sbar_dark_T5a_mid-2=872232.4375  sbar_dark_T4a_mid-1.5=27850.3730  sbar_dark_T4b_mid-1.5=49097.5469  sbar_dark_T4c_mid-1.5=51209.7891  sbar_dark_T4d_mid-1.5=20776.5332  sbar_dark_T5a_mid-1.5=260614.8438  sbar_dark_T5b_mid-1.5=307228.4688  sbar_dark_T5c_mid-1.5=256286.3906  sbar_dark_T5d_mid-1.5=245899.1562  sbar_dark_T4a_mid-0.5=27908.4219  sbar_dark_T4b_mid-0.5=63243.0391  sbar_dark_T4c_mid-0.5=61131.9883  sbar_dark_T4d_mid-0.5=35523.2422  sbar_dark_T5a_mid-0.5=601020.7500  sbar_dark_T5b_mid-0.5=735654.4375  sbar_dark_T5c_mid-0.5=488308.8125  sbar_dark_T5d_mid-0.5=581581.5625  sbar_dark_T4a_mid+0.5=15753.2490  sbar_dark_T4b_mid+0.5=25717.3203  sbar_dark_T4c_mid+0.5=20943.5059  sbar_dark_T4d_mid+0.5=33713.0273  sbar_dark_T5a_mid+0.5=110056.7969  sbar_dark_T5b_mid+0.5=100661.0703  sbar_dark_T5c_mid+0.5=106521.9688  sbar_dark_T5d_mid+0.5=123365.2734  sbar_dark_T4b_mid+1.5=6766.7246  sbar_dark_T4c_mid+1.5=9558.2842  sbar_dark_T4d_mid+1.5=6026.3926  sbar_dark_T5a_mid+1.5=55484.5078  sbar_dark_T5b_mid+1.5=64106.1641  sbar_dark_T5c_mid+1.5=92153.6484  sbar_dark_T5d_mid+1.5=89388.7969  sbar_dark_T4a_mid+1.5=10104.6299]:   23%|██▎       | 230/1000 [02:30<08:24,  1.52it/s] Cost: 401942.5000  [spread_bright_L5=1797307.5000  spread_bright_Mi1=1318804.2500  spread_bright_Tm3=1311433.1250  spread_bright_Mi4=1829464.0000  spread_dark_L1=942169.7500  spread_dark_L2=890273.0000  spread_dark_L3=1963655.0000  spread_dark_L4=2902772.2500  spread_dark_Mi9=1091264.2500  spread_dark_Tm1=1887341.6250  spread_dark_Tm2=1689429.8750  spread_dark_Tm4=1678540.0000  spread_dark_Tm9=1522701.1250  sbar_bright_T4a_mid+0=390219.6562  sbar_bright_T4b_mid+0=402345.9688  sbar_bright_T4c_mid+0=402362.1875  sbar_bright_T4d_mid+0=412422.7500  sbar_bright_T5a_mid+0=146948.2031  sbar_bright_T5b_mid+0=166231.4219  sbar_bright_T5c_mid+0=191574.5469  sbar_bright_T5d_mid+0=147749.5156  sbar_bright_T4a_mid+1=265688.9062  sbar_bright_T4b_mid+1=245069.9844  sbar_bright_T4c_mid+1=273112.4688  sbar_bright_T4d_mid+1=273306.4062  sbar_bright_T5a_mid+1=119804.6953  sbar_bright_T5b_mid+1=128510.3203  sbar_bright_T5c_mid+1=108353.4297  sbar_bright_T5d_mid+1=115381.2969  sbar_bright_T4a_mid+2=96305.5938  sbar_bright_T4b_mid+2=131819.4844  sbar_bright_T4c_mid+2=123490.6719  sbar_bright_T4d_mid+2=111215.1406  sbar_bright_T5a_mid+2=175306.7812  sbar_bright_T5b_mid+2=169657.8750  sbar_bright_T5c_mid+2=164167.8438  sbar_bright_T5d_mid+2=160596.3438  sbar_bright_T4a_mid-1=1697452.5000  sbar_bright_T4b_mid-1=1256532.0000  sbar_bright_T4c_mid-1=1681351.2500  sbar_bright_T4d_mid-1=1846136.1250  sbar_bright_T5a_mid-1=427781.5000  sbar_bright_T5b_mid-1=440111.9688  sbar_bright_T5c_mid-1=461549.4062  sbar_bright_T5d_mid-1=419198.9062  sbar_bright_T4a_mid-2=350055.1250  sbar_bright_T4b_mid-2=325570.2812  sbar_bright_T4c_mid-2=353535.8125  sbar_bright_T4d_mid-2=354675.5312  sbar_bright_T5b_mid-2=82301.6953  sbar_bright_T5c_mid-2=73697.7578  sbar_bright_T5d_mid-2=74563.0547  sbar_bright_T5a_mid-2=75357.0312  sbar_bright_T4a_mid-1.5=208834.3281  sbar_bright_T4b_mid-1.5=163186.0625  sbar_bright_T4c_mid-1.5=169016.6094  sbar_bright_T4d_mid-1.5=232011.2656  sbar_bright_T5a_mid-1.5=110743.3828  sbar_bright_T5b_mid-1.5=111317.3281  sbar_bright_T5c_mid-1.5=84626.3203  sbar_bright_T5d_mid-1.5=79734.8906  sbar_bright_T4a_mid-0.5=1003141.7500  sbar_bright_T4b_mid-0.5=936153.8125  sbar_bright_T4c_mid-0.5=1164360.0000  sbar_bright_T4d_mid-0.5=1108281.2500  sbar_bright_T5a_mid-0.5=174307.1562  sbar_bright_T5b_mid-0.5=168494.6406  sbar_bright_T5c_mid-0.5=163998.8750  sbar_bright_T5d_mid-0.5=154371.1562  sbar_bright_T4a_mid+0.5=190975.9375  sbar_bright_T4b_mid+0.5=117835.0625  sbar_bright_T4c_mid+0.5=130088.4844  sbar_bright_T4d_mid+0.5=129605.3438  sbar_bright_T5a_mid+0.5=69114.0781  sbar_bright_T5b_mid+0.5=68387.1484  sbar_bright_T5c_mid+0.5=49609.3750  sbar_bright_T5d_mid+0.5=72668.0938  sbar_bright_T4b_mid+1.5=74418.6719  sbar_bright_T4c_mid+1.5=89584.6641  sbar_bright_T4d_mid+1.5=52060.9492  sbar_bright_T5a_mid+1.5=43497.8828  sbar_bright_T5b_mid+1.5=52400.2891  sbar_bright_T5c_mid+1.5=42157.4531  sbar_bright_T5d_mid+1.5=36356.6641  sbar_bright_T4a_mid+1.5=78484.0781  sbar_dark_T4a_mid+0=121407.0547  sbar_dark_T4b_mid+0=124892.9141  sbar_dark_T4c_mid+0=85690.3750  sbar_dark_T4d_mid+0=98580.5547  sbar_dark_T5a_mid+0=532632.0000  sbar_dark_T5b_mid+0=460079.3750  sbar_dark_T5c_mid+0=308924.3125  sbar_dark_T5d_mid+0=379387.2188  sbar_dark_T4a_mid+1=55499.4062  sbar_dark_T4b_mid+1=27744.0137  sbar_dark_T4c_mid+1=35611.6953  sbar_dark_T4d_mid+1=41219.0664  sbar_dark_T5a_mid+1=274500.0938  sbar_dark_T5b_mid+1=242385.6250  sbar_dark_T5c_mid+1=334715.7188  sbar_dark_T5d_mid+1=246570.6875  sbar_dark_T4a_mid+2=46354.9062  sbar_dark_T4b_mid+2=42837.4219  sbar_dark_T4c_mid+2=67165.9531  sbar_dark_T4d_mid+2=35628.4609  sbar_dark_T5a_mid+2=270830.4375  sbar_dark_T5b_mid+2=271273.1250  sbar_dark_T5c_mid+2=312934.6250  sbar_dark_T5d_mid+2=307359.1250  sbar_dark_T4a_mid-1=237682.7031  sbar_dark_T4b_mid-1=193710.6562  sbar_dark_T4c_mid-1=143557.0156  sbar_dark_T4d_mid-1=148938.2500  sbar_dark_T5a_mid-1=1632668.7500  sbar_dark_T5b_mid-1=1541119.6250  sbar_dark_T5c_mid-1=1572717.5000  sbar_dark_T5d_mid-1=1587431.0000  sbar_dark_T4a_mid-2=104846.3516  sbar_dark_T4b_mid-2=98397.1406  sbar_dark_T4c_mid-2=110489.7344  sbar_dark_T4d_mid-2=84995.1406  sbar_dark_T5b_mid-2=909814.5000  sbar_dark_T5c_mid-2=750379.3125  sbar_dark_T5d_mid-2=823321.3750  sbar_dark_T5a_mid-2=850738.4375  sbar_dark_T4a_mid-1.5=29011.4141  sbar_dark_T4b_mid-1.5=44925.9766  sbar_dark_T4c_mid-1.5=47699.8281  sbar_dark_T4d_mid-1.5=20868.4023  sbar_dark_T5a_mid-1.5=257205.6094  sbar_dark_T5b_mid-1.5=298175.6250  sbar_dark_T5c_mid-1.5=250365.5469  sbar_dark_T5d_mid-1.5=237574.9688  sbar_dark_T4a_mid-0.5=24917.8984  sbar_dark_T4b_mid-0.5=62271.5156  sbar_dark_T4c_mid-0.5=52852.0117  sbar_dark_T4d_mid-0.5=39089.2539  sbar_dark_T5a_mid-0.5=594097.5000  sbar_dark_T5b_mid-0.5=713442.1250  sbar_dark_T5c_mid-0.5=497289.7188  sbar_dark_T5d_mid-0.5=570769.1875  sbar_dark_T4a_mid+0.5=13644.5605  sbar_dark_T4b_mid+0.5=19382.6875  sbar_dark_T4c_mid+0.5=19171.9395  sbar_dark_T4d_mid+0.5=27398.9609  sbar_dark_T5a_mid+0.5=108200.2734  sbar_dark_T5b_mid+0.5=95474.6250  sbar_dark_T5c_mid+0.5=103511.2969  sbar_dark_T5d_mid+0.5=121967.8047  sbar_dark_T4b_mid+1.5=8957.9531  sbar_dark_T4c_mid+1.5=12274.7197  sbar_dark_T4d_mid+1.5=7741.8198  sbar_dark_T5a_mid+1.5=55973.7695  sbar_dark_T5b_mid+1.5=65776.5703  sbar_dark_T5c_mid+1.5=92260.1484  sbar_dark_T5d_mid+1.5=89211.2656  sbar_dark_T4a_mid+1.5=11945.7744]:   24%|██▍       | 240/1000 [02:36<08:18,  1.52it/s] Cost: 425763.9062  [spread_bright_L5=2235835.2500  spread_bright_Mi1=1432335.6250  spread_bright_Tm3=1334649.7500  spread_bright_Mi4=1876223.2500  spread_dark_L1=1091947.0000  spread_dark_L2=1217581.7500  spread_dark_L3=2073863.7500  spread_dark_L4=3007949.7500  spread_dark_Mi9=1312397.1250  spread_dark_Tm1=1588701.8750  spread_dark_Tm2=1775753.3750  spread_dark_Tm4=1598998.5000  spread_dark_Tm9=1724352.2500  sbar_bright_T4a_mid+0=520229.0938  sbar_bright_T4b_mid+0=376677.9688  sbar_bright_T4c_mid+0=425604.5312  sbar_bright_T4d_mid+0=411456.9375  sbar_bright_T5a_mid+0=119117.8516  sbar_bright_T5b_mid+0=143998.1094  sbar_bright_T5c_mid+0=152760.2500  sbar_bright_T5d_mid+0=122825.2422  sbar_bright_T4a_mid+1=277741.8125  sbar_bright_T4b_mid+1=286531.2500  sbar_bright_T4c_mid+1=280247.5312  sbar_bright_T4d_mid+1=285145.9375  sbar_bright_T5a_mid+1=107716.7344  sbar_bright_T5b_mid+1=113864.2500  sbar_bright_T5c_mid+1=104980.2891  sbar_bright_T5d_mid+1=101605.5547  sbar_bright_T4a_mid+2=111169.2266  sbar_bright_T4b_mid+2=149193.6875  sbar_bright_T4c_mid+2=131533.7344  sbar_bright_T4d_mid+2=115099.8984  sbar_bright_T5a_mid+2=184062.3125  sbar_bright_T5b_mid+2=176754.2969  sbar_bright_T5c_mid+2=189435.8125  sbar_bright_T5d_mid+2=194640.7188  sbar_bright_T4a_mid-1=1704027.3750  sbar_bright_T4b_mid-1=1263443.7500  sbar_bright_T4c_mid-1=1760747.3750  sbar_bright_T4d_mid-1=1933569.3750  sbar_bright_T5a_mid-1=373497.5000  sbar_bright_T5b_mid-1=373264.9062  sbar_bright_T5c_mid-1=396758.1875  sbar_bright_T5d_mid-1=376385.0938  sbar_bright_T4a_mid-2=391296.2500  sbar_bright_T4b_mid-2=345716.0938  sbar_bright_T4c_mid-2=410655.2812  sbar_bright_T4d_mid-2=404725.3438  sbar_bright_T5b_mid-2=87463.4531  sbar_bright_T5c_mid-2=84884.9297  sbar_bright_T5d_mid-2=92808.2500  sbar_bright_T5a_mid-2=91001.4609  sbar_bright_T4a_mid-1.5=216626.4219  sbar_bright_T4b_mid-1.5=174631.9844  sbar_bright_T4c_mid-1.5=197025.5156  sbar_bright_T4d_mid-1.5=251871.9531  sbar_bright_T5a_mid-1.5=97066.7500  sbar_bright_T5b_mid-1.5=102174.6641  sbar_bright_T5c_mid-1.5=91920.7891  sbar_bright_T5d_mid-1.5=91798.9062  sbar_bright_T4a_mid-0.5=931336.9375  sbar_bright_T4b_mid-0.5=964317.4375  sbar_bright_T4c_mid-0.5=1159717.0000  sbar_bright_T4d_mid-0.5=1149245.7500  sbar_bright_T5a_mid-0.5=142848.3438  sbar_bright_T5b_mid-0.5=146348.7500  sbar_bright_T5c_mid-0.5=134434.8438  sbar_bright_T5d_mid-0.5=135967.2500  sbar_bright_T4a_mid+0.5=182237.7031  sbar_bright_T4b_mid+0.5=122571.2812  sbar_bright_T4c_mid+0.5=139810.3594  sbar_bright_T4d_mid+0.5=141025.7969  sbar_bright_T5a_mid+0.5=51070.1172  sbar_bright_T5b_mid+0.5=50869.7109  sbar_bright_T5c_mid+0.5=42552.5703  sbar_bright_T5d_mid+0.5=48180.2812  sbar_bright_T4b_mid+1.5=87229.1250  sbar_bright_T4c_mid+1.5=115569.0859  sbar_bright_T4d_mid+1.5=62655.3047  sbar_bright_T5a_mid+1.5=36235.3711  sbar_bright_T5b_mid+1.5=41943.2070  sbar_bright_T5c_mid+1.5=35648.3047  sbar_bright_T5d_mid+1.5=29580.9395  sbar_bright_T4a_mid+1.5=98133.4688  sbar_dark_T4a_mid+0=198775.8906  sbar_dark_T4b_mid+0=136518.7344  sbar_dark_T4c_mid+0=112255.4922  sbar_dark_T4d_mid+0=104425.0000  sbar_dark_T5a_mid+0=442087.9688  sbar_dark_T5b_mid+0=428420.0312  sbar_dark_T5c_mid+0=273960.7500  sbar_dark_T5d_mid+0=329199.5938  sbar_dark_T4a_mid+1=52708.0898  sbar_dark_T4b_mid+1=25017.2324  sbar_dark_T4c_mid+1=34107.3086  sbar_dark_T4d_mid+1=38778.5078  sbar_dark_T5a_mid+1=250767.8125  sbar_dark_T5b_mid+1=276402.7812  sbar_dark_T5c_mid+1=290190.3750  sbar_dark_T5d_mid+1=241121.2188  sbar_dark_T4a_mid+2=35061.5703  sbar_dark_T4b_mid+2=46573.4023  sbar_dark_T4c_mid+2=48125.6602  sbar_dark_T4d_mid+2=27417.6172  sbar_dark_T5a_mid+2=339867.1250  sbar_dark_T5b_mid+2=320004.5625  sbar_dark_T5c_mid+2=343544.4688  sbar_dark_T5d_mid+2=349838.6250  sbar_dark_T4a_mid-1=208518.7656  sbar_dark_T4b_mid-1=174131.8281  sbar_dark_T4c_mid-1=111851.6406  sbar_dark_T4d_mid-1=115698.8672  sbar_dark_T5a_mid-1=1879615.6250  sbar_dark_T5b_mid-1=1689104.7500  sbar_dark_T5c_mid-1=1750942.6250  sbar_dark_T5d_mid-1=1882186.3750  sbar_dark_T4a_mid-2=71966.0938  sbar_dark_T4b_mid-2=88395.2188  sbar_dark_T4c_mid-2=70179.8281  sbar_dark_T4d_mid-2=48192.3281  sbar_dark_T5b_mid-2=1042395.0625  sbar_dark_T5c_mid-2=947293.6250  sbar_dark_T5d_mid-2=1046728.4375  sbar_dark_T5a_mid-2=1022017.4375  sbar_dark_T4a_mid-1.5=22126.0234  sbar_dark_T4b_mid-1.5=40304.4336  sbar_dark_T4c_mid-1.5=33524.4414  sbar_dark_T4d_mid-1.5=13599.8037  sbar_dark_T5a_mid-1.5=305647.2500  sbar_dark_T5b_mid-1.5=333100.3438  sbar_dark_T5c_mid-1.5=318203.4062  sbar_dark_T5d_mid-1.5=294680.1562  sbar_dark_T4a_mid-0.5=20264.2617  sbar_dark_T4b_mid-0.5=52161.5156  sbar_dark_T4c_mid-0.5=35430.3047  sbar_dark_T4d_mid-0.5=31917.5078  sbar_dark_T5a_mid-0.5=712579.7500  sbar_dark_T5b_mid-0.5=786331.8750  sbar_dark_T5c_mid-0.5=599626.1250  sbar_dark_T5d_mid-0.5=692105.5000  sbar_dark_T4a_mid+0.5=13444.9561  sbar_dark_T4b_mid+0.5=18156.5078  sbar_dark_T4c_mid+0.5=25693.4141  sbar_dark_T4d_mid+0.5=22245.5508  sbar_dark_T5a_mid+0.5=137413.5938  sbar_dark_T5b_mid+0.5=121470.6406  sbar_dark_T5c_mid+0.5=117809.3906  sbar_dark_T5d_mid+0.5=113425.8672  sbar_dark_T4b_mid+1.5=7411.0278  sbar_dark_T4c_mid+1.5=7810.1084  sbar_dark_T4d_mid+1.5=4780.9287  sbar_dark_T5a_mid+1.5=69918.9219  sbar_dark_T5b_mid+1.5=85583.9141  sbar_dark_T5c_mid+1.5=98099.8516  sbar_dark_T5d_mid+1.5=85810.4375  sbar_dark_T4a_mid+1.5=14001.2715]:  25%|██▌       | 250/1000 [02:43<08:11,  1.53it/s] Cost: 402409.7812  [spread_bright_L5=1941464.7500  spread_bright_Mi1=1391123.7500  spread_bright_Tm3=1286560.2500  spread_bright_Mi4=1781135.6250  spread_dark_L1=1164020.8750  spread_dark_L2=872359.0625  spread_dark_L3=2110407.5000  spread_dark_L4=2772842.0000  spread_dark_Mi9=1016813.8750  spread_dark_Tm1=2183158.5000  spread_dark_Tm2=1731075.5000  spread_dark_Tm4=1719574.8750  spread_dark_Tm9=1441329.5000  sbar_bright_T4a_mid+0=370342.8125  sbar_bright_T4b_mid+0=388965.3750  sbar_bright_T4c_mid+0=372196.5625  sbar_bright_T4d_mid+0=400665.9688  sbar_bright_T5a_mid+0=135156.0156  sbar_bright_T5b_mid+0=156278.7188  sbar_bright_T5c_mid+0=189758.5469  sbar_bright_T5d_mid+0=137632.7656  sbar_bright_T4a_mid+1=264942.2500  sbar_bright_T4b_mid+1=254153.1875  sbar_bright_T4c_mid+1=286959.0000  sbar_bright_T4d_mid+1=263670.1875  sbar_bright_T5a_mid+1=115747.0312  sbar_bright_T5b_mid+1=123101.6953  sbar_bright_T5c_mid+1=105382.2422  sbar_bright_T5d_mid+1=112037.7344  sbar_bright_T4a_mid+2=112409.5078  sbar_bright_T4b_mid+2=152711.5156  sbar_bright_T4c_mid+2=141356.4219  sbar_bright_T4d_mid+2=113243.2266  sbar_bright_T5a_mid+2=176326.7969  sbar_bright_T5b_mid+2=173500.1094  sbar_bright_T5c_mid+2=171242.6406  sbar_bright_T5d_mid+2=166658.2188  sbar_bright_T4a_mid-1=1633009.6250  sbar_bright_T4b_mid-1=1133382.3750  sbar_bright_T4c_mid-1=1590759.7500  sbar_bright_T4d_mid-1=1801203.8750  sbar_bright_T5a_mid-1=420910.7812  sbar_bright_T5b_mid-1=420427.2500  sbar_bright_T5c_mid-1=471468.8125  sbar_bright_T5d_mid-1=412647.0938  sbar_bright_T4a_mid-2=305834.5312  sbar_bright_T4b_mid-2=311430.8438  sbar_bright_T4c_mid-2=324535.3438  sbar_bright_T4d_mid-2=341839.8750  sbar_bright_T5b_mid-2=83701.3750  sbar_bright_T5c_mid-2=75777.2656  sbar_bright_T5d_mid-2=72772.8594  sbar_bright_T5a_mid-2=77714.1016  sbar_bright_T4a_mid-1.5=191674.0156  sbar_bright_T4b_mid-1.5=145846.2969  sbar_bright_T4c_mid-1.5=149835.0312  sbar_bright_T4d_mid-1.5=228428.2969  sbar_bright_T5a_mid-1.5=113154.2109  sbar_bright_T5b_mid-1.5=112802.1484  sbar_bright_T5c_mid-1.5=92913.4219  sbar_bright_T5d_mid-1.5=85345.8203  sbar_bright_T4a_mid-0.5=956020.5000  sbar_bright_T4b_mid-0.5=888437.0000  sbar_bright_T4c_mid-0.5=1115058.1250  sbar_bright_T4d_mid-0.5=1092545.2500  sbar_bright_T5a_mid-0.5=167365.2500  sbar_bright_T5b_mid-0.5=164707.9375  sbar_bright_T5c_mid-0.5=165615.7188  sbar_bright_T5d_mid-0.5=147826.3750  sbar_bright_T4a_mid+0.5=181765.2969  sbar_bright_T4b_mid+0.5=109382.1719  sbar_bright_T4c_mid+0.5=118912.8125  sbar_bright_T4d_mid+0.5=118578.6562  sbar_bright_T5a_mid+0.5=66394.4297  sbar_bright_T5b_mid+0.5=64576.0195  sbar_bright_T5c_mid+0.5=44733.1094  sbar_bright_T5d_mid+0.5=59915.9023  sbar_bright_T4b_mid+1.5=75787.2500  sbar_bright_T4c_mid+1.5=105341.4297  sbar_bright_T4d_mid+1.5=54237.7422  sbar_bright_T5a_mid+1.5=41525.7852  sbar_bright_T5b_mid+1.5=51617.1367  sbar_bright_T5c_mid+1.5=40397.0898  sbar_bright_T5d_mid+1.5=33442.1172  sbar_bright_T4a_mid+1.5=89320.6328  sbar_dark_T4a_mid+0=160258.7500  sbar_dark_T4b_mid+0=140355.7344  sbar_dark_T4c_mid+0=125079.3359  sbar_dark_T4d_mid+0=120678.9375  sbar_dark_T5a_mid+0=573848.7500  sbar_dark_T5b_mid+0=416945.3750  sbar_dark_T5c_mid+0=355740.5312  sbar_dark_T5d_mid+0=419876.5625  sbar_dark_T4a_mid+1=79080.3672  sbar_dark_T4b_mid+1=29569.1758  sbar_dark_T4c_mid+1=46470.3477  sbar_dark_T4d_mid+1=48582.7852  sbar_dark_T5a_mid+1=294116.2188  sbar_dark_T5b_mid+1=244232.5625  sbar_dark_T5c_mid+1=343227.8750  sbar_dark_T5d_mid+1=227894.0312  sbar_dark_T4a_mid+2=64531.3867  sbar_dark_T4b_mid+2=53479.2617  sbar_dark_T4c_mid+2=87512.6641  sbar_dark_T4d_mid+2=36771.7070  sbar_dark_T5a_mid+2=276923.4375  sbar_dark_T5b_mid+2=277369.3750  sbar_dark_T5c_mid+2=304916.5625  sbar_dark_T5d_mid+2=290635.2500  sbar_dark_T4a_mid-1=272273.2812  sbar_dark_T4b_mid-1=227754.1094  sbar_dark_T4c_mid-1=164016.9219  sbar_dark_T4d_mid-1=159889.0000  sbar_dark_T5a_mid-1=1564853.3750  sbar_dark_T5b_mid-1=1531622.8750  sbar_dark_T5c_mid-1=1468515.7500  sbar_dark_T5d_mid-1=1547789.5000  sbar_dark_T4a_mid-2=130060.2812  sbar_dark_T4b_mid-2=110939.3672  sbar_dark_T4c_mid-2=128113.3438  sbar_dark_T4d_mid-2=93465.0156  sbar_dark_T5b_mid-2=910028.2500  sbar_dark_T5c_mid-2=703523.1875  sbar_dark_T5d_mid-2=797738.7500  sbar_dark_T5a_mid-2=845994.2500  sbar_dark_T4a_mid-1.5=34719.8555  sbar_dark_T4b_mid-1.5=53910.8086  sbar_dark_T4c_mid-1.5=61320.9609  sbar_dark_T4d_mid-1.5=20823.7285  sbar_dark_T5a_mid-1.5=253710.6250  sbar_dark_T5b_mid-1.5=300413.0938  sbar_dark_T5c_mid-1.5=248251.3438  sbar_dark_T5d_mid-1.5=235156.7812  sbar_dark_T4a_mid-0.5=36455.2422  sbar_dark_T4b_mid-0.5=75433.4219  sbar_dark_T4c_mid-0.5=73096.2500  sbar_dark_T4d_mid-0.5=42843.5195  sbar_dark_T5a_mid-0.5=580943.2500  sbar_dark_T5b_mid-0.5=727887.1250  sbar_dark_T5c_mid-0.5=442460.3750  sbar_dark_T5d_mid-0.5=578977.6250  sbar_dark_T4a_mid+0.5=20143.2227  sbar_dark_T4b_mid+0.5=23721.8516  sbar_dark_T4c_mid+0.5=25498.3945  sbar_dark_T4d_mid+0.5=37589.2109  sbar_dark_T5a_mid+0.5=110947.1953  sbar_dark_T5b_mid+0.5=101055.0938  sbar_dark_T5c_mid+0.5=106075.8047  sbar_dark_T5d_mid+0.5=112914.3984  sbar_dark_T4b_mid+1.5=9681.1816  sbar_dark_T4c_mid+1.5=16826.5684  sbar_dark_T4d_mid+1.5=8834.5234  sbar_dark_T5a_mid+1.5=58625.2500  sbar_dark_T5b_mid+1.5=69347.4062  sbar_dark_T5c_mid+1.5=89710.2344  sbar_dark_T5d_mid+1.5=81610.0781  sbar_dark_T4a_mid+1.5=17438.1465]:  26%|██▌       | 260/1000 [02:50<08:05,  1.52it/s] Cost: 481577.7500  [spread_bright_L5=2226972.0000  spread_bright_Mi1=1291499.3750  spread_bright_Tm3=1407166.3750  spread_bright_Mi4=2568490.0000  spread_dark_L1=1258490.3750  spread_dark_L2=892969.0625  spread_dark_L3=2492757.0000  spread_dark_L4=2686305.0000  spread_dark_Mi9=3250259.0000  spread_dark_Tm1=1829875.8750  spread_dark_Tm2=1996724.0000  spread_dark_Tm4=1696549.7500  spread_dark_Tm9=3242328.0000  sbar_bright_T4a_mid+0=493114.3125  sbar_bright_T4b_mid+0=390476.4375  sbar_bright_T4c_mid+0=494702.0938  sbar_bright_T4d_mid+0=473477.0312  sbar_bright_T5a_mid+0=108553.5859  sbar_bright_T5b_mid+0=111874.1172  sbar_bright_T5c_mid+0=143930.7031  sbar_bright_T5d_mid+0=137380.7500  sbar_bright_T4a_mid+1=280024.8750  sbar_bright_T4b_mid+1=317262.4062  sbar_bright_T4c_mid+1=264624.0625  sbar_bright_T4d_mid+1=295182.3125  sbar_bright_T5a_mid+1=104323.3281  sbar_bright_T5b_mid+1=127940.2734  sbar_bright_T5c_mid+1=120890.3203  sbar_bright_T5d_mid+1=101677.9766  sbar_bright_T4a_mid+2=137190.5938  sbar_bright_T4b_mid+2=186128.2031  sbar_bright_T4c_mid+2=141034.6719  sbar_bright_T4d_mid+2=128447.4609  sbar_bright_T5a_mid+2=228594.7344  sbar_bright_T5b_mid+2=234980.9531  sbar_bright_T5c_mid+2=245996.0781  sbar_bright_T5d_mid+2=256329.5625  sbar_bright_T4a_mid-1=2008557.3750  sbar_bright_T4b_mid-1=1414592.2500  sbar_bright_T4c_mid-1=1936465.5000  sbar_bright_T4d_mid-1=2113918.2500  sbar_bright_T5a_mid-1=346320.0938  sbar_bright_T5b_mid-1=361150.5312  sbar_bright_T5c_mid-1=367971.1875  sbar_bright_T5d_mid-1=371944.3125  sbar_bright_T4a_mid-2=492605.9688  sbar_bright_T4b_mid-2=412199.0938  sbar_bright_T4c_mid-2=486447.0938  sbar_bright_T4d_mid-2=506348.0312  sbar_bright_T5b_mid-2=130724.9375  sbar_bright_T5c_mid-2=116877.2266  sbar_bright_T5d_mid-2=140584.4531  sbar_bright_T5a_mid-2=124362.3906  sbar_bright_T4a_mid-1.5=242927.7656  sbar_bright_T4b_mid-1.5=218651.9688  sbar_bright_T4c_mid-1.5=241900.3125  sbar_bright_T4d_mid-1.5=271109.8750  sbar_bright_T5a_mid-1.5=115456.7734  sbar_bright_T5b_mid-1.5=129090.0469  sbar_bright_T5c_mid-1.5=117341.0625  sbar_bright_T5d_mid-1.5=112880.6562  sbar_bright_T4a_mid-0.5=999275.3750  sbar_bright_T4b_mid-0.5=1039567.1250  sbar_bright_T4c_mid-0.5=1210320.8750  sbar_bright_T4d_mid-0.5=1230812.8750  sbar_bright_T5a_mid-0.5=115491.0078  sbar_bright_T5b_mid-0.5=136135.0938  sbar_bright_T5c_mid-0.5=117001.3516  sbar_bright_T5d_mid-0.5=118987.5234  sbar_bright_T4a_mid+0.5=223690.6719  sbar_bright_T4b_mid+0.5=150633.6719  sbar_bright_T4c_mid+0.5=162879.4219  sbar_bright_T4d_mid+0.5=170343.1250  sbar_bright_T5a_mid+0.5=36434.4375  sbar_bright_T5b_mid+0.5=39979.9844  sbar_bright_T5c_mid+0.5=33716.6445  sbar_bright_T5d_mid+0.5=52236.5000  sbar_bright_T4b_mid+1.5=93922.0000  sbar_bright_T4c_mid+1.5=113122.2031  sbar_bright_T4d_mid+1.5=74354.6328  sbar_bright_T5a_mid+1.5=41361.2969  sbar_bright_T5b_mid+1.5=47237.8281  sbar_bright_T5c_mid+1.5=48249.6406  sbar_bright_T5d_mid+1.5=34219.0781  sbar_bright_T4a_mid+1.5=77555.6641  sbar_dark_T4a_mid+0=93928.6094  sbar_dark_T4b_mid+0=73013.8672  sbar_dark_T4c_mid+0=78763.9844  sbar_dark_T4d_mid+0=60955.8516  sbar_dark_T5a_mid+0=697895.5625  sbar_dark_T5b_mid+0=432900.5625  sbar_dark_T5c_mid+0=371082.5000  sbar_dark_T5d_mid+0=465825.7812  sbar_dark_T4a_mid+1=41828.5156  sbar_dark_T4b_mid+1=28572.4863  sbar_dark_T4c_mid+1=43683.4492  sbar_dark_T4d_mid+1=47337.7812  sbar_dark_T5a_mid+1=268226.5938  sbar_dark_T5b_mid+1=305459.9062  sbar_dark_T5c_mid+1=352383.7812  sbar_dark_T5d_mid+1=273042.1875  sbar_dark_T4a_mid+2=29531.8633  sbar_dark_T4b_mid+2=78604.2188  sbar_dark_T4c_mid+2=54491.8164  sbar_dark_T4d_mid+2=31963.0059  sbar_dark_T5a_mid+2=404172.7188  sbar_dark_T5b_mid+2=384133.2500  sbar_dark_T5c_mid+2=429652.0000  sbar_dark_T5d_mid+2=413949.7188  sbar_dark_T4a_mid-1=112465.0312  sbar_dark_T4b_mid-1=110007.5625  sbar_dark_T4c_mid-1=73626.5391  sbar_dark_T4d_mid-1=87991.4297  sbar_dark_T5a_mid-1=2026587.7500  sbar_dark_T5b_mid-1=1862295.8750  sbar_dark_T5c_mid-1=1887710.3750  sbar_dark_T5d_mid-1=2056445.3750  sbar_dark_T4a_mid-2=24939.7734  sbar_dark_T4b_mid-2=39536.8906  sbar_dark_T4c_mid-2=36453.7500  sbar_dark_T4d_mid-2=15759.3320  sbar_dark_T5b_mid-2=1146753.8750  sbar_dark_T5c_mid-2=1049336.6250  sbar_dark_T5d_mid-2=1157287.1250  sbar_dark_T5a_mid-2=1118170.0000  sbar_dark_T4a_mid-1.5=10715.4229  sbar_dark_T4b_mid-1.5=19649.5957  sbar_dark_T4c_mid-1.5=13173.1328  sbar_dark_T4d_mid-1.5=8721.2754  sbar_dark_T5a_mid-1.5=378317.8750  sbar_dark_T5b_mid-1.5=388913.5625  sbar_dark_T5c_mid-1.5=347396.6562  sbar_dark_T5d_mid-1.5=330655.8125  sbar_dark_T4a_mid-0.5=19017.4258  sbar_dark_T4b_mid-0.5=25816.0410  sbar_dark_T4c_mid-0.5=26434.6953  sbar_dark_T4d_mid-0.5=21893.4805  sbar_dark_T5a_mid-0.5=831795.5625  sbar_dark_T5b_mid-0.5=905155.4375  sbar_dark_T5c_mid-0.5=658418.2500  sbar_dark_T5d_mid-0.5=732747.0625  sbar_dark_T4a_mid+0.5=14551.2305  sbar_dark_T4b_mid+0.5=31038.8203  sbar_dark_T4c_mid+0.5=25212.1777  sbar_dark_T4d_mid+0.5=29691.0410  sbar_dark_T5a_mid+0.5=172621.5938  sbar_dark_T5b_mid+0.5=165527.8125  sbar_dark_T5c_mid+0.5=141722.9219  sbar_dark_T5d_mid+0.5=143423.4375  sbar_dark_T4b_mid+1.5=18090.4121  sbar_dark_T4c_mid+1.5=9492.9873  sbar_dark_T4d_mid+1.5=7251.6719  sbar_dark_T5a_mid+1.5=78889.9766  sbar_dark_T5b_mid+1.5=85078.6953  sbar_dark_T5c_mid+1.5=96052.6016  sbar_dark_T5d_mid+1.5=82046.9297  sbar_dark_T4a_mid+1.5=8960.8906]:  27%|██▋       | 270/1000 [02:56<07:58,  1.53it/s] Cost: 418697.2188  [spread_bright_L5=2206774.5000  spread_bright_Mi1=1379901.7500  spread_bright_Tm3=1290294.7500  spread_bright_Mi4=1945473.5000  spread_dark_L1=1087752.3750  spread_dark_L2=1188189.3750  spread_dark_L3=1835211.5000  spread_dark_L4=2740677.2500  spread_dark_Mi9=880023.7500  spread_dark_Tm1=1693939.1250  spread_dark_Tm2=1853484.6250  spread_dark_Tm4=1667463.2500  spread_dark_Tm9=1405155.1250  sbar_bright_T4a_mid+0=383326.6562  sbar_bright_T4b_mid+0=488711.4688  sbar_bright_T4c_mid+0=454214.8438  sbar_bright_T4d_mid+0=467006.6875  sbar_bright_T5a_mid+0=123730.4766  sbar_bright_T5b_mid+0=146005.4219  sbar_bright_T5c_mid+0=145843.4531  sbar_bright_T5d_mid+0=132641.7188  sbar_bright_T4a_mid+1=261305.3125  sbar_bright_T4b_mid+1=268027.1562  sbar_bright_T4c_mid+1=283200.4688  sbar_bright_T4d_mid+1=290181.3750  sbar_bright_T5a_mid+1=119406.5469  sbar_bright_T5b_mid+1=134216.3750  sbar_bright_T5c_mid+1=116478.8750  sbar_bright_T5d_mid+1=110967.5781  sbar_bright_T4a_mid+2=102235.6172  sbar_bright_T4b_mid+2=186214.6406  sbar_bright_T4c_mid+2=135882.0156  sbar_bright_T4d_mid+2=120641.6328  sbar_bright_T5a_mid+2=205713.4688  sbar_bright_T5b_mid+2=207347.7812  sbar_bright_T5c_mid+2=211256.1719  sbar_bright_T5d_mid+2=195402.0156  sbar_bright_T4a_mid-1=1836526.5000  sbar_bright_T4b_mid-1=1212951.8750  sbar_bright_T4c_mid-1=1717167.0000  sbar_bright_T4d_mid-1=1846716.3750  sbar_bright_T5a_mid-1=382090.5938  sbar_bright_T5b_mid-1=386578.8125  sbar_bright_T5c_mid-1=388940.1562  sbar_bright_T5d_mid-1=385170.7188  sbar_bright_T4a_mid-2=401481.2188  sbar_bright_T4b_mid-2=330817.1875  sbar_bright_T4c_mid-2=404690.3750  sbar_bright_T4d_mid-2=386703.7500  sbar_bright_T5b_mid-2=99554.1641  sbar_bright_T5c_mid-2=95178.2500  sbar_bright_T5d_mid-2=97697.9141  sbar_bright_T5a_mid-2=97888.6719  sbar_bright_T4a_mid-1.5=221492.4688  sbar_bright_T4b_mid-1.5=174449.1719  sbar_bright_T4c_mid-1.5=196808.3281  sbar_bright_T4d_mid-1.5=252477.7031  sbar_bright_T5a_mid-1.5=99809.5469  sbar_bright_T5b_mid-1.5=110235.6875  sbar_bright_T5c_mid-1.5=101280.6875  sbar_bright_T5d_mid-1.5=88324.4297  sbar_bright_T4a_mid-0.5=989664.4375  sbar_bright_T4b_mid-0.5=886167.9375  sbar_bright_T4c_mid-0.5=1132740.5000  sbar_bright_T4d_mid-0.5=1071327.0000  sbar_bright_T5a_mid-0.5=144280.0625  sbar_bright_T5b_mid-0.5=148929.3438  sbar_bright_T5c_mid-0.5=132954.4062  sbar_bright_T5d_mid-0.5=138972.7031  sbar_bright_T4a_mid+0.5=186404.6094  sbar_bright_T4b_mid+0.5=102141.0078  sbar_bright_T4c_mid+0.5=137391.7656  sbar_bright_T4d_mid+0.5=123216.4219  sbar_bright_T5a_mid+0.5=52764.6055  sbar_bright_T5b_mid+0.5=53920.7031  sbar_bright_T5c_mid+0.5=43130.4023  sbar_bright_T5d_mid+0.5=46709.7617  sbar_bright_T4b_mid+1.5=99239.4062  sbar_bright_T4c_mid+1.5=110815.7266  sbar_bright_T4d_mid+1.5=66398.9688  sbar_bright_T5a_mid+1.5=39153.1914  sbar_bright_T5b_mid+1.5=44231.6641  sbar_bright_T5c_mid+1.5=33723.2930  sbar_bright_T5d_mid+1.5=26984.3301  sbar_bright_T4a_mid+1.5=73940.2734  sbar_dark_T4a_mid+0=87016.3828  sbar_dark_T4b_mid+0=128442.6094  sbar_dark_T4c_mid+0=96361.3906  sbar_dark_T4d_mid+0=123660.1172  sbar_dark_T5a_mid+0=719600.6875  sbar_dark_T5b_mid+0=464566.9062  sbar_dark_T5c_mid+0=346533.7500  sbar_dark_T5d_mid+0=596310.0625  sbar_dark_T4a_mid+1=55324.8828  sbar_dark_T4b_mid+1=25808.2891  sbar_dark_T4c_mid+1=37729.8867  sbar_dark_T4d_mid+1=43913.2383  sbar_dark_T5a_mid+1=279640.6250  sbar_dark_T5b_mid+1=255999.7188  sbar_dark_T5c_mid+1=302038.8750  sbar_dark_T5d_mid+1=222178.2812  sbar_dark_T4a_mid+2=38480.0273  sbar_dark_T4b_mid+2=52246.4727  sbar_dark_T4c_mid+2=62323.0430  sbar_dark_T4d_mid+2=33088.4570  sbar_dark_T5a_mid+2=334930.4375  sbar_dark_T5b_mid+2=322757.7188  sbar_dark_T5c_mid+2=336985.3438  sbar_dark_T5d_mid+2=319846.3750  sbar_dark_T4a_mid-1=181643.7656  sbar_dark_T4b_mid-1=137546.4219  sbar_dark_T4c_mid-1=107823.0859  sbar_dark_T4d_mid-1=121653.8281  sbar_dark_T5a_mid-1=1787704.7500  sbar_dark_T5b_mid-1=1691681.7500  sbar_dark_T5c_mid-1=1665003.2500  sbar_dark_T5d_mid-1=1765025.6250  sbar_dark_T4a_mid-2=68272.9219  sbar_dark_T4b_mid-2=68229.7734  sbar_dark_T4c_mid-2=69365.8516  sbar_dark_T4d_mid-2=55577.0586  sbar_dark_T5b_mid-2=1044784.6875  sbar_dark_T5c_mid-2=920747.3125  sbar_dark_T5d_mid-2=983349.3125  sbar_dark_T5a_mid-2=1002480.3750  sbar_dark_T4a_mid-1.5=19957.9785  sbar_dark_T4b_mid-1.5=34077.8516  sbar_dark_T4c_mid-1.5=31888.7598  sbar_dark_T4d_mid-1.5=13181.7500  sbar_dark_T5a_mid-1.5=310024.1250  sbar_dark_T5b_mid-1.5=341956.7500  sbar_dark_T5c_mid-1.5=328155.6562  sbar_dark_T5d_mid-1.5=285117.4062  sbar_dark_T4a_mid-0.5=21347.9375  sbar_dark_T4b_mid-0.5=51989.7500  sbar_dark_T4c_mid-0.5=39639.6602  sbar_dark_T4d_mid-0.5=32888.5195  sbar_dark_T5a_mid-0.5=703826.5625  sbar_dark_T5b_mid-0.5=822484.3750  sbar_dark_T5c_mid-0.5=568984.9375  sbar_dark_T5d_mid-0.5=610696.6875  sbar_dark_T4a_mid+0.5=14458.2412  sbar_dark_T4b_mid+0.5=14078.2754  sbar_dark_T4c_mid+0.5=25279.1426  sbar_dark_T4d_mid+0.5=26168.6484  sbar_dark_T5a_mid+0.5=133530.5469  sbar_dark_T5b_mid+0.5=128744.5391  sbar_dark_T5c_mid+0.5=107860.4219  sbar_dark_T5d_mid+0.5=113530.2188  sbar_dark_T4b_mid+1.5=13471.8945  sbar_dark_T4c_mid+1.5=12829.7656  sbar_dark_T4d_mid+1.5=7380.8281  sbar_dark_T5a_mid+1.5=65773.2656  sbar_dark_T5b_mid+1.5=70158.7812  sbar_dark_T5c_mid+1.5=78313.0078  sbar_dark_T5d_mid+1.5=75927.6094  sbar_dark_T4a_mid+1.5=10554.6523]:    28%|██▊       | 280/1000 [03:03<07:51,  1.53it/s] Cost: 395310.3125  [spread_bright_L5=1703154.7500  spread_bright_Mi1=1442158.5000  spread_bright_Tm3=1272649.3750  spread_bright_Mi4=1873622.3750  spread_dark_L1=1080954.7500  spread_dark_L2=756286.1875  spread_dark_L3=1903616.5000  spread_dark_L4=2836520.2500  spread_dark_Mi9=1108007.8750  spread_dark_Tm1=2071600.6250  spread_dark_Tm2=1811352.8750  spread_dark_Tm4=1702021.5000  spread_dark_Tm9=1463993.8750  sbar_bright_T4a_mid+0=353251.4062  sbar_bright_T4b_mid+0=344826.6250  sbar_bright_T4c_mid+0=347519.6562  sbar_bright_T4d_mid+0=359838.0000  sbar_bright_T5a_mid+0=150694.0312  sbar_bright_T5b_mid+0=185605.9375  sbar_bright_T5c_mid+0=179463.8438  sbar_bright_T5d_mid+0=143755.0000  sbar_bright_T4a_mid+1=256763.5781  sbar_bright_T4b_mid+1=254830.5625  sbar_bright_T4c_mid+1=292648.0625  sbar_bright_T4d_mid+1=269473.2812  sbar_bright_T5a_mid+1=125717.4219  sbar_bright_T5b_mid+1=132101.7656  sbar_bright_T5c_mid+1=107302.7734  sbar_bright_T5d_mid+1=110847.4688  sbar_bright_T4a_mid+2=104527.9844  sbar_bright_T4b_mid+2=146603.0469  sbar_bright_T4c_mid+2=138093.9062  sbar_bright_T4d_mid+2=117802.0625  sbar_bright_T5a_mid+2=186441.1562  sbar_bright_T5b_mid+2=173820.0000  sbar_bright_T5c_mid+2=173595.4219  sbar_bright_T5d_mid+2=165247.6094  sbar_bright_T4a_mid-1=1610500.6250  sbar_bright_T4b_mid-1=1123630.3750  sbar_bright_T4c_mid-1=1604202.6250  sbar_bright_T4d_mid-1=1792270.0000  sbar_bright_T5a_mid-1=446965.9375  sbar_bright_T5b_mid-1=474546.5938  sbar_bright_T5c_mid-1=474518.9062  sbar_bright_T5d_mid-1=435325.2500  sbar_bright_T4a_mid-2=306880.0938  sbar_bright_T4b_mid-2=302805.5312  sbar_bright_T4c_mid-2=316687.0312  sbar_bright_T4d_mid-2=335934.3750  sbar_bright_T5b_mid-2=87619.3281  sbar_bright_T5c_mid-2=68249.9141  sbar_bright_T5d_mid-2=71808.5000  sbar_bright_T5a_mid-2=81188.7734  sbar_bright_T4a_mid-1.5=189765.1250  sbar_bright_T4b_mid-1.5=144538.3281  sbar_bright_T4c_mid-1.5=145471.2656  sbar_bright_T4d_mid-1.5=224943.2969  sbar_bright_T5a_mid-1.5=115064.6328  sbar_bright_T5b_mid-1.5=115920.3906  sbar_bright_T5c_mid-1.5=97179.8906  sbar_bright_T5d_mid-1.5=91261.9375  sbar_bright_T4a_mid-0.5=943866.8750  sbar_bright_T4b_mid-0.5=882103.4375  sbar_bright_T4c_mid-0.5=1118303.1250  sbar_bright_T4d_mid-0.5=1099423.5000  sbar_bright_T5a_mid-0.5=174278.5312  sbar_bright_T5b_mid-0.5=170546.9219  sbar_bright_T5c_mid-0.5=171179.8438  sbar_bright_T5d_mid-0.5=156489.5000  sbar_bright_T4a_mid+0.5=172064.0000  sbar_bright_T4b_mid+0.5=105934.3516  sbar_bright_T4c_mid+0.5=116118.6484  sbar_bright_T4d_mid+0.5=120457.2969  sbar_bright_T5a_mid+0.5=70837.8047  sbar_bright_T5b_mid+0.5=70940.0391  sbar_bright_T5c_mid+0.5=47960.3867  sbar_bright_T5d_mid+0.5=56844.7891  sbar_bright_T4b_mid+1.5=70069.3047  sbar_bright_T4c_mid+1.5=103119.3672  sbar_bright_T4d_mid+1.5=53892.1953  sbar_bright_T5a_mid+1.5=44614.1602  sbar_bright_T5b_mid+1.5=52928.7461  sbar_bright_T5c_mid+1.5=36870.1250  sbar_bright_T5d_mid+1.5=31943.2051  sbar_bright_T4a_mid+1.5=86439.8750  sbar_dark_T4a_mid+0=147318.9531  sbar_dark_T4b_mid+0=124869.7266  sbar_dark_T4c_mid+0=111548.7500  sbar_dark_T4d_mid+0=102456.7891  sbar_dark_T5a_mid+0=431438.5000  sbar_dark_T5b_mid+0=419756.6875  sbar_dark_T5c_mid+0=253406.8438  sbar_dark_T5d_mid+0=368551.9688  sbar_dark_T4a_mid+1=91998.3125  sbar_dark_T4b_mid+1=31367.4727  sbar_dark_T4c_mid+1=52513.5273  sbar_dark_T4d_mid+1=55712.9766  sbar_dark_T5a_mid+1=261456.0469  sbar_dark_T5b_mid+1=225544.4219  sbar_dark_T5c_mid+1=253439.7188  sbar_dark_T5d_mid+1=187612.9062  sbar_dark_T4a_mid+2=72075.6484  sbar_dark_T4b_mid+2=68154.1094  sbar_dark_T4c_mid+2=95407.3672  sbar_dark_T4d_mid+2=40536.8203  sbar_dark_T5a_mid+2=275262.5312  sbar_dark_T5b_mid+2=260937.2500  sbar_dark_T5c_mid+2=278330.6562  sbar_dark_T5d_mid+2=264176.3125  sbar_dark_T4a_mid-1=286939.5625  sbar_dark_T4b_mid-1=223173.5312  sbar_dark_T4c_mid-1=165259.2188  sbar_dark_T4d_mid-1=156922.6562  sbar_dark_T5a_mid-1=1574694.3750  sbar_dark_T5b_mid-1=1445292.5000  sbar_dark_T5c_mid-1=1427272.7500  sbar_dark_T5d_mid-1=1509597.8750  sbar_dark_T4a_mid-2=130833.7031  sbar_dark_T4b_mid-2=122436.7422  sbar_dark_T4c_mid-2=134227.6250  sbar_dark_T4d_mid-2=102315.1953  sbar_dark_T5b_mid-2=867174.5000  sbar_dark_T5c_mid-2=709417.6875  sbar_dark_T5d_mid-2=776360.8750  sbar_dark_T5a_mid-2=858499.5000  sbar_dark_T4a_mid-1.5=35493.4141  sbar_dark_T4b_mid-1.5=57105.8320  sbar_dark_T4c_mid-1.5=63919.8438  sbar_dark_T4d_mid-1.5=24257.8320  sbar_dark_T5a_mid-1.5=257654.4688  sbar_dark_T5b_mid-1.5=285035.5938  sbar_dark_T5c_mid-1.5=245516.9844  sbar_dark_T5d_mid-1.5=222332.1562  sbar_dark_T4a_mid-0.5=44513.3750  sbar_dark_T4b_mid-0.5=74720.0000  sbar_dark_T4c_mid-0.5=86799.7812  sbar_dark_T4d_mid-0.5=43221.6562  sbar_dark_T5a_mid-0.5=606370.6875  sbar_dark_T5b_mid-0.5=702350.0625  sbar_dark_T5c_mid-0.5=473337.2500  sbar_dark_T5d_mid-0.5=575394.6875  sbar_dark_T4a_mid+0.5=23238.0605  sbar_dark_T4b_mid+0.5=29525.3262  sbar_dark_T4c_mid+0.5=24501.0723  sbar_dark_T4d_mid+0.5=51450.2695  sbar_dark_T5a_mid+0.5=111264.5859  sbar_dark_T5b_mid+0.5=91970.1328  sbar_dark_T5c_mid+0.5=94242.0469  sbar_dark_T5d_mid+0.5=95418.1016  sbar_dark_T4b_mid+1.5=10342.4141  sbar_dark_T4c_mid+1.5=19989.2812  sbar_dark_T4d_mid+1.5=10065.7441  sbar_dark_T5a_mid+1.5=55588.1367  sbar_dark_T5b_mid+1.5=65424.2578  sbar_dark_T5c_mid+1.5=72791.0312  sbar_dark_T5d_mid+1.5=64835.7422  sbar_dark_T4a_mid+1.5=19536.3281]:  29%|██▉       | 290/1000 [03:09<07:44,  1.53it/s] Cost: 384680.4688  [spread_bright_L5=1841199.2500  spread_bright_Mi1=1234685.8750  spread_bright_Tm3=1233952.7500  spread_bright_Mi4=1820650.6250  spread_dark_L1=1033179.3125  spread_dark_L2=732666.4375  spread_dark_L3=1496051.6250  spread_dark_L4=2710587.2500  spread_dark_Mi9=872224.9375  spread_dark_Tm1=1822450.3750  spread_dark_Tm2=1614489.1250  spread_dark_Tm4=1623775.5000  spread_dark_Tm9=1273912.1250  sbar_bright_T4a_mid+0=461672.5000  sbar_bright_T4b_mid+0=368645.2500  sbar_bright_T4c_mid+0=372544.2500  sbar_bright_T4d_mid+0=374055.5000  sbar_bright_T5a_mid+0=146542.0938  sbar_bright_T5b_mid+0=177226.5938  sbar_bright_T5c_mid+0=170547.5781  sbar_bright_T5d_mid+0=140718.5469  sbar_bright_T4a_mid+1=248514.2344  sbar_bright_T4b_mid+1=246094.7500  sbar_bright_T4c_mid+1=285814.6250  sbar_bright_T4d_mid+1=272828.8750  sbar_bright_T5a_mid+1=121389.7188  sbar_bright_T5b_mid+1=130477.4844  sbar_bright_T5c_mid+1=104236.2109  sbar_bright_T5d_mid+1=107586.2109  sbar_bright_T4a_mid+2=86065.4062  sbar_bright_T4b_mid+2=128990.5703  sbar_bright_T4c_mid+2=120409.5156  sbar_bright_T4d_mid+2=109161.4922  sbar_bright_T5a_mid+2=183409.2031  sbar_bright_T5b_mid+2=173130.8125  sbar_bright_T5c_mid+2=169522.5938  sbar_bright_T5d_mid+2=165208.8281  sbar_bright_T4a_mid-1=1614950.2500  sbar_bright_T4b_mid-1=1212276.6250  sbar_bright_T4c_mid-1=1627067.0000  sbar_bright_T4d_mid-1=1814791.0000  sbar_bright_T5a_mid-1=436092.6875  sbar_bright_T5b_mid-1=460289.2500  sbar_bright_T5c_mid-1=454185.7188  sbar_bright_T5d_mid-1=423516.0938  sbar_bright_T4a_mid-2=343558.3750  sbar_bright_T4b_mid-2=320935.6562  sbar_bright_T4c_mid-2=331579.0625  sbar_bright_T4d_mid-2=339490.2188  sbar_bright_T5b_mid-2=83442.4609  sbar_bright_T5c_mid-2=68344.0781  sbar_bright_T5d_mid-2=68256.0938  sbar_bright_T5a_mid-2=79117.2266  sbar_bright_T4a_mid-1.5=203824.4219  sbar_bright_T4b_mid-1.5=160487.0625  sbar_bright_T4c_mid-1.5=163570.2344  sbar_bright_T4d_mid-1.5=226752.8438  sbar_bright_T5a_mid-1.5=110954.3438  sbar_bright_T5b_mid-1.5=111333.5859  sbar_bright_T5c_mid-1.5=90193.9297  sbar_bright_T5d_mid-1.5=86304.7266  sbar_bright_T4a_mid-0.5=946493.3750  sbar_bright_T4b_mid-0.5=926038.2500  sbar_bright_T4c_mid-0.5=1153169.1250  sbar_bright_T4d_mid-0.5=1095956.2500  sbar_bright_T5a_mid-0.5=171683.4531  sbar_bright_T5b_mid-0.5=167153.3594  sbar_bright_T5c_mid-0.5=163738.7344  sbar_bright_T5d_mid-0.5=150804.0156  sbar_bright_T4a_mid+0.5=168074.8750  sbar_bright_T4b_mid+0.5=113399.8359  sbar_bright_T4c_mid+0.5=122163.2500  sbar_bright_T4d_mid+0.5=127897.3203  sbar_bright_T5a_mid+0.5=68405.3359  sbar_bright_T5b_mid+0.5=70221.1406  sbar_bright_T5c_mid+0.5=46835.6172  sbar_bright_T5d_mid+0.5=53510.6367  sbar_bright_T4b_mid+1.5=63590.3672  sbar_bright_T4c_mid+1.5=95493.2656  sbar_bright_T4d_mid+1.5=50816.9297  sbar_bright_T5a_mid+1.5=43625.7617  sbar_bright_T5b_mid+1.5=51927.1406  sbar_bright_T5c_mid+1.5=36493.5234  sbar_bright_T5d_mid+1.5=33268.3828  sbar_bright_T4a_mid+1.5=70989.2500  sbar_dark_T4a_mid+0=119895.5703  sbar_dark_T4b_mid+0=76000.5625  sbar_dark_T4c_mid+0=84829.6953  sbar_dark_T4d_mid+0=75251.8906  sbar_dark_T5a_mid+0=473476.5312  sbar_dark_T5b_mid+0=445130.6250  sbar_dark_T5c_mid+0=253469.0000  sbar_dark_T5d_mid+0=381563.8438  sbar_dark_T4a_mid+1=57935.7383  sbar_dark_T4b_mid+1=21392.9375  sbar_dark_T4c_mid+1=40402.7539  sbar_dark_T4d_mid+1=45962.1055  sbar_dark_T5a_mid+1=272118.4375  sbar_dark_T5b_mid+1=229820.2031  sbar_dark_T5c_mid+1=259450.0781  sbar_dark_T5d_mid+1=189638.7500  sbar_dark_T4a_mid+2=42926.0234  sbar_dark_T4b_mid+2=39928.8086  sbar_dark_T4c_mid+2=67523.9062  sbar_dark_T4d_mid+2=33742.8359  sbar_dark_T5a_mid+2=277313.1562  sbar_dark_T5b_mid+2=264954.9375  sbar_dark_T5c_mid+2=282799.2500  sbar_dark_T5d_mid+2=268048.4062  sbar_dark_T4a_mid-1=224170.5781  sbar_dark_T4b_mid-1=166417.7344  sbar_dark_T4c_mid-1=146161.5156  sbar_dark_T4d_mid-1=146614.8281  sbar_dark_T5a_mid-1=1605297.7500  sbar_dark_T5b_mid-1=1462321.5000  sbar_dark_T5c_mid-1=1482219.1250  sbar_dark_T5d_mid-1=1555977.1250  sbar_dark_T4a_mid-2=104169.4141  sbar_dark_T4b_mid-2=90216.5312  sbar_dark_T4c_mid-2=124660.8438  sbar_dark_T4d_mid-2=92058.4141  sbar_dark_T5b_mid-2=893202.6250  sbar_dark_T5c_mid-2=756614.3125  sbar_dark_T5d_mid-2=819450.1250  sbar_dark_T5a_mid-2=866813.5000  sbar_dark_T4a_mid-1.5=29892.8047  sbar_dark_T4b_mid-1.5=42456.8438  sbar_dark_T4c_mid-1.5=47443.2070  sbar_dark_T4d_mid-1.5=23716.8066  sbar_dark_T5a_mid-1.5=266985.2188  sbar_dark_T5b_mid-1.5=294838.4062  sbar_dark_T5c_mid-1.5=260083.6406  sbar_dark_T5d_mid-1.5=235801.4844  sbar_dark_T4a_mid-0.5=24315.5195  sbar_dark_T4b_mid-0.5=56213.9453  sbar_dark_T4c_mid-0.5=59423.6719  sbar_dark_T4d_mid-0.5=40188.3594  sbar_dark_T5a_mid-0.5=603283.8750  sbar_dark_T5b_mid-0.5=710654.2500  sbar_dark_T5c_mid-0.5=489936.8438  sbar_dark_T5d_mid-0.5=588826.3125  sbar_dark_T4a_mid+0.5=16561.4727  sbar_dark_T4b_mid+0.5=17881.5039  sbar_dark_T4c_mid+0.5=20510.6641  sbar_dark_T4d_mid+0.5=38140.6016  sbar_dark_T5a_mid+0.5=109509.1875  sbar_dark_T5b_mid+0.5=93311.8672  sbar_dark_T5c_mid+0.5=90246.4375  sbar_dark_T5d_mid+0.5=95249.4844  sbar_dark_T4b_mid+1.5=8790.0586  sbar_dark_T4c_mid+1.5=13633.1367  sbar_dark_T4d_mid+1.5=8677.3574  sbar_dark_T5a_mid+1.5=56156.5781  sbar_dark_T5b_mid+1.5=64943.2656  sbar_dark_T5c_mid+1.5=71001.7109  sbar_dark_T5d_mid+1.5=66082.9453  sbar_dark_T4a_mid+1.5=12461.6309]:            30%|███       | 300/1000 [03:16<07:38,  1.53it/s] Cost: 378823.3750  [spread_bright_L5=1797639.3750  spread_bright_Mi1=1234852.8750  spread_bright_Tm3=1225286.7500  spread_bright_Mi4=1656764.1250  spread_dark_L1=1047692.3125  spread_dark_L2=748903.6250  spread_dark_L3=1405288.1250  spread_dark_L4=2731645.0000  spread_dark_Mi9=835903.1875  spread_dark_Tm1=1793130.2500  spread_dark_Tm2=1600122.2500  spread_dark_Tm4=1625617.7500  spread_dark_Tm9=1221322.0000  sbar_bright_T4a_mid+0=360663.1250  sbar_bright_T4b_mid+0=359526.7500  sbar_bright_T4c_mid+0=359220.1562  sbar_bright_T4d_mid+0=377835.1250  sbar_bright_T5a_mid+0=144904.9062  sbar_bright_T5b_mid+0=175065.1094  sbar_bright_T5c_mid+0=184216.8125  sbar_bright_T5d_mid+0=145826.7812  sbar_bright_T4a_mid+1=260066.5469  sbar_bright_T4b_mid+1=250515.5781  sbar_bright_T4c_mid+1=287575.8438  sbar_bright_T4d_mid+1=270111.2188  sbar_bright_T5a_mid+1=122720.9531  sbar_bright_T5b_mid+1=132908.5781  sbar_bright_T5c_mid+1=108821.6953  sbar_bright_T5d_mid+1=109257.7734  sbar_bright_T4a_mid+2=104425.9844  sbar_bright_T4b_mid+2=133667.2656  sbar_bright_T4c_mid+2=118229.6094  sbar_bright_T4d_mid+2=109767.5625  sbar_bright_T5a_mid+2=179491.6250  sbar_bright_T5b_mid+2=179551.0312  sbar_bright_T5c_mid+2=167630.8281  sbar_bright_T5d_mid+2=166017.3594  sbar_bright_T4a_mid-1=1563754.0000  sbar_bright_T4b_mid-1=1167536.3750  sbar_bright_T4c_mid-1=1587057.8750  sbar_bright_T4d_mid-1=1780357.0000  sbar_bright_T5a_mid-1=437700.2188  sbar_bright_T5b_mid-1=464916.5625  sbar_bright_T5c_mid-1=476679.0000  sbar_bright_T5d_mid-1=436414.7812  sbar_bright_T4a_mid-2=300344.4688  sbar_bright_T4b_mid-2=310472.3750  sbar_bright_T4c_mid-2=319112.4688  sbar_bright_T4d_mid-2=328810.1562  sbar_bright_T5b_mid-2=84155.6719  sbar_bright_T5c_mid-2=70871.6641  sbar_bright_T5d_mid-2=70947.9141  sbar_bright_T5a_mid-2=78867.8203  sbar_bright_T4a_mid-1.5=186301.2344  sbar_bright_T4b_mid-1.5=152861.1719  sbar_bright_T4c_mid-1.5=158598.4688  sbar_bright_T4d_mid-1.5=221359.3281  sbar_bright_T5a_mid-1.5=108553.4766  sbar_bright_T5b_mid-1.5=113512.4219  sbar_bright_T5c_mid-1.5=91421.6797  sbar_bright_T5d_mid-1.5=87702.2266  sbar_bright_T4a_mid-0.5=931884.0625  sbar_bright_T4b_mid-0.5=902034.8750  sbar_bright_T4c_mid-0.5=1141121.6250  sbar_bright_T4d_mid-0.5=1078894.1250  sbar_bright_T5a_mid-0.5=169124.5312  sbar_bright_T5b_mid-0.5=169101.2344  sbar_bright_T5c_mid-0.5=169618.7812  sbar_bright_T5d_mid-0.5=154137.9062  sbar_bright_T4a_mid+0.5=169968.5000  sbar_bright_T4b_mid+0.5=107257.6016  sbar_bright_T4c_mid+0.5=119461.7266  sbar_bright_T4d_mid+0.5=122279.7500  sbar_bright_T5a_mid+0.5=67253.9141  sbar_bright_T5b_mid+0.5=70039.8672  sbar_bright_T5c_mid+0.5=47382.4648  sbar_bright_T5d_mid+0.5=52615.9648  sbar_bright_T4b_mid+1.5=62356.8633  sbar_bright_T4c_mid+1.5=95964.3750  sbar_bright_T4d_mid+1.5=50193.9102  sbar_bright_T5a_mid+1.5=42201.0000  sbar_bright_T5b_mid+1.5=53236.5391  sbar_bright_T5c_mid+1.5=38201.5781  sbar_bright_T5d_mid+1.5=34665.0078  sbar_bright_T4a_mid+1.5=80466.6484  sbar_dark_T4a_mid+0=112059.3672  sbar_dark_T4b_mid+0=78864.8516  sbar_dark_T4c_mid+0=84081.5469  sbar_dark_T4d_mid+0=77440.0938  sbar_dark_T5a_mid+0=400528.8438  sbar_dark_T5b_mid+0=400225.7500  sbar_dark_T5c_mid+0=283569.2812  sbar_dark_T5d_mid+0=420760.2812  sbar_dark_T4a_mid+1=79922.9922  sbar_dark_T4b_mid+1=24219.6816  sbar_dark_T4c_mid+1=42299.0273  sbar_dark_T4d_mid+1=48308.6172  sbar_dark_T5a_mid+1=301702.2500  sbar_dark_T5b_mid+1=226199.3125  sbar_dark_T5c_mid+1=269371.5938  sbar_dark_T5d_mid+1=187049.9375  sbar_dark_T4a_mid+2=62928.0312  sbar_dark_T4b_mid+2=47845.5977  sbar_dark_T4c_mid+2=74099.2188  sbar_dark_T4d_mid+2=37013.7109  sbar_dark_T5a_mid+2=279087.4375  sbar_dark_T5b_mid+2=256240.5469  sbar_dark_T5c_mid+2=273602.2812  sbar_dark_T5d_mid+2=260199.9062  sbar_dark_T4a_mid-1=276834.3438  sbar_dark_T4b_mid-1=176360.4062  sbar_dark_T4c_mid-1=155603.1719  sbar_dark_T4d_mid-1=155156.7188  sbar_dark_T5a_mid-1=1556495.0000  sbar_dark_T5b_mid-1=1440254.6250  sbar_dark_T5c_mid-1=1399362.3750  sbar_dark_T5d_mid-1=1503969.3750  sbar_dark_T4a_mid-2=146900.4219  sbar_dark_T4b_mid-2=104726.2656  sbar_dark_T4c_mid-2=136568.3125  sbar_dark_T4d_mid-2=99030.3125  sbar_dark_T5b_mid-2=876059.1250  sbar_dark_T5c_mid-2=711222.0000  sbar_dark_T5d_mid-2=789399.0000  sbar_dark_T5a_mid-2=838367.2500  sbar_dark_T4a_mid-1.5=39492.3359  sbar_dark_T4b_mid-1.5=48186.3203  sbar_dark_T4c_mid-1.5=51260.6133  sbar_dark_T4d_mid-1.5=24317.3555  sbar_dark_T5a_mid-1.5=265998.1875  sbar_dark_T5b_mid-1.5=295628.0312  sbar_dark_T5c_mid-1.5=252595.1719  sbar_dark_T5d_mid-1.5=229527.3906  sbar_dark_T4a_mid-0.5=36321.5195  sbar_dark_T4b_mid-0.5=60988.2266  sbar_dark_T4c_mid-0.5=64214.2852  sbar_dark_T4d_mid-0.5=44615.7305  sbar_dark_T5a_mid-0.5=584035.2500  sbar_dark_T5b_mid-0.5=705187.1875  sbar_dark_T5c_mid-0.5=453560.1875  sbar_dark_T5d_mid-0.5=567977.8125  sbar_dark_T4a_mid+0.5=23717.9941  sbar_dark_T4b_mid+0.5=20966.0547  sbar_dark_T4c_mid+0.5=20578.5820  sbar_dark_T4d_mid+0.5=40015.9688  sbar_dark_T5a_mid+0.5=108054.9375  sbar_dark_T5b_mid+0.5=90913.5469  sbar_dark_T5c_mid+0.5=83040.0781  sbar_dark_T5d_mid+0.5=97154.8516  sbar_dark_T4b_mid+1.5=9714.2168  sbar_dark_T4c_mid+1.5=14822.9805  sbar_dark_T4d_mid+1.5=9847.9365  sbar_dark_T5a_mid+1.5=59539.4062  sbar_dark_T5b_mid+1.5=63460.5664  sbar_dark_T5c_mid+1.5=72752.4297  sbar_dark_T5d_mid+1.5=68013.0000  sbar_dark_T4a_mid+1.5=14885.4180]:  31%|███       | 310/1000 [03:22<07:31,  1.53it/s] Cost: 375053.0312  [spread_bright_L5=1772763.5000  spread_bright_Mi1=1207619.0000  spread_bright_Tm3=1231357.6250  spread_bright_Mi4=1651684.1250  spread_dark_L1=1057747.1250  spread_dark_L2=755553.8125  spread_dark_L3=1361030.0000  spread_dark_L4=2745469.2500  spread_dark_Mi9=822648.6875  spread_dark_Tm1=1776713.5000  spread_dark_Tm2=1634984.2500  spread_dark_Tm4=1633995.6250  spread_dark_Tm9=1207287.1250  sbar_bright_T4a_mid+0=418002.7812  sbar_bright_T4b_mid+0=353385.0938  sbar_bright_T4c_mid+0=360143.9375  sbar_bright_T4d_mid+0=374383.2188  sbar_bright_T5a_mid+0=135644.7500  sbar_bright_T5b_mid+0=180014.0469  sbar_bright_T5c_mid+0=191682.0000  sbar_bright_T5d_mid+0=148509.2656  sbar_bright_T4a_mid+1=245355.4844  sbar_bright_T4b_mid+1=250065.4062  sbar_bright_T4c_mid+1=283934.5000  sbar_bright_T4d_mid+1=267275.5938  sbar_bright_T5a_mid+1=109101.1797  sbar_bright_T5b_mid+1=129024.4375  sbar_bright_T5c_mid+1=107551.2500  sbar_bright_T5d_mid+1=106197.3828  sbar_bright_T4a_mid+2=85718.3906  sbar_bright_T4b_mid+2=137958.5312  sbar_bright_T4c_mid+2=115893.5000  sbar_bright_T4d_mid+2=109377.3906  sbar_bright_T5a_mid+2=155730.7344  sbar_bright_T5b_mid+2=173891.7500  sbar_bright_T5c_mid+2=167797.2656  sbar_bright_T5d_mid+2=164699.1562  sbar_bright_T4a_mid-1=1585585.3750  sbar_bright_T4b_mid-1=1160264.7500  sbar_bright_T4c_mid-1=1569621.7500  sbar_bright_T4d_mid-1=1769079.2500  sbar_bright_T5a_mid-1=419459.2500  sbar_bright_T5b_mid-1=472938.2812  sbar_bright_T5c_mid-1=487702.7188  sbar_bright_T5d_mid-1=442227.9375  sbar_bright_T4a_mid-2=318121.9375  sbar_bright_T4b_mid-2=299322.1250  sbar_bright_T4c_mid-2=311984.3438  sbar_bright_T4d_mid-2=323638.6875  sbar_bright_T5b_mid-2=83706.1484  sbar_bright_T5c_mid-2=70005.7500  sbar_bright_T5d_mid-2=72719.2344  sbar_bright_T5a_mid-2=68083.9453  sbar_bright_T4a_mid-1.5=191679.9375  sbar_bright_T4b_mid-1.5=148144.8594  sbar_bright_T4c_mid-1.5=152775.3281  sbar_bright_T4d_mid-1.5=216613.5781  sbar_bright_T5a_mid-1.5=100921.2109  sbar_bright_T5b_mid-1.5=113662.8359  sbar_bright_T5c_mid-1.5=93840.2109  sbar_bright_T5d_mid-1.5=89079.1719  sbar_bright_T4a_mid-0.5=942591.1250  sbar_bright_T4b_mid-0.5=892339.5000  sbar_bright_T4c_mid-0.5=1134496.5000  sbar_bright_T4d_mid-0.5=1077941.3750  sbar_bright_T5a_mid-0.5=161371.2344  sbar_bright_T5b_mid-0.5=169755.7188  sbar_bright_T5c_mid-0.5=175261.4219  sbar_bright_T5d_mid-0.5=158563.3906  sbar_bright_T4a_mid+0.5=171074.2031  sbar_bright_T4b_mid+0.5=107663.5312  sbar_bright_T4c_mid+0.5=117856.0469  sbar_bright_T4d_mid+0.5=121411.3672  sbar_bright_T5a_mid+0.5=58902.5117  sbar_bright_T5b_mid+0.5=70593.2266  sbar_bright_T5c_mid+0.5=47917.4414  sbar_bright_T5d_mid+0.5=53663.5000  sbar_bright_T4b_mid+1.5=62520.5820  sbar_bright_T4c_mid+1.5=96250.2031  sbar_bright_T4d_mid+1.5=50346.3125  sbar_bright_T5a_mid+1.5=35621.3164  sbar_bright_T5b_mid+1.5=51404.3008  sbar_bright_T5c_mid+1.5=37190.0234  sbar_bright_T5d_mid+1.5=32724.6074  sbar_bright_T4a_mid+1.5=69592.1406  sbar_dark_T4a_mid+0=112419.7891  sbar_dark_T4b_mid+0=79054.4922  sbar_dark_T4c_mid+0=86864.4297  sbar_dark_T4d_mid+0=80784.7734  sbar_dark_T5a_mid+0=374797.3750  sbar_dark_T5b_mid+0=408956.9688  sbar_dark_T5c_mid+0=290810.6875  sbar_dark_T5d_mid+0=429779.8750  sbar_dark_T4a_mid+1=60490.0781  sbar_dark_T4b_mid+1=24610.3652  sbar_dark_T4c_mid+1=42143.3789  sbar_dark_T4d_mid+1=50341.9102  sbar_dark_T5a_mid+1=383499.6562  sbar_dark_T5b_mid+1=231086.7031  sbar_dark_T5c_mid+1=268889.5312  sbar_dark_T5d_mid+1=189449.2500  sbar_dark_T4a_mid+2=46218.5234  sbar_dark_T4b_mid+2=48422.4727  sbar_dark_T4c_mid+2=73929.6016  sbar_dark_T4d_mid+2=36056.4492  sbar_dark_T5a_mid+2=300154.2500  sbar_dark_T5b_mid+2=254033.0000  sbar_dark_T5c_mid+2=270199.0938  sbar_dark_T5d_mid+2=258114.7500  sbar_dark_T4a_mid-1=248132.6406  sbar_dark_T4b_mid-1=181384.5938  sbar_dark_T4c_mid-1=160613.8906  sbar_dark_T4d_mid-1=160583.5938  sbar_dark_T5a_mid-1=1489033.5000  sbar_dark_T5b_mid-1=1388608.5000  sbar_dark_T5c_mid-1=1354138.1250  sbar_dark_T5d_mid-1=1464726.1250  sbar_dark_T4a_mid-2=124201.5391  sbar_dark_T4b_mid-2=108798.5703  sbar_dark_T4c_mid-2=135392.3438  sbar_dark_T4d_mid-2=104171.5234  sbar_dark_T5b_mid-2=847846.5625  sbar_dark_T5c_mid-2=680622.6875  sbar_dark_T5d_mid-2=760494.1250  sbar_dark_T5a_mid-2=793281.8750  sbar_dark_T4a_mid-1.5=35090.5312  sbar_dark_T4b_mid-1.5=50555.3672  sbar_dark_T4c_mid-1.5=54352.3359  sbar_dark_T4d_mid-1.5=25546.4668  sbar_dark_T5a_mid-1.5=248259.3594  sbar_dark_T5b_mid-1.5=287331.3125  sbar_dark_T5c_mid-1.5=239370.8906  sbar_dark_T5d_mid-1.5=218558.5156  sbar_dark_T4a_mid-0.5=27343.5742  sbar_dark_T4b_mid-0.5=61327.1992  sbar_dark_T4c_mid-0.5=65127.1289  sbar_dark_T4d_mid-0.5=45690.6602  sbar_dark_T5a_mid-0.5=546665.0625  sbar_dark_T5b_mid-0.5=684916.2500  sbar_dark_T5c_mid-0.5=440944.6875  sbar_dark_T5d_mid-0.5=550375.4375  sbar_dark_T4a_mid+0.5=17814.8633  sbar_dark_T4b_mid+0.5=22548.8125  sbar_dark_T4c_mid+0.5=19481.9473  sbar_dark_T4d_mid+0.5=42567.0195  sbar_dark_T5a_mid+0.5=115852.1953  sbar_dark_T5b_mid+0.5=87171.3438  sbar_dark_T5c_mid+0.5=79479.5000  sbar_dark_T5d_mid+0.5=97519.2578  sbar_dark_T4b_mid+1.5=9120.3682  sbar_dark_T4c_mid+1.5=14312.5400  sbar_dark_T4d_mid+1.5=9444.9746  sbar_dark_T5a_mid+1.5=71277.1406  sbar_dark_T5b_mid+1.5=67255.3438  sbar_dark_T5c_mid+1.5=74827.1641  sbar_dark_T5d_mid+1.5=69810.4688  sbar_dark_T4a_mid+1.5=11804.7061]:  32%|███▏      | 320/1000 [03:29<07:25,  1.53it/s] Cost: 372627.0000  [spread_bright_L5=1783447.3750  spread_bright_Mi1=1260073.3750  spread_bright_Tm3=1234960.5000  spread_bright_Mi4=1661923.1250  spread_dark_L1=1048891.8750  spread_dark_L2=718862.8125  spread_dark_L3=1318463.0000  spread_dark_L4=2706191.7500  spread_dark_Mi9=821966.4375  spread_dark_Tm1=1799532.7500  spread_dark_Tm2=1614950.7500  spread_dark_Tm4=1634247.6250  spread_dark_Tm9=1210384.8750  sbar_bright_T4a_mid+0=391472.5938  sbar_bright_T4b_mid+0=357119.3750  sbar_bright_T4c_mid+0=358207.1250  sbar_bright_T4d_mid+0=371148.6562  sbar_bright_T5a_mid+0=141057.2812  sbar_bright_T5b_mid+0=191324.3438  sbar_bright_T5c_mid+0=201576.0781  sbar_bright_T5d_mid+0=155053.7656  sbar_bright_T4a_mid+1=251487.7031  sbar_bright_T4b_mid+1=256463.4062  sbar_bright_T4c_mid+1=291868.8750  sbar_bright_T4d_mid+1=275581.7500  sbar_bright_T5a_mid+1=108250.0156  sbar_bright_T5b_mid+1=133693.3125  sbar_bright_T5c_mid+1=114783.4453  sbar_bright_T5d_mid+1=111408.8125  sbar_bright_T4a_mid+2=95178.4062  sbar_bright_T4b_mid+2=162046.2969  sbar_bright_T4c_mid+2=125823.0156  sbar_bright_T4d_mid+2=113395.0781  sbar_bright_T5a_mid+2=156590.7188  sbar_bright_T5b_mid+2=172664.7031  sbar_bright_T5c_mid+2=170320.6250  sbar_bright_T5d_mid+2=167432.5469  sbar_bright_T4a_mid-1=1535948.2500  sbar_bright_T4b_mid-1=1122562.5000  sbar_bright_T4c_mid-1=1542109.7500  sbar_bright_T4d_mid-1=1729550.5000  sbar_bright_T5a_mid-1=421692.4375  sbar_bright_T5b_mid-1=484134.8438  sbar_bright_T5c_mid-1=498545.3125  sbar_bright_T5d_mid-1=451608.2500  sbar_bright_T4a_mid-2=292980.5312  sbar_bright_T4b_mid-2=285537.4375  sbar_bright_T4c_mid-2=300236.8750  sbar_bright_T4d_mid-2=313468.0938  sbar_bright_T5b_mid-2=85250.9453  sbar_bright_T5c_mid-2=72942.8750  sbar_bright_T5d_mid-2=74416.0625  sbar_bright_T5a_mid-2=67122.2344  sbar_bright_T4a_mid-1.5=184362.5781  sbar_bright_T4b_mid-1.5=146741.0156  sbar_bright_T4c_mid-1.5=152393.4688  sbar_bright_T4d_mid-1.5=214636.7812  sbar_bright_T5a_mid-1.5=100477.4375  sbar_bright_T5b_mid-1.5=113772.2656  sbar_bright_T5c_mid-1.5=96836.6094  sbar_bright_T5d_mid-1.5=90777.0859  sbar_bright_T4a_mid-0.5=911252.8125  sbar_bright_T4b_mid-0.5=865449.0000  sbar_bright_T4c_mid-0.5=1118996.5000  sbar_bright_T4d_mid-0.5=1060216.8750  sbar_bright_T5a_mid-0.5=162919.2188  sbar_bright_T5b_mid-0.5=170135.6406  sbar_bright_T5c_mid-0.5=181522.3750  sbar_bright_T5d_mid-0.5=162675.1719  sbar_bright_T4a_mid+0.5=158541.5000  sbar_bright_T4b_mid+0.5=98868.2266  sbar_bright_T4c_mid+0.5=114480.4531  sbar_bright_T4d_mid+0.5=118594.6172  sbar_bright_T5a_mid+0.5=59479.5820  sbar_bright_T5b_mid+0.5=72811.5234  sbar_bright_T5c_mid+0.5=51212.2461  sbar_bright_T5d_mid+0.5=56694.5859  sbar_bright_T4b_mid+1.5=70129.9141  sbar_bright_T4c_mid+1.5=109454.6094  sbar_bright_T4d_mid+1.5=55326.1523  sbar_bright_T5a_mid+1.5=35031.6641  sbar_bright_T5b_mid+1.5=52324.3203  sbar_bright_T5c_mid+1.5=37859.3008  sbar_bright_T5d_mid+1.5=33780.5898  sbar_bright_T4a_mid+1.5=81628.3594  sbar_dark_T4a_mid+0=112363.0469  sbar_dark_T4b_mid+0=74719.5391  sbar_dark_T4c_mid+0=86195.6016  sbar_dark_T4d_mid+0=77174.6719  sbar_dark_T5a_mid+0=317649.5625  sbar_dark_T5b_mid+0=370077.2812  sbar_dark_T5c_mid+0=271485.3125  sbar_dark_T5d_mid+0=407526.2500  sbar_dark_T4a_mid+1=67991.7734  sbar_dark_T4b_mid+1=27625.6699  sbar_dark_T4c_mid+1=45594.2148  sbar_dark_T4d_mid+1=51581.1992  sbar_dark_T5a_mid+1=353887.1562  sbar_dark_T5b_mid+1=236257.6406  sbar_dark_T5c_mid+1=257645.0781  sbar_dark_T5d_mid+1=189402.8906  sbar_dark_T4a_mid+2=56424.2500  sbar_dark_T4b_mid+2=49300.7578  sbar_dark_T4c_mid+2=78707.5469  sbar_dark_T4d_mid+2=38266.6758  sbar_dark_T5a_mid+2=300961.4062  sbar_dark_T5b_mid+2=257178.4844  sbar_dark_T5c_mid+2=263662.0312  sbar_dark_T5d_mid+2=253349.0156  sbar_dark_T4a_mid-1=270186.9688  sbar_dark_T4b_mid-1=184874.8125  sbar_dark_T4c_mid-1=163516.4688  sbar_dark_T4d_mid-1=166547.3281  sbar_dark_T5a_mid-1=1497174.0000  sbar_dark_T5b_mid-1=1358896.8750  sbar_dark_T5c_mid-1=1341859.3750  sbar_dark_T5d_mid-1=1444899.2500  sbar_dark_T4a_mid-2=135716.2188  sbar_dark_T4b_mid-2=112288.3750  sbar_dark_T4c_mid-2=134846.9062  sbar_dark_T4d_mid-2=107706.9688  sbar_dark_T5b_mid-2=827153.5625  sbar_dark_T5c_mid-2=670473.4375  sbar_dark_T5d_mid-2=750115.4375  sbar_dark_T5a_mid-2=794940.3125  sbar_dark_T4a_mid-1.5=36807.1797  sbar_dark_T4b_mid-1.5=51476.8867  sbar_dark_T4c_mid-1.5=53714.6680  sbar_dark_T4d_mid-1.5=26025.9414  sbar_dark_T5a_mid-1.5=246036.4531  sbar_dark_T5b_mid-1.5=285838.0000  sbar_dark_T5c_mid-1.5=235581.7500  sbar_dark_T5d_mid-1.5=215367.9062  sbar_dark_T4a_mid-0.5=31405.9219  sbar_dark_T4b_mid-0.5=62798.7422  sbar_dark_T4c_mid-0.5=63596.6016  sbar_dark_T4d_mid-0.5=46771.1719  sbar_dark_T5a_mid-0.5=549679.6875  sbar_dark_T5b_mid-0.5=673521.0000  sbar_dark_T5c_mid-0.5=442493.0625  sbar_dark_T5d_mid-0.5=540229.2500  sbar_dark_T4a_mid+0.5=21822.1699  sbar_dark_T4b_mid+0.5=21890.1230  sbar_dark_T4c_mid+0.5=22408.3965  sbar_dark_T4d_mid+0.5=41096.2656  sbar_dark_T5a_mid+0.5=116359.3594  sbar_dark_T5b_mid+0.5=87126.6328  sbar_dark_T5c_mid+0.5=78162.8750  sbar_dark_T5d_mid+0.5=93047.3750  sbar_dark_T4b_mid+1.5=11769.8555  sbar_dark_T4c_mid+1.5=19360.5703  sbar_dark_T4d_mid+1.5=11203.5703  sbar_dark_T5a_mid+1.5=72015.9922  sbar_dark_T5b_mid+1.5=71103.7734  sbar_dark_T5c_mid+1.5=74462.5078  sbar_dark_T5d_mid+1.5=70289.9297  sbar_dark_T4a_mid+1.5=17425.2871]:  33%|███▎      | 330/1000 [03:35<07:20,  1.52it/s] Cost: 369712.2500  [spread_bright_L5=1762842.3750  spread_bright_Mi1=1224733.8750  spread_bright_Tm3=1226947.6250  spread_bright_Mi4=1610555.8750  spread_dark_L1=1059220.2500  spread_dark_L2=724704.3750  spread_dark_L3=1259420.7500  spread_dark_L4=2672787.5000  spread_dark_Mi9=806838.6875  spread_dark_Tm1=1761278.6250  spread_dark_Tm2=1571679.1250  spread_dark_Tm4=1611457.5000  spread_dark_Tm9=1198301.6250  sbar_bright_T4a_mid+0=392872.3750  sbar_bright_T4b_mid+0=351385.2500  sbar_bright_T4c_mid+0=354791.9375  sbar_bright_T4d_mid+0=370580.2812  sbar_bright_T5a_mid+0=146171.9219  sbar_bright_T5b_mid+0=194529.6719  sbar_bright_T5c_mid+0=205473.5625  sbar_bright_T5d_mid+0=158187.0312  sbar_bright_T4a_mid+1=249862.1250  sbar_bright_T4b_mid+1=255698.2344  sbar_bright_T4c_mid+1=287097.4375  sbar_bright_T4d_mid+1=274884.7188  sbar_bright_T5a_mid+1=106536.4375  sbar_bright_T5b_mid+1=126326.1953  sbar_bright_T5c_mid+1=114422.0547  sbar_bright_T5d_mid+1=110025.9922  sbar_bright_T4a_mid+2=88118.9531  sbar_bright_T4b_mid+2=152101.8750  sbar_bright_T4c_mid+2=117748.5000  sbar_bright_T4d_mid+2=109915.3906  sbar_bright_T5a_mid+2=156305.9219  sbar_bright_T5b_mid+2=163829.1719  sbar_bright_T5c_mid+2=167850.2188  sbar_bright_T5d_mid+2=165001.3906  sbar_bright_T4a_mid-1=1569425.1250  sbar_bright_T4b_mid-1=1167754.0000  sbar_bright_T4c_mid-1=1572081.3750  sbar_bright_T4d_mid-1=1744790.8750  sbar_bright_T5a_mid-1=433667.0938  sbar_bright_T5b_mid-1=484474.4062  sbar_bright_T5c_mid-1=503366.1875  sbar_bright_T5d_mid-1=458744.3750  sbar_bright_T4a_mid-2=309973.3438  sbar_bright_T4b_mid-2=291148.5312  sbar_bright_T4c_mid-2=310100.3438  sbar_bright_T4d_mid-2=316681.2188  sbar_bright_T5b_mid-2=82921.5469  sbar_bright_T5c_mid-2=74863.2734  sbar_bright_T5d_mid-2=75764.7031  sbar_bright_T5a_mid-2=67493.6094  sbar_bright_T4a_mid-1.5=191277.7188  sbar_bright_T4b_mid-1.5=156332.3125  sbar_bright_T4c_mid-1.5=156405.5469  sbar_bright_T4d_mid-1.5=216462.7344  sbar_bright_T5a_mid-1.5=102959.2891  sbar_bright_T5b_mid-1.5=111981.7188  sbar_bright_T5c_mid-1.5=98104.8125  sbar_bright_T5d_mid-1.5=92098.8281  sbar_bright_T4a_mid-0.5=940076.6875  sbar_bright_T4b_mid-0.5=889883.0625  sbar_bright_T4c_mid-0.5=1144690.3750  sbar_bright_T4d_mid-0.5=1069745.6250  sbar_bright_T5a_mid-0.5=167599.9219  sbar_bright_T5b_mid-0.5=168450.5938  sbar_bright_T5c_mid-0.5=182862.9844  sbar_bright_T5d_mid-0.5=165664.4844  sbar_bright_T4a_mid+0.5=165713.2969  sbar_bright_T4b_mid+0.5=102278.4141  sbar_bright_T4c_mid+0.5=115964.2500  sbar_bright_T4d_mid+0.5=121156.8984  sbar_bright_T5a_mid+0.5=61670.0391  sbar_bright_T5b_mid+0.5=69522.1250  sbar_bright_T5c_mid+0.5=51565.8594  sbar_bright_T5d_mid+0.5=56918.1602  sbar_bright_T4b_mid+1.5=67313.9141  sbar_bright_T4c_mid+1.5=101509.2344  sbar_bright_T4d_mid+1.5=55198.1562  sbar_bright_T5a_mid+1.5=35989.0625  sbar_bright_T5b_mid+1.5=51930.2422  sbar_bright_T5c_mid+1.5=38072.2578  sbar_bright_T5d_mid+1.5=34191.9336  sbar_bright_T4a_mid+1.5=75215.2109  sbar_dark_T4a_mid+0=106005.2969  sbar_dark_T4b_mid+0=72837.9688  sbar_dark_T4c_mid+0=79869.3672  sbar_dark_T4d_mid+0=75871.7109  sbar_dark_T5a_mid+0=336328.4062  sbar_dark_T5b_mid+0=344306.1250  sbar_dark_T5c_mid+0=279275.2812  sbar_dark_T5d_mid+0=418325.2500  sbar_dark_T4a_mid+1=61005.6719  sbar_dark_T4b_mid+1=26242.1953  sbar_dark_T4c_mid+1=41814.9922  sbar_dark_T4d_mid+1=49118.0234  sbar_dark_T5a_mid+1=319322.1562  sbar_dark_T5b_mid+1=245603.0625  sbar_dark_T5c_mid+1=259473.0625  sbar_dark_T5d_mid+1=187520.2031  sbar_dark_T4a_mid+2=47811.1055  sbar_dark_T4b_mid+2=45752.6836  sbar_dark_T4c_mid+2=68003.2812  sbar_dark_T4d_mid+2=34988.0586  sbar_dark_T5a_mid+2=288354.2188  sbar_dark_T5b_mid+2=262798.1562  sbar_dark_T5c_mid+2=257810.9375  sbar_dark_T5d_mid+2=247917.9062  sbar_dark_T4a_mid-1=260990.6562  sbar_dark_T4b_mid-1=171511.1250  sbar_dark_T4c_mid-1=159252.2031  sbar_dark_T4d_mid-1=164892.5781  sbar_dark_T5a_mid-1=1478344.6250  sbar_dark_T5b_mid-1=1304038.2500  sbar_dark_T5c_mid-1=1323297.0000  sbar_dark_T5d_mid-1=1426653.6250  sbar_dark_T4a_mid-2=122106.3828  sbar_dark_T4b_mid-2=103036.3438  sbar_dark_T4c_mid-2=128293.4609  sbar_dark_T4d_mid-2=104350.7812  sbar_dark_T5b_mid-2=806137.9375  sbar_dark_T5c_mid-2=662558.2500  sbar_dark_T5d_mid-2=742958.6875  sbar_dark_T5a_mid-2=790309.0000  sbar_dark_T4a_mid-1.5=33609.1055  sbar_dark_T4b_mid-1.5=46582.5977  sbar_dark_T4c_mid-1.5=51493.7617  sbar_dark_T4d_mid-1.5=25251.6934  sbar_dark_T5a_mid-1.5=244605.7188  sbar_dark_T5b_mid-1.5=284083.9688  sbar_dark_T5c_mid-1.5=233917.7656  sbar_dark_T5d_mid-1.5=214699.9531  sbar_dark_T4a_mid-0.5=28501.1992  sbar_dark_T4b_mid-0.5=56712.8398  sbar_dark_T4c_mid-0.5=60732.4102  sbar_dark_T4d_mid-0.5=46404.9258  sbar_dark_T5a_mid-0.5=542139.3750  sbar_dark_T5b_mid-0.5=662815.7500  sbar_dark_T5c_mid-0.5=439569.2188  sbar_dark_T5d_mid-0.5=533893.5625  sbar_dark_T4a_mid+0.5=18465.6543  sbar_dark_T4b_mid+0.5=21530.2734  sbar_dark_T4c_mid+0.5=20429.0566  sbar_dark_T4d_mid+0.5=38614.7344  sbar_dark_T5a_mid+0.5=110637.8281  sbar_dark_T5b_mid+0.5=87929.3984  sbar_dark_T5c_mid+0.5=75024.2500  sbar_dark_T5d_mid+0.5=91548.5469  sbar_dark_T4b_mid+1.5=9867.6729  sbar_dark_T4c_mid+1.5=15598.5107  sbar_dark_T4d_mid+1.5=10091.4004  sbar_dark_T5a_mid+1.5=69839.2891  sbar_dark_T5b_mid+1.5=76927.4531  sbar_dark_T5c_mid+1.5=72834.8672  sbar_dark_T5d_mid+1.5=69199.4766  sbar_dark_T4a_mid+1.5=13635.6689]:  34%|███▍      | 340/1000 [03:42<07:13,  1.52it/s] Cost: 366302.6562  [spread_bright_L5=1759919.1250  spread_bright_Mi1=1160049.3750  spread_bright_Tm3=1213031.6250  spread_bright_Mi4=1581155.7500  spread_dark_L1=1072216.5000  spread_dark_L2=719189.7500  spread_dark_L3=1198930.8750  spread_dark_L4=2637232.7500  spread_dark_Mi9=805248.2500  spread_dark_Tm1=1759926.3750  spread_dark_Tm2=1539036.1250  spread_dark_Tm4=1607503.2500  spread_dark_Tm9=1180888.6250  sbar_bright_T4a_mid+0=400487.5312  sbar_bright_T4b_mid+0=349775.5000  sbar_bright_T4c_mid+0=356327.6875  sbar_bright_T4d_mid+0=373184.2812  sbar_bright_T5a_mid+0=143314.8125  sbar_bright_T5b_mid+0=189369.6250  sbar_bright_T5c_mid+0=203806.4531  sbar_bright_T5d_mid+0=157413.0000  sbar_bright_T4a_mid+1=251095.8594  sbar_bright_T4b_mid+1=254963.7344  sbar_bright_T4c_mid+1=290628.0000  sbar_bright_T4d_mid+1=270894.0000  sbar_bright_T5a_mid+1=101919.1719  sbar_bright_T5b_mid+1=111157.5078  sbar_bright_T5c_mid+1=113881.9141  sbar_bright_T5d_mid+1=108709.5859  sbar_bright_T4a_mid+2=93613.4531  sbar_bright_T4b_mid+2=151842.9531  sbar_bright_T4c_mid+2=118070.2422  sbar_bright_T4d_mid+2=109162.7812  sbar_bright_T5a_mid+2=152696.7188  sbar_bright_T5b_mid+2=139495.2812  sbar_bright_T5c_mid+2=168217.7500  sbar_bright_T5d_mid+2=165052.1875  sbar_bright_T4a_mid-1=1532788.5000  sbar_bright_T4b_mid-1=1173560.5000  sbar_bright_T4c_mid-1=1547445.6250  sbar_bright_T4d_mid-1=1746760.8750  sbar_bright_T5a_mid-1=435456.5625  sbar_bright_T5b_mid-1=462335.5312  sbar_bright_T5c_mid-1=505413.2812  sbar_bright_T5d_mid-1=461929.5312  sbar_bright_T4a_mid-2=293073.7188  sbar_bright_T4b_mid-2=287522.0312  sbar_bright_T4c_mid-2=304889.6250  sbar_bright_T4d_mid-2=315224.7812  sbar_bright_T5b_mid-2=71254.7031  sbar_bright_T5c_mid-2=75851.1406  sbar_bright_T5d_mid-2=77192.4688  sbar_bright_T5a_mid-2=66314.6953  sbar_bright_T4a_mid-1.5=184550.7500  sbar_bright_T4b_mid-1.5=157130.9531  sbar_bright_T4c_mid-1.5=151448.7969  sbar_bright_T4d_mid-1.5=215620.9062  sbar_bright_T5a_mid-1.5=102470.0391  sbar_bright_T5b_mid-1.5=103697.0156  sbar_bright_T5c_mid-1.5=99613.8125  sbar_bright_T5d_mid-1.5=92825.3906  sbar_bright_T4a_mid-0.5=929311.5625  sbar_bright_T4b_mid-0.5=892718.3125  sbar_bright_T4c_mid-0.5=1143357.6250  sbar_bright_T4d_mid-0.5=1075025.5000  sbar_bright_T5a_mid-0.5=167859.6406  sbar_bright_T5b_mid-0.5=162553.8594  sbar_bright_T5c_mid-0.5=183201.6719  sbar_bright_T5d_mid-0.5=167527.6875  sbar_bright_T4a_mid+0.5=166156.8906  sbar_bright_T4b_mid+0.5=104075.4453  sbar_bright_T4c_mid+0.5=116411.4844  sbar_bright_T4d_mid+0.5=120491.3984  sbar_bright_T5a_mid+0.5=60762.2773  sbar_bright_T5b_mid+0.5=61497.3711  sbar_bright_T5c_mid+0.5=50791.8828  sbar_bright_T5d_mid+0.5=55974.4375  sbar_bright_T4b_mid+1.5=65467.4141  sbar_bright_T4c_mid+1.5=97248.3984  sbar_bright_T4d_mid+1.5=53483.5977  sbar_bright_T5a_mid+1.5=35867.4102  sbar_bright_T5b_mid+1.5=46514.0117  sbar_bright_T5c_mid+1.5=38450.8359  sbar_bright_T5d_mid+1.5=34415.3594  sbar_bright_T4a_mid+1.5=75499.2500  sbar_dark_T4a_mid+0=118511.6406  sbar_dark_T4b_mid+0=77046.1641  sbar_dark_T4c_mid+0=87863.8672  sbar_dark_T4d_mid+0=80193.1172  sbar_dark_T5a_mid+0=351338.9688  sbar_dark_T5b_mid+0=321900.6250  sbar_dark_T5c_mid+0=281196.3125  sbar_dark_T5d_mid+0=425840.7188  sbar_dark_T4a_mid+1=67462.0312  sbar_dark_T4b_mid+1=25888.8047  sbar_dark_T4c_mid+1=43021.5039  sbar_dark_T4d_mid+1=48973.6328  sbar_dark_T5a_mid+1=316953.9688  sbar_dark_T5b_mid+1=272216.4062  sbar_dark_T5c_mid+1=254880.3281  sbar_dark_T5d_mid+1=183478.0312  sbar_dark_T4a_mid+2=53847.5039  sbar_dark_T4b_mid+2=49396.1875  sbar_dark_T4c_mid+2=70892.7891  sbar_dark_T4d_mid+2=35378.9531  sbar_dark_T5a_mid+2=287277.7812  sbar_dark_T5b_mid+2=281827.9688  sbar_dark_T5c_mid+2=254061.2969  sbar_dark_T5d_mid+2=244071.7188  sbar_dark_T4a_mid-1=283408.6875  sbar_dark_T4b_mid-1=173430.8125  sbar_dark_T4c_mid-1=169533.8281  sbar_dark_T4d_mid-1=168131.6719  sbar_dark_T5a_mid-1=1451570.3750  sbar_dark_T5b_mid-1=1212397.2500  sbar_dark_T5c_mid-1=1306760.5000  sbar_dark_T5d_mid-1=1414282.0000  sbar_dark_T4a_mid-2=141829.5312  sbar_dark_T4b_mid-2=107469.0156  sbar_dark_T4c_mid-2=141593.2500  sbar_dark_T4d_mid-2=110112.1172  sbar_dark_T5b_mid-2=782536.7500  sbar_dark_T5c_mid-2=655054.7500  sbar_dark_T5d_mid-2=735120.3750  sbar_dark_T5a_mid-2=779906.2500  sbar_dark_T4a_mid-1.5=38399.9102  sbar_dark_T4b_mid-1.5=49703.5859  sbar_dark_T4c_mid-1.5=56131.6953  sbar_dark_T4d_mid-1.5=26286.1445  sbar_dark_T5a_mid-1.5=240129.1719  sbar_dark_T5b_mid-1.5=271630.4062  sbar_dark_T5c_mid-1.5=232103.6875  sbar_dark_T5d_mid-1.5=213749.7500  sbar_dark_T4a_mid-0.5=30375.7852  sbar_dark_T4b_mid-0.5=56386.1797  sbar_dark_T4c_mid-0.5=64033.7578  sbar_dark_T4d_mid-0.5=46968.0234  sbar_dark_T5a_mid-0.5=528456.6250  sbar_dark_T5b_mid-0.5=635445.9375  sbar_dark_T5c_mid-0.5=433575.3438  sbar_dark_T5d_mid-0.5=527962.2500  sbar_dark_T4a_mid+0.5=18326.7305  sbar_dark_T4b_mid+0.5=21917.3984  sbar_dark_T4c_mid+0.5=20354.2051  sbar_dark_T4d_mid+0.5=38474.9023  sbar_dark_T5a_mid+0.5=109426.2266  sbar_dark_T5b_mid+0.5=96641.6719  sbar_dark_T5c_mid+0.5=73459.5938  sbar_dark_T5d_mid+0.5=89779.8672  sbar_dark_T4b_mid+1.5=8918.5215  sbar_dark_T4c_mid+1.5=14270.4883  sbar_dark_T4d_mid+1.5=9671.2988  sbar_dark_T5a_mid+1.5=71057.0938  sbar_dark_T5b_mid+1.5=89836.7734  sbar_dark_T5c_mid+1.5=70516.5547  sbar_dark_T5d_mid+1.5=67237.0312  sbar_dark_T4a_mid+1.5=13193.5576]:    35%|███▌      | 350/1000 [03:49<07:06,  1.52it/s] Cost: 362774.5000  [spread_bright_L5=1747579.2500  spread_bright_Mi1=1165938.8750  spread_bright_Tm3=1198335.2500  spread_bright_Mi4=1551074.7500  spread_dark_L1=1060798.8750  spread_dark_L2=730054.5000  spread_dark_L3=1131486.6250  spread_dark_L4=2615239.2500  spread_dark_Mi9=786715.7500  spread_dark_Tm1=1696656.8750  spread_dark_Tm2=1527424.7500  spread_dark_Tm4=1582104.1250  spread_dark_Tm9=1157772.2500  sbar_bright_T4a_mid+0=390160.2500  sbar_bright_T4b_mid+0=344258.2500  sbar_bright_T4c_mid+0=350274.0625  sbar_bright_T4d_mid+0=367426.2812  sbar_bright_T5a_mid+0=145052.8594  sbar_bright_T5b_mid+0=183602.6875  sbar_bright_T5c_mid+0=207140.1250  sbar_bright_T5d_mid+0=160518.7969  sbar_bright_T4a_mid+1=247377.9375  sbar_bright_T4b_mid+1=258035.5156  sbar_bright_T4c_mid+1=287773.3125  sbar_bright_T4d_mid+1=271024.0000  sbar_bright_T5a_mid+1=101172.4141  sbar_bright_T5b_mid+1=105009.6484  sbar_bright_T5c_mid+1=116817.3203  sbar_bright_T5d_mid+1=110352.2891  sbar_bright_T4a_mid+2=92432.9688  sbar_bright_T4b_mid+2=165017.5781  sbar_bright_T4c_mid+2=118918.4375  sbar_bright_T4d_mid+2=109565.1016  sbar_bright_T5a_mid+2=152793.5938  sbar_bright_T5b_mid+2=132645.9531  sbar_bright_T5c_mid+2=170250.4219  sbar_bright_T5d_mid+2=167735.7656  sbar_bright_T4a_mid-1=1531127.6250  sbar_bright_T4b_mid-1=1146065.3750  sbar_bright_T4c_mid-1=1541277.7500  sbar_bright_T4d_mid-1=1732819.8750  sbar_bright_T5a_mid-1=435705.8438  sbar_bright_T5b_mid-1=445318.9062  sbar_bright_T5c_mid-1=507744.8750  sbar_bright_T5d_mid-1=465226.3125  sbar_bright_T4a_mid-2=290088.6562  sbar_bright_T4b_mid-2=279358.2188  sbar_bright_T4c_mid-2=299955.2500  sbar_bright_T4d_mid-2=307574.3125  sbar_bright_T5b_mid-2=67612.5391  sbar_bright_T5c_mid-2=76985.1562  sbar_bright_T5d_mid-2=77630.4531  sbar_bright_T5a_mid-2=65341.8789  sbar_bright_T4a_mid-1.5=183413.8906  sbar_bright_T4b_mid-1.5=153328.7969  sbar_bright_T4c_mid-1.5=151729.5156  sbar_bright_T4d_mid-1.5=214848.4688  sbar_bright_T5a_mid-1.5=102132.3203  sbar_bright_T5b_mid-1.5=100306.2578  sbar_bright_T5c_mid-1.5=100894.7188  sbar_bright_T5d_mid-1.5=93115.4688  sbar_bright_T4a_mid-0.5=920058.0000  sbar_bright_T4b_mid-0.5=872726.1875  sbar_bright_T4c_mid-0.5=1133641.6250  sbar_bright_T4d_mid-0.5=1067882.1250  sbar_bright_T5a_mid-0.5=167333.7500  sbar_bright_T5b_mid-0.5=157600.9219  sbar_bright_T5c_mid-0.5=184289.8125  sbar_bright_T5d_mid-0.5=169221.9844  sbar_bright_T4a_mid+0.5=160039.7812  sbar_bright_T4b_mid+0.5=96663.1641  sbar_bright_T4c_mid+0.5=112516.9297  sbar_bright_T4d_mid+0.5=117483.2344  sbar_bright_T5a_mid+0.5=60180.8555  sbar_bright_T5b_mid+0.5=56375.3789  sbar_bright_T5c_mid+0.5=51698.2656  sbar_bright_T5d_mid+0.5=55691.1953  sbar_bright_T4b_mid+1.5=69845.3047  sbar_bright_T4c_mid+1.5=101766.1641  sbar_bright_T4d_mid+1.5=55704.6641  sbar_bright_T5a_mid+1.5=35833.8203  sbar_bright_T5b_mid+1.5=44847.7539  sbar_bright_T5c_mid+1.5=38791.6250  sbar_bright_T5d_mid+1.5=35185.6680  sbar_bright_T4a_mid+1.5=76375.8672  sbar_dark_T4a_mid+0=104373.1016  sbar_dark_T4b_mid+0=71685.8594  sbar_dark_T4c_mid+0=81614.2344  sbar_dark_T4d_mid+0=71333.2266  sbar_dark_T5a_mid+0=336377.6875  sbar_dark_T5b_mid+0=275918.4375  sbar_dark_T5c_mid+0=273009.3750  sbar_dark_T5d_mid+0=413653.4062  sbar_dark_T4a_mid+1=63731.9766  sbar_dark_T4b_mid+1=28209.7930  sbar_dark_T4c_mid+1=43771.6055  sbar_dark_T4d_mid+1=48146.5820  sbar_dark_T5a_mid+1=314298.5625  sbar_dark_T5b_mid+1=287386.6250  sbar_dark_T5c_mid+1=246879.8906  sbar_dark_T5d_mid+1=179898.2500  sbar_dark_T4a_mid+2=54480.1758  sbar_dark_T4b_mid+2=52488.5859  sbar_dark_T4c_mid+2=73282.5938  sbar_dark_T4d_mid+2=37185.7031  sbar_dark_T5a_mid+2=287924.8125  sbar_dark_T5b_mid+2=300303.1875  sbar_dark_T5c_mid+2=249060.0469  sbar_dark_T5d_mid+2=241365.9062  sbar_dark_T4a_mid-1=283092.1562  sbar_dark_T4b_mid-1=181567.4375  sbar_dark_T4c_mid-1=172172.4062  sbar_dark_T4d_mid-1=172228.3906  sbar_dark_T5a_mid-1=1440892.7500  sbar_dark_T5b_mid-1=1214477.8750  sbar_dark_T5c_mid-1=1289497.3750  sbar_dark_T5d_mid-1=1406077.7500  sbar_dark_T4a_mid-2=142582.1406  sbar_dark_T4b_mid-2=116005.2578  sbar_dark_T4c_mid-2=143147.6094  sbar_dark_T4d_mid-2=115345.9531  sbar_dark_T5b_mid-2=784665.8750  sbar_dark_T5c_mid-2=654528.6875  sbar_dark_T5d_mid-2=733246.6250  sbar_dark_T5a_mid-2=779282.4375  sbar_dark_T4a_mid-1.5=38944.8203  sbar_dark_T4b_mid-1.5=52938.1016  sbar_dark_T4c_mid-1.5=55296.7461  sbar_dark_T4d_mid-1.5=26977.1523  sbar_dark_T5a_mid-1.5=238367.9062  sbar_dark_T5b_mid-1.5=272824.7812  sbar_dark_T5c_mid-1.5=233289.2656  sbar_dark_T5d_mid-1.5=213771.2500  sbar_dark_T4a_mid-0.5=29443.0273  sbar_dark_T4b_mid-0.5=59990.5859  sbar_dark_T4c_mid-0.5=62939.6133  sbar_dark_T4d_mid-0.5=48041.4727  sbar_dark_T5a_mid-0.5=523323.9375  sbar_dark_T5b_mid-0.5=639607.1250  sbar_dark_T5c_mid-0.5=431091.8125  sbar_dark_T5d_mid-0.5=525544.1875  sbar_dark_T4a_mid+0.5=18659.4434  sbar_dark_T4b_mid+0.5=21383.6504  sbar_dark_T4c_mid+0.5=20430.7441  sbar_dark_T4d_mid+0.5=36740.8203  sbar_dark_T5a_mid+0.5=108741.5469  sbar_dark_T5b_mid+0.5=104852.4453  sbar_dark_T5c_mid+0.5=70991.7578  sbar_dark_T5d_mid+0.5=86653.7891  sbar_dark_T4b_mid+1.5=10401.5742  sbar_dark_T4c_mid+1.5=16384.0762  sbar_dark_T4d_mid+1.5=10608.4736  sbar_dark_T5a_mid+1.5=71357.0234  sbar_dark_T5b_mid+1.5=94986.6641  sbar_dark_T5c_mid+1.5=68161.8047  sbar_dark_T5d_mid+1.5=65149.4922  sbar_dark_T4a_mid+1.5=14645.1641]:  36%|███▌      | 360/1000 [03:55<06:59,  1.53it/s] Cost: 358912.2812  [spread_bright_L5=1720853.1250  spread_bright_Mi1=1154472.2500  spread_bright_Tm3=1191606.1250  spread_bright_Mi4=1495906.7500  spread_dark_L1=1052640.8750  spread_dark_L2=737901.5625  spread_dark_L3=1082634.1250  spread_dark_L4=2587743.0000  spread_dark_Mi9=755698.8125  spread_dark_Tm1=1626910.8750  spread_dark_Tm2=1496613.3750  spread_dark_Tm4=1542182.2500  spread_dark_Tm9=1131552.8750  sbar_bright_T4a_mid+0=383436.3438  sbar_bright_T4b_mid+0=340627.3125  sbar_bright_T4c_mid+0=347620.3750  sbar_bright_T4d_mid+0=365150.6250  sbar_bright_T5a_mid+0=148999.8281  sbar_bright_T5b_mid+0=185107.4219  sbar_bright_T5c_mid+0=214478.0156  sbar_bright_T5d_mid+0=166066.2344  sbar_bright_T4a_mid+1=244158.2344  sbar_bright_T4b_mid+1=254474.3125  sbar_bright_T4c_mid+1=286500.5312  sbar_bright_T4d_mid+1=268919.2812  sbar_bright_T5a_mid+1=102818.0156  sbar_bright_T5b_mid+1=104916.5469  sbar_bright_T5c_mid+1=121176.7891  sbar_bright_T5d_mid+1=112606.6562  sbar_bright_T4a_mid+2=92966.4844  sbar_bright_T4b_mid+2=156638.9375  sbar_bright_T4c_mid+2=118097.2812  sbar_bright_T4d_mid+2=108152.2734  sbar_bright_T5a_mid+2=151563.9844  sbar_bright_T5b_mid+2=133566.8281  sbar_bright_T5c_mid+2=169056.5625  sbar_bright_T5d_mid+2=165782.7031  sbar_bright_T4a_mid-1=1519405.3750  sbar_bright_T4b_mid-1=1146999.7500  sbar_bright_T4c_mid-1=1528518.7500  sbar_bright_T4d_mid-1=1728474.1250  sbar_bright_T5a_mid-1=442073.4062  sbar_bright_T5b_mid-1=448957.2500  sbar_bright_T5c_mid-1=513395.8438  sbar_bright_T5d_mid-1=472184.0312  sbar_bright_T4a_mid-2=283144.7500  sbar_bright_T4b_mid-2=282234.5000  sbar_bright_T4c_mid-2=296202.5938  sbar_bright_T4d_mid-2=303785.8125  sbar_bright_T5b_mid-2=69360.3906  sbar_bright_T5c_mid-2=79950.9453  sbar_bright_T5d_mid-2=79524.2969  sbar_bright_T5a_mid-2=67082.6406  sbar_bright_T4a_mid-1.5=178624.4844  sbar_bright_T4b_mid-1.5=152627.9375  sbar_bright_T4c_mid-1.5=148229.2188  sbar_bright_T4d_mid-1.5=213144.5312  sbar_bright_T5a_mid-1.5=103954.4688  sbar_bright_T5b_mid-1.5=101380.5625  sbar_bright_T5c_mid-1.5=103136.9141  sbar_bright_T5d_mid-1.5=94495.3984  sbar_bright_T4a_mid-0.5=911355.1875  sbar_bright_T4b_mid-0.5=870521.6250  sbar_bright_T4c_mid-0.5=1125906.6250  sbar_bright_T4d_mid-0.5=1064288.6250  sbar_bright_T5a_mid-0.5=170230.7344  sbar_bright_T5b_mid-0.5=158424.2188  sbar_bright_T5c_mid-0.5=186147.5312  sbar_bright_T5d_mid-0.5=172068.4375  sbar_bright_T4a_mid+0.5=155582.0312  sbar_bright_T4b_mid+0.5=94940.8203  sbar_bright_T4c_mid+0.5=109881.5391  sbar_bright_T4d_mid+0.5=114355.3281  sbar_bright_T5a_mid+0.5=61596.8633  sbar_bright_T5b_mid+0.5=55763.4922  sbar_bright_T5c_mid+0.5=52532.3633  sbar_bright_T5d_mid+0.5=56361.7461  sbar_bright_T4b_mid+1.5=68115.5234  sbar_bright_T4c_mid+1.5=103950.0156  sbar_bright_T4d_mid+1.5=56252.5195  sbar_bright_T5a_mid+1.5=36210.8008  sbar_bright_T5b_mid+1.5=45264.7695  sbar_bright_T5c_mid+1.5=39800.9688  sbar_bright_T5d_mid+1.5=36614.9453  sbar_bright_T4a_mid+1.5=77324.0234  sbar_dark_T4a_mid+0=97238.9297  sbar_dark_T4b_mid+0=64446.9062  sbar_dark_T4c_mid+0=80068.3281  sbar_dark_T4d_mid+0=66250.9062  sbar_dark_T5a_mid+0=331590.0312  sbar_dark_T5b_mid+0=251990.6562  sbar_dark_T5c_mid+0=270605.5312  sbar_dark_T5d_mid+0=410299.1875  sbar_dark_T4a_mid+1=64621.7305  sbar_dark_T4b_mid+1=28615.7246  sbar_dark_T4c_mid+1=45107.1992  sbar_dark_T4d_mid+1=48536.1016  sbar_dark_T5a_mid+1=306176.8750  sbar_dark_T5b_mid+1=284996.2812  sbar_dark_T5c_mid+1=242888.7969  sbar_dark_T5d_mid+1=177357.6719  sbar_dark_T4a_mid+2=57506.3516  sbar_dark_T4b_mid+2=47455.8555  sbar_dark_T4c_mid+2=76526.6016  sbar_dark_T4d_mid+2=38938.7344  sbar_dark_T5a_mid+2=280494.3750  sbar_dark_T5b_mid+2=298072.2500  sbar_dark_T5c_mid+2=241356.2656  sbar_dark_T5d_mid+2=234294.2031  sbar_dark_T4a_mid-1=294730.0312  sbar_dark_T4b_mid-1=185431.1562  sbar_dark_T4c_mid-1=179789.9062  sbar_dark_T4d_mid-1=174945.4688  sbar_dark_T5a_mid-1=1422431.0000  sbar_dark_T5b_mid-1=1209683.6250  sbar_dark_T5c_mid-1=1262718.7500  sbar_dark_T5d_mid-1=1382826.7500  sbar_dark_T4a_mid-2=148714.0000  sbar_dark_T4b_mid-2=119523.3516  sbar_dark_T4c_mid-2=150835.3594  sbar_dark_T4d_mid-2=120656.7188  sbar_dark_T5b_mid-2=775765.0625  sbar_dark_T5c_mid-2=648331.6250  sbar_dark_T5d_mid-2=724198.6250  sbar_dark_T5a_mid-2=772397.2500  sbar_dark_T4a_mid-1.5=40871.4688  sbar_dark_T4b_mid-1.5=52939.3984  sbar_dark_T4c_mid-1.5=57157.0312  sbar_dark_T4d_mid-1.5=27929.4355  sbar_dark_T5a_mid-1.5=235669.5312  sbar_dark_T5b_mid-1.5=273117.1875  sbar_dark_T5c_mid-1.5=232209.0312  sbar_dark_T5d_mid-1.5=211572.1250  sbar_dark_T4a_mid-0.5=30707.9414  sbar_dark_T4b_mid-0.5=60282.9219  sbar_dark_T4c_mid-0.5=64600.7734  sbar_dark_T4d_mid-0.5=48965.3164  sbar_dark_T5a_mid-0.5=512843.0625  sbar_dark_T5b_mid-0.5=638501.3750  sbar_dark_T5c_mid-0.5=424640.0938  sbar_dark_T5d_mid-0.5=514255.0000  sbar_dark_T4a_mid+0.5=18247.5664  sbar_dark_T4b_mid+0.5=20494.9199  sbar_dark_T4c_mid+0.5=19656.3066  sbar_dark_T4d_mid+0.5=36542.4648  sbar_dark_T5a_mid+0.5=104718.9453  sbar_dark_T5b_mid+0.5=103318.4844  sbar_dark_T5c_mid+0.5=67762.1016  sbar_dark_T5d_mid+0.5=84688.7031  sbar_dark_T4b_mid+1.5=10292.8730  sbar_dark_T4c_mid+1.5=17183.3438  sbar_dark_T4d_mid+1.5=10775.2764  sbar_dark_T5a_mid+1.5=70904.2344  sbar_dark_T5b_mid+1.5=92694.3594  sbar_dark_T5c_mid+1.5=67132.7578  sbar_dark_T5d_mid+1.5=64791.9766  sbar_dark_T4a_mid+1.5=15365.5996]:   37%|███▋      | 370/1000 [04:02<06:53,  1.53it/s] Cost: 355435.7500  [spread_bright_L5=1639755.1250  spread_bright_Mi1=1152882.7500  spread_bright_Tm3=1187341.7500  spread_bright_Mi4=1426816.6250  spread_dark_L1=1012261.3750  spread_dark_L2=795638.2500  spread_dark_L3=1048130.6250  spread_dark_L4=2618902.7500  spread_dark_Mi9=722314.1250  spread_dark_Tm1=1561762.8750  spread_dark_Tm2=1455403.2500  spread_dark_Tm4=1515998.3750  spread_dark_Tm9=1111783.7500  sbar_bright_T4a_mid+0=385061.7188  sbar_bright_T4b_mid+0=337480.1250  sbar_bright_T4c_mid+0=350585.7188  sbar_bright_T4d_mid+0=364124.9062  sbar_bright_T5a_mid+0=159948.3438  sbar_bright_T5b_mid+0=198957.6562  sbar_bright_T5c_mid+0=226829.5625  sbar_bright_T5d_mid+0=176975.9062  sbar_bright_T4a_mid+1=237743.4219  sbar_bright_T4b_mid+1=249233.6094  sbar_bright_T4c_mid+1=277357.9062  sbar_bright_T4d_mid+1=266313.7812  sbar_bright_T5a_mid+1=107145.9609  sbar_bright_T5b_mid+1=111297.9609  sbar_bright_T5c_mid+1=129094.4453  sbar_bright_T5d_mid+1=118991.1719  sbar_bright_T4a_mid+2=88372.5469  sbar_bright_T4b_mid+2=147472.3750  sbar_bright_T4c_mid+2=110775.5312  sbar_bright_T4d_mid+2=105240.5859  sbar_bright_T5a_mid+2=152427.0000  sbar_bright_T5b_mid+2=137989.2812  sbar_bright_T5c_mid+2=170865.7812  sbar_bright_T5d_mid+2=167024.7031  sbar_bright_T4a_mid-1=1525858.5000  sbar_bright_T4b_mid-1=1163610.2500  sbar_bright_T4c_mid-1=1547750.8750  sbar_bright_T4d_mid-1=1728101.2500  sbar_bright_T5a_mid-1=444987.8750  sbar_bright_T5b_mid-1=460493.6562  sbar_bright_T5c_mid-1=513012.4062  sbar_bright_T5d_mid-1=476722.4688  sbar_bright_T4a_mid-2=290161.8125  sbar_bright_T4b_mid-2=290732.8750  sbar_bright_T4c_mid-2=304571.5312  sbar_bright_T4d_mid-2=303748.5312  sbar_bright_T5b_mid-2=70637.3047  sbar_bright_T5c_mid-2=82166.5938  sbar_bright_T5d_mid-2=80880.4453  sbar_bright_T5a_mid-2=68766.1328  sbar_bright_T4a_mid-1.5=180608.8594  sbar_bright_T4b_mid-1.5=156268.7969  sbar_bright_T4c_mid-1.5=152087.7969  sbar_bright_T4d_mid-1.5=215716.5469  sbar_bright_T5a_mid-1.5=104635.0391  sbar_bright_T5b_mid-1.5=103377.8750  sbar_bright_T5c_mid-1.5=104298.5078  sbar_bright_T5d_mid-1.5=95833.3438  sbar_bright_T4a_mid-0.5=911557.8125  sbar_bright_T4b_mid-0.5=873000.8125  sbar_bright_T4c_mid-0.5=1135041.6250  sbar_bright_T4d_mid-0.5=1062265.6250  sbar_bright_T5a_mid-0.5=174410.7500  sbar_bright_T5b_mid-0.5=163533.1406  sbar_bright_T5c_mid-0.5=185867.2500  sbar_bright_T5d_mid-0.5=175856.1094  sbar_bright_T4a_mid+0.5=150932.5625  sbar_bright_T4b_mid+0.5=91216.0312  sbar_bright_T4c_mid+0.5=107388.0078  sbar_bright_T4d_mid+0.5=110981.9531  sbar_bright_T5a_mid+0.5=63703.7891  sbar_bright_T5b_mid+0.5=58927.8750  sbar_bright_T5c_mid+0.5=54797.6250  sbar_bright_T5d_mid+0.5=58703.2266  sbar_bright_T4b_mid+1.5=68422.2266  sbar_bright_T4c_mid+1.5=102086.1484  sbar_bright_T4d_mid+1.5=57958.8516  sbar_bright_T5a_mid+1.5=36922.1641  sbar_bright_T5b_mid+1.5=45323.0391  sbar_bright_T5c_mid+1.5=40971.1094  sbar_bright_T5d_mid+1.5=38064.3203  sbar_bright_T4a_mid+1.5=76291.6250  sbar_dark_T4a_mid+0=85122.3750  sbar_dark_T4b_mid+0=55430.0469  sbar_dark_T4c_mid+0=71177.9375  sbar_dark_T4d_mid+0=60664.5508  sbar_dark_T5a_mid+0=328173.4062  sbar_dark_T5b_mid+0=255745.7031  sbar_dark_T5c_mid+0=266768.9062  sbar_dark_T5d_mid+0=394817.5938  sbar_dark_T4a_mid+1=58902.5078  sbar_dark_T4b_mid+1=28543.5234  sbar_dark_T4c_mid+1=43568.0117  sbar_dark_T4d_mid+1=45906.0195  sbar_dark_T5a_mid+1=299147.4375  sbar_dark_T5b_mid+1=273537.2500  sbar_dark_T5c_mid+1=239060.3125  sbar_dark_T5d_mid+1=174831.5469  sbar_dark_T4a_mid+2=56454.6367  sbar_dark_T4b_mid+2=43735.0625  sbar_dark_T4c_mid+2=75358.4844  sbar_dark_T4d_mid+2=40766.7695  sbar_dark_T5a_mid+2=269611.3438  sbar_dark_T5b_mid+2=279498.5000  sbar_dark_T5c_mid+2=229854.9062  sbar_dark_T5d_mid+2=224052.4688  sbar_dark_T4a_mid-1=289686.2500  sbar_dark_T4b_mid-1=179134.1719  sbar_dark_T4c_mid-1=176289.5312  sbar_dark_T4d_mid-1=175399.3281  sbar_dark_T5a_mid-1=1409204.8750  sbar_dark_T5b_mid-1=1194262.1250  sbar_dark_T5c_mid-1=1245651.7500  sbar_dark_T5d_mid-1=1370230.2500  sbar_dark_T4a_mid-2=141944.8750  sbar_dark_T4b_mid-2=114940.2266  sbar_dark_T4c_mid-2=142694.7188  sbar_dark_T4d_mid-2=119320.3125  sbar_dark_T5b_mid-2=759887.1875  sbar_dark_T5c_mid-2=636099.8750  sbar_dark_T5d_mid-2=712191.6875  sbar_dark_T5a_mid-2=759140.2500  sbar_dark_T4a_mid-1.5=39878.3203  sbar_dark_T4b_mid-1.5=50814.2461  sbar_dark_T4c_mid-1.5=53724.9766  sbar_dark_T4d_mid-1.5=27119.3105  sbar_dark_T5a_mid-1.5=232463.5156  sbar_dark_T5b_mid-1.5=270689.0938  sbar_dark_T5c_mid-1.5=228750.1250  sbar_dark_T5d_mid-1.5=210518.1719  sbar_dark_T4a_mid-0.5=29606.2246  sbar_dark_T4b_mid-0.5=59596.9102  sbar_dark_T4c_mid-0.5=60649.4883  sbar_dark_T4d_mid-0.5=49393.6758  sbar_dark_T5a_mid-0.5=501957.9062  sbar_dark_T5b_mid-0.5=629364.1875  sbar_dark_T5c_mid-0.5=420109.0312  sbar_dark_T5d_mid-0.5=507874.0938  sbar_dark_T4a_mid+0.5=17407.6582  sbar_dark_T4b_mid+0.5=18286.0488  sbar_dark_T4c_mid+0.5=18825.1562  sbar_dark_T4d_mid+0.5=33178.1680  sbar_dark_T5a_mid+0.5=100352.3281  sbar_dark_T5b_mid+0.5=96506.8203  sbar_dark_T5c_mid+0.5=64066.7578  sbar_dark_T5d_mid+0.5=81859.1562  sbar_dark_T4b_mid+1.5=10508.6133  sbar_dark_T4c_mid+1.5=17415.6035  sbar_dark_T4d_mid+1.5=11172.6875  sbar_dark_T5a_mid+1.5=68727.0000  sbar_dark_T5b_mid+1.5=86209.2266  sbar_dark_T5c_mid+1.5=65343.8281  sbar_dark_T5d_mid+1.5=63386.2188  sbar_dark_T4a_mid+1.5=15274.9531]:   38%|███▊      | 380/1000 [04:08<06:45,  1.53it/s] Cost: 353093.6562  [spread_bright_L5=1591917.7500  spread_bright_Mi1=1138744.2500  spread_bright_Tm3=1182830.0000  spread_bright_Mi4=1365933.7500  spread_dark_L1=996001.0625  spread_dark_L2=824677.9375  spread_dark_L3=1029633.6250  spread_dark_L4=2601360.7500  spread_dark_Mi9=716971.6875  spread_dark_Tm1=1521698.3750  spread_dark_Tm2=1403934.8750  spread_dark_Tm4=1493643.8750  spread_dark_Tm9=1109556.2500  sbar_bright_T4a_mid+0=378547.0000  sbar_bright_T4b_mid+0=333713.4375  sbar_bright_T4c_mid+0=353344.5000  sbar_bright_T4d_mid+0=363570.5000  sbar_bright_T5a_mid+0=166622.7188  sbar_bright_T5b_mid+0=208581.6719  sbar_bright_T5c_mid+0=235034.9844  sbar_bright_T5d_mid+0=185179.4531  sbar_bright_T4a_mid+1=235804.1719  sbar_bright_T4b_mid+1=247679.7188  sbar_bright_T4c_mid+1=276574.8750  sbar_bright_T4d_mid+1=266056.4375  sbar_bright_T5a_mid+1=109376.1016  sbar_bright_T5b_mid+1=116027.5859  sbar_bright_T5c_mid+1=133918.5469  sbar_bright_T5d_mid+1=123254.8438  sbar_bright_T4a_mid+2=89116.7969  sbar_bright_T4b_mid+2=143485.7812  sbar_bright_T4c_mid+2=110294.2344  sbar_bright_T4d_mid+2=105480.9375  sbar_bright_T5a_mid+2=150451.3281  sbar_bright_T5b_mid+2=140477.8750  sbar_bright_T5c_mid+2=170713.7812  sbar_bright_T5d_mid+2=166284.1094  sbar_bright_T4a_mid-1=1526370.5000  sbar_bright_T4b_mid-1=1168432.6250  sbar_bright_T4c_mid-1=1551845.6250  sbar_bright_T4d_mid-1=1731118.6250  sbar_bright_T5a_mid-1=448686.8438  sbar_bright_T5b_mid-1=470329.3750  sbar_bright_T5c_mid-1=521014.0000  sbar_bright_T5d_mid-1=484414.7812  sbar_bright_T4a_mid-2=290404.6562  sbar_bright_T4b_mid-2=293547.3750  sbar_bright_T4c_mid-2=306886.8750  sbar_bright_T4d_mid-2=302197.0312  sbar_bright_T5b_mid-2=72580.5391  sbar_bright_T5c_mid-2=84006.5391  sbar_bright_T5d_mid-2=82037.2344  sbar_bright_T5a_mid-2=69726.5781  sbar_bright_T4a_mid-1.5=179705.2188  sbar_bright_T4b_mid-1.5=157821.3750  sbar_bright_T4c_mid-1.5=152373.4531  sbar_bright_T4d_mid-1.5=215400.9062  sbar_bright_T5a_mid-1.5=104550.0469  sbar_bright_T5b_mid-1.5=104467.5859  sbar_bright_T5c_mid-1.5=103957.9297  sbar_bright_T5d_mid-1.5=96286.0703  sbar_bright_T4a_mid-0.5=906130.8750  sbar_bright_T4b_mid-0.5=870360.9375  sbar_bright_T4c_mid-0.5=1133070.6250  sbar_bright_T4d_mid-0.5=1059595.6250  sbar_bright_T5a_mid-0.5=176546.1875  sbar_bright_T5b_mid-0.5=167391.1250  sbar_bright_T5c_mid-0.5=189093.0156  sbar_bright_T5d_mid-0.5=179104.0938  sbar_bright_T4a_mid+0.5=148999.4219  sbar_bright_T4b_mid+0.5=89382.7969  sbar_bright_T4c_mid+0.5=106676.4922  sbar_bright_T4d_mid+0.5=107956.7031  sbar_bright_T5a_mid+0.5=64449.2695  sbar_bright_T5b_mid+0.5=60804.0469  sbar_bright_T5c_mid+0.5=56228.3438  sbar_bright_T5d_mid+0.5=60429.3477  sbar_bright_T4b_mid+1.5=69884.3828  sbar_bright_T4c_mid+1.5=103326.9141  sbar_bright_T4d_mid+1.5=59948.0156  sbar_bright_T5a_mid+1.5=37158.1875  sbar_bright_T5b_mid+1.5=45745.3516  sbar_bright_T5c_mid+1.5=41501.4023  sbar_bright_T5d_mid+1.5=39069.4766  sbar_bright_T4a_mid+1.5=78203.3750  sbar_dark_T4a_mid+0=80990.0938  sbar_dark_T4b_mid+0=52443.0273  sbar_dark_T4c_mid+0=68103.8516  sbar_dark_T4d_mid+0=59921.2500  sbar_dark_T5a_mid+0=320094.1250  sbar_dark_T5b_mid+0=255905.9531  sbar_dark_T5c_mid+0=261241.7188  sbar_dark_T5d_mid+0=378300.9375  sbar_dark_T4a_mid+1=56707.4336  sbar_dark_T4b_mid+1=27912.0977  sbar_dark_T4c_mid+1=44047.8398  sbar_dark_T4d_mid+1=45238.2812  sbar_dark_T5a_mid+1=297927.4688  sbar_dark_T5b_mid+1=266991.8750  sbar_dark_T5c_mid+1=237075.9062  sbar_dark_T5d_mid+1=175353.6406  sbar_dark_T4a_mid+2=58718.8828  sbar_dark_T4b_mid+2=43194.4883  sbar_dark_T4c_mid+2=81131.7500  sbar_dark_T4d_mid+2=43676.4570  sbar_dark_T5a_mid+2=266771.8750  sbar_dark_T5b_mid+2=269190.0000  sbar_dark_T5c_mid+2=223123.4219  sbar_dark_T5d_mid+2=218349.6094  sbar_dark_T4a_mid-1=290311.8125  sbar_dark_T4b_mid-1=177876.3125  sbar_dark_T4c_mid-1=176113.9844  sbar_dark_T4d_mid-1=174794.8438  sbar_dark_T5a_mid-1=1399021.2500  sbar_dark_T5b_mid-1=1183532.3750  sbar_dark_T5c_mid-1=1237138.1250  sbar_dark_T5d_mid-1=1357402.8750  sbar_dark_T4a_mid-2=140953.9375  sbar_dark_T4b_mid-2=114936.8906  sbar_dark_T4c_mid-2=142071.3594  sbar_dark_T4d_mid-2=120509.9766  sbar_dark_T5b_mid-2=752497.1250  sbar_dark_T5c_mid-2=627457.1250  sbar_dark_T5d_mid-2=704616.9375  sbar_dark_T5a_mid-2=752970.8750  sbar_dark_T4a_mid-1.5=39630.0273  sbar_dark_T4b_mid-1.5=50788.6406  sbar_dark_T4c_mid-1.5=53745.1758  sbar_dark_T4d_mid-1.5=27240.1465  sbar_dark_T5a_mid-1.5=231104.2500  sbar_dark_T5b_mid-1.5=269376.4375  sbar_dark_T5c_mid-1.5=226310.5312  sbar_dark_T5d_mid-1.5=209678.5469  sbar_dark_T4a_mid-0.5=29206.3438  sbar_dark_T4b_mid-0.5=59597.6250  sbar_dark_T4c_mid-0.5=59213.0078  sbar_dark_T4d_mid-0.5=49475.3320  sbar_dark_T5a_mid-0.5=494910.0000  sbar_dark_T5b_mid-0.5=621243.8125  sbar_dark_T5c_mid-0.5=415723.5938  sbar_dark_T5d_mid-0.5=502213.1875  sbar_dark_T4a_mid+0.5=16966.5234  sbar_dark_T4b_mid+0.5=17325.8398  sbar_dark_T4c_mid+0.5=18682.3848  sbar_dark_T4d_mid+0.5=31774.4902  sbar_dark_T5a_mid+0.5=99177.1641  sbar_dark_T5b_mid+0.5=92874.7500  sbar_dark_T5c_mid+0.5=62909.8203  sbar_dark_T5d_mid+0.5=80215.3281  sbar_dark_T4b_mid+1.5=10351.4258  sbar_dark_T4c_mid+1.5=18518.3809  sbar_dark_T4d_mid+1.5=11279.6582  sbar_dark_T5a_mid+1.5=68455.6094  sbar_dark_T5b_mid+1.5=82654.2031  sbar_dark_T5c_mid+1.5=65138.4844  sbar_dark_T5d_mid+1.5=63682.8867  sbar_dark_T4a_mid+1.5=15907.0967]:    39%|███▉      | 390/1000 [04:15<06:40,  1.52it/s] Cost: 351320.6875  [spread_bright_L5=1546162.7500  spread_bright_Mi1=1122223.7500  spread_bright_Tm3=1171518.0000  spread_bright_Mi4=1332569.3750  spread_dark_L1=972598.1250  spread_dark_L2=840424.0000  spread_dark_L3=1029236.8125  spread_dark_L4=2556292.7500  spread_dark_Mi9=718875.5000  spread_dark_Tm1=1453485.8750  spread_dark_Tm2=1373954.6250  spread_dark_Tm4=1460615.8750  spread_dark_Tm9=1135965.5000  sbar_bright_T4a_mid+0=395426.1562  sbar_bright_T4b_mid+0=336949.0625  sbar_bright_T4c_mid+0=353798.1562  sbar_bright_T4d_mid+0=363637.7812  sbar_bright_T5a_mid+0=171463.0938  sbar_bright_T5b_mid+0=212482.2500  sbar_bright_T5c_mid+0=238860.9219  sbar_bright_T5d_mid+0=190519.0312  sbar_bright_T4a_mid+1=236066.9219  sbar_bright_T4b_mid+1=248061.2188  sbar_bright_T4c_mid+1=282791.3438  sbar_bright_T4d_mid+1=267433.5312  sbar_bright_T5a_mid+1=110067.0938  sbar_bright_T5b_mid+1=117159.7969  sbar_bright_T5c_mid+1=135761.1562  sbar_bright_T5d_mid+1=125320.1719  sbar_bright_T4a_mid+2=93220.9375  sbar_bright_T4b_mid+2=153352.3906  sbar_bright_T4c_mid+2=116606.9766  sbar_bright_T4d_mid+2=107095.7812  sbar_bright_T5a_mid+2=151005.2656  sbar_bright_T5b_mid+2=141384.2812  sbar_bright_T5c_mid+2=171253.5625  sbar_bright_T5d_mid+2=166608.2500  sbar_bright_T4a_mid-1=1496529.0000  sbar_bright_T4b_mid-1=1151818.2500  sbar_bright_T4c_mid-1=1530533.8750  sbar_bright_T4d_mid-1=1727080.5000  sbar_bright_T5a_mid-1=450106.2812  sbar_bright_T5b_mid-1=471328.2812  sbar_bright_T5c_mid-1=524879.1875  sbar_bright_T5d_mid-1=487281.7188  sbar_bright_T4a_mid-2=282737.0000  sbar_bright_T4b_mid-2=288832.0312  sbar_bright_T4c_mid-2=300268.6875  sbar_bright_T4d_mid-2=297997.8750  sbar_bright_T5b_mid-2=72646.6250  sbar_bright_T5c_mid-2=83652.4062  sbar_bright_T5d_mid-2=82143.9766  sbar_bright_T5a_mid-2=69868.4453  sbar_bright_T4a_mid-1.5=176522.6719  sbar_bright_T4b_mid-1.5=155007.9219  sbar_bright_T4c_mid-1.5=149201.9531  sbar_bright_T4d_mid-1.5=214250.7188  sbar_bright_T5a_mid-1.5=104834.6172  sbar_bright_T5b_mid-1.5=104944.8359  sbar_bright_T5c_mid-1.5=103857.5312  sbar_bright_T5d_mid-1.5=96752.3594  sbar_bright_T4a_mid-0.5=883400.6875  sbar_bright_T4b_mid-0.5=855076.6875  sbar_bright_T4c_mid-0.5=1116559.0000  sbar_bright_T4d_mid-0.5=1055360.3750  sbar_bright_T5a_mid-0.5=177304.8125  sbar_bright_T5b_mid-0.5=168234.1406  sbar_bright_T5c_mid-0.5=190827.2500  sbar_bright_T5d_mid-0.5=180613.5938  sbar_bright_T4a_mid+0.5=144365.9688  sbar_bright_T4b_mid+0.5=86917.1172  sbar_bright_T4c_mid+0.5=105395.4688  sbar_bright_T4d_mid+0.5=105207.1250  sbar_bright_T5a_mid+0.5=64821.6875  sbar_bright_T5b_mid+0.5=61499.3828  sbar_bright_T5c_mid+0.5=57336.5000  sbar_bright_T5d_mid+0.5=62070.2617  sbar_bright_T4b_mid+1.5=73374.2734  sbar_bright_T4c_mid+1.5=106642.1406  sbar_bright_T4d_mid+1.5=61278.0703  sbar_bright_T5a_mid+1.5=37226.6836  sbar_bright_T5b_mid+1.5=44805.6055  sbar_bright_T5c_mid+1.5=40859.7930  sbar_bright_T5d_mid+1.5=38846.4609  sbar_bright_T4a_mid+1.5=81492.1328  sbar_dark_T4a_mid+0=84541.5547  sbar_dark_T4b_mid+0=54859.1523  sbar_dark_T4c_mid+0=70958.0312  sbar_dark_T4d_mid+0=61252.4219  sbar_dark_T5a_mid+0=315575.9375  sbar_dark_T5b_mid+0=248615.5000  sbar_dark_T5c_mid+0=259339.2969  sbar_dark_T5d_mid+0=369776.6875  sbar_dark_T4a_mid+1=55797.9805  sbar_dark_T4b_mid+1=28058.8652  sbar_dark_T4c_mid+1=46602.3164  sbar_dark_T4d_mid+1=44805.7969  sbar_dark_T5a_mid+1=294744.3438  sbar_dark_T5b_mid+1=265119.9375  sbar_dark_T5c_mid+1=233725.9688  sbar_dark_T5d_mid+1=176376.8750  sbar_dark_T4a_mid+2=63120.0820  sbar_dark_T4b_mid+2=45494.3125  sbar_dark_T4c_mid+2=89394.2344  sbar_dark_T4d_mid+2=46851.7773  sbar_dark_T5a_mid+2=267463.3750  sbar_dark_T5b_mid+2=268113.0312  sbar_dark_T5c_mid+2=221289.3906  sbar_dark_T5d_mid+2=218580.9219  sbar_dark_T4a_mid-1=297752.0938  sbar_dark_T4b_mid-1=182315.1719  sbar_dark_T4c_mid-1=182385.9844  sbar_dark_T4d_mid-1=176765.8906  sbar_dark_T5a_mid-1=1402475.2500  sbar_dark_T5b_mid-1=1184823.3750  sbar_dark_T5c_mid-1=1233679.0000  sbar_dark_T5d_mid-1=1356442.7500  sbar_dark_T4a_mid-2=148081.6094  sbar_dark_T4b_mid-2=119396.5469  sbar_dark_T4c_mid-2=150643.7969  sbar_dark_T4d_mid-2=125083.3438  sbar_dark_T5b_mid-2=755588.0000  sbar_dark_T5c_mid-2=627513.9375  sbar_dark_T5d_mid-2=702790.6250  sbar_dark_T5a_mid-2=754565.1875  sbar_dark_T4a_mid-1.5=41092.2188  sbar_dark_T4b_mid-1.5=53181.2266  sbar_dark_T4c_mid-1.5=56901.5664  sbar_dark_T4d_mid-1.5=27946.3887  sbar_dark_T5a_mid-1.5=230950.4375  sbar_dark_T5b_mid-1.5=268896.2812  sbar_dark_T5c_mid-1.5=223832.1562  sbar_dark_T5d_mid-1.5=208777.8125  sbar_dark_T4a_mid-0.5=28839.3535  sbar_dark_T4b_mid-0.5=61441.1406  sbar_dark_T4c_mid-0.5=61240.2500  sbar_dark_T4d_mid-0.5=50161.1523  sbar_dark_T5a_mid-0.5=494815.8125  sbar_dark_T5b_mid-0.5=620860.4375  sbar_dark_T5c_mid-0.5=417345.8438  sbar_dark_T5d_mid-0.5=500001.8438  sbar_dark_T4a_mid+0.5=17302.1328  sbar_dark_T4b_mid+0.5=16761.0586  sbar_dark_T4c_mid+0.5=19749.4023  sbar_dark_T4d_mid+0.5=30987.5898  sbar_dark_T5a_mid+0.5=99789.8984  sbar_dark_T5b_mid+0.5=93450.3359  sbar_dark_T5c_mid+0.5=62242.8945  sbar_dark_T5d_mid+0.5=80251.1328  sbar_dark_T4b_mid+1.5=10732.5332  sbar_dark_T4c_mid+1.5=20391.0098  sbar_dark_T4d_mid+1.5=11394.6143  sbar_dark_T5a_mid+1.5=68510.2344  sbar_dark_T5b_mid+1.5=80595.7109  sbar_dark_T5c_mid+1.5=64749.2578  sbar_dark_T5d_mid+1.5=63465.7070  sbar_dark_T4a_mid+1.5=17097.0312]:  40%|████      | 400/1000 [04:21<06:33,  1.52it/s] Cost: 349917.1562  [spread_bright_L5=1523467.5000  spread_bright_Mi1=1128262.5000  spread_bright_Tm3=1148583.3750  spread_bright_Mi4=1311603.7500  spread_dark_L1=952334.8125  spread_dark_L2=847694.7500  spread_dark_L3=1026147.2500  spread_dark_L4=2519118.7500  spread_dark_Mi9=707222.7500  spread_dark_Tm1=1417401.2500  spread_dark_Tm2=1351398.5000  spread_dark_Tm4=1441840.1250  spread_dark_Tm9=1142314.5000  sbar_bright_T4a_mid+0=388319.4375  sbar_bright_T4b_mid+0=335790.2188  sbar_bright_T4c_mid+0=358692.9375  sbar_bright_T4d_mid+0=361906.4688  sbar_bright_T5a_mid+0=175163.1406  sbar_bright_T5b_mid+0=216203.3750  sbar_bright_T5c_mid+0=243825.1250  sbar_bright_T5d_mid+0=195560.0938  sbar_bright_T4a_mid+1=232654.1562  sbar_bright_T4b_mid+1=242218.3281  sbar_bright_T4c_mid+1=273405.4062  sbar_bright_T4d_mid+1=263587.4062  sbar_bright_T5a_mid+1=111330.6484  sbar_bright_T5b_mid+1=117699.5234  sbar_bright_T5c_mid+1=138547.6719  sbar_bright_T5d_mid+1=127235.8516  sbar_bright_T4a_mid+2=89292.3438  sbar_bright_T4b_mid+2=144569.0469  sbar_bright_T4c_mid+2=108296.6016  sbar_bright_T4d_mid+2=104091.8281  sbar_bright_T5a_mid+2=151054.3125  sbar_bright_T5b_mid+2=141070.8594  sbar_bright_T5c_mid+2=171397.1562  sbar_bright_T5d_mid+2=166573.7969  sbar_bright_T4a_mid-1=1511476.2500  sbar_bright_T4b_mid-1=1169194.1250  sbar_bright_T4c_mid-1=1553292.7500  sbar_bright_T4d_mid-1=1736538.1250  sbar_bright_T5a_mid-1=453099.7188  sbar_bright_T5b_mid-1=473745.6875  sbar_bright_T5c_mid-1=529715.6875  sbar_bright_T5d_mid-1=491457.7500  sbar_bright_T4a_mid-2=290257.2188  sbar_bright_T4b_mid-2=293341.0312  sbar_bright_T4c_mid-2=307072.9375  sbar_bright_T4d_mid-2=298380.0312  sbar_bright_T5b_mid-2=73094.9375  sbar_bright_T5c_mid-2=84403.9766  sbar_bright_T5d_mid-2=83385.9219  sbar_bright_T5a_mid-2=70534.6328  sbar_bright_T4a_mid-1.5=179255.3281  sbar_bright_T4b_mid-1.5=158394.1250  sbar_bright_T4c_mid-1.5=153748.7812  sbar_bright_T4d_mid-1.5=215428.2500  sbar_bright_T5a_mid-1.5=105104.8203  sbar_bright_T5b_mid-1.5=104791.4531  sbar_bright_T5c_mid-1.5=103951.8281  sbar_bright_T5d_mid-1.5=96988.6719  sbar_bright_T4a_mid-0.5=890532.4375  sbar_bright_T4b_mid-0.5=864950.4375  sbar_bright_T4c_mid-0.5=1127552.7500  sbar_bright_T4d_mid-0.5=1062506.0000  sbar_bright_T5a_mid-0.5=178497.4688  sbar_bright_T5b_mid-0.5=168039.5625  sbar_bright_T5c_mid-0.5=192646.8906  sbar_bright_T5d_mid-0.5=182284.3750  sbar_bright_T4a_mid+0.5=146422.7344  sbar_bright_T4b_mid+0.5=88325.7734  sbar_bright_T4c_mid+0.5=105667.3672  sbar_bright_T4d_mid+0.5=105768.5547  sbar_bright_T5a_mid+0.5=65451.1016  sbar_bright_T5b_mid+0.5=61877.8164  sbar_bright_T5c_mid+0.5=57729.9805  sbar_bright_T5d_mid+0.5=63185.2383  sbar_bright_T4b_mid+1.5=70056.3672  sbar_bright_T4c_mid+1.5=101552.4297  sbar_bright_T4d_mid+1.5=60644.6836  sbar_bright_T5a_mid+1.5=37502.9805  sbar_bright_T5b_mid+1.5=44522.0508  sbar_bright_T5c_mid+1.5=40323.3828  sbar_bright_T5d_mid+1.5=38974.6133  sbar_bright_T4a_mid+1.5=77567.8984  sbar_dark_T4a_mid+0=80538.7656  sbar_dark_T4b_mid+0=52951.7461  sbar_dark_T4c_mid+0=66485.2422  sbar_dark_T4d_mid+0=60288.0469  sbar_dark_T5a_mid+0=322327.6562  sbar_dark_T5b_mid+0=251394.7344  sbar_dark_T5c_mid+0=269530.0000  sbar_dark_T5d_mid+0=380707.1250  sbar_dark_T4a_mid+1=52028.7578  sbar_dark_T4b_mid+1=26653.4746  sbar_dark_T4c_mid+1=44078.7773  sbar_dark_T4d_mid+1=43764.3828  sbar_dark_T5a_mid+1=294836.7188  sbar_dark_T5b_mid+1=266044.0938  sbar_dark_T5c_mid+1=233617.2656  sbar_dark_T5d_mid+1=177170.2969  sbar_dark_T4a_mid+2=59874.6680  sbar_dark_T4b_mid+2=43323.8125  sbar_dark_T4c_mid+2=83243.5469  sbar_dark_T4d_mid+2=46453.6719  sbar_dark_T5a_mid+2=265815.0938  sbar_dark_T5b_mid+2=270684.7188  sbar_dark_T5c_mid+2=218668.2031  sbar_dark_T5d_mid+2=216473.5625  sbar_dark_T4a_mid-1=288937.5312  sbar_dark_T4b_mid-1=177785.1406  sbar_dark_T4c_mid-1=177581.7344  sbar_dark_T4d_mid-1=176155.2344  sbar_dark_T5a_mid-1=1397372.2500  sbar_dark_T5b_mid-1=1174092.1250  sbar_dark_T5c_mid-1=1222340.7500  sbar_dark_T5d_mid-1=1345905.1250  sbar_dark_T4a_mid-2=142348.8906  sbar_dark_T4b_mid-2=113987.2344  sbar_dark_T4c_mid-2=143954.0938  sbar_dark_T4d_mid-2=123750.9844  sbar_dark_T5b_mid-2=750202.9375  sbar_dark_T5c_mid-2=623069.6250  sbar_dark_T5d_mid-2=697536.3125  sbar_dark_T5a_mid-2=751643.8125  sbar_dark_T4a_mid-1.5=39247.9141  sbar_dark_T4b_mid-1.5=50209.0508  sbar_dark_T4c_mid-1.5=53554.4062  sbar_dark_T4d_mid-1.5=27344.3750  sbar_dark_T5a_mid-1.5=229117.6406  sbar_dark_T5b_mid-1.5=268174.5625  sbar_dark_T5c_mid-1.5=220380.9688  sbar_dark_T5d_mid-1.5=206928.7969  sbar_dark_T4a_mid-0.5=27736.0312  sbar_dark_T4b_mid-0.5=59793.3281  sbar_dark_T4c_mid-0.5=57909.1914  sbar_dark_T4d_mid-0.5=49617.6836  sbar_dark_T5a_mid-0.5=490872.7812  sbar_dark_T5b_mid-0.5=618562.5625  sbar_dark_T5c_mid-0.5=417044.7812  sbar_dark_T5d_mid-0.5=493946.6875  sbar_dark_T4a_mid+0.5=16702.6992  sbar_dark_T4b_mid+0.5=15868.1992  sbar_dark_T4c_mid+0.5=18794.1016  sbar_dark_T4d_mid+0.5=30232.7832  sbar_dark_T5a_mid+0.5=99164.5234  sbar_dark_T5b_mid+0.5=93760.9453  sbar_dark_T5c_mid+0.5=60731.9727  sbar_dark_T5d_mid+0.5=80221.3359  sbar_dark_T4b_mid+1.5=10099.4316  sbar_dark_T4c_mid+1.5=19457.5664  sbar_dark_T4d_mid+1.5=11309.0029  sbar_dark_T5a_mid+1.5=68300.1328  sbar_dark_T5b_mid+1.5=80684.5781  sbar_dark_T5c_mid+1.5=63922.5039  sbar_dark_T5d_mid+1.5=62888.1836  sbar_dark_T4a_mid+1.5=15691.5439]:  41%|████      | 410/1000 [04:28<06:26,  1.53it/s] Cost: 348510.9062  [spread_bright_L5=1509543.3750  spread_bright_Mi1=1133162.2500  spread_bright_Tm3=1136813.1250  spread_bright_Mi4=1295368.8750  spread_dark_L1=935588.0625  spread_dark_L2=860414.7500  spread_dark_L3=1029752.1875  spread_dark_L4=2504106.7500  spread_dark_Mi9=694550.1250  spread_dark_Tm1=1402793.6250  spread_dark_Tm2=1324011.1250  spread_dark_Tm4=1437555.8750  spread_dark_Tm9=1130856.5000  sbar_bright_T4a_mid+0=384506.7188  sbar_bright_T4b_mid+0=330989.6562  sbar_bright_T4c_mid+0=353219.2188  sbar_bright_T4d_mid+0=358456.2188  sbar_bright_T5a_mid+0=176593.8438  sbar_bright_T5b_mid+0=216035.3750  sbar_bright_T5c_mid+0=242520.8750  sbar_bright_T5d_mid+0=196409.4062  sbar_bright_T4a_mid+1=230961.7031  sbar_bright_T4b_mid+1=239766.0625  sbar_bright_T4c_mid+1=273124.3125  sbar_bright_T4d_mid+1=261462.6562  sbar_bright_T5a_mid+1=111524.3906  sbar_bright_T5b_mid+1=117662.2734  sbar_bright_T5c_mid+1=139069.3750  sbar_bright_T5d_mid+1=127993.0391  sbar_bright_T4a_mid+2=88396.8125  sbar_bright_T4b_mid+2=140143.3594  sbar_bright_T4c_mid+2=107257.0547  sbar_bright_T4d_mid+2=102136.7031  sbar_bright_T5a_mid+2=152000.3438  sbar_bright_T5b_mid+2=141517.3438  sbar_bright_T5c_mid+2=172355.6250  sbar_bright_T5d_mid+2=167497.7656  sbar_bright_T4a_mid-1=1507677.2500  sbar_bright_T4b_mid-1=1169009.7500  sbar_bright_T4c_mid-1=1546463.1250  sbar_bright_T4d_mid-1=1740984.7500  sbar_bright_T5a_mid-1=452894.5938  sbar_bright_T5b_mid-1=471277.5938  sbar_bright_T5c_mid-1=528620.0000  sbar_bright_T5d_mid-1=491431.7500  sbar_bright_T4a_mid-2=290426.1250  sbar_bright_T4b_mid-2=292757.5000  sbar_bright_T4c_mid-2=304331.9375  sbar_bright_T4d_mid-2=297083.0625  sbar_bright_T5b_mid-2=73063.1641  sbar_bright_T5c_mid-2=84173.4141  sbar_bright_T5d_mid-2=83493.1562  sbar_bright_T5a_mid-2=70944.1875  sbar_bright_T4a_mid-1.5=179115.2188  sbar_bright_T4b_mid-1.5=158128.7812  sbar_bright_T4c_mid-1.5=152797.8281  sbar_bright_T4d_mid-1.5=215554.0625  sbar_bright_T5a_mid-1.5=105864.4219  sbar_bright_T5b_mid-1.5=105227.3281  sbar_bright_T5c_mid-1.5=104464.0703  sbar_bright_T5d_mid-1.5=97651.6484  sbar_bright_T4a_mid-0.5=889225.1875  sbar_bright_T4b_mid-0.5=866037.7500  sbar_bright_T4c_mid-0.5=1124930.7500  sbar_bright_T4d_mid-0.5=1065153.5000  sbar_bright_T5a_mid-0.5=178407.0625  sbar_bright_T5b_mid-0.5=168340.1719  sbar_bright_T5c_mid-0.5=192008.9062  sbar_bright_T5d_mid-0.5=182594.9844  sbar_bright_T4a_mid+0.5=145184.8750  sbar_bright_T4b_mid+0.5=87485.8359  sbar_bright_T4c_mid+0.5=103584.9219  sbar_bright_T4d_mid+0.5=105644.2578  sbar_bright_T5a_mid+0.5=65375.4805  sbar_bright_T5b_mid+0.5=61431.0977  sbar_bright_T5c_mid+0.5=57903.7930  sbar_bright_T5d_mid+0.5=62993.2422  sbar_bright_T4b_mid+1.5=68918.4922  sbar_bright_T4c_mid+1.5=99557.9453  sbar_bright_T4d_mid+1.5=59403.6172  sbar_bright_T5a_mid+1.5=37521.5742  sbar_bright_T5b_mid+1.5=43658.2969  sbar_bright_T5c_mid+1.5=40121.2031  sbar_bright_T5d_mid+1.5=38985.1484  sbar_bright_T4a_mid+1.5=75654.4453  sbar_dark_T4a_mid+0=78072.7422  sbar_dark_T4b_mid+0=52520.6680  sbar_dark_T4c_mid+0=68178.1016  sbar_dark_T4d_mid+0=58492.3320  sbar_dark_T5a_mid+0=316097.7188  sbar_dark_T5b_mid+0=245152.4844  sbar_dark_T5c_mid+0=267061.2812  sbar_dark_T5d_mid+0=375394.9062  sbar_dark_T4a_mid+1=51169.3359  sbar_dark_T4b_mid+1=26134.2793  sbar_dark_T4c_mid+1=44200.1914  sbar_dark_T4d_mid+1=42905.8828  sbar_dark_T5a_mid+1=292835.0625  sbar_dark_T5b_mid+1=263333.4688  sbar_dark_T5c_mid+1=229168.3906  sbar_dark_T5d_mid+1=174551.0469  sbar_dark_T4a_mid+2=59098.6250  sbar_dark_T4b_mid+2=43563.5117  sbar_dark_T4c_mid+2=83617.4141  sbar_dark_T4d_mid+2=45522.0273  sbar_dark_T5a_mid+2=263739.9688  sbar_dark_T5b_mid+2=269790.5938  sbar_dark_T5c_mid+2=215342.2188  sbar_dark_T5d_mid+2=214483.2969  sbar_dark_T4a_mid-1=288303.9375  sbar_dark_T4b_mid-1=176998.2188  sbar_dark_T4c_mid-1=179560.8750  sbar_dark_T4d_mid-1=176443.7656  sbar_dark_T5a_mid-1=1396318.3750  sbar_dark_T5b_mid-1=1171202.2500  sbar_dark_T5c_mid-1=1222627.7500  sbar_dark_T5d_mid-1=1345920.3750  sbar_dark_T4a_mid-2=141370.9531  sbar_dark_T4b_mid-2=115892.8828  sbar_dark_T4c_mid-2=147137.5938  sbar_dark_T4d_mid-2=123788.9141  sbar_dark_T5b_mid-2=749819.9375  sbar_dark_T5c_mid-2=626821.5000  sbar_dark_T5d_mid-2=699465.8125  sbar_dark_T5a_mid-2=751112.7500  sbar_dark_T4a_mid-1.5=39383.9688  sbar_dark_T4b_mid-1.5=50344.9414  sbar_dark_T4c_mid-1.5=54387.8711  sbar_dark_T4d_mid-1.5=27599.0000  sbar_dark_T5a_mid-1.5=230074.3594  sbar_dark_T5b_mid-1.5=268363.8438  sbar_dark_T5c_mid-1.5=220966.8750  sbar_dark_T5d_mid-1.5=207248.3438  sbar_dark_T4a_mid-0.5=27062.5449  sbar_dark_T4b_mid-0.5=59378.0156  sbar_dark_T4c_mid-0.5=58827.3789  sbar_dark_T4d_mid-0.5=49178.1328  sbar_dark_T5a_mid-0.5=489780.4688  sbar_dark_T5b_mid-0.5=618057.1875  sbar_dark_T5c_mid-0.5=419430.6562  sbar_dark_T5d_mid-0.5=496450.8125  sbar_dark_T4a_mid+0.5=16431.9395  sbar_dark_T4b_mid+0.5=16251.0312  sbar_dark_T4c_mid+0.5=18658.9883  sbar_dark_T4d_mid+0.5=30333.6523  sbar_dark_T5a_mid+0.5=98180.5391  sbar_dark_T5b_mid+0.5=93492.7266  sbar_dark_T5c_mid+0.5=60446.9062  sbar_dark_T5d_mid+0.5=80009.5703  sbar_dark_T4b_mid+1.5=9784.7451  sbar_dark_T4c_mid+1.5=18851.1406  sbar_dark_T4d_mid+1.5=11067.8447  sbar_dark_T5a_mid+1.5=66965.4609  sbar_dark_T5b_mid+1.5=78259.1641  sbar_dark_T5c_mid+1.5=62041.0742  sbar_dark_T5d_mid+1.5=61130.1641  sbar_dark_T4a_mid+1.5=14875.3145]:    42%|████▏     | 420/1000 [04:34<06:19,  1.53it/s] Cost: 347011.3125  [spread_bright_L5=1505871.3750  spread_bright_Mi1=1140370.8750  spread_bright_Tm3=1124591.3750  spread_bright_Mi4=1284664.0000  spread_dark_L1=916896.5000  spread_dark_L2=867499.8750  spread_dark_L3=1029050.6875  spread_dark_L4=2481716.5000  spread_dark_Mi9=688749.8750  spread_dark_Tm1=1371236.3750  spread_dark_Tm2=1305486.3750  spread_dark_Tm4=1424531.0000  spread_dark_Tm9=1132681.6250  sbar_bright_T4a_mid+0=397498.4375  sbar_bright_T4b_mid+0=325356.2812  sbar_bright_T4c_mid+0=352520.0938  sbar_bright_T4d_mid+0=355648.8750  sbar_bright_T5a_mid+0=176121.8281  sbar_bright_T5b_mid+0=215574.3750  sbar_bright_T5c_mid+0=240470.5156  sbar_bright_T5d_mid+0=195589.5156  sbar_bright_T4a_mid+1=227475.1406  sbar_bright_T4b_mid+1=237916.7969  sbar_bright_T4c_mid+1=269180.9688  sbar_bright_T4d_mid+1=259831.4375  sbar_bright_T5a_mid+1=111365.4609  sbar_bright_T5b_mid+1=117693.6562  sbar_bright_T5c_mid+1=138454.6719  sbar_bright_T5d_mid+1=127464.4922  sbar_bright_T4a_mid+2=89723.6328  sbar_bright_T4b_mid+2=143756.6719  sbar_bright_T4c_mid+2=105935.6953  sbar_bright_T4d_mid+2=100772.6328  sbar_bright_T5a_mid+2=153509.9844  sbar_bright_T5b_mid+2=142488.9688  sbar_bright_T5c_mid+2=173063.5781  sbar_bright_T5d_mid+2=168220.9688  sbar_bright_T4a_mid-1=1482828.6250  sbar_bright_T4b_mid-1=1151077.3750  sbar_bright_T4c_mid-1=1537872.7500  sbar_bright_T4d_mid-1=1735228.6250  sbar_bright_T5a_mid-1=450833.7812  sbar_bright_T5b_mid-1=468007.4375  sbar_bright_T5c_mid-1=525857.8125  sbar_bright_T5d_mid-1=488448.5312  sbar_bright_T4a_mid-2=285507.0625  sbar_bright_T4b_mid-2=287703.0625  sbar_bright_T4c_mid-2=303557.9375  sbar_bright_T4d_mid-2=296285.3125  sbar_bright_T5b_mid-2=72619.3359  sbar_bright_T5c_mid-2=83213.3672  sbar_bright_T5d_mid-2=82220.9609  sbar_bright_T5a_mid-2=70811.0078  sbar_bright_T4a_mid-1.5=176469.5000  sbar_bright_T4b_mid-1.5=154971.0625  sbar_bright_T4c_mid-1.5=152835.4844  sbar_bright_T4d_mid-1.5=215493.9062  sbar_bright_T5a_mid-1.5=105837.4688  sbar_bright_T5b_mid-1.5=105281.3359  sbar_bright_T5c_mid-1.5=103936.8906  sbar_bright_T5d_mid-1.5=97400.7344  sbar_bright_T4a_mid-0.5=869788.5625  sbar_bright_T4b_mid-0.5=852297.7500  sbar_bright_T4c_mid-0.5=1119608.6250  sbar_bright_T4d_mid-0.5=1062982.8750  sbar_bright_T5a_mid-0.5=177873.0938  sbar_bright_T5b_mid-0.5=168032.8125  sbar_bright_T5c_mid-0.5=191070.8750  sbar_bright_T5d_mid-0.5=182004.1875  sbar_bright_T4a_mid+0.5=141595.2031  sbar_bright_T4b_mid+0.5=84008.0703  sbar_bright_T4c_mid+0.5=101585.2031  sbar_bright_T4d_mid+0.5=103372.6328  sbar_bright_T5a_mid+0.5=64798.0625  sbar_bright_T5b_mid+0.5=61436.1250  sbar_bright_T5c_mid+0.5=57535.6172  sbar_bright_T5d_mid+0.5=62572.3867  sbar_bright_T4b_mid+1.5=70649.3984  sbar_bright_T4c_mid+1.5=98636.8984  sbar_bright_T4d_mid+1.5=58781.3398  sbar_bright_T5a_mid+1.5=37546.7656  sbar_bright_T5b_mid+1.5=43013.7070  sbar_bright_T5c_mid+1.5=39361.6016  sbar_bright_T5d_mid+1.5=38412.7578  sbar_bright_T4a_mid+1.5=76055.2578  sbar_dark_T4a_mid+0=82500.0312  sbar_dark_T4b_mid+0=56801.0078  sbar_dark_T4c_mid+0=69127.2031  sbar_dark_T4d_mid+0=58024.4180  sbar_dark_T5a_mid+0=311377.0312  sbar_dark_T5b_mid+0=241000.6250  sbar_dark_T5c_mid+0=264550.5625  sbar_dark_T5d_mid+0=366902.2500  sbar_dark_T4a_mid+1=49050.3555  sbar_dark_T4b_mid+1=26209.2402  sbar_dark_T4c_mid+1=43516.9375  sbar_dark_T4d_mid+1=41080.8438  sbar_dark_T5a_mid+1=293066.6250  sbar_dark_T5b_mid+1=262645.3750  sbar_dark_T5c_mid+1=229403.1250  sbar_dark_T5d_mid+1=175203.5781  sbar_dark_T4a_mid+2=61106.2891  sbar_dark_T4b_mid+2=45908.3320  sbar_dark_T4c_mid+2=83243.6953  sbar_dark_T4d_mid+2=45446.1680  sbar_dark_T5a_mid+2=264454.3438  sbar_dark_T5b_mid+2=270169.7188  sbar_dark_T5c_mid+2=215438.7344  sbar_dark_T5d_mid+2=215845.0938  sbar_dark_T4a_mid-1=293538.3750  sbar_dark_T4b_mid-1=181053.3281  sbar_dark_T4c_mid-1=181329.2500  sbar_dark_T4d_mid-1=179022.8594  sbar_dark_T5a_mid-1=1398755.2500  sbar_dark_T5b_mid-1=1171675.5000  sbar_dark_T5c_mid-1=1223779.6250  sbar_dark_T5d_mid-1=1349527.8750  sbar_dark_T4a_mid-2=144588.7812  sbar_dark_T4b_mid-2=121509.0703  sbar_dark_T4c_mid-2=147525.1719  sbar_dark_T4d_mid-2=124571.0859  sbar_dark_T5b_mid-2=751612.6250  sbar_dark_T5c_mid-2=628486.1875  sbar_dark_T5d_mid-2=701008.1875  sbar_dark_T5a_mid-2=750960.0625  sbar_dark_T4a_mid-1.5=40669.3320  sbar_dark_T4b_mid-1.5=52398.4922  sbar_dark_T4c_mid-1.5=54283.8828  sbar_dark_T4d_mid-1.5=27959.3633  sbar_dark_T5a_mid-1.5=231102.5781  sbar_dark_T5b_mid-1.5=268869.7500  sbar_dark_T5c_mid-1.5=220262.5312  sbar_dark_T5d_mid-1.5=208210.7656  sbar_dark_T4a_mid-0.5=26425.0586  sbar_dark_T4b_mid-0.5=61191.3477  sbar_dark_T4c_mid-0.5=57156.8984  sbar_dark_T4d_mid-0.5=49261.9102  sbar_dark_T5a_mid-0.5=490099.2188  sbar_dark_T5b_mid-0.5=619734.8750  sbar_dark_T5c_mid-0.5=421527.7500  sbar_dark_T5d_mid-0.5=499487.5938  sbar_dark_T4a_mid+0.5=16735.9453  sbar_dark_T4b_mid+0.5=16052.3564  sbar_dark_T4c_mid+0.5=19110.5664  sbar_dark_T4d_mid+0.5=29217.1367  sbar_dark_T5a_mid+0.5=98412.1875  sbar_dark_T5b_mid+0.5=93767.7344  sbar_dark_T5c_mid+0.5=60346.2500  sbar_dark_T5d_mid+0.5=79575.0078  sbar_dark_T4b_mid+1.5=10385.9297  sbar_dark_T4c_mid+1.5=18986.0195  sbar_dark_T4d_mid+1.5=11030.4180  sbar_dark_T5a_mid+1.5=66615.0234  sbar_dark_T5b_mid+1.5=76991.1484  sbar_dark_T5c_mid+1.5=61514.4844  sbar_dark_T5d_mid+1.5=60466.3008  sbar_dark_T4a_mid+1.5=15600.1123]:  43%|████▎     | 430/1000 [04:41<06:14,  1.52it/s] Cost: 345738.0312  [spread_bright_L5=1501797.7500  spread_bright_Mi1=1161316.2500  spread_bright_Tm3=1120441.7500  spread_bright_Mi4=1273015.7500  spread_dark_L1=908234.5625  spread_dark_L2=864839.5000  spread_dark_L3=1033027.3750  spread_dark_L4=2456066.0000  spread_dark_Mi9=684950.9375  spread_dark_Tm1=1334490.3750  spread_dark_Tm2=1278960.6250  spread_dark_Tm4=1408027.5000  spread_dark_Tm9=1137498.5000  sbar_bright_T4a_mid+0=387858.2500  sbar_bright_T4b_mid+0=314494.4062  sbar_bright_T4c_mid+0=348990.3438  sbar_bright_T4d_mid+0=350605.6875  sbar_bright_T5a_mid+0=176498.4062  sbar_bright_T5b_mid+0=216152.7031  sbar_bright_T5c_mid+0=239944.1719  sbar_bright_T5d_mid+0=195028.0625  sbar_bright_T4a_mid+1=223262.1406  sbar_bright_T4b_mid+1=235947.0938  sbar_bright_T4c_mid+1=267454.0625  sbar_bright_T4d_mid+1=262333.7812  sbar_bright_T5a_mid+1=111339.8281  sbar_bright_T5b_mid+1=117725.9375  sbar_bright_T5c_mid+1=137910.3594  sbar_bright_T5d_mid+1=126799.2344  sbar_bright_T4a_mid+2=85459.5078  sbar_bright_T4b_mid+2=135368.2500  sbar_bright_T4c_mid+2=105278.9766  sbar_bright_T4d_mid+2=99689.8281  sbar_bright_T5a_mid+2=153615.8750  sbar_bright_T5b_mid+2=142892.2031  sbar_bright_T5c_mid+2=172694.3125  sbar_bright_T5d_mid+2=168183.3750  sbar_bright_T4a_mid-1=1498518.5000  sbar_bright_T4b_mid-1=1154585.3750  sbar_bright_T4c_mid-1=1533267.8750  sbar_bright_T4d_mid-1=1735448.2500  sbar_bright_T5a_mid-1=451315.8438  sbar_bright_T5b_mid-1=468220.0312  sbar_bright_T5c_mid-1=525545.6250  sbar_bright_T5d_mid-1=486844.5625  sbar_bright_T4a_mid-2=293504.2812  sbar_bright_T4b_mid-2=288998.1562  sbar_bright_T4c_mid-2=303888.0312  sbar_bright_T4d_mid-2=295873.5312  sbar_bright_T5b_mid-2=72657.9062  sbar_bright_T5c_mid-2=82819.3594  sbar_bright_T5d_mid-2=81402.0469  sbar_bright_T5a_mid-2=70894.4453  sbar_bright_T4a_mid-1.5=177526.0156  sbar_bright_T4b_mid-1.5=156248.4531  sbar_bright_T4c_mid-1.5=152804.7031  sbar_bright_T4d_mid-1.5=214852.5000  sbar_bright_T5a_mid-1.5=106146.9219  sbar_bright_T5b_mid-1.5=105503.3828  sbar_bright_T5c_mid-1.5=103753.1094  sbar_bright_T5d_mid-1.5=97370.4141  sbar_bright_T4a_mid-0.5=869635.0000  sbar_bright_T4b_mid-0.5=854337.5000  sbar_bright_T4c_mid-0.5=1112657.7500  sbar_bright_T4d_mid-0.5=1061268.2500  sbar_bright_T5a_mid-0.5=178080.2812  sbar_bright_T5b_mid-0.5=168202.0625  sbar_bright_T5c_mid-0.5=190885.6250  sbar_bright_T5d_mid-0.5=181922.0625  sbar_bright_T4a_mid+0.5=142026.1094  sbar_bright_T4b_mid+0.5=83431.5078  sbar_bright_T4c_mid+0.5=98632.9219  sbar_bright_T4d_mid+0.5=100625.1953  sbar_bright_T5a_mid+0.5=64354.1289  sbar_bright_T5b_mid+0.5=61561.2070  sbar_bright_T5c_mid+0.5=57332.5117  sbar_bright_T5d_mid+0.5=62203.8594  sbar_bright_T4b_mid+1.5=69348.9453  sbar_bright_T4c_mid+1.5=97577.8125  sbar_bright_T4d_mid+1.5=59362.0547  sbar_bright_T5a_mid+1.5=37780.1719  sbar_bright_T5b_mid+1.5=42585.0078  sbar_bright_T5c_mid+1.5=39138.1211  sbar_bright_T5d_mid+1.5=37718.6484  sbar_bright_T4a_mid+1.5=73451.8828  sbar_dark_T4a_mid+0=81585.6875  sbar_dark_T4b_mid+0=60283.7227  sbar_dark_T4c_mid+0=71455.7891  sbar_dark_T4d_mid+0=59253.0586  sbar_dark_T5a_mid+0=313013.1875  sbar_dark_T5b_mid+0=241490.8594  sbar_dark_T5c_mid+0=266611.0938  sbar_dark_T5d_mid+0=358481.0938  sbar_dark_T4a_mid+1=44520.5039  sbar_dark_T4b_mid+1=25115.9746  sbar_dark_T4c_mid+1=42731.8906  sbar_dark_T4d_mid+1=40397.8789  sbar_dark_T5a_mid+1=291999.0938  sbar_dark_T5b_mid+1=261296.5312  sbar_dark_T5c_mid+1=230037.6094  sbar_dark_T5d_mid+1=175174.8438  sbar_dark_T4a_mid+2=55967.8125  sbar_dark_T4b_mid+2=43777.2969  sbar_dark_T4c_mid+2=81672.2344  sbar_dark_T4d_mid+2=45286.9922  sbar_dark_T5a_mid+2=263488.4375  sbar_dark_T5b_mid+2=268505.8125  sbar_dark_T5c_mid+2=214898.0469  sbar_dark_T5d_mid+2=216691.3750  sbar_dark_T4a_mid-1=287712.3438  sbar_dark_T4b_mid-1=180340.8750  sbar_dark_T4c_mid-1=182537.5156  sbar_dark_T4d_mid-1=181030.0625  sbar_dark_T5a_mid-1=1398006.8750  sbar_dark_T5b_mid-1=1165822.0000  sbar_dark_T5c_mid-1=1222065.7500  sbar_dark_T5d_mid-1=1354194.3750  sbar_dark_T4a_mid-2=137406.4688  sbar_dark_T4b_mid-2=119196.6953  sbar_dark_T4c_mid-2=147337.5938  sbar_dark_T4d_mid-2=125724.4219  sbar_dark_T5b_mid-2=749977.3125  sbar_dark_T5c_mid-2=628189.2500  sbar_dark_T5d_mid-2=702876.1875  sbar_dark_T5a_mid-2=748788.4375  sbar_dark_T4a_mid-1.5=39142.0977  sbar_dark_T4b_mid-1.5=50815.5703  sbar_dark_T4c_mid-1.5=54098.6602  sbar_dark_T4d_mid-1.5=28319.4473  sbar_dark_T5a_mid-1.5=231085.2500  sbar_dark_T5b_mid-1.5=268524.8438  sbar_dark_T5c_mid-1.5=219421.2969  sbar_dark_T5d_mid-1.5=208889.7188  sbar_dark_T4a_mid-0.5=26414.4473  sbar_dark_T4b_mid-0.5=61541.4219  sbar_dark_T4c_mid-0.5=57274.1602  sbar_dark_T4d_mid-0.5=50160.8438  sbar_dark_T5a_mid-0.5=488493.3125  sbar_dark_T5b_mid-0.5=619161.6875  sbar_dark_T5c_mid-0.5=422031.0000  sbar_dark_T5d_mid-0.5=502050.7188  sbar_dark_T4a_mid+0.5=15661.7002  sbar_dark_T4b_mid+0.5=15259.4736  sbar_dark_T4c_mid+0.5=20029.2070  sbar_dark_T4d_mid+0.5=29035.0703  sbar_dark_T5a_mid+0.5=98241.1094  sbar_dark_T5b_mid+0.5=93345.0312  sbar_dark_T5c_mid+0.5=60184.0547  sbar_dark_T5d_mid+0.5=79725.7500  sbar_dark_T4b_mid+1.5=9650.4570  sbar_dark_T4c_mid+1.5=18325.2305  sbar_dark_T4d_mid+1.5=10540.4678  sbar_dark_T5a_mid+1.5=66483.6953  sbar_dark_T5b_mid+1.5=76299.0469  sbar_dark_T5c_mid+1.5=61461.3945  sbar_dark_T5d_mid+1.5=59693.8789  sbar_dark_T4a_mid+1.5=14274.1299]:     44%|████▍     | 440/1000 [04:47<06:06,  1.53it/s] Cost: 344679.5938  [spread_bright_L5=1493895.0000  spread_bright_Mi1=1146620.8750  spread_bright_Tm3=1105709.3750  spread_bright_Mi4=1258747.5000  spread_dark_L1=897974.8125  spread_dark_L2=867183.0000  spread_dark_L3=1031867.3750  spread_dark_L4=2446093.0000  spread_dark_Mi9=683152.3750  spread_dark_Tm1=1308780.6250  spread_dark_Tm2=1249166.3750  spread_dark_Tm4=1402616.3750  spread_dark_Tm9=1139926.3750  sbar_bright_T4a_mid+0=381431.6562  sbar_bright_T4b_mid+0=312058.5938  sbar_bright_T4c_mid+0=349373.2188  sbar_bright_T4d_mid+0=353372.7812  sbar_bright_T5a_mid+0=179025.9531  sbar_bright_T5b_mid+0=220193.6406  sbar_bright_T5c_mid+0=243000.1875  sbar_bright_T5d_mid+0=197058.5938  sbar_bright_T4a_mid+1=221100.1875  sbar_bright_T4b_mid+1=237230.5469  sbar_bright_T4c_mid+1=265106.1562  sbar_bright_T4d_mid+1=260167.8594  sbar_bright_T5a_mid+1=112724.2656  sbar_bright_T5b_mid+1=119595.9219  sbar_bright_T5c_mid+1=140695.6562  sbar_bright_T5d_mid+1=128254.7422  sbar_bright_T4a_mid+2=86256.2422  sbar_bright_T4b_mid+2=136185.6875  sbar_bright_T4c_mid+2=105391.4766  sbar_bright_T4d_mid+2=100701.5703  sbar_bright_T5a_mid+2=152824.3750  sbar_bright_T5b_mid+2=142685.4062  sbar_bright_T5c_mid+2=172203.9844  sbar_bright_T5d_mid+2=167104.8594  sbar_bright_T4a_mid-1=1508999.8750  sbar_bright_T4b_mid-1=1153689.7500  sbar_bright_T4c_mid-1=1538300.6250  sbar_bright_T4d_mid-1=1748905.5000  sbar_bright_T5a_mid-1=454051.8750  sbar_bright_T5b_mid-1=472576.8750  sbar_bright_T5c_mid-1=528262.4375  sbar_bright_T5d_mid-1=489215.9062  sbar_bright_T4a_mid-2=294203.6562  sbar_bright_T4b_mid-2=288195.8125  sbar_bright_T4c_mid-2=302839.8125  sbar_bright_T4d_mid-2=296597.8438  sbar_bright_T5b_mid-2=73421.2344  sbar_bright_T5c_mid-2=83811.4922  sbar_bright_T5d_mid-2=81554.2891  sbar_bright_T5a_mid-2=71559.7734  sbar_bright_T4a_mid-1.5=178288.4062  sbar_bright_T4b_mid-1.5=156628.7188  sbar_bright_T4c_mid-1.5=153258.6875  sbar_bright_T4d_mid-1.5=215552.7969  sbar_bright_T5a_mid-1.5=106568.4453  sbar_bright_T5b_mid-1.5=105902.7031  sbar_bright_T5c_mid-1.5=104063.1250  sbar_bright_T5d_mid-1.5=97697.1875  sbar_bright_T4a_mid-0.5=867958.3750  sbar_bright_T4b_mid-0.5=853134.3750  sbar_bright_T4c_mid-0.5=1105484.3750  sbar_bright_T4d_mid-0.5=1063110.1250  sbar_bright_T5a_mid-0.5=179164.7188  sbar_bright_T5b_mid-0.5=169084.7031  sbar_bright_T5c_mid-0.5=192192.0000  sbar_bright_T5d_mid-0.5=182968.8750  sbar_bright_T4a_mid+0.5=142086.1250  sbar_bright_T4b_mid+0.5=82227.9375  sbar_bright_T4c_mid+0.5=97778.3359  sbar_bright_T4d_mid+0.5=98656.5938  sbar_bright_T5a_mid+0.5=64709.4219  sbar_bright_T5b_mid+0.5=62105.2969  sbar_bright_T5c_mid+0.5=57796.9375  sbar_bright_T5d_mid+0.5=62826.3047  sbar_bright_T4b_mid+1.5=70596.3281  sbar_bright_T4c_mid+1.5=96346.0000  sbar_bright_T4d_mid+1.5=58882.7852  sbar_bright_T5a_mid+1.5=37521.4727  sbar_bright_T5b_mid+1.5=42464.9648  sbar_bright_T5c_mid+1.5=39112.6992  sbar_bright_T5d_mid+1.5=37901.8672  sbar_bright_T4a_mid+1.5=72781.8906  sbar_dark_T4a_mid+0=79537.1250  sbar_dark_T4b_mid+0=59226.9648  sbar_dark_T4c_mid+0=70728.7422  sbar_dark_T4d_mid+0=58424.0469  sbar_dark_T5a_mid+0=300415.2500  sbar_dark_T5b_mid+0=237637.7812  sbar_dark_T5c_mid+0=261317.7969  sbar_dark_T5d_mid+0=341569.9062  sbar_dark_T4a_mid+1=42270.4648  sbar_dark_T4b_mid+1=24183.7207  sbar_dark_T4c_mid+1=41971.2148  sbar_dark_T4d_mid+1=39247.1172  sbar_dark_T5a_mid+1=290276.2500  sbar_dark_T5b_mid+1=261143.2031  sbar_dark_T5c_mid+1=228994.4219  sbar_dark_T5d_mid+1=174834.3281  sbar_dark_T4a_mid+2=56067.3320  sbar_dark_T4b_mid+2=43728.9570  sbar_dark_T4c_mid+2=81293.7969  sbar_dark_T4d_mid+2=46587.6250  sbar_dark_T5a_mid+2=260871.5781  sbar_dark_T5b_mid+2=267612.7188  sbar_dark_T5c_mid+2=213196.4062  sbar_dark_T5d_mid+2=214759.1094  sbar_dark_T4a_mid-1=284869.8438  sbar_dark_T4b_mid-1=178691.5000  sbar_dark_T4c_mid-1=182048.0625  sbar_dark_T4d_mid-1=180103.7188  sbar_dark_T5a_mid-1=1398754.3750  sbar_dark_T5b_mid-1=1160302.8750  sbar_dark_T5c_mid-1=1224407.8750  sbar_dark_T5d_mid-1=1356207.5000  sbar_dark_T4a_mid-2=136490.7969  sbar_dark_T4b_mid-2=120969.5703  sbar_dark_T4c_mid-2=149169.4375  sbar_dark_T4d_mid-2=125415.9688  sbar_dark_T5b_mid-2=745938.0625  sbar_dark_T5c_mid-2=628508.8125  sbar_dark_T5d_mid-2=703710.4375  sbar_dark_T5a_mid-2=745803.7500  sbar_dark_T4a_mid-1.5=38417.2500  sbar_dark_T4b_mid-1.5=51087.2578  sbar_dark_T4c_mid-1.5=54294.0703  sbar_dark_T4d_mid-1.5=28106.8672  sbar_dark_T5a_mid-1.5=230936.6875  sbar_dark_T5b_mid-1.5=267867.3125  sbar_dark_T5c_mid-1.5=217930.9688  sbar_dark_T5d_mid-1.5=208757.2969  sbar_dark_T4a_mid-0.5=25031.3945  sbar_dark_T4b_mid-0.5=60807.0039  sbar_dark_T4c_mid-0.5=56485.0547  sbar_dark_T4d_mid-0.5=49152.2500  sbar_dark_T5a_mid-0.5=488114.0000  sbar_dark_T5b_mid-0.5=615171.0625  sbar_dark_T5c_mid-0.5=424777.3438  sbar_dark_T5d_mid-0.5=503279.5000  sbar_dark_T4a_mid+0.5=14790.4570  sbar_dark_T4b_mid+0.5=14241.7314  sbar_dark_T4c_mid+0.5=19680.4531  sbar_dark_T4d_mid+0.5=28372.2812  sbar_dark_T5a_mid+0.5=97475.4844  sbar_dark_T5b_mid+0.5=92893.7109  sbar_dark_T5c_mid+0.5=60013.1875  sbar_dark_T5d_mid+0.5=78059.9453  sbar_dark_T4b_mid+1.5=9344.9424  sbar_dark_T4c_mid+1.5=18174.7734  sbar_dark_T4d_mid+1.5=9905.1182  sbar_dark_T5a_mid+1.5=66585.2812  sbar_dark_T5b_mid+1.5=76026.9609  sbar_dark_T5c_mid+1.5=61625.6719  sbar_dark_T5d_mid+1.5=59874.2773  sbar_dark_T4a_mid+1.5=13615.0547]:   45%|████▌     | 450/1000 [04:54<05:58,  1.53it/s] Cost: 343929.9062  [spread_bright_L5=1520591.0000  spread_bright_Mi1=1160409.5000  spread_bright_Tm3=1096059.6250  spread_bright_Mi4=1252382.7500  spread_dark_L1=890025.5625  spread_dark_L2=879867.0625  spread_dark_L3=1029046.7500  spread_dark_L4=2413537.2500  spread_dark_Mi9=670503.1250  spread_dark_Tm1=1310770.8750  spread_dark_Tm2=1249860.2500  spread_dark_Tm4=1402260.2500  spread_dark_Tm9=1127406.7500  sbar_bright_T4a_mid+0=404225.2188  sbar_bright_T4b_mid+0=317160.6562  sbar_bright_T4c_mid+0=347027.5000  sbar_bright_T4d_mid+0=350096.9375  sbar_bright_T5a_mid+0=179753.3438  sbar_bright_T5b_mid+0=220404.3906  sbar_bright_T5c_mid+0=243759.3594  sbar_bright_T5d_mid+0=197389.0781  sbar_bright_T4a_mid+1=220248.6406  sbar_bright_T4b_mid+1=227321.7031  sbar_bright_T4c_mid+1=262276.6562  sbar_bright_T4d_mid+1=258365.9062  sbar_bright_T5a_mid+1=112917.3828  sbar_bright_T5b_mid+1=119770.9062  sbar_bright_T5c_mid+1=142734.4375  sbar_bright_T5d_mid+1=130356.2031  sbar_bright_T4a_mid+2=85564.6797  sbar_bright_T4b_mid+2=129500.1641  sbar_bright_T4c_mid+2=101129.6484  sbar_bright_T4d_mid+2=98809.6797  sbar_bright_T5a_mid+2=155903.3906  sbar_bright_T5b_mid+2=144062.1719  sbar_bright_T5c_mid+2=174696.7500  sbar_bright_T5d_mid+2=171759.2344  sbar_bright_T4a_mid-1=1479399.5000  sbar_bright_T4b_mid-1=1158610.3750  sbar_bright_T4c_mid-1=1524015.7500  sbar_bright_T4d_mid-1=1742474.3750  sbar_bright_T5a_mid-1=452900.3125  sbar_bright_T5b_mid-1=469998.5938  sbar_bright_T5c_mid-1=528960.7500  sbar_bright_T5d_mid-1=486769.3125  sbar_bright_T4a_mid-2=290197.3438  sbar_bright_T4b_mid-2=292599.7188  sbar_bright_T4c_mid-2=297839.2188  sbar_bright_T4d_mid-2=294293.3125  sbar_bright_T5b_mid-2=73730.7188  sbar_bright_T5c_mid-2=83308.8047  sbar_bright_T5d_mid-2=80705.6641  sbar_bright_T5a_mid-2=72175.7656  sbar_bright_T4a_mid-1.5=176044.4531  sbar_bright_T4b_mid-1.5=159161.7344  sbar_bright_T4c_mid-1.5=152336.1562  sbar_bright_T4d_mid-1.5=214774.7344  sbar_bright_T5a_mid-1.5=106080.6562  sbar_bright_T5b_mid-1.5=105640.3359  sbar_bright_T5c_mid-1.5=103102.3203  sbar_bright_T5d_mid-1.5=96620.8359  sbar_bright_T4a_mid-0.5=849252.7500  sbar_bright_T4b_mid-0.5=857779.1250  sbar_bright_T4c_mid-0.5=1097258.5000  sbar_bright_T4d_mid-0.5=1060900.8750  sbar_bright_T5a_mid-0.5=179606.1719  sbar_bright_T5b_mid-0.5=168841.5000  sbar_bright_T5c_mid-0.5=191832.7812  sbar_bright_T5d_mid-0.5=182370.9062  sbar_bright_T4a_mid+0.5=152969.3750  sbar_bright_T4b_mid+0.5=82741.7734  sbar_bright_T4c_mid+0.5=98293.1953  sbar_bright_T4d_mid+0.5=97755.5000  sbar_bright_T5a_mid+0.5=64420.2344  sbar_bright_T5b_mid+0.5=62279.9062  sbar_bright_T5c_mid+0.5=58013.0039  sbar_bright_T5d_mid+0.5=62837.8086  sbar_bright_T4b_mid+1.5=61837.5000  sbar_bright_T4c_mid+1.5=92500.6250  sbar_bright_T4d_mid+1.5=56047.3008  sbar_bright_T5a_mid+1.5=37669.2031  sbar_bright_T5b_mid+1.5=42371.6172  sbar_bright_T5c_mid+1.5=38360.7188  sbar_bright_T5d_mid+1.5=37198.8398  sbar_bright_T4a_mid+1.5=69203.5078  sbar_dark_T4a_mid+0=82873.6719  sbar_dark_T4b_mid+0=58059.9141  sbar_dark_T4c_mid+0=71025.3828  sbar_dark_T4d_mid+0=58945.7227  sbar_dark_T5a_mid+0=303267.1562  sbar_dark_T5b_mid+0=231221.5156  sbar_dark_T5c_mid+0=262809.1250  sbar_dark_T5d_mid+0=340274.8750  sbar_dark_T4a_mid+1=42557.1719  sbar_dark_T4b_mid+1=23954.2930  sbar_dark_T4c_mid+1=41116.5898  sbar_dark_T4d_mid+1=38735.0977  sbar_dark_T5a_mid+1=296236.7188  sbar_dark_T5b_mid+1=263462.8438  sbar_dark_T5c_mid+1=230804.5312  sbar_dark_T5d_mid+1=176229.9062  sbar_dark_T4a_mid+2=55014.9609  sbar_dark_T4b_mid+2=38141.4492  sbar_dark_T4c_mid+2=80904.8359  sbar_dark_T4d_mid+2=43440.1602  sbar_dark_T5a_mid+2=263102.8750  sbar_dark_T5b_mid+2=270113.5625  sbar_dark_T5c_mid+2=216441.7812  sbar_dark_T5d_mid+2=218837.5000  sbar_dark_T4a_mid-1=292724.6250  sbar_dark_T4b_mid-1=174890.4844  sbar_dark_T4c_mid-1=185340.4844  sbar_dark_T4d_mid-1=182559.6719  sbar_dark_T5a_mid-1=1388639.2500  sbar_dark_T5b_mid-1=1155604.1250  sbar_dark_T5c_mid-1=1211959.0000  sbar_dark_T5d_mid-1=1348249.0000  sbar_dark_T4a_mid-2=139635.5000  sbar_dark_T4b_mid-2=113120.7031  sbar_dark_T4c_mid-2=154457.0781  sbar_dark_T4d_mid-2=128473.9609  sbar_dark_T5b_mid-2=745870.5625  sbar_dark_T5c_mid-2=627339.8125  sbar_dark_T5d_mid-2=703612.1250  sbar_dark_T5a_mid-2=743606.6875  sbar_dark_T4a_mid-1.5=39587.3711  sbar_dark_T4b_mid-1.5=48034.3672  sbar_dark_T4c_mid-1.5=55779.8984  sbar_dark_T4d_mid-1.5=28767.5176  sbar_dark_T5a_mid-1.5=230164.7656  sbar_dark_T5b_mid-1.5=267937.5312  sbar_dark_T5c_mid-1.5=217577.5000  sbar_dark_T5d_mid-1.5=209314.4531  sbar_dark_T4a_mid-0.5=25362.7793  sbar_dark_T4b_mid-0.5=59232.7500  sbar_dark_T4c_mid-0.5=57691.2891  sbar_dark_T4d_mid-0.5=49603.0781  sbar_dark_T5a_mid-0.5=484314.4062  sbar_dark_T5b_mid-0.5=616532.1875  sbar_dark_T5c_mid-0.5=422076.3125  sbar_dark_T5d_mid-0.5=503258.1250  sbar_dark_T4a_mid+0.5=26191.9316  sbar_dark_T4b_mid+0.5=12515.6396  sbar_dark_T4c_mid+0.5=20475.1523  sbar_dark_T4d_mid+0.5=28145.1035  sbar_dark_T5a_mid+0.5=97933.7266  sbar_dark_T5b_mid+0.5=93685.0312  sbar_dark_T5c_mid+0.5=60412.9766  sbar_dark_T5d_mid+0.5=78128.9844  sbar_dark_T4b_mid+1.5=9791.2148  sbar_dark_T4c_mid+1.5=17461.9531  sbar_dark_T4d_mid+1.5=9590.5928  sbar_dark_T5a_mid+1.5=68055.1250  sbar_dark_T5b_mid+1.5=78154.7734  sbar_dark_T5c_mid+1.5=61454.9023  sbar_dark_T5d_mid+1.5=60460.3281  sbar_dark_T4a_mid+1.5=13628.7295]:   46%|████▌     | 460/1000 [05:00<05:51,  1.54it/s] Cost: 342819.0312  [spread_bright_L5=1471486.0000  spread_bright_Mi1=1162990.0000  spread_bright_Tm3=1090775.0000  spread_bright_Mi4=1230962.8750  spread_dark_L1=873917.9375  spread_dark_L2=883954.5000  spread_dark_L3=1034056.3125  spread_dark_L4=2433756.5000  spread_dark_Mi9=676052.3125  spread_dark_Tm1=1281248.0000  spread_dark_Tm2=1231558.5000  spread_dark_Tm4=1395295.7500  spread_dark_Tm9=1153453.1250  sbar_bright_T4a_mid+0=390927.8438  sbar_bright_T4b_mid+0=308557.7188  sbar_bright_T4c_mid+0=347782.0312  sbar_bright_T4d_mid+0=348708.4688  sbar_bright_T5a_mid+0=182686.2656  sbar_bright_T5b_mid+0=223934.9844  sbar_bright_T5c_mid+0=245936.9062  sbar_bright_T5d_mid+0=198967.1562  sbar_bright_T4a_mid+1=217858.8438  sbar_bright_T4b_mid+1=233234.4375  sbar_bright_T4c_mid+1=262141.4062  sbar_bright_T4d_mid+1=259618.1875  sbar_bright_T5a_mid+1=116305.6562  sbar_bright_T5b_mid+1=122647.4766  sbar_bright_T5c_mid+1=146767.5469  sbar_bright_T5d_mid+1=132296.7344  sbar_bright_T4a_mid+2=84054.9141  sbar_bright_T4b_mid+2=133446.4375  sbar_bright_T4c_mid+2=101831.7656  sbar_bright_T4d_mid+2=97571.4062  sbar_bright_T5a_mid+2=158389.9375  sbar_bright_T5b_mid+2=146094.4688  sbar_bright_T5c_mid+2=177111.0625  sbar_bright_T5d_mid+2=174889.6094  sbar_bright_T4a_mid-1=1491185.5000  sbar_bright_T4b_mid-1=1137955.8750  sbar_bright_T4c_mid-1=1518049.1250  sbar_bright_T4d_mid-1=1730829.6250  sbar_bright_T5a_mid-1=458779.0312  sbar_bright_T5b_mid-1=478340.7500  sbar_bright_T5c_mid-1=533709.2500  sbar_bright_T5d_mid-1=493100.5312  sbar_bright_T4a_mid-2=290872.0938  sbar_bright_T4b_mid-2=283734.0312  sbar_bright_T4c_mid-2=294744.8750  sbar_bright_T4d_mid-2=289630.5938  sbar_bright_T5b_mid-2=74615.5078  sbar_bright_T5c_mid-2=85151.3047  sbar_bright_T5d_mid-2=82476.6719  sbar_bright_T5a_mid-2=72682.3438  sbar_bright_T4a_mid-1.5=175864.7656  sbar_bright_T4b_mid-1.5=155382.1875  sbar_bright_T4c_mid-1.5=151696.1719  sbar_bright_T4d_mid-1.5=213844.1094  sbar_bright_T5a_mid-1.5=107291.2891  sbar_bright_T5b_mid-1.5=106341.6797  sbar_bright_T5c_mid-1.5=104689.2422  sbar_bright_T5d_mid-1.5=98401.4141  sbar_bright_T4a_mid-0.5=851713.1875  sbar_bright_T4b_mid-0.5=840531.9375  sbar_bright_T4c_mid-0.5=1092531.7500  sbar_bright_T4d_mid-0.5=1054160.8750  sbar_bright_T5a_mid-0.5=180902.0469  sbar_bright_T5b_mid-0.5=170468.7188  sbar_bright_T5c_mid-0.5=193371.0625  sbar_bright_T5d_mid-0.5=184516.0938  sbar_bright_T4a_mid+0.5=146642.2344  sbar_bright_T4b_mid+0.5=77504.8750  sbar_bright_T4c_mid+0.5=95722.5469  sbar_bright_T4d_mid+0.5=95482.6016  sbar_bright_T5a_mid+0.5=64767.1484  sbar_bright_T5b_mid+0.5=62718.8320  sbar_bright_T5c_mid+0.5=58218.6250  sbar_bright_T5d_mid+0.5=62650.3008  sbar_bright_T4b_mid+1.5=65882.9531  sbar_bright_T4c_mid+1.5=95759.6172  sbar_bright_T4d_mid+1.5=58101.0781  sbar_bright_T5a_mid+1.5=38448.2773  sbar_bright_T5b_mid+1.5=42341.6875  sbar_bright_T5c_mid+1.5=39460.9844  sbar_bright_T5d_mid+1.5=37672.9453  sbar_bright_T4a_mid+1.5=68817.6719  sbar_dark_T4a_mid+0=77877.0938  sbar_dark_T4b_mid+0=59447.7305  sbar_dark_T4c_mid+0=69809.5938  sbar_dark_T4d_mid+0=58542.9219  sbar_dark_T5a_mid+0=296851.2812  sbar_dark_T5b_mid+0=236436.0156  sbar_dark_T5c_mid+0=262141.7656  sbar_dark_T5d_mid+0=328802.1875  sbar_dark_T4a_mid+1=40471.5508  sbar_dark_T4b_mid+1=26668.8301  sbar_dark_T4c_mid+1=42845.8789  sbar_dark_T4d_mid+1=39802.2969  sbar_dark_T5a_mid+1=290289.2812  sbar_dark_T5b_mid+1=259938.1250  sbar_dark_T5c_mid+1=226888.0312  sbar_dark_T5d_mid+1=171738.2031  sbar_dark_T4a_mid+2=56772.4375  sbar_dark_T4b_mid+2=45441.0078  sbar_dark_T4c_mid+2=84015.8516  sbar_dark_T4d_mid+2=47167.3047  sbar_dark_T5a_mid+2=256195.1406  sbar_dark_T5b_mid+2=264186.5000  sbar_dark_T5c_mid+2=210250.0625  sbar_dark_T5d_mid+2=214712.9219  sbar_dark_T4a_mid-1=288027.6562  sbar_dark_T4b_mid-1=183233.6875  sbar_dark_T4c_mid-1=187907.1094  sbar_dark_T4d_mid-1=186245.4219  sbar_dark_T5a_mid-1=1386871.8750  sbar_dark_T5b_mid-1=1142099.3750  sbar_dark_T5c_mid-1=1211132.3750  sbar_dark_T5d_mid-1=1351280.0000  sbar_dark_T4a_mid-2=137696.9531  sbar_dark_T4b_mid-2=126627.1797  sbar_dark_T4c_mid-2=154709.9219  sbar_dark_T4d_mid-2=131413.5625  sbar_dark_T5b_mid-2=734462.0000  sbar_dark_T5c_mid-2=623702.8125  sbar_dark_T5d_mid-2=702482.0625  sbar_dark_T5a_mid-2=735020.1250  sbar_dark_T4a_mid-1.5=39144.8242  sbar_dark_T4b_mid-1.5=52591.9648  sbar_dark_T4c_mid-1.5=55485.7227  sbar_dark_T4d_mid-1.5=29197.3965  sbar_dark_T5a_mid-1.5=229108.5156  sbar_dark_T5b_mid-1.5=264736.8438  sbar_dark_T5c_mid-1.5=215423.9219  sbar_dark_T5d_mid-1.5=208010.2812  sbar_dark_T4a_mid-0.5=25995.3379  sbar_dark_T4b_mid-0.5=63392.1562  sbar_dark_T4c_mid-0.5=57171.5039  sbar_dark_T4d_mid-0.5=50485.0156  sbar_dark_T5a_mid-0.5=481913.9375  sbar_dark_T5b_mid-0.5=609797.2500  sbar_dark_T5c_mid-0.5=423599.2188  sbar_dark_T5d_mid-0.5=502373.3125  sbar_dark_T4a_mid+0.5=23718.7949  sbar_dark_T4b_mid+0.5=13800.2539  sbar_dark_T4c_mid+0.5=20927.6230  sbar_dark_T4d_mid+0.5=27968.5586  sbar_dark_T5a_mid+0.5=95981.4688  sbar_dark_T5b_mid+0.5=91953.0234  sbar_dark_T5c_mid+0.5=58791.5664  sbar_dark_T5d_mid+0.5=76180.9219  sbar_dark_T4b_mid+1.5=11401.0254  sbar_dark_T4c_mid+1.5=19588.5566  sbar_dark_T4d_mid+1.5=10686.2500  sbar_dark_T5a_mid+1.5=66496.9688  sbar_dark_T5b_mid+1.5=75867.0547  sbar_dark_T5c_mid+1.5=59940.1836  sbar_dark_T5d_mid+1.5=57697.8008  sbar_dark_T4a_mid+1.5=13931.5625]:  47%|████▋     | 470/1000 [05:07<05:46,  1.53it/s] Cost: 341963.1562  [spread_bright_L5=1472941.8750  spread_bright_Mi1=1150302.3750  spread_bright_Tm3=1076027.2500  spread_bright_Mi4=1215628.2500  spread_dark_L1=865237.5000  spread_dark_L2=882806.8750  spread_dark_L3=1033046.3125  spread_dark_L4=2422713.2500  spread_dark_Mi9=671653.2500  spread_dark_Tm1=1255255.5000  spread_dark_Tm2=1213790.1250  spread_dark_Tm4=1388523.8750  spread_dark_Tm9=1158203.0000  sbar_bright_T4a_mid+0=399749.9062  sbar_bright_T4b_mid+0=312094.1875  sbar_bright_T4c_mid+0=347591.2188  sbar_bright_T4d_mid+0=347086.6875  sbar_bright_T5a_mid+0=183859.7812  sbar_bright_T5b_mid+0=224255.3750  sbar_bright_T5c_mid+0=246422.2969  sbar_bright_T5d_mid+0=199500.3281  sbar_bright_T4a_mid+1=218891.9219  sbar_bright_T4b_mid+1=230186.0000  sbar_bright_T4c_mid+1=261485.4531  sbar_bright_T4d_mid+1=258371.5938  sbar_bright_T5a_mid+1=117321.5703  sbar_bright_T5b_mid+1=122752.7266  sbar_bright_T5c_mid+1=147086.8281  sbar_bright_T5d_mid+1=132325.4375  sbar_bright_T4a_mid+2=85528.0859  sbar_bright_T4b_mid+2=133420.0625  sbar_bright_T4c_mid+2=101862.0938  sbar_bright_T4d_mid+2=96580.8438  sbar_bright_T5a_mid+2=159316.6250  sbar_bright_T5b_mid+2=146484.1250  sbar_bright_T5c_mid+2=177358.7656  sbar_bright_T5d_mid+2=174819.8125  sbar_bright_T4a_mid-1=1480704.5000  sbar_bright_T4b_mid-1=1146224.7500  sbar_bright_T4c_mid-1=1522953.5000  sbar_bright_T4d_mid-1=1734344.3750  sbar_bright_T5a_mid-1=460110.7188  sbar_bright_T5b_mid-1=477595.9375  sbar_bright_T5c_mid-1=533840.5625  sbar_bright_T5d_mid-1=492855.5938  sbar_bright_T4a_mid-2=290586.5625  sbar_bright_T4b_mid-2=288229.0625  sbar_bright_T4c_mid-2=295775.4375  sbar_bright_T4d_mid-2=291246.4062  sbar_bright_T5b_mid-2=74550.5547  sbar_bright_T5c_mid-2=85181.2344  sbar_bright_T5d_mid-2=82638.6641  sbar_bright_T5a_mid-2=73094.0312  sbar_bright_T4a_mid-1.5=175022.9375  sbar_bright_T4b_mid-1.5=157371.7031  sbar_bright_T4c_mid-1.5=152652.7812  sbar_bright_T4d_mid-1.5=213986.5625  sbar_bright_T5a_mid-1.5=107513.8359  sbar_bright_T5b_mid-1.5=106369.8516  sbar_bright_T5c_mid-1.5=104592.2891  sbar_bright_T5d_mid-1.5=98424.0781  sbar_bright_T4a_mid-0.5=841817.2500  sbar_bright_T4b_mid-0.5=843759.4375  sbar_bright_T4c_mid-0.5=1092473.2500  sbar_bright_T4d_mid-0.5=1053404.3750  sbar_bright_T5a_mid-0.5=181500.6406  sbar_bright_T5b_mid-0.5=170142.1875  sbar_bright_T5c_mid-0.5=193479.1719  sbar_bright_T5d_mid-0.5=184578.5312  sbar_bright_T4a_mid+0.5=143299.0781  sbar_bright_T4b_mid+0.5=78509.9922  sbar_bright_T4c_mid+0.5=95756.2422  sbar_bright_T4d_mid+0.5=95421.9531  sbar_bright_T5a_mid+0.5=65130.4727  sbar_bright_T5b_mid+0.5=62865.6367  sbar_bright_T5c_mid+0.5=58264.6406  sbar_bright_T5d_mid+0.5=63042.1914  sbar_bright_T4b_mid+1.5=65979.4766  sbar_bright_T4c_mid+1.5=96462.0781  sbar_bright_T4d_mid+1.5=58746.3594  sbar_bright_T5a_mid+1.5=38524.4141  sbar_bright_T5b_mid+1.5=41957.9375  sbar_bright_T5c_mid+1.5=39416.9062  sbar_bright_T5d_mid+1.5=37540.9414  sbar_bright_T4a_mid+1.5=70273.2891  sbar_dark_T4a_mid+0=78015.9688  sbar_dark_T4b_mid+0=56618.0977  sbar_dark_T4c_mid+0=69184.0000  sbar_dark_T4d_mid+0=57135.0547  sbar_dark_T5a_mid+0=298455.3750  sbar_dark_T5b_mid+0=234312.9062  sbar_dark_T5c_mid+0=265090.7812  sbar_dark_T5d_mid+0=328853.3750  sbar_dark_T4a_mid+1=39111.5234  sbar_dark_T4b_mid+1=25318.8281  sbar_dark_T4c_mid+1=42908.8203  sbar_dark_T4d_mid+1=38911.8320  sbar_dark_T5a_mid+1=289867.6562  sbar_dark_T5b_mid+1=260082.3594  sbar_dark_T5c_mid+1=228037.6094  sbar_dark_T5d_mid+1=173105.1250  sbar_dark_T4a_mid+2=57748.6328  sbar_dark_T4b_mid+2=42143.5586  sbar_dark_T4c_mid+2=80711.9219  sbar_dark_T4d_mid+2=47736.6328  sbar_dark_T5a_mid+2=254593.2656  sbar_dark_T5b_mid+2=265052.4375  sbar_dark_T5c_mid+2=211332.6094  sbar_dark_T5d_mid+2=215828.6406  sbar_dark_T4a_mid-1=288773.7500  sbar_dark_T4b_mid-1=179448.0625  sbar_dark_T4c_mid-1=186926.4531  sbar_dark_T4d_mid-1=185844.3906  sbar_dark_T5a_mid-1=1385772.5000  sbar_dark_T5b_mid-1=1142275.5000  sbar_dark_T5c_mid-1=1210124.0000  sbar_dark_T5d_mid-1=1352853.7500  sbar_dark_T4a_mid-2=137124.6719  sbar_dark_T4b_mid-2=118324.4844  sbar_dark_T4c_mid-2=151857.3906  sbar_dark_T4d_mid-2=129497.8516  sbar_dark_T5b_mid-2=734874.6250  sbar_dark_T5c_mid-2=623436.0625  sbar_dark_T5d_mid-2=703321.2500  sbar_dark_T5a_mid-2=733611.0000  sbar_dark_T4a_mid-1.5=39350.3008  sbar_dark_T4b_mid-1.5=49720.8008  sbar_dark_T4c_mid-1.5=54398.0469  sbar_dark_T4d_mid-1.5=28928.4414  sbar_dark_T5a_mid-1.5=228715.5781  sbar_dark_T5b_mid-1.5=264925.2812  sbar_dark_T5c_mid-1.5=215190.3125  sbar_dark_T5d_mid-1.5=207931.1562  sbar_dark_T4a_mid-0.5=26593.4141  sbar_dark_T4b_mid-0.5=62194.7969  sbar_dark_T4c_mid-0.5=56469.3047  sbar_dark_T4d_mid-0.5=50864.1289  sbar_dark_T5a_mid-0.5=480350.0625  sbar_dark_T5b_mid-0.5=609920.1250  sbar_dark_T5c_mid-0.5=423212.2812  sbar_dark_T5d_mid-0.5=501729.4688  sbar_dark_T4a_mid+0.5=17316.4668  sbar_dark_T4b_mid+0.5=12417.3301  sbar_dark_T4c_mid+0.5=20962.5898  sbar_dark_T4d_mid+0.5=26755.4199  sbar_dark_T5a_mid+0.5=95368.8672  sbar_dark_T5b_mid+0.5=92372.3594  sbar_dark_T5c_mid+0.5=58640.7773  sbar_dark_T5d_mid+0.5=76503.6016  sbar_dark_T4b_mid+1.5=9924.7930  sbar_dark_T4c_mid+1.5=19971.2480  sbar_dark_T4d_mid+1.5=10905.5654  sbar_dark_T5a_mid+1.5=65941.4062  sbar_dark_T5b_mid+1.5=74562.4062  sbar_dark_T5c_mid+1.5=60691.7539  sbar_dark_T5d_mid+1.5=57924.5312  sbar_dark_T4a_mid+1.5=14560.2559]:   48%|████▊     | 480/1000 [05:14<05:40,  1.53it/s] Cost: 341301.8125  [spread_bright_L5=1464437.3750  spread_bright_Mi1=1144048.7500  spread_bright_Tm3=1064648.5000  spread_bright_Mi4=1217315.3750  spread_dark_L1=858323.4375  spread_dark_L2=880185.6875  spread_dark_L3=1031703.7500  spread_dark_L4=2404450.5000  spread_dark_Mi9=665371.7500  spread_dark_Tm1=1251459.5000  spread_dark_Tm2=1194075.7500  spread_dark_Tm4=1389916.6250  spread_dark_Tm9=1133111.7500  sbar_bright_T4a_mid+0=379986.2500  sbar_bright_T4b_mid+0=307719.5312  sbar_bright_T4c_mid+0=344598.3125  sbar_bright_T4d_mid+0=345072.7188  sbar_bright_T5a_mid+0=186145.6562  sbar_bright_T5b_mid+0=225834.3125  sbar_bright_T5c_mid+0=248906.7188  sbar_bright_T5d_mid+0=200255.7344  sbar_bright_T4a_mid+1=222521.1875  sbar_bright_T4b_mid+1=232469.9531  sbar_bright_T4c_mid+1=260956.5469  sbar_bright_T4d_mid+1=258518.5469  sbar_bright_T5a_mid+1=117624.5469  sbar_bright_T5b_mid+1=122509.5234  sbar_bright_T5c_mid+1=147706.5938  sbar_bright_T5d_mid+1=131761.8906  sbar_bright_T4a_mid+2=88677.3203  sbar_bright_T4b_mid+2=134263.4531  sbar_bright_T4c_mid+2=101172.2266  sbar_bright_T4d_mid+2=97637.6250  sbar_bright_T5a_mid+2=159273.2500  sbar_bright_T5b_mid+2=145520.7656  sbar_bright_T5c_mid+2=176824.2031  sbar_bright_T5d_mid+2=174596.3125  sbar_bright_T4a_mid-1=1481900.2500  sbar_bright_T4b_mid-1=1142250.2500  sbar_bright_T4c_mid-1=1528081.3750  sbar_bright_T4d_mid-1=1736690.5000  sbar_bright_T5a_mid-1=462012.7500  sbar_bright_T5b_mid-1=478179.9688  sbar_bright_T5c_mid-1=536375.7500  sbar_bright_T5d_mid-1=490880.0625  sbar_bright_T4a_mid-2=287400.8438  sbar_bright_T4b_mid-2=288302.7188  sbar_bright_T4c_mid-2=296249.0312  sbar_bright_T4d_mid-2=291934.1562  sbar_bright_T5b_mid-2=75140.6719  sbar_bright_T5c_mid-2=85707.4688  sbar_bright_T5d_mid-2=82043.4531  sbar_bright_T5a_mid-2=74061.8594  sbar_bright_T4a_mid-1.5=173036.7656  sbar_bright_T4b_mid-1.5=157128.2500  sbar_bright_T4c_mid-1.5=152978.0156  sbar_bright_T4d_mid-1.5=214096.1875  sbar_bright_T5a_mid-1.5=107670.1250  sbar_bright_T5b_mid-1.5=106194.0312  sbar_bright_T5c_mid-1.5=104101.7656  sbar_bright_T5d_mid-1.5=97874.3438  sbar_bright_T4a_mid-0.5=840870.6250  sbar_bright_T4b_mid-0.5=842734.5625  sbar_bright_T4c_mid-0.5=1091897.2500  sbar_bright_T4d_mid-0.5=1054357.0000  sbar_bright_T5a_mid-0.5=182271.3750  sbar_bright_T5b_mid-0.5=169701.7188  sbar_bright_T5c_mid-0.5=193985.1250  sbar_bright_T5d_mid-0.5=183978.2969  sbar_bright_T4a_mid+0.5=148262.9219  sbar_bright_T4b_mid+0.5=78840.4453  sbar_bright_T4c_mid+0.5=96564.5703  sbar_bright_T4d_mid+0.5=95234.5781  sbar_bright_T5a_mid+0.5=65801.5625  sbar_bright_T5b_mid+0.5=62844.0820  sbar_bright_T5c_mid+0.5=58620.9609  sbar_bright_T5d_mid+0.5=62760.1484  sbar_bright_T4b_mid+1.5=66094.8828  sbar_bright_T4c_mid+1.5=96092.4453  sbar_bright_T4d_mid+1.5=58507.6758  sbar_bright_T5a_mid+1.5=38689.5000  sbar_bright_T5b_mid+1.5=42195.9844  sbar_bright_T5c_mid+1.5=39367.5469  sbar_bright_T5d_mid+1.5=37665.3477  sbar_bright_T4a_mid+1.5=71460.8516  sbar_dark_T4a_mid+0=76683.6875  sbar_dark_T4b_mid+0=55999.1250  sbar_dark_T4c_mid+0=67563.5938  sbar_dark_T4d_mid+0=57118.2969  sbar_dark_T5a_mid+0=299260.5625  sbar_dark_T5b_mid+0=230736.7188  sbar_dark_T5c_mid+0=265729.2188  sbar_dark_T5d_mid+0=323357.2188  sbar_dark_T4a_mid+1=40479.1680  sbar_dark_T4b_mid+1=24780.8379  sbar_dark_T4c_mid+1=41052.6094  sbar_dark_T4d_mid+1=38527.5352  sbar_dark_T5a_mid+1=290194.1250  sbar_dark_T5b_mid+1=260912.1094  sbar_dark_T5c_mid+1=228259.7656  sbar_dark_T5d_mid+1=172474.7031  sbar_dark_T4a_mid+2=58211.2656  sbar_dark_T4b_mid+2=41722.4883  sbar_dark_T4c_mid+2=81238.1875  sbar_dark_T4d_mid+2=46748.8008  sbar_dark_T5a_mid+2=254053.9531  sbar_dark_T5b_mid+2=265616.2500  sbar_dark_T5c_mid+2=210809.6719  sbar_dark_T5d_mid+2=215811.3281  sbar_dark_T4a_mid-1=291267.0000  sbar_dark_T4b_mid-1=179013.3906  sbar_dark_T4c_mid-1=185511.7188  sbar_dark_T4d_mid-1=186182.1406  sbar_dark_T5a_mid-1=1382256.5000  sbar_dark_T5b_mid-1=1141233.0000  sbar_dark_T5c_mid-1=1207157.7500  sbar_dark_T5d_mid-1=1358555.0000  sbar_dark_T4a_mid-2=139162.2656  sbar_dark_T4b_mid-2=119000.8359  sbar_dark_T4c_mid-2=151297.9375  sbar_dark_T4d_mid-2=129430.7969  sbar_dark_T5b_mid-2=735574.3125  sbar_dark_T5c_mid-2=626611.8125  sbar_dark_T5d_mid-2=709902.1250  sbar_dark_T5a_mid-2=733216.8125  sbar_dark_T4a_mid-1.5=39916.7227  sbar_dark_T4b_mid-1.5=49875.9141  sbar_dark_T4c_mid-1.5=54154.3984  sbar_dark_T4d_mid-1.5=28991.9453  sbar_dark_T5a_mid-1.5=229032.8438  sbar_dark_T5b_mid-1.5=265819.8438  sbar_dark_T5c_mid-1.5=216403.9688  sbar_dark_T5d_mid-1.5=210237.5938  sbar_dark_T4a_mid-0.5=26049.5078  sbar_dark_T4b_mid-0.5=61680.4805  sbar_dark_T4c_mid-0.5=56363.3477  sbar_dark_T4d_mid-0.5=50389.8633  sbar_dark_T5a_mid-0.5=475832.6875  sbar_dark_T5b_mid-0.5=608212.8125  sbar_dark_T5c_mid-0.5=420360.4688  sbar_dark_T5d_mid-0.5=505106.9375  sbar_dark_T4a_mid+0.5=25798.4473  sbar_dark_T4b_mid+0.5=12341.5889  sbar_dark_T4c_mid+0.5=20487.4473  sbar_dark_T4d_mid+0.5=27216.5859  sbar_dark_T5a_mid+0.5=94173.2969  sbar_dark_T5b_mid+0.5=92452.8516  sbar_dark_T5c_mid+0.5=59231.1680  sbar_dark_T5d_mid+0.5=76497.0156  sbar_dark_T4b_mid+1.5=10935.4062  sbar_dark_T4c_mid+1.5=19099.3535  sbar_dark_T4d_mid+1.5=10283.5254  sbar_dark_T5a_mid+1.5=66530.8516  sbar_dark_T5b_mid+1.5=76687.3984  sbar_dark_T5c_mid+1.5=60425.7031  sbar_dark_T5d_mid+1.5=58266.6797  sbar_dark_T4a_mid+1.5=14126.0977]:  49%|████▉     | 490/1000 [05:20<05:34,  1.53it/s] Cost: 340319.6875  [spread_bright_L5=1437070.8750  spread_bright_Mi1=1128792.1250  spread_bright_Tm3=1055132.2500  spread_bright_Mi4=1209297.3750  spread_dark_L1=841948.5625  spread_dark_L2=884802.0000  spread_dark_L3=1035313.3125  spread_dark_L4=2402770.2500  spread_dark_Mi9=657772.6875  spread_dark_Tm1=1242456.0000  spread_dark_Tm2=1201696.7500  spread_dark_Tm4=1386042.0000  spread_dark_Tm9=1132726.1250  sbar_bright_T4a_mid+0=385697.6250  sbar_bright_T4b_mid+0=300858.2812  sbar_bright_T4c_mid+0=343749.2188  sbar_bright_T4d_mid+0=341395.8438  sbar_bright_T5a_mid+0=186752.7812  sbar_bright_T5b_mid+0=224807.0156  sbar_bright_T5c_mid+0=246916.4844  sbar_bright_T5d_mid+0=198624.2500  sbar_bright_T4a_mid+1=220038.0781  sbar_bright_T4b_mid+1=233602.7812  sbar_bright_T4c_mid+1=260826.7188  sbar_bright_T4d_mid+1=260089.0625  sbar_bright_T5a_mid+1=118991.0312  sbar_bright_T5b_mid+1=122457.0625  sbar_bright_T5c_mid+1=147981.6250  sbar_bright_T5d_mid+1=131466.2344  sbar_bright_T4a_mid+2=86530.2969  sbar_bright_T4b_mid+2=132992.5938  sbar_bright_T4c_mid+2=101907.6016  sbar_bright_T4d_mid+2=97519.3906  sbar_bright_T5a_mid+2=160755.2500  sbar_bright_T5b_mid+2=146362.5312  sbar_bright_T5c_mid+2=177330.8750  sbar_bright_T5d_mid+2=176025.9844  sbar_bright_T4a_mid-1=1483434.2500  sbar_bright_T4b_mid-1=1143001.7500  sbar_bright_T4c_mid-1=1528676.0000  sbar_bright_T4d_mid-1=1731303.6250  sbar_bright_T5a_mid-1=464812.2500  sbar_bright_T5b_mid-1=479288.1250  sbar_bright_T5c_mid-1=536289.5000  sbar_bright_T5d_mid-1=491392.1875  sbar_bright_T4a_mid-2=290261.3750  sbar_bright_T4b_mid-2=285191.6250  sbar_bright_T4c_mid-2=295032.1875  sbar_bright_T4d_mid-2=288795.8125  sbar_bright_T5b_mid-2=74287.0234  sbar_bright_T5c_mid-2=85131.1875  sbar_bright_T5d_mid-2=81577.4844  sbar_bright_T5a_mid-2=73390.5703  sbar_bright_T4a_mid-1.5=174035.3750  sbar_bright_T4b_mid-1.5=156619.9062  sbar_bright_T4c_mid-1.5=153029.6875  sbar_bright_T4d_mid-1.5=213370.5625  sbar_bright_T5a_mid-1.5=108123.7578  sbar_bright_T5b_mid-1.5=106243.5469  sbar_bright_T5c_mid-1.5=104534.2969  sbar_bright_T5d_mid-1.5=98379.7422  sbar_bright_T4a_mid-0.5=838631.8125  sbar_bright_T4b_mid-0.5=839361.8750  sbar_bright_T4c_mid-0.5=1090893.2500  sbar_bright_T4d_mid-0.5=1052034.5000  sbar_bright_T5a_mid-0.5=182539.2656  sbar_bright_T5b_mid-0.5=170170.9688  sbar_bright_T5c_mid-0.5=193627.8125  sbar_bright_T5d_mid-0.5=183661.1562  sbar_bright_T4a_mid+0.5=141239.3125  sbar_bright_T4b_mid+0.5=76460.7969  sbar_bright_T4c_mid+0.5=94723.3125  sbar_bright_T4d_mid+0.5=93592.4375  sbar_bright_T5a_mid+0.5=65521.2461  sbar_bright_T5b_mid+0.5=62494.8633  sbar_bright_T5c_mid+0.5=58285.3203  sbar_bright_T5d_mid+0.5=61946.6641  sbar_bright_T4b_mid+1.5=68675.2656  sbar_bright_T4c_mid+1.5=97876.8906  sbar_bright_T4d_mid+1.5=60676.9062  sbar_bright_T5a_mid+1.5=39036.9102  sbar_bright_T5b_mid+1.5=41613.8125  sbar_bright_T5c_mid+1.5=39713.5039  sbar_bright_T5d_mid+1.5=37137.5352  sbar_bright_T4a_mid+1.5=71653.0625  sbar_dark_T4a_mid+0=75371.4531  sbar_dark_T4b_mid+0=57062.8398  sbar_dark_T4c_mid+0=68372.3203  sbar_dark_T4d_mid+0=57226.2773  sbar_dark_T5a_mid+0=301480.7500  sbar_dark_T5b_mid+0=234589.5156  sbar_dark_T5c_mid+0=266789.3438  sbar_dark_T5d_mid+0=313053.6250  sbar_dark_T4a_mid+1=37691.1602  sbar_dark_T4b_mid+1=25362.7383  sbar_dark_T4c_mid+1=42894.7031  sbar_dark_T4d_mid+1=39000.0195  sbar_dark_T5a_mid+1=288594.5938  sbar_dark_T5b_mid+1=256873.5469  sbar_dark_T5c_mid+1=227675.6562  sbar_dark_T5d_mid+1=170566.5469  sbar_dark_T4a_mid+2=58289.4648  sbar_dark_T4b_mid+2=45254.2734  sbar_dark_T4c_mid+2=83013.8750  sbar_dark_T4d_mid+2=49147.3008  sbar_dark_T5a_mid+2=250878.1719  sbar_dark_T5b_mid+2=263149.9375  sbar_dark_T5c_mid+2=209582.5781  sbar_dark_T5d_mid+2=215525.9062  sbar_dark_T4a_mid-1=288771.2188  sbar_dark_T4b_mid-1=181034.9375  sbar_dark_T4c_mid-1=186510.5312  sbar_dark_T4d_mid-1=188825.2969  sbar_dark_T5a_mid-1=1378819.2500  sbar_dark_T5b_mid-1=1134224.0000  sbar_dark_T5c_mid-1=1203057.8750  sbar_dark_T5d_mid-1=1363043.7500  sbar_dark_T4a_mid-2=136698.9219  sbar_dark_T4b_mid-2=123099.1250  sbar_dark_T4c_mid-2=150593.4062  sbar_dark_T4d_mid-2=132056.0625  sbar_dark_T5b_mid-2=730787.8125  sbar_dark_T5c_mid-2=623559.3750  sbar_dark_T5d_mid-2=710827.3750  sbar_dark_T5a_mid-2=725893.0625  sbar_dark_T4a_mid-1.5=39254.5312  sbar_dark_T4b_mid-1.5=50932.6562  sbar_dark_T4c_mid-1.5=54017.1641  sbar_dark_T4d_mid-1.5=29443.1309  sbar_dark_T5a_mid-1.5=227904.0938  sbar_dark_T5b_mid-1.5=263472.7500  sbar_dark_T5c_mid-1.5=215041.0312  sbar_dark_T5d_mid-1.5=209768.8594  sbar_dark_T4a_mid-0.5=26847.9922  sbar_dark_T4b_mid-0.5=63615.8203  sbar_dark_T4c_mid-0.5=56479.9023  sbar_dark_T4d_mid-0.5=51334.8203  sbar_dark_T5a_mid-0.5=475204.2188  sbar_dark_T5b_mid-0.5=606057.8125  sbar_dark_T5c_mid-0.5=423028.5000  sbar_dark_T5d_mid-0.5=509776.6250  sbar_dark_T4a_mid+0.5=16914.7676  sbar_dark_T4b_mid+0.5=12511.6152  sbar_dark_T4c_mid+0.5=20984.1895  sbar_dark_T4d_mid+0.5=27155.1191  sbar_dark_T5a_mid+0.5=92975.0000  sbar_dark_T5b_mid+0.5=91627.1562  sbar_dark_T5c_mid+0.5=58620.2969  sbar_dark_T5d_mid+0.5=74477.5391  sbar_dark_T4b_mid+1.5=10319.2969  sbar_dark_T4c_mid+1.5=20361.1074  sbar_dark_T4d_mid+1.5=11289.7109  sbar_dark_T5a_mid+1.5=64558.2734  sbar_dark_T5b_mid+1.5=72915.4609  sbar_dark_T5c_mid+1.5=60001.2031  sbar_dark_T5d_mid+1.5=55935.1680  sbar_dark_T4a_mid+1.5=14844.4082]:  50%|█████     | 500/1000 [05:27<05:28,  1.52it/s] Cost: 339717.8125  [spread_bright_L5=1433725.7500  spread_bright_Mi1=1113160.6250  spread_bright_Tm3=1039693.4375  spread_bright_Mi4=1192476.8750  spread_dark_L1=839762.5625  spread_dark_L2=882488.3750  spread_dark_L3=1029791.2500  spread_dark_L4=2402298.5000  spread_dark_Mi9=654937.0625  spread_dark_Tm1=1215605.7500  spread_dark_Tm2=1191470.3750  spread_dark_Tm4=1376834.6250  spread_dark_Tm9=1144020.2500  sbar_bright_T4a_mid+0=376743.3438  sbar_bright_T4b_mid+0=302061.8750  sbar_bright_T4c_mid+0=341359.9688  sbar_bright_T4d_mid+0=341189.5625  sbar_bright_T5a_mid+0=184811.7812  sbar_bright_T5b_mid+0=222152.7188  sbar_bright_T5c_mid+0=243977.5781  sbar_bright_T5d_mid+0=198747.7656  sbar_bright_T4a_mid+1=226481.3594  sbar_bright_T4b_mid+1=237596.8438  sbar_bright_T4c_mid+1=265192.1875  sbar_bright_T4d_mid+1=262890.4688  sbar_bright_T5a_mid+1=117135.6641  sbar_bright_T5b_mid+1=121182.4609  sbar_bright_T5c_mid+1=144092.1875  sbar_bright_T5d_mid+1=129041.7500  sbar_bright_T4a_mid+2=93603.4922  sbar_bright_T4b_mid+2=136472.9375  sbar_bright_T4c_mid+2=105743.8125  sbar_bright_T4d_mid+2=97916.2500  sbar_bright_T5a_mid+2=157521.3438  sbar_bright_T5b_mid+2=144596.6875  sbar_bright_T5c_mid+2=173861.7500  sbar_bright_T5d_mid+2=169977.0156  sbar_bright_T4a_mid-1=1469214.3750  sbar_bright_T4b_mid-1=1144881.5000  sbar_bright_T4c_mid-1=1533109.8750  sbar_bright_T4d_mid-1=1735121.5000  sbar_bright_T5a_mid-1=462971.6562  sbar_bright_T5b_mid-1=476975.4688  sbar_bright_T5c_mid-1=531432.3125  sbar_bright_T5d_mid-1=492173.2188  sbar_bright_T4a_mid-2=282809.1875  sbar_bright_T4b_mid-2=286659.7812  sbar_bright_T4c_mid-2=295978.2500  sbar_bright_T4d_mid-2=289801.0938  sbar_bright_T5b_mid-2=73578.5078  sbar_bright_T5c_mid-2=83504.1641  sbar_bright_T5d_mid-2=81283.4062  sbar_bright_T5a_mid-2=72972.0000  sbar_bright_T4a_mid-1.5=171606.6875  sbar_bright_T4b_mid-1.5=157013.5312  sbar_bright_T4c_mid-1.5=153349.3906  sbar_bright_T4d_mid-1.5=213350.9062  sbar_bright_T5a_mid-1.5=108239.4297  sbar_bright_T5b_mid-1.5=106260.9531  sbar_bright_T5c_mid-1.5=104395.7109  sbar_bright_T5d_mid-1.5=98424.6562  sbar_bright_T4a_mid-0.5=830830.6250  sbar_bright_T4b_mid-0.5=840269.5625  sbar_bright_T4c_mid-0.5=1089493.5000  sbar_bright_T4d_mid-0.5=1051863.7500  sbar_bright_T5a_mid-0.5=181625.3438  sbar_bright_T5b_mid-0.5=169580.6406  sbar_bright_T5c_mid-0.5=191903.2500  sbar_bright_T5d_mid-0.5=183769.2812  sbar_bright_T4a_mid+0.5=132731.5469  sbar_bright_T4b_mid+0.5=77375.4453  sbar_bright_T4c_mid+0.5=94181.3438  sbar_bright_T4d_mid+0.5=92879.9297  sbar_bright_T5a_mid+0.5=65349.3711  sbar_bright_T5b_mid+0.5=62429.4648  sbar_bright_T5c_mid+0.5=57981.6992  sbar_bright_T5d_mid+0.5=62325.2773  sbar_bright_T4b_mid+1.5=73638.7500  sbar_bright_T4c_mid+1.5=101118.2656  sbar_bright_T4d_mid+1.5=63416.2578  sbar_bright_T5a_mid+1.5=39599.8828  sbar_bright_T5b_mid+1.5=41699.8203  sbar_bright_T5c_mid+1.5=39745.4219  sbar_bright_T5d_mid+1.5=37539.3086  sbar_bright_T4a_mid+1.5=77623.3984  sbar_dark_T4a_mid+0=78515.5312  sbar_dark_T4b_mid+0=57134.0156  sbar_dark_T4c_mid+0=68864.7969  sbar_dark_T4d_mid+0=57354.5156  sbar_dark_T5a_mid+0=284566.7188  sbar_dark_T5b_mid+0=226648.5312  sbar_dark_T5c_mid+0=255347.6719  sbar_dark_T5d_mid+0=314222.2500  sbar_dark_T4a_mid+1=39377.7852  sbar_dark_T4b_mid+1=24697.0234  sbar_dark_T4c_mid+1=43305.6055  sbar_dark_T4d_mid+1=38823.1484  sbar_dark_T5a_mid+1=280924.8438  sbar_dark_T5b_mid+1=254946.7031  sbar_dark_T5c_mid+1=223228.3438  sbar_dark_T5d_mid+1=171449.1562  sbar_dark_T4a_mid+2=63284.3750  sbar_dark_T4b_mid+2=44683.5039  sbar_dark_T4c_mid+2=83858.5078  sbar_dark_T4d_mid+2=50335.6484  sbar_dark_T5a_mid+2=249205.0156  sbar_dark_T5b_mid+2=261504.0781  sbar_dark_T5c_mid+2=209548.0000  sbar_dark_T5d_mid+2=212955.2812  sbar_dark_T4a_mid-1=299536.3125  sbar_dark_T4b_mid-1=179824.8906  sbar_dark_T4c_mid-1=186821.3906  sbar_dark_T4d_mid-1=189535.2500  sbar_dark_T5a_mid-1=1393250.0000  sbar_dark_T5b_mid-1=1141818.0000  sbar_dark_T5c_mid-1=1217718.2500  sbar_dark_T5d_mid-1=1360365.3750  sbar_dark_T4a_mid-2=143813.5156  sbar_dark_T4b_mid-2=120095.2422  sbar_dark_T4c_mid-2=150348.6875  sbar_dark_T4d_mid-2=132231.6875  sbar_dark_T5b_mid-2=734790.5000  sbar_dark_T5c_mid-2=629427.5625  sbar_dark_T5d_mid-2=708139.2500  sbar_dark_T5a_mid-2=730780.0000  sbar_dark_T4a_mid-1.5=40626.1953  sbar_dark_T4b_mid-1.5=50085.7227  sbar_dark_T4c_mid-1.5=53973.5195  sbar_dark_T4d_mid-1.5=29389.2617  sbar_dark_T5a_mid-1.5=229787.3594  sbar_dark_T5b_mid-1.5=264561.7812  sbar_dark_T5c_mid-1.5=216355.7656  sbar_dark_T5d_mid-1.5=208959.2500  sbar_dark_T4a_mid-0.5=26327.6172  sbar_dark_T4b_mid-0.5=63086.1328  sbar_dark_T4c_mid-0.5=56413.0195  sbar_dark_T4d_mid-0.5=51546.1289  sbar_dark_T5a_mid-0.5=482625.1562  sbar_dark_T5b_mid-0.5=610579.1250  sbar_dark_T5c_mid-0.5=431230.8125  sbar_dark_T5d_mid-0.5=508230.9688  sbar_dark_T4a_mid+0.5=16598.1797  sbar_dark_T4b_mid+0.5=11579.7061  sbar_dark_T4c_mid+0.5=20857.7832  sbar_dark_T4d_mid+0.5=26682.2344  sbar_dark_T5a_mid+0.5=93503.9531  sbar_dark_T5b_mid+0.5=92243.3828  sbar_dark_T5c_mid+0.5=59140.5703  sbar_dark_T5d_mid+0.5=74005.2734  sbar_dark_T4b_mid+1.5=10406.8496  sbar_dark_T4c_mid+1.5=20378.0664  sbar_dark_T4d_mid+1.5=11438.5938  sbar_dark_T5a_mid+1.5=63636.6797  sbar_dark_T5b_mid+1.5=72141.9219  sbar_dark_T5c_mid+1.5=59226.9727  sbar_dark_T5d_mid+1.5=56252.7422  sbar_dark_T4a_mid+1.5=15852.0234]:  51%|█████     | 510/1000 [05:33<05:21,  1.52it/s] Cost: 338957.2812  [spread_bright_L5=1413502.7500  spread_bright_Mi1=1110026.3750  spread_bright_Tm3=1033689.2500  spread_bright_Mi4=1185319.6250  spread_dark_L1=834573.3750  spread_dark_L2=882667.2500  spread_dark_L3=1034823.5000  spread_dark_L4=2388837.2500  spread_dark_Mi9=659348.8125  spread_dark_Tm1=1212887.5000  spread_dark_Tm2=1179450.3750  spread_dark_Tm4=1382915.2500  spread_dark_Tm9=1139137.8750  sbar_bright_T4a_mid+0=384661.4688  sbar_bright_T4b_mid+0=298897.7812  sbar_bright_T4c_mid+0=338193.1250  sbar_bright_T4d_mid+0=339134.8750  sbar_bright_T5a_mid+0=187056.1406  sbar_bright_T5b_mid+0=224648.1094  sbar_bright_T5c_mid+0=246931.9531  sbar_bright_T5d_mid+0=198406.2656  sbar_bright_T4a_mid+1=224528.9062  sbar_bright_T4b_mid+1=237094.1094  sbar_bright_T4c_mid+1=266455.7812  sbar_bright_T4d_mid+1=263049.5000  sbar_bright_T5a_mid+1=119256.8281  sbar_bright_T5b_mid+1=122578.5938  sbar_bright_T5c_mid+1=146532.0469  sbar_bright_T5d_mid+1=129315.2500  sbar_bright_T4a_mid+2=91671.6562  sbar_bright_T4b_mid+2=134506.2188  sbar_bright_T4c_mid+2=105905.8906  sbar_bright_T4d_mid+2=96661.7969  sbar_bright_T5a_mid+2=158681.3281  sbar_bright_T5b_mid+2=145129.7656  sbar_bright_T5c_mid+2=174651.5156  sbar_bright_T5d_mid+2=171555.7812  sbar_bright_T4a_mid-1=1465867.2500  sbar_bright_T4b_mid-1=1140984.3750  sbar_bright_T4c_mid-1=1526416.2500  sbar_bright_T4d_mid-1=1736569.6250  sbar_bright_T5a_mid-1=467794.2500  sbar_bright_T5b_mid-1=480593.3438  sbar_bright_T5c_mid-1=536598.6875  sbar_bright_T5d_mid-1=493035.4688  sbar_bright_T4a_mid-2=285574.5625  sbar_bright_T4b_mid-2=286232.6562  sbar_bright_T4c_mid-2=294348.0625  sbar_bright_T4d_mid-2=290730.0000  sbar_bright_T5b_mid-2=74524.6641  sbar_bright_T5c_mid-2=85483.2969  sbar_bright_T5d_mid-2=82084.0078  sbar_bright_T5a_mid-2=74197.9688  sbar_bright_T4a_mid-1.5=171876.4844  sbar_bright_T4b_mid-1.5=156252.4688  sbar_bright_T4c_mid-1.5=151418.7188  sbar_bright_T4d_mid-1.5=213189.5156  sbar_bright_T5a_mid-1.5=109143.4531  sbar_bright_T5b_mid-1.5=106560.1094  sbar_bright_T5c_mid-1.5=105293.0938  sbar_bright_T5d_mid-1.5=99108.7969  sbar_bright_T4a_mid-0.5=829235.6875  sbar_bright_T4b_mid-0.5=838617.9375  sbar_bright_T4c_mid-0.5=1085890.0000  sbar_bright_T4d_mid-0.5=1053393.3750  sbar_bright_T5a_mid-0.5=183014.8281  sbar_bright_T5b_mid-0.5=169955.1250  sbar_bright_T5c_mid-0.5=193368.7500  sbar_bright_T5d_mid-0.5=183899.4531  sbar_bright_T4a_mid+0.5=131938.2656  sbar_bright_T4b_mid+0.5=77505.4844  sbar_bright_T4c_mid+0.5=93439.8906  sbar_bright_T4d_mid+0.5=92618.7812  sbar_bright_T5a_mid+0.5=65993.7500  sbar_bright_T5b_mid+0.5=62631.0352  sbar_bright_T5c_mid+0.5=58233.7031  sbar_bright_T5d_mid+0.5=62041.3242  sbar_bright_T4b_mid+1.5=73626.7109  sbar_bright_T4c_mid+1.5=100842.0625  sbar_bright_T4d_mid+1.5=62967.6133  sbar_bright_T5a_mid+1.5=40077.2695  sbar_bright_T5b_mid+1.5=42068.8359  sbar_bright_T5c_mid+1.5=40298.5938  sbar_bright_T5d_mid+1.5=37448.4219  sbar_bright_T4a_mid+1.5=76563.6953  sbar_dark_T4a_mid+0=79139.9844  sbar_dark_T4b_mid+0=58531.7734  sbar_dark_T4c_mid+0=71114.8438  sbar_dark_T4d_mid+0=57812.2266  sbar_dark_T5a_mid+0=294698.0938  sbar_dark_T5b_mid+0=229322.2812  sbar_dark_T5c_mid+0=261281.2812  sbar_dark_T5d_mid+0=305696.6875  sbar_dark_T4a_mid+1=38754.2773  sbar_dark_T4b_mid+1=25151.2656  sbar_dark_T4c_mid+1=44454.9141  sbar_dark_T4d_mid+1=39289.3086  sbar_dark_T5a_mid+1=282441.3750  sbar_dark_T5b_mid+1=255175.6094  sbar_dark_T5c_mid+1=226328.7031  sbar_dark_T5d_mid+1=168911.5625  sbar_dark_T4a_mid+2=63060.4180  sbar_dark_T4b_mid+2=45736.5508  sbar_dark_T4c_mid+2=83603.7578  sbar_dark_T4d_mid+2=50756.7773  sbar_dark_T5a_mid+2=244354.5000  sbar_dark_T5b_mid+2=260135.7656  sbar_dark_T5c_mid+2=207773.2969  sbar_dark_T5d_mid+2=212536.1875  sbar_dark_T4a_mid-1=299569.7500  sbar_dark_T4b_mid-1=180549.1562  sbar_dark_T4c_mid-1=188681.9062  sbar_dark_T4d_mid-1=189858.4062  sbar_dark_T5a_mid-1=1376731.0000  sbar_dark_T5b_mid-1=1129690.2500  sbar_dark_T5c_mid-1=1203814.8750  sbar_dark_T5d_mid-1=1362075.5000  sbar_dark_T4a_mid-2=141762.5156  sbar_dark_T4b_mid-2=120922.1953  sbar_dark_T4c_mid-2=153164.4531  sbar_dark_T4d_mid-2=132174.1250  sbar_dark_T5b_mid-2=727454.1250  sbar_dark_T5c_mid-2=621518.0625  sbar_dark_T5d_mid-2=708284.5000  sbar_dark_T5a_mid-2=720030.7500  sbar_dark_T4a_mid-1.5=40310.2539  sbar_dark_T4b_mid-1.5=50709.0508  sbar_dark_T4c_mid-1.5=55530.8594  sbar_dark_T4d_mid-1.5=29599.8164  sbar_dark_T5a_mid-1.5=227408.0781  sbar_dark_T5b_mid-1.5=263237.1250  sbar_dark_T5c_mid-1.5=213777.4062  sbar_dark_T5d_mid-1.5=209350.7656  sbar_dark_T4a_mid-0.5=26264.4648  sbar_dark_T4b_mid-0.5=63488.9883  sbar_dark_T4c_mid-0.5=58141.9453  sbar_dark_T4d_mid-0.5=51547.5508  sbar_dark_T5a_mid-0.5=473664.6562  sbar_dark_T5b_mid-0.5=605590.9375  sbar_dark_T5c_mid-0.5=423686.2500  sbar_dark_T5d_mid-0.5=510015.1875  sbar_dark_T4a_mid+0.5=16609.8730  sbar_dark_T4b_mid+0.5=12018.9121  sbar_dark_T4c_mid+0.5=21412.1895  sbar_dark_T4d_mid+0.5=27045.8633  sbar_dark_T5a_mid+0.5=91286.2344  sbar_dark_T5b_mid+0.5=91493.8672  sbar_dark_T5c_mid+0.5=58250.0234  sbar_dark_T5d_mid+0.5=73312.3438  sbar_dark_T4b_mid+1.5=10528.7109  sbar_dark_T4c_mid+1.5=20827.5996  sbar_dark_T4d_mid+1.5=11286.4062  sbar_dark_T5a_mid+1.5=63264.0195  sbar_dark_T5b_mid+1.5=72114.8359  sbar_dark_T5c_mid+1.5=58886.7188  sbar_dark_T5d_mid+1.5=54983.1523  sbar_dark_T4a_mid+1.5=16056.5742]:  52%|█████▏    | 520/1000 [05:40<05:14,  1.53it/s] Cost: 338307.1250  [spread_bright_L5=1422898.1250  spread_bright_Mi1=1098168.2500  spread_bright_Tm3=1022596.8750  spread_bright_Mi4=1175963.3750  spread_dark_L1=828751.7500  spread_dark_L2=889100.5000  spread_dark_L3=1039038.0000  spread_dark_L4=2377966.7500  spread_dark_Mi9=655631.1250  spread_dark_Tm1=1194842.5000  spread_dark_Tm2=1171844.0000  spread_dark_Tm4=1374676.5000  spread_dark_Tm9=1144877.3750  sbar_bright_T4a_mid+0=384947.2500  sbar_bright_T4b_mid+0=298298.8750  sbar_bright_T4c_mid+0=338122.8750  sbar_bright_T4d_mid+0=338780.0625  sbar_bright_T5a_mid+0=186768.2344  sbar_bright_T5b_mid+0=223171.8750  sbar_bright_T5c_mid+0=244860.8906  sbar_bright_T5d_mid+0=197178.5156  sbar_bright_T4a_mid+1=222994.9219  sbar_bright_T4b_mid+1=235130.9688  sbar_bright_T4c_mid+1=264587.1875  sbar_bright_T4d_mid+1=262403.1250  sbar_bright_T5a_mid+1=120273.0156  sbar_bright_T5b_mid+1=122619.6875  sbar_bright_T5c_mid+1=145755.4375  sbar_bright_T5d_mid+1=129128.2891  sbar_bright_T4a_mid+2=89635.3984  sbar_bright_T4b_mid+2=129882.2734  sbar_bright_T4c_mid+2=104120.7891  sbar_bright_T4d_mid+2=95800.0469  sbar_bright_T5a_mid+2=159044.3281  sbar_bright_T5b_mid+2=145354.9531  sbar_bright_T5c_mid+2=174461.5156  sbar_bright_T5d_mid+2=171350.9219  sbar_bright_T4a_mid-1=1472622.1250  sbar_bright_T4b_mid-1=1148907.5000  sbar_bright_T4c_mid-1=1529747.6250  sbar_bright_T4d_mid-1=1738269.6250  sbar_bright_T5a_mid-1=469271.4375  sbar_bright_T5b_mid-1=479570.6250  sbar_bright_T5c_mid-1=535053.0000  sbar_bright_T5d_mid-1=492960.0938  sbar_bright_T4a_mid-2=289948.5312  sbar_bright_T4b_mid-2=288082.6562  sbar_bright_T4c_mid-2=294364.0625  sbar_bright_T4d_mid-2=290709.8750  sbar_bright_T5b_mid-2=74238.1250  sbar_bright_T5c_mid-2=85106.2266  sbar_bright_T5d_mid-2=81702.7656  sbar_bright_T5a_mid-2=74630.1484  sbar_bright_T4a_mid-1.5=173702.3906  sbar_bright_T4b_mid-1.5=158533.5469  sbar_bright_T4c_mid-1.5=152524.0156  sbar_bright_T4d_mid-1.5=213785.2500  sbar_bright_T5a_mid-1.5=109378.2578  sbar_bright_T5b_mid-1.5=106602.5312  sbar_bright_T5c_mid-1.5=105296.0781  sbar_bright_T5d_mid-1.5=99136.6953  sbar_bright_T4a_mid-0.5=830885.0000  sbar_bright_T4b_mid-0.5=841538.6250  sbar_bright_T4c_mid-0.5=1085823.0000  sbar_bright_T4d_mid-0.5=1052424.5000  sbar_bright_T5a_mid-0.5=183422.4844  sbar_bright_T5b_mid-0.5=169926.4844  sbar_bright_T5c_mid-0.5=192441.7969  sbar_bright_T5d_mid-0.5=183603.4219  sbar_bright_T4a_mid+0.5=132838.0000  sbar_bright_T4b_mid+0.5=76736.5703  sbar_bright_T4c_mid+0.5=93542.8594  sbar_bright_T4d_mid+0.5=91895.8828  sbar_bright_T5a_mid+0.5=66079.0312  sbar_bright_T5b_mid+0.5=62396.7109  sbar_bright_T5c_mid+0.5=57744.0312  sbar_bright_T5d_mid+0.5=61753.8320  sbar_bright_T4b_mid+1.5=72891.1172  sbar_bright_T4c_mid+1.5=100128.5156  sbar_bright_T4d_mid+1.5=63036.0508  sbar_bright_T5a_mid+1.5=40351.3516  sbar_bright_T5b_mid+1.5=41777.0977  sbar_bright_T5c_mid+1.5=40288.7383  sbar_bright_T5d_mid+1.5=37452.9141  sbar_bright_T4a_mid+1.5=75056.5000  sbar_dark_T4a_mid+0=76667.4844  sbar_dark_T4b_mid+0=57464.1875  sbar_dark_T4c_mid+0=70221.9844  sbar_dark_T4d_mid+0=57240.2891  sbar_dark_T5a_mid+0=299219.4688  sbar_dark_T5b_mid+0=229987.2344  sbar_dark_T5c_mid+0=260090.4844  sbar_dark_T5d_mid+0=304369.5625  sbar_dark_T4a_mid+1=36477.3398  sbar_dark_T4b_mid+1=24981.8945  sbar_dark_T4c_mid+1=44225.9453  sbar_dark_T4d_mid+1=38370.4922  sbar_dark_T5a_mid+1=283916.9375  sbar_dark_T5b_mid+1=254299.5625  sbar_dark_T5c_mid+1=226145.3438  sbar_dark_T5d_mid+1=169139.0000  sbar_dark_T4a_mid+2=61411.1562  sbar_dark_T4b_mid+2=44891.4453  sbar_dark_T4c_mid+2=82375.7500  sbar_dark_T4d_mid+2=50865.9961  sbar_dark_T5a_mid+2=242741.8125  sbar_dark_T5b_mid+2=259943.4375  sbar_dark_T5c_mid+2=208097.2656  sbar_dark_T5d_mid+2=213163.4531  sbar_dark_T4a_mid-1=295116.5312  sbar_dark_T4b_mid-1=178214.4375  sbar_dark_T4c_mid-1=188439.1250  sbar_dark_T4d_mid-1=189963.1875  sbar_dark_T5a_mid-1=1369125.6250  sbar_dark_T5b_mid-1=1126400.2500  sbar_dark_T5c_mid-1=1205045.0000  sbar_dark_T5d_mid-1=1359387.1250  sbar_dark_T4a_mid-2=139109.9688  sbar_dark_T4b_mid-2=119037.3516  sbar_dark_T4c_mid-2=153076.1406  sbar_dark_T4d_mid-2=131829.2656  sbar_dark_T5b_mid-2=726688.5625  sbar_dark_T5c_mid-2=621471.1250  sbar_dark_T5d_mid-2=706704.4375  sbar_dark_T5a_mid-2=714896.6875  sbar_dark_T4a_mid-1.5=39710.2383  sbar_dark_T4b_mid-1.5=49529.4102  sbar_dark_T4c_mid-1.5=54981.4648  sbar_dark_T4d_mid-1.5=29587.6719  sbar_dark_T5a_mid-1.5=226708.9375  sbar_dark_T5b_mid-1.5=262723.5938  sbar_dark_T5c_mid-1.5=213762.5469  sbar_dark_T5d_mid-1.5=208989.2656  sbar_dark_T4a_mid-0.5=26562.4121  sbar_dark_T4b_mid-0.5=63265.3828  sbar_dark_T4c_mid-0.5=57291.9609  sbar_dark_T4d_mid-0.5=51651.0547  sbar_dark_T5a_mid-0.5=472428.9062  sbar_dark_T5b_mid-0.5=605825.3125  sbar_dark_T5c_mid-0.5=425968.5625  sbar_dark_T5d_mid-0.5=510789.1562  sbar_dark_T4a_mid+0.5=16506.1289  sbar_dark_T4b_mid+0.5=11218.9150  sbar_dark_T4c_mid+0.5=21623.5000  sbar_dark_T4d_mid+0.5=25775.3711  sbar_dark_T5a_mid+0.5=90416.7578  sbar_dark_T5b_mid+0.5=91400.8984  sbar_dark_T5c_mid+0.5=58038.8594  sbar_dark_T5d_mid+0.5=73170.3594  sbar_dark_T4b_mid+1.5=10404.4648  sbar_dark_T4c_mid+1.5=20909.6035  sbar_dark_T4d_mid+1.5=11443.5713  sbar_dark_T5a_mid+1.5=62944.5156  sbar_dark_T5b_mid+1.5=71537.6641  sbar_dark_T5c_mid+1.5=58642.3867  sbar_dark_T5d_mid+1.5=54847.2773  sbar_dark_T4a_mid+1.5=15564.1914]:  53%|█████▎    | 530/1000 [05:46<05:08,  1.52it/s] Cost: 337739.5312  [spread_bright_L5=1406174.0000  spread_bright_Mi1=1097224.3750  spread_bright_Tm3=1016869.1250  spread_bright_Mi4=1172165.3750  spread_dark_L1=820796.2500  spread_dark_L2=895761.3750  spread_dark_L3=1035506.3125  spread_dark_L4=2381342.0000  spread_dark_Mi9=652386.5000  spread_dark_Tm1=1173731.3750  spread_dark_Tm2=1164421.5000  spread_dark_Tm4=1366724.7500  spread_dark_Tm9=1155367.6250  sbar_bright_T4a_mid+0=367409.9688  sbar_bright_T4b_mid+0=294343.9062  sbar_bright_T4c_mid+0=337312.9375  sbar_bright_T4d_mid+0=337401.3125  sbar_bright_T5a_mid+0=185387.7031  sbar_bright_T5b_mid+0=223176.1094  sbar_bright_T5c_mid+0=243982.0625  sbar_bright_T5d_mid+0=196287.0469  sbar_bright_T4a_mid+1=223681.0938  sbar_bright_T4b_mid+1=236004.9531  sbar_bright_T4c_mid+1=262294.8125  sbar_bright_T4d_mid+1=261656.9062  sbar_bright_T5a_mid+1=120833.9922  sbar_bright_T5b_mid+1=123323.9297  sbar_bright_T5c_mid+1=145828.1719  sbar_bright_T5d_mid+1=129315.8750  sbar_bright_T4a_mid+2=90175.3125  sbar_bright_T4b_mid+2=128577.2500  sbar_bright_T4c_mid+2=102243.7812  sbar_bright_T4d_mid+2=95385.8828  sbar_bright_T5a_mid+2=160312.3906  sbar_bright_T5b_mid+2=145564.5156  sbar_bright_T5c_mid+2=174384.5781  sbar_bright_T5d_mid+2=171405.3438  sbar_bright_T4a_mid-1=1480518.1250  sbar_bright_T4b_mid-1=1149001.5000  sbar_bright_T4c_mid-1=1536936.5000  sbar_bright_T4d_mid-1=1741499.3750  sbar_bright_T5a_mid-1=469555.5000  sbar_bright_T5b_mid-1=481349.4062  sbar_bright_T5c_mid-1=534216.6250  sbar_bright_T5d_mid-1=493792.5312  sbar_bright_T4a_mid-2=289227.5000  sbar_bright_T4b_mid-2=288417.4688  sbar_bright_T4c_mid-2=295546.9688  sbar_bright_T4d_mid-2=290924.1250  sbar_bright_T5b_mid-2=74357.4062  sbar_bright_T5c_mid-2=84796.4688  sbar_bright_T5d_mid-2=81697.3672  sbar_bright_T5a_mid-2=74679.0234  sbar_bright_T4a_mid-1.5=173384.2344  sbar_bright_T4b_mid-1.5=158901.0469  sbar_bright_T4c_mid-1.5=153346.6094  sbar_bright_T4d_mid-1.5=214217.6719  sbar_bright_T5a_mid-1.5=109727.0859  sbar_bright_T5b_mid-1.5=106731.8359  sbar_bright_T5c_mid-1.5=105191.8203  sbar_bright_T5d_mid-1.5=99213.4375  sbar_bright_T4a_mid-0.5=834882.4375  sbar_bright_T4b_mid-0.5=841800.0000  sbar_bright_T4c_mid-0.5=1087182.7500  sbar_bright_T4d_mid-0.5=1055033.0000  sbar_bright_T5a_mid-0.5=183132.9219  sbar_bright_T5b_mid-0.5=170122.2031  sbar_bright_T5c_mid-0.5=191784.7656  sbar_bright_T5d_mid-0.5=183571.0469  sbar_bright_T4a_mid+0.5=133702.5156  sbar_bright_T4b_mid+0.5=76354.9766  sbar_bright_T4c_mid+0.5=93299.4141  sbar_bright_T4d_mid+0.5=91599.2500  sbar_bright_T5a_mid+0.5=66071.0156  sbar_bright_T5b_mid+0.5=62495.5391  sbar_bright_T5c_mid+0.5=57390.5820  sbar_bright_T5d_mid+0.5=61615.9922  sbar_bright_T4b_mid+1.5=72820.6562  sbar_bright_T4c_mid+1.5=99097.2500  sbar_bright_T4d_mid+1.5=62983.8477  sbar_bright_T5a_mid+1.5=40718.6211  sbar_bright_T5b_mid+1.5=42078.7266  sbar_bright_T5c_mid+1.5=40345.9180  sbar_bright_T5d_mid+1.5=37598.6758  sbar_bright_T4a_mid+1.5=74906.5312  sbar_dark_T4a_mid+0=75112.9141  sbar_dark_T4b_mid+0=57300.3203  sbar_dark_T4c_mid+0=69499.3438  sbar_dark_T4d_mid+0=56869.0859  sbar_dark_T5a_mid+0=286829.0000  sbar_dark_T5b_mid+0=229804.2656  sbar_dark_T5c_mid+0=256688.1250  sbar_dark_T5d_mid+0=302464.2812  sbar_dark_T4a_mid+1=36683.2031  sbar_dark_T4b_mid+1=25065.9160  sbar_dark_T4c_mid+1=43778.1641  sbar_dark_T4d_mid+1=38079.7617  sbar_dark_T5a_mid+1=279334.9062  sbar_dark_T5b_mid+1=253481.0625  sbar_dark_T5c_mid+1=224648.4531  sbar_dark_T5d_mid+1=168919.7344  sbar_dark_T4a_mid+2=61525.4375  sbar_dark_T4b_mid+2=45357.0820  sbar_dark_T4c_mid+2=83934.3125  sbar_dark_T4d_mid+2=50495.4766  sbar_dark_T5a_mid+2=240934.2031  sbar_dark_T5b_mid+2=257753.4375  sbar_dark_T5c_mid+2=206978.3281  sbar_dark_T5d_mid+2=211334.9531  sbar_dark_T4a_mid-1=296650.0000  sbar_dark_T4b_mid-1=178056.8750  sbar_dark_T4c_mid-1=187765.6719  sbar_dark_T4d_mid-1=190486.1875  sbar_dark_T5a_mid-1=1374445.5000  sbar_dark_T5b_mid-1=1122932.1250  sbar_dark_T5c_mid-1=1206972.7500  sbar_dark_T5d_mid-1=1358727.2500  sbar_dark_T4a_mid-2=140348.5625  sbar_dark_T4b_mid-2=119172.6172  sbar_dark_T4c_mid-2=151798.9688  sbar_dark_T4d_mid-2=131506.7031  sbar_dark_T5b_mid-2=723109.3750  sbar_dark_T5c_mid-2=621797.1250  sbar_dark_T5d_mid-2=705531.8125  sbar_dark_T5a_mid-2=714667.5000  sbar_dark_T4a_mid-1.5=39827.9141  sbar_dark_T4b_mid-1.5=49496.2578  sbar_dark_T4c_mid-1.5=54425.6602  sbar_dark_T4d_mid-1.5=29533.9609  sbar_dark_T5a_mid-1.5=228101.5938  sbar_dark_T5b_mid-1.5=262264.2188  sbar_dark_T5c_mid-1.5=213950.7188  sbar_dark_T5d_mid-1.5=209230.0000  sbar_dark_T4a_mid-0.5=26386.2188  sbar_dark_T4b_mid-0.5=63477.7383  sbar_dark_T4c_mid-0.5=56796.0664  sbar_dark_T4d_mid-0.5=51486.1484  sbar_dark_T5a_mid-0.5=475185.3125  sbar_dark_T5b_mid-0.5=604871.1875  sbar_dark_T5c_mid-0.5=428533.1562  sbar_dark_T5d_mid-0.5=511538.1875  sbar_dark_T4a_mid+0.5=16331.9512  sbar_dark_T4b_mid+0.5=10902.6006  sbar_dark_T4c_mid+0.5=21460.8613  sbar_dark_T4d_mid+0.5=25669.0273  sbar_dark_T5a_mid+0.5=90007.6953  sbar_dark_T5b_mid+0.5=90727.9219  sbar_dark_T5c_mid+0.5=57969.0820  sbar_dark_T5d_mid+0.5=72828.8828  sbar_dark_T4b_mid+1.5=10366.3633  sbar_dark_T4c_mid+1.5=20563.2324  sbar_dark_T4d_mid+1.5=11488.6758  sbar_dark_T5a_mid+1.5=62220.2539  sbar_dark_T5b_mid+1.5=71387.8281  sbar_dark_T5c_mid+1.5=58543.5391  sbar_dark_T5d_mid+1.5=54884.3164  sbar_dark_T4a_mid+1.5=15218.6699]:   54%|█████▍    | 540/1000 [05:53<05:02,  1.52it/s] Cost: 337052.8438  [spread_bright_L5=1420371.5000  spread_bright_Mi1=1086420.2500  spread_bright_Tm3=1003327.3750  spread_bright_Mi4=1162922.2500  spread_dark_L1=821340.8750  spread_dark_L2=896319.0000  spread_dark_L3=1033155.9375  spread_dark_L4=2372718.7500  spread_dark_Mi9=638709.6250  spread_dark_Tm1=1164890.7500  spread_dark_Tm2=1156137.6250  spread_dark_Tm4=1365615.3750  spread_dark_Tm9=1148401.2500  sbar_bright_T4a_mid+0=368352.0625  sbar_bright_T4b_mid+0=292960.0000  sbar_bright_T4c_mid+0=335955.5938  sbar_bright_T4d_mid+0=335496.3438  sbar_bright_T5a_mid+0=184044.6250  sbar_bright_T5b_mid+0=221204.1406  sbar_bright_T5c_mid+0=242374.0781  sbar_bright_T5d_mid+0=195620.0469  sbar_bright_T4a_mid+1=223882.8125  sbar_bright_T4b_mid+1=234718.5469  sbar_bright_T4c_mid+1=260832.3125  sbar_bright_T4d_mid+1=260420.2812  sbar_bright_T5a_mid+1=120944.5312  sbar_bright_T5b_mid+1=122924.1641  sbar_bright_T5c_mid+1=144789.1250  sbar_bright_T5d_mid+1=128323.7422  sbar_bright_T4a_mid+2=86426.1328  sbar_bright_T4b_mid+2=127572.0625  sbar_bright_T4c_mid+2=101873.3906  sbar_bright_T4d_mid+2=95402.4766  sbar_bright_T5a_mid+2=161015.4375  sbar_bright_T5b_mid+2=146011.3906  sbar_bright_T5c_mid+2=173876.1875  sbar_bright_T5d_mid+2=170943.7969  sbar_bright_T4a_mid-1=1480515.5000  sbar_bright_T4b_mid-1=1152910.8750  sbar_bright_T4c_mid-1=1538387.5000  sbar_bright_T4d_mid-1=1740074.3750  sbar_bright_T5a_mid-1=470281.2188  sbar_bright_T5b_mid-1=480002.6250  sbar_bright_T5c_mid-1=532524.1875  sbar_bright_T5d_mid-1=494012.7188  sbar_bright_T4a_mid-2=289905.7500  sbar_bright_T4b_mid-2=288647.4375  sbar_bright_T4c_mid-2=295033.3438  sbar_bright_T4d_mid-2=290179.6875  sbar_bright_T5b_mid-2=74080.6719  sbar_bright_T5c_mid-2=84503.9922  sbar_bright_T5d_mid-2=81844.5234  sbar_bright_T5a_mid-2=75296.3906  sbar_bright_T4a_mid-1.5=174105.4688  sbar_bright_T4b_mid-1.5=160074.5312  sbar_bright_T4c_mid-1.5=153891.8438  sbar_bright_T4d_mid-1.5=214210.7969  sbar_bright_T5a_mid-1.5=109971.0859  sbar_bright_T5b_mid-1.5=106859.3516  sbar_bright_T5c_mid-1.5=105441.7422  sbar_bright_T5d_mid-1.5=99311.9062  sbar_bright_T4a_mid-0.5=832825.8750  sbar_bright_T4b_mid-0.5=842762.6250  sbar_bright_T4c_mid-0.5=1086312.3750  sbar_bright_T4d_mid-0.5=1053820.6250  sbar_bright_T5a_mid-0.5=183330.2188  sbar_bright_T5b_mid-0.5=169902.1406  sbar_bright_T5c_mid-0.5=191146.3750  sbar_bright_T5d_mid-0.5=183302.6250  sbar_bright_T4a_mid+0.5=134323.6250  sbar_bright_T4b_mid+0.5=75651.7109  sbar_bright_T4c_mid+0.5=93184.7188  sbar_bright_T4d_mid+0.5=91122.3828  sbar_bright_T5a_mid+0.5=65999.7500  sbar_bright_T5b_mid+0.5=62189.7500  sbar_bright_T5c_mid+0.5=56803.1523  sbar_bright_T5d_mid+0.5=61371.6875  sbar_bright_T4b_mid+1.5=73202.8047  sbar_bright_T4c_mid+1.5=99392.9688  sbar_bright_T4d_mid+1.5=63390.4102  sbar_bright_T5a_mid+1.5=40766.6445  sbar_bright_T5b_mid+1.5=41677.8594  sbar_bright_T5c_mid+1.5=40206.8750  sbar_bright_T5d_mid+1.5=37381.5312  sbar_bright_T4a_mid+1.5=74570.7500  sbar_dark_T4a_mid+0=74021.0703  sbar_dark_T4b_mid+0=56766.8594  sbar_dark_T4c_mid+0=68773.4609  sbar_dark_T4d_mid+0=56862.9297  sbar_dark_T5a_mid+0=289217.8125  sbar_dark_T5b_mid+0=228328.4844  sbar_dark_T5c_mid+0=258527.6719  sbar_dark_T5d_mid+0=305722.7500  sbar_dark_T4a_mid+1=35785.5820  sbar_dark_T4b_mid+1=25010.2188  sbar_dark_T4c_mid+1=43390.5820  sbar_dark_T4d_mid+1=37780.0195  sbar_dark_T5a_mid+1=277160.4062  sbar_dark_T5b_mid+1=251587.5938  sbar_dark_T5c_mid+1=224552.2812  sbar_dark_T5d_mid+1=169021.4688  sbar_dark_T4a_mid+2=59120.3438  sbar_dark_T4b_mid+2=44380.0859  sbar_dark_T4c_mid+2=80547.8750  sbar_dark_T4d_mid+2=51386.3789  sbar_dark_T5a_mid+2=239533.8438  sbar_dark_T5b_mid+2=257342.5938  sbar_dark_T5c_mid+2=208447.1875  sbar_dark_T5d_mid+2=213168.4531  sbar_dark_T4a_mid-1=293485.0938  sbar_dark_T4b_mid-1=176861.5000  sbar_dark_T4c_mid-1=187308.6250  sbar_dark_T4d_mid-1=191062.5781  sbar_dark_T5a_mid-1=1372651.3750  sbar_dark_T5b_mid-1=1122966.3750  sbar_dark_T5c_mid-1=1208071.3750  sbar_dark_T5d_mid-1=1357624.5000  sbar_dark_T4a_mid-2=140411.8594  sbar_dark_T4b_mid-2=117400.9141  sbar_dark_T4c_mid-2=150692.7656  sbar_dark_T4d_mid-2=131598.1562  sbar_dark_T5b_mid-2=724826.8125  sbar_dark_T5c_mid-2=623125.8750  sbar_dark_T5d_mid-2=705595.0625  sbar_dark_T5a_mid-2=712856.5625  sbar_dark_T4a_mid-1.5=38834.5938  sbar_dark_T4b_mid-1.5=48533.4961  sbar_dark_T4c_mid-1.5=54057.5195  sbar_dark_T4d_mid-1.5=29544.3066  sbar_dark_T5a_mid-1.5=228109.0938  sbar_dark_T5b_mid-1.5=262517.8750  sbar_dark_T5c_mid-1.5=214718.4062  sbar_dark_T5d_mid-1.5=209303.7656  sbar_dark_T4a_mid-0.5=26819.8047  sbar_dark_T4b_mid-0.5=63456.9844  sbar_dark_T4c_mid-0.5=56670.4414  sbar_dark_T4d_mid-0.5=51804.2734  sbar_dark_T5a_mid-0.5=474482.1562  sbar_dark_T5b_mid-0.5=604660.8750  sbar_dark_T5c_mid-0.5=429868.3438  sbar_dark_T5d_mid-0.5=510897.2188  sbar_dark_T4a_mid+0.5=15407.7500  sbar_dark_T4b_mid+0.5=10545.5020  sbar_dark_T4c_mid+0.5=21686.5605  sbar_dark_T4d_mid+0.5=25248.9609  sbar_dark_T5a_mid+0.5=88936.7422  sbar_dark_T5b_mid+0.5=90370.5156  sbar_dark_T5c_mid+0.5=58145.6797  sbar_dark_T5d_mid+0.5=73140.4141  sbar_dark_T4b_mid+1.5=10492.2793  sbar_dark_T4c_mid+1.5=20905.7168  sbar_dark_T4d_mid+1.5=11655.9912  sbar_dark_T5a_mid+1.5=61686.8320  sbar_dark_T5b_mid+1.5=70693.8672  sbar_dark_T5c_mid+1.5=58344.0352  sbar_dark_T5d_mid+1.5=54612.5508  sbar_dark_T4a_mid+1.5=15163.9980]:  55%|█████▌    | 550/1000 [06:00<04:57,  1.51it/s] Cost: 336385.1562  [spread_bright_L5=1405861.1250  spread_bright_Mi1=1081876.1250  spread_bright_Tm3=995851.7500  spread_bright_Mi4=1162942.6250  spread_dark_L1=814119.8750  spread_dark_L2=906321.8125  spread_dark_L3=1031483.3750  spread_dark_L4=2366063.5000  spread_dark_Mi9=634398.6875  spread_dark_Tm1=1153606.5000  spread_dark_Tm2=1145480.2500  spread_dark_Tm4=1363473.2500  spread_dark_Tm9=1140400.6250  sbar_bright_T4a_mid+0=363230.7812  sbar_bright_T4b_mid+0=290542.6875  sbar_bright_T4c_mid+0=334780.3125  sbar_bright_T4d_mid+0=334440.0312  sbar_bright_T5a_mid+0=182897.6250  sbar_bright_T5b_mid+0=220233.3750  sbar_bright_T5c_mid+0=240723.7500  sbar_bright_T5d_mid+0=193907.5625  sbar_bright_T4a_mid+1=227318.0000  sbar_bright_T4b_mid+1=235940.9062  sbar_bright_T4c_mid+1=260571.0312  sbar_bright_T4d_mid+1=260192.2344  sbar_bright_T5a_mid+1=121748.3281  sbar_bright_T5b_mid+1=123203.2031  sbar_bright_T5c_mid+1=144095.8438  sbar_bright_T5d_mid+1=127989.0859  sbar_bright_T4a_mid+2=86612.6562  sbar_bright_T4b_mid+2=129570.8906  sbar_bright_T4c_mid+2=101862.6875  sbar_bright_T4d_mid+2=95631.7344  sbar_bright_T5a_mid+2=162499.5625  sbar_bright_T5b_mid+2=146870.0781  sbar_bright_T5c_mid+2=174466.5312  sbar_bright_T5d_mid+2=171979.8750  sbar_bright_T4a_mid-1=1477855.7500  sbar_bright_T4b_mid-1=1147182.3750  sbar_bright_T4c_mid-1=1537870.1250  sbar_bright_T4d_mid-1=1736703.7500  sbar_bright_T5a_mid-1=471344.5938  sbar_bright_T5b_mid-1=480252.0625  sbar_bright_T5c_mid-1=532302.2500  sbar_bright_T5d_mid-1=493037.7188  sbar_bright_T4a_mid-2=285768.9375  sbar_bright_T4b_mid-2=285884.9375  sbar_bright_T4c_mid-2=293714.9688  sbar_bright_T4d_mid-2=288462.8750  sbar_bright_T5b_mid-2=74209.9453  sbar_bright_T5c_mid-2=84609.2031  sbar_bright_T5d_mid-2=81715.2109  sbar_bright_T5a_mid-2=75656.3672  sbar_bright_T4a_mid-1.5=173993.8125  sbar_bright_T4b_mid-1.5=159269.4688  sbar_bright_T4c_mid-1.5=153597.6406  sbar_bright_T4d_mid-1.5=214297.6562  sbar_bright_T5a_mid-1.5=110561.7109  sbar_bright_T5b_mid-1.5=107157.8906  sbar_bright_T5c_mid-1.5=105391.3516  sbar_bright_T5d_mid-1.5=99405.6094  sbar_bright_T4a_mid-0.5=830014.0000  sbar_bright_T4b_mid-0.5=838104.0625  sbar_bright_T4c_mid-0.5=1085706.2500  sbar_bright_T4d_mid-0.5=1053855.6250  sbar_bright_T5a_mid-0.5=183315.1719  sbar_bright_T5b_mid-0.5=169808.2969  sbar_bright_T5c_mid-0.5=190744.3125  sbar_bright_T5d_mid-0.5=182873.6875  sbar_bright_T4a_mid+0.5=133492.3281  sbar_bright_T4b_mid+0.5=74430.5781  sbar_bright_T4c_mid+0.5=92877.8828  sbar_bright_T4d_mid+0.5=90492.9531  sbar_bright_T5a_mid+0.5=66178.4453  sbar_bright_T5b_mid+0.5=62061.1562  sbar_bright_T5c_mid+0.5=56190.2148  sbar_bright_T5d_mid+0.5=60680.7148  sbar_bright_T4b_mid+1.5=74917.3750  sbar_bright_T4c_mid+1.5=99965.6719  sbar_bright_T4d_mid+1.5=63846.5703  sbar_bright_T5a_mid+1.5=41171.2148  sbar_bright_T5b_mid+1.5=42023.4336  sbar_bright_T5c_mid+1.5=40267.5078  sbar_bright_T5d_mid+1.5=37481.5547  sbar_bright_T4a_mid+1.5=76320.5547  sbar_dark_T4a_mid+0=75536.2656  sbar_dark_T4b_mid+0=57906.2930  sbar_dark_T4c_mid+0=68840.9375  sbar_dark_T4d_mid+0=57337.8711  sbar_dark_T5a_mid+0=287913.0000  sbar_dark_T5b_mid+0=228053.3438  sbar_dark_T5c_mid+0=257509.7188  sbar_dark_T5d_mid+0=302878.4062  sbar_dark_T4a_mid+1=38652.4336  sbar_dark_T4b_mid+1=25826.2539  sbar_dark_T4c_mid+1=43786.8359  sbar_dark_T4d_mid+1=37959.9531  sbar_dark_T5a_mid+1=276551.4688  sbar_dark_T5b_mid+1=250298.8281  sbar_dark_T5c_mid+1=224873.5625  sbar_dark_T5d_mid+1=168335.0781  sbar_dark_T4a_mid+2=61008.5742  sbar_dark_T4b_mid+2=46874.2891  sbar_dark_T4c_mid+2=81631.2578  sbar_dark_T4d_mid+2=52251.3359  sbar_dark_T5a_mid+2=236897.5469  sbar_dark_T5b_mid+2=257150.9375  sbar_dark_T5c_mid+2=207214.1094  sbar_dark_T5d_mid+2=212678.3750  sbar_dark_T4a_mid-1=295936.7500  sbar_dark_T4b_mid-1=178214.5156  sbar_dark_T4c_mid-1=187656.5156  sbar_dark_T4d_mid-1=192334.4688  sbar_dark_T5a_mid-1=1367606.6250  sbar_dark_T5b_mid-1=1120236.7500  sbar_dark_T5c_mid-1=1205758.2500  sbar_dark_T5d_mid-1=1357755.6250  sbar_dark_T4a_mid-2=144780.6406  sbar_dark_T4b_mid-2=119767.6328  sbar_dark_T4c_mid-2=151206.9688  sbar_dark_T4d_mid-2=132836.5781  sbar_dark_T5b_mid-2=721182.8125  sbar_dark_T5c_mid-2=621112.0625  sbar_dark_T5d_mid-2=705189.9375  sbar_dark_T5a_mid-2=708731.3125  sbar_dark_T4a_mid-1.5=38660.9766  sbar_dark_T4b_mid-1.5=49377.4922  sbar_dark_T4c_mid-1.5=54329.1133  sbar_dark_T4d_mid-1.5=29622.2227  sbar_dark_T5a_mid-1.5=228620.6875  sbar_dark_T5b_mid-1.5=262774.3125  sbar_dark_T5c_mid-1.5=214728.4688  sbar_dark_T5d_mid-1.5=210236.6562  sbar_dark_T4a_mid-0.5=26485.7363  sbar_dark_T4b_mid-0.5=64454.7227  sbar_dark_T4c_mid-0.5=56806.6016  sbar_dark_T4d_mid-0.5=51898.4258  sbar_dark_T5a_mid-0.5=473145.4688  sbar_dark_T5b_mid-0.5=605320.8750  sbar_dark_T5c_mid-0.5=428817.9375  sbar_dark_T5d_mid-0.5=513698.2500  sbar_dark_T4a_mid+0.5=15072.6250  sbar_dark_T4b_mid+0.5=10745.2900  sbar_dark_T4c_mid+0.5=21993.6230  sbar_dark_T4d_mid+0.5=25289.8301  sbar_dark_T5a_mid+0.5=87984.4219  sbar_dark_T5b_mid+0.5=89569.4375  sbar_dark_T5c_mid+0.5=58047.6250  sbar_dark_T5d_mid+0.5=72505.5703  sbar_dark_T4b_mid+1.5=11103.8320  sbar_dark_T4c_mid+1.5=21361.5527  sbar_dark_T4d_mid+1.5=11967.0107  sbar_dark_T5a_mid+1.5=60906.6016  sbar_dark_T5b_mid+1.5=70400.6094  sbar_dark_T5c_mid+1.5=57868.1797  sbar_dark_T5d_mid+1.5=54090.7969  sbar_dark_T4a_mid+1.5=16056.8184]:   56%|█████▌    | 560/1000 [06:07<04:53,  1.50it/s] Cost: 335789.1562  [spread_bright_L5=1404509.7500  spread_bright_Mi1=1079064.2500  spread_bright_Tm3=988660.6875  spread_bright_Mi4=1160545.0000  spread_dark_L1=809046.6250  spread_dark_L2=910018.0625  spread_dark_L3=1031720.0000  spread_dark_L4=2353269.2500  spread_dark_Mi9=630913.6875  spread_dark_Tm1=1141675.7500  spread_dark_Tm2=1142172.8750  spread_dark_Tm4=1359293.6250  spread_dark_Tm9=1142807.1250  sbar_bright_T4a_mid+0=363826.1562  sbar_bright_T4b_mid+0=289960.4062  sbar_bright_T4c_mid+0=332439.6875  sbar_bright_T4d_mid+0=332319.2188  sbar_bright_T5a_mid+0=183581.9844  sbar_bright_T5b_mid+0=221705.1094  sbar_bright_T5c_mid+0=241431.8281  sbar_bright_T5d_mid+0=194000.8750  sbar_bright_T4a_mid+1=227512.1250  sbar_bright_T4b_mid+1=235347.5156  sbar_bright_T4c_mid+1=261724.4219  sbar_bright_T4d_mid+1=260172.3750  sbar_bright_T5a_mid+1=122691.3906  sbar_bright_T5b_mid+1=124272.6094  sbar_bright_T5c_mid+1=143962.3906  sbar_bright_T5d_mid+1=127571.6875  sbar_bright_T4a_mid+2=87796.0781  sbar_bright_T4b_mid+2=128972.4844  sbar_bright_T4c_mid+2=102918.9688  sbar_bright_T4d_mid+2=95345.5859  sbar_bright_T5a_mid+2=162916.3125  sbar_bright_T5b_mid+2=147908.0156  sbar_bright_T5c_mid+2=174171.5625  sbar_bright_T5d_mid+2=171803.2656  sbar_bright_T4a_mid-1=1474514.1250  sbar_bright_T4b_mid-1=1149465.5000  sbar_bright_T4c_mid-1=1534965.0000  sbar_bright_T4d_mid-1=1735779.3750  sbar_bright_T5a_mid-1=473746.3125  sbar_bright_T5b_mid-1=483168.9688  sbar_bright_T5c_mid-1=533380.5625  sbar_bright_T5d_mid-1=493736.5000  sbar_bright_T4a_mid-2=286823.0000  sbar_bright_T4b_mid-2=287115.9375  sbar_bright_T4c_mid-2=291716.0938  sbar_bright_T4d_mid-2=288439.1562  sbar_bright_T5b_mid-2=74730.0078  sbar_bright_T5c_mid-2=84810.9844  sbar_bright_T5d_mid-2=81495.2812  sbar_bright_T5a_mid-2=76183.3594  sbar_bright_T4a_mid-1.5=173267.0938  sbar_bright_T4b_mid-1.5=160118.7188  sbar_bright_T4c_mid-1.5=153366.5625  sbar_bright_T4d_mid-1.5=214388.6719  sbar_bright_T5a_mid-1.5=110868.5156  sbar_bright_T5b_mid-1.5=107337.4219  sbar_bright_T5c_mid-1.5=105202.9297  sbar_bright_T5d_mid-1.5=99344.6172  sbar_bright_T4a_mid-0.5=826344.5000  sbar_bright_T4b_mid-0.5=839273.3750  sbar_bright_T4c_mid-0.5=1082725.3750  sbar_bright_T4d_mid-0.5=1052120.3750  sbar_bright_T5a_mid-0.5=183940.2656  sbar_bright_T5b_mid-0.5=170297.1719  sbar_bright_T5c_mid-0.5=190834.0938  sbar_bright_T5d_mid-0.5=182968.7656  sbar_bright_T4a_mid+0.5=133540.7812  sbar_bright_T4b_mid+0.5=73956.7656  sbar_bright_T4c_mid+0.5=92530.9766  sbar_bright_T4d_mid+0.5=90185.0391  sbar_bright_T5a_mid+0.5=66572.1094  sbar_bright_T5b_mid+0.5=62531.5039  sbar_bright_T5c_mid+0.5=55976.5039  sbar_bright_T5d_mid+0.5=60605.4961  sbar_bright_T4b_mid+1.5=74637.4375  sbar_bright_T4c_mid+1.5=101419.9297  sbar_bright_T4d_mid+1.5=64508.2383  sbar_bright_T5a_mid+1.5=41496.5586  sbar_bright_T5b_mid+1.5=42343.5312  sbar_bright_T5c_mid+1.5=40394.1562  sbar_bright_T5d_mid+1.5=37536.2969  sbar_bright_T4a_mid+1.5=76323.1641  sbar_dark_T4a_mid+0=73578.1484  sbar_dark_T4b_mid+0=56773.7891  sbar_dark_T4c_mid+0=69187.4453  sbar_dark_T4d_mid+0=56733.3594  sbar_dark_T5a_mid+0=290516.4688  sbar_dark_T5b_mid+0=229227.1250  sbar_dark_T5c_mid+0=258633.3125  sbar_dark_T5d_mid+0=302141.4688  sbar_dark_T4a_mid+1=36719.5000  sbar_dark_T4b_mid+1=25723.6230  sbar_dark_T4c_mid+1=44275.3867  sbar_dark_T4d_mid+1=37770.8359  sbar_dark_T5a_mid+1=276975.9062  sbar_dark_T5b_mid+1=248806.9062  sbar_dark_T5c_mid+1=226195.5312  sbar_dark_T5d_mid+1=168819.6875  sbar_dark_T4a_mid+2=60443.3594  sbar_dark_T4b_mid+2=46139.3672  sbar_dark_T4c_mid+2=82434.9688  sbar_dark_T4d_mid+2=52460.6406  sbar_dark_T5a_mid+2=235350.2500  sbar_dark_T5b_mid+2=255387.0625  sbar_dark_T5c_mid+2=207303.3281  sbar_dark_T5d_mid+2=213302.4844  sbar_dark_T4a_mid-1=294775.4375  sbar_dark_T4b_mid-1=177184.3594  sbar_dark_T4c_mid-1=188368.2656  sbar_dark_T4d_mid-1=192933.3438  sbar_dark_T5a_mid-1=1360710.8750  sbar_dark_T5b_mid-1=1114296.5000  sbar_dark_T5c_mid-1=1201304.0000  sbar_dark_T5d_mid-1=1354731.3750  sbar_dark_T4a_mid-2=142687.5000  sbar_dark_T4b_mid-2=117823.8438  sbar_dark_T4c_mid-2=151895.6250  sbar_dark_T4d_mid-2=132673.8125  sbar_dark_T5b_mid-2=717713.8125  sbar_dark_T5c_mid-2=619518.8750  sbar_dark_T5d_mid-2=704152.5000  sbar_dark_T5a_mid-2=704645.8125  sbar_dark_T4a_mid-1.5=38732.0547  sbar_dark_T4b_mid-1.5=48349.6953  sbar_dark_T4c_mid-1.5=54468.5117  sbar_dark_T4d_mid-1.5=29585.3066  sbar_dark_T5a_mid-1.5=227729.2031  sbar_dark_T5b_mid-1.5=261727.4531  sbar_dark_T5c_mid-1.5=214356.9062  sbar_dark_T5d_mid-1.5=210008.7812  sbar_dark_T4a_mid-0.5=27104.9648  sbar_dark_T4b_mid-0.5=64210.3008  sbar_dark_T4c_mid-0.5=57030.9141  sbar_dark_T4d_mid-0.5=52105.2031  sbar_dark_T5a_mid-0.5=470241.0625  sbar_dark_T5b_mid-0.5=603152.9375  sbar_dark_T5c_mid-0.5=427676.0625  sbar_dark_T5d_mid-0.5=513353.4375  sbar_dark_T4a_mid+0.5=15688.0957  sbar_dark_T4b_mid+0.5=10471.7188  sbar_dark_T4c_mid+0.5=22280.0156  sbar_dark_T4d_mid+0.5=25040.2246  sbar_dark_T5a_mid+0.5=87030.7578  sbar_dark_T5b_mid+0.5=88562.8594  sbar_dark_T5c_mid+0.5=57983.9609  sbar_dark_T5d_mid+0.5=72468.1328  sbar_dark_T4b_mid+1.5=11110.6729  sbar_dark_T4c_mid+1.5=21963.2617  sbar_dark_T4d_mid+1.5=12187.3867  sbar_dark_T5a_mid+1.5=60656.8789  sbar_dark_T5b_mid+1.5=69923.7422  sbar_dark_T5c_mid+1.5=57989.8984  sbar_dark_T5d_mid+1.5=54192.4609  sbar_dark_T4a_mid+1.5=16130.0117]:  57%|█████▋    | 570/1000 [06:13<04:45,  1.51it/s] Cost: 335443.5625  [spread_bright_L5=1393431.6250  spread_bright_Mi1=1070113.3750  spread_bright_Tm3=977104.3750  spread_bright_Mi4=1159918.2500  spread_dark_L1=800587.6875  spread_dark_L2=926731.7500  spread_dark_L3=1035648.1875  spread_dark_L4=2345901.5000  spread_dark_Mi9=626969.0625  spread_dark_Tm1=1141964.8750  spread_dark_Tm2=1125177.2500  spread_dark_Tm4=1356185.2500  spread_dark_Tm9=1134100.6250  sbar_bright_T4a_mid+0=366594.7188  sbar_bright_T4b_mid+0=288448.6250  sbar_bright_T4c_mid+0=331795.8750  sbar_bright_T4d_mid+0=331756.3438  sbar_bright_T5a_mid+0=185570.2188  sbar_bright_T5b_mid+0=224028.7812  sbar_bright_T5c_mid+0=243161.1094  sbar_bright_T5d_mid+0=194638.9062  sbar_bright_T4a_mid+1=227745.7188  sbar_bright_T4b_mid+1=234703.0000  sbar_bright_T4c_mid+1=262435.8438  sbar_bright_T4d_mid+1=259293.9844  sbar_bright_T5a_mid+1=125262.0156  sbar_bright_T5b_mid+1=126857.4453  sbar_bright_T5c_mid+1=147241.5938  sbar_bright_T5d_mid+1=129220.4922  sbar_bright_T4a_mid+2=84733.2969  sbar_bright_T4b_mid+2=127612.9688  sbar_bright_T4c_mid+2=103749.5625  sbar_bright_T4d_mid+2=94797.8594  sbar_bright_T5a_mid+2=165404.6719  sbar_bright_T5b_mid+2=150031.6875  sbar_bright_T5c_mid+2=175911.0781  sbar_bright_T5d_mid+2=173550.6250  sbar_bright_T4a_mid-1=1477807.2500  sbar_bright_T4b_mid-1=1152789.1250  sbar_bright_T4c_mid-1=1533616.3750  sbar_bright_T4d_mid-1=1733544.1250  sbar_bright_T5a_mid-1=479662.3438  sbar_bright_T5b_mid-1=490705.7500  sbar_bright_T5c_mid-1=537066.1875  sbar_bright_T5d_mid-1=497639.5312  sbar_bright_T4a_mid-2=288185.8438  sbar_bright_T4b_mid-2=286926.8438  sbar_bright_T4c_mid-2=290803.9062  sbar_bright_T4d_mid-2=287205.2500  sbar_bright_T5b_mid-2=76473.7109  sbar_bright_T5c_mid-2=86391.7734  sbar_bright_T5d_mid-2=82900.5078  sbar_bright_T5a_mid-2=77760.4844  sbar_bright_T4a_mid-1.5=174965.2344  sbar_bright_T4b_mid-1.5=160381.5469  sbar_bright_T4c_mid-1.5=153155.0156  sbar_bright_T4d_mid-1.5=214688.4844  sbar_bright_T5a_mid-1.5=112294.2344  sbar_bright_T5b_mid-1.5=108467.8594  sbar_bright_T5c_mid-1.5=106688.2188  sbar_bright_T5d_mid-1.5=100465.6094  sbar_bright_T4a_mid-0.5=824836.5625  sbar_bright_T4b_mid-0.5=838390.7500  sbar_bright_T4c_mid-0.5=1082121.6250  sbar_bright_T4d_mid-0.5=1050933.7500  sbar_bright_T5a_mid-0.5=185769.6094  sbar_bright_T5b_mid-0.5=172325.9219  sbar_bright_T5c_mid-0.5=192655.7344  sbar_bright_T5d_mid-0.5=184909.9375  sbar_bright_T4a_mid+0.5=129586.9688  sbar_bright_T4b_mid+0.5=72549.7578  sbar_bright_T4c_mid+0.5=91668.2812  sbar_bright_T4d_mid+0.5=89071.9219  sbar_bright_T5a_mid+0.5=67584.9922  sbar_bright_T5b_mid+0.5=63467.7812  sbar_bright_T5c_mid+0.5=56591.9375  sbar_bright_T5d_mid+0.5=60691.1094  sbar_bright_T4b_mid+1.5=75540.1094  sbar_bright_T4c_mid+1.5=103056.7344  sbar_bright_T4d_mid+1.5=65296.9336  sbar_bright_T5a_mid+1.5=42146.9727  sbar_bright_T5b_mid+1.5=43561.3438  sbar_bright_T5c_mid+1.5=41333.4453  sbar_bright_T5d_mid+1.5=37915.2773  sbar_bright_T4a_mid+1.5=76837.9219  sbar_dark_T4a_mid+0=74287.0391  sbar_dark_T4b_mid+0=57217.6914  sbar_dark_T4c_mid+0=69969.5625  sbar_dark_T4d_mid+0=57056.8672  sbar_dark_T5a_mid+0=292321.1875  sbar_dark_T5b_mid+0=230462.8281  sbar_dark_T5c_mid+0=260842.3906  sbar_dark_T5d_mid+0=299578.4375  sbar_dark_T4a_mid+1=37728.6055  sbar_dark_T4b_mid+1=26911.3477  sbar_dark_T4c_mid+1=45711.7070  sbar_dark_T4d_mid+1=38394.7461  sbar_dark_T5a_mid+1=275105.2812  sbar_dark_T5b_mid+1=245022.7656  sbar_dark_T5c_mid+1=225537.6406  sbar_dark_T5d_mid+1=166655.2812  sbar_dark_T4a_mid+2=60737.5938  sbar_dark_T4b_mid+2=47884.7344  sbar_dark_T4c_mid+2=85190.1094  sbar_dark_T4d_mid+2=53577.4883  sbar_dark_T5a_mid+2=228691.6562  sbar_dark_T5b_mid+2=249559.7969  sbar_dark_T5c_mid+2=203726.5000  sbar_dark_T5d_mid+2=209723.8594  sbar_dark_T4a_mid-1=293499.4062  sbar_dark_T4b_mid-1=176776.6719  sbar_dark_T4c_mid-1=188718.1562  sbar_dark_T4d_mid-1=193719.8438  sbar_dark_T5a_mid-1=1354722.6250  sbar_dark_T5b_mid-1=1106901.6250  sbar_dark_T5c_mid-1=1202992.2500  sbar_dark_T5d_mid-1=1354108.2500  sbar_dark_T4a_mid-2=142482.4375  sbar_dark_T4b_mid-2=117506.0234  sbar_dark_T4c_mid-2=151612.6250  sbar_dark_T4d_mid-2=132920.5000  sbar_dark_T5b_mid-2=710360.8125  sbar_dark_T5c_mid-2=617997.1875  sbar_dark_T5d_mid-2=703187.5625  sbar_dark_T5a_mid-2=697534.2500  sbar_dark_T4a_mid-1.5=37783.0469  sbar_dark_T4b_mid-1.5=47913.0430  sbar_dark_T4c_mid-1.5=54576.2617  sbar_dark_T4d_mid-1.5=29321.5098  sbar_dark_T5a_mid-1.5=227573.9844  sbar_dark_T5b_mid-1.5=260898.0312  sbar_dark_T5c_mid-1.5=213581.5000  sbar_dark_T5d_mid-1.5=210241.5000  sbar_dark_T4a_mid-0.5=27224.9941  sbar_dark_T4b_mid-0.5=64907.4531  sbar_dark_T4c_mid-0.5=57402.5000  sbar_dark_T4d_mid-0.5=52509.0000  sbar_dark_T5a_mid-0.5=466682.1875  sbar_dark_T5b_mid-0.5=599331.2500  sbar_dark_T5c_mid-0.5=427868.5625  sbar_dark_T5d_mid-0.5=513431.4062  sbar_dark_T4a_mid+0.5=15389.6016  sbar_dark_T4b_mid+0.5=10690.4189  sbar_dark_T4c_mid+0.5=22763.5117  sbar_dark_T4d_mid+0.5=25153.8574  sbar_dark_T5a_mid+0.5=85205.0078  sbar_dark_T5b_mid+0.5=86756.0781  sbar_dark_T5c_mid+0.5=58015.7031  sbar_dark_T5d_mid+0.5=72067.2734  sbar_dark_T4b_mid+1.5=11927.2500  sbar_dark_T4c_mid+1.5=22995.1738  sbar_dark_T4d_mid+1.5=12794.4268  sbar_dark_T5a_mid+1.5=59455.6914  sbar_dark_T5b_mid+1.5=68507.0312  sbar_dark_T5c_mid+1.5=56860.6797  sbar_dark_T5d_mid+1.5=53074.5234  sbar_dark_T4a_mid+1.5=16997.2988]:  58%|█████▊    | 580/1000 [06:20<04:37,  1.52it/s] Cost: 334806.0312  [spread_bright_L5=1392005.5000  spread_bright_Mi1=1048626.2500  spread_bright_Tm3=978497.5625  spread_bright_Mi4=1155193.0000  spread_dark_L1=804639.0625  spread_dark_L2=921744.0625  spread_dark_L3=1028530.9375  spread_dark_L4=2348082.7500  spread_dark_Mi9=616770.3750  spread_dark_Tm1=1122093.3750  spread_dark_Tm2=1118731.1250  spread_dark_Tm4=1353085.0000  spread_dark_Tm9=1127383.3750  sbar_bright_T4a_mid+0=357941.9062  sbar_bright_T4b_mid+0=285454.0312  sbar_bright_T4c_mid+0=331818.5625  sbar_bright_T4d_mid+0=330146.5625  sbar_bright_T5a_mid+0=184152.4062  sbar_bright_T5b_mid+0=224843.5156  sbar_bright_T5c_mid+0=242762.1406  sbar_bright_T5d_mid+0=191866.7969  sbar_bright_T4a_mid+1=226301.0625  sbar_bright_T4b_mid+1=239027.6562  sbar_bright_T4c_mid+1=262888.8438  sbar_bright_T4d_mid+1=259047.7969  sbar_bright_T5a_mid+1=124975.9453  sbar_bright_T5b_mid+1=127673.3438  sbar_bright_T5c_mid+1=147158.7969  sbar_bright_T5d_mid+1=127762.1016  sbar_bright_T4a_mid+2=85827.1797  sbar_bright_T4b_mid+2=129957.3828  sbar_bright_T4c_mid+2=104475.5391  sbar_bright_T4d_mid+2=96500.3906  sbar_bright_T5a_mid+2=164933.2656  sbar_bright_T5b_mid+2=149473.9688  sbar_bright_T5c_mid+2=173419.4062  sbar_bright_T5d_mid+2=171832.8438  sbar_bright_T4a_mid-1=1490038.3750  sbar_bright_T4b_mid-1=1148136.5000  sbar_bright_T4c_mid-1=1538328.0000  sbar_bright_T4d_mid-1=1736947.2500  sbar_bright_T5a_mid-1=478050.2500  sbar_bright_T5b_mid-1=491371.6875  sbar_bright_T5c_mid-1=536443.3125  sbar_bright_T5d_mid-1=493687.9688  sbar_bright_T4a_mid-2=292258.9062  sbar_bright_T4b_mid-2=286088.8438  sbar_bright_T4c_mid-2=291346.6562  sbar_bright_T4d_mid-2=287994.6875  sbar_bright_T5b_mid-2=75920.6875  sbar_bright_T5c_mid-2=85485.6094  sbar_bright_T5d_mid-2=81489.3047  sbar_bright_T5a_mid-2=77096.1797  sbar_bright_T4a_mid-1.5=176092.9062  sbar_bright_T4b_mid-1.5=160942.1250  sbar_bright_T4c_mid-1.5=154079.2031  sbar_bright_T4d_mid-1.5=214951.3438  sbar_bright_T5a_mid-1.5=111784.3906  sbar_bright_T5b_mid-1.5=107994.3594  sbar_bright_T5c_mid-1.5=105817.3516  sbar_bright_T5d_mid-1.5=99675.3203  sbar_bright_T4a_mid-0.5=832986.1875  sbar_bright_T4b_mid-0.5=837752.1875  sbar_bright_T4c_mid-0.5=1084416.1250  sbar_bright_T4d_mid-0.5=1052163.2500  sbar_bright_T5a_mid-0.5=184844.8750  sbar_bright_T5b_mid-0.5=171860.3906  sbar_bright_T5c_mid-0.5=191316.0000  sbar_bright_T5d_mid-0.5=182866.0312  sbar_bright_T4a_mid+0.5=131363.5938  sbar_bright_T4b_mid+0.5=73025.5000  sbar_bright_T4c_mid+0.5=92361.0781  sbar_bright_T4d_mid+0.5=89547.6875  sbar_bright_T5a_mid+0.5=67130.6406  sbar_bright_T5b_mid+0.5=63527.5117  sbar_bright_T5c_mid+0.5=55690.6250  sbar_bright_T5d_mid+0.5=59876.5586  sbar_bright_T4b_mid+1.5=77774.1875  sbar_bright_T4c_mid+1.5=102712.1641  sbar_bright_T4d_mid+1.5=64910.2852  sbar_bright_T5a_mid+1.5=41651.6562  sbar_bright_T5b_mid+1.5=43356.6562  sbar_bright_T5c_mid+1.5=40745.1367  sbar_bright_T5d_mid+1.5=37391.7969  sbar_bright_T4a_mid+1.5=76631.7656  sbar_dark_T4a_mid+0=72662.1094  sbar_dark_T4b_mid+0=58628.8633  sbar_dark_T4c_mid+0=70187.4531  sbar_dark_T4d_mid+0=57385.9180  sbar_dark_T5a_mid+0=293860.0938  sbar_dark_T5b_mid+0=236205.9688  sbar_dark_T5c_mid+0=266301.5625  sbar_dark_T5d_mid+0=292870.5000  sbar_dark_T4a_mid+1=35739.3477  sbar_dark_T4b_mid+1=27435.2539  sbar_dark_T4c_mid+1=45170.8867  sbar_dark_T4d_mid+1=37767.5859  sbar_dark_T5a_mid+1=275106.6562  sbar_dark_T5b_mid+1=245842.6719  sbar_dark_T5c_mid+1=230368.3594  sbar_dark_T5d_mid+1=167457.6406  sbar_dark_T4a_mid+2=59819.1680  sbar_dark_T4b_mid+2=48697.8359  sbar_dark_T4c_mid+2=84698.8516  sbar_dark_T4d_mid+2=54973.0469  sbar_dark_T5a_mid+2=228857.6406  sbar_dark_T5b_mid+2=249755.3125  sbar_dark_T5c_mid+2=205656.5312  sbar_dark_T5d_mid+2=211532.8125  sbar_dark_T4a_mid-1=290326.6562  sbar_dark_T4b_mid-1=176718.9219  sbar_dark_T4c_mid-1=187553.0156  sbar_dark_T4d_mid-1=193132.5312  sbar_dark_T5a_mid-1=1352296.5000  sbar_dark_T5b_mid-1=1098417.6250  sbar_dark_T5c_mid-1=1194951.5000  sbar_dark_T5d_mid-1=1360196.5000  sbar_dark_T4a_mid-2=138051.7031  sbar_dark_T4b_mid-2=119253.5703  sbar_dark_T4c_mid-2=151162.4531  sbar_dark_T4d_mid-2=132460.3750  sbar_dark_T5b_mid-2=705145.5625  sbar_dark_T5c_mid-2=612615.8750  sbar_dark_T5d_mid-2=705246.6875  sbar_dark_T5a_mid-2=694398.7500  sbar_dark_T4a_mid-1.5=36896.5156  sbar_dark_T4b_mid-1.5=48336.4375  sbar_dark_T4c_mid-1.5=54212.1797  sbar_dark_T4d_mid-1.5=29247.1387  sbar_dark_T5a_mid-1.5=227190.1406  sbar_dark_T5b_mid-1.5=259542.2031  sbar_dark_T5c_mid-1.5=211375.6875  sbar_dark_T5d_mid-1.5=210987.8125  sbar_dark_T4a_mid-0.5=26668.5898  sbar_dark_T4b_mid-0.5=65321.0781  sbar_dark_T4c_mid-0.5=56908.0000  sbar_dark_T4d_mid-0.5=52267.8750  sbar_dark_T5a_mid-0.5=466547.3125  sbar_dark_T5b_mid-0.5=595881.8125  sbar_dark_T5c_mid-0.5=426165.3438  sbar_dark_T5d_mid-0.5=517729.8750  sbar_dark_T4a_mid+0.5=14788.4668  sbar_dark_T4b_mid+0.5=10329.5439  sbar_dark_T4c_mid+0.5=22700.9375  sbar_dark_T4d_mid+0.5=24817.0371  sbar_dark_T5a_mid+0.5=84491.5625  sbar_dark_T5b_mid+0.5=86231.9375  sbar_dark_T5c_mid+0.5=56885.4492  sbar_dark_T5d_mid+0.5=72043.1484  sbar_dark_T4b_mid+1.5=12145.0977  sbar_dark_T4c_mid+1.5=22688.6914  sbar_dark_T4d_mid+1.5=12607.6592  sbar_dark_T5a_mid+1.5=59826.9141  sbar_dark_T5b_mid+1.5=69126.5312  sbar_dark_T5c_mid+1.5=57994.1484  sbar_dark_T5d_mid+1.5=53555.8945  sbar_dark_T4a_mid+1.5=16575.1992]:   59%|█████▉    | 590/1000 [06:26<04:30,  1.52it/s] Cost: 334243.6250  [spread_bright_L5=1388817.0000  spread_bright_Mi1=1044567.0000  spread_bright_Tm3=966435.5625  spread_bright_Mi4=1158757.7500  spread_dark_L1=801045.8125  spread_dark_L2=924425.0625  spread_dark_L3=1027215.3125  spread_dark_L4=2326640.2500  spread_dark_Mi9=611694.7500  spread_dark_Tm1=1111730.7500  spread_dark_Tm2=1104354.6250  spread_dark_Tm4=1348686.6250  spread_dark_Tm9=1129749.6250  sbar_bright_T4a_mid+0=346125.1250  sbar_bright_T4b_mid+0=282441.4375  sbar_bright_T4c_mid+0=328168.9062  sbar_bright_T4d_mid+0=325580.8125  sbar_bright_T5a_mid+0=183617.0938  sbar_bright_T5b_mid+0=225277.7031  sbar_bright_T5c_mid+0=240864.3438  sbar_bright_T5d_mid+0=192051.1562  sbar_bright_T4a_mid+1=230501.9688  sbar_bright_T4b_mid+1=239409.8125  sbar_bright_T4c_mid+1=263042.4375  sbar_bright_T4d_mid+1=259682.6562  sbar_bright_T5a_mid+1=126101.8984  sbar_bright_T5b_mid+1=128851.1641  sbar_bright_T5c_mid+1=146074.8281  sbar_bright_T5d_mid+1=128223.4375  sbar_bright_T4a_mid+2=89237.7422  sbar_bright_T4b_mid+2=130708.0078  sbar_bright_T4c_mid+2=102655.9297  sbar_bright_T4d_mid+2=95149.7188  sbar_bright_T5a_mid+2=166774.0000  sbar_bright_T5b_mid+2=151522.8750  sbar_bright_T5c_mid+2=174644.8281  sbar_bright_T5d_mid+2=172758.7812  sbar_bright_T4a_mid-1=1482879.0000  sbar_bright_T4b_mid-1=1145121.0000  sbar_bright_T4c_mid-1=1541873.7500  sbar_bright_T4d_mid-1=1739203.7500  sbar_bright_T5a_mid-1=479173.6875  sbar_bright_T5b_mid-1=493535.2500  sbar_bright_T5c_mid-1=533661.1875  sbar_bright_T5d_mid-1=495300.7500  sbar_bright_T4a_mid-2=288082.0312  sbar_bright_T4b_mid-2=286916.0938  sbar_bright_T4c_mid-2=291764.1250  sbar_bright_T4d_mid-2=288767.5938  sbar_bright_T5b_mid-2=76868.2500  sbar_bright_T5c_mid-2=85037.3516  sbar_bright_T5d_mid-2=81934.7031  sbar_bright_T5a_mid-2=77842.9219  sbar_bright_T4a_mid-1.5=173988.2344  sbar_bright_T4b_mid-1.5=160695.6406  sbar_bright_T4c_mid-1.5=154671.0469  sbar_bright_T4d_mid-1.5=214784.3281  sbar_bright_T5a_mid-1.5=112388.4531  sbar_bright_T5b_mid-1.5=108770.9375  sbar_bright_T5c_mid-1.5=105914.9766  sbar_bright_T5d_mid-1.5=100078.4609  sbar_bright_T4a_mid-0.5=828415.4375  sbar_bright_T4b_mid-0.5=836836.7500  sbar_bright_T4c_mid-0.5=1084119.0000  sbar_bright_T4d_mid-0.5=1053435.7500  sbar_bright_T5a_mid-0.5=184822.9062  sbar_bright_T5b_mid-0.5=172240.0000  sbar_bright_T5c_mid-0.5=190536.3438  sbar_bright_T5d_mid-0.5=183165.5781  sbar_bright_T4a_mid+0.5=131605.5469  sbar_bright_T4b_mid+0.5=73100.4062  sbar_bright_T4c_mid+0.5=91820.9219  sbar_bright_T4d_mid+0.5=89326.3516  sbar_bright_T5a_mid+0.5=67353.4531  sbar_bright_T5b_mid+0.5=63909.4141  sbar_bright_T5c_mid+0.5=55101.2266  sbar_bright_T5d_mid+0.5=59787.3711  sbar_bright_T4b_mid+1.5=77288.5938  sbar_bright_T4c_mid+1.5=102376.9141  sbar_bright_T4d_mid+1.5=65588.9531  sbar_bright_T5a_mid+1.5=42441.9102  sbar_bright_T5b_mid+1.5=43956.2891  sbar_bright_T5c_mid+1.5=41124.6875  sbar_bright_T5d_mid+1.5=37792.2969  sbar_bright_T4a_mid+1.5=77515.3203  sbar_dark_T4a_mid+0=72635.0703  sbar_dark_T4b_mid+0=58509.6523  sbar_dark_T4c_mid+0=70376.1797  sbar_dark_T4d_mid+0=57145.4766  sbar_dark_T5a_mid+0=290191.3125  sbar_dark_T5b_mid+0=232879.5312  sbar_dark_T5c_mid+0=261403.1406  sbar_dark_T5d_mid+0=300133.0312  sbar_dark_T4a_mid+1=36741.5117  sbar_dark_T4b_mid+1=27414.7891  sbar_dark_T4c_mid+1=45487.7383  sbar_dark_T4d_mid+1=37951.7031  sbar_dark_T5a_mid+1=271487.0000  sbar_dark_T5b_mid+1=242780.0000  sbar_dark_T5c_mid+1=226113.9062  sbar_dark_T5d_mid+1=166649.6562  sbar_dark_T4a_mid+2=61425.1133  sbar_dark_T4b_mid+2=48869.9375  sbar_dark_T4c_mid+2=86336.0625  sbar_dark_T4d_mid+2=54033.7422  sbar_dark_T5a_mid+2=225975.7812  sbar_dark_T5b_mid+2=245944.3594  sbar_dark_T5c_mid+2=204024.0938  sbar_dark_T5d_mid+2=209201.7656  sbar_dark_T4a_mid-1=295724.4062  sbar_dark_T4b_mid-1=176366.4219  sbar_dark_T4c_mid-1=187333.2969  sbar_dark_T4d_mid-1=193718.0312  sbar_dark_T5a_mid-1=1354339.2500  sbar_dark_T5b_mid-1=1098183.0000  sbar_dark_T5c_mid-1=1204316.0000  sbar_dark_T5d_mid-1=1356538.8750  sbar_dark_T4a_mid-2=141511.2969  sbar_dark_T4b_mid-2=117711.3750  sbar_dark_T4c_mid-2=150829.0469  sbar_dark_T4d_mid-2=132431.1562  sbar_dark_T5b_mid-2=703553.7500  sbar_dark_T5c_mid-2=617710.3750  sbar_dark_T5d_mid-2=703812.8750  sbar_dark_T5a_mid-2=694274.4375  sbar_dark_T4a_mid-1.5=37931.9375  sbar_dark_T4b_mid-1.5=48093.7812  sbar_dark_T4c_mid-1.5=53952.3086  sbar_dark_T4d_mid-1.5=29495.5625  sbar_dark_T5a_mid-1.5=228119.7500  sbar_dark_T5b_mid-1.5=260261.9219  sbar_dark_T5c_mid-1.5=213426.8281  sbar_dark_T5d_mid-1.5=211078.5938  sbar_dark_T4a_mid-0.5=26805.5410  sbar_dark_T4b_mid-0.5=64999.8008  sbar_dark_T4c_mid-0.5=57258.8906  sbar_dark_T4d_mid-0.5=52360.4258  sbar_dark_T5a_mid-0.5=468039.6875  sbar_dark_T5b_mid-0.5=597516.0625  sbar_dark_T5c_mid-0.5=429141.5625  sbar_dark_T5d_mid-0.5=516421.6875  sbar_dark_T4a_mid+0.5=15410.2148  sbar_dark_T4b_mid+0.5=10028.1943  sbar_dark_T4c_mid+0.5=22894.5098  sbar_dark_T4d_mid+0.5=25087.6699  sbar_dark_T5a_mid+0.5=83823.3125  sbar_dark_T5b_mid+0.5=84861.8203  sbar_dark_T5c_mid+0.5=57583.0703  sbar_dark_T5d_mid+0.5=72074.1250  sbar_dark_T4b_mid+1.5=11894.4844  sbar_dark_T4c_mid+1.5=22491.5352  sbar_dark_T4d_mid+1.5=12756.6719  sbar_dark_T5a_mid+1.5=58792.1445  sbar_dark_T5b_mid+1.5=68065.0625  sbar_dark_T5c_mid+1.5=57043.8516  sbar_dark_T5d_mid+1.5=53346.0781  sbar_dark_T4a_mid+1.5=16635.0547]:  60%|██████    | 600/1000 [06:33<04:25,  1.51it/s] Cost: 333761.9688  [spread_bright_L5=1377701.2500  spread_bright_Mi1=1039055.2500  spread_bright_Tm3=959732.6875  spread_bright_Mi4=1149583.6250  spread_dark_L1=806820.7500  spread_dark_L2=938431.9375  spread_dark_L3=1024061.1875  spread_dark_L4=2322849.7500  spread_dark_Mi9=606468.0625  spread_dark_Tm1=1089200.7500  spread_dark_Tm2=1106117.7500  spread_dark_Tm4=1337878.6250  spread_dark_Tm9=1129016.2500  sbar_bright_T4a_mid+0=354230.9062  sbar_bright_T4b_mid+0=281018.1562  sbar_bright_T4c_mid+0=329204.4688  sbar_bright_T4d_mid+0=326336.3438  sbar_bright_T5a_mid+0=180352.1562  sbar_bright_T5b_mid+0=218572.2344  sbar_bright_T5c_mid+0=235527.4844  sbar_bright_T5d_mid+0=189296.6094  sbar_bright_T4a_mid+1=229248.3906  sbar_bright_T4b_mid+1=237387.6406  sbar_bright_T4c_mid+1=261607.7188  sbar_bright_T4d_mid+1=258992.7969  sbar_bright_T5a_mid+1=124866.9922  sbar_bright_T5b_mid+1=127058.4844  sbar_bright_T5c_mid+1=142502.8438  sbar_bright_T5d_mid+1=127047.9219  sbar_bright_T4a_mid+2=87386.7734  sbar_bright_T4b_mid+2=127977.0703  sbar_bright_T4c_mid+2=102292.2422  sbar_bright_T4d_mid+2=95119.3594  sbar_bright_T5a_mid+2=168114.0781  sbar_bright_T5b_mid+2=153052.4844  sbar_bright_T5c_mid+2=174623.1875  sbar_bright_T5d_mid+2=173300.7500  sbar_bright_T4a_mid-1=1486517.8750  sbar_bright_T4b_mid-1=1153045.5000  sbar_bright_T4c_mid-1=1545180.1250  sbar_bright_T4d_mid-1=1738043.0000  sbar_bright_T5a_mid-1=476469.3438  sbar_bright_T5b_mid-1=488003.9062  sbar_bright_T5c_mid-1=528511.6250  sbar_bright_T5d_mid-1=492142.5625  sbar_bright_T4a_mid-2=292606.5000  sbar_bright_T4b_mid-2=288229.7188  sbar_bright_T4c_mid-2=294401.0938  sbar_bright_T4d_mid-2=289135.9062  sbar_bright_T5b_mid-2=74937.5078  sbar_bright_T5c_mid-2=82649.2812  sbar_bright_T5d_mid-2=80175.1406  sbar_bright_T5a_mid-2=76549.4922  sbar_bright_T4a_mid-1.5=175201.7812  sbar_bright_T4b_mid-1.5=161940.3906  sbar_bright_T4c_mid-1.5=155019.9688  sbar_bright_T4d_mid-1.5=215583.2344  sbar_bright_T5a_mid-1.5=112252.2344  sbar_bright_T5b_mid-1.5=108835.0312  sbar_bright_T5c_mid-1.5=105150.6484  sbar_bright_T5d_mid-1.5=99673.1875  sbar_bright_T4a_mid-0.5=826015.5000  sbar_bright_T4b_mid-0.5=838040.1250  sbar_bright_T4c_mid-0.5=1085145.7500  sbar_bright_T4d_mid-0.5=1054679.1250  sbar_bright_T5a_mid-0.5=183509.8750  sbar_bright_T5b_mid-0.5=171468.4688  sbar_bright_T5c_mid-0.5=188549.0469  sbar_bright_T5d_mid-0.5=182064.5625  sbar_bright_T4a_mid+0.5=131912.7031  sbar_bright_T4b_mid+0.5=72530.4453  sbar_bright_T4c_mid+0.5=91585.1875  sbar_bright_T4d_mid+0.5=88881.1953  sbar_bright_T5a_mid+0.5=66669.8047  sbar_bright_T5b_mid+0.5=63133.0156  sbar_bright_T5c_mid+0.5=54302.3438  sbar_bright_T5d_mid+0.5=58847.2266  sbar_bright_T4b_mid+1.5=77285.5859  sbar_bright_T4c_mid+1.5=102614.9922  sbar_bright_T4d_mid+1.5=65636.7109  sbar_bright_T5a_mid+1.5=42757.0664  sbar_bright_T5b_mid+1.5=43838.2383  sbar_bright_T5c_mid+1.5=40970.8438  sbar_bright_T5d_mid+1.5=37462.2578  sbar_bright_T4a_mid+1.5=76845.6875  sbar_dark_T4a_mid+0=73606.0781  sbar_dark_T4b_mid+0=60236.1953  sbar_dark_T4c_mid+0=70887.7656  sbar_dark_T4d_mid+0=58219.0508  sbar_dark_T5a_mid+0=283201.3125  sbar_dark_T5b_mid+0=221316.6875  sbar_dark_T5c_mid+0=256229.6406  sbar_dark_T5d_mid+0=296886.4062  sbar_dark_T4a_mid+1=35141.0820  sbar_dark_T4b_mid+1=27386.7969  sbar_dark_T4c_mid+1=45256.6719  sbar_dark_T4d_mid+1=37323.2578  sbar_dark_T5a_mid+1=267356.8125  sbar_dark_T5b_mid+1=238813.9531  sbar_dark_T5c_mid+1=224286.5000  sbar_dark_T5d_mid+1=167235.8594  sbar_dark_T4a_mid+2=59795.9766  sbar_dark_T4b_mid+2=48253.7305  sbar_dark_T4c_mid+2=84078.8438  sbar_dark_T4d_mid+2=54289.0625  sbar_dark_T5a_mid+2=225880.7031  sbar_dark_T5b_mid+2=245318.5781  sbar_dark_T5c_mid+2=206484.2188  sbar_dark_T5d_mid+2=212239.8281  sbar_dark_T4a_mid-1=292659.9062  sbar_dark_T4b_mid-1=175373.8281  sbar_dark_T4c_mid-1=186624.7812  sbar_dark_T4d_mid-1=194316.3906  sbar_dark_T5a_mid-1=1362911.6250  sbar_dark_T5b_mid-1=1106160.5000  sbar_dark_T5c_mid-1=1208982.1250  sbar_dark_T5d_mid-1=1362545.8750  sbar_dark_T4a_mid-2=138112.7812  sbar_dark_T4b_mid-2=115475.3281  sbar_dark_T4c_mid-2=148165.7656  sbar_dark_T4d_mid-2=132050.3125  sbar_dark_T5b_mid-2=709106.2500  sbar_dark_T5c_mid-2=620691.3125  sbar_dark_T5d_mid-2=704823.5625  sbar_dark_T5a_mid-2=694852.9375  sbar_dark_T4a_mid-1.5=37023.5703  sbar_dark_T4b_mid-1.5=46901.1016  sbar_dark_T4c_mid-1.5=53632.6602  sbar_dark_T4d_mid-1.5=28963.2148  sbar_dark_T5a_mid-1.5=230393.7656  sbar_dark_T5b_mid-1.5=262012.3594  sbar_dark_T5c_mid-1.5=214708.8750  sbar_dark_T5d_mid-1.5=211821.5312  sbar_dark_T4a_mid-0.5=27147.5410  sbar_dark_T4b_mid-0.5=65108.9258  sbar_dark_T4c_mid-0.5=57179.2109  sbar_dark_T4d_mid-0.5=52557.7695  sbar_dark_T5a_mid-0.5=473308.5938  sbar_dark_T5b_mid-0.5=605368.2500  sbar_dark_T5c_mid-0.5=434482.6875  sbar_dark_T5d_mid-0.5=521523.2812  sbar_dark_T4a_mid+0.5=15070.0859  sbar_dark_T4b_mid+0.5=9837.0166  sbar_dark_T4c_mid+0.5=23243.0039  sbar_dark_T4d_mid+0.5=24336.5391  sbar_dark_T5a_mid+0.5=84214.7734  sbar_dark_T5b_mid+0.5=84939.6797  sbar_dark_T5c_mid+0.5=58024.2539  sbar_dark_T5d_mid+0.5=71653.3672  sbar_dark_T4b_mid+1.5=12110.9453  sbar_dark_T4c_mid+1.5=22693.3086  sbar_dark_T4d_mid+1.5=12913.7754  sbar_dark_T5a_mid+1.5=57735.4883  sbar_dark_T5b_mid+1.5=66278.8359  sbar_dark_T5c_mid+1.5=56579.7422  sbar_dark_T5d_mid+1.5=52663.1094  sbar_dark_T4a_mid+1.5=16593.1660]:    61%|██████    | 610/1000 [06:39<04:17,  1.51it/s] Cost: 334904.7812  [spread_bright_L5=1352993.6250  spread_bright_Mi1=1036794.4375  spread_bright_Tm3=948594.6875  spread_bright_Mi4=1148053.1250  spread_dark_L1=833916.4375  spread_dark_L2=950325.3125  spread_dark_L3=1017296.3750  spread_dark_L4=2421022.7500  spread_dark_Mi9=602157.6875  spread_dark_Tm1=1138275.6250  spread_dark_Tm2=1107960.0000  spread_dark_Tm4=1379337.7500  spread_dark_Tm9=1077842.6250  sbar_bright_T4a_mid+0=374384.0000  sbar_bright_T4b_mid+0=288477.3125  sbar_bright_T4c_mid+0=336859.2500  sbar_bright_T4d_mid+0=332936.8125  sbar_bright_T5a_mid+0=182209.6094  sbar_bright_T5b_mid+0=219707.8438  sbar_bright_T5c_mid+0=233225.2188  sbar_bright_T5d_mid+0=187878.7812  sbar_bright_T4a_mid+1=229111.2500  sbar_bright_T4b_mid+1=237052.3125  sbar_bright_T4c_mid+1=259306.5469  sbar_bright_T4d_mid+1=258263.6562  sbar_bright_T5a_mid+1=124022.5469  sbar_bright_T5b_mid+1=127395.7812  sbar_bright_T5c_mid+1=141215.1406  sbar_bright_T5d_mid+1=126482.8906  sbar_bright_T4a_mid+2=89876.3906  sbar_bright_T4b_mid+2=134986.8125  sbar_bright_T4c_mid+2=103111.8750  sbar_bright_T4d_mid+2=96971.8203  sbar_bright_T5a_mid+2=172442.7969  sbar_bright_T5b_mid+2=156916.6250  sbar_bright_T5c_mid+2=177990.3906  sbar_bright_T5d_mid+2=178676.5938  sbar_bright_T4a_mid-1=1476768.8750  sbar_bright_T4b_mid-1=1151567.0000  sbar_bright_T4c_mid-1=1550545.3750  sbar_bright_T4d_mid-1=1739250.0000  sbar_bright_T5a_mid-1=479359.6562  sbar_bright_T5b_mid-1=491128.4062  sbar_bright_T5c_mid-1=527476.5000  sbar_bright_T5d_mid-1=486199.0938  sbar_bright_T4a_mid-2=290176.7812  sbar_bright_T4b_mid-2=288473.8750  sbar_bright_T4c_mid-2=296349.9375  sbar_bright_T4d_mid-2=290915.0625  sbar_bright_T5b_mid-2=75066.6328  sbar_bright_T5c_mid-2=81928.7188  sbar_bright_T5d_mid-2=79557.5391  sbar_bright_T5a_mid-2=76856.0859  sbar_bright_T4a_mid-1.5=171737.8750  sbar_bright_T4b_mid-1.5=161987.7344  sbar_bright_T4c_mid-1.5=154322.8750  sbar_bright_T4d_mid-1.5=217649.8750  sbar_bright_T5a_mid-1.5=113483.8359  sbar_bright_T5b_mid-1.5=109819.6953  sbar_bright_T5c_mid-1.5=106609.3594  sbar_bright_T5d_mid-1.5=100246.0703  sbar_bright_T4a_mid-0.5=808247.9375  sbar_bright_T4b_mid-0.5=825329.1250  sbar_bright_T4c_mid-0.5=1082471.7500  sbar_bright_T4d_mid-0.5=1050141.2500  sbar_bright_T5a_mid-0.5=183109.7500  sbar_bright_T5b_mid-0.5=173135.4531  sbar_bright_T5c_mid-0.5=189218.3906  sbar_bright_T5d_mid-0.5=181898.3438  sbar_bright_T4a_mid+0.5=130240.5312  sbar_bright_T4b_mid+0.5=71975.5312  sbar_bright_T4c_mid+0.5=92849.0625  sbar_bright_T4d_mid+0.5=88086.8438  sbar_bright_T5a_mid+0.5=66655.5547  sbar_bright_T5b_mid+0.5=64231.1875  sbar_bright_T5c_mid+0.5=54801.8672  sbar_bright_T5d_mid+0.5=56918.6211  sbar_bright_T4b_mid+1.5=80724.3047  sbar_bright_T4c_mid+1.5=104645.6250  sbar_bright_T4d_mid+1.5=66049.4219  sbar_bright_T5a_mid+1.5=43387.4844  sbar_bright_T5b_mid+1.5=44786.6562  sbar_bright_T5c_mid+1.5=41608.2383  sbar_bright_T5d_mid+1.5=36761.2461  sbar_bright_T4a_mid+1.5=79065.4766  sbar_dark_T4a_mid+0=82112.2344  sbar_dark_T4b_mid+0=60531.1992  sbar_dark_T4c_mid+0=70945.7734  sbar_dark_T4d_mid+0=59259.4258  sbar_dark_T5a_mid+0=239081.8906  sbar_dark_T5b_mid+0=191007.4062  sbar_dark_T5c_mid+0=222289.5938  sbar_dark_T5d_mid+0=258102.3750  sbar_dark_T4a_mid+1=32504.7129  sbar_dark_T4b_mid+1=26675.2773  sbar_dark_T4c_mid+1=44594.2773  sbar_dark_T4d_mid+1=37646.1992  sbar_dark_T5a_mid+1=251142.7500  sbar_dark_T5b_mid+1=234131.5938  sbar_dark_T5c_mid+1=208988.2500  sbar_dark_T5d_mid+1=164132.4688  sbar_dark_T4a_mid+2=62001.2422  sbar_dark_T4b_mid+2=49430.4414  sbar_dark_T4c_mid+2=84935.1406  sbar_dark_T4d_mid+2=55206.6641  sbar_dark_T5a_mid+2=223895.3125  sbar_dark_T5b_mid+2=239299.8438  sbar_dark_T5c_mid+2=205906.9375  sbar_dark_T5d_mid+2=215630.7500  sbar_dark_T4a_mid-1=288235.0625  sbar_dark_T4b_mid-1=172438.0469  sbar_dark_T4c_mid-1=184210.9375  sbar_dark_T4d_mid-1=191485.2344  sbar_dark_T5a_mid-1=1384018.7500  sbar_dark_T5b_mid-1=1108092.6250  sbar_dark_T5c_mid-1=1219101.2500  sbar_dark_T5d_mid-1=1403572.3750  sbar_dark_T4a_mid-2=140616.8281  sbar_dark_T4b_mid-2=115226.6719  sbar_dark_T4c_mid-2=145277.3750  sbar_dark_T4d_mid-2=141966.2188  sbar_dark_T5b_mid-2=718646.3750  sbar_dark_T5c_mid-2=642774.2500  sbar_dark_T5d_mid-2=729900.3750  sbar_dark_T5a_mid-2=705138.6250  sbar_dark_T4a_mid-1.5=36987.1367  sbar_dark_T4b_mid-1.5=46262.9609  sbar_dark_T4c_mid-1.5=53559.7812  sbar_dark_T4d_mid-1.5=28313.0859  sbar_dark_T5a_mid-1.5=235486.8281  sbar_dark_T5b_mid-1.5=263101.1875  sbar_dark_T5c_mid-1.5=219049.3125  sbar_dark_T5d_mid-1.5=217336.9531  sbar_dark_T4a_mid-0.5=26768.1836  sbar_dark_T4b_mid-0.5=64580.3125  sbar_dark_T4c_mid-0.5=56189.9805  sbar_dark_T4d_mid-0.5=50679.8828  sbar_dark_T5a_mid-0.5=485668.3750  sbar_dark_T5b_mid-0.5=609294.6250  sbar_dark_T5c_mid-0.5=448077.0000  sbar_dark_T5d_mid-0.5=543553.3125  sbar_dark_T4a_mid+0.5=14558.8896  sbar_dark_T4b_mid+0.5=9588.1758  sbar_dark_T4c_mid+0.5=22976.9746  sbar_dark_T4d_mid+0.5=24526.2969  sbar_dark_T5a_mid+0.5=85001.8047  sbar_dark_T5b_mid+0.5=85116.9375  sbar_dark_T5c_mid+0.5=62234.1680  sbar_dark_T5d_mid+0.5=69703.9766  sbar_dark_T4b_mid+1.5=13170.7686  sbar_dark_T4c_mid+1.5=23457.4023  sbar_dark_T4d_mid+1.5=12925.7607  sbar_dark_T5a_mid+1.5=56150.3984  sbar_dark_T5b_mid+1.5=64768.3516  sbar_dark_T5c_mid+1.5=55358.1133  sbar_dark_T5d_mid+1.5=49662.9375  sbar_dark_T4a_mid+1.5=17891.4824]:  62%|██████▏   | 620/1000 [06:46<04:10,  1.51it/s] Cost: 333064.5000  [spread_bright_L5=1364183.3750  spread_bright_Mi1=1023048.9375  spread_bright_Tm3=966456.6875  spread_bright_Mi4=1152231.3750  spread_dark_L1=804442.0000  spread_dark_L2=933736.6250  spread_dark_L3=1018985.0000  spread_dark_L4=2353066.0000  spread_dark_Mi9=602356.1250  spread_dark_Tm1=1113081.6250  spread_dark_Tm2=1124628.2500  spread_dark_Tm4=1354389.7500  spread_dark_Tm9=1105131.2500  sbar_bright_T4a_mid+0=390260.2188  sbar_bright_T4b_mid+0=287195.6562  sbar_bright_T4c_mid+0=329002.7188  sbar_bright_T4d_mid+0=324981.9062  sbar_bright_T5a_mid+0=191148.7188  sbar_bright_T5b_mid+0=225745.3281  sbar_bright_T5c_mid+0=243225.5156  sbar_bright_T5d_mid+0=198069.5938  sbar_bright_T4a_mid+1=238038.6719  sbar_bright_T4b_mid+1=236567.2656  sbar_bright_T4c_mid+1=265623.0312  sbar_bright_T4d_mid+1=266067.3750  sbar_bright_T5a_mid+1=129921.4844  sbar_bright_T5b_mid+1=130195.1562  sbar_bright_T5c_mid+1=146078.1875  sbar_bright_T5d_mid+1=128905.0547  sbar_bright_T4a_mid+2=94388.8203  sbar_bright_T4b_mid+2=123292.2500  sbar_bright_T4c_mid+2=101423.8281  sbar_bright_T4d_mid+2=93815.1250  sbar_bright_T5a_mid+2=165397.4062  sbar_bright_T5b_mid+2=152331.6406  sbar_bright_T5c_mid+2=172276.5625  sbar_bright_T5d_mid+2=167653.5781  sbar_bright_T4a_mid-1=1436509.3750  sbar_bright_T4b_mid-1=1153037.7500  sbar_bright_T4c_mid-1=1537476.6250  sbar_bright_T4d_mid-1=1735975.1250  sbar_bright_T5a_mid-1=490118.7812  sbar_bright_T5b_mid-1=498596.2500  sbar_bright_T5c_mid-1=535162.2500  sbar_bright_T5d_mid-1=505597.0312  sbar_bright_T4a_mid-2=281786.2500  sbar_bright_T4b_mid-2=294428.0000  sbar_bright_T4c_mid-2=292900.6250  sbar_bright_T4d_mid-2=291759.6562  sbar_bright_T5b_mid-2=77576.7422  sbar_bright_T5c_mid-2=84589.2656  sbar_bright_T5d_mid-2=82505.8516  sbar_bright_T5a_mid-2=80547.2031  sbar_bright_T4a_mid-1.5=168538.2969  sbar_bright_T4b_mid-1.5=163530.0938  sbar_bright_T4c_mid-1.5=153889.6719  sbar_bright_T4d_mid-1.5=216440.5625  sbar_bright_T5a_mid-1.5=112352.3359  sbar_bright_T5b_mid-1.5=109188.6797  sbar_bright_T5c_mid-1.5=105848.6172  sbar_bright_T5d_mid-1.5=100143.5000  sbar_bright_T4a_mid-0.5=792626.6250  sbar_bright_T4b_mid-0.5=833905.5625  sbar_bright_T4c_mid-0.5=1078955.3750  sbar_bright_T4d_mid-0.5=1047716.9375  sbar_bright_T5a_mid-0.5=188280.8125  sbar_bright_T5b_mid-0.5=173070.0156  sbar_bright_T5c_mid-0.5=190097.5938  sbar_bright_T5d_mid-0.5=186808.2188  sbar_bright_T4a_mid+0.5=129513.5234  sbar_bright_T4b_mid+0.5=73861.4922  sbar_bright_T4c_mid+0.5=92922.0391  sbar_bright_T4d_mid+0.5=88916.6328  sbar_bright_T5a_mid+0.5=68496.6484  sbar_bright_T5b_mid+0.5=64449.9570  sbar_bright_T5c_mid+0.5=55617.7852  sbar_bright_T5d_mid+0.5=63509.2891  sbar_bright_T4b_mid+1.5=76226.7188  sbar_bright_T4c_mid+1.5=103207.1172  sbar_bright_T4d_mid+1.5=65840.8203  sbar_bright_T5a_mid+1.5=42930.9961  sbar_bright_T5b_mid+1.5=43429.7383  sbar_bright_T5c_mid+1.5=40356.6172  sbar_bright_T5d_mid+1.5=37734.9141  sbar_bright_T4a_mid+1.5=80984.9609  sbar_dark_T4a_mid+0=80766.5781  sbar_dark_T4b_mid+0=55872.0625  sbar_dark_T4c_mid+0=71056.9688  sbar_dark_T4d_mid+0=54346.8867  sbar_dark_T5a_mid+0=300027.8750  sbar_dark_T5b_mid+0=221273.1562  sbar_dark_T5c_mid+0=255098.0469  sbar_dark_T5d_mid+0=312630.5938  sbar_dark_T4a_mid+1=33570.4727  sbar_dark_T4b_mid+1=26346.7969  sbar_dark_T4c_mid+1=45958.4961  sbar_dark_T4d_mid+1=37040.9062  sbar_dark_T5a_mid+1=281230.9062  sbar_dark_T5b_mid+1=240414.8438  sbar_dark_T5c_mid+1=227697.6250  sbar_dark_T5d_mid+1=172994.6875  sbar_dark_T4a_mid+2=63909.8750  sbar_dark_T4b_mid+2=45393.1133  sbar_dark_T4c_mid+2=83363.8438  sbar_dark_T4d_mid+2=53087.0586  sbar_dark_T5a_mid+2=218889.7188  sbar_dark_T5b_mid+2=242986.7656  sbar_dark_T5c_mid+2=206220.0938  sbar_dark_T5d_mid+2=208454.1562  sbar_dark_T4a_mid-1=308005.0312  sbar_dark_T4b_mid-1=170437.9062  sbar_dark_T4c_mid-1=188362.5156  sbar_dark_T4d_mid-1=190240.2812  sbar_dark_T5a_mid-1=1321219.1250  sbar_dark_T5b_mid-1=1070925.6250  sbar_dark_T5c_mid-1=1192248.2500  sbar_dark_T5d_mid-1=1319499.7500  sbar_dark_T4a_mid-2=147437.9062  sbar_dark_T4b_mid-2=111609.7969  sbar_dark_T4c_mid-2=147252.5625  sbar_dark_T4d_mid-2=141403.6250  sbar_dark_T5b_mid-2=701476.0000  sbar_dark_T5c_mid-2=616858.1250  sbar_dark_T5d_mid-2=681521.8750  sbar_dark_T5a_mid-2=671292.0625  sbar_dark_T4a_mid-1.5=39618.1094  sbar_dark_T4b_mid-1.5=45397.7422  sbar_dark_T4c_mid-1.5=53865.0195  sbar_dark_T4d_mid-1.5=29628.0918  sbar_dark_T5a_mid-1.5=222684.8438  sbar_dark_T5b_mid-1.5=257727.6562  sbar_dark_T5c_mid-1.5=210086.2188  sbar_dark_T5d_mid-1.5=205263.9375  sbar_dark_T4a_mid-0.5=27588.8711  sbar_dark_T4b_mid-0.5=64307.9922  sbar_dark_T4c_mid-0.5=57642.7617  sbar_dark_T4d_mid-0.5=52067.3438  sbar_dark_T5a_mid-0.5=454990.2812  sbar_dark_T5b_mid-0.5=594294.5000  sbar_dark_T5c_mid-0.5=437893.8125  sbar_dark_T5d_mid-0.5=501102.8438  sbar_dark_T4a_mid+0.5=16494.3730  sbar_dark_T4b_mid+0.5=8941.0977  sbar_dark_T4c_mid+0.5=23485.9805  sbar_dark_T4d_mid+0.5=23552.2305  sbar_dark_T5a_mid+0.5=81057.6406  sbar_dark_T5b_mid+0.5=83353.0312  sbar_dark_T5c_mid+0.5=57612.6758  sbar_dark_T5d_mid+0.5=74689.5781  sbar_dark_T4b_mid+1.5=11335.5039  sbar_dark_T4c_mid+1.5=22568.7539  sbar_dark_T4d_mid+1.5=12310.1299  sbar_dark_T5a_mid+1.5=59555.4844  sbar_dark_T5b_mid+1.5=66280.0000  sbar_dark_T5c_mid+1.5=58119.0156  sbar_dark_T5d_mid+1.5=55772.9609  sbar_dark_T4a_mid+1.5=18117.6055]:  63%|██████▎   | 630/1000 [06:53<04:04,  1.51it/s] Cost: 332287.5625  [spread_bright_L5=1398419.2500  spread_bright_Mi1=999535.3125  spread_bright_Tm3=956197.3125  spread_bright_Mi4=1151184.2500  spread_dark_L1=818198.4375  spread_dark_L2=922350.8125  spread_dark_L3=1017962.1875  spread_dark_L4=2283561.2500  spread_dark_Mi9=604505.1250  spread_dark_Tm1=1063108.2500  spread_dark_Tm2=1108765.1250  spread_dark_Tm4=1336258.5000  spread_dark_Tm9=1122441.5000  sbar_bright_T4a_mid+0=372529.7812  sbar_bright_T4b_mid+0=277781.4688  sbar_bright_T4c_mid+0=324373.5625  sbar_bright_T4d_mid+0=318603.5312  sbar_bright_T5a_mid+0=181241.5625  sbar_bright_T5b_mid+0=224206.1875  sbar_bright_T5c_mid+0=238332.5312  sbar_bright_T5d_mid+0=189488.2969  sbar_bright_T4a_mid+1=234705.2500  sbar_bright_T4b_mid+1=245180.1875  sbar_bright_T4c_mid+1=263417.1250  sbar_bright_T4d_mid+1=265884.5625  sbar_bright_T5a_mid+1=124473.2109  sbar_bright_T5b_mid+1=129272.1484  sbar_bright_T5c_mid+1=142917.0625  sbar_bright_T5d_mid+1=124908.1094  sbar_bright_T4a_mid+2=88198.5703  sbar_bright_T4b_mid+2=130902.2578  sbar_bright_T4c_mid+2=98168.3359  sbar_bright_T4d_mid+2=94287.7422  sbar_bright_T5a_mid+2=169505.4688  sbar_bright_T5b_mid+2=153789.4219  sbar_bright_T5c_mid+2=171941.5938  sbar_bright_T5d_mid+2=171550.6875  sbar_bright_T4a_mid-1=1464233.5000  sbar_bright_T4b_mid-1=1134071.1250  sbar_bright_T4c_mid-1=1547248.2500  sbar_bright_T4d_mid-1=1731987.3750  sbar_bright_T5a_mid-1=476923.5312  sbar_bright_T5b_mid-1=494075.5938  sbar_bright_T5c_mid-1=528817.0000  sbar_bright_T5d_mid-1=491536.2188  sbar_bright_T4a_mid-2=291288.9375  sbar_bright_T4b_mid-2=283449.7812  sbar_bright_T4c_mid-2=292028.4062  sbar_bright_T4d_mid-2=287797.5938  sbar_bright_T5b_mid-2=76403.8828  sbar_bright_T5c_mid-2=82775.6562  sbar_bright_T5d_mid-2=80346.6953  sbar_bright_T5a_mid-2=77340.0859  sbar_bright_T4a_mid-1.5=173253.7031  sbar_bright_T4b_mid-1.5=160427.5156  sbar_bright_T4c_mid-1.5=156127.2812  sbar_bright_T4d_mid-1.5=214872.4844  sbar_bright_T5a_mid-1.5=112201.4062  sbar_bright_T5b_mid-1.5=109345.8047  sbar_bright_T5c_mid-1.5=105286.3750  sbar_bright_T5d_mid-1.5=99709.4766  sbar_bright_T4a_mid-0.5=806407.3750  sbar_bright_T4b_mid-0.5=821357.6875  sbar_bright_T4c_mid-0.5=1080252.8750  sbar_bright_T4d_mid-0.5=1044096.9375  sbar_bright_T5a_mid-0.5=183153.7188  sbar_bright_T5b_mid-0.5=172325.7344  sbar_bright_T5c_mid-0.5=189064.5469  sbar_bright_T5d_mid-0.5=181798.0469  sbar_bright_T4a_mid+0.5=132389.2656  sbar_bright_T4b_mid+0.5=71911.1953  sbar_bright_T4c_mid+0.5=92930.1875  sbar_bright_T4d_mid+0.5=88947.2891  sbar_bright_T5a_mid+0.5=66159.3125  sbar_bright_T5b_mid+0.5=64193.0156  sbar_bright_T5c_mid+0.5=54140.7070  sbar_bright_T5d_mid+0.5=59003.9531  sbar_bright_T4b_mid+1.5=80042.0547  sbar_bright_T4c_mid+1.5=101398.6406  sbar_bright_T4d_mid+1.5=66126.3203  sbar_bright_T5a_mid+1.5=42828.9219  sbar_bright_T5b_mid+1.5=43130.4414  sbar_bright_T5c_mid+1.5=40093.6719  sbar_bright_T5d_mid+1.5=36260.5938  sbar_bright_T4a_mid+1.5=76567.5859  sbar_dark_T4a_mid+0=74018.6328  sbar_dark_T4b_mid+0=60883.7969  sbar_dark_T4c_mid+0=70712.9609  sbar_dark_T4d_mid+0=54701.8320  sbar_dark_T5a_mid+0=271543.1875  sbar_dark_T5b_mid+0=231709.0469  sbar_dark_T5c_mid+0=267891.8125  sbar_dark_T5d_mid+0=294041.0000  sbar_dark_T4a_mid+1=31399.0684  sbar_dark_T4b_mid+1=29769.7773  sbar_dark_T4c_mid+1=45615.2305  sbar_dark_T4d_mid+1=37198.2656  sbar_dark_T5a_mid+1=259643.4219  sbar_dark_T5b_mid+1=236200.1562  sbar_dark_T5c_mid+1=228436.0312  sbar_dark_T5d_mid+1=166735.5625  sbar_dark_T4a_mid+2=58000.2695  sbar_dark_T4b_mid+2=50586.7383  sbar_dark_T4c_mid+2=79599.2969  sbar_dark_T4d_mid+2=53612.0352  sbar_dark_T5a_mid+2=220827.5312  sbar_dark_T5b_mid+2=241859.0625  sbar_dark_T5c_mid+2=207043.3281  sbar_dark_T5d_mid+2=213711.9688  sbar_dark_T4a_mid-1=294839.0938  sbar_dark_T4b_mid-1=175467.4062  sbar_dark_T4c_mid-1=187317.1094  sbar_dark_T4d_mid-1=192822.0312  sbar_dark_T5a_mid-1=1364367.0000  sbar_dark_T5b_mid-1=1064539.0000  sbar_dark_T5c_mid-1=1188358.2500  sbar_dark_T5d_mid-1=1361365.8750  sbar_dark_T4a_mid-2=140276.0938  sbar_dark_T4b_mid-2=123304.7656  sbar_dark_T4c_mid-2=147535.3438  sbar_dark_T4d_mid-2=143904.3438  sbar_dark_T5b_mid-2=702305.5000  sbar_dark_T5c_mid-2=625631.5625  sbar_dark_T5d_mid-2=710468.5000  sbar_dark_T5a_mid-2=696426.5000  sbar_dark_T4a_mid-1.5=37583.8008  sbar_dark_T4b_mid-1.5=48996.5977  sbar_dark_T4c_mid-1.5=52914.2695  sbar_dark_T4d_mid-1.5=30463.2715  sbar_dark_T5a_mid-1.5=230853.3594  sbar_dark_T5b_mid-1.5=257966.2812  sbar_dark_T5c_mid-1.5=213288.5625  sbar_dark_T5d_mid-1.5=210976.1094  sbar_dark_T4a_mid-0.5=28371.1133  sbar_dark_T4b_mid-0.5=67526.9219  sbar_dark_T4c_mid-0.5=56473.2031  sbar_dark_T4d_mid-0.5=52860.7695  sbar_dark_T5a_mid-0.5=478261.4062  sbar_dark_T5b_mid-0.5=595218.7500  sbar_dark_T5c_mid-0.5=434338.7500  sbar_dark_T5d_mid-0.5=519568.8125  sbar_dark_T4a_mid+0.5=15783.8691  sbar_dark_T4b_mid+0.5=9483.5381  sbar_dark_T4c_mid+0.5=22971.1641  sbar_dark_T4d_mid+0.5=23296.4824  sbar_dark_T5a_mid+0.5=83844.6484  sbar_dark_T5b_mid+0.5=83109.6797  sbar_dark_T5c_mid+0.5=56976.2812  sbar_dark_T5d_mid+0.5=72961.5938  sbar_dark_T4b_mid+1.5=11891.8965  sbar_dark_T4c_mid+1.5=21892.8125  sbar_dark_T4d_mid+1.5=12580.1621  sbar_dark_T5a_mid+1.5=57066.9141  sbar_dark_T5b_mid+1.5=65458.2422  sbar_dark_T5c_mid+1.5=58017.9414  sbar_dark_T5d_mid+1.5=53004.0000  sbar_dark_T4a_mid+1.5=16186.7061]:     64%|██████▍   | 640/1000 [06:59<03:59,  1.51it/s] Cost: 331432.8438  [spread_bright_L5=1378261.8750  spread_bright_Mi1=1004020.2500  spread_bright_Tm3=932597.5000  spread_bright_Mi4=1138273.2500  spread_dark_L1=814607.4375  spread_dark_L2=945984.7500  spread_dark_L3=1020261.0625  spread_dark_L4=2276441.5000  spread_dark_Mi9=593796.3125  spread_dark_Tm1=1063302.7500  spread_dark_Tm2=1092875.0000  spread_dark_Tm4=1333289.7500  spread_dark_Tm9=1108634.3750  sbar_bright_T4a_mid+0=352547.4062  sbar_bright_T4b_mid+0=265606.8125  sbar_bright_T4c_mid+0=317460.7500  sbar_bright_T4d_mid+0=312822.6562  sbar_bright_T5a_mid+0=183246.8438  sbar_bright_T5b_mid+0=224429.8750  sbar_bright_T5c_mid+0=234873.7188  sbar_bright_T5d_mid+0=184282.1406  sbar_bright_T4a_mid+1=239449.9375  sbar_bright_T4b_mid+1=239966.7031  sbar_bright_T4c_mid+1=262488.8438  sbar_bright_T4d_mid+1=261747.6250  sbar_bright_T5a_mid+1=128095.8750  sbar_bright_T5b_mid+1=131066.8594  sbar_bright_T5c_mid+1=141781.5938  sbar_bright_T5d_mid+1=124326.2656  sbar_bright_T4a_mid+2=90457.6172  sbar_bright_T4b_mid+2=116339.6562  sbar_bright_T4c_mid+2=98316.4219  sbar_bright_T4d_mid+2=93893.3203  sbar_bright_T5a_mid+2=168920.7656  sbar_bright_T5b_mid+2=154648.9375  sbar_bright_T5c_mid+2=172085.2188  sbar_bright_T5d_mid+2=172929.6562  sbar_bright_T4a_mid-1=1457287.1250  sbar_bright_T4b_mid-1=1158460.7500  sbar_bright_T4c_mid-1=1547967.3750  sbar_bright_T4d_mid-1=1735096.2500  sbar_bright_T5a_mid-1=485732.5938  sbar_bright_T5b_mid-1=499847.5625  sbar_bright_T5c_mid-1=529682.6250  sbar_bright_T5d_mid-1=487303.6250  sbar_bright_T4a_mid-2=285703.9688  sbar_bright_T4b_mid-2=290498.3438  sbar_bright_T4c_mid-2=291813.6875  sbar_bright_T4d_mid-2=287207.1250  sbar_bright_T5b_mid-2=77433.0156  sbar_bright_T5c_mid-2=82872.8125  sbar_bright_T5d_mid-2=77120.0469  sbar_bright_T5a_mid-2=78924.5859  sbar_bright_T4a_mid-1.5=171465.3906  sbar_bright_T4b_mid-1.5=163844.4062  sbar_bright_T4c_mid-1.5=154018.7344  sbar_bright_T4d_mid-1.5=213357.6719  sbar_bright_T5a_mid-1.5=113014.8125  sbar_bright_T5b_mid-1.5=109715.0000  sbar_bright_T5c_mid-1.5=104981.8594  sbar_bright_T5d_mid-1.5=99207.6016  sbar_bright_T4a_mid-0.5=806503.8750  sbar_bright_T4b_mid-0.5=841453.6875  sbar_bright_T4c_mid-0.5=1082456.0000  sbar_bright_T4d_mid-0.5=1052330.1250  sbar_bright_T5a_mid-0.5=185129.6875  sbar_bright_T5b_mid-0.5=172980.6875  sbar_bright_T5c_mid-0.5=188049.2812  sbar_bright_T5d_mid-0.5=180082.4219  sbar_bright_T4a_mid+0.5=132659.1406  sbar_bright_T4b_mid+0.5=73048.5000  sbar_bright_T4c_mid+0.5=91189.6641  sbar_bright_T4d_mid+0.5=88722.7656  sbar_bright_T5a_mid+0.5=67414.2891  sbar_bright_T5b_mid+0.5=63905.1094  sbar_bright_T5c_mid+0.5=53353.4961  sbar_bright_T5d_mid+0.5=57634.7812  sbar_bright_T4b_mid+1.5=76030.2188  sbar_bright_T4c_mid+1.5=101750.7656  sbar_bright_T4d_mid+1.5=66282.7031  sbar_bright_T5a_mid+1.5=43378.4141  sbar_bright_T5b_mid+1.5=44228.8164  sbar_bright_T5c_mid+1.5=40416.6953  sbar_bright_T5d_mid+1.5=37117.5625  sbar_bright_T4a_mid+1.5=78618.4375  sbar_dark_T4a_mid+0=78729.7500  sbar_dark_T4b_mid+0=59390.6797  sbar_dark_T4c_mid+0=73556.3438  sbar_dark_T4d_mid+0=57683.1562  sbar_dark_T5a_mid+0=317322.3125  sbar_dark_T5b_mid+0=252548.4062  sbar_dark_T5c_mid+0=274031.5312  sbar_dark_T5d_mid+0=293238.4688  sbar_dark_T4a_mid+1=34900.2812  sbar_dark_T4b_mid+1=28133.0996  sbar_dark_T4c_mid+1=46094.2461  sbar_dark_T4d_mid+1=38683.3516  sbar_dark_T5a_mid+1=279249.1875  sbar_dark_T5b_mid+1=235217.3125  sbar_dark_T5c_mid+1=233359.2969  sbar_dark_T5d_mid+1=166547.7500  sbar_dark_T4a_mid+2=60827.2539  sbar_dark_T4b_mid+2=47821.7930  sbar_dark_T4c_mid+2=82021.1797  sbar_dark_T4d_mid+2=54250.9648  sbar_dark_T5a_mid+2=215334.7031  sbar_dark_T5b_mid+2=240778.0469  sbar_dark_T5c_mid+2=206203.3594  sbar_dark_T5d_mid+2=212721.5625  sbar_dark_T4a_mid-1=306642.7812  sbar_dark_T4b_mid-1=171557.3438  sbar_dark_T4c_mid-1=187898.3281  sbar_dark_T4d_mid-1=193488.5000  sbar_dark_T5a_mid-1=1316778.6250  sbar_dark_T5b_mid-1=1042027.6875  sbar_dark_T5c_mid-1=1180142.5000  sbar_dark_T5d_mid-1=1358175.2500  sbar_dark_T4a_mid-2=144665.7969  sbar_dark_T4b_mid-2=116716.8984  sbar_dark_T4c_mid-2=146722.9844  sbar_dark_T4d_mid-2=145692.4062  sbar_dark_T5b_mid-2=687318.9375  sbar_dark_T5c_mid-2=616987.1875  sbar_dark_T5d_mid-2=707168.8125  sbar_dark_T5a_mid-2=671186.7500  sbar_dark_T4a_mid-1.5=38279.6797  sbar_dark_T4b_mid-1.5=45948.7266  sbar_dark_T4c_mid-1.5=54077.3555  sbar_dark_T4d_mid-1.5=30329.5312  sbar_dark_T5a_mid-1.5=226047.9219  sbar_dark_T5b_mid-1.5=256775.5000  sbar_dark_T5c_mid-1.5=212220.6875  sbar_dark_T5d_mid-1.5=213896.4219  sbar_dark_T4a_mid-0.5=27787.3086  sbar_dark_T4b_mid-0.5=65862.0938  sbar_dark_T4c_mid-0.5=58996.1953  sbar_dark_T4d_mid-0.5=53451.7617  sbar_dark_T5a_mid-0.5=459270.5625  sbar_dark_T5b_mid-0.5=589996.1875  sbar_dark_T5c_mid-0.5=431721.7500  sbar_dark_T5d_mid-0.5=528021.8750  sbar_dark_T4a_mid+0.5=15884.2119  sbar_dark_T4b_mid+0.5=9375.7666  sbar_dark_T4c_mid+0.5=23569.3008  sbar_dark_T4d_mid+0.5=25935.8770  sbar_dark_T5a_mid+0.5=80165.1953  sbar_dark_T5b_mid+0.5=80991.6797  sbar_dark_T5c_mid+0.5=56755.4453  sbar_dark_T5d_mid+0.5=71845.3594  sbar_dark_T4b_mid+1.5=11150.9326  sbar_dark_T4c_mid+1.5=21908.2734  sbar_dark_T4d_mid+1.5=12754.4473  sbar_dark_T5a_mid+1.5=56787.6367  sbar_dark_T5b_mid+1.5=65152.1289  sbar_dark_T5c_mid+1.5=57265.5547  sbar_dark_T5d_mid+1.5=52383.2266  sbar_dark_T4a_mid+1.5=17097.9629]:  65%|██████▌   | 650/1000 [07:06<03:51,  1.51it/s] Cost: 330532.7812  [spread_bright_L5=1368322.7500  spread_bright_Mi1=996001.9375  spread_bright_Tm3=934676.3750  spread_bright_Mi4=1130675.1250  spread_dark_L1=814582.0000  spread_dark_L2=949860.5000  spread_dark_L3=1017036.1250  spread_dark_L4=2288271.2500  spread_dark_Mi9=585888.5625  spread_dark_Tm1=1054184.6250  spread_dark_Tm2=1082434.2500  spread_dark_Tm4=1328292.7500  spread_dark_Tm9=1113546.3750  sbar_bright_T4a_mid+0=343640.2500  sbar_bright_T4b_mid+0=270863.3438  sbar_bright_T4c_mid+0=320830.8438  sbar_bright_T4d_mid+0=318194.8125  sbar_bright_T5a_mid+0=180973.7031  sbar_bright_T5b_mid+0=218453.8594  sbar_bright_T5c_mid+0=232763.0312  sbar_bright_T5d_mid+0=186573.8125  sbar_bright_T4a_mid+1=228642.1406  sbar_bright_T4b_mid+1=238066.2344  sbar_bright_T4c_mid+1=258792.5000  sbar_bright_T4d_mid+1=255474.9844  sbar_bright_T5a_mid+1=128284.1172  sbar_bright_T5b_mid+1=130242.7031  sbar_bright_T5c_mid+1=140823.2656  sbar_bright_T5d_mid+1=124687.1719  sbar_bright_T4a_mid+2=85887.6250  sbar_bright_T4b_mid+2=127316.5547  sbar_bright_T4c_mid+2=98477.1172  sbar_bright_T4d_mid+2=92535.1953  sbar_bright_T5a_mid+2=169628.0781  sbar_bright_T5b_mid+2=156244.5156  sbar_bright_T5c_mid+2=171910.5312  sbar_bright_T5d_mid+2=171022.7656  sbar_bright_T4a_mid-1=1482899.5000  sbar_bright_T4b_mid-1=1143254.5000  sbar_bright_T4c_mid-1=1545842.5000  sbar_bright_T4d_mid-1=1738896.3750  sbar_bright_T5a_mid-1=485147.9062  sbar_bright_T5b_mid-1=495252.3125  sbar_bright_T5c_mid-1=528778.4375  sbar_bright_T5d_mid-1=493918.9375  sbar_bright_T4a_mid-2=293287.1875  sbar_bright_T4b_mid-2=283408.0625  sbar_bright_T4c_mid-2=290631.1562  sbar_bright_T4d_mid-2=288264.8750  sbar_bright_T5b_mid-2=77424.7891  sbar_bright_T5c_mid-2=83474.4922  sbar_bright_T5d_mid-2=80546.6406  sbar_bright_T5a_mid-2=79492.9375  sbar_bright_T4a_mid-1.5=173415.2656  sbar_bright_T4b_mid-1.5=160062.6562  sbar_bright_T4c_mid-1.5=153534.4688  sbar_bright_T4d_mid-1.5=214751.8125  sbar_bright_T5a_mid-1.5=113256.5703  sbar_bright_T5b_mid-1.5=110266.2500  sbar_bright_T5c_mid-1.5=104692.8984  sbar_bright_T5d_mid-1.5=99468.3047  sbar_bright_T4a_mid-0.5=820099.3125  sbar_bright_T4b_mid-0.5=827132.7500  sbar_bright_T4c_mid-0.5=1078946.2500  sbar_bright_T4d_mid-0.5=1053034.3750  sbar_bright_T5a_mid-0.5=184240.3750  sbar_bright_T5b_mid-0.5=171919.0000  sbar_bright_T5c_mid-0.5=186914.0781  sbar_bright_T5d_mid-0.5=180578.9062  sbar_bright_T4a_mid+0.5=133735.5312  sbar_bright_T4b_mid+0.5=70335.4531  sbar_bright_T4c_mid+0.5=90739.5469  sbar_bright_T4d_mid+0.5=88534.3750  sbar_bright_T5a_mid+0.5=67234.8906  sbar_bright_T5b_mid+0.5=63286.1875  sbar_bright_T5c_mid+0.5=52745.8945  sbar_bright_T5d_mid+0.5=58522.8672  sbar_bright_T4b_mid+1.5=78693.5938  sbar_bright_T4c_mid+1.5=101851.1953  sbar_bright_T4d_mid+1.5=64747.5742  sbar_bright_T5a_mid+1.5=43396.6523  sbar_bright_T5b_mid+1.5=44687.2109  sbar_bright_T5c_mid+1.5=40377.4805  sbar_bright_T5d_mid+1.5=36897.1484  sbar_bright_T4a_mid+1.5=75376.2344  sbar_dark_T4a_mid+0=74215.7891  sbar_dark_T4b_mid+0=62083.0312  sbar_dark_T4c_mid+0=72443.0000  sbar_dark_T4d_mid+0=56130.1680  sbar_dark_T5a_mid+0=299492.8125  sbar_dark_T5b_mid+0=227762.0000  sbar_dark_T5c_mid+0=266242.4375  sbar_dark_T5d_mid+0=298518.5000  sbar_dark_T4a_mid+1=30881.5449  sbar_dark_T4b_mid+1=29372.7441  sbar_dark_T4c_mid+1=45497.3164  sbar_dark_T4d_mid+1=37244.7891  sbar_dark_T5a_mid+1=271707.0312  sbar_dark_T5b_mid+1=232114.7344  sbar_dark_T5c_mid+1=233913.7969  sbar_dark_T5d_mid+1=168803.3906  sbar_dark_T4a_mid+2=57776.0391  sbar_dark_T4b_mid+2=51022.1641  sbar_dark_T4c_mid+2=83392.8984  sbar_dark_T4d_mid+2=53846.5430  sbar_dark_T5a_mid+2=214125.1562  sbar_dark_T5b_mid+2=238409.6719  sbar_dark_T5c_mid+2=206141.7500  sbar_dark_T5d_mid+2=212406.7500  sbar_dark_T4a_mid-1=298117.0000  sbar_dark_T4b_mid-1=175082.0469  sbar_dark_T4c_mid-1=188405.6719  sbar_dark_T4d_mid-1=192517.2812  sbar_dark_T5a_mid-1=1316478.6250  sbar_dark_T5b_mid-1=1061795.3750  sbar_dark_T5c_mid-1=1179279.0000  sbar_dark_T5d_mid-1=1336453.2500  sbar_dark_T4a_mid-2=136313.4219  sbar_dark_T4b_mid-2=120765.4453  sbar_dark_T4c_mid-2=146352.4531  sbar_dark_T4d_mid-2=144466.6875  sbar_dark_T5b_mid-2=692585.5000  sbar_dark_T5c_mid-2=611646.8125  sbar_dark_T5d_mid-2=693969.8125  sbar_dark_T5a_mid-2=670117.7500  sbar_dark_T4a_mid-1.5=36141.8125  sbar_dark_T4b_mid-1.5=47044.1641  sbar_dark_T4c_mid-1.5=54408.8984  sbar_dark_T4d_mid-1.5=29286.9492  sbar_dark_T5a_mid-1.5=227718.2500  sbar_dark_T5b_mid-1.5=260595.6719  sbar_dark_T5c_mid-1.5=212437.0000  sbar_dark_T5d_mid-1.5=211843.7969  sbar_dark_T4a_mid-0.5=26962.1367  sbar_dark_T4b_mid-0.5=66505.1953  sbar_dark_T4c_mid-0.5=58450.3125  sbar_dark_T4d_mid-0.5=52648.7188  sbar_dark_T5a_mid-0.5=462782.9375  sbar_dark_T5b_mid-0.5=600906.9375  sbar_dark_T5c_mid-0.5=431644.6875  sbar_dark_T5d_mid-0.5=520745.0625  sbar_dark_T4a_mid+0.5=14926.8623  sbar_dark_T4b_mid+0.5=10012.5098  sbar_dark_T4c_mid+0.5=23014.5918  sbar_dark_T4d_mid+0.5=24364.8438  sbar_dark_T5a_mid+0.5=79556.9297  sbar_dark_T5b_mid+0.5=80358.3438  sbar_dark_T5c_mid+0.5=57434.0234  sbar_dark_T5d_mid+0.5=73316.4453  sbar_dark_T4b_mid+1.5=12149.7100  sbar_dark_T4c_mid+1.5=22628.0234  sbar_dark_T4d_mid+1.5=12468.0459  sbar_dark_T5a_mid+1.5=56179.4727  sbar_dark_T5b_mid+1.5=64324.9414  sbar_dark_T5c_mid+1.5=57366.8555  sbar_dark_T5d_mid+1.5=53197.1992  sbar_dark_T4a_mid+1.5=16244.8945]:  66%|██████▌   | 660/1000 [07:13<03:44,  1.51it/s] Cost: 335613.4688  [spread_bright_L5=1459556.0000  spread_bright_Mi1=996548.5625  spread_bright_Tm3=886358.6250  spread_bright_Mi4=1142372.6250  spread_dark_L1=887614.0625  spread_dark_L2=1027174.3125  spread_dark_L3=1049299.8750  spread_dark_L4=2285249.7500  spread_dark_Mi9=635097.3750  spread_dark_Tm1=977269.3750  spread_dark_Tm2=984986.3125  spread_dark_Tm4=1265008.3750  spread_dark_Tm9=1119042.8750  sbar_bright_T4a_mid+0=356104.8125  sbar_bright_T4b_mid+0=274587.9375  sbar_bright_T4c_mid+0=319483.1562  sbar_bright_T4d_mid+0=319501.7500  sbar_bright_T5a_mid+0=163781.1250  sbar_bright_T5b_mid+0=210063.2500  sbar_bright_T5c_mid+0=232381.0625  sbar_bright_T5d_mid+0=183115.9062  sbar_bright_T4a_mid+1=235165.1562  sbar_bright_T4b_mid+1=255999.7969  sbar_bright_T4c_mid+1=268113.6250  sbar_bright_T4d_mid+1=262411.0000  sbar_bright_T5a_mid+1=122628.6641  sbar_bright_T5b_mid+1=129275.7812  sbar_bright_T5c_mid+1=141707.8594  sbar_bright_T5d_mid+1=124294.5859  sbar_bright_T4a_mid+2=95854.4453  sbar_bright_T4b_mid+2=149104.3125  sbar_bright_T4c_mid+2=109580.2656  sbar_bright_T4d_mid+2=101292.3047  sbar_bright_T5a_mid+2=176958.4062  sbar_bright_T5b_mid+2=159207.9531  sbar_bright_T5c_mid+2=172246.8281  sbar_bright_T5d_mid+2=170207.0156  sbar_bright_T4a_mid-1=1482710.7500  sbar_bright_T4b_mid-1=1125277.2500  sbar_bright_T4c_mid-1=1557174.8750  sbar_bright_T4d_mid-1=1741565.6250  sbar_bright_T5a_mid-1=461773.5000  sbar_bright_T5b_mid-1=486975.9688  sbar_bright_T5c_mid-1=524121.8125  sbar_bright_T5d_mid-1=484442.2188  sbar_bright_T4a_mid-2=298007.5000  sbar_bright_T4b_mid-2=283785.4688  sbar_bright_T4c_mid-2=300889.5938  sbar_bright_T4d_mid-2=299810.5000  sbar_bright_T5b_mid-2=78985.2891  sbar_bright_T5c_mid-2=83243.2500  sbar_bright_T5d_mid-2=79110.7891  sbar_bright_T5a_mid-2=77737.1406  sbar_bright_T4a_mid-1.5=176910.8594  sbar_bright_T4b_mid-1.5=160957.2500  sbar_bright_T4c_mid-1.5=160844.8594  sbar_bright_T4d_mid-1.5=217531.2188  sbar_bright_T5a_mid-1.5=113845.2266  sbar_bright_T5b_mid-1.5=110970.8750  sbar_bright_T5c_mid-1.5=102171.7422  sbar_bright_T5d_mid-1.5=98666.3203  sbar_bright_T4a_mid-0.5=805184.1250  sbar_bright_T4b_mid-0.5=819846.1250  sbar_bright_T4c_mid-0.5=1075178.5000  sbar_bright_T4d_mid-0.5=1057841.7500  sbar_bright_T5a_mid-0.5=178099.8906  sbar_bright_T5b_mid-0.5=170131.8906  sbar_bright_T5c_mid-0.5=187396.1875  sbar_bright_T5d_mid-0.5=178176.2344  sbar_bright_T4a_mid+0.5=133022.4375  sbar_bright_T4b_mid+0.5=68754.0781  sbar_bright_T4c_mid+0.5=92163.9922  sbar_bright_T4d_mid+0.5=85656.0625  sbar_bright_T5a_mid+0.5=66419.6953  sbar_bright_T5b_mid+0.5=63380.7148  sbar_bright_T5c_mid+0.5=51631.4922  sbar_bright_T5d_mid+0.5=56667.6211  sbar_bright_T4b_mid+1.5=91862.0234  sbar_bright_T4c_mid+1.5=109910.5156  sbar_bright_T4d_mid+1.5=68916.0625  sbar_bright_T5a_mid+1.5=43280.3906  sbar_bright_T5b_mid+1.5=45662.8008  sbar_bright_T5c_mid+1.5=41784.7148  sbar_bright_T5d_mid+1.5=38483.4961  sbar_bright_T4a_mid+1.5=83856.2344  sbar_dark_T4a_mid+0=97930.7109  sbar_dark_T4b_mid+0=84025.0156  sbar_dark_T4c_mid+0=81502.4062  sbar_dark_T4d_mid+0=67137.7266  sbar_dark_T5a_mid+0=245684.1250  sbar_dark_T5b_mid+0=235278.2656  sbar_dark_T5c_mid+0=319995.1562  sbar_dark_T5d_mid+0=355932.6562  sbar_dark_T4a_mid+1=32265.9844  sbar_dark_T4b_mid+1=34202.8711  sbar_dark_T4c_mid+1=49265.9258  sbar_dark_T4d_mid+1=39210.5195  sbar_dark_T5a_mid+1=233391.3906  sbar_dark_T5b_mid+1=230786.3125  sbar_dark_T5c_mid+1=243267.2812  sbar_dark_T5d_mid+1=173963.2031  sbar_dark_T4a_mid+2=66806.5156  sbar_dark_T4b_mid+2=58776.3945  sbar_dark_T4c_mid+2=90309.7266  sbar_dark_T4d_mid+2=60574.9609  sbar_dark_T5a_mid+2=222917.0469  sbar_dark_T5b_mid+2=242959.5781  sbar_dark_T5c_mid+2=210589.0781  sbar_dark_T5d_mid+2=212391.0000  sbar_dark_T4a_mid-1=303746.6875  sbar_dark_T4b_mid-1=185149.1562  sbar_dark_T4c_mid-1=184675.5312  sbar_dark_T4d_mid-1=197375.0469  sbar_dark_T5a_mid-1=1435128.6250  sbar_dark_T5b_mid-1=1102968.0000  sbar_dark_T5c_mid-1=1194673.1250  sbar_dark_T5d_mid-1=1364566.2500  sbar_dark_T4a_mid-2=135926.6250  sbar_dark_T4b_mid-2=124038.4141  sbar_dark_T4c_mid-2=144642.9375  sbar_dark_T4d_mid-2=142429.2031  sbar_dark_T5b_mid-2=716267.1875  sbar_dark_T5c_mid-2=632076.8125  sbar_dark_T5d_mid-2=724225.8750  sbar_dark_T5a_mid-2=742644.4375  sbar_dark_T4a_mid-1.5=36000.0664  sbar_dark_T4b_mid-1.5=46582.5000  sbar_dark_T4c_mid-1.5=51026.1406  sbar_dark_T4d_mid-1.5=28400.7656  sbar_dark_T5a_mid-1.5=247904.8906  sbar_dark_T5b_mid-1.5=271279.1875  sbar_dark_T5c_mid-1.5=221232.3438  sbar_dark_T5d_mid-1.5=217973.5000  sbar_dark_T4a_mid-0.5=27389.6992  sbar_dark_T4b_mid-0.5=68841.8672  sbar_dark_T4c_mid-0.5=59804.8359  sbar_dark_T4d_mid-0.5=53386.1562  sbar_dark_T5a_mid-0.5=517302.8750  sbar_dark_T5b_mid-0.5=618566.0625  sbar_dark_T5c_mid-0.5=426803.9062  sbar_dark_T5d_mid-0.5=520238.9688  sbar_dark_T4a_mid+0.5=16314.1250  sbar_dark_T4b_mid+0.5=9709.2627  sbar_dark_T4c_mid+0.5=27485.1133  sbar_dark_T4d_mid+0.5=25055.8672  sbar_dark_T5a_mid+0.5=87303.4062  sbar_dark_T5b_mid+0.5=82800.5000  sbar_dark_T5c_mid+0.5=56813.6406  sbar_dark_T5d_mid+0.5=75938.6328  sbar_dark_T4b_mid+1.5=15651.0107  sbar_dark_T4c_mid+1.5=25899.0820  sbar_dark_T4d_mid+1.5=13720.5000  sbar_dark_T5a_mid+1.5=52593.3555  sbar_dark_T5b_mid+1.5=64100.3359  sbar_dark_T5c_mid+1.5=59136.7930  sbar_dark_T5d_mid+1.5=56521.7148  sbar_dark_T4a_mid+1.5=20368.9375]:  67%|██████▋   | 670/1000 [07:19<03:38,  1.51it/s] Cost: 332859.0312  [spread_bright_L5=1395219.8750  spread_bright_Mi1=977181.9375  spread_bright_Tm3=924332.6875  spread_bright_Mi4=1186399.0000  spread_dark_L1=896400.9375  spread_dark_L2=944476.4375  spread_dark_L3=1041202.1250  spread_dark_L4=2263562.7500  spread_dark_Mi9=615171.8125  spread_dark_Tm1=1095279.8750  spread_dark_Tm2=1125828.6250  spread_dark_Tm4=1368776.1250  spread_dark_Tm9=979783.8125  sbar_bright_T4a_mid+0=358353.6562  sbar_bright_T4b_mid+0=269225.9375  sbar_bright_T4c_mid+0=308147.0625  sbar_bright_T4d_mid+0=304251.6250  sbar_bright_T5a_mid+0=169148.5625  sbar_bright_T5b_mid+0=217689.6406  sbar_bright_T5c_mid+0=221562.7344  sbar_bright_T5d_mid+0=180675.5938  sbar_bright_T4a_mid+1=248844.6719  sbar_bright_T4b_mid+1=248459.7188  sbar_bright_T4c_mid+1=269000.0625  sbar_bright_T4d_mid+1=261375.4219  sbar_bright_T5a_mid+1=125211.3750  sbar_bright_T5b_mid+1=133249.0312  sbar_bright_T5c_mid+1=133736.8594  sbar_bright_T5d_mid+1=124093.7500  sbar_bright_T4a_mid+2=100323.8906  sbar_bright_T4b_mid+2=136636.5312  sbar_bright_T4c_mid+2=101812.2422  sbar_bright_T4d_mid+2=94819.8750  sbar_bright_T5a_mid+2=180610.2969  sbar_bright_T5b_mid+2=163499.6094  sbar_bright_T5c_mid+2=179950.4375  sbar_bright_T5d_mid+2=177543.2344  sbar_bright_T4a_mid-1=1429660.5000  sbar_bright_T4b_mid-1=1114461.8750  sbar_bright_T4c_mid-1=1532389.2500  sbar_bright_T4d_mid-1=1732015.5000  sbar_bright_T5a_mid-1=471245.5000  sbar_bright_T5b_mid-1=495026.4375  sbar_bright_T5c_mid-1=519075.2812  sbar_bright_T5d_mid-1=485784.9375  sbar_bright_T4a_mid-2=279672.6250  sbar_bright_T4b_mid-2=284331.1562  sbar_bright_T4c_mid-2=290259.7188  sbar_bright_T4d_mid-2=291856.6875  sbar_bright_T5b_mid-2=81238.0000  sbar_bright_T5c_mid-2=82575.0391  sbar_bright_T5d_mid-2=81990.7578  sbar_bright_T5a_mid-2=79689.8125  sbar_bright_T4a_mid-1.5=168344.8906  sbar_bright_T4b_mid-1.5=158534.9844  sbar_bright_T4c_mid-1.5=153128.9844  sbar_bright_T4d_mid-1.5=215822.3750  sbar_bright_T5a_mid-1.5=114528.2734  sbar_bright_T5b_mid-1.5=111505.9297  sbar_bright_T5c_mid-1.5=105346.2656  sbar_bright_T5d_mid-1.5=100187.5078  sbar_bright_T4a_mid-0.5=786472.5625  sbar_bright_T4b_mid-0.5=810246.7500  sbar_bright_T4c_mid-0.5=1068896.0000  sbar_bright_T4d_mid-0.5=1046799.8125  sbar_bright_T5a_mid-0.5=178444.0469  sbar_bright_T5b_mid-0.5=170506.7031  sbar_bright_T5c_mid-0.5=182461.2969  sbar_bright_T5d_mid-0.5=176994.6562  sbar_bright_T4a_mid+0.5=129803.9141  sbar_bright_T4b_mid+0.5=70700.4453  sbar_bright_T4c_mid+0.5=90366.5469  sbar_bright_T4d_mid+0.5=87982.6250  sbar_bright_T5a_mid+0.5=65892.1094  sbar_bright_T5b_mid+0.5=63929.2070  sbar_bright_T5c_mid+0.5=50084.6328  sbar_bright_T5d_mid+0.5=57256.6289  sbar_bright_T4b_mid+1.5=86337.8750  sbar_bright_T4c_mid+1.5=106496.6094  sbar_bright_T4d_mid+1.5=67111.3438  sbar_bright_T5a_mid+1.5=44490.0352  sbar_bright_T5b_mid+1.5=45511.8164  sbar_bright_T5c_mid+1.5=40245.6211  sbar_bright_T5d_mid+1.5=37434.9258  sbar_bright_T4a_mid+1.5=84113.9062  sbar_dark_T4a_mid+0=85115.6719  sbar_dark_T4b_mid+0=69921.5078  sbar_dark_T4c_mid+0=83838.3281  sbar_dark_T4d_mid+0=60261.1797  sbar_dark_T5a_mid+0=260614.0156  sbar_dark_T5b_mid+0=248273.1406  sbar_dark_T5c_mid+0=265565.0000  sbar_dark_T5d_mid+0=334648.0625  sbar_dark_T4a_mid+1=39530.1836  sbar_dark_T4b_mid+1=33317.5781  sbar_dark_T4c_mid+1=53305.0078  sbar_dark_T4d_mid+1=41319.0820  sbar_dark_T5a_mid+1=253575.8125  sbar_dark_T5b_mid+1=224798.7500  sbar_dark_T5c_mid+1=220747.6562  sbar_dark_T5d_mid+1=167155.2969  sbar_dark_T4a_mid+2=71703.5312  sbar_dark_T4b_mid+2=55928.3828  sbar_dark_T4c_mid+2=84321.7109  sbar_dark_T4d_mid+2=57375.4375  sbar_dark_T5a_mid+2=213301.1094  sbar_dark_T5b_mid+2=239187.5938  sbar_dark_T5c_mid+2=208940.8750  sbar_dark_T5d_mid+2=211517.7500  sbar_dark_T4a_mid-1=309899.4688  sbar_dark_T4b_mid-1=180221.9531  sbar_dark_T4c_mid-1=190350.6250  sbar_dark_T4d_mid-1=199038.2188  sbar_dark_T5a_mid-1=1379472.6250  sbar_dark_T5b_mid-1=1060220.5000  sbar_dark_T5c_mid-1=1200464.8750  sbar_dark_T5d_mid-1=1361798.1250  sbar_dark_T4a_mid-2=149510.8906  sbar_dark_T4b_mid-2=125756.8906  sbar_dark_T4c_mid-2=153142.9531  sbar_dark_T4d_mid-2=141774.2656  sbar_dark_T5b_mid-2=693029.8125  sbar_dark_T5c_mid-2=632938.3750  sbar_dark_T5d_mid-2=712358.8125  sbar_dark_T5a_mid-2=702348.3750  sbar_dark_T4a_mid-1.5=39279.9414  sbar_dark_T4b_mid-1.5=48415.6680  sbar_dark_T4c_mid-1.5=55584.8242  sbar_dark_T4d_mid-1.5=29831.2129  sbar_dark_T5a_mid-1.5=237250.5312  sbar_dark_T5b_mid-1.5=262207.6875  sbar_dark_T5c_mid-1.5=220362.5312  sbar_dark_T5d_mid-1.5=215968.6875  sbar_dark_T4a_mid-0.5=28226.8301  sbar_dark_T4b_mid-0.5=68908.5938  sbar_dark_T4c_mid-0.5=66769.2969  sbar_dark_T4d_mid-0.5=53137.1484  sbar_dark_T5a_mid-0.5=481193.7500  sbar_dark_T5b_mid-0.5=600526.6875  sbar_dark_T5c_mid-0.5=435729.2500  sbar_dark_T5d_mid-0.5=526696.6250  sbar_dark_T4a_mid+0.5=17489.4062  sbar_dark_T4b_mid+0.5=10539.3145  sbar_dark_T4c_mid+0.5=26258.1035  sbar_dark_T4d_mid+0.5=28122.0996  sbar_dark_T5a_mid+0.5=83445.6250  sbar_dark_T5b_mid+0.5=76496.5938  sbar_dark_T5c_mid+0.5=60580.5117  sbar_dark_T5d_mid+0.5=73187.0859  sbar_dark_T4b_mid+1.5=14093.9375  sbar_dark_T4c_mid+1.5=24168.4043  sbar_dark_T4d_mid+1.5=13359.4883  sbar_dark_T5a_mid+1.5=50957.4219  sbar_dark_T5b_mid+1.5=61388.8555  sbar_dark_T5c_mid+1.5=53107.6094  sbar_dark_T5d_mid+1.5=49765.5039  sbar_dark_T4a_mid+1.5=20145.3008]:  68%|██████▊   | 680/1000 [07:26<03:30,  1.52it/s] Cost: 331904.7500  [spread_bright_L5=1359242.2500  spread_bright_Mi1=955915.4375  spread_bright_Tm3=943724.9375  spread_bright_Mi4=1195739.6250  spread_dark_L1=830588.3750  spread_dark_L2=957870.3125  spread_dark_L3=1076714.6250  spread_dark_L4=2268830.0000  spread_dark_Mi9=597335.5625  spread_dark_Tm1=990483.4375  spread_dark_Tm2=1088624.6250  spread_dark_Tm4=1278520.7500  spread_dark_Tm9=1096779.7500  sbar_bright_T4a_mid+0=380863.3125  sbar_bright_T4b_mid+0=278635.7188  sbar_bright_T4c_mid+0=320941.3125  sbar_bright_T4d_mid+0=311523.5000  sbar_bright_T5a_mid+0=191263.6094  sbar_bright_T5b_mid+0=229571.1875  sbar_bright_T5c_mid+0=240471.1875  sbar_bright_T5d_mid+0=187934.3438  sbar_bright_T4a_mid+1=237012.9375  sbar_bright_T4b_mid+1=241997.7656  sbar_bright_T4c_mid+1=273738.4688  sbar_bright_T4d_mid+1=267672.2812  sbar_bright_T5a_mid+1=131987.4062  sbar_bright_T5b_mid+1=131042.1719  sbar_bright_T5c_mid+1=137769.7656  sbar_bright_T5d_mid+1=119832.9922  sbar_bright_T4a_mid+2=87192.9844  sbar_bright_T4b_mid+2=118458.6016  sbar_bright_T4c_mid+2=102402.6328  sbar_bright_T4d_mid+2=94528.7969  sbar_bright_T5a_mid+2=162783.9375  sbar_bright_T5b_mid+2=151218.2344  sbar_bright_T5c_mid+2=163149.4844  sbar_bright_T5d_mid+2=162029.3125  sbar_bright_T4a_mid-1=1477498.3750  sbar_bright_T4b_mid-1=1157985.1250  sbar_bright_T4c_mid-1=1540742.0000  sbar_bright_T4d_mid-1=1725460.1250  sbar_bright_T5a_mid-1=489882.1250  sbar_bright_T5b_mid-1=505113.6562  sbar_bright_T5c_mid-1=527198.8750  sbar_bright_T5d_mid-1=487604.1250  sbar_bright_T4a_mid-2=306726.5938  sbar_bright_T4b_mid-2=293616.1562  sbar_bright_T4c_mid-2=297579.2188  sbar_bright_T4d_mid-2=297840.0000  sbar_bright_T5b_mid-2=79581.4062  sbar_bright_T5c_mid-2=81608.5156  sbar_bright_T5d_mid-2=76814.8359  sbar_bright_T5a_mid-2=81911.7578  sbar_bright_T4a_mid-1.5=177289.1250  sbar_bright_T4b_mid-1.5=165796.4219  sbar_bright_T4c_mid-1.5=157850.0938  sbar_bright_T4d_mid-1.5=214593.9375  sbar_bright_T5a_mid-1.5=111541.6875  sbar_bright_T5b_mid-1.5=108341.1406  sbar_bright_T5c_mid-1.5=102003.1875  sbar_bright_T5d_mid-1.5=97066.9922  sbar_bright_T4a_mid-0.5=811856.5000  sbar_bright_T4b_mid-0.5=836757.5625  sbar_bright_T4c_mid-0.5=1073124.6250  sbar_bright_T4d_mid-0.5=1038751.0625  sbar_bright_T5a_mid-0.5=186864.6719  sbar_bright_T5b_mid-0.5=170712.3281  sbar_bright_T5c_mid-0.5=185105.1562  sbar_bright_T5d_mid-0.5=178446.5156  sbar_bright_T4a_mid+0.5=135513.0625  sbar_bright_T4b_mid+0.5=72727.5000  sbar_bright_T4c_mid+0.5=94250.5312  sbar_bright_T4d_mid+0.5=89901.6719  sbar_bright_T5a_mid+0.5=70213.0156  sbar_bright_T5b_mid+0.5=64637.2109  sbar_bright_T5c_mid+0.5=54256.1719  sbar_bright_T5d_mid+0.5=61756.2461  sbar_bright_T4b_mid+1.5=77482.0312  sbar_bright_T4c_mid+1.5=105828.3203  sbar_bright_T4d_mid+1.5=67394.5156  sbar_bright_T5a_mid+1.5=42744.4844  sbar_bright_T5b_mid+1.5=44989.2422  sbar_bright_T5c_mid+1.5=38662.6641  sbar_bright_T5d_mid+1.5=35120.4062  sbar_bright_T4a_mid+1.5=76299.2656  sbar_dark_T4a_mid+0=75675.9766  sbar_dark_T4b_mid+0=63255.0820  sbar_dark_T4c_mid+0=78003.0469  sbar_dark_T4d_mid+0=56838.0039  sbar_dark_T5a_mid+0=352801.7812  sbar_dark_T5b_mid+0=269268.4688  sbar_dark_T5c_mid+0=298507.6562  sbar_dark_T5d_mid+0=309702.2500  sbar_dark_T4a_mid+1=28905.0332  sbar_dark_T4b_mid+1=29042.8477  sbar_dark_T4c_mid+1=47360.2695  sbar_dark_T4d_mid+1=36226.8477  sbar_dark_T5a_mid+1=314746.4688  sbar_dark_T5b_mid+1=243731.4688  sbar_dark_T5c_mid+1=256478.1250  sbar_dark_T5d_mid+1=181262.6406  sbar_dark_T4a_mid+2=53979.8750  sbar_dark_T4b_mid+2=48533.0977  sbar_dark_T4c_mid+2=87028.2109  sbar_dark_T4d_mid+2=53906.6797  sbar_dark_T5a_mid+2=216439.5938  sbar_dark_T5b_mid+2=248076.9062  sbar_dark_T5c_mid+2=215468.9531  sbar_dark_T5d_mid+2=218390.7031  sbar_dark_T4a_mid-1=289551.5000  sbar_dark_T4b_mid-1=170461.0156  sbar_dark_T4c_mid-1=187273.0156  sbar_dark_T4d_mid-1=193727.1719  sbar_dark_T5a_mid-1=1288848.8750  sbar_dark_T5b_mid-1=1041651.6875  sbar_dark_T5c_mid-1=1181329.5000  sbar_dark_T5d_mid-1=1341235.0000  sbar_dark_T4a_mid-2=127418.0234  sbar_dark_T4b_mid-2=113215.6094  sbar_dark_T4c_mid-2=144090.5000  sbar_dark_T4d_mid-2=136641.9062  sbar_dark_T5b_mid-2=684337.3750  sbar_dark_T5c_mid-2=613339.8125  sbar_dark_T5d_mid-2=698706.5000  sbar_dark_T5a_mid-2=656189.1875  sbar_dark_T4a_mid-1.5=34648.0391  sbar_dark_T4b_mid-1.5=43981.3633  sbar_dark_T4c_mid-1.5=52260.2070  sbar_dark_T4d_mid-1.5=29613.4707  sbar_dark_T5a_mid-1.5=220559.2812  sbar_dark_T5b_mid-1.5=257984.0938  sbar_dark_T5c_mid-1.5=213824.9531  sbar_dark_T5d_mid-1.5=211493.8750  sbar_dark_T4a_mid-0.5=28514.0039  sbar_dark_T4b_mid-0.5=64820.6484  sbar_dark_T4c_mid-0.5=59245.6016  sbar_dark_T4d_mid-0.5=53620.1641  sbar_dark_T5a_mid-0.5=439330.7812  sbar_dark_T5b_mid-0.5=585628.9375  sbar_dark_T5c_mid-0.5=427814.6250  sbar_dark_T5d_mid-0.5=515650.1875  sbar_dark_T4a_mid+0.5=14896.4092  sbar_dark_T4b_mid+0.5=8887.7568  sbar_dark_T4c_mid+0.5=24476.7168  sbar_dark_T4d_mid+0.5=22834.9492  sbar_dark_T5a_mid+0.5=77432.8047  sbar_dark_T5b_mid+0.5=80200.7422  sbar_dark_T5c_mid+0.5=58626.9219  sbar_dark_T5d_mid+0.5=78270.1875  sbar_dark_T4b_mid+1.5=11321.3613  sbar_dark_T4c_mid+1.5=22228.5879  sbar_dark_T4d_mid+1.5=12699.1719  sbar_dark_T5a_mid+1.5=60077.7695  sbar_dark_T5b_mid+1.5=69632.6484  sbar_dark_T5c_mid+1.5=63128.5156  sbar_dark_T5d_mid+1.5=58348.2344  sbar_dark_T4a_mid+1.5=15912.1953]:     69%|██████▉   | 690/1000 [07:32<03:23,  1.52it/s] Cost: 329555.3125  [spread_bright_L5=1377603.5000  spread_bright_Mi1=989908.1250  spread_bright_Tm3=918613.1250  spread_bright_Mi4=1123528.1250  spread_dark_L1=841492.5625  spread_dark_L2=960264.2500  spread_dark_L3=1019070.2500  spread_dark_L4=2265159.2500  spread_dark_Mi9=583119.7500  spread_dark_Tm1=1016369.8750  spread_dark_Tm2=1093574.8750  spread_dark_Tm4=1298691.2500  spread_dark_Tm9=1086697.3750  sbar_bright_T4a_mid+0=346165.5938  sbar_bright_T4b_mid+0=263314.8438  sbar_bright_T4c_mid+0=314255.8125  sbar_bright_T4d_mid+0=308803.1562  sbar_bright_T5a_mid+0=173300.4062  sbar_bright_T5b_mid+0=209459.9531  sbar_bright_T5c_mid+0=221083.2969  sbar_bright_T5d_mid+0=177195.9219  sbar_bright_T4a_mid+1=241540.1094  sbar_bright_T4b_mid+1=244704.2344  sbar_bright_T4c_mid+1=258897.8750  sbar_bright_T4d_mid+1=259757.2344  sbar_bright_T5a_mid+1=123415.1797  sbar_bright_T5b_mid+1=127883.4688  sbar_bright_T5c_mid+1=132231.9375  sbar_bright_T5d_mid+1=118555.6797  sbar_bright_T4a_mid+2=90707.7969  sbar_bright_T4b_mid+2=120824.0781  sbar_bright_T4c_mid+2=93206.6250  sbar_bright_T4d_mid+2=90998.2656  sbar_bright_T5a_mid+2=168618.0312  sbar_bright_T5b_mid+2=156689.7344  sbar_bright_T5c_mid+2=167849.4531  sbar_bright_T5d_mid+2=168830.7188  sbar_bright_T4a_mid-1=1463444.3750  sbar_bright_T4b_mid-1=1146386.3750  sbar_bright_T4c_mid-1=1556322.7500  sbar_bright_T4d_mid-1=1738360.7500  sbar_bright_T5a_mid-1=479028.1562  sbar_bright_T5b_mid-1=488761.2812  sbar_bright_T5c_mid-1=513411.2500  sbar_bright_T5d_mid-1=480457.5625  sbar_bright_T4a_mid-2=289245.0938  sbar_bright_T4b_mid-2=293080.3750  sbar_bright_T4c_mid-2=298737.8438  sbar_bright_T4d_mid-2=297141.1250  sbar_bright_T5b_mid-2=75291.0781  sbar_bright_T5c_mid-2=78634.4375  sbar_bright_T5d_mid-2=76133.1094  sbar_bright_T5a_mid-2=78202.9062  sbar_bright_T4a_mid-1.5=168658.7812  sbar_bright_T4b_mid-1.5=165262.8281  sbar_bright_T4c_mid-1.5=156230.0312  sbar_bright_T4d_mid-1.5=215555.3594  sbar_bright_T5a_mid-1.5=112292.0703  sbar_bright_T5b_mid-1.5=110181.3281  sbar_bright_T5c_mid-1.5=103106.5547  sbar_bright_T5d_mid-1.5=97890.0078  sbar_bright_T4a_mid-0.5=802710.1250  sbar_bright_T4b_mid-0.5=832242.8125  sbar_bright_T4c_mid-0.5=1080080.0000  sbar_bright_T4d_mid-0.5=1047788.6250  sbar_bright_T5a_mid-0.5=180343.7969  sbar_bright_T5b_mid-0.5=169790.5000  sbar_bright_T5c_mid-0.5=180409.9688  sbar_bright_T5d_mid-0.5=174617.4844  sbar_bright_T4a_mid+0.5=134340.8125  sbar_bright_T4b_mid+0.5=71460.7188  sbar_bright_T4c_mid+0.5=91672.4844  sbar_bright_T4d_mid+0.5=89362.8828  sbar_bright_T5a_mid+0.5=65602.1250  sbar_bright_T5b_mid+0.5=62590.1992  sbar_bright_T5c_mid+0.5=50753.0039  sbar_bright_T5d_mid+0.5=55779.3672  sbar_bright_T4b_mid+1.5=76629.2656  sbar_bright_T4c_mid+1.5=100871.3438  sbar_bright_T4d_mid+1.5=64811.7891  sbar_bright_T5a_mid+1.5=43232.1523  sbar_bright_T5b_mid+1.5=44826.6484  sbar_bright_T5c_mid+1.5=39346.9062  sbar_bright_T5d_mid+1.5=34860.5586  sbar_bright_T4a_mid+1.5=77428.6406  sbar_dark_T4a_mid+0=74627.0391  sbar_dark_T4b_mid+0=57571.4648  sbar_dark_T4c_mid+0=73469.7266  sbar_dark_T4d_mid+0=53597.6836  sbar_dark_T5a_mid+0=305994.4688  sbar_dark_T5b_mid+0=231637.5938  sbar_dark_T5c_mid+0=264743.0938  sbar_dark_T5d_mid+0=283783.2500  sbar_dark_T4a_mid+1=32513.9238  sbar_dark_T4b_mid+1=28310.5449  sbar_dark_T4c_mid+1=44149.9766  sbar_dark_T4d_mid+1=36868.5312  sbar_dark_T5a_mid+1=268807.3125  sbar_dark_T5b_mid+1=225374.2188  sbar_dark_T5c_mid+1=235008.5312  sbar_dark_T5d_mid+1=170675.7812  sbar_dark_T4a_mid+2=57660.3711  sbar_dark_T4b_mid+2=46612.7539  sbar_dark_T4c_mid+2=77516.5156  sbar_dark_T4d_mid+2=50735.3086  sbar_dark_T5a_mid+2=212641.5312  sbar_dark_T5b_mid+2=233848.1562  sbar_dark_T5c_mid+2=211656.3750  sbar_dark_T5d_mid+2=219146.1875  sbar_dark_T4a_mid-1=300080.6875  sbar_dark_T4b_mid-1=170076.5781  sbar_dark_T4c_mid-1=185860.8281  sbar_dark_T4d_mid-1=193525.3438  sbar_dark_T5a_mid-1=1325680.6250  sbar_dark_T5b_mid-1=1064698.3750  sbar_dark_T5c_mid-1=1198830.7500  sbar_dark_T5d_mid-1=1363215.8750  sbar_dark_T4a_mid-2=138335.5469  sbar_dark_T4b_mid-2=112635.1875  sbar_dark_T4c_mid-2=139190.9688  sbar_dark_T4d_mid-2=134361.9844  sbar_dark_T5b_mid-2=698546.5000  sbar_dark_T5c_mid-2=625099.1875  sbar_dark_T5d_mid-2=709767.5625  sbar_dark_T5a_mid-2=669694.4375  sbar_dark_T4a_mid-1.5=36979.4844  sbar_dark_T4b_mid-1.5=43403.8438  sbar_dark_T4c_mid-1.5=51599.9141  sbar_dark_T4d_mid-1.5=29097.3105  sbar_dark_T5a_mid-1.5=231880.1406  sbar_dark_T5b_mid-1.5=264256.6875  sbar_dark_T5c_mid-1.5=219121.7969  sbar_dark_T5d_mid-1.5=218014.9688  sbar_dark_T4a_mid-0.5=28138.5742  sbar_dark_T4b_mid-0.5=64366.0703  sbar_dark_T4c_mid-0.5=58994.1562  sbar_dark_T4d_mid-0.5=51730.8008  sbar_dark_T5a_mid-0.5=467568.9688  sbar_dark_T5b_mid-0.5=607479.4375  sbar_dark_T5c_mid-0.5=445661.5938  sbar_dark_T5d_mid-0.5=538978.9375  sbar_dark_T4a_mid+0.5=15275.6924  sbar_dark_T4b_mid+0.5=9109.5332  sbar_dark_T4c_mid+0.5=22027.5059  sbar_dark_T4d_mid+0.5=24793.5723  sbar_dark_T5a_mid+0.5=78449.9844  sbar_dark_T5b_mid+0.5=78763.7109  sbar_dark_T5c_mid+0.5=59537.5352  sbar_dark_T5d_mid+0.5=73931.6953  sbar_dark_T4b_mid+1.5=11135.8135  sbar_dark_T4c_mid+1.5=20740.6016  sbar_dark_T4d_mid+1.5=11958.8506  sbar_dark_T5a_mid+1.5=55320.2188  sbar_dark_T5b_mid+1.5=62609.5586  sbar_dark_T5c_mid+1.5=58152.6172  sbar_dark_T5d_mid+1.5=52381.5820  sbar_dark_T4a_mid+1.5=16427.4766]:  70%|███████   | 700/1000 [07:39<03:16,  1.52it/s] Cost: 328667.2500  [spread_bright_L5=1363935.3750  spread_bright_Mi1=960531.8750  spread_bright_Tm3=908887.0625  spread_bright_Mi4=1132318.6250  spread_dark_L1=837079.3750  spread_dark_L2=961210.0625  spread_dark_L3=1019301.9375  spread_dark_L4=2273637.7500  spread_dark_Mi9=582775.0000  spread_dark_Tm1=999474.8125  spread_dark_Tm2=1054712.0000  spread_dark_Tm4=1323580.2500  spread_dark_Tm9=1118096.7500  sbar_bright_T4a_mid+0=343378.2812  sbar_bright_T4b_mid+0=255781.1094  sbar_bright_T4c_mid+0=305302.0000  sbar_bright_T4d_mid+0=302960.6250  sbar_bright_T5a_mid+0=178076.7188  sbar_bright_T5b_mid+0=222787.7969  sbar_bright_T5c_mid+0=228339.7812  sbar_bright_T5d_mid+0=185565.8906  sbar_bright_T4a_mid+1=242983.5625  sbar_bright_T4b_mid+1=248274.8125  sbar_bright_T4c_mid+1=264675.3125  sbar_bright_T4d_mid+1=264258.5625  sbar_bright_T5a_mid+1=126458.5391  sbar_bright_T5b_mid+1=133990.7031  sbar_bright_T5c_mid+1=137128.5625  sbar_bright_T5d_mid+1=122237.5156  sbar_bright_T4a_mid+2=88914.7734  sbar_bright_T4b_mid+2=123016.3594  sbar_bright_T4c_mid+2=94542.1250  sbar_bright_T4d_mid+2=92679.6875  sbar_bright_T5a_mid+2=170315.1094  sbar_bright_T5b_mid+2=158375.5156  sbar_bright_T5c_mid+2=169194.6875  sbar_bright_T5d_mid+2=167594.5781  sbar_bright_T4a_mid-1=1455346.6250  sbar_bright_T4b_mid-1=1129272.5000  sbar_bright_T4c_mid-1=1545939.2500  sbar_bright_T4d_mid-1=1721372.2500  sbar_bright_T5a_mid-1=482924.2812  sbar_bright_T5b_mid-1=504459.6250  sbar_bright_T5c_mid-1=520869.7188  sbar_bright_T5d_mid-1=492938.3750  sbar_bright_T4a_mid-2=289781.7812  sbar_bright_T4b_mid-2=282550.5938  sbar_bright_T4c_mid-2=291116.5312  sbar_bright_T4d_mid-2=287395.1250  sbar_bright_T5b_mid-2=79064.4766  sbar_bright_T5c_mid-2=80882.2109  sbar_bright_T5d_mid-2=79383.7344  sbar_bright_T5a_mid-2=78576.2188  sbar_bright_T4a_mid-1.5=170245.4688  sbar_bright_T4b_mid-1.5=159584.9062  sbar_bright_T4c_mid-1.5=155910.7344  sbar_bright_T4d_mid-1.5=210896.5469  sbar_bright_T5a_mid-1.5=113037.1875  sbar_bright_T5b_mid-1.5=110933.5781  sbar_bright_T5c_mid-1.5=104172.3203  sbar_bright_T5d_mid-1.5=99060.7734  sbar_bright_T4a_mid-0.5=797811.4375  sbar_bright_T4b_mid-0.5=818440.3750  sbar_bright_T4c_mid-0.5=1071581.3750  sbar_bright_T4d_mid-0.5=1039285.8750  sbar_bright_T5a_mid-0.5=182876.5312  sbar_bright_T5b_mid-0.5=173322.7500  sbar_bright_T5c_mid-0.5=184910.8594  sbar_bright_T5d_mid-0.5=180328.6250  sbar_bright_T4a_mid+0.5=132784.5469  sbar_bright_T4b_mid+0.5=68480.0625  sbar_bright_T4c_mid+0.5=90000.1797  sbar_bright_T4d_mid+0.5=87004.4297  sbar_bright_T5a_mid+0.5=66168.2031  sbar_bright_T5b_mid+0.5=64595.6055  sbar_bright_T5c_mid+0.5=51893.5781  sbar_bright_T5d_mid+0.5=58376.3398  sbar_bright_T4b_mid+1.5=79301.6328  sbar_bright_T4c_mid+1.5=102984.3906  sbar_bright_T4d_mid+1.5=67106.4375  sbar_bright_T5a_mid+1.5=43607.1797  sbar_bright_T5b_mid+1.5=45297.7695  sbar_bright_T5c_mid+1.5=39590.2734  sbar_bright_T5d_mid+1.5=36408.7227  sbar_bright_T4a_mid+1.5=77581.1562  sbar_dark_T4a_mid+0=78331.1953  sbar_dark_T4b_mid+0=67319.2188  sbar_dark_T4c_mid+0=78071.7578  sbar_dark_T4d_mid+0=57490.3398  sbar_dark_T5a_mid+0=258727.3438  sbar_dark_T5b_mid+0=220893.2344  sbar_dark_T5c_mid+0=240866.4688  sbar_dark_T5d_mid+0=289927.7812  sbar_dark_T4a_mid+1=33364.8086  sbar_dark_T4b_mid+1=32335.5195  sbar_dark_T4c_mid+1=47195.0117  sbar_dark_T4d_mid+1=38404.3086  sbar_dark_T5a_mid+1=245223.6094  sbar_dark_T5b_mid+1=224488.3750  sbar_dark_T5c_mid+1=224308.3750  sbar_dark_T5d_mid+1=170483.4062  sbar_dark_T4a_mid+2=57545.0156  sbar_dark_T4b_mid+2=51762.8281  sbar_dark_T4c_mid+2=77667.1172  sbar_dark_T4d_mid+2=53623.0000  sbar_dark_T5a_mid+2=210704.3281  sbar_dark_T5b_mid+2=230752.0469  sbar_dark_T5c_mid+2=207775.3906  sbar_dark_T5d_mid+2=212480.6406  sbar_dark_T4a_mid-1=306334.6250  sbar_dark_T4b_mid-1=177663.3906  sbar_dark_T4c_mid-1=190048.1875  sbar_dark_T4d_mid-1=198274.1562  sbar_dark_T5a_mid-1=1349189.1250  sbar_dark_T5b_mid-1=1047866.1250  sbar_dark_T5c_mid-1=1201572.6250  sbar_dark_T5d_mid-1=1340440.8750  sbar_dark_T4a_mid-2=138177.0312  sbar_dark_T4b_mid-2=123589.8281  sbar_dark_T4c_mid-2=144476.2969  sbar_dark_T4d_mid-2=141639.7969  sbar_dark_T5b_mid-2=678861.8125  sbar_dark_T5c_mid-2=625092.0625  sbar_dark_T5d_mid-2=696520.3125  sbar_dark_T5a_mid-2=677231.0625  sbar_dark_T4a_mid-1.5=36924.4023  sbar_dark_T4b_mid-1.5=46795.2344  sbar_dark_T4c_mid-1.5=52282.4609  sbar_dark_T4d_mid-1.5=30682.4551  sbar_dark_T5a_mid-1.5=230386.2500  sbar_dark_T5b_mid-1.5=257761.0156  sbar_dark_T5c_mid-1.5=216290.2500  sbar_dark_T5d_mid-1.5=211856.8125  sbar_dark_T4a_mid-0.5=29396.6641  sbar_dark_T4b_mid-0.5=68111.3359  sbar_dark_T4c_mid-0.5=59842.0078  sbar_dark_T4d_mid-0.5=55034.3984  sbar_dark_T5a_mid-0.5=475026.6875  sbar_dark_T5b_mid-0.5=594354.2500  sbar_dark_T5c_mid-0.5=444737.3438  sbar_dark_T5d_mid-0.5=521664.3438  sbar_dark_T4a_mid+0.5=16283.4131  sbar_dark_T4b_mid+0.5=9750.8496  sbar_dark_T4c_mid+0.5=23809.3555  sbar_dark_T4d_mid+0.5=25025.7871  sbar_dark_T5a_mid+0.5=79620.7266  sbar_dark_T5b_mid+0.5=76275.4609  sbar_dark_T5c_mid+0.5=58882.6172  sbar_dark_T5d_mid+0.5=73447.0312  sbar_dark_T4b_mid+1.5=11679.6797  sbar_dark_T4c_mid+1.5=21466.5645  sbar_dark_T4d_mid+1.5=13017.9961  sbar_dark_T5a_mid+1.5=54538.8125  sbar_dark_T5b_mid+1.5=62830.2188  sbar_dark_T5c_mid+1.5=57568.5625  sbar_dark_T5d_mid+1.5=54254.2578  sbar_dark_T4a_mid+1.5=16601.6133]:   71%|███████   | 710/1000 [07:45<03:10,  1.52it/s] Cost: 327893.1875  [spread_bright_L5=1344705.2500  spread_bright_Mi1=946010.8125  spread_bright_Tm3=911129.0000  spread_bright_Mi4=1120567.0000  spread_dark_L1=840750.5625  spread_dark_L2=973702.6875  spread_dark_L3=1014449.2500  spread_dark_L4=2260269.0000  spread_dark_Mi9=583163.2500  spread_dark_Tm1=1003296.0625  spread_dark_Tm2=1037333.6250  spread_dark_Tm4=1319971.5000  spread_dark_Tm9=1121867.3750  sbar_bright_T4a_mid+0=337084.0625  sbar_bright_T4b_mid+0=250296.6406  sbar_bright_T4c_mid+0=301861.1562  sbar_bright_T4d_mid+0=300220.0000  sbar_bright_T5a_mid+0=182824.0312  sbar_bright_T5b_mid+0=224406.7656  sbar_bright_T5c_mid+0=232564.5156  sbar_bright_T5d_mid+0=184160.7344  sbar_bright_T4a_mid+1=240508.0156  sbar_bright_T4b_mid+1=244961.3750  sbar_bright_T4c_mid+1=264696.9062  sbar_bright_T4d_mid+1=259988.1094  sbar_bright_T5a_mid+1=131145.3750  sbar_bright_T5b_mid+1=136904.1719  sbar_bright_T5c_mid+1=140947.5625  sbar_bright_T5d_mid+1=123524.6484  sbar_bright_T4a_mid+2=87886.2578  sbar_bright_T4b_mid+2=116901.8984  sbar_bright_T4c_mid+2=94915.5000  sbar_bright_T4d_mid+2=90018.8516  sbar_bright_T5a_mid+2=170246.8438  sbar_bright_T5b_mid+2=160600.0312  sbar_bright_T5c_mid+2=169652.5625  sbar_bright_T5d_mid+2=169111.1250  sbar_bright_T4a_mid-1=1461959.6250  sbar_bright_T4b_mid-1=1138250.5000  sbar_bright_T4c_mid-1=1538186.7500  sbar_bright_T4d_mid-1=1735267.8750  sbar_bright_T5a_mid-1=493260.6875  sbar_bright_T5b_mid-1=510832.8125  sbar_bright_T5c_mid-1=529142.2500  sbar_bright_T5d_mid-1=494092.9688  sbar_bright_T4a_mid-2=289972.6875  sbar_bright_T4b_mid-2=285051.9375  sbar_bright_T4c_mid-2=288453.0625  sbar_bright_T4d_mid-2=291194.6875  sbar_bright_T5b_mid-2=80574.2109  sbar_bright_T5c_mid-2=83525.7266  sbar_bright_T5d_mid-2=79237.8906  sbar_bright_T5a_mid-2=81507.3828  sbar_bright_T4a_mid-1.5=169620.0625  sbar_bright_T4b_mid-1.5=160862.1250  sbar_bright_T4c_mid-1.5=152518.5625  sbar_bright_T4d_mid-1.5=212256.7188  sbar_bright_T5a_mid-1.5=114000.4531  sbar_bright_T5b_mid-1.5=112055.5859  sbar_bright_T5c_mid-1.5=105011.2734  sbar_bright_T5d_mid-1.5=99670.6562  sbar_bright_T4a_mid-0.5=801796.3125  sbar_bright_T4b_mid-0.5=822567.0000  sbar_bright_T4c_mid-0.5=1066737.3750  sbar_bright_T4d_mid-0.5=1043826.0000  sbar_bright_T5a_mid-0.5=184823.5312  sbar_bright_T5b_mid-0.5=174429.0000  sbar_bright_T5c_mid-0.5=186637.3281  sbar_bright_T5d_mid-0.5=180451.1875  sbar_bright_T4a_mid+0.5=134242.0938  sbar_bright_T4b_mid+0.5=68671.2969  sbar_bright_T4c_mid+0.5=89055.0000  sbar_bright_T4d_mid+0.5=88221.8750  sbar_bright_T5a_mid+0.5=67747.3125  sbar_bright_T5b_mid+0.5=65152.6836  sbar_bright_T5c_mid+0.5=52273.3477  sbar_bright_T5d_mid+0.5=57958.6914  sbar_bright_T4b_mid+1.5=77306.5547  sbar_bright_T4c_mid+1.5=103002.2891  sbar_bright_T4d_mid+1.5=65675.0078  sbar_bright_T5a_mid+1.5=43882.2734  sbar_bright_T5b_mid+1.5=46274.8516  sbar_bright_T5c_mid+1.5=40302.1914  sbar_bright_T5d_mid+1.5=37204.9180  sbar_bright_T4a_mid+1.5=76207.1016  sbar_dark_T4a_mid+0=79555.5625  sbar_dark_T4b_mid+0=67031.4922  sbar_dark_T4c_mid+0=81939.3359  sbar_dark_T4d_mid+0=56999.6289  sbar_dark_T5a_mid+0=286664.7812  sbar_dark_T5b_mid+0=229822.1875  sbar_dark_T5c_mid+0=256061.6250  sbar_dark_T5d_mid+0=287649.8125  sbar_dark_T4a_mid+1=33402.8672  sbar_dark_T4b_mid+1=31758.8535  sbar_dark_T4c_mid+1=49172.6758  sbar_dark_T4d_mid+1=38024.4922  sbar_dark_T5a_mid+1=261374.6562  sbar_dark_T5b_mid+1=220314.4375  sbar_dark_T5c_mid+1=230956.3750  sbar_dark_T5d_mid+1=168841.3594  sbar_dark_T4a_mid+2=57601.4609  sbar_dark_T4b_mid+2=50871.8828  sbar_dark_T4c_mid+2=81725.5469  sbar_dark_T4d_mid+2=52329.9805  sbar_dark_T5a_mid+2=204217.2031  sbar_dark_T5b_mid+2=225921.1875  sbar_dark_T5c_mid+2=203525.1094  sbar_dark_T5d_mid+2=208749.4219  sbar_dark_T4a_mid-1=307999.8438  sbar_dark_T4b_mid-1=175573.4531  sbar_dark_T4c_mid-1=192805.8750  sbar_dark_T4d_mid-1=196264.0156  sbar_dark_T5a_mid-1=1305818.5000  sbar_dark_T5b_mid-1=1034648.0625  sbar_dark_T5c_mid-1=1179338.1250  sbar_dark_T5d_mid-1=1333988.2500  sbar_dark_T4a_mid-2=137834.2812  sbar_dark_T4b_mid-2=121898.1250  sbar_dark_T4c_mid-2=147609.9844  sbar_dark_T4d_mid-2=137799.1875  sbar_dark_T5b_mid-2=669514.0000  sbar_dark_T5c_mid-2=610241.0625  sbar_dark_T5d_mid-2=693180.4375  sbar_dark_T5a_mid-2=657489.1875  sbar_dark_T4a_mid-1.5=36756.4570  sbar_dark_T4b_mid-1.5=45786.2227  sbar_dark_T4c_mid-1.5=54566.6250  sbar_dark_T4d_mid-1.5=30317.2637  sbar_dark_T5a_mid-1.5=226127.0156  sbar_dark_T5b_mid-1.5=256361.5625  sbar_dark_T5c_mid-1.5=211701.8750  sbar_dark_T5d_mid-1.5=212345.5469  sbar_dark_T4a_mid-0.5=28774.8711  sbar_dark_T4b_mid-0.5=67860.7734  sbar_dark_T4c_mid-0.5=62335.9453  sbar_dark_T4d_mid-0.5=54260.1367  sbar_dark_T5a_mid-0.5=458691.5938  sbar_dark_T5b_mid-0.5=589841.6250  sbar_dark_T5c_mid-0.5=434990.6250  sbar_dark_T5d_mid-0.5=525733.5625  sbar_dark_T4a_mid+0.5=15824.6924  sbar_dark_T4b_mid+0.5=9755.7725  sbar_dark_T4c_mid+0.5=24205.0117  sbar_dark_T4d_mid+0.5=24948.8730  sbar_dark_T5a_mid+0.5=75973.9062  sbar_dark_T5b_mid+0.5=73015.9922  sbar_dark_T5c_mid+0.5=57169.5898  sbar_dark_T5d_mid+0.5=71396.4062  sbar_dark_T4b_mid+1.5=11278.9229  sbar_dark_T4c_mid+1.5=21763.0645  sbar_dark_T4d_mid+1.5=12504.1162  sbar_dark_T5a_mid+1.5=54739.0117  sbar_dark_T5b_mid+1.5=62309.9727  sbar_dark_T5c_mid+1.5=57797.9023  sbar_dark_T5d_mid+1.5=53787.9023  sbar_dark_T4a_mid+1.5=16210.9678]:  72%|███████▏  | 720/1000 [07:52<03:04,  1.52it/s] Cost: 327232.6562  [spread_bright_L5=1365841.3750  spread_bright_Mi1=940994.1875  spread_bright_Tm3=890874.1250  spread_bright_Mi4=1113764.8750  spread_dark_L1=852849.1250  spread_dark_L2=969497.8125  spread_dark_L3=1014152.2500  spread_dark_L4=2232588.2500  spread_dark_Mi9=570865.3750  spread_dark_Tm1=984254.3125  spread_dark_Tm2=1036322.2500  spread_dark_Tm4=1300796.6250  spread_dark_Tm9=1108710.5000  sbar_bright_T4a_mid+0=335786.9375  sbar_bright_T4b_mid+0=256600.0625  sbar_bright_T4c_mid+0=308546.4062  sbar_bright_T4d_mid+0=307202.7812  sbar_bright_T5a_mid+0=179488.0000  sbar_bright_T5b_mid+0=219937.7656  sbar_bright_T5c_mid+0=228355.5625  sbar_bright_T5d_mid+0=183245.1406  sbar_bright_T4a_mid+1=236347.4375  sbar_bright_T4b_mid+1=242320.4062  sbar_bright_T4c_mid+1=260327.1250  sbar_bright_T4d_mid+1=257630.2656  sbar_bright_T5a_mid+1=130001.9531  sbar_bright_T5b_mid+1=135542.4844  sbar_bright_T5c_mid+1=138170.0469  sbar_bright_T5d_mid+1=121982.7422  sbar_bright_T4a_mid+2=87342.2344  sbar_bright_T4b_mid+2=120635.0469  sbar_bright_T4c_mid+2=93935.1562  sbar_bright_T4d_mid+2=91621.7266  sbar_bright_T5a_mid+2=168876.2500  sbar_bright_T5b_mid+2=160684.8125  sbar_bright_T5c_mid+2=168374.3438  sbar_bright_T5d_mid+2=167778.9375  sbar_bright_T4a_mid-1=1482615.6250  sbar_bright_T4b_mid-1=1142752.3750  sbar_bright_T4c_mid-1=1552688.5000  sbar_bright_T4d_mid-1=1738913.6250  sbar_bright_T5a_mid-1=489386.7812  sbar_bright_T5b_mid-1=506865.7812  sbar_bright_T5c_mid-1=522952.6562  sbar_bright_T5d_mid-1=494452.6562  sbar_bright_T4a_mid-2=297550.2500  sbar_bright_T4b_mid-2=292108.2500  sbar_bright_T4c_mid-2=294901.4375  sbar_bright_T4d_mid-2=295626.5938  sbar_bright_T5b_mid-2=79812.3359  sbar_bright_T5c_mid-2=81861.6562  sbar_bright_T5d_mid-2=79745.0391  sbar_bright_T5a_mid-2=81241.1562  sbar_bright_T4a_mid-1.5=169340.3906  sbar_bright_T4b_mid-1.5=163386.7031  sbar_bright_T4c_mid-1.5=153401.8438  sbar_bright_T4d_mid-1.5=215712.4531  sbar_bright_T5a_mid-1.5=113648.1094  sbar_bright_T5b_mid-1.5=111766.3906  sbar_bright_T5c_mid-1.5=104146.4609  sbar_bright_T5d_mid-1.5=99643.8672  sbar_bright_T4a_mid-0.5=805394.8750  sbar_bright_T4b_mid-0.5=822886.3125  sbar_bright_T4c_mid-0.5=1071361.3750  sbar_bright_T4d_mid-0.5=1047391.1250  sbar_bright_T5a_mid-0.5=183064.7188  sbar_bright_T5b_mid-0.5=172788.6406  sbar_bright_T5c_mid-0.5=183492.5469  sbar_bright_T5d_mid-0.5=179749.7656  sbar_bright_T4a_mid+0.5=136862.7656  sbar_bright_T4b_mid+0.5=70225.7500  sbar_bright_T4c_mid+0.5=90744.7109  sbar_bright_T4d_mid+0.5=88111.0234  sbar_bright_T5a_mid+0.5=66858.6641  sbar_bright_T5b_mid+0.5=64451.4688  sbar_bright_T5c_mid+0.5=51342.6992  sbar_bright_T5d_mid+0.5=57464.9531  sbar_bright_T4b_mid+1.5=77487.9297  sbar_bright_T4c_mid+1.5=103065.1016  sbar_bright_T4d_mid+1.5=64693.3516  sbar_bright_T5a_mid+1.5=43354.9141  sbar_bright_T5b_mid+1.5=46072.6953  sbar_bright_T5c_mid+1.5=39967.4609  sbar_bright_T5d_mid+1.5=36062.2656  sbar_bright_T4a_mid+1.5=74899.4453  sbar_dark_T4a_mid+0=71712.2266  sbar_dark_T4b_mid+0=58964.7383  sbar_dark_T4c_mid+0=75995.7422  sbar_dark_T4d_mid+0=54488.8906  sbar_dark_T5a_mid+0=304067.7188  sbar_dark_T5b_mid+0=230721.5312  sbar_dark_T5c_mid+0=262372.8438  sbar_dark_T5d_mid+0=291540.6562  sbar_dark_T4a_mid+1=30384.5859  sbar_dark_T4b_mid+1=28521.5527  sbar_dark_T4c_mid+1=46253.2070  sbar_dark_T4d_mid+1=36853.6055  sbar_dark_T5a_mid+1=271274.7188  sbar_dark_T5b_mid+1=219520.1562  sbar_dark_T5c_mid+1=236552.0781  sbar_dark_T5d_mid+1=171015.8438  sbar_dark_T4a_mid+2=54897.4062  sbar_dark_T4b_mid+2=46990.4492  sbar_dark_T4c_mid+2=79950.2969  sbar_dark_T4d_mid+2=52225.5234  sbar_dark_T5a_mid+2=205246.7344  sbar_dark_T5b_mid+2=224889.1719  sbar_dark_T5c_mid+2=205186.8594  sbar_dark_T5d_mid+2=211233.3594  sbar_dark_T4a_mid-1=295224.8750  sbar_dark_T4b_mid-1=171947.5625  sbar_dark_T4c_mid-1=188905.8750  sbar_dark_T4d_mid-1=195635.0000  sbar_dark_T5a_mid-1=1299651.0000  sbar_dark_T5b_mid-1=1041029.0625  sbar_dark_T5c_mid-1=1180147.6250  sbar_dark_T5d_mid-1=1326956.2500  sbar_dark_T4a_mid-2=131582.4531  sbar_dark_T4b_mid-2=112923.2031  sbar_dark_T4c_mid-2=141078.0625  sbar_dark_T4d_mid-2=136819.2344  sbar_dark_T5b_mid-2=672210.3125  sbar_dark_T5c_mid-2=608811.8125  sbar_dark_T5d_mid-2=690819.3750  sbar_dark_T5a_mid-2=653840.0625  sbar_dark_T4a_mid-1.5=35518.2773  sbar_dark_T4b_mid-1.5=43337.4883  sbar_dark_T4c_mid-1.5=52885.6016  sbar_dark_T4d_mid-1.5=28853.6289  sbar_dark_T5a_mid-1.5=227178.0625  sbar_dark_T5b_mid-1.5=258293.2188  sbar_dark_T5c_mid-1.5=212829.9844  sbar_dark_T5d_mid-1.5=212616.8750  sbar_dark_T4a_mid-0.5=28151.3633  sbar_dark_T4b_mid-0.5=64957.1914  sbar_dark_T4c_mid-0.5=60540.8477  sbar_dark_T4d_mid-0.5=52423.1172  sbar_dark_T5a_mid-0.5=457517.4688  sbar_dark_T5b_mid-0.5=595698.6250  sbar_dark_T5c_mid-0.5=438033.1562  sbar_dark_T5d_mid-0.5=524283.1562  sbar_dark_T4a_mid+0.5=14546.6074  sbar_dark_T4b_mid+0.5=8759.3994  sbar_dark_T4c_mid+0.5=22792.8047  sbar_dark_T4d_mid+0.5=24205.7441  sbar_dark_T5a_mid+0.5=75742.3281  sbar_dark_T5b_mid+0.5=73195.2031  sbar_dark_T5c_mid+0.5=57505.5508  sbar_dark_T5d_mid+0.5=73370.1328  sbar_dark_T4b_mid+1.5=11286.7969  sbar_dark_T4c_mid+1.5=21598.3477  sbar_dark_T4d_mid+1.5=12058.5898  sbar_dark_T5a_mid+1.5=55212.2891  sbar_dark_T5b_mid+1.5=61768.2930  sbar_dark_T5c_mid+1.5=58152.5703  sbar_dark_T5d_mid+1.5=53615.7773  sbar_dark_T4a_mid+1.5=15603.6436]:   73%|███████▎  | 730/1000 [07:59<02:57,  1.52it/s] Cost: 326718.5000  [spread_bright_L5=1358202.1250  spread_bright_Mi1=933873.5625  spread_bright_Tm3=897508.5625  spread_bright_Mi4=1103855.5000  spread_dark_L1=867828.3125  spread_dark_L2=979154.7500  spread_dark_L3=1017406.1250  spread_dark_L4=2230639.0000  spread_dark_Mi9=571685.8125  spread_dark_Tm1=977508.0000  spread_dark_Tm2=1024014.8125  spread_dark_Tm4=1305606.2500  spread_dark_Tm9=1109806.7500  sbar_bright_T4a_mid+0=337954.1250  sbar_bright_T4b_mid+0=254109.5781  sbar_bright_T4c_mid+0=306245.9688  sbar_bright_T4d_mid+0=304723.6875  sbar_bright_T5a_mid+0=178368.2188  sbar_bright_T5b_mid+0=224660.7500  sbar_bright_T5c_mid+0=228049.4375  sbar_bright_T5d_mid+0=180671.2500  sbar_bright_T4a_mid+1=236886.3125  sbar_bright_T4b_mid+1=242407.0938  sbar_bright_T4c_mid+1=259730.4531  sbar_bright_T4d_mid+1=256936.5469  sbar_bright_T5a_mid+1=130934.1094  sbar_bright_T5b_mid+1=139457.9375  sbar_bright_T5c_mid+1=139603.5312  sbar_bright_T5d_mid+1=122516.5781  sbar_bright_T4a_mid+2=86224.6719  sbar_bright_T4b_mid+2=119853.3984  sbar_bright_T4c_mid+2=92246.5781  sbar_bright_T4d_mid+2=90220.3750  sbar_bright_T5a_mid+2=170900.9062  sbar_bright_T5b_mid+2=162953.5625  sbar_bright_T5c_mid+2=169967.0938  sbar_bright_T5d_mid+2=170192.1094  sbar_bright_T4a_mid-1=1473923.6250  sbar_bright_T4b_mid-1=1136851.2500  sbar_bright_T4c_mid-1=1546028.0000  sbar_bright_T4d_mid-1=1730379.7500  sbar_bright_T5a_mid-1=490377.3125  sbar_bright_T5b_mid-1=514529.7812  sbar_bright_T5c_mid-1=524698.5000  sbar_bright_T5d_mid-1=493045.5625  sbar_bright_T4a_mid-2=295125.7188  sbar_bright_T4b_mid-2=289783.7500  sbar_bright_T4c_mid-2=292088.8438  sbar_bright_T4d_mid-2=290788.5938  sbar_bright_T5b_mid-2=82059.4375  sbar_bright_T5c_mid-2=83356.5312  sbar_bright_T5d_mid-2=79569.1641  sbar_bright_T5a_mid-2=81932.8906  sbar_bright_T4a_mid-1.5=168800.4844  sbar_bright_T4b_mid-1.5=162593.9219  sbar_bright_T4c_mid-1.5=152988.0000  sbar_bright_T4d_mid-1.5=214640.5312  sbar_bright_T5a_mid-1.5=114428.7812  sbar_bright_T5b_mid-1.5=112680.1328  sbar_bright_T5c_mid-1.5=105200.3750  sbar_bright_T5d_mid-1.5=100320.7422  sbar_bright_T4a_mid-0.5=802105.1875  sbar_bright_T4b_mid-0.5=817929.3125  sbar_bright_T4c_mid-0.5=1068278.0000  sbar_bright_T4d_mid-0.5=1042859.0625  sbar_bright_T5a_mid-0.5=182643.7812  sbar_bright_T5b_mid-0.5=173966.3438  sbar_bright_T5c_mid-0.5=183577.8594  sbar_bright_T5d_mid-0.5=178931.1094  sbar_bright_T4a_mid+0.5=135318.5469  sbar_bright_T4b_mid+0.5=68252.4062  sbar_bright_T4c_mid+0.5=89666.2969  sbar_bright_T4d_mid+0.5=87008.9375  sbar_bright_T5a_mid+0.5=66766.9375  sbar_bright_T5b_mid+0.5=65616.5312  sbar_bright_T5c_mid+0.5=51080.0391  sbar_bright_T5d_mid+0.5=56743.2422  sbar_bright_T4b_mid+1.5=76790.3125  sbar_bright_T4c_mid+1.5=103060.3750  sbar_bright_T4d_mid+1.5=64530.8828  sbar_bright_T5a_mid+1.5=43775.0938  sbar_bright_T5b_mid+1.5=47152.8203  sbar_bright_T5c_mid+1.5=40462.5703  sbar_bright_T5d_mid+1.5=36597.3359  sbar_bright_T4a_mid+1.5=74327.5391  sbar_dark_T4a_mid+0=72242.5469  sbar_dark_T4b_mid+0=60604.4961  sbar_dark_T4c_mid+0=77384.2422  sbar_dark_T4d_mid+0=55371.3594  sbar_dark_T5a_mid+0=287932.1875  sbar_dark_T5b_mid+0=238499.0469  sbar_dark_T5c_mid+0=257999.0938  sbar_dark_T5d_mid+0=281568.0312  sbar_dark_T4a_mid+1=30825.2207  sbar_dark_T4b_mid+1=29991.9434  sbar_dark_T4c_mid+1=47297.8281  sbar_dark_T4d_mid+1=37548.7891  sbar_dark_T5a_mid+1=266814.8438  sbar_dark_T5b_mid+1=215603.5000  sbar_dark_T5c_mid+1=233081.3281  sbar_dark_T5d_mid+1=167814.3906  sbar_dark_T4a_mid+2=55608.4336  sbar_dark_T4b_mid+2=48166.0039  sbar_dark_T4c_mid+2=80374.1562  sbar_dark_T4d_mid+2=52886.7344  sbar_dark_T5a_mid+2=202719.1719  sbar_dark_T5b_mid+2=220758.2188  sbar_dark_T5c_mid+2=202228.7344  sbar_dark_T5d_mid+2=208743.7188  sbar_dark_T4a_mid-1=298049.3750  sbar_dark_T4b_mid-1=173452.9375  sbar_dark_T4c_mid-1=190510.5000  sbar_dark_T4d_mid-1=198053.7969  sbar_dark_T5a_mid-1=1301529.7500  sbar_dark_T5b_mid-1=1028768.6250  sbar_dark_T5c_mid-1=1178786.2500  sbar_dark_T5d_mid-1=1335091.7500  sbar_dark_T4a_mid-2=132723.0781  sbar_dark_T4b_mid-2=115852.9844  sbar_dark_T4c_mid-2=142764.6562  sbar_dark_T4d_mid-2=139251.2500  sbar_dark_T5b_mid-2=662652.5625  sbar_dark_T5c_mid-2=607641.5625  sbar_dark_T5d_mid-2=695708.6250  sbar_dark_T5a_mid-2=654319.8750  sbar_dark_T4a_mid-1.5=35615.0859  sbar_dark_T4b_mid-1.5=43771.6289  sbar_dark_T4c_mid-1.5=53295.2617  sbar_dark_T4d_mid-1.5=29274.7637  sbar_dark_T5a_mid-1.5=228873.3750  sbar_dark_T5b_mid-1.5=256635.3594  sbar_dark_T5c_mid-1.5=212894.8438  sbar_dark_T5d_mid-1.5=215056.1406  sbar_dark_T4a_mid-0.5=28543.3887  sbar_dark_T4b_mid-0.5=66082.5703  sbar_dark_T4c_mid-0.5=60819.9492  sbar_dark_T4d_mid-0.5=53004.0352  sbar_dark_T5a_mid-0.5=458945.5312  sbar_dark_T5b_mid-0.5=589743.1875  sbar_dark_T5c_mid-0.5=437607.1875  sbar_dark_T5d_mid-0.5=531077.8125  sbar_dark_T4a_mid+0.5=14974.5488  sbar_dark_T4b_mid+0.5=9058.1787  sbar_dark_T4c_mid+0.5=22921.5996  sbar_dark_T4d_mid+0.5=24107.6992  sbar_dark_T5a_mid+0.5=75121.0938  sbar_dark_T5b_mid+0.5=70150.1250  sbar_dark_T5c_mid+0.5=56664.9141  sbar_dark_T5d_mid+0.5=70594.7031  sbar_dark_T4b_mid+1.5=11455.5088  sbar_dark_T4c_mid+1.5=21897.7695  sbar_dark_T4d_mid+1.5=12426.8027  sbar_dark_T5a_mid+1.5=54116.8516  sbar_dark_T5b_mid+1.5=61285.8516  sbar_dark_T5c_mid+1.5=57025.7148  sbar_dark_T5d_mid+1.5=52208.3125  sbar_dark_T4a_mid+1.5=15788.4570]:  74%|███████▍  | 740/1000 [08:05<02:51,  1.52it/s] Cost: 326319.5938  [spread_bright_L5=1353594.7500  spread_bright_Mi1=922821.9375  spread_bright_Tm3=881359.8125  spread_bright_Mi4=1097176.5000  spread_dark_L1=874427.5625  spread_dark_L2=987551.6250  spread_dark_L3=1019436.0000  spread_dark_L4=2231479.0000  spread_dark_Mi9=562975.0625  spread_dark_Tm1=976573.8125  spread_dark_Tm2=1013967.7500  spread_dark_Tm4=1303666.1250  spread_dark_Tm9=1112405.1250  sbar_bright_T4a_mid+0=326956.1250  sbar_bright_T4b_mid+0=250752.9375  sbar_bright_T4c_mid+0=305984.7500  sbar_bright_T4d_mid+0=302017.1250  sbar_bright_T5a_mid+0=172786.4844  sbar_bright_T5b_mid+0=213816.4531  sbar_bright_T5c_mid+0=220598.7969  sbar_bright_T5d_mid+0=178313.3281  sbar_bright_T4a_mid+1=235094.5000  sbar_bright_T4b_mid+1=241155.5938  sbar_bright_T4c_mid+1=258389.0938  sbar_bright_T4d_mid+1=256413.5625  sbar_bright_T5a_mid+1=126925.8672  sbar_bright_T5b_mid+1=135090.6406  sbar_bright_T5c_mid+1=135403.2656  sbar_bright_T5d_mid+1=120989.3438  sbar_bright_T4a_mid+2=83971.2500  sbar_bright_T4b_mid+2=113547.5234  sbar_bright_T4c_mid+2=89815.4844  sbar_bright_T4d_mid+2=88631.2812  sbar_bright_T5a_mid+2=171455.8750  sbar_bright_T5b_mid+2=163454.3906  sbar_bright_T5c_mid+2=170094.7812  sbar_bright_T5d_mid+2=170679.6719  sbar_bright_T4a_mid-1=1491761.6250  sbar_bright_T4b_mid-1=1149895.5000  sbar_bright_T4c_mid-1=1556481.8750  sbar_bright_T4d_mid-1=1736089.5000  sbar_bright_T5a_mid-1=483883.1875  sbar_bright_T5b_mid-1=503460.5625  sbar_bright_T5c_mid-1=517611.3750  sbar_bright_T5d_mid-1=489026.7812  sbar_bright_T4a_mid-2=303126.8438  sbar_bright_T4b_mid-2=295374.1875  sbar_bright_T4c_mid-2=296336.8125  sbar_bright_T4d_mid-2=295774.4375  sbar_bright_T5b_mid-2=79475.5391  sbar_bright_T5c_mid-2=81054.9844  sbar_bright_T5d_mid-2=79614.8438  sbar_bright_T5a_mid-2=79901.7031  sbar_bright_T4a_mid-1.5=170310.4531  sbar_bright_T4b_mid-1.5=165321.3906  sbar_bright_T4c_mid-1.5=154384.4062  sbar_bright_T4d_mid-1.5=215336.6094  sbar_bright_T5a_mid-1.5=114493.9453  sbar_bright_T5b_mid-1.5=113013.8125  sbar_bright_T5c_mid-1.5=104799.4219  sbar_bright_T5d_mid-1.5=100171.8203  sbar_bright_T4a_mid-0.5=810582.6250  sbar_bright_T4b_mid-0.5=824072.3750  sbar_bright_T4c_mid-0.5=1073956.3750  sbar_bright_T4d_mid-0.5=1044593.7500  sbar_bright_T5a_mid-0.5=180093.9531  sbar_bright_T5b_mid-0.5=172587.4688  sbar_bright_T5c_mid-0.5=181897.9219  sbar_bright_T5d_mid-0.5=177839.8906  sbar_bright_T4a_mid+0.5=137404.7656  sbar_bright_T4b_mid+0.5=69362.8906  sbar_bright_T4c_mid+0.5=90320.2656  sbar_bright_T4d_mid+0.5=87910.9609  sbar_bright_T5a_mid+0.5=65358.1953  sbar_bright_T5b_mid+0.5=64057.5078  sbar_bright_T5c_mid+0.5=49674.4766  sbar_bright_T5d_mid+0.5=54779.0898  sbar_bright_T4b_mid+1.5=75362.6797  sbar_bright_T4c_mid+1.5=102586.1562  sbar_bright_T4d_mid+1.5=64403.4414  sbar_bright_T5a_mid+1.5=43704.1250  sbar_bright_T5b_mid+1.5=46631.7266  sbar_bright_T5c_mid+1.5=40218.4297  sbar_bright_T5d_mid+1.5=36140.0000  sbar_bright_T4a_mid+1.5=72721.5391  sbar_dark_T4a_mid+0=69070.2500  sbar_dark_T4b_mid+0=58213.9688  sbar_dark_T4c_mid+0=75893.7188  sbar_dark_T4d_mid+0=54130.1836  sbar_dark_T5a_mid+0=273568.9688  sbar_dark_T5b_mid+0=216763.0312  sbar_dark_T5c_mid+0=244061.7344  sbar_dark_T5d_mid+0=279001.4688  sbar_dark_T4a_mid+1=29520.8262  sbar_dark_T4b_mid+1=28897.3516  sbar_dark_T4c_mid+1=46094.1680  sbar_dark_T4d_mid+1=36828.1055  sbar_dark_T5a_mid+1=256930.9219  sbar_dark_T5b_mid+1=211825.5312  sbar_dark_T5c_mid+1=226697.9844  sbar_dark_T5d_mid+1=167300.2500  sbar_dark_T4a_mid+2=52469.3438  sbar_dark_T4b_mid+2=45640.7734  sbar_dark_T4c_mid+2=78139.9922  sbar_dark_T4d_mid+2=51601.5586  sbar_dark_T5a_mid+2=205515.0625  sbar_dark_T5b_mid+2=218065.5312  sbar_dark_T5c_mid+2=203865.2031  sbar_dark_T5d_mid+2=211311.3906  sbar_dark_T4a_mid-1=292620.2500  sbar_dark_T4b_mid-1=170716.2812  sbar_dark_T4c_mid-1=188569.1094  sbar_dark_T4d_mid-1=197080.0000  sbar_dark_T5a_mid-1=1318627.7500  sbar_dark_T5b_mid-1=1048968.1250  sbar_dark_T5c_mid-1=1190489.0000  sbar_dark_T5d_mid-1=1340448.0000  sbar_dark_T4a_mid-2=126858.3438  sbar_dark_T4b_mid-2=110466.1875  sbar_dark_T4c_mid-2=138807.6875  sbar_dark_T4d_mid-2=135578.7500  sbar_dark_T5b_mid-2=673893.3750  sbar_dark_T5c_mid-2=617052.5625  sbar_dark_T5d_mid-2=699040.3125  sbar_dark_T5a_mid-2=663235.6250  sbar_dark_T4a_mid-1.5=34658.9180  sbar_dark_T4b_mid-1.5=42002.9453  sbar_dark_T4c_mid-1.5=52014.2422  sbar_dark_T4d_mid-1.5=28960.1133  sbar_dark_T5a_mid-1.5=232491.6719  sbar_dark_T5b_mid-1.5=260041.8125  sbar_dark_T5c_mid-1.5=216101.0625  sbar_dark_T5d_mid-1.5=215344.8125  sbar_dark_T4a_mid-0.5=28986.4277  sbar_dark_T4b_mid-0.5=65367.3555  sbar_dark_T4c_mid-0.5=60179.6953  sbar_dark_T4d_mid-0.5=53205.4844  sbar_dark_T5a_mid-0.5=469193.7812  sbar_dark_T5b_mid-0.5=601370.0625  sbar_dark_T5c_mid-0.5=442728.0938  sbar_dark_T5d_mid-0.5=534787.9375  sbar_dark_T4a_mid+0.5=14460.3330  sbar_dark_T4b_mid+0.5=8582.6279  sbar_dark_T4c_mid+0.5=22468.0059  sbar_dark_T4d_mid+0.5=23433.5391  sbar_dark_T5a_mid+0.5=76760.7422  sbar_dark_T5b_mid+0.5=71308.1016  sbar_dark_T5c_mid+0.5=58206.2344  sbar_dark_T5d_mid+0.5=71052.5469  sbar_dark_T4b_mid+1.5=11119.8672  sbar_dark_T4c_mid+1.5=21283.0137  sbar_dark_T4d_mid+1.5=12272.5840  sbar_dark_T5a_mid+1.5=53788.4766  sbar_dark_T5b_mid+1.5=59691.8008  sbar_dark_T5c_mid+1.5=56507.5469  sbar_dark_T5d_mid+1.5=52169.2539  sbar_dark_T4a_mid+1.5=15045.7422]:  75%|███████▌  | 750/1000 [08:12<02:44,  1.52it/s] Cost: 761661.8750  [spread_bright_L5=1735389.8750  spread_bright_Mi1=1575565.8750  spread_bright_Tm3=2311785.2500  spread_bright_Mi4=6462560.0000  spread_dark_L1=1261604.8750  spread_dark_L2=1372390.1250  spread_dark_L3=3144521.2500  spread_dark_L4=7583537.0000  spread_dark_Mi9=7012774.0000  spread_dark_Tm1=6390193.5000  spread_dark_Tm2=6401705.5000  spread_dark_Tm4=5471262.5000  spread_dark_Tm9=6915686.0000  sbar_bright_T4a_mid+0=1032111.8125  sbar_bright_T4b_mid+0=1115795.7500  sbar_bright_T4c_mid+0=1169619.5000  sbar_bright_T4d_mid+0=1120449.5000  sbar_bright_T5a_mid+0=194811.1406  sbar_bright_T5b_mid+0=195705.0156  sbar_bright_T5c_mid+0=198774.8906  sbar_bright_T5d_mid+0=199788.8125  sbar_bright_T4a_mid+1=297433.4375  sbar_bright_T4b_mid+1=332878.3750  sbar_bright_T4c_mid+1=315188.3125  sbar_bright_T4d_mid+1=300393.6875  sbar_bright_T5a_mid+1=183470.7031  sbar_bright_T5b_mid+1=203893.5469  sbar_bright_T5c_mid+1=190461.8125  sbar_bright_T5d_mid+1=190986.1406  sbar_bright_T4a_mid+2=108667.7578  sbar_bright_T4b_mid+2=107073.9375  sbar_bright_T4c_mid+2=103613.1406  sbar_bright_T4d_mid+2=107043.6953  sbar_bright_T5a_mid+2=341619.1562  sbar_bright_T5b_mid+2=321611.7812  sbar_bright_T5c_mid+2=335646.2500  sbar_bright_T5d_mid+2=341798.0625  sbar_bright_T4a_mid-1=2603630.0000  sbar_bright_T4b_mid-1=2498503.2500  sbar_bright_T4c_mid-1=2614168.5000  sbar_bright_T4d_mid-1=2666815.0000  sbar_bright_T5a_mid-1=440846.5000  sbar_bright_T5b_mid-1=435025.8125  sbar_bright_T5c_mid-1=436765.9375  sbar_bright_T5d_mid-1=440699.1875  sbar_bright_T4a_mid-2=681228.8125  sbar_bright_T4b_mid-2=681864.1250  sbar_bright_T4c_mid-2=675349.9375  sbar_bright_T4d_mid-2=672430.5000  sbar_bright_T5b_mid-2=149351.0938  sbar_bright_T5c_mid-2=152255.8281  sbar_bright_T5d_mid-2=154387.6406  sbar_bright_T5a_mid-2=144841.1875  sbar_bright_T4a_mid-1.5=291174.7812  sbar_bright_T4b_mid-1.5=293349.4375  sbar_bright_T4c_mid-1.5=284114.5625  sbar_bright_T4d_mid-1.5=294750.2812  sbar_bright_T5a_mid-1.5=141946.7500  sbar_bright_T5b_mid-1.5=141376.8125  sbar_bright_T5c_mid-1.5=135581.3438  sbar_bright_T5d_mid-1.5=127030.4453  sbar_bright_T4a_mid-0.5=1479578.0000  sbar_bright_T4b_mid-0.5=1508083.2500  sbar_bright_T4c_mid-0.5=1539304.6250  sbar_bright_T4d_mid-0.5=1499350.2500  sbar_bright_T5a_mid-0.5=172472.4531  sbar_bright_T5b_mid-0.5=175089.7188  sbar_bright_T5c_mid-0.5=173174.9844  sbar_bright_T5d_mid-0.5=173574.7812  sbar_bright_T4a_mid+0.5=318500.0312  sbar_bright_T4b_mid+0.5=299616.9062  sbar_bright_T4c_mid+0.5=270210.4062  sbar_bright_T4d_mid+0.5=308890.0938  sbar_bright_T5a_mid+0.5=75543.9688  sbar_bright_T5b_mid+0.5=74769.6953  sbar_bright_T5c_mid+0.5=74296.9922  sbar_bright_T5d_mid+0.5=74612.7891  sbar_bright_T4b_mid+1.5=33649.8086  sbar_bright_T4c_mid+1.5=33278.0352  sbar_bright_T4d_mid+1.5=32997.5469  sbar_bright_T5a_mid+1.5=73672.3047  sbar_bright_T5b_mid+1.5=76913.6953  sbar_bright_T5c_mid+1.5=72003.9531  sbar_bright_T5d_mid+1.5=66742.0781  sbar_bright_T4a_mid+1.5=30273.9941  sbar_dark_T4a_mid+0=21539.5215  sbar_dark_T4b_mid+0=21691.0918  sbar_dark_T4c_mid+0=24031.3379  sbar_dark_T4d_mid+0=24365.0117  sbar_dark_T5a_mid+0=659432.0000  sbar_dark_T5b_mid+0=671148.9375  sbar_dark_T5c_mid+0=703856.6875  sbar_dark_T5d_mid+0=704586.3125  sbar_dark_T4a_mid+1=27939.1328  sbar_dark_T4b_mid+1=32406.1211  sbar_dark_T4c_mid+1=31393.4922  sbar_dark_T4d_mid+1=29385.2031  sbar_dark_T5a_mid+1=327131.2188  sbar_dark_T5b_mid+1=363960.7812  sbar_dark_T5c_mid+1=337505.8125  sbar_dark_T5d_mid+1=337095.5625  sbar_dark_T4a_mid+2=27177.1582  sbar_dark_T4b_mid+2=26935.3691  sbar_dark_T4c_mid+2=26620.2598  sbar_dark_T4d_mid+2=26871.9844  sbar_dark_T5a_mid+2=422887.5625  sbar_dark_T5b_mid+2=397263.5000  sbar_dark_T5c_mid+2=413813.8438  sbar_dark_T5d_mid+2=421661.2500  sbar_dark_T4a_mid-1=99525.5703  sbar_dark_T4b_mid-1=89157.2266  sbar_dark_T4c_mid-1=92300.2656  sbar_dark_T4d_mid-1=95772.7734  sbar_dark_T5a_mid-1=2309631.5000  sbar_dark_T5b_mid-1=2266661.0000  sbar_dark_T5c_mid-1=2299833.2500  sbar_dark_T5d_mid-1=2317907.2500  sbar_dark_T4a_mid-2=10207.9648  sbar_dark_T4b_mid-2=10306.3428  sbar_dark_T4c_mid-2=10232.6182  sbar_dark_T4d_mid-2=10259.2295  sbar_dark_T5b_mid-2=1218239.0000  sbar_dark_T5c_mid-2=1234606.8750  sbar_dark_T5d_mid-2=1243097.3750  sbar_dark_T5a_mid-2=1185508.2500  sbar_dark_T4a_mid-1.5=6582.3066  sbar_dark_T4b_mid-1.5=6625.3530  sbar_dark_T4c_mid-1.5=6610.1284  sbar_dark_T4d_mid-1.5=6661.4180  sbar_dark_T5a_mid-1.5=388220.4688  sbar_dark_T5b_mid-1.5=386195.6250  sbar_dark_T5c_mid-1.5=371307.4375  sbar_dark_T5d_mid-1.5=347404.1875  sbar_dark_T4a_mid-0.5=23636.2910  sbar_dark_T4b_mid-0.5=27658.5254  sbar_dark_T4c_mid-0.5=25231.4668  sbar_dark_T4d_mid-0.5=27735.5059  sbar_dark_T5a_mid-0.5=944709.2500  sbar_dark_T5b_mid-0.5=948506.5625  sbar_dark_T5c_mid-0.5=941079.5000  sbar_dark_T5d_mid-0.5=919864.7500  sbar_dark_T4a_mid+0.5=8071.9678  sbar_dark_T4b_mid+0.5=7057.5918  sbar_dark_T4c_mid+0.5=6890.0332  sbar_dark_T4d_mid+0.5=6772.2256  sbar_dark_T5a_mid+0.5=220923.8281  sbar_dark_T5b_mid+0.5=217625.6250  sbar_dark_T5c_mid+0.5=210480.5156  sbar_dark_T5d_mid+0.5=210219.4531  sbar_dark_T4b_mid+1.5=13536.5479  sbar_dark_T4c_mid+1.5=13532.9678  sbar_dark_T4d_mid+1.5=13417.4434  sbar_dark_T5a_mid+1.5=62814.0000  sbar_dark_T5b_mid+1.5=65199.2109  sbar_dark_T5c_mid+1.5=61592.1758  sbar_dark_T5d_mid+1.5=56704.5234  sbar_dark_T4a_mid+1.5=12199.2783]:  76%|███████▌  | 760/1000 [08:18<02:37,  1.52it/s] Cost: 686650.3750  [spread_bright_L5=1258737.0000  spread_bright_Mi1=1538158.3750  spread_bright_Tm3=2133737.2500  spread_bright_Mi4=5023196.0000  spread_dark_L1=1083969.0000  spread_dark_L2=1340126.1250  spread_dark_L3=3206700.2500  spread_dark_L4=7712183.0000  spread_dark_Mi9=6705301.5000  spread_dark_Tm1=5744657.0000  spread_dark_Tm2=5790229.0000  spread_dark_Tm4=2141700.0000  spread_dark_Tm9=6789452.0000  sbar_bright_T4a_mid+0=504840.1875  sbar_bright_T4b_mid+0=518218.4688  sbar_bright_T4c_mid+0=701350.4375  sbar_bright_T4d_mid+0=621361.5625  sbar_bright_T5a_mid+0=184781.4531  sbar_bright_T5b_mid+0=190742.1250  sbar_bright_T5c_mid+0=191099.5000  sbar_bright_T5d_mid+0=195558.9531  sbar_bright_T4a_mid+1=249675.5469  sbar_bright_T4b_mid+1=266470.7812  sbar_bright_T4c_mid+1=255483.0000  sbar_bright_T4d_mid+1=256027.3594  sbar_bright_T5a_mid+1=182511.2969  sbar_bright_T5b_mid+1=202432.9062  sbar_bright_T5c_mid+1=187454.5781  sbar_bright_T5d_mid+1=189886.3125  sbar_bright_T4a_mid+2=112439.1406  sbar_bright_T4b_mid+2=102998.5781  sbar_bright_T4c_mid+2=113656.1484  sbar_bright_T4d_mid+2=106741.9766  sbar_bright_T5a_mid+2=344187.5625  sbar_bright_T5b_mid+2=316951.6250  sbar_bright_T5c_mid+2=335292.9375  sbar_bright_T5d_mid+2=340993.5312  sbar_bright_T4a_mid-1=2319914.5000  sbar_bright_T4b_mid-1=2098888.0000  sbar_bright_T4c_mid-1=2357714.7500  sbar_bright_T4d_mid-1=2476313.2500  sbar_bright_T5a_mid-1=441552.0938  sbar_bright_T5b_mid-1=437544.3125  sbar_bright_T5c_mid-1=439826.6250  sbar_bright_T5d_mid-1=441987.7812  sbar_bright_T4a_mid-2=636475.7500  sbar_bright_T4b_mid-2=632237.0000  sbar_bright_T4c_mid-2=604606.1875  sbar_bright_T4d_mid-2=649550.1250  sbar_bright_T5b_mid-2=154627.2344  sbar_bright_T5c_mid-2=152424.7656  sbar_bright_T5d_mid-2=157342.9688  sbar_bright_T5a_mid-2=144275.9688  sbar_bright_T4a_mid-1.5=268129.2188  sbar_bright_T4b_mid-1.5=263252.6562  sbar_bright_T4c_mid-1.5=260793.5938  sbar_bright_T4d_mid-1.5=280607.5625  sbar_bright_T5a_mid-1.5=142859.0312  sbar_bright_T5b_mid-1.5=145091.1875  sbar_bright_T5c_mid-1.5=132666.3281  sbar_bright_T5d_mid-1.5=128541.5078  sbar_bright_T4a_mid-0.5=1312754.5000  sbar_bright_T4b_mid-0.5=1315964.1250  sbar_bright_T4c_mid-0.5=1452202.5000  sbar_bright_T4d_mid-0.5=1354604.7500  sbar_bright_T5a_mid-0.5=172639.3125  sbar_bright_T5b_mid-0.5=177302.4531  sbar_bright_T5c_mid-0.5=175002.1875  sbar_bright_T5d_mid-0.5=171999.0938  sbar_bright_T4a_mid+0.5=287214.0000  sbar_bright_T4b_mid+0.5=196163.8594  sbar_bright_T4c_mid+0.5=186521.4219  sbar_bright_T4d_mid+0.5=255789.8125  sbar_bright_T5a_mid+0.5=74948.3750  sbar_bright_T5b_mid+0.5=72923.8516  sbar_bright_T5c_mid+0.5=72241.2344  sbar_bright_T5d_mid+0.5=72482.8203  sbar_bright_T4b_mid+1.5=35823.3750  sbar_bright_T4c_mid+1.5=35128.6875  sbar_bright_T4d_mid+1.5=33504.0625  sbar_bright_T5a_mid+1.5=72879.6562  sbar_bright_T5b_mid+1.5=79945.0781  sbar_bright_T5c_mid+1.5=70580.1562  sbar_bright_T5d_mid+1.5=67213.3125  sbar_bright_T4a_mid+1.5=32152.6973  sbar_dark_T4a_mid+0=19624.6035  sbar_dark_T4b_mid+0=18311.5449  sbar_dark_T4c_mid+0=24575.7988  sbar_dark_T4d_mid+0=21357.7520  sbar_dark_T5a_mid+0=621236.8125  sbar_dark_T5b_mid+0=640861.8125  sbar_dark_T5c_mid+0=670570.3750  sbar_dark_T5d_mid+0=688524.7500  sbar_dark_T4a_mid+1=28340.4414  sbar_dark_T4b_mid+1=30965.8906  sbar_dark_T4c_mid+1=36895.1719  sbar_dark_T4d_mid+1=30442.4395  sbar_dark_T5a_mid+1=322015.4688  sbar_dark_T5b_mid+1=359739.0000  sbar_dark_T5c_mid+1=329788.6250  sbar_dark_T5d_mid+1=332512.0625  sbar_dark_T4a_mid+2=32507.4062  sbar_dark_T4b_mid+2=32868.8047  sbar_dark_T4c_mid+2=41363.0312  sbar_dark_T4d_mid+2=33010.6406  sbar_dark_T5a_mid+2=425262.8750  sbar_dark_T5b_mid+2=391503.3438  sbar_dark_T5c_mid+2=412424.5625  sbar_dark_T5d_mid+2=419648.6562  sbar_dark_T4a_mid-1=102134.4688  sbar_dark_T4b_mid-1=92100.0625  sbar_dark_T4c_mid-1=95228.0703  sbar_dark_T4d_mid-1=98387.6719  sbar_dark_T5a_mid-1=2312911.5000  sbar_dark_T5b_mid-1=2265028.0000  sbar_dark_T5c_mid-1=2311152.0000  sbar_dark_T5d_mid-1=2326490.7500  sbar_dark_T4a_mid-2=20890.5742  sbar_dark_T4b_mid-2=35226.7383  sbar_dark_T4c_mid-2=35786.0938  sbar_dark_T4d_mid-2=15652.0996  sbar_dark_T5b_mid-2=1218717.6250  sbar_dark_T5c_mid-2=1232754.3750  sbar_dark_T5d_mid-2=1251304.3750  sbar_dark_T5a_mid-2=1179899.7500  sbar_dark_T4a_mid-1.5=10759.5088  sbar_dark_T4b_mid-1.5=16104.1885  sbar_dark_T4c_mid-1.5=11755.1064  sbar_dark_T4d_mid-1.5=10205.7598  sbar_dark_T5a_mid-1.5=390168.6875  sbar_dark_T5b_mid-1.5=395635.0312  sbar_dark_T5c_mid-1.5=362800.1250  sbar_dark_T5d_mid-1.5=350783.3750  sbar_dark_T4a_mid-0.5=21775.8984  sbar_dark_T4b_mid-0.5=26812.0488  sbar_dark_T4c_mid-0.5=24485.4473  sbar_dark_T4d_mid-0.5=26342.6895  sbar_dark_T5a_mid-0.5=938432.2500  sbar_dark_T5b_mid-0.5=955302.5000  sbar_dark_T5c_mid-0.5=950330.6250  sbar_dark_T5d_mid-0.5=901854.7500  sbar_dark_T4a_mid+0.5=9241.6494  sbar_dark_T4b_mid+0.5=5154.8848  sbar_dark_T4c_mid+0.5=8562.7109  sbar_dark_T4d_mid+0.5=8793.0801  sbar_dark_T5a_mid+0.5=217895.4531  sbar_dark_T5b_mid+0.5=208047.3750  sbar_dark_T5c_mid+0.5=202403.0000  sbar_dark_T5d_mid+0.5=202519.6875  sbar_dark_T4b_mid+1.5=13581.6514  sbar_dark_T4c_mid+1.5=15272.5146  sbar_dark_T4d_mid+1.5=12777.7539  sbar_dark_T5a_mid+1.5=62332.9492  sbar_dark_T5b_mid+1.5=67878.7500  sbar_dark_T5c_mid+1.5=60825.3359  sbar_dark_T5d_mid+1.5=57134.7500  sbar_dark_T4a_mid+1.5=15621.0000]:  77%|███████▋  | 770/1000 [08:25<02:31,  1.52it/s] Cost: 577642.6875  [spread_bright_L5=1876524.0000  spread_bright_Mi1=1802599.0000  spread_bright_Tm3=1406344.7500  spread_bright_Mi4=4379826.0000  spread_dark_L1=1371114.8750  spread_dark_L2=1431233.5000  spread_dark_L3=3264128.7500  spread_dark_L4=5808093.0000  spread_dark_Mi9=6269331.0000  spread_dark_Tm1=1487517.3750  spread_dark_Tm2=888828.0625  spread_dark_Tm4=1248031.5000  spread_dark_Tm9=6365372.5000  sbar_bright_T4a_mid+0=590626.9375  sbar_bright_T4b_mid+0=609726.8750  sbar_bright_T4c_mid+0=562360.3125  sbar_bright_T4d_mid+0=523761.9062  sbar_bright_T5a_mid+0=169047.7344  sbar_bright_T5b_mid+0=175663.6719  sbar_bright_T5c_mid+0=175861.7188  sbar_bright_T5d_mid+0=179833.0625  sbar_bright_T4a_mid+1=177872.8750  sbar_bright_T4b_mid+1=175706.9688  sbar_bright_T4c_mid+1=206739.0625  sbar_bright_T4d_mid+1=226521.6250  sbar_bright_T5a_mid+1=181429.5625  sbar_bright_T5b_mid+1=203672.1250  sbar_bright_T5c_mid+1=184971.1094  sbar_bright_T5d_mid+1=187815.1094  sbar_bright_T4a_mid+2=73302.8281  sbar_bright_T4b_mid+2=53722.6367  sbar_bright_T4c_mid+2=68530.4609  sbar_bright_T4d_mid+2=67337.1250  sbar_bright_T5a_mid+2=338445.7500  sbar_bright_T5b_mid+2=318702.7500  sbar_bright_T5c_mid+2=333757.7188  sbar_bright_T5d_mid+2=341154.2812  sbar_bright_T4a_mid-1=1912113.0000  sbar_bright_T4b_mid-1=1960851.2500  sbar_bright_T4c_mid-1=2069910.8750  sbar_bright_T4d_mid-1=2213675.0000  sbar_bright_T5a_mid-1=439111.8750  sbar_bright_T5b_mid-1=436226.3438  sbar_bright_T5c_mid-1=438562.2812  sbar_bright_T5d_mid-1=438097.8750  sbar_bright_T4a_mid-2=547379.0000  sbar_bright_T4b_mid-2=586654.2500  sbar_bright_T4c_mid-2=524289.3125  sbar_bright_T4d_mid-2=552461.4375  sbar_bright_T5b_mid-2=152455.6250  sbar_bright_T5c_mid-2=154581.0625  sbar_bright_T5d_mid-2=156509.7812  sbar_bright_T5a_mid-2=147672.9688  sbar_bright_T4a_mid-1.5=245406.7188  sbar_bright_T4b_mid-1.5=261490.0938  sbar_bright_T4c_mid-1.5=251065.7188  sbar_bright_T4d_mid-1.5=273624.1875  sbar_bright_T5a_mid-1.5=141996.3125  sbar_bright_T5b_mid-1.5=146438.7188  sbar_bright_T5c_mid-1.5=133768.4062  sbar_bright_T5d_mid-1.5=126943.6250  sbar_bright_T4a_mid-0.5=1115136.0000  sbar_bright_T4b_mid-0.5=1215572.7500  sbar_bright_T4c_mid-0.5=1327787.8750  sbar_bright_T4d_mid-0.5=1206795.5000  sbar_bright_T5a_mid-0.5=174103.1250  sbar_bright_T5b_mid-0.5=177548.4688  sbar_bright_T5c_mid-0.5=174735.9219  sbar_bright_T5d_mid-0.5=172139.7500  sbar_bright_T4a_mid+0.5=212198.7031  sbar_bright_T4b_mid+0.5=150484.1250  sbar_bright_T4c_mid+0.5=148465.5938  sbar_bright_T4d_mid+0.5=174005.4219  sbar_bright_T5a_mid+0.5=75714.6094  sbar_bright_T5b_mid+0.5=74329.2031  sbar_bright_T5c_mid+0.5=70713.4844  sbar_bright_T5d_mid+0.5=69348.5000  sbar_bright_T4b_mid+1.5=37266.3242  sbar_bright_T4c_mid+1.5=48278.6758  sbar_bright_T4d_mid+1.5=39325.2383  sbar_bright_T5a_mid+1.5=73717.5781  sbar_bright_T5b_mid+1.5=81899.1562  sbar_bright_T5c_mid+1.5=71150.3281  sbar_bright_T5d_mid+1.5=66231.6797  sbar_bright_T4a_mid+1.5=41737.5859  sbar_dark_T4a_mid+0=66267.3828  sbar_dark_T4b_mid+0=65665.9219  sbar_dark_T4c_mid+0=43957.0938  sbar_dark_T4d_mid+0=49893.3750  sbar_dark_T5a_mid+0=289356.9375  sbar_dark_T5b_mid+0=321134.3438  sbar_dark_T5c_mid+0=385011.8438  sbar_dark_T5d_mid+0=412756.2500  sbar_dark_T4a_mid+1=16642.5332  sbar_dark_T4b_mid+1=19201.3945  sbar_dark_T4c_mid+1=25001.4922  sbar_dark_T4d_mid+1=27611.5039  sbar_dark_T5a_mid+1=299015.2188  sbar_dark_T5b_mid+1=350432.5000  sbar_dark_T5c_mid+1=297445.0625  sbar_dark_T5d_mid+1=295533.0000  sbar_dark_T4a_mid+2=28934.1406  sbar_dark_T4b_mid+2=24077.1211  sbar_dark_T4c_mid+2=27151.1230  sbar_dark_T4d_mid+2=24957.1191  sbar_dark_T5a_mid+2=417349.5625  sbar_dark_T5b_mid+2=384339.3438  sbar_dark_T5c_mid+2=404073.3125  sbar_dark_T5d_mid+2=413767.9375  sbar_dark_T4a_mid-1=141454.3594  sbar_dark_T4b_mid-1=122101.5234  sbar_dark_T4c_mid-1=130272.4453  sbar_dark_T4d_mid-1=133547.1875  sbar_dark_T5a_mid-1=2262890.2500  sbar_dark_T5b_mid-1=2145521.0000  sbar_dark_T5c_mid-1=2274690.5000  sbar_dark_T5d_mid-1=2267733.5000  sbar_dark_T4a_mid-2=42369.2500  sbar_dark_T4b_mid-2=31363.5098  sbar_dark_T4c_mid-2=45364.9336  sbar_dark_T4d_mid-2=34523.1562  sbar_dark_T5b_mid-2=1211592.8750  sbar_dark_T5c_mid-2=1231258.8750  sbar_dark_T5d_mid-2=1250787.7500  sbar_dark_T5a_mid-2=1192768.5000  sbar_dark_T4a_mid-1.5=18897.9805  sbar_dark_T4b_mid-1.5=12757.0107  sbar_dark_T4c_mid-1.5=15717.9375  sbar_dark_T4d_mid-1.5=12991.8818  sbar_dark_T5a_mid-1.5=388508.1562  sbar_dark_T5b_mid-1.5=399568.4375  sbar_dark_T5c_mid-1.5=366265.2188  sbar_dark_T5d_mid-1.5=347929.1562  sbar_dark_T4a_mid-0.5=30418.2617  sbar_dark_T4b_mid-0.5=28706.3867  sbar_dark_T4c_mid-0.5=37049.4805  sbar_dark_T4d_mid-0.5=32859.3125  sbar_dark_T5a_mid-0.5=933976.5625  sbar_dark_T5b_mid-0.5=951255.8125  sbar_dark_T5c_mid-0.5=922818.3750  sbar_dark_T5d_mid-0.5=877657.3750  sbar_dark_T4a_mid+0.5=6873.9224  sbar_dark_T4b_mid+0.5=3625.2209  sbar_dark_T4c_mid+0.5=17422.8262  sbar_dark_T4d_mid+0.5=5412.4917  sbar_dark_T5a_mid+0.5=217257.4688  sbar_dark_T5b_mid+0.5=202052.6562  sbar_dark_T5c_mid+0.5=175055.8594  sbar_dark_T5d_mid+0.5=156821.1875  sbar_dark_T4b_mid+1.5=7944.4395  sbar_dark_T4c_mid+1.5=9796.7188  sbar_dark_T4d_mid+1.5=7694.2227  sbar_dark_T5a_mid+1.5=63044.1797  sbar_dark_T5b_mid+1.5=69315.5469  sbar_dark_T5c_mid+1.5=61312.7695  sbar_dark_T5d_mid+1.5=56568.4727  sbar_dark_T4a_mid+1.5=9034.4951]:       78%|███████▊  | 780/1000 [08:31<02:24,  1.52it/s] Cost: 540993.2500  [spread_bright_L5=2144335.0000  spread_bright_Mi1=1614044.0000  spread_bright_Tm3=1220930.7500  spread_bright_Mi4=3579328.2500  spread_dark_L1=1202832.8750  spread_dark_L2=1337786.1250  spread_dark_L3=3100088.7500  spread_dark_L4=4193880.5000  spread_dark_Mi9=5919762.0000  spread_dark_Tm1=952361.0625  spread_dark_Tm2=1213043.2500  spread_dark_Tm4=1491736.2500  spread_dark_Tm9=6215531.0000  sbar_bright_T4a_mid+0=783078.2500  sbar_bright_T4b_mid+0=622775.6875  sbar_bright_T4c_mid+0=560121.5625  sbar_bright_T4d_mid+0=554051.0625  sbar_bright_T5a_mid+0=72569.3438  sbar_bright_T5b_mid+0=80904.4141  sbar_bright_T5c_mid+0=92194.2031  sbar_bright_T5d_mid+0=98647.3984  sbar_bright_T4a_mid+1=177456.7500  sbar_bright_T4b_mid+1=181027.0938  sbar_bright_T4c_mid+1=215272.4062  sbar_bright_T4d_mid+1=254234.9062  sbar_bright_T5a_mid+1=167945.7500  sbar_bright_T5b_mid+1=191656.0156  sbar_bright_T5c_mid+1=164441.6094  sbar_bright_T5d_mid+1=168521.8125  sbar_bright_T4a_mid+2=71214.7188  sbar_bright_T4b_mid+2=55215.9023  sbar_bright_T4c_mid+2=69931.3984  sbar_bright_T4d_mid+2=66163.5938  sbar_bright_T5a_mid+2=336163.8750  sbar_bright_T5b_mid+2=315372.5938  sbar_bright_T5c_mid+2=328909.2188  sbar_bright_T5d_mid+2=334043.1875  sbar_bright_T4a_mid-1=1793959.0000  sbar_bright_T4b_mid-1=1814814.7500  sbar_bright_T4c_mid-1=1981254.7500  sbar_bright_T4d_mid-1=2129419.7500  sbar_bright_T5a_mid-1=423472.5000  sbar_bright_T5b_mid-1=409873.0312  sbar_bright_T5c_mid-1=428469.2500  sbar_bright_T5d_mid-1=426280.5000  sbar_bright_T4a_mid-2=532957.7500  sbar_bright_T4b_mid-2=550251.0625  sbar_bright_T4c_mid-2=518790.7500  sbar_bright_T4d_mid-2=534281.0000  sbar_bright_T5b_mid-2=152780.8594  sbar_bright_T5c_mid-2=153840.9219  sbar_bright_T5d_mid-2=157603.4375  sbar_bright_T5a_mid-2=149851.4531  sbar_bright_T4a_mid-1.5=241378.2344  sbar_bright_T4b_mid-1.5=251531.1719  sbar_bright_T4c_mid-1.5=248573.4062  sbar_bright_T4d_mid-1.5=270789.1562  sbar_bright_T5a_mid-1.5=143419.8750  sbar_bright_T5b_mid-1.5=145584.3438  sbar_bright_T5c_mid-1.5=134096.3750  sbar_bright_T5d_mid-1.5=127726.1406  sbar_bright_T4a_mid-0.5=1031855.8750  sbar_bright_T4b_mid-0.5=1116649.7500  sbar_bright_T4c_mid-0.5=1289963.8750  sbar_bright_T4d_mid-0.5=1146583.1250  sbar_bright_T5a_mid-0.5=173065.7812  sbar_bright_T5b_mid-0.5=175421.0625  sbar_bright_T5c_mid-0.5=172093.9688  sbar_bright_T5d_mid-0.5=163954.3438  sbar_bright_T4a_mid+0.5=195829.1094  sbar_bright_T4b_mid+0.5=111941.4375  sbar_bright_T4c_mid+0.5=142621.4688  sbar_bright_T4d_mid+0.5=154333.8594  sbar_bright_T5a_mid+0.5=74477.9766  sbar_bright_T5b_mid+0.5=71198.2188  sbar_bright_T5c_mid+0.5=55454.2070  sbar_bright_T5d_mid+0.5=50375.4414  sbar_bright_T4b_mid+1.5=42762.0234  sbar_bright_T4c_mid+1.5=52449.3438  sbar_bright_T4d_mid+1.5=40335.5469  sbar_bright_T5a_mid+1.5=74346.9609  sbar_bright_T5b_mid+1.5=79210.2812  sbar_bright_T5c_mid+1.5=70522.2188  sbar_bright_T5d_mid+1.5=65325.2422  sbar_bright_T4a_mid+1.5=41835.1797  sbar_dark_T4a_mid+0=64700.3008  sbar_dark_T4b_mid+0=57264.6055  sbar_dark_T4c_mid+0=38971.3984  sbar_dark_T4d_mid+0=45962.1250  sbar_dark_T5a_mid+0=214910.5156  sbar_dark_T5b_mid+0=196818.0781  sbar_dark_T5c_mid+0=214125.2031  sbar_dark_T5d_mid+0=243607.2500  sbar_dark_T4a_mid+1=14935.5664  sbar_dark_T4b_mid+1=21239.1992  sbar_dark_T4c_mid+1=22720.7598  sbar_dark_T4d_mid+1=25940.9551  sbar_dark_T5a_mid+1=268996.6562  sbar_dark_T5b_mid+1=331571.5625  sbar_dark_T5c_mid+1=272312.6562  sbar_dark_T5d_mid+1=261630.1875  sbar_dark_T4a_mid+2=26110.0059  sbar_dark_T4b_mid+2=25792.7090  sbar_dark_T4c_mid+2=25129.6699  sbar_dark_T4d_mid+2=22644.9316  sbar_dark_T5a_mid+2=411644.2500  sbar_dark_T5b_mid+2=381211.0625  sbar_dark_T5c_mid+2=399987.4062  sbar_dark_T5d_mid+2=401861.7188  sbar_dark_T4a_mid-1=136598.9844  sbar_dark_T4b_mid-1=111686.8281  sbar_dark_T4c_mid-1=125312.5781  sbar_dark_T4d_mid-1=130769.8047  sbar_dark_T5a_mid-1=2206522.0000  sbar_dark_T5b_mid-1=1991396.3750  sbar_dark_T5c_mid-1=2241276.2500  sbar_dark_T5d_mid-1=2216377.7500  sbar_dark_T4a_mid-2=42556.1445  sbar_dark_T4b_mid-2=33769.6797  sbar_dark_T4c_mid-2=42907.2734  sbar_dark_T4d_mid-2=34750.8750  sbar_dark_T5b_mid-2=1216256.8750  sbar_dark_T5c_mid-2=1222237.8750  sbar_dark_T5d_mid-2=1256032.7500  sbar_dark_T5a_mid-2=1195186.3750  sbar_dark_T4a_mid-1.5=18625.1777  sbar_dark_T4b_mid-1.5=15542.6309  sbar_dark_T4c_mid-1.5=15146.1748  sbar_dark_T4d_mid-1.5=13306.6582  sbar_dark_T5a_mid-1.5=392288.1250  sbar_dark_T5b_mid-1.5=398517.2500  sbar_dark_T5c_mid-1.5=368072.9062  sbar_dark_T5d_mid-1.5=350867.2812  sbar_dark_T4a_mid-0.5=27924.2324  sbar_dark_T4b_mid-0.5=31330.7676  sbar_dark_T4c_mid-0.5=36010.8711  sbar_dark_T4d_mid-0.5=31224.8340  sbar_dark_T5a_mid-0.5=926560.3125  sbar_dark_T5b_mid-0.5=941060.7500  sbar_dark_T5c_mid-0.5=897982.3125  sbar_dark_T5d_mid-0.5=833703.4375  sbar_dark_T4a_mid+0.5=6316.9033  sbar_dark_T4b_mid+0.5=4404.7173  sbar_dark_T4c_mid+0.5=15516.9219  sbar_dark_T4d_mid+0.5=4558.5747  sbar_dark_T5a_mid+0.5=212260.5312  sbar_dark_T5b_mid+0.5=195618.5000  sbar_dark_T5c_mid+0.5=142359.0156  sbar_dark_T5d_mid+0.5=121016.6953  sbar_dark_T4b_mid+1.5=8526.7529  sbar_dark_T4c_mid+1.5=8637.4824  sbar_dark_T4d_mid+1.5=7197.1792  sbar_dark_T5a_mid+1.5=63485.4805  sbar_dark_T5b_mid+1.5=67422.5391  sbar_dark_T5c_mid+1.5=61342.8359  sbar_dark_T5d_mid+1.5=56165.9375  sbar_dark_T4a_mid+1.5=8008.1714]:      79%|███████▉  | 790/1000 [08:38<02:17,  1.52it/s] Cost: 515505.5938  [spread_bright_L5=2574789.0000  spread_bright_Mi1=1513754.7500  spread_bright_Tm3=1056430.7500  spread_bright_Mi4=2951114.0000  spread_dark_L1=988385.4375  spread_dark_L2=1355608.6250  spread_dark_L3=2668047.0000  spread_dark_L4=3578693.2500  spread_dark_Mi9=5344499.5000  spread_dark_Tm1=1044552.3750  spread_dark_Tm2=1046444.0000  spread_dark_Tm4=1265868.3750  spread_dark_Tm9=5922856.0000  sbar_bright_T4a_mid+0=561447.0625  sbar_bright_T4b_mid+0=430686.8750  sbar_bright_T4c_mid+0=491186.1250  sbar_bright_T4d_mid+0=449036.3125  sbar_bright_T5a_mid+0=71073.3984  sbar_bright_T5b_mid+0=72360.1875  sbar_bright_T5c_mid+0=79565.5625  sbar_bright_T5d_mid+0=82345.4531  sbar_bright_T4a_mid+1=185176.9219  sbar_bright_T4b_mid+1=217865.1719  sbar_bright_T4c_mid+1=219682.9062  sbar_bright_T4d_mid+1=239976.3750  sbar_bright_T5a_mid+1=162397.8594  sbar_bright_T5b_mid+1=184102.1406  sbar_bright_T5c_mid+1=153719.1562  sbar_bright_T5d_mid+1=159859.8906  sbar_bright_T4a_mid+2=67687.1562  sbar_bright_T4b_mid+2=71172.7500  sbar_bright_T4c_mid+2=65067.6406  sbar_bright_T4d_mid+2=67767.0391  sbar_bright_T5a_mid+2=333330.4375  sbar_bright_T5b_mid+2=311024.0938  sbar_bright_T5c_mid+2=324605.6250  sbar_bright_T5d_mid+2=328501.9062  sbar_bright_T4a_mid-1=1800224.8750  sbar_bright_T4b_mid-1=1782165.1250  sbar_bright_T4c_mid-1=1991893.2500  sbar_bright_T4d_mid-1=2112998.0000  sbar_bright_T5a_mid-1=420433.7188  sbar_bright_T5b_mid-1=394759.2812  sbar_bright_T5c_mid-1=420097.0312  sbar_bright_T5d_mid-1=420374.5000  sbar_bright_T4a_mid-2=537396.3750  sbar_bright_T4b_mid-2=537693.3125  sbar_bright_T4c_mid-2=509947.3125  sbar_bright_T4d_mid-2=531712.2500  sbar_bright_T5b_mid-2=148323.4062  sbar_bright_T5c_mid-2=151579.6406  sbar_bright_T5d_mid-2=154524.0000  sbar_bright_T5a_mid-2=147373.4531  sbar_bright_T4a_mid-1.5=239351.8438  sbar_bright_T4b_mid-1.5=249848.4844  sbar_bright_T4c_mid-1.5=247914.3750  sbar_bright_T4d_mid-1.5=269020.4688  sbar_bright_T5a_mid-1.5=140698.3281  sbar_bright_T5b_mid-1.5=142054.4375  sbar_bright_T5c_mid-1.5=134804.9688  sbar_bright_T5d_mid-1.5=126249.3125  sbar_bright_T4a_mid-0.5=1039662.5000  sbar_bright_T4b_mid-0.5=1071370.2500  sbar_bright_T4c_mid-0.5=1294035.5000  sbar_bright_T4d_mid-0.5=1142439.0000  sbar_bright_T5a_mid-0.5=171526.7344  sbar_bright_T5b_mid-0.5=171343.4375  sbar_bright_T5c_mid-0.5=165055.6562  sbar_bright_T5d_mid-0.5=156639.2500  sbar_bright_T4a_mid+0.5=198163.8750  sbar_bright_T4b_mid+0.5=98724.9062  sbar_bright_T4c_mid+0.5=137181.8125  sbar_bright_T4d_mid+0.5=157741.5469  sbar_bright_T5a_mid+0.5=72591.2969  sbar_bright_T5b_mid+0.5=68706.2266  sbar_bright_T5c_mid+0.5=50164.4648  sbar_bright_T5d_mid+0.5=45279.6094  sbar_bright_T4b_mid+1.5=61217.4766  sbar_bright_T4c_mid+1.5=57547.6484  sbar_bright_T4d_mid+1.5=42631.9219  sbar_bright_T5a_mid+1.5=72031.5469  sbar_bright_T5b_mid+1.5=74796.9375  sbar_bright_T5c_mid+1.5=70397.3906  sbar_bright_T5d_mid+1.5=64617.1953  sbar_bright_T4a_mid+1.5=41486.5430  sbar_dark_T4a_mid+0=46778.0898  sbar_dark_T4b_mid+0=38656.3242  sbar_dark_T4c_mid+0=29667.9668  sbar_dark_T4d_mid+0=34714.2578  sbar_dark_T5a_mid+0=221936.2500  sbar_dark_T5b_mid+0=291545.4375  sbar_dark_T5c_mid+0=238279.9219  sbar_dark_T5d_mid+0=256688.3594  sbar_dark_T4a_mid+1=11891.2627  sbar_dark_T4b_mid+1=27455.3418  sbar_dark_T4c_mid+1=20879.8516  sbar_dark_T4d_mid+1=20555.1074  sbar_dark_T5a_mid+1=258064.3906  sbar_dark_T5b_mid+1=318113.1562  sbar_dark_T5c_mid+1=263138.9688  sbar_dark_T5d_mid+1=248718.0000  sbar_dark_T4a_mid+2=22988.4062  sbar_dark_T4b_mid+2=39955.7695  sbar_dark_T4c_mid+2=24474.6504  sbar_dark_T4d_mid+2=22910.5840  sbar_dark_T5a_mid+2=406250.1562  sbar_dark_T5b_mid+2=375865.0312  sbar_dark_T5c_mid+2=397687.6875  sbar_dark_T5d_mid+2=392340.5312  sbar_dark_T4a_mid-1=140726.1406  sbar_dark_T4b_mid-1=118985.8516  sbar_dark_T4c_mid-1=122436.6094  sbar_dark_T4d_mid-1=132135.1719  sbar_dark_T5a_mid-1=2185011.0000  sbar_dark_T5b_mid-1=1902189.7500  sbar_dark_T5c_mid-1=2188649.2500  sbar_dark_T5d_mid-1=2172534.2500  sbar_dark_T4a_mid-2=40277.0547  sbar_dark_T4b_mid-2=47468.3086  sbar_dark_T4c_mid-2=43343.3906  sbar_dark_T4d_mid-2=34176.4219  sbar_dark_T5b_mid-2=1202486.8750  sbar_dark_T5c_mid-2=1209313.6250  sbar_dark_T5d_mid-2=1243538.6250  sbar_dark_T5a_mid-2=1183239.0000  sbar_dark_T4a_mid-1.5=16903.2422  sbar_dark_T4b_mid-1.5=23127.0332  sbar_dark_T4c_mid-1.5=14192.7617  sbar_dark_T4d_mid-1.5=13685.3555  sbar_dark_T5a_mid-1.5=384845.9375  sbar_dark_T5b_mid-1.5=388419.5312  sbar_dark_T5c_mid-1.5=368476.6875  sbar_dark_T5d_mid-1.5=345644.7188  sbar_dark_T4a_mid-0.5=29161.5762  sbar_dark_T4b_mid-0.5=45537.3398  sbar_dark_T4c_mid-0.5=37782.3047  sbar_dark_T4d_mid-0.5=33536.7266  sbar_dark_T5a_mid-0.5=922497.8750  sbar_dark_T5b_mid-0.5=925167.6250  sbar_dark_T5c_mid-0.5=864254.7500  sbar_dark_T5d_mid-0.5=813946.2500  sbar_dark_T4a_mid+0.5=4921.9634  sbar_dark_T4b_mid+0.5=9626.7432  sbar_dark_T4c_mid+0.5=10045.8164  sbar_dark_T4d_mid+0.5=4818.1460  sbar_dark_T5a_mid+0.5=205661.8438  sbar_dark_T5b_mid+0.5=190906.0781  sbar_dark_T5c_mid+0.5=132160.9062  sbar_dark_T5d_mid+0.5=121072.5781  sbar_dark_T4b_mid+1.5=13178.2021  sbar_dark_T4c_mid+1.5=8180.2114  sbar_dark_T4d_mid+1.5=6027.8462  sbar_dark_T5a_mid+1.5=61367.6797  sbar_dark_T5b_mid+1.5=63580.6289  sbar_dark_T5c_mid+1.5=60488.8945  sbar_dark_T5d_mid+1.5=55163.5625  sbar_dark_T4a_mid+1.5=6450.4746]:  80%|████████  | 800/1000 [08:44<02:11,  1.53it/s] Cost: 496210.5938  [spread_bright_L5=2114439.7500  spread_bright_Mi1=1290571.2500  spread_bright_Tm3=1127364.5000  spread_bright_Mi4=3043061.5000  spread_dark_L1=990797.5000  spread_dark_L2=1494925.2500  spread_dark_L3=2141462.2500  spread_dark_L4=3326764.5000  spread_dark_Mi9=4560651.5000  spread_dark_Tm1=981330.5000  spread_dark_Tm2=991415.5625  spread_dark_Tm4=1234342.6250  spread_dark_Tm9=5434493.5000  sbar_bright_T4a_mid+0=539676.9375  sbar_bright_T4b_mid+0=401073.0312  sbar_bright_T4c_mid+0=462005.3438  sbar_bright_T4d_mid+0=425241.5938  sbar_bright_T5a_mid+0=89186.5469  sbar_bright_T5b_mid+0=85420.8438  sbar_bright_T5c_mid+0=88607.8203  sbar_bright_T5d_mid+0=92788.7188  sbar_bright_T4a_mid+1=202645.5469  sbar_bright_T4b_mid+1=225191.8750  sbar_bright_T4c_mid+1=228464.8281  sbar_bright_T4d_mid+1=244871.1719  sbar_bright_T5a_mid+1=167756.8125  sbar_bright_T5b_mid+1=188701.8438  sbar_bright_T5c_mid+1=158849.0000  sbar_bright_T5d_mid+1=166206.8281  sbar_bright_T4a_mid+2=71494.4297  sbar_bright_T4b_mid+2=69676.6250  sbar_bright_T4c_mid+2=64515.7617  sbar_bright_T4d_mid+2=68076.2031  sbar_bright_T5a_mid+2=334024.4062  sbar_bright_T5b_mid+2=312794.6250  sbar_bright_T5c_mid+2=326888.1250  sbar_bright_T5d_mid+2=330953.0000  sbar_bright_T4a_mid-1=1742285.7500  sbar_bright_T4b_mid-1=1714004.7500  sbar_bright_T4c_mid-1=1964005.3750  sbar_bright_T4d_mid-1=2070590.2500  sbar_bright_T5a_mid-1=425471.3438  sbar_bright_T5b_mid-1=409999.8750  sbar_bright_T5c_mid-1=419666.1250  sbar_bright_T5d_mid-1=423290.4688  sbar_bright_T4a_mid-2=523398.5938  sbar_bright_T4b_mid-2=526437.5625  sbar_bright_T4c_mid-2=502834.8125  sbar_bright_T4d_mid-2=534135.1250  sbar_bright_T5b_mid-2=149385.9219  sbar_bright_T5c_mid-2=151211.7969  sbar_bright_T5d_mid-2=154176.1875  sbar_bright_T5a_mid-2=147163.2031  sbar_bright_T4a_mid-1.5=232962.6250  sbar_bright_T4b_mid-1.5=245922.8125  sbar_bright_T4c_mid-1.5=248086.5312  sbar_bright_T4d_mid-1.5=266585.6875  sbar_bright_T5a_mid-1.5=140319.9844  sbar_bright_T5b_mid-1.5=141464.3750  sbar_bright_T5c_mid-1.5=135122.3438  sbar_bright_T5d_mid-1.5=126222.6172  sbar_bright_T4a_mid-0.5=977758.1875  sbar_bright_T4b_mid-0.5=1031271.3750  sbar_bright_T4c_mid-0.5=1279106.5000  sbar_bright_T4d_mid-0.5=1110328.7500  sbar_bright_T5a_mid-0.5=171542.4844  sbar_bright_T5b_mid-0.5=172062.9062  sbar_bright_T5c_mid-0.5=165494.0312  sbar_bright_T5d_mid-0.5=159406.0000  sbar_bright_T4a_mid+0.5=190725.4375  sbar_bright_T4b_mid+0.5=97675.0156  sbar_bright_T4c_mid+0.5=135441.0312  sbar_bright_T4d_mid+0.5=152495.7031  sbar_bright_T5a_mid+0.5=72884.1250  sbar_bright_T5b_mid+0.5=69985.6562  sbar_bright_T5c_mid+0.5=52185.2656  sbar_bright_T5d_mid+0.5=49463.3477  sbar_bright_T4b_mid+1.5=64687.8789  sbar_bright_T4c_mid+1.5=62326.8164  sbar_bright_T4d_mid+1.5=43815.8672  sbar_bright_T5a_mid+1.5=72122.4766  sbar_bright_T5b_mid+1.5=73950.6484  sbar_bright_T5c_mid+1.5=70857.3359  sbar_bright_T5d_mid+1.5=64671.7422  sbar_bright_T4a_mid+1.5=48961.9688  sbar_dark_T4a_mid+0=50301.5820  sbar_dark_T4b_mid+0=41577.3516  sbar_dark_T4c_mid+0=33591.4102  sbar_dark_T4d_mid+0=37513.2227  sbar_dark_T5a_mid+0=186962.5312  sbar_dark_T5b_mid+0=199727.0625  sbar_dark_T5c_mid+0=267857.1562  sbar_dark_T5d_mid+0=279948.0625  sbar_dark_T4a_mid+1=16259.6543  sbar_dark_T4b_mid+1=24577.1230  sbar_dark_T4c_mid+1=20157.5449  sbar_dark_T4d_mid+1=19562.2715  sbar_dark_T5a_mid+1=254792.0469  sbar_dark_T5b_mid+1=320172.9688  sbar_dark_T5c_mid+1=263747.7812  sbar_dark_T5d_mid+1=243471.6719  sbar_dark_T4a_mid+2=25387.4609  sbar_dark_T4b_mid+2=36676.3047  sbar_dark_T4c_mid+2=23905.4043  sbar_dark_T4d_mid+2=22550.3730  sbar_dark_T5a_mid+2=404962.3125  sbar_dark_T5b_mid+2=377747.3125  sbar_dark_T5c_mid+2=399297.0625  sbar_dark_T5d_mid+2=391053.0625  sbar_dark_T4a_mid-1=151769.2188  sbar_dark_T4b_mid-1=135528.1719  sbar_dark_T4c_mid-1=124999.2969  sbar_dark_T4d_mid-1=136529.1719  sbar_dark_T5a_mid-1=2183564.7500  sbar_dark_T5b_mid-1=1937450.3750  sbar_dark_T5c_mid-1=2147799.7500  sbar_dark_T5d_mid-1=2150642.0000  sbar_dark_T4a_mid-2=44571.9297  sbar_dark_T4b_mid-2=49145.1953  sbar_dark_T4c_mid-2=44832.6797  sbar_dark_T4d_mid-2=32608.9141  sbar_dark_T5b_mid-2=1205486.5000  sbar_dark_T5c_mid-2=1199625.3750  sbar_dark_T5d_mid-2=1238899.7500  sbar_dark_T5a_mid-2=1173924.0000  sbar_dark_T4a_mid-1.5=19418.5273  sbar_dark_T4b_mid-1.5=22250.1543  sbar_dark_T4c_mid-1.5=14915.1592  sbar_dark_T4d_mid-1.5=13892.7363  sbar_dark_T5a_mid-1.5=383519.9375  sbar_dark_T5b_mid-1.5=386732.6250  sbar_dark_T5c_mid-1.5=369397.4375  sbar_dark_T5d_mid-1.5=345494.4688  sbar_dark_T4a_mid-0.5=36420.7305  sbar_dark_T4b_mid-0.5=51841.0430  sbar_dark_T4c_mid-0.5=37288.9062  sbar_dark_T4d_mid-0.5=36804.1406  sbar_dark_T5a_mid-0.5=915125.5625  sbar_dark_T5b_mid-0.5=921370.3125  sbar_dark_T5c_mid-0.5=844709.5625  sbar_dark_T5d_mid-0.5=800127.8750  sbar_dark_T4a_mid+0.5=7008.0576  sbar_dark_T4b_mid+0.5=11846.0762  sbar_dark_T4c_mid+0.5=9796.9404  sbar_dark_T4d_mid+0.5=5584.2275  sbar_dark_T5a_mid+0.5=202832.8438  sbar_dark_T5b_mid+0.5=190681.4531  sbar_dark_T5c_mid+0.5=125024.5938  sbar_dark_T5d_mid+0.5=118272.4531  sbar_dark_T4b_mid+1.5=13328.3389  sbar_dark_T4c_mid+1.5=7716.2935  sbar_dark_T4d_mid+1.5=5454.0278  sbar_dark_T5a_mid+1.5=61280.8008  sbar_dark_T5b_mid+1.5=62846.7305  sbar_dark_T5c_mid+1.5=60731.5352  sbar_dark_T5d_mid+1.5=55065.3164  sbar_dark_T4a_mid+1.5=8399.8506]:     81%|████████  | 810/1000 [08:51<02:04,  1.52it/s] Cost: 478208.9375  [spread_bright_L5=2036557.2500  spread_bright_Mi1=1194200.2500  spread_bright_Tm3=1121035.0000  spread_bright_Mi4=2943021.7500  spread_dark_L1=1029759.6250  spread_dark_L2=1514619.8750  spread_dark_L3=1706576.0000  spread_dark_L4=3202184.7500  spread_dark_Mi9=3628859.0000  spread_dark_Tm1=963611.5625  spread_dark_Tm2=993253.2500  spread_dark_Tm4=1215280.0000  spread_dark_Tm9=4851462.5000  sbar_bright_T4a_mid+0=505897.1875  sbar_bright_T4b_mid+0=417797.3750  sbar_bright_T4c_mid+0=461733.5625  sbar_bright_T4d_mid+0=436475.2188  sbar_bright_T5a_mid+0=91098.5312  sbar_bright_T5b_mid+0=86002.8281  sbar_bright_T5c_mid+0=97134.6172  sbar_bright_T5d_mid+0=98962.0938  sbar_bright_T4a_mid+1=199647.3125  sbar_bright_T4b_mid+1=207847.4062  sbar_bright_T4c_mid+1=224691.7500  sbar_bright_T4d_mid+1=247409.9688  sbar_bright_T5a_mid+1=166696.9844  sbar_bright_T5b_mid+1=187934.3281  sbar_bright_T5c_mid+1=162010.0312  sbar_bright_T5d_mid+1=168344.0625  sbar_bright_T4a_mid+2=65159.4453  sbar_bright_T4b_mid+2=56721.7422  sbar_bright_T4c_mid+2=61186.7617  sbar_bright_T4d_mid+2=65437.3516  sbar_bright_T5a_mid+2=334009.3438  sbar_bright_T5b_mid+2=312490.5625  sbar_bright_T5c_mid+2=327223.6250  sbar_bright_T5d_mid+2=330946.8125  sbar_bright_T4a_mid-1=1749357.2500  sbar_bright_T4b_mid-1=1692274.6250  sbar_bright_T4c_mid-1=1920012.0000  sbar_bright_T4d_mid-1=2022329.7500  sbar_bright_T5a_mid-1=424588.2188  sbar_bright_T5b_mid-1=409220.6562  sbar_bright_T5c_mid-1=420467.7188  sbar_bright_T5d_mid-1=424546.4375  sbar_bright_T4a_mid-2=522625.8750  sbar_bright_T4b_mid-2=519600.4375  sbar_bright_T4c_mid-2=496487.2812  sbar_bright_T4d_mid-2=525538.5625  sbar_bright_T5b_mid-2=147736.1406  sbar_bright_T5c_mid-2=150623.8125  sbar_bright_T5d_mid-2=153852.4688  sbar_bright_T5a_mid-2=146986.6094  sbar_bright_T4a_mid-1.5=229271.1562  sbar_bright_T4b_mid-1.5=241657.4531  sbar_bright_T4c_mid-1.5=240984.7500  sbar_bright_T4d_mid-1.5=261943.7031  sbar_bright_T5a_mid-1.5=140199.5156  sbar_bright_T5b_mid-1.5=142458.4219  sbar_bright_T5c_mid-1.5=135686.5781  sbar_bright_T5d_mid-1.5=126297.6406  sbar_bright_T4a_mid-0.5=969356.7500  sbar_bright_T4b_mid-0.5=1025628.6250  sbar_bright_T4c_mid-0.5=1249020.2500  sbar_bright_T4d_mid-0.5=1087249.1250  sbar_bright_T5a_mid-0.5=170742.7812  sbar_bright_T5b_mid-0.5=171806.7812  sbar_bright_T5c_mid-0.5=166012.1406  sbar_bright_T5d_mid-0.5=160827.5000  sbar_bright_T4a_mid+0.5=195538.0469  sbar_bright_T4b_mid+0.5=97504.4453  sbar_bright_T4c_mid+0.5=133137.5312  sbar_bright_T4d_mid+0.5=142539.6562  sbar_bright_T5a_mid+0.5=72263.0625  sbar_bright_T5b_mid+0.5=69454.2188  sbar_bright_T5c_mid+0.5=54129.4102  sbar_bright_T5d_mid+0.5=51276.3516  sbar_bright_T4b_mid+1.5=53437.7500  sbar_bright_T4c_mid+1.5=64222.8359  sbar_bright_T4d_mid+1.5=43996.0781  sbar_bright_T5a_mid+1.5=71946.1719  sbar_bright_T5b_mid+1.5=74681.4375  sbar_bright_T5c_mid+1.5=70739.9062  sbar_bright_T5d_mid+1.5=63972.6445  sbar_bright_T4a_mid+1.5=45621.4688  sbar_dark_T4a_mid+0=65194.6133  sbar_dark_T4b_mid+0=56254.0078  sbar_dark_T4c_mid+0=43725.9297  sbar_dark_T4d_mid+0=52040.1016  sbar_dark_T5a_mid+0=218199.6875  sbar_dark_T5b_mid+0=265012.4688  sbar_dark_T5c_mid+0=242181.2031  sbar_dark_T5d_mid+0=288348.7812  sbar_dark_T4a_mid+1=13140.1309  sbar_dark_T4b_mid+1=18823.7617  sbar_dark_T4c_mid+1=19860.8223  sbar_dark_T4d_mid+1=22772.7441  sbar_dark_T5a_mid+1=243526.4375  sbar_dark_T5b_mid+1=310878.2500  sbar_dark_T5c_mid+1=257232.1250  sbar_dark_T5d_mid+1=238966.9062  sbar_dark_T4a_mid+2=20667.2812  sbar_dark_T4b_mid+2=24387.5859  sbar_dark_T4c_mid+2=21757.2520  sbar_dark_T4d_mid+2=20908.8398  sbar_dark_T5a_mid+2=402147.0000  sbar_dark_T5b_mid+2=373977.6250  sbar_dark_T5c_mid+2=396694.7500  sbar_dark_T5d_mid+2=388697.2812  sbar_dark_T4a_mid-1=143257.0312  sbar_dark_T4b_mid-1=126464.0078  sbar_dark_T4c_mid-1=121776.6328  sbar_dark_T4d_mid-1=135837.6406  sbar_dark_T5a_mid-1=2158090.2500  sbar_dark_T5b_mid-1=1862780.2500  sbar_dark_T5c_mid-1=2128436.0000  sbar_dark_T5d_mid-1=2139602.2500  sbar_dark_T4a_mid-2=39312.1914  sbar_dark_T4b_mid-2=37142.3633  sbar_dark_T4c_mid-2=43349.9648  sbar_dark_T4d_mid-2=32194.7051  sbar_dark_T5b_mid-2=1190102.0000  sbar_dark_T5c_mid-2=1194417.8750  sbar_dark_T5d_mid-2=1235568.1250  sbar_dark_T5a_mid-2=1163107.8750  sbar_dark_T4a_mid-1.5=18499.3223  sbar_dark_T4b_mid-1.5=16842.6543  sbar_dark_T4c_mid-1.5=16966.0449  sbar_dark_T4d_mid-1.5=14616.2930  sbar_dark_T5a_mid-1.5=382848.2500  sbar_dark_T5b_mid-1.5=389178.0312  sbar_dark_T5c_mid-1.5=371126.2500  sbar_dark_T5d_mid-1.5=345718.3125  sbar_dark_T4a_mid-0.5=30650.2109  sbar_dark_T4b_mid-0.5=41682.1289  sbar_dark_T4c_mid-0.5=33884.0195  sbar_dark_T4d_mid-0.5=35152.5859  sbar_dark_T5a_mid-0.5=903319.2500  sbar_dark_T5b_mid-0.5=912157.9375  sbar_dark_T5c_mid-0.5=835632.8125  sbar_dark_T5d_mid-0.5=793776.1875  sbar_dark_T4a_mid+0.5=5848.1245  sbar_dark_T4b_mid+0.5=6157.9209  sbar_dark_T4c_mid+0.5=10811.4814  sbar_dark_T4d_mid+0.5=6152.0327  sbar_dark_T5a_mid+0.5=196681.8438  sbar_dark_T5b_mid+0.5=183467.9375  sbar_dark_T5c_mid+0.5=125755.0625  sbar_dark_T5d_mid+0.5=114483.1797  sbar_dark_T4b_mid+1.5=8541.0527  sbar_dark_T4c_mid+1.5=7185.9053  sbar_dark_T4d_mid+1.5=5313.5068  sbar_dark_T5a_mid+1.5=61055.1445  sbar_dark_T5b_mid+1.5=63292.6992  sbar_dark_T5c_mid+1.5=60560.4219  sbar_dark_T5d_mid+1.5=54553.6602  sbar_dark_T4a_mid+1.5=6941.0010]:  82%|████████▏ | 820/1000 [08:58<01:58,  1.52it/s] Cost: 460960.8125  [spread_bright_L5=2141499.7500  spread_bright_Mi1=1179481.8750  spread_bright_Tm3=1062647.6250  spread_bright_Mi4=2696655.7500  spread_dark_L1=1065647.6250  spread_dark_L2=1427637.7500  spread_dark_L3=1427693.5000  spread_dark_L4=3079139.7500  spread_dark_Mi9=2757926.5000  spread_dark_Tm1=956372.7500  spread_dark_Tm2=991268.9375  spread_dark_Tm4=1203832.1250  spread_dark_Tm9=4214020.0000  sbar_bright_T4a_mid+0=519963.5000  sbar_bright_T4b_mid+0=403793.3125  sbar_bright_T4c_mid+0=446478.2812  sbar_bright_T4d_mid+0=425313.1250  sbar_bright_T5a_mid+0=89287.6719  sbar_bright_T5b_mid+0=83231.4922  sbar_bright_T5c_mid+0=94714.6172  sbar_bright_T5d_mid+0=98599.4375  sbar_bright_T4a_mid+1=203850.0625  sbar_bright_T4b_mid+1=208222.1094  sbar_bright_T4c_mid+1=226766.6562  sbar_bright_T4d_mid+1=248955.0312  sbar_bright_T5a_mid+1=166180.7500  sbar_bright_T5b_mid+1=187280.8125  sbar_bright_T5c_mid+1=160434.6719  sbar_bright_T5d_mid+1=169286.7031  sbar_bright_T4a_mid+2=64507.4297  sbar_bright_T4b_mid+2=56439.1602  sbar_bright_T4c_mid+2=60455.8125  sbar_bright_T4d_mid+2=64382.9453  sbar_bright_T5a_mid+2=334969.0938  sbar_bright_T5b_mid+2=312304.8750  sbar_bright_T5c_mid+2=327381.5938  sbar_bright_T5d_mid+2=331596.3438  sbar_bright_T4a_mid-1=1701482.3750  sbar_bright_T4b_mid-1=1661843.3750  sbar_bright_T4c_mid-1=1884162.3750  sbar_bright_T4d_mid-1=1994866.3750  sbar_bright_T5a_mid-1=423826.8750  sbar_bright_T5b_mid-1=406743.5625  sbar_bright_T5c_mid-1=417517.0625  sbar_bright_T5d_mid-1=424812.2812  sbar_bright_T4a_mid-2=498818.0625  sbar_bright_T4b_mid-2=504035.2812  sbar_bright_T4c_mid-2=482989.7812  sbar_bright_T4d_mid-2=517358.4375  sbar_bright_T5b_mid-2=147330.1562  sbar_bright_T5c_mid-2=149195.3125  sbar_bright_T5d_mid-2=153355.0000  sbar_bright_T5a_mid-2=146547.1094  sbar_bright_T4a_mid-1.5=222597.3594  sbar_bright_T4b_mid-1.5=237546.0781  sbar_bright_T4c_mid-1.5=234980.3125  sbar_bright_T4d_mid-1.5=258497.5938  sbar_bright_T5a_mid-1.5=140133.9844  sbar_bright_T5b_mid-1.5=143173.9219  sbar_bright_T5c_mid-1.5=135233.2344  sbar_bright_T5d_mid-1.5=126477.1641  sbar_bright_T4a_mid-0.5=924565.2500  sbar_bright_T4b_mid-0.5=1016012.8125  sbar_bright_T4c_mid-0.5=1217592.5000  sbar_bright_T4d_mid-0.5=1082855.0000  sbar_bright_T5a_mid-0.5=170315.9844  sbar_bright_T5b_mid-0.5=171395.2656  sbar_bright_T5c_mid-0.5=164095.5469  sbar_bright_T5d_mid-0.5=160446.0938  sbar_bright_T4a_mid+0.5=187535.4062  sbar_bright_T4b_mid+0.5=91680.7422  sbar_bright_T4c_mid+0.5=130072.8438  sbar_bright_T4d_mid+0.5=136233.2969  sbar_bright_T5a_mid+0.5=71829.4531  sbar_bright_T5b_mid+0.5=68788.9297  sbar_bright_T5c_mid+0.5=53466.9727  sbar_bright_T5d_mid+0.5=51365.0312  sbar_bright_T4b_mid+1.5=55126.4102  sbar_bright_T4c_mid+1.5=66414.4453  sbar_bright_T4d_mid+1.5=45401.1602  sbar_bright_T5a_mid+1.5=72156.0000  sbar_bright_T5b_mid+1.5=75290.7188  sbar_bright_T5c_mid+1.5=71038.8828  sbar_bright_T5d_mid+1.5=63874.7500  sbar_bright_T4a_mid+1.5=49647.4453  sbar_dark_T4a_mid+0=81134.3203  sbar_dark_T4b_mid+0=62744.4805  sbar_dark_T4c_mid+0=49911.6367  sbar_dark_T4d_mid+0=56955.2461  sbar_dark_T5a_mid+0=208115.8906  sbar_dark_T5b_mid+0=273036.3750  sbar_dark_T5c_mid+0=245179.6719  sbar_dark_T5d_mid+0=268596.9375  sbar_dark_T4a_mid+1=14402.4541  sbar_dark_T4b_mid+1=18146.6289  sbar_dark_T4c_mid+1=21936.2324  sbar_dark_T4d_mid+1=23766.7461  sbar_dark_T5a_mid+1=240157.4375  sbar_dark_T5b_mid+1=307106.3750  sbar_dark_T5c_mid+1=251817.3594  sbar_dark_T5d_mid+1=236420.0000  sbar_dark_T4a_mid+2=22358.3809  sbar_dark_T4b_mid+2=25698.0293  sbar_dark_T4c_mid+2=22578.0977  sbar_dark_T4d_mid+2=20549.1035  sbar_dark_T5a_mid+2=402383.3438  sbar_dark_T5b_mid+2=372814.9688  sbar_dark_T5c_mid+2=395924.3125  sbar_dark_T5d_mid+2=388783.2812  sbar_dark_T4a_mid-1=144136.3438  sbar_dark_T4b_mid-1=117429.7422  sbar_dark_T4c_mid-1=117563.7812  sbar_dark_T4d_mid-1=134782.1406  sbar_dark_T5a_mid-1=2151789.2500  sbar_dark_T5b_mid-1=1832681.1250  sbar_dark_T5c_mid-1=2097425.2500  sbar_dark_T5d_mid-1=2140848.5000  sbar_dark_T4a_mid-2=43787.9180  sbar_dark_T4b_mid-2=36912.6719  sbar_dark_T4c_mid-2=44925.8828  sbar_dark_T4d_mid-2=32817.1211  sbar_dark_T5b_mid-2=1183086.1250  sbar_dark_T5c_mid-2=1186489.0000  sbar_dark_T5d_mid-2=1231868.0000  sbar_dark_T5a_mid-2=1155466.0000  sbar_dark_T4a_mid-1.5=19913.3418  sbar_dark_T4b_mid-1.5=16941.4004  sbar_dark_T4c_mid-1.5=18521.7910  sbar_dark_T4d_mid-1.5=15157.3145  sbar_dark_T5a_mid-1.5=382186.2188  sbar_dark_T5b_mid-1.5=390920.0312  sbar_dark_T5c_mid-1.5=369850.0000  sbar_dark_T5d_mid-1.5=346179.5000  sbar_dark_T4a_mid-0.5=26707.6641  sbar_dark_T4b_mid-0.5=37993.7617  sbar_dark_T4c_mid-0.5=32522.1523  sbar_dark_T4d_mid-0.5=33938.3945  sbar_dark_T5a_mid-0.5=894172.1250  sbar_dark_T5b_mid-0.5=905138.7500  sbar_dark_T5c_mid-0.5=817961.5625  sbar_dark_T5d_mid-0.5=794142.9375  sbar_dark_T4a_mid+0.5=6966.7212  sbar_dark_T4b_mid+0.5=5684.6650  sbar_dark_T4c_mid+0.5=11822.1094  sbar_dark_T4d_mid+0.5=6687.9224  sbar_dark_T5a_mid+0.5=193695.6875  sbar_dark_T5b_mid+0.5=178118.1875  sbar_dark_T5c_mid+0.5=124265.2031  sbar_dark_T5d_mid+0.5=111126.0703  sbar_dark_T4b_mid+1.5=8503.7061  sbar_dark_T4c_mid+1.5=7188.6733  sbar_dark_T4d_mid+1.5=5240.9561  sbar_dark_T5a_mid+1.5=61108.7422  sbar_dark_T5b_mid+1.5=63636.6289  sbar_dark_T5c_mid+1.5=60642.0508  sbar_dark_T5d_mid+1.5=54350.9336  sbar_dark_T4a_mid+1.5=8076.1113]:  83%|████████▎ | 830/1000 [09:04<01:51,  1.52it/s] Cost: 445629.0000  [spread_bright_L5=2080651.3750  spread_bright_Mi1=1141019.2500  spread_bright_Tm3=1079459.1250  spread_bright_Mi4=2537900.7500  spread_dark_L1=1090634.6250  spread_dark_L2=1451937.1250  spread_dark_L3=1264247.0000  spread_dark_L4=2933278.0000  spread_dark_Mi9=2090551.5000  spread_dark_Tm1=932788.0000  spread_dark_Tm2=988324.3125  spread_dark_Tm4=1187192.2500  spread_dark_Tm9=3529803.0000  sbar_bright_T4a_mid+0=498642.9062  sbar_bright_T4b_mid+0=386156.2500  sbar_bright_T4c_mid+0=432383.5000  sbar_bright_T4d_mid+0=411910.2500  sbar_bright_T5a_mid+0=89355.5234  sbar_bright_T5b_mid+0=85297.5859  sbar_bright_T5c_mid+0=94631.4688  sbar_bright_T5d_mid+0=99418.2422  sbar_bright_T4a_mid+1=205146.8750  sbar_bright_T4b_mid+1=211292.5938  sbar_bright_T4c_mid+1=230485.9375  sbar_bright_T4d_mid+1=250527.0469  sbar_bright_T5a_mid+1=166168.7500  sbar_bright_T5b_mid+1=186645.0938  sbar_bright_T5c_mid+1=159966.6094  sbar_bright_T5d_mid+1=170408.8594  sbar_bright_T4a_mid+2=61676.4805  sbar_bright_T4b_mid+2=56360.4297  sbar_bright_T4c_mid+2=59076.8477  sbar_bright_T4d_mid+2=63110.2266  sbar_bright_T5a_mid+2=334891.7188  sbar_bright_T5b_mid+2=312749.8750  sbar_bright_T5c_mid+2=327728.5312  sbar_bright_T5d_mid+2=332325.3125  sbar_bright_T4a_mid-1=1682377.2500  sbar_bright_T4b_mid-1=1622237.7500  sbar_bright_T4c_mid-1=1842592.0000  sbar_bright_T4d_mid-1=1967057.5000  sbar_bright_T5a_mid-1=423294.3125  sbar_bright_T5b_mid-1=407289.4375  sbar_bright_T5c_mid-1=415222.4688  sbar_bright_T5d_mid-1=424401.7812  sbar_bright_T4a_mid-2=489410.6562  sbar_bright_T4b_mid-2=491155.2500  sbar_bright_T4c_mid-2=470505.4375  sbar_bright_T4d_mid-2=510750.3438  sbar_bright_T5b_mid-2=148763.9531  sbar_bright_T5c_mid-2=147769.0938  sbar_bright_T5d_mid-2=153390.6562  sbar_bright_T5a_mid-2=146756.6875  sbar_bright_T4a_mid-1.5=220711.2969  sbar_bright_T4b_mid-1.5=235396.5625  sbar_bright_T4c_mid-1.5=233013.6250  sbar_bright_T4d_mid-1.5=256403.7969  sbar_bright_T5a_mid-1.5=140449.0938  sbar_bright_T5b_mid-1.5=143786.0156  sbar_bright_T5c_mid-1.5=135572.3750  sbar_bright_T5d_mid-1.5=127009.3203  sbar_bright_T4a_mid-0.5=893210.5625  sbar_bright_T4b_mid-0.5=1000306.1250  sbar_bright_T4c_mid-0.5=1175555.6250  sbar_bright_T4d_mid-0.5=1074103.6250  sbar_bright_T5a_mid-0.5=170296.7188  sbar_bright_T5b_mid-0.5=171798.4062  sbar_bright_T5c_mid-0.5=163191.7969  sbar_bright_T5d_mid-0.5=160698.9688  sbar_bright_T4a_mid+0.5=180798.6562  sbar_bright_T4b_mid+0.5=86598.4141  sbar_bright_T4c_mid+0.5=127786.6953  sbar_bright_T4d_mid+0.5=130243.5234  sbar_bright_T5a_mid+0.5=71391.8125  sbar_bright_T5b_mid+0.5=68663.9375  sbar_bright_T5c_mid+0.5=53057.3438  sbar_bright_T5d_mid+0.5=51019.1875  sbar_bright_T4b_mid+1.5=57695.4141  sbar_bright_T4c_mid+1.5=71376.7578  sbar_bright_T4d_mid+1.5=47065.9805  sbar_bright_T5a_mid+1.5=72329.9688  sbar_bright_T5b_mid+1.5=74781.5000  sbar_bright_T5c_mid+1.5=71301.9297  sbar_bright_T5d_mid+1.5=62942.2812  sbar_bright_T4a_mid+1.5=49902.5312  sbar_dark_T4a_mid+0=76573.6328  sbar_dark_T4b_mid+0=61920.5469  sbar_dark_T4c_mid+0=54544.2773  sbar_dark_T4d_mid+0=55637.5234  sbar_dark_T5a_mid+0=210159.1875  sbar_dark_T5b_mid+0=250148.9531  sbar_dark_T5c_mid+0=259566.6250  sbar_dark_T5d_mid+0=273489.7500  sbar_dark_T4a_mid+1=15485.5000  sbar_dark_T4b_mid+1=18206.3398  sbar_dark_T4c_mid+1=24668.3125  sbar_dark_T4d_mid+1=23714.3867  sbar_dark_T5a_mid+1=236245.9844  sbar_dark_T5b_mid+1=303496.0625  sbar_dark_T5c_mid+1=248888.7500  sbar_dark_T5d_mid+1=232129.3438  sbar_dark_T4a_mid+2=22206.3008  sbar_dark_T4b_mid+2=28593.4883  sbar_dark_T4c_mid+2=24827.9961  sbar_dark_T4d_mid+2=20306.6094  sbar_dark_T5a_mid+2=400902.7812  sbar_dark_T5b_mid+2=372533.0000  sbar_dark_T5c_mid+2=395419.6875  sbar_dark_T5d_mid+2=387909.0938  sbar_dark_T4a_mid-1=147581.5000  sbar_dark_T4b_mid-1=110327.9297  sbar_dark_T4c_mid-1=112583.0859  sbar_dark_T4d_mid-1=134673.7656  sbar_dark_T5a_mid-1=2144585.5000  sbar_dark_T5b_mid-1=1817669.6250  sbar_dark_T5c_mid-1=2063545.8750  sbar_dark_T5d_mid-1=2132806.5000  sbar_dark_T4a_mid-2=42758.8008  sbar_dark_T4b_mid-2=35905.1406  sbar_dark_T4c_mid-2=45139.0078  sbar_dark_T4d_mid-2=32872.0312  sbar_dark_T5b_mid-2=1183215.0000  sbar_dark_T5c_mid-2=1176312.0000  sbar_dark_T5d_mid-2=1227112.0000  sbar_dark_T5a_mid-2=1146015.2500  sbar_dark_T4a_mid-1.5=19157.6289  sbar_dark_T4b_mid-1.5=16594.8574  sbar_dark_T4c_mid-1.5=18678.4609  sbar_dark_T4d_mid-1.5=14983.9883  sbar_dark_T5a_mid-1.5=382171.5938  sbar_dark_T5b_mid-1.5=392559.4375  sbar_dark_T5c_mid-1.5=371058.1562  sbar_dark_T5d_mid-1.5=347619.8750  sbar_dark_T4a_mid-0.5=22405.3984  sbar_dark_T4b_mid-0.5=35668.2930  sbar_dark_T4c_mid-0.5=34180.1523  sbar_dark_T4d_mid-0.5=34103.8086  sbar_dark_T5a_mid-0.5=881124.3750  sbar_dark_T5b_mid-0.5=899121.4375  sbar_dark_T5c_mid-0.5=801344.4375  sbar_dark_T5d_mid-0.5=790601.5000  sbar_dark_T4a_mid+0.5=7742.9097  sbar_dark_T4b_mid+0.5=6415.6406  sbar_dark_T4c_mid+0.5=12436.1621  sbar_dark_T4d_mid+0.5=7749.6548  sbar_dark_T5a_mid+0.5=190004.4375  sbar_dark_T5b_mid+0.5=174272.2500  sbar_dark_T5c_mid+0.5=122799.8828  sbar_dark_T5d_mid+0.5=107038.2031  sbar_dark_T4b_mid+1.5=8572.0312  sbar_dark_T4c_mid+1.5=7235.3955  sbar_dark_T4d_mid+1.5=5187.4604  sbar_dark_T5a_mid+1.5=61252.1250  sbar_dark_T5b_mid+1.5=63246.3203  sbar_dark_T5c_mid+1.5=60858.2305  sbar_dark_T5d_mid+1.5=53900.4883  sbar_dark_T4a_mid+1.5=7401.9258]:  84%|████████▍ | 840/1000 [09:11<01:45,  1.51it/s] Cost: 430894.2812  [spread_bright_L5=2020725.2500  spread_bright_Mi1=1100612.5000  spread_bright_Tm3=1133442.2500  spread_bright_Mi4=2384661.2500  spread_dark_L1=1110640.8750  spread_dark_L2=1533555.8750  spread_dark_L3=1160575.6250  spread_dark_L4=2737403.0000  spread_dark_Mi9=1634112.3750  spread_dark_Tm1=903104.8125  spread_dark_Tm2=982104.3125  spread_dark_Tm4=1168738.5000  spread_dark_Tm9=2885214.0000  sbar_bright_T4a_mid+0=479582.0938  sbar_bright_T4b_mid+0=376184.5625  sbar_bright_T4c_mid+0=420172.5000  sbar_bright_T4d_mid+0=402538.0938  sbar_bright_T5a_mid+0=85946.3828  sbar_bright_T5b_mid+0=85065.3828  sbar_bright_T5c_mid+0=95819.1562  sbar_bright_T5d_mid+0=100379.3672  sbar_bright_T4a_mid+1=213657.1875  sbar_bright_T4b_mid+1=211481.8750  sbar_bright_T4c_mid+1=239319.6719  sbar_bright_T4d_mid+1=252338.1562  sbar_bright_T5a_mid+1=162291.2500  sbar_bright_T5b_mid+1=183087.5469  sbar_bright_T5c_mid+1=156394.2969  sbar_bright_T5d_mid+1=168651.3438  sbar_bright_T4a_mid+2=61802.7070  sbar_bright_T4b_mid+2=56377.6875  sbar_bright_T4c_mid+2=60279.8320  sbar_bright_T4d_mid+2=61270.7227  sbar_bright_T5a_mid+2=330150.1250  sbar_bright_T5b_mid+2=307444.6875  sbar_bright_T5c_mid+2=322350.4688  sbar_bright_T5d_mid+2=327800.5938  sbar_bright_T4a_mid-1=1650087.1250  sbar_bright_T4b_mid-1=1559056.7500  sbar_bright_T4c_mid-1=1774848.7500  sbar_bright_T4d_mid-1=1926822.1250  sbar_bright_T5a_mid-1=421657.4688  sbar_bright_T5b_mid-1=405015.8125  sbar_bright_T5c_mid-1=413519.1562  sbar_bright_T5d_mid-1=424662.8438  sbar_bright_T4a_mid-2=468835.8750  sbar_bright_T4b_mid-2=470412.4062  sbar_bright_T4c_mid-2=449026.1875  sbar_bright_T4d_mid-2=499585.4688  sbar_bright_T5b_mid-2=146626.4688  sbar_bright_T5c_mid-2=145004.2188  sbar_bright_T5d_mid-2=151205.2969  sbar_bright_T5a_mid-2=144969.1094  sbar_bright_T4a_mid-1.5=215174.8281  sbar_bright_T4b_mid-1.5=232519.5781  sbar_bright_T4c_mid-1.5=229345.4531  sbar_bright_T4d_mid-1.5=253726.5156  sbar_bright_T5a_mid-1.5=139987.3125  sbar_bright_T5b_mid-1.5=143030.0469  sbar_bright_T5c_mid-1.5=135924.2969  sbar_bright_T5d_mid-1.5=126411.6719  sbar_bright_T4a_mid-0.5=838304.1875  sbar_bright_T4b_mid-0.5=977493.1875  sbar_bright_T4c_mid-0.5=1110219.1250  sbar_bright_T4d_mid-0.5=1061609.7500  sbar_bright_T5a_mid-0.5=169422.4062  sbar_bright_T5b_mid-0.5=171074.9531  sbar_bright_T5c_mid-0.5=161839.5312  sbar_bright_T5d_mid-0.5=160333.2656  sbar_bright_T4a_mid+0.5=169742.9844  sbar_bright_T4b_mid+0.5=81267.4297  sbar_bright_T4c_mid+0.5=125834.2969  sbar_bright_T4d_mid+0.5=121888.1016  sbar_bright_T5a_mid+0.5=69705.9375  sbar_bright_T5b_mid+0.5=67837.5469  sbar_bright_T5c_mid+0.5=52444.7344  sbar_bright_T5d_mid+0.5=50993.8047  sbar_bright_T4b_mid+1.5=61184.3789  sbar_bright_T4c_mid+1.5=81537.6406  sbar_bright_T4d_mid+1.5=49272.3828  sbar_bright_T5a_mid+1.5=70778.2969  sbar_bright_T5b_mid+1.5=72411.7344  sbar_bright_T5c_mid+1.5=69753.4688  sbar_bright_T5d_mid+1.5=60690.3242  sbar_bright_T4a_mid+1.5=54025.4531  sbar_dark_T4a_mid+0=73868.9531  sbar_dark_T4b_mid+0=62096.4062  sbar_dark_T4c_mid+0=66813.2031  sbar_dark_T4d_mid+0=56888.2188  sbar_dark_T5a_mid+0=232520.0156  sbar_dark_T5b_mid+0=266534.9062  sbar_dark_T5c_mid+0=247672.7812  sbar_dark_T5d_mid+0=265714.3750  sbar_dark_T4a_mid+1=21631.9102  sbar_dark_T4b_mid+1=17589.3418  sbar_dark_T4c_mid+1=30938.9473  sbar_dark_T4d_mid+1=25690.0156  sbar_dark_T5a_mid+1=229470.6562  sbar_dark_T5b_mid+1=294451.3125  sbar_dark_T5c_mid+1=239080.1406  sbar_dark_T5d_mid+1=226394.4375  sbar_dark_T4a_mid+2=24691.3223  sbar_dark_T4b_mid+2=32821.3828  sbar_dark_T4c_mid+2=30182.2676  sbar_dark_T4d_mid+2=20305.4980  sbar_dark_T5a_mid+2=394238.6250  sbar_dark_T5b_mid+2=365582.6250  sbar_dark_T5c_mid+2=387637.1250  sbar_dark_T5d_mid+2=381640.6562  sbar_dark_T4a_mid-1=154045.0469  sbar_dark_T4b_mid-1=102144.5000  sbar_dark_T4c_mid-1=109910.5703  sbar_dark_T4d_mid-1=134145.0312  sbar_dark_T5a_mid-1=2120953.7500  sbar_dark_T5b_mid-1=1776822.2500  sbar_dark_T5c_mid-1=2032468.6250  sbar_dark_T5d_mid-1=2121857.0000  sbar_dark_T4a_mid-2=45315.8555  sbar_dark_T4b_mid-2=35269.6055  sbar_dark_T4c_mid-2=47045.3711  sbar_dark_T4d_mid-2=33131.3516  sbar_dark_T5b_mid-2=1172595.5000  sbar_dark_T5c_mid-2=1166830.7500  sbar_dark_T5d_mid-2=1218119.3750  sbar_dark_T5a_mid-2=1130650.5000  sbar_dark_T4a_mid-1.5=19869.6855  sbar_dark_T4b_mid-1.5=16277.5947  sbar_dark_T4c_mid-1.5=19422.3203  sbar_dark_T4d_mid-1.5=14854.1270  sbar_dark_T5a_mid-1.5=379793.6875  sbar_dark_T5b_mid-1.5=390208.9375  sbar_dark_T5c_mid-1.5=371651.6562  sbar_dark_T5d_mid-1.5=345642.9062  sbar_dark_T4a_mid-0.5=22093.4648  sbar_dark_T4b_mid-0.5=32943.7930  sbar_dark_T4c_mid-0.5=44605.7305  sbar_dark_T4d_mid-0.5=34137.2422  sbar_dark_T5a_mid-0.5=862772.1875  sbar_dark_T5b_mid-0.5=885972.3750  sbar_dark_T5c_mid-0.5=786043.1250  sbar_dark_T5d_mid-0.5=789953.4375  sbar_dark_T4a_mid+0.5=10821.4072  sbar_dark_T4b_mid+0.5=9425.5957  sbar_dark_T4c_mid+0.5=15359.8359  sbar_dark_T4d_mid+0.5=10864.7002  sbar_dark_T5a_mid+0.5=181863.1406  sbar_dark_T5b_mid+0.5=167337.1875  sbar_dark_T5c_mid+0.5=122114.2109  sbar_dark_T5d_mid+0.5=104427.5703  sbar_dark_T4b_mid+1.5=8833.7100  sbar_dark_T4c_mid+1.5=8529.5488  sbar_dark_T4d_mid+1.5=5119.2500  sbar_dark_T5a_mid+1.5=60060.4336  sbar_dark_T5b_mid+1.5=61277.3945  sbar_dark_T5c_mid+1.5=59724.4453  sbar_dark_T5d_mid+1.5=52416.3125  sbar_dark_T4a_mid+1.5=7828.2988]:  85%|████████▌ | 850/1000 [09:17<01:38,  1.52it/s] Cost: 419212.0312  [spread_bright_L5=1964485.1250  spread_bright_Mi1=1058333.3750  spread_bright_Tm3=1141951.0000  spread_bright_Mi4=2231409.7500  spread_dark_L1=1111044.6250  spread_dark_L2=1516647.3750  spread_dark_L3=1100215.3750  spread_dark_L4=2602022.7500  spread_dark_Mi9=1431319.5000  spread_dark_Tm1=900785.0000  spread_dark_Tm2=973935.1250  spread_dark_Tm4=1155982.7500  spread_dark_Tm9=2438032.5000  sbar_bright_T4a_mid+0=448002.5312  sbar_bright_T4b_mid+0=350802.0000  sbar_bright_T4c_mid+0=401682.8438  sbar_bright_T4d_mid+0=381411.0000  sbar_bright_T5a_mid+0=82345.7969  sbar_bright_T5b_mid+0=83863.3984  sbar_bright_T5c_mid+0=95037.0547  sbar_bright_T5d_mid+0=99585.3594  sbar_bright_T4a_mid+1=229262.5781  sbar_bright_T4b_mid+1=214163.2500  sbar_bright_T4c_mid+1=250030.5781  sbar_bright_T4d_mid+1=256238.5000  sbar_bright_T5a_mid+1=159036.6406  sbar_bright_T5b_mid+1=179992.2344  sbar_bright_T5c_mid+1=153904.4219  sbar_bright_T5d_mid+1=167270.1875  sbar_bright_T4a_mid+2=66679.0625  sbar_bright_T4b_mid+2=62004.2109  sbar_bright_T4c_mid+2=65204.0234  sbar_bright_T4d_mid+2=60978.5742  sbar_bright_T5a_mid+2=328301.4375  sbar_bright_T5b_mid+2=304770.1562  sbar_bright_T5c_mid+2=319986.7812  sbar_bright_T5d_mid+2=326580.7500  sbar_bright_T4a_mid-1=1623852.3750  sbar_bright_T4b_mid-1=1483234.6250  sbar_bright_T4c_mid-1=1705871.2500  sbar_bright_T4d_mid-1=1890474.0000  sbar_bright_T5a_mid-1=419777.2500  sbar_bright_T5b_mid-1=400469.2812  sbar_bright_T5c_mid-1=411050.5625  sbar_bright_T5d_mid-1=424649.3438  sbar_bright_T4a_mid-2=443984.7188  sbar_bright_T4b_mid-2=442862.0312  sbar_bright_T4c_mid-2=427079.6562  sbar_bright_T4d_mid-2=489143.6562  sbar_bright_T5b_mid-2=146193.0000  sbar_bright_T5c_mid-2=143440.0625  sbar_bright_T5d_mid-2=150216.5781  sbar_bright_T5a_mid-2=143732.9844  sbar_bright_T4a_mid-1.5=210225.8594  sbar_bright_T4b_mid-1.5=230186.5156  sbar_bright_T4c_mid-1.5=225004.5625  sbar_bright_T4d_mid-1.5=252231.0312  sbar_bright_T5a_mid-1.5=139864.5000  sbar_bright_T5b_mid-1.5=142498.3281  sbar_bright_T5c_mid-1.5=136010.6406  sbar_bright_T5d_mid-1.5=126384.9219  sbar_bright_T4a_mid-0.5=776159.0000  sbar_bright_T4b_mid-0.5=952856.5000  sbar_bright_T4c_mid-0.5=1039168.4375  sbar_bright_T4d_mid-0.5=1059361.2500  sbar_bright_T5a_mid-0.5=168223.4062  sbar_bright_T5b_mid-0.5=169794.9375  sbar_bright_T5c_mid-0.5=159884.2500  sbar_bright_T5d_mid-0.5=159330.2656  sbar_bright_T4a_mid+0.5=158799.8750  sbar_bright_T4b_mid+0.5=77088.7891  sbar_bright_T4c_mid+0.5=123384.6484  sbar_bright_T4d_mid+0.5=116571.4766  sbar_bright_T5a_mid+0.5=68311.3672  sbar_bright_T5b_mid+0.5=67100.0469  sbar_bright_T5c_mid+0.5=52082.3906  sbar_bright_T5d_mid+0.5=50877.4023  sbar_bright_T4b_mid+1.5=67915.6875  sbar_bright_T4c_mid+1.5=92705.7031  sbar_bright_T4d_mid+1.5=52399.4609  sbar_bright_T5a_mid+1.5=69673.2500  sbar_bright_T5b_mid+1.5=70234.8828  sbar_bright_T5c_mid+1.5=69030.4453  sbar_bright_T5d_mid+1.5=59618.4766  sbar_bright_T4a_mid+1.5=59869.7500  sbar_dark_T4a_mid+0=68867.1250  sbar_dark_T4b_mid+0=58629.3125  sbar_dark_T4c_mid+0=82987.2734  sbar_dark_T4d_mid+0=56378.1562  sbar_dark_T5a_mid+0=232656.8125  sbar_dark_T5b_mid+0=274365.9062  sbar_dark_T5c_mid+0=224233.6406  sbar_dark_T5d_mid+0=249156.2188  sbar_dark_T4a_mid+1=34102.2266  sbar_dark_T4b_mid+1=18063.1836  sbar_dark_T4c_mid+1=40534.1562  sbar_dark_T4d_mid+1=29802.2051  sbar_dark_T5a_mid+1=225839.1719  sbar_dark_T5b_mid+1=287963.6250  sbar_dark_T5c_mid+1=231764.1406  sbar_dark_T5d_mid+1=222465.4688  sbar_dark_T4a_mid+2=28889.5527  sbar_dark_T4b_mid+2=43187.9844  sbar_dark_T4c_mid+2=37958.1953  sbar_dark_T4d_mid+2=21189.2109  sbar_dark_T5a_mid+2=391086.2812  sbar_dark_T5b_mid+2=361790.5000  sbar_dark_T5c_mid+2=382581.2500  sbar_dark_T5d_mid+2=379579.8438  sbar_dark_T4a_mid-1=161924.6875  sbar_dark_T4b_mid-1=96574.4375  sbar_dark_T4c_mid-1=111646.3984  sbar_dark_T4d_mid-1=133824.0000  sbar_dark_T5a_mid-1=2102246.5000  sbar_dark_T5b_mid-1=1736035.3750  sbar_dark_T5c_mid-1=2003981.0000  sbar_dark_T5d_mid-1=2119133.2500  sbar_dark_T4a_mid-2=50388.7812  sbar_dark_T4b_mid-2=35675.0820  sbar_dark_T4c_mid-2=50042.6797  sbar_dark_T4d_mid-2=33420.7500  sbar_dark_T5b_mid-2=1164789.8750  sbar_dark_T5c_mid-2=1160915.5000  sbar_dark_T5d_mid-2=1211009.0000  sbar_dark_T5a_mid-2=1114028.3750  sbar_dark_T4a_mid-1.5=20639.6680  sbar_dark_T4b_mid-1.5=16569.4160  sbar_dark_T4c_mid-1.5=20380.4531  sbar_dark_T4d_mid-1.5=14749.6143  sbar_dark_T5a_mid-1.5=378185.2188  sbar_dark_T5b_mid-1.5=388301.8750  sbar_dark_T5c_mid-1.5=371338.6875  sbar_dark_T5d_mid-1.5=345064.8125  sbar_dark_T4a_mid-0.5=30420.9375  sbar_dark_T4b_mid-0.5=31745.7422  sbar_dark_T4c_mid-0.5=65857.2734  sbar_dark_T4d_mid-0.5=34063.7383  sbar_dark_T5a_mid-0.5=841984.1875  sbar_dark_T5b_mid-0.5=868798.6875  sbar_dark_T5c_mid-0.5=769559.2500  sbar_dark_T5d_mid-0.5=790540.4375  sbar_dark_T4a_mid+0.5=16292.3877  sbar_dark_T4b_mid+0.5=18046.2051  sbar_dark_T4c_mid+0.5=19285.3906  sbar_dark_T4d_mid+0.5=17659.6719  sbar_dark_T5a_mid+0.5=174681.1719  sbar_dark_T5b_mid+0.5=159137.6719  sbar_dark_T5c_mid+0.5=123798.4141  sbar_dark_T5d_mid+0.5=102562.3047  sbar_dark_T4b_mid+1.5=10076.4824  sbar_dark_T4c_mid+1.5=10703.0977  sbar_dark_T4d_mid+1.5=5006.3569  sbar_dark_T5a_mid+1.5=59303.5625  sbar_dark_T5b_mid+1.5=59684.9375  sbar_dark_T5c_mid+1.5=59287.3867  sbar_dark_T5d_mid+1.5=51824.6914  sbar_dark_T4a_mid+1.5=8856.4746]:  86%|████████▌ | 860/1000 [09:24<01:32,  1.52it/s] Cost: 410454.3125  [spread_bright_L5=1911207.2500  spread_bright_Mi1=1007368.4375  spread_bright_Tm3=1133436.6250  spread_bright_Mi4=2140490.7500  spread_dark_L1=1117064.8750  spread_dark_L2=1460377.2500  spread_dark_L3=1059093.2500  spread_dark_L4=2521142.0000  spread_dark_Mi9=1367631.0000  spread_dark_Tm1=901157.6250  spread_dark_Tm2=966811.3125  spread_dark_Tm4=1147571.1250  spread_dark_Tm9=2134585.2500  sbar_bright_T4a_mid+0=406244.7188  sbar_bright_T4b_mid+0=327727.4375  sbar_bright_T4c_mid+0=386586.6875  sbar_bright_T4d_mid+0=364339.9375  sbar_bright_T5a_mid+0=78330.4844  sbar_bright_T5b_mid+0=85835.8516  sbar_bright_T5c_mid+0=94405.3359  sbar_bright_T5d_mid+0=98824.0312  sbar_bright_T4a_mid+1=247786.5938  sbar_bright_T4b_mid+1=215940.7188  sbar_bright_T4c_mid+1=253946.3906  sbar_bright_T4d_mid+1=258609.8750  sbar_bright_T5a_mid+1=153716.7344  sbar_bright_T5b_mid+1=175032.9062  sbar_bright_T5c_mid+1=149627.4844  sbar_bright_T5d_mid+1=164110.4375  sbar_bright_T4a_mid+2=74983.1641  sbar_bright_T4b_mid+2=76159.0234  sbar_bright_T4c_mid+2=70806.5391  sbar_bright_T4d_mid+2=61645.2773  sbar_bright_T5a_mid+2=320060.8438  sbar_bright_T5b_mid+2=300005.4688  sbar_bright_T5c_mid+2=314035.1562  sbar_bright_T5d_mid+2=320409.9375  sbar_bright_T4a_mid-1=1603969.1250  sbar_bright_T4b_mid-1=1393598.8750  sbar_bright_T4c_mid-1=1650806.1250  sbar_bright_T4d_mid-1=1856055.1250  sbar_bright_T5a_mid-1=416751.7812  sbar_bright_T5b_mid-1=397532.8125  sbar_bright_T5c_mid-1=408540.1250  sbar_bright_T5d_mid-1=423107.0625  sbar_bright_T4a_mid-2=413906.5000  sbar_bright_T4b_mid-2=408359.7812  sbar_bright_T4c_mid-2=406064.0938  sbar_bright_T4d_mid-2=474019.4375  sbar_bright_T5b_mid-2=145791.5000  sbar_bright_T5c_mid-2=140229.2969  sbar_bright_T5d_mid-2=148291.7812  sbar_bright_T5a_mid-2=141259.4219  sbar_bright_T4a_mid-1.5=204831.9375  sbar_bright_T4b_mid-1.5=227655.5938  sbar_bright_T4c_mid-1.5=220216.4062  sbar_bright_T4d_mid-1.5=253243.7031  sbar_bright_T5a_mid-1.5=138660.4219  sbar_bright_T5b_mid-1.5=142280.9688  sbar_bright_T5c_mid-1.5=135560.4688  sbar_bright_T5d_mid-1.5=126225.1328  sbar_bright_T4a_mid-0.5=720246.4375  sbar_bright_T4b_mid-0.5=923547.1250  sbar_bright_T4c_mid-0.5=985746.6875  sbar_bright_T4d_mid-0.5=1067418.2500  sbar_bright_T5a_mid-0.5=166322.6406  sbar_bright_T5b_mid-0.5=168864.9375  sbar_bright_T5c_mid-0.5=158859.3125  sbar_bright_T5d_mid-0.5=158344.4844  sbar_bright_T4a_mid+0.5=152310.9375  sbar_bright_T4b_mid+0.5=75333.1016  sbar_bright_T4c_mid+0.5=120534.6016  sbar_bright_T4d_mid+0.5=114077.5625  sbar_bright_T5a_mid+0.5=66727.8125  sbar_bright_T5b_mid+0.5=66316.5000  sbar_bright_T5c_mid+0.5=51019.9336  sbar_bright_T5d_mid+0.5=49696.5039  sbar_bright_T4b_mid+1.5=75811.2812  sbar_bright_T4c_mid+1.5=102005.6641  sbar_bright_T4d_mid+1.5=54460.7578  sbar_bright_T5a_mid+1.5=67908.2891  sbar_bright_T5b_mid+1.5=68362.8125  sbar_bright_T5c_mid+1.5=67014.1641  sbar_bright_T5d_mid+1.5=57577.0859  sbar_bright_T4a_mid+1.5=64669.9922  sbar_dark_T4a_mid+0=70607.4688  sbar_dark_T4b_mid+0=58522.4180  sbar_dark_T4c_mid+0=99173.5234  sbar_dark_T4d_mid+0=60554.1719  sbar_dark_T5a_mid+0=244570.0312  sbar_dark_T5b_mid+0=245352.1875  sbar_dark_T5c_mid+0=211394.4844  sbar_dark_T5d_mid+0=241538.2969  sbar_dark_T4a_mid+1=49458.6953  sbar_dark_T4b_mid+1=18994.1348  sbar_dark_T4c_mid+1=48588.1875  sbar_dark_T4d_mid+1=35415.7656  sbar_dark_T5a_mid+1=221799.3125  sbar_dark_T5b_mid+1=280615.4375  sbar_dark_T5c_mid+1=224288.4531  sbar_dark_T5d_mid+1=219223.8750  sbar_dark_T4a_mid+2=32888.5117  sbar_dark_T4b_mid+2=60784.2148  sbar_dark_T4c_mid+2=46687.9219  sbar_dark_T4d_mid+2=22279.0527  sbar_dark_T5a_mid+2=381491.7500  sbar_dark_T5b_mid+2=357495.0938  sbar_dark_T5c_mid+2=374307.0938  sbar_dark_T5d_mid+2=372862.8438  sbar_dark_T4a_mid-1=167080.8438  sbar_dark_T4b_mid-1=106863.4141  sbar_dark_T4c_mid-1=116883.6406  sbar_dark_T4d_mid-1=134429.6250  sbar_dark_T5a_mid-1=2083248.3750  sbar_dark_T5b_mid-1=1724205.7500  sbar_dark_T5c_mid-1=1983559.2500  sbar_dark_T5d_mid-1=2110036.7500  sbar_dark_T4a_mid-2=58706.7773  sbar_dark_T4b_mid-2=39315.4648  sbar_dark_T4c_mid-2=53629.1641  sbar_dark_T4d_mid-2=34682.0312  sbar_dark_T5b_mid-2=1161047.3750  sbar_dark_T5c_mid-2=1150895.1250  sbar_dark_T5d_mid-2=1202184.6250  sbar_dark_T5a_mid-2=1095418.2500  sbar_dark_T4a_mid-1.5=21555.4863  sbar_dark_T4b_mid-1.5=17288.2832  sbar_dark_T4c_mid-1.5=21496.2715  sbar_dark_T4d_mid-1.5=14293.4492  sbar_dark_T5a_mid-1.5=374161.8438  sbar_dark_T5b_mid-1.5=387829.1250  sbar_dark_T5c_mid-1.5=370747.1250  sbar_dark_T5d_mid-1.5=345034.3438  sbar_dark_T4a_mid-0.5=46472.4336  sbar_dark_T4b_mid-0.5=32859.5859  sbar_dark_T4c_mid-0.5=86433.5781  sbar_dark_T4d_mid-0.5=32524.7402  sbar_dark_T5a_mid-0.5=816028.1250  sbar_dark_T5b_mid-0.5=858905.6250  sbar_dark_T5c_mid-0.5=762046.1250  sbar_dark_T5d_mid-0.5=790115.8750  sbar_dark_T4a_mid+0.5=22757.4277  sbar_dark_T4b_mid+0.5=34277.1953  sbar_dark_T4c_mid+0.5=21931.5137  sbar_dark_T4d_mid+0.5=25364.5117  sbar_dark_T5a_mid+0.5=167793.4531  sbar_dark_T5b_mid+0.5=153312.1406  sbar_dark_T5c_mid+0.5=123887.3906  sbar_dark_T5d_mid+0.5=99858.9844  sbar_dark_T4b_mid+1.5=12400.5176  sbar_dark_T4c_mid+1.5=12764.0967  sbar_dark_T4d_mid+1.5=4950.3496  sbar_dark_T5a_mid+1.5=58275.4180  sbar_dark_T5b_mid+1.5=58494.3359  sbar_dark_T5c_mid+1.5=58276.3984  sbar_dark_T5d_mid+1.5=50745.7109  sbar_dark_T4a_mid+1.5=10113.5264]:  87%|████████▋ | 870/1000 [09:31<01:25,  1.52it/s] Cost: 403265.9688  [spread_bright_L5=1830324.5000  spread_bright_Mi1=987134.0625  spread_bright_Tm3=1129037.3750  spread_bright_Mi4=2070645.8750  spread_dark_L1=1114722.0000  spread_dark_L2=1382505.6250  spread_dark_L3=1027161.1250  spread_dark_L4=2480324.7500  spread_dark_Mi9=1294098.2500  spread_dark_Tm1=888035.3125  spread_dark_Tm2=959938.4375  spread_dark_Tm4=1142222.2500  spread_dark_Tm9=1924475.7500  sbar_bright_T4a_mid+0=369875.1875  sbar_bright_T4b_mid+0=307011.9375  sbar_bright_T4c_mid+0=372990.4375  sbar_bright_T4d_mid+0=345520.5000  sbar_bright_T5a_mid+0=79774.2422  sbar_bright_T5b_mid+0=91630.9141  sbar_bright_T5c_mid+0=96955.5078  sbar_bright_T5d_mid+0=100632.9219  sbar_bright_T4a_mid+1=270525.4375  sbar_bright_T4b_mid+1=224559.3750  sbar_bright_T4c_mid+1=261648.1406  sbar_bright_T4d_mid+1=267175.4062  sbar_bright_T5a_mid+1=148262.7969  sbar_bright_T5b_mid+1=172024.3125  sbar_bright_T5c_mid+1=145903.7812  sbar_bright_T5d_mid+1=160966.7344  sbar_bright_T4a_mid+2=87314.6406  sbar_bright_T4b_mid+2=100093.5156  sbar_bright_T4c_mid+2=79104.8672  sbar_bright_T4d_mid+2=64431.6914  sbar_bright_T5a_mid+2=314162.0000  sbar_bright_T5b_mid+2=295048.6875  sbar_bright_T5c_mid+2=307547.4375  sbar_bright_T5d_mid+2=315593.9375  sbar_bright_T4a_mid-1=1599705.1250  sbar_bright_T4b_mid-1=1329578.2500  sbar_bright_T4c_mid-1=1629260.7500  sbar_bright_T4d_mid-1=1850289.5000  sbar_bright_T5a_mid-1=414286.9062  sbar_bright_T5b_mid-1=396348.9062  sbar_bright_T5c_mid-1=406196.3750  sbar_bright_T5d_mid-1=422581.2500  sbar_bright_T4a_mid-2=402877.2500  sbar_bright_T4b_mid-2=385892.2188  sbar_bright_T4c_mid-2=396495.5625  sbar_bright_T4d_mid-2=470004.5312  sbar_bright_T5b_mid-2=142444.5938  sbar_bright_T5c_mid-2=137334.5938  sbar_bright_T5d_mid-2=144993.5156  sbar_bright_T5a_mid-2=137621.7656  sbar_bright_T4a_mid-1.5=205122.3906  sbar_bright_T4b_mid-1.5=224526.0625  sbar_bright_T4c_mid-1.5=218666.0312  sbar_bright_T4d_mid-1.5=252497.4531  sbar_bright_T5a_mid-1.5=138051.4062  sbar_bright_T5b_mid-1.5=140913.8594  sbar_bright_T5c_mid-1.5=135298.4688  sbar_bright_T5d_mid-1.5=125376.1875  sbar_bright_T4a_mid-0.5=697159.1250  sbar_bright_T4b_mid-0.5=898681.2500  sbar_bright_T4c_mid-0.5=963749.9375  sbar_bright_T4d_mid-0.5=1074654.5000  sbar_bright_T5a_mid-0.5=165118.7188  sbar_bright_T5b_mid-0.5=168416.4375  sbar_bright_T5c_mid-0.5=157149.0000  sbar_bright_T5d_mid-0.5=158265.7500  sbar_bright_T4a_mid+0.5=149760.3438  sbar_bright_T4b_mid+0.5=78204.0156  sbar_bright_T4c_mid+0.5=121257.0156  sbar_bright_T4d_mid+0.5=115568.8047  sbar_bright_T5a_mid+0.5=64709.7344  sbar_bright_T5b_mid+0.5=65188.4648  sbar_bright_T5c_mid+0.5=50095.0469  sbar_bright_T5d_mid+0.5=49568.3867  sbar_bright_T4b_mid+1.5=86896.0469  sbar_bright_T4c_mid+1.5=107587.2656  sbar_bright_T4d_mid+1.5=57100.7188  sbar_bright_T5a_mid+1.5=65788.0078  sbar_bright_T5b_mid+1.5=66054.5000  sbar_bright_T5c_mid+1.5=65532.6836  sbar_bright_T5d_mid+1.5=56320.6836  sbar_bright_T4a_mid+1.5=69541.0625  sbar_dark_T4a_mid+0=57133.0781  sbar_dark_T4b_mid+0=54720.9805  sbar_dark_T4c_mid+0=96479.2734  sbar_dark_T4d_mid+0=51237.0469  sbar_dark_T5a_mid+0=259264.8906  sbar_dark_T5b_mid+0=231131.1875  sbar_dark_T5c_mid+0=202665.6719  sbar_dark_T5d_mid+0=235329.3125  sbar_dark_T4a_mid+1=59610.4336  sbar_dark_T4b_mid+1=22149.0078  sbar_dark_T4c_mid+1=51148.7188  sbar_dark_T4d_mid+1=34585.0625  sbar_dark_T5a_mid+1=221309.0312  sbar_dark_T5b_mid+1=275725.2812  sbar_dark_T5c_mid+1=218037.4844  sbar_dark_T5d_mid+1=214248.7031  sbar_dark_T4a_mid+2=37453.0391  sbar_dark_T4b_mid+2=80797.7031  sbar_dark_T4c_mid+2=53386.4727  sbar_dark_T4d_mid+2=23835.4082  sbar_dark_T5a_mid+2=374723.5938  sbar_dark_T5b_mid+2=352615.5938  sbar_dark_T5c_mid+2=366434.8438  sbar_dark_T5d_mid+2=367403.0625  sbar_dark_T4a_mid-1=176879.3750  sbar_dark_T4b_mid-1=116983.2031  sbar_dark_T4c_mid-1=117638.6406  sbar_dark_T4d_mid-1=135519.3281  sbar_dark_T5a_mid-1=2045402.3750  sbar_dark_T5b_mid-1=1693107.6250  sbar_dark_T5c_mid-1=1941599.2500  sbar_dark_T5d_mid-1=2090761.7500  sbar_dark_T4a_mid-2=62486.4688  sbar_dark_T4b_mid-2=42446.6367  sbar_dark_T4c_mid-2=55574.8398  sbar_dark_T4d_mid-2=34930.0742  sbar_dark_T5b_mid-2=1145014.3750  sbar_dark_T5c_mid-2=1139008.2500  sbar_dark_T5d_mid-2=1187780.6250  sbar_dark_T5a_mid-2=1071029.1250  sbar_dark_T4a_mid-1.5=21696.6113  sbar_dark_T4b_mid-1.5=18256.0547  sbar_dark_T4c_mid-1.5=21434.0020  sbar_dark_T4d_mid-1.5=14344.6064  sbar_dark_T5a_mid-1.5=371089.1875  sbar_dark_T5b_mid-1.5=383702.6875  sbar_dark_T5c_mid-1.5=369201.9375  sbar_dark_T5d_mid-1.5=342389.2500  sbar_dark_T4a_mid-0.5=55628.2109  sbar_dark_T4b_mid-0.5=37070.6484  sbar_dark_T4c_mid-0.5=93800.3984  sbar_dark_T4d_mid-0.5=33385.8750  sbar_dark_T5a_mid-0.5=793442.5000  sbar_dark_T5b_mid-0.5=844326.8750  sbar_dark_T5c_mid-0.5=741003.7500  sbar_dark_T5d_mid-0.5=786204.3125  sbar_dark_T4a_mid+0.5=26680.1055  sbar_dark_T4b_mid+0.5=46218.0781  sbar_dark_T4c_mid+0.5=23074.3066  sbar_dark_T4d_mid+0.5=26327.6367  sbar_dark_T5a_mid+0.5=159193.4531  sbar_dark_T5b_mid+0.5=146769.8906  sbar_dark_T5c_mid+0.5=122697.5000  sbar_dark_T5d_mid+0.5=98756.4609  sbar_dark_T4b_mid+1.5=16781.3164  sbar_dark_T4c_mid+1.5=14992.7324  sbar_dark_T4d_mid+1.5=5183.7139  sbar_dark_T5a_mid+1.5=57121.4414  sbar_dark_T5b_mid+1.5=57094.3555  sbar_dark_T5c_mid+1.5=57530.5469  sbar_dark_T5d_mid+1.5=50179.9570  sbar_dark_T4a_mid+1.5=11493.9043]:  88%|████████▊ | 880/1000 [09:37<01:18,  1.52it/s] Cost: 396983.4375  [spread_bright_L5=1800746.3750  spread_bright_Mi1=966973.5625  spread_bright_Tm3=1126769.0000  spread_bright_Mi4=2009987.0000  spread_dark_L1=1124981.3750  spread_dark_L2=1306039.5000  spread_dark_L3=1006660.3125  spread_dark_L4=2465602.5000  spread_dark_Mi9=1214834.2500  spread_dark_Tm1=866756.9375  spread_dark_Tm2=952675.8125  spread_dark_Tm4=1138483.3750  spread_dark_Tm9=1769471.3750  sbar_bright_T4a_mid+0=362516.7812  sbar_bright_T4b_mid+0=295027.0938  sbar_bright_T4c_mid+0=367707.3750  sbar_bright_T4d_mid+0=338603.1562  sbar_bright_T5a_mid+0=81172.5469  sbar_bright_T5b_mid+0=95361.7266  sbar_bright_T5c_mid+0=97378.4844  sbar_bright_T5d_mid+0=100690.0234  sbar_bright_T4a_mid+1=275619.8750  sbar_bright_T4b_mid+1=228321.0938  sbar_bright_T4c_mid+1=263058.6562  sbar_bright_T4d_mid+1=267074.2812  sbar_bright_T5a_mid+1=141806.1250  sbar_bright_T5b_mid+1=166070.6875  sbar_bright_T5c_mid+1=139772.8438  sbar_bright_T5d_mid+1=155174.3438  sbar_bright_T4a_mid+2=90794.3438  sbar_bright_T4b_mid+2=112699.3359  sbar_bright_T4c_mid+2=84941.7422  sbar_bright_T4d_mid+2=66436.2969  sbar_bright_T5a_mid+2=304670.4375  sbar_bright_T5b_mid+2=289137.9375  sbar_bright_T5c_mid+2=298901.2500  sbar_bright_T5d_mid+2=307944.1250  sbar_bright_T4a_mid-1=1594618.7500  sbar_bright_T4b_mid-1=1309681.7500  sbar_bright_T4c_mid-1=1623640.5000  sbar_bright_T4d_mid-1=1854622.8750  sbar_bright_T5a_mid-1=411599.8750  sbar_bright_T5b_mid-1=393509.2812  sbar_bright_T5c_mid-1=403440.3125  sbar_bright_T5d_mid-1=420497.8750  sbar_bright_T4a_mid-2=398039.2188  sbar_bright_T4b_mid-2=376586.4688  sbar_bright_T4c_mid-2=389851.5625  sbar_bright_T4d_mid-2=467285.7812  sbar_bright_T5b_mid-2=139387.8281  sbar_bright_T5c_mid-2=132990.3594  sbar_bright_T5d_mid-2=141319.7188  sbar_bright_T5a_mid-2=133108.2656  sbar_bright_T4a_mid-1.5=205591.5312  sbar_bright_T4b_mid-1.5=224449.4375  sbar_bright_T4c_mid-1.5=218334.8438  sbar_bright_T4d_mid-1.5=254200.6875  sbar_bright_T5a_mid-1.5=136953.7031  sbar_bright_T5b_mid-1.5=139779.0156  sbar_bright_T5c_mid-1.5=134795.8750  sbar_bright_T5d_mid-1.5=124584.9609  sbar_bright_T4a_mid-0.5=686040.6250  sbar_bright_T4b_mid-0.5=890805.8750  sbar_bright_T4c_mid-0.5=960127.2500  sbar_bright_T4d_mid-0.5=1081410.3750  sbar_bright_T5a_mid-0.5=163162.8438  sbar_bright_T5b_mid-0.5=167259.5938  sbar_bright_T5c_mid-0.5=155445.7812  sbar_bright_T5d_mid-0.5=157094.5938  sbar_bright_T4a_mid+0.5=149725.2656  sbar_bright_T4b_mid+0.5=79777.2578  sbar_bright_T4c_mid+0.5=121438.6406  sbar_bright_T4d_mid+0.5=116021.2656  sbar_bright_T5a_mid+0.5=62752.9453  sbar_bright_T5b_mid+0.5=63284.6328  sbar_bright_T5c_mid+0.5=47831.2344  sbar_bright_T5d_mid+0.5=47449.7656  sbar_bright_T4b_mid+1.5=91492.5312  sbar_bright_T4c_mid+1.5=111540.4688  sbar_bright_T4d_mid+1.5=58328.3281  sbar_bright_T5a_mid+1.5=63269.2031  sbar_bright_T5b_mid+1.5=63506.5508  sbar_bright_T5c_mid+1.5=62825.3906  sbar_bright_T5d_mid+1.5=54317.5352  sbar_bright_T4a_mid+1.5=72696.3594  sbar_dark_T4a_mid+0=55197.6680  sbar_dark_T4b_mid+0=51181.6992  sbar_dark_T4c_mid+0=91160.0391  sbar_dark_T4d_mid+0=46075.0820  sbar_dark_T5a_mid+0=272595.9688  sbar_dark_T5b_mid+0=245366.6094  sbar_dark_T5c_mid+0=207382.2188  sbar_dark_T5d_mid+0=240698.7812  sbar_dark_T4a_mid+1=59831.7148  sbar_dark_T4b_mid+1=22815.1191  sbar_dark_T4c_mid+1=50229.7578  sbar_dark_T4d_mid+1=31846.0332  sbar_dark_T5a_mid+1=223234.5312  sbar_dark_T5b_mid+1=267035.6250  sbar_dark_T5c_mid+1=215297.7188  sbar_dark_T5d_mid+1=207319.5156  sbar_dark_T4a_mid+2=39011.8164  sbar_dark_T4b_mid+2=85027.8125  sbar_dark_T4c_mid+2=55853.5664  sbar_dark_T4d_mid+2=24188.7227  sbar_dark_T5a_mid+2=364982.0625  sbar_dark_T5b_mid+2=347262.1875  sbar_dark_T5c_mid+2=358291.2188  sbar_dark_T5d_mid+2=359743.0000  sbar_dark_T4a_mid-1=179443.4375  sbar_dark_T4b_mid-1=116604.8125  sbar_dark_T4c_mid-1=114671.7031  sbar_dark_T4d_mid-1=135679.4219  sbar_dark_T5a_mid-1=2011759.0000  sbar_dark_T5b_mid-1=1643560.1250  sbar_dark_T5c_mid-1=1896462.1250  sbar_dark_T5d_mid-1=2058272.1250  sbar_dark_T4a_mid-2=64517.0703  sbar_dark_T4b_mid-2=43469.4961  sbar_dark_T4c_mid-2=57249.9531  sbar_dark_T4d_mid-2=35664.2305  sbar_dark_T5b_mid-2=1128966.0000  sbar_dark_T5c_mid-2=1122221.7500  sbar_dark_T5d_mid-2=1172989.5000  sbar_dark_T5a_mid-2=1048406.5000  sbar_dark_T4a_mid-1.5=21885.3320  sbar_dark_T4b_mid-1.5=18474.0234  sbar_dark_T4c_mid-1.5=21421.7188  sbar_dark_T4d_mid-1.5=14207.9404  sbar_dark_T5a_mid-1.5=368143.8750  sbar_dark_T5b_mid-1.5=381006.7812  sbar_dark_T5c_mid-1.5=368276.0000  sbar_dark_T5d_mid-1.5=340502.0625  sbar_dark_T4a_mid-0.5=53558.4727  sbar_dark_T4b_mid-0.5=37580.5586  sbar_dark_T4c_mid-0.5=88306.4219  sbar_dark_T4d_mid-0.5=33109.1719  sbar_dark_T5a_mid-0.5=770302.3750  sbar_dark_T5b_mid-0.5=828926.7500  sbar_dark_T5c_mid-0.5=721802.8125  sbar_dark_T5d_mid-0.5=776946.0625  sbar_dark_T4a_mid+0.5=25967.7480  sbar_dark_T4b_mid+0.5=44606.3672  sbar_dark_T4c_mid+0.5=22924.9570  sbar_dark_T4d_mid+0.5=23633.6523  sbar_dark_T5a_mid+0.5=152716.3906  sbar_dark_T5b_mid+0.5=138945.7500  sbar_dark_T5c_mid+0.5=117715.9766  sbar_dark_T5d_mid+0.5=95045.5312  sbar_dark_T4b_mid+1.5=18931.7773  sbar_dark_T4c_mid+1.5=16023.0273  sbar_dark_T4d_mid+1.5=5151.9395  sbar_dark_T5a_mid+1.5=56335.8164  sbar_dark_T5b_mid+1.5=56173.2500  sbar_dark_T5c_mid+1.5=56798.1758  sbar_dark_T5d_mid+1.5=49730.8828  sbar_dark_T4a_mid+1.5=12344.9551]:  89%|████████▉ | 890/1000 [09:44<01:12,  1.52it/s] Cost: 390906.5625  [spread_bright_L5=1791441.5000  spread_bright_Mi1=966034.5000  spread_bright_Tm3=1136141.5000  spread_bright_Mi4=1930476.2500  spread_dark_L1=1152764.6250  spread_dark_L2=1258247.5000  spread_dark_L3=1002458.6875  spread_dark_L4=2456558.0000  spread_dark_Mi9=1130420.0000  spread_dark_Tm1=840336.1875  spread_dark_Tm2=944026.6875  spread_dark_Tm4=1125811.7500  spread_dark_Tm9=1648283.0000  sbar_bright_T4a_mid+0=367309.7812  sbar_bright_T4b_mid+0=288023.3750  sbar_bright_T4c_mid+0=362468.6562  sbar_bright_T4d_mid+0=335928.6875  sbar_bright_T5a_mid+0=85187.4062  sbar_bright_T5b_mid+0=101415.8125  sbar_bright_T5c_mid+0=100300.5469  sbar_bright_T5d_mid+0=102344.1406  sbar_bright_T4a_mid+1=274776.5312  sbar_bright_T4b_mid+1=234296.7500  sbar_bright_T4c_mid+1=267247.5625  sbar_bright_T4d_mid+1=270727.9062  sbar_bright_T5a_mid+1=133419.8750  sbar_bright_T5b_mid+1=158283.8281  sbar_bright_T5c_mid+1=131574.4531  sbar_bright_T5d_mid+1=147038.9219  sbar_bright_T4a_mid+2=92446.0547  sbar_bright_T4b_mid+2=120987.6016  sbar_bright_T4c_mid+2=93356.5547  sbar_bright_T4d_mid+2=69703.8672  sbar_bright_T5a_mid+2=291354.5000  sbar_bright_T5b_mid+2=278950.2188  sbar_bright_T5c_mid+2=285862.6875  sbar_bright_T5d_mid+2=296098.7188  sbar_bright_T4a_mid-1=1581974.6250  sbar_bright_T4b_mid-1=1302543.2500  sbar_bright_T4c_mid-1=1620650.3750  sbar_bright_T4d_mid-1=1846186.3750  sbar_bright_T5a_mid-1=409255.0625  sbar_bright_T5b_mid-1=391264.6562  sbar_bright_T5c_mid-1=401348.5625  sbar_bright_T5d_mid-1=418414.0625  sbar_bright_T4a_mid-2=396263.3438  sbar_bright_T4b_mid-2=371937.0625  sbar_bright_T4c_mid-2=383913.1250  sbar_bright_T4d_mid-2=458225.5625  sbar_bright_T5b_mid-2=135294.9844  sbar_bright_T5c_mid-2=126923.3438  sbar_bright_T5d_mid-2=136547.7656  sbar_bright_T5a_mid-2=127826.3906  sbar_bright_T4a_mid-1.5=205607.1406  sbar_bright_T4b_mid-1.5=222289.4531  sbar_bright_T4c_mid-1.5=216777.9844  sbar_bright_T4d_mid-1.5=253785.0938  sbar_bright_T5a_mid-1.5=135524.1719  sbar_bright_T5b_mid-1.5=138274.2344  sbar_bright_T5c_mid-1.5=134441.0469  sbar_bright_T5d_mid-1.5=123617.7266  sbar_bright_T4a_mid-0.5=690722.5000  sbar_bright_T4b_mid-0.5=884971.1875  sbar_bright_T4c_mid-0.5=965825.5625  sbar_bright_T4d_mid-0.5=1079113.5000  sbar_bright_T5a_mid-0.5=160824.1094  sbar_bright_T5b_mid-0.5=165855.8281  sbar_bright_T5c_mid-0.5=153618.0781  sbar_bright_T5d_mid-0.5=155972.1094  sbar_bright_T4a_mid+0.5=148383.3125  sbar_bright_T4b_mid+0.5=79105.4844  sbar_bright_T4c_mid+0.5=121868.5391  sbar_bright_T4d_mid+0.5=112937.9766  sbar_bright_T5a_mid+0.5=59759.7852  sbar_bright_T5b_mid+0.5=60685.0469  sbar_bright_T5c_mid+0.5=45111.0273  sbar_bright_T5d_mid+0.5=44504.0312  sbar_bright_T4b_mid+1.5=95512.3516  sbar_bright_T4c_mid+1.5=116809.8516  sbar_bright_T4d_mid+1.5=61886.4883  sbar_bright_T5a_mid+1.5=59470.6719  sbar_bright_T5b_mid+1.5=59376.1016  sbar_bright_T5c_mid+1.5=58337.8125  sbar_bright_T5d_mid+1.5=50684.9922  sbar_bright_T4a_mid+1.5=77271.5391  sbar_dark_T4a_mid+0=52324.4805  sbar_dark_T4b_mid+0=49325.9258  sbar_dark_T4c_mid+0=81907.0859  sbar_dark_T4d_mid+0=43059.2109  sbar_dark_T5a_mid+0=284623.3750  sbar_dark_T5b_mid+0=268830.5625  sbar_dark_T5c_mid+0=218859.7500  sbar_dark_T5d_mid+0=250631.7969  sbar_dark_T4a_mid+1=53618.5195  sbar_dark_T4b_mid+1=23505.4805  sbar_dark_T4c_mid+1=47868.3164  sbar_dark_T4d_mid+1=30395.9922  sbar_dark_T5a_mid+1=228799.8125  sbar_dark_T5b_mid+1=257740.6406  sbar_dark_T5c_mid+1=214513.0156  sbar_dark_T5d_mid+1=200019.5000  sbar_dark_T4a_mid+2=41200.7578  sbar_dark_T4b_mid+2=80999.8359  sbar_dark_T4c_mid+2=56682.0898  sbar_dark_T4d_mid+2=26487.7324  sbar_dark_T5a_mid+2=353023.0312  sbar_dark_T5b_mid+2=338813.9375  sbar_dark_T5c_mid+2=348186.1875  sbar_dark_T5d_mid+2=349408.4688  sbar_dark_T4a_mid-1=184832.9531  sbar_dark_T4b_mid-1=109470.0078  sbar_dark_T4c_mid-1=113077.5078  sbar_dark_T4d_mid-1=138203.1875  sbar_dark_T5a_mid-1=1973294.7500  sbar_dark_T5b_mid-1=1583179.1250  sbar_dark_T5c_mid-1=1842500.5000  sbar_dark_T5d_mid-1=2018335.8750  sbar_dark_T4a_mid-2=65467.3633  sbar_dark_T4b_mid-2=43533.9688  sbar_dark_T4c_mid-2=59265.9102  sbar_dark_T4d_mid-2=37414.8242  sbar_dark_T5b_mid-2=1109868.7500  sbar_dark_T5c_mid-2=1101136.7500  sbar_dark_T5d_mid-2=1156188.1250  sbar_dark_T5a_mid-2=1024245.9375  sbar_dark_T4a_mid-1.5=22027.9141  sbar_dark_T4b_mid-1.5=18964.6074  sbar_dark_T4c_mid-1.5=21732.6250  sbar_dark_T4d_mid-1.5=14387.5693  sbar_dark_T5a_mid-1.5=365165.2812  sbar_dark_T5b_mid-1.5=377726.4688  sbar_dark_T5c_mid-1.5=368500.8750  sbar_dark_T5d_mid-1.5=338461.6250  sbar_dark_T4a_mid-0.5=43002.4297  sbar_dark_T4b_mid-0.5=36974.9297  sbar_dark_T4c_mid-0.5=77454.7500  sbar_dark_T4d_mid-0.5=33894.4336  sbar_dark_T5a_mid-0.5=745234.3750  sbar_dark_T5b_mid-0.5=811507.9375  sbar_dark_T5c_mid-0.5=698749.9375  sbar_dark_T5d_mid-0.5=767077.7500  sbar_dark_T4a_mid+0.5=22710.3965  sbar_dark_T4b_mid+0.5=33249.3438  sbar_dark_T4c_mid+0.5=23228.7207  sbar_dark_T4d_mid+0.5=22246.4980  sbar_dark_T5a_mid+0.5=144550.5156  sbar_dark_T5b_mid+0.5=129874.2500  sbar_dark_T5c_mid+0.5=112015.5078  sbar_dark_T5d_mid+0.5=90592.1328  sbar_dark_T4b_mid+1.5=19956.6055  sbar_dark_T4c_mid+1.5=17503.6816  sbar_dark_T4d_mid+1.5=5562.3501  sbar_dark_T5a_mid+1.5=55583.1680  sbar_dark_T5b_mid+1.5=55109.6836  sbar_dark_T5c_mid+1.5=55935.5078  sbar_dark_T5d_mid+1.5=49129.5586  sbar_dark_T4a_mid+1.5=13780.7402]:  90%|█████████ | 900/1000 [09:50<01:05,  1.52it/s] Cost: 384252.5625  [spread_bright_L5=1765222.7500  spread_bright_Mi1=974851.1250  spread_bright_Tm3=1153338.2500  spread_bright_Mi4=1858335.0000  spread_dark_L1=1186407.7500  spread_dark_L2=1238910.7500  spread_dark_L3=969953.6875  spread_dark_L4=2450353.0000  spread_dark_Mi9=1019790.5625  spread_dark_Tm1=814476.7500  spread_dark_Tm2=933194.1875  spread_dark_Tm4=1120628.8750  spread_dark_Tm9=1520207.2500  sbar_bright_T4a_mid+0=363743.4062  sbar_bright_T4b_mid+0=278353.6875  sbar_bright_T4c_mid+0=352844.1250  sbar_bright_T4d_mid+0=335534.7812  sbar_bright_T5a_mid+0=91880.9453  sbar_bright_T5b_mid+0=110688.1406  sbar_bright_T5c_mid+0=107078.1328  sbar_bright_T5d_mid+0=106627.9062  sbar_bright_T4a_mid+1=273450.8750  sbar_bright_T4b_mid+1=242218.5312  sbar_bright_T4c_mid+1=269353.2500  sbar_bright_T4d_mid+1=275575.0000  sbar_bright_T5a_mid+1=123002.5703  sbar_bright_T5b_mid+1=148407.5625  sbar_bright_T5c_mid+1=120967.2344  sbar_bright_T5d_mid+1=137457.6719  sbar_bright_T4a_mid+2=92866.7109  sbar_bright_T4b_mid+2=130071.3125  sbar_bright_T4c_mid+2=105295.7812  sbar_bright_T4d_mid+2=75221.1953  sbar_bright_T5a_mid+2=269951.6250  sbar_bright_T5b_mid+2=260437.6094  sbar_bright_T5c_mid+2=265031.2500  sbar_bright_T5d_mid+2=276462.2500  sbar_bright_T4a_mid-1=1582610.5000  sbar_bright_T4b_mid-1=1304469.0000  sbar_bright_T4c_mid-1=1629329.7500  sbar_bright_T4d_mid-1=1834402.1250  sbar_bright_T5a_mid-1=407073.9688  sbar_bright_T5b_mid-1=391778.2188  sbar_bright_T5c_mid-1=400773.7812  sbar_bright_T5d_mid-1=416586.5000  sbar_bright_T4a_mid-2=396532.2812  sbar_bright_T4b_mid-2=366917.0938  sbar_bright_T4c_mid-2=376854.2812  sbar_bright_T4d_mid-2=448397.0938  sbar_bright_T5b_mid-2=127291.7891  sbar_bright_T5c_mid-2=117991.9766  sbar_bright_T5d_mid-2=128991.2891  sbar_bright_T5a_mid-2=120746.9688  sbar_bright_T4a_mid-1.5=205899.9531  sbar_bright_T4b_mid-1.5=219858.8438  sbar_bright_T4c_mid-1.5=214982.4062  sbar_bright_T4d_mid-1.5=254193.4219  sbar_bright_T5a_mid-1.5=132665.4062  sbar_bright_T5b_mid-1.5=135851.1875  sbar_bright_T5c_mid-1.5=132460.6875  sbar_bright_T5d_mid-1.5=121467.8047  sbar_bright_T4a_mid-0.5=708647.5000  sbar_bright_T4b_mid-0.5=886138.1250  sbar_bright_T4c_mid-0.5=974659.6250  sbar_bright_T4d_mid-0.5=1076897.6250  sbar_bright_T5a_mid-0.5=158261.3750  sbar_bright_T5b_mid-0.5=164196.5312  sbar_bright_T5c_mid-0.5=152231.1250  sbar_bright_T5d_mid-0.5=155282.2812  sbar_bright_T4a_mid+0.5=148562.9219  sbar_bright_T4b_mid+0.5=76923.8281  sbar_bright_T4c_mid+0.5=119613.6797  sbar_bright_T4d_mid+0.5=108433.7734  sbar_bright_T5a_mid+0.5=55868.1641  sbar_bright_T5b_mid+0.5=57387.2148  sbar_bright_T5c_mid+0.5=42461.3047  sbar_bright_T5d_mid+0.5=41767.1406  sbar_bright_T4b_mid+1.5=99500.4219  sbar_bright_T4c_mid+1.5=122755.1328  sbar_bright_T4d_mid+1.5=66153.0703  sbar_bright_T5a_mid+1.5=53008.0430  sbar_bright_T5b_mid+1.5=53006.2148  sbar_bright_T5c_mid+1.5=50582.2695  sbar_bright_T5d_mid+1.5=44560.5820  sbar_bright_T4a_mid+1.5=81446.0312  sbar_dark_T4a_mid+0=52262.4453  sbar_dark_T4b_mid+0=47904.1484  sbar_dark_T4c_mid+0=78669.6484  sbar_dark_T4d_mid+0=42410.4258  sbar_dark_T5a_mid+0=299759.9688  sbar_dark_T5b_mid+0=287362.8750  sbar_dark_T5c_mid+0=232020.2344  sbar_dark_T5d_mid+0=261090.7812  sbar_dark_T4a_mid+1=47438.4062  sbar_dark_T4b_mid+1=23659.0820  sbar_dark_T4c_mid+1=45521.2539  sbar_dark_T4d_mid+1=29751.5273  sbar_dark_T5a_mid+1=237509.2812  sbar_dark_T5b_mid+1=246403.2031  sbar_dark_T5c_mid+1=211469.1250  sbar_dark_T5d_mid+1=194404.7656  sbar_dark_T4a_mid+2=42767.4844  sbar_dark_T4b_mid+2=76647.4844  sbar_dark_T4c_mid+2=59771.0117  sbar_dark_T4d_mid+2=29006.7266  sbar_dark_T5a_mid+2=335409.8750  sbar_dark_T5b_mid+2=324139.2500  sbar_dark_T5c_mid+2=332602.6875  sbar_dark_T5d_mid+2=333750.3438  sbar_dark_T4a_mid-1=185279.8750  sbar_dark_T4b_mid-1=105663.1016  sbar_dark_T4c_mid-1=111804.0078  sbar_dark_T4d_mid-1=140509.5312  sbar_dark_T5a_mid-1=1922359.2500  sbar_dark_T5b_mid-1=1525506.6250  sbar_dark_T5c_mid-1=1784037.6250  sbar_dark_T5d_mid-1=1970099.6250  sbar_dark_T4a_mid-2=65612.9766  sbar_dark_T4b_mid-2=44495.0039  sbar_dark_T4c_mid-2=61451.4805  sbar_dark_T4d_mid-2=39300.9648  sbar_dark_T5b_mid-2=1081297.8750  sbar_dark_T5c_mid-2=1070949.0000  sbar_dark_T5d_mid-2=1132023.0000  sbar_dark_T5a_mid-2=995798.8750  sbar_dark_T4a_mid-1.5=21585.4023  sbar_dark_T4b_mid-1.5=19368.9629  sbar_dark_T4c_mid-1.5=22159.4004  sbar_dark_T4d_mid-1.5=14277.9639  sbar_dark_T5a_mid-1.5=358671.4688  sbar_dark_T5b_mid-1.5=372156.6875  sbar_dark_T5c_mid-1.5=365380.7500  sbar_dark_T5d_mid-1.5=333865.9375  sbar_dark_T4a_mid-0.5=34580.2695  sbar_dark_T4b_mid-0.5=36798.6758  sbar_dark_T4c_mid-0.5=68970.5078  sbar_dark_T4d_mid-0.5=34003.4727  sbar_dark_T5a_mid-0.5=717232.5625  sbar_dark_T5b_mid-0.5=796093.1875  sbar_dark_T5c_mid-0.5=675786.3125  sbar_dark_T5d_mid-0.5=757009.8125  sbar_dark_T4a_mid+0.5=19869.9648  sbar_dark_T4b_mid+0.5=23712.4102  sbar_dark_T4c_mid+0.5=23820.2637  sbar_dark_T4d_mid+0.5=21715.6914  sbar_dark_T5a_mid+0.5=134170.0781  sbar_dark_T5b_mid+0.5=119940.1797  sbar_dark_T5c_mid+0.5=105442.5156  sbar_dark_T5d_mid+0.5=86744.9375  sbar_dark_T4b_mid+1.5=20274.5527  sbar_dark_T4c_mid+1.5=18309.7168  sbar_dark_T4d_mid+1.5=5782.5605  sbar_dark_T5a_mid+1.5=54852.2109  sbar_dark_T5b_mid+1.5=54182.8516  sbar_dark_T5c_mid+1.5=54860.6914  sbar_dark_T5d_mid+1.5=48475.1562  sbar_dark_T4a_mid+1.5=14961.0234]:   91%|█████████ | 910/1000 [09:57<00:59,  1.52it/s] Cost: 377660.0938  [spread_bright_L5=1773248.1250  spread_bright_Mi1=987906.8125  spread_bright_Tm3=1150795.2500  spread_bright_Mi4=1768795.1250  spread_dark_L1=1206303.0000  spread_dark_L2=1196115.0000  spread_dark_L3=971576.1875  spread_dark_L4=2421817.5000  spread_dark_Mi9=934438.5000  spread_dark_Tm1=813493.6250  spread_dark_Tm2=932341.8125  spread_dark_Tm4=1122879.1250  spread_dark_Tm9=1431396.3750  sbar_bright_T4a_mid+0=356439.4688  sbar_bright_T4b_mid+0=270923.3125  sbar_bright_T4c_mid+0=346074.4688  sbar_bright_T4d_mid+0=334447.5000  sbar_bright_T5a_mid+0=95922.2969  sbar_bright_T5b_mid+0=117649.1406  sbar_bright_T5c_mid+0=110895.9062  sbar_bright_T5d_mid+0=107821.7344  sbar_bright_T4a_mid+1=273265.5000  sbar_bright_T4b_mid+1=250693.9375  sbar_bright_T4c_mid+1=270340.1875  sbar_bright_T4d_mid+1=278969.6562  sbar_bright_T5a_mid+1=113418.5078  sbar_bright_T5b_mid+1=138379.9219  sbar_bright_T5c_mid+1=110131.7969  sbar_bright_T5d_mid+1=128230.6250  sbar_bright_T4a_mid+2=99983.9766  sbar_bright_T4b_mid+2=145539.1406  sbar_bright_T4c_mid+2=106623.5078  sbar_bright_T4d_mid+2=79995.2266  sbar_bright_T5a_mid+2=250786.5938  sbar_bright_T5b_mid+2=240499.8438  sbar_bright_T5c_mid+2=241924.4688  sbar_bright_T5d_mid+2=255906.8750  sbar_bright_T4a_mid-1=1571594.7500  sbar_bright_T4b_mid-1=1292120.2500  sbar_bright_T4c_mid-1=1636235.1250  sbar_bright_T4d_mid-1=1829573.3750  sbar_bright_T5a_mid-1=404839.3438  sbar_bright_T5b_mid-1=389986.8750  sbar_bright_T5c_mid-1=398318.2500  sbar_bright_T5d_mid-1=414656.0938  sbar_bright_T4a_mid-2=389143.3438  sbar_bright_T4b_mid-2=356375.8750  sbar_bright_T4c_mid-2=369583.7188  sbar_bright_T4d_mid-2=435974.0938  sbar_bright_T5b_mid-2=118320.4141  sbar_bright_T5c_mid-2=107981.3906  sbar_bright_T5d_mid-2=120317.2891  sbar_bright_T5a_mid-2=114107.6875  sbar_bright_T4a_mid-1.5=203465.6094  sbar_bright_T4b_mid-1.5=215458.9531  sbar_bright_T4c_mid-1.5=212258.9219  sbar_bright_T4d_mid-1.5=253579.2969  sbar_bright_T5a_mid-1.5=128733.7109  sbar_bright_T5b_mid-1.5=132141.0000  sbar_bright_T5c_mid-1.5=128548.8828  sbar_bright_T5d_mid-1.5=118436.2969  sbar_bright_T4a_mid-0.5=720898.5000  sbar_bright_T4b_mid-0.5=882402.0000  sbar_bright_T4c_mid-0.5=985968.0625  sbar_bright_T4d_mid-0.5=1072361.5000  sbar_bright_T5a_mid-0.5=155477.3438  sbar_bright_T5b_mid-0.5=161292.3906  sbar_bright_T5c_mid-0.5=148765.6875  sbar_bright_T5d_mid-0.5=152807.6250  sbar_bright_T4a_mid+0.5=147382.1719  sbar_bright_T4b_mid+0.5=74378.5859  sbar_bright_T4c_mid+0.5=115381.5000  sbar_bright_T4d_mid+0.5=104421.7500  sbar_bright_T5a_mid+0.5=52901.3789  sbar_bright_T5b_mid+0.5=54450.4375  sbar_bright_T5c_mid+0.5=39750.4453  sbar_bright_T5d_mid+0.5=39522.6641  sbar_bright_T4b_mid+1.5=106614.0547  sbar_bright_T4c_mid+1.5=128656.8359  sbar_bright_T4d_mid+1.5=68128.1719  sbar_bright_T5a_mid+1.5=46682.7578  sbar_bright_T5b_mid+1.5=46458.3555  sbar_bright_T5c_mid+1.5=43076.9297  sbar_bright_T5d_mid+1.5=38449.7305  sbar_bright_T4a_mid+1.5=89532.6562  sbar_dark_T4a_mid+0=53284.1445  sbar_dark_T4b_mid+0=50513.7969  sbar_dark_T4c_mid+0=75210.5781  sbar_dark_T4d_mid+0=40258.7617  sbar_dark_T5a_mid+0=310240.0625  sbar_dark_T5b_mid+0=313743.1250  sbar_dark_T5c_mid+0=252744.9219  sbar_dark_T5d_mid+0=278610.5938  sbar_dark_T4a_mid+1=44444.5625  sbar_dark_T4b_mid+1=25187.4727  sbar_dark_T4c_mid+1=44604.5156  sbar_dark_T4d_mid+1=27826.1211  sbar_dark_T5a_mid+1=247756.8906  sbar_dark_T5b_mid+1=237381.2031  sbar_dark_T5c_mid+1=211047.5156  sbar_dark_T5d_mid+1=190767.7969  sbar_dark_T4a_mid+2=46520.0039  sbar_dark_T4b_mid+2=74883.4141  sbar_dark_T4c_mid+2=63329.3633  sbar_dark_T4d_mid+2=30608.9238  sbar_dark_T5a_mid+2=322172.5938  sbar_dark_T5b_mid+2=309913.0625  sbar_dark_T5c_mid+2=319363.4375  sbar_dark_T5d_mid+2=319871.6562  sbar_dark_T4a_mid-1=194085.9219  sbar_dark_T4b_mid-1=108749.8594  sbar_dark_T4c_mid-1=113658.0859  sbar_dark_T4d_mid-1=144542.6094  sbar_dark_T5a_mid-1=1862848.7500  sbar_dark_T5b_mid-1=1462936.5000  sbar_dark_T5c_mid-1=1713279.6250  sbar_dark_T5d_mid-1=1911709.3750  sbar_dark_T4a_mid-2=69053.5078  sbar_dark_T4b_mid-2=48163.8047  sbar_dark_T4c_mid-2=66721.0391  sbar_dark_T4d_mid-2=42681.2148  sbar_dark_T5b_mid-2=1043023.5000  sbar_dark_T5c_mid-2=1030706.7500  sbar_dark_T5d_mid-2=1098750.0000  sbar_dark_T5a_mid-2=961484.2500  sbar_dark_T4a_mid-1.5=21894.9570  sbar_dark_T4b_mid-1.5=20354.8809  sbar_dark_T4c_mid-1.5=22857.2070  sbar_dark_T4d_mid-1.5=14410.8691  sbar_dark_T5a_mid-1.5=349838.1562  sbar_dark_T5b_mid-1.5=364720.1562  sbar_dark_T5c_mid-1.5=358400.5312  sbar_dark_T5d_mid-1.5=327789.5312  sbar_dark_T4a_mid-0.5=30103.7480  sbar_dark_T4b_mid-0.5=37716.1250  sbar_dark_T4c_mid-0.5=61015.0938  sbar_dark_T4d_mid-0.5=35027.7539  sbar_dark_T5a_mid-0.5=689322.1250  sbar_dark_T5b_mid-0.5=778925.3750  sbar_dark_T5c_mid-0.5=646896.9375  sbar_dark_T5d_mid-0.5=742838.9375  sbar_dark_T4a_mid+0.5=18536.3379  sbar_dark_T4b_mid+0.5=17816.2969  sbar_dark_T4c_mid+0.5=26240.6914  sbar_dark_T4d_mid+0.5=18809.7500  sbar_dark_T5a_mid+0.5=123213.8672  sbar_dark_T5b_mid+0.5=108752.3438  sbar_dark_T5c_mid+0.5=97910.1250  sbar_dark_T5d_mid+0.5=82765.0312  sbar_dark_T4b_mid+1.5=21135.2734  sbar_dark_T4c_mid+1.5=19127.6719  sbar_dark_T4d_mid+1.5=6005.8145  sbar_dark_T5a_mid+1.5=56011.9805  sbar_dark_T5b_mid+1.5=55293.8750  sbar_dark_T5c_mid+1.5=55760.9844  sbar_dark_T5d_mid+1.5=49436.5234  sbar_dark_T4a_mid+1.5=17557.2812]:   92%|█████████▏| 920/1000 [10:03<00:52,  1.52it/s] Cost: 370495.2812  [spread_bright_L5=1742794.6250  spread_bright_Mi1=1000764.7500  spread_bright_Tm3=1157455.1250  spread_bright_Mi4=1671953.6250  spread_dark_L1=1229114.6250  spread_dark_L2=1180000.3750  spread_dark_L3=998333.6875  spread_dark_L4=2418150.2500  spread_dark_Mi9=865097.5625  spread_dark_Tm1=808905.6875  spread_dark_Tm2=930700.6250  spread_dark_Tm4=1125062.6250  spread_dark_Tm9=1335124.7500  sbar_bright_T4a_mid+0=353713.9062  sbar_bright_T4b_mid+0=268630.6875  sbar_bright_T4c_mid+0=343761.8125  sbar_bright_T4d_mid+0=336514.3750  sbar_bright_T5a_mid+0=107523.1562  sbar_bright_T5b_mid+0=134648.1250  sbar_bright_T5c_mid+0=124494.5547  sbar_bright_T5d_mid+0=115841.2891  sbar_bright_T4a_mid+1=272511.4375  sbar_bright_T4b_mid+1=264471.5312  sbar_bright_T4c_mid+1=273124.9062  sbar_bright_T4d_mid+1=284966.9688  sbar_bright_T5a_mid+1=104918.3125  sbar_bright_T5b_mid+1=126938.8203  sbar_bright_T5c_mid+1=101814.3125  sbar_bright_T5d_mid+1=118581.3672  sbar_bright_T4a_mid+2=111785.1406  sbar_bright_T4b_mid+2=157076.3125  sbar_bright_T4c_mid+2=108909.0859  sbar_bright_T4d_mid+2=85881.8047  sbar_bright_T5a_mid+2=220459.2656  sbar_bright_T5b_mid+2=211174.6875  sbar_bright_T5c_mid+2=209150.1250  sbar_bright_T5d_mid+2=225548.4062  sbar_bright_T4a_mid-1=1560474.3750  sbar_bright_T4b_mid-1=1274691.8750  sbar_bright_T4c_mid-1=1642106.6250  sbar_bright_T4d_mid-1=1811155.7500  sbar_bright_T5a_mid-1=406297.0938  sbar_bright_T5b_mid-1=397570.0000  sbar_bright_T5c_mid-1=400836.0625  sbar_bright_T5d_mid-1=414858.5312  sbar_bright_T4a_mid-2=384578.4688  sbar_bright_T4b_mid-2=345667.3125  sbar_bright_T4c_mid-2=363736.0938  sbar_bright_T4d_mid-2=419236.9062  sbar_bright_T5b_mid-2=107057.6250  sbar_bright_T5c_mid-2=96231.8281  sbar_bright_T5d_mid-2=109491.9219  sbar_bright_T5a_mid-2=106346.7812  sbar_bright_T4a_mid-1.5=201160.1250  sbar_bright_T4b_mid-1.5=210819.6562  sbar_bright_T4c_mid-1.5=209426.3281  sbar_bright_T4d_mid-1.5=252169.5938  sbar_bright_T5a_mid-1.5=122532.3125  sbar_bright_T5b_mid-1.5=127058.3594  sbar_bright_T5c_mid-1.5=122568.7188  sbar_bright_T5d_mid-1.5=113988.0625  sbar_bright_T4a_mid-0.5=740886.2500  sbar_bright_T4b_mid-0.5=877205.0625  sbar_bright_T4c_mid-0.5=1004800.4375  sbar_bright_T4d_mid-0.5=1064267.7500  sbar_bright_T5a_mid-0.5=152899.8906  sbar_bright_T5b_mid-0.5=157759.0938  sbar_bright_T5c_mid-0.5=146018.8125  sbar_bright_T5d_mid-0.5=150746.1406  sbar_bright_T4a_mid+0.5=145792.1562  sbar_bright_T4b_mid+0.5=71497.5078  sbar_bright_T4c_mid+0.5=110764.5469  sbar_bright_T4d_mid+0.5=98678.6094  sbar_bright_T5a_mid+0.5=51328.4727  sbar_bright_T5b_mid+0.5=52292.3398  sbar_bright_T5c_mid+0.5=38586.1953  sbar_bright_T5d_mid+0.5=39431.9805  sbar_bright_T4b_mid+1.5=112602.4688  sbar_bright_T4c_mid+1.5=132152.5312  sbar_bright_T4d_mid+1.5=70422.0000  sbar_bright_T5a_mid+1.5=38846.5977  sbar_bright_T5b_mid+1.5=40196.2422  sbar_bright_T5c_mid+1.5=34940.8555  sbar_bright_T5d_mid+1.5=32076.7578  sbar_bright_T4a_mid+1.5=100969.7891  sbar_dark_T4a_mid+0=56980.2852  sbar_dark_T4b_mid+0=57475.4336  sbar_dark_T4c_mid+0=71306.8516  sbar_dark_T4d_mid+0=41531.2695  sbar_dark_T5a_mid+0=313020.1250  sbar_dark_T5b_mid+0=331100.6562  sbar_dark_T5c_mid+0=271044.8125  sbar_dark_T5d_mid+0=290497.7188  sbar_dark_T4a_mid+1=38933.9180  sbar_dark_T4b_mid+1=28650.9395  sbar_dark_T4c_mid+1=44104.0938  sbar_dark_T4d_mid+1=28133.2539  sbar_dark_T5a_mid+1=269819.2188  sbar_dark_T5b_mid+1=224658.2500  sbar_dark_T5c_mid+1=214603.6875  sbar_dark_T5d_mid+1=191272.4531  sbar_dark_T4a_mid+2=52261.1328  sbar_dark_T4b_mid+2=69415.5312  sbar_dark_T4c_mid+2=63622.1602  sbar_dark_T4d_mid+2=33582.0625  sbar_dark_T5a_mid+2=301283.2188  sbar_dark_T5b_mid+2=288791.0312  sbar_dark_T5c_mid+2=297599.1250  sbar_dark_T5d_mid+2=298576.6562  sbar_dark_T4a_mid-1=206919.9531  sbar_dark_T4b_mid-1=116815.4609  sbar_dark_T4c_mid-1=117128.7344  sbar_dark_T4d_mid-1=150951.1875  sbar_dark_T5a_mid-1=1783011.2500  sbar_dark_T5b_mid-1=1399615.5000  sbar_dark_T5c_mid-1=1627949.8750  sbar_dark_T5d_mid-1=1831969.8750  sbar_dark_T4a_mid-2=74954.1641  sbar_dark_T4b_mid-2=53160.4023  sbar_dark_T4c_mid-2=73620.4375  sbar_dark_T4d_mid-2=47953.6992  sbar_dark_T5b_mid-2=990213.1250  sbar_dark_T5c_mid-2=970277.1875  sbar_dark_T5d_mid-2=1051202.2500  sbar_dark_T5a_mid-2=915793.9375  sbar_dark_T4a_mid-1.5=22260.9023  sbar_dark_T4b_mid-1.5=21224.2715  sbar_dark_T4c_mid-1.5=23772.1426  sbar_dark_T4d_mid-1.5=14578.3994  sbar_dark_T5a_mid-1.5=336957.5625  sbar_dark_T5b_mid-1.5=354793.2500  sbar_dark_T5c_mid-1.5=346753.7812  sbar_dark_T5d_mid-1.5=319079.8438  sbar_dark_T4a_mid-0.5=25636.2070  sbar_dark_T4b_mid-0.5=38389.6875  sbar_dark_T4c_mid-0.5=52656.7148  sbar_dark_T4d_mid-0.5=36100.9062  sbar_dark_T5a_mid-0.5=655930.8750  sbar_dark_T5b_mid-0.5=756714.8750  sbar_dark_T5c_mid-0.5=612714.6875  sbar_dark_T5d_mid-0.5=725287.8750  sbar_dark_T4a_mid+0.5=16804.4043  sbar_dark_T4b_mid+0.5=12947.9463  sbar_dark_T4c_mid+0.5=26046.9414  sbar_dark_T4d_mid+0.5=17642.9102  sbar_dark_T5a_mid+0.5=110270.0391  sbar_dark_T5b_mid+0.5=98438.7812  sbar_dark_T5c_mid+0.5=89686.5078  sbar_dark_T5d_mid+0.5=81496.9531  sbar_dark_T4b_mid+1.5=22280.5859  sbar_dark_T4c_mid+1.5=18765.6777  sbar_dark_T4d_mid+1.5=6633.9321  sbar_dark_T5a_mid+1.5=58007.6406  sbar_dark_T5b_mid+1.5=56773.6836  sbar_dark_T5c_mid+1.5=57498.5469  sbar_dark_T5d_mid+1.5=50235.1406  sbar_dark_T4a_mid+1.5=20457.2949]:  93%|█████████▎| 930/1000 [10:10<00:45,  1.52it/s] Cost: 363463.7500  [spread_bright_L5=1736542.3750  spread_bright_Mi1=1003395.3750  spread_bright_Tm3=1144036.3750  spread_bright_Mi4=1560821.7500  spread_dark_L1=1245762.5000  spread_dark_L2=1137987.7500  spread_dark_L3=1035060.1250  spread_dark_L4=2430383.2500  spread_dark_Mi9=822321.6875  spread_dark_Tm1=812780.5000  spread_dark_Tm2=935563.8750  spread_dark_Tm4=1135891.2500  spread_dark_Tm9=1267456.2500  sbar_bright_T4a_mid+0=338779.3750  sbar_bright_T4b_mid+0=265287.7500  sbar_bright_T4c_mid+0=340709.0312  sbar_bright_T4d_mid+0=338346.4688  sbar_bright_T5a_mid+0=120630.8125  sbar_bright_T5b_mid+0=154628.9375  sbar_bright_T5c_mid+0=142777.1406  sbar_bright_T5d_mid+0=124819.0625  sbar_bright_T4a_mid+1=266236.5625  sbar_bright_T4b_mid+1=269694.1250  sbar_bright_T4c_mid+1=273962.0625  sbar_bright_T4d_mid+1=285573.2812  sbar_bright_T5a_mid+1=107734.5859  sbar_bright_T5b_mid+1=124104.3203  sbar_bright_T5c_mid+1=104188.5312  sbar_bright_T5d_mid+1=115321.6797  sbar_bright_T4a_mid+2=109785.4922  sbar_bright_T4b_mid+2=155614.2500  sbar_bright_T4c_mid+2=110643.3594  sbar_bright_T4d_mid+2=94079.8906  sbar_bright_T5a_mid+2=198064.7812  sbar_bright_T5b_mid+2=188881.0000  sbar_bright_T5c_mid+2=184137.0156  sbar_bright_T5d_mid+2=199503.6875  sbar_bright_T4a_mid-1=1576498.7500  sbar_bright_T4b_mid-1=1280898.8750  sbar_bright_T4c_mid-1=1647668.7500  sbar_bright_T4d_mid-1=1793208.8750  sbar_bright_T5a_mid-1=412824.0000  sbar_bright_T5b_mid-1=414839.8125  sbar_bright_T5c_mid-1=407330.0312  sbar_bright_T5d_mid-1=419046.3750  sbar_bright_T4a_mid-2=389126.1875  sbar_bright_T4b_mid-2=339880.5312  sbar_bright_T4c_mid-2=353467.5625  sbar_bright_T4d_mid-2=396047.1250  sbar_bright_T5b_mid-2=94998.6797  sbar_bright_T5c_mid-2=86404.3906  sbar_bright_T5d_mid-2=97559.6016  sbar_bright_T5a_mid-2=98803.9688  sbar_bright_T4a_mid-1.5=201366.5312  sbar_bright_T4b_mid-1.5=208788.4375  sbar_bright_T4c_mid-1.5=204798.1562  sbar_bright_T4d_mid-1.5=249719.4062  sbar_bright_T5a_mid-1.5=117343.9766  sbar_bright_T5b_mid-1.5=121670.9844  sbar_bright_T5c_mid-1.5=116211.3828  sbar_bright_T5d_mid-1.5=108627.7500  sbar_bright_T4a_mid-0.5=795637.1875  sbar_bright_T4b_mid-0.5=885204.6250  sbar_bright_T4c_mid-0.5=1021237.7500  sbar_bright_T4d_mid-0.5=1059152.8750  sbar_bright_T5a_mid-0.5=152679.7812  sbar_bright_T5b_mid-0.5=157096.9531  sbar_bright_T5c_mid-0.5=144302.2656  sbar_bright_T5d_mid-0.5=150239.7031  sbar_bright_T4a_mid+0.5=149093.7500  sbar_bright_T4b_mid+0.5=69514.4297  sbar_bright_T4c_mid+0.5=107306.6719  sbar_bright_T4d_mid+0.5=93504.9219  sbar_bright_T5a_mid+0.5=54841.5273  sbar_bright_T5b_mid+0.5=53087.0859  sbar_bright_T5c_mid+0.5=39507.4414  sbar_bright_T5d_mid+0.5=41257.7188  sbar_bright_T4b_mid+1.5=112348.8828  sbar_bright_T4c_mid+1.5=126740.2656  sbar_bright_T4d_mid+1.5=69536.6953  sbar_bright_T5a_mid+1.5=35443.2344  sbar_bright_T5b_mid+1.5=39592.3398  sbar_bright_T5c_mid+1.5=32454.6348  sbar_bright_T5d_mid+1.5=30421.3301  sbar_bright_T4a_mid+1.5=96763.3281  sbar_dark_T4a_mid+0=57048.6914  sbar_dark_T4b_mid+0=59293.2031  sbar_dark_T4c_mid+0=69374.5156  sbar_dark_T4d_mid+0=44317.4141  sbar_dark_T5a_mid+0=285284.7812  sbar_dark_T5b_mid+0=331728.3438  sbar_dark_T5c_mid+0=286153.3438  sbar_dark_T5d_mid+0=296284.0625  sbar_dark_T4a_mid+1=32424.0781  sbar_dark_T4b_mid+1=28395.3145  sbar_dark_T4c_mid+1=43794.3359  sbar_dark_T4d_mid+1=30713.6934  sbar_dark_T5a_mid+1=294916.3750  sbar_dark_T5b_mid+1=212771.1250  sbar_dark_T5c_mid+1=223965.3594  sbar_dark_T5d_mid+1=193086.1875  sbar_dark_T4a_mid+2=53191.2734  sbar_dark_T4b_mid+2=61257.5156  sbar_dark_T4c_mid+2=62779.9141  sbar_dark_T4d_mid+2=38322.9258  sbar_dark_T5a_mid+2=277775.8125  sbar_dark_T5b_mid+2=267511.9688  sbar_dark_T5c_mid+2=273842.2500  sbar_dark_T5d_mid+2=275539.3750  sbar_dark_T4a_mid-1=216385.7344  sbar_dark_T4b_mid-1=125601.7734  sbar_dark_T4c_mid-1=122656.4297  sbar_dark_T4d_mid-1=159920.1875  sbar_dark_T5a_mid-1=1690965.8750  sbar_dark_T5b_mid-1=1330416.5000  sbar_dark_T5c_mid-1=1524084.2500  sbar_dark_T5d_mid-1=1732003.0000  sbar_dark_T4a_mid-2=81510.8672  sbar_dark_T4b_mid-2=59030.2891  sbar_dark_T4c_mid-2=82700.1250  sbar_dark_T4d_mid-2=57222.1836  sbar_dark_T5b_mid-2=927854.5000  sbar_dark_T5c_mid-2=898149.6250  sbar_dark_T5d_mid-2=990998.1875  sbar_dark_T5a_mid-2=864599.6250  sbar_dark_T4a_mid-1.5=22503.5938  sbar_dark_T4b_mid-1.5=21142.8594  sbar_dark_T4c_mid-1.5=25441.3438  sbar_dark_T4d_mid-1.5=14843.1387  sbar_dark_T5a_mid-1.5=322110.5938  sbar_dark_T5b_mid-1.5=341722.1562  sbar_dark_T5c_mid-1.5=332957.8438  sbar_dark_T5d_mid-1.5=307678.8438  sbar_dark_T4a_mid-0.5=22634.4727  sbar_dark_T4b_mid-0.5=39148.7109  sbar_dark_T4c_mid-0.5=48731.2969  sbar_dark_T4d_mid-0.5=37460.9531  sbar_dark_T5a_mid-0.5=616366.8750  sbar_dark_T5b_mid-0.5=725696.6250  sbar_dark_T5c_mid-0.5=569526.6250  sbar_dark_T5d_mid-0.5=703463.2500  sbar_dark_T4a_mid+0.5=13021.4971  sbar_dark_T4b_mid+0.5=10155.3936  sbar_dark_T4c_mid+0.5=26629.5859  sbar_dark_T4d_mid+0.5=17824.2129  sbar_dark_T5a_mid+0.5=96895.0078  sbar_dark_T5b_mid+0.5=87063.5703  sbar_dark_T5c_mid+0.5=81480.8672  sbar_dark_T5d_mid+0.5=79480.4297  sbar_dark_T4b_mid+1.5=22380.6055  sbar_dark_T4c_mid+1.5=17080.4590  sbar_dark_T4d_mid+1.5=7755.1367  sbar_dark_T5a_mid+1.5=61456.9570  sbar_dark_T5b_mid+1.5=59908.8828  sbar_dark_T5c_mid+1.5=60769.2852  sbar_dark_T5d_mid+1.5=52220.0938  sbar_dark_T4a_mid+1.5=18786.2910]:       94%|█████████▍| 940/1000 [10:17<00:39,  1.52it/s] Cost: 357831.8750  [spread_bright_L5=1712184.8750  spread_bright_Mi1=1010625.7500  spread_bright_Tm3=1125863.1250  spread_bright_Mi4=1484133.6250  spread_dark_L1=1239208.0000  spread_dark_L2=1106690.7500  spread_dark_L3=1064688.0000  spread_dark_L4=2415550.0000  spread_dark_Mi9=799977.4375  spread_dark_Tm1=819989.7500  spread_dark_Tm2=947800.1875  spread_dark_Tm4=1154291.0000  spread_dark_Tm9=1214716.2500  sbar_bright_T4a_mid+0=344301.4375  sbar_bright_T4b_mid+0=269909.3125  sbar_bright_T4c_mid+0=338146.4062  sbar_bright_T4d_mid+0=341011.1562  sbar_bright_T5a_mid+0=125852.8203  sbar_bright_T5b_mid+0=164416.4688  sbar_bright_T5c_mid+0=153497.4688  sbar_bright_T5d_mid+0=128203.6875  sbar_bright_T4a_mid+1=261012.0781  sbar_bright_T4b_mid+1=268634.5312  sbar_bright_T4c_mid+1=279924.4375  sbar_bright_T4d_mid+1=281449.8125  sbar_bright_T5a_mid+1=115666.1250  sbar_bright_T5b_mid+1=129552.5469  sbar_bright_T5c_mid+1=111868.8906  sbar_bright_T5d_mid+1=118791.1094  sbar_bright_T4a_mid+2=105237.8672  sbar_bright_T4b_mid+2=154738.9688  sbar_bright_T4c_mid+2=107454.4141  sbar_bright_T4d_mid+2=96778.2422  sbar_bright_T5a_mid+2=199115.1562  sbar_bright_T5b_mid+2=189886.0938  sbar_bright_T5c_mid+2=183862.0938  sbar_bright_T5d_mid+2=196991.3281  sbar_bright_T4a_mid-1=1564136.0000  sbar_bright_T4b_mid-1=1250015.1250  sbar_bright_T4c_mid-1=1623351.8750  sbar_bright_T4d_mid-1=1778809.3750  sbar_bright_T5a_mid-1=424986.1250  sbar_bright_T5b_mid-1=435383.9375  sbar_bright_T5c_mid-1=419321.4062  sbar_bright_T5d_mid-1=428803.2188  sbar_bright_T4a_mid-2=382828.9688  sbar_bright_T4b_mid-2=322413.1875  sbar_bright_T4c_mid-2=340712.6250  sbar_bright_T4d_mid-2=378509.5938  sbar_bright_T5b_mid-2=88454.7266  sbar_bright_T5c_mid-2=81845.6250  sbar_bright_T5d_mid-2=90436.8828  sbar_bright_T5a_mid-2=94004.1250  sbar_bright_T4a_mid-1.5=195638.0781  sbar_bright_T4b_mid-1.5=198064.3594  sbar_bright_T4c_mid-1.5=192976.4219  sbar_bright_T4d_mid-1.5=245678.1406  sbar_bright_T5a_mid-1.5=112836.9922  sbar_bright_T5b_mid-1.5=117866.6016  sbar_bright_T5c_mid-1.5=111377.5078  sbar_bright_T5d_mid-1.5=104631.2812  sbar_bright_T4a_mid-0.5=813120.4375  sbar_bright_T4b_mid-0.5=869882.6250  sbar_bright_T4c_mid-0.5=1009245.2500  sbar_bright_T4d_mid-0.5=1050191.0000  sbar_bright_T5a_mid-0.5=152746.5625  sbar_bright_T5b_mid-0.5=156733.4375  sbar_bright_T5c_mid-0.5=144694.2656  sbar_bright_T5d_mid-0.5=149683.3281  sbar_bright_T4a_mid+0.5=150670.7188  sbar_bright_T4b_mid+0.5=67641.2266  sbar_bright_T4c_mid+0.5=105420.6094  sbar_bright_T4d_mid+0.5=90227.8125  sbar_bright_T5a_mid+0.5=60192.3008  sbar_bright_T5b_mid+0.5=56858.9102  sbar_bright_T5c_mid+0.5=40878.9258  sbar_bright_T5d_mid+0.5=42451.2148  sbar_bright_T4b_mid+1.5=113234.1484  sbar_bright_T4c_mid+1.5=128855.9844  sbar_bright_T4d_mid+1.5=68125.5391  sbar_bright_T5a_mid+1.5=37599.4648  sbar_bright_T5b_mid+1.5=44673.9492  sbar_bright_T5c_mid+1.5=35946.4961  sbar_bright_T5d_mid+1.5=33395.5391  sbar_bright_T4a_mid+1.5=93915.3750  sbar_dark_T4a_mid+0=56367.6602  sbar_dark_T4b_mid+0=65792.0469  sbar_dark_T4c_mid+0=73225.9453  sbar_dark_T4d_mid+0=47530.2930  sbar_dark_T5a_mid+0=265857.3125  sbar_dark_T5b_mid+0=308390.0000  sbar_dark_T5c_mid+0=289059.0625  sbar_dark_T5d_mid+0=294857.1250  sbar_dark_T4a_mid+1=32824.7695  sbar_dark_T4b_mid+1=28748.5176  sbar_dark_T4c_mid+1=45058.1758  sbar_dark_T4d_mid+1=32758.1191  sbar_dark_T5a_mid+1=325990.9688  sbar_dark_T5b_mid+1=205743.3438  sbar_dark_T5c_mid+1=231548.5625  sbar_dark_T5d_mid+1=192182.9688  sbar_dark_T4a_mid+2=54772.1875  sbar_dark_T4b_mid+2=60773.0547  sbar_dark_T4c_mid+2=66318.3047  sbar_dark_T4d_mid+2=40095.5117  sbar_dark_T5a_mid+2=261536.8594  sbar_dark_T5b_mid+2=254349.2969  sbar_dark_T5c_mid+2=254887.2500  sbar_dark_T5d_mid+2=258715.2500  sbar_dark_T4a_mid-1=232961.9062  sbar_dark_T4b_mid-1=136299.4219  sbar_dark_T4c_mid-1=127082.5469  sbar_dark_T4d_mid-1=168164.2188  sbar_dark_T5a_mid-1=1613817.0000  sbar_dark_T5b_mid-1=1288184.5000  sbar_dark_T5c_mid-1=1443053.3750  sbar_dark_T5d_mid-1=1659992.6250  sbar_dark_T4a_mid-2=90559.8672  sbar_dark_T4b_mid-2=68295.8281  sbar_dark_T4c_mid-2=94280.4922  sbar_dark_T4d_mid-2=66092.0391  sbar_dark_T5b_mid-2=880663.5000  sbar_dark_T5c_mid-2=845808.9375  sbar_dark_T5d_mid-2=942187.5625  sbar_dark_T5a_mid-2=824485.9375  sbar_dark_T4a_mid-1.5=24254.6758  sbar_dark_T4b_mid-1.5=24311.4023  sbar_dark_T4c_mid-1.5=29526.8770  sbar_dark_T4d_mid-1.5=15399.1943  sbar_dark_T5a_mid-1.5=307517.2812  sbar_dark_T5b_mid-1.5=329508.7812  sbar_dark_T5c_mid-1.5=317500.3438  sbar_dark_T5d_mid-1.5=295240.2812  sbar_dark_T4a_mid-0.5=23640.4062  sbar_dark_T4b_mid-0.5=41770.1406  sbar_dark_T4c_mid-0.5=55499.8164  sbar_dark_T4d_mid-0.5=39702.3164  sbar_dark_T5a_mid-0.5=581134.5625  sbar_dark_T5b_mid-0.5=704851.1250  sbar_dark_T5c_mid-0.5=529518.4375  sbar_dark_T5d_mid-0.5=685820.6250  sbar_dark_T4a_mid+0.5=11680.6104  sbar_dark_T4b_mid+0.5=10903.9238  sbar_dark_T4c_mid+0.5=27862.9961  sbar_dark_T4d_mid+0.5=18787.7324  sbar_dark_T5a_mid+0.5=88605.4922  sbar_dark_T5b_mid+0.5=79200.3047  sbar_dark_T5c_mid+0.5=77609.6016  sbar_dark_T5d_mid+0.5=77194.4297  sbar_dark_T4b_mid+1.5=23267.8945  sbar_dark_T4c_mid+1.5=18930.5801  sbar_dark_T4d_mid+1.5=7464.0952  sbar_dark_T5a_mid+1.5=57579.3125  sbar_dark_T5b_mid+1.5=60101.3242  sbar_dark_T5c_mid+1.5=57652.9297  sbar_dark_T5d_mid+1.5=48724.8750  sbar_dark_T4a_mid+1.5=18033.0859]:  95%|█████████▌| 950/1000 [10:23<00:32,  1.52it/s] Cost: 353417.4375  [spread_bright_L5=1689492.0000  spread_bright_Mi1=980779.1250  spread_bright_Tm3=1074898.0000  spread_bright_Mi4=1422637.0000  spread_dark_L1=1202192.3750  spread_dark_L2=1063977.6250  spread_dark_L3=1080602.5000  spread_dark_L4=2407955.2500  spread_dark_Mi9=804799.9375  spread_dark_Tm1=826590.3125  spread_dark_Tm2=958984.2500  spread_dark_Tm4=1165925.7500  spread_dark_Tm9=1187987.1250  sbar_bright_T4a_mid+0=345038.8438  sbar_bright_T4b_mid+0=268007.7812  sbar_bright_T4c_mid+0=333484.2812  sbar_bright_T4d_mid+0=338699.7188  sbar_bright_T5a_mid+0=128719.4609  sbar_bright_T5b_mid+0=166286.3125  sbar_bright_T5c_mid+0=162994.4688  sbar_bright_T5d_mid+0=131097.7969  sbar_bright_T4a_mid+1=258035.1875  sbar_bright_T4b_mid+1=267836.9062  sbar_bright_T4c_mid+1=279952.3438  sbar_bright_T4d_mid+1=278719.0625  sbar_bright_T5a_mid+1=121491.3906  sbar_bright_T5b_mid+1=133983.1719  sbar_bright_T5c_mid+1=119272.6094  sbar_bright_T5d_mid+1=120835.7188  sbar_bright_T4a_mid+2=103773.8984  sbar_bright_T4b_mid+2=149099.1094  sbar_bright_T4c_mid+2=104844.6875  sbar_bright_T4d_mid+2=94697.1250  sbar_bright_T5a_mid+2=200798.1719  sbar_bright_T5b_mid+2=192695.8438  sbar_bright_T5c_mid+2=185882.9062  sbar_bright_T5d_mid+2=198319.9844  sbar_bright_T4a_mid-1=1557477.0000  sbar_bright_T4b_mid-1=1240401.0000  sbar_bright_T4c_mid-1=1608348.3750  sbar_bright_T4d_mid-1=1775082.1250  sbar_bright_T5a_mid-1=431897.7812  sbar_bright_T5b_mid-1=442272.7812  sbar_bright_T5c_mid-1=427167.9688  sbar_bright_T5d_mid-1=432796.8750  sbar_bright_T4a_mid-2=376990.3750  sbar_bright_T4b_mid-2=318969.4688  sbar_bright_T4c_mid-2=336018.1875  sbar_bright_T4d_mid-2=369390.7500  sbar_bright_T5b_mid-2=87450.7656  sbar_bright_T5c_mid-2=80631.0000  sbar_bright_T5d_mid-2=88432.6719  sbar_bright_T5a_mid-2=93892.7578  sbar_bright_T4a_mid-1.5=189108.8438  sbar_bright_T4b_mid-1.5=191550.4844  sbar_bright_T4c_mid-1.5=183263.2969  sbar_bright_T4d_mid-1.5=243237.4375  sbar_bright_T5a_mid-1.5=109430.0000  sbar_bright_T5b_mid-1.5=115199.8359  sbar_bright_T5c_mid-1.5=107859.0781  sbar_bright_T5d_mid-1.5=102291.3828  sbar_bright_T4a_mid-0.5=817372.0000  sbar_bright_T4b_mid-0.5=860203.0000  sbar_bright_T4c_mid-0.5=1011538.2500  sbar_bright_T4d_mid-0.5=1039695.2500  sbar_bright_T5a_mid-0.5=152499.8438  sbar_bright_T5b_mid-0.5=155503.2188  sbar_bright_T5c_mid-0.5=145162.7500  sbar_bright_T5d_mid-0.5=148678.3125  sbar_bright_T4a_mid+0.5=150018.1875  sbar_bright_T4b_mid+0.5=67349.1250  sbar_bright_T4c_mid+0.5=103963.2031  sbar_bright_T4d_mid+0.5=89701.9375  sbar_bright_T5a_mid+0.5=63406.6406  sbar_bright_T5b_mid+0.5=59697.3477  sbar_bright_T5c_mid+0.5=42577.1641  sbar_bright_T5d_mid+0.5=43508.3359  sbar_bright_T4b_mid+1.5=111645.9219  sbar_bright_T4c_mid+1.5=131275.7031  sbar_bright_T4d_mid+1.5=67023.9453  sbar_bright_T5a_mid+1.5=39602.8867  sbar_bright_T5b_mid+1.5=48767.6562  sbar_bright_T5c_mid+1.5=38989.9688  sbar_bright_T5d_mid+1.5=36018.3828  sbar_bright_T4a_mid+1.5=94095.6562  sbar_dark_T4a_mid+0=54875.7930  sbar_dark_T4b_mid+0=68008.5078  sbar_dark_T4c_mid+0=71640.5391  sbar_dark_T4d_mid+0=49987.8906  sbar_dark_T5a_mid+0=260974.0781  sbar_dark_T5b_mid+0=283322.3438  sbar_dark_T5c_mid+0=298714.3750  sbar_dark_T5d_mid+0=298903.4688  sbar_dark_T4a_mid+1=32950.7305  sbar_dark_T4b_mid+1=28769.3633  sbar_dark_T4c_mid+1=45023.9531  sbar_dark_T4d_mid+1=34295.4570  sbar_dark_T5a_mid+1=350619.0312  sbar_dark_T5b_mid+1=201271.6094  sbar_dark_T5c_mid+1=243501.4531  sbar_dark_T5d_mid+1=192784.5781  sbar_dark_T4a_mid+2=57268.7227  sbar_dark_T4b_mid+2=59587.5508  sbar_dark_T4c_mid+2=68664.0000  sbar_dark_T4d_mid+2=40803.8594  sbar_dark_T5a_mid+2=247964.4844  sbar_dark_T5b_mid+2=247762.1406  sbar_dark_T5c_mid+2=242006.0938  sbar_dark_T5d_mid+2=246128.7344  sbar_dark_T4a_mid-1=242396.4531  sbar_dark_T4b_mid-1=144666.9688  sbar_dark_T4c_mid-1=133742.0625  sbar_dark_T4d_mid-1=174648.9219  sbar_dark_T5a_mid-1=1551213.2500  sbar_dark_T5b_mid-1=1265564.6250  sbar_dark_T5c_mid-1=1385209.2500  sbar_dark_T5d_mid-1=1604174.5000  sbar_dark_T4a_mid-2=94479.5156  sbar_dark_T4b_mid-2=77322.2500  sbar_dark_T4c_mid-2=99866.4531  sbar_dark_T4d_mid-2=74508.8594  sbar_dark_T5b_mid-2=858316.1875  sbar_dark_T5c_mid-2=808697.1250  sbar_dark_T5d_mid-2=906229.1250  sbar_dark_T5a_mid-2=798438.6250  sbar_dark_T4a_mid-1.5=26033.1797  sbar_dark_T4b_mid-1.5=27246.5762  sbar_dark_T4c_mid-1.5=33722.0195  sbar_dark_T4d_mid-1.5=16201.5723  sbar_dark_T5a_mid-1.5=295436.3125  sbar_dark_T5b_mid-1.5=321049.0000  sbar_dark_T5c_mid-1.5=305355.6562  sbar_dark_T5d_mid-1.5=285672.8438  sbar_dark_T4a_mid-0.5=24890.7480  sbar_dark_T4b_mid-0.5=45127.5547  sbar_dark_T4c_mid-0.5=59316.8789  sbar_dark_T4d_mid-0.5=42282.3945  sbar_dark_T5a_mid-0.5=552916.0625  sbar_dark_T5b_mid-0.5=691955.7500  sbar_dark_T5c_mid-0.5=497325.4062  sbar_dark_T5d_mid-0.5=665202.3750  sbar_dark_T4a_mid+0.5=11744.0400  sbar_dark_T4b_mid+0.5=11405.2500  sbar_dark_T4c_mid+0.5=26528.9648  sbar_dark_T4d_mid+0.5=19685.6055  sbar_dark_T5a_mid+0.5=83970.1016  sbar_dark_T5b_mid+0.5=76162.3984  sbar_dark_T5c_mid+0.5=74598.4922  sbar_dark_T5d_mid+0.5=76395.3750  sbar_dark_T4b_mid+1.5=23001.9453  sbar_dark_T4c_mid+1.5=21212.6016  sbar_dark_T4d_mid+1.5=7445.1548  sbar_dark_T5a_mid+1.5=55343.6289  sbar_dark_T5b_mid+1.5=62080.5977  sbar_dark_T5c_mid+1.5=57276.7109  sbar_dark_T5d_mid+1.5=47270.1602  sbar_dark_T4a_mid+1.5=18522.0527]:   96%|█████████▌| 960/1000 [10:30<00:26,  1.52it/s] Cost: 349480.0938  [spread_bright_L5=1647716.0000  spread_bright_Mi1=949795.1250  spread_bright_Tm3=1026401.0000  spread_bright_Mi4=1386137.7500  spread_dark_L1=1166358.7500  spread_dark_L2=1044259.0000  spread_dark_L3=1083294.0000  spread_dark_L4=2403066.7500  spread_dark_Mi9=787655.8125  spread_dark_Tm1=815029.4375  spread_dark_Tm2=961926.6250  spread_dark_Tm4=1170702.6250  spread_dark_Tm9=1159360.7500  sbar_bright_T4a_mid+0=346504.2188  sbar_bright_T4b_mid+0=269721.9375  sbar_bright_T4c_mid+0=328989.1875  sbar_bright_T4d_mid+0=337284.1562  sbar_bright_T5a_mid+0=127917.7891  sbar_bright_T5b_mid+0=167251.8906  sbar_bright_T5c_mid+0=165353.8750  sbar_bright_T5d_mid+0=132739.0625  sbar_bright_T4a_mid+1=245645.5781  sbar_bright_T4b_mid+1=261269.2344  sbar_bright_T4c_mid+1=275094.9688  sbar_bright_T4d_mid+1=272335.4062  sbar_bright_T5a_mid+1=122189.2422  sbar_bright_T5b_mid+1=136433.2344  sbar_bright_T5c_mid+1=121655.5781  sbar_bright_T5d_mid+1=122440.5469  sbar_bright_T4a_mid+2=98376.7812  sbar_bright_T4b_mid+2=140911.5625  sbar_bright_T4c_mid+2=102059.2969  sbar_bright_T4d_mid+2=90145.7422  sbar_bright_T5a_mid+2=203047.1875  sbar_bright_T5b_mid+2=193756.8594  sbar_bright_T5c_mid+2=188007.2812  sbar_bright_T5d_mid+2=199520.1406  sbar_bright_T4a_mid-1=1548210.1250  sbar_bright_T4b_mid-1=1242823.5000  sbar_bright_T4c_mid-1=1599266.2500  sbar_bright_T4d_mid-1=1779818.6250  sbar_bright_T5a_mid-1=432557.1562  sbar_bright_T5b_mid-1=442370.1250  sbar_bright_T5c_mid-1=432792.2188  sbar_bright_T5d_mid-1=433165.3750  sbar_bright_T4a_mid-2=374985.5625  sbar_bright_T4b_mid-2=322649.0938  sbar_bright_T4c_mid-2=337070.0000  sbar_bright_T4d_mid-2=367759.3438  sbar_bright_T5b_mid-2=88133.5859  sbar_bright_T5c_mid-2=79731.5078  sbar_bright_T5d_mid-2=88276.7422  sbar_bright_T5a_mid-2=94701.9531  sbar_bright_T4a_mid-1.5=184765.7656  sbar_bright_T4b_mid-1.5=188290.0781  sbar_bright_T4c_mid-1.5=177207.1562  sbar_bright_T4d_mid-1.5=242121.9062  sbar_bright_T5a_mid-1.5=108282.8047  sbar_bright_T5b_mid-1.5=114199.0859  sbar_bright_T5c_mid-1.5=106734.3359  sbar_bright_T5d_mid-1.5=100740.3125  sbar_bright_T4a_mid-0.5=812940.3125  sbar_bright_T4b_mid-0.5=852467.9375  sbar_bright_T4c_mid-0.5=1009418.3750  sbar_bright_T4d_mid-0.5=1029618.9375  sbar_bright_T5a_mid-0.5=154019.6875  sbar_bright_T5b_mid-0.5=156427.4219  sbar_bright_T5c_mid-0.5=146744.3281  sbar_bright_T5d_mid-0.5=150308.6406  sbar_bright_T4a_mid+0.5=145221.6094  sbar_bright_T4b_mid+0.5=65448.8594  sbar_bright_T4c_mid+0.5=101370.4609  sbar_bright_T4d_mid+0.5=87877.1562  sbar_bright_T5a_mid+0.5=63670.4961  sbar_bright_T5b_mid+0.5=60841.9375  sbar_bright_T5c_mid+0.5=43201.7656  sbar_bright_T5d_mid+0.5=44357.8555  sbar_bright_T4b_mid+1.5=104754.8516  sbar_bright_T4c_mid+1.5=130165.0078  sbar_bright_T4d_mid+1.5=65095.8203  sbar_bright_T5a_mid+1.5=40904.6445  sbar_bright_T5b_mid+1.5=50629.1992  sbar_bright_T5c_mid+1.5=40725.4844  sbar_bright_T5d_mid+1.5=37685.6328  sbar_bright_T4a_mid+1.5=90158.7266  sbar_dark_T4a_mid+0=53666.5273  sbar_dark_T4b_mid+0=65757.7734  sbar_dark_T4c_mid+0=69445.6484  sbar_dark_T4d_mid+0=50127.0703  sbar_dark_T5a_mid+0=270192.8438  sbar_dark_T5b_mid+0=285057.0625  sbar_dark_T5c_mid+0=303792.0000  sbar_dark_T5d_mid+0=305265.9062  sbar_dark_T4a_mid+1=29924.6133  sbar_dark_T4b_mid+1=27815.4980  sbar_dark_T4c_mid+1=43019.3359  sbar_dark_T4d_mid+1=34595.1953  sbar_dark_T5a_mid+1=350329.0938  sbar_dark_T5b_mid+1=196087.0312  sbar_dark_T5c_mid+1=246715.3125  sbar_dark_T5d_mid+1=192563.2969  sbar_dark_T4a_mid+2=57648.9023  sbar_dark_T4b_mid+2=55140.5977  sbar_dark_T4c_mid+2=68755.5938  sbar_dark_T4d_mid+2=40439.0625  sbar_dark_T5a_mid+2=239972.1875  sbar_dark_T5b_mid+2=242339.7188  sbar_dark_T5c_mid+2=234469.7188  sbar_dark_T5d_mid+2=238499.1875  sbar_dark_T4a_mid-1=245765.1094  sbar_dark_T4b_mid-1=147278.3750  sbar_dark_T4c_mid-1=138238.6562  sbar_dark_T4d_mid-1=175387.7031  sbar_dark_T5a_mid-1=1524029.1250  sbar_dark_T5b_mid-1=1247072.0000  sbar_dark_T5c_mid-1=1358216.2500  sbar_dark_T5d_mid-1=1578889.0000  sbar_dark_T4a_mid-2=92062.8203  sbar_dark_T4b_mid-2=80539.2500  sbar_dark_T4c_mid-2=100034.3125  sbar_dark_T4d_mid-2=77126.9688  sbar_dark_T5b_mid-2=849982.6250  sbar_dark_T5c_mid-2=793996.5000  sbar_dark_T5d_mid-2=890688.2500  sbar_dark_T5a_mid-2=791247.6250  sbar_dark_T4a_mid-1.5=27421.2188  sbar_dark_T4b_mid-1.5=28706.4297  sbar_dark_T4c_mid-1.5=36491.9375  sbar_dark_T4d_mid-1.5=16772.7793  sbar_dark_T5a_mid-1.5=286500.2500  sbar_dark_T5b_mid-1.5=313920.5625  sbar_dark_T5c_mid-1.5=298303.0312  sbar_dark_T5d_mid-1.5=278232.1250  sbar_dark_T4a_mid-0.5=26354.8281  sbar_dark_T4b_mid-0.5=47225.7344  sbar_dark_T4c_mid-0.5=60060.1641  sbar_dark_T4d_mid-0.5=44326.0039  sbar_dark_T5a_mid-0.5=531652.7500  sbar_dark_T5b_mid-0.5=678489.5000  sbar_dark_T5c_mid-0.5=475184.9062  sbar_dark_T5d_mid-0.5=648710.3750  sbar_dark_T4a_mid+0.5=12744.9521  sbar_dark_T4b_mid+0.5=10204.2939  sbar_dark_T4c_mid+0.5=24533.7617  sbar_dark_T4d_mid+0.5=20316.5566  sbar_dark_T5a_mid+0.5=81374.8125  sbar_dark_T5b_mid+0.5=73453.1719  sbar_dark_T5c_mid+0.5=72959.9219  sbar_dark_T5d_mid+0.5=76437.5078  sbar_dark_T4b_mid+1.5=20728.8203  sbar_dark_T4c_mid+1.5=21900.2812  sbar_dark_T4d_mid+1.5=7711.5010  sbar_dark_T5a_mid+1.5=52419.1211  sbar_dark_T5b_mid+1.5=61820.5078  sbar_dark_T5c_mid+1.5=55546.3438  sbar_dark_T5d_mid+1.5=46258.8828  sbar_dark_T4a_mid+1.5=18371.2754]:  97%|█████████▋| 970/1000 [10:36<00:19,  1.52it/s] Cost: 346394.4375  [spread_bright_L5=1620786.3750  spread_bright_Mi1=941831.5625  spread_bright_Tm3=997991.7500  spread_bright_Mi4=1342488.8750  spread_dark_L1=1140128.5000  spread_dark_L2=1031321.4375  spread_dark_L3=1080897.3750  spread_dark_L4=2381998.5000  spread_dark_Mi9=763889.8750  spread_dark_Tm1=812398.5000  spread_dark_Tm2=965964.3125  spread_dark_Tm4=1173103.5000  spread_dark_Tm9=1141099.6250  sbar_bright_T4a_mid+0=346890.0625  sbar_bright_T4b_mid+0=270398.9375  sbar_bright_T4c_mid+0=325695.6250  sbar_bright_T4d_mid+0=335907.1875  sbar_bright_T5a_mid+0=126434.0391  sbar_bright_T5b_mid+0=167958.5938  sbar_bright_T5c_mid+0=167559.6562  sbar_bright_T5d_mid+0=133989.8906  sbar_bright_T4a_mid+1=236571.2969  sbar_bright_T4b_mid+1=258675.9219  sbar_bright_T4c_mid+1=272135.7500  sbar_bright_T4d_mid+1=268150.6562  sbar_bright_T5a_mid+1=120948.5391  sbar_bright_T5b_mid+1=135717.6562  sbar_bright_T5c_mid+1=121284.2578  sbar_bright_T5d_mid+1=121806.6094  sbar_bright_T4a_mid+2=95698.1797  sbar_bright_T4b_mid+2=139589.4531  sbar_bright_T4c_mid+2=101681.0000  sbar_bright_T4d_mid+2=89035.1016  sbar_bright_T5a_mid+2=201062.5781  sbar_bright_T5b_mid+2=190748.6562  sbar_bright_T5c_mid+2=186732.5781  sbar_bright_T5d_mid+2=197452.6719  sbar_bright_T4a_mid-1=1548063.1250  sbar_bright_T4b_mid-1=1238200.8750  sbar_bright_T4c_mid-1=1600024.1250  sbar_bright_T4d_mid-1=1781580.1250  sbar_bright_T5a_mid-1=430795.5938  sbar_bright_T5b_mid-1=439393.8125  sbar_bright_T5c_mid-1=435457.6875  sbar_bright_T5d_mid-1=431927.0000  sbar_bright_T4a_mid-2=376484.7500  sbar_bright_T4b_mid-2=323485.7188  sbar_bright_T4c_mid-2=339054.1250  sbar_bright_T4d_mid-2=366876.8750  sbar_bright_T5b_mid-2=87910.8750  sbar_bright_T5c_mid-2=78326.7109  sbar_bright_T5d_mid-2=87457.8047  sbar_bright_T5a_mid-2=94779.0859  sbar_bright_T4a_mid-1.5=182042.3281  sbar_bright_T4b_mid-1.5=185876.4531  sbar_bright_T4c_mid-1.5=174528.8281  sbar_bright_T4d_mid-1.5=241373.1719  sbar_bright_T5a_mid-1.5=106913.7812  sbar_bright_T5b_mid-1.5=112677.1562  sbar_bright_T5c_mid-1.5=105068.1641  sbar_bright_T5d_mid-1.5=98148.9688  sbar_bright_T4a_mid-0.5=804698.3750  sbar_bright_T4b_mid-0.5=839452.3125  sbar_bright_T4c_mid-0.5=1008394.6875  sbar_bright_T4d_mid-0.5=1018304.6875  sbar_bright_T5a_mid-0.5=155278.9062  sbar_bright_T5b_mid-0.5=157568.8906  sbar_bright_T5c_mid-0.5=148505.4219  sbar_bright_T5d_mid-0.5=151860.4531  sbar_bright_T4a_mid+0.5=140699.2656  sbar_bright_T4b_mid+0.5=62829.2969  sbar_bright_T4c_mid+0.5=99288.0625  sbar_bright_T4d_mid+0.5=86649.4453  sbar_bright_T5a_mid+0.5=63826.8867  sbar_bright_T5b_mid+0.5=61482.3203  sbar_bright_T5c_mid+0.5=43443.0430  sbar_bright_T5d_mid+0.5=44769.8984  sbar_bright_T4b_mid+1.5=101859.7656  sbar_bright_T4c_mid+1.5=130078.5938  sbar_bright_T4d_mid+1.5=64526.3125  sbar_bright_T5a_mid+1.5=41705.5117  sbar_bright_T5b_mid+1.5=51479.0352  sbar_bright_T5c_mid+1.5=41452.7422  sbar_bright_T5d_mid+1.5=38867.2227  sbar_bright_T4a_mid+1.5=88999.8672  sbar_dark_T4a_mid+0=54370.9727  sbar_dark_T4b_mid+0=64727.8086  sbar_dark_T4c_mid+0=65424.3398  sbar_dark_T4d_mid+0=47897.5430  sbar_dark_T5a_mid+0=279349.7812  sbar_dark_T5b_mid+0=287859.4688  sbar_dark_T5c_mid+0=309379.7500  sbar_dark_T5d_mid+0=314871.7188  sbar_dark_T4a_mid+1=29452.7051  sbar_dark_T4b_mid+1=28097.7383  sbar_dark_T4c_mid+1=41212.8867  sbar_dark_T4d_mid+1=33626.7188  sbar_dark_T5a_mid+1=339012.5938  sbar_dark_T5b_mid+1=192878.2812  sbar_dark_T5c_mid+1=248636.7344  sbar_dark_T5d_mid+1=193073.0781  sbar_dark_T4a_mid+2=59451.9922  sbar_dark_T4b_mid+2=54041.8320  sbar_dark_T4c_mid+2=68194.6719  sbar_dark_T4d_mid+2=41292.4648  sbar_dark_T5a_mid+2=234694.0469  sbar_dark_T5b_mid+2=237788.9531  sbar_dark_T5c_mid+2=229450.6250  sbar_dark_T5d_mid+2=233561.0312  sbar_dark_T4a_mid-1=243594.7969  sbar_dark_T4b_mid-1=148081.5156  sbar_dark_T4c_mid-1=140128.6875  sbar_dark_T4d_mid-1=173274.3125  sbar_dark_T5a_mid-1=1513417.6250  sbar_dark_T5b_mid-1=1234676.2500  sbar_dark_T5c_mid-1=1340777.8750  sbar_dark_T5d_mid-1=1566177.7500  sbar_dark_T4a_mid-2=88023.3750  sbar_dark_T4b_mid-2=81347.6016  sbar_dark_T4c_mid-2=97396.1016  sbar_dark_T4d_mid-2=76886.2812  sbar_dark_T5b_mid-2=847252.5625  sbar_dark_T5c_mid-2=785003.7500  sbar_dark_T5d_mid-2=881943.5000  sbar_dark_T5a_mid-2=792497.1875  sbar_dark_T4a_mid-1.5=28223.6387  sbar_dark_T4b_mid-1.5=29299.1094  sbar_dark_T4c_mid-1.5=37206.7930  sbar_dark_T4d_mid-1.5=17067.8516  sbar_dark_T5a_mid-1.5=279791.2812  sbar_dark_T5b_mid-1.5=308869.4375  sbar_dark_T5c_mid-1.5=292603.0938  sbar_dark_T5d_mid-1.5=273319.2812  sbar_dark_T4a_mid-0.5=27317.4648  sbar_dark_T4b_mid-0.5=48741.1914  sbar_dark_T4c_mid-0.5=56519.4062  sbar_dark_T4d_mid-0.5=45566.8438  sbar_dark_T5a_mid-0.5=515809.7500  sbar_dark_T5b_mid-0.5=665524.3125  sbar_dark_T5c_mid-0.5=458162.5938  sbar_dark_T5d_mid-0.5=635548.0625  sbar_dark_T4a_mid+0.5=13174.2949  sbar_dark_T4b_mid+0.5=9351.2061  sbar_dark_T4c_mid+0.5=22829.4004  sbar_dark_T4d_mid+0.5=19865.2812  sbar_dark_T5a_mid+0.5=79926.7109  sbar_dark_T5b_mid+0.5=70999.2812  sbar_dark_T5c_mid+0.5=71664.6484  sbar_dark_T5d_mid+0.5=77649.4219  sbar_dark_T4b_mid+1.5=19946.0742  sbar_dark_T4c_mid+1.5=21896.5391  sbar_dark_T4d_mid+1.5=8412.3926  sbar_dark_T5a_mid+1.5=50312.9375  sbar_dark_T5b_mid+1.5=60936.2773  sbar_dark_T5c_mid+1.5=54563.8203  sbar_dark_T5d_mid+1.5=46499.1914  sbar_dark_T4a_mid+1.5=19020.8008]:       98%|█████████▊| 980/1000 [10:43<00:13,  1.51it/s] Cost: 343464.6875  [spread_bright_L5=1573516.8750  spread_bright_Mi1=937269.7500  spread_bright_Tm3=979963.3750  spread_bright_Mi4=1314130.8750  spread_dark_L1=1114041.1250  spread_dark_L2=1024734.0625  spread_dark_L3=1077069.7500  spread_dark_L4=2374744.2500  spread_dark_Mi9=750793.1250  spread_dark_Tm1=808273.0000  spread_dark_Tm2=969538.4375  spread_dark_Tm4=1173749.1250  spread_dark_Tm9=1131906.0000  sbar_bright_T4a_mid+0=345152.0000  sbar_bright_T4b_mid+0=269569.3438  sbar_bright_T4c_mid+0=322588.8125  sbar_bright_T4d_mid+0=333416.2812  sbar_bright_T5a_mid+0=132201.7656  sbar_bright_T5b_mid+0=180604.5469  sbar_bright_T5c_mid+0=181038.5625  sbar_bright_T5d_mid+0=142081.8281  sbar_bright_T4a_mid+1=235965.8281  sbar_bright_T4b_mid+1=260538.9531  sbar_bright_T4c_mid+1=276488.1250  sbar_bright_T4d_mid+1=268241.6875  sbar_bright_T5a_mid+1=125513.6875  sbar_bright_T5b_mid+1=136890.7500  sbar_bright_T5c_mid+1=125191.9688  sbar_bright_T5d_mid+1=122653.8125  sbar_bright_T4a_mid+2=96917.2812  sbar_bright_T4b_mid+2=142910.1406  sbar_bright_T4c_mid+2=106879.7656  sbar_bright_T4d_mid+2=92267.7734  sbar_bright_T5a_mid+2=195471.7344  sbar_bright_T5b_mid+2=186520.9688  sbar_bright_T5c_mid+2=184302.2969  sbar_bright_T5d_mid+2=193339.3125  sbar_bright_T4a_mid-1=1542406.0000  sbar_bright_T4b_mid-1=1225454.3750  sbar_bright_T4c_mid-1=1595062.7500  sbar_bright_T4d_mid-1=1769046.5000  sbar_bright_T5a_mid-1=435844.5625  sbar_bright_T5b_mid-1=447467.6875  sbar_bright_T5c_mid-1=446080.4375  sbar_bright_T5d_mid-1=436901.1875  sbar_bright_T4a_mid-2=375572.8438  sbar_bright_T4b_mid-2=321736.9375  sbar_bright_T4c_mid-2=336696.9062  sbar_bright_T4d_mid-2=361822.4062  sbar_bright_T5b_mid-2=86356.3203  sbar_bright_T5c_mid-2=77071.1953  sbar_bright_T5d_mid-2=85679.1953  sbar_bright_T5a_mid-2=93619.6641  sbar_bright_T4a_mid-1.5=177912.1562  sbar_bright_T4b_mid-1.5=181147.2188  sbar_bright_T4c_mid-1.5=170397.4375  sbar_bright_T4d_mid-1.5=238628.9688  sbar_bright_T5a_mid-1.5=105504.6172  sbar_bright_T5b_mid-1.5=111548.8906  sbar_bright_T5c_mid-1.5=102934.1953  sbar_bright_T5d_mid-1.5=95617.9844  sbar_bright_T4a_mid-0.5=798962.5625  sbar_bright_T4b_mid-0.5=826298.3125  sbar_bright_T4c_mid-0.5=1004117.3125  sbar_bright_T4d_mid-0.5=1003530.1250  sbar_bright_T5a_mid-0.5=157537.2031  sbar_bright_T5b_mid-0.5=159082.2656  sbar_bright_T5c_mid-0.5=152209.7344  sbar_bright_T5d_mid-0.5=154458.4062  sbar_bright_T4a_mid+0.5=137474.2344  sbar_bright_T4b_mid+0.5=62188.9297  sbar_bright_T4c_mid+0.5=98451.0547  sbar_bright_T4d_mid+0.5=86014.6719  sbar_bright_T5a_mid+0.5=66654.7031  sbar_bright_T5b_mid+0.5=63949.5156  sbar_bright_T5c_mid+0.5=44821.7422  sbar_bright_T5d_mid+0.5=46385.4570  sbar_bright_T4b_mid+1.5=102308.3828  sbar_bright_T4c_mid+1.5=131943.5938  sbar_bright_T4d_mid+1.5=65602.8906  sbar_bright_T5a_mid+1.5=42049.0938  sbar_bright_T5b_mid+1.5=53811.2070  sbar_bright_T5c_mid+1.5=42379.0703  sbar_bright_T5d_mid+1.5=40650.7891  sbar_bright_T4a_mid+1.5=91664.0781  sbar_dark_T4a_mid+0=52857.0391  sbar_dark_T4b_mid+0=61800.6172  sbar_dark_T4c_mid+0=63872.1680  sbar_dark_T4d_mid+0=45780.1172  sbar_dark_T5a_mid+0=282765.0625  sbar_dark_T5b_mid+0=283667.1875  sbar_dark_T5c_mid+0=315567.6250  sbar_dark_T5d_mid+0=324949.1250  sbar_dark_T4a_mid+1=28723.1094  sbar_dark_T4b_mid+1=29466.3574  sbar_dark_T4c_mid+1=40198.6094  sbar_dark_T4d_mid+1=34067.0312  sbar_dark_T5a_mid+1=332332.3438  sbar_dark_T5b_mid+1=190357.8750  sbar_dark_T5c_mid+1=254493.9375  sbar_dark_T5d_mid+1=194233.3750  sbar_dark_T4a_mid+2=63219.2383  sbar_dark_T4b_mid+2=57133.4609  sbar_dark_T4c_mid+2=70046.7891  sbar_dark_T4d_mid+2=45455.5938  sbar_dark_T5a_mid+2=223775.3594  sbar_dark_T5b_mid+2=229229.7500  sbar_dark_T5c_mid+2=219510.8438  sbar_dark_T5d_mid+2=224168.8281  sbar_dark_T4a_mid-1=245450.7344  sbar_dark_T4b_mid-1=152832.7188  sbar_dark_T4c_mid-1=141726.1250  sbar_dark_T4d_mid-1=175188.5781  sbar_dark_T5a_mid-1=1479411.0000  sbar_dark_T5b_mid-1=1215007.7500  sbar_dark_T5c_mid-1=1306076.8750  sbar_dark_T5d_mid-1=1535290.6250  sbar_dark_T4a_mid-2=86723.9531  sbar_dark_T4b_mid-2=82507.3281  sbar_dark_T4c_mid-2=97314.6953  sbar_dark_T4d_mid-2=78773.0703  sbar_dark_T5b_mid-2=833554.8125  sbar_dark_T5c_mid-2=760648.3750  sbar_dark_T5d_mid-2=861472.7500  sbar_dark_T5a_mid-2=783871.9375  sbar_dark_T4a_mid-1.5=30113.9043  sbar_dark_T4b_mid-1.5=30515.8184  sbar_dark_T4c_mid-1.5=39010.6562  sbar_dark_T4d_mid-1.5=17852.1035  sbar_dark_T5a_mid-1.5=269360.5000  sbar_dark_T5b_mid-1.5=302904.4688  sbar_dark_T5c_mid-1.5=279762.1562  sbar_dark_T5d_mid-1.5=265585.0938  sbar_dark_T4a_mid-0.5=30112.3691  sbar_dark_T4b_mid-0.5=52115.3750  sbar_dark_T4c_mid-0.5=55593.9805  sbar_dark_T4d_mid-0.5=48267.0703  sbar_dark_T5a_mid-0.5=499822.0000  sbar_dark_T5b_mid-0.5=652101.8125  sbar_dark_T5c_mid-0.5=440542.7812  sbar_dark_T5d_mid-0.5=619094.8125  sbar_dark_T4a_mid+0.5=14148.8662  sbar_dark_T4b_mid+0.5=8515.6396  sbar_dark_T4c_mid+0.5=22214.1602  sbar_dark_T4d_mid+0.5=20341.0801  sbar_dark_T5a_mid+0.5=78806.9297  sbar_dark_T5b_mid+0.5=68957.0625  sbar_dark_T5c_mid+0.5=70137.6875  sbar_dark_T5d_mid+0.5=78604.3281  sbar_dark_T4b_mid+1.5=20405.3164  sbar_dark_T4c_mid+1.5=22391.4961  sbar_dark_T4d_mid+1.5=9388.6240  sbar_dark_T5a_mid+1.5=48759.0781  sbar_dark_T5b_mid+1.5=61921.8555  sbar_dark_T5c_mid+1.5=54786.9570  sbar_dark_T5d_mid+1.5=47484.2227  sbar_dark_T4a_mid+1.5=21283.4766]:  99%|█████████▉| 990/1000 [10:50<00:06,  1.52it/s] Cost: 340982.4375  [spread_bright_L5=1539241.1250  spread_bright_Mi1=933542.8125  spread_bright_Tm3=964133.3750  spread_bright_Mi4=1290475.8750  spread_dark_L1=1085372.1250  spread_dark_L2=1009218.0625  spread_dark_L3=1072086.7500  spread_dark_L4=2365916.2500  spread_dark_Mi9=742379.2500  spread_dark_Tm1=809710.0625  spread_dark_Tm2=977494.1875  spread_dark_Tm4=1186406.0000  spread_dark_Tm9=1137063.7500  sbar_bright_T4a_mid+0=341906.1562  sbar_bright_T4b_mid+0=267887.4375  sbar_bright_T4c_mid+0=317983.3125  sbar_bright_T4d_mid+0=329158.2812  sbar_bright_T5a_mid+0=133156.6875  sbar_bright_T5b_mid+0=185630.0625  sbar_bright_T5c_mid+0=186026.7188  sbar_bright_T5d_mid+0=144794.2031  sbar_bright_T4a_mid+1=235955.4219  sbar_bright_T4b_mid+1=259811.1094  sbar_bright_T4c_mid+1=274887.9688  sbar_bright_T4d_mid+1=266861.7188  sbar_bright_T5a_mid+1=126842.5078  sbar_bright_T5b_mid+1=136606.8438  sbar_bright_T5c_mid+1=125205.4766  sbar_bright_T5d_mid+1=123183.2734  sbar_bright_T4a_mid+2=95471.1484  sbar_bright_T4b_mid+2=142017.3281  sbar_bright_T4c_mid+2=106098.5000  sbar_bright_T4d_mid+2=91722.8047  sbar_bright_T5a_mid+2=193877.3594  sbar_bright_T5b_mid+2=184862.2969  sbar_bright_T5c_mid+2=184221.6562  sbar_bright_T5d_mid+2=192383.3438  sbar_bright_T4a_mid-1=1538153.2500  sbar_bright_T4b_mid-1=1210750.3750  sbar_bright_T4c_mid-1=1590883.3750  sbar_bright_T4d_mid-1=1762944.0000  sbar_bright_T5a_mid-1=436576.0625  sbar_bright_T5b_mid-1=447396.0312  sbar_bright_T5c_mid-1=451016.8125  sbar_bright_T5d_mid-1=438197.5625  sbar_bright_T4a_mid-2=372343.1562  sbar_bright_T4b_mid-2=317928.0625  sbar_bright_T4c_mid-2=333839.8125  sbar_bright_T4d_mid-2=358908.2812  sbar_bright_T5b_mid-2=85244.7891  sbar_bright_T5c_mid-2=75388.9453  sbar_bright_T5d_mid-2=83811.3750  sbar_bright_T5a_mid-2=91793.1797  sbar_bright_T4a_mid-1.5=175121.7656  sbar_bright_T4b_mid-1.5=176946.3906  sbar_bright_T4c_mid-1.5=166786.9062  sbar_bright_T4d_mid-1.5=236567.3750  sbar_bright_T5a_mid-1.5=104755.4609  sbar_bright_T5b_mid-1.5=111359.2422  sbar_bright_T5c_mid-1.5=101824.2812  sbar_bright_T5d_mid-1.5=94605.6719  sbar_bright_T4a_mid-0.5=795630.7500  sbar_bright_T4b_mid-0.5=816406.7500  sbar_bright_T4c_mid-0.5=1000041.5625  sbar_bright_T4d_mid-0.5=995897.1875  sbar_bright_T5a_mid-0.5=158529.5312  sbar_bright_T5b_mid-0.5=159949.8281  sbar_bright_T5c_mid-0.5=153683.8438  sbar_bright_T5d_mid-0.5=156333.5156  sbar_bright_T4a_mid+0.5=136927.5000  sbar_bright_T4b_mid+0.5=61666.7305  sbar_bright_T4c_mid+0.5=98251.5859  sbar_bright_T4d_mid+0.5=85853.1016  sbar_bright_T5a_mid+0.5=66913.1484  sbar_bright_T5b_mid+0.5=64142.8359  sbar_bright_T5c_mid+0.5=44831.9375  sbar_bright_T5d_mid+0.5=46756.8672  sbar_bright_T4b_mid+1.5=99896.1172  sbar_bright_T4c_mid+1.5=130029.1641  sbar_bright_T4d_mid+1.5=65058.2031  sbar_bright_T5a_mid+1.5=42507.2266  sbar_bright_T5b_mid+1.5=55145.2734  sbar_bright_T5c_mid+1.5=42445.5156  sbar_bright_T5d_mid+1.5=41259.1328  sbar_bright_T4a_mid+1.5=91915.2031  sbar_dark_T4a_mid+0=51552.1992  sbar_dark_T4b_mid+0=60818.6758  sbar_dark_T4c_mid+0=64310.4062  sbar_dark_T4d_mid+0=44835.1992  sbar_dark_T5a_mid+0=295351.0312  sbar_dark_T5b_mid+0=282464.3750  sbar_dark_T5c_mid+0=314904.0625  sbar_dark_T5d_mid+0=333654.2812  sbar_dark_T4a_mid+1=28927.1152  sbar_dark_T4b_mid+1=29693.6680  sbar_dark_T4c_mid+1=39521.3555  sbar_dark_T4d_mid+1=34400.4062  sbar_dark_T5a_mid+1=323722.6250  sbar_dark_T5b_mid+1=188039.5781  sbar_dark_T5c_mid+1=252953.6094  sbar_dark_T5d_mid+1=193076.7188  sbar_dark_T4a_mid+2=63348.0547  sbar_dark_T4b_mid+2=58555.6289  sbar_dark_T4c_mid+2=70414.1094  sbar_dark_T4d_mid+2=46088.7812  sbar_dark_T5a_mid+2=219027.2812  sbar_dark_T5b_mid+2=226112.8594  sbar_dark_T5c_mid+2=216339.4844  sbar_dark_T5d_mid+2=220293.4375  sbar_dark_T4a_mid-1=246364.2031  sbar_dark_T4b_mid-1=153686.6875  sbar_dark_T4c_mid-1=142124.3125  sbar_dark_T4d_mid-1=174683.5625  sbar_dark_T5a_mid-1=1454583.6250  sbar_dark_T5b_mid-1=1202490.6250  sbar_dark_T5c_mid-1=1287041.8750  sbar_dark_T5d_mid-1=1519933.7500  sbar_dark_T4a_mid-2=86527.3984  sbar_dark_T4b_mid-2=83930.1094  sbar_dark_T4c_mid-2=98703.1406  sbar_dark_T4d_mid-2=79756.7266  sbar_dark_T5b_mid-2=825369.2500  sbar_dark_T5c_mid-2=745128.3750  sbar_dark_T5d_mid-2=848225.0625  sbar_dark_T5a_mid-2=778318.5000  sbar_dark_T4a_mid-1.5=31383.4180  sbar_dark_T4b_mid-1.5=31918.9883  sbar_dark_T4c_mid-1.5=41025.4219  sbar_dark_T4d_mid-1.5=18518.2031  sbar_dark_T5a_mid-1.5=260882.6875  sbar_dark_T5b_mid-1.5=299692.3438  sbar_dark_T5c_mid-1.5=270662.1250  sbar_dark_T5d_mid-1.5=260730.5156  sbar_dark_T4a_mid-0.5=31579.6992  sbar_dark_T4b_mid-0.5=54077.2344  sbar_dark_T4c_mid-0.5=57244.6992  sbar_dark_T4d_mid-0.5=50167.4219  sbar_dark_T5a_mid-0.5=486720.5000  sbar_dark_T5b_mid-0.5=643605.5000  sbar_dark_T5c_mid-0.5=427767.0000  sbar_dark_T5d_mid-0.5=606547.0625  sbar_dark_T4a_mid+0.5=14421.9521  sbar_dark_T4b_mid+0.5=8649.0615  sbar_dark_T4c_mid+0.5=21846.9668  sbar_dark_T4d_mid+0.5=21393.1094  sbar_dark_T5a_mid+0.5=78620.1719  sbar_dark_T5b_mid+0.5=67705.0078  sbar_dark_T5c_mid+0.5=69185.2578  sbar_dark_T5d_mid+0.5=78320.7969  sbar_dark_T4b_mid+1.5=19917.0039  sbar_dark_T4c_mid+1.5=21914.4707  sbar_dark_T4d_mid+1.5=9963.9551  sbar_dark_T5a_mid+1.5=47362.1406  sbar_dark_T5b_mid+1.5=61357.6875  sbar_dark_T5c_mid+1.5=53572.9727  sbar_dark_T5d_mid+1.5=47360.0078  sbar_dark_T4a_mid+1.5=22047.1445]:   wrote checkpoint best_adam_iter_01000.npz
wrote checkpoint csv: /home/yitai/drosophila_vision/vision/simulation/0_runs/hp_lp/29586491-run-n_iter-1000-tasks-spread,sbar/csv/param_01000.csv
wrote checkpoint csv: /home/yitai/drosophila_vision/vision/simulation/0_runs/hp_lp/29586491-run-n_iter-1000-tasks-spread,sbar/csv/syn_strength_cell_01000.csv
plot device=cuda (NVIDIA A100 80GB PCIe MIG 1g.20gb)
1 trained set(s); costs min=325998.8750 max=325998.8750; selected #0 (from saved final costs)
plot /home/yitai/drosophila_vision/vision/simulation/0_runs/hp_lp/29586491-run-n_iter-1000-tasks-spread,sbar/png/spread_gt_v_01000.png: prep=0.2s  plot_s=0.3s  save=0.7s  elapsed_s=1.2s
plot /home/yitai/drosophila_vision/vision/simulation/0_runs/hp_lp/29586491-run-n_iter-1000-tasks-spread,sbar/png/spread_all_v_01000.png: prep=0.0s  plot_s=0.7s  save=2.6s  elapsed_s=3.3s
 99%|█████████▉| 990/1000 [12:00<00:06,  1.52it/s] Cost: 340982.4375  [spread_bright_L5=1539241.1250  spread_bright_Mi1=933542.8125  spread_bright_Tm3=964133.3750  spread_bright_Mi4=1290475.8750  spread_dark_L1=1085372.1250  spread_dark_L2=1009218.0625  spread_dark_L3=1072086.7500  spread_dark_L4=2365916.2500  spread_dark_Mi9=742379.2500  spread_dark_Tm1=809710.0625  spread_dark_Tm2=977494.1875  spread_dark_Tm4=1186406.0000  spread_dark_Tm9=1137063.7500  sbar_bright_T4a_mid+0=341906.1562  sbar_bright_T4b_mid+0=267887.4375  sbar_bright_T4c_mid+0=317983.3125  sbar_bright_T4d_mid+0=329158.2812  sbar_bright_T5a_mid+0=133156.6875  sbar_bright_T5b_mid+0=185630.0625  sbar_bright_T5c_mid+0=186026.7188  sbar_bright_T5d_mid+0=144794.2031  sbar_bright_T4a_mid+1=235955.4219  sbar_bright_T4b_mid+1=259811.1094  sbar_bright_T4c_mid+1=274887.9688  sbar_bright_T4d_mid+1=266861.7188  sbar_bright_T5a_mid+1=126842.5078  sbar_bright_T5b_mid+1=136606.8438  sbar_bright_T5c_mid+1=125205.4766  sbar_bright_T5d_mid+1=123183.2734  sbar_bright_T4a_mid+2=95471.1484  sbar_bright_T4b_mid+2=142017.3281  sbar_bright_T4c_mid+2=106098.5000  sbar_bright_T4d_mid+2=91722.8047  sbar_bright_T5a_mid+2=193877.3594  sbar_bright_T5b_mid+2=184862.2969  sbar_bright_T5c_mid+2=184221.6562  sbar_bright_T5d_mid+2=192383.3438  sbar_bright_T4a_mid-1=1538153.2500  sbar_bright_T4b_mid-1=1210750.3750  sbar_bright_T4c_mid-1=1590883.3750  sbar_bright_T4d_mid-1=1762944.0000  sbar_bright_T5a_mid-1=436576.0625  sbar_bright_T5b_mid-1=447396.0312  sbar_bright_T5c_mid-1=451016.8125  sbar_bright_T5d_mid-1=438197.5625  sbar_bright_T4a_mid-2=372343.1562  sbar_bright_T4b_mid-2=317928.0625  sbar_bright_T4c_mid-2=333839.8125  sbar_bright_T4d_mid-2=358908.2812  sbar_bright_T5b_mid-2=85244.7891  sbar_bright_T5c_mid-2=75388.9453  sbar_bright_T5d_mid-2=83811.3750  sbar_bright_T5a_mid-2=91793.1797  sbar_bright_T4a_mid-1.5=175121.7656  sbar_bright_T4b_mid-1.5=176946.3906  sbar_bright_T4c_mid-1.5=166786.9062  sbar_bright_T4d_mid-1.5=236567.3750  sbar_bright_T5a_mid-1.5=104755.4609  sbar_bright_T5b_mid-1.5=111359.2422  sbar_bright_T5c_mid-1.5=101824.2812  sbar_bright_T5d_mid-1.5=94605.6719  sbar_bright_T4a_mid-0.5=795630.7500  sbar_bright_T4b_mid-0.5=816406.7500  sbar_bright_T4c_mid-0.5=1000041.5625  sbar_bright_T4d_mid-0.5=995897.1875  sbar_bright_T5a_mid-0.5=158529.5312  sbar_bright_T5b_mid-0.5=159949.8281  sbar_bright_T5c_mid-0.5=153683.8438  sbar_bright_T5d_mid-0.5=156333.5156  sbar_bright_T4a_mid+0.5=136927.5000  sbar_bright_T4b_mid+0.5=61666.7305  sbar_bright_T4c_mid+0.5=98251.5859  sbar_bright_T4d_mid+0.5=85853.1016  sbar_bright_T5a_mid+0.5=66913.1484  sbar_bright_T5b_mid+0.5=64142.8359  sbar_bright_T5c_mid+0.5=44831.9375  sbar_bright_T5d_mid+0.5=46756.8672  sbar_bright_T4b_mid+1.5=99896.1172  sbar_bright_T4c_mid+1.5=130029.1641  sbar_bright_T4d_mid+1.5=65058.2031  sbar_bright_T5a_mid+1.5=42507.2266  sbar_bright_T5b_mid+1.5=55145.2734  sbar_bright_T5c_mid+1.5=42445.5156  sbar_bright_T5d_mid+1.5=41259.1328  sbar_bright_T4a_mid+1.5=91915.2031  sbar_dark_T4a_mid+0=51552.1992  sbar_dark_T4b_mid+0=60818.6758  sbar_dark_T4c_mid+0=64310.4062  sbar_dark_T4d_mid+0=44835.1992  sbar_dark_T5a_mid+0=295351.0312  sbar_dark_T5b_mid+0=282464.3750  sbar_dark_T5c_mid+0=314904.0625  sbar_dark_T5d_mid+0=333654.2812  sbar_dark_T4a_mid+1=28927.1152  sbar_dark_T4b_mid+1=29693.6680  sbar_dark_T4c_mid+1=39521.3555  sbar_dark_T4d_mid+1=34400.4062  sbar_dark_T5a_mid+1=323722.6250  sbar_dark_T5b_mid+1=188039.5781  sbar_dark_T5c_mid+1=252953.6094  sbar_dark_T5d_mid+1=193076.7188  sbar_dark_T4a_mid+2=63348.0547  sbar_dark_T4b_mid+2=58555.6289  sbar_dark_T4c_mid+2=70414.1094  sbar_dark_T4d_mid+2=46088.7812  sbar_dark_T5a_mid+2=219027.2812  sbar_dark_T5b_mid+2=226112.8594  sbar_dark_T5c_mid+2=216339.4844  sbar_dark_T5d_mid+2=220293.4375  sbar_dark_T4a_mid-1=246364.2031  sbar_dark_T4b_mid-1=153686.6875  sbar_dark_T4c_mid-1=142124.3125  sbar_dark_T4d_mid-1=174683.5625  sbar_dark_T5a_mid-1=1454583.6250  sbar_dark_T5b_mid-1=1202490.6250  sbar_dark_T5c_mid-1=1287041.8750  sbar_dark_T5d_mid-1=1519933.7500  sbar_dark_T4a_mid-2=86527.3984  sbar_dark_T4b_mid-2=83930.1094  sbar_dark_T4c_mid-2=98703.1406  sbar_dark_T4d_mid-2=79756.7266  sbar_dark_T5b_mid-2=825369.2500  sbar_dark_T5c_mid-2=745128.3750  sbar_dark_T5d_mid-2=848225.0625  sbar_dark_T5a_mid-2=778318.5000  sbar_dark_T4a_mid-1.5=31383.4180  sbar_dark_T4b_mid-1.5=31918.9883  sbar_dark_T4c_mid-1.5=41025.4219  sbar_dark_T4d_mid-1.5=18518.2031  sbar_dark_T5a_mid-1.5=260882.6875  sbar_dark_T5b_mid-1.5=299692.3438  sbar_dark_T5c_mid-1.5=270662.1250  sbar_dark_T5d_mid-1.5=260730.5156  sbar_dark_T4a_mid-0.5=31579.6992  sbar_dark_T4b_mid-0.5=54077.2344  sbar_dark_T4c_mid-0.5=57244.6992  sbar_dark_T4d_mid-0.5=50167.4219  sbar_dark_T5a_mid-0.5=486720.5000  sbar_dark_T5b_mid-0.5=643605.5000  sbar_dark_T5c_mid-0.5=427767.0000  sbar_dark_T5d_mid-0.5=606547.0625  sbar_dark_T4a_mid+0.5=14421.9521  sbar_dark_T4b_mid+0.5=8649.0615  sbar_dark_T4c_mid+0.5=21846.9668  sbar_dark_T4d_mid+0.5=21393.1094  sbar_dark_T5a_mid+0.5=78620.1719  sbar_dark_T5b_mid+0.5=67705.0078  sbar_dark_T5c_mid+0.5=69185.2578  sbar_dark_T5d_mid+0.5=78320.7969  sbar_dark_T4b_mid+1.5=19917.0039  sbar_dark_T4c_mid+1.5=21914.4707  sbar_dark_T4d_mid+1.5=9963.9551  sbar_dark_T5a_mid+1.5=47362.1406  sbar_dark_T5b_mid+1.5=61357.6875  sbar_dark_T5c_mid+1.5=53572.9727  sbar_dark_T5d_mid+1.5=47360.0078  sbar_dark_T4a_mid+1.5=22047.1445]: plot /home/yitai/drosophila_vision/vision/simulation/0_runs/hp_lp/29586491-run-n_iter-1000-tasks-spread,sbar/png/sbar_gt_v_01000.png: prep=0.4s  plot_s=87.4s  save=25.1s  elapsed_s=113.0s
wrote checkpoint png: /home/yitai/drosophila_vision/vision/simulation/0_runs/hp_lp/29586491-run-n_iter-1000-tasks-spread,sbar/png/*_01000.png
wrote checkpoint best_param_iter_01000.npz (cost=325998.8750)
100%|██████████| 1000/1000 [12:58<00:00,  4.32s/it] Cost: 339142.4375  [spread_bright_L5=1361677.1250  spread_bright_Mi1=924466.8750  spread_bright_Tm3=890755.5000  spread_bright_Mi4=1095249.3750  spread_dark_L1=876214.4375  spread_dark_L2=990663.9375  spread_dark_L3=1019990.2500  spread_dark_L4=2210467.0000  spread_dark_Mi9=569438.2500  spread_dark_Tm1=969219.3125  spread_dark_Tm2=1019261.0625  spread_dark_Tm4=1300142.6250  spread_dark_Tm9=1106411.7500  sbar_bright_T4a_mid+0=342678.2500  sbar_bright_T4b_mid+0=254736.4219  sbar_bright_T4c_mid+0=306417.6250  sbar_bright_T4d_mid+0=303179.3125  sbar_bright_T5a_mid+0=177805.0938  sbar_bright_T5b_mid+0=222263.7656  sbar_bright_T5c_mid+0=228168.3906  sbar_bright_T5d_mid+0=181340.8906  sbar_bright_T4a_mid+1=238489.6094  sbar_bright_T4b_mid+1=242699.3750  sbar_bright_T4c_mid+1=259599.7344  sbar_bright_T4d_mid+1=257987.5312  sbar_bright_T5a_mid+1=130810.9531  sbar_bright_T5b_mid+1=139131.7812  sbar_bright_T5c_mid+1=139517.1406  sbar_bright_T5d_mid+1=122230.4922  sbar_bright_T4a_mid+2=87339.7109  sbar_bright_T4b_mid+2=119498.8984  sbar_bright_T4c_mid+2=91082.9062  sbar_bright_T4d_mid+2=90033.3438  sbar_bright_T5a_mid+2=170405.5469  sbar_bright_T5b_mid+2=163688.7188  sbar_bright_T5c_mid+2=169205.9219  sbar_bright_T5d_mid+2=169290.5625  sbar_bright_T4a_mid-1=1466916.5000  sbar_bright_T4b_mid-1=1135814.2500  sbar_bright_T4c_mid-1=1547479.1250  sbar_bright_T4d_mid-1=1726682.1250  sbar_bright_T5a_mid-1=491075.1875  sbar_bright_T5b_mid-1=513074.3125  sbar_bright_T5c_mid-1=525361.6250  sbar_bright_T5d_mid-1=495305.6250  sbar_bright_T4a_mid-2=294708.8125  sbar_bright_T4b_mid-2=291577.7812  sbar_bright_T4c_mid-2=293260.6250  sbar_bright_T4d_mid-2=291657.5625  sbar_bright_T5b_mid-2=81654.7578  sbar_bright_T5c_mid-2=83620.1328  sbar_bright_T5d_mid-2=80609.6562  sbar_bright_T5a_mid-2=81906.8047  sbar_bright_T4a_mid-1.5=167102.9844  sbar_bright_T4b_mid-1.5=163086.0938  sbar_bright_T4c_mid-1.5=153139.7500  sbar_bright_T4d_mid-1.5=214404.6562  sbar_bright_T5a_mid-1.5=114591.3906  sbar_bright_T5b_mid-1.5=113031.0859  sbar_bright_T5c_mid-1.5=105396.0938  sbar_bright_T5d_mid-1.5=100565.7734  sbar_bright_T4a_mid-0.5=795221.5625  sbar_bright_T4b_mid-0.5=813496.0000  sbar_bright_T4c_mid-0.5=1068101.1250  sbar_bright_T4d_mid-0.5=1038714.3125  sbar_bright_T5a_mid-0.5=182157.8125  sbar_bright_T5b_mid-0.5=173685.2500  sbar_bright_T5c_mid-0.5=183355.4375  sbar_bright_T5d_mid-0.5=179514.3906  sbar_bright_T4a_mid+0.5=135294.5938  sbar_bright_T4b_mid+0.5=68117.5156  sbar_bright_T4c_mid+0.5=90007.9531  sbar_bright_T4d_mid+0.5=86507.5078  sbar_bright_T5a_mid+0.5=66498.8594  sbar_bright_T5b_mid+0.5=65367.4297  sbar_bright_T5c_mid+0.5=50740.1953  sbar_bright_T5d_mid+0.5=56397.1641  sbar_bright_T4b_mid+1.5=77120.5312  sbar_bright_T4c_mid+1.5=103679.6797  sbar_bright_T4d_mid+1.5=64899.5234  sbar_bright_T5a_mid+1.5=43749.5078  sbar_bright_T5b_mid+1.5=47177.6797  sbar_bright_T5c_mid+1.5=40547.3789  sbar_bright_T5d_mid+1.5=36545.5312  sbar_bright_T4a_mid+1.5=75130.2344  sbar_dark_T4a_mid+0=73299.6484  sbar_dark_T4b_mid+0=60260.1602  sbar_dark_T4c_mid+0=77298.0781  sbar_dark_T4d_mid+0=55794.9688  sbar_dark_T5a_mid+0=297622.8438  sbar_dark_T5b_mid+0=235534.2500  sbar_dark_T5c_mid+0=263384.0312  sbar_dark_T5d_mid+0=289828.3125  sbar_dark_T4a_mid+1=30824.0117  sbar_dark_T4b_mid+1=29910.7637  sbar_dark_T4c_mid+1=47236.1680  sbar_dark_T4d_mid+1=37961.3594  sbar_dark_T5a_mid+1=268683.3125  sbar_dark_T5b_mid+1=212349.4688  sbar_dark_T5c_mid+1=235325.1719  sbar_dark_T5d_mid+1=168334.2812  sbar_dark_T4a_mid+2=56189.9141  sbar_dark_T4b_mid+2=47392.7266  sbar_dark_T4c_mid+2=79678.1562  sbar_dark_T4d_mid+2=53346.1328  sbar_dark_T5a_mid+2=201566.0000  sbar_dark_T5b_mid+2=217437.5781  sbar_dark_T5c_mid+2=201284.8594  sbar_dark_T5d_mid+2=207691.1562  sbar_dark_T4a_mid-1=300680.3438  sbar_dark_T4b_mid-1=173687.5156  sbar_dark_T4c_mid-1=190609.2969  sbar_dark_T4d_mid-1=199604.0156  sbar_dark_T5a_mid-1=1290309.8750  sbar_dark_T5b_mid-1=1028809.4375  sbar_dark_T5c_mid-1=1168502.1250  sbar_dark_T5d_mid-1=1321262.8750  sbar_dark_T4a_mid-2=133158.0000  sbar_dark_T4b_mid-2=113954.0625  sbar_dark_T4c_mid-2=141467.8750  sbar_dark_T4d_mid-2=138868.7031  sbar_dark_T5b_mid-2=660496.0625  sbar_dark_T5c_mid-2=601503.3125  sbar_dark_T5d_mid-2=688692.2500  sbar_dark_T5a_mid-2=648876.0000  sbar_dark_T4a_mid-1.5=35990.8906  sbar_dark_T4b_mid-1.5=43206.5781  sbar_dark_T4c_mid-1.5=52859.6328  sbar_dark_T4d_mid-1.5=29459.8906  sbar_dark_T5a_mid-1.5=228077.4531  sbar_dark_T5b_mid-1.5=256602.6719  sbar_dark_T5c_mid-1.5=211542.9844  sbar_dark_T5d_mid-1.5=213074.0938  sbar_dark_T4a_mid-0.5=28961.0254  sbar_dark_T4b_mid-0.5=66404.1406  sbar_dark_T4c_mid-0.5=60804.5781  sbar_dark_T4d_mid-0.5=53565.2422  sbar_dark_T5a_mid-0.5=456130.2812  sbar_dark_T5b_mid-0.5=591198.6250  sbar_dark_T5c_mid-0.5=434510.3750  sbar_dark_T5d_mid-0.5=526137.0625  sbar_dark_T4a_mid+0.5=15209.0117  sbar_dark_T4b_mid+0.5=8776.7168  sbar_dark_T4c_mid+0.5=22804.6445  sbar_dark_T4d_mid+0.5=24078.9180  sbar_dark_T5a_mid+0.5=74423.2734  sbar_dark_T5b_mid+0.5=69219.8047  sbar_dark_T5c_mid+0.5=56072.1641  sbar_dark_T5d_mid+0.5=71303.8594  sbar_dark_T4b_mid+1.5=11558.0781  sbar_dark_T4c_mid+1.5=21848.0488  sbar_dark_T4d_mid+1.5=12529.0449  sbar_dark_T5a_mid+1.5=54332.3789  sbar_dark_T5b_mid+1.5=60599.2617  sbar_dark_T5c_mid+1.5=57326.2461  sbar_dark_T5d_mid+1.5=52724.1914  sbar_dark_T4a_mid+1.5=16161.8496]: 100%|██████████| 1000/1000 [12:58<00:00,  1.28it/s] Cost: 339142.4375  [spread_bright_L5=1361677.1250  spread_bright_Mi1=924466.8750  spread_bright_Tm3=890755.5000  spread_bright_Mi4=1095249.3750  spread_dark_L1=876214.4375  spread_dark_L2=990663.9375  spread_dark_L3=1019990.2500  spread_dark_L4=2210467.0000  spread_dark_Mi9=569438.2500  spread_dark_Tm1=969219.3125  spread_dark_Tm2=1019261.0625  spread_dark_Tm4=1300142.6250  spread_dark_Tm9=1106411.7500  sbar_bright_T4a_mid+0=342678.2500  sbar_bright_T4b_mid+0=254736.4219  sbar_bright_T4c_mid+0=306417.6250  sbar_bright_T4d_mid+0=303179.3125  sbar_bright_T5a_mid+0=177805.0938  sbar_bright_T5b_mid+0=222263.7656  sbar_bright_T5c_mid+0=228168.3906  sbar_bright_T5d_mid+0=181340.8906  sbar_bright_T4a_mid+1=238489.6094  sbar_bright_T4b_mid+1=242699.3750  sbar_bright_T4c_mid+1=259599.7344  sbar_bright_T4d_mid+1=257987.5312  sbar_bright_T5a_mid+1=130810.9531  sbar_bright_T5b_mid+1=139131.7812  sbar_bright_T5c_mid+1=139517.1406  sbar_bright_T5d_mid+1=122230.4922  sbar_bright_T4a_mid+2=87339.7109  sbar_bright_T4b_mid+2=119498.8984  sbar_bright_T4c_mid+2=91082.9062  sbar_bright_T4d_mid+2=90033.3438  sbar_bright_T5a_mid+2=170405.5469  sbar_bright_T5b_mid+2=163688.7188  sbar_bright_T5c_mid+2=169205.9219  sbar_bright_T5d_mid+2=169290.5625  sbar_bright_T4a_mid-1=1466916.5000  sbar_bright_T4b_mid-1=1135814.2500  sbar_bright_T4c_mid-1=1547479.1250  sbar_bright_T4d_mid-1=1726682.1250  sbar_bright_T5a_mid-1=491075.1875  sbar_bright_T5b_mid-1=513074.3125  sbar_bright_T5c_mid-1=525361.6250  sbar_bright_T5d_mid-1=495305.6250  sbar_bright_T4a_mid-2=294708.8125  sbar_bright_T4b_mid-2=291577.7812  sbar_bright_T4c_mid-2=293260.6250  sbar_bright_T4d_mid-2=291657.5625  sbar_bright_T5b_mid-2=81654.7578  sbar_bright_T5c_mid-2=83620.1328  sbar_bright_T5d_mid-2=80609.6562  sbar_bright_T5a_mid-2=81906.8047  sbar_bright_T4a_mid-1.5=167102.9844  sbar_bright_T4b_mid-1.5=163086.0938  sbar_bright_T4c_mid-1.5=153139.7500  sbar_bright_T4d_mid-1.5=214404.6562  sbar_bright_T5a_mid-1.5=114591.3906  sbar_bright_T5b_mid-1.5=113031.0859  sbar_bright_T5c_mid-1.5=105396.0938  sbar_bright_T5d_mid-1.5=100565.7734  sbar_bright_T4a_mid-0.5=795221.5625  sbar_bright_T4b_mid-0.5=813496.0000  sbar_bright_T4c_mid-0.5=1068101.1250  sbar_bright_T4d_mid-0.5=1038714.3125  sbar_bright_T5a_mid-0.5=182157.8125  sbar_bright_T5b_mid-0.5=173685.2500  sbar_bright_T5c_mid-0.5=183355.4375  sbar_bright_T5d_mid-0.5=179514.3906  sbar_bright_T4a_mid+0.5=135294.5938  sbar_bright_T4b_mid+0.5=68117.5156  sbar_bright_T4c_mid+0.5=90007.9531  sbar_bright_T4d_mid+0.5=86507.5078  sbar_bright_T5a_mid+0.5=66498.8594  sbar_bright_T5b_mid+0.5=65367.4297  sbar_bright_T5c_mid+0.5=50740.1953  sbar_bright_T5d_mid+0.5=56397.1641  sbar_bright_T4b_mid+1.5=77120.5312  sbar_bright_T4c_mid+1.5=103679.6797  sbar_bright_T4d_mid+1.5=64899.5234  sbar_bright_T5a_mid+1.5=43749.5078  sbar_bright_T5b_mid+1.5=47177.6797  sbar_bright_T5c_mid+1.5=40547.3789  sbar_bright_T5d_mid+1.5=36545.5312  sbar_bright_T4a_mid+1.5=75130.2344  sbar_dark_T4a_mid+0=73299.6484  sbar_dark_T4b_mid+0=60260.1602  sbar_dark_T4c_mid+0=77298.0781  sbar_dark_T4d_mid+0=55794.9688  sbar_dark_T5a_mid+0=297622.8438  sbar_dark_T5b_mid+0=235534.2500  sbar_dark_T5c_mid+0=263384.0312  sbar_dark_T5d_mid+0=289828.3125  sbar_dark_T4a_mid+1=30824.0117  sbar_dark_T4b_mid+1=29910.7637  sbar_dark_T4c_mid+1=47236.1680  sbar_dark_T4d_mid+1=37961.3594  sbar_dark_T5a_mid+1=268683.3125  sbar_dark_T5b_mid+1=212349.4688  sbar_dark_T5c_mid+1=235325.1719  sbar_dark_T5d_mid+1=168334.2812  sbar_dark_T4a_mid+2=56189.9141  sbar_dark_T4b_mid+2=47392.7266  sbar_dark_T4c_mid+2=79678.1562  sbar_dark_T4d_mid+2=53346.1328  sbar_dark_T5a_mid+2=201566.0000  sbar_dark_T5b_mid+2=217437.5781  sbar_dark_T5c_mid+2=201284.8594  sbar_dark_T5d_mid+2=207691.1562  sbar_dark_T4a_mid-1=300680.3438  sbar_dark_T4b_mid-1=173687.5156  sbar_dark_T4c_mid-1=190609.2969  sbar_dark_T4d_mid-1=199604.0156  sbar_dark_T5a_mid-1=1290309.8750  sbar_dark_T5b_mid-1=1028809.4375  sbar_dark_T5c_mid-1=1168502.1250  sbar_dark_T5d_mid-1=1321262.8750  sbar_dark_T4a_mid-2=133158.0000  sbar_dark_T4b_mid-2=113954.0625  sbar_dark_T4c_mid-2=141467.8750  sbar_dark_T4d_mid-2=138868.7031  sbar_dark_T5b_mid-2=660496.0625  sbar_dark_T5c_mid-2=601503.3125  sbar_dark_T5d_mid-2=688692.2500  sbar_dark_T5a_mid-2=648876.0000  sbar_dark_T4a_mid-1.5=35990.8906  sbar_dark_T4b_mid-1.5=43206.5781  sbar_dark_T4c_mid-1.5=52859.6328  sbar_dark_T4d_mid-1.5=29459.8906  sbar_dark_T5a_mid-1.5=228077.4531  sbar_dark_T5b_mid-1.5=256602.6719  sbar_dark_T5c_mid-1.5=211542.9844  sbar_dark_T5d_mid-1.5=213074.0938  sbar_dark_T4a_mid-0.5=28961.0254  sbar_dark_T4b_mid-0.5=66404.1406  sbar_dark_T4c_mid-0.5=60804.5781  sbar_dark_T4d_mid-0.5=53565.2422  sbar_dark_T5a_mid-0.5=456130.2812  sbar_dark_T5b_mid-0.5=591198.6250  sbar_dark_T5c_mid-0.5=434510.3750  sbar_dark_T5d_mid-0.5=526137.0625  sbar_dark_T4a_mid+0.5=15209.0117  sbar_dark_T4b_mid+0.5=8776.7168  sbar_dark_T4c_mid+0.5=22804.6445  sbar_dark_T4d_mid+0.5=24078.9180  sbar_dark_T5a_mid+0.5=74423.2734  sbar_dark_T5b_mid+0.5=69219.8047  sbar_dark_T5c_mid+0.5=56072.1641  sbar_dark_T5d_mid+0.5=71303.8594  sbar_dark_T4b_mid+1.5=11558.0781  sbar_dark_T4c_mid+1.5=21848.0488  sbar_dark_T4d_mid+1.5=12529.0449  sbar_dark_T5a_mid+1.5=54332.3789  sbar_dark_T5b_mid+1.5=60599.2617  sbar_dark_T5c_mid+1.5=57326.2461  sbar_dark_T5d_mid+1.5=52724.1914  sbar_dark_T4a_mid+1.5=16161.8496]: 

Initl cost = 1064980.2500  [spread_bright_L5=9356058.0000  spread_bright_Mi1=8619226.0000  spread_bright_Tm3=8590343.0000  spread_bright_Mi4=8556814.0000  spread_dark_L1=6168524.0000  spread_dark_L2=5890536.0000  spread_dark_L3=6342611.0000  spread_dark_L4=8630850.0000  spread_dark_Mi9=7388719.0000  spread_dark_Tm1=7922305.0000  spread_dark_Tm2=7579889.5000  spread_dark_Tm4=8006095.5000  spread_dark_Tm9=7647116.0000  sbar_bright_T4a_mid+0=1594435.3750  sbar_bright_T4b_mid+0=1617766.2500  sbar_bright_T4c_mid+0=1558621.8750  sbar_bright_T4d_mid+0=1567722.7500  sbar_bright_T5a_mid+0=212879.5938  sbar_bright_T5b_mid+0=215652.3750  sbar_bright_T5c_mid+0=220448.7188  sbar_bright_T5d_mid+0=227872.3438  sbar_bright_T4a_mid+1=361825.8438  sbar_bright_T4b_mid+1=382365.0625  sbar_bright_T4c_mid+1=373822.6875  sbar_bright_T4d_mid+1=373861.3750  sbar_bright_T5a_mid+1=182777.2656  sbar_bright_T5b_mid+1=204613.8125  sbar_bright_T5c_mid+1=192258.5156  sbar_bright_T5d_mid+1=193362.1875  sbar_bright_T4a_mid+2=126958.0781  sbar_bright_T4b_mid+2=128379.9531  sbar_bright_T4c_mid+2=119435.4766  sbar_bright_T4d_mid+2=131496.9531  sbar_bright_T5a_mid+2=350735.8750  sbar_bright_T5b_mid+2=303815.8438  sbar_bright_T5c_mid+2=339723.1562  sbar_bright_T5d_mid+2=338962.9688  sbar_bright_T4a_mid-1=2856161.7500  sbar_bright_T4b_mid-1=2670795.2500  sbar_bright_T4c_mid-1=2812131.0000  sbar_bright_T4d_mid-1=2793487.7500  sbar_bright_T5a_mid-1=458300.0938  sbar_bright_T5b_mid-1=454364.7188  sbar_bright_T5c_mid-1=467079.0000  sbar_bright_T5d_mid-1=461155.7188  sbar_bright_T4a_mid-2=661728.8750  sbar_bright_T4b_mid-2=674058.1875  sbar_bright_T4c_mid-2=656390.3125  sbar_bright_T4d_mid-2=672473.9375  sbar_bright_T5b_mid-2=175438.0469  sbar_bright_T5c_mid-2=153694.7344  sbar_bright_T5d_mid-2=176289.5000  sbar_bright_T5a_mid-2=162806.0625  sbar_bright_T4a_mid-1.5=288235.6562  sbar_bright_T4b_mid-1.5=292854.1875  sbar_bright_T4c_mid-1.5=279197.5000  sbar_bright_T4d_mid-1.5=310809.0938  sbar_bright_T5a_mid-1.5=145172.0312  sbar_bright_T5b_mid-1.5=145286.6250  sbar_bright_T5c_mid-1.5=138706.1094  sbar_bright_T5d_mid-1.5=136776.9062  sbar_bright_T4a_mid-0.5=1552579.2500  sbar_bright_T4b_mid-0.5=1579980.7500  sbar_bright_T4c_mid-0.5=1570788.1250  sbar_bright_T4d_mid-0.5=1583748.6250  sbar_bright_T5a_mid-0.5=175883.2500  sbar_bright_T5b_mid-0.5=177883.5938  sbar_bright_T5c_mid-0.5=180381.9531  sbar_bright_T5d_mid-0.5=170726.6875  sbar_bright_T4a_mid+0.5=348248.4375  sbar_bright_T4b_mid+0.5=323575.9062  sbar_bright_T4c_mid+0.5=352266.5000  sbar_bright_T4d_mid+0.5=338956.6875  sbar_bright_T5a_mid+0.5=74812.4219  sbar_bright_T5b_mid+0.5=76849.0156  sbar_bright_T5c_mid+0.5=74750.5547  sbar_bright_T5d_mid+0.5=71973.5703  sbar_bright_T4b_mid+1.5=35682.4531  sbar_bright_T4c_mid+1.5=35916.4609  sbar_bright_T4d_mid+1.5=35162.3828  sbar_bright_T5a_mid+1.5=70237.6641  sbar_bright_T5b_mid+1.5=72008.4375  sbar_bright_T5c_mid+1.5=70417.4453  sbar_bright_T5d_mid+1.5=58096.6602  sbar_bright_T4a_mid+1.5=33239.7031  sbar_dark_T4a_mid+0=41861.3008  sbar_dark_T4b_mid+0=40818.7695  sbar_dark_T4c_mid+0=41135.0273  sbar_dark_T4d_mid+0=41130.3477  sbar_dark_T5a_mid+0=752652.7500  sbar_dark_T5b_mid+0=766064.5000  sbar_dark_T5c_mid+0=780239.5000  sbar_dark_T5d_mid+0=824032.8125  sbar_dark_T4a_mid+1=41227.0664  sbar_dark_T4b_mid+1=39649.6289  sbar_dark_T4c_mid+1=37055.9141  sbar_dark_T4d_mid+1=36722.1602  sbar_dark_T5a_mid+1=323052.9375  sbar_dark_T5b_mid+1=359797.7188  sbar_dark_T5c_mid+1=334446.7188  sbar_dark_T5d_mid+1=344963.8750  sbar_dark_T4a_mid+2=38643.9883  sbar_dark_T4b_mid+2=38399.6992  sbar_dark_T4c_mid+2=33313.6523  sbar_dark_T4d_mid+2=40622.7383  sbar_dark_T5a_mid+2=431484.0312  sbar_dark_T5b_mid+2=375039.9375  sbar_dark_T5c_mid+2=417655.8125  sbar_dark_T5d_mid+2=418294.8438  sbar_dark_T4a_mid-1=94474.0000  sbar_dark_T4b_mid-1=104574.6875  sbar_dark_T4c_mid-1=100315.8047  sbar_dark_T4d_mid-1=102224.1875  sbar_dark_T5a_mid-1=2368003.7500  sbar_dark_T5b_mid-1=2317830.5000  sbar_dark_T5c_mid-1=2348200.2500  sbar_dark_T5d_mid-1=2400924.0000  sbar_dark_T4a_mid-2=21642.4688  sbar_dark_T4b_mid-2=17516.9648  sbar_dark_T4c_mid-2=22261.5547  sbar_dark_T4d_mid-2=15530.7705  sbar_dark_T5b_mid-2=1282976.1250  sbar_dark_T5c_mid-2=1213930.5000  sbar_dark_T5d_mid-2=1291037.2500  sbar_dark_T5a_mid-2=1212006.2500  sbar_dark_T4a_mid-1.5=11413.6924  sbar_dark_T4b_mid-1.5=9245.1455  sbar_dark_T4c_mid-1.5=11513.8760  sbar_dark_T4d_mid-1.5=7010.3447  sbar_dark_T5a_mid-1.5=384857.4375  sbar_dark_T5b_mid-1.5=394871.6250  sbar_dark_T5c_mid-1.5=367183.9688  sbar_dark_T5d_mid-1.5=369922.0312  sbar_dark_T4a_mid-0.5=34743.8438  sbar_dark_T4b_mid-0.5=33555.3867  sbar_dark_T4c_mid-0.5=33269.0430  sbar_dark_T4d_mid-0.5=31753.5156  sbar_dark_T5a_mid-0.5=916817.6250  sbar_dark_T5b_mid-0.5=948478.3125  sbar_dark_T5c_mid-0.5=954899.8125  sbar_dark_T5d_mid-0.5=877782.0000  sbar_dark_T4a_mid+0.5=11300.9492  sbar_dark_T4b_mid+0.5=7474.3643  sbar_dark_T4c_mid+0.5=12521.7998  sbar_dark_T4d_mid+0.5=8909.5127  sbar_dark_T5a_mid+0.5=209230.6719  sbar_dark_T5b_mid+0.5=218930.4062  sbar_dark_T5c_mid+0.5=208621.0938  sbar_dark_T5d_mid+0.5=198119.1250  sbar_dark_T4b_mid+1.5=17084.8281  sbar_dark_T4c_mid+1.5=14464.0459  sbar_dark_T4d_mid+1.5=15772.2549  sbar_dark_T5a_mid+1.5=61214.4922  sbar_dark_T5b_mid+1.5=62825.2773  sbar_dark_T5c_mid+1.5=62413.2188  sbar_dark_T5d_mid+1.5=51387.9609  sbar_dark_T4a_mid+1.5=16098.7139]
Final cost = 325998.9062  [spread_bright_L5=1361677.1250  spread_bright_Mi1=924466.8125  spread_bright_Tm3=890755.5625  spread_bright_Mi4=1095249.1250  spread_dark_L1=876214.5000  spread_dark_L2=990663.9375  spread_dark_L3=1019990.2500  spread_dark_L4=2210467.2500  spread_dark_Mi9=569438.1875  spread_dark_Tm1=969219.6250  spread_dark_Tm2=1019261.2500  spread_dark_Tm4=1300142.6250  spread_dark_Tm9=1106411.6250  sbar_bright_T4a_mid+0=342678.2500  sbar_bright_T4b_mid+0=254736.4062  sbar_bright_T4c_mid+0=306417.5938  sbar_bright_T4d_mid+0=303179.2812  sbar_bright_T5a_mid+0=177805.0938  sbar_bright_T5b_mid+0=222263.7656  sbar_bright_T5c_mid+0=228168.3594  sbar_bright_T5d_mid+0=181340.8906  sbar_bright_T4a_mid+1=238489.5938  sbar_bright_T4b_mid+1=242699.3281  sbar_bright_T4c_mid+1=259599.6719  sbar_bright_T4d_mid+1=257987.5000  sbar_bright_T5a_mid+1=130810.9453  sbar_bright_T5b_mid+1=139131.7969  sbar_bright_T5c_mid+1=139517.1250  sbar_bright_T5d_mid+1=122230.5000  sbar_bright_T4a_mid+2=87339.7109  sbar_bright_T4b_mid+2=119498.9141  sbar_bright_T4c_mid+2=91082.8984  sbar_bright_T4d_mid+2=90033.3281  sbar_bright_T5a_mid+2=170405.5156  sbar_bright_T5b_mid+2=163688.7031  sbar_bright_T5c_mid+2=169205.9219  sbar_bright_T5d_mid+2=169290.5312  sbar_bright_T4a_mid-1=1466916.2500  sbar_bright_T4b_mid-1=1135814.2500  sbar_bright_T4c_mid-1=1547479.1250  sbar_bright_T4d_mid-1=1726682.0000  sbar_bright_T5a_mid-1=491075.1875  sbar_bright_T5b_mid-1=513074.2500  sbar_bright_T5c_mid-1=525361.5625  sbar_bright_T5d_mid-1=495305.6562  sbar_bright_T4a_mid-2=294708.7812  sbar_bright_T4b_mid-2=291577.8125  sbar_bright_T4c_mid-2=293260.5625  sbar_bright_T4d_mid-2=291657.5312  sbar_bright_T5b_mid-2=81654.7656  sbar_bright_T5c_mid-2=83620.1328  sbar_bright_T5d_mid-2=80609.6562  sbar_bright_T5a_mid-2=81906.8125  sbar_bright_T4a_mid-1.5=167102.9844  sbar_bright_T4b_mid-1.5=163086.0938  sbar_bright_T4c_mid-1.5=153139.7656  sbar_bright_T4d_mid-1.5=214404.6875  sbar_bright_T5a_mid-1.5=114591.3906  sbar_bright_T5b_mid-1.5=113031.0859  sbar_bright_T5c_mid-1.5=105396.0938  sbar_bright_T5d_mid-1.5=100565.7578  sbar_bright_T4a_mid-0.5=795221.5625  sbar_bright_T4b_mid-0.5=813495.9375  sbar_bright_T4c_mid-0.5=1068101.0000  sbar_bright_T4d_mid-0.5=1038714.2500  sbar_bright_T5a_mid-0.5=182157.8438  sbar_bright_T5b_mid-0.5=173685.2500  sbar_bright_T5c_mid-0.5=183355.4062  sbar_bright_T5d_mid-0.5=179514.4062  sbar_bright_T4a_mid+0.5=135294.5938  sbar_bright_T4b_mid+0.5=68117.5078  sbar_bright_T4c_mid+0.5=90007.9531  sbar_bright_T4d_mid+0.5=86507.5000  sbar_bright_T5a_mid+0.5=66498.8516  sbar_bright_T5b_mid+0.5=65367.4414  sbar_bright_T5c_mid+0.5=50740.1914  sbar_bright_T5d_mid+0.5=56397.1719  sbar_bright_T4b_mid+1.5=77120.5234  sbar_bright_T4c_mid+1.5=103679.6875  sbar_bright_T4d_mid+1.5=64899.5312  sbar_bright_T5a_mid+1.5=43749.5078  sbar_bright_T5b_mid+1.5=47177.6758  sbar_bright_T5c_mid+1.5=40547.3867  sbar_bright_T5d_mid+1.5=36545.5352  sbar_bright_T4a_mid+1.5=75130.2344  sbar_dark_T4a_mid+0=73299.6562  sbar_dark_T4b_mid+0=60260.1719  sbar_dark_T4c_mid+0=77298.0703  sbar_dark_T4d_mid+0=55794.9609  sbar_dark_T5a_mid+0=297622.7188  sbar_dark_T5b_mid+0=235534.1250  sbar_dark_T5c_mid+0=263383.9375  sbar_dark_T5d_mid+0=289828.2500  sbar_dark_T4a_mid+1=30823.9844  sbar_dark_T4b_mid+1=29910.7637  sbar_dark_T4c_mid+1=47236.1602  sbar_dark_T4d_mid+1=37961.3516  sbar_dark_T5a_mid+1=268683.3125  sbar_dark_T5b_mid+1=212349.4688  sbar_dark_T5c_mid+1=235325.2031  sbar_dark_T5d_mid+1=168334.2656  sbar_dark_T4a_mid+2=56189.9062  sbar_dark_T4b_mid+2=47392.6836  sbar_dark_T4c_mid+2=79678.0391  sbar_dark_T4d_mid+2=53346.1602  sbar_dark_T5a_mid+2=201566.0156  sbar_dark_T5b_mid+2=217437.5781  sbar_dark_T5c_mid+2=201284.8750  sbar_dark_T5d_mid+2=207691.1094  sbar_dark_T4a_mid-1=300680.3125  sbar_dark_T4b_mid-1=173687.5312  sbar_dark_T4c_mid-1=190609.3281  sbar_dark_T4d_mid-1=199604.0156  sbar_dark_T5a_mid-1=1290310.0000  sbar_dark_T5b_mid-1=1028809.4375  sbar_dark_T5c_mid-1=1168502.1250  sbar_dark_T5d_mid-1=1321262.7500  sbar_dark_T4a_mid-2=133157.9531  sbar_dark_T4b_mid-2=113954.0781  sbar_dark_T4c_mid-2=141467.8594  sbar_dark_T4d_mid-2=138868.7500  sbar_dark_T5b_mid-2=660496.0000  sbar_dark_T5c_mid-2=601503.3125  sbar_dark_T5d_mid-2=688692.3750  sbar_dark_T5a_mid-2=648875.9375  sbar_dark_T4a_mid-1.5=35990.8672  sbar_dark_T4b_mid-1.5=43206.5625  sbar_dark_T4c_mid-1.5=52859.6250  sbar_dark_T4d_mid-1.5=29459.8828  sbar_dark_T5a_mid-1.5=228077.5156  sbar_dark_T5b_mid-1.5=256602.7188  sbar_dark_T5c_mid-1.5=211543.0312  sbar_dark_T5d_mid-1.5=213074.1562  sbar_dark_T4a_mid-0.5=28961.0293  sbar_dark_T4b_mid-0.5=66404.1250  sbar_dark_T4c_mid-0.5=60804.5859  sbar_dark_T4d_mid-0.5=53565.2305  sbar_dark_T5a_mid-0.5=456130.3125  sbar_dark_T5b_mid-0.5=591198.6875  sbar_dark_T5c_mid-0.5=434510.4062  sbar_dark_T5d_mid-0.5=526137.0625  sbar_dark_T4a_mid+0.5=15209.0146  sbar_dark_T4b_mid+0.5=8776.7129  sbar_dark_T4c_mid+0.5=22804.6465  sbar_dark_T4d_mid+0.5=24078.9199  sbar_dark_T5a_mid+0.5=74423.2734  sbar_dark_T5b_mid+0.5=69219.7969  sbar_dark_T5c_mid+0.5=56072.1641  sbar_dark_T5d_mid+0.5=71303.8594  sbar_dark_T4b_mid+1.5=11558.0801  sbar_dark_T4c_mid+1.5=21848.0488  sbar_dark_T4d_mid+1.5=12529.0449  sbar_dark_T5a_mid+1.5=54332.3867  sbar_dark_T5b_mid+1.5=60599.2656  sbar_dark_T5c_mid+1.5=57326.2422  sbar_dark_T5d_mid+1.5=52724.1914  sbar_dark_T4a_mid+1.5=16161.8506]
Best  cost = 325998.8750  [spread_bright_L5=1361677.1250  spread_bright_Mi1=924466.8125  spread_bright_Tm3=890755.4375  spread_bright_Mi4=1095249.2500  spread_dark_L1=876214.5000  spread_dark_L2=990663.8750  spread_dark_L3=1019990.0000  spread_dark_L4=2210467.7500  spread_dark_Mi9=569438.9375  spread_dark_Tm1=969219.2500  spread_dark_Tm2=1019261.1250  spread_dark_Tm4=1300142.7500  spread_dark_Tm9=1106412.2500  sbar_bright_T4a_mid+0=342678.2500  sbar_bright_T4b_mid+0=254736.4219  sbar_bright_T4c_mid+0=306417.6250  sbar_bright_T4d_mid+0=303179.3125  sbar_bright_T5a_mid+0=177805.1094  sbar_bright_T5b_mid+0=222263.7344  sbar_bright_T5c_mid+0=228168.3438  sbar_bright_T5d_mid+0=181340.8906  sbar_bright_T4a_mid+1=238489.6094  sbar_bright_T4b_mid+1=242699.3750  sbar_bright_T4c_mid+1=259599.6875  sbar_bright_T4d_mid+1=257987.5000  sbar_bright_T5a_mid+1=130810.9766  sbar_bright_T5b_mid+1=139131.8281  sbar_bright_T5c_mid+1=139517.1406  sbar_bright_T5d_mid+1=122230.5000  sbar_bright_T4a_mid+2=87339.7109  sbar_bright_T4b_mid+2=119498.8906  sbar_bright_T4c_mid+2=91082.8984  sbar_bright_T4d_mid+2=90033.3203  sbar_bright_T5a_mid+2=170405.5000  sbar_bright_T5b_mid+2=163688.6875  sbar_bright_T5c_mid+2=169205.9219  sbar_bright_T5d_mid+2=169290.5312  sbar_bright_T4a_mid-1=1466916.2500  sbar_bright_T4b_mid-1=1135814.2500  sbar_bright_T4c_mid-1=1547479.1250  sbar_bright_T4d_mid-1=1726682.1250  sbar_bright_T5a_mid-1=491075.1875  sbar_bright_T5b_mid-1=513074.3438  sbar_bright_T5c_mid-1=525361.6250  sbar_bright_T5d_mid-1=495305.6562  sbar_bright_T4a_mid-2=294708.7812  sbar_bright_T4b_mid-2=291577.7812  sbar_bright_T4c_mid-2=293260.5938  sbar_bright_T4d_mid-2=291657.5312  sbar_bright_T5b_mid-2=81654.7578  sbar_bright_T5c_mid-2=83620.0938  sbar_bright_T5d_mid-2=80609.6484  sbar_bright_T5a_mid-2=81906.7969  sbar_bright_T4a_mid-1.5=167102.9844  sbar_bright_T4b_mid-1.5=163086.0938  sbar_bright_T4c_mid-1.5=153139.7344  sbar_bright_T4d_mid-1.5=214404.6875  sbar_bright_T5a_mid-1.5=114591.3984  sbar_bright_T5b_mid-1.5=113031.0938  sbar_bright_T5c_mid-1.5=105396.0859  sbar_bright_T5d_mid-1.5=100565.7422  sbar_bright_T4a_mid-0.5=795221.5625  sbar_bright_T4b_mid-0.5=813495.8750  sbar_bright_T4c_mid-0.5=1068101.0000  sbar_bright_T4d_mid-0.5=1038714.3125  sbar_bright_T5a_mid-0.5=182157.8125  sbar_bright_T5b_mid-0.5=173685.2500  sbar_bright_T5c_mid-0.5=183355.4219  sbar_bright_T5d_mid-0.5=179514.3906  sbar_bright_T4a_mid+0.5=135294.5938  sbar_bright_T4b_mid+0.5=68117.5078  sbar_bright_T4c_mid+0.5=90007.9453  sbar_bright_T4d_mid+0.5=86507.4766  sbar_bright_T5a_mid+0.5=66498.8672  sbar_bright_T5b_mid+0.5=65367.4375  sbar_bright_T5c_mid+0.5=50740.1992  sbar_bright_T5d_mid+0.5=56397.1719  sbar_bright_T4b_mid+1.5=77120.5391  sbar_bright_T4c_mid+1.5=103679.6562  sbar_bright_T4d_mid+1.5=64899.5078  sbar_bright_T5a_mid+1.5=43749.5039  sbar_bright_T5b_mid+1.5=47177.6758  sbar_bright_T5c_mid+1.5=40547.3867  sbar_bright_T5d_mid+1.5=36545.5312  sbar_bright_T4a_mid+1.5=75130.2344  sbar_dark_T4a_mid+0=73299.6328  sbar_dark_T4b_mid+0=60260.1641  sbar_dark_T4c_mid+0=77298.0703  sbar_dark_T4d_mid+0=55794.9727  sbar_dark_T5a_mid+0=297622.7188  sbar_dark_T5b_mid+0=235534.1094  sbar_dark_T5c_mid+0=263383.9375  sbar_dark_T5d_mid+0=289828.2188  sbar_dark_T4a_mid+1=30823.9941  sbar_dark_T4b_mid+1=29910.7598  sbar_dark_T4c_mid+1=47236.1602  sbar_dark_T4d_mid+1=37961.3398  sbar_dark_T5a_mid+1=268683.3125  sbar_dark_T5b_mid+1=212349.4844  sbar_dark_T5c_mid+1=235325.1875  sbar_dark_T5d_mid+1=168334.3125  sbar_dark_T4a_mid+2=56189.9180  sbar_dark_T4b_mid+2=47392.6953  sbar_dark_T4c_mid+2=79677.9531  sbar_dark_T4d_mid+2=53346.1523  sbar_dark_T5a_mid+2=201566.0000  sbar_dark_T5b_mid+2=217437.5625  sbar_dark_T5c_mid+2=201284.8594  sbar_dark_T5d_mid+2=207691.0938  sbar_dark_T4a_mid-1=300680.3125  sbar_dark_T4b_mid-1=173687.5156  sbar_dark_T4c_mid-1=190609.2812  sbar_dark_T4d_mid-1=199604.0312  sbar_dark_T5a_mid-1=1290309.8750  sbar_dark_T5b_mid-1=1028809.3125  sbar_dark_T5c_mid-1=1168502.1250  sbar_dark_T5d_mid-1=1321262.6250  sbar_dark_T4a_mid-2=133157.9688  sbar_dark_T4b_mid-2=113954.0703  sbar_dark_T4c_mid-2=141467.8906  sbar_dark_T4d_mid-2=138868.7031  sbar_dark_T5b_mid-2=660496.0000  sbar_dark_T5c_mid-2=601503.2500  sbar_dark_T5d_mid-2=688692.3125  sbar_dark_T5a_mid-2=648875.9375  sbar_dark_T4a_mid-1.5=35990.8750  sbar_dark_T4b_mid-1.5=43206.5664  sbar_dark_T4c_mid-1.5=52859.6328  sbar_dark_T4d_mid-1.5=29459.8867  sbar_dark_T5a_mid-1.5=228077.4531  sbar_dark_T5b_mid-1.5=256602.7031  sbar_dark_T5c_mid-1.5=211542.9531  sbar_dark_T5d_mid-1.5=213074.0938  sbar_dark_T4a_mid-0.5=28961.0117  sbar_dark_T4b_mid-0.5=66404.1406  sbar_dark_T4c_mid-0.5=60804.5703  sbar_dark_T4d_mid-0.5=53565.2227  sbar_dark_T5a_mid-0.5=456130.3125  sbar_dark_T5b_mid-0.5=591198.6875  sbar_dark_T5c_mid-0.5=434510.3438  sbar_dark_T5d_mid-0.5=526137.0625  sbar_dark_T4a_mid+0.5=15209.0156  sbar_dark_T4b_mid+0.5=8776.7158  sbar_dark_T4c_mid+0.5=22804.6328  sbar_dark_T4d_mid+0.5=24078.9121  sbar_dark_T5a_mid+0.5=74423.2734  sbar_dark_T5b_mid+0.5=69219.8047  sbar_dark_T5c_mid+0.5=56072.1719  sbar_dark_T5d_mid+0.5=71303.8516  sbar_dark_T4b_mid+1.5=11558.0801  sbar_dark_T4c_mid+1.5=21848.0410  sbar_dark_T4d_mid+1.5=12529.0459  sbar_dark_T5a_mid+1.5=54332.3789  sbar_dark_T5b_mid+1.5=60599.2578  sbar_dark_T5c_mid+1.5=57326.2461  sbar_dark_T5d_mid+1.5=52724.1836  sbar_dark_T4a_mid+1.5=16161.8525]
time needed  = 783.40  sec

done in 0.22 hours
wrote /home/yitai/drosophila_vision/vision/simulation/0_runs/hp_lp/29586491-run-n_iter-1000-tasks-spread,sbar/data/best_adam.npz (best run #0)
wrote table: /home/yitai/drosophila_vision/vision/simulation/0_runs/hp_lp/29586491-run-n_iter-1000-tasks-spread,sbar/param.csv (best run #0, cost=325998.9062)
wrote table: /home/yitai/drosophila_vision/vision/simulation/0_runs/hp_lp/29586491-run-n_iter-1000-tasks-spread,sbar/syn_strength_cell.csv
/home/yitai/drosophila_vision/vision/simulation/5_figure/1_panel.py:834: UserWarning: This figure includes Axes that are not compatible with tight_layout, so results might be incorrect.
  fig.tight_layout()
plot /home/yitai/drosophila_vision/vision/simulation/0_runs/hp_lp/29586491-run-n_iter-1000-tasks-spread,sbar/cost.png: prep=0.0s  plot_s=0.5s  save=4.1s  elapsed_s=4.6s
plot device=cuda (NVIDIA A100 80GB PCIe MIG 1g.20gb)
1 trained set(s); costs min=325998.9062 max=325998.9062; selected #0 (from saved final costs)
plot /home/yitai/drosophila_vision/vision/simulation/0_runs/hp_lp/29586491-run-n_iter-1000-tasks-spread,sbar/spread_gt_v.png: prep=0.2s  plot_s=0.1s  save=0.6s  elapsed_s=1.0s
plot /home/yitai/drosophila_vision/vision/simulation/0_runs/hp_lp/29586491-run-n_iter-1000-tasks-spread,sbar/spread_all_v.png: prep=0.0s  plot_s=0.9s  save=2.5s  elapsed_s=3.4s
plot /home/yitai/drosophila_vision/vision/simulation/0_runs/hp_lp/29586491-run-n_iter-1000-tasks-spread,sbar/sbar_gt_v.png: prep=0.4s  plot_s=89.6s  save=26.1s  elapsed_s=116.0s
