type,root_id,n_pre,n_pre_with_column,votes,majority_column_id,mean_u,max_u,min_u,mean_v,max_v,min_v,mean_x,max_x,min_x,mean_y,max_y,min_y
R1-6,720575940611082564,1,1,1,1,-12.0,-12,-12,11.0,11,11,11.0,11.0,11.0,-6.5,-6.5,-6.5
R1-6,720575940629731856,1,1,1,3,12.0,12,12,-12.0,-12,-12,-12.0,-12.0,-12.0,6.0,6.0,6.0
R1-6,720575940640391075,2,2,2,4,6.0,6,6,9.0,9,9,9.0,9.0,9.0,10.5,10.5,10.5
R1-6,720575940626097241,1,1,1,6,0.0,0,0,4.0,4,4,4.0,4.0,4.0,2.0,2.0,2.0
R1-6,720575940610871876,2,2,2,11,14.0,14,14,-14.0,-14,-14,-14.0,-14.0,-14.0,7.0,7.0,7.0
R1-6,720575940611748984,1,1,1,13,12.0,12,12,2.0,2,2,2.0,2.0,2.0,13.0,13.0,13.0
R1-6,720575940619745438,1,1,1,15,4.0,4,4,-5.0,-5,-5,-5.0,-5.0,-5.0,1.5,1.5,1.5
R1-6,720575940627275537,2,1,1,15,4.0,4,4,-5.0,-5,-5,-5.0,-5.0,-5.0,1.5,1.5,1.5
R1-6,720575940635628479,1,1,1,15,4.0,4,4,-5.0,-5,-5,-5.0,-5.0,-5.0,1.5,1.5,1.5
R1-6,720575940628043834,1,1,1,16,6.0,6,6,4.0,4,4,4.0,4.0,4.0,8.0,8.0,8.0
R1-6,720575940619257152,1,1,1,18,13.0,13,13,-10.0,-10,-10,-10.0,-10.0,-10.0,8.0,8.0,8.0
R1-6,720575940632074255,4,1,1,20,9.0,9,9,-7.0,-7,-7,-7.0,-7.0,-7.0,5.5,5.5,5.5
R1-6,720575940636826743,1,1,1,23,5.0,5,5,6.0,6,6,6.0,6.0,6.0,8.0,8.0,8.0
R1-6,720575940618063065,1,1,1,24,4.0,4,4,2.0,2,2,2.0,2.0,2.0,5.0,5.0,5.0
R1-6,720575940630704896,1,1,1,26,3.0,3,3,-3.0,-3,-3,-3.0,-3.0,-3.0,1.5,1.5,1.5
R1-6,720575940610887886,1,1,1,28,2.0,2,2,-10.0,-10,-10,-10.0,-10.0,-10.0,-3.0,-3.0,-3.0
R1-6,720575940618266001,1,1,1,28,2.0,2,2,-10.0,-10,-10,-10.0,-10.0,-10.0,-3.0,-3.0,-3.0
R1-6,720575940609853653,1,1,1,29,1.0,1,1,1.0,1,1,1.0,1.0,1.0,1.5,1.5,1.5
R1-6,720575940617885243,2,2,2,30,-2.0,-2,-2,-12.0,-12,-12,-12.0,-12.0,-12.0,-8.0,-8.0,-8.0
R1-6,720575940624167827,3,3,"2, 1",30,-1.667,-1,-2,-12.333,-12,-13,-12.333,-12.0,-13.0,-7.833,-7.5,-8.0
R1-6,720575940614627759,1,1,1,33,-6.0,-6,-6,-6.0,-6,-6,-6.0,-6.0,-6.0,-9.0,-9.0,-9.0
R1-6,720575940620768647,1,1,1,33,-6.0,-6,-6,-6.0,-6,-6,-6.0,-6.0,-6.0,-9.0,-9.0,-9.0
R1-6,720575940622636894,1,1,1,33,-6.0,-6,-6,-6.0,-6,-6,-6.0,-6.0,-6.0,-9.0,-9.0,-9.0
R1-6,720575940623885448,3,2,2,34,-3.0,-3,-3,-12.0,-12,-12,-12.0,-12.0,-12.0,-9.0,-9.0,-9.0
R1-6,720575940645551383,2,2,2,34,-3.0,-3,-3,-12.0,-12,-12,-12.0,-12.0,-12.0,-9.0,-9.0,-9.0
R1-6,720575940625877762,2,1,1,36,2.0,2,2,-12.0,-12,-12,-12.0,-12.0,-12.0,-4.0,-4.0,-4.0
R1-6,720575940627447897,2,1,1,36,2.0,2,2,-12.0,-12,-12,-12.0,-12.0,-12.0,-4.0,-4.0,-4.0
R1-6,720575940620326872,1,1,1,38,1.0,1,1,0.0,0,0,0.0,0.0,0.0,1.0,1.0,1.0
R1-6,720575940639755317,1,1,1,40,1.0,1,1,4.0,4,4,4.0,4.0,4.0,3.0,3.0,3.0
R1-6,720575940616605490,1,1,1,42,-8.0,-8,-8,2.0,2,2,2.0,2.0,2.0,-7.0,-7.0,-7.0
R1-6,720575940622891945,2,1,1,44,10.0,10,10,-10.0,-10,-10,-10.0,-10.0,-10.0,5.0,5.0,5.0
R1-6,720575940630976476,1,1,1,46,-12.0,-12,-12,9.0,9,9,9.0,9.0,9.0,-7.5,-7.5,-7.5
R1-6,720575940622038132,1,1,1,48,7.0,7,7,8.0,8,8,8.0,8.0,8.0,11.0,11.0,11.0
R1-6,720575940620626891,1,1,1,49,6.0,6,6,-8.0,-8,-8,-8.0,-8.0,-8.0,2.0,2.0,2.0
R1-6,720575940624102185,1,1,1,49,6.0,6,6,-8.0,-8,-8,-8.0,-8.0,-8.0,2.0,2.0,2.0
R1-6,720575940639366470,1,1,1,49,6.0,6,6,-8.0,-8,-8,-8.0,-8.0,-8.0,2.0,2.0,2.0
R1-6,720575940615460364,1,1,1,53,-2.0,-2,-2,-10.0,-10,-10,-10.0,-10.0,-10.0,-7.0,-7.0,-7.0
R1-6,720575940626386224,1,1,1,53,-2.0,-2,-2,-10.0,-10,-10,-10.0,-10.0,-10.0,-7.0,-7.0,-7.0
R1-6,720575940625778983,1,1,1,55,2.0,2,2,7.0,7,7,7.0,7.0,7.0,5.5,5.5,5.5
R1-6,720575940631130583,1,1,1,55,2.0,2,2,7.0,7,7,7.0,7.0,7.0,5.5,5.5,5.5
R1-6,720575940615066152,1,1,1,57,12.0,12,12,-13.0,-13,-13,-13.0,-13.0,-13.0,5.5,5.5,5.5
R1-6,720575940617385814,1,1,1,57,12.0,12,12,-13.0,-13,-13,-13.0,-13.0,-13.0,5.5,5.5,5.5
R1-6,720575940617551499,1,1,1,57,12.0,12,12,-13.0,-13,-13,-13.0,-13.0,-13.0,5.5,5.5,5.5
R1-6,720575940621062565,3,1,1,57,12.0,12,12,-13.0,-13,-13,-13.0,-13.0,-13.0,5.5,5.5,5.5
R1-6,720575940615580678,1,1,1,58,-3.0,-3,-3,-6.0,-6,-6,-6.0,-6.0,-6.0,-6.0,-6.0,-6.0
R1-6,720575940621748902,2,1,1,58,-3.0,-3,-3,-6.0,-6,-6,-6.0,-6.0,-6.0,-6.0,-6.0,-6.0
R1-6,720575940620954477,3,2,2,61,-2.0,-2,-2,8.0,8,8,8.0,8.0,8.0,2.0,2.0,2.0
R1-6,720575940622562654,4,1,1,61,-2.0,-2,-2,8.0,8,8,8.0,8.0,8.0,2.0,2.0,2.0
R1-6,720575940621237126,1,1,1,63,-2.0,-2,-2,-8.0,-8,-8,-8.0,-8.0,-8.0,-6.0,-6.0,-6.0
R1-6,720575940622712414,2,1,1,63,-2.0,-2,-2,-8.0,-8,-8,-8.0,-8.0,-8.0,-6.0,-6.0,-6.0
R1-6,720575940624711933,1,1,1,63,-2.0,-2,-2,-8.0,-8,-8,-8.0,-8.0,-8.0,-6.0,-6.0,-6.0
R1-6,720575940618008891,1,1,1,64,16.0,16,16,-9.0,-9,-9,-9.0,-9.0,-9.0,11.5,11.5,11.5
R1-6,720575940633637459,1,1,1,64,16.0,16,16,-9.0,-9,-9,-9.0,-9.0,-9.0,11.5,11.5,11.5
R1-6,720575940636247032,2,2,2,64,16.0,16,16,-9.0,-9,-9,-9.0,-9.0,-9.0,11.5,11.5,11.5
R1-6,720575940624807241,1,1,1,68,-5.0,-5,-5,-6.0,-6,-6,-6.0,-6.0,-6.0,-8.0,-8.0,-8.0
R1-6,720575940639886013,2,1,1,68,-5.0,-5,-5,-6.0,-6,-6,-6.0,-6.0,-6.0,-8.0,-8.0,-8.0
R1-6,720575940640520563,2,2,2,72,14.0,14,14,0.0,0,0,0.0,0.0,0.0,14.0,14.0,14.0
R1-6,720575940620864903,1,1,1,73,1.0,1,1,-4.0,-4,-4,-4.0,-4.0,-4.0,-1.0,-1.0,-1.0
R1-6,720575940633245983,1,1,1,73,1.0,1,1,-4.0,-4,-4,-4.0,-4.0,-4.0,-1.0,-1.0,-1.0
R1-6,720575940621015205,1,1,1,74,4.0,4,4,1.0,1,1,1.0,1.0,1.0,4.5,4.5,4.5
R1-6,720575940610110403,1,1,1,77,5.0,5,5,-5.0,-5,-5,-5.0,-5.0,-5.0,2.5,2.5,2.5
R1-6,720575940626039373,1,1,1,77,5.0,5,5,-5.0,-5,-5,-5.0,-5.0,-5.0,2.5,2.5,2.5
R1-6,720575940636704879,1,1,1,77,5.0,5,5,-5.0,-5,-5,-5.0,-5.0,-5.0,2.5,2.5,2.5
R1-6,720575940640310077,1,1,1,77,5.0,5,5,-5.0,-5,-5,-5.0,-5.0,-5.0,2.5,2.5,2.5
R1-6,720575940609385483,2,1,1,78,-8.0,-8,-8,-4.0,-4,-4,-4.0,-4.0,-4.0,-10.0,-10.0,-10.0
R1-6,720575940631547899,1,1,1,79,2.0,2,2,-5.0,-5,-5,-5.0,-5.0,-5.0,-0.5,-0.5,-0.5
R1-6,720575940616898098,1,1,1,80,-2.0,-2,-2,-9.0,-9,-9,-9.0,-9.0,-9.0,-6.5,-6.5,-6.5
R1-6,720575940632203538,1,1,1,80,-2.0,-2,-2,-9.0,-9,-9,-9.0,-9.0,-9.0,-6.5,-6.5,-6.5
R1-6,720575940621375983,3,2,2,81,7.0,7,7,-12.0,-12,-12,-12.0,-12.0,-12.0,1.0,1.0,1.0
R1-6,720575940621300102,1,1,1,85,15.0,15,15,-8.0,-8,-8,-8.0,-8.0,-8.0,11.0,11.0,11.0
R1-6,720575940622596735,1,1,1,85,15.0,15,15,-8.0,-8,-8,-8.0,-8.0,-8.0,11.0,11.0,11.0
R1-6,720575940623886216,1,1,1,85,15.0,15,15,-8.0,-8,-8,-8.0,-8.0,-8.0,11.0,11.0,11.0
R1-6,720575940621269382,1,1,1,88,5.0,5,5,-14.0,-14,-14,-14.0,-14.0,-14.0,-2.0,-2.0,-2.0
R1-6,720575940623289565,2,2,2,88,5.0,5,5,-14.0,-14,-14,-14.0,-14.0,-14.0,-2.0,-2.0,-2.0
R1-6,720575940614600755,1,1,1,90,-6.0,-6,-6,7.0,7,7,7.0,7.0,7.0,-2.5,-2.5,-2.5
R1-6,720575940615340294,2,2,2,94,-4.0,-4,-4,-10.0,-10,-10,-10.0,-10.0,-10.0,-9.0,-9.0,-9.0
R1-6,720575940619295646,1,1,1,94,-4.0,-4,-4,-10.0,-10,-10,-10.0,-10.0,-10.0,-9.0,-9.0,-9.0
R1-6,720575940621071552,1,1,1,94,-4.0,-4,-4,-10.0,-10,-10,-10.0,-10.0,-10.0,-9.0,-9.0,-9.0
R1-6,720575940631742927,3,2,2,94,-4.0,-4,-4,-10.0,-10,-10,-10.0,-10.0,-10.0,-9.0,-9.0,-9.0
R1-6,720575940630881280,1,1,1,95,15.0,15,15,-9.0,-9,-9,-9.0,-9.0,-9.0,10.5,10.5,10.5
R1-6,720575940611447160,1,1,1,96,6.0,6,6,-2.0,-2,-2,-2.0,-2.0,-2.0,5.0,5.0,5.0
R1-6,720575940621057957,1,1,1,98,5.0,5,5,2.0,2,2,2.0,2.0,2.0,6.0,6.0,6.0
R1-6,720575940609153372,1,1,1,99,-3.0,-3,-3,-9.0,-9,-9,-9.0,-9.0,-9.0,-7.5,-7.5,-7.5
R1-6,720575940626741946,1,1,1,100,7.0,7,7,-4.0,-4,-4,-4.0,-4.0,-4.0,5.0,5.0,5.0
R1-6,720575940632525891,2,1,1,100,7.0,7,7,-4.0,-4,-4,-4.0,-4.0,-4.0,5.0,5.0,5.0
R1-6,720575940640332605,1,1,1,103,3.0,3,3,-15.0,-15,-15,-15.0,-15.0,-15.0,-4.5,-4.5,-4.5
R1-6,720575940624161318,2,1,1,105,-8.0,-8,-8,-6.0,-6,-6,-6.0,-6.0,-6.0,-11.0,-11.0,-11.0
R1-6,720575940628536552,2,1,1,105,-8.0,-8,-8,-6.0,-6,-6,-6.0,-6.0,-6.0,-11.0,-11.0,-11.0
R1-6,720575940632665656,3,3,3,107,9.0,9,9,-16.0,-16,-16,-16.0,-16.0,-16.0,1.0,1.0,1.0
R1-6,720575940607529130,1,1,1,109,7.0,7,7,-9.0,-9,-9,-9.0,-9.0,-9.0,2.5,2.5,2.5
R1-6,720575940626750666,3,2,2,109,7.0,7,7,-9.0,-9,-9,-9.0,-9.0,-9.0,2.5,2.5,2.5
R1-6,720575940624710071,1,1,1,111,14.0,14,14,-4.0,-4,-4,-4.0,-4.0,-4.0,12.0,12.0,12.0
R1-6,720575940621441883,1,1,1,114,9.0,9,9,-5.0,-5,-5,-5.0,-5.0,-5.0,6.5,6.5,6.5
R1-6,720575940629584400,3,1,1,114,9.0,9,9,-5.0,-5,-5,-5.0,-5.0,-5.0,6.5,6.5,6.5
R1-6,720575940639403317,2,1,1,115,-5.0,-5,-5,8.0,8,8,8.0,8.0,8.0,-1.0,-1.0,-1.0
R1-6,720575940618817108,1,1,1,116,3.0,3,3,2.0,2,2,2.0,2.0,2.0,4.0,4.0,4.0
R1-6,720575940615454626,2,1,1,120,0.0,0,0,1.0,1,1,1.0,1.0,1.0,0.5,0.5,0.5
R1-6,720575940633278156,1,1,1,120,0.0,0,0,1.0,1,1,1.0,1.0,1.0,0.5,0.5,0.5
R1-6,720575940631280889,1,1,1,122,-9.0,-9,-9,9.0,9,9,9.0,9.0,9.0,-4.5,-4.5,-4.5
R1-6,720575940618576866,1,1,1,124,5.0,5,5,-3.0,-3,-3,-3.0,-3.0,-3.0,3.5,3.5,3.5
R1-6,720575940633819565,1,1,1,124,5.0,5,5,-3.0,-3,-3,-3.0,-3.0,-3.0,3.5,3.5,3.5
R1-6,720575940644366240,1,1,1,130,-4.0,-4,-4,-4.0,-4,-4,-4.0,-4.0,-4.0,-6.0,-6.0,-6.0
R1-6,720575940621922124,2,1,1,132,0.0,0,0,-4.0,-4,-4,-4.0,-4.0,-4.0,-2.0,-2.0,-2.0
R1-6,720575940636386222,1,1,1,132,0.0,0,0,-4.0,-4,-4,-4.0,-4.0,-4.0,-2.0,-2.0,-2.0
R1-6,720575940622859463,2,1,1,138,-13.0,-13,-13,-1.0,-1,-1,-1.0,-1.0,-1.0,-13.5,-13.5,-13.5
R1-6,720575940621730657,1,1,1,140,-1.0,-1,-1,-6.0,-6,-6,-6.0,-6.0,-6.0,-4.0,-4.0,-4.0
R1-6,720575940647622964,1,1,1,140,-1.0,-1,-1,-6.0,-6,-6,-6.0,-6.0,-6.0,-4.0,-4.0,-4.0
R1-6,720575940607012017,1,1,1,144,13.0,13,13,-15.0,-15,-15,-15.0,-15.0,-15.0,5.5,5.5,5.5
R1-6,720575940625470439,2,1,1,146,4.0,4,4,-2.0,-2,-2,-2.0,-2.0,-2.0,3.0,3.0,3.0
R1-6,720575940640513395,1,1,1,146,4.0,4,4,-2.0,-2,-2,-2.0,-2.0,-2.0,3.0,3.0,3.0
R1-6,720575940614742751,2,1,1,147,-9.0,-9,-9,-3.0,-3,-3,-3.0,-3.0,-3.0,-10.5,-10.5,-10.5
R1-6,720575940632511555,1,1,1,147,-9.0,-9,-9,-3.0,-3,-3,-3.0,-3.0,-3.0,-10.5,-10.5,-10.5
R1-6,720575940610727492,1,1,1,149,13.0,13,13,-12.0,-12,-12,-12.0,-12.0,-12.0,7.0,7.0,7.0
R1-6,720575940622788634,1,1,1,149,13.0,13,13,-12.0,-12,-12,-12.0,-12.0,-12.0,7.0,7.0,7.0
R1-6,720575940632405816,1,1,1,149,13.0,13,13,-12.0,-12,-12,-12.0,-12.0,-12.0,7.0,7.0,7.0
R1-6,720575940628089682,2,1,1,151,4.0,4,4,6.0,6,6,6.0,6.0,6.0,7.0,7.0,7.0
R1-6,720575940624850429,1,1,1,152,11.0,11,11,-7.0,-7,-7,-7.0,-7.0,-7.0,7.5,7.5,7.5
R1-6,720575940636548276,1,1,1,153,8.0,8,8,-16.0,-16,-16,-16.0,-16.0,-16.0,0.0,0.0,0.0
R1-6,720575940612852978,1,1,1,157,3.0,3,3,1.0,1,1,1.0,1.0,1.0,3.5,3.5,3.5
R1-6,720575940621109419,1,1,1,157,3.0,3,3,1.0,1,1,1.0,1.0,1.0,3.5,3.5,3.5
R1-6,720575940618398498,3,1,1,158,6.0,6,6,-7.0,-7,-7,-7.0,-7.0,-7.0,2.5,2.5,2.5
R1-6,720575940622125428,2,1,1,158,6.0,6,6,-7.0,-7,-7,-7.0,-7.0,-7.0,2.5,2.5,2.5
R1-6,720575940626571978,1,1,1,160,-12.0,-12,-12,4.0,4,4,4.0,4.0,4.0,-10.0,-10.0,-10.0
R1-6,720575940608963164,1,1,1,165,-4.0,-4,-4,-8.0,-8,-8,-8.0,-8.0,-8.0,-8.0,-8.0,-8.0
R1-6,720575940615118846,1,1,1,165,-4.0,-4,-4,-8.0,-8,-8,-8.0,-8.0,-8.0,-8.0,-8.0,-8.0
R1-6,720575940630718976,2,1,1,165,-4.0,-4,-4,-8.0,-8,-8,-8.0,-8.0,-8.0,-8.0,-8.0,-8.0
R1-6,720575940631141740,1,1,1,165,-4.0,-4,-4,-8.0,-8,-8,-8.0,-8.0,-8.0,-8.0,-8.0,-8.0
R1-6,720575940607387593,1,1,1,166,-9.0,-9,-9,0.0,0,0,0.0,0.0,0.0,-9.0,-9.0,-9.0
R1-6,720575940621199280,2,1,1,166,-9.0,-9,-9,0.0,0,0,0.0,0.0,0.0,-9.0,-9.0,-9.0
R1-6,720575940630486142,1,1,1,167,9.0,9,9,-1.0,-1,-1,-1.0,-1.0,-1.0,8.5,8.5,8.5
R1-6,720575940618409373,2,1,1,168,-9.0,-9,-9,1.0,1,1,1.0,1.0,1.0,-8.5,-8.5,-8.5
R1-6,720575940632582504,1,1,1,171,16.0,16,16,-12.0,-12,-12,-12.0,-12.0,-12.0,10.0,10.0,10.0
R1-6,720575940606617009,1,1,1,174,12.0,12,12,-9.0,-9,-9,-9.0,-9.0,-9.0,7.5,7.5,7.5
R1-6,720575940635552447,1,1,1,175,-2.0,-2,-2,11.0,11,11,11.0,11.0,11.0,3.5,3.5,3.5
R1-6,720575940612696177,1,1,1,177,-1.0,-1,-1,3.0,3,3,3.0,3.0,3.0,0.5,0.5,0.5
R1-6,720575940632628584,2,1,1,177,-1.0,-1,-1,3.0,3,3,3.0,3.0,3.0,0.5,0.5,0.5
R1-6,720575940617996347,1,1,1,178,-3.0,-3,-3,-5.0,-5,-5,-5.0,-5.0,-5.0,-5.5,-5.5,-5.5
R1-6,720575940611906146,1,1,1,180,16.0,16,16,-5.0,-5,-5,-5.0,-5.0,-5.0,13.5,13.5,13.5
R1-6,720575940618105812,1,1,1,181,3.0,3,3,-2.0,-2,-2,-2.0,-2.0,-2.0,2.0,2.0,2.0
R1-6,720575940622699504,1,1,1,181,3.0,3,3,-2.0,-2,-2,-2.0,-2.0,-2.0,2.0,2.0,2.0
R1-6,720575940626008504,2,1,1,182,12.0,12,12,-14.0,-14,-14,-14.0,-14.0,-14.0,5.0,5.0,5.0
R1-6,720575940614562856,2,2,2,185,8.0,8,8,-5.0,-5,-5,-5.0,-5.0,-5.0,5.5,5.5,5.5
R1-6,720575940622097095,1,1,1,186,-14.0,-14,-14,2.0,2,2,2.0,2.0,2.0,-13.0,-13.0,-13.0
R1-6,720575940629076073,1,1,1,186,-14.0,-14,-14,2.0,2,2,2.0,2.0,2.0,-13.0,-13.0,-13.0
R1-6,720575940614724915,1,1,1,187,-7.0,-7,-7,-7.0,-7,-7,-7.0,-7.0,-7.0,-10.5,-10.5,-10.5
R1-6,720575940615698538,1,1,1,187,-7.0,-7,-7,-7.0,-7,-7,-7.0,-7.0,-7.0,-10.5,-10.5,-10.5
R1-6,720575940628386376,1,1,1,187,-7.0,-7,-7,-7.0,-7,-7,-7.0,-7.0,-7.0,-10.5,-10.5,-10.5
R1-6,720575940615352482,2,1,1,189,0.0,0,0,-13.0,-13,-13,-13.0,-13.0,-13.0,-6.5,-6.5,-6.5
R1-6,720575940622821289,1,1,1,189,0.0,0,0,-13.0,-13,-13,-13.0,-13.0,-13.0,-6.5,-6.5,-6.5
R1-6,720575940624049034,2,2,2,189,0.0,0,0,-13.0,-13,-13,-13.0,-13.0,-13.0,-6.5,-6.5,-6.5
R1-6,720575940605160550,1,1,1,190,0.0,0,0,5.0,5,5,5.0,5.0,5.0,2.5,2.5,2.5
R1-6,720575940637611632,1,1,1,190,0.0,0,0,5.0,5,5,5.0,5.0,5.0,2.5,2.5,2.5
R1-6,720575940620973076,1,1,1,191,5.0,5,5,1.0,1,1,1.0,1.0,1.0,5.5,5.5,5.5
R1-6,720575940620996628,1,1,1,191,5.0,5,5,1.0,1,1,1.0,1.0,1.0,5.5,5.5,5.5
R1-6,720575940635112860,1,1,1,191,5.0,5,5,1.0,1,1,1.0,1.0,1.0,5.5,5.5,5.5
R1-6,720575940628569348,2,2,2,192,2.0,2,2,-14.0,-14,-14,-14.0,-14.0,-14.0,-5.0,-5.0,-5.0
R1-6,720575940630902327,2,1,1,192,2.0,2,2,-14.0,-14,-14,-14.0,-14.0,-14.0,-5.0,-5.0,-5.0
R1-6,720575940635598746,1,1,1,192,2.0,2,2,-14.0,-14,-14,-14.0,-14.0,-14.0,-5.0,-5.0,-5.0
R1-6,720575940619297600,1,1,1,193,-7.0,-7,-7,10.0,10,10,10.0,10.0,10.0,-2.0,-2.0,-2.0
R1-6,720575940625627379,4,1,1,194,3.0,3,3,-1.0,-1,-1,-1.0,-1.0,-1.0,2.5,2.5,2.5
R1-6,720575940620564102,1,1,1,198,5.0,5,5,-12.0,-12,-12,-12.0,-12.0,-12.0,-1.0,-1.0,-1.0
R1-6,720575940614162925,1,1,1,202,-14.0,-14,-14,1.0,1,1,1.0,1.0,1.0,-13.5,-13.5,-13.5
R1-6,720575940629819095,1,1,1,203,4.0,4,4,-7.0,-7,-7,-7.0,-7.0,-7.0,0.5,0.5,0.5
R1-6,720575940606510950,1,1,1,204,6.0,6,6,-10.0,-10,-10,-10.0,-10.0,-10.0,1.0,1.0,1.0
R1-6,720575940619750966,1,1,1,204,6.0,6,6,-10.0,-10,-10,-10.0,-10.0,-10.0,1.0,1.0,1.0
R1-6,720575940631160620,1,1,1,204,6.0,6,6,-10.0,-10,-10,-10.0,-10.0,-10.0,1.0,1.0,1.0
R1-6,720575940632504680,1,1,1,204,6.0,6,6,-10.0,-10,-10,-10.0,-10.0,-10.0,1.0,1.0,1.0
R1-6,720575940606319648,1,1,1,205,8.0,8,8,-10.0,-10,-10,-10.0,-10.0,-10.0,3.0,3.0,3.0
R1-6,720575940618713757,2,1,1,205,8.0,8,8,-10.0,-10,-10,-10.0,-10.0,-10.0,3.0,3.0,3.0
R1-6,720575940621082789,1,1,1,205,8.0,8,8,-10.0,-10,-10,-10.0,-10.0,-10.0,3.0,3.0,3.0
R1-6,720575940621241844,1,1,1,208,16.0,16,16,-11.0,-11,-11,-11.0,-11.0,-11.0,10.5,10.5,10.5
R1-6,720575940627324956,1,1,1,208,16.0,16,16,-11.0,-11,-11,-11.0,-11.0,-11.0,10.5,10.5,10.5
R1-6,720575940618773531,1,1,1,213,5.0,5,5,-6.0,-6,-6,-6.0,-6.0,-6.0,2.0,2.0,2.0
R1-6,720575940628032778,1,1,1,213,5.0,5,5,-6.0,-6,-6,-6.0,-6.0,-6.0,2.0,2.0,2.0
R1-6,720575940637299342,1,1,1,213,5.0,5,5,-6.0,-6,-6,-6.0,-6.0,-6.0,2.0,2.0,2.0
R1-6,720575940617316182,1,1,1,216,-7.0,-7,-7,-5.0,-5,-5,-5.0,-5.0,-5.0,-9.5,-9.5,-9.5
R1-6,720575940632012363,2,2,2,217,-1.0,-1,-1,-13.0,-13,-13,-13.0,-13.0,-13.0,-7.5,-7.5,-7.5
R1-6,720575940618681501,1,1,1,218,-3.0,-3,-3,-4.0,-4,-4,-4.0,-4.0,-4.0,-5.0,-5.0,-5.0
R1-6,720575940630384890,1,1,1,218,-3.0,-3,-3,-4.0,-4,-4,-4.0,-4.0,-4.0,-5.0,-5.0,-5.0
R1-6,720575940634045651,2,1,1,219,8.0,8,8,-12.0,-12,-12,-12.0,-12.0,-12.0,2.0,2.0,2.0
R1-6,720575940639440454,1,1,1,219,8.0,8,8,-12.0,-12,-12,-12.0,-12.0,-12.0,2.0,2.0,2.0
R1-6,720575940634975644,1,1,1,220,5.0,5,5,-4.0,-4,-4,-4.0,-4.0,-4.0,3.0,3.0,3.0
R1-6,720575940621522541,2,2,2,226,-4.0,-4,-4,-11.0,-11,-11,-11.0,-11.0,-11.0,-9.5,-9.5,-9.5
R1-6,720575940623697432,2,2,2,226,-4.0,-4,-4,-11.0,-11,-11,-11.0,-11.0,-11.0,-9.5,-9.5,-9.5
R1-6,720575940626855354,3,1,1,229,4.0,4,4,-10.0,-10,-10,-10.0,-10.0,-10.0,-1.0,-1.0,-1.0
R1-6,720575940623114876,1,1,1,231,10.0,10,10,-8.0,-8,-8,-8.0,-8.0,-8.0,6.0,6.0,6.0
R1-6,720575940640445555,1,1,1,232,-10.0,-10,-10,7.0,7,7,7.0,7.0,7.0,-6.5,-6.5,-6.5
R1-6,720575940624651191,1,1,1,233,11.0,11,11,-9.0,-9,-9,-9.0,-9.0,-9.0,6.5,6.5,6.5
R1-6,720575940626746298,1,1,1,234,0.0,0,0,-3.0,-3,-3,-3.0,-3.0,-3.0,-1.5,-1.5,-1.5
R1-6,720575940642117621,1,1,1,234,0.0,0,0,-3.0,-3,-3,-3.0,-3.0,-3.0,-1.5,-1.5,-1.5
R1-6,720575940613086181,2,1,1,235,-1.0,-1,-1,-9.0,-9,-9,-9.0,-9.0,-9.0,-5.5,-5.5,-5.5
R1-6,720575940634805155,1,1,1,240,-2.0,-2,-2,7.0,7,7,7.0,7.0,7.0,1.5,1.5,1.5
R1-6,720575940634809251,1,1,1,240,-2.0,-2,-2,7.0,7,7,7.0,7.0,7.0,1.5,1.5,1.5
R1-6,720575940631307001,1,1,1,241,11.0,11,11,-5.0,-5,-5,-5.0,-5.0,-5.0,8.5,8.5,8.5
R1-6,720575940615816671,1,1,1,245,-3.0,-3,-3,9.0,9,9,9.0,9.0,9.0,1.5,1.5,1.5
R1-6,720575940618548308,1,1,1,247,4.0,4,4,7.0,7,7,7.0,7.0,7.0,7.5,7.5,7.5
R1-6,720575940622877052,1,1,1,247,4.0,4,4,7.0,7,7,7.0,7.0,7.0,7.5,7.5,7.5
R1-6,720575940617424982,1,1,1,249,8.0,8,8,-4.0,-4,-4,-4.0,-4.0,-4.0,6.0,6.0,6.0
R1-6,720575940634446999,1,1,1,249,8.0,8,8,-4.0,-4,-4,-4.0,-4.0,-4.0,6.0,6.0,6.0
R1-6,720575940636070763,8,1,1,251,6.0,6,6,2.0,2,2,2.0,2.0,2.0,7.0,7.0,7.0
R1-6,720575940605757356,1,1,1,252,-8.0,-8,-8,-7.0,-7,-7,-7.0,-7.0,-7.0,-11.5,-11.5,-11.5
R1-6,720575940617815611,1,1,1,252,-8.0,-8,-8,-7.0,-7,-7,-7.0,-7.0,-7.0,-11.5,-11.5,-11.5
R1-6,720575940616853947,2,2,2,253,-3.0,-3,-3,-10.0,-10,-10,-10.0,-10.0,-10.0,-8.0,-8.0,-8.0
R1-6,720575940632280204,2,1,1,253,-3.0,-3,-3,-10.0,-10,-10,-10.0,-10.0,-10.0,-8.0,-8.0,-8.0
R1-6,720575940624064452,2,1,1,254,15.0,15,15,-6.0,-6,-6,-6.0,-6.0,-6.0,12.0,12.0,12.0
R1-6,720575940628020050,1,1,1,254,15.0,15,15,-6.0,-6,-6,-6.0,-6.0,-6.0,12.0,12.0,12.0
R1-6,720575940617945915,1,1,1,256,15.0,15,15,-10.0,-10,-10,-10.0,-10.0,-10.0,10.0,10.0,10.0
R1-6,720575940619781790,2,1,1,256,15.0,15,15,-10.0,-10,-10,-10.0,-10.0,-10.0,10.0,10.0,10.0
R1-6,720575940615302306,1,1,1,257,-8.0,-8,-8,-5.0,-5,-5,-5.0,-5.0,-5.0,-10.5,-10.5,-10.5
R1-6,720575940627240478,2,1,1,257,-8.0,-8,-8,-5.0,-5,-5,-5.0,-5.0,-5.0,-10.5,-10.5,-10.5
R1-6,720575940615868127,1,1,1,258,5.0,5,5,7.0,7,7,7.0,7.0,7.0,8.5,8.5,8.5
R1-6,720575940617473622,1,1,1,258,5.0,5,5,7.0,7,7,7.0,7.0,7.0,8.5,8.5,8.5
R1-6,720575940641998325,1,1,1,258,5.0,5,5,7.0,7,7,7.0,7.0,7.0,8.5,8.5,8.5
R1-6,720575940616948411,1,1,1,262,7.0,7,7,-3.0,-3,-3,-3.0,-3.0,-3.0,5.5,5.5,5.5
R1-6,720575940611293230,1,1,1,264,2.0,2,2,2.0,2,2,2.0,2.0,2.0,3.0,3.0,3.0
R1-6,720575940631487739,1,1,1,268,10.0,10,10,-14.0,-14,-14,-14.0,-14.0,-14.0,3.0,3.0,3.0
R1-6,720575940625662136,1,1,1,269,12.0,12,12,-5.0,-5,-5,-5.0,-5.0,-5.0,9.5,9.5,9.5
R1-6,720575940624123174,1,1,1,270,5.0,5,5,-2.0,-2,-2,-2.0,-2.0,-2.0,4.0,4.0,4.0
R1-6,720575940624160038,1,1,1,271,1.0,1,1,-8.0,-8,-8,-8.0,-8.0,-8.0,-3.0,-3.0,-3.0
R1-6,720575940647127940,1,1,1,271,1.0,1,1,-8.0,-8,-8,-8.0,-8.0,-8.0,-3.0,-3.0,-3.0
R1-6,720575940616825138,1,1,1,272,4.0,4,4,-6.0,-6,-6,-6.0,-6.0,-6.0,1.0,1.0,1.0
R1-6,720575940636262030,1,1,1,272,4.0,4,4,-6.0,-6,-6,-6.0,-6.0,-6.0,1.0,1.0,1.0
R1-6,720575940624832437,3,3,"2, 1",277,9.333,10,9,-15.0,-15,-15,-15.0,-15.0,-15.0,1.833,2.5,1.5
R1-6,720575940630745847,2,2,2,277,9.0,9,9,-15.0,-15,-15,-15.0,-15.0,-15.0,1.5,1.5,1.5
R1-6,720575940640026165,1,1,1,277,9.0,9,9,-15.0,-15,-15,-15.0,-15.0,-15.0,1.5,1.5,1.5
R1-6,720575940632793647,1,1,1,278,-10.0,-10,-10,10.0,10,10,10.0,10.0,10.0,-5.0,-5.0,-5.0
R1-6,720575940628271121,2,1,1,283,-6.0,-6,-6,8.0,8,8,8.0,8.0,8.0,-2.0,-2.0,-2.0
R1-6,720575940637072752,1,1,1,284,-12.0,-12,-12,-1.0,-1,-1,-1.0,-1.0,-1.0,-12.5,-12.5,-12.5
R1-6,720575940615682194,1,1,1,285,15.0,15,15,-12.0,-12,-12,-12.0,-12.0,-12.0,9.0,9.0,9.0
R1-6,720575940619153947,2,2,2,285,15.0,15,15,-12.0,-12,-12,-12.0,-12.0,-12.0,9.0,9.0,9.0
R1-6,720575940628354833,1,1,1,285,15.0,15,15,-12.0,-12,-12,-12.0,-12.0,-12.0,9.0,9.0,9.0
R1-6,720575940613285546,1,1,1,286,12.0,12,12,0.0,0,0,0.0,0.0,0.0,12.0,12.0,12.0
R1-6,720575940611708882,1,1,1,290,17.0,17,17,-10.0,-10,-10,-10.0,-10.0,-10.0,12.0,12.0,12.0
R1-6,720575940629422185,1,1,1,290,17.0,17,17,-10.0,-10,-10,-10.0,-10.0,-10.0,12.0,12.0,12.0
R1-6,720575940621776879,1,1,1,291,6.0,6,6,-14.0,-14,-14,-14.0,-14.0,-14.0,-1.0,-1.0,-1.0
R1-6,720575940635166560,1,1,1,302,-6.0,-6,-6,-5.0,-5,-5,-5.0,-5.0,-5.0,-8.5,-8.5,-8.5
R1-6,720575940644899364,1,1,1,302,-6.0,-6,-6,-5.0,-5,-5,-5.0,-5.0,-5.0,-8.5,-8.5,-8.5
R1-6,720575940609517577,1,1,1,303,-16.0,-16,-16,10.0,10,10,10.0,10.0,10.0,-11.0,-11.0,-11.0
R1-6,720575940629640451,1,1,1,304,4.0,4,4,-13.0,-13,-13,-13.0,-13.0,-13.0,-2.5,-2.5,-2.5
R1-6,720575940622185844,1,1,1,306,0.0,0,0,-7.0,-7,-7,-7.0,-7.0,-7.0,-3.5,-3.5,-3.5
R1-6,720575940630936408,1,1,1,310,-9.0,-9,-9,-4.0,-4,-4,-4.0,-4.0,-4.0,-11.0,-11.0,-11.0
R1-6,720575940640006197,1,1,1,314,-11.0,-11,-11,17.0,17,17,17.0,17.0,17.0,-2.5,-2.5,-2.5
R1-6,720575940621860161,1,1,1,315,0.0,0,0,6.0,6,6,6.0,6.0,6.0,3.0,3.0,3.0
R1-6,720575940622245759,1,1,1,315,0.0,0,0,6.0,6,6,6.0,6.0,6.0,3.0,3.0,3.0
R1-6,720575940624447722,1,1,1,316,7.0,7,7,-10.0,-10,-10,-10.0,-10.0,-10.0,2.0,2.0,2.0
R1-6,720575940628754684,1,1,1,316,7.0,7,7,-10.0,-10,-10,-10.0,-10.0,-10.0,2.0,2.0,2.0
R1-6,720575940631486715,1,1,1,316,7.0,7,7,-10.0,-10,-10,-10.0,-10.0,-10.0,2.0,2.0,2.0
R1-6,720575940632981073,1,1,1,316,7.0,7,7,-10.0,-10,-10,-10.0,-10.0,-10.0,2.0,2.0,2.0
R1-6,720575940629362492,1,1,1,317,-3.0,-3,-3,10.0,10,10,10.0,10.0,10.0,2.0,2.0,2.0
R1-6,720575940619378555,1,1,1,318,14.0,14,14,-9.0,-9,-9,-9.0,-9.0,-9.0,9.5,9.5,9.5
R1-6,720575940629946471,2,1,1,318,14.0,14,14,-9.0,-9,-9,-9.0,-9.0,-9.0,9.5,9.5,9.5
R1-6,720575940606884017,2,2,2,321,6.0,6,6,-16.0,-16,-16,-16.0,-16.0,-16.0,-2.0,-2.0,-2.0
R1-6,720575940645712407,1,1,1,322,-11.0,-11,-11,-4.0,-4,-4,-4.0,-4.0,-4.0,-13.0,-13.0,-13.0
R1-6,720575940635094809,1,1,1,323,0.0,0,0,13.0,13,13,13.0,13.0,13.0,6.5,6.5,6.5
R1-6,720575940620230193,2,2,2,324,-9.0,-9,-9,-6.0,-6,-6,-6.0,-6.0,-6.0,-12.0,-12.0,-12.0
R1-6,720575940622858529,1,1,1,324,-9.0,-9,-9,-6.0,-6,-6,-6.0,-6.0,-6.0,-12.0,-12.0,-12.0
R1-6,720575940626894180,1,1,1,324,-9.0,-9,-9,-6.0,-6,-6,-6.0,-6.0,-6.0,-12.0,-12.0,-12.0
R1-6,720575940607535049,2,1,1,326,-6.0,-6,-6,-4.0,-4,-4,-4.0,-4.0,-4.0,-8.0,-8.0,-8.0
R1-6,720575940621106597,1,1,1,327,4.0,4,4,-11.0,-11,-11,-11.0,-11.0,-11.0,-1.5,-1.5,-1.5
R1-6,720575940622880538,1,1,1,328,10.0,10,10,-11.0,-11,-11,-11.0,-11.0,-11.0,4.5,4.5,4.5
R1-6,720575940627277340,1,1,1,328,10.0,10,10,-11.0,-11,-11,-11.0,-11.0,-11.0,4.5,4.5,4.5
R1-6,720575940610773970,1,1,1,329,-12.0,-12,-12,0.0,0,0,0.0,0.0,0.0,-12.0,-12.0,-12.0
R1-6,720575940629040202,2,1,1,331,9.0,9,9,-3.0,-3,-3,-3.0,-3.0,-3.0,7.5,7.5,7.5
R1-6,720575940616667698,1,1,1,332,17.0,17,17,-8.0,-8,-8,-8.0,-8.0,-8.0,13.0,13.0,13.0
R1-6,720575940637716080,1,1,1,334,14.0,14,14,-2.0,-2,-2,-2.0,-2.0,-2.0,13.0,13.0,13.0
R1-6,720575940640647296,1,1,1,336,-11.0,-11,-11,-1.0,-1,-1,-1.0,-1.0,-1.0,-11.5,-11.5,-11.5
R1-6,720575940624775753,1,1,1,337,-2.0,-2,-2,10.0,10,10,10.0,10.0,10.0,3.0,3.0,3.0
R1-6,720575940634367201,2,2,2,341,15.0,15,15,-13.0,-13,-13,-13.0,-13.0,-13.0,8.5,8.5,8.5
R1-6,720575940625787175,1,1,1,342,10.0,10,10,-5.0,-5,-5,-5.0,-5.0,-5.0,7.5,7.5,7.5
R1-6,720575940624380455,2,2,2,348,-4.0,-4,-4,-6.0,-6,-6,-6.0,-6.0,-6.0,-7.0,-7.0,-7.0
R1-6,720575940635786335,1,1,1,348,-4.0,-4,-4,-6.0,-6,-6,-6.0,-6.0,-6.0,-7.0,-7.0,-7.0
R1-6,720575940630201082,1,1,1,352,-16.0,-16,-16,4.0,4,4,4.0,4.0,4.0,-14.0,-14.0,-14.0
R1-6,720575940633490003,1,1,1,353,-10.0,-10,-10,-4.0,-4,-4,-4.0,-4.0,-4.0,-12.0,-12.0,-12.0
R1-6,720575940648460164,1,1,1,354,11.0,11,11,4.0,4,4,4.0,4.0,4.0,13.0,13.0,13.0
R1-6,720575940629048070,1,1,1,355,-4.0,-4,-4,14.0,14,14,14.0,14.0,14.0,3.0,3.0,3.0
R1-6,720575940607781554,2,1,1,356,-11.0,-11,-11,0.0,0,0,0.0,0.0,0.0,-11.0,-11.0,-11.0
R1-6,720575940631204603,1,1,1,356,-11.0,-11,-11,0.0,0,0,0.0,0.0,0.0,-11.0,-11.0,-11.0
R1-6,720575940615230982,1,1,1,357,-4.0,-4,-4,-9.0,-9,-9,-9.0,-9.0,-9.0,-8.5,-8.5,-8.5
R1-6,720575940642436059,2,1,1,357,-4.0,-4,-4,-9.0,-9,-9,-9.0,-9.0,-9.0,-8.5,-8.5,-8.5
R1-6,720575940625801230,1,1,1,359,-9.0,-9,-9,-5.0,-5,-5,-5.0,-5.0,-5.0,-11.5,-11.5,-11.5
R1-6,720575940609421321,1,1,1,363,9.0,9,9,-14.0,-14,-14,-14.0,-14.0,-14.0,2.0,2.0,2.0
R1-6,720575940624260134,2,1,1,363,9.0,9,9,-14.0,-14,-14,-14.0,-14.0,-14.0,2.0,2.0,2.0
R1-6,720575940626116429,1,1,1,363,9.0,9,9,-14.0,-14,-14,-14.0,-14.0,-14.0,2.0,2.0,2.0
R1-6,720575940605547488,1,1,1,365,1.0,1,1,-9.0,-9,-9,-9.0,-9.0,-9.0,-3.5,-3.5,-3.5
R1-6,720575940621230726,1,1,1,365,1.0,1,1,-9.0,-9,-9,-9.0,-9.0,-9.0,-3.5,-3.5,-3.5
R1-6,720575940635245408,3,2,2,365,1.0,1,1,-9.0,-9,-9,-9.0,-9.0,-9.0,-3.5,-3.5,-3.5
R1-6,720575940615585695,2,1,1,369,8.0,8,8,-11.0,-11,-11,-11.0,-11.0,-11.0,2.5,2.5,2.5
R1-6,720575940632318250,2,1,1,369,8.0,8,8,-11.0,-11,-11,-11.0,-11.0,-11.0,2.5,2.5,2.5
R1-6,720575940640344629,1,1,1,369,8.0,8,8,-11.0,-11,-11,-11.0,-11.0,-11.0,2.5,2.5,2.5
R1-6,720575940636324276,2,1,1,371,9.0,9,9,-13.0,-13,-13,-13.0,-13.0,-13.0,2.5,2.5,2.5
R1-6,720575940637375630,2,1,1,371,9.0,9,9,-13.0,-13,-13,-13.0,-13.0,-13.0,2.5,2.5,2.5
R1-6,720575940621896374,1,1,1,374,-4.0,-4,-4,-5.0,-5,-5,-5.0,-5.0,-5.0,-6.5,-6.5,-6.5
R1-6,720575940611560494,1,1,1,376,-2.0,-2,-2,14.0,14,14,14.0,14.0,14.0,5.0,5.0,5.0
R1-6,720575940624992747,1,1,1,377,-3.0,-3,-3,-1.0,-1,-1,-1.0,-1.0,-1.0,-3.5,-3.5,-3.5
R1-6,720575940612915418,1,1,1,379,12.0,12,12,-7.0,-7,-7,-7.0,-7.0,-7.0,8.5,8.5,8.5
R1-6,720575940628834044,1,1,1,379,12.0,12,12,-7.0,-7,-7,-7.0,-7.0,-7.0,8.5,8.5,8.5
R1-6,720575940632140363,1,1,1,379,12.0,12,12,-7.0,-7,-7,-7.0,-7.0,-7.0,8.5,8.5,8.5
R1-6,720575940624114968,1,1,1,380,-15.0,-15,-15,1.0,1,1,1.0,1.0,1.0,-14.5,-14.5,-14.5
R1-6,720575940627543582,1,1,1,380,-15.0,-15,-15,1.0,1,1,1.0,1.0,1.0,-14.5,-14.5,-14.5
R1-6,720575940609831893,1,1,1,382,6.0,6,6,-6.0,-6,-6,-6.0,-6.0,-6.0,3.0,3.0,3.0
R1-6,720575940622406271,1,1,1,382,6.0,6,6,-6.0,-6,-6,-6.0,-6.0,-6.0,3.0,3.0,3.0
R1-6,720575940627994122,1,1,1,382,6.0,6,6,-6.0,-6,-6,-6.0,-6.0,-6.0,3.0,3.0,3.0
R1-6,720575940632590440,1,1,1,387,7.0,7,7,1.0,1,1,1.0,1.0,1.0,7.5,7.5,7.5
R1-6,720575940635603903,1,1,1,400,16.0,16,16,-3.0,-3,-3,-3.0,-3.0,-3.0,14.5,14.5,14.5
R1-6,720575940629688875,1,1,1,402,-10.0,-10,-10,-6.0,-6,-6,-6.0,-6.0,-6.0,-13.0,-13.0,-13.0
R1-6,720575940622485744,2,1,1,403,4.0,4,4,4.0,4,4,4.0,4.0,4.0,6.0,6.0,6.0
R1-6,720575940625118903,1,1,1,411,5.0,5,5,9.0,9,9,9.0,9.0,9.0,9.5,9.5,9.5
R1-6,720575940618066781,2,1,1,414,-6.0,-6,-6,-9.0,-9,-9,-9.0,-9.0,-9.0,-10.5,-10.5,-10.5
R1-6,720575940611252526,1,1,1,415,0.0,0,0,-12.0,-12,-12,-12.0,-12.0,-12.0,-6.0,-6.0,-6.0
R1-6,720575940615246247,2,2,2,415,0.0,0,0,-12.0,-12,-12,-12.0,-12.0,-12.0,-6.0,-6.0,-6.0
R1-6,720575940618589524,1,1,1,415,0.0,0,0,-12.0,-12,-12,-12.0,-12.0,-12.0,-6.0,-6.0,-6.0
R1-6,720575940621129920,1,1,1,415,0.0,0,0,-12.0,-12,-12,-12.0,-12.0,-12.0,-6.0,-6.0,-6.0
R1-6,720575940630825772,2,1,1,415,0.0,0,0,-12.0,-12,-12,-12.0,-12.0,-12.0,-6.0,-6.0,-6.0
R1-6,720575940628615567,3,1,1,416,7.0,7,7,-6.0,-6,-6,-6.0,-6.0,-6.0,4.0,4.0,4.0
R1-6,720575940636024730,2,1,1,416,7.0,7,7,-6.0,-6,-6,-6.0,-6.0,-6.0,4.0,4.0,4.0
R1-6,720575940628429841,1,1,1,418,-9.0,-9,-9,3.0,3,3,3.0,3.0,3.0,-7.5,-7.5,-7.5
R1-6,720575940611879778,1,1,1,419,3.0,3,3,5.0,5,5,5.0,5.0,5.0,5.5,5.5,5.5
R1-6,720575940634048723,3,1,1,420,8.0,8,8,-13.0,-13,-13,-13.0,-13.0,-13.0,1.5,1.5,1.5
R1-6,720575940635634842,1,1,1,420,8.0,8,8,-13.0,-13,-13,-13.0,-13.0,-13.0,1.5,1.5,1.5
R1-6,720575940606775753,2,1,1,423,12.0,12,12,-6.0,-6,-6,-6.0,-6.0,-6.0,9.0,9.0,9.0
R1-6,720575940614399725,1,1,1,427,14.0,14,14,-10.0,-10,-10,-10.0,-10.0,-10.0,9.0,9.0,9.0
R1-6,720575940638268638,1,1,1,427,14.0,14,14,-10.0,-10,-10,-10.0,-10.0,-10.0,9.0,9.0,9.0
R1-6,720575940621423855,3,1,1,430,1.0,1,1,5.0,5,5,5.0,5.0,5.0,3.5,3.5,3.5
R1-6,720575940621493188,2,1,1,430,1.0,1,1,5.0,5,5,5.0,5.0,5.0,3.5,3.5,3.5
R1-6,720575940629228137,8,1,1,430,1.0,1,1,5.0,5,5,5.0,5.0,5.0,3.5,3.5,3.5
R1-6,720575940627424542,2,1,1,431,3.0,3,3,4.0,4,4,4.0,4.0,4.0,5.0,5.0,5.0
R1-6,720575940615244851,1,1,1,433,4.0,4,4,0.0,0,0,0.0,0.0,0.0,4.0,4.0,4.0
R1-6,720575940621169344,2,1,1,435,14.0,14,14,-11.0,-11,-11,-11.0,-11.0,-11.0,8.5,8.5,8.5
R1-6,720575940632833071,2,1,1,435,14.0,14,14,-11.0,-11,-11,-11.0,-11.0,-11.0,8.5,8.5,8.5
R1-6,720575940640896419,1,1,1,435,14.0,14,14,-11.0,-11,-11,-11.0,-11.0,-11.0,8.5,8.5,8.5
R1-6,720575940623107148,2,1,1,436,8.0,8,8,-1.0,-1,-1,-1.0,-1.0,-1.0,7.5,7.5,7.5
R1-6,720575940630971703,1,1,1,436,8.0,8,8,-1.0,-1,-1,-1.0,-1.0,-1.0,7.5,7.5,7.5
R1-6,720575940618234598,1,1,1,438,-11.0,-11,-11,-5.0,-5,-5,-5.0,-5.0,-5.0,-13.5,-13.5,-13.5
R1-6,720575940612520690,1,1,1,440,-10.0,-10,-10,-3.0,-3,-3,-3.0,-3.0,-3.0,-11.5,-11.5,-11.5
R1-6,720575940622312112,2,2,2,440,-10.0,-10,-10,-3.0,-3,-3,-3.0,-3.0,-3.0,-11.5,-11.5,-11.5
R1-6,720575940615596706,1,1,1,444,9.0,9,9,-8.0,-8,-8,-8.0,-8.0,-8.0,5.0,5.0,5.0
R1-6,720575940626978916,2,2,"1, 1",444,9.5,10,9,-8.0,-8,-8,-8.0,-8.0,-8.0,5.5,6.0,5.0
R1-6,720575940618834203,1,1,1,446,9.0,9,9,-4.0,-4,-4,-4.0,-4.0,-4.0,7.0,7.0,7.0
R1-6,720575940612163278,2,1,1,449,14.0,14,14,-12.0,-12,-12,-12.0,-12.0,-12.0,8.0,8.0,8.0
R1-6,720575940613306610,2,2,"1, 1",449,13.5,14,13,-12.0,-12,-12,-12.0,-12.0,-12.0,7.5,8.0,7.0
R1-6,720575940617939003,1,1,1,449,14.0,14,14,-12.0,-12,-12,-12.0,-12.0,-12.0,8.0,8.0,8.0
R1-6,720575940621259435,2,1,1,449,14.0,14,14,-12.0,-12,-12,-12.0,-12.0,-12.0,8.0,8.0,8.0
R1-6,720575940627338883,1,1,1,450,7.0,7,7,-5.0,-5,-5,-5.0,-5.0,-5.0,4.5,4.5,4.5
R1-6,720575940638357982,1,1,1,450,7.0,7,7,-5.0,-5,-5,-5.0,-5.0,-5.0,4.5,4.5,4.5
R1-6,720575940630931288,2,2,2,451,-6.0,-6,-6,-8.0,-8,-8,-8.0,-8.0,-8.0,-10.0,-10.0,-10.0
R1-6,720575940616715314,2,1,1,452,6.0,6,6,-3.0,-3,-3,-3.0,-3.0,-3.0,4.5,4.5,4.5
R1-6,720575940618523938,1,1,1,452,6.0,6,6,-3.0,-3,-3,-3.0,-3.0,-3.0,4.5,4.5,4.5
R1-6,720575940626894654,2,2,"1, 1",453,-9.0,-9,-9,-6.5,-6,-7,-6.5,-6.0,-7.0,-12.25,-12.0,-12.5
R1-6,720575940627402073,2,2,"1, 1",453,-8.5,-8,-9,-7.0,-7,-7,-7.0,-7.0,-7.0,-12.0,-11.5,-12.5
R1-6,720575940630576122,1,1,1,453,-9.0,-9,-9,-7.0,-7,-7,-7.0,-7.0,-7.0,-12.5,-12.5,-12.5
R1-6,720575940631697861,2,2,2,453,-9.0,-9,-9,-7.0,-7,-7,-7.0,-7.0,-7.0,-12.5,-12.5,-12.5
R1-6,720575940626990654,2,1,1,454,11.0,11,11,-10.0,-10,-10,-10.0,-10.0,-10.0,6.0,6.0,6.0
R1-6,720575940630199034,2,2,2,458,5.0,5,5,-10.0,-10,-10,-10.0,-10.0,-10.0,0.0,0.0,0.0
R1-6,720575940615847786,1,1,1,459,7.0,7,7,-11.0,-11,-11,-11.0,-11.0,-11.0,1.5,1.5,1.5
R1-6,720575940616003990,2,1,1,461,10.0,10,10,-15.0,-15,-15,-15.0,-15.0,-15.0,2.5,2.5,2.5
R1-6,720575940624033741,2,2,2,461,10.0,10,10,-15.0,-15,-15,-15.0,-15.0,-15.0,2.5,2.5,2.5
R1-6,720575940628103762,2,1,1,461,10.0,10,10,-15.0,-15,-15,-15.0,-15.0,-15.0,2.5,2.5,2.5
R1-6,720575940625095927,1,1,1,463,-3.0,-3,-3,-11.0,-11,-11,-11.0,-11.0,-11.0,-8.5,-8.5,-8.5
R1-6,720575940629187179,1,1,1,463,-3.0,-3,-3,-11.0,-11,-11,-11.0,-11.0,-11.0,-8.5,-8.5,-8.5
R1-6,720575940630285817,1,1,1,464,4.0,4,4,-8.0,-8,-8,-8.0,-8.0,-8.0,0.0,0.0,0.0
R1-6,720575940611258414,2,1,1,465,3.0,3,3,-6.0,-6,-6,-6.0,-6.0,-6.0,0.0,0.0,0.0
R1-6,720575940632215594,1,1,1,466,-6.0,-6,-6,-2.0,-2,-2,-2.0,-2.0,-2.0,-7.0,-7.0,-7.0
R1-6,720575940612020834,1,1,1,470,9.0,9,9,-9.0,-9,-9,-9.0,-9.0,-9.0,4.5,4.5,4.5
R1-6,720575940617598603,1,1,1,471,16.0,16,16,-6.0,-6,-6,-6.0,-6.0,-6.0,13.0,13.0,13.0
R1-6,720575940630740268,1,1,1,471,16.0,16,16,-6.0,-6,-6,-6.0,-6.0,-6.0,13.0,13.0,13.0
R1-6,720575940627948937,2,1,1,472,-11.0,-11,-11,-3.0,-3,-3,-3.0,-3.0,-3.0,-12.5,-12.5,-12.5
R1-6,720575940638785513,2,1,1,472,-11.0,-11,-11,-3.0,-3,-3,-3.0,-3.0,-3.0,-12.5,-12.5,-12.5
R1-6,720575940644501408,2,1,1,472,-11.0,-11,-11,-3.0,-3,-3,-3.0,-3.0,-3.0,-12.5,-12.5,-12.5
R1-6,720575940635017379,2,1,1,474,6.0,6,6,5.0,5,5,5.0,5.0,5.0,8.5,8.5,8.5
R1-6,720575940636982903,1,1,1,480,13.0,13,13,-7.0,-7,-7,-7.0,-7.0,-7.0,9.5,9.5,9.5
R1-6,720575940655741601,1,1,1,480,13.0,13,13,-7.0,-7,-7,-7.0,-7.0,-7.0,9.5,9.5,9.5
R1-6,720575940632101963,1,1,1,481,8.0,8,8,-8.0,-8,-8,-8.0,-8.0,-8.0,4.0,4.0,4.0
R1-6,720575940646211950,1,1,1,482,-7.0,-7,-7,-3.0,-3,-3,-3.0,-3.0,-3.0,-8.5,-8.5,-8.5
R1-6,720575940623098326,1,1,1,483,6.0,6,6,-5.0,-5,-5,-5.0,-5.0,-5.0,3.5,3.5,3.5
R1-6,720575940605571040,2,1,1,485,-1.0,-1,-1,5.0,5,5,5.0,5.0,5.0,1.5,1.5,1.5
R1-6,720575940627360514,1,1,1,487,2.0,2,2,-3.0,-3,-3,-3.0,-3.0,-3.0,0.5,0.5,0.5
R1-6,720575940624444686,1,1,1,488,5.0,5,5,-15.0,-15,-15,-15.0,-15.0,-15.0,-2.5,-2.5,-2.5
R1-6,720575940626788670,1,1,1,491,8.0,8,8,-15.0,-15,-15,-15.0,-15.0,-15.0,0.5,0.5,0.5
R1-6,720575940643024269,1,1,1,491,8.0,8,8,-15.0,-15,-15,-15.0,-15.0,-15.0,0.5,0.5,0.5
R1-6,720575940625506279,2,2,"1, 1",496,3.0,3,3,-14.5,-14,-15,-14.5,-14.0,-15.0,-4.25,-4.0,-4.5
R1-6,720575940627713917,1,1,1,497,6.0,6,6,-13.0,-13,-13,-13.0,-13.0,-13.0,-0.5,-0.5,-0.5
R1-6,720575940631103196,1,1,1,498,1.0,1,1,-12.0,-12,-12,-12.0,-12.0,-12.0,-5.0,-5.0,-5.0
R1-6,720575940644753608,1,1,1,498,1.0,1,1,-12.0,-12,-12,-12.0,-12.0,-12.0,-5.0,-5.0,-5.0
R1-6,720575940610079683,2,1,1,499,0.0,0,0,-10.0,-10,-10,-10.0,-10.0,-10.0,-5.0,-5.0,-5.0
R1-6,720575940620158379,1,1,1,499,0.0,0,0,-10.0,-10,-10,-10.0,-10.0,-10.0,-5.0,-5.0,-5.0
R1-6,720575940627913609,1,1,1,499,0.0,0,0,-10.0,-10,-10,-10.0,-10.0,-10.0,-5.0,-5.0,-5.0
R1-6,720575940626649381,2,1,1,501,0.0,0,0,-2.0,-2,-2,-2.0,-2.0,-2.0,-1.0,-1.0,-1.0
R1-6,720575940615343250,1,1,1,503,-5.0,-5,-5,-7.0,-7,-7,-7.0,-7.0,-7.0,-8.5,-8.5,-8.5
R1-6,720575940621380443,1,1,1,503,-5.0,-5,-5,-7.0,-7,-7,-7.0,-7.0,-7.0,-8.5,-8.5,-8.5
R1-6,720575940632736583,1,1,1,503,-5.0,-5,-5,-7.0,-7,-7,-7.0,-7.0,-7.0,-8.5,-8.5,-8.5
R1-6,720575940630316158,1,1,1,507,1.0,1,1,10.0,10,10,10.0,10.0,10.0,6.0,6.0,6.0
R1-6,720575940635166871,1,1,1,513,3.0,3,3,7.0,7,7,7.0,7.0,7.0,6.5,6.5,6.5
R1-6,720575940639710517,1,1,1,513,3.0,3,3,7.0,7,7,7.0,7.0,7.0,6.5,6.5,6.5
R1-6,720575940628765770,1,1,1,514,1.0,1,1,8.0,8,8,8.0,8.0,8.0,5.0,5.0,5.0
R1-6,720575940618003929,1,1,1,516,16.0,16,16,-14.0,-14,-14,-14.0,-14.0,-14.0,9.0,9.0,9.0
R1-6,720575940621777135,1,1,1,517,5.0,5,5,-13.0,-13,-13,-13.0,-13.0,-13.0,-1.5,-1.5,-1.5
R1-6,720575940624221832,2,1,1,517,5.0,5,5,-13.0,-13,-13,-13.0,-13.0,-13.0,-1.5,-1.5,-1.5
R1-6,720575940632837004,1,1,1,517,5.0,5,5,-13.0,-13,-13,-13.0,-13.0,-13.0,-1.5,-1.5,-1.5
R1-6,720575940638818025,3,2,"1, 1",517,5.5,6,5,-13.0,-13,-13,-13.0,-13.0,-13.0,-1.0,-0.5,-1.5
R1-6,720575940607755394,2,1,1,520,9.0,9,9,4.0,4,4,4.0,4.0,4.0,11.0,11.0,11.0
R1-6,720575940625766158,2,1,1,521,11.0,11,11,-13.0,-13,-13,-13.0,-13.0,-13.0,4.5,4.5,4.5
R1-6,720575940627800701,1,1,1,521,11.0,11,11,-13.0,-13,-13,-13.0,-13.0,-13.0,4.5,4.5,4.5
R1-6,720575940609614347,1,1,1,524,14.0,14,14,-8.0,-8,-8,-8.0,-8.0,-8.0,10.0,10.0,10.0
R1-6,720575940615430311,1,1,1,525,9.0,9,9,2.0,2,2,2.0,2.0,2.0,10.0,10.0,10.0
R1-6,720575940646166894,1,1,1,526,5.0,5,5,0.0,0,0,0.0,0.0,0.0,5.0,5.0,5.0
R1-6,720575940619100992,1,1,1,527,0.0,0,0,8.0,8,8,8.0,8.0,8.0,4.0,4.0,4.0
R1-6,720575940638847807,2,1,1,528,-1.0,-1,-1,-5.0,-5,-5,-5.0,-5.0,-5.0,-3.5,-3.5,-3.5
R1-6,720575940612968946,2,1,1,530,4.0,4,4,5.0,5,5,5.0,5.0,5.0,6.5,6.5,6.5
R1-6,720575940621670509,1,1,1,531,1.0,1,1,-2.0,-2,-2,-2.0,-2.0,-2.0,0.0,0.0,0.0
R1-6,720575940636344056,1,1,1,531,1.0,1,1,-2.0,-2,-2,-2.0,-2.0,-2.0,0.0,0.0,0.0
R1-6,720575940639191012,2,1,1,533,8.0,8,8,0.0,0,0,0.0,0.0,0.0,8.0,8.0,8.0
R1-6,720575940635235936,1,1,1,534,2.0,2,2,-6.0,-6,-6,-6.0,-6.0,-6.0,-1.0,-1.0,-1.0
R1-6,720575940640040270,2,1,1,534,2.0,2,2,-6.0,-6,-6,-6.0,-6.0,-6.0,-1.0,-1.0,-1.0
R1-6,720575940611948386,1,1,1,535,10.0,10,10,-16.0,-16,-16,-16.0,-16.0,-16.0,2.0,2.0,2.0
R1-6,720575940615141585,3,3,"2, 1",535,10.0,10,10,-15.667,-15,-16,-15.667,-15.0,-16.0,2.167,2.5,2.0
R1-6,720575940625106615,2,1,1,536,1.0,1,1,-6.0,-6,-6,-6.0,-6.0,-6.0,-2.0,-2.0,-2.0
R1-6,720575940625837863,1,1,1,542,13.0,13,13,-13.0,-13,-13,-13.0,-13.0,-13.0,6.5,6.5,6.5
R1-6,720575940615028433,1,1,1,543,1.0,1,1,2.0,2,2,2.0,2.0,2.0,2.0,2.0,2.0
R1-6,720575940617399126,1,1,1,543,1.0,1,1,2.0,2,2,2.0,2.0,2.0,2.0,2.0,2.0
R1-6,720575940638717929,1,1,1,543,1.0,1,1,2.0,2,2,2.0,2.0,2.0,2.0,2.0,2.0
R1-6,720575940615155921,1,1,1,545,0.0,0,0,-11.0,-11,-11,-11.0,-11.0,-11.0,-5.5,-5.5,-5.5
R1-6,720575940632050703,3,2,2,545,0.0,0,0,-11.0,-11,-11,-11.0,-11.0,-11.0,-5.5,-5.5,-5.5
R1-6,720575940634334433,1,1,1,546,0.0,0,0,-6.0,-6,-6,-6.0,-6.0,-6.0,-3.0,-3.0,-3.0
R1-6,720575940626408240,1,1,1,548,9.0,9,9,-2.0,-2,-2,-2.0,-2.0,-2.0,8.0,8.0,8.0
R1-6,720575940616776134,2,1,1,552,5.0,5,5,-9.0,-9,-9,-9.0,-9.0,-9.0,0.5,0.5,0.5
R1-6,720575940629862811,1,1,1,556,-5.0,-5,-5,0.0,0,0,0.0,0.0,0.0,-5.0,-5.0,-5.0
R1-6,720575940634290401,1,1,1,557,11.0,11,11,-12.0,-12,-12,-12.0,-12.0,-12.0,5.0,5.0,5.0
R1-6,720575940636133556,1,1,1,558,7.0,7,7,7.0,7,7,7.0,7.0,7.0,10.5,10.5,10.5
R1-6,720575940619446357,2,2,"1, 1",561,1.5,2,1,-11.0,-11,-11,-11.0,-11.0,-11.0,-4.0,-3.5,-4.5
R1-6,720575940615742314,1,1,1,563,12.0,12,12,-11.0,-11,-11,-11.0,-11.0,-11.0,6.5,6.5,6.5
R1-6,720575940616287810,1,1,1,563,12.0,12,12,-11.0,-11,-11,-11.0,-11.0,-11.0,6.5,6.5,6.5
R1-6,720575940624884733,1,1,1,563,12.0,12,12,-11.0,-11,-11,-11.0,-11.0,-11.0,6.5,6.5,6.5
R1-6,720575940618208657,1,1,1,564,15.0,15,15,-7.0,-7,-7,-7.0,-7.0,-7.0,11.5,11.5,11.5
R1-6,720575940632051983,1,1,1,564,15.0,15,15,-7.0,-7,-7,-7.0,-7.0,-7.0,11.5,11.5,11.5
R1-6,720575940632101906,1,1,1,566,9.0,9,9,-10.0,-10,-10,-10.0,-10.0,-10.0,4.0,4.0,4.0
R1-6,720575940618018141,1,1,1,568,-2.0,-2,-2,12.0,12,12,12.0,12.0,12.0,4.0,4.0,4.0
R1-6,720575940623312135,2,2,"1, 1",569,2.5,3,2,-12.0,-12,-12,-12.0,-12.0,-12.0,-3.5,-3.0,-4.0
R1-6,720575940638719578,1,1,1,569,3.0,3,3,-12.0,-12,-12,-12.0,-12.0,-12.0,-3.0,-3.0,-3.0
R1-6,720575940621224838,3,1,1,570,-10.0,-10,-10,-5.0,-5,-5,-5.0,-5.0,-5.0,-12.5,-12.5,-12.5
R1-6,720575940626984650,2,1,1,570,-10.0,-10,-10,-5.0,-5,-5,-5.0,-5.0,-5.0,-12.5,-12.5,-12.5
R1-6,720575940632202511,1,1,1,572,-9.0,-9,-9,15.0,15,15,15.0,15.0,15.0,-1.5,-1.5,-1.5
R1-6,720575940618701569,1,1,1,573,-3.0,-3,-3,-8.0,-8,-8,-8.0,-8.0,-8.0,-7.0,-7.0,-7.0
R1-6,720575940613073138,1,1,1,574,-8.0,-8,-8,11.0,11,11,11.0,11.0,11.0,-2.5,-2.5,-2.5
R1-6,720575940616763698,1,1,1,575,2.0,2,2,-13.0,-13,-13,-13.0,-13.0,-13.0,-4.5,-4.5,-4.5
R1-6,720575940632176170,1,1,1,575,2.0,2,2,-13.0,-13,-13,-13.0,-13.0,-13.0,-4.5,-4.5,-4.5
R1-6,720575940632176426,1,1,1,575,2.0,2,2,-13.0,-13,-13,-13.0,-13.0,-13.0,-4.5,-4.5,-4.5
R1-6,720575940613254297,2,1,1,576,-14.0,-14,-14,0.0,0,0,0.0,0.0,0.0,-14.0,-14.0,-14.0
R1-6,720575940625597880,1,1,1,576,-14.0,-14,-14,0.0,0,0,0.0,0.0,0.0,-14.0,-14.0,-14.0
R1-6,720575940629047793,1,1,1,576,-14.0,-14,-14,0.0,0,0,0.0,0.0,0.0,-14.0,-14.0,-14.0
R1-6,720575940622914917,1,1,1,578,10.0,10,10,-9.0,-9,-9,-9.0,-9.0,-9.0,5.5,5.5,5.5
R1-6,720575940623687693,1,1,1,578,10.0,10,10,-9.0,-9,-9,-9.0,-9.0,-9.0,5.5,5.5,5.5
R1-6,720575940626898494,2,1,1,578,10.0,10,10,-9.0,-9,-9,-9.0,-9.0,-9.0,5.5,5.5,5.5
R1-6,720575940617660555,1,1,1,581,-1.0,-1,-1,-7.0,-7,-7,-7.0,-7.0,-7.0,-4.5,-4.5,-4.5
R1-6,720575940621324635,1,1,1,583,16.0,16,16,-7.0,-7,-7,-7.0,-7.0,-7.0,12.5,12.5,12.5
R1-6,720575940628625148,1,1,1,583,16.0,16,16,-7.0,-7,-7,-7.0,-7.0,-7.0,12.5,12.5,12.5
R1-6,720575940617819963,2,2,2,584,-7.0,-7,-7,-9.0,-9,-9,-9.0,-9.0,-9.0,-11.5,-11.5,-11.5
R1-6,720575940626598346,1,1,1,584,-7.0,-7,-7,-9.0,-9,-9,-9.0,-9.0,-9.0,-11.5,-11.5,-11.5
R1-6,720575940606631089,1,1,1,586,-7.0,-7,-7,-4.0,-4,-4,-4.0,-4.0,-4.0,-9.0,-9.0,-9.0
R1-6,720575940621708198,2,1,1,587,-7.0,-7,-7,-8.0,-8,-8,-8.0,-8.0,-8.0,-11.0,-11.0,-11.0
R1-6,720575940628341416,1,1,1,587,-7.0,-7,-7,-8.0,-8,-8,-8.0,-8.0,-8.0,-11.0,-11.0,-11.0
R1-6,720575940632753711,1,1,1,587,-7.0,-7,-7,-8.0,-8,-8,-8.0,-8.0,-8.0,-11.0,-11.0,-11.0
R1-6,720575940619420736,3,2,2,589,2.0,2,2,1.0,1,1,1.0,1.0,1.0,2.5,2.5,2.5
R1-6,720575940624798391,1,1,1,590,-3.0,-3,-3,-3.0,-3,-3,-3.0,-3.0,-3.0,-4.5,-4.5,-4.5
R1-6,720575940618121565,2,2,"1, 1",591,5.5,6,5,-7.0,-7,-7,-7.0,-7.0,-7.0,2.0,2.5,1.5
R1-6,720575940632619832,1,1,1,591,5.0,5,5,-7.0,-7,-7,-7.0,-7.0,-7.0,1.5,1.5,1.5
R1-6,720575940629643779,1,1,1,593,10.0,10,10,-6.0,-6,-6,-6.0,-6.0,-6.0,7.0,7.0,7.0
R1-6,720575940638839012,1,1,1,593,10.0,10,10,-6.0,-6,-6,-6.0,-6.0,-6.0,7.0,7.0,7.0
R1-6,720575940624774397,2,2,2,594,15.0,15,15,-14.0,-14,-14,-14.0,-14.0,-14.0,8.0,8.0,8.0
R1-6,720575940617489750,1,1,1,595,13.0,13,13,-14.0,-14,-14,-14.0,-14.0,-14.0,6.0,6.0,6.0
R1-6,720575940630993623,2,1,1,597,4.0,4,4,-9.0,-9,-9,-9.0,-9.0,-9.0,-0.5,-0.5,-0.5
R1-6,720575940627301032,1,1,1,599,-5.0,-5,-5,1.0,1,1,1.0,1.0,1.0,-4.5,-4.5,-4.5
R1-6,720575940637504142,1,1,1,602,5.0,5,5,-8.0,-8,-8,-8.0,-8.0,-8.0,1.0,1.0,1.0
R1-6,720575940606144544,1,1,1,603,9.0,9,9,5.0,5,5,5.0,5.0,5.0,11.5,11.5,11.5
R1-6,720575940624252356,1,1,1,604,3.0,3,3,11.0,11,11,11.0,11.0,11.0,8.5,8.5,8.5
R1-6,720575940618165597,1,1,1,605,-4.0,-4,-4,-7.0,-7,-7,-7.0,-7.0,-7.0,-7.5,-7.5,-7.5
R1-6,720575940612413298,2,2,"1, 1",606,8.5,9,8,1.0,1,1,1.0,1.0,1.0,9.0,9.5,8.5
R1-6,720575940631020252,3,1,1,610,14.0,14,14,-5.0,-5,-5,-5.0,-5.0,-5.0,11.5,11.5,11.5
R1-6,720575940622084006,1,1,1,615,-3.0,-3,-3,13.0,13,13,13.0,13.0,13.0,3.5,3.5,3.5
R1-6,720575940642614235,1,1,1,620,7.0,7,7,-15.0,-15,-15,-15.0,-15.0,-15.0,-0.5,-0.5,-0.5
R1-6,720575940630965336,1,1,1,621,-11.0,-11,-11,-2.0,-2,-2,-2.0,-2.0,-2.0,-12.0,-12.0,-12.0
R1-6,720575940631174103,1,1,1,623,-5.0,-5,-5,-3.0,-3,-3,-3.0,-3.0,-3.0,-6.5,-6.5,-6.5
R1-6,720575940619577246,2,1,1,626,-1.0,-1,-1,10.0,10,10,10.0,10.0,10.0,4.0,4.0,4.0
R1-6,720575940613040613,1,1,1,629,-8.0,-8,-8,-8.0,-8,-8,-8.0,-8.0,-8.0,-12.0,-12.0,-12.0
R1-6,720575940616741170,2,2,2,629,-8.0,-8,-8,-8.0,-8,-8,-8.0,-8.0,-8.0,-12.0,-12.0,-12.0
R1-6,720575940622752606,1,1,1,629,-8.0,-8,-8,-8.0,-8,-8,-8.0,-8.0,-8.0,-12.0,-12.0,-12.0
R1-6,720575940618549168,1,1,1,631,-12.0,-12,-12,-2.0,-2,-2,-2.0,-2.0,-2.0,-13.0,-13.0,-13.0
R1-6,720575940621793345,1,1,1,631,-12.0,-12,-12,-2.0,-2,-2,-2.0,-2.0,-2.0,-13.0,-13.0,-13.0
R1-6,720575940621457517,1,1,1,634,5.0,5,5,5.0,5,5,5.0,5.0,5.0,7.5,7.5,7.5
R1-6,720575940640461987,1,1,1,635,9.0,9,9,-12.0,-12,-12,-12.0,-12.0,-12.0,3.0,3.0,3.0
R1-6,720575940607988914,2,1,1,637,14.0,14,14,-7.0,-7,-7,-7.0,-7.0,-7.0,10.5,10.5,10.5
R1-6,720575940628401173,2,1,1,637,14.0,14,14,-7.0,-7,-7,-7.0,-7.0,-7.0,10.5,10.5,10.5
R1-6,720575940633562285,1,1,1,642,1.0,1,1,9.0,9,9,9.0,9.0,9.0,5.5,5.5,5.5
R1-6,720575940625670414,2,2,2,643,-1.0,-1,-1,-12.0,-12,-12,-12.0,-12.0,-12.0,-7.0,-7.0,-7.0
R1-6,720575940628248463,1,1,1,643,-1.0,-1,-1,-12.0,-12,-12,-12.0,-12.0,-12.0,-7.0,-7.0,-7.0
R1-6,720575940630371966,1,1,1,643,-1.0,-1,-1,-12.0,-12,-12,-12.0,-12.0,-12.0,-7.0,-7.0,-7.0
R1-6,720575940618112349,2,2,2,646,-2.0,-2,-2,-13.0,-13,-13,-13.0,-13.0,-13.0,-8.5,-8.5,-8.5
R1-6,720575940632688175,3,2,2,647,0.0,0,0,7.0,7,7,7.0,7.0,7.0,3.5,3.5,3.5
R1-6,720575940633915603,1,1,1,648,-2.0,-2,-2,-3.0,-3,-3,-3.0,-3.0,-3.0,-3.5,-3.5,-3.5
R1-6,720575940641172688,1,1,1,650,10.0,10,10,5.0,5,5,5.0,5.0,5.0,12.5,12.5,12.5
R1-6,720575940620439381,2,1,1,651,-1.0,-1,-1,7.0,7,7,7.0,7.0,7.0,2.5,2.5,2.5
R1-6,720575940637246821,1,1,1,656,6.0,6,6,-1.0,-1,-1,-1.0,-1.0,-1.0,5.5,5.5,5.5
R1-6,720575940642942605,2,2,"1, 1",656,5.5,6,5,-1.0,-1,-1,-1.0,-1.0,-1.0,5.0,5.5,4.5
R1-6,720575940616918796,1,1,1,657,11.0,11,11,3.0,3,3,3.0,3.0,3.0,12.5,12.5,12.5
R1-6,720575940622597360,1,1,1,657,11.0,11,11,3.0,3,3,3.0,3.0,3.0,12.5,12.5,12.5
R1-6,720575940631061080,1,1,1,658,-9.0,-9,-9,-2.0,-2,-2,-2.0,-2.0,-2.0,-10.0,-10.0,-10.0
R1-6,720575940627229461,1,1,1,659,-1.0,-1,-1,8.0,8,8,8.0,8.0,8.0,3.0,3.0,3.0
R1-6,720575940621094022,1,1,1,660,-12.0,-12,-12,-4.0,-4,-4,-4.0,-4.0,-4.0,-14.0,-14.0,-14.0
R1-6,720575940627418969,1,1,1,662,3.0,3,3,-5.0,-5,-5,-5.0,-5.0,-5.0,0.5,0.5,0.5
R1-6,720575940628082954,1,1,1,662,3.0,3,3,-5.0,-5,-5,-5.0,-5.0,-5.0,0.5,0.5,0.5
R1-6,720575940624373994,2,2,2,664,15.0,15,15,-3.0,-3,-3,-3.0,-3.0,-3.0,13.5,13.5,13.5
R1-6,720575940613547798,1,1,1,665,8.0,8,8,-14.0,-14,-14,-14.0,-14.0,-14.0,1.0,1.0,1.0
R1-6,720575940614654248,1,1,1,665,8.0,8,8,-14.0,-14,-14,-14.0,-14.0,-14.0,1.0,1.0,1.0
R1-6,720575940622398591,1,1,1,665,8.0,8,8,-14.0,-14,-14,-14.0,-14.0,-14.0,1.0,1.0,1.0
R1-6,720575940628530600,2,1,1,665,8.0,8,8,-14.0,-14,-14,-14.0,-14.0,-14.0,1.0,1.0,1.0
R1-6,720575940638281950,1,1,1,665,8.0,8,8,-14.0,-14,-14,-14.0,-14.0,-14.0,1.0,1.0,1.0
R1-6,720575940640315701,1,1,1,665,8.0,8,8,-14.0,-14,-14,-14.0,-14.0,-14.0,1.0,1.0,1.0
R1-6,720575940622070625,1,1,1,666,14.0,14,14,-15.0,-15,-15,-15.0,-15.0,-15.0,6.5,6.5,6.5
R1-6,720575940632934447,1,1,1,667,15.0,15,15,-2.0,-2,-2,-2.0,-2.0,-2.0,14.0,14.0,14.0
R1-6,720575940611625682,2,1,1,669,12.0,12,12,-8.0,-8,-8,-8.0,-8.0,-8.0,8.0,8.0,8.0
R1-6,720575940624771509,1,1,1,669,12.0,12,12,-8.0,-8,-8,-8.0,-8.0,-8.0,8.0,8.0,8.0
R1-6,720575940626451504,1,1,1,669,12.0,12,12,-8.0,-8,-8,-8.0,-8.0,-8.0,8.0,8.0,8.0
R1-6,720575940633164196,1,1,1,676,8.0,8,8,5.0,5,5,5.0,5.0,5.0,10.5,10.5,10.5
R1-6,720575940635019683,1,1,1,676,8.0,8,8,5.0,5,5,5.0,5.0,5.0,10.5,10.5,10.5
R1-6,720575940635296919,3,1,1,678,7.0,7,7,-7.0,-7,-7,-7.0,-7.0,-7.0,3.5,3.5,3.5
R1-6,720575940650440313,2,1,1,679,-5.0,-5,-5,-8.0,-8,-8,-8.0,-8.0,-8.0,-9.0,-9.0,-9.0
R1-6,720575940629075817,1,1,1,680,-13.0,-13,-13,1.0,1,1,1.0,1.0,1.0,-12.5,-12.5,-12.5
R1-6,720575940627418457,1,1,1,683,-1.0,-1,-1,-4.0,-4,-4,-4.0,-4.0,-4.0,-3.0,-3.0,-3.0
R1-6,720575940635746923,1,1,1,685,0.0,0,0,9.0,9,9,9.0,9.0,9.0,4.5,4.5,4.5
R1-6,720575940614367981,1,1,1,686,16.0,16,16,-10.0,-10,-10,-10.0,-10.0,-10.0,11.0,11.0,11.0
R1-6,720575940628453137,1,1,1,686,16.0,16,16,-10.0,-10,-10,-10.0,-10.0,-10.0,11.0,11.0,11.0
R1-6,720575940653222134,1,1,1,686,16.0,16,16,-10.0,-10,-10,-10.0,-10.0,-10.0,11.0,11.0,11.0
R1-6,720575940622520670,1,1,1,687,-4.0,-4,-4,11.0,11,11,11.0,11.0,11.0,1.5,1.5,1.5
R1-6,720575940624704199,1,1,1,692,-16.0,-16,-16,8.0,8,8,8.0,8.0,8.0,-12.0,-12.0,-12.0
R1-6,720575940616131650,1,1,1,697,12.0,12,12,-2.0,-2,-2,-2.0,-2.0,-2.0,11.0,11.0,11.0
R1-6,720575940620875173,1,1,1,697,12.0,12,12,-2.0,-2,-2,-2.0,-2.0,-2.0,11.0,11.0,11.0
R1-6,720575940645383204,1,1,1,697,12.0,12,12,-2.0,-2,-2,-2.0,-2.0,-2.0,11.0,11.0,11.0
R1-6,720575940609501451,3,2,"1, 1",698,10.5,11,10,-13.0,-13,-13,-13.0,-13.0,-13.0,4.0,4.5,3.5
R1-6,720575940611480696,1,1,1,698,10.0,10,10,-13.0,-13,-13,-13.0,-13.0,-13.0,3.5,3.5,3.5
R1-6,720575940621660781,2,1,1,698,10.0,10,10,-13.0,-13,-13,-13.0,-13.0,-13.0,3.5,3.5,3.5
R1-6,720575940623271389,1,1,1,698,10.0,10,10,-13.0,-13,-13,-13.0,-13.0,-13.0,3.5,3.5,3.5
R1-6,720575940638832100,2,1,1,698,10.0,10,10,-13.0,-13,-13,-13.0,-13.0,-13.0,3.5,3.5,3.5
R1-6,720575940615541142,1,1,1,700,-2.0,-2,-2,-11.0,-11,-11,-11.0,-11.0,-11.0,-7.5,-7.5,-7.5
R1-6,720575940618794779,3,1,1,700,-2.0,-2,-2,-11.0,-11,-11,-11.0,-11.0,-11.0,-7.5,-7.5,-7.5
R1-6,720575940625604284,1,1,1,700,-2.0,-2,-2,-11.0,-11,-11,-11.0,-11.0,-11.0,-7.5,-7.5,-7.5
R1-6,720575940626628298,1,1,1,700,-2.0,-2,-2,-11.0,-11,-11,-11.0,-11.0,-11.0,-7.5,-7.5,-7.5
R1-6,720575940632013643,2,2,"1, 1",700,-2.5,-2,-3,-11.0,-11,-11,-11.0,-11.0,-11.0,-8.0,-7.5,-8.5
R1-6,720575940632491843,1,1,1,700,-2.0,-2,-2,-11.0,-11,-11,-11.0,-11.0,-11.0,-7.5,-7.5,-7.5
R1-6,720575940638875967,1,1,1,700,-2.0,-2,-2,-11.0,-11,-11,-11.0,-11.0,-11.0,-7.5,-7.5,-7.5
R1-6,720575940622628852,2,1,1,705,1.0,1,1,-3.0,-3,-3,-3.0,-3.0,-3.0,-0.5,-0.5,-0.5
R1-6,720575940628211258,1,1,1,705,1.0,1,1,-3.0,-3,-3,-3.0,-3.0,-3.0,-0.5,-0.5,-0.5
R1-6,720575940630295143,1,1,1,706,-1.0,-1,-1,14.0,14,14,14.0,14.0,14.0,6.0,6.0,6.0
R1-6,720575940620680071,1,1,1,710,17.0,17,17,-9.0,-9,-9,-9.0,-9.0,-9.0,12.5,12.5,12.5
R1-6,720575940645241636,2,2,2,710,17.0,17,17,-9.0,-9,-9,-9.0,-9.0,-9.0,12.5,12.5,12.5
R1-6,720575940616111366,3,1,1,711,-10.0,-10,-10,1.0,1,1,1.0,1.0,1.0,-9.5,-9.5,-9.5
R1-6,720575940627223897,1,1,1,711,-10.0,-10,-10,1.0,1,1,1.0,1.0,1.0,-9.5,-9.5,-9.5
R1-6,720575940614774323,1,1,1,714,-1.0,-1,-1,-10.0,-10,-10,-10.0,-10.0,-10.0,-6.0,-6.0,-6.0
R1-6,720575940618781012,1,1,1,714,-1.0,-1,-1,-10.0,-10,-10,-10.0,-10.0,-10.0,-6.0,-6.0,-6.0
R1-6,720575940634340066,1,1,1,714,-1.0,-1,-1,-10.0,-10,-10,-10.0,-10.0,-10.0,-6.0,-6.0,-6.0
R1-6,720575940607996338,1,1,1,716,7.0,7,7,-8.0,-8,-8,-8.0,-8.0,-8.0,3.0,3.0,3.0
R1-6,720575940633499475,2,1,1,717,13.0,13,13,-4.0,-4,-4,-4.0,-4.0,-4.0,11.0,11.0,11.0
R1-6,720575940631339126,1,1,1,718,-17.0,-17,-17,10.0,10,10,10.0,10.0,10.0,-12.0,-12.0,-12.0
R1-6,720575940631525207,1,1,1,719,-12.0,-12,-12,-3.0,-3,-3,-3.0,-3.0,-3.0,-13.5,-13.5,-13.5
R1-6,720575940606316222,1,1,1,721,-1.0,-1,-1,-11.0,-11,-11,-11.0,-11.0,-11.0,-6.5,-6.5,-6.5
R1-6,720575940620758919,2,1,1,721,-1.0,-1,-1,-11.0,-11,-11,-11.0,-11.0,-11.0,-6.5,-6.5,-6.5
R1-6,720575940638805732,1,1,1,721,-1.0,-1,-1,-11.0,-11,-11,-11.0,-11.0,-11.0,-6.5,-6.5,-6.5
R1-6,720575940611653496,1,1,1,722,14.0,14,14,-13.0,-13,-13,-13.0,-13.0,-13.0,7.5,7.5,7.5
R1-6,720575940622645748,1,1,1,722,14.0,14,14,-13.0,-13,-13,-13.0,-13.0,-13.0,7.5,7.5,7.5
R1-6,720575940632784977,2,2,2,722,14.0,14,14,-13.0,-13,-13,-13.0,-13.0,-13.0,7.5,7.5,7.5
R1-6,720575940607529417,1,1,1,723,4.0,4,4,3.0,3,3,3.0,3.0,3.0,5.5,5.5,5.5
R1-6,720575940638216414,2,1,1,723,4.0,4,4,3.0,3,3,3.0,3.0,3.0,5.5,5.5,5.5
R1-6,720575940628251273,2,1,1,724,3.0,3,3,-8.0,-8,-8,-8.0,-8.0,-8.0,-1.0,-1.0,-1.0
R1-6,720575940639775165,2,2,2,726,16.0,16,16,-4.0,-4,-4,-4.0,-4.0,-4.0,14.0,14.0,14.0
R1-6,720575940647576372,2,2,"1, 1",726,16.5,17,16,-5.0,-4,-6,-5.0,-4.0,-6.0,14.0,14.0,14.0
R1-6,720575940609059164,3,2,2,728,1.0,1,1,-14.0,-14,-14,-14.0,-14.0,-14.0,-6.0,-6.0,-6.0
R1-6,720575940621482223,3,2,2,728,1.0,1,1,-14.0,-14,-14,-14.0,-14.0,-14.0,-6.0,-6.0,-6.0
R1-6,720575940645345828,2,2,2,728,1.0,1,1,-14.0,-14,-14,-14.0,-14.0,-14.0,-6.0,-6.0,-6.0
R1-6,720575940612841329,1,1,1,733,4.0,4,4,9.0,9,9,9.0,9.0,9.0,8.5,8.5,8.5
R1-6,720575940627438867,1,1,1,733,4.0,4,4,9.0,9,9,9.0,9.0,9.0,8.5,8.5,8.5
R1-6,720575940610806340,3,1,1,734,2.0,2,2,-4.0,-4,-4,-4.0,-4.0,-4.0,0.0,0.0,0.0
R1-6,720575940618844189,1,1,1,734,2.0,2,2,-4.0,-4,-4,-4.0,-4.0,-4.0,0.0,0.0,0.0
R1-6,720575940611365752,2,1,1,735,13.0,13,13,-3.0,-3,-3,-3.0,-3.0,-3.0,11.5,11.5,11.5
R1-6,720575940609630987,2,2,2,740,6.0,6,6,-4.0,-4,-4,-4.0,-4.0,-4.0,4.0,4.0,4.0
R1-6,720575940615688086,1,1,1,740,6.0,6,6,-4.0,-4,-4,-4.0,-4.0,-4.0,4.0,4.0,4.0
R1-6,720575940618099417,1,1,1,750,16.0,16,16,-8.0,-8,-8,-8.0,-8.0,-8.0,12.0,12.0,12.0
R1-6,720575940621612653,1,1,1,750,16.0,16,16,-8.0,-8,-8,-8.0,-8.0,-8.0,12.0,12.0,12.0
R1-6,720575940617719099,1,1,1,752,-5.0,-5,-5,3.0,3,3,3.0,3.0,3.0,-3.5,-3.5,-3.5
R1-6,720575940614724783,2,1,1,753,-15.0,-15,-15,6.0,6,6,6.0,6.0,6.0,-12.0,-12.0,-12.0
R1-6,720575940630789948,1,1,1,755,-5.0,-5,-5,-9.0,-9,-9,-9.0,-9.0,-9.0,-9.5,-9.5,-9.5
R1-6,720575940615126270,2,2,"1, 1",756,-5.5,-5,-6,-9.5,-9,-10,-9.5,-9.0,-10.0,-10.25,-10.0,-10.5
R1-6,720575940615169959,1,1,1,756,-5.0,-5,-5,-10.0,-10,-10,-10.0,-10.0,-10.0,-10.0,-10.0,-10.0
R1-6,720575940621418678,1,1,1,756,-5.0,-5,-5,-10.0,-10,-10,-10.0,-10.0,-10.0,-10.0,-10.0,-10.0
R1-6,720575940628889162,3,1,1,756,-5.0,-5,-5,-10.0,-10,-10,-10.0,-10.0,-10.0,-10.0,-10.0,-10.0
R1-6,720575940632090130,1,1,1,758,6.0,6,6,-11.0,-11,-11,-11.0,-11.0,-11.0,0.5,0.5,0.5
R1-6,720575940611875170,1,1,1,759,0.0,0,0,-14.0,-14,-14,-14.0,-14.0,-14.0,-7.0,-7.0,-7.0
R1-6,720575940620609365,2,2,2,759,0.0,0,0,-14.0,-14,-14,-14.0,-14.0,-14.0,-7.0,-7.0,-7.0
R1-6,720575940627074588,1,1,1,760,-8.0,-8,-8,-1.0,-1,-1,-1.0,-1.0,-1.0,-8.5,-8.5,-8.5
R1-6,720575940621331182,2,2,"1, 1",761,5.5,6,5,8.0,8,8,8.0,8.0,8.0,9.5,10.0,9.0
R1-6,720575940625171655,1,1,1,767,-13.0,-13,-13,-2.0,-2,-2,-2.0,-2.0,-2.0,-14.0,-14.0,-14.0
R1-6,720575940630048155,1,1,1,768,1.0,1,1,-7.0,-7,-7,-7.0,-7.0,-7.0,-2.5,-2.5,-2.5
R1-6,720575940622393357,1,1,1,770,3.0,3,3,-10.0,-10,-10,-10.0,-10.0,-10.0,-2.0,-2.0,-2.0
R1-6,720575940632068044,1,1,1,770,3.0,3,3,-10.0,-10,-10,-10.0,-10.0,-10.0,-2.0,-2.0,-2.0
R1-6,720575940624349636,1,1,1,772,-5.0,-5,-5,-2.0,-2,-2,-2.0,-2.0,-2.0,-6.0,-6.0,-6.0
R1-6,720575940616757810,1,1,1,773,15.0,15,15,-11.0,-11,-11,-11.0,-11.0,-11.0,9.5,9.5,9.5
R1-6,720575940622762334,1,1,1,773,15.0,15,15,-11.0,-11,-11,-11.0,-11.0,-11.0,9.5,9.5,9.5
R1-6,720575940625314028,1,1,1,773,15.0,15,15,-11.0,-11,-11,-11.0,-11.0,-11.0,9.5,9.5,9.5
R1-6,720575940609942211,2,2,2,775,-6.0,-6,-6,-10.0,-10,-10,-10.0,-10.0,-10.0,-11.0,-11.0,-11.0
R1-6,720575940628341160,3,3,3,775,-6.0,-6,-6,-10.0,-10,-10,-10.0,-10.0,-10.0,-11.0,-11.0,-11.0
R1-6,720575940614709043,2,2,2,776,-5.0,-5,-5,-11.0,-11,-11,-11.0,-11.0,-11.0,-10.5,-10.5,-10.5
R1-6,720575940621264722,1,1,1,776,-5.0,-5,-5,-11.0,-11,-11,-11.0,-11.0,-11.0,-10.5,-10.5,-10.5
R1-6,720575940624637522,2,2,"1, 1",777,-4.0,-4,-4,-11.5,-11,-12,-11.5,-11.0,-12.0,-9.75,-9.5,-10.0
R1-6,720575940640753059,1,1,1,778,-8.0,-8,-8,-9.0,-9,-9,-9.0,-9.0,-9.0,-12.5,-12.5,-12.5
R1-6,720575940616156482,2,2,2,779,-7.0,-7,-7,-10.0,-10,-10,-10.0,-10.0,-10.0,-12.0,-12.0,-12.0
R1-6,720575940631237494,1,1,1,779,-7.0,-7,-7,-10.0,-10,-10,-10.0,-10.0,-10.0,-12.0,-12.0,-12.0
R1-6,720575940606388000,1,1,1,781,-18.0,-18,-18,10.0,10,10,10.0,10.0,10.0,-13.0,-13.0,-13.0
R1-6,720575940633726803,2,2,2,789,11.0,11,11,5.0,5,5,5.0,5.0,5.0,13.5,13.5,13.5
R1-6,720575940633356371,1,1,1,790,12.0,12,12,3.0,3,3,3.0,3.0,3.0,13.5,13.5,13.5
R1-6,720575940621707430,1,1,1,792,7.0,7,7,-16.0,-16,-16,-16.0,-16.0,-16.0,-1.0,-1.0,-1.0
R1-6,720575940624364484,1,1,1,792,7.0,7,7,-16.0,-16,-16,-16.0,-16.0,-16.0,-1.0,-1.0,-1.0
R1-6,720575940630420311,2,2,2,793,11.0,11,11,-16.0,-16,-16,-16.0,-16.0,-16.0,3.0,3.0,3.0
R1-6,720575940624256659,1,1,1,795,17.0,17,17,-13.0,-13,-13,-13.0,-13.0,-13.0,10.5,10.5,10.5
R1-6,720575940601049097,0,0,,,,,,,,,,,,,,
R1-6,720575940605444576,0,0,,,,,,,,,,,,,,
R1-6,720575940605515744,0,0,,,,,,,,,,,,,,
R1-6,720575940605560288,0,0,,,,,,,,,,,,,,
R1-6,720575940605561824,0,0,,,,,,,,,,,,,,
R1-6,720575940605590444,0,0,,,,,,,,,,,,,,
R1-6,720575940605604576,0,0,,,,,,,,,,,,,,
R1-6,720575940605616096,1,0,,,,,,,,,,,,,,
R1-6,720575940605623776,0,0,,,,,,,,,,,,,,
R1-6,720575940605642412,0,0,,,,,,,,,,,,,,
R1-6,720575940605663148,0,0,,,,,,,,,,,,,,
R1-6,720575940605677484,0,0,,,,,,,,,,,,,,
R1-6,720575940605690796,0,0,,,,,,,,,,,,,,
R1-6,720575940605718188,0,0,,,,,,,,,,,,,,
R1-6,720575940605740460,0,0,,,,,,,,,,,,,,
R1-6,720575940605756332,0,0,,,,,,,,,,,,,,
R1-6,720575940605767084,0,0,,,,,,,,,,,,,,
R1-6,720575940605808044,0,0,,,,,,,,,,,,,,
R1-6,720575940605824684,0,0,,,,,,,,,,,,,,
R1-6,720575940605828268,1,0,,,,,,,,,,,,,,
R1-6,720575940605852588,0,0,,,,,,,,,,,,,,
R1-6,720575940605853356,0,0,,,,,,,,,,,,,,
R1-6,720575940605861036,0,0,,,,,,,,,,,,,,
R1-6,720575940605861804,0,0,,,,,,,,,,,,,,
R1-6,720575940605869228,1,0,,,,,,,,,,,,,,
R1-6,720575940605923296,0,0,,,,,,,,,,,,,,
R1-6,720575940605926112,0,0,,,,,,,,,,,,,,
R1-6,720575940606130720,0,0,,,,,,,,,,,,,,
R1-6,720575940606139680,0,0,,,,,,,,,,,,,,
R1-6,720575940606198974,0,0,,,,,,,,,,,,,,
R1-6,720575940606208288,0,0,,,,,,,,,,,,,,
R1-6,720575940606214590,0,0,,,,,,,,,,,,,,
R1-6,720575940606221414,0,0,,,,,,,,,,,,,,
R1-6,720575940606223904,0,0,,,,,,,,,,,,,,
R1-6,720575940606236448,0,0,,,,,,,,,,,,,,
R1-6,720575940606237798,0,0,,,,,,,,,,,,,,
R1-6,720575940606237984,1,0,,,,,,,,,,,,,,
R1-6,720575940606295486,0,0,,,,,,,,,,,,,,
R1-6,720575940606313918,0,0,,,,,,,,,,,,,,
R1-6,720575940606315040,0,0,,,,,,,,,,,,,,
R1-6,720575940606330726,0,0,,,,,,,,,,,,,,
R1-6,720575940606354022,0,0,,,,,,,,,,,,,,
R1-6,720575940606367422,0,0,,,,,,,,,,,,,,
R1-6,720575940606369824,0,0,,,,,,,,,,,,,,
R1-6,720575940606379808,0,0,,,,,,,,,,,,,,
R1-6,720575940606380390,0,0,,,,,,,,,,,,,,
R1-6,720575940606381158,0,0,,,,,,,,,,,,,,
R1-6,720575940606383038,0,0,,,,,,,,,,,,,,
R1-6,720575940606406758,0,0,,,,,,,,,,,,,,
R1-6,720575940606407270,0,0,,,,,,,,,,,,,,
R1-6,720575940606413344,1,0,,,,,,,,,,,,,,
R1-6,720575940606416230,0,0,,,,,,,,,,,,,,
R1-6,720575940606416672,1,0,,,,,,,,,,,,,,
R1-6,720575940606426814,0,0,,,,,,,,,,,,,,
R1-6,720575940606427494,1,0,,,,,,,,,,,,,,
R1-6,720575940606431776,0,0,,,,,,,,,,,,,,
R1-6,720575940606437990,0,0,,,,,,,,,,,,,,
R1-6,720575940606449254,0,0,,,,,,,,,,,,,,
R1-6,720575940606450353,0,0,,,,,,,,,,,,,,
R1-6,720575940606451134,0,0,,,,,,,,,,,,,,
R1-6,720575940606462566,1,0,,,,,,,,,,,,,,
R1-6,720575940606470590,0,0,,,,,,,,,,,,,,
R1-6,720575940606470846,0,0,,,,,,,,,,,,,,
R1-6,720575940606475198,0,0,,,,,,,,,,,,,,
R1-6,720575940606482022,0,0,,,,,,,,,,,,,,
R1-6,720575940606514534,1,0,,,,,,,,,,,,,,
R1-6,720575940606519910,0,0,,,,,,,,,,,,,,
R1-6,720575940606529382,0,0,,,,,,,,,,,,,,
R1-6,720575940606531811,1,0,,,,,,,,,,,,,,
R1-6,720575940606543038,0,0,,,,,,,,,,,,,,
R1-6,720575940606544486,1,0,,,,,,,,,,,,,,
R1-6,720575940606574694,0,0,,,,,,,,,,,,,,
R1-6,720575940606579902,0,0,,,,,,,,,,,,,,
R1-6,720575940606583072,0,0,,,,,,,,,,,,,,
R1-6,720575940606613169,0,0,,,,,,,,,,,,,,
R1-6,720575940606618982,0,0,,,,,,,,,,,,,,
R1-6,720575940606624177,0,0,,,,,,,,,,,,,,
R1-6,720575940606635953,0,0,,,,,,,,,,,,,,
R1-6,720575940606642609,0,0,,,,,,,,,,,,,,
R1-6,720575940606666016,0,0,,,,,,,,,,,,,,
R1-6,720575940606684593,0,0,,,,,,,,,,,,,,
R1-6,720575940606698161,0,0,,,,,,,,,,,,,,
R1-6,720575940606718142,1,0,,,,,,,,,,,,,,
R1-6,720575940606723942,0,0,,,,,,,,,,,,,,
R1-6,720575940606725054,0,0,,,,,,,,,,,,,,
R1-6,720575940606730598,0,0,,,,,,,,,,,,,,
R1-6,720575940606762174,0,0,,,,,,,,,,,,,,
R1-6,720575940606770865,0,0,,,,,,,,,,,,,,
R1-6,720575940606792881,7,0,,,,,,,,,,,,,,
R1-6,720575940607124707,0,0,,,,,,,,,,,,,,
R1-6,720575940607386569,0,0,,,,,,,,,,,,,,
R1-6,720575940607488457,0,0,,,,,,,,,,,,,,
R1-6,720575940607492553,0,0,,,,,,,,,,,,,,
R1-6,720575940607518409,0,0,,,,,,,,,,,,,,
R1-6,720575940607535817,0,0,,,,,,,,,,,,,,
R1-6,720575940607540681,0,0,,,,,,,,,,,,,,
R1-6,720575940607547337,0,0,,,,,,,,,,,,,,
R1-6,720575940607550921,0,0,,,,,,,,,,,,,,
R1-6,720575940607573449,0,0,,,,,,,,,,,,,,
R1-6,720575940607585737,0,0,,,,,,,,,,,,,,
R1-6,720575940607613385,0,0,,,,,,,,,,,,,,
R1-6,720575940607614153,0,0,,,,,,,,,,,,,,
R1-6,720575940607647433,0,0,,,,,,,,,,,,,,
R1-6,720575940607738754,0,0,,,,,,,,,,,,,,
R1-6,720575940607824050,0,0,,,,,,,,,,,,,,
R1-6,720575940607867570,1,0,,,,,,,,,,,,,,
R1-6,720575940607900594,0,0,,,,,,,,,,,,,,
R1-6,720575940607900850,0,0,,,,,,,,,,,,,,
R1-6,720575940607907970,2,0,,,,,,,,,,,,,,
R1-6,720575940607908226,0,0,,,,,,,,,,,,,,
R1-6,720575940607929730,0,0,,,,,,,,,,,,,,
R1-6,720575940607937922,0,0,,,,,,,,,,,,,,
R1-6,720575940607958990,0,0,,,,,,,,,,,,,,
R1-6,720575940607965570,0,0,,,,,,,,,,,,,,
R1-6,720575940607976114,0,0,,,,,,,,,,,,,,
R1-6,720575940607977858,0,0,,,,,,,,,,,,,,
R1-6,720575940607986866,0,0,,,,,,,,,,,,,,
R1-6,720575940608024754,1,0,,,,,,,,,,,,,,
R1-6,720575940608031154,0,0,,,,,,,,,,,,,,
R1-6,720575940608052866,0,0,,,,,,,,,,,,,,
R1-6,720575940608054962,0,0,,,,,,,,,,,,,,
R1-6,720575940608062130,1,0,,,,,,,,,,,,,,
R1-6,720575940608063666,0,0,,,,,,,,,,,,,,
R1-6,720575940608071602,1,0,,,,,,,,,,,,,,
R1-6,720575940608087730,0,0,,,,,,,,,,,,,,
R1-6,720575940608135858,0,0,,,,,,,,,,,,,,
R1-6,720575940608310402,0,0,,,,,,,,,,,,,,
R1-6,720575940608617429,1,0,,,,,,,,,,,,,,
R1-6,720575940608883804,0,0,,,,,,,,,,,,,,
R1-6,720575940608886108,0,0,,,,,,,,,,,,,,
R1-6,720575940608889948,0,0,,,,,,,,,,,,,,
R1-6,720575940608998236,0,0,,,,,,,,,,,,,,
R1-6,720575940609032982,0,0,,,,,,,,,,,,,,
R1-6,720575940609043292,0,0,,,,,,,,,,,,,,
R1-6,720575940609115250,2,0,,,,,,,,,,,,,,
R1-6,720575940609128201,0,0,,,,,,,,,,,,,,
R1-6,720575940609178377,0,0,,,,,,,,,,,,,,
R1-6,720575940609201163,0,0,,,,,,,,,,,,,,
R1-6,720575940609212169,0,0,,,,,,,,,,,,,,
R1-6,720575940609219593,0,0,,,,,,,,,,,,,,
R1-6,720575940609229660,0,0,,,,,,,,,,,,,,
R1-6,720575940609229835,0,0,,,,,,,,,,,,,,
R1-6,720575940609239051,1,0,,,,,,,,,,,,,,
R1-6,720575940609240073,0,0,,,,,,,,,,,,,,
R1-6,720575940609241099,0,0,,,,,,,,,,,,,,
R1-6,720575940609317897,0,0,,,,,,,,,,,,,,
R1-6,720575940609342985,0,0,,,,,,,,,,,,,,
R1-6,720575940609345033,0,0,,,,,,,,,,,,,,
R1-6,720575940609361756,0,0,,,,,,,,,,,,,,
R1-6,720575940609362187,0,0,,,,,,,,,,,,,,
R1-6,720575940609362443,0,0,,,,,,,,,,,,,,
R1-6,720575940609370633,1,0,,,,,,,,,,,,,,
R1-6,720575940609387531,0,0,,,,,,,,,,,,,,
R1-6,720575940609408836,0,0,,,,,,,,,,,,,,
R1-6,720575940609457163,0,0,,,,,,,,,,,,,,
R1-6,720575940609457673,0,0,,,,,,,,,,,,,,
R1-6,720575940609458953,0,0,,,,,,,,,,,,,,
R1-6,720575940609461001,1,0,,,,,,,,,,,,,,
R1-6,720575940609466692,1,0,,,,,,,,,,,,,,
R1-6,720575940609468939,0,0,,,,,,,,,,,,,,
R1-6,720575940609481737,0,0,,,,,,,,,,,,,,
R1-6,720575940609484299,0,0,,,,,,,,,,,,,,
R1-6,720575940609493515,0,0,,,,,,,,,,,,,,
R1-6,720575940609496075,0,0,,,,,,,,,,,,,,
R1-6,720575940609502473,0,0,,,,,,,,,,,,,,
R1-6,720575940609576459,0,0,,,,,,,,,,,,,,
R1-6,720575940609579019,0,0,,,,,,,,,,,,,,
R1-6,720575940609601291,1,0,,,,,,,,,,,,,,
R1-6,720575940609651413,0,0,,,,,,,,,,,,,,
R1-6,720575940609652747,0,0,,,,,,,,,,,,,,
R1-6,720575940609667285,0,0,,,,,,,,,,,,,,
R1-6,720575940609698254,0,0,,,,,,,,,,,,,,
R1-6,720575940609717717,0,0,,,,,,,,,,,,,,
R1-6,720575940609748181,0,0,,,,,,,,,,,,,,
R1-6,720575940609769941,0,0,,,,,,,,,,,,,,
R1-6,720575940609773833,0,0,,,,,,,,,,,,,,
R1-6,720575940609776085,0,0,,,,,,,,,,,,,,
R1-6,720575940609824777,0,0,,,,,,,,,,,,,,
R1-6,720575940609828821,0,0,,,,,,,,,,,,,,
R1-6,720575940609888011,0,0,,,,,,,,,,,,,,
R1-6,720575940609934293,0,0,,,,,,,,,,,,,,
R1-6,720575940609946123,1,0,,,,,,,,,,,,,,
R1-6,720575940609983189,0,0,,,,,,,,,,,,,,
R1-6,720575940610008003,0,0,,,,,,,,,,,,,,
R1-6,720575940610027477,0,0,,,,,,,,,,,,,,
R1-6,720575940610027715,0,0,,,,,,,,,,,,,,
R1-6,720575940610070467,0,0,,,,,,,,,,,,,,
R1-6,720575940610185411,0,0,,,,,,,,,,,,,,
R1-6,720575940610198211,0,0,,,,,,,,,,,,,,
R1-6,720575940610215875,0,0,,,,,,,,,,,,,,
R1-6,720575940610232696,1,0,,,,,,,,,,,,,,
R1-6,720575940610279875,0,0,,,,,,,,,,,,,,
R1-6,720575940610282947,0,0,,,,,,,,,,,,,,
R1-6,720575940610301379,0,0,,,,,,,,,,,,,,
R1-6,720575940610525123,0,0,,,,,,,,,,,,,,
R1-6,720575940610554722,0,0,,,,,,,,,,,,,,
R1-6,720575940610627908,0,0,,,,,,,,,,,,,,
R1-6,720575940610716740,0,0,,,,,,,,,,,,,,
R1-6,720575940610753348,1,0,,,,,,,,,,,,,,
R1-6,720575940610765892,0,0,,,,,,,,,,,,,,
R1-6,720575940610777668,0,0,,,,,,,,,,,,,,
R1-6,720575940610782276,1,0,,,,,,,,,,,,,,
R1-6,720575940610806478,0,0,,,,,,,,,,,,,,
R1-6,720575940610814788,0,0,,,,,,,,,,,,,,
R1-6,720575940611011374,0,0,,,,,,,,,,,,,,
R1-6,720575940611013678,1,0,,,,,,,,,,,,,,
R1-6,720575940611053892,0,0,,,,,,,,,,,,,,
R1-6,720575940611101230,0,0,,,,,,,,,,,,,,
R1-6,720575940611110702,0,0,,,,,,,,,,,,,,
R1-6,720575940611188526,0,0,,,,,,,,,,,,,,
R1-6,720575940611206702,0,0,,,,,,,,,,,,,,
R1-6,720575940611214894,0,0,,,,,,,,,,,,,,
R1-6,720575940611278638,0,0,,,,,,,,,,,,,,
R1-6,720575940611289976,0,0,,,,,,,,,,,,,,
R1-6,720575940611313016,0,0,,,,,,,,,,,,,,
R1-6,720575940611321390,0,0,,,,,,,,,,,,,,
R1-6,720575940611338616,0,0,,,,,,,,,,,,,,
R1-6,720575940611340334,0,0,,,,,,,,,,,,,,
R1-6,720575940611376174,0,0,,,,,,,,,,,,,,
R1-6,720575940611382574,1,0,,,,,,,,,,,,,,
R1-6,720575940611406894,0,0,,,,,,,,,,,,,,
R1-6,720575940611410808,0,0,,,,,,,,,,,,,,
R1-6,720575940611440850,0,0,,,,,,,,,,,,,,
R1-6,720575940611465080,0,0,,,,,,,,,,,,,,
R1-6,720575940611485560,1,0,,,,,,,,,,,,,,
R1-6,720575940611491960,0,0,,,,,,,,,,,,,,
R1-6,720575940611495174,0,0,,,,,,,,,,,,,,
R1-6,720575940611501688,0,0,,,,,,,,,,,,,,
R1-6,720575940611527800,0,0,,,,,,,,,,,,,,
R1-6,720575940611534546,0,0,,,,,,,,,,,,,,
R1-6,720575940611565522,0,0,,,,,,,,,,,,,,
R1-6,720575940611570040,0,0,,,,,,,,,,,,,,
R1-6,720575940611576184,0,0,,,,,,,,,,,,,,
R1-6,720575940611600504,0,0,,,,,,,,,,,,,,
R1-6,720575940611607854,0,0,,,,,,,,,,,,,,
R1-6,720575940611613560,0,0,,,,,,,,,,,,,,
R1-6,720575940611622098,0,0,,,,,,,,,,,,,,
R1-6,720575940611645394,2,0,,,,,,,,,,,,,,
R1-6,720575940611664850,0,0,,,,,,,,,,,,,,
R1-6,720575940611665362,0,0,,,,,,,,,,,,,,
R1-6,720575940611679954,1,0,,,,,,,,,,,,,,
R1-6,720575940611720883,0,0,,,,,,,,,,,,,,
R1-6,720575940611727058,0,0,,,,,,,,,,,,,,
R1-6,720575940611739634,1,0,,,,,,,,,,,,,,
R1-6,720575940611741048,0,0,,,,,,,,,,,,,,
R1-6,720575940611743608,0,0,,,,,,,,,,,,,,
R1-6,720575940611757266,0,0,,,,,,,,,,,,,,
R1-6,720575940611804002,1,0,,,,,,,,,,,,,,
R1-6,720575940611876962,1,0,,,,,,,,,,,,,,
R1-6,720575940611894882,0,0,,,,,,,,,,,,,,
R1-6,720575940611921762,0,0,,,,,,,,,,,,,,
R1-6,720575940611934562,0,0,,,,,,,,,,,,,,
R1-6,720575940611969378,1,0,,,,,,,,,,,,,,
R1-6,720575940611970914,0,0,,,,,,,,,,,,,,
R1-6,720575940611986602,1,0,,,,,,,,,,,,,,
R1-6,720575940611994574,0,0,,,,,,,,,,,,,,
R1-6,720575940612007886,1,0,,,,,,,,,,,,,,
R1-6,720575940612024674,0,0,,,,,,,,,,,,,,
R1-6,720575940612062414,0,0,,,,,,,,,,,,,,
R1-6,720575940612091342,0,0,,,,,,,,,,,,,,
R1-6,720575940612105934,0,0,,,,,,,,,,,,,,
R1-6,720575940612108494,0,0,,,,,,,,,,,,,,
R1-6,720575940612109262,0,0,,,,,,,,,,,,,,
R1-6,720575940612134498,0,0,,,,,,,,,,,,,,
R1-6,720575940612153038,0,0,,,,,,,,,,,,,,
R1-6,720575940612193230,1,0,,,,,,,,,,,,,,
R1-6,720575940612205774,0,0,,,,,,,,,,,,,,
R1-6,720575940612221646,0,0,,,,,,,,,,,,,,
R1-6,720575940612233478,0,0,,,,,,,,,,,,,,
R1-6,720575940612238342,0,0,,,,,,,,,,,,,,
R1-6,720575940612345698,0,0,,,,,,,,,,,,,,
R1-6,720575940612382101,0,0,,,,,,,,,,,,,,
R1-6,720575940612459669,0,0,,,,,,,,,,,,,,
R1-6,720575940612489365,0,0,,,,,,,,,,,,,,
R1-6,720575940612527729,0,0,,,,,,,,,,,,,,
R1-6,720575940612529301,1,0,,,,,,,,,,,,,,
R1-6,720575940612534933,0,0,,,,,,,,,,,,,,
R1-6,720575940612538517,0,0,,,,,,,,,,,,,,
R1-6,720575940612564885,0,0,,,,,,,,,,,,,,
R1-6,720575940612572529,0,0,,,,,,,,,,,,,,
R1-6,720575940612573554,0,0,,,,,,,,,,,,,,
R1-6,720575940612581525,0,0,,,,,,,,,,,,,,
R1-6,720575940612596954,0,0,,,,,,,,,,,,,,
R1-6,720575940612603029,0,0,,,,,,,,,,,,,,
R1-6,720575940612619157,0,0,,,,,,,,,,,,,,
R1-6,720575940612621169,0,0,,,,,,,,,,,,,,
R1-6,720575940612621425,1,0,,,,,,,,,,,,,,
R1-6,720575940612627313,0,0,,,,,,,,,,,,,,
R1-6,720575940612629978,0,0,,,,,,,,,,,,,,
R1-6,720575940612639637,0,0,,,,,,,,,,,,,,
R1-6,720575940612641137,0,0,,,,,,,,,,,,,,
R1-6,720575940612646549,0,0,,,,,,,,,,,,,,
R1-6,720575940612668529,0,0,,,,,,,,,,,,,,
R1-6,720575940612679130,0,0,,,,,,,,,,,,,,
R1-6,720575940612689777,0,0,,,,,,,,,,,,,,
R1-6,720575940612702426,0,0,,,,,,,,,,,,,,
R1-6,720575940612709489,1,0,,,,,,,,,,,,,,
R1-6,720575940612725141,0,0,,,,,,,,,,,,,,
R1-6,720575940612728794,1,0,,,,,,,,,,,,,,
R1-6,720575940612728981,0,0,,,,,,,,,,,,,,
R1-6,720575940612730225,0,0,,,,,,,,,,,,,,
R1-6,720575940612733553,1,0,,,,,,,,,,,,,,
R1-6,720575940612747889,0,0,,,,,,,,,,,,,,
R1-6,720575940612753882,1,0,,,,,,,,,,,,,,
R1-6,720575940612759770,0,0,,,,,,,,,,,,,,
R1-6,720575940612761713,1,0,,,,,,,,,,,,,,
R1-6,720575940612797146,0,0,,,,,,,,,,,,,,
R1-6,720575940612801498,0,0,,,,,,,,,,,,,,
R1-6,720575940612831857,1,0,,,,,,,,,,,,,,
R1-6,720575940612833137,0,0,,,,,,,,,,,,,,
R1-6,720575940612861426,0,0,,,,,,,,,,,,,,
R1-6,720575940612862170,0,0,,,,,,,,,,,,,,
R1-6,720575940612863450,0,0,,,,,,,,,,,,,,
R1-6,720575940612871386,0,0,,,,,,,,,,,,,,
R1-6,720575940612875738,0,0,,,,,,,,,,,,,,
R1-6,720575940612902362,0,0,,,,,,,,,,,,,,
R1-6,720575940612906226,0,0,,,,,,,,,,,,,,
R1-6,720575940612910997,0,0,,,,,,,,,,,,,,
R1-6,720575940612931570,1,0,,,,,,,,,,,,,,
R1-6,720575940612932850,0,0,,,,,,,,,,,,,,
R1-6,720575940612943346,0,0,,,,,,,,,,,,,,
R1-6,720575940612964594,1,0,,,,,,,,,,,,,,
R1-6,720575940612965874,0,0,,,,,,,,,,,,,,
R1-6,720575940612969139,0,0,,,,,,,,,,,,,,
R1-6,720575940612976882,0,0,,,,,,,,,,,,,,
R1-6,720575940612981683,0,0,,,,,,,,,,,,,,
R1-6,720575940612984243,0,0,,,,,,,,,,,,,,
R1-6,720575940612989170,0,0,,,,,,,,,,,,,,
R1-6,720575940612990101,0,0,,,,,,,,,,,,,,
R1-6,720575940612992741,0,0,,,,,,,,,,,,,,
R1-6,720575940613064434,0,0,,,,,,,,,,,,,,
R1-6,720575940613087962,0,0,,,,,,,,,,,,,,
R1-6,720575940613094067,0,0,,,,,,,,,,,,,,
R1-6,720575940613103346,0,0,,,,,,,,,,,,,,
R1-6,720575940613121765,0,0,,,,,,,,,,,,,,
R1-6,720575940613122789,0,0,,,,,,,,,,,,,,
R1-6,720575940613136613,0,0,,,,,,,,,,,,,,
R1-6,720575940613146866,0,0,,,,,,,,,,,,,,
R1-6,720575940613166042,0,0,,,,,,,,,,,,,,
R1-6,720575940613169817,0,0,,,,,,,,,,,,,,
R1-6,720575940613182873,1,0,,,,,,,,,,,,,,
R1-6,720575940613192421,1,0,,,,,,,,,,,,,,
R1-6,720575940613206169,0,0,,,,,,,,,,,,,,
R1-6,720575940613210265,0,0,,,,,,,,,,,,,,
R1-6,720575940613211801,0,0,,,,,,,,,,,,,,
R1-6,720575940613250789,0,0,,,,,,,,,,,,,,
R1-6,720575940613263333,0,0,,,,,,,,,,,,,,
R1-6,720575940613276645,0,0,,,,,,,,,,,,,,
R1-6,720575940613291161,0,0,,,,,,,,,,,,,,
R1-6,720575940613291690,0,0,,,,,,,,,,,,,,
R1-6,720575940613296537,0,0,,,,,,,,,,,,,,
R1-6,720575940613305829,0,0,,,,,,,,,,,,,,
R1-6,720575940613313765,0,0,,,,,,,,,,,,,,
R1-6,720575940613315993,0,0,,,,,,,,,,,,,,
R1-6,720575940613321625,0,0,,,,,,,,,,,,,,
R1-6,720575940613334442,0,0,,,,,,,,,,,,,,
R1-6,720575940613335269,1,0,,,,,,,,,,,,,,
R1-6,720575940613339306,0,0,,,,,,,,,,,,,,
R1-6,720575940613371414,0,0,,,,,,,,,,,,,,
R1-6,720575940613384874,0,0,,,,,,,,,,,,,,
R1-6,720575940613387178,0,0,,,,,,,,,,,,,,
R1-6,720575940613401770,0,0,,,,,,,,,,,,,,
R1-6,720575940613404074,0,0,,,,,,,,,,,,,,
R1-6,720575940613412266,0,0,,,,,,,,,,,,,,
R1-6,720575940613424554,0,0,,,,,,,,,,,,,,
R1-6,720575940613432690,0,0,,,,,,,,,,,,,,
R1-6,720575940613463318,0,0,,,,,,,,,,,,,,
R1-6,720575940613470890,0,0,,,,,,,,,,,,,,
R1-6,720575940613484054,0,0,,,,,,,,,,,,,,
R1-6,720575940613513494,0,0,,,,,,,,,,,,,,
R1-6,720575940613515030,1,0,,,,,,,,,,,,,,
R1-6,720575940613522198,1,0,,,,,,,,,,,,,,
R1-6,720575940613526386,0,0,,,,,,,,,,,,,,
R1-6,720575940613543702,0,0,,,,,,,,,,,,,,
R1-6,720575940613545586,1,0,,,,,,,,,,,,,,
R1-6,720575940613566322,0,0,,,,,,,,,,,,,,
R1-6,720575940613591449,0,0,,,,,,,,,,,,,,
R1-6,720575940613595762,0,0,,,,,,,,,,,,,,
R1-6,720575940613598322,0,0,,,,,,,,,,,,,,
R1-6,720575940613619353,2,0,,,,,,,,,,,,,,
R1-6,720575940613621014,0,0,,,,,,,,,,,,,,
R1-6,720575940613621145,0,0,,,,,,,,,,,,,,
R1-6,720575940613629974,0,0,,,,,,,,,,,,,,
R1-6,720575940613644146,0,0,,,,,,,,,,,,,,
R1-6,720575940613764323,0,0,,,,,,,,,,,,,,
R1-6,720575940613823510,1,0,,,,,,,,,,,,,,
R1-6,720575940613826019,0,0,,,,,,,,,,,,,,
R1-6,720575940613868771,0,0,,,,,,,,,,,,,,
R1-6,720575940613895395,1,0,,,,,,,,,,,,,,
R1-6,720575940613903587,0,0,,,,,,,,,,,,,,
R1-6,720575940613904355,0,0,,,,,,,,,,,,,,
R1-6,720575940613922418,0,0,,,,,,,,,,,,,,
R1-6,720575940613934706,0,0,,,,,,,,,,,,,,
R1-6,720575940613935218,0,0,,,,,,,,,,,,,,
R1-6,720575940613962467,0,0,,,,,,,,,,,,,,
R1-6,720575940613963491,0,0,,,,,,,,,,,,,,
R1-6,720575940613971171,0,0,,,,,,,,,,,,,,
R1-6,720575940613973475,0,0,,,,,,,,,,,,,,
R1-6,720575940613987555,0,0,,,,,,,,,,,,,,
R1-6,720575940613998051,0,0,,,,,,,,,,,,,,
R1-6,720575940614003427,0,0,,,,,,,,,,,,,,
R1-6,720575940614006568,0,0,,,,,,,,,,,,,,
R1-6,720575940614066915,0,0,,,,,,,,,,,,,,
R1-6,720575940614118627,0,0,,,,,,,,,,,,,,
R1-6,720575940614129389,0,0,,,,,,,,,,,,,,
R1-6,720575940614181357,0,0,,,,,,,,,,,,,,
R1-6,720575940614243309,0,0,,,,,,,,,,,,,,
R1-6,720575940614340242,0,0,,,,,,,,,,,,,,
R1-6,720575940614385901,1,0,,,,,,,,,,,,,,
R1-6,720575940614392547,0,0,,,,,,,,,,,,,,
R1-6,720575940614405928,0,0,,,,,,,,,,,,,,
R1-6,720575940614406952,0,0,,,,,,,,,,,,,,
R1-6,720575940614420717,0,0,,,,,,,,,,,,,,
R1-6,720575940614441965,0,0,,,,,,,,,,,,,,
R1-6,720575940614471149,0,0,,,,,,,,,,,,,,
R1-6,720575940614472173,0,0,,,,,,,,,,,,,,
R1-6,720575940614473000,0,0,,,,,,,,,,,,,,
R1-6,720575940614539951,0,0,,,,,,,,,,,,,,
R1-6,720575940614542255,1,0,,,,,,,,,,,,,,
R1-6,720575940614545839,0,0,,,,,,,,,,,,,,
R1-6,720575940614586931,0,0,,,,,,,,,,,,,,
R1-6,720575940614614312,0,0,,,,,,,,,,,,,,
R1-6,720575940614650799,0,0,,,,,,,,,,,,,,
R1-6,720575940614661416,0,0,,,,,,,,,,,,,,
R1-6,720575940614666536,1,0,,,,,,,,,,,,,,
R1-6,720575940614688296,0,0,,,,,,,,,,,,,,
R1-6,720575940614697779,0,0,,,,,,,,,,,,,,
R1-6,720575940614698536,0,0,,,,,,,,,,,,,,
R1-6,720575940614704424,0,0,,,,,,,,,,,,,,
R1-6,720575940614706643,0,0,,,,,,,,,,,,,,
R1-6,720575940614713511,0,0,,,,,,,,,,,,,,
R1-6,720575940614716141,0,0,,,,,,,,,,,,,,
R1-6,720575940614721199,0,0,,,,,,,,,,,,,,
R1-6,720575940614736365,0,0,,,,,,,,,,,,,,
R1-6,720575940614750127,0,0,,,,,,,,,,,,,,
R1-6,720575940614766131,0,0,,,,,,,,,,,,,,
R1-6,720575940614768435,0,0,,,,,,,,,,,,,,
R1-6,720575940614772399,0,0,,,,,,,,,,,,,,
R1-6,720575940614775983,0,0,,,,,,,,,,,,,,
R1-6,720575940614780723,0,0,,,,,,,,,,,,,,
R1-6,720575940614783027,1,0,,,,,,,,,,,,,,
R1-6,720575940614785229,0,0,,,,,,,,,,,,,,
R1-6,720575940614814383,0,0,,,,,,,,,,,,,,
R1-6,720575940614814639,0,0,,,,,,,,,,,,,,
R1-6,720575940614816431,0,0,,,,,,,,,,,,,,
R1-6,720575940614843055,0,0,,,,,,,,,,,,,,
R1-6,720575940614884817,0,0,,,,,,,,,,,,,,
R1-6,720575940614904273,0,0,,,,,,,,,,,,,,
R1-6,720575940614905350,0,0,,,,,,,,,,,,,,
R1-6,720575940614915379,1,0,,,,,,,,,,,,,,
R1-6,720575940614921523,0,0,,,,,,,,,,,,,,
R1-6,720575940615052241,1,0,,,,,,,,,,,,,,
R1-6,720575940615055057,1,0,,,,,,,,,,,,,,
R1-6,720575940615059974,1,0,,,,,,,,,,,,,,
R1-6,720575940615060478,0,0,,,,,,,,,,,,,,
R1-6,720575940615068926,0,0,,,,,,,,,,,,,,
R1-6,720575940615074302,0,0,,,,,,,,,,,,,,
R1-6,720575940615085054,0,0,,,,,,,,,,,,,,
R1-6,720575940615089361,0,0,,,,,,,,,,,,,,
R1-6,720575940615100335,0,0,,,,,,,,,,,,,,
R1-6,720575940615102375,0,0,,,,,,,,,,,,,,
R1-6,720575940615117735,0,0,,,,,,,,,,,,,,
R1-6,720575940615140561,1,0,,,,,,,,,,,,,,
R1-6,720575940615143121,2,0,,,,,,,,,,,,,,
R1-6,720575940615149566,0,0,,,,,,,,,,,,,,
R1-6,720575940615164881,0,0,,,,,,,,,,,,,,
R1-6,720575940615170302,0,0,,,,,,,,,,,,,,
R1-6,720575940615172775,0,0,,,,,,,,,,,,,,
R1-6,720575940615179774,1,0,,,,,,,,,,,,,,
R1-6,720575940615189758,0,0,,,,,,,,,,,,,,
R1-6,720575940615193342,0,0,,,,,,,,,,,,,,
R1-6,720575940615200510,0,0,,,,,,,,,,,,,,
R1-6,720575940615206823,0,0,,,,,,,,,,,,,,
R1-6,720575940615212542,0,0,,,,,,,,,,,,,,
R1-6,720575940615213822,0,0,,,,,,,,,,,,,,
R1-6,720575940615215358,0,0,,,,,,,,,,,,,,
R1-6,720575940615221927,0,0,,,,,,,,,,,,,,
R1-6,720575940615223038,0,0,,,,,,,,,,,,,,
R1-6,720575940615223714,0,0,,,,,,,,,,,,,,
R1-6,720575940615225250,0,0,,,,,,,,,,,,,,
R1-6,720575940615229182,0,0,,,,,,,,,,,,,,
R1-6,720575940615244286,1,0,,,,,,,,,,,,,,
R1-6,720575940615266471,0,0,,,,,,,,,,,,,,
R1-6,720575940615280638,1,0,,,,,,,,,,,,,,
R1-6,720575940615301031,0,0,,,,,,,,,,,,,,
R1-6,720575940615302311,0,0,,,,,,,,,,,,,,
R1-6,720575940615303166,0,0,,,,,,,,,,,,,,
R1-6,720575940615303586,0,0,,,,,,,,,,,,,,
R1-6,720575940615314343,0,0,,,,,,,,,,,,,,
R1-6,720575940615317671,0,0,,,,,,,,,,,,,,
R1-6,720575940615339006,0,0,,,,,,,,,,,,,,
R1-6,720575940615339170,0,0,,,,,,,,,,,,,,
R1-6,720575940615348130,0,0,,,,,,,,,,,,,,
R1-6,720575940615354258,0,0,,,,,,,,,,,,,,
R1-6,720575940615381927,0,0,,,,,,,,,,,,,,
R1-6,720575940615405714,0,0,,,,,,,,,,,,,,
R1-6,720575940615424674,1,0,,,,,,,,,,,,,,
R1-6,720575940615432082,0,0,,,,,,,,,,,,,,
R1-6,720575940615437714,0,0,,,,,,,,,,,,,,
R1-6,720575940615441570,0,0,,,,,,,,,,,,,,
R1-6,720575940615463058,0,0,,,,,,,,,,,,,,
R1-6,720575940615463422,1,0,,,,,,,,,,,,,,
R1-6,720575940615465110,0,0,,,,,,,,,,,,,,
R1-6,720575940615474066,0,0,,,,,,,,,,,,,,
R1-6,720575940615485950,0,0,,,,,,,,,,,,,,
R1-6,720575940615491734,1,0,,,,,,,,,,,,,,
R1-6,720575940615514774,0,0,,,,,,,,,,,,,,
R1-6,720575940615529378,0,0,,,,,,,,,,,,,,
R1-6,720575940615544994,0,0,,,,,,,,,,,,,,
R1-6,720575940615564694,0,0,,,,,,,,,,,,,,
R1-6,720575940615616167,0,0,,,,,,,,,,,,,,
R1-6,720575940615616935,0,0,,,,,,,,,,,,,,
R1-6,720575940615669910,0,0,,,,,,,,,,,,,,
R1-6,720575940615677846,0,0,,,,,,,,,,,,,,
R1-6,720575940615689362,1,0,,,,,,,,,,,,,,
R1-6,720575940615720854,0,0,,,,,,,,,,,,,,
R1-6,720575940615741250,0,0,,,,,,,,,,,,,,
R1-6,720575940615762070,0,0,,,,,,,,,,,,,,
R1-6,720575940615773802,1,0,,,,,,,,,,,,,,
R1-6,720575940615858026,0,0,,,,,,,,,,,,,,
R1-6,720575940615858143,0,0,,,,,,,,,,,,,,
R1-6,720575940615871238,0,0,,,,,,,,,,,,,,
R1-6,720575940615903082,0,0,,,,,,,,,,,,,,
R1-6,720575940615939178,1,0,,,,,,,,,,,,,,
R1-6,720575940615948182,0,0,,,,,,,,,,,,,,
R1-6,720575940615953119,1,0,,,,,,,,,,,,,,
R1-6,720575940615962774,0,0,,,,,,,,,,,,,,
R1-6,720575940616039391,2,0,,,,,,,,,,,,,,
R1-6,720575940616052639,0,0,,,,,,,,,,,,,,
R1-6,720575940616066271,1,0,,,,,,,,,,,,,,
R1-6,720575940616074719,0,0,,,,,,,,,,,,,,
R1-6,720575940616088070,0,0,,,,,,,,,,,,,,
R1-6,720575940616102918,0,0,,,,,,,,,,,,,,
R1-6,720575940616113158,0,0,,,,,,,,,,,,,,
R1-6,720575940616113414,0,0,,,,,,,,,,,,,,
R1-6,720575940616116230,0,0,,,,,,,,,,,,,,
R1-6,720575940616132575,0,0,,,,,,,,,,,,,,
R1-6,720575940616150431,0,0,,,,,,,,,,,,,,
R1-6,720575940616169794,0,0,,,,,,,,,,,,,,
R1-6,720575940616180546,1,0,,,,,,,,,,,,,,
R1-6,720575940616213314,0,0,,,,,,,,,,,,,,
R1-6,720575940616235423,0,0,,,,,,,,,,,,,,
R1-6,720575940616275778,0,0,,,,,,,,,,,,,,
R1-6,720575940616277919,0,0,,,,,,,,,,,,,,
R1-6,720575940616297119,0,0,,,,,,,,,,,,,,
R1-6,720575940616304706,1,0,,,,,,,,,,,,,,
R1-6,720575940616305986,0,0,,,,,,,,,,,,,,
R1-6,720575940616328390,0,0,,,,,,,,,,,,,,
R1-6,720575940616330911,0,0,,,,,,,,,,,,,,
R1-6,720575940616335263,0,0,,,,,,,,,,,,,,
R1-6,720575940616346015,0,0,,,,,,,,,,,,,,
R1-6,720575940616351810,0,0,,,,,,,,,,,,,,
R1-6,720575940616361282,1,0,,,,,,,,,,,,,,
R1-6,720575940616412127,1,0,,,,,,,,,,,,,,
R1-6,720575940616432607,0,0,,,,,,,,,,,,,,
R1-6,720575940616453186,0,0,,,,,,,,,,,,,,
R1-6,720575940616483270,0,0,,,,,,,,,,,,,,
R1-6,720575940616516364,0,0,,,,,,,,,,,,,,
R1-6,720575940616523020,0,0,,,,,,,,,,,,,,
R1-6,720575940616525580,0,0,,,,,,,,,,,,,,
R1-6,720575940616559814,0,0,,,,,,,,,,,,,,
R1-6,720575940616590860,0,0,,,,,,,,,,,,,,
R1-6,720575940616604978,0,0,,,,,,,,,,,,,,
R1-6,720575940616607244,0,0,,,,,,,,,,,,,,
R1-6,720575940616612806,1,0,,,,,,,,,,,,,,
R1-6,720575940616637452,0,0,,,,,,,,,,,,,,
R1-6,720575940616656326,1,0,,,,,,,,,,,,,,
R1-6,720575940616668722,0,0,,,,,,,,,,,,,,
R1-6,720575940616688652,0,0,,,,,,,,,,,,,,
R1-6,720575940616690188,0,0,,,,,,,,,,,,,,
R1-6,720575940616690444,0,0,,,,,,,,,,,,,,
R1-6,720575940616690700,0,0,,,,,,,,,,,,,,
R1-6,720575940616695090,0,0,,,,,,,,,,,,,,
R1-6,720575940616697868,0,0,,,,,,,,,,,,,,
R1-6,720575940616712646,0,0,,,,,,,,,,,,,,
R1-6,720575940616717874,0,0,,,,,,,,,,,,,,
R1-6,720575940616743218,0,0,,,,,,,,,,,,,,
R1-6,720575940616764859,0,0,,,,,,,,,,,,,,
R1-6,720575940616773682,0,0,,,,,,,,,,,,,,
R1-6,720575940616805644,0,0,,,,,,,,,,,,,,
R1-6,720575940616838450,0,0,,,,,,,,,,,,,,
R1-6,720575940616839180,0,0,,,,,,,,,,,,,,
R1-6,720575940616843788,0,0,,,,,,,,,,,,,,
R1-6,720575940616850188,0,0,,,,,,,,,,,,,,
R1-6,720575940616850444,0,0,,,,,,,,,,,,,,
R1-6,720575940616861371,2,0,,,,,,,,,,,,,,
R1-6,720575940616868283,0,0,,,,,,,,,,,,,,
R1-6,720575940616875195,2,0,,,,,,,,,,,,,,
R1-6,720575940616875462,0,0,,,,,,,,,,,,,,
R1-6,720575940616883643,0,0,,,,,,,,,,,,,,
R1-6,720575940616894651,0,0,,,,,,,,,,,,,,
R1-6,720575940616902587,0,0,,,,,,,,,,,,,,
R1-6,720575940616904635,0,0,,,,,,,,,,,,,,
R1-6,720575940616919308,0,0,,,,,,,,,,,,,,
R1-6,720575940616937915,0,0,,,,,,,,,,,,,,
R1-6,720575940616947387,0,0,,,,,,,,,,,,,,
R1-6,720575940616973499,0,0,,,,,,,,,,,,,,
R1-6,720575940616979654,0,0,,,,,,,,,,,,,,
R1-6,720575940616991419,1,0,,,,,,,,,,,,,,
R1-6,720575940617007547,1,0,,,,,,,,,,,,,,
R1-6,720575940617047995,0,0,,,,,,,,,,,,,,
R1-6,720575940617055675,0,0,,,,,,,,,,,,,,
R1-6,720575940617067276,0,0,,,,,,,,,,,,,,
R1-6,720575940617070348,2,0,,,,,,,,,,,,,,
R1-6,720575940617102604,0,0,,,,,,,,,,,,,,
R1-6,720575940617186677,1,0,,,,,,,,,,,,,,
R1-6,720575940617235430,0,0,,,,,,,,,,,,,,
R1-6,720575940617236822,0,0,,,,,,,,,,,,,,
R1-6,720575940617241275,0,0,,,,,,,,,,,,,,
R1-6,720575940617251670,0,0,,,,,,,,,,,,,,
R1-6,720575940617283957,0,0,,,,,,,,,,,,,,
R1-6,720575940617304662,0,0,,,,,,,,,,,,,,
R1-6,720575940617313723,1,0,,,,,,,,,,,,,,
R1-6,720575940617314491,0,0,,,,,,,,,,,,,,
R1-6,720575940617358965,0,0,,,,,,,,,,,,,,
R1-6,720575940617360982,0,0,,,,,,,,,,,,,,
R1-6,720575940617365846,0,0,,,,,,,,,,,,,,
R1-6,720575940617373813,0,0,,,,,,,,,,,,,,
R1-6,720575940617385355,1,0,,,,,,,,,,,,,,
R1-6,720575940617392214,0,0,,,,,,,,,,,,,,
R1-6,720575940617398614,1,0,,,,,,,,,,,,,,
R1-6,720575940617435478,1,0,,,,,,,,,,,,,,
R1-6,720575940617515606,0,0,,,,,,,,,,,,,,
R1-6,720575940617528662,0,0,,,,,,,,,,,,,,
R1-6,720575940617529629,0,0,,,,,,,,,,,,,,
R1-6,720575940617576843,0,0,,,,,,,,,,,,,,
R1-6,720575940617624203,1,0,,,,,,,,,,,,,,
R1-6,720575940617683851,0,0,,,,,,,,,,,,,,
R1-6,720575940617695778,0,0,,,,,,,,,,,,,,
R1-6,720575940617717819,0,0,,,,,,,,,,,,,,
R1-6,720575940617752203,0,0,,,,,,,,,,,,,,
R1-6,720575940617766361,0,0,,,,,,,,,,,,,,
R1-6,720575940617778649,0,0,,,,,,,,,,,,,,
R1-6,720575940617782233,0,0,,,,,,,,,,,,,,
R1-6,720575940617800153,0,0,,,,,,,,,,,,,,
R1-6,720575940617801177,0,0,,,,,,,,,,,,,,
R1-6,720575940617802811,0,0,,,,,,,,,,,,,,
R1-6,720575940617804427,0,0,,,,,,,,,,,,,,
R1-6,720575940617804505,0,0,,,,,,,,,,,,,,
R1-6,720575940617804603,0,0,,,,,,,,,,,,,,
R1-6,720575940617854523,0,0,,,,,,,,,,,,,,
R1-6,720575940617877465,0,0,,,,,,,,,,,,,,
R1-6,720575940617880891,0,0,,,,,,,,,,,,,,
R1-6,720575940617886091,0,0,,,,,,,,,,,,,,
R1-6,720575940617886267,1,0,,,,,,,,,,,,,,
R1-6,720575940617891284,0,0,,,,,,,,,,,,,,
R1-6,720575940617893076,0,0,,,,,,,,,,,,,,
R1-6,720575940617895636,0,0,,,,,,,,,,,,,,
R1-6,720575940617897172,0,0,,,,,,,,,,,,,,
R1-6,720575940617898299,0,0,,,,,,,,,,,,,,
R1-6,720575940617898811,1,0,,,,,,,,,,,,,,
R1-6,720575940617899993,0,0,,,,,,,,,,,,,,
R1-6,720575940617902548,1,0,,,,,,,,,,,,,,
R1-6,720575940617914841,1,0,,,,,,,,,,,,,,
R1-6,720575940617935833,1,0,,,,,,,,,,,,,,
R1-6,720575940617941563,0,0,,,,,,,,,,,,,,
R1-6,720575940617947353,1,0,,,,,,,,,,,,,,
R1-6,720575940617950301,0,0,,,,,,,,,,,,,,
R1-6,720575940617956569,0,0,,,,,,,,,,,,,,
R1-6,720575940617964761,0,0,,,,,,,,,,,,,,
R1-6,720575940617970525,0,0,,,,,,,,,,,,,,
R1-6,720575940617978683,0,0,,,,,,,,,,,,,,
R1-6,720575940617979865,0,0,,,,,,,,,,,,,,
R1-6,720575940617992148,0,0,,,,,,,,,,,,,,
R1-6,720575940617996249,0,0,,,,,,,,,,,,,,
R1-6,720575940618005977,1,0,,,,,,,,,,,,,,
R1-6,720575940618027993,0,0,,,,,,,,,,,,,,
R1-6,720575940618038929,0,0,,,,,,,,,,,,,,
R1-6,720575940618049236,0,0,,,,,,,,,,,,,,
R1-6,720575940618056916,0,0,,,,,,,,,,,,,,
R1-6,720575940618082004,0,0,,,,,,,,,,,,,,
R1-6,720575940618086356,0,0,,,,,,,,,,,,,,
R1-6,720575940618093785,0,0,,,,,,,,,,,,,,
R1-6,720575940618099673,0,0,,,,,,,,,,,,,,
R1-6,720575940618111444,0,0,,,,,,,,,,,,,,
R1-6,720575940618115801,0,0,,,,,,,,,,,,,,
R1-6,720575940618120921,0,0,,,,,,,,,,,,,,
R1-6,720575940618122589,0,0,,,,,,,,,,,,,,
R1-6,720575940618132692,1,0,,,,,,,,,,,,,,
R1-6,720575940618132966,0,0,,,,,,,,,,,,,,
R1-6,720575940618142676,0,0,,,,,,,,,,,,,,
R1-6,720575940618143581,0,0,,,,,,,,,,,,,,
R1-6,720575940618149213,0,0,,,,,,,,,,,,,,
R1-6,720575940618154385,0,0,,,,,,,,,,,,,,
R1-6,720575940618154726,0,0,,,,,,,,,,,,,,
R1-6,720575940618154897,0,0,,,,,,,,,,,,,,
R1-6,720575940618158310,1,0,,,,,,,,,,,,,,
R1-6,720575940618158566,0,0,,,,,,,,,,,,,,
R1-6,720575940618164153,1,0,,,,,,,,,,,,,,
R1-6,720575940618167133,0,0,,,,,,,,,,,,,,
R1-6,720575940618167185,0,0,,,,,,,,,,,,,,
R1-6,720575940618179165,0,0,,,,,,,,,,,,,,
R1-6,720575940618182841,0,0,,,,,,,,,,,,,,
R1-6,720575940618185105,0,0,,,,,,,,,,,,,,
R1-6,720575940618187449,0,0,,,,,,,,,,,,,,
R1-6,720575940618189713,0,0,,,,,,,,,,,,,,
R1-6,720575940618201529,0,0,,,,,,,,,,,,,,
R1-6,720575940618210193,1,0,,,,,,,,,,,,,,
R1-6,720575940618231133,0,0,,,,,,,,,,,,,,
R1-6,720575940618234297,0,0,,,,,,,,,,,,,,
R1-6,720575940618234769,0,0,,,,,,,,,,,,,,
R1-6,720575940618237789,0,0,,,,,,,,,,,,,,
R1-6,720575940618261222,0,0,,,,,,,,,,,,,,
R1-6,720575940618270353,0,0,,,,,,,,,,,,,,
R1-6,720575940618272802,0,0,,,,,,,,,,,,,,
R1-6,720575940618279458,0,0,,,,,,,,,,,,,,
R1-6,720575940618281401,0,0,,,,,,,,,,,,,,
R1-6,720575940618282937,0,0,,,,,,,,,,,,,,
R1-6,720575940618286882,0,0,,,,,,,,,,,,,,
R1-6,720575940618296038,0,0,,,,,,,,,,,,,,
R1-6,720575940618311142,0,0,,,,,,,,,,,,,,
R1-6,720575940618320162,0,0,,,,,,,,,,,,,,
R1-6,720575940618323641,1,0,,,,,,,,,,,,,,
R1-6,720575940618333329,0,0,,,,,,,,,,,,,,
R1-6,720575940618342946,0,0,,,,,,,,,,,,,,
R1-6,720575940618349497,0,0,,,,,,,,,,,,,,
R1-6,720575940618352162,0,0,,,,,,,,,,,,,,
R1-6,720575940618357734,0,0,,,,,,,,,,,,,,
R1-6,720575940618391526,0,0,,,,,,,,,,,,,,
R1-6,720575940618396628,0,0,,,,,,,,,,,,,,
R1-6,720575940618422621,0,0,,,,,,,,,,,,,,
R1-6,720575940618445713,1,0,,,,,,,,,,,,,,
R1-6,720575940618454941,0,0,,,,,,,,,,,,,,
R1-6,720575940618492417,0,0,,,,,,,,,,,,,,
R1-6,720575940618512418,1,0,,,,,,,,,,,,,,
R1-6,720575940618519842,0,0,,,,,,,,,,,,,,
R1-6,720575940618526804,0,0,,,,,,,,,,,,,,
R1-6,720575940618529570,0,0,,,,,,,,,,,,,,
R1-6,720575940618534434,0,0,,,,,,,,,,,,,,
R1-6,720575940618536377,0,0,,,,,,,,,,,,,,
R1-6,720575940618540372,0,0,,,,,,,,,,,,,,
R1-6,720575940618544541,0,0,,,,,,,,,,,,,,
R1-6,720575940618544641,0,0,,,,,,,,,,,,,,
R1-6,720575940618553318,0,0,,,,,,,,,,,,,,
R1-6,720575940618554288,0,0,,,,,,,,,,,,,,
R1-6,720575940618557953,0,0,,,,,,,,,,,,,,
R1-6,720575940618561025,0,0,,,,,,,,,,,,,,
R1-6,720575940618561281,3,0,,,,,,,,,,,,,,
R1-6,720575940618582685,1,0,,,,,,,,,,,,,,
R1-6,720575940618584221,0,0,,,,,,,,,,,,,,
R1-6,720575940618585776,0,0,,,,,,,,,,,,,,
R1-6,720575940618586032,0,0,,,,,,,,,,,,,,
R1-6,720575940618590209,0,0,,,,,,,,,,,,,,
R1-6,720575940618591664,0,0,,,,,,,,,,,,,,
R1-6,720575940618591920,0,0,,,,,,,,,,,,,,
R1-6,720575940618593309,0,0,,,,,,,,,,,,,,
R1-6,720575940618595585,0,0,,,,,,,,,,,,,,
R1-6,720575940618597021,0,0,,,,,,,,,,,,,,
R1-6,720575940618600349,0,0,,,,,,,,,,,,,,
R1-6,720575940618629533,0,0,,,,,,,,,,,,,,
R1-6,720575940618633044,0,0,,,,,,,,,,,,,,
R1-6,720575940618635265,0,0,,,,,,,,,,,,,,
R1-6,720575940618640897,0,0,,,,,,,,,,,,,,
R1-6,720575940618657108,1,0,,,,,,,,,,,,,,
R1-6,720575940618664605,0,0,,,,,,,,,,,,,,
R1-6,720575940618675969,0,0,,,,,,,,,,,,,,
R1-6,720575940618678941,0,0,,,,,,,,,,,,,,
R1-6,720575940618682964,0,0,,,,,,,,,,,,,,
R1-6,720575940618685853,0,0,,,,,,,,,,,,,,
R1-6,720575940618690644,0,0,,,,,,,,,,,,,,
R1-6,720575940618691613,0,0,,,,,,,,,,,,,,
R1-6,720575940618711809,0,0,,,,,,,,,,,,,,
R1-6,720575940618712660,0,0,,,,,,,,,,,,,,
R1-6,720575940618714525,0,0,,,,,,,,,,,,,,
R1-6,720575940618715393,0,0,,,,,,,,,,,,,,
R1-6,720575940618715476,0,0,,,,,,,,,,,,,,
R1-6,720575940618719060,1,0,,,,,,,,,,,,,,
R1-6,720575940618723156,0,0,,,,,,,,,,,,,,
R1-6,720575940618725633,0,0,,,,,,,,,,,,,,
R1-6,720575940618726145,0,0,,,,,,,,,,,,,,
R1-6,720575940618731421,0,0,,,,,,,,,,,,,,
R1-6,720575940618731521,0,0,,,,,,,,,,,,,,
R1-6,720575940618733140,0,0,,,,,,,,,,,,,,
R1-6,720575940618733313,1,0,,,,,,,,,,,,,,
R1-6,720575940618738971,0,0,,,,,,,,,,,,,,
R1-6,720575940618747421,0,0,,,,,,,,,,,,,,
R1-6,720575940618756865,0,0,,,,,,,,,,,,,,
R1-6,720575940618758429,0,0,,,,,,,,,,,,,,
R1-6,720575940618762580,0,0,,,,,,,,,,,,,,
R1-6,720575940618771969,0,0,,,,,,,,,,,,,,
R1-6,720575940618773275,0,0,,,,,,,,,,,,,,
R1-6,720575940618781979,0,0,,,,,,,,,,,,,,
R1-6,720575940618785565,0,0,,,,,,,,,,,,,,
R1-6,720575940618796372,0,0,,,,,,,,,,,,,,
R1-6,720575940618798619,1,0,,,,,,,,,,,,,,
R1-6,720575940618801179,0,0,,,,,,,,,,,,,,
R1-6,720575940618818589,0,0,,,,,,,,,,,,,,
R1-6,720575940618819101,0,0,,,,,,,,,,,,,,
R1-6,720575940618831387,0,0,,,,,,,,,,,,,,
R1-6,720575940618843649,0,0,,,,,,,,,,,,,,
R1-6,720575940618845780,0,0,,,,,,,,,,,,,,
R1-6,720575940618856987,0,0,,,,,,,,,,,,,,
R1-6,720575940618876955,0,0,,,,,,,,,,,,,,
R1-6,720575940618878747,0,0,,,,,,,,,,,,,,
R1-6,720575940618882843,0,0,,,,,,,,,,,,,,
R1-6,720575940618899013,0,0,,,,,,,,,,,,,,
R1-6,720575940618922265,0,0,,,,,,,,,,,,,,
R1-6,720575940618950913,0,0,,,,,,,,,,,,,,
R1-6,720575940618991685,0,0,,,,,,,,,,,,,,
R1-6,720575940619004699,0,0,,,,,,,,,,,,,,
R1-6,720575940619031621,0,0,,,,,,,,,,,,,,
R1-6,720575940619064389,0,0,,,,,,,,,,,,,,
R1-6,720575940619081285,1,0,,,,,,,,,,,,,,
R1-6,720575940619119168,0,0,,,,,,,,,,,,,,
R1-6,720575940619124805,1,0,,,,,,,,,,,,,,
R1-6,720575940619159837,0,0,,,,,,,,,,,,,,
R1-6,720575940619199557,0,0,,,,,,,,,,,,,,
R1-6,720575940619248019,0,0,,,,,,,,,,,,,,
R1-6,720575940619256384,1,0,,,,,,,,,,,,,,
R1-6,720575940619277120,0,0,,,,,,,,,,,,,,
R1-6,720575940619309376,0,0,,,,,,,,,,,,,,
R1-6,720575940619327040,0,0,,,,,,,,,,,,,,
R1-6,720575940619336512,1,0,,,,,,,,,,,,,,
R1-6,720575940619337024,1,0,,,,,,,,,,,,,,
R1-6,720575940619394112,0,0,,,,,,,,,,,,,,
R1-6,720575940619404096,1,0,,,,,,,,,,,,,,
R1-6,720575940619413312,0,0,,,,,,,,,,,,,,
R1-6,720575940619414592,1,0,,,,,,,,,,,,,,
R1-6,720575940619420480,0,0,,,,,,,,,,,,,,
R1-6,720575940619425605,0,0,,,,,,,,,,,,,,
R1-6,720575940619493499,0,0,,,,,,,,,,,,,,
R1-6,720575940619504507,0,0,,,,,,,,,,,,,,
R1-6,720575940619538486,0,0,,,,,,,,,,,,,,
R1-6,720575940619552054,0,0,,,,,,,,,,,,,,
R1-6,720575940619583202,0,0,,,,,,,,,,,,,,
R1-6,720575940619590302,0,0,,,,,,,,,,,,,,
R1-6,720575940619601462,0,0,,,,,,,,,,,,,,
R1-6,720575940619610782,0,0,,,,,,,,,,,,,,
R1-6,720575940619626806,0,0,,,,,,,,,,,,,,
R1-6,720575940619627166,0,0,,,,,,,,,,,,,,
R1-6,720575940619627422,1,0,,,,,,,,,,,,,,
R1-6,720575940619649403,1,0,,,,,,,,,,,,,,
R1-6,720575940619652731,0,0,,,,,,,,,,,,,,
R1-6,720575940619674678,0,0,,,,,,,,,,,,,,
R1-6,720575940619677494,0,0,,,,,,,,,,,,,,
R1-6,720575940619691131,0,0,,,,,,,,,,,,,,
R1-6,720575940619698742,0,0,,,,,,,,,,,,,,
R1-6,720575940619704699,0,0,,,,,,,,,,,,,,
R1-6,720575940619705211,0,0,,,,,,,,,,,,,,
R1-6,720575940619718523,0,0,,,,,,,,,,,,,,
R1-6,720575940619719547,1,0,,,,,,,,,,,,,,
R1-6,720575940619721782,0,0,,,,,,,,,,,,,,
R1-6,720575940619727006,1,0,,,,,,,,,,,,,,
R1-6,720575940619727262,1,0,,,,,,,,,,,,,,
R1-6,720575940619728286,0,0,,,,,,,,,,,,,,
R1-6,720575940619732126,0,0,,,,,,,,,,,,,,
R1-6,720575940619737211,0,0,,,,,,,,,,,,,,
R1-6,720575940619742878,1,0,,,,,,,,,,,,,,
R1-6,720575940619744891,0,0,,,,,,,,,,,,,,
R1-6,720575940619751734,0,0,,,,,,,,,,,,,,
R1-6,720575940619768734,0,0,,,,,,,,,,,,,,
R1-6,720575940619773750,0,0,,,,,,,,,,,,,,
R1-6,720575940619802166,0,0,,,,,,,,,,,,,,
R1-6,720575940619804830,0,0,,,,,,,,,,,,,,
R1-6,720575940619821470,0,0,,,,,,,,,,,,,,
R1-6,720575940619839646,0,0,,,,,,,,,,,,,,
R1-6,720575940619844406,0,0,,,,,,,,,,,,,,
R1-6,720575940619848350,1,0,,,,,,,,,,,,,,
R1-6,720575940619860022,0,0,,,,,,,,,,,,,,
R1-6,720575940619921172,0,0,,,,,,,,,,,,,,
R1-6,720575940619921822,0,0,,,,,,,,,,,,,,
R1-6,720575940620030518,0,0,,,,,,,,,,,,,,
R1-6,720575940620075166,0,0,,,,,,,,,,,,,,
R1-6,720575940620102193,0,0,,,,,,,,,,,,,,
R1-6,720575940620114334,1,0,,,,,,,,,,,,,,
R1-6,720575940620131121,0,0,,,,,,,,,,,,,,
R1-6,720575940620147672,0,0,,,,,,,,,,,,,,
R1-6,720575940620159192,0,0,,,,,,,,,,,,,,
R1-6,720575940620207921,0,0,,,,,,,,,,,,,,
R1-6,720575940620226776,0,0,,,,,,,,,,,,,,
R1-6,720575940620231384,0,0,,,,,,,,,,,,,,
R1-6,720575940620242392,0,0,,,,,,,,,,,,,,
R1-6,720575940620246321,0,0,,,,,,,,,,,,,,
R1-6,720575940620250417,0,0,,,,,,,,,,,,,,
R1-6,720575940620270552,0,0,,,,,,,,,,,,,,
R1-6,720575940620284038,0,0,,,,,,,,,,,,,,
R1-6,720575940620326104,0,0,,,,,,,,,,,,,,
R1-6,720575940620327217,0,0,,,,,,,,,,,,,,
R1-6,720575940620337713,0,0,,,,,,,,,,,,,,
R1-6,720575940620367832,0,0,,,,,,,,,,,,,,
R1-6,720575940620368945,0,0,,,,,,,,,,,,,,
R1-6,720575940620383947,0,0,,,,,,,,,,,,,,
R1-6,720575940620406744,0,0,,,,,,,,,,,,,,
R1-6,720575940620413400,0,0,,,,,,,,,,,,,,
R1-6,720575940620414800,0,0,,,,,,,,,,,,,,
R1-6,720575940620441291,0,0,,,,,,,,,,,,,,
R1-6,720575940620452437,0,0,,,,,,,,,,,,,,
R1-6,720575940620476240,0,0,,,,,,,,,,,,,,
R1-6,720575940620481483,0,0,,,,,,,,,,,,,,
R1-6,720575940620508245,0,0,,,,,,,,,,,,,,
R1-6,720575940620522955,0,0,,,,,,,,,,,,,,
R1-6,720575940620527819,0,0,,,,,,,,,,,,,,
R1-6,720575940620533825,0,0,,,,,,,,,,,,,,
R1-6,720575940620540619,0,0,,,,,,,,,,,,,,
R1-6,720575940620547019,0,0,,,,,,,,,,,,,,
R1-6,720575940620548299,1,0,,,,,,,,,,,,,,
R1-6,720575940620594000,0,0,,,,,,,,,,,,,,
R1-6,720575940620620112,0,0,,,,,,,,,,,,,,
R1-6,720575940620656208,0,0,,,,,,,,,,,,,,
R1-6,720575940620675019,0,0,,,,,,,,,,,,,,
R1-6,720575940620675408,1,0,,,,,,,,,,,,,,
R1-6,720575940620677511,0,0,,,,,,,,,,,,,,
R1-6,720575940620681552,0,0,,,,,,,,,,,,,,
R1-6,720575940620683600,0,0,,,,,,,,,,,,,,
R1-6,720575940620684373,0,0,,,,,,,,,,,,,,
R1-6,720575940620684629,0,0,,,,,,,,,,,,,,
R1-6,720575940620685648,1,0,,,,,,,,,,,,,,
R1-6,720575940620695120,0,0,,,,,,,,,,,,,,
R1-6,720575940620697941,0,0,,,,,,,,,,,,,,
R1-6,720575940620707925,0,0,,,,,,,,,,,,,,
R1-6,720575940620712528,1,0,,,,,,,,,,,,,,
R1-6,720575940620728405,0,0,,,,,,,,,,,,,,
R1-6,720575940620735960,0,0,,,,,,,,,,,,,,
R1-6,720575940620752469,0,0,,,,,,,,,,,,,,
R1-6,720575940620772437,0,0,,,,,,,,,,,,,,
R1-6,720575940620795668,1,0,,,,,,,,,,,,,,
R1-6,720575940620804999,0,0,,,,,,,,,,,,,,
R1-6,720575940620816007,0,0,,,,,,,,,,,,,,
R1-6,720575940620818055,0,0,,,,,,,,,,,,,,
R1-6,720575940620825941,0,0,,,,,,,,,,,,,,
R1-6,720575940620840839,0,0,,,,,,,,,,,,,,
R1-6,720575940620883079,0,0,,,,,,,,,,,,,,
R1-6,720575940620897227,0,0,,,,,,,,,,,,,,
R1-6,720575940620900231,0,0,,,,,,,,,,,,,,
R1-6,720575940620925204,0,0,,,,,,,,,,,,,,
R1-6,720575940620939028,0,0,,,,,,,,,,,,,,
R1-6,720575940620941588,0,0,,,,,,,,,,,,,,
R1-6,720575940620964884,0,0,,,,,,,,,,,,,,
R1-6,720575940620973221,0,0,,,,,,,,,,,,,,
R1-6,720575940620979476,0,0,,,,,,,,,,,,,,
R1-6,720575940620981413,0,0,,,,,,,,,,,,,,
R1-6,720575940620987733,0,0,,,,,,,,,,,,,,
R1-6,720575940621019557,0,0,,,,,,,,,,,,,,
R1-6,720575940621034944,0,0,,,,,,,,,,,,,,
R1-6,720575940621038964,0,0,,,,,,,,,,,,,,
R1-6,720575940621043109,0,0,,,,,,,,,,,,,,
R1-6,720575940621045413,0,0,,,,,,,,,,,,,,
R1-6,720575940621046720,0,0,,,,,,,,,,,,,,
R1-6,720575940621047461,0,0,,,,,,,,,,,,,,
R1-6,720575940621056020,0,0,,,,,,,,,,,,,,
R1-6,720575940621068167,0,0,,,,,,,,,,,,,,
R1-6,720575940621077126,0,0,,,,,,,,,,,,,,
R1-6,720575940621078548,0,0,,,,,,,,,,,,,,
R1-6,720575940621140359,1,0,,,,,,,,,,,,,,
R1-6,720575940621142036,0,0,,,,,,,,,,,,,,
R1-6,720575940621158309,0,0,,,,,,,,,,,,,,
R1-6,720575940621168037,0,0,,,,,,,,,,,,,,
R1-6,720575940621170369,0,0,,,,,,,,,,,,,,
R1-6,720575940621179227,0,0,,,,,,,,,,,,,,
R1-6,720575940621181830,0,0,,,,,,,,,,,,,,
R1-6,720575940621187265,0,0,,,,,,,,,,,,,,
R1-6,720575940621192641,0,0,,,,,,,,,,,,,,
R1-6,720575940621217728,0,0,,,,,,,,,,,,,,
R1-6,720575940621220523,0,0,,,,,,,,,,,,,,
R1-6,720575940621227712,0,0,,,,,,,,,,,,,,
R1-6,720575940621228737,0,0,,,,,,,,,,,,,,
R1-6,720575940621273259,0,0,,,,,,,,,,,,,,
R1-6,720575940621283675,1,0,,,,,,,,,,,,,,
R1-6,720575940621284591,0,0,,,,,,,,,,,,,,
R1-6,720575940621295019,0,0,,,,,,,,,,,,,,
R1-6,720575940621304235,0,0,,,,,,,,,,,,,,
R1-6,720575940621313216,0,0,,,,,,,,,,,,,,
R1-6,720575940621319083,0,0,,,,,,,,,,,,,,
R1-6,720575940621320107,0,0,,,,,,,,,,,,,,
R1-6,720575940621328622,0,0,,,,,,,,,,,,,,
R1-6,720575940621329755,0,0,,,,,,,,,,,,,,
R1-6,720575940621335488,0,0,,,,,,,,,,,,,,
R1-6,720575940621339585,0,0,,,,,,,,,,,,,,
R1-6,720575940621344427,0,0,,,,,,,,,,,,,,
R1-6,720575940621351046,0,0,,,,,,,,,,,,,,
R1-6,720575940621351558,0,0,,,,,,,,,,,,,,
R1-6,720575940621361345,0,0,,,,,,,,,,,,,,
R1-6,720575940621362113,0,0,,,,,,,,,,,,,,
R1-6,720575940621366644,0,0,,,,,,,,,,,,,,
R1-6,720575940621372096,0,0,,,,,,,,,,,,,,
R1-6,720575940621373355,0,0,,,,,,,,,,,,,,
R1-6,720575940621377775,0,0,,,,,,,,,,,,,,
R1-6,720575940621385387,0,0,,,,,,,,,,,,,,
R1-6,720575940621395621,0,0,,,,,,,,,,,,,,
R1-6,720575940621406447,1,0,,,,,,,,,,,,,,
R1-6,720575940621426159,1,0,,,,,,,,,,,,,,
R1-6,720575940621445766,0,0,,,,,,,,,,,,,,
R1-6,720575940621450923,0,0,,,,,,,,,,,,,,
R1-6,720575940621454063,0,0,,,,,,,,,,,,,,
R1-6,720575940621460870,0,0,,,,,,,,,,,,,,
R1-6,720575940621474031,0,0,,,,,,,,,,,,,,
R1-6,720575940621475163,0,0,,,,,,,,,,,,,,
R1-6,720575940621482177,0,0,,,,,,,,,,,,,,
R1-6,720575940621508033,0,0,,,,,,,,,,,,,,
R1-6,720575940621520110,0,0,,,,,,,,,,,,,,
R1-6,720575940621528173,0,0,,,,,,,,,,,,,,
R1-6,720575940621531245,0,0,,,,,,,,,,,,,,
R1-6,720575940621548891,0,0,,,,,,,,,,,,,,
R1-6,720575940621565166,0,0,,,,,,,,,,,,,,
R1-6,720575940621569371,0,0,,,,,,,,,,,,,,
R1-6,720575940621579174,0,0,,,,,,,,,,,,,,
R1-6,720575940621586414,0,0,,,,,,,,,,,,,,
R1-6,720575940621589357,1,0,,,,,,,,,,,,,,
R1-6,720575940621592815,1,0,,,,,,,,,,,,,,
R1-6,720575940621593691,1,0,,,,,,,,,,,,,,
R1-6,720575940621598299,0,0,,,,,,,,,,,,,,
R1-6,720575940621598374,0,0,,,,,,,,,,,,,,
R1-6,720575940621605485,0,0,,,,,,,,,,,,,,
R1-6,720575940621614836,0,0,,,,,,,,,,,,,,
R1-6,720575940621622363,0,0,,,,,,,,,,,,,,
R1-6,720575940621640431,0,0,,,,,,,,,,,,,,
R1-6,720575940621670235,0,0,,,,,,,,,,,,,,
R1-6,720575940621672033,0,0,,,,,,,,,,,,,,
R1-6,720575940621677222,2,0,,,,,,,,,,,,,,
R1-6,720575940621678189,0,0,,,,,,,,,,,,,,
R1-6,720575940621679526,0,0,,,,,,,,,,,,,,
R1-6,720575940621685345,1,0,,,,,,,,,,,,,,
R1-6,720575940621687206,0,0,,,,,,,,,,,,,,
R1-6,720575940621690221,0,0,,,,,,,,,,,,,,
R1-6,720575940621696621,0,0,,,,,,,,,,,,,,
R1-6,720575940621716833,0,0,,,,,,,,,,,,,,
R1-6,720575940621721709,0,0,,,,,,,,,,,,,,
R1-6,720575940621723501,0,0,,,,,,,,,,,,,,
R1-6,720575940621728865,0,0,,,,,,,,,,,,,,
R1-6,720575940621752758,0,0,,,,,,,,,,,,,,
R1-6,720575940621762497,0,0,,,,,,,,,,,,,,
R1-6,720575940621765729,1,0,,,,,,,,,,,,,,
R1-6,720575940621768545,0,0,,,,,,,,,,,,,,
R1-6,720575940621769313,0,0,,,,,,,,,,,,,,
R1-6,720575940621774433,0,0,,,,,,,,,,,,,,
R1-6,720575940621802223,0,0,,,,,,,,,,,,,,
R1-6,720575940621803184,0,0,,,,,,,,,,,,,,
R1-6,720575940621807024,0,0,,,,,,,,,,,,,,
R1-6,720575940621810926,0,0,,,,,,,,,,,,,,
R1-6,720575940621815472,0,0,,,,,,,,,,,,,,
R1-6,720575940621819457,0,0,,,,,,,,,,,,,,
R1-6,720575940621820086,0,0,,,,,,,,,,,,,,
R1-6,720575940621832801,0,0,,,,,,,,,,,,,,
R1-6,720575940621836897,0,0,,,,,,,,,,,,,,
R1-6,720575940621848496,0,0,,,,,,,,,,,,,,
R1-6,720575940621852326,0,0,,,,,,,,,,,,,,
R1-6,720575940621853701,0,0,,,,,,,,,,,,,,
R1-6,720575940621866049,0,0,,,,,,,,,,,,,,
R1-6,720575940621875009,0,0,,,,,,,,,,,,,,
R1-6,720575940621875521,0,0,,,,,,,,,,,,,,
R1-6,720575940621881782,0,0,,,,,,,,,,,,,,
R1-6,720575940621889718,0,0,,,,,,,,,,,,,,
R1-6,720575940621914977,0,0,,,,,,,,,,,,,,
R1-6,720575940621917862,0,0,,,,,,,,,,,,,,
R1-6,720575940621932454,1,0,,,,,,,,,,,,,,
R1-6,720575940621937846,1,0,,,,,,,,,,,,,,
R1-6,720575940621949249,0,0,,,,,,,,,,,,,,
R1-6,720575940621949622,0,0,,,,,,,,,,,,,,
R1-6,720575940621958576,0,0,,,,,,,,,,,,,,
R1-6,720575940621973942,0,0,,,,,,,,,,,,,,
R1-6,720575940621974710,0,0,,,,,,,,,,,,,,
R1-6,720575940621976758,0,0,,,,,,,,,,,,,,
R1-6,720575940622017118,0,0,,,,,,,,,,,,,,
R1-6,720575940622022753,0,0,,,,,,,,,,,,,,
R1-6,720575940622023745,0,0,,,,,,,,,,,,,,
R1-6,720575940622030006,0,0,,,,,,,,,,,,,,
R1-6,720575940622037942,0,0,,,,,,,,,,,,,,
R1-6,720575940622044336,0,0,,,,,,,,,,,,,,
R1-6,720575940622056391,0,0,,,,,,,,,,,,,,
R1-6,720575940622057599,0,0,,,,,,,,,,,,,,
R1-6,720575940622070448,0,0,,,,,,,,,,,,,,
R1-6,720575940622088112,0,0,,,,,,,,,,,,,,
R1-6,720575940622099878,0,0,,,,,,,,,,,,,,
R1-6,720575940622105008,0,0,,,,,,,,,,,,,,
R1-6,720575940622142580,1,0,,,,,,,,,,,,,,
R1-6,720575940622158964,0,0,,,,,,,,,,,,,,
R1-6,720575940622167412,0,0,,,,,,,,,,,,,,
R1-6,720575940622190452,0,0,,,,,,,,,,,,,,
R1-6,720575940622237567,1,0,,,,,,,,,,,,,,
R1-6,720575940622247551,0,0,,,,,,,,,,,,,,
R1-6,720575940622257023,0,0,,,,,,,,,,,,,,
R1-6,720575940622258753,0,0,,,,,,,,,,,,,,
R1-6,720575940622273601,0,0,,,,,,,,,,,,,,
R1-6,720575940622280886,0,0,,,,,,,,,,,,,,
R1-6,720575940622302704,0,0,,,,,,,,,,,,,,
R1-6,720575940622311152,0,0,,,,,,,,,,,,,,
R1-6,720575940622353846,0,0,,,,,,,,,,,,,,
R1-6,720575940622354815,1,0,,,,,,,,,,,,,,
R1-6,720575940622364660,0,0,,,,,,,,,,,,,,
R1-6,720575940622426484,1,0,,,,,,,,,,,,,,
R1-6,720575940622440564,0,0,,,,,,,,,,,,,,
R1-6,720575940622450928,0,0,,,,,,,,,,,,,,
R1-6,720575940622462079,0,0,,,,,,,,,,,,,,
R1-6,720575940622480624,0,0,,,,,,,,,,,,,,
R1-6,720575940622490356,0,0,,,,,,,,,,,,,,
R1-6,720575940622499455,0,0,,,,,,,,,,,,,,
R1-6,720575940622499934,0,0,,,,,,,,,,,,,,
R1-6,720575940622500479,0,0,,,,,,,,,,,,,,
R1-6,720575940622501759,0,0,,,,,,,,,,,,,,
R1-6,720575940622502640,1,0,,,,,,,,,,,,,,
R1-6,720575940622509150,0,0,,,,,,,,,,,,,,
R1-6,720575940622514815,0,0,,,,,,,,,,,,,,
R1-6,720575940622515188,0,0,,,,,,,,,,,,,,
R1-6,720575940622515696,1,0,,,,,,,,,,,,,,
R1-6,720575940622534527,0,0,,,,,,,,,,,,,,
R1-6,720575940622536197,0,0,,,,,,,,,,,,,,
R1-6,720575940622537456,1,0,,,,,,,,,,,,,,
R1-6,720575940622545246,1,0,,,,,,,,,,,,,,
R1-6,720575940622551045,0,0,,,,,,,,,,,,,,
R1-6,720575940622551536,0,0,,,,,,,,,,,,,,
R1-6,720575940622562431,0,0,,,,,,,,,,,,,,
R1-6,720575940622563845,0,0,,,,,,,,,,,,,,
R1-6,720575940622579700,2,0,,,,,,,,,,,,,,
R1-6,720575940622583284,0,0,,,,,,,,,,,,,,
R1-6,720575940622585584,0,0,,,,,,,,,,,,,,
R1-6,720575940622590964,0,0,,,,,,,,,,,,,,
R1-6,720575940622594586,0,0,,,,,,,,,,,,,,
R1-6,720575940622619847,0,0,,,,,,,,,,,,,,
R1-6,720575940622628120,0,0,,,,,,,,,,,,,,
R1-6,720575940622637061,0,0,,,,,,,,,,,,,,
R1-6,720575940622644468,0,0,,,,,,,,,,,,,,
R1-6,720575940622646533,0,0,,,,,,,,,,,,,,
R1-6,720575940622660101,0,0,,,,,,,,,,,,,,
R1-6,720575940622664453,0,0,,,,,,,,,,,,,,
R1-6,720575940622681950,0,0,,,,,,,,,,,,,,
R1-6,720575940622699689,1,0,,,,,,,,,,,,,,
R1-6,720575940622702341,0,0,,,,,,,,,,,,,,
R1-6,720575940622714025,1,0,,,,,,,,,,,,,,
R1-6,720575940622719732,0,0,,,,,,,,,,,,,,
R1-6,720575940622724869,0,0,,,,,,,,,,,,,,
R1-6,720575940622725658,0,0,,,,,,,,,,,,,,
R1-6,720575940622734853,0,0,,,,,,,,,,,,,,
R1-6,720575940622736990,0,0,,,,,,,,,,,,,,
R1-6,720575940622739696,0,0,,,,,,,,,,,,,,
R1-6,720575940622760798,0,0,,,,,,,,,,,,,,
R1-6,720575940622770458,0,0,,,,,,,,,,,,,,
R1-6,720575940622776414,0,0,,,,,,,,,,,,,,
R1-6,720575940622777438,0,0,,,,,,,,,,,,,,
R1-6,720575940622780442,0,0,,,,,,,,,,,,,,
R1-6,720575940622785193,0,0,,,,,,,,,,,,,,
R1-6,720575940622785374,0,0,,,,,,,,,,,,,,
R1-6,720575940622793822,0,0,,,,,,,,,,,,,,
R1-6,720575940622807209,0,0,,,,,,,,,,,,,,
R1-6,720575940622822313,0,0,,,,,,,,,,,,,,
R1-6,720575940622869417,1,0,,,,,,,,,,,,,,
R1-6,720575940622886426,0,0,,,,,,,,,,,,,,
R1-6,720575940622886780,0,0,,,,,,,,,,,,,,
R1-6,720575940622889310,0,0,,,,,,,,,,,,,,
R1-6,720575940622893089,0,0,,,,,,,,,,,,,,
R1-6,720575940622895484,1,0,,,,,,,,,,,,,,
R1-6,720575940622896041,0,0,,,,,,,,,,,,,,
R1-6,720575940622922273,0,0,,,,,,,,,,,,,,
R1-6,720575940622940492,1,0,,,,,,,,,,,,,,
R1-6,720575940622940796,0,0,,,,,,,,,,,,,,
R1-6,720575940622946892,1,0,,,,,,,,,,,,,,
R1-6,720575940622967329,0,0,,,,,,,,,,,,,,
R1-6,720575940622974725,0,0,,,,,,,,,,,,,,
R1-6,720575940622984524,0,0,,,,,,,,,,,,,,
R1-6,720575940623008332,0,0,,,,,,,,,,,,,,
R1-6,720575940623029765,0,0,,,,,,,,,,,,,,
R1-6,720575940623038332,0,0,,,,,,,,,,,,,,
R1-6,720575940623049686,0,0,,,,,,,,,,,,,,
R1-6,720575940623051945,0,0,,,,,,,,,,,,,,
R1-6,720575940623100766,0,0,,,,,,,,,,,,,,
R1-6,720575940623105100,0,0,,,,,,,,,,,,,,
R1-6,720575940623106774,0,0,,,,,,,,,,,,,,
R1-6,720575940623123532,0,0,,,,,,,,,,,,,,
R1-6,720575940623123926,0,0,,,,,,,,,,,,,,
R1-6,720575940623135612,0,0,,,,,,,,,,,,,,
R1-6,720575940623136726,0,0,,,,,,,,,,,,,,
R1-6,720575940623142476,0,0,,,,,,,,,,,,,,
R1-6,720575940623146108,1,0,,,,,,,,,,,,,,
R1-6,720575940623148765,1,0,,,,,,,,,,,,,,
R1-6,720575940623179644,0,0,,,,,,,,,,,,,,
R1-6,720575940623180246,0,0,,,,,,,,,,,,,,
R1-6,720575940623181180,0,0,,,,,,,,,,,,,,
R1-6,720575940623182156,0,0,,,,,,,,,,,,,,
R1-6,720575940623187806,0,0,,,,,,,,,,,,,,
R1-6,720575940623191372,0,0,,,,,,,,,,,,,,
R1-6,720575940623198497,0,0,,,,,,,,,,,,,,
R1-6,720575940623211852,0,0,,,,,,,,,,,,,,
R1-6,720575940623217228,0,0,,,,,,,,,,,,,,
R1-6,720575940623224396,0,0,,,,,,,,,,,,,,
R1-6,720575940623235916,0,0,,,,,,,,,,,,,,
R1-6,720575940623253469,0,0,,,,,,,,,,,,,,
R1-6,720575940623258845,0,0,,,,,,,,,,,,,,
R1-6,720575940623260492,0,0,,,,,,,,,,,,,,
R1-6,720575940623265757,0,0,,,,,,,,,,,,,,
R1-6,720575940623270102,0,0,,,,,,,,,,,,,,
R1-6,720575940623280861,1,0,,,,,,,,,,,,,,
R1-6,720575940623281885,0,0,,,,,,,,,,,,,,
R1-6,720575940623285213,0,0,,,,,,,,,,,,,,
R1-6,720575940623292028,1,0,,,,,,,,,,,,,,
R1-6,720575940623295958,0,0,,,,,,,,,,,,,,
R1-6,720575940623305693,1,0,,,,,,,,,,,,,,
R1-6,720575940623322070,0,0,,,,,,,,,,,,,,
R1-6,720575940623330013,0,0,,,,,,,,,,,,,,
R1-6,720575940623375325,0,0,,,,,,,,,,,,,,
R1-6,720575940623435959,0,0,,,,,,,,,,,,,,
R1-6,720575940623458124,0,0,,,,,,,,,,,,,,
R1-6,720575940623458915,0,0,,,,,,,,,,,,,,
R1-6,720575940623462499,1,0,,,,,,,,,,,,,,
R1-6,720575940623470038,1,0,,,,,,,,,,,,,,
R1-6,720575940623484771,0,0,,,,,,,,,,,,,,
R1-6,720575940623495779,0,0,,,,,,,,,,,,,,
R1-6,720575940623502460,1,0,,,,,,,,,,,,,,
R1-6,720575940623541517,1,0,,,,,,,,,,,,,,
R1-6,720575940623592925,0,0,,,,,,,,,,,,,,
R1-6,720575940623603224,0,0,,,,,,,,,,,,,,
R1-6,720575940623616611,0,0,,,,,,,,,,,,,,
R1-6,720575940623633165,0,0,,,,,,,,,,,,,,
R1-6,720575940623633251,1,0,,,,,,,,,,,,,,
R1-6,720575940623647331,0,0,,,,,,,,,,,,,,
R1-6,720575940623648536,1,0,,,,,,,,,,,,,,
R1-6,720575940623649037,0,0,,,,,,,,,,,,,,
R1-6,720575940623649379,0,0,,,,,,,,,,,,,,
R1-6,720575940623650072,0,0,,,,,,,,,,,,,,
R1-6,720575940623661261,0,0,,,,,,,,,,,,,,
R1-6,720575940623681293,0,0,,,,,,,,,,,,,,
R1-6,720575940623697421,0,0,,,,,,,,,,,,,,
R1-6,720575940623721741,0,0,,,,,,,,,,,,,,
R1-6,720575940623726435,0,0,,,,,,,,,,,,,,
R1-6,720575940623731981,1,0,,,,,,,,,,,,,,
R1-6,720575940623736344,0,0,,,,,,,,,,,,,,
R1-6,720575940623740621,0,0,,,,,,,,,,,,,,
R1-6,720575940623743587,0,0,,,,,,,,,,,,,,
R1-6,720575940623744461,1,0,,,,,,,,,,,,,,
R1-6,720575940623749645,2,0,,,,,,,,,,,,,,
R1-6,720575940623756824,0,0,,,,,,,,,,,,,,
R1-6,720575940623759640,1,0,,,,,,,,,,,,,,
R1-6,720575940623768845,0,0,,,,,,,,,,,,,,
R1-6,720575940623773197,0,0,,,,,,,,,,,,,,
R1-6,720575940623779071,0,0,,,,,,,,,,,,,,
R1-6,720575940623783960,2,0,,,,,,,,,,,,,,
R1-6,720575940623789325,0,0,,,,,,,,,,,,,,
R1-6,720575940623792664,1,0,,,,,,,,,,,,,,
R1-6,720575940623796041,0,0,,,,,,,,,,,,,,
R1-6,720575940623808973,0,0,,,,,,,,,,,,,,
R1-6,720575940623810857,0,0,,,,,,,,,,,,,,
R1-6,720575940623813144,0,0,,,,,,,,,,,,,,
R1-6,720575940623814168,0,0,,,,,,,,,,,,,,
R1-6,720575940623826125,0,0,,,,,,,,,,,,,,
R1-6,720575940623826893,0,0,,,,,,,,,,,,,,
R1-6,720575940623842759,0,0,,,,,,,,,,,,,,
R1-6,720575940623856664,0,0,,,,,,,,,,,,,,
R1-6,720575940623859711,0,0,,,,,,,,,,,,,,
R1-6,720575940623882701,0,0,,,,,,,,,,,,,,
R1-6,720575940623885960,0,0,,,,,,,,,,,,,,
R1-6,720575940623887565,0,0,,,,,,,,,,,,,,
R1-6,720575940623891917,0,0,,,,,,,,,,,,,,
R1-6,720575940623900696,1,0,,,,,,,,,,,,,,
R1-6,720575940623906815,1,0,,,,,,,,,,,,,,
R1-6,720575940623909400,0,0,,,,,,,,,,,,,,
R1-6,720575940623917336,0,0,,,,,,,,,,,,,,
R1-6,720575940623924248,0,0,,,,,,,,,,,,,,
R1-6,720575940623932952,0,0,,,,,,,,,,,,,,
R1-6,720575940623939210,0,0,,,,,,,,,,,,,,
R1-6,720575940623944141,0,0,,,,,,,,,,,,,,
R1-6,720575940623948585,1,0,,,,,,,,,,,,,,
R1-6,720575940623950984,0,0,,,,,,,,,,,,,,
R1-6,720575940623951496,1,0,,,,,,,,,,,,,,
R1-6,720575940623952778,0,0,,,,,,,,,,,,,,
R1-6,720575940623960063,1,0,,,,,,,,,,,,,,
R1-6,720575940623971085,0,0,,,,,,,,,,,,,,
R1-6,720575940623975879,0,0,,,,,,,,,,,,,,
R1-6,720575940623976397,0,0,,,,,,,,,,,,,,
R1-6,720575940623976653,0,0,,,,,,,,,,,,,,
R1-6,720575940623979302,0,0,,,,,,,,,,,,,,
R1-6,720575940623990825,0,0,,,,,,,,,,,,,,
R1-6,720575940623991236,0,0,,,,,,,,,,,,,,
R1-6,720575940623994762,0,0,,,,,,,,,,,,,,
R1-6,720575940624001683,0,0,,,,,,,,,,,,,,
R1-6,720575940624008851,0,0,,,,,,,,,,,,,,
R1-6,720575940624017961,0,0,,,,,,,,,,,,,,
R1-6,720575940624022727,1,0,,,,,,,,,,,,,,
R1-6,720575940624023688,0,0,,,,,,,,,,,,,,
R1-6,720575940624024260,0,0,,,,,,,,,,,,,,
R1-6,720575940624049032,0,0,,,,,,,,,,,,,,
R1-6,720575940624049546,0,0,,,,,,,,,,,,,,
R1-6,720575940624057226,0,0,,,,,,,,,,,,,,
R1-6,720575940624057638,0,0,,,,,,,,,,,,,,
R1-6,720575940624071423,0,0,,,,,,,,,,,,,,
R1-6,720575940624071935,0,0,,,,,,,,,,,,,,
R1-6,720575940624079812,0,0,,,,,,,,,,,,,,
R1-6,720575940624082628,0,0,,,,,,,,,,,,,,
R1-6,720575940624088105,0,0,,,,,,,,,,,,,,
R1-6,720575940624090762,1,0,,,,,,,,,,,,,,
R1-6,720575940624103209,0,0,,,,,,,,,,,,,,
R1-6,720575940624103465,0,0,,,,,,,,,,,,,,
R1-6,720575940624105257,0,0,,,,,,,,,,,,,,
R1-6,720575940624105513,0,0,,,,,,,,,,,,,,
R1-6,720575940624115497,0,0,,,,,,,,,,,,,,
R1-6,720575940624118212,0,0,,,,,,,,,,,,,,
R1-6,720575940624132134,1,0,,,,,,,,,,,,,,
R1-6,720575940624147396,0,0,,,,,,,,,,,,,,
R1-6,720575940624149128,0,0,,,,,,,,,,,,,,
R1-6,720575940624155528,0,0,,,,,,,,,,,,,,
R1-6,720575940624156100,0,0,,,,,,,,,,,,,,
R1-6,720575940624163978,1,0,,,,,,,,,,,,,,
R1-6,720575940624170534,0,0,,,,,,,,,,,,,,
R1-6,720575940624172824,0,0,,,,,,,,,,,,,,
R1-6,720575940624178323,0,0,,,,,,,,,,,,,,
R1-6,720575940624179859,0,0,,,,,,,,,,,,,,
R1-6,720575940624180232,1,0,,,,,,,,,,,,,,
R1-6,720575940624186820,0,0,,,,,,,,,,,,,,
R1-6,720575940624187027,0,0,,,,,,,,,,,,,,
R1-6,720575940624189064,0,0,,,,,,,,,,,,,,
R1-6,720575940624190867,0,0,,,,,,,,,,,,,,
R1-6,720575940624192550,0,0,,,,,,,,,,,,,,
R1-6,720575940624202692,0,0,,,,,,,,,,,,,,
R1-6,720575940624210628,0,0,,,,,,,,,,,,,,
R1-6,720575940624214566,1,0,,,,,,,,,,,,,,
R1-6,720575940624219539,0,0,,,,,,,,,,,,,,
R1-6,720575940624227268,0,0,,,,,,,,,,,,,,
R1-6,720575940624231974,0,0,,,,,,,,,,,,,,
R1-6,720575940624239498,0,0,,,,,,,,,,,,,,
R1-6,720575940624243091,0,0,,,,,,,,,,,,,,
R1-6,720575940624246922,0,0,,,,,,,,,,,,,,
R1-6,720575940624275347,0,0,,,,,,,,,,,,,,
R1-6,720575940624282564,0,0,,,,,,,,,,,,,,
R1-6,720575940624306579,0,0,,,,,,,,,,,,,,
R1-6,720575940624309139,0,0,,,,,,,,,,,,,,
R1-6,720575940624312772,0,0,,,,,,,,,,,,,,
R1-6,720575940624320650,0,0,,,,,,,,,,,,,,
R1-6,720575940624326636,0,0,,,,,,,,,,,,,,
R1-6,720575940624336618,0,0,,,,,,,,,,,,,,
R1-6,720575940624358697,0,0,,,,,,,,,,,,,,
R1-6,720575940624375274,0,0,,,,,,,,,,,,,,
R1-6,720575940624386538,0,0,,,,,,,,,,,,,,
R1-6,720575940624394730,0,0,,,,,,,,,,,,,,
R1-6,720575940624397290,0,0,,,,,,,,,,,,,,
R1-6,720575940624414442,1,0,,,,,,,,,,,,,,
R1-6,720575940624431850,1,0,,,,,,,,,,,,,,
R1-6,720575940624434922,0,0,,,,,,,,,,,,,,
R1-6,720575940624445674,0,0,,,,,,,,,,,,,,
R1-6,720575940624456388,0,0,,,,,,,,,,,,,,
R1-6,720575940624456644,2,0,,,,,,,,,,,,,,
R1-6,720575940624485610,0,0,,,,,,,,,,,,,,
R1-6,720575940624522423,0,0,,,,,,,,,,,,,,
R1-6,720575940624522986,0,0,,,,,,,,,,,,,,
R1-6,720575940624530666,0,0,,,,,,,,,,,,,,
R1-6,720575940624539370,0,0,,,,,,,,,,,,,,
R1-6,720575940624543495,0,0,,,,,,,,,,,,,,
R1-6,720575940624554534,1,0,,,,,,,,,,,,,,
R1-6,720575940624569066,0,0,,,,,,,,,,,,,,
R1-6,720575940624573703,0,0,,,,,,,,,,,,,,
R1-6,720575940624582919,0,0,,,,,,,,,,,,,,
R1-6,720575940624588326,0,0,,,,,,,,,,,,,,
R1-6,720575940624601783,1,0,,,,,,,,,,,,,,
R1-6,720575940624602406,0,0,,,,,,,,,,,,,,
R1-6,720575940624634295,1,0,,,,,,,,,,,,,,
R1-6,720575940624638901,1,0,,,,,,,,,,,,,,
R1-6,720575940624639751,1,0,,,,,,,,,,,,,,
R1-6,720575940624643765,1,0,,,,,,,,,,,,,,
R1-6,720575940624644615,0,0,,,,,,,,,,,,,,
R1-6,720575940624668679,0,0,,,,,,,,,,,,,,
R1-6,720575940624672329,0,0,,,,,,,,,,,,,,
R1-6,720575940624674485,0,0,,,,,,,,,,,,,,
R1-6,720575940624686855,1,0,,,,,,,,,,,,,,
R1-6,720575940624693767,0,0,,,,,,,,,,,,,,
R1-6,720575940624694857,1,0,,,,,,,,,,,,,,
R1-6,720575940624696839,0,0,,,,,,,,,,,,,,
R1-6,720575940624701365,0,0,,,,,,,,,,,,,,
R1-6,720575940624705461,0,0,,,,,,,,,,,,,,
R1-6,720575940624706567,0,0,,,,,,,,,,,,,,
R1-6,720575940624710151,0,0,,,,,,,,,,,,,,
R1-6,720575940624720053,0,0,,,,,,,,,,,,,,
R1-6,720575940624720311,0,0,,,,,,,,,,,,,,
R1-6,720575940624721149,0,0,,,,,,,,,,,,,,
R1-6,720575940624724919,0,0,,,,,,,,,,,,,,
R1-6,720575940624734647,0,0,,,,,,,,,,,,,,
R1-6,720575940624742071,0,0,,,,,,,,,,,,,,
R1-6,720575940624755453,0,0,,,,,,,,,,,,,,
R1-6,720575940624758023,0,0,,,,,,,,,,,,,,
R1-6,720575940624760071,0,0,,,,,,,,,,,,,,
R1-6,720575940624762631,1,0,,,,,,,,,,,,,,
R1-6,720575940624771271,1,0,,,,,,,,,,,,,,
R1-6,720575940624778749,0,0,,,,,,,,,,,,,,
R1-6,720575940624786103,1,0,,,,,,,,,,,,,,
R1-6,720575940624793607,3,0,,,,,,,,,,,,,,
R1-6,720575940624798135,0,0,,,,,,,,,,,,,,
R1-6,720575940624805780,0,0,,,,,,,,,,,,,,
R1-6,720575940624816381,0,0,,,,,,,,,,,,,,
R1-6,720575940624845641,0,0,,,,,,,,,,,,,,
R1-6,720575940624849225,1,0,,,,,,,,,,,,,,
R1-6,720575940624852297,0,0,,,,,,,,,,,,,,
R1-6,720575940624856573,0,0,,,,,,,,,,,,,,
R1-6,720575940624872701,0,0,,,,,,,,,,,,,,
R1-6,720575940624882173,0,0,,,,,,,,,,,,,,
R1-6,720575940624918089,0,0,,,,,,,,,,,,,,
R1-6,720575940624929288,0,0,,,,,,,,,,,,,,
R1-6,720575940624937707,0,0,,,,,,,,,,,,,,
R1-6,720575940624955883,1,0,,,,,,,,,,,,,,
R1-6,720575940625009672,0,0,,,,,,,,,,,,,,
R1-6,720575940625015629,0,0,,,,,,,,,,,,,,
R1-6,720575940625054727,0,0,,,,,,,,,,,,,,
R1-6,720575940625060331,1,0,,,,,,,,,,,,,,
R1-6,720575940625072201,0,0,,,,,,,,,,,,,,
R1-6,720575940625097992,0,0,,,,,,,,,,,,,,
R1-6,720575940625111696,0,0,,,,,,,,,,,,,,
R1-6,720575940625146376,0,0,,,,,,,,,,,,,,
R1-6,720575940625148168,0,0,,,,,,,,,,,,,,
R1-6,720575940625153609,1,0,,,,,,,,,,,,,,
R1-6,720575940625166828,0,0,,,,,,,,,,,,,,
R1-6,720575940625168876,0,0,,,,,,,,,,,,,,
R1-6,720575940625170155,0,0,,,,,,,,,,,,,,
R1-6,720575940625172744,0,0,,,,,,,,,,,,,,
R1-6,720575940625180908,0,0,,,,,,,,,,,,,,
R1-6,720575940625184008,0,0,,,,,,,,,,,,,,
R1-6,720575940625200788,1,0,,,,,,,,,,,,,,
R1-6,720575940625203720,0,0,,,,,,,,,,,,,,
R1-6,720575940625211400,1,0,,,,,,,,,,,,,,
R1-6,720575940625215124,0,0,,,,,,,,,,,,,,
R1-6,720575940625228999,0,0,,,,,,,,,,,,,,
R1-6,720575940625230059,0,0,,,,,,,,,,,,,,
R1-6,720575940625241287,0,0,,,,,,,,,,,,,,
R1-6,720575940625245163,0,0,,,,,,,,,,,,,,
R1-6,720575940625246700,0,0,,,,,,,,,,,,,,
R1-6,720575940625258640,0,0,,,,,,,,,,,,,,
R1-6,720575940625280235,1,0,,,,,,,,,,,,,,
R1-6,720575940625284244,0,0,,,,,,,,,,,,,,
R1-6,720575940625293129,0,0,,,,,,,,,,,,,,
R1-6,720575940625298412,0,0,,,,,,,,,,,,,,
R1-6,720575940625299947,0,0,,,,,,,,,,,,,,
R1-6,720575940625309164,0,0,,,,,,,,,,,,,,
R1-6,720575940625339372,0,0,,,,,,,,,,,,,,
R1-6,720575940625360020,0,0,,,,,,,,,,,,,,
R1-6,720575940625363529,0,0,,,,,,,,,,,,,,
R1-6,720575940625388692,0,0,,,,,,,,,,,,,,
R1-6,720575940625392532,0,0,,,,,,,,,,,,,,
R1-6,720575940625403796,1,0,,,,,,,,,,,,,,
R1-6,720575940625408748,0,0,,,,,,,,,,,,,,
R1-6,720575940625410028,0,0,,,,,,,,,,,,,,
R1-6,720575940625479572,1,0,,,,,,,,,,,,,,
R1-6,720575940625486776,0,0,,,,,,,,,,,,,,
R1-6,720575940625492455,0,0,,,,,,,,,,,,,,
R1-6,720575940625495480,0,0,,,,,,,,,,,,,,
R1-6,720575940625497870,1,0,,,,,,,,,,,,,,
R1-6,720575940625508839,0,0,,,,,,,,,,,,,,
R1-6,720575940625510899,0,0,,,,,,,,,,,,,,
R1-6,720575940625512171,1,0,,,,,,,,,,,,,,
R1-6,720575940625538964,0,0,,,,,,,,,,,,,,
R1-6,720575940625551335,0,0,,,,,,,,,,,,,,
R1-6,720575940625557991,0,0,,,,,,,,,,,,,,
R1-6,720575940625561784,0,0,,,,,,,,,,,,,,
R1-6,720575940625562552,0,0,,,,,,,,,,,,,,
R1-6,720575940625563576,0,0,,,,,,,,,,,,,,
R1-6,720575940625569511,0,0,,,,,,,,,,,,,,
R1-6,720575940625585080,0,0,,,,,,,,,,,,,,
R1-6,720575940625608124,2,0,,,,,,,,,,,,,,
R1-6,720575940625611751,1,0,,,,,,,,,,,,,,
R1-6,720575940625634492,0,0,,,,,,,,,,,,,,
R1-6,720575940625634748,1,0,,,,,,,,,,,,,,
R1-6,720575940625637607,0,0,,,,,,,,,,,,,,
R1-6,720575940625646055,0,0,,,,,,,,,,,,,,
R1-6,720575940625655228,0,0,,,,,,,,,,,,,,
R1-6,720575940625661966,0,0,,,,,,,,,,,,,,
R1-6,720575940625662451,0,0,,,,,,,,,,,,,,
R1-6,720575940625662707,0,0,,,,,,,,,,,,,,
R1-6,720575940625681080,0,0,,,,,,,,,,,,,,
R1-6,720575940625702926,0,0,,,,,,,,,,,,,,
R1-6,720575940625708732,0,0,,,,,,,,,,,,,,
R1-6,720575940625714446,0,0,,,,,,,,,,,,,,
R1-6,720575940625724174,1,0,,,,,,,,,,,,,,
R1-6,720575940625733052,0,0,,,,,,,,,,,,,,
R1-6,720575940625734439,0,0,,,,,,,,,,,,,,
R1-6,720575940625748007,0,0,,,,,,,,,,,,,,
R1-6,720575940625770172,0,0,,,,,,,,,,,,,,
R1-6,720575940625770483,0,0,,,,,,,,,,,,,,
R1-6,720575940625772814,1,0,,,,,,,,,,,,,,
R1-6,720575940625775655,0,0,,,,,,,,,,,,,,
R1-6,720575940625790136,0,0,,,,,,,,,,,,,,
R1-6,720575940625794343,0,0,,,,,,,,,,,,,,
R1-6,720575940625796878,0,0,,,,,,,,,,,,,,
R1-6,720575940625798072,0,0,,,,,,,,,,,,,,
R1-6,720575940625814823,0,0,,,,,,,,,,,,,,
R1-6,720575940625820308,0,0,,,,,,,,,,,,,,
R1-6,720575940625829820,0,0,,,,,,,,,,,,,,
R1-6,720575940625853479,1,0,,,,,,,,,,,,,,
R1-6,720575940625854990,0,0,,,,,,,,,,,,,,
R1-6,720575940625859623,0,0,,,,,,,,,,,,,,
R1-6,720575940625861671,1,0,,,,,,,,,,,,,,
R1-6,720575940625880871,0,0,,,,,,,,,,,,,,
R1-6,720575940625887758,0,0,,,,,,,,,,,,,,
R1-6,720575940625906983,0,0,,,,,,,,,,,,,,
R1-6,720575940625909325,0,0,,,,,,,,,,,,,,
R1-6,720575940625941799,0,0,,,,,,,,,,,,,,
R1-6,720575940625993715,0,0,,,,,,,,,,,,,,
R1-6,720575940626001741,0,0,,,,,,,,,,,,,,
R1-6,720575940626005581,0,0,,,,,,,,,,,,,,
R1-6,720575940626049613,0,0,,,,,,,,,,,,,,
R1-6,720575940626054733,0,0,,,,,,,,,,,,,,
R1-6,720575940626107725,0,0,,,,,,,,,,,,,,
R1-6,720575940626108749,0,0,,,,,,,,,,,,,,
R1-6,720575940626154061,0,0,,,,,,,,,,,,,,
R1-6,720575940626171993,0,0,,,,,,,,,,,,,,
R1-6,720575940626187597,0,0,,,,,,,,,,,,,,
R1-6,720575940626209613,0,0,,,,,,,,,,,,,,
R1-6,720575940626260016,1,0,,,,,,,,,,,,,,
R1-6,720575940626268464,0,0,,,,,,,,,,,,,,
R1-6,720575940626282573,0,0,,,,,,,,,,,,,,
R1-6,720575940626288272,0,0,,,,,,,,,,,,,,
R1-6,720575940626335888,0,0,,,,,,,,,,,,,,
R1-6,720575940626349712,0,0,,,,,,,,,,,,,,
R1-6,720575940626369680,0,0,,,,,,,,,,,,,,
R1-6,720575940626370096,0,0,,,,,,,,,,,,,,
R1-6,720575940626373424,0,0,,,,,,,,,,,,,,
R1-6,720575940626405680,0,0,,,,,,,,,,,,,,
R1-6,720575940626409264,1,0,,,,,,,,,,,,,,
R1-6,720575940626422576,0,0,,,,,,,,,,,,,,
R1-6,720575940626449200,0,0,,,,,,,,,,,,,,
R1-6,720575940626486576,0,0,,,,,,,,,,,,,,
R1-6,720575940626487696,0,0,,,,,,,,,,,,,,
R1-6,720575940626488624,1,0,,,,,,,,,,,,,,
R1-6,720575940626508176,0,0,,,,,,,,,,,,,,
R1-6,720575940626508325,0,0,,,,,,,,,,,,,,
R1-6,720575940626511920,0,0,,,,,,,,,,,,,,
R1-6,720575940626518309,0,0,,,,,,,,,,,,,,
R1-6,720575940626530704,1,0,,,,,,,,,,,,,,
R1-6,720575940626533520,0,0,,,,,,,,,,,,,,
R1-6,720575940626535824,0,0,,,,,,,,,,,,,,
R1-6,720575940626548410,0,0,,,,,,,,,,,,,,
R1-6,720575940626552010,0,0,,,,,,,,,,,,,,
R1-6,720575940626573002,0,0,,,,,,,,,,,,,,
R1-6,720575940626580880,0,0,,,,,,,,,,,,,,
R1-6,720575940626586149,0,0,,,,,,,,,,,,,,
R1-6,720575940626600336,0,0,,,,,,,,,,,,,,
R1-6,720575940626600378,0,0,,,,,,,,,,,,,,
R1-6,720575940626631370,1,0,,,,,,,,,,,,,,
R1-6,720575940626631866,1,0,,,,,,,,,,,,,,
R1-6,720575940626634277,0,0,,,,,,,,,,,,,,
R1-6,720575940626641957,0,0,,,,,,,,,,,,,,
R1-6,720575940626642122,0,0,,,,,,,,,,,,,,
R1-6,720575940626642725,1,0,,,,,,,,,,,,,,
R1-6,720575940626648869,0,0,,,,,,,,,,,,,,
R1-6,720575940626650826,0,0,,,,,,,,,,,,,,
R1-6,720575940626658341,1,0,,,,,,,,,,,,,,
R1-6,720575940626658960,0,0,,,,,,,,,,,,,,
R1-6,720575940626662693,0,0,,,,,,,,,,,,,,
R1-6,720575940626692298,0,0,,,,,,,,,,,,,,
R1-6,720575940626698442,0,0,,,,,,,,,,,,,,
R1-6,720575940626703397,0,0,,,,,,,,,,,,,,
R1-6,720575940626711226,0,0,,,,,,,,,,,,,,
R1-6,720575940626712869,0,0,,,,,,,,,,,,,,
R1-6,720575940626737189,0,0,,,,,,,,,,,,,,
R1-6,720575940626746554,0,0,,,,,,,,,,,,,,
R1-6,720575940626751418,0,0,,,,,,,,,,,,,,
R1-6,720575940626751781,0,0,,,,,,,,,,,,,,
R1-6,720575940626772154,1,0,,,,,,,,,,,,,,
R1-6,720575940626774202,1,0,,,,,,,,,,,,,,
R1-6,720575940626778468,0,0,,,,,,,,,,,,,,
R1-6,720575940626782820,0,0,,,,,,,,,,,,,,
R1-6,720575940626792485,0,0,,,,,,,,,,,,,,
R1-6,720575940626828094,0,0,,,,,,,,,,,,,,
R1-6,720575940626829093,1,0,,,,,,,,,,,,,,
R1-6,720575940626839358,0,0,,,,,,,,,,,,,,
R1-6,720575940626840778,0,0,,,,,,,,,,,,,,
R1-6,720575940626842174,0,0,,,,,,,,,,,,,,
R1-6,720575940626842468,0,0,,,,,,,,,,,,,,
R1-6,720575940626847844,0,0,,,,,,,,,,,,,,
R1-6,720575940626850916,0,0,,,,,,,,,,,,,,
R1-6,720575940626857418,0,0,,,,,,,,,,,,,,
R1-6,720575940626862654,0,0,,,,,,,,,,,,,,
R1-6,720575940626891838,0,0,,,,,,,,,,,,,,
R1-6,720575940626896528,0,0,,,,,,,,,,,,,,
R1-6,720575940626896784,0,0,,,,,,,,,,,,,,
R1-6,720575940626897552,0,0,,,,,,,,,,,,,,
R1-6,720575940626902846,0,0,,,,,,,,,,,,,,
R1-6,720575940626903696,0,0,,,,,,,,,,,,,,
R1-6,720575940626932426,0,0,,,,,,,,,,,,,,
R1-6,720575940626945636,0,0,,,,,,,,,,,,,,
R1-6,720575940626945829,0,0,,,,,,,,,,,,,,
R1-6,720575940626962532,0,0,,,,,,,,,,,,,,
R1-6,720575940626966218,0,0,,,,,,,,,,,,,,
R1-6,720575940626968638,0,0,,,,,,,,,,,,,,
R1-6,720575940626994946,0,0,,,,,,,,,,,,,,
R1-6,720575940627039294,0,0,,,,,,,,,,,,,,
R1-6,720575940627050789,0,0,,,,,,,,,,,,,,
R1-6,720575940627051108,0,0,,,,,,,,,,,,,,
R1-6,720575940627068990,0,0,,,,,,,,,,,,,,
R1-6,720575940627070820,0,0,,,,,,,,,,,,,,
R1-6,720575940627086436,0,0,,,,,,,,,,,,,,
R1-6,720575940627102851,0,0,,,,,,,,,,,,,,
R1-6,720575940627126915,0,0,,,,,,,,,,,,,,
R1-6,720575940627134210,0,0,,,,,,,,,,,,,,
R1-6,720575940627135674,0,0,,,,,,,,,,,,,,
R1-6,720575940627157250,0,0,,,,,,,,,,,,,,
R1-6,720575940627201538,0,0,,,,,,,,,,,,,,
R1-6,720575940627204610,0,0,,,,,,,,,,,,,,
R1-6,720575940627216924,0,0,,,,,,,,,,,,,,
R1-6,720575940627225219,0,0,,,,,,,,,,,,,,
R1-6,720575940627232954,0,0,,,,,,,,,,,,,,
R1-6,720575940627236636,0,0,,,,,,,,,,,,,,
R1-6,720575940627241305,0,0,,,,,,,,,,,,,,
R1-6,720575940627243609,0,0,,,,,,,,,,,,,,
R1-6,720575940627251484,1,0,,,,,,,,,,,,,,
R1-6,720575940627252738,0,0,,,,,,,,,,,,,,
R1-6,720575940627262978,0,0,,,,,,,,,,,,,,
R1-6,720575940627272962,0,0,,,,,,,,,,,,,,
R1-6,720575940627277596,0,0,,,,,,,,,,,,,,
R1-6,720575940627285635,0,0,,,,,,,,,,,,,,
R1-6,720575940627290626,1,0,,,,,,,,,,,,,,
R1-6,720575940627302019,0,0,,,,,,,,,,,,,,
R1-6,720575940627341668,0,0,,,,,,,,,,,,,,
R1-6,720575940627341955,0,0,,,,,,,,,,,,,,
R1-6,720575940627381379,0,0,,,,,,,,,,,,,,
R1-6,720575940627393538,0,0,,,,,,,,,,,,,,
R1-6,720575940627427161,0,0,,,,,,,,,,,,,,
R1-6,720575940627496537,1,0,,,,,,,,,,,,,,
R1-6,720575940627506777,0,0,,,,,,,,,,,,,,
R1-6,720575940627514969,0,0,,,,,,,,,,,,,,
R1-6,720575940627515624,0,0,,,,,,,,,,,,,,
R1-6,720575940627522078,0,0,,,,,,,,,,,,,,
R1-6,720575940627529341,0,0,,,,,,,,,,,,,,
R1-6,720575940627618078,0,0,,,,,,,,,,,,,,
R1-6,720575940627622174,0,0,,,,,,,,,,,,,,
R1-6,720575940627643529,0,0,,,,,,,,,,,,,,
R1-6,720575940627645706,0,0,,,,,,,,,,,,,,
R1-6,720575940627699608,1,0,,,,,,,,,,,,,,
R1-6,720575940627717784,1,0,,,,,,,,,,,,,,
R1-6,720575940627719817,0,0,,,,,,,,,,,,,,
R1-6,720575940627720329,0,0,,,,,,,,,,,,,,
R1-6,720575940627721624,0,0,,,,,,,,,,,,,,
R1-6,720575940627726973,0,0,,,,,,,,,,,,,,
R1-6,720575940627730584,0,0,,,,,,,,,,,,,,
R1-6,720575940627736701,0,0,,,,,,,,,,,,,,
R1-6,720575940627744893,1,0,,,,,,,,,,,,,,
R1-6,720575940627747721,0,0,,,,,,,,,,,,,,
R1-6,720575940627749784,0,0,,,,,,,,,,,,,,
R1-6,720575940627752600,0,0,,,,,,,,,,,,,,
R1-6,720575940627762072,0,0,,,,,,,,,,,,,,
R1-6,720575940627769240,0,0,,,,,,,,,,,,,,
R1-6,720575940627775668,0,0,,,,,,,,,,,,,,
R1-6,720575940627780504,0,0,,,,,,,,,,,,,,
R1-6,720575940627783832,0,0,,,,,,,,,,,,,,
R1-6,720575940627785597,0,0,,,,,,,,,,,,,,
R1-6,720575940627785853,0,0,,,,,,,,,,,,,,
R1-6,720575940627786136,0,0,,,,,,,,,,,,,,
R1-6,720575940627789401,0,0,,,,,,,,,,,,,,
R1-6,720575940627790973,0,0,,,,,,,,,,,,,,
R1-6,720575940627811965,0,0,,,,,,,,,,,,,,
R1-6,720575940627826057,1,0,,,,,,,,,,,,,,
R1-6,720575940627827837,0,0,,,,,,,,,,,,,,
R1-6,720575940627837010,0,0,,,,,,,,,,,,,,
R1-6,720575940627838360,1,0,,,,,,,,,,,,,,
R1-6,720575940627840531,1,0,,,,,,,,,,,,,,
R1-6,720575940627845642,2,0,,,,,,,,,,,,,,
R1-6,720575940627846808,0,0,,,,,,,,,,,,,,
R1-6,720575940627851530,1,0,,,,,,,,,,,,,,
R1-6,720575940627852810,0,0,,,,,,,,,,,,,,
R1-6,720575940627859337,0,0,,,,,,,,,,,,,,
R1-6,720575940627860105,0,0,,,,,,,,,,,,,,
R1-6,720575940627862665,0,0,,,,,,,,,,,,,,
R1-6,720575940627863689,0,0,,,,,,,,,,,,,,
R1-6,720575940627866245,0,0,,,,,,,,,,,,,,
R1-6,720575940627888210,0,0,,,,,,,,,,,,,,
R1-6,720575940627896586,0,0,,,,,,,,,,,,,,
R1-6,720575940627896842,0,0,,,,,,,,,,,,,,
R1-6,720575940627901450,1,0,,,,,,,,,,,,,,
R1-6,720575940627912884,0,0,,,,,,,,,,,,,,
R1-6,720575940627923794,1,0,,,,,,,,,,,,,,
R1-6,720575940627927173,0,0,,,,,,,,,,,,,,
R1-6,720575940627927429,0,0,,,,,,,,,,,,,,
R1-6,720575940627936010,0,0,,,,,,,,,,,,,,
R1-6,720575940627966730,0,0,,,,,,,,,,,,,,
R1-6,720575940627993989,0,0,,,,,,,,,,,,,,
R1-6,720575940627995017,0,0,,,,,,,,,,,,,,
R1-6,720575940627999826,0,0,,,,,,,,,,,,,,
R1-6,720575940628000393,0,0,,,,,,,,,,,,,,
R1-6,720575940628001673,0,0,,,,,,,,,,,,,,
R1-6,720575940628002898,0,0,,,,,,,,,,,,,,
R1-6,720575940628005714,0,0,,,,,,,,,,,,,,
R1-6,720575940628008018,0,0,,,,,,,,,,,,,,
R1-6,720575940628010117,0,0,,,,,,,,,,,,,,
R1-6,720575940628014674,0,0,,,,,,,,,,,,,,
R1-6,720575940628025240,0,0,,,,,,,,,,,,,,
R1-6,720575940628028549,1,0,,,,,,,,,,,,,,
R1-6,720575940628037714,0,0,,,,,,,,,,,,,,
R1-6,720575940628038789,0,0,,,,,,,,,,,,,,
R1-6,720575940628038793,0,0,,,,,,,,,,,,,,
R1-6,720575940628041861,1,0,,,,,,,,,,,,,,
R1-6,720575940628044184,0,0,,,,,,,,,,,,,,
R1-6,720575940628045322,0,0,,,,,,,,,,,,,,
R1-6,720575940628054842,1,0,,,,,,,,,,,,,,
R1-6,720575940628058505,0,0,,,,,,,,,,,,,,
R1-6,720575940628059914,0,0,,,,,,,,,,,,,,
R1-6,720575940628076933,0,0,,,,,,,,,,,,,,
R1-6,720575940628083026,0,0,,,,,,,,,,,,,,
R1-6,720575940628083722,1,0,,,,,,,,,,,,,,
R1-6,720575940628086586,1,0,,,,,,,,,,,,,,
R1-6,720575940628095498,1,0,,,,,,,,,,,,,,
R1-6,720575940628101898,0,0,,,,,,,,,,,,,,
R1-6,720575940628109578,0,0,,,,,,,,,,,,,,
R1-6,720575940628119827,0,0,,,,,,,,,,,,,,
R1-6,720575940628129413,0,0,,,,,,,,,,,,,,
R1-6,720575940628139397,0,0,,,,,,,,,,,,,,
R1-6,720575940628139578,0,0,,,,,,,,,,,,,,
R1-6,720575940628145797,0,0,,,,,,,,,,,,,,
R1-6,720575940628178053,0,0,,,,,,,,,,,,,,
R1-6,720575940628192594,1,0,,,,,,,,,,,,,,
R1-6,720575940628214671,0,0,,,,,,,,,,,,,,
R1-6,720575940628232467,0,0,,,,,,,,,,,,,,
R1-6,720575940628252553,0,0,,,,,,,,,,,,,,
R1-6,720575940628254376,0,0,,,,,,,,,,,,,,
R1-6,720575940628263445,0,0,,,,,,,,,,,,,,
R1-6,720575940628264725,0,0,,,,,,,,,,,,,,
R1-6,720575940628266066,0,0,,,,,,,,,,,,,,
R1-6,720575940628271114,0,0,,,,,,,,,,,,,,
R1-6,720575940628287249,1,0,,,,,,,,,,,,,,
R1-6,720575940628287761,0,0,,,,,,,,,,,,,,
R1-6,720575940628289553,0,0,,,,,,,,,,,,,,
R1-6,720575940628297103,0,0,,,,,,,,,,,,,,
R1-6,720575940628301224,0,0,,,,,,,,,,,,,,
R1-6,720575940628302609,0,0,,,,,,,,,,,,,,
R1-6,720575940628319144,0,0,,,,,,,,,,,,,,
R1-6,720575940628329489,0,0,,,,,,,,,,,,,,
R1-6,720575940628342184,0,0,,,,,,,,,,,,,,
R1-6,720575940628345860,0,0,,,,,,,,,,,,,,
R1-6,720575940628347208,0,0,,,,,,,,,,,,,,
R1-6,720575940628358410,0,0,,,,,,,,,,,,,,
R1-6,720575940628359178,0,0,,,,,,,,,,,,,,
R1-6,720575940628361476,0,0,,,,,,,,,,,,,,
R1-6,720575940628361615,0,0,,,,,,,,,,,,,,
R1-6,720575940628366609,0,0,,,,,,,,,,,,,,
R1-6,720575940628367889,0,0,,,,,,,,,,,,,,
R1-6,720575940628368917,0,0,,,,,,,,,,,,,,
R1-6,720575940628382376,0,0,,,,,,,,,,,,,,
R1-6,720575940628396049,1,0,,,,,,,,,,,,,,
R1-6,720575940628402600,0,0,,,,,,,,,,,,,,
R1-6,720575940628409989,1,0,,,,,,,,,,,,,,
R1-6,720575940628411279,1,0,,,,,,,,,,,,,,
R1-6,720575940628414440,0,0,,,,,,,,,,,,,,
R1-6,720575940628415765,0,0,,,,,,,,,,,,,,
R1-6,720575940628431176,0,0,,,,,,,,,,,,,,
R1-6,720575940628434709,0,0,,,,,,,,,,,,,,
R1-6,720575940628437562,1,0,,,,,,,,,,,,,,
R1-6,720575940628443947,0,0,,,,,,,,,,,,,,
R1-6,720575940628445973,0,0,,,,,,,,,,,,,,
R1-6,720575940628446888,0,0,,,,,,,,,,,,,,
R1-6,720575940628448789,0,0,,,,,,,,,,,,,,
R1-6,720575940628451496,1,0,,,,,,,,,,,,,,
R1-6,720575940628461736,0,0,,,,,,,,,,,,,,
R1-6,720575940628463176,0,0,,,,,,,,,,,,,,
R1-6,720575940628465295,0,0,,,,,,,,,,,,,,
R1-6,720575940628467624,0,0,,,,,,,,,,,,,,
R1-6,720575940628471720,1,0,,,,,,,,,,,,,,
R1-6,720575940628478225,0,0,,,,,,,,,,,,,,
R1-6,720575940628481301,1,0,,,,,,,,,,,,,,
R1-6,720575940628496104,0,0,,,,,,,,,,,,,,
R1-6,720575940628499944,1,0,,,,,,,,,,,,,,
R1-6,720575940628505416,0,0,,,,,,,,,,,,,,
R1-6,720575940628507464,1,0,,,,,,,,,,,,,,
R1-6,720575940628512004,0,0,,,,,,,,,,,,,,
R1-6,720575940628515496,0,0,,,,,,,,,,,,,,
R1-6,720575940628518472,1,0,,,,,,,,,,,,,,
R1-6,720575940628521551,0,0,,,,,,,,,,,,,,
R1-6,720575940628528405,0,0,,,,,,,,,,,,,,
R1-6,720575940628533508,0,0,,,,,,,,,,,,,,
R1-6,720575940628538088,0,0,,,,,,,,,,,,,,
R1-6,720575940628538628,0,0,,,,,,,,,,,,,,
R1-6,720575940628540420,1,0,,,,,,,,,,,,,,
R1-6,720575940628545704,0,0,,,,,,,,,,,,,,
R1-6,720575940628561992,0,0,,,,,,,,,,,,,,
R1-6,720575940628570088,0,0,,,,,,,,,,,,,,
R1-6,720575940628572420,0,0,,,,,,,,,,,,,,
R1-6,720575940628572648,1,0,,,,,,,,,,,,,,
R1-6,720575940628582216,0,0,,,,,,,,,,,,,,
R1-6,720575940628587752,0,0,,,,,,,,,,,,,,
R1-6,720575940628587944,0,0,,,,,,,,,,,,,,
R1-6,720575940628603720,0,0,,,,,,,,,,,,,,
R1-6,720575940628604164,0,0,,,,,,,,,,,,,,
R1-6,720575940628617732,0,0,,,,,,,,,,,,,,
R1-6,720575940628623108,0,0,,,,,,,,,,,,,,
R1-6,720575940628625224,0,0,,,,,,,,,,,,,,
R1-6,720575940628629928,0,0,,,,,,,,,,,,,,
R1-6,720575940628635304,1,0,,,,,,,,,,,,,,
R1-6,720575940628687592,0,0,,,,,,,,,,,,,,
R1-6,720575940628689660,0,0,,,,,,,,,,,,,,
R1-6,720575940628700668,0,0,,,,,,,,,,,,,,
R1-6,720575940628700904,0,0,,,,,,,,,,,,,,
R1-6,720575940628701160,0,0,,,,,,,,,,,,,,
R1-6,720575940628733205,1,0,,,,,,,,,,,,,,
R1-6,720575940628747594,0,0,,,,,,,,,,,,,,
R1-6,720575940628767306,0,0,,,,,,,,,,,,,,
R1-6,720575940628776616,0,0,,,,,,,,,,,,,,
R1-6,720575940628784456,0,0,,,,,,,,,,,,,,
R1-6,720575940628790780,0,0,,,,,,,,,,,,,,
R1-6,720575940628792906,0,0,,,,,,,,,,,,,,
R1-6,720575940628793768,0,0,,,,,,,,,,,,,,
R1-6,720575940628799050,0,0,,,,,,,,,,,,,,
R1-6,720575940628804168,0,0,,,,,,,,,,,,,,
R1-6,720575940628811082,0,0,,,,,,,,,,,,,,
R1-6,720575940628811594,0,0,,,,,,,,,,,,,,
R1-6,720575940628849404,0,0,,,,,,,,,,,,,,
R1-6,720575940628851176,0,0,,,,,,,,,,,,,,
R1-6,720575940628853992,0,0,,,,,,,,,,,,,,
R1-6,720575940628866044,0,0,,,,,,,,,,,,,,
R1-6,720575940628885254,0,0,,,,,,,,,,,,,,
R1-6,720575940628886790,0,0,,,,,,,,,,,,,,
R1-6,720575940628903430,0,0,,,,,,,,,,,,,,
R1-6,720575940628905379,1,0,,,,,,,,,,,,,,
R1-6,720575940628911815,0,0,,,,,,,,,,,,,,
R1-6,720575940628936903,0,0,,,,,,,,,,,,,,
R1-6,720575940628938826,0,0,,,,,,,,,,,,,,
R1-6,720575940628968010,0,0,,,,,,,,,,,,,,
R1-6,720575940628970183,0,0,,,,,,,,,,,,,,
R1-6,720575940628972999,0,0,,,,,,,,,,,,,,
R1-6,720575940628986567,0,0,,,,,,,,,,,,,,
R1-6,720575940629005809,0,0,,,,,,,,,,,,,,
R1-6,720575940629008625,0,0,,,,,,,,,,,,,,
R1-6,720575940629014858,0,0,,,,,,,,,,,,,,
R1-6,720575940629016906,0,0,,,,,,,,,,,,,,
R1-6,720575940629023818,0,0,,,,,,,,,,,,,,
R1-6,720575940629040134,0,0,,,,,,,,,,,,,,
R1-6,720575940629071815,0,0,,,,,,,,,,,,,,
R1-6,720575940629076585,0,0,,,,,,,,,,,,,,
R1-6,720575940629084777,0,0,,,,,,,,,,,,,,
R1-6,720575940629103612,0,0,,,,,,,,,,,,,,
R1-6,720575940629110513,0,0,,,,,,,,,,,,,,
R1-6,720575940629111626,0,0,,,,,,,,,,,,,,
R1-6,720575940629124358,0,0,,,,,,,,,,,,,,
R1-6,720575940629145606,1,0,,,,,,,,,,,,,,
R1-6,720575940629158140,0,0,,,,,,,,,,,,,,
R1-6,720575940629158396,0,0,,,,,,,,,,,,,,
R1-6,720575940629175302,0,0,,,,,,,,,,,,,,
R1-6,720575940629182026,0,0,,,,,,,,,,,,,,
R1-6,720575940629200369,0,0,,,,,,,,,,,,,,
R1-6,720575940629213801,0,0,,,,,,,,,,,,,,
R1-6,720575940629222761,1,0,,,,,,,,,,,,,,
R1-6,720575940629233926,1,0,,,,,,,,,,,,,,
R1-6,720575940629235953,0,0,,,,,,,,,,,,,,
R1-6,720575940629237766,0,0,,,,,,,,,,,,,,
R1-6,720575940629247337,1,0,,,,,,,,,,,,,,
R1-6,720575940629253361,0,0,,,,,,,,,,,,,,
R1-6,720575940629253873,0,0,,,,,,,,,,,,,,
R1-6,720575940629282665,0,0,,,,,,,,,,,,,,
R1-6,720575940629294697,1,0,,,,,,,,,,,,,,
R1-6,720575940629301353,1,0,,,,,,,,,,,,,,
R1-6,720575940629304681,0,0,,,,,,,,,,,,,,
R1-6,720575940629309545,0,0,,,,,,,,,,,,,,
R1-6,720575940629313641,0,0,,,,,,,,,,,,,,
R1-6,720575940629327345,0,0,,,,,,,,,,,,,,
R1-6,720575940629372009,0,0,,,,,,,,,,,,,,
R1-6,720575940629373995,0,0,,,,,,,,,,,,,,
R1-6,720575940629380201,0,0,,,,,,,,,,,,,,
R1-6,720575940629380713,0,0,,,,,,,,,,,,,,
R1-6,720575940629390854,0,0,,,,,,,,,,,,,,
R1-6,720575940629391977,0,0,,,,,,,,,,,,,,
R1-6,720575940629406736,0,0,,,,,,,,,,,,,,
R1-6,720575940629428418,1,0,,,,,,,,,,,,,,
R1-6,720575940629448491,0,0,,,,,,,,,,,,,,
R1-6,720575940629460995,0,0,,,,,,,,,,,,,,
R1-6,720575940629475945,0,0,,,,,,,,,,,,,,
R1-6,720575940629499139,0,0,,,,,,,,,,,,,,
R1-6,720575940629519376,0,0,,,,,,,,,,,,,,
R1-6,720575940629532971,0,0,,,,,,,,,,,,,,
R1-6,720575940629542659,0,0,,,,,,,,,,,,,,
R1-6,720575940629545039,0,0,,,,,,,,,,,,,,
R1-6,720575940629546993,0,0,,,,,,,,,,,,,,
R1-6,720575940629558095,0,0,,,,,,,,,,,,,,
R1-6,720575940629568299,0,0,,,,,,,,,,,,,,
R1-6,720575940629573648,0,0,,,,,,,,,,,,,,
R1-6,720575940629578256,0,0,,,,,,,,,,,,,,
R1-6,720575940629579536,1,0,,,,,,,,,,,,,,
R1-6,720575940629595179,1,0,,,,,,,,,,,,,,
R1-6,720575940629613840,0,0,,,,,,,,,,,,,,
R1-6,720575940629626923,0,0,,,,,,,,,,,,,,
R1-6,720575940629628751,0,0,,,,,,,,,,,,,,
R1-6,720575940629654544,1,0,,,,,,,,,,,,,,
R1-6,720575940629678123,0,0,,,,,,,,,,,,,,
R1-6,720575940629686315,0,0,,,,,,,,,,,,,,
R1-6,720575940629686863,0,0,,,,,,,,,,,,,,
R1-6,720575940629690923,0,0,,,,,,,,,,,,,,
R1-6,720575940629703171,0,0,,,,,,,,,,,,,,
R1-6,720575940629708075,1,0,,,,,,,,,,,,,,
R1-6,720575940629709879,0,0,,,,,,,,,,,,,,
R1-6,720575940629717251,0,0,,,,,,,,,,,,,,
R1-6,720575940629722896,0,0,,,,,,,,,,,,,,
R1-6,720575940629723139,0,0,,,,,,,,,,,,,,
R1-6,720575940629726979,0,0,,,,,,,,,,,,,,
R1-6,720575940629738575,0,0,,,,,,,,,,,,,,
R1-6,720575940629745743,0,0,,,,,,,,,,,,,,
R1-6,720575940629750872,0,0,,,,,,,,,,,,,,
R1-6,720575940629752067,1,0,,,,,,,,,,,,,,
R1-6,720575940629757272,0,0,,,,,,,,,,,,,,
R1-6,720575940629805571,0,0,,,,,,,,,,,,,,
R1-6,720575940629810791,0,0,,,,,,,,,,,,,,
R1-6,720575940629851803,0,0,,,,,,,,,,,,,,
R1-6,720575940629857359,0,0,,,,,,,,,,,,,,
R1-6,720575940629860507,1,0,,,,,,,,,,,,,,
R1-6,720575940629868187,0,0,,,,,,,,,,,,,,
R1-6,720575940629872683,0,0,,,,,,,,,,,,,,
R1-6,720575940629880475,0,0,,,,,,,,,,,,,,
R1-6,720575940629884263,0,0,,,,,,,,,,,,,,
R1-6,720575940629885799,0,0,,,,,,,,,,,,,,
R1-6,720575940629893019,2,0,,,,,,,,,,,,,,
R1-6,720575940629894443,0,0,,,,,,,,,,,,,,
R1-6,720575940629920411,0,0,,,,,,,,,,,,,,
R1-6,720575940629939303,0,0,,,,,,,,,,,,,,
R1-6,720575940629941351,1,0,,,,,,,,,,,,,,
R1-6,720575940629948519,1,0,,,,,,,,,,,,,,
R1-6,720575940629954203,0,0,,,,,,,,,,,,,,
R1-6,720575940629966183,0,0,,,,,,,,,,,,,,
R1-6,720575940629984103,0,0,,,,,,,,,,,,,,
R1-6,720575940629989223,0,0,,,,,,,,,,,,,,
R1-6,720575940629995623,0,0,,,,,,,,,,,,,,
R1-6,720575940629998951,0,0,,,,,,,,,,,,,,
R1-6,720575940629999975,1,0,,,,,,,,,,,,,,
R1-6,720575940630002791,0,0,,,,,,,,,,,,,,
R1-6,720575940630007143,0,0,,,,,,,,,,,,,,
R1-6,720575940630023271,0,0,,,,,,,,,,,,,,
R1-6,720575940630025978,0,0,,,,,,,,,,,,,,
R1-6,720575940630033255,0,0,,,,,,,,,,,,,,
R1-6,720575940630043495,0,0,,,,,,,,,,,,,,
R1-6,720575940630053275,0,0,,,,,,,,,,,,,,
R1-6,720575940630105703,0,0,,,,,,,,,,,,,,
R1-6,720575940630110714,0,0,,,,,,,,,,,,,,
R1-6,720575940630153978,0,0,,,,,,,,,,,,,,
R1-6,720575940630162938,1,0,,,,,,,,,,,,,,
R1-6,720575940630205434,1,0,,,,,,,,,,,,,,
R1-6,720575940630219770,0,0,,,,,,,,,,,,,,
R1-6,720575940630220538,2,0,,,,,,,,,,,,,,
R1-6,720575940630254718,1,0,,,,,,,,,,,,,,
R1-6,720575940630264314,0,0,,,,,,,,,,,,,,
R1-6,720575940630280062,0,0,,,,,,,,,,,,,,
R1-6,720575940630289146,0,0,,,,,,,,,,,,,,
R1-6,720575940630302055,0,0,,,,,,,,,,,,,,
R1-6,720575940630305530,0,0,,,,,,,,,,,,,,
R1-6,720575940630318331,1,0,,,,,,,,,,,,,,
R1-6,720575940630319226,0,0,,,,,,,,,,,,,,
R1-6,720575940630321790,0,0,,,,,,,,,,,,,,
R1-6,720575940630348538,0,0,,,,,,,,,,,,,,
R1-6,720575940630354170,0,0,,,,,,,,,,,,,,
R1-6,720575940630369743,0,0,,,,,,,,,,,,,,
R1-6,720575940630377854,0,0,,,,,,,,,,,,,,
R1-6,720575940630383486,1,0,,,,,,,,,,,,,,
R1-6,720575940630399170,0,0,,,,,,,,,,,,,,
R1-6,720575940630406778,0,0,,,,,,,,,,,,,,
R1-6,720575940630408439,1,0,,,,,,,,,,,,,,
R1-6,720575940630417022,0,0,,,,,,,,,,,,,,
R1-6,720575940630420727,0,0,,,,,,,,,,,,,,
R1-6,720575940630428151,0,0,,,,,,,,,,,,,,
R1-6,720575940630440062,0,0,,,,,,,,,,,,,,
R1-6,720575940630450302,0,0,,,,,,,,,,,,,,
R1-6,720575940630455934,0,0,,,,,,,,,,,,,,
R1-6,720575940630456190,0,0,,,,,,,,,,,,,,
R1-6,720575940630470526,0,0,,,,,,,,,,,,,,
R1-6,720575940630480378,0,0,,,,,,,,,,,,,,
R1-6,720575940630484606,0,0,,,,,,,,,,,,,,
R1-6,720575940630486978,1,0,,,,,,,,,,,,,,
R1-6,720575940630496503,0,0,,,,,,,,,,,,,,
R1-6,720575940630496706,0,0,,,,,,,,,,,,,,
R1-6,720575940630498686,1,0,,,,,,,,,,,,,,
R1-6,720575940630518775,1,0,,,,,,,,,,,,,,
R1-6,720575940630524663,0,0,,,,,,,,,,,,,,
R1-6,720575940630531706,0,0,,,,,,,,,,,,,,
R1-6,720575940630540922,0,0,,,,,,,,,,,,,,
R1-6,720575940630545090,0,0,,,,,,,,,,,,,,
R1-6,720575940630548983,0,0,,,,,,,,,,,,,,
R1-6,720575940630562170,0,0,,,,,,,,,,,,,,
R1-6,720575940630563454,1,0,,,,,,,,,,,,,,
R1-6,720575940630568704,0,0,,,,,,,,,,,,,,
R1-6,720575940630572738,0,0,,,,,,,,,,,,,,
R1-6,720575940630589378,0,0,,,,,,,,,,,,,,
R1-6,720575940630599806,0,0,,,,,,,,,,,,,,
R1-6,720575940630602178,0,0,,,,,,,,,,,,,,
R1-6,720575940630602690,1,0,,,,,,,,,,,,,,
R1-6,720575940630603642,0,0,,,,,,,,,,,,,,
R1-6,720575940630616186,0,0,,,,,,,,,,,,,,
R1-6,720575940630633207,0,0,,,,,,,,,,,,,,
R1-6,720575940630643244,0,0,,,,,,,,,,,,,,
R1-6,720575940630651383,0,0,,,,,,,,,,,,,,
R1-6,720575940630657474,1,0,,,,,,,,,,,,,,
R1-6,720575940630663927,0,0,,,,,,,,,,,,,,
R1-6,720575940630664695,1,0,,,,,,,,,,,,,,
R1-6,720575940630671932,0,0,,,,,,,,,,,,,,
R1-6,720575940630674170,0,0,,,,,,,,,,,,,,
R1-6,720575940630690108,0,0,,,,,,,,,,,,,,
R1-6,720575940630695927,1,0,,,,,,,,,,,,,,
R1-6,720575940630701656,0,0,,,,,,,,,,,,,,
R1-6,720575940630718464,0,0,,,,,,,,,,,,,,
R1-6,720575940630721536,0,0,,,,,,,,,,,,,,
R1-6,720575940630725687,1,0,,,,,,,,,,,,,,
R1-6,720575940630728492,0,0,,,,,,,,,,,,,,
R1-6,720575940630733356,0,0,,,,,,,,,,,,,,
R1-6,720575940630758967,0,0,,,,,,,,,,,,,,
R1-6,720575940630763575,0,0,,,,,,,,,,,,,,
R1-6,720575940630772279,0,0,,,,,,,,,,,,,,
R1-6,720575940630776108,0,0,,,,,,,,,,,,,,
R1-6,720575940630776380,0,0,,,,,,,,,,,,,,
R1-6,720575940630782764,0,0,,,,,,,,,,,,,,
R1-6,720575940630784000,0,0,,,,,,,,,,,,,,
R1-6,720575940630805303,0,0,,,,,,,,,,,,,,
R1-6,720575940630806316,0,0,,,,,,,,,,,,,,
R1-6,720575940630813440,0,0,,,,,,,,,,,,,,
R1-6,720575940630817580,0,0,,,,,,,,,,,,,,
R1-6,720575940630821431,0,0,,,,,,,,,,,,,,
R1-6,720575940630826028,1,0,,,,,,,,,,,,,,
R1-6,720575940630834652,0,0,,,,,,,,,,,,,,
R1-6,720575940630849280,0,0,,,,,,,,,,,,,,
R1-6,720575940630857728,0,0,,,,,,,,,,,,,,
R1-6,720575940630861372,0,0,,,,,,,,,,,,,,
R1-6,720575940630867927,0,0,,,,,,,,,,,,,,
R1-6,720575940630868012,0,0,,,,,,,,,,,,,,
R1-6,720575940630868791,0,0,,,,,,,,,,,,,,
R1-6,720575940630872535,1,0,,,,,,,,,,,,,,
R1-6,720575940630873660,0,0,,,,,,,,,,,,,,
R1-6,720575940630887724,0,0,,,,,,,,,,,,,,
R1-6,720575940630889527,1,0,,,,,,,,,,,,,,
R1-6,720575940630890807,0,0,,,,,,,,,,,,,,
R1-6,720575940630891308,0,0,,,,,,,,,,,,,,
R1-6,720575940630906167,1,0,,,,,,,,,,,,,,
R1-6,720575940630908248,1,0,,,,,,,,,,,,,,
R1-6,720575940630915383,0,0,,,,,,,,,,,,,,
R1-6,720575940630917976,0,0,,,,,,,,,,,,,,
R1-6,720575940630936540,0,0,,,,,,,,,,,,,,
R1-6,720575940630937916,0,0,,,,,,,,,,,,,,
R1-6,720575940630939868,0,0,,,,,,,,,,,,,,
R1-6,720575940630954300,0,0,,,,,,,,,,,,,,
R1-6,720575940630958652,0,0,,,,,,,,,,,,,,
R1-6,720575940630970531,0,0,,,,,,,,,,,,,,
R1-6,720575940630978135,0,0,,,,,,,,,,,,,,
R1-6,720575940631006780,0,0,,,,,,,,,,,,,,
R1-6,720575940631008060,0,0,,,,,,,,,,,,,,
R1-6,720575940631013431,0,0,,,,,,,,,,,,,,
R1-6,720575940631014656,1,0,,,,,,,,,,,,,,
R1-6,720575940631019740,0,0,,,,,,,,,,,,,,
R1-6,720575940631042620,0,0,,,,,,,,,,,,,,
R1-6,720575940631044060,0,0,,,,,,,,,,,,,,
R1-6,720575940631050204,0,0,,,,,,,,,,,,,,
R1-6,720575940631072620,0,0,,,,,,,,,,,,,,
R1-6,720575940631163715,0,0,,,,,,,,,,,,,,
R1-6,720575940631176960,0,0,,,,,,,,,,,,,,
R1-6,720575940631182807,0,0,,,,,,,,,,,,,,
R1-6,720575940631186176,0,0,,,,,,,,,,,,,,
R1-6,720575940631194988,1,0,,,,,,,,,,,,,,
R1-6,720575940631210819,2,0,,,,,,,,,,,,,,
R1-6,720575940631213686,0,0,,,,,,,,,,,,,,
R1-6,720575940631240443,0,0,,,,,,,,,,,,,,
R1-6,720575940631242235,1,0,,,,,,,,,,,,,,
R1-6,720575940631250939,0,0,,,,,,,,,,,,,,
R1-6,720575940631253212,0,0,,,,,,,,,,,,,,
R1-6,720575940631256182,0,0,,,,,,,,,,,,,,
R1-6,720575940631278807,0,0,,,,,,,,,,,,,,
R1-6,720575940631290063,0,0,,,,,,,,,,,,,,
R1-6,720575940631309164,0,0,,,,,,,,,,,,,,
R1-6,720575940631312633,0,0,,,,,,,,,,,,,,
R1-6,720575940631315705,0,0,,,,,,,,,,,,,,
R1-6,720575940631318636,0,0,,,,,,,,,,,,,,
R1-6,720575940631321708,1,0,,,,,,,,,,,,,,
R1-6,720575940631324921,0,0,,,,,,,,,,,,,,
R1-6,720575940631325740,1,0,,,,,,,,,,,,,,
R1-6,720575940631333883,1,0,,,,,,,,,,,,,,
R1-6,720575940631337721,0,0,,,,,,,,,,,,,,
R1-6,720575940631357947,0,0,,,,,,,,,,,,,,
R1-6,720575940631363031,0,0,,,,,,,,,,,,,,
R1-6,720575940631368441,0,0,,,,,,,,,,,,,,
R1-6,720575940631380086,0,0,,,,,,,,,,,,,,
R1-6,720575940631384284,0,0,,,,,,,,,,,,,,
R1-6,720575940631391995,0,0,,,,,,,,,,,,,,
R1-6,720575940631392220,0,0,,,,,,,,,,,,,,
R1-6,720575940631407355,1,0,,,,,,,,,,,,,,
R1-6,720575940631420155,0,0,,,,,,,,,,,,,,
R1-6,720575940631420665,0,0,,,,,,,,,,,,,,
R1-6,720575940631435095,0,0,,,,,,,,,,,,,,
R1-6,720575940631438073,0,0,,,,,,,,,,,,,,
R1-6,720575940631438329,0,0,,,,,,,,,,,,,,
R1-6,720575940631469765,0,0,,,,,,,,,,,,,,
R1-6,720575940631478871,0,0,,,,,,,,,,,,,,
R1-6,720575940631482361,0,0,,,,,,,,,,,,,,
R1-6,720575940631487995,0,0,,,,,,,,,,,,,,
R1-6,720575940631540823,0,0,,,,,,,,,,,,,,
R1-6,720575940631544889,0,0,,,,,,,,,,,,,,
R1-6,720575940631547643,0,0,,,,,,,,,,,,,,
R1-6,720575940631574981,0,0,,,,,,,,,,,,,,
R1-6,720575940631590085,0,0,,,,,,,,,,,,,,
R1-6,720575940631594583,0,0,,,,,,,,,,,,,,
R1-6,720575940631611333,0,0,,,,,,,,,,,,,,
R1-6,720575940631629765,1,0,,,,,,,,,,,,,,
R1-6,720575940631648709,0,0,,,,,,,,,,,,,,
R1-6,720575940631659607,0,0,,,,,,,,,,,,,,
R1-6,720575940631683525,1,0,,,,,,,,,,,,,,
R1-6,720575940631719365,0,0,,,,,,,,,,,,,,
R1-6,720575940631745999,0,0,,,,,,,,,,,,,,
R1-6,720575940631756495,1,0,,,,,,,,,,,,,,
R1-6,720575940631787471,0,0,,,,,,,,,,,,,,
R1-6,720575940631809867,1,0,,,,,,,,,,,,,,
R1-6,720575940631811791,1,0,,,,,,,,,,,,,,
R1-6,720575940631853007,0,0,,,,,,,,,,,,,,
R1-6,720575940631853519,3,0,,,,,,,,,,,,,,
R1-6,720575940631873743,0,0,,,,,,,,,,,,,,
R1-6,720575940631876559,0,0,,,,,,,,,,,,,,
R1-6,720575940631883717,0,0,,,,,,,,,,,,,,
R1-6,720575940631887179,0,0,,,,,,,,,,,,,,
R1-6,720575940631898575,0,0,,,,,,,,,,,,,,
R1-6,720575940631907346,0,0,,,,,,,,,,,,,,
R1-6,720575940631908114,0,0,,,,,,,,,,,,,,
R1-6,720575940631909839,0,0,,,,,,,,,,,,,,
R1-6,720575940631912389,0,0,,,,,,,,,,,,,,
R1-6,720575940631929807,0,0,,,,,,,,,,,,,,
R1-6,720575940631956175,1,0,,,,,,,,,,,,,,
R1-6,720575940631966159,0,0,,,,,,,,,,,,,,
R1-6,720575940631967695,0,0,,,,,,,,,,,,,,
R1-6,720575940631970090,0,0,,,,,,,,,,,,,,
R1-6,720575940631972293,0,0,,,,,,,,,,,,,,
R1-6,720575940631998149,0,0,,,,,,,,,,,,,,
R1-6,720575940632017995,0,0,,,,,,,,,,,,,,
R1-6,720575940632029226,1,0,,,,,,,,,,,,,,
R1-6,720575940632036939,0,0,,,,,,,,,,,,,,
R1-6,720575940632037418,0,0,,,,,,,,,,,,,,
R1-6,720575940632038219,0,0,,,,,,,,,,,,,,
R1-6,720575940632047658,1,0,,,,,,,,,,,,,,
R1-6,720575940632048399,0,0,,,,,,,,,,,,,,
R1-6,720575940632053835,0,0,,,,,,,,,,,,,,
R1-6,720575940632055311,0,0,,,,,,,,,,,,,,
R1-6,720575940632056079,0,0,,,,,,,,,,,,,,
R1-6,720575940632066319,0,0,,,,,,,,,,,,,,
R1-6,720575940632070095,0,0,,,,,,,,,,,,,,
R1-6,720575940632090699,0,0,,,,,,,,,,,,,,
R1-6,720575940632092178,0,0,,,,,,,,,,,,,,
R1-6,720575940632096527,0,0,,,,,,,,,,,,,,
R1-6,720575940632100394,0,0,,,,,,,,,,,,,,
R1-6,720575940632102159,0,0,,,,,,,,,,,,,,
R1-6,720575940632109842,1,0,,,,,,,,,,,,,,
R1-6,720575940632118991,0,0,,,,,,,,,,,,,,
R1-6,720575940632125259,0,0,,,,,,,,,,,,,,
R1-6,720575940632128786,0,0,,,,,,,,,,,,,,
R1-6,720575940632129551,0,0,,,,,,,,,,,,,,
R1-6,720575940632135186,0,0,,,,,,,,,,,,,,
R1-6,720575940632143947,0,0,,,,,,,,,,,,,,
R1-6,720575940632167466,0,0,,,,,,,,,,,,,,
R1-6,720575940632176914,0,0,,,,,,,,,,,,,,
R1-6,720575940632182058,1,0,,,,,,,,,,,,,,
R1-6,720575940632183850,0,0,,,,,,,,,,,,,,
R1-6,720575940632187151,0,0,,,,,,,,,,,,,,
R1-6,720575940632192554,0,0,,,,,,,,,,,,,,
R1-6,720575940632205327,0,0,,,,,,,,,,,,,,
R1-6,720575940632216079,0,0,,,,,,,,,,,,,,
R1-6,720575940632224554,1,0,,,,,,,,,,,,,,
R1-6,720575940632256015,0,0,,,,,,,,,,,,,,
R1-6,720575940632257578,0,0,,,,,,,,,,,,,,
R1-6,720575940632277263,0,0,,,,,,,,,,,,,,
R1-6,720575940632306792,0,0,,,,,,,,,,,,,,
R1-6,720575940632307048,0,0,,,,,,,,,,,,,,
R1-6,720575940632339404,1,0,,,,,,,,,,,,,,
R1-6,720575940632383789,1,0,,,,,,,,,,,,,,
R1-6,720575940632408121,0,0,,,,,,,,,,,,,,
R1-6,720575940632433219,0,0,,,,,,,,,,,,,,
R1-6,720575940632440936,0,0,,,,,,,,,,,,,,
R1-6,720575940632465465,0,0,,,,,,,,,,,,,,
R1-6,720575940632471107,0,0,,,,,,,,,,,,,,
R1-6,720575940632476739,0,0,,,,,,,,,,,,,,
R1-6,720575940632492648,3,0,,,,,,,,,,,,,,
R1-6,720575940632498744,0,0,,,,,,,,,,,,,,
R1-6,720575940632504387,0,0,,,,,,,,,,,,,,
R1-6,720575940632504643,0,0,,,,,,,,,,,,,,
R1-6,720575940632506435,0,0,,,,,,,,,,,,,,
R1-6,720575940632509251,0,0,,,,,,,,,,,,,,
R1-6,720575940632517955,1,0,,,,,,,,,,,,,,
R1-6,720575940632520040,1,0,,,,,,,,,,,,,,
R1-6,720575940632523880,0,0,,,,,,,,,,,,,,
R1-6,720575940632539193,0,0,,,,,,,,,,,,,,
R1-6,720575940632544579,0,0,,,,,,,,,,,,,,
R1-6,720575940632545859,0,0,,,,,,,,,,,,,,
R1-6,720575940632593209,0,0,,,,,,,,,,,,,,
R1-6,720575940632594489,0,0,,,,,,,,,,,,,,
R1-6,720575940632595560,0,0,,,,,,,,,,,,,,
R1-6,720575940632606568,0,0,,,,,,,,,,,,,,
R1-6,720575940632607372,1,0,,,,,,,,,,,,,,
R1-6,720575940632609420,0,0,,,,,,,,,,,,,,
R1-6,720575940632617784,0,0,,,,,,,,,,,,,,
R1-6,720575940632617795,0,0,,,,,,,,,,,,,,
R1-6,720575940632633657,0,0,,,,,,,,,,,,,,
R1-6,720575940632635532,0,0,,,,,,,,,,,,,,
R1-6,720575940632638776,0,0,,,,,,,,,,,,,,
R1-6,720575940632646457,0,0,,,,,,,,,,,,,,
R1-6,720575940632663608,0,0,,,,,,,,,,,,,,
R1-6,720575940632668472,0,0,,,,,,,,,,,,,,
R1-6,720575940632675129,0,0,,,,,,,,,,,,,,
R1-6,720575940632678983,0,0,,,,,,,,,,,,,,
R1-6,720575940632704327,0,0,,,,,,,,,,,,,,
R1-6,720575940632717368,1,0,,,,,,,,,,,,,,
R1-6,720575940632759879,0,0,,,,,,,,,,,,,,
R1-6,720575940632793903,0,0,,,,,,,,,,,,,,
R1-6,720575940632800344,0,0,,,,,,,,,,,,,,
R1-6,720575940632809795,0,0,,,,,,,,,,,,,,
R1-6,720575940632812615,0,0,,,,,,,,,,,,,,
R1-6,720575940632819048,0,0,,,,,,,,,,,,,,
R1-6,720575940632826961,0,0,,,,,,,,,,,,,,
R1-6,720575940632827020,0,0,,,,,,,,,,,,,,
R1-6,720575940632840495,0,0,,,,,,,,,,,,,,
R1-6,720575940632852817,1,0,,,,,,,,,,,,,,
R1-6,720575940632855111,0,0,,,,,,,,,,,,,,
R1-6,720575940632860812,0,0,,,,,,,,,,,,,,
R1-6,720575940632864327,1,0,,,,,,,,,,,,,,
R1-6,720575940632884551,1,0,,,,,,,,,,,,,,
R1-6,720575940632888135,0,0,,,,,,,,,,,,,,
R1-6,720575940632889671,0,0,,,,,,,,,,,,,,
R1-6,720575940632902447,0,0,,,,,,,,,,,,,,
R1-6,720575940632910476,0,0,,,,,,,,,,,,,,
R1-6,720575940632919855,0,0,,,,,,,,,,,,,,
R1-6,720575940632922951,0,0,,,,,,,,,,,,,,
R1-6,720575940632933432,1,0,,,,,,,,,,,,,,
R1-6,720575940632936751,0,0,,,,,,,,,,,,,,
R1-6,720575940632940847,0,0,,,,,,,,,,,,,,
R1-6,720575940632956207,0,0,,,,,,,,,,,,,,
R1-6,720575940632960849,1,0,,,,,,,,,,,,,,
R1-6,720575940632965004,0,0,,,,,,,,,,,,,,
R1-6,720575940632974417,0,0,,,,,,,,,,,,,,
R1-6,720575940632978223,0,0,,,,,,,,,,,,,,
R1-6,720575940632983633,0,0,,,,,,,,,,,,,,
R1-6,720575940632987020,0,0,,,,,,,,,,,,,,
R1-6,720575940632991303,0,0,,,,,,,,,,,,,,
R1-6,720575940632994444,0,0,,,,,,,,,,,,,,
R1-6,720575940633014599,1,0,,,,,,,,,,,,,,
R1-6,720575940633044817,0,0,,,,,,,,,,,,,,
R1-6,720575940633053521,0,0,,,,,,,,,,,,,,
R1-6,720575940633086668,0,0,,,,,,,,,,,,,,
R1-6,720575940633111204,0,0,,,,,,,,,,,,,,
R1-6,720575940633115217,0,0,,,,,,,,,,,,,,
R1-6,720575940633128356,1,0,,,,,,,,,,,,,,
R1-6,720575940633147167,1,0,,,,,,,,,,,,,,
R1-6,720575940633149215,0,0,,,,,,,,,,,,,,
R1-6,720575940633166476,2,0,,,,,,,,,,,,,,
R1-6,720575940633172940,0,0,,,,,,,,,,,,,,
R1-6,720575940633177484,0,0,,,,,,,,,,,,,,
R1-6,720575940633191727,0,0,,,,,,,,,,,,,,
R1-6,720575940633196964,0,0,,,,,,,,,,,,,,
R1-6,720575940633205668,0,0,,,,,,,,,,,,,,
R1-6,720575940633211300,0,0,,,,,,,,,,,,,,
R1-6,720575940633235148,0,0,,,,,,,,,,,,,,
R1-6,720575940633235537,0,0,,,,,,,,,,,,,,
R1-6,720575940633239972,1,0,,,,,,,,,,,,,,
R1-6,720575940633240780,0,0,,,,,,,,,,,,,,
R1-6,720575940633254431,0,0,,,,,,,,,,,,,,
R1-6,720575940633255199,0,0,,,,,,,,,,,,,,
R1-6,720575940633256356,0,0,,,,,,,,,,,,,,
R1-6,720575940633264844,0,0,,,,,,,,,,,,,,
R1-6,720575940633267148,0,0,,,,,,,,,,,,,,
R1-6,720575940633279180,1,0,,,,,,,,,,,,,,
R1-6,720575940633284383,0,0,,,,,,,,,,,,,,
R1-6,720575940633284435,0,0,,,,,,,,,,,,,,
R1-6,720575940633284639,0,0,,,,,,,,,,,,,,
R1-6,720575940633293988,0,0,,,,,,,,,,,,,,
R1-6,720575940633300819,0,0,,,,,,,,,,,,,,
R1-6,720575940633314387,0,0,,,,,,,,,,,,,,
R1-6,720575940633315748,0,0,,,,,,,,,,,,,,
R1-6,720575940633316004,0,0,,,,,,,,,,,,,,
R1-6,720575940633327135,0,0,,,,,,,,,,,,,,
R1-6,720575940633348516,0,0,,,,,,,,,,,,,,
R1-6,720575940633351332,0,0,,,,,,,,,,,,,,
R1-6,720575940633358796,0,0,,,,,,,,,,,,,,
R1-6,720575940633374156,0,0,,,,,,,,,,,,,,
R1-6,720575940633376716,0,0,,,,,,,,,,,,,,
R1-6,720575940633380909,0,0,,,,,,,,,,,,,,
R1-6,720575940633387309,1,0,,,,,,,,,,,,,,
R1-6,720575940633453395,0,0,,,,,,,,,,,,,,
R1-6,720575940633463085,0,0,,,,,,,,,,,,,,
R1-6,720575940633468580,0,0,,,,,,,,,,,,,,
R1-6,720575940633475667,0,0,,,,,,,,,,,,,,
R1-6,720575940633488979,0,0,,,,,,,,,,,,,,
R1-6,720575940633495597,0,0,,,,,,,,,,,,,,
R1-6,720575940633516371,0,0,,,,,,,,,,,,,,
R1-6,720575940633528621,0,0,,,,,,,,,,,,,,
R1-6,720575940633531053,0,0,,,,,,,,,,,,,,
R1-6,720575940633537197,0,0,,,,,,,,,,,,,,
R1-6,720575940633553709,0,0,,,,,,,,,,,,,,
R1-6,720575940633580077,0,0,,,,,,,,,,,,,,
R1-6,720575940633585491,0,0,,,,,,,,,,,,,,
R1-6,720575940633600429,0,0,,,,,,,,,,,,,,
R1-6,720575940633605459,0,0,,,,,,,,,,,,,,
R1-6,720575940633605549,0,0,,,,,,,,,,,,,,
R1-6,720575940633615533,0,0,,,,,,,,,,,,,,
R1-6,720575940633618989,0,0,,,,,,,,,,,,,,
R1-6,720575940633652892,0,0,,,,,,,,,,,,,,
R1-6,720575940633654189,0,0,,,,,,,,,,,,,,
R1-6,720575940633668179,0,0,,,,,,,,,,,,,,
R1-6,720575940633673133,0,0,,,,,,,,,,,,,,
R1-6,720575940633678756,2,0,,,,,,,,,,,,,,
R1-6,720575940633705901,0,0,,,,,,,,,,,,,,
R1-6,720575940633723812,0,0,,,,,,,,,,,,,,
R1-6,720575940633726372,0,0,,,,,,,,,,,,,,
R1-6,720575940633744045,0,0,,,,,,,,,,,,,,
R1-6,720575940633762980,0,0,,,,,,,,,,,,,,
R1-6,720575940633768621,0,0,,,,,,,,,,,,,,
R1-6,720575940633779923,0,0,,,,,,,,,,,,,,
R1-6,720575940633786029,1,0,,,,,,,,,,,,,,
R1-6,720575940633941459,0,0,,,,,,,,,,,,,,
R1-6,720575940633942995,0,0,,,,,,,,,,,,,,
R1-6,720575940633950675,0,0,,,,,,,,,,,,,,
R1-6,720575940633959379,0,0,,,,,,,,,,,,,,
R1-6,720575940633974483,0,0,,,,,,,,,,,,,,
R1-6,720575940633987283,0,0,,,,,,,,,,,,,,
R1-6,720575940634019027,0,0,,,,,,,,,,,,,,
R1-6,720575940634019795,0,0,,,,,,,,,,,,,,
R1-6,720575940634048211,0,0,,,,,,,,,,,,,,
R1-6,720575940634084051,0,0,,,,,,,,,,,,,,
R1-6,720575940634136483,0,0,,,,,,,,,,,,,,
R1-6,720575940634167777,0,0,,,,,,,,,,,,,,
R1-6,720575940634189026,0,0,,,,,,,,,,,,,,
R1-6,720575940634201826,0,0,,,,,,,,,,,,,,
R1-6,720575940634248161,0,0,,,,,,,,,,,,,,
R1-6,720575940634257377,0,0,,,,,,,,,,,,,,
R1-6,720575940634280417,0,0,,,,,,,,,,,,,,
R1-6,720575940634332897,0,0,,,,,,,,,,,,,,
R1-6,720575940634346382,1,0,,,,,,,,,,,,,,
R1-6,720575940634350306,0,0,,,,,,,,,,,,,,
R1-6,720575940634367970,0,0,,,,,,,,,,,,,,
R1-6,720575940634368226,0,0,,,,,,,,,,,,,,
R1-6,720575940634380257,0,0,,,,,,,,,,,,,,
R1-6,720575940634402274,0,0,,,,,,,,,,,,,,
R1-6,720575940634413794,0,0,,,,,,,,,,,,,,
R1-6,720575940634461409,0,0,,,,,,,,,,,,,,
R1-6,720575940634464482,0,0,,,,,,,,,,,,,,
R1-6,720575940634500578,0,0,,,,,,,,,,,,,,
R1-6,720575940634502591,0,0,,,,,,,,,,,,,,
R1-6,720575940634545889,0,0,,,,,,,,,,,,,,
R1-6,720575940634546401,1,0,,,,,,,,,,,,,,
R1-6,720575940634645273,0,0,,,,,,,,,,,,,,
R1-6,720575940634655513,0,0,,,,,,,,,,,,,,
R1-6,720575940634667289,0,0,,,,,,,,,,,,,,
R1-6,720575940634729241,0,0,,,,,,,,,,,,,,
R1-6,720575940634746268,0,0,,,,,,,,,,,,,,
R1-6,720575940634757145,0,0,,,,,,,,,,,,,,
R1-6,720575940634774684,0,0,,,,,,,,,,,,,,
R1-6,720575940634781852,1,0,,,,,,,,,,,,,,
R1-6,720575940634805667,0,0,,,,,,,,,,,,,,
R1-6,720575940634840345,0,0,,,,,,,,,,,,,,
R1-6,720575940634840857,0,0,,,,,,,,,,,,,,
R1-6,720575940634867107,0,0,,,,,,,,,,,,,,
R1-6,720575940634897315,1,0,,,,,,,,,,,,,,
R1-6,720575940634900899,1,0,,,,,,,,,,,,,,
R1-6,720575940634962076,1,0,,,,,,,,,,,,,,
R1-6,720575940634963100,0,0,,,,,,,,,,,,,,
R1-6,720575940634968476,0,0,,,,,,,,,,,,,,
R1-6,720575940635005347,1,0,,,,,,,,,,,,,,
R1-6,720575940635011740,0,0,,,,,,,,,,,,,,
R1-6,720575940635065184,0,0,,,,,,,,,,,,,,
R1-6,720575940635069209,0,0,,,,,,,,,,,,,,
R1-6,720575940635073948,0,0,,,,,,,,,,,,,,
R1-6,720575940635082140,0,0,,,,,,,,,,,,,,
R1-6,720575940635112348,0,0,,,,,,,,,,,,,,
R1-6,720575940635151511,1,0,,,,,,,,,,,,,,
R1-6,720575940635234400,0,0,,,,,,,,,,,,,,
R1-6,720575940635240860,0,0,,,,,,,,,,,,,,
R1-6,720575940635263127,0,0,,,,,,,,,,,,,,
R1-6,720575940635271776,0,0,,,,,,,,,,,,,,
R1-6,720575940635303776,0,0,,,,,,,,,,,,,,
R1-6,720575940635333527,0,0,,,,,,,,,,,,,,
R1-6,720575940635338903,1,0,,,,,,,,,,,,,,
R1-6,720575940635349344,1,0,,,,,,,,,,,,,,
R1-6,720575940635372183,0,0,,,,,,,,,,,,,,
R1-6,720575940635379100,0,0,,,,,,,,,,,,,,
R1-6,720575940635384727,0,0,,,,,,,,,,,,,,
R1-6,720575940635434943,0,0,,,,,,,,,,,,,,
R1-6,720575940635435455,1,0,,,,,,,,,,,,,,
R1-6,720575940635453850,0,0,,,,,,,,,,,,,,
R1-6,720575940635476634,0,0,,,,,,,,,,,,,,
R1-6,720575940635523738,0,0,,,,,,,,,,,,,,
R1-6,720575940635571903,0,0,,,,,,,,,,,,,,
R1-6,720575940635647935,0,0,,,,,,,,,,,,,,
R1-6,720575940635649215,0,0,,,,,,,,,,,,,,
R1-6,720575940635653786,1,0,,,,,,,,,,,,,,
R1-6,720575940635662271,0,0,,,,,,,,,,,,,,
R1-6,720575940635662487,0,0,,,,,,,,,,,,,,
R1-6,720575940635677082,0,0,,,,,,,,,,,,,,
R1-6,720575940635682239,1,0,,,,,,,,,,,,,,
R1-6,720575940635682495,0,0,,,,,,,,,,,,,,
R1-6,720575940635700671,0,0,,,,,,,,,,,,,,
R1-6,720575940635719103,0,0,,,,,,,,,,,,,,
R1-6,720575940635720090,1,0,,,,,,,,,,,,,,
R1-6,720575940635723967,1,0,,,,,,,,,,,,,,
R1-6,720575940635739755,0,0,,,,,,,,,,,,,,
R1-6,720575940635739802,1,0,,,,,,,,,,,,,,
R1-6,720575940635744863,0,0,,,,,,,,,,,,,,
R1-6,720575940635749112,0,0,,,,,,,,,,,,,,
R1-6,720575940635752383,0,0,,,,,,,,,,,,,,
R1-6,720575940635759258,0,0,,,,,,,,,,,,,,
R1-6,720575940635762027,0,0,,,,,,,,,,,,,,
R1-6,720575940635763866,0,0,,,,,,,,,,,,,,
R1-6,720575940635768159,0,0,,,,,,,,,,,,,,
R1-6,720575940635769707,0,0,,,,,,,,,,,,,,
R1-6,720575940635847519,0,0,,,,,,,,,,,,,,
R1-6,720575940635877471,0,0,,,,,,,,,,,,,,
R1-6,720575940635893867,1,0,,,,,,,,,,,,,,
R1-6,720575940635919711,0,0,,,,,,,,,,,,,,
R1-6,720575940635923563,0,0,,,,,,,,,,,,,,
R1-6,720575940635925867,0,0,,,,,,,,,,,,,,
R1-6,720575940635955295,0,0,,,,,,,,,,,,,,
R1-6,720575940636017259,0,0,,,,,,,,,,,,,,
R1-6,720575940636029035,0,0,,,,,,,,,,,,,,
R1-6,720575940636042164,0,0,,,,,,,,,,,,,,
R1-6,720575940636042420,0,0,,,,,,,,,,,,,,
R1-6,720575940636058987,0,0,,,,,,,,,,,,,,
R1-6,720575940636059060,1,0,,,,,,,,,,,,,,
R1-6,720575940636076280,0,0,,,,,,,,,,,,,,
R1-6,720575940636108468,0,0,,,,,,,,,,,,,,
R1-6,720575940636111723,0,0,,,,,,,,,,,,,,
R1-6,720575940636112308,0,0,,,,,,,,,,,,,,
R1-6,720575940636120056,0,0,,,,,,,,,,,,,,
R1-6,720575940636187828,0,0,,,,,,,,,,,,,,
R1-6,720575940636244075,0,0,,,,,,,,,,,,,,
R1-6,720575940636250360,0,0,,,,,,,,,,,,,,
R1-6,720575940636253176,0,0,,,,,,,,,,,,,,
R1-6,720575940636267956,0,0,,,,,,,,,,,,,,
R1-6,720575940636287480,0,0,,,,,,,,,,,,,,
R1-6,720575940636300651,0,0,,,,,,,,,,,,,,
R1-6,720575940636346036,0,0,,,,,,,,,,,,,,
R1-6,720575940636348408,0,0,,,,,,,,,,,,,,
R1-6,720575940636370612,0,0,,,,,,,,,,,,,,
R1-6,720575940636411060,0,0,,,,,,,,,,,,,,
R1-6,720575940636483252,0,0,,,,,,,,,,,,,,
R1-6,720575940636502383,1,0,,,,,,,,,,,,,,
R1-6,720575940636527727,0,0,,,,,,,,,,,,,,
R1-6,720575940636529263,0,0,,,,,,,,,,,,,,
R1-6,720575940636530543,0,0,,,,,,,,,,,,,,
R1-6,720575940636559284,0,0,,,,,,,,,,,,,,
R1-6,720575940636563055,1,0,,,,,,,,,,,,,,
R1-6,720575940636590772,0,0,,,,,,,,,,,,,,
R1-6,720575940636591727,0,0,,,,,,,,,,,,,,
R1-6,720575940636643439,0,0,,,,,,,,,,,,,,
R1-6,720575940636701551,0,0,,,,,,,,,,,,,,
R1-6,720575940636707951,0,0,,,,,,,,,,,,,,
R1-6,720575940636715887,0,0,,,,,,,,,,,,,,
R1-6,720575940636725103,0,0,,,,,,,,,,,,,,
R1-6,720575940636823407,0,0,,,,,,,,,,,,,,
R1-6,720575940636828527,0,0,,,,,,,,,,,,,,
R1-6,720575940636830583,0,0,,,,,,,,,,,,,,
R1-6,720575940636836215,1,0,,,,,,,,,,,,,,
R1-6,720575940636843119,0,0,,,,,,,,,,,,,,
R1-6,720575940636872815,0,0,,,,,,,,,,,,,,
R1-6,720575940636895343,0,0,,,,,,,,,,,,,,
R1-6,720575940636913527,0,0,,,,,,,,,,,,,,
R1-6,720575940636916599,0,0,,,,,,,,,,,,,,
R1-6,720575940636966519,0,0,,,,,,,,,,,,,,
R1-6,720575940637002871,0,0,,,,,,,,,,,,,,
R1-6,720575940637031287,0,0,,,,,,,,,,,,,,
R1-6,720575940637039973,0,0,,,,,,,,,,,,,,
R1-6,720575940637042807,0,0,,,,,,,,,,,,,,
R1-6,720575940637044069,0,0,,,,,,,,,,,,,,
R1-6,720575940637087095,0,0,,,,,,,,,,,,,,
R1-6,720575940637181838,0,0,,,,,,,,,,,,,,
R1-6,720575940637190757,0,0,,,,,,,,,,,,,,
R1-6,720575940637191525,0,0,,,,,,,,,,,,,,
R1-6,720575940637203301,0,0,,,,,,,,,,,,,,
R1-6,720575940637225317,0,0,,,,,,,,,,,,,,
R1-6,720575940637237134,0,0,,,,,,,,,,,,,,
R1-6,720575940637247333,0,0,,,,,,,,,,,,,,
R1-6,720575940637264270,0,0,,,,,,,,,,,,,,
R1-6,720575940637268110,0,0,,,,,,,,,,,,,,
R1-6,720575940637284965,0,0,,,,,,,,,,,,,,
R1-6,720575940637288805,0,0,,,,,,,,,,,,,,
R1-6,720575940637289870,0,0,,,,,,,,,,,,,,
R1-6,720575940637290126,0,0,,,,,,,,,,,,,,
R1-6,720575940637302670,0,0,,,,,,,,,,,,,,
R1-6,720575940637308005,0,0,,,,,,,,,,,,,,
R1-6,720575940637324133,0,0,,,,,,,,,,,,,,
R1-6,720575940637330574,0,0,,,,,,,,,,,,,,
R1-6,720575940637341582,1,0,,,,,,,,,,,,,,
R1-6,720575940637366702,0,0,,,,,,,,,,,,,,
R1-6,720575940637374606,0,0,,,,,,,,,,,,,,
R1-6,720575940637377166,0,0,,,,,,,,,,,,,,
R1-6,720575940637421925,1,0,,,,,,,,,,,,,,
R1-6,720575940637426350,1,0,,,,,,,,,,,,,,
R1-6,720575940637443214,1,0,,,,,,,,,,,,,,
R1-6,720575940637454222,0,0,,,,,,,,,,,,,,
R1-6,720575940637459546,1,0,,,,,,,,,,,,,,
R1-6,720575940637494702,1,0,,,,,,,,,,,,,,
R1-6,720575940637495524,0,0,,,,,,,,,,,,,,
R1-6,720575940637504174,0,0,,,,,,,,,,,,,,
R1-6,720575940637508782,0,0,,,,,,,,,,,,,,
R1-6,720575940637544078,0,0,,,,,,,,,,,,,,
R1-6,720575940637570222,0,0,,,,,,,,,,,,,,
R1-6,720575940637590128,0,0,,,,,,,,,,,,,,
R1-6,720575940637599406,0,0,,,,,,,,,,,,,,
R1-6,720575940637612718,0,0,,,,,,,,,,,,,,
R1-6,720575940637613936,0,0,,,,,,,,,,,,,,
R1-6,720575940637616046,1,0,,,,,,,,,,,,,,
R1-6,720575940637640293,0,0,,,,,,,,,,,,,,
R1-6,720575940637645925,0,0,,,,,,,,,,,,,,
R1-6,720575940637677486,1,0,,,,,,,,,,,,,,
R1-6,720575940637686896,0,0,,,,,,,,,,,,,,
R1-6,720575940637690798,2,0,,,,,,,,,,,,,,
R1-6,720575940637735854,0,0,,,,,,,,,,,,,,
R1-6,720575940637767792,0,0,,,,,,,,,,,,,,
R1-6,720575940637825648,0,0,,,,,,,,,,,,,,
R1-6,720575940638060510,0,0,,,,,,,,,,,,,,
R1-6,720575940638119134,0,0,,,,,,,,,,,,,,
R1-6,720575940638196702,1,0,,,,,,,,,,,,,,
R1-6,720575940638218462,0,0,,,,,,,,,,,,,,
R1-6,720575940638246878,0,0,,,,,,,,,,,,,,
R1-6,720575940638265054,0,0,,,,,,,,,,,,,,
R1-6,720575940638273758,0,0,,,,,,,,,,,,,,
R1-6,720575940638280414,0,0,,,,,,,,,,,,,,
R1-6,720575940638304222,1,0,,,,,,,,,,,,,,
R1-6,720575940638329310,0,0,,,,,,,,,,,,,,
R1-6,720575940638390494,0,0,,,,,,,,,,,,,,
R1-6,720575940638398942,0,0,,,,,,,,,,,,,,
R1-6,720575940638399198,0,0,,,,,,,,,,,,,,
R1-6,720575940638467930,1,0,,,,,,,,,,,,,,
R1-6,720575940638594793,0,0,,,,,,,,,,,,,,
R1-6,720575940638602217,1,0,,,,,,,,,,,,,,
R1-6,720575940638635742,0,0,,,,,,,,,,,,,,
R1-6,720575940638645823,0,0,,,,,,,,,,,,,,
R1-6,720575940638646335,0,0,,,,,,,,,,,,,,
R1-6,720575940638665306,1,0,,,,,,,,,,,,,,
R1-6,720575940638684393,1,0,,,,,,,,,,,,,,
R1-6,720575940638724698,0,0,,,,,,,,,,,,,,
R1-6,720575940638726633,0,0,,,,,,,,,,,,,,
R1-6,720575940638743130,0,0,,,,,,,,,,,,,,
R1-6,720575940638750185,0,0,,,,,,,,,,,,,,
R1-6,720575940638761193,1,0,,,,,,,,,,,,,,
R1-6,720575940638767450,0,0,,,,,,,,,,,,,,
R1-6,720575940638767593,0,0,,,,,,,,,,,,,,
R1-6,720575940638791145,0,0,,,,,,,,,,,,,,
R1-6,720575940638812900,0,0,,,,,,,,,,,,,,
R1-6,720575940638813503,0,0,,,,,,,,,,,,,,
R1-6,720575940638823258,0,0,,,,,,,,,,,,,,
R1-6,720575940638835177,0,0,,,,,,,,,,,,,,
R1-6,720575940638837338,0,0,,,,,,,,,,,,,,
R1-6,720575940638844223,0,0,,,,,,,,,,,,,,
R1-6,720575940638844991,0,0,,,,,,,,,,,,,,
R1-6,720575940638881252,0,0,,,,,,,,,,,,,,
R1-6,720575940638924521,0,0,,,,,,,,,,,,,,
R1-6,720575940638936639,0,0,,,,,,,,,,,,,,
R1-6,720575940638947647,0,0,,,,,,,,,,,,,,
R1-6,720575940638962153,0,0,,,,,,,,,,,,,,
R1-6,720575940638981951,0,0,,,,,,,,,,,,,,
R1-6,720575940638995428,0,0,,,,,,,,,,,,,,
R1-6,720575940638995519,0,0,,,,,,,,,,,,,,
R1-6,720575940638995940,0,0,,,,,,,,,,,,,,
R1-6,720575940639016767,0,0,,,,,,,,,,,,,,
R1-6,720575940639044954,0,0,,,,,,,,,,,,,,
R1-6,720575940639146217,0,0,,,,,,,,,,,,,,
R1-6,720575940639155433,0,0,,,,,,,,,,,,,,
R1-6,720575940639159012,0,0,,,,,,,,,,,,,,
R1-6,720575940639165156,0,0,,,,,,,,,,,,,,
R1-6,720575940639193321,0,0,,,,,,,,,,,,,,
R1-6,720575940639199302,1,0,,,,,,,,,,,,,,
R1-6,720575940639215686,1,0,,,,,,,,,,,,,,
R1-6,720575940639232070,0,0,,,,,,,,,,,,,,
R1-6,720575940639319622,0,0,,,,,,,,,,,,,,
R1-6,720575940639322950,0,0,,,,,,,,,,,,,,
R1-6,720575940639358790,0,0,,,,,,,,,,,,,,
R1-6,720575940639370310,0,0,,,,,,,,,,,,,,
R1-6,720575940639386438,0,0,,,,,,,,,,,,,,
R1-6,720575940639405126,0,0,,,,,,,,,,,,,,
R1-6,720575940639414086,0,0,,,,,,,,,,,,,,
R1-6,720575940639436358,0,0,,,,,,,,,,,,,,
R1-6,720575940639608390,0,0,,,,,,,,,,,,,,
R1-6,720575940639625149,0,0,,,,,,,,,,,,,,
R1-6,720575940639629382,0,0,,,,,,,,,,,,,,
R1-6,720575940639635901,0,0,,,,,,,,,,,,,,
R1-6,720575940639713845,0,0,,,,,,,,,,,,,,
R1-6,720575940639743541,0,0,,,,,,,,,,,,,,
R1-6,720575940639744821,0,0,,,,,,,,,,,,,,
R1-6,720575940639764669,0,0,,,,,,,,,,,,,,
R1-6,720575940639791293,0,0,,,,,,,,,,,,,,
R1-6,720575940639793341,1,0,,,,,,,,,,,,,,
R1-6,720575940639827901,0,0,,,,,,,,,,,,,,
R1-6,720575940639836349,0,0,,,,,,,,,,,,,,
R1-6,720575940639847101,0,0,,,,,,,,,,,,,,
R1-6,720575940639891133,0,0,,,,,,,,,,,,,,
R1-6,720575940639919413,0,0,,,,,,,,,,,,,,
R1-6,720575940639923509,0,0,,,,,,,,,,,,,,
R1-6,720575940639937981,0,0,,,,,,,,,,,,,,
R1-6,720575940639939261,0,0,,,,,,,,,,,,,,
R1-6,720575940639953205,1,0,,,,,,,,,,,,,,
R1-6,720575940639957693,0,0,,,,,,,,,,,,,,
R1-6,720575940639975733,0,0,,,,,,,,,,,,,,
R1-6,720575940639997885,1,0,,,,,,,,,,,,,,
R1-6,720575940640005565,0,0,,,,,,,,,,,,,,
R1-6,720575940640008014,1,0,,,,,,,,,,,,,,
R1-6,720575940640011086,0,0,,,,,,,,,,,,,,
R1-6,720575940640017461,0,0,,,,,,,,,,,,,,
R1-6,720575940640018741,0,0,,,,,,,,,,,,,,
R1-6,720575940640056654,0,0,,,,,,,,,,,,,,
R1-6,720575940640061262,1,0,,,,,,,,,,,,,,
R1-6,720575940640063566,0,0,,,,,,,,,,,,,,
R1-6,720575940640082766,1,0,,,,,,,,,,,,,,
R1-6,720575940640091726,0,0,,,,,,,,,,,,,,
R1-6,720575940640108110,1,0,,,,,,,,,,,,,,
R1-6,720575940640117070,0,0,,,,,,,,,,,,,,
R1-6,720575940640135246,0,0,,,,,,,,,,,,,,
R1-6,720575940640135758,0,0,,,,,,,,,,,,,,
R1-6,720575940640155709,0,0,,,,,,,,,,,,,,
R1-6,720575940640173876,0,0,,,,,,,,,,,,,,
R1-6,720575940640187453,0,0,,,,,,,,,,,,,,
R1-6,720575940640225845,0,0,,,,,,,,,,,,,,
R1-6,720575940640255139,0,0,,,,,,,,,,,,,,
R1-6,720575940640256115,0,0,,,,,,,,,,,,,,
R1-6,720575940640266915,2,0,,,,,,,,,,,,,,
R1-6,720575940640310589,0,0,,,,,,,,,,,,,,
R1-6,720575940640318772,0,0,,,,,,,,,,,,,,
R1-6,720575940640344691,0,0,,,,,,,,,,,,,,
R1-6,720575940640351859,0,0,,,,,,,,,,,,,,
R1-6,720575940640368189,0,0,,,,,,,,,,,,,,
R1-6,720575940640372541,0,0,,,,,,,,,,,,,,
R1-6,720575940640382773,0,0,,,,,,,,,,,,,,
R1-6,720575940640388413,0,0,,,,,,,,,,,,,,
R1-6,720575940640396861,0,0,,,,,,,,,,,,,,
R1-6,720575940640400547,0,0,,,,,,,,,,,,,,
R1-6,720575940640412067,0,0,,,,,,,,,,,,,,
R1-6,720575940640419133,0,0,,,,,,,,,,,,,,
R1-6,720575940640432755,0,0,,,,,,,,,,,,,,
R1-6,720575940640439411,1,0,,,,,,,,,,,,,,
R1-6,720575940640469363,0,0,,,,,,,,,,,,,,
R1-6,720575940640484003,0,0,,,,,,,,,,,,,,
R1-6,720575940640499315,0,0,,,,,,,,,,,,,,
R1-6,720575940640512419,0,0,,,,,,,,,,,,,,
R1-6,720575940640531875,0,0,,,,,,,,,,,,,,
R1-6,720575940640541016,0,0,,,,,,,,,,,,,,
R1-6,720575940640553331,0,0,,,,,,,,,,,,,,
R1-6,720575940640553560,0,0,,,,,,,,,,,,,,
R1-6,720575940640570200,0,0,,,,,,,,,,,,,,
R1-6,720575940640570712,0,0,,,,,,,,,,,,,,
R1-6,720575940640579124,2,0,,,,,,,,,,,,,,
R1-6,720575940640613208,0,0,,,,,,,,,,,,,,
R1-6,720575940640681816,0,0,,,,,,,,,,,,,,
R1-6,720575940640686720,0,0,,,,,,,,,,,,,,
R1-6,720575940640732760,0,0,,,,,,,,,,,,,,
R1-6,720575940640784984,0,0,,,,,,,,,,,,,,
R1-6,720575940640841560,0,0,,,,,,,,,,,,,,
R1-6,720575940640864163,1,0,,,,,,,,,,,,,,
R1-6,720575940640865664,0,0,,,,,,,,,,,,,,
R1-6,720575940640866432,0,0,,,,,,,,,,,,,,
R1-6,720575940640885336,0,0,,,,,,,,,,,,,,
R1-6,720575940640885376,0,0,,,,,,,,,,,,,,
R1-6,720575940640893056,0,0,,,,,,,,,,,,,,
R1-6,720575940640896128,0,0,,,,,,,,,,,,,,
R1-6,720575940640910464,0,0,,,,,,,,,,,,,,
R1-6,720575940640921984,0,0,,,,,,,,,,,,,,
R1-6,720575940640926592,0,0,,,,,,,,,,,,,,
R1-6,720575940640932992,1,0,,,,,,,,,,,,,,
R1-6,720575940640957824,0,0,,,,,,,,,,,,,,
R1-6,720575940640978560,0,0,,,,,,,,,,,,,,
R1-6,720575940640980864,0,0,,,,,,,,,,,,,,
R1-6,720575940641014656,0,0,,,,,,,,,,,,,,
R1-6,720575940641015936,0,0,,,,,,,,,,,,,,
R1-6,720575940641083264,0,0,,,,,,,,,,,,,,
R1-6,720575940641171664,0,0,,,,,,,,,,,,,,
R1-6,720575940641193168,0,0,,,,,,,,,,,,,,
R1-6,720575940641195216,0,0,,,,,,,,,,,,,,
R1-6,720575940641262032,0,0,,,,,,,,,,,,,,
R1-6,720575940641326288,0,0,,,,,,,,,,,,,,
R1-6,720575940641347792,0,0,,,,,,,,,,,,,,
R1-6,720575940641374160,0,0,,,,,,,,,,,,,,
R1-6,720575940641466576,0,0,,,,,,,,,,,,,,
R1-6,720575940641531856,1,0,,,,,,,,,,,,,,
R1-6,720575940641643472,1,0,,,,,,,,,,,,,,
R1-6,720575940641821069,0,0,,,,,,,,,,,,,,
R1-6,720575940641840948,1,0,,,,,,,,,,,,,,
R1-6,720575940641843252,0,0,,,,,,,,,,,,,,
R1-6,720575940641879029,0,0,,,,,,,,,,,,,,
R1-6,720575940641893109,0,0,,,,,,,,,,,,,,
R1-6,720575940641929973,0,0,,,,,,,,,,,,,,
R1-6,720575940641939252,0,0,,,,,,,,,,,,,,
R1-6,720575940641957621,0,0,,,,,,,,,,,,,,
R1-6,720575940642000692,0,0,,,,,,,,,,,,,,
R1-6,720575940642035445,0,0,,,,,,,,,,,,,,
R1-6,720575940642043637,0,0,,,,,,,,,,,,,,
R1-6,720575940642098651,0,0,,,,,,,,,,,,,,
R1-6,720575940642120181,0,0,,,,,,,,,,,,,,
R1-6,720575940642121947,0,0,,,,,,,,,,,,,,
R1-6,720575940642123765,1,0,,,,,,,,,,,,,,
R1-6,720575940642164469,0,0,,,,,,,,,,,,,,
R1-6,720575940642191323,0,0,,,,,,,,,,,,,,
R1-6,720575940642206683,0,0,,,,,,,,,,,,,,
R1-6,720575940642208219,0,0,,,,,,,,,,,,,,
R1-6,720575940642224859,0,0,,,,,,,,,,,,,,
R1-6,720575940642297563,0,0,,,,,,,,,,,,,,
R1-6,720575940642325467,0,0,,,,,,,,,,,,,,
R1-6,720575940642370549,0,0,,,,,,,,,,,,,,
R1-6,720575940642612699,0,0,,,,,,,,,,,,,,
R1-6,720575940642645979,0,0,,,,,,,,,,,,,,
R1-6,720575940642851213,1,0,,,,,,,,,,,,,,
R1-6,720575940642908557,0,0,,,,,,,,,,,,,,
R1-6,720575940642950285,0,0,,,,,,,,,,,,,,
R1-6,720575940642956941,1,0,,,,,,,,,,,,,,
R1-6,720575940642958733,0,0,,,,,,,,,,,,,,
R1-6,720575940642961805,0,0,,,,,,,,,,,,,,
R1-6,720575940642990733,0,0,,,,,,,,,,,,,,
R1-6,720575940642996365,0,0,,,,,,,,,,,,,,
R1-6,720575940643016077,0,0,,,,,,,,,,,,,,
R1-6,720575940643017101,0,0,,,,,,,,,,,,,,
R1-6,720575940643052173,1,0,,,,,,,,,,,,,,
R1-6,720575940643099533,0,0,,,,,,,,,,,,,,
R1-6,720575940643125636,1,0,,,,,,,,,,,,,,
R1-6,720575940643940660,0,0,,,,,,,,,,,,,,
R1-6,720575940644332960,0,0,,,,,,,,,,,,,,
R1-6,720575940644353184,0,0,,,,,,,,,,,,,,
R1-6,720575940644359072,0,0,,,,,,,,,,,,,,
R1-6,720575940644381600,0,0,,,,,,,,,,,,,,
R1-6,720575940644388256,0,0,,,,,,,,,,,,,,
R1-6,720575940644422816,0,0,,,,,,,,,,,,,,
R1-6,720575940644431520,0,0,,,,,,,,,,,,,,
R1-6,720575940644511648,0,0,,,,,,,,,,,,,,
R1-6,720575940644534944,0,0,,,,,,,,,,,,,,
R1-6,720575940644544160,0,0,,,,,,,,,,,,,,
R1-6,720575940644545952,0,0,,,,,,,,,,,,,,
R1-6,720575940644557984,0,0,,,,,,,,,,,,,,
R1-6,720575940644650440,0,0,,,,,,,,,,,,,,
R1-6,720575940644705736,1,0,,,,,,,,,,,,,,
R1-6,720575940644725152,1,0,,,,,,,,,,,,,,
R1-6,720575940644736968,0,0,,,,,,,,,,,,,,
R1-6,720575940644747464,0,0,,,,,,,,,,,,,,
R1-6,720575940644764104,0,0,,,,,,,,,,,,,,
R1-6,720575940644770760,0,0,,,,,,,,,,,,,,
R1-6,720575940644774088,1,0,,,,,,,,,,,,,,
R1-6,720575940644784328,0,0,,,,,,,,,,,,,,
R1-6,720575940644792264,0,0,,,,,,,,,,,,,,
R1-6,720575940644810184,0,0,,,,,,,,,,,,,,
R1-6,720575940644819400,0,0,,,,,,,,,,,,,,
R1-6,720575940644828616,0,0,,,,,,,,,,,,,,
R1-6,720575940644881608,0,0,,,,,,,,,,,,,,
R1-6,720575940644893896,0,0,,,,,,,,,,,,,,
R1-6,720575940644899784,0,0,,,,,,,,,,,,,,
R1-6,720575940644900296,0,0,,,,,,,,,,,,,,
R1-6,720575940644910792,0,0,,,,,,,,,,,,,,
R1-6,720575940644949704,0,0,,,,,,,,,,,,,,
R1-6,720575940644996808,1,0,,,,,,,,,,,,,,
R1-6,720575940645156040,0,0,,,,,,,,,,,,,,
R1-6,720575940645163464,0,0,,,,,,,,,,,,,,
R1-6,720575940645314596,0,0,,,,,,,,,,,,,,
R1-6,720575940645370660,0,0,,,,,,,,,,,,,,
R1-6,720575940645391652,0,0,,,,,,,,,,,,,,
R1-6,720575940645418276,1,0,,,,,,,,,,,,,,
R1-6,720575940645434148,1,0,,,,,,,,,,,,,,
R1-6,720575940645436964,0,0,,,,,,,,,,,,,,
R1-6,720575940645443620,1,0,,,,,,,,,,,,,,
R1-6,720575940645629975,0,0,,,,,,,,,,,,,,
R1-6,720575940645647127,0,0,,,,,,,,,,,,,,
R1-6,720575940645662231,0,0,,,,,,,,,,,,,,
R1-6,720575940645671732,0,0,,,,,,,,,,,,,,
R1-6,720575940645731876,0,0,,,,,,,,,,,,,,
R1-6,720575940645760791,0,0,,,,,,,,,,,,,,
R1-6,720575940645765655,0,0,,,,,,,,,,,,,,
R1-6,720575940645783063,0,0,,,,,,,,,,,,,,
R1-6,720575940645787159,0,0,,,,,,,,,,,,,,
R1-6,720575940645790231,0,0,,,,,,,,,,,,,,
R1-6,720575940645809687,0,0,,,,,,,,,,,,,,
R1-6,720575940645821207,1,0,,,,,,,,,,,,,,
R1-6,720575940645984366,0,0,,,,,,,,,,,,,,
R1-6,720575940646022254,1,0,,,,,,,,,,,,,,
R1-6,720575940646095127,0,0,,,,,,,,,,,,,,
R1-6,720575940646097006,0,0,,,,,,,,,,,,,,
R1-6,720575940646101870,0,0,,,,,,,,,,,,,,
R1-6,720575940646156142,0,0,,,,,,,,,,,,,,
R1-6,720575940646165102,0,0,,,,,,,,,,,,,,
R1-6,720575940646167150,0,0,,,,,,,,,,,,,,
R1-6,720575940646194798,0,0,,,,,,,,,,,,,,
R1-6,720575940646200686,1,0,,,,,,,,,,,,,,
R1-6,720575940646267502,0,0,,,,,,,,,,,,,,
R1-6,720575940646334062,0,0,,,,,,,,,,,,,,
R1-6,720575940646496878,0,0,,,,,,,,,,,,,,
R1-6,720575940646979107,0,0,,,,,,,,,,,,,,
R1-6,720575940646985251,0,0,,,,,,,,,,,,,,
R1-6,720575940647113251,0,0,,,,,,,,,,,,,,
R1-6,720575940647114019,0,0,,,,,,,,,,,,,,
R1-6,720575940647116067,1,0,,,,,,,,,,,,,,
R1-6,720575940647129123,0,0,,,,,,,,,,,,,,
R1-6,720575940647150883,0,0,,,,,,,,,,,,,,
R1-6,720575940647173923,0,0,,,,,,,,,,,,,,
R1-6,720575940647199779,0,0,,,,,,,,,,,,,,
R1-6,720575940647202851,0,0,,,,,,,,,,,,,,
R1-6,720575940647234595,0,0,,,,,,,,,,,,,,
R1-6,720575940647569204,1,0,,,,,,,,,,,,,,
R1-6,720575940647689012,0,0,,,,,,,,,,,,,,
R1-6,720575940647698740,0,0,,,,,,,,,,,,,,
R1-6,720575940647716148,0,0,,,,,,,,,,,,,,
R1-6,720575940647869236,0,0,,,,,,,,,,,,,,
R1-6,720575940647922228,0,0,,,,,,,,,,,,,,
R1-6,720575940648194436,0,0,,,,,,,,,,,,,,
R1-6,720575940648205700,0,0,,,,,,,,,,,,,,
R1-6,720575940648221060,0,0,,,,,,,,,,,,,,
R1-6,720575940648236676,0,0,,,,,,,,,,,,,,
R1-6,720575940648324996,0,0,,,,,,,,,,,,,,
R1-6,720575940648348548,0,0,,,,,,,,,,,,,,
R1-6,720575940648372100,1,0,,,,,,,,,,,,,,
R1-6,720575940648384900,0,0,,,,,,,,,,,,,,
R1-6,720575940648386436,0,0,,,,,,,,,,,,,,
R1-6,720575940650377849,0,0,,,,,,,,,,,,,,
R1-6,720575940650441593,0,0,,,,,,,,,,,,,,
R1-6,720575940650464377,0,0,,,,,,,,,,,,,,
R1-6,720575940650492025,0,0,,,,,,,,,,,,,,
R1-6,720575940650579321,0,0,,,,,,,,,,,,,,
R1-6,720575940650614393,0,0,,,,,,,,,,,,,,
R1-6,720575940650617977,0,0,,,,,,,,,,,,,,
R1-6,720575940651939318,1,0,,,,,,,,,,,,,,
R1-6,720575940653052662,0,0,,,,,,,,,,,,,,
R1-6,720575940653115382,0,0,,,,,,,,,,,,,,
R1-6,720575940653182966,0,0,,,,,,,,,,,,,,
R1-6,720575940653183990,0,0,,,,,,,,,,,,,,
R1-6,720575940653193974,0,0,,,,,,,,,,,,,,
R1-6,720575940653195510,0,0,,,,,,,,,,,,,,
R1-6,720575940653203446,0,0,,,,,,,,,,,,,,
R1-6,720575940653215222,0,0,,,,,,,,,,,,,,
R1-6,720575940653216758,0,0,,,,,,,,,,,,,,
R1-6,720575940653317878,0,0,,,,,,,,,,,,,,
R1-6,720575940653364726,0,0,,,,,,,,,,,,,,
R1-6,720575940653379830,0,0,,,,,,,,,,,,,,
R1-6,720575940653399542,0,0,,,,,,,,,,,,,,
R1-6,720575940653608182,0,0,,,,,,,,,,,,,,
R1-6,720575940655029153,0,0,,,,,,,,,,,,,,
R1-6,720575940655341985,1,0,,,,,,,,,,,,,,
R1-6,720575940655522977,0,0,,,,,,,,,,,,,,
R1-6,720575940655616161,0,0,,,,,,,,,,,,,,
R1-6,720575940655663009,0,0,,,,,,,,,,,,,,
R1-6,720575940655674785,1,0,,,,,,,,,,,,,,
R1-6,720575940655697569,0,0,,,,,,,,,,,,,,
R1-6,720575940655718305,1,0,,,,,,,,,,,,,,
R1-6,720575940655753633,0,0,,,,,,,,,,,,,,
R1-6,720575940655781025,0,0,,,,,,,,,,,,,,
R1-6,720575940655792801,0,0,,,,,,,,,,,,,,
R1-6,720575940655842209,1,0,,,,,,,,,,,,,,
R1-6,720575940655846817,0,0,,,,,,,,,,,,,,
R1-6,720575940655861665,0,0,,,,,,,,,,,,,,
R1-6,720575940659627649,1,0,,,,,,,,,,,,,,
R1-6,720575940660823425,0,0,,,,,,,,,,,,,,
R1-6,720575940660824961,0,0,,,,,,,,,,,,,,
R1-6,720575940660849281,0,0,,,,,,,,,,,,,,
R1-6,720575940660870529,0,0,,,,,,,,,,,,,,
R1-6,720575940660873857,0,0,,,,,,,,,,,,,,
R1-6,720575940660966529,0,0,,,,,,,,,,,,,,
R1-6,720575940660982401,0,0,,,,,,,,,,,,,,
R1-6,720575940660988545,0,0,,,,,,,,,,,,,,
R1-6,720575940661339777,0,0,,,,,,,,,,,,,,
