pt_root_id,tag,is_left,is_right
720575940615692690,putative fru,False,False
720575940624874983,putative fru,False,False
720575940624874983,putative fru,False,False
720575940624874983,"aSP3, put_ADM06j",False,False
720575940624874983,"aSP3, put_ADM06j",False,False
720575940613170498,putative dsx,False,False
720575940613170498,putative dsx,False,False
720575940624407944,putative fru,False,False
720575940624407944,putative fru,False,False
720575940624407944,"pIP9, put_PVM09i",False,False
720575940624407944,"pIP9, put_PVM09i",False,False
720575940613408552,putative fru,False,False
720575940613408552,putative fru,False,False
720575940613408552,aSP3,False,False
720575940613408552,aSP3,False,False
720575940630221509,putative fru,False,False
720575940630221509,putative fru,False,False
720575940630221509,pMP12,False,False
720575940630221509,pMP12,False,False
720575940627496829,putative dsx,False,False
720575940627496829,putative dsx,False,False
720575940615692690,putative fru,False,False
720575940615692690,"pMP12, put_PDL18c",False,False
720575940615692690,"pMP12, put_PDL18c",False,False
720575940620582260,putative fru,False,False
720575940620582260,putative fru,False,False
720575940620582260,"pMP12, put_PDL18c",False,False
720575940620582260,"pMP12, put_PDL18c",False,False
720575940616286175,putative fru,False,False
720575940615559892,putative dsx,False,False
720575940615559892,putative dsx,False,False
720575940615559892,pCd1?,False,False
720575940615559892,pCd1?,False,False
720575940616286175,putative fru,False,False
720575940616286175,"aSP3, put_ADM06j",False,False
720575940616286175,"aSP3, put_ADM06j",False,False
720575940634458719,putative fru,False,False
720575940634458719,putative fru,False,False
720575940634458719,"pIP16b, put_PVM08r",False,False
720575940634458719,"pIP16b, put_PVM08r",False,False
720575940620153765,putative fru,False,False
720575940620153765,putative fru,False,False
720575940620153765,DNp10,False,False
720575940620153765,DNp10,False,False
720575940620625880,putative fru,False,False
720575940627921182,putative fru,False,False
720575940627921182,putative fru,False,False
720575940627921182,oviDNa,False,False
720575940627921182,oviDNa,False,False
720575940620625880,putative fru,False,False
720575940620625880,"oviDN, put_PDM15a",False,False
720575940620625880,"oviDN, put_PDM15a",False,False
720575940621257340,putative fru,False,False
720575940621257340,putative fru,False,False
720575940621257340,"oviDN, put_PDM15d",False,False
720575940621257340,"oviDN, put_PDM15d",False,False
720575940630425083,putative fru,False,False
720575940630425083,putative fru,False,False
720575940630425083,"pIP16c, put_PVM08u",False,False
720575940630425083,"pIP16c, put_PVM08u",False,False
720575940619678366,putative fru,False,False
720575940641518733,putative fru,False,False
720575940641518733,putative fru,False,False
720575940641518733,"pMP1, put_PDM15m",False,False
720575940641518733,"pMP1, put_PDM15m",False,False
720575940614363619,putative fru,False,False
720575940614363619,putative fru,False,False
720575940614363619,pMP1,False,False
720575940614363619,pMP1,False,False
720575940619678366,putative fru,False,False
720575940619678366,DNp10,False,False
720575940619678366,DNp10,False,False
720575940629490476,putative fru,False,False
720575940625539984,putative fru,False,False
720575940625539984,putative fru,False,False
720575940625539984,"pIP18, put_PVL13i",False,False
720575940625539984,"pIP18, put_PVL13i",False,False
720575940629490476,putative fru,False,False
720575940629490476,"aSP22, put_ADM06mA",False,False
720575940629490476,"aSP22, put_ADM06mA",False,False
720575940621031006,putative fru,False,False
720575940621031006,putative fru,False,False
720575940621031006,pMP9,False,False
720575940621031006,pMP9,False,False
720575940606704562,putative fru,False,False
720575940606704562,putative fru,False,False
720575940606704562,pMP5,False,False
720575940606704562,pMP5,False,False
720575940619451989,putative fru,False,False
720575940619451989,putative fru,False,False
720575940619451989,"pMP5, put_PDM05k",False,False
720575940619451989,"pMP5, put_PDM05k",False,False
720575940623014695,putative fru,False,False
720575940623014695,putative fru,False,False
720575940623014695,pMP5,False,False
720575940623014695,pMP5,False,False
720575940607632579,putative fru,False,False
720575940607632579,putative fru,False,False
720575940607632579,"pMP1, put_PDM15m",False,False
720575940607632579,"pMP1, put_PDM15m",False,False
720575940622838154,giant fiber/giant fibre/GF/GFN,False,False
720575940632512156,putative fru,False,False
720575940632512156,putative fru,False,False
720575940632512156,oviDN,False,False
720575940632512156,oviDN,False,False
720575940642312136,putative fru,False,False
720575940642312136,putative fru,False,False
720575940642312136,oviDNa,False,False
720575940642312136,oviDNa,False,False
720575940632499757,giant fiber/giant fibre/GF/GFN,False,False
720575940621519130,descending neuron/DN similar to aSP3,False,False
720575940631498563,descending neuron/DN similar to aSP3,False,False
720575940629327659,descending neuron/DN similar to aSP3,False,False
720575940628577897,descending neuron/DN similar to aSP3,False,False
720575940615043222,descending neuron/DN similar to aSP3,False,False
720575940623019544,pC1d_TopOutputs (Neuprint1.1 DNa01/VES008?) | descending neuron/DN similar to aSP3,False,False
720575940623019544,pC1d_TopOutputs (Neuprint1.1 DNa01/VES008?) | descending neuron/DN similar to aSP3,False,False
720575940623019544,pC1d_TopOutputs (Neuprint1.1 DNa01/VES008?) | descending neuron/DN similar to aSP3,False,False
720575940635552948,descending neuron/DN,False,False
720575940635552948,descending neuron/DN,False,False
720575940628731140,Murthy-pcBig,False,False
720575940627787609,descending neuron/DN similar to aSP3,False,False
720575940640325429,descending neuron/DN similar to aSP3,False,False
720575940630868281,descending neuron/DN similar to aSP3,False,False
720575940609097429,descending neuron/DN similar to aSP3,False,False
720575940630085583,descending neuron/DN similar to aSP3,False,False
720575940637607646,descending neuron/DN similar to aSP3,False,False
720575940620711334,descending neuron/DN similar to aSP3,False,False
720575940620380449,descending neuron/DN similar to aSP3,False,False
720575940621519130,descending neuron/DN similar to aSP3,False,False
720575940614403178,descending neuron/DN similar to aSP3,False,False
720575940621157645,descending neuron/DN similar to aSP3,False,False
720575940609488942,descending neuron/DN similar to aSP3,False,False
720575940627432680,descending neuron/DN similar to aSP3,False,False
720575940620918789,descending neuron/DN similar to aSP3,False,False
720575940625502666,descending neuron/DN similar to aSP3,False,False
720575940630665210,serotonergic tripartite cells?,False,False
720575940621667693,serotonergic tripartite cells?,False,False
720575940627107721,neck motor neuron?,False,False
720575940629777018,descending neuron/DN,False,False
720575940621561697,"giant ocellar interneuron-related (also in ocellar nerve, but not as big, and diff arbor)",False,False
720575940615251251,descending neuron/DN similar to aSP22,False,False
720575940623153788,descending neuron/DN similar to aSP3,False,False
720575940619486891,Possibly CL342,False,False
720575940625295339,Possibly CL342,False,False
720575940629327659,DN_a02,False,False
720575940626328707,pC1d_TopOutputs (Neuprint1.1 DNa01/VES008?),False,False
720575940646173748,pCd1(FW)/SMP487(HB),False,False
720575940627652358,DNp09,False,False
720575940627652358,DNp09,False,False
720575940635872101,DNp09,False,False
720575940635872101,DNp09,False,False
720575940624874983,descending neuron/DN similar to aSP3,False,False
720575940613170498,vpoDN/pMN2,False,False
720575940615559892,pCd1-LIKE ,False,False
720575940619116061,"DNa_L; Part of comprehensive neck connective tracing, contact Connectomics Group Cambridge for more detailed information on descending/ascending neurons",True,False
720575940622321110,"DNa_L; Part of comprehensive neck connective tracing, contact Connectomics Group Cambridge for more detailed information on descending/ascending neurons",True,False
720575940621519130,"DNa_L; Part of comprehensive neck connective tracing, contact Connectomics Group Cambridge for more detailed information on descending/ascending neurons",True,False
720575940623019544,"DNa_L; Part of comprehensive neck connective tracing, contact Connectomics Group Cambridge for more detailed information on descending/ascending neurons",True,False
720575940614403178,"DNa_L; Part of comprehensive neck connective tracing, contact Connectomics Group Cambridge for more detailed information on descending/ascending neurons",True,False
720575940629502251,"DNa_L; Part of comprehensive neck connective tracing, contact Connectomics Group Cambridge for more detailed information on descending/ascending neurons",True,False
720575940629736720,"DNa_L; Part of comprehensive neck connective tracing, contact Connectomics Group Cambridge for more detailed information on descending/ascending neurons",True,False
720575940624874983,"DNa_L; Part of comprehensive neck connective tracing, contact Connectomics Group Cambridge for more detailed information on descending/ascending neurons",True,False
720575940626328707,"DNa_L; Part of comprehensive neck connective tracing, contact Connectomics Group Cambridge for more detailed information on descending/ascending neurons",True,False
720575940628627867,"DNa_L; Part of comprehensive neck connective tracing, contact Connectomics Group Cambridge for more detailed information on descending/ascending neurons",True,False
720575940636454136,"DNa_L; Part of comprehensive neck connective tracing, contact Connectomics Group Cambridge for more detailed information on descending/ascending neurons",True,False
720575940620380449,"DNa_L; Part of comprehensive neck connective tracing, contact Connectomics Group Cambridge for more detailed information on descending/ascending neurons",True,False
720575940644438551,"DNa_L; Part of comprehensive neck connective tracing, contact Connectomics Group Cambridge for more detailed information on descending/ascending neurons",True,False
720575940630085583,"DNa03_L; Part of comprehensive neck connective tracing, contact Connectomics Group Cambridge for more detailed information on descending/ascending neurons",True,False
720575940625502666,"DNa_L; Part of comprehensive neck connective tracing, contact Connectomics Group Cambridge for more detailed information on descending/ascending neurons",True,False
720575940637607646,"DNa_L; Part of comprehensive neck connective tracing, contact Connectomics Group Cambridge for more detailed information on descending/ascending neurons",True,False
720575940625573322,"DNa_L; Part of comprehensive neck connective tracing, contact Connectomics Group Cambridge for more detailed information on descending/ascending neurons",True,False
720575940625090314,"DNa_L; Part of comprehensive neck connective tracing, contact Connectomics Group Cambridge for more detailed information on descending/ascending neurons",True,False
720575940609488942,"DNa_L; Part of comprehensive neck connective tracing, contact Connectomics Group Cambridge for more detailed information on descending/ascending neurons",True,False
720575940633727339,"DNa_L; Part of comprehensive neck connective tracing, contact Connectomics Group Cambridge for more detailed information on descending/ascending neurons",True,False
720575940604737708,"DNa_L; Part of comprehensive neck connective tracing, contact Connectomics Group Cambridge for more detailed information on descending/ascending neurons",True,False
720575940622204186,"DNa_L; Part of comprehensive neck connective tracing, contact Connectomics Group Cambridge for more detailed information on descending/ascending neurons",True,False
720575940620711334,"DNa_L; Part of comprehensive neck connective tracing, contact Connectomics Group Cambridge for more detailed information on descending/ascending neurons",True,False
720575940630868281,"DNa_L; Part of comprehensive neck connective tracing, contact Connectomics Group Cambridge for more detailed information on descending/ascending neurons",True,False
720575940627432680,"DNa_L; Part of comprehensive neck connective tracing, contact Connectomics Group Cambridge for more detailed information on descending/ascending neurons",True,False
720575940615043222,"DNa_L; Part of comprehensive neck connective tracing, contact Connectomics Group Cambridge for more detailed information on descending/ascending neurons",True,False
720575940627946261,"DNa_L; Part of comprehensive neck connective tracing, contact Connectomics Group Cambridge for more detailed information on descending/ascending neurons",True,False
720575940640325429,"DNa_L; Part of comprehensive neck connective tracing, contact Connectomics Group Cambridge for more detailed information on descending/ascending neurons",True,False
720575940631520312,"DNa_L; Part of comprehensive neck connective tracing, contact Connectomics Group Cambridge for more detailed information on descending/ascending neurons",True,False
720575940629461442,"DNa_L; Part of comprehensive neck connective tracing, contact Connectomics Group Cambridge for more detailed information on descending/ascending neurons",True,False
720575940623062515,"DNa_L; Part of comprehensive neck connective tracing, contact Connectomics Group Cambridge for more detailed information on descending/ascending neurons",True,False
720575940637608560,"DNa_L; Part of comprehensive neck connective tracing, contact Connectomics Group Cambridge for more detailed information on descending/ascending neurons",True,False
720575940641276917,"DNa_L; Part of comprehensive neck connective tracing, contact Connectomics Group Cambridge for more detailed information on descending/ascending neurons",True,False
720575940624459907,"DNa_R; Part of comprehensive neck connective tracing, contact Connectomics Group Cambridge for more detailed information on descending/ascending neurons",False,True
720575940628577897,"DNa_R; Part of comprehensive neck connective tracing, contact Connectomics Group Cambridge for more detailed information on descending/ascending neurons",False,True
720575940603591014,"DNa_R; Part of comprehensive neck connective tracing, contact Connectomics Group Cambridge for more detailed information on descending/ascending neurons",False,True
720575940620322497,"DNa_R; Part of comprehensive neck connective tracing, contact Connectomics Group Cambridge for more detailed information on descending/ascending neurons",False,True
720575940629327659,"DNa02_R; Part of comprehensive neck connective tracing, contact Connectomics Group Cambridge for more detailed information on descending/ascending neurons",False,True
720575940625094325,"DNa_R; Part of comprehensive neck connective tracing, contact Connectomics Group Cambridge for more detailed information on descending/ascending neurons",False,True
720575940651341558,"DNa_R; Part of comprehensive neck connective tracing, contact Connectomics Group Cambridge for more detailed information on descending/ascending neurons",False,True
720575940631498563,"DNa_R; Part of comprehensive neck connective tracing, contact Connectomics Group Cambridge for more detailed information on descending/ascending neurons",False,True
720575940631333195,"DNa_R; Part of comprehensive neck connective tracing, contact Connectomics Group Cambridge for more detailed information on descending/ascending neurons",False,True
720575940630607738,"DNa_R; Part of comprehensive neck connective tracing, contact Connectomics Group Cambridge for more detailed information on descending/ascending neurons",False,True
720575940613408552,"DNa_R; Part of comprehensive neck connective tracing, contact Connectomics Group Cambridge for more detailed information on descending/ascending neurons",False,True
720575940634253281,"DNa_R; Part of comprehensive neck connective tracing, contact Connectomics Group Cambridge for more detailed information on descending/ascending neurons",False,True
720575940616286175,"DNa_R; Part of comprehensive neck connective tracing, contact Connectomics Group Cambridge for more detailed information on descending/ascending neurons",False,True
720575940618167579,"DNa_R; Part of comprehensive neck connective tracing, contact Connectomics Group Cambridge for more detailed information on descending/ascending neurons",False,True
720575940611735514,"DNa_R; Part of comprehensive neck connective tracing, contact Connectomics Group Cambridge for more detailed information on descending/ascending neurons",False,True
720575940623468691,"DNa_R; Part of comprehensive neck connective tracing, contact Connectomics Group Cambridge for more detailed information on descending/ascending neurons",False,True
720575940634140883,"DNa_R; Part of comprehensive neck connective tracing, contact Connectomics Group Cambridge for more detailed information on descending/ascending neurons",False,True
720575940620823828,"DNa_R; Part of comprehensive neck connective tracing, contact Connectomics Group Cambridge for more detailed information on descending/ascending neurons",False,True
720575940632962786,"DNa_R; Part of comprehensive neck connective tracing, contact Connectomics Group Cambridge for more detailed information on descending/ascending neurons",False,True
720575940609097429,"DNa_R; Part of comprehensive neck connective tracing, contact Connectomics Group Cambridge for more detailed information on descending/ascending neurons",False,True
720575940627139530,"DNa_R; Part of comprehensive neck connective tracing, contact Connectomics Group Cambridge for more detailed information on descending/ascending neurons",False,True
720575940620918789,"DNa03_R; Part of comprehensive neck connective tracing, contact Connectomics Group Cambridge for more detailed information on descending/ascending neurons",False,True
720575940620534768,"DNa_R; Part of comprehensive neck connective tracing, contact Connectomics Group Cambridge for more detailed information on descending/ascending neurons",False,True
720575940624986919,"DNa_R; Part of comprehensive neck connective tracing, contact Connectomics Group Cambridge for more detailed information on descending/ascending neurons",False,True
720575940627787609,"DNa_R; Part of comprehensive neck connective tracing, contact Connectomics Group Cambridge for more detailed information on descending/ascending neurons",False,True
720575940631759663,"DNa_R; Part of comprehensive neck connective tracing, contact Connectomics Group Cambridge for more detailed information on descending/ascending neurons",False,True
720575940637101413,"DNa_R; Part of comprehensive neck connective tracing, contact Connectomics Group Cambridge for more detailed information on descending/ascending neurons",False,True
720575940614348438,"DNa_R; Part of comprehensive neck connective tracing, contact Connectomics Group Cambridge for more detailed information on descending/ascending neurons",False,True
720575940648636292,"DNb_L; Part of comprehensive neck connective tracing, contact Connectomics Group Cambridge for more detailed information on descending/ascending neurons",True,False
720575940622540899,"DNb_L; Part of comprehensive neck connective tracing, contact Connectomics Group Cambridge for more detailed information on descending/ascending neurons",True,False
720575940613717138,"DNb_L; Part of comprehensive neck connective tracing, contact Connectomics Group Cambridge for more detailed information on descending/ascending neurons",True,False
720575940621226484,"DNb_L; Part of comprehensive neck connective tracing, contact Connectomics Group Cambridge for more detailed information on descending/ascending neurons",True,False
720575940629041879,"DNb_L; Part of comprehensive neck connective tracing, contact Connectomics Group Cambridge for more detailed information on descending/ascending neurons",True,False
720575940630758418,"DNb_L; Part of comprehensive neck connective tracing, contact Connectomics Group Cambridge for more detailed information on descending/ascending neurons",True,False
720575940646753412,"DNb_L; Part of comprehensive neck connective tracing, contact Connectomics Group Cambridge for more detailed information on descending/ascending neurons",True,False
720575940627997050,"DNb_L; Part of comprehensive neck connective tracing, contact Connectomics Group Cambridge for more detailed information on descending/ascending neurons",True,False
720575940653310198,"DNb_L; Part of comprehensive neck connective tracing, contact Connectomics Group Cambridge for more detailed information on descending/ascending neurons",True,False
720575940634459290,"DNb_L; Part of comprehensive neck connective tracing, contact Connectomics Group Cambridge for more detailed information on descending/ascending neurons",True,False
720575940625558730,"DNb_L; Part of comprehensive neck connective tracing, contact Connectomics Group Cambridge for more detailed information on descending/ascending neurons",True,False
720575940621068464,"DNb_L; Part of comprehensive neck connective tracing, contact Connectomics Group Cambridge for more detailed information on descending/ascending neurons",True,False
720575940608402524,"DNb_L; Part of comprehensive neck connective tracing, contact Connectomics Group Cambridge for more detailed information on descending/ascending neurons",True,False
720575940623938823,"DNb_L; Part of comprehensive neck connective tracing, contact Connectomics Group Cambridge for more detailed information on descending/ascending neurons",True,False
720575940611016910,"DNb_L; Part of comprehensive neck connective tracing, contact Connectomics Group Cambridge for more detailed information on descending/ascending neurons",True,False
720575940632539788,"DNb_L; Part of comprehensive neck connective tracing, contact Connectomics Group Cambridge for more detailed information on descending/ascending neurons",True,False
720575940621119061,"DNb_R; Part of comprehensive neck connective tracing, contact Connectomics Group Cambridge for more detailed information on descending/ascending neurons",False,True
720575940632868051,"DNb_R; Part of comprehensive neck connective tracing, contact Connectomics Group Cambridge for more detailed information on descending/ascending neurons",False,True
720575940613358450,"DNb_R; Part of comprehensive neck connective tracing, contact Connectomics Group Cambridge for more detailed information on descending/ascending neurons",False,True
720575940627731599,"DNb_R; Part of comprehensive neck connective tracing, contact Connectomics Group Cambridge for more detailed information on descending/ascending neurons",False,True
720575940628352850,"DNb_R; Part of comprehensive neck connective tracing, contact Connectomics Group Cambridge for more detailed information on descending/ascending neurons",False,True
720575940653614838,"DNb_R; Part of comprehensive neck connective tracing, contact Connectomics Group Cambridge for more detailed information on descending/ascending neurons",False,True
720575940624982823,"DNb_R; Part of comprehensive neck connective tracing, contact Connectomics Group Cambridge for more detailed information on descending/ascending neurons",False,True
720575940617917396,"DNb_R; Part of comprehensive neck connective tracing, contact Connectomics Group Cambridge for more detailed information on descending/ascending neurons",False,True
720575940644494752,"DNb_R; Part of comprehensive neck connective tracing, contact Connectomics Group Cambridge for more detailed information on descending/ascending neurons",False,True
720575940613088426,"DNb_R; Part of comprehensive neck connective tracing, contact Connectomics Group Cambridge for more detailed information on descending/ascending neurons",False,True
720575940630334658,"DNb_R; Part of comprehensive neck connective tracing, contact Connectomics Group Cambridge for more detailed information on descending/ascending neurons",False,True
720575940620776880,"DNb_R; Part of comprehensive neck connective tracing, contact Connectomics Group Cambridge for more detailed information on descending/ascending neurons",False,True
720575940642549467,"DNb_R; Part of comprehensive neck connective tracing, contact Connectomics Group Cambridge for more detailed information on descending/ascending neurons",False,True
720575940634163682,"DNb_R; Part of comprehensive neck connective tracing, contact Connectomics Group Cambridge for more detailed information on descending/ascending neurons",False,True
720575940619582168,"DNb_R; Part of comprehensive neck connective tracing, contact Connectomics Group Cambridge for more detailed information on descending/ascending neurons",False,True
720575940616826380,"DNb_R; Part of comprehensive neck connective tracing, contact Connectomics Group Cambridge for more detailed information on descending/ascending neurons",False,True
720575940625878160,"DNb_R; Part of comprehensive neck connective tracing, contact Connectomics Group Cambridge for more detailed information on descending/ascending neurons",False,True
720575940618156829,"DNb_R; Part of comprehensive neck connective tracing, contact Connectomics Group Cambridge for more detailed information on descending/ascending neurons",False,True
720575940616936226,"DNb_R; Part of comprehensive neck connective tracing, contact Connectomics Group Cambridge for more detailed information on descending/ascending neurons",False,True
720575940637308605,"DNb_R; Part of comprehensive neck connective tracing, contact Connectomics Group Cambridge for more detailed information on descending/ascending neurons",False,True
720575940625733351,"DNc_L; Part of comprehensive neck connective tracing, contact Connectomics Group Cambridge for more detailed information on descending/ascending neurons",True,False
720575940618203707,"DNc_R; Part of comprehensive neck connective tracing, contact Connectomics Group Cambridge for more detailed information on descending/ascending neurons",False,True
720575940632991815,"DNc_R; Part of comprehensive neck connective tracing, contact Connectomics Group Cambridge for more detailed information on descending/ascending neurons",False,True
720575940629064186,"DNd_L; Part of comprehensive neck connective tracing, contact Connectomics Group Cambridge for more detailed information on descending/ascending neurons",True,False
720575940623385894,"DNd_L; Part of comprehensive neck connective tracing, contact Connectomics Group Cambridge for more detailed information on descending/ascending neurons",True,False
720575940639170723,"DNd_L; Part of comprehensive neck connective tracing, contact Connectomics Group Cambridge for more detailed information on descending/ascending neurons",True,False
720575940625718053,"DNd_L; Part of comprehensive neck connective tracing, contact Connectomics Group Cambridge for more detailed information on descending/ascending neurons",True,False
720575940614660263,"DNd_L; Part of comprehensive neck connective tracing, contact Connectomics Group Cambridge for more detailed information on descending/ascending neurons",True,False
720575940619945931,"DNd_L; Part of comprehensive neck connective tracing, contact Connectomics Group Cambridge for more detailed information on descending/ascending neurons",True,False
720575940625006776,"DNd_L; Part of comprehensive neck connective tracing, contact Connectomics Group Cambridge for more detailed information on descending/ascending neurons",True,False
720575940627771279,"DNd_L; Part of comprehensive neck connective tracing, contact Connectomics Group Cambridge for more detailed information on descending/ascending neurons",True,False
720575940621388453,"DNd_R; Part of comprehensive neck connective tracing, contact Connectomics Group Cambridge for more detailed information on descending/ascending neurons",False,True
720575940645537902,"DNd_R; Part of comprehensive neck connective tracing, contact Connectomics Group Cambridge for more detailed information on descending/ascending neurons",False,True
720575940613307033,"DNd_R; Part of comprehensive neck connective tracing, contact Connectomics Group Cambridge for more detailed information on descending/ascending neurons",False,True
720575940621392086,"DNd_R; Part of comprehensive neck connective tracing, contact Connectomics Group Cambridge for more detailed information on descending/ascending neurons",False,True
720575940629812346,"DNd_R; Part of comprehensive neck connective tracing, contact Connectomics Group Cambridge for more detailed information on descending/ascending neurons",False,True
720575940629412170,"DNd_R; Part of comprehensive neck connective tracing, contact Connectomics Group Cambridge for more detailed information on descending/ascending neurons",False,True
720575940627368723,"DNd_R; Part of comprehensive neck connective tracing, contact Connectomics Group Cambridge for more detailed information on descending/ascending neurons",False,True
720575940623110123,"DNd_R; Part of comprehensive neck connective tracing, contact Connectomics Group Cambridge for more detailed information on descending/ascending neurons",False,True
720575940611108676,"DNg_C; Part of comprehensive neck connective tracing, contact Connectomics Group Cambridge for more detailed information on descending/ascending neurons",False,False
720575940622237466,"DNg_C; Part of comprehensive neck connective tracing, contact Connectomics Group Cambridge for more detailed information on descending/ascending neurons",False,False
720575940630956345,"DNg_C; Part of comprehensive neck connective tracing, contact Connectomics Group Cambridge for more detailed information on descending/ascending neurons",False,False
720575940625489160,"DNg_C; Part of comprehensive neck connective tracing, contact Connectomics Group Cambridge for more detailed information on descending/ascending neurons",False,False
720575940616167986,"DNg_C; Part of comprehensive neck connective tracing, contact Connectomics Group Cambridge for more detailed information on descending/ascending neurons",False,False
720575940607384242,"DNg_C; Part of comprehensive neck connective tracing, contact Connectomics Group Cambridge for more detailed information on descending/ascending neurons",False,False
720575940659356545,"DNg_C; Part of comprehensive neck connective tracing, contact Connectomics Group Cambridge for more detailed information on descending/ascending neurons",False,False
720575940631110095,"DNg_C; Part of comprehensive neck connective tracing, contact Connectomics Group Cambridge for more detailed information on descending/ascending neurons",False,False
720575940627790991,"DNg_C; Part of comprehensive neck connective tracing, contact Connectomics Group Cambridge for more detailed information on descending/ascending neurons",False,False
720575940610440402,"DNg_L; Part of comprehensive neck connective tracing, contact Connectomics Group Cambridge for more detailed information on descending/ascending neurons",True,False
720575940614959675,"DNg_L; Part of comprehensive neck connective tracing, contact Connectomics Group Cambridge for more detailed information on descending/ascending neurons",True,False
720575940623446860,"DNg_L; Part of comprehensive neck connective tracing, contact Connectomics Group Cambridge for more detailed information on descending/ascending neurons",True,False
720575940638088511,"DNg_L; Part of comprehensive neck connective tracing, contact Connectomics Group Cambridge for more detailed information on descending/ascending neurons",True,False
720575940630033913,"DNg_L; Part of comprehensive neck connective tracing, contact Connectomics Group Cambridge for more detailed information on descending/ascending neurons",True,False
720575940630244060,"DNg_L; Part of comprehensive neck connective tracing, contact Connectomics Group Cambridge for more detailed information on descending/ascending neurons",True,False
720575940611552370,"DNg_L; Part of comprehensive neck connective tracing, contact Connectomics Group Cambridge for more detailed information on descending/ascending neurons",True,False
720575940613019541,"DNg_L; Part of comprehensive neck connective tracing, contact Connectomics Group Cambridge for more detailed information on descending/ascending neurons",True,False
720575940643837988,"DNg_L; Part of comprehensive neck connective tracing, contact Connectomics Group Cambridge for more detailed information on descending/ascending neurons",True,False
720575940619077755,"DNg_L; Part of comprehensive neck connective tracing, contact Connectomics Group Cambridge for more detailed information on descending/ascending neurons",True,False
720575940640723315,"DNg_L; Part of comprehensive neck connective tracing, contact Connectomics Group Cambridge for more detailed information on descending/ascending neurons",True,False
720575940602534112,"DNg_L; Part of comprehensive neck connective tracing, contact Connectomics Group Cambridge for more detailed information on descending/ascending neurons",True,False
720575940615108714,"DNg_L; Part of comprehensive neck connective tracing, contact Connectomics Group Cambridge for more detailed information on descending/ascending neurons",True,False
720575940631342073,"DNg_L; Part of comprehensive neck connective tracing, contact Connectomics Group Cambridge for more detailed information on descending/ascending neurons",True,False
720575940616185531,"DNg_L; Part of comprehensive neck connective tracing, contact Connectomics Group Cambridge for more detailed information on descending/ascending neurons",True,False
720575940605658033,"DNg_L; Part of comprehensive neck connective tracing, contact Connectomics Group Cambridge for more detailed information on descending/ascending neurons",True,False
720575940622500172,"DNg_L; Part of comprehensive neck connective tracing, contact Connectomics Group Cambridge for more detailed information on descending/ascending neurons",True,False
720575940631549202,"DNg_L; Part of comprehensive neck connective tracing, contact Connectomics Group Cambridge for more detailed information on descending/ascending neurons",True,False
720575940621817326,"DNg_L; Part of comprehensive neck connective tracing, contact Connectomics Group Cambridge for more detailed information on descending/ascending neurons",True,False
720575940620859630,"DNg_L; Part of comprehensive neck connective tracing, contact Connectomics Group Cambridge for more detailed information on descending/ascending neurons",True,False
720575940648180868,"DNg_L; Part of comprehensive neck connective tracing, contact Connectomics Group Cambridge for more detailed information on descending/ascending neurons",True,False
720575940611765201,"DNg_L; Part of comprehensive neck connective tracing, contact Connectomics Group Cambridge for more detailed information on descending/ascending neurons",True,False
720575940607761244,"DNg_L; Part of comprehensive neck connective tracing, contact Connectomics Group Cambridge for more detailed information on descending/ascending neurons",True,False
720575940626889491,"DNg_L; Part of comprehensive neck connective tracing, contact Connectomics Group Cambridge for more detailed information on descending/ascending neurons",True,False
720575940629806974,"DNg_L; Part of comprehensive neck connective tracing, contact Connectomics Group Cambridge for more detailed information on descending/ascending neurons",True,False
720575940631543414,"DNg_L; Part of comprehensive neck connective tracing, contact Connectomics Group Cambridge for more detailed information on descending/ascending neurons",True,False
720575940614909506,"DNg_L; Part of comprehensive neck connective tracing, contact Connectomics Group Cambridge for more detailed information on descending/ascending neurons",True,False
720575940633771745,"DNg_L; Part of comprehensive neck connective tracing, contact Connectomics Group Cambridge for more detailed information on descending/ascending neurons",True,False
720575940615659521,"DNg_L; Part of comprehensive neck connective tracing, contact Connectomics Group Cambridge for more detailed information on descending/ascending neurons",True,False
720575940628264585,"DNg_L; Part of comprehensive neck connective tracing, contact Connectomics Group Cambridge for more detailed information on descending/ascending neurons",True,False
720575940616935838,"DNg_L; Part of comprehensive neck connective tracing, contact Connectomics Group Cambridge for more detailed information on descending/ascending neurons",True,False
720575940621336852,"DNg_L; Part of comprehensive neck connective tracing, contact Connectomics Group Cambridge for more detailed information on descending/ascending neurons",True,False
720575940627303699,"DNg_L; Part of comprehensive neck connective tracing, contact Connectomics Group Cambridge for more detailed information on descending/ascending neurons",True,False
720575940632524559,"DNg_L; Part of comprehensive neck connective tracing, contact Connectomics Group Cambridge for more detailed information on descending/ascending neurons",True,False
720575940618086535,"DNg_L; Part of comprehensive neck connective tracing, contact Connectomics Group Cambridge for more detailed information on descending/ascending neurons",True,False
720575940629240263,"DNg_L; Part of comprehensive neck connective tracing, contact Connectomics Group Cambridge for more detailed information on descending/ascending neurons",True,False
720575940619530187,"DNg_L; Part of comprehensive neck connective tracing, contact Connectomics Group Cambridge for more detailed information on descending/ascending neurons",True,False
720575940613589167,"DNg_L; Part of comprehensive neck connective tracing, contact Connectomics Group Cambridge for more detailed information on descending/ascending neurons",True,False
720575940627419676,"DNg_L; Part of comprehensive neck connective tracing, contact Connectomics Group Cambridge for more detailed information on descending/ascending neurons",True,False
720575940621071495,"DNg_L; Part of comprehensive neck connective tracing, contact Connectomics Group Cambridge for more detailed information on descending/ascending neurons",True,False
720575940627107721,"DNg_L; Part of comprehensive neck connective tracing, contact Connectomics Group Cambridge for more detailed information on descending/ascending neurons",True,False
720575940630333911,"DNg_L; Part of comprehensive neck connective tracing, contact Connectomics Group Cambridge for more detailed information on descending/ascending neurons",True,False
720575940620915224,"DNg_L; Part of comprehensive neck connective tracing, contact Connectomics Group Cambridge for more detailed information on descending/ascending neurons",True,False
720575940627538434,"DNg_L; Part of comprehensive neck connective tracing, contact Connectomics Group Cambridge for more detailed information on descending/ascending neurons",True,False
720575940630808827,"DNg_L; Part of comprehensive neck connective tracing, contact Connectomics Group Cambridge for more detailed information on descending/ascending neurons",True,False
720575940622486644,"DNg_L; Part of comprehensive neck connective tracing, contact Connectomics Group Cambridge for more detailed information on descending/ascending neurons",True,False
720575940624333802,"DNg_L; Part of comprehensive neck connective tracing, contact Connectomics Group Cambridge for more detailed information on descending/ascending neurons",True,False
720575940615715003,"DNg_L; Part of comprehensive neck connective tracing, contact Connectomics Group Cambridge for more detailed information on descending/ascending neurons",True,False
720575940623776235,"DNg_L; Part of comprehensive neck connective tracing, contact Connectomics Group Cambridge for more detailed information on descending/ascending neurons",True,False
720575940638175558,"DNg_L; Part of comprehensive neck connective tracing, contact Connectomics Group Cambridge for more detailed information on descending/ascending neurons",True,False
720575940617950877,"DNg_L; Part of comprehensive neck connective tracing, contact Connectomics Group Cambridge for more detailed information on descending/ascending neurons",True,False
720575940622160560,"DNg_L; Part of comprehensive neck connective tracing, contact Connectomics Group Cambridge for more detailed information on descending/ascending neurons",True,False
720575940638094911,"DNg_L; Part of comprehensive neck connective tracing, contact Connectomics Group Cambridge for more detailed information on descending/ascending neurons",True,False
720575940627044885,"DNg_L; Part of comprehensive neck connective tracing, contact Connectomics Group Cambridge for more detailed information on descending/ascending neurons",True,False
720575940626179614,"DNg_L; Part of comprehensive neck connective tracing, contact Connectomics Group Cambridge for more detailed information on descending/ascending neurons",True,False
720575940628669545,"DNg_L; Part of comprehensive neck connective tracing, contact Connectomics Group Cambridge for more detailed information on descending/ascending neurons",True,False
720575940660229505,"DNg_L; Part of comprehensive neck connective tracing, contact Connectomics Group Cambridge for more detailed information on descending/ascending neurons",True,False
720575940617663093,"DNg_L; Part of comprehensive neck connective tracing, contact Connectomics Group Cambridge for more detailed information on descending/ascending neurons",True,False
720575940639726141,"DNg_L; Part of comprehensive neck connective tracing, contact Connectomics Group Cambridge for more detailed information on descending/ascending neurons",True,False
720575940639634304,"DNg_L; Part of comprehensive neck connective tracing, contact Connectomics Group Cambridge for more detailed information on descending/ascending neurons",True,False
720575940620300308,"DNg_L; Part of comprehensive neck connective tracing, contact Connectomics Group Cambridge for more detailed information on descending/ascending neurons",True,False
720575940636029807,"DNg_L; Part of comprehensive neck connective tracing, contact Connectomics Group Cambridge for more detailed information on descending/ascending neurons",True,False
720575940606222014,"DNg_L; Part of comprehensive neck connective tracing, contact Connectomics Group Cambridge for more detailed information on descending/ascending neurons",True,False
720575940620760692,"DNg_L; Part of comprehensive neck connective tracing, contact Connectomics Group Cambridge for more detailed information on descending/ascending neurons",True,False
720575940615378399,"DNg_L; Part of comprehensive neck connective tracing, contact Connectomics Group Cambridge for more detailed information on descending/ascending neurons",True,False
720575940631629160,"DNg_L; Part of comprehensive neck connective tracing, contact Connectomics Group Cambridge for more detailed information on descending/ascending neurons",True,False
720575940634862943,"DNg_L; Part of comprehensive neck connective tracing, contact Connectomics Group Cambridge for more detailed information on descending/ascending neurons",True,False
720575940632043576,"DNg_L; Part of comprehensive neck connective tracing, contact Connectomics Group Cambridge for more detailed information on descending/ascending neurons",True,False
720575940615023535,"DNg_L; Part of comprehensive neck connective tracing, contact Connectomics Group Cambridge for more detailed information on descending/ascending neurons",True,False
720575940627845704,"DNg_L; Part of comprehensive neck connective tracing, contact Connectomics Group Cambridge for more detailed information on descending/ascending neurons",True,False
720575940612603289,"DNg_L; Part of comprehensive neck connective tracing, contact Connectomics Group Cambridge for more detailed information on descending/ascending neurons",True,False
720575940628869648,"DNg_L; Part of comprehensive neck connective tracing, contact Connectomics Group Cambridge for more detailed information on descending/ascending neurons",True,False
720575940631545960,"DNg_L; Part of comprehensive neck connective tracing, contact Connectomics Group Cambridge for more detailed information on descending/ascending neurons",True,False
720575940627496829,vpoDN/pMN2,False,False
720575940627496829,vpoDN/pMN2,False,False
720575940629012227,"DNg_L; Part of comprehensive neck connective tracing, contact Connectomics Group Cambridge for more detailed information on descending/ascending neurons",True,False
720575940637603038,"DNg_L; Part of comprehensive neck connective tracing, contact Connectomics Group Cambridge for more detailed information on descending/ascending neurons",True,False
720575940627087646,"DNg_L; Part of comprehensive neck connective tracing, contact Connectomics Group Cambridge for more detailed information on descending/ascending neurons",True,False
720575940628225167,"DNg_L; Part of comprehensive neck connective tracing, contact Connectomics Group Cambridge for more detailed information on descending/ascending neurons",True,False
720575940634915691,"DNg_L; Part of comprehensive neck connective tracing, contact Connectomics Group Cambridge for more detailed information on descending/ascending neurons",True,False
720575940626888250,"DNg_L; Part of comprehensive neck connective tracing, contact Connectomics Group Cambridge for more detailed information on descending/ascending neurons",True,False
720575940609407939,"DNg_L; Part of comprehensive neck connective tracing, contact Connectomics Group Cambridge for more detailed information on descending/ascending neurons",True,False
720575940644653348,"DNg_L; Part of comprehensive neck connective tracing, contact Connectomics Group Cambridge for more detailed information on descending/ascending neurons",True,False
720575940631299855,"DNg_L; Part of comprehensive neck connective tracing, contact Connectomics Group Cambridge for more detailed information on descending/ascending neurons",True,False
720575940620470976,"DNg_L; Part of comprehensive neck connective tracing, contact Connectomics Group Cambridge for more detailed information on descending/ascending neurons",True,False
720575940617990228,"DNg_L; Part of comprehensive neck connective tracing, contact Connectomics Group Cambridge for more detailed information on descending/ascending neurons",True,False
720575940651932150,"DNg_L; Part of comprehensive neck connective tracing, contact Connectomics Group Cambridge for more detailed information on descending/ascending neurons",True,False
720575940612805118,"DNg_L; Part of comprehensive neck connective tracing, contact Connectomics Group Cambridge for more detailed information on descending/ascending neurons",True,False
720575940618658974,"DNg_L; Part of comprehensive neck connective tracing, contact Connectomics Group Cambridge for more detailed information on descending/ascending neurons",True,False
720575940607170178,"DNg_L; Part of comprehensive neck connective tracing, contact Connectomics Group Cambridge for more detailed information on descending/ascending neurons",True,False
720575940620564673,"DNg_L; Part of comprehensive neck connective tracing, contact Connectomics Group Cambridge for more detailed information on descending/ascending neurons",True,False
720575940616548416,"DNg_L; Part of comprehensive neck connective tracing, contact Connectomics Group Cambridge for more detailed information on descending/ascending neurons",True,False
720575940623968612,"DNg_L; Part of comprehensive neck connective tracing, contact Connectomics Group Cambridge for more detailed information on descending/ascending neurons",True,False
720575940619944513,"DNg_L; Part of comprehensive neck connective tracing, contact Connectomics Group Cambridge for more detailed information on descending/ascending neurons",True,False
720575940625343761,"DNg_L; Part of comprehensive neck connective tracing, contact Connectomics Group Cambridge for more detailed information on descending/ascending neurons",True,False
720575940612335539,"DNg_L; Part of comprehensive neck connective tracing, contact Connectomics Group Cambridge for more detailed information on descending/ascending neurons",True,False
720575940620622708,"DNg_L; Part of comprehensive neck connective tracing, contact Connectomics Group Cambridge for more detailed information on descending/ascending neurons",True,False
720575940636098367,"DNg_L; Part of comprehensive neck connective tracing, contact Connectomics Group Cambridge for more detailed information on descending/ascending neurons",True,False
720575940631855663,"DNg_L; Part of comprehensive neck connective tracing, contact Connectomics Group Cambridge for more detailed information on descending/ascending neurons",True,False
720575940641833869,"DNg_L; Part of comprehensive neck connective tracing, contact Connectomics Group Cambridge for more detailed information on descending/ascending neurons",True,False
720575940614384757,"DNg_L; Part of comprehensive neck connective tracing, contact Connectomics Group Cambridge for more detailed information on descending/ascending neurons",True,False
720575940639553920,"DNg_L; Part of comprehensive neck connective tracing, contact Connectomics Group Cambridge for more detailed information on descending/ascending neurons",True,False
720575940634599615,"DNg_L; Part of comprehensive neck connective tracing, contact Connectomics Group Cambridge for more detailed information on descending/ascending neurons",True,False
720575940641793440,"DNg_L; Part of comprehensive neck connective tracing, contact Connectomics Group Cambridge for more detailed information on descending/ascending neurons",True,False
720575940609260494,"DNg_L; Part of comprehensive neck connective tracing, contact Connectomics Group Cambridge for more detailed information on descending/ascending neurons",True,False
720575940632412333,"DNg_L; Part of comprehensive neck connective tracing, contact Connectomics Group Cambridge for more detailed information on descending/ascending neurons",True,False
720575940609844117,"DNg_L; Part of comprehensive neck connective tracing, contact Connectomics Group Cambridge for more detailed information on descending/ascending neurons",True,False
720575940644740256,"DNg_L; Part of comprehensive neck connective tracing, contact Connectomics Group Cambridge for more detailed information on descending/ascending neurons",True,False
720575940630480348,"DNg_L; Part of comprehensive neck connective tracing, contact Connectomics Group Cambridge for more detailed information on descending/ascending neurons",True,False
720575940623503318,"DNg_L; Part of comprehensive neck connective tracing, contact Connectomics Group Cambridge for more detailed information on descending/ascending neurons",True,False
720575940617432065,"DNg_L; Part of comprehensive neck connective tracing, contact Connectomics Group Cambridge for more detailed information on descending/ascending neurons",True,False
720575940617249254,"DNg_L; Part of comprehensive neck connective tracing, contact Connectomics Group Cambridge for more detailed information on descending/ascending neurons",True,False
720575940615505406,"DNg_L; Part of comprehensive neck connective tracing, contact Connectomics Group Cambridge for more detailed information on descending/ascending neurons",True,False
720575940617373268,"DNg_L; Part of comprehensive neck connective tracing, contact Connectomics Group Cambridge for more detailed information on descending/ascending neurons",True,False
720575940627826760,"DNg_L; Part of comprehensive neck connective tracing, contact Connectomics Group Cambridge for more detailed information on descending/ascending neurons",True,False
720575940620714150,"DNg_L; Part of comprehensive neck connective tracing, contact Connectomics Group Cambridge for more detailed information on descending/ascending neurons",True,False
720575940628436282,"DNg_L; Part of comprehensive neck connective tracing, contact Connectomics Group Cambridge for more detailed information on descending/ascending neurons",True,False
720575940631643532,"DNg_L; Part of comprehensive neck connective tracing, contact Connectomics Group Cambridge for more detailed information on descending/ascending neurons",True,False
720575940620082512,"DNg_L; Part of comprehensive neck connective tracing, contact Connectomics Group Cambridge for more detailed information on descending/ascending neurons",True,False
720575940622996579,"DNg_L; Part of comprehensive neck connective tracing, contact Connectomics Group Cambridge for more detailed information on descending/ascending neurons",True,False
720575940632934751,"DNg_L; Part of comprehensive neck connective tracing, contact Connectomics Group Cambridge for more detailed information on descending/ascending neurons",True,False
720575940629304702,"DNg_L; Part of comprehensive neck connective tracing, contact Connectomics Group Cambridge for more detailed information on descending/ascending neurons",True,False
720575940639152361,"DNg_L; Part of comprehensive neck connective tracing, contact Connectomics Group Cambridge for more detailed information on descending/ascending neurons",True,False
720575940621107847,"DNg_L; Part of comprehensive neck connective tracing, contact Connectomics Group Cambridge for more detailed information on descending/ascending neurons",True,False
720575940622263066,"DNg_L; Part of comprehensive neck connective tracing, contact Connectomics Group Cambridge for more detailed information on descending/ascending neurons",True,False
720575940628883535,"DNg_L; Part of comprehensive neck connective tracing, contact Connectomics Group Cambridge for more detailed information on descending/ascending neurons",True,False
720575940623338281,"DNg_L; Part of comprehensive neck connective tracing, contact Connectomics Group Cambridge for more detailed information on descending/ascending neurons",True,False
720575940620169607,"DNg_L; Part of comprehensive neck connective tracing, contact Connectomics Group Cambridge for more detailed information on descending/ascending neurons",True,False
720575940631721287,"DNg_L; Part of comprehensive neck connective tracing, contact Connectomics Group Cambridge for more detailed information on descending/ascending neurons",True,False
720575940609376707,"DNg_L; Part of comprehensive neck connective tracing, contact Connectomics Group Cambridge for more detailed information on descending/ascending neurons",True,False
720575940622027222,"DNg_L; Part of comprehensive neck connective tracing, contact Connectomics Group Cambridge for more detailed information on descending/ascending neurons",True,False
720575940628030440,"DNg_L; Part of comprehensive neck connective tracing, contact Connectomics Group Cambridge for more detailed information on descending/ascending neurons",True,False
720575940609948514,"DNg_L; Part of comprehensive neck connective tracing, contact Connectomics Group Cambridge for more detailed information on descending/ascending neurons",True,False
720575940619191966,"DNg_L; Part of comprehensive neck connective tracing, contact Connectomics Group Cambridge for more detailed information on descending/ascending neurons",True,False
720575940640486488,"DNg_L; Part of comprehensive neck connective tracing, contact Connectomics Group Cambridge for more detailed information on descending/ascending neurons",True,False
720575940624882151,"DNg_L; Part of comprehensive neck connective tracing, contact Connectomics Group Cambridge for more detailed information on descending/ascending neurons",True,False
720575940632960813,"DNg_L; Part of comprehensive neck connective tracing, contact Connectomics Group Cambridge for more detailed information on descending/ascending neurons",True,False
720575940629965708,"DNg_L; Part of comprehensive neck connective tracing, contact Connectomics Group Cambridge for more detailed information on descending/ascending neurons",True,False
720575940621339713,"DNg_L; Part of comprehensive neck connective tracing, contact Connectomics Group Cambridge for more detailed information on descending/ascending neurons",True,False
720575940621599604,"DNg_L; Part of comprehensive neck connective tracing, contact Connectomics Group Cambridge for more detailed information on descending/ascending neurons",True,False
720575940647228468,"DNg_L; Part of comprehensive neck connective tracing, contact Connectomics Group Cambridge for more detailed information on descending/ascending neurons",True,False
720575940630274459,"DNg_L; Part of comprehensive neck connective tracing, contact Connectomics Group Cambridge for more detailed information on descending/ascending neurons",True,False
720575940648188548,"DNg_L; Part of comprehensive neck connective tracing, contact Connectomics Group Cambridge for more detailed information on descending/ascending neurons",True,False
720575940630135084,"DNg_L; Part of comprehensive neck connective tracing, contact Connectomics Group Cambridge for more detailed information on descending/ascending neurons",True,False
720575940614187006,"DNg_L; Part of comprehensive neck connective tracing, contact Connectomics Group Cambridge for more detailed information on descending/ascending neurons",True,False
720575940632634532,"DNg_L; Part of comprehensive neck connective tracing, contact Connectomics Group Cambridge for more detailed information on descending/ascending neurons",True,False
720575940606112940,"DNg_L; Part of comprehensive neck connective tracing, contact Connectomics Group Cambridge for more detailed information on descending/ascending neurons",True,False
720575940633781217,"DNg_L; Part of comprehensive neck connective tracing, contact Connectomics Group Cambridge for more detailed information on descending/ascending neurons",True,False
720575940630505334,"DNg_L; Part of comprehensive neck connective tracing, contact Connectomics Group Cambridge for more detailed information on descending/ascending neurons",True,False
720575940634279543,"DNg_L; Part of comprehensive neck connective tracing, contact Connectomics Group Cambridge for more detailed information on descending/ascending neurons",True,False
720575940606425033,"DNg_L; Part of comprehensive neck connective tracing, contact Connectomics Group Cambridge for more detailed information on descending/ascending neurons",True,False
720575940629139968,"DNg_L; Part of comprehensive neck connective tracing, contact Connectomics Group Cambridge for more detailed information on descending/ascending neurons",True,False
720575940629472298,"DNg_L; Part of comprehensive neck connective tracing, contact Connectomics Group Cambridge for more detailed information on descending/ascending neurons",True,False
720575940644801060,"DNg_L; Part of comprehensive neck connective tracing, contact Connectomics Group Cambridge for more detailed information on descending/ascending neurons",True,False
720575940621121159,"DNg_L; Part of comprehensive neck connective tracing, contact Connectomics Group Cambridge for more detailed information on descending/ascending neurons",True,False
720575940638084149,"DNg_L; Part of comprehensive neck connective tracing, contact Connectomics Group Cambridge for more detailed information on descending/ascending neurons",True,False
720575940615495867,"DNg_L; Part of comprehensive neck connective tracing, contact Connectomics Group Cambridge for more detailed information on descending/ascending neurons",True,False
720575940606784265,"DNg_L; Part of comprehensive neck connective tracing, contact Connectomics Group Cambridge for more detailed information on descending/ascending neurons",True,False
720575940649829241,"DNg_L; Part of comprehensive neck connective tracing, contact Connectomics Group Cambridge for more detailed information on descending/ascending neurons",True,False
720575940632043320,"DNg_L; Part of comprehensive neck connective tracing, contact Connectomics Group Cambridge for more detailed information on descending/ascending neurons",True,False
720575940612376805,"DNg_L; Part of comprehensive neck connective tracing, contact Connectomics Group Cambridge for more detailed information on descending/ascending neurons",True,False
720575940626295396,"DNg_L; Part of comprehensive neck connective tracing, contact Connectomics Group Cambridge for more detailed information on descending/ascending neurons",True,False
720575940617296029,"DNg_L; Part of comprehensive neck connective tracing, contact Connectomics Group Cambridge for more detailed information on descending/ascending neurons",True,False
720575940659703937,"DNg_L; Part of comprehensive neck connective tracing, contact Connectomics Group Cambridge for more detailed information on descending/ascending neurons",True,False
720575940630119532,"DNg_L; Part of comprehensive neck connective tracing, contact Connectomics Group Cambridge for more detailed information on descending/ascending neurons",True,False
720575940611981029,"DNg_L; Part of comprehensive neck connective tracing, contact Connectomics Group Cambridge for more detailed information on descending/ascending neurons",True,False
720575940614736034,"DNg_L; Part of comprehensive neck connective tracing, contact Connectomics Group Cambridge for more detailed information on descending/ascending neurons",True,False
720575940610604078,"DNg_L; Part of comprehensive neck connective tracing, contact Connectomics Group Cambridge for more detailed information on descending/ascending neurons",True,False
720575940639118926,"DNg_L; Part of comprehensive neck connective tracing, contact Connectomics Group Cambridge for more detailed information on descending/ascending neurons",True,False
720575940647586948,"DNg_L; Part of comprehensive neck connective tracing, contact Connectomics Group Cambridge for more detailed information on descending/ascending neurons",True,False
720575940635166571,"DNg_L; Part of comprehensive neck connective tracing, contact Connectomics Group Cambridge for more detailed information on descending/ascending neurons",True,False
720575940621626394,"DNg_L; Part of comprehensive neck connective tracing, contact Connectomics Group Cambridge for more detailed information on descending/ascending neurons",True,False
720575940626068569,"DNg_L; Part of comprehensive neck connective tracing, contact Connectomics Group Cambridge for more detailed information on descending/ascending neurons",True,False
720575940628825348,"DNg_L; Part of comprehensive neck connective tracing, contact Connectomics Group Cambridge for more detailed information on descending/ascending neurons",True,False
720575940630990533,"DNg_L; Part of comprehensive neck connective tracing, contact Connectomics Group Cambridge for more detailed information on descending/ascending neurons",True,False
720575940610935410,"DNg_L; Part of comprehensive neck connective tracing, contact Connectomics Group Cambridge for more detailed information on descending/ascending neurons",True,False
720575940623543117,"DNg_L; Part of comprehensive neck connective tracing, contact Connectomics Group Cambridge for more detailed information on descending/ascending neurons",True,False
720575940614107554,"DNg_L; Part of comprehensive neck connective tracing, contact Connectomics Group Cambridge for more detailed information on descending/ascending neurons",True,False
720575940621002480,"DNg_L; Part of comprehensive neck connective tracing, contact Connectomics Group Cambridge for more detailed information on descending/ascending neurons",True,False
720575940649992569,"DNg_L; Part of comprehensive neck connective tracing, contact Connectomics Group Cambridge for more detailed information on descending/ascending neurons",True,False
720575940636104767,"DNg_L; Part of comprehensive neck connective tracing, contact Connectomics Group Cambridge for more detailed information on descending/ascending neurons",True,False
720575940615424966,"DNg_L; Part of comprehensive neck connective tracing, contact Connectomics Group Cambridge for more detailed information on descending/ascending neurons",True,False
720575940614181585,"DNg_L; Part of comprehensive neck connective tracing, contact Connectomics Group Cambridge for more detailed information on descending/ascending neurons",True,False
720575940639539840,"DNg_L; Part of comprehensive neck connective tracing, contact Connectomics Group Cambridge for more detailed information on descending/ascending neurons",True,False
720575940619372726,"DNg_L; Part of comprehensive neck connective tracing, contact Connectomics Group Cambridge for more detailed information on descending/ascending neurons",True,False
720575940619676598,"DNg_L; Part of comprehensive neck connective tracing, contact Connectomics Group Cambridge for more detailed information on descending/ascending neurons",True,False
720575940620110215,"DNg_L; Part of comprehensive neck connective tracing, contact Connectomics Group Cambridge for more detailed information on descending/ascending neurons",True,False
720575940625426469,"DNg_L; Part of comprehensive neck connective tracing, contact Connectomics Group Cambridge for more detailed information on descending/ascending neurons",True,False
720575940612288947,"DNg_L; Part of comprehensive neck connective tracing, contact Connectomics Group Cambridge for more detailed information on descending/ascending neurons",True,False
720575940634583694,"DNg_L; Part of comprehensive neck connective tracing, contact Connectomics Group Cambridge for more detailed information on descending/ascending neurons",True,False
720575940622929193,"DNg_L; Part of comprehensive neck connective tracing, contact Connectomics Group Cambridge for more detailed information on descending/ascending neurons",True,False
720575940631829059,"DNg_L; Part of comprehensive neck connective tracing, contact Connectomics Group Cambridge for more detailed information on descending/ascending neurons",True,False
720575940626027752,"DNg_L; Part of comprehensive neck connective tracing, contact Connectomics Group Cambridge for more detailed information on descending/ascending neurons",True,False
720575940647478148,"DNg_L; Part of comprehensive neck connective tracing, contact Connectomics Group Cambridge for more detailed information on descending/ascending neurons",True,False
720575940631061900,"DNg_L; Part of comprehensive neck connective tracing, contact Connectomics Group Cambridge for more detailed information on descending/ascending neurons",True,False
720575940630290536,"DNg_L; Part of comprehensive neck connective tracing, contact Connectomics Group Cambridge for more detailed information on descending/ascending neurons",True,False
720575940617296699,"DNg_L; Part of comprehensive neck connective tracing, contact Connectomics Group Cambridge for more detailed information on descending/ascending neurons",True,False
720575940621304004,"DNg_L; Part of comprehensive neck connective tracing, contact Connectomics Group Cambridge for more detailed information on descending/ascending neurons",True,False
720575940614682274,"DNg_L; Part of comprehensive neck connective tracing, contact Connectomics Group Cambridge for more detailed information on descending/ascending neurons",True,False
720575940623193293,"DNg_L; Part of comprehensive neck connective tracing, contact Connectomics Group Cambridge for more detailed information on descending/ascending neurons",True,False
720575940622728728,"DNg_L; Part of comprehensive neck connective tracing, contact Connectomics Group Cambridge for more detailed information on descending/ascending neurons",True,False
720575940617295321,"DNg_L; Part of comprehensive neck connective tracing, contact Connectomics Group Cambridge for more detailed information on descending/ascending neurons",True,False
720575940629742718,"DNg_L; Part of comprehensive neck connective tracing, contact Connectomics Group Cambridge for more detailed information on descending/ascending neurons",True,False
720575940626877639,"DNg_L; Part of comprehensive neck connective tracing, contact Connectomics Group Cambridge for more detailed information on descending/ascending neurons",True,False
720575940635587064,"DNg_L; Part of comprehensive neck connective tracing, contact Connectomics Group Cambridge for more detailed information on descending/ascending neurons",True,False
720575940638019184,"DNg_L; Part of comprehensive neck connective tracing, contact Connectomics Group Cambridge for more detailed information on descending/ascending neurons",True,False
720575940619910080,"DNg_L; Part of comprehensive neck connective tracing, contact Connectomics Group Cambridge for more detailed information on descending/ascending neurons",True,False
720575940613838289,"DNg_L; Part of comprehensive neck connective tracing, contact Connectomics Group Cambridge for more detailed information on descending/ascending neurons",True,False
720575940614075363,"DNg_L; Part of comprehensive neck connective tracing, contact Connectomics Group Cambridge for more detailed information on descending/ascending neurons",True,False
720575940627827697,"DNg_L; Part of comprehensive neck connective tracing, contact Connectomics Group Cambridge for more detailed information on descending/ascending neurons",True,False
720575940625144061,"DNg_L; Part of comprehensive neck connective tracing, contact Connectomics Group Cambridge for more detailed information on descending/ascending neurons",True,False
720575940616374667,"DNg_L; Part of comprehensive neck connective tracing, contact Connectomics Group Cambridge for more detailed information on descending/ascending neurons",True,False
720575940611807795,"DNg_L; Part of comprehensive neck connective tracing, contact Connectomics Group Cambridge for more detailed information on descending/ascending neurons",True,False
720575940626557442,"DNg_L; Part of comprehensive neck connective tracing, contact Connectomics Group Cambridge for more detailed information on descending/ascending neurons",True,False
720575940619038366,"DNg_L; Part of comprehensive neck connective tracing, contact Connectomics Group Cambridge for more detailed information on descending/ascending neurons",True,False
720575940615957663,"DNg_L; Part of comprehensive neck connective tracing, contact Connectomics Group Cambridge for more detailed information on descending/ascending neurons",True,False
720575940627731176,"DNg_L; Part of comprehensive neck connective tracing, contact Connectomics Group Cambridge for more detailed information on descending/ascending neurons",True,False
720575940617498507,"DNg_L; Part of comprehensive neck connective tracing, contact Connectomics Group Cambridge for more detailed information on descending/ascending neurons",True,False
720575940632037224,"DNg_L; Part of comprehensive neck connective tracing, contact Connectomics Group Cambridge for more detailed information on descending/ascending neurons",True,False
720575940617792069,"DNg_L; Part of comprehensive neck connective tracing, contact Connectomics Group Cambridge for more detailed information on descending/ascending neurons",True,False
720575940628993871,"DNg_L; Part of comprehensive neck connective tracing, contact Connectomics Group Cambridge for more detailed information on descending/ascending neurons",True,False
720575940641480949,"DNg_L; Part of comprehensive neck connective tracing, contact Connectomics Group Cambridge for more detailed information on descending/ascending neurons",True,False
720575940608716809,"DNg_L; Part of comprehensive neck connective tracing, contact Connectomics Group Cambridge for more detailed information on descending/ascending neurons",True,False
720575940625550398,"DNg_L; Part of comprehensive neck connective tracing, contact Connectomics Group Cambridge for more detailed information on descending/ascending neurons",True,False
720575940615030568,"DNg_L; Part of comprehensive neck connective tracing, contact Connectomics Group Cambridge for more detailed information on descending/ascending neurons",True,False
720575940628844712,"DNg_L; Part of comprehensive neck connective tracing, contact Connectomics Group Cambridge for more detailed information on descending/ascending neurons",True,False
720575940616498742,"DNg_L; Part of comprehensive neck connective tracing, contact Connectomics Group Cambridge for more detailed information on descending/ascending neurons",True,False
720575940617390641,"DNg_L; Part of comprehensive neck connective tracing, contact Connectomics Group Cambridge for more detailed information on descending/ascending neurons",True,False
720575940617922439,"DNg_L; Part of comprehensive neck connective tracing, contact Connectomics Group Cambridge for more detailed information on descending/ascending neurons",True,False
720575940632296519,"DNg_L; Part of comprehensive neck connective tracing, contact Connectomics Group Cambridge for more detailed information on descending/ascending neurons",True,False
720575940624229925,"DNg_L; Part of comprehensive neck connective tracing, contact Connectomics Group Cambridge for more detailed information on descending/ascending neurons",True,False
720575940614129617,"DNg_L; Part of comprehensive neck connective tracing, contact Connectomics Group Cambridge for more detailed information on descending/ascending neurons",True,False
720575940639425112,"DNg_L; Part of comprehensive neck connective tracing, contact Connectomics Group Cambridge for more detailed information on descending/ascending neurons",True,False
720575940613998860,"DNg_L; Part of comprehensive neck connective tracing, contact Connectomics Group Cambridge for more detailed information on descending/ascending neurons",True,False
720575940636186463,"DNg_L; Part of comprehensive neck connective tracing, contact Connectomics Group Cambridge for more detailed information on descending/ascending neurons",True,False
720575940631695841,"DNg_L; Part of comprehensive neck connective tracing, contact Connectomics Group Cambridge for more detailed information on descending/ascending neurons",True,False
720575940620149836,"DNg_L; Part of comprehensive neck connective tracing, contact Connectomics Group Cambridge for more detailed information on descending/ascending neurons",True,False
720575940633178508,"DNg_L; Part of comprehensive neck connective tracing, contact Connectomics Group Cambridge for more detailed information on descending/ascending neurons",True,False
720575940627167516,"DNg_L; Part of comprehensive neck connective tracing, contact Connectomics Group Cambridge for more detailed information on descending/ascending neurons",True,False
720575940630492714,"DNg_L; Part of comprehensive neck connective tracing, contact Connectomics Group Cambridge for more detailed information on descending/ascending neurons",True,False
720575940620017261,"DNg_L; Part of comprehensive neck connective tracing, contact Connectomics Group Cambridge for more detailed information on descending/ascending neurons",True,False
720575940623899082,"DNg_L; Part of comprehensive neck connective tracing, contact Connectomics Group Cambridge for more detailed information on descending/ascending neurons",True,False
720575940630829563,"DNg_L; Part of comprehensive neck connective tracing, contact Connectomics Group Cambridge for more detailed information on descending/ascending neurons",True,False
720575940623498876,"DNg_L; Part of comprehensive neck connective tracing, contact Connectomics Group Cambridge for more detailed information on descending/ascending neurons",True,False
720575940631090402,"DNg_L; Part of comprehensive neck connective tracing, contact Connectomics Group Cambridge for more detailed information on descending/ascending neurons",True,False
720575940630569413,"DNg_L; Part of comprehensive neck connective tracing, contact Connectomics Group Cambridge for more detailed information on descending/ascending neurons",True,False
720575940625047479,"DNg_L; Part of comprehensive neck connective tracing, contact Connectomics Group Cambridge for more detailed information on descending/ascending neurons",True,False
720575940628745209,"DNg_L; Part of comprehensive neck connective tracing, contact Connectomics Group Cambridge for more detailed information on descending/ascending neurons",True,False
720575940622806247,"DNg_L; Part of comprehensive neck connective tracing, contact Connectomics Group Cambridge for more detailed information on descending/ascending neurons",True,False
720575940631498925,"DNg_L; Part of comprehensive neck connective tracing, contact Connectomics Group Cambridge for more detailed information on descending/ascending neurons",True,False
720575940620595883,"DNg_L; Part of comprehensive neck connective tracing, contact Connectomics Group Cambridge for more detailed information on descending/ascending neurons",True,False
720575940625870640,"DNg_L; Part of comprehensive neck connective tracing, contact Connectomics Group Cambridge for more detailed information on descending/ascending neurons",True,False
720575940632877869,"DNg_L; Part of comprehensive neck connective tracing, contact Connectomics Group Cambridge for more detailed information on descending/ascending neurons",True,False
720575940622037926,"DNg_L; Part of comprehensive neck connective tracing, contact Connectomics Group Cambridge for more detailed information on descending/ascending neurons",True,False
720575940634782359,"DNg_L; Part of comprehensive neck connective tracing, contact Connectomics Group Cambridge for more detailed information on descending/ascending neurons",True,False
720575940629805950,"DNg_L; Part of comprehensive neck connective tracing, contact Connectomics Group Cambridge for more detailed information on descending/ascending neurons",True,False
720575940611735002,"DNg_L; Part of comprehensive neck connective tracing, contact Connectomics Group Cambridge for more detailed information on descending/ascending neurons",True,False
720575940618427156,"DNg_L; Part of comprehensive neck connective tracing, contact Connectomics Group Cambridge for more detailed information on descending/ascending neurons",True,False
720575940631283267,"DNg_L; Part of comprehensive neck connective tracing, contact Connectomics Group Cambridge for more detailed information on descending/ascending neurons",True,False
720575940612629210,"DNg_L; Part of comprehensive neck connective tracing, contact Connectomics Group Cambridge for more detailed information on descending/ascending neurons",True,False
720575940632161311,"DNg_L; Part of comprehensive neck connective tracing, contact Connectomics Group Cambridge for more detailed information on descending/ascending neurons",True,False
720575940635212139,"DNg_L; Part of comprehensive neck connective tracing, contact Connectomics Group Cambridge for more detailed information on descending/ascending neurons",True,False
720575940631632012,"DNg_L; Part of comprehensive neck connective tracing, contact Connectomics Group Cambridge for more detailed information on descending/ascending neurons",True,False
720575940627417619,"DNg_L; Part of comprehensive neck connective tracing, contact Connectomics Group Cambridge for more detailed information on descending/ascending neurons",True,False
720575940610863310,"DNg_L; Part of comprehensive neck connective tracing, contact Connectomics Group Cambridge for more detailed information on descending/ascending neurons",True,False
720575940637530084,"DNg_L; Part of comprehensive neck connective tracing, contact Connectomics Group Cambridge for more detailed information on descending/ascending neurons",True,False
720575940606866377,"DNg_L; Part of comprehensive neck connective tracing, contact Connectomics Group Cambridge for more detailed information on descending/ascending neurons",True,False
720575940623491987,"DNg_L; Part of comprehensive neck connective tracing, contact Connectomics Group Cambridge for more detailed information on descending/ascending neurons",True,False
720575940645834275,"DNg_L; Part of comprehensive neck connective tracing, contact Connectomics Group Cambridge for more detailed information on descending/ascending neurons",True,False
720575940605282406,"DNg_L; Part of comprehensive neck connective tracing, contact Connectomics Group Cambridge for more detailed information on descending/ascending neurons",True,False
720575940627414887,"DNg_L; Part of comprehensive neck connective tracing, contact Connectomics Group Cambridge for more detailed information on descending/ascending neurons",True,False
720575940625642302,"DNg_L; Part of comprehensive neck connective tracing, contact Connectomics Group Cambridge for more detailed information on descending/ascending neurons",True,False
720575940627234069,"DNg_L; Part of comprehensive neck connective tracing, contact Connectomics Group Cambridge for more detailed information on descending/ascending neurons",True,False
720575940612804862,"DNg_L; Part of comprehensive neck connective tracing, contact Connectomics Group Cambridge for more detailed information on descending/ascending neurons",True,False
720575940614588778,"DNg_L; Part of comprehensive neck connective tracing, contact Connectomics Group Cambridge for more detailed information on descending/ascending neurons",True,False
720575940619877396,"DNg_L; Part of comprehensive neck connective tracing, contact Connectomics Group Cambridge for more detailed information on descending/ascending neurons",True,False
720575940621640885,"DNg_L; Part of comprehensive neck connective tracing, contact Connectomics Group Cambridge for more detailed information on descending/ascending neurons",True,False
720575940622910188,"DNg_L; Part of comprehensive neck connective tracing, contact Connectomics Group Cambridge for more detailed information on descending/ascending neurons",True,False
720575940627003179,"DNg_L; Part of comprehensive neck connective tracing, contact Connectomics Group Cambridge for more detailed information on descending/ascending neurons",True,False
720575940622632084,"DNg_L; Part of comprehensive neck connective tracing, contact Connectomics Group Cambridge for more detailed information on descending/ascending neurons",True,False
720575940627828552,"DNg_L; Part of comprehensive neck connective tracing, contact Connectomics Group Cambridge for more detailed information on descending/ascending neurons",True,False
720575940615578043,"DNg_L; Part of comprehensive neck connective tracing, contact Connectomics Group Cambridge for more detailed information on descending/ascending neurons",True,False
720575940625253649,"DNg_L; Part of comprehensive neck connective tracing, contact Connectomics Group Cambridge for more detailed information on descending/ascending neurons",True,False
720575940631108559,"DNg_L; Part of comprehensive neck connective tracing, contact Connectomics Group Cambridge for more detailed information on descending/ascending neurons",True,False
720575940614642838,"DNg_L; Part of comprehensive neck connective tracing, contact Connectomics Group Cambridge for more detailed information on descending/ascending neurons",True,False
720575940618291520,"DNg_L; Part of comprehensive neck connective tracing, contact Connectomics Group Cambridge for more detailed information on descending/ascending neurons",True,False
720575940647964281,"DNg_L; Part of comprehensive neck connective tracing, contact Connectomics Group Cambridge for more detailed information on descending/ascending neurons",True,False
720575940625482954,"DNg_L; Part of comprehensive neck connective tracing, contact Connectomics Group Cambridge for more detailed information on descending/ascending neurons",True,False
720575940618594117,"DNg_L; Part of comprehensive neck connective tracing, contact Connectomics Group Cambridge for more detailed information on descending/ascending neurons",True,False
720575940626399588,"DNg_L; Part of comprehensive neck connective tracing, contact Connectomics Group Cambridge for more detailed information on descending/ascending neurons",True,False
720575940614089726,"DNg_L; Part of comprehensive neck connective tracing, contact Connectomics Group Cambridge for more detailed information on descending/ascending neurons",True,False
720575940634428058,"DNg_L; Part of comprehensive neck connective tracing, contact Connectomics Group Cambridge for more detailed information on descending/ascending neurons",True,False
720575940614165201,"DNg_L; Part of comprehensive neck connective tracing, contact Connectomics Group Cambridge for more detailed information on descending/ascending neurons",True,False
720575940634903915,"DNg_L; Part of comprehensive neck connective tracing, contact Connectomics Group Cambridge for more detailed information on descending/ascending neurons",True,False
720575940624986300,"DNg_L; Part of comprehensive neck connective tracing, contact Connectomics Group Cambridge for more detailed information on descending/ascending neurons",True,False
720575940626268761,"DNg_L; Part of comprehensive neck connective tracing, contact Connectomics Group Cambridge for more detailed information on descending/ascending neurons",True,False
720575940627691458,"DNg_L; Part of comprehensive neck connective tracing, contact Connectomics Group Cambridge for more detailed information on descending/ascending neurons",True,False
720575940628241628,"DNg_L; Part of comprehensive neck connective tracing, contact Connectomics Group Cambridge for more detailed information on descending/ascending neurons",True,False
720575940637966424,"DNg_L; Part of comprehensive neck connective tracing, contact Connectomics Group Cambridge for more detailed information on descending/ascending neurons",True,False
720575940628582607,"DNg_L; Part of comprehensive neck connective tracing, contact Connectomics Group Cambridge for more detailed information on descending/ascending neurons",True,False
720575940617554577,"DNg_L; Part of comprehensive neck connective tracing, contact Connectomics Group Cambridge for more detailed information on descending/ascending neurons",True,False
720575940632178892,"DNg_L; Part of comprehensive neck connective tracing, contact Connectomics Group Cambridge for more detailed information on descending/ascending neurons",True,False
720575940622478349,"DNg_L; Part of comprehensive neck connective tracing, contact Connectomics Group Cambridge for more detailed information on descending/ascending neurons",True,False
720575940638810677,"DNg_L; Part of comprehensive neck connective tracing, contact Connectomics Group Cambridge for more detailed information on descending/ascending neurons",True,False
720575940619751872,"DNg_L; Part of comprehensive neck connective tracing, contact Connectomics Group Cambridge for more detailed information on descending/ascending neurons",True,False
720575940625887207,"DNg_L; Part of comprehensive neck connective tracing, contact Connectomics Group Cambridge for more detailed information on descending/ascending neurons",True,False
720575940638989894,"DNg_L; Part of comprehensive neck connective tracing, contact Connectomics Group Cambridge for more detailed information on descending/ascending neurons",True,False
720575940626319235,"DNg_L; Part of comprehensive neck connective tracing, contact Connectomics Group Cambridge for more detailed information on descending/ascending neurons",True,False
720575940610872014,"DNg_L; Part of comprehensive neck connective tracing, contact Connectomics Group Cambridge for more detailed information on descending/ascending neurons",True,False
720575940606753884,"DNg_L; Part of comprehensive neck connective tracing, contact Connectomics Group Cambridge for more detailed information on descending/ascending neurons",True,False
720575940612586151,"DNg_L; Part of comprehensive neck connective tracing, contact Connectomics Group Cambridge for more detailed information on descending/ascending neurons",True,False
720575940615679282,"DNg_L; Part of comprehensive neck connective tracing, contact Connectomics Group Cambridge for more detailed information on descending/ascending neurons",True,False
720575940604727264,"DNg_L; Part of comprehensive neck connective tracing, contact Connectomics Group Cambridge for more detailed information on descending/ascending neurons",True,False
720575940623637226,"DNg_L; Part of comprehensive neck connective tracing, contact Connectomics Group Cambridge for more detailed information on descending/ascending neurons",True,False
720575940619434587,"DNg_L; Part of comprehensive neck connective tracing, contact Connectomics Group Cambridge for more detailed information on descending/ascending neurons",True,False
720575940628345610,"DNg_L; Part of comprehensive neck connective tracing, contact Connectomics Group Cambridge for more detailed information on descending/ascending neurons",True,False
720575940604470956,"DNg_L; Part of comprehensive neck connective tracing, contact Connectomics Group Cambridge for more detailed information on descending/ascending neurons",True,False
720575940630682618,"DNg_L; Part of comprehensive neck connective tracing, contact Connectomics Group Cambridge for more detailed information on descending/ascending neurons",True,False
720575940624748419,"DNg_L; Part of comprehensive neck connective tracing, contact Connectomics Group Cambridge for more detailed information on descending/ascending neurons",True,False
720575940626936324,"DNg_L; Part of comprehensive neck connective tracing, contact Connectomics Group Cambridge for more detailed information on descending/ascending neurons",True,False
720575940618876830,"DNg_L; Part of comprehensive neck connective tracing, contact Connectomics Group Cambridge for more detailed information on descending/ascending neurons",True,False
720575940621274845,"DNg_L; Part of comprehensive neck connective tracing, contact Connectomics Group Cambridge for more detailed information on descending/ascending neurons",True,False
720575940619332944,"DNg_L; Part of comprehensive neck connective tracing, contact Connectomics Group Cambridge for more detailed information on descending/ascending neurons",True,False
720575940628659049,"DNg_L; Part of comprehensive neck connective tracing, contact Connectomics Group Cambridge for more detailed information on descending/ascending neurons",True,False
720575940618393478,"DNg_L; Part of comprehensive neck connective tracing, contact Connectomics Group Cambridge for more detailed information on descending/ascending neurons",True,False
720575940618698411,"DNg_L; Part of comprehensive neck connective tracing, contact Connectomics Group Cambridge for more detailed information on descending/ascending neurons",True,False
720575940605513649,"DNg_L; Part of comprehensive neck connective tracing, contact Connectomics Group Cambridge for more detailed information on descending/ascending neurons",True,False
720575940615958203,"DNg_L; Part of comprehensive neck connective tracing, contact Connectomics Group Cambridge for more detailed information on descending/ascending neurons",True,False
720575940621530117,"DNg_L; Part of comprehensive neck connective tracing, contact Connectomics Group Cambridge for more detailed information on descending/ascending neurons",True,False
720575940623781611,"DNg_L; Part of comprehensive neck connective tracing, contact Connectomics Group Cambridge for more detailed information on descending/ascending neurons",True,False
720575940621471157,"DNg_L; Part of comprehensive neck connective tracing, contact Connectomics Group Cambridge for more detailed information on descending/ascending neurons",True,False
720575940611756723,"DNg_L; Part of comprehensive neck connective tracing, contact Connectomics Group Cambridge for more detailed information on descending/ascending neurons",True,False
720575940615898730,"DNg_L; Part of comprehensive neck connective tracing, contact Connectomics Group Cambridge for more detailed information on descending/ascending neurons",True,False
720575940622760269,"DNg_L; Part of comprehensive neck connective tracing, contact Connectomics Group Cambridge for more detailed information on descending/ascending neurons",True,False
720575940630808591,"DNg_L; Part of comprehensive neck connective tracing, contact Connectomics Group Cambridge for more detailed information on descending/ascending neurons",True,False
720575940631662648,"DNg_L; Part of comprehensive neck connective tracing, contact Connectomics Group Cambridge for more detailed information on descending/ascending neurons",True,False
720575940622565590,"DNg_L; Part of comprehensive neck connective tracing, contact Connectomics Group Cambridge for more detailed information on descending/ascending neurons",True,False
720575940635564896,"DNg_L; Part of comprehensive neck connective tracing, contact Connectomics Group Cambridge for more detailed information on descending/ascending neurons",True,False
720575940626834698,"DNg_L; Part of comprehensive neck connective tracing, contact Connectomics Group Cambridge for more detailed information on descending/ascending neurons",True,False
720575940622925972,"DNg_L; Part of comprehensive neck connective tracing, contact Connectomics Group Cambridge for more detailed information on descending/ascending neurons",True,False
720575940628467830,"DNg_L; Part of comprehensive neck connective tracing, contact Connectomics Group Cambridge for more detailed information on descending/ascending neurons",True,False
720575940611654570,"DNg_L; Part of comprehensive neck connective tracing, contact Connectomics Group Cambridge for more detailed information on descending/ascending neurons",True,False
720575940624131913,"DNg_L; Part of comprehensive neck connective tracing, contact Connectomics Group Cambridge for more detailed information on descending/ascending neurons",True,False
720575940641781133,"DNg_L; Part of comprehensive neck connective tracing, contact Connectomics Group Cambridge for more detailed information on descending/ascending neurons",True,False
720575940622386824,"DNg_L; Part of comprehensive neck connective tracing, contact Connectomics Group Cambridge for more detailed information on descending/ascending neurons",True,False
720575940633201400,"DNg_L; Part of comprehensive neck connective tracing, contact Connectomics Group Cambridge for more detailed information on descending/ascending neurons",True,False
720575940622161366,"DNg_L; Part of comprehensive neck connective tracing, contact Connectomics Group Cambridge for more detailed information on descending/ascending neurons",True,False
720575940638159472,"DNg_L; Part of comprehensive neck connective tracing, contact Connectomics Group Cambridge for more detailed information on descending/ascending neurons",True,False
720575940637424547,"DNg_L; Part of comprehensive neck connective tracing, contact Connectomics Group Cambridge for more detailed information on descending/ascending neurons",True,False
720575940645032068,"DNg_L; Part of comprehensive neck connective tracing, contact Connectomics Group Cambridge for more detailed information on descending/ascending neurons",True,False
720575940645032580,"DNg_L; Part of comprehensive neck connective tracing, contact Connectomics Group Cambridge for more detailed information on descending/ascending neurons",True,False
720575940615899622,"DNg_L; Part of comprehensive neck connective tracing, contact Connectomics Group Cambridge for more detailed information on descending/ascending neurons",True,False
720575940622195625,"DNg_L; Part of comprehensive neck connective tracing, contact Connectomics Group Cambridge for more detailed information on descending/ascending neurons",True,False
720575940612429743,"DNg_L; Part of comprehensive neck connective tracing, contact Connectomics Group Cambridge for more detailed information on descending/ascending neurons",True,False
720575940606342089,"DNg_L; Part of comprehensive neck connective tracing, contact Connectomics Group Cambridge for more detailed information on descending/ascending neurons",True,False
720575940623355114,"DNg_L; Part of comprehensive neck connective tracing, contact Connectomics Group Cambridge for more detailed information on descending/ascending neurons",True,False
720575940617031385,"DNg_L; Part of comprehensive neck connective tracing, contact Connectomics Group Cambridge for more detailed information on descending/ascending neurons",True,False
720575940656144289,"DNg_L; Part of comprehensive neck connective tracing, contact Connectomics Group Cambridge for more detailed information on descending/ascending neurons",True,False
720575940632573887,"DNg_L; Part of comprehensive neck connective tracing, contact Connectomics Group Cambridge for more detailed information on descending/ascending neurons",True,False
720575940631508598,"DNg_L; Part of comprehensive neck connective tracing, contact Connectomics Group Cambridge for more detailed information on descending/ascending neurons",True,False
720575940613917359,"DNg_L; Part of comprehensive neck connective tracing, contact Connectomics Group Cambridge for more detailed information on descending/ascending neurons",True,False
720575940626527055,"DNg_L; Part of comprehensive neck connective tracing, contact Connectomics Group Cambridge for more detailed information on descending/ascending neurons",True,False
720575940627285267,"DNg_L; Part of comprehensive neck connective tracing, contact Connectomics Group Cambridge for more detailed information on descending/ascending neurons",True,False
720575940631889965,"DNg_L; Part of comprehensive neck connective tracing, contact Connectomics Group Cambridge for more detailed information on descending/ascending neurons",True,False
720575940618548244,"DNg_L; Part of comprehensive neck connective tracing, contact Connectomics Group Cambridge for more detailed information on descending/ascending neurons",True,False
720575940633041503,"DNg_L; Part of comprehensive neck connective tracing, contact Connectomics Group Cambridge for more detailed information on descending/ascending neurons",True,False
720575940631987364,"DNg_L; Part of comprehensive neck connective tracing, contact Connectomics Group Cambridge for more detailed information on descending/ascending neurons",True,False
720575940625937340,"DNg_L; Part of comprehensive neck connective tracing, contact Connectomics Group Cambridge for more detailed information on descending/ascending neurons",True,False
720575940644751652,"DNg_L; Part of comprehensive neck connective tracing, contact Connectomics Group Cambridge for more detailed information on descending/ascending neurons",True,False
720575940611939290,"DNg_L; Part of comprehensive neck connective tracing, contact Connectomics Group Cambridge for more detailed information on descending/ascending neurons",True,False
720575940649809273,"DNg_L; Part of comprehensive neck connective tracing, contact Connectomics Group Cambridge for more detailed information on descending/ascending neurons",True,False
720575940611474925,"DNg_L; Part of comprehensive neck connective tracing, contact Connectomics Group Cambridge for more detailed information on descending/ascending neurons",True,False
720575940635222640,"DNg_L; Part of comprehensive neck connective tracing, contact Connectomics Group Cambridge for more detailed information on descending/ascending neurons",True,False
720575940608735241,"DNg_L; Part of comprehensive neck connective tracing, contact Connectomics Group Cambridge for more detailed information on descending/ascending neurons",True,False
720575940621325034,"DNg_L; Part of comprehensive neck connective tracing, contact Connectomics Group Cambridge for more detailed information on descending/ascending neurons",True,False
720575940624968013,"DNg_L; Part of comprehensive neck connective tracing, contact Connectomics Group Cambridge for more detailed information on descending/ascending neurons",True,False
720575940616076917,"DNg_L; Part of comprehensive neck connective tracing, contact Connectomics Group Cambridge for more detailed information on descending/ascending neurons",True,False
720575940637678653,"DNg_L; Part of comprehensive neck connective tracing, contact Connectomics Group Cambridge for more detailed information on descending/ascending neurons",True,False
720575940652104694,"DNg_L; Part of comprehensive neck connective tracing, contact Connectomics Group Cambridge for more detailed information on descending/ascending neurons",True,False
720575940613347299,"DNg_L; Part of comprehensive neck connective tracing, contact Connectomics Group Cambridge for more detailed information on descending/ascending neurons",True,False
720575940625963432,"DNg_L; Part of comprehensive neck connective tracing, contact Connectomics Group Cambridge for more detailed information on descending/ascending neurons",True,False
720575940627595772,"DNg_L; Part of comprehensive neck connective tracing, contact Connectomics Group Cambridge for more detailed information on descending/ascending neurons",True,False
720575940612922851,"DNg_L; Part of comprehensive neck connective tracing, contact Connectomics Group Cambridge for more detailed information on descending/ascending neurons",True,False
720575940616688286,"DNg_L; Part of comprehensive neck connective tracing, contact Connectomics Group Cambridge for more detailed information on descending/ascending neurons",True,False
720575940631518582,"DNg_L; Part of comprehensive neck connective tracing, contact Connectomics Group Cambridge for more detailed information on descending/ascending neurons",True,False
720575940634825879,"DNg_L; Part of comprehensive neck connective tracing, contact Connectomics Group Cambridge for more detailed information on descending/ascending neurons",True,False
720575940640194493,"DNg_L; Part of comprehensive neck connective tracing, contact Connectomics Group Cambridge for more detailed information on descending/ascending neurons",True,False
720575940623431571,"DNg_L; Part of comprehensive neck connective tracing, contact Connectomics Group Cambridge for more detailed information on descending/ascending neurons",True,False
720575940626799920,"DNg_L; Part of comprehensive neck connective tracing, contact Connectomics Group Cambridge for more detailed information on descending/ascending neurons",True,False
720575940621909739,"DNg_L; Part of comprehensive neck connective tracing, contact Connectomics Group Cambridge for more detailed information on descending/ascending neurons",True,False
720575940642027464,"DNg_L; Part of comprehensive neck connective tracing, contact Connectomics Group Cambridge for more detailed information on descending/ascending neurons",True,False
720575940628397138,"DNg_L; Part of comprehensive neck connective tracing, contact Connectomics Group Cambridge for more detailed information on descending/ascending neurons",True,False
720575940623222712,"DNg_L; Part of comprehensive neck connective tracing, contact Connectomics Group Cambridge for more detailed information on descending/ascending neurons",True,False
720575940633218444,"DNg_L; Part of comprehensive neck connective tracing, contact Connectomics Group Cambridge for more detailed information on descending/ascending neurons",True,False
720575940629438508,"DNg_L; Part of comprehensive neck connective tracing, contact Connectomics Group Cambridge for more detailed information on descending/ascending neurons",True,False
720575940624106388,"DNg_L; Part of comprehensive neck connective tracing, contact Connectomics Group Cambridge for more detailed information on descending/ascending neurons",True,False
720575940623132621,"DNg_L; Part of comprehensive neck connective tracing, contact Connectomics Group Cambridge for more detailed information on descending/ascending neurons",True,False
720575940622878719,"DNg_L; Part of comprehensive neck connective tracing, contact Connectomics Group Cambridge for more detailed information on descending/ascending neurons",True,False
720575940625314058,"DNg_L; Part of comprehensive neck connective tracing, contact Connectomics Group Cambridge for more detailed information on descending/ascending neurons",True,False
720575940631124076,"DNg_L; Part of comprehensive neck connective tracing, contact Connectomics Group Cambridge for more detailed information on descending/ascending neurons",True,False
720575940630289804,"DNg_R; Part of comprehensive neck connective tracing, contact Connectomics Group Cambridge for more detailed information on descending/ascending neurons",False,True
720575940627001637,"DNg_R; Part of comprehensive neck connective tracing, contact Connectomics Group Cambridge for more detailed information on descending/ascending neurons",False,True
720575940628942586,"DNg_R; Part of comprehensive neck connective tracing, contact Connectomics Group Cambridge for more detailed information on descending/ascending neurons",False,True
720575940643817888,"DNg_R; Part of comprehensive neck connective tracing, contact Connectomics Group Cambridge for more detailed information on descending/ascending neurons",False,True
720575940627850622,"DNg_R; Part of comprehensive neck connective tracing, contact Connectomics Group Cambridge for more detailed information on descending/ascending neurons",False,True
720575940626377349,"DNg_R; Part of comprehensive neck connective tracing, contact Connectomics Group Cambridge for more detailed information on descending/ascending neurons",False,True
720575940624082931,"DNg_R; Part of comprehensive neck connective tracing, contact Connectomics Group Cambridge for more detailed information on descending/ascending neurons",False,True
720575940622347784,"DNg_R; Part of comprehensive neck connective tracing, contact Connectomics Group Cambridge for more detailed information on descending/ascending neurons",False,True
720575940626904219,"DNg_R; Part of comprehensive neck connective tracing, contact Connectomics Group Cambridge for more detailed information on descending/ascending neurons",False,True
720575940605656521,"DNg_R; Part of comprehensive neck connective tracing, contact Connectomics Group Cambridge for more detailed information on descending/ascending neurons",False,True
720575940613668620,"DNg_R; Part of comprehensive neck connective tracing, contact Connectomics Group Cambridge for more detailed information on descending/ascending neurons",False,True
720575940618440943,"DNg_R; Part of comprehensive neck connective tracing, contact Connectomics Group Cambridge for more detailed information on descending/ascending neurons",False,True
720575940627021349,"DNg_R; Part of comprehensive neck connective tracing, contact Connectomics Group Cambridge for more detailed information on descending/ascending neurons",False,True
720575940614572906,"DNg_R; Part of comprehensive neck connective tracing, contact Connectomics Group Cambridge for more detailed information on descending/ascending neurons",False,True
720575940612014131,"DNg_R; Part of comprehensive neck connective tracing, contact Connectomics Group Cambridge for more detailed information on descending/ascending neurons",False,True
720575940626919579,"DNg_R; Part of comprehensive neck connective tracing, contact Connectomics Group Cambridge for more detailed information on descending/ascending neurons",False,True
720575940628800207,"DNg_R; Part of comprehensive neck connective tracing, contact Connectomics Group Cambridge for more detailed information on descending/ascending neurons",False,True
720575940613793170,"DNg_R; Part of comprehensive neck connective tracing, contact Connectomics Group Cambridge for more detailed information on descending/ascending neurons",False,True
720575940612698287,"DNg_R; Part of comprehensive neck connective tracing, contact Connectomics Group Cambridge for more detailed information on descending/ascending neurons",False,True
720575940607178709,"DNg_R; Part of comprehensive neck connective tracing, contact Connectomics Group Cambridge for more detailed information on descending/ascending neurons",False,True
720575940639088216,"DNg_R; Part of comprehensive neck connective tracing, contact Connectomics Group Cambridge for more detailed information on descending/ascending neurons",False,True
720575940629833020,"DNg_R; Part of comprehensive neck connective tracing, contact Connectomics Group Cambridge for more detailed information on descending/ascending neurons",False,True
720575940625422609,"DNg_R; Part of comprehensive neck connective tracing, contact Connectomics Group Cambridge for more detailed information on descending/ascending neurons",False,True
720575940634864026,"DNg_R; Part of comprehensive neck connective tracing, contact Connectomics Group Cambridge for more detailed information on descending/ascending neurons",False,True
720575940623706405,"DNg_R; Part of comprehensive neck connective tracing, contact Connectomics Group Cambridge for more detailed information on descending/ascending neurons",False,True
720575940621294218,"DNg_R; Part of comprehensive neck connective tracing, contact Connectomics Group Cambridge for more detailed information on descending/ascending neurons",False,True
720575940621082111,"DNg_R; Part of comprehensive neck connective tracing, contact Connectomics Group Cambridge for more detailed information on descending/ascending neurons",False,True
720575940617035449,"DNg_R; Part of comprehensive neck connective tracing, contact Connectomics Group Cambridge for more detailed information on descending/ascending neurons",False,True
720575940626088835,"DNg_R; Part of comprehensive neck connective tracing, contact Connectomics Group Cambridge for more detailed information on descending/ascending neurons",False,True
720575940614186449,"DNg_R; Part of comprehensive neck connective tracing, contact Connectomics Group Cambridge for more detailed information on descending/ascending neurons",False,True
720575940624967463,"DNg_R; Part of comprehensive neck connective tracing, contact Connectomics Group Cambridge for more detailed information on descending/ascending neurons",False,True
720575940631973207,"DNg_R; Part of comprehensive neck connective tracing, contact Connectomics Group Cambridge for more detailed information on descending/ascending neurons",False,True
720575940619928346,"DNg_R; Part of comprehensive neck connective tracing, contact Connectomics Group Cambridge for more detailed information on descending/ascending neurons",False,True
720575940621065301,"DNg_R; Part of comprehensive neck connective tracing, contact Connectomics Group Cambridge for more detailed information on descending/ascending neurons",False,True
720575940630221563,"DNg_R; Part of comprehensive neck connective tracing, contact Connectomics Group Cambridge for more detailed information on descending/ascending neurons",False,True
720575940626187014,"DNg_R; Part of comprehensive neck connective tracing, contact Connectomics Group Cambridge for more detailed information on descending/ascending neurons",False,True
720575940626278129,"DNg_R; Part of comprehensive neck connective tracing, contact Connectomics Group Cambridge for more detailed information on descending/ascending neurons",False,True
720575940640156301,"DNg_R; Part of comprehensive neck connective tracing, contact Connectomics Group Cambridge for more detailed information on descending/ascending neurons",False,True
720575940611462885,"DNg_R; Part of comprehensive neck connective tracing, contact Connectomics Group Cambridge for more detailed information on descending/ascending neurons",False,True
720575940637660733,"DNg_R; Part of comprehensive neck connective tracing, contact Connectomics Group Cambridge for more detailed information on descending/ascending neurons",False,True
720575940620404182,"DNg_R; Part of comprehensive neck connective tracing, contact Connectomics Group Cambridge for more detailed information on descending/ascending neurons",False,True
720575940639201443,"DNg_R; Part of comprehensive neck connective tracing, contact Connectomics Group Cambridge for more detailed information on descending/ascending neurons",False,True
720575940641305229,"DNg_R; Part of comprehensive neck connective tracing, contact Connectomics Group Cambridge for more detailed information on descending/ascending neurons",False,True
720575940622681864,"DNg_R; Part of comprehensive neck connective tracing, contact Connectomics Group Cambridge for more detailed information on descending/ascending neurons",False,True
720575940625345584,"DNg_R; Part of comprehensive neck connective tracing, contact Connectomics Group Cambridge for more detailed information on descending/ascending neurons",False,True
720575940614840715,"DNg_R; Part of comprehensive neck connective tracing, contact Connectomics Group Cambridge for more detailed information on descending/ascending neurons",False,True
720575940610348458,"DNg_R; Part of comprehensive neck connective tracing, contact Connectomics Group Cambridge for more detailed information on descending/ascending neurons",False,True
720575940609589443,"DNg_R; Part of comprehensive neck connective tracing, contact Connectomics Group Cambridge for more detailed information on descending/ascending neurons",False,True
720575940626229337,"DNg_R; Part of comprehensive neck connective tracing, contact Connectomics Group Cambridge for more detailed information on descending/ascending neurons",False,True
720575940642198747,"DNg_R; Part of comprehensive neck connective tracing, contact Connectomics Group Cambridge for more detailed information on descending/ascending neurons",False,True
720575940608838958,"DNg_R; Part of comprehensive neck connective tracing, contact Connectomics Group Cambridge for more detailed information on descending/ascending neurons",False,True
720575940653053601,"DNg_R; Part of comprehensive neck connective tracing, contact Connectomics Group Cambridge for more detailed information on descending/ascending neurons",False,True
720575940636254810,"DNg_R; Part of comprehensive neck connective tracing, contact Connectomics Group Cambridge for more detailed information on descending/ascending neurons",False,True
720575940632409130,"DNg_R; Part of comprehensive neck connective tracing, contact Connectomics Group Cambridge for more detailed information on descending/ascending neurons",False,True
720575940620328828,"DNg_R; Part of comprehensive neck connective tracing, contact Connectomics Group Cambridge for more detailed information on descending/ascending neurons",False,True
720575940627500279,"DNg_R; Part of comprehensive neck connective tracing, contact Connectomics Group Cambridge for more detailed information on descending/ascending neurons",False,True
720575940645534516,"DNg_R; Part of comprehensive neck connective tracing, contact Connectomics Group Cambridge for more detailed information on descending/ascending neurons",False,True
720575940615623051,"DNg_R; Part of comprehensive neck connective tracing, contact Connectomics Group Cambridge for more detailed information on descending/ascending neurons",False,True
720575940622147873,"DNg_R; Part of comprehensive neck connective tracing, contact Connectomics Group Cambridge for more detailed information on descending/ascending neurons",False,True
720575940618182480,"DNg_R; Part of comprehensive neck connective tracing, contact Connectomics Group Cambridge for more detailed information on descending/ascending neurons",False,True
720575940617074393,"DNg_R; Part of comprehensive neck connective tracing, contact Connectomics Group Cambridge for more detailed information on descending/ascending neurons",False,True
720575940631035603,"DNg_R; Part of comprehensive neck connective tracing, contact Connectomics Group Cambridge for more detailed information on descending/ascending neurons",False,True
720575940631593753,"DNg_R; Part of comprehensive neck connective tracing, contact Connectomics Group Cambridge for more detailed information on descending/ascending neurons",False,True
720575940616400470,"DNg_R; Part of comprehensive neck connective tracing, contact Connectomics Group Cambridge for more detailed information on descending/ascending neurons",False,True
720575940632302151,"DNg_R; Part of comprehensive neck connective tracing, contact Connectomics Group Cambridge for more detailed information on descending/ascending neurons",False,True
720575940623164685,"DNg_R; Part of comprehensive neck connective tracing, contact Connectomics Group Cambridge for more detailed information on descending/ascending neurons",False,True
720575940631982952,"DNg_R; Part of comprehensive neck connective tracing, contact Connectomics Group Cambridge for more detailed information on descending/ascending neurons",False,True
720575940626993694,"DNg_R; Part of comprehensive neck connective tracing, contact Connectomics Group Cambridge for more detailed information on descending/ascending neurons",False,True
720575940634198926,"DNg_R; Part of comprehensive neck connective tracing, contact Connectomics Group Cambridge for more detailed information on descending/ascending neurons",False,True
720575940637667443,"DNg_R; Part of comprehensive neck connective tracing, contact Connectomics Group Cambridge for more detailed information on descending/ascending neurons",False,True
720575940645045527,"DNg_R; Part of comprehensive neck connective tracing, contact Connectomics Group Cambridge for more detailed information on descending/ascending neurons",False,True
720575940629477675,"DNg_R; Part of comprehensive neck connective tracing, contact Connectomics Group Cambridge for more detailed information on descending/ascending neurons",False,True
720575940639705077,"DNg_R; Part of comprehensive neck connective tracing, contact Connectomics Group Cambridge for more detailed information on descending/ascending neurons",False,True
720575940620543025,"DNg_R; Part of comprehensive neck connective tracing, contact Connectomics Group Cambridge for more detailed information on descending/ascending neurons",False,True
720575940624394498,"DNg_R; Part of comprehensive neck connective tracing, contact Connectomics Group Cambridge for more detailed information on descending/ascending neurons",False,True
720575940632632607,"DNg_R; Part of comprehensive neck connective tracing, contact Connectomics Group Cambridge for more detailed information on descending/ascending neurons",False,True
720575940612366322,"DNg_R; Part of comprehensive neck connective tracing, contact Connectomics Group Cambridge for more detailed information on descending/ascending neurons",False,True
720575940611700520,"DNg_R; Part of comprehensive neck connective tracing, contact Connectomics Group Cambridge for more detailed information on descending/ascending neurons",False,True
720575940642926702,"DNg_R; Part of comprehensive neck connective tracing, contact Connectomics Group Cambridge for more detailed information on descending/ascending neurons",False,True
720575940628441862,"DNg_R; Part of comprehensive neck connective tracing, contact Connectomics Group Cambridge for more detailed information on descending/ascending neurons",False,True
720575940627814522,"DNg_R; Part of comprehensive neck connective tracing, contact Connectomics Group Cambridge for more detailed information on descending/ascending neurons",False,True
720575940612427414,"DNg_R; Part of comprehensive neck connective tracing, contact Connectomics Group Cambridge for more detailed information on descending/ascending neurons",False,True
720575940611531986,"DNg_R; Part of comprehensive neck connective tracing, contact Connectomics Group Cambridge for more detailed information on descending/ascending neurons",False,True
720575940611881139,"DNg_R; Part of comprehensive neck connective tracing, contact Connectomics Group Cambridge for more detailed information on descending/ascending neurons",False,True
720575940632458514,"DNg_R; Part of comprehensive neck connective tracing, contact Connectomics Group Cambridge for more detailed information on descending/ascending neurons",False,True
720575940608076739,"DNg_R; Part of comprehensive neck connective tracing, contact Connectomics Group Cambridge for more detailed information on descending/ascending neurons",False,True
720575940630059087,"DNg_R; Part of comprehensive neck connective tracing, contact Connectomics Group Cambridge for more detailed information on descending/ascending neurons",False,True
720575940632698541,"DNg_R; Part of comprehensive neck connective tracing, contact Connectomics Group Cambridge for more detailed information on descending/ascending neurons",False,True
720575940614352278,"DNg_R; Part of comprehensive neck connective tracing, contact Connectomics Group Cambridge for more detailed information on descending/ascending neurons",False,True
720575940604930481,"DNg_R; Part of comprehensive neck connective tracing, contact Connectomics Group Cambridge for more detailed information on descending/ascending neurons",False,True
720575940618147520,"DNg_R; Part of comprehensive neck connective tracing, contact Connectomics Group Cambridge for more detailed information on descending/ascending neurons",False,True
720575940620621190,"DNg_R; Part of comprehensive neck connective tracing, contact Connectomics Group Cambridge for more detailed information on descending/ascending neurons",False,True
720575940626732776,"DNg_R; Part of comprehensive neck connective tracing, contact Connectomics Group Cambridge for more detailed information on descending/ascending neurons",False,True
720575940641832333,"DNg_R; Part of comprehensive neck connective tracing, contact Connectomics Group Cambridge for more detailed information on descending/ascending neurons",False,True
720575940630695798,"DNg_R; Part of comprehensive neck connective tracing, contact Connectomics Group Cambridge for more detailed information on descending/ascending neurons",False,True
720575940619524852,"DNg_R; Part of comprehensive neck connective tracing, contact Connectomics Group Cambridge for more detailed information on descending/ascending neurons",False,True
720575940645047831,"DNg_R; Part of comprehensive neck connective tracing, contact Connectomics Group Cambridge for more detailed information on descending/ascending neurons",False,True
720575940633293025,"DNg_R; Part of comprehensive neck connective tracing, contact Connectomics Group Cambridge for more detailed information on descending/ascending neurons",False,True
720575940610001220,"DNg_R; Part of comprehensive neck connective tracing, contact Connectomics Group Cambridge for more detailed information on descending/ascending neurons",False,True
720575940628445169,"DNg_R; Part of comprehensive neck connective tracing, contact Connectomics Group Cambridge for more detailed information on descending/ascending neurons",False,True
720575940621923837,"DNg_R; Part of comprehensive neck connective tracing, contact Connectomics Group Cambridge for more detailed information on descending/ascending neurons",False,True
720575940618519454,"DNg_R; Part of comprehensive neck connective tracing, contact Connectomics Group Cambridge for more detailed information on descending/ascending neurons",False,True
720575940625306603,"DNg_R; Part of comprehensive neck connective tracing, contact Connectomics Group Cambridge for more detailed information on descending/ascending neurons",False,True
720575940634617952,"DNg_R; Part of comprehensive neck connective tracing, contact Connectomics Group Cambridge for more detailed information on descending/ascending neurons",False,True
720575940625182341,"DNg_R; Part of comprehensive neck connective tracing, contact Connectomics Group Cambridge for more detailed information on descending/ascending neurons",False,True
720575940609417995,"DNg_R; Part of comprehensive neck connective tracing, contact Connectomics Group Cambridge for more detailed information on descending/ascending neurons",False,True
720575940660269185,"DNg_R; Part of comprehensive neck connective tracing, contact Connectomics Group Cambridge for more detailed information on descending/ascending neurons",False,True
720575940635701655,"DNg_R; Part of comprehensive neck connective tracing, contact Connectomics Group Cambridge for more detailed information on descending/ascending neurons",False,True
720575940617993607,"DNg_R; Part of comprehensive neck connective tracing, contact Connectomics Group Cambridge for more detailed information on descending/ascending neurons",False,True
720575940618818395,"DNg_R; Part of comprehensive neck connective tracing, contact Connectomics Group Cambridge for more detailed information on descending/ascending neurons",False,True
720575940628125715,"DNg_R; Part of comprehensive neck connective tracing, contact Connectomics Group Cambridge for more detailed information on descending/ascending neurons",False,True
720575940622933765,"DNg_R; Part of comprehensive neck connective tracing, contact Connectomics Group Cambridge for more detailed information on descending/ascending neurons",False,True
720575940624750480,"DNg_R; Part of comprehensive neck connective tracing, contact Connectomics Group Cambridge for more detailed information on descending/ascending neurons",False,True
720575940611956197,"DNg_R; Part of comprehensive neck connective tracing, contact Connectomics Group Cambridge for more detailed information on descending/ascending neurons",False,True
720575940647560500,"DNg_R; Part of comprehensive neck connective tracing, contact Connectomics Group Cambridge for more detailed information on descending/ascending neurons",False,True
720575940628387663,"DNg_R; Part of comprehensive neck connective tracing, contact Connectomics Group Cambridge for more detailed information on descending/ascending neurons",False,True
720575940618051801,"DNg_R; Part of comprehensive neck connective tracing, contact Connectomics Group Cambridge for more detailed information on descending/ascending neurons",False,True
720575940624484796,"DNg_R; Part of comprehensive neck connective tracing, contact Connectomics Group Cambridge for more detailed information on descending/ascending neurons",False,True
720575940614843275,"DNg_R; Part of comprehensive neck connective tracing, contact Connectomics Group Cambridge for more detailed information on descending/ascending neurons",False,True
720575940623918121,"DNg_R; Part of comprehensive neck connective tracing, contact Connectomics Group Cambridge for more detailed information on descending/ascending neurons",False,True
720575940644659236,"DNg_R; Part of comprehensive neck connective tracing, contact Connectomics Group Cambridge for more detailed information on descending/ascending neurons",False,True
720575940614342038,"DNg_R; Part of comprehensive neck connective tracing, contact Connectomics Group Cambridge for more detailed information on descending/ascending neurons",False,True
720575940631469452,"DNg_R; Part of comprehensive neck connective tracing, contact Connectomics Group Cambridge for more detailed information on descending/ascending neurons",False,True
720575940644467360,"DNg_R; Part of comprehensive neck connective tracing, contact Connectomics Group Cambridge for more detailed information on descending/ascending neurons",False,True
720575940626849546,"DNg_R; Part of comprehensive neck connective tracing, contact Connectomics Group Cambridge for more detailed information on descending/ascending neurons",False,True
720575940608960722,"DNg_R; Part of comprehensive neck connective tracing, contact Connectomics Group Cambridge for more detailed information on descending/ascending neurons",False,True
720575940620541099,"DNg_R; Part of comprehensive neck connective tracing, contact Connectomics Group Cambridge for more detailed information on descending/ascending neurons",False,True
720575940618663838,"DNg_R; Part of comprehensive neck connective tracing, contact Connectomics Group Cambridge for more detailed information on descending/ascending neurons",False,True
720575940637870510,"DNg_R; Part of comprehensive neck connective tracing, contact Connectomics Group Cambridge for more detailed information on descending/ascending neurons",False,True
720575940632355885,"DNg_R; Part of comprehensive neck connective tracing, contact Connectomics Group Cambridge for more detailed information on descending/ascending neurons",False,True
720575940623137212,"DNg_R; Part of comprehensive neck connective tracing, contact Connectomics Group Cambridge for more detailed information on descending/ascending neurons",False,True
720575940646764579,"DNg_R; Part of comprehensive neck connective tracing, contact Connectomics Group Cambridge for more detailed information on descending/ascending neurons",False,True
720575940620929483,"DNg_R; Part of comprehensive neck connective tracing, contact Connectomics Group Cambridge for more detailed information on descending/ascending neurons",False,True
720575940618762605,"DNg_R; Part of comprehensive neck connective tracing, contact Connectomics Group Cambridge for more detailed information on descending/ascending neurons",False,True
720575940613686954,"DNg_R; Part of comprehensive neck connective tracing, contact Connectomics Group Cambridge for more detailed information on descending/ascending neurons",False,True
720575940621767306,"DNg_R; Part of comprehensive neck connective tracing, contact Connectomics Group Cambridge for more detailed information on descending/ascending neurons",False,True
720575940619133878,"DNg_R; Part of comprehensive neck connective tracing, contact Connectomics Group Cambridge for more detailed information on descending/ascending neurons",False,True
720575940631959097,"DNg_R; Part of comprehensive neck connective tracing, contact Connectomics Group Cambridge for more detailed information on descending/ascending neurons",False,True
720575940620135645,"DNg_R; Part of comprehensive neck connective tracing, contact Connectomics Group Cambridge for more detailed information on descending/ascending neurons",False,True
720575940619024542,"DNg_R; Part of comprehensive neck connective tracing, contact Connectomics Group Cambridge for more detailed information on descending/ascending neurons",False,True
720575940638623165,"DNg_R; Part of comprehensive neck connective tracing, contact Connectomics Group Cambridge for more detailed information on descending/ascending neurons",False,True
720575940612019825,"DNg_R; Part of comprehensive neck connective tracing, contact Connectomics Group Cambridge for more detailed information on descending/ascending neurons",False,True
720575940632041247,"DNg_R; Part of comprehensive neck connective tracing, contact Connectomics Group Cambridge for more detailed information on descending/ascending neurons",False,True
720575940622332403,"DNg_R; Part of comprehensive neck connective tracing, contact Connectomics Group Cambridge for more detailed information on descending/ascending neurons",False,True
720575940625872688,"DNg_R; Part of comprehensive neck connective tracing, contact Connectomics Group Cambridge for more detailed information on descending/ascending neurons",False,True
720575940630839371,"DNg_R; Part of comprehensive neck connective tracing, contact Connectomics Group Cambridge for more detailed information on descending/ascending neurons",False,True
720575940644542880,"DNg_R; Part of comprehensive neck connective tracing, contact Connectomics Group Cambridge for more detailed information on descending/ascending neurons",False,True
720575940621246068,"DNg_R; Part of comprehensive neck connective tracing, contact Connectomics Group Cambridge for more detailed information on descending/ascending neurons",False,True
720575940604783136,"DNg_R; Part of comprehensive neck connective tracing, contact Connectomics Group Cambridge for more detailed information on descending/ascending neurons",False,True
720575940636333710,"DNg_R; Part of comprehensive neck connective tracing, contact Connectomics Group Cambridge for more detailed information on descending/ascending neurons",False,True
720575940628378440,"DNg_R; Part of comprehensive neck connective tracing, contact Connectomics Group Cambridge for more detailed information on descending/ascending neurons",False,True
720575940623033532,"DNg_R; Part of comprehensive neck connective tracing, contact Connectomics Group Cambridge for more detailed information on descending/ascending neurons",False,True
720575940613929391,"DNg_R; Part of comprehensive neck connective tracing, contact Connectomics Group Cambridge for more detailed information on descending/ascending neurons",False,True
720575940610231509,"DNg_R; Part of comprehensive neck connective tracing, contact Connectomics Group Cambridge for more detailed information on descending/ascending neurons",False,True
720575940636761926,"DNg_R; Part of comprehensive neck connective tracing, contact Connectomics Group Cambridge for more detailed information on descending/ascending neurons",False,True
720575940635179871,"DNg_R; Part of comprehensive neck connective tracing, contact Connectomics Group Cambridge for more detailed information on descending/ascending neurons",False,True
720575940613816062,"DNg_R; Part of comprehensive neck connective tracing, contact Connectomics Group Cambridge for more detailed information on descending/ascending neurons",False,True
720575940632620991,"DNg_R; Part of comprehensive neck connective tracing, contact Connectomics Group Cambridge for more detailed information on descending/ascending neurons",False,True
720575940615671106,"DNg_R; Part of comprehensive neck connective tracing, contact Connectomics Group Cambridge for more detailed information on descending/ascending neurons",False,True
720575940637501784,"DNg_R; Part of comprehensive neck connective tracing, contact Connectomics Group Cambridge for more detailed information on descending/ascending neurons",False,True
720575940630803727,"DNg_R; Part of comprehensive neck connective tracing, contact Connectomics Group Cambridge for more detailed information on descending/ascending neurons",False,True
720575940611225237,"DNg_R; Part of comprehensive neck connective tracing, contact Connectomics Group Cambridge for more detailed information on descending/ascending neurons",False,True
720575940612427670,"DNg_R; Part of comprehensive neck connective tracing, contact Connectomics Group Cambridge for more detailed information on descending/ascending neurons",False,True
720575940618947956,"DNg_R; Part of comprehensive neck connective tracing, contact Connectomics Group Cambridge for more detailed information on descending/ascending neurons",False,True
720575940621181066,"DNg_R; Part of comprehensive neck connective tracing, contact Connectomics Group Cambridge for more detailed information on descending/ascending neurons",False,True
720575940616353675,"DNg_R; Part of comprehensive neck connective tracing, contact Connectomics Group Cambridge for more detailed information on descending/ascending neurons",False,True
720575940622042603,"DNg_R; Part of comprehensive neck connective tracing, contact Connectomics Group Cambridge for more detailed information on descending/ascending neurons",False,True
720575940618405686,"DNg_R; Part of comprehensive neck connective tracing, contact Connectomics Group Cambridge for more detailed information on descending/ascending neurons",False,True
720575940628659305,"DNg_R; Part of comprehensive neck connective tracing, contact Connectomics Group Cambridge for more detailed information on descending/ascending neurons",False,True
720575940625890888,"DNg_R; Part of comprehensive neck connective tracing, contact Connectomics Group Cambridge for more detailed information on descending/ascending neurons",False,True
720575940616471052,"DNg_R; Part of comprehensive neck connective tracing, contact Connectomics Group Cambridge for more detailed information on descending/ascending neurons",False,True
720575940613535554,"DNg_R; Part of comprehensive neck connective tracing, contact Connectomics Group Cambridge for more detailed information on descending/ascending neurons",False,True
720575940627825923,"DNg_R; Part of comprehensive neck connective tracing, contact Connectomics Group Cambridge for more detailed information on descending/ascending neurons",False,True
720575940630810486,"DNg_R; Part of comprehensive neck connective tracing, contact Connectomics Group Cambridge for more detailed information on descending/ascending neurons",False,True
720575940631270162,"DNg_R; Part of comprehensive neck connective tracing, contact Connectomics Group Cambridge for more detailed information on descending/ascending neurons",False,True
720575940631282194,"DNg_R; Part of comprehensive neck connective tracing, contact Connectomics Group Cambridge for more detailed information on descending/ascending neurons",False,True
720575940625353736,"DNg_R; Part of comprehensive neck connective tracing, contact Connectomics Group Cambridge for more detailed information on descending/ascending neurons",False,True
720575940616597334,"DNg_R; Part of comprehensive neck connective tracing, contact Connectomics Group Cambridge for more detailed information on descending/ascending neurons",False,True
720575940624991495,"DNg_R; Part of comprehensive neck connective tracing, contact Connectomics Group Cambridge for more detailed information on descending/ascending neurons",False,True
720575940630697078,"DNg_R; Part of comprehensive neck connective tracing, contact Connectomics Group Cambridge for more detailed information on descending/ascending neurons",False,True
720575940621319156,"DNg_R; Part of comprehensive neck connective tracing, contact Connectomics Group Cambridge for more detailed information on descending/ascending neurons",False,True
720575940624015287,"DNg_R; Part of comprehensive neck connective tracing, contact Connectomics Group Cambridge for more detailed information on descending/ascending neurons",False,True
720575940626672058,"DNg_R; Part of comprehensive neck connective tracing, contact Connectomics Group Cambridge for more detailed information on descending/ascending neurons",False,True
720575940642545883,"DNg_R; Part of comprehensive neck connective tracing, contact Connectomics Group Cambridge for more detailed information on descending/ascending neurons",False,True
720575940607451081,"DNg_R; Part of comprehensive neck connective tracing, contact Connectomics Group Cambridge for more detailed information on descending/ascending neurons",False,True
720575940626085562,"DNg_R; Part of comprehensive neck connective tracing, contact Connectomics Group Cambridge for more detailed information on descending/ascending neurons",False,True
720575940627490459,"DNg_R; Part of comprehensive neck connective tracing, contact Connectomics Group Cambridge for more detailed information on descending/ascending neurons",False,True
720575940617477022,"DNg_R; Part of comprehensive neck connective tracing, contact Connectomics Group Cambridge for more detailed information on descending/ascending neurons",False,True
720575940621586473,"DNg_R; Part of comprehensive neck connective tracing, contact Connectomics Group Cambridge for more detailed information on descending/ascending neurons",False,True
720575940625396252,"DNg_R; Part of comprehensive neck connective tracing, contact Connectomics Group Cambridge for more detailed information on descending/ascending neurons",False,True
720575940616376287,"DNg_R; Part of comprehensive neck connective tracing, contact Connectomics Group Cambridge for more detailed information on descending/ascending neurons",False,True
720575940621566844,"DNg_R; Part of comprehensive neck connective tracing, contact Connectomics Group Cambridge for more detailed information on descending/ascending neurons",False,True
720575940618827910,"DNg_R; Part of comprehensive neck connective tracing, contact Connectomics Group Cambridge for more detailed information on descending/ascending neurons",False,True
720575940610091955,"DNg_R; Part of comprehensive neck connective tracing, contact Connectomics Group Cambridge for more detailed information on descending/ascending neurons",False,True
720575940620632369,"DNg_R; Part of comprehensive neck connective tracing, contact Connectomics Group Cambridge for more detailed information on descending/ascending neurons",False,True
720575940610309034,"DNg_R; Part of comprehensive neck connective tracing, contact Connectomics Group Cambridge for more detailed information on descending/ascending neurons",False,True
720575940624651189,"DNg_R; Part of comprehensive neck connective tracing, contact Connectomics Group Cambridge for more detailed information on descending/ascending neurons",False,True
720575940620473547,"DNg_R; Part of comprehensive neck connective tracing, contact Connectomics Group Cambridge for more detailed information on descending/ascending neurons",False,True
720575940626901136,"DNg_R; Part of comprehensive neck connective tracing, contact Connectomics Group Cambridge for more detailed information on descending/ascending neurons",False,True
720575940629521655,"DNg_R; Part of comprehensive neck connective tracing, contact Connectomics Group Cambridge for more detailed information on descending/ascending neurons",False,True
720575940627812168,"DNg_R; Part of comprehensive neck connective tracing, contact Connectomics Group Cambridge for more detailed information on descending/ascending neurons",False,True
720575940638664355,"DNg_R; Part of comprehensive neck connective tracing, contact Connectomics Group Cambridge for more detailed information on descending/ascending neurons",False,True
720575940606702601,"DNg_R; Part of comprehensive neck connective tracing, contact Connectomics Group Cambridge for more detailed information on descending/ascending neurons",False,True
720575940627015196,"DNg_R; Part of comprehensive neck connective tracing, contact Connectomics Group Cambridge for more detailed information on descending/ascending neurons",False,True
720575940623426854,"DNg_R; Part of comprehensive neck connective tracing, contact Connectomics Group Cambridge for more detailed information on descending/ascending neurons",False,True
720575940644473760,"DNg_R; Part of comprehensive neck connective tracing, contact Connectomics Group Cambridge for more detailed information on descending/ascending neurons",False,True
720575940620298772,"DNg_R; Part of comprehensive neck connective tracing, contact Connectomics Group Cambridge for more detailed information on descending/ascending neurons",False,True
720575940627099338,"DNg_R; Part of comprehensive neck connective tracing, contact Connectomics Group Cambridge for more detailed information on descending/ascending neurons",False,True
720575940611772083,"DNg_R; Part of comprehensive neck connective tracing, contact Connectomics Group Cambridge for more detailed information on descending/ascending neurons",False,True
720575940615666655,"DNg_R; Part of comprehensive neck connective tracing, contact Connectomics Group Cambridge for more detailed information on descending/ascending neurons",False,True
720575940626730883,"DNg_R; Part of comprehensive neck connective tracing, contact Connectomics Group Cambridge for more detailed information on descending/ascending neurons",False,True
720575940650282742,"DNg_R; Part of comprehensive neck connective tracing, contact Connectomics Group Cambridge for more detailed information on descending/ascending neurons",False,True
720575940623626986,"DNg_R; Part of comprehensive neck connective tracing, contact Connectomics Group Cambridge for more detailed information on descending/ascending neurons",False,True
720575940628360723,"DNg_R; Part of comprehensive neck connective tracing, contact Connectomics Group Cambridge for more detailed information on descending/ascending neurons",False,True
720575940624280066,"DNg_R; Part of comprehensive neck connective tracing, contact Connectomics Group Cambridge for more detailed information on descending/ascending neurons",False,True
720575940612028017,"DNg_R; Part of comprehensive neck connective tracing, contact Connectomics Group Cambridge for more detailed information on descending/ascending neurons",False,True
720575940639802685,"DNg_R; Part of comprehensive neck connective tracing, contact Connectomics Group Cambridge for more detailed information on descending/ascending neurons",False,True
720575940621021278,"DNg_R; Part of comprehensive neck connective tracing, contact Connectomics Group Cambridge for more detailed information on descending/ascending neurons",False,True
720575940610610841,"DNg_R; Part of comprehensive neck connective tracing, contact Connectomics Group Cambridge for more detailed information on descending/ascending neurons",False,True
720575940625047815,"DNg_R; Part of comprehensive neck connective tracing, contact Connectomics Group Cambridge for more detailed information on descending/ascending neurons",False,True
720575940614046395,"DNg_R; Part of comprehensive neck connective tracing, contact Connectomics Group Cambridge for more detailed information on descending/ascending neurons",False,True
720575940612036837,"DNg_R; Part of comprehensive neck connective tracing, contact Connectomics Group Cambridge for more detailed information on descending/ascending neurons",False,True
720575940633529548,"DNg_R; Part of comprehensive neck connective tracing, contact Connectomics Group Cambridge for more detailed information on descending/ascending neurons",False,True
720575940625641402,"DNg_R; Part of comprehensive neck connective tracing, contact Connectomics Group Cambridge for more detailed information on descending/ascending neurons",False,True
720575940623128269,"DNg_R; Part of comprehensive neck connective tracing, contact Connectomics Group Cambridge for more detailed information on descending/ascending neurons",False,True
720575940634207087,"DNg_R; Part of comprehensive neck connective tracing, contact Connectomics Group Cambridge for more detailed information on descending/ascending neurons",False,True
720575940627847752,"DNg_R; Part of comprehensive neck connective tracing, contact Connectomics Group Cambridge for more detailed information on descending/ascending neurons",False,True
720575940617918021,"DNg_R; Part of comprehensive neck connective tracing, contact Connectomics Group Cambridge for more detailed information on descending/ascending neurons",False,True
720575940660220289,"DNg_R; Part of comprehensive neck connective tracing, contact Connectomics Group Cambridge for more detailed information on descending/ascending neurons",False,True
720575940614014895,"DNg_R; Part of comprehensive neck connective tracing, contact Connectomics Group Cambridge for more detailed information on descending/ascending neurons",False,True
720575940611813842,"DNg_R; Part of comprehensive neck connective tracing, contact Connectomics Group Cambridge for more detailed information on descending/ascending neurons",False,True
720575940632407826,"DNg_R; Part of comprehensive neck connective tracing, contact Connectomics Group Cambridge for more detailed information on descending/ascending neurons",False,True
720575940630291767,"DNg_R; Part of comprehensive neck connective tracing, contact Connectomics Group Cambridge for more detailed information on descending/ascending neurons",False,True
720575940636671886,"DNg_R; Part of comprehensive neck connective tracing, contact Connectomics Group Cambridge for more detailed information on descending/ascending neurons",False,True
720575940618514043,"DNg_R; Part of comprehensive neck connective tracing, contact Connectomics Group Cambridge for more detailed information on descending/ascending neurons",False,True
720575940629486075,"DNg_R; Part of comprehensive neck connective tracing, contact Connectomics Group Cambridge for more detailed information on descending/ascending neurons",False,True
720575940606633248,"DNg_R; Part of comprehensive neck connective tracing, contact Connectomics Group Cambridge for more detailed information on descending/ascending neurons",False,True
720575940615323298,"DNg_R; Part of comprehensive neck connective tracing, contact Connectomics Group Cambridge for more detailed information on descending/ascending neurons",False,True
720575940634526560,"DNg_R; Part of comprehensive neck connective tracing, contact Connectomics Group Cambridge for more detailed information on descending/ascending neurons",False,True
720575940624530407,"DNg_R; Part of comprehensive neck connective tracing, contact Connectomics Group Cambridge for more detailed information on descending/ascending neurons",False,True
720575940647031860,"DNg_R; Part of comprehensive neck connective tracing, contact Connectomics Group Cambridge for more detailed information on descending/ascending neurons",False,True
720575940621399174,"DNg_R; Part of comprehensive neck connective tracing, contact Connectomics Group Cambridge for more detailed information on descending/ascending neurons",False,True
720575940626816062,"DNg_R; Part of comprehensive neck connective tracing, contact Connectomics Group Cambridge for more detailed information on descending/ascending neurons",False,True
720575940626524702,"DNg_R; Part of comprehensive neck connective tracing, contact Connectomics Group Cambridge for more detailed information on descending/ascending neurons",False,True
720575940622010373,"DNg_R; Part of comprehensive neck connective tracing, contact Connectomics Group Cambridge for more detailed information on descending/ascending neurons",False,True
720575940626238716,"DNg_R; Part of comprehensive neck connective tracing, contact Connectomics Group Cambridge for more detailed information on descending/ascending neurons",False,True
720575940619590360,"DNg_R; Part of comprehensive neck connective tracing, contact Connectomics Group Cambridge for more detailed information on descending/ascending neurons",False,True
720575940611610670,"DNg_R; Part of comprehensive neck connective tracing, contact Connectomics Group Cambridge for more detailed information on descending/ascending neurons",False,True
720575940646443316,"DNg_R; Part of comprehensive neck connective tracing, contact Connectomics Group Cambridge for more detailed information on descending/ascending neurons",False,True
720575940624897516,"DNg_R; Part of comprehensive neck connective tracing, contact Connectomics Group Cambridge for more detailed information on descending/ascending neurons",False,True
720575940611976618,"DNg_R; Part of comprehensive neck connective tracing, contact Connectomics Group Cambridge for more detailed information on descending/ascending neurons",False,True
720575940624319124,"DNg_R; Part of comprehensive neck connective tracing, contact Connectomics Group Cambridge for more detailed information on descending/ascending neurons",False,True
720575940632626402,"DNg_R; Part of comprehensive neck connective tracing, contact Connectomics Group Cambridge for more detailed information on descending/ascending neurons",False,True
720575940625065653,"DNg_R; Part of comprehensive neck connective tracing, contact Connectomics Group Cambridge for more detailed information on descending/ascending neurons",False,True
720575940614759149,"DNg_R; Part of comprehensive neck connective tracing, contact Connectomics Group Cambridge for more detailed information on descending/ascending neurons",False,True
720575940630403031,"DNg_R; Part of comprehensive neck connective tracing, contact Connectomics Group Cambridge for more detailed information on descending/ascending neurons",False,True
720575940645352814,"DNg_R; Part of comprehensive neck connective tracing, contact Connectomics Group Cambridge for more detailed information on descending/ascending neurons",False,True
720575940631705130,"DNg_R; Part of comprehensive neck connective tracing, contact Connectomics Group Cambridge for more detailed information on descending/ascending neurons",False,True
720575940626663994,"DNg_R; Part of comprehensive neck connective tracing, contact Connectomics Group Cambridge for more detailed information on descending/ascending neurons",False,True
720575940640316238,"DNg_R; Part of comprehensive neck connective tracing, contact Connectomics Group Cambridge for more detailed information on descending/ascending neurons",False,True
720575940622248453,"DNg_R; Part of comprehensive neck connective tracing, contact Connectomics Group Cambridge for more detailed information on descending/ascending neurons",False,True
720575940624374334,"DNg_R; Part of comprehensive neck connective tracing, contact Connectomics Group Cambridge for more detailed information on descending/ascending neurons",False,True
720575940632486969,"DNg_R; Part of comprehensive neck connective tracing, contact Connectomics Group Cambridge for more detailed information on descending/ascending neurons",False,True
720575940639314229,"DNg_R; Part of comprehensive neck connective tracing, contact Connectomics Group Cambridge for more detailed information on descending/ascending neurons",False,True
720575940631168057,"DNg_R; Part of comprehensive neck connective tracing, contact Connectomics Group Cambridge for more detailed information on descending/ascending neurons",False,True
720575940619905916,"DNg_R; Part of comprehensive neck connective tracing, contact Connectomics Group Cambridge for more detailed information on descending/ascending neurons",False,True
720575940633996883,"DNg_R; Part of comprehensive neck connective tracing, contact Connectomics Group Cambridge for more detailed information on descending/ascending neurons",False,True
720575940660224385,"DNg_R; Part of comprehensive neck connective tracing, contact Connectomics Group Cambridge for more detailed information on descending/ascending neurons",False,True
720575940636308075,"DNg_R; Part of comprehensive neck connective tracing, contact Connectomics Group Cambridge for more detailed information on descending/ascending neurons",False,True
720575940628971779,"DNg_R; Part of comprehensive neck connective tracing, contact Connectomics Group Cambridge for more detailed information on descending/ascending neurons",False,True
720575940635355804,"DNg_R; Part of comprehensive neck connective tracing, contact Connectomics Group Cambridge for more detailed information on descending/ascending neurons",False,True
720575940654094241,"DNg_R; Part of comprehensive neck connective tracing, contact Connectomics Group Cambridge for more detailed information on descending/ascending neurons",False,True
720575940626092302,"DNg_R; Part of comprehensive neck connective tracing, contact Connectomics Group Cambridge for more detailed information on descending/ascending neurons",False,True
720575940610677828,"DNg_R; Part of comprehensive neck connective tracing, contact Connectomics Group Cambridge for more detailed information on descending/ascending neurons",False,True
720575940642449909,"DNg_R; Part of comprehensive neck connective tracing, contact Connectomics Group Cambridge for more detailed information on descending/ascending neurons",False,True
720575940632574946,"DNg_R; Part of comprehensive neck connective tracing, contact Connectomics Group Cambridge for more detailed information on descending/ascending neurons",False,True
720575940621801456,"DNg_R; Part of comprehensive neck connective tracing, contact Connectomics Group Cambridge for more detailed information on descending/ascending neurons",False,True
720575940623537485,"DNg_R; Part of comprehensive neck connective tracing, contact Connectomics Group Cambridge for more detailed information on descending/ascending neurons",False,True
720575940617399257,"DNg_R; Part of comprehensive neck connective tracing, contact Connectomics Group Cambridge for more detailed information on descending/ascending neurons",False,True
720575940630297292,"DNg_R; Part of comprehensive neck connective tracing, contact Connectomics Group Cambridge for more detailed information on descending/ascending neurons",False,True
720575940631627551,"DNg_R; Part of comprehensive neck connective tracing, contact Connectomics Group Cambridge for more detailed information on descending/ascending neurons",False,True
720575940629956695,"DNg_R; Part of comprehensive neck connective tracing, contact Connectomics Group Cambridge for more detailed information on descending/ascending neurons",False,True
720575940624537284,"DNg_R; Part of comprehensive neck connective tracing, contact Connectomics Group Cambridge for more detailed information on descending/ascending neurons",False,True
720575940627732423,"DNg_R; Part of comprehensive neck connective tracing, contact Connectomics Group Cambridge for more detailed information on descending/ascending neurons",False,True
720575940613590579,"DNg_R; Part of comprehensive neck connective tracing, contact Connectomics Group Cambridge for more detailed information on descending/ascending neurons",False,True
720575940616786433,"DNg_R; Part of comprehensive neck connective tracing, contact Connectomics Group Cambridge for more detailed information on descending/ascending neurons",False,True
720575940632722771,"DNg_R; Part of comprehensive neck connective tracing, contact Connectomics Group Cambridge for more detailed information on descending/ascending neurons",False,True
720575940636606554,"DNg_R; Part of comprehensive neck connective tracing, contact Connectomics Group Cambridge for more detailed information on descending/ascending neurons",False,True
720575940629792060,"DNg_R; Part of comprehensive neck connective tracing, contact Connectomics Group Cambridge for more detailed information on descending/ascending neurons",False,True
720575940614730914,"DNg_R; Part of comprehensive neck connective tracing, contact Connectomics Group Cambridge for more detailed information on descending/ascending neurons",False,True
720575940631091407,"DNg_R; Part of comprehensive neck connective tracing, contact Connectomics Group Cambridge for more detailed information on descending/ascending neurons",False,True
720575940615453182,"DNg_R; Part of comprehensive neck connective tracing, contact Connectomics Group Cambridge for more detailed information on descending/ascending neurons",False,True
720575940627799802,"DNg_R; Part of comprehensive neck connective tracing, contact Connectomics Group Cambridge for more detailed information on descending/ascending neurons",False,True
720575940619757366,"DNg_R; Part of comprehensive neck connective tracing, contact Connectomics Group Cambridge for more detailed information on descending/ascending neurons",False,True
720575940628252751,"DNg_R; Part of comprehensive neck connective tracing, contact Connectomics Group Cambridge for more detailed information on descending/ascending neurons",False,True
720575940625863728,"DNg_R; Part of comprehensive neck connective tracing, contact Connectomics Group Cambridge for more detailed information on descending/ascending neurons",False,True
720575940636656632,"DNg_R; Part of comprehensive neck connective tracing, contact Connectomics Group Cambridge for more detailed information on descending/ascending neurons",False,True
720575940625573653,"DNg_R; Part of comprehensive neck connective tracing, contact Connectomics Group Cambridge for more detailed information on descending/ascending neurons",False,True
720575940609366648,"DNg_R; Part of comprehensive neck connective tracing, contact Connectomics Group Cambridge for more detailed information on descending/ascending neurons",False,True
720575940621534273,"DNg_R; Part of comprehensive neck connective tracing, contact Connectomics Group Cambridge for more detailed information on descending/ascending neurons",False,True
720575940627210568,"DNg_R; Part of comprehensive neck connective tracing, contact Connectomics Group Cambridge for more detailed information on descending/ascending neurons",False,True
720575940627629598,"DNg_R; Part of comprehensive neck connective tracing, contact Connectomics Group Cambridge for more detailed information on descending/ascending neurons",False,True
720575940630712493,"DNg_R; Part of comprehensive neck connective tracing, contact Connectomics Group Cambridge for more detailed information on descending/ascending neurons",False,True
720575940624877360,"DNg_R; Part of comprehensive neck connective tracing, contact Connectomics Group Cambridge for more detailed information on descending/ascending neurons",False,True
720575940633228172,"DNg_R; Part of comprehensive neck connective tracing, contact Connectomics Group Cambridge for more detailed information on descending/ascending neurons",False,True
720575940618574749,"DNg_R; Part of comprehensive neck connective tracing, contact Connectomics Group Cambridge for more detailed information on descending/ascending neurons",False,True
720575940605714878,"DNg_R; Part of comprehensive neck connective tracing, contact Connectomics Group Cambridge for more detailed information on descending/ascending neurons",False,True
720575940622537653,"DNg_R; Part of comprehensive neck connective tracing, contact Connectomics Group Cambridge for more detailed information on descending/ascending neurons",False,True
720575940645556334,"DNg_R; Part of comprehensive neck connective tracing, contact Connectomics Group Cambridge for more detailed information on descending/ascending neurons",False,True
720575940613339875,"DNg_R; Part of comprehensive neck connective tracing, contact Connectomics Group Cambridge for more detailed information on descending/ascending neurons",False,True
720575940612648106,"DNg_R; Part of comprehensive neck connective tracing, contact Connectomics Group Cambridge for more detailed information on descending/ascending neurons",False,True
720575940617290043,"DNg_R; Part of comprehensive neck connective tracing, contact Connectomics Group Cambridge for more detailed information on descending/ascending neurons",False,True
720575940611498419,"DNg_R; Part of comprehensive neck connective tracing, contact Connectomics Group Cambridge for more detailed information on descending/ascending neurons",False,True
720575940612058543,"DNg_R; Part of comprehensive neck connective tracing, contact Connectomics Group Cambridge for more detailed information on descending/ascending neurons",False,True
720575940640978048,"DNg_R; Part of comprehensive neck connective tracing, contact Connectomics Group Cambridge for more detailed information on descending/ascending neurons",False,True
720575940636898270,"DNg_R; Part of comprehensive neck connective tracing, contact Connectomics Group Cambridge for more detailed information on descending/ascending neurons",False,True
720575940622579967,"DNg_R; Part of comprehensive neck connective tracing, contact Connectomics Group Cambridge for more detailed information on descending/ascending neurons",False,True
720575940622633716,"DNg_R; Part of comprehensive neck connective tracing, contact Connectomics Group Cambridge for more detailed information on descending/ascending neurons",False,True
720575940620231590,"DNg_R; Part of comprehensive neck connective tracing, contact Connectomics Group Cambridge for more detailed information on descending/ascending neurons",False,True
720575940639159797,"DNg_R; Part of comprehensive neck connective tracing, contact Connectomics Group Cambridge for more detailed information on descending/ascending neurons",False,True
720575940627722234,"DNg_R; Part of comprehensive neck connective tracing, contact Connectomics Group Cambridge for more detailed information on descending/ascending neurons",False,True
720575940640589171,"DNg_R; Part of comprehensive neck connective tracing, contact Connectomics Group Cambridge for more detailed information on descending/ascending neurons",False,True
720575940623934096,"DNg_R; Part of comprehensive neck connective tracing, contact Connectomics Group Cambridge for more detailed information on descending/ascending neurons",False,True
720575940621628582,"DNg_R; Part of comprehensive neck connective tracing, contact Connectomics Group Cambridge for more detailed information on descending/ascending neurons",False,True
720575940619744496,"DNg_R; Part of comprehensive neck connective tracing, contact Connectomics Group Cambridge for more detailed information on descending/ascending neurons",False,True
720575940619431765,"DNg_R; Part of comprehensive neck connective tracing, contact Connectomics Group Cambridge for more detailed information on descending/ascending neurons",False,True
720575940620815896,"DNg_R; Part of comprehensive neck connective tracing, contact Connectomics Group Cambridge for more detailed information on descending/ascending neurons",False,True
720575940605450342,"DNg_R; Part of comprehensive neck connective tracing, contact Connectomics Group Cambridge for more detailed information on descending/ascending neurons",False,True
720575940634560922,"DNg_R; Part of comprehensive neck connective tracing, contact Connectomics Group Cambridge for more detailed information on descending/ascending neurons",False,True
720575940629369642,"DNg_R; Part of comprehensive neck connective tracing, contact Connectomics Group Cambridge for more detailed information on descending/ascending neurons",False,True
720575940622786317,"DNg_R; Part of comprehensive neck connective tracing, contact Connectomics Group Cambridge for more detailed information on descending/ascending neurons",False,True
720575940629543409,"DNg_R; Part of comprehensive neck connective tracing, contact Connectomics Group Cambridge for more detailed information on descending/ascending neurons",False,True
720575940631651810,"DNg_R; Part of comprehensive neck connective tracing, contact Connectomics Group Cambridge for more detailed information on descending/ascending neurons",False,True
720575940640140733,"DNg_R; Part of comprehensive neck connective tracing, contact Connectomics Group Cambridge for more detailed information on descending/ascending neurons",False,True
720575940621071017,"DNg_R; Part of comprehensive neck connective tracing, contact Connectomics Group Cambridge for more detailed information on descending/ascending neurons",False,True
720575940626296339,"DNg_R; Part of comprehensive neck connective tracing, contact Connectomics Group Cambridge for more detailed information on descending/ascending neurons",False,True
720575940624234242,"DNg_R; Part of comprehensive neck connective tracing, contact Connectomics Group Cambridge for more detailed information on descending/ascending neurons",False,True
720575940606856405,"DNg_R; Part of comprehensive neck connective tracing, contact Connectomics Group Cambridge for more detailed information on descending/ascending neurons",False,True
720575940630382075,"DNg_R; Part of comprehensive neck connective tracing, contact Connectomics Group Cambridge for more detailed information on descending/ascending neurons",False,True
720575940621572890,"DNg_R; Part of comprehensive neck connective tracing, contact Connectomics Group Cambridge for more detailed information on descending/ascending neurons",False,True
720575940634229871,"DNg_R; Part of comprehensive neck connective tracing, contact Connectomics Group Cambridge for more detailed information on descending/ascending neurons",False,True
720575940611087786,"DNg_R; Part of comprehensive neck connective tracing, contact Connectomics Group Cambridge for more detailed information on descending/ascending neurons",False,True
720575940612429714,"DNg_R; Part of comprehensive neck connective tracing, contact Connectomics Group Cambridge for more detailed information on descending/ascending neurons",False,True
720575940620804566,"DNg_R; Part of comprehensive neck connective tracing, contact Connectomics Group Cambridge for more detailed information on descending/ascending neurons",False,True
720575940626748702,"DNg_R; Part of comprehensive neck connective tracing, contact Connectomics Group Cambridge for more detailed information on descending/ascending neurons",False,True
720575940615364564,"DNg_R; Part of comprehensive neck connective tracing, contact Connectomics Group Cambridge for more detailed information on descending/ascending neurons",False,True
720575940614478658,"DNg_R; Part of comprehensive neck connective tracing, contact Connectomics Group Cambridge for more detailed information on descending/ascending neurons",False,True
720575940624816115,"DNg_R; Part of comprehensive neck connective tracing, contact Connectomics Group Cambridge for more detailed information on descending/ascending neurons",False,True
720575940640630589,"DNg_R; Part of comprehensive neck connective tracing, contact Connectomics Group Cambridge for more detailed information on descending/ascending neurons",False,True
720575940625596647,"DNg_R; Part of comprehensive neck connective tracing, contact Connectomics Group Cambridge for more detailed information on descending/ascending neurons",False,True
720575940621783628,"DNg_R; Part of comprehensive neck connective tracing, contact Connectomics Group Cambridge for more detailed information on descending/ascending neurons",False,True
720575940622944196,"DNg_R; Part of comprehensive neck connective tracing, contact Connectomics Group Cambridge for more detailed information on descending/ascending neurons",False,True
720575940611308181,"DNg_R; Part of comprehensive neck connective tracing, contact Connectomics Group Cambridge for more detailed information on descending/ascending neurons",False,True
720575940637659749,"DNg_R; Part of comprehensive neck connective tracing, contact Connectomics Group Cambridge for more detailed information on descending/ascending neurons",False,True
720575940621700789,"DNg_R; Part of comprehensive neck connective tracing, contact Connectomics Group Cambridge for more detailed information on descending/ascending neurons",False,True
720575940625187940,"DNg_R; Part of comprehensive neck connective tracing, contact Connectomics Group Cambridge for more detailed information on descending/ascending neurons",False,True
720575940622123400,"DNg_R; Part of comprehensive neck connective tracing, contact Connectomics Group Cambridge for more detailed information on descending/ascending neurons",False,True
720575940639479168,"DNg_R; Part of comprehensive neck connective tracing, contact Connectomics Group Cambridge for more detailed information on descending/ascending neurons",False,True
720575940626745987,"DNg_R; Part of comprehensive neck connective tracing, contact Connectomics Group Cambridge for more detailed information on descending/ascending neurons",False,True
720575940610341582,"DNg_R; Part of comprehensive neck connective tracing, contact Connectomics Group Cambridge for more detailed information on descending/ascending neurons",False,True
720575940633995181,"DNg_R; Part of comprehensive neck connective tracing, contact Connectomics Group Cambridge for more detailed information on descending/ascending neurons",False,True
720575940632788025,"DNg_R; Part of comprehensive neck connective tracing, contact Connectomics Group Cambridge for more detailed information on descending/ascending neurons",False,True
720575940626639259,"DNg_R; Part of comprehensive neck connective tracing, contact Connectomics Group Cambridge for more detailed information on descending/ascending neurons",False,True
720575940640422016,"DNg_R; Part of comprehensive neck connective tracing, contact Connectomics Group Cambridge for more detailed information on descending/ascending neurons",False,True
720575940626729295,"DNg_R; Part of comprehensive neck connective tracing, contact Connectomics Group Cambridge for more detailed information on descending/ascending neurons",False,True
720575940629725545,"DNg_R; Part of comprehensive neck connective tracing, contact Connectomics Group Cambridge for more detailed information on descending/ascending neurons",False,True
720575940637896893,"DNg_R; Part of comprehensive neck connective tracing, contact Connectomics Group Cambridge for more detailed information on descending/ascending neurons",False,True
720575940608188427,"DNg_R; Part of comprehensive neck connective tracing, contact Connectomics Group Cambridge for more detailed information on descending/ascending neurons",False,True
720575940625815562,"DNg_R; Part of comprehensive neck connective tracing, contact Connectomics Group Cambridge for more detailed information on descending/ascending neurons",False,True
720575940647755641,"DNg_R; Part of comprehensive neck connective tracing, contact Connectomics Group Cambridge for more detailed information on descending/ascending neurons",False,True
720575940612373423,"DNg_R; Part of comprehensive neck connective tracing, contact Connectomics Group Cambridge for more detailed information on descending/ascending neurons",False,True
720575940604729312,"DNg_R; Part of comprehensive neck connective tracing, contact Connectomics Group Cambridge for more detailed information on descending/ascending neurons",False,True
720575940614235323,"DNg_R; Part of comprehensive neck connective tracing, contact Connectomics Group Cambridge for more detailed information on descending/ascending neurons",False,True
720575940621313414,"DNg_R; Part of comprehensive neck connective tracing, contact Connectomics Group Cambridge for more detailed information on descending/ascending neurons",False,True
720575940612206810,"DNg_R; Part of comprehensive neck connective tracing, contact Connectomics Group Cambridge for more detailed information on descending/ascending neurons",False,True
720575940630054735,"DNg_R; Part of comprehensive neck connective tracing, contact Connectomics Group Cambridge for more detailed information on descending/ascending neurons",False,True
720575940639159029,"DNg_R; Part of comprehensive neck connective tracing, contact Connectomics Group Cambridge for more detailed information on descending/ascending neurons",False,True
720575940605300140,"DNg_R; Part of comprehensive neck connective tracing, contact Connectomics Group Cambridge for more detailed information on descending/ascending neurons",False,True
720575940632307025,"DNg_R; Part of comprehensive neck connective tracing, contact Connectomics Group Cambridge for more detailed information on descending/ascending neurons",False,True
720575940631051065,"DNg_R; Part of comprehensive neck connective tracing, contact Connectomics Group Cambridge for more detailed information on descending/ascending neurons",False,True
720575940614562207,"DNg_R; Part of comprehensive neck connective tracing, contact Connectomics Group Cambridge for more detailed information on descending/ascending neurons",False,True
720575940642369736,"DNg_R; Part of comprehensive neck connective tracing, contact Connectomics Group Cambridge for more detailed information on descending/ascending neurons",False,True
720575940617689816,"DNg_R; Part of comprehensive neck connective tracing, contact Connectomics Group Cambridge for more detailed information on descending/ascending neurons",False,True
720575940638109668,"DNg_R; Part of comprehensive neck connective tracing, contact Connectomics Group Cambridge for more detailed information on descending/ascending neurons",False,True
720575940622352764,"DNg_R; Part of comprehensive neck connective tracing, contact Connectomics Group Cambridge for more detailed information on descending/ascending neurons",False,True
720575940634525303,"DNg_R; Part of comprehensive neck connective tracing, contact Connectomics Group Cambridge for more detailed information on descending/ascending neurons",False,True
720575940613814971,"DNg_R; Part of comprehensive neck connective tracing, contact Connectomics Group Cambridge for more detailed information on descending/ascending neurons",False,True
720575940615385798,"DNg_R; Part of comprehensive neck connective tracing, contact Connectomics Group Cambridge for more detailed information on descending/ascending neurons",False,True
720575940618870113,"DNg_R; Part of comprehensive neck connective tracing, contact Connectomics Group Cambridge for more detailed information on descending/ascending neurons",False,True
720575940603786686,"DNg_R; Part of comprehensive neck connective tracing, contact Connectomics Group Cambridge for more detailed information on descending/ascending neurons",False,True
720575940605950496,"DNg_R; Part of comprehensive neck connective tracing, contact Connectomics Group Cambridge for more detailed information on descending/ascending neurons",False,True
720575940623037720,"DNg_R; Part of comprehensive neck connective tracing, contact Connectomics Group Cambridge for more detailed information on descending/ascending neurons",False,True
720575940638204132,"DNg_R; Part of comprehensive neck connective tracing, contact Connectomics Group Cambridge for more detailed information on descending/ascending neurons",False,True
720575940626189657,"DNg_R; Part of comprehensive neck connective tracing, contact Connectomics Group Cambridge for more detailed information on descending/ascending neurons",False,True
720575940627403578,"DNg_R; Part of comprehensive neck connective tracing, contact Connectomics Group Cambridge for more detailed information on descending/ascending neurons",False,True
720575940623125628,"DNp_C; Part of comprehensive neck connective tracing, contact Connectomics Group Cambridge for more detailed information on descending/ascending neurons",False,False
720575940624766700,"DNp_C; Part of comprehensive neck connective tracing, contact Connectomics Group Cambridge for more detailed information on descending/ascending neurons",False,False
720575940619678366,"DNp_L; Part of comprehensive neck connective tracing, contact Connectomics Group Cambridge for more detailed information on descending/ascending neurons",True,False
720575940640142141,"DNp_L; Part of comprehensive neck connective tracing, contact Connectomics Group Cambridge for more detailed information on descending/ascending neurons",True,False
720575940603980256,"DNp_L; Part of comprehensive neck connective tracing, contact Connectomics Group Cambridge for more detailed information on descending/ascending neurons",True,False
720575940629413962,"DNp_L; Part of comprehensive neck connective tracing, contact Connectomics Group Cambridge for more detailed information on descending/ascending neurons",True,False
720575940629586417,"DNp_L; Part of comprehensive neck connective tracing, contact Connectomics Group Cambridge for more detailed information on descending/ascending neurons",True,False
720575940636879534,"DNp_L; Part of comprehensive neck connective tracing, contact Connectomics Group Cambridge for more detailed information on descending/ascending neurons",True,False
720575940630221509,"DNp_L; Part of comprehensive neck connective tracing, contact Connectomics Group Cambridge for more detailed information on descending/ascending neurons",True,False
720575940627732361,"DNp_L; Part of comprehensive neck connective tracing, contact Connectomics Group Cambridge for more detailed information on descending/ascending neurons",True,False
720575940628132745,"DNp_L; Part of comprehensive neck connective tracing, contact Connectomics Group Cambridge for more detailed information on descending/ascending neurons",True,False
720575940626859283,"DNp_L; Part of comprehensive neck connective tracing, contact Connectomics Group Cambridge for more detailed information on descending/ascending neurons",True,False
720575940628858640,"DNp_L; Part of comprehensive neck connective tracing, contact Connectomics Group Cambridge for more detailed information on descending/ascending neurons",True,False
720575940619038493,"DNp_L; Part of comprehensive neck connective tracing, contact Connectomics Group Cambridge for more detailed information on descending/ascending neurons",True,False
720575940639428174,"DNp_L; Part of comprehensive neck connective tracing, contact Connectomics Group Cambridge for more detailed information on descending/ascending neurons",True,False
720575940632903737,"DNp_L; Part of comprehensive neck connective tracing, contact Connectomics Group Cambridge for more detailed information on descending/ascending neurons",True,False
720575940622550089,"DNp_L; Part of comprehensive neck connective tracing, contact Connectomics Group Cambridge for more detailed information on descending/ascending neurons",True,False
720575940629170250,"DNp_L; Part of comprehensive neck connective tracing, contact Connectomics Group Cambridge for more detailed information on descending/ascending neurons",True,False
720575940628884496,"DNp_L; Part of comprehensive neck connective tracing, contact Connectomics Group Cambridge for more detailed information on descending/ascending neurons",True,False
720575940633011256,"DNp_L; Part of comprehensive neck connective tracing, contact Connectomics Group Cambridge for more detailed information on descending/ascending neurons",True,False
720575940633228103,"DNp_L; Part of comprehensive neck connective tracing, contact Connectomics Group Cambridge for more detailed information on descending/ascending neurons",True,False
720575940610505006,"DNp_L; Part of comprehensive neck connective tracing, contact Connectomics Group Cambridge for more detailed information on descending/ascending neurons",True,False
720575940648654468,"DNp_L; Part of comprehensive neck connective tracing, contact Connectomics Group Cambridge for more detailed information on descending/ascending neurons",True,False
720575940635549620,"DNp_L; Part of comprehensive neck connective tracing, contact Connectomics Group Cambridge for more detailed information on descending/ascending neurons",True,False
720575940640331472,"DNp_L; Part of comprehensive neck connective tracing, contact Connectomics Group Cambridge for more detailed information on descending/ascending neurons",True,False
720575940621196037,"DNp_L; Part of comprehensive neck connective tracing, contact Connectomics Group Cambridge for more detailed information on descending/ascending neurons",True,False
720575940629846722,"DNp_L; Part of comprehensive neck connective tracing, contact Connectomics Group Cambridge for more detailed information on descending/ascending neurons",True,False
720575940646173748,"DNp_L; Part of comprehensive neck connective tracing, contact Connectomics Group Cambridge for more detailed information on descending/ascending neurons",True,False
720575940625345511,"DNp_L; Part of comprehensive neck connective tracing, contact Connectomics Group Cambridge for more detailed information on descending/ascending neurons",True,False
720575940616274619,"DNp_L; Part of comprehensive neck connective tracing, contact Connectomics Group Cambridge for more detailed information on descending/ascending neurons",True,False
720575940625295339,"DNp_L; Part of comprehensive neck connective tracing, contact Connectomics Group Cambridge for more detailed information on descending/ascending neurons",True,False
720575940617952034,"DNp_L; Part of comprehensive neck connective tracing, contact Connectomics Group Cambridge for more detailed information on descending/ascending neurons",True,False
720575940605702944,"DNp_L; Part of comprehensive neck connective tracing, contact Connectomics Group Cambridge for more detailed information on descending/ascending neurons",True,False
720575940609719250,"DNp_L; Part of comprehensive neck connective tracing, contact Connectomics Group Cambridge for more detailed information on descending/ascending neurons",True,False
720575940637618142,"DNp_L; Part of comprehensive neck connective tracing, contact Connectomics Group Cambridge for more detailed information on descending/ascending neurons",True,False
720575940642312136,"DNp_L; Part of comprehensive neck connective tracing, contact Connectomics Group Cambridge for more detailed information on descending/ascending neurons",True,False
720575940635552948,"DNp_L; Part of comprehensive neck connective tracing, contact Connectomics Group Cambridge for more detailed information on descending/ascending neurons",True,False
720575940610715346,"DNp_L; Part of comprehensive neck connective tracing, contact Connectomics Group Cambridge for more detailed information on descending/ascending neurons",True,False
720575940639242303,"DNp_L; Part of comprehensive neck connective tracing, contact Connectomics Group Cambridge for more detailed information on descending/ascending neurons",True,False
720575940630992813,"DNp_L; Part of comprehensive neck connective tracing, contact Connectomics Group Cambridge for more detailed information on descending/ascending neurons",True,False
720575940632512156,"DNp_L; Part of comprehensive neck connective tracing, contact Connectomics Group Cambridge for more detailed information on descending/ascending neurons",True,False
720575940621031006,"DNp_L; Part of comprehensive neck connective tracing, contact Connectomics Group Cambridge for more detailed information on descending/ascending neurons",True,False
720575940625420986,"DNp_L; Part of comprehensive neck connective tracing, contact Connectomics Group Cambridge for more detailed information on descending/ascending neurons",True,False
720575940617904208,"DNp_L; Part of comprehensive neck connective tracing, contact Connectomics Group Cambridge for more detailed information on descending/ascending neurons",True,False
720575940614363619,"DNp_L; Part of comprehensive neck connective tracing, contact Connectomics Group Cambridge for more detailed information on descending/ascending neurons",True,False
720575940612488341,"DNp_L; Part of comprehensive neck connective tracing, contact Connectomics Group Cambridge for more detailed information on descending/ascending neurons",True,False
720575940614185366,"DNp_L; Part of comprehensive neck connective tracing, contact Connectomics Group Cambridge for more detailed information on descending/ascending neurons",True,False
720575940618936710,"DNp_L; Part of comprehensive neck connective tracing, contact Connectomics Group Cambridge for more detailed information on descending/ascending neurons",True,False
720575940645693476,"DNp_L; Part of comprehensive neck connective tracing, contact Connectomics Group Cambridge for more detailed information on descending/ascending neurons",True,False
720575940630236988,"DNp_L; Part of comprehensive neck connective tracing, contact Connectomics Group Cambridge for more detailed information on descending/ascending neurons",True,False
720575940629777018,"DNp_L; Part of comprehensive neck connective tracing, contact Connectomics Group Cambridge for more detailed information on descending/ascending neurons",True,False
720575940623582867,"DNp_L; Part of comprehensive neck connective tracing, contact Connectomics Group Cambridge for more detailed information on descending/ascending neurons",True,False
720575940624861072,"DNp_L; Part of comprehensive neck connective tracing, contact Connectomics Group Cambridge for more detailed information on descending/ascending neurons",True,False
720575940625513360,"DNp_L; Part of comprehensive neck connective tracing, contact Connectomics Group Cambridge for more detailed information on descending/ascending neurons",True,False
720575940624121161,"DNp_L; Part of comprehensive neck connective tracing, contact Connectomics Group Cambridge for more detailed information on descending/ascending neurons",True,False
720575940641278965,"DNp_L; Part of comprehensive neck connective tracing, contact Connectomics Group Cambridge for more detailed information on descending/ascending neurons",True,False
720575940626518858,"DNp_L; Part of comprehensive neck connective tracing, contact Connectomics Group Cambridge for more detailed information on descending/ascending neurons",True,False
720575940622437671,"DNp_L; Part of comprehensive neck connective tracing, contact Connectomics Group Cambridge for more detailed information on descending/ascending neurons",True,False
720575940620561840,"DNp_L; Part of comprehensive neck connective tracing, contact Connectomics Group Cambridge for more detailed information on descending/ascending neurons",True,False
720575940628885160,"DNp_L; Part of comprehensive neck connective tracing, contact Connectomics Group Cambridge for more detailed information on descending/ascending neurons",True,False
720575940631499832,"DNp_L; Part of comprehensive neck connective tracing, contact Connectomics Group Cambridge for more detailed information on descending/ascending neurons",True,False
720575940639789731,"DNp_L; Part of comprehensive neck connective tracing, contact Connectomics Group Cambridge for more detailed information on descending/ascending neurons",True,False
720575940629686339,"DNp_L; Part of comprehensive neck connective tracing, contact Connectomics Group Cambridge for more detailed information on descending/ascending neurons",True,False
720575940620878785,"DNp_L; Part of comprehensive neck connective tracing, contact Connectomics Group Cambridge for more detailed information on descending/ascending neurons",True,False
720575940629757036,"DNp_L; Part of comprehensive neck connective tracing, contact Connectomics Group Cambridge for more detailed information on descending/ascending neurons",True,False
720575940613731270,"DNp_L; Part of comprehensive neck connective tracing, contact Connectomics Group Cambridge for more detailed information on descending/ascending neurons",True,False
720575940633488153,"DNp_L; Part of comprehensive neck connective tracing, contact Connectomics Group Cambridge for more detailed information on descending/ascending neurons",True,False
720575940628796780,"DNp_L; Part of comprehensive neck connective tracing, contact Connectomics Group Cambridge for more detailed information on descending/ascending neurons",True,False
720575940614147701,"DNp_L; Part of comprehensive neck connective tracing, contact Connectomics Group Cambridge for more detailed information on descending/ascending neurons",True,False
720575940633095137,"DNp_L; Part of comprehensive neck connective tracing, contact Connectomics Group Cambridge for more detailed information on descending/ascending neurons",True,False
720575940632900665,"DNp_L; Part of comprehensive neck connective tracing, contact Connectomics Group Cambridge for more detailed information on descending/ascending neurons",True,False
720575940627241321,"DNp_L; Part of comprehensive neck connective tracing, contact Connectomics Group Cambridge for more detailed information on descending/ascending neurons",True,False
720575940605041330,"DNp_L; Part of comprehensive neck connective tracing, contact Connectomics Group Cambridge for more detailed information on descending/ascending neurons",True,False
720575940617245652,"DNp_L; Part of comprehensive neck connective tracing, contact Connectomics Group Cambridge for more detailed information on descending/ascending neurons",True,False
720575940621401222,"DNp_L; Part of comprehensive neck connective tracing, contact Connectomics Group Cambridge for more detailed information on descending/ascending neurons",True,False
720575940643487342,"DNp_L; Part of comprehensive neck connective tracing, contact Connectomics Group Cambridge for more detailed information on descending/ascending neurons",True,False
720575940617280657,"DNp_L; Part of comprehensive neck connective tracing, contact Connectomics Group Cambridge for more detailed information on descending/ascending neurons",True,False
720575940633165452,"DNp_L; Part of comprehensive neck connective tracing, contact Connectomics Group Cambridge for more detailed information on descending/ascending neurons",True,False
720575940620642940,"DNp_L; Part of comprehensive neck connective tracing, contact Connectomics Group Cambridge for more detailed information on descending/ascending neurons",True,False
720575940621629578,"DNp_L; Part of comprehensive neck connective tracing, contact Connectomics Group Cambridge for more detailed information on descending/ascending neurons",True,False
720575940621554112,"DNp_L; Part of comprehensive neck connective tracing, contact Connectomics Group Cambridge for more detailed information on descending/ascending neurons",True,False
720575940620038779,"DNp_L; Part of comprehensive neck connective tracing, contact Connectomics Group Cambridge for more detailed information on descending/ascending neurons",True,False
720575940614236200,"DNp_L; Part of comprehensive neck connective tracing, contact Connectomics Group Cambridge for more detailed information on descending/ascending neurons",True,False
720575940618398533,"DNp_L; Part of comprehensive neck connective tracing, contact Connectomics Group Cambridge for more detailed information on descending/ascending neurons",True,False
720575940609316050,"DNp_L; Part of comprehensive neck connective tracing, contact Connectomics Group Cambridge for more detailed information on descending/ascending neurons",True,False
720575940608877266,"DNp_L; Part of comprehensive neck connective tracing, contact Connectomics Group Cambridge for more detailed information on descending/ascending neurons",True,False
720575940632836675,"DNp_L; Part of comprehensive neck connective tracing, contact Connectomics Group Cambridge for more detailed information on descending/ascending neurons",True,False
720575940618402694,"DNp_L; Part of comprehensive neck connective tracing, contact Connectomics Group Cambridge for more detailed information on descending/ascending neurons",True,False
720575940630078031,"DNp_L; Part of comprehensive neck connective tracing, contact Connectomics Group Cambridge for more detailed information on descending/ascending neurons",True,False
720575940617448331,"DNp_L; Part of comprehensive neck connective tracing, contact Connectomics Group Cambridge for more detailed information on descending/ascending neurons",True,False
720575940622843530,"DNp_L; Part of comprehensive neck connective tracing, contact Connectomics Group Cambridge for more detailed information on descending/ascending neurons",True,False
720575940619024816,"DNp_L; Part of comprehensive neck connective tracing, contact Connectomics Group Cambridge for more detailed information on descending/ascending neurons",True,False
720575940619548799,"DNp_L; Part of comprehensive neck connective tracing, contact Connectomics Group Cambridge for more detailed information on descending/ascending neurons",True,False
720575940631925156,"DNp_L; Part of comprehensive neck connective tracing, contact Connectomics Group Cambridge for more detailed information on descending/ascending neurons",True,False
720575940618706603,"DNp_L; Part of comprehensive neck connective tracing, contact Connectomics Group Cambridge for more detailed information on descending/ascending neurons",True,False
720575940630610042,"DNp_L; Part of comprehensive neck connective tracing, contact Connectomics Group Cambridge for more detailed information on descending/ascending neurons",True,False
720575940623431351,"DNp_L; Part of comprehensive neck connective tracing, contact Connectomics Group Cambridge for more detailed information on descending/ascending neurons",True,False
720575940644022551,"DNp_L; Part of comprehensive neck connective tracing, contact Connectomics Group Cambridge for more detailed information on descending/ascending neurons",True,False
720575940621270410,"DNp_L; Part of comprehensive neck connective tracing, contact Connectomics Group Cambridge for more detailed information on descending/ascending neurons",True,False
720575940620354836,"DNp_L; Part of comprehensive neck connective tracing, contact Connectomics Group Cambridge for more detailed information on descending/ascending neurons",True,False
720575940621304723,"DNp_L; Part of comprehensive neck connective tracing, contact Connectomics Group Cambridge for more detailed information on descending/ascending neurons",True,False
720575940632472850,"DNp_L; Part of comprehensive neck connective tracing, contact Connectomics Group Cambridge for more detailed information on descending/ascending neurons",True,False
720575940618314897,"DNp_L; Part of comprehensive neck connective tracing, contact Connectomics Group Cambridge for more detailed information on descending/ascending neurons",True,False
720575940623528842,"DNp_L; Part of comprehensive neck connective tracing, contact Connectomics Group Cambridge for more detailed information on descending/ascending neurons",True,False
720575940636651376,"DNp_L; Part of comprehensive neck connective tracing, contact Connectomics Group Cambridge for more detailed information on descending/ascending neurons",True,False
720575940625467280,"DNp_L; Part of comprehensive neck connective tracing, contact Connectomics Group Cambridge for more detailed information on descending/ascending neurons",True,False
720575940627949589,"DNp_L; Part of comprehensive neck connective tracing, contact Connectomics Group Cambridge for more detailed information on descending/ascending neurons",True,False
720575940610010521,"DNp_L; Part of comprehensive neck connective tracing, contact Connectomics Group Cambridge for more detailed information on descending/ascending neurons",True,False
720575940610199781,"DNp_L; Part of comprehensive neck connective tracing, contact Connectomics Group Cambridge for more detailed information on descending/ascending neurons",True,False
720575940623014695,"DNp_L; Part of comprehensive neck connective tracing, contact Connectomics Group Cambridge for more detailed information on descending/ascending neurons",True,False
720575940605725873,"DNp_L; Part of comprehensive neck connective tracing, contact Connectomics Group Cambridge for more detailed information on descending/ascending neurons; DNp44 from Marin et al 2020",True,False
720575940617809181,"DNp_L; Part of comprehensive neck connective tracing, contact Connectomics Group Cambridge for more detailed information on descending/ascending neurons",True,False
720575940624404872,"DNp_L; Part of comprehensive neck connective tracing, contact Connectomics Group Cambridge for more detailed information on descending/ascending neurons",True,False
720575940611782874,"DNp_L; Part of comprehensive neck connective tracing, contact Connectomics Group Cambridge for more detailed information on descending/ascending neurons",True,False
720575940613170498,"DNp_L; Part of comprehensive neck connective tracing, contact Connectomics Group Cambridge for more detailed information on descending/ascending neurons",True,False
720575940613200706,"DNp_L; Part of comprehensive neck connective tracing, contact Connectomics Group Cambridge for more detailed information on descending/ascending neurons",True,False
720575940628895787,"DNp_L; Part of comprehensive neck connective tracing, contact Connectomics Group Cambridge for more detailed information on descending/ascending neurons",True,False
720575940611644529,"DNp_L; Part of comprehensive neck connective tracing, contact Connectomics Group Cambridge for more detailed information on descending/ascending neurons",True,False
720575940641237632,"DNp_L; Part of comprehensive neck connective tracing, contact Connectomics Group Cambridge for more detailed information on descending/ascending neurons",True,False
720575940638013274,"DNp_L; Part of comprehensive neck connective tracing, contact Connectomics Group Cambridge for more detailed information on descending/ascending neurons",True,False
720575940631225996,"DNp_L; Part of comprehensive neck connective tracing, contact Connectomics Group Cambridge for more detailed information on descending/ascending neurons",True,False
720575940605162924,"DNp_L; Part of comprehensive neck connective tracing, contact Connectomics Group Cambridge for more detailed information on descending/ascending neurons",True,False
720575940614587990,"DNp_L; Part of comprehensive neck connective tracing, contact Connectomics Group Cambridge for more detailed information on descending/ascending neurons",True,False
720575940611102437,"DNp_L; Part of comprehensive neck connective tracing, contact Connectomics Group Cambridge for more detailed information on descending/ascending neurons",True,False
720575940633213132,"DNp_L; Part of comprehensive neck connective tracing, contact Connectomics Group Cambridge for more detailed information on descending/ascending neurons",True,False
720575940617030585,"DNp_L; Part of comprehensive neck connective tracing, contact Connectomics Group Cambridge for more detailed information on descending/ascending neurons",True,False
720575940633170643,"DNp_L; Part of comprehensive neck connective tracing, contact Connectomics Group Cambridge for more detailed information on descending/ascending neurons",True,False
720575940629421159,"DNp_L; Part of comprehensive neck connective tracing, contact Connectomics Group Cambridge for more detailed information on descending/ascending neurons",True,False
720575940606704562,"DNp_L; Part of comprehensive neck connective tracing, contact Connectomics Group Cambridge for more detailed information on descending/ascending neurons",True,False
720575940645176264,"DNp_L; Part of comprehensive neck connective tracing, contact Connectomics Group Cambridge for more detailed information on descending/ascending neurons",True,False
720575940640128720,"DNp_L; Part of comprehensive neck connective tracing, contact Connectomics Group Cambridge for more detailed information on descending/ascending neurons",True,False
720575940644166048,"DNp_L; Part of comprehensive neck connective tracing, contact Connectomics Group Cambridge for more detailed information on descending/ascending neurons",True,False
720575940635405719,"DNp_L; Part of comprehensive neck connective tracing, contact Connectomics Group Cambridge for more detailed information on descending/ascending neurons",True,False
720575940605009097,"DNp_L; Part of comprehensive neck connective tracing, contact Connectomics Group Cambridge for more detailed information on descending/ascending neurons",True,False
720575940629155227,"DNp_L; Part of comprehensive neck connective tracing, contact Connectomics Group Cambridge for more detailed information on descending/ascending neurons",True,False
720575940620468718,"DNp_L; Part of comprehensive neck connective tracing, contact Connectomics Group Cambridge for more detailed information on descending/ascending neurons",True,False
720575940637126007,"DNp_L; Part of comprehensive neck connective tracing, contact Connectomics Group Cambridge for more detailed information on descending/ascending neurons",True,False
720575940614581410,"DNp_L; Part of comprehensive neck connective tracing, contact Connectomics Group Cambridge for more detailed information on descending/ascending neurons",True,False
720575940636592302,"DNp_L; Part of comprehensive neck connective tracing, contact Connectomics Group Cambridge for more detailed information on descending/ascending neurons",True,False
720575940629390123,"DNp_R; Part of comprehensive neck connective tracing, contact Connectomics Group Cambridge for more detailed information on descending/ascending neurons",False,True
720575940626165489,"DNp_L; Part of comprehensive neck connective tracing, contact Connectomics Group Cambridge for more detailed information on descending/ascending neurons",True,False
720575940640306061,"DNp_R; Part of comprehensive neck connective tracing, contact Connectomics Group Cambridge for more detailed information on descending/ascending neurons",False,True
720575940633953434,"DNp_L; Part of comprehensive neck connective tracing, contact Connectomics Group Cambridge for more detailed information on descending/ascending neurons",True,False
720575940615502604,"DNp_R; Part of comprehensive neck connective tracing, contact Connectomics Group Cambridge for more detailed information on descending/ascending neurons",False,True
720575940627542316,"DNp_L; Part of comprehensive neck connective tracing, contact Connectomics Group Cambridge for more detailed information on descending/ascending neurons",True,False
720575940619152856,"DNp_L; Part of comprehensive neck connective tracing, contact Connectomics Group Cambridge for more detailed information on descending/ascending neurons",True,False
720575940621157645,"DNp_L; Part of comprehensive neck connective tracing, contact Connectomics Group Cambridge for more detailed information on descending/ascending neurons",True,False
720575940635210603,"DNp_L; Part of comprehensive neck connective tracing, contact Connectomics Group Cambridge for more detailed information on descending/ascending neurons",True,False
720575940613632153,"DNp_L; Part of comprehensive neck connective tracing, contact Connectomics Group Cambridge for more detailed information on descending/ascending neurons",True,False
720575940612557994,"DNp_L; Part of comprehensive neck connective tracing, contact Connectomics Group Cambridge for more detailed information on descending/ascending neurons",True,False
720575940623992300,"DNp_L; Part of comprehensive neck connective tracing, contact Connectomics Group Cambridge for more detailed information on descending/ascending neurons",True,False
720575940632379071,"DNp_L; Part of comprehensive neck connective tracing, contact Connectomics Group Cambridge for more detailed information on descending/ascending neurons",True,False
720575940613748689,"DNp_L; Part of comprehensive neck connective tracing, contact Connectomics Group Cambridge for more detailed information on descending/ascending neurons",True,False
720575940617696728,"DNp_L; Part of comprehensive neck connective tracing, contact Connectomics Group Cambridge for more detailed information on descending/ascending neurons",True,False
720575940615058216,"DNp_R; Part of comprehensive neck connective tracing, contact Connectomics Group Cambridge for more detailed information on descending/ascending neurons",False,True
720575940632989291,"DNp_L; Part of comprehensive neck connective tracing, contact Connectomics Group Cambridge for more detailed information on descending/ascending neurons",True,False
720575940615794077,"DNp_R; Part of comprehensive neck connective tracing, contact Connectomics Group Cambridge for more detailed information on descending/ascending neurons",False,True
720575940622838154,"DNp_R; Part of comprehensive neck connective tracing, contact Connectomics Group Cambridge for more detailed information on descending/ascending neurons",False,True
720575940619654053,"DNp_R; Part of comprehensive neck connective tracing, contact Connectomics Group Cambridge for more detailed information on descending/ascending neurons",False,True
720575940602864300,"DNp_R; Part of comprehensive neck connective tracing, contact Connectomics Group Cambridge for more detailed information on descending/ascending neurons",False,True
720575940618382529,"DNp_R; Part of comprehensive neck connective tracing, contact Connectomics Group Cambridge for more detailed information on descending/ascending neurons",False,True
720575940619315888,"DNp_R; Part of comprehensive neck connective tracing, contact Connectomics Group Cambridge for more detailed information on descending/ascending neurons",False,True
720575940630428324,"DNp_R; Part of comprehensive neck connective tracing, contact Connectomics Group Cambridge for more detailed information on descending/ascending neurons",False,True
720575940617873201,"DNp_R; Part of comprehensive neck connective tracing, contact Connectomics Group Cambridge for more detailed information on descending/ascending neurons",False,True
720575940624655285,"DNp_R; Part of comprehensive neck connective tracing, contact Connectomics Group Cambridge for more detailed information on descending/ascending neurons",False,True
720575940611622826,"DNp_R; Part of comprehensive neck connective tracing, contact Connectomics Group Cambridge for more detailed information on descending/ascending neurons",False,True
720575940640747352,"DNp_R; Part of comprehensive neck connective tracing, contact Connectomics Group Cambridge for more detailed information on descending/ascending neurons",False,True
720575940646160948,"DNp_R; Part of comprehensive neck connective tracing, contact Connectomics Group Cambridge for more detailed information on descending/ascending neurons",False,True
720575940623203004,"DNp_R; Part of comprehensive neck connective tracing, contact Connectomics Group Cambridge for more detailed information on descending/ascending neurons",False,True
720575940625747812,"DNp_L; Part of comprehensive neck connective tracing, contact Connectomics Group Cambridge for more detailed information on descending/ascending neurons",True,False
720575940633853559,"DNp_L; Part of comprehensive neck connective tracing, contact Connectomics Group Cambridge for more detailed information on descending/ascending neurons",True,False
720575940623122125,"DNp_L; Part of comprehensive neck connective tracing, contact Connectomics Group Cambridge for more detailed information on descending/ascending neurons",True,False
720575940644279319,"DNp_L; Part of comprehensive neck connective tracing, contact Connectomics Group Cambridge for more detailed information on descending/ascending neurons",True,False
720575940613558509,"DNp_L; Part of comprehensive neck connective tracing, contact Connectomics Group Cambridge for more detailed information on descending/ascending neurons",True,False
720575940625744784,"DNp_L; Part of comprehensive neck connective tracing, contact Connectomics Group Cambridge for more detailed information on descending/ascending neurons",True,False
720575940627652358,"DNp_L; Part of comprehensive neck connective tracing, contact Connectomics Group Cambridge for more detailed information on descending/ascending neurons",True,False
720575940626806046,"DNp_L; Part of comprehensive neck connective tracing, contact Connectomics Group Cambridge for more detailed information on descending/ascending neurons",True,False
720575940623052728,"DNp_L; Part of comprehensive neck connective tracing, contact Connectomics Group Cambridge for more detailed information on descending/ascending neurons",True,False
720575940623276168,"DNp_L; Part of comprehensive neck connective tracing, contact Connectomics Group Cambridge for more detailed information on descending/ascending neurons",True,False
720575940613915823,"DNp_L; Part of comprehensive neck connective tracing, contact Connectomics Group Cambridge for more detailed information on descending/ascending neurons",True,False
720575940625673196,"DNp_R; Part of comprehensive neck connective tracing, contact Connectomics Group Cambridge for more detailed information on descending/ascending neurons",False,True
720575940621804159,"DNp_R; Part of comprehensive neck connective tracing, contact Connectomics Group Cambridge for more detailed information on descending/ascending neurons",False,True
720575940607854793,"DNp_R; Part of comprehensive neck connective tracing, contact Connectomics Group Cambridge for more detailed information on descending/ascending neurons",False,True
720575940615043368,"DNp_R; Part of comprehensive neck connective tracing, contact Connectomics Group Cambridge for more detailed information on descending/ascending neurons",False,True
720575940630071583,"DNp_R; Part of comprehensive neck connective tracing, contact Connectomics Group Cambridge for more detailed information on descending/ascending neurons",False,True
720575940625539984,"DNp_R; Part of comprehensive neck connective tracing, contact Connectomics Group Cambridge for more detailed information on descending/ascending neurons",False,True
720575940624349993,"DNp_R; Part of comprehensive neck connective tracing, contact Connectomics Group Cambridge for more detailed information on descending/ascending neurons",False,True
720575940611237594,"DNp_R; Part of comprehensive neck connective tracing, contact Connectomics Group Cambridge for more detailed information on descending/ascending neurons",False,True
720575940614137907,"DNp_R; Part of comprehensive neck connective tracing, contact Connectomics Group Cambridge for more detailed information on descending/ascending neurons",False,True
720575940636933722,"DNp_R; Part of comprehensive neck connective tracing, contact Connectomics Group Cambridge for more detailed information on descending/ascending neurons",False,True
720575940629312300,"DNp_R; Part of comprehensive neck connective tracing, contact Connectomics Group Cambridge for more detailed information on descending/ascending neurons",False,True
720575940630671734,"DNp_R; Part of comprehensive neck connective tracing, contact Connectomics Group Cambridge for more detailed information on descending/ascending neurons",False,True
720575940643347616,"DNp_R; Part of comprehensive neck connective tracing, contact Connectomics Group Cambridge for more detailed information on descending/ascending neurons",False,True
720575940624426680,"DNp_R; Part of comprehensive neck connective tracing, contact Connectomics Group Cambridge for more detailed information on descending/ascending neurons",False,True
720575940623786376,"DNp_R; Part of comprehensive neck connective tracing, contact Connectomics Group Cambridge for more detailed information on descending/ascending neurons",False,True
720575940619090541,"DNp_R; Part of comprehensive neck connective tracing, contact Connectomics Group Cambridge for more detailed information on descending/ascending neurons",False,True
720575940617802187,"DNp_R; Part of comprehensive neck connective tracing, contact Connectomics Group Cambridge for more detailed information on descending/ascending neurons",False,True
720575940626665489,"DNp_R; Part of comprehensive neck connective tracing, contact Connectomics Group Cambridge for more detailed information on descending/ascending neurons",False,True
720575940622836970,"DNp_R; Part of comprehensive neck connective tracing, contact Connectomics Group Cambridge for more detailed information on descending/ascending neurons",False,True
720575940620757748,"DNp_R; Part of comprehensive neck connective tracing, contact Connectomics Group Cambridge for more detailed information on descending/ascending neurons",False,True
720575940634750871,"DNp_R; Part of comprehensive neck connective tracing, contact Connectomics Group Cambridge for more detailed information on descending/ascending neurons",False,True
720575940631122191,"DNp_R; Part of comprehensive neck connective tracing, contact Connectomics Group Cambridge for more detailed information on descending/ascending neurons",False,True
720575940604954289,"DNp_R; Part of comprehensive neck connective tracing, contact Connectomics Group Cambridge for more detailed information on descending/ascending neurons",False,True
720575940641173632,"DNp_R; Part of comprehensive neck connective tracing, contact Connectomics Group Cambridge for more detailed information on descending/ascending neurons",False,True
720575940615292895,"DNp_R; Part of comprehensive neck connective tracing, contact Connectomics Group Cambridge for more detailed information on descending/ascending neurons",False,True
720575940635838143,"DNp_R; Part of comprehensive neck connective tracing, contact Connectomics Group Cambridge for more detailed information on descending/ascending neurons",False,True
720575940607378633,"DNp_R; Part of comprehensive neck connective tracing, contact Connectomics Group Cambridge for more detailed information on descending/ascending neurons",False,True
720575940619451989,"DNp_R; Part of comprehensive neck connective tracing, contact Connectomics Group Cambridge for more detailed information on descending/ascending neurons",False,True
720575940623925173,"DNp_R; Part of comprehensive neck connective tracing, contact Connectomics Group Cambridge for more detailed information on descending/ascending neurons",False,True
720575940630689644,"DNp_R; Part of comprehensive neck connective tracing, contact Connectomics Group Cambridge for more detailed information on descending/ascending neurons",False,True
720575940627750216,"DNp_R; Part of comprehensive neck connective tracing, contact Connectomics Group Cambridge for more detailed information on descending/ascending neurons",False,True
720575940650929273,"DNp_R; Part of comprehensive neck connective tracing, contact Connectomics Group Cambridge for more detailed information on descending/ascending neurons; DNp32_R from Otto et al 2020",False,True
720575940624977847,"DNp_R; Part of comprehensive neck connective tracing, contact Connectomics Group Cambridge for more detailed information on descending/ascending neurons",False,True
720575940603580960,"DNp_R; Part of comprehensive neck connective tracing, contact Connectomics Group Cambridge for more detailed information on descending/ascending neurons",False,True
720575940629782072,"DNp_R; Part of comprehensive neck connective tracing, contact Connectomics Group Cambridge for more detailed information on descending/ascending neurons",False,True
720575940622673860,"DNp_R; Part of comprehensive neck connective tracing, contact Connectomics Group Cambridge for more detailed information on descending/ascending neurons",False,True
720575940606756309,"DNp_R; Part of comprehensive neck connective tracing, contact Connectomics Group Cambridge for more detailed information on descending/ascending neurons",False,True
720575940616649845,"DNp_R; Part of comprehensive neck connective tracing, contact Connectomics Group Cambridge for more detailed information on descending/ascending neurons",False,True
720575940628498161,"DNp_R; Part of comprehensive neck connective tracing, contact Connectomics Group Cambridge for more detailed information on descending/ascending neurons",False,True
720575940616647483,"DNp_R; Part of comprehensive neck connective tracing, contact Connectomics Group Cambridge for more detailed information on descending/ascending neurons",False,True
720575940618550699,"DNp_R; Part of comprehensive neck connective tracing, contact Connectomics Group Cambridge for more detailed information on descending/ascending neurons",False,True
720575940615219417,"DNp_R; Part of comprehensive neck connective tracing, contact Connectomics Group Cambridge for more detailed information on descending/ascending neurons",False,True
720575940615630237,"DNp_R; Part of comprehensive neck connective tracing, contact Connectomics Group Cambridge for more detailed information on descending/ascending neurons",False,True
720575940603489824,"DNp_R; Part of comprehensive neck connective tracing, contact Connectomics Group Cambridge for more detailed information on descending/ascending neurons",False,True
720575940622917351,"DNp_R; Part of comprehensive neck connective tracing, contact Connectomics Group Cambridge for more detailed information on descending/ascending neurons",False,True
720575940607971337,"DNp_R; Part of comprehensive neck connective tracing, contact Connectomics Group Cambridge for more detailed information on descending/ascending neurons",False,True
720575940619341744,"DNp_R; Part of comprehensive neck connective tracing, contact Connectomics Group Cambridge for more detailed information on descending/ascending neurons",False,True
720575940603874784,"DNp_R; Part of comprehensive neck connective tracing, contact Connectomics Group Cambridge for more detailed information on descending/ascending neurons",False,True
720575940617750070,"DNp_R; Part of comprehensive neck connective tracing, contact Connectomics Group Cambridge for more detailed information on descending/ascending neurons",False,True
720575940630106309,"DNp_R; Part of comprehensive neck connective tracing, contact Connectomics Group Cambridge for more detailed information on descending/ascending neurons",False,True
720575940627924227,"DNp_R; Part of comprehensive neck connective tracing, contact Connectomics Group Cambridge for more detailed information on descending/ascending neurons",False,True
720575940623556755,"DNp_R; Part of comprehensive neck connective tracing, contact Connectomics Group Cambridge for more detailed information on descending/ascending neurons",False,True
720575940623467527,"DNp_R; Part of comprehensive neck connective tracing, contact Connectomics Group Cambridge for more detailed information on descending/ascending neurons",False,True
720575940617802699,"DNp_R; Part of comprehensive neck connective tracing, contact Connectomics Group Cambridge for more detailed information on descending/ascending neurons",False,True
720575940622505511,"DNp_R; Part of comprehensive neck connective tracing, contact Connectomics Group Cambridge for more detailed information on descending/ascending neurons",False,True
720575940604103084,"DNp_R; Part of comprehensive neck connective tracing, contact Connectomics Group Cambridge for more detailed information on descending/ascending neurons",False,True
720575940629509948,"DNp_R; Part of comprehensive neck connective tracing, contact Connectomics Group Cambridge for more detailed information on descending/ascending neurons",False,True
720575940627166851,"DNp_R; Part of comprehensive neck connective tracing, contact Connectomics Group Cambridge for more detailed information on descending/ascending neurons",False,True
720575940617140597,"DNp_R; Part of comprehensive neck connective tracing, contact Connectomics Group Cambridge for more detailed information on descending/ascending neurons",False,True
720575940634458719,"DNp_R; Part of comprehensive neck connective tracing, contact Connectomics Group Cambridge for more detailed information on descending/ascending neurons",False,True
720575940625890812,"DNp_R; Part of comprehensive neck connective tracing, contact Connectomics Group Cambridge for more detailed information on descending/ascending neurons",False,True
720575940639919824,"DNp_R; Part of comprehensive neck connective tracing, contact Connectomics Group Cambridge for more detailed information on descending/ascending neurons",False,True
720575940629866283,"DNp_R; Part of comprehensive neck connective tracing, contact Connectomics Group Cambridge for more detailed information on descending/ascending neurons",False,True
720575940627620593,"DNp_R; Part of comprehensive neck connective tracing, contact Connectomics Group Cambridge for more detailed information on descending/ascending neurons",False,True
720575940635872101,"DNp_R; Part of comprehensive neck connective tracing, contact Connectomics Group Cambridge for more detailed information on descending/ascending neurons",False,True
720575940627560236,"DNp_R; Part of comprehensive neck connective tracing, contact Connectomics Group Cambridge for more detailed information on descending/ascending neurons",False,True
720575940618440000,"DNp_R; Part of comprehensive neck connective tracing, contact Connectomics Group Cambridge for more detailed information on descending/ascending neurons",False,True
720575940627496829,"DNp_R; Part of comprehensive neck connective tracing, contact Connectomics Group Cambridge for more detailed information on descending/ascending neurons; vpoDN from Wang et al 2020c",False,True
720575940642411917,"DNp_R; Part of comprehensive neck connective tracing, contact Connectomics Group Cambridge for more detailed information on descending/ascending neurons",False,True
720575940625184782,"DNp_R; Part of comprehensive neck connective tracing, contact Connectomics Group Cambridge for more detailed information on descending/ascending neurons",False,True
720575940607632579,"DNp_R; Part of comprehensive neck connective tracing, contact Connectomics Group Cambridge for more detailed information on descending/ascending neurons",False,True
720575940616026939,"DNp_R; Part of comprehensive neck connective tracing, contact Connectomics Group Cambridge for more detailed information on descending/ascending neurons",False,True
720575940627055303,"DNp_R; Part of comprehensive neck connective tracing, contact Connectomics Group Cambridge for more detailed information on descending/ascending neurons",False,True
720575940620369517,"DNp_R; Part of comprehensive neck connective tracing, contact Connectomics Group Cambridge for more detailed information on descending/ascending neurons",False,True
720575940619486891,"DNp_R; Part of comprehensive neck connective tracing, contact Connectomics Group Cambridge for more detailed information on descending/ascending neurons",False,True
720575940615692690,"DNp_R; Part of comprehensive neck connective tracing, contact Connectomics Group Cambridge for more detailed information on descending/ascending neurons",False,True
720575940624402173,"DNp_R; Part of comprehensive neck connective tracing, contact Connectomics Group Cambridge for more detailed information on descending/ascending neurons",False,True
720575940631082808,"DNp_R; Part of comprehensive neck connective tracing, contact Connectomics Group Cambridge for more detailed information on descending/ascending neurons",False,True
720575940620153765,"DNp_R; Part of comprehensive neck connective tracing, contact Connectomics Group Cambridge for more detailed information on descending/ascending neurons",False,True
720575940642894628,"DNp_R; Part of comprehensive neck connective tracing, contact Connectomics Group Cambridge for more detailed information on descending/ascending neurons",False,True
720575940636479863,"DNp_R; Part of comprehensive neck connective tracing, contact Connectomics Group Cambridge for more detailed information on descending/ascending neurons",False,True
720575940623274966,"DNp_R; Part of comprehensive neck connective tracing, contact Connectomics Group Cambridge for more detailed information on descending/ascending neurons",False,True
720575940627645514,"DNp_R; Part of comprehensive neck connective tracing, contact Connectomics Group Cambridge for more detailed information on descending/ascending neurons",False,True
720575940628731140,"DNp_R; Part of comprehensive neck connective tracing, contact Connectomics Group Cambridge for more detailed information on descending/ascending neurons",False,True
720575940619432261,"DNp_R; Part of comprehensive neck connective tracing, contact Connectomics Group Cambridge for more detailed information on descending/ascending neurons",False,True
720575940627921182,"DNp_R; Part of comprehensive neck connective tracing, contact Connectomics Group Cambridge for more detailed information on descending/ascending neurons; oviDNa#1 from Wang et al 2020a and Otto et al 2020",False,True
720575940617034565,"DNp_R; Part of comprehensive neck connective tracing, contact Connectomics Group Cambridge for more detailed information on descending/ascending neurons",False,True
720575940623781127,"DNp_R; Part of comprehensive neck connective tracing, contact Connectomics Group Cambridge for more detailed information on descending/ascending neurons",False,True
720575940612203482,"DNp_R; Part of comprehensive neck connective tracing, contact Connectomics Group Cambridge for more detailed information on descending/ascending neurons",False,True
720575940617552569,"DNp_R; Part of comprehensive neck connective tracing, contact Connectomics Group Cambridge for more detailed information on descending/ascending neurons",False,True
720575940626562833,"DNp_R; Part of comprehensive neck connective tracing, contact Connectomics Group Cambridge for more detailed information on descending/ascending neurons",False,True
720575940620582260,"DNp_R; Part of comprehensive neck connective tracing, contact Connectomics Group Cambridge for more detailed information on descending/ascending neurons",False,True
720575940623142426,"DNp_R; Part of comprehensive neck connective tracing, contact Connectomics Group Cambridge for more detailed information on descending/ascending neurons",False,True
720575940641518733,"DNp_R; Part of comprehensive neck connective tracing, contact Connectomics Group Cambridge for more detailed information on descending/ascending neurons; oviDNb from Wang et al 2020a",False,True
720575940620054694,"DNp_R; Part of comprehensive neck connective tracing, contact Connectomics Group Cambridge for more detailed information on descending/ascending neurons",False,True
720575940610472146,"DNp_R; Part of comprehensive neck connective tracing, contact Connectomics Group Cambridge for more detailed information on descending/ascending neurons",False,True
720575940635640312,"DNp_R; Part of comprehensive neck connective tracing, contact Connectomics Group Cambridge for more detailed information on descending/ascending neurons",False,True
720575940624407944,"DNp_R; Part of comprehensive neck connective tracing, contact Connectomics Group Cambridge for more detailed information on descending/ascending neurons",False,True
720575940613403890,"DNp_R; Part of comprehensive neck connective tracing, contact Connectomics Group Cambridge for more detailed information on descending/ascending neurons",False,True
720575940647471395,"DNp_R; Part of comprehensive neck connective tracing, contact Connectomics Group Cambridge for more detailed information on descending/ascending neurons",False,True
720575940639789475,"DNp_R; Part of comprehensive neck connective tracing, contact Connectomics Group Cambridge for more detailed information on descending/ascending neurons",False,True
720575940607037635,"DNp_R; Part of comprehensive neck connective tracing, contact Connectomics Group Cambridge for more detailed information on descending/ascending neurons",False,True
720575940616293855,"DNp_R; Part of comprehensive neck connective tracing, contact Connectomics Group Cambridge for more detailed information on descending/ascending neurons",False,True
720575940611886289,"DNp_R; Part of comprehensive neck connective tracing, contact Connectomics Group Cambridge for more detailed information on descending/ascending neurons",False,True
720575940630346860,"DNp_R; Part of comprehensive neck connective tracing, contact Connectomics Group Cambridge for more detailed information on descending/ascending neurons",False,True
720575940615251251,"DNp_R; Part of comprehensive neck connective tracing, contact Connectomics Group Cambridge for more detailed information on descending/ascending neurons",False,True
720575940627582724,"DNp_R; Part of comprehensive neck connective tracing, contact Connectomics Group Cambridge for more detailed information on descending/ascending neurons",False,True
720575940629428215,"DNp_R; Part of comprehensive neck connective tracing, contact Connectomics Group Cambridge for more detailed information on descending/ascending neurons",False,True
720575940618870881,"DNp_R; Part of comprehensive neck connective tracing, contact Connectomics Group Cambridge for more detailed information on descending/ascending neurons",False,True
720575940619790975,"DNp_R; Part of comprehensive neck connective tracing, contact Connectomics Group Cambridge for more detailed information on descending/ascending neurons",False,True
720575940631720417,"DNp_R; Part of comprehensive neck connective tracing, contact Connectomics Group Cambridge for more detailed information on descending/ascending neurons",False,True
720575940630425083,"DNp_R; Part of comprehensive neck connective tracing, contact Connectomics Group Cambridge for more detailed information on descending/ascending neurons",False,True
720575940638637501,"DNp_R; Part of comprehensive neck connective tracing, contact Connectomics Group Cambridge for more detailed information on descending/ascending neurons",False,True
720575940635210859,"DNp_R; Part of comprehensive neck connective tracing, contact Connectomics Group Cambridge for more detailed information on descending/ascending neurons",False,True
720575940615798470,"DNp_R; Part of comprehensive neck connective tracing, contact Connectomics Group Cambridge for more detailed information on descending/ascending neurons",False,True
720575940628398202,"DNp_R; Part of comprehensive neck connective tracing, contact Connectomics Group Cambridge for more detailed information on descending/ascending neurons",False,True
720575940623153788,"DNp_R; Part of comprehensive neck connective tracing, contact Connectomics Group Cambridge for more detailed information on descending/ascending neurons",False,True
720575940613636325,"DNp_R; Part of comprehensive neck connective tracing, contact Connectomics Group Cambridge for more detailed information on descending/ascending neurons",False,True
720575940645258606,"DNp_R; Part of comprehensive neck connective tracing, contact Connectomics Group Cambridge for more detailed information on descending/ascending neurons",False,True
720575940612311987,"DNp_R; Part of comprehensive neck connective tracing, contact Connectomics Group Cambridge for more detailed information on descending/ascending neurons",False,True
720575940606179686,"DNp_R; Part of comprehensive neck connective tracing, contact Connectomics Group Cambridge for more detailed information on descending/ascending neurons",False,True
720575940628437291,"DNp_R; Part of comprehensive neck connective tracing, contact Connectomics Group Cambridge for more detailed information on descending/ascending neurons",False,True
720575940619089005,"DNp_R; Part of comprehensive neck connective tracing, contact Connectomics Group Cambridge for more detailed information on descending/ascending neurons",False,True
720575940612682467,"DNp_R; Part of comprehensive neck connective tracing, contact Connectomics Group Cambridge for more detailed information on descending/ascending neurons",False,True
720575940608145026,"DNp_R; Part of comprehensive neck connective tracing, contact Connectomics Group Cambridge for more detailed information on descending/ascending neurons",False,True
720575940616886301,"DNp_R; Part of comprehensive neck connective tracing, contact Connectomics Group Cambridge for more detailed information on descending/ascending neurons",False,True
720575940635464343,"DNp_R; Part of comprehensive neck connective tracing, contact Connectomics Group Cambridge for more detailed information on descending/ascending neurons",False,True
720575940615378700,"DNp_R; Part of comprehensive neck connective tracing, contact Connectomics Group Cambridge for more detailed information on descending/ascending neurons",False,True
720575940622040419,"DNp_R; Part of comprehensive neck connective tracing, contact Connectomics Group Cambridge for more detailed information on descending/ascending neurons",False,True
720575940621257340,"DNp_R; Part of comprehensive neck connective tracing, contact Connectomics Group Cambridge for more detailed information on descending/ascending neurons; oviDNa#2 from Wang et al 2020a",False,True
720575940624801771,"DNp_R; Part of comprehensive neck connective tracing, contact Connectomics Group Cambridge for more detailed information on descending/ascending neurons",False,True
720575940608409355,"DNp_R; Part of comprehensive neck connective tracing, contact Connectomics Group Cambridge for more detailed information on descending/ascending neurons",False,True
720575940631549202,"Putative AN; Part of comprehensive neck connective tracing, contact Connectomics Group Cambridge for more detailed information on descending/ascending neurons",False,False
720575940620625880,"DNp_R; Part of comprehensive neck connective tracing, contact Connectomics Group Cambridge for more detailed information on descending/ascending neurons",False,True
720575940632646114,"DNp_R; Part of comprehensive neck connective tracing, contact Connectomics Group Cambridge for more detailed information on descending/ascending neurons",False,True
720575940622675421,"DNp_R; Part of comprehensive neck connective tracing, contact Connectomics Group Cambridge for more detailed information on descending/ascending neurons",False,True
720575940616604817,"DNp_R; Part of comprehensive neck connective tracing, contact Connectomics Group Cambridge for more detailed information on descending/ascending neurons",False,True
720575940632422219,"DNp_R; Part of comprehensive neck connective tracing, contact Connectomics Group Cambridge for more detailed information on descending/ascending neurons",False,True
720575940615559892,"DNp_R; Part of comprehensive neck connective tracing, contact Connectomics Group Cambridge for more detailed information on descending/ascending neurons",False,True
720575940631483695,"DNp_R; Part of comprehensive neck connective tracing, contact Connectomics Group Cambridge for more detailed information on descending/ascending neurons",False,True
720575940646814340,"DNp_R; Part of comprehensive neck connective tracing, contact Connectomics Group Cambridge for more detailed information on descending/ascending neurons",False,True
720575940655587489,"DNp_R; Part of comprehensive neck connective tracing, contact Connectomics Group Cambridge for more detailed information on descending/ascending neurons",False,True
720575940604284128,"DNp_R; Part of comprehensive neck connective tracing, contact Connectomics Group Cambridge for more detailed information on descending/ascending neurons",False,True
720575940615092019,"DNp_R; Part of comprehensive neck connective tracing, contact Connectomics Group Cambridge for more detailed information on descending/ascending neurons",False,True
720575940636610671,"DNp_R; Part of comprehensive neck connective tracing, contact Connectomics Group Cambridge for more detailed information on descending/ascending neurons",False,True
720575940631309866,"DNp_R; Part of comprehensive neck connective tracing, contact Connectomics Group Cambridge for more detailed information on descending/ascending neurons",False,True
720575940632189900,"DNp_R; Part of comprehensive neck connective tracing, contact Connectomics Group Cambridge for more detailed information on descending/ascending neurons",False,True
720575940620156283,"DNp_R; Part of comprehensive neck connective tracing, contact Connectomics Group Cambridge for more detailed information on descending/ascending neurons",False,True
720575940630382075,"very short AN; Part of comprehensive neck connective tracing, contact Connectomics Group Cambridge for more detailed information on descending/ascending neurons",False,False
720575940622195625,"Putative AN; Part of comprehensive neck connective tracing, contact Connectomics Group Cambridge for more detailed information on descending/ascending neurons",False,False
720575940636592302,"Putative AN; Part of comprehensive neck connective tracing, contact Connectomics Group Cambridge for more detailed information on descending/ascending neurons",False,False
720575940630808827,"Crossover R, Owl postsynaptic neuron",False,False
720575940631499832,CL341 (Hemibrain),False,False
720575940624977847,CL341 (Hemibrain),False,False
720575940626859283,"CL139 (Hemibrain) DNp23; Namiki, S., Dickinson, M. H., Wong, A. M., Korff, W. & Card, G. M. The functional organization of descending sensory-motor pathways in Drosophila. eLife 7, e34272 (2018).",False,False
720575940630221509,"CL139 (Hemibrain) DNp25; Namiki, S., Dickinson, M. H., Wong, A. M., Korff, W. & Card, G. M. The functional organization of descending sensory-motor pathways in Drosophila. eLife 7, e34272 (2018).",False,False
720575940624897516,"web; Sterne, G. R., Otsuna, H., Dickson, B. J. & Scott, K. Classification and genetic targeting of cell types in the primary taste and premotor center of the adult Drosophila brain. eLife 10, e71679 (2021).",False,False
720575940630980559,Bitter-SEL; Serotonergic,False,False
720575940610173048,Bitter-SEL; Serotonergic,False,False
720575940621667693,Bitter-SEL; Serotonergic,False,False
720575940630665210,Bitter-SEL; Serotonergic,False,False
720575940632407826,"Owl R, ISN postsynaptic neuron",False,False
720575940632524559,"Owl L, ISN postsynaptic neuron",False,False
720575940629543409,"Crossover L, Owl postsynaptic neuron",False,False
720575940629805950,"Axolotl L, Owl postsynaptic neuron",False,False
720575940611772083,up_DN2_ascending_16_left,True,False
720575940611108676,"OA-VUMd1; Busch et al., 2009",False,False
720575940625937340,ascending_FW_141_left,True,False
720575940634560922,ascending_FW_167_left,True,False
720575940627790991,"OA-VUMd1; Busch et al., 2009",False,False
720575940622237466,"OA-VUMd2?; Busch et al., 2009",False,False
720575940607384242,"OA-VUMd2?; Busch et al., 2009",False,False
720575940630956345,"OA-VUMd3?; Busch et al., 2009",False,False
720575940625489160,"OA-VUMd3?; Busch et al., 2009",False,False
720575940644751652,"OA-VPM1; Busch et al., 2009",False,False
720575940623503318,"OA-VPM2; Busch et al., 2009",False,False
720575940630956345,"FruM/OA neuron?; Certel et al., 2010",False,False
720575940625489160,"FruM/OA neuron?; Certel et al., 2010",False,False
720575940644751652,"FruM/OA neuron; Certel et al., 2010",False,False
720575940619945931,descending_FW_25_left,True,False
720575940629412170,descending_FW_26,False,False
720575940632903737,descending_FW_27_left,True,False
720575940635212139,descending_FW_28_left,True,False
720575940633996883,descending_FW_29,False,False
720575940632486969,descending_FW_30,False,False
720575940610173048,descending_FW_31_left,True,False
720575940629543409,descending_FW_32,False,False
720575940627828552,descending_FW_34,False,False
720575940622843530,descending_FW_35,False,False
720575940631632012,descending_FW_36,False,False
720575940613339875,descending_FW_37,False,False
720575940622386824,descending_FW_38,False,False
720575940627417619,descending_FW_40,False,False
720575940631108559,descending_FW_41,False,False
720575940620354836,descending_FW_42_left,True,False
720575940643347616,descending_FW_44,False,False
720575940637612974,descending_FW_45,False,False
720575940630808827,descending_FW_46_left,True,False
720575940622195625,descending_FW_47_left,True,False
720575940618574749,descending_FW_48,False,False
720575940615378399,descending_FW_49_left,True,False
720575940627825923,descending_FW_50,False,False
720575940629428215,descending_FW_53,False,False
720575940627107721,descending_FW_54_left,True,False
720575940617031385,descending_FW_55_left,True,False
720575940619024542,descending_FW_56,False,False
720575940628352850,descending_FW_57,False,False
720575940619654053,descending_FW_58,False,False
720575940626816062,descending_FW_60,False,False
720575940615505406,descending_FW_61_left,True,False
720575940626799920,descending_FW_62_left,True,False
720575940634458719,descending_FW_63,False,False
720575940618663838,descending_FW_64,False,False
720575940604783136,descending_FW_65,False,False
720575940631982952,descending_FW_66,False,False
720575940637870510,descending_FW_67,False,False
720575940629438508,descending_FW_68_left,True,False
720575940622633716,descending_FW_69,False,False
720575940630059087,descending_FW_71,False,False
720575940645352814,descending_FW_72,False,False
720575940652104694,descending_FW_73_left,True,False
720575940638664355,descending_FW_74,False,False
720575940612036837,descending_FW_75,False,False
720575940623637226,descending_FW_76,False,False
720575940627015196,Cervical Nerve Neuron 1214051 SI; Catmaid ID: 1214050,False,False
720575940610604078,descending_FW_76_left,True,False
720575940628971779,descending_FW_77,False,False
720575940616376287,descending_FW_78,False,False
720575940639118926,neuron 3131236,False,False
720575940611108676,"SEZ ventral median (VM) OA cluster; Monastirioti et al., 1995; Sinakevitch and Strausfeld, 2006",False,False
720575940628252751,descending_FW_79,False,False
720575940627790991,"SEZ ventral median (VM) OA cluster; Monastirioti et al., 1995; Sinakevitch and Strausfeld, 2006",False,False
720575940622237466,"SEZ ventral median (VM) OA cluster; Monastirioti et al., 1995; Sinakevitch and Strausfeld, 2006",False,False
720575940631889965,descending_FW_80,False,False
720575940607384242,"SEZ ventral median (VM) OA cluster; Monastirioti et al., 1995; Sinakevitch and Strausfeld, 2006",False,False
720575940619038366,descending_FW_81_left,True,False
720575940630956345,"SEZ ventral median (VM) OA cluster; Monastirioti et al., 1995; Sinakevitch and Strausfeld, 2006",False,False
720575940625489160,"SEZ ventral median (VM) OA cluster; Monastirioti et al., 1995; Sinakevitch and Strausfeld, 2006",False,False
720575940614909506,descending_FW_84_left,True,False
720575940644751652,"SEZ ventral median (VM) OA cluster; Monastirioti et al., 1995; Sinakevitch and Strausfeld, 2006",False,False
720575940623503318,"SEZ ventral median (VM) OA cluster; Monastirioti et al., 1995; Sinakevitch and Strausfeld, 2006",False,False
720575940636656632,descending_FW_85,False,False
720575940627629598,descending_FW_1,False,False
720575940650282742,descending_FW_86,False,False
720575940647031860,descending_FW_2,False,False
720575940629486075,descending_FW_87,False,False
720575940607170178,descending_left_FW_1,True,False
720575940630695798,descending_FW_3,False,False
720575940608716809,descending_FW_4_left,True,False
720575940628844712,descending_FW_88_left,True,False
720575940628030440,descending_FW_5_left,True,False
720575940622537477,descending_FW_6,False,False
720575940615692690,descending_FW_89; Catmaid ID: 5063628,False,False
720575940629792060,descending_FW_7,False,False
720575940627482114,descending_FW_9,False,False
720575940620298772,descending_FW_90,False,False
720575940634915691,descending_FW_10_left,True,False
720575940628125715,descending_FW_11,False,False
720575940644467360,descending_FW_4,False,False
720575940614736034,descending_FW_12_left,True,False
720575940623706405,descending_FW_13,False,False
720575940620543025,descending_FW_14,False,False
720575940644751652,descending_FW_14_left,True,False
720575940620169607,descending_FW_15_left,True,False
720575940622067165,descending_FW_15,False,False
720575940618291520,descending_FW_3_left,True,False
720575940624333802,descending_FW_16_left,True,False
720575940640316238,descending_FW_91,False,False
720575940632960813,descending_FW_17,False,False
720575940621923837,descending_FW_18,False,False
720575940639428174,descending_FW_19_left,True,False
720575940628225167,descending_FW_20_left,True,False
720575940622161366,descending_FW_92_left,True,False
720575940634782359,descending_FW_21_left,True,False
720575940613307033,descending_FW_23,False,False
720575940626834698,12A_DN_X_41,False,False
720575940625863728,descending_FW_93_left,True,False
720575940605714878,descending_FW_94,False,False
720575940617399257,descending_FW_95; Catmaid ID: 4965438,False,False
720575940615030568,descending_FW_96_left,True,False
720575940631508598,descending_FW_97_left,True,False
720575940623128269,descending_FW_98_left,True,False
720575940623355114,descending_FW_99_left,True,False
720575940616597334,descending_FW_101,False,False
720575940626834698,12A_DN_X_41,False,False
720575940640723315,descending_FW_196_left,True,False
720575940625870640,SH-DNbw_1,False,False
720575940616400470,descending_FW_198,False,False
720575940626849546,descending_FW_200,False,False
720575940632722771,descending_FW_201,False,False
720575940607451081,descending_FW_202,False,False
720575940622579967,descending_FW_203,False,False
720575940639152361,descending_FW_205_left,True,False
720575940621530117,descending_FW_206_left,True,False
720575940630810486,up_DN1_descending_1_right,False,True
720575940623338281,up_DN1_descending_1_left,True,False
720575940640747352,up_DN1_descending_2_right,False,True
720575940627750216,up_DN1_descending_5_right,False,True
720575940629012227,up_DN1_descending_6_left; Catmaid ID: 12529421,True,False
720575940627044885,up_DN1_descending_7_left; Catmaid ID: 11412327,True,False
720575940634750871,up_DN1_descending_8_right; Catmaid ID: 430,False,True
720575940628669545,up_DN1_descending_9_left,True,False
720575940617792069,up_DN1_descending_4_left,True,False
720575940625006776,up_DN1_descending_10_left,True,False
720575940645556334,up_DN1_descending_6_right,False,True
720575940645537902,up_DN1_descending_11_right,False,True
720575940621554112,up_DN1_descending_5_left,True,False
720575940613838289,up_DN1_descending_12_left,True,False
720575940644666660,up_DN1_descending_13_left,True,False
720575940637648485,SCS_unclassified_4_descending_right,False,True
720575940639314229,up_DN1_descending_7_right,False,True
720575940639634304,up_DN2_descending_1_left,True,False
720575940630480348,up_DN2_descending_2_left,True,False
720575940628360723,up_DN2_descending_3_right,False,True
720575940615666655,up_DN2_descending_1_right,False,True
720575940633529548,up_DN2_descending_4_right,False,True
720575940626092302,up_DN1_descending_9_right,False,True
720575940625306603,KE-SCS_unclassified_13_descending_left; Catmaid ID: 7341439,True,False
720575940631342073,SCS_unclassified_19_descending,False,False
720575940633771745,SCS_unclassified_4_descending; Catmaid ID: 8651359,False,False
720575940620749807,SPN upstream 7301537 JS; Catmaid ID: 7301536,False,False
720575940623503318,DNg 6167116 FML Weimaraner; Catmaid ID: 6167115,False,False
720575940640325429,Google: 4233716874 HC (2 neurons); Catmaid ID: 63103431,False,False
720575940641278965,Candidate Redhead L neuron 7193206 GSXEJ; Catmaid ID: 7193205,False,False
720575940604954289,putative DNp04 neuron 6958819 SMA JSP; Catmaid ID: 6958818,False,False
720575940631122191,DNp43 6180225 FML Redhead; Catmaid ID: 6180224,False,False
720575940630135084,neuron 11794281 ET; Catmaid ID: 11794280,False,False
720575940614730914,LPTC input 999559 ME; Catmaid ID: 999558,False,False
720575940631091407,dng13_input_qv1; Catmaid ID: 15574989,False,False
720575940628883535,dng13_input_qv1 left,True,False
720575940617432065,downstream of antennal BN2_1 KE_15; Catmaid ID: 10432924,False,False
720575940621319156,downstream of antennal BN2_1 KE_15 right,False,True
720575940624106388,downstream of antennal BN2_1 KE_12,False,False
720575940621519130,Google: 4229879580 ET; Catmaid ID: 17203934,False,False
720575940648188548,neuron 11570022 ET; Catmaid ID: 11570021,False,False
720575940639705077,GF input neuron 6314464 SMA - unclassified type 40; Catmaid ID: 6314463,False,False
720575940627790991,GF input neuron 8103010 JSP - unclassified type 60; Catmaid ID: 8103009,False,False
720575940616401467,neuron 5239942 ME; Catmaid ID: 5239941,False,False
720575940620541099,neuron 11513476 ET; Catmaid ID: 11513475,False,False
720575940633293025,neuron 11512038 ET; Catmaid ID: 11512037,False,False
720575940627500279,12A_DN_right_X_1,False,True
720575940627500279,12A_DN_right_X_1,False,True
720575940617074393,12A_DN_right_X_2,False,True
720575940617074393,12A_DN_right_X_2,False,True
720575940604930481,12A_DN_right_X_3,False,True
720575940604930481,12A_DN_right_X_3,False,True
720575940612019825,12A_DN_right_X_4,False,True
720575940612019825,12A_DN_right_X_4,False,True
720575940631035603,12A_DN_right_X_5,False,True
720575940631035603,12A_DN_right_X_5,False,True
720575940628445169,12A_DN_right_X_6,False,True
720575940628445169,12A_DN_right_X_6,False,True
720575940634198926,12A_DN_right_X_7,False,True
720575940634198926,12A_DN_right_X_7,False,True
720575940612427414,12A_DN_right_X_8,False,True
720575940612427414,12A_DN_right_X_8,False,True
720575940615623051,12A_DN_right_X_9,False,True
720575940615623051,12A_DN_right_X_9,False,True
720575940617568697,12A_DN_right_X_10,False,True
720575940617568697,12A_DN_right_X_10,False,True
720575940627814522,12A_DN_right_X_11,False,True
720575940627814522,12A_DN_right_X_11,False,True
720575940632698541,12A_DN_right_X_12,False,True
720575940632698541,12A_DN_right_X_12,False,True
720575940619524852,12A_DN_right_X_13,False,True
720575940619524852,12A_DN_right_X_13,False,True
720575940628378440,12A_DN_right_X_14,False,True
720575940628378440,12A_DN_right_X_14,False,True
720575940618762605,12A_DN_right_X_15,False,True
720575940618762605,12A_DN_right_X_15,False,True
720575940618147520,12A_DN_right_X_16,False,True
720575940618147520,12A_DN_right_X_16,False,True
720575940626849546,12A_DN_right_X_17,False,True
720575940626849546,12A_DN_right_X_17,False,True
720575940617993607,12A_DN_right_X_18,False,True
720575940617993607,12A_DN_right_X_18,False,True
720575940642926702,12A_DN_right_X_19,False,True
720575940642926702,12A_DN_right_X_19,False,True
720575940624394498,12A_DN_right_X_20,False,True
720575940624394498,12A_DN_right_X_20,False,True
720575940635175263,12A_DN_right_X_21,False,True
720575940635175263,12A_DN_right_X_21,False,True
720575940630221563,12A_DN_right_X_22,False,True
720575940630221563,12A_DN_right_X_22,False,True
720575940619133878,12A_DN_right_X_23,False,True
720575940619133878,12A_DN_right_X_23,False,True
720575940611700520,12A_DN_right_X_24,False,True
720575940611700520,12A_DN_right_X_24,False,True
720575940632620991,12A_DN_right_X_25,False,True
720575940632620991,12A_DN_right_X_25,False,True
720575940618519454,12A_DN_right_X_26,False,True
720575940618519454,12A_DN_right_X_26,False,True
720575940620135645,12A_DN_right_X_27,False,True
720575940620135645,12A_DN_right_X_27,False,True
720575940644659236,12A_DN_right_X_28,False,True
720575940644659236,12A_DN_right_X_28,False,True
720575940612427670,12A_DN_right_X_29,False,True
720575940612427670,12A_DN_right_X_29,False,True
720575940637501784,12A_DN_right_X_30,False,True
720575940637501784,12A_DN_right_X_30,False,True
720575940625422609,12A_DN_right_X_31,False,True
720575940625422609,12A_DN_right_X_31,False,True
720575940632355885,12A_DN_right_X_32,False,True
720575940632355885,12A_DN_right_X_32,False,True
720575940621181066,12A_DN_right_X_33,False,True
720575940621181066,12A_DN_right_X_33,False,True
720575940625872688,12A_DN_right_X_34,False,True
720575940625872688,12A_DN_right_X_34,False,True
720575940622797244,12A_DN_right_X_35,False,True
720575940622797244,12A_DN_right_X_35,False,True
720575940624484796,12A_DN_right_X_36,False,True
720575940624484796,12A_DN_right_X_36,False,True
720575940621767306,12A_DN_right_X_37,False,True
720575940621767306,12A_DN_right_X_37,False,True
720575940608960722,12A_DN_right_X_38,False,True
720575940608960722,12A_DN_right_X_38,False,True
720575940618947956,12A_DN_right_X_39,False,True
720575940618947956,12A_DN_right_X_39,False,True
720575940616353675,12A_DN_right_X_40,False,True
720575940611813842,descending_FW_102,False,False
720575940616353675,12A_DN_right_X_40,False,True
720575940632302151,12A_DN_right_X_41,False,True
720575940632302151,12A_DN_right_X_41,False,True
720575940622332403,12A_DN_right_X_42,False,True
720575940620582260,descending_FW_103,False,False
720575940622332403,12A_DN_right_X_42,False,True
720575940626672058,descending_FW_104_left; Catmaid ID: 14097970,True,False
720575940634825879,descending_FW_105_left; Catmaid ID: 15514898,True,False
720575940611756723,descending_FW_106_left,True,False
720575940622594186,descending_FW_107_left,True,False
720575940620711334,descending_FW_108_left; Catmaid ID: 17205722,True,False
720575940646443316,descending_FW_109; Catmaid ID: 16324163,False,False
720575940609376707,descending_FW_110_left,True,False
720575940606425033,descending_FW_111_left,True,False
720575940629736720,descending_FW_112_left,True,False
720575940619877396,descending_FW_113_left,True,False
720575940624986300,descending_FW_114_left,True,False
720575940610231509,descending_FW_115,False,False
720575940647228468,descending_FW_116_left,True,False
720575940632422219,descending_FW_117,False,False
720575940627847752,descending_FW_118,False,False
720575940615898730,descending_FW_119_left,True,False
720575940611308181,descending_FW_120,False,False
720575940629521655,descending_FW_121,False,False
720575940660269185,descending_FW_122,False,False
720575940623132621,descending_FW_124,False,False
720575940615043222,descending_FW_125_left,True,False
720575940627234069,descending_FW_126_left,True,False
720575940609407939,descending_FW_127_left,True,False
720575940627285267,descending_FW_128_left,True,False
720575940613347299,descending_FW_129_left,True,False
720575940623918121,descending_FW_130,False,False
720575940627827697,descending_FW_131_left,True,False
720575940639425112,descending_FW_132_left,True,False
720575940623385894,descending_FW_133_left,True,False
720575940626557442,descending_FW_134_left,True,False
720575940644653348,descending_FW_135_left,True,False
720575940626328707,descending_FW_136_left,True,False
720575940631629160,descending_FW_137_left,True,False
720575940627403578,descending_FW_138,False,False
720575940622027222,descending_FW_139_left,True,False
720575940620297819,descending_FW_140,False,False
720575940617950877,descending_FW_142_left,True,False
720575940625747812,descending_FW_143_left,True,False
720575940608735241,descending_FW_144_left,True,False
720575940637603038,descending_FW_148_left,True,False
720575940629805950,descending_FW_48_left; Catmaid ID: 11779113,True,False
720575940621313414,descending_FW_152,False,False
720575940625890888,descending_FW_153; Catmaid ID: 7335404,False,False
720575940623137212,descending_FW_154,False,False
720575940630607738,descending_FW_156,False,False
720575940627167516,descending_FW_157_left,True,False
720575940624750480,descending_FW_161,False,False
720575940608188427,descending_FW_162,False,False
720575940633228172,descending_FW_164,False,False
720575940630403031,descending_FW_166,False,False
720575940618514043,descending_FW_167,False,False
720575940632412333,descending_FW_168_left,True,False
720575940654094241,descending_FW_169,False,False
720575940647560500,descending_FW_175,False,False
720575940648180868,descending_FW_176_left,True,False
720575940611531986,descending_FW_177,False,False
720575940630054735,descending_FW_179,False,False
720575940628345610,descending_FW_181,False,False
720575940619530187,descending_FW_185_left,True,False
720575940629240263,descending_FW_187_left,True,False
720575940623164685,descending_FW_188,False,False
720575940620541099,descending_FW_189,False,False
720575940624537284,descending_FW_190,False,False
720575940644467360,descending_FW_191,False,False
720575940624537284,descending_FW_192,False,False
720575940637612974,descending_FW_193,False,False
720575940621628582,descending_FW_194,False,False
720575940634617952,descending_FW_195,False,False
720575940614165201,12A_DN_X_1,False,False
720575940614165201,12A_DN_X_1,False,False
720575940615958203,12A_DN_X_2,False,False
720575940615958203,12A_DN_X_2,False,False
720575940631987364,12A_DN_X_3,False,False
720575940631987364,12A_DN_X_3,False,False
720575940605282406,12A_DN_X_4,False,False
720575940605282406,12A_DN_X_4,False,False
720575940625642302,12A_DN_X_5,False,False
720575940625642302,12A_DN_X_5,False,False
720575940622478349,12A_DN_X_6,False,False
720575940632634532,descending BN2_1 left,True,False
720575940622478349,12A_DN_X_6,False,False
720575940632634532,descending BN2_1 left,True,False
720575940618393478,12A_DN_X_7,False,False
720575940626295396,descending BN2_2 left,True,False
720575940626295396,descending BN2_2 left,True,False
720575940639152361,descending BN2_3 left,True,False
720575940639152361,descending BN2_3 left,True,False
720575940634617952,descending BN2_1,False,False
720575940634617952,descending BN2_1,False,False
720575940621628582,descending BN2_2,False,False
720575940621628582,descending BN2_2,False,False
720575940644473760,descending BN2_3,False,False
720575940618393478,12A_DN_X_7,False,False
720575940644473760,descending BN2_3,False,False
720575940622632084,12A_DN_X_8,False,False
720575940622632084,12A_DN_X_8,False,False
720575940626527055,12A_DN_X_9,False,False
720575940626527055,12A_DN_X_9,False,False
720575940621640885,12A_DN_X_10,False,False
720575940621640885,12A_DN_X_10,False,False
720575940628241628,12A_DN_X_11,False,False
720575940628241628,12A_DN_X_11,False,False
720575940641781133,12A_DN_X_12,False,False
720575940641781133,12A_DN_X_12,False,False
720575940619751872,12A_DN_X_13,False,False
720575940619751872,12A_DN_X_13,False,False
720575940632303441,12A_DN_X_14,False,False
720575940632303441,12A_DN_X_14,False,False
720575940614642838,12A_DN_X_15,False,False
720575940614642838,12A_DN_X_15,False,False
720575940617390641,12A_DN_X_16,False,False
720575940617390641,12A_DN_X_16,False,False
720575940631662648,12A_DN_X_17,False,False
720575940631662648,12A_DN_X_17,False,False
720575940614129617,12A_DN_X_18,False,False
720575940614129617,12A_DN_X_18,False,False
720575940617554577,12A_DN_X_19,False,False
720575940617554577,12A_DN_X_19,False,False
720575940611939290,12A_DN_X_20,False,False
720575940611939290,12A_DN_X_20,False,False
720575940645032068,12A_DN_X_21,False,False
720575940645032068,12A_DN_X_21,False,False
720575940626399588,12A_DN_X_22,False,False
720575940626399588,12A_DN_X_22,False,False
720575940614588778,12A_DN_X_23,False,False
720575940614588778,12A_DN_X_23,False,False
720575940611807795,12A_DN_X_24,False,False
720575940611807795,12A_DN_X_24,False,False
720575940637530084,12A_DN_X_25,False,False
720575940637530084,12A_DN_X_25,False,False
720575940631695841,12A_DN_X_26,False,False
720575940631695841,12A_DN_X_26,False,False
720575940620017261,12A_DN_X_27,False,False
720575940620017261,12A_DN_X_27,False,False
720575940622386824,12A_DN_X_28,False,False
720575940622386824,12A_DN_X_28,False,False
720575940617792069,12A_DN_X_29,False,False
720575940617792069,12A_DN_X_29,False,False
720575940645032580,12A_DN_X_30,False,False
720575940645032580,12A_DN_X_30,False,False
720575940627417619,12A_DN_X_31,False,False
720575940627417619,12A_DN_X_31,False,False
720575940604727264,12A_DN_X_32,False,False
720575940604727264,12A_DN_X_32,False,False
720575940631518582,12A_DN_X_33,False,False
720575940631518582,12A_DN_X_33,False,False
720575940622351996,12A_DN_X_34,False,False
720575940622351996,12A_DN_X_34,False,False
720575940624106388,12A_DN_X_35,False,False
720575940624106388,12A_DN_X_35,False,False
720575940631108559,12A_DN_X_36,False,False
720575940631108559,12A_DN_X_36,False,False
720575940638810677,12A_DN_X_37,False,False
720575940638810677,12A_DN_X_37,False,False
720575940625253649,12A_DN_X_38,False,False
720575940625253649,12A_DN_X_38,False,False
720575940620149836,12A_DN_X_39,False,False
720575940620149836,12A_DN_X_39,False,False
720575940627595772,12A_DN_X_40,False,False
720575940627595772,12A_DN_X_40,False,False
720575940610236514,"MDN; MDN (Moonwalker Descending Neuron) characterized in our previous work, Bidaye et al 2014, Science",False,False
720575940620711334,"DNA09; Major BPN-2 output, resembles DNa09 from Namiki et al, 2018; Namiki et al segmented this but did not publish split gal4 line. We have generated split-Gal4 reagent for this since we already knew these were downstream to BPNs from hemibrain dataset.",False,False
720575940620711334,"DNA09; Major BPN-2 output, resembles DNa09 from Namiki et al, 2018; Namiki et al segmented this but did not publish split gal4 line. We have generated split-Gal4 reagent for this since we already knew these were downstream to BPNs from hemibrain dataset.",False,False
720575940630135084,BPN-SEZDN1; major BPN output DN. We are currently making a split reagent for this neuron,False,False
720575940638204132,BPN-SEZDN1; major BPN output DN. We are currently making a split reagent for this neuron,False,False
720575940640978048,BPN-SEZDN2; major BPN output DN. We are currently making a split reagent for this neuron,False,False
720575940634140883,orphan-BPN-output; potential A type DN (similar to DNA09 but some difference in medial dendrites),False,False
720575940617809181,orphan-BPN-output,False,False
720575940622010373,orphan-BPN-output,False,False
720575940624402173,orphan-BPN-output,False,False
720575940614137907,orphan-BPN-output,False,False
720575940635872101,"DNp09; DNp09 from Namiki et al 2018, functional characterization and specific split-Gal4 created in Bidaye et al 2020, Neuron",False,False
720575940625673196,"DNp09-2; This is a cell classified as DNp09 in hemibrain but it differs from the real DNp09 as described in both Namiki et al 2018 and Bidaye et al 2020.; The DNp09 split Gal4 driver generated in Bidaye et al 2020 does not target this cell, so we refer to it as DNp09-2 (It also receives different major inputs compaired to the original DNp09)",False,False
720575940626730883,P9-oDN1; This unpublished SEZ-DN receives major input from DNp09 that we have characterized in our previous work (Bidaye et al 2020); We are currently in the process of building specific split-Gal4 reagents for this neuron,False,False
720575940620300308,P9-oDN1; This unpublished SEZ-DN receives major input from DNp09 that we have characterized in our previous work (Bidaye et al 2020); We are currently in the process of building specific split-Gal4 reagents for this neuron,False,False
720575940612603289,P9-oDN2; This unpublished SEZ-DN receives major input from DNp09 that we have characterized in our previous work (Bidaye et al 2020); We are currently in the process of building specific split-Gal4 reagents for this neuron,False,False
720575940614730914,P9-oDN2; This unpublished SEZ-DN receives major input from DNp09 that we have characterized in our previous work (Bidaye et al 2020); We are currently in the process of building specific split-Gal4 reagents for this neuron,False,False
720575940606112940,DNg13 (potential); This resembles DNg13 from Namiki et al and receives input from DNp09,False,False
720575940604737708,Dna; This resembles DNA1 or A2 And is a major output of DNp09,False,False
720575940616026939,"MDN; MDN (Moonwalker Descending Neuron) characterized in our previous work, Bidaye et al 2014, Science",False,False
720575940631082808,"MDN; MDN (Moonwalker Descending Neuron) characterized in our previous work, Bidaye et al 2014, Science",False,False
720575940640331472,"MDN; MDN (Moonwalker Descending Neuron) characterized in our previous work, Bidaye et al 2014, Science",False,False
720575940616604817,"MDN-L1; Morphologically very similar to MDN but lateral cell bodies, also interconnected to MDNs",False,False
720575940615378700,"CL138_R; named ""neuron 5600051 MD"" in FAFB",False,True
720575940615378700,"CL138_R; named ""neuron 5600051 MD"" in FAFB",False,True
720575940624816115,LB6; right; gaba,False,True
720575940624816115,LB6; right; gaba,False,True
720575940646443316,LB6; right,False,True
720575940646443316,LB6; right,False,True
720575940647755641,LB6; right,False,True
720575940647755641,LB6; right,False,True
720575940630382075,LB6; right,False,True
720575940630382075,LB6; right,False,True
720575940605450342,LB6; right; gaba,False,True
720575940605450342,LB6; right; gaba,False,True
720575940624530407,LB6; right,False,True
720575940624530407,LB6; right,False,True
720575940631651810,LB6; right,False,True
720575940631651810,LB6; right,False,True
720575940621021278,LB6; right,False,True
720575940621021278,LB6; right,False,True
720575940622786317,LB6; right,False,True
720575940622786317,LB6; right,False,True
720575940609366648,LB6; right,False,True
720575940609366648,LB6; right,False,True
720575940660224385,LB6; right,False,True
720575940660224385,LB6; right,False,True
720575940634525303,LB6; right,False,True
720575940634525303,LB6; right,False,True
720575940613814971,LB6; right; glutamate,False,True
720575940613814971,LB6; right; glutamate,False,True
720575940615385798,LB6; right; glutamate,False,True
720575940615385798,LB6; right; glutamate,False,True
720575940640422016,LB6; right,False,True
720575940640422016,LB6; right,False,True
720575940616786433,LB6; right; glutamate,False,True
720575940616786433,LB6; right; glutamate,False,True
720575940617689816,LB6; right,False,True
720575940617689816,LB6; right,False,True
720575940624234242,LB6; right; glutamate,False,True
720575940624234242,LB6; right; glutamate,False,True
720575940619431765,LB6; right; glutamate,False,True
720575940619431765,LB6; right; glutamate,False,True
720575940619905916,LB6; right; gaba,False,True
720575940619905916,LB6; right; gaba,False,True
720575940621534273,LB6; right,False,True
720575940621534273,LB6; right,False,True
720575940622352764,LB6; right,False,True
720575940622352764,LB6; right,False,True
720575940629369642,LB6; right,False,True
720575940629369642,LB6; right,False,True
720575940610309034,LB6; right; gaba,False,True
720575940610309034,LB6; right; gaba,False,True
720575940626639259,LB6; right; glutamate,False,True
720575940626639259,LB6; right; glutamate,False,True
720575940639802685,LB6; right; serotonin,False,True
720575940639802685,LB6; right; serotonin,False,True
720575940618827910,LB6; right,False,True
720575940618827910,LB6; right,False,True
720575940630712493,LB6; right,False,True
720575940630712493,LB6; right,False,True
720575940603786686,LB6; right; acetylcholine,False,True
720575940603786686,LB6; right; acetylcholine,False,True
720575940625596647,LB6; right,False,True
720575940625596647,LB6; right,False,True
720575940620632369,LB6; right; glutamate,False,True
720575940620632369,LB6; right; glutamate,False,True
720575940620815896,LB6; right; glutamate,False,True
720575940620815896,LB6; right; glutamate,False,True
720575940625573653,LB6; right; gaba,False,True
720575940625573653,LB6; right; gaba,False,True
720575940612058543,LB7; right; acetylcholine,False,True
720575940612058543,LB7; right; acetylcholine,False,True
720575940632574946,LB7; right,False,True
720575940611087786,LB7; right; acetylcholine,False,True
720575940611087786,LB7; right; acetylcholine,False,True
720575940625187940,LB7; right; acetylcholine,False,True
720575940625187940,LB7; right; acetylcholine,False,True
720575940622123400,LB7; right; acetylcholine,False,True
720575940622123400,LB7; right; acetylcholine,False,True
720575940629521655,LB7; right; acetylcholine,False,True
720575940629521655,LB7; right; acetylcholine,False,True
720575940642369736,LB7; right; acetylcholine,False,True
720575940642369736,LB7; right; acetylcholine,False,True
720575940619590360,LB7; right; acetylcholine,False,True
720575940619590360,LB7; right; acetylcholine,False,True
720575940611498419,LB7; right,False,True
720575940611498419,LB7; right,False,True
720575940632626402,LB7; right,False,True
720575940632626402,LB7; right,False,True
720575940610341582,LB7; right,False,True
720575940610341582,LB7; right,False,True
720575940621783628,LB7; right,False,True
720575940621783628,LB7; right,False,True
720575940604729312,LB7; right,False,True
720575940604729312,LB7; right,False,True
720575940606702601,LB7; right,False,True
720575940606702601,LB7; right,False,True
720575940636671886,LB7; right,False,True
720575940636671886,LB7; right,False,True
720575940617477022,LB7; right,False,True
720575940617477022,LB7; right,False,True
720575940625065653,LB7; right,False,True
720575940625065653,LB7; right,False,True
720575940623934096,LB7; right,False,True
720575940623934096,LB7; right,False,True
720575940624374334,LB7; right,False,True
720575940624374334,LB7; right,False,True
720575940620804566,LB7; right,False,True
720575940620804566,LB7; right,False,True
720575940610091955,LB7; right; acetylcholine,False,True
720575940610091955,LB7; right; acetylcholine,False,True
720575940614046395,LB7; right; acetylcholine,False,True
720575940614046395,LB7; right; acetylcholine,False,True
720575940621572890,LB7; right; acetylcholine,False,True
720575940621572890,LB7; right; acetylcholine,False,True
720575940612429714,LB7; right; acetylcholine,False,True
720575940612429714,LB7; right; acetylcholine,False,True
720575940628252751,LB7; right; acetylcholine,False,True
720575940628252751,LB7; right; acetylcholine,False,True
720575940626745987,LB7; right; acetylcholine,False,True
720575940626745987,LB7; right; acetylcholine,False,True
720575940626729295,LB7; right; acetylcholine,False,True
720575940626729295,LB7; right; acetylcholine,False,True
720575940611308181,LB7; right; acetylcholine,False,True
720575940611308181,LB7; right; acetylcholine,False,True
720575940627210568,MD_SA1; right,False,True
720575940632574946,LB7; right,False,True
720575940626663994,LB7; right,False,True
720575940626663994,LB7; right,False,True
720575940639159029,LB7; right,False,True
720575940639159029,LB7; right,False,True
720575940615364564,LB7; right; acetylcholine,False,True
720575940615364564,LB7; right; acetylcholine,False,True
720575940639159797,LB7; right,False,True
720575940639159797,LB7; right,False,True
720575940606856405,LB7; right; serotonin,False,True
720575940606856405,LB7; right; serotonin,False,True
720575940640140733,LB7; right,False,True
720575940640140733,LB7; right,False,True
720575940621071017,LB7; right,False,True
720575940621071017,LB7; right,False,True
720575940626748702,LB7; right,False,True
720575940626748702,LB7; right,False,True
720575940618870113,LB7; right; acetylcholine,False,True
720575940618870113,LB7; right; acetylcholine,False,True
720575940627722234,LB7; right,False,True
720575940627722234,LB7; right,False,True
720575940622944196,LB7; right,False,True
720575940622944196,LB7; right,False,True
720575940630297292,LB7; right,False,True
720575940630297292,LB7; right,False,True
720575940632788025,LB7; right,False,True
720575940632788025,LB7; right,False,True
720575940611610670,LB7; right; acetylcholine,False,True
720575940611610670,LB7; right; acetylcholine,False,True
720575940614562207,LB7; right,False,True
720575940614562207,LB7; right,False,True
720575940626296339,LB7; right,False,True
720575940626296339,LB7; right,False,True
720575940631627551,LB7; right,False,True
720575940631627551,LB7; right,False,True
720575940637896893,LB7; right,False,True
720575940637896893,LB7; right,False,True
720575940634526560,LB7; right,False,True
720575940634526560,LB7; right,False,True
720575940621586473,LB7; right,False,True
720575940621586473,LB7; right,False,True
720575940626238716,LB7; right,False,True
720575940626238716,LB7; right,False,True
720575940625047815,LB7; right,False,True
720575940625047815,LB7; right,False,True
720575940627799802,LB7; right,False,True
720575940627799802,LB7; right,False,True
720575940611976618,LB7; right,False,True
720575940611976618,LB7; right,False,True
720575940634207087,LB7; right,False,True
720575940634207087,LB7; right,False,True
720575940636606554,LB7; right,False,True
720575940636606554,LB7; right,False,True
720575940629725545,LB7; right,False,True
720575940629725545,LB7; right,False,True
720575940623537485,LB7; right,False,True
720575940623537485,LB7; right,False,True
720575940639479168,LB7; right,False,True
720575940639479168,LB7; right,False,True
720575940629956695,LB7; right,False,True
720575940629956695,LB7; right,False,True
720575940625396252,LB7; right,False,True
720575940625396252,LB7; right,False,True
720575940626189657,LB7; right; serotonin,False,True
720575940626189657,LB7; right; serotonin,False,True
720575940636898270,LB7; right,False,True
720575940636898270,LB7; right,False,True
720575940627210568,MD_SA1; right,False,True
720575940618818395,MX3; right,False,True
720575940617074393,MX3; right,False,True
720575940617074393,MX3; right,False,True
720575940625422609,MX3; right; acetylcholine,False,True
720575940625422609,MX3; right; acetylcholine,False,True
720575940619133878,MX3; right; acetylcholine,False,True
720575940619133878,MX3; right; acetylcholine,False,True
720575940613816062,MX3; right,False,True
720575940613816062,MX3; right,False,True
720575940619524852,MX3; right; acetylcholine,False,True
720575940619524852,MX3; right; acetylcholine,False,True
720575940614186449,MX3; right; glutamate,False,True
720575940614186449,MX3; right; glutamate,False,True
720575940636761926,MX3; right,False,True
720575940636761926,MX3; right,False,True
720575940612427670,MX3; right; acetylcholine,False,True
720575940612427670,MX3; right; acetylcholine,False,True
720575940611700520,MX3; right; acetylcholine,False,True
720575940611700520,MX3; right; acetylcholine,False,True
720575940613929391,MX3; right,False,True
720575940613929391,MX3; right,False,True
720575940626901136,MX3; right; glutamate,False,True
720575940626901136,MX3; right; glutamate,False,True
720575940617993607,MX3; right; acetylcholine,False,True
720575940617993607,MX3; right; acetylcholine,False,True
720575940622332403,MX3; right,False,True
720575940622332403,MX3; right,False,True
720575940630221563,MX3; right; acetylcholine,False,True
720575940630221563,MX3; right; acetylcholine,False,True
720575940628445169,MX3; right; acetylcholine,False,True
720575940628445169,MX3; right; acetylcholine,False,True
720575940604930481,MX3; right; acetylcholine,False,True
720575940604930481,MX3; right; acetylcholine,False,True
720575940608960722,MX3; right; acetylcholine,False,True
720575940608960722,MX3; right; acetylcholine,False,True
720575940633529548,MX3; right; gaba,False,True
720575940633529548,MX3; right; gaba,False,True
720575940626849546,MX3; right,False,True
720575940626849546,MX3; right,False,True
720575940632620991,MX3; right,False,True
720575940632620991,MX3; right,False,True
720575940628378440,MX3; right,False,True
720575940628378440,MX3; right,False,True
720575940631035603,MX3; right,False,True
720575940631035603,MX3; right,False,True
720575940618762605,MX3; right; acetylcholine,False,True
720575940618762605,MX3; right; acetylcholine,False,True
720575940612427414,MX3; right; acetylcholine,False,True
720575940612427414,MX3; right; acetylcholine,False,True
720575940618147520,MX3; right; acetylcholine,False,True
720575940618147520,MX3; right; acetylcholine,False,True
720575940610231509,MX3; right,False,True
720575940610231509,MX3; right,False,True
720575940621181066,MX3; right; acetylcholine,False,True
720575940621181066,MX3; right; acetylcholine,False,True
720575940631091407,MX3; right,False,True
720575940631091407,MX3; right,False,True
720575940632355885,MX3; right; acetylcholine,False,True
720575940632355885,MX3; right; acetylcholine,False,True
720575940632698541,MX3; right; acetylcholine,False,True
720575940632698541,MX3; right; acetylcholine,False,True
720575940620231590,MX3; right; glutamate,False,True
720575940620231590,MX3; right; glutamate,False,True
720575940639314229,MX3; right,False,True
720575940639314229,MX3; right,False,True
720575940615623051,MX3; right,False,True
720575940615623051,MX3; right,False,True
720575940618818395,MX3; right,False,True
720575940631593753,MX3; right,False,True
720575940631593753,MX3; right,False,True
720575940618382529,PSp2; right; acetylcholine,False,True
720575940618382529,PSp2; right; acetylcholine,False,True
720575940623556755,PSp2; right,False,True
720575940623556755,PSp2; right,False,True
720575940628498161,PSp3_dorsal; right,False,True
720575940628498161,PSp3_dorsal; right,False,True
720575940625539984,PSp3_dorsal; right; glutamate,False,True
720575940625539984,PSp3_dorsal; right; glutamate,False,True
720575940618594022,PSp3_ventral; right,False,True
720575940618594022,PSp3_ventral; right,False,True
720575940630425083,PSp3_ventral; right,False,True
720575940630425083,PSp3_ventral; right,False,True
720575940630689644,PSp3_ventral; right,False,True
720575940630689644,PSp3_ventral; right,False,True
720575940615798470,PSp3_ventral; right; acetylcholine,False,True
720575940615798470,PSp3_ventral; right; acetylcholine,False,True
720575940624407944,VLPp2; right,False,True
720575940620625880,SMPpv1; right; acetylcholine,False,True
720575940620625880,SMPpv1; right; acetylcholine,False,True
720575940624407944,VLPp2; right,False,True
720575940623468691,WEDd1; right,False,True
720575940629327659,WEDd1; right,False,True
720575940629327659,WEDd1; right,False,True
720575940629490476,WEDd1; right; acetylcholine,False,True
720575940629490476,WEDd1; right; acetylcholine,False,True
720575940624986919,WEDd1; right,False,True
720575940624986919,WEDd1; right,False,True
720575940634140883,WEDd1; right,False,True
720575940634140883,WEDd1; right,False,True
720575940625094325,WEDd1; right,False,True
720575940625094325,WEDd1; right,False,True
720575940616286175,WEDd1; right,False,True
720575940616286175,WEDd1; right,False,True
720575940634253281,WEDd1; right,False,True
720575940634253281,WEDd1; right,False,True
720575940623468691,WEDd1; right,False,True
720575940603591014,WEDd1; right; acetylcholine,False,True
720575940603591014,WEDd1; right; acetylcholine,False,True
720575940630607738,WEDd1; right,False,True
720575940630607738,WEDd1; right,False,True
720575940627787609,WEDd1; right; acetylcholine,False,True
720575940627787609,WEDd1; right; acetylcholine,False,True
720575940620918789,WEDd1; right; acetylcholine,False,True
720575940620918789,WEDd1; right; acetylcholine,False,True
720575940632962786,WEDd1; right; acetylcholine,False,True
720575940632962786,WEDd1; right; acetylcholine,False,True
720575940628577897,WEDd1; right; acetylcholine,False,True
720575940628577897,WEDd1; right; acetylcholine,False,True
720575940620322497,WEDd1; right; acetylcholine,False,True
720575940620322497,WEDd1; right; acetylcholine,False,True
720575940609097429,WEDd1; right,False,True
720575940609097429,WEDd1; right,False,True
720575940619582168,WEDd2; right; glutamate,False,True
720575940614348438,WEDd1; right,False,True
720575940614348438,WEDd1; right,False,True
720575940619582168,WEDd2; right; glutamate,False,True
720575940629139968,LB7; left,True,False
720575940624402173,new_clone_4; right,False,True
720575940624402173,new_clone_4; right,False,True
720575940613403890,new_clone_4; right,False,True
720575940613403890,new_clone_4; right,False,True
720575940622805700,LB7; left,True,False
720575940631090402,LB6; left,True,False
720575940631090402,LB6; left,True,False
720575940616548416,LB6; left; glutamate,True,False
720575940616548416,LB6; left; glutamate,True,False
720575940610440402,LB6; left,True,False
720575940610440402,LB6; left,True,False
720575940611765201,LB6; left; acetylcholine,True,False
720575940611765201,LB6; left; acetylcholine,True,False
720575940625343761,LB6; left; acetylcholine,True,False
720575940625343761,LB6; left; acetylcholine,True,False
720575940636098367,LB6; left,True,False
720575940636098367,LB6; left,True,False
720575940616935838,LB6; left; acetylcholine,True,False
720575940616935838,LB6; left; acetylcholine,True,False
720575940631855663,LB6; left,True,False
720575940631855663,LB6; left,True,False
720575940621817326,LB6; left; acetylcholine,True,False
720575940621817326,LB6; left; acetylcholine,True,False
720575940612335539,LB6; left,True,False
720575940612335539,LB6; left,True,False
720575940627303699,LB6; left; acetylcholine,True,False
720575940627303699,LB6; left; acetylcholine,True,False
720575940619944513,LB6; left,True,False
720575940619944513,LB6; left,True,False
720575940634599615,LB6; left; glutamate,True,False
720575940634599615,LB6; left; glutamate,True,False
720575940659703937,LB6; left; glutamate,True,False
720575940659703937,LB6; left; glutamate,True,False
720575940631498925,LB6; left; glutamate,True,False
720575940631498925,LB6; left; glutamate,True,False
720575940609844117,LB6; left; glutamate,True,False
720575940609844117,LB6; left; glutamate,True,False
720575940628487153,LB6; left,True,False
720575940628487153,LB6; left,True,False
720575940609733582,LB6; left,True,False
720575940609733582,LB6; left,True,False
720575940614959675,LB6; left; acetylcholine,True,False
720575940614959675,LB6; left; acetylcholine,True,False
720575940644740256,LB6; left; glutamate,True,False
720575940644740256,LB6; left; glutamate,True,False
720575940623968612,LB6; left; glutamate,True,False
720575940623968612,LB6; left; glutamate,True,False
720575940615505406,LB6; left,True,False
720575940615505406,LB6; left,True,False
720575940631829059,LB7; left; acetylcholine,True,False
720575940631829059,LB7; left; acetylcholine,True,False
720575940626027752,LB7; left; acetylcholine,True,False
720575940626027752,LB7; left; acetylcholine,True,False
720575940647478148,LB7; left,True,False
720575940647478148,LB7; left,True,False
720575940621599604,LB7; left,True,False
720575940621599604,LB7; left,True,False
720575940630033913,LB7; left,True,False
720575940630033913,LB7; left,True,False
720575940631061900,LB7; left,True,False
720575940631061900,LB7; left,True,False
720575940630290536,LB7; left,True,False
720575940630290536,LB7; left,True,False
720575940636186463,LB7; left; acetylcholine,True,False
720575940636186463,LB7; left; acetylcholine,True,False
720575940617296699,LB7; left,True,False
720575940617296699,LB7; left,True,False
720575940634279543,LB7; left,True,False
720575940634279543,LB7; left,True,False
720575940602534112,LB7; left; acetylcholine,True,False
720575940602534112,LB7; left; acetylcholine,True,False
720575940621304004,LB7; left,True,False
720575940621304004,LB7; left,True,False
720575940641793440,LB7; left,True,False
720575940641793440,LB7; left,True,False
720575940618086535,LB7; left; acetylcholine,True,False
720575940618086535,LB7; left; acetylcholine,True,False
720575940631721287,LB7; left; serotonin,True,False
720575940631721287,LB7; left; serotonin,True,False
720575940614682274,LB7; left; acetylcholine,True,False
720575940614682274,LB7; left; acetylcholine,True,False
720575940623193293,LB7; left,True,False
720575940623193293,LB7; left,True,False
720575940622728728,LB7; left; acetylcholine,True,False
720575940622728728,LB7; left; acetylcholine,True,False
720575940617295321,LB7; left,True,False
720575940617295321,LB7; left,True,False
720575940629742718,LB7; left,True,False
720575940629742718,LB7; left,True,False
720575940626877639,LB7; left,True,False
720575940626877639,LB7; left,True,False
720575940617663093,LB7; left; acetylcholine,True,False
720575940617663093,LB7; left; acetylcholine,True,False
720575940635587064,LB7; left,True,False
720575940635587064,LB7; left,True,False
720575940638019184,LB7; left,True,False
720575940638019184,LB7; left,True,False
720575940628825348,LB7; left; acetylcholine,True,False
720575940628825348,LB7; left; acetylcholine,True,False
720575940611552370,LB7; left; acetylcholine,True,False
720575940611552370,LB7; left; acetylcholine,True,False
720575940626557442,MX12_medial; left,True,False
720575940626557442,MX12_medial; left,True,False
720575940616185531,MX12_medial; left; acetylcholine,True,False
720575940616185531,MX12_medial; left; acetylcholine,True,False
720575940629139968,LB7; left,True,False
720575940629472298,LB7; left,True,False
720575940629472298,LB7; left,True,False
720575940644801060,LB7; left,True,False
720575940644801060,LB7; left,True,False
720575940621121159,LB7; left,True,False
720575940621121159,LB7; left,True,False
720575940638084149,LB7; left; acetylcholine,True,False
720575940638084149,LB7; left; acetylcholine,True,False
720575940629965708,LB7; left,True,False
720575940629965708,LB7; left,True,False
720575940615495867,LB7; left,True,False
720575940615495867,LB7; left,True,False
720575940615659521,LB7; left; gaba,True,False
720575940615659521,LB7; left; gaba,True,False
720575940606784265,LB7; left,True,False
720575940606784265,LB7; left,True,False
720575940630990533,LB7; left,True,False
720575940630990533,LB7; left,True,False
720575940626580794,LB7; left; acetylcholine,True,False
720575940626580794,LB7; left; acetylcholine,True,False
720575940610935410,LB7; left,True,False
720575940610935410,LB7; left,True,False
720575940623543117,LB7; left,True,False
720575940623543117,LB7; left,True,False
720575940614107554,LB7; left; gaba,True,False
720575940614107554,LB7; left; gaba,True,False
720575940620915224,LB7; left; acetylcholine,True,False
720575940620915224,LB7; left; acetylcholine,True,False
720575940624882151,LB7; left,True,False
720575940624882151,LB7; left,True,False
720575940630505334,LB7; left,True,False
720575940630505334,LB7; left,True,False
720575940621002480,LB7; left; acetylcholine,True,False
720575940621002480,LB7; left; acetylcholine,True,False
720575940632934751,LB7; left,True,False
720575940632934751,LB7; left,True,False
720575940649992569,LB7; left,True,False
720575940649992569,LB7; left,True,False
720575940636104767,LB7; left,True,False
720575940636104767,LB7; left,True,False
720575940615424966,LB7; left; acetylcholine,True,False
720575940615424966,LB7; left; acetylcholine,True,False
720575940621071495,LB7; left; acetylcholine,True,False
720575940621071495,LB7; left; acetylcholine,True,False
720575940614181585,LB7; left,True,False
720575940614181585,LB7; left,True,False
720575940639539840,LB7; left,True,False
720575940639539840,LB7; left,True,False
720575940623498876,LB7; left,True,False
720575940623498876,LB7; left,True,False
720575940630333911,LB7; left,True,False
720575940630333911,LB7; left,True,False
720575940619372726,LB7; left; acetylcholine,True,False
720575940619372726,LB7; left; acetylcholine,True,False
720575940619676598,LB7; left,True,False
720575940619676598,LB7; left,True,False
720575940625426469,LB7; left,True,False
720575940625426469,LB7; left,True,False
720575940612288947,LB7; left,True,False
720575940612288947,LB7; left,True,False
720575940634583694,LB7; left,True,False
720575940634583694,LB7; left,True,False
720575940622929193,LB7; left,True,False
720575940622929193,LB7; left,True,False
720575940622805700,LB7; left,True,False
720575940631520312,WEDd1; left,True,False
720575940631520312,WEDd1; left,True,False
720575940620380449,WEDd1; left; acetylcholine,True,False
720575940620380449,WEDd1; left; acetylcholine,True,False
720575940637607646,WEDd1; left; acetylcholine,True,False
720575940637607646,WEDd1; left; acetylcholine,True,False
720575940605725873,WEDd1; left; acetylcholine,True,False
720575940640325429,WEDd1; left,True,False
720575940640325429,WEDd1; left,True,False
720575940627432680,WEDd1; left,True,False
720575940627432680,WEDd1; left,True,False
720575940605725873,WEDd1; left; acetylcholine,True,False
720575940625090314,WEDd1; left; acetylcholine,True,False
720575940625090314,WEDd1; left; acetylcholine,True,False
720575940626328707,WEDd1; left; acetylcholine,True,False
720575940626328707,WEDd1; left; acetylcholine,True,False
720575940625573322,WEDd1; left,True,False
720575940625573322,WEDd1; left,True,False
720575940604737708,WEDd1; left; acetylcholine,True,False
720575940604737708,WEDd1; left; acetylcholine,True,False
720575940630085583,WEDd1; left; acetylcholine,True,False
720575940630085583,WEDd1; left; acetylcholine,True,False
720575940637608560,WEDd1; left,True,False
720575940637608560,WEDd1; left,True,False
720575940627946261,WEDd1; left,True,False
720575940627946261,WEDd1; left,True,False
720575940614403178,WEDd1; left; acetylcholine,True,False
720575940624874983,WEDd1; left; acetylcholine,True,False
720575940624874983,WEDd1; left; acetylcholine,True,False
720575940615043222,WEDd1; left,True,False
720575940615043222,WEDd1; left,True,False
720575940621519130,WEDd1; left; acetylcholine,True,False
720575940621519130,WEDd1; left; acetylcholine,True,False
720575940644438551,WEDd1; left,True,False
720575940644438551,WEDd1; left,True,False
720575940641276917,WEDd1; left,True,False
720575940641276917,WEDd1; left,True,False
720575940623019544,WEDd1; left,True,False
720575940623019544,WEDd1; left,True,False
720575940625502666,WEDd1; left; acetylcholine,True,False
720575940625502666,WEDd1; left; acetylcholine,True,False
720575940630868281,WEDd1; left,True,False
720575940630868281,WEDd1; left,True,False
720575940633727339,WEDd1; left,True,False
720575940633727339,WEDd1; left,True,False
720575940614403178,WEDd1; left; acetylcholine,True,False
720575940623062515,WEDd1; left,True,False
720575940623062515,WEDd1; left,True,False
720575940622204186,WEDd1; left,True,False
720575940622204186,WEDd1; left,True,False
720575940620711334,WEDd1; left,True,False
720575940620711334,WEDd1; left,True,False
720575940612203482,DM6; right; acetylcholine,False,True
720575940619451989,DM2_dorsal; right,False,True
720575940619451989,DM2_dorsal; right,False,True
720575940623925173,DM2_dorsal; right; gaba,False,True
720575940623925173,DM2_dorsal; right; gaba,False,True
720575940624801771,DM6_lateral; right; acetylcholine,True,True
720575940624801771,DM6_lateral; right; acetylcholine,True,True
720575940631122191,DM6_lateral; right,True,True
720575940631122191,DM6_lateral; right,True,True
720575940612203482,DM6; right; acetylcholine,False,True
720575940646814340,DM6; right; acetylcholine,False,True
720575940646814340,DM6; right; acetylcholine,False,True
720575940642894628,DM6; right,False,True
720575940642894628,DM6; right,False,True
720575940624977847,DM6; right,False,True
720575940624977847,DM6; right,False,True
720575940615292895,DM6; right; acetylcholine,False,True
720575940615292895,DM6; right; acetylcholine,False,True
720575940617034565,DM6; right; acetylcholine,False,True
720575940617034565,DM6; right; acetylcholine,False,True
720575940628125715,LB7_posterior; right,False,True
720575940635701655,LB12; right,False,True
720575940635701655,LB12; right,False,True
720575940607178709,LB12; right,False,True
720575940607178709,LB12; right,False,True
720575940624082931,LB12; right,False,True
720575940624082931,LB12; right,False,True
720575940643817888,LB12; right; acetylcholine,False,True
720575940643817888,LB12; right; acetylcholine,False,True
720575940633543531,LB12; right; acetylcholine,False,True
720575940633543531,LB12; right; acetylcholine,False,True
720575940628125715,LB7_posterior; right,False,True
720575940608188427,LB7_posterior; right; acetylcholine,False,True
720575940608188427,LB7_posterior; right; acetylcholine,False,True
720575940622633716,LB7_posterior; right; acetylcholine,False,True
720575940622633716,LB7_posterior; right; acetylcholine,False,True
720575940616376287,LB7_posterior; right; acetylcholine,False,True
720575940616376287,LB7_posterior; right; acetylcholine,False,True
720575940622010373,MD0; right,False,True
720575940622010373,MD0; right,False,True
720575940631168057,MD3; right; gaba,False,True
720575940631168057,MD3; right; gaba,False,True
720575940605714878,MD3; right,False,True
720575940605714878,MD3; right,False,True
720575940614235323,MX12_medial; right,False,True
720575940614235323,MX12_medial; right,False,True
720575940616471052,MX12_medial; right,False,True
720575940616471052,MX12_medial; right,False,True
720575940620297819,MX12_medial; right; glutamate,False,True
720575940620297819,MX12_medial; right; glutamate,False,True
720575940634229871,MX12_medial; right,False,True
720575940634229871,MX12_medial; right,False,True
720575940618550699,PSp2; right; acetylcholine,False,True
720575940630671734,PSp2; right,False,True
720575940630671734,PSp2; right,False,True
720575940619341744,PSp2; right,False,True
720575940619341744,PSp2; right,False,True
720575940628398202,PSp2; right,False,True
720575940628398202,PSp2; right,False,True
720575940603489824,PSp2; right; serotonin,False,True
720575940603489824,PSp2; right; serotonin,False,True
720575940615630237,PSp2; right; serotonin,False,True
720575940615630237,PSp2; right; serotonin,False,True
720575940622836970,PSp2; right,False,True
720575940622836970,PSp2; right,False,True
720575940618550699,PSp2; right; acetylcholine,False,True
720575940622505511,PSp2; right; acetylcholine,False,True
720575940622505511,PSp2; right; acetylcholine,False,True
720575940618870881,PSp2; right; acetylcholine,False,True
720575940618870881,PSp2; right; acetylcholine,False,True
720575940626665489,PSp2; right,False,True
720575940626665489,PSp2; right,False,True
720575940603580960,PSp2; right; acetylcholine,False,True
720575940603580960,PSp2; right; acetylcholine,False,True
720575940642411917,PSp2; right,False,True
720575940642411917,PSp2; right,False,True
720575940615794077,PSp2; right; acetylcholine,False,True
720575940615794077,PSp2; right; acetylcholine,False,True
720575940629782072,PSp2; right,False,True
720575940602864300,PSp2; right,False,True
720575940629782072,PSp2; right,False,True
720575940631720417,PSp2; right,False,True
720575940631720417,PSp2; right,False,True
720575940602864300,PSp2; right,False,True
720575940619315888,PSp2; right; acetylcholine,False,True
720575940619315888,PSp2; right; acetylcholine,False,True
720575940619089005,PSp2; right; acetylcholine,False,True
720575940619089005,PSp2; right; acetylcholine,False,True
720575940640306061,PSp2; right,False,True
720575940615219417,PSp2; right; acetylcholine,False,True
720575940615219417,PSp2; right; acetylcholine,False,True
720575940607854793,PSp2; right,False,True
720575940607854793,PSp2; right,False,True
720575940607971337,PSp2; right; acetylcholine,False,True
720575940640306061,PSp2; right,False,True
720575940607971337,PSp2; right; acetylcholine,False,True
720575940608332674,PSp2; right,False,True
720575940608332674,PSp2; right,False,True
720575940638637501,PSp2; right,False,True
720575940638637501,PSp2; right,False,True
720575940623203004,PSp2; right,False,True
720575940632422219,PSp2; right; acetylcholine,False,True
720575940632422219,PSp2; right; acetylcholine,False,True
720575940617140597,PSp2; right; acetylcholine,False,True
720575940617140597,PSp2; right; acetylcholine,False,True
720575940619486891,PSp2; right; acetylcholine,False,True
720575940619486891,PSp2; right; acetylcholine,False,True
720575940623203004,PSp2; right,False,True
720575940625890812,PSp2; right; acetylcholine,False,True
720575940625890812,PSp2; right; acetylcholine,False,True
720575940617802699,PSp2; right,False,True
720575940617802699,PSp2; right,False,True
720575940622917351,PSp2; right,False,True
720575940622917351,PSp2; right,False,True
720575940627560236,PSp2; right,False,True
720575940627560236,PSp2; right,False,True
720575940624655285,PSp2; right,False,True
720575940624655285,PSp2; right,False,True
720575940611886289,PSp2; right; serotonin,False,True
720575940611886289,PSp2; right; serotonin,False,True
720575940619790975,PSp2; right,False,True
720575940619790975,PSp2; right,False,True
720575940619090541,PSp2; right; acetylcholine,False,True
720575940619090541,PSp2; right; acetylcholine,False,True
720575940606756309,PSp2; right,False,True
720575940606756309,PSp2; right,False,True
720575940607037635,PSp2; right,False,True
720575940607037635,PSp2; right,False,True
720575940617802187,PSp2; right,False,True
720575940617802187,PSp2; right,False,True
720575940615058216,PSp2; right; acetylcholine,False,True
720575940615058216,PSp2; right; acetylcholine,False,True
720575940615502604,PSp2; right,False,True
720575940615502604,PSp2; right,False,True
720575940622040419,SMPpv1; right,False,True
720575940639919824,PSp3_dorsal; right,False,True
720575940639919824,PSp3_dorsal; right,False,True
720575940627924227,PSp3_dorsal; right,False,True
720575940627924227,PSp3_dorsal; right,False,True
720575940622040419,SMPpv1; right,False,True
720575940641518733,SMPpv1; right,False,True
720575940641518733,SMPpv1; right,False,True
720575940621257340,SMPpv1; right; acetylcholine,False,True
720575940621257340,SMPpv1; right; acetylcholine,False,True
720575940615559892,SMPpv1; right,False,True
720575940615559892,SMPpv1; right,False,True
720575940627921182,SMPpv1; right,False,True
720575940627921182,SMPpv1; right,False,True
720575940646160948,SMPpv1; right,False,True
720575940646160948,SMPpv1; right,False,True
720575940637341668,SMPpv2; right,False,True
720575940615692690,SMPpv2; right; acetylcholine,False,True
720575940615692690,SMPpv2; right; acetylcholine,False,True
720575940639789475,SMPpv2; right,False,True
720575940639789475,SMPpv2; right,False,True
720575940631309866,SMPpv2; right,False,True
720575940631309866,SMPpv2; right,False,True
720575940620582260,SMPpv2; right; acetylcholine,False,True
720575940620582260,SMPpv2; right; acetylcholine,False,True
720575940610472146,SMPpv2; right,False,True
720575940610472146,SMPpv2; right,False,True
720575940637341668,SMPpv2; right,False,True
720575940615378700,SMPpv2; right,False,True
720575940615378700,SMPpv2; right,False,True
720575940623014695,DM2_dorsal; left,True,False
720575940634750871,VLPl&p1_posterior; right; glutamate,False,True
720575940634750871,VLPl&p1_posterior; right; glutamate,False,True
720575940627750216,VLPl&p1_posterior; right; glutamate,False,True
720575940627750216,VLPl&p1_posterior; right; glutamate,False,True
720575940631498563,WEDd1; right,False,True
720575940631498563,WEDd1; right,False,True
720575940618167579,WEDd1; right,False,True
720575940618167579,WEDd1; right,False,True
720575940620534768,WEDd1; right; acetylcholine,False,True
720575940620534768,WEDd1; right; acetylcholine,False,True
720575940627139530,WEDd1; right; acetylcholine,False,True
720575940627139530,WEDd1; right; acetylcholine,False,True
720575940620823828,WEDd1; right,False,True
720575940620823828,WEDd1; right,False,True
720575940651341558,WEDd1; right; acetylcholine,False,True
720575940651341558,WEDd1; right; acetylcholine,False,True
720575940637101413,WEDd1; right,False,True
720575940637101413,WEDd1; right,False,True
720575940623142426,new_clone_4; right,False,True
720575940623142426,new_clone_4; right,False,True
720575940625184782,new_clone_4; right; acetylcholine,False,True
720575940625184782,new_clone_4; right; acetylcholine,False,True
720575940622675421,new_clone_4; right,False,True
720575940622675421,new_clone_4; right,False,True
720575940620369517,new_clone_4; right,False,True
720575940620369517,new_clone_4; right,False,True
720575940636610671,new_clone_4; right,False,True
720575940636610671,new_clone_4; right,False,True
720575940626859283,CLp2; left; acetylcholine,True,False
720575940626859283,CLp2; left; acetylcholine,True,False
720575940611782874,DM2_dorsal; left; glutamate,True,False
720575940611782874,DM2_dorsal; left; glutamate,True,False
720575940623014695,DM2_dorsal; left,True,False
720575940641278965,DM4_medial; left,True,False
720575940641278965,DM4_medial; left,True,False
720575940605702944,DM4_medial; left; acetylcholine,True,False
720575940625420986,DM4_medial; left,True,False
720575940625420986,DM4_medial; left,True,False
720575940632836675,DM4_medial; left; acetylcholine,True,False
720575940632836675,DM4_medial; left; acetylcholine,True,False
720575940605702944,DM4_medial; left; acetylcholine,True,False
720575940630992813,DM4_medial; left,True,False
720575940630992813,DM4_medial; left,True,False
720575940623938823,LALv1; left; glutamate,True,False
720575940635552948,DM4_medial; left,True,False
720575940635552948,DM4_medial; left,True,False
720575940653310198,LALv1; left,True,False
720575940653310198,LALv1; left,True,False
720575940623938823,LALv1; left; glutamate,True,False
720575940612805118,LB6; left,True,False
720575940612805118,LB6; left,True,False
720575940620595883,LB6; left; glutamate,True,False
720575940620595883,LB6; left; glutamate,True,False
720575940620564673,LB6; left,True,False
720575940620564673,LB6; left,True,False
720575940628745209,LB6; left,True,False
720575940628745209,LB6; left,True,False
720575940637678653,LB6; left,True,False
720575940637678653,LB6; left,True,False
720575940623899082,LB7; left; serotonin,True,False
720575940623899082,LB7; left; serotonin,True,False
720575940630829563,LB7; left,True,False
720575940630829563,LB7; left,True,False
720575940638094911,LB7; left,True,False
720575940638094911,LB7; left,True,False
720575940621339713,LB7; left,True,False
720575940621339713,LB7; left,True,False
720575940608402524,LALv1; left,True,False
720575940635405719,PSp2; left; acetylcholine,True,False
720575940608402524,LALv1; left,True,False
720575940612804606,LB12; left,True,False
720575940612804606,LB12; left,True,False
720575940627691458,LB12; left,True,False
720575940627691458,LB12; left,True,False
720575940611654570,LB12; left,True,False
720575940611654570,LB12; left,True,False
720575940623491987,LB12; left,True,False
720575940623491987,LB12; left,True,False
720575940615679282,LB12; left,True,False
720575940615679282,LB12; left,True,False
720575940639152361,LB23; left,True,False
720575940639152361,LB23; left,True,False
720575940623637226,MD3; left; glutamate,True,False
720575940623637226,MD3; left; glutamate,True,False
720575940631508598,MD3; left; acetylcholine,True,False
720575940631508598,MD3; left; acetylcholine,True,False
720575940613917359,MD3; left; acetylcholine,True,False
720575940613917359,MD3; left; acetylcholine,True,False
720575940639553920,MD3; left; gaba,True,False
720575940639553920,MD3; left; gaba,True,False
720575940626834698,MX12; left,True,False
720575940626834698,MX12; left,True,False
720575940614588778,MX12; left; acetylcholine,True,False
720575940614588778,MX12; left; acetylcholine,True,False
720575940615958203,MX12; left; acetylcholine,True,False
720575940615958203,MX12; left; acetylcholine,True,False
720575940628241628,MX12; left,True,False
720575940628241628,MX12; left,True,False
720575940614909506,MX12_medial; left,True,False
720575940614909506,MX12_medial; left,True,False
720575940629806974,MX12_medial; left,True,False
720575940629806974,MX12_medial; left,True,False
720575940628881576,MX3; left; gaba,True,False
720575940628881576,MX3; left; gaba,True,False
720575940632339425,MX3; left,True,False
720575940632339425,MX3; left,True,False
720575940630682618,MX3; left; gaba,True,False
720575940630682618,MX3; left; gaba,True,False
720575940635405719,PSp2; left; acetylcholine,True,False
720575940609316050,PSp2; left,True,False
720575940609316050,PSp2; left,True,False
720575940626165489,PSp2; left; acetylcholine,True,False
720575940626165489,PSp2; left; acetylcholine,True,False
720575940640128720,PSp2; left; acetylcholine,True,False
720575940640128720,PSp2; left; acetylcholine,True,False
720575940625744784,PSp2; left,True,False
720575940625744784,PSp2; left,True,False
720575940621157645,PSp2; left,True,False
720575940621157645,PSp2; left,True,False
720575940621270410,PSp2; left; acetylcholine,True,False
720575940621270410,PSp2; left; acetylcholine,True,False
720575940625295339,PSp2; left; acetylcholine,True,False
720575940630078031,PSp2; left; acetylcholine,True,False
720575940630078031,PSp2; left; acetylcholine,True,False
720575940625295339,PSp2; left; acetylcholine,True,False
720575940610010521,PSp2; left; acetylcholine,True,False
720575940614236200,PSp2; left,True,False
720575940614236200,PSp2; left,True,False
720575940610010521,PSp2; left; acetylcholine,True,False
720575940623528842,PSp2; left; acetylcholine,True,False
720575940623528842,PSp2; left; acetylcholine,True,False
720575940639789731,PSp2; left,True,False
720575940639789731,PSp2; left,True,False
720575940628895787,PSp2; left,True,False
720575940628895787,PSp2; left,True,False
720575940625467280,PSp2; left,True,False
720575940625467280,PSp2; left,True,False
720575940633853559,PSp2; left,True,False
720575940633853559,PSp2; left,True,False
720575940622437671,PSp2; left; acetylcholine,True,False
720575940622437671,PSp2; left; acetylcholine,True,False
720575940630236988,PSp2; left; acetylcholine,True,False
720575940630236988,PSp2; left; acetylcholine,True,False
720575940623122125,PSp2; left,True,False
720575940623122125,PSp2; left,True,False
720575940629686339,PSp2; left,True,False
720575940629686339,PSp2; left,True,False
720575940621629578,PSp2; left; serotonin,True,False
720575940621629578,PSp2; left; serotonin,True,False
720575940623052728,PSp2; left,True,False
720575940623052728,PSp2; left,True,False
720575940629170250,PSp3_dorsal; left; acetylcholine,True,False
720575940614147701,PSp2; left; acetylcholine,True,False
720575940614147701,PSp2; left; acetylcholine,True,False
720575940613632153,PSp2; left,True,False
720575940613632153,PSp2; left,True,False
720575940627542316,PSp2; left,True,False
720575940627542316,PSp2; left,True,False
720575940632379071,PSp2; left,True,False
720575940632379071,PSp2; left,True,False
720575940621304723,PSp2; left; acetylcholine,True,False
720575940621304723,PSp2; left; acetylcholine,True,False
720575940613748689,PSp2; left,True,False
720575940613748689,PSp2; left,True,False
720575940604284128,PSp2; left; acetylcholine,True,False
720575940604284128,PSp2; left; acetylcholine,True,False
720575940618402694,PSp2; left,True,False
720575940618402694,PSp2; left,True,False
720575940619024816,PSp2; left; serotonin,True,False
720575940619024816,PSp2; left; serotonin,True,False
720575940617696728,PSp2; left,True,False
720575940617696728,PSp2; left,True,False
720575940633213132,PSp2; left,True,False
720575940633213132,PSp2; left,True,False
720575940608877266,PSp2; left,True,False
720575940608877266,PSp2; left,True,False
720575940614587990,PSp2; left; acetylcholine,True,False
720575940614587990,PSp2; left; acetylcholine,True,False
720575940605041330,PSp2; left; acetylcholine,True,False
720575940605041330,PSp2; left; acetylcholine,True,False
720575940618706603,PSp2; left,True,False
720575940618706603,PSp2; left,True,False
720575940627241321,PSp2; left; serotonin,True,False
720575940627241321,PSp2; left; serotonin,True,False
720575940613731270,PSp2; left; acetylcholine,True,False
720575940613731270,PSp2; left; acetylcholine,True,False
720575940632989291,PSp2; left,True,False
720575940632989291,PSp2; left,True,False
720575940623992300,PSp2; left,True,False
720575940623992300,PSp2; left,True,False
720575940611102437,PSp2; left; acetylcholine,True,False
720575940611102437,PSp2; left; acetylcholine,True,False
720575940613200706,PSp2; left; acetylcholine,True,False
720575940613200706,PSp2; left; acetylcholine,True,False
720575940629170250,PSp3_dorsal; left; acetylcholine,True,False
720575940609719250,SMPpv1; left; glutamate,True,False
720575940603980256,SMPpv1; left; acetylcholine,True,False
720575940603980256,SMPpv1; left; acetylcholine,True,False
720575940621196037,SMPpv1; left; acetylcholine,True,False
720575940621196037,SMPpv1; left; acetylcholine,True,False
720575940632512156,SMPpv1; left,True,False
720575940632512156,SMPpv1; left,True,False
720575940614363619,SMPpv1; left,True,False
720575940614363619,SMPpv1; left,True,False
720575940614185366,SMPpv1; left; acetylcholine,True,False
720575940614185366,SMPpv1; left; acetylcholine,True,False
720575940646173748,SMPpv1; left; acetylcholine,True,False
720575940646173748,SMPpv1; left; acetylcholine,True,False
720575940642312136,SMPpv1; left,True,False
720575940642312136,SMPpv1; left,True,False
720575940610715346,SMPpv1; left; acetylcholine,True,False
720575940610715346,SMPpv1; left; acetylcholine,True,False
720575940609719250,SMPpv1; left; glutamate,True,False
720575940612488341,SMPpv2; left,True,False
720575940617448331,SMPpv1; left,True,False
720575940617448331,SMPpv1; left,True,False
720575940629846722,SMPpv2; left,True,False
720575940629846722,SMPpv2; left,True,False
720575940630221509,SMPpv2; left,True,False
720575940630221509,SMPpv2; left,True,False
720575940617952034,SMPpv2; left; acetylcholine,True,False
720575940617952034,SMPpv2; left; acetylcholine,True,False
720575940612488341,SMPpv2; left,True,False
720575940648654468,SMPpv2; left,True,False
720575940648654468,SMPpv2; left,True,False
720575940639428174,SMPpv2; left,True,False
720575940639428174,SMPpv2; left,True,False
720575940618936710,SMPpv2; left,True,False
720575940618936710,SMPpv2; left,True,False
720575940635549620,new_clone_4; left,True,False
720575940635549620,new_clone_4; left,True,False
720575940639242303,new_clone_4; left; acetylcholine,True,False
720575940639242303,new_clone_4; left; acetylcholine,True,False
720575940623582867,new_clone_4; left; acetylcholine,True,False
720575940623582867,new_clone_4; left; acetylcholine,True,False
720575940637618142,new_clone_4; left; acetylcholine,True,False
720575940621031006,new_clone_4; left,True,False
720575940621031006,new_clone_4; left,True,False
720575940625345511,new_clone_4; left,True,False
720575940625345511,new_clone_4; left,True,False
720575940637618142,new_clone_4; left; acetylcholine,True,False
720575940616604817,LAL201,False,False
720575940620918789,DNa03,False,False
720575940630085583,DNa03,False,False
720575940614403178,DNaVES007,False,False
720575940609097429,DNaVES007,False,False
720575940630607738,DNaVES009,False,False
720575940615043222,DNaVES009,False,False
720575940616286175,DNaLAL041,False,False
720575940613408552,DNaLAL041,False,False
720575940637607646,DNaLAL041,False,False
720575940625502666,DNaLAL041,False,False
720575940640325429,DNaPS039,False,False
720575940624986919,DNaPS039,False,False
720575940623019544,DNaVES008,False,False
720575940611735514,DNaVES008,False,False
720575940621157645,DNpCL325,False,False
720575940617140597,DNpCL325,False,False
720575940635872101,DNp09,False,False
720575940627652358,DNp09,False,False
720575940619432261,DNp26,False,False
720575940627732361,DNp26,False,False
720575940646814340,DNpPS195,False,False
720575940629170250,DNpPS195,False,False
720575940624537284,DNgS,False,False
720575940626889491,DNgS,False,False
720575940612603289,DNgT,False,False
720575940614730914,DNgT,False,False
720575940634207087,DNgU,False,False
720575940626877639,DNgU,False,False
720575940627285267,DNgV,False,False
720575940645045527,DNgV,False,False
720575940628441862,DNgW,False,False
720575940638989894,DNgW,False,False
720575940633529548,DNgX,False,False
720575940622500172,DNgX,False,False
720575940632043576,DNgY,False,False
720575940627015196,DNgY,False,False
720575940631168057,DNgZ,False,False
720575940635166571,DNgZ,False,False
720575940625718053,DNbLAL107,False,False
720575940623110123,DNbLAL107,False,False
720575940629064186,DNbLAL106,False,False
720575940621392086,DNbLAL106,False,False
720575940633011256,LAL201,False,False
720575940629490476,"aSP22, fru+ descending neuron involved in courtship sequence (McKellar et al. 2019, Curr Biol)",False,False
720575940631520312,"aSP22, sexually dimorphic fru+ descending neuron involved in courtship sequence (McKellar et al. 2019, Curr Biol)",False,False
720575940619038493,not a neuron,False,False
720575940631282194,"OA-VPM2; Busch et al., 2009",False,False
720575940639242303,not a neuron,False,False
720575940620038779,not a neuron,False,False
720575940620543025,not a neuron,False,False
720575940620038779,not a neuron,False,False
720575940620153765,"DNp10_R ,descending neuron of the posterior brain, DNp10, FBbt_00047643",False,True
720575940639242303,not a neuron,False,False
720575940627732361,"DNp26_L, descending neuron of the posterior brain, DNp26, FBbt_00047659",True,False
720575940627645514,"DNp03_R, descending neuron of the posterior brain, DNp03, FBbt_00047636",False,True
720575940617034565,"putative DNp07_R, descending neuron of the posterior brain, DNp07, FBbt_00047640",False,True
720575940620918789,DNa03 (Namiki 2018),False,False
720575940615607207,"putative SIFamide, putative SIFa",False,False
720575940632991815,"putative SIFa, putative SIFamide",False,False
720575940618203707,"putative SIFa, putative SIFamide",False,False
720575940625733351,"putative SIFa, putative SIFamide",False,False
720575940628885160,not a neuron,False,False
720575940611939290,12A_DN_X_20,False,False
720575940660220289,unclassified_IN_FW_39,False,False
720575940620929483,unclassified_IN_FW_42,False,False
720575940641833869,unclassified_IN_FW_64,False,False
720575940631643532,unclassified_IN_FW_84_left,True,False
720575940615323298,unclassified_IN_FW_106,False,False
720575940607384242,unclassified_IN_FW_122,False,False
720575940622237466,unclassified_IN_FW_123,False,False
720575940612488341,unclassified_IN_FW_124,False,False
720575940626729295,unclassified_IN_FW_204,False,False
720575940624651189,unclassified_IN_FW_231,False,False
720575940618666142,unclassified_IN_FW_282,False,False
720575940622878719,unclassified_IN_FW_315_left,True,False
720575940617373268,unclassified_IN_FW_392_left,True,False
720575940620473547,unclassified_IN_FW_395,False,False
720575940622147873,unclassified_IN_FW_460,False,False
720575940648188548,unclassified_IN_FW_561_left,True,False
720575940613816062,GF input neuron 4262610 JSP - unclassified type 40,False,False
720575940605162924,up_DN1_IN_5_left,True,False
720575940619077755,unclassified_IN_FW_37_left,True,False
720575940627629598,descending_FW_1,False,False
720575940647031860,descending_FW_2,False,False
720575940607170178,descending_left_FW_1,True,False
720575940630695798,descending_FW_3,False,False
720575940608716809,descending_FW_4_left,True,False
720575940628030440,descending_FW_5_left,True,False
720575940622537477,descending_FW_6,False,False
720575940629792060,descending_FW_7,False,False
720575940627482114,descending_FW_9,False,False
720575940634915691,descending_FW_10_left,True,False
720575940628125715,descending_FW_11,False,False
720575940644467360,descending_FW_4,False,False
720575940614736034,descending_FW_12_left,True,False
720575940623706405,descending_FW_13,False,False
720575940620543025,descending_FW_14,False,False
720575940644751652,descending_FW_14_left,True,False
720575940620169607,descending_FW_15_left,True,False
720575940622067165,descending_FW_15,False,False
720575940618291520,descending_FW_3_left,True,False
720575940624333802,descending_FW_16_left,True,False
720575940632960813,descending_FW_17,False,False
720575940621923837,descending_FW_18,False,False
720575940639428174,descending_FW_19_left,True,False
720575940628225167,descending_FW_20_left,True,False
720575940634782359,descending_FW_21_left,True,False
720575940613307033,descending_FW_23,False,False
720575940619945931,descending_FW_25_left,True,False
720575940629412170,descending_FW_26,False,False
720575940632903737,descending_FW_27_left,True,False
720575940635212139,descending_FW_28_left,True,False
720575940633996883,descending_FW_29,False,False
720575940632486969,descending_FW_30,False,False
720575940610173048,descending_FW_31_left,True,False
720575940629543409,descending_FW_32,False,False
720575940627828552,descending_FW_34,False,False
720575940622843530,descending_FW_35,False,False
720575940631632012,descending_FW_36,False,False
720575940613339875,descending_FW_37,False,False
720575940620354836,descending_FW_42_left,True,False
720575940643347616,descending_FW_44,False,False
720575940637612974,descending_FW_45,False,False
720575940630808827,descending_FW_46_left,True,False
720575940622195625,descending_FW_47_left,True,False
720575940618574749,descending_FW_48,False,False
720575940615378399,descending_FW_49_left,True,False
720575940627825923,descending_FW_50,False,False
720575940629428215,descending_FW_53,False,False
720575940627107721,descending_FW_54_left,True,False
720575940617031385,descending_FW_55_left,True,False
720575940619024542,descending_FW_56,False,False
720575940628352850,descending_FW_57,False,False
720575940619654053,descending_FW_58,False,False
720575940626816062,descending_FW_60,False,False
720575940615505406,descending_FW_61_left,True,False
720575940626799920,descending_FW_62_left,True,False
720575940634458719,descending_FW_63,False,False
720575940618663838,descending_FW_64,False,False
720575940604783136,descending_FW_65,False,False
720575940631982952,descending_FW_66,False,False
720575940637870510,descending_FW_67,False,False
720575940629438508,descending_FW_68_left,True,False
720575940622633716,descending_FW_69,False,False
720575940630059087,descending_FW_71,False,False
720575940645352814,descending_FW_72,False,False
720575940652104694,descending_FW_73_left,True,False
720575940638664355,descending_FW_74,False,False
720575940612036837,descending_FW_75,False,False
720575940623637226,descending_FW_76,False,False
720575940627015196,Cervical Nerve Neuron 1214051 SI,False,False
720575940610604078,descending_FW_76_left,True,False
720575940628971779,descending_FW_77,False,False
720575940616376287,descending_FW_78,False,False
720575940639118926,neuron 3131236,False,False
720575940628252751,descending_FW_79,False,False
720575940631889965,descending_FW_80,False,False
720575940619038366,descending_FW_81_left,True,False
720575940614909506,descending_FW_84_left,True,False
720575940636656632,descending_FW_85,False,False
720575940650282742,descending_FW_86,False,False
720575940629486075,descending_FW_87,False,False
720575940628844712,descending_FW_88_left,True,False
720575940615692690,descending_FW_89,False,False
720575940620298772,descending_FW_90,False,False
720575940640316238,descending_FW_91,False,False
720575940622161366,descending_FW_92_left,True,False
720575940625863728,descending_FW_93_left,True,False
720575940605714878,descending_FW_94,False,False
720575940617399257,descending_FW_95,False,False
720575940615030568,descending_FW_96_left,True,False
720575940631508598,descending_FW_97_left,True,False
720575940623128269,descending_FW_98_left,True,False
720575940623355114,descending_FW_99_left,True,False
720575940616597334,descending_FW_101,False,False
720575940611813842,descending_FW_102,False,False
720575940620582260,descending_FW_103,False,False
720575940626672058,descending_FW_104_left,True,False
720575940634825879,descending_FW_105_left,True,False
720575940611756723,descending_FW_106_left,True,False
720575940622594186,descending_FW_107_left,True,False
720575940620711334,descending_FW_108_left,True,False
720575940646443316,descending_FW_109,False,False
720575940609376707,descending_FW_110_left,True,False
720575940606425033,descending_FW_111_left,True,False
720575940629736720,descending_FW_112_left,True,False
720575940645537902,up_DN1_descending_11_right,False,True
720575940619877396,descending_FW_113_left,True,False
720575940624986300,descending_FW_114_left,True,False
720575940610231509,descending_FW_115,False,False
720575940647228468,descending_FW_116_left,True,False
720575940632422219,descending_FW_117,False,False
720575940627847752,descending_FW_118,False,False
720575940615898730,descending_FW_119_left,True,False
720575940611308181,descending_FW_120,False,False
720575940629521655,descending_FW_121,False,False
720575940660269185,descending_FW_122,False,False
720575940623132621,descending_FW_124,False,False
720575940615043222,descending_FW_125_left,True,False
720575940627234069,descending_FW_126_left,True,False
720575940609407939,descending_FW_127_left,True,False
720575940627285267,descending_FW_128_left,True,False
720575940613347299,descending_FW_129_left,True,False
720575940623918121,descending_FW_130,False,False
720575940627827697,descending_FW_131_left,True,False
720575940639425112,descending_FW_132_left,True,False
720575940623385894,descending_FW_133_left,True,False
720575940626557442,descending_FW_134_left,True,False
720575940644653348,descending_FW_135_left,True,False
720575940626328707,descending_FW_136_left,True,False
720575940631629160,descending_FW_137_left,True,False
720575940627403578,descending_FW_138,False,False
720575940622027222,descending_FW_139_left,True,False
720575940620297819,descending_FW_140,False,False
720575940617950877,descending_FW_142_left,True,False
720575940625747812,descending_FW_143_left,True,False
720575940608735241,descending_FW_144_left,True,False
720575940637603038,descending_FW_148_left,True,False
720575940629805950,descending_FW_48_left,True,False
720575940621313414,descending_FW_152,False,False
720575940625890888,descending_FW_153,False,False
720575940623137212,descending_FW_154,False,False
720575940630607738,descending_FW_156,False,False
720575940627167516,descending_FW_157_left,True,False
720575940624750480,descending_FW_161,False,False
720575940608188427,descending_FW_162,False,False
720575940633228172,descending_FW_164,False,False
720575940630403031,descending_FW_166,False,False
720575940618514043,descending_FW_167,False,False
720575940632412333,descending_FW_168_left,True,False
720575940654094241,descending_FW_169,False,False
720575940647560500,descending_FW_175,False,False
720575940648180868,descending_FW_176_left,True,False
720575940611531986,descending_FW_177,False,False
720575940630054735,descending_FW_179,False,False
720575940619530187,descending_FW_185_left,True,False
720575940629240263,descending_FW_187_left,True,False
720575940623164685,descending_FW_188,False,False
720575940620541099,descending_FW_189,False,False
720575940624537284,descending_FW_190,False,False
720575940640723315,descending_FW_196_left,True,False
720575940625870640,SH-DNbw_1,False,False
720575940632722771,descending_FW_201,False,False
720575940607451081,descending_FW_202,False,False
720575940622579967,descending_FW_203,False,False
720575940630810486,up_DN1_descending_1_right,False,True
720575940623338281,up_DN1_descending_1_left,True,False
720575940640747352,up_DN1_descending_2_right,False,True
720575940627750216,up_DN1_descending_5_right,False,True
720575940629012227,up_DN1_descending_6_left,True,False
720575940627044885,up_DN1_descending_7_left,True,False
720575940634750871,up_DN1_descending_8_right,False,True
720575940628669545,up_DN1_descending_9_left,True,False
720575940625006776,up_DN1_descending_10_left,True,False
720575940645556334,up_DN1_descending_6_right,False,True
720575940611939290,12A_DN_X_20,False,False
720575940621554112,up_DN1_descending_5_left,True,False
720575940613838289,up_DN1_descending_12_left,True,False
720575940644666660,up_DN1_descending_13_left,True,False
720575940637648485,SCS_unclassified_4_descending_right,False,True
720575940639314229,up_DN1_descending_7_right,False,True
720575940639634304,up_DN2_descending_1_left,True,False
720575940630480348,up_DN2_descending_2_left,True,False
720575940628360723,up_DN2_descending_3_right,False,True
720575940615666655,up_DN2_descending_1_right,False,True
720575940633529548,up_DN2_descending_4_right,False,True
720575940626092302,up_DN1_descending_9_right,False,True
720575940624394498,12A_DN_right_X_20,False,True
720575940624394498,12A_DN_right_X_20,False,True
720575940630221563,12A_DN_right_X_22,False,True
720575940630221563,12A_DN_right_X_22,False,True
720575940619133878,12A_DN_right_X_23,False,True
720575940619133878,12A_DN_right_X_23,False,True
720575940611700520,12A_DN_right_X_24,False,True
720575940611700520,12A_DN_right_X_24,False,True
720575940632620991,12A_DN_right_X_25,False,True
720575940632620991,12A_DN_right_X_25,False,True
720575940618519454,12A_DN_right_X_26,False,True
720575940618519454,12A_DN_right_X_26,False,True
720575940620135645,12A_DN_right_X_27,False,True
720575940620135645,12A_DN_right_X_27,False,True
720575940644659236,12A_DN_right_X_28,False,True
720575940644659236,12A_DN_right_X_28,False,True
720575940612427670,12A_DN_right_X_29,False,True
720575940612427670,12A_DN_right_X_29,False,True
720575940637501784,12A_DN_right_X_30,False,True
720575940637501784,12A_DN_right_X_30,False,True
720575940625422609,12A_DN_right_X_31,False,True
720575940625422609,12A_DN_right_X_31,False,True
720575940632355885,12A_DN_right_X_32,False,True
720575940632355885,12A_DN_right_X_32,False,True
720575940621181066,12A_DN_right_X_33,False,True
720575940621181066,12A_DN_right_X_33,False,True
720575940625872688,12A_DN_right_X_34,False,True
720575940625872688,12A_DN_right_X_34,False,True
720575940624484796,12A_DN_right_X_36,False,True
720575940624484796,12A_DN_right_X_36,False,True
720575940621767306,12A_DN_right_X_37,False,True
720575940621767306,12A_DN_right_X_37,False,True
720575940625306603,KE-SCS_unclassified_13_descending_left,True,False
720575940608960722,12A_DN_right_X_38,False,True
720575940608960722,12A_DN_right_X_38,False,True
720575940618947956,12A_DN_right_X_39,False,True
720575940618947956,12A_DN_right_X_39,False,True
720575940616353675,12A_DN_right_X_40,False,True
720575940631342073,SCS_unclassified_19_descending,False,False
720575940616353675,12A_DN_right_X_40,False,True
720575940632302151,12A_DN_right_X_41,False,True
720575940632302151,12A_DN_right_X_41,False,True
720575940622332403,12A_DN_right_X_42,False,True
720575940622332403,12A_DN_right_X_42,False,True
720575940633771745,SCS_unclassified_4_descending,False,False
720575940614165201,12A_DN_X_1,False,False
720575940614165201,12A_DN_X_1,False,False
720575940615958203,12A_DN_X_2,False,False
720575940615958203,12A_DN_X_2,False,False
720575940631987364,12A_DN_X_3,False,False
720575940631987364,12A_DN_X_3,False,False
720575940605282406,12A_DN_X_4,False,False
720575940605282406,12A_DN_X_4,False,False
720575940625642302,12A_DN_X_5,False,False
720575940625642302,12A_DN_X_5,False,False
720575940622478349,12A_DN_X_6,False,False
720575940622478349,12A_DN_X_6,False,False
720575940618393478,12A_DN_X_7,False,False
720575940618393478,12A_DN_X_7,False,False
720575940622632084,12A_DN_X_8,False,False
720575940622632084,12A_DN_X_8,False,False
720575940626527055,12A_DN_X_9,False,False
720575940626527055,12A_DN_X_9,False,False
720575940621640885,12A_DN_X_10,False,False
720575940621640885,12A_DN_X_10,False,False
720575940628241628,12A_DN_X_11,False,False
720575940628241628,12A_DN_X_11,False,False
720575940641781133,12A_DN_X_12,False,False
720575940641781133,12A_DN_X_12,False,False
720575940619751872,12A_DN_X_13,False,False
720575940619751872,12A_DN_X_13,False,False
720575940614642838,12A_DN_X_15,False,False
720575940614642838,12A_DN_X_15,False,False
720575940617390641,12A_DN_X_16,False,False
720575940617390641,12A_DN_X_16,False,False
720575940631662648,12A_DN_X_17,False,False
720575940631662648,12A_DN_X_17,False,False
720575940614129617,12A_DN_X_18,False,False
720575940614129617,12A_DN_X_18,False,False
720575940617554577,12A_DN_X_19,False,False
720575940617554577,12A_DN_X_19,False,False
720575940620749807,SPN upstream 7301537 JS,False,False
720575940623503318,DNg 6167116 FML Weimaraner,False,False
720575940640325429,Google: 4233716874 HC (2 neurons),False,False
720575940641278965,Candidate Redhead L neuron 7193206 GSXEJ,False,False
720575940604954289,putative DNp04 neuron 6958819 SMA JSP,False,False
720575940631122191,DNp43 6180225 FML Redhead,False,False
720575940630135084,neuron 11794281 ET,False,False
720575940614730914,LPTC input 999559 ME,False,False
720575940631091407,dng13_input_qv1,False,False
720575940628883535,dng13_input_qv1 left,True,False
720575940617432065,downstream of antennal BN2_1 KE_15,False,False
720575940621319156,downstream of antennal BN2_1 KE_15 right,False,True
720575940621519130,Google: 4229879580 ET,False,False
720575940639705077,GF input neuron 6314464 SMA - unclassified type 40,False,False
720575940627790991,GF input neuron 8103010 JSP - unclassified type 60,False,False
720575940616401467,neuron 5239942 ME,False,False
720575940633293025,neuron 11512038 ET,False,False
720575940616400470,GF input neuron 5198057 JSP - unclassified type 105,False,False
720575940621530117,GF input neuron 5198057 JSP - unclassified type 105 homolog,False,False
720575940627500279,12A_DN_right_X_1,False,True
720575940627500279,12A_DN_right_X_1,False,True
720575940645032068,12A_DN_X_21,False,False
720575940645032068,12A_DN_X_21,False,False
720575940626399588,12A_DN_X_22,False,False
720575940626399588,12A_DN_X_22,False,False
720575940614588778,12A_DN_X_23,False,False
720575940617074393,12A_DN_right_X_2,False,True
720575940614588778,12A_DN_X_23,False,False
720575940611807795,12A_DN_X_24,False,False
720575940617074393,12A_DN_right_X_2,False,True
720575940611807795,12A_DN_X_24,False,False
720575940637530084,12A_DN_X_25,False,False
720575940637530084,12A_DN_X_25,False,False
720575940604930481,12A_DN_right_X_3,False,True
720575940631695841,12A_DN_X_26,False,False
720575940631695841,12A_DN_X_26,False,False
720575940620017261,12A_DN_X_27,False,False
720575940620017261,12A_DN_X_27,False,False
720575940622386824,12A_DN_X_28,False,False
720575940604930481,12A_DN_right_X_3,False,True
720575940622386824,12A_DN_X_28,False,False
720575940617792069,12A_DN_X_29,False,False
720575940612019825,12A_DN_right_X_4,False,True
720575940617792069,12A_DN_X_29,False,False
720575940645032580,12A_DN_X_30,False,False
720575940645032580,12A_DN_X_30,False,False
720575940627417619,12A_DN_X_31,False,False
720575940627417619,12A_DN_X_31,False,False
720575940604727264,12A_DN_X_32,False,False
720575940612019825,12A_DN_right_X_4,False,True
720575940604727264,12A_DN_X_32,False,False
720575940631518582,12A_DN_X_33,False,False
720575940631518582,12A_DN_X_33,False,False
720575940631035603,12A_DN_right_X_5,False,True
720575940624106388,12A_DN_X_35,False,False
720575940624106388,12A_DN_X_35,False,False
720575940631108559,12A_DN_X_36,False,False
720575940631108559,12A_DN_X_36,False,False
720575940638810677,12A_DN_X_37,False,False
720575940631035603,12A_DN_right_X_5,False,True
720575940638810677,12A_DN_X_37,False,False
720575940625253649,12A_DN_X_38,False,False
720575940625253649,12A_DN_X_38,False,False
720575940620149836,12A_DN_X_39,False,False
720575940620149836,12A_DN_X_39,False,False
720575940627595772,12A_DN_X_40,False,False
720575940628445169,12A_DN_right_X_6,False,True
720575940627595772,12A_DN_X_40,False,False
720575940626834698,12A_DN_X_41,False,False
720575940626834698,12A_DN_X_41,False,False
720575940616185531,antennal DN1_left,True,False
720575940616185531,antennal DN1_left,True,False
720575940624319124,antennal DN1 right,False,True
720575940624319124,antennal DN1 right,False,True
720575940629806974,putative aDN 2,False,False
720575940629806974,putative aDN 2,False,False
720575940636308075,putative aDN 2 right,False,True
720575940636308075,putative aDN 2 right,False,True
720575940612376805,putative DN3 right,False,True
720575940612376805,putative DN3 right,False,True
720575940628445169,12A_DN_right_X_6,False,True
720575940634198926,12A_DN_right_X_7,False,True
720575940634198926,12A_DN_right_X_7,False,True
720575940612427414,12A_DN_right_X_8,False,True
720575940612427414,12A_DN_right_X_8,False,True
720575940615623051,12A_DN_right_X_9,False,True
720575940615623051,12A_DN_right_X_9,False,True
720575940627814522,12A_DN_right_X_11,False,True
720575940627814522,12A_DN_right_X_11,False,True
720575940632698541,12A_DN_right_X_12,False,True
720575940632698541,12A_DN_right_X_12,False,True
720575940619524852,12A_DN_right_X_13,False,True
720575940619524852,12A_DN_right_X_13,False,True
720575940628378440,12A_DN_right_X_14,False,True
720575940628378440,12A_DN_right_X_14,False,True
720575940618762605,12A_DN_right_X_15,False,True
720575940618762605,12A_DN_right_X_15,False,True
720575940618147520,12A_DN_right_X_16,False,True
720575940618147520,12A_DN_right_X_16,False,True
720575940626849546,12A_DN_right_X_17,False,True
720575940626849546,12A_DN_right_X_17,False,True
720575940617993607,12A_DN_right_X_18,False,True
720575940617993607,12A_DN_right_X_18,False,True
720575940642926702,12A_DN_right_X_19,False,True
720575940642926702,12A_DN_right_X_19,False,True
720575940640325429,Resembles DNa06_L (Namiki et al 2018),True,False
720575940635872101,DNp09 as in PNS2 driver Bidaye et al 2020,False,False
720575940627652358,"DNp09; DNp09 from Namiki et al 2018, functional characterization and specific split-Gal4 P9S2 created in Bidaye et al 2020, Neuron",False,False
720575940640325429,DNa06_R (Namiki et al 2018),False,True
720575940624986919,DNa06_R (Namiki et al 2018),False,True
720575940604737708,DNa02_L (Namiki et al 2018),True,False
720575940623019544,DNa01_L (Namiki et al 2018),True,False
720575940611735514,DNa01_R (Namiki et al 2018),False,True
720575940624986919,Resembles DNa06_R (Namiki et al 2018),False,True
720575940621065301,MooDNg; major post-synaptic partner of moonwalker neurons (MDNs),False,False
720575940633011256,"MDN-L1; Morphologically very similar to MDN but lateral cell bodies, also interconnected to MDNs	",False,False
720575940623355114,MooDNg; major postsynaptic partner of moonwalker neurons (MDNs),False,False
720575940645045527,"Bract1 (Sterne et al., 10.7554/eLife.71679; Shiu, Sterne et al., 2022; https://doi.org/10.1101/2022.03.06.483180); Gustatory circuit neuron",False,False
720575940610001220,"Bract2 (Sterne et al., 10.7554/eLife.71679; Shiu, Sterne et al., 2022 https://doi.org/10.1101/2022.03.06.483180)",False,False
720575940612648106,"Fudog (Sterne et al., 10.7554/eLife.71679; Shiu, Sterne et al., 2022; https://doi.org/10.1101/2022.03.06.483180)",False,False
720575940627847752,"Premotor neuron Rounddown (Shiu, Sterne et al., 2022; https://doi.org/10.1101/2022.03.06.483180)",False,False
720575940622550089,"putative DNp07_L, descending neuron of the posterior brain, DNp07, FBbt_00047640",True,False
720575940618398533,DNp54,False,False
720575940630346860,DNp54,False,False
720575940626557442,"Bract (Sterne et al., 10.7554/eLife.71679; Shiu, Sterne et al., 2022; https://doi.org/10.1101/2022.03.06.483180); Gustatory circuit neuron",False,False
720575940647228468,BPN-SEZDN2; major BPN output DN.,False,False
720575940627285267,"Bract (Sterne et al., 10.7554/eLife.71679; Shiu, Sterne et al., 2022; https://doi.org/10.1101/2022.03.06.483180); Gustatory circuit neuron",False,False
720575940624402173,SMP454,False,False
720575940631168057,Bluebell- SEZ stop neuron (Sterne et. al 2021),False,False
720575940650929273,DNp32 Taisz ... Galili 2022 doi:10.1101/2022.05.13.491877,False,False
720575940635166571,"Bluebell -SEZ stop neuron (Sterne et. al., 2021)",False,False
720575940620543025,"OA-VPM1; Busch et al., 2009",False,False
720575940628731140,DNp27,False,False
720575940622681864,Descending,False,False
720575940635549620,NPF-P1,False,False
720575940622675421,NPF-P1,False,False
720575940622675421,DNp_29,False,False
720575940618203707,SIFa neuron,False,False
720575940615607207,SIFa neuron,False,False
720575940625733351,SIFa neuron,False,False
720575940632991815,SIFa neuron,False,False
720575940632877869,"Fudog (Sterne et al., 10.7554/eLife.71679; Shiu, Sterne et al., 2022; https://doi.org/10.1101/2022.03.06.483180)",False,False
720575940635549620,putative NPF neuron,False,False
720575940622675421,putative NPF neuron,False,False
720575940631110095,"Gumdrop; See Sterne et al., 2021; https://doi.org/10.7554/eLife.71679; See https://splitgal4.janelia.org/cgi-bin/view_splitgal4_imagery.cgi?line=SS46373#",False,False
720575940646753412,DNb02: output of DNp09,False,False
720575940616936226,DNb02: output of DNp09,False,False
720575940622540899,DNb02: output of DNp09,False,False
720575940633095137,P9-twin: morphology similar to DNp09 (P9: Bidaye et al 2020),False,False
720575940624991495,"Mute; See Sterne et al., 2021; https://doi.org/10.7554/eLife.71679
See also:
https://splitgal4.janelia.org/cgi-bin/view_splitgal4_imagery.cgi?line=SS42606#",False,False
720575940630119532,"Mute; See Sterne et al., 2021; https://doi.org/10.7554/eLife.71679
See also:
https://splitgal4.janelia.org/cgi-bin/view_splitgal4_imagery.cgi?line=SS42606#",False,False
720575940606112940,DNg13,False,False
720575940616471052,DNg13,False,False
720575940628731140,Allatostatin-C neuron,False,False
720575940633228103,putative DSK-MP1a neuron,False,False
720575940620156283,putative DSK-MP1A neuron,False,False
720575940617904208,putative DSK-MP1B neuron,False,False
720575940635640312,putative DSK-MP1B neuron,False,False
720575940613019541,"Oval; See Sterne et al., 2021; https://doi.org/10.7554/eLife.71679;  See https://splitgal4.janelia.org/cgi-bin/view_splitgal4_imagery.cgi?line=SS39916#",False,False
720575940644758308,"Possible Mothership; See Sterne et al., 2021; https://doi.org/10.7554/eLife.71679; See https://splitgal4.janelia.org/cgi-bin/view_splitgal4_imagery.cgi?line=SS38535#",False,False
720575940626085562,"Oval; See Sterne et al., 2021; https://doi.org/10.7554/eLife.71679;  See https://splitgal4.janelia.org/cgi-bin/view_splitgal4_imagery.cgi?line=SS39916#",False,False
720575940612206810,"Possible Handup; See Sterne et al., 2021; https://doi.org/10.7554/eLife.71679; See https://splitgal4.janelia.org/cgi-bin/view_splitgal4_imagery.cgi?line=SS47287#",False,False
720575940627419676,"Possible Handup; See Sterne et al., 2021; https://doi.org/10.7554/eLife.71679; See https://splitgal4.janelia.org/cgi-bin/view_splitgal4_imagery.cgi?line=SS47287#",False,False
720575940630697078,"Gumdrop; See Sterne et al., 2021; https://doi.org/10.7554/eLife.71679; See https://splitgal4.janelia.org/cgi-bin/view_splitgal4_imagery.cgi?line=SS46373#",False,False
720575940620714150,"Possible Mothership; See Sterne et al., 2021; https://doi.org/10.7554/eLife.71679; See https://splitgal4.janelia.org/cgi-bin/view_splitgal4_imagery.cgi?line=SS38535#",False,False
720575940636656632,"Web; See Sterne et al., 2021; https://doi.org/10.7554/eLife.71679; see https://splitgal4.janelia.org/cgi-bin/view_splitgal4_imagery.cgi?line=SS41434#",False,False
720575940633529548,"Web; See Sterne et al., 2021; https://doi.org/10.7554/eLife.71679; see https://splitgal4.janelia.org/cgi-bin/view_splitgal4_imagery.cgi?line=SS41434#",False,False
720575940622500172,"Web; See Sterne et al., 2021; https://doi.org/10.7554/eLife.71679; see https://splitgal4.janelia.org/cgi-bin/view_splitgal4_imagery.cgi?line=SS41434#",False,False
720575940620156283,Putative sulfakinin producing neuron MP1a,False,False
720575940614235323,"Asteroid; See Sterne et al., 2021; https://doi.org/10.7554/eLife.71679; See https://splitgal4.janelia.org/cgi-bin/view_splitgal4_imagery.cgi?line=SS35281#",False,False
720575940629413962,Allatostatin-C neuron,False,False
720575940633228103,Putative sulfakinin producing neuron MP1b,False,False
720575940617904208,Putative sulfakinin producing neuron MP1b,False,False
720575940647586948,BPN output (Bidaye et al 2020),False,False
720575940635640312,Putative sulfakinin producing neuron MP1b,False,False
720575940631333195,BPN output (Bidaye et al 2020),False,False
720575940611813842,BPN output (Bidaye et al 2020),False,False
720575940619038493,BPN output (Bidaye et al 2020),False,False
720575940615378700,BPN output (Bidaye et al 2020),False,False
720575940626179614,"Genie; See Sterne et al., 2021; https://doi.org/10.7554/eLife.71679; See https://splitgal4.janelia.org/cgi-bin/view_splitgal4_imagery.cgi?line=SS30373#",False,False
720575940627087646,"Web; See Sterne et al., 2021; https://doi.org/10.7554/eLife.71679; see https://splitgal4.janelia.org/cgi-bin/view_splitgal4_imagery.cgi?line=SS41434#",False,False
720575940636029807,"Genie; See Sterne et al., 2021; https://doi.org/10.7554/eLife.71679; See https://splitgal4.janelia.org/cgi-bin/view_splitgal4_imagery.cgi?line=SS30373#",False,False
720575940609589443,"Knees; See Sterne et al., 2021; https://doi.org/10.7554/eLife.71679; See https://splitgal4.janelia.org/cgi-bin/view_splitgal4_imagery.cgi?line=SS42927#",False,False
720575940615323298,"Genie; See Sterne et al., 2021; https://doi.org/10.7554/eLife.71679; See https://splitgal4.janelia.org/cgi-bin/view_splitgal4_imagery.cgi?line=SS30373#",False,False
720575940627731176,"Knees; See Sterne et al., 2021; https://doi.org/10.7554/eLife.71679; See https://splitgal4.janelia.org/cgi-bin/view_splitgal4_imagery.cgi?line=SS42927#",False,False
720575940625870640,"Nagini; See Sterne et al., 2021; https://doi.org/10.7554/eLife.71679; See https://splitgal4.janelia.org/cgi-bin/view_splitgal4_imagery.cgi?line=SS47322#",False,False
720575940627825923,"Nagini; See Sterne et al., 2021; https://doi.org/10.7554/eLife.71679; See https://splitgal4.janelia.org/cgi-bin/view_splitgal4_imagery.cgi?line=SS47322#",False,False
720575940624897516,"Web; See Sterne et al., 2021; https://doi.org/10.7554/eLife.71679; see https://splitgal4.janelia.org/cgi-bin/view_splitgal4_imagery.cgi?line=SS41434#",False,False
720575940627366675,"Genie; See Sterne et al., 2021; https://doi.org/10.7554/eLife.71679; See https://splitgal4.janelia.org/cgi-bin/view_splitgal4_imagery.cgi?line=SS30373#",False,False
720575940631643532,"Snake; See Sterne et al., 2021; https://doi.org/10.7554/eLife.71679; See https://splitgal4.janelia.org/cgi-bin/view_splitgal4_imagery.cgi?line=SS31708#",False,False
720575940634163682,DNb03 (Part of comprehensive LPTC synaptic partner tracing by Chiappe Lab. Named in Namiki et al. 2018),False,False
720575940625815562,"Snake; See Sterne et al., 2021; https://doi.org/10.7554/eLife.71679; See https://splitgal4.janelia.org/cgi-bin/view_splitgal4_imagery.cgi?line=SS31708#",False,False
720575940629327659,DNa02 (Part of comprehensive LPTC synaptic partner tracing by Chiappe Lab. Named in Namiki et al. 2018. FAFB neuron already described in Rayshubskiy et al. 2020),False,False
720575940614730914,DNgX (Part of comprehensive LPTC synaptic partner tracing by Chiappe Lab. DNg nomenclature from Namiki et al. 2018) ,False,False
720575940616293855,DNp15 (Part of comprehensive LPTC synaptic partner tracing by Chiappe Lab. Named in Namiki et al. 2018),False,False
720575940620776880,DNb03 (Part of comprehensive LPTC synaptic partner tracing by Chiappe Lab. Named in Namiki et al. 2018),False,False
720575940650929273,"DMS, Dromyosuppressin, Drosophila myosuppressin (Nichols et al., Ann NY Acad Sci 1997; Carlsson et al., J Comp Neurol 2010)",False,False
720575940630610042,"DNp32_L, DMS, Dromyosuppressin, Drosophila myosuppressin (Nichols et al., Ann NY Acad Sci 1997; Carlsson et al., J Comp Neurol 2010)",True,False
720575940623431351,DNp15 (Part of comprehensive LPTC synaptic partner tracing by Chiappe Lab. Named in Namiki et al. 2018),False,False
720575940637308605,DNb06 (Part of comprehensive LPTC synaptic partner tracing by Chiappe Lab. Named in Namiki et al. 2018),False,False
720575940636329579,DNg41 (Part of comprehensive LPTC synaptic partner tracing by Chiappe Lab. Named in Namiki et al. 2018),False,False
720575940644166048,"DNOVS1, DNp20 (Part of comprehensive LPTC synaptic partner tracing by Chiappe Lab. DNp20 naming from Namiki et al. 2018, DNOVS1 from Strausfeld and Bassemir 1985)",False,False
720575940628731140,Trissin neuron,False,False
720575940622010373,major BPN output (BDN3),False,False
720575940623068841,"DNa_L; Part of comprehensive neck connective tracing, contact Connectomics Group Cambridge for more detailed information on descending/ascending neurons",True,False
720575940614730914,P9-cDN1; This unpublished SEZ-DN receives major input from DNp09,False,False
720575940609407939,"Premotor neuron Rounddown (Shiu, Sterne et al., 2022; https://doi.org/10.1101/2022.03.06.483180)",False,False
720575940612603289,P9-cDN1; This unpublished SEZ-DN receives major input from DNp09,False,False
720575940640978048,BDN2; major BPN output DN,False,False
720575940611813842,BDN4,False,False
720575940630135084,BDN1; major BPN output DN,False,False
720575940638204132,BDN1; major BPN output DN,False,False
720575940647586948,BDN4,False,False
720575940641480949,DNg16,False,False
720575940647228468,BDN2; major BPN output DN,False,False
720575940645047831,DNg16,False,False
